V1 V2 V3 V4 V5 V6 V7 V8 V9 V10 V11 V12 V13 V14 V15 V16 V17 V18 V19 V20 V21 V22 V23 V24 V25 V26 V27 V28 V29 V30 V31 V32 V33 V34 V35 V36 V37 V38 V39 V40 V41 V42 V43 V44 V45 V46 V47 V48 V49 V50 V51 V52 V53 V54 V55 V56 V57 V58 V59 V60 V61 V62 V63 V64 V65 V66 V67 V68 V69 V70 V71 V72 V73 V74 V75 V76 V77 V78 V79 V80 V81 V82 V83 V84 V85 V86 V87 V88 V89 V90 V91 V92 V93 V94 V95 V96 V97 V98 V99 V100 V101 V102 V103 V104 V105 V106 V107 V108 V109 V110 V111 V112 V113 V114 V115 V116 V117 V118 V119 V120 V121 V122 V123 V124 V125 V126 V127 V128 V129 V130 V131 V132 V133 V134 V135 V136 V137 V138 V139 V140 V141 V142 V143 V144 V145 V146 V147 V148 V149 V150 V151 V152 V153 V154 V155 V156 V157 V158 V159 V160 V161 V162 V163 V164 V165 V166 V167 V168 V169 V170 V171 V172 V173 V174 V175 V176 V177 V178 V179 V180 V181 V182 V183 V184 V185 V186 V187 V188 V189 V190 V191 V192 V193 V194 V195 V196 V197 V198 V199 V200 V201 V202 V203 V204 V205 V206 V207 V208 V209 V210 V211 V212 V213 V214 V215 V216 V217 V218 V219 V220 V221 V222 V223 V224 V225 V226 V227 V228 V229 V230 V231 V232 V233 V234 V235 V236 V237 V238 V239 V240 V241 V242 V243 V244 V245
1 2 2 2 2 2 2 2 0 2 2 2 2 2 2 2 2 2 2 0 2 2 2 2 2 2 2 2 2 2 0 2 2 0 2 2 2 2 2 2 2 2 0 2 2 2 2 2 2 2 2 2 2 2 2 2 2 2 2 2 2 2 2 2 2 2 2 2 2 2 2 2 2 2 2 2 0 2 2 2 2 2 2 2 2 2 2 2 2 2 2 2 2 2 2 2 0 2 2 0 2 2 2 2 2 2 0 2 2 2 2 0 2 2 0 2 2 2 2 2 0 2 2 2 2 2 2 2 2 2 2 2 2 2 1 2 2 2 2 2 2 2 2 2 2 2 2 2 2 2 2 2 2 2 2 2 2 2 2 2 2 2 2 2 2 2 2 2 2 2 2 2 2 2 2 2 2 2 2 2 2 2 0 2 2 2 2 2 2 2 2 2 2 2 2 2 2 2 2 2 2 2 2 2 2 2 2 2 2 2 2 2 2 2 2 2 2 2 2 2 2 2 2 2 2 2 2 2 2 2 2 2 2 2 2 2 2 2 2 2 2 2 2 2 2 2
2 0 0 0 0 0 0 0 0 0 0 0 0 0 0 0 0 0 0 0 0 0 0 2 0 0 0 0 0 0 0 0 0 0 0 0 0 0 0 0 0 0 0 0 0 0 0 0 0 0 0 0 0 0 0 2 2 0 0 0 0 0 0 0 0 0 0 0 0 2 0 0 0 2 0 0 0 0 0 0 0 0 0 0 0 0 0 0 2 0 0 0 0 0 0 0 0 0 0 0 0 0 0 0 0 0 0 0 0 0 0 0 0 0 0 0 0 0 0 0 0 0 0 0 0 0 0 0 0 0 0 0 0 0 0 0 0 0 0 0 0 0 0 0 0 2 0 0 0 0 0 0 0 0 0 0 0 0 0 0 0 0 0 0 0 0 0 0 0 0 0 0 0 0 2 0 0 0 0 0 0 0 0 0 0 0 0 0 0 0 0 0 0 2 0 2 0 0 0 0 0 0 0 0 0 0 2 0 2 0 0 0 0 0 2 2 0 0 0 0 0 0 0 0 0 0 0 0 0 0 0 2 0 0 0 0 0 0 0 0 0 0 0 0 0 0
3 0 0 2 0 2 0 0 0 0 0 2 0 2 0 0 0 0 0 0 2 0 2 1 0 0 0 0 2 0 0 0 2 0 2 0 0 0 2 2 2 0 0 2 2 0 2 0 0 2 2 0 0 2 0 1 1 0 2 2 2 0 0 0 2 0 2 2 0 2 2 2 0 0 2 0 0 2 0 0 0 2 1 0 0 0 0 2 2 0 0 0 2 0 0 2 0 0 0 0 2 0 2 0 0 2 0 0 0 0 0 0 0 0 0 2 0 0 0 2 0 0 2 0 2 0 0 0 2 2 0 0 0 0 0 0 0 0 2 0 0 0 0 0 0 2 0 0 2 1 2 0 0 2 0 0 0 0 0 0 0 0 2 2 0 0 0 2 0 0 0 0 0 0 0 0 2 0 0 0 0 0 0 0 0 0 2 0 0 0 0 1 0 2 0 2 0 0 2 2 2 0 0 2 0 0 2 0 0 0 0 2 0 2 2 0 2 2 0 2 0 0 0 0 0 2 0 0 0 0 0 0 0 0 0 0 0 0 0 2 2 0 0 2 2 0
4 0 0 2 2 2 2 0 0 2 0 2 2 2 0 0 0 0 2 0 2 0 0 2 0 0 0 0 0 2 0 2 0 0 2 0 0 0 2 2 2 0 0 2 0 0 2 0 0 2 0 2 0 0 0 2 2 0 2 2 2 2 2 0 0 0 2 2 2 2 0 2 2 0 0 0 0 2 2 0 0 2 1 0 0 0 0 2 2 0 0 0 2 0 0 0 0 0 0 0 2 0 2 0 2 2 0 0 0 0 0 0 0 0 0 2 2 2 0 2 0 0 2 0 0 0 0 2 2 0 0 0 0 0 0 0 0 0 0 0 0 0 0 0 0 2 0 0 0 1 0 0 0 0 0 0 0 2 0 0 0 0 0 2 0 0 0 0 1 0 0 0 0 0 0 0 0 0 0 0 2 0 0 0 0 0 0 0 0 0 0 0 0 2 2 2 0 0 0 0 2 0 0 0 0 0 2 0 2 0 0 0 0 2 2 0 0 0 1 0 0 0 0 2 0 0 0 0 0 0 0 2 0 2 0 0 2 0 2 2 0 2 0 2 0 0
5 2 2 2 2 0 2 2 2 2 2 0 2 0 2 2 2 2 2 2 0 2 2 2 2 2 2 2 2 2 2 2 2 2 0 2 2 2 2 0 2 2 2 0 2 2 2 2 2 2 2 2 2 2 2 2 2 2 2 2 2 2 2 2 2 2 0 2 2 2 2 0 2 2 2 2 2 2 2 2 2 0 1 2 2 2 2 2 2 2 2 2 0 2 2 2 2 2 2 2 2 2 2 2 0 0 2 2 2 2 2 2 2 2 2 2 2 2 2 0 2 2 0 2 2 2 2 2 0 2 2 2 2 2 2 2 2 2 2 2 2 2 2 2 2 2 2 2 2 2 2 2 2 2 2 2 2 2 2 2 2 2 2 0 2 2 2 2 2 2 2 2 2 2 2 2 2 2 2 2 2 2 2 2 2 2 2 2 2 2 2 2 2 2 2 2 2 2 2 2 0 2 2 2 2 2 2 2 2 2 2 2 2 2 2 2 2 2 2 2 2 2 2 2 2 2 2 2 2 2 2 2 2 2 2 2 2 2 2 0 2 2 2 0 2 2
6 0 0 2 2 0 2 2 0 2 0 0 2 0 0 0 2 0 2 0 0 2 0 2 0 0 2 0 0 2 0 2 0 0 0 0 1 0 2 0 2 0 0 0 0 0 2 2 0 2 0 2 0 0 0 2 2 0 2 2 2 2 2 0 0 2 0 2 2 2 0 0 2 0 0 0 0 2 2 0 0 0 0 0 0 0 0 2 2 0 0 0 0 0 1 0 0 0 2 0 2 0 2 0 0 0 0 0 0 2 0 0 0 2 0 2 2 2 0 0 0 0 0 0 0 0 2 2 0 0 0 0 0 0 0 0 0 0 0 0 0 2 0 0 0 2 0 0 0 1 2 0 0 2 0 0 0 2 0 0 0 0 0 0 0 0 0 0 1 0 0 0 0 0 0 0 2 0 0 0 2 2 0 0 0 0 0 0 2 0 0 0 2 2 2 2 0 0 2 0 0 0 0 0 2 0 2 0 2 2 0 0 0 2 2 0 0 0 0 0 0 2 0 2 0 0 0 2 0 0 0 2 2 2 0 0 2 2 2 0 0 2 0 0 0 0
7 2 2 2 2 2 0 2 0 2 2 2 2 2 2 0 0 0 2 2 2 2 2 2 2 2 0 0 2 2 2 2 2 2 2 0 1 2 2 2 2 2 2 0 2 2 2 2 2 2 2 2 2 2 2 2 2 2 2 2 0 2 2 2 2 2 2 2 2 2 2 0 2 2 2 0 2 2 2 2 0 2 2 2 2 2 0 2 2 2 0 0 2 2 1 0 2 2 2 0 2 0 2 2 2 2 0 0 0 0 2 2 2 2 2 2 2 0 2 2 2 2 2 2 2 2 2 0 2 2 0 2 2 0 2 2 0 0 0 2 0 2 0 0 2 2 0 2 0 1 2 2 0 2 0 2 0 2 0 2 2 2 0 2 0 0 0 0 2 2 2 0 0 0 0 0 0 2 0 2 2 0 0 2 0 0 0 2 0 0 2 2 0 2 2 2 0 2 0 0 2 0 0 0 0 2 2 2 2 2 0 0 0 2 2 2 0 0 2 2 2 0 2 2 2 0 2 0 0 2 2 2 0 2 2 0 2 2 2 2 0 0 0 2 0 0
8 2 2 2 2 2 0 2 2 2 2 2 2 2 2 2 0 0 2 2 2 2 2 2 2 2 0 2 2 2 2 2 2 2 2 0 2 2 2 2 2 2 2 0 2 2 2 2 2 2 2 2 2 2 2 2 2 0 2 2 0 2 2 2 2 2 2 2 2 2 2 0 2 2 2 0 2 2 2 2 0 2 2 2 2 2 2 2 2 2 0 0 2 2 1 2 2 2 2 2 2 0 2 2 2 2 0 0 2 0 2 2 2 2 2 2 2 0 2 2 2 2 2 2 2 2 2 0 2 2 0 2 2 2 2 2 0 0 0 2 0 2 0 2 2 2 2 2 2 1 2 2 0 2 0 2 2 2 0 2 2 2 2 2 0 0 2 0 2 2 2 2 2 2 2 2 0 2 0 2 2 0 0 2 2 0 2 2 0 0 2 2 0 2 2 2 2 2 0 2 2 2 2 2 0 2 2 2 2 2 2 0 2 2 2 2 0 2 2 2 2 0 2 2 2 2 2 0 0 2 0 2 0 2 2 2 2 0 2 2 2 0 2 0 0 2
9 2 2 2 2 2 2 2 2 0 2 2 2 2 2 2 2 2 2 2 2 0 2 2 2 2 2 2 2 2 2 0 2 2 2 2 2 2 2 2 0 2 2 0 2 2 2 0 2 2 2 2 0 2 0 2 2 0 2 2 0 2 2 2 2 2 2 2 2 2 2 0 0 0 2 2 2 2 2 2 0 2 2 2 2 2 2 2 2 2 2 2 2 2 2 2 2 2 0 2 2 2 2 2 0 2 2 2 2 0 2 2 2 2 2 2 2 2 2 2 2 2 2 2 2 2 2 2 2 2 2 2 2 2 2 0 2 2 2 2 2 2 2 2 2 2 2 0 2 2 2 2 2 2 2 2 2 2 2 2 2 2 2 2 2 2 2 2 2 2 2 2 2 2 2 2 2 2 2 2 2 2 2 2 2 2 2 2 2 2 2 2 2 2 0 2 2 2 2 2 2 2 2 2 2 0 2 2 2 0 2 0 2 2 2 2 2 2 2 2 2 2 2 2 2 2 2 2 2 2 0 2 2 2 2 2 2 0 2 2 2 2 2 0 2 2
10 2 2 2 2 2 2 2 2 2 2 2 2 2 2 2 0 2 2 2 2 2 2 2 2 2 2 2 2 2 2 2 2 2 2 2 2 2 2 2 2 2 2 2 2 2 2 2 2 2 2 2 2 2 2 2 2 2 2 2 2 2 2 2 2 2 2 2 2 2 2 2 2 2 2 2 2 2 2 2 2 2 1 2 2 2 2 2 2 2 2 0 2 2 2 2 2 2 2 2 2 0 2 2 2 2 0 0 2 2 2 2 2 2 2 2 2 2 2 2 2 2 2 2 2 2 2 2 2 2 2 2 2 2 2 2 0 2 2 2 0 2 0 2 2 2 2 2 2 2 2 2 2 2 0 2 2 2 2 2 2 2 2 2 0 2 2 2 2 2 2 2 2 2 2 2 2 2 0 2 2 2 0 2 2 2 2 2 0 0 2 2 2 2 2 2 2 2 2 2 2 2 2 2 2 2 2 2 2 2 2 2 2 2 2 2 2 2 2 2 2 2 2 2 2 2 2 2 2 2 2 2 0 2 2 2 2 2 2 2 2 2 2 2 2 2
11 2 2 2 2 2 2 2 2 2 2 2 2 2 2 2 0 2 2 2 2 2 2 2 2 2 2 2 2 2 2 2 2 2 2 2 2 2 2 2 2 2 2 2 2 2 2 0 2 2 2 2 2 2 0 2 2 0 2 2 2 0 2 2 2 2 2 2 0 2 2 2 2 2 2 2 2 2 2 2 2 2 1 2 2 2 2 2 2 2 2 0 2 2 2 2 2 2 2 2 2 0 2 2 2 2 0 0 2 2 2 2 2 2 2 0 2 2 2 2 2 2 2 2 2 2 2 2 2 2 2 2 2 2 2 2 0 2 2 2 0 2 0 2 2 2 2 2 2 2 2 2 2 2 0 2 2 2 2 2 2 2 2 2 0 2 2 2 2 2 2 2 2 2 2 2 2 2 0 2 2 2 0 2 2 2 2 2 0 0 2 2 2 2 2 2 2 2 2 2 2 2 2 2 2 2 2 2 2 0 2 2 2 2 2 2 2 2 2 2 2 2 2 0 2 2 2 2 2 2 2 2 0 2 2 2 2 2 2 2 2 2 2 2 2 2
12 2 2 2 2 2 2 2 2 2 2 2 2 2 2 2 2 2 2 0 2 0 2 2 2 2 2 2 2 2 0 2 2 2 2 2 2 2 2 2 2 2 2 2 2 2 2 2 2 2 2 2 0 2 2 2 2 2 2 2 2 2 2 2 2 2 2 2 2 2 2 2 2 2 2 2 0 2 2 2 2 2 2 2 1 2 2 2 2 2 2 2 2 2 2 2 2 2 2 2 2 2 2 2 2 2 2 2 2 2 2 2 2 2 0 2 2 2 2 2 2 2 2 2 2 2 2 2 2 2 2 2 2 2 2 2 2 2 2 2 2 0 2 2 2 2 2 0 2 2 2 2 2 0 2 2 2 0 2 2 2 0 2 2 2 2 2 2 2 2 2 2 2 2 0 2 2 2 2 2 2 2 2 2 2 2 2 2 2 2 2 2 2 2 2 0 2 2 2 2 2 2 2 2 2 2 2 2 0 2 2 2 2 2 2 2 2 2 2 2 2 2 2 2 2 2 2 2 2 2 2 0 2 2 2 2 0 2 2 2 2 2 2 2 2 2
13 2 2 2 2 2 2 2 2 2 2 2 2 2 2 0 2 2 2 2 2 2 2 2 2 2 2 2 2 2 2 2 2 2 2 2 2 2 2 2 2 2 2 2 2 2 2 2 2 2 2 2 2 2 2 2 2 0 2 2 2 2 2 0 2 2 2 2 2 2 2 2 2 2 2 2 2 2 2 2 2 2 2 0 1 0 2 2 2 2 2 2 2 2 1 2 2 2 0 2 2 2 2 2 2 2 2 2 2 0 2 2 2 2 2 2 2 2 2 2 2 2 2 2 2 0 2 2 2 2 2 2 2 0 2 0 2 2 2 2 2 2 2 2 2 2 2 2 2 1 2 0 2 2 2 0 2 2 2 2 2 2 2 2 2 2 2 2 2 2 2 2 2 2 2 2 2 2 2 2 2 2 2 2 2 2 2 2 2 2 2 2 2 2 2 2 2 2 2 2 2 2 2 2 2 0 2 2 2 2 2 2 2 2 2 2 2 2 0 2 2 2 0 2 2 2 0 2 2 2 0 2 2 2 2 2 2 2 2 2 2 2 2 0 2 2
14 0 0 0 0 0 2 0 2 0 0 0 0 0 0 0 2 2 0 0 0 2 0 2 0 2 2 0 0 0 0 2 0 0 0 2 1 0 2 0 2 2 0 2 0 0 0 2 0 0 2 0 0 2 2 2 2 2 2 0 0 0 0 2 2 0 0 2 0 2 0 2 0 2 2 2 0 0 0 0 2 0 0 2 1 0 0 0 2 0 2 0 0 0 1 2 0 2 0 2 0 2 2 0 2 0 2 2 2 2 0 0 0 0 0 0 0 2 0 0 0 2 0 0 0 2 0 0 0 0 2 0 2 0 0 0 0 2 2 0 2 0 2 0 0 2 2 0 0 1 2 2 2 2 2 2 0 2 2 0 2 2 0 0 2 2 0 2 1 0 2 2 0 2 0 2 2 0 2 2 0 0 2 2 0 2 2 0 2 2 2 1 0 2 2 0 0 2 2 2 0 2 2 2 2 0 2 2 2 2 2 2 2 0 2 2 2 2 0 2 0 2 0 0 0 0 0 0 2 0 2 2 2 0 0 2 0 2 0 0 2 2 0 2 2 0
15 2 2 0 2 2 2 2 2 0 2 0 2 2 0 2 0 2 0 2 2 2 2 2 0 2 0 2 2 0 2 2 2 2 2 2 2 2 2 2 2 2 2 2 2 2 0 2 2 0 0 0 2 2 2 2 2 2 2 0 0 2 0 2 2 2 2 2 2 2 2 2 0 2 2 2 2 0 2 2 2 2 2 2 2 2 2 0 2 2 2 2 2 2 2 2 2 2 2 2 0 2 2 2 2 2 2 2 2 2 2 2 2 2 2 2 2 2 2 2 2 2 2 0 2 2 2 2 2 2 0 2 2 2 2 2 2 2 2 2 2 2 2 2 2 2 2 2 2 2 2 2 2 2 2 2 2 2 2 2 2 2 2 2 2 2 2 2 2 2 2 2 2 2 2 2 2 2 2 2 0 2 2 2 2 2 2 2 0 2 2 2 2 2 2 2 2 2 2 2 2 2 2 2 0 2 2 2 2 2 2 2 0 0 2 2 2 2 2 2 2 2 2 2 2 2 2 2 2 2 2 2 0 0 2 0 2 2 0 2 2 2 2 2 2 2
16 2 2 2 2 2 2 0 2 2 2 0 2 2 2 2 2 2 2 2 0 2 2 0 2 2 2 2 2 2 2 2 2 2 2 2 1 2 2 2 2 2 2 2 2 2 2 2 2 2 2 2 2 2 2 0 0 2 2 2 2 2 2 2 2 2 2 2 2 2 0 2 0 2 2 2 2 2 2 2 2 2 1 0 2 2 2 2 2 2 2 2 2 0 1 2 2 2 2 2 2 2 2 2 0 2 2 2 0 2 2 2 2 2 2 2 2 2 2 0 2 2 2 2 2 0 0 2 2 2 2 0 0 2 2 2 2 0 2 2 2 2 2 2 2 2 2 2 2 2 2 2 2 2 2 2 2 2 2 2 2 2 2 2 2 2 2 2 2 2 2 2 2 2 2 2 2 2 2 2 2 2 2 2 2 2 2 0 2 2 2 1 2 2 1 2 2 0 2 2 2 2 2 2 0 2 2 0 2 2 2 2 2 2 2 2 2 2 2 2 2 2 2 2 2 2 0 2 2 2 2 2 2 2 2 2 2 2 2 0 2 2 2 2 2 2
17 2 2 0 2 2 2 2 2 2 2 2 2 2 0 2 2 2 2 2 2 2 0 2 0 2 2 2 0 2 2 0 0 2 2 2 1 2 2 2 0 2 2 2 2 2 0 2 2 0 0 2 2 2 2 2 2 2 2 0 2 2 2 2 2 2 2 2 2 2 2 2 2 2 2 2 2 0 2 2 2 0 2 2 2 2 2 0 2 0 2 2 2 2 2 0 2 2 2 2 0 2 2 2 2 2 2 2 2 2 2 2 2 0 2 2 0 2 2 2 2 2 2 2 2 2 2 0 2 0 2 2 2 2 2 2 2 2 2 2 2 0 2 2 2 2 2 2 2 2 2 2 2 0 2 2 0 0 2 1 2 2 2 2 2 2 2 0 2 2 2 2 2 2 2 2 2 2 2 2 2 2 2 2 2 2 2 2 2 2 2 2 2 2 2 2 2 2 2 2 2 2 2 2 2 2 2 2 2 2 2 2 2 0 2 2 2 2 2 2 2 2 2 2 2 2 2 2 2 2 2 2 2 2 2 2 2 2 2 2 2 2 0 2 0 2
18 2 2 0 2 2 0 0 0 2 2 0 2 2 0 2 0 0 2 0 0 0 0 0 0 2 2 0 0 2 0 0 0 0 2 2 0 0 2 2 2 2 0 2 2 2 0 0 0 0 2 2 2 0 0 0 0 0 2 0 0 0 0 2 0 2 2 2 0 2 2 2 0 0 0 0 0 0 2 2 0 2 0 0 1 0 0 0 0 2 2 0 2 2 1 0 0 2 0 0 0 0 2 2 2 2 0 0 0 0 0 0 2 2 0 0 2 0 0 0 0 2 2 2 2 0 0 2 0 0 2 0 0 2 0 2 0 2 2 2 0 0 2 0 2 0 2 2 0 1 2 2 2 2 0 2 2 2 0 2 0 2 0 2 0 0 0 0 2 2 0 2 2 0 0 0 2 2 0 0 0 2 0 2 0 2 2 0 0 0 0 1 2 0 2 0 0 2 2 0 2 0 0 2 0 2 0 0 2 0 2 0 2 0 0 0 2 2 0 2 2 2 0 0 2 0 0 2 0 0 0 2 0 0 2 2 0 0 0 0 0 0 0 2 0 0
19 2 2 2 2 2 0 2 2 2 2 2 2 2 0 2 0 0 2 2 2 2 2 2 0 2 2 0 2 2 2 0 2 2 2 2 2 2 2 2 2 2 2 2 2 2 2 2 2 2 2 2 2 2 0 2 2 2 2 2 0 2 2 2 2 2 2 2 2 2 2 2 2 2 2 0 2 2 2 2 2 2 2 2 1 2 0 2 2 2 2 0 2 2 2 2 2 2 0 2 2 0 2 2 2 2 2 2 2 2 2 2 2 2 2 0 2 0 2 2 2 2 2 2 2 2 2 2 2 2 2 2 2 2 2 2 0 2 2 2 0 0 2 0 2 2 2 2 0 1 2 2 2 2 2 2 2 2 2 2 2 2 2 2 2 0 0 2 2 2 2 2 2 0 2 0 2 2 2 2 2 2 2 2 0 2 2 2 0 0 2 2 2 2 2 2 0 2 2 2 2 0 0 2 2 2 2 0 2 2 2 2 2 2 2 2 2 2 2 2 2 2 2 2 2 2 2 2 0 0 2 2 0 2 2 2 0 2 2 2 2 0 0 2 2 0
20 0 0 0 2 0 0 0 0 0 0 0 0 0 0 0 0 0 0 0 0 0 0 0 0 0 0 0 0 0 0 0 0 0 0 0 0 0 0 2 0 2 0 0 0 0 0 0 0 0 0 2 2 0 0 0 0 0 0 0 0 0 0 0 0 0 0 0 0 2 0 0 0 0 0 0 0 0 0 2 0 0 1 0 0 0 0 0 0 0 0 0 2 0 1 2 0 0 0 0 0 0 0 0 0 0 0 2 0 2 0 0 0 0 0 0 0 0 0 0 0 0 0 0 0 0 0 0 2 0 0 0 0 0 0 0 0 0 0 0 0 0 2 0 0 0 0 2 0 0 0 0 0 0 0 0 0 0 0 0 0 0 2 0 2 0 0 2 0 0 0 0 0 0 0 0 0 0 0 0 0 0 0 0 0 0 0 0 0 0 0 0 0 0 0 0 0 0 0 2 2 0 0 0 0 0 0 0 0 0 0 0 0 0 0 0 0 0 0 0 0 0 0 0 0 2 0 0 0 0 0 0 0 0 0 0 0 0 0 0 2 0 0 0 0 0
21 2 2 2 2 2 2 2 2 2 0 2 2 2 0 2 2 0 2 2 0 2 2 2 0 2 0 2 2 2 2 0 2 2 2 2 2 2 2 2 2 2 2 2 2 0 2 2 2 2 2 2 2 2 2 2 2 2 2 2 2 2 2 2 2 2 2 2 2 2 2 2 2 2 2 0 2 2 2 2 2 2 2 2 2 2 2 2 2 2 2 2 2 2 2 2 2 2 0 2 2 2 2 2 0 2 2 2 2 2 2 2 2 2 2 0 2 2 2 2 2 2 2 2 2 2 2 2 2 2 2 2 2 2 2 2 2 2 2 0 2 0 2 2 2 2 2 2 2 2 2 2 2 2 2 2 2 0 2 2 0 2 2 2 2 2 2 2 1 2 0 2 2 2 2 2 2 0 2 0 2 2 2 2 2 2 2 2 0 2 0 1 2 2 2 0 2 2 2 2 2 0 2 0 2 2 2 2 2 2 2 0 2 2 2 2 2 0 2 2 0 2 2 2 2 2 2 2 2 2 2 2 2 2 2 2 2 2 2 2 2 2 2 2 2 2
22 2 2 2 2 2 2 2 2 2 2 2 2 2 2 2 2 2 2 2 2 2 2 2 2 2 2 2 2 2 2 2 2 2 0 2 2 0 2 2 2 2 2 2 0 2 2 2 2 2 2 2 2 0 2 2 2 2 2 2 2 2 2 0 0 2 2 2 2 2 0 2 0 2 0 2 2 2 2 2 2 2 1 0 1 2 2 2 2 2 2 2 2 0 1 2 2 2 2 2 2 2 2 2 2 2 2 2 2 2 2 2 2 2 2 2 2 2 0 2 2 2 0 2 0 2 2 2 2 2 2 2 0 2 2 2 2 2 2 2 2 2 2 2 2 2 2 2 2 2 0 0 2 2 2 2 2 2 0 2 2 2 2 0 2 2 2 2 2 2 2 2 2 2 2 2 2 2 2 2 2 2 2 2 2 0 2 2 2 2 2 1 2 2 2 2 2 2 2 2 2 0 2 2 0 2 2 2 2 2 2 2 2 2 2 2 2 2 1 2 2 0 2 2 2 2 2 2 2 0 2 2 2 2 2 2 2 2 2 2 2 2 2 2 2 2
23 0 2 2 2 0 2 0 0 0 0 2 0 0 2 0 0 2 1 0 2 2 2 0 2 0 2 2 2 2 0 0 2 0 0 0 1 1 0 2 0 2 0 2 2 0 2 2 0 2 2 2 0 0 2 0 0 1 0 2 2 0 0 0 0 0 0 0 0 0 0 2 2 0 0 2 0 2 0 2 2 2 1 0 1 2 0 2 0 0 0 0 2 0 0 2 0 0 0 0 2 0 0 2 2 2 2 2 2 0 2 0 0 0 0 0 0 1 2 2 0 0 0 2 2 2 0 2 2 2 2 0 0 0 0 1 0 0 0 2 2 2 0 2 0 0 0 0 2 1 0 0 2 0 2 0 0 0 0 0 2 2 2 0 2 0 2 2 1 2 2 0 0 0 0 0 2 2 1 2 0 2 2 0 2 0 2 2 0 0 0 1 2 0 0 2 0 2 2 2 2 0 0 2 0 2 2 2 0 2 2 2 0 2 0 0 0 2 2 2 2 2 2 0 0 2 2 2 2 0 0 0 0 0 0 0 2 0 0 2 2 2 2 0 0 0
24 0 0 2 0 0 0 0 2 0 0 2 2 0 2 0 2 0 2 0 2 0 0 2 2 2 2 0 0 2 0 0 0 0 2 2 0 2 2 2 2 0 0 0 0 0 2 0 2 2 2 0 0 2 0 2 2 2 2 2 2 2 2 2 2 2 0 2 0 2 2 2 2 0 2 0 0 2 2 0 2 0 0 2 2 2 0 2 0 0 2 2 2 2 1 2 0 2 2 2 2 0 0 0 1 0 2 2 2 2 0 0 2 2 2 0 0 0 0 0 0 2 2 2 0 2 0 2 0 2 2 2 0 0 0 0 0 0 2 0 0 0 0 2 0 0 2 0 2 1 2 2 0 2 2 0 0 0 2 0 0 0 2 2 2 0 2 2 1 0 0 0 2 0 2 0 2 0 2 0 2 0 2 0 0 2 2 2 0 0 0 1 0 0 0 0 2 2 2 2 0 2 0 2 2 0 2 2 0 0 2 2 2 2 0 0 0 2 0 0 0 2 0 0 2 2 2 0 2 0 2 0 2 2 0 2 2 0 2 0 2 0 2 2 2 2
25 2 0 2 0 0 0 2 2 0 2 2 0 0 2 0 0 0 2 2 0 0 0 0 2 0 2 0 0 2 2 0 0 0 0 2 0 0 0 2 2 0 0 0 2 2 2 0 2 2 2 0 0 0 0 0 0 0 0 2 2 0 2 0 0 0 0 0 0 0 0 0 0 0 0 0 2 2 0 0 0 0 0 0 0 0 0 2 0 0 2 0 2 0 0 0 0 0 0 2 2 2 0 0 2 0 2 0 0 0 0 0 0 0 2 2 0 0 2 2 0 0 2 2 2 0 2 0 2 2 0 0 2 0 0 0 0 2 2 0 0 0 0 2 0 0 0 0 2 0 0 0 0 0 0 0 0 0 0 0 0 2 0 0 0 0 0 0 0 0 0 0 2 0 0 0 2 0 0 0 2 2 2 0 0 0 0 0 0 0 0 1 2 0 0 0 2 0 2 0 0 0 0 2 0 0 0 0 0 0 0 0 0 2 0 2 2 2 0 2 0 0 0 0 0 0 0 2 0 0 0 0 0 2 0 0 0 2 2 2 0 0 0 0 0 0
26 2 2 2 2 2 2 2 2 2 2 2 2 2 2 2 2 0 2 2 2 2 2 2 2 0 2 1 2 2 2 2 2 2 2 2 2 2 2 2 2 2 2 2 2 2 2 2 2 2 2 2 2 2 2 2 2 2 2 2 2 2 2 2 2 2 2 2 2 2 2 2 2 0 2 1 2 2 2 2 2 1 2 2 2 2 2 2 2 2 2 2 2 0 2 0 2 0 2 2 2 0 0 2 2 2 2 0 2 2 2 2 0 2 2 2 2 2 2 2 2 0 2 2 2 2 2 2 0 2 2 2 2 2 2 2 2 2 2 2 0 2 0 2 2 2 2 2 2 1 2 2 2 2 0 2 2 0 2 2 2 2 2 2 0 0 0 0 1 2 2 2 2 0 2 2 2 2 0 2 2 0 2 2 0 2 0 2 2 1 2 2 0 2 2 2 2 2 2 0 2 2 2 2 2 2 2 2 2 2 0 2 2 2 2 2 2 2 2 2 2 2 2 2 2 2 2 0 0 2 2 2 2 2 2 2 2 2 2 2 0 2 0 2 2 2
27 0 0 0 0 0 0 1 0 0 0 0 0 0 0 2 0 0 0 0 0 0 0 2 0 0 1 0 0 0 0 0 0 2 0 0 0 0 0 0 0 0 2 0 0 0 0 0 2 0 0 0 0 0 2 2 2 0 0 1 0 0 1 0 0 0 0 0 0 0 0 0 0 0 0 0 0 0 0 2 2 0 0 0 0 0 2 0 2 0 0 2 0 0 1 0 2 0 0 0 0 0 0 0 0 1 0 0 0 2 0 2 0 2 0 0 0 0 0 2 2 0 0 0 2 2 1 0 0 0 0 0 1 2 2 0 2 2 0 0 0 0 0 0 2 2 0 0 0 1 0 0 2 0 0 0 0 2 0 2 0 0 0 0 0 0 0 0 0 0 1 0 0 0 0 0 1 0 0 0 0 0 0 2 0 0 0 0 0 0 0 2 0 2 0 1 0 0 0 0 0 0 0 0 0 0 0 0 0 0 0 1 0 0 2 2 2 0 2 0 0 0 2 0 0 0 2 0 0 2 0 0 0 0 0 0 0 0 0 2 0 0 0 0 0 0
28 0 0 0 0 0 0 0 0 0 0 0 0 0 0 2 0 0 0 0 0 0 0 2 0 0 0 0 0 0 0 0 0 2 2 0 0 0 0 0 0 0 2 0 0 0 0 0 2 0 0 0 0 0 2 2 2 0 0 0 0 0 0 0 0 0 0 0 0 0 0 0 0 0 0 0 0 0 0 0 2 0 0 0 0 0 2 0 2 2 0 2 0 0 1 0 2 0 0 0 0 0 0 0 0 0 0 0 0 2 0 2 0 2 0 0 0 0 0 0 2 0 0 0 0 2 0 0 0 0 0 0 0 2 2 0 2 2 0 0 0 0 0 0 2 2 0 0 0 1 0 0 2 0 0 0 0 0 0 2 0 0 0 0 0 0 0 0 0 0 0 0 2 0 0 0 0 0 0 0 0 0 0 2 0 0 0 0 0 0 0 1 0 2 0 0 0 0 0 0 0 0 0 0 0 0 0 0 0 0 0 0 0 0 2 2 2 0 2 0 0 0 2 0 0 0 2 0 0 2 0 0 0 0 0 0 0 0 0 0 0 0 0 0 0 0
29 0 2 2 2 2 2 2 0 2 2 2 0 2 2 2 2 2 2 0 2 2 0 0 2 2 2 0 0 2 0 0 0 2 2 2 2 2 2 2 2 0 2 2 2 2 2 2 2 2 2 0 0 2 2 0 0 2 2 2 2 0 2 2 2 0 2 2 2 2 2 2 2 2 2 2 0 2 0 2 2 2 2 2 2 0 2 2 2 2 2 2 2 2 1 2 2 2 2 0 2 0 0 2 0 2 2 0 2 2 0 2 2 2 2 2 0 2 2 2 2 2 2 2 2 2 2 2 0 0 2 0 2 0 2 2 2 2 2 2 0 2 0 0 0 2 2 0 2 2 2 2 2 0 0 2 2 2 2 0 2 2 2 2 0 2 2 0 2 2 2 2 2 0 2 0 2 2 0 2 2 2 2 0 0 0 2 2 2 0 2 2 2 2 2 2 2 0 2 0 2 2 0 2 2 2 2 0 0 2 0 2 0 2 2 2 2 2 2 0 2 2 2 2 2 2 2 2 0 2 2 0 2 2 0 0 2 2 2 2 0 2 0 0 2 2
30 2 2 2 2 2 2 2 2 2 0 2 2 2 0 2 2 2 2 2 2 2 2 2 0 2 2 2 2 2 2 2 2 2 2 2 2 2 2 2 2 2 2 2 2 0 2 2 2 2 2 2 2 2 2 2 2 2 2 2 2 2 2 2 2 2 2 2 2 2 2 2 2 2 2 2 2 2 2 2 2 2 2 2 2 2 2 2 0 2 2 0 2 2 1 2 2 2 2 2 2 2 2 2 2 2 2 2 2 2 0 2 2 2 0 2 2 2 2 2 2 2 2 2 2 2 2 2 2 2 2 2 2 2 2 2 2 2 2 2 2 0 0 2 2 0 2 2 2 2 2 2 2 2 2 2 2 2 2 2 2 2 2 2 2 2 2 2 2 2 2 2 2 2 2 2 2 2 2 2 2 2 2 2 2 2 2 2 2 2 2 2 2 0 2 2 2 2 2 2 0 2 2 2 2 2 2 2 2 2 2 2 2 2 0 2 2 2 2 2 2 2 2 2 2 2 2 2 0 2 2 2 2 2 2 2 2 2 2 2 2 2 2 2 2 2
31 0 0 0 0 0 0 0 0 0 0 0 0 0 0 2 0 0 0 0 0 0 0 0 0 0 0 0 0 0 0 0 0 0 0 0 0 0 0 0 0 2 0 0 0 0 0 2 0 0 0 0 0 0 2 0 0 0 0 0 0 0 0 0 0 0 0 0 0 0 0 0 0 0 0 0 0 0 0 0 0 0 0 0 0 0 0 0 0 0 0 0 0 0 0 0 0 0 0 0 0 0 0 0 0 0 0 0 0 0 0 0 0 0 0 0 0 0 0 0 0 0 2 0 0 0 0 2 0 0 0 0 0 0 0 2 0 0 0 0 0 0 0 0 0 0 2 0 0 1 2 0 0 0 0 0 0 0 0 0 0 0 0 0 0 0 0 0 0 0 0 0 0 0 0 0 2 0 0 0 0 0 0 0 0 0 0 0 0 0 0 0 0 0 0 0 0 0 2 0 0 0 0 0 0 2 0 0 0 2 0 0 0 0 0 0 0 0 0 0 0 0 0 0 0 0 0 0 0 0 0 0 0 0 0 0 0 0 0 0 0 0 0 0 0 0
32 2 0 0 2 0 0 0 2 2 0 0 0 0 0 0 0 2 2 2 2 0 0 0 0 0 0 0 0 2 2 2 0 0 2 0 0 0 0 0 2 2 0 0 0 0 0 0 0 0 2 2 0 0 0 0 0 0 0 0 0 0 2 0 0 0 0 0 0 2 0 2 0 0 0 2 2 0 0 0 0 0 0 0 2 2 0 0 0 0 0 2 0 0 0 0 0 0 0 2 0 0 0 0 0 0 0 2 0 2 0 0 0 2 0 2 0 0 0 0 0 0 2 0 0 0 0 0 0 0 0 0 0 0 0 0 0 2 0 0 0 0 2 0 2 0 2 0 0 0 0 0 0 0 0 2 0 2 0 1 2 2 0 2 0 0 0 0 0 0 2 0 2 0 2 2 2 0 0 2 2 0 0 2 0 2 0 0 0 0 2 2 0 0 0 2 0 0 2 0 2 0 2 2 0 0 0 0 0 0 0 0 0 0 0 0 0 2 1 2 0 0 0 0 2 0 0 0 2 2 0 0 0 2 0 0 0 0 2 0 0 0 0 0 2 0
33 2 2 2 0 2 2 2 2 0 2 2 2 2 2 2 2 2 0 2 2 2 2 2 2 2 2 2 2 0 2 2 2 2 2 2 2 2 2 2 2 2 2 2 2 2 2 2 2 2 2 2 2 2 2 2 2 2 2 2 2 2 2 2 2 2 2 2 2 2 2 2 2 2 2 2 2 2 2 2 2 2 2 2 2 0 2 2 2 2 2 2 2 2 2 2 2 2 0 2 2 2 2 2 2 2 2 2 2 2 2 2 0 2 0 0 0 2 2 2 2 2 2 0 2 2 2 2 2 2 2 2 2 2 2 2 2 2 2 2 2 2 2 2 0 2 2 2 2 2 2 2 2 2 2 0 2 0 2 1 2 2 2 2 2 2 2 2 2 2 2 2 0 2 2 2 2 2 2 2 2 2 2 0 2 2 2 2 2 2 2 1 2 2 2 2 2 2 2 2 2 2 2 2 2 2 2 2 2 2 2 2 2 2 2 2 2 2 1 0 2 2 2 2 0 2 2 2 2 2 0 2 2 2 2 2 2 2 2 2 2 2 2 2 2 2
34 2 2 2 2 2 2 2 2 2 2 2 2 2 2 2 2 2 2 2 2 2 0 2 2 2 2 2 0 2 2 2 0 2 2 2 1 2 0 2 2 2 2 2 2 2 2 2 0 2 2 2 2 2 2 2 2 2 0 2 2 2 2 2 2 2 2 0 2 2 2 2 2 2 2 2 2 2 2 2 2 2 2 2 2 2 2 2 2 2 2 2 2 2 2 2 2 2 2 2 2 2 2 2 2 2 2 2 2 2 2 2 2 2 2 2 2 2 2 2 2 2 2 2 2 2 2 0 2 2 2 2 2 2 2 2 2 2 2 2 2 2 2 2 2 2 2 2 2 2 2 2 2 2 2 2 2 2 2 2 0 2 2 2 2 2 2 2 2 2 0 2 2 2 2 2 2 2 2 0 2 2 2 2 2 2 2 2 2 2 0 1 2 2 2 2 2 2 2 2 2 2 2 2 2 2 2 2 2 2 2 2 2 2 2 2 2 2 2 2 2 2 2 2 2 2 2 2 2 2 2 2 2 2 2 2 2 2 2 2 2 2 2 2 2 2
35 0 0 0 0 0 2 0 0 2 0 0 0 0 0 0 2 0 0 0 0 2 0 0 0 0 0 0 0 0 0 0 0 0 0 2 0 0 0 2 0 0 0 0 2 0 0 2 0 0 0 2 0 0 2 0 0 2 0 0 0 0 0 0 0 0 0 0 2 0 0 0 0 0 0 0 0 0 0 2 2 0 1 0 2 0 0 0 0 2 2 0 2 0 0 2 0 0 0 0 0 0 0 0 2 0 0 0 0 0 0 0 0 0 0 0 0 2 2 0 0 0 0 0 2 0 0 0 0 0 2 0 0 0 0 0 0 0 0 0 0 0 0 0 0 0 0 0 0 1 0 0 0 0 0 0 0 0 2 1 0 0 0 0 0 1 0 0 0 0 0 0 0 0 0 0 0 0 0 0 0 0 0 0 0 0 0 0 0 0 0 0 0 0 0 0 0 0 0 0 0 0 0 0 0 0 0 0 0 2 0 0 0 0 0 0 0 0 1 0 0 0 1 2 0 0 0 0 0 0 0 0 2 0 0 0 0 0 0 0 0 2 0 0 0 0
36 2 2 2 2 2 2 2 2 2 0 2 2 2 0 2 2 2 2 2 2 2 2 2 0 2 2 2 2 2 2 2 2 2 2 2 2 2 2 2 2 2 2 2 2 0 2 2 2 2 2 2 2 2 2 2 2 2 2 2 2 2 2 0 2 2 2 2 2 2 2 2 2 2 2 2 2 2 2 0 2 2 2 2 2 2 2 2 2 2 2 2 2 0 2 2 2 2 2 2 2 2 2 2 2 2 2 2 2 2 2 2 0 2 0 2 2 2 2 2 2 2 2 2 2 2 2 2 2 2 2 2 2 2 2 2 2 2 2 2 2 0 2 2 2 2 2 2 2 2 2 2 2 2 2 2 2 2 2 2 2 2 2 2 2 2 2 2 2 2 2 2 2 2 2 2 2 2 2 2 0 2 2 2 2 2 2 2 2 2 2 2 2 2 2 2 2 2 2 2 2 2 2 2 2 2 2 2 2 2 2 2 2 2 2 2 2 2 2 2 2 2 2 2 2 2 2 2 2 2 2 2 2 0 2 2 2 2 0 2 2 2 2 2 2 2
37 0 2 2 2 0 2 0 2 2 0 2 2 0 0 0 0 2 2 0 2 0 2 2 0 0 0 2 2 2 0 0 2 2 0 0 1 2 0 2 2 0 2 0 0 0 2 0 2 2 2 2 2 2 0 2 2 0 0 2 2 2 0 2 2 0 0 0 0 2 0 2 0 0 2 2 0 2 2 2 2 2 0 0 2 0 2 2 0 0 0 0 2 0 0 0 2 0 0 2 2 2 0 2 2 0 0 0 0 0 0 2 0 0 0 0 2 2 2 0 2 0 2 2 0 0 0 0 2 2 2 0 0 2 2 0 2 0 0 0 0 0 0 2 2 2 0 2 2 1 2 0 2 0 0 2 0 2 0 2 2 2 0 0 2 2 0 0 0 0 2 0 0 0 2 0 0 0 0 2 0 2 0 2 2 0 0 0 0 0 2 2 2 0 2 0 2 2 0 0 2 0 2 0 0 0 0 0 0 0 2 2 2 2 2 0 0 0 0 0 0 2 0 0 2 0 0 2 0 2 0 0 0 0 0 2 0 0 0 0 0 2 0 0 0 0
38 2 0 2 2 2 2 2 2 0 2 2 0 2 2 2 2 2 0 2 2 2 2 2 2 2 2 2 2 0 2 0 2 2 2 2 2 2 2 2 2 0 2 2 2 2 2 2 2 2 2 2 2 2 2 2 2 2 2 2 2 0 2 0 2 2 2 2 2 2 2 2 2 2 2 2 2 2 0 2 2 2 2 2 0 2 2 2 2 2 2 2 2 2 2 2 2 2 2 2 2 2 2 0 2 2 2 2 2 2 0 2 2 2 2 2 2 2 2 2 2 2 2 2 2 2 2 2 2 2 2 2 1 2 2 2 2 2 2 2 0 2 2 2 2 2 2 2 2 2 0 2 2 2 2 2 2 2 2 2 2 2 2 2 2 2 2 2 2 2 2 2 2 0 0 2 2 2 2 2 2 2 2 2 2 2 2 2 2 2 2 2 2 2 2 2 2 2 2 2 2 2 2 2 2 2 2 2 0 2 2 2 2 2 2 2 2 2 1 2 2 2 2 2 2 2 2 2 2 2 2 0 2 2 2 2 2 0 2 2 2 2 2 2 2 2
39 2 2 0 2 0 2 0 0 0 0 2 2 0 0 2 2 2 2 2 2 2 2 2 0 0 2 0 2 2 2 0 2 0 2 2 0 2 0 2 2 0 0 2 0 0 0 2 0 0 0 2 2 2 2 2 2 2 0 0 0 2 0 2 2 2 0 0 0 2 2 2 2 0 2 2 2 0 2 2 0 2 0 2 2 2 2 0 2 0 2 2 2 0 0 2 0 0 2 0 0 2 2 2 0 2 2 2 0 2 2 0 2 2 2 0 0 2 0 2 0 0 2 2 0 2 0 2 0 0 2 0 2 0 0 0 2 2 2 0 2 0 2 2 2 0 2 2 2 1 0 2 2 2 2 2 2 2 2 2 2 2 2 2 2 2 2 2 0 0 2 2 2 2 2 0 0 0 2 2 0 0 2 2 0 2 2 0 2 2 2 2 0 2 0 2 2 0 0 0 2 2 0 2 2 0 2 2 2 2 2 2 2 0 0 2 2 2 0 2 0 2 0 0 2 2 0 0 2 2 2 2 2 0 2 2 0 0 0 2 0 2 2 2 2 2
40 0 2 2 2 2 2 0 2 2 2 0 2 2 2 2 2 2 2 0 2 2 2 2 2 2 2 2 2 2 0 2 2 0 2 2 2 2 2 2 2 2 0 2 2 2 2 2 2 2 2 0 2 2 2 2 2 2 2 2 2 2 2 2 2 2 2 2 2 2 2 2 2 2 2 2 0 2 2 0 2 2 2 2 2 2 2 2 0 2 2 0 2 0 2 2 0 2 2 2 2 2 2 2 2 2 2 2 2 2 2 0 2 2 0 2 0 2 2 2 0 2 2 0 2 2 0 2 2 2 2 2 2 2 0 2 2 2 2 2 2 2 2 2 2 2 2 2 2 2 2 2 2 2 2 2 2 2 0 1 2 2 2 2 2 2 2 2 2 2 2 2 2 2 2 2 0 2 2 2 2 2 2 2 2 0 2 2 2 2 2 2 2 0 2 2 2 2 2 2 2 2 2 2 2 2 2 2 2 1 2 2 2 2 2 0 2 2 2 2 2 2 2 2 2 2 2 2 2 2 2 2 2 2 2 2 2 2 2 2 2 2 2 2 2 2
41 2 2 2 2 2 2 2 2 0 2 2 2 2 2 2 2 0 2 2 2 2 2 2 2 2 2 2 2 2 2 2 2 2 2 2 2 2 2 2 2 2 2 2 2 2 2 2 2 2 2 2 2 2 2 2 2 2 2 2 2 2 2 2 2 0 2 2 2 2 2 2 2 2 2 0 2 2 2 2 2 2 2 2 2 2 2 2 2 2 2 2 2 2 2 2 2 2 2 2 2 2 2 2 2 2 2 2 2 2 2 2 2 0 2 2 2 2 0 2 2 0 2 2 2 2 2 2 2 2 2 2 2 0 2 2 0 2 2 2 0 2 2 2 2 2 2 2 0 2 2 2 0 0 2 2 0 0 2 2 2 2 2 2 2 2 2 2 2 2 2 2 2 0 0 2 2 2 2 2 2 2 2 2 2 2 2 2 2 2 2 2 2 2 2 2 0 2 2 2 2 2 2 2 2 2 2 2 2 2 2 2 2 2 2 2 2 2 2 2 2 2 2 2 2 2 2 2 2 2 0 2 2 2 2 2 0 2 2 2 2 2 2 2 2 2
42 0 0 2 0 2 0 0 0 2 2 0 2 2 0 2 0 2 2 0 0 0 0 0 0 2 2 2 0 2 0 2 0 0 0 2 1 0 0 0 2 0 0 0 0 2 2 0 0 2 0 0 2 0 0 0 0 2 0 2 2 2 0 2 0 0 2 0 2 2 2 0 2 2 0 2 0 2 2 2 0 2 1 2 0 0 2 2 0 2 2 2 0 2 2 2 0 2 2 0 2 0 2 0 2 2 0 2 2 0 2 0 2 0 0 2 2 0 0 2 0 0 0 2 0 2 0 0 2 0 0 0 2 2 0 2 2 2 2 0 2 2 2 2 2 0 2 2 0 1 0 2 2 2 2 2 2 2 2 2 0 0 2 0 0 2 2 2 1 2 0 2 0 2 0 2 2 0 2 0 2 2 0 0 2 2 2 0 0 2 0 1 2 0 0 0 2 2 2 2 2 2 2 0 2 2 0 2 2 0 2 2 2 2 0 2 0 0 2 2 0 0 2 2 2 2 2 2 0 0 0 2 0 2 2 2 0 0 2 2 2 0 2 2 2 0
43 2 2 2 0 2 2 2 2 2 2 2 2 2 0 2 2 2 2 2 2 0 0 2 0 2 2 2 0 2 2 2 0 2 2 2 2 2 2 2 2 2 2 2 2 2 2 2 2 2 2 2 2 2 2 2 2 2 2 2 2 2 0 2 2 2 2 2 2 2 2 2 2 2 2 2 2 2 2 2 2 2 2 2 2 2 2 2 2 2 2 2 2 2 2 2 2 2 2 2 2 2 2 2 2 2 2 2 2 0 2 2 2 2 2 2 2 2 2 2 2 2 2 2 2 2 2 2 2 2 2 2 2 2 2 2 2 2 2 2 2 2 2 2 2 2 2 2 2 2 0 2 2 2 2 2 2 2 2 2 0 2 2 2 2 2 2 2 2 2 0 2 2 2 2 2 2 2 2 0 2 2 0 2 2 2 2 2 2 2 0 1 2 2 2 2 2 2 2 2 2 2 2 2 2 2 2 2 2 2 2 2 2 2 2 2 2 2 2 2 2 2 2 2 2 2 2 2 2 2 2 2 2 2 2 2 2 0 2 2 2 2 2 2 2 2
44 2 2 2 2 2 2 2 2 2 2 2 2 2 2 2 2 2 2 2 2 0 2 2 2 2 2 2 2 2 2 2 2 2 2 2 2 2 0 2 2 0 2 0 2 2 2 2 2 2 2 2 0 2 0 2 2 0 0 2 2 2 2 2 2 2 2 0 2 2 2 2 2 2 2 2 2 2 2 2 0 2 2 2 2 2 2 2 2 2 2 2 2 2 1 2 2 2 2 2 2 0 2 2 2 2 0 2 0 0 2 2 2 2 2 2 2 2 2 2 2 2 2 2 2 2 2 2 2 2 2 2 2 0 2 2 0 2 2 2 2 2 2 2 2 2 2 0 0 2 2 2 0 2 2 2 0 0 2 2 2 0 2 2 2 2 2 2 2 0 2 2 2 2 0 2 2 2 2 2 2 2 2 2 2 2 2 0 2 2 2 2 2 2 2 2 0 2 0 2 2 2 2 0 2 2 2 2 2 2 2 2 2 2 2 2 2 0 2 2 2 2 2 2 2 2 0 2 2 2 0 2 2 2 2 2 2 2 2 2 2 2 0 2 2 2
45 2 0 2 2 2 2 2 2 2 2 2 2 2 2 2 2 2 2 2 2 2 2 2 2 2 2 2 2 2 2 2 2 2 2 0 2 2 2 2 2 2 2 2 2 2 2 2 2 2 2 2 2 2 2 2 2 2 2 2 2 2 2 2 2 0 2 2 2 2 2 2 2 2 2 2 2 2 2 2 2 2 2 2 2 2 2 2 2 2 0 2 2 2 1 2 2 2 2 2 2 0 2 0 2 2 2 2 0 2 2 2 2 0 2 2 2 2 0 2 2 2 2 2 2 2 2 2 2 2 2 2 2 0 2 2 2 2 2 2 2 2 2 2 2 2 2 2 2 2 2 2 2 2 2 2 2 2 2 2 2 2 2 2 2 2 2 2 2 2 2 2 2 2 2 2 2 2 2 2 2 2 2 2 2 2 2 2 2 2 2 2 2 2 2 2 2 2 2 2 2 2 2 0 2 2 2 2 2 2 2 2 2 2 2 2 2 0 2 2 2 0 2 2 2 2 2 2 2 2 2 2 2 2 2 2 2 2 2 2 2 2 2 2 2 2
46 2 2 0 0 0 2 0 2 2 0 2 0 0 0 0 2 0 2 2 2 0 0 0 0 0 0 0 0 2 2 2 0 0 2 2 0 0 2 2 0 0 0 2 0 0 0 2 0 0 0 0 2 0 2 0 0 0 2 0 0 0 2 0 0 2 0 2 0 2 0 2 2 0 0 0 2 0 0 0 2 1 1 0 2 0 0 0 0 0 2 0 2 0 2 2 0 0 0 2 0 0 2 2 2 2 0 2 2 2 2 0 0 0 0 0 2 2 2 2 0 0 2 0 0 0 0 0 2 2 2 0 0 0 0 0 0 0 0 0 0 0 0 0 0 0 0 2 0 1 0 0 0 0 2 0 0 2 0 0 0 0 0 2 0 0 0 0 0 0 0 2 2 0 0 0 0 0 2 0 0 0 2 2 0 0 0 0 0 2 0 0 0 0 2 0 0 0 2 0 0 0 0 0 0 0 0 2 0 2 0 0 0 0 0 0 2 0 0 0 0 2 0 0 0 0 0 0 0 0 0 0 2 0 0 0 0 2 0 2 0 2 0 0 0 0
47 2 0 2 0 2 2 2 2 0 2 2 0 2 0 0 2 2 0 2 0 2 0 0 0 0 2 2 0 0 2 0 0 2 0 2 2 0 0 0 0 0 2 0 0 2 2 0 0 2 0 0 0 0 2 0 0 2 0 2 0 0 2 2 0 2 2 0 0 0 2 2 0 2 0 2 2 2 0 2 2 2 1 2 0 2 2 2 2 2 2 2 0 2 2 0 2 0 0 2 2 2 0 0 2 0 2 0 2 2 0 2 2 2 0 2 0 2 2 2 2 0 0 2 0 2 2 2 2 2 2 0 2 2 2 2 2 0 0 0 2 2 2 2 2 2 0 0 0 1 0 2 0 0 0 2 2 0 2 2 0 2 2 0 2 2 0 0 0 0 0 2 0 2 2 2 2 0 0 0 2 0 0 0 2 0 2 0 2 0 0 1 0 2 0 2 2 2 2 2 2 2 2 2 0 2 0 2 2 0 2 2 2 2 2 2 0 2 1 2 0 0 2 0 2 2 2 0 0 2 0 2 2 2 2 2 0 0 2 2 2 2 0 0 2 2
48 0 0 0 2 0 0 0 0 0 0 0 0 0 0 0 0 0 0 0 0 0 0 0 0 0 0 0 0 0 0 0 0 2 0 0 0 0 0 0 0 0 2 0 0 0 0 2 0 0 0 0 0 0 2 0 0 0 0 0 0 2 0 0 0 0 0 0 0 2 0 0 0 0 0 0 0 0 0 0 0 0 0 0 0 0 0 0 0 0 0 0 0 0 0 0 2 0 0 0 0 0 0 0 0 0 0 2 0 0 0 1 0 0 0 0 0 0 0 0 2 0 0 0 0 0 0 0 0 0 0 0 0 0 2 0 0 0 0 0 0 0 0 0 0 0 0 0 0 0 0 0 2 0 0 0 0 0 0 0 0 0 0 0 0 0 0 0 0 0 0 2 0 0 0 0 0 0 0 0 0 0 0 0 0 0 2 0 0 0 0 0 0 0 0 2 0 0 0 0 1 0 0 2 0 0 0 0 0 2 0 0 0 0 0 0 0 2 0 0 0 0 0 0 0 0 0 0 0 0 0 0 0 0 0 0 0 0 0 0 0 0 0 0 0 0
49 2 2 2 2 2 2 2 2 2 2 2 2 2 0 2 2 2 2 2 2 2 2 0 0 2 2 2 2 2 2 2 2 2 2 2 0 2 0 2 2 2 2 2 2 2 2 2 2 2 2 2 2 2 2 0 0 2 0 2 2 2 2 0 2 2 2 0 2 2 0 2 2 0 2 2 2 2 2 2 2 2 2 0 2 2 2 2 2 2 2 2 2 0 2 2 2 2 2 2 2 2 2 2 2 2 2 2 2 0 0 0 2 2 2 2 2 2 2 0 2 2 2 2 2 0 2 2 2 2 2 2 2 2 2 2 2 2 2 2 2 2 2 2 2 2 2 2 2 2 2 0 2 2 2 0 2 2 2 2 2 2 2 2 2 2 2 2 2 2 2 2 2 2 2 2 0 2 2 2 2 2 2 2 2 2 2 2 2 2 0 0 2 2 2 2 2 0 2 2 2 2 2 2 2 2 2 0 2 2 2 2 2 2 2 2 2 2 2 0 2 2 2 2 0 2 0 2 0 0 2 2 2 2 2 2 2 2 2 0 2 2 2 2 2 2
50 0 0 0 2 0 0 0 0 0 0 0 0 0 0 0 0 0 0 0 0 0 0 0 0 0 0 0 0 0 0 0 0 2 0 0 0 0 0 0 0 0 2 0 0 0 0 2 0 0 0 0 0 0 2 0 0 0 0 0 0 2 0 0 0 0 0 0 0 2 0 0 0 0 0 0 0 0 0 0 0 0 0 0 0 0 0 0 0 0 0 0 0 0 0 0 2 0 0 0 0 0 0 0 0 0 0 2 0 0 0 0 0 0 0 0 0 0 0 0 2 0 0 0 0 0 0 0 0 0 0 0 0 0 2 0 0 0 0 0 0 0 0 0 0 0 0 0 0 0 0 0 2 0 0 0 0 0 0 0 0 0 0 0 0 0 0 0 0 0 0 2 0 0 0 0 0 0 0 0 0 0 0 0 0 0 2 0 0 0 0 0 0 0 0 2 0 0 0 0 0 0 0 2 0 0 0 0 0 2 0 0 0 0 0 0 0 2 0 0 0 0 0 0 0 0 0 0 0 0 0 0 0 0 0 0 0 0 0 0 0 0 0 0 0 0
51 0 0 2 2 0 0 0 2 2 2 2 0 0 2 0 2 2 2 2 2 0 2 0 2 0 2 2 2 2 2 2 2 0 2 2 2 0 0 2 2 2 2 2 2 2 2 2 2 2 2 2 0 2 2 0 0 2 0 2 2 2 2 0 2 2 0 0 2 2 0 2 2 0 2 2 2 2 0 2 2 2 2 2 2 0 2 2 2 2 2 2 2 0 0 2 0 0 2 2 2 2 2 0 2 2 2 0 0 2 0 0 2 2 2 2 2 0 2 2 0 0 2 0 2 0 0 2 2 0 2 2 0 2 0 2 2 2 2 2 0 2 2 2 2 2 2 0 2 0 2 2 2 2 0 0 2 2 2 2 2 0 2 2 2 2 0 2 2 2 2 0 0 0 0 0 0 2 0 2 2 2 2 0 2 2 0 0 0 0 2 0 2 2 2 2 2 0 2 2 2 0 2 2 2 2 2 2 2 2 2 2 0 2 2 0 0 2 0 0 2 2 2 2 0 2 0 2 2 0 2 2 2 2 2 0 0 2 2 2 2 0 0 0 2 2
52 2 2 2 2 2 2 2 2 2 2 2 2 2 0 2 2 2 2 2 2 2 0 2 0 2 2 2 0 2 2 2 0 2 0 2 2 2 2 2 2 2 2 2 2 2 2 0 2 2 0 0 2 2 2 2 2 2 2 2 0 2 2 2 2 2 2 2 2 2 2 2 2 2 2 2 2 2 2 2 2 2 2 2 2 2 2 2 2 0 2 2 2 2 2 2 2 2 2 2 2 2 2 2 2 2 2 2 2 0 2 2 2 0 2 2 2 2 2 2 2 2 2 2 2 2 2 0 2 2 2 2 2 2 2 2 2 2 2 2 2 2 2 2 2 2 2 2 2 2 2 2 2 2 2 2 0 2 2 1 2 2 2 0 2 2 2 2 2 2 2 2 2 2 2 2 2 2 2 2 2 2 2 2 2 2 2 2 2 2 0 1 2 2 2 0 2 2 2 2 2 2 2 2 2 2 2 2 2 0 2 2 2 2 2 2 2 2 2 2 2 0 2 2 2 2 2 2 2 2 2 2 2 2 2 2 2 0 2 2 2 2 2 2 2 2
53 0 2 2 2 2 2 2 2 2 2 2 2 2 2 2 0 2 2 0 2 2 2 2 2 2 2 2 2 2 0 2 2 2 2 2 2 2 2 2 2 2 2 2 2 2 2 2 2 2 2 2 0 0 2 2 2 0 2 2 2 2 2 2 0 2 2 2 2 0 2 0 2 2 0 2 0 2 2 2 2 2 0 0 2 2 2 2 2 0 2 2 2 2 2 2 2 2 2 2 2 2 2 2 2 0 2 2 2 2 2 2 2 2 2 2 2 2 2 2 2 0 2 2 2 2 2 2 2 0 2 0 2 2 2 2 2 0 2 0 2 2 2 2 2 2 2 0 2 2 2 2 2 2 2 0 2 2 2 2 2 0 2 2 0 2 2 2 1 2 2 2 2 2 0 2 2 0 2 2 2 0 2 2 2 2 2 2 2 2 2 2 0 2 2 2 2 2 2 2 0 2 2 2 0 2 0 0 2 2 2 2 0 2 2 2 2 2 2 0 0 2 2 2 2 2 2 0 2 2 2 2 2 2 2 0 2 2 2 2 2 2 2 0 2 2
54 0 2 2 2 2 2 2 0 2 0 2 2 2 0 0 2 0 2 2 0 2 2 2 0 2 2 2 2 2 2 0 2 2 2 2 2 2 2 2 2 2 2 2 0 0 2 2 0 2 2 2 0 2 2 2 2 2 2 2 2 2 0 2 2 0 2 2 2 2 2 2 2 2 2 0 2 2 2 2 2 0 2 2 2 2 0 2 2 2 2 0 2 2 2 2 2 2 2 0 2 2 0 2 2 2 2 2 2 0 2 2 2 2 2 0 2 2 0 0 2 2 0 2 0 2 2 2 2 2 0 2 2 0 2 0 2 2 0 2 2 0 0 2 0 2 2 0 2 1 2 2 2 2 2 2 2 0 0 1 0 2 2 2 2 0 2 0 2 2 0 2 2 2 2 2 2 2 2 0 0 0 2 2 2 2 2 2 2 2 2 2 0 2 2 0 2 2 2 0 2 2 2 0 2 0 2 2 2 2 2 2 2 2 2 2 2 0 2 2 2 2 2 2 2 2 2 0 2 2 2 2 2 0 2 2 2 0 0 0 0 2 0 2 0 2
55 0 0 2 2 0 0 0 0 2 0 0 2 0 0 0 0 2 2 0 0 2 0 0 0 2 2 2 0 2 0 2 0 2 2 0 2 0 0 0 0 0 2 0 0 0 2 2 0 2 0 0 2 0 0 0 0 2 0 2 0 2 0 0 0 0 0 0 0 0 0 2 0 0 0 2 0 2 2 2 0 0 0 0 2 0 0 2 0 2 0 0 0 0 0 0 2 2 2 0 2 0 0 0 0 2 0 0 0 2 0 0 0 0 0 2 0 0 0 0 2 0 2 0 0 0 0 0 0 0 0 0 0 0 2 0 0 0 0 0 0 0 0 0 0 0 0 2 0 1 0 0 0 0 0 0 0 2 2 1 2 0 0 2 0 2 0 0 1 2 2 0 0 0 0 0 2 0 0 2 0 2 0 0 2 0 0 2 0 0 0 0 2 0 0 0 0 0 2 2 2 0 2 0 0 0 0 2 2 2 0 0 0 2 0 2 0 0 1 0 0 0 2 0 0 0 2 2 0 0 0 2 2 0 0 0 0 2 0 0 2 0 0 0 2 2
56 0 0 0 2 0 2 0 2 2 2 2 2 0 0 2 2 2 2 0 2 2 2 2 0 2 2 2 2 2 0 2 2 0 2 2 2 2 0 0 2 2 0 2 2 2 0 2 0 0 0 2 2 2 2 2 2 2 0 0 2 2 0 0 2 2 0 0 2 2 2 2 2 2 2 2 0 0 2 2 2 2 2 2 2 2 2 0 2 2 2 2 0 2 0 2 0 2 2 2 0 2 2 0 2 2 0 2 0 2 0 2 0 2 0 2 2 2 2 0 0 2 0 2 2 0 0 2 2 2 2 2 0 0 0 2 2 2 2 2 2 2 2 2 2 2 0 2 2 2 0 2 2 2 2 2 2 2 2 2 0 0 2 2 2 2 2 2 2 2 0 2 2 2 0 2 2 2 2 0 2 2 2 2 2 2 2 2 2 2 2 2 2 2 2 2 2 2 0 2 2 2 2 2 2 2 2 2 2 2 2 2 2 0 2 0 2 2 2 2 2 0 2 2 0 2 2 2 2 2 2 2 2 2 2 2 2 2 2 0 2 2 2 2 2 0
57 0 2 0 2 0 2 0 2 0 2 0 2 0 0 2 2 2 0 0 2 0 0 0 0 0 2 2 0 0 0 0 0 0 2 2 1 0 2 2 0 2 0 2 0 2 0 2 0 0 0 2 2 2 2 0 0 2 2 0 0 2 2 2 2 2 0 2 2 2 2 2 2 2 2 2 0 0 2 0 2 2 2 0 2 2 2 0 2 2 2 2 2 0 0 0 0 0 0 2 0 2 0 2 2 2 0 2 0 2 2 0 2 2 0 0 0 2 0 0 0 2 0 2 0 2 0 2 2 0 2 0 0 2 0 0 2 0 2 0 2 2 2 2 2 2 2 2 2 1 0 2 2 2 2 0 2 2 2 1 0 2 2 2 2 2 2 2 0 2 0 2 2 2 2 2 2 0 2 0 2 2 2 2 2 2 0 0 2 2 2 2 2 2 0 2 2 2 0 2 2 2 2 0 0 0 0 2 2 2 2 2 0 0 2 0 2 0 2 0 0 2 2 2 0 2 0 2 2 0 2 2 2 2 2 0 2 0 2 0 2 2 2 0 2 0
58 2 2 2 2 2 2 2 2 2 2 2 0 2 2 0 2 2 2 2 2 2 0 2 2 2 2 2 0 2 2 2 0 2 2 0 2 2 2 2 2 2 2 2 2 2 2 0 2 2 2 2 0 2 2 2 2 2 2 2 2 2 2 2 2 2 2 2 2 2 2 2 2 0 2 2 2 2 0 2 0 2 2 2 2 2 2 2 2 2 0 2 2 2 2 2 2 2 0 2 2 2 2 2 2 2 0 2 2 2 2 2 2 2 2 2 2 2 2 2 2 2 2 2 2 2 2 2 2 2 2 2 2 2 2 2 2 2 2 2 2 2 2 2 0 2 2 0 2 1 0 2 0 0 2 2 2 2 2 1 2 0 2 2 2 2 2 2 2 2 2 0 0 2 0 2 2 2 2 2 2 2 0 0 2 2 0 0 2 2 2 2 2 2 0 2 2 2 2 0 2 0 2 2 2 2 2 2 2 0 2 2 2 2 2 2 2 2 2 2 2 2 2 2 2 2 2 2 2 2 0 2 2 2 2 2 2 0 2 2 0 2 2 2 2 2
59 2 2 2 2 2 2 2 2 2 2 2 2 2 2 2 2 2 2 2 2 2 2 2 2 2 2 2 2 2 2 2 2 2 2 2 2 2 2 2 2 2 2 2 2 2 2 2 2 2 2 2 2 2 2 2 2 2 2 2 2 0 2 2 2 2 2 2 2 2 2 2 2 2 2 2 2 2 2 2 2 2 2 2 2 2 2 2 2 2 2 2 2 2 2 2 2 2 2 2 2 0 2 2 2 2 0 2 2 2 2 2 2 2 2 2 2 2 2 2 2 2 2 2 2 2 2 0 0 2 2 2 2 2 2 2 2 2 2 2 2 2 2 2 2 2 2 2 2 2 0 2 0 2 2 2 2 2 0 2 2 2 2 2 2 0 2 2 2 2 2 2 2 2 2 2 2 2 2 2 2 2 2 2 2 2 2 2 2 2 2 2 2 2 0 2 2 2 2 2 2 2 2 2 2 2 2 2 2 2 0 2 2 2 2 2 2 2 2 2 2 0 2 2 2 2 2 2 2 2 2 2 2 2 2 2 2 2 2 2 2 2 2 2 2 0
60 2 2 0 0 2 2 2 2 0 2 2 0 2 0 2 0 2 2 2 0 2 0 2 0 2 0 2 0 2 2 2 0 2 2 2 2 2 2 2 2 0 2 2 0 2 0 2 2 0 0 0 0 0 2 2 2 2 2 0 2 0 0 2 0 2 2 2 2 2 2 0 2 0 0 2 2 0 0 2 0 2 2 2 2 2 2 0 2 2 2 2 2 2 2 2 2 2 2 2 0 2 2 2 2 2 2 2 2 2 2 2 2 0 2 2 2 2 0 2 2 2 0 2 0 2 2 2 2 0 2 2 2 2 2 2 2 2 2 0 0 2 2 2 2 0 2 0 2 2 2 2 0 0 2 0 2 2 2 2 0 2 2 2 2 2 2 2 1 0 0 2 2 0 2 0 2 0 2 0 2 2 2 0 2 0 2 2 2 2 2 2 2 2 2 0 2 2 2 2 0 2 0 0 0 2 0 2 2 2 2 2 2 0 0 2 0 0 1 2 0 0 2 2 2 2 2 2 2 2 2 2 2 2 0 2 0 2 2 2 2 2 2 2 0 2
61 0 0 0 0 0 0 2 0 0 0 0 0 0 0 0 0 0 0 0 2 0 0 0 0 0 0 0 0 0 0 0 0 0 0 0 0 0 0 0 0 0 0 0 0 0 0 0 0 0 0 0 0 2 0 0 0 0 0 0 0 0 2 2 2 0 0 0 0 2 0 0 2 2 2 0 0 0 0 0 0 0 0 0 2 0 0 0 0 0 0 0 0 0 0 2 0 0 0 0 0 0 0 0 0 0 0 0 0 2 0 0 2 0 0 0 0 0 0 0 0 2 0 0 0 2 2 0 2 0 0 2 0 0 0 0 0 0 0 2 0 0 0 0 0 0 0 0 0 0 0 0 0 0 0 0 0 0 0 0 0 2 0 0 0 0 0 0 1 0 0 0 0 0 2 0 0 2 0 0 0 0 0 0 0 2 0 0 0 2 0 0 0 0 2 2 0 0 0 0 0 0 0 2 0 0 2 0 0 0 0 0 0 0 0 2 0 2 0 0 2 2 0 0 2 0 0 0 2 0 0 0 0 0 0 0 2 0 0 0 0 0 0 0 0 0
62 0 0 0 0 0 0 0 0 0 0 0 0 0 0 0 0 0 0 0 2 0 0 0 0 0 0 0 0 0 0 0 0 0 0 0 0 0 0 0 0 0 0 0 0 0 0 0 0 0 0 0 0 2 0 0 0 0 0 0 0 0 0 0 2 0 0 0 0 2 0 0 0 2 2 0 0 0 0 0 0 0 0 0 0 0 0 0 0 0 0 0 0 0 0 0 0 0 0 0 0 0 0 0 0 0 0 0 0 2 0 2 0 0 0 0 0 0 0 0 0 2 0 0 0 0 0 0 0 0 0 0 0 0 0 0 0 0 0 2 0 0 0 0 0 0 2 0 0 0 0 0 0 0 0 0 0 0 0 0 0 0 2 0 0 0 0 0 1 0 0 0 0 0 0 0 0 2 0 0 0 0 0 0 0 2 0 0 0 0 0 0 0 0 0 2 0 0 0 0 0 0 0 2 0 0 2 0 0 0 0 0 0 0 0 0 0 2 0 0 2 0 0 0 0 2 0 0 0 0 0 0 0 0 0 0 0 0 0 0 0 0 0 0 0 0
63 0 0 0 0 0 0 0 0 0 0 0 0 0 0 0 0 0 0 0 2 0 0 0 0 0 0 0 0 0 0 0 0 0 0 0 0 0 0 0 0 0 0 0 0 0 0 0 0 0 0 0 0 2 0 0 0 0 0 0 0 0 0 0 2 0 0 0 0 2 0 0 0 2 2 0 0 0 0 0 0 0 0 0 0 0 0 0 0 0 0 0 0 0 0 0 0 0 0 0 0 0 0 0 0 0 0 0 0 2 0 2 0 0 0 0 0 0 0 0 0 2 0 0 0 0 0 0 0 0 0 0 0 0 0 0 0 0 0 2 0 0 0 0 0 0 2 0 0 0 0 0 0 0 0 0 0 0 0 0 0 0 2 0 0 0 0 0 1 0 0 0 0 0 0 0 0 2 0 0 0 0 0 0 0 2 0 0 0 0 0 0 0 0 0 2 0 0 0 0 0 0 0 2 0 0 2 0 0 0 0 0 0 0 0 0 0 2 0 0 2 0 0 0 0 2 0 0 0 0 0 0 0 0 0 0 0 0 0 0 0 0 0 0 0 0
64 2 2 2 2 2 2 2 2 2 2 2 2 2 2 2 2 2 2 2 2 0 2 2 2 2 2 2 2 2 2 2 2 2 2 2 2 2 2 2 2 2 2 2 2 2 2 2 2 2 2 2 0 2 2 2 2 2 2 2 2 2 2 2 2 2 2 2 2 2 2 2 2 2 2 2 2 2 2 2 2 2 2 2 2 0 2 2 0 2 2 2 2 2 2 2 2 2 2 2 2 2 2 2 2 0 2 2 2 0 2 2 2 0 2 0 0 2 2 2 2 2 0 2 2 2 2 2 2 2 2 2 2 2 2 2 2 2 2 2 2 2 2 2 2 2 2 0 2 2 2 2 2 2 2 2 2 2 2 2 2 2 2 2 2 2 2 2 2 2 2 2 2 2 2 2 2 2 2 2 2 2 2 2 2 0 2 2 2 2 2 2 2 0 0 2 2 2 2 2 2 2 2 2 2 2 2 2 2 2 2 2 2 2 2 2 2 2 2 2 2 2 2 2 2 2 2 2 2 2 2 2 2 2 2 2 2 2 2 2 2 2 2 2 2 2
65 2 2 0 2 2 2 2 2 2 2 2 2 2 2 2 2 2 2 2 0 2 2 2 2 2 2 2 2 2 2 2 2 2 2 2 2 2 2 2 0 0 2 2 2 2 0 2 2 0 2 2 2 2 2 2 2 2 2 0 2 2 2 2 2 2 2 2 2 2 2 0 2 2 2 2 2 0 2 2 2 2 2 2 2 2 2 0 2 2 2 2 2 2 2 2 2 2 2 2 0 2 2 2 0 2 2 2 2 2 2 2 2 2 2 2 2 2 2 2 2 2 2 2 2 2 2 0 2 2 2 2 2 2 2 2 2 2 2 2 2 2 2 2 2 2 2 2 2 2 2 2 2 0 2 2 2 2 2 2 2 2 2 2 2 2 2 2 2 2 2 2 2 2 2 2 2 2 2 2 2 2 2 2 2 2 2 2 2 2 2 2 2 2 2 2 2 2 2 2 2 2 2 2 2 2 2 2 2 2 2 2 2 0 2 2 2 2 2 2 2 2 2 2 2 2 2 2 2 2 2 2 2 2 2 2 2 2 2 2 2 2 2 2 2 2
66 2 2 0 2 2 2 2 2 2 2 0 2 2 2 2 2 2 2 2 2 2 2 2 2 2 2 2 2 2 2 0 2 2 2 2 2 2 2 2 2 0 2 0 2 2 0 0 2 0 0 2 2 2 2 2 2 2 2 0 2 2 2 2 2 2 2 2 2 2 2 0 2 2 2 2 2 0 2 2 2 2 2 2 2 2 2 0 2 2 2 2 2 2 2 2 2 2 2 2 0 2 2 2 0 2 2 2 2 2 2 2 2 2 2 0 2 2 2 0 2 2 2 2 2 2 2 2 2 2 2 2 2 2 2 2 2 2 2 2 2 2 2 2 2 2 0 2 2 2 2 2 2 0 2 2 2 2 2 2 2 0 2 2 2 2 2 2 2 2 2 2 2 2 2 2 2 2 2 2 2 2 2 2 2 2 2 2 2 2 2 2 2 2 2 2 2 2 2 2 0 2 2 2 2 2 2 2 2 0 2 2 2 0 2 2 2 2 1 2 2 2 2 2 2 2 2 2 2 2 2 2 2 2 2 2 2 2 2 0 2 2 2 2 2 2
67 0 2 2 2 2 2 2 2 2 0 2 2 2 2 2 2 2 2 0 2 2 2 2 2 2 2 2 2 2 0 2 2 0 2 2 2 2 2 2 2 2 0 2 2 2 2 2 0 2 2 2 2 2 2 2 2 2 2 2 2 2 2 2 2 2 2 2 2 2 2 2 2 2 2 2 0 2 2 2 2 2 2 2 2 2 2 2 2 2 2 2 2 0 2 2 0 2 2 2 2 2 2 2 2 2 2 2 2 2 2 2 2 2 2 2 2 2 2 2 0 2 2 2 2 2 2 2 2 2 2 0 0 2 0 2 2 2 2 2 2 2 2 2 2 2 2 2 2 2 2 2 2 2 2 2 2 2 2 2 0 2 2 2 2 2 2 2 2 2 0 0 2 2 2 2 2 2 2 0 2 2 2 2 2 2 2 0 0 2 0 0 2 2 2 2 2 0 2 2 2 2 2 2 2 2 2 2 2 2 2 2 0 2 2 2 2 2 1 2 2 2 2 2 2 2 2 2 2 2 2 2 2 2 2 0 2 2 2 2 2 2 2 2 2 2
68 0 0 0 0 2 0 0 0 0 0 0 0 2 0 0 0 0 0 0 0 0 0 0 0 0 0 0 0 0 0 0 0 0 0 0 0 0 0 0 0 0 0 0 0 0 0 0 0 0 0 2 0 0 0 0 0 0 0 0 0 0 0 0 0 0 2 0 2 0 0 0 0 0 0 0 0 0 0 0 0 0 0 2 2 0 0 0 2 0 0 0 0 0 0 0 0 0 0 0 0 0 0 0 0 0 0 0 0 0 0 0 0 0 0 0 0 0 0 0 0 0 0 0 0 0 0 0 0 0 0 0 0 0 0 0 0 0 0 0 0 0 0 0 0 0 0 0 0 0 0 0 0 0 0 0 0 0 0 0 0 0 0 0 0 0 0 0 0 0 0 0 0 0 0 0 0 0 0 0 0 0 0 0 0 0 0 0 0 0 0 0 0 2 0 0 0 0 0 0 0 2 0 0 0 0 0 0 0 0 2 0 0 0 0 2 2 0 1 0 0 0 0 2 0 0 2 0 0 0 0 0 0 0 0 0 0 0 0 0 0 0 0 0 0 0
69 0 0 0 0 0 0 1 2 0 2 0 0 0 0 0 0 0 0 1 0 0 0 0 0 0 0 2 0 0 0 0 0 1 0 0 0 1 1 2 0 0 1 0 0 2 0 0 0 0 0 0 2 2 2 0 0 0 1 0 0 0 0 0 2 2 0 1 0 2 0 0 0 0 2 0 1 0 1 0 0 0 0 0 0 0 2 0 1 0 0 2 2 0 0 0 1 0 0 2 0 0 0 0 2 0 0 0 0 0 0 0 0 0 0 0 0 0 0 0 1 2 0 0 0 0 1 0 0 0 1 0 0 0 1 2 0 2 0 2 0 2 2 0 0 0 0 2 0 0 0 0 0 0 2 1 0 0 0 1 0 0 0 0 0 0 0 0 1 0 0 0 0 0 0 0 0 2 2 0 2 0 0 0 2 0 0 0 0 0 0 0 0 1 1 2 1 0 0 0 0 2 0 0 0 2 2 0 0 0 2 0 0 0 0 0 0 0 0 0 2 0 0 0 0 0 0 0 0 0 0 0 1 2 0 0 0 2 2 0 0 0 0 0 0 0
70 2 0 2 2 2 2 0 2 2 2 2 2 2 2 2 2 2 2 2 2 2 2 2 2 2 2 2 2 2 2 2 2 0 2 2 2 0 0 2 2 2 0 2 2 2 2 0 2 2 2 2 2 2 2 2 2 2 0 2 2 2 2 2 2 2 2 0 2 2 0 0 2 2 2 2 2 2 2 2 2 2 2 2 2 2 2 2 0 0 2 2 2 2 2 2 0 2 0 2 2 2 2 0 2 2 2 2 2 2 0 2 2 2 2 2 2 2 0 2 0 2 2 2 2 2 0 2 2 2 2 2 2 2 0 2 2 2 2 2 2 2 2 2 2 2 2 2 2 2 2 2 2 0 2 2 2 2 2 2 2 2 0 2 2 2 2 2 2 2 2 2 2 2 2 2 2 2 2 2 2 2 2 2 2 2 0 0 2 2 2 2 2 0 0 2 2 2 2 2 0 2 2 2 2 2 2 2 2 0 2 2 2 2 2 2 2 2 2 2 2 2 2 2 2 0 2 2 2 0 0 2 2 2 2 2 0 2 2 2 2 2 2 2 2 2
71 0 0 0 2 2 2 2 2 0 2 0 2 2 2 2 2 0 0 0 2 0 0 2 2 2 2 2 0 0 0 2 0 2 0 2 2 2 0 0 2 2 2 2 0 2 0 2 0 0 0 2 0 0 2 2 2 2 0 0 0 2 2 2 0 2 2 0 0 2 2 2 2 0 0 0 0 0 2 2 2 2 2 2 0 2 2 0 2 0 2 2 0 2 2 2 2 2 2 2 0 0 2 0 0 2 0 0 2 2 0 2 2 2 2 0 0 2 0 2 2 2 0 2 0 2 2 2 0 2 2 2 2 2 2 2 2 0 2 0 0 2 2 2 0 2 2 0 2 2 0 2 2 2 2 2 2 0 2 1 2 2 0 0 2 0 2 2 1 2 2 2 0 2 2 0 2 2 2 2 2 2 0 2 2 0 2 2 2 2 2 2 2 2 2 2 2 2 2 2 0 2 2 2 2 2 0 2 2 2 2 0 2 0 2 2 2 2 2 2 0 2 2 0 2 0 2 2 0 2 2 2 2 2 0 2 2 2 2 2 2 2 2 2 2 2
72 0 2 2 0 0 2 2 0 0 0 2 0 0 2 0 2 2 0 0 0 2 0 0 2 2 2 2 0 0 0 0 0 2 0 2 1 2 2 0 2 2 2 2 0 0 2 2 2 2 0 0 2 2 2 0 0 2 2 2 0 0 0 2 2 0 0 2 0 2 2 2 0 0 2 2 0 2 0 2 0 2 0 2 0 2 2 2 2 2 2 2 0 2 2 2 2 0 0 0 2 2 2 2 2 2 0 2 2 2 2 0 2 2 2 0 0 2 0 2 2 2 0 0 0 0 2 0 0 0 2 2 2 2 2 2 2 2 2 2 2 0 2 2 2 2 0 2 2 1 2 2 2 2 2 2 2 0 0 2 2 2 2 0 0 2 2 2 2 0 2 0 0 2 2 2 2 0 2 2 0 2 2 2 2 0 2 2 2 2 2 2 2 2 2 2 2 2 2 2 2 2 2 2 2 2 2 2 0 2 0 2 2 2 2 0 2 2 1 2 2 2 2 0 2 2 2 2 0 2 2 0 2 0 2 2 2 2 0 2 2 2 2 2 0 2
73 2 2 2 2 2 2 2 2 2 2 2 2 2 2 2 2 2 2 2 2 2 2 2 2 2 2 2 2 2 2 2 2 2 1 2 2 2 2 2 2 2 2 1 1 2 2 2 2 2 2 1 1 1 2 2 2 1 2 2 2 2 2 2 1 2 2 2 2 1 2 2 2 0 1 2 2 2 2 2 2 2 2 2 0 2 2 2 2 2 2 2 2 2 2 2 2 2 1 2 2 1 2 2 2 2 2 2 2 2 2 2 2 1 2 2 2 2 2 2 2 2 2 2 1 0 2 2 2 2 2 2 2 2 2 2 2 2 2 2 2 2 2 2 2 2 2 1 2 2 2 2 2 1 2 2 2 2 2 1 2 2 2 1 2 2 2 2 2 2 2 2 2 2 2 2 2 2 2 2 2 2 1 2 2 2 2 2 2 2 2 2 2 2 1 1 2 2 2 2 2 2 2 2 2 2 1 2 0 2 2 2 2 2 2 2 2 2 2 2 2 2 2 2 2 2 2 2 2 2 1 0 2 2 2 2 2 2 2 2 2 2 2 2 2 2
74 0 2 2 2 0 0 0 0 2 2 0 2 0 0 0 0 0 0 0 0 2 0 0 0 0 0 0 0 0 0 0 0 0 2 0 0 0 2 0 2 0 0 0 0 2 2 0 0 2 2 2 0 0 0 0 0 0 2 2 2 2 2 0 0 0 0 2 2 0 0 0 0 0 0 0 0 2 2 0 0 0 0 0 0 0 0 2 0 0 0 0 0 0 0 0 0 0 0 0 2 0 0 2 0 0 0 0 0 0 2 0 0 0 0 2 0 0 0 0 0 0 0 0 0 2 0 2 2 0 0 0 0 0 0 2 0 0 0 0 0 2 0 0 0 0 0 0 2 0 0 0 0 0 0 0 0 2 0 0 2 0 0 2 0 0 0 0 0 0 2 0 0 0 0 0 0 0 0 2 2 0 0 0 0 2 0 0 0 0 0 0 0 0 0 0 0 0 2 0 0 0 0 2 0 2 0 0 2 0 2 0 0 2 0 0 0 2 0 0 0 0 0 2 0 0 0 0 0 0 0 2 0 2 0 0 2 0 2 0 0 0 0 0 0 0
75 2 2 0 2 0 0 2 2 2 2 2 2 0 2 0 0 0 2 2 0 2 2 0 2 0 0 0 2 2 2 2 2 2 0 0 0 0 2 2 2 2 2 0 0 2 0 2 2 0 2 2 2 2 0 0 0 2 2 0 2 2 2 2 2 0 0 2 2 2 2 0 2 0 2 0 2 0 2 0 2 0 0 2 0 2 0 0 2 2 0 0 2 0 1 0 2 0 0 2 0 0 0 2 0 2 2 0 0 2 2 0 2 2 2 2 2 0 0 0 2 2 2 2 0 2 2 2 2 0 0 2 0 0 2 2 0 0 0 2 0 2 0 0 0 2 0 2 2 0 0 0 0 0 0 2 0 2 0 0 2 2 2 0 2 0 0 0 1 2 2 0 0 0 0 2 0 2 0 2 2 0 2 0 0 2 2 0 0 0 2 2 0 2 2 2 0 0 2 0 0 2 0 2 0 2 2 0 2 2 2 0 2 0 2 0 0 2 2 0 2 0 2 2 0 2 2 0 0 0 0 2 0 2 0 2 2 0 2 0 0 0 0 0 2 0
76 2 2 2 0 2 0 0 2 2 2 2 0 2 2 2 2 2 2 2 0 2 0 2 2 2 2 2 0 2 2 2 0 2 0 2 2 2 2 0 2 0 2 2 2 2 2 0 2 2 2 0 0 2 0 2 2 0 2 2 0 0 2 2 2 2 2 2 0 2 0 2 2 2 2 2 2 2 0 2 2 2 2 2 0 2 2 2 0 0 2 2 0 2 2 2 2 2 2 2 2 2 2 2 0 0 0 2 2 2 2 2 2 2 2 2 2 0 0 2 2 2 0 2 2 0 0 0 0 2 2 2 2 2 2 0 2 2 2 2 2 2 2 2 2 0 0 0 0 1 2 2 2 0 2 0 2 0 2 2 2 2 2 0 0 2 2 2 2 0 2 0 2 2 0 2 2 0 2 2 2 0 0 2 2 2 2 2 2 2 2 1 0 0 2 2 2 2 0 0 0 0 2 2 2 0 2 2 2 0 0 2 2 2 0 2 0 2 2 0 2 0 2 0 2 2 2 0 2 2 2 2 2 2 2 2 2 2 2 2 0 0 2 2 0 2
77 2 2 2 2 2 2 2 2 2 2 2 2 2 2 2 2 2 2 2 2 2 2 2 2 2 2 0 2 2 2 2 2 2 2 2 1 2 2 2 2 2 2 2 2 2 2 0 2 2 2 2 2 2 2 2 2 2 2 2 2 2 2 2 2 2 2 2 2 2 2 2 2 2 2 2 2 2 2 2 2 2 2 2 2 2 0 2 2 2 2 0 2 2 2 0 2 2 2 2 2 2 0 2 2 2 2 2 2 2 2 2 2 2 2 2 2 2 2 2 2 2 2 2 2 2 2 2 0 0 2 2 2 0 2 2 2 2 2 2 2 2 0 2 2 2 2 2 2 2 2 2 0 2 0 2 2 2 0 2 2 2 2 2 2 2 2 2 2 2 2 2 2 2 0 2 2 2 0 2 2 2 2 2 0 2 0 2 2 2 2 2 2 2 2 2 0 2 2 0 2 2 2 2 2 2 2 2 2 0 2 2 2 2 2 2 2 2 2 2 2 2 2 2 2 2 2 2 2 2 2 2 2 2 2 2 2 2 2 2 0 2 0 0 2 0
78 0 2 2 2 2 2 0 2 2 0 2 2 2 2 2 2 2 0 0 0 0 2 2 2 2 2 2 2 1 0 2 2 2 2 2 2 2 2 0 2 0 2 2 2 0 2 2 0 2 2 2 0 0 0 2 2 1 2 2 2 2 2 2 0 2 2 2 2 0 2 2 0 2 0 2 0 2 2 0 2 2 0 2 0 2 2 2 0 2 2 0 0 2 0 2 2 2 2 2 2 0 2 2 2 2 0 2 0 2 2 2 2 2 2 2 2 2 2 0 2 0 2 2 2 0 0 2 2 2 2 2 2 2 2 2 2 2 2 0 2 0 2 2 2 2 0 0 0 2 2 2 2 2 2 0 2 0 2 1 0 2 2 2 2 0 2 2 0 0 0 0 2 2 2 2 1 2 2 0 0 2 2 2 2 2 2 2 0 2 2 2 2 0 2 0 2 2 2 2 2 2 2 2 2 2 0 2 2 2 0 2 0 2 2 2 2 2 1 2 0 2 0 2 2 2 2 1 2 2 2 2 2 0 2 0 2 0 0 0 2 2 2 2 2 2
79 2 2 2 2 2 2 2 0 2 2 2 0 2 2 0 2 2 2 2 2 0 2 0 2 0 2 2 2 2 2 2 2 2 0 0 0 0 2 2 2 0 2 2 2 2 2 2 2 2 2 0 0 0 2 0 0 2 2 2 2 0 2 2 0 0 2 2 0 2 0 0 0 2 0 2 2 2 0 2 2 0 2 2 0 2 2 2 2 2 0 2 2 0 1 0 2 0 2 0 2 2 0 2 0 2 2 0 2 2 2 0 2 2 2 2 2 2 2 0 2 0 0 2 2 0 2 2 0 0 2 0 0 0 2 2 0 0 0 0 0 2 2 2 2 2 0 0 2 1 2 2 0 0 2 2 2 2 2 1 2 0 0 0 0 2 0 2 0 2 2 0 2 0 2 0 0 2 2 2 2 0 2 0 2 2 2 0 2 2 2 1 0 2 0 0 2 0 2 0 2 2 2 0 2 2 0 0 0 2 2 0 0 2 2 0 0 0 1 2 0 2 2 0 0 0 2 0 0 0 0 0 2 2 2 0 2 0 2 0 0 2 2 2 2 2
80 0 0 0 0 0 0 2 2 0 0 0 0 0 2 2 2 0 0 0 0 0 0 2 2 0 0 0 0 0 0 0 0 0 0 0 0 2 0 0 2 0 0 2 0 0 0 2 2 0 0 2 0 0 2 2 2 2 0 0 2 2 0 0 0 0 0 0 0 0 0 0 0 2 0 0 0 0 0 2 2 2 0 0 2 0 0 0 2 0 0 0 0 2 1 0 0 0 0 2 0 2 0 0 0 0 2 0 2 0 0 0 0 0 2 0 0 0 0 0 0 0 0 0 0 0 2 2 0 2 0 2 0 0 0 2 0 0 0 0 0 0 2 0 0 0 0 0 2 1 2 0 2 2 2 0 2 0 2 1 2 2 0 0 0 0 0 0 0 0 2 0 2 0 2 0 0 2 2 2 0 0 2 0 0 2 2 2 2 0 2 1 0 2 2 2 0 0 2 0 0 0 0 2 0 2 0 0 0 2 0 0 0 0 0 0 2 2 0 0 0 2 0 0 0 0 0 0 2 0 2 0 2 0 2 0 2 2 0 0 0 0 0 0 0 0
81 2 2 0 0 2 0 2 0 0 2 0 2 2 2 2 2 0 0 0 2 2 2 2 2 0 0 0 2 0 0 2 2 2 2 0 0 0 2 0 0 2 2 2 2 2 0 2 2 0 2 2 2 0 0 2 2 2 2 0 2 2 0 2 0 2 2 2 2 2 2 2 0 0 0 0 0 0 2 2 2 0 2 0 2 0 0 0 2 2 0 0 0 0 1 0 2 0 2 0 0 0 0 2 2 2 2 0 2 0 0 0 2 0 2 2 2 0 0 0 2 0 2 0 2 2 2 2 0 0 0 2 2 0 2 0 0 2 0 2 0 2 2 0 0 2 2 2 0 1 2 2 0 2 0 2 2 0 0 1 2 2 2 2 0 0 0 0 1 0 2 2 0 0 2 0 0 0 0 2 2 2 0 0 0 0 2 2 2 2 2 0 2 2 2 2 0 0 0 0 0 2 0 0 2 0 2 2 0 2 2 0 0 0 2 0 0 0 1 2 2 2 2 2 2 2 0 2 2 2 0 0 2 2 2 0 2 2 2 0 0 0 0 2 0 0
82 0 0 0 0 0 0 0 2 0 0 0 0 0 2 0 0 0 0 0 0 0 0 0 2 0 2 2 0 0 0 2 0 0 0 0 1 0 0 0 2 0 0 2 0 0 0 0 0 0 2 2 0 2 0 0 0 0 0 0 0 0 0 0 2 0 0 0 2 0 0 0 0 0 2 0 0 0 0 0 0 0 0 0 0 0 2 0 0 0 0 0 0 0 0 0 0 0 0 2 0 0 0 0 0 2 0 0 0 0 0 0 0 0 0 0 0 0 0 0 0 0 2 0 0 0 0 0 0 0 2 0 0 0 0 0 0 2 0 0 0 0 0 2 0 0 2 0 2 0 0 0 2 0 0 0 0 0 0 0 0 2 0 0 0 0 2 0 0 0 0 2 0 2 0 0 0 0 0 0 0 0 0 0 2 2 0 0 0 0 0 0 0 0 0 2 2 0 2 2 0 0 0 0 0 0 0 0 0 0 0 0 0 0 0 0 0 0 1 0 0 0 2 2 0 0 0 0 0 0 0 0 0 0 0 0 0 0 0 0 2 0 0 2 0 0
83 2 2 2 2 2 2 2 2 2 2 2 2 2 2 2 2 2 2 0 2 2 2 2 2 2 2 2 2 2 0 2 2 2 0 0 2 2 2 2 2 2 2 2 2 2 2 2 2 2 2 2 2 2 0 2 2 2 2 2 2 2 2 2 2 0 2 2 2 2 2 2 2 2 2 2 0 2 2 2 2 2 0 2 2 0 2 2 2 2 0 2 2 2 1 2 2 2 2 2 2 2 2 2 2 2 0 2 2 2 2 2 2 2 2 2 2 2 2 2 2 0 2 2 2 2 2 2 2 2 2 2 2 2 2 2 2 0 2 2 2 2 2 2 2 2 0 2 2 2 2 2 2 2 2 0 2 2 2 1 2 2 0 0 2 2 2 2 2 2 2 0 2 2 2 2 2 2 2 2 2 2 2 2 2 2 2 2 2 2 2 2 2 2 2 0 2 0 2 2 2 2 2 2 2 2 2 2 2 2 0 2 2 2 2 0 2 2 2 0 2 2 2 2 2 0 2 2 0 2 2 2 2 2 0 2 0 2 2 2 2 2 2 2 2 2
84 2 2 2 2 2 2 0 2 2 2 2 2 2 2 2 2 0 2 2 2 2 2 2 2 2 0 2 2 2 2 2 2 2 2 0 2 2 2 2 2 2 2 2 2 2 2 2 2 2 2 2 2 2 2 2 2 2 2 2 2 2 2 2 2 2 2 2 2 2 2 2 2 2 2 0 2 2 2 2 2 2 2 0 2 2 2 2 2 2 0 2 2 0 2 2 2 2 2 2 2 2 2 2 2 2 2 0 2 2 2 2 2 2 2 2 2 0 2 2 2 2 2 2 2 2 0 2 0 2 2 0 2 2 2 2 2 2 2 2 2 2 2 2 2 2 2 2 2 2 0 2 2 2 0 2 2 2 2 2 2 0 2 2 0 0 2 0 2 2 2 2 2 2 2 0 2 2 0 2 2 2 2 2 2 2 0 2 0 0 2 2 2 2 2 2 0 2 2 2 0 2 0 2 2 2 2 2 0 2 2 2 2 2 2 2 0 2 2 2 2 2 2 2 2 2 0 2 2 2 2 0 2 2 0 2 2 0 2 2 2 0 2 2 2 2
85 0 2 0 2 2 2 2 2 2 0 2 2 2 0 2 0 0 0 2 2 0 0 0 0 2 2 0 0 0 2 2 0 2 2 0 1 2 2 2 0 0 2 2 2 2 0 2 2 0 2 0 2 2 2 0 0 2 2 0 0 2 2 0 2 2 2 2 0 2 0 2 2 0 2 0 2 0 2 2 0 0 2 0 2 2 0 0 2 2 0 2 2 0 2 0 2 2 2 2 0 2 2 2 2 0 2 2 2 2 0 2 0 2 2 2 2 0 2 2 2 2 2 2 2 2 2 0 2 2 2 0 0 0 2 2 2 0 2 2 2 2 0 0 2 2 2 2 0 2 2 0 2 2 0 2 2 2 0 2 2 2 0 2 0 0 0 2 2 2 2 2 0 0 2 2 0 0 0 2 2 2 2 0 0 2 2 2 0 2 2 2 2 2 0 2 2 2 2 0 2 2 2 0 2 2 2 2 2 2 0 2 2 0 2 2 0 0 1 2 2 0 2 0 2 0 0 2 0 0 2 2 2 2 0 2 0 0 2 2 0 0 2 0 0 2
86 0 2 0 2 2 2 2 2 2 0 2 2 2 0 2 0 0 2 2 2 2 0 0 0 2 2 2 0 2 2 2 0 2 2 2 2 2 2 2 0 0 2 2 2 2 0 2 2 0 2 0 2 2 2 0 0 2 2 0 2 2 2 0 2 2 2 2 0 2 0 2 2 0 2 0 2 0 2 2 0 2 2 0 2 2 2 0 2 2 2 2 2 0 2 0 2 2 2 2 0 2 2 2 2 2 2 2 2 2 0 2 0 2 2 2 2 2 2 2 2 2 2 2 2 2 2 2 2 2 2 2 0 2 2 2 2 2 2 2 2 2 2 2 2 2 2 2 2 2 2 0 2 2 0 2 2 2 2 2 2 2 0 2 2 2 2 2 2 2 2 2 0 2 2 2 0 0 0 2 2 2 2 2 2 2 2 2 2 2 2 2 2 2 0 2 2 2 2 2 2 2 2 0 2 2 2 2 2 2 0 2 2 0 2 2 2 0 2 2 2 0 2 0 2 0 0 2 0 0 2 2 2 2 2 2 2 2 2 2 2 2 2 2 2 2
87 2 2 2 2 2 2 2 2 0 2 0 2 2 2 2 2 2 0 2 2 2 2 2 2 0 0 2 2 0 2 2 2 2 2 2 1 0 2 0 2 2 2 2 2 0 2 2 2 2 2 2 2 2 2 2 2 2 2 2 2 0 2 2 2 2 2 2 2 2 2 2 2 2 2 2 2 2 2 2 2 0 2 2 2 2 2 2 2 2 2 2 0 2 2 2 2 0 2 2 2 2 2 2 0 0 2 2 2 2 2 2 2 2 0 2 2 2 2 2 2 2 0 2 2 2 2 2 2 2 2 2 2 2 2 2 2 0 2 2 2 0 0 2 0 2 2 2 0 1 2 2 2 2 2 2 0 2 2 1 0 2 2 2 0 2 0 2 1 2 0 2 2 2 2 2 2 2 2 0 0 2 2 0 2 2 2 2 2 2 0 0 2 2 2 2 2 2 2 2 2 2 2 2 2 2 2 2 0 2 2 0 2 2 2 2 2 2 1 2 2 2 2 2 2 2 2 2 2 2 2 0 2 0 0 2 2 2 0 2 2 2 0 0 0 2
88 2 2 2 0 2 2 2 2 2 2 2 0 2 2 2 2 2 2 2 2 2 2 2 2 2 2 0 2 2 2 2 2 2 2 0 1 2 2 2 2 2 2 2 2 2 2 2 2 2 2 2 2 2 2 2 2 2 2 2 2 0 2 2 2 2 2 2 2 2 2 2 2 2 2 2 2 2 0 2 2 2 2 0 2 2 0 2 2 2 0 2 2 2 1 0 2 2 2 2 2 2 2 2 2 0 2 2 2 2 2 2 0 2 2 2 2 2 2 2 2 2 2 2 2 2 2 2 2 2 2 2 2 0 2 0 0 2 2 2 2 2 0 0 2 2 2 2 2 2 2 2 2 2 2 0 2 2 2 1 2 2 2 2 2 2 2 2 2 2 2 2 2 2 0 0 0 2 2 2 2 2 2 2 0 2 2 2 0 2 2 2 2 2 2 2 0 0 2 2 0 2 0 0 2 0 2 2 2 2 0 2 2 2 2 2 2 0 2 0 2 2 2 2 2 2 0 2 2 2 2 2 2 2 2 2 2 2 2 2 2 2 2 2 0 2
89 0 0 0 0 0 0 0 0 0 0 0 0 0 0 0 0 0 0 0 0 2 0 0 0 2 0 2 0 0 0 2 0 0 0 2 2 0 0 0 0 0 0 0 0 0 0 0 2 0 0 0 0 0 0 0 0 0 0 0 0 0 0 0 0 0 0 0 0 0 0 0 0 0 0 0 0 0 0 2 0 0 0 0 0 0 2 0 0 0 2 2 0 0 1 0 0 0 0 0 0 0 0 0 0 0 0 0 2 0 2 0 0 0 2 0 0 0 0 0 0 0 0 0 0 0 0 0 2 0 0 0 0 0 0 0 2 0 2 0 2 0 2 2 2 0 0 0 0 0 0 0 0 0 2 0 0 0 2 1 0 0 0 0 2 0 0 0 0 0 0 0 0 0 2 2 0 0 2 0 0 0 0 0 2 0 0 0 0 0 0 0 0 0 0 0 2 0 0 2 0 0 2 0 0 0 0 2 0 0 0 0 0 0 0 0 0 0 1 2 0 0 0 0 2 0 0 0 0 0 0 0 0 0 0 0 2 0 0 0 2 0 0 0 2 2
90 2 2 2 0 2 0 2 0 0 2 2 2 2 2 2 2 0 2 2 0 2 2 0 2 2 2 0 2 2 2 2 2 2 0 0 1 2 2 2 2 0 2 2 0 2 2 0 2 2 2 2 0 2 0 0 0 2 2 2 0 2 0 2 2 0 2 2 0 2 2 2 2 2 2 0 2 2 2 0 0 2 2 0 2 2 0 2 2 0 0 2 2 2 1 0 2 2 2 0 2 0 0 2 0 0 2 2 0 2 0 2 0 0 2 2 2 0 2 2 2 0 2 2 0 2 2 2 0 0 2 0 2 0 2 0 0 2 2 0 0 2 0 0 2 2 0 0 0 1 2 2 0 2 0 2 2 0 0 1 2 0 2 0 0 0 0 0 0 0 2 0 2 0 0 2 2 0 0 2 2 0 2 2 0 0 0 2 2 2 2 2 0 2 0 0 2 2 0 0 2 0 2 2 2 0 0 0 0 0 0 2 2 2 2 0 0 2 2 0 0 2 2 0 0 2 0 0 0 2 2 0 0 2 2 2 0 0 2 2 0 0 2 2 0 0
91 2 2 2 2 2 2 2 2 2 2 0 2 2 2 2 2 2 2 2 2 2 2 2 2 2 0 2 2 2 2 2 2 2 2 2 2 2 2 0 2 2 2 2 2 2 2 2 2 2 2 2 2 0 2 2 2 2 2 2 2 2 0 2 0 2 2 2 2 2 2 2 2 2 0 2 2 2 2 2 2 2 2 2 2 2 2 2 2 2 2 2 0 2 2 2 2 2 2 2 2 2 2 2 2 2 2 0 2 2 2 2 2 2 2 2 0 2 2 2 2 2 0 0 2 2 2 2 2 0 2 2 2 0 2 2 2 2 0 2 2 2 2 2 2 2 2 2 2 2 2 2 2 2 2 2 2 2 2 2 0 2 2 2 2 2 2 2 2 2 0 2 2 2 2 2 2 2 2 0 2 2 2 2 2 2 2 0 2 0 1 1 2 2 2 2 2 2 2 2 2 2 2 2 2 2 2 2 2 2 2 2 2 2 2 2 2 2 1 2 2 2 0 2 2 2 2 2 2 0 2 2 2 2 0 2 0 2 2 2 2 2 2 2 2 2
92 2 2 2 2 2 2 0 2 2 2 2 2 2 2 2 2 2 2 2 2 2 2 2 2 2 2 2 2 2 2 2 2 0 2 2 2 2 2 2 2 2 0 2 2 2 2 2 2 2 2 2 2 2 2 2 2 2 2 2 2 2 2 2 2 2 2 2 2 2 0 2 2 0 2 2 2 2 2 2 2 2 2 2 2 0 2 2 2 2 2 2 2 2 2 2 0 2 2 2 2 2 2 2 2 2 2 2 2 2 2 0 2 2 2 2 2 2 2 2 0 2 2 2 2 2 0 2 2 2 2 2 0 2 0 2 2 2 2 2 2 2 2 2 2 2 2 2 2 2 2 0 2 2 2 2 2 2 2 2 2 2 2 2 2 2 2 2 2 2 2 2 2 2 2 2 2 2 2 2 2 2 2 2 2 2 2 2 2 2 2 2 2 2 2 2 2 0 2 2 2 2 2 2 0 2 2 2 2 2 2 2 2 2 2 0 2 2 2 2 2 2 2 2 2 2 2 2 2 2 2 2 2 2 2 2 2 2 2 2 2 2 2 2 2 2
93 2 2 2 2 2 2 0 2 2 2 2 2 2 2 2 2 2 2 0 2 2 2 2 2 2 2 2 2 2 0 2 2 2 2 2 2 2 2 2 2 2 2 2 2 2 2 2 2 2 2 2 2 2 2 2 2 2 2 2 2 2 2 0 2 2 2 2 2 2 2 2 2 2 2 2 0 2 2 2 2 2 2 0 2 2 2 2 2 2 2 2 2 0 2 2 2 0 2 2 2 2 2 2 2 2 2 2 2 2 0 2 0 2 2 2 2 2 2 2 2 2 2 2 2 2 0 2 2 2 2 2 2 2 2 2 2 2 2 2 2 2 2 2 2 2 2 2 2 1 2 2 2 2 2 0 2 2 2 2 2 2 2 2 2 2 2 2 1 2 2 2 2 2 2 2 0 2 2 2 2 2 2 0 2 2 2 2 2 2 2 1 2 2 2 2 2 2 0 2 2 2 2 2 0 2 2 2 2 2 2 2 2 2 2 2 2 2 2 0 2 2 2 2 2 2 0 2 2 2 2 2 2 2 2 2 2 2 2 2 2 2 2 2 2 2
94 2 2 2 2 2 0 2 2 2 2 2 2 2 2 2 2 2 0 2 2 2 2 2 2 2 2 0 2 0 2 2 2 2 2 2 1 2 2 2 2 2 2 2 2 2 2 2 2 2 2 2 2 2 2 2 2 2 2 2 2 2 2 2 2 2 2 2 2 2 2 2 2 2 2 2 2 2 2 2 2 2 2 2 2 2 0 2 2 2 2 2 2 2 2 2 2 2 2 2 2 2 2 2 2 2 2 2 2 2 2 2 2 2 2 2 2 2 2 2 2 2 2 2 2 2 2 2 2 2 2 2 2 2 2 2 2 2 2 2 0 2 0 0 2 2 2 2 0 1 2 2 2 2 2 2 0 2 2 2 2 2 2 2 2 2 0 2 2 2 2 2 2 0 2 2 2 2 2 2 2 2 2 2 0 2 2 2 2 2 2 2 2 2 2 2 2 2 2 2 2 2 2 0 2 2 2 2 2 2 2 2 0 2 2 2 2 0 2 2 2 2 2 2 2 2 2 2 2 2 2 2 2 2 0 0 2 2 2 2 2 2 0 2 0 0
95 2 2 2 2 2 2 2 0 2 2 2 2 2 2 2 2 2 2 2 2 2 2 2 2 2 2 2 2 2 2 0 2 2 2 0 2 2 2 2 2 2 2 2 2 2 2 2 2 2 2 0 2 2 2 2 2 2 2 2 2 2 2 0 2 0 2 2 2 2 2 2 2 2 2 2 2 2 2 2 2 0 2 2 2 2 2 2 2 2 0 2 2 2 2 2 2 2 2 0 2 2 0 2 0 0 2 2 2 2 2 2 2 2 2 2 2 0 2 2 2 2 2 2 2 2 2 2 2 2 2 2 2 0 2 2 2 2 2 2 2 2 2 2 2 2 2 2 2 2 0 2 0 2 2 2 2 2 0 2 2 2 2 2 2 2 2 2 2 2 2 2 2 2 2 2 2 2 2 2 2 2 0 2 2 2 2 2 2 2 2 1 2 2 2 2 2 2 2 2 2 2 2 2 2 2 2 2 2 2 2 2 2 2 2 2 0 2 2 2 2 0 2 2 2 2 2 2 2 2 2 2 2 2 2 2 2 2 2 2 2 0 2 2 0 2
96 0 0 0 0 0 0 0 0 0 0 0 0 0 0 0 0 0 0 0 0 0 2 0 0 0 0 0 2 0 0 0 2 2 0 0 0 0 0 0 0 0 2 0 0 0 0 0 0 0 0 0 0 0 0 0 0 0 0 0 0 0 0 0 0 0 0 0 1 2 2 0 0 0 0 0 0 0 0 0 0 2 0 2 2 2 0 0 0 0 0 0 0 0 0 0 2 0 0 0 0 0 0 0 0 0 0 0 0 0 0 0 0 0 0 0 0 0 0 0 2 0 0 2 0 0 0 0 0 0 0 0 0 0 2 0 0 0 0 0 0 0 0 0 0 0 0 0 0 0 0 2 0 0 0 0 0 0 0 0 0 0 0 0 0 0 0 0 0 0 0 0 0 0 0 0 0 0 0 0 0 0 0 0 0 0 0 0 0 0 0 0 0 0 0 0 0 0 0 0 0 0 0 0 0 0 0 0 0 0 0 0 0 0 0 2 0 0 0 2 0 0 0 0 0 0 2 0 0 0 0 0 0 0 0 0 0 0 0 0 0 0 0 0 0 0
97 2 2 2 2 2 2 2 2 2 2 2 2 2 2 2 2 2 2 2 2 2 2 2 2 2 2 2 2 2 2 2 2 2 2 2 2 2 2 2 2 2 2 2 2 2 2 2 2 2 2 2 2 2 2 2 2 2 2 2 2 2 2 2 2 2 2 2 2 2 2 0 2 0 2 2 2 2 2 2 2 2 2 2 2 2 2 2 2 2 2 2 2 2 2 2 2 2 2 2 2 2 2 2 0 0 2 2 2 2 2 2 2 2 2 2 2 2 2 2 2 2 2 2 2 2 2 2 2 0 2 2 2 2 2 2 2 2 2 2 2 2 2 2 2 2 2 2 2 2 2 0 2 0 2 2 2 2 2 2 2 2 2 2 2 2 2 2 1 2 2 2 2 2 2 2 2 2 2 2 2 2 2 2 2 2 2 2 2 2 2 2 2 2 0 0 2 2 2 2 2 2 2 0 2 2 2 2 2 2 2 2 2 2 2 2 2 0 2 2 0 0 2 2 2 2 2 2 2 2 2 2 2 2 2 2 2 0 2 2 2 2 2 2 2 2
98 2 2 2 2 2 2 0 2 2 2 2 2 2 2 0 2 0 2 0 2 2 2 2 2 2 2 2 2 2 0 0 2 2 2 2 2 2 2 2 2 2 2 2 2 2 2 2 2 2 2 0 2 2 2 2 2 2 2 2 2 2 2 2 2 2 2 2 2 2 2 2 2 2 2 0 0 2 2 2 2 2 2 2 2 2 2 2 2 2 2 2 2 2 2 2 2 2 2 2 2 2 2 2 0 2 2 2 2 2 2 2 2 2 2 2 2 2 2 0 2 2 2 0 2 2 0 2 2 2 2 2 2 2 2 2 2 2 2 2 2 2 2 2 2 2 2 2 0 1 2 2 2 2 2 2 2 2 2 2 2 2 2 2 2 2 0 2 2 2 2 2 2 2 2 2 2 2 2 2 2 0 2 2 2 2 2 2 2 2 2 2 0 2 2 2 0 2 2 2 2 2 2 2 2 2 2 2 2 2 2 2 2 2 2 0 2 2 2 0 2 2 2 2 2 2 2 0 2 2 2 2 0 2 2 2 2 2 2 0 2 2 2 2 2 2
99 2 2 2 2 2 2 0 2 2 2 2 2 2 2 0 2 2 2 2 2 2 2 2 2 2 0 2 2 2 2 2 2 2 2 2 2 2 2 2 2 2 2 2 2 2 2 2 2 2 2 2 2 2 2 2 2 2 2 2 2 0 2 2 2 2 2 2 2 2 2 2 0 2 2 2 2 2 2 2 2 2 2 2 2 2 2 2 2 2 2 2 2 2 2 2 2 2 0 2 2 2 2 2 2 2 2 2 2 2 2 2 2 2 2 2 2 2 2 0 2 2 2 2 2 2 0 2 2 2 2 2 2 2 2 2 2 2 2 2 2 2 2 2 2 2 2 2 2 1 2 2 2 2 2 2 2 2 2 2 0 2 2 2 2 2 2 2 2 2 0 2 0 2 2 2 2 2 2 0 2 2 2 2 2 2 2 2 2 2 2 2 2 2 2 2 2 2 2 2 2 2 2 2 2 2 2 2 2 2 2 2 2 2 2 0 2 2 1 0 2 2 2 2 2 2 2 2 2 2 2 2 0 2 2 2 2 2 2 0 2 2 2 2 2 2
100 2 2 2 2 2 2 2 2 2 2 2 2 2 2 2 2 2 2 2 2 2 0 2 2 2 2 2 0 2 2 2 0 0 0 2 1 2 2 2 2 2 0 2 2 2 2 2 2 2 2 2 2 2 2 2 2 2 2 2 2 2 2 2 2 2 2 2 0 2 2 2 2 2 2 2 2 2 2 2 2 0 2 2 0 2 2 2 2 2 2 2 2 2 2 2 0 2 2 2 2 2 2 2 2 2 2 2 2 2 2 2 2 2 2 2 2 2 2 2 0 2 2 2 2 2 2 2 2 2 2 2 2 2 0 2 2 2 2 2 2 2 2 2 2 2 2 2 2 2 2 2 2 2 2 2 2 2 2 2 2 2 2 0 2 2 2 2 2 0 2 2 2 2 2 2 0 2 2 2 2 2 0 2 2 2 2 2 2 2 2 2 2 2 2 2 2 2 0 2 2 2 2 2 2 2 2 2 2 2 2 2 2 2 2 2 2 2 2 2 2 2 2 0 2 2 2 2 2 2 2 2 2 2 2 2 2 2 2 2 2 2 2 2 2 2
101 2 2 2 2 2 2 2 2 2 2 2 2 2 2 2 2 0 2 2 2 2 2 2 2 0 2 2 2 2 2 0 2 2 2 2 2 2 2 2 2 2 2 2 2 2 2 2 0 2 2 2 2 2 2 2 2 2 2 2 2 2 2 2 2 2 2 2 2 2 2 2 2 0 2 0 2 2 2 0 2 2 2 2 0 2 2 2 0 2 2 2 2 2 1 2 2 2 2 2 2 0 2 2 2 2 2 2 2 0 2 0 2 2 2 2 2 0 2 2 2 2 2 2 2 2 2 2 2 2 2 2 2 0 2 2 2 2 2 2 2 2 2 2 2 2 2 2 2 2 2 2 2 2 2 2 2 2 2 2 2 2 2 2 2 2 2 0 1 2 2 0 2 2 2 2 2 2 2 2 2 2 2 2 2 2 2 0 2 0 2 2 2 0 2 2 2 2 2 2 2 2 2 0 2 2 2 2 0 2 2 2 2 2 2 2 0 0 2 2 0 2 2 2 0 2 2 2 2 2 2 0 2 2 2 2 2 2 2 2 2 0 2 0 2 0
102 2 2 2 2 2 2 2 2 2 2 2 2 2 2 2 2 2 2 2 2 2 2 0 2 2 2 2 2 2 2 0 2 2 2 2 2 2 2 2 2 2 2 2 2 2 2 2 2 2 2 2 2 2 2 0 0 0 2 2 2 2 2 2 2 2 2 2 2 2 2 2 2 2 2 2 2 2 2 2 2 2 2 2 2 2 2 2 2 0 2 2 2 2 2 2 2 0 2 2 2 2 2 2 2 2 2 2 2 2 2 2 2 2 2 2 2 2 2 2 2 0 2 2 2 2 2 2 2 2 2 2 2 2 2 2 2 2 2 2 2 2 2 2 0 2 2 2 2 1 2 2 2 2 2 2 2 2 2 0 2 2 2 2 2 2 2 2 0 2 2 2 2 2 2 2 2 2 2 2 2 2 2 2 2 2 2 2 2 2 2 2 2 2 0 2 1 2 2 2 0 2 2 2 2 2 2 2 2 2 2 2 2 2 2 2 2 2 2 2 2 2 2 2 2 2 2 2 2 2 2 2 2 2 2 2 2 2 2 2 2 2 2 2 2 2
103 0 0 0 0 0 0 0 0 0 0 0 0 0 0 0 0 0 0 0 0 0 0 0 0 0 0 0 0 0 0 0 0 0 0 0 0 0 0 0 0 0 0 0 0 0 0 0 0 0 0 0 0 0 0 0 0 0 0 0 0 0 0 0 0 0 0 0 0 0 0 0 0 0 0 0 0 0 0 0 0 0 0 0 0 0 0 0 0 0 0 2 0 0 0 0 0 0 0 0 0 2 2 0 0 0 0 0 0 2 0 0 0 0 0 0 0 0 0 0 0 0 2 0 0 0 0 0 0 0 0 0 0 0 0 0 0 0 0 0 2 0 0 0 0 0 0 0 0 0 0 0 0 0 2 0 0 0 0 0 0 0 0 0 0 2 0 2 0 0 0 0 0 2 0 0 0 0 2 0 0 0 0 2 0 0 0 0 0 2 0 0 0 0 0 0 0 0 0 0 0 0 2 2 0 0 0 0 0 0 0 0 0 0 0 0 0 2 0 0 0 0 0 0 0 0 0 0 2 2 0 0 0 0 0 0 0 0 0 0 0 0 2 0 0 2
104 2 2 2 2 2 2 2 2 2 2 2 2 2 2 2 2 2 0 0 2 2 2 2 2 2 2 2 2 0 0 2 2 0 2 2 2 2 2 2 2 2 0 2 2 2 2 2 2 2 2 2 2 2 2 2 2 2 2 2 2 2 0 2 2 2 2 2 2 2 2 2 0 2 2 2 0 2 2 2 2 2 2 2 2 2 2 2 2 2 2 2 2 2 2 2 0 2 2 2 2 2 2 2 2 2 2 2 2 2 2 2 2 2 2 0 2 2 2 2 0 2 0 2 2 2 2 2 2 2 2 2 2 2 0 2 2 2 2 2 2 2 2 2 2 2 2 2 2 2 2 2 2 2 2 2 2 2 2 2 0 2 2 2 2 2 2 2 2 2 0 2 2 2 2 2 2 2 2 0 2 2 2 2 2 2 2 2 2 2 2 2 2 2 2 2 2 2 2 2 2 2 2 2 0 2 2 2 2 2 2 2 2 2 2 2 2 2 2 2 2 2 2 2 2 2 2 2 2 2 2 2 2 2 2 2 0 2 2 2 2 2 2 2 2 2
105 2 2 2 2 2 0 2 2 2 2 2 2 2 2 2 2 2 2 2 2 2 2 2 2 2 2 2 2 2 2 2 2 2 2 0 2 2 2 2 2 2 2 2 0 2 2 2 2 2 2 2 2 2 2 2 2 0 2 2 2 2 2 2 2 2 2 2 2 2 2 2 2 2 2 2 2 2 2 2 2 2 2 2 2 2 2 2 2 0 0 0 2 1 2 2 2 2 2 2 2 2 2 2 2 0 1 2 2 2 2 2 1 2 0 2 2 2 0 2 2 2 2 2 0 0 2 2 2 2 0 2 2 2 2 2 0 0 2 2 2 2 2 2 0 2 2 2 0 1 2 2 2 2 2 2 2 2 2 1 2 2 0 2 2 2 2 0 2 0 2 2 2 2 2 2 2 2 2 2 2 2 2 2 2 2 2 2 2 2 2 2 2 2 2 2 2 2 0 2 2 2 2 2 2 2 2 2 2 2 2 2 2 2 2 2 2 2 2 2 2 2 2 2 2 0 2 2 2 2 2 2 2 2 2 2 2 2 2 2 2 2 2 0 2 2
106 0 0 0 2 2 1 2 2 0 0 0 0 2 2 0 0 0 0 0 0 2 0 0 2 0 0 0 0 0 0 0 0 0 2 0 1 0 0 0 0 0 0 0 2 0 0 0 2 0 0 0 2 0 0 0 0 2 0 0 0 2 0 0 0 0 2 0 2 2 0 2 2 0 0 0 0 0 0 0 2 0 2 0 2 0 0 0 0 0 0 2 0 0 1 0 0 0 0 2 0 1 0 0 0 2 2 2 0 0 2 0 0 0 2 0 2 2 0 0 0 0 0 0 2 0 2 0 0 2 0 2 0 0 0 2 2 0 0 0 0 0 2 0 0 2 0 2 0 1 2 2 2 0 0 0 0 0 2 0 2 0 2 2 2 0 0 2 2 0 2 0 0 0 2 0 2 2 2 2 2 0 0 0 0 2 2 0 0 2 2 1 0 0 2 0 0 0 0 0 2 2 0 0 0 2 0 0 2 0 2 2 0 0 2 0 0 0 0 2 2 2 0 2 0 2 0 0 0 0 0 2 0 2 0 0 0 2 2 0 0 2 0 0 0 2
107 2 0 2 2 2 0 2 2 2 0 2 2 2 2 2 0 2 0 2 2 0 0 0 2 2 0 2 0 0 2 0 0 0 2 2 2 2 0 2 2 2 0 2 0 0 2 2 0 2 0 2 2 2 0 0 0 0 0 2 0 2 2 0 2 0 2 0 2 2 0 0 2 2 2 2 2 2 2 0 0 2 2 0 2 0 2 2 2 2 2 2 2 0 1 2 0 0 2 2 2 2 2 0 0 0 2 2 0 2 2 0 0 2 2 0 2 2 0 0 0 0 2 2 0 0 2 2 2 2 2 2 0 2 0 2 2 2 2 2 2 0 2 2 2 2 2 2 2 1 2 0 2 2 2 2 2 2 2 2 2 2 0 2 2 2 2 2 1 0 2 2 2 2 2 2 0 2 2 2 2 2 2 0 2 2 2 0 0 2 2 1 2 2 0 2 2 0 0 2 0 2 2 2 0 2 2 2 2 2 2 2 2 2 2 0 2 2 1 0 2 2 2 2 0 0 0 2 2 0 2 2 2 2 2 2 2 2 2 0 2 2 2 2 2 2
108 0 0 0 0 0 0 2 0 1 2 2 2 0 2 0 2 0 0 2 0 1 2 0 2 0 2 0 2 2 2 0 2 0 1 0 0 0 0 0 2 2 0 0 0 2 0 0 2 0 2 2 2 0 2 0 0 0 0 0 0 2 1 2 0 1 0 0 2 2 2 2 2 1 0 0 2 0 2 2 2 0 2 1 0 0 2 0 2 2 0 0 0 1 2 1 0 0 0 0 0 0 2 0 0 0 2 0 0 0 0 0 1 1 0 0 0 0 2 2 0 0 2 0 0 1 2 2 0 0 0 1 1 0 0 2 0 0 0 1 0 2 0 0 0 1 1 2 1 0 1 0 0 1 2 2 1 0 0 2 0 0 0 2 2 0 0 0 1 2 0 1 2 0 0 0 2 2 2 0 2 0 0 0 0 1 0 1 2 2 2 1 0 2 2 0 0 2 2 0 0 2 0 0 0 2 2 2 0 0 2 2 2 0 1 2 0 0 2 0 2 2 2 2 0 0 0 0 2 2 2 0 2 2 2 2 2 2 2 2 0 0 0 0 0 2
109 0 0 0 0 0 0 0 0 2 0 2 0 0 2 0 0 0 2 2 2 0 0 0 2 0 2 0 0 2 2 0 0 0 2 0 1 0 0 2 0 0 0 0 0 0 0 0 2 0 0 2 0 0 0 0 0 0 0 0 0 2 2 0 0 0 0 0 0 2 0 0 0 2 0 0 2 0 0 2 0 0 0 2 0 2 0 0 2 0 0 0 2 2 0 0 0 0 0 0 0 0 0 0 0 0 0 0 0 0 0 0 2 0 0 0 0 0 0 0 0 0 0 2 0 0 0 0 0 0 2 0 2 0 0 0 0 0 0 0 0 0 0 0 0 2 2 0 0 0 0 0 0 0 0 0 0 0 0 0 2 2 0 2 0 0 2 0 1 0 2 2 0 0 0 0 2 2 0 2 2 0 0 0 0 0 0 2 0 0 2 0 0 2 0 0 0 0 2 0 0 0 0 0 0 0 2 0 0 0 0 0 2 0 2 0 0 0 0 0 2 2 0 0 0 0 2 0 0 0 0 0 2 2 0 2 2 0 2 0 0 0 0 0 0 0
110 0 2 2 0 2 2 2 2 2 0 0 2 2 2 0 0 2 2 2 2 2 2 2 2 2 2 0 2 2 2 0 2 0 2 0 1 2 2 2 2 0 0 2 2 0 2 2 2 2 2 2 2 2 0 2 2 2 2 2 2 0 2 2 2 0 2 2 0 2 2 2 0 2 2 2 2 2 2 0 2 0 2 2 2 0 0 2 2 0 0 2 2 2 0 0 0 2 2 2 2 1 2 2 2 2 2 2 2 2 2 2 2 0 2 0 0 2 0 0 0 0 2 2 2 2 2 2 2 0 0 2 2 0 0 2 0 0 2 0 2 0 2 2 2 2 2 2 2 1 0 2 0 2 2 2 2 0 2 2 2 0 0 2 2 2 0 2 2 0 2 0 2 2 2 2 2 0 2 2 2 2 0 2 0 2 2 0 0 2 2 1 2 2 2 2 2 0 0 2 2 2 2 0 2 2 2 2 0 2 2 2 2 2 2 0 0 0 1 2 2 0 2 0 2 0 2 2 2 2 2 0 0 2 2 2 2 2 2 0 2 2 2 2 2 2
111 2 0 0 0 0 0 0 0 0 2 2 2 0 2 0 0 2 0 2 0 0 0 0 2 0 2 2 0 0 2 0 0 2 2 2 1 2 0 2 2 2 2 2 0 2 0 0 0 0 2 0 2 0 2 0 0 2 0 0 0 2 0 2 2 0 0 0 2 2 2 2 0 0 0 2 2 0 2 2 0 2 0 0 2 2 0 0 2 2 2 2 2 0 2 0 2 0 2 0 0 2 2 0 0 0 2 0 2 0 0 0 0 0 2 0 0 2 0 2 2 2 2 2 0 2 0 2 0 2 0 2 0 0 2 2 0 0 0 2 2 2 0 0 2 2 0 2 0 0 2 0 2 2 2 0 0 0 0 1 0 2 2 0 0 0 2 0 2 0 0 0 2 2 2 0 2 2 2 0 2 2 0 2 2 2 2 2 0 0 2 2 2 2 0 2 0 2 2 0 0 2 2 2 0 2 2 2 2 0 2 0 2 0 2 0 0 2 2 0 2 0 2 2 0 2 0 2 2 2 0 2 0 2 0 2 2 2 2 2 0 2 0 2 0 0
112 2 2 2 2 2 0 2 2 2 2 2 2 2 2 0 2 2 2 2 2 2 2 2 2 2 2 2 2 2 2 2 2 0 0 2 2 2 2 2 2 2 0 2 2 2 2 2 2 2 2 2 2 2 2 2 2 2 2 2 2 2 2 2 2 2 2 2 2 2 2 2 0 2 2 2 2 2 2 2 2 2 2 2 2 2 2 2 2 2 2 2 2 2 2 2 0 2 2 2 2 2 2 2 2 2 2 2 2 2 2 2 2 2 2 2 2 2 2 2 0 2 2 0 2 2 2 2 2 2 0 2 2 2 0 2 2 2 2 2 2 2 2 2 2 2 2 2 2 1 2 2 2 2 2 2 2 2 2 2 2 2 2 2 0 2 2 2 2 2 2 2 2 2 0 2 2 2 2 2 2 2 2 2 2 2 2 2 2 2 2 2 2 2 2 2 2 2 2 2 2 2 2 2 2 2 2 2 2 2 2 0 2 2 2 2 2 2 2 2 2 2 2 2 2 2 2 2 2 2 2 2 2 2 2 2 2 2 2 2 2 2 2 2 2 2
113 0 2 0 2 2 2 2 2 0 2 0 0 2 0 2 0 2 0 0 0 2 0 0 0 0 0 2 0 0 0 2 0 2 2 2 2 2 2 2 2 0 2 0 2 2 0 0 0 0 2 0 0 0 2 0 0 0 2 0 0 0 2 2 0 2 2 2 0 2 0 0 0 0 0 2 0 0 0 2 0 2 2 2 2 2 2 0 2 0 2 2 2 2 1 2 2 2 2 2 0 2 2 2 2 2 0 0 0 2 2 2 2 2 0 2 2 2 0 0 2 0 2 2 2 2 2 0 0 2 2 2 0 2 2 2 2 2 2 2 2 2 2 2 2 2 2 0 2 2 1 0 2 0 2 0 2 2 2 2 2 2 2 2 2 2 2 2 1 2 2 2 2 0 2 2 0 2 2 2 0 2 2 2 2 2 2 2 0 2 2 2 2 2 2 0 2 2 2 2 1 2 0 0 2 2 2 2 2 0 0 0 2 0 2 0 0 0 1 2 0 0 2 0 2 2 2 2 2 0 2 2 0 0 2 2 2 0 0 0 2 2 2 2 2 2
114 2 2 0 0 0 0 0 0 0 0 0 2 0 0 0 2 0 0 0 0 0 0 0 0 0 2 0 0 0 0 0 0 0 0 0 0 0 2 0 0 0 0 1 0 0 0 0 0 0 0 0 0 2 0 0 0 0 2 0 0 0 0 0 0 0 0 2 0 2 2 0 2 0 2 0 0 0 2 2 0 0 0 0 0 0 0 0 0 0 0 0 0 0 1 0 0 0 0 0 0 0 0 2 0 0 0 0 0 0 2 0 0 0 0 0 0 0 0 0 0 0 0 0 0 0 0 0 0 0 0 0 2 0 0 0 0 0 0 2 0 0 0 0 0 0 2 0 0 0 0 0 0 2 0 0 0 0 0 0 0 0 0 0 0 0 0 0 0 0 0 2 0 0 0 0 0 0 0 0 0 0 0 0 0 0 0 0 2 0 0 1 0 0 2 0 0 0 0 0 0 0 0 0 0 0 2 0 0 0 0 0 0 0 0 2 2 0 0 0 0 0 0 0 0 0 0 0 0 0 0 0 2 0 0 0 0 0 0 0 0 0 0 0 0 0
115 2 2 2 2 2 0 2 2 2 2 2 2 2 2 2 2 2 2 2 2 2 2 2 2 2 2 2 2 2 2 2 2 0 0 0 2 2 2 2 2 2 0 2 2 2 2 2 2 2 2 2 2 0 2 2 2 2 2 2 2 2 2 0 2 2 2 2 2 2 0 2 2 2 0 2 2 2 2 0 2 2 2 2 2 0 2 2 2 2 0 2 2 0 0 0 0 2 2 2 2 2 2 2 2 2 2 2 2 0 0 0 0 2 2 2 2 0 2 2 0 0 2 0 2 2 2 2 2 2 0 2 2 0 0 2 2 0 2 2 2 2 2 2 2 2 2 2 2 1 2 0 0 2 2 2 2 0 2 2 2 2 0 2 2 2 2 0 2 2 2 0 0 2 0 2 2 2 2 2 2 2 2 0 2 2 2 2 2 2 2 1 2 2 2 2 2 2 0 0 2 2 2 0 2 2 2 2 0 2 2 2 0 2 2 2 0 0 1 0 2 2 0 2 0 0 2 2 2 2 2 0 0 2 2 0 2 2 2 2 0 0 0 0 2 2
116 0 2 0 0 0 0 0 2 0 0 0 0 0 0 2 2 2 0 0 0 2 0 2 0 2 2 2 0 0 0 0 0 2 0 2 2 0 0 0 0 2 2 2 0 0 0 2 0 0 0 0 2 2 2 2 2 2 0 0 2 2 0 0 2 0 0 0 0 2 2 2 0 2 2 2 0 0 0 0 0 2 2 0 2 2 2 0 2 2 2 2 0 2 1 2 2 2 2 2 0 2 0 2 2 2 2 2 2 2 2 2 0 2 0 2 0 2 0 2 2 2 0 0 0 2 0 2 2 2 0 0 2 2 2 2 2 2 2 2 0 0 2 2 2 2 0 2 2 1 2 0 2 2 2 2 0 2 2 2 2 2 2 2 2 2 2 2 0 2 2 2 2 2 2 2 2 0 2 2 0 0 0 0 2 2 2 2 2 2 2 2 0 2 2 0 2 0 2 2 2 2 2 2 2 2 2 2 2 2 2 0 2 0 2 0 0 2 2 2 0 0 2 0 0 2 0 0 2 2 2 2 2 0 2 2 0 2 0 2 2 2 2 2 2 2
117 0 2 2 2 2 2 2 2 2 2 2 2 2 2 2 2 2 2 2 2 2 2 2 2 2 0 2 2 2 2 2 2 2 0 2 2 2 2 2 0 2 2 2 2 2 2 2 0 2 2 2 2 2 2 2 2 2 2 2 0 2 2 2 2 2 2 2 2 2 2 2 0 2 2 2 2 2 2 2 2 2 2 2 2 2 2 2 2 2 2 2 2 2 2 2 2 2 2 2 2 2 2 2 2 2 2 2 0 2 2 2 2 2 2 2 0 2 2 2 2 2 2 2 2 2 2 2 2 2 2 2 2 2 2 0 2 2 2 2 2 2 2 2 2 2 2 2 2 2 2 2 2 2 2 2 2 2 2 2 2 2 2 2 2 2 2 2 2 2 2 2 2 2 2 2 2 2 2 2 0 2 2 2 2 0 2 2 2 2 2 2 2 2 2 2 2 2 2 2 2 2 2 2 2 0 2 2 2 2 2 2 2 2 2 2 2 2 2 2 2 2 2 2 2 2 2 2 2 2 0 2 2 0 2 2 2 2 0 2 2 2 2 2 2 2
118 2 2 0 0 0 2 0 0 0 2 2 0 0 0 0 2 2 0 0 0 0 0 2 0 0 2 2 0 0 0 0 0 0 0 0 1 0 0 0 0 0 0 0 0 2 0 0 2 0 0 0 0 0 0 2 2 2 0 0 0 2 0 0 0 2 0 0 0 2 2 0 0 0 0 2 0 0 0 0 0 2 2 0 0 0 2 0 2 0 0 2 0 0 1 2 0 0 2 0 0 1 2 2 0 0 0 2 0 2 2 0 0 0 0 2 0 0 0 0 0 0 0 0 0 0 0 2 2 0 2 0 0 0 0 2 2 0 2 2 0 2 0 2 0 0 2 0 0 1 2 0 0 0 0 0 0 0 2 1 2 0 0 0 2 2 0 2 1 2 2 0 0 0 0 2 0 2 0 2 2 2 2 2 2 0 2 0 2 0 2 2 2 2 0 0 2 0 0 2 0 2 2 2 0 2 2 2 0 0 0 0 0 0 0 0 0 2 1 0 2 0 0 0 0 0 0 2 0 0 2 0 0 2 2 0 0 2 2 0 2 0 0 0 0 2
119 2 2 0 2 2 2 2 2 2 2 2 2 2 2 2 2 2 0 2 2 2 2 2 2 2 2 2 2 0 2 2 2 2 2 2 2 2 2 2 2 2 2 2 2 2 0 2 2 2 2 2 0 2 2 2 2 2 2 0 2 2 2 2 0 2 2 2 2 2 2 2 2 2 2 2 2 0 2 2 0 2 2 2 2 2 2 0 2 2 2 2 2 2 2 2 2 2 2 2 0 2 2 2 2 2 2 2 2 2 2 2 2 2 2 2 2 2 0 2 2 2 2 2 2 2 2 2 2 2 2 2 2 2 2 2 2 2 2 2 2 2 2 2 0 2 2 0 2 2 2 2 2 2 2 2 2 2 2 1 2 2 2 2 2 2 2 2 2 2 2 2 0 2 2 2 2 2 2 2 0 2 2 2 2 2 2 2 2 2 2 2 2 2 2 2 2 2 2 2 1 2 2 2 2 2 2 2 2 2 2 2 2 0 2 2 2 2 2 2 2 2 2 2 2 2 2 2 0 2 2 2 2 0 2 2 2 2 0 2 2 2 2 2 2 2
120 2 2 2 2 0 2 2 2 2 2 2 2 0 2 2 2 2 2 2 2 2 2 2 2 2 2 2 2 2 2 2 2 2 2 2 2 2 2 2 2 2 2 1 2 2 2 2 2 2 2 2 2 2 0 2 2 0 2 2 2 2 2 2 2 0 0 2 2 2 2 2 2 2 2 2 2 2 2 2 2 2 2 2 2 2 2 2 2 2 2 2 2 0 2 2 2 2 2 2 2 2 2 2 2 2 2 2 2 2 2 2 2 2 2 0 2 2 0 2 2 2 2 2 2 2 2 2 2 2 2 2 2 2 2 2 2 2 2 2 2 2 0 2 0 2 2 2 2 2 2 0 2 2 2 2 2 2 2 1 2 2 2 2 2 2 2 2 2 2 2 2 0 2 2 2 2 0 2 2 2 2 2 2 2 2 2 2 2 2 2 2 2 2 2 2 2 0 2 2 1 2 2 2 2 2 2 2 2 2 2 2 2 2 2 2 2 2 2 2 2 0 2 2 2 2 2 2 2 2 2 2 2 2 2 2 0 2 2 2 2 2 2 2 0 2
121 2 2 2 0 2 2 2 0 2 2 2 2 2 2 2 0 2 2 2 2 2 2 2 2 0 2 2 2 2 2 2 2 2 2 2 2 2 2 2 0 2 2 2 2 2 2 2 2 2 2 0 2 2 2 2 2 2 2 2 2 2 2 2 2 2 2 2 2 2 2 2 2 2 2 2 2 2 2 2 2 2 2 2 2 2 2 2 2 0 2 2 2 2 1 2 2 2 2 0 2 2 2 2 2 2 2 2 2 2 2 2 2 2 2 2 2 2 2 2 2 2 2 2 2 2 2 2 2 2 2 2 2 2 2 2 2 2 2 2 2 2 2 2 2 2 2 2 2 2 2 2 2 2 2 2 2 2 2 2 2 2 2 0 2 2 2 2 2 2 2 2 2 2 0 2 2 2 2 2 2 2 2 2 2 2 2 0 2 2 2 2 2 2 2 2 2 2 2 2 2 2 2 2 2 2 2 2 2 2 2 2 2 2 2 2 2 2 2 2 2 2 2 2 2 2 2 2 2 0 2 2 2 2 2 2 2 2 2 2 2 2 2 0 2 2
122 2 2 2 2 0 2 2 0 2 2 2 0 0 2 2 2 2 0 2 0 0 0 2 2 2 2 2 0 0 2 2 0 2 2 2 2 2 2 2 2 2 2 2 2 2 2 2 2 2 2 2 2 2 2 2 2 2 2 2 2 2 2 2 2 2 0 2 0 2 2 2 2 2 2 2 2 2 0 2 2 2 2 2 2 2 2 2 2 2 2 2 2 2 2 2 2 2 2 0 2 2 2 2 0 2 0 2 2 2 2 2 2 2 0 2 2 2 2 2 2 0 2 2 2 2 2 0 2 2 2 2 2 2 2 2 2 2 2 2 0 2 0 2 2 2 2 2 2 2 2 0 2 2 2 0 2 2 2 2 0 2 2 2 2 2 0 2 2 2 0 2 2 2 0 2 2 2 2 0 2 2 2 2 2 2 2 2 2 0 2 2 2 2 2 0 2 0 2 2 2 2 2 2 2 2 2 0 2 2 0 0 2 2 2 2 2 2 1 0 2 2 2 0 2 2 2 2 2 2 2 2 2 2 2 2 2 2 2 2 2 2 0 2 0 2
123 0 2 2 0 0 2 2 2 2 0 2 0 0 0 0 2 2 2 0 2 2 0 2 0 2 0 2 0 2 0 0 0 0 2 2 2 2 2 2 2 0 0 2 2 0 2 2 0 2 2 2 2 2 2 2 2 2 2 2 2 0 2 0 0 0 0 2 0 2 0 2 0 2 2 2 0 2 0 2 2 2 2 2 2 2 2 2 0 2 2 2 2 0 2 2 0 2 2 2 2 1 2 2 0 2 0 0 0 0 2 0 0 2 0 2 2 2 0 2 0 2 2 0 2 0 2 2 0 2 2 2 2 2 0 0 2 2 2 2 2 0 2 2 2 0 2 2 2 1 2 2 2 2 2 2 2 2 0 2 0 2 2 2 2 2 2 2 1 2 0 2 2 2 2 2 2 0 2 0 0 2 2 2 2 2 2 2 0 2 0 1 2 0 2 2 2 2 0 2 1 2 2 2 0 0 0 2 2 2 0 2 2 2 0 2 2 2 2 2 0 0 2 0 2 2 2 2 2 2 2 2 0 0 0 2 0 2 0 2 2 2 2 2 2 2
124 2 2 2 2 2 2 2 2 2 2 2 2 2 2 2 2 2 0 2 2 2 2 2 2 2 0 2 2 0 2 2 2 0 2 2 2 2 2 2 2 2 0 2 2 2 2 2 2 2 2 2 2 2 2 2 2 2 2 2 2 2 2 2 2 2 2 2 2 2 2 2 2 2 2 2 2 2 2 2 2 2 2 2 2 2 2 2 2 2 2 2 2 0 2 2 0 2 2 2 2 2 2 2 2 2 2 2 2 0 2 0 0 2 2 2 2 2 2 2 0 2 2 2 2 0 2 2 2 2 2 2 2 2 0 2 2 2 2 2 2 2 2 2 2 2 2 2 2 2 2 2 2 2 2 2 2 2 2 2 2 2 2 2 2 2 2 2 2 2 2 2 2 2 2 2 2 2 2 2 2 2 2 2 2 2 2 2 0 2 2 2 2 2 2 2 2 2 2 2 2 2 2 2 2 2 2 2 2 2 2 2 2 2 2 2 2 2 2 2 2 2 2 2 2 2 2 2 2 2 2 2 0 2 2 2 2 2 2 2 2 2 2 2 2 2
125 2 2 2 2 2 0 0 2 2 2 2 0 2 2 2 2 2 2 2 2 2 0 2 2 2 2 0 0 2 2 2 0 2 0 2 0 0 2 0 0 2 2 2 2 2 2 2 2 2 2 2 0 0 2 2 2 2 2 2 2 2 2 2 2 2 2 2 0 2 2 2 2 2 0 2 2 2 0 0 2 2 2 0 2 0 2 2 2 0 2 2 0 2 1 0 2 2 2 2 2 2 2 2 2 2 0 2 2 2 2 2 2 2 0 2 2 2 2 0 2 0 2 2 2 2 0 0 2 2 0 2 0 0 2 2 2 0 2 2 0 2 0 0 0 2 2 0 2 1 2 2 2 2 2 0 0 2 2 0 2 0 2 2 2 0 0 2 2 2 2 0 2 0 2 2 0 2 2 2 2 2 2 2 0 2 0 2 2 2 2 2 2 2 2 0 2 0 2 2 2 2 2 2 2 2 2 0 2 2 0 0 0 2 2 2 0 2 2 2 2 2 2 0 2 2 0 2 2 2 0 2 2 2 2 0 2 2 2 0 2 2 2 0 0 2
126 2 2 2 2 2 2 2 2 2 2 2 2 2 2 0 2 2 2 2 2 2 2 2 2 2 2 2 2 2 2 2 2 2 2 2 2 2 0 2 2 2 2 2 2 2 2 2 2 2 2 2 2 2 2 2 2 2 0 2 2 2 2 2 2 2 2 0 2 2 2 2 2 2 2 2 2 2 2 2 2 2 0 2 2 2 2 2 2 2 2 2 2 2 2 2 2 2 2 2 2 0 2 2 2 2 2 0 2 2 0 2 2 2 2 2 2 2 2 2 2 2 2 2 2 2 2 2 0 0 2 2 2 2 2 2 2 2 0 2 2 2 2 2 2 2 2 2 2 1 2 2 2 2 0 2 2 2 2 2 2 2 2 2 0 2 2 2 2 2 2 2 0 2 2 0 2 2 0 2 2 2 2 0 2 2 2 2 2 0 2 1 2 2 0 2 2 2 2 2 2 2 2 2 2 2 2 2 2 2 2 2 2 2 2 2 2 2 2 2 2 2 2 2 2 2 2 2 2 2 2 2 2 2 2 2 2 2 2 2 2 2 2 2 2 0
127 0 2 0 0 0 0 0 0 0 0 0 0 0 0 0 0 0 0 2 2 0 0 2 0 0 0 0 0 0 2 0 0 0 0 0 0 0 0 2 0 0 0 0 2 0 0 0 2 2 2 0 2 0 0 2 2 2 0 0 0 0 0 0 0 0 0 0 0 0 2 0 2 0 0 0 2 0 0 2 0 2 0 0 0 0 0 0 2 0 0 0 2 0 1 0 0 0 0 0 0 0 0 2 0 2 0 0 0 0 0 2 0 0 2 0 0 0 2 0 0 0 2 0 2 2 0 2 0 2 0 0 0 2 0 0 0 2 0 2 0 0 0 0 0 0 0 2 0 0 0 0 0 0 0 0 0 0 0 0 2 0 0 0 0 0 0 0 0 2 2 0 0 2 0 0 0 0 0 2 0 0 0 0 0 0 0 0 2 0 2 1 0 2 0 2 0 0 0 0 1 0 0 0 0 0 2 0 0 0 0 0 0 0 0 0 0 0 0 0 0 0 0 0 0 0 0 0 0 0 0 0 0 0 0 0 0 0 0 0 0 0 0 0 0 0
128 2 0 2 0 2 0 2 2 2 2 0 2 2 2 2 2 0 2 2 2 2 2 2 2 2 2 0 2 2 2 2 2 2 2 0 1 2 0 2 2 2 2 2 2 2 2 2 2 2 2 2 0 2 2 2 2 2 0 2 2 2 2 2 2 0 2 0 0 2 2 2 2 2 2 0 2 2 2 2 2 2 0 2 2 2 2 2 0 2 0 0 2 2 2 0 2 2 2 2 2 2 1 0 2 2 2 2 2 2 2 2 2 2 2 2 2 2 2 2 2 0 2 2 2 2 2 2 2 2 0 2 2 2 2 2 2 2 2 2 2 2 0 2 2 2 2 0 0 1 2 2 2 2 2 2 2 0 2 1 2 0 2 2 2 0 2 0 2 2 2 2 2 0 2 0 2 2 2 2 2 0 2 2 0 2 2 2 2 2 2 1 0 0 2 2 2 2 2 2 2 2 2 0 2 2 2 2 2 2 2 2 2 2 2 0 0 0 2 2 2 2 2 0 2 2 2 0 0 2 2 2 2 2 2 2 2 2 2 2 2 2 0 2 0 2
129 0 0 2 0 2 0 2 2 2 0 0 0 2 2 0 0 0 2 0 0 0 0 2 2 0 2 2 0 2 0 0 0 0 2 0 1 0 0 0 0 2 0 2 2 0 2 2 2 0 2 2 0 2 0 2 2 0 0 2 2 0 0 0 0 0 2 0 0 0 0 0 0 2 2 0 0 2 0 0 0 0 2 0 2 2 2 2 0 2 0 0 0 0 0 0 0 0 0 2 2 0 0 0 2 2 0 0 2 2 0 2 0 0 0 0 0 0 2 2 0 0 2 2 2 2 2 0 2 0 0 0 0 2 0 0 2 0 2 2 0 0 0 2 0 2 0 0 0 0 0 2 2 2 0 2 2 2 0 1 2 0 2 0 0 0 2 2 0 2 2 0 0 2 2 0 2 2 0 2 0 0 2 2 2 2 0 0 2 0 2 1 0 0 0 2 0 2 0 0 2 2 0 2 2 0 2 2 0 2 0 2 2 0 2 0 0 2 1 2 0 0 0 0 0 2 0 0 2 0 0 0 0 0 2 2 0 2 0 2 0 0 2 2 0 2
130 2 0 0 0 2 2 0 2 2 2 2 0 2 2 0 2 2 2 0 0 2 0 2 2 2 2 2 0 2 0 0 0 0 0 2 2 2 0 0 0 2 0 0 2 2 0 0 2 0 0 0 2 0 2 2 2 2 0 0 2 0 0 2 2 0 2 0 2 2 2 2 0 2 0 2 0 0 0 2 2 2 2 2 0 0 2 0 0 0 2 2 0 2 2 2 0 2 2 2 0 2 0 0 0 1 2 2 2 2 2 0 2 2 0 0 2 2 2 2 0 0 2 0 2 2 0 2 2 2 2 2 2 2 0 2 2 2 2 0 2 2 2 2 2 2 2 2 2 1 2 2 2 0 2 2 2 2 2 2 2 2 2 2 2 2 2 2 2 2 2 2 0 2 2 0 2 0 2 2 2 2 0 0 2 0 2 2 0 2 2 2 2 0 2 0 2 2 2 2 1 2 2 2 2 2 0 2 0 0 2 2 2 0 2 0 2 2 2 2 2 2 2 2 2 2 2 2 2 2 2 0 0 2 2 2 0 2 2 2 2 2 2 2 2 0
131 2 2 2 2 2 0 2 2 2 0 2 2 2 0 2 2 0 2 2 2 2 2 2 0 2 2 0 2 2 2 2 2 2 2 0 1 2 2 2 2 2 2 2 2 0 2 2 2 2 2 2 0 2 2 2 2 2 2 2 2 2 2 2 2 2 2 2 2 2 2 2 2 2 2 0 2 2 2 2 2 2 2 2 2 2 2 2 2 2 0 0 2 2 2 2 2 2 2 2 2 2 2 2 2 2 2 2 2 2 2 2 2 2 2 2 2 2 0 2 2 2 2 0 2 2 2 2 2 2 0 2 2 2 2 2 2 2 2 2 2 0 0 2 2 2 2 0 2 1 2 0 2 2 2 0 0 2 2 2 2 2 2 2 2 0 2 2 0 2 2 2 2 0 2 2 0 2 2 2 0 2 2 2 0 2 2 2 2 2 0 0 2 2 2 2 0 2 2 2 2 2 2 2 2 2 2 2 2 2 2 2 0 2 2 2 0 2 2 0 0 0 2 2 2 2 2 2 2 2 2 2 2 0 2 0 2 2 0 2 2 2 0 2 0 2
132 0 2 2 2 2 2 2 2 0 2 0 2 2 0 2 2 2 0 2 2 2 2 2 0 2 2 2 2 0 2 2 2 2 2 2 2 2 2 2 2 2 2 0 2 2 2 2 0 0 2 0 2 2 2 2 2 2 2 2 0 2 0 2 2 2 2 2 2 2 2 2 0 0 2 2 2 2 2 0 0 2 2 2 2 2 2 2 2 2 2 2 2 2 1 2 2 2 2 2 2 1 2 2 2 1 0 2 2 2 2 2 2 2 2 2 2 2 0 2 2 2 1 2 2 2 2 2 2 2 2 2 2 0 2 0 2 2 2 2 2 2 2 2 2 2 2 2 2 2 2 2 2 0 2 2 2 2 2 2 0 2 2 2 0 2 2 2 0 2 0 2 2 2 2 2 2 0 2 0 2 2 2 2 2 2 2 2 2 2 0 1 2 2 2 2 2 2 2 2 2 0 2 2 2 0 2 2 2 2 2 2 2 2 2 2 2 2 2 2 0 0 2 2 2 2 2 2 2 2 0 2 2 2 2 2 0 2 2 2 2 2 2 2 2 2
133 2 2 2 2 2 2 2 2 2 2 2 2 2 2 2 2 2 2 2 2 2 2 2 2 2 2 2 2 2 2 2 2 0 2 2 2 0 2 2 2 2 0 2 2 2 2 2 2 2 2 2 2 2 2 2 2 2 2 2 2 2 2 2 2 2 2 2 2 2 2 2 2 2 2 2 2 2 2 2 2 2 2 2 2 2 2 2 2 2 2 2 2 0 2 2 0 2 2 2 2 2 2 2 2 2 2 2 2 2 2 2 2 2 2 2 2 2 2 2 0 2 2 2 2 2 2 2 2 2 2 2 2 2 0 2 2 2 2 2 2 2 2 2 2 2 2 2 2 2 2 0 2 2 2 0 2 2 2 2 2 2 2 2 2 2 2 2 2 2 2 2 2 2 2 2 0 2 2 2 2 2 2 2 2 2 2 2 2 2 2 1 2 2 2 2 2 2 0 2 2 2 2 2 2 2 2 0 2 2 2 2 0 2 2 2 2 2 2 0 2 2 2 2 0 2 2 2 2 2 2 2 2 2 2 0 2 2 2 2 2 2 2 2 2 2
134 0 2 0 2 2 0 0 2 2 2 2 0 2 0 0 0 0 0 0 0 0 0 2 0 2 0 0 0 0 0 2 0 0 2 2 1 0 0 0 2 0 0 0 0 0 0 2 2 0 0 0 2 2 2 2 2 0 0 0 2 0 0 2 2 2 2 0 0 0 0 0 2 2 2 0 0 0 0 0 0 2 0 0 0 2 2 0 2 0 2 0 0 0 0 0 0 2 0 2 0 0 0 2 2 1 2 2 2 0 0 2 2 0 0 2 0 2 2 0 0 0 0 2 0 2 0 0 0 0 0 0 0 0 0 0 2 2 2 2 2 0 0 0 2 2 2 2 2 1 0 0 2 2 0 0 0 0 2 2 2 0 2 2 0 0 2 0 2 0 2 2 2 0 0 2 0 0 0 2 0 2 2 2 0 0 0 0 0 0 2 1 2 2 0 2 2 0 0 0 0 2 0 0 2 0 2 0 0 2 0 2 0 0 2 0 2 0 1 0 2 2 0 0 0 2 2 2 0 0 0 0 0 0 0 0 2 2 0 0 0 2 2 0 0 0
135 2 0 2 2 0 2 2 2 0 2 2 2 0 2 2 2 2 2 2 2 2 2 2 2 2 2 2 2 2 2 2 2 1 2 1 1 2 0 2 2 0 2 2 1 2 2 2 2 2 2 2 2 1 2 2 2 2 0 2 2 2 2 2 2 2 0 0 2 2 2 2 2 2 1 2 2 2 2 0 2 0 2 2 0 2 0 2 2 2 1 2 2 2 0 2 2 2 2 2 2 2 2 0 1 2 2 2 2 2 2 2 2 2 2 2 2 2 2 2 2 2 2 2 2 2 2 2 2 2 2 2 2 2 2 0 0 2 2 2 1 2 0 2 2 2 2 2 2 2 2 2 2 2 2 2 2 2 2 2 2 2 2 2 2 1 2 2 2 2 2 2 2 2 2 2 1 2 2 2 2 0 2 2 2 2 2 2 2 2 2 1 0 2 2 1 2 0 2 2 2 2 1 2 2 0 2 0 2 2 2 2 2 2 2 2 1 2 2 0 2 2 2 2 2 2 2 0 2 2 2 2 0 2 2 2 2 2 2 2 2 2 2 2 0 2
136 0 0 0 2 0 0 0 0 0 0 0 0 0 0 0 0 0 0 0 0 0 0 0 0 0 0 2 0 0 0 0 0 0 0 0 1 0 0 0 0 0 0 2 0 0 0 0 0 0 0 0 0 0 0 0 0 0 0 0 0 0 0 0 0 0 0 0 0 0 0 0 0 0 0 0 0 0 0 0 0 2 2 0 0 0 0 0 0 0 0 0 0 0 0 2 0 0 0 0 0 2 0 0 0 0 0 0 0 0 0 2 0 2 0 0 0 0 0 0 0 0 0 0 0 0 0 0 0 0 0 0 0 0 0 0 0 0 0 0 0 0 0 2 0 0 0 0 0 0 0 0 0 0 0 0 2 0 0 0 0 0 0 0 0 0 0 0 0 0 0 0 2 0 2 0 0 0 0 0 0 0 0 0 2 0 2 0 0 0 0 0 0 0 0 2 0 0 0 0 1 0 0 0 0 0 0 0 2 0 0 0 0 0 0 0 0 0 0 0 0 0 0 0 0 0 0 0 0 0 0 2 0 0 1 0 0 0 0 0 0 0 0 2 0 0
137 2 0 2 2 2 2 0 2 2 2 2 2 2 0 2 2 2 0 2 2 0 0 2 0 2 0 2 0 0 2 0 0 2 2 2 2 2 2 2 2 2 2 2 2 2 2 2 0 0 0 2 2 0 2 2 2 2 2 2 0 2 2 2 2 2 2 2 0 2 2 0 2 2 0 2 2 2 2 2 2 2 2 2 0 2 2 2 0 2 2 2 2 2 2 2 2 2 0 2 2 2 2 0 0 2 0 2 0 2 2 2 2 2 2 2 0 2 2 0 2 2 0 2 2 2 0 2 2 2 2 0 2 2 2 2 2 2 2 0 2 2 2 2 2 2 2 2 2 2 0 2 2 2 2 2 2 2 2 2 2 0 2 2 2 2 2 2 0 0 2 2 2 2 2 2 2 2 2 2 2 2 0 0 2 0 2 2 2 2 2 2 2 0 0 2 2 2 2 2 1 0 0 0 2 2 0 0 2 2 0 2 2 2 2 2 2 0 2 2 0 2 2 0 2 2 2 2 2 2 0 2 2 2 2 2 2 0 2 0 2 2 2 2 2 2
138 2 0 2 2 2 2 0 2 2 0 2 2 2 0 2 2 2 2 2 2 2 2 2 0 0 2 2 2 2 2 0 2 2 2 2 1 2 0 2 2 0 2 2 2 2 2 2 2 0 2 2 2 0 2 2 2 2 0 2 0 2 0 0 2 2 2 0 0 2 2 2 2 0 0 2 2 2 2 0 2 0 2 2 2 2 2 2 0 2 2 2 2 2 0 2 2 0 2 2 2 2 2 0 0 2 2 2 2 2 0 2 2 2 2 2 2 2 2 2 2 0 2 2 2 2 0 2 2 2 2 2 2 2 2 2 2 2 2 2 2 2 2 2 2 2 2 2 2 1 2 2 2 2 2 2 2 2 2 2 0 0 2 0 2 2 2 2 0 2 0 2 2 2 2 2 2 2 2 0 2 2 2 2 2 0 2 2 2 2 0 1 2 0 2 2 2 0 2 2 1 2 2 0 2 2 2 2 2 2 2 2 2 2 2 2 2 0 2 2 0 2 2 0 2 2 0 2 2 2 0 2 0 2 0 2 2 2 2 2 2 2 2 2 2 2
139 0 2 0 0 2 2 2 2 2 2 2 2 2 2 2 2 2 0 2 2 2 2 2 2 2 2 2 2 0 2 2 2 2 2 2 2 2 2 2 2 2 2 0 2 2 0 2 2 2 2 2 0 2 2 2 2 2 2 0 2 2 2 2 2 2 2 2 2 2 2 2 2 2 2 2 2 0 2 2 2 2 2 2 2 2 2 0 0 2 2 2 2 2 2 0 2 2 2 2 0 2 2 2 2 2 2 2 2 2 2 2 2 2 2 2 2 2 2 2 2 2 2 2 2 2 2 2 2 2 2 2 2 2 2 2 2 2 2 0 2 2 2 2 2 2 2 0 2 2 2 2 2 2 2 2 0 2 2 2 2 2 2 2 2 2 2 2 2 2 2 0 2 2 2 2 2 2 2 2 2 2 2 2 2 2 2 2 2 2 0 0 2 0 2 2 2 2 2 2 2 2 2 2 2 2 2 2 2 2 2 2 2 0 2 2 2 2 2 2 2 2 2 2 2 2 2 2 2 2 2 2 2 2 2 2 2 2 2 2 2 2 2 2 2 2
140 2 2 2 2 2 2 2 2 2 2 2 2 2 2 2 2 2 2 2 2 2 2 2 2 2 2 0 2 2 2 2 2 2 2 0 1 2 2 2 2 2 2 2 2 2 2 2 2 2 2 2 2 2 2 2 2 2 2 2 2 2 2 2 2 2 2 2 2 2 2 2 2 2 2 2 2 2 2 2 2 2 2 2 2 2 2 2 2 2 0 2 2 2 2 2 2 2 2 2 2 2 2 2 2 2 2 2 2 2 2 2 2 2 2 2 2 0 2 2 2 2 2 2 2 2 2 2 2 2 2 2 2 0 2 2 2 0 2 2 2 2 2 2 2 2 2 2 2 2 2 2 2 2 2 2 2 2 2 2 2 2 2 2 2 2 2 0 2 2 2 2 0 0 2 2 2 2 2 2 2 2 2 0 0 2 0 2 2 2 2 2 2 2 2 2 2 2 2 2 2 2 2 2 2 2 2 2 2 2 2 2 0 2 2 2 0 2 2 2 2 2 2 2 2 2 2 2 2 2 2 2 2 2 2 0 2 2 2 2 2 0 2 2 2 2
141 2 2 2 2 0 2 2 2 2 2 2 2 0 0 2 0 2 2 0 2 2 2 2 0 2 2 2 2 2 0 2 2 2 2 2 2 2 2 2 2 2 2 2 2 0 2 2 2 0 2 2 2 0 2 2 2 2 2 2 2 2 2 0 2 2 0 2 2 2 0 2 2 2 0 2 0 2 2 2 2 2 2 0 2 2 2 2 2 0 2 2 2 0 2 2 2 2 2 2 2 2 2 2 2 2 2 2 0 2 2 2 2 2 2 2 2 2 2 2 2 2 2 2 2 0 2 0 2 2 2 2 2 2 2 2 2 2 2 2 2 0 2 2 2 2 2 2 2 2 2 2 2 2 2 2 2 2 2 2 0 2 2 2 2 2 2 2 2 2 0 2 2 2 2 2 2 2 2 0 0 2 2 2 2 2 2 2 2 2 2 2 2 2 2 2 2 2 2 2 1 2 2 2 2 2 2 2 2 2 2 2 2 2 2 2 2 2 2 2 2 2 2 2 0 2 0 2 2 2 2 2 2 0 2 2 2 2 0 2 2 2 2 2 2 2
142 2 2 0 2 2 2 0 2 2 2 2 2 2 2 2 2 2 2 2 2 2 2 2 2 2 2 2 2 2 2 2 2 2 2 2 2 2 2 2 2 1 2 2 2 2 1 0 2 0 2 2 2 2 2 2 2 2 2 0 0 2 2 2 2 2 2 2 2 2 2 2 2 2 2 2 2 0 2 2 0 2 2 2 2 2 2 0 2 2 2 2 2 2 2 2 2 2 2 2 0 2 0 2 2 2 2 2 2 2 2 2 2 2 2 0 2 2 0 0 2 2 2 2 2 2 1 0 2 2 2 2 2 2 2 2 2 2 2 2 2 2 2 2 2 2 2 2 2 2 2 2 2 2 2 2 2 2 2 2 2 2 2 2 2 0 2 2 2 2 2 2 2 2 2 2 2 2 2 2 2 2 2 2 2 2 2 2 2 2 2 2 2 2 2 2 2 2 2 2 2 2 2 2 2 2 2 2 2 0 2 2 2 0 2 2 2 2 2 2 2 2 2 2 2 2 2 2 2 2 2 2 2 2 2 2 2 2 2 0 2 2 2 2 0 2
143 2 0 2 2 2 0 2 0 2 0 0 2 2 0 0 2 2 0 0 0 0 2 0 0 2 2 2 2 0 0 0 2 0 2 2 2 2 0 0 0 2 0 0 2 0 2 2 0 0 2 0 0 0 0 0 0 0 0 2 0 0 2 2 2 0 2 0 2 2 2 0 2 0 0 2 0 2 2 2 1 2 2 0 2 2 2 2 2 2 2 2 0 2 1 2 0 2 2 0 2 2 2 0 0 0 1 2 2 2 0 2 2 0 0 0 0 0 2 2 0 0 2 0 2 2 2 2 2 0 0 1 0 2 0 2 2 2 2 2 2 0 2 2 0 2 2 0 2 1 2 2 0 2 2 2 2 2 0 0 0 0 0 2 0 2 2 2 2 0 0 2 2 2 0 0 0 2 2 0 0 2 0 2 2 2 2 0 0 0 0 0 2 2 0 0 2 0 0 2 2 2 2 2 0 2 2 0 0 2 2 0 0 2 2 2 2 2 2 2 2 2 2 2 2 0 2 2 2 2 2 0 2 0 2 0 1 2 0 2 2 0 2 0 2 2
144 2 0 0 0 0 0 0 0 2 2 0 2 0 0 0 0 0 0 0 0 0 2 0 0 0 2 0 2 0 0 0 2 0 0 2 0 0 0 0 2 2 0 0 0 0 0 2 0 0 2 2 0 0 2 0 0 2 0 0 2 0 0 0 0 2 0 0 0 2 0 0 2 0 0 0 0 0 2 0 0 0 0 0 0 0 0 0 0 2 2 0 0 0 0 2 0 0 0 0 0 0 2 0 0 2 0 0 2 2 0 0 0 0 0 2 0 2 0 2 0 0 2 2 0 0 0 2 0 2 0 0 0 2 0 0 0 0 2 0 0 0 0 0 0 0 0 0 0 0 0 0 0 0 0 0 0 0 0 0 0 0 0 0 0 0 2 0 0 0 0 0 2 0 0 0 0 0 0 0 0 0 2 0 0 0 0 0 0 0 0 0 0 0 0 0 0 0 0 0 1 0 2 2 0 0 0 0 0 2 0 0 0 0 0 0 2 2 0 0 0 0 0 0 0 0 0 0 0 0 0 0 2 0 2 0 0 0 0 2 0 2 0 2 0 0
145 0 0 0 0 0 0 0 0 0 0 0 2 0 0 0 0 0 0 0 0 0 2 0 0 0 0 2 2 0 0 0 2 0 0 0 2 0 0 0 0 0 0 0 0 0 0 0 0 0 0 2 0 0 0 0 0 0 0 0 0 0 0 0 0 0 0 0 0 2 0 0 0 0 0 0 0 0 2 0 0 0 0 0 0 0 2 0 0 0 0 0 0 0 0 0 0 0 0 0 0 0 0 0 0 0 0 0 2 0 0 0 0 0 0 0 0 0 0 0 0 0 0 0 0 0 0 0 0 0 0 0 0 0 0 0 2 0 0 2 2 0 0 2 0 0 0 0 0 0 0 0 0 0 0 0 0 0 0 0 0 0 0 0 0 2 0 0 0 0 0 0 0 0 0 0 0 2 0 0 0 0 0 0 2 0 0 0 0 0 0 0 0 0 0 0 2 0 0 0 0 0 0 0 0 0 0 0 0 0 0 0 0 0 0 0 0 0 0 0 0 0 0 0 0 0 0 0 0 0 0 0 0 0 2 0 2 0 0 0 0 0 0 0 0 0
146 2 0 0 2 0 2 0 0 0 2 0 2 0 0 0 0 2 0 2 0 0 2 0 0 0 2 2 2 0 2 0 2 2 0 0 2 0 0 0 2 2 2 0 0 0 0 0 0 0 0 2 0 0 0 0 0 2 0 0 0 0 0 0 0 0 0 0 0 2 0 0 0 2 0 2 2 0 2 0 2 0 0 2 0 0 2 0 2 2 0 2 0 0 1 0 2 0 0 0 0 0 2 0 0 2 0 0 2 0 0 2 0 2 2 0 0 0 2 2 2 0 0 0 0 0 0 2 2 2 0 0 2 0 2 0 2 2 0 2 2 0 2 2 0 0 2 0 2 1 0 0 2 0 0 0 2 0 2 0 0 2 2 0 0 2 2 2 0 2 0 0 0 0 2 0 0 2 0 0 0 0 0 2 2 0 2 0 0 0 0 0 0 2 0 0 2 0 0 0 1 0 2 2 0 0 2 0 0 0 0 0 2 0 0 0 0 2 0 0 0 0 0 0 0 2 0 0 0 0 2 0 2 0 2 2 2 0 0 2 0 0 0 0 2 0
147 2 2 2 2 2 2 2 2 2 2 2 2 2 2 2 2 2 2 2 2 2 2 2 2 2 2 2 2 2 2 2 2 2 2 2 2 2 2 2 2 2 2 2 2 2 2 2 2 2 2 2 2 2 2 2 2 2 2 2 2 2 2 2 2 2 2 2 2 2 2 0 2 2 2 2 2 2 2 2 2 2 0 2 2 2 2 2 2 2 2 0 2 2 2 2 2 2 2 2 2 1 2 2 2 2 2 2 2 2 2 2 2 2 2 2 2 2 2 2 2 2 2 2 2 2 2 0 2 2 2 2 2 2 2 2 2 2 2 2 2 2 0 2 2 2 2 2 2 2 2 2 0 2 0 2 2 2 2 2 2 2 2 2 2 2 2 2 2 2 2 2 2 0 2 2 2 2 0 2 2 0 2 2 2 2 0 2 2 2 2 1 0 2 2 2 2 2 2 2 2 2 2 2 2 2 2 2 2 2 2 2 2 2 2 2 2 2 2 2 2 2 2 2 2 2 2 0 2 2 2 2 2 2 2 2 2 2 2 2 2 2 0 2 0 2
148 2 0 2 2 0 2 2 2 2 2 2 2 0 2 2 2 2 2 2 2 2 2 2 2 2 2 2 2 2 2 2 2 2 2 2 2 2 2 2 2 2 2 0 2 2 2 2 2 2 2 0 2 2 2 2 2 2 2 2 2 2 2 0 2 2 0 2 2 2 0 2 2 2 2 2 2 2 2 2 2 0 2 0 2 2 2 2 2 0 2 2 2 0 1 2 2 2 0 2 2 1 0 0 2 2 2 2 2 2 0 2 0 2 2 2 2 2 2 2 2 2 2 2 2 0 2 2 0 2 2 2 2 2 2 2 2 0 2 2 2 2 2 2 2 2 2 2 2 2 2 2 2 2 2 2 2 2 0 2 2 2 2 2 0 2 2 2 2 2 2 2 2 2 2 0 2 2 2 2 2 2 2 2 2 2 2 0 2 2 2 2 2 2 2 2 2 2 2 2 2 0 0 2 0 2 2 2 2 2 0 2 0 2 2 0 2 2 1 2 2 2 2 2 0 2 0 2 0 2 2 2 2 2 2 0 2 2 2 2 2 2 2 2 2 0
149 2 0 2 2 0 2 2 2 2 2 2 2 0 0 2 2 2 2 2 2 2 2 2 0 2 2 2 2 2 2 2 2 2 0 2 2 2 0 2 2 2 2 2 2 0 2 2 2 2 2 2 2 2 2 2 2 2 0 2 2 2 2 0 2 2 0 0 2 2 0 2 2 2 2 2 2 2 2 0 2 2 2 0 2 2 2 2 2 2 2 2 2 0 0 2 2 2 2 2 2 2 2 0 2 2 2 2 2 2 0 2 0 2 2 2 0 2 2 2 2 2 2 2 2 0 2 2 2 2 2 2 2 2 2 2 2 2 2 2 2 0 2 2 2 2 2 2 2 2 2 2 2 2 2 2 2 2 2 2 0 2 2 2 2 2 2 2 2 2 0 2 2 2 2 2 2 2 2 0 0 2 2 2 2 2 2 0 2 2 2 2 2 2 2 2 2 0 2 2 2 2 2 2 0 2 2 2 2 2 2 2 0 2 2 0 2 2 2 2 2 2 2 2 0 2 0 2 2 2 2 2 2 0 2 0 2 2 0 2 2 2 2 2 2 2
150 2 2 2 2 2 2 2 2 2 2 2 2 2 2 2 2 2 2 2 2 2 2 2 2 2 0 2 2 2 2 2 2 2 0 2 2 0 2 2 2 2 2 2 2 2 2 2 2 2 0 2 2 0 2 2 2 2 2 2 2 2 2 2 2 2 2 2 2 2 2 2 2 2 0 2 2 2 2 2 0 2 2 2 0 2 2 2 2 2 2 2 2 2 2 2 2 2 0 2 2 2 2 2 2 2 0 2 0 2 2 0 2 2 2 2 2 2 2 0 2 2 2 2 2 2 2 2 2 2 2 0 2 0 2 2 2 2 2 2 2 2 2 2 2 0 2 2 2 2 2 0 2 2 2 2 2 2 2 2 2 2 2 2 2 2 2 0 2 2 2 0 0 2 0 2 2 2 2 2 2 2 2 0 2 0 2 2 2 2 2 2 2 2 2 0 2 0 2 2 2 0 2 2 2 2 0 2 2 2 0 0 2 2 0 2 2 2 2 2 2 2 2 2 2 2 2 2 2 2 0 2 2 2 2 2 2 2 2 0 2 2 2 2 2 2
151 2 2 2 2 0 2 2 2 2 2 2 2 0 2 2 2 0 2 2 2 2 2 2 2 0 0 2 2 2 2 2 2 2 2 2 2 2 2 2 2 2 2 2 2 2 2 2 2 2 2 2 2 2 2 2 2 2 2 2 2 2 2 2 2 2 0 2 2 2 0 2 2 2 2 0 2 2 2 2 2 2 2 0 0 2 2 2 2 2 2 2 2 2 2 2 2 2 2 2 2 2 2 2 2 2 2 2 2 2 0 2 2 2 2 2 2 2 2 2 2 2 2 2 2 0 2 2 2 2 2 2 2 2 2 2 2 2 2 2 2 2 2 2 2 2 2 2 2 2 2 0 2 2 2 0 2 2 2 2 2 2 2 2 2 2 2 2 2 2 2 2 2 2 2 2 0 2 2 2 2 2 2 2 2 2 2 2 2 2 2 1 2 2 2 2 2 2 2 2 2 2 0 2 2 2 2 2 2 2 2 2 2 2 2 2 2 2 2 0 2 2 2 2 0 2 2 2 2 2 2 2 0 2 2 2 2 2 2 2 2 2 2 2 2 2
152 0 0 0 0 0 0 0 0 0 0 0 0 0 0 0 0 0 0 0 0 0 0 0 0 0 0 0 0 0 0 0 0 0 0 0 0 0 0 0 0 0 0 0 0 0 0 0 0 0 0 0 0 0 0 0 0 0 0 0 0 0 0 0 0 2 0 0 0 2 0 0 0 0 0 0 0 0 0 2 0 0 2 0 0 0 2 0 0 0 0 2 0 0 2 0 0 0 0 0 0 0 0 0 0 0 0 0 0 2 0 0 0 2 0 0 0 0 0 0 0 0 0 0 0 0 0 0 0 0 0 0 0 0 0 0 2 0 0 0 0 0 0 0 0 0 2 0 0 0 0 0 2 0 0 0 2 2 0 0 0 0 2 0 2 0 0 2 0 0 0 2 0 2 0 0 2 0 0 0 0 0 0 2 0 0 2 2 0 0 0 0 0 0 0 0 2 2 0 0 0 0 0 2 0 0 2 0 0 0 0 0 0 0 0 0 0 2 0 0 0 0 0 0 0 2 0 0 0 0 0 0 0 0 0 0 0 0 0 0 0 0 0 0 0 0
153 2 2 0 2 2 2 2 2 0 2 0 2 2 2 2 2 2 0 0 2 0 2 2 2 2 2 2 2 0 0 2 2 2 2 2 2 2 2 2 0 2 2 2 2 2 0 2 0 0 2 2 2 2 2 2 2 2 2 0 2 2 2 2 2 2 2 2 2 2 2 2 0 2 2 2 0 0 2 2 2 2 2 2 2 2 2 0 2 2 2 2 2 2 2 2 2 2 2 2 0 2 2 2 2 2 2 2 2 2 2 2 2 2 2 2 2 2 2 2 2 2 0 0 2 2 2 2 2 2 2 2 2 2 2 2 2 2 2 2 2 2 2 2 2 2 2 2 2 2 2 2 2 2 2 2 2 2 2 2 2 2 2 2 2 2 2 2 2 2 2 2 2 2 2 2 2 2 2 2 2 2 2 2 2 2 2 2 2 2 2 2 2 2 2 2 2 2 2 2 2 2 2 2 2 2 2 2 2 2 2 2 2 0 2 2 2 2 2 2 2 2 2 2 2 2 2 2 2 2 2 2 2 2 2 2 2 2 2 2 2 2 2 2 2 2
154 2 2 2 2 2 0 2 0 2 2 2 2 2 2 2 0 2 2 2 2 2 2 2 2 2 0 2 2 2 2 2 2 2 2 2 2 2 2 2 2 2 2 2 2 2 2 2 2 2 2 2 0 0 2 2 2 0 2 2 2 2 2 2 2 2 2 2 2 0 2 2 2 2 0 2 2 2 2 2 2 2 2 2 2 2 2 2 2 0 2 2 2 2 2 2 2 2 2 0 2 2 2 2 2 2 2 2 2 2 2 2 2 0 2 2 0 0 2 0 2 2 2 2 2 2 2 2 2 2 2 0 2 2 2 2 2 2 0 2 2 2 2 2 0 2 0 0 2 1 2 2 2 2 2 2 0 2 2 0 2 0 0 2 2 2 0 2 2 2 2 2 2 2 2 2 2 2 2 2 2 2 2 2 2 2 2 0 2 2 2 2 2 2 2 0 2 2 2 2 1 2 2 2 2 2 2 2 2 2 2 2 2 2 2 2 2 2 1 2 2 2 2 2 2 0 2 2 2 2 2 2 0 2 2 2 2 2 2 0 2 0 2 2 2 2
155 2 2 2 2 2 2 2 2 2 2 2 2 2 2 2 2 2 2 2 2 2 2 0 2 2 2 0 2 2 2 2 2 2 0 0 1 2 2 2 2 2 2 0 2 2 2 0 2 2 2 2 2 2 2 0 0 2 2 2 2 2 2 2 2 2 2 2 2 2 2 0 2 2 2 2 2 2 2 0 2 0 2 2 2 2 2 2 2 2 0 0 2 2 0 2 2 2 2 2 2 1 2 2 2 2 2 2 2 2 2 2 2 2 2 2 2 2 0 2 2 0 2 2 2 2 2 2 0 2 0 2 2 0 2 2 2 2 2 2 2 2 2 0 2 0 2 2 2 2 2 2 0 0 2 0 2 0 2 2 2 2 2 2 2 2 2 0 2 0 2 2 2 2 0 2 0 2 2 2 2 2 2 0 0 2 0 2 2 2 2 2 2 2 2 2 0 0 2 2 2 0 2 2 2 2 0 2 2 0 2 2 2 2 0 2 0 2 2 2 2 2 2 2 2 2 2 2 2 2 0 2 2 2 2 2 2 0 2 2 2 2 2 0 0 2
156 2 2 0 0 2 2 0 2 0 2 0 0 2 2 2 2 2 0 0 0 0 0 2 2 2 2 2 0 0 0 0 0 0 2 2 2 2 2 2 0 0 0 2 0 2 0 2 0 0 0 0 2 2 2 2 2 2 2 0 0 0 2 2 2 2 2 2 2 0 2 2 2 0 2 2 0 0 0 2 0 2 2 2 2 2 2 0 2 0 2 2 2 2 2 2 0 2 2 2 0 2 2 2 0 2 0 2 2 2 2 2 2 2 2 0 0 2 2 2 0 2 0 2 0 2 0 0 2 2 2 2 2 2 0 0 2 2 2 2 2 2 2 2 0 2 0 2 2 2 0 0 2 2 2 2 2 2 2 0 2 2 0 2 2 2 2 2 2 2 2 2 2 2 2 2 2 2 2 2 2 2 0 2 2 2 2 2 2 2 2 2 2 2 0 2 0 2 2 2 1 2 2 2 2 0 2 2 2 2 0 2 2 0 2 2 2 2 2 2 2 2 2 2 2 0 2 2 2 2 2 2 2 2 2 2 2 2 2 2 2 2 2 2 2 2
157 1 0 0 2 0 2 0 2 2 0 2 2 0 0 2 2 2 2 2 0 2 2 2 1 0 2 2 2 2 2 1 2 0 2 2 2 2 0 2 0 2 0 2 1 0 0 2 2 2 0 2 2 1 0 2 2 0 0 0 2 2 0 2 2 2 0 0 2 2 0 2 2 2 0 2 2 0 2 2 0 2 2 0 0 2 2 0 0 2 2 2 2 2 2 2 0 2 2 2 0 2 2 0 0 2 2 2 2 2 2 2 0 1 1 2 2 2 1 2 0 2 2 2 1 2 0 2 2 2 2 2 2 2 0 2 2 2 2 2 2 1 2 2 2 2 2 2 2 2 2 2 2 2 2 2 2 2 0 2 2 2 2 2 2 2 2 2 2 2 2 2 2 2 2 2 2 2 2 2 1 2 0 2 2 2 2 2 0 2 2 1 2 0 2 2 2 2 0 1 2 2 2 2 2 2 2 2 2 2 2 2 2 0 2 2 2 2 2 2 2 2 2 2 0 2 2 2 0 2 2 2 2 0 2 2 1 2 0 2 0 2 2 2 2 2
158 0 2 2 0 2 2 2 2 0 0 2 2 2 0 2 2 2 0 2 0 2 2 2 0 2 2 2 2 0 2 2 2 2 2 0 2 2 2 0 2 0 2 2 2 0 2 2 0 2 2 0 2 2 2 2 2 2 2 2 0 0 0 2 2 2 2 2 2 2 2 2 2 2 2 2 2 2 2 2 2 2 2 2 2 2 2 2 2 2 0 2 0 2 2 0 2 2 2 2 2 2 2 2 2 2 2 2 2 2 2 2 2 2 0 2 0 2 2 2 2 0 0 2 2 0 2 0 2 2 2 2 2 2 2 2 2 2 2 2 2 0 2 2 2 2 2 2 2 2 2 2 2 2 2 2 2 0 2 2 0 2 2 2 2 2 2 2 2 2 0 2 2 2 2 2 2 2 2 0 0 2 2 2 2 2 2 2 2 2 0 1 2 2 2 2 2 2 2 2 2 2 2 0 2 2 2 2 0 2 0 2 2 2 2 2 2 0 2 2 2 2 2 2 2 2 2 2 2 2 2 0 2 0 2 2 2 2 0 2 2 2 2 2 2 2
159 0 0 0 0 0 2 0 0 0 0 0 0 0 0 2 0 0 0 0 0 0 0 0 0 0 0 0 0 0 0 0 0 0 0 2 0 0 0 0 0 2 0 0 0 2 0 0 2 0 0 0 0 0 0 0 0 2 0 0 0 0 0 0 2 0 0 0 2 0 0 0 0 0 0 0 0 0 0 0 0 0 0 0 0 0 0 0 0 0 2 0 0 0 0 2 0 0 0 0 0 0 0 0 0 0 0 0 0 0 0 0 0 0 0 0 0 2 0 2 0 0 2 0 0 0 0 2 0 2 0 0 0 0 0 0 0 0 0 0 0 2 0 0 0 0 0 0 0 1 0 0 0 0 0 0 0 2 0 0 0 2 0 0 0 0 0 0 1 2 0 0 0 2 0 0 0 2 0 0 0 0 0 0 0 0 2 0 0 0 0 0 0 0 0 0 0 0 0 0 0 0 0 2 0 0 0 0 0 0 2 2 0 0 0 0 0 2 0 0 2 0 0 2 0 0 0 0 0 0 0 0 0 0 0 0 0 0 0 2 0 2 0 0 0 0
160 2 2 2 2 2 2 2 2 2 2 2 0 2 2 2 2 2 0 0 2 2 0 2 2 2 2 2 0 0 0 2 0 2 2 2 2 2 2 2 2 2 2 2 2 2 2 2 2 0 2 0 2 2 2 2 2 2 2 2 2 2 2 2 2 2 2 2 2 2 2 2 2 2 2 2 0 2 0 2 2 2 2 2 2 2 2 2 2 2 2 2 2 2 2 2 2 2 2 2 2 2 2 2 2 2 2 2 2 2 2 2 2 2 2 2 2 2 2 2 2 2 2 2 2 2 2 2 2 0 2 2 2 2 2 2 2 2 2 2 2 2 2 2 2 2 2 2 2 2 2 2 2 2 2 2 2 2 2 2 2 2 2 2 2 2 2 2 2 2 2 2 2 2 2 2 2 2 2 2 2 2 2 2 2 2 2 2 2 2 2 2 2 2 2 2 2 2 2 2 2 2 2 2 2 2 2 2 2 2 2 2 2 2 2 2 2 2 2 2 2 2 2 2 2 2 2 2 2 2 2 2 2 2 2 2 2 2 2 2 2 2 2 2 2 2
161 2 2 2 2 2 2 2 2 2 2 2 0 2 2 2 2 2 2 0 2 2 0 2 2 2 2 2 0 2 0 2 0 2 2 2 2 2 2 2 2 2 2 0 2 2 2 2 2 0 2 0 2 2 2 2 2 2 2 2 2 2 2 2 2 2 2 2 0 2 2 0 2 2 2 2 0 2 0 2 0 2 2 2 2 0 2 2 2 2 2 2 2 2 2 2 2 2 2 2 2 2 2 2 2 2 2 2 2 2 2 1 2 2 2 2 2 2 2 2 2 2 2 2 2 2 2 2 2 0 2 0 2 2 2 2 2 2 2 2 2 2 2 2 2 2 2 2 2 2 2 0 2 0 2 2 2 2 2 2 2 2 2 2 2 2 2 2 2 2 2 2 2 2 2 2 2 2 2 2 0 2 2 2 2 2 2 2 0 2 2 2 2 2 2 2 2 2 2 2 2 2 2 2 2 2 2 2 2 2 2 2 2 2 2 2 2 2 0 2 2 2 2 0 2 2 2 2 2 2 2 2 2 0 2 2 2 2 0 2 2 2 2 2 2 2
162 2 2 2 2 2 2 2 0 2 2 2 2 2 2 2 2 2 2 2 2 2 2 2 2 2 2 2 2 2 2 2 2 2 0 0 2 2 2 2 2 2 2 2 2 2 2 2 2 2 2 2 2 2 2 2 2 2 2 2 2 2 2 2 2 2 2 2 2 2 2 2 2 2 2 2 2 2 2 2 2 0 2 2 2 2 0 2 2 2 0 2 2 2 2 2 2 2 2 0 2 1 0 2 2 2 2 0 2 2 2 2 2 2 2 2 2 2 2 2 2 2 2 2 2 2 2 2 0 2 0 2 2 2 2 2 0 2 2 2 2 2 0 2 2 2 2 2 0 2 2 2 0 2 0 2 2 2 2 2 2 0 2 2 0 2 2 0 2 2 2 2 2 0 0 0 2 2 0 2 2 0 2 2 2 2 2 2 2 0 2 2 0 2 2 2 2 2 2 2 2 2 2 2 2 2 2 2 0 2 0 2 2 2 2 2 2 2 2 2 2 2 2 2 2 2 2 0 0 2 0 0 2 2 0 2 2 2 2 2 2 2 0 2 2 0
163 2 2 0 0 2 2 2 2 2 2 2 2 2 2 2 2 2 2 2 2 2 2 2 2 2 2 2 2 2 2 0 2 2 0 2 2 2 2 2 2 2 2 2 2 2 0 2 2 2 2 2 2 2 0 2 2 2 2 0 2 2 2 2 2 2 2 2 2 2 2 2 2 0 2 2 2 0 2 2 2 2 2 2 2 2 0 0 2 2 2 2 2 2 2 2 2 2 0 2 0 1 0 2 0 2 0 2 2 2 2 2 2 2 2 0 2 2 2 2 2 2 2 2 2 2 2 2 0 2 2 2 2 2 2 0 0 2 2 0 0 2 0 2 2 2 2 2 2 2 2 2 0 2 0 2 2 2 2 2 2 2 2 2 2 0 2 0 2 0 2 2 2 2 2 0 2 2 0 2 2 0 2 2 2 2 0 2 2 2 2 2 0 2 2 2 2 2 2 2 2 2 2 2 0 0 2 2 2 2 2 2 2 0 2 2 2 2 2 0 2 2 2 2 2 2 2 0 2 2 2 2 2 2 2 2 2 2 2 2 2 2 2 0 2 2
164 0 2 2 0 0 0 2 0 2 0 2 2 0 2 2 2 2 0 2 0 2 2 2 2 2 2 0 2 0 2 2 2 0 2 2 1 0 2 0 2 2 0 0 2 2 2 0 2 2 0 0 2 2 0 2 2 2 2 2 2 2 0 0 0 0 0 2 0 2 0 0 2 2 2 2 2 2 2 0 2 2 2 0 0 0 2 2 0 2 2 2 0 0 0 2 0 2 0 0 2 2 2 2 2 0 0 2 2 0 0 0 0 2 2 2 0 0 2 0 0 2 2 0 2 0 2 2 2 2 2 2 0 2 0 0 2 2 2 2 2 2 2 0 2 2 0 2 2 1 0 0 2 2 2 2 2 2 2 1 2 2 0 2 2 2 0 2 2 2 2 0 0 2 0 0 0 2 2 2 2 2 2 0 0 2 2 0 2 2 2 1 2 0 2 2 2 0 0 0 0 2 2 2 2 0 2 2 0 0 2 0 2 2 2 2 2 2 2 2 2 0 2 0 0 0 0 2 2 2 2 0 0 2 0 2 2 2 2 0 0 0 2 2 2 2
165 0 2 0 2 2 2 0 2 2 0 2 2 2 0 2 0 2 2 2 0 0 2 2 0 2 0 2 2 2 2 2 2 2 2 2 2 2 2 0 0 0 2 0 0 0 0 0 2 2 0 0 0 0 2 2 2 0 2 0 2 2 0 2 0 0 2 2 0 0 2 0 2 0 0 2 2 0 2 2 0 2 2 2 2 2 2 0 2 0 2 2 0 2 2 0 2 2 2 2 0 2 2 2 2 0 2 2 0 2 2 2 2 2 2 2 2 2 0 2 2 2 2 2 0 2 0 0 2 2 2 0 2 2 2 2 2 2 0 2 2 0 0 2 2 2 0 0 2 2 2 2 2 2 0 2 2 2 2 1 0 0 0 2 2 2 2 2 0 0 0 0 2 2 2 2 2 2 0 0 0 2 0 2 2 2 0 2 0 0 0 1 2 2 0 2 2 2 2 0 0 2 2 2 2 2 2 2 2 0 0 2 0 0 2 2 2 2 1 2 0 0 2 0 2 0 2 2 2 2 0 2 0 0 0 0 2 0 0 2 0 2 2 2 0 2
166 2 0 2 0 2 2 2 2 2 2 2 2 2 2 2 2 2 2 2 2 2 2 0 2 2 2 2 2 2 2 2 2 2 2 2 1 2 0 2 2 2 2 2 2 2 2 2 2 2 2 2 2 2 2 0 0 2 0 2 2 2 2 0 0 2 2 0 0 2 0 2 2 2 2 2 2 2 2 0 2 2 2 0 2 2 2 2 0 2 2 2 2 0 0 2 2 0 2 2 2 1 2 0 2 2 2 2 2 2 2 2 0 2 2 2 2 2 2 0 2 2 2 2 2 0 2 2 2 2 0 2 2 2 2 2 2 2 2 2 2 2 2 2 2 2 0 2 2 1 2 0 2 2 2 0 2 2 2 1 2 2 2 0 0 2 2 0 1 2 2 2 2 2 2 2 0 2 2 2 2 2 2 2 2 2 2 0 2 2 2 2 2 0 2 2 2 0 0 2 2 2 2 2 2 2 2 2 2 2 2 2 0 2 2 2 0 2 2 2 2 0 2 0 0 2 0 2 0 2 2 2 2 2 2 0 2 2 2 0 2 2 2 2 2 2
167 0 2 2 2 2 2 2 2 0 2 0 2 2 2 2 2 2 0 0 2 2 2 2 2 0 2 0 2 0 0 2 2 2 2 0 0 0 2 2 2 2 2 0 0 0 2 0 2 0 2 2 2 2 2 2 2 2 2 2 0 2 2 2 2 2 2 2 0 0 2 0 2 2 2 2 0 2 2 2 2 2 0 2 2 0 0 2 2 2 0 2 2 2 2 2 2 2 2 2 2 2 0 2 2 2 2 2 2 2 2 0 2 2 2 0 2 2 2 2 2 2 2 2 0 2 2 2 2 0 0 2 0 0 2 2 0 2 2 2 2 0 2 0 2 2 2 2 2 2 2 2 2 2 2 2 2 2 2 2 0 2 2 2 2 2 0 0 2 2 0 2 2 0 2 0 2 0 2 0 0 0 2 0 0 2 2 2 2 2 0 1 0 2 2 0 2 2 2 2 2 0 0 2 0 2 0 0 2 0 2 2 2 2 2 0 2 2 1 0 2 2 0 0 2 2 2 0 2 0 2 2 2 0 0 2 0 2 0 2 2 2 2 2 0 2
168 0 2 2 2 2 2 0 2 2 2 2 2 2 2 2 2 2 2 2 2 0 2 2 2 2 2 2 2 2 2 2 2 2 2 2 1 2 2 2 2 0 2 2 2 2 2 0 2 2 2 2 2 2 2 2 2 2 2 2 2 2 2 2 2 2 2 2 2 0 2 2 2 2 2 2 2 2 2 2 2 2 2 2 2 2 2 2 2 0 2 2 2 2 2 2 2 0 2 2 2 2 2 2 2 2 2 2 2 2 2 2 2 2 2 2 2 2 2 2 2 2 2 0 2 2 0 0 2 2 2 2 2 2 2 2 2 2 2 2 2 2 2 2 2 0 0 2 2 1 2 2 2 2 2 2 2 2 2 2 2 2 2 0 2 2 2 2 2 2 2 2 2 2 2 2 2 2 2 2 2 2 2 2 2 2 2 2 2 2 2 2 2 2 2 2 2 2 2 2 2 2 2 2 2 2 2 2 2 0 2 2 2 2 0 2 2 2 2 2 2 2 2 2 2 2 2 2 2 2 2 2 2 2 2 2 0 0 2 2 2 2 2 2 2 2
169 2 2 0 2 2 2 2 2 0 0 2 2 2 0 2 0 0 2 2 2 2 0 2 0 2 2 2 0 2 2 2 0 2 2 2 2 0 2 2 2 2 2 2 2 2 0 0 0 2 0 0 2 2 2 2 2 2 2 0 2 1 0 2 1 0 2 2 0 2 2 2 0 2 2 0 2 0 2 2 0 0 2 2 2 2 2 0 2 2 2 2 2 2 2 2 2 2 0 2 0 0 2 2 2 2 0 0 0 2 0 0 0 2 0 0 0 2 2 0 2 2 0 2 2 2 2 2 0 0 2 0 0 2 2 0 2 0 0 2 2 2 2 2 2 0 2 2 2 2 0 2 2 0 0 2 2 2 0 1 2 2 2 2 0 0 2 0 1 2 2 2 2 0 2 0 2 2 0 2 0 2 0 2 2 0 2 0 2 0 2 2 2 2 0 2 2 0 2 0 2 2 0 2 2 0 2 2 2 0 2 2 2 0 0 2 2 2 2 2 0 1 2 0 2 2 2 2 2 2 2 2 0 0 0 2 2 2 0 0 0 2 2 0 2 2
170 2 2 2 2 2 2 2 2 2 2 2 2 2 2 2 2 2 2 2 2 2 2 2 2 2 2 2 2 2 2 2 2 2 2 2 2 2 2 2 2 2 2 0 2 2 2 2 2 2 2 2 0 2 0 2 2 2 2 2 2 2 2 2 0 0 2 2 2 2 2 2 2 2 2 2 2 2 2 2 2 2 2 2 2 2 2 2 2 2 2 2 2 2 2 2 2 2 2 2 2 2 2 2 2 2 2 2 2 2 2 2 0 2 2 2 2 2 2 2 2 2 2 2 2 2 2 2 2 2 2 2 2 2 2 2 2 2 2 0 2 2 0 2 2 2 2 0 2 2 2 2 2 2 2 2 2 2 2 1 2 2 2 2 2 2 2 2 0 2 2 2 2 2 2 2 2 2 2 2 2 2 2 2 2 2 2 2 2 2 2 2 2 2 2 2 2 2 2 2 2 2 2 2 2 2 2 2 2 2 2 2 2 2 2 2 2 2 2 2 0 0 2 2 2 2 2 2 2 2 2 2 2 2 2 2 2 2 2 2 2 2 2 2 2 2
171 2 2 2 2 0 2 2 2 2 2 2 2 0 2 2 2 2 2 2 2 2 2 0 2 2 2 0 2 2 2 2 2 2 2 2 2 2 2 2 2 2 2 2 2 2 2 2 2 2 2 2 2 2 2 0 0 2 2 2 2 2 2 2 2 2 0 2 2 2 2 2 2 2 2 2 2 2 2 2 2 2 2 2 2 2 2 2 2 2 2 0 2 2 2 2 2 2 2 2 2 2 2 2 2 2 2 0 2 2 2 2 2 2 2 2 2 2 2 2 2 2 2 2 2 2 2 2 2 2 2 2 2 2 2 2 2 2 2 2 2 2 2 0 2 2 2 2 2 2 2 2 0 0 2 2 2 2 2 2 2 2 2 2 2 2 0 2 2 2 2 2 2 0 2 2 2 2 2 2 2 2 2 2 0 2 2 2 2 2 2 2 2 2 2 2 2 2 2 2 2 2 0 2 2 2 2 2 2 2 2 2 2 2 2 2 2 2 2 2 2 2 2 2 2 2 2 2 2 2 2 2 2 2 2 2 2 2 2 2 2 2 0 2 2 2
172 2 2 2 0 2 2 2 2 2 0 2 2 2 0 2 2 2 2 2 2 2 2 2 0 2 0 2 2 2 2 2 2 2 2 2 2 2 2 0 2 0 2 2 0 2 2 2 0 2 2 2 2 0 2 2 2 2 2 2 2 2 0 2 2 2 2 2 0 2 2 2 2 2 0 2 2 2 2 2 2 2 2 2 2 2 2 2 2 2 2 2 0 2 2 0 2 2 0 2 2 2 2 2 2 2 2 2 2 2 2 2 2 2 2 2 2 2 2 2 2 2 2 2 0 2 2 0 0 2 0 2 2 2 2 2 2 2 2 2 2 2 0 2 2 2 2 2 2 2 2 2 0 2 2 2 0 2 2 2 2 2 2 2 2 2 2 2 2 0 2 2 2 2 2 2 2 0 2 2 2 2 2 2 2 2 2 2 2 2 2 2 2 2 2 2 2 2 2 0 2 0 2 2 2 2 2 0 2 2 0 2 2 2 2 2 2 2 2 2 2 2 2 0 2 2 2 2 2 2 2 2 2 2 2 2 2 0 2 2 0 2 2 2 2 2
173 2 2 2 2 2 2 2 2 2 0 2 2 2 0 2 2 2 2 2 2 2 2 2 0 2 2 2 2 2 2 2 2 2 2 2 2 2 2 2 2 2 2 2 2 2 2 2 2 2 2 2 2 2 2 2 2 2 2 2 2 2 0 2 2 2 2 2 2 2 2 2 2 2 2 2 2 2 2 2 2 2 2 2 2 2 2 2 2 2 2 2 2 2 2 2 2 2 2 2 2 2 2 2 2 2 2 2 2 2 2 2 2 0 2 2 2 2 2 2 2 2 2 2 2 2 2 2 2 2 2 2 2 2 2 2 2 2 2 2 2 2 2 2 2 2 2 2 2 2 2 2 2 2 2 2 2 2 2 2 0 2 2 2 2 2 2 2 2 2 0 2 2 2 2 2 2 2 2 0 0 2 2 2 2 2 2 2 2 2 2 1 2 2 2 2 2 2 2 2 2 2 2 2 2 2 2 0 2 2 2 0 2 2 2 2 2 2 2 2 2 2 2 2 2 2 2 2 2 2 2 2 2 0 2 2 2 2 0 2 2 2 2 2 2 2
174 1 0 2 0 2 0 0 0 2 2 2 0 2 2 0 2 0 2 2 0 0 0 0 2 2 0 0 0 2 2 2 0 0 0 2 0 0 0 0 0 0 0 0 2 2 2 0 2 0 2 0 2 0 2 0 0 2 0 2 2 0 2 2 0 0 2 0 0 2 2 2 2 0 0 0 2 2 0 0 0 0 2 2 2 2 0 2 2 0 2 0 0 0 2 0 0 0 2 0 2 0 0 0 2 2 2 0 0 0 0 0 2 2 2 2 0 0 0 0 0 0 2 2 2 2 0 0 2 0 2 0 2 0 0 0 0 0 2 0 0 2 0 0 0 2 0 2 2 0 2 2 2 2 0 0 0 0 0 0 2 0 0 0 0 0 0 0 2 0 2 0 0 0 0 0 0 0 0 2 2 2 0 0 0 0 0 0 2 0 2 2 2 2 0 0 0 0 2 0 2 2 0 0 0 0 2 0 0 0 0 0 0 2 2 2 0 0 0 2 2 0 0 0 2 0 0 2 2 0 0 0 0 2 0 0 2 2 2 0 0 0 0 0 0 0
175 2 2 2 2 2 2 2 2 2 2 2 2 2 2 2 0 2 2 2 2 2 2 2 2 0 2 2 2 2 2 2 2 2 2 2 2 2 2 2 2 2 2 2 0 2 2 2 2 2 2 2 2 2 2 2 2 2 2 2 2 2 2 0 2 2 2 2 2 2 0 2 2 2 2 2 2 2 2 2 2 2 0 0 2 0 2 2 2 2 2 2 2 2 1 2 2 2 2 2 2 2 2 2 2 2 2 2 2 2 2 2 2 2 2 2 2 2 2 2 2 2 2 2 0 0 2 2 2 2 2 2 0 2 2 2 2 2 0 2 2 2 2 2 2 2 2 2 0 2 2 0 0 2 2 2 2 2 2 2 2 2 2 2 2 2 2 2 2 2 2 2 2 2 2 2 2 2 2 2 2 2 2 2 2 2 2 2 2 2 0 0 2 2 2 2 2 2 2 2 2 2 2 2 2 2 2 2 2 2 2 2 2 2 2 2 2 2 2 2 2 2 2 2 0 2 2 2 0 2 2 2 2 2 2 2 2 2 2 2 2 2 2 2 2 2
176 0 2 0 2 2 2 2 2 2 2 0 2 2 2 2 2 2 0 2 2 2 2 2 2 2 2 2 2 0 2 0 2 2 2 0 2 2 2 2 2 2 2 2 2 2 0 2 2 0 2 2 2 2 2 2 2 0 2 0 2 2 2 2 2 2 2 2 2 2 2 2 2 2 2 2 2 0 2 2 2 2 2 2 2 2 2 0 2 2 0 2 2 2 1 2 2 2 2 2 0 2 2 2 0 2 2 2 2 2 2 2 2 0 0 2 2 2 2 2 2 2 2 0 2 2 2 2 2 2 2 2 2 2 2 2 2 2 2 2 2 2 2 2 2 0 0 2 0 2 2 2 2 0 2 2 2 2 2 2 2 2 2 2 2 2 2 2 2 2 2 0 2 2 2 2 2 2 2 2 2 0 2 2 2 2 2 2 2 2 2 2 0 2 2 2 2 0 2 2 1 2 2 2 2 2 2 2 2 2 2 2 2 0 0 2 2 2 2 2 2 2 2 2 2 2 2 0 2 2 2 2 2 2 2 2 2 2 2 2 2 2 2 2 0 2
177 0 0 0 0 0 0 0 0 0 0 0 0 0 0 2 0 0 0 0 0 0 0 2 0 2 0 0 0 0 0 0 0 0 2 0 0 0 0 0 2 0 0 0 2 0 0 2 0 0 0 0 2 0 0 2 2 2 0 0 0 0 0 2 0 0 0 0 0 2 0 0 0 0 0 0 0 0 0 0 0 0 0 0 2 2 0 0 0 0 0 0 0 0 0 0 0 2 0 0 0 0 0 0 0 2 0 0 0 0 0 2 0 0 0 0 0 0 0 0 0 2 0 0 2 0 0 0 0 0 0 2 0 0 0 0 0 2 0 0 0 0 0 0 0 0 0 2 2 1 0 2 2 2 0 2 2 2 0 0 0 2 0 2 0 0 0 0 1 0 0 0 0 2 0 0 0 0 0 0 0 0 0 0 0 0 0 0 0 0 0 0 0 0 0 0 0 0 0 0 1 0 2 2 0 0 2 2 0 2 2 0 0 0 0 0 0 2 0 0 1 2 0 0 0 0 0 0 0 0 0 0 0 0 0 0 0 0 0 0 0 0 2 0 0 0
178 2 2 0 2 2 2 2 2 2 2 0 0 2 2 2 2 2 2 2 2 2 2 2 2 2 2 2 2 2 2 2 2 2 2 2 2 2 2 2 2 2 2 2 2 2 0 2 2 2 2 2 2 2 2 2 2 2 2 0 2 2 2 2 2 2 2 2 2 2 2 2 2 2 2 2 2 0 0 2 0 2 2 2 2 2 2 0 2 2 2 2 2 2 2 2 2 2 2 2 0 2 2 2 2 2 2 2 2 2 2 2 2 2 0 2 2 2 2 2 2 2 2 2 2 2 2 2 2 2 2 2 2 2 2 0 2 2 2 2 2 2 2 0 2 2 2 2 2 2 2 2 2 2 2 2 2 2 2 2 2 2 2 2 2 2 2 2 2 2 2 2 2 2 2 2 2 2 2 2 2 2 0 2 2 0 2 2 2 2 2 2 2 2 0 2 2 2 2 2 2 2 2 2 2 0 2 2 2 2 0 2 2 0 2 2 2 2 2 2 2 2 2 2 2 2 2 2 2 2 2 2 2 2 2 2 2 2 2 2 2 2 2 2 2 2
179 2 0 2 2 2 0 0 2 2 2 2 2 2 2 2 2 2 2 2 2 2 2 0 2 2 2 2 2 2 2 2 2 2 2 2 2 2 0 2 2 2 2 2 2 0 2 2 2 2 2 0 2 2 2 0 0 2 0 2 2 2 2 2 2 2 2 1 2 2 2 2 2 2 2 2 2 2 2 2 2 2 2 2 0 2 2 2 2 2 2 2 2 2 2 2 2 2 2 2 2 2 2 0 2 2 2 2 0 2 2 0 2 2 2 2 2 0 2 2 2 2 2 2 2 2 0 2 2 2 2 2 2 2 2 2 2 2 2 2 2 2 2 2 2 2 2 2 2 1 2 2 2 2 2 2 2 2 2 2 2 2 2 2 2 2 2 2 2 2 2 2 2 2 2 2 2 2 2 2 2 2 2 2 2 2 2 2 2 2 2 2 2 2 2 2 2 2 2 2 2 2 2 2 2 2 2 2 2 2 2 2 0 2 2 2 2 2 1 2 2 2 2 2 2 2 2 2 2 2 2 2 0 2 2 0 2 2 2 2 2 0 2 2 2 2
180 2 0 2 2 2 0 0 2 2 2 2 2 2 2 2 2 2 2 2 2 2 0 0 2 2 2 2 0 2 2 2 0 2 2 2 2 2 0 2 2 2 2 2 2 0 2 2 2 2 2 0 2 2 0 0 0 2 0 2 2 0 2 2 0 0 2 0 0 2 2 2 2 2 2 2 2 2 2 2 2 2 2 2 0 2 2 2 2 2 2 2 2 2 1 2 2 2 2 2 2 2 2 0 2 2 2 0 0 2 2 0 2 0 2 2 0 0 0 2 2 2 2 0 2 2 0 2 2 2 2 0 2 2 2 2 2 2 2 0 2 2 2 2 2 2 2 2 2 1 2 2 0 2 2 2 2 2 2 2 2 2 2 2 2 2 2 2 1 2 2 2 2 2 2 2 2 0 2 2 2 2 2 2 2 2 2 2 2 2 2 2 2 2 2 2 2 2 2 2 2 2 2 2 2 2 2 2 2 2 2 2 0 2 2 2 2 2 1 2 0 2 2 0 2 2 2 2 2 2 2 2 0 2 2 0 2 2 2 2 2 0 2 2 2 2
181 2 2 2 2 2 2 2 2 2 0 2 2 2 0 2 2 2 2 0 2 2 2 2 0 0 2 2 2 2 0 2 2 2 2 2 2 2 2 2 2 2 2 2 2 2 2 2 0 2 2 2 2 2 2 2 2 2 2 2 2 2 0 0 2 2 2 2 2 2 2 2 2 2 2 2 0 2 2 2 2 2 2 2 2 2 2 2 2 2 2 2 2 0 2 2 2 2 2 2 2 2 2 2 2 2 2 2 2 2 2 2 2 2 2 2 2 2 2 2 2 2 2 2 2 2 2 2 2 2 2 2 2 2 2 2 2 2 2 2 2 2 2 2 2 2 2 2 2 2 2 2 2 2 2 2 2 2 2 2 0 2 2 2 2 2 2 2 2 2 0 2 2 2 2 2 2 2 2 0 0 2 2 2 2 2 2 2 2 2 2 2 2 2 2 2 2 2 2 2 2 2 2 2 2 2 2 2 2 2 2 2 2 2 2 0 2 2 2 2 2 2 2 2 2 2 0 2 2 2 2 2 2 0 2 2 2 2 0 2 2 2 2 2 2 2
182 2 2 2 2 2 2 2 2 2 2 2 2 2 2 2 2 2 2 2 2 2 2 2 2 2 2 2 2 2 2 2 2 2 2 2 2 2 2 2 2 2 2 2 2 2 2 2 2 2 2 2 2 2 2 2 2 2 2 2 2 2 2 2 2 2 2 2 2 2 2 2 2 2 2 2 2 2 2 2 2 2 2 2 2 2 0 2 2 2 2 2 2 2 2 2 2 2 2 2 2 2 0 2 2 2 2 2 2 2 2 2 2 2 2 2 2 2 2 2 2 2 2 2 2 2 2 2 2 2 2 2 2 2 2 2 0 0 2 2 0 2 2 2 2 2 2 2 0 2 2 2 2 2 2 2 2 0 2 2 2 2 2 2 2 2 2 2 2 2 2 2 2 2 2 2 2 2 2 2 2 0 2 0 2 2 2 2 2 2 2 2 0 2 2 2 0 2 2 2 2 2 2 0 2 2 2 2 2 2 2 0 2 2 2 2 0 0 2 2 2 2 2 2 2 2 2 0 2 2 2 2 1 2 2 2 2 2 2 2 2 2 2 2 2 2
183 2 2 2 2 2 2 2 2 2 2 2 2 2 2 0 2 2 2 2 0 2 2 2 2 2 2 2 2 2 2 2 2 2 2 2 2 2 2 0 2 2 2 2 2 2 2 2 2 2 2 2 0 2 2 2 2 2 2 2 2 2 2 2 2 2 2 2 2 2 2 2 2 2 2 2 2 2 2 2 2 2 2 2 2 2 2 2 2 2 2 2 0 2 2 0 2 2 2 2 2 2 2 2 2 2 2 2 2 2 2 2 2 2 2 2 2 2 2 2 2 2 2 2 2 2 2 2 2 2 2 2 2 2 2 0 2 2 2 2 2 2 2 2 2 2 2 0 2 1 2 0 2 0 2 0 2 2 2 2 2 2 2 2 2 2 2 2 2 2 2 2 2 2 2 2 2 2 2 2 2 2 2 2 2 2 2 2 2 2 2 2 2 2 2 2 2 2 2 2 2 2 2 2 2 0 2 2 2 2 0 2 2 2 2 0 2 2 2 2 2 2 2 2 2 2 2 2 2 2 2 2 2 2 2 2 2 2 2 2 2 2 2 2 2 2
184 2 2 0 2 2 0 2 2 2 2 0 2 2 2 0 0 2 2 2 0 0 2 2 2 2 0 2 2 2 2 2 2 2 2 0 2 2 2 0 2 2 2 2 0 0 0 2 2 2 2 2 2 2 2 2 2 2 2 0 2 2 2 2 2 2 2 2 2 2 2 2 2 2 2 2 2 0 2 2 2 0 2 2 0 2 0 0 2 0 0 0 0 2 2 2 2 2 2 2 0 2 0 2 2 2 2 2 2 2 2 2 0 2 0 0 2 0 2 2 2 2 0 2 0 2 2 2 2 2 0 2 2 0 2 0 0 0 0 2 0 2 0 2 2 2 2 2 0 0 2 2 0 2 2 2 0 2 2 2 2 2 2 2 2 2 2 2 2 2 2 0 0 2 0 0 2 2 2 2 2 0 2 0 2 2 2 2 0 2 2 2 0 2 2 2 0 0 2 2 2 0 2 0 2 0 2 2 2 2 0 0 2 0 2 2 0 0 0 2 2 2 0 2 2 2 2 0 2 0 2 2 0 2 2 2 2 2 2 2 2 0 2 2 2 2
185 2 0 0 2 2 0 0 2 0 2 0 2 2 2 0 0 0 2 2 0 0 0 0 2 2 0 0 0 2 2 2 0 2 2 0 0 0 0 0 2 2 2 2 0 0 0 0 2 2 0 2 2 0 0 0 0 0 0 0 0 0 2 2 0 0 2 0 0 2 0 0 2 2 1 0 2 0 2 0 0 0 0 0 0 0 0 0 2 0 0 0 0 2 1 2 2 0 2 2 0 0 0 0 2 0 2 0 2 0 2 0 0 2 0 0 2 0 0 0 2 0 2 2 0 0 0 2 0 0 0 0 0 0 2 0 0 2 0 0 0 2 0 0 2 0 2 2 0 0 2 0 0 2 0 0 0 2 2 2 2 0 2 0 0 0 0 2 0 2 2 0 0 0 0 0 0 0 0 2 2 0 0 0 0 0 0 0 0 0 0 2 0 2 0 0 0 0 2 0 1 2 0 2 2 0 2 0 0 0 0 0 0 0 0 2 0 2 1 2 0 0 0 0 0 2 2 0 0 0 2 0 2 2 0 0 2 0 2 0 0 0 2 2 0 0
186 0 2 2 2 2 2 2 2 0 2 2 2 2 2 2 2 2 0 2 2 2 2 2 2 2 2 2 2 0 2 2 2 2 2 2 2 2 2 2 2 0 2 2 2 2 2 0 2 0 2 2 2 2 2 2 2 2 2 2 2 2 2 2 2 2 2 2 2 2 2 2 2 2 2 2 2 2 2 0 2 2 2 2 2 2 2 2 2 2 2 2 2 2 2 2 2 2 2 2 2 2 2 2 2 2 2 2 2 2 2 2 2 2 2 2 2 2 2 2 2 2 0 2 2 2 2 0 2 2 2 2 2 2 2 2 2 2 2 2 2 0 2 2 2 2 2 2 2 2 2 2 2 2 2 2 2 2 2 2 2 2 2 2 2 2 2 2 2 2 2 2 2 2 2 2 0 2 2 2 2 2 2 2 2 2 2 0 2 2 2 2 2 2 2 2 2 2 2 2 2 2 2 2 2 2 2 2 2 0 0 2 2 2 2 2 2 2 2 2 2 2 2 2 2 2 2 2 2 2 2 2 2 2 2 2 0 2 2 2 2 2 2 2 2 2
187 0 0 2 2 0 0 0 0 0 2 1 2 0 2 0 0 0 0 2 1 2 2 0 2 2 0 0 2 0 2 2 2 2 2 0 0 1 0 1 2 2 2 2 0 0 2 2 2 0 2 2 0 2 2 0 0 0 0 2 2 2 2 2 0 2 0 0 0 2 2 0 0 1 2 0 2 2 2 2 2 2 0 2 0 1 0 2 1 0 0 0 1 0 2 2 2 2 0 0 2 0 0 0 2 2 2 2 0 1 0 2 0 2 2 2 2 0 2 1 2 0 0 2 0 2 0 2 0 0 1 2 2 0 2 0 0 0 0 0 0 0 0 2 0 2 0 0 1 1 0 0 0 0 0 0 0 0 0 0 2 2 0 2 0 2 0 0 2 0 2 0 2 2 0 0 2 0 0 2 2 0 0 0 0 2 2 2 1 0 2 2 0 1 2 0 2 0 0 2 2 0 2 0 0 0 0 0 1 2 0 2 2 2 2 0 2 0 0 1 2 1 0 0 2 0 0 0 0 0 2 1 2 2 2 2 0 0 2 1 2 0 2 0 0 0
188 2 2 2 2 2 2 2 2 0 2 2 2 2 2 2 2 2 0 2 2 2 2 0 2 2 2 2 2 0 2 2 2 2 2 2 2 2 2 2 2 0 2 2 2 0 2 2 2 2 2 2 2 2 2 0 0 2 2 2 2 2 2 2 2 2 2 2 2 2 2 2 2 2 2 2 2 2 2 2 2 2 2 2 2 2 2 2 2 2 2 2 2 0 2 2 2 2 2 2 2 2 2 2 2 2 2 2 2 2 2 2 2 2 2 2 2 2 2 2 2 2 0 2 2 2 2 0 2 2 2 2 2 2 2 2 2 2 2 2 2 2 2 2 2 2 2 2 2 2 2 0 2 2 2 0 2 2 2 2 2 2 2 2 2 2 2 2 2 2 2 2 2 2 2 2 2 2 2 2 2 2 2 2 2 2 2 2 2 2 2 2 2 2 2 2 2 2 2 2 2 2 2 2 2 2 2 2 2 2 0 2 2 2 2 2 2 2 2 2 2 2 2 2 2 2 0 2 2 2 2 2 2 2 2 2 2 2 2 2 2 2 2 2 2 2
189 2 2 2 2 2 2 2 2 2 2 2 2 2 2 2 2 2 2 0 2 2 2 0 2 2 2 2 2 2 0 2 2 0 2 2 2 2 2 2 2 2 1 2 2 2 2 2 0 2 0 2 2 0 2 0 0 2 2 2 1 2 2 2 2 2 2 2 2 2 2 2 2 2 0 2 0 2 2 2 0 2 2 2 2 0 2 2 2 2 2 2 2 2 2 2 1 2 0 2 2 2 2 2 2 2 2 2 2 2 2 2 2 2 2 0 2 2 2 2 0 0 2 2 2 2 2 2 2 2 2 2 2 2 0 2 2 2 2 2 2 2 2 2 2 2 2 2 2 2 2 2 2 2 2 2 2 2 2 2 0 2 1 2 2 2 2 2 2 2 1 2 2 2 2 2 2 2 2 0 0 2 2 2 2 2 2 2 0 2 0 1 2 2 0 2 2 2 2 2 2 0 2 2 2 2 2 2 2 2 2 2 2 2 2 2 2 2 2 2 2 2 2 2 2 0 2 2 2 2 2 2 2 1 2 2 2 2 0 2 2 2 2 2 2 2
190 0 0 0 0 0 0 0 2 0 0 0 0 0 0 2 2 0 0 0 0 2 0 0 0 0 2 2 0 0 0 0 0 0 0 2 2 0 0 0 0 0 0 0 0 0 0 0 0 0 0 0 0 0 0 0 0 2 0 0 0 0 0 0 0 0 0 0 0 2 0 0 0 0 0 0 0 0 0 0 0 0 0 0 0 0 0 0 0 0 2 0 0 0 0 2 0 0 0 2 0 0 0 0 0 0 0 0 0 0 0 0 0 0 0 0 0 0 0 0 0 0 0 0 0 2 0 0 0 0 0 0 0 0 0 0 0 2 2 0 0 0 2 0 0 0 2 0 2 0 0 2 0 0 0 2 0 2 2 0 0 0 0 0 0 0 2 2 0 0 0 0 2 2 0 0 0 0 0 0 0 0 0 0 2 0 0 0 0 0 0 1 0 0 0 2 0 2 0 2 0 0 2 2 0 0 2 0 0 0 0 0 0 0 0 2 2 2 1 0 0 0 2 0 0 0 2 0 0 2 0 0 0 0 0 0 2 0 0 0 2 0 0 2 0 0
191 0 0 0 0 2 2 0 2 0 0 0 0 2 0 2 2 2 0 2 0 0 0 2 0 2 2 2 0 0 2 0 0 0 0 2 2 0 0 0 2 2 0 2 2 0 0 2 2 0 0 0 2 0 2 2 2 2 0 0 0 0 0 2 2 2 2 0 0 2 0 2 0 0 0 2 2 0 0 0 0 0 2 0 0 0 0 0 0 2 2 2 0 0 0 2 0 0 2 2 0 2 2 0 0 2 2 2 0 0 0 0 0 0 0 0 0 2 2 2 0 2 0 0 2 2 0 2 2 2 2 0 0 2 0 2 0 2 2 0 2 0 2 2 2 2 2 2 2 1 0 2 2 2 2 0 2 2 2 2 2 2 0 0 2 2 2 2 0 2 2 2 2 2 2 2 0 2 2 2 2 2 0 2 2 2 2 0 0 2 2 2 2 0 2 2 0 2 2 2 2 2 2 2 0 2 2 0 0 2 2 0 0 0 2 2 2 2 2 0 0 2 2 0 0 0 0 2 2 2 2 0 2 2 2 0 2 0 2 2 2 2 2 2 0 2
192 2 2 2 2 2 2 2 2 2 2 2 2 2 2 2 2 2 2 0 2 2 0 2 2 2 2 2 0 2 0 2 0 2 2 2 2 2 2 2 2 2 2 2 2 2 2 2 2 2 2 2 2 2 2 2 2 2 2 2 2 0 2 2 2 2 2 2 0 2 2 2 2 2 2 2 0 2 2 2 2 2 2 2 0 2 2 2 2 2 2 2 2 2 2 2 2 2 2 2 2 2 2 2 2 2 2 2 2 2 2 2 2 2 2 2 2 2 2 2 2 2 2 2 2 2 2 2 2 2 2 2 2 2 2 2 2 2 2 2 2 2 2 2 2 2 2 2 2 2 2 2 2 0 2 2 2 2 2 2 2 2 2 2 2 2 2 2 2 2 2 2 2 2 2 2 2 2 2 2 2 2 2 2 2 2 2 2 2 2 0 1 2 2 2 2 2 2 2 2 1 2 2 2 2 2 2 2 2 2 2 2 2 2 2 2 2 2 2 2 2 2 2 0 2 2 2 2 2 2 2 2 2 2 2 2 2 2 2 2 2 2 2 2 2 2
193 2 2 2 2 2 2 2 2 2 2 2 2 2 2 2 2 2 2 2 2 2 2 2 2 2 2 2 2 2 2 2 2 2 2 2 2 2 2 2 2 2 2 2 2 2 2 2 2 2 2 2 2 2 2 2 2 2 2 2 2 2 2 2 2 2 2 2 2 2 2 2 2 2 2 2 2 2 2 2 2 0 2 2 2 0 0 2 2 2 2 2 2 2 2 2 2 0 2 2 2 2 2 2 2 2 2 0 2 2 2 2 2 2 2 2 2 2 2 2 2 2 2 2 2 2 2 2 0 2 0 0 2 0 2 2 0 2 2 2 2 2 2 2 2 2 2 2 2 1 2 2 0 2 2 2 2 2 2 2 2 2 2 0 2 2 2 2 1 2 2 2 0 2 2 0 2 2 2 2 2 2 2 2 2 2 2 2 0 2 2 2 2 2 2 2 0 2 2 2 2 2 2 2 2 2 2 2 2 2 2 2 2 2 2 2 2 2 2 2 2 2 2 2 2 2 2 2 2 2 2 2 0 2 2 2 2 2 2 2 2 2 0 2 0 2
194 2 2 2 2 2 2 2 2 2 2 2 2 2 2 2 2 2 2 2 2 2 2 2 2 2 2 2 2 2 2 2 2 0 2 2 2 0 2 2 2 2 0 2 2 2 2 2 2 2 2 2 2 2 2 2 2 2 2 2 2 2 2 2 2 2 2 2 2 2 2 2 2 2 2 2 2 2 2 0 2 2 2 0 2 2 2 2 2 2 2 2 2 2 1 2 0 2 2 2 2 2 2 2 2 2 2 2 2 2 2 2 2 2 2 2 2 2 2 2 0 0 2 2 2 2 2 2 2 2 2 2 2 2 0 2 2 2 2 2 2 2 2 2 2 2 2 2 2 2 2 2 2 2 2 2 2 2 2 2 2 2 2 2 2 2 2 2 2 2 2 2 2 2 2 2 0 2 2 2 2 2 2 2 2 2 2 0 2 2 2 2 2 2 2 2 2 2 2 2 2 2 2 2 0 2 2 2 2 2 2 2 0 2 2 2 2 2 2 2 2 2 2 2 2 2 2 2 2 2 2 2 2 2 2 0 2 2 2 2 2 2 2 2 2 2
195 0 2 0 0 2 0 0 2 0 0 0 0 2 0 0 0 0 0 2 0 0 0 2 0 2 0 0 0 0 2 0 0 0 0 2 2 0 2 0 0 0 0 0 0 2 0 0 0 0 0 0 0 0 0 2 2 0 2 0 0 0 0 2 0 0 2 2 0 2 0 0 0 0 0 0 2 0 0 0 0 0 0 0 2 0 0 0 0 0 2 0 0 0 0 2 0 0 0 2 0 0 0 2 0 0 0 0 0 0 0 0 0 0 0 0 0 0 0 2 0 0 0 0 0 2 0 0 0 0 0 0 0 0 0 0 0 0 0 0 0 0 0 0 0 0 2 0 0 0 0 0 0 0 0 2 2 0 0 0 0 0 0 0 0 0 0 2 0 0 0 0 0 0 0 0 0 0 0 0 0 0 0 2 0 0 2 0 0 0 2 2 0 0 0 0 0 0 2 0 0 0 0 0 0 0 2 2 0 0 0 0 0 0 0 2 0 0 0 2 0 0 0 0 0 0 2 0 0 0 0 0 0 0 0 0 0 0 0 2 0 0 0 0 0 0
196 2 2 2 2 2 0 2 2 0 2 0 0 2 2 0 0 2 2 2 2 2 0 2 2 2 0 0 0 2 2 2 0 2 2 2 1 2 2 2 2 2 2 2 0 2 2 2 2 2 2 2 2 0 0 2 2 0 2 2 2 0 2 2 0 0 2 2 2 2 2 2 2 0 0 2 2 2 0 2 2 2 0 2 2 2 2 2 2 2 2 2 2 2 2 2 2 2 2 2 2 2 2 2 2 2 2 2 2 2 2 2 2 2 2 2 2 0 2 2 2 2 2 2 0 2 2 2 2 2 2 2 2 2 2 0 2 2 0 0 2 2 0 0 0 0 2 2 0 1 2 0 2 2 2 0 2 2 0 0 2 2 2 2 2 0 0 2 1 2 2 2 2 2 0 2 2 0 2 2 2 2 0 2 0 2 2 2 2 2 2 2 2 2 2 0 2 0 2 2 2 2 2 2 2 0 2 2 2 2 2 2 2 2 0 2 0 2 2 2 0 0 2 2 2 2 0 2 2 0 2 2 2 2 0 2 2 0 2 2 2 0 2 0 2 2
197 0 0 0 0 2 2 2 2 0 0 0 0 2 0 2 2 0 0 0 0 0 0 2 0 2 0 2 0 0 0 0 0 0 0 2 2 0 0 0 0 0 0 2 0 0 0 2 0 0 0 0 2 0 0 2 2 2 0 0 0 0 0 2 0 0 2 0 0 2 2 2 0 2 0 0 0 0 0 2 0 0 2 0 2 2 2 0 0 2 2 0 0 2 0 2 0 0 0 2 0 2 0 0 0 2 0 0 0 0 0 2 0 0 0 0 0 2 0 2 0 0 0 0 0 2 2 0 2 0 2 0 2 0 0 0 2 0 2 0 0 0 2 2 0 0 2 2 2 1 0 0 0 2 2 0 2 0 0 0 0 2 2 0 2 0 2 2 0 0 0 0 0 0 2 0 2 0 2 0 0 0 0 0 2 2 2 2 2 0 0 1 0 0 0 2 2 2 2 0 2 0 0 0 0 0 2 2 0 2 0 0 0 0 0 2 2 0 0 0 0 0 0 0 2 2 2 0 2 0 0 0 2 0 0 0 0 0 0 2 0 2 0 0 0 0
198 2 2 2 0 2 2 2 2 2 2 2 2 2 2 2 2 2 0 2 2 2 0 2 2 0 2 2 0 0 2 2 0 2 2 2 2 2 2 0 2 2 2 2 2 2 2 2 2 0 0 0 2 0 2 2 2 2 2 2 0 0 2 0 2 2 2 2 2 2 2 2 2 2 0 2 2 2 2 0 2 0 2 2 0 2 2 2 0 2 2 2 0 2 2 2 2 0 2 2 2 2 2 2 2 2 2 2 0 0 2 2 0 2 0 2 0 2 2 0 2 2 0 0 2 2 2 2 2 0 2 0 2 0 2 2 2 0 2 2 2 2 2 2 2 2 2 2 2 1 2 2 0 2 2 2 2 0 2 2 2 0 2 0 2 2 2 2 2 2 2 2 0 0 2 0 0 2 2 2 2 2 0 0 2 2 2 0 2 2 2 2 2 0 0 2 2 2 2 0 2 2 0 0 2 2 2 2 0 2 2 0 2 2 2 2 2 0 1 0 2 2 0 2 2 2 2 2 0 2 2 0 2 2 2 2 2 0 2 2 0 2 0 2 2 2
199 2 0 2 2 2 2 2 2 2 2 2 0 2 2 2 2 2 2 2 2 2 2 2 2 2 2 2 2 2 2 2 2 2 2 2 2 2 0 2 2 0 2 2 2 2 2 2 2 2 2 2 2 2 2 2 2 2 0 2 2 2 2 2 2 2 2 0 2 2 2 2 2 2 2 2 2 2 0 2 0 2 2 2 2 2 2 2 2 2 2 2 2 2 2 2 2 2 0 2 2 2 2 0 2 2 2 2 2 2 2 2 2 2 2 2 2 2 2 2 2 2 2 2 2 2 2 0 2 2 2 2 2 2 2 0 2 2 2 2 2 2 2 2 2 2 2 2 2 2 2 2 2 2 2 2 2 2 2 2 2 2 2 2 2 2 2 2 2 2 2 2 2 2 2 2 2 2 2 2 2 2 2 2 2 2 2 2 2 2 2 2 2 2 2 2 2 2 2 2 2 0 2 2 2 0 2 2 2 2 2 2 2 2 2 2 2 2 2 2 2 2 2 2 2 2 2 2 2 2 2 2 2 2 2 2 2 2 2 2 2 2 2 2 2 2
200 2 2 2 2 2 2 2 2 2 2 0 2 2 2 2 2 2 2 2 2 2 2 2 2 2 2 2 2 2 2 2 2 2 2 2 2 2 2 2 2 2 2 0 2 2 2 0 2 2 2 2 0 0 2 2 2 2 2 2 2 2 2 2 2 2 2 2 2 2 2 0 2 2 0 2 2 2 2 2 2 2 2 2 2 2 2 2 2 0 2 2 2 2 2 2 2 2 2 2 2 2 2 2 2 0 2 0 2 2 2 2 2 2 2 2 2 2 2 2 2 2 2 2 2 2 2 2 2 2 2 2 2 2 2 2 2 2 2 2 2 2 2 2 2 2 2 0 2 2 2 2 2 0 2 2 2 2 2 2 2 0 2 2 2 2 2 2 2 2 2 2 2 0 2 2 2 2 2 2 2 2 2 2 2 0 2 2 2 2 2 2 2 2 2 2 2 2 2 0 0 2 0 2 2 2 2 2 2 0 2 2 2 2 2 2 2 2 2 2 2 0 2 2 2 2 2 2 2 2 2 2 2 2 2 2 2 2 2 2 0 2 2 2 2 2
201 2 2 2 2 2 2 2 2 2 2 2 2 2 2 2 0 0 2 2 2 2 2 2 2 2 2 2 2 2 2 0 2 0 2 2 1 2 2 2 2 2 0 2 2 2 2 2 2 2 2 2 2 2 2 2 2 2 2 2 2 2 2 2 2 2 2 2 0 2 2 0 2 2 2 0 2 2 2 2 2 2 2 2 2 2 2 2 2 2 2 0 2 2 2 2 0 2 2 2 2 0 2 2 0 2 2 2 2 0 0 2 2 2 2 0 0 2 2 2 0 0 2 2 2 0 2 2 2 0 0 2 2 0 0 2 2 2 0 0 0 2 2 2 2 0 2 2 2 2 2 2 2 2 0 2 2 2 0 2 2 0 2 2 2 0 2 2 2 2 2 0 2 2 0 0 2 0 0 2 2 2 2 2 2 2 2 2 2 0 2 2 2 2 2 2 2 0 2 2 2 2 2 2 0 2 2 2 0 2 2 2 0 2 0 0 2 2 2 0 2 0 2 0 2 2 2 2 2 2 2 0 0 2 0 0 2 2 2 2 2 2 2 0 0 0
202 2 2 2 2 2 2 0 2 2 2 2 2 2 2 2 2 2 2 2 2 2 2 2 2 0 2 2 2 2 2 2 2 2 2 2 2 2 2 2 2 2 2 2 2 0 2 2 2 2 2 2 2 2 2 2 2 2 2 2 2 2 2 0 2 2 2 2 2 2 2 2 2 2 2 2 2 2 2 0 2 2 2 2 2 2 2 2 2 2 2 2 2 2 1 0 2 2 2 2 2 2 2 2 2 2 2 2 2 2 2 2 2 2 2 2 2 2 2 2 2 2 2 2 2 2 0 2 2 2 2 2 2 2 2 2 2 2 2 2 2 2 2 2 2 2 2 2 2 2 2 2 2 2 2 2 2 2 2 2 2 2 0 2 2 2 2 2 2 2 2 2 2 2 2 2 0 2 2 2 2 2 2 2 2 2 2 0 2 2 2 2 2 2 2 2 2 2 2 2 2 2 2 2 2 2 2 0 2 2 2 2 2 2 2 2 2 2 1 2 2 2 2 2 2 0 0 2 2 2 2 2 2 2 2 2 2 2 2 2 2 2 2 2 2 2
203 0 2 2 2 2 2 2 2 2 0 2 2 2 0 2 2 2 2 0 2 0 2 2 0 2 2 2 2 2 0 2 2 0 0 2 2 2 2 2 0 2 0 2 2 2 2 2 0 2 2 2 2 2 2 2 2 2 2 2 2 2 0 2 2 2 2 2 2 2 2 2 2 2 2 2 0 2 2 2 2 2 2 2 2 2 2 2 2 2 2 2 2 2 1 2 0 2 2 2 2 2 2 2 2 2 2 2 2 0 2 2 2 0 2 2 2 2 2 2 0 0 2 2 2 2 2 2 2 2 2 2 2 2 0 2 2 2 2 2 2 0 2 2 2 2 2 2 2 2 2 2 2 2 2 2 2 2 2 2 0 2 2 2 2 2 2 2 2 2 0 2 2 2 2 2 2 2 2 0 0 2 2 2 2 0 2 2 2 2 2 2 2 2 2 2 2 0 2 2 2 2 2 2 0 2 2 2 0 2 2 2 2 2 2 2 2 2 2 2 2 2 2 2 2 2 2 2 2 2 2 0 2 0 2 2 2 2 0 2 2 2 2 2 2 2
204 2 2 0 2 2 2 2 2 2 2 2 2 2 2 0 2 0 2 2 0 2 2 2 2 2 2 0 2 2 2 2 2 2 2 0 1 0 2 2 2 2 2 0 2 2 0 2 2 2 1 2 0 2 2 2 2 2 2 0 2 2 2 2 2 2 2 2 2 2 2 2 2 0 2 0 2 0 2 2 2 2 0 0 2 0 0 0 2 2 0 0 2 2 2 2 2 0 2 2 0 0 0 2 2 2 2 0 2 2 2 2 2 2 2 2 0 2 2 0 2 0 2 2 2 2 2 2 0 2 2 2 2 0 2 2 0 2 2 2 0 2 0 0 2 0 2 0 2 1 2 0 2 1 0 0 0 2 0 2 2 0 2 0 0 0 0 2 1 2 2 2 0 2 0 0 2 2 0 2 2 0 2 0 0 0 2 2 0 0 2 2 0 2 2 0 0 2 0 2 2 2 2 2 0 2 2 2 2 2 2 2 0 0 0 2 0 2 1 2 2 2 2 2 2 2 2 0 0 2 0 2 2 2 0 0 2 0 2 0 2 2 0 0 2 0
205 0 0 0 0 0 0 0 0 0 0 0 0 0 0 0 0 0 2 0 0 0 2 0 0 0 0 2 2 2 0 0 2 0 0 0 1 0 0 0 0 0 0 0 2 0 0 0 2 0 0 0 0 0 2 0 0 0 0 0 0 2 0 0 0 2 0 0 0 0 0 2 0 0 0 0 0 0 0 0 0 0 0 0 0 0 2 0 0 2 0 0 0 0 0 0 0 0 0 0 0 0 2 0 0 0 0 0 0 0 0 0 2 0 0 0 0 0 0 0 0 0 2 0 2 0 0 0 0 2 0 2 0 2 0 0 2 0 0 2 2 0 0 2 0 0 0 0 0 0 0 0 0 0 0 0 0 0 0 0 2 0 0 0 0 0 2 0 0 2 2 0 0 0 0 0 0 0 0 2 2 0 0 0 2 0 0 0 0 2 0 0 0 0 0 0 2 0 0 0 0 0 0 0 0 0 0 0 0 0 0 0 0 0 0 0 0 0 0 0 0 0 0 0 0 0 0 0 0 0 0 0 2 2 0 0 0 0 2 0 0 0 2 0 2 2
206 2 2 2 2 2 2 2 2 2 2 2 2 2 2 0 2 2 2 2 2 2 2 2 2 2 2 2 2 2 2 2 2 2 2 0 2 2 2 2 2 2 2 2 2 2 2 2 2 2 2 2 2 2 2 2 2 2 2 2 2 2 2 2 2 2 2 2 2 2 2 2 2 2 2 2 2 2 2 2 2 2 0 2 2 2 2 2 2 2 0 2 2 2 2 2 2 2 2 2 2 2 2 2 2 2 2 0 2 2 2 2 2 2 2 2 2 2 2 2 2 2 2 2 2 2 2 2 2 2 2 2 2 2 2 2 2 0 2 2 2 2 2 2 2 2 2 2 2 1 2 2 2 2 2 2 2 0 0 2 2 0 2 2 2 2 2 2 2 2 2 2 2 2 0 2 2 2 2 2 2 2 2 0 2 0 2 2 2 2 2 2 2 2 2 0 2 2 2 2 2 2 2 0 2 2 2 2 2 2 2 2 2 2 2 2 0 0 2 2 2 0 2 2 2 2 2 2 2 2 0 2 2 2 2 2 2 2 2 2 2 2 2 0 2 2
207 2 2 2 0 0 0 2 0 0 2 2 2 0 2 2 0 0 2 2 2 2 2 0 2 0 0 2 2 2 2 2 2 2 0 2 1 2 2 2 0 2 2 0 2 2 2 0 2 2 0 0 0 2 2 0 0 0 2 2 0 2 2 0 0 2 0 2 0 0 2 2 2 0 2 0 2 2 2 0 0 0 2 2 0 2 2 2 0 2 2 0 2 2 0 0 2 0 2 0 2 0 2 2 2 0 2 2 0 0 2 2 2 0 0 2 0 0 0 0 2 0 2 2 2 0 2 0 0 2 0 2 2 2 2 2 2 2 0 2 2 2 0 2 0 2 0 0 0 1 2 2 0 0 0 2 0 2 2 0 2 2 0 0 0 2 2 0 1 2 2 0 0 0 2 0 0 2 0 2 2 2 0 2 2 2 0 0 2 2 2 1 2 0 0 2 2 0 0 0 0 2 0 2 0 2 0 2 0 0 2 0 2 2 2 0 2 2 1 2 2 2 0 0 2 0 0 2 0 0 2 0 2 2 2 2 0 2 2 0 0 0 2 2 2 2
208 2 2 2 2 2 2 0 2 2 2 2 0 2 2 2 2 2 2 0 2 0 2 2 2 2 2 2 2 2 0 2 2 0 2 2 2 0 2 2 2 0 0 2 2 0 2 2 2 0 2 2 2 2 2 2 2 2 2 2 2 2 2 2 2 2 2 2 2 2 2 2 2 2 2 2 0 2 0 2 2 2 2 0 2 2 2 2 2 2 2 2 2 2 2 2 0 2 2 2 2 2 2 2 2 2 2 2 2 2 0 2 2 2 2 2 2 2 2 2 0 2 2 2 2 2 0 2 2 2 2 2 0 2 0 2 2 2 2 2 2 2 2 2 2 0 2 2 2 2 2 0 2 2 2 0 2 2 2 2 2 2 2 2 2 0 2 2 1 2 2 2 2 2 2 2 2 0 2 2 2 0 2 2 2 2 2 2 2 2 0 1 0 2 2 2 2 2 2 2 2 2 2 2 2 2 2 0 2 2 2 2 0 2 0 2 2 2 1 2 0 2 2 2 2 2 2 0 2 2 2 2 2 2 0 0 2 2 2 2 2 2 2 2 2 2
209 0 2 2 2 2 2 0 1 2 2 2 0 2 2 1 2 2 2 0 2 0 2 2 2 2 2 2 2 2 0 2 2 0 2 2 2 0 2 2 2 0 0 2 2 0 2 2 2 0 2 2 2 2 2 2 2 2 2 2 2 2 2 2 2 2 2 2 2 2 2 2 2 2 2 2 0 2 0 2 2 2 2 0 1 2 2 2 2 2 2 2 2 2 2 2 0 2 2 2 2 2 2 2 2 2 2 2 2 2 0 2 2 1 2 2 2 2 2 2 0 2 2 2 2 2 0 2 2 2 2 2 0 2 0 2 2 2 2 2 2 2 2 2 2 0 2 2 2 2 2 0 2 2 2 0 2 2 2 2 2 2 2 2 2 0 2 2 1 2 2 2 2 2 2 2 2 0 2 2 2 0 2 2 2 2 2 2 2 2 0 0 0 2 2 2 2 2 2 2 2 2 2 2 2 2 2 0 2 1 2 2 0 2 0 2 2 2 0 2 0 2 2 2 2 2 2 0 2 2 2 1 2 2 0 0 2 2 2 2 2 2 2 2 2 2
210 2 2 2 2 2 2 2 2 2 2 2 0 2 2 2 2 2 2 2 2 2 2 2 2 2 2 2 2 2 2 2 2 0 2 2 2 0 2 2 2 0 0 2 2 0 2 2 2 2 2 2 2 2 2 2 2 2 2 2 2 2 2 2 2 2 2 2 2 2 2 2 2 2 2 2 2 2 0 2 2 2 2 0 2 2 2 2 2 2 2 2 2 2 2 2 0 2 2 2 2 2 2 2 2 2 2 2 2 2 2 2 2 2 2 2 2 2 2 2 0 2 2 2 2 2 2 2 2 2 2 2 2 2 0 2 2 2 2 2 2 2 2 2 2 2 2 2 2 2 2 2 2 2 2 0 2 2 2 2 2 2 2 2 2 2 2 2 2 2 2 2 2 2 2 2 2 2 2 2 2 2 2 2 2 2 2 2 2 2 2 2 2 2 2 2 2 2 2 2 2 2 2 2 2 2 2 2 2 2 2 2 0 2 2 2 2 2 2 2 2 2 2 2 2 2 2 2 2 2 2 2 2 2 2 0 2 2 2 2 2 2 2 2 2 2
211 0 2 2 2 0 2 2 2 2 0 2 0 0 0 2 2 0 2 2 2 2 0 0 0 2 2 2 0 2 2 2 0 2 2 2 2 2 2 2 2 0 2 2 2 2 2 0 0 2 2 0 2 0 0 0 0 2 2 2 2 0 0 2 2 0 0 2 2 0 0 0 2 2 0 0 2 2 0 0 2 2 2 2 2 2 2 2 2 2 2 2 2 0 2 2 2 0 2 2 2 2 0 2 2 2 2 2 0 2 0 0 2 2 2 2 2 2 0 0 2 0 2 2 2 0 2 0 2 0 2 0 2 0 2 2 2 2 2 0 0 0 2 2 0 2 2 2 2 1 2 0 2 2 2 2 0 2 2 0 0 2 2 0 0 2 2 2 0 0 0 2 2 2 0 0 0 0 2 0 0 2 2 2 2 2 2 0 0 0 0 0 2 2 0 2 2 2 0 2 1 2 2 2 0 2 0 2 2 0 2 2 2 2 2 2 2 2 1 2 0 2 2 2 0 2 2 2 2 2 2 2 2 0 2 2 2 0 0 0 2 2 0 2 0 0
212 2 2 2 2 2 2 2 2 2 2 2 2 2 2 0 2 2 2 2 2 2 2 2 2 2 2 2 2 2 2 2 2 2 2 0 0 2 2 2 2 2 2 2 2 2 2 2 2 2 2 2 2 2 2 2 2 0 2 2 2 2 2 2 2 2 2 2 2 2 2 2 2 2 2 2 2 2 2 2 2 2 0 2 2 2 2 2 0 2 0 2 2 2 2 2 2 2 2 2 2 2 2 2 2 2 2 0 2 2 2 2 0 2 2 2 2 2 2 2 2 2 2 2 2 2 2 2 2 2 0 2 2 2 2 2 2 2 2 2 2 2 2 2 2 2 2 2 2 1 2 2 2 2 2 2 2 2 2 2 2 0 2 2 2 2 2 2 2 2 2 2 2 2 2 2 2 2 2 2 2 2 2 0 2 0 2 2 2 2 2 2 2 0 2 0 2 2 2 2 2 2 2 2 2 2 2 2 2 2 2 2 2 2 2 0 0 2 2 0 2 0 2 2 2 2 2 2 0 2 0 2 2 2 2 2 2 2 2 2 2 2 2 2 2 2
213 0 0 0 0 0 0 0 2 0 0 0 0 0 0 0 0 0 0 0 0 0 0 0 0 0 0 0 0 0 0 0 0 0 0 0 0 0 0 0 0 0 0 0 2 2 0 0 0 0 0 0 0 0 0 0 0 0 0 0 0 0 0 0 0 0 0 0 0 0 0 0 0 0 0 0 0 0 0 0 0 0 0 2 0 0 0 0 2 0 0 0 0 0 0 0 0 2 2 2 0 0 0 0 0 0 0 0 0 0 0 0 2 0 0 0 0 0 0 0 0 0 0 0 2 0 0 0 0 0 0 0 0 0 0 0 0 0 0 0 0 0 0 0 0 0 0 0 0 1 0 0 2 0 0 0 0 0 2 0 0 0 0 2 0 0 0 0 1 0 0 0 0 0 0 0 0 0 0 0 0 0 2 0 0 0 0 0 0 0 0 0 0 2 2 0 0 0 0 0 1 0 0 0 0 0 0 0 0 0 0 0 0 0 0 0 0 0 0 2 0 0 0 0 0 0 0 0 0 0 0 0 0 0 0 0 0 0 0 0 0 0 0 2 0 0
214 0 0 0 0 0 0 2 2 0 0 0 0 0 0 0 2 0 0 0 0 0 0 0 0 0 0 0 0 0 0 0 0 0 0 0 0 0 0 0 0 0 0 0 2 2 0 0 0 0 0 0 0 0 0 0 0 0 0 0 0 0 0 0 0 0 0 0 0 0 0 0 0 0 0 0 0 0 0 0 0 0 0 2 0 0 0 0 2 0 0 0 0 0 0 0 0 2 2 2 0 0 0 0 0 0 0 0 0 0 0 0 2 0 0 0 0 0 0 0 0 0 0 0 2 0 2 0 0 0 0 0 0 0 0 0 0 0 2 0 0 0 0 0 0 0 2 0 0 1 0 0 2 0 0 0 0 0 2 0 0 0 0 2 0 0 0 0 0 0 0 0 0 0 0 0 0 0 0 0 0 0 2 0 0 0 0 0 0 0 0 0 0 2 2 0 0 0 0 0 1 0 0 0 0 0 0 0 0 0 0 0 0 0 0 0 0 0 0 2 0 0 0 0 0 0 0 0 0 0 0 0 0 0 0 0 0 0 0 0 0 0 0 2 0 0
215 0 2 0 0 2 2 2 2 0 0 0 0 2 0 2 2 2 0 0 0 0 0 2 0 2 2 2 0 0 0 0 0 0 2 0 1 0 2 0 0 2 0 2 2 2 0 0 0 2 0 0 2 0 0 2 2 2 2 0 0 0 0 2 0 0 2 2 0 2 0 2 0 0 0 2 0 0 0 2 0 0 2 2 0 0 2 0 2 0 0 0 0 0 2 2 0 2 2 2 0 0 0 2 0 2 0 2 2 2 2 0 2 2 0 0 0 2 2 2 0 0 2 2 2 0 2 0 0 2 2 0 2 2 0 0 2 2 2 0 2 0 0 2 0 2 2 2 2 2 0 0 2 2 0 0 2 2 2 0 0 0 2 2 0 0 0 2 2 0 0 0 2 2 2 2 2 2 0 0 0 0 2 2 2 2 2 2 2 2 0 1 0 2 2 2 2 2 2 2 2 0 2 2 0 0 0 0 2 0 0 2 2 0 2 0 2 2 1 2 2 2 2 0 0 2 2 0 2 0 2 2 2 0 0 2 2 0 0 2 2 2 2 2 0 2
216 0 0 0 0 0 0 2 2 0 0 0 0 0 0 0 2 0 0 0 0 0 0 0 0 0 0 0 0 0 0 0 0 0 0 0 0 0 0 0 0 0 0 0 2 2 0 0 0 0 0 0 0 0 0 0 0 0 0 0 0 0 0 0 0 0 0 0 0 0 0 0 0 0 0 0 0 0 0 0 0 0 0 2 0 0 0 0 2 0 0 0 0 0 0 0 0 2 2 2 0 0 0 0 0 0 0 0 0 0 0 0 2 0 0 0 0 0 0 0 0 0 0 0 2 0 2 0 0 0 0 0 0 0 0 0 0 0 2 0 0 0 0 0 0 0 2 0 0 1 0 0 2 0 0 0 0 0 2 0 0 0 0 2 0 0 0 0 1 0 0 0 0 0 0 0 0 0 0 0 0 0 2 0 0 0 0 0 0 0 0 0 0 2 2 0 0 0 0 0 0 0 0 0 0 0 0 0 0 0 0 0 0 0 0 0 0 0 0 2 0 0 0 0 0 0 0 0 0 0 0 0 0 0 0 0 0 0 0 0 0 0 0 2 0 0
217 2 0 0 0 0 0 0 2 2 2 2 0 0 2 0 0 0 2 0 0 0 2 0 2 0 0 0 2 2 0 0 2 2 0 0 0 0 0 2 0 2 2 0 0 0 0 0 2 2 2 2 0 2 2 0 0 0 0 0 2 2 2 0 2 2 0 0 2 0 0 0 0 2 2 0 0 0 0 0 0 2 0 0 0 0 0 0 0 2 0 2 2 0 0 0 2 2 0 2 0 0 0 0 0 0 2 0 2 0 0 1 0 0 2 0 0 0 2 0 2 0 2 0 0 2 0 2 2 0 0 0 0 0 2 2 0 0 0 2 0 2 2 0 0 0 0 0 0 1 2 2 2 0 0 0 0 0 2 0 2 0 0 2 0 0 0 0 0 0 2 0 0 0 0 0 0 2 0 2 2 0 2 0 0 0 0 0 0 0 0 1 0 0 0 0 0 0 0 0 0 2 0 0 0 2 2 0 0 0 2 0 0 0 0 0 0 0 2 0 0 0 2 2 0 0 0 0 0 0 0 0 0 2 0 0 0 2 2 0 0 0 0 2 0 0
218 0 0 2 2 0 0 0 0 2 0 2 2 0 0 2 2 0 2 2 0 2 0 0 0 2 0 2 0 2 2 2 0 0 2 2 1 2 0 2 0 0 0 2 2 0 2 2 2 2 0 0 2 2 2 0 0 2 0 2 0 0 0 2 2 2 0 0 2 2 2 2 2 0 2 0 2 2 2 0 0 2 2 2 2 2 2 2 2 2 2 2 2 2 1 0 0 0 0 0 2 0 2 0 2 2 0 2 2 0 2 2 2 2 2 0 2 0 2 2 0 2 2 2 2 0 0 0 2 0 2 0 0 2 0 0 2 0 2 2 2 0 2 2 0 2 0 2 0 1 0 2 0 2 0 2 2 0 0 0 2 2 0 0 0 2 2 0 1 2 2 0 0 0 2 2 0 2 0 2 2 2 2 2 2 2 0 0 0 2 2 2 2 2 2 2 2 2 0 0 2 0 0 0 2 0 2 2 0 2 0 2 0 2 2 2 2 0 0 2 2 2 0 2 2 0 2 2 2 2 2 0 2 2 2 0 2 0 2 2 0 0 2 0 0 2
219 0 0 2 2 2 1 1 0 2 0 0 0 2 0 2 2 2 2 2 0 2 2 2 0 2 0 2 2 2 2 2 2 0 1 2 1 2 0 0 2 2 0 2 2 0 2 2 1 2 0 2 2 2 2 2 2 2 0 2 2 2 0 2 2 2 2 0 2 0 2 2 1 2 2 2 2 2 0 2 2 2 2 2 2 1 2 2 2 2 2 2 0 2 0 2 0 1 2 0 2 2 1 0 2 2 2 2 2 0 0 2 2 0 0 2 2 1 2 2 0 2 2 2 2 0 1 2 2 1 2 2 2 1 0 2 2 0 2 2 1 0 2 2 2 2 0 2 1 1 2 0 0 2 2 2 2 0 0 2 1 2 0 1 2 2 2 0 1 2 1 2 2 2 2 1 2 2 2 1 1 2 2 2 2 2 0 2 0 1 2 1 2 2 2 2 2 1 2 1 2 2 2 0 2 2 2 2 1 2 0 2 0 2 2 1 2 0 1 2 0 2 2 2 2 0 2 2 2 2 1 1 2 1 2 0 2 2 1 2 1 1 0 0 2 1
220 2 2 2 2 2 2 2 0 2 2 2 2 2 2 2 2 2 2 2 2 2 2 2 2 2 2 2 2 2 2 2 2 2 2 2 2 2 2 2 2 2 2 2 2 2 2 2 2 2 2 2 2 0 2 2 2 2 2 2 2 2 2 2 2 2 2 2 2 2 2 2 2 2 0 2 2 2 2 2 2 2 2 2 2 2 2 2 2 2 2 2 2 2 2 2 2 2 2 0 2 2 2 2 2 2 2 2 2 2 2 2 2 2 2 2 2 2 2 2 2 2 2 2 2 2 2 2 2 2 2 2 2 2 2 2 2 0 2 2 2 2 2 2 2 2 2 2 2 2 2 2 0 2 2 2 2 0 0 2 2 2 2 2 2 2 2 0 2 2 2 2 2 2 2 2 2 2 2 2 2 2 2 2 2 2 0 2 2 2 2 2 2 2 2 2 2 2 2 2 2 2 2 0 2 2 2 2 2 2 2 2 2 2 2 2 2 0 2 2 2 2 2 2 2 2 2 2 2 2 2 2 2 2 2 2 2 2 2 2 2 2 2 0 2 2
221 2 2 2 2 2 2 2 2 2 2 2 2 2 2 0 0 2 2 2 2 2 2 2 2 0 0 2 2 2 2 2 2 2 2 2 1 0 2 2 2 2 2 2 2 0 2 2 2 2 2 2 2 2 2 2 2 2 2 2 2 2 2 2 2 2 2 2 2 2 2 2 2 2 2 2 2 2 2 2 2 2 2 0 0 0 2 2 2 2 2 2 2 2 2 2 2 2 2 2 2 2 2 2 2 2 2 2 2 2 2 2 0 2 2 2 2 2 2 2 2 2 2 2 2 0 2 2 2 2 0 2 0 2 2 2 2 2 0 2 2 2 2 2 2 2 2 2 2 1 2 2 2 2 2 0 2 2 2 2 2 2 2 2 2 0 2 2 2 2 2 2 2 2 2 2 2 2 2 2 2 0 2 2 2 2 2 0 2 2 2 2 0 2 2 2 2 2 2 2 2 2 2 2 0 2 2 0 2 2 2 2 2 2 2 2 2 2 1 0 2 2 0 2 2 2 0 0 2 0 2 2 2 2 0 2 2 2 2 2 2 2 2 2 2 2
222 2 2 2 2 2 2 2 2 2 2 2 2 2 2 0 0 2 2 2 2 2 2 2 2 0 0 2 2 2 2 2 2 2 2 2 1 0 2 2 2 2 2 2 2 0 2 2 2 2 2 2 2 2 2 2 2 2 2 2 2 2 2 2 2 2 2 2 2 2 2 2 2 2 2 2 2 2 2 2 2 2 2 0 0 0 2 2 2 2 2 2 2 2 2 2 2 2 2 2 2 2 2 2 2 2 2 2 2 2 2 2 0 2 2 2 2 2 2 2 2 2 2 2 2 0 2 2 2 2 0 2 0 2 2 2 2 2 0 2 2 2 2 2 2 2 2 2 2 1 2 2 2 2 2 0 2 2 2 2 2 2 2 2 2 0 2 2 2 2 2 2 2 2 2 2 2 2 2 2 2 0 2 2 2 2 2 0 2 2 2 2 0 2 2 2 2 2 2 2 2 2 2 2 0 2 2 0 2 2 2 2 2 2 2 2 2 2 1 0 2 2 0 2 2 2 0 0 2 0 2 2 2 2 0 2 2 2 2 2 2 2 2 2 2 2
223 0 0 2 0 2 0 0 2 0 2 2 0 2 2 0 0 2 2 0 2 2 2 0 2 2 2 0 2 2 0 0 2 0 2 2 1 2 0 2 2 0 0 0 2 2 2 0 0 2 0 0 0 0 2 0 0 2 0 2 2 2 2 0 2 2 2 0 2 0 0 2 2 0 0 2 0 2 0 0 2 0 0 2 2 2 0 2 2 2 2 0 2 0 1 2 0 2 0 2 2 0 0 0 0 0 2 0 2 0 0 0 2 0 0 2 0 0 2 2 0 2 2 2 2 0 0 0 0 0 0 2 0 0 0 2 0 2 0 2 0 2 0 0 2 2 0 0 0 1 0 0 2 0 0 0 2 2 0 2 0 0 0 2 0 0 2 2 1 0 0 2 0 0 0 0 0 2 0 0 0 2 2 0 0 0 2 0 0 0 0 0 2 2 2 0 0 0 0 2 0 0 0 2 0 2 2 0 2 0 2 2 0 2 2 2 2 2 1 2 0 0 2 2 0 0 2 2 0 2 0 2 0 0 0 0 2 0 0 2 2 0 0 0 2 0
224 2 2 2 2 2 2 2 2 2 2 2 2 2 2 2 2 2 2 2 2 2 2 2 2 2 0 2 2 2 2 2 2 0 2 2 2 2 2 2 2 2 0 2 2 2 2 2 2 2 2 2 2 2 2 2 2 2 2 2 2 2 2 2 2 2 2 2 2 2 2 2 2 2 2 2 2 2 2 2 2 2 2 2 2 0 2 2 2 2 2 2 2 2 2 2 0 2 2 2 2 2 2 2 2 2 0 2 0 2 0 2 2 2 2 2 2 2 2 2 0 2 2 2 2 2 2 2 2 2 2 2 2 2 0 2 2 2 2 2 2 2 2 2 2 2 2 2 2 2 2 2 0 2 2 2 0 2 2 2 2 2 2 2 2 2 2 2 2 2 2 2 2 2 2 2 2 2 2 2 2 2 2 2 2 2 2 2 2 2 2 2 2 2 2 2 2 2 2 2 2 2 2 2 0 2 2 2 2 2 2 2 2 2 2 2 2 2 2 2 2 2 2 2 2 2 2 2 2 2 2 2 2 2 2 2 2 2 2 2 2 2 2 2 2 2
225 2 2 2 2 2 2 2 0 2 2 2 2 2 2 2 2 2 0 2 2 2 2 2 2 2 2 2 2 0 2 2 2 2 0 2 2 2 2 2 2 0 2 2 2 2 2 2 2 0 2 2 2 2 2 2 2 2 2 2 2 2 2 2 2 2 2 2 2 2 2 2 2 2 2 2 2 2 2 2 2 2 2 2 2 2 2 2 2 2 2 2 2 2 2 2 2 2 0 0 2 2 2 2 2 2 2 2 2 2 2 2 2 2 2 2 2 2 2 2 2 2 2 2 2 2 2 2 2 2 2 2 2 2 2 2 2 2 2 2 2 2 2 2 2 2 2 2 2 2 2 2 2 2 2 2 2 0 2 2 2 2 2 2 2 2 2 2 2 0 2 2 2 2 2 2 2 2 2 2 2 2 2 2 2 2 0 2 2 2 2 2 2 2 2 2 2 2 2 0 2 0 2 2 2 2 2 2 0 2 2 2 2 2 2 2 0 2 2 2 2 2 2 2 2 2 2 2 2 2 2 0 0 2 2 2 2 2 2 2 0 2 2 2 2 2
226 2 2 0 2 2 2 0 2 2 2 2 2 2 2 2 2 2 2 2 2 2 2 2 2 0 0 2 2 2 2 2 2 2 2 2 2 2 2 0 2 2 2 2 2 2 0 2 0 2 2 2 2 2 2 2 2 0 2 0 2 2 2 2 2 2 2 2 2 0 2 0 2 2 2 2 2 0 2 2 0 2 2 2 2 0 0 0 2 2 2 2 0 2 2 2 2 2 2 2 0 0 2 2 2 2 0 2 0 0 2 2 2 2 2 2 0 2 0 2 2 2 2 2 2 2 0 2 0 0 2 2 2 2 2 0 0 0 2 2 0 2 0 0 0 2 0 2 0 2 0 0 2 0 2 2 0 2 2 0 2 2 2 2 2 2 2 2 2 2 2 2 0 2 2 2 2 2 2 2 2 2 2 0 2 2 2 2 2 2 2 2 2 2 2 2 0 2 2 0 2 2 2 2 2 0 2 2 0 2 2 2 2 0 2 2 2 2 2 2 2 0 2 2 2 2 2 2 2 2 2 0 0 2 2 2 0 2 2 2 0 2 2 2 2 0
227 2 2 2 0 2 2 2 2 2 2 2 2 2 2 2 2 0 2 2 2 2 2 2 2 2 2 2 2 2 2 2 2 2 2 2 2 2 2 2 2 2 2 2 2 2 2 2 2 2 2 0 2 2 2 2 2 2 2 2 2 2 2 2 2 2 2 2 2 2 2 2 2 2 2 0 2 2 2 2 2 0 0 2 2 2 0 2 0 2 2 2 2 2 2 2 2 0 2 2 2 2 2 2 2 2 2 0 2 0 2 2 2 2 2 2 2 2 2 2 2 2 2 2 2 2 2 2 0 0 2 2 2 0 2 2 0 2 2 2 2 2 0 0 2 2 2 2 0 1 2 2 2 2 2 2 2 2 2 2 2 2 0 0 2 0 2 2 0 2 2 2 0 2 2 0 2 2 2 2 2 2 2 2 2 0 2 2 0 0 2 2 2 0 2 0 0 2 2 2 2 2 2 2 2 2 2 2 2 2 2 2 2 2 2 2 2 2 2 2 0 2 2 2 2 0 0 2 0 2 2 2 2 2 2 2 2 0 2 2 2 2 2 2 0 2
228 2 2 2 2 2 2 2 2 2 2 2 2 2 2 2 2 2 2 2 2 2 2 2 2 2 2 2 2 2 2 2 2 2 2 2 2 2 2 2 2 2 2 2 2 2 2 2 2 2 2 2 2 2 2 2 2 2 2 2 2 2 2 2 2 2 2 2 2 2 2 2 2 2 2 2 2 2 2 2 2 2 2 2 2 2 0 2 0 2 2 2 2 2 2 2 2 0 2 2 2 2 2 2 2 2 2 2 2 2 2 2 2 2 2 2 2 2 2 2 2 2 2 2 2 2 2 2 2 0 2 2 2 2 2 2 0 2 2 2 2 2 2 0 2 2 2 2 2 1 2 2 2 2 2 2 2 2 2 2 2 2 2 0 2 2 2 2 1 2 2 2 0 2 2 2 2 2 2 2 2 2 2 2 2 2 2 2 0 2 2 2 2 0 2 2 0 2 2 2 2 2 2 2 2 2 2 2 2 2 2 2 2 2 2 2 2 2 2 2 2 2 2 2 2 2 0 2 2 2 2 2 2 2 2 2 2 2 2 2 2 2 2 2 2 2
229 2 2 2 2 2 2 2 2 2 2 2 2 2 2 2 2 2 2 2 2 2 2 2 2 2 2 2 2 2 2 0 2 2 2 2 2 2 2 2 2 0 2 2 2 2 2 2 2 2 2 2 2 2 2 2 2 2 2 2 0 2 2 2 2 2 2 2 2 2 2 2 2 2 2 2 2 2 2 2 2 2 2 2 2 2 2 2 2 2 2 2 2 2 2 2 2 2 2 2 2 2 2 2 0 2 2 2 2 2 2 2 2 2 2 0 2 2 2 2 2 2 2 0 2 2 2 2 2 2 2 2 2 2 2 2 2 2 2 2 2 2 2 2 2 2 2 2 2 2 2 2 2 2 2 2 2 2 2 2 0 2 2 2 2 2 2 2 2 2 0 2 2 2 2 2 2 2 2 0 0 2 2 2 2 2 2 2 2 2 2 2 2 2 0 2 2 2 2 2 2 2 2 2 2 2 2 2 2 2 2 2 2 2 2 2 2 2 2 2 2 2 2 2 2 2 2 2 2 2 2 2 2 0 2 2 2 2 0 2 2 2 2 2 2 2
230 0 0 2 2 2 0 2 0 2 2 0 2 2 2 0 0 0 2 2 2 2 0 2 2 0 0 0 0 2 2 2 0 0 2 0 0 2 0 2 2 2 0 2 0 2 2 2 0 2 2 2 0 0 2 2 2 2 0 2 0 0 2 0 0 2 2 0 0 0 0 2 2 0 0 0 2 2 2 0 0 2 2 0 0 0 0 2 0 2 0 0 2 0 0 0 0 0 0 0 2 2 0 0 2 2 0 0 0 2 0 0 2 0 2 2 0 0 2 2 0 0 2 0 0 0 2 2 0 0 2 0 2 0 0 0 0 0 0 2 0 2 0 0 2 2 0 0 2 0 2 0 0 0 0 2 0 0 0 2 2 0 0 0 0 2 0 2 0 0 2 2 0 2 0 0 0 2 0 2 2 0 0 0 0 2 0 0 0 0 2 1 0 0 0 2 0 0 0 2 2 0 2 0 0 0 2 0 2 2 0 0 0 2 2 0 0 0 1 0 0 0 2 0 0 0 0 0 0 0 0 2 2 2 0 0 2 0 2 2 2 0 0 0 0 2
231 2 0 2 0 2 2 2 2 2 2 0 0 2 2 0 2 2 0 2 2 2 2 2 2 0 2 2 2 0 2 2 2 2 2 2 1 2 0 2 2 2 2 2 2 2 2 2 2 2 2 0 2 2 2 2 2 2 0 2 2 2 2 0 2 2 2 0 2 2 0 2 2 0 2 2 2 2 0 2 2 2 0 0 2 2 2 2 2 2 2 2 2 0 2 2 2 2 0 2 2 2 2 0 2 2 2 2 0 2 2 0 2 2 2 2 2 2 2 2 2 0 2 2 2 2 2 2 2 2 0 2 2 2 2 2 2 2 2 2 2 2 2 2 2 2 2 2 2 1 2 2 2 2 2 2 2 2 2 2 2 2 2 2 2 2 2 2 2 2 2 2 2 2 2 2 2 2 2 2 2 2 2 2 2 2 2 2 2 2 0 1 2 2 2 0 2 0 2 2 2 0 2 2 2 2 2 0 2 2 0 2 2 2 2 2 2 2 2 2 2 2 2 2 0 2 0 2 2 2 2 2 0 2 2 2 2 2 2 2 2 2 2 2 2 2
232 0 2 2 2 2 2 2 2 0 2 2 2 2 2 2 2 2 2 2 2 2 2 2 2 2 2 2 2 2 2 2 2 2 2 2 2 2 2 2 2 2 2 2 2 0 2 2 2 0 2 2 2 0 2 2 2 2 2 2 2 2 2 2 2 0 2 2 2 2 2 2 2 2 0 2 2 2 2 2 2 2 2 2 2 2 2 2 2 2 2 0 2 2 2 2 2 2 2 2 2 2 2 2 2 2 2 0 0 2 2 2 2 2 2 0 0 2 2 2 2 2 2 2 2 2 2 2 0 2 2 2 2 2 2 2 2 2 2 2 2 2 0 2 2 0 2 2 2 2 0 2 2 2 2 2 2 2 2 2 2 2 2 2 2 2 2 2 2 2 2 2 2 2 2 2 2 2 2 2 2 2 2 2 2 2 2 2 2 2 2 2 2 2 0 2 2 2 2 2 2 2 2 2 2 2 2 2 2 2 2 2 2 2 0 2 2 2 2 2 2 2 2 2 2 2 2 2 2 0 2 2 2 2 0 2 2 2 2 2 2 2 2 2 2 2
233 0 2 0 2 2 2 2 2 0 0 0 2 2 0 2 2 2 2 2 0 2 2 2 0 2 2 2 2 2 2 2 2 0 2 2 2 2 2 0 2 2 0 2 2 2 0 2 2 2 2 2 2 2 2 2 2 2 2 0 2 2 0 2 2 2 2 2 2 0 2 2 2 0 2 2 2 0 2 2 2 2 2 2 2 2 2 0 2 2 2 2 0 2 2 2 0 2 2 2 0 2 2 2 2 2 2 2 2 2 2 2 2 2 0 2 0 2 2 2 0 2 0 2 2 2 2 2 2 2 2 2 2 2 0 2 2 2 2 2 2 0 2 2 2 2 2 2 2 2 2 0 2 2 2 2 2 2 2 2 2 2 2 2 2 2 2 2 2 2 2 2 2 2 2 2 2 2 2 2 2 2 2 2 2 2 2 2 2 2 2 2 2 2 2 2 2 2 2 2 2 2 2 2 2 2 2 2 2 2 2 2 2 0 2 2 2 2 2 2 2 2 2 2 2 2 2 2 2 2 2 2 2 2 2 2 2 2 2 2 2 2 2 2 2 2
234 0 0 0 0 0 0 2 0 0 0 0 0 0 0 0 0 0 0 2 0 0 0 0 0 0 2 0 0 0 2 0 0 0 0 0 0 0 0 0 0 0 0 0 0 0 0 2 0 0 0 0 0 0 0 0 0 0 0 0 0 0 0 0 0 0 0 0 2 0 0 2 0 0 0 0 2 0 0 2 0 0 2 0 0 0 0 0 0 0 0 0 0 0 0 2 0 0 0 0 0 0 0 0 0 0 0 2 0 0 0 0 0 0 0 0 0 0 0 0 0 0 0 0 0 2 2 0 0 0 0 2 2 0 0 0 0 0 0 0 0 0 0 0 0 0 0 0 0 0 0 0 0 0 0 0 0 0 0 0 0 0 0 0 0 0 0 2 0 0 0 0 0 0 0 0 2 0 0 0 0 0 0 0 0 0 0 2 2 0 0 0 0 0 0 0 0 0 0 0 0 0 0 0 0 0 2 0 0 2 0 0 0 0 0 0 0 0 1 0 0 0 2 2 0 0 0 0 0 2 0 0 0 0 0 0 0 0 0 0 0 0 0 0 0 0
235 2 0 0 2 2 2 0 2 0 2 0 2 2 2 0 2 2 2 2 0 0 2 0 2 0 2 2 2 2 2 2 2 2 2 2 0 0 0 0 0 2 2 0 2 2 0 2 2 2 2 0 2 0 2 0 0 2 0 0 0 2 2 0 2 2 2 0 0 0 0 2 0 0 0 2 2 0 2 2 2 2 2 0 0 2 2 0 2 2 2 2 0 0 2 2 2 0 0 2 0 2 2 0 2 2 0 2 2 2 2 0 2 2 0 0 0 2 2 0 2 0 0 2 2 2 0 2 2 0 2 2 2 0 2 0 2 0 2 2 2 2 2 2 2 2 0 2 2 1 0 0 2 2 2 0 2 2 2 2 2 0 2 0 2 2 2 2 1 2 2 2 2 2 0 0 2 2 2 2 2 0 2 2 2 2 2 2 2 0 0 0 0 2 2 2 2 2 2 2 2 0 2 0 0 0 2 2 2 2 0 2 0 0 2 2 0 0 2 2 2 2 2 0 0 2 0 0 0 2 2 2 2 2 0 0 2 2 2 0 2 2 2 2 0 2
236 2 2 2 0 2 0 2 2 2 2 2 2 2 2 2 0 0 2 2 2 2 0 2 2 0 2 0 0 2 2 2 0 2 2 0 0 2 2 2 2 2 2 0 2 0 2 2 2 2 2 2 0 2 2 2 2 2 2 2 2 0 2 2 2 2 2 2 2 2 2 2 2 2 2 0 2 2 2 2 0 0 2 2 2 0 0 2 0 0 0 2 2 2 0 2 2 0 2 2 2 0 0 2 2 2 2 2 2 2 0 2 2 0 2 2 2 0 0 2 2 0 2 2 2 2 2 2 0 0 0 2 2 2 2 2 0 2 0 2 0 2 0 0 0 2 0 0 0 1 2 2 0 1 0 2 0 0 0 0 2 2 0 2 0 0 2 2 2 2 2 0 2 2 2 2 2 2 0 2 2 2 0 0 0 2 0 2 2 2 2 2 2 0 0 0 0 2 0 0 1 2 2 0 2 2 2 0 0 2 2 0 2 2 2 0 2 0 2 0 2 2 2 2 2 0 2 2 2 2 2 0 0 2 2 2 0 0 2 2 0 0 0 0 2 2
237 2 0 2 2 2 2 2 2 2 2 2 2 2 2 2 2 2 2 2 2 2 2 2 2 2 2 2 2 2 2 2 2 2 2 2 2 2 0 2 2 2 2 0 2 0 2 2 2 2 2 2 0 2 2 2 2 0 0 2 2 2 2 2 2 2 2 0 2 2 2 2 2 2 2 2 2 2 2 2 2 0 2 2 0 2 2 2 2 2 2 0 2 2 0 2 2 2 2 2 2 0 2 0 2 2 2 2 2 0 2 2 2 0 0 2 2 2 2 2 2 2 0 2 2 2 2 2 2 0 2 2 2 2 2 2 2 2 2 2 2 2 0 2 2 0 2 0 2 2 2 2 2 0 0 2 2 2 2 2 2 2 2 2 0 2 2 2 2 0 2 0 2 2 2 2 2 2 0 2 2 2 2 2 2 2 2 2 2 2 2 2 2 2 2 2 2 2 2 2 2 2 2 2 0 2 2 2 0 2 2 2 0 2 0 2 2 2 2 2 2 2 2 2 2 2 2 2 2 2 0 0 2 2 2 0 2 2 2 2 2 2 0 2 2 2
238 0 0 0 2 2 0 2 0 2 2 2 2 2 2 0 2 2 0 2 2 2 2 2 2 0 2 0 2 0 2 0 2 2 2 0 0 0 0 0 0 0 2 2 2 0 0 0 0 2 0 0 0 2 2 2 2 2 0 0 0 0 2 2 2 2 2 0 0 2 0 0 0 0 2 2 2 0 2 2 2 2 2 0 0 2 0 0 2 0 0 2 0 0 2 2 2 2 0 0 0 2 2 0 0 2 0 2 2 2 2 2 0 2 0 2 2 0 0 2 2 0 0 2 2 2 2 0 2 2 0 0 2 0 2 0 0 0 2 2 2 2 2 0 0 2 0 0 2 1 0 0 2 0 2 2 0 0 2 0 2 0 0 2 2 0 0 0 2 0 2 0 2 2 2 2 2 2 2 2 2 0 2 0 0 2 0 2 2 2 2 1 0 2 2 2 0 2 2 2 2 0 2 0 2 0 0 2 0 0 0 0 2 0 2 2 0 0 2 0 2 2 2 0 0 0 0 0 2 0 2 0 0 2 2 2 2 0 2 2 2 0 2 2 2 2
239 2 0 2 0 2 2 0 2 2 0 2 0 2 0 2 2 2 2 2 2 2 0 0 0 0 2 2 0 2 2 2 0 0 0 0 1 0 0 0 2 2 0 2 0 2 2 2 2 2 2 0 2 0 0 0 0 2 0 2 2 0 0 0 0 0 2 0 2 2 0 2 0 2 0 2 2 2 0 0 2 2 0 0 0 2 2 2 0 2 0 2 0 0 2 0 0 0 0 2 2 2 2 0 2 2 0 0 2 2 2 0 2 2 0 2 0 2 2 0 0 0 0 2 0 0 0 0 0 2 0 2 0 0 0 2 2 0 2 0 2 0 2 2 2 2 0 2 2 1 0 0 2 2 0 0 0 0 0 2 0 0 2 0 2 2 2 2 0 2 0 0 0 2 0 2 0 0 0 0 0 2 0 2 2 2 0 0 0 0 0 0 2 0 2 2 2 2 0 0 2 0 2 0 0 2 2 2 2 2 0 0 0 2 2 0 0 0 2 0 0 0 2 2 0 2 0 2 0 0 0 2 0 0 2 0 2 0 0 0 0 2 0 0 2 2
240 2 0 2 2 2 0 0 2 2 2 0 0 2 2 2 0 2 2 2 0 0 2 0 2 0 0 0 2 2 2 0 2 2 0 2 0 0 0 0 0 0 2 2 0 0 2 2 0 0 0 0 0 2 0 0 0 0 0 2 0 0 2 0 0 2 2 0 0 2 0 2 0 2 2 2 2 2 0 0 2 2 2 0 0 0 2 2 2 2 2 0 0 0 0 2 2 0 2 2 2 2 0 0 0 2 2 2 2 0 2 0 2 0 2 0 0 0 0 0 2 0 2 2 0 0 0 0 0 2 0 2 0 2 2 0 2 2 0 0 2 2 2 2 2 0 0 0 0 1 0 2 2 0 2 0 0 0 2 2 2 0 0 0 2 0 0 0 0 2 2 0 2 2 2 2 0 0 2 2 2 2 0 2 0 0 0 0 0 2 0 1 2 2 2 2 2 2 2 2 2 2 2 2 0 0 2 0 0 2 2 2 0 2 0 2 0 2 0 0 0 2 0 0 0 0 0 2 2 2 0 0 0 2 2 0 0 0 2 0 2 0 2 2 2 2
241 0 2 0 2 2 0 2 0 2 2 2 2 2 2 0 2 0 0 2 2 2 2 2 2 0 2 2 2 0 2 2 2 2 2 0 1 2 2 0 2 2 2 0 2 2 0 2 2 2 2 2 2 0 2 2 2 0 2 0 2 2 2 2 2 2 2 2 2 2 2 2 0 0 0 0 2 0 2 2 0 0 0 2 2 2 0 0 0 2 0 2 0 2 0 0 2 2 0 0 0 0 2 2 2 2 0 0 2 2 0 2 2 0 0 2 2 0 2 2 2 0 0 0 2 2 2 2 2 0 2 2 2 0 2 2 0 0 2 2 0 2 0 0 2 2 2 2 0 1 2 2 0 2 0 2 2 2 0 2 2 2 2 2 0 2 0 2 2 0 2 0 0 0 0 0 2 2 0 2 2 0 2 0 2 0 2 2 2 0 2 1 0 0 0 0 0 0 0 0 1 0 0 0 2 2 2 2 0 2 0 0 2 0 2 0 0 0 1 2 2 0 2 2 2 2 2 0 0 0 0 0 2 2 0 2 0 2 2 2 0 0 0 0 0 0
242 2 2 2 0 0 2 2 2 2 2 2 2 0 2 2 2 2 2 2 2 2 0 2 2 2 2 2 0 2 2 2 0 2 2 2 2 2 2 2 2 2 2 2 0 2 2 2 2 2 2 2 2 2 0 2 2 0 2 2 2 0 2 2 0 0 0 2 2 2 2 2 2 2 2 2 2 2 2 2 2 2 2 2 2 2 2 2 2 2 2 2 2 2 2 0 2 2 2 2 2 2 2 2 2 0 2 2 2 2 2 2 2 2 2 2 2 2 2 2 2 2 2 2 0 2 2 2 2 2 2 0 2 2 2 2 2 2 2 0 2 2 2 2 2 0 2 2 2 2 2 0 0 2 2 2 0 2 2 2 2 2 2 2 2 2 2 2 1 0 2 2 2 2 2 0 2 0 2 2 2 2 2 2 2 2 2 2 2 2 2 2 2 2 2 2 2 2 2 2 1 2 2 2 2 2 0 2 2 2 2 0 2 2 0 2 2 2 2 0 0 0 2 2 2 2 2 2 2 2 2 2 2 2 2 2 2 2 2 2 2 2 2 2 2 2
243 2 2 2 2 2 2 2 2 2 2 2 2 2 2 2 2 2 2 2 2 2 2 2 2 2 2 2 2 2 2 2 2 2 2 2 2 2 2 2 2 2 2 0 2 2 2 0 2 2 2 2 0 2 2 2 2 0 2 2 2 2 2 2 2 2 2 2 2 2 2 0 2 2 2 2 2 2 2 2 2 2 2 2 2 2 2 2 2 2 2 2 2 2 2 0 2 2 2 2 2 2 2 2 2 2 2 2 2 2 2 2 2 2 2 2 2 2 2 2 2 2 2 2 2 2 2 2 2 2 2 2 2 2 2 2 2 2 2 2 2 2 2 2 2 2 2 0 2 2 2 2 2 2 0 2 0 0 2 2 2 2 2 2 2 2 2 2 2 2 2 2 2 2 2 2 2 2 0 2 2 2 2 2 2 2 0 2 2 2 2 2 2 2 2 2 2 2 2 0 1 2 2 2 2 2 2 2 0 0 2 2 2 2 2 2 2 2 2 2 2 2 2 2 2 2 2 2 2 2 0 0 2 2 2 2 2 2 2 2 0 2 2 2 2 2
244 0 0 2 0 2 0 2 2 0 2 2 2 2 2 0 0 0 0 2 2 0 2 2 2 0 0 0 2 0 2 0 2 0 2 0 0 0 0 2 2 0 0 2 2 2 2 2 2 2 0 2 2 0 2 2 2 2 0 2 2 2 2 2 2 2 2 0 0 2 0 2 2 0 0 0 2 2 2 0 2 0 1 0 0 0 0 2 2 0 0 0 2 0 0 2 0 2 2 2 2 0 0 0 0 2 2 0 2 0 0 2 2 0 2 0 0 0 2 0 0 0 0 2 2 0 2 0 0 0 0 2 2 0 0 2 0 0 0 2 0 2 0 0 2 2 0 2 0 1 2 0 0 0 0 2 2 2 0 2 2 0 0 2 0 0 0 0 2 2 2 0 0 0 2 0 0 2 0 2 2 0 0 0 0 1 2 0 2 0 2 2 0 2 2 0 0 0 0 0 1 2 0 0 2 2 0 0 0 2 2 2 2 2 2 2 0 0 0 0 2 2 0 0 0 0 0 0 0 0 1 0 0 2 0 2 2 2 2 0 0 0 0 0 0 0
245 2 2 2 2 2 2 2 2 2 2 2 2 2 2 0 2 2 2 2 2 2 2 2 2 2 0 0 2 2 2 2 2 2 2 2 1 0 2 2 2 2 2 2 2 2 2 2 2 2 2 2 2 2 2 2 2 2 2 2 2 2 2 2 2 2 2 2 2 2 2 2 2 0 2 2 2 2 2 0 2 2 0 2 2 2 2 2 2 2 2 0 2 2 0 2 2 2 2 2 2 2 2 2 2 2 2 0 2 0 2 2 2 0 2 2 2 2 2 2 2 2 2 2 2 2 2 2 2 0 2 2 2 0 2 2 2 0 2 2 0 2 2 2 2 2 2 2 0 1 2 2 2 2 0 2 2 2 2 2 2 2 2 2 2 0 0 0 2 2 2 0 0 0 2 0 2 2 0 2 2 2 2 2 0 2 2 0 2 0 2 2 2 2 2 0 2 2 2 2 2 2 0 0 2 2 2 2 2 2 2 2 2 2 2 2 2 0 2 2 2 2 2 2 2 2 2 2 0 2 2 2 2 2 0 2 2 2 2 2 2 2 2 2 0 0
246 2 0 2 2 0 0 2 0 2 0 2 2 0 2 0 2 2 2 0 0 2 2 0 2 2 0 0 2 2 0 2 2 0 0 2 0 0 0 2 0 2 0 0 0 0 2 2 2 2 2 2 0 2 2 0 0 2 0 2 0 2 2 0 2 2 0 0 2 2 0 2 0 2 2 2 0 2 2 2 0 2 2 2 0 0 0 2 0 2 2 0 2 0 0 0 0 0 2 0 2 2 2 0 2 1 2 2 0 0 0 0 2 0 0 2 0 0 2 2 0 0 2 2 0 0 2 2 0 0 0 2 0 2 0 0 0 2 2 2 0 2 0 0 2 2 0 0 0 0 2 2 0 2 2 0 0 0 0 2 0 0 2 0 2 0 0 2 2 2 0 2 2 0 2 0 0 2 2 0 0 2 0 0 0 2 0 2 0 2 0 0 2 0 2 2 0 0 0 0 1 2 0 2 0 0 2 0 0 2 2 0 0 2 2 0 2 2 2 2 2 0 2 2 0 2 0 2 2 0 2 0 0 0 0 0 2 0 0 2 0 0 0 0 0 0
247 2 2 2 2 2 2 2 0 2 2 2 2 2 2 2 2 2 2 2 2 2 2 2 2 2 2 2 2 2 2 2 2 2 2 2 2 2 2 2 2 2 2 0 0 2 2 2 2 2 2 2 0 2 2 2 2 2 2 2 2 2 2 2 2 2 2 2 2 2 2 2 2 2 2 2 2 2 2 2 2 2 2 2 2 2 2 2 2 2 2 2 2 2 2 0 2 2 2 0 2 2 2 2 2 2 2 2 2 2 2 2 2 2 2 2 2 2 2 2 2 2 2 2 0 2 2 2 0 2 2 2 2 2 2 2 2 2 2 2 2 2 2 2 2 2 2 0 2 2 2 2 0 2 2 2 2 2 0 2 2 0 2 2 2 2 2 2 2 2 2 2 2 2 2 2 2 2 2 2 2 2 2 2 2 2 0 2 2 2 2 2 2 2 2 2 2 0 2 0 1 2 2 2 2 2 2 2 2 2 2 2 2 2 2 2 2 2 2 2 2 2 2 2 2 2 2 2 2 2 2 2 2 2 2 2 2 2 2 2 0 2 2 0 2 2
248 2 2 0 2 2 2 2 2 2 2 0 0 2 0 2 2 2 2 2 2 0 0 2 0 2 2 2 0 2 2 0 0 2 2 2 2 2 2 2 2 2 2 2 2 2 0 2 2 2 0 2 2 2 2 2 2 2 2 0 2 2 0 2 2 2 2 2 2 2 2 2 2 2 2 2 2 0 0 2 2 2 2 2 2 2 2 0 2 2 2 2 2 2 2 2 2 2 2 2 0 2 2 2 0 2 2 2 2 2 2 2 2 2 2 0 2 2 2 2 2 2 2 0 2 2 2 2 2 2 2 2 2 2 2 2 2 2 2 2 2 0 2 2 2 2 2 2 2 2 2 2 2 2 2 2 2 2 2 2 2 2 2 2 2 2 2 2 2 2 2 2 2 2 2 2 0 2 2 2 2 2 2 2 2 2 2 2 2 2 2 2 2 2 2 2 2 2 2 2 2 2 2 2 2 2 2 2 2 2 2 2 2 0 2 2 2 2 2 2 2 2 2 2 2 2 2 2 2 2 2 2 2 2 2 2 2 2 2 2 2 2 2 2 2 2
249 2 0 2 2 0 2 2 2 2 2 2 2 0 2 2 2 2 2 0 2 2 2 0 2 0 2 2 2 2 0 2 2 0 2 2 1 2 0 2 2 2 0 2 2 0 2 2 2 2 2 2 2 2 2 0 0 2 0 2 2 2 2 0 2 2 0 0 2 2 2 2 2 0 2 2 0 2 2 0 2 2 2 2 0 2 2 2 0 2 2 2 2 0 2 2 0 0 2 2 2 2 2 0 2 2 2 2 2 2 0 0 2 2 2 2 2 2 2 0 0 0 2 2 2 0 2 2 0 2 2 2 0 2 0 2 2 2 2 2 2 2 2 2 2 2 2 2 2 1 2 2 2 2 2 0 2 0 2 2 2 2 2 0 2 2 2 2 2 2 2 2 2 2 2 2 2 2 2 2 2 2 2 2 2 2 2 0 0 2 2 1 2 0 2 2 2 2 0 2 2 2 2 2 0 2 2 2 2 2 2 2 2 2 2 2 2 2 2 2 2 2 2 2 2 2 2 2 2 0 2 2 2 2 2 2 2 2 2 0 2 2 2 2 2 2
250 2 2 0 2 2 2 0 2 2 2 0 0 2 2 2 2 2 0 2 2 0 2 2 2 2 2 2 2 0 2 0 2 2 2 2 2 2 2 2 2 2 2 2 2 2 0 2 2 0 0 2 2 2 0 2 2 2 2 0 2 0 2 2 0 2 2 2 2 2 2 2 0 2 2 2 2 0 0 2 2 2 2 2 2 2 2 0 2 2 2 2 2 2 2 2 2 2 0 2 0 2 2 2 0 2 0 2 2 2 2 2 2 2 2 0 2 2 2 2 2 2 2 2 2 2 0 2 2 2 2 2 2 2 2 2 2 2 2 2 2 2 2 2 2 2 2 2 2 2 0 2 2 2 2 2 2 2 2 2 2 2 2 2 2 2 2 2 2 2 2 2 2 2 2 2 2 2 2 2 2 2 2 2 2 2 2 2 2 2 2 2 2 2 2 2 2 2 2 2 2 0 2 2 2 2 2 2 2 2 0 2 2 0 2 2 2 2 2 2 2 2 2 2 2 2 2 2 2 2 2 2 2 2 2 2 2 2 2 2 2 2 2 2 2 2
251 2 2 2 2 2 0 0 2 2 2 2 2 2 2 0 0 0 2 2 2 2 2 2 2 2 0 0 2 2 2 2 2 2 0 2 1 0 2 2 2 2 2 2 2 2 2 2 0 2 2 2 2 0 2 2 2 2 2 2 2 2 2 2 2 2 2 2 2 2 2 2 2 2 0 0 2 2 2 2 0 2 0 2 2 2 0 2 2 2 2 0 2 0 2 2 2 2 0 2 2 0 0 2 2 0 2 0 2 2 2 2 2 2 2 2 2 0 2 2 2 2 2 2 2 2 0 2 2 0 2 2 2 0 2 0 0 2 0 2 0 2 0 0 0 2 2 2 2 1 2 2 2 2 0 2 2 2 2 0 2 2 2 2 0 0 0 0 2 2 2 2 0 0 2 0 2 2 0 2 2 0 2 0 0 2 2 2 2 0 2 2 0 2 0 0 0 2 2 2 2 2 0 2 2 0 2 2 2 2 2 2 0 2 2 0 2 2 2 2 2 2 2 2 2 2 2 0 0 2 2 2 2 2 2 0 2 2 2 2 2 0 0 0 0 0
252 2 0 0 0 2 0 0 0 2 0 2 0 2 2 0 0 0 2 0 0 0 0 0 2 0 0 0 0 2 0 0 0 0 0 0 0 0 0 0 0 0 0 0 0 0 0 0 0 2 0 2 0 0 0 0 0 2 0 0 2 0 2 0 0 0 2 0 2 0 0 0 2 0 0 0 0 0 0 0 0 0 0 0 0 2 0 0 0 0 0 0 0 0 0 0 0 0 0 0 0 0 0 0 0 0 0 0 2 0 0 0 0 0 2 0 0 0 0 0 0 0 2 2 0 0 0 0 0 0 2 2 0 0 0 0 0 0 0 0 0 2 0 0 0 2 0 0 0 0 0 0 0 2 0 0 0 0 0 0 0 0 0 0 0 0 0 0 0 0 0 0 0 0 2 0 0 0 0 0 0 0 0 0 0 0 0 0 0 0 0 0 0 0 0 0 0 0 0 0 0 0 0 0 2 0 0 2 0 0 0 0 0 0 2 0 0 0 1 0 0 2 2 2 0 0 0 0 0 0 0 0 2 0 0 0 0 0 0 0 0 0 0 0 0 0
253 2 0 0 0 0 0 0 0 2 0 2 0 0 0 0 0 0 2 2 0 0 0 0 0 0 0 0 0 2 2 0 0 0 0 0 0 0 0 2 0 0 0 0 0 0 0 0 0 2 2 0 0 0 0 0 0 0 0 0 2 2 0 0 2 2 0 0 0 0 0 0 2 0 0 0 2 0 0 0 0 0 0 0 0 0 0 0 0 2 0 0 2 0 2 0 0 0 2 0 0 0 0 0 0 0 0 0 0 0 0 0 0 2 0 0 0 0 0 0 0 0 0 2 0 0 0 0 0 0 0 0 0 0 0 2 0 0 0 2 0 2 0 0 0 0 0 0 0 0 0 0 0 2 0 0 0 0 0 0 0 0 0 0 0 0 0 0 1 0 0 2 0 0 0 0 0 2 0 0 0 0 0 0 0 0 0 0 0 0 0 0 0 0 2 0 0 0 0 0 1 0 0 0 0 2 0 0 2 0 0 0 0 0 0 0 0 0 0 0 2 0 0 0 0 2 0 0 0 0 0 2 0 0 0 0 2 0 0 0 0 0 0 0 0 0
254 0 0 0 2 2 2 2 2 2 2 0 0 2 2 2 2 2 0 0 0 0 2 0 2 2 2 2 2 0 0 0 2 2 2 0 1 2 0 0 2 0 2 2 2 2 0 2 2 0 0 0 2 2 2 0 0 2 0 0 0 2 2 0 2 2 2 0 2 2 2 2 0 2 2 2 0 0 0 0 2 2 2 0 2 2 2 0 0 2 0 2 0 2 0 2 2 0 2 2 0 2 2 0 0 2 2 2 2 2 0 0 2 0 0 0 2 2 2 2 2 0 0 0 2 0 2 2 0 2 2 2 2 2 2 2 2 2 2 2 2 0 2 2 2 2 2 2 2 1 2 2 2 2 2 0 2 0 2 2 2 2 2 0 2 2 2 2 0 2 2 2 0 2 2 2 0 2 2 2 2 2 0 2 2 2 2 0 0 2 2 1 2 0 2 2 2 0 2 2 2 2 2 2 0 2 2 0 2 2 2 2 0 0 2 0 0 2 1 0 0 2 2 2 2 2 2 2 2 2 2 2 0 2 2 0 2 2 2 2 2 2 2 2 2 2
255 2 2 2 2 2 2 2 0 2 0 2 2 2 2 2 2 2 2 2 2 2 2 2 2 2 2 2 2 2 2 2 2 2 2 2 2 2 2 2 2 2 2 0 2 2 2 0 0 2 2 2 2 2 2 2 2 0 2 2 2 2 2 2 2 2 2 2 2 0 2 0 2 2 2 2 2 2 2 2 2 2 2 2 2 2 2 2 2 2 2 2 2 2 2 2 2 2 2 0 2 2 2 2 2 2 2 2 2 2 2 2 2 2 2 2 2 2 2 0 2 2 2 2 2 2 2 2 2 0 2 0 2 2 2 2 2 2 2 2 2 2 2 2 2 2 2 2 2 2 2 2 0 2 2 2 0 2 0 2 2 2 2 2 2 2 2 2 2 2 2 2 2 2 2 2 2 2 2 2 0 2 2 2 2 2 2 2 2 2 2 2 2 2 2 2 2 2 2 2 2 2 2 2 2 2 2 2 2 0 2 0 2 2 2 2 2 2 2 2 2 0 2 2 2 2 2 2 2 2 0 2 0 0 2 2 2 2 0 0 2 2 2 2 2 2
256 2 2 2 2 2 2 2 2 2 0 2 2 2 2 2 2 2 2 2 2 2 2 2 2 2 2 2 2 2 2 2 2 2 2 0 2 2 2 2 2 2 2 0 2 2 2 0 0 2 2 2 2 2 2 2 2 0 2 2 2 2 2 2 2 2 2 2 2 0 2 0 2 2 2 2 2 2 2 2 2 2 2 2 2 2 2 2 2 2 0 2 2 2 2 2 2 2 0 2 2 2 2 2 2 2 2 2 2 0 2 2 2 2 2 2 2 2 2 0 2 2 2 2 2 2 2 2 2 0 2 0 2 2 2 0 2 2 2 2 2 2 2 2 2 2 2 2 2 2 2 2 1 2 2 2 0 2 2 2 2 2 2 2 2 2 2 2 2 2 2 2 2 2 2 2 2 2 2 2 0 2 2 2 2 2 2 2 2 2 2 2 2 2 2 2 2 2 2 2 2 2 2 2 2 0 2 2 2 0 2 2 2 2 2 2 0 2 2 2 2 0 2 2 2 2 2 2 2 2 0 2 0 0 2 2 2 2 0 0 2 2 2 2 2 2
257 2 2 2 2 2 2 2 2 2 2 2 2 2 2 2 2 2 2 2 2 2 2 2 2 2 2 2 2 2 2 2 2 0 2 2 2 2 2 2 2 2 0 2 2 2 2 2 2 2 2 2 2 2 2 2 2 2 2 2 2 2 2 2 2 2 2 2 2 2 2 2 2 0 2 2 2 2 2 2 2 2 2 2 0 2 2 2 2 2 2 2 2 0 2 2 0 2 2 2 2 2 2 2 2 2 2 2 2 2 2 2 2 2 2 2 2 2 2 0 0 2 2 2 2 2 2 2 2 2 2 2 2 2 0 2 2 2 2 2 2 2 2 2 2 2 2 2 2 2 2 2 2 2 2 2 2 2 2 2 2 2 2 2 2 2 2 2 2 2 2 2 2 2 2 2 2 2 2 2 2 2 2 2 2 2 2 2 2 2 2 2 2 2 2 2 2 2 2 2 2 2 2 2 0 2 2 2 2 2 2 2 0 2 2 2 2 2 2 2 2 2 2 2 2 2 2 2 2 2 2 2 2 2 2 0 2 2 2 0 2 2 2 2 2 2
258 0 0 0 0 2 0 0 0 2 0 0 2 2 2 0 0 0 0 0 0 0 0 2 2 0 0 0 0 0 0 0 0 0 0 0 0 0 0 0 0 2 0 0 0 0 0 0 0 0 0 0 0 0 2 2 2 2 0 0 0 0 2 0 0 2 2 0 0 0 0 0 2 0 0 0 0 0 2 0 0 2 0 0 0 0 0 0 0 0 0 0 0 0 0 2 0 0 2 0 0 2 2 0 0 0 0 0 0 0 0 0 0 0 0 0 0 0 0 0 0 0 0 0 0 0 0 2 0 0 0 0 0 2 0 2 0 0 2 0 0 0 0 0 0 0 2 0 0 0 0 2 0 2 2 0 0 0 0 0 0 0 2 0 0 0 2 0 0 0 0 0 0 0 2 0 0 0 2 0 0 0 2 0 0 2 2 0 0 2 0 0 0 0 2 0 0 0 0 0 1 0 0 0 0 2 2 2 2 0 0 0 0 0 0 2 0 0 0 0 0 0 0 0 0 0 0 0 2 0 0 2 0 0 0 0 2 2 0 0 0 0 0 0 0 0
259 2 2 0 2 0 2 2 0 0 0 2 2 0 2 2 2 2 2 2 0 0 2 0 2 2 2 2 2 2 2 0 2 2 2 2 2 2 2 2 2 0 2 0 0 2 0 0 0 0 0 0 0 0 0 0 0 0 2 0 0 2 2 2 2 0 0 2 2 0 2 0 0 2 0 2 2 0 2 2 2 0 2 2 2 2 0 0 2 0 2 2 2 2 0 0 2 2 0 0 0 0 2 2 0 0 0 2 2 0 2 2 0 0 2 0 2 2 0 0 2 2 2 2 0 2 2 0 2 0 2 0 2 0 2 0 0 0 0 2 2 2 2 2 0 2 0 0 2 2 0 0 0 0 0 2 0 2 0 0 2 2 0 2 2 2 2 0 1 0 2 2 2 2 0 2 2 2 0 2 0 0 0 2 2 0 0 2 2 0 0 1 0 2 0 2 2 2 2 0 0 0 0 0 2 0 0 0 0 0 0 0 2 0 2 0 2 0 1 2 0 0 0 2 2 2 2 0 0 2 0 0 0 0 0 2 0 0 0 0 0 2 2 2 2 0
260 0 2 0 2 0 2 0 0 0 0 0 0 0 0 2 2 2 0 0 0 0 0 0 0 2 2 0 0 0 0 0 0 0 2 2 0 0 2 0 2 2 0 0 0 0 0 0 0 2 0 2 2 2 2 0 0 0 2 0 0 2 0 0 2 2 0 2 2 2 0 0 0 0 2 2 0 0 0 2 2 0 2 0 0 2 2 0 0 0 2 2 0 0 0 0 0 0 0 0 0 0 0 2 0 0 0 0 0 0 0 2 2 0 0 0 2 2 0 2 0 0 0 0 0 0 0 2 2 2 2 0 0 0 0 0 2 2 0 2 2 0 2 0 0 2 2 2 0 1 0 2 0 0 0 0 0 0 2 0 2 2 2 0 0 2 2 2 1 0 2 0 2 2 0 2 2 2 0 2 0 0 2 2 0 0 0 2 0 0 0 0 0 0 0 2 0 2 0 2 1 0 2 2 0 0 2 2 0 0 2 0 0 0 2 0 2 2 1 0 2 2 0 2 0 0 0 0 0 2 0 0 0 0 0 0 0 2 0 2 2 2 0 2 2 2
261 2 2 2 2 2 0 2 2 2 2 2 2 2 2 0 0 0 2 2 2 2 2 2 2 0 0 2 2 2 2 2 2 2 0 0 2 2 2 2 2 0 2 2 2 2 2 2 2 2 2 0 2 0 2 2 2 2 2 2 2 2 2 2 2 2 2 2 2 2 2 2 2 2 0 0 2 2 2 0 0 2 0 2 2 0 0 2 2 2 0 0 2 2 2 2 2 2 2 2 2 2 2 2 2 2 2 2 2 2 2 0 2 2 2 2 2 0 2 0 2 2 2 2 2 2 2 2 0 0 0 2 2 2 2 2 0 0 2 2 0 2 0 2 2 2 0 2 2 1 2 2 2 2 2 2 2 2 2 2 2 2 0 2 2 0 0 0 2 2 2 2 0 0 2 0 0 2 2 2 2 2 0 0 2 2 2 0 2 2 2 2 2 2 0 0 2 0 2 0 2 2 0 0 2 2 2 0 2 2 0 2 2 2 2 2 2 0 1 2 2 2 2 2 2 2 2 2 2 0 2 2 2 2 2 2 2 0 2 0 0 0 2 0 0 0
262 0 0 0 0 0 0 0 0 0 0 0 2 0 0 0 0 0 0 0 0 0 0 0 0 0 0 0 0 0 0 0 0 0 0 0 0 0 0 0 0 0 0 0 0 0 0 0 0 0 0 0 0 0 2 0 0 0 0 0 0 0 0 0 0 0 0 0 0 2 0 0 0 0 0 0 0 0 2 0 0 2 0 0 0 0 0 0 0 0 0 0 0 0 0 0 0 0 0 0 0 2 2 0 0 2 0 2 0 2 0 0 0 0 0 0 0 0 0 0 0 0 0 0 0 0 0 0 0 0 0 0 0 2 0 0 0 0 0 0 0 0 0 0 2 0 0 0 0 0 0 0 0 0 2 0 0 0 0 2 0 0 0 0 2 0 0 0 0 0 0 0 0 0 2 0 0 0 2 0 0 0 0 0 0 0 0 0 0 2 0 0 0 0 2 0 0 0 0 0 1 0 0 0 0 0 2 2 0 0 0 0 0 0 0 0 0 0 1 0 0 0 2 0 0 0 0 0 2 0 0 0 0 0 0 0 0 2 0 0 0 0 0 0 0 0
263 2 2 2 2 2 0 2 2 2 2 2 2 2 2 0 0 0 2 2 2 2 2 2 2 0 0 2 2 2 2 2 2 2 2 0 2 0 2 2 2 2 2 2 2 2 2 2 2 2 2 2 2 0 2 2 2 2 2 2 2 2 2 2 2 2 2 2 2 2 2 2 2 2 0 0 2 2 2 0 0 2 0 2 2 2 0 2 2 2 0 0 2 2 2 2 2 2 0 2 2 2 2 2 2 2 0 2 2 2 2 0 2 2 2 2 2 0 2 2 2 2 2 2 2 2 2 2 0 0 0 2 2 2 2 0 0 0 2 2 0 2 1 2 2 2 2 2 2 1 0 2 2 2 2 2 2 2 2 2 2 2 2 2 2 0 0 2 2 2 2 2 0 0 2 2 0 2 2 2 2 0 0 0 2 2 2 0 2 2 2 2 0 2 0 0 2 0 2 2 2 0 0 0 0 0 2 2 2 2 0 2 0 2 2 2 2 1 1 2 2 2 2 2 2 2 2 0 2 2 2 2 2 2 2 0 2 0 2 2 2 0 0 0 0 0
264 0 2 2 2 2 2 2 2 0 2 0 2 2 2 2 2 2 0 0 2 0 2 2 2 2 2 2 2 1 0 0 2 2 2 2 2 2 2 2 2 0 2 2 2 0 2 2 2 0 0 2 2 2 2 2 2 2 2 2 0 2 2 2 2 2 2 2 2 2 2 2 2 2 2 2 0 2 2 2 2 2 2 2 2 2 2 2 2 2 2 2 2 2 2 2 2 2 2 2 2 2 2 2 0 2 2 2 2 2 2 2 2 2 2 0 2 2 2 2 2 2 0 2 2 2 2 2 2 2 2 2 2 2 2 2 2 2 2 2 2 0 2 2 2 2 2 2 2 2 2 2 2 2 2 2 2 2 2 2 2 2 2 2 2 2 2 2 2 2 2 2 2 2 2 2 2 2 2 2 2 2 2 2 2 2 2 2 2 2 2 2 2 2 2 2 2 2 2 2 2 2 2 2 2 2 2 2 2 2 2 2 2 2 2 2 2 2 2 2 2 2 2 2 2 2 2 2 2 2 2 2 2 2 2 2 2 2 2 2 2 2 2 2 2 2
265 0 2 0 0 2 2 0 2 0 0 0 2 2 0 0 2 2 0 0 2 0 2 2 0 2 2 0 2 0 0 0 2 0 2 2 0 2 2 0 2 0 0 2 2 0 0 2 0 0 0 2 2 2 2 2 2 2 2 0 0 2 0 2 2 2 2 2 2 2 2 2 2 0 2 2 0 0 2 2 2 0 2 2 0 0 2 0 0 2 2 2 0 0 2 2 0 2 2 2 0 0 0 2 0 2 0 0 0 2 0 2 2 2 0 0 2 2 2 2 0 0 0 2 2 2 0 0 0 0 2 2 2 0 0 2 2 0 2 2 2 0 2 0 2 2 2 2 2 1 0 0 2 2 0 2 0 0 2 2 2 2 2 2 0 2 2 0 2 2 2 0 2 2 2 0 2 2 0 2 0 2 2 0 0 2 2 2 0 0 0 1 2 0 0 2 0 2 2 0 1 2 0 0 0 2 2 0 2 2 0 2 2 0 2 2 2 0 1 0 2 2 2 2 2 0 2 2 0 2 0 2 0 0 2 2 2 0 0 2 0 2 2 2 2 2
266 0 2 0 0 0 2 2 0 0 0 0 2 0 0 2 2 2 0 0 2 0 2 0 0 2 2 2 2 0 0 0 2 2 2 2 2 2 2 0 2 0 2 2 0 0 0 0 0 0 0 2 2 2 2 0 0 2 2 0 0 2 0 0 2 2 0 2 2 2 0 0 2 2 2 2 0 0 2 2 2 2 2 2 2 2 2 0 2 2 2 2 0 2 2 2 2 2 2 0 0 2 2 2 0 2 0 2 2 2 2 0 0 2 0 0 2 2 0 0 2 2 0 2 0 0 2 0 2 2 2 0 0 2 2 2 2 2 2 2 2 0 2 2 2 2 0 2 0 2 0 2 2 0 2 0 2 2 0 2 2 2 0 2 2 2 2 2 2 2 2 0 2 2 0 2 2 2 2 2 0 2 2 2 2 0 2 2 2 2 0 0 2 2 0 2 2 2 0 2 2 2 2 2 0 2 2 2 2 0 0 0 2 0 2 0 2 2 1 2 2 2 0 2 0 0 0 2 2 0 2 2 2 0 2 2 2 0 0 0 2 2 2 2 2 2
267 2 2 2 2 2 2 2 0 2 2 2 2 2 2 2 2 2 2 2 2 2 2 2 2 2 2 2 2 2 2 2 2 2 2 2 2 2 2 2 2 2 2 2 0 2 2 0 2 2 2 2 2 2 2 2 2 2 2 2 2 2 2 2 2 2 2 2 2 2 2 0 2 2 2 2 2 2 2 2 2 2 2 2 2 2 2 2 2 2 2 2 2 2 2 2 2 2 2 0 2 2 2 2 2 2 2 2 0 2 2 2 2 2 2 2 2 2 2 2 2 2 2 2 0 2 2 2 2 2 2 2 2 2 2 2 2 2 2 2 2 2 2 2 2 2 2 2 0 2 2 2 2 2 2 2 2 2 2 2 2 2 2 2 2 2 2 2 2 2 2 2 2 2 0 0 2 2 2 2 2 2 2 2 2 2 2 2 2 2 2 2 2 2 2 2 2 2 2 2 2 2 2 2 2 2 2 2 2 0 2 0 2 2 2 2 2 2 1 2 2 2 0 2 2 2 2 2 2 2 2 2 2 2 2 2 2 2 2 2 2 2 2 2 2 2
268 2 2 2 2 2 2 2 2 2 2 2 0 2 2 2 2 2 2 2 2 2 0 2 2 2 2 2 0 2 2 2 0 2 2 2 2 2 2 2 0 2 2 2 2 2 2 2 2 2 2 2 2 2 2 2 2 2 2 2 2 0 2 2 2 2 2 2 0 2 2 2 2 2 2 2 2 2 0 2 2 2 2 2 2 2 2 2 2 2 2 2 2 2 2 2 2 2 2 2 2 2 2 2 2 2 2 2 2 2 2 2 2 2 2 2 2 2 2 2 2 2 2 2 2 2 2 2 2 2 2 2 2 2 2 2 2 2 2 0 2 2 2 2 2 0 2 2 2 2 2 2 2 2 2 2 2 2 2 2 2 2 2 2 2 2 2 2 1 2 2 2 2 2 2 2 2 0 2 2 2 2 2 2 2 2 2 2 2 2 2 2 2 2 2 2 2 2 2 2 2 2 2 2 2 2 2 2 2 2 2 2 2 2 0 2 0 2 2 2 0 2 2 0 2 2 2 2 2 2 2 2 2 2 0 2 2 2 2 2 2 2 2 2 2 2
269 2 2 2 2 2 2 2 2 2 2 2 2 2 2 2 2 2 2 2 2 2 2 2 2 0 2 2 2 2 2 2 2 2 2 2 2 2 2 2 2 2 2 2 2 2 2 0 2 2 2 2 0 2 0 2 2 0 2 2 2 2 2 2 2 2 2 2 2 2 2 0 2 2 2 2 2 2 2 2 2 2 2 2 2 2 2 2 2 2 2 2 2 2 2 2 2 2 2 2 2 2 2 2 2 2 2 2 2 2 2 2 2 2 2 2 2 2 2 2 2 2 2 2 2 2 2 2 2 2 2 0 2 2 2 2 2 2 2 2 2 2 2 2 2 2 2 0 0 2 2 2 0 0 2 2 2 2 2 2 2 2 2 2 2 2 2 2 2 0 2 0 2 2 2 2 2 2 2 2 2 2 2 2 2 0 2 2 2 2 2 2 2 2 2 2 2 2 2 2 2 2 2 2 2 2 2 2 2 0 2 2 2 2 2 2 2 2 2 2 2 2 2 2 2 0 2 2 2 2 2 2 2 2 2 2 2 2 2 2 2 2 2 0 2 2
270 2 2 2 0 2 2 2 2 2 2 0 0 2 2 0 2 2 2 2 2 2 2 2 2 2 2 2 2 2 2 2 2 2 2 0 2 2 2 0 2 0 2 2 2 2 2 2 2 0 2 2 2 2 2 2 2 2 2 2 2 2 2 2 2 2 2 2 2 2 2 2 2 2 2 2 2 2 0 2 2 2 2 2 2 2 2 2 2 2 0 2 0 2 2 2 2 2 2 2 2 2 2 2 2 2 2 2 2 2 2 2 2 2 2 2 0 2 2 2 2 2 2 0 2 2 2 0 0 2 2 2 2 2 2 2 2 2 2 2 2 2 2 2 2 2 2 2 2 1 2 2 2 2 2 2 0 2 2 2 2 2 2 2 2 2 0 2 2 2 2 2 0 2 2 2 2 2 2 2 2 0 2 2 2 2 2 2 2 2 2 2 0 2 0 2 2 2 2 2 2 2 2 2 2 2 2 2 0 2 0 2 2 2 2 2 2 2 2 2 2 2 2 2 2 2 2 0 2 2 0 0 0 2 0 2 2 0 2 2 2 2 2 2 2 2
271 2 2 2 2 0 2 2 2 2 2 2 2 0 2 2 2 2 2 2 2 2 2 0 2 2 2 2 2 2 2 2 2 2 0 2 2 2 2 2 2 2 2 0 0 2 2 0 2 2 2 2 2 2 2 0 0 0 2 2 2 2 2 2 0 2 0 2 0 2 2 0 2 2 2 2 2 2 2 2 2 2 2 2 2 2 2 2 2 0 2 2 2 2 0 0 2 2 2 2 2 2 2 2 2 0 2 2 0 0 2 2 2 0 2 2 2 2 0 2 2 2 2 2 0 2 2 2 2 2 2 0 2 2 2 2 2 2 2 0 2 2 2 2 0 0 2 2 0 2 2 2 0 0 2 2 2 2 2 0 2 2 2 2 2 2 2 2 2 2 2 2 2 2 0 2 2 0 2 2 2 2 2 2 2 0 0 2 2 2 2 2 2 2 2 2 2 2 2 2 0 2 2 2 2 2 0 2 0 0 2 0 2 2 0 2 0 2 1 2 2 0 0 0 2 2 2 2 2 2 2 0 2 2 2 2 2 2 2 2 2 2 2 2 2 2
272 2 0 0 2 2 2 0 0 2 2 2 2 2 2 0 0 0 2 2 0 2 2 2 2 2 0 0 2 2 2 2 2 0 2 0 0 2 0 2 2 2 0 2 2 2 0 2 2 2 2 2 2 2 2 2 2 2 0 0 2 2 2 0 0 2 2 0 0 2 2 2 2 0 2 0 2 0 2 0 0 2 0 2 0 0 0 0 0 2 0 0 2 2 2 2 0 2 0 0 0 2 0 0 2 2 0 0 2 2 0 0 0 2 2 2 2 2 2 2 0 0 2 2 2 0 0 2 0 0 0 2 2 0 0 0 0 2 0 0 0 2 0 0 2 0 2 2 2 1 0 0 2 2 2 0 0 0 2 2 2 2 2 2 2 0 0 2 2 2 2 2 0 0 2 2 0 0 2 2 2 0 0 0 0 2 2 0 0 2 2 1 0 0 2 0 0 0 0 0 2 0 2 2 0 0 2 0 2 2 2 2 0 0 0 2 0 2 2 0 2 2 2 0 2 2 0 0 2 0 2 2 2 2 0 0 2 2 2 2 0 2 0 2 0 0
273 2 2 0 2 2 2 2 0 2 2 2 2 2 2 0 0 0 2 2 2 2 2 2 2 2 0 0 2 2 2 2 2 2 2 0 1 2 2 2 2 2 2 2 2 2 0 2 2 2 2 2 2 2 2 2 2 2 2 0 2 2 2 2 0 2 2 2 0 2 2 2 2 2 2 0 2 0 2 0 0 2 0 2 2 0 0 0 0 2 0 0 2 2 2 2 2 2 0 0 0 2 0 2 2 2 0 0 2 2 2 2 2 2 2 2 2 2 2 2 2 2 2 2 2 0 2 2 0 0 0 2 2 0 2 0 0 2 0 0 0 2 0 0 2 0 2 2 2 1 0 0 2 2 2 2 0 2 2 2 2 2 2 2 2 0 0 2 2 2 2 2 0 0 2 2 0 0 2 2 2 0 0 0 0 2 2 0 2 2 2 2 0 0 2 0 0 0 2 0 2 0 2 2 0 0 2 2 2 2 2 2 0 0 0 2 0 2 2 2 2 2 2 0 2 2 2 0 2 2 2 2 2 2 0 0 2 2 2 2 0 2 0 2 0 0
274 2 0 2 2 2 2 0 2 2 2 2 2 2 2 2 2 2 2 2 0 2 2 2 2 2 2 2 2 2 2 2 2 0 2 2 1 2 0 2 2 2 0 2 2 2 2 2 2 2 2 2 2 2 2 2 2 2 0 2 2 2 2 0 2 2 2 0 2 2 2 2 2 0 2 2 2 2 2 2 2 2 2 2 0 2 2 2 2 2 2 2 2 2 2 2 0 2 2 2 2 2 2 0 2 2 2 2 2 2 0 0 0 2 2 2 2 2 2 2 0 0 2 2 2 2 0 2 2 2 2 2 2 2 0 2 2 2 2 2 2 2 2 2 2 2 2 2 2 2 2 2 2 2 2 0 2 0 2 2 2 2 2 2 2 2 2 2 2 2 2 2 2 2 2 2 2 2 2 2 2 2 2 2 2 2 2 2 0 2 2 1 2 2 2 2 2 2 0 2 2 2 2 2 2 2 2 0 2 2 2 2 2 2 2 2 2 2 2 0 2 2 2 2 2 2 0 2 2 0 2 2 2 2 2 2 2 2 2 2 2 2 2 2 2 2
275 2 2 2 2 2 2 2 2 2 2 2 2 2 2 2 0 0 2 2 2 2 2 2 2 2 0 2 2 2 2 2 2 2 2 2 2 2 2 2 2 2 2 2 2 2 2 2 2 2 2 2 2 2 2 2 2 2 2 2 2 2 2 2 2 2 2 2 2 2 2 2 2 2 2 0 2 2 2 0 0 2 0 2 2 2 2 2 2 2 2 0 2 2 2 2 2 2 0 2 2 2 0 2 2 2 0 0 2 2 2 2 2 2 2 2 2 2 2 2 2 2 2 2 2 0 2 2 2 2 0 2 2 0 2 0 2 2 0 2 0 2 0 2 2 2 2 2 2 2 0 0 2 2 2 2 2 2 2 2 2 2 2 2 2 0 2 2 2 2 2 2 2 0 2 2 0 2 2 2 2 2 0 0 2 2 2 0 2 2 2 2 2 2 2 0 2 0 2 0 2 0 2 2 2 0 2 2 2 2 2 2 0 2 2 2 2 2 2 2 2 2 2 2 2 2 2 2 2 2 2 2 2 2 2 0 2 0 2 2 0 2 0 2 0 0
276 2 2 2 2 2 2 2 2 2 2 2 2 2 2 0 0 0 2 2 2 2 2 2 2 2 0 0 2 2 2 2 2 2 2 0 1 2 2 2 2 2 2 2 2 2 2 2 2 2 2 2 2 0 2 2 2 2 2 2 2 2 2 2 2 2 2 2 2 2 2 2 0 2 0 0 2 2 2 0 0 2 0 2 2 0 2 2 2 2 0 0 2 2 2 2 2 2 0 2 2 2 0 2 2 2 0 0 2 2 2 2 2 2 2 2 2 2 2 2 2 2 2 2 2 0 2 2 0 0 0 2 2 0 2 0 2 2 0 2 0 2 0 0 2 2 2 2 2 1 0 0 2 2 0 2 2 0 2 2 2 2 2 2 2 0 0 2 2 2 2 2 0 0 2 2 0 2 0 2 2 0 0 0 0 2 2 0 2 0 2 2 0 2 2 0 0 0 2 0 2 0 2 2 2 0 2 2 2 2 2 2 0 2 2 2 2 2 1 2 2 2 2 2 2 2 2 0 2 2 0 2 2 2 0 0 2 0 2 2 0 2 0 2 0 0
277 0 0 0 0 0 0 0 0 0 0 0 0 0 0 0 0 0 0 0 2 2 2 0 0 0 0 0 2 0 0 2 2 0 0 0 0 0 0 0 0 0 0 0 0 0 0 0 0 0 2 2 0 0 0 0 0 0 0 0 2 2 0 0 0 0 0 0 0 2 0 0 0 0 0 0 0 0 0 0 0 0 0 0 0 0 0 0 0 0 0 0 0 0 0 0 0 0 0 0 0 0 0 0 2 0 0 0 0 0 0 0 0 0 0 2 0 0 0 0 0 0 0 0 0 0 0 0 0 0 0 0 0 0 0 0 0 0 0 0 0 0 0 0 0 0 2 0 0 0 0 0 0 0 0 0 0 0 0 0 0 0 2 0 0 0 0 0 1 0 0 0 0 0 0 0 0 0 0 0 0 0 0 0 0 0 0 0 0 0 0 0 0 0 0 0 0 0 0 0 0 0 0 0 0 0 0 0 0 0 0 0 0 0 0 0 0 0 0 0 2 0 0 0 0 0 0 0 0 0 0 0 0 0 0 0 0 0 0 0 0 0 0 0 0 0
278 2 2 2 2 2 2 2 2 0 2 2 2 2 2 2 2 2 2 2 2 2 2 2 2 2 2 2 2 2 2 2 2 0 2 2 2 2 2 2 2 2 0 2 2 2 2 2 2 2 2 2 2 2 2 2 2 2 2 2 2 2 2 2 2 2 2 2 2 2 2 2 2 0 2 2 2 2 2 2 2 2 2 2 0 2 2 2 0 2 2 2 2 2 2 2 0 2 2 2 2 2 2 2 2 2 2 2 2 2 2 0 0 2 2 2 2 2 2 2 0 2 2 2 2 2 2 2 2 2 2 2 2 2 0 2 2 2 2 2 2 2 2 2 2 2 2 2 2 2 2 2 2 2 2 2 2 2 2 2 2 2 2 2 2 2 2 2 2 2 2 2 2 2 2 2 2 2 2 2 2 2 2 2 2 2 2 2 2 2 2 2 2 0 2 2 2 2 2 2 2 2 2 2 2 2 2 2 2 2 2 2 2 2 2 2 2 2 2 2 2 2 2 2 2 2 2 2 2 0 2 2 2 2 2 2 2 2 2 2 2 2 2 2 2 2
279 2 0 0 0 2 0 2 0 2 0 0 0 2 0 0 0 0 1 2 2 2 2 2 0 2 0 0 2 0 2 2 2 0 2 0 0 0 0 0 0 0 0 2 0 0 0 0 0 0 2 2 0 0 0 2 2 0 0 0 2 2 0 0 2 0 2 0 2 0 0 0 0 0 0 0 2 0 0 0 0 0 0 0 0 0 0 0 0 0 0 0 0 0 0 0 0 0 0 0 0 0 0 0 2 0 0 0 0 0 0 0 0 0 0 2 0 0 0 0 0 0 0 0 0 0 2 0 2 0 0 0 0 0 0 0 0 0 0 2 0 2 0 0 0 2 0 0 0 0 0 0 0 2 0 0 0 0 0 0 0 0 0 0 0 0 0 0 1 0 0 0 0 0 0 0 0 2 0 0 0 0 0 0 0 0 2 0 0 0 0 0 0 0 0 0 0 0 0 0 0 0 0 0 0 0 0 0 0 0 0 0 0 0 2 0 2 0 0 0 2 0 0 2 0 0 0 0 0 0 0 0 2 0 0 0 0 0 0 0 0 0 0 2 0 0
280 0 0 0 2 2 0 0 0 0 0 0 2 2 0 0 0 0 0 0 0 2 0 2 0 2 0 0 0 0 0 0 0 2 0 0 0 0 0 0 0 2 2 2 0 0 0 0 0 0 2 0 0 0 0 2 2 0 0 0 0 2 0 0 0 0 2 0 0 0 0 0 2 2 0 0 0 0 2 0 0 0 0 0 2 2 0 0 0 2 0 0 0 0 0 0 2 0 0 0 0 0 0 0 0 0 0 0 0 2 0 2 2 0 0 0 0 0 2 0 2 0 0 0 0 0 0 2 0 0 0 0 0 0 2 0 0 0 0 0 0 0 0 0 0 0 0 0 0 0 0 0 2 2 0 0 0 0 0 0 0 0 0 0 0 0 0 0 1 0 0 0 0 0 0 0 0 0 0 0 0 0 0 0 0 0 0 0 0 0 0 0 0 0 0 0 0 0 0 0 0 0 0 0 2 0 0 0 0 0 0 0 0 0 0 0 0 0 0 0 2 0 0 0 0 0 0 0 0 2 0 0 0 0 0 0 0 0 0 0 0 0 0 2 0 0
281 0 0 2 2 2 0 2 0 2 2 2 0 2 2 0 2 2 2 0 2 0 0 2 2 2 2 0 0 2 0 2 0 0 0 0 0 2 0 2 2 0 0 2 2 2 2 2 2 2 0 2 2 2 2 2 2 2 0 2 2 2 2 2 2 2 2 0 2 2 2 2 2 0 2 2 0 2 0 2 2 2 2 0 0 0 0 2 0 2 0 0 2 0 2 2 0 0 2 0 2 2 2 0 2 2 2 2 2 2 0 0 0 2 2 2 2 0 2 2 0 0 2 2 2 0 2 0 2 0 2 2 2 2 0 2 0 0 2 2 2 0 2 0 2 2 0 2 2 0 2 2 2 2 0 0 2 0 2 2 2 2 0 0 0 2 0 2 0 2 2 2 0 2 2 2 2 2 0 2 2 0 2 2 0 2 2 2 0 0 2 2 0 0 2 2 0 2 2 0 2 2 0 0 0 2 2 0 2 2 2 2 2 2 2 0 2 0 2 0 0 2 2 2 2 2 2 0 2 0 0 2 0 2 0 2 2 2 2 2 0 0 2 2 0 2
282 0 0 2 2 2 0 2 0 2 2 2 0 2 2 0 2 2 2 0 2 0 0 2 2 2 2 0 0 2 0 2 0 0 0 0 0 2 0 2 2 0 0 2 2 2 2 2 2 2 0 2 2 2 2 2 2 2 0 2 2 2 2 2 2 2 2 0 2 2 2 2 2 0 2 2 0 2 0 2 2 2 2 0 0 0 0 2 0 2 0 0 2 0 2 2 0 0 2 0 2 2 2 0 2 2 2 2 2 2 0 0 0 2 2 2 2 0 2 2 0 0 2 2 2 0 2 0 2 0 2 2 2 2 0 2 0 0 2 2 2 0 2 0 2 2 0 2 2 0 2 2 2 2 0 0 2 0 2 2 2 2 0 0 0 2 0 2 0 2 2 2 0 2 2 2 2 2 0 2 2 0 2 2 0 2 2 2 0 0 2 2 0 0 2 2 0 2 2 0 2 2 0 0 0 2 2 0 2 2 2 2 2 2 2 0 2 0 2 0 0 2 2 2 2 2 2 0 2 0 0 2 0 2 0 2 2 2 2 2 0 0 2 2 0 2
283 2 2 2 2 2 2 2 2 2 2 2 2 2 2 2 2 2 2 2 0 2 2 2 2 2 2 2 2 2 2 0 2 2 2 2 2 2 2 2 2 2 2 2 0 2 2 2 2 2 2 2 0 2 0 2 2 0 2 2 2 2 2 2 2 0 2 2 2 2 2 2 0 2 2 2 2 2 2 2 2 2 2 2 2 2 2 2 2 0 2 2 2 2 0 0 2 2 2 2 2 2 2 2 0 0 2 2 0 2 2 2 2 0 2 0 0 2 2 2 2 2 2 2 0 2 2 2 2 2 2 2 2 2 2 2 2 2 2 2 2 2 2 2 2 2 2 0 0 2 2 2 2 2 2 2 2 2 0 2 2 2 2 2 2 2 2 2 2 0 2 2 2 2 2 2 2 2 2 2 2 2 2 2 2 2 0 2 2 2 2 2 2 2 2 2 2 2 2 2 0 2 2 2 2 2 0 2 2 2 2 2 2 2 2 2 2 2 2 2 2 0 2 2 2 2 2 2 0 2 2 2 2 2 2 2 0 2 2 2 2 2 2 2 2 2
284 0 0 0 2 2 0 2 0 0 0 0 0 2 0 0 0 0 0 0 0 0 0 2 0 2 0 0 0 0 0 0 0 0 2 0 0 0 0 0 0 0 0 0 0 0 0 0 0 0 0 0 0 0 0 2 1 0 0 0 0 0 0 0 0 0 2 0 0 0 0 0 0 0 0 0 0 0 0 0 0 0 0 0 0 0 0 0 0 0 0 0 0 0 0 0 0 0 0 0 0 0 0 0 0 0 0 0 0 0 0 0 0 0 0 0 0 0 0 0 0 0 0 0 0 0 2 0 2 0 0 0 0 0 0 0 0 0 0 0 0 0 0 0 0 0 0 0 0 0 0 0 0 0 0 0 0 0 0 0 0 0 0 0 0 0 0 0 0 0 0 0 0 0 0 0 0 0 0 0 0 0 0 0 0 0 0 0 0 0 0 0 0 0 0 0 0 0 0 0 0 0 0 0 0 0 0 0 2 0 0 2 0 0 0 0 0 0 1 0 0 0 2 0 0 0 0 0 0 0 0 2 0 0 0 0 0 0 0 0 0 0 0 2 0 0
285 2 2 2 2 0 2 0 2 2 2 2 2 0 2 2 2 2 2 2 2 2 2 0 2 2 2 2 2 2 2 2 2 2 2 2 2 2 2 2 2 2 2 2 0 2 2 2 2 2 2 2 2 2 0 0 0 0 2 2 2 2 2 2 2 0 0 2 2 2 2 2 2 2 2 2 2 2 2 2 2 2 2 2 2 2 2 2 2 0 2 2 2 2 0 0 2 2 2 2 2 2 2 2 2 2 2 2 2 2 2 2 2 0 2 2 2 2 2 2 2 2 2 2 0 2 0 2 2 2 2 2 2 2 2 2 2 2 2 2 2 2 2 2 2 2 2 2 0 2 2 2 2 2 2 2 2 2 0 2 2 2 2 2 2 2 2 2 2 0 2 0 2 2 0 2 2 2 2 2 2 2 2 2 2 2 0 2 2 2 2 2 2 2 2 2 2 2 2 2 2 2 2 2 2 2 0 2 0 2 2 2 2 2 2 2 2 2 1 2 2 2 0 2 2 0 2 2 0 2 2 0 2 2 2 2 2 2 2 2 2 2 2 2 2 2
286 2 2 2 2 2 2 2 2 2 0 0 2 2 0 2 0 0 0 2 2 0 2 2 0 2 0 2 2 0 2 2 2 2 2 2 2 2 2 2 0 0 2 2 2 0 2 2 2 2 0 2 2 0 2 2 2 2 2 2 0 2 0 2 2 2 2 2 2 2 2 2 2 2 0 0 2 2 2 0 0 0 0 2 2 2 2 2 2 2 2 2 2 2 2 2 2 2 0 2 2 0 0 2 2 2 0 0 2 2 2 2 2 2 0 2 2 2 2 0 2 2 2 0 2 2 2 2 2 2 0 2 2 0 2 0 2 2 0 2 0 2 0 2 2 2 2 2 2 2 0 2 2 2 0 2 2 2 2 2 0 2 2 2 2 0 2 0 2 2 0 2 2 0 2 0 0 2 0 0 0 2 0 0 2 2 2 0 2 0 0 1 2 2 0 0 2 0 2 2 2 0 2 2 2 0 2 2 2 2 0 2 0 2 2 2 2 2 1 2 2 2 2 2 2 2 2 2 2 2 2 2 2 0 2 0 2 0 0 0 2 2 0 2 2 0
287 2 2 2 2 0 2 2 2 2 2 2 2 1 2 2 2 2 2 2 2 2 2 0 2 2 2 2 2 2 2 2 2 2 2 2 2 2 2 2 2 2 2 2 1 2 2 1 2 2 2 2 0 2 1 0 0 0 2 2 2 2 2 2 2 1 1 2 2 2 2 0 2 2 2 2 2 2 2 2 2 2 2 2 2 2 2 2 2 0 2 2 2 2 1 0 2 2 2 2 2 2 2 2 2 2 2 2 2 2 2 2 2 1 2 2 2 2 2 2 2 2 2 2 1 2 2 2 2 2 2 2 2 2 2 2 2 2 2 2 2 2 2 2 2 2 2 1 0 2 2 2 2 2 2 2 2 2 0 2 2 2 2 2 2 2 2 2 2 0 2 1 2 2 1 2 2 2 2 2 2 2 2 2 2 2 0 2 2 2 2 2 2 2 2 2 2 2 2 2 2 2 2 2 2 2 0 2 1 1 2 2 2 2 2 2 2 2 1 2 2 2 0 2 2 1 2 2 0 2 2 0 2 2 2 2 2 2 2 2 2 2 2 2 2 2
288 0 0 0 2 0 0 0 0 0 2 0 0 0 2 0 0 0 0 0 0 0 2 0 2 0 0 0 2 0 0 0 2 0 0 0 0 0 0 0 0 0 0 0 0 2 0 0 0 0 0 0 0 0 0 0 0 0 0 0 0 2 2 0 2 0 0 0 2 2 0 0 0 0 0 0 0 0 0 0 0 0 0 0 0 0 0 0 0 0 0 0 0 0 0 0 0 0 0 0 0 0 0 0 0 0 0 0 0 0 0 0 0 0 0 0 0 0 0 0 0 0 0 0 0 0 0 0 0 0 0 0 0 0 0 0 0 0 0 2 0 0 0 0 0 2 0 0 0 0 0 0 0 0 0 0 0 0 0 0 0 0 0 0 0 0 0 0 1 0 0 0 0 0 0 0 0 2 0 0 2 0 0 0 0 0 0 0 0 0 0 0 0 0 0 0 0 0 0 0 0 0 0 0 0 0 0 0 0 0 0 0 0 0 2 0 2 0 0 0 2 0 0 2 0 0 0 0 0 0 0 0 0 2 0 0 0 0 2 0 0 0 0 0 0 0
289 0 2 0 2 2 2 2 2 0 0 2 2 2 0 2 2 2 2 0 0 0 2 2 0 2 2 2 2 2 0 0 2 2 2 2 2 2 2 0 0 2 2 2 2 0 0 2 2 0 0 2 2 2 2 2 2 2 2 0 0 2 0 2 2 2 2 2 2 2 2 2 0 2 2 2 0 0 2 2 2 2 2 2 2 2 2 0 2 2 2 2 0 2 2 2 2 2 2 2 0 2 2 2 0 2 2 2 2 2 2 2 2 2 2 0 2 2 2 2 2 2 0 0 2 2 2 2 2 2 2 2 2 2 2 2 2 2 2 2 2 2 2 2 2 2 2 2 2 2 2 2 2 2 2 2 2 2 2 2 2 2 2 2 2 2 2 2 2 2 2 2 2 2 2 2 2 2 2 2 0 2 2 2 2 2 2 2 2 2 2 2 2 2 2 2 2 2 2 2 2 2 2 2 2 2 2 2 2 2 2 2 2 0 2 2 2 2 2 2 2 2 2 2 2 2 2 2 2 2 2 2 2 0 2 2 2 2 0 2 2 2 2 2 2 2
290 0 2 0 2 0 0 0 0 0 0 0 2 0 0 0 0 0 0 0 0 0 2 0 0 0 0 0 2 0 0 0 2 0 0 0 0 0 2 0 0 0 0 0 0 0 0 0 0 0 0 2 0 0 2 0 0 0 2 0 0 2 0 0 2 0 0 2 2 0 0 0 0 0 0 0 0 0 2 0 0 0 0 0 0 0 0 0 0 0 0 0 0 0 0 0 0 0 0 0 0 0 0 2 0 0 0 0 0 0 2 0 0 0 0 0 0 0 0 0 0 0 0 0 0 0 0 0 2 0 0 0 0 0 0 0 0 0 0 2 0 0 0 0 0 2 0 0 0 0 0 0 0 0 0 0 0 0 0 0 0 0 0 0 0 0 0 0 1 2 0 0 0 0 0 0 0 2 0 0 0 0 0 0 0 2 0 0 0 0 0 0 0 0 0 0 0 0 0 0 0 0 0 0 0 0 0 0 0 0 0 0 0 0 2 0 2 0 0 0 2 2 0 2 0 0 0 0 0 0 0 0 0 0 0 0 0 0 0 0 0 0 0 0 0 0
291 0 2 0 2 0 0 0 0 0 0 0 2 0 0 0 0 0 0 0 0 0 2 0 0 0 0 0 2 0 0 0 2 0 0 0 0 0 2 0 0 0 0 0 0 0 0 0 0 0 0 2 0 0 2 0 0 0 2 0 0 2 0 0 2 0 0 2 2 0 0 0 0 0 0 0 0 0 2 0 0 0 0 0 0 0 0 0 0 0 0 0 0 0 0 0 0 0 0 0 0 0 0 2 0 0 0 0 0 0 2 0 0 0 0 0 0 0 0 0 0 0 0 0 0 0 0 0 2 0 0 0 0 0 0 0 0 0 0 2 0 0 0 0 0 2 0 0 0 0 0 0 0 0 0 0 0 0 0 0 0 0 0 0 0 0 0 0 1 2 0 0 0 0 0 0 0 2 0 0 0 0 0 0 0 2 0 0 0 0 0 0 0 0 0 0 0 0 0 0 0 0 0 0 0 0 0 0 0 0 0 0 0 0 2 0 2 0 0 0 2 2 0 2 0 0 0 0 0 0 0 0 0 0 0 0 0 0 0 0 0 0 0 0 0 0
292 2 2 2 2 0 2 0 0 2 2 2 2 0 2 2 2 2 2 2 2 2 2 0 2 2 2 2 2 2 2 2 2 2 0 2 1 2 2 2 2 2 2 0 0 2 2 0 2 2 2 2 0 2 2 0 0 0 2 2 2 2 2 0 2 0 1 2 2 2 1 0 2 2 2 2 2 2 2 2 2 2 2 2 2 2 2 2 2 0 2 2 2 2 0 0 2 2 2 0 2 2 2 2 2 0 2 2 0 0 2 2 2 0 2 2 2 2 0 2 2 1 2 2 0 2 0 2 2 2 2 0 0 2 2 2 2 0 2 2 2 2 2 2 0 2 0 0 0 2 2 1 0 0 2 2 0 2 0 0 2 0 1 2 2 2 2 2 2 2 2 1 2 2 0 2 2 2 2 2 2 2 2 2 2 2 0 2 2 2 2 1 2 2 2 2 2 2 0 2 0 2 2 1 2 2 0 2 1 1 0 0 2 2 2 2 2 1 0 2 2 2 0 2 0 1 2 2 0 2 2 1 1 2 2 2 0 1 2 2 2 2 2 2 2 2
293 2 2 2 2 2 0 2 2 2 2 2 2 2 2 0 0 0 2 2 2 2 2 2 2 0 0 2 2 2 2 2 2 0 2 0 2 2 2 2 2 2 0 2 2 2 2 2 2 2 2 2 2 0 2 2 2 2 2 2 2 2 2 2 2 2 2 2 2 2 2 2 2 0 0 0 2 2 2 0 0 0 0 0 0 2 2 2 2 2 0 2 2 0 2 2 0 0 0 2 2 0 0 2 2 2 0 0 2 2 2 0 0 2 2 2 2 0 2 2 0 2 2 2 2 2 2 2 2 2 0 2 2 0 0 0 2 2 0 2 0 2 0 2 2 2 2 2 2 0 0 2 2 2 0 0 2 2 2 2 2 2 2 0 0 0 2 0 1 2 2 2 0 0 2 2 0 2 0 2 2 2 0 0 2 2 2 0 2 0 2 2 2 2 0 0 2 0 2 2 2 0 2 2 0 0 2 0 2 2 2 2 0 2 2 0 2 2 2 2 2 2 2 2 2 2 2 2 2 0 2 2 2 2 2 0 2 2 2 2 2 0 0 0 2 0
294 0 2 0 2 2 0 2 2 0 0 0 2 2 0 0 0 0 0 0 0 0 2 2 0 0 0 0 2 0 0 0 2 0 2 0 1 0 2 0 0 0 0 2 2 0 0 2 0 0 0 2 2 0 2 2 2 2 2 0 0 2 0 2 2 2 2 2 2 2 2 2 0 0 0 0 0 0 2 0 0 0 0 0 0 0 0 0 0 2 0 0 0 0 2 2 0 0 0 2 0 0 0 2 0 2 0 0 2 2 2 0 0 2 0 0 0 0 2 0 0 2 0 0 2 0 2 0 2 0 0 2 2 0 0 0 0 2 0 2 0 0 0 0 2 2 2 2 2 0 0 2 2 2 0 0 2 0 2 2 0 2 2 0 0 0 0 0 1 2 0 2 0 0 2 0 0 2 0 0 0 0 0 0 0 2 2 0 0 0 0 1 0 0 0 0 0 0 2 0 2 0 0 2 0 0 2 0 2 2 0 2 0 0 2 0 2 2 2 0 2 2 2 2 2 2 0 0 2 0 0 2 2 0 0 0 2 0 0 0 0 0 0 0 0 0
295 2 2 0 2 2 0 2 2 0 2 0 2 2 2 0 0 0 2 2 2 2 2 2 2 0 0 0 2 2 2 0 2 0 2 0 1 0 2 0 0 0 0 2 2 2 0 2 2 0 0 2 2 0 2 2 2 2 2 0 0 2 2 2 2 2 2 2 2 2 2 2 2 0 0 0 2 0 2 0 0 0 0 0 0 0 0 0 0 2 0 0 0 0 2 2 0 0 0 2 0 0 0 2 0 2 0 0 2 2 2 0 0 2 2 2 0 0 2 2 0 2 0 0 2 2 2 0 2 0 0 2 2 0 0 0 0 2 0 2 0 0 0 0 2 2 2 2 2 0 0 2 2 2 0 0 2 2 2 2 0 2 2 0 0 0 0 0 2 2 0 2 0 0 2 0 0 2 0 0 2 0 0 0 0 2 2 0 2 0 2 2 0 0 0 0 0 0 2 0 2 0 0 2 0 0 2 0 2 2 0 2 0 0 2 0 2 2 2 2 2 2 2 2 2 2 2 0 2 0 0 2 2 2 0 0 2 0 2 2 0 0 0 0 0 0
296 0 2 0 0 0 0 0 0 0 0 0 2 0 0 0 0 0 0 0 0 0 2 0 0 0 0 0 2 0 0 0 2 0 0 0 0 0 2 0 0 0 0 0 0 0 0 0 0 0 0 2 0 0 2 0 0 0 2 0 0 2 0 0 2 0 0 2 2 2 0 0 2 0 0 0 0 0 2 0 0 0 0 0 0 0 0 0 0 0 0 0 0 0 0 0 0 0 0 0 0 0 0 2 0 0 0 0 0 0 2 0 0 0 0 0 0 0 0 0 0 0 0 0 0 0 0 0 2 0 0 0 0 0 0 0 0 0 0 2 0 0 0 0 0 2 0 0 0 0 0 0 0 0 0 0 0 0 0 0 0 0 0 0 0 0 0 0 1 2 0 0 0 0 0 0 0 2 0 0 0 0 0 0 0 0 0 0 0 0 0 0 0 0 0 0 0 0 0 0 0 0 0 0 0 0 0 0 0 0 0 0 0 0 2 0 2 0 0 0 2 2 0 2 0 0 0 0 0 0 0 0 0 0 0 0 0 0 0 0 0 0 0 0 0 0
297 2 2 2 2 2 0 2 2 2 2 2 2 2 2 0 0 0 2 2 2 2 2 2 2 0 0 2 2 2 2 2 2 0 2 0 2 2 2 2 2 2 0 2 2 2 2 2 2 2 2 2 2 2 2 2 2 2 2 2 2 2 2 2 2 2 2 2 2 2 2 2 2 0 2 0 2 2 2 0 0 0 0 0 0 2 2 2 2 2 0 2 2 0 2 2 0 0 0 2 2 0 0 2 2 2 0 0 2 2 2 0 0 2 2 2 2 0 2 2 0 2 2 2 2 2 2 2 2 2 0 2 2 0 0 0 2 2 0 2 0 2 0 2 2 2 2 2 2 0 0 2 2 2 0 0 2 2 2 2 2 2 2 0 0 0 2 0 1 2 2 2 0 0 2 0 0 2 0 2 2 2 0 0 2 2 2 0 2 0 2 2 2 2 0 0 2 0 2 2 2 0 2 2 0 0 2 0 2 2 2 2 0 2 2 0 2 2 2 2 2 2 2 2 2 2 2 2 2 0 2 2 2 2 0 0 2 2 2 2 2 0 0 0 2 0
298 0 2 0 0 2 0 0 0 0 0 0 2 2 0 0 0 0 0 0 0 0 2 2 0 0 0 0 2 0 0 0 2 0 0 0 0 0 2 0 0 0 0 0 0 0 0 0 0 0 0 2 0 0 0 2 2 0 2 0 0 2 0 0 2 0 2 2 2 0 0 0 2 0 0 0 0 0 2 0 0 0 0 0 0 0 0 0 0 2 0 0 0 0 0 0 0 0 0 0 0 0 0 2 0 0 0 0 2 0 2 0 0 0 0 0 0 0 2 0 0 0 0 0 0 0 0 0 2 0 0 0 0 0 0 0 0 0 0 2 0 0 0 0 0 2 0 0 2 0 0 0 0 0 0 0 2 0 0 0 0 0 0 0 0 0 0 0 1 0 0 0 0 0 0 0 0 2 0 0 0 0 0 0 0 0 0 0 0 0 0 0 0 0 0 0 0 0 0 0 0 0 0 0 0 0 0 0 0 0 0 0 0 0 2 0 2 0 1 0 2 2 0 2 0 0 0 0 0 0 0 0 0 0 0 0 0 0 0 0 0 0 0 0 0 0
299 2 2 2 2 2 0 2 2 2 2 2 2 2 2 0 0 0 2 2 2 2 2 2 2 0 0 2 2 2 2 2 2 0 2 0 2 2 2 2 2 2 0 2 2 2 2 2 2 2 2 2 2 0 2 2 2 2 2 2 2 2 2 2 2 2 2 2 2 2 2 2 2 0 0 0 2 2 2 0 0 0 0 0 0 0 2 2 2 2 0 2 2 0 2 2 0 0 0 2 2 0 0 2 2 2 0 0 2 2 2 0 0 2 2 2 2 0 2 2 0 2 2 2 2 2 2 2 2 2 0 2 2 0 0 0 2 2 1 2 0 2 0 2 2 2 2 2 2 0 0 2 2 2 1 1 2 2 2 2 2 2 2 0 0 0 2 0 1 2 2 2 0 0 2 0 0 2 1 2 2 2 0 0 2 2 2 0 2 0 2 2 2 2 0 0 2 0 2 2 2 0 2 2 0 0 2 0 2 2 2 2 0 2 2 0 2 2 2 2 2 2 2 2 2 2 2 2 0 0 2 2 2 2 0 0 2 2 2 2 2 0 0 0 2 0
300 2 2 2 2 2 0 2 2 2 2 2 2 2 2 0 0 0 2 2 2 2 2 2 2 0 0 2 2 2 2 2 2 0 2 0 2 2 2 2 2 2 0 2 2 2 2 2 2 2 2 2 2 0 2 2 2 2 2 2 2 2 2 2 2 2 2 2 2 2 2 2 2 0 0 0 2 2 2 0 0 0 0 0 0 0 2 2 2 2 0 2 2 0 2 2 0 0 0 2 2 0 0 2 2 2 0 0 2 2 2 0 0 2 2 2 2 0 2 2 0 2 2 2 2 2 2 2 2 2 0 2 2 0 0 0 2 2 0 2 0 2 0 2 2 2 2 2 2 0 0 2 2 2 0 0 2 2 2 2 2 2 2 0 0 0 2 0 1 2 2 2 0 0 2 0 0 2 0 2 2 2 0 0 2 2 2 0 2 0 2 2 2 2 0 0 2 0 2 2 2 0 2 2 0 0 2 0 2 2 2 2 0 2 2 0 2 2 2 2 2 2 2 2 2 2 2 2 2 0 2 2 2 2 2 0 2 2 2 2 2 0 0 0 2 0
301 2 0 0 0 0 0 0 0 2 2 0 0 0 2 0 0 0 0 2 0 0 0 0 2 0 0 0 0 0 2 0 0 0 0 0 0 0 0 0 0 0 0 0 0 2 0 0 2 0 0 0 0 0 0 0 0 0 0 0 0 0 2 0 0 0 0 0 0 0 0 0 2 0 0 0 2 0 0 0 0 0 0 0 0 0 0 0 0 0 0 0 0 0 0 0 0 0 0 0 0 0 0 0 0 0 0 0 0 0 0 0 0 0 2 0 0 0 0 0 0 0 0 2 0 0 0 0 0 0 0 0 0 0 0 0 0 0 0 0 0 2 0 0 0 0 0 0 0 0 0 0 0 0 0 0 0 0 0 0 2 0 0 0 0 0 0 0 0 0 2 0 0 0 0 0 0 0 0 2 2 0 0 0 0 0 0 0 0 0 2 1 0 0 0 0 0 0 0 0 0 0 0 0 0 0 0 0 0 0 0 0 0 0 0 0 0 0 0 0 0 0 0 0 0 0 0 0 0 0 0 0 0 2 0 0 0 0 2 0 0 0 0 0 0 0
302 2 2 0 2 2 0 2 2 2 2 0 2 2 2 0 0 0 2 2 0 2 2 2 2 0 0 2 2 2 2 2 2 0 2 0 2 2 2 0 2 0 0 2 2 2 0 2 2 0 2 2 2 0 2 2 2 2 2 0 2 2 2 2 2 2 2 2 2 2 2 2 2 0 0 0 2 0 2 0 0 0 0 0 0 0 2 0 2 2 0 2 0 0 2 2 0 0 0 2 0 0 0 2 2 2 0 0 2 2 2 0 0 2 2 0 0 0 2 2 0 2 0 2 2 2 2 0 2 2 0 2 2 0 0 0 2 2 0 2 0 2 0 2 2 2 2 2 2 0 0 2 2 2 0 0 2 2 2 2 2 2 2 0 0 0 2 0 1 2 2 2 0 0 2 0 0 2 0 2 2 2 0 0 2 2 2 0 2 0 2 2 2 2 0 0 2 0 2 2 2 0 2 2 0 0 2 0 2 2 0 2 0 0 2 0 2 2 2 2 2 2 2 2 2 2 2 2 0 0 2 2 2 2 0 0 2 0 2 2 2 0 0 0 2 0
303 2 2 2 2 2 0 2 2 2 2 2 0 2 2 0 0 0 2 2 2 0 0 2 2 0 0 0 0 2 2 0 0 0 2 0 1 2 2 2 0 0 0 2 2 2 2 2 2 2 0 2 2 0 2 2 2 2 2 2 0 0 2 2 2 0 2 2 2 2 2 2 2 0 0 0 2 2 0 0 0 0 0 0 0 0 0 2 0 2 0 0 2 0 2 2 0 0 0 2 2 0 0 2 0 2 0 0 2 2 2 0 0 2 2 2 0 0 0 2 0 2 2 2 2 2 2 0 2 0 0 2 2 0 0 0 0 2 0 2 0 2 0 0 2 2 2 2 2 0 0 2 2 2 0 0 2 2 2 2 2 2 2 0 0 0 0 0 0 2 2 2 0 0 2 2 0 2 0 2 2 0 0 0 0 2 2 0 2 0 2 2 0 0 0 0 0 0 2 0 2 0 0 2 0 0 2 0 2 2 0 2 0 2 2 0 2 2 2 2 0 2 2 2 2 2 2 0 2 0 0 2 2 2 0 0 2 0 2 2 0 0 0 0 0 0
304 2 0 2 0 2 2 2 2 2 2 2 2 2 2 2 2 2 2 2 2 2 2 2 2 2 2 2 2 2 2 2 2 2 2 2 2 2 0 2 2 2 2 2 2 2 2 2 2 2 2 0 2 2 0 2 2 2 0 2 2 2 2 2 2 2 2 0 2 2 2 2 2 2 2 2 2 2 2 2 2 2 2 2 2 2 2 2 2 2 2 2 2 2 2 2 2 2 2 2 2 2 2 0 2 2 2 2 2 2 0 2 2 2 2 2 2 2 2 0 2 2 2 2 2 0 2 2 2 2 2 2 2 2 2 2 2 2 2 2 2 2 2 2 2 2 2 2 2 2 2 2 2 2 2 2 2 0 2 2 2 2 2 2 2 2 2 2 2 0 2 2 2 2 2 2 2 2 2 2 2 2 2 2 2 2 2 2 0 2 2 2 2 2 2 2 2 2 2 2 2 2 2 2 2 2 2 2 2 2 2 2 2 2 2 2 2 2 2 0 2 0 2 2 2 2 0 2 2 2 2 2 2 2 2 2 2 2 2 0 2 2 2 2 2 2
305 2 0 2 0 2 2 2 2 0 2 2 2 2 2 2 2 2 0 2 0 2 2 2 2 2 2 2 2 0 2 2 2 2 2 2 2 2 0 2 2 2 2 2 2 2 2 2 2 2 2 0 2 2 0 2 2 2 0 2 2 2 2 2 2 2 2 0 2 2 2 2 2 2 2 2 2 2 2 2 2 2 2 2 2 2 2 2 2 2 2 2 2 2 2 2 2 2 2 2 2 2 2 0 2 2 2 2 2 2 0 2 2 2 2 0 2 2 2 0 2 2 2 2 2 0 2 2 2 2 2 2 2 2 2 2 2 2 2 2 2 2 2 2 2 2 2 2 2 2 2 2 2 2 2 2 2 0 2 2 2 2 2 2 2 2 2 2 2 0 2 2 2 2 2 2 2 2 2 2 2 2 2 2 2 0 2 2 0 2 2 2 2 2 2 2 2 2 2 2 2 2 2 2 2 2 2 2 2 2 2 2 2 2 2 2 2 2 2 0 2 0 2 2 2 2 0 2 2 2 2 2 2 2 2 2 2 2 2 0 2 2 2 2 2 2
306 2 2 2 2 2 2 2 2 2 2 2 2 2 2 2 2 2 2 2 2 2 2 2 2 2 2 2 2 2 2 2 2 2 0 2 2 2 2 2 2 2 2 2 0 2 2 2 2 2 2 2 2 2 2 2 2 2 2 2 2 2 2 2 0 2 2 2 0 0 2 2 2 2 2 2 2 2 2 2 2 2 2 2 2 2 2 2 2 0 2 2 2 2 2 2 2 2 2 2 2 2 2 2 2 2 2 2 2 2 2 2 2 2 2 2 2 2 2 2 2 2 2 2 0 2 2 2 2 2 2 2 2 2 2 2 2 2 2 0 2 2 2 2 2 0 2 2 2 2 2 2 2 2 2 2 0 2 2 2 2 2 2 2 2 2 2 2 2 2 2 2 2 2 2 2 2 0 2 2 2 2 2 2 2 0 2 2 2 2 2 2 2 2 2 2 2 2 2 2 2 2 2 2 2 2 2 2 2 2 2 2 2 2 0 2 0 2 2 2 2 2 2 0 2 2 2 2 2 2 2 2 2 2 2 2 2 2 2 2 2 2 2 2 2 2
307 2 0 2 0 2 2 2 2 2 2 2 2 2 2 2 2 2 2 2 2 2 2 2 2 2 2 2 2 2 2 2 2 2 2 2 2 2 0 2 2 2 2 2 2 2 2 2 2 2 2 0 2 2 0 2 2 2 0 2 2 2 2 2 2 2 2 0 2 2 2 2 2 2 2 2 2 2 2 2 2 2 2 2 2 2 2 2 2 2 2 2 2 2 2 2 2 2 2 2 2 2 2 0 2 2 2 2 2 2 0 2 2 2 2 2 2 2 2 0 2 2 2 2 2 0 2 2 2 2 2 2 2 2 2 2 2 2 2 2 2 2 2 2 2 2 2 2 2 2 2 2 2 2 2 2 2 0 2 2 2 2 2 2 2 2 2 2 2 0 2 2 2 2 2 2 2 2 2 2 2 2 2 2 2 2 2 2 0 2 2 2 2 2 2 2 2 2 2 2 2 2 2 2 2 2 2 2 2 2 2 2 2 2 2 2 2 2 2 0 2 0 2 2 2 2 0 2 2 2 2 2 2 2 2 2 2 2 2 0 2 2 2 2 2 2
308 2 2 0 2 0 0 0 0 0 2 0 0 0 2 0 0 0 2 2 2 0 0 0 2 0 0 0 0 2 2 0 0 0 0 0 0 2 2 0 0 0 0 0 0 2 0 0 2 0 0 2 0 0 2 0 0 0 2 0 0 0 2 0 0 0 0 2 0 0 0 0 2 0 0 0 2 0 0 0 0 0 0 0 0 0 0 0 0 0 0 0 0 0 0 0 0 0 0 0 0 0 0 2 0 0 0 0 0 0 2 0 0 0 2 2 0 0 0 2 0 0 0 2 0 2 0 0 0 0 0 0 0 0 0 0 0 0 0 0 0 2 0 0 0 0 0 0 0 0 0 0 0 0 0 0 0 2 0 0 2 0 0 0 0 0 0 0 0 2 2 0 0 0 0 2 0 0 0 2 2 0 0 0 0 2 0 0 2 0 2 1 0 0 0 0 0 0 0 0 0 0 0 0 0 0 0 0 0 0 0 0 0 0 0 0 0 0 0 2 0 2 0 0 0 0 2 0 2 0 0 0 0 2 0 0 0 0 2 2 0 0 0 0 0 0
309 2 2 2 2 2 2 2 2 2 2 2 2 2 2 2 2 2 2 2 2 2 2 2 2 2 2 0 2 2 2 2 2 2 2 2 1 2 2 2 2 2 2 2 2 2 2 2 2 2 2 2 2 2 2 2 2 2 2 2 2 2 2 2 2 2 2 2 2 2 2 2 2 2 2 2 2 2 2 2 2 2 2 2 2 2 0 2 0 2 2 2 2 2 2 2 2 2 2 2 2 2 2 2 2 2 2 2 2 2 2 2 2 2 2 2 2 2 2 2 2 2 2 2 2 2 2 2 2 2 2 2 2 2 2 2 0 2 2 2 2 2 2 0 2 2 2 2 2 2 2 2 2 2 2 2 2 2 2 2 2 2 2 2 2 2 0 2 2 2 2 2 2 2 2 2 2 2 2 2 2 0 2 2 0 2 2 2 2 2 2 2 0 0 2 2 0 2 2 0 2 2 2 2 2 2 2 2 2 2 2 2 2 2 2 2 2 2 2 2 2 2 2 2 2 2 2 0 2 2 0 2 2 2 2 2 2 2 2 2 0 2 2 2 2 2
310 2 2 2 2 2 0 2 2 2 2 2 2 2 2 0 0 0 2 2 2 2 2 2 2 0 0 2 2 2 2 2 2 2 2 0 2 2 2 2 2 2 2 2 1 2 2 2 2 2 2 2 2 0 2 2 2 2 2 2 2 2 2 2 2 2 2 2 2 2 2 2 2 2 0 0 2 2 2 0 0 0 0 2 2 0 2 2 2 2 0 2 2 2 2 2 2 2 0 2 2 0 2 2 2 2 0 0 2 2 2 2 2 2 2 2 2 0 2 2 2 2 2 2 2 2 2 2 2 2 0 2 2 0 2 0 2 2 0 2 2 2 0 2 2 2 2 2 2 1 0 2 2 2 0 2 2 2 2 2 2 2 2 2 0 0 2 0 2 2 2 2 2 2 2 0 0 2 0 2 2 2 0 0 2 2 2 0 2 0 2 2 2 2 0 0 2 0 2 2 2 0 2 2 0 0 2 2 2 2 2 2 0 2 2 0 2 2 2 2 2 2 2 2 2 2 2 2 0 2 2 2 2 2 0 0 2 0 2 2 2 0 0 0 2 0
311 2 2 2 2 2 0 2 2 2 2 2 2 2 2 0 0 0 2 2 0 0 2 2 2 0 0 2 2 2 2 2 2 2 2 0 2 2 2 2 0 2 2 2 2 2 2 2 2 2 0 2 2 0 2 2 2 2 2 2 0 2 2 2 2 2 2 2 2 2 2 2 2 2 0 0 2 2 2 0 0 0 0 2 2 0 2 2 2 2 0 2 2 2 2 2 2 2 0 2 2 0 2 2 2 2 0 0 2 2 2 2 2 2 2 0 2 0 2 2 2 2 2 0 2 2 2 2 2 2 0 2 2 0 2 0 2 0 0 2 2 2 0 2 2 2 2 2 2 1 0 2 2 2 0 2 2 2 2 2 2 2 2 2 0 0 2 0 2 2 2 2 2 2 2 0 0 2 0 2 2 2 0 0 2 0 2 0 2 0 2 2 2 2 0 0 2 0 2 0 2 0 2 0 0 0 2 2 2 2 0 2 0 2 2 0 2 0 2 2 2 2 2 2 2 2 2 2 0 2 2 2 2 2 0 0 2 0 2 2 0 0 0 0 2 0
312 2 0 2 2 0 2 2 0 2 2 2 2 0 2 2 2 2 2 2 2 2 2 0 2 2 2 2 2 2 2 2 2 0 2 2 1 0 0 2 2 2 0 0 2 2 2 0 2 2 2 0 0 2 2 0 0 2 0 2 2 2 2 2 2 0 0 0 2 0 2 0 2 0 2 2 2 2 2 2 2 2 2 0 0 2 2 2 2 2 2 2 2 0 2 0 0 0 2 0 2 2 2 0 2 0 2 2 0 0 0 0 0 2 2 2 2 2 0 0 0 2 2 2 2 0 2 2 2 2 2 0 2 2 0 2 2 2 2 2 2 2 2 2 0 2 0 0 2 1 2 0 0 0 2 0 0 0 0 0 2 0 0 0 2 2 2 2 0 2 2 0 0 2 0 2 2 2 2 2 2 2 2 2 2 2 0 2 0 2 2 2 2 2 2 2 2 2 2 2 0 2 2 1 2 2 2 0 0 0 2 2 2 2 2 2 2 2 1 0 0 0 2 2 2 0 0 2 2 0 2 0 2 2 2 2 2 2 2 0 2 2 2 2 2 2
313 2 2 2 2 2 0 2 2 2 2 2 2 2 2 0 0 0 2 2 2 2 2 2 2 0 0 0 2 2 2 1 2 2 0 0 2 2 2 2 2 2 2 2 2 2 2 2 2 2 2 2 2 0 2 2 2 2 2 2 2 2 2 2 2 2 2 2 2 2 2 2 2 2 0 0 2 2 2 0 1 0 0 2 2 0 0 2 0 2 0 0 2 2 1 2 2 2 0 2 2 0 0 2 1 2 0 0 2 2 2 2 2 1 2 2 0 0 2 2 2 2 2 2 2 2 2 2 0 0 0 2 2 0 2 0 0 2 0 2 0 2 0 0 2 2 2 2 1 1 0 2 2 2 0 2 2 2 2 2 2 2 2 2 0 0 0 0 2 2 2 2 2 0 2 2 0 2 0 2 2 0 0 1 0 2 2 0 2 0 2 2 0 0 0 0 0 0 2 0 2 0 0 2 0 0 2 2 2 2 2 2 0 2 2 0 2 2 2 2 2 2 2 2 2 2 2 0 2 2 0 2 0 2 0 0 2 0 2 2 1 0 0 0 0 0
314 2 0 2 2 2 2 2 2 2 2 2 2 2 2 2 2 2 2 2 2 2 2 2 2 2 2 2 2 2 2 2 2 0 2 2 2 0 0 2 2 2 0 2 2 2 2 2 2 2 2 2 2 2 2 2 2 2 0 2 2 2 2 2 2 2 2 0 2 2 2 2 2 0 2 2 2 2 2 2 2 2 2 0 0 2 2 2 2 2 2 2 2 0 2 2 0 0 2 2 2 2 2 1 2 2 2 2 2 2 0 0 0 2 2 2 2 2 2 0 0 2 2 2 2 0 2 2 2 2 2 2 2 2 0 2 2 2 2 2 2 2 2 2 2 2 2 2 2 1 2 2 2 2 2 0 2 0 2 2 2 2 2 0 2 2 2 2 1 2 2 2 0 2 2 2 2 2 2 2 2 2 2 2 2 2 2 2 0 2 2 2 2 2 2 2 2 2 2 2 2 2 2 2 2 2 2 0 2 2 2 2 2 2 2 2 2 2 2 0 2 2 2 2 2 2 2 2 2 0 2 2 2 2 2 2 2 2 2 0 2 2 2 2 2 2
315 2 2 2 2 2 2 2 2 2 0 2 2 2 0 2 2 2 2 2 2 2 2 2 0 2 2 2 2 2 2 2 2 2 2 2 2 2 2 2 2 2 2 2 2 2 2 2 2 2 2 2 2 2 2 2 2 2 2 2 2 2 0 2 2 2 2 2 2 2 2 2 2 2 2 2 2 2 2 2 2 2 2 2 2 2 2 2 2 2 2 2 2 2 2 2 2 2 2 2 2 2 2 2 2 2 2 2 2 2 2 2 2 2 0 2 2 2 2 0 2 2 2 0 2 2 2 2 2 2 2 2 2 2 2 2 2 2 2 2 2 0 2 2 2 2 2 2 2 2 2 2 2 2 2 2 2 2 2 2 0 2 2 2 2 2 2 2 2 2 0 2 2 2 2 2 2 2 2 0 0 2 2 2 2 2 2 2 2 2 0 1 2 2 2 2 2 2 2 2 2 2 2 2 2 2 2 2 2 2 2 2 2 2 2 2 2 2 2 2 2 2 2 2 2 2 2 2 2 2 2 2 2 0 2 2 2 2 0 0 2 2 2 2 2 2
316 2 2 2 2 2 0 2 2 2 2 2 2 2 2 0 0 0 2 2 2 2 2 2 2 0 0 2 2 2 2 2 2 2 2 0 2 2 2 2 2 0 2 2 2 2 2 2 2 2 2 0 2 0 2 2 2 2 2 2 2 0 2 2 2 2 2 2 2 0 2 2 2 2 0 0 2 2 2 0 0 0 0 2 2 0 2 2 2 2 0 2 2 2 2 2 2 2 0 2 2 0 2 2 2 2 0 0 2 2 2 2 2 2 2 2 2 0 2 2 2 2 2 2 2 2 2 0 2 2 0 2 2 0 2 0 2 2 0 2 2 2 0 2 2 2 2 2 2 1 0 2 2 2 0 2 2 2 2 2 2 2 2 2 0 0 2 0 2 2 2 2 2 2 2 0 0 2 0 2 2 2 0 0 2 2 2 0 2 0 2 2 2 2 0 0 2 0 0 2 2 0 2 2 0 0 2 2 2 2 2 0 2 2 2 0 2 2 1 2 2 2 2 2 2 2 2 2 0 2 2 2 0 2 0 2 2 0 2 2 2 0 0 0 2 0
317 2 2 2 2 2 2 2 0 2 2 2 2 2 2 2 2 2 2 2 2 2 2 2 2 2 2 2 2 2 2 2 2 2 2 2 1 2 2 2 2 2 2 0 0 2 2 0 2 2 2 0 0 2 2 2 2 0 2 2 2 2 2 0 2 0 2 2 2 2 2 0 2 2 2 2 2 2 2 2 2 2 2 2 2 2 2 2 2 0 2 2 2 2 2 2 2 2 2 0 2 2 2 2 2 0 2 2 0 0 2 2 2 2 2 2 2 2 2 2 2 2 2 2 0 2 2 2 2 0 2 0 0 2 2 2 2 0 2 2 2 2 2 2 0 2 2 0 2 2 2 0 0 0 2 2 2 2 0 0 2 0 2 2 2 2 2 2 2 2 2 2 2 2 0 2 2 2 2 2 2 2 2 2 2 2 0 2 2 2 2 1 2 2 2 2 2 2 2 2 0 2 2 0 2 2 0 2 2 0 2 2 2 2 2 2 2 0 2 2 2 2 2 2 2 2 2 2 2 2 2 2 2 2 2 2 2 2 2 2 2 2 2 2 2 2
318 0 0 0 2 2 0 0 2 0 2 0 0 2 2 0 0 0 0 0 2 2 0 2 2 0 0 0 0 0 0 0 0 0 0 0 0 0 0 0 0 0 0 0 0 0 0 0 0 0 0 2 0 0 0 2 2 0 0 0 0 2 2 0 2 0 2 0 2 2 0 0 0 0 0 0 0 0 0 0 0 0 0 0 0 0 0 0 0 0 0 0 0 0 0 0 0 0 0 2 0 0 0 0 0 0 0 0 0 0 0 0 0 0 0 2 0 0 0 0 0 2 0 2 0 0 0 0 0 0 0 0 0 0 0 0 0 0 0 2 0 2 0 0 0 2 0 0 0 0 0 0 2 0 0 0 0 0 0 0 0 0 0 0 0 0 0 0 0 0 0 0 0 0 2 0 0 2 0 0 2 0 0 0 0 0 0 0 0 0 0 0 0 0 0 0 0 0 0 0 0 0 0 0 0 0 2 0 0 0 0 0 0 0 2 0 2 0 1 0 0 0 2 2 0 0 0 0 0 0 0 0 0 2 0 0 2 0 2 0 0 0 0 0 0 0
319 2 2 2 0 2 2 2 2 0 2 2 0 2 2 2 2 2 2 2 0 2 0 2 2 2 2 2 0 2 2 2 0 2 2 2 2 2 2 2 2 2 2 2 2 2 2 2 2 2 2 0 2 2 2 2 2 2 2 2 2 0 2 2 0 2 2 2 0 2 2 2 2 2 2 2 2 2 0 2 2 2 2 2 2 2 2 2 2 2 2 2 2 2 2 2 2 2 2 2 2 2 2 2 2 2 2 2 2 2 2 2 2 2 0 0 2 2 2 2 2 0 0 2 2 2 2 2 2 2 2 2 2 2 2 2 2 2 2 0 2 2 2 2 2 0 2 2 2 2 2 2 2 2 2 2 2 2 2 2 0 2 2 2 2 2 2 2 2 2 0 2 2 2 2 2 2 0 2 0 2 2 2 2 2 2 2 2 2 2 0 1 2 2 2 2 2 2 2 2 2 2 2 2 2 2 2 2 2 2 2 2 2 2 0 2 0 2 1 2 2 2 0 0 2 2 2 2 2 2 2 2 2 2 2 2 2 2 2 2 2 2 2 2 2 2
320 2 2 2 0 2 2 2 2 2 2 2 2 2 2 2 2 2 2 2 0 2 2 2 2 2 2 2 2 2 2 2 2 2 2 2 1 2 2 2 0 2 2 0 2 2 2 0 2 2 0 0 0 2 2 2 2 2 2 2 1 0 2 2 0 0 2 2 0 2 2 0 2 2 2 2 2 2 2 2 2 2 2 2 2 2 2 2 2 0 2 2 2 2 2 2 2 2 2 2 2 2 2 2 2 0 2 2 1 0 2 2 2 2 2 0 2 2 2 2 2 0 2 2 2 2 2 2 2 2 2 0 2 2 2 2 2 2 2 0 2 2 2 2 2 0 2 0 2 2 2 0 0 0 2 2 2 2 0 0 2 2 2 2 2 2 2 2 2 2 2 0 2 2 2 2 2 0 2 2 2 2 2 2 2 2 2 2 2 2 2 2 2 2 2 2 2 2 2 2 0 2 2 2 2 2 2 2 2 0 2 2 2 2 0 2 0 2 2 2 2 2 0 0 2 0 2 2 2 2 2 2 2 2 2 2 2 2 2 2 2 2 2 2 2 2
321 0 0 0 0 0 2 0 2 0 0 0 0 0 2 0 2 2 0 0 0 0 0 0 2 2 2 2 0 0 0 0 0 0 0 2 0 0 0 0 0 0 0 0 0 2 0 0 2 0 0 2 0 2 0 0 0 0 0 0 0 0 2 2 0 0 0 0 0 2 0 0 2 0 2 2 0 0 0 0 2 2 2 0 0 2 2 0 0 0 2 2 0 0 2 0 0 0 2 2 0 2 2 0 0 0 2 2 0 0 0 0 0 2 2 0 2 2 0 0 0 0 0 2 0 2 0 0 2 0 2 2 2 2 0 2 2 2 2 0 2 0 2 2 0 0 2 0 0 1 2 0 0 0 2 0 0 0 0 0 2 0 2 0 2 2 2 2 0 0 2 0 2 2 2 2 0 0 2 2 0 2 2 2 2 2 0 0 0 2 2 1 2 0 2 2 2 0 0 2 2 2 2 2 2 2 0 2 0 0 0 2 0 0 0 0 0 2 1 0 0 2 0 0 0 0 0 2 2 0 2 0 2 0 2 0 2 2 0 0 2 2 2 2 2 2
322 2 0 2 2 2 2 2 2 2 2 2 2 2 2 2 0 2 2 2 2 2 2 2 2 2 2 2 2 2 2 2 2 0 2 2 1 0 0 2 2 0 0 2 2 0 2 2 0 2 2 0 0 2 2 2 2 2 0 2 2 0 2 2 2 2 2 0 2 2 0 2 2 0 2 2 2 2 2 0 0 2 2 0 0 2 2 2 0 2 2 2 2 0 2 2 0 0 2 2 2 2 2 0 2 2 2 2 0 0 0 0 0 2 2 2 2 2 2 2 0 2 2 2 2 2 2 0 2 2 2 2 0 2 0 0 2 2 2 2 2 2 2 2 0 2 2 0 2 1 2 2 2 2 2 0 2 0 2 0 2 2 2 0 2 2 2 2 0 2 2 0 2 2 2 2 0 2 2 2 2 2 2 2 2 2 2 0 2 2 2 1 2 0 2 2 2 0 2 2 2 0 2 2 2 0 2 2 2 2 2 2 0 2 2 0 2 2 2 0 0 2 2 2 0 0 0 2 2 0 2 2 2 2 2 0 2 0 2 2 2 2 2 2 2 2
323 2 2 2 2 2 2 2 2 2 2 2 0 2 2 2 0 2 2 2 2 2 0 2 2 2 1 2 0 2 2 2 0 2 2 2 2 2 2 2 2 0 2 2 2 2 2 2 2 2 2 0 2 2 2 2 2 2 2 2 2 0 2 2 0 2 2 2 0 2 2 2 2 2 2 2 2 2 0 2 2 2 2 2 0 2 2 2 0 2 2 2 2 2 2 2 2 2 2 2 2 2 2 2 2 2 2 2 2 2 2 2 2 2 2 2 2 2 2 2 2 2 2 2 2 2 2 0 2 2 1 2 2 2 2 2 2 2 2 0 2 2 2 2 2 0 2 2 2 2 2 2 2 2 2 2 2 2 2 2 2 2 2 2 2 2 2 2 1 2 2 2 2 2 2 2 2 0 2 2 2 2 2 2 2 2 2 2 2 2 1 2 2 0 2 2 2 2 2 2 2 2 2 2 2 2 2 2 2 2 2 2 2 2 0 2 0 2 2 2 0 2 2 0 2 2 2 2 2 2 2 2 2 2 2 2 2 2 2 2 2 2 2 2 2 2
324 2 2 2 2 2 2 2 2 2 2 2 0 2 2 2 0 2 2 2 2 2 0 2 2 2 2 2 0 2 2 2 0 2 2 2 2 2 2 2 2 0 2 2 2 2 2 2 2 2 2 0 2 2 2 2 2 2 2 2 2 0 2 2 0 2 2 2 0 2 2 2 2 2 2 2 2 2 0 2 2 2 2 2 0 2 2 2 0 2 2 2 2 2 2 2 2 2 2 2 2 2 2 2 2 2 2 2 2 2 2 2 2 2 2 2 2 2 2 2 2 2 2 2 2 2 2 0 2 2 2 2 2 2 2 2 2 2 2 0 2 2 2 2 2 0 2 2 2 2 2 2 2 2 2 2 2 2 2 2 2 2 2 2 2 2 2 2 1 1 2 2 2 2 2 2 2 0 2 2 2 2 2 2 2 2 2 2 2 2 2 2 2 0 2 2 2 2 2 2 2 2 2 2 2 2 2 2 2 2 2 2 2 2 1 2 0 2 2 2 0 2 2 0 2 2 2 2 2 2 2 2 2 2 2 2 2 2 2 2 2 2 2 2 2 2
325 2 2 2 2 2 2 2 2 2 2 0 2 2 2 2 2 2 2 2 2 2 2 2 2 2 2 2 2 2 2 2 2 2 2 2 2 2 2 2 2 2 2 2 2 2 2 2 2 2 2 2 2 2 0 2 2 2 2 2 2 2 2 2 2 2 2 2 2 2 2 2 2 2 2 2 2 2 2 2 2 2 2 2 2 2 2 2 2 2 2 2 2 2 2 2 2 2 2 2 2 2 2 2 2 2 2 2 2 2 2 2 2 2 0 2 2 2 0 2 2 2 2 0 2 2 2 2 2 2 2 2 2 2 2 2 2 2 2 2 2 2 2 2 2 2 2 2 2 2 2 2 2 2 2 2 2 2 2 2 0 2 2 2 2 2 2 2 2 0 0 2 2 2 2 2 2 2 2 0 2 2 2 2 2 2 2 2 2 2 0 1 2 2 2 2 2 2 2 2 2 2 2 0 2 2 2 2 2 2 2 2 2 2 2 2 2 0 2 2 2 2 2 2 2 2 2 2 2 2 2 2 2 2 2 2 2 2 2 2 2 2 2 2 2 2
326 2 0 2 2 2 2 2 2 2 2 2 2 2 2 2 2 2 2 2 2 2 2 2 2 2 2 2 2 2 2 2 2 0 2 2 2 0 0 2 2 2 0 2 2 2 2 2 2 2 2 2 2 2 2 2 2 2 1 2 2 2 2 2 2 2 2 0 2 2 0 2 2 0 2 2 2 2 2 0 2 2 2 0 0 2 2 2 2 2 2 2 2 0 2 2 0 0 2 2 2 2 2 0 2 2 2 2 2 2 0 0 0 2 2 2 2 2 2 2 0 2 2 2 2 2 2 2 2 2 2 2 2 2 0 2 2 2 2 2 2 2 2 2 2 2 2 2 2 1 2 2 2 2 2 0 2 0 2 2 2 2 2 0 2 2 2 2 1 2 2 2 2 2 2 2 0 2 2 2 2 2 2 2 2 2 2 0 2 2 2 2 2 2 2 2 2 0 2 2 2 2 2 2 2 2 2 2 2 2 2 2 0 2 2 0 2 2 2 0 2 2 2 2 0 2 0 2 2 0 2 2 2 2 2 0 2 2 2 2 2 2 2 2 2 2
327 2 2 2 2 2 2 2 2 2 2 0 2 2 2 2 0 2 2 2 0 2 2 2 2 2 2 2 2 2 2 2 2 2 2 2 2 2 2 2 2 2 2 2 2 0 2 2 0 2 2 2 2 2 0 2 2 2 2 2 2 2 2 2 2 2 2 2 2 2 2 2 2 2 2 2 2 2 2 2 0 2 2 2 2 2 2 2 2 2 2 2 2 2 2 0 2 2 2 2 2 2 0 2 2 2 2 2 2 2 2 2 2 2 0 0 2 2 2 2 2 2 2 0 2 2 2 2 2 0 2 2 2 2 2 0 2 2 2 2 2 2 2 2 2 2 2 2 2 2 2 2 2 2 2 2 2 2 2 2 0 0 2 2 2 2 2 2 2 0 0 2 2 2 2 2 2 2 2 0 2 2 2 2 2 2 2 2 0 2 0 1 2 2 2 2 2 2 2 2 2 0 2 0 2 0 2 2 2 2 0 2 2 2 2 2 2 0 2 2 2 2 2 2 2 2 2 2 2 2 2 2 2 2 2 2 2 0 2 2 2 2 2 2 2 2
328 2 2 2 2 2 2 0 0 2 2 2 2 2 2 2 2 2 2 2 2 2 2 2 2 2 2 2 2 2 2 2 2 2 0 2 2 2 2 2 2 0 2 2 0 2 2 2 2 2 2 2 2 2 2 2 2 2 2 2 2 2 2 2 2 2 2 2 2 2 2 2 2 2 2 2 2 2 2 2 2 2 2 2 2 2 2 2 0 0 2 2 2 2 2 2 2 2 2 0 2 2 2 2 2 2 2 2 2 2 2 2 2 2 2 2 2 2 2 0 2 2 2 2 0 2 0 0 2 2 2 2 2 2 2 2 2 2 2 2 2 2 2 2 2 2 2 2 2 2 2 2 2 2 2 2 0 2 2 2 2 2 2 2 2 2 2 2 2 2 2 2 2 2 0 2 2 2 2 2 2 2 2 2 2 2 0 2 2 2 2 2 2 0 2 2 2 2 2 2 2 2 2 2 2 2 0 2 0 2 2 0 2 2 2 2 2 2 2 2 2 2 2 2 2 2 2 2 2 2 2 0 2 2 2 2 0 2 2 0 2 2 2 2 2 2
329 2 2 2 2 2 0 2 2 2 2 2 2 2 2 0 2 0 2 2 2 2 2 2 2 2 0 2 2 2 2 2 2 2 2 0 2 2 2 2 2 2 2 2 2 2 2 2 2 2 2 2 2 0 2 2 2 2 2 2 2 2 2 0 2 2 2 2 2 2 2 2 2 2 0 0 2 2 2 2 2 0 0 2 2 0 2 2 2 2 0 0 2 2 2 2 2 2 0 2 2 0 2 2 2 2 0 0 2 2 2 2 2 2 2 2 2 0 2 2 2 2 2 2 2 0 2 2 2 2 0 2 2 0 2 2 2 2 2 2 2 2 0 2 2 2 2 2 2 1 0 2 2 2 0 2 2 2 2 2 2 2 2 2 0 0 2 0 2 2 2 2 2 2 2 0 2 2 0 2 2 2 0 0 2 2 2 2 2 0 2 2 2 2 2 0 2 2 2 2 2 2 2 2 0 2 2 2 2 2 2 2 2 2 2 2 2 2 1 2 2 2 2 2 2 2 2 2 0 2 2 2 0 2 0 2 2 2 2 2 2 0 0 2 0 0
330 2 2 0 2 2 2 2 2 0 0 2 2 2 0 2 0 2 0 2 2 2 2 2 0 2 2 2 2 0 2 2 2 2 2 2 2 2 2 0 0 2 2 2 2 0 0 2 0 0 0 0 2 2 0 2 2 2 2 0 0 2 0 2 2 2 2 2 2 2 2 2 0 2 2 2 2 0 2 2 2 2 2 2 2 2 2 0 2 2 2 2 0 2 2 2 2 2 2 2 1 2 2 2 2 2 2 2 2 2 2 2 2 2 2 2 2 2 2 2 2 2 0 0 2 2 2 2 2 2 2 2 2 2 2 2 2 2 2 2 2 0 2 2 2 2 2 2 2 2 2 2 2 2 2 2 2 2 2 2 2 2 2 2 2 2 2 2 2 0 2 2 2 2 2 2 2 2 2 2 0 2 2 2 2 2 2 2 2 2 2 2 2 2 2 2 2 2 2 2 2 2 2 2 2 2 2 2 2 2 0 2 2 0 2 2 2 2 2 2 2 0 2 2 2 2 2 2 2 2 2 2 2 0 2 2 2 2 0 2 2 2 2 2 2 2
331 2 2 2 2 2 2 2 2 2 2 2 2 2 0 2 2 2 0 2 2 2 2 2 0 2 2 2 2 0 2 2 2 2 0 2 2 2 2 2 2 2 2 2 2 0 2 2 2 0 2 2 2 2 2 2 2 2 2 2 0 2 0 2 2 2 2 2 2 2 2 2 2 2 2 2 2 2 2 2 2 2 2 2 2 2 2 2 0 2 2 2 2 2 2 2 2 2 2 2 2 2 2 2 2 2 2 2 2 2 2 0 2 2 2 2 2 2 2 2 2 2 0 2 2 2 2 2 2 2 2 2 2 2 2 2 2 2 2 2 2 2 2 2 2 2 2 2 2 2 2 2 2 2 2 2 2 2 2 2 2 2 2 2 2 2 2 2 2 2 2 2 2 2 2 2 2 2 2 2 2 2 2 2 2 2 2 2 2 2 2 2 2 0 2 2 2 2 2 2 2 2 2 2 2 2 2 2 2 2 2 2 2 2 2 2 2 2 2 2 2 2 2 2 2 2 2 2 2 2 2 2 2 2 2 2 2 2 2 2 2 2 2 2 2 2
332 0 2 0 0 2 0 2 0 0 2 0 2 2 0 0 0 0 0 0 2 2 0 2 0 2 0 2 0 0 0 2 0 2 2 0 2 0 2 0 2 0 2 2 2 0 0 2 2 0 2 2 2 2 2 2 2 0 2 0 0 0 0 2 2 0 2 2 2 2 2 2 2 2 2 0 0 0 2 2 2 0 0 2 2 0 2 0 0 0 0 0 0 2 0 0 2 2 0 0 0 0 0 2 2 2 0 0 2 2 2 0 2 0 0 2 2 0 2 0 2 0 0 2 2 2 2 0 2 2 0 2 0 0 2 2 2 2 0 2 2 2 0 2 2 2 2 2 2 1 0 2 2 2 0 2 0 2 2 2 2 2 2 2 0 0 2 0 1 2 2 0 2 2 2 0 2 2 0 2 2 0 0 0 2 2 2 2 2 0 0 1 0 0 2 2 2 2 2 2 0 2 0 2 2 2 2 0 2 2 0 0 2 0 2 2 2 2 0 0 0 2 0 2 2 0 2 0 0 2 2 2 0 2 0 2 2 2 2 0 2 0 2 2 0 0
333 2 2 2 2 0 2 2 2 2 0 2 2 0 2 2 2 2 2 2 2 0 2 0 2 2 2 2 2 2 2 0 2 2 0 2 2 2 2 2 0 2 2 2 0 2 2 2 0 2 0 0 2 2 0 0 0 2 2 2 2 2 2 2 0 2 0 2 0 2 2 2 2 2 2 2 2 2 2 2 0 2 2 2 0 2 2 2 2 2 2 2 2 2 2 2 2 2 2 2 2 2 2 2 0 2 2 2 2 2 2 2 2 2 2 0 2 2 2 2 2 2 2 2 0 2 2 2 2 0 2 2 2 2 2 0 2 2 2 0 2 0 2 2 2 0 2 2 0 2 2 2 2 2 2 2 2 2 0 2 2 2 0 2 2 2 2 2 2 0 2 2 2 2 2 2 2 0 2 2 0 2 2 2 2 0 2 2 2 2 2 2 2 2 0 0 2 2 2 2 2 0 2 2 2 0 2 2 2 2 2 2 2 2 0 2 0 2 2 2 2 0 2 0 2 2 2 2 2 0 2 2 2 0 2 2 2 0 0 2 2 2 0 2 2 2
334 0 2 0 0 0 0 0 0 0 0 0 2 0 0 0 0 0 0 0 2 0 0 0 0 0 0 2 0 0 0 0 0 2 0 0 1 0 2 0 0 0 2 0 0 0 0 0 0 0 0 0 0 0 0 0 0 0 2 0 0 0 0 2 0 0 0 2 0 2 2 0 2 2 0 0 0 0 2 2 0 0 0 2 0 0 2 0 0 0 0 0 0 2 0 0 2 2 0 0 0 0 0 2 0 0 0 0 0 0 2 0 2 0 0 0 2 0 0 0 2 0 0 2 0 2 0 0 2 0 0 0 0 0 2 0 2 0 0 0 2 0 0 2 0 0 0 0 0 1 0 2 0 0 0 2 0 2 0 0 2 0 0 2 0 0 2 0 1 0 2 0 0 2 0 0 2 0 0 2 0 0 0 0 2 0 2 2 0 0 0 1 0 0 0 0 2 2 2 0 0 0 0 0 2 0 0 0 0 0 0 0 2 0 0 2 0 0 0 0 0 0 0 0 2 0 2 0 0 0 0 0 0 0 0 2 0 0 0 0 0 0 0 0 0 0
335 0 2 2 0 2 2 2 2 0 2 0 2 2 2 2 2 2 2 0 2 2 0 2 2 2 2 2 0 2 0 2 0 2 2 2 2 2 2 0 2 0 2 2 2 2 2 2 2 2 2 2 2 2 2 2 2 0 2 2 0 0 2 2 2 0 2 2 2 2 2 2 2 2 2 2 0 2 2 2 2 2 2 2 2 2 2 2 0 2 2 2 0 2 2 0 2 2 2 2 2 2 2 2 2 2 2 2 2 2 2 0 2 2 0 2 2 2 2 0 2 0 2 2 2 2 2 0 2 2 2 2 2 2 2 2 2 2 2 2 2 2 2 2 2 2 2 2 2 2 2 2 2 2 2 2 2 2 2 2 2 2 2 2 2 2 2 2 1 2 2 0 2 2 2 2 2 2 2 2 2 2 2 2 2 2 2 2 2 2 0 1 2 0 2 2 2 2 2 2 1 2 2 2 2 2 2 2 2 2 2 2 2 2 2 2 2 2 1 2 0 2 0 2 2 0 2 2 2 2 2 2 2 2 2 2 2 2 2 0 2 2 2 2 2 2
336 2 2 2 2 2 2 0 2 2 2 2 2 2 2 2 2 2 2 2 2 2 2 2 2 0 2 2 2 2 2 2 2 2 2 2 1 2 2 2 2 2 2 2 2 2 2 2 2 2 2 2 2 0 2 2 2 2 2 2 2 2 2 2 2 2 2 2 2 2 2 2 2 2 0 2 2 2 2 2 2 2 2 2 2 2 2 2 2 2 2 2 2 2 2 2 2 2 2 2 2 2 2 2 2 2 2 2 2 2 2 2 2 2 2 2 2 2 2 2 2 2 2 2 2 2 0 2 2 2 2 2 2 2 2 2 2 0 2 2 2 2 2 2 2 2 0 2 2 2 2 2 0 2 2 2 2 2 2 2 2 0 2 2 2 2 2 2 2 2 2 2 0 2 0 2 2 2 2 2 2 2 2 2 2 2 2 2 0 2 2 2 2 2 2 2 2 2 2 0 2 2 2 0 2 2 0 2 0 2 2 2 2 2 2 2 2 0 2 2 2 2 2 2 2 2 2 2 2 2 0 0 2 2 2 2 0 2 2 2 0 2 2 0 2 2
337 2 2 0 2 2 2 2 2 2 2 2 2 2 0 2 0 2 0 2 2 2 2 2 0 2 2 2 2 0 2 2 2 2 2 2 2 2 2 0 2 2 2 2 2 0 0 2 2 0 2 2 2 2 2 2 2 2 2 0 2 2 0 2 2 2 2 2 2 2 2 2 2 2 2 2 2 0 2 2 2 2 2 2 2 2 2 0 2 2 2 2 0 2 2 2 2 2 2 2 0 2 2 2 2 2 2 2 2 2 2 2 2 2 2 2 2 2 2 2 2 2 0 2 2 2 2 2 2 2 2 2 0 2 2 2 2 2 2 2 2 2 2 2 2 2 2 2 2 2 2 2 2 2 2 2 2 2 2 2 2 2 2 2 2 2 2 2 2 2 2 2 2 2 2 2 2 2 2 2 2 2 2 2 2 2 2 2 2 2 2 2 2 2 2 2 2 2 2 2 2 2 2 2 2 2 2 2 2 2 0 2 2 0 2 2 2 2 1 0 2 2 2 2 2 2 2 2 2 2 2 2 2 2 2 2 2 2 2 2 2 2 2 2 2 2
338 2 2 2 2 2 2 0 2 2 2 2 2 2 2 2 2 2 2 2 2 2 2 2 2 0 2 2 2 2 2 2 2 2 2 2 2 2 2 2 2 2 2 2 2 2 2 2 2 2 2 2 2 0 2 2 2 2 2 2 2 2 2 2 2 2 2 2 2 2 2 2 2 2 0 2 2 2 2 2 2 2 2 2 2 2 2 2 2 2 2 2 2 2 2 2 2 2 2 2 2 2 2 2 2 2 2 2 2 2 2 2 2 2 2 2 2 2 2 2 2 2 2 2 2 2 0 2 2 2 2 2 2 2 2 2 2 0 2 2 2 2 2 2 2 2 0 2 2 2 2 2 0 2 2 2 2 2 2 2 2 0 2 2 2 2 2 2 2 2 2 2 0 2 2 2 2 2 2 2 2 2 2 2 2 2 2 2 0 2 2 2 2 2 2 2 2 2 2 0 2 2 2 0 2 2 2 2 0 2 2 2 2 2 1 2 2 0 2 2 2 2 2 2 2 2 2 2 2 2 0 0 2 2 2 2 0 2 2 2 0 2 2 0 2 2
339 2 2 0 2 2 2 2 2 2 2 2 0 2 0 2 2 2 2 2 2 2 2 2 0 2 2 2 2 2 2 2 2 2 2 2 2 2 2 2 0 0 2 2 2 0 0 2 2 2 2 0 2 2 2 2 2 0 2 0 2 2 0 2 2 0 2 2 2 2 2 2 2 2 2 2 2 0 0 2 2 2 2 2 0 2 2 0 2 2 2 2 2 2 2 0 2 0 2 2 0 2 2 2 2 2 2 2 2 2 2 2 2 2 2 2 2 2 2 0 2 2 2 2 2 0 2 0 2 2 2 2 2 2 2 2 2 2 2 2 2 2 2 2 2 2 2 2 2 1 2 2 2 2 2 0 2 2 2 2 2 2 2 0 2 2 2 2 1 2 2 2 2 2 2 2 2 2 2 2 2 2 2 2 2 2 2 2 2 2 2 1 2 2 2 2 2 2 2 2 2 2 2 2 2 2 2 2 2 2 2 2 2 0 2 2 2 2 2 2 2 2 2 2 2 2 2 2 2 2 2 2 2 2 2 2 2 2 2 0 2 2 2 2 2 2
340 2 2 0 2 2 2 2 2 2 2 2 2 2 0 2 2 2 0 2 0 2 2 2 0 2 2 2 2 0 2 2 2 2 2 2 2 2 2 2 0 2 2 2 2 0 0 2 2 0 2 2 2 2 2 2 2 2 2 0 2 2 0 2 2 2 2 2 2 2 2 2 2 2 2 2 2 0 2 2 2 2 2 2 2 2 2 0 2 2 2 2 2 2 2 2 2 2 2 2 0 2 2 2 2 2 2 2 2 2 2 2 2 2 2 2 2 2 2 2 2 2 0 0 2 2 2 2 2 2 2 2 2 2 2 2 2 2 2 2 2 2 2 2 2 2 2 2 2 2 2 2 2 2 2 2 2 2 2 2 2 2 2 2 2 2 2 2 2 2 2 2 2 2 2 2 2 2 2 2 2 2 2 2 2 2 2 2 2 2 2 2 2 2 2 2 2 2 2 2 2 2 2 2 2 2 2 2 2 2 2 2 2 0 2 2 2 2 2 2 2 2 2 2 2 2 2 2 2 2 2 2 2 2 2 2 2 2 2 2 2 2 2 2 2 2
341 2 2 2 2 2 1 2 2 2 1 2 2 2 2 2 1 0 2 2 2 2 2 2 2 2 0 1 2 2 2 2 2 2 2 1 2 1 2 2 2 2 2 2 2 2 2 2 2 2 0 2 2 2 2 2 2 2 2 2 2 2 2 2 2 2 2 2 1 2 2 2 1 2 2 0 2 2 2 2 1 0 1 2 2 1 0 2 2 2 1 1 2 2 2 2 2 2 0 2 2 0 0 2 2 2 0 1 2 2 2 2 2 2 2 2 2 1 2 2 2 2 2 2 2 2 2 2 0 2 0 2 2 1 2 2 1 2 0 2 0 1 1 1 2 2 2 2 2 1 1 2 2 2 1 2 2 2 2 2 2 2 2 2 0 0 0 0 2 2 2 2 2 0 2 1 2 2 1 2 1 1 1 0 1 0 2 2 2 1 2 2 1 2 1 1 0 2 2 2 2 2 0 2 0 2 2 2 2 2 0 2 2 2 2 2 2 2 2 2 2 1 2 1 2 2 2 1 0 2 2 2 1 1 0 2 2 2 1 2 2 1 0 2 1 0
342 2 2 2 2 2 2 2 2 2 0 2 2 2 2 2 2 2 2 2 2 2 2 2 2 2 2 2 2 2 2 2 2 2 2 2 2 2 2 2 2 2 2 2 2 2 2 2 2 2 0 2 2 2 2 2 2 2 2 2 2 2 2 2 2 2 2 2 0 2 2 2 0 2 2 2 2 2 2 2 2 2 2 2 2 2 2 2 2 2 2 2 2 2 2 2 2 2 2 2 2 2 2 2 2 2 2 2 2 2 2 2 2 2 2 2 2 2 2 2 2 2 2 2 2 2 2 2 0 2 2 2 2 2 2 0 2 2 2 2 0 0 2 2 2 2 2 2 2 2 2 2 2 2 2 2 2 2 2 2 2 2 2 2 2 2 0 2 2 2 2 2 2 0 2 2 2 2 2 2 0 2 2 2 2 2 0 2 2 2 2 2 2 2 0 2 2 2 2 2 2 0 2 2 0 0 2 2 2 2 0 2 2 2 2 2 2 2 2 2 2 0 2 0 2 2 2 2 2 2 2 2 2 0 2 2 2 0 0 2 2 2 2 2 2 2
343 2 2 2 2 2 0 2 2 2 2 2 2 2 2 2 2 0 2 2 2 2 2 2 2 2 0 2 2 2 2 2 2 2 2 0 2 0 2 2 2 2 2 2 2 2 2 2 2 2 2 2 2 2 2 2 2 2 2 2 2 2 2 2 2 2 2 2 2 2 2 2 2 2 2 0 2 2 2 2 2 2 0 2 2 0 2 2 2 2 0 0 2 2 2 2 2 2 0 2 2 0 0 2 2 2 0 0 2 2 2 2 2 2 2 2 2 0 2 2 2 2 2 2 2 2 2 2 2 2 0 2 2 0 2 2 2 2 0 2 2 2 2 2 2 2 2 2 2 1 0 2 2 2 2 2 2 2 2 2 2 2 2 2 0 0 2 2 2 2 2 2 2 2 2 0 2 2 2 2 2 0 0 0 2 2 2 2 2 0 2 2 0 2 2 2 2 2 2 2 2 2 0 2 2 2 2 2 2 2 2 2 2 2 2 2 2 2 2 2 2 2 2 2 2 2 2 0 0 2 2 2 0 2 0 2 2 2 2 2 2 0 2 2 0 0
344 2 2 2 2 2 0 2 2 2 2 2 2 2 2 2 2 0 2 2 2 2 2 2 2 2 0 2 2 2 2 2 2 2 2 0 2 0 2 2 2 2 2 2 2 2 2 2 2 2 2 2 2 2 2 2 2 2 2 2 2 2 2 2 2 2 2 2 2 2 2 2 2 2 2 0 2 2 2 2 2 2 0 2 2 0 2 2 2 2 0 0 2 2 2 2 2 2 0 2 2 0 0 2 2 2 0 0 2 2 2 2 2 2 2 2 2 0 2 2 2 2 2 2 2 2 2 2 2 2 0 2 2 0 2 2 2 2 0 2 2 2 2 2 2 2 2 2 2 1 0 2 2 2 2 2 2 2 2 2 2 2 2 2 0 0 2 2 2 2 2 2 2 2 2 0 2 2 2 2 2 0 0 0 2 2 2 2 2 0 2 2 0 2 2 2 2 2 2 2 2 2 0 2 2 2 2 2 2 2 2 2 2 2 2 2 2 2 2 2 2 2 2 2 2 2 2 0 2 2 2 2 0 2 0 2 2 2 2 2 2 0 2 2 0 0
345 2 0 2 2 2 2 2 2 2 2 2 2 2 2 2 2 2 2 2 2 2 2 2 2 2 2 2 2 2 2 2 2 0 2 2 2 2 0 2 2 2 0 2 2 2 2 2 2 2 2 2 2 2 2 2 2 2 0 2 2 2 2 0 2 2 2 0 2 2 2 2 2 0 2 2 2 2 2 0 2 2 2 0 2 2 2 2 2 2 2 2 2 0 2 2 0 2 2 2 2 2 2 0 2 2 2 2 2 2 0 2 0 2 2 2 2 2 2 2 0 2 2 2 2 2 2 2 2 2 2 2 0 2 0 2 2 2 2 2 2 2 2 2 2 2 2 2 2 2 2 2 2 2 2 2 2 0 2 2 2 2 2 2 2 2 2 2 2 2 2 0 2 2 2 2 0 2 2 2 2 2 2 2 2 2 2 0 2 2 2 2 2 2 2 2 2 0 0 2 2 2 2 2 2 2 2 2 2 2 2 2 2 2 2 0 2 2 2 2 2 2 2 2 2 0 0 2 2 2 2 2 2 2 2 2 2 2 2 2 2 2 2 2 2 2
346 2 2 0 2 2 2 0 2 0 2 0 2 2 0 2 2 2 0 2 2 2 2 2 0 2 2 2 2 0 2 0 2 2 0 2 1 2 2 0 0 2 2 2 2 0 0 0 2 0 2 2 0 2 2 2 2 2 2 0 2 2 0 2 2 2 2 2 2 2 2 0 2 2 2 2 2 0 2 2 2 2 2 2 0 2 2 0 2 2 2 2 0 2 2 2 2 2 2 2 0 2 2 2 0 0 2 2 2 2 2 2 2 2 2 2 2 2 2 2 2 2 0 0 2 2 0 2 0 2 2 2 2 2 2 2 2 2 2 2 2 2 2 2 0 2 2 0 2 2 2 2 0 0 2 2 2 2 2 0 0 0 2 2 2 2 2 2 2 2 0 2 2 2 0 2 2 2 2 0 2 2 2 2 2 2 2 2 2 2 2 2 2 2 2 2 2 2 2 2 2 2 2 2 2 2 2 2 2 0 0 2 2 0 2 2 2 2 2 2 2 2 2 2 2 2 2 2 2 2 0 2 2 2 2 2 2 2 2 2 2 2 2 2 2 2
347 2 2 2 2 2 0 0 2 2 2 2 2 2 2 2 2 0 2 2 0 0 2 2 2 2 0 2 2 2 2 2 2 2 0 0 2 0 2 2 2 2 2 2 2 2 2 0 2 2 2 2 0 2 2 2 2 2 2 2 2 0 2 2 2 2 2 2 2 2 2 2 2 2 2 0 2 2 2 2 0 2 0 2 0 0 2 2 2 2 0 0 2 2 2 0 2 0 0 2 2 0 2 2 2 0 0 0 2 2 2 2 2 2 2 2 2 0 2 0 2 2 2 2 2 0 0 2 0 2 0 2 0 2 2 2 2 2 2 2 2 2 0 2 2 2 2 0 2 1 0 2 0 0 2 0 2 0 2 2 2 2 2 0 0 0 2 2 1 2 2 0 2 2 2 2 2 2 2 2 2 0 0 0 2 0 2 2 0 0 2 1 0 2 2 2 2 2 2 2 2 2 0 2 2 2 2 2 2 0 2 2 2 2 2 2 2 2 2 2 2 2 2 2 2 0 2 0 2 2 2 2 0 2 0 2 0 2 2 0 2 0 0 2 0 0
348 0 0 0 2 2 0 0 0 2 0 2 0 2 2 0 0 0 2 0 2 2 0 2 2 2 0 2 0 2 0 0 0 0 0 0 1 0 0 2 0 2 0 0 2 0 0 2 2 2 0 0 2 2 0 2 2 2 0 0 0 0 0 0 2 2 2 0 2 2 0 0 2 0 2 0 0 0 0 2 2 2 2 0 0 0 2 0 2 2 0 0 2 0 0 0 0 0 0 0 0 0 2 0 0 2 0 2 2 0 0 2 0 0 0 0 2 0 0 0 0 2 2 0 2 0 0 2 0 2 0 0 0 2 0 0 2 2 0 2 2 0 0 2 0 2 0 2 2 0 0 0 2 2 2 0 0 0 0 0 2 0 2 0 0 0 2 2 2 0 2 2 2 2 0 2 2 2 2 2 0 0 0 0 2 2 0 2 0 0 0 0 0 2 2 2 2 2 0 2 1 2 0 2 2 0 0 0 2 2 2 0 0 0 2 0 2 2 1 0 2 2 2 2 0 2 0 0 2 2 0 2 0 0 0 0 0 0 0 0 2 0 0 2 0 0
349 2 0 2 2 2 2 2 2 2 2 2 2 2 2 2 2 2 2 2 2 2 2 2 2 2 2 2 2 2 2 2 2 0 2 2 2 2 0 2 2 2 0 2 2 2 2 2 2 2 2 2 2 2 2 2 2 2 0 2 2 2 2 0 2 2 2 0 2 2 2 2 2 0 2 2 2 2 2 2 2 2 2 0 2 2 2 2 2 2 2 2 2 0 2 2 0 2 2 2 2 2 2 0 2 2 2 2 2 2 0 2 0 2 2 2 2 2 2 2 0 2 2 2 2 2 2 2 2 2 2 2 2 2 0 2 2 2 2 2 2 2 2 2 2 2 0 2 2 2 2 2 2 2 2 2 2 2 2 2 2 2 2 2 2 2 2 2 2 2 2 2 2 2 2 2 2 2 2 2 2 2 2 2 2 2 2 2 2 2 2 2 2 2 2 2 2 2 0 2 2 2 2 2 2 2 2 2 2 2 2 2 2 2 2 0 2 2 2 2 2 2 2 2 2 2 0 2 2 2 2 2 2 2 2 2 2 2 2 2 2 2 2 2 2 2
350 2 2 2 2 2 2 2 2 2 2 2 2 2 2 2 2 2 2 2 2 2 2 2 2 2 2 2 2 2 2 2 2 2 0 2 2 0 2 2 2 2 2 2 2 2 2 2 2 2 2 2 2 2 2 2 2 2 2 2 2 2 2 2 2 2 2 2 0 2 2 2 2 2 2 2 2 2 2 2 2 0 2 2 2 2 2 2 2 2 2 2 2 2 2 2 2 2 2 2 2 2 0 2 2 2 2 0 2 0 2 2 2 2 2 2 2 2 2 2 2 0 2 2 2 2 2 2 2 2 2 0 2 2 2 2 2 2 2 2 2 2 2 2 2 2 2 2 2 2 2 2 2 2 0 2 2 2 2 2 2 2 2 2 2 2 2 2 2 2 2 2 2 2 2 0 2 2 0 2 2 2 2 2 2 2 2 2 2 2 2 2 2 2 2 0 2 2 2 2 2 2 2 2 2 2 2 2 2 2 0 2 2 2 2 2 2 2 1 2 2 2 0 0 2 2 2 2 2 2 2 2 2 2 2 2 2 2 2 2 2 2 2 2 2 2
351 0 2 2 0 2 2 2 2 0 2 0 2 2 2 0 2 2 0 0 0 0 0 2 2 2 2 2 0 0 0 0 0 2 2 2 2 2 2 0 2 2 2 2 2 2 2 2 2 0 2 0 2 2 2 2 2 0 2 2 2 2 2 2 2 0 2 2 2 2 2 2 0 2 2 2 0 2 2 2 2 2 2 2 2 2 2 2 2 2 2 2 0 2 2 2 2 2 2 2 2 2 2 2 0 0 2 2 2 2 2 2 2 2 0 2 2 2 2 2 2 2 0 2 2 2 2 2 0 2 2 2 2 2 2 2 2 2 2 2 2 2 2 2 2 2 2 2 2 1 2 2 0 2 2 2 0 2 2 2 2 2 2 2 2 2 2 2 2 2 2 2 2 2 2 2 2 2 2 2 2 2 2 2 2 2 2 2 2 2 0 1 2 2 2 2 2 2 2 2 1 2 2 2 2 2 2 0 2 2 2 2 2 2 2 2 2 2 2 2 2 2 2 2 2 2 2 2 2 2 2 2 2 2 2 2 0 2 2 2 2 2 2 2 2 2
352 2 2 2 2 2 2 2 2 2 2 2 2 2 2 2 2 2 2 2 2 2 2 2 2 0 2 0 2 2 2 2 2 2 2 2 1 2 2 2 2 2 2 2 2 2 2 2 2 2 2 2 2 0 2 2 2 2 2 2 2 2 2 2 2 2 2 2 2 2 2 2 2 2 0 2 2 2 2 2 2 2 2 2 2 2 0 2 2 2 2 2 2 2 2 2 2 2 2 2 2 2 2 2 2 2 2 2 2 2 2 2 2 2 2 2 2 2 2 2 2 2 2 2 2 2 2 2 2 2 2 2 2 2 2 2 0 0 2 2 2 2 2 0 2 2 2 2 2 2 2 2 2 2 2 2 2 2 2 2 2 2 2 2 2 2 2 2 2 2 2 2 2 2 2 2 2 2 2 2 2 2 2 2 0 2 2 2 2 2 2 2 2 2 2 2 0 2 2 0 2 2 2 2 2 2 2 2 2 2 2 2 2 2 2 2 2 2 2 2 2 2 2 2 2 2 2 2 2 2 2 2 2 2 2 2 2 2 2 2 0 2 2 0 2 2
353 2 2 2 2 2 0 2 2 2 2 2 2 2 2 2 2 0 2 2 2 2 2 2 2 2 0 2 2 2 2 2 2 2 2 0 2 2 2 2 2 2 2 2 2 2 2 2 2 2 2 2 2 2 2 2 2 2 2 2 2 2 2 2 2 2 2 2 2 2 2 2 2 2 2 0 2 2 2 2 2 0 0 2 2 0 2 2 2 2 0 0 2 2 2 2 2 2 2 2 2 0 0 2 2 2 2 0 2 2 2 2 2 2 2 2 2 0 2 0 2 2 2 2 2 2 2 2 2 2 0 2 2 2 2 2 2 2 2 2 2 2 0 2 2 2 2 2 2 1 2 2 2 2 0 2 2 2 2 2 2 2 2 2 0 0 2 2 2 2 2 2 2 2 2 0 2 2 0 2 2 2 0 0 2 2 2 2 0 0 2 2 2 2 0 0 2 2 2 2 2 2 0 2 2 2 2 2 2 2 2 2 2 2 2 2 2 2 2 2 2 2 2 2 2 2 2 2 0 2 2 2 0 2 0 2 2 0 2 0 2 0 2 2 0 2
354 2 2 2 2 2 2 2 2 2 2 2 2 2 2 2 2 0 2 2 2 2 2 2 2 2 0 2 2 2 2 2 2 2 2 0 2 2 2 2 2 2 2 2 2 2 2 2 2 2 2 2 2 2 2 2 2 2 2 2 2 2 2 2 2 2 2 2 0 2 2 2 2 2 2 0 2 2 2 2 2 0 0 2 2 0 2 2 2 2 0 0 2 2 2 2 2 2 2 2 2 0 0 2 2 2 2 0 2 2 2 2 2 2 2 2 2 2 2 2 2 2 2 2 2 2 2 2 2 2 0 2 2 2 2 0 2 2 2 2 2 2 0 2 2 2 2 2 2 2 2 2 2 2 0 2 2 2 2 2 2 2 2 2 0 0 2 2 2 2 2 2 2 2 2 0 2 2 0 2 2 2 0 0 2 2 2 2 0 0 2 2 2 2 0 0 2 2 2 2 2 2 0 2 2 0 2 2 2 2 2 2 2 2 2 2 2 2 2 2 2 2 2 0 2 2 2 2 2 2 2 2 0 2 0 2 2 0 2 2 2 2 2 2 0 2
355 2 2 2 2 2 0 2 2 2 2 2 0 2 2 2 2 2 2 2 2 2 2 2 2 2 2 2 2 2 2 2 2 2 2 2 2 2 2 2 2 2 2 2 2 2 2 2 2 2 0 2 2 2 2 2 2 2 2 2 2 2 2 2 2 0 2 2 2 2 2 2 2 2 2 2 2 2 0 2 2 2 2 2 2 2 2 2 2 2 2 2 2 2 2 2 2 2 2 2 2 2 2 2 2 2 2 2 2 2 2 2 2 2 2 2 2 0 2 2 2 2 0 2 2 2 2 2 2 2 2 2 2 0 2 2 2 2 0 2 2 2 2 2 2 2 2 2 2 1 2 2 2 2 2 2 2 2 2 2 2 0 2 2 2 2 2 2 2 2 2 2 2 2 2 2 2 2 2 2 2 2 2 2 2 2 2 2 2 2 2 2 2 2 2 2 2 2 2 2 2 2 2 2 2 2 0 0 2 2 2 2 2 2 2 2 2 2 2 2 2 2 2 2 2 2 2 2 2 2 0 2 2 2 2 2 2 2 2 2 2 0 2 2 2 2
356 2 2 2 2 2 2 2 2 2 2 2 2 2 2 2 2 0 2 2 2 2 2 2 2 2 0 2 2 2 2 2 2 2 2 0 2 2 2 2 2 2 2 2 2 2 2 2 2 2 2 2 2 2 2 2 2 2 2 2 2 2 2 2 2 2 2 2 0 2 2 2 2 2 2 0 2 2 2 2 2 0 0 2 2 0 2 2 2 2 0 0 2 2 2 2 2 2 2 2 2 0 0 2 2 2 2 0 2 2 2 2 2 2 2 2 2 2 2 2 2 2 2 2 2 2 2 2 2 2 0 2 2 2 2 0 2 2 2 2 2 2 0 2 2 2 2 2 2 2 2 2 2 2 0 2 2 2 2 2 2 2 2 2 0 0 2 2 2 2 2 2 2 2 2 0 2 2 0 2 2 2 0 0 2 2 2 2 0 0 2 2 2 2 0 0 2 2 2 2 2 2 0 2 2 0 2 2 2 2 2 2 2 2 2 2 2 2 2 2 2 2 2 0 2 2 2 2 2 2 2 2 0 2 0 2 2 0 2 2 2 2 2 2 0 2
357 2 0 2 2 0 2 2 0 2 2 2 2 0 0 0 0 0 2 2 0 2 0 0 0 0 0 0 0 2 2 2 0 0 0 0 1 0 0 2 2 0 0 2 0 2 2 2 2 2 2 2 2 0 0 0 0 2 0 2 2 0 2 0 0 2 0 0 0 2 2 2 2 0 0 0 2 2 2 0 0 0 0 0 2 0 0 2 0 0 0 0 2 0 0 2 0 2 0 0 2 0 0 0 2 0 0 0 0 0 0 2 0 0 0 2 0 2 0 2 0 0 2 2 0 0 2 0 2 0 0 0 0 2 0 0 0 0 2 0 0 2 0 0 2 0 0 2 0 1 0 2 0 2 0 2 0 2 0 2 2 2 0 2 0 0 0 0 1 0 2 0 0 0 2 0 0 0 0 2 2 2 0 0 0 0 2 0 0 0 0 1 2 0 0 0 0 0 0 0 0 0 0 0 2 0 0 2 0 2 2 0 2 2 0 0 0 0 1 2 0 0 0 0 2 0 0 2 0 2 2 0 0 2 0 2 0 0 2 2 0 2 0 0 0 0
358 2 2 2 0 2 2 0 2 2 0 0 0 2 0 2 2 2 2 2 0 0 0 2 0 2 2 2 0 2 1 2 0 2 0 2 2 0 2 0 0 0 2 2 0 0 2 2 0 2 0 0 2 2 0 2 2 2 2 2 0 0 0 0 0 0 2 2 2 2 0 2 0 2 2 2 2 2 0 0 0 2 2 0 0 2 2 2 0 2 2 2 0 0 2 0 2 0 0 2 2 2 2 2 2 0 0 2 2 0 0 0 0 2 0 0 0 2 2 2 2 0 0 0 0 2 0 0 2 2 2 0 0 0 2 0 2 2 2 0 2 0 2 2 2 0 0 2 0 1 0 0 2 2 2 0 2 0 2 2 0 2 0 0 2 2 2 2 0 0 0 2 2 2 2 2 0 0 2 0 0 2 2 2 2 0 0 0 2 2 0 0 2 0 2 2 2 0 2 2 2 0 2 2 0 0 0 2 2 2 0 2 0 2 0 2 0 2 0 0 0 0 0 2 0 2 2 2 2 0 2 2 2 0 2 0 0 2 0 2 2 2 2 2 2 2
359 2 2 2 2 2 2 0 0 2 2 2 2 2 2 0 2 2 2 2 0 2 2 2 2 2 2 2 2 2 2 2 2 2 0 2 1 2 2 2 2 2 2 0 0 2 2 0 2 2 2 2 0 2 0 2 2 2 2 2 2 2 2 2 0 2 2 2 2 2 2 0 2 2 2 2 2 2 2 2 0 2 2 2 0 2 2 2 2 2 2 2 2 2 0 2 2 2 2 0 2 2 2 2 2 0 2 2 0 2 0 2 2 0 0 2 2 2 2 2 2 0 2 2 0 2 0 2 0 2 2 0 0 2 2 2 2 2 0 0 2 2 2 2 0 0 0 0 0 1 2 2 2 0 2 2 0 2 2 0 0 2 2 2 2 2 2 2 1 0 0 2 2 2 0 2 2 0 2 0 2 2 2 2 2 2 2 2 2 2 0 1 2 2 2 2 2 0 2 2 1 2 2 2 2 2 0 2 2 0 2 0 2 2 0 2 0 2 1 2 0 0 0 2 2 2 2 2 2 2 2 2 2 2 2 2 0 2 2 2 2 2 2 2 2 2
360 2 2 2 2 2 2 2 0 2 2 2 2 2 2 2 2 2 2 2 2 2 2 2 2 2 2 2 2 2 2 2 2 2 2 2 1 2 2 2 2 2 2 0 2 2 2 0 2 2 2 2 0 2 2 2 2 2 2 2 2 2 2 2 2 2 2 2 2 2 2 0 2 2 2 2 2 2 2 2 2 2 2 2 2 2 2 2 2 2 2 2 2 2 0 2 2 2 2 0 2 2 2 2 2 2 2 2 0 2 2 2 2 0 2 2 2 2 2 2 2 2 2 2 2 2 2 2 0 2 2 2 2 2 2 2 2 2 2 2 2 2 2 2 0 2 2 0 2 2 2 2 2 0 2 2 2 2 2 0 2 2 2 2 2 2 2 2 2 2 2 2 2 2 2 2 2 2 2 2 2 2 2 2 2 2 2 2 2 2 2 2 2 2 2 2 2 2 2 2 1 2 2 2 2 2 2 2 2 0 2 0 2 2 2 2 2 2 2 2 2 2 2 2 2 2 2 2 2 2 2 2 2 2 2 2 2 2 2 2 2 2 2 2 2 2
361 2 2 2 2 2 2 2 2 2 0 2 2 2 2 2 0 2 2 2 2 0 2 2 2 2 2 2 2 2 2 2 2 2 2 2 2 0 2 2 0 2 2 2 2 0 2 2 0 2 0 2 2 2 2 2 2 0 2 2 0 2 0 0 2 2 2 2 2 2 0 2 0 2 2 2 2 2 2 0 2 2 2 0 2 2 2 2 0 0 2 2 2 0 2 2 2 2 0 2 2 2 2 2 2 2 0 2 2 0 2 0 0 2 2 0 0 2 0 2 2 2 2 0 2 2 2 2 2 0 2 2 2 2 2 0 2 2 2 2 2 0 2 2 2 2 2 2 2 2 0 0 2 2 2 2 2 2 0 2 2 2 0 2 2 2 2 2 2 2 2 2 2 2 2 2 0 2 2 2 0 2 2 2 2 0 0 0 2 2 2 1 2 0 2 2 2 2 2 2 2 0 2 2 0 0 2 2 2 2 0 2 0 2 2 2 2 2 1 0 2 2 2 2 0 2 2 2 2 0 2 2 2 0 2 0 2 2 0 2 2 2 2 2 2 2
362 0 0 2 0 0 0 2 2 2 0 2 2 0 2 2 0 0 2 0 2 0 2 0 2 2 0 2 2 2 0 0 2 0 2 0 2 2 0 2 0 2 0 2 2 0 2 2 0 2 2 2 2 2 2 0 0 2 0 2 2 0 0 2 2 2 0 0 0 2 2 2 2 0 2 0 0 2 2 2 2 0 0 2 2 0 2 2 2 0 0 0 2 2 2 2 0 2 2 2 2 0 0 0 0 2 2 0 2 2 2 2 2 2 2 2 0 0 2 0 0 2 2 0 2 0 2 2 2 0 0 2 0 0 0 2 2 2 2 2 2 0 0 2 2 2 2 2 2 1 2 2 2 2 0 2 2 2 2 2 2 0 2 2 0 0 2 2 2 2 2 0 2 2 0 0 2 2 0 2 0 2 0 0 2 2 2 2 0 0 2 2 2 2 0 0 2 2 0 2 1 2 0 2 2 2 2 2 2 2 2 2 0 2 2 0 2 2 2 0 2 2 2 0 2 0 0 2 0 0 0 2 0 0 0 0 2 0 0 0 2 0 0 2 0 2
363 0 0 2 0 0 0 2 2 2 0 2 2 0 2 2 0 0 2 0 2 0 2 0 2 2 0 2 2 2 0 0 2 0 2 0 2 2 0 2 0 2 0 2 2 0 2 2 0 2 2 2 2 2 2 0 0 2 0 2 2 0 0 2 2 2 0 0 0 2 2 2 2 0 2 0 0 2 2 2 2 0 0 2 2 0 2 2 2 0 0 0 2 2 2 2 0 2 2 2 2 0 0 0 0 2 2 0 2 2 2 2 2 2 2 2 0 0 0 0 0 2 2 0 2 0 2 2 2 0 2 2 0 0 0 2 2 2 2 2 2 0 0 2 2 2 2 2 2 1 2 2 2 2 0 2 2 2 0 2 2 0 2 2 0 0 2 2 2 2 2 0 2 2 0 0 2 2 0 2 0 2 0 0 2 2 2 2 0 0 2 2 2 2 0 0 2 2 0 0 1 2 0 2 2 2 2 2 2 2 2 2 0 2 2 0 2 2 2 0 2 2 2 0 2 0 0 2 0 0 0 2 0 0 0 0 2 0 0 0 0 0 0 2 0 2
364 0 0 2 2 0 2 2 2 2 0 2 2 0 0 2 2 2 2 0 2 0 2 0 0 2 2 2 2 2 0 0 2 0 2 2 2 2 0 2 0 2 0 2 2 0 2 2 0 2 0 2 2 2 2 0 0 2 0 2 2 0 0 0 2 2 0 0 0 2 0 2 2 0 2 2 0 2 2 0 2 2 2 0 2 2 2 2 0 2 2 2 2 0 2 2 0 2 2 2 2 2 0 0 0 2 2 2 2 2 2 0 0 2 2 2 0 2 2 2 0 2 2 0 2 2 2 2 2 0 2 2 0 0 0 2 2 2 2 2 2 0 2 2 2 2 2 2 2 2 2 0 2 2 2 2 2 2 2 2 2 2 0 2 2 2 2 2 2 2 2 0 2 2 0 0 0 2 2 2 0 2 2 2 2 0 2 0 2 2 2 1 2 0 2 2 2 2 0 2 1 2 2 2 0 2 2 2 2 2 2 2 0 2 2 0 2 2 1 2 2 2 2 0 0 0 0 2 2 0 2 2 2 0 2 0 2 2 0 2 2 2 0 2 2 2
365 0 2 0 2 0 2 0 2 2 0 2 2 0 2 0 0 2 2 0 2 0 2 0 2 2 2 2 2 2 0 2 2 2 2 2 2 0 2 2 0 2 2 0 2 0 0 0 2 2 2 2 0 2 2 0 0 2 2 0 2 0 0 2 2 2 0 2 2 2 0 0 2 2 2 2 0 0 2 2 2 2 2 2 2 2 2 0 2 0 2 2 2 2 0 2 2 2 2 2 0 2 2 2 2 0 2 2 0 2 0 2 2 0 0 0 2 2 2 2 2 2 2 0 2 2 0 2 0 0 2 2 2 2 2 0 2 2 2 2 2 0 2 2 2 2 0 0 0 1 2 0 2 0 2 2 0 2 2 2 0 2 2 2 2 2 2 0 2 2 0 2 2 2 0 2 2 2 2 0 0 0 2 2 2 0 0 2 2 2 0 1 0 2 2 2 2 2 2 0 2 0 2 0 2 0 0 2 0 0 0 2 2 0 2 2 2 0 1 2 2 0 2 2 0 2 2 0 2 2 2 0 2 0 2 2 2 2 0 2 0 2 2 2 2 2
366 2 0 2 0 2 0 2 0 2 2 0 0 2 0 2 2 0 2 2 0 2 2 2 0 2 0 0 2 2 2 0 2 2 2 2 0 2 0 0 2 0 2 2 0 2 2 2 0 2 0 0 2 2 2 2 2 2 0 2 0 0 2 2 0 2 2 0 0 2 0 2 0 2 2 0 2 2 0 2 0 0 0 2 0 0 0 2 0 2 2 0 0 2 2 2 2 2 0 0 2 0 0 0 0 0 0 0 2 0 0 0 2 2 2 2 0 0 2 0 2 2 0 2 0 0 2 0 2 2 0 2 0 2 2 2 0 2 0 0 0 2 0 0 0 0 0 2 2 1 0 0 2 2 0 2 0 2 2 0 2 0 0 2 0 0 0 2 1 2 2 0 0 0 0 0 2 0 0 2 2 0 0 0 0 2 0 2 0 0 2 2 0 0 0 0 0 2 0 2 1 2 0 2 0 2 2 0 2 2 0 0 2 2 0 0 0 2 2 2 0 2 2 0 0 0 0 0 0 2 0 2 0 2 0 2 0 0 2 0 2 0 0 2 0 2
367 2 2 2 2 2 0 2 2 2 2 2 2 2 2 2 2 2 2 2 2 2 2 2 2 2 0 0 2 2 2 2 2 2 2 2 2 2 2 2 2 2 2 2 2 2 2 2 2 2 2 2 2 2 2 2 2 2 2 2 2 2 2 2 2 2 2 2 2 2 2 2 2 2 2 2 2 2 2 2 2 0 0 2 2 0 0 2 2 2 2 2 2 2 2 2 2 0 2 2 2 0 2 2 2 2 2 0 2 2 2 2 2 2 2 2 2 0 2 0 2 2 2 2 2 0 2 2 2 2 0 2 2 2 2 2 0 2 2 2 2 2 0 0 2 2 2 2 2 1 2 2 2 2 0 2 2 2 2 2 2 2 2 2 0 2 2 2 1 2 2 2 2 2 2 2 2 2 0 2 2 2 0 0 0 2 2 2 0 0 2 2 2 2 0 0 0 2 2 2 2 2 2 2 2 2 2 2 2 2 2 2 2 2 2 2 2 2 2 2 2 2 2 2 2 2 2 2 0 2 2 2 0 2 0 2 2 0 2 0 2 0 2 2 2 2
368 0 2 2 2 1 0 2 0 2 0 0 0 2 0 2 2 2 2 0 0 0 2 2 0 2 2 2 2 2 0 2 2 2 2 0 2 2 2 0 2 2 2 2 0 2 2 2 0 0 2 2 2 0 2 2 2 0 2 2 2 2 2 2 0 2 2 2 0 2 2 2 2 2 0 2 0 2 0 0 2 0 0 2 2 0 2 2 2 2 0 2 0 0 2 2 2 2 0 0 2 0 2 2 2 0 0 2 2 2 0 0 2 2 0 2 2 0 0 2 2 0 2 2 0 2 2 2 0 2 2 0 2 0 2 0 2 0 0 0 2 0 0 2 2 0 0 2 0 1 2 2 0 2 0 2 2 2 2 2 0 2 2 0 0 2 0 2 1 0 0 2 1 2 2 0 0 0 0 0 0 2 2 0 2 0 2 0 0 0 0 1 2 2 2 0 2 0 2 2 2 2 2 0 0 0 0 0 2 2 2 0 2 2 0 2 0 0 0 2 0 0 0 0 2 2 2 2 0 0 2 2 2 0 2 2 0 2 0 2 2 0 2 0 2 0
369 2 2 2 2 2 2 2 2 2 2 2 2 2 2 2 2 2 2 2 2 2 2 2 2 2 2 2 2 2 2 2 2 2 2 2 2 2 2 2 2 2 2 2 0 2 2 2 2 2 2 2 2 2 2 2 2 2 2 2 2 2 2 2 0 2 2 2 2 2 2 2 2 2 2 2 2 2 2 2 2 2 2 2 2 2 2 2 2 2 2 2 2 2 2 2 2 2 2 2 2 2 2 2 2 2 2 2 2 2 2 2 2 2 0 2 2 2 2 2 2 2 2 2 0 2 2 2 2 2 2 2 2 2 2 2 2 2 2 0 2 2 2 2 2 0 2 2 2 2 2 2 2 2 2 2 2 2 2 2 0 2 2 2 2 2 2 2 1 2 0 2 2 2 2 2 2 0 2 0 2 2 2 2 2 2 2 2 2 2 0 1 2 2 2 2 2 2 2 2 2 2 2 2 2 2 2 2 2 2 2 2 2 2 0 2 0 2 2 2 0 2 2 2 2 2 2 2 2 2 2 2 2 2 2 2 2 2 2 2 2 2 2 2 2 2
370 2 2 2 2 2 2 2 2 2 2 2 0 2 2 2 2 2 2 2 2 2 2 2 2 2 2 2 2 2 2 2 2 2 2 2 2 2 2 2 2 2 2 2 0 2 2 2 2 2 2 2 2 2 2 2 2 2 2 2 2 2 2 2 0 2 2 2 2 2 2 2 2 2 2 2 2 2 0 2 2 2 2 2 2 2 2 2 2 2 2 2 2 2 2 2 2 2 2 2 2 2 2 2 2 2 2 2 2 2 2 2 2 2 0 2 2 2 2 2 2 2 2 2 0 2 2 2 2 2 2 2 2 2 2 2 2 2 2 0 2 2 2 2 2 0 2 2 2 2 2 2 2 2 2 2 2 2 2 2 0 2 2 2 2 2 2 2 1 2 0 2 2 2 2 2 2 0 2 0 2 2 2 2 2 2 2 2 2 2 0 1 2 2 2 2 2 2 2 2 2 2 2 2 2 2 2 2 2 2 2 2 2 2 0 2 0 2 2 2 0 2 2 2 2 2 2 2 2 2 2 2 2 2 2 2 2 2 2 2 2 2 2 2 2 2
371 0 2 0 0 2 2 2 2 0 2 0 0 2 2 2 0 0 0 0 0 2 0 2 2 2 2 0 0 0 0 2 0 0 2 0 1 2 2 0 0 2 0 2 0 0 0 2 2 2 2 2 2 0 0 2 2 2 2 0 0 0 0 2 0 2 2 2 0 2 0 2 0 0 0 0 0 0 0 2 0 2 2 2 0 2 0 0 2 2 0 0 0 2 2 2 0 2 2 2 0 2 0 2 2 2 2 2 2 2 2 2 2 2 0 2 2 2 2 0 0 2 2 0 0 2 2 2 2 2 2 2 2 2 0 0 0 0 2 0 0 2 2 0 2 0 2 2 2 2 2 0 2 2 2 2 2 2 2 2 0 2 2 2 2 0 2 2 1 0 0 2 0 0 2 0 2 0 2 0 2 2 2 2 0 2 2 2 2 2 0 1 2 2 2 2 0 2 0 2 2 2 0 2 2 0 2 0 2 2 0 2 2 0 0 2 0 2 2 2 0 2 2 0 0 2 0 2 2 2 2 2 2 2 0 2 2 2 2 0 2 2 0 0 0 0
372 2 0 2 2 2 2 0 2 2 0 0 2 2 2 2 2 2 2 2 2 2 2 2 2 2 2 2 2 2 2 2 2 0 2 2 2 2 0 0 2 2 0 2 0 2 2 2 2 2 0 2 2 2 2 2 2 2 0 2 2 2 2 2 0 2 2 0 2 2 2 2 2 0 2 2 2 2 2 0 2 2 2 2 0 2 2 2 2 2 2 2 0 2 2 0 0 2 2 2 2 2 2 0 2 0 2 2 2 2 2 0 2 2 0 2 2 2 2 2 0 2 2 2 0 2 0 2 2 2 2 2 2 2 0 0 2 2 2 0 2 2 2 2 2 0 2 2 2 2 0 2 2 2 2 0 2 0 2 2 0 2 2 2 2 2 2 2 0 2 0 2 2 2 2 2 0 0 2 0 0 2 2 2 2 2 2 0 2 2 0 1 2 2 2 2 2 2 2 2 2 0 2 2 2 0 0 0 2 2 2 2 2 2 0 2 0 2 1 2 0 2 2 2 2 2 2 2 2 2 2 2 2 0 2 2 0 2 0 2 2 2 2 2 2 2
373 0 0 0 0 0 0 0 0 0 0 0 0 0 0 0 0 0 0 0 0 2 0 0 0 2 0 0 0 0 0 0 0 0 0 0 1 0 0 0 0 0 0 0 0 0 0 0 0 0 0 0 0 0 0 0 0 2 0 0 0 0 0 0 0 0 0 0 0 2 2 0 0 0 0 0 0 0 0 0 0 0 0 0 0 2 0 0 0 0 0 0 0 0 0 0 0 0 0 0 0 0 0 0 0 0 0 0 2 0 2 0 0 0 0 0 0 0 2 0 0 2 0 0 0 0 0 0 0 2 0 2 0 0 0 0 0 0 0 0 0 0 0 0 2 0 0 0 0 0 2 2 2 0 0 0 2 0 0 2 0 2 0 0 0 0 0 0 0 0 0 0 0 0 2 0 0 0 0 0 0 0 2 0 0 0 0 0 2 0 0 0 0 0 2 0 0 2 0 0 1 2 0 0 0 0 0 0 0 0 0 0 0 0 0 0 0 0 1 0 0 0 2 0 2 0 2 0 0 0 2 0 2 0 0 0 2 2 0 0 0 0 0 0 0 0
374 2 0 2 2 0 2 2 2 2 0 2 0 0 0 0 2 2 2 2 2 2 0 0 0 2 0 2 0 2 2 2 0 0 2 2 2 0 0 2 2 2 0 0 2 2 2 0 2 2 2 2 0 2 2 0 0 2 0 2 2 2 2 0 2 0 0 0 2 2 2 0 2 0 2 2 2 2 0 0 2 0 0 0 0 2 2 2 0 0 2 2 2 2 0 0 0 0 2 2 2 0 2 0 2 2 2 0 2 2 2 0 0 0 2 2 2 2 2 2 0 2 2 2 2 0 2 2 2 2 0 2 0 2 0 2 2 2 2 2 2 2 0 2 2 2 2 0 2 1 2 2 2 0 0 0 2 0 0 2 2 2 2 0 0 2 2 2 2 2 2 2 2 2 2 2 0 2 0 2 0 0 2 2 2 2 2 0 2 0 2 1 0 0 2 2 2 2 2 0 1 2 2 2 0 2 2 2 2 0 2 2 0 2 2 0 2 2 1 0 2 0 2 2 2 2 2 0 0 0 2 2 2 0 2 0 2 2 0 2 0 2 2 2 2 2
375 2 2 2 2 2 0 2 2 2 2 2 2 2 2 2 0 2 2 2 2 2 2 2 2 2 0 2 2 2 2 2 2 2 2 2 2 2 2 2 2 2 2 2 2 2 2 2 2 2 2 2 2 0 2 2 2 2 2 2 2 2 2 2 2 2 2 2 2 2 2 2 2 2 0 2 2 2 2 2 2 2 0 2 2 2 2 2 2 2 2 2 2 2 0 2 2 2 2 2 2 0 2 2 2 2 2 2 2 2 2 2 2 0 2 2 2 0 2 0 2 2 2 2 2 2 2 2 2 2 2 2 2 2 2 2 2 0 0 2 2 2 0 2 2 2 2 2 2 1 0 2 2 2 1 2 2 2 2 2 2 2 2 2 0 2 0 2 2 2 2 2 2 2 2 0 2 2 0 2 2 2 0 2 2 2 2 2 2 0 2 2 2 2 0 2 2 2 0 2 2 0 2 2 2 2 2 2 2 2 2 2 2 2 2 2 2 2 2 2 2 2 2 2 2 2 2 2 0 2 2 2 2 2 2 2 2 0 2 0 2 0 2 0 2 2
376 2 2 2 2 0 2 2 2 2 2 2 2 0 2 0 2 2 2 2 2 2 2 0 2 2 2 2 2 2 2 2 2 2 2 2 2 2 2 2 2 2 2 0 2 2 2 0 2 2 2 2 0 2 2 0 0 2 2 2 2 2 2 2 2 0 0 2 2 2 2 0 2 2 2 2 2 2 2 2 2 2 2 2 2 2 2 2 2 0 2 2 2 2 2 2 2 2 2 2 2 2 2 2 2 2 2 2 2 2 2 2 2 2 2 2 2 2 2 2 2 2 2 2 2 2 2 2 2 2 2 2 2 2 2 2 2 2 2 2 2 2 2 2 2 2 2 0 2 1 2 2 2 0 2 2 2 2 0 2 2 2 2 2 2 2 2 2 2 2 2 2 2 2 2 2 2 2 2 2 2 2 2 2 2 2 2 2 2 2 2 2 2 2 2 2 2 2 2 0 2 2 2 2 2 2 2 2 2 0 2 2 2 2 2 2 2 2 2 2 2 2 2 2 2 2 2 2 2 2 2 2 2 2 2 2 2 2 2 2 0 2 2 2 2 2
377 2 2 2 2 2 2 2 2 2 2 2 2 2 2 2 2 2 2 2 2 2 2 2 2 2 2 2 2 2 2 2 2 2 2 2 2 2 2 2 2 2 2 2 2 2 2 2 2 2 2 2 2 2 2 2 2 2 2 2 2 2 2 2 2 2 2 2 0 2 2 2 2 2 2 2 2 2 2 2 2 0 2 2 2 0 2 2 2 2 2 2 2 2 2 2 2 2 2 2 2 2 2 2 2 2 2 0 2 2 2 2 2 2 2 2 2 2 2 2 2 2 2 2 2 2 2 2 2 2 0 2 2 2 2 2 2 2 2 2 2 2 2 2 2 2 0 2 2 2 2 2 2 2 2 2 2 2 2 2 2 2 2 2 2 2 2 2 2 2 2 2 2 2 2 2 2 2 2 2 2 0 2 2 2 2 2 2 0 2 2 2 0 2 2 2 2 2 2 2 2 2 2 0 2 2 2 2 2 2 2 2 2 2 2 2 2 0 2 2 2 2 2 0 2 2 2 0 2 2 2 2 0 2 2 2 2 2 2 2 2 2 2 2 2 2
378 2 2 2 2 2 2 2 2 2 0 0 2 2 0 0 2 0 2 2 2 0 0 2 0 0 2 2 0 2 2 2 0 2 2 2 1 2 2 0 2 0 2 2 2 2 2 2 2 2 0 0 2 2 2 2 2 2 2 2 2 2 2 0 2 2 2 2 0 2 2 2 0 2 2 0 2 2 2 0 0 0 0 2 2 0 2 2 2 2 2 2 0 2 2 0 2 2 0 2 2 0 2 2 2 2 0 0 2 2 2 0 2 2 2 2 2 2 2 2 2 0 2 0 2 2 2 0 2 0 0 2 2 0 2 2 2 2 2 2 2 2 0 0 0 2 2 2 2 1 0 2 2 2 0 2 0 2 2 0 2 2 2 2 0 0 0 0 2 2 2 2 2 2 2 2 0 2 0 2 0 0 0 2 2 2 2 0 0 0 2 2 0 2 0 2 2 0 2 2 2 0 0 2 2 2 0 2 2 2 0 2 0 2 2 2 2 2 0 2 2 0 0 0 2 2 2 0 2 2 2 2 0 0 2 0 0 0 0 2 2 2 2 2 0 2
379 2 2 2 2 2 2 2 2 2 2 2 2 2 2 2 2 0 2 2 2 2 2 2 2 2 2 2 2 2 2 2 2 2 2 2 2 2 2 2 2 2 2 2 2 2 2 2 2 2 2 2 2 2 2 2 2 2 2 2 2 2 2 2 2 2 2 2 0 2 2 2 0 2 2 0 2 2 2 2 2 0 2 2 2 0 2 2 2 2 2 2 2 2 2 2 2 2 0 2 2 2 2 2 2 2 0 0 2 2 2 2 2 2 2 2 2 2 2 2 2 2 2 2 2 2 2 2 2 2 0 2 2 2 2 2 2 2 2 2 2 2 2 2 2 2 2 2 2 2 2 2 2 2 2 2 2 2 2 2 2 2 2 2 2 0 2 2 2 2 2 2 2 2 2 2 2 2 2 2 2 0 2 2 2 2 2 2 0 2 2 2 0 2 2 2 2 2 2 2 2 2 0 2 2 2 2 2 2 2 2 2 2 2 2 2 2 2 2 2 2 2 2 0 2 2 2 0 2 2 2 2 0 2 2 2 2 2 2 2 2 2 2 2 0 2
380 0 0 0 0 0 0 0 0 0 0 0 0 0 0 0 2 0 0 0 0 0 0 0 0 0 0 0 0 0 0 0 0 0 2 0 0 0 0 0 0 0 0 2 0 0 0 2 0 0 0 0 2 0 0 0 0 2 0 0 0 0 0 0 0 0 0 0 0 2 0 2 0 0 0 0 0 0 0 0 0 0 0 0 0 0 0 0 0 2 0 0 0 0 0 0 0 2 0 0 0 0 0 0 0 2 0 0 0 0 0 0 0 0 0 0 0 0 0 0 0 0 0 0 0 0 0 0 0 0 0 2 0 0 0 0 0 0 0 0 0 0 0 0 0 0 0 2 2 1 0 0 2 2 0 0 0 0 0 0 0 2 0 0 0 0 0 0 1 0 0 0 0 0 0 0 0 0 0 0 0 0 0 0 0 0 0 0 0 0 0 0 0 0 0 0 0 0 0 0 0 0 0 0 0 0 0 2 0 2 0 2 0 0 0 0 0 0 0 0 0 0 0 0 0 0 0 0 0 0 2 0 0 0 0 0 0 0 0 0 0 0 0 0 0 0
381 0 2 0 2 2 2 2 2 0 2 2 2 2 2 2 2 2 0 0 2 2 2 2 2 2 2 2 2 0 0 2 2 2 2 2 2 2 2 2 0 2 2 2 2 0 0 2 2 2 2 2 2 2 2 2 2 2 2 0 2 2 0 2 2 2 2 2 2 2 2 2 2 2 2 2 0 0 2 2 2 2 2 2 2 2 2 0 2 2 2 2 2 0 2 2 2 2 2 2 0 2 2 2 2 2 2 2 2 2 2 2 2 2 2 2 2 2 2 2 2 2 0 2 2 2 2 2 2 2 2 2 2 2 2 2 2 2 2 2 2 2 2 2 2 2 2 2 2 2 2 2 2 2 2 2 2 2 2 2 2 2 2 2 2 2 2 2 2 2 2 2 2 2 2 2 2 2 2 2 2 2 2 2 2 2 2 2 2 2 2 2 2 2 2 2 2 2 2 2 2 2 2 2 2 2 2 2 2 2 2 2 2 0 2 2 2 2 2 2 2 2 2 2 2 2 2 2 2 2 2 2 2 2 2 2 2 2 2 2 2 2 2 2 2 2
382 2 2 2 2 2 2 2 2 2 0 2 2 2 0 0 2 0 2 2 2 2 2 2 0 2 2 2 2 2 2 2 2 2 2 2 2 2 2 2 2 0 2 0 2 2 2 0 2 2 0 2 0 2 2 2 2 2 2 2 2 2 2 0 2 2 2 2 0 2 2 0 0 2 2 0 2 2 2 0 0 0 0 2 2 0 2 2 2 0 2 2 2 2 2 0 2 2 0 2 2 0 2 2 2 0 0 0 2 2 2 0 2 2 2 2 2 2 2 2 2 2 2 0 2 2 2 0 2 2 0 2 2 0 2 2 2 2 2 2 2 2 0 0 2 2 2 0 2 1 0 2 2 0 0 2 0 2 2 2 2 2 2 2 0 0 0 0 2 2 2 2 2 2 2 2 0 2 0 2 0 2 0 2 2 0 2 0 0 0 2 2 0 2 0 2 2 2 2 2 2 0 0 2 0 2 0 2 2 0 0 2 0 2 2 2 2 2 1 2 2 0 2 0 2 2 2 0 2 2 2 2 0 0 2 0 0 0 0 2 2 2 2 2 0 2
383 2 2 2 2 2 0 2 2 0 2 2 0 2 2 2 2 0 2 2 2 2 2 2 2 2 0 0 2 2 2 0 2 0 0 0 1 2 2 2 0 0 0 0 0 2 2 2 2 2 0 0 2 0 2 2 2 0 2 2 2 0 2 2 2 0 2 2 0 2 2 0 2 0 0 0 2 2 0 0 0 0 0 2 2 0 0 2 2 2 0 0 2 2 0 0 0 2 0 2 2 0 0 2 0 2 0 0 2 0 2 2 2 0 2 2 0 0 2 0 0 2 2 2 0 2 2 0 2 2 0 0 2 2 0 0 0 2 0 0 0 2 0 0 0 2 0 2 2 1 0 2 0 2 0 2 2 2 2 1 0 2 2 2 0 0 0 2 2 0 0 2 0 0 0 0 0 0 0 0 2 2 0 0 0 0 2 2 0 0 2 2 0 2 0 0 0 0 2 2 1 0 0 0 2 0 2 2 0 2 0 2 2 2 2 2 2 0 1 2 2 2 0 0 2 2 2 0 0 2 2 0 0 2 0 2 0 0 2 0 2 0 0 2 0 0
384 0 0 0 0 2 0 0 2 0 0 0 0 2 0 0 0 0 0 0 0 0 0 2 0 2 0 0 0 0 0 0 0 0 0 0 1 0 0 0 0 0 0 0 0 0 0 2 0 0 0 0 2 0 0 2 2 0 0 0 0 0 0 0 0 0 2 0 0 2 0 0 0 0 0 0 0 0 0 0 0 0 0 0 0 0 0 0 0 2 0 0 0 0 0 0 0 0 0 2 0 0 0 0 0 2 0 0 2 0 0 2 0 0 0 0 0 0 2 0 0 2 0 0 0 0 0 0 0 0 0 0 0 0 0 0 0 2 0 0 0 0 0 0 0 0 0 2 2 0 0 0 0 2 0 0 2 2 2 1 0 0 0 0 0 0 0 0 0 0 0 0 0 0 0 0 0 0 0 0 0 0 0 0 0 0 2 0 0 0 0 0 0 0 0 0 0 0 0 2 1 0 0 0 0 0 0 0 0 2 0 0 0 0 0 0 0 0 0 0 0 0 0 0 0 0 0 0 0 0 0 0 0 0 0 0 0 0 0 0 2 0 0 2 0 0
385 2 2 2 0 2 0 2 2 2 2 0 0 2 2 2 0 2 0 2 2 2 2 2 2 2 2 0 2 0 2 0 2 0 2 0 1 0 2 0 2 2 0 2 2 0 2 2 2 0 2 0 2 0 2 2 2 2 2 2 2 2 2 2 2 2 2 2 2 2 2 2 0 0 0 2 2 2 0 0 2 2 2 2 2 2 0 2 2 2 0 2 0 2 0 0 0 0 2 2 2 2 2 2 0 2 2 2 2 2 2 2 2 0 2 2 2 0 2 0 0 2 2 2 2 2 2 2 2 2 2 2 2 0 0 0 0 2 0 2 2 2 0 0 0 2 2 2 2 1 2 2 2 2 0 2 2 2 2 1 0 2 2 2 2 2 0 2 1 2 0 2 0 2 2 0 0 2 0 0 2 2 2 2 0 2 2 2 2 2 2 2 2 2 2 2 0 2 2 2 2 2 2 2 2 0 2 0 2 2 2 2 2 2 2 2 2 2 2 2 2 2 2 2 2 2 2 2 2 2 2 2 2 2 2 2 2 2 2 0 2 0 2 2 2 0
386 2 2 2 2 2 2 2 2 2 2 2 2 2 0 2 2 0 2 2 2 2 2 2 0 2 0 2 2 2 2 2 2 2 2 2 2 2 2 2 2 2 2 2 2 2 2 2 2 2 2 2 2 2 2 2 2 0 2 2 2 2 2 2 2 2 2 2 0 2 2 2 2 2 2 0 2 2 2 2 2 0 0 2 2 0 2 2 0 2 2 0 2 0 2 2 2 2 2 2 2 0 0 2 2 2 2 0 2 2 2 2 2 2 2 2 2 2 2 2 2 2 2 2 2 2 2 2 2 2 0 2 2 2 2 2 2 2 2 2 0 2 2 2 2 2 2 2 2 2 2 2 2 2 2 2 2 2 2 2 2 2 0 2 0 0 2 2 2 2 2 0 2 0 2 2 2 2 2 2 2 0 2 0 2 0 2 2 0 0 2 2 0 0 2 0 2 2 2 2 2 2 0 0 2 2 2 2 2 2 2 2 2 2 2 2 2 0 1 2 2 2 2 0 2 0 2 0 0 2 2 2 0 2 0 2 2 2 2 2 2 2 0 2 0 2
387 2 2 2 2 0 2 2 2 2 2 2 2 0 0 2 2 0 2 2 0 2 2 0 0 2 0 2 2 2 2 2 2 2 0 2 2 2 2 2 2 2 2 2 2 2 2 2 0 2 2 2 2 2 2 0 0 0 2 2 2 2 2 2 2 2 0 2 0 2 2 2 2 2 2 0 2 2 2 2 2 0 0 2 2 0 2 2 0 0 2 0 2 0 2 2 2 2 2 2 2 0 0 2 2 0 2 0 2 2 2 0 2 2 2 2 2 2 0 2 2 2 2 2 2 2 2 2 2 2 0 2 2 2 2 2 2 0 2 2 0 0 2 2 2 2 2 2 2 2 2 2 2 2 2 2 2 2 2 2 2 2 0 2 0 0 2 2 2 2 2 0 2 0 2 2 2 2 2 2 2 0 2 0 2 0 2 2 0 0 2 2 0 0 2 0 2 0 2 0 1 2 0 0 2 2 2 2 2 2 2 2 2 2 2 2 2 0 0 2 2 2 0 0 2 0 2 0 0 2 2 2 0 2 0 2 2 2 2 2 0 2 0 0 0 2
388 2 0 2 2 2 2 2 2 2 2 2 2 2 2 2 2 2 2 2 2 2 2 2 2 2 2 2 2 2 2 2 2 2 2 2 1 2 0 2 2 2 2 2 2 2 2 2 2 2 2 2 2 2 2 2 2 2 0 2 2 2 2 0 2 2 2 0 2 2 2 2 2 2 2 2 2 2 2 2 2 2 2 0 2 2 2 2 2 2 2 2 2 2 2 2 2 2 2 2 2 2 2 0 2 2 2 2 2 2 0 2 0 2 2 2 2 2 2 2 2 2 2 2 2 0 2 2 2 2 2 2 0 2 2 2 2 2 2 2 2 2 2 2 2 2 2 2 2 2 2 0 2 2 2 0 2 2 2 2 2 2 2 0 2 2 2 0 2 2 2 2 2 2 2 2 2 2 2 2 2 2 2 2 2 2 2 0 2 2 2 1 2 2 2 2 2 2 0 2 2 2 2 2 0 2 2 2 2 2 2 2 0 2 2 0 2 2 2 0 2 2 2 2 0 2 2 2 2 0 2 2 2 2 2 0 2 2 2 2 2 2 2 2 2 2
389 2 2 2 0 2 2 0 2 2 2 0 2 2 2 2 2 2 2 2 0 0 0 2 2 2 2 2 0 2 2 2 0 0 2 2 2 2 2 0 2 2 0 2 0 2 2 2 2 0 2 0 2 2 2 2 2 2 2 2 0 0 2 2 0 0 2 2 2 2 2 2 0 0 2 2 2 2 2 2 2 2 2 2 2 2 2 2 2 2 2 2 0 2 2 2 0 0 2 2 2 2 2 2 2 2 2 2 2 2 2 2 2 2 2 0 2 2 2 2 0 2 2 2 0 2 0 2 2 2 2 2 2 2 0 2 2 0 2 0 2 2 2 2 2 0 2 2 2 1 2 2 0 2 2 2 2 2 2 2 0 2 2 2 2 2 2 2 0 2 0 2 2 2 2 2 2 0 2 0 2 2 2 2 2 2 2 2 2 2 2 2 2 2 2 2 2 0 2 2 2 2 2 2 2 2 2 0 2 2 2 2 2 2 0 2 0 2 1 2 0 0 0 2 2 2 2 2 2 2 2 2 2 2 2 2 2 2 2 2 2 2 2 0 2 2
390 2 2 2 2 2 2 2 2 2 2 2 2 2 2 2 2 0 2 2 2 2 2 2 2 2 0 2 2 2 2 2 2 2 2 2 2 2 2 2 2 2 2 2 2 2 2 2 0 2 2 2 2 2 2 2 2 0 2 2 2 2 2 2 2 2 2 2 0 2 2 2 2 2 2 0 2 2 2 2 2 0 0 2 2 0 2 2 2 2 2 0 2 2 2 2 2 2 2 2 2 0 0 2 2 2 2 0 2 2 2 2 2 2 2 2 2 2 2 2 2 2 2 2 2 2 2 2 2 2 0 2 2 2 2 2 2 2 2 2 0 0 2 2 2 2 2 2 2 2 2 2 2 2 2 2 2 2 2 2 2 2 0 2 0 0 2 2 2 2 2 0 2 0 2 2 2 2 2 2 2 0 2 0 2 0 2 2 0 0 2 2 0 2 2 0 2 2 2 2 2 2 0 0 2 2 2 2 2 2 2 2 2 2 2 2 2 0 2 2 2 2 2 0 2 0 2 0 0 2 2 2 0 2 0 2 2 2 2 2 2 2 0 2 0 2
391 0 0 0 0 2 2 0 2 0 0 0 0 2 0 2 2 2 2 0 2 2 0 2 0 0 2 2 0 2 0 0 0 2 2 2 1 2 0 0 2 2 2 2 2 0 0 2 2 0 2 0 2 2 2 2 2 2 0 0 0 0 0 0 2 2 2 0 2 2 2 2 0 2 2 2 0 0 0 2 2 2 2 0 0 2 2 0 0 2 2 2 0 0 2 2 2 0 2 2 0 2 2 0 0 2 2 2 2 0 0 2 0 2 0 0 2 2 2 2 2 0 0 0 2 0 0 2 2 0 2 0 0 2 2 2 2 2 2 2 2 2 2 2 2 2 2 2 0 1 2 0 0 2 2 0 0 2 2 1 0 2 0 0 2 2 2 0 1 2 0 0 2 2 2 2 2 2 2 0 0 2 2 2 2 2 2 0 2 2 0 0 2 0 2 2 2 2 0 2 2 2 2 2 0 2 2 0 2 2 2 2 0 0 2 0 2 2 1 0 2 2 2 2 0 0 2 2 2 0 2 2 2 0 2 0 2 2 0 2 2 2 2 2 2 2
392 2 2 2 2 2 2 2 0 2 2 2 2 2 2 2 2 2 2 2 2 2 2 2 2 2 2 2 2 2 2 2 2 2 2 2 2 2 2 2 2 2 2 0 2 2 2 0 2 2 2 2 0 2 2 2 2 2 2 2 2 2 2 2 2 2 2 2 2 2 2 0 2 2 2 2 2 2 2 2 2 2 2 2 2 2 2 2 2 2 2 2 2 2 2 2 2 2 2 0 2 2 2 2 2 2 2 2 2 2 2 2 2 2 0 2 2 2 2 2 2 2 2 2 2 2 2 2 2 2 2 2 2 2 2 2 2 2 2 2 2 2 2 2 2 2 2 0 2 2 2 2 2 0 2 2 2 2 0 2 2 2 2 2 2 2 2 2 2 2 2 2 2 2 2 2 2 2 2 2 2 2 2 2 2 2 2 2 2 2 0 1 2 2 2 2 2 2 2 2 2 2 2 2 2 2 2 2 2 0 2 2 2 2 2 2 2 2 2 2 2 2 2 2 2 2 2 2 2 2 2 2 2 2 2 2 2 2 2 2 2 2 2 2 2 2
393 2 0 2 2 2 2 2 2 2 2 2 2 2 2 2 2 2 2 2 2 2 2 2 2 2 2 2 2 2 2 2 2 2 2 2 1 2 0 2 2 2 2 2 2 2 2 2 2 2 2 2 2 2 2 2 2 2 0 2 2 2 2 0 2 2 2 0 2 2 2 2 2 2 2 2 2 2 2 2 2 2 2 0 2 2 2 2 2 2 2 2 2 2 2 2 2 2 2 2 2 2 2 0 2 2 2 2 2 2 0 2 0 2 2 2 2 2 2 2 2 2 2 2 2 0 2 2 2 2 2 2 0 2 2 2 2 2 2 2 2 2 2 2 2 2 2 2 2 2 2 0 2 2 2 0 2 2 2 2 2 2 2 0 2 2 2 2 2 2 2 2 2 2 2 2 2 2 2 2 2 2 2 2 2 2 2 0 2 2 2 1 2 2 2 2 2 2 0 2 2 2 2 2 0 2 2 2 2 2 2 2 0 2 2 0 2 2 2 0 2 2 2 2 0 2 2 2 2 0 2 2 2 2 2 0 2 2 2 2 2 2 2 2 2 2
394 2 2 2 2 0 2 2 2 2 2 2 2 0 2 2 2 0 2 2 2 2 2 0 2 2 2 0 2 2 2 2 2 2 0 0 2 2 2 2 0 0 2 2 2 2 2 2 2 2 0 2 2 0 2 0 0 2 2 2 2 2 2 2 2 2 0 2 0 2 2 2 2 2 0 0 2 2 2 2 2 0 0 2 2 0 0 2 2 0 0 0 2 2 0 2 2 2 2 2 2 0 0 2 2 0 2 0 2 2 2 0 2 0 2 2 2 2 0 0 2 2 2 2 2 2 2 0 2 2 0 2 2 0 2 0 0 2 2 2 0 2 0 0 0 2 2 2 2 2 0 2 2 2 0 2 2 2 2 1 2 2 2 2 0 0 0 2 2 2 2 2 0 0 2 0 2 2 0 2 2 0 2 0 0 2 2 2 0 0 2 2 0 2 2 0 0 2 2 0 1 0 0 0 2 0 2 2 2 2 0 2 2 2 2 2 2 0 2 2 2 2 2 0 2 2 2 0 0 2 2 2 0 2 2 2 2 2 2 0 0 2 0 2 0 0
395 0 0 0 0 0 2 0 2 0 0 0 0 0 0 0 2 1 2 0 2 2 0 0 0 0 2 0 0 2 0 0 0 0 0 0 0 2 0 0 0 0 0 2 2 0 0 2 2 0 1 0 2 0 0 0 1 0 0 0 0 0 0 0 2 2 0 0 0 2 0 2 0 0 0 0 0 0 0 2 2 0 0 0 0 0 0 0 0 0 0 0 0 0 0 2 0 0 2 2 0 0 0 0 1 0 2 0 2 0 0 0 0 0 0 0 0 2 0 0 0 0 0 0 2 0 0 0 2 0 0 0 0 0 0 0 1 2 2 2 0 2 0 0 0 2 2 2 1 1 0 0 2 2 0 0 0 2 2 0 0 2 2 0 0 0 0 0 1 0 0 2 0 1 0 0 2 2 0 0 0 0 2 0 0 0 2 0 0 0 0 0 0 0 2 0 0 2 0 0 0 1 0 0 0 0 2 0 2 2 0 2 0 0 2 0 2 0 1 0 2 2 2 0 0 2 0 1 0 0 2 2 0 0 2 0 0 2 0 0 0 2 1 2 0 0
396 2 2 2 2 2 2 2 2 2 2 2 2 2 2 2 2 2 2 2 2 2 2 2 2 2 2 0 2 2 2 2 2 2 2 0 1 2 2 2 2 2 2 2 2 2 2 2 2 2 2 2 2 0 2 2 2 2 2 2 2 2 2 2 2 2 2 2 0 2 2 2 2 2 0 2 2 2 2 2 2 2 2 2 2 2 0 2 2 2 0 2 2 2 0 2 2 2 2 2 2 2 2 2 2 2 2 2 2 2 2 2 2 0 2 2 2 2 2 0 2 2 2 2 2 2 2 2 2 2 2 2 2 2 2 2 0 2 2 2 2 2 0 0 1 2 2 2 2 2 2 2 2 2 0 2 2 2 2 1 2 2 2 2 2 2 0 2 2 2 2 2 0 2 2 0 2 2 0 2 2 2 2 2 0 2 2 2 2 2 2 2 2 2 2 2 0 2 2 2 2 2 2 2 2 2 2 2 2 2 2 2 2 2 2 2 2 2 2 2 2 2 2 0 2 2 2 2 2 2 2 2 2 2 2 2 2 2 2 0 2 2 2 2 2 0
397 2 2 2 2 2 2 2 0 2 2 2 2 2 2 2 2 2 2 2 2 2 2 2 2 0 2 2 2 2 2 2 2 2 2 2 2 2 2 2 2 2 2 0 2 2 2 0 2 2 2 2 0 2 0 2 2 2 2 2 2 2 2 2 2 2 2 2 2 2 2 0 2 2 2 2 2 2 2 2 2 2 2 2 2 2 2 2 2 2 2 2 2 2 2 2 2 2 2 0 2 2 2 2 2 2 2 2 2 2 2 2 2 2 2 2 2 2 2 2 2 0 2 2 2 2 2 2 2 0 2 0 2 2 2 2 2 2 2 2 2 2 2 2 2 2 2 0 2 2 2 2 2 0 2 2 2 2 0 1 2 2 2 2 2 2 2 2 2 2 2 2 2 2 0 2 2 2 2 2 2 2 2 2 2 2 2 2 2 2 2 2 2 2 2 2 2 2 2 2 2 2 2 2 2 2 2 2 2 0 2 2 2 2 2 2 2 2 2 2 2 2 2 2 2 2 2 2 2 2 2 2 2 2 2 2 2 2 2 2 2 2 2 2 2 2
398 2 2 2 2 2 2 2 2 2 2 2 2 2 2 2 2 0 2 2 2 2 2 2 2 2 2 2 2 2 2 2 2 2 2 2 2 2 2 2 2 2 2 2 2 2 2 2 2 2 2 2 2 2 2 2 2 2 2 2 2 2 2 2 2 2 2 2 2 2 2 2 2 2 2 0 2 2 2 0 0 0 0 2 2 2 2 2 2 2 2 0 2 2 2 0 2 2 0 2 2 0 0 2 2 2 0 0 2 2 2 2 2 2 2 2 2 2 2 2 2 2 2 2 2 2 2 2 2 2 2 2 2 2 2 2 2 2 2 2 0 2 2 2 2 2 2 2 2 2 2 2 2 2 2 2 2 2 2 2 2 2 2 2 0 0 2 2 2 2 2 2 2 0 2 2 0 2 2 2 2 0 0 0 2 2 2 2 2 0 2 2 0 2 0 0 2 2 2 2 2 2 0 0 2 2 2 2 2 2 2 2 2 2 2 2 2 0 2 2 2 2 2 2 2 2 2 0 0 2 2 2 2 2 2 2 2 0 2 2 2 2 0 2 0 2
399 2 2 2 2 2 2 2 2 2 2 2 2 2 2 2 2 2 2 2 2 2 2 2 2 2 2 0 2 2 2 2 2 2 2 0 2 2 2 2 2 2 2 2 2 2 2 2 2 2 2 2 2 0 2 2 2 2 2 2 2 2 2 2 2 2 2 2 0 2 2 2 2 2 0 2 2 2 2 2 2 2 2 2 2 2 0 2 2 2 0 2 2 2 0 2 2 2 2 2 2 2 2 2 2 2 2 2 2 2 2 2 2 0 2 2 2 2 2 2 2 2 2 2 2 2 2 2 2 2 2 2 2 0 2 2 0 2 2 2 2 2 0 0 0 2 2 2 2 2 2 2 2 2 0 2 2 2 2 1 2 2 2 2 2 2 0 2 2 2 2 2 0 2 2 0 2 2 0 2 2 2 2 2 0 2 2 2 2 2 2 2 2 2 2 2 0 2 2 2 2 2 2 2 2 2 2 2 2 2 2 2 2 2 2 2 2 2 2 2 2 2 2 0 2 2 2 2 2 2 2 2 2 2 2 2 2 2 2 2 2 2 2 2 2 0
400 2 2 2 2 2 2 2 2 2 2 2 2 2 2 2 2 2 2 2 2 2 2 2 2 2 2 0 2 2 2 2 2 2 2 0 1 2 2 2 2 2 2 2 2 2 2 2 2 2 2 2 2 0 2 2 2 2 2 2 2 2 2 2 2 2 2 2 0 2 2 2 2 2 0 2 2 2 2 2 2 2 2 2 2 2 0 2 2 2 0 2 2 2 0 2 2 2 2 2 2 2 2 2 2 2 2 2 2 2 2 2 2 0 2 2 2 2 2 2 2 2 2 2 2 2 2 2 2 2 2 2 2 0 2 2 0 2 2 2 2 2 0 0 0 2 2 2 2 2 2 2 2 2 0 2 2 2 2 1 2 2 2 2 2 2 0 2 2 2 2 2 0 2 2 0 2 2 0 2 2 2 2 2 0 2 2 2 2 2 2 2 2 2 2 2 0 2 2 2 2 2 2 2 2 2 2 2 2 2 2 2 2 2 2 2 2 2 2 2 2 2 2 0 2 2 2 2 2 2 2 2 2 2 2 2 2 2 2 2 2 2 2 2 2 0
401 2 2 2 2 2 2 0 2 2 2 0 0 2 2 2 2 2 2 2 2 2 0 2 2 2 2 2 0 2 2 0 0 2 2 2 2 2 2 0 2 2 2 2 0 2 2 2 0 2 2 0 2 2 2 2 2 2 2 2 0 0 2 2 2 0 2 2 2 2 2 2 0 0 2 2 2 2 0 2 2 2 2 2 2 0 2 2 0 2 2 2 0 0 2 2 2 0 2 2 2 2 2 2 0 2 2 2 2 0 2 2 2 2 2 0 2 2 2 2 2 2 2 2 0 2 0 2 2 2 0 2 2 2 2 2 2 0 2 0 2 0 2 2 2 2 0 2 2 1 2 2 2 2 2 2 2 2 2 2 0 2 2 2 2 2 2 2 1 2 0 2 2 2 2 2 2 0 2 0 2 2 2 2 2 2 2 2 0 2 2 2 2 0 2 2 2 0 2 2 2 2 2 2 2 2 2 0 0 2 2 2 2 2 2 2 2 2 0 2 2 2 0 2 2 2 2 2 2 2 2 0 0 2 0 2 2 2 2 2 2 2 2 0 2 2
402 0 0 0 0 0 0 0 0 0 0 0 0 0 0 0 0 0 0 0 0 2 0 0 0 0 0 0 0 0 0 0 0 0 2 0 0 0 0 0 0 0 0 0 0 0 0 0 0 0 0 0 0 0 2 0 0 0 0 0 0 0 0 0 0 0 0 0 0 2 0 0 0 0 0 0 0 0 0 0 0 0 0 0 0 0 0 0 0 2 0 0 0 0 0 0 0 0 0 0 0 0 0 0 0 2 0 0 2 0 0 0 0 0 2 0 0 0 2 0 0 0 0 0 0 0 0 0 2 2 0 0 0 0 0 0 0 0 0 0 0 0 0 0 0 0 0 0 2 0 0 0 0 0 0 0 2 0 0 0 0 0 0 0 0 0 0 0 0 2 0 0 0 0 0 0 0 0 0 0 0 0 0 0 0 0 0 0 0 0 2 1 0 0 0 0 0 0 0 0 2 0 0 0 0 0 0 0 0 0 0 2 0 0 0 0 0 0 0 0 0 0 0 0 0 0 0 0 0 0 0 0 0 0 0 0 2 0 0 0 0 0 0 0 0 0
403 2 2 0 0 2 0 0 2 2 0 0 0 2 0 2 2 0 0 0 2 2 0 2 0 2 0 2 0 0 0 2 0 2 2 0 2 2 2 0 2 2 2 2 2 0 0 2 0 0 2 0 2 2 2 2 2 0 2 0 0 0 0 2 2 2 2 2 2 2 2 2 0 0 2 0 0 0 0 2 0 2 0 2 2 2 2 0 2 2 0 0 0 2 2 2 2 0 0 2 0 0 0 2 2 2 0 2 2 2 2 2 2 2 2 0 0 0 2 2 2 2 0 0 2 2 0 2 2 2 2 2 2 2 2 2 2 0 0 2 0 0 2 2 0 0 0 2 2 1 0 2 2 2 2 2 2 2 2 1 2 2 2 2 0 0 2 2 0 2 2 2 2 0 2 2 2 2 2 2 0 0 0 0 2 0 2 2 2 0 2 2 0 2 0 2 2 2 2 2 2 0 0 0 2 2 0 0 0 2 2 2 2 0 0 2 0 0 2 2 0 0 2 2 2 2 2 0 0 2 2 0 2 0 0 2 0 0 0 2 2 0 2 0 0 2
404 2 2 2 2 2 0 2 2 2 2 2 2 2 0 2 2 0 0 2 2 2 2 2 0 2 0 2 2 0 2 2 2 2 2 0 2 2 2 2 2 2 2 2 2 2 2 2 0 2 2 2 2 2 2 2 2 0 2 2 2 2 2 2 2 2 2 2 2 2 2 2 2 2 2 0 2 2 2 2 2 2 0 2 2 2 2 2 2 2 0 0 2 2 2 2 2 2 2 2 2 0 0 2 2 2 2 2 2 2 2 2 2 2 2 2 0 0 2 2 2 2 2 2 2 2 2 2 2 2 2 2 2 2 2 2 2 2 0 2 0 2 2 2 0 0 2 2 2 1 2 2 2 2 2 2 2 2 2 1 2 2 2 2 0 0 2 2 1 2 2 2 2 0 2 2 2 2 2 2 2 0 2 0 2 0 2 2 2 0 2 2 0 2 2 2 2 2 2 2 2 2 0 0 2 2 0 2 2 2 2 2 2 2 0 2 0 0 2 2 0 0 2 2 2 2 2 0 0 2 2 2 2 2 2 2 2 2 2 2 2 0 2 2 0 2
405 2 0 2 2 0 2 0 0 2 0 2 2 0 2 0 0 2 0 2 2 2 2 0 2 0 2 2 2 0 2 2 2 0 2 2 2 0 0 0 0 2 0 0 2 2 2 2 0 2 2 2 2 2 2 0 0 2 0 2 2 0 2 0 2 2 0 0 2 2 2 0 0 2 2 2 2 2 2 0 2 0 0 0 0 0 2 2 2 0 2 2 0 2 2 2 0 0 0 0 2 0 0 0 2 0 0 0 2 2 1 0 0 2 2 2 2 2 2 0 0 0 2 2 2 0 0 2 0 0 0 0 0 2 0 0 2 2 2 2 2 0 2 2 2 2 0 2 2 1 2 2 0 2 2 0 2 2 2 1 2 0 0 0 0 2 2 0 2 2 2 0 2 2 0 2 0 2 2 2 0 0 0 2 2 0 0 0 0 0 2 1 0 2 0 0 2 0 0 0 2 2 2 0 0 0 2 0 2 2 2 0 0 2 2 0 2 0 1 2 2 2 0 2 0 0 2 0 0 0 0 2 0 0 0 0 2 0 0 0 0 2 0 2 2 2
406 2 2 0 2 2 0 0 2 0 0 0 2 2 0 0 0 2 0 0 2 0 0 2 0 2 0 2 0 0 0 0 0 2 2 0 2 2 2 0 0 0 2 2 2 0 0 2 0 0 0 2 2 2 0 2 2 0 2 0 0 0 0 2 2 2 2 2 2 2 2 2 0 0 2 2 0 0 2 2 2 2 0 2 2 0 2 0 2 2 0 2 0 2 2 2 2 0 2 2 0 0 0 2 0 2 2 2 2 2 2 2 2 2 2 0 0 0 2 2 2 2 2 0 2 0 0 0 2 2 0 2 2 2 2 2 2 2 0 2 2 2 2 0 2 0 2 2 2 0 0 2 2 2 2 2 2 2 2 2 2 0 2 2 0 2 2 2 0 2 2 2 2 2 2 2 0 2 2 2 0 2 2 2 2 0 2 0 0 0 2 2 2 2 2 2 2 0 0 2 2 0 0 2 2 2 0 0 2 2 0 2 2 0 0 2 0 2 0 2 0 0 0 2 2 2 2 2 0 2 0 2 0 0 2 2 2 2 0 2 2 0 2 2 0 2
407 2 2 2 2 2 2 2 2 2 2 2 2 2 2 0 2 2 0 2 2 2 2 2 2 2 2 2 2 0 2 0 2 2 2 2 2 2 2 0 2 2 2 2 2 2 2 2 2 2 2 2 2 2 0 2 2 0 2 2 0 2 2 2 2 2 2 2 2 2 2 2 0 2 2 2 2 2 2 2 2 2 2 2 2 2 2 2 2 0 2 2 0 2 2 2 2 0 2 2 2 2 2 2 0 2 2 2 2 2 2 2 2 2 2 2 2 2 2 2 2 2 2 0 2 2 2 2 2 2 2 2 2 2 2 2 2 0 2 2 2 2 2 2 2 2 2 2 2 1 2 2 2 2 2 2 0 2 0 2 2 0 2 2 2 2 2 2 2 2 2 2 2 2 2 2 2 2 2 2 2 2 2 2 2 2 2 2 2 2 2 2 2 2 2 2 2 2 2 2 1 2 2 2 2 2 0 0 2 2 2 2 2 2 2 0 2 2 2 2 2 2 2 2 2 2 2 2 2 0 0 2 2 2 2 2 2 2 2 2 2 2 2 2 2 2
408 2 2 2 2 2 2 2 2 2 2 2 2 2 2 2 2 2 2 2 2 2 2 2 2 2 2 2 2 2 2 2 2 2 2 2 2 2 2 2 2 2 2 0 2 2 2 0 2 2 2 2 0 2 2 2 2 2 2 2 2 2 2 2 2 2 2 2 2 2 2 0 2 2 2 2 2 2 2 2 2 2 2 2 2 2 2 2 2 2 2 2 2 2 2 2 2 2 2 2 2 2 2 2 2 2 2 2 0 2 2 2 2 2 2 2 2 2 0 2 2 2 2 2 2 2 2 2 2 2 2 2 2 2 2 2 2 2 2 2 2 2 2 2 2 2 2 0 2 2 2 2 2 0 2 2 2 2 2 2 2 2 2 0 2 2 2 2 2 2 2 2 2 2 2 2 2 2 2 2 2 2 2 2 2 2 2 2 0 2 2 2 2 2 2 2 2 2 2 0 1 2 2 2 2 2 2 2 2 0 2 2 2 2 2 2 2 2 2 2 2 2 2 2 2 2 2 2 2 2 2 2 2 2 2 2 2 2 2 2 0 2 2 2 2 2
409 2 2 2 2 2 2 0 2 2 2 2 2 2 2 2 2 2 2 0 2 2 2 2 2 2 2 2 2 2 0 2 2 2 2 2 2 2 2 2 2 2 2 2 2 2 2 2 2 0 2 2 2 0 2 2 2 2 2 2 2 2 2 2 2 2 2 2 2 2 2 2 2 2 0 2 0 2 2 2 2 2 2 0 0 2 2 2 2 2 2 2 2 2 2 2 2 2 2 2 2 2 2 2 2 2 2 2 2 2 2 2 2 2 2 2 2 2 2 2 2 2 0 0 2 2 0 2 2 2 2 2 2 2 2 2 2 2 2 2 2 2 2 2 2 0 2 2 2 2 2 2 2 2 2 2 2 0 2 2 2 2 2 2 2 2 2 2 2 2 2 2 2 2 2 2 2 0 2 2 2 2 2 2 2 2 2 2 2 2 2 2 2 2 2 2 2 2 2 2 2 2 2 2 2 2 2 2 2 2 2 2 0 2 0 2 2 2 2 2 2 2 2 2 2 2 2 2 2 2 2 2 2 2 0 0 0 2 2 2 2 2 2 2 2 2
410 0 0 2 0 0 0 0 0 0 0 2 0 0 0 0 0 0 2 0 0 0 2 0 0 0 0 0 2 2 0 2 2 0 0 0 0 0 0 0 2 0 0 0 0 0 2 0 0 0 0 0 0 0 0 0 0 0 0 2 2 0 0 0 0 0 0 0 0 2 0 0 0 0 0 0 0 2 0 0 0 0 0 0 0 0 0 2 0 0 0 0 0 0 0 0 0 0 0 0 2 0 0 0 2 0 0 0 0 0 0 0 0 0 0 2 0 0 0 0 0 0 0 0 0 0 0 0 0 0 0 0 0 0 0 0 0 0 0 0 0 0 0 0 0 0 0 0 0 0 0 0 0 0 0 0 0 0 0 0 0 0 0 0 0 0 0 0 0 0 0 0 0 0 0 0 0 0 0 0 0 0 0 0 0 0 0 0 0 0 0 0 0 0 0 0 0 0 0 0 0 0 0 0 0 0 0 0 0 0 2 0 0 2 0 0 0 0 0 0 0 0 0 0 0 0 0 0 0 0 0 0 0 0 0 0 0 0 0 0 0 0 0 0 0 0
411 0 0 2 0 2 2 2 0 2 2 2 0 2 2 0 2 2 2 0 2 2 2 2 2 2 2 2 2 2 0 2 2 2 2 2 2 2 0 0 2 0 2 2 2 2 2 2 2 0 2 0 2 0 2 2 2 2 0 2 2 2 2 2 2 2 2 0 2 2 0 2 0 0 0 2 0 2 0 2 2 2 2 0 0 2 2 2 2 2 2 2 0 2 2 0 2 0 2 0 2 2 2 0 2 0 2 2 2 0 0 2 2 2 0 2 2 2 2 2 2 2 0 0 2 2 2 0 2 2 2 0 2 2 2 2 2 0 2 2 2 2 2 2 2 2 0 2 2 1 2 0 2 2 2 0 2 2 0 2 0 2 0 2 2 2 2 2 1 0 0 0 2 2 2 2 2 2 2 0 2 2 2 2 2 2 0 0 2 2 0 0 2 2 2 2 2 2 2 2 2 2 2 2 2 2 0 0 2 2 2 2 0 2 2 0 2 2 1 0 2 2 2 2 0 0 0 2 2 0 2 2 2 2 0 0 2 2 2 2 2 2 2 2 2 2
412 2 1 2 2 2 2 2 2 2 2 1 2 2 2 2 2 2 1 2 2 2 2 2 2 2 2 2 2 1 2 1 2 2 2 2 2 2 1 2 2 2 2 2 2 2 2 2 2 2 2 2 2 2 2 2 2 2 1 2 2 2 2 2 2 2 2 1 2 2 1 2 2 2 2 2 2 2 2 1 1 2 2 2 2 2 2 2 2 2 2 1 2 2 2 2 2 2 2 2 2 2 2 1 2 2 2 2 2 2 2 2 2 2 2 2 1 2 2 1 2 2 1 1 2 2 2 2 2 2 2 2 2 2 2 1 2 2 2 2 2 2 1 2 2 2 0 2 2 2 1 2 2 2 2 1 2 1 2 2 2 1 2 2 1 2 2 2 2 2 2 2 2 2 2 2 2 2 2 2 2 2 1 2 2 2 2 2 2 2 2 1 2 2 1 2 2 2 2 2 2 2 2 2 1 1 2 2 2 2 1 2 2 2 2 1 2 2 2 2 2 2 1 2 2 2 2 2 2 2 2 2 2 2 2 2 2 1 2 1 2 2 2 2 2 1
413 2 2 2 2 2 0 2 2 2 2 2 2 2 2 2 2 0 2 2 2 2 2 2 2 2 2 0 2 2 2 2 2 0 2 0 0 2 2 2 2 2 0 2 2 2 2 2 2 2 2 2 2 2 2 2 2 2 2 2 2 2 2 0 2 2 2 2 2 2 2 2 2 2 2 0 2 2 2 2 2 0 0 2 2 2 0 2 0 2 0 1 2 2 0 2 0 2 2 2 2 0 2 2 2 2 2 0 2 2 2 2 0 0 2 2 2 0 2 2 0 2 2 2 2 0 2 2 2 2 2 2 2 0 0 2 0 2 0 2 0 2 1 0 0 2 2 2 0 1 2 2 0 2 0 2 0 2 2 1 2 2 2 2 1 0 0 0 2 2 2 2 0 0 2 0 2 2 0 2 2 0 2 0 0 0 2 2 2 0 2 2 0 0 2 0 0 2 2 2 2 2 0 2 2 2 2 2 2 2 2 0 2 2 2 2 2 2 2 2 2 2 2 2 2 2 2 0 0 2 2 2 2 2 2 2 2 1 2 2 2 0 0 0 0 1
414 2 0 2 1 2 2 2 2 2 2 2 2 2 2 2 2 2 2 2 2 2 2 2 2 0 2 2 2 2 2 2 2 2 0 2 2 2 0 0 2 0 2 0 2 2 2 0 2 2 2 0 0 2 0 2 2 2 0 2 2 2 2 2 2 2 2 0 2 2 2 0 0 2 2 2 2 2 2 2 2 2 2 2 2 2 2 2 2 2 2 2 0 2 1 0 2 0 2 2 2 2 2 0 2 0 2 2 0 2 0 2 2 2 2 2 2 2 2 2 2 0 2 2 2 2 2 0 0 0 2 2 2 2 2 2 2 0 2 2 2 2 2 2 2 2 0 0 2 1 2 2 2 0 2 0 2 2 0 0 2 2 2 0 2 2 2 2 1 2 2 0 2 2 2 2 2 2 2 2 2 2 2 2 2 2 0 0 0 2 2 2 2 2 2 2 2 2 2 0 1 2 2 2 2 2 0 1 2 0 2 0 2 2 2 0 2 2 2 2 2 2 2 2 2 0 2 2 2 0 2 2 2 2 2 2 2 2 2 2 0 2 2 2 2 2
415 2 2 2 2 0 2 2 2 2 2 2 2 0 2 2 2 2 2 2 2 2 2 0 2 2 2 2 2 2 2 2 2 2 2 2 2 0 2 2 2 2 2 2 2 2 2 2 2 2 2 2 2 2 2 0 0 2 2 2 2 2 2 2 2 2 0 2 2 2 2 2 2 2 2 2 2 2 2 0 2 2 2 2 2 2 2 2 2 2 2 2 2 2 2 2 2 2 2 2 2 2 2 2 2 2 2 2 2 2 2 2 2 2 2 2 2 2 2 0 2 2 2 2 2 2 2 2 2 2 2 2 0 2 2 2 2 2 2 2 2 0 2 2 2 2 2 2 2 2 2 2 2 2 2 2 2 2 2 2 2 2 2 2 2 2 2 2 2 2 2 2 2 2 2 2 2 2 2 2 2 2 2 2 2 2 2 2 2 2 2 2 2 2 2 2 2 2 2 2 2 2 2 2 0 2 2 2 2 2 2 2 2 2 2 2 2 2 2 2 2 2 2 2 2 2 2 2 2 2 2 2 2 2 2 2 2 2 2 0 2 2 2 2 2 2
416 2 2 2 2 2 0 2 2 2 2 2 2 2 2 2 2 0 2 2 2 2 2 2 2 2 2 0 2 2 2 2 2 0 2 0 0 2 2 2 2 2 0 2 2 2 2 2 2 2 2 2 2 2 2 2 2 2 2 2 2 2 2 0 2 2 2 2 2 2 2 2 2 2 2 0 2 2 2 2 2 2 2 2 2 2 0 2 0 2 0 0 2 2 0 2 0 2 2 2 2 0 2 2 2 2 2 2 2 2 2 2 0 0 2 2 2 0 2 2 0 2 2 2 2 2 2 2 2 2 2 2 2 2 0 2 0 2 0 2 0 2 0 0 0 2 2 2 0 1 2 2 0 2 0 2 0 2 2 1 2 2 2 2 2 0 0 2 2 0 2 2 0 0 2 0 0 2 0 2 2 0 2 0 0 0 2 2 2 2 2 2 0 0 2 2 0 2 0 2 2 2 0 2 2 2 2 2 2 2 2 0 2 2 2 2 2 2 2 2 2 2 2 2 2 2 2 0 2 2 2 2 2 2 2 2 2 0 2 2 2 0 2 0 2 0
417 2 2 2 2 2 2 2 0 2 2 2 2 2 2 0 2 2 2 2 2 2 2 2 2 2 2 2 2 2 2 2 2 2 2 2 2 2 2 0 2 2 2 2 2 2 2 2 2 2 2 2 2 2 2 2 2 2 2 2 2 2 2 2 2 2 2 2 2 2 2 2 0 2 2 2 2 2 2 2 2 2 2 2 2 2 2 2 2 2 2 2 0 2 2 2 2 0 2 0 2 2 2 2 2 0 2 2 2 0 2 2 2 2 2 2 2 2 2 2 2 2 2 2 2 2 2 2 0 2 2 0 2 2 2 2 2 2 2 2 2 2 2 2 2 2 2 2 2 1 2 2 2 2 2 2 2 2 0 2 2 2 2 2 2 2 2 2 1 2 2 2 2 2 2 2 2 2 2 2 2 2 2 2 2 2 2 2 2 2 2 2 2 2 2 2 2 2 2 2 1 2 2 2 2 2 2 0 2 2 2 2 2 2 2 0 2 2 2 2 2 2 2 2 2 2 2 2 2 0 2 2 2 2 2 2 2 2 2 2 2 2 2 2 2 2
418 2 0 2 2 0 2 2 2 2 2 0 2 0 0 2 2 2 2 2 2 2 2 0 0 0 2 2 2 2 2 2 2 2 2 2 2 0 0 2 2 2 2 2 2 2 2 2 0 2 0 2 2 2 2 0 0 2 0 2 2 2 0 2 2 2 0 0 2 2 2 2 2 2 2 2 2 2 2 0 2 2 2 2 2 2 2 2 2 2 2 2 2 2 2 2 2 2 2 2 2 2 2 0 2 2 2 2 2 2 2 2 2 2 2 2 2 2 2 0 2 0 2 0 2 2 2 2 2 2 2 2 0 2 2 2 2 2 2 2 2 0 2 2 2 2 2 2 2 2 2 2 2 2 2 2 2 0 2 1 2 2 2 2 2 2 2 2 2 2 2 2 2 2 2 2 2 2 2 2 2 2 2 2 2 2 2 2 2 2 2 2 2 2 2 2 2 2 2 0 2 2 2 2 0 2 2 2 0 2 2 2 2 2 2 2 2 2 2 2 2 2 2 2 2 2 2 2 2 2 2 0 2 2 2 2 0 2 2 0 0 2 2 2 2 2
419 2 2 2 2 2 2 2 2 2 2 2 2 2 2 2 2 2 2 2 2 2 2 2 2 2 2 2 2 2 2 2 2 2 2 2 2 2 2 2 2 2 2 2 2 2 2 2 2 2 2 2 2 2 2 2 2 2 2 2 2 2 2 2 2 2 2 2 2 2 2 2 2 2 2 2 2 2 2 2 2 0 0 2 2 2 2 2 2 2 2 2 2 2 2 2 2 2 2 2 2 2 2 2 2 2 2 0 2 2 2 2 2 2 2 2 2 2 2 2 2 2 2 2 2 2 2 2 2 2 2 2 2 0 2 2 2 2 2 2 2 2 2 2 2 2 2 2 2 2 2 2 2 2 2 2 2 2 2 2 2 2 2 2 0 2 2 0 2 2 2 2 2 2 2 2 2 2 2 2 2 2 2 2 2 2 2 2 2 0 2 2 2 2 2 0 2 2 2 2 2 2 2 0 2 2 2 2 2 2 2 2 2 2 2 2 2 0 2 2 2 2 2 2 2 2 2 2 0 2 2 2 2 2 2 2 2 2 2 2 2 2 0 2 0 2
420 2 2 2 2 2 2 2 2 2 2 2 2 2 2 2 2 2 2 2 2 2 2 2 2 2 2 0 2 2 2 2 2 2 2 2 0 2 2 2 2 2 2 2 2 2 2 2 2 2 2 2 2 2 2 2 2 2 2 2 2 2 2 2 2 2 2 2 2 2 2 2 2 2 2 2 2 2 2 2 2 2 2 2 2 2 0 2 0 2 2 0 2 2 2 2 2 2 2 2 2 0 2 2 2 2 2 2 2 2 2 2 2 2 2 2 2 2 2 2 2 2 2 2 2 2 2 2 2 2 2 2 2 0 2 2 0 2 2 2 2 2 0 0 2 2 2 2 2 2 2 2 2 2 0 2 0 2 2 2 2 2 2 2 2 2 0 2 2 2 2 2 2 2 2 2 2 2 0 2 2 2 2 2 0 2 2 2 2 2 2 2 2 0 2 2 0 2 2 2 2 2 2 2 0 2 2 2 2 2 2 0 2 2 2 2 2 2 2 2 2 2 2 2 2 2 2 2 2 2 2 2 2 2 2 2 2 2 2 2 2 2 2 2 2 0
421 2 0 0 2 0 2 0 2 0 2 2 2 0 2 2 0 2 0 0 2 2 2 0 2 2 0 2 2 0 0 2 2 2 2 2 2 0 0 2 2 2 2 0 2 2 0 2 2 2 2 2 0 2 0 0 0 0 0 0 2 2 2 2 2 2 0 0 2 2 2 0 2 2 2 2 0 0 2 2 0 2 0 2 2 0 2 0 2 2 2 2 2 2 0 2 2 2 2 2 0 2 0 0 2 2 2 2 2 0 2 0 0 0 2 2 0 2 2 2 2 0 0 2 2 2 0 2 0 2 0 2 0 2 2 2 2 2 2 2 2 2 2 2 2 2 0 0 2 2 2 2 2 2 2 0 2 2 2 2 2 2 2 0 0 2 2 2 2 2 2 2 0 2 2 2 2 2 2 2 2 2 0 0 2 2 0 2 0 0 2 2 2 2 2 0 2 2 2 2 1 2 2 2 0 2 0 2 0 2 2 2 2 0 2 2 2 2 2 0 2 2 2 2 0 2 0 2 2 2 2 0 0 2 0 2 0 2 2 2 2 2 0 2 2 2
422 2 2 2 2 2 2 2 2 2 2 2 2 2 2 2 2 2 2 2 2 2 2 2 2 2 2 2 2 2 2 2 2 2 2 2 2 2 2 2 2 2 2 2 2 2 2 2 2 2 2 2 2 2 2 2 2 0 2 2 2 2 2 2 2 2 2 2 2 2 2 2 0 2 2 2 2 2 2 2 2 2 2 2 2 2 2 2 2 2 2 2 2 2 2 2 2 0 2 2 2 2 2 2 2 2 2 2 2 0 2 0 2 2 2 2 2 2 2 2 2 0 2 2 2 2 2 2 0 0 2 2 2 2 2 2 2 0 2 2 2 2 2 2 2 2 2 2 2 1 2 2 2 0 2 2 2 2 0 2 2 2 2 0 2 2 2 2 1 2 2 2 2 2 2 2 2 2 2 2 2 2 2 2 2 2 2 2 0 2 2 2 2 2 2 2 2 2 2 2 1 2 2 2 2 2 2 0 2 2 2 2 2 2 2 0 2 2 2 2 2 0 2 2 2 2 2 2 2 0 2 2 2 2 2 2 2 2 2 2 2 2 2 2 2 2
423 2 2 2 2 2 0 2 2 2 2 2 2 2 2 2 2 2 2 2 2 2 2 2 2 2 2 0 2 2 2 2 2 2 2 0 0 2 2 2 2 2 2 2 2 2 2 2 2 2 2 2 2 2 2 2 2 2 2 2 2 2 2 2 2 2 2 2 2 2 2 2 2 2 2 2 2 2 2 2 2 2 2 2 2 2 2 2 0 2 0 2 2 2 2 2 2 2 2 2 2 0 2 2 2 2 2 2 2 2 2 2 2 2 2 2 2 0 2 2 2 2 2 2 2 2 2 2 2 2 2 2 2 2 2 2 2 2 2 2 2 2 2 0 0 2 2 2 2 1 2 2 2 2 2 2 0 2 2 1 2 2 2 2 2 2 2 2 2 2 2 2 2 2 2 2 0 2 2 2 2 2 2 2 0 2 2 2 2 2 2 2 2 0 2 2 2 2 0 2 2 2 2 2 0 2 2 2 2 2 2 0 2 2 2 2 2 2 2 2 2 2 2 2 2 2 2 2 2 2 2 2 2 2 2 2 2 2 2 2 2 0 2 2 2 2
424 0 2 2 2 2 2 2 2 2 2 2 2 2 2 2 2 2 2 2 2 2 2 0 2 2 2 2 2 2 2 2 2 2 2 2 2 0 2 2 2 2 2 2 2 2 2 2 2 2 2 2 2 2 2 0 0 2 2 2 2 2 2 2 2 2 2 2 2 2 2 2 2 2 2 2 2 2 2 2 2 2 2 2 2 2 2 2 2 0 2 2 2 2 2 2 2 2 2 2 2 2 2 2 2 2 2 2 2 2 2 2 2 2 0 2 2 2 0 2 2 2 2 2 2 2 2 2 2 2 2 2 2 2 2 2 2 2 2 2 2 2 2 2 2 2 2 2 2 2 2 2 0 2 2 0 2 2 2 2 0 2 2 2 2 2 2 2 2 2 0 2 2 2 0 2 2 2 2 0 2 2 2 2 2 2 2 2 2 2 0 1 2 2 2 2 2 2 2 0 1 2 2 2 2 2 2 2 2 2 2 2 2 2 2 2 2 2 2 0 2 2 2 2 2 2 0 2 2 2 2 2 2 2 2 2 2 2 2 2 0 2 2 2 2 2
425 2 2 2 2 2 2 2 2 2 2 2 2 2 2 2 2 2 2 2 2 2 2 2 2 2 2 2 2 2 2 2 2 2 2 2 2 2 2 2 2 2 2 2 2 2 2 2 2 2 2 2 2 2 2 2 2 2 2 2 2 2 2 2 2 2 2 2 2 2 2 2 2 2 2 2 2 2 2 2 2 0 2 2 2 2 2 2 2 2 2 2 2 2 2 0 2 2 2 2 2 2 2 2 2 2 2 0 2 2 2 2 2 2 2 2 2 2 2 2 2 2 2 2 2 2 2 2 2 2 2 2 2 2 2 2 2 2 0 2 2 2 2 2 2 2 0 2 2 2 2 2 2 2 2 2 2 2 2 2 2 2 2 2 2 2 2 0 2 2 2 2 2 2 2 2 2 2 2 2 2 2 2 0 2 2 0 2 2 2 2 2 2 2 2 2 2 2 2 2 2 2 2 0 2 2 2 2 2 2 2 2 2 2 2 2 2 0 2 2 2 2 2 2 2 2 2 2 0 2 2 2 2 2 2 2 2 2 2 2 2 2 2 0 0 2
426 2 2 2 2 2 2 2 2 2 2 2 2 2 2 2 2 2 2 2 2 2 2 2 2 2 2 2 2 2 2 2 2 2 0 2 2 2 2 2 2 2 2 2 2 2 2 2 2 2 2 2 2 2 0 2 2 0 2 2 2 2 2 2 2 2 2 2 2 2 2 2 2 2 2 2 2 2 2 2 0 2 2 2 2 2 2 2 2 2 2 2 2 2 0 2 2 2 2 2 2 2 2 2 2 0 0 2 2 0 2 0 2 0 2 2 2 2 2 2 2 2 2 2 2 2 2 2 0 0 2 2 2 2 2 2 2 2 2 2 2 2 2 2 2 2 2 2 2 2 2 2 2 2 2 2 2 2 2 2 2 2 2 2 2 2 2 2 2 2 2 2 2 2 2 2 2 2 2 2 2 2 0 2 2 2 2 2 2 2 2 2 2 2 0 2 2 2 2 2 2 2 2 2 2 2 0 2 2 2 2 2 2 2 2 2 2 2 2 2 2 2 2 2 2 2 2 2 2 2 2 2 2 2 2 2 2 0 2 2 2 2 2 2 2 2
427 2 2 2 2 2 2 2 2 2 2 2 2 2 2 2 2 2 2 0 2 2 2 2 2 2 2 2 2 2 0 2 2 2 2 2 2 2 2 2 2 2 2 0 2 2 2 0 2 2 2 2 0 2 2 2 2 0 2 2 2 2 2 0 2 0 2 2 2 2 2 0 2 2 2 2 0 2 2 2 2 2 0 2 2 2 2 2 2 2 2 2 2 2 0 2 2 0 2 2 2 2 0 2 2 0 2 2 2 0 2 0 2 0 2 2 2 2 2 2 2 0 2 2 2 2 2 2 0 0 2 2 2 2 2 2 2 2 2 2 2 2 2 2 2 2 2 0 0 1 2 2 2 0 2 2 2 2 2 2 2 2 2 0 0 2 2 2 1 0 2 2 0 2 2 2 2 2 2 2 2 2 2 2 2 2 2 2 0 0 2 2 2 2 2 0 2 2 2 2 2 2 2 2 2 2 2 2 2 0 2 2 2 2 2 2 2 2 1 2 2 2 2 2 2 2 2 2 2 0 2 2 2 2 2 2 2 2 2 2 2 2 0 2 2 2
428 2 2 2 2 2 2 2 2 2 2 2 2 2 2 2 2 2 2 2 2 2 2 2 2 2 2 2 2 2 2 2 2 2 2 2 2 2 2 2 2 2 2 0 2 2 2 0 2 2 2 2 0 2 2 2 2 2 2 2 2 2 2 2 2 2 2 2 2 2 2 0 2 2 2 2 2 2 2 2 2 2 0 2 2 2 2 2 2 2 2 2 2 2 2 2 2 2 2 2 2 2 0 2 2 2 2 2 2 2 2 2 2 2 2 2 2 2 2 2 2 2 2 2 2 2 2 2 2 2 2 2 2 2 2 2 2 2 2 2 2 2 2 2 2 2 2 0 2 2 2 2 2 2 2 2 2 2 2 2 2 2 2 2 0 2 2 2 2 2 2 2 0 2 2 2 2 2 2 2 2 2 2 2 2 2 2 2 2 0 2 2 2 2 2 0 2 2 2 2 2 2 2 2 2 2 2 2 2 0 2 2 2 2 2 2 2 2 2 2 2 2 2 2 2 2 2 2 2 2 2 2 2 2 2 2 2 2 2 2 2 2 0 2 2 2
429 2 2 2 2 2 0 2 2 2 2 2 2 2 2 2 2 2 2 2 2 2 2 2 2 2 2 0 2 2 2 2 2 0 2 0 0 2 2 2 2 2 0 2 2 2 2 2 2 2 2 2 2 2 2 2 2 2 2 2 2 2 2 2 2 2 2 2 2 2 2 2 2 2 2 2 2 2 2 2 2 2 2 2 2 2 0 2 0 2 0 0 2 2 0 2 0 2 2 2 2 0 2 2 2 2 2 2 2 2 2 2 2 0 2 2 2 0 2 2 0 2 2 2 2 2 2 2 2 2 2 2 2 2 0 2 0 2 2 2 2 2 2 0 0 2 2 2 2 1 2 2 2 2 2 2 0 2 2 1 2 2 2 2 2 2 0 2 2 2 2 2 2 2 2 0 0 2 2 2 2 2 2 2 0 2 2 2 2 2 2 2 2 0 2 2 0 2 0 2 2 2 2 2 2 2 2 2 2 2 2 0 2 2 2 2 2 2 2 2 2 2 2 2 2 2 2 2 2 2 2 2 2 2 2 2 2 2 2 2 2 0 2 2 2 2
430 2 2 2 2 2 2 2 2 2 2 2 2 2 2 2 2 2 2 2 2 2 2 2 2 2 2 2 2 2 2 2 2 2 2 2 2 2 2 2 2 2 2 0 2 2 2 0 2 2 2 2 0 2 2 2 2 2 2 2 2 2 2 2 2 2 2 2 2 2 2 0 2 2 2 2 2 2 2 2 2 2 0 2 2 2 2 2 2 2 2 2 2 2 2 2 2 2 2 2 2 2 0 2 2 2 2 0 2 0 2 2 2 2 2 2 2 2 2 2 2 2 2 2 2 2 2 2 2 0 2 2 2 2 2 2 2 2 2 2 2 2 2 2 2 2 2 0 2 2 2 2 2 2 2 2 2 2 0 2 2 2 2 2 0 2 2 2 2 2 2 2 0 2 2 2 2 2 2 2 2 2 2 2 2 2 2 2 2 0 2 2 2 2 2 0 2 2 2 2 2 2 2 2 2 2 2 2 2 0 2 2 2 2 2 2 2 2 2 2 2 2 2 2 2 2 2 2 0 2 2 2 2 2 2 2 2 2 2 2 2 2 0 2 0 2
431 2 2 0 2 2 2 2 2 0 2 0 2 2 2 2 2 2 2 2 2 2 2 2 2 2 0 2 2 2 2 2 2 2 0 2 2 2 2 2 2 2 2 2 2 2 0 2 2 0 2 2 2 2 0 2 2 0 2 0 2 2 2 2 2 2 2 2 2 2 2 2 0 2 2 2 2 0 2 2 0 2 2 2 2 2 2 0 2 2 2 2 2 2 2 2 2 2 2 2 0 2 2 2 2 2 0 2 0 2 2 2 2 2 2 2 2 2 2 2 2 0 2 2 2 2 2 2 2 2 0 2 2 2 2 2 2 2 2 2 2 2 2 2 2 2 0 2 0 2 2 2 2 2 2 2 2 2 2 2 2 2 2 0 2 2 2 2 2 2 2 2 2 2 2 2 2 2 2 2 2 2 0 2 2 2 2 2 0 2 2 2 2 2 0 2 2 2 2 2 2 2 2 2 2 2 2 2 2 2 2 2 2 0 2 2 2 2 2 2 2 2 2 2 2 2 2 2 2 2 2 2 2 2 2 2 2 0 2 2 2 2 2 2 2 2
432 2 0 0 2 2 0 2 2 0 2 0 2 2 0 0 2 0 2 2 2 2 2 2 0 2 0 0 2 2 2 2 2 0 0 0 0 2 0 0 2 2 0 2 2 2 0 2 0 0 2 2 2 0 0 2 2 0 0 0 2 2 0 0 2 2 2 0 2 2 2 2 0 2 0 0 2 0 2 2 0 0 2 2 0 2 0 0 0 2 0 0 0 2 0 0 0 0 0 2 0 0 2 0 2 2 0 2 2 2 0 2 2 0 2 2 2 0 2 0 0 0 2 2 2 2 2 2 2 2 0 2 0 2 0 0 0 2 0 2 0 0 2 0 0 2 0 2 0 0 0 2 2 2 2 2 0 0 2 1 2 2 2 0 2 0 0 0 1 2 2 0 2 0 2 0 0 2 2 2 2 2 0 0 0 2 0 0 0 2 2 2 2 0 0 2 0 2 0 2 2 0 0 0 2 0 2 2 0 2 0 0 0 0 2 2 2 0 1 2 2 2 2 2 2 2 2 2 2 0 2 0 2 2 2 0 2 0 2 0 2 0 2 0 2 2
433 2 2 2 2 2 0 2 2 2 2 2 2 2 2 2 2 2 2 2 2 2 2 2 2 2 2 0 2 2 2 2 2 0 2 0 0 2 2 2 2 2 0 2 2 2 2 2 2 2 2 2 2 0 2 2 2 2 2 2 2 2 2 2 2 2 2 2 2 2 2 2 2 2 0 2 2 2 2 2 2 2 2 2 2 2 0 2 0 2 0 0 2 2 0 2 1 2 2 2 2 0 2 2 2 2 2 2 2 2 2 2 2 0 2 2 2 0 2 2 0 2 2 2 2 2 2 2 2 2 2 2 2 2 1 2 0 2 2 2 2 2 2 0 0 2 2 2 2 1 2 2 2 2 2 2 0 2 2 1 2 2 2 2 2 2 0 2 1 2 2 2 2 2 2 0 0 2 2 2 2 2 2 2 0 2 2 2 2 2 2 2 2 0 2 2 0 2 0 2 2 2 2 2 2 2 2 2 2 2 2 0 2 2 2 2 2 2 2 2 2 2 2 2 2 2 2 2 2 2 2 2 2 2 2 2 2 2 2 2 2 0 2 2 2 2
434 2 0 0 2 0 0 2 2 0 0 0 2 0 0 0 2 0 0 0 2 0 0 2 0 0 0 0 0 0 0 2 0 0 2 0 0 2 0 0 0 0 0 2 2 0 0 2 0 0 2 2 2 0 0 2 2 0 0 0 0 2 0 0 2 2 0 0 2 2 2 2 0 2 0 0 0 0 2 2 0 0 2 0 0 0 0 0 0 2 0 0 0 0 0 0 0 0 0 2 0 0 2 0 2 2 0 2 0 2 0 2 0 0 2 2 0 0 2 0 0 0 2 0 2 0 2 0 2 2 0 2 0 0 0 0 0 2 2 2 0 0 0 0 0 2 2 2 0 0 0 2 2 2 0 2 0 0 2 0 2 2 0 0 2 0 0 0 1 2 2 0 2 0 2 0 0 2 0 2 0 0 0 0 0 2 0 0 0 2 2 1 0 0 0 2 0 0 0 2 2 0 0 0 2 0 2 2 0 2 0 0 0 0 2 2 2 0 0 2 2 2 0 2 2 0 2 0 2 0 2 0 0 0 0 0 0 0 0 0 2 0 2 0 2 0
435 2 0 2 2 2 0 2 2 2 2 2 2 2 2 0 2 0 2 2 2 2 2 2 2 2 2 0 2 2 2 2 2 0 2 0 0 2 0 2 2 2 0 2 2 2 2 2 2 2 2 2 2 0 2 2 2 2 0 2 2 2 2 0 2 2 2 0 2 2 2 2 2 2 0 0 2 2 2 2 2 0 2 2 0 2 0 2 0 2 0 0 2 2 0 0 0 2 2 2 2 0 2 0 2 2 2 2 2 2 0 2 2 0 2 2 2 0 2 0 0 2 2 2 2 2 2 2 2 2 2 2 0 0 0 2 0 2 0 2 0 2 0 0 0 2 2 2 2 1 2 2 2 2 0 2 0 0 2 1 2 2 2 2 2 0 0 0 2 2 2 0 2 0 2 0 0 2 0 2 2 0 2 0 0 2 0 0 2 2 2 1 0 0 2 2 0 2 0 2 2 2 0 0 2 2 2 2 0 2 2 0 0 2 2 2 2 0 2 2 2 2 2 2 2 2 2 0 2 2 2 0 2 2 2 0 2 2 2 0 2 0 2 0 2 0
436 2 0 2 2 2 2 2 2 2 2 2 2 2 2 2 2 2 2 2 2 2 2 2 2 2 2 2 2 2 2 2 2 2 2 2 2 2 0 2 2 2 2 2 2 2 2 2 2 2 2 2 2 2 2 2 2 2 0 2 2 2 2 0 2 2 2 0 2 2 2 2 2 2 2 2 2 2 2 2 2 2 2 2 0 2 2 2 2 2 2 2 2 2 2 2 2 2 2 2 2 2 2 0 2 2 2 2 2 2 0 2 2 2 2 2 2 2 2 0 2 2 2 2 2 2 2 2 2 2 2 2 0 2 2 2 2 2 2 2 2 2 2 2 2 2 2 2 2 2 2 2 2 2 2 2 2 2 2 2 2 2 2 2 2 2 2 2 2 2 2 0 2 2 2 2 2 2 2 2 2 2 2 2 2 2 2 0 2 2 2 2 2 2 2 2 2 2 2 2 2 2 2 2 2 2 2 2 2 2 2 2 0 2 2 2 2 2 2 2 2 2 2 2 2 2 2 2 2 2 2 2 2 2 2 0 2 2 2 0 2 2 2 2 2 2
437 2 2 2 2 2 0 2 2 2 2 2 2 2 2 2 2 2 2 2 2 2 2 2 2 2 2 0 2 2 2 2 2 0 2 0 0 2 2 2 2 2 0 2 2 2 2 2 2 2 2 2 2 2 2 2 2 2 2 2 2 2 2 2 2 2 2 2 2 2 2 2 2 2 2 2 2 2 2 2 2 2 2 2 2 2 0 2 0 2 0 2 2 2 2 2 0 2 2 2 2 0 2 2 2 2 2 2 2 2 2 2 2 2 2 2 2 0 2 2 0 2 2 2 2 2 2 2 2 2 2 2 2 2 0 2 0 2 2 2 2 2 2 0 0 2 2 2 2 1 2 2 2 2 2 2 0 2 2 1 2 2 2 2 2 2 0 2 2 2 2 2 2 2 2 0 0 2 2 2 2 2 2 2 0 2 2 2 2 2 2 2 2 0 2 2 0 2 0 2 2 2 2 2 2 2 2 2 2 2 2 0 2 2 2 2 2 2 2 2 2 2 2 2 2 2 2 2 2 2 2 2 2 2 2 2 2 2 2 2 2 0 2 2 2 2
438 2 2 2 2 2 2 2 2 2 2 2 2 2 2 2 0 2 2 2 2 2 2 2 2 2 2 2 2 2 2 2 2 0 2 2 2 2 2 2 2 2 0 2 2 2 2 2 2 2 2 0 2 2 2 2 2 2 2 2 2 2 2 0 2 2 2 2 2 2 0 2 2 2 2 2 2 2 2 2 2 2 2 0 2 2 2 2 2 2 2 2 2 0 2 2 0 2 2 2 2 2 2 2 2 2 2 2 2 2 0 2 2 2 2 2 2 2 2 0 0 2 2 2 2 2 2 2 2 2 2 2 0 2 0 2 2 2 2 2 2 2 2 2 2 2 2 2 2 2 2 0 2 2 2 0 2 2 2 2 2 2 2 2 2 2 2 2 2 2 2 2 2 2 2 2 2 2 2 2 2 2 2 2 2 2 2 2 2 2 2 2 2 2 2 2 2 2 2 2 2 2 2 2 2 2 2 0 2 2 2 2 0 2 2 0 2 2 2 2 2 2 2 2 2 2 2 2 2 2 2 2 2 2 2 0 2 2 2 0 2 2 2 2 2 2
439 0 0 0 0 0 0 0 0 0 0 0 0 0 0 0 0 0 0 0 2 0 0 0 0 0 0 0 0 0 0 0 0 0 0 0 0 0 0 0 0 0 0 0 0 0 0 0 0 0 2 0 0 0 0 0 0 0 0 0 0 0 0 0 0 0 0 0 0 2 0 2 0 0 0 0 0 0 0 0 0 0 0 0 0 0 0 0 0 0 0 0 0 0 2 0 0 0 0 0 0 0 0 0 0 0 0 0 0 0 0 0 0 2 0 0 0 0 0 0 0 0 0 0 0 0 0 0 0 0 0 2 0 0 0 0 0 0 0 0 0 0 0 0 0 0 0 0 0 0 0 0 2 2 0 0 0 0 0 0 0 2 0 0 0 0 0 0 0 0 0 0 0 0 0 0 0 0 0 0 0 0 0 0 0 0 0 0 0 0 0 0 0 0 0 0 0 0 0 2 0 0 0 0 0 0 0 0 0 0 0 0 0 0 0 0 0 0 0 0 0 0 0 0 0 0 0 0 0 0 2 0 0 0 0 0 0 0 0 0 2 0 0 0 0 0
440 2 2 2 2 2 2 2 2 2 2 2 2 2 2 2 0 2 2 2 2 2 2 2 2 2 2 2 2 2 2 2 2 0 2 2 2 2 2 2 2 0 0 2 2 2 2 2 2 2 2 0 2 2 2 2 2 2 2 2 2 2 2 0 2 2 2 2 2 2 0 2 2 2 2 2 2 2 2 2 2 2 2 0 2 2 2 2 2 2 2 2 2 0 2 2 0 2 2 2 2 2 2 2 2 2 2 2 2 2 2 2 2 2 2 2 2 2 2 0 0 2 2 2 2 2 2 0 2 2 2 2 0 2 0 2 2 2 2 2 2 2 2 2 2 2 2 2 2 2 2 0 2 2 2 0 2 2 2 2 2 2 2 2 2 2 2 2 2 2 2 2 2 2 2 2 2 2 2 2 2 2 2 2 2 2 2 2 2 2 2 2 2 2 2 2 2 2 2 2 2 2 2 2 0 2 2 0 2 2 2 2 0 2 2 0 2 2 2 2 2 2 2 2 2 2 2 2 0 2 2 2 2 2 2 0 2 2 2 0 2 2 2 2 2 2
441 0 2 2 2 2 2 2 2 2 2 2 2 2 2 2 2 2 2 2 2 2 2 2 2 2 2 2 2 2 2 2 2 2 2 2 2 2 2 2 2 2 2 2 0 2 2 2 2 2 2 2 2 0 2 2 2 2 2 2 2 2 2 2 2 2 2 2 2 2 2 2 2 2 0 2 2 2 2 2 2 2 2 2 2 2 2 2 2 0 2 2 2 2 2 2 2 2 2 2 2 2 2 2 2 2 2 2 2 2 2 2 2 2 0 2 2 2 0 2 2 2 2 2 0 2 2 2 2 2 2 2 2 2 2 2 2 2 2 2 2 2 2 2 2 2 2 2 2 2 2 2 2 2 2 2 2 2 2 2 0 2 2 2 2 2 2 2 2 2 0 2 2 2 2 2 2 2 2 0 2 2 2 2 2 2 2 2 2 2 0 1 2 2 2 2 2 2 2 2 1 2 2 2 2 2 2 2 2 2 2 2 2 2 2 2 2 2 2 2 2 2 2 2 2 2 2 2 2 2 2 2 2 2 2 2 2 2 2 2 2 2 2 2 2 2
442 2 2 2 2 2 2 2 2 0 2 2 2 2 0 2 2 2 2 0 2 2 2 2 0 2 0 2 2 2 0 2 2 2 0 2 2 2 2 0 2 2 2 0 2 2 2 0 2 2 2 2 0 2 0 2 2 2 2 2 0 2 2 2 0 0 2 2 0 2 0 0 2 2 2 2 0 2 2 2 2 2 2 2 2 0 2 2 2 2 2 2 0 2 2 2 2 0 0 2 2 2 0 2 2 2 0 0 2 2 2 2 2 2 2 2 0 2 0 2 2 0 2 2 2 0 2 2 0 0 0 2 2 0 2 0 2 2 2 0 2 2 2 2 2 2 2 0 0 1 0 0 0 2 2 0 2 2 0 2 2 0 2 0 0 2 2 2 2 2 2 2 0 2 2 2 2 2 2 2 2 2 2 2 2 0 2 2 0 2 2 2 2 2 0 0 2 0 2 0 1 0 2 2 0 0 0 0 2 0 0 2 2 2 2 0 2 2 1 2 2 2 0 0 2 2 2 2 2 0 0 2 0 2 0 2 0 0 2 2 0 2 0 2 0 2
443 0 2 2 2 0 2 0 2 2 2 2 2 0 2 2 2 2 2 2 2 2 2 2 2 2 2 2 2 2 2 2 2 2 2 2 2 2 2 2 2 2 2 2 2 2 2 2 0 2 2 2 2 2 2 2 2 2 2 2 2 2 2 2 2 2 0 2 2 2 2 2 2 2 2 2 2 2 2 0 2 2 2 2 2 2 2 2 0 2 2 2 2 2 2 2 2 2 2 2 2 2 2 2 2 2 2 2 2 2 2 2 0 2 2 2 2 2 2 2 2 2 2 0 2 2 0 2 2 2 2 2 2 2 2 2 2 2 2 2 2 0 2 2 2 2 2 2 2 2 2 2 2 2 2 2 2 2 2 2 2 2 2 2 2 2 2 2 2 2 2 2 2 2 2 2 2 2 2 2 2 2 2 2 2 2 2 2 2 2 2 2 2 0 2 2 2 2 2 2 2 2 2 2 2 2 2 2 2 2 2 2 2 2 2 2 2 2 2 2 2 2 2 2 0 2 2 2 2 2 2 2 2 2 2 2 2 2 2 2 2 2 2 2 2 2
444 2 2 0 2 2 2 2 2 0 0 0 2 2 2 0 2 2 2 2 2 2 2 2 2 2 2 2 2 2 2 2 2 2 2 2 2 2 2 2 2 2 2 0 0 0 0 0 2 0 2 2 0 2 2 2 2 2 2 0 2 2 0 2 2 2 2 2 2 2 2 0 2 2 2 2 2 0 2 2 0 2 2 2 2 0 2 0 2 1 2 2 2 2 0 0 2 0 2 2 0 2 0 2 2 2 2 0 2 2 2 2 2 0 2 2 0 2 0 2 2 2 0 2 0 0 2 2 2 2 2 2 2 0 2 2 2 2 2 2 2 2 2 2 2 2 2 0 2 1 2 2 2 2 2 2 2 0 2 2 2 2 0 2 0 2 2 2 0 2 2 2 0 2 2 2 2 0 2 2 2 2 0 2 2 2 0 2 0 2 2 1 2 2 2 0 2 2 2 2 1 2 2 2 2 2 2 2 0 0 2 2 2 0 2 2 0 2 2 2 0 2 2 2 2 0 2 2 2 0 2 0 0 2 2 2 0 2 2 2 2 2 0 2 0 2
445 2 2 2 2 2 2 2 2 2 2 2 2 2 2 2 0 2 2 2 2 2 2 2 2 0 2 2 2 2 2 2 2 0 2 2 2 2 2 2 2 2 0 2 2 2 2 2 2 2 2 0 2 2 2 2 2 2 2 2 2 2 2 0 2 2 2 2 2 2 2 2 2 2 2 2 2 2 2 2 2 2 2 0 2 2 2 2 2 2 2 2 2 0 2 2 0 2 2 2 2 2 2 2 2 2 2 2 2 2 2 2 2 2 2 2 2 2 2 0 0 2 2 2 2 2 2 2 2 2 2 2 2 2 0 2 2 2 2 2 2 2 2 2 2 2 2 2 2 2 2 2 2 2 2 2 2 2 2 1 2 2 2 2 2 2 2 2 2 2 2 2 2 2 2 2 2 2 2 2 2 2 2 2 2 2 2 2 2 2 2 2 2 2 2 2 2 2 2 2 2 2 2 2 2 2 2 2 2 2 2 2 0 2 2 2 2 2 2 2 2 2 2 2 2 2 2 2 0 2 2 2 2 2 2 0 2 2 2 0 2 2 2 2 2 2
446 2 0 2 2 2 2 2 2 2 2 2 2 2 2 2 2 2 2 2 2 2 2 2 2 2 2 2 2 2 2 2 2 2 0 2 2 2 0 2 2 2 2 2 2 2 2 2 2 2 2 2 2 2 2 2 2 2 0 2 2 2 2 0 2 2 2 0 2 2 2 2 2 2 2 2 2 2 2 2 0 2 2 0 0 2 2 2 2 2 2 2 2 0 2 2 2 2 2 2 2 2 2 0 2 0 0 2 2 2 0 2 2 2 2 2 2 2 2 2 2 2 2 2 2 2 2 2 2 2 2 0 2 2 2 2 2 2 2 2 2 2 2 2 2 2 2 2 2 2 2 2 2 2 2 2 2 2 2 2 2 2 2 2 2 2 2 2 2 2 2 2 2 2 2 2 2 2 2 2 2 2 0 2 2 2 2 0 2 2 2 2 2 2 0 2 2 2 2 2 2 2 2 2 2 2 2 2 2 2 0 2 2 2 2 2 2 2 2 2 2 2 2 2 2 2 2 2 2 2 2 2 2 2 2 2 2 0 2 2 2 2 2 2 2 2
447 2 2 0 2 2 2 2 2 0 2 2 2 2 0 2 0 2 0 2 2 0 2 2 0 2 0 2 2 0 2 0 2 0 2 2 2 2 2 0 2 2 0 2 0 2 0 2 2 0 2 2 2 2 2 2 2 2 2 0 0 2 2 2 2 2 2 2 2 2 2 2 0 2 2 2 2 0 2 2 2 2 2 2 2 2 2 0 2 0 2 2 0 2 2 2 0 0 2 2 0 2 2 2 0 2 2 2 0 2 2 0 2 2 0 0 2 2 2 0 0 0 0 2 0 2 2 2 2 2 0 2 2 2 0 2 2 2 2 2 2 2 2 2 2 2 2 2 2 1 2 2 0 2 2 2 2 0 2 2 0 2 2 0 2 2 2 2 0 2 0 2 2 2 2 2 2 0 2 0 2 2 2 2 2 2 2 2 2 2 0 1 2 2 2 2 2 2 2 2 0 2 2 2 2 2 2 2 2 2 2 2 0 0 2 2 0 2 1 2 0 2 2 2 2 2 2 2 0 0 2 2 2 2 2 0 2 2 2 0 2 2 2 2 2 2
448 0 0 2 2 0 0 0 2 2 0 0 0 0 2 0 2 0 2 0 2 2 2 2 2 0 2 0 2 2 0 2 2 2 0 0 0 2 0 2 0 0 2 0 2 0 2 0 0 2 2 2 0 2 2 2 2 2 0 2 2 0 0 0 2 0 0 0 2 2 0 0 2 2 2 0 0 2 1 0 0 0 0 0 0 0 0 1 0 2 0 0 2 1 2 0 2 2 0 2 2 0 0 0 2 2 0 0 2 2 0 2 0 2 2 2 0 0 2 2 2 2 2 0 2 0 0 0 2 2 2 0 2 0 2 0 0 2 0 2 0 0 0 0 0 2 0 0 2 0 0 0 2 2 0 0 0 2 2 0 2 0 0 2 0 0 0 0 2 2 1 0 0 0 0 0 0 2 0 2 0 0 0 0 0 0 0 0 2 0 2 1 0 0 0 0 0 0 0 0 2 0 0 0 0 0 0 0 0 0 0 0 2 2 2 0 2 0 1 2 2 0 0 2 0 0 2 0 2 2 0 0 0 0 2 2 0 0 0 2 0 0 0 2 0 0
449 2 0 2 2 2 0 2 2 2 2 2 2 2 2 0 2 0 2 2 2 2 2 2 2 2 2 0 2 2 2 2 2 2 2 0 0 2 0 2 2 2 2 2 2 2 2 2 2 2 2 2 2 2 0 2 2 2 0 2 2 2 2 0 2 0 2 0 2 2 0 2 2 2 2 0 2 2 2 2 2 2 0 0 0 0 0 2 0 2 0 0 2 0 2 0 2 2 0 2 2 0 2 0 2 2 2 2 2 2 0 2 2 2 2 2 0 0 2 2 2 2 2 2 2 0 2 2 2 0 2 0 2 0 2 0 0 2 0 2 0 2 0 0 0 2 0 2 2 1 0 0 2 2 0 0 0 2 2 1 2 2 0 2 2 0 0 2 2 2 2 0 2 0 0 0 0 2 0 2 2 0 2 0 0 0 0 0 2 0 2 1 0 0 0 2 0 0 0 2 2 0 0 0 0 0 0 0 0 2 2 0 2 2 2 0 2 0 1 2 2 2 0 2 2 0 2 0 2 2 2 0 0 2 2 2 0 0 2 2 2 0 2 2 2 0
450 2 0 2 0 2 2 0 2 2 0 0 2 2 0 0 2 2 0 0 0 0 2 2 0 2 0 0 2 0 0 0 2 2 2 2 0 2 0 0 0 0 2 2 2 0 2 2 0 0 0 0 2 2 2 2 2 0 0 2 0 2 2 0 2 2 2 0 0 2 0 2 2 0 2 2 0 2 2 0 0 2 2 0 0 0 0 2 0 2 2 2 0 0 2 2 2 0 0 2 2 2 2 0 0 2 0 2 0 2 0 2 0 2 2 0 0 2 2 2 2 0 2 0 2 0 0 0 2 2 0 2 2 2 2 0 0 0 0 2 0 0 0 0 2 0 2 2 0 1 0 0 2 2 2 2 0 0 2 2 2 2 2 0 0 0 0 2 1 2 2 0 2 0 0 2 0 2 2 2 0 2 0 2 0 0 0 0 0 2 2 2 2 0 0 2 0 0 0 2 2 0 0 2 0 0 2 0 0 2 0 2 2 2 0 0 2 2 0 2 2 2 0 0 0 2 2 2 2 0 2 0 0 0 2 2 2 0 0 2 2 2 2 2 2 0
451 2 2 2 2 2 2 2 0 2 2 2 2 2 2 2 2 2 2 2 2 2 2 0 2 0 2 2 2 2 2 2 2 2 2 2 2 0 2 2 2 2 2 0 2 2 2 0 2 2 2 2 0 2 2 0 0 2 2 2 2 2 2 2 2 2 2 2 2 2 2 0 2 2 2 2 2 2 2 2 2 2 2 2 2 2 2 2 2 2 2 2 2 2 2 2 2 2 2 0 2 2 2 2 2 2 2 2 2 2 2 2 2 2 2 2 2 2 0 2 2 2 2 2 2 2 2 2 2 0 2 2 2 2 2 2 2 0 2 2 2 2 2 2 2 2 0 0 2 2 2 2 2 2 2 2 0 2 2 1 2 2 0 2 2 2 2 2 2 2 2 2 2 2 0 2 2 2 2 2 2 2 2 2 2 0 2 2 2 2 2 2 2 2 2 2 2 2 2 0 1 2 2 2 2 2 0 2 2 0 2 2 2 2 2 2 2 2 2 0 2 2 2 2 2 0 2 2 2 2 2 2 2 2 2 2 0 2 2 2 0 2 2 2 2 2
452 0 2 2 2 2 2 2 2 2 2 2 2 2 2 2 0 2 2 2 2 2 2 2 2 2 2 2 2 2 2 2 2 0 2 2 2 2 2 2 0 0 0 2 0 2 2 2 2 2 2 2 2 2 0 2 2 0 2 2 2 2 2 2 0 2 2 2 2 2 2 2 0 2 2 2 2 2 2 2 2 0 2 2 2 2 2 2 2 0 2 0 2 2 2 0 0 2 2 2 2 2 0 2 2 2 2 0 2 0 2 2 2 2 2 2 2 2 2 0 0 2 2 2 0 2 2 0 0 2 2 2 0 0 0 2 2 2 2 0 2 2 2 2 2 2 2 2 0 2 2 2 0 2 0 0 2 2 2 2 2 0 2 2 2 2 2 2 1 0 2 2 2 2 2 2 2 0 0 2 2 0 2 0 2 2 2 2 2 2 2 2 0 2 2 2 2 2 2 2 1 2 2 0 2 2 2 2 2 2 2 2 0 2 2 2 0 0 2 2 0 0 2 2 2 2 0 0 0 2 0 2 2 2 0 0 2 2 2 0 2 2 2 2 0 2
453 0 0 0 2 0 2 0 2 0 0 0 0 0 0 0 0 2 2 2 2 0 0 2 0 2 0 0 0 2 2 0 0 2 0 2 0 2 0 0 0 2 2 0 2 0 0 0 0 0 0 0 0 2 2 2 2 2 0 0 0 0 0 0 0 2 0 0 0 2 0 0 2 0 2 2 2 0 0 0 0 2 2 0 0 0 0 0 0 2 2 2 0 0 2 0 2 0 0 2 0 2 2 0 0 2 0 2 0 0 0 0 0 2 0 0 0 2 0 2 2 0 0 0 2 0 0 2 2 2 0 0 2 0 2 0 0 2 0 0 2 0 2 0 2 2 2 0 2 1 0 0 2 0 0 0 2 0 2 2 0 2 2 0 0 2 0 2 1 2 0 0 0 2 2 2 0 0 0 0 0 2 0 2 0 2 0 0 2 2 0 0 2 0 0 2 0 0 0 0 1 0 2 0 0 0 2 0 0 0 0 2 2 0 2 0 2 0 0 2 2 0 0 0 0 2 2 2 0 0 0 0 0 0 0 2 2 0 0 2 0 2 2 0 2 0
454 0 2 0 2 2 2 2 2 0 0 2 2 2 0 2 2 2 2 0 0 0 2 2 0 2 2 2 2 2 0 2 2 2 2 2 2 2 2 2 2 2 2 2 2 0 0 2 0 2 2 2 2 2 2 2 2 2 2 0 2 2 0 2 2 2 2 2 2 2 2 2 2 2 2 2 0 0 2 2 2 0 2 2 2 2 2 0 2 2 2 2 2 2 2 2 2 2 2 2 0 2 2 2 2 2 2 2 2 2 2 2 2 2 2 0 2 2 2 2 2 2 0 2 2 2 2 2 2 2 2 2 2 2 2 2 2 2 2 2 2 0 2 2 2 2 2 2 2 2 2 2 2 2 2 2 2 2 2 2 2 2 2 2 2 2 2 2 2 2 2 2 2 2 2 0 2 2 2 2 2 2 2 2 2 2 2 2 2 2 2 2 2 2 2 2 2 2 2 2 2 2 2 0 2 2 2 2 2 2 2 2 2 0 2 2 2 0 2 2 2 2 2 2 2 2 2 2 2 2 2 2 2 2 2 2 2 2 2 2 2 2 2 2 2 2
455 2 2 0 2 2 2 2 2 0 0 2 2 2 0 2 2 2 2 0 0 0 2 2 0 2 2 2 2 2 0 2 2 2 2 2 2 2 2 2 2 2 2 2 2 0 0 2 2 2 2 2 2 2 2 2 2 2 2 0 2 2 2 2 2 2 2 2 2 2 2 2 2 2 2 2 0 0 2 2 0 0 2 2 2 2 2 0 2 2 2 2 2 2 2 2 2 2 0 2 0 2 2 2 2 2 0 2 2 2 2 2 2 2 2 0 2 2 2 2 2 2 0 2 2 2 2 2 2 2 2 2 2 2 2 0 2 2 2 2 2 2 2 2 2 2 2 2 2 2 0 2 2 2 2 2 2 2 2 2 2 2 2 2 2 2 2 2 2 2 2 2 2 2 2 2 2 2 2 2 2 2 0 2 2 2 2 2 2 2 2 2 2 2 2 2 2 2 2 2 2 0 2 0 2 0 2 2 2 2 0 2 2 0 2 2 2 0 2 2 2 2 2 2 2 2 2 2 2 2 2 2 2 2 2 2 2 2 2 2 2 2 2 2 2 2
456 2 2 2 2 2 2 0 2 2 2 2 2 2 2 2 2 2 2 2 2 2 2 2 2 2 2 0 2 2 2 2 2 2 2 2 1 2 2 2 2 2 2 2 2 2 2 2 2 2 2 2 2 2 2 2 2 2 2 2 2 2 2 2 2 2 2 2 2 2 2 2 2 2 2 2 2 2 2 2 2 2 0 2 2 2 0 2 2 2 2 2 2 2 2 2 2 2 2 2 2 2 2 2 2 2 2 2 2 2 2 2 0 2 2 2 2 2 2 2 2 2 2 2 2 2 0 2 2 2 2 2 2 2 2 2 0 2 0 2 2 2 2 0 2 2 2 2 2 2 2 2 2 2 2 2 2 2 2 2 2 2 2 2 2 2 0 2 2 2 2 2 0 2 2 2 2 2 2 2 2 2 2 2 0 2 2 2 2 0 2 2 2 2 2 2 0 2 2 2 2 2 2 2 2 2 2 2 2 2 2 2 2 2 2 2 2 2 2 2 2 2 2 2 0 2 2 2 2 2 2 2 2 2 2 2 2 2 2 2 2 2 2 2 2 2
457 2 2 2 2 2 2 0 2 2 2 2 2 2 2 2 2 0 2 2 2 2 2 2 2 2 2 0 2 2 2 2 2 2 2 2 1 2 2 2 2 2 2 2 2 2 2 2 2 2 2 2 2 2 2 2 2 2 2 2 2 2 2 2 2 2 2 2 2 2 2 2 2 2 2 0 2 2 2 2 2 2 2 2 2 2 0 2 2 2 2 0 2 2 2 2 2 2 2 2 2 2 0 2 2 2 2 2 2 2 2 2 0 2 2 2 2 2 2 2 2 2 2 2 2 2 0 2 2 2 2 2 2 0 2 2 0 2 0 2 0 2 0 0 2 2 2 2 2 2 2 2 2 2 0 2 2 2 2 2 2 2 2 2 2 0 0 2 2 2 2 2 0 0 2 2 2 2 0 2 2 0 2 0 0 2 2 2 2 2 2 2 0 2 2 2 0 2 2 2 2 2 0 2 2 2 2 2 2 2 2 2 2 2 2 2 2 2 2 2 2 2 2 2 0 2 2 0 2 2 2 2 2 2 2 2 2 2 2 2 2 2 2 2 2 2
458 2 0 0 0 2 0 2 2 0 2 2 0 2 0 0 0 2 0 2 0 2 2 2 0 2 0 2 2 0 2 0 2 0 2 0 0 2 0 2 0 0 0 2 0 2 0 2 2 2 2 2 2 2 2 2 2 2 0 0 2 0 2 2 0 2 2 0 2 2 2 2 0 2 2 2 2 0 0 0 2 0 0 0 0 2 2 0 0 2 0 2 2 0 0 0 0 0 2 2 0 2 2 0 0 2 2 2 0 2 0 0 2 0 2 2 0 0 2 0 0 0 0 2 0 0 2 0 2 2 2 2 0 2 0 2 2 2 2 0 2 2 2 2 0 0 2 2 2 0 2 2 2 2 2 0 2 0 2 1 0 2 2 0 0 2 2 2 0 2 0 0 2 2 2 2 2 0 2 0 2 2 2 2 2 0 0 2 2 0 2 2 2 0 2 2 2 2 2 2 2 2 2 0 2 2 2 0 0 2 2 2 0 0 0 2 0 0 2 2 0 2 2 2 2 2 0 2 0 0 2 0 2 2 0 0 2 2 2 0 2 0 2 2 2 0
459 2 2 2 2 2 2 2 2 2 2 2 2 2 2 2 2 2 2 2 2 2 2 2 2 2 2 2 2 2 2 2 2 0 2 2 1 2 2 2 2 2 0 2 2 2 2 2 2 2 2 2 2 2 2 2 2 2 2 2 2 2 2 2 2 2 2 2 2 2 2 2 2 2 2 2 2 2 2 2 2 2 2 2 2 2 2 2 0 2 2 2 2 2 2 2 0 2 2 2 2 2 2 2 2 2 2 2 2 2 2 2 2 2 2 2 2 2 2 2 0 2 2 2 2 0 2 2 2 2 2 2 2 2 0 2 2 2 2 2 2 2 2 2 2 2 2 2 2 2 2 2 2 2 2 0 2 2 2 2 2 2 2 2 2 2 2 2 2 2 2 2 2 2 2 2 2 2 2 2 2 2 2 2 2 2 2 2 2 2 2 2 2 0 2 2 2 2 2 2 2 2 2 2 2 2 2 0 2 2 2 2 0 2 2 2 2 2 2 2 2 2 2 2 2 2 0 2 2 2 2 2 2 2 2 0 2 2 2 2 2 2 2 2 2 2
460 2 0 2 2 2 2 2 2 2 2 2 2 2 2 2 2 2 2 2 2 2 2 2 2 2 2 2 2 2 2 2 2 2 2 2 1 2 0 2 2 2 2 2 2 2 2 2 2 2 2 2 2 2 2 2 2 2 0 2 2 2 2 0 2 2 2 0 2 2 0 2 2 2 2 2 2 2 2 0 2 2 2 0 0 2 2 2 2 2 2 2 2 0 2 2 2 2 2 2 2 2 2 0 2 2 2 2 2 2 0 2 2 2 2 2 2 2 2 2 2 0 2 2 2 2 2 2 2 2 2 2 2 2 2 2 2 2 2 2 2 2 2 2 2 2 2 2 2 2 2 0 2 2 2 2 2 2 2 2 2 2 2 0 2 2 2 2 2 2 2 2 2 2 2 2 0 2 2 2 2 2 2 2 2 2 2 0 2 2 2 1 2 2 2 2 2 0 0 2 2 2 2 2 2 2 2 2 2 2 2 2 2 2 2 0 2 2 1 2 2 2 0 2 2 2 2 2 2 2 2 2 2 2 2 2 2 2 2 2 2 2 2 2 2 2
461 2 2 2 2 2 2 2 2 2 2 2 2 2 2 2 2 2 2 2 2 0 2 2 2 2 2 2 2 2 2 2 2 2 2 2 2 2 2 2 2 2 2 2 2 2 2 2 2 2 0 2 2 2 0 2 2 2 2 2 2 2 2 2 2 2 2 2 2 2 2 2 2 2 2 2 2 2 2 2 2 2 2 2 2 2 2 2 2 0 2 2 2 2 0 2 2 2 2 2 2 0 2 2 2 2 2 0 2 2 2 0 2 0 2 0 2 2 2 2 2 2 2 2 2 2 2 2 0 2 2 2 2 2 2 2 2 2 2 2 2 2 2 2 2 2 2 2 2 2 2 2 2 2 2 2 2 2 2 2 0 2 2 2 2 2 2 2 2 0 0 2 2 2 2 2 2 2 2 0 2 2 2 2 2 2 2 2 2 2 2 2 2 2 2 2 2 2 2 2 2 2 2 2 2 2 2 2 2 2 2 2 2 2 2 2 2 2 2 2 2 2 2 2 2 2 2 2 2 2 2 2 2 2 2 2 2 2 2 2 2 2 2 2 0 2
462 2 2 2 2 2 2 2 2 2 2 2 2 2 2 2 2 2 2 2 2 2 2 2 2 2 2 2 2 2 2 2 2 0 2 2 2 2 2 2 2 2 0 2 2 2 2 2 2 2 2 2 2 2 2 2 2 2 2 2 2 2 2 2 2 2 2 2 2 2 2 2 2 0 2 2 2 2 2 2 2 2 2 2 2 2 2 2 0 2 2 2 2 2 2 2 0 2 2 2 2 2 2 2 2 2 2 2 2 2 2 2 2 2 2 2 2 2 2 2 0 2 2 2 2 2 2 2 2 2 2 2 0 2 0 2 2 2 2 2 2 2 2 2 2 2 2 2 2 2 2 2 2 2 2 0 2 2 2 2 2 2 2 2 2 2 2 2 2 2 2 2 2 2 2 2 2 2 2 2 2 2 2 2 2 2 2 2 2 2 2 2 2 0 2 2 2 0 2 2 2 2 2 2 2 2 2 0 2 2 2 2 0 2 2 2 2 2 1 2 2 2 0 2 2 2 0 2 2 2 2 2 2 2 2 0 2 2 2 2 2 2 2 2 2 2
463 2 0 2 2 2 2 2 2 2 2 0 2 2 2 2 2 2 2 2 2 0 0 2 2 2 2 2 0 2 2 2 0 2 2 2 2 2 0 0 2 2 2 2 2 2 2 2 2 2 2 0 2 2 2 2 2 2 0 2 2 2 2 2 2 2 2 0 2 2 2 2 0 2 2 2 2 2 2 2 2 2 2 0 0 2 2 2 2 2 2 2 0 0 2 2 2 2 2 2 2 2 2 0 2 2 0 2 2 2 0 2 2 2 2 0 2 2 2 2 2 0 2 2 2 0 2 2 2 2 2 2 2 2 2 0 2 2 2 2 2 2 2 2 2 2 2 2 2 2 2 2 2 2 2 2 2 2 2 2 2 2 2 0 2 2 2 2 2 2 2 2 2 2 2 2 2 2 2 2 2 2 2 2 2 2 0 2 2 2 2 1 2 2 2 2 2 2 2 2 2 0 2 2 2 0 2 2 2 2 2 2 2 2 2 2 2 2 2 2 2 2 2 2 2 2 2 2 2 2 2 2 2 2 2 2 2 2 2 2 2 2 2 2 2 2
464 0 2 2 2 0 2 0 2 0 2 0 2 0 2 0 0 2 0 0 0 0 0 2 2 0 2 2 0 0 0 2 0 0 0 2 1 0 2 0 2 2 0 2 2 2 2 2 0 2 2 2 2 2 0 2 2 2 2 2 2 0 0 0 2 0 0 2 0 2 0 2 2 2 2 2 0 2 2 0 2 2 2 2 2 0 2 2 0 2 2 2 0 2 2 0 0 0 2 2 2 0 2 2 2 2 2 0 0 2 2 0 0 2 0 0 2 2 2 0 0 2 0 0 2 0 0 2 2 0 2 0 0 2 0 2 2 2 2 2 2 2 2 2 2 2 0 2 2 1 2 0 2 2 2 2 2 2 2 1 0 2 2 2 0 2 2 2 1 0 0 2 2 2 2 2 0 2 2 0 0 2 2 0 2 2 2 0 0 2 0 0 2 0 2 2 2 0 0 2 2 2 2 2 0 2 2 2 2 2 2 2 2 2 2 0 2 2 1 0 2 0 0 0 0 2 0 2 0 0 2 2 0 0 2 2 2 2 0 0 2 2 2 0 0 0
465 0 2 2 2 2 2 2 2 2 2 2 2 2 2 2 2 2 2 2 2 2 2 2 2 2 2 2 2 2 2 2 2 2 2 2 2 2 2 2 2 2 2 2 2 2 2 2 2 2 2 2 2 2 2 2 2 2 2 2 2 0 2 2 2 2 2 2 0 2 2 2 2 2 2 2 2 2 2 2 2 2 2 2 2 2 2 2 2 2 2 2 2 2 2 2 2 2 2 2 2 2 2 2 2 2 2 2 0 2 2 2 2 2 0 2 2 2 2 2 2 2 2 2 2 2 2 2 2 2 2 0 2 2 2 2 2 2 2 2 2 2 2 2 2 2 2 2 2 2 2 2 2 2 2 2 2 2 2 2 0 2 2 2 0 2 2 2 2 2 0 2 2 2 2 2 2 2 2 0 2 2 2 2 2 2 2 2 2 2 0 1 2 2 2 2 2 2 2 2 2 2 2 2 2 2 2 2 2 2 2 2 2 2 2 2 2 2 2 2 2 2 2 0 2 2 2 2 2 2 2 2 2 2 2 2 2 2 2 2 2 2 2 2 2 0
466 0 0 0 2 0 0 0 2 0 0 0 2 0 0 0 0 0 0 0 0 0 0 2 0 0 0 0 0 0 0 2 0 0 0 0 0 0 0 0 0 0 0 2 2 0 0 2 0 0 2 0 2 2 0 2 2 2 0 0 2 2 0 0 2 0 0 0 2 0 0 2 2 0 2 0 0 0 2 0 0 0 0 0 0 0 0 0 0 0 0 0 0 0 2 0 0 0 2 2 0 0 0 0 2 2 0 0 0 2 0 0 0 2 2 0 0 0 2 0 0 0 0 0 2 0 0 0 2 2 0 2 0 0 0 2 0 0 0 2 0 0 0 0 0 2 0 2 0 0 2 0 0 2 0 0 2 0 2 0 2 2 2 0 2 0 0 0 1 0 2 2 0 0 2 0 0 2 0 2 0 0 0 0 0 2 2 0 0 0 2 1 0 0 2 0 0 0 0 0 2 0 0 0 0 2 0 0 0 2 2 0 2 0 2 0 2 0 0 0 2 0 0 2 0 2 0 0 0 0 2 0 0 0 0 2 2 0 0 0 0 0 0 0 0 2
467 2 2 2 2 2 0 2 2 2 2 2 2 2 2 2 2 2 2 2 2 2 2 2 2 2 2 2 2 2 2 2 2 2 2 0 2 2 2 2 2 0 2 2 2 2 2 2 2 2 2 2 2 2 2 2 2 2 2 2 2 2 2 2 2 2 2 2 2 0 2 2 2 2 2 2 2 2 2 2 2 2 2 2 2 2 2 2 2 2 0 2 2 2 2 2 2 2 2 2 2 2 0 2 2 2 2 2 2 2 2 2 2 2 2 2 2 0 2 2 2 0 2 2 2 2 2 0 2 2 2 2 2 2 2 2 2 2 2 2 2 2 2 2 0 2 2 2 2 1 2 2 2 2 2 2 2 2 2 1 2 2 2 0 2 2 2 2 2 2 2 2 2 2 2 2 2 2 2 2 2 2 2 2 2 2 2 2 2 2 2 2 2 2 2 2 2 2 2 2 2 2 2 2 2 2 2 2 0 2 2 2 2 2 2 2 2 2 2 2 2 2 2 2 2 2 2 2 2 2 2 0 2 2 0 2 2 2 2 2 2 0 2 2 2 2
468 2 2 0 2 2 2 2 2 2 0 2 2 2 0 2 2 2 2 2 2 2 2 2 0 2 2 2 2 2 2 2 2 2 2 2 2 2 2 2 2 2 2 2 2 0 0 2 0 0 2 0 2 2 2 2 2 2 2 0 2 2 2 2 2 2 2 2 2 2 2 2 2 2 2 2 2 0 2 2 0 2 2 2 2 2 2 0 2 2 2 2 2 2 2 2 2 2 2 2 0 2 2 2 2 2 0 2 0 2 2 2 2 2 2 2 0 2 2 2 2 2 2 2 2 2 2 2 2 2 2 2 2 2 2 2 2 2 2 2 2 0 2 2 2 2 2 2 2 2 2 2 2 2 2 0 2 2 2 2 2 2 2 2 2 2 2 2 2 2 2 2 2 2 2 2 2 2 2 2 2 2 0 2 2 2 2 2 2 2 2 2 2 2 2 2 2 2 2 2 2 0 2 2 2 2 2 2 2 2 2 2 2 0 2 2 2 2 2 2 2 2 2 2 2 2 2 2 2 2 2 2 2 2 2 2 2 0 2 2 2 2 2 2 2 2
469 2 2 2 2 2 0 2 2 2 2 2 2 2 2 2 2 2 2 2 2 2 2 2 2 2 2 2 2 2 2 2 2 2 2 0 2 2 2 2 2 0 2 2 2 2 2 2 2 2 2 2 2 2 2 2 2 2 2 2 2 2 2 2 2 2 2 2 2 0 2 2 2 2 2 2 2 2 2 2 2 2 2 2 2 2 2 2 2 2 0 2 2 2 2 2 2 2 2 2 2 2 0 2 2 2 2 2 2 2 2 2 2 2 2 2 2 0 2 2 2 0 2 2 2 2 2 0 2 2 2 2 2 2 2 2 2 2 2 2 2 2 2 2 0 2 2 2 2 1 2 2 2 2 2 2 2 2 2 1 2 2 2 0 2 2 2 2 2 2 2 2 2 2 2 2 2 2 2 2 2 2 2 2 2 2 2 2 2 2 2 2 2 2 2 2 2 2 2 2 2 2 2 2 2 2 2 2 0 2 2 2 2 2 2 2 2 2 2 2 2 2 2 2 2 2 2 2 2 2 2 0 2 2 0 2 2 2 2 2 2 0 2 2 2 2
470 0 2 2 2 0 2 0 2 2 2 2 2 0 2 0 0 2 0 0 2 2 2 2 2 0 2 2 2 0 0 2 2 0 0 2 1 0 2 2 2 2 0 2 2 2 2 2 0 2 2 2 2 2 2 2 2 2 2 2 2 2 0 0 2 2 0 2 2 2 0 2 2 0 2 2 0 2 2 0 2 2 2 2 0 0 2 2 2 2 2 2 2 2 2 0 0 0 2 2 2 2 2 2 2 2 2 2 0 2 2 2 0 2 2 2 2 2 2 0 0 2 2 0 2 0 0 2 2 2 2 2 0 2 0 2 2 2 2 2 2 2 2 2 2 2 2 2 2 1 2 0 2 2 2 2 2 2 2 1 2 2 2 2 2 2 2 2 2 2 2 2 2 2 2 2 0 2 2 2 2 2 2 2 2 2 2 0 0 2 2 1 2 2 2 2 2 0 0 2 2 2 2 2 0 2 2 2 2 2 2 2 2 2 2 0 2 2 1 0 2 2 0 2 0 2 0 2 2 0 2 2 0 2 2 2 2 2 2 0 2 2 2 0 2 2
471 2 2 2 2 0 2 0 2 2 2 2 2 0 2 0 0 2 0 0 2 2 2 2 2 0 2 2 2 0 0 2 2 0 0 2 1 0 2 2 2 2 0 2 2 2 2 2 2 2 2 2 2 2 2 2 2 2 2 2 2 2 2 0 2 2 0 2 2 2 0 2 2 0 2 2 0 2 2 0 2 2 2 2 0 0 2 2 2 2 2 2 2 2 2 0 0 0 2 2 2 2 2 2 2 2 2 2 0 2 2 2 0 2 2 2 2 2 2 0 0 2 2 0 2 0 0 2 2 2 2 2 0 2 0 2 2 2 2 2 2 2 2 2 2 2 2 2 2 1 2 0 2 2 2 2 2 2 2 1 2 2 2 2 2 2 2 2 1 2 2 2 2 2 2 2 0 2 2 2 2 2 2 2 2 2 2 0 0 2 2 1 2 2 2 2 2 0 0 2 2 2 2 2 0 2 2 2 2 2 2 2 2 2 2 0 2 2 1 0 2 2 0 2 0 2 0 2 2 0 2 2 0 2 2 2 2 2 2 0 2 2 2 0 2 2
472 2 0 2 2 0 2 0 2 2 2 2 2 0 2 0 0 2 2 2 2 2 2 0 2 0 2 2 2 2 2 2 2 0 0 2 1 0 0 2 2 2 0 2 2 2 2 2 2 2 2 2 2 2 2 0 0 2 0 2 2 2 2 0 2 2 0 0 2 2 0 2 2 0 2 2 2 2 2 0 2 0 2 0 0 0 2 2 0 2 2 2 2 0 1 0 0 2 2 2 2 2 2 0 2 2 2 2 2 2 0 2 0 2 2 2 2 2 2 0 0 2 2 2 2 0 0 2 2 2 2 2 0 2 0 2 2 2 2 2 2 0 2 2 2 2 2 2 2 1 2 0 2 2 2 0 2 2 2 2 2 2 2 2 2 2 2 2 2 2 2 2 2 2 2 2 0 2 2 2 2 2 2 2 2 2 2 0 2 2 2 1 2 0 2 2 2 0 0 2 2 2 2 2 0 2 2 0 2 2 2 2 2 2 2 0 2 2 1 0 2 2 0 2 0 2 0 2 2 2 2 2 0 2 0 2 2 2 2 0 2 2 2 0 2 2
473 2 2 2 0 2 2 2 2 2 2 2 0 2 2 2 2 2 2 2 2 2 2 2 2 2 2 2 2 2 2 0 2 2 2 2 2 2 2 2 2 2 2 2 0 2 2 2 2 2 0 2 2 2 2 2 2 2 2 2 2 2 2 2 0 2 2 2 0 2 2 2 2 2 2 2 2 2 0 2 2 2 2 2 2 2 2 2 2 2 2 2 2 2 2 2 2 2 2 2 2 2 2 2 0 2 2 2 2 2 2 2 2 2 2 2 2 2 2 2 2 2 2 2 0 2 2 2 2 2 2 2 2 2 2 2 2 2 2 0 2 2 2 2 2 0 2 2 2 2 2 2 2 2 2 2 2 2 2 2 2 2 2 2 2 2 2 2 0 2 2 2 2 2 0 2 2 0 2 2 2 2 2 2 2 2 2 2 2 2 2 2 2 2 2 2 2 2 2 2 2 2 2 2 2 2 2 2 2 2 2 2 2 2 0 2 0 2 2 2 0 2 2 0 2 2 2 2 2 2 2 2 2 2 2 2 2 2 2 2 2 2 2 2 2 2
474 2 2 2 2 2 2 2 2 0 2 2 2 2 2 2 2 2 0 2 2 2 2 2 2 2 2 2 2 0 2 2 2 2 2 2 2 2 2 2 0 2 2 2 2 2 2 2 2 2 2 2 2 2 2 2 2 2 2 2 2 2 2 2 2 2 2 2 2 2 2 2 0 2 2 2 2 2 2 2 2 2 2 2 2 2 2 2 2 2 2 2 2 2 2 2 2 2 0 2 2 2 2 2 2 2 0 2 2 2 2 2 2 2 2 2 2 2 2 2 2 2 0 2 2 2 2 2 2 2 2 2 2 2 2 0 2 0 2 2 2 0 2 2 2 2 0 2 2 2 0 2 2 2 2 2 2 2 2 2 2 2 2 2 2 2 2 2 2 2 2 2 2 2 2 2 2 2 2 2 0 2 2 2 2 2 2 2 2 2 2 2 2 2 2 2 2 2 2 2 2 0 2 2 2 0 2 2 2 2 2 2 2 2 2 2 2 2 2 2 2 2 2 2 2 2 2 2 2 2 2 2 2 0 2 2 2 0 0 2 2 2 2 2 2 2
475 2 0 0 0 0 0 0 0 0 0 0 0 0 0 0 0 0 0 0 0 0 2 0 0 0 2 0 2 0 0 0 2 0 0 0 0 0 0 0 0 0 0 0 0 0 0 0 0 0 0 2 0 2 0 0 0 2 0 0 2 0 0 0 0 0 0 0 0 2 0 0 0 0 2 0 0 0 0 2 0 0 2 0 0 0 0 0 0 0 0 0 0 0 0 0 0 2 0 0 0 0 0 0 0 0 0 0 0 0 0 0 0 0 0 0 0 0 0 0 0 0 0 0 0 0 0 0 2 0 0 0 0 2 0 0 0 2 0 0 0 0 2 0 0 0 0 0 0 1 0 0 0 2 2 0 0 0 0 0 0 0 0 0 0 0 0 0 0 0 0 0 0 0 0 0 0 0 2 0 0 0 0 0 0 0 0 0 0 2 0 0 0 0 0 2 0 0 0 0 0 0 0 2 0 0 0 0 0 0 0 0 0 0 0 0 0 2 1 0 0 0 0 0 0 0 0 0 0 0 2 0 0 0 0 0 2 0 0 0 0 0 2 0 0 0
476 2 2 2 2 2 2 2 2 2 2 2 2 2 2 2 0 2 2 2 2 2 2 2 2 2 2 0 2 2 2 2 2 2 2 2 1 2 2 2 2 2 2 2 2 2 2 2 2 2 2 2 2 2 2 2 2 2 2 2 2 2 2 2 2 2 2 2 2 2 2 2 2 2 2 2 2 2 2 2 2 2 0 2 2 0 0 2 2 2 2 2 2 2 2 2 2 2 2 2 2 2 2 2 2 2 2 2 2 2 2 2 2 2 2 2 2 2 2 2 2 2 2 2 2 2 2 2 2 2 2 2 2 2 2 2 0 2 2 2 2 2 0 0 2 2 2 2 2 2 2 2 2 2 2 2 2 2 2 2 2 2 2 2 2 2 0 2 2 2 2 2 2 2 2 2 2 2 2 2 2 0 2 0 0 2 2 2 2 0 2 2 0 2 2 2 2 2 2 2 2 2 2 0 2 2 2 2 2 2 2 2 2 2 2 2 2 0 2 2 2 2 2 2 2 2 2 0 2 2 2 2 0 2 2 2 2 2 2 2 2 2 2 2 2 2
477 2 2 0 2 2 2 2 2 2 2 0 2 2 2 2 2 2 2 0 0 2 2 2 2 2 0 2 2 2 0 2 2 2 2 2 2 2 2 0 2 2 2 2 2 2 0 2 2 0 2 2 2 2 2 2 2 2 2 0 2 2 2 2 2 2 2 2 2 2 2 2 2 2 2 2 0 0 2 2 2 2 2 2 2 2 2 0 2 2 2 2 0 2 2 2 2 2 2 2 0 2 2 2 2 2 2 2 2 2 2 2 2 2 2 2 0 2 2 2 2 2 2 2 2 2 2 2 2 2 0 2 2 2 2 2 2 2 2 2 2 2 2 2 2 2 2 2 2 2 2 2 2 2 2 2 2 2 2 2 2 2 2 2 2 2 2 2 2 2 2 2 2 2 2 2 2 2 2 2 2 2 2 2 2 2 2 2 2 2 2 2 2 2 2 2 2 2 2 2 2 2 2 2 2 2 2 2 2 2 2 2 2 0 2 2 2 2 2 2 2 2 2 2 2 2 2 2 2 2 2 2 2 2 2 2 2 2 2 2 2 2 2 2 2 2
478 2 2 0 2 2 0 2 2 2 2 0 2 2 0 2 2 2 2 0 0 2 2 2 0 0 2 2 2 2 0 2 2 2 0 0 1 2 2 0 2 2 2 2 2 2 0 2 2 0 2 2 2 2 2 2 2 2 2 0 2 2 2 2 2 2 2 2 2 2 2 2 2 2 2 2 0 0 2 2 2 2 2 2 2 2 2 0 2 2 0 2 0 2 2 2 2 2 2 2 0 2 2 2 2 2 2 2 2 2 2 2 2 2 2 2 0 0 2 2 2 0 2 2 2 2 2 2 2 2 2 2 2 2 2 2 2 2 2 2 2 2 2 2 0 2 2 2 2 1 2 2 2 2 2 2 2 2 2 0 2 2 2 0 2 2 2 2 2 2 2 2 2 2 2 2 2 2 2 2 2 2 2 2 2 2 2 2 2 2 2 2 2 2 2 2 2 2 2 2 2 2 2 2 2 2 2 2 0 2 2 2 2 0 2 2 2 2 2 2 2 2 2 2 2 2 2 2 2 2 2 0 2 2 2 2 2 2 2 2 2 0 2 2 2 2
479 0 0 0 0 0 0 0 0 0 0 0 0 0 0 0 0 0 0 0 0 2 0 0 0 0 0 0 0 0 0 2 0 0 0 0 0 0 0 0 0 0 0 2 2 0 0 2 0 0 2 0 0 2 0 0 0 2 0 0 0 2 0 0 0 0 0 0 2 0 0 0 2 0 2 0 0 0 0 0 0 0 2 0 0 0 0 0 0 0 0 0 0 0 2 0 0 0 0 0 0 0 0 0 2 2 0 0 0 2 0 2 0 2 0 2 0 0 0 0 0 0 0 0 2 0 0 0 2 0 0 2 0 0 0 0 0 0 0 0 0 0 0 0 0 0 0 0 0 0 0 0 0 2 0 0 0 0 0 0 2 0 0 0 0 0 0 0 1 0 2 0 0 0 2 0 0 0 0 2 0 0 0 0 0 0 0 0 0 2 0 0 0 0 0 0 0 0 0 0 0 0 0 0 0 0 0 0 0 2 0 0 0 0 0 0 2 0 0 0 2 2 0 2 0 0 0 0 2 0 0 0 0 0 0 0 2 0 0 0 0 0 0 0 0 0
480 2 2 0 2 2 2 2 2 2 2 0 2 2 2 2 2 2 2 0 0 2 2 2 2 2 2 2 2 2 0 2 2 2 2 2 2 2 2 0 2 2 2 2 2 2 0 2 2 0 2 2 2 2 2 2 2 2 2 0 2 2 2 2 2 2 2 2 2 2 2 2 2 2 2 2 0 0 2 2 2 2 2 2 2 2 2 0 2 2 2 2 0 2 2 2 2 2 2 2 0 2 2 2 2 2 2 2 2 2 2 2 2 2 2 2 0 2 2 2 2 2 2 2 2 2 2 2 2 2 2 2 2 2 2 2 2 2 2 2 2 2 2 2 2 2 2 2 2 2 2 2 2 2 2 2 2 2 2 2 2 2 2 2 2 2 2 2 2 2 2 2 2 2 2 2 2 2 2 2 2 2 2 2 2 2 2 2 2 2 2 2 2 2 2 2 2 2 2 2 2 2 2 2 2 2 2 2 2 2 2 2 2 0 2 2 2 2 2 2 2 2 2 2 2 2 2 2 2 2 2 2 2 2 2 2 2 2 2 2 2 2 2 2 2 2
481 0 0 0 0 0 0 0 1 0 0 0 0 0 0 0 0 1 0 0 0 0 0 0 0 0 0 2 0 0 0 1 0 0 0 0 1 0 0 0 0 0 0 0 0 0 0 0 0 0 0 0 0 0 0 0 0 1 0 0 0 0 0 1 0 0 0 0 0 0 0 0 0 1 0 1 0 0 0 0 0 0 0 0 1 0 2 0 0 0 0 1 0 1 0 0 0 0 0 0 0 0 0 0 0 0 0 1 0 0 0 0 0 0 0 0 0 0 0 1 0 0 0 0 1 0 0 0 0 0 0 0 1 0 0 0 2 1 0 0 0 0 0 2 0 0 0 0 0 0 0 0 0 0 0 1 1 0 0 0 0 1 1 0 0 0 2 0 0 0 0 0 0 0 0 0 0 0 0 0 0 0 0 0 2 0 0 0 0 1 0 0 0 0 0 0 1 0 1 0 0 0 0 0 1 0 0 0 0 0 0 1 1 0 0 1 0 0 0 0 0 0 0 0 0 1 0 0 0 0 0 0 0 0 0 1 0 0 0 1 0 0 0 1 0 0
482 2 2 2 2 2 0 0 2 2 2 2 2 2 2 2 2 2 2 2 2 2 2 2 2 0 0 2 2 2 2 2 2 2 0 0 1 2 2 2 2 2 2 2 2 2 2 2 2 2 2 2 2 2 2 2 2 2 2 2 2 2 2 2 2 2 2 2 2 2 2 2 2 2 2 2 2 2 2 2 2 2 2 2 0 2 2 2 2 2 0 2 2 2 2 2 2 2 2 2 2 2 2 2 2 2 2 2 2 2 2 0 0 2 2 2 2 0 2 2 2 0 2 2 2 2 0 2 2 2 0 2 2 2 2 2 2 2 2 2 2 2 2 2 0 2 2 2 2 1 2 2 2 2 2 2 2 2 2 0 2 2 2 0 2 2 2 2 2 2 2 2 2 2 2 2 2 2 2 2 2 2 2 2 2 2 2 2 0 2 2 2 2 2 0 2 2 2 2 2 2 2 2 2 2 2 2 0 0 2 0 2 2 2 2 2 2 2 2 2 2 2 2 2 0 2 2 2 2 0 2 0 2 2 2 2 2 2 2 2 2 0 2 2 2 2
483 2 2 2 2 2 2 2 0 2 2 2 2 2 2 2 2 2 2 2 2 2 2 2 2 2 2 2 2 2 2 2 2 2 2 2 2 2 2 2 2 2 2 2 2 2 2 2 2 2 2 2 2 2 2 2 2 2 2 2 2 2 2 2 2 2 2 2 2 2 2 2 2 2 2 2 2 2 2 2 2 2 2 2 2 2 2 2 2 0 2 2 2 2 2 2 2 2 2 0 2 0 2 2 2 2 2 0 2 2 2 2 2 2 2 2 2 2 2 2 2 2 2 2 2 2 2 2 2 0 2 2 2 2 2 2 2 2 2 2 2 2 2 2 2 2 2 2 0 2 2 2 2 2 2 2 0 2 0 2 2 0 2 2 0 2 2 2 2 2 2 2 2 2 0 2 2 2 2 2 2 2 2 2 2 2 0 2 2 2 2 2 2 2 2 2 2 2 2 0 0 2 2 2 2 2 2 2 2 2 2 0 2 2 2 2 2 2 2 2 2 2 2 2 2 2 2 2 2 2 0 2 2 2 2 2 2 2 2 2 0 2 2 2 0 0
484 2 2 2 0 2 2 2 2 2 0 2 0 2 2 2 0 0 2 2 2 0 2 2 2 0 0 2 2 2 2 0 2 2 0 2 1 2 2 2 2 2 2 0 0 0 2 0 2 2 0 2 0 0 0 2 2 0 2 2 2 0 2 2 0 0 2 2 2 2 0 0 2 0 0 0 2 2 0 0 2 2 2 0 0 0 0 2 2 0 2 2 2 0 0 2 2 0 0 2 2 0 0 2 0 2 0 0 2 0 2 2 2 0 0 0 2 2 2 2 2 0 2 2 0 2 2 2 0 2 0 0 0 0 2 0 0 2 0 0 0 2 2 0 2 0 0 0 0 1 0 0 0 0 2 2 0 2 0 1 0 0 2 0 2 0 0 0 0 0 0 0 2 0 0 0 2 0 2 0 2 0 2 0 2 2 2 2 0 2 0 0 0 2 2 2 0 2 2 0 1 0 0 2 0 0 2 2 0 0 2 0 0 2 0 0 0 2 2 0 0 2 2 2 2 2 2 0 2 0 2 0 0 2 0 0 2 2 2 2 0 2 2 0 0 2
485 2 2 2 2 2 2 0 2 2 2 2 2 2 2 2 2 2 2 2 2 2 2 2 2 2 2 0 2 2 2 2 2 2 2 2 2 2 2 2 2 2 2 0 2 2 2 0 2 2 2 2 2 2 0 2 2 0 2 2 2 2 2 0 2 0 2 2 2 2 2 2 2 2 2 2 2 2 2 2 2 2 2 2 2 2 2 2 0 0 2 0 2 2 2 2 2 2 2 2 2 0 2 2 2 0 2 0 2 2 2 2 0 2 2 2 2 2 2 2 2 2 2 2 2 2 0 2 0 0 2 2 2 2 2 2 2 2 2 2 2 2 0 2 2 2 2 2 0 2 2 2 2 2 0 2 2 2 0 2 2 2 2 2 0 2 2 2 2 0 2 2 2 2 0 2 2 2 0 2 2 2 2 2 0 0 2 2 2 2 2 2 2 0 2 0 2 2 2 0 0 2 2 2 2 2 2 2 2 0 2 0 2 2 2 2 2 2 2 2 2 2 2 2 0 2 2 2 2 0 0 2 2 2 2 2 2 2 2 2 0 2 0 0 0 0
486 0 0 0 0 2 0 2 0 0 0 0 0 2 0 2 0 0 0 0 0 0 0 0 0 0 0 0 0 0 0 0 0 2 0 0 0 0 0 0 0 0 2 0 0 0 0 0 0 0 0 0 0 0 0 0 0 0 0 0 0 0 0 2 0 0 2 0 0 0 0 0 0 2 0 0 0 0 0 0 0 2 0 0 0 0 0 0 2 0 0 0 0 0 0 2 2 0 0 0 0 0 0 0 0 0 0 0 0 0 0 2 2 0 0 0 0 0 0 2 2 0 0 0 0 0 2 0 0 0 0 0 2 0 2 0 0 0 0 0 0 0 0 0 0 0 0 0 0 1 0 0 0 0 0 2 0 2 0 0 0 0 0 0 0 0 0 0 0 0 0 0 2 0 0 0 2 0 0 0 0 0 0 2 0 0 0 2 0 0 0 0 0 2 0 0 0 2 0 0 0 0 0 0 0 0 0 2 0 0 0 0 0 0 0 0 0 0 1 0 0 0 2 0 2 0 2 0 0 0 0 0 0 0 0 0 0 0 0 2 0 0 0 0 0 0
487 0 0 0 0 2 0 2 0 0 2 0 0 2 0 2 0 0 0 0 0 0 0 0 0 0 0 0 0 0 0 0 0 2 0 0 0 0 0 0 0 0 2 0 0 2 0 0 0 0 0 0 0 0 0 0 0 2 0 0 0 0 0 2 0 0 2 0 0 0 0 0 0 2 0 0 0 0 0 0 0 2 0 0 2 0 0 0 2 2 0 0 0 0 0 2 2 0 0 0 0 2 0 0 0 0 0 2 0 0 0 2 2 0 0 0 0 0 0 2 2 0 0 0 0 2 2 0 2 0 0 0 2 0 2 0 0 0 0 0 0 0 0 0 0 0 0 0 2 1 0 0 0 0 0 2 0 2 0 0 0 0 0 0 0 0 0 0 0 0 0 0 2 0 2 0 2 0 0 0 0 0 0 2 0 0 0 2 0 0 0 0 0 2 0 0 0 2 0 2 1 0 0 0 0 0 0 2 0 0 0 2 0 0 0 0 0 0 1 0 0 0 2 0 2 0 2 0 0 0 0 0 0 0 0 0 0 0 0 2 2 0 0 0 2 0
488 0 0 0 0 2 0 2 0 0 0 0 0 2 0 2 0 0 0 0 0 0 0 0 0 0 0 0 0 0 0 0 0 2 0 0 0 0 0 0 0 0 2 0 0 0 0 0 0 0 0 0 0 0 0 0 0 0 0 0 0 0 0 2 0 0 2 0 0 0 0 0 0 2 0 0 0 0 0 0 0 2 0 0 0 0 0 0 2 0 0 0 0 0 0 2 2 0 0 0 0 0 0 0 0 0 0 0 0 0 0 2 2 0 0 0 0 0 0 2 2 0 0 0 0 0 2 0 0 0 0 0 2 0 2 0 0 0 0 0 0 2 0 0 0 0 0 0 0 1 0 0 0 0 0 2 0 2 0 0 0 0 0 0 0 0 0 0 0 0 0 0 2 0 0 0 2 0 0 0 0 0 0 2 0 0 0 2 0 0 0 0 0 2 0 0 0 2 0 0 0 0 0 0 0 0 2 2 0 0 0 0 0 0 0 0 0 0 1 0 0 0 2 0 2 0 2 0 0 0 0 0 0 0 0 0 0 0 0 2 0 0 0 0 0 0
489 2 2 2 2 2 2 2 2 2 2 2 2 2 2 2 2 0 2 2 2 2 2 2 2 2 2 0 2 2 2 2 2 2 2 2 1 2 2 2 2 2 2 2 2 2 2 2 2 2 2 2 2 2 2 2 2 2 2 2 2 2 2 2 2 2 2 2 2 2 2 2 2 2 2 0 2 2 2 2 2 2 2 2 2 2 0 2 2 2 2 2 2 2 2 2 2 2 2 2 2 2 0 2 2 2 2 2 2 2 2 2 2 2 2 2 2 2 2 2 2 2 2 2 2 2 2 2 2 2 2 2 2 0 2 2 0 2 2 2 0 2 2 0 2 2 2 2 2 2 2 2 2 2 2 2 2 2 2 2 2 2 2 2 2 0 0 0 2 2 2 2 2 0 2 0 2 2 2 2 2 0 2 2 0 2 2 2 0 2 2 2 0 2 2 2 0 2 2 2 2 2 0 2 2 2 2 2 2 2 2 2 2 2 2 2 2 2 2 2 2 2 2 2 2 2 2 0 2 2 2 2 2 2 0 2 2 2 2 2 2 2 2 2 2 2
490 0 0 0 2 2 0 2 0 0 0 0 2 2 0 2 0 0 2 0 2 2 0 0 0 0 0 0 0 2 0 0 0 2 0 0 0 0 0 0 0 0 2 2 2 0 0 2 0 0 0 0 2 2 2 0 0 0 0 0 0 0 0 2 2 2 2 0 2 0 2 2 2 2 2 0 0 0 2 0 0 2 0 2 0 0 0 0 2 0 0 0 0 2 2 2 2 0 0 0 0 0 0 0 0 0 0 0 2 2 0 2 2 2 2 2 0 0 0 2 2 0 2 0 2 0 2 2 0 0 0 0 2 0 2 0 0 2 0 2 0 0 0 0 0 2 0 2 0 1 0 2 0 2 0 2 2 2 0 0 2 0 0 0 0 0 0 0 1 2 2 0 2 0 0 0 2 2 0 2 0 0 0 2 0 0 0 2 0 0 2 1 0 2 0 0 0 2 0 0 1 0 0 0 0 0 0 2 0 2 0 0 0 0 2 2 2 0 1 0 2 0 2 2 2 0 2 0 2 0 0 0 0 0 0 0 0 0 0 2 0 0 0 0 0 0
491 0 2 2 2 2 2 2 2 2 0 2 2 2 0 2 2 0 2 2 2 2 2 2 0 2 2 0 2 2 2 2 2 2 2 2 1 2 2 2 2 0 2 0 2 0 2 0 0 2 2 0 2 2 2 2 2 2 2 2 2 2 2 2 2 2 2 2 2 0 2 2 2 2 2 0 2 2 2 2 2 2 0 2 0 2 0 2 2 0 2 2 2 2 2 2 2 2 2 2 2 0 0 2 2 2 2 0 2 2 2 2 2 2 2 2 2 2 2 2 2 2 2 2 2 0 2 2 0 2 2 2 2 0 2 2 0 2 2 2 0 2 2 0 2 2 2 2 0 2 2 2 2 2 2 2 2 2 0 2 2 2 0 2 2 0 0 0 2 2 2 0 2 0 0 0 2 2 2 2 2 0 2 2 0 2 2 2 0 0 2 2 0 2 2 0 0 2 2 0 2 2 0 2 2 2 2 2 2 0 2 0 0 2 2 2 2 2 2 2 2 2 2 2 2 0 2 0 2 2 2 2 2 2 0 0 2 2 2 2 0 2 0 0 0 2
492 2 2 2 2 0 2 0 2 2 2 2 2 0 2 0 2 2 2 2 2 2 2 2 2 2 2 2 2 2 2 2 2 0 2 2 2 2 2 2 2 2 0 2 2 2 2 2 2 2 2 2 2 2 2 2 2 2 2 2 2 2 2 0 2 2 0 2 2 2 2 2 2 0 2 2 2 2 2 2 2 0 2 2 2 2 2 2 0 2 2 2 2 2 2 0 0 2 2 2 2 2 2 2 2 2 2 2 2 2 2 0 0 2 2 2 2 2 2 0 0 2 2 2 2 2 0 2 2 2 2 2 0 2 0 2 2 2 2 2 2 2 2 2 2 2 2 2 2 1 2 2 2 2 2 0 2 0 2 2 2 2 2 2 2 2 2 2 2 2 2 2 0 2 2 2 0 2 2 2 2 2 2 0 2 2 2 0 2 2 2 2 2 0 2 2 2 0 2 2 2 2 2 2 2 2 2 0 2 2 2 2 2 2 2 2 2 2 1 2 2 2 0 2 0 2 0 2 2 2 2 2 2 2 2 2 2 2 2 0 2 2 2 2 2 2
493 0 0 2 0 0 2 0 0 2 0 2 0 0 2 0 2 2 2 0 2 0 2 2 2 2 2 2 2 2 0 2 2 0 2 2 2 2 0 2 2 2 0 0 2 0 2 0 0 2 2 0 2 2 2 2 2 0 0 2 2 2 0 0 2 2 0 0 2 2 0 2 2 0 2 2 0 2 0 2 2 0 2 0 0 2 2 2 0 2 2 2 2 0 0 0 0 2 0 0 2 2 2 0 2 2 0 2 2 2 0 0 0 0 2 2 2 2 0 0 0 2 2 2 2 0 0 2 2 0 2 2 0 2 0 0 2 2 0 2 2 0 2 2 2 2 0 2 2 1 0 0 0 2 2 0 2 0 2 2 2 0 2 2 0 2 2 2 1 2 2 2 0 2 2 2 0 2 2 2 0 2 2 0 2 2 0 0 2 2 2 2 2 0 2 2 2 0 2 2 2 0 2 2 2 0 2 0 2 0 2 2 2 2 2 0 0 2 1 2 0 2 0 2 0 2 0 2 2 0 0 2 2 0 2 2 2 2 0 0 2 2 2 0 2 0
494 2 2 2 2 2 2 2 2 2 2 2 2 2 2 2 2 2 2 2 2 2 2 0 2 2 2 2 2 2 2 2 2 2 2 2 2 2 2 2 2 2 2 0 2 2 2 0 2 2 2 2 0 0 2 0 0 0 2 2 2 2 2 2 2 2 2 2 2 2 2 0 2 2 0 2 2 2 2 2 2 2 2 2 2 2 2 2 2 2 2 2 2 2 2 2 2 2 2 2 2 2 2 2 2 2 2 2 2 2 2 2 2 2 2 2 2 2 2 2 2 2 2 2 2 2 2 2 2 0 2 2 2 2 2 2 2 2 0 2 2 2 2 2 2 2 2 0 2 2 2 2 2 0 2 2 0 2 0 2 2 2 2 2 0 2 2 2 2 2 2 2 2 2 2 2 2 2 2 2 2 2 2 2 2 2 0 2 2 2 2 2 2 2 2 2 2 2 2 2 2 2 2 2 2 2 2 2 2 0 2 2 2 2 2 2 2 2 2 2 2 2 2 2 2 2 2 2 2 2 0 2 2 2 2 2 2 2 2 2 2 2 2 0 2 0
495 0 0 2 0 0 2 0 0 0 0 0 0 0 2 0 2 2 2 0 2 0 2 0 2 2 2 2 2 2 0 0 2 0 2 2 2 2 0 0 2 2 0 0 2 0 2 0 0 2 0 2 0 0 2 0 0 0 0 2 2 0 0 0 2 2 0 0 2 0 0 0 2 0 0 2 0 2 0 2 0 0 0 0 0 2 2 2 0 2 2 2 0 0 0 0 0 2 2 0 2 2 2 0 0 0 2 2 2 0 0 0 0 0 2 2 0 2 0 0 0 2 2 0 2 0 0 2 2 0 2 0 0 2 0 2 2 2 0 2 2 0 2 2 2 2 0 0 2 1 2 0 0 0 2 0 0 0 0 2 2 0 2 2 0 2 2 2 1 2 2 2 0 2 2 2 0 2 2 2 0 2 0 0 2 2 0 0 2 0 2 2 2 0 0 0 2 0 0 2 2 2 2 2 2 2 0 0 2 0 0 2 2 2 2 0 0 2 0 2 0 2 0 2 0 2 0 2 2 0 0 2 2 0 2 2 2 2 0 0 2 2 0 0 2 0
496 0 0 2 0 0 2 0 0 0 0 0 0 0 2 0 2 2 2 0 2 0 2 0 2 2 2 2 2 2 0 0 2 0 2 2 2 2 0 0 2 2 0 0 2 0 2 0 0 2 0 2 0 0 2 0 0 0 0 2 2 0 0 0 2 2 0 0 2 0 0 0 2 0 0 2 0 2 0 2 0 0 0 0 0 2 2 2 0 2 2 2 0 0 0 0 0 2 2 0 2 2 2 0 0 0 2 2 2 0 0 0 0 0 2 2 0 2 0 0 0 2 2 0 2 0 0 2 2 0 2 0 0 2 0 2 2 2 0 2 2 0 2 2 2 2 0 0 2 1 2 0 0 0 2 0 0 0 0 2 2 0 2 2 0 2 2 2 1 2 2 2 0 2 2 2 0 2 2 2 0 2 0 0 2 2 0 0 2 0 2 2 2 0 0 0 2 0 0 2 2 2 2 2 2 2 0 0 2 0 0 2 2 2 2 0 0 2 0 2 0 2 0 2 0 2 0 2 2 0 0 2 2 0 2 2 2 2 0 0 2 2 0 0 2 0
497 2 2 2 0 2 2 2 2 2 2 2 0 2 2 0 0 0 2 0 2 2 2 0 2 2 2 2 2 2 0 2 2 2 2 2 2 2 2 2 2 2 0 0 2 2 2 0 2 0 2 2 0 2 2 0 0 2 2 2 2 2 2 2 2 2 2 2 2 0 0 2 0 2 2 0 0 2 0 0 2 2 0 2 2 0 2 2 2 0 2 0 2 2 2 2 2 0 2 2 2 2 0 2 2 0 2 2 2 2 2 2 2 2 2 2 2 2 2 2 2 0 2 2 2 2 2 2 2 2 0 2 2 0 2 2 2 2 2 2 0 0 0 2 2 2 2 0 0 1 0 0 2 0 2 2 2 2 2 2 2 0 0 0 0 0 2 0 1 2 2 0 2 0 2 0 2 2 2 2 2 0 2 2 2 0 2 2 2 0 2 2 0 2 2 0 2 2 2 2 1 2 0 0 0 2 2 2 0 0 2 0 2 2 2 0 2 0 2 0 2 2 2 2 2 0 2 0 2 2 2 0 0 2 2 2 2 2 2 2 2 2 0 0 2 0
498 2 2 2 0 2 0 2 2 2 0 0 0 2 0 0 0 2 2 0 0 2 2 2 0 2 0 0 2 2 0 2 2 0 2 0 1 2 2 0 0 2 0 2 2 0 2 2 0 2 2 2 2 2 2 2 2 2 2 2 0 2 2 2 2 2 2 2 2 0 0 2 0 2 2 2 0 2 0 0 0 2 2 2 0 0 0 2 2 2 0 0 0 2 0 2 0 0 0 2 2 0 0 2 2 0 0 0 2 2 2 2 2 0 0 2 2 0 2 0 0 0 2 0 2 2 2 2 0 2 0 2 2 0 0 2 0 2 0 2 2 0 2 0 0 2 0 2 0 0 0 0 2 2 0 2 2 0 2 1 0 0 0 0 2 2 0 2 0 2 0 0 2 2 2 2 2 2 0 0 2 0 0 2 0 2 2 0 0 2 0 1 0 2 0 2 0 0 0 0 2 0 2 0 0 2 2 2 0 2 0 0 0 2 2 0 0 0 1 0 0 2 2 2 2 0 2 0 2 0 2 0 0 2 2 0 2 0 2 0 0 0 2 2 0 2
499 2 0 0 2 0 2 0 2 2 2 2 2 0 2 2 2 2 2 2 2 0 2 2 2 0 2 2 2 2 2 0 2 2 0 2 1 0 0 2 2 2 2 2 2 2 0 2 2 2 0 2 2 2 2 2 2 2 0 0 2 2 2 0 2 2 0 0 2 2 0 2 2 2 2 2 2 0 2 2 2 0 2 0 2 2 2 0 0 2 2 2 2 0 2 0 2 2 2 2 0 2 2 0 0 2 2 2 2 2 0 0 0 2 2 0 2 2 2 2 2 2 2 2 2 2 0 2 2 2 2 2 0 2 2 0 2 2 2 2 2 2 2 2 2 2 2 2 2 2 2 2 2 2 2 0 2 2 2 1 2 2 2 2 2 2 2 2 2 2 2 2 0 2 2 2 0 2 2 2 2 2 2 0 2 2 2 2 2 2 2 1 2 0 2 2 2 2 2 2 2 2 2 2 2 0 2 0 2 2 2 2 2 0 2 2 2 2 1 2 2 0 0 2 0 2 0 2 2 2 2 2 2 2 2 2 2 2 2 2 2 2 2 2 2 2
500 2 2 0 2 2 0 2 0 0 2 2 2 2 2 2 0 2 2 2 2 2 2 0 2 2 0 2 2 2 2 2 2 2 2 0 2 2 2 0 2 0 2 0 2 2 0 0 2 0 2 0 0 2 0 0 0 1 2 0 2 2 0 2 2 0 2 2 0 2 2 2 0 0 2 2 2 0 2 2 2 2 2 2 2 0 2 0 2 0 0 2 0 2 2 2 2 0 0 0 0 0 2 2 2 0 0 0 2 0 2 2 2 2 2 2 2 0 0 0 2 0 0 2 2 0 2 2 0 0 1 2 2 2 2 2 2 2 0 2 2 2 2 2 0 2 2 0 2 1 2 2 2 0 2 2 0 2 1 1 2 0 0 0 2 2 2 2 2 0 2 0 2 2 0 2 2 2 2 2 0 2 2 2 2 0 0 0 2 2 2 2 2 2 0 2 2 0 2 0 1 0 2 2 0 2 2 2 2 0 1 2 0 0 2 2 2 2 1 0 2 2 0 0 2 0 2 2 2 0 2 2 0 0 2 0 2 0 0 0 1 0 2 0 0 2
501 2 0 2 2 2 2 0 0 2 2 0 2 2 0 0 2 0 2 2 2 0 0 0 0 2 2 0 0 2 2 0 0 2 2 2 1 0 0 2 2 2 2 2 2 2 2 2 2 2 0 2 2 2 2 0 0 2 0 2 2 0 2 2 2 2 2 0 2 0 0 2 0 2 2 0 2 2 2 0 0 0 0 2 0 2 0 2 0 2 2 0 2 2 0 2 2 0 2 0 2 2 0 0 0 2 2 2 0 0 0 0 0 0 2 0 2 2 0 2 2 0 2 2 2 2 0 2 2 0 2 2 0 0 2 0 0 0 2 2 0 2 0 0 2 2 2 2 2 1 0 0 0 0 2 0 0 0 2 2 2 2 0 0 0 0 0 0 1 2 2 0 2 0 0 0 0 2 2 2 2 0 0 0 0 0 2 2 0 0 2 1 0 0 0 0 0 0 0 2 1 2 0 2 0 0 0 0 0 2 2 2 2 2 2 0 2 2 1 0 2 2 2 2 0 0 0 0 2 2 2 0 2 2 0 2 0 0 2 2 2 2 0 2 2 0
502 0 0 0 0 2 0 0 0 0 0 0 0 2 0 0 0 0 0 0 2 0 0 0 0 0 0 0 0 0 0 0 0 2 0 0 0 0 0 0 0 2 2 0 2 0 0 2 0 0 0 0 2 0 0 0 0 2 0 0 0 0 0 2 2 0 2 0 0 0 0 2 0 2 0 0 0 0 0 0 0 0 0 0 0 0 0 0 0 0 0 0 0 0 0 2 2 0 0 0 0 0 0 0 0 0 0 0 0 0 0 0 0 0 2 0 0 0 0 0 2 0 0 0 2 0 0 0 0 0 0 2 0 0 2 0 0 0 0 2 0 0 0 0 0 2 2 2 0 0 0 0 0 0 2 0 0 0 0 0 2 0 0 0 0 0 0 0 2 0 2 0 0 0 0 0 0 2 2 2 0 0 0 0 0 0 0 0 0 0 2 1 0 0 0 0 0 0 0 0 0 0 0 2 0 0 0 0 0 2 0 0 0 0 2 0 2 2 0 0 2 0 0 0 0 0 0 0 2 0 0 0 0 0 0 0 0 0 0 0 0 0 0 0 0 0
503 2 2 2 2 2 2 2 2 2 2 2 2 2 2 2 2 0 2 2 2 2 2 2 2 2 2 2 2 2 2 2 2 2 2 2 2 2 2 2 2 2 2 2 2 2 2 2 2 2 2 2 2 2 2 2 2 2 2 2 2 2 2 2 2 2 2 2 2 2 2 2 2 2 2 0 2 2 2 0 2 2 0 2 2 2 2 2 2 2 2 2 2 2 2 2 2 2 2 2 2 2 2 2 2 2 2 2 2 2 2 2 2 2 2 2 2 2 2 2 2 2 2 2 2 2 2 2 2 2 2 2 2 2 2 2 2 2 2 2 2 2 0 2 2 2 2 2 2 2 2 2 2 2 2 2 2 2 2 2 2 2 2 0 0 0 2 0 2 2 2 2 2 2 2 0 2 2 2 2 2 2 2 2 2 2 2 2 2 0 2 2 2 2 2 0 2 2 2 2 2 2 0 2 2 2 2 2 2 2 2 2 2 2 2 2 2 2 2 2 2 2 2 2 2 2 2 2 2 2 2 2 2 2 2 2 2 0 2 2 2 2 0 2 2 0
504 0 0 2 2 2 2 0 0 2 2 2 2 2 0 0 2 2 2 0 2 0 0 2 0 2 2 0 0 2 0 0 0 2 2 2 1 0 0 2 2 2 2 2 2 2 2 2 2 2 0 2 2 2 2 2 2 0 0 2 2 2 2 2 2 2 2 0 2 0 0 2 2 2 2 2 0 2 2 2 0 0 2 2 0 2 0 2 0 2 2 0 2 2 2 0 2 0 2 0 2 2 0 0 0 2 2 2 2 2 0 0 0 2 2 0 2 2 0 2 2 0 2 0 2 0 0 2 2 0 2 2 0 0 2 0 0 0 2 2 0 0 2 0 2 2 2 2 2 1 0 0 0 0 2 0 0 0 2 2 2 2 2 2 2 2 0 2 1 2 2 2 2 0 0 2 0 2 2 2 2 0 0 0 0 2 2 2 0 2 2 1 0 0 0 2 0 0 0 2 1 2 2 0 0 0 0 0 0 2 2 2 2 2 2 0 2 0 1 0 2 2 2 2 0 2 0 0 2 2 2 0 2 2 0 2 0 2 2 2 2 2 2 2 2 2
505 0 2 2 2 2 2 2 2 2 2 2 2 2 0 0 2 0 2 0 2 0 2 2 0 2 2 0 2 2 0 0 2 2 2 2 1 2 2 2 2 2 2 2 2 2 2 2 2 2 0 2 2 2 2 2 2 2 2 2 2 2 2 2 2 2 2 2 2 2 2 2 2 2 2 0 0 2 2 2 0 2 2 2 2 2 0 2 2 2 2 0 2 2 2 2 2 2 2 2 2 2 0 2 0 2 2 2 2 2 2 0 2 2 2 0 2 2 2 2 2 0 2 0 2 0 2 2 2 0 2 2 2 0 2 0 0 2 2 2 0 0 2 0 2 2 2 2 2 1 0 2 2 2 2 2 0 2 2 2 2 2 2 0 2 0 0 2 2 2 2 2 2 0 2 0 2 2 2 2 2 0 0 2 0 2 2 2 2 2 2 2 0 2 0 2 0 2 0 2 2 2 0 2 2 0 0 2 0 2 2 2 2 2 2 2 2 2 1 2 2 2 2 2 2 2 2 0 2 2 0 0 2 2 2 2 2 2 2 2 2 2 2 2 2 2
506 0 2 2 2 2 2 2 2 2 2 2 2 2 0 0 2 0 2 0 2 0 2 2 0 2 2 0 2 2 0 0 2 2 2 2 1 2 2 2 2 2 2 2 2 2 2 2 2 2 0 2 2 2 2 2 2 2 2 2 2 2 2 2 2 2 2 2 2 2 2 2 2 2 2 0 0 2 2 2 0 2 2 2 2 2 0 2 2 2 2 0 2 2 2 2 2 2 2 2 2 2 0 2 0 2 2 2 2 2 2 0 2 2 2 0 2 2 2 2 2 0 2 0 2 0 2 2 2 0 2 2 2 0 2 0 0 2 2 2 0 0 2 0 2 2 2 2 2 1 0 2 2 2 2 2 0 2 2 2 2 2 2 0 2 0 0 2 2 2 2 2 2 0 2 0 2 2 2 2 2 0 0 2 0 2 2 2 2 2 2 2 0 2 0 2 0 2 0 2 2 2 0 2 2 0 0 2 0 2 2 2 2 2 2 2 2 2 1 2 2 2 2 2 2 2 2 0 2 2 0 0 2 2 2 2 0 2 2 2 2 2 2 2 2 2
507 2 2 2 2 2 2 0 2 2 2 2 2 2 2 2 2 2 2 2 2 2 2 2 2 2 2 2 2 2 2 2 2 2 2 2 2 0 2 2 2 2 2 2 2 2 2 2 2 2 2 2 2 2 2 2 2 2 2 2 2 2 2 2 2 2 2 2 2 0 0 2 2 2 2 2 2 2 2 0 2 2 2 2 2 2 2 2 0 2 2 2 2 2 2 2 2 2 2 2 2 2 2 2 2 2 2 2 2 2 2 2 0 2 2 2 2 2 2 2 2 2 2 2 2 2 0 2 2 2 2 2 0 2 2 2 2 2 2 2 2 2 2 2 2 2 2 2 2 2 2 0 2 2 2 0 2 2 2 2 2 2 2 2 2 2 2 2 2 2 2 2 2 2 2 2 0 2 2 2 2 2 2 2 2 2 2 0 2 2 2 1 2 0 2 2 2 2 2 2 2 2 2 2 2 2 2 0 2 2 2 2 0 2 2 0 2 2 1 2 2 2 0 2 0 2 0 2 2 2 2 2 2 2 0 0 2 2 2 2 2 2 2 2 2 2
508 0 0 0 0 0 0 0 2 0 0 0 0 0 0 2 0 0 0 0 0 0 0 0 0 0 0 2 0 0 0 0 0 0 0 0 1 0 0 0 0 0 0 0 0 0 0 0 0 0 0 0 0 0 2 0 0 2 0 0 0 0 0 0 0 2 0 0 0 0 0 0 0 0 0 0 0 0 0 0 0 0 0 0 0 0 2 0 0 0 0 2 0 0 0 0 0 0 0 2 0 2 2 0 0 2 0 2 0 2 0 2 0 0 0 0 0 0 2 0 0 0 0 0 0 0 0 0 2 0 0 0 0 0 0 2 2 0 0 0 2 0 0 2 0 0 0 0 2 1 2 0 2 2 0 0 2 0 2 0 0 2 0 0 0 0 0 0 0 2 0 0 0 2 2 0 0 0 0 0 0 2 0 0 2 2 0 0 0 0 0 0 2 0 0 0 2 0 0 2 1 0 0 0 0 2 0 0 0 0 0 2 0 0 0 0 0 0 0 0 0 0 0 0 0 0 0 2 0 0 2 0 0 0 0 0 0 0 0 0 2 0 0 2 2 0
509 2 2 2 2 2 2 2 2 2 2 2 2 2 2 2 2 0 2 2 2 2 2 2 2 2 2 2 2 2 2 2 2 2 2 2 2 2 2 2 2 2 2 2 2 2 2 2 2 2 2 2 2 2 2 2 2 2 2 2 2 2 2 2 2 2 2 2 2 2 2 2 2 2 2 0 2 2 2 2 2 0 0 2 2 2 2 2 2 2 2 2 2 2 2 2 2 2 2 2 2 2 2 2 2 2 2 2 2 2 2 2 2 2 2 2 2 2 2 2 2 2 2 2 2 2 2 2 2 2 2 2 2 0 2 2 2 2 2 2 2 2 1 2 2 2 2 2 2 2 2 2 2 2 2 2 2 2 2 2 2 2 2 0 0 0 2 0 2 2 2 2 2 2 2 2 2 2 2 2 2 2 2 2 2 2 2 2 2 0 2 2 2 2 2 0 2 2 2 2 2 2 0 2 2 2 2 2 2 2 2 2 2 2 2 2 2 2 2 2 2 2 2 2 2 2 2 2 2 2 2 2 2 2 0 2 2 2 2 2 2 2 0 2 2 0
510 2 2 2 2 2 0 2 2 2 2 2 2 2 2 2 2 0 2 2 2 2 2 2 2 2 2 2 2 2 2 2 2 2 2 0 2 2 2 2 2 2 2 2 2 2 2 2 2 2 2 2 2 2 2 2 2 2 2 2 2 2 2 2 2 2 2 2 2 2 2 2 2 2 2 0 2 2 2 2 2 0 0 2 2 2 2 2 2 2 0 2 2 2 2 2 2 2 2 2 2 2 2 2 2 2 2 2 2 2 2 2 2 2 2 2 2 0 2 2 2 0 2 2 2 2 2 2 2 2 2 2 2 0 2 2 2 2 0 2 2 2 0 2 0 2 2 2 2 1 2 2 2 2 2 2 2 2 2 1 2 2 2 0 0 0 2 0 2 2 2 2 0 2 2 0 2 2 2 2 2 2 2 2 2 2 2 2 2 0 2 2 2 2 2 0 2 2 2 2 2 2 0 2 2 2 2 2 2 2 2 2 2 2 2 2 2 2 2 2 2 2 2 2 2 2 2 2 2 0 2 2 2 2 0 2 2 2 2 2 2 0 0 2 2 0
511 2 2 2 2 2 2 2 2 2 0 2 2 2 2 2 2 2 2 2 2 2 2 2 2 2 2 2 2 2 2 2 2 0 2 2 2 2 2 2 2 2 0 2 2 2 2 2 0 2 2 2 2 2 2 2 2 2 2 2 2 2 2 2 2 2 2 2 2 2 2 2 2 2 2 2 2 2 2 2 2 2 2 2 0 2 2 2 2 2 2 2 2 2 2 2 0 2 2 2 2 2 2 2 2 2 2 2 2 2 2 2 2 2 2 2 2 2 2 2 0 2 2 0 2 0 2 2 2 2 2 2 2 2 0 2 2 2 2 2 2 2 2 2 2 2 2 2 2 2 2 2 2 2 2 2 2 2 2 2 2 2 2 2 2 2 2 2 2 2 2 2 2 2 2 2 2 2 2 2 2 2 2 2 2 2 2 2 0 2 2 2 2 2 2 2 2 2 0 2 2 2 2 2 2 2 2 2 2 2 2 2 2 2 2 2 2 2 1 2 2 2 2 2 2 2 2 2 2 2 2 2 2 2 2 2 2 2 2 2 2 2 2 2 2 2
512 0 0 0 0 0 0 0 0 0 0 0 0 0 0 2 0 0 0 0 0 0 0 0 0 0 0 0 0 0 0 0 0 0 0 0 0 0 0 0 0 0 0 0 0 0 0 2 0 0 0 0 2 0 2 0 0 2 0 0 0 0 0 0 0 2 0 0 0 0 0 0 0 0 0 0 0 0 0 0 0 0 0 0 0 0 0 0 0 0 0 0 0 0 0 0 0 0 0 0 0 2 0 0 0 0 0 2 0 2 0 0 0 0 0 0 0 0 2 0 0 0 0 0 0 0 0 0 0 0 0 0 0 0 0 0 0 0 0 0 0 0 0 0 0 0 0 2 0 1 0 0 0 2 0 0 0 0 0 0 0 2 0 0 0 0 0 0 0 2 0 0 0 0 0 0 0 0 0 0 0 0 0 0 0 2 0 0 0 0 0 0 0 0 0 0 0 0 0 2 0 0 0 0 0 0 0 0 0 2 0 0 0 0 0 0 0 0 0 0 0 0 0 0 0 0 0 0 0 0 0 0 0 0 0 0 0 0 0 0 2 0 0 2 2 0
513 2 0 2 0 2 2 0 2 2 2 0 2 2 2 2 2 2 2 2 0 0 2 2 2 0 2 2 2 2 2 0 2 2 0 2 1 0 0 2 2 0 2 2 0 2 2 2 2 2 0 0 2 2 2 2 2 2 0 2 2 0 2 2 0 2 2 0 0 0 0 2 0 0 2 2 2 2 2 2 0 2 2 0 2 2 2 2 0 2 2 2 2 0 2 2 2 0 2 2 2 2 2 0 0 2 2 2 0 2 0 2 0 2 0 0 2 2 2 2 2 2 2 2 0 2 0 0 2 0 2 0 0 2 2 2 2 0 2 0 2 2 2 2 2 0 2 2 2 1 2 0 2 2 0 0 2 0 2 1 0 2 2 2 2 2 2 2 0 2 0 2 2 2 2 2 0 0 0 0 2 2 2 2 2 2 2 2 2 2 0 0 2 0 2 2 2 0 2 2 2 2 2 2 2 2 0 0 2 2 2 2 0 2 0 0 0 2 1 0 0 0 0 0 0 2 0 2 0 2 2 2 2 2 2 0 2 2 2 2 2 2 2 2 2 2
514 0 0 0 0 0 0 0 2 0 0 0 0 0 0 0 0 0 0 0 0 0 0 0 0 0 0 0 0 0 0 0 0 0 0 0 0 0 0 0 0 0 0 0 0 0 0 2 0 0 0 0 2 0 2 0 0 2 0 0 0 0 0 0 0 2 0 0 0 0 0 0 0 0 0 0 0 0 0 0 0 0 0 0 0 0 0 0 0 0 0 0 0 0 0 0 0 0 0 2 0 2 0 0 0 0 0 2 0 0 0 0 0 0 0 0 0 0 2 0 0 0 0 0 0 0 0 0 0 0 0 0 0 0 0 0 0 0 0 0 0 0 0 0 0 0 0 2 0 0 0 0 0 2 0 0 0 0 0 0 0 2 0 0 0 0 0 0 0 2 0 0 0 0 2 0 0 0 0 0 0 0 0 0 0 0 0 0 0 0 0 0 0 0 0 0 0 0 0 2 0 0 0 0 0 0 0 0 0 2 0 0 0 0 0 0 0 0 0 0 0 0 0 0 0 0 0 0 0 0 0 0 0 0 0 0 0 0 0 0 2 0 0 2 2 0
515 2 2 0 2 2 2 2 2 0 2 2 2 2 2 2 2 2 0 2 2 2 2 2 2 2 2 2 2 0 2 2 2 2 2 2 2 2 2 0 0 2 2 2 2 2 0 2 2 0 2 2 2 2 2 2 2 2 2 0 2 2 2 2 2 2 2 2 2 2 2 2 2 2 2 2 2 0 2 2 2 2 2 2 2 2 2 0 2 2 2 2 0 2 2 2 2 2 2 2 0 2 2 2 2 2 2 2 2 2 2 2 2 2 2 2 0 2 2 2 2 2 0 2 2 2 2 2 2 2 2 2 2 2 2 2 2 2 2 2 2 2 2 2 2 2 2 2 2 2 2 2 2 2 2 2 2 2 2 2 2 2 2 2 2 2 2 2 2 2 2 2 2 2 2 2 2 2 2 2 2 2 2 2 2 2 2 2 2 2 2 2 2 2 2 2 2 2 2 2 2 2 2 2 2 2 2 2 2 2 2 2 2 0 2 2 2 2 2 2 2 2 2 2 2 2 2 2 2 2 2 2 2 2 2 2 2 2 2 2 2 2 2 2 2 2
516 2 2 0 2 2 2 2 2 0 2 2 2 2 2 2 2 2 0 2 2 2 2 2 2 2 2 2 2 0 2 2 2 2 2 2 2 2 2 0 0 2 2 2 2 2 0 2 2 0 2 2 2 2 2 2 2 2 2 0 2 2 2 2 2 2 2 2 2 2 2 2 2 2 2 2 2 0 2 2 2 2 2 2 2 2 2 0 2 2 2 2 0 2 2 2 2 2 2 2 0 2 2 2 2 2 2 2 2 2 2 2 2 2 2 2 0 2 2 2 2 2 0 2 2 2 2 2 2 2 2 2 2 2 2 2 2 2 2 2 2 2 2 2 2 2 2 2 2 2 2 2 2 2 2 2 2 2 2 2 2 2 2 2 2 2 2 2 2 2 2 2 2 2 2 2 2 2 2 2 2 2 2 2 2 2 2 2 2 2 2 2 2 2 2 2 2 2 2 2 2 2 2 2 2 2 2 2 2 2 2 2 2 0 2 2 2 2 2 2 2 2 2 2 2 2 2 2 2 2 2 2 2 2 2 2 2 2 2 2 2 2 2 2 2 2
517 2 2 2 2 2 2 2 2 2 2 2 2 2 2 2 2 0 2 2 2 2 2 2 2 2 2 2 2 2 2 2 2 2 2 2 2 2 2 2 2 2 2 2 2 2 2 2 2 2 2 2 2 2 2 2 2 2 2 2 2 2 2 2 2 2 2 2 2 2 2 2 2 2 2 0 2 2 2 2 2 0 0 2 2 2 2 2 2 2 2 2 2 2 2 2 2 2 2 2 2 2 2 2 2 2 2 2 2 2 2 2 2 2 2 2 2 2 2 2 2 2 2 2 2 2 2 2 2 2 2 2 2 0 2 2 2 2 2 2 2 2 0 2 2 2 2 2 2 2 2 2 2 2 2 2 2 2 2 2 2 2 2 2 0 0 2 0 2 2 2 2 2 2 2 2 2 2 2 2 2 2 2 2 2 2 2 2 2 0 2 2 2 2 2 0 2 2 2 2 2 2 0 2 2 2 2 2 2 2 2 2 2 2 2 2 2 2 2 2 2 2 2 2 2 2 2 2 0 2 2 2 2 2 0 2 2 2 2 2 2 2 0 2 2 0
518 2 0 2 2 2 2 2 2 2 2 2 2 2 2 2 2 2 2 2 2 2 2 2 2 2 2 2 2 2 2 2 2 2 2 2 2 2 0 2 2 0 2 2 2 2 2 2 2 2 2 2 2 2 2 2 2 2 0 2 2 2 2 2 2 2 2 0 2 2 2 2 2 2 2 2 2 2 2 2 2 2 2 0 2 2 2 2 2 2 2 2 2 0 2 0 2 2 2 2 2 2 2 0 2 2 2 2 2 2 0 2 2 2 2 2 2 2 2 2 2 2 2 2 2 2 2 2 2 0 2 2 2 2 2 2 2 2 2 2 2 2 2 2 2 2 2 2 2 2 2 2 2 2 2 2 2 2 2 2 2 2 2 2 2 2 2 2 2 2 2 2 2 2 2 2 2 2 2 2 0 2 2 2 2 2 2 2 2 2 2 2 2 2 2 2 2 0 2 2 2 2 2 2 2 2 2 2 2 2 2 2 2 2 2 2 2 2 2 2 2 2 2 2 2 2 2 2 2 2 2 2 2 0 2 2 2 2 0 2 2 2 2 2 2 2
519 0 0 0 0 0 2 0 2 0 0 0 0 0 0 0 0 2 0 0 0 0 0 0 0 0 0 0 0 0 0 0 0 0 0 2 0 0 0 0 0 0 0 2 0 0 0 2 0 0 0 0 2 2 2 0 0 2 0 0 0 0 0 0 0 2 0 0 0 0 0 2 0 0 2 2 0 0 0 0 0 2 2 0 0 0 0 0 0 2 2 0 0 0 2 0 0 0 0 2 0 2 0 0 0 0 0 2 0 0 0 0 0 2 0 0 0 2 2 0 0 2 0 0 0 0 0 0 0 0 0 0 0 2 0 0 0 0 2 0 0 0 2 0 2 0 2 2 2 1 0 0 2 2 2 0 2 0 0 1 0 2 0 0 2 2 0 2 0 2 0 0 2 0 2 2 0 0 2 0 0 0 0 2 0 0 2 0 0 2 0 0 0 0 0 2 0 0 0 2 1 0 2 2 0 0 0 0 2 2 0 2 0 0 0 0 0 2 0 0 0 0 0 0 0 0 0 0 2 0 0 2 0 0 2 0 0 0 0 0 2 2 2 2 2 2
520 2 2 2 2 2 2 2 2 2 2 2 2 2 2 2 2 0 2 2 2 2 2 2 2 2 2 2 2 2 2 2 2 2 2 2 2 2 2 2 2 2 2 2 2 2 2 2 2 2 2 2 2 2 2 2 2 2 2 2 2 2 2 2 2 2 2 2 2 2 2 2 2 2 2 0 2 2 2 2 2 0 0 2 2 2 2 2 2 2 2 2 2 2 2 2 2 2 2 2 2 2 2 2 2 2 2 2 2 2 2 2 2 2 2 2 2 2 2 2 2 2 2 2 2 2 2 2 2 2 2 2 2 0 2 2 2 2 2 2 2 2 0 2 2 2 2 2 2 2 2 2 2 2 2 2 2 2 2 2 2 2 2 2 0 0 2 0 2 2 2 2 2 2 2 2 2 2 2 2 2 2 2 2 2 2 2 2 2 0 2 2 2 2 2 0 2 2 2 2 2 2 0 2 2 2 2 2 2 2 2 2 2 2 2 2 2 2 2 2 2 2 2 2 2 2 2 2 0 2 2 2 2 2 0 2 2 2 2 2 2 2 0 2 2 0
521 2 2 2 2 2 2 2 2 2 2 2 2 2 2 2 2 0 2 2 2 2 2 2 2 2 2 2 2 2 2 2 2 2 2 2 2 2 2 2 2 2 2 2 2 2 2 2 2 2 2 2 2 2 2 2 2 2 2 2 2 2 2 2 2 2 2 2 2 2 2 2 2 2 2 0 2 2 2 2 2 0 0 2 2 2 2 2 2 2 2 2 2 2 2 2 2 2 2 2 2 2 2 2 2 2 2 2 2 2 2 2 2 2 2 2 2 2 2 2 2 2 2 2 2 2 2 2 2 2 2 2 2 0 2 2 2 2 2 2 2 2 0 2 2 2 2 2 2 2 2 2 2 2 2 2 2 2 2 2 2 2 2 2 0 0 2 0 2 2 2 2 2 2 2 2 2 2 2 2 2 2 2 2 2 2 2 2 2 0 2 2 2 2 2 0 2 2 2 2 2 2 0 2 2 2 1 2 2 2 2 2 2 2 2 2 2 2 2 2 2 2 2 2 2 2 2 2 0 2 2 2 2 2 0 2 2 2 2 2 2 2 0 2 2 0
522 2 2 2 2 0 2 2 2 0 2 2 0 0 0 2 0 2 2 2 2 2 0 2 0 2 0 2 0 2 2 2 0 0 2 2 2 2 2 0 0 2 0 2 2 2 2 2 2 2 2 2 2 2 2 2 2 2 2 2 0 2 2 2 2 2 0 2 2 0 2 2 2 2 2 2 2 2 0 2 2 2 2 2 2 0 2 2 2 2 2 2 0 2 2 2 0 2 0 2 2 2 2 2 2 0 0 2 2 2 2 2 2 2 2 2 2 2 2 2 0 2 0 2 2 0 2 2 0 2 0 2 2 2 0 0 2 0 2 2 2 2 2 2 2 2 2 2 2 2 0 2 2 2 2 2 2 2 0 2 2 2 2 2 2 2 2 2 2 2 2 2 2 2 2 2 2 2 2 2 2 2 0 2 2 2 2 2 2 2 2 2 2 2 0 2 2 2 2 2 1 0 2 2 2 0 2 2 2 2 0 2 2 2 2 2 2 2 2 2 2 2 2 2 2 2 2 2 2 2 0 2 0 2 2 2 0 0 2 2 2 2 2 2 2 2
523 2 2 2 0 2 2 2 2 2 2 2 2 2 2 2 2 2 2 2 0 2 2 2 2 0 2 2 2 2 2 2 2 2 0 2 1 2 2 2 2 2 2 2 0 2 2 2 2 2 2 2 2 2 2 2 2 2 2 2 2 2 2 2 0 2 2 2 0 2 2 2 2 0 2 2 2 2 2 2 2 2 2 2 2 2 2 2 2 2 2 2 2 2 2 2 2 2 2 2 2 2 2 2 2 2 2 2 2 2 2 2 2 2 0 2 2 2 2 2 2 2 2 2 0 2 2 2 2 2 2 0 2 2 2 2 2 2 2 2 2 2 2 2 2 0 2 2 2 2 2 2 2 2 2 2 2 2 2 1 0 2 2 2 2 2 2 2 2 2 0 2 2 2 2 2 2 0 2 0 2 2 2 2 2 2 2 2 2 2 0 1 2 2 2 2 2 2 2 2 2 2 2 2 2 2 2 2 2 2 2 2 2 2 0 2 2 2 2 2 2 2 2 0 2 2 2 2 2 2 2 2 2 2 2 2 2 2 2 2 2 2 2 2 2 2
524 2 2 2 0 2 2 2 2 2 2 2 2 2 2 2 2 2 2 2 0 2 2 2 2 0 2 2 2 2 2 2 2 2 0 2 1 2 2 2 2 2 2 2 0 2 2 2 2 2 2 2 2 2 2 2 2 2 2 2 2 2 2 2 0 2 2 2 0 2 2 2 2 0 2 2 2 2 2 2 2 2 2 2 2 2 2 2 2 2 2 2 2 2 2 2 2 2 2 2 2 2 2 2 2 2 2 2 2 2 2 2 2 2 0 2 2 2 2 2 2 2 2 2 0 2 2 2 2 2 2 0 2 2 2 2 2 2 2 2 2 2 2 2 2 0 2 2 2 2 2 2 2 2 2 2 2 2 2 1 0 2 2 2 2 2 2 2 2 2 0 2 2 2 2 2 2 0 2 0 2 2 2 2 2 2 2 2 2 2 0 1 2 2 2 2 2 2 2 2 2 2 2 2 2 2 2 2 2 2 2 2 2 2 0 2 2 2 2 2 2 2 2 0 2 2 2 2 2 2 2 2 2 2 2 2 0 2 2 2 2 2 2 2 2 2
525 2 2 2 2 0 2 2 2 2 2 2 0 0 0 2 0 2 2 2 2 2 0 2 0 2 0 2 0 2 2 2 0 0 2 2 2 2 2 2 2 2 0 2 2 2 2 2 2 2 2 2 2 2 2 2 2 2 2 2 2 2 2 2 2 2 0 2 2 2 2 2 2 2 2 2 2 2 0 2 2 2 2 2 2 0 2 2 2 2 2 2 2 2 2 2 0 2 2 2 2 2 2 2 2 2 2 2 2 2 2 2 2 2 2 2 2 2 2 2 0 2 2 2 2 0 2 2 2 2 0 2 2 2 0 2 2 2 2 2 2 2 2 2 2 2 2 2 2 2 2 2 2 2 2 2 2 2 2 2 2 2 2 2 2 2 2 2 2 2 2 2 2 2 2 2 2 2 2 2 2 2 2 2 2 2 2 2 2 2 2 2 2 2 2 2 2 2 2 2 2 2 2 2 2 2 2 2 2 2 2 2 2 2 2 2 2 2 2 2 2 2 2 2 2 2 2 2 2 2 2 2 0 2 2 2 2 2 2 2 2 2 2 2 2 2
526 0 0 0 0 0 2 0 0 0 0 0 0 0 0 0 0 2 0 0 0 0 0 0 0 0 0 2 0 0 0 0 0 0 0 2 1 0 0 0 0 0 0 2 0 0 0 2 0 0 0 0 2 0 0 0 0 0 0 0 0 0 0 0 0 0 0 0 0 0 0 2 0 0 0 2 0 0 0 0 0 2 2 0 0 0 2 0 0 0 2 2 0 0 0 0 0 0 0 0 0 0 2 0 0 0 0 0 0 0 0 2 0 0 0 0 0 2 0 0 0 2 0 0 0 0 0 0 0 0 0 0 0 2 0 0 2 0 2 0 2 0 2 2 2 0 2 2 2 1 0 0 2 2 2 0 2 0 0 1 0 2 0 2 2 2 2 2 0 0 0 0 2 2 0 2 0 0 2 0 0 2 0 2 2 0 2 0 0 2 0 0 2 0 0 2 2 0 0 0 0 0 2 2 0 0 0 0 2 2 0 2 0 0 0 0 0 2 0 0 0 0 0 0 0 0 0 2 2 0 0 2 0 0 2 0 0 0 0 0 0 2 2 0 0 2
527 0 2 0 0 2 0 2 0 2 0 0 2 2 2 0 0 0 0 0 2 2 2 0 2 2 0 0 2 0 0 2 2 2 2 0 1 2 2 0 0 0 2 0 0 0 0 0 0 0 2 2 0 0 0 0 0 0 2 0 2 0 2 0 0 0 2 2 2 0 2 0 0 2 0 0 0 0 2 0 2 0 0 0 0 0 0 0 0 0 0 0 0 0 0 2 2 2 2 0 0 0 0 2 2 0 2 0 2 0 2 0 2 0 2 2 0 0 0 0 2 0 0 0 0 2 2 2 0 0 0 2 2 0 2 0 0 0 0 0 0 0 0 0 2 0 0 0 0 1 2 2 0 0 0 2 0 0 0 2 2 0 0 0 0 0 0 0 1 0 2 0 0 0 0 0 0 0 0 2 0 0 0 0 0 0 0 0 0 0 2 2 0 0 0 0 0 2 0 0 0 2 0 0 0 0 2 0 2 0 2 0 2 0 0 2 0 0 1 2 0 0 2 2 2 0 2 0 0 0 0 2 0 0 0 2 0 2 0 0 0 0 0 0 0 0
528 2 2 2 2 2 2 2 2 2 2 2 2 2 2 2 2 2 2 2 2 2 2 2 2 2 2 2 2 2 2 2 2 2 2 2 2 2 2 2 2 2 2 2 2 2 2 2 2 2 2 2 2 2 2 2 2 0 2 2 2 2 2 2 2 2 2 2 2 2 2 2 2 2 2 2 2 2 2 2 2 2 2 2 2 2 2 2 2 2 2 2 2 2 0 2 2 2 2 2 2 0 2 2 2 2 2 0 2 0 2 2 2 0 2 2 2 2 2 2 2 2 2 2 2 2 2 2 0 0 2 2 2 2 2 2 2 2 2 2 2 2 2 2 2 2 2 2 2 2 2 2 2 2 2 2 2 2 2 2 2 0 2 2 2 2 2 2 2 2 2 2 2 2 2 2 2 2 2 2 2 2 2 2 2 2 2 2 2 2 2 2 2 2 2 2 2 2 2 0 2 2 2 2 2 2 2 2 2 2 2 2 2 2 2 2 2 2 2 2 2 2 2 2 2 2 2 2 2 2 2 2 2 2 2 2 2 2 2 2 0 2 2 0 0 2
529 0 0 0 0 2 0 0 0 2 0 0 0 2 2 0 0 0 0 0 2 2 2 0 2 2 0 0 2 0 0 2 2 2 2 0 2 0 0 0 0 0 2 0 0 0 0 0 0 0 2 2 0 0 0 0 0 2 0 0 0 2 2 0 0 0 2 0 2 0 0 0 0 0 0 0 0 0 0 0 0 0 0 0 0 0 0 0 0 0 0 0 0 0 2 0 2 0 0 0 0 2 0 0 2 0 0 2 2 2 0 0 0 2 2 2 0 0 2 0 2 0 0 0 0 2 0 0 0 0 0 2 0 0 2 0 0 0 0 0 0 0 0 0 0 0 0 0 0 0 0 0 0 0 0 0 2 0 0 1 2 0 0 0 0 0 0 0 0 0 2 0 0 0 0 0 0 0 0 2 0 0 0 0 0 0 0 0 0 0 2 1 0 0 0 0 0 0 0 2 0 0 0 0 0 0 2 0 0 0 0 0 0 0 0 0 0 0 0 0 0 0 0 2 0 0 0 0 0 0 0 0 0 0 0 0 0 0 0 0 2 0 0 2 2 0
530 2 2 2 2 2 2 2 2 2 2 2 2 2 2 0 2 2 2 2 2 2 2 2 2 2 2 2 2 2 2 2 2 2 2 2 2 2 2 2 2 2 2 0 2 2 2 0 2 2 2 2 0 2 0 2 2 2 2 2 2 2 2 2 2 0 2 2 2 2 2 0 2 2 2 2 2 2 2 2 2 2 2 2 2 2 2 2 2 2 2 2 2 2 2 2 2 2 2 2 2 2 2 2 2 2 2 2 2 2 2 2 2 2 2 2 2 2 2 2 2 2 2 2 2 2 2 2 0 0 2 2 2 2 2 2 2 2 2 2 2 2 2 2 2 2 2 0 2 1 2 2 0 0 2 2 2 2 0 2 2 0 2 2 2 2 2 2 2 0 2 2 2 2 2 2 2 2 2 2 2 2 2 2 2 2 2 2 2 2 2 2 2 2 2 2 2 2 2 2 2 2 2 2 2 2 2 2 2 0 2 2 2 2 2 2 2 2 2 2 2 0 2 2 2 2 2 2 2 2 0 2 2 2 2 2 0 2 2 2 2 2 2 2 2 2
531 2 2 0 0 2 0 2 0 2 0 0 2 2 2 2 2 0 0 2 2 2 2 0 2 2 2 0 2 0 2 2 2 2 2 0 1 0 2 0 0 2 2 2 0 2 0 2 0 0 2 2 2 2 0 0 0 2 2 0 2 2 2 0 0 0 2 2 2 2 0 2 2 2 2 0 2 0 2 2 2 0 0 2 0 2 0 0 2 2 0 0 0 2 2 2 2 0 2 0 0 2 0 2 2 2 2 2 2 2 2 0 2 2 2 2 2 0 2 0 2 0 0 0 0 2 2 2 2 2 2 2 0 0 2 2 0 2 0 2 0 2 0 0 2 0 2 2 0 1 2 0 2 2 0 0 2 0 2 2 2 2 0 0 0 0 0 0 1 0 2 0 0 0 0 0 0 0 0 2 2 0 2 0 0 0 2 0 0 0 2 1 0 2 2 0 0 2 0 2 2 2 0 0 0 2 2 0 2 2 2 0 2 0 0 0 2 0 0 0 2 2 0 2 2 0 0 0 0 2 2 2 2 2 0 2 2 2 2 0 2 0 0 2 2 0
532 2 2 0 2 2 2 2 2 2 2 0 2 2 2 2 2 2 0 2 2 2 2 2 2 2 2 2 2 0 2 2 2 2 2 2 2 2 2 0 2 2 2 2 2 2 0 2 2 0 2 2 2 2 2 2 2 2 2 0 2 2 2 2 2 2 2 2 2 2 2 2 2 2 2 2 2 0 2 2 2 2 2 2 2 2 2 0 2 2 2 2 0 2 2 2 2 2 2 2 0 2 2 2 2 2 2 2 2 2 2 2 2 2 2 2 2 2 2 2 2 2 0 2 2 2 2 2 2 2 2 2 2 2 2 2 2 2 2 2 2 2 2 2 2 2 2 2 2 2 2 2 2 2 2 2 2 2 2 2 2 2 2 2 2 2 2 2 2 2 2 2 2 2 2 2 2 2 2 2 2 2 2 2 2 2 2 2 2 2 2 2 2 2 2 2 2 2 2 2 2 2 2 2 2 2 2 2 2 2 2 2 2 0 2 2 2 2 2 2 2 2 2 2 2 2 2 2 2 2 2 2 2 2 2 2 2 2 2 2 2 2 2 2 2 2
533 2 2 2 2 2 2 2 2 2 2 2 2 2 2 2 2 0 2 2 2 2 2 2 2 2 2 2 2 2 2 2 2 2 2 2 2 2 2 2 2 2 2 2 2 2 2 2 2 2 2 2 2 2 2 2 2 2 2 2 2 2 2 2 2 2 2 2 2 2 2 2 2 2 2 0 2 2 2 2 2 0 0 2 2 2 2 2 2 2 2 2 2 2 2 2 2 2 2 2 2 2 2 2 2 2 2 2 2 2 2 2 2 2 2 2 2 2 2 2 2 2 2 2 2 2 2 2 2 2 2 2 2 0 2 2 2 2 2 2 2 2 0 2 2 2 2 2 2 2 2 2 2 2 0 2 2 2 2 2 2 2 2 2 0 0 2 0 2 2 2 2 2 2 2 0 2 2 0 2 2 2 2 2 2 2 2 0 2 0 2 2 2 2 2 0 2 2 2 2 2 2 0 2 2 2 2 2 2 2 2 2 2 2 2 2 2 2 2 2 2 2 2 2 2 2 2 2 0 2 2 2 2 2 0 2 2 2 2 2 2 2 0 2 2 0
534 0 2 2 2 2 0 2 2 2 2 2 2 2 2 2 2 0 2 0 2 2 2 2 2 2 2 0 2 2 0 2 2 2 2 0 1 2 2 2 2 2 2 2 2 0 2 2 2 2 2 2 2 2 2 2 2 2 2 2 2 2 2 2 2 2 2 2 2 2 2 2 2 2 2 0 0 2 2 2 2 0 0 2 2 2 0 2 0 2 0 0 2 2 0 2 2 2 2 2 2 2 0 2 2 2 2 2 2 0 2 0 2 0 2 2 0 0 2 2 2 0 2 2 2 2 2 2 2 2 2 2 2 0 2 2 0 2 0 2 0 0 0 0 2 2 2 2 2 1 2 2 2 2 0 2 2 2 0 2 2 2 2 0 0 0 0 0 2 2 2 2 0 0 2 0 2 2 0 2 0 0 2 2 0 2 0 0 2 0 2 2 0 0 2 0 0 2 2 2 2 2 0 2 2 2 2 2 2 2 2 2 2 2 2 2 2 2 2 2 2 0 2 2 2 2 2 0 0 2 2 2 2 0 0 2 2 2 0 2 2 0 0 2 2 0
535 0 2 0 0 0 0 2 0 2 0 0 2 0 0 0 2 0 0 0 2 2 2 0 0 2 2 0 2 0 0 2 2 0 2 0 1 0 2 0 0 2 0 0 0 0 0 0 0 0 2 2 0 0 0 0 0 0 2 0 2 2 2 0 0 0 0 2 2 0 0 0 0 0 0 0 0 0 2 0 2 0 0 2 0 2 0 0 0 2 0 0 0 2 0 2 0 0 2 0 0 0 0 2 2 2 2 0 2 0 2 0 2 0 2 2 0 0 0 0 0 0 0 0 0 0 2 2 0 0 0 2 0 0 0 2 0 2 0 2 0 0 0 0 2 0 0 0 0 0 2 0 0 0 0 0 0 0 0 2 2 0 0 0 0 0 0 0 1 0 2 0 0 0 0 0 0 0 0 2 0 0 2 0 0 0 0 0 0 0 2 1 0 0 2 0 0 2 0 0 2 2 0 0 0 2 2 0 2 0 2 0 2 0 0 0 2 0 0 0 2 0 0 2 2 0 0 0 0 2 0 2 2 0 0 2 0 2 0 0 0 0 0 0 0 0
536 2 2 2 2 0 2 2 2 2 2 2 0 0 0 2 2 2 2 2 2 2 2 2 0 2 2 2 2 2 2 2 2 0 2 2 2 0 2 2 2 2 0 2 2 2 2 2 2 2 2 2 2 2 2 2 2 2 2 2 2 0 2 2 2 2 0 2 2 2 0 2 2 0 2 2 2 2 0 2 2 2 2 2 2 2 2 2 2 2 2 2 2 2 2 2 0 0 2 2 2 2 2 2 2 2 2 2 2 2 2 2 2 2 2 2 2 2 2 0 0 2 2 2 2 0 2 2 2 2 2 2 0 2 0 2 2 2 2 2 2 2 2 2 2 2 2 2 2 1 2 0 2 2 2 2 2 0 2 2 2 2 0 2 2 2 2 2 1 2 2 0 2 2 2 2 2 2 2 2 2 2 2 2 2 2 2 2 2 2 2 1 2 2 2 2 2 2 2 2 2 2 2 0 2 2 2 2 2 2 2 2 2 2 2 0 2 0 1 0 2 2 0 2 2 0 0 2 2 2 2 2 2 2 2 2 2 2 2 0 2 2 2 2 2 2
537 2 2 2 2 0 2 2 2 2 2 2 2 0 2 2 2 2 2 2 2 2 2 2 2 2 2 2 2 2 2 2 2 0 2 2 2 0 2 2 2 2 0 2 2 2 2 2 2 2 2 2 2 2 2 2 2 2 2 2 2 2 2 2 2 2 0 2 2 2 0 2 2 0 2 2 2 2 2 2 2 2 2 2 2 2 2 2 2 2 2 2 2 2 2 2 0 0 2 2 2 2 2 2 2 2 2 2 2 2 2 2 2 2 2 2 2 2 2 0 0 2 2 2 2 0 2 2 2 2 2 2 0 2 0 2 2 2 2 2 2 2 2 2 2 2 2 2 2 1 2 0 2 2 2 2 2 0 2 2 2 2 0 2 2 2 2 2 1 2 2 0 2 2 2 2 2 2 2 2 2 2 2 2 2 2 2 2 2 2 2 1 2 2 2 2 2 2 2 2 2 2 2 0 2 2 2 2 2 2 2 2 2 2 2 0 2 0 1 0 2 2 0 2 2 0 0 2 2 2 2 2 2 2 2 2 2 2 2 0 2 2 2 2 2 2
538 2 2 0 2 2 2 2 2 2 2 0 2 2 2 2 2 2 0 2 2 2 2 2 2 2 2 2 2 0 2 2 2 2 2 2 2 2 2 0 0 2 2 2 2 2 0 2 2 0 2 2 2 2 2 2 2 2 2 0 0 2 2 2 2 2 2 2 2 2 2 2 2 2 2 2 2 0 2 2 2 2 2 2 2 2 2 0 2 2 2 2 0 2 2 2 2 2 2 2 0 2 2 2 2 2 2 2 2 2 2 2 2 2 2 2 2 2 2 2 2 2 0 2 2 2 2 2 2 2 2 2 2 2 2 0 2 2 2 2 2 2 2 2 2 2 2 2 2 2 2 2 2 2 2 2 2 2 2 2 2 2 2 2 2 2 2 2 2 2 2 2 2 2 2 2 2 2 2 2 2 2 0 2 2 2 2 2 2 2 2 2 2 2 0 2 2 2 2 2 2 2 2 2 2 0 2 2 2 2 2 2 2 0 2 2 2 2 2 2 2 2 2 2 2 2 2 2 2 2 2 2 2 2 2 2 2 2 2 2 2 2 2 2 2 2
539 2 2 2 2 2 0 2 2 2 2 2 2 2 0 2 2 2 2 2 2 2 2 2 0 2 2 2 2 2 2 2 2 0 2 0 2 0 2 2 2 2 0 2 2 2 2 2 2 2 2 2 2 2 2 2 2 2 2 2 2 2 2 2 2 2 2 2 2 2 0 2 2 0 2 2 2 2 2 2 2 2 2 2 2 2 2 2 2 2 0 2 2 2 2 2 0 0 2 2 2 2 2 2 2 2 2 2 2 2 2 2 2 2 2 2 2 0 2 0 0 0 2 2 2 0 2 2 2 2 2 2 0 2 0 2 2 2 0 2 2 2 2 2 2 2 2 2 2 1 2 0 2 2 2 2 2 2 2 2 2 2 0 2 2 2 2 2 2 2 2 0 0 2 2 2 2 2 2 2 2 2 2 2 2 2 2 2 2 2 2 1 2 2 2 2 2 2 2 2 2 2 2 2 2 2 2 2 2 2 2 2 2 2 2 0 2 2 1 0 2 2 0 2 2 0 0 2 2 2 2 2 2 2 2 2 2 2 2 0 2 0 2 2 2 2
540 2 2 0 2 2 2 2 2 2 2 0 2 2 2 2 2 2 0 2 2 2 2 2 2 2 2 2 2 0 2 2 2 2 2 2 2 2 2 0 2 2 2 2 2 2 0 2 2 0 2 2 2 2 2 2 2 2 2 0 0 2 2 2 2 2 2 2 2 2 2 2 2 2 2 2 2 0 2 2 2 2 2 2 2 2 2 0 2 2 2 2 0 2 2 2 2 2 2 2 0 2 2 2 2 2 2 2 2 2 2 2 2 2 2 2 2 2 2 2 2 2 0 2 2 2 2 2 2 2 2 2 2 2 2 2 2 2 2 2 2 2 2 2 2 2 2 2 2 2 2 2 2 2 2 2 2 2 2 2 2 2 2 2 2 2 2 2 2 2 2 2 2 2 2 2 2 2 2 2 2 2 2 2 2 2 2 2 2 2 2 2 2 2 2 2 2 2 2 2 2 2 2 2 2 2 2 2 2 2 2 2 2 0 2 2 2 2 2 2 2 2 2 2 2 2 2 2 2 2 2 2 2 2 2 2 2 2 2 2 2 2 2 2 2 2
541 2 2 2 2 2 2 2 2 2 2 2 2 2 2 2 2 2 2 2 2 2 2 2 2 2 2 2 2 2 2 2 2 2 2 2 2 0 2 2 2 2 2 2 2 2 2 2 2 2 2 2 2 2 2 2 2 2 2 2 2 2 2 2 2 2 2 2 2 2 0 2 2 0 2 2 2 2 2 2 2 2 2 2 2 2 2 2 2 2 2 2 2 2 2 2 2 0 2 2 2 2 2 2 2 2 2 2 2 2 2 2 2 2 2 2 2 2 2 0 2 2 2 2 2 2 2 2 2 2 2 2 0 2 2 2 2 2 2 2 2 2 2 2 2 2 2 2 2 1 2 0 2 2 2 2 2 2 2 2 2 2 2 2 2 2 2 2 1 2 2 2 2 2 2 2 2 2 2 2 2 2 2 2 2 2 2 2 2 2 2 1 2 2 2 2 2 2 2 2 2 2 2 2 2 2 2 2 2 2 2 2 2 2 2 0 2 2 1 0 2 2 0 2 2 2 0 2 2 2 2 2 2 2 2 2 2 2 2 0 2 2 2 2 2 2
542 2 2 0 2 2 2 2 2 2 2 0 2 2 2 2 2 2 0 2 0 2 2 2 2 2 2 2 2 0 2 2 2 2 2 2 2 2 2 0 2 2 2 2 2 2 0 2 2 0 2 2 2 2 2 2 2 2 2 0 0 2 2 2 2 2 2 2 2 2 2 2 2 2 2 2 2 0 2 2 2 2 2 2 2 2 2 0 2 2 2 2 0 2 2 2 2 2 2 2 0 2 2 2 2 2 2 2 2 2 2 2 2 2 2 2 2 2 2 2 2 2 0 2 2 2 2 2 2 2 2 2 2 2 2 2 2 2 2 2 2 2 2 2 2 2 2 2 2 2 2 2 2 2 2 2 2 2 2 2 2 2 2 2 2 2 2 2 2 2 2 2 2 2 2 2 2 2 2 2 2 2 2 2 2 2 2 2 2 2 2 2 2 2 2 2 2 2 2 2 2 2 2 2 2 2 2 2 2 2 2 2 2 0 2 2 2 2 2 2 2 2 2 2 2 2 2 2 2 2 2 2 2 2 2 2 2 2 2 2 2 2 2 2 2 2
543 2 2 0 2 2 2 2 2 2 2 0 0 2 2 2 2 2 0 2 0 2 2 0 2 2 2 2 2 0 2 2 2 2 2 2 2 2 2 0 0 2 2 2 2 2 0 2 2 0 2 2 2 2 2 0 0 2 2 0 0 0 0 0 2 2 2 2 2 2 2 2 2 2 2 2 2 0 0 2 2 2 2 2 2 2 2 0 2 2 2 2 0 2 2 2 2 2 2 2 0 2 2 2 2 2 2 2 2 2 2 2 2 2 2 2 2 2 2 2 2 2 0 2 2 2 2 0 2 2 2 2 2 2 2 2 2 2 2 2 2 2 2 2 0 2 2 2 2 2 2 2 2 2 2 2 2 2 2 1 2 2 2 2 2 2 2 2 2 2 2 2 2 2 2 2 0 2 2 2 2 2 2 2 2 2 2 2 2 2 2 2 2 2 2 2 2 2 0 2 2 2 2 2 0 2 2 0 2 2 2 2 2 0 2 2 2 2 1 2 2 2 2 2 2 2 2 2 2 2 2 2 2 2 2 2 2 2 2 2 2 2 2 2 2 2
544 2 2 2 2 2 2 2 2 2 2 2 2 2 2 2 2 2 2 2 2 2 2 2 2 2 2 2 2 2 2 2 2 2 2 2 2 0 2 2 2 2 2 2 2 2 2 2 2 2 2 2 2 2 2 2 2 2 2 2 2 2 2 2 2 2 2 2 2 2 0 2 2 0 2 2 2 2 2 2 2 2 2 2 2 2 2 2 2 2 2 2 2 2 2 2 2 0 2 2 2 2 2 2 2 2 2 2 2 2 2 2 2 2 2 2 2 2 2 0 2 2 2 2 2 2 2 2 2 2 2 2 0 2 2 2 2 2 2 2 2 2 2 2 2 2 2 2 2 1 2 0 2 2 2 2 2 2 2 2 2 2 2 2 2 2 2 2 1 2 2 2 2 2 2 2 2 2 2 2 2 2 2 2 2 2 2 2 2 2 2 1 2 2 2 2 2 2 2 2 2 2 2 2 2 2 2 2 2 2 2 2 2 2 2 0 2 2 1 0 2 2 0 2 2 2 0 2 2 2 2 2 2 2 2 2 2 2 2 0 2 2 2 2 2 2
545 0 0 0 0 0 2 0 2 0 0 0 0 0 0 0 0 0 0 0 0 0 0 0 0 0 0 2 0 0 0 0 0 0 0 2 0 0 0 0 0 0 0 2 0 0 0 0 0 0 0 0 0 2 0 0 0 0 0 0 0 0 0 0 0 0 0 0 0 0 0 2 0 2 2 0 0 0 0 0 2 2 2 0 0 0 2 0 0 0 2 2 0 0 0 0 0 0 2 2 0 0 2 0 0 0 2 0 0 0 0 0 0 0 0 0 0 2 2 2 0 2 0 0 0 0 0 0 0 0 0 0 2 2 0 0 2 0 2 0 2 0 2 2 0 0 2 0 0 1 2 2 0 0 0 0 0 2 0 0 0 0 0 0 2 0 2 2 0 0 0 0 2 2 2 0 0 0 0 0 0 2 0 2 2 0 2 2 0 2 0 0 2 0 0 2 2 0 0 0 0 2 0 2 0 0 2 0 0 0 2 0 0 0 0 2 0 2 1 0 0 0 2 0 0 0 2 2 0 0 0 0 0 0 0 0 0 2 0 2 0 2 2 0 0 2
546 0 0 0 0 0 0 0 2 0 0 0 0 0 0 2 0 0 0 0 0 0 0 0 0 0 0 0 0 0 0 0 0 0 0 0 0 0 0 0 0 0 0 2 0 0 0 0 0 0 0 0 0 2 0 0 0 0 0 0 0 0 0 0 0 0 0 0 0 0 0 2 2 0 2 0 0 0 0 0 0 0 0 0 0 0 0 0 0 0 0 0 0 0 2 0 0 0 0 2 0 0 0 0 0 0 0 0 0 2 0 0 0 2 0 0 0 0 2 0 0 0 0 0 0 0 0 0 0 0 0 0 0 0 0 0 0 0 0 2 0 0 0 0 0 0 2 0 0 1 0 0 0 0 0 0 0 0 0 0 0 0 0 0 0 0 0 0 1 0 0 0 0 0 2 0 0 0 0 0 0 0 0 0 0 2 0 0 0 0 0 0 0 0 0 0 0 0 0 0 0 0 0 0 0 0 2 0 2 0 0 0 0 0 0 0 2 0 0 0 2 2 0 0 0 0 0 0 0 0 0 2 0 0 0 0 2 0 0 0 0 0 0 0 0 0
547 2 0 2 0 0 2 2 2 2 2 2 2 0 2 2 2 2 2 2 2 2 2 2 2 2 2 2 2 2 2 2 2 0 2 2 2 2 0 2 2 2 0 2 0 2 2 2 2 2 2 2 2 2 2 2 2 2 0 2 2 2 2 2 0 2 0 0 0 2 0 2 0 0 2 2 2 2 2 2 2 2 2 2 0 2 2 2 0 2 2 2 2 2 0 2 0 0 2 2 2 2 2 0 2 2 2 2 2 2 0 2 2 0 0 2 2 2 2 0 0 2 2 2 0 0 2 2 2 2 2 0 0 2 0 2 2 2 2 2 2 2 2 2 2 0 2 2 2 1 2 0 0 2 2 2 2 0 2 2 0 2 2 2 2 2 2 2 1 2 0 2 2 2 2 2 2 0 2 0 2 2 2 2 2 0 2 2 2 2 0 0 2 0 2 2 2 2 0 2 2 2 2 0 2 2 2 2 2 2 2 2 2 2 0 0 2 0 1 0 2 2 0 0 2 2 0 2 0 2 2 2 2 2 2 2 2 2 2 0 2 2 2 2 2 2
548 2 0 0 2 0 0 0 0 0 0 0 0 0 2 2 2 0 0 2 0 0 0 2 2 0 0 0 0 0 2 0 0 0 0 0 0 0 0 0 0 0 0 2 2 2 0 2 0 0 0 0 2 2 2 2 2 2 0 0 0 0 2 2 2 2 0 0 2 2 0 2 2 0 2 0 2 0 0 0 0 0 0 0 0 2 0 0 2 0 0 0 0 0 2 0 0 0 0 0 0 2 0 0 0 2 0 2 0 2 0 0 0 2 2 0 0 0 2 0 0 0 0 0 2 0 0 0 0 2 2 2 0 0 0 0 0 2 0 0 0 2 0 2 0 2 2 2 2 1 0 0 2 2 0 0 2 0 2 0 2 0 0 0 0 0 0 0 0 2 2 0 0 0 0 0 0 2 0 2 2 0 0 2 0 0 0 0 2 0 2 1 0 2 0 0 0 0 0 2 2 0 0 0 2 0 2 2 2 2 2 2 0 0 2 0 0 0 0 0 0 2 0 2 0 0 0 0 0 0 2 2 2 2 0 0 2 0 2 0 2 0 0 2 2 0
549 2 2 2 2 2 2 2 2 2 2 2 0 2 2 2 2 2 2 2 2 2 0 2 2 2 2 2 0 2 2 2 0 2 2 2 2 2 2 2 2 2 2 2 2 2 2 2 2 2 2 2 2 2 2 2 2 0 2 2 2 0 2 2 2 2 2 2 2 2 2 2 2 2 2 2 2 2 0 2 2 2 2 2 2 2 2 2 2 0 2 2 2 2 2 2 2 2 2 2 2 0 2 2 2 2 2 0 2 2 2 2 2 2 2 2 2 2 2 2 2 2 2 2 2 2 2 2 2 2 2 2 2 2 2 2 2 2 2 2 2 2 2 2 2 2 2 2 2 2 2 2 0 2 2 2 0 2 2 2 2 2 2 2 2 2 2 2 2 2 2 2 2 2 2 2 2 2 2 2 2 2 2 2 2 2 2 2 2 2 2 2 2 2 2 2 2 2 2 0 2 2 2 2 2 2 2 2 2 2 2 2 2 2 2 2 2 2 2 2 2 2 2 2 2 2 2 2 2 2 2 2 2 2 2 2 2 2 2 2 0 2 2 0 0 2
550 0 2 2 2 0 2 0 2 2 2 2 2 0 2 0 2 2 2 0 2 2 2 2 2 2 2 2 2 2 0 2 2 2 2 2 2 2 2 2 2 2 2 2 2 0 2 2 2 2 2 2 2 2 2 2 2 2 2 2 2 2 2 2 2 2 0 2 2 2 2 2 2 2 2 2 0 2 2 2 2 2 2 2 2 2 2 2 2 2 2 2 2 2 2 2 2 2 2 2 2 2 2 2 2 2 2 2 2 0 2 2 2 2 2 2 2 2 2 2 2 2 2 2 2 2 0 2 2 2 2 2 2 2 2 2 2 2 2 2 2 0 2 2 2 2 2 2 2 1 2 2 2 2 2 2 2 2 2 2 2 2 2 2 2 2 2 2 2 2 2 2 2 2 2 2 2 2 2 2 0 2 2 2 2 2 2 2 0 2 2 2 2 2 2 2 2 2 2 2 2 2 2 2 2 2 2 2 0 2 2 2 2 2 2 2 2 2 2 2 2 2 2 2 0 2 2 2 2 0 2 0 2 0 2 2 2 2 0 2 2 2 2 2 2 2
551 2 2 2 2 2 0 2 2 2 2 2 2 2 2 2 2 2 2 2 2 2 2 2 2 2 2 2 2 2 2 2 2 2 2 0 2 2 2 2 2 2 2 2 2 2 2 2 2 2 2 2 2 2 2 2 2 2 2 2 2 2 2 2 2 2 2 2 2 2 2 2 2 2 2 2 2 2 2 2 2 2 2 2 2 2 2 2 2 2 0 2 2 2 2 0 2 0 2 2 2 2 2 2 2 2 2 2 2 2 2 2 2 2 2 2 2 0 2 2 2 0 2 2 2 2 2 2 2 2 2 2 2 2 2 2 2 0 0 2 2 2 2 2 2 2 2 2 2 1 2 0 2 2 2 2 2 0 2 2 2 2 2 2 2 2 2 2 2 2 2 2 0 2 2 2 0 2 2 2 2 2 2 2 2 2 0 2 2 2 2 2 2 2 2 2 2 0 2 2 2 2 2 0 2 2 2 2 2 2 2 2 2 2 2 0 2 0 2 0 2 2 2 2 2 2 2 2 2 2 2 2 2 2 2 2 2 2 2 2 2 0 2 2 2 2
552 2 2 2 2 2 2 2 2 2 2 2 2 2 2 2 2 2 2 2 2 2 2 2 2 2 2 2 2 2 2 2 2 2 2 2 2 2 2 2 2 2 2 0 2 2 2 2 2 2 2 2 2 2 0 2 2 2 2 2 2 2 2 2 0 0 2 2 2 2 2 0 2 2 2 2 2 2 2 2 2 2 2 2 2 2 2 2 2 2 2 2 2 2 2 2 2 2 2 2 2 2 2 2 2 2 2 2 2 2 2 2 2 2 2 2 2 2 0 2 2 2 2 2 2 2 2 2 2 0 2 2 2 2 2 2 2 2 2 0 2 2 2 2 2 2 2 2 2 2 2 2 2 0 2 2 2 2 2 2 2 2 2 2 2 2 2 2 1 0 2 2 2 2 2 2 2 2 2 2 2 2 2 2 2 2 2 2 2 2 2 2 2 2 2 2 2 2 2 2 1 2 2 2 2 2 2 2 2 2 2 2 2 2 2 2 0 2 2 2 0 2 2 2 2 2 2 2 2 2 2 2 2 2 2 2 2 2 2 2 2 2 2 2 2 2
553 2 2 2 2 2 0 2 2 2 2 2 2 2 0 2 2 2 2 2 2 2 2 2 0 2 2 2 2 2 2 2 2 2 2 0 2 2 2 2 0 0 2 2 2 2 2 2 2 2 2 0 2 2 2 2 2 0 2 2 0 2 2 2 2 2 2 2 2 0 2 2 2 2 2 2 2 2 2 2 2 2 2 2 2 2 2 2 2 2 0 2 2 2 2 0 2 0 0 2 2 2 2 2 2 2 0 0 2 2 2 2 2 2 2 2 2 0 2 2 2 0 2 0 2 2 2 2 2 2 2 2 2 2 2 2 2 0 0 2 2 2 2 2 0 2 2 2 2 1 0 0 2 2 2 2 0 0 2 1 2 2 2 2 2 2 2 2 1 2 2 2 0 2 2 2 0 2 2 2 2 2 2 2 2 0 0 2 2 2 2 2 2 2 2 2 2 0 2 0 2 0 2 0 2 2 0 2 2 2 0 2 2 2 2 0 2 0 2 0 2 2 2 2 2 2 2 2 2 2 2 2 2 2 2 2 2 2 2 2 0 0 2 2 0 2
554 2 2 2 0 2 2 2 2 2 2 2 2 2 2 2 2 2 2 2 2 2 2 2 2 2 2 2 2 2 2 2 2 2 2 2 2 2 2 2 2 2 2 2 0 2 2 2 2 2 2 2 2 0 2 2 2 2 2 2 2 2 2 2 2 2 2 2 0 2 2 2 2 2 0 2 2 2 2 2 2 2 2 2 2 2 2 2 2 2 2 2 2 2 2 2 2 2 2 2 2 2 2 2 2 2 2 2 2 2 2 2 2 2 0 2 2 2 2 2 2 2 2 2 0 2 2 2 2 2 2 0 2 2 2 2 2 2 2 2 2 2 2 2 2 0 2 2 2 2 2 2 2 2 2 2 2 2 2 2 0 2 2 2 2 2 2 2 2 2 0 2 2 2 2 2 2 0 2 0 2 2 2 2 2 2 2 2 2 2 0 1 2 2 2 2 2 2 2 2 2 2 2 2 2 2 2 2 2 2 2 2 2 2 0 2 2 2 2 2 2 0 2 0 2 2 2 2 2 2 2 2 2 2 2 2 2 2 2 2 2 2 2 2 2 2
555 2 2 2 2 2 2 2 0 2 2 2 2 2 2 0 2 2 2 2 2 2 2 2 2 2 2 2 2 2 2 2 2 2 2 2 2 2 2 2 2 2 2 0 2 2 2 0 2 2 2 2 0 2 0 2 2 2 2 2 2 2 2 2 2 0 2 2 2 2 2 0 2 0 2 2 2 2 2 2 0 2 2 2 2 2 2 2 2 0 2 2 2 2 2 2 2 2 2 0 2 2 2 2 2 0 0 2 2 0 2 2 2 2 2 2 2 2 0 2 2 2 2 2 2 2 2 2 0 0 2 2 2 2 2 2 2 2 2 2 2 2 2 2 2 2 0 0 0 1 2 2 2 0 2 2 2 2 0 2 2 0 2 2 2 2 2 2 2 0 2 2 2 2 0 2 2 2 2 2 2 2 2 2 2 2 2 2 2 2 2 2 2 2 2 2 2 2 2 2 0 0 2 2 2 2 2 2 0 0 2 0 2 2 2 2 2 2 2 2 2 2 2 2 2 2 2 2 2 2 0 0 2 2 2 2 2 0 2 2 2 2 2 0 2 2
556 2 2 2 2 2 2 2 0 2 2 2 2 2 2 0 2 2 2 2 2 2 2 2 2 2 2 2 2 2 2 2 2 2 2 2 2 2 2 2 2 2 2 0 2 2 2 0 2 2 2 2 0 2 0 2 2 2 2 2 2 2 2 2 2 0 2 2 2 2 2 0 2 2 2 2 2 2 2 2 0 2 2 2 2 2 2 2 2 0 2 2 2 2 2 2 2 2 2 0 2 2 2 2 2 0 0 2 2 0 2 2 2 2 2 2 2 2 0 2 2 2 2 2 2 2 2 2 0 0 2 2 2 2 2 2 2 2 2 2 2 2 2 2 2 2 0 0 0 1 2 2 2 0 2 2 2 2 0 2 2 0 2 2 2 2 2 2 2 0 2 2 2 2 0 2 2 2 2 2 2 2 2 2 2 2 2 2 2 2 2 2 2 2 2 2 2 2 2 2 0 0 2 2 2 2 2 2 0 0 2 0 2 2 2 2 2 2 2 2 2 2 2 2 2 2 2 2 2 2 0 0 2 2 2 2 2 0 2 2 2 2 2 0 2 2
557 2 2 2 2 2 2 2 0 2 2 2 2 2 2 0 2 2 2 2 2 2 2 2 2 2 2 2 2 2 2 2 2 2 2 2 2 2 2 2 2 2 2 0 2 2 2 1 2 2 2 2 0 2 0 2 2 2 2 2 2 2 2 2 2 0 2 2 2 2 2 0 2 2 2 2 2 2 2 2 0 2 2 2 2 2 2 2 2 2 2 2 2 2 2 2 2 2 2 0 2 2 2 2 2 0 0 2 2 1 2 2 2 2 2 2 2 2 0 2 2 2 2 2 2 2 2 2 0 0 2 2 2 2 2 2 2 2 2 2 2 2 2 2 2 2 2 1 1 2 2 2 2 1 2 2 2 2 0 2 2 0 2 2 2 2 2 1 2 1 2 2 2 2 0 2 2 2 2 2 2 2 2 2 2 2 2 2 2 2 2 2 2 2 2 2 2 2 2 2 0 2 2 2 2 2 2 2 0 1 2 0 2 2 2 2 2 2 2 2 2 2 2 2 2 2 2 2 2 2 0 0 2 2 2 2 2 2 2 2 2 2 2 0 2 2
558 0 2 2 0 0 2 2 2 2 2 2 2 0 0 2 2 2 2 2 2 2 2 0 0 2 2 2 2 2 2 2 2 2 2 2 2 2 2 2 2 2 2 2 0 2 2 2 2 2 2 2 2 0 2 0 0 2 2 2 0 2 2 0 0 2 0 2 0 2 2 2 2 2 0 2 2 2 2 2 2 2 2 2 2 2 2 2 0 2 2 2 2 2 2 2 2 2 2 2 2 2 2 2 2 2 2 2 0 2 2 0 2 2 0 2 2 2 2 2 2 2 2 2 0 2 2 2 2 2 2 2 2 2 2 2 2 2 2 0 2 2 2 2 2 0 2 2 2 2 2 0 2 2 2 0 2 2 2 2 0 2 2 2 2 2 2 2 1 2 0 2 2 2 2 2 0 0 2 0 2 2 2 2 2 2 2 2 2 2 0 1 2 0 2 2 2 0 2 2 2 2 2 2 2 2 2 2 2 2 2 2 2 2 0 2 0 2 2 2 0 2 2 0 2 2 2 2 2 2 2 2 2 2 2 2 2 2 2 2 2 2 2 2 2 2
559 2 2 2 2 2 2 2 2 2 2 2 0 2 2 2 2 2 2 2 2 0 0 2 2 2 2 2 0 2 2 0 0 2 2 2 2 2 2 2 0 2 2 2 2 2 2 2 2 2 0 2 2 2 2 2 2 2 2 2 0 0 0 2 2 2 2 2 2 2 2 2 2 2 2 2 2 2 0 2 2 2 2 2 2 2 2 2 2 2 2 2 2 2 2 2 2 2 2 2 2 2 2 2 0 2 2 2 2 2 2 2 2 2 2 0 2 2 2 2 2 2 2 2 2 2 2 0 2 2 2 0 2 2 2 2 2 2 2 2 2 2 2 2 2 2 2 2 2 2 2 2 2 2 2 2 2 2 2 2 2 2 2 2 2 2 2 2 2 2 2 2 2 2 2 2 2 2 2 2 2 2 2 2 2 2 2 2 2 2 2 2 2 2 2 2 2 2 2 2 2 2 2 2 2 2 2 2 2 2 2 2 2 2 2 2 2 2 2 2 2 2 2 2 2 2 2 2 2 2 2 2 2 2 2 2 2 2 2 2 2 2 2 2 2 2
560 2 2 2 2 0 2 2 2 2 2 2 2 0 2 2 2 2 2 2 2 2 2 0 2 2 2 2 2 2 2 2 2 2 2 2 2 2 2 2 2 2 2 2 2 2 2 2 2 2 2 2 2 2 2 0 0 2 2 2 2 2 2 0 2 2 0 2 2 2 2 2 2 2 2 2 2 2 2 2 2 2 2 2 2 2 2 2 0 2 2 2 2 2 2 2 2 2 2 2 2 2 2 2 2 2 2 2 2 2 2 0 2 2 2 2 2 2 2 2 2 2 2 0 2 2 2 2 2 2 2 2 2 2 2 2 2 2 2 2 2 2 2 2 2 2 2 2 2 2 2 0 2 2 2 0 2 2 2 2 2 2 2 2 2 2 2 2 2 2 2 2 2 2 2 2 0 2 2 2 2 2 2 2 2 2 2 2 2 2 2 2 2 0 2 2 2 0 2 2 2 2 2 2 1 2 2 2 2 2 2 2 2 2 2 2 2 2 2 2 2 2 2 2 2 2 2 2 2 2 2 2 2 2 2 2 2 2 2 2 2 2 2 2 2 2
561 0 0 0 0 0 2 0 0 0 0 0 0 0 0 0 0 2 0 0 0 0 0 0 0 0 0 2 0 0 0 0 0 0 0 2 1 0 0 0 0 0 0 0 0 0 0 0 0 0 0 0 0 0 0 0 0 0 0 0 0 0 0 0 0 0 0 0 0 0 0 0 0 0 0 2 0 0 0 0 0 0 0 0 0 0 2 0 0 0 2 2 0 0 0 0 0 0 0 0 0 0 2 0 0 0 0 0 0 0 0 0 0 0 0 0 0 2 0 0 0 0 0 0 0 0 0 0 0 0 0 0 0 2 0 0 2 0 2 0 0 0 0 2 0 0 0 0 0 1 0 0 0 0 2 0 0 0 0 0 0 0 0 0 0 2 2 0 0 0 0 0 2 2 0 0 0 0 2 0 0 2 0 2 2 0 0 0 0 0 0 0 2 0 0 0 2 0 0 0 0 0 2 0 0 0 0 0 0 0 0 0 0 0 0 0 0 0 0 0 0 0 0 0 0 0 0 2 0 0 0 0 0 0 0 0 0 0 0 0 0 2 0 0 0 0
562 2 2 2 2 2 0 2 2 2 2 2 2 2 2 2 2 0 2 2 2 2 2 2 2 2 2 0 2 2 2 2 2 2 2 0 1 2 2 2 2 2 2 2 2 2 2 2 2 2 2 2 2 2 2 2 2 2 2 2 2 2 2 2 2 2 2 2 2 2 2 2 2 2 2 0 2 2 2 2 2 2 2 2 2 2 0 2 2 2 0 0 2 2 2 2 2 2 2 2 2 2 0 2 2 2 2 2 2 2 2 2 2 2 2 2 2 0 2 2 2 2 2 2 2 2 2 2 2 2 2 2 2 0 2 2 0 2 0 2 2 2 2 0 2 2 2 2 2 1 2 2 2 2 0 2 2 2 2 2 2 2 2 2 2 0 0 2 2 2 2 2 0 0 2 2 2 2 0 2 2 0 2 0 0 2 2 2 2 2 2 2 0 2 2 2 0 2 2 2 2 2 0 2 2 2 2 2 2 2 2 2 2 2 2 2 2 2 2 2 2 2 2 2 2 2 2 0 2 2 2 2 2 2 2 2 2 2 2 2 2 0 2 2 2 2
563 2 2 2 2 2 2 2 2 2 2 2 2 2 2 2 2 2 2 2 2 2 2 2 2 2 2 2 2 2 2 2 2 2 2 2 2 2 2 2 2 2 2 2 2 2 2 2 2 2 2 2 2 2 2 2 2 2 2 2 2 2 2 2 2 2 2 2 2 2 2 2 2 2 2 2 2 2 2 2 2 0 0 2 2 2 2 2 2 2 2 2 2 2 2 2 2 2 2 2 2 0 2 2 2 2 2 2 2 2 2 2 2 2 2 2 2 2 2 2 2 2 2 2 2 2 2 2 2 2 2 2 2 2 2 2 2 2 2 2 0 2 0 2 2 2 2 2 2 2 2 2 2 2 2 2 2 2 2 2 2 2 2 2 0 2 2 0 2 2 2 2 2 2 2 0 2 2 2 2 2 2 2 2 2 2 2 0 2 0 2 2 2 2 2 0 2 2 2 2 2 2 2 2 2 2 2 0 2 2 0 2 2 2 2 2 2 2 2 2 2 2 2 2 2 2 2 2 0 2 2 2 2 2 0 2 2 2 2 2 2 2 0 2 2 0
564 2 2 0 2 2 2 2 2 2 2 2 2 2 2 2 2 2 0 2 0 2 2 2 2 2 2 2 2 0 2 2 2 2 2 2 2 2 2 0 2 2 2 2 2 2 0 2 2 0 2 2 2 2 2 2 2 2 2 0 2 2 2 2 2 2 2 2 2 2 2 2 2 2 2 2 2 0 2 2 2 2 2 2 2 2 2 0 2 2 2 2 0 2 2 2 2 2 2 2 0 2 2 2 2 2 2 2 2 2 2 2 2 2 2 2 2 2 2 2 2 2 0 2 2 2 2 2 2 2 2 2 2 2 2 2 2 2 2 2 2 2 2 2 2 2 2 2 2 2 2 2 2 2 2 2 2 2 2 2 2 2 2 2 2 2 2 2 2 2 2 2 2 2 2 2 2 2 2 2 2 2 2 2 2 2 2 2 2 2 2 2 2 2 2 2 2 2 2 2 2 2 2 2 2 2 2 2 2 2 2 2 2 0 2 2 2 2 2 2 2 2 2 2 2 2 2 2 2 2 2 2 2 2 2 2 2 2 2 2 2 2 2 2 2 2
565 2 0 2 2 2 0 0 2 2 0 2 2 2 2 2 2 0 2 0 2 2 2 2 2 2 2 0 2 2 0 2 2 0 2 0 1 0 0 2 2 0 0 2 2 0 2 2 0 2 2 0 2 2 2 2 2 2 0 2 2 2 2 2 2 2 2 0 2 0 0 2 2 0 2 0 0 2 2 0 2 2 2 2 0 2 0 2 2 2 0 0 2 2 2 0 0 2 0 2 2 2 0 0 2 2 2 0 2 2 0 2 0 2 2 2 2 0 2 0 0 0 2 2 2 0 0 2 2 2 2 2 0 0 0 0 0 0 0 2 2 0 2 0 2 2 2 2 2 1 0 2 2 2 0 2 0 0 2 2 2 2 0 0 2 0 0 2 2 2 2 0 0 0 2 2 2 2 0 2 0 0 0 0 0 2 0 2 0 2 2 1 0 2 0 2 0 2 0 0 2 2 0 0 2 0 2 2 2 2 0 2 0 2 2 2 2 0 1 2 2 0 0 2 0 0 0 0 2 0 2 2 2 0 2 0 0 2 0 0 0 0 2 2 0 2
566 2 0 2 2 2 0 0 2 2 0 2 2 2 2 2 2 0 2 0 2 2 2 2 2 2 2 0 2 2 0 2 2 1 2 1 1 0 0 2 2 0 0 2 2 0 2 2 0 2 2 0 2 2 2 2 2 2 0 2 2 2 2 2 2 2 2 0 2 0 0 2 2 0 2 0 0 2 2 0 2 2 2 2 1 2 0 2 2 2 1 0 2 2 2 0 0 2 1 2 2 2 0 0 2 2 2 0 2 2 0 2 0 2 2 2 2 0 2 0 0 0 2 2 2 0 0 2 2 2 2 2 0 0 0 0 0 0 0 2 2 0 2 0 2 2 2 2 2 1 0 2 2 2 0 2 0 0 2 2 2 2 0 0 2 0 0 2 2 2 2 0 0 0 2 2 2 2 0 2 0 0 0 0 0 2 0 2 0 2 2 1 0 2 0 2 0 2 0 0 2 2 0 0 2 0 2 2 2 2 0 2 0 2 2 2 2 0 1 2 2 1 0 2 0 0 0 0 2 0 2 2 2 0 2 0 0 2 0 0 0 0 2 2 0 2
567 2 2 2 2 2 2 2 2 2 2 2 2 2 2 2 2 0 2 2 2 2 2 2 2 2 2 0 2 2 2 2 2 2 2 2 1 2 2 2 2 2 2 2 2 2 2 2 2 2 2 2 2 2 2 2 2 2 2 2 2 2 2 2 2 2 2 2 2 0 2 2 2 2 2 0 2 2 2 2 2 2 2 2 2 2 0 2 2 2 2 0 2 2 2 0 2 2 2 2 2 2 0 2 2 2 2 2 2 2 2 2 2 2 2 2 2 2 2 2 2 0 2 2 2 2 2 2 2 2 2 2 2 0 2 2 0 0 2 2 2 2 2 0 2 2 2 2 2 2 2 2 2 2 0 2 2 0 2 2 2 2 2 2 2 0 0 2 2 2 2 2 2 0 2 2 2 2 0 2 2 0 2 0 0 2 0 2 2 2 2 2 0 2 2 2 0 2 2 2 2 2 0 0 2 2 2 2 2 2 2 2 2 2 2 2 2 0 2 2 2 2 2 2 2 2 2 0 2 2 2 2 2 2 2 2 2 2 2 2 2 2 2 2 2 2
568 2 0 2 2 2 2 2 2 2 2 2 2 2 2 2 2 2 2 2 2 2 2 2 2 2 2 2 2 2 2 2 2 0 2 2 2 0 0 2 2 2 0 2 2 2 2 2 2 2 2 2 2 2 2 2 2 2 0 2 2 2 2 2 2 2 2 0 2 2 0 2 2 0 2 2 2 2 2 0 2 2 2 2 0 2 2 2 2 2 2 2 2 2 2 2 0 2 2 2 2 2 2 1 2 2 2 2 2 2 0 2 1 2 2 2 2 2 2 1 0 2 2 2 2 0 2 2 2 2 2 2 0 2 0 2 2 2 2 2 2 2 2 2 2 2 2 2 2 2 2 2 2 2 2 2 2 2 2 2 2 2 2 0 2 2 2 2 2 2 2 2 2 2 2 2 2 2 2 2 2 2 2 2 2 2 2 2 2 2 2 1 2 2 2 2 2 2 0 2 2 2 2 2 2 2 2 2 2 2 2 2 2 2 2 2 2 2 1 2 2 2 0 2 2 2 0 2 2 2 2 2 2 2 2 2 2 2 2 0 2 2 2 2 2 2
569 0 2 2 0 2 2 2 2 2 2 2 2 2 2 2 2 2 2 2 2 2 2 2 2 2 2 2 2 2 2 2 2 2 2 2 2 2 2 2 2 2 2 2 0 2 2 2 2 2 2 2 2 0 2 2 2 2 2 2 2 2 2 2 0 2 2 2 0 2 2 2 2 2 0 2 2 2 2 2 2 2 2 2 2 2 2 2 2 2 2 2 2 2 2 2 2 2 2 2 2 2 2 2 2 2 2 2 0 2 2 2 2 2 0 2 2 2 2 2 2 2 2 2 0 2 2 2 2 2 2 2 2 2 2 2 2 2 2 0 2 2 2 2 2 0 2 2 2 2 2 2 2 2 2 2 2 2 2 2 0 2 2 2 2 2 2 2 1 2 0 2 2 2 2 2 2 0 2 0 2 2 2 2 2 2 2 2 2 2 0 1 2 2 2 2 2 2 2 2 2 2 2 2 2 2 2 2 2 2 2 2 2 2 0 2 0 2 2 2 0 2 2 0 2 2 2 2 2 2 2 2 2 2 2 2 2 2 2 2 2 2 2 2 2 2
570 2 2 0 2 2 2 2 2 2 2 2 2 2 2 2 2 2 0 2 0 2 2 2 2 2 2 2 2 0 2 2 2 2 2 2 2 2 2 0 2 2 2 2 2 2 0 2 2 0 2 2 2 2 2 2 2 2 2 0 2 2 2 2 2 2 2 2 2 2 2 2 2 2 2 2 2 0 2 2 2 2 2 2 2 2 2 0 2 2 2 2 0 2 2 2 2 2 2 2 0 2 2 2 2 2 2 2 2 2 2 2 2 2 2 2 2 2 2 2 2 2 0 2 2 2 2 2 2 2 2 2 2 2 2 2 2 2 2 2 2 2 2 2 2 2 2 2 2 2 2 2 2 2 2 2 2 2 2 2 2 2 2 2 2 2 2 2 2 2 2 2 2 2 2 2 2 2 2 2 2 2 2 2 2 2 2 2 2 2 2 2 2 2 2 2 2 2 2 2 2 2 2 2 2 2 2 2 2 2 2 2 2 0 2 2 2 2 2 2 2 2 2 2 2 2 2 2 2 2 2 2 2 2 2 2 2 2 2 2 2 2 2 2 2 2
571 2 2 2 2 2 2 2 2 2 2 2 2 2 2 2 2 2 2 2 2 2 2 2 2 2 2 2 2 2 2 2 2 2 2 2 2 2 2 2 2 2 2 2 2 2 2 2 2 2 2 2 2 2 2 2 2 2 2 2 2 2 2 2 2 2 2 2 2 2 2 2 2 2 2 2 2 2 2 2 2 0 0 2 2 2 2 2 2 2 2 2 2 2 2 2 2 2 2 2 2 0 2 2 2 2 2 2 2 2 2 2 2 2 2 2 2 2 2 2 2 2 2 2 2 2 2 2 2 2 2 2 2 2 2 2 2 2 2 2 0 2 0 2 2 2 2 2 2 2 2 2 2 2 2 2 2 2 2 2 2 2 2 2 0 2 2 0 2 2 2 2 2 2 2 0 2 2 2 2 2 2 2 2 2 2 2 0 2 0 2 2 2 2 2 0 2 2 2 2 2 2 2 2 2 2 2 0 2 2 2 2 2 2 2 2 2 2 2 2 2 2 2 2 2 2 2 2 0 2 2 2 2 2 0 2 2 2 2 2 2 2 0 2 2 0
572 2 2 2 2 2 2 2 0 2 2 2 2 2 2 2 2 2 2 2 2 2 2 2 2 2 2 2 2 2 2 2 2 2 2 2 2 2 2 2 2 2 2 0 2 2 2 0 2 2 2 2 0 2 0 2 2 0 2 2 2 2 2 2 2 0 2 2 2 0 2 0 2 2 2 2 2 2 2 2 2 2 2 2 2 2 2 2 2 2 2 2 2 2 2 2 2 2 2 0 2 2 2 2 2 0 0 2 2 2 2 2 2 2 2 2 2 2 0 2 2 2 2 2 2 2 2 0 0 0 2 2 2 2 2 2 2 2 2 2 2 2 2 2 2 2 2 0 2 2 2 2 2 0 2 2 2 2 0 2 2 0 2 2 2 2 2 2 2 0 2 2 2 2 0 2 2 2 2 2 2 2 2 2 2 0 2 2 2 2 2 2 2 2 2 2 2 2 2 2 0 0 2 2 2 2 2 2 2 0 2 2 2 2 2 2 2 2 2 2 2 2 2 2 2 2 2 2 2 2 0 2 2 2 2 2 2 2 2 2 2 2 2 0 2 2
573 2 2 2 2 2 2 2 0 2 2 2 2 2 2 0 2 2 2 2 2 2 2 2 2 2 2 2 2 2 2 2 2 2 2 2 2 2 2 2 2 2 2 0 2 2 2 0 2 2 2 2 0 2 0 2 2 0 2 2 2 2 2 2 2 0 2 2 2 0 2 0 2 2 2 2 2 2 2 2 2 2 2 2 2 2 2 2 2 2 2 2 2 2 2 2 2 2 2 0 2 2 2 2 2 0 0 0 2 0 2 2 2 2 2 2 2 2 0 2 2 2 2 2 2 2 2 0 0 0 2 2 2 2 2 2 2 2 2 2 2 2 2 2 2 2 2 0 0 1 2 2 2 0 2 2 0 2 0 2 2 0 2 2 2 2 2 2 2 0 2 2 2 2 0 2 2 2 2 2 2 2 2 2 2 0 2 2 2 2 2 2 2 2 2 2 2 2 2 0 0 0 2 2 2 2 0 2 0 0 2 0 2 2 2 2 2 2 2 2 2 0 2 2 2 2 2 2 2 2 0 0 2 2 2 2 0 2 2 2 0 2 2 0 0 2
574 0 0 0 0 0 0 0 2 0 0 0 0 0 0 0 0 0 0 0 0 0 0 0 0 0 0 0 0 0 0 0 0 0 0 0 0 0 0 0 0 0 0 0 0 0 0 0 0 0 0 0 0 0 0 0 0 2 0 0 0 0 0 0 0 0 0 0 0 0 0 0 0 0 0 0 0 0 0 0 0 0 0 0 0 0 0 0 0 0 0 0 0 0 0 0 0 0 2 2 0 0 0 0 0 0 0 2 0 0 0 0 0 0 0 0 0 0 0 0 0 0 0 0 0 0 0 0 2 0 0 0 0 0 0 2 0 0 0 0 0 0 0 0 0 0 0 0 0 0 2 0 0 0 0 0 2 0 0 0 0 2 0 0 0 0 0 0 0 0 0 0 0 0 2 0 0 0 0 0 0 0 2 0 0 0 0 0 0 0 0 0 0 0 2 0 0 0 0 2 0 0 0 0 0 2 0 0 0 0 0 0 0 0 0 0 0 0 0 0 0 2 0 0 0 0 0 0 0 0 2 0 0 0 0 0 0 0 0 0 2 0 0 0 2 0
575 2 2 0 2 2 2 2 2 2 2 2 2 2 2 2 2 2 0 2 0 2 2 2 2 2 2 2 2 0 2 2 2 2 2 2 2 2 2 0 2 2 2 2 2 2 0 2 2 0 2 2 2 2 2 2 2 2 2 0 2 2 2 2 2 2 2 2 2 2 2 2 2 2 2 2 2 0 2 2 2 2 2 0 2 2 2 0 2 2 2 2 0 0 2 2 2 0 2 2 0 2 2 2 2 2 2 2 2 2 2 2 2 2 2 2 0 2 2 2 2 2 0 2 2 2 2 2 2 2 2 2 2 2 2 2 2 2 2 2 2 2 2 2 2 2 2 2 2 1 2 2 2 2 2 2 2 2 2 2 2 2 2 2 2 2 2 2 1 2 2 2 2 2 2 2 2 2 2 2 2 2 2 2 2 2 2 2 2 2 2 2 2 2 2 2 2 2 2 2 2 2 2 2 2 2 2 2 2 2 2 2 2 0 2 0 2 2 1 0 2 2 2 2 2 2 2 2 2 2 2 2 2 2 2 2 2 2 2 2 2 2 2 2 2 2
576 0 2 2 0 2 2 2 2 2 2 0 0 2 2 2 2 2 2 2 2 2 1 2 2 0 2 2 0 2 2 2 0 2 0 2 1 2 2 2 2 2 2 2 0 2 2 2 2 2 2 2 2 0 2 2 2 2 2 2 0 0 0 2 0 2 2 2 0 2 2 2 0 2 0 2 2 2 0 2 2 0 0 2 2 2 2 2 2 2 2 2 2 2 2 2 2 2 2 2 2 0 2 2 2 2 2 2 0 2 2 2 2 2 0 2 2 2 2 2 2 2 2 2 0 2 2 0 2 2 2 0 2 2 2 2 2 2 2 0 2 2 0 2 2 0 2 2 2 2 2 2 2 2 2 2 2 2 2 1 0 2 2 2 0 2 2 0 1 2 0 2 2 2 2 0 2 0 2 0 2 2 2 2 2 2 2 2 2 0 0 1 2 2 2 0 2 2 2 2 2 2 2 2 2 2 2 2 2 2 2 2 2 2 0 2 0 2 2 2 0 2 2 0 2 2 2 2 0 2 2 2 2 2 0 2 2 2 2 2 2 2 0 2 2 0
577 2 0 2 2 0 0 0 2 2 0 2 2 0 2 2 2 2 2 0 2 2 2 0 2 2 2 2 2 2 0 2 2 0 2 0 2 0 0 2 2 0 0 2 2 0 2 2 0 2 2 0 2 2 2 0 0 2 0 2 2 2 2 0 2 2 0 0 2 2 0 2 2 0 2 2 0 2 2 0 0 2 2 2 0 2 2 2 0 2 0 2 2 2 2 2 0 2 2 2 2 2 2 0 2 2 0 2 2 2 0 0 0 2 2 2 2 0 2 0 0 2 2 0 2 0 0 2 2 2 2 2 0 2 0 2 2 2 0 2 2 0 2 2 2 2 2 2 2 1 2 0 2 2 2 0 2 2 2 2 2 2 0 0 2 2 2 2 2 2 2 0 0 2 2 2 0 2 2 2 0 2 2 2 2 2 2 0 0 2 2 1 2 0 2 2 2 0 0 2 2 0 2 2 0 2 2 0 2 2 2 2 0 2 2 2 2 2 1 2 2 2 0 2 0 0 0 2 2 0 2 2 2 0 2 0 2 0 0 0 2 0 2 2 2 2
578 2 2 0 2 2 2 2 2 2 2 2 2 2 2 2 2 2 0 2 0 2 2 2 2 2 2 2 2 0 2 2 2 2 2 2 2 2 2 0 2 2 2 2 2 2 0 2 2 0 2 2 2 2 2 2 2 2 2 0 2 2 2 2 2 2 2 2 2 2 2 2 2 2 2 2 2 0 2 2 2 2 2 2 2 2 2 0 2 2 2 2 0 2 2 2 2 2 2 2 0 2 2 2 2 2 2 2 2 2 2 2 2 2 2 2 2 2 2 2 2 2 0 2 2 2 2 2 2 2 2 2 2 2 2 2 2 2 2 2 2 2 2 2 2 2 2 2 2 2 2 2 2 2 2 2 2 2 2 2 2 2 2 2 2 2 2 2 2 2 2 2 2 2 2 2 2 2 2 2 2 2 2 2 2 2 2 2 2 2 2 2 2 2 2 2 2 2 2 2 2 2 2 2 2 2 2 2 2 2 2 2 2 0 2 2 2 2 2 2 2 2 2 2 2 2 2 2 2 2 2 2 2 2 2 2 2 2 2 2 2 2 2 2 2 2
579 2 2 0 2 2 2 2 2 2 2 2 2 2 2 2 2 2 0 2 0 2 2 2 2 2 2 2 2 0 2 2 2 2 2 2 2 2 2 0 2 2 2 2 2 2 0 2 2 0 2 2 2 2 2 2 2 2 2 0 2 2 2 2 2 2 2 2 2 2 2 2 2 2 2 2 2 0 2 2 2 2 2 0 2 2 2 0 2 2 2 2 0 0 2 2 2 0 2 2 0 2 2 2 2 2 2 2 2 2 2 2 2 2 2 2 2 2 2 2 2 2 1 2 2 2 2 2 2 2 2 2 2 2 2 2 2 2 2 2 2 2 2 2 2 2 2 2 2 1 2 2 2 2 2 2 2 2 2 2 2 2 2 2 2 2 2 2 1 2 2 2 2 2 2 2 2 2 2 2 2 2 2 2 2 2 2 2 2 2 2 2 2 2 2 2 2 2 2 2 2 2 2 2 2 2 2 2 2 2 2 2 2 0 2 0 2 2 1 2 2 2 2 2 2 2 2 2 2 2 2 2 2 2 2 2 2 2 2 2 2 2 2 2 2 2
580 2 2 2 2 2 2 2 2 2 2 2 2 2 2 2 2 0 2 2 2 2 2 2 2 2 2 0 2 2 2 2 2 2 2 2 1 2 2 2 2 2 2 2 2 2 2 2 2 2 2 2 2 2 2 2 2 2 2 2 2 2 2 2 2 2 2 2 2 2 2 2 2 2 2 0 2 2 2 2 2 2 2 2 2 2 0 2 2 2 2 0 2 2 2 2 2 2 2 2 2 2 0 2 2 2 2 2 2 2 2 2 2 2 2 2 2 2 2 2 2 2 2 2 2 2 2 2 2 2 2 2 2 0 2 2 0 2 2 2 0 2 2 0 2 2 2 2 2 2 2 2 2 2 0 2 2 2 2 2 2 2 2 2 2 0 0 2 2 2 2 2 2 0 2 2 2 2 0 2 2 0 2 0 0 2 2 2 2 2 2 2 0 2 2 2 0 2 2 2 2 2 0 2 2 2 2 2 2 2 2 2 2 2 2 2 2 2 2 2 2 2 2 2 2 2 2 0 2 2 2 2 2 2 2 2 2 2 2 2 2 2 2 2 2 2
581 2 2 2 2 2 2 2 2 2 2 2 2 2 2 2 2 2 2 2 2 2 2 2 2 0 2 2 2 2 2 2 2 2 0 2 1 2 2 2 2 2 2 2 2 2 2 2 2 2 2 2 2 2 2 2 2 2 2 2 2 2 2 2 2 2 2 2 2 2 2 2 2 2 2 2 2 2 2 2 2 2 2 2 2 2 2 2 2 0 2 2 2 2 0 2 2 2 2 2 2 2 2 2 2 2 2 2 2 2 2 2 2 0 2 2 2 2 2 2 2 2 2 2 2 2 2 2 0 2 2 2 2 2 2 2 2 2 2 2 2 2 2 2 0 2 2 2 0 2 2 2 0 2 2 2 2 2 0 0 2 2 2 2 2 2 2 2 2 2 2 2 2 2 2 2 2 2 2 2 2 2 2 2 2 2 2 2 2 2 2 2 2 2 2 2 2 2 2 2 2 2 2 2 2 2 0 2 2 2 2 0 2 2 2 2 2 2 2 2 2 2 2 2 2 2 2 2 2 2 2 2 2 2 2 2 0 2 2 2 2 2 2 0 2 2
582 2 0 2 2 0 2 0 2 2 0 2 2 0 2 2 2 2 2 0 2 2 2 0 2 2 2 2 2 2 0 2 2 0 2 2 2 0 0 2 2 2 0 2 2 0 2 2 0 2 2 2 2 2 2 0 0 2 0 2 2 2 2 0 2 2 0 0 2 2 0 2 2 0 1 2 0 2 2 0 2 2 2 2 0 2 2 2 0 2 2 2 2 2 2 2 0 2 2 2 2 2 2 0 2 2 2 2 2 2 0 0 0 2 2 2 2 2 2 0 0 2 2 2 2 0 0 2 2 2 2 2 0 2 0 2 2 2 2 2 2 0 2 2 2 2 2 2 2 2 2 0 2 2 2 0 2 2 2 2 2 2 2 0 2 2 2 2 2 2 2 2 2 2 2 2 0 2 2 2 0 2 2 2 2 2 2 2 0 2 2 1 2 0 2 2 2 0 0 2 2 2 2 2 0 2 2 2 2 2 2 2 0 2 2 2 2 2 1 0 2 2 0 2 0 2 0 2 2 0 2 2 2 0 2 0 2 2 0 0 2 2 2 2 2 2
583 2 0 2 2 0 2 0 2 2 0 2 2 0 2 2 2 2 2 0 2 2 2 0 2 2 2 2 2 2 0 2 2 0 2 2 2 0 0 2 2 2 0 2 2 0 2 2 0 2 2 2 2 2 2 0 0 2 0 2 2 2 2 0 2 2 0 0 2 2 0 2 2 0 2 2 0 2 2 0 2 2 2 2 0 2 2 2 0 2 2 2 2 2 2 2 0 2 2 2 2 2 2 0 2 2 2 2 2 2 0 0 0 2 2 2 2 2 2 0 0 2 2 2 2 0 0 2 2 2 2 2 0 2 0 2 2 2 2 2 2 0 2 2 2 2 2 2 2 2 2 0 2 2 2 0 2 2 2 2 2 2 2 0 2 2 2 2 2 2 2 2 2 2 2 2 0 2 2 2 0 2 2 2 2 2 2 2 0 2 2 1 2 0 2 2 2 0 0 2 2 2 2 2 0 2 2 2 2 2 2 2 0 2 2 2 2 2 1 0 2 2 0 2 0 2 0 2 2 0 2 2 2 0 2 0 2 2 0 0 2 2 2 2 2 2
584 0 0 0 0 0 2 0 0 0 0 0 0 0 0 0 0 0 0 0 0 0 0 0 0 0 0 0 0 0 0 0 0 0 0 2 0 0 0 0 0 2 0 0 0 0 0 0 0 0 0 0 0 0 0 0 0 0 0 0 0 0 0 0 0 0 0 0 0 2 0 0 0 0 0 0 0 0 0 0 0 0 0 0 0 0 0 0 0 0 2 0 0 0 0 0 0 0 2 0 0 0 0 0 0 0 2 0 0 0 0 0 0 0 0 0 0 2 0 0 0 0 0 2 0 0 0 0 0 0 0 2 0 0 0 2 0 0 2 0 0 0 0 0 0 0 0 0 0 1 2 0 0 0 0 0 0 0 0 0 0 0 2 0 0 0 0 0 0 0 0 2 2 0 0 0 0 0 0 0 0 0 2 0 0 0 0 0 0 0 0 0 0 0 2 0 0 0 0 0 0 2 0 0 0 2 0 0 0 0 2 0 0 0 0 0 0 0 0 0 0 0 0 0 0 2 0 0 0 0 0 0 0 0 0 0 0 0 0 0 0 2 0 0 0 0
585 2 2 2 2 2 2 2 2 2 2 2 2 2 2 2 2 0 2 2 2 2 2 2 2 2 2 0 2 2 2 2 2 2 2 2 1 2 2 2 2 2 2 2 2 2 2 2 2 2 2 2 2 2 2 2 2 2 2 2 2 2 2 2 2 2 2 2 2 2 2 2 2 2 2 0 2 2 2 2 2 2 2 2 2 2 0 2 2 2 2 0 2 2 2 2 2 2 2 2 2 2 0 2 2 2 2 2 2 2 2 2 2 2 2 2 2 2 2 2 2 2 2 2 2 2 2 2 2 2 2 2 2 0 2 2 0 2 2 2 0 2 2 0 2 2 2 2 2 2 2 2 2 2 0 2 2 2 2 2 2 2 2 2 2 0 0 2 2 2 2 2 2 0 2 2 2 2 0 2 2 0 2 0 0 2 2 2 2 2 2 2 0 2 2 2 0 2 2 2 2 2 0 2 2 2 2 2 2 2 2 2 2 2 2 2 2 2 2 2 2 2 2 2 2 2 2 0 2 2 2 2 2 2 2 2 2 2 2 2 2 2 2 2 2 2
586 0 2 2 0 2 2 2 2 2 2 2 2 2 2 2 2 2 2 2 2 2 2 2 2 2 2 2 2 2 2 2 2 2 2 2 2 2 2 2 2 2 2 2 0 2 2 2 2 2 2 2 2 0 2 2 2 2 2 2 2 2 2 2 0 2 2 2 0 2 2 2 2 2 0 2 2 2 2 2 2 2 2 2 2 2 2 2 2 2 2 2 2 2 2 2 2 2 2 2 2 2 2 2 2 2 2 2 0 2 2 2 2 2 0 2 2 2 2 2 2 2 2 2 0 2 2 2 2 2 2 2 2 2 2 2 2 2 2 0 2 2 2 2 2 0 2 2 2 2 2 2 2 2 2 2 2 2 2 2 0 2 2 2 2 2 2 2 1 2 0 2 2 2 2 2 2 0 2 0 2 2 2 2 2 2 2 2 2 2 0 1 2 2 2 2 2 2 2 2 2 2 2 2 2 2 2 2 2 2 2 2 2 2 0 2 0 2 2 2 0 2 2 0 2 2 2 2 2 2 2 2 2 2 2 2 2 2 2 2 2 2 2 2 2 2
587 2 2 2 2 2 2 2 0 2 2 2 2 2 2 0 2 0 2 2 2 2 2 2 2 0 2 0 2 2 2 2 2 2 0 2 0 2 2 2 2 2 2 0 2 2 2 0 2 2 2 2 0 2 0 2 2 0 2 2 2 2 2 2 2 0 2 2 2 2 2 0 2 2 2 0 2 2 2 2 2 0 0 2 2 2 0 2 2 0 2 0 2 2 0 2 2 2 2 0 2 0 0 2 2 0 2 0 2 0 2 2 2 0 2 2 2 2 0 2 2 2 2 2 2 2 2 2 0 0 2 2 2 0 2 2 0 2 2 2 0 2 0 0 0 2 0 0 0 1 2 2 0 0 0 2 2 2 0 0 2 0 2 2 0 0 0 0 2 0 2 2 2 0 0 0 2 2 0 2 2 0 2 0 0 0 2 0 2 0 2 2 0 2 2 0 0 2 2 2 0 2 0 2 2 2 0 0 0 0 2 0 2 2 2 2 2 2 2 2 2 2 2 2 2 2 2 0 0 2 0 0 2 2 0 2 0 2 2 2 2 2 0 0 2 0
588 0 0 0 0 0 2 0 0 0 0 0 0 0 0 0 2 0 0 0 0 0 0 0 0 0 2 0 0 0 0 0 0 0 0 2 0 0 0 0 0 2 0 0 0 0 0 0 0 0 0 0 0 0 0 0 0 0 0 0 0 0 0 0 0 0 0 0 0 2 0 0 0 0 0 0 0 0 0 0 0 0 0 2 0 2 0 0 0 0 2 0 0 2 0 2 0 2 2 0 0 0 0 0 0 0 2 0 0 0 0 0 0 0 0 0 0 2 0 0 0 2 0 2 0 0 0 0 0 0 0 2 0 0 0 2 0 2 2 0 0 0 0 0 0 0 0 0 0 1 2 0 0 0 0 0 0 2 0 0 0 0 2 0 0 0 0 0 1 0 0 2 2 0 0 0 0 0 0 0 0 0 2 0 0 0 2 0 0 0 0 0 0 0 2 0 0 0 0 0 0 2 0 2 0 2 0 0 0 0 2 0 0 0 0 2 0 2 1 0 0 0 0 0 0 2 0 0 0 0 0 0 2 0 0 0 0 0 0 0 0 2 0 0 0 0
589 2 2 2 2 2 2 2 2 2 2 2 2 2 2 2 2 0 2 2 2 2 2 2 2 2 2 0 2 2 2 2 2 2 2 2 2 2 2 2 2 2 2 2 2 2 2 2 2 2 2 2 2 2 2 2 2 2 2 2 2 2 2 2 2 2 2 2 2 2 2 2 2 2 2 0 2 2 2 2 2 2 2 2 2 2 0 2 2 2 2 0 2 2 2 2 2 2 2 2 2 2 0 2 2 2 2 2 2 2 2 2 2 2 2 2 2 2 2 2 2 2 2 2 2 2 2 2 2 2 2 2 2 2 2 2 0 2 2 2 0 2 2 0 2 2 2 2 2 2 2 2 2 2 0 2 2 2 2 2 2 2 2 2 2 0 0 2 2 2 2 2 2 0 2 2 2 2 0 2 2 0 2 0 0 2 2 2 2 2 2 2 0 2 2 2 0 2 2 2 2 2 0 2 2 2 2 2 2 2 2 2 2 2 2 2 2 2 2 2 2 2 2 2 2 2 2 0 2 2 2 2 2 2 2 2 2 2 2 2 2 2 2 2 2 2
590 0 0 0 0 0 2 0 0 0 0 0 0 0 0 0 2 0 0 0 0 0 0 0 0 0 2 0 0 0 0 0 0 0 0 2 0 0 0 0 0 2 0 0 0 0 0 0 0 0 0 0 0 0 0 0 0 0 0 0 0 0 0 0 0 0 0 0 0 2 0 0 0 0 0 0 0 0 0 0 0 0 0 2 0 2 0 0 0 0 2 0 0 2 0 2 0 2 2 0 0 0 0 0 0 0 2 0 0 0 0 0 0 0 0 0 0 2 0 0 0 2 0 2 0 0 0 0 0 0 0 2 0 0 0 2 0 2 2 0 0 0 0 0 0 0 0 0 0 1 2 0 0 0 0 0 0 2 0 0 0 0 2 0 0 0 0 0 1 0 0 2 2 0 0 0 0 0 0 0 0 0 2 0 0 0 2 0 0 0 0 0 0 0 2 0 0 0 0 0 0 2 0 2 0 2 0 0 0 0 2 0 0 0 0 2 0 2 1 0 0 0 0 0 0 2 0 0 0 0 0 0 2 0 0 0 0 0 0 0 0 2 0 0 0 0
591 2 2 2 2 2 2 0 2 2 2 2 2 2 2 2 2 2 2 0 2 2 2 2 2 2 2 2 2 2 0 2 2 2 2 2 2 2 2 2 2 2 2 2 2 0 2 2 2 2 2 2 2 2 2 2 2 2 2 2 2 2 2 2 2 2 2 2 2 2 2 2 2 2 2 2 0 2 2 2 2 2 2 2 2 2 2 2 2 2 2 2 2 2 2 2 2 2 2 2 2 2 2 2 2 2 2 2 2 2 2 2 2 2 2 2 2 2 2 2 2 2 2 2 2 2 0 2 2 2 2 2 2 2 2 2 2 2 2 2 2 0 2 2 2 2 2 2 2 2 2 2 2 2 2 2 2 2 2 2 2 2 2 2 2 2 2 2 2 2 2 2 2 2 2 2 2 2 2 2 0 2 2 2 2 2 2 2 0 2 2 2 2 2 2 2 2 2 2 2 2 2 2 2 2 2 2 2 2 2 2 2 0 2 2 2 2 2 2 2 2 2 2 2 0 2 2 2 2 0 2 2 2 0 2 0 2 2 0 2 2 2 2 2 2 2
592 2 2 2 2 2 2 2 2 2 2 2 2 2 2 2 2 0 2 2 2 2 2 2 2 2 2 0 2 2 2 2 2 2 2 2 1 2 2 2 2 2 2 2 2 2 2 2 2 2 2 2 2 2 2 2 2 2 2 2 2 2 2 2 2 2 2 2 2 2 2 2 2 2 2 0 2 2 2 2 2 0 0 2 2 2 0 2 2 2 2 0 2 2 2 2 2 2 2 2 2 0 0 2 2 2 2 0 2 2 2 2 2 2 2 2 2 2 2 2 2 2 2 2 2 2 2 2 2 2 2 2 2 0 2 2 0 2 2 2 0 2 0 0 2 2 2 2 2 2 2 2 2 2 0 2 2 2 2 2 2 2 2 2 0 0 0 0 2 2 2 2 2 0 2 0 2 2 0 2 2 0 2 0 0 2 2 2 2 0 2 2 0 2 2 0 0 2 2 2 2 2 0 2 2 2 2 2 2 2 2 2 2 2 2 2 2 2 2 2 2 2 2 2 2 2 2 0 0 2 2 2 2 2 0 2 2 2 2 2 2 2 0 2 2 0
593 2 2 2 2 2 2 2 2 2 2 2 2 2 2 2 2 2 2 2 2 2 2 2 2 0 2 2 2 2 2 2 2 2 0 2 1 2 2 2 2 2 2 2 2 2 2 2 2 2 2 2 2 2 2 2 2 2 2 2 2 2 2 2 2 2 2 2 2 2 2 2 2 2 2 2 2 2 2 2 2 2 2 2 2 2 2 2 2 0 2 2 2 2 0 2 2 2 2 2 2 2 2 2 2 2 2 2 2 2 2 2 2 0 2 2 2 2 2 2 2 2 2 2 2 2 2 2 0 2 2 2 2 2 2 2 2 2 2 2 2 2 2 2 0 2 0 2 0 2 2 2 0 2 2 2 2 2 0 0 2 2 2 2 2 2 2 2 2 2 2 2 2 2 2 2 2 2 2 2 2 2 2 2 2 2 2 2 2 2 2 2 2 2 2 2 2 2 2 2 2 2 2 2 2 2 0 2 2 2 2 0 2 2 2 2 2 2 2 2 2 2 2 2 2 2 2 2 2 2 2 2 2 2 2 2 0 2 2 2 2 2 2 0 2 2
594 2 2 2 2 2 2 2 2 2 2 2 2 2 2 2 2 2 2 2 2 2 2 2 2 0 2 2 2 2 2 2 2 2 0 2 1 2 2 2 2 2 2 2 2 2 2 2 2 2 2 2 2 2 2 2 2 2 2 2 2 2 2 2 2 2 2 2 2 2 2 2 2 2 2 2 2 2 2 2 2 2 2 2 2 2 2 2 2 0 2 2 2 2 0 2 2 2 2 2 2 2 2 2 2 2 2 2 2 2 2 2 2 0 2 2 2 2 2 2 2 2 2 2 2 2 2 2 0 2 2 2 2 2 2 2 2 2 2 2 2 2 2 2 0 2 2 2 0 2 2 2 0 2 2 2 2 2 0 0 2 2 2 2 2 2 2 2 2 2 2 2 2 2 2 2 2 2 2 2 2 2 2 2 2 2 2 2 2 2 2 2 2 2 2 2 2 2 2 2 2 2 2 2 2 2 0 2 2 2 2 0 2 2 2 2 2 2 2 2 2 2 2 2 2 2 2 2 2 2 2 2 2 2 2 2 0 2 2 2 2 2 2 1 2 2
595 2 0 2 2 0 2 0 2 2 0 2 0 0 2 2 0 2 2 0 2 2 0 0 2 2 0 2 0 2 0 2 0 0 2 2 2 0 0 2 2 2 0 2 2 0 2 2 0 2 2 2 2 2 2 0 0 2 0 2 0 0 0 0 2 2 0 0 2 2 0 2 2 0 2 2 0 2 0 0 2 2 2 0 0 0 2 2 0 2 2 2 2 0 2 2 0 0 2 2 2 2 2 0 2 2 2 2 2 2 0 0 0 2 2 2 2 2 2 0 0 2 2 2 2 0 0 2 2 2 2 2 0 2 0 2 2 2 2 2 2 0 2 2 2 2 2 2 2 1 2 0 2 2 2 0 2 2 2 2 2 2 2 0 2 2 2 2 1 2 2 2 2 2 2 2 0 2 2 2 0 2 2 2 2 2 2 2 0 2 2 1 2 0 2 2 2 0 0 2 2 2 2 2 0 2 2 2 2 2 2 2 0 2 2 0 2 2 0 0 2 2 0 2 0 2 0 2 2 0 2 2 0 0 2 0 2 2 0 0 2 2 2 2 2 2
596 2 2 2 2 2 2 2 2 2 2 2 2 2 2 2 2 0 2 2 2 2 2 2 2 2 2 0 2 2 2 2 2 2 2 2 1 2 2 2 2 2 2 2 2 2 2 2 2 2 2 2 2 2 2 2 2 2 2 2 2 2 2 2 2 2 2 2 2 2 2 2 2 2 2 0 2 2 2 2 2 2 2 2 2 2 0 2 2 2 2 0 2 2 2 2 2 2 2 2 2 2 2 2 2 2 2 2 2 2 2 2 2 2 2 2 2 2 2 2 2 2 2 2 2 2 2 2 2 2 2 2 2 2 2 2 0 2 2 2 0 2 2 0 2 2 2 2 2 2 2 2 2 2 0 2 2 2 2 2 2 2 2 2 2 0 0 2 2 2 2 2 2 0 2 2 2 2 0 2 2 0 2 0 0 2 2 0 2 2 2 2 0 2 2 2 0 2 2 2 2 2 0 2 2 2 2 0 2 2 2 2 2 2 2 2 2 2 2 2 2 2 2 2 2 2 2 0 2 2 2 2 2 2 2 2 2 2 2 2 2 2 2 2 2 2
597 0 2 2 0 2 2 2 2 2 2 2 0 2 2 2 2 2 2 2 2 2 0 2 2 2 2 2 0 2 2 2 0 2 2 2 2 2 2 2 2 2 2 2 0 2 2 2 2 2 2 2 2 0 2 2 2 2 2 2 2 0 2 2 0 2 2 2 0 0 2 2 2 2 0 2 2 2 0 2 2 2 2 2 2 2 2 2 2 2 2 2 2 2 2 2 2 2 2 2 2 2 2 2 2 2 2 2 0 2 2 2 2 2 0 2 2 2 2 2 2 2 2 2 0 2 2 2 2 2 2 2 2 2 2 2 2 2 2 0 2 2 2 2 2 0 2 2 2 2 2 2 2 2 2 2 2 2 2 2 0 2 2 2 2 2 2 2 1 2 0 2 2 2 2 2 2 0 2 0 2 2 2 2 2 2 2 2 2 2 0 1 2 2 2 2 2 2 2 2 2 2 2 2 2 2 2 2 2 2 2 2 2 2 0 2 0 2 2 2 0 2 2 0 2 2 2 2 2 2 2 2 2 2 2 2 2 2 2 2 2 2 2 2 2 2
598 2 2 2 2 2 2 2 2 2 2 2 2 2 2 2 2 2 2 2 2 2 2 2 2 2 2 2 2 2 2 2 2 2 2 2 2 2 2 2 2 2 2 2 2 2 2 2 2 2 2 2 2 2 2 2 2 2 2 2 2 2 2 2 2 2 2 2 2 2 2 2 2 2 2 2 2 2 2 2 2 0 0 2 2 2 2 2 2 2 2 2 2 2 2 2 2 2 2 2 2 0 2 2 2 2 2 0 2 2 2 2 2 2 2 2 2 2 2 2 2 2 2 2 2 2 2 2 2 2 2 2 2 2 2 2 2 2 2 2 2 2 0 2 2 2 2 2 2 2 2 2 2 2 2 2 2 2 2 2 2 2 2 2 0 2 2 0 2 2 2 2 2 2 2 0 2 2 2 2 2 2 2 2 2 2 2 2 2 0 2 2 2 2 2 0 2 2 2 2 2 2 2 2 2 2 2 2 2 2 2 2 2 2 2 2 2 2 2 2 2 2 2 2 2 2 2 2 0 2 2 2 2 2 0 2 2 2 2 2 2 2 0 2 0 0
599 2 2 2 2 2 2 2 0 2 2 2 2 2 2 2 2 2 2 2 2 2 2 2 2 2 2 2 2 2 2 2 2 2 2 2 2 2 2 2 2 2 2 0 2 2 2 0 2 2 2 2 0 2 0 2 2 2 2 2 2 2 2 2 2 0 2 2 2 2 2 0 2 2 2 2 2 2 2 2 2 2 2 2 2 2 2 2 2 2 2 2 2 2 0 2 2 2 2 0 2 2 2 2 2 0 2 2 2 2 2 2 2 0 2 2 2 2 0 2 2 2 2 2 2 2 2 2 0 2 2 2 2 2 2 2 2 2 2 2 2 2 2 2 2 2 2 0 2 2 2 2 0 0 2 2 2 2 2 2 2 0 2 2 2 2 2 2 2 0 2 2 2 2 0 2 2 2 2 2 2 2 2 2 2 0 2 2 2 2 2 2 2 2 2 2 2 2 2 2 0 2 2 2 2 2 0 2 2 0 2 2 2 2 2 2 2 2 2 2 2 2 2 2 2 2 2 2 2 2 0 2 2 2 2 2 2 2 2 2 2 2 2 2 2 2
600 2 2 2 2 2 2 2 0 2 2 2 2 2 2 2 2 2 2 2 2 2 2 2 2 2 2 2 2 2 2 2 2 2 2 2 2 2 2 2 2 2 2 1 2 2 2 1 2 2 2 2 0 2 1 2 2 2 2 2 2 2 2 2 2 0 2 2 2 2 2 0 2 2 2 2 2 2 2 2 2 2 2 2 2 2 2 2 2 2 2 2 2 2 0 2 2 2 2 0 2 2 2 2 2 0 2 2 2 2 2 2 2 0 2 2 2 2 1 2 2 2 2 2 2 2 2 2 0 2 2 2 2 2 2 2 2 2 2 2 2 2 2 2 2 2 2 1 2 2 2 2 0 0 2 2 2 2 2 2 2 0 2 2 2 2 2 2 2 0 2 2 2 2 1 2 2 2 2 2 2 2 2 2 2 1 2 2 2 2 2 2 2 2 2 2 2 2 2 2 0 2 2 2 2 2 1 2 2 1 2 2 2 2 2 2 2 2 2 2 1 2 2 2 2 2 2 2 2 2 0 2 2 2 2 2 2 2 2 2 2 2 2 2 2 2
601 0 2 2 0 2 2 2 2 2 2 2 0 2 2 2 2 2 2 2 2 2 0 2 2 2 2 2 0 2 2 2 0 2 2 2 2 2 2 2 2 2 2 2 0 2 2 2 2 2 2 2 2 0 2 2 2 2 2 2 2 0 2 2 0 2 2 2 0 0 2 2 2 2 0 2 2 2 0 2 2 2 2 2 2 2 2 2 2 2 2 2 2 2 2 2 2 2 2 2 2 2 2 2 2 2 2 2 0 2 2 2 2 2 0 2 2 2 2 2 2 2 2 2 0 2 2 2 2 2 2 2 2 2 2 2 2 2 2 0 2 2 2 2 2 0 2 2 2 2 2 2 2 2 2 2 2 2 2 2 0 2 2 2 2 2 2 2 1 2 0 2 2 2 2 2 2 0 2 0 2 2 2 2 2 2 2 2 2 2 0 1 2 2 2 2 2 2 2 2 2 2 2 2 2 2 2 2 2 2 2 2 2 2 0 2 0 2 2 2 0 2 2 0 2 2 2 2 2 2 2 2 2 2 2 2 2 2 2 2 2 2 2 2 2 2
602 2 2 2 2 2 2 2 0 2 2 2 2 2 2 0 2 2 2 2 2 2 2 2 2 0 2 2 2 2 2 2 2 2 1 2 1 2 2 2 2 2 2 0 2 2 2 0 2 2 2 2 0 2 0 2 2 0 2 2 2 2 2 2 2 1 2 2 2 2 2 0 2 2 2 2 2 2 2 2 2 2 2 2 2 2 2 2 2 1 2 2 2 2 0 2 2 2 2 0 2 2 2 2 2 1 2 2 2 0 2 2 2 1 2 2 2 2 0 2 2 2 2 2 2 2 2 2 1 0 2 2 2 2 2 2 2 2 2 2 2 2 2 2 0 2 1 0 0 2 2 2 0 0 2 2 0 2 1 0 2 1 2 2 2 2 2 2 2 1 2 2 2 2 0 2 2 2 2 2 2 2 2 2 2 1 2 2 2 2 2 2 2 2 2 2 2 2 2 0 0 2 2 2 2 2 1 2 0 0 2 0 2 2 2 2 2 2 2 2 2 0 2 2 2 2 2 2 2 2 1 0 2 2 2 2 1 2 2 2 0 2 2 1 2 2
603 2 0 0 2 0 0 0 0 0 0 2 2 0 0 0 0 0 0 0 0 0 2 0 0 0 0 0 2 0 0 0 2 0 0 0 0 0 0 0 0 0 0 0 2 0 0 0 0 0 0 2 0 2 0 0 0 0 0 0 2 2 0 0 2 0 0 0 2 2 0 0 2 0 2 0 0 0 2 0 0 0 0 0 0 0 0 0 0 0 0 0 0 0 0 2 0 0 0 0 0 0 0 0 0 0 0 0 2 0 0 0 0 0 2 0 0 0 0 0 0 2 0 0 2 0 0 2 0 0 0 0 0 0 0 0 0 2 0 2 0 0 0 0 0 2 0 0 0 0 0 0 0 0 0 0 0 2 0 0 2 0 0 0 0 0 0 0 1 0 2 0 0 0 0 0 0 2 0 2 0 0 0 0 0 0 2 0 0 0 2 1 0 0 0 0 0 0 0 0 0 0 0 2 0 0 0 0 0 0 0 0 0 0 2 0 2 2 0 0 2 0 0 2 0 0 0 0 0 0 0 0 0 0 0 0 0 0 0 0 0 0 0 0 0 0
604 2 0 2 2 0 2 0 2 2 2 2 2 0 2 2 2 2 2 0 2 2 2 0 2 2 2 2 2 2 0 2 2 0 2 2 2 0 0 2 2 2 0 2 2 0 2 2 2 2 2 2 2 2 2 0 0 2 0 2 2 2 2 0 2 2 0 0 2 2 0 2 2 0 2 2 0 2 2 0 2 2 2 2 0 2 2 2 0 2 2 2 2 2 2 2 0 2 2 2 2 2 2 0 2 2 2 2 2 2 0 2 0 2 2 2 2 2 2 0 0 2 2 2 2 0 0 2 2 2 2 2 0 2 0 2 2 2 2 2 2 0 2 2 2 2 2 2 2 2 2 0 2 2 2 0 2 2 2 2 2 2 2 0 2 2 2 2 2 2 2 2 2 2 2 2 0 2 2 2 0 2 2 2 2 2 2 0 0 2 2 1 2 0 2 2 2 0 0 2 2 2 2 2 0 2 2 0 2 2 2 2 0 2 2 2 2 2 1 0 2 2 0 2 0 2 0 2 2 0 2 2 2 0 2 0 2 2 0 0 2 2 2 2 2 2
605 2 2 2 2 2 2 2 0 2 2 2 2 2 2 0 2 2 2 2 2 2 2 2 2 0 2 2 2 2 2 2 2 2 0 2 1 2 2 2 2 2 2 0 2 2 2 0 2 2 2 2 0 2 0 2 2 0 2 2 2 2 2 2 2 0 2 2 2 2 2 0 2 2 2 2 2 2 2 2 2 2 2 2 2 2 2 2 2 0 2 2 2 2 0 2 2 2 2 0 2 2 2 2 2 0 2 2 2 0 2 2 2 0 2 2 2 2 0 2 2 2 2 2 2 2 2 2 0 0 2 2 2 2 2 2 2 2 2 2 2 2 2 2 0 2 0 0 0 1 2 2 0 0 2 2 0 2 0 0 2 0 2 2 2 2 2 2 2 0 2 2 2 2 0 2 2 2 2 2 2 2 2 2 2 0 2 2 2 2 2 2 2 2 2 2 2 2 2 0 0 2 2 2 2 2 0 2 0 0 2 0 2 2 2 2 2 2 2 2 2 0 2 2 2 2 2 2 2 2 0 0 2 2 2 2 0 2 2 2 0 2 2 0 2 2
606 2 2 2 2 2 2 2 2 2 2 2 2 2 0 2 2 2 2 2 2 2 2 2 0 2 2 2 2 2 2 2 2 2 2 2 2 2 2 2 2 2 2 2 2 2 2 2 2 2 2 2 2 2 2 2 2 2 2 2 2 2 2 2 2 2 2 2 2 2 2 2 2 2 2 2 2 2 2 2 2 0 0 2 2 2 2 2 2 2 2 2 2 2 2 2 2 2 2 2 2 0 2 2 2 2 2 0 2 2 2 2 2 2 2 2 2 2 2 2 2 2 2 2 2 2 2 2 2 2 2 2 2 2 2 2 2 2 2 2 2 2 0 2 2 2 2 2 2 2 2 2 2 2 2 2 2 2 2 2 2 2 2 2 0 2 2 0 2 2 2 2 2 2 2 0 2 2 2 2 2 2 2 2 2 2 2 2 2 0 2 2 2 2 2 0 2 2 2 2 2 2 2 2 2 2 2 2 2 2 2 2 2 2 2 2 2 2 2 2 2 2 2 2 2 2 2 2 0 2 2 2 2 2 0 2 2 2 2 2 2 2 0 2 0 0
607 2 0 2 2 0 2 0 2 2 2 2 2 0 2 2 2 2 2 0 2 2 2 0 2 2 2 2 2 2 0 2 2 0 2 2 2 0 0 2 2 2 0 2 2 0 2 2 2 2 2 2 2 2 2 0 0 2 0 2 2 2 2 0 2 2 0 0 2 2 0 2 2 0 2 2 0 2 2 0 2 2 2 0 0 2 2 2 0 2 2 2 2 0 2 2 0 0 2 2 2 2 2 0 2 2 2 2 2 2 0 2 0 2 2 2 2 2 2 0 0 2 2 2 2 0 0 1 2 2 2 2 0 2 0 2 2 2 2 2 2 0 2 2 2 2 2 2 2 1 2 0 2 2 2 0 2 2 2 2 2 2 2 0 2 2 2 2 2 2 2 2 2 2 2 2 0 2 2 2 0 2 2 2 2 2 2 0 0 2 2 1 2 0 2 2 2 0 0 2 2 2 2 2 0 2 2 0 2 2 2 2 0 1 2 0 2 2 0 0 2 2 0 2 0 2 0 2 2 0 2 2 2 0 2 0 2 2 0 0 2 2 2 2 2 2
608 2 0 2 2 0 0 0 2 2 0 2 2 0 2 2 2 0 2 0 2 2 2 0 2 2 2 0 2 2 0 2 2 0 2 0 1 0 0 2 2 2 0 2 2 0 2 2 0 2 2 2 2 2 2 0 0 2 0 2 2 2 2 0 2 2 0 0 2 2 0 2 2 0 2 0 0 2 2 0 0 0 0 0 0 2 0 2 0 2 0 0 2 0 2 0 0 0 0 2 2 0 0 0 2 2 0 0 1 2 0 0 0 2 2 2 2 0 2 0 0 0 2 0 2 1 0 2 2 2 2 2 0 0 0 0 0 0 0 2 0 0 0 0 2 2 2 2 2 1 0 0 2 2 0 0 2 0 2 2 2 2 0 0 0 0 0 0 1 2 2 0 0 0 2 0 0 2 0 2 0 0 0 0 0 2 2 0 0 0 2 1 0 0 0 0 0 0 0 2 2 0 0 0 0 0 2 0 2 2 0 2 0 2 2 0 2 0 0 0 2 2 0 2 0 0 0 0 0 0 2 2 2 1 0 0 2 0 0 0 2 0 0 2 0 0
609 2 0 2 2 0 2 0 2 2 0 2 2 0 2 2 2 2 2 0 2 2 2 0 2 2 2 2 2 2 0 2 2 0 2 2 2 0 0 2 2 2 0 2 2 0 2 2 0 2 2 2 2 2 2 0 0 2 0 2 2 2 2 0 2 2 0 0 2 2 0 2 2 0 2 2 0 2 2 0 2 2 2 0 0 2 2 2 0 2 2 2 2 0 2 2 0 0 2 2 2 2 2 0 2 2 2 2 2 2 0 0 0 2 2 2 2 2 2 0 0 2 2 2 2 0 0 2 2 2 2 2 0 2 0 2 2 2 2 2 2 0 2 2 2 2 2 2 2 1 2 0 2 2 2 0 2 2 2 2 2 2 2 0 2 2 2 2 1 2 2 2 2 2 2 2 0 2 2 2 0 2 2 2 2 2 2 0 0 2 2 1 2 0 2 2 2 0 0 2 2 2 2 2 0 2 2 0 2 2 2 2 0 2 2 0 2 2 1 0 2 2 0 2 0 2 0 2 2 0 2 2 2 0 2 0 2 2 0 0 2 2 2 2 2 2
610 2 2 2 2 2 2 2 2 2 2 2 2 2 2 0 2 2 2 2 2 2 2 2 2 0 2 2 2 2 2 2 2 2 0 2 1 2 2 2 2 2 2 2 2 2 2 2 2 2 2 2 2 2 2 2 2 0 2 2 2 2 2 2 2 2 2 2 2 2 2 2 2 2 2 2 2 2 2 2 2 2 2 2 2 2 2 2 2 0 2 2 2 2 2 2 2 2 2 2 2 2 2 2 2 2 2 2 2 0 2 2 2 2 2 2 2 2 2 2 2 2 2 2 2 2 2 2 2 0 2 2 2 2 2 2 2 2 2 2 2 2 2 2 0 2 2 2 0 1 2 2 2 2 2 2 0 2 0 0 2 2 2 2 2 2 2 2 2 2 2 2 2 2 2 2 2 2 2 2 2 2 2 2 2 2 2 2 2 2 2 2 2 2 2 2 2 2 2 0 2 2 2 2 2 2 2 2 0 2 2 0 2 2 2 2 2 2 2 2 2 0 2 2 2 2 2 2 2 2 2 0 2 2 2 2 0 2 2 2 0 2 2 0 2 2
611 2 2 2 2 2 2 2 0 2 2 2 2 2 2 0 2 2 2 2 2 2 2 2 2 0 2 2 2 2 2 2 2 2 0 2 0 2 2 2 2 2 2 0 2 2 2 0 2 2 2 2 0 2 0 2 2 0 2 2 2 2 2 2 2 0 2 2 2 2 2 0 2 2 2 2 2 2 2 2 2 2 2 2 2 2 2 2 2 0 2 2 2 2 0 0 2 2 2 0 2 2 2 2 2 0 2 2 2 0 2 2 2 0 2 2 2 2 0 2 2 2 2 2 2 2 2 2 0 0 2 2 2 2 2 2 2 2 2 2 2 2 2 2 0 2 2 0 0 1 2 2 0 0 2 2 0 2 0 0 2 0 2 2 2 2 2 2 2 0 2 2 2 2 0 2 2 2 2 2 2 2 2 2 2 0 2 2 2 2 2 2 2 2 2 2 2 2 2 0 0 2 2 2 2 2 0 2 0 0 2 0 2 2 2 2 2 2 2 2 2 0 2 2 2 2 2 2 2 2 0 0 2 2 2 2 2 2 2 2 0 2 2 0 2 2
612 2 2 2 2 2 2 2 2 2 2 2 2 2 2 2 2 0 2 2 2 2 2 2 2 2 2 0 2 2 2 2 2 2 2 2 1 2 2 2 2 2 2 2 2 2 2 2 2 2 2 2 2 2 2 2 2 2 2 2 2 2 2 2 2 2 2 2 2 2 2 2 2 2 2 0 2 2 2 2 2 2 2 2 2 2 0 2 2 2 2 0 2 2 2 2 2 2 2 2 2 2 0 2 2 2 2 2 2 2 2 2 2 2 2 2 2 2 2 2 2 2 2 2 2 2 2 2 2 2 2 2 2 0 2 2 0 2 2 2 0 2 2 0 2 2 2 2 2 2 2 2 2 2 0 2 2 2 2 2 2 2 2 2 2 0 0 2 2 2 2 2 2 0 2 2 2 2 0 2 2 0 2 0 0 2 2 2 2 2 2 2 0 2 2 2 0 2 2 2 2 2 0 2 2 2 2 2 2 2 2 2 2 2 2 2 2 2 2 2 2 2 2 2 2 2 2 0 2 2 2 2 2 2 2 2 2 2 2 2 2 2 2 2 2 2
613 0 2 2 0 2 2 2 2 2 2 2 0 2 2 2 2 2 2 2 2 2 0 2 2 2 2 2 0 2 2 2 0 2 2 2 2 2 2 2 2 2 2 2 0 2 2 2 2 2 2 2 2 0 2 2 2 2 2 2 2 0 2 2 0 2 2 2 0 2 2 2 2 2 0 2 2 2 0 2 2 2 2 2 2 2 2 2 2 2 2 2 2 2 2 2 2 2 2 2 2 2 2 2 2 2 2 2 0 2 2 2 2 2 0 2 2 2 2 2 2 2 2 2 0 2 2 2 2 2 2 2 2 2 2 2 2 2 2 0 2 2 2 2 2 0 2 2 2 2 2 2 2 2 2 2 2 2 2 2 0 2 2 2 2 2 2 2 1 2 0 2 2 2 2 2 2 0 2 0 2 2 2 2 2 2 2 2 2 2 0 1 2 2 2 2 2 2 2 2 2 2 2 2 2 2 2 2 2 2 2 2 2 2 0 2 0 2 2 2 0 2 2 0 2 2 2 2 2 2 2 2 2 2 2 2 2 2 2 2 2 2 2 2 2 2
614 0 0 0 0 0 0 0 2 0 0 0 0 0 0 2 0 0 0 0 0 0 0 0 0 2 0 0 0 0 0 0 0 0 2 0 1 0 0 0 0 0 0 2 0 0 0 2 0 0 0 0 2 0 2 0 0 2 0 0 0 0 0 0 0 2 0 0 0 0 0 2 0 0 0 0 0 0 0 0 2 0 0 0 0 0 0 0 0 2 0 0 0 0 2 2 0 0 0 2 0 0 0 0 0 2 2 0 0 2 0 0 0 2 0 0 0 0 2 0 0 0 0 0 0 0 0 0 2 2 0 0 0 0 0 0 0 0 0 0 0 0 0 0 2 0 2 2 2 1 2 0 2 2 0 0 2 0 2 2 0 2 0 0 0 0 0 0 0 2 0 0 0 0 2 0 0 0 0 0 0 0 0 0 0 2 0 0 0 0 0 0 0 0 0 0 0 0 0 2 2 2 0 0 0 0 2 0 2 2 0 2 0 0 0 0 0 0 0 0 0 2 0 0 0 0 0 0 0 0 2 2 0 0 0 0 0 2 0 0 2 0 0 2 0 0
615 2 2 0 2 2 2 2 2 0 2 2 2 2 2 2 2 2 0 2 0 2 2 2 2 2 2 2 2 0 2 2 2 2 2 2 2 2 2 2 2 2 2 2 2 2 0 2 2 0 2 2 2 2 2 2 2 2 2 0 2 2 2 2 2 2 2 2 2 2 2 2 2 2 2 2 2 0 2 2 2 2 2 2 2 2 2 0 2 2 2 2 2 2 2 2 2 2 2 2 0 2 2 2 2 2 2 2 2 2 2 2 2 2 2 2 0 2 2 2 2 2 0 2 2 2 2 2 2 2 2 2 2 2 2 2 2 2 2 2 2 2 2 2 2 2 2 2 2 2 2 2 2 2 2 2 2 2 2 2 2 2 2 2 2 2 2 2 2 2 2 2 2 2 2 2 2 2 2 2 2 2 2 2 2 2 2 2 2 2 2 2 2 2 2 2 2 2 2 2 2 2 2 2 2 2 2 2 2 2 2 2 2 0 2 2 2 2 2 2 2 2 2 2 2 2 2 2 2 2 2 2 2 2 2 2 2 2 2 2 2 2 2 2 2 2
616 2 2 2 2 2 2 2 0 2 2 2 2 2 2 0 2 2 2 2 2 2 2 2 2 0 2 2 2 2 2 2 2 2 0 2 1 2 2 2 2 2 2 0 2 2 2 0 2 2 2 2 0 2 0 2 2 0 2 2 2 2 2 2 2 0 2 2 2 2 2 0 2 2 2 2 2 2 2 2 2 2 2 2 2 2 2 2 2 0 2 2 2 2 0 0 2 2 2 0 2 2 2 2 2 0 2 2 2 0 2 2 2 0 2 2 2 2 0 2 2 2 2 2 2 2 2 2 0 0 2 2 2 2 2 2 2 2 2 2 2 2 2 2 0 2 0 0 0 1 2 2 0 0 2 2 0 2 0 0 2 0 2 2 2 2 2 2 2 0 2 2 2 2 0 2 2 2 2 2 2 2 2 2 2 0 2 2 2 2 2 2 2 2 2 2 2 2 2 0 0 2 2 2 2 2 0 2 0 0 2 0 2 2 2 2 2 2 2 2 2 0 2 2 2 2 2 2 2 2 0 0 2 2 2 2 2 2 2 2 0 2 2 0 2 2
617 2 2 0 2 2 2 2 2 0 2 2 2 2 2 2 2 2 0 2 0 2 2 2 2 2 2 2 2 0 2 2 2 2 2 2 2 2 2 2 2 2 2 2 2 2 0 2 2 0 2 2 2 2 2 2 2 2 2 0 2 2 2 2 2 2 2 2 2 2 2 2 2 2 2 2 2 0 2 2 2 2 2 2 2 2 2 0 2 2 2 2 2 2 2 2 2 2 2 2 0 2 2 2 2 2 2 2 2 2 2 2 2 2 2 2 0 2 2 2 2 2 0 2 2 2 2 2 2 2 2 2 2 2 2 2 2 2 2 2 2 2 2 2 2 2 2 2 2 2 2 2 2 2 2 2 2 2 2 2 2 2 2 2 2 2 2 2 2 2 2 2 2 2 2 2 2 2 2 2 2 2 2 2 2 2 2 2 2 2 2 2 2 2 2 2 2 2 2 2 2 2 2 2 2 2 2 2 2 2 2 2 2 0 2 2 2 2 2 2 2 2 2 2 2 2 2 2 2 2 2 2 2 2 2 2 2 2 2 2 2 2 2 2 2 2
618 2 2 2 2 2 2 2 2 2 2 2 2 2 2 2 2 0 2 2 2 2 2 2 2 2 2 0 2 2 2 2 2 2 2 2 1 2 2 2 2 2 2 2 2 2 2 2 2 2 2 2 2 2 2 2 2 2 2 2 2 2 2 2 2 2 2 2 2 2 2 2 2 2 2 0 2 2 2 2 2 0 0 2 2 2 0 2 2 2 2 0 2 2 2 2 2 2 2 2 2 0 0 2 2 2 2 0 2 2 2 2 2 2 2 2 2 2 2 2 2 2 2 2 2 2 2 2 2 2 2 2 2 0 2 2 0 2 2 2 0 2 0 0 2 2 2 2 2 2 2 2 2 2 0 2 2 2 2 2 2 2 2 2 0 0 0 0 2 2 2 2 2 0 2 0 2 2 0 2 2 0 2 0 0 2 2 2 2 0 2 2 0 2 2 0 0 2 2 2 2 2 0 2 2 2 2 2 2 2 2 2 2 2 2 2 2 2 2 2 2 2 2 2 2 2 2 0 0 2 2 2 2 2 0 2 2 2 2 2 2 2 0 2 0 0
619 0 2 2 0 2 2 2 2 2 2 0 0 2 2 2 2 2 2 2 2 2 0 2 2 2 2 2 0 2 2 2 0 2 2 2 2 2 2 0 2 2 2 2 0 2 2 2 2 2 2 0 2 0 1 2 2 2 2 2 0 1 2 2 0 2 2 2 0 0 2 2 0 2 0 2 2 2 0 2 2 2 2 2 2 2 2 2 2 2 2 2 0 2 2 2 2 2 2 2 2 2 2 2 2 2 2 2 0 2 2 2 2 2 0 2 2 2 2 2 2 2 2 2 0 2 2 0 2 2 2 0 2 2 2 2 2 2 2 0 2 2 2 2 2 0 2 2 2 2 2 2 2 2 2 2 2 2 2 2 0 2 2 2 2 2 2 2 1 2 0 2 2 2 2 2 2 0 2 0 2 2 2 2 2 2 2 2 2 2 0 2 2 2 2 2 2 2 2 2 2 2 2 2 2 2 2 2 2 2 2 2 2 2 0 2 0 2 2 2 0 2 2 0 2 2 2 2 2 2 2 2 2 2 2 2 2 2 2 2 2 2 2 2 2 2
620 2 0 2 2 0 0 0 2 2 0 2 2 0 2 2 0 0 2 0 2 0 2 0 2 2 0 0 2 2 0 0 2 0 2 0 2 0 0 2 0 0 0 2 2 0 2 2 0 2 0 2 2 2 2 0 0 2 0 2 2 2 2 0 2 2 0 0 2 2 2 2 2 0 2 0 0 2 2 0 2 0 0 0 0 0 0 2 0 2 0 0 2 0 2 2 0 0 0 2 2 0 0 0 0 2 2 0 2 2 0 0 0 2 2 0 2 0 2 0 0 0 2 0 2 0 0 2 2 2 0 0 0 0 0 0 0 0 0 2 0 0 0 0 2 2 2 2 2 1 2 0 2 2 0 0 2 0 2 2 2 2 0 0 0 0 0 0 2 2 2 0 0 0 2 0 0 2 0 2 0 0 0 0 0 2 0 0 0 0 2 1 0 0 0 0 0 0 0 2 2 2 0 0 0 0 2 0 2 2 0 2 0 2 2 0 2 0 0 0 2 2 0 2 0 0 0 0 0 0 2 2 0 0 0 0 2 2 0 0 2 0 0 2 0 0
621 2 2 0 2 2 2 2 2 0 2 2 2 2 2 2 2 2 0 2 0 2 2 2 2 2 2 2 2 0 2 2 2 2 2 2 2 2 2 2 2 2 2 2 2 2 0 2 2 0 2 2 2 2 2 2 2 2 2 0 2 2 2 2 2 2 2 2 2 2 2 2 2 2 2 2 2 0 2 2 2 2 2 2 2 2 2 0 2 2 2 2 2 2 2 2 2 2 2 2 0 2 2 2 2 2 2 2 2 2 2 2 2 2 2 2 0 2 2 2 2 2 0 2 2 2 2 2 2 2 2 2 2 2 2 2 2 2 2 2 2 2 2 2 2 2 2 2 2 2 2 2 2 2 2 2 2 2 2 2 2 2 2 2 2 2 2 2 2 2 2 2 2 2 2 2 2 2 2 2 2 2 2 2 2 2 2 2 2 2 2 2 2 2 2 2 2 2 2 2 2 2 2 2 2 2 2 2 2 2 2 2 2 0 2 2 2 2 2 2 2 2 2 2 2 2 2 2 2 2 2 2 2 2 2 2 2 2 2 2 2 2 2 2 2 2
622 2 2 2 2 2 2 2 2 2 2 2 2 2 2 2 2 2 2 2 2 2 2 2 2 2 2 2 2 2 2 2 2 2 2 2 2 2 2 2 2 2 2 2 2 2 2 2 2 2 2 2 2 2 2 2 2 2 2 2 2 2 2 2 2 2 2 2 2 2 2 2 2 2 2 2 2 2 2 2 2 0 0 2 2 2 2 2 2 2 2 2 2 2 2 2 2 2 2 2 2 0 2 2 2 2 2 0 2 2 2 2 2 2 2 2 2 2 2 2 2 2 2 2 2 2 2 2 2 2 2 2 2 2 2 2 2 2 2 2 2 2 0 2 2 2 2 2 2 2 2 2 2 2 2 2 2 2 2 2 2 2 2 2 0 2 2 0 2 2 2 2 2 2 2 0 2 2 2 2 2 2 2 2 2 2 2 2 2 0 2 2 2 2 2 0 2 2 2 2 2 2 2 2 2 2 2 2 2 2 2 2 2 2 2 2 2 2 2 2 2 2 2 2 2 2 2 2 0 2 2 2 2 2 0 2 2 2 2 2 2 2 0 2 0 0
623 0 0 0 0 0 0 0 2 0 0 0 0 0 0 2 0 0 0 0 0 0 0 0 0 2 0 0 0 0 0 0 0 0 2 0 1 0 0 0 0 0 0 2 0 0 0 2 0 0 0 0 2 0 2 0 0 2 0 0 0 0 0 0 0 2 0 0 0 0 0 2 0 0 0 0 0 0 0 0 2 0 0 0 0 0 0 0 0 2 0 0 0 0 2 2 0 0 0 2 0 0 0 0 0 2 2 0 0 2 0 0 0 2 0 0 0 0 2 0 0 0 0 0 0 0 0 0 2 2 0 0 0 0 0 0 0 0 0 0 0 0 0 0 2 0 2 2 2 1 2 0 2 2 0 0 2 0 2 2 0 2 0 0 0 0 0 0 0 2 0 0 0 0 2 0 0 0 0 0 0 0 0 0 0 2 0 0 0 0 0 0 0 0 0 0 0 0 0 2 2 2 0 0 0 0 2 0 2 2 0 2 0 0 0 0 0 0 0 0 0 2 0 0 0 0 0 0 0 0 2 2 0 0 0 0 0 2 0 0 2 0 0 2 0 0
624 0 0 0 0 0 0 0 2 0 0 0 0 0 0 2 0 0 0 0 0 0 0 0 0 2 0 0 0 0 0 0 0 0 2 0 1 0 0 0 0 0 0 2 0 0 0 2 0 0 0 0 2 0 2 0 0 2 0 0 0 0 0 0 0 2 0 0 0 0 0 2 0 0 0 0 0 0 0 0 2 0 0 0 0 0 0 0 0 2 0 0 0 0 2 2 0 0 0 2 0 0 0 0 0 2 2 0 0 2 0 0 0 2 0 0 0 0 2 0 0 0 0 0 0 0 0 0 2 2 0 0 0 0 0 0 0 0 0 0 0 0 0 0 2 0 2 2 2 1 2 0 2 2 0 0 2 0 2 2 0 2 0 0 0 0 0 0 0 2 0 0 0 0 2 0 0 0 0 0 0 0 0 0 0 2 0 0 0 0 0 0 0 0 0 0 0 0 0 2 2 2 0 0 0 0 2 0 2 2 0 2 0 0 0 0 0 0 0 0 0 2 0 0 0 0 0 0 0 0 2 2 0 0 0 0 0 2 0 0 2 0 0 2 0 0
625 2 0 2 2 0 2 0 2 2 0 2 2 0 2 2 2 2 2 0 2 2 2 0 2 2 2 2 2 2 0 2 2 0 2 2 2 0 0 2 2 2 0 2 2 0 2 2 0 2 2 2 2 2 2 0 0 2 0 2 2 2 2 0 2 2 0 0 2 2 0 2 2 0 2 2 0 2 2 0 2 2 2 0 0 2 2 2 0 2 2 2 2 0 2 2 0 0 2 2 2 2 2 0 2 2 2 2 2 2 0 0 0 2 2 2 2 2 2 0 0 0 2 2 2 0 0 2 2 2 2 2 0 2 0 2 2 2 2 2 2 0 2 2 2 2 2 2 2 1 2 0 2 2 2 0 2 2 2 2 2 2 2 0 2 2 2 2 1 2 2 2 2 2 2 2 0 2 2 2 0 2 2 2 2 2 2 0 0 2 2 1 2 0 2 2 2 0 0 2 2 2 2 2 0 2 2 0 2 2 2 2 0 2 2 0 2 2 0 0 2 2 0 2 0 2 0 2 2 0 2 2 2 0 2 0 2 2 0 0 2 2 2 2 2 2
626 0 2 2 0 2 2 2 2 2 2 2 0 2 2 2 2 2 2 2 2 2 0 2 2 2 2 2 0 2 2 2 0 2 2 2 2 2 2 2 2 2 2 2 0 2 2 2 2 2 2 2 2 0 2 2 2 2 2 2 2 0 2 2 0 2 2 2 0 0 2 2 2 2 0 2 2 2 0 2 2 2 2 2 2 2 2 2 2 2 2 2 2 2 2 2 2 2 2 2 2 2 2 2 2 2 2 2 0 2 2 2 2 2 0 2 2 2 2 2 2 2 2 2 0 2 2 2 2 2 2 2 2 2 2 2 2 2 2 0 2 2 2 2 2 0 2 2 2 2 2 2 2 2 2 2 2 2 2 2 0 2 1 2 2 2 2 2 1 2 0 2 2 2 2 2 2 0 2 0 2 2 2 2 2 2 2 2 2 2 0 1 2 2 2 2 2 2 2 2 2 2 2 2 2 2 2 2 2 2 2 2 2 2 0 2 0 2 2 2 0 2 2 0 2 2 2 2 2 2 2 2 2 2 2 2 2 2 2 2 2 2 2 2 2 2
627 2 2 2 2 2 2 2 2 2 2 2 2 2 2 2 2 2 2 2 2 2 2 2 2 2 2 2 2 2 2 2 2 2 2 2 2 2 2 2 2 2 2 2 2 2 2 2 2 2 2 2 2 2 2 2 2 2 2 2 2 2 2 2 2 2 2 2 2 2 2 2 2 2 2 2 2 2 2 2 2 0 0 2 2 2 2 2 2 2 2 2 2 2 2 2 2 2 2 2 2 0 2 2 2 2 2 0 2 2 2 2 2 2 2 2 2 2 2 2 2 2 2 2 2 2 2 2 2 2 2 2 2 2 2 2 2 2 2 2 2 2 0 2 2 2 2 2 2 2 2 2 2 2 2 2 2 2 2 2 2 2 2 2 0 2 2 0 2 2 2 2 2 2 2 0 2 2 2 2 2 2 2 2 2 2 2 2 2 0 2 2 2 2 2 0 2 2 2 2 2 2 2 2 2 2 2 2 2 2 2 2 2 2 2 2 2 2 2 2 2 2 2 2 2 2 2 2 0 2 2 2 2 2 0 2 2 2 2 2 2 2 0 2 0 0
628 2 2 2 2 2 2 2 0 2 2 2 2 2 2 0 2 2 2 2 2 2 2 2 2 0 2 2 2 2 2 2 2 2 0 2 1 2 2 2 2 2 2 0 2 2 2 0 2 2 2 2 0 2 0 2 2 0 2 2 2 2 2 2 2 0 2 2 2 2 2 0 2 2 2 2 2 2 2 2 2 2 2 2 2 2 2 2 2 0 2 2 2 2 0 0 2 2 2 0 2 2 2 2 2 0 2 2 2 0 2 2 2 0 2 2 2 2 0 2 2 2 2 2 2 2 2 2 0 0 2 2 2 2 2 2 2 2 2 2 2 2 2 2 0 2 0 0 0 1 2 2 0 0 2 2 0 2 0 0 2 0 2 2 2 2 2 2 2 0 2 2 2 2 0 2 2 2 2 2 2 2 2 2 2 0 2 2 2 2 2 2 2 2 2 2 2 2 2 0 0 2 2 2 2 2 0 2 0 0 2 0 2 2 2 2 2 2 2 2 2 0 2 2 2 2 2 2 2 2 0 0 2 2 2 2 2 2 2 2 0 2 2 0 2 2
629 2 0 2 2 0 0 0 2 2 0 2 2 0 2 2 0 0 2 0 2 0 2 0 2 2 0 0 2 2 0 0 2 0 2 0 1 0 0 2 0 0 0 2 2 0 2 2 0 2 0 2 2 2 2 0 0 2 0 2 2 2 2 0 2 2 0 0 2 2 0 2 2 0 2 0 0 2 2 0 2 0 0 0 0 0 0 2 0 2 1 1 2 0 2 2 0 0 0 2 2 0 0 0 0 2 2 0 2 2 0 0 0 2 2 0 2 0 2 0 0 0 2 0 2 0 0 2 2 2 0 0 0 0 0 0 0 0 0 2 0 0 0 0 2 2 2 2 2 1 2 0 2 2 0 0 2 0 2 2 2 2 0 0 0 0 0 0 2 2 2 0 0 0 2 0 0 2 1 2 0 0 0 0 0 2 0 0 0 0 2 1 0 0 0 0 0 0 0 2 2 2 0 0 0 0 2 0 2 2 0 2 0 2 2 0 2 0 0 0 2 2 0 2 0 0 0 0 0 0 2 2 1 0 0 0 2 2 0 0 2 0 0 2 0 0
630 0 2 2 0 2 2 2 2 2 2 2 0 2 2 2 2 2 2 2 2 2 0 2 2 2 2 2 0 2 2 2 0 2 2 2 2 2 2 2 2 2 2 2 0 2 2 2 2 2 2 2 2 0 2 2 2 2 2 2 2 0 2 2 0 2 2 2 0 0 2 2 2 2 0 2 2 2 0 2 2 2 2 2 2 2 2 2 2 2 2 2 2 2 2 2 2 2 2 2 2 2 2 2 2 2 2 2 0 2 2 2 2 2 0 2 2 2 2 2 2 2 2 2 0 2 2 2 2 2 2 2 2 2 2 2 2 2 2 0 2 2 2 2 2 0 2 2 2 2 2 2 2 2 2 2 2 2 2 2 0 2 2 2 2 2 2 2 1 2 0 2 2 2 2 2 2 0 2 0 2 2 2 2 2 2 2 2 2 2 0 1 2 2 2 2 2 2 2 2 2 2 2 2 2 2 2 2 2 2 2 2 2 2 0 2 0 2 2 2 0 2 2 0 2 2 2 2 2 2 2 2 2 2 2 2 2 2 2 2 2 2 2 2 2 2
631 2 2 2 2 2 2 2 0 2 2 2 2 2 2 0 2 2 2 2 2 2 2 2 2 0 2 2 2 2 2 2 2 2 0 2 1 2 2 2 2 2 2 0 2 2 2 0 2 2 2 2 0 2 0 2 2 0 2 2 2 2 2 2 2 0 2 2 2 2 2 0 2 2 2 2 2 2 2 2 2 2 2 2 2 2 2 2 2 0 2 2 2 2 0 0 2 2 2 0 2 2 2 2 2 0 2 2 2 0 2 2 2 0 2 2 2 2 0 2 2 2 2 2 2 2 2 2 0 0 2 2 2 2 2 2 2 2 2 2 2 2 2 2 0 2 0 0 0 1 2 2 0 0 2 2 0 2 0 0 2 0 2 2 2 2 2 2 2 0 2 2 2 2 0 2 2 2 2 2 2 2 2 2 2 0 2 2 2 2 2 2 2 2 2 2 2 2 2 0 0 2 2 2 2 2 0 2 0 0 2 0 2 2 2 2 2 2 2 2 2 0 2 2 2 2 2 2 2 2 0 0 2 2 2 2 2 2 2 2 0 2 2 0 2 2
632 2 0 2 2 0 2 0 2 2 2 2 2 0 2 2 0 2 2 0 2 2 2 0 2 2 2 2 2 2 0 2 2 0 2 2 2 0 0 2 2 2 0 2 2 0 2 2 2 2 2 2 2 2 2 0 0 2 0 2 2 2 2 0 2 2 0 0 2 2 0 2 2 0 2 2 0 2 2 0 2 2 2 0 0 2 2 2 0 2 2 2 2 0 2 2 0 0 2 2 2 2 2 0 2 2 2 2 2 2 0 0 0 2 2 2 2 2 2 0 0 0 2 2 2 0 0 2 2 2 0 2 0 2 0 2 2 2 2 2 2 0 2 2 2 2 2 2 2 1 2 0 2 2 2 0 2 2 2 2 2 2 2 0 2 2 2 2 2 2 2 2 2 2 2 2 0 2 2 2 0 2 2 2 2 2 2 0 0 2 2 1 2 0 2 2 2 0 0 2 2 2 2 2 0 2 2 0 2 2 2 2 0 2 2 0 2 2 0 0 2 2 0 2 0 2 0 2 2 0 2 2 0 0 2 0 2 2 0 0 2 2 2 2 2 2
633 0 2 2 0 2 2 2 2 2 2 0 0 2 2 2 2 2 2 2 2 2 0 2 2 2 2 2 0 2 2 2 0 2 2 2 2 2 2 0 2 2 2 2 0 2 2 2 2 2 2 0 2 0 2 2 2 2 2 2 0 0 2 2 0 2 2 2 0 0 2 2 0 2 0 2 2 2 0 2 2 2 2 2 2 2 2 2 2 2 2 2 0 2 2 2 2 2 2 2 2 2 2 2 2 2 2 2 0 2 2 2 2 2 0 2 2 2 2 2 2 2 2 2 0 2 2 0 2 2 2 2 2 2 2 2 2 2 2 0 2 2 2 2 2 0 2 2 2 2 2 2 2 2 2 2 2 2 2 2 0 2 2 2 2 2 2 2 1 2 0 2 2 2 2 2 2 0 2 0 2 2 2 2 2 2 2 2 2 2 0 1 2 2 2 2 2 2 2 2 2 2 2 2 2 2 2 2 2 2 2 2 2 2 0 2 0 2 2 2 0 2 2 0 2 2 2 2 2 2 2 2 2 2 2 2 2 2 2 2 2 2 2 2 2 2
634 2 2 2 2 2 2 2 0 2 2 2 2 2 2 0 2 2 2 2 2 2 2 2 2 0 2 2 2 2 2 2 2 2 0 2 0 2 2 2 2 2 2 2 2 2 2 2 2 2 2 2 2 2 2 2 2 0 2 2 2 2 2 2 2 2 2 2 2 2 2 2 2 2 2 2 2 2 2 2 2 2 2 2 2 2 2 2 2 0 2 2 2 2 2 0 2 2 2 0 2 2 2 2 2 2 2 2 2 0 2 2 2 2 2 2 2 2 2 2 2 2 2 2 2 2 2 2 2 0 2 2 2 2 2 2 2 2 2 2 2 2 2 2 0 2 2 2 0 1 2 2 2 2 2 2 0 2 0 0 2 2 2 2 2 2 2 2 2 2 2 2 2 2 0 2 2 2 2 2 2 2 2 2 2 2 2 2 2 2 2 2 2 2 2 2 2 2 2 0 2 2 2 2 2 2 2 2 0 2 2 0 2 2 2 2 2 2 2 2 2 0 2 2 2 2 2 2 2 2 2 0 2 2 2 2 2 2 2 2 0 2 2 0 2 2
635 2 2 2 2 2 2 2 0 2 2 2 2 2 2 0 2 2 2 2 2 2 2 2 2 0 2 2 2 2 2 2 2 2 0 2 1 2 2 2 2 2 2 0 2 2 2 0 2 2 2 2 0 2 0 2 2 0 2 2 2 2 2 2 2 0 2 2 2 2 2 0 2 2 2 2 2 2 2 2 2 2 2 2 2 2 2 2 2 0 2 2 2 2 0 0 2 2 2 0 2 2 2 2 2 0 2 2 2 0 2 2 2 0 2 2 2 2 0 2 2 2 2 2 2 2 2 2 0 0 2 2 2 2 2 2 2 2 2 2 2 2 2 2 0 2 0 0 0 1 2 2 0 0 2 2 0 2 0 0 2 0 2 2 2 2 2 2 2 0 2 2 2 2 0 2 2 2 2 2 2 2 2 2 2 0 2 2 2 2 2 2 2 2 2 2 2 2 2 0 0 2 2 2 2 2 0 2 0 0 2 0 2 2 2 2 2 2 2 2 2 0 2 2 2 2 2 2 2 2 0 0 2 2 2 2 2 2 2 2 0 2 2 0 2 2
636 2 2 2 2 2 2 2 0 2 2 2 2 2 2 0 2 2 2 2 2 2 2 2 2 0 2 2 2 2 2 2 2 2 0 2 1 2 2 2 2 2 2 0 2 2 2 0 2 2 2 2 0 2 0 2 2 0 2 2 2 2 2 2 2 0 2 2 2 2 2 0 2 2 2 2 2 2 2 2 2 2 2 2 2 2 2 2 2 0 2 2 2 2 1 0 2 2 2 0 2 2 2 2 2 0 2 2 2 0 2 2 2 0 2 2 2 2 0 2 2 2 2 2 2 2 2 2 0 0 2 2 2 2 2 2 2 2 2 2 2 2 2 2 0 2 2 0 0 1 2 2 0 0 2 2 0 2 0 0 2 0 2 2 2 2 2 2 2 0 2 2 2 2 0 2 2 2 2 2 2 2 2 2 2 0 2 2 2 2 2 2 2 2 2 2 2 2 2 0 0 2 2 2 2 2 0 2 0 0 2 0 2 2 2 2 2 2 2 2 2 0 2 2 2 2 2 2 2 2 0 0 2 2 2 2 2 2 2 2 0 2 2 0 2 2
637 2 2 0 2 2 2 2 2 0 2 2 2 2 2 2 2 2 0 2 0 2 2 2 2 2 2 2 2 0 2 2 2 2 2 2 2 2 2 2 2 2 2 2 2 2 0 2 2 0 2 2 2 2 2 2 2 2 2 0 2 2 2 2 2 2 2 2 2 2 2 2 2 2 2 2 2 0 2 2 2 2 2 2 2 2 2 0 2 2 2 2 2 2 2 2 2 2 2 2 0 2 2 2 2 2 2 2 2 2 2 2 2 2 2 2 0 2 2 2 2 2 0 2 2 2 2 2 2 2 2 2 2 2 2 2 2 2 2 2 2 2 2 2 2 2 2 2 2 2 2 2 2 2 2 2 2 2 2 2 2 2 2 2 2 2 2 2 2 2 2 2 2 2 2 2 2 2 2 2 2 2 2 2 2 2 2 2 2 2 2 2 2 2 2 2 2 2 2 2 2 2 2 2 2 2 2 2 2 2 2 2 2 0 2 2 2 2 2 2 2 2 2 2 2 2 2 2 2 2 2 2 2 2 2 2 2 2 2 2 2 2 2 2 2 2
638 2 2 2 2 2 2 2 0 2 2 2 2 2 2 0 2 2 2 2 2 2 2 2 2 0 2 2 2 2 2 2 2 2 0 2 1 2 2 2 2 2 2 0 2 2 2 0 2 2 2 2 0 2 0 2 2 0 2 2 2 2 2 2 2 0 2 2 2 2 2 0 2 2 2 2 2 2 2 2 2 2 2 2 2 2 2 2 2 0 2 2 2 2 0 0 2 2 2 0 2 2 2 2 2 0 2 2 2 0 2 2 2 0 2 2 2 2 0 2 2 2 2 2 2 2 2 2 0 0 2 2 2 2 2 2 2 2 2 2 2 2 2 2 0 2 0 0 0 1 2 2 0 0 2 2 0 2 0 0 2 0 2 2 2 2 2 2 2 0 2 2 2 2 0 2 2 2 2 2 2 2 2 2 2 0 2 2 2 2 2 2 2 2 2 2 2 2 2 0 0 2 2 2 2 2 0 2 0 0 2 0 2 2 2 2 2 2 2 2 2 0 2 2 2 2 2 2 2 2 0 0 2 2 2 2 2 2 2 2 0 2 2 0 2 2
639 0 2 2 0 2 2 2 2 2 2 0 0 2 0 2 2 2 2 2 2 2 0 2 0 2 2 2 0 2 2 2 0 2 2 2 2 2 2 0 2 2 2 2 0 2 2 2 2 2 2 0 2 0 2 2 2 2 2 2 0 0 2 2 0 2 2 2 0 0 2 2 0 2 0 2 2 2 0 2 0 2 2 2 2 2 2 2 2 2 2 2 0 2 2 2 2 2 0 2 2 2 2 2 2 2 0 2 0 2 2 2 2 2 0 2 2 2 2 2 2 2 2 1 0 2 2 0 2 2 2 2 2 2 2 0 2 2 2 0 2 2 2 2 2 0 2 2 2 2 0 2 2 2 2 2 2 2 2 2 0 2 2 2 2 2 2 2 0 2 0 2 2 2 2 2 2 0 2 0 2 2 0 2 2 2 2 2 2 2 0 1 2 2 0 2 2 2 2 2 2 0 2 2 2 0 2 2 2 2 0 2 2 2 0 2 0 2 2 2 0 2 2 0 2 2 2 2 2 2 2 2 2 2 2 2 2 0 2 2 2 2 2 2 2 2
640 0 2 0 0 2 2 2 2 0 2 0 0 2 0 2 2 2 0 2 0 0 0 2 0 2 2 2 0 0 2 0 0 2 2 2 2 2 2 0 0 0 2 2 0 2 0 2 2 0 0 0 2 0 2 2 2 2 2 0 0 0 0 2 0 2 2 2 0 0 2 2 0 2 0 2 2 0 0 2 0 2 2 2 2 2 2 0 2 2 2 2 0 2 2 2 2 2 0 2 0 2 2 2 0 2 0 2 0 2 2 2 2 2 0 0 0 2 2 2 2 2 0 0 0 2 2 0 2 2 2 2 2 2 2 0 2 2 2 0 2 2 2 2 2 0 2 2 2 2 0 2 2 2 2 2 2 2 2 2 0 2 2 2 2 2 2 2 1 2 0 2 2 2 2 2 2 0 2 0 2 2 0 2 2 2 2 2 2 2 0 1 2 2 0 2 2 2 2 2 2 0 2 2 2 0 2 2 2 2 0 2 2 0 0 2 0 2 2 2 0 2 2 0 2 2 2 2 2 2 2 2 2 2 2 2 0 0 2 2 2 2 2 2 2 2
641 2 2 2 2 2 2 2 0 2 2 2 2 2 2 0 2 2 2 2 2 2 2 2 2 0 2 2 2 2 2 2 2 2 0 2 1 2 2 2 2 2 2 0 2 2 2 0 2 2 2 2 0 2 0 2 2 0 2 2 2 2 2 2 2 0 2 2 2 2 2 0 2 2 2 2 2 2 2 2 2 2 2 2 2 2 2 2 2 0 2 2 2 2 0 0 2 2 2 0 2 2 2 2 2 0 2 2 2 0 2 2 2 0 2 2 2 2 0 2 2 2 2 2 2 2 2 2 0 0 2 2 2 2 2 2 2 2 2 2 2 2 2 2 0 2 2 0 0 1 2 2 0 0 2 2 0 2 0 0 2 0 2 2 2 2 2 2 2 0 2 2 2 2 0 2 2 2 2 2 2 2 2 2 2 0 2 2 2 2 2 2 2 2 2 2 2 2 2 0 0 2 2 2 2 2 0 2 0 0 2 0 2 2 2 2 2 2 2 2 2 0 2 2 2 2 2 2 2 2 0 0 2 2 2 2 2 2 2 2 0 2 2 0 2 2
642 2 2 2 2 2 2 2 2 2 2 2 2 2 2 2 2 2 2 2 2 2 2 2 2 2 2 2 2 2 2 2 2 2 2 2 2 2 2 2 2 2 2 2 2 2 2 2 2 2 2 2 2 2 2 2 2 2 2 2 2 2 2 2 2 2 2 2 2 2 2 2 2 2 2 2 2 2 2 2 2 0 0 2 2 2 2 2 2 2 2 2 2 2 2 2 2 2 2 2 2 0 2 2 2 2 2 0 2 2 2 2 2 2 2 2 2 2 2 2 2 2 2 2 2 2 2 2 2 2 2 2 2 2 2 2 2 2 2 2 2 2 0 2 2 2 2 2 2 2 2 2 2 2 2 2 2 2 2 2 2 2 2 2 0 2 2 0 2 2 2 2 2 2 2 0 2 2 2 2 2 2 2 2 2 2 2 2 2 0 2 2 2 2 2 0 2 2 2 2 2 2 2 2 2 2 2 2 2 2 2 2 2 2 2 2 2 2 2 2 2 2 2 2 2 2 2 2 0 2 2 2 2 2 0 2 2 2 2 2 2 2 0 2 0 0
643 2 0 2 2 0 0 0 2 2 0 2 2 0 2 2 0 0 2 0 2 2 2 0 2 2 0 0 2 2 0 2 2 0 2 0 1 0 0 2 2 2 0 2 2 0 2 2 0 2 2 2 2 2 2 0 0 2 0 2 2 2 2 0 2 2 0 0 2 2 0 2 2 0 2 0 0 2 2 0 0 0 0 0 0 0 0 2 0 2 0 0 2 0 2 2 0 0 2 2 2 0 0 0 2 2 2 0 2 2 0 0 0 2 2 2 2 0 2 0 0 0 2 2 2 0 0 2 2 2 0 0 0 0 0 2 0 0 0 2 0 0 0 0 2 2 2 2 2 1 2 0 2 2 0 0 2 0 2 2 2 2 0 0 0 0 0 0 1 2 2 0 0 0 2 0 0 2 0 2 0 0 2 0 0 2 0 0 0 0 2 1 0 0 2 0 0 0 0 2 2 2 0 0 0 2 2 0 2 2 2 2 0 2 2 0 2 0 0 0 2 2 0 2 0 0 0 0 0 0 2 2 0 0 0 0 2 0 0 0 2 0 0 2 0 0
644 2 2 2 2 2 2 2 2 2 2 2 2 2 2 2 2 0 2 2 2 2 2 2 2 2 2 0 2 2 2 2 2 2 2 2 1 2 2 2 2 2 2 2 2 2 2 2 2 2 2 2 2 2 2 2 2 2 2 2 2 2 2 2 2 2 2 2 2 2 2 2 2 2 2 0 2 2 2 2 2 2 2 2 2 2 0 2 2 2 2 0 2 2 2 2 2 2 2 2 2 2 0 2 2 2 2 2 2 2 2 2 2 2 2 2 2 2 2 2 2 2 2 2 2 2 2 2 2 2 2 2 2 0 2 2 0 2 2 2 0 2 2 0 2 2 2 2 2 2 2 2 2 2 0 2 2 2 2 2 2 2 2 2 2 0 0 2 2 2 2 2 2 0 2 2 2 2 0 2 2 0 2 0 0 2 2 2 2 2 2 2 0 2 2 2 0 2 2 2 2 2 0 2 2 2 2 2 2 2 2 2 2 2 2 2 2 2 2 2 2 2 2 2 2 2 2 0 2 2 2 2 2 2 2 2 2 2 2 2 2 2 2 2 2 2
645 2 2 0 2 2 2 2 2 0 2 2 2 2 2 2 2 2 0 2 0 2 2 2 2 2 2 2 2 0 2 2 2 2 2 2 2 2 2 2 2 2 2 2 2 2 0 2 2 0 2 2 2 2 2 2 2 2 2 0 2 2 2 2 2 2 2 2 2 2 2 2 2 2 2 2 2 0 2 2 2 2 2 2 2 2 2 0 2 2 2 2 2 2 2 2 2 2 2 2 0 2 2 2 2 2 2 2 2 2 2 2 2 2 2 2 2 2 2 2 2 2 0 2 2 2 2 2 2 2 2 2 2 2 2 2 2 2 2 2 2 2 2 2 2 2 2 2 2 2 2 2 2 2 2 2 2 2 2 2 2 2 2 2 2 2 2 2 2 2 2 2 2 2 2 2 2 2 2 2 2 2 2 2 2 2 2 2 2 2 2 2 2 2 2 2 2 2 2 2 2 2 2 2 2 2 2 2 2 2 2 2 2 0 2 2 2 2 2 2 2 2 2 2 2 2 2 2 2 2 2 2 2 2 2 2 2 2 2 2 2 2 2 2 2 2
646 2 2 2 2 2 2 2 0 2 2 2 2 2 2 0 2 2 2 2 2 2 2 2 2 0 2 2 2 2 2 2 2 2 0 2 1 2 2 2 2 2 2 0 2 2 2 0 2 2 2 2 0 2 0 2 2 0 2 2 2 2 2 2 2 0 2 2 2 2 2 0 2 2 2 2 2 2 2 2 2 2 2 2 2 2 2 2 2 0 2 2 2 2 0 0 2 2 2 0 2 2 2 2 2 0 2 2 2 0 2 2 2 0 2 2 2 2 0 2 2 2 2 2 2 2 2 2 0 0 2 2 2 2 2 2 2 2 2 2 2 2 2 2 0 2 2 0 0 1 2 2 0 0 2 2 0 2 0 0 2 0 2 2 2 2 2 2 2 0 2 2 2 2 0 2 2 2 2 2 2 2 2 2 2 0 2 2 2 2 2 2 2 2 2 2 2 2 2 0 0 2 2 2 2 2 0 2 0 0 2 0 2 2 2 2 2 2 2 2 2 0 2 2 2 2 2 2 2 2 0 0 2 2 2 2 2 2 2 2 0 2 2 0 2 2
647 2 2 2 2 2 2 2 0 2 2 2 2 2 2 0 2 2 2 2 2 2 2 2 2 0 2 2 2 2 2 2 2 2 0 2 1 2 2 2 2 2 2 0 2 2 2 0 2 2 2 2 0 2 0 2 2 0 2 2 2 2 2 2 2 0 2 2 2 2 2 0 2 2 2 2 2 2 2 2 2 2 2 2 2 2 2 2 2 0 2 2 2 2 0 0 2 2 2 0 2 2 2 2 2 0 2 2 2 0 2 2 2 0 2 2 2 2 0 2 2 2 2 2 2 2 2 2 0 0 2 2 2 2 2 2 2 2 2 2 2 2 2 2 0 2 0 0 0 1 2 2 0 0 2 2 0 2 0 0 2 0 2 2 2 2 2 2 2 0 2 2 2 2 0 2 2 2 2 2 2 2 2 2 2 0 2 2 2 2 2 2 2 2 2 2 2 2 2 0 0 2 2 2 2 2 0 2 0 0 2 0 2 2 2 2 2 2 2 2 2 0 2 2 2 2 2 2 2 2 0 0 2 2 2 2 2 2 2 2 0 2 2 0 2 2
648 2 2 2 2 2 2 2 2 2 2 2 2 2 2 2 2 0 2 2 2 2 2 2 2 2 2 0 2 2 2 2 2 2 2 2 1 2 2 2 2 2 2 2 2 2 2 2 2 2 2 2 2 2 2 2 2 2 2 2 2 2 2 2 2 2 2 2 2 2 2 2 2 2 2 0 2 2 2 2 2 2 2 2 2 2 0 2 2 2 2 0 2 2 2 2 2 2 2 2 2 2 0 2 2 2 2 2 2 2 2 2 2 2 2 2 2 2 2 2 2 2 2 2 2 2 2 2 2 2 2 2 2 0 2 2 0 2 2 2 0 2 2 0 2 2 2 2 2 2 2 2 2 2 0 2 2 2 2 2 2 2 2 2 2 0 0 2 2 2 2 2 2 0 2 2 2 2 0 2 2 0 2 0 0 2 2 2 2 2 2 2 0 2 2 2 0 2 2 2 2 2 0 2 2 2 2 2 2 2 2 2 2 2 2 2 2 2 2 2 2 2 2 2 2 2 2 0 2 2 2 2 2 2 2 2 2 2 2 2 2 2 2 2 2 2
649 2 2 2 2 0 2 2 2 2 2 2 2 0 2 2 2 2 2 2 2 2 2 2 2 2 2 2 2 2 2 2 2 2 2 2 2 2 2 2 2 2 2 2 2 2 2 2 2 2 2 2 2 2 2 2 2 2 2 2 2 2 2 2 2 2 0 2 2 2 2 2 2 2 2 2 2 2 2 2 2 2 2 2 2 2 2 2 2 2 2 2 2 2 2 2 2 0 2 2 2 2 2 2 2 2 2 2 2 2 2 2 2 2 2 2 2 2 2 2 2 2 2 2 2 2 2 2 2 2 2 2 2 0 2 2 2 2 2 2 2 2 2 2 2 2 2 2 2 1 2 0 2 2 2 0 2 2 2 2 2 2 2 2 2 2 2 2 2 2 2 2 2 2 2 2 0 2 2 2 2 2 2 2 2 2 2 0 2 2 2 2 2 2 2 2 2 0 2 2 2 2 2 2 2 2 2 0 2 2 2 2 2 2 2 0 2 2 1 0 2 2 2 2 2 2 2 2 2 2 2 2 2 2 2 2 2 2 2 2 2 2 2 2 2 2
650 2 2 2 2 2 2 2 0 2 2 2 2 2 2 0 2 2 2 2 2 2 2 2 2 0 2 2 2 2 2 2 2 2 0 2 0 2 2 2 2 2 2 0 2 2 2 0 2 2 2 2 0 2 0 2 2 0 2 2 2 2 2 2 2 0 2 2 2 2 2 0 2 2 2 2 2 2 2 2 2 2 2 2 2 2 2 2 2 0 2 2 2 2 0 0 2 2 2 0 2 2 2 2 2 0 2 2 2 0 2 2 2 0 2 2 2 2 0 2 2 2 2 2 2 2 2 2 0 0 2 0 2 2 2 2 2 2 2 2 2 2 2 2 0 2 0 0 0 1 2 2 0 0 2 2 0 2 0 0 2 0 2 2 2 2 2 2 2 0 2 2 2 2 0 2 2 2 2 2 2 2 2 2 2 0 2 2 2 2 2 2 2 2 2 2 2 2 2 0 0 2 2 2 2 2 0 2 0 0 2 0 2 2 2 2 2 2 2 2 2 0 2 2 2 2 2 2 2 2 0 0 2 2 2 2 2 2 2 2 0 2 2 0 2 2
651 2 2 2 2 2 2 2 0 2 2 2 2 2 2 0 2 2 2 2 2 2 2 2 2 0 2 2 2 2 2 2 2 2 0 2 0 2 2 2 2 2 2 0 2 2 2 0 2 2 2 2 0 2 0 2 2 0 2 2 2 2 2 2 2 0 2 2 2 2 2 0 2 2 2 2 2 2 2 2 2 2 2 2 2 2 2 2 2 0 2 2 2 2 0 0 2 2 2 0 2 2 2 2 2 0 2 2 2 0 2 2 2 0 2 2 2 2 0 2 2 2 2 2 2 2 2 2 0 0 2 2 2 2 2 2 2 2 2 2 2 2 2 2 0 2 2 0 0 1 2 2 0 0 2 2 0 2 0 0 2 0 2 2 2 2 2 2 2 0 2 2 2 2 0 2 2 2 2 2 2 2 2 2 2 0 2 2 2 2 2 2 2 2 2 2 2 2 2 0 0 2 2 2 2 2 0 2 0 0 2 0 2 2 2 2 2 2 2 2 2 0 2 2 2 2 2 2 2 2 0 0 2 2 2 2 2 2 2 2 0 2 2 0 2 2
652 0 2 2 0 2 2 2 2 2 2 0 0 2 2 2 2 2 2 2 2 2 0 2 2 2 2 2 0 2 2 2 0 2 2 2 2 2 2 0 2 2 2 2 0 2 2 2 2 2 2 0 2 0 2 2 2 2 2 2 0 0 2 2 0 2 2 2 0 0 2 2 0 2 0 2 2 2 0 2 2 2 2 2 2 2 2 2 2 2 2 2 0 2 2 2 2 2 2 2 2 2 2 2 2 2 2 2 0 2 2 2 2 2 0 2 2 2 2 2 2 2 2 2 0 2 2 0 2 2 2 2 2 2 2 2 2 2 2 0 2 2 2 2 2 0 2 2 2 2 2 2 2 2 2 2 2 2 2 2 0 2 2 2 2 2 2 2 1 2 0 2 2 2 2 2 2 0 2 0 2 2 2 2 2 2 2 2 2 2 0 1 2 2 2 2 2 2 2 2 2 2 2 2 2 2 2 2 2 2 2 2 2 2 0 2 0 2 2 2 0 2 2 0 2 2 2 2 2 2 2 2 2 2 2 2 2 2 2 2 2 2 2 2 2 2
653 0 2 0 0 2 2 2 0 0 2 0 0 2 0 0 0 2 0 2 0 0 0 2 0 0 0 2 0 0 2 0 0 2 0 2 1 2 2 0 0 0 2 0 0 2 0 0 2 0 0 0 0 0 0 2 2 0 2 0 0 0 0 2 0 0 2 2 0 0 2 0 0 2 0 2 2 0 0 2 2 2 2 2 2 0 2 0 2 0 2 2 0 2 0 0 2 2 2 0 0 2 2 2 0 0 2 2 0 0 2 2 2 0 0 0 2 2 0 2 2 2 0 0 0 2 2 0 0 0 0 0 2 2 2 2 2 2 2 0 2 2 2 2 0 0 0 0 0 1 2 2 0 0 2 2 0 2 0 0 0 0 2 2 2 2 2 2 1 0 0 2 2 2 0 2 2 0 2 0 2 2 2 2 2 0 2 2 2 2 0 1 2 2 2 2 2 2 2 0 0 2 2 2 2 2 0 2 0 0 2 0 2 0 0 2 0 2 2 2 0 0 2 0 2 2 2 2 2 2 0 0 0 2 2 2 0 2 2 2 0 2 2 0 2 2
654 2 2 2 2 2 2 2 2 2 2 2 2 2 2 2 2 2 2 2 2 2 2 2 2 2 2 2 2 2 2 2 2 2 2 2 2 2 2 2 2 2 2 2 2 2 2 2 2 2 2 2 2 2 2 2 2 2 2 2 2 2 2 2 2 2 2 2 2 2 2 2 2 2 2 2 2 2 2 2 2 0 0 2 2 2 2 2 2 2 2 2 2 2 2 2 2 2 2 2 2 0 2 2 2 2 2 0 2 2 2 2 2 2 2 2 2 2 2 2 2 2 2 2 2 2 2 2 2 2 2 2 2 2 2 2 2 2 2 2 2 2 0 2 2 2 2 2 2 2 2 2 2 2 2 2 2 2 2 2 2 2 2 2 0 2 2 0 2 2 2 2 2 2 2 0 2 2 2 2 2 2 2 2 2 2 2 2 2 0 2 2 2 2 2 0 2 2 2 2 2 2 2 2 2 2 2 2 2 2 2 2 2 2 2 2 2 2 2 2 2 2 2 2 2 2 2 2 0 2 2 2 2 2 0 2 2 2 2 2 2 2 0 2 0 0
655 0 2 2 0 2 2 2 2 2 2 0 0 2 0 2 2 2 2 2 2 2 0 2 0 2 2 2 1 2 2 2 0 2 2 2 2 2 2 0 2 2 2 2 0 2 2 2 2 2 2 0 2 0 2 2 2 2 2 2 0 0 0 2 0 2 2 2 0 0 2 2 1 2 0 2 2 2 0 2 2 2 2 2 2 2 2 2 2 2 2 2 0 2 2 2 2 2 2 2 2 2 2 2 2 2 2 2 0 2 2 2 2 2 0 2 2 2 2 2 2 2 2 2 0 2 2 0 2 2 2 2 2 2 2 2 2 2 2 0 2 2 2 2 2 0 2 2 2 2 2 2 2 2 2 2 2 2 2 2 0 2 2 2 2 2 2 2 1 2 0 2 2 2 2 2 2 0 2 0 2 2 2 2 2 2 2 2 2 2 0 1 2 2 2 2 2 2 2 2 2 2 2 2 2 2 2 2 2 2 2 2 2 2 0 2 0 2 2 2 0 2 2 0 2 2 2 2 2 2 2 2 2 2 2 2 2 1 2 2 2 2 2 2 2 2
656 2 2 2 2 2 2 2 0 2 2 2 2 2 2 0 2 2 2 2 2 2 2 2 2 0 2 2 2 2 2 2 2 2 0 2 1 2 2 2 2 2 2 0 2 2 2 0 2 2 2 2 0 2 0 2 2 0 2 2 2 2 2 2 2 0 2 2 2 2 2 0 2 2 2 2 2 2 2 2 2 2 2 2 2 2 2 2 2 0 2 2 2 2 0 0 2 2 2 0 2 2 2 2 2 0 2 2 2 0 2 2 2 0 2 2 2 2 0 2 2 2 2 2 2 2 2 2 0 0 2 2 2 2 2 2 2 2 2 2 2 2 2 2 0 2 2 0 0 1 2 2 0 0 2 2 0 2 0 0 2 0 2 2 2 2 2 2 2 0 2 2 2 2 0 2 2 2 2 2 2 2 2 2 2 0 2 2 2 2 2 2 2 2 2 2 2 2 2 0 0 2 2 2 2 2 0 2 0 0 2 0 2 2 2 2 2 2 2 2 2 0 2 2 2 2 2 2 2 2 0 0 2 2 2 2 2 2 2 2 0 2 2 0 2 2
657 2 2 2 2 2 2 2 2 2 2 2 2 2 2 2 2 0 2 2 2 2 2 2 2 2 2 0 2 2 2 2 2 2 2 2 1 2 2 2 2 2 2 2 2 2 2 2 2 2 2 2 2 2 2 2 2 2 2 2 2 2 2 2 2 2 2 2 2 2 2 2 2 2 2 0 2 2 2 2 2 0 0 2 2 2 0 2 2 2 2 0 2 2 2 2 2 2 2 2 2 0 0 2 2 2 2 0 2 2 2 2 2 2 2 2 2 2 2 2 2 2 2 2 2 2 2 2 2 2 2 2 2 0 2 2 0 2 2 2 0 2 0 0 2 2 2 2 2 2 2 2 2 2 0 2 2 2 2 2 2 2 2 2 0 0 0 0 2 2 2 2 2 0 2 0 2 2 0 2 2 0 2 0 0 2 2 2 2 0 2 2 0 2 2 0 0 2 2 2 2 2 0 2 2 2 2 2 2 2 2 2 2 2 2 2 2 2 2 2 2 2 2 2 2 2 2 0 0 2 2 2 2 2 0 2 2 2 2 2 2 2 0 2 0 0
658 0 2 2 1 2 2 2 2 2 2 2 1 2 2 2 2 2 2 2 2 2 1 2 2 2 2 2 1 2 2 2 1 2 2 2 2 2 2 2 2 2 2 2 1 2 2 2 2 2 2 2 2 1 2 2 2 2 2 2 2 1 2 2 1 2 2 2 1 1 2 2 2 2 1 2 2 2 1 2 2 2 2 2 2 2 1 2 2 2 2 2 2 2 2 2 2 2 2 2 2 2 2 2 2 2 2 2 2 2 2 2 2 2 1 2 2 2 2 2 2 2 2 2 1 2 2 2 2 2 2 2 2 2 2 2 1 2 2 1 2 2 2 1 2 1 2 2 2 2 2 2 2 2 2 2 2 2 2 2 1 2 2 2 2 2 2 2 1 2 1 1 2 2 2 2 2 1 2 1 2 2 2 2 2 2 2 2 2 2 1 2 2 2 2 2 1 2 2 2 2 2 2 2 2 2 2 2 2 2 2 2 2 2 1 2 1 2 2 2 1 2 2 1 2 2 2 2 2 2 2 2 2 2 2 2 2 2 2 2 2 2 2 2 2 2
659 0 2 2 0 2 2 2 2 2 2 0 0 2 2 2 2 2 2 2 2 2 0 2 2 2 2 2 0 2 2 2 0 2 2 2 2 2 2 0 2 2 2 2 0 2 2 2 2 2 2 0 2 0 2 2 2 2 2 2 0 0 2 2 0 2 2 2 0 0 2 2 0 2 0 2 2 2 0 2 2 2 2 2 2 2 2 2 2 2 2 2 0 2 2 2 2 2 2 2 2 2 2 2 2 2 2 2 0 2 2 2 2 2 0 2 2 2 2 2 2 2 2 2 0 2 2 0 2 2 2 2 2 2 2 2 2 2 1 0 2 2 2 2 2 0 2 2 2 2 2 2 2 2 2 2 2 2 2 2 0 2 2 2 2 2 2 2 1 2 0 2 2 2 2 2 2 0 2 0 2 2 2 2 2 2 2 2 2 2 0 1 2 2 2 2 2 2 2 2 2 2 2 2 2 2 2 2 2 2 2 2 2 2 0 2 0 2 2 2 0 2 2 0 2 2 2 2 2 2 2 2 2 2 2 2 2 2 2 2 2 2 2 2 2 2
660 2 0 2 2 0 2 0 2 2 2 2 2 0 2 2 2 2 2 0 2 2 2 0 2 2 2 2 2 2 0 2 2 0 2 2 2 0 0 2 2 2 0 2 2 0 2 2 2 2 2 2 2 2 2 0 0 2 0 2 2 2 2 0 2 2 0 0 2 2 0 2 2 0 2 2 0 2 2 0 2 2 2 0 0 2 2 2 0 2 2 2 2 0 2 2 0 0 2 2 2 2 2 0 2 2 2 2 2 2 0 0 0 2 2 2 0 2 2 0 0 0 2 2 2 0 0 2 2 2 2 2 0 2 0 2 2 2 2 2 2 0 2 2 2 2 2 2 2 1 2 0 2 2 2 0 2 2 2 2 2 2 2 0 2 2 2 2 1 2 2 2 2 2 2 2 0 2 2 2 0 2 2 2 2 2 2 0 0 2 2 1 2 0 2 2 2 0 0 2 2 2 2 2 0 2 2 0 2 2 2 2 0 2 2 0 2 2 0 0 2 2 0 2 0 2 0 2 2 0 2 2 2 0 2 0 2 2 0 0 2 2 2 2 2 2
661 2 2 2 2 2 2 2 0 2 2 2 2 2 2 0 2 2 2 2 2 2 2 2 2 0 2 2 2 2 2 2 2 2 0 2 0 2 2 2 2 2 2 0 2 2 2 0 2 2 2 2 0 2 0 2 2 0 2 2 2 2 2 2 2 0 2 2 2 2 2 0 2 2 2 2 2 2 2 2 2 2 2 2 2 2 2 2 2 0 2 2 2 2 0 0 2 2 2 0 2 2 2 2 2 0 2 2 2 0 2 2 2 0 2 2 2 2 0 2 2 2 2 2 2 2 2 2 0 0 2 2 2 2 2 2 2 2 2 2 2 2 2 2 0 2 2 0 0 1 2 2 0 0 2 2 0 2 0 0 2 0 2 2 2 2 2 2 2 0 2 2 2 2 0 2 2 2 2 2 2 2 2 2 2 0 2 2 2 2 2 2 2 2 2 2 2 2 2 0 0 2 2 2 2 2 0 2 0 0 2 0 2 2 2 2 2 2 2 2 2 0 2 2 2 2 2 2 2 2 0 0 2 2 2 2 2 2 2 2 0 2 2 0 2 2
662 2 2 2 2 2 2 2 0 2 2 2 2 2 2 0 2 2 2 2 2 2 2 2 2 0 2 2 2 2 2 2 2 2 0 2 1 2 2 2 2 2 2 0 2 2 2 0 2 2 2 2 0 2 0 2 2 0 2 2 2 2 2 2 2 0 2 2 2 2 2 0 2 2 2 2 2 2 2 2 2 2 2 2 2 2 2 2 2 0 2 2 2 2 0 0 2 2 2 0 2 2 2 2 2 0 2 2 2 0 2 2 2 0 2 2 2 2 0 2 2 2 2 2 2 2 2 2 0 0 2 2 2 2 2 2 2 2 2 2 2 2 2 2 0 2 2 0 0 1 2 2 0 0 2 2 0 2 0 0 2 0 2 2 2 2 2 2 2 0 2 2 2 2 0 2 2 2 2 2 2 2 2 2 2 0 2 2 2 2 2 2 2 2 2 2 2 2 2 0 0 2 2 2 2 2 0 2 0 0 2 0 2 2 2 2 2 2 2 2 2 0 2 2 2 2 2 2 2 2 0 0 2 2 2 2 2 2 2 2 0 2 2 0 2 2
663 2 2 2 2 2 0 2 2 2 2 2 2 2 2 2 2 2 2 2 2 2 2 2 2 2 2 2 2 2 2 2 2 2 2 0 2 2 2 2 2 2 2 2 2 2 2 2 2 2 2 2 2 2 2 2 2 2 2 2 2 2 2 2 2 2 2 2 2 2 2 2 2 2 2 2 2 2 2 2 2 2 2 2 2 2 2 2 2 2 0 2 2 2 2 2 2 2 2 2 2 2 2 2 2 2 2 2 2 2 2 2 2 2 2 2 2 0 2 2 2 2 2 2 2 2 2 2 2 2 2 2 2 2 2 2 2 0 0 2 2 2 2 2 2 2 2 2 2 1 2 2 2 2 2 2 2 0 2 2 2 2 2 2 2 2 2 2 2 2 2 2 0 2 2 2 2 2 2 2 2 2 2 2 2 2 0 2 2 2 2 2 2 2 2 2 2 2 2 2 2 2 2 0 2 2 2 2 2 2 2 2 2 2 2 2 2 0 2 2 2 2 2 2 2 2 2 2 2 2 2 2 2 2 2 2 2 2 2 2 2 0 2 2 2 2
664 1 2 2 1 2 2 2 2 2 2 1 1 2 1 2 2 2 2 2 2 2 1 2 1 2 2 2 1 2 2 2 1 2 2 2 2 2 2 1 2 2 2 2 1 2 2 2 2 2 2 1 2 1 2 2 2 2 2 2 1 1 2 2 1 2 2 2 1 1 2 2 1 2 1 2 2 2 1 2 2 2 2 2 2 2 2 2 2 2 2 2 1 2 2 2 2 2 2 2 2 2 2 2 2 2 2 2 1 2 2 2 2 2 1 2 2 2 2 2 2 2 2 2 1 2 2 1 2 2 2 2 2 2 2 2 2 2 2 1 2 2 2 2 2 1 2 2 2 2 2 2 2 2 2 2 2 2 2 2 1 2 2 2 2 2 2 2 1 2 1 2 2 2 2 2 2 1 2 1 2 2 2 2 2 2 2 2 2 2 1 1 2 2 2 2 2 2 2 2 2 2 2 2 2 2 2 2 2 2 2 2 2 2 1 2 1 2 2 2 1 2 2 1 2 2 2 2 2 2 2 2 2 2 2 2 2 2 2 2 2 2 2 2 2 2
665 2 0 2 2 0 2 0 2 2 2 2 2 0 2 2 2 2 2 0 2 2 2 0 2 2 2 2 2 2 0 2 2 1 2 2 2 0 1 2 2 2 0 2 2 0 2 2 2 2 2 2 2 2 2 0 0 2 0 2 2 2 2 0 2 2 0 0 2 2 0 2 2 0 2 2 0 2 2 0 2 2 2 0 0 2 2 2 0 2 2 2 2 0 2 2 0 0 2 2 2 2 2 0 2 2 2 2 2 2 0 0 0 2 2 2 0 2 2 0 0 0 2 2 2 0 0 2 2 2 2 2 0 2 0 2 2 2 2 2 2 0 2 2 2 2 2 2 2 1 2 0 2 2 2 0 2 2 2 2 2 2 2 0 2 2 2 2 2 2 2 2 2 2 2 2 0 2 2 2 0 2 2 2 2 2 2 0 0 2 2 1 2 0 2 2 2 1 0 2 2 2 2 2 0 2 2 0 2 2 2 2 0 2 2 0 2 2 0 0 2 2 0 2 0 2 0 2 2 0 2 2 2 0 2 0 2 2 0 0 2 2 2 2 2 2
666 2 2 2 2 2 2 2 0 2 2 2 2 2 2 0 2 2 2 2 2 2 2 2 2 0 2 2 2 2 2 2 2 2 0 2 1 2 2 2 2 2 2 0 2 2 2 0 2 2 2 2 0 2 0 2 2 0 2 2 2 2 2 2 2 0 2 2 2 2 2 0 2 2 2 2 2 2 2 2 2 2 2 2 2 2 2 2 2 0 2 2 2 2 0 0 2 2 2 0 2 2 2 2 2 0 2 2 2 0 2 2 2 0 2 2 2 2 0 2 2 2 2 2 2 2 2 2 0 0 2 2 2 2 2 2 2 2 2 2 2 2 2 2 0 2 2 0 0 1 2 2 0 0 2 2 0 2 0 0 2 0 2 2 2 2 2 2 2 0 2 2 2 2 0 2 2 2 2 2 2 2 2 2 2 0 2 2 2 2 2 2 2 2 2 2 2 2 2 0 0 2 2 2 2 2 0 2 0 0 2 0 2 2 2 2 2 2 2 2 2 0 2 2 2 2 2 2 2 2 0 0 2 2 2 2 2 2 2 2 0 2 2 0 2 2
667 2 0 2 2 2 2 2 2 2 2 2 2 2 2 2 2 2 2 2 2 2 2 2 2 2 2 2 2 2 2 2 2 0 2 2 2 2 0 2 2 2 0 2 2 2 2 2 2 2 2 2 2 2 2 2 2 2 0 2 2 2 2 2 2 2 2 0 2 2 2 2 2 2 2 2 2 2 2 2 2 2 2 0 0 2 2 2 2 2 2 2 2 0 2 2 0 2 2 2 2 2 2 0 2 2 2 2 2 2 0 2 2 2 2 2 2 2 2 2 0 2 2 2 2 0 2 2 2 2 2 2 2 2 0 2 2 2 2 2 2 2 2 2 2 2 2 2 2 2 2 2 2 2 2 2 2 2 2 2 2 2 2 2 2 2 2 2 2 2 2 2 2 2 2 2 2 2 2 2 2 2 2 2 2 2 2 2 2 2 2 2 2 2 2 2 2 2 2 2 2 2 2 2 2 2 2 2 2 2 2 2 2 2 2 2 2 2 2 2 2 2 2 2 2 2 2 2 2 2 2 2 2 2 2 2 2 2 2 2 2 2 2 2 2 2
668 0 2 2 0 2 2 2 2 2 2 2 0 2 2 2 2 2 2 2 2 2 0 2 2 2 2 2 0 2 2 2 0 2 2 2 2 2 2 2 2 2 2 2 0 2 2 2 2 2 2 2 2 0 2 2 2 2 2 2 2 0 2 2 0 2 2 2 0 0 2 2 2 2 0 2 2 2 0 2 2 2 2 2 2 2 2 2 2 2 2 2 2 2 2 2 2 2 2 2 2 2 2 2 2 2 2 2 2 2 2 2 2 2 0 2 2 2 2 2 2 2 2 2 0 2 2 2 2 2 2 2 2 2 2 2 2 2 2 0 2 2 2 2 2 0 2 2 2 2 2 2 2 2 2 2 2 2 2 2 0 2 2 2 2 2 2 2 1 2 0 2 2 2 2 2 2 0 2 0 2 2 2 2 2 2 2 2 2 2 0 1 2 2 2 2 2 2 2 2 2 2 2 2 2 2 2 2 2 2 2 2 2 2 0 2 0 2 2 2 0 2 2 0 2 2 2 2 2 2 2 2 2 2 2 2 2 2 2 2 2 2 2 2 2 2
669 2 2 2 2 2 2 2 0 2 2 2 2 2 2 0 2 2 2 2 2 2 2 2 2 0 2 2 2 2 2 2 2 2 0 2 1 2 2 2 2 2 2 0 2 2 2 0 2 2 2 2 0 2 0 2 2 0 2 2 2 2 2 2 2 0 2 2 2 2 2 0 2 2 2 2 2 2 2 2 2 2 2 2 2 2 2 2 2 0 2 2 2 2 0 0 2 2 2 0 2 2 2 2 2 0 2 2 2 0 2 2 2 0 2 2 2 2 0 2 2 2 2 2 2 2 2 2 0 0 2 2 2 2 2 2 2 2 2 2 2 2 2 2 0 2 2 0 0 1 2 2 0 0 2 2 0 2 0 0 2 0 2 2 2 2 2 2 2 0 2 2 2 2 0 2 2 2 2 2 2 2 2 2 2 0 2 2 2 2 2 2 2 2 2 2 2 2 2 0 0 2 2 2 2 2 0 2 0 0 2 0 2 2 2 2 2 2 2 2 2 0 2 2 2 2 2 2 2 2 0 0 2 2 2 2 2 2 2 2 0 2 2 0 2 2
670 2 2 2 2 2 2 2 2 2 2 2 2 2 2 2 0 0 2 2 2 2 2 2 2 2 2 0 2 2 2 2 2 2 2 2 2 2 2 2 2 2 2 2 2 2 2 2 2 2 2 2 2 2 2 2 2 2 2 2 2 2 2 2 2 2 2 2 2 2 2 1 2 2 2 0 2 2 2 2 2 2 2 2 2 2 2 2 2 2 2 2 2 2 2 2 2 2 2 2 1 2 0 2 2 2 2 2 2 2 2 2 2 2 2 2 2 2 2 2 2 2 2 2 2 2 2 2 2 2 0 2 2 2 2 2 2 2 2 2 1 2 2 2 2 2 2 2 2 2 2 2 2 2 1 2 2 2 2 2 2 2 2 2 2 2 0 2 2 2 2 2 2 1 2 2 2 2 1 2 2 0 2 0 2 2 2 2 2 2 2 2 0 2 2 2 2 2 2 2 2 2 2 2 2 2 2 2 2 2 2 2 2 2 2 2 2 2 2 2 2 2 2 2 2 2 2 0 2 2 2 2 2 2 2 2 2 2 2 2 2 2 2 2 2 2
671 0 2 0 0 1 0 2 0 0 2 0 0 1 2 0 2 2 0 2 0 2 0 2 2 0 2 2 0 0 2 2 0 2 0 0 0 2 2 0 2 2 2 0 0 2 0 0 2 0 2 0 0 0 0 2 2 0 2 0 0 0 2 2 0 0 2 1 0 0 2 0 0 2 0 2 2 0 0 2 0 2 2 2 2 2 2 0 2 0 0 2 0 2 0 0 2 2 0 0 0 2 2 2 2 0 0 2 0 0 2 1 2 0 0 2 2 0 0 2 2 2 0 2 0 1 2 0 0 0 2 2 2 2 2 0 2 2 0 0 2 2 2 2 0 0 2 0 0 1 0 2 0 0 2 2 0 1 0 0 0 0 2 2 2 2 2 2 0 0 0 2 0 2 0 2 2 0 2 0 2 2 0 2 2 0 0 2 2 2 0 1 2 2 0 2 2 2 2 0 0 0 2 2 2 0 0 2 0 0 0 0 2 0 0 2 0 2 2 2 0 0 2 0 2 2 2 2 2 2 0 0 2 2 2 1 0 0 2 2 0 0 2 0 2 2
672 2 0 2 2 0 2 0 2 2 2 2 2 0 2 2 2 2 2 0 2 2 2 0 2 2 2 2 2 2 0 2 2 0 2 2 2 0 0 2 2 2 0 2 2 0 2 2 2 2 2 2 2 2 2 0 0 2 0 2 2 2 2 0 2 2 0 0 2 2 0 2 2 0 2 2 0 2 2 0 2 2 2 0 0 2 2 2 0 2 2 2 2 0 2 2 0 0 2 2 2 2 2 0 2 2 2 2 2 2 0 0 0 2 2 2 0 2 2 0 0 0 2 2 2 0 0 2 2 2 2 2 0 2 0 2 2 2 2 2 2 0 2 2 2 2 2 2 2 1 2 0 2 2 2 0 2 2 2 2 2 2 2 0 2 2 2 2 2 2 2 2 2 2 2 2 0 2 2 2 0 2 2 2 2 2 2 0 0 2 2 1 2 0 2 2 2 0 0 2 2 2 2 2 0 2 2 0 2 2 2 2 0 2 2 0 2 2 0 0 2 2 0 2 0 2 0 2 2 0 2 2 2 0 2 0 2 2 0 0 2 2 2 2 2 2
673 2 2 2 2 2 2 2 0 2 2 2 2 2 2 0 2 2 2 2 2 2 2 2 2 0 2 2 2 2 2 2 2 2 0 2 1 2 2 2 2 2 2 0 2 2 2 0 2 2 2 2 0 2 0 2 2 0 2 2 2 2 2 2 2 0 2 2 2 2 2 0 2 2 2 2 2 2 2 2 2 2 2 2 2 2 2 2 2 0 2 2 2 2 0 0 2 2 2 0 2 2 2 2 2 0 2 2 2 0 2 2 2 0 2 2 2 2 0 2 2 2 2 2 2 2 2 2 0 0 2 2 2 2 2 2 2 2 2 2 2 2 2 2 0 2 2 0 0 1 2 2 0 0 2 2 0 2 0 0 2 0 2 2 2 2 2 2 2 0 2 2 2 2 0 2 2 2 2 2 2 2 2 2 2 0 2 2 2 2 2 2 2 2 2 2 2 2 2 0 0 2 2 2 2 2 0 2 0 0 2 0 2 2 2 2 2 2 2 2 2 0 2 2 2 2 2 2 2 2 0 0 2 2 2 2 2 2 2 2 0 2 2 0 2 2
674 0 2 0 0 2 2 2 0 0 2 0 0 2 0 0 0 2 0 2 0 0 0 2 0 0 0 2 0 0 2 0 0 2 0 2 1 2 2 0 0 0 2 0 0 2 0 0 2 0 0 0 0 0 0 2 2 0 2 0 0 0 0 2 0 0 2 2 0 0 2 0 0 2 0 2 2 0 0 2 2 2 2 2 2 0 2 0 2 0 2 2 0 2 0 0 2 2 2 0 0 2 2 2 0 0 2 2 0 0 2 2 2 0 0 0 2 2 0 2 2 2 0 0 0 2 2 0 0 0 0 2 2 2 2 2 2 2 2 0 2 2 2 2 0 0 2 0 0 1 2 2 0 0 2 2 0 2 0 0 0 0 2 2 2 2 2 2 1 0 0 2 2 2 0 2 2 0 2 0 2 2 2 2 2 0 2 2 2 2 0 1 2 2 2 2 2 2 2 0 0 2 2 2 2 2 0 2 0 0 2 0 2 0 0 2 0 2 2 2 0 0 2 0 2 2 2 2 2 2 0 0 0 2 2 2 0 2 2 2 0 2 2 0 2 2
675 2 2 2 2 2 2 2 0 2 2 2 2 2 2 0 2 2 2 2 2 2 2 2 2 0 2 2 2 2 2 2 2 2 0 2 1 2 2 2 2 2 2 0 2 2 2 0 2 2 2 2 0 2 0 2 2 0 2 2 2 2 2 2 2 0 2 2 2 2 2 0 2 2 2 2 2 2 2 2 2 2 2 2 2 2 2 2 2 0 2 2 2 2 0 0 2 2 2 0 2 2 2 2 2 0 2 2 2 0 2 2 2 0 2 2 2 2 0 2 2 2 2 2 2 2 2 2 0 0 2 2 2 2 2 2 2 2 2 2 2 2 2 2 0 2 2 0 0 1 2 2 0 0 2 2 0 2 0 0 2 0 2 2 2 2 2 2 2 0 2 2 2 2 0 2 2 2 2 2 2 2 2 2 2 0 2 2 2 2 2 2 2 2 2 2 2 2 2 0 0 2 2 2 2 2 0 2 0 0 2 0 2 2 2 2 2 2 2 2 2 0 2 2 2 2 2 2 2 2 0 0 2 2 2 2 2 2 2 2 0 2 2 0 2 2
676 2 0 2 2 2 2 2 2 2 2 2 2 2 2 2 2 2 2 2 2 2 2 2 2 2 2 2 2 2 2 2 2 0 2 2 2 2 0 2 2 2 0 2 2 2 2 2 2 2 2 2 2 2 2 2 2 2 0 2 2 2 2 2 2 2 2 0 2 2 2 2 2 0 2 2 2 2 2 2 2 2 2 0 0 2 2 2 2 2 2 2 2 0 2 2 0 2 2 2 2 2 2 0 2 2 2 2 2 2 0 2 2 2 2 2 0 2 2 2 0 2 2 2 2 0 2 2 2 2 2 2 0 2 0 2 2 2 2 2 2 2 2 2 2 2 2 2 2 2 2 2 2 2 2 2 2 2 2 2 2 2 2 2 2 2 2 2 2 2 2 2 2 2 2 2 2 2 2 2 2 2 2 2 2 2 2 2 2 2 2 2 2 2 2 2 2 2 2 2 2 2 2 2 2 2 2 2 2 2 2 2 2 2 2 2 2 2 2 2 2 2 2 2 2 2 2 2 2 2 2 2 2 2 2 2 2 2 2 2 2 2 2 2 2 2
677 2 2 2 2 2 0 2 2 2 2 2 2 2 2 2 2 2 2 2 2 2 2 2 2 2 2 2 2 2 2 2 2 2 2 0 2 2 2 2 2 2 2 2 2 2 2 2 2 2 2 2 2 2 2 2 2 2 2 2 2 2 2 2 2 2 2 2 2 2 2 2 2 2 2 2 2 2 2 2 2 2 2 2 2 2 2 2 2 2 0 2 2 2 2 2 2 2 2 2 2 2 2 2 2 2 2 2 2 2 2 2 2 2 2 2 2 0 2 2 2 2 2 2 2 2 2 2 2 2 2 2 2 2 2 2 2 0 0 2 2 2 2 2 2 2 2 2 2 1 2 2 2 2 2 2 2 0 2 2 2 2 2 2 2 2 2 2 2 2 2 2 0 2 2 2 2 2 2 2 2 2 2 2 2 2 0 2 2 2 2 2 2 2 2 2 2 2 2 2 2 2 2 0 2 2 2 2 2 2 2 2 2 2 2 2 2 0 2 2 2 2 2 2 2 2 2 2 2 2 2 2 2 2 2 2 2 2 2 2 2 0 2 2 2 2
678 2 2 2 2 2 2 2 0 2 2 2 2 2 2 0 2 2 2 2 2 2 2 2 2 0 2 2 2 2 2 2 2 2 0 2 1 2 2 2 2 2 2 0 2 2 2 0 2 2 2 2 0 2 0 2 2 0 2 2 2 2 2 2 2 0 2 2 2 2 2 0 2 2 2 2 2 2 2 2 2 2 2 2 2 2 2 2 2 0 2 2 2 2 0 0 2 2 2 0 2 2 2 2 2 0 2 2 2 0 2 2 2 0 2 2 2 2 0 2 2 2 2 2 2 2 2 2 0 0 2 2 2 2 2 2 2 2 2 2 2 2 2 2 0 2 2 0 0 1 2 2 0 0 2 2 0 2 0 0 2 0 2 2 2 2 2 2 2 0 2 2 2 2 0 2 2 2 2 2 2 2 2 2 2 0 2 2 2 2 2 2 2 2 2 2 2 2 2 0 0 2 2 2 2 2 0 2 0 0 2 0 2 2 2 2 2 2 2 2 2 0 2 2 2 2 2 2 2 2 0 0 2 2 2 2 2 2 2 2 0 2 2 0 2 2
679 2 2 0 2 2 0 2 2 0 2 2 2 2 2 2 0 2 0 2 0 2 2 2 2 2 0 2 2 0 2 2 2 2 2 0 2 2 2 2 2 2 2 2 2 2 0 2 2 0 2 2 2 2 2 2 2 2 2 0 2 2 2 2 2 2 2 2 2 2 2 2 2 2 2 2 2 0 2 2 2 2 2 2 2 0 2 0 2 2 0 2 2 2 2 2 2 2 2 2 0 2 2 2 2 2 2 2 2 2 2 2 2 2 2 2 2 0 2 2 2 2 0 2 2 2 2 2 2 2 0 0 2 2 2 2 2 2 0 2 2 2 2 2 2 2 2 2 2 1 2 2 2 2 2 2 2 2 2 0 2 2 2 2 2 2 2 2 2 2 2 2 0 2 2 2 2 2 2 2 2 2 2 2 2 2 0 2 2 2 2 2 2 2 2 2 2 2 2 2 2 2 2 2 2 2 2 2 2 2 2 2 2 0 2 2 2 2 2 2 2 2 2 2 2 2 2 2 2 2 2 2 0 2 2 2 2 2 2 2 2 0 2 0 2 2
680 2 2 2 2 2 2 2 0 2 2 2 2 2 2 0 2 2 2 2 2 2 2 2 2 0 2 2 2 2 2 2 2 2 0 2 1 2 2 2 2 2 2 0 2 2 2 0 2 2 2 2 0 2 0 2 2 0 2 2 2 2 2 2 2 0 2 2 2 2 2 0 2 2 2 2 2 2 2 2 2 2 2 2 2 2 2 2 2 0 2 2 2 2 0 0 2 2 2 0 2 2 2 2 2 0 2 2 2 0 2 2 2 0 2 2 2 2 0 2 2 2 2 2 2 2 2 2 0 0 2 2 2 2 2 2 2 2 2 2 2 2 2 2 0 2 2 0 0 1 2 2 0 0 2 2 0 2 0 0 2 0 2 2 2 2 2 2 2 0 2 2 2 2 0 2 2 2 2 2 2 2 2 2 2 0 2 2 2 2 2 2 2 2 2 2 2 2 2 0 0 2 2 2 2 2 0 2 0 0 2 0 2 2 2 2 2 2 2 2 2 0 2 2 2 2 2 2 2 2 0 0 2 2 2 2 2 2 2 2 0 2 2 0 2 2
681 0 2 0 0 2 2 2 2 0 2 0 0 2 0 2 0 2 0 2 0 0 0 2 0 2 0 2 0 0 2 0 0 2 2 2 2 2 2 0 0 0 2 2 0 2 0 2 2 0 0 0 2 0 2 2 2 2 2 0 0 0 0 2 0 2 2 2 0 0 2 2 0 2 0 2 2 0 0 2 2 2 2 2 2 0 2 0 2 2 2 2 0 2 2 2 2 2 2 2 0 2 2 2 0 2 2 2 0 2 2 2 2 2 0 0 2 2 2 2 2 2 0 0 0 2 2 0 2 2 0 2 2 2 2 2 2 2 2 0 2 2 2 2 2 0 2 2 2 2 2 2 2 2 2 2 2 2 2 2 0 2 2 2 2 2 2 2 1 2 0 2 2 2 2 2 2 0 2 0 2 2 2 2 2 2 2 2 2 2 0 1 2 2 2 2 2 2 2 2 2 2 2 2 2 2 2 2 2 2 2 2 2 0 0 2 0 2 2 2 0 2 2 0 2 2 2 2 2 2 2 2 0 2 2 2 0 2 2 2 2 2 2 2 2 2
682 2 2 2 2 2 2 2 0 2 2 2 2 2 2 0 2 2 2 2 2 2 2 2 2 0 2 2 2 2 2 2 2 2 0 2 0 2 2 2 2 2 2 0 2 2 2 0 2 2 2 2 0 2 0 2 2 0 2 2 2 2 2 2 2 0 2 2 2 2 2 0 2 2 2 2 2 2 2 2 2 2 2 2 2 2 2 2 2 0 2 2 2 2 0 0 2 2 2 0 2 2 2 2 2 0 2 2 2 0 2 2 2 0 2 2 2 2 0 2 2 2 2 2 2 2 2 2 0 0 2 2 2 2 2 2 2 2 2 2 2 2 2 2 0 2 2 0 0 1 2 2 0 0 2 2 0 2 0 0 2 0 2 2 2 2 2 2 2 0 2 2 2 2 0 2 2 2 2 2 2 2 2 2 2 0 2 2 2 2 2 2 2 2 2 2 2 2 2 0 0 2 2 2 2 2 0 2 0 0 2 0 2 2 2 2 2 2 2 2 2 0 2 2 2 2 2 2 2 2 0 0 2 2 2 2 2 2 2 2 0 2 2 0 2 2
683 0 2 2 0 2 2 2 2 2 2 0 0 2 2 2 2 2 2 2 2 2 0 2 2 2 2 2 0 2 2 2 0 2 2 2 2 2 2 0 2 2 2 2 0 2 2 2 2 2 2 0 2 0 2 2 2 2 2 2 0 0 2 2 0 2 2 2 0 0 2 2 0 2 0 2 2 2 0 2 2 2 2 2 2 2 2 2 2 2 2 2 0 2 2 2 2 2 2 2 2 2 2 2 2 2 2 2 0 2 2 2 2 2 0 2 2 2 2 2 2 2 2 2 0 2 2 0 2 2 2 2 2 2 2 2 2 2 2 0 2 2 2 2 2 0 2 2 2 2 2 2 2 2 2 2 2 2 2 2 0 2 2 2 2 2 2 2 1 2 0 2 2 2 2 2 2 0 2 0 2 2 2 2 2 2 2 2 2 2 0 1 2 2 2 2 2 2 2 2 2 2 2 2 2 2 2 2 2 2 2 2 2 2 0 2 0 2 2 2 0 2 2 0 2 2 2 2 2 2 2 2 2 2 2 2 2 2 2 2 2 2 2 2 2 2
684 2 2 2 2 2 2 2 2 2 2 2 2 2 2 2 2 0 2 2 2 2 2 2 2 2 2 0 2 2 2 2 2 2 2 2 1 2 2 2 2 2 2 2 2 2 2 2 2 2 2 2 2 2 2 2 2 2 2 2 2 2 2 2 2 2 2 2 2 2 2 2 2 2 2 0 2 2 2 2 2 2 2 2 2 2 0 2 2 2 2 0 2 2 2 2 2 2 2 2 2 2 0 2 2 2 2 2 2 2 2 2 2 2 2 2 2 2 2 2 2 2 2 2 2 2 2 2 2 2 2 2 2 0 2 2 0 2 2 2 0 2 2 0 2 2 2 2 2 2 2 2 2 2 0 2 2 2 2 2 2 2 2 2 2 0 0 2 2 2 2 2 2 0 2 2 2 2 0 2 2 0 2 0 0 2 2 2 2 2 2 2 0 2 2 2 0 2 2 2 2 2 0 2 2 2 2 2 2 2 2 2 2 2 2 2 2 2 2 2 2 2 2 2 2 2 2 1 2 2 2 2 2 2 2 2 2 2 2 2 2 2 2 2 2 2
685 0 2 2 0 2 2 2 2 2 2 0 0 2 2 2 2 2 2 2 2 2 0 2 2 2 2 2 0 2 2 2 0 2 2 2 2 2 2 0 2 2 2 2 0 2 2 2 2 2 2 0 2 0 2 2 2 2 2 2 0 0 2 2 0 2 2 2 0 0 2 2 0 2 0 2 2 2 0 2 2 2 2 2 2 2 2 2 2 2 2 2 0 2 2 2 2 2 2 2 2 2 2 2 2 2 2 2 0 2 2 2 2 2 0 2 2 2 2 2 2 2 2 2 0 2 2 0 2 2 2 2 2 2 2 2 2 2 2 0 2 2 2 2 2 0 2 2 2 2 2 2 2 2 2 2 2 2 2 2 0 2 2 2 2 2 2 2 1 2 0 2 2 2 2 2 2 0 2 0 2 2 2 2 2 2 2 2 2 2 0 1 2 2 2 2 2 2 2 2 2 2 2 2 2 2 2 2 2 2 2 2 2 2 0 2 0 2 2 2 0 2 2 0 2 2 2 2 2 2 2 2 2 2 2 2 2 2 2 2 2 2 2 2 2 2
686 0 2 0 0 2 2 2 2 0 2 0 0 2 0 2 0 2 0 2 0 0 0 2 0 2 0 2 0 0 2 0 0 2 2 2 2 2 2 0 0 0 2 2 1 2 0 2 2 0 0 0 2 1 2 2 2 2 2 0 0 0 0 2 0 2 2 2 1 0 2 2 0 2 1 2 2 0 0 2 2 2 2 2 2 0 2 0 2 2 2 2 0 2 2 2 2 2 2 2 0 2 2 2 0 2 2 2 0 2 2 2 2 2 0 0 2 2 2 2 2 2 0 0 1 2 2 0 2 2 0 2 2 2 2 2 2 2 2 0 2 2 2 2 2 1 2 2 2 2 2 2 2 2 2 2 2 2 2 2 0 2 2 2 2 2 2 2 1 2 0 2 2 2 2 2 2 0 2 0 2 2 2 2 2 2 2 2 2 2 0 2 2 2 2 2 2 2 2 2 2 2 2 2 2 2 2 2 2 2 2 2 2 0 1 2 1 2 2 2 1 2 2 1 2 2 2 2 2 2 2 2 0 2 2 2 1 2 2 2 2 2 2 2 2 2
687 2 2 0 2 2 2 2 2 0 2 2 2 2 2 2 2 2 0 2 0 2 2 2 2 2 2 2 2 0 2 2 2 2 2 2 2 2 2 2 2 2 2 2 2 2 0 2 2 0 2 2 2 2 2 2 2 2 2 0 2 2 2 2 2 2 2 2 2 2 2 2 2 2 2 2 2 0 2 2 2 2 2 2 2 2 2 0 2 2 2 2 2 2 2 2 2 2 2 2 0 2 2 2 2 2 2 2 2 2 2 2 2 2 2 2 2 2 2 2 2 2 0 2 2 2 2 2 2 2 2 2 2 2 2 2 2 2 2 2 2 2 2 2 2 2 2 2 2 2 2 2 2 2 2 2 2 2 2 2 2 2 2 2 2 2 2 2 2 2 2 2 2 2 2 2 2 2 2 2 2 2 2 2 2 2 2 2 2 2 2 2 2 2 2 2 2 2 2 2 2 2 2 2 2 2 2 2 2 2 2 2 2 0 2 2 2 2 2 2 2 2 2 2 2 2 2 2 2 2 2 2 2 2 2 2 2 2 2 2 2 2 2 2 2 2
688 2 0 2 2 0 2 0 2 2 2 2 2 0 2 2 2 2 2 0 2 2 2 0 2 2 2 2 2 2 0 2 2 0 2 2 2 0 0 2 2 2 0 2 2 0 2 2 2 2 2 2 2 2 2 0 0 2 0 2 2 2 2 0 2 2 0 0 2 2 0 2 2 0 2 2 0 2 2 0 2 2 2 0 0 2 2 2 0 2 2 2 2 0 2 2 0 0 2 2 2 2 2 1 2 2 2 2 2 2 0 0 0 2 2 2 0 2 2 0 0 0 2 2 2 0 0 2 2 2 2 2 0 2 0 2 2 2 2 2 2 0 2 2 2 2 2 2 2 1 2 0 2 2 2 0 2 2 2 2 2 2 2 0 2 2 2 2 1 2 2 2 2 2 2 2 0 2 2 2 0 2 2 2 2 2 2 0 0 2 2 1 2 0 2 2 2 0 0 2 2 2 2 2 0 2 2 0 2 2 2 2 0 2 2 0 2 2 0 0 2 2 0 2 0 2 0 2 2 0 2 2 2 0 2 0 2 2 0 0 2 2 2 2 2 2
689 2 0 2 2 0 2 0 2 2 0 2 2 0 2 2 2 2 2 0 2 2 2 0 2 2 2 2 2 2 0 2 2 0 2 2 2 0 0 2 2 2 0 2 2 0 2 2 0 2 2 2 2 2 2 0 0 2 0 2 2 2 2 0 2 2 0 0 2 2 0 2 2 0 2 2 0 2 2 0 2 2 2 0 0 2 2 2 0 2 2 2 2 0 2 2 0 0 2 2 2 2 2 0 2 2 2 2 2 2 0 0 0 2 2 2 0 2 2 0 0 0 2 2 2 0 0 2 2 2 2 2 0 2 0 2 2 2 2 2 2 0 2 2 2 2 2 2 2 1 2 0 2 2 2 0 2 2 2 2 2 2 2 0 2 2 2 2 1 2 2 2 2 2 2 2 0 2 2 2 0 2 2 2 2 2 2 0 0 2 2 1 2 0 2 2 0 0 0 2 2 2 2 2 0 2 2 0 2 2 2 2 0 2 2 0 2 2 0 0 2 2 0 2 0 2 0 2 2 0 2 2 2 0 2 0 2 2 0 0 2 2 2 2 2 2
690 2 2 2 2 2 2 2 0 2 2 2 2 2 2 0 2 2 2 2 2 2 2 2 2 0 2 2 2 2 2 2 2 2 0 2 1 2 2 2 2 2 2 0 2 2 2 0 2 2 2 2 0 2 0 2 2 0 2 2 2 2 2 2 2 0 2 2 2 2 2 0 2 2 2 2 2 2 2 2 2 2 2 2 2 2 2 2 2 0 2 2 2 2 0 0 2 2 2 0 2 2 2 2 2 0 2 2 2 0 2 2 2 0 2 2 2 2 0 2 2 2 2 2 2 2 2 2 0 0 2 2 2 2 2 2 2 2 2 2 2 2 2 2 0 2 2 0 0 1 2 2 0 0 2 2 0 2 0 0 2 0 2 2 2 2 2 2 2 0 2 2 2 2 0 2 2 2 2 2 2 2 2 2 2 0 2 2 2 2 2 2 2 2 2 2 2 2 2 0 0 2 2 2 2 2 0 2 0 0 2 0 2 2 2 2 2 2 2 2 2 0 2 2 2 2 2 2 2 2 0 0 2 2 2 2 2 2 2 2 0 2 2 0 2 2
691 2 2 2 2 2 2 1 2 2 2 2 2 2 2 2 2 2 2 2 2 2 2 2 2 1 2 2 2 2 2 2 2 2 1 2 1 2 2 2 2 2 2 1 2 2 2 1 2 2 2 2 2 2 1 2 2 1 2 2 2 2 2 2 2 1 2 2 2 2 2 1 2 2 2 2 2 2 2 2 2 2 2 2 2 2 2 2 2 1 2 2 2 2 1 1 2 2 2 1 2 2 2 2 2 1 2 2 2 1 2 2 2 1 2 2 2 2 1 2 2 2 2 2 2 2 2 2 1 1 2 2 2 2 2 2 2 2 2 2 2 2 2 2 1 2 2 1 1 2 2 2 1 1 2 2 1 2 2 1 2 1 2 2 2 2 2 2 2 1 2 2 2 2 1 2 2 2 2 2 2 2 2 2 2 1 2 2 2 2 2 2 2 2 2 2 2 2 2 2 1 2 2 2 2 2 2 2 1 1 2 1 2 2 2 2 2 2 2 2 2 1 2 2 2 2 2 2 2 2 1 2 2 2 2 2 2 2 2 2 1 2 2 2 2 2
692 0 2 2 0 2 2 2 2 2 2 2 0 2 2 2 2 2 2 2 2 2 0 2 2 2 2 2 0 2 2 2 0 2 2 2 2 2 2 2 2 2 2 2 0 2 2 2 2 2 2 2 2 0 2 2 2 2 2 2 2 0 2 2 0 2 2 2 0 0 2 2 2 2 0 2 2 2 0 2 2 2 2 2 2 2 2 2 2 2 2 2 2 2 2 2 2 2 2 2 2 2 2 2 2 2 2 2 2 2 2 2 2 2 0 2 2 2 2 2 2 2 2 2 0 2 2 2 2 2 2 2 2 2 2 2 2 2 2 0 2 2 2 2 2 0 2 2 2 2 2 2 2 2 2 2 2 2 2 2 0 2 2 2 2 2 2 2 1 2 0 2 2 2 2 2 2 0 2 0 2 2 2 2 2 2 2 2 2 2 0 1 2 2 2 2 2 2 2 2 2 2 2 2 2 2 2 2 2 2 2 2 2 2 0 2 0 2 2 2 0 2 2 0 2 2 2 2 2 2 2 2 2 2 2 2 2 2 2 2 2 2 2 2 2 2
693 2 0 2 2 2 2 2 2 2 2 2 2 2 2 2 2 2 2 2 2 2 2 2 2 2 2 2 2 2 2 2 2 0 2 2 2 2 0 2 2 2 0 2 2 2 2 2 2 2 2 2 2 2 2 2 2 2 0 2 2 2 2 2 2 2 2 0 2 2 2 2 2 0 2 2 2 2 2 2 2 2 2 0 0 2 2 2 2 2 2 2 2 0 2 2 0 2 2 2 2 2 2 0 2 2 2 2 2 2 0 2 2 2 2 2 0 2 2 2 0 2 2 1 2 0 2 2 2 2 2 2 0 2 0 2 2 2 2 2 2 2 2 2 2 2 2 2 2 2 2 2 2 2 2 2 2 2 2 2 2 2 2 2 2 2 2 2 2 2 2 2 2 2 2 2 2 2 2 2 2 2 2 2 2 2 2 2 2 2 2 2 2 2 2 2 2 2 2 2 2 2 2 2 2 2 2 2 2 2 2 2 2 2 2 2 2 2 2 2 2 2 2 2 2 2 2 2 2 2 2 2 2 2 2 2 2 2 2 2 2 2 2 2 2 2
694 2 2 2 2 2 2 2 0 2 2 2 2 2 2 0 2 2 2 2 2 2 2 2 2 0 2 2 2 2 2 2 2 2 0 2 1 2 2 2 2 2 2 0 2 2 2 0 2 2 2 2 0 2 0 2 2 0 2 2 2 2 2 2 2 0 2 2 2 2 2 0 2 2 2 2 2 2 2 2 2 2 2 2 2 2 2 2 2 0 2 2 2 2 0 0 2 2 2 0 2 2 2 2 2 0 2 2 2 0 2 2 2 0 2 2 2 2 0 2 2 2 2 2 2 2 2 2 0 0 2 2 2 2 2 2 2 2 2 2 2 2 2 2 0 2 2 0 0 1 2 2 0 0 2 2 0 2 0 0 2 0 2 2 2 2 2 2 2 0 2 2 2 2 0 2 2 2 2 2 2 2 2 2 2 0 2 2 2 2 2 2 2 2 2 2 2 2 2 0 0 2 2 2 2 2 0 2 0 0 2 0 2 2 2 2 2 2 2 2 2 0 2 2 2 2 2 2 2 2 0 0 2 2 2 2 2 2 2 2 0 2 2 0 2 2
695 2 2 2 2 2 2 2 0 2 2 2 2 2 2 0 2 2 2 2 2 2 2 2 2 0 2 2 2 2 2 2 2 2 0 2 1 2 2 2 2 2 2 2 2 2 2 2 2 2 2 2 2 2 2 2 2 0 2 2 2 2 2 2 2 2 2 2 2 2 2 2 2 2 2 2 2 2 2 2 2 2 2 2 2 2 2 2 2 0 2 2 2 2 2 0 2 2 2 0 2 2 2 2 2 2 2 2 2 0 2 2 2 2 2 2 2 2 2 2 2 2 2 2 2 2 2 2 2 0 2 2 2 2 2 2 2 2 2 2 2 2 2 2 0 2 2 2 0 1 2 2 2 2 2 2 0 2 0 0 2 2 2 2 2 2 2 2 2 2 2 2 2 2 0 2 2 2 2 2 2 2 2 2 2 2 2 2 2 2 2 2 2 2 2 2 2 2 2 0 2 2 2 2 2 2 2 2 0 2 2 0 2 2 2 2 2 2 2 2 2 0 2 2 2 2 2 2 2 2 2 0 2 2 2 2 2 2 2 2 0 2 2 0 2 2
696 2 2 2 2 2 2 2 0 2 2 2 2 2 2 0 2 2 2 2 2 2 2 2 2 0 2 2 2 2 2 2 2 2 0 2 1 2 2 2 2 2 2 0 2 2 2 0 2 2 2 2 0 2 0 2 2 0 2 2 2 2 2 2 2 0 2 2 2 2 2 0 2 2 2 2 2 2 2 2 2 2 2 2 2 2 2 2 2 0 2 2 2 2 0 0 2 2 2 0 2 2 2 2 2 0 2 2 2 0 2 2 2 0 2 2 2 2 0 2 2 2 2 2 2 2 2 2 0 0 2 2 2 2 2 2 2 2 2 2 2 2 2 2 0 2 2 0 0 1 2 2 0 0 2 2 0 2 0 0 2 0 2 2 2 2 2 2 2 0 2 2 2 2 0 2 2 2 2 2 2 2 2 2 2 0 2 2 2 2 2 2 2 2 2 2 2 2 2 0 0 2 2 2 2 2 0 2 0 0 2 0 2 2 2 2 2 2 2 2 2 0 2 2 2 2 2 2 2 2 0 0 2 2 2 2 2 2 2 2 0 2 2 0 2 2
697 2 2 2 2 2 2 2 0 2 2 2 2 2 2 0 2 2 2 2 2 2 2 2 2 0 2 2 2 2 2 2 2 2 0 2 1 2 2 2 2 2 2 0 2 2 2 0 2 2 2 2 0 2 0 2 2 0 2 2 2 2 2 2 2 0 2 2 2 2 2 0 2 2 2 2 2 2 2 2 2 2 2 2 2 2 2 2 2 0 2 2 2 2 0 0 2 2 2 0 2 2 2 2 2 0 2 2 2 0 2 2 2 0 2 2 2 2 0 2 2 2 2 2 2 2 2 2 0 0 2 2 2 2 2 2 2 2 2 2 2 2 2 2 0 2 2 0 0 1 2 2 0 0 2 2 0 2 0 0 2 0 2 2 2 2 2 2 2 0 2 2 2 2 0 2 2 1 2 2 2 2 2 2 2 0 2 2 2 2 2 2 2 2 2 2 2 2 2 0 0 2 2 2 2 2 0 2 0 0 2 0 2 2 2 2 2 2 2 2 2 0 2 2 2 2 2 2 2 2 0 0 2 2 2 2 2 2 2 2 0 2 2 0 2 2
698 0 2 0 0 2 2 2 0 0 2 0 0 2 0 0 0 2 0 2 0 0 0 2 0 0 0 2 0 0 2 0 0 2 0 2 1 2 2 0 0 0 2 0 0 2 0 0 2 0 0 0 0 0 0 2 2 0 2 0 0 0 0 2 0 0 2 2 0 0 2 0 0 2 0 2 2 0 0 2 2 2 2 2 2 0 2 0 2 0 2 2 0 2 0 0 2 2 2 0 0 2 2 2 0 0 2 2 0 0 2 2 2 0 0 0 2 2 0 2 2 2 0 0 0 2 2 0 0 0 0 0 2 2 2 2 2 2 2 0 2 2 2 2 0 0 0 0 0 1 2 2 0 0 2 2 0 2 0 0 0 0 2 2 2 2 2 2 1 0 0 2 2 2 0 2 2 0 2 0 2 2 2 2 2 0 2 2 2 2 0 1 2 2 2 2 2 2 2 0 0 2 2 2 2 2 0 2 0 0 2 0 2 0 0 2 0 2 2 2 0 0 2 0 2 2 2 2 2 2 0 0 0 2 2 2 0 2 2 2 0 2 2 0 2 2
699 2 2 2 2 2 2 2 2 2 2 2 2 2 2 2 2 2 2 2 2 2 2 2 2 2 2 2 2 2 2 2 2 2 2 2 2 2 2 2 2 2 2 2 2 2 2 2 2 2 2 2 2 2 2 2 2 2 2 2 2 2 2 2 2 2 2 2 2 2 2 2 2 2 2 2 2 2 2 2 2 0 0 2 2 2 2 2 2 2 2 2 2 2 2 2 2 2 2 2 2 0 2 2 2 2 2 0 2 2 2 2 2 2 2 2 2 2 2 2 2 2 2 2 2 2 2 2 2 2 2 2 2 2 2 2 2 2 2 2 2 2 0 2 2 2 2 2 2 2 2 2 2 2 2 2 2 2 2 2 2 2 2 2 0 2 2 0 2 2 2 2 2 2 2 0 2 2 2 2 2 2 2 2 2 2 2 2 2 0 2 2 2 2 2 0 2 2 2 2 2 2 2 2 2 2 2 2 2 2 2 2 2 2 2 2 2 2 2 2 2 2 2 2 2 2 2 2 0 2 2 2 2 2 0 2 2 2 2 2 2 2 0 2 0 0
700 0 2 2 0 2 2 2 2 2 2 0 0 2 0 2 2 2 2 2 2 2 0 2 0 2 2 2 0 2 2 2 0 2 2 2 2 2 2 0 2 2 2 2 0 2 2 2 2 2 2 0 2 0 2 2 2 2 2 2 0 0 2 2 0 2 2 2 0 0 2 2 0 2 0 2 2 2 0 2 2 2 2 2 2 2 2 2 2 2 2 2 0 2 2 2 2 2 2 2 2 2 2 2 2 2 2 2 0 2 2 2 2 2 0 2 2 2 2 2 2 2 2 2 0 2 2 0 2 2 2 2 2 2 2 2 2 2 2 0 2 2 2 2 2 0 2 2 2 2 2 2 2 2 2 2 2 2 2 2 0 2 2 2 2 2 2 2 1 2 0 2 2 2 2 2 2 0 2 0 2 2 2 2 2 2 2 2 2 2 0 1 2 2 2 2 2 2 2 2 2 2 2 2 2 2 2 2 2 2 2 2 2 2 0 2 0 2 2 2 0 2 2 0 2 2 2 2 2 2 2 2 2 2 2 2 2 2 2 2 2 2 2 2 2 2
701 0 2 2 0 2 2 2 2 2 2 2 0 2 2 2 2 2 2 2 2 2 0 2 2 2 2 2 0 2 2 2 1 2 2 2 2 2 2 2 2 2 2 2 0 2 2 2 2 2 2 2 2 0 2 2 2 2 2 2 2 0 2 2 0 2 2 2 0 0 2 2 2 2 0 2 2 2 0 2 2 2 2 2 2 2 2 2 2 2 2 2 2 2 2 2 2 2 2 2 2 2 2 2 2 2 2 2 2 2 2 2 2 2 1 2 2 2 2 2 2 2 2 2 0 2 2 2 2 2 2 2 2 2 2 2 2 2 2 0 2 2 2 2 2 0 2 2 2 2 2 2 2 2 2 2 2 2 2 2 0 2 2 2 2 2 2 2 1 2 0 2 2 2 2 2 2 0 2 0 2 2 2 2 2 2 2 2 2 2 0 2 2 2 2 2 2 2 2 2 2 2 2 2 2 2 2 2 2 2 2 2 2 2 0 2 1 2 2 2 0 2 2 0 2 2 2 2 2 2 2 2 2 2 2 2 2 2 2 2 2 2 2 2 2 2
702 2 2 0 2 2 2 2 2 0 2 2 2 2 2 2 0 2 0 2 0 2 2 2 2 2 0 2 2 0 2 2 2 2 2 2 2 2 2 2 2 2 2 2 2 2 0 2 2 0 2 2 2 2 2 2 2 2 2 0 2 2 2 2 2 2 2 2 2 2 2 2 2 2 2 2 2 0 2 2 2 2 2 2 2 0 2 0 2 2 2 2 2 2 2 2 2 2 2 2 0 2 2 2 2 2 2 2 2 2 2 2 2 2 2 2 2 2 2 2 2 2 0 2 2 2 2 2 2 2 0 2 2 2 2 2 2 2 2 2 2 2 2 2 2 2 2 2 2 2 2 2 2 2 2 2 2 2 2 2 2 2 2 2 2 2 2 2 2 2 2 2 2 2 2 2 2 2 2 2 2 2 2 2 2 2 2 2 2 2 2 2 2 2 2 2 2 2 2 2 2 2 2 2 2 2 2 2 2 2 2 2 2 0 2 2 2 2 2 2 2 2 2 2 2 2 2 2 2 2 2 2 0 2 2 2 2 2 2 2 2 2 2 2 2 2
703 2 2 0 2 2 2 2 2 0 2 2 2 2 2 2 0 2 0 2 0 2 2 2 2 2 0 2 2 0 2 2 2 2 2 2 2 2 2 2 2 2 2 2 2 2 0 2 2 0 2 2 2 2 2 2 2 2 2 0 2 2 2 2 2 2 2 2 2 2 2 2 2 2 2 2 2 0 2 2 2 2 2 2 2 0 2 0 2 2 2 2 2 2 2 2 2 2 2 2 0 2 2 2 2 2 2 2 2 2 2 2 2 2 2 2 2 2 2 2 2 2 0 2 2 2 2 2 2 2 0 2 2 2 2 2 2 2 2 2 2 2 2 2 2 2 2 2 2 2 2 2 2 2 2 2 2 2 2 2 2 2 2 2 2 2 2 2 2 2 2 2 2 2 2 2 2 2 2 2 2 2 2 2 2 2 2 2 2 2 2 2 2 2 2 2 2 2 2 2 2 2 2 2 2 2 2 2 2 2 2 2 2 0 2 2 2 2 2 2 2 2 2 2 2 2 2 2 2 2 2 2 0 2 2 2 2 2 2 2 2 2 2 2 2 2
704 0 2 2 0 2 2 2 2 2 2 2 0 2 2 2 2 2 2 2 2 2 0 2 2 2 2 2 0 2 2 2 0 2 2 2 2 2 2 2 2 2 2 2 0 2 2 2 2 2 2 2 2 0 2 2 2 2 2 2 2 0 2 2 0 2 2 2 0 2 2 2 2 2 0 2 2 2 0 2 2 2 2 2 2 2 2 2 2 2 2 2 2 2 2 2 2 2 2 2 2 2 2 2 2 2 2 2 2 2 2 2 2 2 0 2 2 2 2 2 2 2 2 2 0 2 2 2 2 2 2 2 2 2 2 2 2 2 2 0 2 2 2 2 2 0 2 2 2 2 2 2 2 2 2 2 2 2 2 2 0 2 2 2 2 2 2 2 0 2 0 2 2 2 2 2 2 0 2 0 2 2 2 2 2 2 2 2 2 2 0 1 2 2 2 2 2 2 2 2 2 2 2 2 2 2 2 2 2 2 2 2 2 2 0 2 0 2 2 2 0 2 2 0 2 2 2 2 2 2 2 2 2 2 2 2 2 2 2 2 2 2 2 2 2 2
705 2 2 0 2 2 2 2 2 0 2 2 2 2 2 2 2 2 0 2 0 2 2 2 2 2 2 2 2 0 2 2 2 2 2 2 2 2 2 2 2 2 2 2 2 2 0 2 2 0 2 2 2 2 2 2 2 2 2 0 2 2 2 2 2 2 2 2 2 2 2 2 2 2 2 2 2 0 2 2 2 2 2 2 2 2 2 0 2 2 2 2 2 2 2 2 2 2 2 2 0 2 2 2 2 2 2 2 2 2 2 2 2 2 2 2 2 2 2 2 2 2 0 2 2 2 2 2 2 2 2 2 2 2 2 2 2 2 2 2 2 2 2 2 2 2 2 2 2 2 2 2 2 2 2 2 2 2 2 2 2 2 2 2 2 2 2 2 2 2 2 2 2 2 2 2 2 2 2 2 2 2 2 2 2 2 2 2 2 2 2 2 2 2 2 2 2 2 2 2 2 2 2 2 2 2 2 2 2 2 2 2 2 0 2 2 2 2 2 2 2 2 2 2 2 2 2 2 2 2 2 2 2 2 2 2 2 2 2 2 2 2 2 2 2 2
706 2 2 0 2 2 2 2 2 0 2 2 2 2 2 2 0 2 0 2 0 2 2 2 2 2 0 2 2 0 2 2 2 2 2 2 2 2 2 2 2 2 2 2 2 2 0 2 2 0 2 2 2 2 2 2 2 2 2 0 2 2 2 2 2 2 2 2 2 2 2 2 2 2 2 2 2 0 2 2 2 2 2 2 2 0 2 0 2 2 2 2 2 2 2 2 2 2 2 2 0 2 2 2 2 2 2 2 2 2 2 2 2 2 2 2 2 2 2 2 2 2 0 2 2 2 2 2 2 2 0 2 2 2 2 2 2 2 2 2 2 2 2 2 2 2 2 2 2 2 2 2 2 2 2 2 2 2 2 2 2 2 2 2 2 2 2 2 2 2 2 2 2 2 2 2 2 2 2 2 2 2 2 2 2 2 2 2 2 2 2 2 2 2 2 2 2 2 2 2 2 2 2 2 2 2 2 2 2 2 2 2 2 0 2 2 2 2 2 2 2 2 2 2 2 2 2 2 2 2 2 2 0 2 2 2 2 2 2 2 2 2 2 2 2 2
707 2 2 2 2 2 2 2 2 2 2 2 2 2 2 2 2 0 2 2 2 2 2 2 2 2 2 0 2 2 2 2 2 2 2 2 1 2 2 2 2 2 2 2 2 2 2 2 2 2 2 2 2 2 2 2 2 2 2 2 2 2 2 2 2 2 2 2 2 2 2 2 2 2 2 0 2 2 2 2 2 2 2 2 2 2 0 2 2 2 2 0 2 2 2 2 2 2 2 2 2 2 0 2 2 2 2 2 2 2 2 2 2 2 2 2 2 2 2 2 2 2 2 2 2 2 2 2 2 2 2 2 2 0 2 2 0 2 2 2 0 2 2 0 2 2 2 2 2 2 2 2 2 2 0 2 2 2 2 2 2 2 2 2 2 0 0 2 2 2 2 2 2 0 2 2 2 2 0 2 2 0 2 0 0 2 2 2 2 2 2 2 0 2 2 2 0 2 2 2 2 2 0 2 2 2 2 2 2 2 2 2 2 2 2 2 2 2 2 2 2 2 2 2 2 2 2 0 2 2 2 2 2 2 2 2 2 2 2 2 2 2 2 2 2 2
708 2 2 0 2 2 2 2 2 0 2 2 2 2 2 2 0 2 0 2 0 2 2 2 2 2 0 2 2 0 2 2 2 2 2 2 2 2 2 2 2 2 2 2 2 2 0 2 2 0 2 2 2 2 2 2 2 2 2 0 2 2 2 2 2 2 2 2 2 2 2 2 2 2 2 2 2 0 2 2 2 2 2 2 2 0 2 0 2 2 2 2 2 2 2 2 2 2 2 2 0 2 2 2 2 2 2 2 2 2 2 2 2 2 2 2 2 2 2 2 2 2 0 2 2 2 2 2 2 2 0 2 2 2 2 2 2 2 2 2 2 2 2 2 2 2 2 2 2 2 2 2 2 2 2 2 2 2 2 2 2 2 2 2 2 2 2 2 2 2 2 2 2 2 2 2 2 2 2 2 2 2 2 2 2 2 2 2 2 2 2 2 2 2 2 2 2 2 2 2 2 2 2 2 2 2 2 2 2 2 2 2 2 0 2 2 2 2 2 2 2 2 2 2 2 2 2 2 2 2 2 2 0 2 2 2 2 2 2 2 2 2 2 2 2 2
709 0 2 2 0 2 2 2 2 2 2 0 0 2 2 2 2 2 2 2 2 2 0 2 2 2 2 2 0 2 2 2 0 2 2 2 2 2 2 0 2 2 2 2 1 2 2 2 2 2 2 0 2 0 2 2 2 2 2 2 0 0 2 2 0 2 2 2 0 0 2 2 1 2 0 2 2 2 0 2 2 2 2 2 2 2 2 2 2 2 2 2 0 2 2 2 2 2 2 2 2 2 2 2 2 2 2 2 0 2 2 2 2 2 0 2 2 2 2 2 2 2 2 2 0 2 2 0 2 2 2 2 2 2 2 2 2 2 2 0 2 2 2 2 2 0 2 2 2 2 2 2 2 2 2 2 2 2 2 2 0 2 2 2 2 2 2 2 1 2 0 2 2 2 2 2 2 0 2 0 2 2 2 2 2 2 2 2 2 2 0 2 2 2 2 2 2 2 2 2 2 2 2 2 2 2 2 2 2 2 2 2 2 2 0 2 0 2 2 2 0 2 2 0 2 2 2 2 2 2 2 2 2 2 2 2 2 2 2 2 2 2 2 2 2 2
710 0 2 0 0 2 2 2 2 0 2 0 0 2 0 2 0 2 0 2 0 0 0 2 0 2 0 2 0 0 2 0 0 2 2 2 2 2 2 0 0 0 2 2 0 2 0 2 2 0 0 0 2 0 2 2 2 2 2 0 0 0 0 2 0 2 2 2 0 0 2 2 0 2 0 2 2 0 0 2 2 2 2 2 2 0 2 0 2 2 2 2 0 2 2 2 2 2 2 2 0 2 2 2 0 2 2 2 0 2 2 2 2 2 0 0 2 2 2 2 2 2 0 0 0 2 2 0 2 2 0 2 2 2 2 2 2 2 2 0 2 2 2 2 2 0 2 2 2 2 2 2 2 2 2 2 2 2 2 2 0 2 2 2 2 2 2 2 0 2 0 2 2 2 2 2 2 0 2 0 2 2 2 2 2 2 2 2 2 2 0 1 2 2 2 2 2 2 2 2 2 2 2 2 2 2 2 2 2 2 2 2 2 0 0 2 0 2 2 2 0 2 2 0 2 2 2 2 2 2 2 2 0 2 2 2 0 2 2 2 2 2 2 2 2 2
711 2 2 2 2 2 2 2 0 2 2 2 2 2 2 0 2 2 2 2 2 2 2 2 2 0 2 2 2 2 2 2 2 2 0 2 1 2 2 2 2 2 2 0 2 2 2 0 2 2 2 2 0 2 0 2 2 0 2 2 2 2 2 2 2 0 2 2 2 2 2 0 2 2 2 2 2 2 2 2 2 2 2 2 2 2 2 2 2 0 2 2 2 2 0 0 2 2 2 0 2 2 2 2 2 0 2 2 2 0 2 2 2 0 2 2 2 2 0 2 2 2 2 2 2 2 2 2 0 0 2 2 2 2 2 2 2 2 2 2 2 2 2 2 0 2 2 0 0 1 2 2 0 0 2 2 0 2 0 0 2 0 2 2 2 2 2 2 2 0 2 2 2 2 0 2 2 2 2 2 2 2 2 2 2 0 2 2 2 2 2 2 2 2 2 2 2 2 2 0 0 2 2 2 2 2 0 2 0 0 2 0 2 2 2 2 2 2 2 2 2 0 2 2 2 2 2 2 2 2 0 0 2 2 2 2 2 2 2 2 0 2 2 0 2 2
712 0 2 0 0 2 2 2 2 0 2 0 0 2 0 2 0 2 0 2 0 0 0 2 0 2 0 2 0 0 2 0 0 2 2 2 2 2 2 0 0 0 2 2 0 2 0 2 2 0 0 0 2 0 2 2 2 2 2 0 0 0 0 2 0 2 2 2 0 0 2 2 0 2 0 2 2 0 0 2 2 2 2 2 2 0 2 0 2 2 2 2 0 2 2 2 2 2 2 2 0 2 2 2 0 2 2 2 0 2 2 2 2 2 0 0 2 2 2 2 2 2 0 0 0 2 2 0 2 2 0 2 2 2 2 2 2 2 2 0 2 2 2 2 2 0 2 2 2 2 2 2 2 2 2 2 2 2 2 2 0 2 2 2 2 2 2 2 1 2 0 2 2 2 2 2 2 0 2 0 2 2 2 2 2 2 2 2 2 2 0 1 2 2 2 2 2 2 2 2 2 2 2 2 2 2 2 2 2 2 2 2 2 0 0 2 0 2 2 2 0 2 2 0 2 2 2 2 2 2 2 2 0 2 2 2 0 2 2 2 2 2 2 2 2 2
713 0 2 0 0 2 2 2 2 0 2 0 0 2 0 2 0 2 0 2 0 0 0 2 0 2 0 2 0 0 2 0 0 2 2 2 2 1 2 0 0 0 2 2 0 2 0 2 2 0 0 0 2 0 2 2 2 2 2 0 0 0 0 2 0 2 2 2 0 0 2 2 0 2 0 2 2 0 0 2 2 2 2 2 2 0 2 0 2 2 2 2 0 2 2 2 2 2 2 2 0 2 2 2 0 2 2 2 0 2 2 2 2 2 0 0 2 2 2 2 2 2 0 0 0 2 2 0 2 2 0 2 2 2 2 2 2 2 2 0 2 2 2 2 2 0 2 2 2 2 2 2 2 2 2 2 2 2 2 2 0 2 2 2 2 2 2 2 1 2 0 2 2 2 2 2 2 0 2 0 2 2 2 2 2 2 2 2 2 2 0 1 2 2 2 2 2 2 2 2 2 2 2 2 2 2 2 2 2 2 2 2 2 0 0 2 0 2 2 2 0 2 2 0 2 2 2 2 2 2 2 2 0 2 2 2 0 2 2 2 2 2 2 2 2 2
714 0 2 2 0 2 2 2 2 2 2 2 0 2 2 2 2 2 2 2 2 2 0 2 2 2 2 2 0 2 2 2 0 2 2 2 2 2 2 2 2 2 2 2 0 2 2 2 2 2 2 2 2 0 2 2 2 2 2 2 2 0 2 2 0 2 2 2 0 0 2 2 2 2 0 2 2 2 0 2 2 2 2 2 2 2 2 2 2 2 2 2 2 2 2 2 2 2 2 2 2 2 2 2 2 2 2 2 2 2 2 2 2 2 0 2 2 2 2 2 2 2 2 2 0 2 2 2 2 2 2 2 2 2 2 2 2 2 2 0 2 2 2 2 2 0 2 2 2 2 2 2 2 2 2 2 2 2 2 2 0 2 2 2 2 2 2 2 1 2 0 2 2 2 2 2 2 0 2 0 2 2 2 2 2 2 2 2 2 2 0 1 2 2 2 2 2 2 2 2 2 2 2 2 2 2 2 2 2 2 2 2 2 2 0 2 0 2 2 2 0 2 2 0 2 2 2 2 2 2 2 2 2 2 2 2 2 2 2 2 2 2 2 2 2 2
715 2 2 2 2 2 2 2 2 2 2 2 2 2 2 2 2 0 2 2 2 2 2 2 2 2 2 0 2 2 2 2 2 2 2 2 1 2 2 2 2 2 2 2 2 2 2 2 2 2 2 2 2 2 2 2 2 2 2 2 2 2 2 2 2 2 2 2 2 2 2 2 2 2 2 0 2 2 2 2 2 2 2 2 2 2 0 2 2 2 2 0 2 2 2 2 2 2 2 2 2 2 2 2 2 2 2 2 2 2 2 2 2 2 2 2 2 2 2 2 2 2 2 2 2 2 2 2 2 2 2 2 2 0 2 2 0 2 2 2 0 2 2 0 2 2 2 2 2 2 2 2 2 2 0 2 2 2 2 2 2 2 2 2 2 0 0 2 2 2 2 2 2 0 2 2 2 2 0 2 2 0 2 0 0 2 2 2 2 2 2 2 0 2 2 2 0 2 2 2 2 2 0 2 2 2 2 2 2 2 2 2 2 2 2 2 2 2 2 2 2 2 2 2 2 2 2 0 2 2 2 2 2 2 2 2 2 2 2 2 2 2 2 2 2 2
716 2 2 2 2 2 2 2 2 2 2 2 2 2 2 2 2 2 2 2 2 2 2 2 2 2 2 2 2 2 2 2 2 2 2 2 2 2 2 2 2 2 2 2 2 2 2 2 2 2 2 2 2 2 2 2 2 2 2 2 2 2 2 2 2 2 2 2 2 2 2 2 2 2 2 2 2 2 2 2 2 0 0 2 2 2 2 2 2 2 2 2 2 2 2 2 2 2 2 2 2 0 2 2 2 2 2 0 2 2 2 2 2 2 2 2 2 2 2 2 2 2 2 2 2 2 2 2 2 2 2 2 2 2 2 2 2 2 2 2 2 2 0 2 2 2 2 2 2 2 2 2 2 2 2 2 2 2 2 2 2 0 2 2 0 2 2 0 2 2 2 2 2 2 2 0 2 2 2 2 2 2 2 2 2 2 2 2 2 0 2 2 2 2 2 0 2 2 2 2 2 2 2 2 2 2 2 2 2 2 2 2 2 2 2 2 2 2 2 2 2 2 2 2 2 2 2 2 0 2 2 2 2 2 0 2 2 2 2 2 2 2 0 2 0 0
717 0 2 2 0 2 2 2 2 2 2 0 0 2 2 2 2 2 2 2 2 2 0 2 2 2 2 2 0 2 2 2 0 2 2 2 2 2 2 0 2 2 2 2 0 2 2 2 2 2 2 0 2 0 2 2 2 2 2 2 0 0 2 2 0 2 2 2 0 0 2 2 0 2 0 2 2 2 0 2 2 2 2 2 2 2 2 2 2 2 2 2 0 2 2 2 2 2 2 2 2 2 2 2 2 2 2 2 0 2 2 2 2 2 0 2 2 2 2 2 2 2 2 2 0 2 2 0 2 2 2 2 2 2 2 2 2 2 2 0 2 2 2 2 2 0 2 2 2 2 2 2 2 2 2 2 2 2 2 2 0 2 2 2 2 2 2 2 1 2 0 2 2 2 2 2 2 0 2 0 2 2 2 2 2 2 2 2 2 2 0 1 2 2 2 2 2 2 2 2 2 2 2 2 2 2 2 2 2 2 2 2 2 2 0 2 0 2 2 2 0 2 2 0 2 2 2 2 2 2 2 2 2 2 2 2 2 2 2 2 2 0 2 2 2 2
718 2 2 2 2 2 2 2 2 2 2 2 2 2 2 2 2 2 2 2 2 2 2 2 2 2 2 2 2 2 2 2 2 2 2 2 2 2 2 2 2 2 2 2 2 2 2 2 2 2 2 2 2 2 2 2 2 2 2 2 2 2 2 2 2 2 2 2 2 2 2 2 2 2 2 2 2 2 2 2 2 0 0 2 2 2 2 2 2 2 2 2 2 2 2 2 2 2 2 2 2 0 2 2 2 2 2 0 2 2 2 2 2 2 2 2 2 2 2 2 2 2 2 2 2 2 2 2 2 2 2 2 2 2 2 2 2 2 2 2 2 2 0 2 2 2 2 2 2 2 2 2 2 2 2 2 2 2 2 2 2 2 2 2 0 2 2 0 2 2 2 2 2 2 2 0 2 2 2 2 2 2 2 2 2 2 2 2 2 0 2 2 2 2 2 0 2 2 2 2 2 2 2 2 2 2 2 2 2 2 2 2 2 2 2 2 2 2 2 2 2 2 2 2 2 2 2 2 0 2 2 2 2 2 0 2 2 2 2 2 2 2 0 2 0 0
719 0 2 0 0 2 2 2 0 0 2 0 0 2 0 0 0 2 0 2 0 0 0 2 0 0 0 2 0 0 2 0 0 2 0 2 1 2 2 0 0 0 2 0 0 2 0 0 2 0 0 0 0 0 0 2 2 0 2 0 0 0 0 2 0 0 2 2 0 0 2 0 0 2 0 2 2 0 0 2 2 2 2 2 2 0 2 0 2 0 2 2 0 2 0 0 2 2 2 0 0 2 2 2 0 0 2 2 0 0 2 2 2 0 0 0 2 2 0 2 2 2 0 0 0 2 2 0 0 0 0 0 2 2 2 2 2 2 2 0 2 2 2 2 0 0 0 0 0 1 2 2 0 0 2 2 0 2 0 0 0 0 2 2 2 2 2 2 1 0 0 2 2 2 0 2 2 0 2 0 2 2 2 2 2 0 2 2 2 2 0 1 2 2 2 2 2 2 2 0 0 2 2 2 2 2 0 2 0 0 2 0 2 0 0 2 0 2 2 2 0 0 2 0 2 2 2 2 2 2 0 0 0 2 2 2 0 2 2 2 0 2 2 0 2 2
720 0 2 0 0 2 2 2 2 0 2 0 0 2 0 2 0 2 0 2 0 0 0 2 0 2 0 2 0 0 2 0 0 2 2 2 2 2 2 0 0 0 2 2 0 2 0 2 2 0 0 0 2 0 2 2 2 2 2 0 0 0 0 2 0 2 2 2 0 0 2 2 0 2 0 2 2 0 0 2 2 2 2 2 2 0 2 0 2 2 2 2 0 2 2 2 2 2 2 2 0 2 2 2 0 2 2 2 0 2 2 2 2 2 0 0 2 2 2 2 2 2 0 0 0 2 2 0 2 2 0 2 2 2 2 2 2 2 2 0 2 2 2 2 2 0 2 2 2 2 2 2 2 2 2 2 2 2 2 2 0 2 2 2 2 2 2 2 1 2 0 2 2 2 2 2 2 0 2 0 2 2 2 2 2 2 2 2 2 2 0 1 2 2 2 2 2 2 2 2 2 2 2 2 2 2 2 2 2 2 2 2 2 0 0 2 0 2 2 2 0 2 2 0 2 2 2 2 2 2 2 2 0 2 2 2 0 2 2 2 2 2 2 2 2 2
721 0 2 0 0 2 2 2 0 0 2 0 0 2 0 0 0 2 0 2 0 0 0 2 0 0 0 2 0 0 2 0 0 2 0 2 1 2 2 0 0 0 2 0 0 2 0 0 2 0 0 0 0 0 0 2 2 0 2 0 0 0 0 2 0 0 2 2 0 0 2 0 0 2 0 2 2 0 0 2 2 2 2 2 2 0 2 0 2 0 2 2 0 2 0 0 2 2 2 0 0 2 2 2 0 0 2 2 0 0 2 2 2 0 0 0 2 2 0 2 2 2 0 0 0 2 2 0 0 0 0 2 2 2 2 2 2 2 2 0 2 2 2 2 0 0 2 0 0 1 2 2 0 0 2 2 0 2 0 0 0 0 2 2 2 2 2 2 1 0 0 2 2 2 0 2 2 0 2 0 2 2 2 2 2 0 2 2 2 2 0 1 2 2 2 2 2 2 2 0 0 2 2 2 2 2 0 2 0 0 2 0 2 0 0 2 0 2 2 2 0 0 2 0 2 2 2 2 2 2 0 0 0 2 2 2 0 2 2 2 0 2 2 0 2 2
722 2 2 2 2 2 2 2 0 2 2 2 2 2 2 0 2 2 2 2 2 2 2 2 2 0 2 2 2 2 2 2 2 2 0 2 1 2 2 2 2 2 2 1 2 2 2 0 2 2 2 2 0 2 0 2 2 0 2 2 2 2 2 2 2 0 2 2 2 2 2 0 2 2 2 2 2 2 2 2 2 2 2 2 2 2 2 2 2 2 2 2 2 2 1 1 2 2 2 1 2 2 2 2 2 0 2 2 2 0 2 2 2 0 2 2 2 2 0 2 2 2 2 2 2 2 2 2 0 0 2 2 2 2 2 2 2 2 2 2 2 2 2 2 0 2 2 0 2 1 2 2 0 0 2 2 0 2 0 0 2 0 2 2 2 2 2 2 2 0 2 2 2 2 0 2 2 2 2 2 2 2 2 2 2 0 2 2 2 2 2 2 2 2 2 2 2 2 2 0 0 2 2 2 2 2 0 2 0 0 2 2 2 2 2 2 2 2 2 2 2 0 2 2 2 2 2 2 2 2 0 0 2 2 2 2 2 2 2 2 0 2 2 0 2 2
723 0 2 0 0 2 2 2 0 0 2 0 0 2 0 0 0 2 0 2 0 0 0 2 0 0 0 2 0 0 2 0 0 2 0 2 1 2 2 0 0 0 2 0 0 2 0 0 2 0 0 0 0 0 0 2 2 0 2 0 0 0 0 2 0 0 2 2 0 0 2 0 0 2 0 2 2 0 0 2 2 2 2 2 2 0 2 0 2 0 2 2 0 2 0 0 2 2 2 0 0 2 2 2 0 0 2 2 0 0 2 2 2 0 0 0 2 2 0 2 2 2 0 0 0 2 2 0 0 0 0 2 2 2 2 2 2 2 2 0 2 2 2 2 0 0 2 0 0 1 2 2 0 0 2 2 0 2 0 0 0 0 2 2 2 2 2 2 1 0 0 2 2 2 0 2 2 0 2 0 2 2 2 2 2 0 2 2 2 2 0 1 2 2 2 2 2 2 2 0 0 2 2 2 2 2 0 2 0 0 2 0 2 0 0 2 0 2 2 2 0 0 2 0 2 2 2 2 2 2 0 0 0 2 2 2 0 2 2 2 0 2 2 0 2 2
724 2 0 2 2 0 2 0 2 2 2 2 2 0 2 2 2 2 2 0 2 2 2 0 2 2 2 2 2 2 0 2 2 0 2 2 2 0 0 2 2 2 0 2 2 0 2 2 2 2 2 2 2 2 2 0 0 2 0 2 2 2 2 0 2 2 0 0 2 2 0 2 2 0 2 2 0 2 2 0 2 2 2 0 0 2 2 2 0 2 2 2 2 0 2 2 0 0 2 2 2 2 2 0 2 2 2 2 2 2 0 0 0 2 2 2 0 2 2 0 0 0 2 2 2 0 0 2 2 2 2 2 0 2 0 2 2 2 2 2 2 0 2 2 2 2 2 2 2 1 2 0 2 2 2 0 2 2 2 2 2 2 2 0 2 2 2 2 1 2 2 2 2 2 2 2 0 2 2 2 0 2 2 2 2 2 2 0 0 2 2 1 2 0 2 2 2 0 0 2 2 2 2 2 0 2 2 0 2 2 2 2 0 2 2 0 2 2 0 0 2 2 0 2 0 2 0 2 2 0 2 2 2 0 2 0 2 2 0 0 2 2 2 2 2 2
725 2 2 2 2 2 2 2 2 2 2 2 2 2 2 2 2 0 2 2 2 2 2 2 2 2 2 0 2 2 2 2 2 2 2 2 2 2 2 2 2 2 2 2 2 2 2 2 2 2 2 2 2 2 2 2 2 2 2 2 2 2 2 2 2 2 2 2 2 2 2 2 2 2 2 0 2 2 2 2 2 2 2 2 2 2 0 2 2 2 2 0 2 2 2 2 2 2 2 2 2 2 0 2 2 2 2 2 2 2 2 2 2 2 2 2 2 2 2 2 2 2 2 2 2 2 2 2 0 2 2 2 2 0 2 2 0 2 2 2 0 2 2 0 2 2 2 2 2 2 2 2 2 2 0 2 2 2 2 2 2 2 2 2 2 0 0 0 2 2 2 2 2 0 2 0 2 2 0 2 2 0 2 0 0 2 2 2 2 2 2 2 0 2 2 2 0 2 2 2 2 2 0 2 2 2 2 2 2 2 2 2 2 2 2 2 2 2 2 2 2 2 2 2 2 2 2 0 2 2 2 2 2 2 0 2 2 2 2 2 2 2 0 2 2 2
726 2 2 2 2 2 2 2 2 2 2 2 2 2 2 2 2 0 2 2 2 2 2 2 2 2 2 0 2 2 2 2 2 2 2 2 1 2 2 2 2 2 2 2 2 2 2 2 2 2 2 2 2 2 2 2 2 2 2 2 2 2 2 2 2 2 2 2 2 2 2 2 2 2 2 0 2 2 2 2 2 2 2 2 2 2 0 2 2 2 2 0 2 2 2 2 2 2 2 2 2 2 0 2 2 2 2 2 2 2 2 2 2 2 2 2 2 2 2 2 2 2 2 2 2 2 2 2 2 2 2 2 2 0 2 2 0 2 2 2 0 2 2 0 2 2 2 2 2 2 2 2 2 2 0 2 2 2 2 2 2 2 2 2 2 0 0 0 2 2 2 2 2 0 2 0 2 2 0 2 2 0 2 0 0 2 2 2 2 2 2 2 0 2 2 2 0 2 2 2 2 2 0 2 2 2 2 2 2 2 2 2 2 2 2 2 2 2 2 2 2 2 2 2 2 2 2 0 2 2 2 2 2 2 0 2 2 2 2 2 2 2 0 2 2 2
727 0 2 2 0 2 2 2 2 2 2 2 0 2 2 2 2 2 2 2 2 2 0 2 2 2 2 2 0 2 2 2 0 2 2 2 2 2 2 2 2 2 2 2 0 2 2 2 2 2 2 2 2 0 2 2 2 2 2 2 2 0 2 2 0 2 2 2 0 0 2 2 2 2 0 2 2 2 0 2 2 2 2 2 2 2 2 2 2 2 2 2 2 2 2 2 2 2 2 2 2 2 2 2 2 2 2 2 2 2 2 2 2 2 0 2 2 2 2 2 2 2 2 2 0 2 2 2 2 2 2 2 2 2 2 2 2 2 2 0 2 2 2 2 2 0 2 2 2 2 2 2 2 2 2 2 2 2 2 2 0 2 2 2 2 2 2 2 1 2 0 2 2 2 2 2 2 0 2 0 2 2 2 2 2 2 2 2 2 2 0 1 2 2 2 2 2 2 2 2 2 2 2 2 2 2 2 2 2 2 2 2 2 2 0 2 0 2 2 2 0 2 2 0 2 2 2 2 2 2 2 2 2 2 2 2 2 2 2 2 2 2 2 2 2 2
728 2 2 2 2 0 2 0 2 2 2 2 2 0 2 2 2 2 2 2 2 2 2 2 2 2 2 2 2 2 2 2 2 2 2 2 2 2 2 2 2 2 2 2 2 2 2 2 2 2 2 2 2 2 2 2 2 2 2 2 2 2 2 2 2 2 0 2 2 2 2 2 2 2 2 2 2 2 2 0 2 2 2 2 2 2 2 2 2 2 2 2 2 2 2 2 2 0 2 2 2 2 2 2 2 2 2 2 2 2 2 2 2 2 2 2 2 2 2 2 2 0 2 2 2 2 0 2 2 2 2 2 2 2 2 2 2 2 2 2 2 2 2 2 2 2 2 2 2 1 2 0 2 2 2 0 2 2 2 2 2 2 2 0 2 2 2 2 1 2 2 2 2 2 2 2 0 2 2 2 2 2 2 2 2 2 2 0 0 2 2 2 2 2 2 2 2 0 2 2 2 2 2 2 2 2 2 0 2 2 2 2 0 2 2 0 2 2 1 0 2 2 2 2 0 2 2 2 2 0 2 2 2 2 2 0 2 2 2 2 2 2 2 2 2 2
729 0 2 0 0 2 2 2 0 0 2 0 0 2 0 0 0 2 0 2 0 0 0 2 0 0 0 2 0 0 2 0 0 2 0 2 0 2 2 0 0 0 2 0 0 2 0 0 2 0 0 0 0 0 0 2 2 0 2 0 0 0 0 2 0 0 2 2 0 0 2 0 0 2 0 2 2 0 0 2 2 2 2 2 2 0 2 0 2 0 2 2 0 2 0 0 2 2 2 0 0 2 2 2 0 0 2 2 0 0 2 2 2 0 0 0 2 2 0 2 2 2 0 0 0 2 2 0 0 0 0 0 2 2 2 2 2 2 2 0 2 2 2 2 0 0 0 0 0 1 2 2 0 0 2 2 0 2 0 0 0 0 2 2 2 2 2 2 1 0 0 2 2 2 0 2 2 0 2 0 2 2 2 2 2 0 2 2 2 2 0 1 2 2 2 2 2 2 2 0 0 2 2 2 2 2 0 2 0 0 2 0 2 0 0 2 0 2 2 2 0 0 2 0 2 2 2 2 2 2 0 0 0 2 2 2 0 2 2 2 0 2 2 0 2 2
730 2 0 2 2 0 0 0 0 2 0 2 2 0 2 0 2 0 2 0 2 0 2 0 2 0 2 0 2 2 0 0 2 0 0 0 0 0 0 2 0 0 0 0 2 0 2 0 0 2 0 2 0 2 0 0 0 0 0 2 2 2 2 0 2 0 0 0 2 2 0 0 2 0 2 0 0 2 2 0 0 0 0 0 0 2 0 2 0 0 0 0 2 0 0 0 0 0 0 0 2 0 0 0 0 0 0 0 2 0 0 0 0 0 2 0 0 0 0 0 0 0 2 0 2 0 0 2 0 0 2 0 0 0 0 0 0 0 0 2 0 0 0 0 0 2 0 0 0 0 0 0 0 0 0 0 0 0 0 0 2 0 0 0 0 0 0 0 1 0 2 0 0 0 0 0 0 2 0 2 0 0 0 0 0 0 0 0 0 0 2 1 0 0 0 0 0 0 0 0 0 0 0 0 0 0 0 0 0 0 0 0 0 2 2 0 2 0 0 0 2 0 0 2 0 0 0 0 0 0 0 0 2 0 0 0 2 0 0 0 0 0 0 0 0 0
731 2 0 0 2 0 0 0 0 0 0 2 2 0 0 0 0 0 0 0 0 0 2 0 0 0 0 0 2 0 0 0 2 0 0 0 0 0 0 2 0 0 0 0 2 0 0 0 0 0 0 2 0 2 0 0 0 0 0 0 2 2 0 0 2 0 0 0 2 2 0 0 2 0 2 0 0 0 2 0 0 0 0 0 0 0 0 0 0 0 0 0 2 0 0 0 0 0 0 0 0 0 0 0 0 0 0 0 2 0 0 0 0 0 2 0 0 0 0 0 0 0 0 2 2 0 0 2 0 0 0 0 0 0 0 0 0 0 0 2 0 0 0 0 0 2 0 0 0 0 0 0 0 0 0 0 0 0 0 0 2 0 0 0 0 0 0 0 1 0 2 0 0 0 0 0 0 2 0 2 0 0 0 0 0 0 0 0 0 0 2 1 0 0 0 0 0 0 0 0 0 0 0 0 0 0 0 0 0 0 0 0 0 0 2 0 2 0 0 0 2 0 0 2 0 0 0 0 0 0 0 0 0 0 0 0 0 0 0 0 0 0 0 0 0 0
732 2 2 2 2 2 2 2 0 2 2 2 2 2 2 0 2 2 2 2 2 2 2 2 2 0 2 2 2 2 2 2 2 2 0 2 1 2 2 2 2 2 2 0 2 2 2 0 2 2 2 2 0 2 0 2 2 0 2 2 2 2 2 2 2 0 2 2 2 2 2 0 2 2 2 2 2 2 2 2 2 2 2 2 2 2 2 2 2 2 2 2 2 2 0 0 2 2 2 0 2 2 2 2 2 0 2 2 2 0 2 2 2 0 2 2 2 2 0 2 2 2 2 2 2 2 2 2 0 0 2 2 2 2 2 2 2 2 2 2 2 2 2 2 0 2 2 0 2 1 2 2 0 0 2 2 0 2 0 0 2 0 2 2 2 2 2 2 2 0 2 2 2 2 0 2 2 2 2 2 2 2 2 2 2 0 2 2 2 2 2 2 2 2 2 2 2 2 2 0 0 2 2 2 2 2 0 2 0 0 2 2 2 2 2 2 2 2 2 2 2 0 2 2 2 2 2 2 2 2 0 0 2 2 2 2 2 2 2 2 0 2 2 0 2 2
733 0 2 2 0 2 2 2 2 2 2 2 0 2 2 2 2 2 2 2 2 2 0 2 2 2 2 2 0 2 2 2 0 2 2 2 2 2 2 2 2 2 2 2 0 2 2 2 2 2 2 2 2 0 2 2 2 2 2 2 2 0 2 2 0 2 2 2 0 0 2 2 2 2 0 2 2 2 0 2 2 2 2 2 2 2 2 2 2 2 2 2 2 2 2 2 2 2 2 2 2 2 2 2 2 2 2 2 2 2 2 2 2 2 0 2 2 2 2 2 2 2 2 2 0 2 2 2 2 2 2 2 2 2 2 2 2 2 2 0 2 2 2 2 2 0 2 2 2 2 2 2 2 2 2 2 2 2 2 2 0 2 2 2 2 2 2 2 1 2 0 2 2 2 2 2 2 0 2 0 2 2 2 2 2 2 2 2 2 2 0 1 2 2 2 2 2 2 2 2 2 2 2 2 2 2 2 2 2 2 2 2 2 2 0 2 0 2 2 2 0 2 2 0 2 2 2 2 2 2 2 2 2 2 2 2 2 2 2 2 2 2 2 2 2 2
734 0 2 2 0 2 2 2 2 2 2 0 0 2 2 2 2 2 2 2 2 2 0 2 2 2 2 2 0 2 2 2 0 2 2 2 2 2 2 0 2 2 2 2 0 2 2 2 2 2 2 0 2 0 2 2 2 2 2 2 0 0 2 2 0 2 2 2 0 0 2 2 0 2 0 2 2 2 0 2 2 2 2 2 2 2 2 2 2 2 2 2 0 2 2 2 2 2 2 2 2 2 2 2 2 2 2 2 0 2 2 2 2 2 0 2 2 2 2 2 2 2 2 2 0 2 2 0 2 2 2 0 2 2 2 2 2 2 2 0 2 2 2 2 2 0 2 2 2 2 2 2 2 2 2 2 2 2 2 2 0 2 2 2 2 2 2 2 1 2 0 2 2 2 2 2 2 0 2 0 2 2 2 2 2 2 2 2 2 2 0 1 2 2 2 2 2 2 2 2 2 2 2 2 2 2 2 2 2 2 2 2 2 2 0 2 0 2 2 2 0 2 2 0 2 2 2 2 2 2 2 2 2 2 2 2 2 2 2 2 2 2 2 2 2 2
735 0 2 2 0 2 2 2 2 2 2 2 0 2 2 2 2 2 2 2 2 2 0 2 2 2 2 2 0 2 2 2 0 2 2 2 2 2 2 2 2 2 2 2 0 2 2 2 2 2 2 2 2 0 2 2 2 2 2 2 2 0 2 2 0 2 2 2 0 0 2 2 2 2 0 2 2 2 0 2 2 2 2 2 2 2 2 2 2 2 2 2 2 2 2 2 2 2 2 2 2 2 2 2 2 2 2 2 2 2 2 2 2 2 0 2 2 2 2 2 2 2 2 2 0 2 2 2 2 2 2 2 2 2 2 2 2 2 2 0 2 2 2 2 2 0 2 2 2 2 2 2 2 2 2 2 2 2 2 2 0 2 2 2 2 2 2 2 1 2 0 2 2 2 2 2 2 0 2 0 2 2 2 2 2 2 2 2 2 2 0 1 2 2 2 2 2 2 2 2 2 2 2 2 2 2 2 2 2 2 2 2 2 2 0 2 0 2 2 2 0 2 2 0 2 2 2 2 2 2 2 2 2 2 2 2 2 2 2 2 2 2 2 2 2 2
736 2 2 2 2 2 0 2 0 2 2 2 2 2 2 0 0 0 2 2 2 2 2 2 2 0 0 0 2 2 2 2 2 2 0 0 0 2 2 2 2 2 2 0 2 2 2 0 2 2 2 2 0 2 0 2 2 0 2 2 2 2 2 2 2 0 2 2 2 2 2 0 2 2 2 0 2 2 2 2 0 0 0 2 2 0 0 2 2 0 0 0 2 2 0 0 2 2 0 0 2 0 0 2 2 0 0 0 2 0 2 2 2 0 2 2 2 0 0 2 2 2 2 2 2 2 2 2 0 0 0 2 2 0 2 0 0 0 0 2 0 2 0 0 0 2 0 0 0 1 0 2 0 0 0 2 0 0 0 0 2 0 0 2 0 0 0 0 2 0 2 0 0 0 0 0 2 2 0 2 2 0 0 0 0 0 0 2 2 0 2 2 0 2 0 0 0 2 2 0 0 0 0 0 2 0 0 2 0 0 0 0 2 2 2 2 2 0 2 2 2 0 2 2 2 0 2 0 0 2 0 0 0 2 0 2 2 0 2 2 0 0 0 0 0 0
737 0 2 2 0 2 2 2 2 2 2 0 0 2 2 2 2 2 2 2 2 2 0 2 2 2 2 2 0 2 2 2 0 2 2 2 2 2 2 0 2 2 2 2 0 2 2 2 2 2 2 0 2 0 2 2 2 2 2 2 0 0 2 2 0 2 2 2 0 0 2 2 0 2 0 2 2 2 0 2 2 2 2 2 2 2 2 2 2 2 2 2 0 2 2 2 2 2 2 2 2 2 2 2 2 2 2 2 0 2 2 2 2 2 0 2 2 2 2 2 2 2 2 2 0 2 2 0 2 2 2 0 2 2 2 2 2 2 2 0 2 2 2 2 2 0 2 2 2 2 2 2 2 2 2 2 2 2 2 2 0 2 2 2 2 2 2 2 0 2 0 2 2 2 2 2 2 0 2 0 2 2 2 2 2 2 2 2 2 2 0 1 2 2 2 2 2 2 2 2 2 2 2 2 2 2 2 2 2 2 2 2 2 2 0 2 0 2 2 2 0 2 2 0 2 2 2 2 2 2 2 2 2 2 2 2 2 2 2 2 2 2 2 2 2 2
738 2 0 2 2 0 2 0 2 2 0 2 2 0 2 2 2 2 2 0 2 2 2 0 2 2 2 2 2 2 0 2 2 0 2 2 2 0 0 2 2 2 0 2 2 0 2 2 0 2 2 2 2 2 2 0 0 2 0 2 2 2 2 0 2 2 0 0 2 2 0 2 2 0 2 2 0 2 2 0 2 2 2 0 0 2 2 2 0 2 2 2 2 0 2 2 0 0 2 2 2 2 2 0 2 2 2 2 2 2 0 0 0 2 2 2 0 2 2 0 0 0 2 2 2 0 0 2 2 2 2 2 0 2 0 2 2 2 2 2 2 0 2 2 2 2 2 2 2 1 2 0 2 2 2 0 2 2 2 2 2 2 2 0 2 2 2 2 1 2 2 2 2 2 2 2 0 2 2 2 0 2 2 2 2 2 2 0 0 2 2 1 2 0 2 2 2 0 0 2 2 2 2 2 0 2 2 0 2 2 2 2 0 2 2 0 2 2 0 0 2 2 0 2 0 2 0 2 2 0 2 2 2 0 2 0 2 2 0 0 2 2 2 2 2 2
739 2 2 2 2 2 0 2 2 2 2 2 2 2 2 2 2 0 2 2 2 2 2 0 2 2 2 0 2 2 2 2 2 2 2 0 1 2 2 2 2 2 2 2 2 2 2 2 2 2 2 2 2 2 2 0 0 2 2 2 2 2 2 2 2 2 2 2 2 2 2 2 2 2 2 0 2 2 2 2 2 0 0 2 2 2 0 2 2 2 0 0 2 2 2 2 2 2 2 2 2 0 1 2 2 2 2 0 2 2 2 2 2 2 2 2 2 0 2 2 2 2 2 2 2 2 2 2 2 2 2 2 2 0 2 2 0 0 0 2 0 2 0 0 2 2 2 2 2 1 2 2 2 2 0 2 2 0 2 2 2 2 0 2 0 0 0 1 2 2 2 0 0 0 2 1 2 2 0 2 2 0 2 0 0 2 0 2 2 0 2 2 0 2 2 0 0 2 2 2 2 2 0 0 2 2 2 2 2 2 2 2 2 2 2 2 2 0 2 2 2 2 2 2 2 0 2 0 0 2 2 2 2 2 0 2 2 2 2 2 2 0 0 2 0 0
740 2 2 0 2 2 2 2 2 0 2 2 2 2 2 2 2 2 0 2 0 0 2 2 2 2 2 2 2 0 2 0 2 2 2 2 2 2 2 2 2 2 2 2 2 2 0 2 2 0 0 2 2 2 2 2 2 2 2 0 2 2 2 2 2 2 2 2 2 2 2 2 2 2 2 2 2 0 2 2 2 0 0 2 2 2 2 0 2 2 2 2 2 2 2 2 2 2 2 2 0 0 2 2 0 2 2 2 2 2 2 2 2 2 2 0 2 2 2 2 2 2 0 2 2 2 2 2 2 2 2 2 2 2 2 2 2 2 2 2 2 2 0 2 2 2 2 2 2 2 2 2 2 2 2 2 2 2 2 2 2 2 2 2 0 2 2 0 2 2 2 2 2 2 2 0 2 2 2 2 2 2 2 2 2 2 2 2 2 0 2 2 2 2 2 0 2 2 2 2 2 2 2 2 2 2 2 2 2 2 2 2 2 0 2 2 2 2 2 2 2 2 2 2 2 2 2 2 0 2 2 2 2 2 0 2 2 2 2 2 2 2 0 2 0 0
741 2 0 2 2 0 2 0 2 2 0 2 2 0 2 2 2 2 2 0 2 2 2 0 2 2 2 2 2 2 0 2 2 0 2 2 2 0 0 2 2 2 0 2 2 0 2 2 0 2 2 2 2 2 2 0 0 2 0 2 2 2 2 0 2 2 0 0 2 2 0 2 2 0 2 2 0 2 2 0 2 2 2 0 0 2 2 2 0 2 2 2 2 0 2 2 0 0 2 2 2 2 2 0 2 2 2 2 2 2 0 0 0 2 2 2 0 2 2 0 0 0 2 2 2 0 0 2 2 2 2 2 0 2 0 2 2 2 2 2 2 0 2 2 2 2 2 2 2 1 2 0 2 2 2 0 2 2 2 2 2 2 2 0 2 2 2 2 1 2 2 2 2 2 2 2 0 2 2 2 0 2 2 2 2 2 2 0 0 2 2 1 2 0 2 2 2 0 0 2 2 2 2 2 0 2 2 0 2 2 2 2 0 2 2 0 2 2 0 0 2 2 0 2 0 2 0 2 2 0 2 2 2 0 2 0 2 2 0 0 2 2 2 2 2 2
742 2 2 2 2 2 2 2 2 2 2 2 2 2 2 2 2 2 2 2 2 2 2 2 2 2 2 2 2 2 2 2 2 2 2 2 2 2 2 2 2 2 2 0 2 2 2 0 2 2 2 2 0 2 0 2 2 2 2 2 2 2 2 2 2 0 2 2 2 2 2 0 2 2 2 2 2 2 2 2 2 2 2 2 2 2 2 2 2 2 2 2 2 2 0 2 2 2 2 2 2 2 2 2 2 2 2 2 2 2 2 2 2 0 2 2 2 2 0 2 2 2 2 2 2 2 2 2 0 2 2 2 2 2 2 2 2 2 2 2 2 2 2 2 2 2 2 0 2 2 2 2 0 0 2 2 2 2 2 2 2 0 2 2 2 2 2 2 2 0 2 2 2 2 2 2 2 2 2 2 2 2 2 2 2 2 2 2 2 2 2 2 2 2 2 2 2 2 2 2 1 2 2 2 2 2 0 2 2 0 2 2 2 2 2 2 2 2 2 2 2 2 2 2 2 2 2 2 2 2 0 2 2 2 2 2 2 2 2 2 2 2 2 2 2 2
743 2 2 2 2 2 2 2 0 2 2 2 2 2 2 0 2 2 2 2 2 2 2 2 2 0 2 2 2 2 2 2 2 2 0 2 1 2 2 2 2 2 2 0 2 2 2 0 2 2 2 2 0 2 0 2 2 0 2 2 2 2 2 2 2 0 2 2 2 2 2 0 2 2 2 2 2 2 2 2 2 2 2 2 2 2 2 2 2 2 2 2 2 2 0 0 2 2 2 0 2 2 2 2 2 0 2 2 2 0 2 2 2 0 2 2 2 2 0 2 2 2 2 2 2 2 2 2 0 0 2 2 2 2 2 2 2 2 2 2 2 2 2 2 0 2 2 0 2 1 2 2 0 0 2 2 0 2 0 0 2 0 2 2 2 2 2 2 2 0 2 2 2 2 0 2 2 2 2 2 2 2 2 2 2 0 2 2 2 2 2 2 2 2 2 2 2 2 2 0 0 2 2 2 2 2 0 2 0 0 2 2 2 2 2 2 2 2 2 2 2 0 2 2 2 2 2 2 2 2 0 0 2 2 2 2 0 2 2 2 0 2 2 0 2 2
744 2 0 2 2 0 0 0 0 2 0 2 2 0 0 0 0 0 2 0 2 2 2 0 0 0 0 0 2 2 0 2 2 0 0 0 0 0 0 2 0 0 0 0 2 0 2 0 0 2 2 2 0 2 0 0 0 0 0 2 2 2 0 0 2 0 0 0 2 2 0 0 2 0 2 0 0 2 2 0 0 0 0 0 0 0 0 2 0 0 0 0 2 0 0 0 0 0 0 0 2 0 0 0 2 0 0 0 2 0 0 0 0 0 2 2 0 0 0 0 0 0 2 0 2 0 0 2 0 0 0 2 0 0 0 0 0 0 0 2 0 0 0 0 0 2 0 0 0 0 0 0 0 0 0 0 0 0 0 0 2 0 0 0 0 0 0 0 1 0 2 0 0 0 0 0 0 2 0 2 0 0 0 0 0 0 0 0 0 0 2 1 0 0 0 0 0 0 0 0 0 0 0 0 0 0 0 0 0 0 0 0 0 2 2 0 2 0 0 0 2 0 0 2 0 0 0 0 0 0 0 0 0 0 0 0 0 0 0 0 0 0 0 0 0 0
745 2 0 2 2 0 0 0 0 2 0 2 2 0 0 0 0 0 2 0 2 2 2 0 0 0 0 0 2 2 0 2 2 0 0 0 0 0 0 2 0 0 0 0 2 0 2 0 0 2 2 2 0 2 0 0 0 0 0 2 2 2 0 0 2 0 0 0 2 2 0 0 2 0 2 0 0 2 2 0 0 0 0 0 0 0 0 2 0 0 0 0 2 0 0 0 0 0 0 0 2 0 0 0 2 0 0 0 2 0 0 0 0 0 2 2 0 0 0 0 0 0 2 0 2 0 0 2 0 0 0 2 0 0 0 0 0 0 0 2 0 0 0 0 0 2 0 0 0 0 0 0 0 0 0 0 0 0 0 0 2 0 0 0 0 0 0 0 1 0 2 0 0 0 0 0 0 2 0 2 0 0 0 0 0 0 0 0 0 0 2 1 0 0 0 0 0 0 0 0 0 0 0 0 0 0 0 0 0 0 0 0 0 2 2 0 2 0 0 0 2 0 0 2 0 0 0 0 0 0 0 0 0 0 0 0 0 0 0 0 0 0 0 0 0 0
746 2 2 2 2 2 0 2 2 2 2 2 2 2 2 2 2 0 2 2 2 2 2 2 2 2 2 0 2 2 2 2 2 2 2 0 1 2 2 2 2 2 2 2 2 2 2 2 2 2 2 2 2 2 2 2 2 2 2 2 2 2 2 2 2 2 2 2 2 2 2 2 2 2 2 0 2 2 2 2 2 0 0 2 2 2 0 2 2 2 0 0 2 2 2 2 2 2 2 2 2 0 0 2 2 2 2 0 2 2 2 2 2 2 2 2 2 0 2 2 2 2 2 2 2 2 2 2 2 2 2 2 2 0 2 2 0 0 0 2 0 2 0 0 2 2 2 2 2 1 2 2 2 2 0 2 2 0 2 2 2 2 0 2 0 0 0 0 2 2 2 0 0 0 2 0 2 2 0 2 2 0 2 0 0 2 0 2 2 0 2 2 0 2 2 0 0 2 2 2 2 2 0 0 2 2 2 2 2 2 2 2 2 2 2 2 2 0 2 2 2 2 2 2 2 0 2 0 0 2 2 2 2 2 0 2 2 2 2 2 2 0 0 2 0 0
747 2 2 0 2 2 2 2 2 0 2 2 2 2 2 2 2 2 0 2 0 0 2 2 2 2 2 2 2 0 2 0 2 2 2 2 2 2 2 2 2 2 2 2 2 2 0 2 2 0 0 2 2 2 2 2 2 2 2 0 2 2 2 2 2 2 2 2 2 2 2 2 2 2 2 2 2 0 2 2 2 2 2 2 2 2 2 0 2 2 2 2 2 2 2 2 2 2 2 2 0 2 2 2 0 2 2 2 2 2 2 2 2 2 2 0 2 2 2 2 2 2 0 2 2 2 2 2 2 2 2 2 2 2 2 2 2 2 2 2 2 2 2 2 2 2 2 2 2 2 2 2 2 2 2 2 2 2 2 2 2 2 2 2 2 2 2 2 2 2 2 2 2 2 2 2 2 2 2 2 2 2 2 2 2 2 2 2 2 2 2 2 2 2 2 2 2 2 2 2 2 2 2 2 2 2 2 2 2 2 2 2 2 0 2 2 2 2 2 2 2 2 2 2 2 2 2 2 2 2 2 2 2 2 2 2 2 2 2 2 2 2 2 2 2 2
748 2 0 2 2 0 2 0 2 2 0 2 2 0 2 2 2 2 2 0 2 2 2 0 2 2 2 2 2 2 0 2 2 0 2 2 2 0 0 2 2 2 0 2 2 0 2 2 0 2 2 2 2 2 2 0 0 2 0 2 2 2 2 0 2 2 0 0 2 2 0 2 2 0 2 2 0 2 2 0 2 2 2 0 0 2 2 2 0 2 2 2 2 0 2 2 0 0 2 2 2 2 2 0 2 2 2 2 2 2 0 0 0 2 2 2 0 2 2 0 0 0 2 2 2 0 0 2 2 2 2 2 0 2 0 2 2 2 2 2 2 0 2 2 2 2 2 2 2 1 2 0 2 2 2 0 2 2 2 2 2 2 2 0 2 2 2 2 2 2 2 2 2 2 2 2 0 2 2 2 0 2 2 2 2 2 2 0 0 2 2 1 2 0 2 2 2 0 0 2 2 2 2 2 0 2 2 0 2 2 2 2 0 2 2 0 2 2 0 0 2 2 0 2 0 2 0 2 2 0 2 2 2 0 2 0 2 2 0 0 2 2 2 2 2 2
749 2 0 2 2 0 0 0 0 2 0 2 2 0 0 0 0 0 2 0 2 2 2 0 0 0 0 0 2 2 0 2 2 0 0 0 0 0 0 2 0 0 0 0 2 0 2 0 0 2 2 2 0 2 0 0 0 0 0 2 2 2 0 0 2 0 0 0 2 2 0 0 2 0 2 0 0 2 2 0 0 0 0 0 0 0 0 2 0 0 0 0 2 0 0 0 0 0 0 0 2 0 0 0 2 0 0 0 2 0 0 0 0 0 2 2 0 0 0 0 0 0 2 0 2 0 0 2 0 0 0 2 0 0 0 0 0 0 0 2 0 0 0 0 0 2 0 0 0 0 0 0 0 0 0 0 0 0 0 0 2 0 0 0 0 0 0 0 1 0 2 0 0 0 0 0 0 2 0 2 0 0 0 0 0 0 0 0 0 0 2 1 0 0 0 0 0 0 0 0 0 0 0 0 0 0 0 0 0 0 0 0 0 2 2 0 2 0 0 0 2 0 0 2 0 0 0 0 0 0 0 0 0 0 0 0 0 0 0 0 0 0 0 0 0 0
750 2 2 2 2 2 0 2 2 2 2 2 2 2 2 2 2 0 2 2 2 2 2 2 2 2 2 0 2 2 2 2 2 2 2 0 1 2 2 2 2 2 2 2 2 2 2 2 2 2 2 2 2 2 2 2 2 2 2 2 2 2 2 2 2 2 2 2 2 2 2 2 2 2 2 0 2 2 2 2 2 0 0 2 2 2 0 2 2 2 0 0 2 2 2 2 2 2 2 2 2 0 0 2 2 2 2 0 2 2 2 2 2 2 2 2 2 0 2 2 2 2 2 2 2 2 2 2 2 2 2 2 2 0 2 2 0 0 0 2 0 2 0 0 2 2 2 2 2 1 2 2 2 2 0 2 2 0 2 2 2 2 0 2 0 0 0 0 2 2 2 0 0 0 2 0 2 2 0 2 2 0 2 0 0 2 0 2 2 0 2 2 0 2 2 0 0 2 2 2 2 2 0 0 2 2 2 2 2 2 2 2 2 2 2 2 2 0 2 2 2 2 2 2 2 0 2 0 0 2 2 2 2 2 0 2 2 2 2 2 2 0 0 2 0 0
751 2 2 2 2 2 0 2 2 2 2 2 2 2 2 2 2 0 2 2 2 2 2 2 2 2 2 0 2 2 2 2 2 2 2 0 1 2 2 2 2 2 2 2 2 2 2 2 2 2 2 2 2 2 2 2 2 2 2 2 2 2 2 2 2 2 2 2 2 2 2 2 2 2 2 0 2 2 2 2 2 0 0 2 2 2 0 2 2 2 0 0 2 2 2 2 2 2 2 2 2 0 0 2 2 2 2 0 2 2 2 2 2 2 2 2 2 0 2 2 2 2 2 2 2 2 2 2 2 2 2 2 2 0 2 2 0 0 0 2 0 2 0 0 2 2 2 2 2 1 2 2 2 2 0 2 2 0 2 2 2 2 0 2 0 0 0 0 2 2 2 0 0 0 2 0 2 2 0 2 2 0 2 0 0 2 0 2 2 0 2 2 0 2 2 0 0 2 2 2 2 2 0 0 2 2 2 2 2 2 2 2 2 2 2 2 2 0 2 2 2 2 2 2 2 0 2 0 0 2 2 2 2 2 0 2 2 2 2 2 2 0 0 2 0 0
752 2 2 2 2 2 0 2 2 2 2 2 2 2 2 2 2 0 2 2 2 2 2 2 2 2 2 0 2 2 2 2 2 2 2 0 1 2 2 2 2 2 2 2 2 2 2 2 2 2 2 2 2 2 2 2 2 2 2 2 2 2 2 2 2 2 2 2 2 2 2 2 2 2 2 0 2 2 2 2 2 0 0 2 2 2 0 2 2 2 0 0 2 2 2 2 2 2 2 2 2 0 0 2 2 2 2 0 2 2 2 2 2 2 2 2 2 0 2 2 2 2 2 2 2 2 2 2 2 2 2 2 2 0 2 2 0 0 0 2 0 2 0 0 2 2 2 2 2 1 2 2 2 2 0 2 2 0 2 2 2 2 0 2 0 0 0 0 2 2 2 0 0 0 2 0 2 2 0 2 2 0 2 0 0 2 0 2 2 0 2 2 0 2 2 0 0 2 2 2 2 2 0 0 2 2 2 2 2 2 2 2 2 2 2 2 2 0 2 2 2 2 2 2 2 0 2 0 0 2 2 2 2 2 0 2 2 2 2 2 2 0 0 2 0 0
753 2 2 2 2 2 0 2 2 2 2 2 2 2 2 2 2 0 2 2 2 2 2 2 2 2 2 0 2 2 2 2 2 2 2 0 1 2 2 2 2 2 2 2 2 2 2 2 2 2 2 2 2 2 2 2 2 2 2 2 2 2 2 2 2 2 2 2 2 2 2 2 2 2 2 0 2 2 2 2 2 0 0 2 2 2 0 2 2 2 0 0 2 2 2 2 2 2 2 2 2 0 0 2 2 2 2 0 2 2 2 2 2 2 2 2 2 0 2 2 2 2 2 2 2 2 2 2 2 2 2 2 2 0 2 2 0 0 0 2 0 2 0 0 2 2 2 2 2 1 2 2 2 2 0 2 2 0 2 2 2 2 0 2 0 0 0 0 2 2 2 0 0 0 2 0 2 2 0 2 2 0 2 0 0 2 0 2 2 0 2 2 0 2 2 0 0 2 2 2 2 2 0 0 2 2 2 2 2 2 2 2 2 2 2 2 2 0 2 2 2 2 2 2 2 0 2 0 0 2 2 2 2 2 0 2 2 2 2 2 2 0 0 2 0 0
754 2 2 2 2 2 0 2 2 2 2 2 2 2 2 2 2 0 2 2 2 2 2 2 2 2 2 0 2 2 2 2 2 2 2 0 1 2 2 2 2 2 2 2 2 2 2 2 2 2 2 2 2 2 2 2 2 2 2 2 2 2 2 2 2 2 2 2 2 2 2 2 2 2 2 0 2 2 2 2 2 0 0 2 2 2 0 2 2 2 0 0 2 2 2 2 2 2 2 2 2 0 0 2 2 2 2 0 2 2 2 2 2 2 2 2 2 0 2 2 2 2 2 2 2 2 2 2 2 2 2 2 2 0 2 2 0 0 0 2 0 2 0 0 2 2 2 2 2 1 2 2 2 2 0 2 2 0 2 2 2 2 0 2 0 0 0 0 2 2 2 0 0 0 2 0 2 2 0 2 2 0 2 0 0 2 0 2 2 0 2 2 0 2 2 0 0 2 2 2 2 2 0 0 2 2 2 2 2 2 2 2 2 2 2 2 2 0 2 2 2 2 2 2 2 0 2 0 0 2 2 2 2 2 0 2 2 2 2 2 2 0 0 2 0 0
755 2 0 2 2 0 0 0 0 2 0 2 2 0 0 0 0 0 2 0 2 2 2 0 0 0 0 0 2 2 0 2 2 0 0 0 0 0 0 2 0 0 0 0 2 0 2 0 0 2 2 2 0 2 0 0 0 0 0 2 2 2 0 0 2 0 0 0 2 2 0 0 2 0 2 0 0 2 2 0 0 0 0 0 0 0 0 2 0 0 0 0 2 0 0 0 0 0 0 0 2 0 0 0 2 0 0 0 2 0 0 0 0 0 2 2 0 0 0 0 0 0 2 0 2 0 0 2 0 0 0 2 0 0 0 0 0 0 0 2 0 0 0 0 0 2 0 0 0 0 0 0 0 0 0 0 0 0 0 0 2 0 0 0 0 0 0 0 1 0 2 0 0 0 0 0 0 2 0 2 0 0 0 0 0 0 0 0 0 0 2 1 0 0 0 0 0 0 0 0 0 0 0 0 0 0 0 0 0 0 0 0 0 2 2 0 2 0 0 0 2 0 0 2 0 0 0 0 0 0 0 0 0 0 0 0 0 0 0 0 0 0 0 0 0 0
756 2 2 2 2 2 2 2 0 2 2 2 2 2 2 0 2 2 2 2 2 2 2 2 2 0 2 2 2 2 2 2 2 2 0 2 1 2 2 2 2 2 2 0 2 2 2 0 2 2 2 2 0 2 0 2 2 0 2 2 2 2 2 2 2 0 2 2 2 2 2 0 2 2 2 2 2 2 2 2 2 2 2 2 2 2 2 2 2 2 2 2 2 2 0 0 2 2 2 0 2 2 2 2 2 0 2 2 2 0 2 2 2 0 2 2 2 2 0 2 2 2 2 2 2 2 2 2 0 0 2 2 2 2 2 2 2 2 2 2 2 2 2 2 0 2 2 0 2 1 2 2 0 0 2 2 0 2 0 0 2 0 2 2 2 2 2 2 2 0 2 2 2 2 0 2 2 2 2 2 2 2 2 2 2 0 2 2 2 2 2 2 2 2 2 2 2 2 2 0 0 2 2 2 2 2 0 2 0 0 2 2 2 2 2 2 2 2 2 2 2 2 2 2 2 2 2 2 2 2 0 0 2 2 2 2 0 2 2 2 0 2 2 0 2 2
757 2 2 2 2 2 2 2 2 2 2 2 2 2 2 2 2 0 2 2 2 2 2 2 2 2 2 0 2 2 2 2 2 2 2 2 1 2 2 2 2 2 2 2 2 2 2 2 2 2 2 2 2 2 2 2 2 2 2 2 2 2 2 2 2 2 2 2 2 2 2 2 2 2 2 0 2 2 2 2 2 2 2 2 2 2 0 2 2 2 2 0 2 2 2 2 2 2 2 2 2 2 0 2 2 2 2 0 2 2 2 2 2 2 2 2 2 2 2 2 2 2 2 2 2 2 2 2 2 2 2 2 2 0 2 2 0 2 2 2 0 2 2 0 2 2 2 2 2 2 2 2 2 2 0 2 2 2 2 2 2 2 2 2 2 0 0 2 2 2 2 2 2 0 2 2 2 2 0 2 2 0 2 0 0 2 2 2 2 2 2 2 0 2 2 2 0 2 2 2 2 2 0 2 2 2 2 2 2 2 2 2 2 2 2 2 2 2 2 2 2 2 2 2 2 2 2 0 2 2 2 2 2 2 2 2 2 2 2 2 2 2 2 2 2 2
758 2 0 2 2 0 0 0 0 2 0 2 2 0 0 0 0 0 2 0 2 2 2 0 0 0 0 0 2 2 0 2 2 0 0 0 0 0 0 2 0 0 0 0 2 0 2 0 0 2 2 2 0 2 0 0 0 0 0 2 2 2 0 0 2 0 0 0 2 2 0 0 2 0 2 0 0 2 2 0 0 0 0 0 0 0 0 2 0 0 0 0 2 0 0 0 0 0 0 0 2 0 0 0 2 0 0 0 2 0 0 0 0 0 2 2 0 0 0 0 0 0 2 0 2 0 0 2 0 0 0 2 0 0 0 0 0 0 0 2 0 0 0 0 0 2 0 0 0 0 0 0 0 0 0 0 0 0 0 0 2 0 0 0 0 0 0 0 1 0 2 0 0 0 0 0 0 2 0 2 0 0 0 0 0 0 0 0 0 0 2 1 0 0 0 0 0 0 0 0 0 0 0 0 0 0 0 0 0 0 0 0 0 2 2 0 2 0 0 0 2 0 0 2 0 0 0 0 0 0 0 0 0 0 0 0 0 0 0 0 0 0 0 0 0 0
759 2 2 0 2 2 2 2 2 0 2 2 2 2 2 2 2 2 0 2 0 0 2 2 2 2 2 2 2 0 2 0 2 2 2 2 2 2 2 2 2 2 2 2 2 2 0 2 2 0 0 2 2 2 2 2 2 2 2 0 2 2 2 2 2 2 2 2 2 2 2 2 2 2 2 2 2 0 2 2 2 2 2 2 2 2 2 0 2 2 2 2 2 2 2 2 2 2 2 2 0 2 2 2 0 2 2 2 2 2 2 2 2 2 2 0 2 2 2 2 2 2 0 2 2 2 2 2 2 2 2 2 2 2 2 2 2 2 2 2 2 2 2 2 2 2 2 2 2 2 2 2 2 2 2 2 2 2 2 2 2 2 2 2 2 2 2 2 2 2 2 2 2 2 2 2 2 2 2 2 2 2 2 2 2 2 2 2 2 2 2 2 2 2 2 2 2 2 2 2 2 2 2 2 2 2 2 2 2 2 2 2 2 0 2 2 2 2 2 2 2 2 2 2 2 2 2 2 2 2 2 2 2 2 2 2 2 2 2 2 2 2 2 2 2 2
760 2 2 2 2 2 0 2 0 2 2 2 2 2 2 0 2 0 2 2 2 2 2 2 2 0 2 0 2 2 2 2 2 2 1 0 0 2 2 2 2 2 2 0 2 2 2 0 2 2 2 2 0 2 0 2 2 0 2 2 2 2 2 2 2 0 2 2 2 2 2 0 2 2 2 0 2 2 2 2 0 0 0 2 2 2 0 2 2 0 0 0 2 2 0 0 2 2 0 0 2 0 0 2 2 0 1 0 2 0 2 2 2 0 2 2 2 0 1 2 2 2 2 2 2 2 2 2 0 0 2 2 2 0 2 0 0 0 0 2 0 2 0 0 0 2 0 0 0 1 0 2 1 0 0 2 0 0 0 0 2 0 0 2 0 0 0 0 2 0 2 0 0 0 0 0 2 2 1 2 2 0 1 0 0 0 0 2 2 0 2 2 0 2 0 0 0 2 2 0 0 0 0 0 2 0 0 2 0 0 0 0 2 2 2 2 2 0 2 2 2 0 2 2 2 0 2 0 0 2 0 0 2 2 0 2 1 0 2 2 0 0 0 0 0 0
761 0 2 2 0 2 2 2 2 2 2 2 0 2 2 2 2 2 2 2 2 2 0 2 2 2 2 2 0 2 2 2 0 2 2 2 2 2 2 2 2 2 2 2 0 2 2 2 2 2 2 2 2 0 2 2 2 2 2 2 2 0 2 2 0 2 2 2 0 0 2 2 2 2 0 2 2 2 0 2 2 2 2 2 2 2 2 2 2 2 2 2 2 2 2 2 2 2 2 2 2 2 2 2 2 2 2 2 2 2 2 2 2 2 0 2 2 2 2 2 2 2 2 2 0 2 2 2 2 2 2 2 2 2 2 2 2 2 2 0 2 2 2 2 2 0 2 2 2 2 2 2 2 2 2 2 2 2 2 2 0 2 2 2 2 2 2 2 1 2 0 2 2 2 2 2 2 0 2 0 2 2 2 2 2 2 2 2 2 2 0 1 2 2 2 2 2 2 2 2 2 2 2 2 2 2 2 2 2 2 2 2 2 2 0 2 0 2 2 2 0 2 2 0 2 2 2 2 2 2 2 2 2 2 2 2 2 2 2 2 2 2 2 2 2 2
762 2 2 2 2 2 2 2 2 2 2 2 2 2 2 2 2 0 2 2 2 2 2 2 2 2 2 0 2 2 2 2 2 2 2 2 1 2 2 2 2 2 2 2 2 2 2 2 2 2 2 2 2 2 2 2 2 2 2 2 2 2 2 2 2 2 2 2 2 2 2 2 2 2 2 0 2 2 2 2 2 2 2 2 2 2 0 2 2 2 2 0 2 2 2 2 2 2 2 2 2 2 0 2 2 2 2 0 2 2 2 2 2 2 2 2 2 2 2 2 2 2 2 2 2 2 2 2 2 2 2 2 2 0 2 2 0 2 2 2 0 2 2 0 2 2 2 2 2 2 2 2 2 2 0 2 2 2 2 2 2 2 2 2 2 0 0 2 2 2 2 2 2 0 2 2 2 2 0 2 2 0 2 0 0 2 2 2 2 2 2 2 0 2 2 2 0 2 2 2 2 2 0 2 2 2 2 2 2 2 2 2 2 2 2 2 2 2 2 2 2 2 2 2 2 2 2 0 2 2 2 2 2 2 2 2 2 2 2 2 2 2 2 2 2 2
763 0 2 2 0 2 2 2 2 2 2 2 0 2 2 2 2 2 2 2 2 2 0 2 2 2 2 2 0 2 2 2 0 2 2 2 2 2 2 2 2 2 2 2 0 2 2 2 2 2 2 2 2 0 2 2 2 2 2 2 2 0 2 2 0 2 2 2 0 0 2 2 2 2 0 2 2 2 0 2 2 2 2 2 2 2 2 2 2 2 2 2 2 2 2 2 2 2 2 2 2 2 2 2 2 2 2 2 2 2 2 2 2 2 0 2 2 2 2 2 2 2 2 2 0 2 2 2 2 2 2 2 2 2 2 2 2 2 2 0 2 2 2 2 2 0 2 2 2 2 2 2 2 2 2 2 2 2 2 2 0 2 2 2 2 2 2 2 1 2 0 2 2 2 2 2 2 0 2 0 2 2 2 2 2 2 2 2 2 2 0 1 2 2 2 2 2 2 2 2 2 2 2 2 2 2 2 2 2 2 2 2 2 2 0 2 0 2 2 2 0 2 2 0 2 2 2 2 2 2 2 2 2 2 2 2 2 2 2 2 2 2 2 2 2 2
764 2 0 0 2 0 0 0 2 0 0 2 2 0 0 2 2 0 0 0 0 0 2 0 0 2 0 0 2 0 0 0 2 0 2 0 1 0 0 2 0 0 0 2 2 0 0 2 0 0 0 2 2 2 2 0 0 2 0 0 2 2 0 0 2 2 0 0 2 2 0 2 2 0 2 0 0 0 2 0 0 0 0 0 0 2 0 0 0 2 0 0 2 0 2 2 0 0 0 2 0 0 0 0 0 2 0 0 2 2 0 0 0 2 2 0 0 0 2 0 0 0 0 0 2 0 0 2 2 2 2 2 0 0 0 0 0 0 0 2 0 0 0 0 2 2 2 2 2 1 0 0 2 2 0 0 2 0 2 2 2 2 0 0 0 0 0 0 2 2 2 0 0 0 2 0 0 2 0 2 0 0 0 0 0 2 0 0 0 0 2 1 0 0 0 0 0 0 0 2 2 0 0 0 0 0 2 0 2 2 0 2 0 0 2 0 2 0 0 0 2 2 0 2 0 0 0 0 2 0 2 2 2 0 0 0 2 0 0 0 2 0 0 2 0 0
765 2 0 0 2 0 0 0 0 0 0 2 2 0 0 0 0 0 0 0 0 0 2 0 0 0 0 0 2 0 0 0 2 0 0 0 0 0 0 2 0 0 0 0 2 0 0 0 0 0 0 2 0 2 0 0 0 0 0 0 2 2 0 0 2 0 0 0 2 2 0 0 2 0 2 0 0 0 2 0 0 0 0 0 0 0 0 0 0 0 0 0 2 0 0 0 0 0 0 0 0 0 0 0 0 0 0 0 2 0 0 0 0 0 2 0 0 0 0 0 0 0 0 0 2 0 0 2 0 0 0 2 0 0 0 0 0 0 0 2 0 0 0 0 0 2 0 0 0 0 0 0 0 0 0 0 0 0 0 0 2 0 0 0 0 0 0 0 1 0 2 0 0 0 0 0 0 2 0 2 0 0 0 0 0 0 0 0 0 0 2 1 0 0 0 0 0 0 0 0 0 0 0 0 0 0 0 0 0 0 0 0 0 0 2 0 2 0 0 0 2 0 0 2 0 0 0 0 2 0 0 0 0 0 0 0 0 0 0 0 0 0 0 0 0 0
766 2 0 0 2 0 0 0 0 0 0 2 2 0 0 0 0 0 0 0 0 0 2 0 0 0 0 0 2 0 0 0 2 0 0 0 0 0 0 2 0 0 0 0 2 0 0 0 0 0 0 2 0 2 0 0 0 0 0 0 2 2 0 0 2 0 0 0 2 2 0 0 2 0 2 0 0 0 2 0 0 0 0 0 0 0 0 0 0 0 0 0 2 0 0 0 0 0 0 0 0 0 0 0 0 0 0 0 2 0 0 0 0 0 2 0 0 0 0 0 0 0 0 0 2 0 0 2 0 0 0 2 0 0 0 0 0 0 0 2 0 0 0 0 0 2 0 0 0 0 0 0 0 0 0 0 0 0 0 0 2 0 0 0 0 0 0 0 2 0 2 0 0 0 0 0 0 2 0 2 0 0 0 0 0 0 0 0 0 0 2 1 0 0 0 0 0 0 0 0 0 0 0 0 0 0 0 0 0 0 0 0 0 0 2 0 2 0 0 0 2 0 0 2 0 0 0 0 2 0 0 0 0 0 0 0 0 0 0 0 0 0 0 0 0 0
767 2 2 2 2 2 0 2 2 2 2 2 2 2 2 2 2 0 2 2 2 2 2 2 2 2 2 0 2 2 2 2 2 2 2 0 1 2 2 2 2 2 2 2 2 2 2 2 2 2 2 2 2 2 2 2 2 2 2 2 2 2 2 2 2 2 2 2 2 2 2 2 2 2 2 0 2 2 2 2 2 0 0 2 2 2 0 2 2 2 0 0 2 2 2 2 2 2 2 2 2 0 0 2 2 2 2 0 2 2 2 2 2 2 2 2 2 0 2 2 2 2 2 2 2 2 2 2 2 2 2 2 2 0 2 2 0 0 0 2 0 2 0 0 2 2 2 2 2 1 2 2 2 2 0 2 2 0 2 2 2 2 0 2 0 0 0 0 2 2 2 0 0 0 2 0 2 2 0 2 2 0 2 0 0 2 0 2 2 0 2 2 0 2 2 0 0 2 2 2 2 2 0 0 2 2 2 2 2 2 2 2 2 2 2 2 2 0 2 2 2 2 2 2 2 0 2 0 2 2 2 2 2 2 0 2 2 2 2 2 2 0 0 2 0 0
768 2 2 2 2 2 0 2 2 2 2 2 2 2 2 2 2 0 2 2 2 2 2 2 2 2 2 0 2 2 2 2 2 2 2 0 2 2 2 2 2 2 2 2 2 2 2 2 2 2 2 2 2 2 2 2 2 2 2 2 2 2 2 2 2 2 2 2 2 2 2 2 2 2 2 0 2 2 2 2 0 0 0 2 2 2 0 2 2 2 0 0 2 2 2 2 2 2 0 2 2 0 0 2 2 2 0 0 2 2 2 2 2 2 2 2 2 0 2 2 2 2 2 2 2 2 2 2 2 2 2 2 2 0 2 0 0 0 0 2 0 2 0 0 2 2 2 2 2 1 0 2 2 2 0 2 2 0 2 2 2 2 0 2 0 0 0 0 2 2 2 0 0 0 2 0 2 2 0 2 2 0 0 0 0 2 0 2 2 0 2 2 0 2 0 0 0 2 2 2 2 0 0 0 2 0 2 2 2 2 0 2 2 2 2 2 2 0 2 2 2 2 2 2 2 0 2 0 2 2 2 2 2 2 0 2 2 0 2 2 2 0 0 2 0 0
769 2 2 2 2 2 0 2 0 2 2 2 2 2 2 0 0 0 2 2 2 2 2 2 2 0 0 0 2 2 2 2 2 2 0 0 0 2 2 2 0 0 2 0 2 2 2 0 2 2 2 2 0 2 0 2 2 0 2 2 2 2 2 2 2 0 2 2 2 2 2 0 2 2 2 0 2 2 2 2 0 0 0 2 2 0 0 2 2 0 0 0 2 2 0 0 2 2 0 0 2 0 0 2 2 0 0 0 2 0 2 2 2 0 2 2 2 0 0 2 2 2 2 0 2 2 2 2 0 0 0 2 2 0 2 0 0 0 0 2 0 2 0 0 0 2 0 0 0 1 0 2 0 0 0 2 0 0 0 0 2 0 0 2 0 0 0 0 2 0 2 0 0 0 0 0 2 2 0 2 2 0 0 0 0 0 0 2 2 0 2 2 0 2 0 0 0 2 2 0 0 0 0 0 2 0 0 2 0 0 0 0 2 2 2 2 2 0 2 2 2 0 2 2 2 0 2 0 2 2 0 0 0 2 0 2 0 0 2 2 0 0 0 0 0 0
770 2 0 0 2 0 2 0 2 0 0 2 2 0 0 2 2 2 0 0 0 0 2 0 0 2 0 2 2 0 0 0 2 0 2 2 2 0 0 2 0 0 0 2 2 0 0 2 0 0 0 2 2 2 2 0 0 2 0 0 2 2 0 0 2 2 0 0 2 2 0 2 2 0 2 2 0 0 2 0 2 2 2 0 0 2 2 0 0 2 2 2 2 0 2 2 0 0 2 2 0 2 2 0 0 2 2 2 2 2 0 0 0 2 2 0 0 2 2 0 0 0 0 0 2 0 0 2 2 2 2 2 0 2 0 2 2 2 2 2 2 0 2 2 2 2 2 2 2 1 2 0 2 2 2 0 2 2 2 2 2 2 2 0 2 2 2 2 1 2 2 2 2 2 2 2 0 2 2 2 0 2 2 2 2 2 2 0 0 2 2 1 2 0 2 2 2 0 0 2 2 2 2 2 0 2 2 0 2 2 2 2 0 0 2 0 2 2 0 0 2 2 0 2 0 2 0 2 2 0 2 2 2 0 2 0 2 2 0 0 2 2 2 2 2 2
771 2 0 0 2 0 0 0 0 0 0 2 2 0 0 0 0 0 0 0 0 0 2 0 0 0 0 0 2 0 0 0 2 0 0 0 0 0 0 2 0 0 0 0 2 0 0 0 0 0 0 2 0 2 0 0 0 0 0 0 2 2 0 0 2 0 0 0 2 2 0 0 2 0 2 0 0 0 2 0 2 0 0 0 0 0 0 0 0 0 0 0 2 0 0 0 0 0 2 0 0 0 0 0 0 0 2 0 2 0 0 0 0 0 2 0 0 0 0 0 0 0 0 0 2 0 0 2 0 0 0 2 0 0 0 2 0 0 0 2 0 0 0 0 0 2 0 0 0 0 2 0 0 0 0 0 0 0 0 0 2 0 0 0 0 0 0 0 1 0 2 0 0 0 0 0 0 2 0 2 0 0 2 0 0 0 0 0 0 0 2 1 0 0 2 0 0 0 0 0 0 2 0 0 0 2 0 0 0 0 2 0 0 0 2 0 2 0 0 0 2 0 0 2 0 0 0 0 2 0 0 0 0 0 0 0 0 2 0 0 0 0 0 0 0 0
772 2 2 2 2 2 2 2 0 2 2 2 2 2 2 0 2 2 2 2 2 2 2 2 2 0 2 2 2 2 2 2 2 2 0 2 1 2 2 2 2 2 2 0 2 2 2 0 2 2 2 2 0 2 0 2 2 0 2 2 2 2 2 2 2 0 2 2 2 2 2 0 2 2 2 2 2 2 2 2 2 2 2 2 2 2 2 2 2 0 2 2 2 2 0 0 2 2 2 0 2 2 2 2 2 0 2 2 2 0 2 2 2 0 2 2 2 2 0 2 2 2 2 2 2 2 2 2 0 0 2 2 2 2 2 2 2 2 2 2 2 2 2 2 0 2 0 0 0 1 2 2 0 0 2 2 0 2 0 0 2 0 2 2 2 2 2 2 2 0 2 2 2 2 0 2 2 2 2 2 2 2 2 2 2 0 2 2 2 2 2 2 2 2 2 2 2 2 2 0 0 2 2 2 2 2 0 2 0 0 2 0 2 2 2 2 2 2 2 2 2 0 2 2 2 2 2 2 2 2 0 0 2 2 2 2 0 2 2 2 0 2 2 0 2 2
773 0 2 2 0 2 2 2 2 2 2 0 0 2 2 2 2 2 2 2 2 2 0 2 2 2 2 2 0 2 2 2 0 2 2 2 2 2 2 0 2 2 2 2 0 2 2 2 2 2 2 0 2 0 2 2 2 2 2 2 0 0 2 2 0 2 2 2 0 0 2 2 0 2 0 2 2 2 0 2 2 2 2 2 2 2 2 2 2 2 2 2 0 2 2 2 2 2 2 2 2 2 2 2 2 2 2 2 0 2 2 2 2 2 0 2 2 2 2 2 2 2 2 2 0 2 2 0 2 2 2 2 2 2 2 2 2 2 2 0 2 2 2 2 2 0 2 2 2 2 2 2 2 2 2 2 2 2 2 2 0 2 2 2 2 2 2 2 1 2 0 2 2 2 2 2 2 0 2 0 2 2 2 2 2 2 2 2 2 2 0 1 2 2 2 2 2 2 2 2 2 2 2 2 2 2 2 2 2 2 2 2 2 2 0 2 0 2 2 2 0 2 2 0 2 2 2 2 0 2 2 2 2 2 2 2 2 2 2 2 2 2 2 2 2 2
774 2 2 2 2 2 2 2 0 2 2 2 2 2 2 0 2 2 2 2 2 2 2 2 2 0 2 2 2 2 2 2 2 2 0 2 1 2 2 2 2 2 2 0 2 2 2 0 2 2 2 2 0 2 0 2 2 0 2 2 2 2 2 2 2 0 2 2 2 2 2 0 2 2 2 2 2 2 2 2 2 2 2 2 2 2 2 2 2 0 2 2 2 2 0 0 2 2 2 0 2 2 2 2 2 0 2 2 2 0 2 2 2 0 2 2 2 2 0 2 2 2 2 2 2 2 2 2 0 0 2 2 2 2 2 2 2 2 2 2 2 2 2 2 0 2 0 0 0 1 2 2 0 0 2 2 0 2 0 0 2 0 2 2 2 2 2 2 2 0 2 2 2 2 0 2 2 2 2 2 2 2 2 2 2 0 2 2 2 2 2 2 2 2 2 2 2 2 2 0 0 2 2 2 2 2 0 2 0 0 2 0 2 2 2 2 2 2 2 2 2 0 2 2 2 2 2 2 2 2 0 0 2 2 2 2 0 2 2 2 0 2 2 0 2 2
775 2 2 2 2 2 2 2 2 2 2 2 2 2 2 2 2 0 2 2 2 2 2 2 2 2 2 0 2 2 2 2 2 2 2 2 1 2 2 2 2 2 2 2 2 2 2 2 2 2 2 2 2 2 2 2 2 2 2 2 2 2 2 2 2 2 2 2 2 2 2 2 2 2 2 0 2 2 2 2 2 2 2 2 2 2 0 2 2 2 2 0 2 2 2 2 2 2 2 2 2 2 0 2 2 2 2 0 2 2 2 2 2 2 2 2 2 2 2 2 2 2 2 2 2 2 2 2 2 2 2 2 2 0 2 2 0 2 2 2 0 2 2 0 2 2 2 2 2 2 2 2 2 2 0 2 2 2 2 2 2 2 2 2 2 0 0 2 2 2 2 2 2 0 2 2 2 2 0 2 2 0 2 0 0 2 2 2 2 2 2 2 0 2 2 2 0 2 2 2 2 2 0 2 2 2 2 2 2 2 2 2 2 2 2 2 2 2 2 2 2 2 2 2 2 2 2 0 2 2 2 2 2 2 2 2 2 2 2 2 2 2 2 2 0 2
776 2 2 2 2 2 0 2 2 2 2 2 2 2 2 2 2 0 2 2 2 2 2 2 2 2 2 0 2 2 2 2 2 2 2 0 1 2 2 2 2 2 2 2 2 2 2 2 2 2 2 2 2 2 2 2 2 2 2 2 2 2 2 2 2 2 2 2 2 2 2 2 2 2 2 0 2 2 2 2 2 0 0 2 2 2 0 2 2 2 0 0 2 2 2 2 2 2 2 2 2 0 0 2 2 2 2 0 2 2 2 2 2 2 2 2 2 0 2 2 2 2 2 2 2 2 2 2 2 2 2 2 2 0 2 2 0 0 0 2 0 2 0 0 2 2 2 2 2 1 2 2 2 2 0 2 2 0 2 2 2 2 0 2 0 0 0 0 2 2 2 0 0 0 2 0 2 2 0 2 2 0 2 0 0 2 0 2 2 0 2 2 0 2 2 0 0 2 2 2 2 2 0 0 2 2 2 2 2 2 2 2 2 2 2 2 2 0 2 2 2 2 2 2 2 0 2 0 2 2 2 2 2 2 0 2 2 2 2 2 2 0 0 2 0 0
777 2 2 2 2 2 0 2 0 2 2 2 2 2 2 0 0 0 2 2 2 2 2 2 2 0 2 0 2 2 2 2 2 2 0 0 0 2 2 2 2 2 2 0 2 2 2 0 2 2 2 2 0 2 0 2 2 0 2 2 2 2 2 2 2 0 2 2 2 2 2 0 2 2 2 0 2 2 2 2 2 0 0 2 2 0 0 2 2 0 0 0 2 2 0 0 2 2 2 0 2 0 0 2 2 0 2 0 2 0 2 2 2 0 2 2 2 0 0 2 2 2 2 2 2 2 2 2 0 0 0 2 2 0 2 2 0 0 0 2 0 2 0 0 0 2 0 0 0 1 2 2 0 0 0 2 0 0 0 0 2 0 0 2 0 0 0 0 2 0 2 0 0 0 0 0 2 2 0 2 2 0 2 0 0 0 0 2 2 0 2 2 0 2 2 0 0 2 2 0 0 2 0 0 2 2 0 2 0 0 2 0 2 2 2 2 2 0 2 2 2 0 2 2 2 0 2 0 2 2 0 0 0 2 0 2 0 2 2 2 0 0 0 0 0 0
778 2 0 2 2 0 2 0 2 2 0 2 2 0 2 2 2 2 2 0 2 2 2 0 2 2 2 2 2 2 0 2 2 0 2 2 2 0 0 2 2 2 0 2 2 0 2 2 0 2 2 2 2 2 2 0 0 2 0 2 2 2 2 0 2 2 0 0 2 2 0 2 2 0 2 2 0 2 2 0 2 2 2 0 0 2 2 2 0 2 2 2 2 0 2 2 0 0 2 2 2 2 2 0 2 2 2 2 2 2 0 0 0 2 2 2 0 2 2 0 0 0 2 2 2 0 0 2 2 2 2 2 0 2 0 2 2 2 2 2 2 0 2 2 2 2 2 2 2 1 2 0 2 2 2 0 2 2 2 2 2 2 2 0 2 2 2 2 1 2 2 2 2 2 2 2 0 2 2 2 0 2 2 2 2 2 2 0 0 2 2 1 2 0 2 2 2 0 0 2 2 2 2 2 0 2 2 0 2 2 2 2 0 2 2 0 2 2 0 0 2 2 0 2 0 2 0 2 2 0 2 2 2 0 2 0 2 2 0 0 2 2 2 2 2 2
779 2 0 2 2 2 2 2 2 2 2 2 2 2 2 2 2 2 2 2 2 2 2 2 2 2 2 2 2 2 2 2 2 0 2 2 2 2 0 2 2 2 0 2 2 2 2 2 2 2 2 2 2 2 2 2 2 2 0 2 2 2 2 2 2 2 2 0 2 2 2 2 2 2 2 2 2 2 2 2 2 2 2 0 0 2 2 2 2 2 2 2 2 0 2 2 0 2 2 2 2 2 2 0 2 2 2 2 2 2 0 2 2 2 2 2 2 2 2 2 0 2 2 2 2 0 2 2 2 2 2 2 2 2 0 2 2 2 2 2 2 2 2 2 2 2 2 2 2 2 2 2 2 2 2 2 2 2 2 2 2 2 2 2 2 2 2 2 2 2 2 2 2 2 2 2 2 2 2 2 2 2 2 2 2 2 2 2 2 2 2 2 2 2 2 2 2 2 2 2 2 2 2 2 2 2 2 2 2 2 2 2 2 2 2 2 2 2 2 2 2 2 2 2 2 2 2 2 2 2 2 2 2 2 2 2 2 2 2 2 2 2 2 2 2 2
780 2 2 0 2 2 2 2 2 0 2 0 2 2 2 2 2 2 0 2 0 0 2 2 2 2 2 2 2 0 2 0 2 2 2 2 2 2 2 0 2 2 2 2 2 2 0 2 2 0 0 0 2 2 2 2 2 2 2 0 0 2 0 2 2 2 2 2 2 0 2 2 0 2 2 2 2 0 2 2 2 2 2 2 2 2 2 0 2 2 2 2 0 2 2 2 2 2 2 2 0 2 2 2 0 2 2 2 0 2 2 2 2 2 2 0 2 2 2 2 2 2 0 2 2 2 2 2 2 2 2 2 2 2 2 2 2 2 2 2 2 2 2 2 2 2 2 2 2 2 2 2 2 2 2 2 2 2 2 2 2 2 2 2 2 2 2 2 2 2 2 2 2 2 2 2 2 2 2 2 2 2 2 2 2 2 2 2 2 2 2 2 2 2 2 2 2 2 2 2 2 2 2 2 2 2 2 2 2 2 2 2 2 0 2 2 2 2 2 2 2 2 2 2 2 2 2 2 0 2 2 2 2 2 2 2 2 2 2 2 2 2 2 2 2 2
781 2 0 0 2 0 0 0 0 0 0 0 2 0 0 0 0 0 0 0 0 0 2 0 0 0 0 0 2 0 0 0 2 0 0 0 0 0 0 0 0 0 0 0 2 0 0 0 0 0 0 0 0 2 0 0 0 0 0 0 0 2 0 0 2 0 0 0 2 0 0 0 0 0 2 0 0 0 2 0 2 0 0 0 0 0 0 0 0 0 0 0 0 0 0 0 0 0 2 0 0 0 0 0 0 0 2 0 0 0 0 0 0 0 2 0 0 0 0 0 0 0 0 0 2 0 0 0 0 0 0 2 0 0 0 0 0 0 0 2 0 0 0 0 0 2 2 0 0 0 2 0 0 0 0 0 0 0 0 0 2 0 0 0 0 0 0 0 1 0 2 0 0 0 0 0 0 2 0 2 0 0 2 0 0 0 0 0 0 0 2 1 0 0 0 0 0 0 0 0 0 2 0 0 0 0 0 0 0 0 2 0 0 0 2 0 2 0 0 0 2 0 0 2 0 0 0 0 0 0 0 0 0 0 0 0 0 2 0 0 0 0 0 0 0 0
782 2 2 2 2 2 2 2 0 2 2 2 2 2 2 0 0 2 2 2 2 2 2 2 2 0 2 2 2 2 2 2 2 2 0 2 1 2 2 2 2 2 2 0 2 2 2 0 2 2 2 2 0 2 0 2 2 0 2 2 2 2 2 2 2 0 2 2 2 2 2 0 2 2 2 2 2 2 2 2 2 2 2 2 2 0 2 2 2 0 2 2 2 2 0 0 2 2 2 0 2 2 2 2 2 0 2 2 2 0 2 2 2 0 2 2 2 2 0 2 2 2 2 2 2 2 2 2 0 0 0 2 2 2 2 0 2 2 2 2 2 2 2 2 0 2 2 0 0 1 2 2 0 0 2 2 0 2 0 0 2 0 2 2 2 2 2 2 2 0 2 2 2 2 0 2 2 2 2 2 2 2 2 2 2 0 2 2 2 2 2 2 2 2 0 2 2 2 2 0 0 2 2 2 2 0 0 2 0 0 2 0 2 2 2 2 2 2 2 2 2 0 2 2 2 2 2 2 2 2 0 0 0 2 2 2 0 2 2 2 0 2 2 0 2 2
783 2 0 0 2 0 0 0 0 0 0 0 2 0 0 0 0 0 0 0 0 0 2 0 0 0 0 0 2 0 0 0 2 0 0 0 0 0 0 0 0 0 0 0 2 0 0 0 0 0 0 0 0 2 0 0 0 0 0 0 0 2 0 0 2 0 0 0 2 0 0 0 0 0 2 0 0 0 2 0 0 0 0 0 0 0 0 0 0 0 0 0 0 0 0 0 0 0 0 0 0 0 0 0 0 0 0 0 0 0 0 0 0 0 2 0 0 0 0 0 0 0 0 0 2 0 0 0 0 0 0 2 0 0 0 0 0 0 0 2 0 0 0 0 0 2 0 0 0 0 0 0 0 0 0 0 0 0 0 0 2 0 0 0 0 0 0 0 2 0 2 0 0 0 0 0 0 2 0 2 0 0 0 0 0 0 0 0 0 0 2 1 0 0 0 0 0 0 0 0 0 0 0 0 0 0 0 0 0 0 0 0 0 0 2 0 2 0 0 0 2 0 0 2 0 0 0 0 0 0 0 0 0 0 0 0 0 0 0 0 0 0 0 0 0 0
784 2 2 2 2 2 2 2 0 2 2 2 2 2 2 0 2 2 2 2 2 2 2 2 2 0 2 2 2 2 2 2 2 2 0 2 1 2 2 2 2 2 2 2 2 2 2 2 2 2 2 2 2 2 2 2 2 0 2 2 2 2 2 2 2 2 2 2 2 2 2 2 2 2 2 2 2 2 2 2 2 2 2 2 2 2 2 2 2 0 2 2 2 2 2 0 2 2 2 0 2 2 2 2 2 2 2 2 2 0 2 2 2 2 2 2 2 2 2 2 2 2 2 2 2 2 2 2 2 0 2 2 2 2 2 2 2 2 2 2 2 2 2 2 0 2 2 2 0 1 2 2 2 2 2 2 0 2 0 0 2 2 2 2 2 2 2 2 2 2 2 2 2 2 0 2 2 2 2 2 2 2 2 2 2 2 2 2 2 2 2 2 2 2 2 2 2 2 2 0 2 2 2 2 2 2 2 2 0 2 2 0 2 2 2 2 2 2 2 2 2 0 2 2 2 2 2 2 2 2 2 0 2 2 2 2 0 2 2 2 0 2 2 0 2 2
785 2 2 2 2 2 0 2 2 2 2 2 2 2 2 2 2 0 2 2 2 2 2 2 2 2 2 0 2 2 2 2 2 2 2 0 1 2 2 2 2 2 2 2 2 2 2 2 2 2 2 2 2 2 2 2 2 2 2 2 2 2 2 2 2 2 2 2 2 2 2 2 2 2 2 0 2 2 2 2 2 2 2 2 2 2 0 2 2 2 0 0 2 2 2 2 2 2 2 2 2 2 0 2 2 2 2 0 2 2 2 2 2 2 2 2 2 0 2 2 2 2 2 2 2 2 2 2 2 2 2 2 2 0 2 2 0 0 0 2 0 2 2 0 2 2 2 2 2 1 2 2 2 2 0 2 2 0 2 2 2 2 0 2 2 0 0 2 2 2 2 0 0 0 2 2 2 2 0 2 2 0 2 0 0 2 0 2 2 2 2 2 0 2 2 2 0 2 2 2 2 2 0 0 2 2 2 2 2 2 2 2 2 2 2 2 2 0 2 2 2 2 2 2 2 0 2 0 2 2 2 2 2 2 2 2 2 2 2 2 2 0 2 2 0 2
786 2 2 2 2 2 0 2 0 2 2 2 2 2 2 0 2 0 2 2 2 2 2 2 2 0 2 0 2 2 2 2 2 2 0 0 0 2 2 2 2 2 2 0 2 2 2 0 2 2 2 2 0 2 0 2 2 0 2 2 2 2 2 2 2 0 2 2 2 2 2 0 2 2 2 0 2 2 2 2 2 0 0 2 2 2 0 2 2 0 0 0 2 2 0 0 2 2 2 0 2 0 0 2 2 0 2 0 2 0 2 2 2 0 2 2 2 0 0 2 2 2 2 2 2 2 2 2 0 0 2 2 2 0 2 2 0 0 0 2 0 2 0 0 0 2 2 0 0 1 2 2 0 0 0 2 0 0 0 0 2 0 0 2 0 0 0 0 2 0 2 0 0 0 0 0 2 2 0 2 2 0 2 0 0 0 0 2 2 0 2 2 0 2 2 0 0 2 2 0 0 2 0 0 2 2 0 2 0 0 2 0 2 2 2 2 2 0 2 2 2 0 2 2 2 0 2 0 2 2 0 0 2 2 0 2 0 2 2 2 0 0 0 0 0 0
787 0 2 0 0 2 2 2 2 0 2 0 0 2 2 2 2 2 0 2 0 0 0 2 2 2 2 2 0 0 2 0 0 2 2 2 2 0 2 0 2 2 2 2 0 2 0 2 2 0 0 0 2 0 2 2 2 2 2 0 0 0 0 2 0 2 2 2 0 0 2 2 0 2 0 2 2 0 0 2 2 2 2 2 2 2 2 0 2 2 2 2 0 2 2 2 2 2 2 2 0 2 2 2 0 2 2 2 0 2 2 2 2 2 0 0 2 2 2 2 2 2 0 0 0 2 2 2 2 2 2 2 2 2 2 2 2 2 2 0 2 2 2 2 2 0 2 2 2 2 2 0 2 2 2 2 2 2 2 2 0 2 2 2 2 2 2 2 1 2 0 2 2 2 2 2 0 0 2 0 2 2 2 2 2 2 2 0 2 2 0 0 2 2 2 2 2 0 2 2 2 2 2 2 2 2 2 0 2 2 2 2 2 0 0 2 0 2 2 0 0 2 2 0 2 2 0 2 0 2 2 2 2 2 2 2 2 2 2 2 2 2 2 2 2 2
788 0 2 2 0 2 2 2 2 2 2 0 0 2 2 2 2 2 2 2 2 2 0 2 2 2 2 2 0 2 2 2 0 2 2 2 2 0 2 0 2 2 2 2 0 2 2 2 2 2 2 0 2 0 2 2 2 2 2 2 0 0 0 2 0 2 2 2 0 0 2 2 0 2 0 2 2 2 0 2 2 2 2 2 2 2 2 2 2 2 2 2 0 2 2 2 2 2 2 2 2 2 2 2 2 2 2 2 2 2 2 2 2 2 0 2 2 2 2 2 2 2 2 2 0 2 2 2 2 2 2 2 2 2 2 2 2 2 2 0 2 2 2 2 2 0 2 2 2 2 2 0 2 2 2 2 2 2 2 2 0 2 2 2 2 2 2 2 1 2 0 2 2 2 2 2 0 0 2 0 2 2 2 2 2 2 2 0 2 2 0 0 2 2 2 2 2 0 2 2 2 2 2 2 2 2 2 0 2 2 2 2 2 2 0 2 0 2 2 0 0 2 2 0 2 2 0 2 0 2 2 2 2 2 2 2 2 2 2 2 2 2 2 2 2 2
789 2 0 2 2 0 2 0 2 2 0 2 2 0 2 2 2 2 2 0 2 2 2 0 2 2 2 2 2 2 0 2 2 0 2 2 2 2 0 2 2 2 0 2 2 0 2 2 0 2 2 2 2 2 2 0 0 2 0 2 2 2 2 0 2 2 0 0 2 2 0 2 2 0 2 2 0 2 2 0 2 2 2 0 0 2 2 2 0 2 2 2 2 0 2 2 0 0 2 2 2 2 2 0 2 2 2 2 2 2 0 0 0 2 2 2 0 2 2 2 0 0 2 2 2 0 0 2 2 2 2 2 0 2 0 2 2 2 2 2 2 0 2 2 2 2 2 2 2 1 2 2 2 2 2 0 2 2 2 2 2 2 2 0 2 2 2 2 1 2 2 2 2 2 2 2 2 2 2 2 0 2 2 2 2 2 2 2 0 2 2 2 2 0 2 2 2 2 0 2 2 2 2 2 0 2 2 2 2 2 2 2 0 2 2 0 2 2 0 2 2 2 0 2 0 2 2 2 2 0 2 2 2 0 2 0 2 2 0 2 2 2 2 2 2 2
790 2 2 2 2 2 0 2 0 2 2 2 2 2 2 0 0 0 2 2 2 2 2 2 2 0 0 0 2 2 2 2 2 2 0 0 0 2 2 2 2 2 2 0 2 2 2 0 2 2 2 2 0 2 0 2 2 0 2 2 2 2 2 2 2 0 2 2 2 2 2 0 2 2 2 0 2 2 2 2 2 0 0 2 2 0 0 2 2 0 0 0 2 2 0 0 2 2 0 0 2 0 0 2 2 0 2 0 2 0 2 2 2 0 2 2 2 0 0 2 2 2 2 2 2 2 2 2 0 0 0 2 2 0 2 0 0 0 0 2 0 2 0 0 0 2 2 0 0 1 2 2 0 0 0 2 0 0 0 0 2 0 0 2 0 0 0 0 2 0 2 0 0 0 0 0 2 2 0 2 2 0 2 0 0 0 0 2 2 0 2 2 0 2 0 0 0 2 2 0 0 2 0 0 2 0 0 2 0 0 0 0 2 2 2 2 2 0 2 2 2 0 2 2 2 0 2 0 2 2 0 0 0 2 0 2 0 2 2 2 0 0 0 0 0 0
791 2 2 2 2 2 2 2 2 2 2 2 2 2 2 2 2 0 2 2 2 2 2 2 2 2 2 0 2 2 2 2 2 2 2 2 1 2 2 2 2 2 2 2 2 2 2 2 2 2 2 2 2 2 2 2 2 2 2 2 2 2 2 2 2 2 2 2 2 2 2 2 2 2 2 0 2 2 2 2 2 2 2 2 2 2 0 2 2 2 2 0 2 2 2 2 2 2 2 2 2 2 0 2 2 2 2 0 2 2 2 2 2 2 2 2 2 2 2 2 2 2 2 2 2 2 2 2 2 2 2 2 2 0 2 2 0 2 2 2 0 2 2 0 2 2 2 2 2 2 2 2 2 2 0 2 2 2 2 2 2 2 2 2 2 0 0 2 2 2 2 2 2 0 2 2 2 2 0 2 2 2 2 0 0 2 2 2 2 2 2 2 2 2 2 2 0 2 2 2 2 2 0 2 2 2 2 2 2 2 2 2 2 2 2 2 2 2 2 2 2 2 2 2 2 2 2 2 2 2 2 2 2 2 2 2 2 2 2 2 2 2 2 2 0 2
792 2 2 0 2 2 2 2 2 0 2 2 2 2 2 2 2 2 0 2 0 0 2 2 2 2 2 2 2 0 2 0 2 2 2 2 2 2 2 2 2 2 2 2 2 2 0 2 2 0 0 0 2 2 2 2 2 2 2 0 0 2 2 2 2 2 2 2 2 2 2 2 2 2 2 2 2 0 2 2 2 2 2 2 2 2 2 0 2 2 2 2 2 2 2 2 2 2 2 2 0 2 2 2 0 2 2 2 2 2 2 2 2 2 2 0 2 2 2 2 2 2 0 0 2 2 2 2 2 2 2 2 2 2 2 2 2 2 2 2 2 2 2 2 2 2 2 2 2 2 2 2 2 2 2 2 2 2 2 2 2 2 2 2 2 2 2 2 2 2 2 2 2 2 2 2 2 2 2 2 2 2 2 2 2 2 2 2 2 2 2 2 2 2 2 2 2 2 2 2 2 2 2 2 2 2 2 2 2 2 2 2 2 0 2 2 2 2 2 2 2 2 2 2 2 2 2 2 2 2 2 2 2 2 2 2 2 2 2 2 2 2 2 2 2 2
793 2 2 2 2 2 2 2 0 2 2 2 2 2 2 0 2 2 2 2 2 2 2 2 2 0 2 2 2 2 2 2 2 2 0 2 1 2 2 2 2 2 2 2 2 2 2 2 2 2 2 2 2 2 2 2 2 0 2 2 2 2 2 2 2 2 2 2 2 2 2 2 2 2 2 2 2 2 2 2 2 2 2 2 2 2 2 2 2 0 2 2 2 2 0 0 2 2 2 0 2 2 2 2 2 0 2 2 2 0 2 2 2 0 2 2 2 2 0 2 2 2 2 2 2 2 2 2 2 0 2 2 2 2 2 2 2 2 2 2 2 2 2 2 0 2 2 2 0 1 2 2 0 2 2 2 0 2 0 0 2 0 2 2 2 2 2 2 2 2 2 2 2 2 0 2 2 2 2 2 2 2 2 2 2 0 2 2 2 2 2 2 2 2 2 2 2 2 2 0 1 2 2 2 2 2 0 2 0 2 2 0 2 2 2 2 2 2 2 2 2 0 2 2 2 2 2 2 2 2 0 0 2 2 2 2 0 2 2 2 0 2 2 0 2 2
794 2 0 0 2 0 0 0 0 0 0 2 2 0 0 0 0 0 0 0 0 0 2 0 0 0 0 0 2 0 0 0 2 0 0 0 0 2 0 2 0 0 0 0 2 0 0 0 0 0 0 0 0 2 0 0 0 0 0 0 0 2 2 0 2 0 0 0 2 2 0 0 2 0 2 0 0 0 2 0 0 0 0 0 0 0 0 0 0 0 0 0 2 0 0 0 0 0 0 0 0 0 0 0 0 0 0 0 2 0 0 0 0 0 2 0 0 0 0 0 0 0 0 0 2 0 0 0 0 0 0 2 0 0 0 0 0 0 0 2 0 0 0 0 0 2 2 0 0 0 0 2 0 0 0 0 0 0 0 0 2 0 0 0 0 0 0 0 1 0 2 0 0 0 0 0 2 2 0 2 0 0 0 0 0 0 0 2 0 0 2 2 0 0 0 0 0 2 0 0 0 0 0 0 0 0 0 2 0 0 0 0 0 0 2 0 2 0 0 2 2 0 0 2 0 0 2 0 2 0 0 0 0 0 0 0 0 0 0 0 0 0 0 0 0 0
795 2 2 2 2 2 0 2 0 2 2 2 2 2 2 0 2 0 2 2 2 2 2 2 2 0 2 0 2 2 2 2 2 2 0 0 0 2 2 2 2 2 2 0 2 2 2 0 2 2 2 2 0 2 0 2 2 0 2 2 2 2 2 2 2 0 2 2 2 2 2 0 2 2 2 0 2 2 2 2 2 0 0 2 2 2 0 2 2 0 0 0 2 2 0 0 2 2 0 0 2 0 0 2 2 0 2 0 2 0 2 2 2 0 2 2 2 0 0 2 2 2 2 2 2 2 2 2 0 0 2 0 2 0 2 0 0 0 0 2 0 2 0 0 0 2 0 0 0 1 2 2 0 0 0 2 0 0 0 0 2 0 0 2 0 0 0 0 2 0 2 0 0 0 0 0 2 2 0 2 2 0 2 0 0 0 0 2 2 0 2 2 0 2 0 0 0 2 2 0 0 2 0 0 2 0 0 2 0 0 0 0 2 2 2 2 2 0 2 2 2 0 2 2 2 0 2 0 0 2 0 0 2 2 0 2 0 2 2 2 0 0 0 0 0 0
796 2 2 2 2 2 0 2 2 2 2 2 2 2 2 2 0 0 2 2 2 2 2 2 2 2 0 0 2 2 2 2 2 2 2 0 1 2 2 2 2 2 2 0 2 2 2 0 2 2 2 2 0 2 0 2 2 2 2 2 2 2 2 2 2 0 2 2 2 2 2 0 2 2 2 0 2 2 2 2 0 0 0 2 2 0 0 2 2 2 0 0 2 2 2 2 2 2 0 2 2 0 0 2 2 2 0 0 2 2 2 2 2 2 2 2 2 0 2 2 2 2 2 2 2 2 2 2 0 2 0 0 2 0 2 0 0 0 0 2 0 2 0 0 2 2 0 0 2 1 0 2 2 0 0 2 2 0 2 2 2 2 0 2 0 0 0 0 2 0 2 0 0 0 2 0 2 2 0 2 2 0 0 0 0 2 2 2 2 0 2 2 0 2 0 0 0 2 2 2 1 0 0 0 2 0 2 2 2 0 0 2 2 2 2 2 2 0 2 2 2 2 2 2 2 0 2 0 0 2 2 2 0 2 0 2 2 0 2 2 2 0 0 2 0 0
797 2 2 2 2 2 2 2 2 2 2 2 2 2 2 2 2 2 2 2 2 2 2 2 2 2 2 2 2 2 2 2 2 2 2 2 2 2 2 2 2 2 2 2 2 2 2 2 2 2 2 2 2 2 2 2 2 2 2 2 2 2 2 2 2 2 2 2 2 2 2 2 2 2 2 2 2 2 2 2 2 0 0 2 2 2 2 2 2 2 2 2 2 2 2 2 2 2 2 2 2 0 2 2 2 2 2 2 2 2 2 2 2 2 2 2 2 2 2 2 2 2 2 2 2 2 2 2 2 2 2 2 2 2 2 2 2 2 2 2 2 2 0 2 2 2 2 2 2 2 2 2 2 2 2 2 2 2 2 2 2 2 2 2 0 2 2 0 2 2 2 2 2 2 2 0 2 2 2 2 2 0 2 2 2 2 2 2 2 0 2 2 0 2 2 0 2 2 2 2 2 2 2 2 2 2 2 2 2 2 2 2 2 2 2 2 2 2 2 2 2 2 2 2 2 2 2 0 2 2 2 2 2 2 0 2 2 2 2 2 2 2 0 2 2 0
798 2 2 2 2 2 2 2 0 2 2 2 2 2 2 0 2 2 2 2 2 2 2 2 2 0 2 2 2 2 2 2 2 2 0 2 1 2 2 2 2 2 2 0 2 2 2 0 2 2 2 2 0 2 0 2 2 0 2 2 2 2 2 2 2 0 2 2 2 2 2 0 2 2 2 2 2 2 2 2 2 2 2 2 2 2 2 2 2 0 2 2 2 2 0 0 2 2 0 0 2 2 2 2 2 0 2 2 2 0 2 2 2 0 2 2 2 2 0 2 2 2 2 2 2 2 2 2 0 0 2 2 2 2 2 0 2 2 2 2 2 2 2 2 0 2 2 0 0 1 2 2 0 0 2 2 0 2 0 0 2 0 2 2 2 2 2 2 2 0 2 2 2 2 0 2 2 2 2 2 2 2 2 2 2 0 0 2 2 2 2 2 2 2 0 2 2 2 2 0 0 2 2 2 2 0 0 2 0 0 0 0 2 2 2 2 2 2 2 2 2 0 2 2 2 2 2 2 2 2 0 0 2 2 2 2 0 2 2 2 0 2 2 0 2 2
799 2 0 0 2 0 0 0 0 0 0 2 2 0 0 0 0 0 0 0 0 0 2 0 0 0 0 0 2 0 0 0 2 0 0 0 0 2 0 2 0 0 0 0 2 0 0 0 0 0 0 2 0 2 0 0 0 0 0 0 2 2 2 0 2 0 0 0 2 2 0 0 2 0 2 0 0 0 2 0 0 0 0 0 0 0 0 0 0 0 0 0 2 0 0 0 0 0 0 0 0 0 0 0 0 0 0 0 2 0 0 0 0 0 2 0 0 0 0 0 0 0 2 0 2 0 0 0 0 0 0 0 0 0 0 0 0 0 0 2 0 0 0 0 0 2 0 0 0 0 0 2 0 0 0 0 0 0 0 0 2 0 0 0 0 0 0 0 2 0 2 0 0 0 0 0 2 2 0 2 0 0 0 0 0 0 0 2 0 0 2 2 0 0 0 0 0 2 0 0 0 0 0 0 2 0 0 2 0 0 0 0 0 0 2 0 2 0 0 2 2 0 0 2 0 0 2 0 0 0 0 0 0 0 0 0 0 0 0 0 0 0 0 0 0 0
800 2 2 2 2 2 0 2 0 2 2 2 2 2 0 0 0 0 2 2 2 2 2 2 0 0 0 0 2 2 2 2 2 2 0 0 0 2 2 2 2 2 2 0 2 2 2 0 2 2 2 2 0 2 0 2 2 0 2 2 2 2 2 2 2 0 2 2 2 2 2 0 2 2 2 0 2 2 2 2 0 0 0 2 2 0 0 2 2 0 0 0 2 2 0 0 2 2 0 0 2 0 0 2 2 0 0 0 2 0 2 2 2 0 2 2 2 0 0 2 2 2 2 2 2 2 2 2 0 0 0 0 2 0 2 0 0 0 0 2 0 2 0 0 0 2 0 0 0 1 0 2 0 0 0 2 0 0 0 0 2 0 0 2 0 0 0 0 2 0 2 0 0 0 0 0 2 2 0 2 2 0 0 0 0 0 0 2 2 0 2 2 0 2 0 0 0 2 2 0 0 0 0 0 2 0 0 2 0 0 0 0 2 2 2 2 2 0 2 2 2 0 2 2 2 0 2 0 0 2 0 0 0 2 0 2 0 0 2 2 0 0 0 0 0 0
801 2 0 0 2 0 0 0 0 0 0 2 2 0 0 0 0 0 0 0 0 0 2 0 0 0 0 0 2 0 0 0 2 0 0 0 0 2 0 2 0 0 0 0 2 0 0 0 0 0 0 2 0 2 0 0 0 0 0 0 2 2 2 0 2 0 0 0 2 2 0 0 2 0 2 0 0 0 2 0 0 0 0 0 0 0 0 0 0 0 0 0 2 0 0 0 0 0 0 0 0 0 0 0 0 0 0 0 2 0 0 0 0 0 2 0 0 0 0 0 0 0 2 0 2 0 0 0 0 0 0 0 0 0 0 0 0 0 0 2 0 0 0 0 0 2 0 0 0 0 0 2 0 0 0 0 0 0 0 0 2 0 0 0 0 0 0 0 1 0 2 0 0 0 0 0 2 2 0 2 0 0 0 0 0 0 0 2 0 0 2 2 0 0 0 0 0 2 0 0 0 0 0 0 2 0 0 2 0 0 0 0 0 0 2 0 2 0 0 2 2 0 0 2 0 0 2 0 0 0 0 0 0 0 0 0 0 0 0 0 0 0 0 0 0 0
802 2 2 2 2 2 2 2 0 2 2 2 2 2 2 0 2 2 2 2 2 2 2 2 2 0 2 2 2 2 2 2 2 2 0 2 1 2 2 2 2 2 2 0 2 2 2 0 2 2 2 2 0 2 0 2 2 0 2 2 2 2 2 2 2 0 2 2 2 2 2 0 2 2 2 2 2 2 2 2 2 2 2 2 2 2 2 2 2 0 2 2 2 2 0 0 2 2 0 0 2 2 2 2 2 0 2 2 2 0 2 2 2 0 2 2 2 2 0 2 2 2 2 2 2 2 2 2 0 0 2 2 2 2 2 0 2 2 2 2 2 2 2 2 0 2 2 0 0 1 2 2 0 0 2 2 0 2 0 0 2 0 2 2 2 2 2 2 2 0 2 2 2 2 0 2 2 2 2 2 2 2 2 2 2 0 0 2 2 2 2 2 2 2 0 2 2 2 2 0 0 2 2 2 2 0 0 2 0 0 0 0 2 2 2 2 2 2 2 2 2 0 2 2 2 2 2 2 2 2 0 0 2 2 2 2 0 2 2 2 0 2 2 0 2 2
803 0 2 2 0 2 2 2 2 2 2 2 0 2 2 2 2 2 2 2 2 2 0 2 2 2 2 2 0 2 2 2 0 2 2 2 2 2 2 2 2 2 2 2 0 2 2 2 2 2 2 2 2 0 2 2 2 2 2 2 2 0 2 2 0 2 2 2 0 2 2 2 2 2 0 2 2 2 0 2 2 2 2 2 2 2 2 2 2 2 2 2 2 2 2 2 2 2 2 2 2 2 2 2 2 2 2 2 2 2 2 2 2 2 0 2 2 2 2 2 2 2 2 2 0 2 2 2 2 2 2 2 2 2 2 2 2 2 2 0 2 2 2 2 2 0 2 2 2 2 2 2 2 2 2 2 2 2 2 2 0 2 2 2 2 2 2 2 0 2 0 2 2 2 2 2 2 0 2 0 2 2 2 2 2 2 2 2 2 2 0 1 2 2 2 2 2 2 2 2 2 2 2 2 2 2 2 2 2 2 2 2 2 2 0 2 0 2 2 2 0 2 2 0 2 2 2 2 2 2 2 2 2 2 2 2 2 2 2 2 2 2 2 2 2 2
804 2 2 2 2 2 2 2 0 2 2 2 2 2 2 0 2 2 2 2 2 2 2 2 2 0 2 2 2 2 2 2 2 2 0 2 0 2 2 2 2 2 2 0 2 2 2 0 2 2 2 2 0 2 0 2 2 0 2 2 2 2 2 2 2 0 2 2 2 2 2 0 2 2 2 2 2 2 2 2 2 2 2 2 2 2 2 2 2 0 2 2 2 2 0 0 2 2 0 0 2 2 2 2 2 0 2 2 2 0 2 2 2 0 2 2 2 2 1 2 2 2 2 2 2 2 2 2 0 0 2 2 2 2 2 0 2 2 2 2 2 2 2 2 0 2 2 0 0 1 2 2 0 0 2 2 0 2 0 0 2 0 2 2 2 2 2 2 2 0 2 2 2 2 0 2 2 2 2 2 2 2 2 2 2 0 0 2 2 2 2 2 2 2 0 2 2 2 2 0 0 2 2 2 2 0 0 2 0 0 0 0 2 2 2 2 2 2 2 2 2 0 2 2 2 2 2 2 2 2 0 0 2 2 2 2 0 2 2 2 0 2 2 0 2 2
805 2 2 2 2 2 0 2 0 2 2 2 2 2 2 0 0 0 2 2 2 2 2 2 2 0 0 0 2 2 2 2 2 2 0 0 0 2 2 2 2 2 2 0 2 2 2 0 2 2 2 2 0 2 0 2 2 0 2 2 2 2 2 2 2 0 2 2 2 2 2 0 2 2 2 0 2 2 2 2 0 0 0 2 2 0 0 2 2 0 0 0 2 2 0 0 2 2 0 0 2 0 0 2 2 0 0 0 2 0 2 2 2 0 2 2 2 0 0 2 2 2 2 2 2 2 2 2 0 0 0 0 2 0 2 0 0 0 0 2 0 2 0 0 0 2 0 0 0 1 0 2 0 0 0 2 0 0 0 0 2 0 0 2 0 0 0 0 2 0 2 0 0 0 0 0 2 2 0 2 2 0 0 0 0 0 0 2 2 0 2 2 0 2 0 0 0 2 2 0 0 0 0 0 2 0 0 2 0 0 0 0 2 2 2 2 2 0 2 2 2 0 2 2 2 0 2 0 0 2 0 0 0 2 0 2 0 0 2 2 0 0 0 0 0 0
806 2 2 2 2 2 0 2 0 2 2 2 2 2 2 0 0 0 2 2 2 2 2 2 2 0 0 0 2 2 2 2 2 2 0 0 0 2 2 2 2 2 2 0 2 2 2 0 2 2 2 2 0 2 0 2 2 0 2 2 2 2 2 2 2 0 2 2 2 2 2 0 2 2 2 0 2 2 2 2 0 2 2 2 2 0 0 2 2 0 0 0 2 2 0 0 2 2 0 0 2 2 0 2 2 0 0 0 2 0 2 2 2 0 2 2 2 0 0 2 2 2 2 2 2 2 2 2 0 0 0 0 2 0 2 0 0 0 0 2 0 2 2 0 0 2 0 0 0 1 0 2 0 0 0 2 0 0 0 0 2 0 0 2 2 0 0 2 2 0 2 0 0 0 0 2 2 2 0 2 2 2 0 0 0 0 0 2 2 2 2 2 2 2 0 2 0 2 2 0 0 0 0 0 2 0 0 2 0 0 0 0 2 2 2 2 2 0 2 2 2 0 2 2 2 0 2 2 0 2 0 0 0 2 2 2 0 0 2 2 0 0 2 0 0 2
807 2 2 2 2 2 2 2 2 2 2 0 2 2 2 2 2 2 2 2 2 2 2 2 2 2 2 2 2 2 2 2 2 2 2 2 2 0 2 0 2 2 2 2 2 2 2 2 2 2 2 2 2 2 2 2 2 2 2 2 2 2 2 2 2 2 2 2 2 2 2 2 0 2 2 2 2 2 2 2 2 2 2 2 2 2 2 2 2 2 2 2 0 2 2 2 2 2 2 2 2 2 2 2 2 2 2 2 2 2 2 2 2 2 2 2 2 2 2 2 2 2 2 2 2 2 2 2 2 2 2 2 2 2 2 2 2 2 2 2 2 2 2 2 2 2 2 2 2 2 2 0 2 2 2 2 2 2 2 2 2 2 2 2 2 2 2 2 2 2 2 2 2 2 2 2 0 2 2 2 2 2 2 2 2 2 2 0 2 2 2 1 2 2 2 2 2 2 2 2 2 2 2 2 0 2 2 0 2 2 2 2 2 2 2 2 2 2 2 0 2 2 2 2 2 2 0 2 2 2 2 2 2 2 2 2 2 2 2 2 2 2 2 2 2 2
808 2 2 2 2 0 2 0 2 2 2 2 2 0 2 2 2 2 2 2 2 2 2 0 2 2 2 2 2 2 2 2 2 2 2 2 2 2 2 2 2 2 2 2 2 2 2 2 2 2 2 2 2 2 2 0 0 2 2 2 2 2 2 0 2 2 0 2 2 2 0 2 2 2 2 2 2 2 2 0 2 2 2 2 2 2 2 2 2 2 2 2 2 2 2 2 2 0 2 2 2 2 2 2 2 2 2 2 2 2 2 2 0 2 2 2 0 2 2 2 2 0 2 2 2 2 0 2 2 2 2 2 2 2 2 2 2 2 2 2 2 2 2 2 2 2 2 2 2 1 2 2 2 2 2 0 2 2 2 2 2 2 2 0 2 2 2 2 1 2 2 2 2 2 2 2 2 2 2 2 2 2 2 2 2 2 2 2 0 2 2 2 2 2 2 2 2 2 0 2 2 2 2 2 2 2 2 2 2 2 2 2 0 2 2 0 2 2 0 2 2 2 0 2 0 2 2 2 2 0 2 2 2 2 2 0 2 2 2 2 2 2 2 2 2 2
809 2 2 2 2 2 2 2 2 2 2 2 2 2 2 2 2 2 2 2 2 2 2 2 2 2 2 2 2 2 2 2 2 2 2 2 2 2 2 2 2 2 2 2 2 2 2 2 2 2 2 2 2 2 2 2 2 2 2 2 2 2 2 2 2 2 2 2 2 2 2 2 2 2 2 2 2 2 2 2 2 0 0 2 2 2 2 2 2 2 2 2 2 2 2 2 2 2 2 2 2 0 2 2 2 2 2 2 2 2 2 2 2 2 2 2 2 2 2 2 2 2 2 2 2 2 2 2 2 2 2 2 2 2 2 2 2 2 2 2 2 2 0 2 2 2 2 2 2 2 2 2 2 2 2 2 2 2 2 2 2 2 2 2 0 2 2 0 2 2 2 2 2 2 2 0 2 2 2 2 2 0 2 2 2 2 2 2 2 0 2 2 0 2 2 0 2 2 2 2 2 2 2 2 2 2 2 2 2 2 2 2 2 2 2 2 2 2 2 2 2 2 2 2 2 2 2 0 2 2 2 2 2 2 0 2 2 2 2 2 2 2 0 2 2 0
810 2 2 2 2 2 2 2 0 2 2 2 2 2 2 0 2 2 2 2 2 2 2 2 2 0 2 2 2 2 2 2 2 2 0 2 1 2 2 2 2 2 2 0 2 2 2 0 2 2 2 2 0 2 0 2 2 0 2 2 2 2 2 2 2 0 2 2 2 2 2 0 2 2 2 2 2 2 2 2 2 2 2 2 2 2 2 2 2 0 2 2 2 2 0 0 2 2 0 0 2 2 2 2 2 0 2 2 2 0 2 2 2 0 2 2 2 2 0 2 2 2 2 2 2 2 2 2 0 0 2 2 2 2 2 0 2 2 2 2 2 2 2 2 0 2 2 0 0 1 2 2 0 0 2 2 0 2 0 0 2 0 2 2 2 2 2 2 2 0 2 2 2 2 0 2 2 2 2 2 2 2 2 2 2 0 0 2 2 2 2 2 2 2 0 2 2 2 2 0 0 2 2 2 2 0 0 2 0 0 0 0 2 2 2 2 2 2 2 2 2 0 2 2 2 2 2 2 2 2 0 0 2 2 2 2 0 2 2 2 0 2 2 0 2 2
811 2 0 2 2 0 0 0 0 2 0 2 2 0 2 0 0 0 2 0 2 2 2 0 2 0 0 0 2 2 0 2 2 0 0 0 0 2 0 2 2 2 0 0 2 0 2 0 0 2 2 2 0 2 0 0 0 0 0 2 2 2 2 0 2 0 0 0 2 2 0 0 2 0 2 0 0 2 2 0 0 0 0 0 0 0 0 2 0 0 0 0 2 0 0 0 0 0 0 0 2 0 0 0 2 0 0 0 2 0 0 0 0 0 2 2 0 0 0 0 0 0 2 2 2 0 0 2 0 0 0 0 0 0 0 0 0 0 0 2 0 0 0 0 0 2 0 0 0 0 0 2 0 0 0 0 0 0 0 0 2 0 0 0 0 0 0 0 1 0 2 0 0 0 0 0 2 2 0 2 0 0 0 0 0 0 0 2 0 0 2 2 0 0 0 0 0 0 0 0 0 0 0 0 2 0 0 2 0 0 0 0 0 2 2 0 2 0 0 2 2 0 0 2 0 0 2 0 0 0 0 0 0 0 0 0 0 0 0 0 0 0 0 0 0 0
812 2 0 2 2 0 2 0 2 2 0 2 2 0 2 2 2 2 2 0 2 2 2 0 2 2 2 2 2 2 0 2 2 0 2 2 2 2 0 2 2 2 0 2 2 0 2 2 0 2 2 2 2 2 2 0 0 2 0 2 2 2 2 0 2 2 0 0 2 2 0 2 2 0 2 2 0 2 2 0 2 2 2 0 0 2 2 2 0 2 2 2 2 0 2 2 0 0 2 2 2 2 2 0 2 2 2 2 2 2 0 0 0 2 2 2 0 2 2 0 0 0 2 2 2 0 0 2 2 2 2 2 0 2 0 2 2 2 2 2 2 0 2 2 2 2 2 2 2 1 2 2 2 2 2 0 2 2 2 2 2 2 2 0 2 2 2 2 1 2 2 2 2 2 2 2 2 2 2 2 0 2 2 2 2 2 2 2 0 2 2 2 2 0 2 2 2 0 0 2 2 2 2 2 2 2 2 2 2 2 2 2 0 2 2 0 2 2 0 2 2 2 0 2 0 2 2 2 2 0 2 2 2 0 2 0 2 2 0 0 2 2 2 2 2 2
813 2 0 0 2 0 0 0 0 0 0 2 2 0 0 0 0 0 0 0 0 0 2 0 0 0 0 0 2 0 0 0 2 0 0 0 0 2 0 2 0 0 0 0 2 0 0 0 0 0 0 2 0 2 0 0 0 0 0 0 2 2 2 0 2 0 0 0 2 2 0 0 2 0 2 0 0 0 2 0 0 0 0 0 0 0 0 0 0 0 0 0 2 0 0 0 0 0 0 0 0 0 0 0 0 0 0 0 2 0 0 0 0 0 2 0 0 0 0 0 0 0 2 0 2 0 0 0 0 0 0 2 0 0 0 0 0 0 0 2 0 0 0 0 0 2 0 0 0 0 0 2 0 0 0 0 0 0 0 0 2 0 0 0 0 0 0 0 1 0 2 0 0 0 0 0 2 2 0 2 0 0 0 0 0 0 0 2 0 0 2 2 0 0 0 0 0 0 0 0 0 0 0 0 2 0 0 2 0 0 0 0 0 0 2 0 2 0 0 2 2 0 0 2 0 0 2 0 0 0 0 0 0 0 0 0 0 0 0 0 0 0 0 0 0 0
814 2 2 2 2 2 0 2 2 2 2 2 2 2 2 2 2 0 2 2 2 2 2 2 2 2 2 0 2 2 2 2 2 2 2 0 1 2 2 2 2 2 2 2 2 2 2 2 2 2 2 2 2 2 2 2 2 2 2 2 2 2 2 2 2 2 2 2 2 2 2 2 2 2 2 0 2 2 2 2 2 0 0 2 2 2 0 2 2 2 0 0 2 2 2 2 2 2 2 2 2 0 0 2 2 2 2 0 2 2 2 2 2 2 2 2 2 0 2 2 2 2 2 2 2 2 2 2 2 2 2 2 2 0 2 2 0 2 0 2 0 2 0 0 2 2 0 2 2 1 2 2 2 2 0 2 2 2 2 2 2 2 2 2 0 0 0 0 2 2 2 2 0 0 2 0 2 2 0 2 2 0 2 0 0 2 2 2 2 0 2 2 0 2 2 0 0 2 2 2 2 2 0 2 2 2 2 2 2 2 2 2 2 2 2 2 2 2 2 2 2 2 2 2 2 2 2 0 0 2 2 2 2 2 0 2 2 2 2 2 2 0 0 2 0 0
815 2 2 2 2 2 2 2 0 2 2 2 2 2 2 0 2 2 2 2 2 2 2 2 2 0 2 2 2 2 2 2 2 2 0 2 1 0 2 2 2 2 2 0 2 2 2 0 2 2 2 2 0 2 0 2 2 0 2 2 2 2 2 2 2 0 2 2 2 2 2 0 2 2 2 2 2 2 2 2 2 2 2 2 2 2 2 2 2 0 2 2 2 2 0 0 2 2 0 0 2 2 2 2 2 0 2 2 2 0 2 2 2 0 2 2 2 2 0 2 2 2 2 2 2 2 2 2 0 0 2 2 2 2 2 0 2 2 2 2 2 2 2 2 0 2 2 0 0 1 2 0 0 0 2 2 0 2 0 0 2 0 2 2 2 2 2 2 2 0 2 2 2 2 0 2 0 2 2 2 2 2 2 2 2 0 0 0 2 2 2 1 2 2 0 2 2 2 2 0 0 2 2 2 0 0 0 0 0 0 0 0 2 2 2 2 2 2 2 0 2 0 2 2 2 2 0 2 2 2 0 0 2 2 2 2 0 2 2 2 0 2 2 0 2 2
816 2 2 2 2 2 0 2 2 2 2 2 2 2 2 2 2 0 2 2 2 2 2 2 2 2 2 0 2 2 2 2 2 2 2 0 1 2 2 2 2 2 2 2 2 2 2 2 2 2 2 2 2 2 2 2 2 2 2 2 2 2 2 2 2 2 2 2 2 2 2 2 2 2 2 0 2 2 2 2 2 0 0 2 2 2 0 2 2 2 0 0 2 2 2 2 2 2 2 2 2 0 0 2 2 2 2 0 2 2 2 2 2 2 2 2 2 0 2 2 2 2 2 2 2 2 2 2 2 2 2 2 2 0 2 2 0 0 0 2 0 2 0 0 2 2 2 2 2 1 2 2 2 2 0 2 2 0 2 2 2 2 2 2 0 0 0 0 2 2 2 2 0 0 2 0 2 2 0 2 2 0 2 0 0 2 2 2 2 0 2 2 0 2 2 0 0 2 2 2 2 2 0 0 2 2 2 2 2 2 2 2 2 2 2 2 2 0 2 2 2 2 2 2 2 2 2 0 0 2 2 2 2 2 0 2 2 2 2 2 2 0 0 2 0 0
817 2 2 0 2 2 0 2 0 0 2 2 2 2 0 0 0 0 0 2 2 0 2 2 0 0 0 0 2 0 2 0 2 2 0 0 0 2 2 2 0 0 2 0 2 2 0 0 2 0 0 2 0 2 0 2 2 0 2 0 2 2 2 2 2 0 2 2 2 2 2 0 2 2 2 0 2 0 2 2 0 0 0 2 2 0 0 0 2 0 0 0 2 2 0 0 2 2 0 0 0 0 0 2 0 0 0 0 2 0 2 2 2 0 2 0 2 0 0 2 2 2 2 0 2 2 2 0 0 0 0 2 2 0 2 0 0 0 0 2 0 2 0 0 0 2 2 0 0 1 0 2 0 0 0 2 0 0 0 0 2 0 0 2 0 0 0 0 2 0 2 0 0 0 0 0 2 2 0 2 2 0 0 0 0 0 0 2 2 0 2 2 0 2 0 0 0 2 2 0 0 0 0 0 2 0 0 2 0 0 0 0 2 0 2 2 2 0 2 2 2 0 2 2 2 0 2 0 0 2 0 0 0 2 0 2 0 0 2 2 0 0 0 0 0 0
818 2 2 2 2 2 2 2 2 2 2 2 2 2 2 2 2 2 2 2 2 2 2 2 2 2 2 2 2 2 2 2 2 2 2 2 2 2 2 2 2 2 2 2 2 2 2 2 2 2 2 2 2 2 2 2 2 2 2 2 2 2 2 2 2 2 2 2 2 2 2 2 2 2 2 2 2 2 2 2 2 0 0 2 2 2 2 2 2 2 2 2 2 2 2 2 2 2 2 2 2 0 2 2 2 2 2 2 2 2 2 2 2 2 2 2 2 2 2 2 2 2 2 2 2 2 2 2 2 2 2 2 2 2 2 2 2 2 2 2 2 2 2 2 2 2 2 2 2 2 2 2 2 2 2 2 2 2 0 2 2 2 2 2 0 2 2 0 2 2 2 2 2 2 2 0 2 2 2 2 2 0 2 2 2 2 2 2 2 0 2 2 0 2 2 0 2 2 2 2 2 2 2 2 2 2 2 2 2 2 2 2 2 2 2 2 2 2 2 2 2 2 2 2 2 2 2 0 2 2 2 2 2 2 0 2 2 2 2 2 2 2 0 2 2 0
819 2 2 2 2 2 0 2 2 2 2 2 2 2 2 2 2 0 2 2 2 2 2 2 2 2 2 0 2 2 2 2 2 2 2 0 1 2 2 2 2 2 2 2 2 2 2 2 2 2 2 2 2 2 2 2 2 2 2 2 2 2 2 2 2 2 2 2 2 2 2 2 2 2 2 0 2 2 2 2 2 2 2 2 2 2 0 2 2 2 0 0 2 2 0 2 2 2 2 2 2 2 0 2 2 2 2 0 2 2 2 2 2 0 2 2 2 0 2 2 2 2 2 2 2 2 2 2 2 2 2 2 2 0 2 2 0 0 0 2 0 2 0 0 2 2 2 2 2 1 2 2 2 2 0 2 2 0 2 2 2 2 2 2 2 0 0 2 2 2 2 2 0 0 2 2 2 2 0 2 2 2 2 0 0 2 2 2 2 2 2 2 2 2 2 2 0 2 2 2 2 2 0 0 2 2 2 2 2 2 2 2 2 2 2 2 2 0 2 2 2 2 2 2 2 2 2 2 0 2 2 2 2 2 2 2 2 2 2 2 2 0 2 2 0 2
820 2 2 2 2 2 0 2 2 2 2 2 2 2 2 2 2 0 2 2 2 2 2 2 2 2 2 0 2 2 2 2 2 2 2 0 1 2 2 2 2 2 2 2 2 2 2 2 2 2 2 2 2 2 2 2 2 2 2 2 2 2 2 2 2 2 2 2 2 2 2 2 2 2 2 0 2 2 2 2 2 2 2 2 2 2 0 2 2 2 0 0 2 2 0 2 2 2 2 2 2 2 0 2 2 2 2 0 2 2 2 2 2 0 2 2 2 0 2 2 2 2 2 2 2 2 2 2 2 2 2 2 2 0 2 2 0 0 0 2 0 2 0 0 2 2 2 2 2 1 2 2 2 2 0 2 2 0 2 2 2 2 2 2 2 0 0 2 2 2 2 2 0 0 2 2 2 2 0 2 2 2 2 0 0 2 2 2 2 2 2 2 2 2 2 2 0 2 2 2 2 2 0 0 2 2 2 2 2 2 2 2 2 2 2 2 2 0 2 2 2 2 2 2 2 2 2 2 0 2 2 2 2 2 2 2 2 2 2 2 2 0 2 2 0 2
821 2 2 0 2 2 2 2 2 0 2 2 2 2 0 2 2 2 0 2 2 0 2 2 0 2 2 2 2 0 2 0 2 2 2 2 2 2 2 2 0 0 2 2 2 2 0 2 2 0 0 2 2 2 2 2 2 2 2 0 2 2 2 2 2 2 2 2 2 2 2 2 2 2 2 2 2 0 2 2 2 2 2 2 2 2 2 0 2 2 2 2 2 2 2 2 2 2 2 2 0 2 2 2 0 2 2 2 2 2 2 2 2 2 2 0 2 2 2 2 2 2 2 0 2 2 2 0 2 2 2 2 2 2 2 2 2 2 2 2 2 2 2 2 2 2 2 2 2 2 2 2 2 2 2 2 2 2 2 2 2 2 2 2 2 2 2 2 2 2 2 2 2 2 2 2 2 2 2 2 2 2 2 2 2 2 2 2 2 2 2 2 2 2 2 2 2 2 2 2 2 2 2 2 2 2 2 2 2 2 2 2 2 0 2 2 2 2 2 2 2 2 2 2 2 2 2 2 2 2 2 2 2 2 2 2 2 2 2 2 2 2 2 2 2 2
822 2 2 2 2 2 1 2 1 2 2 2 2 2 2 0 2 0 2 2 2 2 2 2 2 0 2 0 2 2 2 2 2 2 0 0 0 2 2 2 2 2 2 1 2 2 2 0 2 2 2 2 0 2 1 2 2 0 2 2 2 2 2 2 2 0 2 2 2 2 2 1 2 2 2 0 2 2 2 2 0 0 0 2 2 2 0 2 2 1 0 0 2 2 1 1 2 2 0 0 2 0 1 2 2 0 1 0 2 1 2 2 2 1 2 2 2 1 0 2 2 2 2 2 2 2 2 2 0 0 2 2 2 1 2 1 0 0 1 2 0 2 0 0 0 2 2 1 0 1 1 2 1 1 0 2 0 1 0 0 2 1 0 2 0 0 0 0 2 0 2 0 0 0 1 0 2 2 0 2 2 0 0 0 0 0 1 2 2 0 2 2 0 2 0 0 0 2 2 1 1 0 0 0 2 1 0 2 1 1 1 0 2 2 2 2 2 0 2 2 2 1 2 2 2 0 2 0 0 2 0 0 2 2 0 2 0 0 2 2 1 1 0 0 0 0
823 2 2 0 2 2 0 2 0 0 2 2 2 2 0 0 0 0 0 2 2 0 2 2 0 0 0 0 2 0 2 0 2 2 0 0 0 2 2 2 0 0 2 0 2 2 0 0 2 0 0 2 0 2 0 2 2 0 2 0 2 2 2 2 2 0 2 2 2 2 2 0 2 2 2 0 2 0 2 2 0 0 0 2 2 0 0 0 2 0 0 0 2 2 0 0 2 2 0 0 0 0 0 2 0 0 0 0 2 0 2 2 2 0 2 0 2 0 0 2 2 2 2 0 2 2 2 0 0 0 0 2 2 0 2 0 0 0 0 2 0 2 0 0 0 2 0 0 0 1 0 2 0 0 0 2 0 0 0 0 2 0 0 2 0 0 0 0 2 0 2 0 0 0 0 0 2 2 0 2 2 0 0 0 0 0 0 2 2 0 2 2 0 2 0 0 0 2 2 0 0 0 0 0 2 0 0 2 0 0 0 0 2 0 2 2 2 0 2 2 2 0 2 2 2 0 2 0 0 2 0 0 0 2 0 2 0 0 2 2 0 0 0 0 0 0
824 0 2 2 0 2 2 2 2 2 2 2 0 2 2 2 2 2 2 2 2 2 0 2 2 2 2 2 0 2 2 2 0 2 2 2 2 2 2 2 2 2 2 2 0 2 2 2 2 2 2 2 2 0 2 2 2 2 2 2 2 0 2 2 0 2 2 2 0 2 2 2 2 2 0 2 2 2 0 2 2 2 2 2 2 2 2 2 2 2 2 2 2 2 2 2 2 2 2 2 2 2 2 2 2 2 2 2 2 2 2 2 2 2 0 2 2 2 2 2 2 2 2 2 0 2 2 2 2 2 2 2 2 2 2 2 2 2 2 0 2 2 2 2 2 0 2 2 2 2 2 2 2 2 2 2 2 2 2 2 0 2 2 2 2 2 2 2 1 2 0 2 2 2 2 2 2 0 2 0 2 2 2 2 2 2 2 2 2 2 0 1 2 2 2 2 2 2 2 2 2 2 2 2 2 2 2 2 2 2 2 2 2 2 0 2 0 2 2 2 0 2 2 0 2 2 2 2 2 2 2 2 2 2 2 2 2 2 2 2 2 2 2 2 2 2
825 2 0 2 2 0 2 0 2 2 0 2 2 0 2 2 2 2 2 0 2 2 2 0 2 2 2 2 2 2 0 2 2 0 2 2 2 2 0 2 2 2 0 2 2 2 2 2 0 2 2 2 2 2 2 0 0 2 0 2 2 2 2 0 2 2 0 0 2 2 0 2 2 0 2 2 0 2 2 0 2 2 2 0 0 2 2 2 0 2 2 2 2 0 2 2 0 0 2 2 2 2 2 0 2 2 2 2 2 2 0 0 0 2 2 2 0 2 2 2 0 0 2 2 2 0 0 2 2 2 2 2 0 2 0 2 2 2 2 2 2 0 2 2 2 2 2 2 2 1 2 2 2 2 2 0 2 2 2 2 2 2 2 0 2 2 2 2 2 2 2 2 2 2 2 2 2 2 2 2 2 2 2 2 2 2 2 2 0 2 2 2 2 0 2 2 2 0 0 2 2 2 2 2 0 2 2 0 2 2 2 2 0 2 2 0 2 2 0 2 2 2 0 2 0 2 2 2 2 0 2 2 2 2 2 0 2 2 2 2 2 2 2 2 2 2
826 2 2 2 2 2 0 2 2 2 2 2 2 2 2 2 2 0 2 2 2 2 2 2 2 2 2 0 2 2 2 2 2 2 2 0 1 2 2 2 2 2 2 2 2 2 2 2 2 2 2 2 2 2 2 2 2 2 2 2 2 2 2 2 2 2 2 2 2 2 2 2 2 2 2 0 2 2 2 2 2 0 0 2 2 2 0 2 2 2 0 0 2 2 2 2 2 2 2 2 2 0 0 2 2 2 2 0 2 2 2 2 2 2 2 2 2 0 2 2 2 2 2 2 2 2 2 2 2 2 2 2 2 0 2 2 0 0 0 2 0 2 0 0 2 2 0 2 2 1 2 2 2 2 0 2 2 0 0 2 2 2 0 2 0 0 0 0 2 2 2 0 0 0 2 0 2 2 0 2 2 0 2 0 0 2 2 2 2 0 2 2 0 2 2 0 0 2 2 2 2 2 0 0 2 2 2 2 2 2 2 2 2 2 2 2 2 0 2 2 2 2 2 2 2 0 2 0 0 2 2 2 2 2 0 2 2 2 2 2 2 0 0 2 0 0
827 0 2 2 0 2 2 2 2 2 2 2 0 2 2 2 2 2 2 2 2 2 0 2 2 2 2 2 0 2 2 2 0 2 2 2 2 2 2 2 2 2 2 2 0 2 2 2 2 2 2 2 2 0 2 2 2 2 2 2 2 0 2 2 0 2 2 2 0 2 2 2 2 2 0 2 2 2 0 2 2 2 2 2 2 2 2 2 2 2 2 2 2 2 2 2 2 2 2 2 2 2 2 2 2 2 2 2 2 2 2 2 2 2 0 2 2 2 2 2 2 2 2 2 0 2 2 2 2 2 2 2 2 2 2 2 2 2 2 0 2 2 2 2 2 0 2 2 2 2 2 2 2 2 2 2 2 2 2 2 0 2 2 2 2 2 2 2 1 2 0 2 2 2 2 2 2 0 2 0 2 2 2 2 2 2 2 2 2 2 0 1 2 2 2 2 2 2 2 2 2 2 2 2 2 2 2 2 2 2 2 2 2 2 0 2 0 2 2 2 0 2 2 0 2 2 2 2 2 2 2 2 2 2 2 2 2 2 2 2 2 2 2 2 2 2
828 2 2 2 2 2 0 2 2 2 2 2 2 2 2 2 2 0 2 2 2 2 2 2 2 2 2 0 2 2 2 2 2 2 2 0 1 2 2 2 2 2 2 2 2 2 2 2 2 2 2 2 2 2 2 2 2 2 2 2 2 2 2 2 2 2 2 2 2 2 2 2 2 2 2 0 2 2 2 2 2 0 0 2 2 2 0 2 2 2 0 0 2 2 2 2 2 2 2 2 2 0 0 2 2 2 2 0 2 2 2 2 2 2 2 2 2 0 2 2 2 2 2 2 2 2 2 2 2 2 2 2 2 0 2 2 0 0 0 2 0 2 0 0 2 2 2 2 2 1 2 2 2 2 0 2 2 0 0 2 2 2 0 2 0 0 0 0 2 2 2 0 0 0 2 0 2 2 0 2 2 0 2 0 0 2 2 2 2 0 2 2 0 2 2 0 0 2 2 2 2 2 0 0 2 2 2 2 2 2 2 2 2 2 2 2 2 0 2 2 2 2 2 2 2 0 2 0 0 2 2 2 2 2 0 2 2 2 2 2 2 0 0 2 0 0
829 2 2 2 2 2 2 2 2 2 2 2 2 2 2 2 2 0 2 2 2 2 2 2 2 2 2 0 2 2 2 2 2 2 2 2 1 2 2 2 2 2 2 2 2 2 2 2 2 2 2 2 2 2 2 2 2 2 2 2 2 2 2 2 2 2 2 2 2 2 2 2 2 2 2 0 2 2 2 2 2 2 2 2 2 2 0 2 2 2 2 0 2 2 2 2 2 2 2 2 2 2 0 2 2 2 2 0 2 2 2 2 2 2 2 2 2 2 2 2 2 2 2 2 2 2 2 2 2 2 2 2 2 0 2 2 0 2 2 2 0 2 0 0 2 2 2 2 2 2 2 2 2 2 0 2 2 2 2 2 2 2 2 2 2 0 0 2 2 2 2 2 2 0 2 2 2 2 0 2 2 2 2 0 0 2 2 2 2 2 2 2 2 2 2 2 0 2 2 2 2 2 0 2 2 2 2 2 2 2 2 2 2 2 2 2 2 2 2 2 2 2 2 2 2 2 2 2 0 2 2 2 2 2 2 2 2 2 2 2 2 2 2 2 0 2
830 2 2 0 2 2 0 2 0 0 2 2 2 2 0 0 0 0 0 2 2 0 2 2 0 0 0 0 2 0 2 0 2 2 0 0 0 2 2 2 0 0 2 0 2 2 0 0 2 0 0 2 0 2 0 2 2 0 2 0 2 2 2 2 2 0 2 2 2 2 2 0 2 2 2 0 2 0 2 2 0 0 0 2 2 0 0 0 2 0 0 0 2 2 0 0 2 2 0 0 0 0 0 2 0 2 0 0 2 0 2 2 2 0 2 0 2 0 0 2 2 2 2 0 2 2 2 0 0 0 0 2 2 0 2 0 0 0 0 2 0 2 0 0 0 2 2 0 0 1 0 2 0 0 0 2 0 0 0 0 2 0 0 2 0 0 0 0 2 0 2 0 0 0 0 0 2 2 0 2 2 0 0 0 0 0 0 2 2 0 2 2 0 2 0 0 0 2 2 0 0 0 0 0 2 0 0 2 0 0 0 0 2 0 2 2 2 0 2 2 2 0 2 2 2 0 2 0 0 2 0 0 0 2 0 2 0 0 2 2 0 0 0 0 0 0
831 2 2 2 2 2 2 2 2 2 2 2 2 2 2 2 2 2 2 2 2 2 2 2 2 2 2 2 2 2 2 2 2 2 2 2 2 2 2 2 2 2 2 2 2 2 2 2 2 2 2 2 2 2 0 2 2 2 2 2 2 2 2 2 2 0 2 2 2 2 2 2 2 2 2 2 2 2 2 2 2 0 0 2 2 2 2 2 2 2 2 2 2 2 2 2 2 2 2 2 2 0 2 2 2 2 2 2 2 2 2 2 2 2 2 2 2 2 2 2 2 2 2 2 2 2 2 2 2 2 2 2 2 2 2 2 2 2 2 2 2 2 2 2 2 2 2 2 2 2 2 2 2 0 2 2 2 2 2 2 2 2 2 2 0 2 2 2 2 0 2 2 2 2 2 2 2 2 2 2 2 0 2 2 2 2 2 2 2 0 2 2 0 2 2 0 2 2 2 2 1 2 2 2 2 2 2 2 2 2 2 2 2 2 2 2 2 2 2 2 2 2 2 2 2 2 2 0 2 2 2 2 2 2 2 2 2 2 2 2 2 2 0 2 2 0
832 2 2 2 2 2 2 2 2 2 2 2 2 2 2 2 2 2 2 2 2 2 2 2 2 2 2 2 2 2 2 2 2 2 2 2 2 2 2 2 2 2 2 0 2 2 2 0 2 2 2 2 0 2 0 2 2 2 2 2 2 2 2 2 2 0 2 2 2 2 2 0 2 2 2 2 2 2 2 2 2 2 2 2 2 2 2 2 2 2 2 2 2 2 0 2 2 2 2 2 2 2 2 2 2 2 2 2 2 2 2 2 2 0 2 2 2 2 2 2 2 2 2 2 2 2 2 2 0 2 2 2 2 2 2 2 2 2 2 2 2 2 2 2 0 2 2 0 2 2 2 2 2 0 2 2 2 2 2 1 2 2 2 2 2 2 2 2 2 0 2 2 2 2 2 2 2 2 2 2 2 2 2 2 2 2 2 2 2 2 2 2 2 2 2 2 2 2 2 2 1 2 2 2 2 2 2 2 2 0 2 2 2 2 2 2 2 2 2 2 2 2 2 2 2 2 2 2 2 2 2 2 2 2 2 2 2 2 2 2 2 2 2 2 2 2
833 2 2 0 2 2 0 2 2 0 2 2 2 2 2 2 0 0 0 2 2 0 2 2 2 2 0 0 2 0 2 0 2 2 2 0 1 2 2 2 2 2 2 0 2 2 0 0 2 0 0 2 0 2 0 2 2 0 2 0 2 2 2 2 2 0 2 2 2 2 2 0 2 2 2 0 2 0 2 2 0 0 0 2 2 0 0 0 2 2 0 0 2 2 0 2 2 2 0 2 0 0 0 2 0 2 0 0 2 2 2 2 2 0 2 0 2 0 2 2 2 2 0 0 2 2 2 2 0 2 0 0 2 0 2 0 0 0 0 2 0 2 0 0 0 2 2 0 2 1 0 2 2 0 0 2 2 0 0 1 2 2 0 2 0 0 0 0 2 0 2 0 0 0 2 0 2 2 0 2 2 0 0 0 0 2 2 2 2 0 2 2 0 2 0 0 0 2 2 2 1 0 0 0 2 0 2 2 2 0 0 2 2 0 2 2 2 0 2 2 2 2 2 2 2 0 2 0 0 2 2 2 0 2 0 2 2 0 2 2 2 0 0 2 0 0
834 2 0 0 2 0 2 0 0 0 0 0 2 0 0 0 2 2 0 0 0 0 2 0 0 0 2 2 2 0 0 2 2 0 0 2 1 2 0 0 0 2 0 0 2 2 0 2 0 0 2 2 0 2 2 0 0 0 0 0 2 2 0 0 2 2 0 0 2 0 0 2 0 0 2 2 0 0 2 0 2 2 2 0 0 2 2 0 0 0 2 2 0 0 2 0 0 0 2 0 0 2 2 0 2 2 2 2 2 0 0 0 0 2 2 0 0 2 2 2 0 0 0 2 2 0 0 2 2 0 2 2 0 2 0 2 2 2 2 2 2 0 2 2 2 2 0 0 0 1 2 2 2 2 2 0 0 2 2 1 2 0 2 0 2 2 2 2 1 2 2 2 2 2 0 2 2 2 2 2 2 2 2 2 2 0 0 2 0 2 2 2 2 0 2 2 2 0 0 0 1 2 2 2 0 2 0 0 0 2 2 0 0 0 2 0 2 2 0 2 2 0 0 2 0 2 2 2 2 0 0 0 2 2 2 0 0 2 2 2 0 2 2 2 2 2
835 2 2 2 2 2 0 2 2 2 2 2 2 2 2 2 0 0 2 2 2 2 2 2 2 2 0 0 2 2 2 2 2 2 2 0 1 2 2 2 2 2 2 2 2 2 2 2 2 2 2 0 2 2 2 2 2 2 2 2 2 2 2 0 2 2 2 2 2 2 2 2 2 2 2 0 2 2 2 0 0 0 0 2 2 0 0 2 2 2 0 0 2 2 2 2 2 0 2 2 2 0 0 2 2 2 2 0 0 2 2 2 2 2 2 2 0 0 2 0 2 2 2 0 2 2 2 2 2 2 0 2 2 0 2 2 0 2 2 2 0 2 0 0 2 2 2 2 2 1 2 2 2 2 0 2 2 2 0 2 2 2 2 2 0 0 0 0 2 2 2 2 0 0 2 0 2 2 0 2 2 0 2 2 0 2 2 2 2 0 2 2 0 2 2 0 0 2 2 2 2 2 0 2 0 2 2 2 2 2 2 2 2 2 2 0 2 2 2 2 2 2 2 2 2 2 2 0 0 2 2 2 0 2 0 2 2 0 2 0 2 0 0 2 0 0
836 2 0 2 2 2 2 2 2 2 2 2 2 2 2 2 2 2 2 2 2 2 2 2 2 0 2 2 2 2 2 2 2 0 0 2 1 2 0 2 2 2 0 2 2 2 2 2 2 2 2 2 2 2 2 2 2 2 0 2 2 2 2 2 2 2 2 0 2 2 2 2 2 2 2 2 2 2 2 2 2 2 2 0 0 2 2 2 2 2 2 2 2 0 2 2 0 2 2 2 2 2 2 0 2 2 2 2 2 2 0 2 2 2 2 2 2 2 2 2 0 2 2 2 2 0 2 2 2 2 2 2 0 2 0 2 2 2 2 2 2 2 2 2 2 2 2 2 2 2 2 2 2 2 2 2 2 2 2 1 2 2 2 2 2 2 2 2 2 2 2 2 2 2 2 2 2 2 2 2 2 2 2 2 2 0 2 2 2 2 2 2 2 2 2 2 2 2 2 2 2 2 2 2 2 2 2 2 2 2 2 0 2 2 2 2 2 2 2 2 2 2 2 2 2 2 2 2 2 2 2 2 2 2 2 2 2 2 2 2 2 2 2 2 2 2
837 2 2 2 2 2 0 2 2 2 2 2 2 2 2 2 2 0 2 2 2 2 2 2 2 2 2 0 2 2 2 2 2 2 2 0 1 2 2 2 2 2 2 2 2 2 2 2 2 2 2 2 2 2 2 2 2 2 2 2 2 2 2 0 2 2 2 2 2 2 2 2 2 2 2 0 2 2 2 2 2 2 2 2 2 2 0 2 2 2 0 0 2 2 2 2 2 2 2 2 2 2 2 2 2 2 2 0 2 2 2 2 2 2 2 2 2 0 2 2 2 2 2 2 2 2 2 2 2 2 2 2 2 0 2 2 0 2 2 2 0 2 0 0 2 2 2 2 2 1 2 2 2 2 0 2 2 2 2 2 2 2 2 2 2 0 0 2 2 2 2 2 2 0 2 2 2 2 0 2 2 2 2 2 0 2 2 2 2 2 2 2 2 2 2 2 0 2 2 2 2 2 0 2 0 2 2 2 2 2 2 2 2 2 2 2 2 2 2 2 2 2 2 2 2 2 2 2 2 2 2 2 2 2 2 2 2 2 2 2 2 0 2 2 0 2
838 2 2 0 2 2 2 2 2 0 2 2 2 2 2 2 2 2 0 2 2 0 2 2 2 2 2 2 2 0 2 2 2 2 2 2 2 2 2 2 2 2 2 2 2 2 0 2 2 0 2 2 2 2 2 2 2 2 2 0 2 2 2 2 2 2 2 2 2 2 2 2 2 2 2 2 2 0 2 2 2 2 2 2 2 2 2 0 2 2 2 2 2 2 2 2 2 2 2 2 0 2 2 2 2 2 2 2 2 2 2 2 2 2 2 0 2 2 2 2 2 2 0 2 2 2 2 2 2 2 2 2 2 2 2 2 2 2 2 2 2 2 2 2 2 2 2 2 2 2 2 2 2 2 2 2 2 2 2 2 2 2 2 2 2 2 2 2 2 2 2 2 2 2 2 2 2 2 2 2 2 2 2 2 2 2 2 2 2 2 2 2 2 2 2 2 2 2 2 2 2 2 2 2 2 2 2 2 2 2 2 2 2 0 2 2 2 2 2 2 2 2 2 2 2 2 2 2 2 2 2 2 2 2 2 2 2 2 2 2 2 2 2 2 2 2
839 0 2 2 2 2 2 2 2 2 2 0 2 2 0 2 2 2 2 2 0 2 2 2 0 2 2 2 2 2 2 2 2 2 2 2 2 2 2 0 0 0 2 2 0 2 2 2 2 2 0 2 2 0 2 2 2 2 2 2 0 2 2 2 0 2 2 2 0 2 2 2 0 2 0 2 2 2 2 2 2 2 2 2 2 2 2 2 2 2 2 2 0 2 2 2 2 2 2 2 2 2 2 2 2 0 2 2 2 2 2 2 2 2 0 2 2 2 2 2 2 2 2 2 0 2 2 0 2 2 2 2 2 2 2 2 2 2 2 0 2 2 2 2 2 0 0 2 2 2 2 2 2 2 2 2 2 2 2 2 0 2 2 2 2 2 2 2 1 2 0 2 2 2 2 2 2 0 2 0 2 2 2 2 2 2 2 2 2 2 0 1 2 2 2 2 2 2 2 2 2 2 2 2 2 2 2 2 2 2 2 2 2 2 0 2 0 2 2 2 0 2 2 0 2 2 2 2 2 2 2 2 2 2 2 2 2 2 2 2 2 2 2 2 2 2
840 2 2 2 2 2 2 0 2 2 2 2 2 2 2 2 2 2 2 2 2 2 2 2 2 2 2 2 2 2 2 2 2 2 2 2 2 2 2 2 2 2 2 2 2 0 2 2 2 2 2 2 2 2 2 2 2 2 2 2 2 2 2 2 2 2 2 2 2 0 2 2 2 2 2 2 2 2 2 2 2 2 2 2 0 2 2 2 2 2 2 2 2 2 2 2 2 2 2 2 2 2 2 2 2 2 2 2 2 2 2 2 0 2 2 2 2 2 2 2 2 2 2 2 2 2 0 2 2 2 2 2 2 2 2 2 2 2 2 2 2 2 2 2 2 2 2 2 2 2 2 2 2 2 2 2 2 2 2 2 2 2 2 2 2 2 2 2 2 2 2 2 2 2 2 2 2 2 2 2 0 2 2 2 2 2 2 2 0 2 2 2 2 2 2 2 2 0 2 2 2 2 2 2 2 2 2 2 2 2 2 2 0 2 2 2 2 2 2 2 2 2 2 2 0 2 2 2 2 0 2 2 2 0 2 0 2 2 0 2 2 2 2 2 2 2
841 2 2 2 2 2 2 2 2 2 2 2 2 2 2 2 2 0 2 2 2 2 2 2 2 2 2 0 2 2 2 2 2 2 2 2 1 2 2 2 2 2 2 2 2 2 2 2 2 2 2 2 2 2 2 2 2 2 2 2 2 2 2 0 2 2 2 2 2 2 2 2 2 2 2 0 2 2 2 0 2 0 0 2 2 2 0 2 2 2 2 0 2 2 2 2 2 2 2 2 2 0 0 2 2 2 2 0 2 2 2 2 2 2 2 2 2 2 2 2 2 0 2 2 2 2 2 2 2 2 2 2 2 2 2 2 0 2 2 2 0 2 0 0 2 2 2 2 2 2 2 2 2 2 0 2 2 2 0 2 2 2 2 0 0 0 2 0 2 2 2 2 2 0 2 0 2 2 0 2 2 0 2 2 0 2 2 2 2 0 2 2 0 2 2 0 0 2 2 2 2 2 0 2 0 2 2 2 2 2 2 2 2 2 2 2 2 2 2 2 2 2 2 2 2 2 2 0 0 2 2 2 2 2 0 2 2 2 2 2 2 2 0 2 2 0
842 2 2 2 2 2 2 2 0 2 2 2 2 2 2 0 2 2 2 2 2 2 2 2 2 2 2 2 2 2 2 2 2 2 2 2 2 2 2 2 2 2 2 2 2 2 2 2 2 2 2 2 2 2 2 2 2 2 2 2 2 2 2 2 2 2 2 2 2 2 2 2 2 2 2 2 2 2 2 2 2 2 2 2 2 2 2 2 2 2 2 2 2 2 2 0 2 2 2 0 2 2 2 2 2 2 2 2 2 0 2 2 2 2 2 2 2 2 0 2 2 2 2 2 2 2 2 2 2 0 2 2 2 2 2 2 2 0 2 2 2 2 2 2 2 2 2 2 0 2 2 2 0 2 2 2 2 2 2 2 2 0 2 2 2 2 2 2 2 2 2 2 2 2 0 2 2 2 2 2 2 2 2 2 2 1 2 2 2 2 2 2 2 2 2 2 2 2 2 2 1 2 2 2 2 2 2 2 0 2 2 0 2 2 2 2 2 2 2 2 2 2 2 2 2 2 2 2 2 2 2 0 2 2 2 2 2 2 2 2 2 2 2 2 2 2
843 2 2 0 2 2 0 2 0 0 0 2 2 2 0 0 2 0 2 0 2 2 2 2 0 2 2 0 2 2 0 0 2 2 2 0 1 2 2 2 0 2 2 0 2 2 0 0 0 2 2 2 0 2 0 2 2 0 2 0 2 2 0 0 2 0 2 2 2 2 2 0 2 0 2 0 0 0 2 0 2 0 0 2 2 2 0 0 2 0 0 0 2 2 2 0 2 2 0 0 0 0 0 2 0 2 2 0 2 0 2 2 2 2 2 2 0 0 0 0 2 0 2 0 2 2 2 2 0 0 2 2 0 0 2 0 0 0 0 2 0 0 0 0 0 2 0 0 0 1 2 2 0 0 0 0 0 0 0 1 2 0 0 0 0 0 0 0 2 0 2 0 0 0 0 0 2 2 0 2 2 0 2 0 0 0 0 2 2 0 2 2 0 2 0 0 0 2 2 0 0 2 0 0 0 0 2 2 0 0 2 0 2 0 2 2 2 0 1 2 2 2 0 2 2 0 2 0 0 2 2 0 2 2 0 2 0 2 2 0 0 0 0 2 0 0
844 2 2 2 2 2 0 2 0 0 2 2 2 2 0 0 2 0 2 0 2 2 2 2 0 2 2 0 2 2 0 0 2 2 2 0 1 2 2 2 2 2 2 0 2 2 2 0 2 2 2 2 0 2 0 2 2 0 2 2 2 2 2 0 2 0 2 2 2 2 2 0 2 2 2 0 0 2 2 0 2 0 0 2 2 2 0 2 2 0 0 0 2 2 2 0 2 2 2 0 2 0 0 2 0 2 2 0 2 0 2 2 2 2 2 2 2 0 0 0 2 0 2 0 2 2 2 2 0 0 2 2 2 0 2 2 0 0 0 2 0 0 0 0 0 2 2 0 0 1 2 2 0 0 0 0 0 0 0 1 2 0 2 0 0 0 0 0 2 0 2 2 0 0 0 0 2 2 0 2 2 0 2 0 0 0 0 2 2 0 2 2 0 2 2 0 0 2 2 0 0 2 0 0 0 2 2 2 0 0 2 0 2 2 2 2 2 0 1 2 2 2 0 2 2 2 2 0 0 2 2 0 2 2 0 2 0 2 2 0 0 0 0 2 0 0
845 2 0 2 2 2 2 2 2 2 2 2 2 2 2 2 2 2 2 2 2 2 2 2 2 2 2 2 2 2 2 2 2 2 2 2 2 2 0 2 2 2 2 2 2 2 2 2 2 2 2 2 2 2 2 2 2 2 0 2 2 2 2 2 2 2 2 0 2 2 2 2 2 2 2 2 2 2 2 2 2 2 2 0 2 2 2 2 2 0 2 2 2 0 2 2 2 2 2 2 2 0 2 0 2 2 2 0 2 2 0 2 2 2 2 2 2 2 2 0 2 2 2 2 2 2 2 2 2 2 2 2 2 2 2 2 2 2 2 2 2 2 2 2 2 2 2 2 0 2 2 2 2 2 2 2 0 2 0 2 2 2 2 2 2 2 2 2 2 2 2 2 2 2 2 2 2 2 2 2 2 2 2 2 2 2 2 2 2 2 2 2 2 2 2 2 2 2 2 0 0 2 2 2 2 2 2 2 2 2 2 0 2 2 2 2 2 2 2 2 2 2 2 2 2 2 2 2 2 2 2 2 2 2 2 2 2 2 2 0 0 2 2 2 0 2
846 2 2 2 2 2 2 2 2 2 2 2 2 2 2 2 2 2 2 2 2 2 2 2 2 2 2 2 2 2 2 2 2 2 2 2 2 2 2 2 2 2 2 0 2 2 2 0 2 2 2 2 2 2 2 2 2 0 2 2 2 2 2 2 2 2 2 2 0 2 2 2 2 2 2 2 2 2 2 2 0 2 2 2 2 2 2 2 2 2 2 2 2 2 2 2 2 2 0 2 2 2 2 2 2 0 2 2 2 0 2 2 2 2 2 2 2 2 2 2 2 2 2 2 2 2 2 2 0 2 2 2 2 2 2 0 2 0 2 2 2 2 2 2 2 2 2 2 2 2 0 2 2 2 2 2 2 2 2 2 2 2 2 2 2 2 2 2 2 2 2 2 2 2 2 2 2 2 2 2 2 2 0 2 2 2 2 2 2 2 2 2 2 2 2 2 2 2 2 2 2 2 2 2 2 0 0 2 2 0 2 2 2 2 2 2 2 2 2 2 2 2 2 0 2 2 2 2 0 2 2 2 2 2 2 2 2 2 2 2 2 2 2 2 2 2
847 2 2 2 2 2 2 0 2 2 2 2 2 2 2 2 2 2 2 2 2 2 2 2 2 2 2 2 2 2 2 2 2 2 2 2 2 2 2 2 2 2 2 2 2 2 2 2 2 2 2 2 2 2 2 2 2 2 2 2 2 2 2 2 2 2 2 2 2 2 0 2 2 0 2 2 2 2 2 2 2 2 2 2 0 2 2 2 2 2 2 2 2 2 2 2 2 2 2 2 2 2 2 2 2 2 2 2 2 2 2 2 0 2 2 2 2 2 2 2 2 2 2 2 2 0 0 2 2 2 2 2 2 2 2 2 2 2 2 2 2 2 2 2 2 2 2 2 2 2 2 0 2 2 2 2 2 2 2 2 2 2 2 2 2 2 2 2 2 2 2 2 2 2 2 2 0 2 2 2 2 2 2 0 2 2 2 2 0 2 2 2 2 2 2 2 2 2 2 2 2 2 2 2 2 2 2 0 2 2 2 2 2 2 2 0 2 2 2 2 2 2 2 2 0 2 2 2 2 0 2 2 2 2 2 2 2 2 2 2 2 2 2 2 2 2
848 2 2 2 0 2 2 2 2 2 2 2 0 2 2 2 2 2 2 2 2 2 2 2 2 2 2 2 2 2 2 2 2 2 2 2 2 2 2 2 2 2 2 2 2 2 2 2 2 2 2 2 2 2 2 2 2 2 2 2 2 2 2 2 0 2 2 2 2 2 2 2 2 2 2 2 2 2 0 2 2 2 2 2 2 2 2 2 2 2 2 2 2 2 2 2 2 2 2 2 2 2 2 2 2 2 2 2 2 2 2 2 2 2 0 2 2 2 2 2 2 2 2 2 2 2 2 2 2 2 2 0 2 2 2 2 2 2 2 0 2 2 2 2 2 0 2 2 2 2 2 2 2 2 2 2 2 2 2 2 0 2 2 2 2 2 2 2 2 2 0 2 2 2 2 2 2 0 2 0 2 2 2 2 2 2 2 2 2 2 0 1 2 2 2 2 2 2 2 2 2 2 2 2 2 2 2 2 2 2 2 2 2 2 0 2 2 2 2 2 2 2 2 2 2 2 2 2 2 2 2 2 2 2 2 2 2 2 2 2 2 2 2 2 2 2
849 2 2 2 2 2 2 2 2 2 2 2 2 2 2 2 2 2 2 2 2 2 2 2 2 2 2 1 2 2 2 2 2 0 2 2 2 2 2 2 2 2 0 2 2 2 2 2 2 2 2 2 2 2 2 2 2 2 2 2 0 2 2 0 2 2 2 2 2 2 2 2 0 2 2 2 2 2 2 2 2 2 2 2 2 2 2 2 0 2 2 2 2 2 2 0 0 2 2 2 2 2 2 2 2 2 2 2 2 2 2 2 2 2 2 2 2 2 2 2 0 2 2 2 2 2 2 2 2 2 2 2 0 2 0 2 2 2 2 2 2 2 2 2 2 2 2 2 2 1 2 2 2 2 2 2 2 2 2 2 2 2 2 2 2 2 2 2 1 2 2 2 2 2 2 2 2 2 2 2 2 2 2 2 2 2 2 0 2 2 2 1 2 1 0 2 2 0 2 2 2 2 2 0 2 1 2 2 2 2 0 2 0 2 2 2 2 0 1 0 2 2 2 2 2 2 0 2 1 2 2 2 2 2 0 0 2 2 2 2 2 2 2 0 2 2
850 0 0 0 2 2 0 2 0 0 0 0 2 2 2 0 0 0 0 0 0 0 2 0 2 0 0 0 2 0 0 0 2 0 0 0 0 0 0 0 2 0 0 2 2 2 0 2 0 0 2 2 2 2 0 0 0 0 0 0 2 2 2 0 2 0 2 0 2 2 0 0 0 2 2 0 0 0 2 0 0 0 0 0 2 0 0 0 2 0 0 0 0 0 0 0 0 0 0 0 0 0 0 0 0 2 0 0 2 0 0 0 2 0 2 0 0 0 0 0 0 0 0 0 2 0 2 0 2 0 0 2 0 0 0 0 0 0 0 2 0 0 0 0 0 2 0 2 0 0 0 2 0 2 0 0 0 0 0 0 2 0 0 0 0 0 0 0 1 0 2 0 0 0 0 0 2 2 0 2 2 2 0 0 0 0 0 2 2 0 2 2 2 2 0 0 0 2 2 0 1 0 0 0 0 0 0 0 0 2 0 0 2 0 2 0 2 0 0 2 2 2 0 2 2 0 2 2 0 2 2 0 0 2 0 2 2 0 2 0 0 0 0 0 0 0
851 2 2 0 2 0 0 0 0 2 0 2 2 0 0 0 2 0 2 2 2 2 2 2 0 0 2 0 2 2 2 0 2 2 0 0 0 2 2 0 2 0 2 2 2 2 0 2 0 2 2 2 2 2 0 2 2 0 2 0 2 2 2 0 2 0 0 2 2 2 0 0 0 2 2 0 2 0 2 0 0 0 0 2 0 2 0 0 0 0 0 0 0 2 0 0 2 2 0 0 0 0 0 2 0 2 0 0 2 0 2 2 0 0 2 2 2 0 0 0 2 0 2 2 2 2 0 0 2 0 2 2 2 0 2 0 0 0 0 2 0 2 0 0 0 2 0 2 0 1 0 0 0 2 0 0 0 0 0 0 2 0 0 0 0 0 0 0 2 0 2 0 0 0 0 0 0 2 0 2 2 2 0 0 0 0 0 0 0 0 2 1 2 0 0 0 0 0 0 0 1 0 0 0 0 0 0 2 0 2 0 0 0 0 2 2 2 0 2 0 2 2 0 2 0 0 0 2 0 0 2 0 2 2 0 0 0 0 2 0 0 0 0 0 0 0
852 0 0 0 2 0 0 0 0 0 0 0 0 0 0 0 0 0 0 0 0 0 0 0 0 0 0 0 0 0 0 0 0 0 0 0 0 0 0 0 0 0 0 2 2 0 0 2 0 0 2 2 2 2 0 0 0 0 0 0 2 0 0 0 2 0 0 0 2 0 0 0 0 0 2 0 0 0 0 0 0 0 0 0 0 0 0 0 0 0 0 0 0 0 0 0 0 0 0 0 0 0 0 0 0 2 0 0 2 0 0 0 0 0 2 0 0 0 0 0 0 0 0 0 2 0 0 0 2 0 0 2 0 0 0 0 0 0 0 2 0 0 0 0 0 2 0 2 0 0 0 0 0 2 0 0 0 0 0 0 2 0 0 0 0 0 0 0 2 0 2 0 0 0 0 0 0 2 0 2 0 2 0 0 0 0 0 0 0 0 2 1 2 0 0 0 0 0 0 0 1 0 0 0 0 0 0 0 0 2 0 0 0 0 2 0 2 0 0 0 2 0 0 2 0 0 0 2 0 0 2 0 0 0 0 0 0 0 0 0 0 0 0 0 0 0
853 2 2 2 2 2 2 0 2 2 2 2 2 2 2 2 2 2 2 2 2 2 2 2 2 2 2 2 2 2 2 2 2 2 2 2 2 2 2 2 2 2 2 2 2 2 2 2 2 2 2 2 2 2 2 2 2 2 2 2 2 2 2 2 2 2 2 2 2 2 2 2 2 2 2 2 2 2 2 2 2 2 2 2 0 2 2 2 2 2 2 2 2 2 2 2 2 2 2 2 2 2 2 2 2 2 2 2 2 2 2 2 0 2 2 2 2 2 2 2 2 2 2 2 2 2 0 2 2 2 2 2 2 2 2 2 2 2 2 2 2 2 2 2 2 2 2 2 2 2 2 0 2 2 2 2 2 2 2 2 2 2 2 2 2 2 2 2 2 2 2 2 2 2 2 2 0 2 2 2 2 2 2 2 2 2 2 0 0 2 2 2 2 2 2 2 2 0 2 2 2 2 2 2 2 2 2 2 2 2 2 2 0 2 2 2 2 2 2 0 2 2 2 2 0 2 2 2 2 0 2 2 2 2 2 0 2 2 2 2 2 2 2 2 2 2
854 2 2 2 2 0 2 2 0 0 2 2 2 0 2 2 2 2 2 2 2 2 2 2 2 2 2 2 2 2 2 2 2 2 2 2 2 2 2 2 2 2 2 2 2 2 2 2 2 2 2 2 2 2 2 2 2 2 2 2 2 2 2 2 2 2 0 2 2 2 2 2 2 2 2 2 2 2 2 2 2 2 2 2 2 2 2 2 0 2 2 2 2 2 0 0 2 2 2 0 2 2 2 2 2 2 2 2 2 2 2 2 2 0 2 0 2 2 0 2 2 2 2 2 2 2 2 2 2 0 2 2 2 2 2 2 2 2 2 2 2 2 2 2 2 2 2 2 2 2 2 2 2 2 2 2 2 2 2 2 2 2 2 2 2 2 2 2 2 2 2 2 2 2 0 2 2 2 2 2 2 2 2 2 2 0 2 2 2 2 2 1 2 0 2 2 2 2 0 2 2 2 2 2 2 2 0 2 2 2 2 2 2 2 2 2 2 2 2 2 2 2 2 2 2 2 0 2 2 2 2 2 2 2 2 2 2 2 2 2 2 2 2 2 2 2
855 2 2 2 2 2 2 2 2 2 2 2 2 2 2 0 2 2 2 2 2 2 2 2 2 2 2 2 2 2 2 2 2 2 2 2 2 2 2 2 2 2 2 2 2 2 2 2 2 2 2 2 2 2 0 2 2 2 2 2 2 2 2 2 2 0 2 2 2 2 2 0 2 2 2 2 2 2 2 2 2 2 2 2 2 2 2 2 2 2 2 2 2 2 2 2 2 2 2 2 2 0 2 2 2 2 2 2 2 0 2 2 2 2 2 2 2 2 2 2 2 2 2 2 2 2 2 2 2 2 2 2 2 2 2 2 2 0 2 2 2 2 2 2 2 2 2 2 2 1 2 2 2 2 2 2 0 2 2 2 2 2 2 2 2 2 2 2 2 2 2 2 2 2 2 2 2 2 2 2 2 2 2 2 2 2 0 2 2 2 2 2 2 2 2 2 2 2 2 2 2 2 2 2 2 2 2 2 0 2 2 2 2 2 2 2 2 2 2 2 2 2 2 2 2 2 2 2 2 2 2 0 2 2 2 2 2 2 2 2 0 2 2 0 2 2
856 2 2 2 2 2 0 2 2 2 2 2 2 2 2 2 2 0 2 2 2 2 2 2 2 2 2 2 2 2 2 2 2 2 2 0 2 2 2 2 2 2 2 2 2 2 2 2 2 2 2 2 2 2 2 2 2 2 2 2 2 2 2 2 2 2 2 2 2 2 2 2 2 2 2 0 2 2 2 2 2 2 2 2 2 2 2 2 2 2 0 0 2 2 2 2 2 2 2 2 2 2 2 2 2 2 2 0 2 2 2 2 2 2 2 2 2 0 2 0 2 2 2 2 2 2 2 2 2 2 2 2 2 2 2 2 2 2 0 2 2 2 2 2 2 2 2 2 2 1 1 2 2 2 0 2 2 2 2 2 2 2 2 2 2 2 0 2 2 2 2 2 0 2 2 2 2 2 0 2 2 2 2 2 2 2 2 2 2 2 2 2 2 2 2 2 2 2 2 2 2 2 2 2 2 2 2 2 2 2 2 2 2 2 2 2 2 2 2 2 2 2 2 2 2 2 2 2 2 2 2 2 2 2 2 2 2 2 2 0 2 0 2 2 2 2
857 2 2 2 2 2 2 2 0 2 2 2 2 2 2 0 2 2 2 2 2 2 2 2 2 2 2 2 2 2 2 2 2 2 2 2 2 2 2 2 2 2 2 2 0 2 2 2 2 2 2 2 2 0 0 2 2 0 2 2 2 2 2 2 0 0 2 2 0 2 2 0 2 2 0 2 2 2 2 2 2 2 2 2 2 2 2 2 2 0 2 2 2 2 0 0 2 2 2 0 2 0 2 2 2 2 2 2 2 0 2 2 2 0 0 2 2 2 0 2 2 2 2 2 0 2 2 2 2 0 2 2 2 2 2 2 2 0 2 0 2 2 2 2 2 0 2 2 0 1 2 2 2 2 2 2 0 2 2 2 0 2 2 2 2 2 2 2 1 0 0 2 2 2 0 2 2 0 2 0 2 2 2 2 2 0 0 2 2 2 0 1 2 2 2 2 2 2 2 0 1 2 2 2 2 2 2 2 0 2 2 2 2 2 0 2 0 2 2 2 0 2 2 0 2 2 2 2 0 2 2 0 2 2 2 2 2 2 2 2 0 2 2 0 2 2
858 2 2 2 2 2 0 2 2 2 2 2 2 2 2 2 2 0 2 2 2 2 2 2 2 2 2 0 2 2 2 2 2 2 2 0 1 2 2 2 2 2 2 2 2 2 2 2 2 2 2 2 2 2 2 2 2 2 2 2 2 2 2 0 2 2 2 2 2 2 2 2 2 2 2 0 2 2 2 2 2 0 0 2 2 2 0 2 2 2 0 0 2 2 2 2 2 2 0 2 2 2 0 2 2 2 2 0 2 2 2 2 2 2 2 2 2 0 2 0 2 2 2 2 2 2 2 2 2 2 2 2 2 0 2 2 0 2 0 2 0 2 0 0 2 2 2 2 2 1 2 2 2 2 0 2 2 2 0 2 2 2 2 2 0 0 0 0 2 2 2 2 0 0 2 0 2 2 0 2 2 2 2 0 0 2 2 0 2 0 2 2 2 2 2 0 0 2 2 2 2 2 0 2 0 2 2 2 2 2 2 2 2 2 2 2 2 2 2 2 2 2 2 2 2 2 2 2 2 2 2 2 2 2 0 2 2 2 2 0 2 0 0 2 0 0
859 2 2 2 2 2 2 0 2 2 2 2 2 2 2 2 2 2 2 2 2 2 2 2 2 2 2 2 2 2 2 2 2 2 2 2 2 0 2 2 2 2 2 2 2 2 2 2 2 2 2 2 2 2 2 2 2 2 2 2 2 2 2 2 2 2 2 2 2 2 2 2 2 2 2 2 2 2 2 0 2 2 2 2 0 2 2 2 2 2 2 2 2 2 2 2 2 2 2 2 2 2 2 2 2 2 2 2 2 2 2 2 0 2 2 2 2 2 2 2 2 0 2 2 2 2 0 2 2 2 2 2 2 2 2 2 2 2 2 2 2 2 2 2 2 2 2 2 2 2 2 0 2 2 2 2 2 2 2 2 2 2 2 0 2 2 2 2 2 2 2 2 2 2 2 2 0 2 2 2 2 2 2 2 2 2 2 2 2 2 2 2 2 2 2 2 2 0 2 2 2 2 2 2 2 2 2 2 2 2 2 2 0 2 2 2 2 2 2 0 2 2 2 2 0 2 2 2 2 0 2 2 2 2 2 0 2 2 2 2 2 2 2 2 2 2
860 0 0 2 2 0 0 0 0 0 2 0 2 0 0 0 0 0 0 0 0 0 2 0 0 2 0 0 2 0 0 0 2 0 2 0 1 0 0 2 0 2 0 2 2 2 2 2 2 0 2 2 2 2 2 0 0 0 0 2 0 2 0 0 2 2 0 0 2 2 0 2 2 2 2 0 0 2 2 0 2 0 0 0 0 0 0 2 0 0 0 0 2 0 0 0 0 0 0 0 2 0 0 0 0 2 0 0 2 0 0 0 0 0 2 0 0 0 0 0 0 0 0 0 2 0 0 2 2 0 0 2 0 0 0 2 0 0 0 2 0 0 0 0 2 2 0 2 0 0 0 0 0 2 0 0 0 0 0 2 2 0 0 0 0 0 0 0 1 2 2 0 0 0 0 0 0 2 0 2 2 2 2 0 0 0 0 0 0 0 2 1 2 0 2 0 0 0 0 0 1 0 0 0 0 2 2 0 0 2 2 0 0 2 2 0 2 0 0 0 2 2 0 2 0 0 0 2 0 0 2 0 0 2 0 0 0 2 2 0 0 0 0 0 0 0
861 0 0 2 2 0 0 0 2 0 2 0 2 0 0 2 0 2 2 0 2 0 2 0 0 0 2 0 2 2 0 0 2 0 0 0 0 0 0 0 2 2 0 0 0 2 2 0 2 2 2 2 0 0 2 0 0 2 0 2 2 2 2 2 0 2 0 0 0 2 0 0 2 2 0 2 0 2 2 0 0 2 2 0 0 2 0 2 0 0 0 2 0 2 0 0 0 0 2 2 2 2 0 0 0 2 0 2 0 2 0 0 0 0 0 2 0 0 2 0 0 0 2 0 0 0 0 2 2 2 2 2 0 2 0 0 0 2 0 0 2 0 0 0 2 0 0 0 0 1 0 0 0 2 2 0 2 0 2 1 0 0 0 0 2 2 0 2 0 2 0 0 0 2 2 2 0 0 2 0 2 0 2 0 0 2 2 0 0 2 0 0 0 0 0 2 0 0 2 0 1 0 2 0 2 0 0 0 2 0 0 0 0 2 0 0 0 0 0 0 0 0 0 0 0 0 0 0 2 0 0 2 2 2 2 0 0 0 2 0 0 0 2 2 2 2
862 2 2 0 0 2 2 2 2 2 0 2 0 2 2 2 2 2 2 2 2 2 0 2 2 2 2 2 0 2 2 2 0 2 2 2 2 2 2 2 2 0 2 2 0 0 0 2 0 2 0 0 2 0 0 2 2 0 2 0 0 0 0 0 0 0 2 2 0 0 2 2 0 0 0 2 2 0 0 2 2 2 2 2 2 2 2 0 2 0 2 2 2 0 0 2 2 2 0 2 0 2 2 2 2 0 2 2 0 2 2 2 2 0 0 0 2 2 2 2 2 2 2 2 0 2 2 0 2 2 2 0 2 2 2 2 2 2 2 0 2 2 2 2 2 0 2 2 0 2 2 2 2 2 2 2 2 2 0 2 0 2 2 2 2 2 2 2 0 0 0 2 2 2 2 0 2 0 2 0 0 0 2 2 2 2 2 2 2 2 0 1 0 2 2 2 2 2 2 2 0 2 0 2 0 2 2 2 2 2 2 2 2 0 0 2 0 2 2 2 0 0 2 0 2 2 2 0 2 2 2 2 2 0 0 2 2 2 0 2 2 2 2 2 2 0
863 0 0 0 0 0 0 0 2 0 2 0 0 0 2 2 0 0 0 0 0 0 2 0 2 2 0 0 2 0 0 0 2 0 2 0 1 0 0 0 0 2 0 0 0 0 0 0 2 0 0 2 0 0 0 0 0 0 0 0 0 0 0 0 2 0 0 0 0 0 2 0 0 2 0 0 0 0 0 0 0 0 0 0 0 0 0 0 0 0 0 0 0 2 2 2 0 2 2 2 0 2 0 0 0 2 0 0 0 2 0 0 0 2 0 0 0 0 2 0 0 0 0 0 0 0 0 2 0 2 0 2 0 0 0 0 0 2 0 2 0 0 0 0 2 0 2 0 2 1 0 0 2 2 0 2 0 2 0 2 0 2 2 0 0 0 0 0 2 0 0 2 2 0 2 0 0 0 0 0 0 0 0 2 0 2 2 0 0 0 0 0 0 0 0 0 0 0 0 2 0 0 2 2 0 0 2 0 2 0 0 2 0 0 0 2 0 2 1 0 2 0 0 0 0 2 0 0 2 0 2 2 0 0 0 0 2 0 0 0 2 0 0 2 0 0
864 2 2 2 2 2 2 2 2 2 2 2 0 2 2 2 2 2 2 2 2 2 2 2 2 2 2 2 2 2 2 2 2 2 2 2 2 2 2 2 0 2 2 2 0 0 2 2 2 2 0 2 2 0 0 2 2 0 2 2 2 0 2 0 2 0 2 2 0 0 2 2 0 2 0 2 2 2 0 2 2 2 2 2 2 2 2 2 2 2 2 2 2 2 2 2 2 2 2 2 2 2 2 2 2 2 2 2 0 2 2 2 2 2 0 2 2 2 2 2 2 2 2 2 0 2 2 2 2 2 2 2 2 2 2 2 2 2 2 2 2 2 2 2 2 0 2 2 2 2 2 2 2 2 2 2 2 2 2 2 0 2 2 2 2 2 2 2 2 0 0 2 2 2 2 2 2 0 2 0 0 0 2 2 2 2 2 2 2 2 0 2 0 2 2 2 2 2 2 2 1 2 2 2 0 2 2 2 2 2 2 2 2 2 0 2 0 2 2 2 2 0 2 0 2 2 2 0 2 2 2 2 2 0 2 2 2 2 0 2 2 2 2 2 2 2
865 2 2 2 2 2 2 2 2 2 2 2 0 2 2 2 2 2 2 2 2 2 2 2 2 2 2 2 2 2 2 2 2 2 2 2 2 2 2 2 2 2 2 2 0 2 2 2 2 2 2 2 2 0 2 2 2 2 2 2 2 2 2 2 0 2 2 2 2 2 2 2 2 2 0 2 2 2 0 2 2 2 2 2 2 2 2 2 2 2 2 2 2 2 2 2 2 2 2 2 2 2 2 2 2 2 2 2 0 2 2 2 2 2 0 2 2 2 2 2 2 2 0 2 0 2 2 2 2 2 2 2 2 0 2 2 2 2 2 2 2 2 2 2 2 0 2 2 2 2 2 2 2 2 2 2 2 2 2 2 0 2 2 2 2 2 2 2 1 2 0 2 2 2 2 2 2 0 2 0 2 2 2 2 2 2 2 2 2 2 0 1 2 2 2 2 2 2 2 2 2 2 2 2 2 2 2 2 2 2 2 2 2 2 0 2 0 2 2 2 0 2 2 2 2 2 2 2 2 2 2 2 2 2 2 2 2 2 2 2 2 2 2 2 2 2
866 2 2 2 0 2 0 2 2 0 2 0 2 2 2 2 0 0 0 2 2 2 2 0 2 2 2 0 2 0 2 0 2 2 2 0 1 2 2 2 0 2 2 2 2 0 2 2 2 2 2 2 2 2 2 0 0 2 2 2 2 2 0 0 2 2 2 2 0 2 2 2 2 2 2 0 2 2 2 0 0 0 0 0 2 2 2 2 0 2 0 0 2 0 2 0 2 0 2 2 2 2 0 2 0 2 2 0 2 2 2 2 2 2 2 2 2 0 2 0 2 0 0 2 2 2 2 2 2 2 2 2 0 2 2 2 2 2 2 2 0 2 0 0 2 2 2 2 2 1 2 2 2 0 0 2 0 0 0 2 2 0 2 0 0 0 0 0 2 2 2 2 2 0 2 0 2 2 0 2 0 2 2 0 0 2 2 0 0 0 2 1 2 0 2 0 0 0 0 2 2 2 0 2 0 2 2 2 2 2 2 2 2 2 2 2 2 2 0 2 2 2 0 0 2 2 0 2 2 0 2 2 2 0 0 2 2 2 0 0 2 0 0 2 0 0
867 2 2 2 2 2 2 2 0 2 2 2 2 2 2 2 2 2 2 2 2 2 2 2 2 0 2 2 2 2 2 2 2 2 0 2 1 2 2 2 2 2 2 0 2 2 2 0 0 2 2 2 0 2 0 2 2 2 2 2 2 2 2 2 2 0 2 2 2 0 2 0 2 2 2 2 2 2 2 2 2 2 2 2 2 2 2 2 2 0 2 2 2 2 0 2 2 2 2 0 2 2 2 2 2 0 2 2 0 2 2 2 2 0 2 2 2 2 2 2 2 2 2 2 2 2 2 2 2 0 2 2 2 2 2 2 2 2 2 2 2 2 2 2 0 2 2 0 0 2 2 2 0 2 2 2 2 2 2 0 2 2 2 2 2 2 2 2 2 0 2 2 2 2 0 2 2 2 2 2 2 2 2 2 2 0 0 2 2 2 2 2 2 2 2 2 2 2 2 2 1 2 2 2 2 2 2 2 2 0 2 2 2 2 2 2 2 2 2 2 2 2 2 2 2 2 2 2 0 2 2 2 2 2 2 2 2 2 2 2 2 2 2 0 2 2
868 0 0 0 0 0 2 0 0 0 0 0 0 0 0 0 0 0 0 0 0 0 0 0 0 0 0 2 0 0 0 0 0 0 0 2 1 0 0 0 0 0 0 0 0 0 0 0 0 0 0 0 0 0 0 0 0 0 0 0 0 0 0 0 0 0 0 0 0 0 0 0 0 0 0 0 0 0 0 0 0 0 0 0 0 0 0 0 0 0 2 0 0 0 0 2 0 0 0 0 0 0 0 0 0 0 0 0 0 0 0 0 0 0 0 0 0 2 0 0 0 0 0 0 0 0 0 0 0 0 0 0 0 0 0 0 0 0 2 0 0 0 2 0 0 0 2 0 0 1 0 0 0 0 0 0 2 2 0 0 0 2 2 0 0 0 0 0 0 0 0 0 2 0 0 0 0 0 0 0 0 0 0 2 2 0 0 0 0 0 0 0 0 0 2 0 0 0 0 0 0 0 0 2 0 0 0 0 0 0 0 0 0 0 0 0 0 2 0 0 0 0 0 0 0 2 0 0 0 0 0 0 0 0 0 0 0 0 0 0 0 2 0 0 0 0
869 2 2 2 2 2 0 2 0 0 2 2 2 2 0 0 2 0 2 2 0 0 2 2 0 0 2 0 2 2 2 0 2 2 0 0 0 0 2 0 2 2 2 0 2 2 2 0 0 0 2 2 0 2 0 2 2 0 2 2 2 2 2 2 2 0 2 2 2 0 2 0 2 2 2 0 2 2 2 2 2 2 2 2 2 2 0 2 2 0 0 0 0 2 0 2 2 2 2 0 2 2 0 2 0 0 2 0 0 0 2 2 2 0 2 2 2 0 0 2 2 2 0 0 2 2 2 2 2 0 2 2 2 0 2 2 0 0 0 2 0 2 0 0 0 2 2 0 0 1 2 2 2 0 0 0 2 2 2 0 2 2 0 2 2 2 0 2 2 0 2 0 0 0 0 2 2 2 0 2 2 2 2 2 0 0 2 2 2 2 2 2 2 2 2 2 0 2 2 0 1 2 0 0 2 2 2 2 0 0 2 0 2 2 2 2 2 0 2 2 2 2 2 2 2 0 2 2 0 2 0 0 2 2 2 2 0 2 2 2 0 0 2 0 0 2
870 2 2 2 0 2 2 2 2 2 2 2 2 2 2 2 2 2 2 2 2 2 2 2 2 2 2 2 2 2 2 2 2 2 2 2 2 0 2 2 2 2 2 2 2 2 2 2 2 2 2 2 2 2 2 2 2 2 2 2 2 2 2 2 2 2 2 2 2 2 2 2 2 2 2 2 2 2 2 2 2 0 0 2 2 2 2 2 2 2 2 2 2 2 2 2 2 2 2 2 2 2 2 2 2 2 2 2 2 2 2 2 2 2 2 2 2 2 2 2 2 2 2 2 2 2 2 2 2 2 2 2 2 2 2 2 2 2 2 2 2 2 2 2 2 2 2 2 2 2 2 2 2 2 2 0 2 2 2 2 2 2 2 2 0 2 2 0 2 2 2 2 2 2 2 2 2 2 2 2 2 0 2 2 2 2 2 2 2 0 2 2 0 2 2 0 2 2 2 2 2 2 2 2 2 2 0 2 2 2 2 2 2 2 2 2 2 2 2 2 2 2 2 2 2 2 2 0 2 2 2 2 2 2 2 2 2 2 2 2 2 2 0 2 2 0
871 0 0 0 0 2 2 0 0 0 0 2 0 2 0 0 2 2 0 0 0 2 0 2 0 0 2 2 0 0 0 2 0 0 0 2 1 0 0 0 0 0 0 0 0 0 0 0 0 0 0 0 0 0 0 2 2 0 0 0 0 0 0 2 0 0 2 0 0 0 0 0 2 0 0 2 0 0 0 2 0 2 2 0 0 2 2 0 0 0 2 2 0 0 0 2 0 0 0 0 0 0 2 0 2 0 0 2 0 0 0 0 0 0 0 0 0 2 0 2 0 2 2 2 0 0 0 0 0 0 2 0 0 2 0 0 2 2 2 0 2 0 2 2 0 0 0 0 0 1 0 0 0 0 2 0 2 0 0 0 0 2 0 2 2 0 2 2 0 0 0 2 0 2 0 0 0 0 2 0 0 2 0 2 2 0 0 2 2 2 0 0 2 0 0 2 2 0 2 0 0 0 2 0 2 0 2 0 0 0 0 0 0 0 0 0 0 0 0 0 0 0 0 0 0 0 0 2 0 0 0 0 2 0 0 0 2 0 0 2 0 2 2 0 2 2
872 2 2 2 2 0 2 2 2 2 2 0 2 0 2 2 0 2 2 2 2 2 2 0 2 2 0 2 2 2 2 2 2 2 2 2 2 2 2 2 2 2 2 2 2 2 2 2 2 2 2 2 2 2 2 0 0 2 2 2 2 2 2 0 2 2 0 2 2 2 2 2 0 2 2 2 2 2 2 0 2 2 2 2 2 0 2 2 2 2 2 2 2 2 2 2 2 2 2 2 2 2 2 2 2 2 2 2 2 2 2 2 2 2 2 2 2 2 2 0 2 0 2 2 2 2 2 2 2 2 0 2 2 2 2 2 2 2 2 2 2 2 2 2 2 2 2 2 2 2 2 2 2 2 2 2 2 2 2 2 2 2 2 0 2 2 2 2 2 2 2 2 2 2 2 2 2 2 2 2 2 2 2 2 2 2 2 0 0 2 2 2 2 2 2 2 2 2 0 2 2 2 2 2 0 2 2 2 2 2 2 2 2 2 2 2 2 2 2 2 2 2 2 2 2 2 2 2 2 2 2 2 0 2 2 2 2 2 2 0 2 2 2 2 2 2
873 2 0 0 2 2 2 0 2 2 2 2 2 2 2 2 2 2 2 2 2 2 0 2 2 2 2 2 0 2 2 2 0 0 2 2 2 2 0 2 2 2 0 2 2 2 0 2 2 2 2 2 2 2 2 2 2 2 0 0 2 0 2 2 2 2 2 0 2 2 0 2 2 2 2 2 2 0 2 2 0 2 2 2 0 2 2 0 2 2 2 2 2 2 2 2 0 2 0 2 0 0 2 0 2 2 0 2 2 2 0 0 0 2 2 2 0 2 2 2 0 2 2 2 2 0 0 2 2 2 2 2 0 2 0 0 2 2 2 2 2 2 2 2 2 2 2 2 2 2 0 0 2 2 2 2 2 2 2 2 2 2 2 2 2 2 2 2 2 2 2 2 2 2 2 2 0 2 2 2 2 2 0 2 2 2 2 2 2 2 2 2 2 2 0 2 2 2 2 2 2 0 2 2 2 0 2 2 2 2 0 2 0 0 2 0 2 2 2 0 2 2 2 2 0 2 2 2 2 2 2 2 2 2 2 0 2 0 2 2 2 2 2 2 2 2
874 2 2 2 2 2 0 2 2 2 2 2 2 2 2 2 2 2 2 2 2 2 2 2 2 2 2 0 2 2 2 2 2 2 2 0 1 2 2 2 2 2 2 2 2 2 2 2 2 2 2 2 2 2 2 2 2 2 2 2 2 2 2 2 2 2 2 2 2 2 2 2 2 2 2 2 2 2 2 2 2 2 0 2 2 2 0 2 2 2 0 2 2 2 2 2 2 2 2 2 2 2 0 2 2 2 2 2 2 2 2 2 2 2 2 2 2 0 2 2 2 2 2 2 2 2 2 2 2 2 2 2 2 0 2 2 0 2 0 2 2 2 0 2 2 2 2 2 2 1 2 2 2 2 2 2 2 2 2 2 2 2 2 2 0 2 2 0 2 2 2 2 2 2 2 2 2 2 2 2 2 0 2 2 0 2 2 2 2 0 2 2 0 2 2 0 2 2 2 2 2 2 0 2 2 2 0 0 2 2 2 2 2 2 2 2 2 2 2 2 2 2 2 2 2 2 2 0 2 2 2 2 2 2 2 2 2 2 2 2 2 0 0 2 0 2
875 2 2 2 2 2 2 2 2 2 2 2 0 2 2 2 2 2 2 2 2 2 2 2 2 2 2 2 2 2 2 2 2 2 2 2 2 2 2 2 2 2 2 2 2 2 2 2 2 2 2 2 2 0 2 2 2 0 2 2 2 2 2 2 2 2 2 2 2 2 2 2 2 2 0 2 2 2 0 2 2 2 2 2 2 2 2 2 2 2 2 2 2 2 2 2 2 2 2 2 2 2 2 2 2 2 2 2 2 2 2 2 2 2 0 2 2 2 2 2 2 2 2 2 2 2 2 2 2 2 2 0 2 2 2 2 2 2 2 2 2 2 2 2 2 2 0 2 2 2 2 2 2 2 2 2 2 2 2 2 0 2 2 2 2 2 2 2 2 2 0 2 2 2 2 2 2 2 2 0 2 2 2 2 2 2 2 2 2 2 0 1 2 2 2 2 2 2 2 2 2 2 2 2 2 2 2 2 2 2 2 2 2 2 2 2 2 2 2 2 2 2 2 2 2 2 2 2 2 2 2 2 2 2 2 2 2 2 2 2 2 2 2 2 2 2
876 2 2 2 2 2 2 2 2 2 2 2 2 2 2 2 2 2 2 2 2 2 2 2 2 2 2 2 2 2 2 2 2 2 2 2 2 2 2 2 2 2 2 2 2 0 2 2 2 2 0 2 2 2 2 2 2 2 2 2 2 2 2 2 2 2 2 2 0 2 2 2 2 2 2 2 2 2 2 2 2 2 2 2 2 2 2 2 2 2 2 2 2 2 2 2 2 2 2 2 2 2 2 2 2 2 2 2 2 2 2 2 2 2 2 0 2 2 2 2 2 2 2 2 2 2 2 2 2 2 2 2 2 2 2 2 2 2 2 2 2 2 2 2 2 2 2 2 2 2 2 2 2 2 2 2 2 2 0 2 2 2 1 2 2 0 2 2 2 2 2 2 2 2 2 2 2 2 2 2 0 2 2 2 2 2 2 2 2 2 2 2 2 2 2 2 2 2 2 2 2 2 2 2 2 2 2 2 2 2 2 2 2 2 2 2 2 2 2 2 2 0 2 0 2 2 2 2 2 2 2 2 2 0 0 2 2 2 0 2 2 2 2 2 2 2
877 2 2 2 2 2 2 2 2 2 2 2 2 2 2 2 2 2 2 2 2 2 2 2 2 0 2 2 2 2 2 2 2 2 0 2 1 2 2 2 2 2 2 0 2 2 2 0 0 2 2 2 0 2 0 2 2 2 2 2 2 2 2 2 2 0 2 2 2 0 2 0 2 2 2 2 2 2 2 2 2 2 2 2 2 2 2 2 2 0 2 2 2 0 0 2 2 2 2 2 2 2 2 2 2 0 2 2 0 2 2 2 2 0 2 2 2 2 0 2 2 2 2 2 2 2 2 2 2 2 2 2 2 2 2 2 2 2 2 2 2 2 2 2 2 2 2 0 2 2 2 2 0 0 2 2 2 2 2 1 2 2 2 2 2 2 2 2 2 0 2 2 2 2 2 2 2 2 2 2 2 2 2 2 2 0 2 2 2 2 2 1 2 2 2 2 2 0 2 2 1 2 2 2 2 2 2 2 2 0 2 2 2 2 2 2 2 2 2 2 2 2 2 2 2 2 0 2 0 0 2 2 2 2 2 2 0 2 2 2 2 2 2 0 2 2
878 0 0 0 2 2 0 0 0 2 0 2 2 2 2 0 2 0 0 0 2 2 2 2 2 0 2 0 2 0 0 0 2 0 0 0 0 2 0 2 0 0 0 0 0 0 0 0 0 2 0 2 0 2 0 2 2 2 0 0 0 2 0 2 0 0 2 0 0 0 0 0 2 0 2 0 0 0 2 2 0 0 2 0 0 2 0 0 0 0 0 0 2 0 0 2 0 0 0 0 0 0 0 0 0 0 0 0 0 0 0 0 0 0 2 0 0 0 0 2 0 2 0 2 0 0 0 0 0 0 2 2 0 0 0 0 0 0 0 0 0 0 0 0 0 0 2 0 0 0 0 0 0 0 0 2 2 0 0 0 2 2 0 2 2 0 0 2 0 0 2 0 2 0 0 0 0 0 0 2 0 2 0 2 0 0 2 2 2 2 2 1 2 0 0 2 0 0 2 0 0 0 0 2 2 0 2 0 0 0 0 0 0 0 0 0 0 2 1 0 0 0 2 0 0 0 0 2 0 0 0 0 2 0 0 0 0 0 0 2 0 0 2 0 0 0
879 2 2 0 2 2 2 2 2 2 2 2 2 2 2 2 2 2 0 2 2 2 2 2 2 2 2 2 2 0 2 2 2 2 2 2 2 2 2 2 0 0 2 2 2 0 0 2 2 2 2 2 2 2 2 2 2 2 2 0 0 2 2 2 2 2 2 2 0 2 2 2 2 2 2 2 2 0 2 2 2 2 2 2 2 2 2 0 2 2 2 2 2 2 2 2 2 2 2 2 0 2 2 2 2 2 2 2 2 2 2 2 2 2 2 0 2 2 2 2 2 2 2 2 2 2 2 0 2 2 2 2 2 2 2 2 2 2 2 2 2 2 2 2 2 2 2 2 2 2 2 2 2 2 2 2 2 2 2 2 2 2 2 2 2 2 2 2 2 2 2 2 2 2 2 2 2 2 2 2 0 2 2 2 2 2 2 2 2 2 2 2 2 2 2 2 2 2 2 2 1 2 2 2 2 2 2 2 2 2 2 2 2 0 2 2 2 2 2 2 2 2 2 0 2 2 2 2 2 2 2 2 2 0 2 2 2 2 0 2 2 2 2 2 2 2
880 2 0 2 2 2 2 0 2 2 2 2 2 2 2 2 2 2 2 2 2 2 2 2 2 2 2 2 2 2 2 2 2 0 2 2 2 2 0 2 2 2 0 2 2 2 2 2 0 2 2 2 2 2 2 2 2 2 0 2 2 2 2 2 2 2 2 0 2 2 0 2 2 0 2 2 2 2 2 2 2 2 2 0 0 2 2 2 2 2 2 2 2 2 2 2 0 2 2 2 2 2 2 0 2 2 2 2 2 2 0 0 0 2 2 2 0 2 2 2 0 2 2 2 2 0 0 2 2 2 2 2 0 2 0 2 2 2 2 2 2 2 2 2 2 2 2 2 2 2 2 0 2 2 2 2 2 2 2 2 2 2 2 2 2 2 2 2 2 2 2 2 2 2 2 2 0 2 2 2 2 2 2 2 2 2 2 2 2 2 2 2 2 2 2 2 2 2 2 2 2 2 2 2 2 2 2 0 2 2 2 2 0 2 2 0 2 2 2 0 2 2 2 2 0 2 2 2 2 2 2 2 2 2 2 0 2 2 2 2 2 2 2 2 2 2
881 2 2 1 2 2 2 2 1 2 2 2 2 2 2 2 2 2 1 2 2 2 1 2 2 2 2 2 1 1 2 2 2 2 2 2 2 2 2 2 1 2 2 1 1 2 1 1 2 2 2 1 2 2 1 2 2 2 2 1 1 2 2 2 1 1 2 2 0 2 1 1 2 2 2 2 2 1 2 2 2 2 2 2 2 2 2 1 1 1 2 2 2 2 2 2 2 2 2 2 1 2 2 2 2 2 2 2 1 2 2 2 2 2 2 2 2 2 1 2 2 2 2 2 1 2 2 2 2 2 2 2 2 2 2 2 2 2 2 2 2 2 2 2 2 2 2 1 2 2 2 1 2 2 2 2 1 2 2 2 2 1 2 2 2 2 2 2 2 1 2 2 2 2 2 2 2 1 2 2 2 2 2 2 2 2 2 2 2 2 2 2 2 2 2 2 2 2 2 2 2 2 2 2 2 2 2 2 2 2 2 2 1 1 2 2 1 2 2 2 1 2 2 2 2 2 2 2 2 2 2 2 2 2 2 1 2 2 2 2 2 2 2 1 2 2
882 2 2 2 2 2 2 2 0 2 2 2 2 2 2 2 2 2 0 2 2 2 0 2 2 2 2 2 0 0 2 2 0 2 2 2 2 2 2 2 0 2 2 0 0 2 2 0 2 0 2 0 0 2 0 2 2 2 2 2 0 0 2 2 0 0 2 2 0 2 0 0 2 2 2 2 2 2 2 2 2 2 2 2 2 2 2 2 0 0 2 2 2 2 2 2 2 2 2 0 2 2 2 2 2 2 2 2 0 2 2 2 2 2 2 2 2 2 0 2 2 2 2 2 0 2 2 2 2 2 2 2 2 2 2 2 2 2 2 0 2 2 2 2 2 0 2 0 0 2 2 0 2 0 2 2 0 2 2 2 2 0 0 2 2 2 2 2 1 0 2 2 2 2 0 2 0 0 2 2 2 2 2 2 2 2 2 2 2 2 2 2 2 0 2 2 2 2 2 2 1 2 2 2 2 2 2 2 2 0 2 2 0 2 0 0 0 2 2 0 0 2 2 0 2 0 2 2 2 2 2 2 2 2 2 0 0 2 2 2 2 2 2 0 2 2
883 2 2 2 2 2 2 0 2 0 2 2 2 2 2 2 2 2 2 2 0 2 2 2 2 2 2 2 2 2 2 0 2 0 2 2 2 2 2 0 2 2 0 2 2 2 2 2 2 2 2 2 2 2 2 2 2 2 2 2 2 2 2 2 2 2 2 2 2 2 2 2 2 2 2 2 2 2 2 2 2 2 2 2 0 2 2 2 2 2 2 2 0 2 2 2 0 2 2 2 2 2 2 2 0 2 2 2 2 2 2 2 0 2 2 2 2 2 2 2 0 2 0 2 2 0 0 2 2 2 2 2 2 2 0 2 2 2 2 2 2 2 2 2 2 2 2 2 2 2 2 2 2 2 2 2 2 2 2 2 2 2 2 2 2 2 2 2 2 2 2 2 2 2 2 2 2 2 2 2 2 2 2 2 2 2 2 2 2 2 2 2 2 2 2 2 2 2 2 2 2 2 2 2 2 2 2 0 2 2 2 2 2 2 2 2 2 2 2 2 2 2 2 2 0 2 2 2 2 2 2 2 2 2 2 2 2 2 2 2 2 2 2 2 2 2
884 0 0 2 0 0 0 0 0 2 0 0 2 0 2 0 0 0 2 0 2 2 0 0 2 2 0 0 0 2 0 2 0 0 2 0 1 0 0 2 0 0 0 0 2 0 2 0 0 2 2 0 0 2 2 0 0 0 0 2 2 0 0 0 2 2 0 0 0 0 0 0 0 0 2 0 0 2 2 0 0 0 2 0 0 0 0 2 0 0 0 0 2 0 0 2 0 2 0 0 2 0 0 0 2 0 0 0 0 0 0 0 0 0 2 0 2 0 0 0 0 0 2 0 2 0 0 0 2 0 0 2 0 0 0 0 0 0 0 2 0 0 0 0 0 2 0 0 0 1 0 0 0 0 0 2 0 2 2 1 2 0 0 0 2 2 0 2 2 2 2 2 0 0 0 2 0 2 0 2 0 0 2 0 0 0 0 0 0 0 2 1 0 0 0 0 0 0 0 0 0 0 0 2 0 0 0 0 0 0 0 0 0 2 2 2 2 2 2 0 2 0 2 0 0 0 0 0 0 0 0 0 0 0 2 0 0 2 0 0 0 0 0 0 0 0
885 0 0 2 0 0 0 0 0 2 0 0 0 0 2 0 0 2 2 0 0 0 2 0 2 0 0 0 2 2 0 0 2 0 0 0 0 0 0 2 2 2 0 0 0 0 2 0 2 2 0 0 2 0 0 0 0 0 0 2 0 2 0 0 0 0 0 0 2 0 0 0 0 0 0 2 0 2 0 0 0 0 0 0 0 0 0 2 0 0 0 2 2 0 2 0 0 0 0 0 2 0 0 0 0 0 0 2 0 0 0 2 0 2 0 0 2 0 0 0 0 0 0 0 0 0 0 2 0 0 0 0 0 0 0 0 0 2 0 0 2 0 0 0 0 0 0 2 0 0 0 0 0 0 2 2 0 0 0 0 0 0 0 0 0 0 0 0 0 0 0 0 0 2 0 0 0 0 2 0 0 2 0 0 0 0 0 0 0 2 0 0 2 0 2 2 0 0 0 0 0 0 0 0 0 0 2 0 0 0 0 0 0 2 0 0 0 0 1 0 0 0 2 2 0 0 0 2 0 0 0 0 0 0 0 0 0 0 0 0 0 0 2 0 0 2
886 2 0 2 2 0 2 2 2 2 2 2 2 0 2 2 2 2 2 2 2 2 2 2 2 2 2 2 2 2 2 2 2 2 2 2 2 2 0 2 2 2 2 2 2 0 2 2 2 2 2 2 2 2 2 2 2 2 0 2 2 2 2 2 2 2 0 0 2 0 2 2 0 0 2 2 2 2 2 2 2 2 2 0 2 2 2 2 2 0 2 2 2 2 2 0 2 2 2 2 2 2 2 0 2 2 2 2 2 2 0 2 2 2 2 0 2 2 2 2 2 2 2 0 2 2 2 2 2 2 2 2 2 2 2 2 2 2 2 2 2 2 2 2 2 2 0 2 0 2 2 2 2 2 2 2 0 2 2 2 2 0 0 2 2 2 2 2 2 2 2 2 2 2 2 2 2 2 2 2 0 2 2 2 2 0 2 2 2 2 2 2 2 2 2 2 2 2 2 2 2 2 2 0 2 2 2 2 2 2 2 0 2 2 2 2 2 0 2 2 2 2 2 2 2 0 2 2 2 2 2 2 2 0 2 2 2 2 0 2 2 2 2 0 2 2
887 2 2 2 2 2 2 2 2 2 2 2 2 2 2 2 2 0 2 2 2 2 2 2 2 2 2 2 2 2 2 0 2 2 2 2 2 2 2 2 2 2 2 2 2 2 2 2 2 2 2 2 2 2 2 2 2 2 2 2 2 2 2 2 2 2 2 2 2 2 2 2 2 2 2 0 2 2 2 2 2 0 2 2 2 2 2 2 2 2 2 0 2 2 0 2 2 2 2 2 2 2 2 2 0 2 2 0 2 2 2 2 2 0 2 2 2 2 2 2 2 2 0 2 2 2 2 2 2 2 2 2 2 2 2 2 2 0 2 2 0 2 2 2 2 2 2 2 2 2 2 2 2 2 0 2 2 2 2 2 2 2 2 2 2 2 2 2 2 2 2 0 2 0 2 2 2 2 0 2 2 0 2 2 2 2 2 2 2 0 2 2 0 2 0 0 2 2 2 2 2 2 2 2 2 2 0 2 2 2 2 2 2 2 2 2 2 2 2 2 2 2 2 2 2 2 2 0 2 2 2 2 2 2 2 2 2 2 2 2 2 2 0 2 0 0
888 2 2 2 2 2 2 2 2 2 2 2 2 2 2 2 2 0 2 2 2 2 2 2 2 2 2 2 2 2 2 2 2 2 2 2 2 2 2 2 2 2 2 2 2 2 2 2 2 2 2 2 2 2 2 2 2 2 2 2 2 2 2 2 2 2 2 2 2 2 2 2 2 2 2 0 2 2 2 2 2 0 2 2 2 2 2 2 2 2 2 0 2 2 0 2 2 2 2 2 2 2 2 2 2 2 2 0 2 2 2 2 2 0 2 2 2 2 2 2 2 2 2 2 2 2 2 2 2 2 2 2 2 2 2 2 2 0 2 2 0 2 2 2 2 2 2 2 2 2 2 2 2 2 0 2 2 2 2 2 2 2 2 2 2 2 2 2 2 2 2 0 2 0 2 2 2 2 0 2 2 0 2 2 2 2 2 2 2 0 2 2 0 2 0 0 2 2 2 2 2 2 2 2 2 2 0 2 2 2 2 2 2 2 2 2 2 2 2 2 2 2 2 2 2 2 2 0 2 2 2 2 2 2 2 2 2 2 2 2 2 2 0 2 0 0
889 0 0 0 0 0 0 0 0 0 0 0 0 0 2 0 0 0 0 0 0 0 0 0 2 0 0 0 0 0 0 0 0 0 0 0 0 0 0 0 0 0 0 0 0 0 0 0 0 0 2 2 0 0 0 0 0 0 0 0 0 0 0 0 0 0 0 0 0 0 0 0 0 0 0 0 0 0 0 0 0 0 0 0 0 0 0 0 0 0 0 0 0 0 0 0 0 0 0 0 0 0 0 0 0 0 0 0 0 0 0 0 0 0 0 0 0 0 0 2 0 2 0 0 0 0 0 0 0 0 0 0 0 0 0 0 0 0 0 0 0 0 0 0 0 0 0 0 0 0 0 0 0 0 0 2 0 0 0 0 0 0 0 2 0 0 0 0 0 0 0 0 0 0 0 0 0 0 0 0 0 0 0 0 0 0 0 2 2 0 0 0 0 0 0 0 0 0 0 0 0 0 0 0 0 0 0 2 0 0 0 0 0 0 0 2 0 0 2 0 0 0 2 0 0 0 0 0 0 0 0 0 0 0 0 0 0 0 0 2 0 0 0 0 0 0
890 2 2 2 2 2 0 2 2 2 2 2 2 2 2 2 2 2 2 2 2 2 2 2 2 2 2 0 2 2 2 2 2 2 2 0 1 2 2 2 2 2 2 2 2 2 2 2 2 2 2 2 2 2 2 2 2 2 2 2 2 2 2 2 2 2 2 2 2 2 2 2 2 2 2 2 2 2 2 2 2 2 2 2 2 2 0 2 2 2 0 2 2 2 2 2 2 2 2 2 2 2 0 2 2 2 2 2 2 2 2 2 2 2 2 2 2 0 2 2 2 2 2 2 2 2 2 2 2 2 2 2 2 2 2 2 0 2 0 2 2 2 0 0 2 2 2 2 2 1 2 2 2 2 2 2 2 2 2 2 2 2 2 2 2 2 0 2 2 2 2 2 0 2 2 2 2 2 2 2 2 2 2 2 0 2 2 2 2 2 2 2 2 2 2 2 0 2 2 2 2 2 0 2 2 2 2 2 2 2 2 2 2 2 2 2 2 2 2 2 2 2 2 2 2 2 2 2 2 2 2 2 2 2 2 2 2 2 2 2 2 0 2 2 2 2
891 2 0 2 2 0 2 2 2 2 2 2 2 0 2 2 2 2 2 2 2 2 2 2 2 2 2 2 2 2 2 2 2 2 2 2 2 2 0 2 2 0 2 0 2 2 2 0 2 2 2 2 0 2 2 2 2 2 0 2 2 2 2 2 2 2 0 0 2 2 2 0 0 0 2 2 2 2 2 2 2 2 2 0 2 2 2 2 2 2 2 2 2 2 2 2 2 2 2 2 2 2 2 0 2 2 2 2 0 2 0 2 2 2 2 2 2 2 0 2 2 2 2 0 2 2 2 0 2 2 2 2 2 2 2 2 2 2 2 2 2 2 2 2 2 2 2 0 2 2 2 2 2 0 2 2 2 2 2 2 2 2 2 2 2 2 2 2 2 2 2 2 2 2 2 2 2 2 2 2 2 2 2 2 2 2 2 2 2 2 2 2 2 2 2 2 2 2 2 2 2 2 2 2 2 2 2 2 2 0 2 2 2 2 2 2 2 2 2 2 2 2 2 2 2 2 2 2 0 2 2 2 2 2 2 2 2 2 2 2 2 2 2 2 2 2
892 2 2 2 2 2 2 2 2 2 2 2 2 2 2 2 2 2 2 2 2 2 2 2 2 2 2 2 2 2 2 2 2 2 2 2 2 2 2 2 2 2 2 2 2 2 2 2 2 2 2 2 2 2 2 2 2 2 2 2 2 2 2 2 2 2 2 2 2 2 0 2 2 2 2 2 2 2 2 2 2 2 2 2 0 2 2 2 0 2 2 2 2 2 2 2 2 0 2 2 2 2 2 2 2 2 2 2 2 2 2 2 2 2 2 2 2 2 2 2 2 2 2 2 2 2 2 2 2 2 2 2 2 2 2 2 2 2 2 2 2 2 2 2 2 2 2 2 2 1 2 0 2 2 2 0 2 2 2 2 2 2 2 2 2 2 2 2 1 2 2 2 2 2 2 2 0 2 2 2 2 2 2 2 2 2 2 2 2 2 2 2 2 0 2 2 2 0 2 2 2 2 2 2 0 2 2 0 2 2 2 2 0 2 2 2 2 2 1 0 2 2 0 2 2 2 2 2 2 0 2 2 2 2 2 0 2 2 2 2 2 2 2 2 2 2
893 2 2 2 2 2 2 2 2 2 2 2 0 2 2 2 2 2 2 2 2 2 0 2 2 2 2 2 0 2 2 2 0 2 2 2 2 2 2 2 2 2 2 2 2 0 2 2 2 2 0 0 2 2 2 2 2 2 2 2 0 0 2 2 2 2 2 2 0 2 0 2 2 2 2 2 2 2 0 2 2 2 2 2 0 2 2 2 0 2 2 2 2 2 2 2 2 0 2 2 2 2 2 2 2 2 2 2 2 2 2 2 2 2 2 2 2 2 2 2 2 2 2 2 0 2 2 2 2 2 2 2 2 2 2 2 2 0 2 0 2 2 2 2 2 0 2 2 2 1 2 0 2 2 2 0 2 2 1 2 2 2 2 2 2 2 2 2 2 2 2 2 2 2 2 2 0 2 2 2 0 2 2 2 2 2 2 2 2 2 2 2 2 0 2 2 2 0 2 2 2 2 2 2 0 2 2 2 2 2 2 2 0 2 0 2 2 2 1 0 2 0 0 0 2 2 2 2 0 0 2 2 2 0 2 0 2 2 0 2 2 2 2 2 2 2
894 0 2 0 2 2 2 2 0 2 0 0 2 2 2 0 2 0 0 0 0 2 2 2 2 2 2 0 2 0 0 0 2 2 2 2 1 2 2 0 0 2 2 2 2 2 0 2 0 0 2 2 2 2 2 2 2 2 2 0 2 2 0 2 2 2 2 2 2 0 2 2 2 2 2 0 0 0 2 2 0 0 0 2 2 2 2 0 2 2 2 0 0 2 2 0 2 2 0 0 0 0 0 2 0 2 2 2 0 0 2 2 2 2 2 0 0 2 2 2 2 2 0 2 2 2 2 2 2 2 2 2 2 2 2 0 2 2 0 2 0 0 0 2 2 2 2 2 0 1 2 2 0 2 0 2 0 2 2 2 2 0 2 2 0 2 2 2 2 2 2 0 2 0 0 2 2 2 0 2 2 2 0 0 0 2 0 2 2 2 2 2 2 2 0 0 2 2 2 0 2 0 0 0 2 0 2 2 0 2 0 0 2 0 2 2 2 0 2 2 2 2 2 2 2 2 2 2 2 2 2 0 2 2 2 2 2 0 2 2 0 2 0 2 0 2
895 2 2 2 2 2 2 2 0 2 2 2 2 2 2 0 2 2 2 2 2 2 2 2 2 2 2 2 2 2 2 2 2 2 2 2 2 2 2 2 2 0 2 0 2 2 2 0 2 2 2 2 0 2 2 2 2 0 2 2 2 2 2 2 2 2 2 2 2 0 2 0 2 2 2 2 2 2 2 2 2 2 2 2 2 2 2 2 2 2 2 2 2 2 2 2 2 2 2 0 2 2 2 2 2 2 2 2 0 2 2 2 2 2 2 2 2 2 0 2 2 2 2 2 2 2 2 0 2 0 2 2 2 2 2 2 2 2 2 2 2 2 2 2 2 2 0 0 0 1 2 2 0 0 2 2 0 2 2 2 2 0 2 2 2 2 2 2 2 2 2 2 2 2 0 2 2 2 2 2 2 2 2 2 2 0 2 2 2 2 2 2 2 2 2 2 2 2 2 0 2 2 2 2 2 2 2 2 0 0 2 0 2 2 2 2 2 2 2 2 2 2 2 2 2 2 2 2 0 2 0 0 2 2 2 2 2 2 2 2 0 2 2 0 2 2
896 2 0 2 2 2 0 2 2 2 2 2 2 2 2 2 2 0 2 2 2 2 2 2 2 2 2 0 2 2 2 2 2 2 2 0 1 2 0 2 2 2 2 2 2 2 2 2 2 2 2 2 2 2 2 2 2 2 0 2 2 2 2 2 2 2 2 0 2 2 2 2 0 0 2 0 2 2 2 2 0 0 0 2 2 2 0 2 2 2 0 0 2 2 2 2 2 2 0 2 2 0 0 0 2 2 2 0 2 2 0 2 2 2 2 2 2 0 2 2 2 2 2 0 2 2 2 2 2 2 2 2 2 2 2 2 0 2 2 2 0 2 0 0 2 2 2 2 2 1 2 2 2 2 0 2 2 2 2 2 2 2 2 2 0 2 0 2 2 2 2 0 0 1 2 2 2 2 0 2 2 0 2 2 0 2 2 2 2 0 2 2 0 2 2 0 0 2 2 2 2 2 0 2 2 2 0 2 2 2 0 2 2 2 2 0 2 2 1 2 2 2 2 2 2 2 2 0 2 2 2 2 2 2 0 2 2 2 2 2 2 0 0 2 0 0
897 2 2 2 2 0 2 2 2 2 2 2 2 0 2 2 2 2 2 2 2 2 2 2 2 2 2 2 2 2 2 2 2 0 2 2 2 2 2 2 2 2 0 2 0 2 2 2 2 2 2 2 2 2 2 2 2 2 2 2 2 2 2 2 2 2 0 2 2 2 0 2 2 2 2 2 2 2 2 2 2 2 2 0 0 2 2 2 0 2 2 2 2 2 2 2 0 0 2 2 2 2 2 2 2 2 2 2 2 2 2 2 2 2 2 2 2 2 2 2 0 2 2 2 0 0 2 2 2 2 2 2 2 2 0 2 2 0 2 0 2 2 2 2 2 0 2 2 2 1 2 0 2 2 2 0 2 2 2 2 2 2 2 2 2 2 2 2 2 2 2 2 2 2 2 2 0 0 2 2 2 2 2 2 2 2 2 0 2 2 2 2 2 0 2 2 2 2 0 2 2 2 2 2 0 2 2 2 2 2 2 2 0 2 0 2 0 2 2 0 2 2 2 2 2 2 2 2 2 0 2 2 2 2 2 0 2 2 2 2 2 2 2 2 2 2
898 0 2 2 0 0 2 2 2 2 0 2 2 0 2 2 2 2 2 0 2 2 2 2 2 2 2 2 2 2 0 2 2 0 2 2 2 2 2 2 2 2 0 2 0 0 2 2 0 2 2 0 2 2 2 2 2 2 2 2 2 2 0 2 0 2 0 2 2 2 0 2 2 2 2 2 0 2 2 2 2 2 2 0 0 2 2 2 0 2 2 2 2 2 2 2 0 0 2 2 2 2 2 2 2 2 2 2 2 2 2 2 2 2 2 2 2 2 2 2 0 2 2 2 0 0 2 2 2 2 2 2 2 2 0 2 2 0 2 0 2 0 2 2 2 0 2 2 2 1 2 0 2 2 2 0 2 2 2 2 2 2 2 2 2 2 2 2 0 2 2 2 2 2 2 2 0 0 2 2 0 2 2 2 2 2 2 0 2 2 2 2 2 0 2 2 2 2 0 2 2 2 2 2 0 2 2 2 2 2 2 2 0 2 0 2 0 2 2 0 0 2 2 2 2 2 2 2 2 0 2 2 2 0 2 0 2 2 0 2 2 2 2 2 2 2
899 0 2 2 0 0 2 2 2 2 0 2 2 0 2 2 2 2 2 0 2 2 2 2 2 2 2 2 2 2 0 2 2 0 2 2 2 2 2 2 2 2 0 2 0 0 2 2 0 2 2 0 2 2 2 2 2 2 2 2 2 2 0 2 0 2 0 2 2 2 0 2 2 2 2 2 0 2 2 2 2 2 2 0 0 2 2 2 0 2 2 2 2 2 2 2 0 0 2 2 2 2 2 2 2 2 2 2 2 2 2 2 2 2 2 2 2 2 2 2 0 2 2 2 0 0 2 2 2 2 2 2 2 2 0 2 2 0 2 0 2 0 2 2 2 0 2 2 2 1 2 0 2 2 2 0 2 2 2 2 2 2 2 2 2 2 2 2 0 2 2 2 2 2 2 2 0 0 2 2 0 2 2 2 2 2 2 0 2 2 2 2 2 0 2 2 2 2 0 2 2 2 2 2 0 2 2 2 2 2 2 2 0 2 0 2 0 2 2 0 0 2 2 2 2 2 2 2 2 0 2 2 2 0 2 0 2 2 0 2 2 2 2 2 2 2
900 0 2 2 0 0 0 2 0 2 0 0 0 0 2 0 2 2 2 0 0 2 2 2 2 0 2 0 2 2 0 2 2 2 0 0 0 2 2 2 2 0 2 2 0 2 2 2 0 2 2 2 2 0 0 2 2 0 2 2 2 0 0 2 0 0 0 2 2 0 0 2 2 2 0 2 0 2 0 2 2 0 0 0 0 2 0 2 0 0 0 0 2 2 2 2 2 0 2 0 2 0 0 2 2 0 2 2 2 0 2 0 2 2 0 2 2 0 2 0 2 0 2 2 0 2 2 0 2 0 2 0 2 0 2 2 0 0 2 0 0 0 0 0 0 0 0 2 0 0 2 0 0 2 0 0 0 2 0 0 0 0 2 0 0 0 0 2 0 0 0 0 0 2 0 2 0 0 0 0 2 2 0 2 0 0 2 0 0 2 0 0 2 0 2 2 0 0 0 0 0 2 0 2 0 2 2 0 0 2 2 0 0 2 0 2 0 2 2 0 0 2 2 2 2 2 0 2 0 0 0 0 2 2 0 0 0 0 2 0 0 0 2 0 0 2
901 2 2 2 2 2 2 0 0 2 2 0 2 2 0 0 0 2 2 2 0 2 0 0 0 2 0 2 0 2 2 0 0 0 2 2 2 0 2 0 2 2 0 2 2 0 2 2 0 2 2 0 2 2 0 0 0 0 2 2 2 2 2 0 2 2 2 2 2 0 2 2 2 2 2 2 2 2 2 0 2 0 2 2 0 0 2 2 2 0 2 2 0 0 2 2 0 2 2 0 2 2 2 2 0 2 2 2 2 2 2 2 0 2 2 2 0 2 2 2 0 2 2 2 2 0 0 2 2 0 0 2 2 2 0 2 2 2 2 2 0 2 2 2 2 2 0 2 2 1 2 2 0 2 0 2 2 2 2 2 2 0 0 2 2 2 2 2 2 2 2 2 2 2 0 2 2 2 0 2 0 2 2 2 2 2 2 2 2 2 2 2 2 2 2 2 2 2 2 2 2 2 2 2 2 2 2 2 2 2 2 0 2 2 2 0 2 2 2 2 2 2 2 2 0 0 2 2 2 0 0 2 0 0 2 2 0 2 0 2 1 2 2 2 2 2
902 0 0 2 0 0 0 0 0 2 0 2 2 0 2 0 0 0 2 0 2 0 0 0 2 0 0 0 0 2 0 2 0 0 0 0 0 0 0 0 0 0 0 2 2 0 2 2 2 2 2 0 2 2 0 0 0 0 0 2 2 2 0 0 0 2 0 0 2 0 0 2 2 2 2 0 0 2 2 0 0 0 0 0 0 0 0 2 0 0 0 0 0 0 0 0 0 0 0 0 2 0 0 0 2 0 0 0 0 2 0 0 0 0 2 0 0 0 2 0 0 0 2 2 2 0 0 0 0 0 0 2 0 0 0 0 0 2 0 2 2 0 0 0 2 2 0 2 0 0 0 0 0 2 2 0 0 0 0 1 2 0 0 0 0 0 0 0 0 2 2 0 0 0 0 0 0 2 2 2 0 0 0 0 0 0 0 0 0 0 2 2 0 0 0 0 0 2 0 2 0 2 0 0 0 0 0 0 2 2 0 0 0 2 2 0 2 0 0 0 0 2 0 2 0 0 2 0 2 0 0 2 0 0 0 0 0 0 0 0 1 0 0 0 0 0
903 2 2 2 2 2 2 2 0 2 2 2 2 2 2 0 2 2 2 2 2 2 2 2 2 2 2 2 2 2 2 2 2 2 2 2 2 2 2 2 2 0 2 2 2 2 2 2 2 2 2 2 2 2 0 2 2 0 2 2 2 2 2 2 2 2 2 2 2 2 2 2 2 2 2 2 2 2 2 2 2 0 2 2 2 2 2 2 2 0 2 2 2 2 2 2 2 2 2 0 2 2 2 2 2 2 2 2 2 2 2 2 2 2 2 2 2 2 2 2 2 2 2 2 2 2 2 0 0 2 2 2 2 2 2 2 2 2 2 2 2 2 2 2 2 2 2 2 0 1 2 2 0 2 2 2 0 2 2 2 2 0 0 2 2 2 2 2 2 2 2 2 2 2 0 2 2 2 2 2 2 2 2 2 2 0 2 2 2 2 2 2 2 2 2 2 2 2 2 2 2 2 2 2 2 2 2 2 2 2 2 0 2 2 2 2 2 2 2 2 2 2 2 2 2 0 2 2 2 2 0 2 2 2 2 2 0 2 2 2 1 2 2 0 2 2
904 2 2 2 2 2 2 2 0 2 2 2 2 2 2 0 2 2 2 2 2 2 2 2 2 2 2 2 2 2 2 2 2 2 2 2 2 2 2 2 2 2 2 2 2 2 2 2 2 2 2 2 2 2 2 2 2 0 2 2 2 2 2 2 2 2 2 2 2 2 2 2 2 2 2 2 2 2 2 2 2 0 2 2 2 2 2 2 2 0 2 2 2 2 2 2 2 2 2 0 2 2 2 2 2 2 2 2 2 2 2 2 2 2 2 2 2 2 2 2 2 2 2 2 2 2 2 2 2 2 2 2 2 2 2 2 2 2 2 2 2 2 2 2 2 2 2 2 2 1 2 2 0 2 2 2 2 2 2 2 2 0 2 2 2 2 2 2 2 2 2 2 2 2 0 2 2 2 2 2 2 2 2 2 2 2 2 2 2 2 2 2 2 2 2 2 2 2 2 2 2 2 2 2 2 2 2 2 2 2 2 0 2 2 2 2 2 2 2 2 2 2 2 2 2 2 2 2 2 2 0 2 2 2 2 2 2 2 2 2 1 2 2 0 2 2
905 0 0 2 2 2 2 2 2 2 0 2 2 2 2 2 2 2 2 0 2 0 2 2 2 2 2 2 2 2 0 2 2 2 2 2 2 2 0 2 2 2 2 2 2 2 2 2 0 2 2 2 2 2 2 2 2 2 0 2 2 2 0 2 2 2 2 0 2 2 0 2 2 0 2 2 0 2 2 2 2 2 2 2 2 2 2 2 2 2 2 2 2 2 2 2 2 2 0 2 2 2 2 0 2 2 2 2 2 2 0 2 2 2 2 2 2 2 2 2 2 2 2 2 2 2 2 2 2 2 2 2 2 2 2 0 2 2 2 2 2 0 2 2 2 2 2 2 2 2 2 0 2 2 2 0 2 2 2 2 2 2 2 2 2 2 2 2 2 2 2 2 2 2 2 2 0 2 2 2 2 2 2 2 2 2 2 2 2 2 2 2 2 2 2 2 2 2 2 2 2 2 2 2 2 0 2 2 2 2 2 2 0 2 2 2 2 2 1 0 2 2 0 2 2 2 2 2 2 2 2 2 2 2 2 0 2 2 2 2 2 2 2 2 2 2
906 0 0 2 2 2 2 2 2 2 0 2 2 2 2 2 2 2 2 0 2 0 2 2 2 2 2 2 2 2 0 2 2 2 2 2 2 2 0 2 2 2 2 2 2 2 2 2 0 2 2 2 2 2 2 2 2 2 0 2 2 2 0 2 2 2 2 0 2 2 0 2 2 0 2 2 0 2 2 2 2 2 2 2 2 2 2 2 2 2 2 2 2 2 2 2 2 2 0 2 2 2 2 0 2 2 2 2 2 2 0 2 2 2 2 2 2 2 2 2 2 2 2 2 2 2 2 2 2 2 2 2 2 2 2 0 2 2 2 2 2 0 2 2 2 2 2 2 2 2 2 0 2 2 2 0 2 2 2 2 2 2 2 2 2 2 2 2 2 2 2 2 2 2 2 2 0 2 2 2 2 2 2 2 2 2 2 2 2 2 2 2 2 2 2 2 2 2 2 2 2 2 2 2 2 0 2 2 2 2 2 2 0 2 2 2 2 2 1 0 2 2 0 2 2 2 2 2 2 2 2 2 2 2 2 0 2 2 2 2 2 2 2 2 2 2
907 2 2 0 0 2 0 0 0 0 2 0 2 2 0 2 0 0 0 2 0 2 0 0 0 2 0 0 0 0 2 0 0 0 2 0 1 0 2 0 0 2 0 2 2 0 0 2 2 0 2 0 2 2 2 0 0 0 2 0 0 2 2 0 0 2 2 2 2 2 2 2 2 2 2 0 2 0 2 0 0 0 2 2 0 0 0 0 2 2 0 0 0 0 2 0 0 2 2 0 0 2 0 2 0 2 0 2 2 0 2 2 0 2 2 2 0 0 2 2 0 2 0 2 2 0 0 2 2 2 0 2 0 2 0 2 0 2 0 2 0 2 0 0 0 2 0 2 2 1 0 2 0 2 0 2 2 0 2 1 2 2 2 2 2 0 0 0 1 2 2 2 0 0 0 0 2 2 0 2 0 2 0 0 0 2 0 2 2 2 2 2 2 2 2 0 0 2 2 2 2 2 0 0 2 2 2 2 2 2 0 0 2 0 2 0 2 0 1 2 0 2 2 2 0 2 2 2 2 0 2 2 0 0 0 2 2 0 0 2 2 0 2 2 0 2
908 2 2 2 2 2 2 2 2 2 2 2 2 2 2 2 2 2 2 2 2 2 2 2 2 2 2 2 2 2 2 2 2 2 2 2 2 2 2 2 2 2 2 2 2 2 2 2 2 2 2 2 2 2 2 2 2 2 2 2 2 2 2 2 2 2 2 2 2 2 2 2 2 2 2 2 2 2 2 2 2 2 2 2 2 2 2 2 0 2 2 2 2 2 2 2 2 0 2 2 2 2 2 2 2 2 2 2 2 2 2 2 2 2 2 2 2 2 2 0 2 0 2 2 2 2 2 2 2 2 2 2 2 2 2 2 2 0 2 2 2 2 2 2 2 2 2 2 2 1 2 2 2 2 2 2 2 2 2 2 2 2 2 0 2 2 2 2 1 2 2 2 2 2 2 2 2 2 2 2 2 2 2 2 2 2 2 0 0 2 2 2 2 0 2 2 2 2 0 2 2 2 2 2 0 2 2 0 2 2 2 2 2 2 2 2 2 2 2 2 2 2 2 2 2 2 2 2 2 2 2 2 2 2 2 2 2 2 2 0 2 2 2 2 2 2
909 2 2 2 2 2 2 2 2 2 2 2 2 2 2 2 2 2 2 2 2 2 2 0 2 2 0 2 2 2 2 2 2 0 2 2 2 0 2 2 2 2 0 2 2 2 2 2 2 2 2 2 2 2 2 0 0 2 2 2 2 2 2 2 2 2 2 2 2 2 2 2 2 2 2 2 2 2 2 0 2 2 2 2 2 0 2 2 2 2 2 2 2 2 2 2 0 2 2 2 2 2 2 2 2 2 2 2 2 2 2 2 2 2 2 2 2 2 2 2 0 2 2 2 2 0 2 2 2 2 0 2 2 2 0 2 2 2 2 2 2 2 2 2 2 2 2 2 2 2 2 2 2 2 2 2 2 2 2 2 2 2 2 2 2 2 2 2 2 2 2 2 2 2 2 2 2 2 2 2 2 2 2 2 2 2 2 2 2 2 2 2 2 2 2 2 2 2 2 2 2 2 2 2 2 2 2 2 2 2 2 2 2 2 2 2 2 2 2 2 2 2 2 2 2 2 2 2 2 2 2 2 0 2 2 2 2 2 2 2 2 2 2 2 2 2
910 0 0 2 0 0 0 0 0 0 0 0 0 0 0 1 0 1 0 0 0 2 0 0 0 0 0 0 0 0 0 0 0 0 0 0 0 0 0 0 2 1 0 0 0 0 2 1 0 2 0 0 1 0 0 0 0 0 0 2 0 0 0 0 0 0 0 0 0 0 0 0 0 0 0 1 0 2 0 0 2 1 1 0 0 0 0 2 0 0 0 0 0 0 0 1 0 0 2 0 2 0 0 0 0 0 2 1 0 0 0 0 0 0 0 0 0 0 0 0 0 0 0 0 0 0 0 1 0 0 0 0 0 0 0 0 1 0 0 0 0 0 0 0 0 0 0 0 0 1 2 0 0 1 1 0 0 0 0 0 0 0 0 0 1 0 0 1 0 0 0 0 0 0 1 1 0 0 1 0 0 0 2 0 0 0 0 0 0 0 0 0 0 0 0 1 0 0 0 0 0 2 1 1 0 0 0 0 0 1 2 0 0 2 0 0 0 1 0 0 0 0 0 0 0 0 0 0 0 0 0 1 0 0 0 0 0 0 0 0 0 0 0 0 0 0
911 2 2 2 2 2 2 2 2 2 2 2 0 2 0 2 2 2 2 2 2 2 0 2 0 2 2 2 0 2 2 0 0 2 2 2 2 2 2 2 2 2 2 2 0 0 2 2 2 2 0 0 2 0 0 2 2 2 2 2 0 2 2 2 0 0 2 2 2 0 2 2 2 2 0 2 2 2 0 2 2 2 2 2 2 2 2 2 0 2 2 2 2 2 2 2 2 2 2 2 2 2 2 2 0 2 2 2 2 0 2 2 2 2 0 2 2 2 2 2 2 2 2 2 0 2 2 2 2 2 2 0 2 2 2 2 2 2 2 0 2 2 2 2 2 0 2 2 2 2 2 2 2 2 2 2 2 2 2 2 0 2 2 2 2 2 2 2 1 0 0 2 2 2 2 2 2 0 2 0 0 2 2 2 2 2 2 2 2 2 0 0 2 0 2 2 2 0 2 0 2 2 2 2 2 2 2 2 0 2 2 2 2 2 0 2 0 2 2 2 0 0 2 2 2 2 0 2 2 2 2 0 2 0 2 2 2 2 0 2 1 2 2 0 2 2
912 2 2 2 2 2 2 2 2 2 2 2 0 2 0 2 2 2 2 2 2 2 0 2 0 2 2 2 0 2 2 0 0 2 2 2 2 2 2 2 2 2 2 2 0 0 2 2 2 2 0 0 2 0 0 2 2 2 2 2 0 2 2 2 0 0 2 2 2 0 2 2 2 2 0 2 2 2 0 2 2 2 2 2 2 2 2 2 0 2 2 2 2 2 2 2 2 2 2 2 2 2 2 2 0 2 2 2 2 0 2 2 2 2 0 2 2 2 2 2 2 2 2 2 0 2 2 2 2 2 2 0 2 2 2 2 2 2 2 0 2 2 2 2 2 0 2 2 2 2 2 2 2 2 2 2 2 2 2 2 0 2 2 2 2 2 2 2 1 0 0 2 2 2 2 2 2 0 2 0 0 2 2 2 2 2 2 2 2 2 0 0 2 0 2 2 2 0 2 0 2 2 2 2 2 2 2 2 0 2 2 2 2 2 0 2 0 2 2 2 0 0 2 2 2 2 0 2 2 2 2 0 2 0 2 2 2 2 0 2 1 2 2 0 2 2
913 2 2 2 2 2 2 2 2 2 0 2 2 2 2 2 2 2 2 2 2 2 2 2 2 2 2 2 2 2 2 2 2 2 2 2 2 2 2 2 2 2 2 2 2 2 2 2 2 2 2 2 2 2 2 2 2 2 2 2 2 2 0 2 0 2 2 2 2 2 2 2 2 2 2 2 2 2 2 2 2 2 2 2 2 2 0 2 2 2 2 0 2 2 2 2 2 2 2 2 2 2 0 2 2 2 2 2 2 2 2 2 2 2 2 2 2 2 2 2 2 2 2 2 2 2 2 2 2 2 2 2 2 2 2 2 0 2 2 2 2 2 0 2 2 2 0 2 2 2 2 2 2 2 2 2 2 2 2 2 2 2 2 2 2 2 0 2 0 2 2 2 2 2 2 2 2 2 2 2 2 2 2 0 2 2 2 2 2 2 2 2 2 2 2 2 2 2 2 2 2 2 0 0 2 2 2 2 2 2 2 2 2 2 2 2 2 0 2 2 0 2 2 2 2 2 2 2 2 2 2 2 2 2 2 2 2 2 2 2 2 2 2 2 2 2
914 2 0 0 2 2 2 2 2 2 2 2 2 2 2 2 0 2 0 2 2 0 0 0 2 2 0 2 0 0 2 0 0 2 2 2 2 2 0 2 0 2 2 2 2 0 0 2 2 0 2 0 2 2 2 0 0 2 0 0 0 2 2 2 2 2 2 0 0 2 2 2 2 0 2 2 2 0 2 0 0 2 2 2 2 0 2 0 2 2 2 2 2 2 2 2 2 2 0 2 0 2 2 0 0 2 0 2 2 2 0 0 2 2 2 2 2 2 2 2 2 2 0 2 2 2 2 2 2 2 0 2 0 2 2 2 2 2 2 2 2 2 2 2 2 2 2 2 2 2 0 2 2 2 2 2 2 2 2 2 2 2 2 2 2 2 2 2 2 2 2 2 2 2 2 2 2 2 2 2 0 2 0 2 2 2 2 2 2 2 2 2 2 2 0 2 2 2 2 2 2 0 2 2 2 2 2 2 2 2 0 2 2 0 2 2 2 2 2 2 2 2 2 0 2 2 2 2 2 2 2 2 0 0 2 2 2 2 0 2 2 2 2 2 2 2
915 0 2 2 2 0 0 2 2 0 0 2 2 0 0 0 2 0 2 0 2 2 2 2 0 0 2 0 2 2 0 2 2 2 0 0 0 0 2 2 2 2 2 2 2 2 2 2 0 2 2 2 2 2 2 2 2 2 2 2 2 2 0 2 2 2 0 2 2 2 2 2 2 2 2 0 0 2 2 2 2 2 0 2 2 2 0 2 2 2 0 0 2 2 2 2 2 2 0 2 2 0 0 2 2 2 2 0 2 0 2 2 2 2 2 2 0 0 2 2 2 2 2 2 2 2 2 2 2 2 2 0 2 0 2 2 0 2 2 2 2 0 0 0 2 2 0 2 2 1 2 2 2 2 2 2 2 2 2 1 2 2 2 2 0 0 0 2 2 2 2 2 0 0 2 2 2 2 2 2 2 0 2 2 0 0 2 2 2 0 2 2 0 2 2 0 2 2 2 2 2 2 0 2 2 2 0 2 2 2 2 2 2 2 2 2 2 2 2 2 2 2 2 2 2 2 2 0 2 0 2 2 2 2 2 2 0 2 2 2 2 0 0 2 0 0
916 2 2 2 2 2 0 2 2 2 2 2 2 2 2 2 2 2 2 2 2 2 2 2 2 2 2 0 2 2 2 2 2 2 2 0 1 0 2 2 2 2 2 2 2 2 2 2 2 2 2 2 2 2 2 2 2 2 2 2 2 2 2 2 2 2 2 2 2 2 2 2 2 2 2 2 2 2 2 2 2 2 2 2 2 2 0 2 2 2 0 0 2 2 2 2 2 2 2 2 2 2 0 2 2 2 2 2 2 2 2 2 2 2 2 2 2 0 2 2 2 2 2 2 2 2 2 2 2 2 2 2 2 2 2 2 0 2 2 2 2 2 0 0 2 2 0 2 2 1 2 2 2 2 2 2 2 2 2 2 2 2 2 2 2 0 0 2 2 2 2 2 0 2 2 2 2 2 2 2 2 2 2 2 0 2 2 2 2 2 2 2 2 2 2 2 2 2 2 2 2 2 0 2 2 2 2 2 2 2 2 2 2 2 2 2 2 2 2 2 2 2 2 2 2 2 2 2 2 2 2 2 2 2 2 2 0 2 2 2 2 0 2 2 2 2
917 0 0 0 2 2 2 2 0 2 0 2 2 2 2 0 0 2 0 0 2 0 0 0 2 0 0 2 0 0 0 0 0 2 0 2 1 2 0 2 0 2 2 0 2 0 0 0 2 0 2 0 0 2 0 0 0 0 0 0 0 2 0 2 0 2 2 0 0 2 2 0 0 0 2 2 0 0 2 0 0 2 2 2 2 0 2 0 2 0 2 2 2 2 2 2 2 2 2 0 0 2 2 0 0 0 0 2 0 2 0 0 2 2 2 2 2 2 0 2 2 2 0 0 2 2 2 2 2 2 0 2 0 2 2 0 2 2 2 2 2 0 2 2 2 2 2 0 0 1 0 2 2 0 2 2 0 2 2 1 2 0 2 2 2 2 2 2 0 2 2 2 2 2 2 2 2 2 2 2 0 2 0 2 2 2 2 2 2 2 2 2 2 2 0 2 2 2 2 2 0 0 2 2 2 0 2 2 2 0 0 2 2 0 2 2 2 2 2 2 0 2 2 0 2 2 2 2 2 2 2 2 0 0 2 2 2 0 0 2 2 2 2 2 2 2
918 2 0 0 0 0 0 2 0 0 0 0 0 0 0 0 0 0 0 2 0 0 0 0 0 0 0 0 0 0 2 0 0 0 0 0 0 0 0 0 0 0 0 0 0 0 0 0 0 0 0 0 0 0 0 0 0 0 0 0 0 2 0 0 0 0 0 0 2 0 0 0 0 0 0 0 2 0 0 0 0 0 0 2 0 0 0 0 0 0 0 0 0 2 0 0 0 0 0 0 0 0 0 0 0 0 0 0 0 0 0 0 2 0 0 0 0 0 0 0 0 0 0 0 0 0 2 0 0 0 0 0 0 0 0 0 0 0 2 0 0 2 0 0 0 0 0 0 0 0 0 0 0 0 0 2 0 0 0 0 0 0 0 0 0 0 0 0 0 0 0 0 0 0 0 0 0 0 0 0 0 0 0 0 0 0 0 0 0 0 0 0 0 0 0 0 0 0 0 0 0 0 0 0 0 0 0 0 0 0 0 0 0 0 0 0 0 0 0 0 0 0 0 2 2 0 0 0 0 0 0 0 0 0 0 0 0 0 0 0 0 0 0 0 0 0
919 2 0 0 2 0 0 2 2 0 0 0 2 0 0 2 0 0 0 2 0 0 2 0 0 2 0 0 2 0 2 0 2 0 2 0 1 0 0 0 0 2 0 2 2 2 0 2 0 0 0 2 2 2 2 0 0 2 0 0 2 2 0 0 2 2 0 0 2 2 2 2 2 0 2 0 2 0 2 0 0 2 0 2 0 0 0 0 2 2 0 0 0 2 2 2 0 2 0 2 0 0 0 0 0 2 0 0 2 2 0 2 2 2 2 2 0 0 2 2 0 2 0 2 2 0 2 2 2 2 0 2 0 0 0 2 0 2 2 2 0 2 0 0 2 2 0 2 2 1 0 2 2 2 0 2 2 2 0 2 2 2 2 2 0 0 0 2 2 2 2 0 0 0 2 2 2 2 0 2 2 0 0 2 0 2 2 0 2 0 2 2 0 2 0 0 2 2 2 2 2 0 0 2 2 2 0 2 2 2 0 2 2 0 2 2 2 2 0 2 2 2 0 2 2 2 2 0 2 0 2 2 0 2 2 2 2 2 2 2 2 0 0 2 0 0
920 2 2 2 2 2 2 2 2 2 2 2 2 2 2 2 2 0 2 2 2 2 2 2 2 2 2 2 2 2 2 2 2 0 2 2 2 2 2 0 2 2 0 2 2 2 2 2 2 2 2 2 2 2 2 2 2 2 2 2 2 2 2 2 2 2 2 2 2 2 2 2 2 2 2 0 2 2 2 2 2 2 0 2 0 2 0 2 2 2 2 0 0 2 2 2 0 2 2 2 2 0 0 2 2 2 2 0 2 0 2 2 2 2 2 2 2 2 2 2 0 2 2 2 2 0 2 2 2 2 2 2 2 0 0 2 0 2 2 2 2 2 0 2 2 2 0 2 2 2 2 2 2 2 2 2 2 2 2 2 2 2 2 2 0 2 0 2 2 2 2 2 2 0 2 2 2 2 2 2 2 0 2 2 2 0 2 0 2 0 2 2 0 2 2 0 2 2 2 2 2 2 0 2 2 2 0 2 2 2 2 2 2 2 2 2 2 2 2 2 2 2 2 2 2 2 2 0 2 0 2 2 2 2 2 2 2 2 2 2 2 2 0 2 0 0
921 0 0 2 0 2 0 0 2 2 0 2 2 2 2 2 0 0 2 0 0 2 2 0 2 0 2 0 2 2 0 2 2 0 2 0 0 0 0 0 0 0 0 0 0 2 2 0 2 2 0 0 0 0 0 0 0 0 0 2 2 0 0 0 0 0 2 0 0 0 0 0 2 0 0 0 0 2 2 0 2 2 0 2 0 2 0 2 0 0 0 0 0 0 0 0 0 0 0 2 2 2 0 0 2 0 2 2 0 0 0 0 0 0 0 0 0 0 0 0 0 0 0 2 0 0 0 0 2 0 2 0 0 2 0 2 0 2 2 0 0 0 0 0 2 0 0 0 2 1 2 0 0 0 2 0 0 0 2 1 0 0 2 0 0 2 0 0 0 0 0 0 0 0 0 2 0 0 2 0 2 2 2 2 0 0 2 0 0 2 0 0 2 0 2 2 0 2 2 2 0 2 0 0 0 2 0 0 2 0 2 0 0 2 0 0 0 0 0 0 0 0 0 0 0 2 2 2 0 0 0 2 0 2 0 0 2 0 2 0 1 0 2 0 0 2
922 0 2 2 2 2 2 2 2 0 0 0 2 2 2 2 2 2 2 2 2 2 2 2 2 2 2 2 2 2 2 2 2 2 2 2 2 2 2 2 2 2 2 2 2 2 2 2 0 2 2 0 2 2 2 2 2 2 2 2 2 2 0 2 2 2 2 2 2 0 2 2 0 2 2 2 2 2 2 2 2 2 2 2 2 2 2 2 2 2 2 2 2 2 0 2 2 2 2 2 2 2 2 2 2 2 2 2 2 2 2 2 0 0 2 2 2 2 2 2 2 2 2 2 2 2 2 2 2 0 2 2 2 2 2 2 2 2 2 2 2 0 2 2 2 2 2 2 2 2 2 2 2 2 2 2 2 2 2 2 2 2 2 2 2 2 2 2 2 2 2 2 2 2 2 2 2 2 2 2 2 2 2 2 2 2 2 2 2 2 2 2 2 2 2 2 2 2 2 2 2 2 2 2 2 2 0 2 2 2 2 0 2 2 2 2 2 2 2 2 2 2 2 2 2 2 2 2 0 2 2 2 2 2 2 2 2 2 2 2 2 2 2 2 2 2
923 2 2 2 2 2 2 2 2 2 2 2 2 2 2 2 0 2 2 2 2 2 2 0 2 2 0 2 2 2 2 2 2 2 2 2 2 2 2 2 2 2 2 2 2 0 2 2 2 2 2 2 2 2 2 0 0 2 2 2 2 2 2 2 2 2 2 2 2 0 2 2 2 0 2 2 2 2 2 0 2 2 2 2 2 0 0 2 2 2 2 2 2 2 2 2 2 2 2 2 2 2 2 2 2 2 0 2 2 2 2 0 2 2 2 2 2 2 2 2 2 2 2 2 2 2 2 2 2 2 0 2 0 2 2 2 0 2 2 2 2 2 2 2 0 2 2 2 2 2 2 2 2 2 2 2 0 2 2 1 2 0 2 2 2 2 2 2 1 2 2 2 2 2 2 2 2 2 2 2 2 2 2 2 2 2 0 2 2 2 2 2 2 2 2 2 0 2 2 2 2 2 2 2 2 2 0 2 2 2 2 2 2 2 2 2 2 2 2 2 0 2 2 2 2 2 2 2 2 2 2 2 2 2 2 2 2 2 2 2 1 2 2 2 2 2
924 2 2 2 2 2 2 2 2 2 2 2 2 2 2 2 2 2 2 2 2 2 2 2 2 2 2 2 2 2 2 2 2 2 2 2 2 2 2 0 0 2 2 2 0 2 2 2 2 2 0 2 2 2 0 2 2 2 2 2 2 2 2 2 2 2 2 2 2 2 2 2 2 2 2 2 2 2 2 2 2 2 2 2 2 2 2 2 2 0 2 2 0 2 2 2 2 2 0 2 2 2 2 2 2 2 2 2 0 2 2 2 2 2 2 2 2 2 2 2 2 2 2 2 0 2 2 2 2 2 2 2 2 2 2 2 2 2 2 2 2 2 2 2 2 0 2 2 2 2 2 2 0 2 2 2 2 2 2 2 2 2 0 2 2 2 2 0 2 0 2 2 2 2 2 2 2 2 2 2 2 2 2 2 2 2 2 2 2 2 2 2 2 2 2 2 2 2 2 2 2 2 2 2 2 2 2 2 2 2 2 2 2 2 0 2 0 2 2 2 2 0 2 2 2 0 2 2 2 2 2 2 2 2 2 2 2 2 2 2 2 2 2 0 2 2
925 0 0 2 2 0 0 0 0 0 2 0 2 0 0 0 0 0 0 0 2 2 0 0 0 0 0 0 0 0 0 2 0 0 0 0 0 0 0 0 0 2 0 0 0 0 2 0 2 2 2 0 0 0 2 0 0 2 0 2 2 0 2 0 0 0 0 0 0 0 0 0 0 0 0 0 0 2 2 0 2 0 0 0 0 0 0 2 0 0 0 0 0 0 2 0 0 0 0 0 2 0 0 0 2 2 0 0 2 0 0 0 2 2 2 2 0 0 0 0 0 2 0 0 0 0 0 2 2 0 0 0 0 0 0 0 0 0 0 0 0 0 0 0 0 2 0 0 0 0 0 0 0 0 0 2 0 0 0 1 2 0 0 2 0 0 0 0 0 0 2 0 0 0 0 0 2 0 0 2 0 0 0 0 0 0 0 0 0 0 0 0 0 0 0 0 0 0 0 0 0 0 0 0 0 0 0 0 0 0 0 0 0 2 2 0 2 0 0 0 0 2 0 0 0 0 0 0 0 0 0 0 0 0 0 0 0 0 0 0 0 0 0 0 0 0
926 2 2 2 2 2 2 2 2 2 2 2 2 2 0 2 2 2 2 0 2 2 2 2 0 2 2 2 2 2 0 2 2 2 2 2 2 2 2 2 2 2 2 2 2 2 2 2 2 2 2 2 2 2 2 2 2 2 2 2 2 0 2 2 2 2 2 2 2 2 2 2 2 2 2 2 0 2 2 2 2 2 2 2 2 2 2 2 2 2 2 2 2 2 2 2 2 2 0 2 2 2 2 2 2 2 2 2 2 2 2 2 2 2 2 2 2 2 2 2 2 2 2 2 2 2 2 2 2 2 2 2 2 2 2 2 2 2 2 2 2 2 2 2 2 0 0 2 2 2 0 2 2 2 2 2 2 2 2 2 2 2 2 2 2 2 2 2 2 2 2 2 2 2 2 2 2 2 2 2 2 2 2 2 2 2 2 2 2 2 0 2 2 2 2 2 2 2 2 2 2 0 2 2 2 2 2 2 2 2 0 2 2 2 0 2 2 2 2 2 2 2 2 2 2 2 2 2 2 2 2 2 2 2 2 2 2 2 2 2 2 2 2 2 2 2
927 2 2 2 2 2 0 2 2 2 2 2 2 2 2 0 2 2 2 2 2 2 2 2 2 2 2 2 2 2 2 2 2 2 2 0 2 2 2 2 2 2 2 2 2 2 2 2 2 2 2 2 2 2 2 2 2 2 2 2 2 2 2 2 2 2 2 2 2 2 2 2 2 2 2 2 2 2 2 2 2 2 1 2 2 2 2 2 0 2 0 2 2 2 2 2 2 2 2 2 2 2 2 2 2 2 2 2 2 2 2 2 2 2 2 2 2 0 2 2 2 2 2 2 2 2 2 0 2 2 2 2 2 2 2 2 2 2 2 2 0 2 2 2 2 2 2 2 2 1 2 2 2 2 2 2 2 2 2 2 2 2 2 2 2 2 2 2 2 2 2 2 0 0 2 2 2 2 2 2 2 2 2 2 2 2 2 2 2 2 2 2 2 0 2 2 2 2 2 2 2 2 2 2 2 2 2 2 2 2 2 2 2 2 2 2 2 2 1 2 2 2 0 2 2 2 2 2 2 2 2 2 2 2 2 2 2 2 2 2 2 0 0 2 2 0
928 2 2 0 0 0 2 0 2 2 2 0 2 0 2 2 0 2 0 0 2 0 2 2 2 0 0 2 2 0 0 2 2 0 2 2 1 0 2 2 2 2 0 2 2 0 0 2 2 2 0 2 2 2 2 2 2 2 2 0 0 2 2 0 2 2 0 2 2 0 0 2 2 2 2 2 0 0 2 2 2 0 2 2 0 0 2 0 2 2 2 2 2 0 2 0 0 0 2 2 0 2 2 2 2 0 2 2 2 2 2 2 2 2 0 2 0 2 2 0 0 0 0 2 2 0 0 2 2 0 0 2 2 2 0 2 2 2 0 2 2 2 2 2 2 2 2 2 2 1 2 0 2 2 2 0 2 0 0 2 2 0 2 0 2 2 2 2 0 2 2 2 2 2 0 2 0 2 2 2 2 2 0 2 2 0 2 0 2 2 0 1 2 2 2 2 2 2 0 2 2 2 2 0 2 2 0 0 2 2 2 2 0 0 2 0 2 0 2 0 0 2 2 2 0 2 0 2 2 2 0 2 0 2 2 0 2 2 2 0 1 2 2 0 2 2
929 2 2 2 2 2 2 2 2 2 2 2 2 2 2 2 2 2 2 2 2 2 2 2 2 2 2 2 2 2 2 2 2 0 2 2 2 2 2 2 2 2 0 2 2 2 2 2 2 2 2 2 2 0 2 2 2 2 2 2 2 2 2 2 0 2 2 2 2 2 2 2 2 2 0 2 2 2 2 2 0 2 2 2 0 2 2 2 2 2 2 2 2 2 2 2 0 2 0 2 2 2 2 2 2 2 2 2 2 2 2 2 2 2 2 2 2 2 2 2 0 2 2 2 2 2 2 2 2 2 2 2 2 2 0 2 2 2 2 2 2 2 2 2 2 0 2 2 2 2 2 2 2 2 2 2 2 2 2 1 2 2 2 2 2 2 2 2 2 2 2 2 2 2 2 2 2 0 2 2 2 2 2 2 2 2 2 2 2 2 2 2 2 2 2 2 2 2 2 2 2 2 2 2 2 2 2 2 2 2 2 2 2 2 0 2 2 2 2 2 2 0 2 2 2 2 2 2 2 2 2 2 2 2 2 2 0 2 2 2 2 2 2 2 2 2
930 2 2 2 2 2 2 2 2 2 2 2 2 2 2 2 2 0 2 2 2 2 2 2 2 2 2 0 2 2 2 2 2 2 2 2 2 2 2 2 2 2 2 2 2 2 2 2 2 2 2 2 2 2 2 2 2 2 2 2 2 2 2 2 2 2 2 2 2 2 2 2 2 2 2 0 2 2 2 2 2 2 2 2 2 2 0 2 2 2 2 2 2 2 2 2 2 2 2 2 2 2 2 2 2 2 2 2 2 2 2 2 2 2 2 2 2 2 2 2 2 2 2 2 2 2 2 2 2 2 2 2 2 2 2 2 0 0 0 2 2 2 0 0 2 2 2 2 2 2 2 2 2 2 2 2 0 2 2 2 2 2 2 2 2 2 0 2 2 2 2 2 2 2 2 2 2 2 2 2 2 0 2 2 0 2 2 2 2 2 2 2 0 2 2 2 0 2 2 2 2 0 2 2 2 2 0 2 2 2 2 2 2 2 2 2 2 2 2 2 2 2 2 2 2 2 2 0 2 2 2 2 2 2 2 2 2 2 2 2 2 2 2 2 2 2
931 2 0 2 2 2 2 2 2 2 2 2 2 2 0 2 2 2 2 2 2 0 2 2 0 2 2 2 2 2 2 0 2 2 2 2 2 2 0 2 2 2 2 2 2 2 2 2 0 2 2 2 2 2 2 2 2 2 0 2 2 0 2 2 2 0 2 0 2 0 2 2 2 2 2 2 2 2 2 2 2 0 1 2 2 2 2 2 2 0 2 2 2 2 2 2 2 2 2 2 2 2 2 0 0 2 2 2 2 2 0 2 2 2 2 0 2 2 2 2 2 2 0 0 2 2 2 2 2 2 2 2 2 2 2 2 2 2 2 2 2 2 2 2 2 0 2 2 2 2 2 2 2 2 2 2 2 2 2 2 2 2 2 2 2 2 2 2 2 2 2 2 2 2 2 2 2 2 2 2 2 2 2 2 2 2 2 2 2 2 2 2 2 2 2 2 2 2 2 2 0 2 2 2 0 2 2 2 2 2 2 2 2 2 0 0 2 2 2 2 2 0 2 2 2 2 2 2 2 2 2 2 2 2 2 2 2 2 2 2 2 2 2 2 2 2
932 2 2 2 2 2 0 0 0 2 2 2 2 2 2 2 2 0 2 2 2 0 2 2 2 2 0 0 2 2 2 2 2 0 0 0 1 2 2 2 0 2 0 2 2 2 2 2 2 2 2 2 2 0 0 2 2 0 2 2 2 2 2 2 2 2 2 2 2 0 2 2 2 0 0 0 2 2 2 2 2 2 1 2 0 0 0 2 0 2 0 2 2 0 2 2 0 2 2 0 2 0 0 2 2 2 2 0 2 0 2 2 0 2 0 2 2 0 2 0 0 2 2 2 2 0 0 2 2 2 2 2 2 0 0 2 0 0 0 2 0 2 0 0 2 2 0 2 0 1 2 2 2 2 0 2 0 2 2 2 2 0 0 2 0 0 0 2 2 2 2 0 0 0 2 2 2 2 0 2 2 0 2 0 0 2 2 2 2 0 0 1 0 0 2 0 2 2 0 0 2 0 2 2 2 2 2 2 0 2 2 0 0 2 2 2 2 2 2 2 2 2 2 2 0 0 0 0 2 0 2 0 2 2 0 0 2 2 2 0 1 0 0 2 0 0
933 0 0 0 0 0 0 0 0 0 0 0 0 0 0 0 0 0 0 0 0 0 0 0 0 0 0 0 0 0 0 0 0 0 0 0 0 0 0 0 0 0 0 0 0 0 0 0 0 0 0 0 0 0 2 0 0 0 0 0 0 0 0 0 0 0 0 0 0 0 0 0 0 0 0 0 0 0 0 0 0 0 1 2 0 0 0 0 0 0 0 0 0 0 0 0 0 0 0 0 0 0 0 0 0 2 0 0 0 0 0 0 0 0 0 0 0 0 0 0 0 0 0 0 0 0 0 0 0 2 0 0 0 0 0 0 0 0 0 0 0 0 0 0 0 0 0 0 0 0 0 0 0 0 0 0 0 0 0 1 0 0 0 0 0 0 0 0 0 0 0 0 0 0 0 0 0 0 0 0 0 0 0 0 0 0 0 2 0 0 0 0 0 0 0 0 0 0 0 0 2 0 0 0 0 0 2 2 0 0 0 0 2 0 0 0 0 0 1 0 0 0 2 0 0 0 0 0 0 0 0 0 0 0 0 2 0 0 0 0 0 0 0 0 0 0
934 2 2 0 2 2 2 2 2 0 0 2 2 2 0 0 0 2 2 0 2 0 2 2 0 2 2 2 2 2 0 2 2 2 2 2 2 0 2 2 0 2 2 2 0 0 0 2 2 2 0 2 2 2 2 2 2 2 2 0 2 2 0 0 2 2 2 2 2 2 0 2 2 2 2 2 0 0 2 0 2 2 2 2 2 2 2 0 2 2 2 2 2 2 0 0 2 2 2 2 0 2 2 2 2 2 2 2 2 2 2 2 0 0 0 2 0 2 2 0 2 2 2 2 0 2 2 0 2 2 0 2 2 2 2 0 2 2 2 2 2 2 2 2 2 0 2 2 2 1 0 0 2 2 2 2 2 0 2 2 2 2 2 0 2 2 2 0 2 2 2 2 2 2 2 0 0 2 2 2 2 2 2 2 2 0 2 2 0 2 0 0 2 2 0 2 2 2 2 2 2 2 2 0 2 0 2 2 2 2 2 2 2 0 0 0 0 0 2 0 2 0 2 2 2 2 2 2 0 0 0 2 2 2 0 2 2 1 2 0 1 2 2 2 2 2
935 2 2 2 2 0 0 0 2 2 2 2 2 0 2 2 2 0 2 2 0 2 2 2 2 0 2 0 2 2 2 2 2 2 2 0 0 2 2 2 2 2 2 2 0 2 2 2 2 2 2 2 2 0 0 2 2 2 2 2 2 2 2 2 2 2 0 2 2 0 2 2 2 2 0 0 2 2 2 2 2 0 1 2 2 2 2 2 2 2 0 0 2 2 2 2 2 2 2 2 2 2 0 2 2 2 2 0 2 0 2 2 2 2 2 2 2 0 2 2 2 0 2 2 0 2 0 2 2 2 2 2 2 0 2 2 2 0 2 2 0 2 0 0 2 2 0 2 0 1 2 2 2 2 0 2 0 2 0 2 2 0 0 2 0 2 2 2 2 2 2 0 0 0 2 0 2 2 0 2 2 0 0 2 0 2 2 2 2 0 2 2 0 2 2 2 0 2 2 2 2 2 2 2 0 2 2 2 2 2 2 0 2 2 2 2 2 2 2 2 2 2 2 2 0 0 2 0 2 2 2 2 2 2 2 2 2 2 2 2 2 0 0 0 0 0
936 0 0 0 2 0 0 2 0 2 2 0 2 0 0 2 0 0 2 0 0 0 2 2 0 2 0 0 2 2 0 2 2 2 2 0 1 2 0 0 2 2 2 0 0 0 0 0 2 2 2 2 0 2 0 2 2 0 0 0 0 2 0 2 2 0 0 0 0 0 0 2 2 2 2 0 0 0 2 0 0 2 1 0 2 0 0 0 2 0 0 0 0 2 0 2 2 0 2 0 0 2 0 0 2 0 0 0 2 2 0 2 2 0 2 0 0 0 0 2 2 0 0 0 0 0 2 0 0 0 0 0 2 0 2 0 0 0 0 2 0 0 0 0 0 2 0 0 0 0 2 2 0 0 2 0 0 2 0 1 2 0 0 2 0 0 0 2 1 0 2 0 0 0 0 0 0 2 2 2 0 0 0 2 0 0 0 2 0 0 0 0 0 2 0 0 0 0 0 2 0 0 0 2 0 0 0 2 2 0 2 0 0 0 2 2 2 2 1 2 2 2 2 0 2 0 2 0 0 2 2 2 0 0 0 0 0 0 0 2 2 0 2 2 2 2
937 0 0 0 2 0 0 2 2 2 0 0 0 0 0 2 2 0 2 2 0 0 2 2 0 2 2 0 2 2 2 2 2 2 2 0 1 2 0 2 2 2 2 2 0 0 0 0 2 2 2 2 0 2 0 2 2 0 0 0 2 2 0 2 0 2 0 0 0 0 0 2 2 2 2 0 2 0 0 2 0 2 1 0 2 2 0 0 2 0 0 0 2 2 0 2 2 0 2 2 0 2 0 0 2 0 0 0 2 2 0 2 2 0 2 2 0 0 0 2 2 0 0 2 0 2 2 0 0 2 2 0 2 0 2 0 0 0 0 0 0 0 0 0 0 2 2 0 0 1 2 2 0 0 2 0 0 0 0 1 0 0 2 2 0 0 2 2 0 0 0 2 0 2 0 0 0 0 2 0 0 0 0 2 0 2 0 2 2 0 2 1 0 2 0 0 0 0 2 2 0 0 2 2 0 0 0 2 2 0 2 0 0 0 2 2 0 2 1 2 0 2 2 0 2 2 2 0 0 2 2 2 2 0 0 0 0 0 0 2 2 0 2 2 2 2
938 0 0 0 0 0 0 0 0 0 0 0 0 0 0 2 0 0 0 0 0 0 2 2 0 2 0 0 2 0 0 0 2 2 2 0 2 2 0 0 0 0 2 0 0 0 0 0 0 0 0 2 0 2 0 2 2 0 0 0 0 0 0 0 0 0 0 0 0 0 2 0 0 2 2 0 0 0 0 0 0 0 0 2 2 0 0 0 2 0 0 0 0 2 0 2 2 0 0 0 0 2 0 0 0 0 0 0 2 0 0 2 2 0 0 0 0 0 0 0 2 0 0 0 0 0 0 0 0 0 0 0 2 0 2 0 0 0 0 0 0 0 0 0 2 0 0 0 0 1 0 2 0 0 2 0 0 0 0 1 0 0 0 2 0 0 0 2 0 2 0 0 0 0 0 0 0 0 2 0 0 0 0 2 0 0 0 0 0 0 0 0 0 2 0 0 0 0 0 2 0 0 0 2 0 0 2 0 2 0 0 0 0 0 0 2 0 2 1 2 0 0 2 0 2 0 2 0 0 0 0 2 0 0 0 0 0 0 0 0 2 0 0 2 2 0
939 2 2 2 0 2 2 2 2 2 2 2 2 2 2 2 0 2 2 2 2 2 2 2 2 2 0 2 2 2 2 2 2 2 2 2 2 2 2 2 2 0 2 2 2 2 2 2 2 2 2 2 2 2 2 2 2 2 2 2 2 2 2 2 2 2 2 2 2 2 2 2 0 2 2 2 2 2 2 0 2 0 2 2 2 0 2 2 2 2 2 2 2 2 2 2 2 0 2 2 2 2 2 2 2 2 0 2 2 2 2 2 2 2 0 2 2 2 2 2 2 2 2 2 2 2 2 2 2 2 2 2 2 2 2 2 2 2 2 2 2 0 2 2 2 2 2 2 2 1 2 2 2 2 2 2 2 2 2 2 2 2 2 2 2 2 2 2 2 2 2 2 2 2 2 2 2 2 2 2 2 2 2 2 2 2 2 2 2 2 2 2 2 2 2 2 2 2 2 2 2 2 2 2 2 2 2 2 2 2 2 2 2 2 2 2 2 2 2 2 2 2 2 2 2 2 2 2 0 2 2 2 0 2 2 2 2 2 2 2 2 2 2 2 2 2
940 0 0 0 0 0 0 0 2 2 2 0 2 0 0 2 0 0 0 0 0 0 2 2 0 2 0 0 2 0 0 0 2 2 2 0 1 2 0 2 0 0 2 2 2 0 0 2 0 0 0 2 2 0 0 2 2 2 0 0 0 0 0 0 2 2 0 0 2 0 2 2 0 2 0 0 0 0 2 0 2 0 1 2 2 0 0 0 2 2 0 2 2 2 2 2 2 0 0 2 0 2 0 0 0 2 2 2 2 0 0 2 2 2 0 0 0 0 2 2 2 2 0 0 2 0 0 2 0 0 0 2 2 0 2 2 0 0 2 2 0 0 0 0 2 2 0 2 2 1 2 2 2 2 2 0 2 2 0 2 2 2 0 2 2 0 2 2 1 2 2 0 0 0 2 0 0 2 2 2 0 0 0 2 0 0 0 0 0 0 0 1 0 2 2 0 0 2 0 2 2 0 0 0 0 2 0 0 2 2 2 2 0 0 2 2 2 0 1 2 2 2 2 2 2 0 2 0 2 0 2 2 0 0 0 0 2 0 0 2 2 0 0 2 2 0
941 0 0 0 0 0 0 0 0 0 0 0 0 0 0 2 0 0 0 0 0 0 2 2 0 2 0 0 2 0 0 0 2 2 2 0 1 2 0 0 0 0 2 0 2 0 0 0 0 0 0 2 0 0 0 2 2 0 0 0 0 0 0 0 0 2 0 0 2 0 2 0 0 2 0 0 0 0 0 0 0 0 0 2 2 0 0 0 2 0 0 0 0 2 0 2 2 0 0 0 0 2 0 0 0 0 2 2 2 0 0 2 2 0 0 0 0 0 0 0 2 0 0 0 2 0 0 2 0 0 0 0 2 0 2 2 0 0 0 0 0 0 0 0 2 2 0 0 2 1 0 2 2 0 2 0 0 2 0 1 0 2 0 2 2 0 2 2 0 0 0 0 0 0 2 0 0 0 2 0 0 0 0 2 0 0 0 0 0 0 0 1 0 2 2 0 0 2 0 2 0 0 0 0 0 2 0 0 2 0 0 2 0 0 2 2 0 0 1 2 0 2 2 2 2 0 2 0 0 0 0 2 0 0 0 0 0 0 0 0 2 0 0 2 2 0
942 0 2 0 0 0 2 2 2 2 2 0 0 0 0 2 0 0 0 0 0 0 2 2 0 2 0 2 2 0 0 2 2 2 2 2 2 2 2 2 0 2 2 2 2 0 0 2 0 0 0 2 2 0 0 2 2 2 2 0 0 0 0 0 2 2 0 2 2 2 2 2 0 2 0 0 0 0 0 0 2 2 2 2 2 0 0 0 2 2 2 2 2 2 2 2 2 0 0 2 0 2 0 2 2 2 0 2 2 0 2 2 2 2 0 0 0 2 2 2 2 2 0 0 2 0 2 2 2 0 0 2 2 0 2 2 0 2 2 2 0 0 0 2 2 2 0 2 2 1 2 2 2 2 2 0 2 2 2 1 2 2 0 2 2 0 2 2 1 2 2 0 0 2 2 2 0 2 2 2 2 0 0 2 2 0 2 0 0 0 0 2 0 2 2 0 2 2 0 2 2 0 2 0 0 2 2 0 2 2 2 2 0 0 2 2 2 0 1 2 2 2 2 2 2 0 2 0 2 2 2 2 0 2 0 0 2 0 2 2 2 2 2 2 2 0
943 0 0 0 2 0 0 2 0 0 0 0 2 0 0 2 0 0 0 0 0 0 2 2 0 2 0 0 2 0 0 0 2 2 2 0 1 2 0 0 0 0 2 2 0 0 0 0 0 0 0 2 0 0 0 2 2 0 0 0 0 2 0 0 0 0 0 0 0 0 2 0 0 2 0 0 0 0 2 0 0 0 1 2 2 0 0 0 2 0 0 2 0 2 0 2 2 0 0 0 0 2 0 0 0 0 0 0 2 0 0 2 2 0 0 0 0 0 0 2 2 0 0 0 0 0 2 0 0 0 0 0 2 0 2 0 0 0 0 0 0 0 0 0 2 0 0 0 2 1 0 0 2 0 2 0 0 2 0 1 0 0 0 2 0 0 0 2 0 0 0 0 0 0 2 0 0 0 2 0 0 0 0 2 0 0 0 0 0 0 0 1 0 2 0 0 0 2 0 2 0 0 0 0 0 0 0 0 2 0 0 0 0 0 0 2 0 0 1 0 0 0 0 0 2 0 2 0 0 2 0 2 0 0 0 0 2 0 0 2 2 0 0 2 2 0
944 2 0 0 2 0 0 2 0 0 0 0 2 0 2 2 0 2 2 2 0 2 2 2 2 2 0 0 2 2 2 0 2 2 2 0 1 2 0 0 0 0 2 2 0 2 0 2 0 0 2 2 2 0 0 2 2 2 0 0 2 2 0 0 0 0 0 0 0 0 2 2 2 2 0 2 2 0 2 0 2 0 1 2 2 0 0 0 2 2 0 2 0 2 0 2 2 2 0 0 0 2 0 0 0 2 0 0 2 0 0 2 2 0 2 2 0 0 0 2 2 0 2 0 0 0 2 2 0 0 0 0 2 2 2 0 0 0 2 0 2 2 0 0 2 0 0 2 2 1 0 0 2 2 2 0 0 2 0 1 0 0 2 2 0 2 0 2 1 0 0 0 0 0 2 0 0 0 2 0 0 2 0 2 0 0 0 0 0 0 2 2 2 2 0 0 0 2 0 2 2 0 0 0 0 0 2 0 2 2 0 0 0 0 0 2 0 0 2 0 0 0 2 0 2 2 2 2 2 2 2 2 0 0 2 0 2 0 0 2 2 0 0 2 2 0
945 0 0 0 2 0 0 2 0 0 0 0 2 0 0 2 0 0 0 0 0 0 2 2 0 2 0 0 2 0 0 0 2 2 2 0 1 2 0 0 0 0 2 2 0 0 0 0 0 0 0 2 0 0 0 2 2 0 0 0 2 2 0 0 0 0 0 0 0 0 2 0 0 2 0 0 0 0 2 0 0 0 1 2 2 0 0 0 2 0 0 2 0 2 0 2 2 0 0 0 0 2 0 0 0 0 0 0 2 0 0 2 2 0 0 2 0 0 0 2 2 0 0 0 0 0 2 2 0 0 0 0 2 0 2 0 0 0 0 0 0 0 0 0 2 0 0 0 2 1 0 0 2 0 2 0 0 2 0 1 0 0 0 2 0 0 0 2 0 0 0 0 0 0 2 0 0 0 2 0 0 0 0 2 0 0 0 0 0 0 0 1 0 2 0 0 0 2 0 2 0 0 0 0 0 0 0 0 2 0 0 0 0 0 0 2 0 0 1 0 0 0 0 0 2 0 2 0 0 2 0 2 0 0 0 0 2 0 0 2 2 0 0 2 2 0
946 0 0 0 2 0 0 2 0 0 0 0 2 0 0 2 0 0 0 0 0 0 2 2 0 2 0 0 2 0 0 0 2 2 2 0 2 2 0 0 0 0 2 2 0 0 0 2 0 0 0 2 0 0 0 2 2 0 0 0 2 2 0 0 0 0 0 0 0 0 2 0 0 2 0 0 0 0 2 0 0 0 1 2 2 0 0 0 2 0 0 2 0 2 0 2 2 0 0 0 0 2 0 0 0 0 0 0 2 0 0 2 2 0 0 2 0 0 0 2 2 0 0 0 0 0 2 2 0 0 0 0 2 0 2 0 0 0 0 0 0 0 0 0 2 0 0 0 2 1 0 0 2 2 2 0 0 2 0 1 0 0 0 2 0 0 0 2 0 0 0 0 0 0 2 0 0 0 2 0 0 0 0 2 0 0 0 0 0 0 0 1 0 2 0 0 0 2 0 2 0 0 0 0 0 0 2 0 2 2 0 0 0 0 0 2 0 0 2 0 0 0 2 0 2 0 2 0 2 2 0 2 0 0 0 0 2 0 0 2 2 0 0 2 2 0
947 0 2 2 2 0 2 2 0 2 2 2 2 0 0 2 0 0 0 0 2 0 2 2 0 2 0 2 2 0 0 2 2 2 2 2 2 2 2 0 2 2 2 2 2 0 2 2 0 2 0 2 0 0 2 2 2 0 2 2 0 2 0 0 2 2 0 2 2 0 2 0 0 2 0 0 0 2 2 0 2 2 2 2 2 0 0 2 2 0 2 2 0 2 2 2 2 0 2 0 2 2 0 2 2 0 2 2 2 0 2 2 2 2 0 0 0 2 2 2 2 0 0 0 2 2 2 2 2 0 2 2 2 0 2 2 0 2 0 2 0 0 0 2 2 2 2 0 2 1 2 2 2 2 2 2 2 2 2 2 2 2 0 2 2 0 2 2 1 2 2 0 0 2 2 2 2 2 2 2 0 0 2 2 2 0 2 0 2 0 0 1 0 2 2 2 2 2 2 2 0 2 2 0 0 2 2 0 2 2 2 2 0 2 2 2 2 0 2 2 2 2 2 2 2 0 2 0 2 2 0 2 0 0 0 0 2 2 0 2 2 2 2 2 2 0
948 2 2 0 0 2 2 2 2 0 2 0 0 2 2 2 2 2 0 2 0 0 2 2 2 2 2 2 2 0 2 2 2 2 2 2 2 2 2 2 0 0 2 2 2 2 0 2 2 0 0 2 2 2 2 2 2 2 2 0 0 0 2 2 2 2 2 2 2 2 0 2 0 2 2 2 2 0 0 2 2 2 2 2 2 2 2 0 2 2 2 2 2 2 0 2 2 2 2 2 0 2 2 2 2 2 2 2 2 2 2 2 2 0 0 0 0 2 2 2 2 2 0 0 2 0 2 0 2 2 2 2 2 2 2 2 2 2 2 2 2 2 2 2 2 2 2 2 2 2 2 2 2 2 2 0 0 2 2 1 2 2 2 2 2 2 2 2 2 0 2 2 2 2 2 2 0 2 2 2 2 2 2 2 2 2 2 2 2 2 2 2 2 2 2 2 2 2 0 2 2 2 2 2 2 2 0 2 2 2 2 2 2 0 2 2 2 2 1 2 2 2 2 2 2 2 2 2 2 2 2 2 2 2 2 2 2 2 2 2 2 2 2 2 2 2
949 0 2 0 0 0 0 2 0 0 2 0 0 0 0 2 0 0 0 0 0 0 2 2 0 2 0 0 2 0 0 2 2 2 2 0 1 2 2 0 0 0 2 2 0 0 0 2 0 0 0 2 0 0 0 2 2 0 2 0 0 0 0 0 2 0 0 2 0 0 0 0 0 2 0 0 0 0 0 0 2 0 1 2 2 0 0 0 2 0 0 2 0 2 0 2 2 0 0 0 0 2 0 2 2 0 0 0 2 0 2 2 2 0 0 0 0 0 2 2 2 0 0 0 0 0 2 0 0 0 0 2 2 0 2 0 0 0 0 2 0 0 0 0 2 2 2 0 2 1 0 0 2 0 2 0 0 2 0 1 2 0 0 2 0 0 0 2 2 0 2 0 0 0 2 0 0 2 2 2 0 0 0 2 0 0 0 0 0 0 0 1 0 2 0 0 0 2 0 2 0 0 0 0 0 0 0 0 2 2 0 0 0 0 2 2 2 0 0 0 2 2 0 0 2 0 2 0 0 2 0 2 0 0 0 0 2 0 0 2 2 0 0 2 2 0
950 2 2 0 2 2 2 2 2 0 2 0 2 2 0 2 2 2 0 2 0 0 2 2 0 2 2 2 2 0 2 2 2 2 2 2 2 2 2 0 0 0 2 2 2 2 0 2 2 0 0 2 2 2 2 2 2 2 2 0 0 2 0 2 2 2 2 2 2 0 2 2 0 2 2 2 2 0 2 2 2 2 2 2 2 2 2 0 2 2 2 2 0 2 0 2 2 2 0 2 0 2 2 2 2 2 0 2 2 2 2 2 2 0 0 0 0 2 2 2 2 2 0 0 2 2 2 0 2 2 2 2 2 2 2 2 2 2 2 2 2 2 2 2 2 2 2 2 2 2 2 2 2 2 2 2 0 2 2 1 2 2 2 2 2 2 2 2 2 0 2 2 2 2 2 2 0 2 2 2 0 2 2 2 2 2 2 2 2 2 2 2 2 2 2 2 2 2 2 2 2 2 2 2 2 2 2 2 2 2 2 2 2 0 2 2 2 2 2 2 2 2 2 2 2 2 2 2 2 2 2 2 2 0 2 2 2 2 0 2 2 2 2 2 2 2
951 2 2 2 0 2 2 2 2 0 2 0 2 2 2 2 0 0 0 0 0 0 2 2 2 2 0 2 2 0 0 2 2 2 2 2 2 2 2 0 2 0 2 2 2 2 2 2 2 0 2 2 2 2 0 2 2 2 2 2 2 0 2 2 2 0 2 2 0 2 0 2 2 2 2 0 0 2 2 0 2 2 0 2 2 0 2 2 2 2 2 2 0 2 0 2 2 2 2 2 2 2 2 2 2 2 2 2 2 2 2 2 2 0 2 2 0 2 0 2 2 2 0 0 2 0 2 0 2 2 2 0 2 2 2 2 2 0 2 2 2 0 2 2 2 2 2 2 2 2 2 2 2 2 2 0 2 2 0 1 2 2 2 2 0 2 2 2 2 2 2 2 2 0 2 2 0 2 2 2 2 0 0 2 2 2 2 2 2 2 2 2 0 2 2 2 2 2 0 2 1 2 2 2 2 2 2 2 2 2 2 2 2 2 2 2 2 2 1 2 2 2 2 0 2 2 2 0 2 2 2 2 0 2 0 2 2 0 2 2 2 2 2 2 2 2
952 0 0 0 0 0 2 2 2 0 0 0 2 0 0 2 0 2 0 0 0 0 0 2 0 2 0 2 0 0 0 0 0 2 2 2 2 2 0 0 0 0 2 0 0 0 0 0 0 0 0 0 0 2 0 2 2 2 0 0 0 0 0 2 0 0 0 0 0 2 0 0 0 2 2 2 0 0 2 0 2 0 0 2 2 0 2 0 2 2 2 2 0 2 0 2 2 2 0 2 0 2 0 0 0 2 0 0 0 2 0 2 2 0 0 0 0 2 0 2 2 0 0 0 0 0 2 0 2 0 0 0 2 2 2 0 2 0 0 0 0 0 2 2 0 0 2 0 0 2 0 2 0 2 0 0 0 2 0 0 0 0 0 2 0 0 2 2 0 0 0 2 2 2 0 2 0 0 0 0 0 2 0 2 2 2 2 2 0 2 0 1 2 2 0 0 2 0 0 0 2 0 2 2 0 0 2 0 2 0 0 0 2 0 0 2 0 2 1 2 0 0 2 0 2 0 2 2 0 2 2 2 0 0 2 2 0 0 0 2 1 2 2 2 0 0
953 0 0 0 2 2 2 2 2 0 0 2 2 2 2 2 2 2 0 0 2 0 0 2 2 2 2 2 0 0 0 0 0 2 2 2 1 2 0 2 0 0 2 0 2 0 0 2 0 0 2 0 2 2 2 2 2 2 0 0 2 0 2 0 0 0 2 0 0 2 2 0 0 2 2 2 0 0 2 2 2 2 2 0 2 2 2 0 2 0 2 0 2 2 2 2 2 2 2 2 0 2 2 0 0 0 2 0 0 0 0 0 2 2 0 0 2 2 0 2 2 2 0 2 2 0 2 0 2 2 2 0 2 2 2 0 2 2 0 0 0 0 2 2 0 0 2 2 2 2 2 0 2 2 2 0 0 2 2 0 0 2 2 2 2 0 2 2 1 2 0 2 0 2 2 2 0 0 2 0 0 2 2 2 2 2 2 2 2 2 0 1 2 2 0 2 2 0 0 2 2 2 2 2 2 0 2 0 2 2 2 2 2 0 0 2 0 2 2 0 0 0 2 0 2 2 2 2 2 2 2 2 0 0 2 2 2 0 0 2 2 2 2 2 2 2
954 0 2 0 2 2 2 0 2 2 0 0 2 2 2 2 2 0 2 0 0 2 2 2 2 2 2 2 2 2 0 2 2 2 2 2 2 2 2 0 0 0 2 2 2 0 0 2 0 2 2 0 2 2 2 2 2 2 2 0 2 0 2 2 0 2 2 2 2 2 2 2 2 2 2 0 0 0 2 0 2 2 2 2 2 2 2 0 2 0 2 2 0 2 2 2 2 2 2 2 0 2 2 2 2 2 2 2 0 2 2 2 2 2 0 0 0 2 2 2 2 2 2 2 2 0 0 0 0 2 0 2 2 2 2 2 2 2 2 2 0 0 2 2 2 2 2 2 2 2 0 2 2 2 2 2 2 2 2 2 0 2 2 2 2 0 2 2 2 2 0 2 2 0 2 2 2 2 2 0 0 2 2 2 2 2 2 2 0 2 0 1 2 2 0 2 2 2 0 0 2 2 0 2 2 2 2 2 2 2 0 2 2 0 2 2 2 2 1 2 2 2 0 2 2 2 2 2 2 0 2 2 2 0 2 2 2 2 0 2 1 2 2 2 2 2
955 0 0 0 2 2 0 2 0 2 0 2 2 2 0 2 0 0 2 0 2 0 0 2 0 2 2 0 0 2 0 2 0 2 2 0 2 2 0 2 0 0 2 0 0 0 0 0 0 0 2 0 0 0 0 2 2 0 0 0 2 2 0 0 0 0 2 0 0 2 2 0 0 2 0 0 0 0 2 2 2 0 2 0 2 2 0 0 2 0 0 0 2 2 2 2 2 2 0 0 0 2 0 0 2 0 2 0 2 2 0 0 2 2 0 0 2 0 0 0 2 2 0 0 0 2 2 0 0 2 0 2 2 0 2 2 0 2 2 0 0 0 0 0 0 0 0 0 0 1 0 0 0 0 2 0 0 2 2 0 0 2 0 2 2 0 2 2 1 0 0 2 2 0 0 0 0 0 2 0 0 0 0 0 0 0 0 2 0 0 0 1 0 2 2 2 0 0 2 0 0 2 0 0 0 2 2 2 2 0 0 2 0 0 0 2 0 0 1 0 0 0 2 0 2 0 2 0 0 2 0 2 2 0 2 0 0 2 0 0 1 0 0 2 2 2
956 2 2 0 0 0 2 2 2 2 2 2 0 0 2 2 2 2 0 2 2 2 2 0 2 0 0 2 2 0 2 2 2 0 0 2 2 0 2 2 0 0 0 2 2 2 0 2 2 2 0 2 2 2 0 0 0 2 2 0 0 2 0 2 0 2 0 2 0 0 0 2 2 0 2 2 2 0 0 2 2 2 1 2 0 0 2 0 0 0 2 2 2 0 2 0 0 2 2 2 0 0 2 2 2 0 0 0 2 0 2 0 0 2 2 0 2 2 0 0 0 2 2 2 2 2 2 0 2 0 0 2 0 2 0 0 2 2 2 0 2 2 2 2 2 0 2 2 0 2 2 0 0 2 0 2 2 0 2 2 0 2 2 0 2 2 2 0 0 2 0 2 0 2 2 2 2 0 0 0 2 2 0 2 2 2 2 2 0 2 2 2 2 0 0 2 2 2 2 0 1 0 2 2 0 0 2 0 0 2 2 2 0 0 0 2 0 2 2 0 0 0 2 0 0 2 0 2 2 2 2 0 0 2 0 0 0 0 2 0 0 2 2 0 2 2
957 2 2 2 2 2 2 2 0 0 0 0 2 2 0 2 2 0 2 0 0 2 0 2 0 2 2 2 0 2 0 0 0 2 2 2 2 2 2 0 2 2 2 2 0 2 2 2 0 2 2 0 0 0 2 2 2 2 2 2 2 2 2 2 2 2 2 2 2 2 2 2 2 2 0 0 0 2 2 2 2 2 2 2 2 2 2 2 2 2 2 2 0 2 2 2 2 2 2 0 2 2 0 2 0 2 2 2 2 2 2 2 2 2 0 2 2 2 2 2 2 2 2 2 0 2 2 2 0 2 2 2 2 0 2 2 2 2 2 2 0 2 0 2 0 2 2 0 2 2 2 2 2 2 2 2 2 2 2 1 2 0 2 2 2 0 2 2 2 0 2 0 2 0 2 2 2 2 2 2 0 0 2 2 2 2 2 2 2 0 0 1 0 2 2 2 2 2 2 2 1 2 0 0 2 2 2 2 2 2 2 0 2 2 2 2 2 0 1 2 2 2 2 2 2 2 2 0 2 2 2 2 2 0 2 2 2 2 0 2 2 2 0 2 2 2
958 0 0 0 0 2 0 0 0 0 0 0 2 2 0 0 0 0 0 0 0 0 0 2 0 2 0 0 0 0 0 0 0 2 2 0 0 2 0 0 0 0 2 0 2 0 0 0 0 0 0 0 0 0 0 2 2 0 0 0 0 0 0 0 2 0 2 0 0 2 0 0 0 2 0 0 0 0 2 0 0 0 0 0 2 0 0 0 2 0 0 0 0 2 0 2 2 0 2 0 0 0 0 0 0 0 0 2 0 2 0 0 0 0 0 0 0 0 2 0 2 0 0 0 2 0 0 0 0 2 0 0 2 0 2 0 0 0 0 2 0 0 0 0 0 2 0 0 0 0 0 0 0 0 2 0 0 2 0 1 2 0 0 2 0 0 0 2 1 0 2 0 0 0 0 0 0 2 2 2 0 0 2 0 0 0 0 0 0 2 0 0 0 2 0 0 0 0 0 0 0 2 0 0 0 0 0 0 2 0 0 0 0 0 2 0 2 0 0 0 2 2 0 0 2 0 2 0 0 0 0 2 2 0 0 0 0 2 0 0 1 0 0 2 0 0
959 2 2 2 2 2 2 2 2 2 2 2 2 2 0 2 2 2 2 2 2 2 2 2 0 2 2 2 2 2 2 2 2 2 2 2 2 2 2 2 2 2 2 2 2 2 2 0 2 2 2 2 0 2 2 2 2 2 2 2 2 2 2 2 2 2 2 2 2 2 2 0 2 2 2 2 2 2 2 0 2 2 2 2 2 2 2 2 2 2 2 2 2 2 2 2 2 2 2 2 2 2 0 2 2 2 2 2 2 2 2 2 0 2 2 2 2 2 2 0 2 2 2 2 2 2 2 2 2 2 2 2 2 2 2 2 2 0 2 2 2 2 2 2 2 2 2 0 2 2 2 2 0 2 2 0 2 2 0 2 2 2 2 2 2 2 2 2 2 0 2 2 2 2 2 2 2 2 2 2 2 2 2 2 2 2 2 2 2 2 2 2 2 2 2 2 2 2 2 2 1 2 2 2 0 2 2 2 2 0 2 2 0 2 2 2 2 2 2 0 2 2 2 2 2 2 2 2 2 2 2 2 2 2 2 0 2 2 2 0 2 2 2 2 2 2
960 2 2 2 2 2 2 2 2 2 2 2 2 2 2 2 2 2 2 2 2 2 2 2 2 2 2 2 2 2 2 2 2 2 2 2 2 2 2 2 2 2 2 2 2 2 2 2 2 2 2 2 2 2 2 2 2 0 2 2 2 2 2 2 2 0 2 2 2 2 2 2 2 2 2 2 2 2 2 2 2 2 2 2 2 2 2 2 2 2 2 0 2 2 2 2 2 2 2 2 2 2 0 2 2 2 2 2 2 2 2 2 2 2 2 2 2 2 2 2 2 2 2 2 2 2 2 2 2 2 2 0 2 0 2 2 2 2 2 2 2 2 2 2 2 2 2 2 2 2 0 2 0 2 2 2 2 2 2 2 2 2 2 2 2 2 2 2 2 2 2 2 2 2 2 2 2 2 2 2 2 2 2 2 2 2 2 2 2 2 2 2 2 2 2 2 2 2 2 2 2 2 2 2 2 2 0 2 2 2 0 2 2 2 2 2 2 2 2 2 2 2 2 2 2 2 2 2 2 2 0 2 2 2 0 2 2 0 2 2 2 2 2 2 2 0
961 2 0 2 2 2 2 2 2 2 2 2 2 2 2 2 2 0 2 2 2 2 2 2 2 0 2 2 2 2 2 2 2 0 2 2 1 0 0 2 2 2 0 2 2 2 2 2 2 2 2 2 2 2 2 2 2 2 0 2 2 2 2 0 2 0 2 0 2 0 0 2 2 0 2 0 2 2 2 0 2 2 1 2 0 2 2 2 0 2 2 2 2 2 0 0 0 2 2 2 2 2 0 0 2 0 2 2 2 0 0 2 2 0 2 2 2 2 2 2 0 2 2 2 2 0 2 2 2 0 0 0 2 2 0 0 2 0 0 2 0 2 2 2 2 2 2 2 2 2 0 2 2 2 2 2 2 2 0 2 2 2 2 0 2 0 2 0 2 2 2 2 2 0 2 2 0 2 2 2 2 2 2 2 2 2 2 2 0 2 2 2 2 0 0 0 2 2 2 2 2 2 0 0 2 0 2 2 2 2 0 2 2 2 2 2 2 0 2 2 2 2 2 2 0 2 2 2 2 2 2 2 0 2 2 2 2 0 2 2 2 2 0 2 2 2
962 2 0 2 2 2 2 2 2 2 2 0 0 2 2 2 0 2 2 2 0 2 2 2 2 2 0 2 2 2 2 2 2 0 2 2 2 2 0 2 2 2 0 2 2 2 2 2 2 2 2 2 2 2 2 2 2 2 0 2 2 2 2 2 2 2 2 0 2 0 0 2 2 0 2 2 2 2 0 0 2 2 2 0 2 0 2 2 0 2 2 2 2 2 2 2 0 2 2 2 2 2 2 0 2 2 2 2 2 2 0 2 0 2 2 2 2 2 2 0 0 2 2 2 2 0 2 2 2 2 2 2 2 2 0 2 2 2 2 2 2 2 2 2 2 2 2 2 2 2 2 2 2 2 2 0 2 2 2 2 2 2 2 2 2 2 2 2 2 2 2 2 2 2 2 2 0 2 2 2 2 2 2 2 2 2 2 2 2 2 2 2 2 0 2 2 2 2 0 2 2 2 2 2 0 2 2 2 2 2 2 2 2 2 2 2 2 2 2 0 2 2 2 2 2 2 2 2 2 2 2 2 2 2 2 2 2 2 2 0 2 2 2 2 2 2
963 2 2 2 2 2 2 0 2 2 2 2 2 2 2 2 2 2 2 0 2 2 2 2 2 2 2 2 2 2 0 2 2 0 2 2 2 2 2 2 2 2 0 2 2 2 2 2 2 2 2 2 2 2 2 2 2 2 2 2 2 2 2 2 2 2 2 2 2 2 2 2 2 2 2 2 0 2 2 2 2 2 2 2 2 2 2 2 2 2 2 2 2 2 2 2 0 2 2 2 2 2 2 2 2 2 2 2 2 2 2 2 0 2 2 2 2 2 2 2 0 2 2 2 2 2 0 2 2 2 2 2 2 2 0 2 2 2 2 2 2 2 2 2 2 2 2 2 2 2 2 2 2 2 2 2 2 2 2 2 2 2 2 2 2 2 2 2 2 2 2 2 2 2 2 2 2 2 2 2 2 2 2 2 2 2 2 0 2 2 2 2 2 2 2 2 2 2 2 2 2 2 2 2 2 2 2 2 2 2 2 2 0 2 2 0 2 2 1 0 2 2 0 2 2 2 2 2 2 0 2 2 2 2 2 0 2 2 2 2 2 2 2 2 2 2
964 2 2 0 2 2 2 2 2 0 2 2 2 2 2 2 2 2 2 2 2 2 2 2 2 2 2 2 2 2 2 0 2 2 2 2 2 2 2 2 0 2 2 2 0 2 0 2 2 2 0 2 2 2 2 2 2 2 2 0 0 0 2 2 2 0 2 2 2 2 2 2 2 2 2 2 2 0 2 2 2 2 2 2 2 2 2 0 2 2 2 0 2 2 2 2 2 2 2 2 0 2 2 2 0 2 2 2 2 2 2 2 2 2 2 2 2 2 2 2 2 2 2 2 0 2 2 2 2 2 2 2 2 2 2 2 2 0 2 2 2 2 2 2 2 2 2 2 2 2 2 2 2 2 2 2 2 2 0 1 2 2 2 2 2 2 2 2 2 0 2 2 2 2 2 2 2 2 2 2 2 2 0 2 2 2 2 2 2 2 2 2 2 2 2 2 2 2 2 2 2 2 2 2 2 2 2 2 2 2 2 2 2 0 2 2 2 2 2 2 2 2 2 2 2 2 2 2 2 2 2 2 2 2 2 2 2 2 2 2 2 2 2 2 2 2
965 2 2 2 2 2 2 2 2 0 0 0 2 2 2 2 2 2 2 2 0 2 2 2 2 2 2 2 2 2 2 2 2 2 2 2 2 2 2 2 2 2 2 2 2 2 2 2 2 2 2 2 2 2 2 2 2 2 2 2 2 2 2 2 2 2 2 2 2 2 2 2 2 2 2 2 2 2 2 2 2 2 2 2 2 2 2 2 2 2 2 2 2 2 2 2 2 2 2 2 2 2 2 2 2 2 2 2 0 2 2 2 2 2 2 2 0 2 2 2 2 2 0 0 2 2 2 2 2 2 2 2 2 2 2 2 2 2 2 2 2 0 2 2 2 2 2 2 2 2 2 2 2 2 2 2 2 2 2 2 2 2 2 2 2 2 2 2 2 2 2 2 2 2 2 2 2 2 2 2 0 2 2 2 2 2 2 2 2 2 0 1 2 2 2 2 2 2 2 2 2 2 2 2 2 2 2 2 2 2 2 2 2 2 2 2 2 2 2 2 2 2 2 2 2 2 2 2 2 2 2 2 2 0 2 2 2 2 1 2 2 2 2 2 2 2
966 0 2 2 2 2 2 0 2 2 2 2 2 2 2 2 2 2 2 2 2 2 2 2 2 2 2 2 2 2 2 2 2 0 2 2 2 2 2 2 2 2 0 2 2 0 2 2 0 2 2 2 2 2 2 2 2 2 2 2 2 2 2 2 2 0 2 2 2 2 2 2 2 2 2 2 2 2 2 2 2 2 2 2 2 2 2 2 2 2 2 2 2 2 2 2 0 2 2 2 2 0 2 2 2 2 2 2 2 2 2 2 0 2 2 2 2 2 2 2 0 2 2 2 2 2 0 2 2 2 2 2 2 2 0 2 2 2 2 2 2 2 2 2 2 2 2 2 2 2 2 2 2 2 2 2 2 2 2 2 2 0 2 2 2 2 2 2 2 2 2 2 2 2 2 2 2 2 2 2 2 2 2 2 2 2 2 0 2 2 2 2 2 2 2 2 2 2 2 2 2 2 2 2 2 2 2 2 2 2 2 0 0 2 2 0 2 2 1 2 2 2 0 2 2 2 2 2 2 0 2 2 2 2 2 0 2 2 2 2 2 2 2 2 2 2
967 0 0 0 0 0 0 0 0 0 0 0 0 0 0 0 0 0 0 0 0 0 0 0 0 0 0 0 0 0 0 0 0 0 0 0 1 0 0 0 0 0 0 0 0 0 0 0 0 0 0 0 0 0 0 0 0 0 0 0 0 0 0 0 2 0 0 0 2 0 0 0 0 0 0 0 0 0 0 0 0 0 0 0 0 0 0 0 0 0 0 0 0 0 2 0 0 0 0 0 0 0 0 0 0 0 0 0 0 0 0 0 0 2 0 0 0 0 2 0 0 0 0 0 0 0 0 0 0 0 0 0 0 0 0 0 0 2 2 2 0 0 0 0 0 0 0 0 0 1 0 0 0 0 0 0 0 0 2 0 2 0 0 0 0 0 0 0 2 0 2 0 0 0 0 0 0 0 0 2 0 0 0 0 0 0 0 0 0 0 0 0 0 0 0 0 0 0 0 0 0 0 0 0 0 0 0 0 0 0 0 0 0 0 0 0 0 0 0 0 2 0 0 2 0 0 0 0 2 0 2 0 0 0 0 0 0 0 0 0 0 0 0 0 0 0
968 2 2 0 2 2 2 2 2 0 0 0 2 2 0 2 2 2 0 2 0 0 2 2 0 2 2 2 2 0 2 0 2 2 2 2 2 2 2 2 2 0 2 2 2 2 0 2 0 2 2 2 2 2 2 2 2 2 2 0 2 2 2 2 2 2 2 2 2 2 2 2 0 2 2 2 2 0 2 2 2 2 2 2 2 2 2 0 2 2 2 2 2 2 2 2 2 2 0 2 0 2 2 2 0 2 2 2 2 2 2 2 0 2 0 0 0 2 2 2 2 2 0 0 2 2 2 2 2 2 2 2 0 2 2 0 2 2 2 2 2 0 2 2 2 2 2 2 2 2 2 2 2 2 2 2 2 2 2 1 2 2 0 2 2 2 2 0 2 2 2 2 2 2 2 2 2 2 2 2 0 2 2 2 2 2 2 2 0 2 0 1 2 2 2 2 2 2 2 2 2 2 2 2 2 0 2 2 2 2 2 2 2 0 2 2 2 2 1 0 2 2 2 2 0 0 2 2 2 2 2 2 0 0 0 2 2 2 0 2 2 2 2 2 2 2
969 2 2 0 2 2 2 2 0 2 2 2 2 2 2 2 2 2 2 0 2 2 2 2 2 2 2 2 2 2 0 0 2 2 2 2 1 2 2 2 2 0 2 0 2 2 0 0 2 0 2 2 0 2 0 2 2 0 2 0 2 2 0 0 2 2 2 2 2 0 0 0 2 2 2 2 0 0 2 2 0 0 1 0 2 2 2 0 2 0 2 0 2 2 0 2 2 2 2 0 0 2 2 2 0 0 0 2 2 2 2 0 2 0 2 0 2 2 2 2 2 2 2 2 2 2 2 2 0 2 2 2 2 2 2 2 2 0 0 2 2 2 2 2 2 0 2 0 0 1 0 2 0 0 2 2 0 2 0 2 2 2 2 2 2 2 2 0 1 0 2 2 2 2 2 2 0 2 2 2 2 2 2 2 2 0 2 2 2 0 2 2 2 2 2 2 2 0 2 2 0 2 2 2 2 2 2 0 2 0 0 2 2 0 0 2 0 2 2 2 2 0 2 2 2 2 2 2 0 2 0 2 2 2 2 2 0 0 2 2 2 2 2 2 2 2
970 2 2 0 2 2 2 2 2 2 2 2 2 2 2 2 2 2 2 2 2 2 2 2 2 0 2 2 2 2 2 2 2 2 0 2 1 2 2 2 2 2 2 2 2 2 0 2 2 0 2 2 2 0 2 2 2 2 2 0 2 2 2 2 2 2 2 2 2 2 2 2 2 2 0 2 2 0 2 2 2 2 1 0 2 2 2 0 2 0 2 2 2 2 2 2 2 2 2 2 0 2 2 2 2 2 0 2 0 2 2 2 2 2 2 2 2 2 2 2 2 2 2 2 2 2 2 2 2 2 2 0 2 2 2 2 2 2 0 2 2 2 2 2 2 2 2 2 2 1 2 2 2 2 2 2 0 2 2 2 2 2 2 2 2 2 2 2 1 2 2 0 2 2 0 0 2 2 2 2 2 2 2 0 2 0 0 2 2 2 2 2 2 2 2 2 2 2 2 2 0 2 2 2 2 2 2 2 2 2 2 2 2 0 2 2 2 2 2 2 2 2 2 2 2 2 2 2 2 2 2 2 2 2 2 2 2 0 2 2 2 2 2 2 2 2
971 0 0 2 2 2 2 0 2 0 0 0 2 2 2 2 0 2 0 0 0 2 2 0 2 2 0 2 2 0 0 2 2 0 2 2 2 0 0 2 0 2 0 2 2 0 2 2 0 2 0 2 2 2 0 0 0 0 0 2 0 2 2 0 2 2 2 0 2 2 2 2 2 2 2 2 0 2 2 0 2 0 2 2 0 0 2 2 0 2 2 2 2 0 2 2 0 2 2 2 2 0 2 0 2 2 2 2 2 2 0 2 2 2 2 2 0 2 2 2 0 2 0 0 2 0 0 0 0 2 2 2 0 2 0 2 2 2 2 2 0 0 2 2 2 2 0 2 0 2 2 2 0 2 2 0 2 2 2 2 2 0 0 2 2 0 2 2 2 2 2 2 0 2 2 2 0 0 2 2 0 2 2 2 2 2 2 0 0 0 0 1 2 0 0 0 2 0 2 2 2 2 0 2 2 2 0 2 2 2 2 0 0 2 2 0 2 2 1 0 2 2 0 2 0 0 0 2 0 0 2 2 2 0 0 0 0 2 0 2 2 2 2 2 2 2
972 2 2 2 2 0 2 0 2 2 2 2 2 0 2 2 2 2 2 2 2 2 2 2 2 2 2 2 2 2 2 2 2 2 2 2 2 2 2 2 2 2 2 2 2 2 2 2 2 2 2 2 2 2 2 2 2 2 2 2 2 2 2 2 2 2 0 2 2 2 2 2 2 2 2 2 2 2 2 2 2 2 2 2 2 2 2 2 2 2 2 1 2 2 0 2 2 2 2 2 2 2 0 2 2 2 2 0 2 2 2 2 2 0 2 2 2 2 2 2 2 2 2 2 2 2 0 2 2 2 0 2 2 0 2 2 2 0 2 2 2 2 2 2 2 2 2 2 2 2 2 2 2 2 0 2 2 2 0 2 2 2 2 2 2 2 2 0 2 2 2 2 2 2 2 2 2 2 0 2 2 2 2 2 2 2 2 0 2 0 2 2 2 2 2 2 2 2 2 2 2 2 2 2 0 2 2 2 2 2 2 2 0 2 2 0 2 2 2 2 2 2 0 2 2 2 2 2 2 0 2 0 2 2 2 0 2 2 2 2 2 2 0 2 0 2
973 2 2 2 0 2 2 2 2 2 2 2 0 2 0 2 2 2 2 2 2 0 0 2 0 2 2 2 0 2 2 0 0 2 2 2 2 2 2 2 2 0 2 2 2 2 2 2 0 2 2 0 2 2 2 2 2 0 2 2 2 0 2 2 0 2 2 2 0 2 2 2 2 2 2 2 2 2 0 2 2 0 2 2 2 2 2 2 2 2 2 2 2 2 2 2 2 2 0 2 2 0 2 2 0 2 0 2 2 2 2 2 2 2 0 0 2 2 0 2 2 2 2 2 2 2 2 0 0 2 2 2 2 2 2 0 2 2 2 0 2 2 2 2 2 0 2 2 2 2 2 2 0 2 2 2 2 2 2 2 0 2 2 2 2 2 2 2 1 2 0 2 0 2 2 2 2 0 2 0 2 2 2 2 2 2 2 2 2 2 2 1 2 2 2 2 2 2 2 2 2 0 2 2 2 0 0 2 2 2 2 2 2 2 0 2 0 2 2 2 0 0 2 0 2 2 2 2 2 2 2 2 2 2 2 2 2 2 2 2 2 2 2 2 2 2
974 0 0 0 0 0 0 0 0 0 0 0 0 0 0 0 0 0 0 0 0 2 0 0 0 0 0 0 0 0 0 0 0 0 0 0 0 0 0 0 2 0 0 0 0 0 0 0 0 0 0 0 0 0 0 0 0 0 0 0 0 0 0 0 0 0 0 0 0 0 0 0 0 0 0 0 0 0 0 0 0 0 1 0 0 0 0 0 0 0 0 0 0 0 0 0 0 0 0 0 0 0 0 0 0 0 0 0 0 0 0 0 0 0 0 0 0 0 0 0 0 0 0 0 0 0 0 0 0 0 0 0 0 2 0 0 0 2 0 0 0 0 0 0 0 0 0 0 0 0 0 0 0 0 0 0 0 0 2 0 0 0 0 0 2 0 0 2 0 0 0 0 2 0 0 0 0 0 0 0 0 2 0 0 0 0 0 0 0 0 0 0 2 0 0 0 0 0 0 0 0 0 0 0 0 0 0 0 0 0 0 0 0 0 0 0 0 0 0 0 0 0 0 0 0 0 0 2 0 0 0 2 0 0 0 0 0 0 0 0 0 0 0 2 0 2
975 0 2 0 0 0 0 0 0 0 0 0 0 0 0 2 0 0 0 0 0 0 0 2 0 0 0 2 0 0 0 0 0 0 0 2 1 2 2 0 2 0 0 2 2 0 0 2 0 0 2 0 2 0 2 2 2 0 2 0 2 0 0 2 2 0 0 2 2 0 0 2 2 0 0 0 0 0 0 2 2 0 0 2 2 0 2 0 2 0 2 2 0 2 0 0 0 2 0 0 0 0 0 2 0 0 0 0 0 0 2 2 2 0 0 0 0 0 2 0 0 2 0 0 2 2 0 0 0 0 0 0 2 0 0 0 2 0 0 2 2 0 0 2 0 0 2 2 0 1 0 0 0 2 0 2 0 0 0 0 2 0 2 0 0 2 0 0 1 2 2 2 0 0 2 0 0 0 0 2 0 0 0 2 2 2 0 0 2 0 0 0 0 2 0 2 2 0 0 0 1 0 2 0 0 0 2 0 0 2 0 0 0 0 0 0 0 0 1 0 2 0 0 2 0 2 2 0 0 0 0 0 2 0 0 0 0 0 0 0 0 0 0 0 0 0
976 2 0 0 0 0 0 2 2 0 0 2 0 0 0 0 0 2 0 2 2 2 0 2 0 2 0 2 0 0 2 0 0 0 2 2 2 2 0 0 2 2 0 0 2 2 0 2 2 2 0 0 2 2 2 2 2 2 0 0 0 0 2 0 2 2 0 0 2 2 0 0 2 0 2 2 2 0 0 0 2 2 2 0 0 0 2 0 0 2 2 2 0 2 0 0 0 0 0 2 0 2 0 0 0 2 2 0 0 2 0 2 2 0 2 2 0 0 2 0 0 0 0 0 2 0 2 0 2 0 0 2 0 2 0 0 2 0 0 2 2 0 2 2 2 2 0 2 0 0 0 0 2 2 0 0 0 0 0 2 2 2 0 0 0 2 0 2 1 2 2 2 2 2 0 2 0 2 0 2 0 2 2 2 2 2 2 2 0 2 2 1 2 0 2 2 2 0 0 2 2 0 2 0 2 0 2 2 2 2 0 2 2 0 2 2 2 0 2 2 2 2 2 2 2 0 2 2 2 2 2 2 0 0 2 2 0 2 0 0 1 0 0 2 2 0
977 2 2 0 2 2 2 2 2 0 0 2 0 2 0 2 2 2 2 2 2 2 0 2 0 2 2 2 0 2 2 2 0 0 2 2 2 2 2 0 2 2 0 2 2 2 0 2 2 2 2 0 2 2 2 2 2 2 2 0 2 0 2 2 2 2 2 2 2 2 0 2 2 2 2 2 2 0 0 2 2 2 2 2 2 2 2 0 2 2 2 2 0 2 0 2 0 2 2 2 0 2 0 2 2 2 2 0 2 2 2 2 2 0 2 2 0 2 2 2 0 2 0 0 2 2 2 0 2 2 0 2 2 2 0 2 2 0 2 2 2 0 2 2 2 2 2 2 2 2 2 2 2 2 0 2 2 2 0 2 2 2 2 2 2 2 2 2 2 2 2 2 2 2 2 2 0 2 0 2 0 2 2 2 2 2 2 2 0 2 2 2 2 2 2 2 2 0 2 2 2 2 2 2 2 2 2 2 2 2 2 2 2 0 2 2 2 2 2 2 2 2 2 2 2 2 2 2 2 2 2 2 2 0 2 2 2 2 0 2 2 2 0 2 2 2
978 2 2 2 2 2 2 0 0 2 2 2 2 2 2 2 2 2 2 2 2 2 2 2 2 2 2 2 2 2 2 2 2 2 2 2 2 2 2 2 2 2 2 2 2 2 2 2 2 2 2 2 2 2 2 2 2 2 2 2 2 2 2 2 2 2 2 2 2 2 2 2 2 2 2 2 2 2 2 2 2 2 2 2 2 2 2 2 2 2 2 2 2 2 2 2 2 2 2 0 2 2 2 2 2 2 2 2 2 2 2 2 2 2 2 2 2 2 2 2 2 2 2 2 2 2 0 2 2 2 2 2 2 2 2 2 2 2 2 2 2 2 2 2 2 2 2 2 2 2 2 2 2 2 2 2 2 2 2 2 2 2 2 2 2 2 2 2 2 2 2 2 2 2 2 2 2 2 2 2 2 2 2 2 2 2 2 0 2 2 2 2 2 2 0 2 2 2 2 2 2 2 2 2 0 2 2 2 2 2 2 2 0 2 2 0 2 2 1 2 2 2 0 2 2 2 2 2 2 0 2 2 2 2 2 0 2 2 2 2 2 2 2 2 2 2
979 2 0 0 0 0 0 2 2 0 0 2 0 0 0 0 0 2 0 2 2 2 0 2 0 2 0 2 0 0 2 0 0 0 2 2 2 2 0 0 2 2 0 2 2 2 0 2 2 2 0 0 2 2 2 2 2 2 0 0 0 0 2 0 2 2 0 0 2 2 0 0 2 0 2 2 2 0 0 0 2 2 2 0 0 0 2 0 0 2 2 2 0 2 0 0 0 0 0 2 0 2 0 0 0 2 2 0 0 2 0 2 2 0 2 2 0 0 2 0 0 0 0 0 2 0 2 0 2 0 0 2 0 0 0 0 2 0 0 2 2 0 2 2 2 2 2 2 0 0 0 0 2 2 0 0 0 0 0 2 2 2 0 0 0 2 0 2 1 2 2 2 2 2 0 2 0 2 0 2 0 2 2 2 2 2 2 2 0 2 2 1 2 0 2 2 2 0 0 2 2 2 2 0 2 0 2 2 2 2 0 2 2 0 2 2 2 0 2 2 2 2 2 2 2 0 2 2 2 2 2 2 0 0 2 2 0 2 0 0 1 0 0 2 2 0
980 2 2 2 2 2 2 2 2 2 2 2 2 2 2 2 2 2 2 2 2 2 2 2 2 2 2 2 2 2 2 2 2 2 2 2 1 2 2 2 2 2 2 2 2 2 2 2 2 2 2 2 2 2 2 2 2 2 2 2 2 2 2 0 2 2 2 2 2 2 2 2 2 0 2 2 2 2 2 0 2 2 2 2 0 2 2 2 0 2 2 2 2 2 2 2 2 2 2 2 2 2 2 2 2 2 2 2 2 2 2 2 0 2 2 2 2 2 2 0 2 2 2 2 2 0 2 2 2 2 0 2 2 2 2 2 2 2 2 2 2 2 2 2 2 2 2 2 2 2 2 2 2 2 2 2 2 2 2 2 2 2 2 2 2 2 2 0 2 2 2 0 2 2 0 2 2 2 2 2 2 2 2 0 2 0 2 2 2 2 2 2 2 0 2 2 2 2 0 2 1 0 2 2 2 2 2 2 2 2 2 2 2 2 2 2 2 2 2 2 2 2 2 2 2 2 2 2 2 2 2 2 2 2 2 2 0 2 2 0 2 2 2 2 2 2
981 2 0 2 2 2 2 2 2 2 2 0 2 2 0 0 2 2 2 2 0 2 2 2 0 2 2 2 2 2 2 2 2 2 2 2 2 2 0 2 2 0 2 2 0 2 2 2 2 0 2 2 2 2 2 2 2 0 0 2 2 2 2 2 2 2 2 0 2 2 2 2 0 2 2 2 2 2 2 2 2 0 1 2 2 2 2 2 2 0 2 2 2 2 2 2 2 2 2 2 2 2 2 0 2 2 0 2 2 2 0 0 2 2 2 2 2 2 2 2 2 2 2 2 0 2 2 2 2 2 2 2 2 0 2 2 2 2 2 2 2 2 2 2 2 2 0 2 2 1 2 2 0 0 2 2 2 2 2 2 2 2 2 2 2 2 2 0 1 0 2 0 2 2 0 2 2 2 2 2 2 2 0 0 2 0 2 2 0 0 2 2 2 2 2 2 2 2 2 2 2 0 2 2 2 2 2 0 2 2 2 2 2 2 2 2 2 2 2 0 2 2 2 2 2 2 2 2 2 2 2 0 0 2 0 2 0 2 2 2 2 2 2 0 0 2
982 2 2 2 2 2 2 2 2 2 2 2 2 2 0 2 2 2 2 2 2 2 2 2 0 2 2 2 2 2 2 2 2 0 2 2 2 2 2 2 0 2 0 2 2 2 2 2 2 2 2 2 2 2 2 2 2 2 2 2 2 2 2 2 2 2 2 2 2 2 0 2 2 2 2 2 2 2 2 2 2 2 1 2 2 2 2 2 2 2 2 2 2 2 2 2 0 2 0 2 2 2 2 2 2 2 2 2 2 2 2 2 2 2 2 2 2 2 2 2 0 2 2 2 2 2 2 2 2 2 2 2 2 0 0 2 2 2 2 2 2 2 2 2 2 2 2 2 2 2 2 2 2 2 2 2 2 2 2 2 2 2 2 2 2 2 2 2 2 2 2 2 2 2 2 2 2 2 2 2 2 2 2 2 2 2 2 2 2 2 2 2 2 2 2 2 2 2 2 2 2 2 2 2 2 2 2 2 2 2 2 2 2 2 2 2 2 2 1 2 2 2 2 2 2 2 2 2 2 2 2 2 0 2 2 2 0 2 2 2 2 2 2 0 0 2
983 0 2 2 2 0 2 2 0 0 0 0 0 0 0 0 2 2 0 0 0 0 0 0 0 2 2 2 0 0 0 0 0 0 0 2 1 0 2 0 0 2 0 0 0 0 2 0 0 2 0 0 0 0 0 0 0 0 2 2 0 0 0 0 0 0 0 2 2 0 0 0 0 0 0 2 0 2 0 0 0 0 0 0 0 2 2 2 0 0 2 2 0 0 0 2 0 0 0 0 2 0 0 2 0 0 0 0 0 2 2 0 0 0 2 0 0 2 0 0 0 2 0 0 0 0 2 0 0 0 0 0 0 0 0 2 2 0 2 0 0 0 2 2 0 0 0 0 0 1 2 2 0 0 0 2 0 2 0 1 0 0 0 2 0 0 2 2 0 0 0 2 2 2 0 0 0 0 0 0 0 2 0 2 2 0 0 2 0 0 0 1 2 0 0 0 2 0 2 0 0 2 0 2 2 2 0 0 0 0 2 0 2 2 0 2 0 2 1 0 0 0 2 2 0 0 0 2 0 2 0 0 0 0 0 2 2 0 0 0 1 2 0 0 0 2
984 2 0 0 0 2 0 0 2 2 2 2 2 2 2 2 0 0 2 2 2 2 2 2 2 0 0 0 2 2 2 2 2 2 2 0 1 2 0 2 2 1 2 2 2 2 0 2 2 0 2 2 2 2 2 2 2 2 0 0 2 2 2 2 2 2 2 0 2 1 2 2 2 2 2 0 2 0 2 2 2 2 1 2 2 0 0 0 2 2 0 0 2 2 0 0 2 2 2 2 0 2 0 0 2 2 2 2 2 0 0 2 2 2 0 2 2 0 2 2 2 0 2 2 2 2 0 2 2 2 2 2 2 1 2 0 0 0 0 1 2 2 0 0 2 2 2 2 2 1 0 0 2 2 2 2 2 0 0 1 2 2 2 0 0 2 0 0 2 2 2 0 0 0 2 2 1 2 2 2 2 0 2 0 0 2 2 0 2 2 2 0 0 2 2 2 0 2 0 2 2 0 2 0 0 0 2 2 2 2 0 2 0 0 2 0 2 0 1 2 2 2 0 2 2 2 2 0 2 0 2 2 1 2 2 0 2 2 2 2 1 0 1 1 1 0
985 2 2 2 2 2 2 2 2 2 2 2 2 2 2 2 2 2 2 2 2 2 2 2 2 2 2 2 2 2 2 2 2 2 2 2 2 2 2 2 2 2 2 0 2 2 2 2 2 2 2 2 2 2 2 2 2 2 2 2 2 2 2 2 0 2 2 2 2 0 2 0 2 2 2 2 2 2 2 2 0 2 2 2 2 2 2 2 2 2 2 2 2 2 2 2 2 2 2 2 2 0 2 2 2 2 2 2 2 2 2 0 2 2 2 2 2 2 0 2 2 2 2 2 2 2 2 2 2 2 2 2 2 2 2 2 2 2 2 0 2 2 2 2 2 0 2 2 2 2 2 2 2 2 2 2 2 2 2 1 0 0 2 2 2 2 2 2 1 0 0 2 2 2 2 2 2 0 2 0 2 2 2 2 2 2 2 2 2 2 2 2 2 2 2 2 2 2 2 2 2 2 2 2 2 2 2 0 2 2 2 0 2 2 0 2 0 2 2 0 0 0 2 2 2 2 2 2 2 2 2 2 1 2 0 2 2 2 2 2 2 2 2 2 2 2
986 0 2 2 2 2 2 2 2 2 2 2 2 2 2 2 2 2 2 0 2 2 2 0 2 2 2 2 2 2 0 2 2 0 2 2 2 0 2 2 2 2 0 2 2 0 2 2 0 2 2 2 2 2 2 0 0 2 2 2 2 2 0 2 2 2 2 2 2 2 0 2 2 2 2 2 0 2 2 2 2 2 2 2 2 2 2 2 2 2 2 2 2 0 2 2 0 2 2 2 2 2 2 2 2 2 2 2 2 2 2 2 2 2 2 2 2 2 2 2 0 2 2 2 2 2 2 2 2 2 2 2 0 2 1 2 2 2 2 2 2 2 2 2 2 2 2 2 2 2 2 2 2 2 2 2 2 2 2 2 2 2 2 2 2 2 2 2 2 2 2 2 2 2 2 2 0 2 2 2 2 2 2 2 2 2 2 2 0 2 0 1 2 2 2 2 2 0 2 2 2 2 2 2 2 2 2 2 2 2 2 2 2 2 2 2 2 2 2 2 2 2 2 2 0 2 0 2 2 2 2 2 2 2 2 2 2 2 2 2 2 2 2 2 2 2
987 2 2 2 2 2 2 2 2 2 2 2 2 2 2 2 2 2 2 2 2 2 2 2 2 2 2 2 2 2 2 0 2 2 2 2 1 2 2 0 0 2 2 2 1 2 2 0 2 2 0 2 0 0 0 2 2 0 2 2 1 2 2 2 2 0 2 2 2 2 2 2 0 2 1 2 2 2 2 2 0 0 1 2 2 2 2 2 2 0 2 2 0 2 2 2 2 1 0 2 2 0 2 2 0 0 0 2 2 2 2 2 2 2 2 2 2 2 2 2 2 2 0 2 0 2 2 2 0 0 2 2 2 2 2 2 2 2 2 2 2 2 2 2 0 2 2 0 1 2 2 2 0 2 2 2 0 2 2 1 2 0 2 2 2 2 2 2 2 0 2 2 2 2 0 2 2 2 2 2 2 2 2 2 2 2 2 2 2 0 2 2 2 2 2 2 2 2 2 2 1 2 2 2 2 2 2 2 2 0 2 0 2 2 2 2 2 2 2 2 2 2 2 2 2 2 2 2 2 2 2 0 2 2 2 2 2 2 2 2 2 2 2 2 2 2
988 2 2 2 2 2 2 2 2 2 2 2 2 2 2 2 2 2 2 2 2 2 2 2 2 2 2 2 2 2 2 0 2 2 2 2 2 2 2 2 0 2 2 2 2 2 2 2 2 2 0 2 2 2 0 2 2 0 2 2 0 2 2 2 2 2 2 2 2 2 2 2 2 2 2 2 2 2 2 2 2 0 1 2 2 2 2 2 2 2 2 2 2 2 2 2 2 0 2 2 2 2 2 2 0 0 2 2 2 2 2 2 2 2 2 2 2 2 2 2 2 2 2 2 2 2 2 2 0 0 2 2 2 2 2 2 2 2 2 2 2 2 2 2 0 2 2 2 0 2 2 2 0 2 2 2 0 2 2 1 2 2 2 2 2 2 2 2 2 2 2 2 2 2 0 2 2 2 2 2 2 2 2 2 2 2 2 2 2 2 2 2 2 2 2 2 2 2 2 2 1 2 2 2 2 2 2 2 2 2 2 2 2 2 2 2 2 2 2 2 2 2 2 2 2 2 2 2 2 2 2 2 2 2 2 2 2 2 2 2 2 2 2 2 2 2
989 2 2 2 2 2 2 2 2 2 2 2 2 2 2 2 2 2 2 2 2 2 2 2 2 2 2 2 2 2 2 0 2 2 2 2 1 2 2 0 0 2 2 2 0 2 2 0 2 2 0 2 0 0 0 2 2 0 2 2 0 2 2 2 2 0 2 2 2 2 2 2 0 2 0 2 2 2 2 2 0 0 1 2 2 2 2 2 2 0 2 2 0 2 2 2 2 0 0 2 2 0 2 2 0 0 0 2 2 2 2 2 2 2 2 2 2 2 2 2 2 2 0 2 0 2 2 2 0 0 2 2 2 2 2 2 2 2 2 2 2 2 2 2 0 2 2 0 0 2 2 2 0 2 2 2 0 2 2 1 2 0 2 2 2 2 2 2 2 0 2 2 2 2 0 2 2 2 2 2 2 2 2 2 2 2 2 2 2 0 2 2 2 2 2 2 2 2 2 2 1 2 2 2 2 2 2 2 2 0 2 0 2 2 2 2 2 2 2 2 2 2 2 2 2 2 2 2 2 2 2 0 2 2 2 2 2 2 2 2 2 2 2 2 2 2
990 0 2 2 2 0 2 2 2 2 2 2 2 0 2 2 2 2 2 2 2 2 2 0 2 2 2 2 2 2 2 2 2 2 2 2 2 0 2 2 2 2 2 2 2 0 2 2 2 2 2 2 2 2 0 0 0 0 2 2 2 2 0 2 2 2 0 2 2 2 2 2 2 2 2 2 2 2 2 2 2 0 0 2 2 2 2 2 2 2 2 2 2 2 0 2 2 2 2 2 2 2 0 2 2 2 2 0 2 2 2 2 2 0 2 2 2 2 2 2 2 2 2 2 2 2 2 2 0 2 2 2 2 2 2 2 2 2 2 2 2 2 2 2 2 2 2 2 2 2 2 2 0 2 0 2 0 2 2 2 2 2 2 2 0 2 2 2 2 2 2 2 2 2 2 2 2 2 0 2 2 2 2 2 2 2 2 2 0 2 0 1 2 2 2 2 2 2 2 2 2 2 2 2 2 2 2 2 2 2 2 2 2 2 2 2 2 2 2 2 2 2 2 2 2 2 2 2 2 2 2 0 2 2 0 2 2 0 2 2 2 2 2 2 2 2
991 2 2 2 2 0 2 2 2 2 2 2 2 0 2 2 2 2 2 2 2 2 2 0 2 2 2 2 2 2 2 2 2 2 2 2 2 0 2 2 2 2 2 2 2 2 2 2 2 2 2 2 2 2 2 0 0 2 2 2 2 2 2 2 2 2 0 2 2 2 2 2 2 2 2 2 2 2 2 2 2 2 2 0 0 2 2 2 2 2 2 2 2 2 2 2 2 0 2 2 2 2 2 2 2 2 2 2 2 2 2 2 2 2 2 2 2 2 2 2 2 2 2 2 2 2 2 2 2 2 2 2 2 2 2 2 2 2 2 2 2 2 2 2 2 2 2 2 2 2 2 2 2 2 2 2 2 2 2 2 2 2 2 2 2 2 2 2 2 2 2 2 2 2 2 2 2 2 2 2 2 2 2 2 2 2 2 0 0 2 2 2 2 2 2 2 2 2 0 2 2 2 2 2 2 2 2 2 2 2 2 2 0 2 2 0 2 2 1 2 2 2 0 2 2 2 2 2 2 0 2 2 2 2 2 0 2 2 2 2 2 2 2 2 2 2
992 2 2 2 2 2 2 2 2 2 2 2 2 2 2 2 2 2 0 2 2 2 2 2 2 2 2 2 2 0 2 2 2 2 2 2 2 2 2 2 2 2 2 2 2 2 2 2 2 2 2 2 2 2 2 2 2 2 2 2 2 2 2 2 2 2 2 2 2 2 2 2 2 2 2 2 2 2 2 2 2 2 2 2 2 2 2 2 2 2 2 2 2 2 2 0 2 2 2 2 2 2 2 2 2 2 2 2 2 0 2 2 2 2 2 2 2 2 2 2 2 2 2 2 2 2 2 2 2 2 2 0 2 2 2 2 2 2 2 2 2 2 2 2 2 2 2 2 0 2 2 2 2 2 2 2 0 0 2 2 2 2 2 2 2 2 2 0 2 2 2 0 0 2 0 2 2 2 2 2 2 2 2 2 2 2 0 2 2 2 2 2 2 2 2 2 2 2 2 0 2 2 2 2 2 2 2 2 0 2 2 2 2 2 2 2 2 2 2 2 2 2 2 2 2 2 2 2 2 2 2 2 2 2 2 2 2 2 2 2 1 2 2 2 2 2
993 2 2 2 2 2 2 2 2 2 2 2 2 2 2 2 2 2 2 2 2 2 2 2 2 2 2 2 2 2 2 2 2 2 0 2 2 2 2 2 2 2 2 2 2 2 2 2 2 2 2 2 2 2 2 2 2 2 2 2 2 2 2 0 2 2 2 2 2 0 2 2 2 2 2 2 2 2 2 0 2 2 2 0 2 2 2 2 0 2 2 2 2 2 2 2 2 2 2 2 2 2 2 2 2 2 2 0 2 2 2 2 0 2 2 2 2 2 2 2 2 0 2 2 2 2 2 2 2 2 2 2 2 2 2 2 2 2 2 2 2 2 2 2 2 2 2 2 2 2 2 2 2 2 0 2 2 2 2 2 2 2 2 0 2 2 2 2 2 2 2 2 2 2 0 0 2 2 0 2 2 2 2 2 2 2 2 2 0 2 2 2 2 0 2 0 2 2 2 2 2 2 2 0 2 2 2 2 2 2 2 2 2 2 2 2 2 0 2 2 2 2 2 2 2 2 2 2 2 2 2 2 2 2 2 2 2 2 2 2 1 2 2 2 2 2
994 0 0 2 2 0 0 0 2 2 2 2 2 0 2 2 2 0 2 2 2 2 2 2 2 2 2 0 2 2 2 2 2 0 2 0 0 2 0 2 0 2 0 2 2 0 2 2 2 2 2 2 2 0 2 2 2 0 0 2 2 2 0 2 2 0 0 0 2 2 0 2 0 0 0 0 2 2 2 2 0 0 1 2 2 2 0 2 2 2 0 2 2 2 0 2 0 0 2 2 2 2 0 0 2 2 0 2 2 0 0 2 2 0 2 2 2 0 2 2 0 2 2 2 2 2 0 2 0 0 0 2 0 0 0 2 0 0 2 2 2 0 0 2 0 2 2 2 0 1 2 2 0 2 2 2 2 2 0 1 0 0 2 2 2 2 2 2 2 2 0 0 2 0 0 2 2 2 2 0 0 2 2 0 0 0 2 2 2 0 0 1 2 2 2 2 0 2 0 0 0 0 2 2 2 2 0 2 0 2 2 0 0 2 2 0 2 2 1 2 2 2 0 2 2 2 2 2 0 0 2 2 2 0 2 0 2 2 0 2 1 0 0 0 0 0
995 0 2 2 2 0 0 0 0 2 2 2 2 0 2 2 2 0 2 2 2 2 2 2 2 2 2 0 2 2 2 2 2 2 2 2 0 2 2 2 2 2 2 0 2 2 2 0 0 2 2 2 0 0 2 2 2 0 2 2 2 2 0 2 2 0 0 2 2 2 2 2 0 2 0 0 2 2 2 2 0 0 2 2 2 2 0 2 2 0 2 2 2 2 0 2 2 0 2 0 2 0 2 2 2 0 2 2 2 0 2 2 2 0 2 2 2 0 2 2 2 2 2 2 2 2 0 2 2 0 2 2 2 2 2 2 0 2 2 2 2 2 0 2 0 2 2 0 0 1 2 2 0 2 2 2 2 2 2 1 0 0 2 2 2 2 2 2 2 2 0 0 2 0 0 2 2 2 2 0 2 2 2 0 0 2 2 0 2 2 0 1 2 2 0 2 0 2 2 0 0 0 2 2 2 2 0 2 0 0 2 0 0 2 2 0 2 2 1 2 2 2 0 2 2 2 2 2 2 0 2 0 2 2 2 0 2 2 2 2 1 0 2 2 2 2
996 0 2 2 2 0 2 2 2 2 2 2 2 0 2 0 0 2 2 2 2 2 2 2 2 2 0 2 2 2 2 2 2 2 2 2 1 2 2 2 2 0 2 2 2 2 2 2 2 2 2 2 2 2 2 2 2 2 2 2 2 2 2 2 2 2 0 2 2 2 2 2 2 2 2 2 2 2 2 2 2 2 2 2 2 0 2 2 2 2 2 2 2 2 0 2 2 0 2 2 2 2 2 2 2 2 2 2 2 2 2 2 2 0 2 2 2 2 2 2 2 2 0 2 2 0 2 0 2 2 2 2 2 2 2 0 2 2 0 2 2 2 2 2 2 2 2 2 2 1 0 2 2 2 2 2 2 2 2 2 0 2 2 2 2 2 2 2 1 2 0 2 2 2 2 2 2 2 2 0 2 2 0 2 2 2 2 2 2 2 0 1 2 2 2 2 2 2 2 2 2 2 2 2 2 0 2 2 2 2 0 2 0 2 2 0 2 2 0 0 2 2 0 2 2 2 2 2 2 0 2 2 2 2 2 0 2 0 2 2 2 2 2 2 2 2
997 2 2 2 2 2 2 2 2 2 2 2 2 2 2 0 2 2 2 2 2 2 2 2 2 2 2 2 2 2 2 2 2 2 2 2 1 2 2 2 2 2 2 2 2 2 2 2 2 0 2 2 2 2 0 2 2 2 2 2 2 2 2 2 0 2 2 2 0 2 2 2 0 2 2 2 2 2 2 2 2 2 1 2 2 2 2 2 2 2 2 2 2 2 2 2 2 2 0 2 2 2 2 2 2 2 2 2 0 2 2 2 2 2 2 2 2 2 2 2 2 2 2 2 2 2 2 2 2 2 2 2 2 2 2 2 2 2 2 0 2 2 2 2 2 0 2 2 2 1 2 2 2 2 2 2 2 2 2 2 0 2 2 2 2 2 2 2 0 2 0 2 2 2 2 2 2 2 2 0 2 2 2 2 2 2 2 2 2 2 2 2 2 2 2 2 2 2 2 2 2 2 2 2 2 2 2 2 2 2 2 2 2 2 0 2 0 2 2 0 0 0 2 0 2 2 2 2 2 2 2 2 2 2 0 2 2 2 2 2 2 2 2 2 2 2
998 2 2 2 2 2 0 0 2 2 2 2 0 2 2 2 2 0 2 2 2 2 0 2 2 2 2 0 0 2 2 2 0 2 2 0 1 2 2 2 0 2 2 2 2 2 2 2 2 2 2 0 2 2 2 2 2 2 2 2 2 0 2 2 2 2 2 2 2 0 2 2 2 2 2 0 2 2 0 2 2 2 2 2 2 2 0 2 2 2 0 2 2 2 2 2 2 2 2 2 2 2 0 2 2 2 2 2 2 0 2 2 2 2 2 2 2 0 0 2 2 2 2 2 2 0 0 2 0 0 0 2 2 0 2 2 0 0 2 2 2 2 0 2 2 2 2 2 2 1 2 2 2 2 2 2 2 2 0 2 2 2 2 2 2 2 2 2 2 2 2 2 2 0 0 2 2 2 2 2 2 2 0 2 0 0 2 2 2 0 2 2 2 2 0 0 0 2 2 0 2 0 2 2 2 2 2 2 0 2 2 2 2 2 2 2 2 2 1 2 2 2 2 2 2 2 2 2 2 2 2 2 2 2 2 2 2 0 2 2 1 0 2 2 0 0
999 0 2 2 2 2 2 2 2 2 2 0 2 2 2 0 2 2 2 2 2 2 2 2 2 2 2 2 2 2 2 2 2 2 2 2 0 2 2 0 2 2 2 2 2 2 2 2 2 2 2 2 2 2 2 2 2 2 2 2 2 2 2 2 2 2 2 2 2 2 2 2 2 2 2 2 2 2 2 2 2 0 1 2 2 2 2 2 2 2 2 2 0 2 2 2 2 2 2 2 2 2 0 2 2 2 2 2 2 2 2 2 2 2 2 2 2 2 2 2 2 2 2 2 2 2 2 2 0 2 2 2 2 2 2 2 2 2 2 2 2 2 2 2 2 2 2 2 2 1 2 2 0 2 2 2 2 2 2 2 0 2 2 2 2 2 2 2 2 2 0 2 2 2 0 2 2 2 2 0 2 2 0 2 2 0 2 2 2 0 0 1 2 2 2 0 2 2 2 2 2 2 2 2 2 2 2 2 2 2 2 2 2 2 2 2 2 2 2 2 2 2 2 2 2 2 2 2 2 2 2 2 2 2 0 2 2 0 2 2 2 2 2 2 0 0
1000 2 0 2 2 2 2 0 0 2 2 2 0 2 2 0 2 2 2 2 2 0 0 2 2 0 0 2 0 2 2 0 0 0 2 2 0 2 0 2 2 0 0 0 0 2 2 0 2 0 2 0 0 0 0 2 2 0 0 2 0 0 2 2 2 2 2 0 2 0 0 2 0 2 0 2 2 2 0 0 2 0 2 2 0 0 2 2 2 0 2 2 2 2 0 2 0 2 2 0 2 0 2 0 0 0 0 2 2 2 0 0 2 0 0 0 0 2 2 0 0 0 0 2 0 2 0 0 2 2 0 0 2 0 0 2 2 0 0 2 2 0 2 2 2 2 2 0 2 1 2 0 0 2 0 0 2 2 0 2 2 2 2 2 2 2 2 2 2 2 2 2 2 2 2 2 0 2 0 2 2 2 0 2 2 2 2 0 2 2 2 1 2 2 2 2 2 0 2 2 0 0 2 2 0 2 0 0 2 0 2 2 2 2 2 0 2 2 1 2 2 2 0 2 2 2 2 2 2 0 2 0 0 2 2 2 2 0 2 0 2 2 0 2 2 2
1001 2 2 2 2 2 0 2 2 2 2 2 2 2 2 2 2 2 2 2 2 2 2 2 2 2 2 0 2 2 2 2 2 2 2 2 1 2 2 2 2 2 2 2 2 2 2 2 2 2 2 2 2 2 2 2 2 2 2 2 2 2 2 2 2 2 2 2 2 2 2 2 2 2 2 2 2 2 2 2 0 2 2 2 0 2 0 2 2 2 2 0 2 2 2 2 2 2 2 2 2 2 2 2 2 2 2 2 2 0 2 2 2 2 2 2 2 0 2 2 2 2 2 2 2 2 2 2 2 0 2 2 2 2 2 2 0 2 2 2 2 2 0 0 2 2 2 2 2 1 2 2 2 2 2 2 0 2 2 2 2 2 2 2 2 2 0 2 2 2 2 2 2 2 2 2 2 2 2 2 2 2 2 2 0 2 2 2 2 2 2 2 2 2 2 2 0 2 2 2 2 2 2 2 2 2 2 2 2 2 2 2 2 2 2 2 2 2 2 2 2 2 2 2 2 2 2 2 2 2 2 2 2 2 2 2 2 2 2 2 2 0 2 2 2 2
1002 2 2 2 2 0 2 2 2 2 2 2 2 0 2 2 2 2 2 2 2 2 2 2 2 2 2 2 2 2 2 2 2 2 2 2 2 2 2 2 2 2 2 2 2 2 2 2 2 2 0 2 2 2 2 2 2 2 2 2 2 2 2 2 2 2 0 2 2 2 2 0 2 2 2 2 2 2 2 2 2 2 2 0 2 2 2 2 0 2 2 2 2 2 2 2 2 0 2 2 2 2 2 2 2 2 2 2 2 2 2 2 2 2 2 2 2 2 2 2 2 2 2 2 2 0 2 2 2 2 2 2 2 2 2 2 2 2 2 2 2 2 2 2 2 2 2 2 2 2 2 2 2 0 2 2 2 2 2 2 2 2 2 2 2 2 2 2 2 2 2 2 2 2 2 2 2 2 2 2 2 2 2 2 2 2 2 2 0 2 2 2 2 0 2 2 2 2 2 2 2 2 2 2 2 2 2 2 2 2 2 2 0 2 2 2 2 2 1 2 2 2 2 2 2 2 2 2 2 2 2 2 2 2 2 0 2 2 2 2 2 2 2 2 2 2
1003 0 2 2 2 2 0 2 2 2 2 2 2 2 2 2 2 2 2 0 2 2 2 2 2 2 2 0 2 2 0 2 2 2 2 0 1 2 2 2 2 2 2 2 2 2 2 2 0 2 2 2 2 2 2 2 2 2 2 2 2 2 2 2 2 2 2 2 2 2 2 2 2 2 2 2 0 2 2 2 0 2 2 2 0 2 2 2 2 2 0 0 2 2 2 2 2 2 2 2 2 2 2 2 2 2 2 2 2 2 2 2 2 2 2 2 2 0 2 2 2 2 2 2 2 2 2 2 2 0 2 2 2 2 2 2 2 2 2 2 2 2 2 0 2 2 0 2 2 1 2 2 2 2 2 2 0 2 2 2 2 2 0 2 2 2 0 2 2 2 2 2 2 2 2 2 2 2 2 2 2 0 2 2 0 2 2 2 2 2 0 1 0 2 2 2 0 2 2 2 2 2 2 2 2 2 2 2 2 2 2 2 2 2 2 2 2 2 2 2 2 2 2 2 2 0 2 0 2 2 2 2 2 2 2 2 2 2 2 2 2 0 2 2 2 2
1004 2 0 2 0 0 2 0 0 2 2 2 2 0 0 0 0 0 2 2 2 0 0 0 0 0 0 2 0 2 2 0 0 0 2 2 1 0 0 2 0 0 0 0 0 0 2 0 2 0 2 0 2 0 2 0 0 0 0 2 0 2 0 2 0 0 0 0 2 0 0 0 0 0 0 0 2 2 2 0 2 2 1 0 2 0 0 2 0 0 2 2 2 0 0 2 0 0 2 0 2 0 2 0 0 0 0 0 0 2 0 0 2 0 0 0 2 2 2 2 0 0 0 2 0 0 1 0 2 2 0 0 0 0 0 2 0 2 0 0 0 0 0 2 2 0 2 2 2 1 2 0 2 1 2 2 2 2 0 2 0 2 2 2 2 0 2 0 0 0 0 0 0 0 0 2 2 2 2 0 0 2 0 2 2 0 2 2 0 0 2 2 2 0 2 2 2 0 0 0 2 2 0 2 2 2 0 0 0 0 2 2 0 2 0 0 0 2 1 0 0 0 0 2 0 2 0 2 0 0 2 0 2 0 0 0 0 0 0 2 1 2 2 2 2 2
1005 2 2 2 2 2 2 2 2 2 2 2 2 2 2 2 2 2 2 2 2 2 2 2 2 2 2 2 2 2 2 2 2 2 2 2 2 2 2 2 2 2 2 2 2 2 2 2 2 2 2 2 2 2 2 2 2 2 2 2 2 2 2 2 2 2 2 2 2 2 2 2 2 2 2 2 2 2 2 2 2 2 2 2 2 2 2 2 2 2 2 2 2 2 2 0 2 2 2 2 2 2 2 2 2 2 2 2 2 0 2 2 2 2 2 2 2 2 2 2 2 2 2 2 2 2 2 2 2 2 2 2 2 2 2 2 2 2 2 2 2 2 2 2 2 2 2 2 0 2 2 2 2 2 2 2 2 0 2 1 2 2 2 0 2 2 2 2 2 2 2 2 0 2 2 0 2 2 2 2 2 2 2 2 2 2 0 2 2 2 2 2 2 2 2 2 2 2 2 2 2 2 2 0 2 2 2 2 2 2 2 2 2 2 2 2 2 0 2 2 2 2 2 2 2 2 2 2 2 2 0 2 2 2 2 2 2 2 2 2 1 2 2 0 2 2
1006 0 0 0 0 0 2 2 0 0 0 2 0 0 0 0 0 0 0 2 2 0 0 2 0 2 2 2 0 0 2 0 0 0 2 2 1 2 0 0 0 0 0 0 2 2 0 0 2 0 2 0 0 0 2 2 2 0 0 0 0 0 0 0 2 2 0 0 0 2 0 0 0 2 0 0 2 0 0 2 2 2 1 2 2 2 2 0 2 2 2 2 0 2 0 0 0 0 0 0 0 2 0 0 0 2 0 0 2 0 0 2 0 0 0 2 2 2 2 2 0 2 0 0 2 2 2 0 0 2 2 0 2 2 0 0 2 0 2 2 0 0 2 2 2 0 0 0 0 1 0 0 2 0 0 2 2 0 0 1 0 0 0 0 0 0 2 2 2 2 0 2 0 0 0 0 2 2 0 0 2 0 2 2 2 0 0 2 2 0 0 1 0 2 0 0 2 0 2 0 2 2 0 0 2 0 0 2 0 0 0 0 2 0 0 0 0 0 1 2 2 0 0 0 2 0 2 0 0 0 0 2 2 2 2 2 2 0 2 2 0 2 0 0 0 0
1007 0 2 2 2 2 2 2 2 2 2 2 0 2 2 2 0 0 2 0 2 2 2 0 2 2 2 0 2 2 0 2 2 2 2 2 0 0 2 2 2 2 2 2 2 2 2 2 0 2 2 2 2 2 2 0 0 2 2 2 2 0 2 2 2 2 2 2 2 2 2 2 2 2 2 0 0 2 0 2 2 2 1 2 0 2 0 2 0 2 2 0 2 0 2 2 2 2 0 2 2 2 0 2 2 2 2 0 2 2 2 2 2 2 2 2 2 2 2 2 2 2 2 2 2 2 2 2 2 0 2 2 2 0 2 0 0 2 2 2 2 2 0 0 2 2 0 2 2 2 0 2 2 2 2 2 0 2 2 2 2 2 0 2 2 2 0 0 2 2 2 2 2 0 2 2 0 2 2 2 2 2 0 2 0 2 2 2 2 2 0 1 2 0 0 2 0 2 2 0 2 2 2 2 2 0 2 2 0 2 0 2 0 2 2 2 2 2 1 2 2 2 0 2 0 0 0 2 2 0 2 2 2 2 2 0 2 0 2 2 1 2 2 2 2 2
1008 0 2 2 2 0 2 2 2 2 2 2 0 0 2 2 0 0 2 0 2 0 0 0 2 2 2 0 0 2 0 0 0 2 2 2 0 0 2 2 2 2 2 2 2 2 2 2 0 0 0 0 2 2 0 0 0 2 2 2 2 0 0 2 2 0 0 2 0 2 2 2 0 0 2 0 0 2 0 2 2 2 1 2 0 2 0 2 0 2 2 0 2 0 2 2 2 2 0 2 2 2 0 2 0 2 2 0 2 2 2 2 2 2 0 0 2 2 2 2 2 2 2 0 2 2 2 2 2 0 2 0 2 0 2 0 0 2 2 2 2 2 0 0 2 2 0 2 2 2 0 2 2 2 2 2 0 2 2 2 0 2 0 2 2 2 0 0 2 2 0 2 0 0 2 2 0 2 2 0 2 2 0 2 0 2 2 2 2 2 0 1 2 0 0 2 0 2 0 0 1 2 2 2 2 0 2 2 0 2 0 0 0 2 2 2 2 2 1 2 2 2 0 0 0 0 0 2 2 0 2 2 2 2 2 0 2 0 2 2 1 2 2 2 2 2
1009 2 2 0 2 2 2 2 0 2 0 0 2 2 2 0 0 2 0 2 2 2 2 2 2 0 2 2 2 0 2 0 2 2 2 2 2 2 2 2 2 2 2 2 2 2 0 2 2 0 2 2 2 2 0 2 2 2 2 0 0 2 0 0 2 0 2 2 0 2 2 0 0 2 2 2 2 0 2 2 2 0 1 2 2 2 2 0 2 2 2 2 2 2 2 0 2 2 0 0 0 0 2 2 0 0 0 2 2 2 2 0 2 2 0 0 2 2 2 0 2 2 0 2 2 2 2 2 2 2 2 0 0 2 2 0 2 2 2 2 2 0 2 2 0 0 2 2 0 1 0 0 0 0 2 2 2 0 2 0 2 0 2 0 2 2 2 2 2 2 2 2 2 2 2 2 0 2 2 2 2 2 2 0 2 2 0 2 2 2 2 2 2 2 2 2 2 0 2 2 1 0 2 0 2 0 0 0 2 2 0 0 0 0 0 2 0 0 0 0 2 0 0 0 2 2 2 2 2 0 0 2 2 2 2 0 2 2 2 0 1 2 2 0 2 2
1010 2 0 2 0 0 0 0 2 2 2 2 2 0 2 2 0 0 2 0 2 0 2 2 2 0 2 2 2 2 0 2 2 0 0 2 2 2 0 2 2 2 0 0 2 2 2 0 0 2 2 2 2 0 2 2 2 2 0 2 2 2 2 2 2 2 0 0 2 2 0 0 2 2 0 0 0 2 2 0 0 2 1 0 2 2 2 2 2 0 2 2 2 0 2 2 0 2 2 2 2 2 0 0 2 0 2 0 2 2 0 2 0 2 2 2 0 2 2 2 0 0 2 2 2 2 0 2 0 2 2 2 2 0 0 2 2 0 0 2 0 2 2 0 2 2 2 2 2 1 2 2 2 0 2 0 2 2 2 2 2 2 2 2 0 0 0 2 1 2 2 2 2 2 2 0 0 2 2 2 2 0 2 2 2 2 2 0 2 0 2 1 0 2 2 0 0 2 2 0 2 2 0 2 2 2 2 0 0 0 2 2 2 2 2 0 2 2 1 0 2 2 2 2 2 2 0 0 0 2 2 2 0 2 2 2 0 2 2 2 1 2 2 2 0 0
1011 2 2 2 2 2 2 2 2 2 2 2 2 2 2 0 1 2 2 2 2 2 2 0 2 2 2 2 2 2 2 2 2 2 2 2 2 0 2 2 2 2 2 2 2 2 2 2 2 2 2 2 2 2 2 0 0 2 2 2 2 2 2 2 2 2 2 2 2 0 2 2 2 2 2 2 2 2 2 2 2 2 2 2 2 2 2 2 0 2 2 2 2 2 0 2 2 2 2 2 2 2 2 2 2 2 2 2 2 0 2 2 2 0 2 2 2 2 2 2 2 2 2 2 2 2 2 2 2 2 2 2 2 2 2 2 2 2 2 2 2 2 2 2 2 2 2 2 2 1 2 2 2 2 2 2 2 2 2 2 2 2 2 2 2 2 2 2 2 2 2 2 2 2 2 2 2 2 2 2 2 2 2 2 2 2 2 2 2 2 2 2 2 0 0 2 2 2 2 2 2 2 2 2 0 2 2 2 2 2 2 2 2 2 2 2 2 2 2 2 2 2 2 2 2 2 2 2 2 2 2 2 2 2 2 2 2 2 2 2 2 2 2 2 2 2
1012 2 2 0 2 2 2 2 2 2 0 0 2 2 2 2 2 2 0 2 0 2 2 2 2 2 0 0 2 0 2 0 2 2 2 2 1 2 2 0 2 2 2 2 2 2 0 2 2 0 0 2 2 2 2 2 2 2 2 0 0 2 2 2 2 0 2 2 2 2 2 2 2 2 2 2 2 0 2 2 2 2 2 2 2 0 2 0 2 2 2 2 0 2 2 2 2 0 0 2 0 2 2 2 0 2 2 2 2 2 2 2 2 2 2 2 2 2 2 2 2 2 2 2 2 2 2 2 2 2 0 2 2 2 2 0 2 2 2 2 2 0 2 2 2 2 2 2 2 2 0 2 2 2 2 2 2 2 2 2 2 2 2 2 2 2 2 2 2 2 2 2 2 2 2 2 2 2 2 2 2 2 0 2 0 2 2 2 0 2 2 2 2 2 2 2 2 0 2 2 2 2 2 2 2 0 2 2 2 2 0 2 2 0 2 2 2 2 1 2 2 2 0 2 2 2 2 2 2 0 2 2 2 2 2 2 2 0 2 2 2 2 2 2 2 2
1013 2 0 2 2 0 2 0 0 0 2 2 2 0 2 2 2 2 2 2 2 2 2 2 2 2 2 2 2 2 2 2 2 0 0 2 2 2 0 2 2 0 0 0 2 2 2 0 2 2 2 2 0 2 2 2 2 2 0 2 2 2 2 2 2 2 0 0 2 2 0 2 2 2 2 2 2 2 2 0 0 0 2 2 2 2 2 2 0 0 2 2 2 0 2 2 0 2 2 0 2 2 2 0 2 2 2 2 2 2 0 2 0 2 2 2 2 2 2 2 0 0 2 2 2 0 0 0 2 2 2 2 2 0 0 2 2 2 0 2 2 2 2 2 2 2 2 0 2 2 2 2 0 2 2 0 2 2 2 2 2 2 2 2 2 2 2 2 2 2 2 2 2 2 2 2 2 0 2 2 0 2 2 2 2 2 2 0 2 2 2 1 2 0 2 2 2 2 2 2 2 2 2 2 2 2 2 2 2 0 2 2 0 2 2 0 2 2 2 2 2 2 2 2 2 2 0 2 0 2 2 2 0 0 2 0 2 2 0 2 2 2 2 2 2 2
1014 0 2 0 2 2 2 2 2 2 0 0 2 2 2 2 2 2 0 2 0 2 2 2 2 2 2 2 2 0 2 2 2 2 2 2 2 2 2 0 2 2 2 2 2 2 0 2 2 0 2 2 2 2 2 2 2 2 2 0 2 2 2 2 2 2 2 2 2 2 2 2 2 2 2 2 2 0 2 2 2 2 2 2 2 2 2 0 2 2 2 2 0 2 2 2 2 2 2 2 0 2 2 2 2 2 2 2 2 2 2 2 2 2 2 0 2 2 2 2 2 2 0 2 2 2 2 2 2 2 2 2 2 2 2 2 2 2 2 2 2 0 2 2 2 2 2 2 2 2 2 2 2 2 2 2 2 2 2 2 2 2 2 2 2 2 2 2 2 2 2 2 2 2 2 2 2 2 2 2 2 2 2 2 2 2 2 2 2 2 0 1 2 2 2 2 2 2 2 2 2 2 2 2 2 2 2 2 2 2 2 2 2 0 2 2 2 2 2 2 2 2 2 2 2 2 2 2 2 2 2 2 2 2 2 2 2 2 2 2 2 2 2 2 2 2
1015 2 0 2 2 2 2 2 2 2 2 2 2 2 2 2 2 2 2 2 2 2 2 2 2 2 2 2 2 2 2 2 2 0 2 2 2 2 0 2 2 2 0 2 2 2 2 2 2 2 2 2 2 2 2 2 2 2 0 2 2 2 2 2 2 2 2 0 2 2 0 2 2 2 2 2 2 2 2 2 2 2 2 2 2 2 2 2 2 2 2 2 2 0 2 2 0 2 2 2 2 2 2 0 2 2 2 2 2 2 0 2 2 2 2 2 2 2 2 2 0 2 2 2 2 2 2 2 2 2 2 2 2 2 0 2 2 2 2 2 2 2 2 2 2 2 2 2 2 2 2 2 2 2 2 2 2 2 2 2 2 2 2 2 2 2 2 2 2 2 2 2 2 2 2 2 2 2 2 2 2 2 2 2 2 2 2 2 2 2 2 2 2 2 2 2 2 2 2 2 2 2 2 2 2 2 2 2 2 2 2 2 0 2 2 0 2 2 2 2 2 2 2 2 2 2 0 2 2 2 2 2 2 2 2 0 2 2 2 2 2 2 2 2 2 2
1016 0 0 2 2 0 2 0 0 2 0 2 0 0 2 0 2 2 2 2 2 2 0 0 2 0 2 0 0 2 2 0 0 0 0 0 0 0 0 2 0 2 0 0 0 0 2 0 2 2 0 0 0 0 0 0 0 0 0 2 2 0 2 0 0 0 0 0 0 2 0 0 2 0 0 2 2 2 0 0 0 0 0 2 0 2 0 2 2 0 0 0 2 0 0 0 0 0 2 0 2 0 2 0 0 0 0 0 0 0 0 0 2 0 0 2 2 0 0 2 0 0 2 2 0 2 0 2 0 0 2 0 0 0 0 2 0 0 2 0 2 2 0 0 0 0 0 0 0 1 2 0 0 0 0 2 0 0 0 0 0 2 0 0 2 2 0 0 1 0 0 0 0 0 0 0 2 2 0 0 0 2 0 0 0 0 0 2 2 0 0 1 2 2 2 0 0 2 0 0 0 0 2 0 0 2 0 0 0 0 2 0 0 2 0 0 0 0 2 2 0 0 2 0 0 0 0 2 0 2 0 0 2 0 0 0 0 2 0 2 0 0 0 0 0 2
1017 2 2 2 2 2 2 2 2 2 2 2 2 2 2 2 2 2 2 2 2 2 2 0 2 2 2 0 2 2 2 2 2 2 2 0 0 1 2 2 2 2 2 2 2 0 2 2 2 2 2 2 2 0 2 0 0 2 2 2 2 2 2 2 2 2 2 2 2 2 2 2 2 2 0 2 2 2 2 2 2 2 2 2 2 2 0 2 2 2 0 0 2 2 2 2 2 0 2 2 2 0 2 2 2 2 2 0 2 2 2 2 2 2 2 2 2 0 2 2 2 2 2 2 2 2 2 2 2 0 2 2 2 2 2 2 0 2 2 2 2 2 0 2 2 2 0 2 2 2 2 2 0 2 0 2 0 2 2 2 2 2 0 2 2 2 2 0 2 0 2 2 2 0 2 0 2 2 0 2 2 2 2 2 0 2 0 2 2 0 2 2 2 2 2 0 0 2 2 0 2 2 2 2 0 2 0 2 0 2 2 2 2 2 2 2 2 2 2 2 2 2 2 2 2 0 2 2 2 2 2 2 2 2 2 2 2 2 2 2 1 0 0 2 0 2
1018 2 2 0 2 0 2 0 2 0 2 0 2 0 2 2 2 2 0 2 0 0 2 0 2 0 2 2 2 0 2 0 2 2 0 2 2 0 2 0 0 2 2 0 2 2 0 0 2 2 0 2 0 2 2 0 0 2 2 0 0 2 2 0 2 0 0 2 2 2 2 2 2 0 2 2 2 0 2 0 2 2 2 0 0 2 2 0 2 2 2 2 0 2 2 0 2 0 2 2 0 2 2 2 0 0 2 2 2 2 2 2 0 2 2 2 0 2 2 0 2 0 2 2 2 2 0 2 2 2 2 2 2 2 2 2 2 0 2 2 2 0 2 2 0 2 2 0 2 2 2 0 2 2 2 2 2 0 0 0 2 2 2 0 2 2 2 2 2 2 2 0 0 2 0 2 0 2 2 2 2 2 2 0 2 0 2 2 2 2 2 2 2 2 2 2 2 0 0 2 2 2 2 0 2 2 2 0 2 0 2 2 2 0 2 2 2 0 2 0 2 2 2 2 0 2 2 2 0 2 0 0 2 2 2 2 2 2 2 0 1 2 2 0 2 2
1019 0 2 2 2 2 2 2 2 2 0 2 2 2 2 2 2 2 2 0 2 2 2 2 2 2 2 2 2 2 0 2 2 2 2 0 2 2 2 2 2 2 2 2 0 0 2 2 0 2 2 2 2 0 0 2 2 0 2 2 2 2 2 2 2 2 2 2 2 2 2 2 2 2 0 2 0 2 2 2 2 2 2 2 2 2 2 2 2 0 0 2 2 2 2 2 2 2 2 2 2 0 2 2 2 2 2 0 2 2 2 2 2 2 2 2 2 0 2 2 2 2 2 2 0 2 2 2 2 2 2 2 2 0 2 2 2 2 2 2 2 2 2 2 2 2 2 2 2 2 2 2 2 2 2 2 2 2 2 2 2 2 2 2 2 2 2 0 2 2 2 2 2 2 2 0 2 2 2 2 2 2 2 2 2 2 2 2 2 0 0 1 2 2 2 0 2 2 2 2 1 2 2 2 2 2 2 2 2 2 2 0 2 2 2 2 2 2 2 2 2 2 2 2 2 2 2 2 2 2 2 2 2 2 2 2 2 2 2 2 2 0 0 2 0 2
1020 2 0 0 0 2 2 2 2 0 2 0 0 2 2 2 2 2 0 2 0 0 0 2 2 2 2 0 0 0 2 2 0 0 2 2 1 2 0 0 2 0 0 2 2 0 0 2 2 2 2 0 2 2 2 2 2 2 0 0 0 0 0 2 0 2 2 0 0 0 0 2 0 2 2 2 2 0 0 2 2 2 0 2 2 2 0 0 2 2 2 0 0 0 2 2 0 2 0 2 0 2 2 0 2 2 0 2 2 0 0 2 2 2 0 0 0 2 0 2 0 2 2 2 2 2 2 0 0 2 2 0 2 2 0 0 0 2 2 0 2 0 0 2 2 0 2 2 2 2 0 2 0 2 2 2 0 2 2 2 2 2 2 2 2 2 2 2 1 2 2 2 2 2 2 2 2 0 2 2 0 2 2 2 0 2 2 2 2 2 2 2 2 2 0 2 2 2 2 0 2 0 2 2 2 0 0 2 0 2 0 2 2 0 0 0 0 2 1 2 0 0 2 0 2 2 0 2 2 2 2 2 2 0 2 2 2 0 0 2 1 2 2 2 2 2
1021 0 0 0 0 0 0 0 0 2 0 2 0 0 0 0 0 0 0 0 0 0 0 0 0 0 0 0 0 0 0 0 0 0 0 0 0 0 0 0 0 0 0 0 0 2 0 0 0 2 0 0 0 2 0 0 0 0 0 0 0 2 0 0 0 0 0 0 0 2 0 0 0 0 2 0 0 0 0 0 0 0 0 0 0 2 0 0 0 0 0 0 0 0 0 0 0 0 0 0 0 0 0 0 0 0 2 2 2 0 0 0 0 0 0 2 0 0 2 0 0 0 0 0 0 2 0 0 0 0 2 0 0 0 0 0 0 0 0 2 0 2 0 0 0 0 0 0 0 0 0 0 0 0 2 0 0 0 0 0 2 0 0 0 0 0 0 2 1 2 2 0 0 2 0 2 0 2 2 2 2 0 0 0 0 0 0 0 0 2 0 0 0 0 0 2 0 0 0 0 0 0 0 0 0 0 0 0 0 0 0 0 0 0 0 0 0 0 1 0 2 0 0 0 0 0 0 0 0 0 0 0 0 2 0 0 0 0 2 0 0 0 2 0 0 0
1022 0 2 0 0 0 0 0 2 2 0 0 0 0 0 2 0 0 0 0 0 0 2 2 0 0 0 2 2 0 0 0 2 2 0 2 2 2 2 0 0 2 2 2 0 2 0 2 2 2 0 2 0 2 2 2 2 0 2 0 0 2 2 2 0 2 0 2 0 2 2 2 2 0 2 0 0 0 0 2 0 0 0 0 0 2 2 0 2 2 2 0 0 2 2 0 2 2 0 2 0 0 2 2 0 2 2 2 0 2 2 0 0 2 2 0 0 2 0 0 2 2 0 2 0 0 0 2 0 0 2 0 2 2 2 0 2 0 0 0 0 0 2 0 0 0 2 0 0 1 0 0 0 2 2 0 0 0 0 0 2 2 2 0 0 0 0 2 0 2 2 2 0 1 0 2 0 2 2 2 2 0 0 0 2 0 2 0 0 2 0 0 0 2 0 2 2 0 0 2 0 2 0 0 2 0 2 0 2 2 0 0 0 0 0 2 0 0 0 0 0 0 0 0 0 2 2 0 0 0 0 0 0 2 0 0 2 0 2 0 1 2 1 0 0 0
1023 2 2 2 0 2 2 2 2 2 2 2 2 2 2 2 2 0 2 2 2 0 2 2 2 2 2 2 2 2 2 2 2 2 2 2 2 2 2 2 2 0 2 2 2 2 2 2 2 2 2 2 2 0 2 2 2 2 2 2 2 2 2 2 0 2 2 2 2 2 2 2 2 2 0 0 2 2 2 2 2 0 2 2 2 2 2 2 2 2 2 2 2 2 2 2 2 2 2 2 2 2 2 2 2 2 2 2 2 2 2 2 2 2 2 2 2 2 2 2 2 2 2 2 2 2 2 0 0 2 2 0 2 2 2 2 2 2 2 2 0 2 2 2 2 2 2 2 2 2 2 2 2 2 2 2 2 2 2 2 2 2 2 2 2 0 2 2 2 2 2 2 2 2 0 2 2 2 2 2 2 0 2 2 2 2 0 2 2 2 2 2 0 2 2 0 2 2 2 2 1 2 0 2 2 2 2 2 2 2 2 2 2 2 2 2 2 2 2 2 2 2 2 2 2 2 2 0 2 2 2 2 2 2 2 2 2 2 2 2 2 2 2 2 2 2
1024 2 0 2 2 2 2 0 2 2 2 2 2 2 2 2 2 2 2 2 2 2 2 0 2 0 2 2 2 2 2 0 2 0 0 2 1 0 0 0 0 2 0 2 0 2 2 2 2 2 0 2 0 2 0 0 0 2 0 2 2 2 2 2 2 2 2 0 0 2 0 2 2 0 2 2 2 2 2 2 0 2 2 0 0 2 2 2 0 2 2 2 0 0 2 0 0 0 0 2 2 0 2 0 0 2 0 2 0 2 0 0 2 2 2 2 2 2 0 0 0 2 0 2 0 2 0 2 2 0 2 2 0 2 0 0 2 0 2 0 2 2 2 2 0 0 2 0 2 1 0 0 2 2 2 0 2 0 0 0 2 0 2 0 2 2 2 2 0 2 2 2 0 2 2 2 0 2 2 2 2 2 0 0 2 0 2 0 2 2 2 1 2 0 0 2 2 2 0 2 2 2 2 0 0 0 2 0 2 2 0 2 2 2 0 0 0 0 2 0 0 0 2 0 2 2 0 2 2 2 0 0 2 2 2 2 0 0 2 0 1 2 2 2 0 2
1025 2 2 2 2 2 2 2 0 2 2 2 2 2 2 2 2 2 2 2 2 2 2 2 2 2 2 0 2 2 2 2 2 2 2 2 2 2 2 2 2 2 2 2 2 2 2 2 2 2 2 2 2 2 2 2 2 2 2 2 2 2 2 2 2 2 2 2 0 2 2 2 2 2 2 2 2 2 2 2 2 2 2 2 2 2 2 2 2 2 2 2 2 2 2 2 2 2 2 0 2 2 2 2 2 2 2 2 2 2 2 2 2 2 2 2 2 2 0 2 2 2 0 2 2 2 2 2 2 2 2 0 2 0 2 2 2 2 2 2 2 2 0 2 2 2 2 2 2 2 2 2 2 2 2 2 0 2 2 2 2 2 2 2 2 2 2 2 2 2 2 0 2 0 2 2 2 2 2 2 2 2 2 2 0 2 2 2 2 2 2 2 2 2 2 2 0 2 2 0 2 2 2 2 2 2 2 2 0 2 2 2 2 2 2 2 2 2 2 2 2 2 2 0 2 0 2 2 2 2 2 2 2 2 2 2 2 2 2 2 1 2 2 2 2 2
1026 2 2 2 2 2 2 2 2 2 2 2 0 2 2 2 2 2 2 2 2 2 2 2 2 2 2 2 2 2 2 2 2 2 2 2 2 2 2 2 2 2 2 2 2 2 2 2 2 2 2 2 2 2 2 2 2 2 2 2 2 2 2 2 2 2 2 2 2 2 2 2 2 2 2 2 2 2 0 2 2 2 2 2 2 2 2 2 2 2 2 2 2 2 2 2 2 2 2 2 2 0 0 2 2 2 2 2 2 2 2 2 2 2 2 2 2 2 2 2 2 2 2 2 2 2 2 2 2 2 2 2 2 2 2 2 2 2 2 2 2 2 2 2 2 2 0 2 2 2 2 2 0 2 2 2 2 2 0 1 0 2 2 2 2 2 2 2 2 2 0 2 2 2 2 2 2 2 2 0 2 0 2 2 2 2 2 2 2 2 2 2 0 2 2 2 2 2 2 2 2 2 2 2 2 2 2 2 2 2 2 2 2 2 2 0 2 2 0 2 2 2 0 2 2 2 2 0 0 0 2 2 2 2 2 2 2 2 2 2 2 2 0 2 2 2
1027 2 0 2 2 0 2 0 2 2 2 0 2 0 2 0 2 2 2 2 2 0 0 0 2 0 2 2 0 2 2 0 0 0 0 2 1 0 0 2 0 2 0 2 2 0 2 2 0 2 0 0 0 0 2 0 0 2 0 2 0 2 2 0 2 0 0 0 2 2 0 2 2 0 0 2 2 2 2 0 2 2 0 0 2 2 2 2 0 2 2 2 2 0 2 0 0 0 2 2 2 2 0 0 0 2 2 2 2 2 0 0 2 2 0 0 2 2 2 2 0 0 2 2 2 2 0 2 2 0 2 2 2 2 0 2 2 0 2 2 2 2 2 2 0 2 1 2 2 1 2 0 1 2 0 0 2 0 0 0 0 2 2 0 2 2 2 2 1 2 0 2 0 2 2 2 0 2 0 0 2 0 2 0 2 2 2 2 2 2 2 1 0 0 2 0 2 2 0 2 2 2 2 0 0 2 2 0 2 2 2 2 2 2 2 0 2 0 0 0 2 2 0 2 0 2 0 0 0 0 0 2 2 2 2 2 2 2 2 2 1 2 0 0 0 2
1028 2 0 2 2 2 2 2 2 2 2 2 2 2 2 2 2 2 2 2 2 2 2 2 2 2 2 2 2 2 2 2 2 0 2 2 2 2 0 2 2 2 0 2 2 2 2 2 2 0 2 2 2 2 2 2 2 2 0 2 2 2 2 2 2 2 2 0 2 2 2 2 2 2 2 2 2 2 2 2 2 2 2 2 2 2 2 2 2 2 2 2 2 2 2 2 0 2 2 2 2 2 2 0 2 2 2 2 2 2 0 2 0 2 2 2 2 2 2 2 0 2 2 2 2 2 2 2 2 2 2 2 2 2 0 2 2 2 2 2 2 2 2 2 2 2 2 2 2 2 2 2 2 2 2 2 2 2 2 2 2 2 2 2 2 2 2 2 2 2 2 2 2 2 2 2 2 2 2 2 2 2 2 2 2 2 2 2 2 2 2 2 2 2 2 2 2 0 2 2 2 2 2 2 2 2 2 2 2 2 2 2 0 2 2 2 2 2 2 2 2 2 2 2 2 2 2 2 2 2 2 2 2 2 2 0 2 2 2 2 2 2 2 2 2 2
1029 2 2 2 0 2 2 2 2 2 2 2 2 2 2 2 2 2 2 2 0 2 2 2 2 2 2 2 2 2 2 2 2 2 2 2 2 2 2 2 2 2 2 2 2 2 2 2 2 2 2 2 2 2 2 2 2 0 2 2 0 2 2 2 0 0 2 2 0 2 2 2 2 2 2 2 2 2 2 2 2 2 2 2 2 2 2 2 2 2 2 2 2 2 2 2 2 2 2 2 2 2 2 2 2 2 2 2 2 2 2 2 2 2 2 2 2 2 0 2 2 2 2 2 2 2 2 2 0 2 2 2 2 2 2 2 2 2 2 0 2 2 2 2 2 0 2 2 2 2 2 2 2 2 2 2 2 2 2 2 2 2 2 2 2 2 2 2 1 0 2 2 2 2 2 2 2 2 2 2 2 2 2 2 2 2 2 2 0 2 2 2 2 2 2 2 2 2 2 2 2 2 2 2 2 2 2 2 2 2 2 2 2 2 0 0 0 2 2 2 0 0 2 0 2 2 2 2 2 2 2 2 2 2 2 2 2 2 2 2 2 2 2 2 2 2
1030 2 2 2 2 2 2 2 2 2 0 2 0 2 2 2 2 2 2 2 2 2 0 2 2 2 2 2 0 2 2 2 0 2 0 2 2 2 2 2 2 0 2 2 2 2 2 2 2 2 2 0 2 2 2 2 2 2 2 2 2 0 2 2 2 2 2 2 2 2 2 2 2 2 2 2 2 2 0 2 2 2 2 2 2 2 2 2 2 2 2 2 2 2 2 2 2 2 2 2 2 2 2 2 2 0 2 2 2 2 2 2 2 2 2 2 2 2 2 2 2 2 2 2 2 2 2 0 2 2 2 2 2 2 2 2 2 2 2 2 2 0 2 2 2 2 2 2 2 2 2 2 2 2 2 2 0 2 2 2 0 2 0 2 2 2 2 2 2 2 0 2 2 2 0 2 2 2 2 0 2 2 2 2 2 2 2 2 2 2 2 2 2 2 2 2 2 2 2 0 0 2 2 2 2 2 2 2 0 2 2 2 2 2 2 2 2 2 1 2 2 2 2 2 2 2 2 2 2 2 2 2 2 2 2 2 2 2 2 2 1 2 2 2 2 2
1031 0 0 0 0 0 0 0 2 0 2 0 2 0 0 0 0 2 0 0 0 0 0 0 0 0 0 2 0 0 0 0 0 0 2 0 1 0 0 0 0 0 0 0 0 0 0 0 0 2 0 0 0 0 0 0 0 0 0 0 0 2 0 0 0 0 0 0 0 0 0 0 0 2 0 2 0 0 2 0 0 0 0 0 0 0 2 0 0 0 0 0 0 0 0 0 0 0 0 2 0 0 0 0 0 0 0 0 0 0 0 2 0 0 0 0 0 0 0 0 0 0 0 0 0 2 0 0 0 0 0 2 0 2 0 0 2 2 0 0 0 2 2 2 0 0 2 0 2 0 0 0 0 0 0 0 0 0 0 0 0 0 2 0 2 0 0 0 0 0 0 0 0 2 0 0 0 0 0 0 0 0 0 2 2 0 0 0 0 0 0 0 0 0 0 0 2 0 0 0 0 0 0 0 0 0 0 0 0 0 0 2 0 0 0 0 0 0 1 0 0 0 0 0 0 0 0 0 0 0 0 0 0 0 0 0 0 0 0 0 0 0 0 0 0 2
1032 0 0 2 0 2 2 2 2 2 2 0 2 2 0 2 2 2 2 0 0 0 0 2 0 2 2 2 0 2 0 0 0 0 2 2 2 2 0 2 2 0 0 2 2 2 2 0 0 2 0 0 0 2 2 2 2 0 0 2 0 2 0 2 0 2 2 0 0 0 2 2 0 2 2 2 0 2 2 2 0 2 2 2 2 2 2 2 2 0 2 2 2 2 2 2 0 2 2 2 2 2 2 0 0 0 2 2 0 2 0 2 0 2 0 0 2 2 0 2 0 2 2 2 2 0 2 0 0 2 2 2 2 2 0 2 2 2 2 0 2 2 2 2 0 0 0 0 2 2 2 2 2 0 2 2 2 2 2 1 0 0 0 2 2 2 0 2 0 0 0 2 2 2 2 2 2 0 2 0 2 2 0 2 2 2 2 2 2 2 0 1 2 2 2 2 2 0 2 0 0 2 2 2 2 2 0 2 0 0 2 2 2 2 0 0 0 2 2 2 0 0 2 0 2 2 2 2 2 2 2 2 2 2 2 2 0 0 2 2 1 2 2 2 2 2
1033 0 0 2 2 0 0 2 0 2 2 0 0 0 0 0 2 0 2 0 2 0 0 2 0 0 0 0 0 2 0 2 0 0 0 0 0 2 0 2 2 0 0 0 0 0 2 0 2 0 0 2 0 2 0 2 2 0 0 2 0 0 2 0 0 2 0 1 2 0 0 0 2 0 2 0 0 2 0 2 0 0 0 0 0 2 0 2 0 0 0 0 2 0 0 0 0 0 0 0 2 2 0 0 2 0 2 0 0 2 0 2 0 0 0 2 2 0 0 0 0 0 2 0 0 0 2 0 0 2 2 2 2 0 0 2 0 0 0 0 0 0 0 0 0 0 2 0 0 0 0 0 0 0 0 0 2 0 0 0 0 0 2 0 0 0 2 0 0 0 0 2 2 0 0 0 2 0 0 0 0 0 2 0 0 0 0 2 0 0 2 2 0 0 2 2 0 0 0 0 1 2 0 2 2 2 0 0 0 0 2 0 2 2 0 2 0 2 2 0 0 0 2 2 2 2 0 0 0 2 0 0 0 0 0 2 2 2 0 0 0 0 0 0 0 2
1034 2 2 2 2 2 2 2 2 2 2 2 2 2 2 2 2 2 2 2 2 2 2 2 2 2 2 2 2 2 2 2 2 0 2 2 2 2 2 2 2 2 0 2 2 2 2 2 2 2 2 2 2 2 2 2 2 2 2 2 2 2 2 2 2 2 2 2 2 2 2 2 2 0 2 2 2 2 2 2 2 2 2 2 0 2 2 2 2 2 2 2 2 2 2 2 0 2 2 2 2 2 2 2 2 2 0 2 2 2 2 2 0 2 2 2 2 2 2 0 0 2 2 2 2 2 2 2 2 2 2 2 2 2 0 1 2 2 2 2 2 2 2 2 2 2 2 2 2 2 2 2 2 2 2 2 2 2 2 2 2 2 2 2 2 2 2 2 2 2 2 2 2 2 2 2 2 2 2 2 2 2 2 2 2 2 2 2 2 2 2 2 2 2 0 2 2 2 0 2 2 2 2 2 2 0 2 2 2 2 0 2 2 2 2 2 2 2 2 2 2 2 2 2 2 2 2 2 2 2 2 2 2 2 2 2 2 2 2 0 2 2 2 2 2 2
1035 0 0 0 2 0 2 2 0 2 2 0 0 0 0 0 2 2 2 0 2 0 0 2 0 2 2 2 0 2 0 2 0 0 0 2 1 2 0 0 0 2 0 0 0 0 0 0 2 0 2 2 0 2 0 2 2 0 0 0 0 0 0 0 0 0 0 0 0 0 2 0 2 0 2 2 0 0 0 0 2 0 1 2 0 2 2 0 0 0 2 0 0 2 0 0 0 0 0 0 0 2 0 0 2 2 0 2 0 2 0 2 0 0 0 0 2 2 0 0 0 0 2 0 0 0 2 2 0 2 2 0 2 2 0 0 2 0 2 0 2 0 2 2 0 2 2 0 0 1 0 0 0 0 2 0 2 0 0 0 0 0 2 0 2 2 2 0 1 0 0 2 2 0 0 0 0 0 2 0 0 0 2 0 2 0 0 0 2 2 2 2 0 0 0 2 2 0 0 2 1 2 2 2 2 0 0 2 2 0 0 0 0 0 2 2 0 2 2 0 0 0 2 0 2 2 2 0 2 2 0 2 2 0 0 0 0 2 0 0 2 2 2 0 2 0
1036 0 2 0 0 2 0 2 2 0 0 0 0 2 2 2 2 0 0 0 0 0 0 2 2 0 2 0 0 0 0 0 0 2 0 0 1 2 2 0 0 0 2 2 2 0 0 2 0 2 0 0 2 2 2 2 2 0 2 0 2 0 0 2 2 0 2 2 0 0 2 0 0 2 2 0 0 0 0 2 2 2 2 0 0 2 0 0 0 2 0 0 0 0 0 2 2 0 2 2 0 2 2 2 0 2 2 2 2 2 2 2 2 0 0 0 0 0 0 0 2 0 0 2 2 2 2 0 0 0 2 2 0 0 2 2 0 0 0 0 0 2 0 0 0 2 2 2 0 1 2 2 2 0 2 2 0 2 0 1 0 0 2 2 2 0 2 2 0 2 0 2 0 0 0 2 0 2 2 0 2 0 0 0 0 0 2 0 2 2 0 1 0 0 2 2 0 2 2 2 0 2 0 2 2 2 2 0 2 2 2 0 0 0 2 2 0 2 1 2 0 2 2 0 2 2 0 0 0 2 2 2 0 2 0 0 2 2 2 0 2 0 0 2 0 0
1037 0 2 0 2 2 2 2 2 0 0 0 2 2 2 2 0 2 0 2 2 2 2 0 2 2 2 2 2 0 2 0 2 2 2 2 2 0 2 2 0 0 2 2 2 0 0 2 2 2 2 0 2 0 0 0 0 0 2 0 2 0 2 2 2 2 2 2 0 2 2 0 2 2 1 2 2 0 2 0 2 2 2 2 2 2 2 0 0 2 2 2 2 2 2 2 2 0 0 2 0 0 0 2 0 2 0 0 2 0 2 0 2 2 2 0 2 2 0 2 2 0 0 2 2 0 2 2 0 2 2 2 2 2 2 0 2 0 2 0 2 2 2 2 0 2 0 2 2 2 0 2 0 0 2 2 0 2 2 1 0 2 2 2 0 2 2 2 1 2 0 2 2 2 0 2 2 0 2 0 2 2 0 0 2 0 2 2 2 2 0 0 2 0 0 0 2 2 2 2 0 0 2 2 2 0 2 2 2 2 0 2 2 0 2 2 0 2 2 0 0 2 2 0 0 2 2 2 0 2 2 2 2 2 0 2 2 0 2 2 1 2 2 2 2 2
1038 2 0 2 2 0 2 2 0 2 2 0 2 0 2 0 2 0 2 0 0 0 2 2 2 2 0 2 2 2 0 2 2 2 0 0 1 2 0 0 2 0 2 0 0 2 2 0 2 0 2 0 0 2 0 2 2 0 0 2 2 0 0 0 0 0 0 0 2 0 2 2 0 2 2 0 0 2 2 0 0 0 0 2 2 0 2 2 0 0 0 2 0 2 2 0 2 0 0 0 2 2 2 0 2 0 2 2 2 2 0 2 2 2 0 2 0 0 0 2 2 0 0 0 0 2 2 0 0 2 0 0 2 2 2 2 2 2 2 0 2 2 2 2 0 0 0 0 2 1 2 0 2 2 2 0 0 0 0 0 0 0 0 0 2 2 2 0 1 0 0 0 2 0 0 0 2 2 2 0 2 2 2 0 2 0 0 2 2 0 2 2 2 0 0 2 2 0 0 2 2 2 2 2 2 2 0 2 2 0 2 2 2 2 0 0 0 2 2 2 0 0 2 2 2 0 2 2 0 2 0 0 2 2 0 2 0 2 2 2 2 0 2 0 0 2
1039 2 0 2 2 0 2 2 0 2 2 2 2 0 2 0 2 2 2 2 2 2 2 2 2 2 2 2 2 2 2 2 2 2 2 2 2 2 0 2 2 2 2 0 2 2 2 0 2 0 2 2 2 2 2 2 2 2 0 2 2 2 2 2 0 0 0 0 2 2 2 2 2 2 2 2 2 2 2 2 2 2 2 2 2 2 2 2 2 0 2 2 2 2 2 0 2 2 2 0 2 2 2 0 2 2 2 2 2 2 0 2 2 2 2 2 2 2 2 2 2 2 2 0 2 2 2 0 2 2 2 2 2 2 2 2 2 2 2 2 2 2 2 2 2 2 2 2 2 1 2 0 2 2 2 0 2 0 2 1 2 0 2 0 2 2 2 0 2 2 2 2 2 2 2 0 2 2 2 2 2 2 2 2 2 2 0 2 2 0 2 2 2 2 2 2 2 2 0 2 2 2 2 2 2 2 2 2 2 0 2 2 2 2 2 0 2 2 2 2 2 0 2 2 2 2 2 2 2 2 0 2 2 2 2 2 2 2 2 2 2 2 2 0 2 2
1040 2 2 2 0 2 2 2 2 2 2 2 2 2 2 2 2 2 2 0 2 2 1 0 2 0 2 2 1 2 0 2 1 2 2 2 2 0 2 2 2 2 2 2 2 2 2 2 2 2 2 2 2 0 2 0 0 2 2 2 2 2 2 2 2 2 2 2 2 2 2 2 2 2 0 2 0 2 2 2 2 2 2 0 2 2 2 2 2 2 2 2 2 0 0 2 2 2 0 2 2 0 2 2 2 2 0 1 2 2 2 0 2 0 2 2 2 2 2 2 2 2 2 2 2 2 2 2 2 2 2 2 2 2 2 0 2 0 2 2 2 2 2 2 2 2 2 2 2 2 0 2 2 2 1 2 2 2 2 2 2 2 2 2 0 2 2 0 2 2 2 2 2 2 2 0 2 2 1 2 2 2 0 2 2 2 2 2 2 0 2 1 2 2 2 0 2 2 2 2 2 0 2 2 2 0 2 2 2 2 0 2 2 2 2 2 2 2 2 0 2 2 2 2 0 2 0 2 2 2 2 2 2 2 2 2 2 0 2 2 2 2 0 2 0 0
1041 2 2 2 2 2 2 2 2 2 2 2 2 2 2 2 2 2 2 2 2 2 2 2 2 2 2 2 2 2 2 2 2 2 2 0 2 2 2 2 2 2 2 2 2 2 2 2 2 2 2 2 2 2 2 2 2 2 2 2 2 2 2 2 2 2 2 2 2 2 0 2 2 2 2 2 2 2 2 0 2 2 0 2 2 2 0 2 2 2 0 2 2 2 2 2 2 2 2 2 2 2 2 2 2 0 2 2 2 2 2 2 2 2 2 2 2 0 2 2 2 2 2 2 2 2 2 2 2 2 2 2 2 2 2 2 0 2 2 2 2 2 2 2 0 2 0 2 2 2 2 2 2 2 2 2 0 2 2 1 2 2 2 2 2 2 2 2 2 0 2 2 0 0 0 2 0 2 2 2 2 0 2 0 2 0 2 2 0 2 2 2 0 2 2 2 2 2 2 0 2 2 2 2 2 2 2 2 0 2 2 2 2 2 2 2 2 2 1 2 2 2 0 2 2 2 2 0 2 0 2 2 2 2 2 2 2 2 2 2 1 0 2 2 2 2
1042 2 0 2 2 2 2 2 0 2 2 2 2 2 2 0 2 2 2 2 2 2 2 2 2 2 2 2 2 2 2 2 2 2 2 2 2 2 0 2 2 2 2 2 2 2 2 2 2 0 2 2 2 2 2 2 2 2 0 2 2 2 2 2 0 0 2 0 2 2 2 2 2 2 2 2 2 2 2 2 2 2 2 2 2 2 2 2 0 2 2 2 2 2 2 0 2 2 2 0 2 2 2 0 2 2 2 2 2 0 0 2 2 2 2 2 2 2 2 2 2 2 2 0 2 2 2 2 2 0 2 2 2 2 2 2 2 2 2 2 2 2 2 2 2 2 2 2 2 1 2 0 2 2 2 0 2 0 2 1 2 0 2 0 2 2 2 2 1 2 2 2 2 2 2 2 2 2 2 2 2 2 2 2 2 2 0 2 2 2 2 2 2 0 2 2 2 2 2 2 2 2 2 2 2 2 2 2 2 2 2 2 2 2 2 0 2 2 2 2 2 0 2 2 2 2 2 2 2 2 0 2 2 2 2 2 2 2 2 2 2 2 2 0 2 2
1043 2 0 2 2 2 2 2 0 2 2 2 2 2 2 0 0 2 2 2 2 2 2 0 2 0 2 2 2 2 2 2 2 2 2 2 2 0 0 2 2 2 2 2 2 2 2 2 2 0 2 2 2 2 2 0 0 2 0 2 0 0 2 2 0 0 2 0 2 0 2 2 2 2 2 2 2 2 2 2 2 2 2 0 2 2 2 2 0 2 2 2 2 0 2 0 2 2 2 0 2 2 2 0 2 2 2 2 2 0 0 0 2 2 2 2 2 2 2 2 2 2 2 0 2 2 2 0 2 0 2 2 2 2 2 2 2 2 2 2 2 2 2 2 2 2 2 2 2 1 2 0 2 0 2 0 2 0 2 1 2 0 2 0 2 2 2 2 2 2 2 2 2 2 2 2 2 2 2 2 2 2 2 2 2 2 0 2 2 2 2 1 2 0 2 2 2 2 2 2 2 2 2 2 2 2 2 2 2 2 2 2 2 2 2 0 2 2 2 0 2 0 2 2 0 2 0 2 2 2 0 2 0 2 2 2 2 2 2 2 2 2 2 0 2 2
1044 2 2 2 2 2 2 2 2 2 2 0 2 2 2 2 0 2 2 2 2 2 2 2 2 2 2 2 2 2 2 2 2 2 0 2 2 2 2 2 2 2 2 0 2 2 2 0 2 2 2 2 0 0 2 2 2 2 2 2 2 0 2 2 2 2 2 2 2 0 2 2 2 2 0 2 2 2 2 2 2 2 2 2 2 0 2 2 2 2 2 2 2 2 2 2 2 2 2 2 2 2 2 2 2 2 2 2 0 2 2 2 2 2 2 2 2 2 0 2 2 2 2 2 2 2 2 0 0 2 0 2 2 2 2 2 2 2 2 0 0 2 2 2 2 0 2 0 2 2 0 2 2 0 2 2 2 2 2 2 0 2 2 2 2 0 2 2 0 2 0 2 2 2 2 2 2 2 2 0 2 2 0 2 2 2 2 2 2 2 2 2 2 2 2 2 2 2 2 2 2 2 0 2 2 2 2 2 2 0 2 2 2 2 0 2 0 2 2 2 0 2 2 2 2 2 2 2 0 2 2 0 2 2 0 2 0 0 2 2 2 2 2 2 2 2
1045 2 2 0 0 2 2 2 2 0 2 2 2 2 2 2 2 2 0 0 0 2 0 2 2 0 2 2 0 0 0 0 0 2 2 2 2 2 2 0 2 0 2 2 2 2 0 2 2 2 0 0 2 2 2 2 2 2 2 0 2 2 2 2 2 2 2 2 2 2 2 2 2 2 2 2 0 0 2 2 2 2 2 0 2 2 2 0 2 2 2 2 0 0 2 2 2 2 0 2 0 0 2 2 0 2 0 0 2 2 2 2 2 2 2 0 2 2 2 2 2 2 0 2 2 2 2 2 2 2 2 2 2 2 2 0 2 0 2 2 2 2 2 2 2 2 2 2 2 2 2 2 2 2 0 2 2 2 2 2 2 2 2 2 0 2 2 0 2 2 2 2 2 2 2 0 2 2 0 2 2 2 2 2 2 2 2 2 2 0 2 2 2 2 2 0 2 2 2 2 2 0 2 2 2 0 2 2 2 2 0 2 2 0 2 2 2 2 2 2 2 2 2 2 2 2 0 2 2 2 2 2 2 2 2 2 2 2 2 2 2 2 0 2 0 0
1046 2 2 2 2 0 0 0 2 2 2 2 2 0 2 2 2 2 2 2 2 2 2 2 2 2 0 0 2 2 2 2 2 0 2 0 0 2 2 2 2 0 0 0 0 2 2 0 2 2 2 2 2 0 2 2 2 0 2 2 0 2 2 2 2 2 0 2 2 2 0 2 2 0 0 2 2 2 2 0 2 0 2 2 0 2 0 2 2 2 0 0 2 2 2 2 0 0 2 2 2 2 2 2 2 2 2 2 2 2 2 2 0 2 2 2 2 0 2 0 0 0 2 2 0 0 0 2 2 0 2 2 0 0 0 2 0 2 0 2 0 2 0 0 0 2 2 2 0 1 0 2 2 2 2 2 2 2 2 0 2 2 0 2 2 0 0 2 2 2 2 0 0 0 2 2 0 2 2 2 2 0 0 2 0 2 2 0 0 2 2 2 0 2 0 2 0 0 2 0 2 2 0 2 0 2 0 0 0 0 2 0 0 2 2 2 2 2 1 2 2 2 0 2 2 0 2 0 2 0 2 2 2 2 2 0 2 0 2 0 0 0 2 2 2 2
1047 2 0 0 0 0 0 0 0 0 2 0 0 0 0 0 0 0 0 0 0 0 0 0 0 0 0 0 0 0 0 0 0 0 0 0 0 0 0 0 2 0 0 0 0 2 0 0 0 0 0 0 0 0 0 0 0 0 0 0 0 2 0 0 0 0 0 0 0 0 0 2 2 0 0 0 0 0 0 0 0 0 0 0 0 0 0 0 0 0 0 0 0 0 0 0 0 0 0 0 0 0 0 0 0 0 0 0 0 0 0 0 0 0 0 0 2 0 0 0 0 0 0 0 0 0 0 2 0 0 0 0 0 0 0 0 0 0 0 0 0 0 0 0 0 0 0 0 0 0 0 0 0 2 0 0 0 0 1 0 0 0 0 0 0 0 0 0 0 0 0 0 0 0 0 0 0 2 0 0 0 0 0 0 0 0 0 0 0 0 2 1 0 0 0 0 0 0 0 0 0 0 0 0 0 0 0 0 0 0 0 0 0 0 0 0 0 0 0 0 0 0 0 0 0 0 0 0 0 0 0 0 0 0 0 0 0 0 0 0 0 0 0 0 0 0
1048 2 2 2 2 2 2 2 2 2 2 2 2 2 2 2 2 0 2 2 2 2 2 2 2 2 2 0 2 2 2 2 2 2 2 2 1 2 2 2 0 2 2 2 2 2 2 2 2 2 2 2 2 2 0 2 2 2 2 2 2 2 2 2 2 2 2 2 2 2 2 2 2 2 2 0 2 2 2 2 2 2 2 2 2 2 2 2 2 0 2 2 2 2 2 2 2 0 2 2 2 2 0 2 2 2 2 2 2 2 2 2 2 2 2 2 2 2 2 2 2 0 2 2 2 2 2 2 2 2 2 2 2 0 2 2 2 2 2 2 2 2 0 0 2 2 2 2 0 2 2 2 0 2 2 2 2 2 2 2 2 2 2 2 2 2 2 2 2 2 2 2 2 2 2 2 2 2 2 2 2 2 2 2 0 2 2 2 2 2 2 2 2 2 2 2 0 2 2 2 0 2 2 2 2 2 2 2 2 2 2 0 2 2 2 2 2 2 2 2 2 2 2 2 2 2 2 2 2 2 2 2 2 2 2 2 2 2 2 2 2 2 2 2 2 2
1049 2 2 2 2 0 2 2 2 2 2 2 2 0 2 2 2 2 2 2 2 2 2 2 2 2 0 2 2 2 2 2 2 0 2 0 0 2 2 2 2 2 0 2 0 2 2 2 2 2 0 2 2 2 2 2 2 2 2 2 2 2 2 2 2 2 0 2 0 2 2 2 2 0 2 2 2 2 2 0 2 0 2 2 0 2 0 2 2 2 0 2 2 2 2 2 0 2 2 2 2 2 2 2 2 0 2 2 2 2 2 2 0 2 2 2 2 0 2 0 0 2 2 2 0 2 2 2 2 0 2 2 0 2 0 2 0 2 2 2 0 2 2 2 0 2 2 2 2 2 2 2 2 2 2 2 0 2 2 1 2 2 2 2 2 0 2 2 2 2 2 2 0 0 0 2 2 2 2 2 2 0 2 0 2 0 2 0 2 2 2 2 0 2 0 2 2 2 2 0 2 2 0 0 0 2 0 0 0 2 2 2 0 2 2 2 2 0 2 2 2 2 2 0 2 2 2 0 2 2 2 2 0 2 2 0 2 2 2 0 0 0 2 2 2 2
1050 2 2 2 2 2 2 2 2 2 2 2 0 2 2 2 2 2 2 0 2 2 2 2 2 2 2 2 2 2 0 2 2 2 2 2 2 2 2 2 2 2 2 2 2 2 2 2 2 2 2 2 2 2 2 2 2 2 2 2 2 0 2 2 2 2 2 2 2 2 2 2 2 2 2 2 0 2 0 2 2 2 2 0 2 2 2 2 2 2 2 2 2 0 2 2 2 2 0 2 2 2 2 2 2 2 0 2 2 2 2 2 2 2 2 2 2 2 2 2 2 2 2 2 2 2 2 0 2 2 2 2 2 2 2 0 2 2 2 2 2 2 2 2 2 2 2 2 2 2 2 2 2 0 2 2 2 2 2 2 2 2 2 2 2 2 2 2 2 2 2 2 2 2 2 2 2 2 2 2 2 2 2 2 2 2 2 2 2 2 2 2 2 2 2 2 2 2 2 2 2 0 2 2 2 0 2 2 2 2 0 2 2 2 2 2 2 2 2 2 2 2 2 2 2 2 0 2 2 2 2 2 2 2 2 2 2 2 2 2 2 2 2 2 2 2
1051 2 2 2 0 2 2 2 2 0 2 2 2 2 0 0 0 2 0 2 0 0 0 0 0 2 0 2 0 0 2 0 0 0 2 2 2 0 2 0 0 2 0 2 2 2 2 2 2 0 2 0 2 0 2 0 0 2 2 2 0 0 2 0 0 0 2 2 2 0 0 2 0 0 0 2 2 2 2 0 2 0 2 2 2 2 2 2 2 2 2 2 0 2 0 0 0 2 0 2 2 0 2 2 0 2 0 2 2 0 2 0 0 0 2 0 0 2 2 2 0 2 0 0 2 2 2 0 2 0 2 0 2 2 0 0 2 0 2 2 2 0 2 2 0 2 2 2 2 1 0 2 2 2 0 2 2 2 2 0 2 0 0 2 0 2 2 0 2 2 2 0 2 0 2 0 0 2 0 2 0 2 2 2 2 2 2 0 0 0 2 1 2 2 0 0 2 2 2 0 2 0 2 2 2 0 2 2 0 2 0 2 0 2 2 0 2 2 1 0 2 0 0 2 0 0 2 2 0 0 2 0 0 0 0 0 0 0 0 2 0 2 0 2 0 0
1052 0 0 0 0 2 0 0 0 0 0 0 0 2 0 0 2 2 0 0 0 0 0 1 0 1 0 0 0 0 0 1 0 0 1 2 1 0 0 0 0 0 0 2 0 0 0 0 0 0 0 0 0 2 0 1 1 0 0 0 0 0 0 0 0 2 2 0 0 0 0 0 0 1 2 2 0 0 0 0 2 2 0 1 1 1 2 0 0 2 2 0 0 0 2 1 0 2 1 0 0 2 0 0 0 0 0 0 2 2 0 0 0 2 0 0 0 2 0 2 0 2 0 0 0 0 0 0 0 0 0 0 0 0 0 0 2 2 0 0 2 0 0 0 2 0 0 0 2 1 0 0 0 0 2 0 0 1 0 2 0 1 0 0 2 2 0 2 1 1 0 0 2 2 0 2 0 2 2 0 0 1 0 0 0 0 1 2 1 2 0 0 0 0 0 2 0 0 0 2 0 0 2 0 2 0 0 0 2 0 0 2 0 0 0 0 0 0 1 0 0 0 2 0 0 0 0 0 2 2 1 2 0 0 2 0 0 2 0 2 1 2 0 0 2 0
1053 0 0 2 2 2 2 0 2 2 2 2 2 2 2 2 2 2 2 2 2 2 2 2 2 2 2 2 2 2 2 2 2 2 2 2 2 2 0 2 2 2 2 2 2 2 2 2 0 2 2 2 2 2 2 2 2 2 0 2 2 2 2 2 2 2 2 0 2 2 2 2 2 2 2 2 2 2 2 2 2 2 2 2 2 2 2 2 2 2 2 2 2 2 2 2 2 2 2 2 2 2 2 0 2 2 2 2 2 2 0 2 2 2 2 2 2 2 2 2 2 2 2 2 2 2 0 2 2 2 2 2 2 2 2 2 2 2 2 2 2 2 2 2 2 2 2 2 2 2 2 2 2 2 2 2 2 0 2 2 2 2 0 2 2 2 2 2 2 2 2 0 2 2 0 2 0 2 2 2 2 2 2 2 2 0 0 2 2 2 2 2 2 2 2 2 2 2 0 2 2 2 2 2 2 2 0 0 2 2 2 2 2 2 2 0 2 2 2 2 2 2 2 2 2 0 2 2 2 2 0 2 2 2 2 2 2 2 2 2 2 2 2 2 2 2
1054 0 0 2 0 0 0 0 2 2 0 0 0 0 2 0 0 0 2 0 0 0 0 2 2 0 0 0 0 2 0 2 0 2 0 0 1 2 0 0 0 0 2 0 0 0 2 0 0 2 0 0 2 2 0 2 2 2 0 2 0 0 0 0 0 0 0 0 0 2 0 0 0 2 2 0 0 2 0 0 2 0 2 0 2 0 0 2 0 2 0 0 0 0 0 0 2 0 2 2 2 0 0 0 2 2 2 0 2 0 0 2 2 0 0 0 0 0 0 0 2 0 2 0 0 0 0 0 0 0 0 2 2 0 2 2 0 0 0 0 0 0 0 0 0 2 0 2 0 0 2 2 2 0 0 0 2 0 2 0 0 0 0 2 0 0 0 0 0 2 0 0 0 0 0 0 0 2 0 0 0 0 2 2 0 0 0 2 0 0 0 0 0 0 2 0 0 0 0 0 1 2 0 0 0 2 0 0 0 0 2 0 0 2 2 0 0 0 0 2 0 0 0 0 0 0 0 0 0 0 0 2 0 0 0 0 2 0 0 0 0 0 0 0 0 0
1055 0 0 2 2 0 2 0 2 2 2 2 2 0 2 0 0 2 2 2 0 0 2 2 2 2 2 0 2 2 2 2 2 2 2 0 1 2 0 0 2 2 2 2 2 2 2 2 0 2 2 2 2 2 2 2 2 0 0 2 2 2 0 2 2 2 0 0 2 2 0 2 2 2 2 2 2 2 2 2 2 2 0 0 2 2 0 2 0 2 0 0 0 0 0 2 2 0 2 2 2 2 0 0 2 2 0 0 2 0 0 2 2 0 0 2 2 0 2 2 2 0 2 0 2 2 0 2 2 2 2 2 2 0 2 0 0 2 2 2 0 0 0 0 0 0 0 2 2 1 2 2 0 2 2 0 0 0 2 1 2 2 0 2 2 0 2 2 1 0 2 0 0 2 0 2 0 2 2 2 0 0 2 0 0 0 0 2 0 2 0 0 0 0 2 2 0 0 0 2 1 0 0 2 0 0 0 2 2 2 0 2 2 2 0 0 2 2 2 2 2 2 2 2 0 0 0 0 2 2 0 2 2 0 2 2 2 2 0 2 2 0 2 2 2 2
1056 2 2 2 2 2 0 2 2 2 2 2 2 2 2 2 2 2 2 2 2 2 2 2 2 2 0 2 2 2 2 2 2 2 2 2 2 2 2 2 2 2 2 2 2 2 2 0 2 0 2 2 2 2 2 2 2 2 2 2 2 2 2 2 2 2 2 2 2 2 2 0 2 2 2 2 2 2 2 2 2 2 2 2 2 0 2 2 0 2 2 2 2 2 2 2 2 2 2 2 2 2 2 2 2 2 2 2 2 2 2 2 2 2 2 2 2 2 2 0 2 2 2 2 2 2 2 2 2 2 0 2 2 2 2 2 2 2 0 2 2 0 2 2 2 2 2 2 2 1 2 2 2 0 2 2 2 2 2 2 2 2 2 2 2 2 2 2 2 2 2 2 2 2 2 2 2 2 2 2 0 2 2 2 2 2 2 2 2 2 2 2 2 0 2 2 2 2 2 2 2 2 2 2 2 2 2 2 2 0 2 2 2 2 2 2 2 2 1 2 2 2 0 2 2 2 2 2 2 0 2 2 0 0 0 2 2 0 0 0 2 2 2 2 2 2
1057 0 2 2 2 2 2 2 2 2 2 0 0 2 2 0 2 2 2 2 2 2 2 2 2 0 0 2 2 2 2 2 2 2 2 2 2 2 2 2 0 2 2 2 2 2 2 2 0 2 2 2 2 2 2 2 2 2 2 2 0 2 2 2 0 2 2 2 0 2 0 2 2 2 2 2 2 2 0 0 2 2 2 0 2 2 2 2 2 2 2 2 2 0 0 2 2 2 2 2 2 0 2 2 2 2 2 2 2 0 2 2 2 0 2 2 2 2 0 2 2 2 2 2 2 0 2 2 0 0 2 2 2 2 2 2 2 2 2 0 2 2 2 2 2 2 2 2 2 1 2 2 0 2 2 2 2 0 2 2 0 0 2 2 2 2 2 2 1 2 0 2 2 2 0 2 0 2 2 0 2 2 2 2 2 0 0 2 0 2 2 1 2 2 2 2 2 2 0 2 2 2 2 2 2 2 0 2 2 2 2 0 2 2 2 2 0 2 2 0 0 0 2 0 0 2 0 2 2 2 0 2 2 2 2 2 0 2 2 2 2 2 2 0 2 2
1058 2 2 2 2 0 0 2 2 2 2 2 2 0 2 2 0 2 2 0 2 2 2 2 2 2 2 2 2 2 0 2 2 2 2 0 2 2 2 2 2 2 2 2 0 2 2 0 2 0 0 2 0 2 2 2 2 2 2 2 0 0 0 2 2 2 0 2 2 2 0 0 2 2 2 2 0 2 2 2 2 2 2 2 2 0 2 2 2 0 0 2 2 2 2 2 2 0 2 2 2 2 2 2 2 0 2 2 2 2 2 2 2 2 0 2 2 0 2 0 2 0 2 0 0 2 2 2 2 2 0 2 2 2 2 2 2 2 0 2 2 2 2 2 2 0 2 0 2 1 2 0 2 2 2 0 2 2 2 2 2 2 2 2 2 2 2 2 1 2 2 2 0 2 2 2 0 2 2 2 2 2 2 2 2 2 2 2 2 2 0 0 2 2 2 2 2 0 2 2 2 2 2 2 0 2 2 2 2 0 2 2 2 2 0 0 2 2 1 2 2 2 0 2 2 2 2 2 2 0 2 0 0 2 2 2 0 2 2 0 2 0 2 0 2 2
1059 2 2 2 2 2 2 2 2 2 2 0 2 2 2 2 2 2 2 2 2 2 2 2 2 2 2 2 2 2 2 2 2 2 2 2 2 2 2 2 0 2 2 2 2 2 2 2 2 2 2 2 2 2 2 2 2 2 2 2 2 2 2 2 0 2 2 2 0 2 2 2 2 2 2 2 2 2 2 0 2 0 0 2 2 2 2 2 2 2 2 2 2 2 2 2 2 2 2 2 2 2 2 2 2 2 0 2 2 2 2 2 2 2 2 2 2 2 0 2 2 2 2 2 2 2 2 2 0 2 2 2 2 2 2 0 2 2 2 0 2 2 2 2 2 2 2 2 2 2 0 2 2 2 2 2 2 2 2 2 0 0 0 0 2 2 2 2 1 0 0 0 2 2 2 2 2 2 2 0 2 2 0 2 2 2 2 2 2 2 2 2 2 2 2 2 2 2 2 2 2 0 2 2 2 0 0 2 2 2 0 2 2 2 2 2 0 2 2 2 0 0 2 0 2 0 2 2 0 2 2 2 2 2 2 2 2 2 2 2 2 2 2 2 2 2
1060 0 0 2 2 2 2 0 2 2 2 2 2 2 2 2 0 2 2 2 2 2 2 0 2 2 2 2 2 2 2 2 2 2 2 2 2 0 0 2 2 2 2 2 2 2 2 2 0 2 2 2 2 2 2 0 0 2 0 2 2 2 2 2 2 2 2 0 2 2 2 2 2 2 2 2 2 2 2 2 2 2 0 2 2 2 2 2 2 2 2 0 2 2 2 2 2 0 2 2 2 0 2 0 2 2 2 0 2 2 0 0 2 2 2 2 2 2 2 2 2 0 2 2 2 0 0 2 2 2 2 0 0 2 2 2 2 2 2 2 0 2 2 2 2 2 0 2 2 2 2 2 0 2 0 2 2 0 2 2 2 2 2 2 0 0 2 0 2 0 2 2 2 2 0 0 2 2 0 2 2 2 2 2 2 0 0 2 2 0 2 1 2 2 2 0 2 2 2 2 2 2 0 2 0 2 2 2 2 2 2 2 2 2 2 2 2 2 2 2 2 2 2 2 2 2 2 2 2 2 0 2 2 2 2 2 2 2 2 2 2 2 0 2 0 0
1061 0 0 0 0 0 0 0 0 0 0 2 2 0 0 0 0 0 0 2 0 0 0 0 0 0 0 0 0 0 2 0 0 0 0 0 1 0 0 0 2 2 0 2 2 0 0 0 0 2 0 2 2 2 0 0 0 0 0 0 0 2 2 0 2 2 0 0 2 2 0 0 0 0 2 0 2 0 2 0 2 0 0 0 0 0 0 0 0 0 0 0 0 0 0 2 0 0 0 0 0 0 0 0 0 0 0 0 2 0 0 0 0 0 2 0 0 0 2 2 0 0 0 2 2 0 0 2 2 0 0 0 0 0 0 0 0 2 0 2 0 0 0 0 0 2 0 2 0 0 0 0 0 2 0 0 2 2 2 1 2 0 2 0 0 0 0 0 1 0 2 2 0 0 0 0 0 2 0 2 0 0 0 0 0 2 2 0 0 0 2 1 0 0 0 0 0 0 0 0 2 0 0 2 0 0 0 0 0 0 0 0 0 0 2 0 2 2 1 0 2 2 0 2 0 2 0 0 0 0 2 0 0 0 0 0 2 0 0 2 1 0 0 2 0 0
1062 2 2 2 2 2 0 0 2 2 2 2 2 2 2 2 2 2 2 2 2 2 2 2 2 2 2 2 2 2 2 2 2 2 2 2 1 2 2 2 2 2 2 2 0 2 2 2 0 0 2 2 2 0 0 2 2 2 2 2 2 2 2 0 2 2 2 2 2 0 2 2 2 2 0 2 2 2 2 2 2 2 2 2 2 2 2 2 0 2 2 2 2 2 2 2 2 2 2 2 2 2 2 2 2 2 2 2 2 2 2 0 2 2 2 2 2 2 2 2 2 2 2 2 0 2 0 2 2 2 2 0 0 2 2 2 2 2 0 2 2 2 2 2 2 2 0 2 2 1 2 2 0 0 2 2 0 2 2 1 2 0 2 2 2 2 2 2 2 2 2 2 2 2 0 2 2 2 2 2 2 2 2 2 2 2 2 2 2 2 2 1 2 0 2 2 2 2 2 2 0 2 2 2 2 2 2 2 2 2 2 0 0 2 2 2 2 2 2 2 2 2 2 2 2 2 2 2 2 2 2 2 2 2 2 0 2 2 2 2 2 2 2 2 2 2
1063 2 0 2 2 0 2 2 2 2 2 2 2 0 2 2 2 2 2 2 2 2 2 0 2 0 2 2 2 2 2 2 2 2 2 0 2 0 0 2 2 2 2 2 2 2 2 2 2 2 2 2 2 2 2 0 0 2 0 2 2 2 2 2 2 2 0 0 2 2 2 2 2 2 2 2 2 2 2 2 2 2 2 2 2 2 2 2 2 2 0 2 2 2 2 2 2 2 2 2 2 2 2 0 2 2 2 2 2 2 0 2 2 2 2 2 2 0 2 0 2 2 2 2 2 2 2 2 2 2 2 2 2 2 2 2 2 0 2 2 2 2 2 2 2 2 2 2 2 1 2 2 2 2 2 2 2 0 2 2 2 2 0 2 2 2 2 2 1 2 2 0 0 2 0 2 2 2 2 2 2 2 2 2 2 0 0 2 2 2 2 2 2 2 2 2 2 2 2 2 2 2 2 2 2 2 2 2 2 2 2 2 2 2 2 2 2 2 1 2 2 2 0 2 0 0 2 2 2 0 0 2 2 2 2 2 2 2 2 0 2 0 2 2 2 2
1064 0 0 0 2 0 0 0 0 0 0 0 2 0 0 0 0 0 2 0 2 0 2 0 0 0 0 0 2 2 0 0 2 0 0 0 0 0 0 2 0 2 0 0 0 0 0 0 0 0 2 2 0 0 0 0 0 0 0 0 0 2 0 0 2 0 0 0 2 2 0 0 0 0 0 0 0 0 2 0 0 0 0 0 0 0 0 0 0 2 0 0 2 0 0 0 0 0 0 0 0 0 0 0 0 2 0 0 0 0 0 0 0 0 0 2 0 0 2 0 0 0 0 0 0 0 0 2 2 0 0 2 0 0 0 0 0 0 0 2 0 2 0 0 0 0 0 0 0 0 2 0 0 0 0 0 0 0 2 1 2 0 0 0 0 0 0 0 1 0 2 0 0 0 0 0 0 0 0 2 0 0 0 0 0 0 0 0 0 0 2 1 0 0 2 0 0 0 0 0 0 0 0 2 0 0 0 0 0 0 0 0 0 0 0 0 2 2 1 0 2 2 0 2 0 0 0 0 0 0 0 0 0 0 0 0 0 0 0 0 1 0 0 0 0 0
1065 2 2 2 2 2 0 2 2 2 2 2 0 2 2 0 0 2 0 2 0 2 2 2 2 2 0 2 2 0 2 2 2 0 0 2 2 2 2 0 2 2 0 2 0 2 2 2 0 2 2 2 2 2 2 2 2 2 2 2 2 2 2 0 2 2 2 2 2 2 0 2 2 0 2 2 2 2 0 0 2 2 0 2 0 0 2 2 0 2 2 2 0 0 2 0 0 0 2 2 2 2 0 2 2 2 2 2 2 0 2 0 0 2 2 2 0 2 2 0 0 0 2 2 0 0 2 2 2 2 0 2 0 2 0 2 2 0 0 2 2 2 2 2 2 0 2 2 0 0 2 0 0 2 2 0 2 0 2 1 2 0 0 0 2 2 2 2 1 0 2 0 0 2 0 2 0 0 2 2 2 2 2 2 2 0 0 0 2 2 2 2 2 0 2 2 2 0 0 0 0 2 2 2 2 2 2 0 0 2 2 2 0 2 0 0 2 2 1 0 2 2 0 2 2 0 0 2 2 0 0 2 0 2 0 0 2 2 2 0 1 2 2 2 2 2
1066 2 2 2 2 2 2 2 2 2 2 2 2 2 2 2 2 2 2 2 2 2 2 2 2 2 2 2 2 2 2 2 2 2 2 2 2 2 2 2 2 0 2 2 2 2 2 2 2 2 2 2 2 2 0 2 2 2 2 2 2 2 2 2 0 2 2 2 0 0 2 2 2 2 2 2 2 2 2 2 2 2 0 2 2 2 2 2 2 2 2 2 2 2 2 2 2 2 2 2 2 2 2 2 2 2 2 2 2 2 2 2 2 2 2 2 2 2 0 2 2 2 2 2 2 2 2 0 2 2 2 2 2 2 2 2 2 2 2 2 2 2 2 2 2 2 2 2 2 2 2 2 2 2 2 2 2 2 2 2 0 2 2 2 2 2 2 2 2 0 0 2 2 2 2 2 2 2 2 0 2 2 2 2 2 2 2 2 2 2 0 1 2 2 2 2 2 2 2 2 2 2 2 2 2 2 2 2 2 2 2 2 2 2 2 2 0 2 2 2 2 2 2 0 2 2 2 2 2 2 2 2 2 2 2 2 2 2 2 2 2 2 2 2 2 2
1067 2 0 2 2 0 0 0 0 2 2 2 0 0 2 0 2 2 2 2 0 2 2 0 2 0 2 0 2 2 2 0 2 0 0 2 0 0 1 0 2 0 0 2 2 2 2 2 0 2 2 2 2 2 0 0 0 2 0 2 2 0 0 0 0 2 0 0 0 0 0 2 0 0 2 2 2 2 0 0 0 0 0 0 0 0 0 2 0 2 2 2 0 0 2 2 0 0 0 0 2 0 0 0 0 2 0 0 0 0 0 0 0 2 0 0 0 2 0 0 0 0 2 0 2 0 0 0 0 2 0 2 0 2 0 0 0 2 0 0 2 2 0 0 0 2 0 2 2 0 0 0 0 2 0 0 2 2 2 1 0 0 2 0 2 2 2 0 0 0 1 2 0 0 0 0 0 2 0 0 0 0 0 0 0 2 2 2 0 0 0 1 0 0 0 0 0 0 0 2 0 0 2 2 0 0 0 0 2 2 0 0 0 2 2 0 0 2 2 2 0 0 2 0 0 2 0 0 0 2 2 2 0 0 2 0 0 0 0 0 2 2 0 0 0 0
1068 2 2 2 2 2 2 2 2 0 0 2 2 2 2 2 2 2 2 0 2 2 2 2 2 2 2 2 2 2 0 2 2 2 2 2 2 2 2 2 2 2 2 0 0 0 2 0 2 2 0 2 0 0 2 2 2 2 2 2 2 2 2 2 2 0 2 2 2 2 2 2 2 2 0 2 0 2 2 2 2 2 2 2 2 2 2 2 2 2 2 2 2 2 2 2 2 2 2 2 2 2 2 2 2 2 2 2 2 2 2 2 2 2 2 2 2 2 2 2 2 2 2 2 0 2 2 2 2 2 2 2 2 2 2 2 2 2 2 2 2 0 2 2 2 2 2 0 2 2 2 2 2 0 2 2 0 2 0 2 2 2 2 2 2 2 2 2 2 2 2 2 2 2 2 2 2 2 2 2 2 2 2 2 2 2 2 2 2 2 2 1 2 2 2 2 2 2 2 2 2 2 2 0 2 2 2 2 2 0 2 2 2 2 2 2 2 0 2 0 2 2 2 2 2 2 2 2 2 2 2 2 2 2 2 2 2 2 2 2 1 2 2 2 2 2
1069 2 0 2 2 0 0 2 2 2 2 2 2 0 2 2 2 2 2 2 2 2 2 0 2 0 2 0 2 2 2 2 2 0 0 2 1 2 0 2 2 2 0 2 2 2 2 2 0 2 2 2 2 2 2 0 0 2 0 2 2 2 2 0 2 2 0 0 2 2 0 2 2 0 2 2 2 2 2 2 2 2 2 2 2 2 0 2 0 2 2 2 2 0 2 2 0 0 2 2 2 0 0 0 2 2 2 0 2 2 0 0 0 2 2 2 0 2 2 0 0 0 2 2 2 0 2 2 2 2 2 2 0 2 0 2 0 2 0 2 2 2 0 0 0 2 2 2 2 1 2 2 0 2 0 2 2 2 2 1 2 0 2 2 2 2 2 0 1 2 2 2 0 0 0 0 0 2 0 2 2 0 2 2 0 2 2 2 2 0 2 2 0 0 2 0 0 2 2 2 2 2 2 2 0 2 0 0 2 2 2 2 0 2 2 2 2 2 2 2 2 2 2 2 2 2 0 0 2 2 2 2 0 2 2 0 0 2 2 0 2 2 0 2 0 0
1070 2 0 2 2 0 0 0 2 2 2 2 0 0 2 0 2 2 0 2 2 2 2 0 2 0 2 2 2 0 2 1 2 0 0 2 2 0 0 2 2 2 0 2 2 2 2 2 0 2 2 2 2 2 0 0 0 0 0 2 2 2 2 0 0 2 0 0 0 0 0 2 0 0 2 2 2 2 0 0 2 0 0 0 0 0 2 2 0 2 2 2 2 0 2 2 0 0 0 2 2 2 2 0 0 2 0 2 0 0 0 0 0 2 2 0 0 2 0 0 0 0 2 2 2 0 0 2 2 2 0 2 0 2 0 0 2 2 0 2 2 2 2 2 0 2 0 2 2 0 0 0 0 2 2 0 2 2 2 1 0 0 2 0 2 2 2 2 1 0 0 2 0 2 0 2 0 2 2 0 0 2 0 2 2 2 2 2 0 2 0 1 2 0 0 2 2 0 0 2 1 0 2 2 0 0 0 0 2 2 0 2 0 2 2 0 0 2 1 0 2 2 0 0 2 2 0 2 2 0 2 0 0 0 2 0 0 0 0 0 2 2 2 0 2 2
1071 2 0 2 2 0 0 0 2 2 2 2 0 0 2 0 2 2 0 2 0 2 2 0 2 0 2 2 2 0 2 0 2 0 0 2 2 0 0 0 2 0 0 2 2 2 2 2 0 2 2 2 2 2 0 0 0 0 0 2 2 2 2 0 0 2 0 0 0 0 0 2 0 0 2 2 2 2 0 0 2 0 0 0 0 0 2 2 0 2 2 2 0 0 2 2 0 0 0 2 2 2 2 0 0 2 0 2 0 0 0 0 0 2 2 0 0 2 0 0 0 0 2 2 2 0 0 0 2 2 0 2 0 2 0 0 2 2 0 2 2 2 2 2 0 2 0 2 2 0 0 0 0 2 2 0 2 2 2 1 0 0 2 0 2 2 2 2 2 0 0 2 0 2 0 2 0 2 2 0 0 2 0 2 2 2 2 2 0 2 0 1 2 0 0 2 2 0 0 2 1 0 2 2 2 0 0 0 2 2 0 2 0 2 2 0 0 2 1 0 2 2 0 0 2 2 0 2 2 0 2 0 0 0 2 0 0 0 0 0 2 2 2 0 2 2
1072 0 2 0 2 2 2 2 2 0 2 2 2 2 0 2 2 2 0 2 0 0 2 2 0 2 2 2 2 0 2 2 2 2 2 2 2 2 2 2 2 0 2 2 2 2 0 0 2 0 2 2 0 2 2 2 2 2 2 0 0 2 2 2 2 0 2 2 2 2 2 0 2 2 2 2 2 0 2 2 2 0 2 2 2 2 2 0 2 2 2 2 2 2 2 2 2 2 2 2 0 2 2 2 2 2 2 2 0 2 2 2 2 2 2 2 0 2 2 2 2 2 2 2 2 2 2 2 2 2 2 2 2 0 2 2 2 2 2 2 2 2 2 2 2 2 2 0 2 2 2 2 2 2 2 2 2 2 2 2 2 2 0 2 2 2 2 2 2 2 2 0 2 2 2 2 2 2 2 2 2 2 2 2 2 2 2 2 2 2 2 2 2 2 2 2 2 2 2 2 2 2 2 2 2 2 2 2 2 0 2 2 2 0 2 2 2 2 2 2 2 2 2 2 2 0 2 2 2 2 2 2 2 2 0 2 0 2 2 2 2 2 2 2 2 2
1073 0 0 0 0 0 0 0 0 0 0 2 0 0 0 0 0 0 2 0 2 0 0 0 0 0 0 0 0 2 0 0 0 0 0 0 0 0 0 0 2 0 0 0 0 0 0 0 0 2 0 0 0 0 0 0 0 0 0 0 0 0 2 0 0 0 0 0 0 2 0 0 2 0 0 0 0 0 0 0 0 0 0 0 0 0 0 0 0 0 0 0 0 0 0 0 0 0 0 0 0 0 0 0 0 0 0 0 0 0 0 0 0 0 2 0 2 0 0 0 0 0 0 2 0 0 0 0 0 0 0 0 0 0 0 0 0 0 0 0 0 0 0 0 0 0 0 0 0 0 0 0 0 0 0 0 0 0 0 0 0 0 0 0 0 0 0 0 0 0 0 0 0 0 0 0 0 2 0 0 0 0 0 0 0 0 0 0 0 0 0 0 0 0 0 0 0 0 0 0 0 0 0 0 0 0 0 0 0 0 0 0 0 0 0 0 0 0 0 0 0 0 0 0 0 0 0 0 0 0 0 0 0 0 0 0 2 0 0 0 0 0 0 0 0 0
1074 0 0 0 0 0 0 0 0 0 0 2 0 0 0 0 0 0 2 0 2 0 0 0 0 0 0 0 0 2 0 0 0 0 0 0 0 0 0 0 2 0 0 0 0 0 0 0 0 2 0 0 0 0 0 0 0 0 0 0 0 0 2 0 0 0 0 0 0 2 0 0 2 0 0 0 0 0 0 0 0 0 0 0 0 0 0 0 0 0 0 0 0 0 0 0 0 0 0 0 0 0 0 0 0 0 0 0 0 0 0 0 0 0 2 0 2 0 0 0 0 0 0 2 0 0 0 0 0 0 0 0 0 0 0 0 0 0 0 0 0 0 0 0 0 0 0 0 0 0 0 0 0 0 0 0 0 0 0 0 0 0 0 0 0 0 0 0 0 0 0 0 0 0 0 0 0 2 0 0 0 0 0 0 0 0 0 0 0 0 0 0 0 0 0 0 0 0 0 0 0 0 0 0 0 0 0 0 0 0 0 0 0 0 0 0 0 0 0 0 0 0 0 0 0 0 0 0 0 0 0 0 0 0 0 0 2 0 0 0 0 0 0 0 0 0
1075 0 0 0 0 0 0 0 0 0 0 2 0 0 0 0 0 0 2 0 2 0 0 0 0 0 0 0 0 2 0 0 0 0 0 0 0 0 0 0 2 0 0 0 0 0 0 0 0 2 0 0 0 0 0 0 0 0 0 0 0 0 2 0 0 0 0 0 0 2 0 0 2 0 0 0 0 0 0 0 0 0 0 0 0 0 0 0 0 0 0 0 0 0 0 0 0 0 0 0 0 0 0 0 0 0 0 0 0 0 0 0 0 0 2 0 2 0 0 0 0 0 0 2 0 0 0 0 0 0 0 0 0 0 0 0 0 0 0 0 0 0 0 0 0 0 0 0 0 0 0 0 0 0 0 0 0 0 0 0 0 0 0 0 0 0 0 0 0 0 0 0 0 0 0 0 0 2 0 0 0 0 0 0 0 0 0 0 0 0 0 0 0 0 0 0 0 0 0 0 0 0 0 0 0 0 0 0 0 0 0 0 0 0 0 0 0 0 0 0 0 0 0 0 0 0 0 0 0 0 0 0 0 0 0 0 0 0 0 0 0 0 0 0 0 0
1076 2 0 2 0 0 0 0 0 2 0 0 0 0 2 0 0 0 2 0 2 2 0 0 2 0 0 0 0 2 0 0 0 0 0 0 0 0 0 2 0 0 0 0 0 0 2 0 0 2 0 0 0 0 0 0 0 0 0 2 2 0 2 0 0 0 0 0 0 2 0 0 2 0 0 0 0 2 0 0 0 0 0 0 0 0 0 2 0 0 0 0 2 0 0 0 0 0 0 0 2 0 0 0 0 0 0 0 0 0 0 0 0 0 2 0 2 0 0 0 0 0 2 2 0 0 0 0 0 0 0 0 0 0 0 0 0 0 0 0 0 0 0 0 0 0 0 0 0 0 0 0 0 0 0 0 0 0 0 0 0 0 0 0 0 0 0 0 0 0 0 0 0 0 0 0 0 2 0 0 0 0 0 0 0 0 0 0 0 0 0 0 0 0 0 0 0 0 0 0 0 0 0 0 0 0 0 0 0 0 0 0 0 2 0 0 0 0 0 0 0 0 0 0 0 0 0 0 0 0 0 0 0 0 0 0 2 0 0 0 0 0 0 0 0 0
1077 2 2 2 2 2 2 2 0 2 2 2 0 2 2 2 2 2 2 2 2 2 2 2 2 0 0 2 2 2 2 2 2 2 2 0 1 2 2 2 2 2 2 2 2 2 2 2 2 2 2 2 2 0 2 2 2 2 2 2 2 2 2 2 2 2 2 2 2 2 2 2 2 2 0 2 2 2 0 2 0 0 0 0 2 0 2 2 2 2 0 0 2 2 0 0 2 0 0 0 2 0 0 2 2 2 0 0 2 2 2 2 2 0 2 2 2 0 2 2 2 0 2 2 2 2 2 2 2 2 0 2 2 2 2 0 2 2 2 2 2 2 2 2 2 0 2 2 2 1 0 0 2 2 0 0 0 2 0 1 2 2 2 2 2 2 2 0 1 0 2 2 2 2 2 0 2 2 0 2 2 2 0 0 2 2 2 2 0 0 2 2 2 2 0 0 2 2 2 0 1 0 2 0 2 0 2 2 0 2 0 0 2 2 0 0 2 0 1 2 2 2 0 2 2 2 2 2 2 0 2 0 2 2 0 2 2 0 2 2 0 0 0 2 2 0
1078 2 0 2 2 2 2 0 0 2 2 2 2 2 2 0 0 0 2 2 0 0 2 0 2 0 0 2 2 2 2 2 2 0 0 0 1 2 0 2 2 0 0 2 2 2 2 2 2 2 2 2 2 2 2 0 0 0 0 2 2 2 0 2 0 2 2 0 0 2 0 2 0 2 2 0 2 2 2 2 2 2 0 0 2 0 2 2 2 2 0 0 2 0 2 0 0 0 2 0 2 0 2 0 2 2 0 0 2 2 0 2 0 2 2 2 2 0 0 2 0 0 2 2 2 0 0 2 0 2 0 2 2 2 0 0 2 2 2 0 2 2 2 2 2 2 2 2 2 1 0 0 2 2 0 0 0 2 0 2 0 2 2 2 0 2 2 0 0 0 0 2 2 0 2 0 0 2 0 0 2 2 0 0 2 2 2 2 0 0 0 1 2 2 0 0 2 0 2 0 2 0 2 0 2 0 2 0 0 2 0 2 2 2 2 0 0 0 0 2 0 0 0 0 2 2 0 2 2 0 2 2 2 2 0 2 2 0 2 2 0 0 0 2 2 0
1079 2 0 2 2 2 2 2 2 2 2 2 2 2 2 2 2 2 2 2 2 2 2 2 2 2 2 2 2 2 2 2 2 0 0 2 1 2 0 2 2 2 0 2 2 2 2 2 2 2 2 2 2 2 2 2 2 0 0 2 0 2 2 2 0 2 2 0 2 2 0 2 2 2 2 2 2 2 2 2 2 2 2 2 2 2 2 2 2 2 2 2 2 0 2 2 0 2 2 2 2 2 2 0 2 2 2 2 2 2 0 2 0 2 2 2 2 2 0 2 0 2 2 2 2 2 2 2 0 2 2 2 2 0 0 2 2 2 2 0 2 2 2 2 2 2 2 2 2 2 2 2 2 2 2 2 2 2 2 2 0 2 2 2 2 2 2 2 1 2 0 2 2 2 2 2 0 2 2 0 2 2 2 2 2 2 2 2 2 2 0 1 2 2 2 2 2 2 2 2 2 2 2 2 2 2 2 0 2 2 2 2 2 2 2 2 0 2 2 2 0 0 2 2 2 2 0 2 2 2 2 2 2 2 2 2 0 2 2 2 2 2 2 2 2 2
1080 2 0 2 2 2 1 2 2 2 2 2 2 2 2 2 2 2 2 2 2 2 2 2 2 2 2 2 2 2 2 2 2 2 2 2 2 2 0 2 2 2 2 2 2 2 2 2 2 2 2 2 2 2 2 2 2 0 1 2 2 2 2 2 0 2 2 0 2 2 2 2 2 2 2 2 2 2 2 2 2 2 2 2 2 2 2 2 2 2 2 2 2 2 2 2 2 2 2 2 2 2 2 0 2 2 2 2 2 2 0 2 2 2 2 2 2 2 0 2 2 2 2 2 2 2 2 2 0 2 2 2 2 2 2 2 2 2 2 0 2 2 2 2 2 2 2 2 2 2 2 2 2 2 2 2 2 2 2 2 0 2 1 2 2 2 2 2 1 2 0 2 2 2 2 2 0 2 2 0 2 2 2 2 2 2 2 2 2 2 0 2 2 2 2 2 2 2 2 2 2 2 2 2 2 2 2 0 2 2 2 2 2 2 2 2 0 2 2 2 0 0 2 2 2 2 2 2 2 2 2 2 2 2 2 2 2 2 2 2 2 2 2 2 2 2
1081 2 2 2 2 2 0 2 2 2 2 2 2 2 2 2 2 0 2 2 2 2 2 0 2 2 2 2 2 2 2 0 2 2 2 0 2 0 2 2 2 2 2 2 0 2 2 2 2 2 2 2 2 2 0 0 0 2 2 2 2 2 2 0 2 2 2 2 2 2 2 0 2 0 2 0 2 2 2 0 0 2 2 2 0 2 2 2 2 2 0 2 2 2 0 2 2 2 2 2 2 2 2 2 0 2 2 2 1 2 2 0 2 0 2 2 2 2 2 0 2 2 2 2 0 0 2 2 2 2 2 2 0 2 2 2 2 2 0 2 2 2 2 2 2 2 0 2 2 1 2 2 0 2 2 0 2 2 2 1 2 0 0 0 0 2 2 2 2 2 2 2 0 2 0 2 2 2 2 2 2 2 2 2 2 2 2 0 2 2 2 2 2 2 2 2 2 0 0 0 2 2 2 2 0 2 0 2 0 2 2 2 0 2 2 2 2 2 1 0 2 2 2 2 0 2 2 2 0 2 2 2 0 2 2 0 2 0 2 0 1 2 2 2 0 2
1082 2 2 2 2 2 2 2 0 2 2 2 2 2 2 2 2 2 2 2 2 2 2 2 2 2 0 0 2 2 2 2 2 2 2 2 1 2 2 2 2 2 2 0 2 2 2 0 2 2 2 2 0 2 2 2 2 2 2 2 2 2 2 2 2 2 2 2 2 2 2 2 2 2 2 2 2 2 2 2 2 0 0 0 2 2 0 2 2 0 2 2 2 2 2 2 2 2 2 0 2 0 2 2 2 2 2 0 0 2 2 2 2 2 2 2 2 2 2 0 2 2 2 2 2 2 2 2 2 0 2 2 2 2 2 2 0 2 2 2 2 2 0 0 2 2 2 0 0 2 2 2 2 0 0 2 2 2 2 2 2 2 2 2 2 2 0 0 2 0 2 2 2 2 2 0 2 2 0 2 2 2 2 0 0 2 2 2 0 0 2 1 2 2 0 0 0 2 2 2 2 2 2 2 2 2 2 2 2 0 2 0 2 2 2 2 2 2 1 2 2 2 2 2 2 2 2 2 2 2 2 2 2 2 0 2 2 0 2 0 2 2 0 0 2 0
1083 2 0 2 2 0 2 2 2 2 2 2 2 0 2 2 2 2 2 2 2 0 2 2 2 2 2 2 2 2 2 2 2 0 0 0 1 2 0 2 0 0 0 2 2 2 2 2 2 2 2 2 2 2 2 2 2 0 0 2 2 2 2 2 0 2 0 0 0 2 0 2 2 2 2 2 2 2 2 0 2 2 2 2 0 0 2 2 2 2 0 2 2 0 2 0 0 2 0 2 2 2 2 0 2 2 0 2 2 2 0 2 0 2 2 2 2 0 0 2 0 2 0 2 2 2 2 2 0 2 0 2 2 0 0 0 2 2 2 0 2 2 2 2 2 2 2 2 2 1 0 2 2 2 2 2 2 2 2 2 0 2 2 0 2 2 2 2 0 2 0 2 2 2 2 2 0 2 2 0 2 2 0 2 2 2 2 2 2 2 0 1 2 2 0 2 2 2 0 2 2 0 2 2 2 0 2 0 2 2 0 2 2 2 2 2 0 2 1 2 0 0 0 0 2 2 0 2 2 2 2 2 2 2 2 2 2 0 2 2 2 0 2 2 2 2
1084 2 2 2 2 2 0 2 2 2 2 2 2 2 2 2 2 0 2 2 2 2 2 2 2 2 2 2 2 2 2 0 2 2 2 2 2 2 2 2 2 2 2 2 2 2 2 2 2 2 2 2 2 2 2 2 2 2 2 2 2 2 2 2 2 2 2 2 2 2 2 2 0 2 2 0 2 2 2 2 2 2 2 2 2 2 2 2 2 2 2 2 2 2 2 2 2 2 2 2 2 0 2 2 0 2 2 0 2 2 2 2 2 2 2 2 2 2 2 2 2 2 2 2 2 2 2 2 2 2 2 2 2 2 2 2 2 0 0 2 2 2 2 2 0 2 2 2 2 1 2 2 0 2 0 2 2 0 2 1 2 0 2 2 0 2 2 0 2 2 2 2 2 2 0 0 2 2 0 2 2 2 2 2 2 0 0 2 2 0 2 2 2 2 2 0 2 2 2 0 2 2 2 2 2 2 0 2 0 2 2 2 2 2 2 2 2 2 2 2 2 2 2 2 2 2 2 2 2 2 0 2 0 2 0 2 2 2 2 2 1 2 0 2 0 0
1085 0 2 2 2 2 2 2 2 2 2 2 2 2 2 2 2 2 2 2 2 2 2 2 2 0 2 2 2 2 2 2 2 2 2 2 2 2 2 2 2 2 2 2 2 2 2 2 2 2 2 2 2 2 2 2 2 0 2 2 2 2 2 2 0 0 2 2 2 2 2 2 2 2 2 2 2 2 2 2 2 2 2 2 2 2 2 2 2 0 2 2 2 2 2 2 2 0 2 2 2 2 2 2 2 0 2 2 2 2 2 2 2 2 2 2 2 2 0 2 2 0 2 2 2 2 2 2 0 2 2 0 2 0 2 2 2 2 2 0 2 2 2 2 2 2 2 2 2 2 2 2 2 2 2 2 2 2 2 2 0 2 2 2 2 2 2 2 1 2 0 2 2 2 2 2 2 2 2 0 2 2 2 2 2 2 2 0 2 2 0 1 2 2 2 2 2 2 2 2 1 2 2 2 0 2 2 2 2 2 2 2 0 2 2 0 0 2 1 2 0 0 0 2 2 2 2 2 2 2 2 2 2 2 2 0 2 2 2 2 2 2 2 2 2 2
1086 0 0 0 0 2 2 0 0 2 0 0 2 2 0 0 2 0 0 0 0 0 0 0 0 0 2 2 0 0 0 0 0 0 0 0 1 0 0 2 0 0 0 0 0 0 0 0 0 0 0 0 0 0 0 0 0 0 0 0 0 0 0 0 0 0 2 0 0 2 0 0 0 0 0 0 0 0 2 0 0 0 0 0 0 2 2 0 0 0 0 2 2 0 2 0 0 0 0 0 0 0 2 0 0 0 0 2 0 2 0 0 0 2 0 0 0 0 0 0 0 0 0 0 0 0 0 0 0 0 2 0 0 0 0 0 2 0 2 0 2 0 2 2 2 0 2 0 0 1 0 0 0 0 0 2 0 2 0 1 0 0 2 2 0 0 0 0 1 0 0 0 0 2 0 0 0 2 0 0 0 2 0 0 2 2 0 0 0 0 0 0 2 0 0 0 2 2 0 0 0 0 0 0 0 0 2 0 0 0 0 0 0 0 0 0 0 0 1 0 0 0 0 0 0 0 0 2 0 0 0 0 2 0 2 0 0 2 0 0 0 0 2 0 2 2
1087 0 0 0 0 2 2 0 2 2 2 0 2 2 2 0 2 2 2 2 0 2 0 0 2 2 2 2 0 2 2 2 0 0 0 2 0 0 0 2 0 0 0 0 2 2 0 2 2 2 2 0 2 0 2 0 0 0 0 0 0 0 0 2 0 2 2 0 2 0 0 0 0 2 0 2 2 0 2 2 0 0 2 0 2 2 2 0 2 2 2 2 2 0 2 2 0 2 2 2 0 2 2 0 2 2 0 0 2 2 0 0 0 2 2 0 2 2 0 0 0 2 0 2 2 2 0 0 0 2 2 2 0 0 0 2 2 2 2 0 2 0 2 2 2 0 2 2 2 2 0 0 2 2 0 2 2 2 0 1 0 2 0 2 2 2 2 2 0 2 0 2 2 2 0 2 0 2 0 0 2 2 2 0 2 2 2 0 0 2 0 0 2 2 2 2 0 0 2 2 2 0 2 0 0 2 2 0 2 2 2 2 0 0 0 0 0 0 1 0 0 0 2 2 2 2 0 2 2 0 2 0 2 2 0 0 2 2 2 0 1 2 0 0 2 0
1088 0 0 2 2 2 0 0 0 2 2 2 2 2 2 2 2 0 2 2 2 2 2 0 2 2 2 2 2 2 2 2 2 2 0 0 1 0 0 2 2 2 2 2 2 2 2 2 2 2 2 2 2 2 2 0 0 2 0 2 2 2 2 2 2 2 2 0 2 2 0 2 2 2 2 0 2 2 2 0 2 2 2 0 2 2 2 2 2 2 0 2 2 2 2 0 2 2 2 0 2 0 2 0 2 2 2 0 2 0 0 0 2 2 2 2 2 2 2 0 2 2 2 2 2 2 0 2 2 0 2 2 0 2 2 2 2 0 0 2 0 0 2 2 2 2 2 2 0 1 2 2 2 2 2 2 2 2 2 2 2 2 2 0 0 0 0 0 1 2 2 2 0 0 2 0 0 2 2 2 2 2 2 2 2 2 0 0 0 0 2 1 2 2 2 0 2 2 2 0 2 2 0 2 0 2 2 0 0 2 2 2 2 2 2 0 2 2 2 0 2 2 2 2 2 2 2 2 2 2 0 2 2 2 0 2 2 2 2 0 1 2 0 2 0 0
1089 0 0 2 2 2 0 0 2 2 0 2 2 2 2 2 0 0 2 0 2 2 2 0 2 0 0 2 2 2 0 2 2 2 0 0 1 0 0 2 2 2 2 2 2 0 2 2 0 2 2 2 2 2 0 0 0 2 0 2 2 2 2 0 2 2 2 0 2 2 0 2 2 0 2 0 0 2 2 0 2 0 0 0 0 0 2 2 2 2 0 2 2 2 0 2 2 0 2 2 2 0 2 0 2 2 0 0 2 2 0 0 2 0 2 2 2 0 2 0 2 0 2 2 2 2 0 2 2 2 0 2 0 2 2 2 2 0 0 2 0 0 2 2 2 2 2 2 0 1 0 2 0 2 2 0 2 2 2 1 2 2 2 0 0 0 0 0 2 2 2 2 0 0 2 0 0 2 2 2 2 2 2 2 2 2 0 0 0 0 2 1 2 2 2 0 2 2 0 0 2 2 0 2 0 2 2 0 0 2 2 2 2 2 2 0 2 2 2 0 2 2 2 2 0 2 2 2 2 0 0 2 2 2 0 2 2 2 2 0 1 0 0 2 0 0
1090 1 2 2 2 2 0 0 2 0 2 2 2 2 2 2 0 2 1 0 2 0 2 0 2 1 0 2 2 2 0 0 2 2 0 2 1 0 2 2 2 2 2 2 2 2 2 2 0 0 2 2 2 2 2 0 1 0 2 2 2 2 0 2 0 2 2 2 2 2 0 2 2 2 2 2 0 2 2 2 2 2 2 0 2 0 1 2 0 2 2 2 2 2 2 2 2 0 0 2 2 2 2 2 0 2 0 2 2 2 2 0 2 0 2 2 2 2 0 2 2 0 2 2 2 1 0 0 2 2 1 0 0 0 2 0 2 2 2 2 2 0 2 2 2 2 2 2 1 1 0 2 2 2 2 2 0 0 2 0 2 2 2 2 2 2 0 2 1 2 2 2 2 2 2 2 0 2 2 2 0 2 0 0 2 1 2 0 0 2 2 1 2 0 2 2 2 2 2 2 2 0 2 2 2 0 2 0 2 2 0 2 2 2 2 0 0 2 2 2 0 0 2 2 2 2 2 2 2 2 2 2 0 0 2 2 2 0 0 2 2 2 2 2 2 2
1091 0 2 0 0 0 2 2 0 0 2 0 0 0 0 0 0 0 0 0 0 0 0 0 0 0 2 0 0 0 0 2 0 2 0 0 0 0 2 0 0 0 2 0 0 2 0 0 0 0 0 0 0 0 0 0 0 0 2 0 0 0 0 0 2 0 0 2 2 0 2 2 0 0 0 0 0 0 0 0 0 0 0 0 2 0 0 0 0 0 0 0 0 2 0 0 2 0 0 0 0 0 2 2 2 0 0 0 0 0 2 0 2 0 0 0 0 0 0 0 2 0 0 0 0 2 2 0 2 0 0 0 0 2 2 0 0 0 2 0 0 0 0 0 2 0 0 0 0 1 0 2 0 0 0 0 0 0 0 2 0 0 0 0 0 0 0 0 2 0 0 0 0 0 0 0 0 0 0 0 0 0 0 0 0 0 0 0 2 0 0 1 0 0 0 0 0 0 0 0 0 0 0 0 0 0 0 2 0 0 0 0 0 0 0 2 2 0 0 0 2 2 0 2 2 0 2 0 0 0 0 0 2 0 0 0 0 0 0 0 0 0 0 2 0 0
1092 2 2 2 2 2 2 2 2 2 2 2 2 2 2 2 2 2 2 2 2 2 2 2 2 2 2 2 2 2 2 2 2 2 2 0 2 2 2 2 2 2 2 2 2 2 2 2 2 2 2 2 2 2 2 2 2 2 2 2 2 2 2 2 2 2 2 2 2 2 2 2 2 2 2 2 2 2 2 0 2 2 2 2 2 2 2 2 2 2 0 2 2 2 2 2 2 2 2 2 2 0 2 2 2 2 2 2 2 2 2 2 2 2 2 2 2 0 2 2 2 2 2 2 2 2 2 2 2 2 2 2 2 2 2 2 2 0 2 2 2 2 2 2 2 2 2 2 2 2 2 2 2 2 0 2 2 2 2 2 2 2 2 2 2 0 0 2 2 2 2 2 0 2 2 2 2 2 0 2 2 2 2 2 2 2 0 2 2 0 2 2 2 2 2 2 2 2 2 0 2 2 0 2 2 2 2 2 0 2 2 2 2 2 2 2 2 2 2 2 2 2 2 2 2 2 2 2 0 2 0 2 2 2 0 2 2 2 2 2 1 0 0 2 0 2
1093 2 2 0 2 2 0 2 2 2 2 2 0 2 2 2 0 2 2 2 2 2 0 2 2 2 0 2 0 2 2 2 0 2 2 2 2 2 2 2 2 0 2 0 0 2 0 2 2 0 2 2 2 2 2 2 2 2 2 0 2 2 2 2 0 2 2 2 2 2 2 2 2 2 2 2 2 0 0 2 2 2 2 2 2 2 2 0 2 2 2 2 2 2 0 2 2 2 2 2 0 2 2 2 2 2 2 2 2 2 2 2 2 0 2 2 2 2 0 2 2 2 2 2 0 2 2 2 2 0 2 2 2 2 2 2 2 2 0 2 2 2 2 2 2 2 2 2 2 1 2 2 0 2 2 2 2 2 2 1 2 0 2 2 2 2 2 2 2 2 2 2 2 2 2 2 2 2 2 2 0 2 2 2 2 2 2 2 2 2 2 2 2 2 2 2 2 2 2 2 2 2 2 2 2 2 2 2 2 2 0 2 2 0 2 2 0 2 0 2 2 2 0 2 2 2 2 2 2 2 2 2 0 0 2 2 2 2 0 2 2 2 2 2 2 2
1094 0 0 0 0 0 0 0 0 0 0 0 0 0 0 0 0 0 0 0 0 0 0 0 0 0 0 0 0 0 0 0 0 0 0 2 0 0 0 0 0 0 0 0 0 0 0 0 0 0 0 0 0 0 0 0 0 0 0 0 0 0 0 0 0 0 0 0 0 2 0 0 0 0 0 0 0 0 0 0 0 0 0 0 0 0 0 0 0 0 2 0 0 0 0 0 0 0 0 0 0 0 0 0 0 0 0 0 0 0 0 0 0 0 0 0 0 2 0 0 0 0 0 0 0 0 0 0 0 0 0 0 0 0 0 0 0 0 0 0 0 0 0 0 0 0 0 0 0 0 0 0 0 2 2 0 0 0 0 0 0 0 0 0 0 2 0 0 0 0 0 0 0 0 0 0 0 0 2 0 0 0 0 0 0 0 2 0 0 0 0 0 0 0 0 2 0 0 0 2 0 0 2 0 0 0 0 0 2 0 0 0 0 0 0 0 0 0 0 0 0 0 0 0 0 0 0 0 2 0 2 0 0 0 2 0 0 0 0 0 1 2 2 0 2 0
1095 0 2 0 0 0 0 0 0 0 0 0 0 0 0 0 0 0 0 0 0 0 0 0 0 0 0 0 0 0 0 0 0 0 0 0 0 0 2 0 0 0 0 0 0 0 0 0 0 0 0 0 0 0 0 0 0 0 2 0 0 0 0 0 0 0 0 2 0 2 0 0 0 2 0 0 0 0 0 0 0 2 0 0 0 0 0 0 0 0 0 0 0 2 0 0 0 0 0 0 0 0 0 2 0 0 0 0 0 0 2 0 2 0 0 0 0 0 0 0 0 0 0 0 0 2 0 0 0 0 0 0 0 0 0 0 0 0 0 0 0 0 0 0 0 0 0 0 2 0 0 0 0 2 2 2 2 0 0 0 0 0 0 0 0 2 2 2 0 0 0 0 0 0 0 0 0 2 2 0 0 0 0 0 0 0 2 0 0 0 0 0 0 0 0 2 0 0 0 2 0 0 2 0 0 0 0 0 2 0 0 0 0 0 0 0 0 0 0 0 0 0 0 0 0 0 2 0 2 0 2 0 0 0 2 0 0 0 0 0 1 0 2 0 2 0
1096 0 2 2 0 0 0 2 2 2 0 2 0 0 0 2 2 2 2 0 2 2 2 0 0 2 2 2 2 2 0 0 2 0 0 2 1 0 2 0 2 2 0 2 2 0 2 2 0 2 2 0 2 2 2 0 0 2 2 2 2 0 2 2 0 2 0 2 0 2 2 2 2 2 2 2 0 2 0 2 2 2 2 2 2 2 2 2 0 2 2 2 0 2 2 2 0 0 2 2 2 2 0 2 0 2 2 2 0 2 2 0 2 2 2 2 2 0 2 0 0 0 2 2 2 2 2 0 0 2 2 0 0 0 0 2 2 2 0 2 2 2 2 2 2 2 2 2 2 1 2 2 2 2 2 2 2 2 0 1 2 2 0 2 2 2 2 2 1 2 2 0 2 2 2 0 0 2 2 2 2 2 2 2 2 2 2 0 0 2 2 2 2 0 2 2 2 2 2 2 2 2 2 2 0 2 0 2 2 2 2 2 0 2 2 2 0 2 2 0 0 0 2 0 2 0 2 2 2 2 2 2 0 2 2 0 2 2 2 0 2 0 2 2 2 2
1097 0 0 2 0 0 0 2 2 2 0 2 2 0 0 0 0 0 0 0 0 2 0 0 0 0 0 2 0 0 0 2 0 0 0 0 1 0 0 0 2 2 0 2 2 0 2 2 0 2 2 0 0 0 2 0 0 2 0 2 2 0 2 0 2 2 0 0 2 2 2 2 2 0 0 0 0 2 2 0 0 0 2 0 2 2 2 2 0 2 0 2 0 0 2 0 0 0 2 2 2 0 2 0 2 2 2 2 0 0 0 0 0 2 2 2 2 0 0 0 0 0 0 2 2 0 2 0 2 0 2 2 0 2 0 2 2 0 0 2 2 2 2 2 2 0 0 0 2 0 2 0 0 2 0 0 2 0 2 2 2 0 0 0 2 0 2 0 2 2 2 0 2 2 0 2 0 2 0 2 2 0 2 0 2 0 0 0 0 0 2 2 0 0 2 0 2 0 2 0 1 2 0 0 0 2 0 2 0 2 2 2 0 2 0 0 2 0 2 0 2 2 2 2 0 0 0 0 0 2 0 0 0 2 0 0 0 2 2 0 0 0 0 2 0 2
1098 0 0 2 0 0 2 0 2 2 0 0 0 0 2 2 0 2 2 0 2 2 2 0 2 0 2 2 2 2 0 1 2 0 0 2 1 0 0 1 2 0 0 2 2 0 2 2 0 0 0 0 0 0 2 0 0 0 0 2 2 0 2 2 0 2 0 0 0 0 2 2 2 0 0 2 0 2 0 2 2 2 2 2 2 2 2 2 0 2 2 2 1 0 2 2 0 0 2 2 2 2 0 0 1 2 0 2 0 2 0 0 1 2 0 0 0 0 0 2 0 0 2 0 2 1 0 0 2 0 2 2 0 0 0 2 2 2 2 2 2 2 2 2 2 2 0 0 2 1 0 0 0 2 0 0 2 0 0 1 0 0 2 0 2 2 2 0 0 2 0 0 0 2 0 2 0 2 0 0 0 2 2 2 2 0 2 0 2 2 0 1 2 0 2 0 2 0 2 2 2 1 2 0 0 2 2 2 2 2 0 2 0 2 2 0 0 0 0 0 0 0 2 0 0 0 0 2 2 2 2 0 2 0 0 0 0 2 0 2 0 0 0 2 0 2
1099 0 0 0 0 0 0 0 2 0 0 0 0 0 0 0 0 2 0 0 0 0 0 0 0 0 0 2 0 0 0 0 0 0 0 0 1 0 0 0 0 0 0 0 0 0 0 2 0 0 0 0 0 0 0 0 0 0 0 0 0 0 2 0 0 0 0 0 0 0 0 2 0 0 0 2 0 0 0 0 0 0 0 0 2 0 2 0 0 0 0 2 0 0 0 0 0 0 0 2 0 0 0 0 0 0 0 2 0 0 0 0 0 0 0 0 0 0 0 0 0 0 0 0 0 0 0 0 0 0 0 0 0 0 0 0 2 2 0 0 2 0 2 2 0 0 0 0 0 1 0 0 0 2 0 0 0 0 0 0 0 0 0 2 2 2 0 0 0 0 0 0 0 2 0 0 0 2 0 0 0 2 0 0 2 0 0 0 0 2 0 0 2 0 0 0 2 0 2 0 0 0 2 0 0 0 0 2 0 2 0 2 0 0 0 0 0 0 0 0 0 0 0 0 0 0 0 2 0 2 0 0 0 0 0 0 0 0 0 0 0 0 0 0 0 2
1100 2 2 2 2 2 0 2 2 0 2 2 2 2 2 0 2 2 2 0 0 2 2 2 2 0 0 2 2 2 0 2 2 2 2 2 2 2 2 2 2 2 2 2 2 2 2 2 0 2 0 2 2 2 2 2 2 2 2 2 2 2 2 0 2 2 2 2 2 2 2 2 0 2 2 2 0 2 2 0 2 2 2 0 2 0 2 2 2 2 2 2 2 2 2 2 2 2 2 2 2 2 2 2 2 2 2 2 2 2 2 2 2 2 2 2 2 2 2 0 2 2 0 2 2 2 2 2 2 2 0 2 2 2 2 2 2 2 0 2 2 2 2 2 2 2 0 2 2 1 2 2 2 2 2 2 2 0 2 2 2 2 2 2 2 2 2 2 2 2 2 2 0 2 2 2 2 2 2 2 2 2 2 0 2 2 2 2 0 2 2 2 2 2 2 2 2 2 2 2 2 2 2 2 2 2 0 2 2 2 2 2 2 2 2 2 2 2 0 2 2 2 0 2 2 2 2 2 2 2 2 2 0 2 2 2 0 2 2 0 2 2 2 2 2 2
1101 0 2 2 2 0 2 0 2 2 2 0 2 0 2 2 0 2 2 2 2 2 2 0 2 2 2 2 2 2 2 2 2 0 0 0 1 0 2 2 0 2 0 2 2 2 2 2 2 2 2 0 2 2 2 0 0 2 2 2 2 0 2 2 2 2 0 2 2 2 2 2 2 2 2 2 2 2 2 2 2 2 2 2 2 2 2 2 0 2 0 2 2 2 2 2 0 0 0 2 2 2 2 2 2 2 0 2 2 2 2 0 0 2 0 0 0 0 2 2 0 0 2 0 2 0 0 0 2 2 2 0 0 2 0 0 2 2 2 2 2 2 2 2 2 2 2 2 2 2 0 2 2 2 2 2 0 2 2 2 2 2 2 2 2 2 0 2 2 2 2 0 2 2 2 2 0 2 2 2 2 2 0 2 2 2 2 0 2 2 2 2 2 0 2 2 2 2 2 2 2 0 2 2 0 0 2 2 2 2 2 2 0 2 2 2 2 2 2 0 2 2 2 2 2 0 2 2 2 2 2 2 2 2 2 0 2 0 2 2 2 0 2 2 2 2
1102 2 0 2 2 2 2 2 2 2 2 2 2 2 2 2 2 2 2 2 2 2 2 2 2 2 2 2 2 2 2 2 2 2 2 2 2 2 0 2 2 2 2 2 2 2 2 2 2 2 2 2 2 2 2 2 2 2 0 2 2 2 2 2 2 2 2 0 2 2 2 2 2 0 2 2 2 2 2 2 2 0 2 2 2 2 2 2 2 2 2 2 2 0 2 2 2 2 2 2 2 2 2 0 2 2 2 2 2 2 0 2 2 2 2 2 2 2 2 2 2 2 2 2 2 2 2 2 2 2 2 2 2 2 2 2 2 2 2 2 2 2 2 2 2 2 2 2 2 2 2 2 2 2 0 0 2 2 2 2 2 2 2 2 2 2 2 0 2 2 2 2 2 2 2 2 2 2 0 2 2 2 2 2 2 2 0 2 2 2 2 2 2 2 2 0 2 2 2 0 2 2 2 2 2 2 2 2 0 2 2 2 2 2 2 2 2 2 2 2 2 2 2 2 0 2 0 2 0 2 0 2 2 2 2 2 2 2 2 2 2 2 0 2 2 2
1103 2 0 2 2 2 2 2 2 2 2 2 2 2 2 2 2 2 2 2 2 2 2 2 2 2 2 2 2 2 2 2 2 2 2 2 2 2 0 2 2 2 2 2 2 2 2 2 2 2 2 2 2 2 2 2 2 2 0 2 2 2 2 2 2 2 2 0 2 2 2 2 2 0 2 2 2 2 2 2 2 2 2 2 2 2 2 2 2 2 2 2 2 0 2 2 2 2 2 2 2 2 2 0 2 2 2 2 2 2 1 2 2 2 2 2 2 2 2 2 2 2 2 2 2 2 2 2 2 2 2 2 2 2 2 2 2 2 2 2 2 2 2 2 2 2 2 2 2 2 2 2 2 2 0 0 2 2 2 2 2 2 2 2 2 2 2 2 2 2 2 2 2 2 2 2 2 2 0 2 2 2 2 2 2 2 2 2 2 2 2 2 2 2 2 0 2 2 2 2 2 2 2 2 2 2 2 2 2 2 2 2 2 2 2 2 2 2 2 2 2 2 2 2 0 2 0 2 2 2 2 2 2 2 2 2 2 2 2 2 2 2 2 2 2 2
1104 2 2 2 0 2 2 2 2 2 2 2 2 2 2 2 2 2 2 2 2 2 0 2 2 2 2 2 0 2 2 2 0 2 2 2 2 2 2 2 2 2 2 2 0 2 2 2 2 2 2 2 2 2 0 2 2 2 2 2 2 2 2 2 0 0 2 2 2 0 2 2 2 2 2 2 2 2 2 2 2 2 0 2 2 2 2 2 2 0 2 2 2 2 0 2 2 2 2 2 2 2 0 2 2 0 2 2 0 2 2 2 2 0 2 2 2 2 0 2 2 2 2 2 0 2 2 2 2 2 2 2 2 0 2 2 2 2 2 2 2 2 2 2 2 2 2 2 2 2 2 0 0 2 2 2 2 2 0 2 2 2 2 2 2 2 2 2 2 2 2 2 2 2 2 2 2 2 2 2 2 2 2 2 2 2 2 2 2 2 2 2 2 2 2 2 2 2 2 2 1 2 2 2 2 2 2 2 2 2 0 2 2 2 2 0 0 2 2 2 2 0 2 2 2 2 2 2 2 2 2 2 2 2 0 2 2 2 2 2 2 2 2 2 0 2
1105 2 2 2 2 2 2 2 2 2 2 2 2 2 2 2 2 2 2 2 0 0 2 2 2 2 2 2 2 2 2 2 2 2 2 2 2 2 2 2 2 2 2 2 2 2 2 2 2 0 0 0 2 2 0 2 2 2 2 2 2 2 2 2 2 0 2 2 0 0 2 2 2 2 2 2 2 2 2 2 2 2 2 2 2 2 2 2 0 2 2 2 2 2 2 2 2 2 2 2 2 2 2 2 2 2 2 2 0 2 2 2 2 2 2 2 2 0 0 2 2 2 2 2 2 2 2 0 0 2 2 2 2 2 2 2 2 2 2 2 2 2 2 2 2 2 2 2 2 2 2 2 2 2 2 2 2 0 2 2 2 2 2 2 2 2 2 2 2 0 2 2 2 2 2 0 0 2 2 2 2 2 2 2 2 2 2 2 2 2 2 2 2 0 2 2 2 2 0 2 2 2 2 2 2 2 2 2 2 2 2 2 2 2 2 2 2 2 2 2 2 2 2 0 2 2 2 2 2 2 2 2 2 2 2 2 2 2 2 2 2 0 2 2 2 2
1106 2 2 2 2 2 2 2 2 2 2 2 2 2 2 2 2 2 0 0 0 0 2 2 2 2 2 2 2 0 0 2 2 2 2 2 2 2 2 2 0 2 2 2 2 2 2 2 0 0 0 0 2 2 0 2 2 2 2 2 0 2 2 2 2 0 2 2 2 0 2 2 2 2 2 2 0 2 2 2 2 2 2 2 2 2 2 2 0 2 2 2 2 2 2 2 2 2 2 2 2 2 2 2 2 2 2 2 0 2 2 2 2 2 2 0 2 0 0 2 2 2 2 2 2 2 2 0 2 2 2 2 2 2 2 2 2 2 2 2 2 2 2 2 2 2 2 2 2 2 2 2 2 2 2 2 2 0 2 2 2 2 0 2 2 2 2 2 2 0 2 2 2 2 2 0 0 2 2 2 2 2 2 2 2 2 2 2 2 2 2 2 2 0 2 2 2 2 0 2 2 2 2 2 2 2 2 2 2 2 2 2 2 2 2 2 2 2 2 2 2 2 2 2 2 2 2 2 2 2 2 2 2 2 2 2 2 2 2 2 2 0 2 2 2 2
1107 2 2 2 2 2 0 2 2 2 2 2 2 2 2 2 2 2 2 0 2 2 2 2 2 2 2 2 2 2 0 2 2 2 2 2 2 2 2 2 2 2 2 2 2 2 2 2 0 2 2 2 2 2 2 2 2 2 2 2 2 2 2 2 2 2 2 2 2 2 2 2 2 2 2 2 0 2 2 2 2 2 2 2 2 2 2 2 2 2 2 2 2 2 2 2 2 2 2 2 2 2 2 2 2 2 2 2 0 2 2 2 2 2 2 0 2 2 2 2 2 2 2 2 2 2 2 2 2 2 2 2 2 2 2 2 2 2 0 2 2 2 2 2 2 2 2 2 2 1 2 2 2 2 2 2 2 2 2 2 2 0 0 2 2 2 2 0 2 2 2 2 2 2 2 2 2 2 2 2 0 2 2 2 2 2 2 2 2 2 2 2 2 2 2 2 2 2 2 2 1 2 2 2 2 2 2 2 2 2 2 2 2 2 2 2 2 2 2 2 2 2 2 2 2 2 2 2 2 2 2 2 2 0 2 2 2 2 0 2 2 2 2 2 2 2
1108 2 2 2 2 2 2 2 2 2 2 2 0 2 0 2 2 2 2 2 2 2 0 2 0 2 2 2 0 2 2 2 0 2 2 2 2 2 2 2 2 0 2 2 2 2 2 2 2 2 2 2 2 2 2 2 2 2 2 2 2 0 2 2 0 2 2 2 0 0 2 2 2 2 2 2 2 2 0 2 2 2 2 2 2 2 2 2 2 2 2 2 2 2 2 2 2 2 2 2 2 2 2 2 2 2 2 2 2 2 2 2 2 2 2 2 2 2 2 2 2 2 2 2 2 2 2 2 0 2 2 2 2 2 2 2 2 0 2 2 2 2 2 2 2 2 2 2 2 2 2 2 2 2 2 2 2 2 2 2 2 2 2 2 2 2 2 2 0 2 2 2 2 2 2 2 2 2 2 2 2 2 2 2 2 2 2 2 2 2 2 2 2 2 2 2 2 0 2 2 2 2 2 2 2 2 0 2 2 2 2 2 2 2 2 2 0 2 1 2 0 0 2 0 2 2 2 2 2 2 2 2 2 2 2 2 2 2 2 2 2 2 2 2 2 2
1109 2 2 0 2 2 2 2 2 2 2 2 2 2 2 2 2 2 2 2 2 2 2 2 2 2 2 2 2 2 2 2 2 2 2 2 2 2 2 2 2 2 2 2 2 2 0 0 2 0 2 2 2 2 2 2 2 2 2 0 2 2 2 2 2 2 2 2 2 2 2 2 2 2 2 2 2 0 2 2 2 2 2 2 2 2 2 0 2 2 2 2 2 2 0 2 2 2 2 2 0 2 2 2 2 2 2 2 2 2 2 2 2 0 2 2 2 2 0 2 2 2 2 2 2 2 2 2 2 2 2 2 2 2 2 2 2 2 2 2 2 2 2 2 2 2 2 2 2 2 2 2 2 2 2 2 2 2 2 2 2 2 2 2 2 2 2 2 2 2 2 2 2 2 2 2 2 2 2 2 2 2 2 2 2 2 2 2 2 2 2 2 2 2 0 2 2 2 2 2 2 2 2 2 2 2 2 2 2 0 2 0 2 0 2 2 2 2 2 2 2 2 2 2 2 2 2 2 2 2 2 2 2 2 2 2 2 2 2 2 2 2 2 2 2 2
1110 2 0 2 2 2 0 0 2 2 2 2 2 2 2 2 0 2 2 2 2 0 2 0 2 2 0 2 2 2 2 2 2 0 0 2 1 0 0 2 2 2 0 2 2 2 2 2 2 2 2 2 0 2 2 0 0 2 0 2 2 2 2 0 2 2 2 0 2 2 2 2 2 2 2 2 2 2 2 0 2 2 2 0 2 0 2 2 2 2 2 2 2 2 2 2 0 2 2 2 2 2 2 0 2 2 2 2 2 2 0 0 2 2 2 2 2 0 2 2 0 2 2 2 2 2 0 2 2 2 0 2 0 2 0 2 2 2 0 2 2 0 2 2 2 0 0 0 2 1 2 2 2 2 2 2 2 2 2 2 0 2 2 2 2 2 2 2 2 2 0 2 2 2 2 2 2 2 2 0 2 2 2 2 2 2 2 2 0 2 0 1 2 2 2 2 2 2 2 2 2 2 2 2 2 2 2 2 2 2 2 2 2 2 0 2 2 2 1 2 2 2 0 2 0 2 2 2 2 2 2 2 0 2 0 2 2 2 2 2 2 0 2 2 0 2
1111 0 2 2 2 2 2 2 2 0 0 2 0 2 2 0 2 2 2 2 0 2 2 2 2 2 2 2 2 2 2 0 2 2 2 2 2 2 2 0 0 0 2 2 2 0 2 2 2 2 0 0 2 2 2 2 2 2 2 2 2 0 0 2 0 0 2 2 2 2 2 0 2 2 2 2 2 2 0 2 0 2 2 2 2 2 2 2 2 2 2 2 0 2 2 0 2 2 0 2 2 2 2 2 0 2 0 2 0 0 2 2 0 2 2 0 2 2 2 2 2 2 0 2 2 2 2 0 2 2 2 2 2 2 2 0 2 2 2 0 2 2 2 2 0 2 2 2 2 1 0 2 0 0 2 2 0 0 2 0 2 0 0 2 2 2 2 2 2 2 2 0 0 2 2 2 2 2 2 2 2 2 0 0 2 2 2 2 2 2 2 1 2 2 2 2 2 0 2 2 1 0 2 0 2 0 2 2 2 2 0 2 2 2 2 2 0 0 1 2 2 0 2 2 2 0 2 2 2 2 2 2 2 2 2 2 2 0 2 2 2 2 2 2 2 2
1112 2 2 2 2 2 2 2 2 2 2 2 2 2 2 2 2 2 2 2 2 2 2 2 2 2 2 2 2 2 2 2 2 2 2 2 2 2 2 2 2 0 2 2 2 2 2 2 2 0 0 2 0 2 2 2 2 2 2 2 2 2 2 2 2 2 2 2 0 2 2 0 2 2 2 2 2 2 2 2 0 2 2 2 2 2 2 2 2 2 2 2 2 2 2 2 2 2 0 2 2 0 2 2 2 2 2 2 2 2 2 2 2 2 2 2 2 2 2 2 2 2 2 2 2 2 2 2 0 0 2 0 2 2 2 0 2 2 2 0 2 2 2 2 2 2 2 0 2 2 2 2 2 0 2 2 0 2 2 2 0 2 2 2 2 2 2 2 2 2 0 2 2 2 0 0 2 2 2 0 2 2 0 2 2 0 0 2 2 0 0 1 2 2 2 0 2 2 2 2 1 2 2 2 2 0 0 2 2 2 0 2 2 2 2 2 2 2 1 2 2 2 2 0 2 2 2 2 0 2 0 2 2 2 0 2 2 2 2 2 2 2 2 2 0 2
1113 2 2 2 2 2 2 2 2 2 2 2 0 2 2 0 2 2 2 2 2 2 2 2 2 2 2 2 2 2 2 2 2 2 0 2 2 2 2 2 2 0 2 2 2 2 2 2 2 2 2 0 2 0 2 2 2 2 2 2 2 2 2 2 2 2 2 2 2 2 2 0 2 2 0 2 2 2 0 2 0 2 2 2 2 2 2 2 2 2 2 2 2 2 0 0 2 2 0 2 2 2 2 2 2 2 2 2 2 0 2 2 2 0 2 2 2 2 2 2 2 2 2 2 2 0 2 2 2 2 2 0 2 2 2 0 2 2 2 0 2 2 2 2 2 2 2 2 2 1 2 2 2 0 2 2 2 0 2 2 0 2 2 2 2 2 2 2 2 2 0 2 2 2 2 2 2 2 2 0 2 2 0 0 2 2 2 2 2 2 0 1 2 2 2 2 2 0 2 2 2 2 2 2 2 0 2 2 2 2 0 2 2 2 2 2 0 2 1 2 2 0 2 2 2 2 2 2 2 2 2 0 2 2 0 2 2 2 2 2 0 2 2 2 0 2
1114 2 2 2 2 2 2 2 2 2 2 2 0 2 2 0 2 2 2 2 2 2 2 2 2 2 2 2 2 2 2 2 2 2 0 2 2 2 2 2 2 2 2 2 2 2 2 2 2 2 2 0 2 2 2 2 2 2 2 2 2 2 2 2 2 2 2 2 2 2 2 2 2 2 2 2 2 2 0 2 2 2 2 2 2 2 2 2 2 2 2 2 2 2 2 0 2 2 2 2 2 2 2 2 2 2 2 2 2 0 2 2 2 2 2 2 2 2 2 2 2 2 2 2 2 2 2 2 2 2 2 2 2 2 2 2 2 2 2 2 2 2 2 2 2 2 2 2 2 1 2 2 2 2 2 2 2 0 2 2 2 2 2 2 2 2 2 2 2 2 2 2 2 2 2 2 2 2 2 2 2 2 2 0 2 2 2 2 2 2 2 2 2 2 2 2 2 0 2 2 2 2 2 2 2 2 2 2 2 2 2 2 2 2 2 2 0 2 2 2 2 0 2 2 2 2 2 2 2 2 2 0 2 2 2 2 2 2 2 2 0 2 2 2 2 2
1115 0 0 0 0 0 2 0 0 0 0 2 2 0 2 1 2 2 1 0 2 2 0 0 2 2 1 0 0 2 0 2 0 0 2 2 0 0 0 2 2 2 0 2 2 0 0 0 0 2 0 0 2 2 2 0 0 2 0 0 2 2 2 2 0 0 0 0 0 0 0 0 2 0 2 1 0 0 2 0 2 2 2 0 0 0 0 0 2 1 2 2 2 2 2 2 0 0 2 0 0 2 2 0 2 2 2 1 2 1 0 0 2 1 2 2 2 2 2 0 0 0 2 2 2 2 0 0 0 2 2 2 0 2 0 2 0 2 2 2 2 2 0 0 2 2 2 2 2 2 2 0 2 0 1 2 2 2 2 2 2 2 2 2 1 2 1 2 0 2 2 2 0 2 2 2 1 0 1 2 0 0 2 2 0 2 2 2 0 2 2 1 0 2 0 2 0 0 2 0 1 2 2 2 0 2 0 2 0 0 2 2 1 0 2 0 0 2 1 0 0 0 0 0 0 2 2 0 2 0 2 2 0 0 2 2 2 2 0 0 2 2 2 1 2 2
1116 2 2 2 2 0 2 2 2 2 2 2 2 0 2 0 2 2 2 2 2 2 2 2 2 2 2 0 2 2 2 2 2 2 0 0 1 2 2 2 2 2 2 2 2 2 2 2 2 2 2 2 2 2 2 2 2 2 2 2 2 2 2 0 2 2 0 2 2 0 2 2 2 2 2 2 2 2 2 2 2 2 2 2 0 2 0 2 0 2 0 2 2 2 2 2 2 2 0 2 2 0 2 2 2 2 2 2 2 2 2 2 2 2 2 2 2 0 2 2 2 2 2 2 2 2 2 2 2 2 2 2 2 2 2 2 0 2 2 2 2 2 0 0 2 2 2 2 2 1 2 2 2 2 2 2 0 2 0 2 2 2 2 2 2 0 2 2 1 2 2 2 2 2 2 0 2 0 2 2 2 0 2 0 0 2 2 2 2 2 2 2 0 0 2 0 0 2 2 0 2 0 0 0 2 2 2 2 0 2 2 2 2 2 2 2 2 0 2 2 0 2 2 2 2 2 2 0 0 2 2 2 2 2 2 2 2 2 2 2 2 0 0 0 0 2
1117 2 2 0 2 2 2 2 2 2 2 2 0 2 2 2 2 2 2 2 0 2 2 2 2 2 2 2 2 2 2 2 2 2 2 2 2 2 2 0 2 2 2 0 2 2 0 2 2 2 2 2 2 0 2 2 2 2 2 0 2 2 2 2 2 2 2 2 2 2 2 0 2 2 0 2 2 0 0 2 0 2 2 2 2 2 2 0 2 2 2 2 0 2 2 2 2 2 2 2 0 2 2 2 2 2 2 2 2 2 2 2 2 2 2 2 2 2 2 2 2 2 2 2 2 2 2 2 2 0 2 0 2 2 2 2 2 2 2 2 2 2 2 2 2 2 2 2 2 2 2 2 2 2 2 2 0 0 2 2 2 2 2 2 2 2 2 2 2 2 2 2 2 2 2 2 2 2 2 2 2 2 2 2 2 0 2 2 2 2 2 2 2 2 2 2 2 2 2 2 0 2 2 2 2 2 0 2 2 2 2 2 2 0 2 2 2 2 2 2 2 2 2 2 2 2 2 2 2 2 2 2 2 2 2 2 2 2 2 2 2 2 2 2 2 2
1118 0 0 0 0 0 0 0 2 2 0 0 0 0 0 0 0 2 2 2 0 0 0 0 0 0 0 0 0 2 2 0 0 0 0 2 0 0 0 0 0 0 0 0 0 0 0 0 2 2 0 2 2 2 2 0 0 0 0 0 0 0 0 0 0 0 0 0 0 0 0 0 0 0 2 2 2 0 1 0 0 0 0 0 0 0 2 0 0 0 2 2 0 0 0 0 0 0 0 2 0 0 0 0 0 0 0 2 0 2 0 0 0 0 2 0 2 0 0 0 0 0 0 0 0 2 0 0 1 2 2 0 0 0 0 0 2 0 0 2 2 2 0 2 0 0 0 2 2 0 0 0 0 2 0 0 2 0 0 0 2 2 0 0 2 2 2 0 1 2 2 2 2 0 2 0 0 2 0 2 2 2 0 0 0 0 0 0 0 0 2 1 2 0 0 0 0 0 0 2 1 0 2 0 0 0 0 0 2 0 2 0 2 0 0 0 2 0 1 0 2 2 0 0 0 2 0 2 0 0 2 2 0 2 0 2 0 2 2 0 2 0 0 2 0 2
1119 2 2 2 2 2 2 0 2 2 2 2 2 2 2 2 2 2 2 2 2 2 2 0 2 2 2 2 2 2 2 2 2 0 2 2 2 0 2 2 2 2 0 2 2 2 2 2 2 2 2 2 2 2 2 0 0 2 2 2 2 2 2 2 2 2 2 2 2 2 2 2 2 0 2 2 2 2 2 2 2 2 2 2 0 2 2 2 2 2 2 2 2 2 0 2 0 2 2 2 2 2 2 2 2 2 2 2 2 2 2 2 0 0 2 2 2 2 2 2 0 2 2 2 2 2 0 2 2 2 2 2 2 2 0 2 2 2 2 2 2 2 2 2 0 2 2 2 2 2 2 2 2 2 2 0 2 2 2 0 2 2 2 2 2 2 2 2 2 2 2 2 2 2 2 2 2 2 2 2 2 2 2 2 2 2 2 0 2 2 2 2 2 2 2 2 2 2 2 2 2 2 2 2 0 2 2 2 2 2 2 2 2 2 2 0 2 2 2 0 2 2 2 2 2 2 2 2 2 0 2 2 2 2 2 2 2 2 2 2 2 2 2 2 2 2
1120 2 2 2 2 2 2 2 0 2 2 2 2 2 2 2 2 2 2 2 2 2 2 2 2 2 2 2 2 2 2 2 2 2 2 0 2 2 2 2 2 2 2 0 0 2 2 2 2 2 2 2 2 2 2 2 2 2 2 2 2 2 2 2 0 2 2 2 2 0 2 2 2 2 2 2 2 2 2 2 2 2 2 2 2 2 2 2 2 2 0 2 2 2 2 2 2 2 2 0 2 0 2 2 2 2 2 2 2 2 2 2 2 2 2 2 2 2 2 2 2 2 2 2 0 2 2 2 2 2 2 0 2 2 2 2 2 2 2 2 2 2 2 2 2 2 0 2 2 2 2 2 2 2 2 2 2 2 2 2 2 0 2 2 2 2 2 2 1 2 2 2 2 2 2 2 2 0 2 2 2 2 2 2 2 2 2 2 2 2 2 2 2 2 2 2 2 2 2 2 1 2 2 2 2 2 2 2 2 2 2 2 2 2 2 2 2 2 2 2 0 2 2 2 2 2 2 2 2 2 0 2 2 2 2 2 2 0 2 2 2 2 2 2 2 2
1121 2 0 2 2 0 2 0 2 2 2 2 2 0 2 2 2 2 2 2 2 2 2 0 2 0 2 2 2 2 2 2 2 2 2 2 2 0 0 2 2 2 2 2 2 2 2 2 2 2 2 2 2 2 2 0 0 2 0 2 2 2 2 2 2 2 0 0 2 2 2 2 2 2 2 2 2 2 2 0 2 2 2 2 2 2 2 2 0 2 2 2 2 2 0 2 2 2 0 2 2 2 2 0 2 2 2 2 2 0 0 2 0 0 2 2 2 2 2 2 2 2 2 2 2 2 0 2 0 2 2 2 2 2 2 2 2 2 2 2 2 2 2 2 0 2 2 2 2 1 2 0 2 2 2 0 2 2 2 0 2 2 2 0 2 2 2 2 2 2 2 2 2 2 2 2 0 2 2 2 2 2 2 2 2 2 2 0 2 2 2 2 2 0 2 2 2 2 0 2 2 2 2 2 0 2 2 2 2 2 0 2 2 2 2 0 0 2 2 0 2 0 2 2 2 2 2 2 2 0 2 0 2 2 2 2 2 2 2 2 0 2 2 2 2 2
1122 2 2 2 2 2 2 2 0 2 2 2 2 2 2 2 2 2 2 2 2 2 2 2 2 2 2 2 2 2 2 2 2 2 2 2 2 2 2 2 2 2 2 0 0 2 2 2 2 2 2 2 2 2 2 2 2 2 2 2 2 2 2 2 0 2 2 2 2 0 2 2 2 2 2 2 2 2 2 2 2 2 2 2 2 2 2 2 2 2 2 2 2 2 2 2 2 2 2 0 2 2 2 2 2 2 2 2 2 2 2 2 2 2 2 2 2 2 2 2 2 2 2 2 0 2 2 2 2 2 2 0 2 2 2 2 2 2 2 2 2 2 2 2 2 2 0 2 2 2 2 2 2 2 2 2 2 2 2 2 2 0 2 2 2 2 2 2 1 2 2 2 2 2 2 2 2 0 2 2 2 2 2 2 2 2 2 2 2 2 2 2 2 2 2 2 2 2 2 2 1 2 2 2 2 2 2 2 2 2 2 2 2 2 2 2 2 2 2 2 0 2 2 2 2 2 2 2 2 2 0 2 2 2 2 2 2 2 2 2 2 2 2 2 2 2
1123 2 2 2 0 2 2 2 0 0 2 2 2 2 0 2 2 0 0 2 2 0 0 2 0 2 2 0 0 0 2 0 0 2 2 0 1 2 2 2 2 0 2 0 0 2 2 2 2 2 2 0 0 0 0 2 2 0 2 2 2 0 0 2 2 2 2 2 2 2 2 0 0 2 0 0 2 2 2 2 0 0 1 2 2 2 0 2 2 2 0 0 2 2 2 0 2 2 0 0 2 2 2 2 0 2 0 0 2 2 2 0 2 2 2 0 2 0 2 2 2 2 2 0 0 0 2 2 0 0 2 0 2 2 2 0 0 2 2 0 0 2 0 0 2 2 0 0 0 2 0 2 2 2 0 2 0 2 2 2 2 0 2 2 0 0 0 0 2 0 2 0 0 0 0 0 0 2 0 2 2 2 0 2 0 2 2 0 2 0 2 1 2 2 2 0 0 2 2 0 0 0 0 2 0 0 0 0 0 2 2 0 2 2 2 2 2 2 1 0 2 2 2 2 2 0 2 2 0 2 0 2 2 2 0 2 0 0 2 2 2 0 2 2 2 0
1124 2 0 2 2 0 2 0 2 2 2 2 2 0 2 2 2 2 2 2 2 2 2 0 2 0 2 2 2 2 2 2 2 2 2 2 2 0 0 2 2 2 2 2 2 2 2 2 2 2 2 2 2 2 2 0 0 2 0 2 2 2 2 1 2 2 0 0 2 2 2 2 2 2 2 2 2 2 2 0 2 2 2 0 2 2 2 2 0 2 2 2 2 0 0 2 2 2 2 2 2 2 2 0 2 2 2 2 2 0 0 2 0 0 2 2 2 2 2 2 2 2 2 2 2 2 0 2 2 2 2 2 2 2 2 2 2 2 2 2 2 2 2 2 1 2 2 2 2 1 2 0 2 2 2 0 2 2 2 0 2 2 2 0 2 2 2 2 2 2 2 2 2 2 2 2 2 2 2 2 2 2 2 2 2 2 2 2 2 2 2 2 2 0 2 2 2 2 2 2 2 2 2 2 2 2 2 2 2 2 2 2 2 2 2 0 2 2 2 2 2 2 2 2 2 2 0 2 2 2 2 0 2 2 2 2 2 2 2 2 0 2 2 2 2 2
1125 0 2 0 0 2 0 2 0 0 0 0 0 2 0 0 0 0 0 0 0 0 0 2 0 2 0 2 0 0 0 0 0 0 0 2 0 2 2 0 0 0 0 0 0 0 0 0 0 0 0 0 0 0 0 2 2 0 2 0 0 0 0 1 0 0 2 2 2 0 0 0 2 0 0 0 0 0 0 0 0 0 0 2 0 0 0 0 0 0 2 0 0 2 0 0 0 2 0 0 0 0 0 2 0 0 2 0 0 2 2 0 0 0 0 0 0 0 0 0 0 2 0 0 0 2 2 0 0 0 0 0 0 0 0 0 0 0 0 0 0 0 2 0 2 2 0 0 0 1 0 2 0 0 0 2 2 0 2 2 0 2 0 2 0 0 0 0 0 0 0 2 2 0 2 0 2 0 0 0 0 0 2 0 2 0 0 0 0 0 0 0 0 0 0 0 2 0 0 0 0 2 0 0 2 0 0 0 0 0 0 0 0 0 2 2 2 0 0 2 0 0 0 2 0 2 2 0 0 0 2 2 0 0 0 0 0 0 0 0 2 0 0 0 0 0
1126 2 2 2 2 2 2 2 2 2 2 2 2 2 2 2 2 2 2 2 2 2 0 2 2 2 0 2 0 2 2 2 0 2 2 2 2 2 2 2 2 2 2 2 2 2 2 2 2 2 2 2 0 0 0 2 2 2 2 2 2 2 2 2 2 2 2 2 2 2 2 2 2 2 0 2 2 2 2 2 2 2 1 2 2 2 2 2 2 0 2 2 2 2 2 2 2 2 2 2 2 2 2 2 2 0 2 2 2 2 2 2 2 2 2 2 2 2 2 2 2 2 2 2 2 2 2 2 2 2 2 2 2 2 2 2 2 2 2 2 2 2 2 2 2 2 2 0 2 2 2 2 2 2 2 2 0 2 2 2 2 2 2 2 2 2 2 2 2 0 2 2 2 2 2 2 2 2 2 2 2 2 2 2 2 2 2 2 2 2 2 2 2 2 2 0 2 2 2 2 1 2 2 2 2 2 2 2 2 2 2 2 2 2 2 2 2 2 2 2 2 2 2 2 2 2 2 2 2 2 2 2 0 2 2 2 2 2 2 2 2 2 2 2 2 2
1127 2 2 0 0 2 2 0 2 2 2 2 2 2 2 2 0 2 2 2 2 2 2 2 2 2 2 2 2 2 2 2 2 0 2 2 1 2 2 2 0 0 0 0 0 2 0 0 2 0 2 0 2 2 0 2 2 2 2 0 2 0 2 1 0 2 2 2 2 0 2 0 2 2 2 2 2 0 2 0 0 2 1 2 0 2 2 0 0 0 2 2 2 2 0 0 0 0 2 2 0 0 2 2 2 0 2 2 0 2 2 0 2 0 2 0 2 2 2 0 0 0 2 2 0 0 0 2 0 0 0 0 2 2 0 2 2 2 2 0 2 2 2 0 2 2 0 2 2 2 0 2 0 0 2 2 2 0 2 2 2 2 0 2 2 2 0 2 1 0 2 2 2 2 2 2 2 0 2 2 2 2 2 2 2 0 0 0 2 2 2 1 2 0 2 0 2 0 2 2 0 2 2 0 2 2 0 2 2 0 2 2 0 0 2 2 2 0 2 2 0 2 2 2 0 2 2 2 2 2 2 2 2 2 2 0 0 2 2 0 2 2 2 0 2 2
1128 0 0 0 0 0 2 0 0 0 0 2 0 0 0 2 0 0 0 0 2 0 0 0 0 0 2 2 0 0 0 2 0 0 2 2 1 0 0 2 0 2 0 0 2 0 0 0 0 0 0 0 0 0 0 0 0 2 0 0 0 0 0 0 0 0 0 0 0 0 0 0 0 0 0 0 0 0 0 0 0 0 0 0 0 0 0 0 0 0 2 0 2 0 0 0 0 0 0 0 0 0 0 0 2 0 2 0 0 0 0 0 0 0 0 0 0 2 0 0 0 0 0 2 2 0 0 0 0 0 0 0 0 0 0 0 0 0 2 0 0 0 2 2 0 0 2 0 0 1 0 0 0 0 0 0 0 0 0 0 0 0 2 0 0 0 2 0 0 0 0 0 2 0 0 0 0 0 0 0 0 0 2 2 2 0 0 0 2 0 0 0 0 0 2 0 2 0 2 0 1 2 0 0 0 0 0 0 0 0 2 0 0 0 0 0 0 0 2 0 0 0 2 0 0 0 0 0 0 2 0 0 2 0 0 0 0 2 0 0 0 2 0 0 0 0
1129 0 0 0 0 2 0 0 0 0 0 0 0 2 0 0 0 0 0 2 0 0 0 2 0 2 0 0 0 0 2 0 0 0 0 0 0 2 0 0 0 0 0 0 0 0 0 0 2 0 0 0 0 0 0 2 2 0 0 0 0 0 0 1 0 0 2 0 0 0 0 0 0 0 0 0 2 0 0 0 0 0 0 2 0 0 0 0 0 0 0 0 0 2 0 0 0 0 0 0 0 0 0 0 0 0 0 0 0 0 0 0 0 0 0 0 0 0 0 0 0 0 0 0 0 0 0 0 0 0 0 0 2 0 0 0 0 0 0 0 0 0 0 0 2 0 0 0 0 0 0 2 0 0 0 2 0 0 0 2 0 0 0 0 0 0 0 0 0 0 0 0 0 0 0 0 0 0 0 0 0 0 0 0 0 0 0 0 0 0 0 0 0 0 0 0 0 0 0 0 0 0 0 0 0 0 0 0 0 0 0 0 0 0 0 0 0 0 0 0 0 0 0 0 0 0 2 0 0 0 0 0 0 0 0 0 0 0 0 0 0 0 0 0 0 0
1130 2 2 2 2 2 2 2 0 2 2 2 2 2 2 2 2 2 2 2 2 0 2 2 2 2 2 2 2 2 2 2 2 2 2 2 2 2 2 2 0 0 2 2 0 2 2 0 2 2 0 2 0 2 2 2 2 2 2 2 2 2 2 2 2 2 2 2 2 2 2 2 2 2 2 2 2 2 2 2 2 2 2 2 2 2 2 2 2 2 2 2 2 2 2 2 2 2 2 0 2 2 2 2 2 2 2 2 2 2 2 2 2 2 2 0 2 2 2 2 2 2 2 2 0 2 2 2 2 0 2 2 2 2 2 2 2 2 2 2 2 2 2 2 2 2 2 0 2 2 0 2 2 0 2 2 2 2 0 2 2 2 2 2 2 2 2 2 2 2 2 0 2 2 2 2 2 2 2 2 2 2 2 2 2 2 2 2 2 2 2 2 2 2 0 2 2 2 2 2 2 2 2 2 2 2 2 2 2 0 2 2 2 2 2 2 2 2 2 2 2 2 2 2 2 0 2 2 2 2 2 2 2 2 2 2 0 0 2 2 2 2 2 2 2 2
1131 0 2 0 0 0 2 2 2 2 0 2 0 0 0 0 2 2 2 2 2 2 2 2 0 0 2 0 2 2 2 2 2 2 0 2 1 0 2 2 2 2 2 2 2 0 0 2 2 0 2 2 2 2 2 2 2 0 2 0 0 2 2 1 0 2 0 2 2 2 2 0 2 2 2 2 2 0 0 2 2 0 1 0 2 2 2 0 2 2 2 2 2 0 0 2 2 2 2 2 0 0 2 2 2 2 2 2 2 0 2 2 2 0 2 2 2 2 2 2 2 2 2 2 2 2 2 2 0 2 2 0 0 2 2 2 2 2 2 2 2 2 0 0 2 0 0 2 2 1 2 0 2 2 0 0 2 2 2 2 0 2 2 2 2 2 0 2 1 2 0 2 2 2 2 2 2 0 0 0 0 2 2 0 0 0 2 2 2 0 0 1 2 2 2 2 0 2 2 2 2 2 2 2 2 2 0 2 2 2 2 0 2 0 0 2 2 2 2 2 0 2 2 2 2 2 0 2 2 2 2 0 2 0 2 2 2 2 0 2 0 2 2 2 2 2
1132 0 0 0 0 2 2 2 2 0 0 2 0 2 0 0 2 0 0 0 2 2 0 2 0 0 0 0 0 0 0 0 0 0 0 0 0 2 0 2 0 2 0 2 2 0 0 2 0 0 2 0 0 0 0 2 2 0 0 0 0 0 0 1 0 0 2 0 0 2 0 0 0 2 0 0 0 0 0 2 0 0 0 2 2 0 0 0 2 0 0 0 2 2 0 0 0 2 0 2 0 0 0 0 0 0 2 0 0 2 0 0 2 0 0 0 0 2 0 0 0 2 0 0 2 0 2 0 0 0 2 0 2 0 0 0 0 0 2 0 0 0 0 0 0 0 2 0 0 1 2 2 0 2 0 2 0 0 0 0 0 2 0 2 0 0 0 0 1 0 0 0 0 0 2 0 0 0 0 0 0 0 0 0 0 0 0 0 0 0 0 1 0 2 2 0 0 2 2 0 0 0 0 0 0 0 0 2 0 2 2 0 2 0 0 0 0 0 0 0 0 0 0 0 2 0 2 0 0 0 2 2 0 0 0 2 2 2 0 0 2 2 0 0 0 0
1133 2 2 2 2 2 2 2 2 2 2 2 2 2 2 2 2 0 2 2 2 2 2 2 2 2 2 0 2 2 2 2 2 0 2 0 1 2 2 2 2 2 0 2 2 2 2 2 2 2 2 2 2 2 2 2 2 2 2 2 2 2 2 2 2 2 2 2 2 2 2 2 2 2 2 0 2 2 2 2 2 0 1 2 2 0 0 2 2 2 0 0 2 2 2 0 0 2 2 2 2 0 2 2 2 2 2 0 2 0 2 2 2 2 2 2 2 2 2 2 0 2 2 2 2 0 2 2 2 2 2 2 2 2 0 0 0 2 2 2 0 2 0 2 2 2 2 2 0 2 2 2 2 2 0 2 2 2 2 2 2 2 2 2 0 0 2 0 2 2 2 2 0 0 2 0 2 2 0 2 2 0 2 2 0 0 2 2 2 0 2 2 0 2 2 2 0 2 2 0 2 2 0 2 2 0 0 2 0 2 2 0 2 2 2 2 2 2 2 2 2 2 2 2 2 2 2 0 0 2 2 0 2 2 0 2 2 2 2 2 0 2 0 2 0 0
1134 2 2 2 2 0 2 2 2 2 2 2 2 0 2 2 2 2 2 2 2 2 2 2 2 2 2 2 2 2 2 2 2 2 2 2 2 0 2 2 2 2 2 2 2 2 2 2 2 2 2 2 2 2 2 2 2 2 2 2 2 2 2 1 2 2 0 2 2 2 2 2 2 2 2 2 2 2 2 2 2 2 2 0 2 2 2 2 2 2 2 2 2 0 2 2 2 2 2 2 2 2 2 2 2 2 2 2 2 2 2 2 2 2 2 2 2 2 2 2 2 2 2 2 2 2 2 2 2 2 2 2 0 2 2 2 2 2 2 2 2 2 2 2 2 2 0 2 2 2 2 0 2 2 2 0 2 2 2 2 2 2 2 2 2 2 2 2 2 2 2 2 2 2 2 2 2 2 2 2 2 2 2 2 2 2 2 2 2 2 2 2 2 2 2 2 2 0 2 2 2 2 2 2 2 2 2 2 2 2 2 2 2 2 2 2 2 2 2 2 2 2 2 2 2 2 0 2 2 2 2 2 2 2 2 2 2 2 2 2 2 2 2 2 2 2
1135 2 2 0 2 2 2 0 2 2 2 2 2 2 2 2 2 2 0 0 2 2 2 2 2 2 2 2 2 0 0 2 2 2 2 2 2 2 2 2 2 2 2 2 2 2 0 2 0 0 2 2 2 2 2 2 2 2 2 0 2 2 2 2 2 2 2 2 2 2 2 2 2 2 2 2 0 0 2 2 2 2 2 2 2 2 2 0 2 2 2 2 2 2 2 2 2 2 2 2 0 2 2 2 2 2 2 2 2 2 2 0 2 2 2 2 2 2 2 2 2 2 0 2 2 2 0 2 2 2 2 2 2 2 2 2 2 2 2 2 2 0 2 2 2 2 2 2 2 2 2 2 2 2 2 2 2 2 2 2 2 2 2 2 2 2 2 2 2 2 2 2 2 2 2 2 2 2 2 2 2 2 2 2 2 2 2 0 0 2 2 2 2 2 2 2 2 2 2 2 2 2 2 2 2 2 2 2 2 2 2 2 2 0 2 2 2 2 0 2 2 2 0 2 2 2 2 2 2 0 2 2 2 2 2 2 2 2 2 2 2 2 2 2 2 2
1136 0 2 2 2 2 2 2 2 2 0 2 2 2 0 2 2 2 2 2 2 2 2 2 0 2 2 2 2 2 2 2 2 2 2 2 2 2 2 2 2 2 2 2 2 0 2 2 2 2 2 2 2 2 2 2 2 2 2 2 2 2 2 2 2 2 2 2 2 2 2 2 2 2 2 2 2 2 2 2 2 2 2 2 2 2 2 2 2 2 2 2 2 2 2 2 2 2 2 2 2 2 2 2 2 2 2 2 2 2 2 2 2 2 2 2 2 2 2 2 2 2 2 2 2 2 2 2 2 2 2 2 2 2 2 2 2 2 2 2 2 2 2 2 2 2 2 2 2 2 2 2 2 2 2 2 2 2 2 2 0 2 2 2 2 2 2 2 2 2 0 2 2 2 2 2 2 2 2 0 0 2 2 2 2 2 2 2 2 2 0 1 2 2 2 2 2 2 2 2 2 2 2 2 2 2 2 2 2 2 2 2 2 2 2 2 2 2 2 2 2 2 2 2 2 2 2 2 2 2 2 2 2 0 2 2 2 2 0 2 2 2 2 2 2 2
1137 0 0 2 0 2 2 2 2 0 0 2 0 2 0 0 0 2 2 2 2 0 0 0 0 0 2 2 0 2 2 0 0 0 0 2 2 2 0 2 0 2 0 2 2 0 2 2 2 2 0 2 2 2 0 0 0 2 0 2 0 2 2 2 2 2 2 0 0 2 2 2 2 0 2 2 2 2 0 0 2 2 2 2 0 2 2 2 0 2 2 2 2 2 2 2 0 0 2 2 2 2 2 0 0 2 2 2 2 0 0 2 0 2 2 0 2 2 2 0 0 0 2 0 2 2 2 2 0 2 0 2 2 2 0 2 2 2 2 0 2 2 2 0 0 2 2 2 2 1 2 2 2 2 2 2 2 0 2 0 0 2 0 0 2 2 0 2 1 0 0 2 2 2 2 2 2 2 2 0 0 2 2 0 2 2 0 2 2 2 0 0 2 0 2 0 2 2 0 2 2 2 2 0 2 2 2 0 2 2 2 2 0 2 2 0 0 0 2 2 2 0 2 0 0 2 2 2 2 2 2 0 2 0 2 0 2 2 0 0 0 2 2 0 2 2
1138 2 0 2 2 2 2 2 2 2 2 2 2 2 2 0 2 2 2 1 2 2 2 2 2 0 2 2 2 2 2 2 2 2 0 2 2 2 0 2 2 2 2 2 2 2 2 2 2 2 2 2 2 2 2 2 2 2 0 2 2 2 2 2 2 2 2 0 2 2 2 2 2 2 2 2 2 2 2 2 2 2 2 2 2 2 2 2 2 2 2 2 2 2 2 2 2 2 2 2 2 2 2 0 2 2 2 2 2 2 0 2 2 2 2 2 2 2 2 0 2 2 2 2 2 2 2 2 2 2 2 2 2 2 2 2 2 2 2 2 2 2 2 2 0 2 2 2 2 1 2 2 2 2 2 2 2 0 2 0 2 2 2 2 2 2 2 2 2 2 2 2 2 2 2 2 2 2 2 2 2 2 2 0 2 2 0 2 2 2 2 2 2 2 2 2 2 2 2 2 2 2 2 0 2 2 2 2 2 2 2 2 2 2 2 2 2 0 2 2 2 2 2 2 2 2 2 2 2 2 2 2 2 2 2 2 2 2 2 0 2 2 2 0 2 2
1139 0 2 2 2 2 2 2 2 2 0 2 2 2 0 2 2 2 2 2 2 2 2 2 0 2 2 2 2 2 2 2 2 2 2 2 2 2 2 2 2 2 2 2 2 0 2 2 2 2 2 2 2 2 2 2 2 2 2 2 2 2 2 2 2 2 2 2 2 2 2 2 2 2 2 2 2 2 2 2 2 2 2 2 2 2 2 2 2 2 2 2 2 2 2 2 2 2 2 2 2 2 2 2 2 2 2 2 2 2 2 2 2 2 2 2 2 2 2 2 2 2 2 2 2 2 2 2 2 2 2 2 2 2 2 2 2 2 2 2 2 2 2 2 2 2 2 2 2 2 2 2 2 2 2 2 2 2 2 2 0 2 2 2 2 2 2 2 2 2 0 2 2 2 2 2 2 2 2 0 0 2 2 2 2 2 2 2 2 2 0 1 2 2 2 2 2 2 2 2 2 2 2 2 2 2 2 2 2 2 2 2 2 2 2 2 2 2 2 2 2 2 2 2 2 2 2 2 2 2 2 2 2 0 2 2 2 2 0 2 2 2 2 2 2 2
1140 2 2 2 2 2 2 0 2 2 2 2 2 2 2 2 0 2 2 2 2 2 2 0 2 0 2 2 2 2 2 2 2 2 2 2 2 2 2 2 2 2 2 2 2 2 2 2 2 2 2 2 2 2 2 0 0 2 2 2 2 2 2 1 2 2 2 2 2 2 2 2 2 0 2 2 2 2 2 0 2 2 2 2 0 2 2 2 0 2 2 2 2 2 2 2 2 0 2 2 2 2 2 2 2 2 2 2 2 2 2 2 0 2 2 2 2 2 2 2 2 0 2 2 2 2 0 2 2 2 0 2 2 2 2 2 2 2 2 2 2 2 2 2 2 2 2 2 2 1 2 2 2 2 2 2 2 2 2 2 2 2 2 0 2 2 2 2 2 2 2 2 2 2 2 2 2 2 2 2 2 2 2 2 2 2 2 0 0 2 2 1 2 0 2 2 2 2 0 2 2 2 2 2 2 2 2 0 2 2 2 2 0 2 2 2 2 2 2 2 2 2 2 2 0 2 2 2 2 2 2 2 2 2 2 0 2 2 2 2 2 2 2 2 2 2
1141 2 2 2 2 2 2 0 0 0 2 2 2 2 2 2 0 2 2 2 2 0 2 0 2 0 2 2 2 2 2 0 2 2 2 2 1 2 2 2 2 2 2 2 0 2 2 2 2 2 0 2 2 2 2 0 0 0 2 2 2 2 0 0 0 0 2 2 2 0 2 0 2 0 2 2 2 2 2 0 2 2 1 2 0 2 2 2 0 0 2 2 2 2 2 2 2 0 0 0 2 2 2 2 0 0 2 2 2 2 2 2 0 2 0 0 0 2 0 2 2 0 2 2 0 2 0 2 2 2 0 2 2 2 2 2 2 2 2 0 2 2 2 2 2 2 2 2 2 1 2 0 0 2 2 2 0 2 2 2 2 0 2 0 2 2 2 2 0 2 2 2 2 2 0 2 0 0 2 2 2 2 2 2 2 2 2 0 0 2 2 2 2 0 2 2 2 2 0 2 1 2 2 2 0 2 2 0 2 2 2 2 0 2 2 2 2 2 0 0 0 0 0 2 0 2 2 2 2 0 0 2 2 2 2 0 0 2 2 2 2 2 2 2 2 2
1142 2 2 2 2 2 2 0 0 0 2 2 2 2 2 2 0 2 2 2 2 0 2 0 2 0 2 2 2 2 2 0 2 2 2 2 1 2 2 2 2 2 2 2 0 2 2 2 2 2 0 2 2 2 2 0 0 0 2 2 2 2 0 0 0 0 2 2 2 0 2 0 2 0 2 2 2 2 2 0 2 2 1 2 0 2 2 2 0 0 2 2 2 2 2 2 2 0 0 0 2 2 2 2 0 0 2 2 2 2 2 2 0 2 0 0 0 2 0 2 2 0 2 2 0 2 0 2 2 2 0 2 2 2 2 2 2 2 2 0 2 2 2 0 2 2 2 2 2 1 2 0 0 2 2 2 0 2 2 2 2 0 0 0 2 2 0 2 0 2 2 2 2 2 0 2 0 0 2 2 2 2 2 2 2 2 2 0 0 2 2 2 2 0 2 2 2 2 0 2 1 2 2 2 0 2 2 0 2 2 2 2 0 2 2 2 2 2 0 0 0 0 0 2 0 2 2 2 2 0 0 2 2 2 2 0 0 2 2 2 2 2 2 2 2 2
1143 0 2 0 0 0 0 0 0 0 0 0 0 0 0 2 0 0 0 0 0 0 0 0 0 0 0 0 0 0 0 0 0 0 2 0 0 0 2 0 0 0 0 0 0 0 0 0 0 0 0 0 0 0 0 0 0 0 2 0 0 0 0 0 0 0 0 2 0 0 0 0 0 0 0 0 0 0 0 0 0 0 0 0 0 2 0 0 0 0 0 0 0 0 0 2 0 0 0 0 0 0 2 2 0 0 0 0 0 2 2 0 0 0 0 0 0 0 0 2 0 0 0 0 0 0 0 0 0 0 0 0 0 2 0 0 0 0 0 0 0 0 0 0 2 0 0 0 0 1 0 0 0 0 0 0 0 2 0 2 0 0 0 0 0 0 0 0 1 0 0 0 0 0 0 0 2 2 0 0 0 0 0 2 0 2 2 0 0 0 0 0 0 0 0 0 0 0 0 0 0 0 0 2 2 0 0 0 0 0 0 0 0 0 0 0 0 2 0 2 2 0 0 0 0 0 0 0 0 0 0 2 2 0 0 0 0 0 0 2 2 0 0 2 0 0
1144 0 2 0 0 0 0 0 0 0 0 0 0 0 0 2 0 0 0 0 0 0 0 0 0 0 0 0 0 0 0 0 0 0 2 0 0 0 2 0 0 0 0 0 0 0 0 0 0 0 0 2 0 0 0 0 0 0 2 0 0 0 0 0 0 0 0 2 0 0 0 0 0 0 0 0 0 0 0 0 0 0 0 0 0 2 0 0 0 0 0 0 0 0 0 2 0 0 0 0 0 0 2 2 0 0 0 0 2 2 2 0 0 0 0 0 0 0 0 2 0 0 0 0 0 0 0 2 2 0 0 2 0 2 0 0 0 0 0 0 0 0 0 0 2 0 0 0 0 1 0 0 0 0 0 0 0 2 0 2 0 0 0 0 0 0 0 0 0 0 0 0 0 0 0 0 2 0 0 0 0 0 0 2 0 2 2 0 0 0 0 0 0 0 0 0 0 0 0 0 1 0 0 2 2 0 0 0 0 0 0 0 0 0 0 0 0 2 0 2 0 0 0 0 0 0 0 0 0 0 0 2 2 0 0 0 0 0 0 2 2 0 0 2 0 0
1145 2 2 2 2 2 0 2 2 0 0 2 2 2 2 2 2 2 0 2 2 0 2 2 2 2 0 2 2 0 2 2 2 2 2 2 2 2 2 2 0 2 2 2 2 2 2 2 2 0 0 2 2 2 2 2 2 2 2 2 0 2 2 2 2 2 2 2 2 2 0 2 2 2 2 2 2 2 2 2 2 0 2 2 2 2 2 2 2 2 2 2 2 2 0 2 2 2 2 2 2 0 2 2 2 2 2 2 2 2 2 2 2 2 2 2 2 0 2 2 2 2 0 0 2 2 2 2 2 2 2 2 2 2 2 0 2 2 0 2 2 2 2 2 2 2 2 2 2 1 2 2 2 2 2 2 2 2 0 2 2 2 2 2 2 2 2 0 2 2 2 2 2 2 2 2 2 2 2 2 2 2 2 2 2 2 2 2 2 0 2 2 2 2 2 2 2 2 2 2 2 2 2 2 0 0 2 2 2 2 2 2 2 2 2 0 2 2 0 0 2 2 0 2 2 2 2 2 0 2 2 2 0 2 2 2 2 2 2 2 2 0 0 2 2 2
1146 2 0 0 0 0 0 0 0 2 0 0 0 0 2 0 0 0 0 2 0 2 0 0 2 0 0 0 0 0 2 0 0 0 0 0 0 0 0 0 2 2 0 0 0 2 0 0 2 0 2 0 0 0 0 0 0 0 0 0 2 0 2 0 0 0 0 0 0 0 2 0 2 0 0 0 2 0 0 0 0 0 1 0 2 2 0 0 0 0 0 0 0 0 0 0 0 0 2 0 0 0 0 0 0 0 2 0 0 0 0 2 0 0 0 0 2 0 0 0 0 0 2 2 0 0 0 0 0 0 2 2 0 0 0 0 0 0 0 0 0 0 0 0 0 0 0 0 0 0 0 0 2 0 2 0 2 0 0 0 2 0 0 0 0 0 0 0 0 0 2 0 0 0 0 0 0 0 2 2 2 0 0 0 0 0 0 0 0 0 2 1 0 0 2 2 0 0 0 0 0 0 0 0 2 0 0 0 0 0 2 2 0 0 0 2 2 0 2 2 0 0 2 0 0 0 0 0 0 2 0 0 0 2 0 0 0 2 2 0 0 0 0 0 0 0
1147 0 0 0 0 0 0 0 0 0 0 0 0 0 0 0 0 0 0 0 0 0 0 0 0 0 0 0 0 0 0 0 0 0 0 0 0 0 0 0 0 0 0 0 0 0 0 0 0 0 0 0 0 2 0 0 0 0 0 0 0 0 0 1 0 0 0 0 0 0 0 0 0 0 2 0 0 0 0 2 0 0 0 2 0 0 0 0 0 0 0 0 0 2 0 0 0 0 0 0 0 0 2 0 0 0 0 0 0 0 0 0 0 0 0 0 0 0 0 0 0 0 0 0 0 0 0 0 0 0 0 0 2 2 0 0 0 0 0 0 0 2 0 0 0 0 0 0 0 0 0 0 2 0 0 0 2 0 2 0 0 0 0 0 0 0 0 0 0 0 0 0 0 0 0 0 0 0 0 0 0 0 0 0 0 0 0 0 0 0 0 0 0 0 0 0 0 0 0 0 0 0 0 0 0 0 0 0 0 0 0 2 2 0 0 0 0 0 0 0 0 0 0 0 2 0 2 0 0 0 0 0 0 0 0 2 0 0 0 0 0 0 0 0 0 0
1148 2 2 2 2 2 2 2 2 2 2 2 2 2 2 0 0 2 2 2 2 2 2 2 2 2 2 2 2 2 2 2 2 2 0 2 2 2 0 2 2 2 2 0 2 2 2 2 2 2 2 2 2 2 2 2 2 2 0 2 2 2 2 2 2 2 2 0 2 2 2 2 0 2 2 2 2 2 2 2 2 2 2 2 0 2 2 2 2 2 2 2 2 2 2 2 2 2 2 2 2 2 2 2 2 2 2 0 2 2 2 2 2 2 2 2 2 2 2 2 2 2 2 2 2 2 2 2 2 2 2 2 2 2 2 2 2 2 2 2 2 2 2 2 2 2 2 2 2 2 2 2 2 2 2 2 2 2 2 2 2 0 2 2 0 2 2 2 2 2 2 0 2 2 2 2 2 2 2 2 2 2 2 0 2 2 2 2 0 2 2 2 2 2 2 2 2 2 2 0 2 2 2 2 0 2 0 2 0 2 2 2 2 2 2 2 2 2 0 2 2 2 2 2 2 0 2 2 2 2 2 0 2 2 2 2 2 0 2 2 2 2 2 0 2 0
1149 2 2 2 2 2 2 2 2 2 2 2 2 2 2 2 2 2 2 2 2 2 2 2 2 0 2 2 2 2 2 2 2 2 2 2 2 2 2 2 2 0 2 2 0 2 2 0 2 2 2 2 0 0 2 2 2 0 2 2 2 0 0 2 2 2 2 2 0 2 2 2 2 2 0 2 2 2 2 2 2 0 1 2 2 2 2 2 2 2 2 2 2 2 2 2 2 2 2 2 2 2 2 2 2 2 0 2 2 2 2 2 2 2 2 2 2 2 2 2 2 2 2 2 0 2 2 2 0 2 2 2 2 2 2 2 2 2 2 2 2 2 2 2 2 2 2 0 2 1 0 2 2 2 2 2 2 2 2 2 2 2 0 0 2 2 2 2 1 0 2 2 2 2 2 2 2 2 2 2 2 2 0 2 2 2 2 2 2 2 2 2 2 2 2 2 2 2 2 2 1 2 2 2 2 2 2 2 2 0 2 2 2 2 2 2 0 2 2 2 2 2 2 0 2 2 2 2 2 2 2 2 2 2 0 2 2 2 2 2 2 2 2 2 2 2
1150 2 2 2 2 0 2 2 2 2 2 2 2 0 2 2 2 2 2 2 2 2 2 2 2 2 2 2 2 2 2 2 2 0 2 2 2 2 2 2 2 2 0 2 2 2 2 2 2 2 2 2 2 2 2 2 2 2 2 2 2 2 2 2 2 0 0 2 2 2 2 2 2 2 2 2 2 2 2 0 2 2 2 2 2 2 2 2 2 2 2 2 2 2 2 2 0 2 2 2 2 2 2 2 2 2 2 2 2 2 2 2 2 2 2 2 2 2 2 2 0 2 2 2 2 2 2 2 2 2 2 2 2 2 0 2 2 2 2 2 2 2 2 2 0 2 2 2 2 2 2 2 0 2 2 2 2 2 2 0 2 2 2 2 2 2 2 2 2 2 2 2 2 2 2 2 2 2 2 2 2 2 2 2 2 2 2 0 2 2 2 2 2 2 2 2 2 2 2 2 2 2 2 2 2 2 2 2 2 2 2 2 2 2 2 2 2 2 2 2 2 2 2 2 2 2 2 2 2 2 2 2 2 2 2 2 2 2 2 2 2 2 2 2 2 2
1151 2 2 0 2 2 0 2 2 2 2 2 2 2 2 2 2 2 2 2 2 2 2 2 2 2 2 2 2 2 2 2 2 2 2 2 2 2 2 2 2 2 2 2 2 2 0 2 2 2 2 2 2 2 2 2 2 2 2 0 2 2 2 2 2 2 2 2 2 2 2 2 2 2 2 2 2 0 2 2 2 2 2 2 2 2 2 0 2 2 2 2 2 2 2 2 2 0 2 2 0 2 2 2 2 2 2 2 2 2 2 2 2 2 2 2 2 2 2 2 2 2 2 2 2 2 2 2 0 2 2 2 2 2 2 2 2 2 0 2 2 2 2 2 2 2 2 2 2 1 2 0 2 2 2 2 2 2 2 2 2 2 2 2 2 2 2 2 2 2 2 2 2 2 2 2 0 2 2 2 2 2 2 2 2 2 2 0 2 2 2 2 2 2 2 2 2 2 2 2 2 2 2 2 2 2 2 2 2 2 2 2 2 0 2 2 2 2 1 2 2 2 2 2 2 2 2 2 2 2 2 2 0 2 2 2 2 2 2 2 0 2 2 2 2 2
1152 0 0 0 0 0 0 0 0 0 0 0 0 0 0 0 0 0 0 0 0 0 0 0 0 0 0 2 0 0 0 0 0 0 0 0 1 0 0 0 0 0 0 0 0 0 0 0 0 0 0 0 0 0 0 0 0 0 0 0 0 0 0 0 0 0 0 0 0 2 0 0 0 0 0 0 0 0 0 0 0 0 1 0 0 0 2 0 0 0 0 0 0 0 2 0 0 0 0 0 0 0 0 0 0 0 0 0 0 0 0 0 0 0 0 0 0 0 0 0 0 0 0 0 0 0 0 0 0 0 0 0 0 0 0 2 2 0 0 0 0 0 0 2 0 0 0 0 0 0 0 0 0 0 0 0 0 0 0 0 0 0 0 0 0 0 0 2 0 0 0 0 0 0 0 0 0 0 0 0 0 0 0 0 2 0 0 0 0 0 0 0 0 0 0 0 2 0 0 0 0 0 0 0 0 2 0 0 0 0 0 0 0 0 0 0 0 0 0 0 0 0 0 0 0 0 0 0 0 0 0 0 0 0 0 0 0 0 0 0 0 0 0 0 2 0
1153 0 0 0 0 0 0 0 0 0 0 0 0 0 0 0 0 0 0 0 0 0 0 0 0 0 0 2 0 0 0 0 0 0 0 0 1 0 0 0 0 0 0 0 0 0 0 0 0 0 0 0 0 0 0 0 0 0 0 0 0 0 0 0 0 0 0 0 0 2 0 0 0 0 0 0 0 0 0 0 0 0 1 0 0 0 2 0 0 0 0 0 0 0 2 0 0 0 0 0 0 0 0 0 0 0 0 0 0 0 0 0 0 0 0 0 0 0 0 0 0 0 0 0 0 0 0 0 0 0 0 0 0 0 0 2 2 0 0 0 0 0 0 2 0 0 0 0 0 0 0 0 0 0 0 0 0 0 0 0 0 0 0 0 0 0 0 2 0 0 0 0 0 0 0 0 0 0 0 0 0 0 0 0 2 0 0 0 0 0 0 0 0 0 0 0 2 0 0 0 0 0 0 0 0 2 0 0 0 0 0 0 0 0 0 0 0 0 0 0 0 0 0 0 0 0 0 0 0 0 0 0 0 0 0 0 0 0 0 0 0 0 0 0 2 0
1154 0 0 0 0 0 0 0 0 0 0 0 0 0 0 0 0 2 0 0 0 0 0 0 0 0 0 2 0 0 0 0 0 0 0 0 1 0 0 0 0 0 0 0 0 0 0 0 0 0 0 0 0 0 0 0 0 0 0 0 0 0 0 0 0 0 0 0 0 2 0 0 0 0 0 2 0 0 0 0 0 0 1 0 2 0 2 0 0 0 0 0 0 0 2 0 0 0 0 0 0 0 0 0 0 0 0 0 0 0 0 0 0 0 0 0 0 0 0 0 0 0 0 0 0 0 0 0 0 0 0 0 0 0 0 2 2 0 0 0 2 0 2 2 0 0 0 0 2 0 0 0 0 0 0 0 0 0 0 0 0 0 0 0 0 2 0 2 0 0 0 0 0 0 0 0 0 0 0 0 0 2 0 0 2 0 0 0 0 0 0 0 2 0 0 0 2 0 0 2 0 0 2 0 0 2 2 0 2 0 0 0 0 0 0 0 0 0 0 0 0 0 0 0 0 0 0 2 0 0 0 0 0 0 0 0 0 0 0 0 0 0 0 0 2 2
1155 2 2 2 2 2 2 2 2 2 2 2 2 2 2 2 2 0 2 2 2 2 2 2 2 2 2 2 2 2 2 2 2 2 2 2 2 2 2 2 2 2 2 2 2 2 2 2 2 2 2 2 2 2 2 2 2 2 2 2 2 2 2 2 2 2 2 2 2 2 2 2 2 2 2 0 2 2 2 2 2 2 2 2 0 2 2 2 2 2 2 2 2 2 2 2 2 2 2 2 2 2 2 2 2 2 2 2 2 2 2 2 2 2 2 2 2 2 2 2 2 2 2 2 2 2 2 2 2 2 2 2 2 2 2 2 2 2 2 2 0 2 0 2 2 2 2 2 0 2 2 2 2 2 2 2 2 2 2 2 2 2 2 2 2 0 2 2 2 2 2 2 2 2 2 2 2 2 2 2 2 0 2 2 2 2 2 2 2 2 2 2 0 2 2 2 2 2 2 0 2 2 0 2 2 2 0 2 0 2 2 2 2 2 2 2 2 2 2 2 2 2 2 2 2 2 2 0 2 2 2 2 2 2 2 2 2 2 2 2 2 2 2 2 2 0
1156 2 2 0 0 0 2 0 2 2 2 0 0 0 0 2 0 2 2 2 0 0 0 2 0 2 0 2 0 2 2 0 0 0 2 2 1 2 2 0 0 2 0 0 2 0 0 0 2 0 0 2 2 0 2 2 2 0 2 0 0 0 0 2 2 2 0 2 2 2 2 0 2 2 0 2 2 0 0 0 2 0 1 2 2 0 2 0 2 2 2 2 0 2 2 2 0 0 0 2 0 2 0 2 0 2 2 2 2 2 2 2 2 2 0 0 0 2 2 2 0 2 0 2 2 0 0 0 2 2 2 2 2 0 0 2 2 2 2 2 2 2 2 2 0 2 0 2 2 2 2 0 2 2 0 2 2 2 2 0 2 2 2 2 2 2 0 2 2 0 2 2 2 2 2 2 0 2 0 2 0 2 2 2 2 2 2 2 2 2 2 2 2 2 2 0 2 2 0 2 1 2 2 2 2 2 2 0 2 0 2 0 2 0 2 2 2 2 1 2 2 2 0 2 0 2 2 2 2 2 0 2 0 0 0 2 0 0 0 2 2 2 2 2 2 2
1157 2 2 0 0 2 0 2 2 0 2 0 0 2 0 2 0 0 0 2 0 0 0 2 0 2 0 0 0 0 2 0 0 2 2 2 1 2 2 0 2 0 2 0 0 0 0 0 2 0 0 0 0 0 0 2 2 0 2 0 0 0 0 2 0 2 2 2 0 2 2 0 0 2 0 0 2 0 0 0 2 0 2 2 2 0 0 0 2 0 2 2 0 2 2 2 2 0 2 2 0 0 2 2 0 0 0 2 0 0 2 2 2 2 0 2 0 2 0 2 2 0 0 0 0 0 2 2 0 2 0 0 2 2 2 0 0 2 0 0 2 2 2 0 0 0 2 0 2 1 2 2 0 0 2 2 2 2 0 0 0 0 2 2 2 2 2 2 1 2 0 2 2 2 0 2 2 0 2 0 0 2 2 2 0 0 2 0 0 2 0 0 2 2 0 2 2 2 2 0 1 2 2 2 0 0 2 2 0 0 0 2 2 0 0 2 0 2 0 0 0 0 0 0 2 2 2 2 2 2 2 0 0 0 2 2 0 2 0 2 2 2 0 0 2 2
1158 2 2 0 2 2 2 2 2 0 2 2 2 2 2 2 2 2 2 2 2 0 0 2 2 2 2 2 0 2 2 0 0 2 2 2 2 2 2 2 2 2 2 0 2 2 0 2 2 0 0 2 0 2 0 2 2 2 2 0 0 2 2 2 2 2 2 2 0 2 2 0 2 2 2 2 2 0 2 2 2 2 2 2 2 2 2 0 2 2 2 2 2 2 2 2 2 2 2 2 0 2 2 2 0 2 2 2 2 2 2 2 2 2 2 2 2 2 2 2 2 2 2 2 2 0 2 2 0 2 2 0 2 2 2 2 2 2 2 2 2 2 2 2 2 2 2 0 2 2 2 2 2 0 2 2 2 2 2 2 2 2 2 2 2 2 2 2 2 0 2 2 2 2 2 2 2 2 2 2 2 2 2 2 2 2 2 2 2 2 2 2 2 2 2 0 2 2 2 2 2 2 2 2 2 2 2 2 2 2 2 2 2 0 2 2 2 2 1 2 2 2 0 0 2 2 2 2 2 2 2 2 2 2 2 2 0 2 2 2 2 2 2 2 2 2
1159 2 0 2 2 2 2 2 2 2 2 2 0 2 2 2 2 0 2 2 2 2 2 0 2 2 2 2 2 2 2 0 2 0 2 2 2 0 0 2 2 0 0 2 2 2 2 2 2 2 0 0 2 2 0 0 0 2 0 2 0 2 0 1 2 2 2 0 2 2 2 2 2 2 2 0 2 2 0 2 2 0 1 2 2 2 2 2 0 0 2 2 2 2 2 0 0 2 2 2 2 2 2 0 0 2 2 2 2 2 2 2 0 2 0 0 2 0 2 2 0 2 2 2 2 2 2 2 2 2 2 0 2 2 0 0 2 2 2 2 2 0 2 2 2 2 2 2 0 2 0 2 2 2 2 0 2 2 2 2 2 2 2 2 2 2 2 2 2 2 2 2 2 2 2 2 2 2 2 2 2 0 2 2 2 2 2 2 2 0 2 1 0 0 0 2 2 2 2 0 2 2 2 0 2 0 2 2 0 2 0 0 2 2 2 2 2 0 2 2 2 2 2 2 2 2 2 0 0 2 2 2 2 2 0 2 0 0 2 2 2 0 2 2 2 2
1160 2 2 2 2 2 2 2 2 2 2 2 2 2 2 2 2 2 2 2 2 2 2 2 2 2 2 0 2 2 2 2 2 2 2 2 1 2 2 2 2 2 2 2 2 2 2 2 2 2 2 2 2 2 2 2 2 2 2 2 2 2 2 2 2 2 2 2 2 2 0 2 2 2 2 2 2 2 2 2 2 2 1 0 2 2 0 2 2 2 2 0 2 0 2 2 2 2 2 2 2 0 2 2 2 2 2 0 2 2 2 2 2 2 2 2 2 2 2 2 2 2 2 2 2 2 2 2 2 2 2 2 2 2 2 2 0 0 2 2 2 2 2 0 2 2 2 2 2 2 2 2 2 2 2 2 2 2 2 2 2 2 2 2 2 2 2 2 2 2 2 2 2 0 2 2 2 2 2 2 2 0 2 2 0 2 2 2 2 2 2 2 0 2 2 2 2 2 2 0 2 2 2 2 2 2 2 2 0 2 2 2 2 2 2 2 2 2 2 2 2 2 2 2 2 2 0 0 2 2 2 2 2 2 2 2 2 2 2 2 2 2 0 2 0 2
1161 0 0 0 0 0 0 0 0 0 0 0 2 0 0 0 0 2 0 0 0 2 2 0 0 0 0 0 2 0 0 0 2 0 0 0 0 0 0 0 0 0 0 2 0 0 0 2 0 2 0 0 2 2 0 0 0 0 0 0 0 0 0 0 0 0 0 0 0 2 0 2 0 0 2 2 0 0 2 0 0 0 0 0 0 0 0 0 0 0 0 0 0 0 0 0 0 0 0 0 0 0 0 0 0 0 2 0 0 0 0 0 0 2 0 0 0 0 0 0 0 0 2 0 0 0 0 0 0 2 0 2 0 0 0 0 0 0 0 0 2 0 2 0 0 0 2 2 0 0 0 0 0 2 0 0 0 2 0 0 0 2 2 0 0 2 0 0 0 2 0 0 0 0 0 0 0 0 0 0 0 0 2 0 0 0 2 0 0 0 0 0 0 0 0 2 2 0 0 0 0 0 2 0 0 0 0 0 0 2 2 2 0 0 0 0 0 0 0 0 0 0 0 0 0 0 0 0 0 0 2 0 0 0 0 0 0 0 0 0 0 0 0 0 0 0
1162 2 2 2 0 2 2 2 2 0 2 0 0 2 2 0 2 2 2 2 0 0 2 2 2 2 2 2 2 2 2 0 2 2 0 2 2 2 2 0 2 2 2 2 2 2 2 0 2 2 2 0 2 2 2 2 2 2 2 2 2 2 2 1 2 2 2 2 2 2 2 0 2 2 2 2 2 2 0 0 2 2 1 2 2 2 2 2 2 2 2 0 0 2 2 2 2 2 2 2 2 2 0 2 0 2 2 0 2 2 2 2 2 0 2 0 2 2 2 2 2 2 0 2 2 2 2 2 2 0 2 0 0 0 2 2 2 2 2 2 0 0 0 2 0 2 2 2 0 1 2 2 2 2 0 2 0 2 2 0 0 0 2 0 0 0 2 0 2 0 0 0 2 2 0 0 2 2 0 0 2 0 2 0 2 0 2 2 2 0 0 0 0 2 0 2 0 2 2 2 2 0 0 0 0 2 2 0 2 0 2 0 2 2 2 2 2 0 2 0 2 2 2 2 2 0 2 0 2 2 2 2 2 2 2 2 0 2 2 2 2 2 0 0 0 0
1163 0 2 0 0 0 2 2 0 0 0 0 0 0 0 0 0 2 2 2 0 0 2 2 0 2 2 2 2 2 2 0 2 0 0 2 2 2 2 0 0 2 0 0 2 0 0 2 2 2 2 0 0 2 2 2 2 0 2 0 0 0 0 2 2 0 0 2 0 2 0 2 2 0 2 2 2 0 0 2 0 0 2 0 0 0 2 0 2 0 2 2 0 0 0 2 0 0 0 0 0 0 2 2 0 0 0 0 0 0 2 2 2 2 0 0 2 2 2 0 0 0 0 0 2 0 2 2 0 2 2 0 2 2 0 0 2 0 2 2 0 2 0 2 0 2 2 0 0 1 0 2 0 0 0 0 0 0 0 0 0 2 2 2 0 0 0 2 1 2 0 0 0 2 2 0 2 2 0 0 0 0 0 0 2 2 0 2 2 0 0 1 0 2 0 0 0 2 2 0 0 0 0 0 0 0 2 2 0 2 0 2 2 0 2 2 0 0 1 0 2 0 0 0 2 0 0 0 0 2 0 0 0 0 0 2 0 2 0 0 1 2 0 0 0 0
1164 2 2 2 2 2 2 2 0 0 2 0 2 2 2 2 2 2 2 2 0 2 2 2 2 2 2 2 2 2 2 2 2 2 2 2 2 2 2 0 0 2 2 2 2 2 2 2 2 2 2 2 0 2 2 2 2 2 2 2 2 2 0 2 2 2 2 2 2 2 2 2 0 2 2 2 2 2 2 2 2 2 2 2 2 2 2 2 2 2 2 2 0 2 2 2 2 2 2 0 2 2 2 2 2 2 2 2 2 2 2 2 2 2 2 2 2 2 2 2 2 2 0 0 2 2 2 2 2 2 2 2 2 2 2 0 2 2 2 2 2 2 2 2 2 2 2 0 2 2 2 2 2 0 2 2 2 2 2 2 0 2 2 2 2 2 2 2 2 2 0 2 2 2 2 2 2 2 2 0 2 2 2 2 2 2 2 2 2 2 0 1 2 2 2 2 2 2 2 2 2 2 2 2 2 0 2 2 2 2 2 2 2 2 2 2 2 2 2 2 2 2 2 2 2 2 2 2 2 2 2 2 2 2 2 2 2 2 2 2 2 2 2 2 2 2
1165 0 0 0 2 2 0 0 2 0 0 0 0 2 0 2 2 2 2 0 0 0 0 0 0 0 0 0 0 2 0 0 0 2 2 0 0 0 0 0 2 2 2 2 2 0 0 2 0 0 0 0 2 2 2 0 0 2 0 0 0 0 0 0 2 0 2 0 0 2 0 2 0 0 2 2 0 0 0 0 2 0 2 0 0 0 0 0 0 0 0 2 0 0 0 0 2 2 0 2 0 2 2 0 0 0 2 2 2 0 0 0 0 2 0 0 0 2 2 2 2 2 0 2 2 0 0 0 2 0 0 2 0 2 2 0 0 2 0 2 2 0 2 0 2 2 0 2 2 1 0 0 2 2 2 0 2 0 2 2 0 2 0 0 2 2 2 2 2 2 0 0 2 2 0 2 2 2 2 0 0 2 2 2 0 0 0 0 0 2 0 0 2 0 0 2 2 0 0 2 1 2 2 2 2 0 2 0 2 2 2 2 0 0 2 2 2 2 0 2 2 0 0 0 0 0 0 2 2 0 0 0 0 0 2 0 0 0 0 2 2 2 2 2 2 2
1166 0 2 2 2 2 0 0 2 2 2 2 0 2 0 2 2 2 2 2 2 0 0 2 0 2 2 2 0 2 2 2 0 2 2 2 2 2 2 2 2 2 2 2 2 0 2 2 2 2 2 2 2 2 2 2 2 2 2 2 2 2 2 2 2 2 2 2 2 2 2 2 0 2 2 2 2 2 0 2 2 2 2 2 2 2 2 2 2 2 2 2 2 2 2 2 2 0 2 2 2 2 2 2 2 0 0 2 2 2 2 2 2 2 2 2 2 2 2 2 2 0 2 2 2 2 0 2 2 2 2 2 2 2 2 0 2 2 0 2 2 2 2 2 2 2 2 2 2 1 0 2 2 2 2 2 2 2 2 2 2 2 2 2 2 2 2 2 2 2 2 2 2 2 2 2 2 2 2 2 0 2 0 2 2 2 2 2 0 2 2 2 2 2 2 2 2 2 2 2 1 2 2 2 2 0 2 2 2 2 0 2 2 2 2 2 2 2 2 2 2 2 2 2 2 2 2 2 2 2 2 2 2 0 2 2 2 2 0 2 2 2 2 2 2 2
1167 2 2 2 2 2 2 2 2 2 2 2 2 2 2 2 2 2 2 2 2 2 2 2 2 2 2 2 2 2 2 2 2 2 2 0 2 2 2 2 2 2 2 2 2 2 2 2 2 2 2 2 2 2 2 2 2 2 2 2 2 2 2 2 2 2 2 2 2 2 2 2 2 2 2 2 2 2 2 2 2 2 2 2 0 2 2 2 2 2 0 2 2 2 2 2 2 2 2 2 2 2 2 2 2 2 2 2 2 2 2 2 2 2 2 2 2 0 2 2 2 2 2 2 2 2 2 2 2 2 2 2 2 2 2 2 2 2 2 2 2 2 2 2 2 2 2 2 2 2 2 2 2 2 2 2 2 0 2 2 2 2 2 2 2 2 2 2 2 2 2 2 2 2 2 2 2 2 2 2 2 2 2 2 2 2 0 2 2 2 2 2 2 2 2 2 2 0 2 2 2 2 2 2 2 2 2 2 2 2 2 2 0 2 2 2 2 2 2 2 2 2 2 2 2 2 2 2 2 0 0 2 2 2 2 0 0 2 2 2 2 0 2 2 2 2
1168 2 2 2 2 0 2 2 2 2 0 2 2 0 2 0 2 0 2 0 2 2 2 2 2 2 2 0 2 2 0 2 2 2 0 0 1 2 2 2 2 2 2 2 2 2 2 2 0 2 2 2 2 2 2 2 2 2 2 2 2 2 2 1 2 2 0 2 2 2 0 2 2 2 2 0 0 2 2 0 2 0 2 0 0 2 0 2 0 2 0 2 2 0 0 0 2 2 2 2 2 2 2 2 2 2 2 0 2 0 2 0 2 2 0 2 2 0 2 2 2 2 2 0 2 2 2 2 2 2 2 2 0 2 2 2 0 0 2 2 0 0 0 0 2 2 0 2 0 1 2 0 2 2 0 0 2 0 0 2 2 2 0 0 0 0 2 2 2 2 2 0 0 0 0 0 2 2 0 2 2 0 2 0 0 0 0 2 2 0 2 1 0 0 2 2 2 0 2 0 2 2 0 0 2 2 2 0 0 2 2 2 0 2 2 2 2 0 1 2 2 2 0 2 2 0 0 0 0 0 0 0 2 2 0 0 0 0 2 2 1 0 0 0 2 0
1169 0 0 0 2 0 0 2 2 0 0 0 0 0 0 0 0 0 0 0 0 0 0 0 0 0 0 0 0 0 0 0 0 0 0 0 0 0 0 0 0 0 0 2 0 0 0 2 0 0 0 0 2 0 0 0 0 0 0 0 0 0 0 1 0 0 0 0 0 2 0 0 0 0 0 0 0 0 0 2 0 0 0 0 0 0 0 0 0 0 0 0 0 0 2 0 0 0 0 2 0 0 2 0 0 2 0 0 0 0 2 0 0 2 0 0 0 0 0 0 0 0 0 0 0 0 2 0 2 2 0 0 0 2 0 2 0 0 0 0 0 0 0 0 0 0 0 2 0 0 0 0 2 0 0 0 0 0 0 0 0 0 0 0 0 0 0 0 0 0 0 0 0 0 2 0 0 0 0 0 0 0 0 0 0 2 0 2 0 0 0 0 0 0 0 0 0 0 0 0 2 0 0 0 2 2 0 2 0 2 0 0 0 0 0 2 0 0 1 2 0 0 2 0 0 0 0 0 0 0 0 0 0 0 0 0 0 0 0 0 0 0 0 0 0 0
1170 2 2 0 2 0 2 2 2 2 2 2 2 0 2 0 2 2 2 2 2 0 2 2 2 2 2 2 2 2 2 0 2 2 0 2 2 2 2 2 2 2 2 2 2 2 0 2 2 0 0 2 2 2 2 2 2 2 2 0 0 2 2 2 2 2 0 2 2 2 0 2 2 2 2 2 2 0 2 2 2 2 2 2 0 2 2 0 0 2 2 2 2 2 2 0 2 2 2 2 0 2 2 2 0 2 0 0 2 2 2 2 2 2 2 0 2 2 2 2 2 2 2 2 2 2 2 2 2 2 2 2 2 2 2 2 2 2 2 2 0 0 0 2 2 2 2 2 0 1 2 2 2 2 0 2 2 2 2 2 2 2 2 0 0 0 2 2 2 2 2 2 0 2 2 2 2 2 0 2 2 2 2 0 2 2 2 2 0 2 2 2 2 0 2 2 2 2 0 2 2 2 0 2 2 2 2 2 2 2 0 2 2 0 2 2 2 2 2 2 2 2 2 2 2 2 2 2 2 0 2 2 2 2 2 2 2 2 2 2 2 2 2 0 2 0
1171 2 2 2 2 0 2 2 2 2 2 2 2 0 2 0 2 2 2 2 2 2 2 2 2 2 2 2 2 2 2 2 2 2 0 2 2 2 2 2 2 2 2 2 2 2 2 2 2 2 2 2 2 2 2 2 2 2 2 2 2 2 2 2 2 2 0 2 2 2 2 2 2 2 2 2 2 2 2 2 2 2 2 2 2 2 2 2 2 2 2 2 2 2 2 2 2 2 2 2 2 2 2 2 2 2 2 0 2 2 2 2 2 2 2 2 2 2 2 2 2 2 2 2 2 2 2 2 2 2 2 2 2 2 2 2 2 2 2 2 0 2 0 2 2 2 2 2 0 1 2 2 2 2 0 2 2 2 2 2 2 2 2 2 0 0 2 2 2 2 2 2 0 2 2 2 2 2 0 2 2 2 2 0 2 2 2 2 2 2 2 2 2 2 2 2 2 2 2 2 2 2 0 2 2 2 2 2 2 2 2 2 2 2 2 2 2 2 2 2 2 2 2 2 2 2 2 2 2 2 2 2 2 2 2 2 2 2 2 2 2 2 2 0 2 0
1172 0 2 0 2 2 2 2 2 2 0 2 2 2 0 2 2 2 2 0 2 2 2 2 0 0 2 2 2 2 0 2 2 2 1 2 2 2 2 2 2 2 2 2 2 1 0 2 0 0 2 2 2 2 2 2 2 2 2 0 2 2 2 2 2 2 2 2 2 2 2 2 2 2 2 2 0 0 2 2 2 2 2 2 2 2 2 0 2 2 2 2 2 2 2 2 2 2 2 2 0 2 2 2 2 2 2 2 2 2 2 0 2 2 0 2 2 2 2 0 2 2 2 0 2 0 2 2 2 2 2 2 2 2 2 2 2 2 2 2 2 2 2 2 2 2 2 2 2 2 2 2 2 2 2 2 2 2 2 2 2 2 2 2 2 2 2 2 2 2 2 2 2 2 2 2 2 2 2 2 0 2 2 2 2 2 2 2 0 2 0 2 2 2 2 2 2 2 2 2 2 2 2 2 2 2 2 2 2 2 2 2 2 0 2 2 2 2 2 2 2 2 2 2 2 2 2 2 2 2 2 2 2 0 2 2 2 2 0 0 2 2 2 2 2 2
1173 0 2 2 2 2 0 2 2 0 2 2 2 2 0 2 2 2 0 2 2 2 2 2 0 2 2 2 2 0 2 2 2 2 2 2 2 2 2 2 2 2 2 2 2 0 2 2 2 2 2 2 2 2 2 2 2 2 2 2 2 2 2 2 2 2 2 2 2 2 2 2 0 2 2 2 2 2 2 2 0 2 2 2 2 2 2 2 2 2 2 2 2 2 2 2 2 2 2 2 2 2 2 2 2 0 2 2 2 2 2 2 2 0 2 2 2 2 2 2 2 2 2 2 2 2 2 2 2 2 2 2 2 2 2 2 2 2 0 2 2 2 2 2 2 2 2 2 2 1 2 2 2 2 2 2 2 2 2 2 0 2 2 2 2 2 2 2 2 2 0 2 2 2 0 2 2 2 2 0 0 2 0 2 2 0 2 2 2 2 0 1 2 2 2 2 2 2 2 2 0 2 2 2 2 2 2 2 2 2 2 2 2 2 2 2 2 2 2 2 2 2 2 2 2 2 2 2 2 2 2 2 2 0 2 2 2 2 0 2 2 2 2 2 2 2
1174 2 2 2 2 2 2 2 2 2 2 2 2 2 2 0 2 0 2 2 2 2 0 2 2 0 2 0 0 2 2 2 0 2 0 2 1 2 2 2 2 0 2 2 2 2 2 2 2 2 2 2 2 2 2 2 2 2 2 2 2 2 2 2 2 2 2 2 2 2 2 2 2 2 2 0 2 2 2 2 2 2 2 2 2 0 0 2 2 2 2 2 2 2 0 2 2 2 2 2 2 0 2 2 2 2 2 0 2 2 0 2 2 2 2 2 2 2 2 2 2 2 2 2 2 2 2 0 2 2 2 2 2 2 2 2 0 0 2 2 0 2 0 0 2 2 2 2 2 1 2 2 2 2 0 2 2 2 0 2 2 2 2 2 0 0 2 2 2 2 2 2 0 0 2 0 2 2 0 2 2 2 2 0 0 2 2 0 2 2 2 2 2 2 2 2 2 2 2 0 2 2 0 2 2 2 2 2 0 2 2 2 2 2 2 2 2 2 1 2 2 2 0 2 2 2 2 2 2 2 0 2 2 2 2 2 2 2 2 2 1 2 2 0 2 0
1175 2 0 2 2 0 2 2 2 2 2 2 2 0 2 2 2 2 2 2 2 2 2 2 2 2 2 2 2 2 2 2 2 2 2 2 1 2 0 2 2 2 2 2 2 2 2 2 2 2 2 2 2 2 2 2 2 2 0 2 2 2 2 1 2 2 0 0 2 2 2 2 2 2 2 2 2 2 2 2 2 2 1 0 2 2 2 2 2 2 2 2 2 0 2 2 2 2 2 2 2 2 2 0 2 2 2 2 2 2 2 2 0 2 2 2 2 2 2 2 2 2 2 2 2 2 2 2 2 2 2 2 2 2 2 2 2 2 2 2 2 2 2 2 2 0 2 2 2 2 2 2 2 2 2 2 2 2 2 2 2 2 2 2 2 2 2 2 2 2 2 2 2 2 2 2 2 2 2 2 2 2 2 2 2 2 2 2 2 2 2 2 2 2 2 2 2 0 2 0 2 2 2 2 2 2 2 2 0 2 2 2 0 2 0 2 2 2 2 2 2 2 2 2 2 2 0 2 2 0 2 2 2 2 2 0 2 2 2 2 1 2 2 2 2 2
1176 2 2 2 2 2 2 2 2 2 2 2 2 2 2 2 2 2 2 2 2 2 2 2 2 2 0 2 2 2 2 2 2 2 2 2 2 2 2 2 2 2 2 2 2 2 2 2 2 2 2 2 2 2 2 2 2 2 2 2 2 2 2 2 0 2 2 2 2 0 2 2 2 2 2 2 2 2 2 2 2 2 2 2 2 2 2 2 2 2 2 0 2 2 2 2 2 2 2 2 2 2 2 2 2 2 2 2 2 2 2 2 2 2 2 2 2 2 2 2 2 2 2 0 2 2 2 2 2 2 2 2 0 2 2 2 2 2 2 0 2 2 2 2 2 2 2 2 2 2 2 2 2 2 2 2 0 2 2 2 2 2 2 2 2 2 2 2 1 2 2 2 2 2 2 2 2 0 2 2 2 0 2 2 2 2 2 2 2 2 2 1 0 2 2 2 2 2 2 2 2 2 2 2 2 2 2 2 2 2 2 2 2 2 2 2 2 2 2 2 0 2 2 2 2 2 2 0 2 2 2 2 2 2 2 2 2 2 2 2 2 2 2 2 2 2
1177 2 2 2 2 2 2 2 2 2 2 2 2 2 2 2 2 2 2 2 2 2 2 2 2 2 2 2 2 2 2 2 2 2 2 2 2 2 2 2 2 2 2 0 2 2 2 2 2 2 2 2 0 0 0 2 2 2 2 2 2 2 2 2 2 2 2 2 0 2 2 0 2 2 0 2 2 2 2 2 2 0 1 2 2 0 2 2 2 2 2 2 2 2 2 2 2 0 2 2 2 2 0 2 2 2 2 2 2 2 2 2 2 2 2 2 2 2 0 2 2 0 2 2 2 2 2 2 2 0 2 2 2 0 2 2 2 2 2 2 2 2 2 2 2 2 2 0 2 2 2 2 2 2 2 2 2 0 2 2 2 0 2 2 2 2 0 2 2 2 2 2 2 2 0 2 2 2 2 2 2 2 2 2 2 2 0 2 2 2 2 2 2 2 2 2 2 0 2 0 2 2 2 0 0 2 2 2 0 2 2 0 0 2 2 0 2 0 2 0 2 2 2 0 2 2 2 2 2 0 2 2 2 2 2 0 2 2 2 2 1 2 2 2 2 2
1178 2 0 2 2 0 0 0 0 0 0 0 2 0 0 0 0 0 0 0 0 0 0 0 0 0 0 0 0 0 0 0 0 0 0 0 0 0 0 0 0 0 0 0 0 0 2 0 0 0 0 0 0 0 0 0 0 0 0 2 0 0 0 0 0 0 0 0 0 0 0 0 0 0 0 0 0 2 2 0 0 0 0 0 0 0 0 2 2 0 0 0 0 0 0 0 0 0 0 0 2 0 0 0 0 0 0 0 0 0 0 0 0 0 0 0 2 0 0 0 0 0 0 0 0 0 0 0 0 0 0 0 0 0 0 0 0 0 0 0 0 2 0 0 0 0 0 0 0 0 0 0 0 0 0 0 0 0 0 0 0 0 0 0 0 0 0 0 0 0 0 0 0 0 0 0 0 0 0 0 0 0 0 0 0 0 0 0 0 0 0 0 0 2 0 0 0 0 0 0 0 0 0 0 0 0 0 0 0 0 0 0 0 2 0 0 0 0 0 0 0 0 0 0 0 0 0 0 2 0 0 0 0 0 2 0 0 0 0 0 0 0 0 0 0 0
1179 2 2 2 2 2 2 2 2 2 2 0 2 2 2 2 2 0 0 2 0 2 2 2 2 2 2 2 2 0 2 2 2 0 2 0 2 2 2 0 2 0 0 2 2 2 2 2 2 2 2 2 2 2 2 2 2 2 2 2 2 0 2 1 0 2 2 2 2 0 2 2 2 2 2 0 2 2 2 2 2 2 2 2 2 2 2 2 2 2 1 0 0 2 0 2 0 2 2 2 2 0 2 2 2 2 0 0 2 0 2 2 2 0 2 2 2 2 2 2 0 2 2 2 2 2 2 2 2 2 2 2 0 2 0 2 2 0 2 0 0 2 0 2 2 2 2 2 0 2 2 2 2 2 2 0 0 2 0 2 2 2 2 2 2 0 0 2 1 0 2 2 0 0 2 2 0 0 2 2 2 0 2 2 2 2 2 2 2 2 2 1 0 2 2 2 0 2 2 2 2 2 0 2 2 2 2 2 2 2 0 2 2 2 2 2 2 2 1 2 0 2 0 2 0 2 2 0 2 2 0 0 2 2 2 2 2 2 2 2 1 2 2 2 2 0
1180 0 2 2 2 2 0 0 2 2 2 2 2 2 2 2 2 2 2 2 2 2 2 2 2 2 0 2 2 2 2 2 2 2 2 0 2 2 2 2 0 0 2 0 2 2 2 2 2 2 2 2 0 0 0 2 2 2 2 2 2 2 2 2 2 2 2 2 0 2 2 0 2 2 0 2 2 2 2 2 2 0 1 2 2 2 2 2 0 2 0 2 2 2 2 2 2 2 2 2 2 0 0 2 2 2 2 2 2 0 2 2 2 0 2 2 2 2 0 2 2 2 2 2 2 2 0 2 2 0 2 2 2 0 2 0 2 2 0 2 2 0 2 2 2 2 2 0 0 1 2 2 2 0 2 2 2 2 2 2 2 0 2 2 2 2 0 2 2 2 2 0 2 2 0 2 2 2 2 2 2 2 2 2 2 2 2 2 2 2 2 2 2 0 0 2 0 2 2 2 2 2 2 2 0 0 2 2 2 2 2 0 2 2 2 0 2 2 2 0 2 2 2 0 2 0 2 2 2 2 2 0 2 2 2 2 2 0 2 2 1 2 2 2 2 2
1181 2 2 2 2 2 2 0 2 2 2 2 2 2 2 2 2 2 2 2 2 2 2 2 2 2 2 2 2 2 2 2 2 2 2 2 1 2 2 2 2 2 2 2 2 2 2 2 2 0 2 2 2 2 2 2 2 2 2 2 2 2 2 2 2 2 2 2 2 2 2 2 2 2 2 2 2 2 2 2 2 2 1 2 2 2 0 2 2 2 2 0 2 2 2 2 2 2 2 2 2 0 2 2 2 2 2 0 0 0 2 2 2 2 2 2 2 2 2 2 2 2 2 2 2 2 0 2 2 2 2 2 2 2 2 2 0 2 2 2 0 2 0 2 2 2 2 2 2 2 2 2 2 2 0 2 1 2 2 2 2 2 2 2 0 0 2 0 2 2 2 2 0 2 2 2 2 2 0 2 2 2 2 2 2 2 2 2 2 0 2 2 2 2 2 0 0 2 2 2 2 2 0 2 2 2 2 2 2 2 2 2 2 2 2 2 2 2 2 2 2 2 2 2 2 2 2 2 0 0 2 0 2 2 0 2 2 2 2 2 1 2 0 2 0 0
1182 2 2 2 2 2 2 2 2 2 2 2 2 2 2 2 2 0 2 2 2 0 2 2 2 2 2 2 2 2 2 2 2 2 2 2 2 2 2 2 2 0 2 0 2 2 2 2 2 2 2 2 0 2 0 2 2 2 2 2 2 2 2 2 2 2 2 2 2 2 2 0 2 2 2 0 2 2 2 2 0 0 1 2 2 2 2 2 2 2 2 2 2 2 2 2 2 2 2 2 2 2 0 2 2 2 2 2 2 2 2 2 2 2 2 2 2 2 0 2 2 2 2 2 2 2 2 2 2 0 2 2 2 0 2 2 2 0 2 2 2 2 2 2 2 2 2 0 2 2 2 2 2 2 2 2 2 2 0 2 2 2 2 2 2 2 2 2 2 2 2 2 2 0 0 0 2 2 2 2 2 0 0 2 2 2 2 2 2 2 2 2 0 2 0 2 2 2 0 0 2 2 2 2 0 2 2 2 0 2 2 2 2 2 2 0 2 2 2 0 2 2 2 2 2 2 2 0 2 2 2 2 2 2 2 2 0 2 2 2 1 2 2 2 2 2
1183 2 2 2 2 0 2 2 2 2 2 2 2 0 2 2 2 2 2 2 2 2 2 2 2 2 2 2 2 2 2 2 2 2 2 2 2 2 2 2 2 2 2 2 2 2 2 2 0 2 2 2 2 2 2 2 2 2 2 2 0 2 2 1 2 2 0 2 2 2 2 2 2 2 2 2 2 2 2 0 2 2 2 2 0 2 2 2 2 2 2 2 2 2 2 2 2 2 2 2 2 2 2 2 2 2 2 2 2 2 2 2 0 2 2 2 2 2 2 0 2 2 2 2 2 2 2 2 2 2 2 2 2 2 2 2 2 2 2 2 2 2 2 2 2 2 2 2 2 2 2 0 2 2 2 2 2 2 2 2 2 2 2 2 2 2 2 2 2 2 2 2 2 2 2 2 0 2 2 2 2 2 2 2 2 2 2 2 2 2 2 2 2 2 2 2 2 2 0 2 2 2 2 2 0 2 2 0 2 2 2 2 0 2 2 2 2 2 2 0 2 2 2 2 2 2 2 2 2 2 2 2 2 2 2 0 2 2 2 0 2 2 2 2 2 2
1184 0 0 2 2 0 2 2 2 2 2 2 2 0 2 0 2 2 2 2 0 2 2 0 2 2 0 0 2 2 2 2 2 2 0 2 0 0 0 2 2 2 2 2 2 2 2 2 2 2 2 2 0 2 2 0 0 2 0 2 2 2 2 1 2 2 0 0 2 2 0 0 2 2 2 2 2 2 2 2 2 2 2 2 0 0 0 2 0 2 2 0 2 2 2 2 2 0 2 2 2 0 2 0 2 2 2 0 2 2 0 2 0 0 2 2 2 2 2 2 2 0 2 2 2 2 2 2 2 2 2 2 0 2 2 2 0 2 2 2 2 0 0 0 2 2 0 0 2 1 0 2 2 2 0 2 2 2 2 2 2 2 0 0 0 2 2 0 2 2 2 2 2 2 2 2 2 2 0 2 2 0 2 0 0 2 2 2 0 0 2 1 0 0 2 0 0 2 0 2 2 2 2 2 2 2 2 2 2 2 2 2 2 2 2 2 2 2 2 2 2 0 2 2 0 2 2 0 0 2 2 0 2 2 0 2 2 2 2 2 1 2 2 0 0 0
1185 2 2 2 0 2 0 2 2 2 2 0 0 2 2 2 0 2 2 2 2 0 2 2 2 2 2 2 2 2 2 0 2 0 2 2 2 2 2 0 0 2 0 0 2 2 2 0 2 2 0 0 2 0 0 2 2 2 2 2 2 0 0 2 2 2 2 2 0 2 2 2 2 0 0 2 2 2 0 2 0 0 0 2 2 2 2 2 2 2 2 2 0 2 2 0 0 2 0 2 2 2 0 2 0 2 0 2 2 2 2 2 2 2 2 2 2 2 0 2 0 2 2 2 2 2 2 0 0 0 0 2 2 0 0 0 2 2 0 0 2 2 2 2 2 0 2 2 0 1 2 2 0 0 2 2 2 0 2 2 0 0 2 2 2 2 0 2 1 0 0 0 2 2 0 0 2 0 2 0 2 2 0 2 2 0 0 2 2 2 2 2 2 2 0 2 2 0 2 0 2 2 2 0 2 0 0 2 0 0 0 0 2 2 0 0 2 0 2 2 0 2 2 0 2 0 2 2 2 2 0 2 0 2 2 2 2 0 2 2 1 2 2 2 2 2
1186 2 2 2 2 2 2 0 2 2 2 0 2 2 2 2 2 2 2 2 2 2 2 2 2 0 0 2 2 2 2 2 2 2 2 2 2 2 2 0 2 0 2 0 2 2 2 0 2 2 2 2 2 0 2 2 2 2 2 2 2 2 2 1 2 2 2 2 2 2 2 2 2 2 0 2 2 2 2 2 2 0 0 2 2 0 2 2 2 0 2 2 0 2 0 0 2 2 2 2 2 2 2 2 2 2 0 2 2 2 2 2 2 2 2 2 0 2 0 2 2 2 2 2 2 2 0 2 0 2 2 2 2 2 2 0 2 2 2 0 0 2 2 2 0 2 2 2 2 1 2 2 0 0 2 2 2 0 2 0 2 0 2 2 2 0 2 2 0 2 2 2 0 2 0 2 2 0 2 2 2 2 2 2 2 0 0 2 2 2 2 2 2 2 0 2 2 2 2 2 2 2 0 2 2 0 0 2 2 0 0 0 2 2 2 0 2 2 1 2 0 2 0 2 2 2 2 2 2 0 2 2 2 2 2 2 0 0 2 2 2 2 2 2 2 2
1187 0 0 2 2 2 2 2 2 2 2 2 2 2 2 2 2 2 2 2 2 2 2 2 2 2 2 2 2 2 2 2 2 2 2 2 2 2 0 2 2 2 2 2 2 2 2 2 2 2 2 2 2 2 2 2 2 2 0 2 2 2 2 1 2 2 2 0 2 2 0 2 2 2 2 2 2 2 2 2 2 2 2 2 2 2 2 2 0 2 2 2 2 2 2 2 2 0 2 2 2 2 2 0 2 2 2 2 2 2 0 2 0 2 2 2 2 2 2 2 2 0 2 2 2 2 2 2 2 2 2 2 2 2 2 2 2 2 2 2 2 0 2 2 2 2 2 2 2 2 2 2 2 2 2 2 2 2 2 2 2 2 2 0 2 2 2 2 2 2 2 2 2 2 2 2 2 2 2 2 2 2 2 2 2 2 2 2 0 2 2 1 2 0 2 2 2 0 2 2 2 2 2 2 2 2 2 2 2 2 2 2 2 2 2 2 2 2 2 2 2 2 2 2 0 2 2 2 2 2 2 2 2 2 2 2 2 2 2 2 2 2 2 2 2 2
1188 0 0 2 2 2 2 2 2 2 2 2 2 2 2 2 2 2 2 2 2 2 2 2 2 2 2 2 2 2 2 2 2 2 2 2 2 2 0 2 2 2 2 2 2 2 2 2 2 2 2 2 2 2 2 2 2 2 0 2 2 2 2 1 2 2 2 0 2 2 0 2 2 2 2 2 2 2 2 2 2 2 2 2 2 2 2 2 0 2 2 2 2 2 2 2 2 0 2 2 2 2 2 0 2 2 2 2 2 2 0 2 0 2 2 2 2 2 2 2 2 0 2 2 2 2 2 2 2 2 2 2 2 2 2 2 2 2 2 2 2 0 2 2 2 2 2 2 2 2 2 2 2 2 2 2 2 2 2 2 2 2 2 0 2 2 2 2 2 2 2 2 2 2 2 2 2 2 2 2 2 2 2 2 2 2 2 2 0 2 2 1 2 0 2 2 2 0 2 2 2 2 2 2 2 2 2 2 2 2 2 2 2 2 2 2 2 2 2 2 2 2 2 2 0 2 2 2 2 2 2 2 2 2 2 2 2 2 2 2 2 2 2 2 2 2
1189 0 0 2 2 2 2 2 2 2 2 2 2 2 2 2 2 0 2 2 2 2 2 2 2 2 2 2 2 2 2 2 2 2 2 2 2 2 0 2 2 2 2 2 2 2 2 2 2 2 2 2 2 2 2 2 2 2 0 2 2 2 2 2 2 2 2 0 2 2 2 0 2 2 2 0 2 2 2 2 2 2 2 2 2 2 2 2 2 2 2 0 2 2 2 2 2 0 0 2 2 2 2 0 2 2 2 0 2 2 0 2 2 2 2 2 2 0 2 2 2 0 2 2 2 2 2 2 2 0 2 2 0 2 2 2 2 0 2 2 2 0 0 2 2 2 2 2 2 2 2 2 2 2 0 2 2 2 0 2 0 2 2 0 0 2 2 2 2 2 0 2 2 0 2 0 2 2 0 0 2 0 2 0 2 2 2 2 2 0 0 1 0 2 2 0 2 2 2 0 2 0 2 2 2 2 2 2 0 2 2 2 2 2 2 2 0 2 0 2 2 2 0 2 2 2 2 0 0 0 2 2 2 2 0 2 2 2 2 2 1 0 2 2 0 2
1190 0 2 2 2 2 0 0 0 2 2 2 2 2 2 0 2 2 2 2 2 2 2 0 2 2 2 2 2 2 2 2 2 2 0 0 2 0 2 2 2 2 2 2 2 2 2 2 2 2 2 2 2 2 2 0 0 2 2 2 2 2 2 1 2 2 2 2 2 2 2 2 2 2 2 2 2 2 2 2 2 2 2 0 2 2 2 2 0 2 0 2 2 0 0 2 2 2 2 0 2 2 2 2 2 2 2 2 2 2 2 2 2 2 2 2 2 2 2 2 2 2 2 2 2 2 0 2 2 2 2 2 2 2 2 2 2 2 0 0 2 0 2 2 2 2 0 2 2 1 2 2 2 2 2 2 2 0 2 2 2 2 0 2 2 2 2 2 1 2 2 0 2 2 2 2 2 0 2 2 2 2 2 2 2 2 0 0 2 2 2 2 2 0 2 2 2 2 2 2 2 2 2 0 2 2 0 2 2 2 2 2 2 2 2 2 2 0 2 0 0 2 2 2 2 0 0 2 2 2 2 2 2 2 2 2 2 2 2 2 2 2 2 0 2 2
1191 0 0 0 0 2 0 0 0 2 2 2 0 2 0 0 0 0 2 0 0 0 2 0 0 0 0 0 2 2 0 0 2 0 0 0 1 0 0 2 0 2 0 2 2 2 0 2 0 0 2 0 2 2 2 0 0 2 0 0 2 0 0 2 0 2 2 0 2 2 2 0 0 0 2 0 0 0 0 0 0 0 2 0 0 0 0 0 0 2 0 0 2 0 0 2 0 0 0 0 0 0 2 0 0 0 2 0 0 0 0 2 2 0 0 2 0 0 2 0 0 0 2 0 2 0 0 0 0 0 0 2 0 2 0 0 0 0 0 0 0 0 0 0 0 0 0 2 0 0 2 2 2 2 0 0 2 0 0 0 0 2 0 0 0 0 0 0 0 0 0 0 0 0 0 0 2 0 0 0 2 0 0 0 0 0 0 0 2 0 0 1 0 0 0 0 0 2 2 0 1 0 0 0 0 0 0 2 0 2 2 0 0 0 0 0 0 0 0 0 0 2 0 2 2 0 0 0 0 0 2 0 0 2 0 0 0 0 2 0 0 0 0 0 0 0
1192 2 2 2 2 2 2 2 2 2 2 2 2 2 2 0 2 2 2 2 2 2 2 0 2 2 2 0 2 2 2 2 2 2 0 2 1 0 2 2 2 2 2 2 2 2 2 2 2 2 2 2 2 2 2 0 0 2 2 2 2 2 2 2 2 2 2 2 2 2 2 2 2 2 2 2 2 2 2 2 2 0 2 2 2 0 2 2 2 2 2 2 2 2 2 2 2 2 2 2 2 0 2 2 2 2 2 2 2 0 2 2 2 0 2 2 2 2 2 2 2 2 2 2 2 2 2 2 2 2 2 2 2 2 2 2 2 2 2 2 2 2 2 0 2 2 2 2 2 1 2 2 2 2 2 2 2 2 2 2 2 2 2 2 2 2 0 0 2 2 2 2 2 2 2 2 2 2 2 2 2 2 2 2 0 2 2 0 2 2 2 2 2 2 2 2 2 2 2 2 2 2 2 0 2 2 2 2 2 2 2 2 2 2 2 2 2 0 2 0 2 2 2 2 2 2 2 2 2 2 2 0 2 2 2 2 2 2 2 2 1 2 0 0 2 0
1193 1 2 0 2 1 2 2 2 2 0 2 2 1 0 0 2 2 2 0 1 2 2 0 0 2 2 0 2 2 0 2 2 0 0 1 0 0 2 2 2 0 0 1 2 0 0 2 2 2 2 2 2 2 1 0 0 2 2 0 2 2 2 1 2 2 1 2 2 2 0 2 2 2 2 2 0 0 2 0 2 0 0 2 2 0 2 0 1 1 1 2 2 2 2 0 0 2 2 2 0 0 2 2 2 2 2 0 2 0 2 2 0 0 0 2 2 2 1 0 0 2 2 2 2 2 2 0 2 2 2 2 2 2 0 2 2 2 2 2 2 1 2 0 2 2 2 2 2 1 2 0 1 2 0 0 0 2 2 2 2 1 2 2 0 2 0 0 2 2 2 2 2 2 2 2 0 2 0 2 0 2 2 2 0 2 2 0 0 2 2 1 2 1 2 0 2 0 0 2 2 2 2 0 0 2 2 0 2 2 0 2 0 0 2 2 2 0 2 0 2 2 2 2 0 2 2 2 0 2 0 0 2 0 0 0 2 2 0 0 1 2 0 0 0 0
1194 0 0 2 0 0 0 0 0 1 0 2 2 0 0 0 0 0 0 0 0 0 0 0 0 0 0 0 0 0 0 0 0 0 0 0 0 0 0 2 0 0 0 0 0 0 2 0 0 0 0 0 0 2 0 0 0 0 0 2 0 0 0 1 0 1 0 0 0 2 0 0 0 0 2 0 0 2 2 0 0 0 0 0 0 0 0 2 0 0 0 0 2 0 0 0 0 0 0 0 2 0 0 0 0 0 0 0 0 0 0 0 0 0 0 0 0 0 0 0 0 0 1 0 0 0 0 0 0 0 0 0 0 0 0 0 0 0 0 0 0 0 0 0 0 0 0 0 0 0 0 0 0 0 0 0 0 0 0 0 0 0 0 0 0 0 0 0 0 0 0 0 0 0 0 0 0 0 0 0 0 0 0 0 0 0 0 0 0 0 1 1 0 0 0 0 0 0 0 0 0 1 0 0 0 0 0 0 0 0 0 0 0 2 0 0 1 0 0 0 0 1 0 0 0 0 0 0 0 0 0 0 0 0 0 0 0 0 0 0 0 0 0 0 0 0
1195 2 2 2 0 0 0 0 2 0 2 0 0 0 0 0 2 0 0 2 0 0 0 0 0 0 2 2 0 0 2 2 0 0 0 0 0 0 2 2 0 2 0 0 2 2 2 0 2 0 0 0 2 0 2 0 0 0 2 2 0 0 0 2 0 0 0 2 2 2 2 2 0 2 0 0 2 2 0 0 2 2 2 0 2 0 2 2 0 2 0 2 2 0 2 0 0 2 0 2 2 0 2 2 2 2 0 2 0 2 2 2 2 2 0 0 2 2 0 0 0 2 2 2 2 0 0 0 2 0 0 2 2 2 0 2 2 0 0 0 2 2 2 2 0 0 2 2 2 1 0 0 2 0 2 2 2 2 0 0 0 2 2 2 0 2 0 2 1 2 0 2 0 2 0 0 2 0 2 0 2 2 2 0 2 0 2 0 0 0 0 1 2 0 2 0 2 2 2 2 2 2 2 0 0 2 0 2 2 0 2 2 0 2 0 2 2 0 2 0 0 2 2 2 2 2 0 2 0 2 2 0 0 2 0 0 2 0 2 0 1 2 0 0 0 0
1196 2 2 2 2 2 2 2 2 2 2 2 2 2 2 2 2 2 2 2 2 2 2 2 2 2 2 0 2 2 2 2 2 2 2 2 1 2 2 2 2 2 2 2 2 2 2 2 2 2 2 2 2 2 2 2 2 2 2 2 2 2 2 2 2 2 2 2 2 2 2 2 2 2 2 2 2 2 2 2 2 2 2 2 2 2 0 2 2 2 2 2 2 2 2 2 2 2 2 2 2 2 2 2 2 2 2 2 2 2 2 2 2 2 2 2 2 2 2 2 2 2 2 2 2 2 2 2 2 2 2 0 0 2 2 2 0 2 2 2 2 2 2 0 2 2 2 2 2 2 2 2 2 2 2 2 2 2 2 2 2 2 2 2 2 0 0 2 2 2 2 2 2 2 2 0 2 2 2 2 2 2 2 2 0 2 2 2 2 2 2 2 2 2 2 2 0 2 2 2 2 2 0 2 2 2 2 2 2 2 2 2 2 2 2 2 2 2 0 2 2 2 0 2 2 2 2 2 2 0 2 2 2 2 2 2 2 2 2 2 2 2 2 2 2 2
1197 2 2 2 2 2 2 2 2 2 2 2 2 2 2 2 2 2 2 2 2 2 2 2 2 2 2 2 2 2 2 2 2 2 2 2 2 2 2 2 2 2 2 2 2 2 2 0 2 2 2 2 0 2 2 2 2 2 2 2 2 2 2 2 2 2 2 2 2 2 2 2 2 2 2 2 2 2 2 2 2 2 2 2 2 2 2 2 2 2 2 2 2 2 2 2 2 2 0 2 2 2 0 2 2 2 2 2 0 2 2 2 2 2 2 2 2 2 2 2 2 2 2 2 2 2 2 2 2 0 2 0 2 0 2 2 2 2 2 2 2 2 2 2 2 2 2 0 2 2 2 2 2 0 2 2 2 0 2 2 2 2 2 2 2 2 2 2 2 0 2 2 2 2 2 2 2 2 2 2 2 2 2 2 2 2 0 2 2 2 2 2 2 2 2 2 2 2 2 2 1 2 2 2 2 2 2 2 2 0 2 0 2 2 2 0 2 2 2 2 2 2 2 2 2 2 2 2 2 2 2 2 2 2 2 2 2 2 2 2 2 2 2 2 2 2
1198 2 2 2 2 2 2 2 2 2 2 2 2 2 2 2 2 2 2 2 2 2 2 2 2 2 2 2 2 2 2 2 2 2 2 2 2 2 2 2 2 2 2 2 2 2 2 2 2 2 2 2 2 2 0 2 2 2 2 2 2 2 2 2 2 0 2 2 2 2 2 2 2 2 2 2 2 2 2 2 2 2 0 2 2 2 2 2 2 2 2 2 2 2 2 2 2 2 2 2 2 2 2 2 2 2 2 2 2 2 2 2 2 2 2 2 2 2 0 2 2 2 2 2 2 2 2 0 2 2 2 2 2 2 2 2 2 2 2 2 2 2 2 2 2 2 2 2 2 2 2 2 0 0 2 2 2 2 2 2 0 0 2 2 2 2 2 2 2 0 0 2 2 2 2 2 2 2 2 0 2 2 2 2 2 2 2 2 2 2 2 2 2 2 2 2 2 2 2 2 1 0 2 2 2 2 2 2 2 2 2 2 2 2 2 2 2 2 2 2 2 0 2 2 2 2 2 2 2 2 2 2 2 2 2 2 2 2 2 2 2 2 2 2 2 2
1199 2 2 2 2 2 2 0 2 2 2 2 2 2 2 0 2 2 2 2 2 2 2 2 2 2 2 2 2 2 2 2 2 2 0 2 2 2 2 2 2 2 2 0 2 2 2 2 2 2 2 2 2 2 2 2 2 0 2 2 2 2 2 2 2 2 2 2 2 0 2 2 2 2 2 2 2 2 2 0 2 2 2 0 2 0 2 2 2 2 2 2 2 0 2 2 2 2 2 2 2 2 2 2 2 2 2 2 2 2 2 2 2 2 2 2 2 2 2 0 2 2 2 2 2 2 0 2 2 2 2 2 0 2 2 2 2 2 2 2 2 2 2 2 2 0 2 2 2 1 2 0 2 2 2 2 2 2 2 2 2 2 2 2 2 2 2 2 2 2 2 2 2 2 2 2 2 2 2 2 2 2 2 2 2 2 2 0 2 2 2 2 2 2 2 2 2 2 2 2 2 2 2 0 2 2 2 2 2 2 2 2 0 2 0 2 2 0 2 0 2 2 2 2 2 2 0 2 2 2 0 2 2 2 2 0 2 2 2 0 2 2 2 0 2 2
1200 2 2 2 2 2 2 2 0 2 2 2 2 2 2 2 2 0 2 2 2 0 2 2 2 2 2 2 2 2 2 2 2 2 2 2 2 2 2 2 2 2 2 2 2 2 2 0 2 2 2 2 0 2 0 2 2 2 2 2 2 2 2 2 2 2 2 2 2 2 2 2 2 2 2 0 2 2 2 2 2 0 0 2 2 2 2 2 2 0 2 2 2 2 2 2 2 2 0 0 2 2 0 2 2 2 0 2 0 2 2 2 2 2 2 2 2 2 0 2 2 2 2 2 2 2 2 2 0 2 2 0 2 0 2 0 2 0 2 2 2 2 2 2 2 2 2 0 2 2 0 2 0 2 2 2 2 0 0 2 0 0 2 2 1 2 0 2 2 0 0 2 2 2 0 2 2 2 2 0 2 0 2 0 2 0 0 2 2 0 2 2 0 2 2 0 2 2 2 0 1 2 2 2 2 0 2 2 0 0 0 0 2 2 2 0 2 2 2 2 2 0 2 2 2 2 2 0 2 2 2 2 2 2 0 2 2 2 2 2 1 2 0 2 0 2
1201 0 2 2 2 2 0 2 2 2 2 0 2 2 2 2 2 0 2 2 2 2 2 0 2 0 0 2 2 2 2 2 2 0 2 2 2 0 2 2 2 2 0 2 2 2 2 0 2 2 2 2 2 2 2 0 0 2 2 2 2 2 2 2 2 2 2 2 2 0 0 2 2 2 2 0 2 2 2 2 2 2 2 2 2 2 2 2 2 2 2 0 2 2 2 2 0 2 0 2 2 2 2 2 2 2 2 0 0 2 2 0 2 2 2 2 2 0 2 2 0 2 2 2 2 2 2 2 2 2 2 0 2 2 0 2 2 0 2 2 2 0 0 2 0 2 2 2 2 1 2 2 2 2 0 2 2 2 0 0 0 2 2 2 2 0 2 2 2 2 0 2 2 0 2 2 2 2 0 0 2 0 2 2 2 2 2 2 2 2 0 0 0 2 2 2 2 2 2 2 2 2 0 2 2 2 2 2 2 0 2 2 2 2 2 2 2 2 2 2 2 2 2 2 0 2 2 0 2 2 2 2 2 2 2 2 2 2 2 2 2 0 2 2 2 2
1202 2 2 2 2 2 2 2 2 2 2 0 2 2 2 0 2 2 0 2 0 2 2 2 2 2 2 2 2 0 2 0 2 0 0 2 0 2 2 0 0 2 0 2 2 2 2 2 2 2 2 2 2 2 2 2 2 2 2 2 2 2 2 2 2 2 2 2 2 2 0 2 2 2 2 2 2 2 2 0 2 2 2 2 2 0 2 2 2 2 2 2 0 2 0 2 0 2 2 2 2 2 2 2 0 2 2 2 2 2 2 2 2 2 2 2 0 2 2 0 0 2 2 2 2 2 2 2 2 2 0 2 2 2 0 2 2 2 2 2 2 2 2 2 2 2 0 2 0 1 2 2 2 2 2 2 2 2 2 2 2 2 0 2 2 2 0 2 2 2 2 0 2 2 2 2 2 2 2 2 2 0 2 2 2 2 2 0 2 2 2 2 0 2 2 2 2 2 2 0 2 2 2 0 2 2 2 2 0 2 2 2 0 2 2 2 2 0 2 0 2 2 2 2 0 0 2 0 2 2 2 2 0 2 2 0 2 2 2 0 1 2 2 0 2 2
1203 2 2 2 2 2 2 2 0 2 2 2 2 2 2 2 2 2 2 2 2 2 2 2 2 2 2 2 2 2 2 2 2 2 2 2 2 2 2 2 2 0 2 2 2 2 2 2 2 2 2 2 0 2 2 2 2 2 2 2 2 2 2 2 2 2 2 2 2 2 2 2 2 2 2 2 2 2 2 2 2 2 2 2 2 2 2 2 2 2 2 2 2 2 2 0 2 2 2 0 2 2 2 2 2 2 2 2 2 0 2 2 2 2 2 2 2 2 2 2 2 2 2 2 2 2 2 2 2 2 2 2 2 2 2 2 2 2 2 2 2 2 2 2 2 2 2 0 2 2 2 2 2 2 2 2 0 0 2 2 2 2 2 2 2 2 2 2 2 2 2 2 2 2 2 2 2 2 2 2 2 2 2 0 2 2 0 2 2 2 2 2 2 2 2 2 2 2 2 2 2 2 2 2 2 2 2 2 2 2 2 2 2 2 2 2 2 2 1 2 2 2 2 2 2 2 2 2 2 2 2 0 2 2 2 2 2 2 2 2 1 2 2 2 2 2
1204 0 0 2 0 0 0 0 0 0 2 0 0 0 0 0 0 0 0 0 0 0 0 0 0 0 2 0 0 0 0 0 0 0 0 0 0 0 0 2 0 2 0 2 0 2 2 2 0 0 0 0 2 0 2 0 0 2 0 2 2 0 2 0 0 0 0 0 0 0 0 2 0 0 0 0 0 2 0 2 2 0 2 2 2 0 0 2 0 0 0 0 2 2 0 2 0 2 0 0 2 0 2 0 0 0 2 0 2 2 0 2 0 0 0 0 0 0 0 2 0 2 0 0 0 0 0 0 0 0 0 0 2 2 0 0 0 0 2 0 0 0 0 0 0 0 0 2 0 0 2 0 2 0 0 2 2 2 0 0 2 0 0 2 0 0 0 2 0 0 2 0 0 0 0 0 0 0 0 2 2 0 0 2 0 0 2 0 0 0 0 1 0 0 2 0 0 2 2 0 1 0 0 0 0 0 0 0 0 2 0 2 2 2 0 0 0 0 1 0 0 0 0 0 0 0 2 0 0 2 2 2 0 2 0 2 2 2 2 2 1 0 0 0 0 0
1205 2 0 2 2 0 2 2 0 2 2 2 2 0 2 2 2 0 2 0 2 0 0 2 2 2 2 2 0 2 0 2 0 2 2 2 2 2 0 2 0 2 2 2 2 2 2 2 0 2 2 2 2 2 2 2 2 2 0 2 2 2 2 2 2 2 0 0 0 2 2 2 2 2 2 0 0 2 2 2 0 2 2 2 0 2 2 2 2 2 2 2 2 2 2 2 2 0 2 0 2 2 2 0 2 2 2 2 2 2 2 0 2 2 2 2 2 2 0 2 2 2 2 2 2 2 2 2 2 2 2 2 2 2 2 2 2 2 2 2 2 2 2 2 2 2 2 2 0 2 2 2 2 2 2 0 2 2 0 2 2 0 2 0 2 2 0 2 2 2 2 2 2 0 2 0 2 2 2 2 0 0 2 2 2 2 2 2 2 2 2 1 0 2 2 2 2 2 2 2 2 2 2 2 2 2 2 2 2 2 2 0 2 2 2 0 2 2 1 2 2 0 2 0 2 2 2 0 2 0 2 2 2 0 2 2 2 2 0 2 2 2 0 2 2 2
1206 2 2 2 2 2 2 2 2 2 2 2 2 2 2 0 0 2 2 2 2 2 0 0 2 0 2 2 0 2 2 2 0 0 0 2 2 0 2 0 2 2 0 2 2 2 2 2 2 2 2 2 2 0 2 0 0 2 2 2 0 2 2 0 2 0 2 2 2 2 0 2 2 2 0 2 2 2 2 2 2 2 2 2 2 0 2 2 0 2 2 2 0 2 2 2 0 2 2 2 2 2 2 2 2 2 2 2 2 2 0 2 0 2 2 2 2 2 2 2 0 2 2 2 2 2 2 2 0 2 2 0 2 2 0 2 2 2 2 2 2 2 2 2 0 0 2 2 2 1 2 2 0 2 0 2 2 2 2 0 2 2 2 2 0 2 2 0 1 0 2 2 2 2 0 2 0 2 0 2 2 2 0 0 2 0 2 2 2 2 0 1 2 0 0 2 2 2 0 2 2 2 2 0 0 2 2 0 2 2 2 2 0 2 0 2 0 0 2 0 2 2 2 2 0 2 2 2 2 2 2 2 2 2 2 0 2 2 2 2 2 2 2 2 2 2
1207 2 0 2 0 2 2 2 2 2 2 0 2 2 2 2 2 2 2 2 2 2 2 2 2 2 0 2 2 2 2 2 2 2 2 0 0 2 0 2 0 2 2 2 0 2 2 2 2 2 2 2 2 2 2 2 2 2 0 2 2 2 2 2 2 2 2 0 2 2 2 2 2 2 2 2 2 2 2 2 2 2 0 2 2 2 2 2 2 2 0 0 2 2 2 2 2 0 2 2 2 0 2 0 2 2 2 0 2 2 2 2 2 2 2 2 2 2 2 2 2 0 0 2 0 2 2 2 2 2 2 2 2 2 2 2 2 2 2 2 0 2 0 2 2 2 2 2 2 2 0 2 2 2 2 0 2 2 2 2 2 2 2 0 2 0 2 2 2 2 2 0 2 2 2 2 2 2 2 2 2 2 2 2 2 2 2 2 2 2 2 1 2 2 2 2 2 2 2 2 2 2 0 2 2 2 2 2 2 2 2 2 2 2 2 0 2 2 1 2 2 2 0 2 2 2 2 2 2 2 2 2 2 2 2 2 2 2 2 2 2 2 2 2 2 2
1208 2 2 2 2 2 2 2 2 0 2 0 0 2 2 2 2 2 2 0 2 2 2 2 2 2 2 2 2 2 0 2 2 2 2 2 2 2 2 2 2 2 2 2 2 2 2 2 2 0 2 0 2 2 2 2 2 2 2 2 2 2 2 2 2 2 2 2 0 2 2 2 2 2 2 2 0 2 0 2 2 2 2 2 2 2 2 2 2 2 2 2 2 2 2 2 2 2 2 2 2 2 2 2 2 2 2 2 2 2 2 0 2 2 2 2 2 2 2 2 2 2 2 2 2 2 2 2 2 2 2 2 2 2 2 2 2 2 2 2 2 2 2 2 2 2 2 2 2 2 2 2 2 2 2 2 2 2 2 2 2 2 2 2 2 2 2 2 2 2 2 2 2 2 2 2 2 2 2 2 0 2 2 2 2 2 2 2 2 2 2 2 2 2 2 2 2 2 2 2 2 2 2 2 2 2 2 2 2 2 2 2 2 2 2 2 2 2 2 2 2 2 2 0 2 2 2 2 2 2 2 2 2 0 2 2 2 2 0 2 2 2 2 2 2 2
1209 0 2 2 2 2 2 2 2 2 2 2 2 2 0 2 2 2 2 0 2 2 2 2 0 2 2 2 2 2 0 2 2 2 2 2 2 2 2 2 2 2 2 2 2 2 2 2 2 2 2 2 2 2 2 2 2 2 2 2 2 2 2 2 2 2 2 2 0 2 2 2 2 2 2 2 0 2 2 2 2 2 2 2 2 2 2 2 2 2 2 2 2 2 2 2 2 2 2 2 2 2 2 2 2 2 2 2 2 2 2 0 2 2 2 2 2 2 2 2 2 2 2 2 2 2 2 2 2 2 2 2 2 2 2 2 2 2 2 2 2 0 2 2 2 2 2 2 2 2 2 2 2 2 2 2 2 2 2 2 2 2 2 2 2 2 2 2 2 2 2 2 2 2 2 2 2 2 2 2 0 2 2 2 2 2 2 2 2 2 2 2 2 2 2 2 2 2 2 2 2 2 2 2 2 2 2 2 2 2 2 2 2 2 2 2 2 2 2 2 2 2 2 0 2 2 2 2 2 2 2 2 2 0 2 2 2 2 0 2 2 2 2 2 2 2
1210 0 0 2 0 2 0 2 0 0 0 2 0 2 0 2 0 0 0 0 0 0 0 0 0 2 0 0 0 0 0 2 0 2 2 0 0 0 0 0 0 2 2 0 0 0 2 0 0 2 0 0 0 2 0 0 0 0 0 2 0 0 0 2 0 2 2 0 0 0 2 0 0 0 2 0 0 2 0 2 2 0 0 2 2 0 0 2 2 2 0 0 0 2 0 0 2 2 2 0 2 0 0 0 2 0 0 0 0 0 0 0 2 0 0 2 2 0 0 2 2 0 0 0 0 0 2 0 2 0 0 0 0 0 2 0 0 2 0 0 0 0 0 0 0 0 1 0 0 1 0 0 0 0 0 2 0 0 0 0 0 2 0 2 0 0 0 2 0 0 0 0 0 0 2 0 0 0 0 0 0 0 0 2 0 2 0 2 0 0 2 1 0 2 2 0 0 2 2 0 1 0 0 2 2 0 0 2 0 0 0 0 2 2 0 2 2 2 1 2 0 2 2 0 2 0 2 0 0 0 0 0 0 0 0 2 0 2 0 2 0 0 0 0 0 0
1211 2 0 2 0 2 2 2 2 0 2 2 0 2 2 2 0 2 0 2 2 2 0 2 2 2 2 2 0 0 2 2 0 2 2 2 2 2 0 0 0 2 2 2 2 2 2 0 2 0 2 0 2 2 2 2 2 2 0 2 2 0 2 2 2 2 2 0 0 2 2 0 2 0 2 2 2 2 0 2 2 2 2 2 2 2 2 2 2 2 2 2 0 2 2 0 2 2 2 2 2 2 2 0 2 2 2 2 2 0 0 2 2 0 2 2 0 2 2 2 2 2 2 2 2 2 2 2 2 2 0 2 2 2 2 2 2 2 2 2 2 2 2 2 2 0 2 2 2 2 2 2 2 0 2 2 2 2 2 2 2 2 2 2 2 2 2 2 2 0 2 2 2 2 2 2 2 2 2 2 2 2 2 2 2 2 2 2 2 2 2 2 2 2 2 2 2 2 2 2 2 2 2 2 2 2 2 2 0 0 2 2 2 2 0 2 2 2 2 2 2 2 2 0 2 2 2 2 2 2 2 0 2 2 2 2 2 2 2 2 1 2 2 2 2 2
1212 2 2 0 2 2 2 2 2 0 2 2 0 2 2 2 2 2 0 2 0 2 0 2 2 2 2 2 0 0 2 2 0 2 2 2 2 2 2 0 0 2 2 0 2 2 0 0 2 0 0 0 2 2 2 2 2 2 2 0 0 2 0 2 0 2 2 2 0 2 2 2 0 0 2 2 2 0 0 2 2 2 2 2 2 2 2 0 2 2 2 2 0 2 0 0 2 2 2 2 0 2 2 2 2 2 0 2 2 0 0 2 2 2 2 0 2 2 0 2 2 2 2 2 2 2 2 0 0 2 2 0 2 2 2 0 2 2 0 2 2 2 2 2 2 2 2 2 0 1 2 2 2 0 0 2 2 2 2 2 0 2 2 2 0 2 0 2 1 2 0 2 2 2 2 2 2 2 0 0 2 2 0 2 2 2 2 2 2 2 2 2 2 2 2 2 2 2 2 2 2 2 0 2 2 0 2 2 0 0 0 2 2 0 2 2 2 2 1 2 2 2 2 0 2 2 2 2 0 2 2 0 2 2 2 2 2 2 2 2 1 2 2 2 2 2
1213 2 2 2 2 2 2 2 2 2 2 2 0 2 2 2 2 2 2 2 0 2 2 2 2 2 2 2 2 2 2 2 2 2 2 2 2 2 2 2 2 2 2 0 2 2 2 0 2 2 2 0 2 2 2 2 2 2 2 2 2 0 2 2 2 2 2 2 2 2 2 2 2 0 2 2 2 2 0 2 2 2 2 2 2 2 2 2 2 2 2 2 2 2 2 0 2 2 2 2 2 2 2 2 2 2 2 2 2 0 2 2 2 2 2 2 2 2 0 2 2 2 2 2 2 2 2 2 2 2 0 2 2 2 2 2 2 2 2 2 2 2 2 2 2 2 2 2 2 1 2 2 2 0 0 2 2 2 2 2 2 2 2 2 0 2 2 2 1 2 2 2 2 2 2 2 2 2 0 2 2 2 2 2 2 2 2 2 2 2 2 2 2 2 2 2 2 2 2 2 2 2 2 2 2 2 2 2 0 0 2 2 2 2 2 2 2 2 0 2 2 2 2 2 2 2 2 2 2 2 2 0 2 2 2 2 2 2 2 2 1 2 2 2 2 2
1214 0 0 0 0 0 0 0 0 0 0 0 0 0 0 0 0 0 0 0 0 2 0 0 0 0 0 0 0 0 0 0 0 0 0 0 0 0 0 0 0 0 0 2 2 0 0 2 0 0 0 0 0 0 0 0 0 2 0 0 0 0 0 0 0 0 0 0 0 0 0 2 0 0 0 0 0 0 0 0 0 0 2 0 0 0 0 0 0 0 0 0 0 0 0 0 0 0 0 0 0 2 2 0 0 0 2 0 0 0 0 0 0 0 0 0 0 0 0 0 0 0 0 0 2 0 0 0 0 0 0 2 0 2 0 2 0 0 0 0 0 0 0 0 0 2 0 0 0 1 0 0 0 2 0 0 2 0 0 0 0 0 0 0 0 2 0 0 0 0 0 0 0 2 0 0 0 0 0 0 0 0 0 0 0 0 0 0 0 0 2 1 0 0 0 0 0 0 0 0 0 0 0 0 0 2 0 0 0 2 2 0 0 0 2 0 0 0 1 0 0 0 0 0 0 0 0 0 0 0 0 0 0 0 0 0 0 0 0 0 0 0 0 2 0 0
1215 2 2 0 2 2 2 2 2 2 2 2 2 2 2 0 2 2 2 2 2 0 2 2 2 2 2 0 2 2 2 0 2 2 0 2 1 2 2 0 2 2 2 2 2 2 0 2 0 0 2 2 2 2 2 2 2 2 2 0 2 2 2 2 2 2 2 2 2 2 2 2 2 2 2 2 2 0 2 2 2 2 2 2 0 2 0 0 2 2 2 2 0 2 0 0 2 2 2 2 0 2 2 2 0 2 2 2 2 0 2 2 2 0 2 2 2 2 2 2 2 0 2 2 2 2 2 2 2 2 2 2 2 2 2 2 0 0 2 2 2 2 0 0 2 2 0 2 0 1 2 2 0 2 2 2 2 2 2 2 2 2 0 2 2 2 0 0 2 2 2 0 2 2 2 2 2 2 2 2 2 0 2 0 0 2 0 2 2 2 2 2 0 2 2 2 0 2 2 2 1 2 2 0 2 2 2 2 0 2 2 2 2 0 2 2 0 0 2 2 2 2 2 2 2 0 2 0 2 2 0 0 2 2 2 2 2 2 2 2 1 2 2 2 2 2
1216 0 2 2 2 2 2 2 2 2 0 2 2 2 0 2 2 0 2 0 0 0 2 0 0 2 2 2 2 2 0 2 2 2 2 2 2 0 2 2 2 2 2 2 2 0 2 2 2 2 0 2 2 2 2 0 0 2 2 2 2 2 2 2 2 2 2 2 0 2 2 2 0 2 2 0 0 2 2 2 2 2 2 2 2 2 2 2 2 2 2 0 2 2 2 2 2 2 2 2 2 2 2 2 2 2 2 0 2 2 2 0 2 0 0 2 2 2 2 2 2 0 2 0 2 2 2 2 2 0 2 2 0 2 2 2 2 2 2 2 0 0 2 2 2 2 2 2 2 2 2 2 2 2 2 2 2 0 0 2 2 2 2 2 2 2 2 2 2 2 2 2 2 2 2 2 2 2 2 2 0 2 2 2 2 2 0 2 2 0 2 1 2 2 2 2 2 2 2 0 2 2 2 2 2 2 2 0 2 2 2 0 2 2 2 2 2 2 2 2 2 2 2 0 2 2 2 2 0 2 2 2 2 0 2 2 2 0 0 2 1 2 2 2 2 2
1217 2 2 2 2 2 0 2 2 2 2 2 2 2 2 2 2 2 2 2 2 2 2 2 2 2 2 2 2 2 2 2 2 2 2 0 2 2 2 2 2 2 2 2 2 2 2 2 2 2 2 2 2 2 2 2 2 2 2 2 2 2 2 2 2 2 2 2 2 2 2 2 2 2 2 2 2 2 2 2 2 0 2 2 2 2 2 2 2 2 0 2 2 2 2 2 2 2 2 2 2 2 2 2 2 2 2 2 2 2 2 2 2 2 2 2 2 0 2 2 2 2 2 2 2 2 2 2 2 2 2 2 2 2 2 2 2 2 0 2 2 2 2 2 2 2 2 2 0 1 0 2 2 2 2 2 2 2 2 2 2 2 2 2 2 2 0 2 2 2 2 2 0 2 2 0 2 2 2 2 2 2 2 2 2 2 2 2 2 2 2 2 2 2 2 0 2 2 2 2 2 2 0 2 2 2 2 2 2 2 2 2 2 2 2 2 2 2 2 2 2 2 2 2 2 2 2 2 2 2 2 2 2 2 0 2 2 2 2 2 2 0 0 2 0 0
1218 0 2 2 0 0 0 0 2 0 0 0 0 0 0 0 0 2 0 0 0 2 0 0 0 0 0 2 0 0 0 2 0 0 0 0 1 0 2 0 0 0 0 0 0 0 2 0 0 0 0 0 2 2 2 0 0 0 2 2 0 2 0 0 0 2 0 2 2 2 0 2 0 2 2 2 0 2 0 0 0 0 0 0 0 0 2 2 0 0 0 0 0 0 0 0 0 0 0 2 2 2 0 2 2 0 0 2 0 0 0 0 0 0 0 0 2 0 2 0 0 0 0 0 0 0 0 0 2 2 2 0 0 0 0 0 2 0 0 0 2 0 2 2 2 0 0 2 0 0 0 0 2 0 2 0 0 0 2 2 2 2 0 0 2 2 0 0 0 0 2 0 0 2 2 0 0 0 2 2 0 0 0 0 2 2 0 0 0 2 2 1 0 0 2 0 2 0 0 2 0 0 0 0 0 0 0 2 0 0 0 2 0 2 0 0 0 0 1 2 0 2 0 2 0 0 0 0 2 0 2 0 0 0 0 0 2 0 0 0 1 0 0 0 0 0
1219 2 2 2 2 0 2 0 2 2 2 2 2 0 2 2 0 2 2 2 2 2 2 2 2 0 2 2 2 2 2 2 2 0 2 2 1 2 2 2 2 2 0 2 2 2 2 2 2 2 2 2 2 2 2 2 2 2 2 2 2 2 2 0 2 2 0 2 2 2 0 2 2 2 2 2 2 2 2 0 2 2 2 0 2 0 2 2 0 2 2 2 2 0 2 2 0 0 2 2 2 2 2 2 2 2 2 2 2 2 0 2 0 2 2 2 2 2 2 0 0 2 2 2 2 2 0 2 2 2 2 2 2 2 0 2 2 2 2 2 2 2 2 2 2 2 2 2 2 2 2 2 2 2 2 0 2 2 2 2 2 2 2 0 2 2 2 2 2 2 2 2 2 2 2 2 0 2 2 2 2 2 2 2 2 2 2 0 2 2 2 2 2 0 2 2 2 0 0 2 2 2 2 2 0 2 2 2 2 2 2 2 0 2 2 0 2 2 1 2 2 2 0 2 0 2 0 2 2 2 2 2 2 2 2 0 2 2 2 0 2 2 2 2 2 2
1220 0 2 0 2 2 0 2 0 2 0 2 2 2 0 0 2 0 0 0 2 2 2 2 0 2 0 2 2 0 0 0 2 2 0 0 1 2 2 2 0 2 2 2 2 0 0 0 2 2 2 2 2 0 2 2 2 2 2 0 2 0 0 2 2 0 2 2 2 2 2 0 0 2 0 0 0 0 2 2 2 0 0 2 2 2 2 0 2 0 0 0 2 2 2 0 2 2 2 0 0 2 2 2 0 0 2 0 0 0 2 0 2 0 0 0 2 0 2 2 2 2 0 2 2 0 2 2 2 0 2 0 2 2 2 2 2 0 0 2 0 0 2 2 2 2 2 2 0 0 0 2 2 2 0 2 0 2 2 2 0 0 2 2 0 2 0 0 1 0 0 2 0 2 0 0 2 2 0 0 0 0 0 0 2 0 2 2 0 0 0 0 0 2 0 0 2 2 2 0 1 2 0 0 2 2 2 2 0 0 2 2 2 0 2 2 2 0 2 2 2 0 2 2 2 2 2 0 0 2 2 0 0 0 0 2 0 0 0 2 0 0 0 0 0 0
1221 2 0 2 2 2 2 0 2 2 2 2 2 2 2 2 2 2 2 2 2 2 2 2 2 2 2 0 2 2 2 2 2 0 2 2 1 2 0 2 2 2 0 2 2 2 2 2 2 2 2 2 2 2 2 2 2 2 0 2 2 2 2 0 2 2 2 0 2 2 0 2 2 2 2 2 2 2 2 0 2 2 2 2 0 0 0 2 0 2 2 2 2 2 2 2 0 2 2 2 2 2 2 0 2 2 2 2 2 2 0 2 0 2 2 2 2 2 2 0 0 2 2 2 2 2 0 2 2 2 2 2 2 2 0 2 0 2 2 2 2 2 0 2 2 2 0 2 2 2 2 2 0 2 2 0 2 2 2 2 2 2 0 2 2 2 2 2 2 2 2 2 2 2 2 2 0 2 2 2 2 2 2 2 0 2 2 0 2 2 2 2 2 0 2 2 0 0 0 2 2 2 2 2 0 2 2 0 2 2 2 2 0 2 2 0 2 2 1 2 2 2 0 2 0 0 2 2 2 0 2 2 2 2 2 0 2 2 2 0 2 2 2 2 2 2
1222 2 2 2 2 2 2 2 2 2 2 2 2 2 2 2 2 2 2 2 0 2 2 2 2 2 2 2 2 2 2 2 2 2 2 2 2 2 2 2 2 2 2 2 2 2 2 2 2 2 2 2 2 2 2 2 2 2 2 2 2 2 2 2 0 2 2 2 2 2 2 2 2 2 2 2 2 2 2 2 2 2 2 2 2 2 2 2 2 2 2 2 2 2 2 2 2 2 2 2 2 0 2 2 2 2 0 2 2 2 2 2 2 2 2 2 2 2 2 2 2 2 2 2 2 2 2 2 2 2 2 2 2 2 2 0 2 2 2 0 2 2 2 2 2 2 2 2 2 2 2 2 2 2 2 2 2 2 2 2 2 2 2 2 2 0 2 2 1 2 2 2 2 0 2 2 2 0 2 2 2 2 2 2 2 2 2 2 2 2 2 2 2 2 2 2 2 2 2 2 2 2 2 2 2 0 0 2 2 2 0 2 2 2 2 2 2 2 2 2 0 2 2 2 2 2 2 2 2 2 2 2 2 2 2 2 2 2 2 2 2 2 2 2 2 2
1223 2 2 2 2 2 2 0 2 2 2 2 2 2 2 2 2 2 2 2 0 2 0 2 2 2 2 0 0 2 2 2 0 2 2 2 1 2 2 0 2 2 2 2 2 2 2 2 2 2 2 2 2 2 2 2 2 2 2 2 2 0 2 2 2 2 2 2 2 2 0 2 2 0 2 2 2 2 2 2 2 2 2 2 0 2 0 2 2 2 2 2 0 2 2 2 2 2 2 2 2 2 2 2 2 2 2 2 2 2 2 2 2 2 2 2 2 2 2 2 2 0 2 0 2 2 0 0 2 2 2 2 2 2 2 2 0 2 2 2 2 2 0 0 2 2 0 2 0 2 2 2 2 2 2 2 0 0 2 2 2 2 0 2 2 2 0 2 2 2 2 0 2 2 2 2 2 2 2 2 2 2 2 2 0 2 2 0 2 2 2 2 2 2 2 2 0 0 2 2 2 2 2 2 2 2 2 2 2 2 2 2 2 2 2 2 2 2 2 2 2 2 2 2 0 0 2 2 2 2 2 2 2 2 2 2 2 2 2 2 2 2 2 2 2 2
1224 2 2 1 1 2 2 2 2 2 2 1 1 2 2 2 2 2 1 2 2 1 2 2 2 2 2 2 2 1 2 1 2 2 2 2 2 2 2 2 2 1 2 2 2 2 1 2 1 2 2 1 2 2 2 2 2 2 2 1 1 2 1 2 2 2 2 2 2 2 2 2 2 1 2 2 2 1 1 2 1 2 2 2 2 2 2 1 2 2 2 2 2 2 2 2 2 2 1 2 1 2 2 2 1 2 2 2 2 2 2 2 2 2 2 1 2 2 2 2 2 2 1 2 2 1 2 1 2 2 2 1 2 2 2 2 2 2 2 2 2 2 2 2 2 2 2 2 1 2 2 2 2 2 2 2 2 1 2 2 2 2 2 2 2 2 1 2 2 2 2 2 2 2 2 2 2 2 2 2 2 2 2 2 2 2 2 2 2 1 2 2 2 2 2 2 2 2 2 2 2 1 2 2 2 2 2 2 2 2 2 1 2 1 2 2 2 2 2 2 2 2 2 2 2 2 2 2 1 2 2 2 2 2 2 2 2 2 2 2 2 2 2 2 2 2
1225 2 2 0 2 2 2 2 2 2 2 0 2 2 2 2 0 2 2 2 2 0 2 2 2 2 2 0 2 2 2 2 2 2 2 2 1 2 2 2 2 2 2 2 2 2 0 2 0 2 2 2 2 2 2 2 2 2 2 0 2 2 0 1 2 2 2 2 2 2 2 2 2 2 2 2 2 0 2 2 0 2 0 2 2 2 0 0 2 2 2 2 2 2 2 2 2 2 0 2 0 2 2 2 0 2 2 2 2 2 2 2 0 2 2 0 2 2 0 2 2 2 0 2 2 0 2 2 2 2 2 0 2 2 2 2 0 2 2 2 2 2 0 2 2 0 2 2 2 2 2 2 2 2 2 2 2 0 0 2 2 2 2 2 2 2 2 2 2 2 2 0 0 2 2 2 2 2 2 2 2 2 2 2 0 2 2 2 2 2 2 2 2 2 0 2 0 2 2 2 2 0 2 2 2 2 2 2 2 2 2 2 2 0 0 2 2 2 2 2 2 2 2 2 2 2 2 2 0 2 2 2 2 2 2 2 2 2 2 2 2 2 0 2 0 2
1226 2 2 0 2 2 2 2 2 2 2 0 2 2 2 2 0 2 2 2 2 0 2 2 2 2 2 0 2 2 2 2 2 2 2 2 1 2 2 2 2 2 2 2 2 2 0 2 0 2 2 2 2 2 2 2 2 2 2 0 2 2 0 1 2 2 2 2 2 2 2 2 2 2 2 2 2 0 2 2 0 2 0 2 2 2 0 0 2 2 2 2 2 2 2 2 2 2 0 2 0 2 2 2 0 2 2 2 2 2 2 2 0 2 2 0 2 2 0 2 2 2 0 2 2 0 2 2 2 2 2 0 2 2 2 2 0 2 2 2 2 2 0 2 2 0 2 2 2 2 2 2 2 2 2 2 2 0 0 2 2 2 2 2 2 2 2 2 2 2 2 0 0 2 2 2 2 2 2 2 2 2 2 2 0 2 2 2 2 2 2 2 2 2 0 2 0 2 2 2 2 0 2 2 2 2 2 2 2 2 2 2 2 0 0 2 2 2 2 2 2 2 2 2 2 2 2 2 0 2 2 2 2 2 2 2 2 2 2 2 2 2 0 2 0 2
1227 2 2 2 2 2 2 2 0 2 2 2 2 2 2 2 2 2 0 2 2 2 2 2 2 2 2 2 2 0 2 2 2 2 2 2 2 2 2 2 2 2 2 2 2 2 2 2 2 2 0 2 2 2 2 2 2 2 2 2 2 2 2 2 0 0 2 2 0 2 2 2 2 2 2 2 2 2 2 2 0 2 2 0 2 2 2 2 2 2 2 2 2 0 2 2 2 2 2 0 2 2 2 2 2 2 2 2 2 2 2 2 2 2 2 2 2 2 2 0 2 2 2 2 2 2 2 2 2 2 2 2 2 2 2 2 2 2 2 2 2 2 2 0 2 2 2 2 2 2 2 2 2 2 0 0 2 2 2 2 2 2 2 2 0 2 2 2 2 2 2 2 2 2 0 2 2 2 0 2 2 2 2 2 2 0 2 2 2 0 2 1 2 2 2 2 2 2 2 2 2 2 2 2 2 2 2 2 2 2 2 2 2 2 2 0 2 2 2 2 2 2 2 0 2 2 0 2 2 2 0 2 2 2 2 2 0 0 2 0 2 2 2 2 2 2
1228 2 2 2 2 2 2 0 2 2 0 2 2 2 2 2 2 2 0 2 0 2 2 2 2 2 2 2 2 0 2 2 2 2 2 2 2 2 2 2 0 2 2 2 2 0 2 2 0 2 0 2 2 2 0 2 2 2 2 2 2 0 2 2 2 2 2 2 2 2 0 2 0 2 2 2 2 2 2 2 2 2 2 2 2 2 2 2 2 0 2 2 2 2 2 2 2 2 2 2 2 2 2 2 2 2 2 2 2 2 2 2 2 2 2 2 0 2 2 2 2 2 2 2 2 0 0 2 2 2 2 2 2 2 2 2 2 2 2 2 2 2 2 2 2 2 2 2 2 2 2 2 2 2 2 2 2 2 2 2 2 2 2 2 2 2 2 2 2 2 2 2 2 2 2 2 2 2 2 2 2 2 2 2 2 2 2 2 2 2 0 1 2 2 2 2 2 2 0 2 1 2 2 2 2 2 2 2 2 2 2 2 2 2 2 2 2 2 0 2 2 0 0 2 0 2 2 2 2 2 2 2 2 2 2 2 2 2 2 2 2 2 2 2 2 2
1229 2 0 2 2 2 2 2 2 2 2 2 2 2 2 2 2 2 2 2 2 2 2 2 2 0 2 2 2 2 2 2 2 0 2 2 2 2 0 2 2 2 0 2 0 2 2 2 2 2 2 2 2 2 2 2 2 2 0 2 2 2 2 2 2 2 2 0 2 2 2 2 2 2 2 2 2 2 2 2 2 2 2 0 0 0 2 2 2 2 2 2 2 0 2 2 0 0 2 2 2 0 2 0 2 2 2 2 2 0 0 2 2 2 2 2 2 2 2 0 0 2 2 2 0 2 2 2 2 0 2 0 0 2 0 2 2 2 2 2 2 2 2 2 2 2 2 2 2 2 2 2 2 2 2 2 2 2 2 2 2 2 2 0 2 2 2 2 2 2 2 2 2 2 2 2 2 2 2 2 2 2 2 2 2 2 2 2 2 2 2 2 2 2 2 2 2 2 2 2 2 2 2 2 0 2 2 2 2 2 2 2 0 2 2 2 2 2 2 2 2 2 2 2 2 2 0 2 2 2 2 2 2 2 2 0 2 2 2 0 2 2 2 2 0 2
1230 2 2 2 0 2 2 0 2 2 0 2 2 2 2 2 0 2 0 2 0 2 2 2 2 2 2 2 2 0 2 0 2 2 2 2 2 2 2 2 0 2 2 2 2 0 2 2 0 2 0 0 2 2 2 2 2 2 2 2 2 0 2 2 2 2 2 2 2 2 0 2 0 2 2 2 2 2 2 2 2 2 2 2 2 2 2 2 2 2 2 2 2 2 0 2 2 2 2 2 2 2 2 2 2 2 2 2 2 2 2 2 2 2 2 2 0 2 2 2 2 2 2 2 2 0 0 2 2 2 2 2 2 2 2 0 2 2 2 2 2 2 2 2 2 2 2 2 2 2 2 2 2 2 2 2 2 2 2 2 2 2 2 2 2 2 2 2 2 2 2 2 2 2 2 2 2 2 2 2 2 2 0 2 2 2 2 2 2 2 0 1 2 2 2 2 2 2 0 2 2 2 2 2 2 0 2 2 2 2 0 2 2 2 2 0 2 2 1 2 2 0 0 2 0 2 2 2 2 2 2 2 2 2 2 2 2 2 2 2 2 2 2 2 2 2
1231 2 0 2 2 2 2 2 2 2 2 2 2 2 2 2 2 2 2 2 2 2 2 2 2 0 2 2 2 2 2 2 2 0 2 2 2 2 0 2 2 2 0 2 0 2 2 2 2 2 2 2 2 2 2 2 2 2 0 2 2 2 2 2 2 2 2 0 2 2 2 2 2 2 2 2 2 2 2 2 2 2 2 0 0 0 2 2 2 2 2 2 2 0 2 2 0 0 2 2 2 0 2 0 2 2 2 2 2 0 0 2 2 2 2 2 2 2 2 0 0 2 2 2 0 2 2 2 2 0 2 0 0 2 0 2 2 2 2 2 2 2 2 2 2 2 2 2 2 2 2 2 2 2 2 2 2 2 2 2 2 2 2 0 2 2 2 2 2 2 2 2 2 2 2 2 2 2 2 2 2 2 2 2 2 2 2 2 2 2 2 2 2 2 2 2 2 2 2 2 2 2 2 2 0 2 2 2 2 2 2 2 0 2 2 2 2 2 2 2 2 2 2 2 2 2 0 2 2 2 2 2 2 2 2 0 2 2 2 0 2 2 2 2 0 2
1232 2 2 2 2 2 2 2 2 2 2 2 2 2 2 2 2 2 2 2 2 2 2 2 2 2 2 2 2 2 2 2 2 2 2 2 2 2 2 2 2 2 2 2 2 2 2 2 2 2 2 2 2 2 2 2 2 2 2 2 2 2 2 2 2 2 2 2 0 2 2 2 2 0 2 2 2 2 2 2 2 2 2 2 2 2 2 2 2 2 2 2 2 2 2 2 2 2 2 2 2 2 2 2 2 2 2 2 2 2 2 2 2 2 2 2 2 2 0 2 2 0 2 2 2 2 2 0 2 2 2 2 2 2 2 2 2 2 2 0 2 2 2 2 2 2 2 2 2 2 2 2 2 2 2 2 2 2 0 2 2 2 2 2 2 2 2 2 0 2 2 2 2 2 2 2 2 0 2 2 2 2 2 2 2 2 0 2 2 2 2 2 2 2 2 2 2 0 2 2 2 2 2 2 2 2 0 2 2 2 2 2 2 2 2 2 0 2 2 2 0 2 2 0 2 2 2 2 2 2 2 2 2 2 2 2 0 2 2 2 2 2 2 2 2 2
1233 0 2 0 2 0 0 2 2 0 2 0 2 0 0 0 0 2 2 2 2 0 2 2 0 2 0 2 2 2 2 2 2 2 0 0 1 2 2 2 2 2 2 0 2 2 0 2 2 2 2 2 2 2 2 2 2 0 2 0 0 2 0 1 2 2 0 2 2 2 2 2 2 2 2 2 2 0 2 0 2 0 0 2 2 2 2 0 2 2 0 0 2 2 0 0 2 2 2 2 0 2 0 2 0 2 0 2 2 2 2 0 2 0 0 0 2 0 2 2 2 2 2 2 2 2 2 2 0 2 2 2 2 0 2 2 2 0 0 2 2 0 2 2 2 2 0 2 2 1 2 0 2 2 2 0 2 0 2 2 0 2 0 2 2 0 2 2 2 2 0 2 0 2 2 2 0 2 2 0 0 2 2 0 2 2 2 0 0 2 2 1 2 2 2 0 2 0 2 2 2 2 0 0 2 2 2 0 0 2 2 2 2 0 2 0 2 0 2 0 2 2 2 2 2 0 2 2 0 2 2 0 0 0 0 2 2 2 0 2 1 0 0 0 2 0
1234 2 0 2 2 2 2 0 2 2 2 2 2 2 2 2 2 2 2 2 2 2 0 2 2 0 2 2 0 2 2 2 0 0 2 2 2 2 0 2 2 2 0 2 2 2 2 2 2 2 2 2 2 2 2 2 2 2 0 2 2 2 2 1 2 2 2 0 2 2 0 2 2 2 2 2 2 2 2 2 2 2 2 0 2 0 2 2 2 2 2 2 2 0 2 2 0 0 2 2 2 2 2 0 2 2 2 2 2 2 0 2 0 2 2 2 2 2 2 0 0 2 2 2 2 2 0 2 2 2 2 2 2 2 0 2 2 2 2 2 2 2 2 2 2 2 2 2 2 2 2 0 2 2 2 2 2 2 2 2 2 2 2 0 2 2 2 2 2 2 2 2 2 2 2 2 2 2 2 2 2 2 2 2 2 2 2 2 2 2 2 2 2 2 2 2 2 2 2 2 2 2 2 2 0 2 2 2 2 2 2 2 0 2 2 2 2 2 2 2 2 0 2 2 0 2 0 2 2 2 2 2 2 2 2 0 2 2 2 0 2 2 2 2 2 2
1235 0 2 2 2 0 2 2 2 2 2 2 2 0 0 0 0 0 0 0 0 2 0 0 0 2 0 2 0 0 0 2 0 2 0 2 2 0 2 2 0 2 2 0 2 2 2 2 0 0 0 0 2 2 0 0 0 0 2 2 2 0 2 1 2 2 0 2 0 0 0 2 0 0 2 0 0 2 2 0 0 0 2 2 0 2 2 2 2 0 2 0 2 2 0 0 2 2 0 2 2 0 2 2 2 0 0 0 2 0 2 2 2 0 2 2 0 0 2 0 2 2 0 2 2 0 2 2 0 2 0 2 0 2 2 2 2 0 2 0 0 0 0 2 2 0 0 2 0 1 0 2 2 2 0 2 0 2 2 2 2 0 0 2 0 0 2 0 0 2 2 0 2 0 2 2 0 0 0 2 2 0 2 2 2 0 0 2 0 0 0 0 0 2 2 2 2 0 0 0 0 0 2 0 0 2 0 0 0 2 2 2 0 2 0 0 2 0 0 2 0 2 0 0 2 0 2 0 0 2 0 0 0 2 2 0 0 0 2 0 0 0 0 2 0 2
1236 2 0 2 2 2 2 0 2 2 2 2 2 2 2 2 2 2 2 2 2 2 2 2 2 0 2 2 2 2 2 2 2 0 2 2 2 2 0 2 2 2 0 2 2 2 2 2 2 0 2 2 2 0 2 2 2 2 0 2 2 2 2 1 2 0 2 0 2 2 2 2 2 2 0 2 2 2 2 2 0 2 2 0 2 2 2 2 0 2 2 2 2 0 2 2 0 0 2 2 2 2 2 0 2 2 2 2 0 2 0 2 0 2 2 2 2 2 2 2 0 2 2 2 2 2 0 2 2 2 2 0 2 2 0 2 2 2 2 2 2 2 2 2 2 2 2 2 2 2 2 0 2 2 2 2 2 2 2 2 2 2 2 0 2 2 2 2 2 2 2 2 2 2 0 2 2 2 2 2 2 2 2 2 2 2 2 2 2 2 2 2 2 0 2 2 2 2 2 2 2 2 2 2 2 2 2 2 2 2 2 2 2 2 2 2 0 2 2 2 2 2 2 2 0 2 0 2 2 2 2 2 2 2 2 2 2 2 2 2 2 2 2 2 2 2
1237 2 2 2 2 2 2 2 2 0 2 0 2 2 2 2 2 2 2 2 2 2 2 2 2 2 2 2 2 2 2 2 2 2 2 2 2 2 2 2 2 0 2 2 2 2 2 2 2 2 2 2 2 2 2 2 2 2 2 2 2 2 2 2 2 2 2 2 2 2 2 2 2 2 2 2 2 2 2 0 2 2 2 2 2 2 2 2 2 2 2 2 2 2 2 2 2 2 2 2 2 2 0 2 2 2 2 2 2 2 2 2 2 2 2 2 2 2 2 2 2 2 2 2 2 2 2 2 0 2 2 2 2 0 2 2 2 2 2 2 2 2 2 2 2 2 0 2 2 2 2 2 2 2 2 2 2 0 2 2 2 2 0 2 2 2 2 2 2 2 2 2 0 2 2 0 2 2 2 2 2 2 2 2 2 2 2 2 2 2 2 2 2 2 2 2 2 2 2 2 2 2 2 2 2 2 2 2 2 2 2 2 2 2 2 2 2 2 2 2 2 2 2 2 2 0 2 2 0 2 2 2 2 2 0 2 2 2 2 2 2 2 0 0 2 2
1238 2 2 2 2 2 2 2 2 2 2 0 2 2 2 1 2 2 2 2 2 2 2 0 2 2 2 2 2 2 2 0 2 2 2 2 2 0 2 2 2 2 2 2 2 2 2 2 2 0 2 2 2 2 2 0 0 2 2 2 2 2 2 2 2 2 2 2 2 2 2 2 2 2 2 2 2 2 2 0 2 2 2 2 2 2 2 2 2 2 2 2 2 2 2 2 2 2 2 2 2 2 0 2 2 2 2 2 2 2 2 2 2 2 2 2 2 2 2 2 2 2 2 2 2 2 2 2 0 2 2 2 2 2 1 2 2 2 2 2 2 2 2 2 2 2 0 2 0 2 2 2 2 2 2 2 2 1 2 2 2 2 0 2 2 2 2 2 2 2 2 2 0 2 2 0 2 2 2 2 2 2 2 2 2 2 2 2 2 2 2 2 0 2 2 2 2 0 0 2 2 2 2 2 2 2 2 2 2 2 2 2 2 2 2 2 2 2 1 2 2 2 0 2 2 0 2 0 0 2 2 2 2 1 0 2 2 2 2 2 2 2 0 2 2 2
1239 2 2 2 2 2 2 2 2 2 2 0 2 2 2 2 2 2 2 2 2 2 2 0 2 2 2 2 2 2 2 0 2 2 2 2 2 0 2 2 2 2 2 2 2 2 2 2 2 0 2 2 2 0 2 0 0 2 2 2 2 2 2 2 2 2 2 2 2 2 2 2 2 2 0 2 2 2 2 0 2 2 2 2 2 2 2 2 2 2 2 2 2 2 2 2 2 2 2 2 2 2 0 2 2 2 2 2 0 2 2 2 2 2 2 2 2 2 2 2 2 2 2 2 2 2 2 0 0 2 2 0 2 0 2 2 2 2 2 2 2 2 2 2 2 2 0 2 0 2 2 2 2 2 2 2 2 0 2 2 2 2 0 2 2 2 2 2 2 2 2 2 0 2 2 0 2 2 2 2 2 0 2 2 2 2 2 2 2 2 2 2 0 2 2 2 2 0 0 2 2 2 2 2 2 2 2 2 2 2 2 2 2 2 2 2 0 2 1 2 2 2 0 2 2 0 2 0 0 2 2 2 2 2 0 2 2 2 2 2 2 2 0 0 2 2
1240 2 2 2 2 2 2 2 2 2 2 2 2 2 2 2 2 2 2 2 2 2 2 2 2 0 2 2 2 2 2 2 2 0 2 2 2 2 2 2 2 2 0 2 2 2 2 2 2 2 2 2 2 2 2 2 2 2 2 2 2 2 2 1 2 2 2 2 2 2 2 2 2 2 2 2 2 2 2 2 2 2 2 0 2 2 2 2 2 2 2 2 2 0 2 2 1 0 2 2 2 2 2 2 2 2 2 2 2 2 2 2 0 2 2 2 2 2 2 2 0 2 2 2 2 2 2 2 2 2 2 2 2 2 0 2 2 2 2 2 2 2 2 2 2 2 2 2 2 2 2 0 2 2 2 2 2 2 2 2 2 2 2 0 2 2 2 2 2 2 2 2 2 2 2 2 2 2 2 2 2 2 2 2 2 2 2 2 2 2 2 2 2 2 2 2 2 2 2 2 2 2 2 2 2 2 2 2 2 2 2 2 2 2 2 2 2 2 2 2 2 2 2 2 2 2 0 2 2 2 2 2 2 2 2 2 2 2 2 2 2 2 2 2 2 2
1241 0 0 0 0 0 2 0 2 0 0 2 0 0 0 2 2 0 0 0 0 0 0 2 0 0 0 2 0 0 0 0 0 0 2 2 2 2 0 0 0 2 0 2 0 0 0 0 0 0 0 0 2 0 2 2 2 0 0 0 0 0 0 0 2 0 0 0 0 2 0 0 0 2 0 0 0 0 0 2 2 0 0 0 2 2 2 0 0 0 2 0 0 0 0 2 0 0 2 2 0 0 2 0 0 2 0 0 2 0 0 0 0 0 0 0 0 0 0 2 0 2 0 0 0 0 0 0 2 2 0 2 0 2 0 2 2 2 2 2 2 0 0 2 2 2 0 2 2 2 0 0 2 0 2 2 0 0 2 2 0 0 0 0 2 0 2 2 2 0 0 0 2 0 0 2 0 2 2 0 0 0 2 2 2 2 0 2 2 0 0 0 0 0 2 2 2 2 2 0 2 2 2 2 0 2 2 0 2 0 2 0 0 0 2 0 0 2 2 0 2 0 2 0 0 0 0 0 0 0 2 2 0 0 2 0 2 2 0 2 1 0 0 0 2 2
1242 0 0 0 0 0 0 0 0 0 0 0 0 0 0 0 2 0 0 0 0 0 0 0 0 0 0 0 0 0 0 0 0 0 0 0 0 0 0 0 0 0 0 0 0 0 0 0 0 0 0 0 0 0 2 0 0 0 0 0 0 0 0 0 0 0 0 0 0 2 0 0 0 0 0 0 0 0 0 0 0 0 0 0 0 2 0 0 0 0 0 0 0 0 0 0 0 0 0 0 0 0 0 0 0 0 0 0 0 0 0 0 0 0 0 0 0 0 0 0 0 2 0 0 0 0 0 0 0 0 0 0 0 0 0 0 0 0 0 0 0 0 0 0 0 2 0 0 0 0 0 0 0 0 2 0 0 0 0 0 0 0 0 0 2 0 0 0 0 0 0 0 0 0 0 0 0 0 2 0 0 0 0 0 0 0 0 0 0 0 0 0 0 0 0 0 0 0 0 0 0 0 0 0 0 0 0 0 0 0 0 0 0 0 2 0 0 0 1 0 0 0 0 0 0 0 0 0 0 0 2 0 0 0 0 0 2 0 0 0 0 0 0 0 0 0
1243 2 2 2 2 2 2 2 2 2 2 2 2 2 2 2 2 2 2 2 2 2 2 2 2 2 2 2 2 2 2 2 2 2 2 2 2 2 2 2 2 2 2 2 0 2 2 2 2 0 2 2 2 2 0 2 2 2 2 2 2 0 2 2 2 0 2 2 2 2 2 2 2 2 2 2 2 2 2 2 2 2 0 2 2 2 2 2 2 2 2 2 2 2 2 2 2 2 2 2 2 2 2 2 2 2 2 2 0 2 2 2 2 2 2 2 2 2 2 2 2 2 2 2 0 2 2 0 2 2 2 2 2 2 2 2 2 2 2 2 0 2 2 2 2 2 2 2 2 2 2 2 2 2 2 2 2 2 2 2 2 2 2 2 2 2 2 2 2 2 2 2 2 2 0 2 2 2 2 2 2 2 2 2 2 2 2 2 2 2 2 2 2 2 2 2 2 2 2 0 2 2 2 2 2 2 2 2 2 2 2 2 2 2 2 2 0 2 2 0 2 2 2 2 2 2 2 2 2 2 2 2 2 2 2 2 0 2 2 2 1 2 2 2 2 2
1244 2 0 0 0 0 0 0 0 0 0 0 0 0 2 2 2 0 0 0 0 0 0 2 2 0 2 0 0 0 0 0 0 0 2 0 0 2 0 0 0 0 0 0 0 0 0 0 0 0 0 0 0 0 0 2 2 0 0 0 0 0 0 0 2 0 0 0 0 0 2 0 0 0 0 0 0 0 0 2 0 0 0 0 2 0 0 0 0 0 0 0 0 0 2 0 0 0 0 0 0 0 2 0 0 0 2 0 0 0 0 2 0 0 2 0 0 0 0 0 0 0 0 2 0 0 0 0 0 0 2 0 0 2 0 0 0 0 0 2 0 2 0 0 0 0 0 0 0 1 0 0 0 0 0 0 2 0 0 0 2 0 2 0 0 0 0 0 2 2 2 2 0 0 0 0 0 2 0 2 2 2 0 0 0 0 0 0 0 0 0 0 2 0 2 0 0 0 0 0 0 0 0 0 0 0 2 0 0 0 0 0 0 0 0 0 0 0 0 0 2 0 0 0 0 2 0 2 0 0 0 0 2 2 0 0 0 2 2 0 0 0 0 0 0 0
1245 2 2 2 2 2 2 2 2 2 2 2 2 2 2 2 2 2 2 2 2 2 0 2 2 2 2 2 0 2 2 0 0 2 2 2 2 2 2 0 2 2 2 2 0 2 2 0 2 2 2 2 2 2 2 2 2 0 2 2 2 2 2 1 2 2 2 2 0 2 2 2 2 2 2 2 2 2 2 2 2 2 2 2 2 0 2 2 2 0 2 2 0 2 2 2 2 2 2 2 2 2 2 2 2 2 0 2 2 2 2 2 2 2 2 2 2 2 2 2 2 2 2 2 0 2 2 2 2 2 2 2 0 2 2 2 2 2 2 2 2 2 2 2 2 2 2 2 2 2 0 0 2 2 2 2 2 2 2 2 2 2 2 2 2 2 2 2 2 2 2 2 2 2 2 2 2 2 2 2 2 2 2 2 2 2 2 2 2 2 2 2 2 2 0 2 2 2 2 2 2 2 2 2 0 2 2 2 2 0 2 2 2 2 2 2 0 2 2 2 2 0 2 0 2 2 2 2 2 2 2 2 2 2 2 2 2 2 2 2 2 2 2 2 2 2
1246 2 0 2 2 2 2 0 2 2 2 2 2 2 2 0 2 2 2 2 2 2 2 2 2 2 0 2 2 2 2 2 2 2 0 2 2 2 0 2 2 2 2 2 2 2 2 2 2 2 2 2 2 2 2 2 2 2 0 2 2 2 2 1 2 2 2 0 2 2 0 2 2 2 2 2 2 2 2 2 2 2 2 2 2 0 2 2 2 2 2 2 2 2 2 0 2 2 2 2 2 2 2 0 2 2 2 2 2 0 0 2 0 2 2 2 2 2 2 2 2 2 2 2 2 2 0 2 2 2 2 2 2 2 2 2 2 2 2 2 2 2 2 2 0 2 2 2 2 1 2 2 2 2 2 2 2 2 2 0 2 0 2 2 2 2 2 2 2 2 2 2 2 2 2 2 2 2 2 2 2 2 2 2 2 2 2 2 2 2 2 2 2 2 2 2 2 0 2 2 2 2 2 2 2 2 2 0 0 2 2 2 2 2 2 0 2 2 1 2 2 2 0 2 0 2 2 2 2 2 2 0 2 2 2 2 2 2 2 2 1 2 2 0 2 2
1247 0 0 0 0 0 0 0 0 0 0 0 0 0 0 0 0 0 0 2 0 0 0 0 0 0 0 0 0 0 2 0 0 0 0 0 0 0 0 0 0 0 0 0 2 0 0 0 0 0 0 0 0 0 0 0 0 0 0 0 0 0 0 0 0 0 0 0 0 2 0 0 0 0 0 0 2 0 0 0 0 0 0 0 0 0 2 0 0 0 0 0 0 0 0 0 0 0 0 0 0 0 0 0 0 0 0 2 0 0 0 0 0 0 2 0 0 2 0 0 0 0 0 0 2 0 0 0 0 0 0 0 0 0 0 0 2 0 0 0 0 0 2 2 0 0 0 0 0 0 0 0 0 0 0 0 0 0 0 0 0 0 2 0 0 0 2 0 0 0 0 0 0 0 0 0 0 0 0 0 0 0 0 0 0 0 0 0 0 2 0 0 0 0 0 0 2 0 0 0 0 0 0 0 0 0 0 0 0 0 0 0 0 0 0 0 0 0 0 0 0 0 0 0 0 2 0 0 0 0 0 0 0 0 0 0 0 0 0 0 0 2 0 0 0 0
1248 2 2 0 2 2 2 2 0 0 2 2 2 2 2 2 2 2 2 2 0 0 2 2 2 2 2 0 2 2 2 2 2 2 2 2 1 2 2 2 2 2 2 2 2 2 0 2 2 2 2 2 2 2 2 2 2 2 2 0 2 2 2 2 2 2 2 2 2 2 2 0 2 2 2 2 2 0 2 2 2 2 0 2 2 2 0 0 2 2 2 2 2 2 2 0 2 2 2 0 0 0 2 2 0 2 2 2 2 0 2 0 2 2 2 0 2 2 0 2 2 2 2 2 2 2 2 2 2 2 2 2 2 2 2 2 0 0 2 2 2 2 2 0 2 0 2 2 2 2 0 2 2 2 2 2 2 0 0 2 2 2 2 2 2 2 0 0 2 0 2 2 2 0 2 2 2 2 2 2 2 2 0 2 0 2 0 2 2 2 0 1 2 2 2 0 0 2 2 2 2 2 2 2 2 2 2 2 0 2 2 0 2 0 0 2 2 2 2 2 2 2 2 2 2 2 2 2 2 2 2 0 0 2 0 2 2 2 2 2 1 2 2 0 2 2
1249 2 0 0 0 0 2 2 2 2 2 2 2 0 2 2 2 2 2 2 2 0 2 0 2 0 2 2 2 2 2 2 2 0 2 2 1 0 0 2 2 2 0 2 2 2 0 2 2 2 2 2 2 2 2 0 0 2 0 0 2 2 2 1 2 2 0 0 0 2 2 2 2 2 2 2 2 0 2 2 2 2 2 0 2 2 2 0 0 2 2 2 2 0 0 2 0 0 2 2 0 2 2 0 0 2 2 2 0 2 0 2 0 2 2 0 0 2 0 0 0 2 2 2 2 2 2 2 0 2 2 0 0 2 0 2 2 2 2 2 2 2 2 2 2 0 2 2 2 2 2 0 2 2 0 0 2 2 2 2 2 2 2 0 0 2 2 2 2 0 2 2 2 2 2 2 0 2 0 2 2 2 2 2 2 2 2 0 2 2 0 1 2 0 2 2 2 0 2 2 2 2 2 2 2 2 2 0 2 2 2 2 0 0 0 0 2 2 2 2 2 2 2 0 2 2 0 2 2 0 2 2 2 2 2 0 2 2 2 0 2 2 2 2 0 0
1250 2 2 0 0 2 0 2 2 2 2 2 2 2 2 2 0 0 2 2 2 0 2 2 2 2 2 0 2 2 2 2 2 2 2 0 1 2 2 2 0 2 2 0 2 2 0 2 2 2 2 2 2 2 0 2 2 0 2 0 2 0 2 2 2 2 2 2 2 2 0 2 2 2 2 0 2 0 2 0 2 2 2 2 2 2 2 0 2 2 0 0 2 2 2 0 2 2 2 2 0 0 0 2 2 2 2 0 2 0 2 0 2 0 2 0 2 2 0 2 2 0 0 2 2 2 2 2 2 2 0 2 2 0 2 0 2 2 2 2 0 2 2 0 2 2 0 2 2 1 2 2 0 2 2 2 2 2 0 2 2 2 2 2 2 0 0 2 2 0 2 2 2 0 2 0 2 2 2 2 0 0 2 2 0 0 2 2 0 0 0 1 0 2 2 0 0 2 2 2 2 2 0 2 0 0 2 2 0 2 2 0 2 0 2 2 2 2 0 0 2 2 0 2 2 2 2 0 0 2 0 0 0 0 2 2 2 2 0 2 1 2 0 0 2 0
1251 2 0 0 0 2 2 0 0 0 2 0 0 2 2 0 2 2 0 2 0 0 0 0 2 0 0 2 0 0 2 2 0 0 0 2 1 0 0 2 2 0 0 2 0 2 0 2 0 2 0 0 2 2 2 0 0 2 0 0 0 2 0 0 2 0 2 0 0 2 0 2 0 0 2 2 2 0 0 2 2 0 2 0 0 0 2 0 0 2 2 2 2 0 0 0 0 0 0 0 0 2 2 0 0 2 0 2 0 2 0 2 0 2 2 2 0 0 2 0 0 2 2 0 0 0 0 0 0 2 2 0 0 2 0 0 2 0 0 2 2 2 2 2 0 0 2 2 2 1 2 0 2 2 0 0 0 0 0 0 0 2 2 0 0 2 2 2 1 2 0 2 2 2 0 2 0 2 0 0 2 2 2 0 2 2 2 0 2 2 2 1 2 0 0 2 2 0 0 2 2 0 2 0 0 0 2 0 0 2 0 2 0 0 0 0 2 0 1 0 2 2 0 0 0 2 0 2 2 0 2 0 2 2 2 0 2 0 2 0 1 0 2 2 0 2
1252 0 0 0 0 0 0 0 0 0 0 0 0 0 2 0 0 0 0 0 0 0 0 0 2 0 0 0 0 0 0 0 0 0 0 0 0 0 0 0 0 0 0 0 0 0 0 0 0 0 0 0 0 0 0 0 0 0 0 0 0 0 0 0 2 0 0 0 0 0 0 0 0 0 0 0 0 0 0 0 0 0 0 0 0 0 0 0 0 0 0 0 0 0 0 0 0 0 0 0 0 0 0 0 0 0 0 0 0 0 0 0 0 0 0 0 0 0 0 0 0 0 2 0 0 0 0 0 0 0 0 2 0 0 0 0 0 0 0 2 0 0 0 0 0 0 0 0 0 0 0 0 2 0 0 0 0 0 0 0 0 0 2 0 0 0 0 0 1 0 0 2 0 0 0 0 0 2 0 0 0 0 0 0 0 0 0 0 0 0 0 0 0 0 0 0 0 0 0 0 0 0 0 0 0 0 2 0 0 0 0 0 0 0 0 0 0 0 0 0 2 0 0 0 0 2 0 0 0 0 0 0 0 0 0 0 0 0 0 0 0 0 0 0 0 0
1253 2 2 2 2 2 2 0 2 2 2 2 2 2 2 2 2 2 2 2 2 2 2 0 2 2 2 2 2 2 2 2 2 2 2 2 2 0 2 2 2 2 2 2 2 2 2 2 2 2 2 2 2 2 2 0 0 2 2 2 2 2 2 2 2 2 2 2 2 2 2 2 2 2 2 2 2 2 2 0 2 1 2 2 2 2 0 2 2 2 2 2 2 2 2 2 2 2 2 2 2 0 2 2 2 2 2 2 2 2 2 2 2 2 2 2 2 0 2 2 2 2 2 2 2 2 0 2 2 2 2 2 2 2 2 2 1 2 2 2 2 2 2 0 2 2 2 2 2 2 2 2 2 2 2 2 1 2 2 2 2 2 2 2 2 0 2 2 2 2 2 2 2 2 2 2 2 2 2 2 2 2 2 2 2 2 2 2 2 2 2 2 2 2 2 2 0 2 2 2 2 2 2 2 2 2 2 2 2 2 2 2 2 2 2 2 2 2 2 2 2 2 2 2 2 2 2 2 2 2 2 2 2 2 2 2 2 2 2 2 2 2 0 2 2 2
1254 2 2 0 2 2 2 2 2 0 2 2 2 2 2 2 2 2 2 2 2 2 2 2 2 2 2 2 2 2 2 2 2 2 2 2 2 2 2 0 2 2 2 2 2 2 0 2 2 0 2 0 2 2 2 2 2 2 2 0 2 0 2 0 2 0 2 2 2 0 2 2 2 2 2 2 2 0 2 2 2 2 0 2 2 2 2 0 2 2 2 2 0 2 2 2 2 2 0 2 0 2 2 2 2 1 2 2 2 2 2 2 0 2 2 2 2 2 2 2 2 2 2 2 2 2 2 2 2 2 2 0 2 2 2 2 2 2 2 2 2 2 2 2 2 2 2 2 2 2 2 2 2 2 2 2 2 2 2 2 0 2 2 2 2 2 2 2 2 2 0 2 2 2 2 2 2 2 2 0 2 2 2 2 2 2 2 2 2 2 2 2 2 2 2 2 2 2 2 2 1 2 2 2 2 2 2 2 2 2 2 2 2 0 2 2 2 2 2 2 2 2 2 2 2 2 2 2 2 2 2 2 2 2 2 2 0 2 2 2 2 2 2 2 2 2
1255 0 2 0 0 2 2 0 2 0 0 0 0 2 0 2 0 2 0 0 0 0 0 2 0 2 0 0 0 0 0 0 0 2 2 0 1 2 2 0 0 2 2 0 0 0 0 0 0 0 0 0 0 2 2 2 2 0 2 0 0 0 0 0 0 0 2 2 0 0 2 0 0 2 2 2 0 0 0 2 0 0 0 2 2 0 0 0 2 2 0 0 0 2 0 2 2 2 0 2 0 2 0 2 0 0 0 0 0 2 2 0 0 0 0 0 0 0 0 2 2 2 0 2 0 0 0 0 2 2 0 0 2 0 2 0 0 2 0 0 0 0 0 0 0 0 0 0 2 1 0 2 0 0 0 0 0 2 2 0 0 2 2 2 2 2 0 0 0 0 0 0 2 2 2 0 2 0 0 0 0 2 0 2 0 0 2 2 0 2 2 1 2 2 2 2 2 2 2 2 1 0 0 2 2 0 0 2 2 0 0 0 2 0 0 2 0 2 1 2 0 0 2 0 0 2 2 2 2 2 2 2 0 0 0 2 0 0 0 2 2 0 2 0 0 0
1256 0 2 0 0 2 2 0 2 0 0 0 0 2 0 2 0 2 0 0 0 0 0 2 0 2 0 0 0 0 0 0 0 2 2 0 1 2 2 0 0 2 2 0 0 0 0 0 0 0 0 0 0 2 2 2 2 0 2 0 0 0 0 0 0 0 2 2 0 0 2 0 0 2 2 2 0 0 0 2 0 2 0 2 2 0 0 0 2 2 0 0 0 2 0 2 2 2 0 2 0 2 0 2 0 0 2 0 0 2 2 0 0 0 0 0 0 0 0 2 2 2 0 2 0 0 0 0 2 2 0 0 2 0 2 0 0 2 0 0 0 0 0 0 0 0 0 0 2 1 0 2 0 0 2 0 0 2 2 0 0 2 2 2 2 2 0 0 0 0 0 0 2 2 2 0 2 0 2 0 0 2 0 2 0 0 2 2 0 2 2 2 2 2 2 0 0 2 2 0 1 0 0 2 2 0 0 2 2 0 0 0 2 0 0 0 0 2 1 2 0 0 2 0 0 2 2 2 2 2 2 2 0 0 0 2 0 0 0 2 1 0 2 2 0 0
1257 2 2 2 2 2 2 2 2 2 2 2 2 2 2 2 2 0 2 2 2 2 2 2 2 0 2 2 2 2 2 2 2 2 2 2 1 2 2 2 2 2 2 0 2 2 2 2 2 2 2 2 2 0 0 2 2 0 2 2 2 2 2 2 2 2 2 2 0 2 2 2 2 2 0 0 2 2 2 2 2 2 0 2 2 2 2 2 2 2 2 0 2 2 2 2 2 0 2 2 2 2 2 2 2 2 0 2 2 2 2 2 2 2 2 2 2 2 0 2 2 2 2 2 2 2 2 0 2 2 2 2 2 2 2 0 2 2 2 2 2 2 2 2 2 2 2 2 0 2 2 2 2 2 2 2 0 2 2 2 2 2 2 0 0 2 2 2 2 2 2 2 2 2 2 0 2 2 2 2 2 0 2 2 2 2 2 2 2 0 2 2 0 2 2 2 2 2 2 2 2 2 0 2 2 0 2 2 2 2 2 2 2 2 2 2 2 2 2 2 2 2 2 0 2 2 2 0 2 2 2 2 2 2 0 2 2 2 2 2 2 2 2 2 2 2
1258 2 0 2 2 0 0 2 2 2 2 2 2 0 2 0 2 2 2 2 2 2 2 2 2 2 2 2 2 2 2 2 2 2 2 2 2 2 0 2 2 2 2 2 2 2 2 2 2 2 2 2 2 2 2 2 2 2 0 2 2 2 2 0 2 2 0 0 2 2 2 2 2 0 2 2 2 2 2 0 2 2 2 0 2 0 2 2 2 2 2 2 2 0 2 2 2 2 2 2 2 2 0 0 2 2 2 2 2 0 0 2 0 2 2 2 2 2 2 0 2 0 2 2 2 2 2 2 2 2 2 2 0 0 2 2 2 0 0 2 2 2 2 2 0 2 2 2 2 0 2 0 0 2 2 0 2 0 0 0 2 0 2 2 2 2 2 0 1 2 2 2 0 2 0 2 2 2 2 2 2 2 2 0 2 2 2 0 2 2 2 2 2 2 0 0 2 0 2 2 2 2 2 0 0 2 2 0 2 2 2 0 2 2 2 0 2 0 1 0 2 2 0 2 2 2 0 2 2 2 0 2 0 2 2 2 2 2 2 0 2 2 0 0 2 2
1259 2 0 0 0 0 0 0 0 0 2 0 0 0 0 0 0 0 0 0 0 0 0 0 0 0 0 0 0 0 0 0 0 0 0 0 0 0 0 0 0 0 0 0 0 2 0 0 0 0 0 0 0 0 0 0 0 0 0 0 0 0 0 0 0 0 0 0 0 2 0 0 0 0 0 0 0 0 0 0 0 0 0 0 0 0 0 0 0 0 0 0 0 0 0 0 0 0 0 0 0 0 0 0 0 0 0 0 0 0 0 0 0 0 0 0 0 0 0 0 0 0 0 0 0 0 0 0 0 0 0 0 0 0 0 0 0 0 0 0 0 2 0 0 0 0 0 0 0 0 0 0 0 0 0 0 0 0 0 0 2 0 2 0 0 0 0 0 0 0 2 0 0 0 0 0 0 0 0 2 0 0 0 0 0 0 0 0 0 0 2 1 0 0 0 0 0 0 0 0 0 0 0 0 0 0 0 0 0 0 0 0 2 0 0 0 0 0 0 0 0 0 0 0 0 2 0 0 0 0 0 0 0 0 0 2 0 0 0 0 0 0 0 0 0 0
1260 2 0 2 2 0 2 2 2 2 2 2 2 0 2 0 2 2 2 2 2 2 2 2 2 2 2 2 2 2 2 2 2 2 0 2 2 2 0 2 2 2 2 2 2 2 2 2 0 2 2 0 2 2 2 2 2 0 0 2 2 2 2 0 2 2 0 0 0 2 2 2 0 0 2 2 2 2 2 0 2 2 2 0 2 2 2 2 2 2 2 2 2 0 2 0 2 2 2 2 2 2 2 0 2 2 2 2 2 0 2 2 0 2 2 2 2 2 2 2 2 2 2 0 2 2 2 2 2 2 2 2 0 2 2 2 2 2 2 2 2 2 2 2 0 2 0 2 2 1 2 0 2 2 2 2 2 0 0 0 2 0 2 2 2 2 2 0 1 2 2 2 0 2 0 2 2 2 2 2 2 2 2 0 2 2 2 0 2 2 2 2 2 2 0 2 2 0 2 2 2 2 2 0 0 2 2 0 0 2 2 2 2 2 2 2 2 0 1 0 2 0 0 0 2 2 0 2 2 2 0 0 2 2 2 2 2 2 2 2 1 2 2 0 2 2
1261 2 0 2 2 0 0 2 2 2 2 2 2 0 2 0 2 2 2 0 2 0 0 0 2 2 2 2 0 2 0 2 0 0 2 2 2 0 0 2 0 2 0 2 2 2 2 0 2 2 2 0 2 2 2 0 0 0 0 2 2 2 2 0 2 0 0 0 2 2 2 0 2 0 2 2 0 2 2 0 2 0 2 0 2 0 2 2 0 2 2 2 2 0 2 0 0 2 0 2 2 2 2 0 0 2 0 2 2 0 0 2 0 2 0 0 2 2 2 2 0 2 2 2 2 0 2 0 2 2 2 0 0 2 0 0 2 0 0 2 2 2 2 2 0 2 2 2 2 0 2 0 2 2 0 2 2 0 0 0 2 0 2 2 2 2 2 0 2 2 2 0 0 2 0 2 2 2 0 2 0 2 2 0 2 2 2 0 2 2 0 1 2 0 0 2 2 0 2 2 2 2 0 0 0 0 2 0 0 0 2 2 0 2 2 0 0 0 2 2 2 2 2 2 2 2 0 2 2 2 0 0 0 0 2 0 2 2 0 2 1 2 2 0 2 2
1262 2 0 2 2 0 0 2 2 2 2 2 2 0 2 0 2 0 2 2 2 2 2 2 2 0 2 2 2 2 2 2 2 0 2 0 1 2 0 2 2 2 0 2 2 2 2 2 2 2 2 2 2 0 2 2 2 0 0 2 2 2 2 0 0 2 0 0 0 2 2 2 2 2 0 0 2 2 2 2 2 2 2 0 2 2 2 2 0 2 0 2 2 0 2 0 0 0 2 2 2 0 2 0 2 1 0 0 2 0 0 2 0 0 2 2 2 2 0 0 0 2 2 2 2 2 2 2 2 0 2 2 0 2 0 2 2 0 0 0 0 2 2 0 0 2 2 2 0 0 2 0 2 2 2 2 2 0 0 0 2 2 0 0 2 0 0 0 0 2 2 2 0 0 0 2 2 0 2 2 2 2 2 0 2 0 2 0 2 0 2 1 2 0 2 0 0 0 0 2 2 0 0 0 2 2 0 0 0 2 0 2 0 2 2 0 2 0 2 2 0 2 2 0 2 0 0 2 0 0 2 0 0 2 2 0 2 0 2 0 1 2 0 2 0 2
1263 2 0 2 0 0 0 2 0 2 2 2 0 0 0 0 2 0 2 2 2 0 0 0 0 0 2 0 0 2 2 2 0 0 0 0 0 0 0 2 2 0 0 2 0 2 2 0 2 2 2 0 0 0 0 0 0 0 0 2 2 0 2 0 2 0 0 0 2 2 2 0 2 0 0 0 2 2 0 0 2 0 0 0 2 0 0 2 0 0 0 0 2 0 2 2 0 0 0 0 2 0 0 0 0 1 2 0 0 0 0 2 0 2 2 2 0 2 0 0 0 0 2 2 0 0 2 2 0 0 0 2 0 0 0 2 0 0 0 2 0 2 0 0 0 0 2 0 0 0 2 0 0 0 0 0 0 0 0 0 2 0 2 0 0 0 2 0 1 0 2 2 0 0 0 0 2 2 0 2 2 0 0 0 0 0 0 0 2 0 2 1 0 0 0 0 0 0 2 0 0 2 2 0 0 2 2 0 2 0 2 0 2 2 0 0 2 0 0 0 2 0 0 2 2 2 0 0 2 2 0 2 0 2 0 2 2 2 2 0 1 2 0 0 0 0
1264 2 0 2 2 0 0 2 2 2 2 2 2 0 2 0 2 2 2 2 2 2 2 2 2 2 2 2 2 2 2 2 2 2 0 2 2 2 0 2 2 2 2 2 2 2 2 2 2 2 2 2 2 2 2 2 2 2 0 2 2 2 2 0 2 2 0 0 2 2 2 2 2 0 2 2 2 2 2 0 2 2 2 0 2 0 2 2 2 2 2 2 2 0 2 2 2 2 2 2 2 2 0 0 2 2 2 2 2 0 0 2 0 2 2 2 2 2 2 0 2 0 2 2 2 2 2 2 2 2 2 2 2 0 2 2 2 0 0 2 2 2 2 2 0 2 2 2 2 0 2 0 2 2 2 0 2 0 0 0 2 0 2 2 2 2 2 0 1 2 2 2 0 2 0 2 2 2 2 2 2 2 2 0 2 2 2 0 2 2 2 2 2 2 0 0 2 0 2 2 2 2 2 0 0 2 2 0 2 2 2 2 2 2 2 0 2 0 1 0 2 2 0 2 2 2 0 2 2 2 0 2 0 2 2 2 2 2 2 0 2 2 0 0 2 2
1265 0 2 2 2 2 2 0 0 2 0 2 2 2 2 2 0 0 2 2 2 0 2 0 2 2 2 0 2 2 2 0 2 0 2 2 1 0 2 0 2 2 0 2 0 0 2 2 2 2 2 2 2 2 0 0 0 2 2 2 2 2 2 2 2 2 2 2 2 2 2 0 2 2 2 0 2 2 2 2 0 2 2 2 0 2 0 2 0 0 2 2 0 2 2 2 0 2 0 0 2 0 2 2 0 0 2 0 2 2 2 2 2 0 2 2 0 2 0 2 0 2 0 2 0 0 0 2 0 0 2 0 2 2 0 2 0 2 2 2 2 0 2 0 2 2 2 2 2 2 2 2 2 2 0 2 0 2 2 2 0 2 2 2 0 2 2 2 2 2 0 2 2 0 2 0 2 2 0 0 2 2 2 2 0 0 0 2 0 0 0 0 2 0 2 2 0 2 0 0 1 0 2 2 2 2 2 2 2 2 0 2 2 2 2 2 2 2 2 2 2 2 2 2 0 2 2 2 2 2 2 2 2 2 0 2 2 2 2 2 1 2 2 2 2 0
1266 2 0 2 2 0 0 2 0 2 2 2 2 0 2 0 2 2 2 2 2 2 2 2 2 2 2 2 2 2 2 2 2 2 0 2 2 2 0 2 2 2 2 2 2 2 2 2 2 2 0 2 2 2 2 2 2 2 0 2 2 2 2 0 2 2 0 0 2 2 0 2 2 2 2 2 2 2 2 0 2 2 2 0 2 0 2 2 2 2 2 2 2 0 2 2 2 2 2 0 2 2 2 0 2 2 2 2 2 2 0 2 0 2 2 2 2 2 2 0 2 0 2 2 2 2 2 2 2 2 2 2 2 2 2 2 2 0 0 2 2 2 2 2 0 2 2 2 2 0 2 0 0 2 2 0 2 2 0 0 2 0 2 2 2 2 2 2 2 2 2 2 0 2 0 2 2 2 2 2 2 2 2 0 2 2 2 0 2 2 2 1 2 2 2 0 2 0 2 2 2 2 2 0 0 2 2 2 2 2 2 0 0 2 2 0 2 0 1 0 2 2 0 2 2 2 0 2 2 0 0 2 0 2 2 0 2 2 2 0 2 2 0 2 2 2
1267 0 0 0 0 0 0 0 0 0 0 0 0 0 0 0 0 0 0 0 0 0 0 0 0 0 0 0 0 0 0 0 0 2 0 0 0 0 0 0 0 0 2 0 0 0 0 0 0 0 0 0 0 0 0 0 0 0 0 0 0 0 0 0 2 0 0 0 0 0 0 0 0 2 0 0 0 0 0 0 0 0 0 0 0 0 0 0 2 0 0 0 0 0 0 0 2 0 0 0 0 0 0 0 0 0 0 0 0 0 0 0 0 0 0 0 0 0 0 0 2 0 0 0 0 0 0 0 0 0 0 0 0 0 2 0 0 0 0 2 0 0 0 0 0 0 0 0 0 0 0 0 0 0 0 0 0 0 0 0 0 0 0 0 0 0 2 0 1 0 0 0 0 0 0 0 0 2 0 0 0 0 2 0 0 0 0 0 0 0 0 0 0 2 0 0 0 0 0 2 0 2 0 0 0 0 2 0 0 0 2 0 0 0 0 0 0 0 0 0 2 0 0 0 0 0 0 0 2 0 0 0 0 0 0 0 0 0 0 0 1 0 0 0 0 0
1268 2 0 2 0 2 0 2 0 0 2 0 0 2 2 0 0 0 2 2 0 0 0 0 2 0 2 0 0 2 2 0 0 0 0 0 0 0 0 2 2 2 0 0 0 2 2 0 0 2 2 0 0 0 0 0 0 0 0 2 0 0 2 2 2 0 2 0 0 0 2 0 2 2 0 0 2 2 0 2 0 0 0 0 2 0 0 2 0 0 0 0 2 0 0 0 0 0 0 0 2 0 0 0 0 0 0 0 0 2 0 2 2 0 2 2 2 0 0 0 0 0 2 2 0 0 2 0 0 0 0 0 0 0 0 0 0 0 0 0 0 2 0 0 0 0 2 0 0 0 2 0 2 0 0 0 0 0 0 0 2 0 0 0 0 0 0 0 0 0 2 0 0 0 0 0 2 0 0 2 2 0 0 0 0 0 0 0 0 0 2 1 0 0 0 0 0 1 0 0 0 0 0 0 0 0 0 0 0 0 0 0 0 2 0 0 0 0 0 0 0 0 0 0 2 0 0 0 0 2 0 0 0 2 0 0 0 0 2 0 0 0 0 0 0 0
1269 2 2 0 2 2 2 2 0 2 2 2 2 2 0 2 2 2 2 2 2 2 2 2 0 2 2 2 2 2 2 2 2 2 2 2 2 2 2 2 2 2 2 2 0 2 0 2 2 0 0 2 2 2 0 2 2 2 2 0 2 2 0 2 2 2 2 2 2 0 2 2 2 2 2 2 2 0 2 0 2 2 0 2 0 2 2 0 2 0 2 2 2 2 2 2 2 2 2 0 0 2 2 2 2 1 2 2 2 2 0 2 2 2 2 2 0 2 0 2 2 2 2 2 0 2 2 2 2 2 2 2 2 2 2 0 2 2 2 2 2 2 2 2 2 2 2 2 2 1 2 2 2 0 2 2 2 2 2 2 2 2 2 2 2 2 2 2 2 0 2 2 2 2 0 2 2 2 2 2 2 2 2 2 2 2 2 2 2 2 2 2 2 2 0 2 2 2 2 2 0 2 2 2 2 0 2 2 2 2 2 2 2 0 2 2 2 2 2 2 2 2 2 2 2 2 2 2 2 2 2 2 2 2 2 2 0 0 2 2 2 2 2 0 2 2
1270 2 2 2 0 2 0 0 0 2 2 2 0 2 0 0 0 0 2 2 0 0 2 2 0 2 0 0 2 2 2 0 2 2 0 0 0 2 2 2 2 2 2 0 2 2 2 0 0 2 2 0 2 0 2 2 2 2 2 2 0 0 2 2 2 2 2 2 0 0 2 2 0 0 0 0 2 2 0 0 0 0 2 0 2 2 0 2 2 2 0 2 2 0 2 2 2 2 0 0 2 0 0 2 0 2 2 0 0 0 2 2 2 0 2 0 2 2 2 2 2 2 2 2 2 0 0 0 2 2 0 2 2 0 2 0 0 2 2 2 0 2 0 1 0 0 0 2 0 1 0 0 0 0 0 0 0 2 2 0 2 0 2 2 0 2 0 2 2 2 2 0 2 0 2 0 0 2 0 2 2 0 0 0 0 2 0 2 0 2 2 1 0 2 0 2 0 0 2 0 2 0 0 2 2 0 2 2 2 0 0 0 2 2 0 0 2 2 1 2 2 2 2 0 0 2 0 0 0 2 0 2 0 2 0 2 2 0 2 2 0 2 2 2 0 2
1271 2 0 2 2 2 2 2 2 2 2 2 2 2 2 2 2 2 2 2 2 2 2 0 2 0 2 2 2 2 2 2 2 2 2 2 2 0 2 2 2 2 2 2 2 2 2 2 2 2 2 2 2 2 2 0 0 2 2 2 2 2 2 0 2 2 2 2 2 2 0 2 2 2 2 2 2 2 2 2 2 2 2 2 0 0 2 2 2 2 2 0 2 2 2 0 2 0 2 2 2 2 2 0 2 2 2 2 2 2 2 2 0 2 2 2 2 2 2 0 2 0 2 2 2 2 2 2 2 2 2 2 0 2 2 2 2 0 1 2 2 2 2 2 2 2 2 2 2 2 2 2 2 2 2 2 2 0 0 2 2 2 0 0 2 2 2 2 2 2 2 2 2 2 2 2 2 2 2 2 2 2 2 2 2 2 2 0 2 2 2 2 2 2 2 0 2 2 2 2 2 2 2 0 0 2 2 2 0 2 2 2 2 2 2 2 2 0 2 2 2 2 0 2 2 0 2 2 2 0 2 0 2 2 2 2 2 2 2 0 2 2 0 2 2 0
1272 2 2 2 2 2 2 0 2 0 2 2 2 2 2 2 2 2 0 2 2 0 0 2 2 2 2 2 0 0 2 2 0 2 2 2 2 2 2 2 2 2 2 0 2 2 2 2 2 2 2 2 2 2 2 2 2 0 2 2 2 2 2 2 2 2 2 2 2 2 0 2 2 2 2 2 2 2 2 2 2 2 2 2 2 0 2 2 2 2 2 2 2 2 2 2 2 2 0 2 2 2 2 2 2 2 2 2 0 2 2 2 2 2 2 2 2 0 2 2 2 2 2 2 2 2 0 2 2 2 2 2 2 2 2 2 2 2 2 2 2 2 2 0 0 2 0 2 2 2 2 0 2 0 2 0 2 2 2 0 2 2 2 2 2 0 0 2 2 2 2 2 2 2 2 2 2 2 2 2 2 2 0 2 2 2 2 2 0 0 2 1 2 2 2 2 2 2 2 2 2 0 2 2 2 2 2 2 2 2 0 2 2 2 2 0 0 2 2 2 2 2 2 2 0 2 2 2 2 2 2 2 2 2 2 2 2 2 2 2 2 0 2 2 2 2
1273 2 2 2 2 2 2 2 2 2 2 2 2 2 2 2 2 2 2 2 2 2 2 2 2 2 2 0 2 2 2 2 2 2 2 2 1 2 2 0 0 0 2 2 2 2 2 2 2 2 2 0 2 2 2 2 2 2 2 2 2 0 2 0 2 2 2 2 2 2 2 2 2 2 2 2 2 2 2 2 0 0 2 2 2 2 2 2 2 2 2 2 0 2 0 2 2 2 0 2 2 0 2 2 2 2 2 0 2 0 2 2 0 2 2 2 2 0 2 2 2 2 2 2 2 2 2 0 2 2 0 2 2 2 2 0 2 2 2 2 2 2 0 2 2 0 0 2 2 2 2 2 2 2 0 2 2 2 2 2 2 2 2 2 0 0 2 2 2 2 2 2 2 2 2 2 2 2 0 2 2 2 2 2 0 2 2 2 2 0 2 2 2 2 2 2 2 1 2 2 2 2 2 2 2 0 2 2 2 2 2 2 2 2 0 2 2 2 2 2 2 2 2 2 2 2 2 2 0 2 2 2 0 2 2 2 2 2 2 2 2 0 2 2 0 2
1274 2 0 2 0 2 2 2 0 2 2 2 0 2 0 2 0 2 2 2 2 2 2 2 0 0 2 2 2 2 2 0 2 2 0 2 2 2 2 2 2 2 2 2 0 2 2 0 2 2 2 2 2 0 2 2 2 2 2 2 2 2 2 2 2 2 2 2 2 2 2 2 2 2 0 2 2 2 0 0 2 2 2 0 2 2 2 2 2 2 2 0 2 0 2 2 2 0 2 0 2 2 0 0 0 1 2 2 2 2 2 0 2 0 0 2 2 2 0 0 2 0 2 2 0 2 2 2 2 0 2 0 2 0 2 2 2 0 0 2 2 2 2 2 2 2 2 2 0 2 0 2 0 2 2 2 0 0 0 2 2 0 0 0 2 2 2 2 2 2 2 2 2 2 0 2 2 2 2 2 0 2 2 2 2 2 0 0 2 2 2 2 2 2 2 0 2 2 2 2 1 2 2 0 0 2 2 2 2 0 2 0 2 2 2 2 2 0 0 2 2 2 0 2 2 0 0 2 2 0 0 2 2 0 0 2 0 2 0 0 0 2 0 2 2 0
1275 2 2 2 0 2 2 2 2 2 2 2 0 2 2 2 2 2 2 2 2 2 2 0 2 2 2 2 2 1 2 2 2 2 2 2 2 0 2 0 0 2 2 2 2 2 2 2 2 2 2 2 2 2 2 0 0 2 2 2 2 2 2 2 2 2 1 2 2 2 2 2 2 2 2 2 2 2 0 2 2 2 2 2 2 2 2 2 2 2 2 2 0 2 2 2 2 2 2 2 2 2 2 2 2 2 0 2 0 2 2 0 2 2 0 2 2 2 2 2 2 2 2 2 2 2 2 2 2 2 2 2 2 2 2 2 2 2 2 2 2 2 2 2 0 2 2 2 2 2 2 2 2 2 2 2 2 2 2 0 2 2 2 2 2 2 2 2 2 2 2 2 2 2 2 2 2 2 2 2 0 2 2 2 2 2 2 2 0 2 2 2 2 2 2 2 2 1 2 2 2 2 2 2 2 2 2 2 2 2 2 2 2 2 2 2 2 2 1 2 2 2 2 2 2 2 2 2 2 2 2 2 0 0 2 2 2 2 0 2 2 2 2 2 2 2
1276 2 2 0 0 2 2 2 0 0 2 2 0 2 0 2 2 2 0 0 0 0 0 0 0 2 2 2 0 0 0 2 0 0 2 2 2 0 0 0 2 0 0 2 0 2 0 0 0 0 2 0 2 2 2 0 0 2 0 0 2 0 2 2 2 2 2 0 2 2 0 2 2 0 2 2 0 0 0 0 0 2 2 2 2 2 2 0 0 2 2 2 0 2 0 0 0 2 2 0 0 2 2 2 2 2 0 2 0 2 0 2 2 0 2 0 2 2 0 0 0 2 0 2 0 2 2 0 2 2 2 0 0 2 0 2 2 2 2 2 2 2 2 2 2 0 2 2 0 1 2 2 2 2 2 2 0 2 2 2 2 2 2 2 2 2 0 2 1 2 2 2 2 2 0 2 0 2 2 2 2 2 2 2 2 2 2 2 0 2 2 2 2 0 0 2 2 1 2 2 1 2 2 2 2 2 2 2 0 0 2 2 2 0 0 2 2 2 1 2 2 0 2 2 2 2 2 2 2 2 2 0 2 2 2 2 2 2 2 0 2 2 2 2 0 2
1277 0 0 2 2 2 0 0 0 2 0 2 0 2 2 0 2 0 2 0 2 0 0 2 2 2 0 0 0 2 0 2 0 0 2 0 1 2 0 2 2 0 0 0 0 0 2 0 2 2 0 0 0 0 0 2 2 0 0 2 0 0 0 2 0 0 2 0 0 0 2 0 0 0 0 0 0 2 0 0 0 0 0 2 0 2 0 2 0 0 0 0 2 2 0 0 0 2 0 0 2 0 2 0 2 0 0 0 2 0 0 0 2 0 0 0 0 0 0 0 0 2 0 0 0 0 0 0 0 2 0 0 2 2 0 0 0 2 2 0 0 0 0 0 0 0 0 0 0 0 0 0 0 0 0 0 0 2 0 0 0 0 2 2 0 0 0 0 0 0 0 0 0 0 0 0 0 0 0 0 0 0 2 0 0 0 0 0 2 0 0 0 0 0 0 2 0 2 2 0 0 2 0 2 2 0 0 2 0 0 2 0 0 2 0 0 0 2 0 0 0 0 0 0 0 2 2 0 0 0 0 0 0 0 0 0 2 0 0 0 0 0 2 0 0 2
1278 0 0 2 2 0 2 2 2 0 0 0 0 0 0 2 2 0 2 2 2 2 2 2 0 2 2 0 2 2 2 0 2 2 2 2 1 2 2 2 2 2 2 2 2 0 2 2 2 2 2 2 2 0 0 2 2 0 2 2 2 2 0 2 0 0 0 2 2 0 2 2 0 0 0 0 2 2 0 2 0 0 2 2 2 0 2 2 2 2 2 2 2 2 2 0 2 2 0 2 2 0 2 0 0 0 0 0 0 0 0 0 2 2 0 0 0 2 0 2 2 2 0 0 2 0 2 0 2 2 2 0 2 0 2 0 2 2 2 0 0 0 0 2 2 0 0 2 2 2 0 0 2 2 0 2 2 2 2 2 0 2 2 2 0 2 2 0 1 0 0 2 2 0 2 0 0 0 0 0 0 2 2 2 0 2 0 2 2 0 0 1 2 2 2 2 2 0 2 0 1 2 0 2 2 0 0 2 2 2 2 2 0 2 0 0 0 2 1 0 0 0 2 2 2 2 2 2 2 2 2 2 0 0 0 0 2 2 0 2 0 2 2 0 0 2
1279 2 2 2 2 2 0 2 2 2 2 2 2 2 2 2 0 2 0 2 0 2 0 0 2 0 0 2 0 0 2 2 0 2 2 0 2 0 0 2 2 0 2 2 2 2 2 2 2 2 2 2 2 2 2 0 0 2 0 2 2 2 2 0 2 2 2 0 2 2 2 2 2 2 2 2 2 2 2 2 2 2 2 2 0 2 2 2 0 0 0 2 2 2 0 2 2 2 2 2 2 2 2 2 2 2 2 2 2 2 2 2 0 2 2 2 2 2 2 2 2 0 2 2 2 2 2 2 2 2 2 2 0 2 2 2 2 2 0 2 2 2 2 2 2 2 2 2 2 1 2 2 2 2 2 0 2 2 2 2 2 2 0 0 2 2 2 2 2 2 2 2 2 2 2 2 2 2 2 2 2 2 2 2 2 2 2 0 2 2 2 1 2 0 2 2 2 2 2 2 2 2 2 2 2 2 2 2 2 2 2 2 2 2 2 2 2 2 2 2 2 2 2 2 2 0 2 2 2 2 2 2 2 2 2 2 2 2 2 2 2 2 2 2 2 2
1280 2 2 2 0 2 2 2 0 2 2 2 2 2 2 2 2 2 2 2 2 0 2 2 2 2 2 2 2 2 2 2 2 0 2 2 2 2 2 2 0 2 0 2 2 2 2 2 2 2 0 0 2 0 2 2 2 2 2 2 2 0 2 2 2 2 2 2 2 2 2 2 2 2 0 2 2 2 2 0 2 2 2 2 2 2 2 2 2 2 2 2 2 2 2 2 0 2 2 0 2 2 2 2 2 2 2 2 2 2 2 2 2 2 2 2 0 0 2 2 0 2 2 2 2 2 2 2 2 2 2 2 2 2 0 2 2 2 2 2 2 2 2 2 2 2 2 2 2 2 0 2 2 2 2 2 2 2 2 2 2 2 2 2 2 2 2 2 2 2 2 2 2 2 2 2 2 2 2 2 2 2 2 2 2 2 0 2 0 2 2 2 2 2 2 2 2 2 2 2 2 2 2 2 2 2 2 2 2 2 2 0 2 2 2 2 2 2 2 2 2 2 2 2 2 2 2 2 2 2 2 2 2 2 2 2 2 0 2 2 2 0 2 2 2 2
1281 2 2 2 2 2 0 2 2 2 2 2 2 2 2 0 2 2 2 2 2 2 2 2 2 2 2 2 2 2 2 2 2 2 2 0 2 2 2 2 2 2 2 2 2 2 2 2 2 2 2 2 2 2 2 2 2 2 2 2 2 2 2 2 2 2 2 2 2 2 2 2 2 2 2 2 2 2 2 2 2 2 2 2 2 2 2 2 2 2 0 2 2 2 2 2 2 2 2 2 2 0 2 2 2 2 2 0 2 2 2 2 2 2 2 2 2 2 2 2 2 2 2 2 2 2 2 2 2 2 2 2 2 0 2 2 2 2 2 2 2 2 2 2 2 2 2 2 2 1 2 2 2 2 0 2 2 2 2 2 2 2 2 2 0 2 2 2 2 2 2 2 2 2 2 2 2 2 0 2 2 2 2 2 2 2 2 2 2 0 2 2 2 2 2 2 2 2 2 2 2 2 2 2 2 2 2 2 2 2 2 2 2 2 2 2 2 2 2 2 2 2 2 2 2 2 2 2 0 2 2 2 2 2 0 2 2 2 2 2 2 2 2 2 2 2
1282 2 0 2 2 2 2 0 2 2 2 2 2 2 2 0 2 2 2 2 2 2 2 0 2 2 2 2 2 2 2 2 2 2 0 2 1 0 0 2 2 2 2 2 2 2 2 2 2 2 2 0 2 2 0 0 0 2 0 2 2 0 2 0 2 2 2 0 2 2 2 2 2 2 2 2 2 2 2 2 2 2 2 0 2 2 2 2 2 2 2 2 2 0 2 2 2 0 2 2 2 2 2 0 2 1 2 2 2 2 0 2 0 2 2 2 2 2 2 2 2 2 2 2 2 2 0 2 0 2 2 0 2 2 2 2 2 0 0 2 2 2 2 2 0 2 2 2 2 1 2 0 2 2 2 2 2 2 0 0 0 2 2 2 2 2 2 2 2 2 0 2 0 2 2 2 2 2 2 0 2 2 2 0 2 2 2 2 2 2 2 2 2 2 2 0 2 2 2 2 2 2 2 0 0 2 2 2 2 2 2 2 2 2 2 2 2 0 0 2 2 2 0 2 0 2 0 2 2 0 2 2 0 2 2 2 2 2 2 2 0 2 0 2 2 0
1283 2 1 2 2 2 2 2 0 2 2 2 2 2 2 2 2 2 2 0 2 2 2 0 2 0 2 2 2 2 1 2 2 2 0 2 1 1 0 2 2 2 2 2 2 2 2 2 2 2 2 2 2 2 2 1 1 2 0 2 0 2 2 0 2 2 2 0 2 2 2 2 2 2 2 2 0 2 2 2 2 2 2 2 2 0 2 2 2 2 2 2 2 2 0 2 2 0 2 0 2 2 2 0 2 2 2 2 2 2 1 2 0 2 2 2 2 0 2 2 2 0 2 2 2 0 2 2 0 2 0 2 2 2 2 2 2 0 0 2 2 2 2 2 0 2 1 2 1 2 2 2 2 2 2 2 2 0 0 0 2 2 0 0 2 2 2 0 2 2 2 2 0 2 2 2 1 2 2 2 2 2 2 0 2 2 0 2 2 2 2 2 2 2 2 0 2 0 0 2 2 2 2 0 0 2 2 2 2 2 2 2 2 2 2 0 2 0 0 0 2 2 1 2 2 0 2 2 2 1 2 2 0 2 2 2 2 2 2 2 1 0 0 2 2 0
1284 0 0 0 2 2 0 2 0 0 2 2 2 2 2 0 2 0 2 0 2 2 2 0 2 0 0 0 2 2 0 2 2 0 0 0 0 0 0 0 2 2 0 0 0 2 0 0 0 0 2 2 0 2 0 0 0 2 0 0 0 2 0 0 2 2 2 0 2 2 0 0 2 2 2 0 0 0 2 0 0 0 0 0 0 2 0 0 2 0 0 0 0 2 0 0 0 0 0 0 0 0 0 0 2 0 0 0 0 0 0 0 0 0 0 2 2 0 2 0 0 0 0 2 0 0 2 2 0 0 0 0 2 0 0 0 0 0 0 2 0 0 0 0 0 0 0 0 0 0 1 0 0 0 0 0 0 0 0 0 0 0 0 0 0 0 0 0 1 2 0 0 0 0 0 0 0 2 0 0 0 0 0 0 0 0 0 0 0 0 0 0 0 2 0 0 0 2 2 0 0 0 0 0 0 0 2 0 0 0 0 0 2 0 0 0 2 0 0 0 2 2 0 2 2 0 0 0 0 0 0 0 0 0 0 2 0 0 0 0 0 0 0 0 0 0
1285 2 2 2 0 2 2 2 2 2 0 2 0 2 0 2 2 2 2 2 2 2 2 2 0 2 2 2 2 2 2 0 2 2 2 0 2 2 2 2 2 2 2 0 2 0 2 2 2 2 0 0 2 2 2 2 2 2 2 2 2 0 2 2 0 2 2 2 2 0 2 2 2 2 2 2 2 2 0 2 0 2 2 2 0 2 2 2 2 2 0 2 2 2 2 2 2 2 2 2 2 2 2 2 0 2 2 2 0 2 2 2 2 2 2 0 2 2 2 0 2 2 0 2 2 2 2 2 2 2 2 2 2 2 2 0 2 2 2 2 2 2 2 2 2 2 2 2 2 2 2 2 2 2 2 0 2 2 2 2 2 2 2 2 2 2 2 2 2 2 2 2 2 2 2 2 2 2 2 2 2 2 2 2 2 2 2 0 2 2 2 1 2 2 2 2 2 2 2 2 2 2 2 2 2 0 2 2 2 2 2 2 2 2 2 2 2 2 1 2 2 2 2 2 2 2 2 2 2 2 2 2 2 2 2 2 2 2 2 0 2 2 2 2 2 2
1286 2 2 2 2 2 2 0 2 2 2 2 2 2 2 2 2 2 2 2 2 2 2 0 2 2 2 2 2 2 2 2 2 2 2 0 2 0 0 2 2 2 2 2 2 2 2 2 2 2 2 2 2 2 0 0 0 2 0 2 2 2 2 2 0 2 2 0 2 0 2 2 2 0 2 2 2 2 2 2 2 2 0 2 2 2 2 2 0 0 0 2 2 0 2 2 2 2 2 2 2 2 2 2 2 1 0 2 2 2 2 2 2 2 2 2 0 2 2 0 2 2 0 2 2 2 0 2 2 2 0 2 0 2 2 2 2 2 2 2 2 2 2 2 2 0 2 2 2 2 2 2 2 2 2 2 2 2 2 2 2 2 2 2 2 2 2 2 2 2 2 2 2 2 2 2 2 2 2 2 2 2 2 2 2 2 2 2 2 2 2 2 2 0 2 2 2 2 2 2 0 2 2 2 2 2 2 2 2 2 2 2 2 2 0 2 2 2 1 2 2 2 0 2 0 2 2 2 2 0 2 2 0 2 2 2 2 2 2 0 2 2 2 2 2 2
1287 2 2 2 2 2 0 2 2 2 2 2 2 2 2 2 0 0 2 0 2 2 0 2 2 2 2 0 0 2 0 0 0 2 2 2 2 2 2 2 2 2 0 2 2 2 2 2 2 2 0 2 2 2 2 2 2 2 2 2 0 2 0 2 2 2 2 2 2 2 0 0 2 2 2 0 0 2 2 2 2 2 2 2 0 2 2 2 2 2 2 0 2 2 2 2 2 2 2 2 2 2 0 2 0 2 2 0 0 2 2 0 2 2 0 0 2 2 2 2 2 2 0 2 2 0 2 2 2 2 2 0 2 2 2 2 2 2 2 2 0 2 0 2 2 1 2 2 2 1 2 0 2 0 2 0 2 2 2 2 2 2 2 2 0 2 2 2 2 2 2 0 2 2 2 0 2 2 2 2 0 0 2 2 0 2 2 0 0 0 2 1 0 2 2 2 2 2 1 2 2 2 2 2 0 2 2 0 0 2 2 2 2 2 2 2 2 2 2 2 2 2 2 2 2 2 2 0 2 2 2 0 2 0 2 2 2 2 0 2 2 2 2 2 0 2
1288 2 2 2 2 2 2 2 2 2 2 2 2 2 2 2 2 2 2 2 2 2 2 2 2 2 2 2 2 2 2 2 2 2 2 2 2 2 2 2 2 2 2 2 0 2 2 2 0 2 2 2 2 2 0 2 2 0 2 2 2 2 2 2 2 2 2 2 2 2 2 2 2 2 2 2 2 2 2 2 2 2 0 2 2 2 2 2 2 0 2 2 2 2 2 2 2 2 2 2 2 2 2 2 2 1 2 2 2 2 2 2 2 2 2 2 0 2 0 2 2 2 2 2 0 2 2 2 2 2 2 2 2 2 2 2 2 2 2 2 2 2 2 2 2 0 2 2 2 2 2 2 2 2 2 2 2 2 2 2 2 2 0 2 2 2 2 2 2 0 2 2 2 0 2 2 2 2 2 2 2 2 2 2 2 2 2 2 2 2 2 2 2 2 2 2 2 2 2 2 0 2 2 2 2 2 2 2 2 2 2 2 2 2 0 2 2 2 2 2 2 2 2 2 2 0 2 2 2 2 2 2 2 2 2 2 2 2 2 2 2 2 2 2 2 2
1289 0 2 0 0 2 0 0 0 0 2 0 0 2 2 0 0 0 2 0 2 2 0 0 2 2 0 0 0 2 0 0 0 0 0 0 0 0 0 0 0 0 2 2 0 2 0 0 0 0 0 0 2 0 0 0 0 0 0 0 0 0 2 0 0 0 2 0 0 0 0 0 0 0 0 0 0 0 0 0 2 0 0 2 0 0 0 0 0 0 0 0 0 0 2 0 0 0 2 0 0 0 0 2 0 0 0 0 0 0 2 2 0 0 2 0 0 0 0 0 0 2 0 0 0 0 0 0 0 0 0 0 0 0 0 2 0 0 0 0 0 0 0 0 0 0 2 2 0 0 2 0 0 0 0 0 0 0 0 0 0 0 0 2 0 0 0 0 0 0 0 0 0 0 0 0 0 0 0 0 2 0 2 0 0 0 0 0 0 0 0 0 0 0 2 0 0 1 0 0 0 2 0 0 2 2 0 0 0 0 2 2 0 0 0 0 2 0 0 0 0 0 0 0 0 0 2 0 0 0 0 0 0 2 0 0 0 0 2 0 0 0 0 0 0 0
1290 1 2 0 0 0 0 2 0 0 0 0 0 0 0 0 0 0 0 0 0 0 0 2 0 2 0 0 0 0 0 0 0 0 0 0 0 2 2 0 0 0 0 0 0 0 0 2 0 0 0 0 0 0 0 2 2 0 2 0 0 0 0 0 0 0 0 2 0 0 0 0 1 2 0 0 0 0 0 0 1 0 0 0 0 0 0 0 2 0 0 0 0 2 0 0 0 0 2 0 0 0 0 2 0 0 0 0 0 0 2 0 0 0 0 0 0 0 0 0 0 2 0 2 0 0 2 0 0 0 2 0 2 0 0 2 0 0 0 0 0 2 0 0 0 0 2 0 0 0 1 0 0 0 0 0 0 0 0 0 2 0 0 2 0 0 0 0 0 0 2 2 0 0 0 0 0 0 0 2 0 0 1 0 0 0 0 0 0 0 2 1 0 2 2 0 0 1 0 0 0 2 0 0 0 2 0 0 0 1 2 0 2 0 0 0 0 0 1 0 0 0 2 0 2 0 0 0 0 1 0 0 0 0 0 2 0 0 0 0 0 0 0 0 0 0
1291 2 2 2 2 2 2 2 2 2 2 2 2 2 2 2 2 0 2 2 2 2 2 2 2 2 0 0 2 2 2 2 2 2 2 2 2 2 2 2 2 2 2 2 2 2 2 2 2 2 2 2 2 2 2 2 2 2 2 2 2 2 2 2 2 2 2 2 2 2 2 2 2 2 2 0 2 2 2 0 2 2 2 2 2 2 2 2 2 2 2 0 2 2 2 2 2 2 2 2 2 2 0 2 2 2 2 2 2 2 2 2 2 2 2 2 0 2 2 2 2 2 2 2 2 0 2 2 2 2 2 2 2 2 2 2 2 2 2 2 0 2 2 2 2 2 2 2 2 2 2 2 2 2 2 2 0 2 2 2 2 2 2 2 2 0 2 2 2 2 2 0 2 2 2 2 2 2 2 2 2 0 2 2 0 2 2 2 2 2 2 2 0 2 2 2 2 2 2 2 2 2 0 2 2 2 2 2 2 2 2 0 2 2 2 2 2 2 2 2 2 2 2 2 2 2 2 0 2 2 2 2 2 2 2 2 2 2 2 2 2 2 2 2 2 2
1292 2 0 2 0 2 2 2 2 0 2 2 2 2 2 2 2 2 0 2 2 2 2 2 2 2 2 2 2 0 2 2 2 2 2 0 2 2 2 2 2 0 2 2 2 2 2 2 2 2 2 2 2 2 2 2 2 2 2 2 0 2 2 2 0 2 2 2 2 0 2 2 2 2 2 2 2 2 2 2 2 2 2 2 0 2 2 2 2 2 0 2 2 2 2 2 2 2 2 2 2 2 2 0 2 2 2 2 2 2 0 2 2 2 2 2 2 2 2 0 2 2 2 2 2 2 2 2 2 2 2 2 2 2 2 2 2 2 2 2 2 2 2 2 2 2 2 2 2 2 2 0 2 0 2 2 2 2 2 2 2 2 0 2 2 2 2 2 2 2 2 0 2 2 2 2 0 2 2 2 2 2 2 2 2 2 2 2 2 2 2 2 2 2 2 2 2 2 2 2 2 2 2 2 2 2 2 2 2 2 2 2 2 2 2 2 2 2 1 2 2 2 2 2 2 0 2 2 2 2 2 2 2 2 2 2 2 2 2 0 2 2 2 2 2 2
1293 2 2 2 2 2 2 2 2 2 2 2 2 2 2 0 2 2 2 2 2 2 2 2 2 2 2 2 2 2 2 2 2 0 0 2 0 2 2 2 2 2 2 2 2 2 2 2 2 2 2 2 2 2 2 2 2 2 2 2 2 2 2 2 2 2 2 2 2 2 2 2 2 2 2 2 2 2 2 2 2 2 2 2 2 2 2 2 2 2 2 2 2 2 2 0 0 0 2 2 2 2 2 2 2 2 2 2 2 0 2 2 2 2 2 2 2 2 2 2 0 0 2 2 2 2 2 2 0 2 2 2 2 0 0 2 2 2 0 2 2 2 2 2 0 2 2 2 0 1 2 2 2 2 2 2 2 2 2 0 2 2 2 2 2 2 2 2 2 2 2 2 2 2 2 2 2 2 2 2 2 2 2 0 2 2 2 2 2 2 2 2 2 2 2 0 2 2 2 2 2 2 2 2 2 2 2 2 2 2 2 2 2 2 2 2 2 2 2 2 2 2 2 2 2 2 2 2 2 2 2 2 2 2 2 2 2 2 2 2 0 2 2 2 2 0
1294 2 2 2 2 2 2 0 2 2 2 2 2 2 2 2 0 0 2 2 2 2 2 2 2 2 0 0 2 2 2 2 2 2 2 0 1 2 2 2 2 2 2 0 2 2 2 2 2 2 0 2 0 2 0 2 2 2 2 2 2 2 2 2 2 2 2 2 2 2 0 0 2 2 2 0 2 2 2 0 2 0 2 2 2 2 0 2 2 0 0 0 2 2 0 2 2 2 0 2 2 0 0 2 2 2 2 2 2 2 2 2 2 0 2 2 2 2 2 2 2 2 2 2 2 2 0 2 2 0 2 2 0 2 2 2 0 0 0 2 0 2 0 0 2 2 2 0 0 2 1 2 0 0 0 0 0 2 0 2 2 0 2 2 0 0 0 0 2 2 2 2 2 0 2 2 2 2 0 2 2 0 0 2 0 2 0 2 2 0 2 2 0 2 2 2 0 1 2 0 2 0 2 2 0 2 2 2 2 2 0 2 0 2 2 2 2 2 2 2 2 2 2 2 0 2 2 0 0 2 2 2 2 2 0 0 2 2 2 2 2 2 0 0 0 0
1295 2 2 2 2 2 0 2 2 2 2 2 2 2 2 2 2 2 2 2 2 2 2 2 2 2 2 2 2 2 2 2 2 2 2 2 2 2 2 2 2 2 2 2 2 2 2 2 2 2 2 2 2 2 2 2 2 2 2 2 0 2 2 2 2 2 2 2 2 2 2 2 0 2 2 2 2 2 2 2 2 2 2 2 2 2 2 2 2 2 2 2 2 2 2 2 2 2 2 2 2 2 2 2 2 2 2 2 2 2 2 2 2 2 2 2 0 0 2 2 2 2 2 0 2 0 2 2 2 2 2 2 2 2 2 2 2 2 2 0 2 2 2 2 2 2 2 2 2 1 2 2 2 2 2 2 2 2 2 2 2 2 2 2 2 2 2 2 1 2 2 2 2 2 2 2 2 0 2 2 2 2 2 2 2 2 2 2 2 2 2 2 2 2 2 2 2 2 2 2 2 2 0 0 2 2 0 2 0 2 2 2 2 2 2 2 2 0 2 2 0 2 2 2 2 2 2 2 2 2 2 0 2 2 2 2 2 2 2 2 2 0 2 2 2 2
1296 2 2 2 2 2 2 2 2 2 0 2 0 2 2 2 2 2 2 0 2 2 2 2 2 2 2 2 2 2 0 2 2 2 2 2 2 2 2 2 2 2 0 2 2 0 2 2 2 2 2 2 2 0 2 2 2 2 2 2 2 2 2 2 2 2 2 2 0 2 2 2 2 2 0 2 0 2 0 2 2 2 2 2 0 2 2 2 2 0 2 2 2 2 2 2 2 2 2 2 2 2 2 2 2 2 2 2 2 2 2 0 2 2 2 2 2 2 2 2 2 0 0 2 2 2 2 2 2 2 2 2 2 2 2 2 2 2 2 2 2 2 2 2 0 2 0 2 2 2 1 2 2 2 2 2 2 2 2 0 2 2 0 2 2 2 2 2 2 2 2 2 2 2 2 2 2 2 2 2 2 2 2 2 2 2 2 2 2 2 2 2 2 2 2 2 2 2 2 2 2 2 2 2 2 2 2 2 2 2 2 2 2 2 2 2 2 2 2 2 2 2 2 0 2 0 2 2 2 2 2 2 2 2 2 2 0 2 2 2 2 2 2 2 2 2
1297 2 2 2 2 2 2 2 2 2 2 2 2 2 0 2 2 2 2 2 2 2 0 2 0 2 2 2 0 2 2 2 0 2 2 2 2 2 2 2 2 0 2 2 0 2 2 2 2 2 2 2 2 0 2 2 2 2 2 2 2 2 2 2 0 0 2 2 0 2 2 2 2 2 0 2 2 2 2 2 0 2 2 2 2 2 2 2 2 2 2 2 2 2 2 2 2 2 2 2 2 2 2 2 2 2 2 2 2 2 2 2 2 2 2 2 2 2 0 2 2 0 2 2 0 2 2 0 2 2 2 0 2 2 2 0 2 2 2 0 2 2 2 2 2 2 2 2 2 2 1 2 2 2 2 2 2 2 2 2 2 2 2 2 2 2 2 2 1 0 2 2 2 2 2 2 2 0 2 2 2 2 2 2 2 2 2 2 2 2 2 2 2 2 2 2 2 2 2 2 2 2 2 2 2 0 0 2 2 2 2 2 2 2 2 2 2 2 2 2 0 2 2 0 2 2 2 2 2 2 2 2 2 2 2 2 2 2 2 2 2 2 2 2 2 2
1298 0 0 0 0 2 0 0 0 0 0 0 2 2 0 0 0 2 0 0 0 0 0 0 0 0 0 2 0 0 0 2 0 0 0 0 1 2 0 0 0 0 0 0 0 0 0 0 0 0 0 2 0 0 0 0 0 0 0 0 2 2 0 0 0 0 2 0 0 2 0 0 0 0 0 2 0 0 2 0 0 0 0 2 0 0 0 0 0 0 0 0 0 0 0 0 0 0 0 0 0 0 0 0 2 0 0 2 2 0 0 0 0 0 0 2 0 0 0 0 0 0 0 0 0 0 0 0 0 0 2 0 2 0 0 0 0 0 0 0 0 0 0 0 0 2 0 0 0 0 0 0 0 0 0 0 0 0 0 0 0 0 0 0 0 0 0 0 0 0 0 0 0 0 0 0 0 0 0 0 0 0 0 0 2 0 0 0 0 0 0 0 0 0 0 0 2 0 0 0 0 0 0 0 0 0 0 0 0 0 0 0 0 0 2 0 2 0 1 0 0 0 0 0 0 0 2 0 0 0 0 0 0 0 0 0 0 0 0 0 0 0 0 0 0 0
1299 2 0 2 0 2 2 0 0 2 0 2 2 2 2 0 2 2 2 2 2 0 2 0 2 0 2 2 2 2 2 2 2 2 0 2 2 2 0 2 2 2 2 2 2 0 2 0 2 2 1 2 0 2 0 0 0 2 0 2 2 2 2 0 2 2 2 0 2 2 0 2 2 2 2 2 2 2 2 2 2 0 2 2 0 0 2 1 0 0 2 2 2 2 2 0 2 0 2 0 2 0 0 0 2 0 0 2 2 0 0 2 0 0 2 2 2 0 2 0 2 0 0 2 2 2 0 2 0 2 2 2 2 0 2 2 2 2 2 2 2 2 2 2 0 2 2 0 2 1 2 2 2 0 0 0 2 0 2 0 2 2 2 0 0 2 2 2 1 2 2 2 0 2 0 0 0 2 0 2 2 2 2 0 2 0 2 0 0 2 2 1 2 0 0 0 2 2 0 2 0 2 2 0 0 2 2 0 0 0 2 2 2 2 2 0 2 0 1 0 2 2 0 2 0 2 2 2 2 0 0 0 2 2 2 2 2 0 2 0 0 0 2 0 2 0
1300 0 2 2 2 2 2 2 2 2 2 2 2 2 2 2 2 2 2 2 2 2 2 2 2 2 2 2 2 2 2 2 2 2 2 2 2 2 2 0 2 2 0 0 2 2 2 0 0 2 2 2 0 2 0 2 2 2 2 2 2 2 2 2 2 2 2 2 2 2 2 0 2 2 2 2 2 2 2 2 2 2 2 2 2 2 2 2 2 2 2 2 0 2 2 2 2 2 2 2 2 2 2 2 2 1 2 2 2 2 2 0 2 2 2 2 2 2 2 2 2 2 2 2 2 2 2 2 2 2 2 2 2 2 2 2 2 2 2 2 2 0 2 2 2 2 2 0 2 2 2 2 2 0 2 2 2 2 2 2 0 2 2 2 2 2 2 2 2 2 0 2 2 2 2 2 2 2 2 0 2 2 2 2 2 0 2 2 2 2 0 1 2 2 2 2 2 2 2 2 2 2 2 2 2 2 2 2 2 0 2 2 2 2 2 2 2 2 2 2 2 2 2 2 2 2 2 2 2 2 2 2 2 2 2 2 2 2 2 2 2 2 2 2 2 2
1301 2 2 2 2 2 2 2 2 2 2 2 0 2 2 2 2 2 2 2 2 2 2 2 2 2 2 2 2 2 2 2 2 2 2 2 2 2 2 2 2 2 2 2 0 2 2 2 2 2 2 0 2 2 2 2 2 2 2 2 2 0 2 2 2 2 2 2 0 2 2 2 0 2 2 2 2 2 0 2 0 2 0 2 2 2 2 2 2 0 2 2 2 2 2 2 2 2 0 2 2 2 2 2 2 2 2 2 2 0 2 2 2 2 2 2 0 2 0 2 2 2 2 0 0 0 2 0 0 2 2 0 2 2 2 0 2 2 2 2 2 2 0 2 2 0 2 2 2 2 1 2 2 2 2 2 2 2 2 2 2 2 2 2 2 2 0 2 2 2 2 2 2 2 2 2 2 2 2 2 2 2 0 2 2 2 2 2 2 2 2 2 2 2 2 2 2 2 2 2 1 0 2 2 2 0 2 2 2 2 0 2 2 2 0 2 2 2 2 2 2 2 2 0 2 2 2 2 2 2 2 2 0 2 2 2 2 2 2 2 0 2 2 2 2 2
1302 2 2 2 2 2 0 0 2 2 2 2 2 2 2 0 2 2 2 2 2 2 2 0 2 2 2 2 2 2 2 2 2 2 0 2 2 2 0 2 2 2 2 2 2 2 2 2 2 2 2 2 2 2 2 0 0 0 0 2 2 2 2 2 2 2 2 0 2 2 0 2 2 2 2 2 2 2 2 2 2 2 2 2 2 0 2 2 0 2 2 2 2 2 2 2 2 0 2 2 2 2 2 2 2 2 2 2 2 2 2 2 2 2 2 2 2 0 2 0 2 2 2 2 2 2 0 2 2 2 2 2 2 0 2 2 2 2 2 2 2 2 2 2 2 2 2 2 2 1 2 2 2 2 2 0 0 2 0 2 2 2 2 2 2 2 2 2 2 2 2 2 2 2 2 2 2 2 2 2 2 2 2 0 2 2 2 2 2 2 2 2 2 0 2 2 2 2 2 2 2 2 2 0 2 2 2 2 0 2 2 2 2 2 2 2 2 0 2 2 2 2 2 2 0 2 2 2 2 2 0 0 2 2 2 2 0 2 2 0 2 0 2 2 2 2
1303 2 2 2 2 2 2 2 2 2 2 2 2 2 2 2 2 2 2 2 2 2 2 2 2 0 0 2 2 2 2 2 2 2 2 2 2 0 2 2 2 2 2 2 2 2 2 2 2 2 2 2 2 2 2 2 2 2 2 2 2 2 2 0 2 2 2 2 2 2 2 2 2 2 2 2 2 2 2 2 2 2 2 0 2 2 2 2 2 2 2 2 2 0 2 2 2 2 2 2 2 2 2 2 2 2 2 2 2 2 2 2 0 2 2 2 2 2 2 2 2 2 2 2 2 2 2 2 2 2 2 2 2 2 2 2 2 2 0 2 2 2 2 2 2 2 2 2 2 2 2 0 2 2 2 2 2 2 2 2 2 2 2 0 2 2 2 2 2 2 2 0 0 2 2 2 2 2 2 2 2 2 2 2 2 2 2 0 2 2 2 1 2 2 2 2 2 2 0 2 2 2 2 2 2 2 2 0 2 2 2 2 2 2 2 0 2 2 1 0 2 2 0 2 2 2 0 2 2 0 2 2 2 2 2 2 2 2 2 2 2 2 2 2 2 2
1304 2 2 0 0 2 0 0 2 0 0 0 0 2 2 0 0 2 2 2 2 2 2 0 2 2 0 2 2 2 2 2 2 2 0 2 2 2 0 2 2 2 2 0 2 0 0 0 2 0 2 0 0 2 0 0 0 2 0 0 2 0 2 0 2 2 2 0 0 0 0 0 2 2 2 2 2 0 0 2 2 2 2 2 0 0 2 0 0 2 2 2 2 2 2 2 2 0 2 2 0 2 2 2 2 2 2 2 2 2 2 2 0 2 2 2 2 0 2 0 2 0 2 2 2 2 0 2 0 2 0 2 0 0 2 0 2 2 2 2 2 2 2 2 0 2 2 0 2 1 2 2 2 2 2 0 0 2 2 0 2 2 2 2 2 2 2 2 2 0 2 2 0 2 2 2 2 2 2 2 2 2 2 0 2 2 2 2 2 2 2 2 2 0 2 2 2 2 2 2 2 2 2 0 2 0 2 2 0 0 2 2 2 0 2 2 2 0 1 2 2 2 0 0 0 2 2 2 2 0 0 0 2 2 2 2 2 2 2 0 2 0 2 2 2 2
1305 2 0 0 0 2 0 0 0 0 0 0 0 2 0 0 0 2 2 2 0 2 0 0 0 2 0 2 0 2 2 2 0 0 0 0 1 0 0 2 2 0 2 0 0 0 0 0 2 0 2 0 0 0 0 0 0 0 0 0 2 0 0 0 2 2 2 0 0 0 0 0 0 2 0 2 2 0 0 2 0 0 0 0 0 0 0 0 0 0 0 0 2 0 0 2 0 0 0 0 0 2 0 0 2 0 0 2 2 0 0 2 0 0 0 2 0 0 0 0 0 0 2 0 0 0 0 0 0 0 0 0 0 0 0 0 0 0 2 2 2 2 0 2 0 0 0 0 2 1 0 0 2 0 2 0 0 2 0 0 0 0 0 2 0 0 0 0 2 0 0 0 0 0 2 0 0 2 2 0 0 0 0 0 2 2 0 0 0 0 2 1 0 0 0 0 2 2 0 0 0 0 0 0 0 0 2 0 0 0 0 2 0 0 0 0 2 0 0 0 2 2 0 0 0 0 0 0 0 0 0 0 0 0 0 0 2 0 0 0 0 0 0 0 0 2
1306 2 2 2 2 2 0 2 2 2 2 2 2 2 2 0 2 2 2 2 2 2 2 2 2 2 2 2 2 2 2 2 2 2 0 2 2 2 2 2 2 2 2 2 2 2 2 2 2 2 2 2 2 2 2 2 2 2 2 2 2 2 2 2 2 2 2 2 2 2 2 2 2 2 2 2 2 2 2 2 2 2 2 2 2 2 2 2 2 2 2 2 2 2 2 0 2 2 2 2 2 2 2 2 2 2 2 2 2 2 2 2 2 2 2 2 2 0 2 0 2 2 2 2 2 2 2 2 2 2 2 2 2 0 2 2 2 2 2 2 2 2 2 2 2 2 2 2 2 0 2 2 2 2 2 2 2 0 2 2 2 2 2 2 2 2 2 0 1 2 2 2 2 2 2 2 2 2 2 2 2 2 2 0 2 2 2 2 2 2 2 2 2 2 2 2 2 2 2 2 2 2 2 0 2 2 2 2 0 2 2 2 2 2 2 2 2 0 2 2 2 2 2 2 2 2 2 2 2 2 2 0 2 2 2 2 2 2 2 0 2 0 2 2 2 2
1307 2 0 0 0 0 2 2 0 0 0 2 2 0 0 2 0 0 2 2 2 2 0 0 0 2 0 0 0 2 2 2 0 2 2 0 2 2 2 2 2 2 2 2 0 0 0 0 2 0 0 2 0 0 0 0 0 0 2 0 0 2 0 2 2 2 0 2 2 2 2 0 2 2 0 0 2 0 2 0 0 0 2 2 2 2 0 0 0 2 0 0 2 0 2 2 2 0 0 0 0 0 0 0 2 0 0 0 0 2 0 2 2 0 0 2 2 2 0 2 2 2 2 2 0 2 2 0 2 0 2 2 2 2 2 2 0 0 2 2 2 2 0 2 0 0 0 0 0 2 0 2 0 2 0 2 0 2 0 0 2 0 0 2 0 0 0 0 2 0 2 0 0 2 0 0 0 2 0 2 0 0 0 2 0 0 0 2 0 0 2 2 0 0 0 0 0 0 0 2 0 0 0 2 0 2 2 2 2 0 2 0 2 0 0 2 0 2 1 2 2 2 0 2 2 0 2 0 0 0 2 2 0 0 0 2 0 0 0 2 2 2 0 0 0 0
1308 2 2 2 2 2 2 2 2 2 2 2 2 2 2 2 2 2 2 2 2 2 2 2 2 2 2 2 2 2 2 2 2 2 2 2 2 2 2 2 2 2 2 2 2 2 2 2 2 2 2 2 2 2 2 2 2 2 2 2 2 2 2 2 2 2 2 2 2 2 2 2 2 2 2 2 2 2 2 2 2 0 2 2 2 2 0 2 2 2 2 2 2 2 2 2 2 2 2 2 2 0 2 2 2 2 2 2 2 2 2 2 2 0 2 2 2 2 2 2 2 2 2 2 2 2 2 2 2 0 2 2 2 2 2 2 0 2 2 2 2 2 2 2 2 2 0 2 2 2 2 2 2 2 2 2 0 2 0 2 2 0 2 2 2 2 0 2 2 2 2 2 2 2 2 2 2 2 2 2 2 0 2 2 2 2 0 2 2 0 2 2 0 2 2 0 2 2 0 2 2 2 2 2 2 2 2 2 2 2 2 0 2 2 2 2 2 2 2 2 2 2 2 2 2 2 2 0 0 2 2 2 2 2 2 2 2 2 2 2 2 2 2 2 2 0
1309 2 0 0 0 0 2 2 0 0 0 2 2 0 0 2 0 0 2 2 2 2 0 0 0 2 0 0 0 2 2 2 0 2 2 0 1 2 2 2 2 2 2 2 0 0 0 0 2 0 0 2 0 0 0 0 0 0 2 0 0 2 0 2 2 2 0 2 2 2 2 0 2 2 0 0 2 0 2 0 0 0 2 2 2 2 0 0 0 2 0 0 2 0 2 2 2 0 0 0 0 0 0 0 2 0 0 0 0 2 0 2 2 0 0 2 2 2 0 2 2 2 2 2 0 2 2 0 2 0 2 2 2 2 2 2 0 0 2 2 2 2 0 2 0 0 0 0 0 2 0 2 0 2 0 2 0 2 0 0 2 0 0 2 0 0 0 0 2 0 2 0 0 2 0 0 0 2 0 2 0 0 0 2 0 0 0 2 0 0 2 2 0 0 0 0 0 0 0 2 0 0 0 2 0 2 2 2 2 0 2 0 2 0 0 2 0 2 1 2 2 2 0 2 2 0 2 0 0 0 2 2 0 0 0 2 0 0 0 2 2 2 0 0 0 0
1310 2 0 0 0 0 0 0 0 0 0 2 2 0 0 0 2 0 2 2 2 2 0 0 0 0 0 0 0 2 2 2 0 2 0 0 0 2 0 2 2 2 2 2 0 0 0 2 2 0 0 2 2 0 0 0 0 0 0 0 0 2 0 2 2 0 0 0 0 2 0 2 2 2 0 0 2 0 2 2 0 2 2 2 0 2 0 0 0 2 0 0 2 0 2 0 2 0 0 0 0 2 0 0 2 1 0 0 2 2 0 2 2 2 0 2 2 0 2 0 2 0 2 2 0 2 0 0 0 2 2 2 0 0 2 2 0 0 2 2 2 2 0 0 0 0 2 2 0 0 0 2 0 2 0 0 0 0 2 0 0 2 0 0 0 0 0 0 1 0 0 0 2 2 0 0 0 2 0 0 0 0 0 0 0 0 2 2 0 2 2 2 0 0 0 2 0 2 0 0 1 0 2 0 2 2 2 2 0 2 2 0 2 0 0 2 0 0 1 2 2 2 0 0 0 0 2 0 2 0 0 0 0 0 0 2 0 0 0 0 0 0 0 0 0 2
1311 2 2 2 2 2 2 2 2 2 2 2 2 2 2 2 2 2 2 2 2 2 2 2 2 2 2 2 2 2 2 2 2 2 2 0 1 0 2 2 2 2 2 2 2 2 2 2 2 2 2 2 2 2 2 2 2 2 2 2 2 2 2 0 2 2 2 2 2 2 2 2 2 2 2 2 2 2 2 2 2 2 2 0 2 2 2 2 2 2 0 2 2 2 2 2 2 2 2 2 2 2 0 2 2 2 2 2 2 2 2 2 0 2 2 2 2 2 2 2 2 2 2 2 2 2 2 2 2 2 2 2 0 2 2 2 2 2 2 2 2 2 0 2 2 2 2 2 2 2 2 2 2 2 2 2 2 2 2 2 2 2 0 2 2 2 2 0 2 2 2 0 2 2 2 0 2 2 2 2 2 2 2 2 2 2 2 0 2 2 2 2 2 2 2 2 2 2 2 2 2 2 2 2 2 2 2 0 2 2 2 2 2 2 2 2 2 2 1 2 2 2 2 2 2 0 0 2 2 2 2 2 2 2 0 2 2 2 2 2 2 2 2 0 2 2
1312 2 2 2 2 2 2 2 2 0 2 2 2 2 2 2 2 2 2 0 2 2 2 2 2 2 2 2 2 2 0 2 2 2 2 2 2 2 2 2 2 2 2 2 2 2 2 2 2 2 2 2 2 2 2 2 2 2 2 2 2 2 2 2 2 2 2 2 2 2 2 2 2 2 2 2 0 2 2 2 2 0 2 2 2 2 2 2 2 2 2 2 2 2 2 2 2 2 2 2 2 2 2 2 2 2 2 2 2 2 2 2 2 0 2 2 2 2 2 2 2 2 2 2 2 2 2 2 2 0 2 2 2 2 2 2 2 2 2 2 0 2 2 0 2 2 0 2 0 2 1 2 0 2 2 2 0 2 0 2 2 0 2 2 2 2 0 2 2 0 2 2 2 0 2 2 2 2 2 2 2 2 2 2 2 2 0 2 0 0 2 2 2 2 2 0 2 2 0 0 2 2 0 2 2 2 2 2 2 2 2 0 2 2 2 2 2 2 2 2 2 2 2 2 2 2 2 2 2 2 2 2 2 2 2 2 2 2 2 2 2 2 2 2 2 2
1313 2 2 0 0 2 2 2 0 2 2 2 2 2 2 2 2 2 2 2 2 2 2 2 2 2 2 2 2 2 2 2 2 2 2 2 2 0 2 2 2 0 2 0 2 2 0 2 2 0 0 2 2 0 2 2 2 2 2 0 0 2 0 0 2 2 2 2 2 2 2 2 2 2 0 2 2 0 2 2 2 2 2 0 2 2 2 0 2 2 2 2 2 2 2 2 2 0 2 0 0 2 2 2 2 1 2 2 2 2 2 2 0 2 0 2 2 2 2 2 2 2 2 2 2 2 2 2 2 2 2 0 0 2 2 2 2 2 0 2 0 2 2 0 2 2 2 2 0 2 0 2 0 0 2 2 2 2 2 2 2 2 2 2 2 2 0 2 2 0 2 2 2 0 0 2 2 2 2 2 0 2 2 2 2 0 0 0 0 2 2 2 2 2 2 2 2 2 2 2 2 2 0 2 2 2 2 0 2 2 2 0 2 0 2 2 2 2 1 2 2 0 2 2 2 2 0 2 2 2 0 2 2 0 2 2 0 2 0 2 2 2 2 2 2 2
1314 2 2 2 0 0 2 2 2 2 2 2 2 0 2 2 2 2 2 2 2 2 0 2 2 2 0 2 0 2 2 2 0 2 2 2 1 2 2 2 2 2 2 2 0 2 2 0 2 2 2 2 2 2 0 2 2 0 2 2 2 2 2 2 2 2 0 2 2 2 2 0 2 2 2 2 2 2 2 2 2 2 2 2 2 2 2 2 2 0 2 2 2 0 2 2 2 0 2 2 2 2 2 2 2 2 2 0 2 2 2 2 2 2 2 2 2 2 2 2 2 2 2 2 0 2 2 2 2 2 2 2 2 2 2 2 2 0 2 2 0 2 0 0 0 2 0 2 2 2 1 2 2 2 0 2 2 2 2 0 0 0 0 2 2 2 0 2 2 2 0 0 2 2 0 0 2 2 0 0 2 0 2 2 2 2 2 2 2 2 2 2 0 2 2 2 2 2 0 0 2 2 2 2 2 2 2 2 2 0 2 0 2 2 2 2 0 2 2 2 2 2 2 2 2 0 2 0 2 2 2 2 0 2 0 2 2 2 2 2 2 2 0 2 0 2
1315 2 2 2 2 0 2 2 2 0 2 2 2 0 2 2 2 2 2 2 2 0 2 2 2 2 2 2 2 2 2 2 2 2 2 2 2 2 2 2 0 0 2 0 2 2 2 0 2 2 2 0 2 0 2 2 2 2 2 2 2 0 2 2 2 2 0 2 0 2 2 2 2 2 0 2 2 2 2 2 2 2 0 2 2 2 2 2 2 2 2 2 2 2 2 2 2 2 0 2 2 2 2 2 2 0 0 2 2 2 2 2 2 2 2 2 2 2 2 2 2 2 0 2 2 0 2 0 2 2 2 0 2 2 2 2 2 2 2 2 2 2 2 2 0 2 2 2 2 2 1 2 2 2 2 2 2 2 2 0 2 0 2 2 2 2 2 2 2 2 2 0 2 2 2 2 2 2 2 2 2 2 2 2 2 2 2 2 2 2 2 2 2 2 2 2 2 2 2 2 1 0 2 2 2 2 2 2 2 0 0 2 2 2 2 2 2 2 2 2 2 2 2 0 2 2 2 2 2 2 2 2 2 2 2 2 2 0 2 2 2 2 2 2 2 2
1316 2 0 2 0 2 0 2 2 0 2 2 2 2 2 0 2 0 2 2 2 2 1 0 2 0 2 0 1 2 2 2 2 0 0 0 0 2 0 2 2 0 2 0 0 2 2 0 2 2 2 0 0 2 0 0 0 0 0 2 2 0 2 2 2 2 2 0 0 2 2 0 2 2 2 0 2 2 2 0 0 0 2 2 2 0 0 2 0 2 0 0 2 0 0 0 0 2 0 2 2 0 0 0 2 2 0 2 0 0 0 2 2 2 2 2 2 0 0 0 0 0 2 2 0 2 2 0 2 2 0 0 2 0 0 0 0 0 0 2 0 2 2 0 2 0 2 0 2 0 0 0 0 0 2 2 2 2 2 2 2 2 0 0 0 0 0 2 2 0 2 2 0 0 2 2 2 2 2 2 2 0 0 0 0 2 2 0 0 0 2 1 0 0 0 0 0 0 2 0 1 0 0 0 0 0 2 0 0 0 0 0 0 2 0 0 2 0 2 0 2 0 2 0 2 0 2 0 2 2 2 0 2 2 0 0 2 0 2 0 0 0 0 0 2 0
1317 2 0 0 0 0 0 0 0 0 2 2 0 0 0 0 0 0 2 0 0 0 0 0 0 0 0 0 0 2 0 0 0 0 0 0 0 0 0 2 0 0 2 0 0 2 0 0 2 0 2 0 0 0 0 0 0 0 0 0 0 0 2 0 0 0 0 0 0 0 0 0 0 0 0 0 0 0 0 0 0 0 0 0 0 0 0 0 0 0 0 0 2 0 0 0 0 0 0 0 0 0 0 0 0 0 0 0 0 0 0 2 0 0 2 0 2 0 0 0 0 0 0 2 0 0 0 0 0 0 0 0 0 0 0 0 0 0 0 0 0 2 0 0 0 0 0 0 0 0 0 0 0 0 0 0 0 0 0 0 0 0 0 0 0 0 0 0 0 0 0 0 0 0 0 0 0 0 0 0 2 0 0 0 0 0 0 0 0 0 2 1 0 0 0 0 0 0 0 0 0 0 0 0 0 0 0 0 0 0 0 0 0 0 0 0 0 0 0 0 0 0 0 0 0 0 0 0 0 0 0 0 0 2 0 0 0 0 2 0 0 0 0 0 0 0
1318 2 2 0 2 2 2 2 2 0 2 0 2 2 0 0 2 0 0 0 0 2 2 2 0 2 2 0 2 0 0 2 2 2 2 2 1 2 2 2 2 0 2 2 2 2 0 2 2 0 2 2 2 2 0 2 2 2 2 0 2 2 2 2 2 0 2 2 2 2 2 2 0 2 2 0 0 0 2 2 0 2 2 2 0 2 0 0 2 2 2 0 2 2 0 2 2 0 0 2 0 0 2 2 2 2 0 2 2 2 2 2 2 2 2 2 2 0 2 2 2 2 2 2 2 0 2 0 2 2 2 2 2 0 2 0 0 2 2 2 0 2 2 0 2 2 2 2 2 1 0 2 2 2 2 2 2 2 2 2 2 2 2 2 0 0 0 2 2 2 2 2 0 0 2 2 2 2 2 2 2 2 0 0 0 2 2 0 2 0 0 0 2 2 0 0 0 2 2 0 2 0 0 2 0 0 2 0 2 2 0 2 0 0 2 2 2 2 2 2 2 2 2 2 2 2 2 2 2 0 2 2 2 2 2 0 0 0 2 2 2 0 0 2 2 0
1319 2 0 0 0 0 0 0 0 0 2 0 0 0 2 0 0 0 0 0 0 0 0 0 2 0 0 0 0 0 0 0 0 0 0 0 0 0 0 0 0 0 2 0 0 2 0 0 2 0 0 0 0 0 0 0 0 0 0 0 0 0 2 0 0 0 0 0 0 0 0 0 0 0 0 0 0 0 0 0 0 0 0 0 0 0 0 0 0 0 0 0 0 0 0 0 0 0 0 0 0 0 0 0 0 0 0 0 0 0 0 2 0 0 2 0 0 0 0 0 0 0 2 0 0 0 0 0 0 0 0 0 0 0 0 0 0 0 0 0 0 2 0 0 0 0 0 0 0 0 0 0 0 0 0 0 0 0 0 0 0 0 0 0 0 0 0 0 0 0 0 0 0 0 0 0 0 0 0 0 2 0 0 0 0 0 0 0 0 0 2 2 0 0 0 0 0 0 0 0 0 0 0 0 0 0 0 0 0 0 0 0 0 0 0 0 0 0 0 0 0 0 0 0 0 0 0 0 0 0 0 0 0 2 0 0 0 0 2 0 0 0 0 0 0 0
1320 2 2 2 2 2 2 2 2 2 2 2 2 2 2 2 2 2 2 2 2 2 2 0 2 2 2 2 2 2 2 2 2 2 0 2 2 2 0 2 2 2 2 2 2 2 2 2 2 2 2 2 2 2 2 0 0 2 0 2 2 2 2 2 2 2 2 0 2 2 2 2 2 2 2 2 2 2 2 0 2 2 2 2 2 2 2 2 0 2 2 2 2 2 2 2 2 2 2 2 2 2 2 2 2 2 2 2 2 2 2 2 2 2 2 2 2 2 2 2 2 2 2 2 2 2 2 2 2 2 2 2 2 0 2 2 2 2 2 2 2 2 2 2 2 2 2 2 2 2 2 2 0 2 2 0 2 2 2 2 2 2 2 2 2 2 2 2 2 2 2 2 2 2 2 2 2 2 2 2 2 2 2 2 2 2 2 2 2 2 2 2 2 0 2 2 2 2 2 2 2 2 2 0 2 2 2 2 0 2 2 2 0 2 2 2 2 0 2 2 2 2 2 2 2 2 2 2 2 2 2 0 2 2 2 0 2 2 2 2 2 2 2 2 2 2
1321 2 0 2 0 0 0 2 0 0 2 2 0 0 2 2 2 0 2 2 2 2 0 0 2 2 0 0 0 2 2 2 0 0 0 2 0 0 0 2 2 2 2 2 2 2 2 2 2 2 2 0 2 2 0 0 0 2 0 2 2 0 2 0 2 0 0 0 0 2 2 2 2 2 2 0 2 2 0 0 2 0 2 2 0 2 0 2 0 2 2 0 2 2 2 2 0 2 0 0 2 0 0 0 2 2 2 0 2 2 0 2 0 0 2 2 2 0 0 2 0 0 2 2 2 2 2 2 0 0 2 0 2 0 0 2 0 0 0 2 0 2 0 0 0 2 0 2 0 1 2 0 0 2 0 0 0 0 0 0 2 2 2 2 0 0 0 0 2 2 2 0 0 0 0 0 0 2 0 2 2 0 0 0 0 0 2 2 2 0 2 2 0 0 0 0 0 0 2 0 2 0 0 0 0 2 2 0 0 2 2 2 0 2 2 0 2 0 2 0 2 2 2 0 2 2 2 0 0 0 2 0 0 2 0 0 2 2 2 2 0 0 0 0 0 0
1322 2 0 2 2 2 2 2 0 2 2 2 2 2 2 2 2 2 2 2 2 2 2 2 2 2 2 2 2 2 2 2 2 2 2 0 2 2 2 2 2 2 2 2 2 2 2 2 2 2 2 2 2 2 2 2 2 2 2 2 2 2 2 2 2 2 2 2 2 2 2 2 2 2 2 2 2 2 2 2 2 2 2 2 2 2 2 2 2 2 0 2 2 2 2 2 2 2 2 0 2 2 0 0 2 2 2 2 2 2 0 2 2 2 2 2 2 0 2 2 2 2 2 2 2 2 2 2 2 0 2 2 2 2 2 2 2 0 0 2 2 2 2 2 2 0 2 2 2 2 2 2 2 2 2 2 2 2 2 2 2 0 2 2 2 2 2 2 2 2 2 2 0 2 2 2 2 2 2 2 2 0 2 2 2 2 2 2 0 2 2 2 0 2 2 2 0 2 2 2 2 2 0 0 2 2 2 2 0 2 2 2 0 2 0 2 2 0 2 2 2 0 2 2 2 2 2 0 2 2 2 0 2 2 2 0 2 2 2 2 0 0 2 2 0 2
1323 0 0 0 0 0 0 0 2 0 0 0 2 0 0 0 2 2 0 0 0 2 0 2 0 0 2 0 0 0 0 0 0 0 0 0 0 2 0 0 0 0 0 0 2 0 0 2 0 0 2 0 2 0 0 2 2 0 0 0 0 0 0 0 0 0 0 0 0 0 0 2 0 0 0 2 0 0 2 0 0 0 2 0 0 2 0 0 2 0 0 0 0 0 0 2 0 0 2 2 0 2 0 0 0 0 0 0 2 0 0 0 0 0 0 0 0 0 0 0 0 0 0 0 2 0 0 0 0 0 2 0 0 0 0 0 0 0 0 0 0 0 0 0 0 0 0 2 2 1 0 2 0 2 0 0 2 0 0 0 0 0 0 0 0 0 0 0 0 0 0 0 0 0 0 0 0 0 0 0 0 0 2 0 0 0 0 0 0 2 0 0 0 2 0 0 0 2 0 0 0 0 2 0 0 0 0 0 0 2 0 2 2 0 0 2 0 0 1 2 0 2 0 0 0 0 0 0 0 2 2 0 0 0 0 2 2 2 0 0 0 0 0 0 0 2
1324 2 2 2 2 2 2 2 2 2 2 0 2 2 2 2 2 2 2 2 2 2 2 2 2 2 2 0 2 2 2 2 2 0 2 2 2 2 2 0 2 2 2 2 2 2 2 2 2 2 2 2 2 2 2 2 2 2 2 2 2 2 2 2 2 2 2 2 2 2 2 2 0 2 2 2 2 2 2 2 2 2 2 2 2 2 0 2 2 2 2 2 0 2 0 2 0 2 2 2 2 2 2 2 2 2 2 0 2 2 2 2 2 2 2 2 2 0 0 2 0 2 2 2 2 2 2 2 2 0 2 2 2 2 0 2 0 2 2 2 0 2 2 0 2 2 0 2 2 2 1 2 2 2 2 2 2 2 2 2 2 2 2 2 2 2 2 2 2 0 2 2 2 2 2 2 2 2 2 2 2 0 2 2 0 2 0 2 0 2 2 2 0 2 2 2 2 0 0 2 2 0 2 2 0 2 2 0 2 2 2 2 2 2 2 2 2 2 2 2 2 0 2 2 2 2 2 0 2 2 2 2 2 2 2 2 2 0 2 2 2 0 2 0 0 2
1325 0 2 0 2 2 2 2 2 0 0 0 2 2 0 2 2 2 2 0 2 2 2 2 0 2 2 2 2 2 0 2 2 2 0 2 0 2 2 2 2 2 0 2 2 0 0 2 0 0 2 2 2 2 2 2 2 2 2 0 2 2 2 2 2 2 2 2 2 0 1 2 0 0 2 2 0 0 2 0 2 2 2 2 2 2 1 0 2 2 2 2 2 2 2 2 2 1 0 2 0 2 2 2 2 2 2 2 2 2 2 0 2 2 0 2 2 2 2 2 2 2 2 0 2 2 2 2 2 2 2 2 2 0 2 2 2 2 2 2 2 0 2 2 2 2 2 2 2 2 2 2 2 2 2 2 2 2 2 2 2 2 2 2 2 2 2 2 2 2 2 2 2 2 2 2 2 2 2 2 0 2 2 0 2 2 2 2 2 2 0 1 2 2 2 2 2 2 2 2 2 2 2 2 2 2 2 2 2 2 2 2 2 0 2 2 2 2 2 2 2 2 2 2 2 2 2 2 2 2 2 2 2 0 2 2 2 0 0 2 2 2 2 2 2 2
1326 2 2 2 2 2 2 0 2 2 2 2 0 2 2 2 2 0 2 2 2 0 2 2 2 2 2 0 2 2 2 2 2 2 2 0 0 2 0 2 0 2 2 2 2 2 2 2 2 2 0 2 2 2 2 2 2 0 0 2 0 2 2 0 2 2 2 0 2 2 0 2 2 2 2 0 2 2 0 2 2 0 2 0 2 0 0 2 2 2 0 0 2 0 2 2 2 2 2 2 2 0 0 2 2 2 0 0 0 2 2 2 0 0 2 0 2 2 0 2 2 2 0 2 2 0 0 2 2 0 2 0 0 2 2 2 0 0 0 2 0 2 0 2 2 2 2 2 0 2 2 0 2 0 0 2 0 2 0 2 2 0 2 2 0 0 0 0 2 2 2 0 0 0 2 0 2 2 0 2 2 0 0 0 0 2 2 2 0 0 2 2 0 2 2 0 0 2 2 2 2 2 2 2 0 2 2 0 2 2 2 2 2 2 2 0 2 2 2 0 2 2 2 2 2 2 0 0 0 2 0 2 0 2 0 2 2 2 2 2 2 2 0 0 0 0
1327 2 2 2 2 2 2 2 2 2 2 2 2 2 2 2 2 2 2 2 2 2 2 2 2 2 2 2 2 2 2 2 2 0 2 2 2 2 2 2 2 2 2 2 2 2 2 2 2 2 2 2 2 0 2 2 2 2 2 2 2 2 2 2 2 2 2 2 2 2 2 2 2 2 0 2 2 2 2 2 2 2 2 2 2 2 0 2 2 2 2 2 2 2 2 2 0 2 2 2 2 2 2 2 2 2 2 2 2 0 2 2 2 2 2 2 2 2 2 2 0 2 2 2 2 2 2 2 2 0 2 0 2 2 0 2 0 2 2 2 2 2 2 2 2 2 2 2 2 2 2 2 2 2 2 0 2 2 0 2 2 2 2 2 2 2 2 2 2 2 2 2 2 2 2 2 2 2 2 2 2 2 2 2 2 2 2 0 2 2 2 1 2 2 2 0 0 2 2 2 2 2 2 2 2 2 2 2 2 2 2 2 2 2 2 2 2 2 2 2 2 2 2 2 2 2 2 2 2 2 2 2 2 2 2 2 2 2 2 2 2 2 2 0 2 2
1328 2 2 2 2 2 2 2 2 2 2 2 2 2 2 2 2 2 2 2 2 0 2 2 2 2 2 2 2 2 2 0 2 2 2 2 2 2 2 2 2 2 2 2 2 2 2 2 2 2 2 0 2 2 0 2 2 2 2 2 2 0 2 2 2 2 2 2 0 2 2 2 2 2 2 2 2 2 2 2 0 2 0 2 2 2 2 2 2 2 2 2 2 2 2 2 2 2 2 2 2 2 0 2 0 0 2 2 2 2 2 2 2 2 2 2 2 2 2 2 2 2 2 2 2 2 2 2 2 2 0 2 2 2 2 2 2 2 2 2 2 2 2 2 2 2 2 2 2 1 2 2 2 2 2 2 2 2 2 2 2 2 2 2 2 2 2 2 1 0 2 2 2 2 2 2 2 2 2 2 2 0 2 2 2 2 2 2 2 2 2 2 0 2 2 2 2 2 2 2 1 0 2 2 2 2 2 2 2 2 2 2 2 2 2 2 2 2 2 2 2 2 2 0 2 2 2 0 2 2 0 2 0 2 2 2 2 2 2 2 2 2 2 2 2 2
1329 2 0 2 2 2 2 2 2 0 2 0 2 2 2 2 2 2 0 2 0 2 0 2 2 2 2 2 0 0 2 2 0 2 2 2 2 2 0 2 2 2 2 2 2 2 2 0 2 2 0 2 2 2 2 2 2 2 0 2 2 2 2 0 2 2 2 0 2 2 2 2 2 2 2 2 2 2 2 2 2 2 2 2 2 2 2 2 2 2 2 2 2 2 2 2 2 2 2 2 2 2 2 0 2 2 2 2 2 2 2 2 0 2 2 2 2 2 2 2 2 2 0 2 2 2 2 2 2 2 0 2 0 2 2 2 2 2 0 2 2 2 2 2 2 2 0 2 2 2 1 2 2 2 2 2 2 2 2 2 2 0 2 2 2 2 2 2 2 2 2 2 2 2 0 2 2 2 2 2 2 2 2 2 2 0 2 2 2 2 2 1 2 2 2 2 2 2 2 2 2 2 2 2 2 2 2 2 2 0 2 2 2 2 2 0 2 2 0 2 2 2 0 2 2 2 2 2 2 2 2 2 2 2 2 2 2 0 2 2 2 2 2 2 2 2
1330 0 2 0 2 2 2 2 2 2 0 2 2 2 0 2 2 2 2 2 2 2 2 2 0 2 2 2 2 2 2 2 2 2 0 2 1 2 2 1 0 2 0 2 2 0 0 2 0 0 2 2 2 2 0 2 2 2 2 0 2 2 0 2 2 2 2 2 2 2 0 0 0 0 2 2 2 0 2 2 0 2 0 2 2 2 2 0 2 2 2 2 2 2 0 0 2 2 0 2 0 2 2 2 2 2 2 2 2 2 2 0 2 2 0 0 0 2 2 0 2 2 2 2 2 2 2 2 2 2 2 2 2 0 2 2 2 2 2 2 2 0 2 2 2 2 2 2 2 2 2 0 2 0 2 0 2 2 2 2 2 2 2 2 2 2 2 2 2 2 2 2 2 2 2 2 2 2 2 2 0 2 2 0 2 2 2 2 2 2 0 1 2 2 2 2 2 0 0 2 2 2 2 2 0 2 2 2 2 2 2 0 2 0 2 2 2 2 2 0 2 2 2 2 2 2 2 2 2 2 2 2 0 0 2 2 2 2 0 0 2 2 2 2 2 2
1331 0 0 0 2 2 0 0 0 0 0 2 0 2 0 0 0 0 2 2 2 0 0 2 0 0 0 2 0 2 2 2 0 0 0 0 1 2 0 2 0 2 0 2 2 0 0 2 0 0 0 2 2 2 2 2 2 0 0 0 2 2 0 0 2 0 2 0 2 2 2 2 0 0 2 0 2 0 0 0 2 0 2 0 0 0 0 0 2 2 0 0 2 0 2 2 0 0 2 0 0 0 0 0 2 2 2 0 0 0 0 0 0 2 0 2 0 0 2 0 0 2 2 2 2 2 0 2 2 0 0 0 0 0 0 2 0 0 0 2 0 0 0 0 2 2 2 2 0 0 2 0 2 2 0 0 0 0 0 2 2 0 0 0 0 0 0 2 1 2 2 0 0 0 0 0 0 2 0 2 0 0 0 0 2 0 0 0 0 0 0 0 0 2 2 0 0 0 2 0 2 2 0 0 0 2 2 0 0 2 0 2 0 0 2 2 2 0 1 0 2 0 2 2 0 0 0 0 0 2 2 0 2 0 0 0 2 0 0 0 0 0 0 0 0 0
1332 0 0 0 2 0 2 2 2 0 0 2 0 0 0 2 2 2 2 2 2 0 2 0 0 2 2 2 2 2 2 2 2 2 2 2 2 0 2 0 0 0 0 2 2 0 0 2 0 0 0 2 2 2 2 0 0 2 2 0 2 2 0 2 2 0 0 2 2 0 2 2 0 0 2 2 2 0 0 2 0 2 2 2 2 2 2 0 0 2 2 2 0 2 2 0 2 2 2 2 0 2 2 0 2 0 2 2 2 2 2 0 2 2 0 2 0 2 2 2 2 2 2 2 2 2 2 0 0 2 2 0 2 2 2 2 2 2 2 2 2 0 2 2 0 2 2 2 2 2 2 2 0 2 2 2 0 2 2 0 2 0 2 2 2 2 2 2 2 2 2 2 2 2 2 2 2 2 2 2 0 2 2 2 2 2 2 2 2 2 0 1 2 0 2 2 2 2 2 2 1 2 2 2 2 2 2 2 2 2 0 2 2 0 2 2 2 2 2 2 2 0 2 2 2 2 2 2 2 2 2 2 2 0 2 2 2 2 0 2 2 2 2 2 2 2
1333 0 2 0 2 2 2 2 2 0 0 2 2 2 0 2 2 2 2 2 0 2 2 2 0 2 2 2 2 2 2 2 2 2 2 2 2 2 2 2 2 2 0 2 2 0 0 2 0 0 2 2 2 2 0 2 2 2 2 0 2 2 0 2 2 2 2 2 2 2 2 2 0 0 2 2 2 0 2 2 2 2 0 2 2 2 2 0 2 2 2 2 2 2 2 2 2 2 2 2 0 2 2 2 2 2 2 2 2 2 2 0 2 0 0 2 0 2 2 2 2 2 2 2 2 2 2 2 0 2 2 2 2 2 2 0 2 2 2 2 2 0 2 2 2 2 2 2 2 2 2 2 2 0 2 2 2 2 2 2 2 2 2 2 2 2 2 2 2 2 2 2 2 2 2 2 2 2 2 2 0 2 0 2 2 2 2 2 2 2 0 1 2 2 2 2 2 2 2 2 2 2 2 2 2 0 2 2 2 2 0 2 2 0 2 2 2 2 2 2 2 2 2 2 2 2 2 2 2 2 2 2 0 0 2 2 0 2 0 2 2 2 2 2 2 2
1334 0 2 0 2 2 2 2 2 0 0 0 2 2 0 2 2 2 0 0 0 2 2 2 0 2 2 2 2 0 0 2 2 2 2 2 2 2 2 2 2 2 0 0 2 0 0 2 0 0 2 2 0 2 2 2 2 2 2 0 2 2 0 2 2 2 2 2 2 2 2 2 0 0 2 2 0 0 2 2 2 2 2 2 2 2 2 0 2 2 2 2 2 2 2 2 2 2 2 2 0 2 2 2 2 2 2 2 2 2 2 0 2 2 0 2 0 2 2 2 2 2 0 2 2 2 2 2 2 2 2 2 2 2 2 2 2 2 2 2 2 0 2 2 2 2 2 0 2 2 2 2 2 2 2 2 2 2 2 2 2 2 2 2 2 2 2 2 2 2 2 2 2 2 2 2 2 2 2 2 0 2 2 2 2 2 2 2 2 2 0 1 2 2 2 2 2 2 2 2 2 2 2 2 2 2 2 2 2 2 0 2 2 0 2 2 2 2 2 2 2 2 2 2 2 2 2 2 2 2 2 2 0 0 2 2 0 2 0 2 2 2 2 2 2 2
1335 2 2 2 0 0 0 0 0 2 2 0 0 0 2 0 0 0 0 2 2 0 2 0 2 0 0 0 2 0 2 2 2 0 0 0 0 0 0 0 0 0 2 0 0 2 2 2 2 2 0 0 0 0 0 0 0 0 0 2 0 0 2 0 2 0 0 0 0 0 0 0 2 2 0 0 2 2 0 0 0 0 0 2 0 0 0 2 0 0 0 0 0 2 0 0 0 0 0 0 2 0 0 2 2 0 0 0 0 0 2 2 0 0 2 2 2 0 0 0 0 0 0 0 0 0 0 0 0 0 0 0 0 0 0 0 0 0 0 2 0 2 0 0 0 0 0 0 0 0 0 0 0 0 0 0 0 0 0 0 0 0 0 0 0 0 0 0 1 0 0 0 0 0 0 0 0 2 0 0 2 0 0 0 0 0 0 0 0 0 2 1 0 0 0 0 0 0 0 0 0 0 0 0 0 0 2 0 0 2 0 0 0 2 0 0 0 0 0 0 2 0 0 0 0 0 2 0 0 0 0 0 0 2 0 0 2 0 2 0 0 0 0 0 0 0
1336 2 2 2 2 2 2 2 2 2 2 2 2 2 2 2 0 2 2 2 2 2 2 2 2 2 2 2 2 2 2 0 2 0 2 2 2 2 2 2 2 0 2 2 2 2 2 2 2 2 2 2 2 2 2 2 2 2 2 2 2 2 2 2 2 2 2 2 2 2 2 2 2 2 2 2 2 2 2 2 0 2 2 2 2 0 2 2 2 2 2 2 2 2 2 2 0 2 2 2 2 2 2 2 0 2 0 2 0 2 2 2 2 2 2 2 2 2 2 2 0 2 2 2 2 0 2 2 2 2 0 2 2 2 0 2 2 2 2 2 2 2 2 2 0 2 2 2 2 2 2 2 2 2 2 2 2 2 2 0 0 0 2 2 2 2 2 2 2 2 0 2 2 2 2 2 0 2 2 0 2 2 0 2 2 2 2 2 0 2 2 2 2 2 2 2 2 2 2 2 2 2 2 2 2 2 2 2 2 2 2 2 2 2 2 2 2 2 1 2 2 2 0 2 2 2 2 2 2 2 2 2 2 2 2 2 2 2 2 2 2 2 2 2 2 2
1337 2 2 2 2 2 2 2 2 2 2 2 2 2 2 0 2 0 2 2 2 2 2 2 2 2 0 0 2 2 2 2 2 2 2 2 1 2 2 2 2 2 2 2 2 2 2 2 2 2 2 2 2 2 2 2 2 2 2 2 2 2 2 2 2 2 2 2 2 0 2 2 2 2 2 0 2 2 2 2 2 2 2 2 2 2 2 2 2 2 2 2 2 2 2 2 2 2 0 2 2 2 2 2 2 2 2 2 2 2 0 2 2 2 2 2 2 2 2 0 2 2 2 2 2 2 2 2 2 2 2 2 2 2 2 0 2 2 2 2 2 2 2 2 2 2 0 2 2 1 2 2 2 2 2 2 2 2 2 2 2 2 0 2 2 2 2 2 2 2 2 0 2 2 2 2 2 2 2 2 2 2 2 2 0 2 2 0 2 2 2 2 2 2 2 2 2 2 2 2 2 2 2 0 2 0 2 2 0 2 2 2 2 2 2 2 2 0 1 2 2 2 2 2 2 0 2 2 2 2 2 0 2 2 2 2 0 2 2 0 2 2 2 2 2 2
1338 2 2 2 2 2 2 2 2 2 2 2 2 2 2 2 2 2 2 2 2 2 2 0 2 0 2 2 2 2 2 2 2 2 2 2 2 2 2 2 2 2 2 2 2 2 2 2 2 2 2 2 2 2 2 0 0 2 2 2 2 2 2 0 2 2 2 2 2 2 2 2 2 2 2 2 2 2 2 0 2 0 2 2 2 2 2 2 2 2 2 2 2 2 0 2 2 0 2 2 2 0 0 2 2 2 2 0 2 2 2 2 0 2 2 2 2 0 2 2 2 0 2 2 2 2 2 2 2 0 2 2 0 2 2 2 2 2 0 2 2 2 0 2 2 2 2 2 2 2 2 0 2 2 0 0 2 2 2 2 2 2 2 0 2 2 2 2 2 2 2 2 2 2 2 2 2 2 0 2 2 2 2 2 2 2 2 2 2 0 2 2 2 2 2 2 2 2 2 2 2 2 2 2 0 2 2 0 2 2 2 2 0 2 2 2 2 2 2 0 2 2 2 2 0 2 2 2 0 0 2 2 2 2 0 0 2 2 2 2 0 0 0 2 0 0
1339 0 0 0 2 2 0 2 0 0 0 0 0 2 0 0 0 0 0 0 0 0 0 0 0 0 0 0 0 0 0 0 0 0 0 0 0 2 0 0 0 2 0 0 0 0 0 0 0 0 0 0 0 2 0 0 0 0 0 0 0 0 0 0 2 0 2 0 0 0 0 0 0 0 2 0 0 0 0 0 0 0 0 2 2 0 0 0 2 0 0 0 0 2 0 0 0 0 0 0 0 0 0 0 0 0 0 0 0 0 0 0 0 0 0 0 0 0 0 0 0 0 0 0 0 0 2 0 0 0 0 2 0 0 0 0 0 0 2 2 0 0 0 0 0 0 0 0 0 0 2 0 0 0 0 0 0 0 0 0 0 0 0 0 0 0 0 0 1 0 0 0 0 0 0 0 0 2 0 0 0 0 0 0 0 0 0 0 0 0 0 1 0 2 0 0 0 0 0 0 0 0 0 0 0 0 2 0 0 0 2 0 0 0 0 2 2 0 0 0 2 0 0 0 0 0 2 0 0 0 0 0 0 0 0 0 0 0 0 0 0 0 0 0 0 0
1340 0 0 0 0 2 0 2 0 0 0 0 0 2 0 0 0 0 0 0 0 0 0 0 0 0 0 0 0 0 0 0 0 0 0 0 0 2 0 0 0 2 0 0 0 0 0 0 0 0 0 0 0 0 0 0 0 0 0 0 0 0 0 0 0 0 2 0 0 0 0 0 0 0 0 0 0 0 0 0 0 0 0 2 2 0 0 0 2 0 0 0 0 2 0 0 0 0 0 0 0 0 0 0 0 0 0 0 0 0 0 0 0 0 0 0 0 0 0 0 0 0 0 0 0 0 2 0 0 0 0 2 0 0 0 0 0 0 2 0 0 0 0 0 0 0 0 0 0 0 2 0 0 0 0 0 0 0 0 0 0 0 0 0 0 0 0 0 0 0 0 0 0 0 0 0 0 0 0 0 0 0 0 0 0 0 0 0 0 0 0 1 0 2 0 0 0 0 0 0 0 0 0 0 0 0 0 0 0 0 2 0 0 0 0 2 0 0 0 0 0 0 0 0 0 0 2 0 0 0 0 0 0 0 0 0 0 0 0 0 0 0 0 0 0 0
1341 2 2 2 2 2 2 2 2 2 2 2 2 2 2 2 2 2 2 2 2 2 2 2 2 2 2 2 2 2 2 2 2 1 2 2 2 2 2 2 2 2 2 2 0 2 2 0 2 2 2 2 2 2 2 2 2 2 2 2 2 2 2 0 2 2 2 2 2 2 2 2 2 2 2 2 2 2 2 2 2 0 2 2 2 2 0 2 2 2 2 2 2 2 2 2 0 2 2 2 2 0 2 2 2 2 2 0 2 2 2 2 0 2 2 2 2 2 0 2 0 2 2 2 0 0 2 2 2 0 2 2 0 2 0 2 0 2 2 2 0 2 0 0 2 2 2 2 2 2 2 0 0 2 0 0 2 2 2 2 2 2 2 2 2 2 2 2 2 2 2 2 2 0 2 2 0 2 0 2 2 2 2 2 2 2 2 2 2 0 2 2 2 2 2 2 0 2 2 2 2 2 0 2 2 2 2 2 2 0 2 2 0 2 2 2 2 2 2 0 2 2 2 2 2 2 2 2 2 2 2 2 2 2 0 0 2 2 2 2 0 2 0 2 0 0
1342 2 0 2 0 2 0 0 0 2 2 2 2 2 2 0 2 0 2 0 2 2 2 2 2 2 0 0 2 2 0 0 2 0 0 0 0 0 0 2 2 0 2 2 2 2 2 0 2 2 2 2 2 0 0 2 2 2 0 2 0 2 2 2 0 0 2 0 2 0 0 2 2 2 0 0 0 2 2 0 2 0 0 2 2 2 0 2 0 2 0 0 2 2 2 2 0 2 0 0 2 0 0 0 0 2 2 0 2 2 0 2 2 0 2 2 0 2 2 0 0 2 2 2 2 0 0 2 2 0 2 0 2 0 0 0 0 0 0 0 0 2 0 0 2 2 0 2 0 0 0 2 0 2 0 2 2 2 0 2 0 2 0 2 2 0 0 0 0 0 0 0 0 0 2 0 0 0 0 0 2 0 0 0 0 2 2 2 2 0 2 1 0 0 0 0 0 0 0 0 2 0 0 0 2 0 0 0 0 0 0 0 2 2 2 0 0 0 2 0 0 0 2 2 2 0 2 0 0 2 0 0 2 2 0 2 2 2 2 0 0 2 0 0 0 0
1343 0 0 2 2 0 2 0 0 0 0 0 2 0 0 2 0 2 0 0 0 0 2 2 0 2 0 2 2 0 0 0 2 0 2 2 2 0 2 2 0 0 0 2 2 0 2 2 0 2 0 0 2 0 2 2 2 2 2 2 0 0 0 2 0 2 0 2 0 2 0 2 2 0 0 2 0 2 2 2 0 2 2 2 0 0 2 2 0 0 2 2 2 2 2 0 0 2 2 0 2 2 2 0 0 0 2 2 0 0 2 0 2 0 0 0 2 2 2 2 0 2 0 0 2 2 0 2 0 2 0 0 2 2 0 2 2 2 2 0 2 0 2 2 2 0 2 2 0 2 0 2 2 2 2 2 2 0 2 2 0 0 0 2 2 2 2 2 1 0 0 2 2 2 0 2 2 0 2 0 0 2 2 2 2 0 0 0 0 2 0 0 2 0 0 2 2 2 2 2 0 0 2 0 2 2 0 2 0 2 0 2 2 2 0 2 2 0 0 0 0 0 0 0 2 0 2 2 2 2 0 0 0 0 2 2 0 2 0 2 0 2 2 2 2 2
1344 2 2 2 2 2 2 2 2 2 2 2 2 2 2 2 2 2 2 2 2 2 2 2 2 2 2 2 2 2 2 2 2 2 2 2 2 2 2 2 2 2 2 2 2 2 2 2 2 2 2 2 2 2 2 2 2 2 2 2 2 2 2 2 2 2 2 2 2 2 2 2 2 2 2 2 2 2 2 2 2 2 2 2 2 2 0 2 2 2 2 0 2 2 2 2 2 2 2 2 2 2 2 2 2 2 2 2 2 2 2 2 2 2 2 2 2 2 2 2 2 2 2 2 2 2 2 2 2 2 2 2 2 2 2 2 0 2 2 2 0 2 2 0 2 2 2 2 2 2 2 2 2 2 2 2 2 2 2 2 2 2 2 2 2 2 2 0 2 2 2 2 2 0 2 0 2 2 2 2 2 2 2 2 2 2 2 2 2 0 2 2 2 2 2 0 0 2 2 0 2 2 0 2 2 2 2 2 2 2 2 2 2 2 2 2 2 2 2 2 2 2 2 2 2 2 2 2 2 2 2 2 2 2 0 2 2 2 2 2 2 2 2 2 2 2
1345 2 2 0 0 0 2 0 0 2 2 2 0 0 2 0 0 2 2 2 2 2 0 0 2 2 0 2 0 2 2 2 0 2 0 2 1 0 0 0 2 0 2 0 0 2 0 0 2 0 0 0 0 2 2 0 0 0 0 0 2 0 2 0 2 2 0 0 0 2 2 2 2 2 2 2 2 0 0 0 2 2 2 0 2 0 2 0 0 0 2 2 0 0 0 0 2 2 2 0 0 0 0 2 2 0 0 0 0 0 0 2 0 0 2 2 2 0 0 0 2 0 2 2 0 2 0 0 0 0 0 2 0 0 2 0 2 0 0 2 2 2 0 2 2 0 0 0 0 1 0 2 0 0 0 2 0 0 0 2 2 0 0 2 0 0 0 2 2 2 2 0 0 2 0 2 0 2 0 2 2 0 2 2 2 1 0 0 0 2 2 1 0 0 0 2 2 0 0 2 0 2 2 0 2 0 2 0 0 0 0 0 0 0 0 0 0 0 0 2 2 0 0 0 2 0 0 0 0 0 0 0 0 2 2 0 0 0 2 0 0 0 0 0 2 0
1346 2 2 2 2 2 2 2 2 2 2 2 2 2 2 2 2 2 2 2 2 2 2 2 2 2 2 2 2 2 2 2 2 2 2 2 2 2 2 2 2 1 2 2 2 2 2 0 2 2 2 2 0 2 2 2 2 2 2 2 2 2 2 2 2 2 2 2 0 2 2 2 2 2 2 2 2 2 2 2 2 2 2 2 2 2 2 2 2 2 2 2 2 2 2 1 2 2 2 2 2 2 2 2 2 2 2 2 2 0 2 2 2 2 2 2 2 2 2 2 2 2 2 2 2 2 2 0 2 2 2 2 2 2 2 2 2 2 2 2 2 2 2 2 2 2 2 0 2 2 1 2 1 0 2 2 2 2 2 2 2 0 2 2 2 2 2 2 2 2 2 2 0 2 2 2 2 2 2 2 2 2 2 2 2 0 2 2 2 2 2 2 2 2 2 2 2 2 2 2 2 2 2 2 2 2 2 2 2 0 2 2 2 2 2 2 2 2 2 2 2 2 2 0 2 2 2 2 2 2 2 2 2 2 2 2 2 2 2 2 2 2 2 2 2 2
1347 2 2 2 2 2 2 2 0 2 2 2 2 2 2 2 2 2 2 2 2 2 2 2 2 2 2 0 2 2 2 2 2 2 2 2 1 2 2 2 2 2 2 2 2 2 2 2 2 2 2 2 2 2 2 2 2 2 2 2 2 2 2 2 2 2 2 2 2 2 2 2 2 2 2 2 2 2 2 2 2 2 2 2 2 2 2 2 2 2 2 0 2 2 2 2 2 2 2 0 2 2 2 2 2 2 2 2 2 2 2 2 2 2 2 2 2 2 2 2 2 2 2 2 2 2 2 2 2 2 2 2 2 2 2 2 2 0 2 2 0 2 2 2 2 2 2 2 2 2 2 2 2 2 2 2 2 2 2 2 2 2 2 2 2 2 2 2 2 2 2 2 2 0 2 2 2 2 2 2 2 0 2 2 0 2 0 2 2 2 2 2 0 2 2 0 0 2 2 2 2 2 0 2 2 2 2 2 2 2 2 2 2 2 2 2 2 2 2 2 2 2 2 2 2 2 2 0 2 2 2 2 2 2 0 2 2 2 2 2 2 2 2 2 2 2
1348 2 0 2 2 0 2 0 2 2 2 2 2 0 2 2 2 2 2 2 2 2 2 0 2 0 2 2 2 2 2 2 2 2 0 2 1 2 0 2 2 0 2 2 2 2 2 2 2 2 2 2 2 2 2 0 0 2 0 2 2 2 2 0 2 2 0 0 2 2 0 2 2 2 2 2 2 2 2 2 2 2 2 2 2 2 2 2 2 2 2 2 2 2 0 2 2 0 2 2 2 2 2 0 2 2 2 2 2 2 0 2 0 2 2 2 2 2 2 2 2 2 2 2 2 2 0 2 2 2 2 2 2 0 2 0 2 2 2 2 2 2 2 2 2 2 2 2 2 2 2 0 2 2 2 2 2 0 2 2 2 2 2 0 2 2 2 2 2 2 2 2 2 2 2 2 0 2 2 2 2 2 2 2 2 2 2 2 2 2 2 1 2 2 2 2 2 2 2 2 2 2 2 0 0 0 2 2 0 2 2 2 2 2 2 2 2 0 2 0 2 2 2 2 2 2 2 2 2 2 2 0 2 2 2 2 2 2 2 2 0 2 2 2 2 2
1349 2 2 2 2 2 2 2 0 2 2 2 2 2 2 2 2 2 2 2 2 2 2 2 2 2 2 0 2 2 2 2 2 2 2 2 1 2 2 2 2 2 2 2 2 2 2 2 2 2 2 2 2 2 2 2 2 2 2 2 2 2 2 2 2 2 2 2 2 2 2 2 2 2 2 2 2 2 2 0 2 2 2 2 2 2 2 2 2 2 2 0 2 2 2 2 2 2 2 0 2 2 2 2 2 2 2 2 2 2 2 2 2 2 2 2 2 2 2 2 2 2 2 2 2 2 2 2 2 2 2 2 2 2 2 2 2 2 2 2 0 2 2 2 2 2 2 2 2 2 2 2 2 2 2 2 2 2 2 2 2 2 2 2 2 2 2 2 2 2 2 2 2 0 2 2 2 2 2 2 2 0 2 2 0 2 2 0 2 2 2 2 0 2 2 2 2 2 2 2 2 2 0 2 2 2 2 2 2 2 2 2 2 2 2 2 2 2 2 2 2 2 2 2 2 2 2 0 2 2 2 2 2 2 2 2 2 2 2 2 0 2 2 2 2 2
1350 2 0 2 2 2 0 2 0 2 2 2 2 2 2 0 2 0 2 2 2 2 0 0 2 0 0 2 0 2 2 2 0 0 2 0 2 2 2 2 2 2 2 2 2 2 2 2 2 2 2 2 2 0 2 0 0 0 2 2 0 2 2 2 2 0 2 2 0 2 2 0 2 2 0 0 2 2 2 2 2 2 2 2 0 2 0 2 2 0 0 2 2 2 2 2 0 0 2 0 2 0 2 0 2 0 2 0 2 2 0 2 2 0 2 2 2 0 0 2 0 0 2 2 2 2 2 2 2 2 2 2 0 2 0 2 0 0 2 2 2 2 0 0 0 2 0 2 0 0 2 2 2 2 0 0 2 2 2 0 2 2 2 0 0 2 2 2 1 0 2 2 0 2 2 0 2 2 0 2 2 2 2 0 2 2 0 0 2 2 2 2 2 2 2 2 2 0 2 2 0 2 2 0 2 2 2 2 0 2 2 0 0 2 2 0 2 0 2 2 2 2 2 0 0 2 2 2 0 0 0 0 2 2 0 0 2 2 2 2 2 0 0 2 2 0
1351 0 0 0 0 0 0 0 0 0 0 0 0 0 0 0 0 0 0 0 0 0 0 0 0 2 0 0 0 0 0 0 0 0 0 0 0 0 0 0 0 0 0 2 0 0 0 0 0 0 0 0 0 0 0 0 0 2 0 0 0 0 0 0 0 0 0 0 0 2 0 2 0 0 0 0 0 0 0 0 2 0 0 0 0 0 0 0 0 0 0 0 0 0 0 0 0 2 0 0 0 0 0 0 0 0 0 0 0 0 0 0 0 0 0 0 0 0 0 0 0 0 0 2 0 2 0 0 0 0 0 2 0 0 0 0 0 0 0 0 0 0 0 0 0 0 0 0 0 0 0 0 0 0 0 2 2 0 0 0 0 0 0 2 0 0 0 0 0 2 0 0 0 0 0 0 0 0 0 0 0 0 0 0 0 0 0 0 0 0 0 0 0 0 0 0 0 2 0 0 0 0 0 0 0 0 0 0 0 0 0 0 0 0 0 0 0 0 0 0 0 0 0 0 2 0 0 0 0 2 0 0 2 0 0 0 0 0 0 0 0 0 0 0 0 0
1352 0 0 0 2 0 0 0 0 0 0 0 0 0 0 0 0 0 0 0 0 0 0 0 0 0 0 0 0 0 0 0 0 0 0 0 0 0 0 0 0 0 0 0 0 0 0 0 0 0 0 0 0 0 0 0 0 0 0 0 0 0 0 0 0 0 0 0 0 2 0 0 0 0 0 0 0 0 0 0 0 0 0 0 0 0 0 0 0 0 0 0 0 0 0 2 0 0 0 0 0 0 0 0 0 0 0 0 0 0 0 0 0 2 0 0 0 0 0 0 0 0 0 0 0 0 0 0 0 0 0 0 0 0 0 0 0 0 0 0 0 0 0 0 0 0 0 0 0 0 0 0 0 2 0 2 0 0 0 0 0 0 0 0 0 0 0 0 0 0 0 0 2 0 0 0 0 0 0 0 0 0 0 0 0 0 2 2 0 0 0 0 0 0 0 0 0 2 0 0 0 0 0 0 0 0 0 2 0 0 0 0 0 0 0 0 0 0 0 0 0 0 0 0 2 0 0 0 0 2 0 0 2 0 0 0 0 0 0 0 0 0 0 0 0 0
1353 2 2 2 2 2 2 2 2 0 2 0 2 2 0 2 2 0 2 0 0 2 2 2 0 2 2 2 2 2 0 2 2 2 2 2 2 2 2 2 2 2 0 2 2 0 2 2 2 2 2 2 2 2 0 2 2 0 2 2 2 2 0 2 2 2 2 2 2 2 2 2 0 0 2 0 0 2 2 2 2 0 0 2 0 2 2 2 2 2 2 2 2 2 2 2 2 2 2 2 2 2 2 2 2 2 2 2 2 2 2 0 2 2 2 2 2 2 2 2 2 2 2 2 2 2 2 2 0 0 2 2 2 2 2 2 2 0 0 2 2 2 0 2 2 2 2 2 2 2 2 2 2 2 2 2 2 2 2 2 2 2 2 2 2 2 2 2 2 0 2 2 2 2 2 2 2 2 2 2 0 2 2 2 2 2 2 2 2 2 2 2 2 2 2 0 2 2 0 2 2 2 2 2 2 2 2 2 2 2 2 2 2 2 2 2 2 2 2 2 2 0 2 2 2 2 2 2 0 2 2 2 2 0 2 2 0 2 0 2 2 2 0 2 0 2
1354 2 2 2 2 2 2 2 2 0 2 0 2 2 0 2 2 0 2 0 0 2 2 2 0 2 2 2 2 2 0 2 2 2 2 2 2 2 2 0 2 2 0 2 2 0 2 0 2 2 2 2 2 2 0 2 2 0 2 2 2 2 0 2 0 2 2 2 2 2 2 2 0 0 2 0 0 2 2 2 2 0 0 2 0 2 2 2 2 2 2 2 0 2 2 2 2 2 2 2 2 2 2 2 2 2 2 2 2 2 2 0 2 2 2 2 0 2 2 2 2 2 2 0 2 0 2 0 0 0 2 2 2 2 2 2 2 0 0 0 2 2 0 2 2 2 2 2 2 2 2 2 2 2 2 2 2 2 2 2 2 2 2 2 2 2 2 2 1 0 2 2 2 2 2 2 2 0 2 2 0 2 2 2 2 2 2 2 2 2 2 2 2 2 2 0 2 2 0 2 2 2 2 2 2 2 0 2 2 0 2 2 2 2 2 2 2 2 1 2 0 0 0 2 2 2 2 2 0 2 2 2 2 0 2 2 0 2 0 2 2 2 0 2 0 2
1355 2 2 2 2 2 2 2 2 2 2 2 2 2 2 2 2 0 2 2 2 2 2 2 2 2 2 0 2 2 2 2 2 2 0 2 0 2 2 2 2 2 2 2 2 2 2 2 2 2 2 2 2 2 2 2 2 2 2 2 2 2 2 2 2 2 2 2 2 2 2 2 2 2 2 0 2 2 2 0 2 0 2 2 2 0 0 2 2 2 2 2 2 2 2 2 2 2 2 2 2 2 0 2 2 2 2 2 2 2 2 2 2 2 2 2 2 2 2 0 2 2 2 2 2 2 2 2 2 2 2 2 2 0 2 2 0 0 2 2 0 2 0 0 0 2 2 2 2 1 2 2 2 2 2 2 2 2 2 0 2 2 2 2 2 0 2 2 1 2 2 0 2 0 0 2 0 2 2 2 2 2 2 0 0 2 2 2 2 2 2 2 2 2 2 2 2 2 2 2 2 2 2 0 2 2 2 2 0 2 2 2 0 2 2 2 2 0 1 2 2 2 0 2 2 2 2 2 2 2 2 0 2 2 0 0 2 2 2 0 2 2 2 2 0 2
1356 2 0 2 2 0 2 0 2 2 0 2 0 0 2 0 0 2 0 2 0 0 2 2 2 2 0 2 2 0 2 0 2 0 2 2 2 2 2 0 0 2 2 2 2 2 2 2 2 2 2 2 2 0 2 2 2 0 2 2 0 2 2 2 2 0 0 2 2 2 0 2 2 2 0 2 2 2 0 2 2 2 2 2 2 2 2 2 2 2 2 2 0 2 2 0 0 2 0 2 2 2 2 0 0 2 2 2 2 0 0 2 0 0 2 0 2 2 2 2 0 2 0 2 2 2 0 2 2 2 0 2 2 2 0 0 2 2 0 2 2 2 2 2 2 2 2 2 2 1 0 0 2 2 2 0 2 2 0 2 0 2 2 2 2 2 2 1 2 2 0 2 2 2 2 2 0 2 2 0 2 2 0 2 2 0 2 2 2 2 2 1 2 2 2 0 2 2 2 0 2 0 2 2 0 0 2 0 2 2 2 0 2 2 2 0 2 2 2 2 2 0 2 2 2 2 2 2 0 2 2 2 2 2 2 2 2 2 2 2 2 2 2 2 2 2
1357 2 2 2 2 2 0 2 2 2 2 2 2 2 2 2 2 0 0 2 2 2 2 2 2 2 2 0 2 0 2 2 2 2 0 2 0 2 2 2 2 2 2 2 2 2 2 2 2 2 2 2 2 2 2 2 2 2 2 2 2 2 2 2 2 2 2 2 2 2 2 2 2 2 2 0 2 2 2 2 2 2 2 2 0 2 2 2 2 2 2 0 2 2 2 2 2 2 2 2 2 2 2 2 2 2 2 2 2 2 2 2 2 2 2 2 2 0 2 2 2 2 2 2 2 2 2 2 2 2 2 2 2 0 2 2 2 2 2 2 2 2 2 2 2 2 2 1 2 1 2 2 2 2 2 2 2 2 2 2 2 2 2 2 2 2 2 2 2 2 2 2 2 2 2 2 2 2 2 2 2 2 2 0 0 2 2 2 2 2 2 2 2 2 2 2 2 2 2 2 2 2 2 2 2 2 2 2 2 2 2 2 0 2 2 2 2 2 2 2 2 2 2 2 2 2 2 2 2 2 2 2 2 2 2 0 2 2 2 2 2 0 2 2 2 2
1358 2 2 2 2 2 2 2 2 2 2 2 2 2 2 0 2 2 2 2 2 2 2 2 2 2 2 2 2 2 2 2 2 2 2 2 2 2 2 2 2 2 2 2 2 2 2 2 2 2 2 2 2 2 2 2 2 2 2 2 2 2 2 0 2 2 2 2 2 2 2 2 2 2 2 2 2 2 2 2 2 2 2 2 2 2 2 2 2 2 2 2 2 2 2 0 2 2 2 2 2 2 2 2 2 2 2 2 2 2 2 2 2 2 2 0 2 2 2 2 2 0 2 2 2 2 2 2 2 2 2 2 2 2 2 2 2 2 2 2 2 2 2 2 2 2 2 1 2 1 2 2 2 2 2 2 2 2 0 2 2 2 2 2 2 2 2 2 2 2 2 2 2 2 2 2 2 2 2 2 2 2 2 0 2 2 2 0 2 2 2 2 2 2 2 2 2 0 2 2 1 2 2 2 2 2 2 2 2 2 2 2 0 2 2 2 0 2 2 0 2 2 2 2 0 2 2 2 2 0 2 2 2 2 2 0 2 2 2 2 2 2 2 2 2 2
1359 2 2 2 0 2 2 2 2 2 2 2 0 2 2 2 2 2 2 2 2 2 2 2 2 2 2 0 2 2 2 2 2 0 2 2 1 2 2 2 2 2 2 2 0 2 2 0 2 2 2 2 2 2 2 2 2 2 2 2 2 2 2 2 0 0 2 2 2 2 0 2 2 2 2 2 2 2 0 2 2 2 2 2 2 2 2 2 2 2 2 0 2 2 2 2 0 2 2 2 2 0 2 2 2 2 2 0 0 2 2 2 0 2 2 2 2 2 2 2 0 2 2 2 0 2 2 2 0 2 2 2 2 2 0 2 2 2 2 2 2 2 0 2 2 0 0 2 2 2 2 2 2 2 0 2 2 2 2 2 2 2 2 2 0 2 2 2 2 2 2 2 2 2 2 2 2 2 0 2 2 2 0 2 0 2 2 2 2 0 2 1 2 2 2 2 2 2 0 2 2 2 2 2 2 2 2 0 2 0 2 2 2 2 0 0 2 2 2 2 2 2 2 2 2 2 2 2 2 2 2 2 2 2 0 2 2 0 2 2 2 2 2 2 0 0
1360 2 2 2 2 0 2 0 2 2 2 2 2 0 2 0 2 2 2 2 2 2 2 0 2 0 2 2 2 2 2 2 2 2 2 2 2 0 2 2 2 2 2 2 2 2 2 2 2 2 2 2 2 2 0 0 0 2 2 2 2 2 2 2 2 0 0 2 2 2 0 2 2 2 2 2 2 2 2 0 0 2 0 2 2 0 2 2 0 0 2 2 2 2 2 0 2 0 2 2 2 2 2 2 2 2 2 2 2 2 2 2 0 2 2 0 2 2 2 0 2 0 2 2 2 2 0 2 2 2 2 2 0 2 2 0 2 2 2 0 2 2 2 2 2 2 2 1 0 1 2 0 2 2 2 2 2 2 0 2 2 0 2 0 2 2 2 2 0 2 2 2 2 2 2 2 2 0 2 2 2 2 2 0 2 2 2 0 2 2 2 2 2 0 0 2 2 0 2 2 1 2 2 2 0 0 0 0 2 2 2 0 0 2 2 2 0 2 1 0 0 0 0 2 0 2 2 2 2 0 2 2 2 2 2 0 2 2 2 0 2 2 2 2 2 2
1361 2 2 2 2 2 2 0 2 2 2 2 2 2 2 0 2 2 2 2 2 2 2 0 2 0 2 2 2 2 2 2 2 2 2 2 2 0 2 2 2 2 2 2 2 2 2 2 2 2 2 2 2 2 2 0 0 2 2 2 2 2 2 2 2 0 2 2 2 2 0 2 2 2 2 2 2 2 2 2 2 2 2 2 2 2 2 2 0 2 2 2 2 2 2 2 2 0 2 2 2 2 2 2 2 2 2 2 2 2 2 2 0 2 2 2 2 2 2 2 2 0 2 2 2 2 0 2 2 2 2 2 0 2 2 0 2 2 2 2 2 2 2 2 2 2 2 2 2 1 2 0 2 2 2 2 2 2 0 2 2 2 2 0 2 2 2 2 2 2 2 2 2 2 2 2 2 2 2 2 2 2 2 0 2 2 2 0 2 2 2 2 2 0 0 2 2 0 2 2 2 2 2 2 0 0 2 0 2 2 2 2 0 2 2 2 2 2 1 0 2 0 0 2 0 2 2 2 2 0 2 2 2 2 2 0 2 2 2 2 2 2 2 2 2 2
1362 2 2 2 2 2 2 2 2 2 2 2 2 2 2 0 2 2 2 2 2 2 2 2 2 0 2 2 2 2 2 2 2 2 2 0 2 2 2 2 2 2 2 0 2 2 2 2 2 2 2 2 2 2 2 2 2 2 2 2 2 2 2 2 2 2 2 2 2 2 2 2 2 2 2 2 2 2 2 2 2 2 2 2 2 2 2 2 2 2 0 2 2 2 2 2 2 0 2 2 2 2 2 2 2 0 2 2 2 0 2 2 2 2 2 2 2 2 2 2 2 0 2 2 2 2 2 2 2 2 2 0 2 2 2 2 2 2 2 2 2 2 2 2 2 2 2 1 2 1 2 2 2 2 2 2 2 2 0 2 2 2 2 0 2 2 2 2 2 2 2 2 2 2 2 2 2 2 2 2 2 2 2 2 2 2 2 2 2 2 2 2 2 2 2 2 2 2 2 2 1 2 2 2 2 2 2 2 2 2 2 2 2 2 2 2 2 2 2 2 2 2 2 2 2 2 2 2 2 2 2 2 2 2 2 2 2 2 2 2 2 2 2 2 2 2
1363 2 2 2 2 2 2 0 2 2 0 2 2 2 2 0 2 0 2 2 2 2 2 2 2 0 2 2 2 2 2 2 2 2 0 0 2 2 2 2 2 2 2 2 2 2 2 2 2 2 2 2 2 0 0 2 2 0 2 2 2 2 2 2 2 2 2 2 2 2 2 2 2 2 0 0 2 2 2 2 2 2 0 2 2 2 2 2 2 2 0 2 2 2 2 2 2 0 2 2 2 2 2 2 2 2 0 2 2 2 2 2 2 2 2 0 2 2 2 2 2 0 2 2 2 2 0 2 2 2 2 2 2 0 2 2 0 2 0 2 2 2 2 0 0 2 2 2 2 1 2 0 2 2 2 2 2 2 0 0 0 0 0 0 2 0 2 2 2 0 0 2 2 2 2 2 0 2 2 0 2 2 2 2 2 2 2 0 2 2 2 1 2 2 2 2 0 2 0 2 2 2 0 2 0 2 2 2 2 2 2 2 2 2 2 0 2 2 2 2 2 2 2 2 2 0 2 2 2 2 2 2 2 2 2 2 2 2 2 2 2 2 0 0 2 2
1364 2 2 2 2 2 0 0 2 2 2 2 2 2 2 2 2 0 2 2 2 2 2 2 2 2 2 2 2 2 2 2 2 2 2 2 1 2 2 2 2 2 2 2 2 2 2 2 2 2 2 2 2 2 2 2 2 2 2 2 2 2 2 2 2 2 2 2 2 2 0 2 2 0 2 0 2 2 2 2 2 2 2 0 2 2 2 2 2 2 2 2 2 0 0 2 2 2 2 2 2 0 2 2 2 2 2 0 2 2 2 2 0 2 2 2 2 0 2 2 2 2 2 2 2 2 0 2 2 2 0 2 0 2 2 2 2 2 2 2 0 2 2 2 0 2 2 2 2 1 2 0 2 2 0 0 2 0 2 0 2 2 2 2 0 2 2 2 2 2 2 2 0 0 2 2 2 2 0 2 2 2 2 2 2 0 2 2 2 0 2 1 2 2 2 1 2 0 2 0 2 2 0 0 2 2 2 0 0 2 2 2 0 2 2 0 2 0 0 0 2 2 0 2 0 2 0 2 2 0 2 0 0 2 2 0 2 2 2 2 0 0 2 2 2 2
1365 0 2 0 0 2 2 0 2 0 2 2 2 2 0 0 2 2 2 0 0 0 2 2 0 2 2 2 2 2 0 0 2 0 2 2 2 2 2 0 0 2 0 0 2 0 0 2 0 0 2 0 0 2 2 2 2 2 2 0 0 0 0 2 2 2 2 2 2 2 2 2 2 2 2 2 0 0 2 2 2 2 2 0 2 2 2 0 2 2 2 2 0 0 2 2 0 2 2 2 0 2 2 2 0 2 0 2 2 2 2 0 2 2 0 2 0 2 2 2 0 2 0 2 2 2 0 2 2 0 2 2 0 2 0 0 2 2 2 2 2 0 2 2 2 2 2 0 2 1 2 0 2 0 2 0 2 2 2 2 2 2 2 2 2 2 2 2 2 2 2 2 2 2 2 2 2 2 2 2 0 2 2 2 2 2 2 2 2 2 0 1 2 2 2 2 2 0 0 2 2 2 2 2 0 0 2 0 2 2 2 0 2 0 2 0 2 2 0 0 2 2 0 2 0 2 0 2 2 2 2 2 2 0 2 2 2 2 0 2 2 2 2 2 2 2
1366 2 2 2 2 2 2 2 2 2 2 2 2 2 2 2 2 2 2 2 2 2 2 2 2 2 2 2 2 2 2 2 2 2 2 2 1 2 0 2 2 2 2 2 2 2 2 2 2 2 2 2 2 2 2 2 2 2 0 2 2 2 2 2 2 2 2 0 2 2 2 2 2 2 2 2 2 2 2 2 2 2 2 2 2 2 2 2 2 2 2 2 2 2 2 2 2 2 2 2 2 2 2 2 2 2 2 2 2 2 2 2 2 2 2 2 2 2 0 2 2 2 2 2 2 2 2 2 2 2 2 2 2 2 2 2 2 2 2 2 2 2 2 2 2 2 2 2 2 2 2 2 2 2 2 2 2 0 2 2 2 2 0 2 2 2 2 2 2 2 2 2 0 2 2 2 2 2 2 2 2 0 2 0 2 2 2 2 2 2 2 2 0 2 2 2 2 2 2 2 2 2 2 2 2 2 2 2 2 2 2 2 2 2 2 2 2 2 2 2 2 0 2 2 2 0 2 0 2 2 2 2 2 2 2 2 2 2 2 2 2 2 2 2 2 2
1367 2 2 2 2 2 2 0 2 2 2 2 2 2 2 2 0 2 2 2 2 2 2 2 2 2 2 2 2 2 2 2 2 2 2 2 2 2 2 2 2 2 2 2 2 2 2 2 2 2 2 2 2 2 2 2 2 2 2 2 2 2 2 2 2 2 2 2 2 2 2 2 2 2 2 2 2 2 2 0 2 2 2 2 2 0 2 2 2 2 2 2 2 2 2 2 2 2 2 2 2 2 2 2 2 2 2 2 2 2 2 2 2 2 2 2 2 2 2 0 2 2 2 2 2 2 0 2 2 2 0 2 2 2 2 2 2 2 0 2 2 2 2 2 2 2 2 2 2 2 2 0 2 2 2 0 2 2 2 2 2 2 2 2 2 2 2 2 2 2 2 0 2 2 2 2 2 2 2 2 2 2 2 2 2 2 2 2 2 2 2 2 2 2 2 2 2 2 2 2 2 2 2 2 2 2 2 0 2 2 2 2 2 2 2 2 2 2 1 0 2 2 0 2 2 2 2 2 2 2 2 2 2 2 2 2 2 2 2 0 2 2 2 2 2 2
1368 0 0 0 0 0 0 0 0 0 0 0 0 0 0 0 0 0 0 0 0 0 0 0 0 0 0 0 0 0 0 0 0 0 0 0 0 0 0 0 0 0 0 0 0 0 0 0 0 0 0 0 0 0 0 0 0 0 0 0 0 0 0 0 0 0 0 0 0 2 0 0 0 0 0 0 0 0 0 0 0 2 0 0 0 0 2 0 0 0 0 0 0 0 0 0 0 0 0 0 0 0 2 0 0 0 0 2 0 0 0 0 0 0 0 0 0 0 0 0 0 0 0 0 0 0 0 0 0 0 0 0 0 0 0 0 0 0 0 2 0 0 2 0 0 0 0 0 0 0 0 0 2 0 0 0 0 0 0 0 0 0 0 0 0 0 0 2 1 0 0 0 0 0 0 0 0 2 0 0 0 0 0 0 0 0 0 0 0 0 0 0 0 0 0 2 2 0 0 0 0 0 0 0 0 0 2 0 0 0 0 0 0 0 0 0 0 0 0 0 2 0 0 0 0 0 0 0 2 0 0 0 0 0 2 0 0 0 0 0 0 0 0 0 2 0
1369 2 2 2 2 0 2 2 0 2 2 2 2 0 2 2 2 0 2 2 2 2 2 2 2 2 2 2 2 2 2 2 2 2 2 0 2 2 2 2 2 2 2 2 2 2 2 2 2 2 2 2 2 0 2 2 2 0 2 2 2 2 2 0 0 2 0 2 2 2 0 2 2 0 0 0 2 2 2 2 0 2 2 2 2 2 2 2 2 2 0 2 2 2 2 2 2 2 2 0 2 2 2 2 2 2 2 2 2 2 2 2 0 0 2 2 2 0 2 2 2 2 2 2 2 2 2 2 2 2 2 2 0 2 2 2 0 0 2 2 0 2 1 0 2 2 2 2 2 2 2 2 2 2 0 2 2 2 0 2 2 2 2 2 2 2 0 2 2 2 2 2 2 0 2 2 2 2 0 2 2 2 2 2 2 2 2 2 1 2 2 2 2 2 2 1 2 2 2 0 2 2 0 2 2 2 2 2 2 2 0 2 2 2 2 0 2 2 2 2 2 2 2 2 2 2 2 2 2 2 2 2 2 2 0 2 2 2 2 2 0 0 2 2 2 0
1370 0 2 0 0 0 2 0 0 0 0 0 0 0 0 2 0 0 0 0 0 0 0 2 0 2 0 0 0 0 0 0 0 0 2 0 1 2 0 0 0 0 0 0 2 0 0 0 0 0 2 0 0 0 0 2 2 0 0 0 0 0 0 0 0 2 0 0 0 2 0 0 0 0 0 0 0 0 0 0 0 0 0 0 0 0 0 0 0 0 0 2 0 0 0 2 0 2 2 0 0 0 2 2 0 2 2 0 0 2 2 0 0 0 0 0 0 0 0 0 0 2 0 0 2 0 0 0 0 2 0 0 0 2 0 2 0 0 2 2 0 0 0 0 0 0 0 0 0 1 2 0 2 0 0 2 0 2 0 0 0 0 2 2 0 2 0 2 1 0 0 2 2 0 2 2 2 2 0 0 0 2 0 2 0 0 0 2 0 0 0 0 2 0 0 1 0 0 0 0 1 2 0 0 0 2 2 0 0 0 0 0 0 0 0 0 0 0 1 0 2 0 0 0 0 2 0 2 0 0 2 0 0 0 0 0 0 0 0 0 0 0 0 0 0 0
1371 2 2 0 2 2 2 0 2 0 2 0 0 2 0 0 0 2 2 0 2 0 2 2 0 2 0 2 2 2 0 0 2 0 2 2 2 2 0 2 2 2 0 0 2 0 0 0 2 0 0 2 0 2 0 2 2 2 0 0 2 2 0 2 2 2 2 0 2 2 2 2 2 2 2 2 0 0 0 0 2 2 0 0 0 0 2 0 0 0 2 2 2 0 0 2 0 2 0 2 0 2 2 2 0 2 0 2 2 2 2 0 2 2 2 0 0 2 2 0 0 2 0 0 2 0 0 2 0 2 0 0 2 2 0 0 2 2 0 2 2 2 2 2 2 2 2 0 2 1 0 0 2 0 2 0 2 2 2 2 2 2 2 2 2 2 2 2 1 2 2 0 2 2 2 2 2 2 2 2 0 2 0 2 2 2 2 0 2 2 2 2 2 0 0 2 2 0 0 2 1 0 2 0 0 0 2 0 0 0 2 2 0 0 2 2 2 0 0 0 2 2 0 2 0 2 0 2 2 0 2 0 2 0 2 0 0 0 0 0 2 2 2 2 2 2
1372 2 2 2 2 2 2 2 2 2 2 2 2 2 2 2 2 2 2 2 2 2 2 2 2 2 2 2 2 2 2 2 2 2 2 0 2 2 2 2 2 2 2 2 0 2 2 2 2 2 2 2 2 0 2 2 2 2 2 2 2 2 2 2 0 0 2 2 2 2 0 2 2 0 0 2 2 2 2 2 2 2 2 2 2 2 2 2 2 2 0 2 2 2 2 2 2 2 2 2 2 2 2 2 2 2 2 2 2 2 2 2 0 0 2 2 2 2 2 2 2 2 2 2 0 2 2 2 2 2 2 2 0 2 2 2 2 0 2 2 0 2 2 2 2 2 2 2 2 2 2 2 2 2 2 2 2 2 2 2 2 0 2 2 2 2 2 2 2 2 2 2 2 0 2 2 2 2 2 2 2 2 2 2 2 2 2 2 2 2 2 2 2 2 2 2 2 2 2 0 2 2 0 2 2 2 2 2 2 2 0 2 2 2 2 0 2 2 2 2 2 0 2 2 2 2 2 2 2 2 2 2 2 2 2 2 2 2 2 2 0 2 2 2 2 2
1373 0 0 2 0 0 0 0 0 2 0 0 2 0 0 0 2 0 0 0 0 2 0 2 0 0 0 0 0 0 0 2 0 2 2 0 1 2 0 2 2 0 0 0 0 0 2 2 0 2 0 2 0 0 2 2 2 0 0 2 0 2 0 0 0 0 0 0 0 2 0 2 2 0 0 0 0 2 2 2 2 0 2 0 2 2 0 2 0 2 0 0 2 0 0 0 2 2 2 0 2 0 0 0 2 2 2 0 0 2 0 0 0 0 0 2 2 0 2 2 2 2 0 2 0 2 0 2 0 0 2 0 0 2 2 2 0 0 2 2 0 0 0 0 0 0 2 0 0 0 2 0 0 0 0 0 0 0 0 0 0 0 0 2 0 0 0 0 1 2 0 2 0 0 0 2 2 2 0 0 0 0 2 0 0 2 0 2 0 0 0 0 0 0 2 0 0 0 0 0 1 2 0 2 0 2 2 0 2 2 2 0 0 2 0 0 2 2 1 0 2 0 0 0 0 0 0 0 0 2 0 2 0 0 0 0 0 2 0 2 0 0 0 2 0 0
1374 2 2 0 2 2 2 2 2 0 2 2 2 2 0 2 2 2 2 0 2 2 2 0 0 2 2 2 2 2 0 2 2 2 2 2 2 0 0 2 0 2 0 2 2 0 0 2 2 0 2 0 2 2 0 0 0 2 0 0 2 0 0 2 2 2 2 0 2 2 2 0 0 2 2 2 0 0 2 2 2 2 0 2 2 2 2 0 0 2 2 2 2 2 2 2 2 2 2 2 0 2 2 1 2 2 2 2 2 2 2 0 2 2 2 2 0 2 0 2 2 2 0 2 2 2 2 2 2 2 2 0 2 2 2 2 2 2 2 2 2 2 2 2 2 2 2 2 2 1 2 2 2 2 2 0 2 2 2 2 2 2 2 2 2 2 2 2 1 0 2 2 2 2 2 2 2 2 2 2 0 2 2 2 2 0 2 2 2 2 2 2 2 0 2 2 2 2 2 2 2 2 2 2 2 2 2 2 2 2 2 2 2 0 2 2 0 2 2 2 2 2 2 2 2 2 2 2 2 2 2 2 2 0 2 2 0 2 0 2 2 2 2 2 2 2
1375 2 2 2 2 0 2 2 0 2 2 2 2 0 2 2 2 2 2 2 2 2 2 2 2 2 2 0 2 2 2 2 2 2 0 2 1 2 2 2 2 0 2 2 2 2 2 2 2 2 2 2 2 2 2 2 2 2 2 2 2 2 2 2 2 2 0 2 2 2 2 2 2 2 2 2 2 2 2 2 0 2 2 2 2 2 0 2 2 0 2 2 2 2 2 2 2 0 2 0 2 2 2 2 2 2 2 2 2 0 2 2 2 2 2 2 2 0 2 2 2 0 2 2 2 2 2 2 0 2 2 2 2 0 2 2 2 2 2 2 2 2 2 2 2 2 0 2 2 2 2 2 2 2 2 2 2 2 2 2 2 2 2 0 2 2 2 2 2 2 2 2 2 2 2 2 2 2 2 2 2 2 2 2 0 2 2 2 0 2 2 2 2 2 2 2 0 2 2 2 2 2 2 0 2 2 2 2 0 2 2 2 2 2 2 2 2 0 2 2 2 2 2 2 2 2 2 2 2 2 2 0 2 2 2 2 2 2 2 2 2 0 2 0 2 2
1376 2 2 2 2 2 2 2 2 2 2 2 2 2 2 2 2 0 2 2 2 0 2 2 2 2 2 2 2 2 2 2 2 0 2 2 2 2 2 2 2 2 2 2 2 2 2 2 2 2 2 2 2 2 2 2 2 2 2 2 2 2 2 2 2 2 2 2 2 2 2 2 2 2 2 0 2 2 2 2 2 0 2 2 2 2 2 2 2 2 2 0 2 2 0 0 0 2 2 2 2 0 0 2 2 2 2 0 0 2 2 2 2 2 2 2 2 2 2 2 0 2 2 2 2 0 2 2 2 2 2 2 2 2 0 2 2 2 2 2 2 2 2 0 0 2 2 2 2 2 2 2 0 2 2 2 2 2 2 0 2 2 2 2 0 0 0 0 2 2 2 2 2 2 2 2 2 2 2 2 2 2 2 2 2 2 0 0 2 0 2 1 2 2 2 1 2 2 2 2 2 2 2 2 2 2 2 2 2 2 2 2 2 2 2 2 2 2 1 2 2 2 2 2 2 2 2 2 0 2 2 2 0 2 2 2 2 0 2 2 2 2 0 2 0 0
1377 0 0 0 0 0 0 0 0 0 0 0 2 0 0 2 0 0 0 0 0 0 0 0 0 0 0 0 0 0 0 0 0 0 0 0 0 0 0 0 0 0 0 0 0 0 0 0 0 0 2 0 0 2 0 0 0 0 0 0 0 0 0 0 0 0 0 0 0 2 0 0 0 0 2 0 0 0 2 0 0 2 0 0 0 0 0 0 0 0 0 2 0 0 0 0 0 0 0 0 0 2 0 0 0 0 0 0 0 0 0 0 0 2 0 0 0 0 0 0 0 0 0 0 0 0 0 0 0 2 0 2 0 0 0 0 0 0 0 2 0 0 2 0 0 0 0 0 0 1 0 0 0 0 0 0 0 0 0 0 0 0 0 0 2 2 0 0 1 0 0 0 0 0 0 0 0 2 0 0 0 0 0 0 0 0 0 0 0 2 0 0 0 0 2 1 0 0 0 0 0 0 2 0 0 0 2 0 0 0 0 0 0 0 0 0 2 0 1 0 2 2 2 0 0 0 0 0 2 0 0 0 0 0 0 0 0 2 0 0 0 0 0 0 2 0
1378 0 2 0 0 0 2 2 0 0 0 0 0 0 0 0 0 0 0 0 0 0 0 2 0 2 2 0 0 0 0 0 0 0 2 0 1 2 0 0 0 0 0 0 0 0 0 0 0 0 0 0 0 0 0 2 2 0 0 0 0 0 0 2 0 0 0 0 0 2 2 0 0 2 0 0 0 0 0 0 0 0 0 2 2 0 0 0 0 0 0 0 0 2 0 0 0 2 0 0 0 0 0 2 0 0 0 0 0 0 2 0 2 2 0 2 0 0 0 0 0 2 0 2 0 0 2 0 0 2 0 0 0 2 0 0 0 0 2 2 0 0 0 0 0 0 0 0 0 1 0 2 0 0 0 2 0 2 2 0 0 0 2 2 0 0 0 0 1 0 0 2 2 0 2 0 0 2 0 0 0 2 0 2 0 0 0 2 0 0 0 1 2 0 0 0 0 2 2 0 1 0 0 2 2 0 2 2 2 0 2 0 2 0 0 0 0 2 0 2 2 2 0 0 2 2 2 2 0 0 2 2 2 0 2 2 0 0 0 0 0 0 2 0 0 0
1379 2 2 0 2 2 2 2 2 2 2 0 2 2 2 2 2 2 2 2 0 0 2 2 2 2 2 2 2 2 2 2 2 2 2 2 2 2 2 0 2 2 2 0 0 2 0 2 2 0 2 0 0 2 0 2 2 2 2 0 2 0 2 2 2 0 2 2 2 2 2 2 2 2 2 2 2 0 2 2 2 2 0 2 2 2 2 0 2 2 2 2 0 2 2 2 2 2 2 2 0 2 2 2 2 0 2 2 2 2 2 2 2 2 2 2 2 2 0 2 2 2 0 2 0 0 2 2 2 0 2 2 2 2 2 2 2 2 2 2 2 2 2 2 2 2 2 1 2 2 2 2 2 2 2 2 2 2 2 2 2 2 2 2 2 2 2 2 2 2 2 2 2 2 2 2 2 2 2 2 2 2 0 2 2 2 0 2 2 2 2 2 2 2 2 2 2 2 2 2 1 2 2 2 2 2 2 2 2 2 2 2 2 0 2 2 2 2 2 2 2 2 2 2 2 2 2 2 2 2 2 2 2 2 2 2 2 2 2 2 2 2 2 0 2 2
1380 2 2 2 2 2 2 2 0 2 2 2 2 2 2 2 2 2 2 2 2 2 2 2 2 2 2 2 2 2 2 2 2 2 2 2 2 2 2 2 2 2 2 2 2 2 2 2 2 2 2 2 2 2 2 2 2 2 2 2 2 2 2 2 2 2 2 2 2 2 2 2 2 2 2 2 2 2 2 2 2 0 1 2 2 2 2 2 2 0 2 2 2 2 2 2 2 2 2 0 2 0 2 2 2 2 2 2 2 2 2 2 2 2 2 2 2 2 2 2 2 2 2 2 2 2 2 2 2 2 2 2 2 2 2 2 2 2 2 2 2 2 2 2 2 2 0 2 2 2 2 2 2 2 2 2 0 2 2 2 2 2 2 2 0 2 2 2 2 2 2 2 2 2 2 0 2 2 2 2 2 2 2 2 2 2 2 2 2 0 2 2 2 2 2 2 2 2 2 2 2 2 2 2 2 2 2 2 2 2 2 2 2 2 2 2 2 2 2 2 2 2 2 2 2 2 2 2 0 2 2 2 2 2 2 2 2 2 2 2 2 2 2 2 0 2
1381 0 0 0 0 0 0 0 0 0 0 0 0 0 0 0 0 2 0 0 0 0 0 0 0 0 2 2 0 0 0 0 0 0 0 0 0 0 0 0 0 0 0 0 0 0 0 0 0 0 0 0 0 0 0 0 0 0 0 0 0 0 0 2 2 0 0 0 0 0 0 0 0 0 0 2 0 0 0 0 0 0 0 0 0 0 2 0 0 0 0 0 0 0 0 0 0 0 0 0 0 2 0 0 0 0 0 0 0 0 0 0 0 0 0 0 0 2 2 0 0 2 0 0 0 0 0 0 0 0 0 0 0 0 0 0 2 0 0 2 0 0 0 2 0 0 0 0 0 0 0 0 0 0 0 0 0 0 0 0 0 2 0 0 2 2 0 0 1 0 0 0 0 0 0 0 0 2 0 0 0 0 0 0 2 0 0 0 0 2 0 0 0 0 0 0 2 0 0 0 0 0 0 0 0 0 2 0 0 0 0 0 0 0 0 0 0 0 0 0 2 0 0 0 0 0 0 0 0 2 0 0 0 0 2 0 0 0 0 0 2 2 0 0 2 0
1382 0 2 0 0 0 0 0 0 0 0 0 0 0 0 0 0 2 0 0 0 0 0 2 0 0 2 2 0 0 0 0 0 0 0 2 2 2 0 0 0 0 0 0 2 0 0 0 0 0 0 0 0 2 2 2 2 0 0 0 0 0 0 2 2 2 0 0 0 0 0 0 0 0 2 2 0 0 0 0 0 2 0 0 0 0 2 0 0 2 2 0 0 0 0 2 0 0 0 0 0 2 2 2 0 2 0 0 2 0 2 0 0 2 0 0 0 2 2 0 0 0 0 0 2 0 0 0 0 0 0 2 0 0 0 0 2 2 0 2 0 0 2 2 2 0 0 1 0 0 0 0 0 0 2 0 0 0 2 2 0 2 0 0 2 2 2 2 1 0 0 0 0 0 0 0 0 2 2 0 0 0 0 0 2 0 2 0 0 2 0 0 0 0 0 2 2 0 0 2 1 0 2 0 0 0 2 0 0 0 0 0 0 0 0 0 0 0 0 0 2 2 0 0 0 0 0 0 2 2 0 0 0 0 2 0 0 0 0 0 2 2 2 0 2 2
1383 2 2 2 2 0 2 0 2 2 2 2 2 0 2 2 2 2 2 2 2 2 2 2 2 2 2 2 2 2 2 2 2 2 2 2 2 2 0 2 2 2 2 2 2 2 2 2 2 2 2 2 2 2 2 2 2 2 0 2 2 2 2 2 2 2 0 0 2 2 0 2 2 0 2 2 2 2 2 2 2 2 2 2 2 2 2 2 0 2 2 2 2 2 0 2 2 2 2 2 2 2 2 2 2 2 2 2 2 2 2 2 0 2 2 2 2 2 2 2 2 2 2 2 2 2 0 2 2 2 2 2 2 2 2 2 2 2 2 2 2 2 2 2 2 2 2 2 2 1 2 0 2 2 2 2 2 2 2 2 2 2 2 2 2 2 2 2 1 2 2 2 0 2 2 2 0 2 2 2 2 2 2 2 2 2 2 0 2 2 2 1 2 0 2 2 2 2 2 2 2 2 2 2 0 2 2 0 2 2 2 2 0 2 2 0 2 2 2 0 2 2 2 2 1 2 2 2 2 2 2 2 2 2 2 0 2 2 2 2 2 2 2 2 2 2
1384 2 0 2 2 2 2 2 2 2 2 2 2 2 2 2 0 2 2 2 2 2 2 0 2 2 2 2 2 2 2 2 2 2 0 2 2 0 2 0 2 0 2 2 2 2 2 2 2 2 2 0 2 2 2 1 0 2 2 2 2 0 2 2 2 2 2 2 2 2 2 2 2 2 2 2 2 2 2 0 2 2 2 2 0 0 2 2 2 2 2 2 0 2 2 2 2 0 2 2 2 0 2 0 2 2 2 2 2 2 0 2 2 2 2 2 2 2 2 0 2 2 2 2 2 2 2 2 2 2 0 2 0 0 2 2 2 2 2 2 2 2 2 2 2 2 2 2 2 2 2 2 2 2 2 2 2 0 2 2 2 2 2 0 0 2 2 2 2 0 2 0 2 2 2 2 2 2 2 2 2 2 2 2 2 2 2 2 2 0 2 2 2 2 2 2 2 2 2 2 1 2 2 2 2 2 2 2 2 2 2 2 2 2 2 2 0 2 1 2 2 2 2 2 2 2 2 2 2 2 0 2 2 2 2 2 2 2 2 0 2 2 2 2 0 2
1385 2 2 2 2 2 2 2 2 2 2 2 0 2 2 2 2 2 2 2 2 2 2 2 2 2 0 2 2 2 2 2 2 2 2 2 2 2 2 2 2 2 2 0 2 2 2 0 2 2 0 2 2 2 2 2 2 0 2 2 2 2 2 2 2 2 2 2 2 2 2 2 2 2 2 2 2 2 0 2 2 2 2 2 2 2 2 2 2 2 2 2 2 2 2 2 2 2 2 2 2 2 2 2 2 2 2 2 2 2 2 2 2 2 2 2 2 2 2 2 2 2 2 2 2 2 2 2 2 2 2 2 2 2 2 2 2 2 0 2 2 2 2 2 2 2 2 2 2 2 2 2 2 2 2 2 2 2 2 2 2 2 2 2 2 2 2 2 2 2 2 0 2 2 0 2 2 2 2 2 2 2 2 2 2 2 2 2 2 2 2 2 2 2 2 2 2 2 2 2 2 2 2 2 2 2 2 2 2 0 0 2 2 2 2 2 2 2 1 2 2 2 2 2 2 2 2 2 2 2 2 2 2 2 2 2 2 2 2 2 2 2 2 2 2 2
1386 0 0 0 0 0 2 0 2 0 2 0 2 0 0 0 0 2 0 0 0 0 0 0 0 0 2 2 0 0 0 0 0 0 0 2 1 0 0 0 0 0 0 0 2 0 0 0 0 0 0 2 0 0 0 0 0 0 0 0 0 2 2 0 2 2 0 0 0 2 0 0 0 0 0 2 0 0 2 0 0 2 0 0 0 0 2 0 0 0 2 2 0 0 0 2 0 0 0 2 0 2 2 0 0 0 2 0 0 2 0 0 2 2 0 2 0 2 2 0 0 2 0 0 2 0 0 0 0 0 0 0 2 0 0 0 2 2 0 2 2 0 0 2 2 0 2 0 0 1 1 0 0 0 0 0 2 2 2 2 0 2 0 0 0 2 2 2 1 0 0 0 2 2 0 2 0 2 0 0 0 2 2 2 2 0 2 0 0 0 0 0 2 0 0 1 2 2 2 2 0 0 2 0 0 0 2 0 0 0 0 0 0 0 0 0 2 0 1 0 2 0 2 0 0 0 0 2 0 2 0 0 2 0 2 0 0 0 0 0 2 2 0 0 0 0
1387 0 0 0 0 0 2 0 0 0 0 0 0 0 0 0 0 0 0 0 0 0 0 0 0 0 0 0 0 0 0 0 0 0 0 0 0 0 0 0 0 0 0 0 0 0 0 0 0 0 0 0 0 2 0 0 0 0 0 0 0 0 0 0 0 0 0 0 0 2 0 0 0 0 2 0 0 0 0 0 0 2 0 0 0 0 0 0 0 0 0 2 0 0 0 2 0 0 0 0 0 0 0 0 0 0 0 2 0 2 0 0 0 2 0 0 2 0 0 0 0 0 0 0 0 0 0 0 0 0 0 0 0 0 0 2 0 0 0 2 2 0 2 2 0 0 0 0 0 1 0 0 0 0 2 0 0 2 2 0 0 2 0 0 2 2 2 2 2 0 0 0 2 2 0 0 0 2 2 0 0 0 0 0 0 0 0 0 0 2 0 0 0 0 0 1 0 0 0 2 0 0 2 0 0 2 2 0 0 0 0 0 0 0 0 0 0 0 0 0 2 2 0 0 0 0 0 0 2 2 0 0 0 0 0 0 0 0 0 0 0 0 2 0 2 2
1388 0 2 2 2 0 0 0 2 0 2 0 2 0 0 2 2 2 2 2 0 2 0 0 0 0 2 2 0 2 2 0 0 0 0 2 1 2 0 2 2 2 2 0 0 2 2 0 0 2 2 2 0 2 2 0 0 0 0 2 2 2 2 0 2 0 0 0 2 2 0 2 2 0 2 2 2 2 2 2 2 2 2 0 2 2 2 2 0 2 2 2 2 0 0 0 0 0 0 2 2 2 0 2 0 2 0 2 0 0 2 2 2 2 0 2 2 2 2 2 0 0 0 2 0 2 0 0 0 2 2 2 0 2 0 2 2 2 0 2 2 0 2 2 2 2 2 1 2 1 0 0 0 0 0 0 2 0 2 2 2 2 0 0 2 2 2 0 2 0 2 2 2 2 2 2 0 2 0 2 2 0 0 2 2 0 2 0 0 2 0 0 0 0 0 1 0 0 0 0 2 0 2 0 2 2 2 0 2 0 0 2 0 2 2 0 2 0 2 0 2 2 2 2 0 0 0 0 2 0 0 2 0 2 2 0 0 0 2 2 0 2 2 2 2 0
1389 2 2 2 2 2 0 2 2 2 2 2 2 2 2 2 2 0 2 2 2 2 0 2 2 2 2 2 0 2 2 2 0 2 2 2 2 2 2 2 2 2 2 2 2 2 2 2 2 2 2 2 2 2 2 2 2 2 2 2 2 2 2 0 0 2 2 2 0 2 2 2 2 2 2 0 2 2 2 2 2 0 2 2 0 2 2 2 2 2 2 2 2 2 2 2 2 2 2 2 2 0 2 2 2 0 2 2 2 0 2 2 0 2 2 2 2 2 2 2 2 2 2 2 2 2 2 2 2 2 2 2 2 2 2 2 2 2 2 2 2 2 2 2 2 2 2 2 2 1 2 2 2 2 2 2 2 0 2 2 2 2 2 2 2 2 2 2 2 2 2 2 2 2 2 2 2 2 2 2 2 2 2 2 2 2 2 2 2 2 2 2 2 2 2 2 2 2 2 2 1 2 2 2 2 2 2 2 2 2 2 2 2 2 2 2 2 2 2 2 2 2 2 0 2 2 2 2 2 2 2 2 2 2 0 2 0 2 2 2 2 2 2 2 2 2
1390 0 0 0 0 0 0 0 2 0 0 0 0 0 0 0 0 0 0 0 0 0 0 0 0 0 0 2 0 0 0 0 0 0 0 0 1 0 0 0 0 0 0 0 0 0 0 0 0 0 0 0 0 0 0 0 0 0 0 0 0 0 0 0 2 0 0 0 0 2 0 0 0 0 0 0 0 0 0 0 0 0 0 0 0 0 2 0 0 0 0 0 0 0 0 0 0 0 0 2 0 0 0 0 0 0 0 0 0 2 0 0 0 0 0 0 0 0 0 0 0 0 0 0 0 0 0 0 0 0 0 0 0 0 0 0 2 2 2 2 0 0 0 0 0 0 0 0 2 1 0 0 2 0 2 0 0 0 2 0 2 0 0 0 0 0 0 0 2 0 2 0 2 0 0 0 2 2 2 2 0 0 0 0 2 0 0 0 0 0 0 0 0 0 2 0 0 0 0 2 0 0 0 0 0 0 2 0 2 0 0 0 0 0 0 0 0 0 0 0 2 0 0 0 0 0 0 0 0 0 0 2 0 0 0 0 2 0 0 0 0 0 0 0 0 2
1391 2 2 2 2 2 0 0 2 2 2 2 2 2 2 2 2 2 2 2 2 2 2 2 2 2 2 2 2 2 2 2 2 0 2 0 2 2 2 2 2 2 2 2 2 2 2 2 2 2 2 2 2 2 2 2 2 2 2 2 2 2 2 2 2 2 2 2 2 2 0 2 2 2 2 2 2 2 2 2 2 2 2 2 2 2 2 2 2 2 0 2 2 2 0 2 0 2 2 2 2 2 2 2 2 2 2 2 0 2 2 2 2 2 2 2 2 0 2 2 0 2 2 2 2 2 0 2 2 2 2 0 2 0 0 0 2 2 2 2 2 2 0 2 2 2 2 2 2 1 2 0 2 2 2 2 2 2 2 2 2 2 2 2 2 2 2 2 2 2 2 2 2 2 2 2 2 2 2 2 2 2 2 2 2 2 2 2 2 2 2 2 2 2 2 2 2 2 2 2 1 2 2 2 0 0 2 2 2 2 2 2 2 2 2 0 2 2 2 0 2 2 2 2 2 2 2 2 2 2 2 2 2 2 2 2 2 2 2 2 2 0 2 2 2 2
1392 2 0 2 2 0 2 2 2 2 2 2 2 0 2 2 2 2 2 2 2 2 2 0 2 0 2 2 2 2 2 2 2 2 0 2 2 2 2 2 2 2 2 2 2 2 2 2 2 2 2 2 2 2 2 0 0 2 2 2 2 2 2 2 2 2 0 2 2 2 2 2 2 2 2 2 2 2 2 2 0 2 2 2 2 2 2 2 0 2 2 2 2 2 2 2 2 0 2 2 2 2 2 0 2 2 2 2 2 2 0 2 2 2 2 2 2 2 2 2 2 2 2 2 2 2 2 2 2 2 2 2 2 2 2 2 2 2 2 2 2 2 2 2 2 2 2 2 2 2 2 2 2 2 2 0 2 2 2 2 2 2 2 0 2 2 2 2 2 2 2 2 2 2 2 2 2 2 2 2 2 2 2 2 2 0 2 0 2 2 2 1 2 0 2 2 2 0 0 2 2 2 2 2 2 2 2 0 2 2 2 2 0 2 2 2 2 2 2 2 2 2 2 2 2 2 2 2 2 0 0 2 0 2 2 0 2 2 2 2 0 2 2 2 2 2
1393 2 2 2 2 2 2 2 2 2 2 2 2 2 2 2 2 0 2 2 2 2 2 2 2 2 2 2 2 2 2 2 2 2 2 2 2 2 2 2 2 2 2 2 2 2 2 2 2 2 2 2 2 2 2 2 2 2 2 2 2 2 2 2 2 2 2 2 2 2 2 2 2 2 2 0 2 2 2 2 2 2 2 2 2 2 2 2 2 2 2 0 2 2 2 2 2 2 2 2 2 2 2 2 2 2 2 2 2 2 2 2 2 2 2 2 2 2 2 2 2 2 2 2 2 2 2 2 2 0 2 2 2 2 2 2 2 0 0 2 2 2 2 2 2 2 2 2 2 2 2 2 0 2 2 2 2 2 0 2 2 2 2 2 2 0 2 2 2 2 2 2 0 2 2 2 2 2 2 2 2 2 2 2 2 2 2 2 2 2 2 2 2 2 0 2 2 2 2 0 2 2 2 2 2 2 2 2 0 2 2 2 2 2 2 2 2 2 2 2 2 2 2 2 2 2 2 2 2 2 2 0 2 2 2 2 2 2 2 2 2 2 2 2 2 2
1394 2 2 2 2 2 2 2 2 2 2 2 2 2 2 2 2 0 2 2 2 2 2 2 2 2 2 2 2 2 2 2 2 2 2 2 2 2 2 2 2 2 2 2 2 2 2 2 2 2 2 2 2 2 2 2 2 2 2 2 2 2 2 2 2 2 2 2 2 2 2 2 2 2 2 0 2 2 2 2 2 2 2 2 2 2 2 2 2 2 2 0 2 2 2 2 2 2 2 2 2 2 2 2 2 2 2 2 2 2 2 2 2 2 2 2 2 2 2 2 2 2 2 2 2 2 2 2 2 0 2 2 2 2 2 2 2 0 0 2 2 2 2 2 2 2 2 2 2 2 2 2 0 2 2 2 2 2 0 2 2 2 2 2 2 0 2 2 2 2 2 2 0 2 2 2 2 2 2 2 2 2 2 2 2 2 2 2 2 2 2 2 2 2 0 2 2 2 2 0 2 2 2 2 2 2 2 2 0 2 2 2 2 2 2 2 2 2 2 2 2 2 2 2 2 2 2 2 2 2 2 0 2 2 2 2 2 2 2 2 2 2 2 2 2 2
1395 0 0 0 2 0 2 2 2 0 2 0 0 0 0 2 0 2 1 0 2 2 0 0 0 0 0 2 0 2 0 0 0 2 0 2 2 2 0 2 0 2 0 0 0 0 0 0 0 0 2 0 2 0 2 0 0 0 0 0 2 0 2 2 2 0 0 0 0 2 2 2 0 0 0 2 0 0 0 0 0 2 0 0 2 0 2 0 0 2 2 2 2 0 2 2 2 0 2 2 0 2 2 0 0 2 0 2 2 2 0 0 0 0 0 0 2 2 0 0 2 2 0 2 0 2 2 2 0 2 0 0 2 2 2 2 2 2 2 2 2 0 2 2 2 0 0 1 2 1 2 2 2 2 0 0 0 2 2 2 2 0 2 0 2 2 0 2 1 0 2 0 2 2 2 0 2 2 0 2 0 2 0 2 2 0 0 0 0 2 0 0 2 0 2 2 2 0 0 2 1 2 2 2 2 2 2 0 2 0 2 0 0 0 0 2 2 2 2 2 2 0 2 0 0 2 0 2 2 0 0 2 0 0 2 0 2 0 0 0 0 2 2 2 2 0
1396 2 2 2 2 2 0 2 0 2 2 2 2 2 2 0 2 2 0 0 2 2 2 2 2 2 0 2 2 0 0 2 2 0 2 2 2 2 2 2 2 2 0 0 2 0 2 2 2 2 2 2 2 2 2 2 2 0 2 2 0 2 2 0 2 0 2 2 2 2 2 0 0 2 2 2 0 2 2 0 0 2 2 2 2 2 0 2 2 2 2 0 2 2 0 0 0 2 0 0 2 0 0 2 2 2 2 2 2 0 2 0 2 0 2 2 2 2 2 2 0 0 2 2 2 2 2 2 2 0 0 2 2 2 0 2 2 0 2 2 0 2 2 0 2 2 0 2 0 0 0 2 0 0 0 2 0 0 0 2 2 0 0 2 2 0 2 0 1 0 2 2 2 0 2 0 2 2 0 2 0 0 2 0 2 2 0 2 0 2 2 2 0 2 0 0 0 2 0 0 1 0 0 0 2 2 2 2 0 2 2 0 2 2 2 0 0 0 2 2 2 2 2 2 2 0 2 0 0 2 2 0 2 0 0 2 2 2 0 2 0 2 0 0 0 0
1397 2 2 2 2 2 2 2 2 2 2 2 2 2 2 2 2 2 2 2 2 2 2 2 2 2 2 2 2 2 2 2 2 2 2 2 2 2 0 2 2 2 2 2 0 2 2 0 2 2 2 0 0 2 0 2 2 2 0 2 2 0 2 2 2 2 2 0 2 2 2 2 2 2 2 2 2 2 2 2 2 2 0 2 2 2 2 2 2 0 2 2 2 2 2 2 2 2 2 2 2 2 2 2 2 0 2 2 2 2 2 2 2 2 2 2 2 2 0 2 2 2 0 2 0 2 2 2 2 2 2 2 2 2 2 2 2 2 2 2 2 2 2 2 2 2 2 0 2 2 2 2 2 2 2 2 2 2 2 2 2 2 2 2 2 2 2 2 2 2 2 2 2 2 2 2 2 2 2 2 2 2 2 2 2 2 2 2 2 2 2 2 2 2 2 2 2 2 2 2 1 2 2 2 2 2 2 2 2 0 2 2 2 2 2 2 2 2 2 2 2 0 2 2 2 2 2 2 2 2 2 2 2 2 2 2 2 2 2 2 2 2 2 2 2 2
1398 0 2 2 0 2 2 2 0 2 0 0 0 2 0 0 2 2 0 0 2 2 0 2 0 0 2 0 0 0 0 0 0 2 0 2 1 0 0 0 0 2 0 0 0 0 2 0 0 2 2 0 2 0 0 2 2 2 0 2 0 0 0 0 2 0 2 0 0 2 2 0 0 0 0 2 0 2 0 2 0 0 0 0 0 2 0 2 2 0 2 0 0 0 2 0 2 0 0 0 2 0 2 2 0 0 2 0 2 0 2 0 0 2 0 0 2 2 0 2 2 0 0 0 0 0 2 2 0 0 2 0 2 2 2 2 0 0 2 2 0 0 2 0 0 0 2 2 0 2 0 2 0 0 2 2 0 0 0 0 0 2 2 0 0 0 2 0 2 2 0 2 2 0 0 2 2 2 2 0 0 2 2 2 0 0 2 0 2 0 0 0 2 2 0 0 0 2 0 0 1 0 0 2 2 2 2 0 2 0 2 0 2 2 0 2 0 2 0 2 2 0 0 0 0 2 0 2 0 2 0 2 0 0 0 2 2 0 0 2 0 2 0 0 0 2
1399 2 2 0 2 2 2 2 2 2 2 2 2 2 2 2 2 2 2 2 2 0 2 2 2 2 2 2 2 2 2 2 2 0 2 2 2 2 2 2 2 2 2 2 2 2 0 2 2 0 2 2 2 2 2 2 2 2 2 0 2 2 2 2 2 2 2 2 2 2 2 2 2 2 2 2 2 0 2 2 2 2 2 2 2 2 2 0 2 2 2 2 2 2 0 2 0 2 2 2 0 2 2 2 2 2 2 2 2 2 2 2 2 2 2 2 2 2 2 2 0 2 2 2 2 2 2 2 2 2 2 2 2 2 0 2 2 2 2 2 2 2 2 2 2 2 2 2 2 2 2 2 2 2 2 2 2 2 2 2 2 2 2 2 2 2 2 2 2 2 2 2 2 2 2 2 2 2 2 2 2 2 2 2 2 2 2 2 2 2 2 2 2 2 2 2 2 2 2 2 2 2 2 2 2 2 2 2 2 2 2 2 2 0 2 0 2 2 2 2 2 2 2 2 2 2 2 2 2 2 2 2 2 2 2 2 2 2 2 2 2 2 2 2 2 2
1400 0 2 2 2 2 0 2 2 0 2 2 2 2 0 2 2 2 2 2 0 2 2 2 0 2 2 2 2 2 2 0 2 2 2 0 2 2 0 2 2 2 2 0 2 2 2 0 0 2 0 0 0 2 0 2 2 0 0 2 0 0 2 2 2 0 2 0 2 2 2 0 2 2 2 2 2 2 2 0 2 2 0 2 2 2 2 2 2 0 0 2 2 2 2 2 2 2 2 2 2 2 2 2 0 0 0 2 2 2 2 2 2 2 0 2 2 0 2 2 2 2 0 0 2 2 2 2 0 2 2 2 2 0 2 0 2 2 0 2 2 0 0 2 2 2 2 0 2 1 2 2 2 0 2 2 0 2 2 2 0 2 2 2 2 2 2 2 2 0 0 2 0 2 2 2 2 2 2 0 2 2 0 2 2 2 2 2 2 2 0 1 2 2 2 2 2 2 0 2 0 2 2 2 0 0 2 2 2 0 2 0 2 2 2 2 2 2 2 2 2 2 2 2 2 2 2 2 2 2 2 2 2 2 2 2 2 0 2 2 2 0 2 0 2 2
1401 2 2 2 0 2 2 2 2 2 2 2 2 2 2 2 2 2 2 2 2 2 2 2 2 2 2 2 2 2 2 2 2 2 2 2 2 2 2 2 2 2 2 2 2 2 2 0 2 2 2 0 0 2 0 2 2 2 2 2 2 0 2 2 2 2 2 2 2 2 2 2 2 2 2 2 2 2 2 2 2 2 0 2 2 2 2 2 2 0 2 2 2 2 2 2 2 2 2 2 2 2 2 2 2 0 2 2 2 2 2 2 2 2 2 2 2 2 2 2 2 2 0 2 2 2 2 2 0 2 2 2 2 2 2 2 2 2 2 2 2 2 2 2 2 2 2 0 2 2 2 2 2 2 2 2 2 2 2 2 2 2 2 2 2 2 2 2 2 2 2 2 2 2 2 2 2 2 2 2 2 2 2 2 2 2 2 2 2 2 2 2 2 2 2 2 2 2 0 2 1 2 2 2 2 2 2 2 2 0 2 2 2 2 2 2 2 2 2 2 2 2 2 2 2 2 2 2 2 2 2 2 2 2 2 2 2 0 2 2 2 2 2 2 2 2
1402 2 0 2 2 2 2 0 2 2 2 2 2 2 2 2 2 2 2 2 2 2 2 0 2 0 2 2 2 2 2 2 2 2 0 2 2 2 0 2 2 2 2 2 2 2 2 2 2 2 2 2 2 2 2 0 0 2 0 2 2 2 2 2 2 2 2 0 2 2 2 2 2 2 2 2 2 2 2 2 2 2 2 2 0 2 2 2 0 2 2 2 2 2 2 2 2 0 2 2 2 2 2 0 2 2 2 2 2 2 0 2 2 2 2 2 2 2 2 2 2 2 2 2 2 2 0 2 2 2 2 2 2 2 2 2 2 2 2 2 2 2 2 2 2 2 2 2 2 2 2 0 2 2 2 2 2 2 2 2 2 2 0 0 2 2 2 2 2 2 2 2 2 2 2 2 0 2 2 2 2 2 2 2 2 0 2 0 2 2 2 1 2 0 2 2 2 2 2 2 2 2 2 0 2 2 2 0 2 2 2 2 0 2 2 2 2 0 2 0 2 2 2 2 2 0 2 2 2 0 0 2 0 2 2 0 2 2 2 2 0 2 2 0 2 2
1403 2 0 0 0 0 0 0 0 2 0 0 0 0 2 2 0 0 2 2 2 0 2 0 2 0 0 0 2 2 2 2 2 0 0 0 0 0 0 2 0 0 2 0 0 2 0 0 2 0 0 2 2 0 0 0 0 0 0 0 2 2 2 0 0 0 0 0 0 0 2 0 2 0 0 0 2 0 0 0 0 0 0 0 0 0 0 0 0 0 0 0 2 0 0 0 0 0 0 0 0 0 0 0 2 0 0 0 0 0 0 2 0 0 2 0 2 0 0 0 0 0 2 0 0 2 0 0 0 0 0 0 0 0 0 0 0 0 0 0 0 2 0 0 0 2 0 1 0 1 0 0 0 2 0 0 0 0 0 0 2 0 0 0 0 0 0 0 0 0 2 0 0 0 0 0 0 0 0 2 2 0 0 0 0 0 0 0 0 0 2 1 0 0 0 0 0 0 0 0 0 0 0 0 0 0 0 0 0 0 0 0 0 0 2 0 0 0 0 0 0 0 0 0 0 0 0 0 0 0 0 0 0 2 0 0 0 0 2 0 0 0 0 0 0 0
1404 0 0 0 0 2 2 2 0 0 0 0 0 2 0 0 0 0 0 0 0 0 0 2 0 0 0 0 0 0 0 0 0 2 0 0 0 0 2 0 0 0 0 0 0 0 0 0 0 0 0 0 0 0 0 2 2 0 2 0 0 0 0 2 0 0 2 2 0 0 2 0 0 2 0 0 0 0 0 2 2 0 0 0 0 0 0 0 2 0 0 0 0 0 2 0 2 0 0 0 0 0 0 0 0 0 2 0 2 0 0 0 2 0 0 0 0 0 0 0 2 0 0 0 0 0 2 0 0 0 2 0 0 0 2 0 0 0 0 0 0 0 0 0 0 0 0 0 0 1 2 2 0 0 0 2 0 0 0 0 0 0 0 0 0 0 0 0 1 0 0 0 0 0 0 0 2 0 0 0 0 0 0 2 0 2 0 2 0 0 0 0 0 2 0 1 0 2 2 0 0 2 0 2 2 0 0 2 0 0 0 0 2 0 0 2 0 2 0 2 0 0 0 0 2 0 0 0 0 2 2 0 0 0 0 2 0 0 0 0 0 0 0 2 0 0
1405 2 2 2 2 2 0 0 2 2 2 2 2 2 2 2 2 2 2 2 2 2 2 0 2 2 2 2 2 2 2 2 2 0 2 2 2 2 0 2 2 2 2 2 2 2 2 2 2 2 2 2 2 2 2 0 0 2 0 2 2 2 2 2 2 2 2 0 2 2 0 2 2 0 2 2 2 2 2 0 2 2 2 2 2 2 2 1 0 2 2 2 2 2 0 2 0 2 2 2 2 2 2 2 2 2 0 2 2 2 2 2 0 2 2 2 2 2 2 2 0 2 2 2 2 2 0 2 2 2 2 2 2 2 0 1 2 2 2 2 2 2 1 2 2 2 2 2 2 2 1 0 2 2 2 0 1 2 2 2 2 2 2 2 2 2 2 2 2 2 2 2 2 2 2 2 0 2 2 2 2 2 2 2 2 0 2 0 2 2 2 2 2 0 2 1 2 0 0 2 2 0 2 0 0 2 2 0 2 2 2 2 2 2 2 0 2 0 2 0 2 2 2 2 0 2 2 2 2 0 0 2 2 2 2 2 2 2 2 2 2 2 2 0 2 2
1406 0 0 0 0 2 2 0 0 0 0 0 0 2 0 0 2 2 0 0 0 1 0 0 0 2 0 0 0 0 0 0 0 0 2 2 1 0 0 0 0 0 0 0 2 0 0 0 0 0 2 0 0 0 0 0 0 2 0 0 0 0 0 0 0 0 2 0 0 2 0 0 0 0 0 2 0 0 0 0 2 2 2 0 0 2 0 0 0 0 2 2 0 0 0 0 0 2 2 0 0 2 2 0 0 0 0 2 2 0 0 0 0 0 0 0 0 2 0 2 0 0 0 0 2 0 0 0 2 2 2 2 0 2 0 0 0 0 2 0 2 0 2 2 2 0 0 0 0 1 0 0 0 0 2 0 0 0 2 2 0 0 0 2 2 2 0 2 1 2 0 0 2 2 0 0 0 0 2 0 0 2 2 2 0 0 0 0 2 2 0 0 2 0 2 1 2 0 0 2 0 0 0 0 0 0 0 0 2 0 2 0 2 0 0 0 0 0 1 0 0 2 2 0 0 0 0 2 2 0 0 2 0 0 2 2 0 2 0 2 0 2 2 0 2 2
1407 2 2 2 2 2 2 2 2 2 2 0 0 2 2 2 2 2 2 2 0 2 2 2 2 2 2 2 2 2 2 2 2 2 2 2 2 2 2 2 2 0 0 2 2 2 2 2 0 2 2 2 2 0 0 2 2 2 2 2 2 2 2 2 2 2 2 2 2 2 2 2 0 2 0 2 2 2 0 2 2 2 2 2 0 2 2 2 2 2 2 2 2 2 2 0 2 2 2 2 2 2 2 2 2 2 2 2 2 2 2 0 2 2 0 2 0 2 2 2 2 2 2 2 2 0 2 0 2 2 2 2 2 2 2 2 2 2 2 2 2 2 2 2 2 0 2 2 2 2 2 2 2 2 2 2 2 2 2 2 0 2 2 2 2 2 2 2 2 2 0 2 2 2 2 2 2 2 2 0 2 2 2 2 2 2 2 2 2 2 0 1 2 2 2 2 2 2 2 2 2 2 2 2 2 2 2 2 2 2 2 2 2 2 0 2 0 2 1 2 2 2 2 2 2 2 2 2 2 2 2 2 2 2 2 2 0 2 2 2 0 2 2 2 2 2
1408 2 2 2 2 2 2 2 2 2 0 2 2 2 2 2 2 2 2 2 2 2 2 2 2 2 2 2 2 2 2 2 2 2 2 2 2 2 2 2 2 2 2 2 2 2 2 0 2 2 2 2 2 2 0 2 2 2 2 2 2 2 2 2 2 0 2 2 2 2 2 2 2 2 2 2 2 2 2 2 2 2 2 2 2 2 2 2 2 2 2 2 2 2 2 0 2 2 2 2 2 2 2 2 2 2 2 2 2 2 2 2 2 2 2 2 2 2 2 2 2 2 2 2 2 2 2 2 2 2 2 2 2 2 2 2 2 2 2 2 2 2 2 2 2 2 0 2 2 2 2 2 2 2 2 2 2 2 2 2 2 0 2 2 2 2 2 2 2 2 2 2 2 2 2 0 2 2 2 2 2 2 2 0 2 2 2 2 2 2 2 2 2 2 2 2 2 2 2 2 2 2 2 2 2 2 2 2 0 0 2 2 2 2 2 2 2 2 2 2 2 2 2 2 2 2 2 2 2 2 2 0 2 2 2 2 0 2 2 2 2 2 2 2 2 2
1409 2 0 2 2 0 0 0 0 2 2 2 2 0 2 2 0 0 2 0 2 2 0 2 2 0 0 2 0 2 0 2 0 0 0 0 1 0 0 2 2 2 2 2 2 2 2 0 2 2 0 2 2 2 2 2 2 2 0 2 2 2 2 0 2 0 0 0 2 2 0 2 2 0 2 0 0 2 2 2 0 0 2 2 0 0 2 2 2 2 0 0 2 2 0 2 0 0 0 0 2 2 0 0 2 2 2 2 0 2 0 2 0 0 2 2 2 0 2 0 0 2 2 0 2 2 0 2 2 2 0 2 2 2 0 0 2 0 2 2 0 2 0 0 2 0 2 2 0 1 2 0 0 0 0 0 2 2 0 2 0 0 2 0 0 0 2 2 2 2 0 0 0 0 0 2 0 2 0 0 0 0 2 2 2 0 2 2 0 2 2 1 0 2 0 1 0 0 0 0 2 2 2 0 0 0 2 0 2 0 2 0 2 2 1 0 2 0 0 0 2 2 0 1 0 2 2 0 2 0 0 2 2 0 2 2 0 2 0 0 0 0 0 0 2 0
1410 2 2 2 2 2 2 2 0 2 2 0 0 2 2 2 2 0 2 2 2 2 2 2 2 2 2 0 2 2 2 2 2 2 2 0 1 2 2 2 2 2 2 0 2 2 2 0 2 2 2 0 2 2 2 2 2 0 2 2 2 0 2 2 2 2 2 2 2 2 2 2 2 2 2 0 2 2 0 2 2 0 2 2 2 2 2 2 2 2 0 2 2 2 2 2 2 2 2 0 2 2 2 2 2 2 2 2 2 0 2 2 2 2 2 2 2 2 2 2 2 0 2 2 2 2 2 2 2 2 2 0 2 2 2 2 2 2 2 2 0 2 2 0 0 2 2 2 0 2 2 2 0 2 2 2 2 0 0 0 2 2 2 2 0 2 2 2 2 2 2 2 2 0 0 2 2 2 2 2 2 2 2 2 0 2 0 2 2 2 2 2 2 2 2 2 2 2 2 2 2 2 0 2 2 2 2 2 2 0 2 2 2 2 2 2 0 2 2 2 2 0 2 2 2 2 2 2 2 2 2 2 2 2 2 2 2 2 2 2 2 2 0 2 2 2
1411 2 0 2 2 0 2 0 2 2 0 2 2 0 2 2 0 2 0 0 2 1 2 0 2 0 2 2 2 0 0 2 2 0 0 2 2 2 0 2 0 2 0 2 0 2 2 2 0 2 2 2 2 2 0 0 0 2 0 2 0 2 2 0 0 2 0 0 2 2 0 2 2 0 2 2 0 2 2 2 0 2 0 0 2 0 2 2 0 2 2 2 2 0 0 0 0 0 0 2 2 2 2 0 2 2 2 2 2 2 0 0 0 2 0 2 0 2 2 0 0 2 2 2 0 2 0 2 2 2 0 2 0 2 0 2 2 0 0 0 2 2 2 2 2 2 2 2 2 1 2 0 2 2 2 0 2 2 2 2 2 2 2 0 2 2 2 2 0 2 2 2 2 2 2 2 0 0 2 2 0 2 2 2 2 0 2 0 0 2 0 0 2 0 2 1 2 0 2 2 2 2 2 2 0 2 0 0 2 2 2 2 0 2 2 0 0 2 1 0 0 2 0 2 2 2 0 2 2 0 0 2 0 0 2 0 2 2 0 0 0 2 2 0 2 2
1412 0 0 0 0 0 0 0 0 0 2 0 0 0 0 0 2 0 0 2 0 1 0 0 0 0 0 0 0 0 2 0 0 0 0 0 0 0 0 0 0 0 2 0 2 0 0 0 2 0 0 0 0 0 0 0 0 0 0 0 0 0 0 2 2 0 0 0 0 2 0 0 0 2 0 0 2 0 0 0 2 2 0 2 0 2 0 0 0 0 0 0 0 2 0 0 0 0 0 0 0 0 0 0 0 0 0 2 0 0 0 2 2 0 2 0 2 0 0 2 0 2 0 0 2 0 0 0 0 2 2 0 2 0 0 0 0 0 2 2 0 0 0 0 0 0 0 0 0 1 0 0 0 0 0 0 0 0 0 0 0 0 0 0 2 0 0 0 2 0 0 0 0 0 0 0 0 2 0 0 2 0 0 0 0 0 0 2 2 0 2 1 0 0 0 0 0 0 2 0 0 0 0 0 0 0 2 0 0 0 0 0 0 0 0 0 0 0 0 0 2 0 0 0 0 0 2 0 0 0 0 0 2 2 0 0 0 0 2 2 0 0 2 0 0 0
1413 2 2 0 2 2 2 2 0 2 2 2 2 2 2 2 2 0 2 2 2 1 0 2 2 2 2 2 0 2 2 2 0 2 2 0 2 2 2 2 2 2 2 2 0 2 0 2 2 0 2 0 2 2 2 2 2 0 2 0 2 0 2 2 2 2 2 2 2 2 2 0 2 2 2 0 2 0 2 0 2 2 2 2 2 2 0 0 2 2 0 0 2 2 2 2 2 2 2 0 0 2 2 2 2 2 2 2 2 0 2 2 2 2 2 2 2 2 0 2 2 2 2 0 0 2 2 2 0 2 2 2 2 2 2 0 0 2 2 2 2 2 0 0 2 0 0 2 0 2 2 2 0 0 2 2 0 0 2 2 0 2 0 2 2 2 0 2 2 0 0 0 2 2 0 0 2 2 2 0 2 2 0 2 2 2 0 2 2 2 2 2 2 2 0 2 0 2 2 2 1 2 0 0 2 0 2 2 2 2 0 2 2 0 0 2 0 0 2 2 2 2 2 2 2 0 2 2 2 2 2 2 2 2 2 2 2 2 2 2 2 2 2 2 2 2
1414 0 0 0 0 0 0 0 0 0 0 0 0 0 0 0 0 2 0 0 0 1 0 0 0 0 2 0 0 0 0 0 0 0 0 0 0 0 0 0 0 0 0 0 0 0 0 0 0 0 0 0 0 0 0 0 0 0 0 0 0 0 0 0 0 0 0 0 0 2 0 0 0 2 0 2 0 0 0 0 0 0 0 0 0 0 0 0 0 0 0 0 0 0 0 0 0 0 0 0 0 0 0 0 0 0 0 0 0 0 0 0 0 0 0 0 0 0 0 0 0 0 0 0 0 0 0 0 0 0 0 0 0 2 0 0 0 0 0 0 0 0 0 0 2 0 0 0 0 0 0 0 0 0 0 0 0 0 0 2 0 0 0 0 0 2 0 0 0 0 0 0 0 0 0 0 0 0 0 0 0 0 0 0 0 0 0 0 0 0 0 0 0 0 0 0 0 0 2 2 0 0 0 0 0 0 0 0 0 0 0 0 0 0 0 0 0 0 0 0 0 0 0 0 0 0 0 0 0 0 0 0 0 0 0 0 0 0 0 0 0 0 2 0 0 0
1415 0 0 0 0 0 0 0 0 0 0 0 0 0 0 0 0 2 0 0 0 0 0 0 0 0 2 0 0 0 0 0 0 0 0 0 0 0 0 0 0 0 0 0 0 0 0 2 0 0 2 0 0 0 0 0 0 0 0 0 0 0 0 0 0 0 0 0 0 2 0 0 0 2 0 2 0 0 0 0 2 2 0 0 0 0 0 0 0 0 0 2 0 0 0 0 0 0 0 0 0 2 2 0 0 0 2 2 0 2 0 0 0 0 0 0 0 0 0 0 0 2 0 0 0 0 0 0 0 2 0 2 0 2 0 0 0 0 0 0 0 0 2 2 2 0 0 0 0 0 2 0 0 0 0 0 0 2 0 2 0 0 2 0 2 2 2 2 0 0 0 0 2 0 0 2 0 0 0 0 0 2 2 2 0 0 2 0 0 2 0 0 2 0 0 1 0 0 2 2 1 2 0 2 0 0 0 0 0 2 2 0 0 0 0 0 0 2 1 0 0 2 0 0 0 2 0 2 2 0 0 0 0 0 2 0 0 0 0 0 0 0 2 0 2 0
1416 0 2 0 0 2 2 2 2 2 2 2 2 2 0 2 2 2 2 2 2 2 2 2 0 2 2 2 2 2 2 2 2 2 2 2 2 2 2 2 2 2 0 2 2 0 0 2 0 0 0 2 2 2 2 2 2 2 2 0 2 2 0 2 2 2 2 2 2 2 2 2 2 2 2 2 2 0 2 2 2 2 2 2 2 2 2 0 2 2 2 2 2 2 2 2 2 2 2 2 0 2 2 2 2 2 2 2 2 2 2 0 2 2 0 0 2 2 2 2 2 2 2 2 2 2 2 2 2 2 2 2 2 2 2 2 2 2 2 2 2 0 2 2 2 2 2 2 2 2 2 2 2 2 2 2 2 2 2 2 2 2 2 2 2 2 2 2 2 0 2 2 2 2 2 2 2 2 2 2 2 2 2 2 2 2 2 2 2 2 0 1 2 2 2 2 2 2 2 2 2 2 2 2 2 2 2 2 2 2 2 2 2 0 2 2 2 2 2 2 2 2 2 2 2 2 2 2 2 2 2 2 2 2 2 2 2 2 2 2 2 2 2 2 2 2
1417 0 2 2 0 2 2 0 2 2 2 0 2 2 0 0 2 2 2 2 2 1 0 2 0 0 2 2 0 2 2 2 0 2 2 2 2 2 2 2 0 0 0 0 2 0 2 2 0 2 2 2 0 2 0 2 2 2 2 2 2 2 0 2 2 2 2 2 2 2 2 0 2 2 2 2 2 2 2 2 0 0 0 2 0 2 2 2 2 2 2 0 2 2 2 2 2 0 2 2 2 2 2 2 2 2 2 0 2 2 2 0 2 2 0 0 2 2 2 2 2 2 0 2 2 2 0 0 0 2 2 2 2 2 2 2 2 2 2 2 2 0 0 0 0 0 2 0 2 1 2 0 2 0 2 2 2 0 2 0 2 2 2 0 2 2 0 2 2 2 2 2 2 2 2 2 2 2 2 2 2 2 2 2 2 2 0 2 2 2 0 1 2 2 2 1 2 2 2 2 2 2 2 2 2 2 2 2 2 2 2 2 2 2 0 0 2 2 2 0 2 0 2 2 0 2 2 2 2 2 2 2 2 2 2 2 2 2 2 2 2 2 2 2 2 2
1418 2 2 2 2 2 0 0 2 2 2 2 2 2 2 2 2 2 2 2 2 2 2 2 2 0 2 2 2 2 2 2 2 0 2 2 2 2 0 2 2 2 2 2 2 2 2 2 2 2 2 2 2 2 2 2 2 2 0 2 2 2 2 2 2 2 2 0 2 2 2 2 2 2 2 2 2 2 2 2 2 2 2 2 0 2 2 2 2 2 2 2 2 2 0 2 0 0 2 2 2 2 2 2 2 2 2 2 2 2 2 2 2 2 2 2 2 2 2 2 0 2 2 2 2 2 0 2 2 2 2 2 2 2 0 2 2 0 2 2 2 2 2 2 2 2 2 2 2 1 2 0 2 2 2 2 2 2 2 2 2 2 2 0 2 2 2 2 1 2 2 2 0 2 2 2 0 2 2 2 2 2 2 0 2 2 2 2 2 2 2 2 2 2 2 2 2 2 2 2 2 2 2 2 0 2 2 0 2 2 2 2 2 2 2 2 2 2 2 0 2 2 2 2 0 2 2 2 2 2 2 2 2 2 2 2 2 2 2 2 2 2 2 2 2 2
1419 2 2 2 2 2 2 0 2 0 0 2 2 2 2 2 2 2 0 0 0 1 2 2 2 0 2 2 2 0 0 2 2 2 2 2 2 0 2 2 2 2 2 2 0 2 2 2 2 2 2 2 2 2 2 2 2 2 2 2 2 2 2 2 2 2 2 2 2 2 2 2 2 2 2 2 0 2 2 2 2 2 2 2 0 2 2 2 2 2 2 2 2 2 2 2 2 0 2 2 2 2 2 2 2 2 2 2 2 2 2 2 2 2 2 2 2 2 2 2 2 2 2 2 0 2 0 2 2 2 2 2 2 2 2 2 2 2 0 2 2 2 2 2 2 2 2 2 2 2 2 0 2 2 2 2 2 2 2 2 2 2 2 0 2 2 2 2 2 0 2 2 2 2 2 2 2 2 2 2 2 2 2 2 2 2 2 2 2 2 2 2 2 2 2 2 2 2 2 2 2 2 2 2 2 2 2 2 2 2 2 2 2 2 2 0 2 2 2 0 2 2 2 2 0 2 2 2 2 2 2 2 2 2 2 2 2 2 2 2 2 2 2 2 2 2
1420 2 2 2 2 0 2 0 2 2 2 2 2 0 2 2 2 2 2 2 2 2 2 2 2 2 2 2 2 2 2 2 2 0 0 2 2 2 0 2 2 2 2 2 2 2 2 2 2 2 2 2 2 2 2 2 2 2 0 2 2 2 2 2 0 2 0 0 2 2 0 2 2 2 2 2 2 2 2 2 2 2 2 2 2 2 2 2 0 2 2 2 2 2 0 2 0 2 2 2 2 2 2 2 2 2 2 0 2 2 2 2 2 2 2 2 2 2 2 2 0 2 2 2 2 2 0 2 2 2 2 2 2 2 0 2 2 0 2 0 2 2 2 0 2 2 2 2 2 2 2 0 2 2 2 2 2 2 2 2 2 2 2 2 2 2 2 0 1 2 2 2 2 2 2 2 0 0 2 2 2 2 2 0 2 2 2 2 2 2 2 2 2 0 2 2 2 0 2 2 2 2 2 2 0 2 0 0 2 2 2 2 2 2 2 0 2 2 2 0 0 2 2 2 2 2 2 2 2 2 2 2 2 2 2 2 2 2 2 2 2 2 2 2 2 2
1421 2 2 2 2 0 2 0 2 2 2 2 2 0 2 2 2 2 2 2 2 2 2 2 2 2 2 2 2 2 2 2 2 2 2 2 2 2 0 2 2 2 2 2 2 2 2 2 2 2 2 2 2 2 2 2 2 2 0 2 2 2 2 2 2 2 0 0 2 2 2 2 2 2 2 2 2 2 2 2 2 2 2 2 2 2 2 2 0 2 2 2 2 2 0 2 2 2 2 2 2 2 2 2 2 2 2 2 2 2 2 2 2 2 2 2 2 2 2 2 2 2 2 2 2 2 0 2 2 2 2 2 2 2 2 2 2 2 2 2 2 2 2 2 2 2 2 2 2 2 2 0 2 2 2 2 2 2 2 2 2 2 2 2 2 2 2 2 2 2 2 2 2 2 2 2 2 2 2 2 2 2 2 2 2 2 2 2 2 2 2 2 2 0 2 2 2 0 2 2 2 2 2 2 2 2 2 2 2 2 2 2 2 2 2 2 2 2 2 0 2 2 2 2 2 2 2 2 2 2 2 2 2 2 2 2 2 2 2 2 2 2 2 2 2 2
1422 2 2 2 2 2 2 2 0 2 2 2 2 2 2 2 2 2 2 2 2 2 2 2 2 0 2 2 2 2 2 2 2 2 2 2 2 2 2 2 2 2 2 2 2 2 2 2 2 2 2 2 2 2 2 2 2 0 2 2 2 2 2 2 0 2 2 2 2 2 2 2 2 2 2 2 2 2 2 2 2 2 2 2 2 2 2 2 2 2 2 2 2 2 2 2 2 0 2 0 2 2 2 2 2 2 2 2 2 2 2 2 2 2 2 2 2 2 2 2 2 2 2 2 2 2 2 2 2 2 2 2 2 2 2 2 2 2 2 0 0 2 2 2 2 2 2 2 0 2 2 2 0 2 2 2 2 2 0 2 2 2 2 0 2 2 2 2 1 2 2 2 2 0 2 2 2 0 2 2 2 2 2 2 2 2 2 2 2 2 2 2 2 2 2 2 2 2 2 2 2 2 2 2 2 2 0 2 2 2 2 2 2 2 2 0 2 2 2 2 0 2 2 2 2 2 2 2 2 2 2 2 2 2 2 2 2 2 2 2 2 2 2 2 2 2
1423 2 2 2 2 2 2 2 2 2 2 2 2 2 2 2 2 2 2 2 2 2 2 2 2 2 2 2 2 2 2 2 2 2 2 2 2 2 2 2 2 2 2 2 2 2 2 2 2 2 2 2 2 2 2 2 2 2 2 2 2 2 2 2 0 2 2 2 2 2 2 2 2 2 2 2 2 2 2 2 2 2 2 2 2 2 2 2 2 2 2 2 2 2 2 2 2 2 2 2 2 2 2 2 2 2 2 2 2 0 2 2 2 2 2 2 2 2 2 2 2 2 2 2 2 2 2 2 2 2 2 2 2 2 2 2 2 2 2 0 0 2 2 2 2 2 2 2 2 2 2 2 0 2 2 2 2 2 0 2 2 2 2 2 2 2 2 2 1 2 2 2 2 0 2 2 2 0 2 2 2 2 2 2 2 2 2 2 2 2 2 2 2 2 2 2 2 2 2 2 2 2 2 0 2 2 0 2 2 2 2 2 2 2 2 0 2 0 2 2 0 2 2 2 2 2 2 2 2 2 2 2 2 2 2 2 2 2 2 2 2 2 2 2 2 2
1424 0 0 2 0 0 0 0 0 0 0 0 2 0 0 0 0 0 2 0 0 0 0 0 0 0 0 0 0 2 0 0 0 0 0 0 0 2 0 2 0 0 0 0 0 0 2 0 0 2 0 0 0 2 0 0 0 0 0 2 0 0 0 0 0 2 0 0 0 2 0 0 0 0 2 0 0 2 2 0 0 0 0 0 0 0 0 2 0 0 0 0 2 0 0 0 0 0 0 0 2 0 0 0 0 0 2 0 0 0 0 0 0 0 0 0 0 0 2 0 0 0 0 0 0 0 0 0 0 0 0 0 0 0 0 0 0 0 0 0 0 0 0 0 2 0 0 0 0 0 0 0 0 0 0 2 0 0 0 2 0 0 0 0 0 0 0 0 0 0 0 0 0 0 0 0 0 0 0 0 0 0 0 0 0 0 0 0 0 0 0 0 0 0 0 0 0 0 0 0 0 0 0 0 0 0 0 0 0 0 0 0 0 2 0 0 0 0 0 0 0 0 0 0 0 0 0 0 0 0 0 0 0 0 0 0 0 0 0 0 0 0 0 2 0 0
1425 2 2 2 2 2 2 2 2 2 2 2 2 2 2 2 2 2 2 2 2 2 2 2 2 2 0 2 2 2 2 2 2 2 2 2 2 2 2 2 2 2 2 2 0 2 2 0 2 2 2 2 2 2 0 2 2 2 2 2 2 2 2 2 2 2 2 2 2 2 2 2 2 2 2 2 2 2 2 2 2 2 0 2 2 2 2 2 2 0 2 2 2 2 2 2 2 2 2 2 2 2 2 2 2 2 2 0 2 2 2 2 2 2 2 2 2 2 2 2 2 2 2 2 0 2 2 2 2 2 2 2 2 2 2 2 2 2 2 2 2 2 2 2 2 2 0 2 2 2 2 2 2 2 2 2 0 0 2 2 2 2 2 2 0 2 2 2 2 0 2 2 2 2 2 0 2 2 2 2 2 2 2 2 2 2 0 2 2 2 2 2 2 2 2 2 2 2 2 2 2 2 2 2 2 2 2 2 2 0 2 2 2 2 2 2 2 2 1 2 2 2 0 2 2 2 2 2 2 2 2 2 2 2 2 2 2 2 2 2 2 2 2 2 2 2
1426 2 2 2 2 2 0 2 2 2 2 2 2 2 2 2 2 2 2 2 2 2 2 2 2 2 2 2 2 2 2 2 2 2 2 0 2 2 2 2 2 2 2 2 2 2 2 2 2 2 2 2 2 2 2 2 2 2 2 2 2 2 2 2 2 2 2 2 2 2 2 2 2 2 2 2 2 2 2 2 2 2 2 2 2 2 2 2 2 2 0 2 2 2 2 2 2 2 2 2 2 2 2 2 2 2 0 2 2 2 2 2 2 2 2 2 2 2 2 2 2 2 2 2 2 2 2 2 2 2 2 2 2 2 2 2 2 2 2 2 2 2 2 2 2 2 2 2 2 1 1 2 2 2 2 2 2 2 2 2 2 2 0 2 2 2 2 2 2 2 2 0 2 2 2 2 2 2 2 2 2 2 0 2 2 2 2 2 2 2 2 2 2 2 2 0 2 2 2 2 2 2 2 2 2 2 2 2 2 2 0 2 2 2 2 2 2 2 2 2 2 2 2 2 2 0 2 2 2 2 2 2 2 2 2 2 0 2 2 2 2 2 0 2 2 2
1427 0 0 0 0 0 0 0 0 0 0 0 0 0 0 0 0 0 0 0 0 0 0 0 0 0 0 0 0 0 0 0 0 0 0 0 0 0 0 0 0 0 0 0 0 0 0 0 0 0 0 0 0 0 0 0 0 2 0 0 0 0 0 0 0 0 0 0 0 2 0 0 0 0 0 0 0 0 0 0 0 0 0 0 0 0 2 0 0 0 0 0 0 0 2 0 0 0 0 0 0 2 0 0 0 0 0 0 0 0 0 0 0 0 0 0 0 0 0 0 0 0 0 0 0 0 0 0 2 0 0 0 0 2 0 0 0 0 0 2 0 0 0 0 0 0 0 0 0 0 0 2 2 0 0 0 0 0 0 0 0 2 0 0 0 0 0 0 1 0 0 0 2 0 0 0 0 2 0 0 0 0 0 0 0 0 0 0 0 0 0 0 0 0 0 0 0 0 0 0 0 0 0 0 0 0 2 0 0 0 0 0 0 0 0 2 0 0 0 0 2 0 0 0 0 0 0 0 0 0 0 0 0 0 0 0 0 0 0 0 0 0 0 0 0 0
1428 2 2 2 2 2 0 2 2 2 2 2 2 2 2 2 1 0 2 2 2 2 2 2 2 2 2 0 2 2 2 2 2 2 2 2 1 2 2 2 2 0 2 2 2 2 2 2 2 2 2 2 2 2 2 2 2 0 2 2 2 2 2 2 2 2 2 2 2 0 2 2 2 2 2 0 2 2 2 2 2 2 2 2 2 2 0 2 2 2 2 2 2 2 0 2 2 2 2 2 2 0 2 2 2 2 2 2 2 2 2 2 2 2 2 2 2 2 2 2 2 0 2 2 2 2 2 0 0 2 2 2 2 2 2 2 0 2 2 0 2 2 0 2 2 0 2 2 0 1 2 0 0 2 2 2 2 2 0 2 2 0 0 2 2 2 2 2 1 2 2 0 0 2 2 2 2 0 2 2 2 2 2 2 0 2 2 2 2 2 2 2 2 2 2 2 0 2 2 0 2 2 2 2 2 2 0 2 2 2 2 2 2 2 0 0 2 2 1 2 0 2 0 2 2 0 2 2 2 0 2 2 2 2 0 2 2 2 2 2 2 2 2 2 2 2
1429 2 0 2 2 0 2 2 2 2 2 2 2 0 2 2 2 2 2 2 2 2 2 2 2 2 2 2 2 2 2 2 2 2 2 2 2 2 2 2 2 2 2 2 2 0 2 2 2 2 2 2 2 2 2 2 2 2 2 2 2 2 2 2 2 2 0 2 2 2 2 2 2 2 2 2 2 2 2 2 2 2 2 2 2 2 2 2 0 2 2 2 2 2 2 2 2 2 2 2 2 2 2 0 2 2 2 2 2 2 0 2 2 2 2 2 2 2 2 2 2 2 2 2 2 2 2 2 2 2 2 2 0 2 2 2 2 2 2 2 2 2 2 2 2 2 2 2 2 2 2 2 2 2 2 2 2 2 2 2 2 2 2 2 2 2 2 2 2 2 2 2 2 2 2 0 2 2 2 2 0 2 2 2 2 2 2 2 0 2 2 2 2 0 2 2 2 0 2 2 2 2 2 2 2 2 2 2 2 2 2 2 2 2 2 2 2 2 2 2 2 2 2 2 2 2 2 2 2 2 2 2 2 0 2 2 2 2 0 2 2 2 2 2 2 2
1430 2 0 2 2 0 2 0 2 2 0 2 2 0 2 2 2 2 2 0 0 2 2 0 2 2 2 2 2 2 0 0 2 0 2 2 1 0 2 2 2 2 2 2 2 0 2 2 2 2 2 0 2 2 2 0 0 2 2 2 2 0 2 2 2 2 0 2 0 2 0 2 2 0 2 2 0 2 2 2 2 2 2 0 0 2 2 2 0 2 2 2 2 0 2 2 0 2 2 2 2 2 2 0 0 2 2 2 0 2 0 2 2 2 2 0 2 2 2 2 0 0 2 0 2 2 0 2 2 2 2 2 0 0 0 2 2 2 2 2 2 2 2 2 2 2 2 2 2 1 2 2 2 2 2 0 2 2 2 2 0 2 2 2 2 2 2 2 1 2 0 2 2 2 2 2 0 2 2 0 0 2 2 2 2 2 2 2 2 2 2 1 2 0 2 2 2 0 0 2 2 2 2 2 0 2 2 0 2 2 2 2 0 2 2 2 2 2 1 0 2 2 2 0 0 2 0 2 2 0 2 2 2 0 2 0 2 2 0 2 0 2 2 2 2 2
1431 2 0 0 0 0 2 0 2 0 0 0 0 0 2 2 0 2 0 2 0 0 2 0 2 2 0 0 2 0 2 0 2 0 0 2 0 0 2 0 2 0 2 2 2 2 0 0 2 0 0 2 2 2 2 0 0 0 2 0 0 2 2 2 2 0 0 2 0 2 0 2 2 0 2 2 2 0 0 0 0 2 2 0 0 2 0 0 0 2 2 0 0 0 2 2 0 2 0 2 0 2 0 0 0 2 0 2 0 0 0 2 2 2 2 0 0 0 0 2 0 0 0 0 2 2 0 0 0 2 0 2 0 0 0 0 2 2 2 2 0 2 0 0 2 2 0 1 2 1 1 2 0 0 0 0 0 0 2 2 0 2 2 2 2 0 2 2 2 0 0 2 0 0 2 0 0 2 0 0 2 0 0 2 0 2 0 0 2 0 2 1 0 0 0 2 2 0 0 0 2 2 0 2 0 0 2 0 2 0 0 0 0 0 2 2 2 2 0 0 2 2 0 0 0 2 0 0 2 0 2 2 2 2 0 0 0 0 2 2 0 0 2 2 2 0
1432 2 2 2 2 2 2 0 2 2 2 2 2 2 2 2 2 0 2 2 2 2 2 2 2 2 2 2 2 2 2 2 2 2 2 2 2 2 2 2 0 2 2 2 2 2 2 2 2 2 0 0 2 2 2 2 2 2 2 2 0 0 2 2 2 0 2 2 2 2 2 2 2 2 2 0 2 2 2 2 0 0 2 2 0 2 0 2 2 2 2 2 2 2 2 2 2 2 2 2 2 0 0 2 2 2 0 0 2 2 2 2 2 2 2 2 2 2 0 2 2 2 2 0 2 0 0 2 2 2 2 0 0 2 2 2 2 0 2 2 0 2 0 2 2 2 2 2 2 2 2 2 2 2 2 0 2 2 0 2 2 2 2 2 0 0 2 0 2 0 2 2 0 0 2 0 2 2 2 2 2 0 0 2 2 2 2 0 2 2 2 2 0 2 0 2 2 2 2 0 2 2 0 2 2 2 2 2 2 2 0 2 2 2 2 2 2 2 2 2 2 2 2 2 2 2 2 0 2 2 2 2 2 2 2 2 2 2 2 2 0 2 2 2 0 2
1433 2 0 0 2 0 2 0 2 0 2 2 2 0 0 0 0 0 0 0 0 0 2 0 0 2 0 2 2 0 0 2 2 0 0 0 1 0 0 0 0 2 2 2 2 0 0 2 2 0 0 2 0 2 2 0 0 0 0 0 0 2 0 2 2 2 0 0 0 2 0 0 2 0 2 0 0 0 2 0 0 0 2 0 0 0 2 1 0 0 0 2 0 0 2 0 0 2 0 2 0 0 2 0 2 2 2 0 0 0 0 2 2 0 2 2 2 2 2 0 0 0 2 0 2 0 0 2 0 0 0 0 0 0 0 0 0 0 0 2 0 0 2 0 0 2 0 1 2 1 0 2 2 2 0 0 2 2 0 0 0 2 0 2 0 2 0 0 1 2 0 0 2 0 2 2 0 2 0 0 0 2 2 0 2 2 2 0 2 2 2 1 2 0 0 0 0 0 0 2 2 0 0 0 0 0 2 0 0 2 2 2 0 0 2 0 2 0 1 0 2 2 2 0 0 0 0 2 2 0 2 0 0 0 2 0 2 1 0 0 0 2 0 0 0 2
1434 2 2 2 2 2 2 2 2 2 2 2 2 2 2 2 2 0 2 2 2 2 2 2 2 2 2 2 2 2 2 2 2 2 2 2 2 2 2 2 2 2 2 2 2 2 2 2 2 2 2 2 2 2 2 2 2 2 2 2 2 2 2 2 2 2 2 2 2 2 2 2 2 2 2 0 2 2 2 2 0 0 2 2 2 2 2 2 2 2 2 2 2 2 2 2 2 2 2 2 2 0 2 2 2 2 2 0 2 2 2 2 2 2 2 2 2 2 2 2 2 2 2 2 2 2 2 2 2 2 2 0 2 2 2 2 2 0 2 2 0 2 2 0 0 2 2 2 2 2 2 2 2 2 0 2 2 2 0 0 2 2 2 2 0 2 2 0 2 2 2 2 2 0 2 2 2 2 0 2 2 2 2 2 2 2 2 2 2 2 2 2 2 2 0 0 2 2 2 2 2 2 0 2 2 2 2 2 2 2 2 2 2 2 2 2 2 2 2 2 2 2 2 2 2 2 2 2 2 2 2 2 2 2 2 2 2 2 2 2 2 2 0 2 0 2
1435 0 0 0 0 0 0 0 0 0 0 0 0 0 0 0 0 0 0 0 0 0 0 0 0 0 0 0 0 0 0 2 0 0 0 0 0 0 0 0 0 0 0 0 0 0 0 0 0 0 0 0 0 0 0 0 0 0 0 0 0 0 0 2 2 0 0 0 0 2 0 0 0 0 0 0 0 0 0 0 0 0 0 0 0 0 2 0 0 0 0 0 0 0 2 0 0 0 0 0 0 0 0 0 2 0 0 0 0 0 0 0 2 0 0 2 0 0 0 0 0 0 0 0 0 0 0 0 0 0 0 0 0 0 0 0 0 0 0 2 0 0 0 0 0 0 0 0 2 0 0 2 2 0 0 0 0 0 0 0 0 2 0 0 0 0 0 0 1 0 0 0 0 0 0 0 0 2 0 0 0 0 0 0 0 0 0 0 0 0 0 0 0 0 0 0 0 0 0 2 0 0 0 0 0 0 2 0 0 0 0 2 0 0 0 0 0 0 0 0 2 0 0 0 0 0 0 0 0 0 0 0 0 0 0 0 0 0 0 0 0 0 0 0 0 0
1436 0 0 0 0 0 0 0 0 0 0 0 0 0 0 2 0 0 0 0 2 0 0 0 0 0 0 0 0 0 0 0 0 0 0 2 0 0 0 0 0 0 0 0 0 0 0 0 0 0 0 0 0 0 0 0 0 0 0 0 0 0 0 0 2 2 0 0 0 2 0 0 0 0 0 0 0 0 0 0 0 0 0 0 0 0 0 0 0 0 2 0 0 0 2 0 0 0 0 0 0 2 0 0 0 0 0 2 0 0 0 0 0 0 0 0 0 2 2 0 0 0 0 0 0 0 0 0 0 0 0 0 0 0 0 0 0 0 0 2 2 0 2 0 0 0 0 0 2 1 1 2 2 0 0 0 2 0 0 0 0 2 0 0 2 2 0 0 2 2 0 0 2 2 0 0 0 2 0 0 0 2 0 0 0 0 0 0 2 0 0 0 2 0 0 1 0 0 0 0 0 2 0 0 0 0 2 0 0 0 0 0 0 0 1 0 0 0 0 0 2 0 0 0 0 0 0 2 0 0 0 0 0 0 0 0 0 0 0 0 0 2 0 0 0 0
1437 0 0 0 2 0 0 0 0 0 0 0 0 0 0 0 0 0 0 0 0 0 0 0 0 0 0 0 0 0 0 0 0 0 0 0 0 0 0 0 0 0 0 0 0 0 0 0 0 0 0 0 0 0 0 0 0 0 0 0 0 0 0 0 2 2 0 0 2 2 0 0 0 0 0 0 0 0 0 0 0 0 0 0 0 0 0 0 0 0 0 0 0 0 2 0 0 0 0 0 0 2 0 0 0 0 0 2 0 0 0 0 0 0 0 0 0 0 2 0 0 0 0 0 0 0 0 0 0 0 0 0 0 0 0 0 0 0 0 2 2 0 2 0 0 0 0 1 2 0 1 2 2 2 0 0 2 0 0 0 0 2 0 0 2 2 0 0 1 2 0 0 2 2 0 0 0 2 0 0 0 2 0 0 0 0 1 0 2 0 0 0 2 0 0 1 0 0 0 0 0 2 0 0 0 0 2 0 0 0 0 0 0 0 0 0 0 0 0 0 2 0 0 2 0 0 0 2 0 0 0 0 0 0 0 0 0 0 0 0 0 0 0 0 0 0
1438 2 0 0 2 0 0 0 0 0 0 2 0 0 2 0 2 2 0 2 0 0 2 0 2 0 0 2 2 0 2 0 2 0 0 0 1 0 0 0 0 0 2 0 0 2 0 0 2 0 0 2 2 2 0 0 0 2 0 0 0 2 2 2 2 0 0 0 2 2 2 0 0 0 2 2 2 0 0 2 0 2 0 2 2 2 2 0 0 0 0 2 0 2 2 2 0 0 0 0 0 2 0 0 0 0 0 2 0 0 0 2 2 0 2 0 2 0 0 2 0 0 0 0 0 0 0 0 0 0 0 2 0 2 0 0 2 2 0 0 2 2 0 2 2 2 0 1 2 0 1 2 2 0 2 0 0 0 2 2 0 2 2 0 2 0 2 2 0 0 0 2 2 2 2 0 0 0 2 0 2 2 0 0 2 2 0 0 0 0 2 1 2 0 0 2 2 0 0 0 1 2 2 0 0 0 0 0 2 0 0 2 2 0 2 0 0 0 2 0 0 2 2 2 0 2 2 2 0 0 2 2 0 2 0 2 2 0 2 2 0 0 2 0 2 0
1439 0 0 0 0 0 0 0 0 0 0 0 0 0 0 0 0 2 0 0 0 0 2 0 0 0 0 0 2 0 0 0 2 0 0 0 0 0 0 0 0 0 0 0 0 0 0 0 0 0 0 0 0 0 0 0 0 0 0 0 0 0 0 0 2 0 0 0 0 2 0 0 0 0 0 2 0 0 0 0 0 0 0 0 0 0 0 0 0 0 0 0 0 0 2 0 0 0 0 0 0 0 0 0 0 0 0 0 0 0 0 0 0 0 0 0 0 0 0 0 0 0 0 0 0 0 0 0 0 0 0 0 0 0 0 0 0 0 0 0 2 0 0 0 2 0 0 0 2 0 0 2 2 0 0 0 0 0 0 2 0 2 2 0 0 0 0 0 0 0 0 2 2 2 2 0 0 0 0 0 0 2 0 0 0 2 0 0 0 0 0 0 2 0 0 0 0 0 0 0 0 0 0 0 0 0 0 0 0 0 0 0 0 0 0 0 0 0 1 0 0 2 0 0 0 2 0 2 0 0 2 0 0 0 0 0 0 0 0 0 0 0 0 0 0 0
1440 2 2 2 2 2 2 2 2 2 2 2 2 2 2 0 2 2 2 2 2 2 2 2 2 2 2 2 2 2 2 2 2 2 2 0 2 2 2 2 2 2 2 2 2 2 2 2 2 2 2 2 2 2 2 2 2 2 2 2 2 2 2 2 2 0 2 2 2 2 2 2 2 2 2 2 2 2 2 2 0 2 2 2 2 2 2 2 2 2 0 2 2 2 2 2 2 2 2 2 2 2 0 2 2 2 2 2 2 2 2 2 2 2 2 2 2 2 0 2 2 2 2 2 2 2 2 2 2 2 2 2 2 2 2 2 2 2 0 2 2 2 0 2 2 2 2 2 2 1 2 2 2 2 2 2 2 0 2 2 2 2 2 2 2 0 2 2 2 0 2 2 2 2 2 0 2 2 2 2 2 2 2 2 2 2 0 2 2 2 2 2 2 2 0 2 2 2 2 2 2 2 2 2 2 2 2 2 2 2 2 2 2 2 2 2 2 2 2 2 2 2 2 2 2 2 2 2 2 2 2 2 2 2 2 2 2 2 2 2 2 2 2 2 2 2
1441 0 2 0 0 2 0 0 0 0 0 0 0 2 0 0 0 2 0 0 0 0 2 2 0 0 2 0 2 0 0 0 2 2 2 2 1 0 2 0 0 0 0 0 0 0 0 0 0 0 0 0 0 0 0 2 2 0 2 0 0 0 0 0 2 0 2 2 0 0 0 0 0 0 0 2 0 0 0 0 0 2 0 0 0 0 2 0 2 0 2 2 0 0 0 2 2 0 0 0 0 2 0 2 0 0 2 2 2 0 2 0 0 0 0 0 0 2 2 0 2 2 0 0 0 0 0 0 0 2 2 0 0 0 2 0 2 2 2 2 2 0 2 0 2 0 2 0 0 1 1 2 2 0 0 0 2 2 2 2 0 0 2 0 2 2 2 2 2 2 0 2 2 2 2 2 0 2 0 0 0 2 2 2 0 2 2 0 0 0 0 1 2 2 0 2 2 0 0 2 0 0 2 0 0 0 2 2 2 0 2 2 0 0 0 2 0 0 1 2 2 0 0 0 0 2 0 2 0 2 2 2 0 0 2 0 0 0 0 0 2 2 2 2 2 0
1442 0 0 0 0 0 0 0 0 0 0 0 0 0 0 0 0 0 0 0 0 0 2 0 0 0 0 2 2 0 0 0 2 0 0 2 1 0 0 0 0 0 0 0 0 0 0 0 0 0 0 0 0 0 0 0 0 2 0 0 0 0 0 0 0 0 0 0 0 0 0 0 0 0 0 0 0 0 0 0 0 0 0 0 0 0 2 0 0 0 2 0 0 0 0 0 0 0 0 0 0 0 0 0 0 0 0 0 0 0 0 0 0 0 0 0 0 2 0 0 0 0 0 0 0 0 0 0 0 2 0 0 0 0 0 0 0 0 0 2 0 0 2 2 0 0 0 0 0 0 0 0 0 0 0 0 2 2 0 0 0 0 0 0 0 2 0 0 1 0 0 0 0 0 0 0 0 2 0 0 0 0 0 0 2 0 2 0 0 0 0 0 0 0 0 0 0 0 0 0 0 0 2 0 0 0 2 0 0 0 0 2 0 0 0 0 0 0 0 0 2 0 0 0 0 0 0 0 0 0 0 0 0 0 0 0 0 0 0 0 0 2 0 0 0 0
1443 0 0 0 0 0 0 0 0 0 0 0 0 0 0 0 0 0 0 0 0 0 2 0 0 0 0 0 2 0 0 0 2 0 0 2 0 0 0 0 0 0 0 0 0 0 0 0 0 0 0 0 0 0 0 0 0 2 0 0 0 0 0 0 0 0 0 0 0 0 0 0 0 0 0 0 0 0 0 0 0 0 0 0 0 0 0 0 0 0 2 0 0 0 0 0 0 0 0 0 0 0 0 0 0 0 0 0 0 0 0 0 0 0 0 0 0 2 0 0 0 0 0 0 0 0 0 0 0 2 0 0 0 0 0 0 0 0 0 2 0 0 0 0 0 0 0 0 0 0 0 0 0 0 0 0 0 0 0 0 0 0 0 0 0 0 0 0 1 0 0 0 0 0 0 0 0 2 0 0 0 0 0 0 0 0 0 0 0 0 0 0 0 0 0 0 0 0 0 0 0 0 0 0 0 0 2 0 0 0 0 0 0 0 0 0 0 0 0 0 2 0 0 0 0 0 0 0 0 0 0 0 0 0 0 0 0 0 0 0 0 2 0 0 0 0
1444 2 2 2 2 2 2 2 2 2 0 2 0 2 2 2 2 2 2 0 2 2 2 2 2 0 2 2 2 2 0 2 2 2 2 2 2 0 2 0 2 2 2 2 2 0 2 2 2 2 2 2 2 2 2 2 2 2 2 2 2 2 2 0 0 2 2 2 0 0 0 2 2 2 2 2 0 2 0 2 2 2 2 2 0 2 2 2 2 2 2 2 0 0 2 2 2 0 2 2 2 2 2 2 2 2 2 2 2 0 2 2 0 2 2 2 2 2 2 2 2 2 2 0 2 2 2 2 2 2 2 2 2 2 2 2 2 2 2 2 2 2 2 2 2 2 2 2 2 2 2 2 2 2 2 0 2 2 2 2 2 2 2 0 2 2 2 2 2 2 2 2 2 2 0 2 2 2 2 2 2 2 2 2 2 0 2 2 2 2 2 2 2 2 2 2 2 2 2 2 2 2 2 2 2 2 2 2 2 2 2 2 2 2 2 2 2 2 2 2 2 2 2 0 2 2 2 2 2 2 2 2 2 2 2 2 2 2 2 2 2 2 2 2 2 2
1445 0 2 2 2 2 2 2 2 2 2 2 2 2 2 2 2 2 2 2 2 2 2 2 2 2 2 2 2 2 2 2 2 2 2 2 2 2 2 2 2 2 2 2 2 2 2 0 0 2 2 0 2 2 2 2 2 2 2 2 2 0 2 2 2 2 2 2 2 2 2 2 2 2 2 2 2 2 2 2 2 2 2 2 2 0 2 2 2 2 2 2 2 2 2 0 2 2 2 2 2 2 2 2 2 2 0 0 2 2 2 2 2 2 2 2 0 2 2 0 2 2 2 2 2 2 2 2 2 2 2 2 2 0 2 2 2 2 2 2 2 2 2 2 2 2 2 2 2 2 2 2 2 2 0 2 2 2 2 2 2 0 0 2 0 2 2 2 2 2 2 0 2 2 2 2 2 2 0 2 2 2 0 2 2 2 2 2 2 2 2 2 2 2 0 2 2 2 2 2 2 2 2 2 2 2 2 2 0 0 0 2 2 2 2 2 2 2 1 2 2 2 2 2 2 0 2 2 2 2 2 0 2 2 2 2 2 2 2 0 2 2 2 2 0 2
1446 0 0 2 0 0 2 2 2 2 2 2 0 0 1 2 2 0 2 2 0 2 2 0 1 0 0 0 2 2 2 0 2 2 0 0 0 0 0 2 2 0 0 2 0 2 2 0 0 2 2 2 2 0 2 0 0 0 0 2 0 2 0 0 2 0 0 0 2 2 2 0 0 2 0 0 2 2 0 2 2 2 2 0 2 0 0 2 2 2 0 0 2 2 2 2 2 0 0 2 2 0 0 0 2 2 0 0 0 2 0 2 0 2 2 2 1 0 0 0 2 0 0 2 0 2 2 0 2 0 0 0 2 0 2 0 0 0 0 2 2 0 0 0 0 0 2 2 2 1 1 2 2 2 2 2 0 2 0 0 0 2 0 0 0 0 0 0 1 0 0 0 0 2 2 0 0 2 2 0 0 2 0 0 0 2 2 0 2 0 0 0 2 2 0 1 0 2 0 2 1 2 2 0 2 0 2 0 0 0 0 0 0 2 0 0 0 0 1 0 2 2 2 2 2 0 0 2 2 0 0 0 2 0 0 0 2 0 0 0 2 0 2 2 2 0
1447 2 2 0 2 2 2 2 2 0 2 0 2 2 0 2 2 2 0 2 2 0 2 2 0 2 2 2 2 0 2 2 2 2 2 2 2 2 2 0 0 0 0 2 2 2 0 2 2 0 2 2 2 2 2 2 2 2 2 0 2 2 0 2 2 2 2 2 2 0 0 2 2 2 2 2 2 0 2 2 2 0 2 2 2 0 2 0 2 2 2 2 0 2 0 2 2 2 2 2 0 2 2 2 0 2 2 0 2 2 2 0 2 2 0 0 2 2 2 0 2 2 2 2 2 0 2 0 2 2 2 2 2 2 2 2 2 2 2 2 0 0 2 2 2 2 2 2 0 2 2 2 0 2 0 2 2 2 2 2 2 2 2 2 0 2 2 2 2 2 2 2 2 0 2 2 2 2 0 2 0 2 2 2 2 2 2 2 2 2 0 1 2 2 2 1 2 2 2 2 2 2 2 2 2 2 2 2 2 2 2 2 2 0 2 2 2 2 2 2 2 2 2 2 0 2 2 2 2 2 2 2 0 0 2 2 2 2 0 0 2 2 2 2 0 2
1448 2 2 2 2 2 0 2 2 2 1 2 0 2 0 2 2 0 2 0 2 2 2 2 0 2 2 2 2 2 0 2 2 0 2 0 2 2 2 2 2 0 0 2 2 0 2 2 2 2 2 0 2 2 2 2 2 0 2 2 2 0 0 2 2 0 2 2 0 2 0 0 2 2 2 0 0 2 0 2 2 2 2 2 2 2 2 2 0 0 0 0 2 2 2 2 0 2 0 2 2 2 2 2 2 0 2 2 2 2 2 0 2 2 0 2 2 0 0 2 0 2 0 0 2 0 2 0 2 0 2 2 2 2 0 2 0 2 2 2 2 0 2 2 2 2 2 1 0 2 2 2 2 0 2 2 2 2 2 2 2 2 2 2 2 2 2 2 2 0 2 2 2 2 2 2 2 2 2 2 0 2 1 2 2 2 2 2 0 2 0 0 2 0 2 2 0 2 2 2 0 2 2 2 2 2 2 2 2 2 2 2 2 2 2 2 2 2 2 2 2 2 2 0 0 2 2 2 2 2 0 2 2 0 2 2 2 2 0 2 2 0 2 0 2 2
1449 0 2 0 2 2 2 2 2 0 2 0 0 2 0 2 2 2 0 1 0 0 2 2 0 2 2 2 2 0 2 2 2 0 2 2 2 2 2 0 0 0 0 2 0 2 0 2 0 0 0 0 2 2 2 2 2 2 2 0 0 0 0 2 2 0 2 2 0 0 0 2 0 0 2 2 2 0 0 2 2 2 2 2 0 2 2 0 0 0 2 2 0 2 2 2 0 2 2 2 0 2 2 2 0 0 2 2 2 2 2 0 2 2 0 0 2 2 0 2 0 2 0 0 0 0 2 0 2 2 2 2 2 2 0 2 2 2 2 2 2 0 2 2 2 2 2 1 2 2 2 2 2 0 2 0 2 2 2 2 2 2 2 2 2 2 2 2 2 0 2 2 2 2 2 2 2 2 2 2 0 2 2 2 2 2 2 2 0 0 0 1 2 0 2 2 2 2 2 0 1 2 2 2 2 2 2 2 2 2 2 2 2 0 2 2 0 2 2 2 2 2 2 0 0 2 2 2 2 2 2 2 2 0 2 2 2 2 0 2 0 2 2 0 2 0
1450 2 2 0 2 2 2 2 0 2 0 2 2 2 2 2 2 0 2 0 2 2 2 2 2 2 2 0 2 2 0 2 2 2 2 2 1 0 2 2 2 2 2 2 2 2 0 0 2 0 2 0 0 2 2 2 2 0 2 0 2 0 2 2 0 2 2 2 2 2 2 0 2 2 2 0 0 0 2 2 2 2 2 0 0 2 0 0 2 0 2 0 2 2 2 2 2 2 0 0 0 0 2 2 2 1 2 0 2 0 2 2 2 0 2 2 2 0 0 0 2 2 0 2 2 2 2 2 2 2 2 2 2 2 2 2 2 0 0 2 2 2 0 0 2 0 0 0 0 2 0 2 0 0 2 0 2 2 0 2 2 0 0 2 0 0 0 2 2 0 2 0 2 2 2 2 2 2 2 2 2 2 2 2 0 2 2 0 0 0 2 2 2 2 2 1 0 2 0 2 1 2 0 2 2 2 2 2 2 0 2 0 2 0 0 2 2 2 1 2 2 0 2 2 2 0 2 2 0 2 2 2 2 2 0 2 0 2 2 0 2 0 2 2 2 0
1451 0 0 0 0 0 0 2 0 0 0 0 0 0 0 0 0 0 0 0 0 0 0 0 0 0 0 0 0 0 0 0 0 0 0 0 0 0 0 0 0 0 0 0 0 0 0 0 0 0 2 0 0 0 2 0 0 0 0 0 0 0 0 0 0 0 0 0 0 0 0 0 0 0 0 0 0 0 0 0 0 0 2 0 0 0 0 0 0 0 0 0 0 2 2 0 0 0 0 0 0 0 0 0 0 0 0 0 0 0 0 0 0 0 0 0 2 0 2 0 0 0 0 0 0 0 2 0 0 2 0 0 2 0 0 0 0 0 0 0 0 0 0 0 0 0 0 0 0 0 0 2 0 0 0 0 0 0 0 0 0 0 0 0 0 0 0 0 0 2 0 0 0 0 0 0 2 0 0 0 0 0 0 0 0 0 0 0 0 0 0 0 0 0 0 0 0 2 0 0 0 0 0 0 2 0 0 0 0 0 0 0 2 0 0 0 0 0 1 2 0 0 0 0 0 0 0 0 0 2 0 0 2 0 0 2 0 0 0 0 0 0 0 0 0 0
1452 2 0 2 0 0 0 2 0 0 0 0 0 0 2 0 2 2 0 0 0 0 0 0 2 0 0 2 0 0 0 2 0 0 0 0 1 0 2 0 0 0 2 0 2 0 2 0 2 2 0 0 0 0 0 0 0 2 2 2 0 0 2 0 0 0 0 2 0 0 0 0 0 2 0 2 0 2 0 0 2 2 0 2 2 0 2 2 2 2 0 2 0 0 0 2 0 0 2 0 2 2 0 0 0 2 0 2 0 2 0 2 0 2 2 0 0 2 0 0 0 0 0 0 2 0 2 0 0 0 0 0 2 2 0 0 0 2 2 0 2 2 2 2 2 0 0 0 0 0 0 2 2 0 2 2 0 0 2 2 0 0 2 0 2 2 0 2 0 0 0 2 0 2 2 2 2 0 2 0 2 2 0 2 2 2 0 2 0 0 2 2 2 2 0 0 2 2 2 2 1 0 2 2 2 0 0 0 0 0 0 2 2 2 0 0 0 2 0 2 0 2 0 0 2 2 0 2 0 0 2 0 2 2 2 2 0 2 2 0 2 2 2 2 2 0
1453 2 0 2 2 0 2 2 2 2 2 2 2 0 2 2 2 2 2 2 2 2 2 0 2 2 2 2 2 2 2 2 2 0 2 2 2 2 2 2 2 2 2 2 2 2 2 2 2 2 2 2 2 2 2 0 0 2 2 2 2 2 2 2 2 2 0 2 2 2 2 2 2 2 2 2 2 2 2 0 2 2 2 2 2 2 2 2 0 2 2 2 2 2 2 2 0 2 2 2 2 2 2 1 2 2 2 2 2 2 0 2 2 2 2 2 2 2 2 2 0 2 2 2 2 0 2 2 2 2 2 2 2 2 0 2 2 2 2 2 2 2 2 2 2 2 2 2 2 2 2 0 2 2 2 2 2 2 2 2 2 2 2 2 2 2 2 2 2 2 2 2 2 2 2 2 2 2 2 2 2 2 2 2 2 2 2 0 2 2 2 2 2 0 2 2 2 2 2 2 2 2 2 2 2 2 2 2 2 2 2 2 2 2 2 2 2 2 2 0 2 2 2 2 0 2 2 2 2 0 2 2 0 2 2 2 2 2 2 2 2 2 2 2 2 2
1454 2 2 2 2 2 2 2 2 2 2 2 2 2 2 2 0 2 2 2 2 2 2 2 2 2 0 2 2 2 2 2 2 2 2 2 2 2 2 2 2 2 2 2 2 2 2 2 2 2 2 2 2 2 2 2 2 2 2 2 2 2 2 2 2 2 2 2 2 2 2 2 2 2 2 2 2 2 2 2 2 0 2 2 2 2 2 2 2 2 2 2 2 2 2 2 2 2 2 2 2 2 2 2 2 2 2 2 2 2 2 2 2 2 2 2 2 2 2 0 2 2 2 2 2 2 2 2 2 2 2 2 2 2 2 2 2 2 2 2 2 2 2 2 2 2 2 2 2 2 2 2 2 2 0 2 2 2 2 2 2 2 2 2 2 2 2 2 2 2 2 2 2 2 2 2 2 2 0 2 2 2 2 2 2 2 2 2 2 0 2 2 2 2 2 2 2 2 2 2 2 2 2 2 2 2 2 2 2 2 2 2 2 2 2 2 2 2 2 2 2 0 2 2 2 2 2 2 2 2 2 2 2 2 0 2 2 2 2 0 2 2 0 2 0 0
1455 2 2 2 2 2 2 2 2 2 2 2 2 2 2 0 2 0 2 2 2 2 2 2 2 2 2 0 2 2 2 2 2 0 2 0 2 2 2 2 2 2 2 0 0 2 2 2 2 2 2 2 0 2 2 2 2 2 2 2 2 2 2 2 2 2 2 2 2 2 2 2 2 2 2 0 2 2 2 0 0 0 2 0 2 0 0 2 2 2 0 0 2 2 2 2 0 2 2 2 2 2 0 2 2 2 2 2 2 2 2 2 2 0 2 2 2 0 0 2 0 2 2 2 0 2 2 2 2 2 2 2 2 0 0 2 0 0 2 2 0 2 0 0 2 2 2 2 2 1 0 2 2 2 2 2 2 2 0 2 2 2 0 2 2 0 2 0 2 2 2 0 0 0 2 0 2 2 2 2 2 0 2 2 0 2 2 0 2 0 2 2 0 2 0 0 0 2 2 2 2 2 0 0 2 2 2 2 2 2 2 0 2 2 2 2 2 0 2 0 2 2 2 2 0 0 2 0 2 0 0 2 2 2 2 2 2 0 2 2 2 0 2 2 2 0
1456 2 2 2 2 2 2 2 2 2 2 2 2 2 2 0 2 0 2 2 2 2 2 2 2 2 2 0 2 2 2 2 2 0 2 0 1 2 2 2 2 2 2 0 0 2 2 2 2 2 2 2 0 2 2 2 2 2 2 2 2 2 2 2 2 2 2 2 2 2 2 2 2 2 2 0 2 2 2 0 0 0 2 0 2 0 0 2 2 2 0 0 2 2 2 2 0 2 2 2 2 2 0 2 2 2 2 2 2 2 2 2 2 0 2 2 2 0 0 2 0 2 2 2 0 2 2 2 2 2 2 2 2 0 0 2 0 0 2 2 0 2 0 0 2 2 2 2 2 1 0 2 2 2 2 2 2 2 0 2 2 2 0 2 2 0 2 0 2 2 2 0 0 0 2 0 2 2 2 2 2 0 2 2 0 2 2 0 2 0 2 2 0 2 0 0 0 2 2 2 2 2 0 0 2 2 2 2 2 2 2 0 2 2 2 2 2 0 2 0 2 2 2 2 0 0 2 0 2 0 0 2 2 2 2 2 2 0 2 2 2 0 2 2 2 0
1457 2 0 2 2 0 2 2 2 0 2 2 2 0 0 2 0 2 0 2 2 2 2 0 0 2 2 2 2 0 2 2 2 2 2 2 2 2 2 2 2 2 2 2 2 2 2 2 2 2 2 2 2 2 2 0 0 2 2 2 2 2 2 2 0 2 0 2 2 0 2 2 0 2 2 2 2 2 2 2 2 2 2 2 2 2 2 2 0 2 2 2 2 2 2 2 2 2 2 2 2 2 2 0 2 2 2 2 2 2 0 2 0 2 2 2 2 2 2 0 2 2 2 2 2 2 2 2 2 2 2 2 2 2 2 2 2 2 2 0 2 2 2 2 2 2 2 2 2 2 2 0 2 2 2 2 2 2 2 2 2 2 2 2 2 2 2 2 1 2 2 2 2 2 2 2 2 0 2 2 0 2 2 2 2 2 2 2 2 2 2 2 2 0 2 2 2 2 2 2 2 2 2 2 0 2 0 2 2 2 2 2 2 2 2 2 2 2 2 2 0 2 2 2 2 2 2 2 2 2 2 2 2 0 2 2 2 2 0 0 2 2 2 2 2 2
1458 2 0 2 2 0 2 2 2 0 2 2 2 0 1 2 0 2 0 2 2 2 2 0 1 2 2 2 2 0 2 2 2 2 2 2 2 2 2 2 2 2 2 2 2 2 2 2 2 2 2 2 2 2 2 0 0 2 2 2 2 2 2 1 0 2 0 2 2 0 2 2 1 2 2 2 2 2 2 2 2 2 2 2 2 2 2 2 0 2 2 2 2 1 2 2 2 2 2 2 2 2 2 0 2 2 2 2 2 2 0 2 0 2 2 2 2 2 2 1 2 2 2 2 2 2 2 2 2 2 2 2 2 2 2 2 2 2 2 0 2 2 2 2 2 2 2 2 2 2 2 0 2 2 2 2 2 2 2 2 1 2 2 2 2 2 2 2 1 2 2 2 2 2 2 2 2 0 2 2 1 2 2 2 2 2 2 2 2 2 2 2 2 0 2 2 2 2 2 2 2 2 2 2 2 2 0 2 2 2 2 2 2 2 2 2 2 2 1 2 0 2 1 2 2 2 1 2 2 2 2 2 2 1 2 2 2 2 1 1 2 2 2 2 2 2
1459 2 2 2 2 2 2 2 0 2 2 0 2 2 2 2 2 2 2 2 0 2 2 2 2 2 2 2 2 2 2 0 2 2 2 2 2 2 2 2 2 2 2 2 2 2 2 2 2 2 2 2 2 2 2 2 2 2 2 2 2 2 2 2 2 2 2 2 2 2 2 0 2 2 2 2 2 2 2 2 2 2 2 2 2 2 2 2 2 0 2 2 2 2 2 2 2 2 0 0 2 2 2 2 2 1 0 2 2 2 2 2 2 2 2 0 2 2 2 2 2 2 2 2 2 2 2 2 2 2 2 0 2 2 2 2 2 2 0 2 2 2 2 2 2 2 2 0 0 2 0 2 0 2 2 2 2 2 2 2 2 2 2 2 2 2 2 2 2 2 2 2 2 2 2 2 2 2 2 2 2 2 0 2 2 2 2 2 2 2 2 2 2 2 2 2 2 2 2 2 1 2 2 2 2 2 2 2 2 2 2 2 2 2 2 0 2 2 2 2 2 2 2 2 2 2 2 2 2 2 2 2 2 2 2 2 0 2 2 2 2 2 2 2 2 2
1460 0 0 0 0 0 0 0 0 0 0 0 0 0 0 0 0 0 0 0 0 1 0 0 0 0 0 0 0 0 0 0 0 0 0 0 0 0 0 0 0 0 0 0 0 0 0 0 0 0 0 0 0 0 0 0 0 0 0 0 0 0 0 0 0 0 0 0 0 0 0 0 0 0 0 0 0 0 0 0 0 0 0 0 0 0 0 0 0 0 0 2 0 0 0 0 0 0 0 0 0 2 0 0 0 0 0 2 0 0 0 0 0 0 0 0 0 0 0 0 0 0 0 0 0 0 0 0 0 0 0 0 0 0 0 0 0 0 0 0 0 0 0 0 2 0 0 0 0 0 0 0 0 0 2 0 0 0 0 2 0 0 0 0 2 0 0 0 0 0 0 0 0 0 0 0 0 0 2 0 0 0 0 0 0 0 0 0 0 0 0 0 0 0 0 1 0 0 0 0 0 0 2 0 0 0 0 0 0 0 0 0 0 0 0 0 0 0 0 0 0 0 0 0 0 0 0 0 0 0 0 0 0 0 0 0 0 0 0 0 0 0 2 0 2 2
1461 2 2 2 2 2 2 2 2 2 2 0 2 2 2 2 2 2 2 2 2 2 2 2 2 2 2 2 2 2 2 2 2 2 2 2 2 0 2 0 0 2 0 2 0 2 2 2 2 2 2 2 2 2 2 2 2 2 2 2 2 2 2 2 2 2 2 2 2 2 2 2 2 2 2 2 2 2 2 2 2 2 2 2 2 2 2 2 2 2 2 0 0 2 2 2 2 2 2 2 2 0 2 2 2 2 2 0 2 2 2 0 0 2 2 2 2 0 0 2 2 2 2 0 0 2 2 2 2 2 2 2 2 2 2 2 2 2 2 2 2 2 2 0 0 2 2 2 2 2 2 2 2 2 0 2 2 2 2 0 2 2 2 2 0 2 2 2 2 2 2 2 2 2 2 2 2 2 0 2 2 0 2 2 2 2 2 2 2 2 2 2 0 2 2 1 2 2 0 2 2 2 2 2 2 2 2 2 2 2 2 2 2 2 2 2 0 2 2 2 2 0 2 2 2 2 2 0 2 2 2 2 2 2 2 2 2 2 2 2 2 0 0 2 0 0
1462 0 2 2 0 2 0 0 2 0 1 2 2 2 1 0 0 2 1 1 2 2 2 2 1 2 2 0 2 1 0 2 2 2 0 2 2 2 2 2 2 2 2 2 0 0 2 2 1 2 2 2 2 1 2 2 2 2 2 2 2 2 0 2 2 2 2 2 2 2 2 2 1 2 1 2 0 2 2 2 0 0 2 2 2 2 0 2 2 2 2 2 2 2 2 2 2 2 0 2 2 2 2 2 2 2 0 2 2 2 2 2 2 1 0 2 2 2 0 2 2 2 2 2 0 2 0 2 0 0 0 2 2 0 2 0 1 0 2 2 2 0 0 1 2 2 0 2 2 1 0 2 2 2 2 0 0 0 0 2 0 2 0 2 2 2 0 1 2 0 0 0 2 2 0 2 1 2 2 0 0 0 0 2 0 0 0 2 2 0 2 0 0 2 0 2 0 0 2 2 2 2 2 2 0 0 2 0 2 2 2 2 2 2 2 2 0 2 1 0 2 2 2 2 2 0 2 0 0 2 1 2 2 1 0 2 2 2 2 2 2 2 2 2 2 2
1463 2 2 2 2 2 0 0 0 2 2 2 2 2 2 0 2 2 2 2 2 2 2 2 2 2 2 2 2 2 2 2 2 2 2 2 2 2 2 2 2 2 2 2 0 2 2 2 2 2 2 2 2 2 2 2 2 2 2 2 2 2 2 2 2 2 2 2 2 2 0 2 2 2 2 2 2 2 2 2 2 2 2 2 0 2 2 2 2 2 2 2 2 2 2 0 2 2 0 0 2 2 2 2 2 2 0 2 2 2 2 2 2 2 2 2 2 2 2 0 2 2 2 2 0 0 0 0 2 2 2 0 2 2 2 2 2 2 2 0 2 2 0 2 2 2 2 2 0 1 1 0 2 2 2 0 2 2 2 2 0 2 2 2 2 2 2 2 1 2 0 2 0 2 2 2 0 0 2 0 2 2 0 0 2 2 2 2 2 2 2 2 2 2 2 2 2 0 2 2 2 2 2 2 2 2 0 2 2 2 2 0 0 2 2 0 0 2 2 2 0 2 2 2 2 2 2 2 2 2 2 2 2 2 2 0 2 2 2 0 2 2 2 0 2 2
1464 2 2 2 2 2 2 2 0 2 2 2 2 2 2 2 2 2 2 2 2 2 2 2 2 2 2 2 2 2 2 2 2 2 2 2 2 2 2 2 0 2 2 2 2 2 2 2 2 2 2 2 2 2 2 2 2 0 2 2 2 2 2 2 2 2 2 2 2 0 2 2 2 2 2 2 2 2 2 2 2 2 2 2 2 2 2 2 2 2 2 2 2 2 2 2 2 2 2 0 2 2 2 2 0 2 2 2 2 2 2 2 2 2 2 2 2 2 2 2 2 2 2 2 2 2 2 2 0 0 2 2 2 2 2 2 2 2 2 2 2 2 2 2 2 0 2 0 0 2 2 2 2 2 2 2 2 2 2 2 2 2 2 2 2 2 2 2 2 2 2 2 2 2 2 2 2 2 2 2 2 2 2 2 2 2 2 2 2 2 2 2 2 2 2 2 2 2 2 2 2 2 0 2 2 2 2 2 2 2 2 2 2 2 0 2 2 2 2 2 2 2 2 2 2 2 2 2 0 2 2 2 2 2 2 2 2 2 2 2 2 2 2 2 2 2
1465 2 2 2 2 2 2 2 0 0 2 0 2 2 2 0 2 2 0 2 2 0 2 2 2 2 2 0 2 0 2 2 2 2 2 2 1 2 2 0 2 2 2 2 0 2 2 2 2 2 0 2 0 0 2 2 2 2 2 2 0 2 2 2 2 2 2 2 2 0 2 2 2 2 0 2 2 2 2 2 2 2 2 2 2 2 2 2 2 2 2 2 0 2 2 2 2 2 2 0 2 2 2 2 0 2 2 0 2 2 2 2 2 2 2 2 2 2 0 2 2 2 0 0 0 2 2 2 2 2 2 2 2 2 2 2 0 2 2 0 2 2 2 0 2 2 2 0 0 1 2 2 2 0 2 2 2 2 2 2 2 2 2 2 2 2 2 0 1 2 2 2 2 2 2 2 2 0 2 2 2 2 2 0 0 2 2 0 2 2 2 2 2 2 2 1 2 2 2 2 1 2 2 2 2 2 0 2 2 2 2 0 2 2 2 0 0 2 2 2 0 2 2 2 2 2 2 2 0 0 2 2 0 2 0 2 2 2 2 2 2 2 2 2 2 2
1466 2 2 2 2 2 2 2 2 2 2 2 2 2 2 2 2 2 0 2 2 2 2 2 2 2 2 2 2 0 2 2 2 0 2 2 2 2 0 2 2 2 2 2 2 2 2 2 2 2 2 2 2 2 2 2 2 2 0 2 2 2 2 2 2 2 2 0 2 2 2 2 2 2 2 2 2 2 2 2 2 2 2 2 2 2 2 2 2 2 2 2 2 0 2 2 0 2 2 2 2 2 2 2 2 2 2 2 0 2 2 2 2 2 2 2 2 2 2 2 0 2 2 2 2 2 2 2 2 2 2 2 2 2 0 2 2 2 2 2 2 2 2 2 2 0 2 2 2 2 2 2 2 2 2 2 2 2 2 2 2 2 2 2 2 2 2 2 2 2 2 2 2 2 2 0 2 2 2 2 2 2 2 2 2 2 2 2 2 2 2 2 2 2 2 2 2 2 2 2 2 2 2 2 2 2 2 2 2 2 2 2 2 2 0 2 2 2 2 2 2 2 2 2 2 2 0 2 2 2 2 2 2 2 2 2 2 2 2 2 2 2 2 2 2 2
1467 2 2 2 2 2 2 2 2 2 2 2 0 2 2 2 2 2 2 2 2 2 0 2 2 2 2 2 0 2 2 2 0 2 2 0 2 2 2 2 2 0 2 2 2 2 2 2 2 2 2 2 2 2 0 2 2 2 2 2 2 2 2 2 2 2 2 2 0 2 2 2 2 0 2 2 2 2 0 2 2 2 0 2 2 2 2 2 2 2 0 2 2 2 2 2 2 2 2 2 2 2 2 2 2 2 2 2 2 2 2 2 2 2 2 2 2 0 0 2 2 2 2 2 2 2 2 2 2 2 2 2 2 2 2 2 2 2 2 2 2 2 2 2 2 2 2 2 2 2 2 2 2 2 2 2 2 2 2 2 2 2 2 2 2 2 2 2 2 2 2 2 2 2 2 2 0 2 2 2 2 2 2 2 2 2 2 2 2 2 2 2 2 2 2 2 2 2 2 2 2 2 1 2 2 2 2 2 2 2 2 2 2 2 2 2 2 2 2 2 2 2 2 0 2 2 2 2 2 2 2 2 0 2 2 2 2 0 2 2 2 0 2 2 2 2
1468 2 2 2 2 2 2 0 2 2 2 2 2 2 2 2 2 2 2 2 2 2 2 2 2 2 2 2 2 2 2 2 2 0 2 2 2 0 2 2 2 2 2 2 2 2 2 2 2 2 2 2 2 2 2 2 2 2 2 2 2 2 2 2 2 2 2 2 2 2 0 2 2 2 2 2 2 2 2 2 2 2 2 2 2 2 2 2 2 2 2 2 2 0 2 2 0 2 2 2 2 2 2 2 2 2 2 2 2 2 2 2 2 2 2 2 2 2 2 2 0 2 2 2 2 0 0 2 2 2 2 2 0 2 0 2 2 2 2 0 2 2 2 2 2 2 2 2 2 2 2 2 2 2 2 0 1 2 2 2 2 2 2 2 2 2 2 2 0 2 2 2 0 2 2 2 2 0 2 2 2 2 2 2 2 2 2 0 2 2 2 2 2 2 2 2 2 0 2 2 2 2 2 2 2 2 0 2 2 2 2 2 2 2 2 0 2 2 2 2 0 2 2 2 2 2 0 2 2 2 2 2 2 2 2 2 2 2 2 2 2 2 2 0 2 2
1469 2 2 0 2 2 2 2 0 0 2 0 2 2 2 1 2 0 2 2 2 0 2 2 2 2 2 2 2 2 2 0 2 2 2 2 2 0 2 0 2 0 2 2 0 2 0 2 2 0 0 2 2 2 2 2 2 2 2 0 0 2 2 2 2 0 2 2 2 0 2 2 0 0 2 0 2 0 2 2 2 2 2 2 0 0 2 0 0 2 2 2 0 2 2 2 2 2 2 0 0 2 2 2 0 2 2 2 0 0 2 2 0 0 2 0 2 2 2 2 2 2 0 2 0 2 2 2 2 0 2 0 2 2 2 2 2 2 0 0 2 2 2 0 2 2 0 2 0 2 2 2 2 2 2 2 2 0 2 2 2 2 0 2 2 0 0 2 1 2 2 0 0 2 0 0 0 0 2 2 2 2 2 2 2 0 2 0 2 2 2 2 2 0 2 2 2 0 2 2 1 2 2 0 2 2 0 0 2 2 2 2 2 0 2 0 2 0 2 2 0 2 2 2 2 0 2 2 2 2 2 2 2 2 2 2 0 0 2 2 2 2 2 0 2 2
1470 0 2 2 2 2 2 2 2 2 2 2 2 2 0 2 2 2 2 0 2 2 2 2 0 2 2 2 2 2 0 2 2 2 2 2 2 2 2 2 2 2 0 2 2 0 2 2 0 2 2 2 2 2 2 2 2 2 2 2 2 2 0 2 2 2 2 2 2 2 2 2 2 2 2 2 0 2 2 2 2 2 2 2 2 2 2 2 2 2 2 2 2 2 2 2 2 2 2 2 2 2 2 2 2 2 2 2 2 2 2 0 2 2 0 2 0 2 2 2 2 2 2 2 2 2 2 2 2 2 2 2 2 2 2 2 2 2 2 2 2 2 2 2 2 2 2 2 2 2 2 2 2 2 2 2 2 2 2 2 2 2 2 2 2 2 2 2 2 2 2 2 2 2 2 2 2 2 2 2 0 2 2 2 2 2 2 2 2 2 0 1 2 2 2 2 2 2 2 2 2 2 2 2 2 2 2 2 2 2 2 2 2 2 2 2 2 2 2 2 2 2 2 2 2 2 2 2 2 2 2 2 2 0 2 2 2 2 0 2 2 2 2 2 2 2
1471 0 0 0 0 0 0 2 0 0 0 0 0 0 0 0 0 0 0 0 0 0 0 0 0 0 0 0 0 0 0 0 0 0 2 0 0 0 0 0 0 0 0 0 0 0 0 0 0 0 0 0 0 0 0 0 0 0 0 0 0 0 0 0 2 2 0 0 0 2 2 0 0 0 0 0 0 0 0 0 0 0 0 0 0 0 0 0 0 0 0 0 0 0 2 0 0 0 0 0 0 0 0 0 0 0 0 0 0 0 0 0 0 0 0 0 0 0 0 2 0 0 0 0 0 0 2 0 2 0 0 0 2 0 0 0 0 0 0 2 0 0 0 0 0 0 0 0 0 0 0 2 0 0 0 2 0 0 0 0 0 0 0 0 0 0 0 0 1 0 0 0 0 0 2 0 0 2 0 0 0 0 0 0 0 2 0 0 0 0 0 1 0 0 0 0 0 0 2 0 0 0 0 0 2 0 2 0 0 0 0 0 2 0 0 0 0 0 0 2 2 0 0 0 0 0 2 0 0 2 0 0 0 0 0 2 0 0 0 2 0 0 0 0 0 0
1472 2 2 2 2 0 2 2 0 2 2 2 2 0 2 2 2 2 2 2 2 2 2 0 2 2 2 2 2 2 2 2 2 0 2 2 2 2 2 2 2 2 2 2 2 2 2 2 2 2 2 2 2 2 2 0 0 0 2 2 2 2 2 2 2 2 0 2 2 2 2 2 2 2 2 2 2 2 2 2 2 2 2 2 2 2 2 2 0 0 2 2 2 2 2 2 0 2 0 0 2 2 2 2 2 0 0 2 2 2 2 2 2 2 2 2 2 2 2 2 0 2 2 2 2 2 2 2 2 2 2 2 2 2 0 2 2 2 2 2 2 2 2 2 0 2 2 2 2 2 1 2 0 2 2 2 0 2 2 0 2 2 2 2 2 2 2 2 2 2 2 2 2 2 2 2 0 2 2 2 2 2 0 2 2 2 2 2 2 2 2 2 2 0 2 2 2 2 2 2 0 0 2 2 2 2 2 2 2 2 2 2 2 2 2 2 2 2 2 2 2 2 2 2 2 2 2 2 2 2 2 2 2 2 2 2 2 2 2 2 2 2 2 2 2 2
1473 0 0 0 0 0 0 0 0 0 0 0 0 0 0 0 0 0 0 0 0 0 0 0 0 0 0 0 0 0 0 0 0 0 0 0 0 0 0 0 0 2 0 0 2 0 0 0 0 0 0 2 2 0 0 0 0 0 0 0 0 2 0 0 2 2 0 0 2 0 0 0 0 0 0 0 0 0 0 0 0 0 0 0 0 0 0 0 0 0 0 0 0 0 0 0 0 0 2 0 0 0 0 0 0 0 2 0 0 0 0 0 0 2 0 0 0 0 0 0 0 0 0 0 2 0 0 2 2 0 0 2 0 0 0 0 0 0 0 2 0 0 0 0 0 0 0 2 0 0 1 0 0 0 0 0 0 0 0 0 0 0 0 0 0 0 0 0 1 0 0 0 0 0 0 0 0 2 0 0 0 0 2 0 0 0 0 0 2 2 0 0 0 0 0 0 0 0 0 0 0 2 0 0 0 0 2 0 0 0 0 0 0 0 0 0 2 0 2 0 2 0 2 2 0 0 0 0 0 0 2 0 0 0 0 0 0 0 0 0 0 0 0 0 0 0
1474 0 0 0 2 2 0 2 0 0 0 0 0 2 0 2 0 0 0 0 0 0 0 2 0 2 2 0 0 0 0 0 0 0 2 0 0 0 0 0 0 2 0 0 2 0 0 0 0 0 0 2 2 0 0 2 2 0 0 0 0 2 0 0 2 2 2 0 2 2 2 0 0 0 0 0 0 0 0 0 2 0 0 0 0 0 0 0 0 2 0 0 0 2 2 0 0 2 2 0 0 2 0 0 0 2 2 0 2 0 0 0 0 2 0 0 0 0 0 2 0 2 0 0 2 0 2 2 2 0 0 2 2 0 0 2 0 0 2 2 0 0 0 0 0 0 2 2 0 1 2 2 0 0 0 2 2 2 0 0 0 0 2 2 0 0 0 0 1 0 0 2 2 0 2 0 0 2 0 0 0 0 2 0 0 2 0 0 2 2 0 1 0 0 2 0 0 2 2 2 2 2 0 0 0 2 2 2 0 0 0 0 2 0 0 0 2 0 2 2 2 0 2 2 2 2 2 0 0 2 2 0 0 0 0 2 2 2 0 2 2 0 0 0 0 0
1475 2 2 2 2 2 0 2 2 2 2 2 2 2 2 2 2 2 2 2 2 2 2 2 2 2 2 0 2 2 2 2 2 2 2 2 1 2 2 2 2 2 2 2 2 2 2 2 2 2 2 2 2 0 2 2 2 2 2 2 2 2 2 2 2 2 2 2 2 2 2 2 2 2 0 2 2 2 2 2 2 2 2 2 2 2 0 2 2 2 2 2 2 2 2 2 2 2 2 2 2 2 0 2 2 2 2 2 2 2 2 2 2 2 2 2 2 0 2 2 2 2 2 2 2 2 2 2 2 2 2 2 2 0 2 2 0 2 2 2 2 2 2 0 2 2 2 2 2 1 2 2 2 2 2 2 2 2 0 2 2 2 2 2 2 2 2 0 2 2 2 2 2 2 2 2 2 2 2 2 2 2 2 0 0 2 2 0 2 2 2 2 2 2 2 2 0 2 2 2 2 2 2 2 2 2 2 2 2 2 2 2 2 2 2 2 2 2 2 2 2 2 2 2 2 2 2 2 2 2 2 2 2 2 2 2 2 2 2 2 2 0 2 2 2 2
1476 2 2 2 2 2 0 2 2 2 2 2 2 2 2 2 2 2 2 2 2 2 2 2 2 2 2 0 2 2 2 2 2 2 2 2 1 2 2 2 2 2 2 2 2 2 2 2 2 2 2 2 2 0 2 2 2 2 2 2 2 2 2 2 2 2 2 2 2 2 2 2 2 2 0 2 2 2 2 2 2 2 2 2 2 2 0 2 2 2 2 2 2 2 2 2 2 2 2 2 2 2 0 2 2 2 2 2 2 2 2 2 2 2 2 2 2 0 2 2 2 2 2 2 2 0 2 2 2 2 2 2 2 0 2 2 0 2 2 2 2 2 2 0 2 2 2 2 2 1 2 2 2 2 2 2 2 2 0 2 2 2 2 2 2 2 2 0 2 2 2 2 2 2 2 2 2 2 2 2 2 2 2 0 0 2 2 0 2 2 2 2 2 2 2 2 0 2 2 2 2 2 2 2 2 2 2 2 2 2 2 2 2 2 2 2 2 2 2 2 2 2 2 2 2 2 2 2 2 2 2 2 2 2 2 2 2 2 2 2 2 0 2 2 2 2
1477 2 2 0 2 2 2 2 2 0 2 0 2 2 2 0 2 0 2 2 0 1 2 2 2 2 0 2 2 2 2 2 2 2 2 0 2 0 2 0 0 0 2 2 2 2 0 2 2 0 0 2 2 2 2 2 2 2 2 0 0 2 0 2 2 0 2 2 0 2 2 2 0 0 2 0 2 0 2 2 2 0 2 0 2 2 2 0 2 2 0 0 0 2 2 2 2 2 2 2 0 0 2 2 0 2 2 0 2 2 2 2 2 0 2 0 0 2 2 2 2 2 0 2 2 0 2 2 0 2 2 2 2 0 2 2 0 0 2 2 0 2 0 0 0 2 0 2 0 1 2 2 0 2 1 2 2 0 2 0 2 2 0 2 0 2 0 2 2 2 2 0 0 0 2 0 2 2 0 2 0 2 2 2 2 2 0 0 2 2 2 2 2 2 2 0 2 2 2 0 2 2 0 2 2 2 2 2 2 2 2 0 2 1 2 0 2 2 1 2 2 2 0 0 2 0 2 2 2 2 2 2 2 0 0 2 2 2 0 2 0 2 0 2 0 0
1478 2 2 2 0 2 2 2 2 2 2 2 2 2 2 0 2 0 2 2 2 2 2 2 2 2 0 2 2 2 2 2 2 2 2 0 2 0 2 2 2 2 2 2 0 2 2 2 2 2 2 0 2 2 2 2 2 2 2 2 2 0 2 2 2 2 2 2 2 2 2 2 2 2 2 0 2 2 2 2 2 0 2 2 2 2 2 2 2 2 0 0 2 2 2 2 2 2 2 2 2 0 2 2 2 2 2 0 2 2 2 2 2 0 2 2 2 2 2 2 2 2 2 2 0 2 2 2 2 2 2 0 2 0 2 2 0 0 2 2 0 2 2 0 0 2 2 2 0 1 2 2 0 2 0 2 2 2 2 0 2 2 2 2 0 0 0 2 2 2 2 2 0 0 2 0 2 2 0 2 2 0 2 2 2 2 2 0 2 0 2 2 0 2 2 0 2 2 2 2 2 2 0 2 2 2 2 2 2 2 2 0 2 2 2 0 0 2 1 2 2 2 0 2 2 2 2 0 2 2 2 2 2 2 0 2 2 2 2 2 2 2 0 2 0 0
1479 2 2 0 2 2 2 2 2 2 0 2 2 2 2 2 2 2 2 2 2 1 2 2 2 2 2 2 2 2 2 2 2 2 2 2 2 2 2 2 2 2 0 2 2 2 0 2 2 0 2 2 2 2 2 2 2 2 2 0 0 2 2 2 2 2 2 2 2 2 2 2 2 2 2 2 2 0 2 2 2 2 2 2 2 2 2 0 2 2 2 2 2 2 2 2 2 2 2 2 0 2 2 2 2 2 2 2 2 2 2 0 2 2 2 0 2 2 2 2 2 2 2 0 2 2 2 2 2 2 2 2 2 0 2 2 2 2 0 2 0 0 2 0 2 2 2 2 0 2 2 2 2 2 2 2 2 2 2 2 2 2 2 2 2 0 2 2 2 2 2 2 0 0 2 2 2 2 2 2 2 2 2 2 2 2 2 2 2 2 2 2 2 2 2 2 2 2 2 2 2 2 0 2 2 2 2 2 2 2 2 0 2 0 2 2 2 2 1 2 2 0 0 2 2 2 2 2 0 2 2 2 2 2 2 2 0 2 2 2 2 2 2 2 2 2
1480 0 0 0 2 0 0 2 0 0 0 0 0 0 0 0 0 0 0 0 0 0 0 0 0 0 0 0 0 0 0 0 0 0 0 0 0 2 0 0 0 0 0 0 0 0 0 0 0 0 0 2 0 0 0 0 0 0 0 0 0 2 0 0 2 0 0 0 0 0 2 0 0 2 0 0 0 0 0 0 0 0 0 2 0 0 0 0 0 0 0 0 0 0 2 0 0 0 0 0 0 0 0 0 0 0 0 0 2 0 0 0 0 0 0 0 0 0 0 2 0 2 0 0 0 0 2 0 0 0 0 0 2 0 0 0 0 0 0 0 0 0 0 0 0 0 0 0 0 0 0 2 0 0 0 0 0 0 0 0 0 0 0 0 0 0 0 0 0 2 0 0 0 0 2 0 0 0 0 0 0 0 0 0 0 2 0 0 0 0 0 0 0 0 0 0 0 0 2 0 0 0 0 0 2 0 0 0 0 0 0 0 2 0 0 0 2 0 0 0 0 2 0 0 2 0 2 0 0 2 0 0 0 0 0 2 0 0 0 2 0 0 0 0 0 0
1481 2 0 2 2 2 2 2 2 2 2 2 2 2 2 2 2 0 2 2 2 2 2 2 2 2 2 2 2 2 2 2 2 0 2 2 2 0 2 2 2 2 2 2 2 2 2 2 2 2 2 2 2 2 2 2 2 2 2 2 2 2 2 0 2 0 2 2 2 0 2 2 2 2 2 0 2 2 2 0 2 2 2 0 2 2 2 2 0 2 2 2 2 2 0 2 0 2 2 2 2 2 2 0 2 2 2 2 2 2 0 2 0 2 2 2 2 2 2 2 0 2 2 2 2 2 2 2 2 2 2 2 2 2 0 2 2 2 2 0 2 2 2 2 2 2 2 2 2 2 2 2 2 2 2 2 2 0 2 2 2 2 2 2 2 2 2 2 1 2 2 2 2 2 2 2 0 0 2 2 2 2 2 2 2 2 0 2 2 2 2 1 2 0 2 2 2 2 2 2 2 2 2 2 2 2 0 2 2 2 2 2 2 2 2 2 2 2 2 0 0 2 2 2 2 2 2 2 2 0 2 2 2 2 2 2 2 2 2 2 2 2 2 2 2 2
1482 2 0 2 2 2 2 2 2 2 2 2 2 2 2 2 2 0 2 2 2 2 2 2 2 2 2 2 2 2 2 2 2 0 2 2 2 0 2 2 2 2 2 2 2 2 2 2 2 2 2 2 2 2 2 2 2 2 2 2 2 2 2 0 2 0 2 2 2 0 2 2 2 2 2 0 2 2 2 0 2 2 2 0 2 2 2 2 0 2 2 2 2 2 0 2 0 2 2 2 2 2 2 0 2 2 2 2 2 2 0 2 0 2 2 2 2 2 2 2 0 2 2 2 2 2 2 2 2 2 2 2 2 2 0 2 2 2 2 0 2 2 2 2 2 2 2 2 2 2 2 2 2 2 2 2 2 0 2 2 2 2 2 2 2 2 2 2 1 2 2 2 2 2 2 2 0 0 2 2 2 2 2 2 2 2 0 2 2 2 2 1 2 0 2 2 2 2 2 2 2 2 2 2 2 2 0 2 2 2 2 2 2 2 2 2 2 2 2 0 0 2 2 2 2 2 2 2 2 0 2 2 2 2 2 2 2 2 2 2 2 2 2 2 2 2
1483 0 2 0 0 0 0 0 0 2 0 0 0 0 0 0 0 0 0 0 2 0 0 0 0 2 0 0 0 0 0 0 0 2 0 0 0 0 0 0 0 0 0 0 0 0 0 0 2 0 0 0 0 0 0 0 0 0 0 0 0 0 0 0 2 0 0 0 0 0 0 0 0 0 0 0 0 0 0 0 0 0 0 0 0 0 0 0 2 0 0 0 0 0 0 0 2 2 0 0 0 0 0 2 0 0 0 0 0 0 2 0 0 0 0 0 2 0 0 0 2 0 2 0 0 0 0 0 0 0 0 0 0 0 2 0 0 0 0 2 0 0 0 0 0 0 0 0 0 0 0 0 0 0 0 0 0 0 0 0 0 0 2 2 0 0 0 0 1 0 0 0 0 0 0 0 2 2 0 0 0 0 0 0 0 0 0 0 0 0 0 1 0 2 0 0 0 0 0 0 0 0 0 0 0 0 2 0 0 0 0 0 0 0 0 0 0 0 0 2 2 0 0 0 0 2 0 0 0 0 2 0 0 0 0 0 0 0 0 0 0 0 0 0 0 0
1484 2 2 2 2 0 0 2 2 2 2 2 2 0 2 0 0 0 2 2 2 2 2 0 2 2 0 0 2 2 2 2 2 2 0 0 0 2 0 2 2 2 2 2 2 2 2 2 2 2 2 2 2 0 2 0 0 0 0 2 0 2 2 0 2 2 0 0 2 2 2 2 2 2 0 0 2 2 2 0 0 0 0 2 0 0 0 1 2 2 0 0 2 2 2 2 2 2 2 2 2 0 2 2 0 2 2 0 0 2 2 2 0 0 2 0 2 0 0 0 2 0 2 2 2 2 2 0 2 0 0 2 2 0 2 0 0 0 2 2 0 2 2 0 0 2 0 2 2 1 1 0 0 2 0 0 2 0 2 0 2 0 2 2 0 0 0 0 2 2 2 0 0 0 0 2 2 2 0 2 1 0 2 0 0 0 0 2 2 2 2 2 0 2 0 0 0 0 2 2 2 0 0 2 2 0 2 0 2 2 2 0 0 2 2 1 2 2 0 2 2 2 2 1 2 2 2 0 2 2 2 2 0 2 0 0 2 0 2 0 2 0 0 2 0 0
1485 2 0 2 2 0 0 2 2 2 2 2 2 0 2 0 0 0 2 2 2 1 2 0 2 0 0 0 2 2 2 2 2 0 0 0 0 0 0 2 2 2 2 2 2 2 2 2 2 2 2 2 2 0 2 0 0 0 0 2 0 2 2 0 0 2 0 0 2 2 2 2 2 2 0 0 2 2 2 0 0 0 0 2 0 0 0 1 0 2 0 0 2 2 2 2 0 0 2 2 2 0 2 0 0 2 2 0 0 2 0 2 0 0 2 0 2 0 0 0 0 0 2 2 2 2 2 0 2 0 0 2 2 0 0 0 0 0 2 0 0 2 2 0 0 2 0 2 0 1 1 0 0 2 0 0 2 0 2 0 2 0 0 0 0 0 0 0 1 2 2 0 0 0 0 2 0 0 0 2 2 0 2 0 0 0 0 2 2 0 2 0 0 0 0 0 0 0 2 2 2 0 0 2 2 0 0 0 2 2 2 0 0 2 2 2 2 2 0 0 0 2 0 2 2 0 2 0 2 2 2 2 0 2 0 0 2 0 2 0 2 0 0 2 0 0
1486 2 0 2 2 2 2 0 2 2 2 2 2 2 2 2 0 2 2 2 2 2 2 2 2 0 2 2 2 2 2 2 2 0 0 2 2 2 2 2 2 2 2 2 2 2 2 2 2 2 2 2 2 2 2 2 2 2 2 2 2 2 2 2 2 2 2 2 2 0 0 2 2 2 2 2 2 2 2 2 2 2 2 0 2 2 2 2 0 2 2 2 2 2 0 2 0 0 2 2 2 2 0 0 2 2 2 2 2 2 0 2 0 2 2 2 2 2 2 2 0 2 2 2 2 0 0 2 2 2 2 2 2 2 0 2 2 2 2 2 2 2 2 2 2 2 2 2 2 1 2 2 2 2 2 2 2 2 2 2 2 2 2 0 2 2 2 2 1 2 2 2 2 2 2 2 0 2 2 2 2 2 2 2 2 2 2 2 2 2 2 1 2 0 2 2 2 2 0 2 2 2 2 2 0 2 2 2 2 2 2 2 2 2 2 0 2 2 2 0 2 2 2 2 0 2 0 2 2 0 2 2 2 2 2 2 2 2 2 2 2 2 2 2 2 2
1487 2 2 2 2 0 2 2 2 2 2 0 2 0 2 0 2 2 2 1 2 2 2 0 2 2 2 0 2 2 0 2 2 2 2 0 0 2 0 2 2 2 2 0 2 2 2 0 0 2 2 2 2 2 2 0 0 2 0 2 0 2 2 0 2 2 0 0 2 2 2 2 2 2 2 2 0 2 2 2 2 2 2 2 2 2 0 2 2 2 0 0 2 2 2 2 2 2 0 2 2 2 2 2 2 2 2 2 0 2 2 2 2 0 2 2 2 0 2 0 2 2 2 0 2 2 2 2 0 2 2 2 0 0 2 2 0 2 2 2 0 2 0 0 0 2 2 0 2 1 2 0 2 2 0 2 2 2 2 0 0 2 2 2 0 0 2 0 2 2 0 2 0 0 2 2 2 2 0 0 0 0 2 2 0 2 2 2 2 2 0 1 0 2 2 0 0 2 2 2 2 2 0 2 2 2 2 2 2 0 2 0 0 2 2 2 2 2 2 2 2 2 2 2 2 2 2 0 2 2 2 2 0 0 2 0 0 2 0 0 2 0 0 2 0 0
1488 0 0 0 0 0 0 0 0 0 0 0 0 0 0 0 0 0 0 0 0 0 0 0 0 0 2 0 0 0 0 0 0 0 0 0 0 0 0 0 0 0 0 0 0 0 0 0 0 0 0 0 0 0 0 0 0 0 0 0 2 0 0 0 2 0 0 0 0 0 0 0 0 0 0 0 0 0 0 0 0 0 0 0 0 2 0 0 0 0 0 0 0 0 0 0 0 0 0 0 0 2 0 0 0 0 0 2 0 0 0 0 0 0 0 0 0 0 0 0 0 0 0 2 0 0 0 2 0 0 2 0 0 0 0 0 0 2 0 2 0 0 0 0 0 0 0 0 0 0 0 0 0 0 0 0 0 0 0 0 0 0 2 0 0 0 0 0 1 0 0 2 0 0 2 0 0 2 0 0 0 0 0 0 0 2 0 0 0 2 0 0 0 0 0 0 0 0 0 0 0 0 0 0 0 0 2 0 0 0 0 0 0 0 0 0 0 0 0 0 2 0 0 0 0 2 0 0 0 0 0 0 0 0 0 0 0 0 0 0 0 0 0 0 0 0
1489 2 2 2 2 2 2 2 2 2 2 2 2 2 2 2 0 2 2 2 0 0 2 2 2 2 2 2 2 2 2 0 2 2 2 2 2 2 2 2 0 2 2 0 2 2 2 0 2 2 0 2 0 2 2 2 2 2 2 2 2 2 2 2 2 2 2 2 2 2 2 0 2 2 2 2 2 2 2 2 2 2 2 2 2 0 2 2 2 2 2 2 2 2 2 2 2 2 2 2 2 2 2 2 2 2 2 2 2 2 2 2 2 2 2 0 2 2 2 2 2 2 2 2 2 2 2 2 2 2 0 2 2 2 2 2 2 2 2 2 2 2 2 2 2 2 2 2 2 2 2 2 2 2 2 2 2 2 2 2 2 2 2 2 2 2 2 2 2 2 2 2 2 2 2 2 2 2 2 2 2 2 2 2 2 2 2 2 2 2 2 2 2 2 2 2 2 2 2 2 2 2 2 2 2 2 2 2 2 0 2 2 2 2 2 2 2 2 0 2 2 2 0 2 2 2 2 2 2 2 2 2 2 2 2 2 2 2 2 2 2 2 2 0 2 2
1490 0 2 0 0 0 0 0 0 0 0 0 0 0 0 0 0 2 0 2 0 0 0 0 0 0 0 0 0 0 2 0 0 2 2 0 0 0 0 0 0 0 0 0 0 0 0 0 0 0 0 0 0 0 2 0 0 0 0 0 0 0 0 0 2 2 0 0 0 2 0 0 0 0 0 2 2 0 0 0 0 2 0 0 0 0 2 0 2 0 0 0 0 0 0 0 2 0 0 0 0 0 0 2 0 0 0 2 0 2 2 0 0 0 0 0 0 0 0 0 2 2 0 0 0 0 0 0 0 0 0 2 0 2 2 0 0 0 0 2 2 0 0 0 0 0 0 2 0 1 0 0 0 0 2 0 0 0 0 0 0 0 0 0 0 2 0 0 2 2 0 0 0 2 0 0 0 2 2 0 0 0 0 0 0 0 0 0 0 0 0 1 0 2 0 0 0 0 0 0 0 0 2 0 0 0 2 0 2 0 0 0 0 0 0 0 0 0 0 2 2 0 0 0 0 0 0 0 0 0 0 2 0 0 2 0 0 0 0 0 0 0 0 0 0 0
1491 0 2 0 2 2 2 0 2 0 0 2 0 2 0 2 0 2 0 0 2 2 0 2 0 2 0 2 0 0 0 2 0 2 2 2 2 0 2 0 2 0 0 2 2 0 0 2 0 0 2 0 2 2 0 2 2 0 2 0 0 0 0 2 2 0 2 2 0 2 0 2 0 0 2 2 0 0 0 0 2 2 0 0 0 0 2 0 2 0 2 2 0 0 2 0 2 2 2 2 0 2 2 2 0 0 2 2 2 0 2 0 0 2 0 2 0 2 0 2 2 0 0 2 2 0 0 2 2 0 0 0 2 0 2 2 2 2 0 2 2 0 2 2 2 0 0 0 2 2 0 2 2 2 2 0 0 2 2 2 0 2 2 2 2 2 0 2 2 0 0 2 2 2 2 2 2 2 2 0 0 2 2 2 2 2 2 0 2 2 0 1 2 2 2 2 2 2 0 0 0 0 2 0 0 2 2 2 2 2 0 2 2 0 0 2 2 0 0 2 2 2 0 0 0 2 0 2 2 2 2 2 0 0 2 2 2 0 0 2 0 2 2 2 2 2
1492 0 2 0 2 2 2 0 2 0 0 2 0 2 0 2 2 2 0 2 2 2 0 2 0 2 2 2 0 0 2 2 0 2 2 2 2 2 2 2 2 2 0 2 2 0 0 2 2 0 2 0 2 2 2 2 2 2 2 0 2 0 0 2 2 2 2 2 2 2 2 2 2 2 2 2 2 0 0 2 2 2 2 0 2 2 2 0 2 2 2 2 2 2 2 2 2 2 2 2 0 2 2 2 2 2 2 2 2 2 2 0 0 2 0 2 2 2 2 2 2 2 0 2 2 0 0 2 2 2 2 2 2 2 2 2 2 2 2 2 2 0 2 2 2 2 2 2 2 2 2 2 2 2 2 0 2 2 2 2 2 2 2 2 2 2 2 2 2 2 2 2 2 2 2 0 2 2 2 2 2 2 2 2 2 2 2 2 2 2 2 2 2 2 2 2 2 2 0 2 2 2 2 2 0 2 2 2 2 2 2 2 2 0 2 2 2 2 2 2 2 2 2 2 0 2 0 2 2 2 2 2 2 2 2 2 2 2 2 2 2 2 2 2 2 2
1493 2 2 2 2 2 2 2 2 2 2 0 2 2 2 2 2 2 2 2 0 0 2 2 2 2 2 2 2 2 2 0 2 2 2 2 2 2 2 0 0 0 2 0 2 2 2 0 2 2 0 2 0 2 2 2 2 2 2 2 0 2 2 2 2 2 2 2 0 2 2 0 0 2 2 2 2 2 2 2 2 2 2 2 0 2 2 2 2 2 2 2 0 2 2 2 2 2 2 2 2 2 2 2 0 2 2 2 2 2 2 2 2 2 2 0 0 2 2 2 2 2 2 2 2 2 2 2 2 2 2 2 2 2 2 2 2 2 2 2 2 2 2 2 2 2 2 2 2 2 2 2 2 2 2 2 2 2 2 2 2 2 2 2 2 2 2 2 2 2 2 2 2 2 2 2 2 2 2 2 2 2 2 2 2 2 2 2 2 2 2 2 2 2 2 2 2 2 2 2 2 2 2 2 2 2 2 2 2 0 2 2 2 2 2 2 2 2 2 2 2 2 2 0 2 2 2 2 2 2 2 2 2 2 2 2 2 2 2 2 2 2 2 2 2 2
1494 2 2 2 2 2 2 2 2 2 2 0 2 2 2 2 2 2 2 2 0 0 2 2 2 2 2 2 2 2 2 0 2 2 2 2 2 2 2 0 0 0 2 0 2 2 2 0 2 2 0 2 0 2 2 2 2 2 2 2 0 2 2 2 2 2 2 2 0 2 2 0 0 2 2 2 2 2 2 2 2 2 2 2 0 2 2 2 2 2 2 2 0 2 2 2 2 2 2 2 2 2 2 2 0 2 2 2 2 2 2 2 2 2 2 0 0 2 2 2 2 2 2 2 2 2 2 2 2 2 2 2 2 2 2 2 2 2 2 2 2 2 2 2 2 2 2 2 2 2 2 2 2 2 2 2 2 2 2 2 2 2 2 2 2 2 2 2 2 2 2 2 2 2 2 2 2 2 2 2 2 2 2 2 2 2 2 2 2 2 2 2 2 2 2 2 2 2 2 2 2 2 2 2 2 2 2 2 2 0 2 2 2 2 2 2 2 2 2 2 2 2 2 0 2 2 2 2 2 2 2 2 2 2 2 2 2 2 2 2 2 2 2 2 2 2
1495 0 2 2 2 2 2 2 2 2 2 0 2 2 0 2 2 2 0 2 0 0 2 2 0 2 2 2 2 0 2 0 2 2 2 2 2 2 2 0 0 0 2 0 2 2 2 0 2 2 0 2 0 2 2 2 2 2 2 2 0 2 0 2 2 2 2 2 0 2 2 2 0 2 2 2 2 2 2 2 0 2 2 2 0 2 2 2 2 2 2 2 0 2 2 2 2 2 2 2 2 2 2 2 0 2 0 2 2 2 2 2 2 2 2 0 0 2 2 2 2 2 2 2 2 2 2 0 2 2 2 2 2 2 2 0 2 2 2 2 2 0 2 2 2 2 2 2 2 2 0 2 2 2 2 2 2 2 2 2 2 2 2 2 2 2 2 2 2 2 2 2 2 2 2 2 2 2 2 2 2 2 0 2 2 2 2 2 2 2 2 2 2 2 0 2 2 2 2 2 2 0 2 2 2 0 2 2 2 0 0 2 2 2 2 2 2 2 2 2 2 2 2 0 2 2 2 2 2 2 2 2 2 2 2 2 2 0 2 2 2 2 2 2 2 2
1496 2 2 2 2 2 2 2 2 2 2 2 2 2 2 0 0 0 2 2 2 2 2 0 2 0 2 2 2 2 2 2 2 2 2 2 1 2 0 2 2 2 2 2 2 2 2 2 2 2 2 2 2 0 2 0 0 2 0 2 2 2 2 2 2 2 2 0 2 2 2 2 2 2 0 0 2 2 2 2 0 2 2 2 2 0 2 2 2 2 2 2 2 2 2 2 2 0 0 2 2 2 2 2 2 2 0 0 0 2 2 2 2 2 2 2 2 2 2 2 2 2 2 2 2 2 2 0 2 2 0 2 0 2 2 0 2 2 2 2 2 2 2 2 2 2 2 2 2 1 0 0 2 0 0 2 2 2 2 2 2 2 2 0 2 2 2 2 2 2 2 0 2 2 2 2 2 2 0 2 2 2 0 2 2 2 2 2 2 2 2 2 2 2 0 1 2 2 2 2 2 0 2 2 0 0 2 2 2 2 0 2 0 2 2 2 2 2 1 2 2 2 0 2 0 2 2 2 2 2 2 2 2 2 2 0 0 0 2 2 2 2 2 0 2 2
1497 2 2 2 2 2 2 2 2 2 2 2 2 2 2 2 2 2 2 2 2 2 2 2 2 2 2 0 2 2 2 2 2 2 2 0 1 2 2 2 2 2 2 2 2 2 2 2 2 2 2 2 2 2 2 2 2 2 2 2 2 2 2 2 2 2 2 2 2 2 2 2 2 2 2 2 2 2 2 2 2 2 2 2 2 2 0 2 2 2 0 2 2 2 2 0 2 2 2 2 2 2 0 2 2 2 2 2 2 2 2 2 2 2 2 2 2 0 2 2 2 2 2 2 2 2 2 2 2 2 2 2 2 2 2 2 0 2 0 2 0 2 2 0 2 2 2 2 0 2 2 2 2 2 2 2 2 2 2 2 2 2 2 2 2 0 2 0 2 2 2 2 0 0 2 2 2 2 2 2 2 0 2 2 0 2 2 2 2 2 2 2 0 2 2 2 0 2 2 2 2 2 2 2 2 2 2 2 0 2 2 0 2 2 2 2 2 2 2 2 2 2 2 2 2 2 2 0 2 2 2 0 2 2 2 2 2 2 2 2 2 0 2 2 2 2
1498 2 2 2 2 2 2 2 2 2 2 2 0 2 2 2 2 2 2 2 2 2 0 2 2 2 2 2 0 2 2 2 0 0 2 2 2 2 2 2 2 2 2 2 2 2 2 2 2 2 2 0 2 2 2 2 2 2 2 2 2 0 2 2 0 2 2 2 2 0 0 2 2 2 2 2 2 2 0 2 2 2 2 2 2 2 2 2 0 2 2 2 2 2 2 2 0 2 2 2 2 2 2 2 2 2 2 2 2 2 2 2 2 2 2 2 2 2 2 2 0 2 2 2 2 2 2 2 2 2 2 2 2 2 0 2 2 2 2 0 2 2 2 2 2 2 2 2 2 2 2 2 2 2 2 2 2 2 2 2 2 2 2 2 2 2 2 2 1 2 2 2 2 2 2 2 2 0 2 2 2 2 2 2 2 2 2 2 2 2 2 1 2 0 2 2 2 2 2 2 2 2 2 2 2 2 0 2 2 2 2 2 2 2 2 2 2 2 2 0 0 2 2 2 2 2 2 2 2 2 2 2 2 2 2 2 2 2 2 2 2 2 2 2 2 2
1499 2 2 2 2 2 2 2 2 2 2 2 2 2 2 2 2 2 2 0 2 2 2 0 2 2 0 2 2 2 0 2 2 2 0 2 2 0 2 2 2 2 0 2 2 2 2 2 2 2 2 2 2 2 2 0 0 2 2 2 2 2 2 0 2 2 2 2 2 2 2 2 2 2 2 2 0 2 2 0 2 2 2 2 2 2 2 2 2 2 2 2 2 0 2 2 2 2 2 2 2 2 2 2 2 2 2 2 2 2 2 0 2 2 2 2 2 2 2 2 2 2 2 2 2 2 2 2 2 2 2 2 2 2 2 2 2 2 2 2 2 2 2 2 2 2 2 2 2 2 2 2 2 2 2 2 2 2 2 2 2 2 2 2 2 2 2 2 2 2 2 2 2 2 2 2 2 2 2 2 2 2 2 2 2 2 2 0 2 2 2 2 2 2 2 2 2 0 2 2 2 2 2 2 2 2 2 0 2 2 2 2 2 2 2 2 2 2 2 2 2 2 2 2 2 2 2 2 2 2 2 2 0 2 2 2 2 2 2 2 2 2 2 2 2 2
1500 2 2 2 2 2 2 2 0 2 2 2 2 2 2 0 2 0 2 2 2 2 2 2 2 2 2 0 2 2 2 2 2 2 2 0 1 2 2 2 2 2 2 2 2 2 2 2 2 2 2 2 2 2 0 2 2 0 2 2 2 2 2 2 2 2 2 2 2 0 2 2 2 2 2 0 2 2 2 2 0 2 0 2 2 2 0 2 2 0 0 2 2 2 2 0 2 2 0 0 2 2 0 2 2 0 2 2 2 0 2 2 2 2 2 2 2 0 0 2 2 2 2 2 2 2 2 0 2 2 2 0 2 2 2 0 0 2 2 2 2 2 2 0 2 2 2 2 0 1 0 2 0 2 2 2 0 2 2 2 2 2 2 2 2 2 0 0 2 2 2 2 0 2 0 0 2 2 2 2 2 2 0 2 0 0 2 2 2 2 2 2 2 2 0 2 0 2 2 0 0 0 2 2 2 0 2 2 2 2 0 0 2 2 2 2 2 2 2 2 2 2 2 2 2 2 2 2 2 2 0 2 2 2 2 2 2 0 2 2 0 0 2 2 2 2
1501 2 0 1 2 0 2 2 2 2 2 2 2 0 2 2 2 2 2 2 2 2 2 2 2 2 2 2 2 2 2 2 2 2 2 2 1 2 0 2 2 2 2 2 2 2 2 2 2 2 2 2 2 0 0 2 2 2 0 1 2 2 2 2 2 2 0 0 2 2 2 0 2 2 0 2 2 2 2 2 2 2 0 2 2 2 2 2 2 2 2 2 2 2 2 2 2 2 2 2 2 2 2 0 2 2 2 0 0 0 0 2 2 2 2 2 2 2 0 2 2 2 2 2 2 2 2 2 2 2 2 0 0 2 2 2 2 2 2 2 2 2 2 2 2 2 2 2 2 2 2 0 0 2 2 2 2 0 0 2 2 2 0 2 2 2 2 2 2 2 2 2 2 2 2 2 2 2 2 2 2 2 2 0 2 2 0 2 2 2 2 2 2 2 2 1 2 2 2 0 2 2 2 0 0 2 2 2 2 2 2 2 0 2 2 2 2 0 2 2 2 0 2 2 0 0 2 2 2 2 2 2 2 2 2 0 2 2 2 2 0 2 2 0 0 2
1502 2 2 2 2 2 2 2 2 2 2 2 2 2 2 2 2 2 2 2 2 2 2 0 2 0 0 2 2 2 2 2 2 0 0 2 2 2 2 2 2 2 2 2 2 2 2 2 2 2 2 2 2 2 2 0 0 2 2 2 2 2 2 2 2 2 2 2 2 2 0 2 2 2 2 2 2 2 2 2 2 2 2 2 2 2 2 2 0 2 2 2 2 2 2 2 0 0 2 2 2 2 2 2 2 2 2 2 2 2 2 2 2 2 2 2 2 2 2 2 0 2 2 2 2 2 2 2 2 2 2 2 2 2 0 2 2 2 2 2 2 2 2 2 2 2 2 2 2 1 2 2 2 2 2 2 2 2 2 2 2 2 2 0 2 2 2 2 1 2 2 2 2 2 2 2 2 2 2 2 2 2 2 2 2 2 2 2 2 2 2 1 2 0 2 2 2 2 2 2 2 2 2 2 2 2 2 2 2 2 2 2 2 2 2 2 2 2 2 0 2 2 2 2 2 2 2 2 2 2 2 2 0 2 2 2 2 2 2 2 2 2 2 2 2 2
1503 2 0 2 2 0 2 2 2 2 2 2 2 0 2 2 2 2 2 2 2 2 2 0 2 0 0 2 2 2 2 2 2 0 0 2 2 2 2 2 2 2 0 2 2 2 2 2 2 2 2 2 2 2 2 0 0 2 2 2 2 2 2 2 2 2 0 2 2 2 0 2 2 2 2 2 2 2 2 2 2 2 2 0 2 2 2 2 0 2 2 2 2 2 2 2 0 0 2 2 2 2 2 0 2 2 2 2 2 2 0 0 0 2 2 2 2 2 2 2 0 2 2 2 2 2 2 2 2 2 2 2 2 2 0 2 2 2 2 2 2 2 2 2 2 2 2 2 2 1 2 2 2 2 2 2 2 2 2 2 2 0 2 0 2 2 2 2 2 2 2 2 2 2 2 2 2 2 2 2 2 2 2 2 2 2 2 2 2 2 2 2 2 0 2 2 2 2 2 2 2 2 2 2 2 2 2 2 2 2 2 2 2 2 2 2 2 2 2 0 2 2 2 2 2 2 2 2 2 2 2 2 0 2 2 2 2 2 2 2 2 2 2 2 2 2
1504 2 0 2 2 0 2 2 2 2 2 2 2 0 0 2 2 2 2 2 2 2 2 0 0 0 0 2 2 2 2 2 2 0 0 2 2 0 2 2 2 2 2 2 2 2 2 2 2 2 2 2 2 2 2 0 0 2 2 2 2 2 2 0 2 2 0 2 2 2 0 2 2 2 2 2 2 2 2 0 2 2 2 0 2 2 2 2 0 2 2 2 2 2 2 2 0 0 2 2 2 2 2 0 2 2 2 2 2 2 0 2 0 2 2 2 2 2 2 2 0 2 2 2 2 2 2 2 2 2 2 2 2 2 0 2 2 2 2 2 2 2 2 2 2 2 2 2 2 2 2 2 2 2 2 2 2 2 2 2 0 0 2 0 2 2 2 2 2 2 0 2 2 2 2 2 2 2 2 0 2 2 2 2 2 2 2 2 2 2 2 2 2 0 2 2 2 2 2 2 2 2 2 2 2 2 2 2 2 2 2 2 0 2 2 2 2 2 2 0 2 2 2 2 2 2 2 2 2 2 2 2 0 2 2 0 2 2 2 2 2 2 2 2 2 2
1505 2 2 2 2 2 2 2 2 2 2 2 2 2 2 2 2 2 2 2 2 2 2 2 2 2 2 2 2 2 2 2 2 2 2 2 2 2 2 2 2 2 2 2 2 2 2 2 2 2 2 2 0 2 0 2 2 2 2 2 2 2 2 2 0 2 2 2 2 0 2 0 2 2 2 2 2 2 2 2 2 2 0 2 2 2 2 2 2 2 2 2 2 2 2 2 2 2 2 2 2 2 2 2 2 2 2 2 2 0 2 2 2 2 2 2 2 2 0 2 2 0 2 2 2 2 2 2 2 0 2 2 2 2 2 2 2 2 2 0 2 2 2 2 2 2 2 0 2 2 2 2 2 2 2 2 0 2 2 2 2 2 2 2 2 2 0 2 1 2 2 0 2 2 2 2 2 0 2 2 2 2 2 2 2 2 2 2 2 2 2 2 2 2 2 2 2 2 2 0 2 2 2 2 2 2 0 2 2 2 2 2 2 2 2 2 2 2 2 2 0 0 2 2 2 2 2 2 2 2 2 2 2 2 2 2 0 2 2 2 0 2 2 2 2 2
1506 0 0 0 0 0 2 0 0 0 0 0 0 0 0 0 0 0 0 0 0 0 0 0 0 0 0 0 0 0 0 0 0 0 0 0 0 0 0 0 0 0 0 0 0 0 0 0 0 0 0 0 0 2 0 0 0 0 0 0 0 0 0 0 0 0 0 0 0 0 0 0 0 0 2 0 0 0 0 0 0 0 0 0 0 0 0 0 0 0 0 0 0 0 0 0 0 0 0 0 0 0 0 0 0 0 0 2 0 0 0 0 0 0 0 0 0 0 0 0 0 0 0 0 0 0 0 0 0 2 0 2 0 2 0 0 0 0 0 0 0 0 0 0 0 0 0 0 0 1 1 0 0 0 0 0 0 0 0 0 0 0 2 0 0 0 0 0 0 0 0 0 0 0 0 0 0 0 0 0 0 2 0 0 0 0 0 0 0 0 0 0 2 0 0 1 0 0 0 0 0 0 0 0 0 0 0 0 0 0 0 0 0 0 0 0 0 0 0 0 0 0 0 0 0 2 0 2 0 0 0 0 0 0 0 0 0 0 0 0 0 0 0 0 0 0
1507 2 2 2 2 2 2 2 0 2 2 2 2 2 2 2 2 2 2 2 2 2 2 2 2 2 2 0 2 2 2 2 2 2 2 0 0 2 0 2 2 2 2 2 2 2 2 2 2 2 2 2 2 2 2 2 2 2 0 2 2 2 2 2 2 2 2 0 2 2 2 2 2 2 2 2 2 2 2 2 2 2 2 2 2 2 2 2 2 2 0 0 2 2 2 2 2 2 2 0 2 2 2 2 2 1 2 2 2 2 2 2 2 0 2 2 2 0 2 2 2 2 2 2 2 2 2 2 0 0 2 2 2 2 2 2 2 0 2 2 2 2 0 0 0 2 2 2 2 2 2 2 2 2 2 2 2 2 2 0 2 2 0 2 0 2 2 2 2 2 2 2 2 2 2 2 2 2 2 2 2 2 2 2 0 2 2 2 2 0 2 2 2 2 2 0 2 2 2 2 2 2 2 2 0 2 2 2 2 2 2 0 2 2 2 2 2 2 2 2 2 2 2 2 2 0 2 2 0 2 2 2 2 2 2 2 2 2 2 2 2 0 0 0 2 0
1508 2 2 2 2 2 2 2 2 2 2 2 2 2 2 2 2 2 2 2 2 0 2 2 2 2 2 2 2 2 2 0 2 2 2 2 2 2 0 2 2 2 2 0 2 2 2 0 0 2 0 2 2 2 2 2 2 2 0 2 2 2 2 0 2 2 2 0 2 2 2 2 2 2 2 2 2 2 2 2 2 2 2 2 0 2 2 2 2 2 2 2 2 2 2 2 2 2 2 2 2 2 2 2 2 2 2 2 2 2 2 2 2 2 2 0 0 2 2 2 2 2 2 2 2 2 2 2 2 2 2 2 2 2 2 2 2 2 2 2 2 2 2 2 2 2 2 2 2 2 2 2 2 2 2 2 2 2 2 2 2 2 2 2 2 2 2 2 2 2 2 2 2 2 2 2 2 2 2 2 2 2 2 2 2 2 2 2 2 2 2 2 2 2 2 2 2 0 2 2 2 2 2 2 2 2 2 0 2 0 2 2 2 2 2 2 2 2 2 2 2 2 2 2 2 2 2 2 2 2 2 2 2 2 2 2 2 2 2 2 2 2 2 2 2 2
1509 2 2 2 2 2 0 2 0 2 2 2 2 2 2 2 2 0 2 2 2 2 2 2 2 2 2 0 2 2 2 2 2 2 2 0 2 2 2 2 2 2 0 2 0 2 2 2 2 2 2 2 2 2 0 2 2 0 2 2 2 2 2 2 2 2 2 2 2 2 0 0 2 0 2 0 2 2 2 2 2 2 0 0 2 2 0 2 2 0 0 2 2 0 0 2 2 2 0 0 2 2 0 2 2 0 2 2 2 0 2 0 0 2 2 2 2 2 2 0 2 2 2 2 0 2 2 2 0 2 2 0 2 2 2 2 2 2 2 2 0 2 0 0 0 0 2 2 2 1 1 2 2 2 2 2 0 2 0 0 2 2 0 2 2 0 0 0 2 2 2 0 2 0 2 0 2 2 2 2 2 2 2 0 0 2 2 0 2 0 2 2 2 2 2 1 2 2 2 2 0 0 0 2 2 2 2 2 2 2 2 0 0 2 0 2 0 2 1 0 2 2 2 2 2 0 2 2 0 0 2 2 2 2 0 0 0 2 2 0 2 2 2 2 2 2
1510 0 2 0 2 2 2 2 2 0 0 0 2 2 2 2 2 2 2 2 2 1 2 2 2 2 2 2 2 2 2 0 2 2 2 2 2 2 2 2 0 2 2 2 2 0 0 2 2 0 0 0 2 2 2 2 2 0 2 0 2 2 0 2 2 2 2 2 2 2 2 2 0 0 2 2 2 0 2 2 2 2 2 2 2 2 2 0 2 2 2 2 2 2 2 2 2 2 2 2 0 2 2 2 2 2 2 2 2 2 2 2 2 2 0 0 0 2 2 2 2 2 0 2 2 2 2 2 2 2 2 2 2 2 2 2 2 2 2 2 2 0 2 2 2 2 2 2 2 2 2 2 2 2 2 2 2 2 2 2 2 2 2 2 2 2 2 2 2 2 2 2 2 2 2 2 2 2 2 2 0 2 2 2 2 2 2 2 2 2 0 1 2 2 2 2 2 2 2 2 2 2 2 2 2 2 2 2 2 2 2 2 2 0 2 2 2 2 2 2 2 2 2 2 2 2 2 2 2 2 2 2 2 0 2 2 2 2 0 2 2 2 2 0 2 2
1511 2 2 2 2 2 0 0 2 2 2 2 2 2 2 0 2 2 2 2 2 2 2 0 2 0 2 0 2 2 2 2 2 2 0 2 1 2 2 2 2 2 2 0 0 2 2 2 2 2 2 2 2 0 2 0 0 0 2 2 2 2 2 2 2 2 2 2 2 2 2 2 2 2 0 2 2 2 2 2 0 0 2 2 0 2 0 2 0 0 2 2 2 0 0 2 2 0 2 2 2 2 2 2 2 0 0 2 2 0 2 2 2 2 2 2 2 0 2 0 2 2 2 2 0 0 0 2 2 2 2 2 2 2 2 0 0 0 2 2 2 2 2 0 2 2 2 2 0 1 2 2 0 2 2 0 0 2 2 2 2 2 2 0 2 2 2 2 2 2 2 2 0 2 2 2 2 2 2 2 2 2 0 0 0 2 2 0 2 2 2 1 2 0 2 1 0 2 2 2 0 2 2 2 0 0 2 2 2 2 0 0 0 2 2 2 2 2 1 0 2 2 0 2 0 2 0 2 2 0 2 2 2 2 2 0 2 2 2 0 2 0 2 2 0 0
1512 0 2 0 2 2 2 2 2 2 2 2 2 2 2 0 2 2 2 2 2 2 2 2 2 0 0 0 2 2 2 2 2 0 0 0 0 2 0 2 2 0 2 2 2 2 0 2 2 0 2 2 2 0 0 2 2 0 0 0 2 2 0 2 2 0 2 0 2 2 2 0 0 0 0 2 2 0 2 2 0 2 0 2 2 2 0 0 2 0 0 0 2 2 2 0 0 0 0 2 0 2 0 2 2 0 2 2 2 2 2 2 2 0 2 2 2 2 2 2 0 2 2 0 2 2 2 0 2 0 2 2 2 0 0 0 0 0 2 2 2 0 2 0 2 0 0 2 0 1 0 2 2 2 0 2 0 0 2 2 2 2 2 0 0 0 0 2 1 0 2 2 0 2 2 0 2 2 0 2 2 2 0 0 0 2 0 0 2 2 2 2 2 2 0 1 0 2 2 0 0 0 2 0 0 0 2 2 2 2 0 2 0 0 0 2 2 0 1 0 2 2 0 2 2 2 2 2 2 2 2 2 0 2 2 0 2 2 2 2 0 2 0 2 0 2
1513 2 2 2 2 2 2 2 0 2 2 2 2 2 2 2 2 2 2 2 2 2 2 2 2 2 2 2 2 2 2 2 2 2 2 2 2 2 2 2 2 2 2 0 2 2 2 2 2 2 2 2 2 2 2 2 2 2 2 2 2 0 2 2 2 2 2 2 2 2 2 2 2 0 2 2 2 2 2 2 0 2 2 2 2 2 2 2 2 2 2 2 2 2 2 2 2 2 0 0 2 2 2 2 2 2 0 2 2 2 2 2 2 2 2 2 2 2 2 2 2 2 2 2 2 2 2 0 2 0 2 2 2 2 2 0 2 2 2 2 2 2 2 2 2 2 2 2 2 2 0 2 2 2 2 2 2 2 2 2 2 2 2 2 2 2 2 2 2 2 2 2 2 2 2 2 2 2 2 2 2 2 0 2 2 2 2 2 2 2 2 2 2 2 2 2 2 2 2 2 2 0 2 2 2 0 2 2 2 2 2 2 2 2 2 2 2 2 2 2 2 2 2 2 2 2 2 2 2 2 2 2 2 2 2 2 2 2 2 2 2 2 2 2 2 2
1514 2 2 2 2 2 2 2 2 0 0 0 2 2 0 2 2 2 2 2 0 1 2 2 0 2 2 2 2 2 2 0 2 2 2 2 2 2 2 2 2 0 2 2 2 0 2 2 2 2 0 2 2 2 2 2 2 2 2 2 2 2 2 2 2 2 2 2 2 2 2 2 0 2 2 2 2 2 2 2 2 2 2 2 2 2 2 2 2 2 2 2 2 2 2 2 2 2 2 2 2 2 2 2 2 2 2 2 2 2 2 2 2 2 0 2 2 2 2 2 2 2 0 2 2 2 2 2 2 2 2 2 2 2 2 2 2 2 2 2 2 2 2 2 2 2 2 2 2 2 2 2 2 2 2 2 2 2 2 2 2 2 2 2 2 2 2 2 2 2 2 2 2 2 2 2 2 2 2 2 2 2 2 2 2 2 2 2 2 2 2 2 2 2 2 2 2 2 2 2 2 2 2 2 2 2 2 2 2 2 2 2 2 2 2 2 2 2 2 2 2 2 2 2 2 2 2 2 2 2 2 2 2 2 2 2 2 2 2 2 2 2 2 2 0 2
1515 0 2 0 0 0 0 2 0 0 0 0 0 0 0 0 0 0 0 0 0 0 0 0 0 0 0 0 0 0 0 0 0 0 0 0 0 0 2 0 0 0 0 0 0 0 0 0 0 0 0 0 0 0 0 0 0 0 2 0 0 0 0 0 0 0 0 2 0 2 2 0 0 2 0 0 0 0 0 0 0 2 0 2 0 0 0 0 2 0 0 0 0 2 0 0 0 0 0 0 0 0 0 2 0 0 0 0 0 2 2 0 2 0 0 0 0 0 0 0 0 0 0 0 0 2 2 0 0 0 0 0 2 0 0 0 0 0 2 0 0 0 0 0 0 0 0 0 0 0 0 2 0 0 0 0 0 2 0 0 0 2 0 0 0 0 0 0 0 0 0 0 0 0 0 0 2 0 0 0 0 0 0 0 0 0 2 0 0 0 0 1 0 2 0 0 0 2 2 2 0 0 0 2 0 0 0 2 0 0 0 0 0 0 0 0 0 2 0 0 0 0 0 0 2 0 2 0 0 0 2 0 2 0 0 0 0 0 0 0 2 0 0 2 0 0
1516 2 2 2 2 2 0 2 2 2 2 2 0 2 2 0 2 0 2 2 2 2 0 2 2 2 2 2 0 2 2 2 0 2 2 2 2 2 2 2 2 2 2 0 0 2 2 2 2 2 2 2 2 2 2 2 2 0 2 2 2 2 2 2 2 2 2 2 2 2 2 2 2 2 2 0 2 2 0 2 0 0 2 2 2 2 2 2 2 0 2 0 2 2 2 0 2 2 2 2 2 0 2 2 2 1 2 0 2 2 2 2 2 0 2 2 2 0 2 2 2 2 2 2 0 2 2 2 0 2 0 2 2 2 2 0 0 2 2 2 2 2 0 2 0 2 2 2 2 1 2 2 2 0 0 2 2 2 0 0 2 2 2 2 0 2 0 0 2 2 2 0 2 2 0 2 2 2 0 2 2 0 0 0 2 0 2 2 0 0 2 2 0 2 0 0 2 2 2 2 1 2 2 2 2 0 0 2 2 2 2 2 2 2 2 2 2 2 2 2 2 2 2 2 2 0 2 0 0 2 2 2 2 2 0 2 2 0 2 2 2 0 0 2 0 0
1517 2 2 2 2 2 2 2 2 2 2 2 2 2 2 2 0 2 2 2 2 2 2 2 2 2 2 0 2 2 2 2 2 2 2 2 1 2 2 2 2 2 0 2 2 2 2 2 2 2 2 2 2 0 2 2 2 2 2 2 2 2 2 2 2 2 2 2 2 2 2 2 2 2 0 2 2 2 2 2 0 2 2 2 2 2 0 2 2 2 2 2 2 0 2 2 2 2 2 2 2 0 0 2 2 2 2 0 2 2 2 2 2 0 2 2 2 0 2 2 2 2 2 2 2 2 2 0 2 2 2 2 2 2 2 0 0 0 2 2 2 2 2 0 2 2 2 2 2 2 2 2 2 2 0 0 2 2 2 2 2 2 2 2 0 2 2 0 2 2 2 2 2 2 2 2 2 2 0 2 2 0 2 2 0 2 2 0 2 2 2 2 0 2 0 0 0 2 2 2 2 2 0 2 2 0 0 2 2 2 2 2 2 2 2 2 2 2 2 2 2 2 2 2 2 2 2 0 2 2 2 2 2 2 2 2 2 0 2 2 2 0 2 2 2 0
1518 0 0 2 2 2 2 2 2 2 2 2 2 2 2 2 2 2 0 2 2 2 2 2 2 2 2 2 2 0 2 2 2 2 2 2 2 2 0 2 0 2 0 0 2 2 2 2 2 2 2 2 2 2 2 2 2 2 0 2 2 2 2 2 2 2 2 0 2 2 2 0 2 2 2 2 2 2 2 2 2 2 2 2 2 2 2 2 2 2 2 0 2 2 2 0 2 2 0 2 2 2 2 0 0 1 2 2 2 2 2 2 2 2 2 2 2 2 2 2 2 2 0 2 2 2 2 2 2 2 2 2 2 2 2 2 2 2 2 2 2 0 2 2 2 2 2 0 2 2 2 2 2 2 2 2 2 2 2 2 2 2 2 2 2 2 0 2 2 2 2 2 2 2 2 2 2 2 2 2 2 2 2 2 2 2 2 2 2 2 2 2 2 2 2 2 2 2 2 2 1 2 2 2 2 2 2 2 2 2 2 2 2 2 2 2 2 2 2 2 2 2 2 2 2 2 2 2 2 2 2 2 2 2 2 2 2 2 2 2 2 2 2 2 2 2
1519 2 2 2 2 2 2 2 2 2 2 2 2 2 2 2 2 2 2 2 2 2 2 2 2 2 2 0 2 2 2 2 2 2 2 2 1 2 2 2 2 2 2 2 2 2 2 2 2 2 2 2 2 0 2 2 2 2 2 2 2 2 2 2 2 2 2 2 2 2 2 2 2 2 0 2 2 2 2 2 2 0 2 2 2 2 0 2 2 2 2 2 2 2 2 2 2 2 2 2 2 0 2 2 2 2 2 2 2 2 2 2 2 2 2 2 2 2 2 2 2 2 2 2 2 2 2 2 0 2 0 2 2 2 2 2 0 0 2 2 2 2 0 0 0 2 2 2 2 2 2 2 0 2 0 2 2 2 2 0 2 2 2 2 2 2 2 0 2 2 2 2 2 2 2 2 2 2 0 2 2 2 2 2 0 2 2 2 2 0 2 2 2 2 2 0 0 2 2 2 2 2 0 2 2 2 0 2 2 2 2 2 2 2 2 2 2 2 2 2 2 2 2 2 2 2 2 2 0 2 2 2 2 2 0 2 2 0 2 2 2 2 2 2 0 0
1520 2 0 0 0 0 2 0 2 0 0 0 2 0 0 0 0 2 2 0 0 1 2 0 0 2 0 2 2 2 0 0 2 0 2 2 2 0 0 0 2 0 0 2 2 0 0 2 0 0 0 0 2 2 2 0 0 2 0 0 0 2 0 2 0 2 0 0 0 2 0 2 0 2 2 2 0 0 2 2 0 2 0 2 2 2 2 0 2 2 2 2 0 0 0 0 0 2 2 2 0 2 0 0 2 2 0 2 0 2 2 2 2 2 0 2 2 0 0 0 0 0 2 0 2 2 0 2 2 2 2 0 0 0 0 0 2 2 0 0 0 2 2 2 2 2 2 2 2 1 2 0 0 0 2 0 2 2 2 2 0 2 0 2 2 2 0 2 1 0 0 2 0 0 2 0 0 0 2 0 0 2 0 2 2 2 2 0 2 2 0 0 2 2 0 2 2 2 0 2 2 2 2 2 0 0 2 0 2 2 2 0 0 0 2 0 0 2 1 2 0 0 2 0 0 2 0 2 2 0 2 2 0 0 2 0 0 2 0 0 2 0 0 2 2 2
1521 0 2 2 2 2 2 2 2 2 2 2 2 2 2 2 2 2 2 2 2 2 2 2 2 2 2 2 2 2 2 2 2 2 2 2 2 2 2 2 0 2 2 0 2 2 2 2 2 2 2 2 2 2 2 2 2 2 2 2 2 2 2 2 2 2 2 2 2 2 2 0 2 2 2 2 2 2 2 2 2 2 2 2 2 0 2 2 2 2 2 2 2 2 2 0 2 2 2 2 2 2 2 2 0 2 2 2 2 2 2 2 2 2 2 2 2 2 2 2 2 2 2 2 2 2 2 2 2 2 2 2 2 2 2 2 2 2 2 2 2 0 2 2 2 2 2 0 2 2 2 2 2 2 2 2 0 2 2 2 2 2 2 2 2 0 0 2 2 2 2 2 2 2 2 2 2 2 2 2 2 0 2 2 2 2 2 2 0 2 2 2 0 2 2 2 2 2 2 2 2 2 2 2 2 2 2 2 2 2 2 0 2 2 2 2 2 2 1 2 2 2 0 2 2 2 2 0 2 2 2 2 2 2 2 2 2 2 2 2 2 2 2 2 2 2
1522 2 2 2 2 2 2 2 2 2 2 2 2 2 2 2 2 2 2 2 2 2 2 2 2 2 2 0 2 2 2 2 2 2 2 2 1 2 2 2 2 2 0 2 2 2 2 2 2 2 2 2 2 2 2 2 2 2 2 2 2 2 2 2 2 2 2 2 0 2 2 2 2 2 2 2 2 2 2 2 2 2 2 2 2 2 0 2 2 0 2 2 2 0 2 2 2 2 0 2 2 2 2 2 2 1 2 2 0 2 2 2 2 2 2 2 0 2 2 2 2 2 2 2 2 2 2 2 2 2 0 2 2 2 2 2 0 2 2 2 2 2 2 0 2 2 2 2 2 2 2 2 0 2 2 2 2 2 2 2 2 2 0 2 2 2 2 2 2 2 2 0 2 2 2 0 2 2 2 2 2 2 0 2 0 2 2 2 2 2 2 1 2 2 2 0 0 2 0 0 1 2 0 2 2 2 0 2 2 2 2 2 2 2 2 2 2 2 2 2 2 2 2 0 0 0 0 2 2 2 2 2 2 2 2 2 0 0 2 2 0 2 2 2 2 2
1523 0 2 0 0 0 0 0 0 2 0 2 0 0 0 0 0 0 0 0 0 0 0 0 0 0 0 0 0 0 0 0 0 0 2 0 2 0 2 2 0 0 0 2 2 0 0 0 0 0 0 2 0 0 0 0 0 0 2 0 0 2 0 0 2 0 0 2 0 2 0 0 0 0 0 0 0 0 0 0 0 0 2 0 0 0 0 0 2 0 0 0 2 0 0 0 0 0 0 0 0 0 0 2 0 2 0 0 0 0 2 2 0 0 0 0 2 0 0 0 0 0 2 0 2 0 0 2 0 0 0 0 0 0 0 0 0 0 0 0 0 0 0 0 0 2 0 0 0 0 0 0 2 0 0 0 0 0 0 0 0 0 0 0 0 0 0 0 0 0 0 0 0 0 0 0 0 0 0 0 0 0 2 0 0 0 0 2 0 0 0 0 0 2 0 0 0 0 0 0 2 0 0 0 0 0 0 0 0 0 0 0 0 0 2 0 0 0 0 0 0 0 0 0 0 0 0 0 0 0 0 0 0 0 0 0 0 0 0 0 0 0 0 0 0 0
1524 0 0 0 0 0 2 0 2 0 0 0 0 0 0 0 0 0 0 0 0 0 0 0 0 0 0 0 0 0 0 0 0 0 0 0 0 0 0 0 0 0 0 0 0 0 0 0 0 0 0 0 0 0 2 0 0 2 0 0 0 0 0 2 0 0 0 0 0 2 0 0 0 0 0 0 0 0 0 0 0 0 2 0 0 0 0 0 0 2 0 0 0 0 0 0 0 0 0 2 0 0 0 0 0 2 0 0 0 0 0 0 0 0 0 0 0 0 0 0 0 0 0 0 0 0 0 0 0 0 0 0 0 0 0 2 0 0 0 0 0 0 0 0 0 0 0 2 2 1 0 0 0 2 0 0 0 0 0 0 0 0 0 0 0 0 0 0 1 0 0 2 0 0 0 0 0 0 0 0 0 0 0 0 0 0 0 0 0 0 0 0 0 0 0 0 0 0 0 0 2 0 0 0 0 2 0 0 0 0 2 0 0 0 0 0 0 0 0 0 0 0 0 0 0 2 0 0 0 0 0 0 0 0 0 0 0 0 0 0 0 0 0 0 0 0
1525 2 2 2 2 2 0 2 2 2 2 2 2 2 2 0 2 2 2 2 0 2 2 2 2 2 2 2 2 2 2 2 2 2 0 2 2 2 2 2 2 2 2 2 2 2 2 2 2 2 2 2 2 2 2 2 2 2 2 2 2 2 2 2 2 2 2 2 2 2 2 2 2 2 2 2 2 2 2 2 2 2 2 2 0 2 2 2 2 2 2 2 2 2 2 2 2 2 0 2 2 0 2 2 2 2 2 2 2 2 2 2 2 2 2 2 2 2 2 2 2 2 2 2 2 2 2 2 0 2 2 2 2 0 2 2 2 2 2 2 0 2 0 2 0 2 2 2 2 1 2 0 2 2 2 2 2 2 2 0 2 2 2 2 2 0 2 0 2 2 2 2 2 0 2 2 2 2 2 2 2 0 2 2 2 2 2 2 0 0 2 2 0 2 2 0 2 2 2 2 1 2 2 2 2 2 2 2 2 2 0 2 2 2 2 0 2 2 1 2 2 2 0 2 2 2 2 0 0 2 0 2 2 2 2 2 2 2 2 2 2 2 2 2 0 2
1526 2 2 0 2 2 0 0 0 2 2 2 2 2 2 0 0 2 2 2 2 2 2 2 2 0 0 0 2 2 2 2 2 0 2 0 1 2 0 2 2 0 2 2 0 2 0 2 2 0 2 2 2 0 2 2 2 0 0 0 2 2 0 0 2 2 2 0 2 2 0 2 2 0 0 2 2 0 2 2 2 2 2 0 2 2 0 0 0 2 0 2 2 2 2 0 0 0 2 0 0 2 0 2 2 1 2 2 2 0 0 0 0 0 2 2 2 0 2 2 0 2 2 2 0 0 0 2 2 2 0 2 0 0 0 2 0 2 2 2 0 2 2 0 2 2 2 0 2 0 1 2 0 2 2 0 0 0 2 2 2 2 0 0 2 0 2 2 1 2 2 0 2 0 0 0 2 2 2 2 2 2 2 0 0 0 0 0 2 2 2 1 2 0 2 2 0 2 2 2 0 0 2 0 0 2 2 2 0 2 2 2 2 0 2 2 2 0 1 0 2 0 0 2 0 0 2 2 2 2 2 0 0 2 2 2 2 2 2 2 2 0 0 0 2 2
1527 2 2 2 2 2 0 0 0 2 2 2 2 2 2 0 0 2 2 2 2 2 2 2 2 2 0 0 2 2 2 2 2 0 2 0 1 2 0 2 2 0 2 2 2 2 2 2 2 2 2 2 2 0 2 2 2 0 0 2 2 2 0 0 2 2 2 0 2 2 2 2 2 0 0 2 2 2 2 2 2 2 2 2 2 2 0 2 0 2 0 2 2 2 2 0 0 2 2 0 2 2 0 2 2 2 2 2 2 2 0 0 2 2 2 2 2 0 2 2 0 2 2 2 2 0 0 2 2 2 0 2 2 0 0 2 0 2 2 2 0 2 2 0 2 2 2 0 2 0 1 2 0 2 2 0 0 0 2 2 2 2 0 2 2 0 2 2 1 2 2 2 2 0 2 0 2 2 2 2 2 2 2 0 0 2 0 0 2 2 2 2 2 0 2 2 0 2 2 2 1 0 2 2 0 2 2 2 2 2 2 2 2 2 2 2 2 2 1 0 2 2 0 2 2 2 2 2 2 2 2 2 0 2 2 2 2 2 2 2 2 0 0 2 2 2
1528 0 2 2 2 2 2 2 2 2 2 2 2 2 2 2 2 2 2 2 2 2 2 2 2 2 2 2 2 2 2 2 2 2 0 2 2 2 2 2 0 2 2 2 2 0 2 2 2 2 2 2 2 2 2 2 2 2 2 2 0 2 2 2 2 2 2 2 2 2 2 2 2 2 2 2 2 2 2 0 2 2 2 2 0 2 2 2 2 2 2 0 2 0 2 2 2 2 2 2 2 2 2 2 2 2 2 0 0 2 2 2 2 2 2 2 2 2 2 2 2 2 2 2 2 2 2 0 2 2 2 2 2 2 2 2 2 2 2 2 2 0 2 2 2 2 2 2 2 2 2 0 2 2 2 2 2 2 2 2 2 2 2 2 0 2 2 2 2 2 2 2 2 2 2 2 0 2 2 2 0 2 2 2 2 2 2 2 2 2 0 1 2 2 2 2 2 0 0 2 2 2 0 2 2 2 2 2 2 2 2 2 0 2 2 0 2 2 2 2 2 2 2 2 2 2 0 2 2 2 2 2 2 0 0 0 2 2 0 2 2 2 2 2 2 2
1529 0 2 2 0 2 2 0 2 2 2 2 0 2 2 2 2 2 2 2 2 2 0 0 2 0 2 2 0 2 2 0 0 2 0 2 2 0 0 2 2 2 2 2 2 0 2 2 2 2 0 2 0 2 0 0 0 2 0 2 2 0 0 0 2 2 2 0 2 2 0 2 2 0 2 2 2 2 0 0 2 2 2 0 0 2 2 2 2 0 2 2 2 0 0 2 2 0 2 2 2 2 2 2 2 1 2 2 0 0 0 2 0 0 2 2 2 2 2 0 2 2 2 2 2 0 0 2 2 2 2 2 0 2 2 2 2 2 2 2 2 0 2 2 2 0 2 0 0 2 2 2 2 2 2 0 2 2 2 2 2 2 2 0 2 2 2 2 2 2 2 2 2 2 0 2 0 2 2 2 0 2 2 2 2 0 2 0 2 2 0 0 2 2 2 2 2 0 0 0 2 2 2 0 0 2 2 2 0 2 2 0 0 2 0 0 2 0 2 0 2 2 2 2 0 2 0 2 2 0 2 0 2 0 2 0 2 2 0 0 0 2 2 0 2 2
1530 0 0 2 2 2 2 2 0 0 2 0 2 2 2 2 0 0 2 2 2 2 2 2 2 0 0 0 2 2 2 2 2 2 0 0 1 2 0 0 2 2 0 2 0 0 2 2 0 2 2 2 0 0 0 2 2 0 0 2 2 2 2 2 2 2 2 0 2 2 0 0 2 2 0 0 2 2 2 0 0 0 2 0 2 2 0 2 2 0 0 0 0 2 2 2 2 0 2 0 2 2 2 0 0 0 0 2 2 0 0 2 0 0 2 2 2 2 2 2 2 2 0 0 0 2 2 2 2 0 0 2 0 2 2 2 0 2 0 2 2 0 2 0 0 0 0 0 0 2 1 0 0 0 2 2 0 2 2 0 2 2 0 0 2 2 2 2 2 2 2 0 0 2 0 0 2 2 2 2 0 2 0 0 0 0 2 0 2 2 0 0 2 2 0 2 0 2 2 0 1 2 0 0 0 2 0 2 0 2 2 0 2 2 0 0 2 0 0 2 2 2 0 2 0 0 2 2 2 2 2 0 2 0 2 2 2 0 0 2 0 2 0 0 2 2
1531 0 0 0 2 0 0 2 0 0 0 0 0 0 0 0 2 2 2 0 2 1 0 2 0 2 2 0 0 2 0 0 0 0 2 0 0 2 2 0 0 2 0 0 2 0 0 2 0 0 0 2 0 2 0 2 2 0 2 0 0 2 2 2 2 2 0 2 0 2 2 2 0 2 2 2 0 0 0 2 0 2 0 2 2 2 0 0 2 0 0 0 0 2 2 2 0 2 0 0 0 2 2 0 0 0 2 0 2 0 2 0 2 0 0 2 2 0 0 2 0 2 0 0 2 2 2 0 2 0 0 0 2 2 0 0 0 2 2 2 2 0 2 0 2 0 2 2 0 1 1 2 2 2 2 2 2 2 0 2 0 2 2 2 2 2 2 2 2 2 0 2 2 2 2 0 2 2 2 0 0 0 0 0 0 2 2 2 0 2 0 0 0 2 0 0 0 2 2 0 0 2 0 0 2 0 0 2 2 2 2 0 2 0 0 2 0 0 2 2 2 0 2 0 0 2 2 0 2 2 2 2 2 0 2 2 0 0 0 2 0 0 0 2 2 2
1532 2 2 2 2 2 2 2 2 2 2 2 2 2 2 2 2 2 2 2 2 2 2 2 2 2 2 2 2 2 2 2 2 2 2 2 2 2 2 2 2 2 2 2 2 2 2 2 2 2 2 0 2 2 2 2 2 2 2 2 2 2 0 2 2 2 2 2 0 2 2 2 2 2 2 2 2 2 2 2 2 2 0 2 2 2 2 2 2 2 2 2 2 2 2 2 2 2 0 2 2 2 2 2 2 2 0 2 2 2 2 2 2 2 2 2 0 2 2 2 2 2 2 0 2 2 2 2 2 2 2 2 2 2 2 0 2 2 2 2 2 2 2 2 2 2 2 2 2 2 1 2 2 2 2 2 2 2 2 2 0 2 2 2 2 2 2 2 2 2 0 2 2 2 2 2 2 2 2 0 2 2 0 2 2 2 2 2 2 2 2 2 2 2 0 2 2 2 2 2 2 2 2 2 2 0 2 2 2 2 2 2 2 2 2 2 2 2 2 2 2 2 2 0 2 2 2 2 2 2 0 2 2 2 2 2 2 2 2 2 2 2 2 2 2 2
1533 2 2 2 2 0 2 0 2 2 2 2 2 0 2 2 2 2 2 2 2 2 2 2 2 2 2 2 2 2 2 2 2 2 0 2 2 2 2 2 2 2 2 2 2 2 2 2 2 2 2 2 2 2 2 2 2 2 2 2 2 2 2 2 2 2 0 2 2 2 2 2 2 0 2 2 2 2 2 2 2 2 2 2 2 2 2 2 2 2 2 2 2 2 2 0 2 2 2 2 2 2 0 2 2 2 2 2 2 0 2 0 2 2 2 2 2 2 2 2 2 2 2 2 2 2 0 2 2 2 2 2 2 2 2 2 2 2 2 2 2 2 2 2 0 2 2 2 2 2 2 2 2 2 2 0 2 2 2 0 2 2 2 2 2 2 2 2 2 2 2 2 2 2 2 2 0 2 2 2 2 2 2 2 2 2 0 2 2 2 2 2 2 2 2 2 2 0 0 0 2 2 2 2 2 2 2 2 2 2 2 2 2 2 2 2 2 2 2 0 2 2 2 2 2 2 2 2 2 2 2 2 2 2 2 2 2 2 2 2 0 2 2 2 2 2
1534 2 2 2 2 0 2 0 2 2 2 2 2 0 2 2 2 2 2 2 2 2 2 2 2 2 2 2 2 2 2 2 2 2 0 2 2 2 2 2 2 2 2 2 2 2 2 2 2 2 2 2 2 2 2 2 2 2 2 2 2 2 2 2 2 2 0 2 2 2 2 2 2 0 2 2 2 2 2 2 2 2 2 2 2 2 2 2 2 2 2 2 2 2 2 0 2 2 2 2 2 2 0 2 2 2 2 2 2 0 2 0 2 2 2 2 2 2 2 2 2 2 2 2 2 2 0 2 2 2 2 2 2 2 2 2 2 2 2 2 2 2 2 2 0 2 2 2 2 2 2 2 2 2 2 0 2 2 2 0 2 2 2 2 2 2 2 2 2 2 2 2 2 2 2 2 0 2 2 2 2 2 2 2 2 2 0 2 2 2 2 2 2 2 2 2 2 0 0 0 2 2 2 2 2 2 2 2 2 2 2 2 2 2 2 2 2 2 2 0 2 2 2 2 2 2 2 2 2 2 2 2 2 2 2 2 2 2 2 2 0 2 2 2 2 2
1535 0 0 0 2 0 0 0 0 0 0 0 0 0 0 0 0 0 0 0 0 0 0 0 0 2 0 0 0 0 0 0 0 0 0 0 0 0 0 0 0 0 0 0 0 0 0 0 0 0 0 0 2 0 0 0 0 0 0 0 0 0 0 0 2 0 0 0 0 2 0 2 0 0 0 0 0 0 0 0 2 2 0 0 0 0 0 0 0 0 0 0 0 0 0 0 0 2 0 0 0 0 0 0 0 0 0 0 0 0 0 0 0 2 0 0 0 0 0 0 0 0 0 0 0 0 0 0 0 2 2 0 0 0 0 0 0 2 0 2 0 0 0 0 0 0 0 0 0 1 0 2 0 0 0 0 0 0 0 0 0 0 0 2 0 0 0 0 2 0 0 0 0 0 0 0 0 2 0 0 0 0 0 0 0 0 0 0 2 0 0 0 0 0 0 0 0 0 0 0 1 0 0 0 0 0 0 0 0 0 0 0 0 0 0 0 0 0 0 0 2 0 0 0 0 0 0 0 0 0 2 0 0 0 0 0 0 2 0 0 0 0 0 0 0 0
1536 2 2 2 2 2 0 2 2 2 2 2 2 2 2 2 2 2 2 2 2 2 2 2 2 2 2 2 2 2 2 2 2 2 2 2 2 2 2 2 2 2 2 0 2 2 2 0 2 2 2 2 2 2 2 2 2 2 2 2 2 2 2 2 2 2 2 2 2 2 2 2 2 2 2 2 2 2 2 0 2 2 2 2 2 2 2 2 2 2 2 2 2 2 2 2 2 2 2 2 2 2 2 2 2 2 2 2 0 2 0 2 2 2 2 2 2 2 2 2 2 2 2 2 2 2 2 0 2 2 2 2 2 2 2 2 2 2 2 2 0 2 2 2 0 2 2 0 0 1 2 2 0 0 2 2 0 2 2 0 2 2 2 2 2 0 2 2 2 2 2 2 2 0 2 2 2 2 2 2 2 2 2 2 2 2 2 0 2 2 2 1 2 2 2 2 2 2 2 2 2 2 0 2 2 2 2 2 2 0 2 0 0 2 2 0 2 2 2 2 2 2 2 2 0 2 2 2 2 2 2 2 2 2 2 0 2 2 2 2 2 2 2 2 2 2
1537 2 2 2 0 2 2 2 2 2 0 2 2 2 0 2 2 2 2 0 2 2 2 2 0 2 2 2 2 2 0 2 2 2 2 2 2 2 2 2 2 2 2 2 2 2 2 2 2 2 2 2 2 2 2 2 2 2 2 2 2 0 2 2 2 2 2 2 2 2 2 2 0 2 2 2 0 2 2 2 2 2 2 2 2 2 2 2 2 2 2 2 2 2 2 2 2 2 2 2 2 2 2 2 2 2 0 2 2 2 0 2 2 0 0 2 2 0 2 2 2 2 2 2 2 2 2 2 2 2 2 2 2 2 2 2 2 2 2 2 2 2 2 2 2 2 2 2 0 2 2 2 0 2 0 2 2 0 2 2 2 2 2 2 2 2 2 2 2 2 2 2 2 2 2 2 2 2 0 2 2 2 2 2 2 2 2 2 2 2 2 2 2 2 2 2 2 2 2 2 2 2 2 0 2 2 2 2 2 2 2 2 2 2 2 2 2 0 2 2 2 2 2 2 2 2 2 2 2 2 2 2 2 2 2 2 2 2 2 2 2 0 0 2 2 0
1538 2 2 2 2 2 2 0 2 2 2 2 2 2 2 2 0 2 2 2 2 2 2 2 2 0 2 2 2 2 2 2 2 2 0 2 2 2 0 2 2 2 2 2 2 2 2 2 2 2 2 2 2 2 2 2 2 2 0 2 2 2 2 2 2 2 2 0 2 2 2 2 2 2 2 2 2 2 2 2 2 0 2 2 2 2 2 2 2 2 2 2 2 2 2 0 2 0 2 2 2 2 0 2 2 2 2 2 2 0 2 2 2 2 2 2 2 2 2 0 2 0 2 2 2 2 0 2 2 2 2 0 2 2 2 2 2 0 2 2 2 2 2 2 0 2 2 2 2 1 2 0 2 2 2 2 2 2 2 0 2 2 2 0 2 2 2 2 1 2 2 2 2 2 2 2 0 2 2 2 2 2 2 2 2 2 2 2 0 2 2 2 2 2 2 2 2 0 0 0 1 2 2 2 2 2 2 2 2 2 2 2 2 2 2 2 2 2 2 2 2 2 2 2 2 2 2 2 2 0 2 2 0 2 2 2 2 0 2 0 0 2 0 0 2 2
1539 0 2 2 0 2 2 2 2 0 0 0 2 2 0 2 2 2 0 0 0 1 2 2 0 2 2 2 2 0 0 0 2 2 2 2 2 2 2 2 0 2 2 2 2 0 2 2 2 2 0 0 2 2 2 2 2 2 2 2 2 0 0 2 2 2 2 2 2 2 2 2 0 2 2 2 0 2 2 2 2 2 2 2 2 2 2 2 2 2 2 2 2 2 2 2 2 2 2 2 2 2 2 2 0 2 2 2 2 2 2 2 2 2 0 0 2 2 2 2 2 2 0 2 2 2 2 2 2 2 2 2 2 2 2 2 2 2 2 2 2 0 2 2 2 2 2 2 2 2 2 2 2 2 2 2 2 2 2 2 2 2 2 2 2 2 2 2 2 2 2 2 2 2 2 2 2 2 2 2 0 2 2 2 2 2 2 2 2 2 0 1 2 2 2 2 2 2 2 2 2 2 2 2 2 2 2 2 2 2 2 2 2 2 2 2 2 2 2 2 2 2 2 2 2 2 2 2 2 2 2 2 2 0 2 2 2 2 0 2 2 2 2 2 2 2
1540 2 2 2 2 2 0 0 2 2 2 2 2 2 2 2 2 2 2 2 2 2 2 2 2 2 2 2 2 2 2 2 2 2 0 2 2 2 2 2 2 2 2 2 0 2 2 0 2 2 2 2 2 2 2 2 2 2 2 2 2 2 2 2 2 0 2 2 2 2 2 2 2 2 2 2 2 2 2 2 2 2 0 2 0 2 2 2 2 0 2 2 2 2 2 0 2 2 2 2 2 2 0 2 2 1 2 2 2 0 2 2 2 2 2 2 2 2 2 0 2 0 2 2 0 2 0 0 2 2 2 2 2 2 2 2 2 2 2 2 0 2 2 2 2 2 2 2 0 1 2 0 0 2 2 2 2 2 2 2 2 2 2 2 2 0 2 2 2 0 2 2 2 0 0 2 0 2 2 2 2 2 2 2 2 0 2 2 2 2 2 2 2 2 2 2 2 0 0 0 2 2 2 2 2 2 2 2 2 0 2 2 2 2 2 2 2 2 1 2 2 2 2 2 2 2 2 2 2 0 2 2 2 2 2 2 0 2 2 0 0 2 2 0 2 2
1541 2 2 2 2 2 2 2 0 2 2 2 0 2 2 2 2 0 2 2 2 2 0 2 2 2 2 0 0 2 2 2 0 2 2 2 0 2 2 2 2 2 2 2 2 2 2 0 2 2 2 2 2 2 2 2 2 0 2 2 2 2 2 2 2 2 2 2 2 2 2 2 2 2 2 0 2 2 0 2 2 2 2 2 0 2 0 2 2 2 2 2 2 2 2 2 2 2 2 0 2 2 2 2 2 2 2 2 2 2 2 2 2 2 2 2 2 2 2 2 2 2 2 2 2 2 2 2 2 2 2 2 2 0 2 2 0 2 2 2 2 2 2 0 2 2 2 2 2 2 2 2 2 2 2 2 2 2 2 2 2 2 2 2 2 2 0 2 2 2 2 2 2 2 0 0 2 2 2 2 2 2 2 2 0 0 2 2 2 2 2 2 2 2 2 2 0 2 2 2 2 2 2 2 2 2 2 2 2 0 2 0 2 2 2 2 0 2 2 2 2 0 2 2 2 2 2 2 2 2 0 2 2 2 2 2 2 2 2 2 2 2 2 2 2 2
1542 0 2 2 2 2 2 2 2 0 0 0 2 2 2 2 2 2 0 0 2 1 2 2 2 0 2 2 2 0 0 2 2 2 2 2 2 2 2 0 2 2 0 2 2 0 2 2 2 2 2 2 2 2 2 2 2 2 2 2 0 2 2 0 2 2 2 2 2 2 0 2 0 0 2 2 0 2 2 0 2 2 2 0 2 2 2 2 2 2 2 2 0 0 0 2 2 0 2 2 2 2 2 2 0 2 2 2 0 2 2 2 0 2 0 0 2 2 2 2 2 2 2 2 2 2 2 2 2 2 0 2 0 2 2 2 2 2 2 2 2 0 2 2 2 2 2 2 2 2 2 0 2 2 2 2 2 2 2 2 0 2 2 0 2 2 2 2 2 2 0 2 2 2 2 2 2 2 2 0 0 2 2 2 2 2 2 2 2 2 0 1 2 2 2 2 2 2 2 2 2 2 2 2 2 2 2 0 2 2 2 2 2 2 2 0 2 2 2 0 2 2 2 2 2 2 2 2 2 2 2 2 2 0 2 2 2 2 0 2 2 2 2 2 2 2
1543 2 2 0 2 2 2 2 2 2 2 2 2 2 0 2 2 2 2 2 2 2 2 2 0 0 2 2 2 2 2 0 2 2 2 2 1 2 2 2 2 2 2 2 2 2 0 2 2 0 0 2 2 2 2 2 2 2 2 0 2 2 2 0 2 2 2 2 0 2 0 2 2 2 2 2 2 0 2 2 2 2 2 0 2 2 2 0 2 2 2 2 2 0 0 2 2 0 2 2 0 2 2 2 2 2 2 2 2 2 2 2 0 2 2 2 2 2 2 2 2 2 2 2 2 2 2 2 2 2 2 2 0 2 2 2 2 2 2 2 2 2 2 2 2 2 2 2 2 2 2 0 2 2 2 2 2 2 2 2 2 2 2 0 2 2 2 2 2 2 2 2 2 2 2 2 2 2 2 2 2 2 2 2 2 2 2 2 2 2 2 2 2 2 2 2 2 2 0 2 2 2 2 2 2 2 2 0 2 2 2 2 2 0 2 2 2 2 2 2 2 2 2 1 2 2 2 2 2 2 2 2 2 2 2 2 2 2 2 2 2 2 2 2 2 2
1544 2 2 2 2 2 2 2 2 2 2 2 2 2 2 0 2 0 2 2 2 2 2 2 2 2 2 2 2 2 2 2 2 2 2 2 2 2 2 2 2 2 2 2 2 2 2 2 2 2 2 2 2 2 2 2 2 0 2 2 2 2 2 2 2 2 2 2 2 2 2 2 2 2 2 0 2 2 2 2 2 2 2 2 2 2 2 2 2 2 2 2 2 2 2 2 2 2 2 2 2 0 2 2 2 2 2 0 2 0 2 2 2 2 2 2 2 2 2 2 2 2 2 2 2 2 2 2 0 2 2 0 2 2 2 2 2 2 2 2 2 2 0 2 2 2 2 2 2 1 2 2 2 2 2 2 2 2 2 2 2 2 2 2 2 2 2 2 2 2 2 2 2 2 0 0 2 2 2 2 2 2 2 2 2 0 2 2 2 2 2 2 2 2 2 2 2 2 2 0 2 2 2 2 2 2 0 2 0 2 2 2 2 2 2 2 2 2 2 2 2 2 2 2 2 2 2 2 2 2 2 0 2 2 0 2 2 2 2 2 0 2 2 2 2 2
1545 2 2 2 2 0 2 2 2 2 2 2 0 0 2 0 2 0 2 2 2 1 0 0 2 2 0 0 0 2 2 2 0 2 0 0 1 0 0 2 2 0 2 2 2 2 2 2 2 2 2 2 2 0 2 0 0 0 0 2 0 2 2 2 2 2 0 0 2 2 2 2 2 2 0 0 2 2 0 2 2 0 2 2 2 2 2 2 2 2 0 2 2 2 2 0 2 2 2 2 2 0 0 2 2 2 2 0 2 0 2 0 2 2 2 2 2 2 2 2 2 0 2 2 2 2 2 2 0 2 2 2 2 0 2 2 2 0 2 2 2 2 0 0 0 2 0 2 0 1 1 2 2 2 0 2 2 0 2 0 2 2 0 2 2 2 2 0 2 2 2 0 2 2 2 0 2 2 0 2 2 0 2 0 0 2 2 2 2 0 2 2 0 2 2 2 2 2 2 0 2 0 0 0 2 2 0 2 0 2 2 0 2 2 2 2 2 0 2 2 2 2 2 2 2 0 2 0 0 2 2 0 2 2 0 2 0 2 2 2 0 2 2 0 2 0
1546 2 2 2 2 2 2 2 0 2 2 2 2 2 2 2 2 2 2 2 2 2 2 2 2 2 2 2 2 2 2 2 2 2 2 2 2 2 2 2 2 2 2 0 2 2 2 0 2 2 2 2 0 2 2 2 2 2 2 2 2 2 2 2 2 2 2 2 2 2 2 2 2 2 2 2 2 2 2 2 2 0 2 2 2 0 2 2 2 0 2 2 2 2 2 2 2 2 2 0 2 2 0 2 2 1 2 2 2 2 2 2 2 2 2 2 2 2 2 2 2 2 2 2 2 2 2 2 2 2 2 2 2 2 2 2 2 2 2 2 2 2 2 2 2 2 2 2 2 2 2 2 0 2 2 2 2 2 2 2 2 0 2 2 2 2 2 2 2 0 2 2 2 2 2 2 2 2 2 2 2 2 2 2 2 2 2 2 2 2 2 2 2 2 2 2 2 2 2 2 0 2 2 2 2 2 2 2 2 0 2 2 2 2 2 2 2 2 2 2 2 2 2 2 2 2 2 2 2 2 2 2 2 2 2 2 2 2 2 2 2 2 2 2 2 2
1547 2 0 2 2 0 2 2 2 2 2 2 2 0 2 2 2 2 2 2 2 2 2 0 2 0 2 2 2 2 2 2 2 2 2 2 2 2 2 2 2 2 2 2 2 2 2 2 2 2 2 2 2 2 0 0 0 2 2 2 2 2 2 2 2 2 0 2 2 2 2 2 2 2 2 2 2 2 2 2 2 2 2 2 2 2 2 2 0 2 2 2 2 2 2 2 2 2 2 2 2 2 2 0 2 2 2 2 2 2 2 0 2 2 2 2 2 2 2 2 2 2 2 2 2 2 2 2 2 2 2 2 2 2 2 2 2 2 2 2 2 2 2 2 2 2 2 2 2 2 2 2 2 2 2 2 2 2 2 2 2 2 2 1 2 2 2 2 2 2 2 2 2 2 2 2 2 2 2 2 2 2 2 2 2 2 2 2 2 2 2 2 2 0 2 2 2 2 2 2 1 2 2 2 2 2 2 2 2 2 2 2 2 2 2 2 2 2 2 2 2 0 2 2 2 2 2 2 2 2 2 2 2 2 2 2 2 2 2 2 2 2 2 2 2 2
1548 2 2 2 2 2 2 2 0 2 2 2 2 2 2 2 2 2 2 2 2 2 2 2 2 2 2 2 2 2 2 2 2 2 2 2 2 2 2 2 2 2 2 2 2 2 2 2 2 2 2 2 2 2 2 2 2 2 2 2 2 2 2 2 2 2 2 2 2 2 2 2 2 2 2 2 2 2 2 2 2 2 2 2 2 2 2 2 2 2 2 2 2 2 2 2 2 2 0 0 2 2 2 2 2 2 0 2 2 2 2 2 2 2 2 2 2 2 2 2 2 2 2 2 2 2 2 2 2 2 2 2 2 2 2 0 2 2 2 2 2 2 2 2 2 0 2 2 2 2 0 2 2 2 2 2 2 2 2 2 2 0 2 2 2 2 0 2 2 2 2 2 0 2 2 2 2 2 2 2 2 2 0 2 2 2 2 2 2 2 2 2 2 2 2 2 2 2 2 2 2 0 2 2 2 0 2 2 0 2 0 2 2 2 0 2 2 2 2 2 2 2 2 2 2 2 2 2 2 2 2 0 2 2 2 2 2 2 2 2 2 2 2 2 2 2
1549 2 0 2 2 0 0 0 0 2 2 2 0 0 2 0 0 0 2 2 2 2 0 0 2 0 0 0 0 2 2 0 0 0 0 0 0 0 0 2 2 0 2 2 2 2 2 2 2 2 0 2 0 0 0 0 0 0 0 2 0 2 2 0 2 0 0 0 2 2 0 2 2 0 0 0 2 2 0 0 0 0 0 0 0 0 0 2 0 2 0 0 2 0 0 0 0 0 0 0 2 0 0 0 0 0 0 0 0 0 0 0 0 0 2 0 2 0 0 0 0 0 2 2 2 2 0 0 0 0 0 0 0 0 0 0 0 0 0 2 0 2 0 0 0 0 0 2 0 0 0 0 0 0 0 0 0 0 0 0 2 0 0 0 0 0 0 0 1 0 2 0 0 0 0 0 0 2 0 2 2 0 0 0 0 0 0 0 0 2 2 1 0 0 0 0 0 0 0 0 0 0 0 0 0 0 0 0 0 2 0 0 0 2 0 0 0 0 0 0 2 0 0 2 0 0 0 0 0 0 0 0 0 2 0 0 0 0 2 0 0 0 0 0 0 0
1550 2 2 2 2 2 0 0 2 2 2 2 0 2 2 0 0 0 2 2 2 1 0 2 2 2 0 0 0 2 2 0 0 0 0 0 1 2 2 2 2 2 2 2 2 2 2 2 2 2 0 2 0 0 2 2 2 0 2 2 0 2 2 0 2 0 2 2 2 2 0 2 2 0 0 0 2 2 0 0 0 0 2 0 0 0 0 2 2 2 0 0 2 0 0 0 0 2 2 2 2 0 0 2 0 0 2 0 0 0 2 2 0 0 2 0 2 0 0 0 0 2 2 2 2 2 0 2 0 0 0 0 0 0 0 2 0 0 0 2 0 2 0 0 0 2 0 2 0 0 2 0 0 0 0 0 0 0 0 0 2 2 0 2 0 0 2 0 1 0 2 0 2 0 0 0 0 2 0 2 2 0 2 0 0 0 0 0 0 2 2 1 0 2 0 0 0 0 0 0 1 2 0 0 0 2 0 0 2 2 2 0 0 2 2 0 0 0 0 0 2 2 0 2 0 0 0 0 2 0 0 2 0 2 0 0 0 0 2 0 0 0 0 0 0 0
1551 2 2 2 2 2 0 0 2 2 2 2 0 2 2 0 0 0 2 2 2 1 0 2 2 2 0 0 0 2 2 0 0 0 0 2 1 2 2 2 2 2 2 2 2 2 2 2 2 2 0 2 0 0 2 2 2 0 2 2 0 2 2 0 2 0 2 2 2 2 0 2 2 0 0 0 2 2 0 0 0 0 2 0 0 0 0 2 2 2 2 0 2 0 0 2 0 2 2 2 2 0 0 2 0 0 2 0 0 0 2 2 0 2 2 0 2 0 0 0 0 2 2 2 2 2 0 2 0 0 0 0 0 0 0 2 0 2 0 2 0 2 0 0 0 2 0 2 0 0 2 0 0 0 0 0 0 2 0 0 2 2 0 2 0 0 2 0 1 0 2 0 2 0 0 0 0 2 0 2 2 0 2 0 0 0 2 0 0 2 2 1 0 2 0 0 0 0 0 0 1 2 0 0 0 2 0 0 2 2 2 0 0 2 2 0 0 0 0 0 2 2 0 2 0 0 0 0 2 0 0 2 0 2 0 0 0 0 2 0 0 0 0 0 0 0
1552 2 2 2 2 2 2 2 0 2 2 2 2 2 2 2 2 2 2 2 2 2 2 2 2 2 2 2 2 2 2 2 2 2 2 2 2 2 2 2 2 2 2 2 2 2 2 2 2 2 2 2 2 2 2 2 2 2 2 2 2 2 2 2 2 2 2 2 2 2 2 2 2 2 2 2 2 2 2 2 2 2 2 2 2 2 2 2 2 2 2 2 2 2 2 2 2 2 0 0 2 2 2 2 2 2 0 2 2 2 2 2 2 2 2 2 2 2 2 2 2 2 2 2 2 2 2 2 2 2 2 2 2 2 2 0 2 2 2 2 2 2 2 2 2 0 2 2 2 2 0 2 2 2 2 2 2 2 2 2 2 0 2 2 2 2 0 2 2 2 2 2 0 2 2 2 2 2 2 2 2 2 0 2 2 2 2 2 2 2 2 2 2 2 2 2 2 2 2 2 2 0 2 2 2 0 2 2 0 2 0 2 2 2 0 2 2 2 2 2 2 2 2 2 2 2 2 2 2 2 2 0 2 2 2 2 2 2 2 2 2 2 2 2 2 2
1553 2 2 2 2 2 0 0 2 2 2 2 2 2 2 2 2 2 2 2 2 2 2 2 2 2 2 2 2 2 2 2 2 2 0 0 2 2 2 2 2 2 2 2 2 2 2 2 2 2 2 2 2 2 2 2 2 2 2 2 2 2 2 2 2 2 2 2 2 2 0 2 2 2 2 2 2 2 2 2 0 2 2 2 2 2 2 2 2 2 0 2 2 2 2 2 2 2 2 2 2 2 0 2 2 2 2 2 2 0 2 2 2 2 2 2 2 2 2 2 2 2 2 2 2 2 0 2 2 2 2 2 2 0 2 2 2 0 2 2 2 2 2 2 0 2 2 2 2 1 2 2 2 2 2 2 2 2 2 0 2 2 2 2 2 2 2 0 2 2 2 2 2 2 2 2 2 2 2 2 2 2 2 2 2 2 2 2 2 2 2 2 2 2 2 2 2 0 2 0 2 2 2 2 2 2 2 2 2 2 2 2 2 2 2 2 2 2 2 2 2 2 2 2 2 2 0 2 2 2 2 2 2 2 2 2 2 2 2 2 0 2 2 2 2 2
1554 2 0 2 2 0 0 0 2 2 2 2 2 0 2 2 0 0 0 2 2 2 2 0 2 0 0 2 2 0 2 0 2 2 0 0 1 0 0 2 2 0 2 0 2 2 2 0 2 2 2 0 0 0 0 0 0 2 0 2 0 2 2 0 0 2 0 0 2 2 0 2 2 0 0 0 2 2 2 2 2 0 0 0 2 0 2 2 0 2 0 0 2 0 2 0 2 0 2 2 2 0 2 0 2 2 2 0 0 0 0 0 0 0 2 2 2 0 0 0 2 2 2 2 2 2 0 2 2 2 0 2 0 2 2 2 0 0 0 0 0 2 0 2 0 0 2 0 2 1 2 0 2 2 0 0 0 0 0 0 2 2 0 0 0 0 2 2 1 2 2 0 0 0 2 0 0 0 0 2 2 2 2 0 2 2 0 0 0 0 2 1 2 0 0 0 2 0 0 0 2 2 2 2 0 2 0 0 0 0 2 2 0 2 0 0 0 2 1 0 0 0 0 2 0 0 2 2 2 0 2 0 0 2 0 0 2 2 2 0 0 0 0 2 0 0
1555 0 0 0 2 0 0 0 0 0 0 0 0 0 0 0 0 0 2 0 2 0 0 0 0 0 0 0 0 2 0 2 0 0 0 0 0 0 0 0 2 2 0 2 0 2 0 2 0 0 0 2 2 0 2 0 0 0 0 0 0 2 0 0 0 0 0 0 2 0 0 2 2 0 0 0 0 0 0 2 0 0 2 0 2 0 0 0 0 0 0 0 0 0 2 0 0 0 0 0 0 0 0 0 2 0 0 0 0 0 0 0 0 0 0 0 2 0 2 0 0 0 0 2 0 0 0 0 0 0 0 0 0 0 0 2 0 0 0 0 0 0 0 0 2 2 0 2 0 0 0 2 0 2 0 0 0 0 0 2 0 0 2 0 0 0 0 0 0 0 0 0 0 0 0 0 0 0 0 0 0 0 0 0 0 0 0 0 0 0 2 1 0 0 2 0 0 0 0 0 0 0 0 0 0 2 0 0 0 2 0 0 0 0 2 0 2 0 0 0 0 2 0 2 0 0 2 0 0 0 0 0 0 0 0 0 2 0 0 0 0 0 0 0 0 0
1556 0 0 0 0 0 0 0 2 0 0 2 0 0 0 0 2 0 0 0 0 0 0 0 0 0 2 2 0 0 0 0 0 2 0 0 1 0 0 0 0 0 0 0 0 0 0 0 0 0 2 0 0 0 0 0 0 0 0 0 2 0 0 0 0 0 0 0 0 0 0 2 2 0 0 0 0 0 0 0 2 0 0 2 0 2 0 0 0 2 0 0 0 2 0 0 2 0 0 2 0 0 0 0 2 1 2 0 0 0 0 0 0 0 0 0 0 0 0 2 2 0 0 0 0 2 0 0 2 2 2 0 2 0 2 0 0 0 0 0 0 0 0 0 2 2 2 0 0 0 0 2 2 0 0 0 0 0 0 2 0 2 0 0 0 0 0 0 0 0 0 0 2 0 2 0 0 0 0 0 0 0 0 0 2 2 2 0 2 0 0 1 0 0 2 0 0 0 0 0 1 0 2 0 0 0 0 0 0 0 0 0 2 0 2 0 0 0 1 0 0 0 0 0 2 0 0 0 0 2 0 0 2 0 0 2 0 2 0 2 0 0 0 0 0 0
1557 0 2 2 2 2 2 2 2 2 0 2 2 2 2 2 2 2 2 2 2 2 2 2 2 2 2 2 2 2 2 2 2 2 2 2 1 2 2 2 2 2 2 0 2 2 2 0 0 2 2 2 0 2 0 2 2 2 2 2 2 2 2 2 2 2 2 2 2 2 2 2 2 2 2 2 2 2 2 2 2 2 0 2 2 2 2 2 2 2 2 2 2 2 2 2 2 2 2 2 2 2 2 2 2 2 2 2 2 2 2 2 2 2 2 0 2 2 0 2 2 2 2 2 2 2 2 2 2 2 2 2 2 2 2 2 2 2 2 2 2 0 2 2 2 2 2 0 2 2 2 2 2 2 2 2 2 2 2 2 2 2 2 2 2 2 2 2 2 2 2 2 2 2 2 2 2 2 2 2 0 2 2 2 2 2 2 2 2 2 2 2 2 2 2 2 2 2 2 2 2 2 2 2 2 2 2 2 2 0 2 2 2 2 2 2 0 2 2 2 2 0 2 2 2 2 2 2 2 2 2 2 2 0 2 2 2 2 0 2 2 2 2 2 2 2
1558 2 2 2 2 2 2 2 0 2 2 2 2 2 2 2 2 2 2 2 2 2 2 2 2 2 2 2 2 2 2 2 2 2 2 2 2 2 2 2 2 2 2 2 2 2 2 2 2 2 2 2 2 2 2 2 2 2 2 2 2 2 2 2 2 2 2 2 2 2 2 2 2 2 2 2 2 2 2 2 0 0 2 2 2 0 2 2 2 2 2 0 2 2 2 2 2 2 2 0 2 0 2 2 2 2 2 0 2 2 2 2 0 0 2 2 2 2 2 2 2 2 2 2 2 2 2 2 0 2 2 2 2 0 2 0 2 0 2 0 0 2 0 2 2 2 2 2 2 2 2 2 0 2 0 2 2 2 2 2 2 2 2 2 2 0 2 2 2 2 2 2 2 0 2 2 2 2 0 2 2 2 2 2 2 2 0 2 2 2 2 2 2 2 2 2 2 2 2 2 2 2 2 0 2 0 0 2 2 2 2 2 2 2 2 2 2 0 2 2 2 2 2 2 2 2 2 2 0 2 2 2 2 2 0 2 2 2 2 2 2 2 2 2 0 2
1559 0 0 0 0 0 0 0 0 2 0 0 0 0 0 0 0 2 0 2 0 0 0 0 0 0 2 2 0 0 2 0 0 0 0 0 1 0 0 0 0 2 2 0 0 0 0 0 0 0 2 0 0 2 0 0 0 2 0 0 0 0 2 0 0 0 0 0 0 2 0 0 0 2 2 2 2 0 0 0 1 0 0 2 0 0 2 0 0 0 0 0 0 2 0 0 0 0 0 0 0 0 0 0 0 1 0 0 0 0 0 0 0 0 2 0 0 0 0 2 0 0 2 0 0 0 0 0 0 0 0 0 2 0 0 0 2 0 0 0 0 0 0 2 2 0 2 0 2 0 1 0 0 0 0 0 0 0 0 2 2 0 0 0 2 0 2 0 0 0 2 0 0 0 0 0 0 0 0 2 0 2 1 0 2 0 0 0 0 0 0 0 2 0 2 2 2 0 0 0 1 0 2 0 0 0 0 0 0 0 0 2 2 0 0 0 0 0 2 2 0 0 2 0 0 0 0 1 0 2 2 0 2 0 0 2 0 2 0 2 0 0 0 0 0 2
1560 2 2 2 2 2 2 2 0 2 2 2 2 2 2 2 2 2 2 2 2 0 2 2 2 2 0 2 2 2 2 2 2 2 2 2 2 2 2 2 2 0 2 2 2 0 2 2 2 2 0 2 2 2 2 2 2 2 2 2 2 2 2 2 2 2 2 2 2 2 2 2 2 0 2 2 2 2 2 2 2 2 2 0 2 2 2 2 2 2 2 2 2 0 2 0 2 2 2 0 2 2 2 2 2 2 2 2 2 2 2 2 2 0 2 2 2 2 2 0 2 2 2 2 2 2 2 2 2 2 2 2 0 0 2 2 2 2 2 0 2 2 2 2 2 2 2 2 2 2 1 0 0 2 2 2 2 2 2 2 2 2 2 2 2 2 2 2 2 2 2 2 2 2 2 2 2 2 2 2 2 2 2 2 2 2 0 2 2 2 0 1 2 2 2 2 2 2 2 2 2 2 1 0 2 2 2 0 2 2 2 2 0 2 2 2 2 0 2 0 2 2 2 2 2 2 2 2 2 0 2 2 2 2 2 0 0 0 2 0 2 2 2 2 2 2
1561 2 2 2 2 2 2 2 2 2 2 2 2 2 2 2 2 2 2 2 2 2 2 2 2 2 2 2 2 2 2 0 2 0 2 2 2 2 2 2 2 2 2 2 2 2 2 2 2 2 2 2 2 2 2 2 2 2 2 2 2 2 2 2 0 0 2 2 2 2 2 2 2 2 2 2 2 2 2 2 2 2 2 2 2 2 2 2 2 2 2 2 2 2 2 2 0 2 2 2 2 2 2 2 2 1 2 2 2 2 2 2 2 2 2 2 0 2 2 2 0 2 2 0 2 2 2 2 2 2 2 2 2 2 0 2 2 2 2 2 2 2 2 2 2 2 2 2 2 1 2 2 2 2 2 2 2 2 2 2 2 2 2 2 2 2 2 2 0 2 2 2 2 2 2 2 2 0 2 2 2 2 2 2 2 2 2 2 2 2 2 2 2 2 2 2 2 2 2 2 1 2 2 2 2 2 2 2 2 2 2 2 2 2 2 2 2 2 2 2 0 2 2 2 2 2 2 2 2 2 2 2 2 2 2 2 2 2 2 2 2 2 2 2 2 2
1562 2 0 2 0 0 0 0 0 0 2 2 0 0 2 0 2 2 2 2 2 2 0 0 2 0 2 2 0 2 2 0 0 0 0 0 1 0 0 2 0 0 2 2 2 2 2 2 2 2 0 0 0 0 2 0 0 2 0 2 2 0 2 0 2 0 0 0 0 2 0 2 2 0 0 2 2 2 0 2 2 0 2 2 0 2 2 2 0 0 0 2 2 2 2 0 0 0 0 0 2 0 0 0 2 0 0 0 0 2 0 0 0 2 2 2 2 0 2 2 0 2 2 2 2 0 0 2 0 0 2 0 0 0 0 2 2 0 2 2 2 2 0 2 0 0 0 2 2 0 0 2 0 0 0 0 2 0 0 0 2 0 0 0 0 2 2 0 1 0 2 0 0 2 0 0 0 2 0 2 2 2 0 0 2 0 2 0 0 0 2 1 2 0 2 0 2 0 0 2 0 0 2 2 0 2 0 0 0 2 0 0 2 2 0 2 2 2 1 0 2 2 2 0 0 0 0 2 0 2 2 0 0 2 0 2 2 0 2 2 2 0 0 0 0 0
1563 2 0 2 2 0 2 0 0 2 2 2 2 0 2 2 2 2 2 2 2 2 2 0 2 0 2 2 2 2 2 2 2 2 0 2 1 0 0 2 2 2 2 2 2 2 2 2 2 2 2 2 2 0 2 0 0 2 0 2 2 2 2 0 2 2 0 0 2 2 0 2 2 2 0 2 2 2 2 2 2 2 2 2 2 2 2 2 0 2 2 2 2 2 2 2 2 0 2 0 2 2 0 0 2 2 2 2 0 2 0 0 2 2 2 2 2 2 2 2 2 2 2 2 2 2 0 2 0 2 2 2 0 2 2 2 2 2 2 2 2 2 2 2 2 2 2 2 2 1 2 2 0 2 0 0 2 2 2 2 2 0 2 0 2 2 2 0 2 2 2 2 2 2 2 2 2 2 0 2 2 2 2 2 2 2 2 0 2 0 2 1 2 0 2 2 2 0 0 2 2 2 0 2 0 2 0 0 2 2 2 2 2 2 2 2 2 2 2 2 2 2 2 2 2 2 0 2 0 2 2 2 2 2 0 2 2 2 2 2 2 2 2 2 2 2
1564 2 2 2 2 2 2 2 2 2 2 2 2 2 2 2 2 2 2 2 2 2 2 2 2 2 2 2 2 2 2 2 2 0 2 2 2 2 2 2 2 2 2 2 2 2 2 2 2 2 2 2 2 2 2 2 2 0 2 2 2 2 2 2 2 2 2 2 2 2 2 2 2 2 2 2 2 2 2 2 2 2 2 0 2 2 2 2 2 2 2 2 2 0 2 2 0 2 2 2 2 2 2 2 2 1 2 2 2 2 2 2 2 2 2 2 2 2 2 0 0 2 2 2 2 2 2 2 2 2 2 2 2 2 0 2 2 2 2 2 2 2 2 2 2 2 2 2 2 2 2 2 2 2 2 2 2 0 2 2 2 2 2 2 2 2 0 2 2 2 2 2 2 2 2 2 2 2 2 2 2 2 2 2 2 2 2 2 2 2 2 2 2 2 0 2 2 2 2 2 2 2 2 2 2 2 2 2 2 2 2 2 2 2 2 2 2 2 1 2 2 2 0 2 0 2 2 2 2 0 0 2 2 2 2 2 2 2 2 0 2 2 2 2 2 2
1565 2 2 2 0 2 2 2 2 2 2 2 2 2 2 0 2 2 2 2 2 2 2 2 2 2 0 2 2 2 2 2 2 2 2 0 2 2 2 0 2 2 2 2 2 2 2 2 2 2 2 2 2 2 2 2 2 2 2 2 2 2 2 2 2 2 2 2 2 2 2 2 2 2 2 2 2 2 2 2 2 0 2 2 2 2 2 2 2 2 0 2 0 2 2 2 2 2 0 2 2 2 2 2 2 2 0 2 2 2 2 2 2 2 2 2 2 0 2 2 2 2 2 2 2 2 2 2 2 2 2 2 2 2 2 2 2 2 2 2 2 2 2 2 2 2 2 2 2 1 1 2 2 2 2 2 2 2 2 2 2 2 2 2 2 2 2 2 2 2 2 2 0 2 2 2 2 2 2 2 2 2 2 0 2 2 2 2 2 2 2 2 2 2 2 2 2 2 2 2 2 0 2 2 2 2 2 2 0 2 2 2 2 2 2 2 2 2 1 2 2 2 2 2 2 2 2 2 2 2 2 0 1 2 2 2 2 0 2 2 2 0 2 2 2 2
1566 2 0 2 2 0 2 0 2 2 2 2 0 0 2 2 2 2 0 2 2 1 0 0 2 0 0 2 0 0 2 2 0 0 0 2 1 0 0 2 0 2 2 2 2 2 2 2 2 2 2 2 2 2 2 0 0 2 0 2 0 0 2 0 2 2 0 0 0 2 0 2 2 2 2 2 2 2 0 2 2 2 2 2 2 2 2 2 0 2 2 2 2 2 2 0 0 0 2 2 2 2 2 0 2 2 2 2 2 2 2 2 2 2 2 2 2 2 2 2 0 2 2 2 2 2 0 2 2 2 2 2 0 2 0 2 2 2 0 2 2 2 2 2 2 2 2 2 2 2 2 2 2 2 2 0 2 2 2 2 2 2 2 0 0 2 2 2 2 2 2 2 2 2 2 2 2 2 2 2 2 2 2 2 2 2 2 0 2 2 2 1 2 0 2 2 2 2 2 2 2 2 2 2 0 2 2 0 2 2 2 2 0 2 2 2 2 2 2 2 2 2 2 0 2 2 0 2 2 2 2 2 2 2 2 0 2 2 2 2 2 2 2 2 2 2
1567 0 2 0 0 2 2 2 2 2 0 2 0 2 2 2 2 2 0 0 2 1 0 2 2 2 2 2 0 0 0 2 0 2 2 2 2 2 2 0 0 2 0 0 2 0 0 0 0 0 0 2 0 2 2 2 2 2 2 0 0 0 0 2 2 2 2 2 2 2 2 2 0 2 2 2 0 0 0 2 2 2 2 2 2 2 2 0 2 0 2 2 0 2 2 2 2 2 2 2 0 2 0 2 0 2 2 2 0 0 2 2 2 2 2 2 2 2 2 0 2 2 0 2 2 2 2 2 2 2 2 2 2 2 2 2 2 2 2 2 2 0 2 2 2 2 2 2 2 2 2 0 2 0 2 2 2 2 2 2 2 2 2 2 2 2 2 0 2 0 2 2 2 2 2 2 2 2 2 2 0 2 2 2 2 2 0 2 2 2 0 0 2 2 2 2 2 0 2 0 2 2 2 2 2 2 2 2 2 0 2 2 2 0 2 2 2 2 1 2 2 2 0 2 0 2 2 2 2 2 2 2 2 0 2 2 2 2 0 0 0 2 2 2 2 2
1568 2 2 2 2 2 2 2 2 2 2 2 2 2 2 2 2 2 2 0 2 2 2 2 2 2 2 2 2 2 0 2 2 2 2 2 2 2 2 2 2 2 0 0 2 2 2 0 2 2 2 2 2 2 2 2 2 2 2 2 2 2 2 2 2 2 2 2 2 2 2 2 2 2 2 2 0 2 2 2 2 0 2 2 2 2 2 2 2 2 2 2 2 2 2 2 2 2 2 2 2 2 2 2 2 1 2 2 2 0 2 2 2 2 2 2 2 2 2 2 2 2 2 2 2 2 2 2 2 2 2 2 2 2 2 0 0 2 2 2 0 2 2 2 2 2 2 2 2 2 2 2 2 2 2 2 2 2 2 2 2 2 2 2 2 2 2 2 2 2 2 0 2 0 0 2 2 2 2 2 2 2 2 2 2 0 2 2 2 2 2 2 2 2 0 2 2 2 2 0 1 2 2 2 2 0 2 2 2 0 2 2 2 2 2 2 2 2 2 2 2 2 2 2 2 0 2 2 2 2 2 2 2 2 2 2 2 0 2 2 0 2 2 2 2 2
1569 0 0 0 0 0 2 0 0 0 0 0 0 0 0 2 0 0 0 0 0 0 0 0 0 2 0 0 0 0 0 0 0 0 0 2 0 0 0 0 0 0 0 0 0 0 0 0 0 0 0 0 0 0 2 0 0 0 0 0 0 0 0 0 0 0 0 0 0 2 0 0 0 0 0 0 0 0 0 0 0 0 0 0 0 0 0 0 0 0 2 0 0 0 0 2 0 2 0 0 0 0 0 0 0 0 0 0 2 0 2 0 0 0 0 0 0 2 0 0 0 0 0 0 0 0 0 0 0 0 0 0 0 2 0 0 0 0 2 0 0 0 2 0 0 0 0 0 0 1 0 0 0 0 0 0 0 0 2 0 0 0 0 2 0 0 0 0 0 0 0 0 0 0 0 0 2 0 0 0 0 0 0 0 0 0 0 2 0 0 0 0 0 0 0 0 0 2 0 0 0 0 0 2 2 0 0 0 0 0 0 0 0 0 0 2 0 2 0 0 0 0 0 0 0 0 0 0 0 0 0 0 0 0 0 0 0 0 0 0 0 2 0 0 0 0
1570 2 2 2 2 2 2 2 2 2 2 2 2 2 2 2 2 2 2 2 0 2 2 2 2 2 2 2 2 2 2 2 2 2 2 2 2 2 2 2 2 2 2 2 2 2 2 2 2 2 2 0 2 2 2 2 2 2 2 2 0 2 2 2 2 0 2 2 2 2 2 2 2 2 2 2 2 2 2 2 2 2 0 0 2 2 2 2 2 2 2 2 2 0 2 2 2 2 2 2 2 2 2 2 2 2 2 2 2 2 2 2 0 2 2 0 2 2 2 2 2 2 2 2 2 2 2 2 2 2 2 2 0 2 2 2 2 2 2 2 2 2 2 2 2 2 2 2 2 2 2 2 2 2 2 2 2 2 2 2 0 2 2 2 2 2 2 2 2 2 0 2 2 2 2 2 2 2 2 0 2 2 2 2 2 2 2 2 0 2 2 2 2 2 2 2 2 2 2 2 2 2 2 2 2 2 2 2 2 2 2 2 2 2 2 2 0 2 2 2 2 0 2 2 2 2 2 2 2 2 2 2 2 2 2 2 2 2 2 2 2 2 2 2 2 2
1571 2 2 2 2 2 0 2 2 2 2 2 2 2 2 2 2 2 2 2 2 2 2 2 2 0 2 0 2 2 2 2 2 2 2 0 0 2 2 2 2 2 2 2 2 2 2 2 2 2 2 2 2 2 2 2 2 2 2 2 2 2 2 2 2 2 2 2 2 2 2 2 2 2 2 2 2 2 2 2 2 2 2 2 2 2 2 2 2 2 0 0 2 2 2 2 2 0 2 2 2 2 2 2 2 2 2 2 0 2 0 2 2 2 2 2 2 2 2 2 2 2 2 2 2 0 2 2 2 2 2 2 2 2 2 2 0 2 2 2 2 2 2 0 2 2 2 2 2 1 2 2 2 2 2 2 2 2 0 2 2 2 2 0 2 2 2 2 2 2 2 2 2 2 2 2 2 2 2 2 2 2 2 2 0 2 2 2 2 2 2 2 2 2 2 0 2 0 2 2 2 2 0 2 0 2 2 2 2 2 2 2 2 2 2 2 2 2 2 2 2 2 2 2 2 2 2 2 2 2 2 2 2 2 2 2 2 2 2 2 2 2 2 2 2 2
1572 2 2 2 2 2 2 2 2 2 2 2 2 2 2 2 2 2 2 0 2 1 2 0 2 2 2 2 2 2 0 2 2 0 2 2 2 0 2 2 2 2 0 2 2 2 2 2 2 2 2 2 2 2 2 0 0 2 2 2 2 2 0 2 2 2 2 2 2 2 2 2 2 2 2 2 0 2 2 2 2 2 2 2 2 2 0 2 0 2 2 2 2 2 2 2 0 2 2 2 2 2 2 2 2 2 2 2 0 0 2 2 2 2 2 2 2 2 2 0 0 2 2 2 2 0 2 2 2 0 2 2 2 2 0 2 2 0 2 2 2 2 2 2 2 2 2 2 0 2 2 0 2 2 2 2 2 2 2 2 2 2 2 2 0 2 2 2 2 2 2 2 0 2 2 2 2 2 2 2 2 2 2 0 2 2 2 0 2 2 2 2 2 0 2 2 0 0 2 0 2 2 2 2 0 2 2 0 2 2 2 2 2 2 2 2 2 2 1 2 2 2 0 2 2 2 0 2 2 2 2 2 2 2 2 2 2 2 2 0 0 2 2 2 2 2
1573 2 2 2 2 2 2 2 2 2 2 2 2 2 2 2 2 2 2 2 0 2 2 2 2 2 2 2 2 2 2 2 2 2 2 2 2 2 2 2 2 2 2 2 2 2 2 2 2 2 2 0 2 2 2 2 2 2 2 2 0 2 2 2 2 2 2 2 2 2 2 2 2 2 2 2 2 2 2 2 2 2 2 0 2 2 2 2 2 2 2 2 2 0 2 2 2 2 2 2 2 2 2 2 2 2 2 2 2 2 0 2 2 2 2 0 2 2 0 2 2 2 2 2 2 2 2 2 2 2 2 0 0 2 2 2 2 2 2 2 2 2 2 2 2 2 2 2 2 2 2 2 2 2 2 2 2 2 2 2 0 2 2 2 2 2 2 2 2 2 0 2 2 2 2 2 2 2 2 0 2 2 2 2 2 2 2 2 2 2 2 2 2 2 2 2 2 2 2 2 2 2 2 2 2 2 2 2 2 2 2 2 2 2 2 2 2 2 2 0 2 0 2 2 2 2 2 2 2 2 2 2 2 2 2 2 2 2 2 2 2 2 2 0 2 2
1574 2 2 2 2 2 2 0 2 0 2 2 2 2 2 2 2 2 2 2 2 2 2 2 2 2 2 2 2 2 2 2 2 2 2 2 2 2 2 2 0 2 2 2 2 2 2 2 2 2 2 2 2 2 2 2 2 2 2 2 2 2 2 0 2 2 2 2 2 2 0 2 0 2 2 2 2 2 2 2 2 2 2 2 2 2 2 2 2 2 2 2 2 2 2 2 2 2 2 2 2 2 2 2 2 2 2 2 2 2 2 2 2 2 2 2 2 2 2 2 2 2 0 2 2 2 0 2 2 2 2 2 2 2 2 2 2 2 2 2 2 2 2 2 2 2 2 2 2 2 2 2 2 2 2 0 2 2 2 2 2 2 2 2 2 2 2 2 2 2 2 2 2 2 2 2 0 2 2 2 2 2 2 2 2 2 2 2 2 2 2 1 2 2 2 2 2 2 2 2 2 2 2 2 2 2 2 2 2 2 2 2 2 2 2 2 2 2 2 2 2 2 2 2 0 2 2 2 2 0 2 2 2 2 2 2 2 2 2 2 2 2 2 2 2 2
1575 2 2 2 0 2 2 2 2 2 2 2 2 2 2 2 2 2 0 2 0 2 2 2 2 2 2 2 2 0 2 2 2 0 2 2 1 2 2 2 2 2 2 2 0 2 2 2 2 2 2 0 2 2 2 2 2 2 2 2 2 2 0 2 2 0 2 2 0 2 2 2 2 2 2 2 2 2 2 2 2 2 0 2 2 2 2 2 2 2 2 2 2 2 2 2 0 2 2 2 2 2 2 2 2 2 2 2 2 2 2 2 2 2 2 2 2 2 0 2 0 2 2 2 0 2 2 0 2 2 2 0 0 2 0 2 2 2 2 2 2 2 2 2 2 2 2 2 2 1 2 2 2 2 2 2 2 2 2 2 0 2 2 2 2 2 2 2 1 2 0 2 2 2 2 2 2 2 2 0 2 2 2 2 2 2 2 2 2 2 2 2 2 2 2 2 2 2 2 2 1 2 2 2 2 2 2 0 2 2 2 2 2 2 2 2 0 2 2 0 2 0 2 0 2 2 0 2 2 2 2 2 2 2 2 2 2 2 2 2 2 2 2 0 2 2
1576 2 0 2 2 0 0 2 2 2 2 2 2 0 2 0 2 2 2 2 2 2 2 2 2 2 2 2 2 2 2 2 2 2 2 0 2 2 0 2 2 2 2 2 2 2 2 2 2 2 2 2 2 2 2 2 2 2 0 2 2 2 2 2 2 2 0 0 2 2 2 2 2 2 2 2 2 2 2 2 2 2 2 2 2 2 2 2 2 2 0 2 2 2 2 2 2 2 2 2 2 2 2 0 2 2 2 2 2 2 2 2 2 2 2 2 2 0 2 0 2 0 2 2 2 2 2 2 2 2 2 2 2 0 2 2 2 0 2 2 2 2 2 2 2 2 2 2 2 1 2 2 2 2 2 2 2 2 0 2 2 2 2 2 2 2 2 0 2 2 2 2 0 2 2 2 2 2 2 2 2 2 2 0 2 2 2 2 2 2 2 2 2 2 2 2 2 2 0 2 2 2 2 2 2 2 2 2 0 2 2 2 2 2 2 0 2 2 2 2 2 2 2 2 2 2 2 2 2 2 2 0 2 2 2 2 2 2 2 0 2 0 2 2 2 2
1577 2 2 0 0 2 2 0 2 0 2 0 2 2 2 2 2 2 2 2 0 1 2 2 2 2 2 2 2 2 2 2 2 2 2 2 2 2 2 2 2 2 2 2 0 2 0 2 2 0 2 2 2 2 0 2 2 2 2 0 2 2 0 0 2 0 2 2 0 2 0 2 0 2 2 2 2 0 2 2 2 2 0 2 2 2 2 0 2 2 2 2 2 2 2 2 2 2 2 2 0 2 2 2 2 2 2 2 2 2 0 2 2 2 2 0 2 2 0 2 2 2 0 2 0 2 0 0 2 2 2 0 0 2 2 2 2 2 2 2 2 2 2 2 2 2 2 2 2 2 2 0 2 2 2 0 2 2 2 2 0 2 2 2 2 2 2 2 2 2 0 2 2 2 2 2 0 2 2 0 2 2 2 2 2 2 2 2 0 2 2 1 2 2 2 2 2 2 2 2 1 2 2 2 2 2 2 2 2 2 2 2 2 0 2 2 0 2 2 0 2 0 2 0 0 2 0 2 2 0 2 2 2 2 2 2 0 2 2 2 2 2 2 0 2 2
1578 2 2 0 2 2 2 0 2 0 2 0 2 2 2 2 2 2 2 2 2 2 2 2 2 2 2 2 2 2 2 2 2 2 2 2 2 2 2 2 2 2 2 2 2 2 0 2 2 0 2 2 0 2 2 2 2 0 2 0 2 2 2 0 2 2 2 2 2 2 0 2 0 2 2 2 2 0 2 2 0 2 2 2 2 2 2 0 2 0 2 2 2 2 2 0 2 2 2 2 0 2 2 2 2 0 2 2 2 0 0 2 2 0 2 2 0 2 2 2 2 2 0 0 2 0 0 2 2 0 2 2 2 2 2 2 2 2 2 2 2 2 2 2 2 0 0 0 2 2 2 0 0 0 2 0 2 0 2 2 2 0 0 2 2 2 0 2 2 0 2 0 2 2 2 2 0 2 2 2 2 2 2 2 2 2 0 2 0 2 2 1 2 2 2 2 2 2 2 0 1 2 2 0 2 2 2 0 2 2 2 0 2 0 0 2 2 0 2 2 2 2 2 2 0 0 2 2 2 0 0 2 2 2 2 2 2 2 2 2 0 2 2 2 2 2
1579 2 2 2 2 2 2 2 2 2 2 2 2 2 2 2 2 2 2 2 2 2 2 2 2 2 2 2 2 2 2 2 2 2 2 2 2 2 2 2 2 2 2 2 2 2 2 2 2 2 2 2 2 2 2 2 2 2 2 2 2 2 2 2 2 2 2 2 2 2 2 2 2 2 2 2 2 2 2 2 2 2 2 0 2 2 2 2 2 2 2 2 2 0 2 2 2 2 2 2 2 0 2 2 2 2 2 0 2 2 2 2 0 2 2 2 2 2 2 2 2 2 2 2 2 2 2 2 2 2 2 2 2 2 2 2 2 2 2 2 2 2 2 2 0 2 2 2 2 2 2 2 2 2 0 2 2 2 2 0 2 2 2 2 2 2 2 2 2 2 2 2 2 2 2 0 2 2 0 2 2 2 2 2 2 2 2 2 2 0 2 2 2 2 2 0 2 2 2 2 2 2 2 2 2 2 2 2 2 2 2 2 2 2 2 2 2 2 2 2 2 2 2 2 2 2 2 2 1 2 2 2 2 2 0 2 2 2 2 2 2 2 2 2 1 0
1580 0 2 0 0 2 0 0 0 0 0 0 0 2 0 0 0 0 0 0 0 1 0 2 0 0 0 0 0 0 0 0 0 0 0 0 0 2 2 0 0 2 0 2 0 0 0 2 0 0 0 0 2 0 0 2 2 0 2 0 0 0 0 0 2 0 2 2 0 0 0 2 0 2 0 0 0 0 0 2 0 0 0 0 2 2 0 0 2 0 0 0 0 0 2 2 0 0 0 0 0 0 0 2 0 0 0 0 2 0 0 2 0 0 0 0 0 0 0 2 0 2 0 0 0 0 0 0 2 0 0 0 0 0 0 2 0 0 0 2 0 0 0 0 0 0 0 0 0 0 1 0 0 2 0 0 0 0 0 0 0 2 0 0 0 0 2 2 1 0 0 0 0 0 2 0 0 2 0 0 0 0 0 2 0 2 0 0 0 0 0 0 0 2 2 0 0 2 2 0 0 0 0 0 0 2 0 0 2 2 0 2 2 0 0 2 0 0 0 0 2 0 0 0 0 0 0 0 0 0 2 2 0 0 0 2 0 2 0 2 0 0 0 0 0 0
1581 2 2 2 2 2 2 0 2 0 2 0 2 2 2 2 2 2 2 2 2 2 2 2 2 2 0 2 2 2 2 2 2 2 2 2 2 2 2 2 2 2 2 2 2 2 2 2 2 0 2 2 2 2 2 2 2 2 2 2 2 0 2 0 2 2 2 2 2 2 0 2 0 2 2 2 2 2 2 2 2 2 2 2 2 2 2 2 2 2 2 2 2 2 2 2 2 2 0 2 2 2 2 2 2 2 0 2 2 2 2 2 2 2 2 0 2 2 2 2 2 2 0 2 2 2 0 2 2 2 0 2 2 2 2 2 2 2 0 2 2 2 2 2 2 2 2 2 2 2 1 0 2 2 2 0 2 2 2 2 2 2 2 2 2 2 2 2 2 2 2 2 2 2 2 2 0 2 2 2 2 2 0 2 2 2 2 2 0 2 2 1 2 2 2 2 2 2 2 2 2 0 2 2 2 2 2 2 2 2 0 2 2 2 2 2 2 2 1 2 2 2 2 2 0 2 2 2 2 0 2 2 2 2 2 2 2 2 2 2 2 2 2 2 2 2
1582 2 2 2 2 2 2 2 2 2 2 2 2 2 2 2 0 0 2 2 2 2 2 2 2 0 2 0 2 2 2 2 2 2 2 2 1 2 2 2 2 2 2 2 2 2 2 2 2 2 2 2 2 2 2 2 2 2 2 2 2 2 2 2 2 2 2 2 2 2 2 2 2 0 2 0 2 2 2 0 2 0 2 0 0 2 0 2 2 2 2 0 2 0 0 0 2 0 2 2 2 0 2 2 2 2 2 0 2 2 2 2 0 2 2 2 2 2 2 0 2 2 2 2 2 2 2 2 2 2 2 2 2 2 2 2 0 2 2 2 0 2 2 0 0 2 2 2 2 2 2 0 2 2 0 0 2 2 2 0 2 2 2 0 0 0 2 0 2 2 2 0 2 0 2 0 0 2 0 2 2 0 2 2 0 2 0 2 2 0 2 1 0 2 2 0 0 2 2 2 2 2 0 2 2 2 0 0 2 2 2 2 0 2 2 2 2 2 2 0 2 2 2 2 2 0 2 0 2 2 2 2 0 2 2 0 2 2 2 0 2 2 2 2 0 0
1583 2 2 2 2 2 2 2 2 2 2 2 2 2 0 2 2 2 2 2 2 2 2 2 0 2 2 2 2 2 2 2 2 2 2 2 2 2 2 2 2 0 2 2 2 0 2 2 2 2 2 2 2 2 2 2 2 2 2 2 2 2 2 2 2 2 2 2 2 2 2 2 0 2 2 2 2 2 2 2 2 2 2 2 2 2 2 2 2 2 2 2 2 2 2 2 2 2 2 2 2 2 2 2 2 2 2 2 2 2 2 2 2 2 0 2 2 2 2 2 2 2 0 2 2 2 2 2 2 2 2 2 2 2 2 0 2 2 2 2 2 2 2 2 2 2 2 2 2 2 2 2 2 2 2 2 2 2 2 2 2 2 2 2 2 2 2 2 2 2 2 2 2 2 2 2 2 2 2 2 2 2 2 2 2 2 2 2 2 2 0 1 2 2 0 2 2 2 2 2 2 2 2 2 2 0 2 2 2 2 2 2 2 2 2 2 2 2 2 2 2 2 2 2 2 2 2 2 2 2 2 2 2 2 2 2 2 0 2 2 2 2 2 2 2 2
1584 2 0 2 0 0 0 0 0 2 2 2 2 0 0 0 0 0 2 2 2 1 2 0 0 0 0 0 2 2 2 2 2 2 0 0 1 0 0 2 2 0 2 0 2 0 2 0 2 0 2 2 0 2 0 0 0 0 0 2 2 2 2 0 2 2 0 0 0 2 0 0 0 0 2 0 2 2 2 0 0 0 2 0 0 0 0 2 0 0 0 0 2 0 0 0 2 0 0 0 2 0 0 0 2 0 0 0 0 0 0 0 0 0 0 2 2 0 2 0 2 0 0 2 2 2 0 2 2 0 0 2 2 0 2 0 0 0 0 2 0 2 2 0 0 2 0 0 0 1 0 0 0 0 0 0 0 0 0 0 2 2 0 0 0 0 0 0 2 0 2 0 0 0 0 0 0 2 0 2 2 0 0 0 0 0 0 0 2 0 0 0 0 0 0 0 0 0 0 0 1 0 0 0 0 0 0 0 0 0 0 0 0 2 2 0 2 0 0 0 2 2 0 0 0 0 2 0 2 0 0 0 0 2 0 0 2 0 2 0 0 0 0 2 0 0
1585 2 2 2 2 2 0 2 2 2 2 2 2 2 2 0 2 2 2 2 2 2 2 0 2 2 2 2 2 2 2 2 2 2 2 0 2 0 2 2 2 2 2 2 2 2 2 2 2 2 2 2 2 2 2 0 0 2 2 2 2 2 2 2 2 2 2 2 2 0 2 2 2 2 2 2 2 2 2 2 0 2 2 2 2 2 2 2 0 2 0 2 2 2 2 2 2 2 2 2 2 2 2 2 2 2 2 2 2 2 2 0 2 2 2 2 2 0 2 2 2 2 2 2 2 2 2 2 2 2 2 2 2 0 2 0 2 0 2 2 2 2 2 2 2 2 2 2 2 1 1 2 2 2 2 2 2 2 0 2 2 2 2 2 2 2 2 2 2 2 2 2 0 2 2 2 2 2 2 2 2 2 2 2 2 2 2 0 2 2 2 2 2 0 0 2 2 2 2 2 2 2 2 2 0 0 2 2 2 2 2 2 2 2 2 2 2 2 1 2 2 2 2 2 2 2 2 2 2 2 2 2 2 2 2 2 2 0 2 2 2 0 2 2 2 2
1586 0 2 2 2 2 2 0 2 2 0 2 2 2 2 2 2 0 2 2 2 2 2 0 2 0 2 0 2 2 2 2 2 2 0 2 1 0 2 0 2 2 0 2 0 2 2 2 0 2 2 0 2 2 0 0 0 0 2 2 2 2 2 0 2 2 2 2 2 2 0 2 2 2 2 0 2 2 2 0 0 0 2 2 2 0 0 2 0 0 2 0 0 2 0 0 2 0 0 2 2 0 2 2 2 0 0 0 2 0 2 0 2 0 2 2 2 2 2 2 2 2 2 2 0 2 0 2 2 2 0 2 2 2 2 2 0 2 2 2 0 0 0 0 0 2 0 0 2 2 1 0 2 2 0 0 2 0 2 0 2 0 0 0 0 0 2 2 2 0 2 0 2 0 0 0 2 2 0 2 0 0 0 2 0 0 2 2 2 0 2 2 0 0 0 0 0 2 2 0 1 0 0 2 0 2 0 2 2 2 0 2 0 2 2 2 2 2 2 2 2 2 2 2 0 0 2 0 2 0 2 2 2 0 0 0 2 0 0 2 0 2 0 2 0 0
1587 2 2 2 2 2 2 2 2 2 2 2 2 2 2 2 2 2 2 2 2 2 2 2 2 2 2 2 2 2 2 2 2 2 2 2 2 2 2 2 2 2 2 2 2 2 2 2 2 2 2 2 2 2 2 2 2 2 2 2 2 2 2 2 2 2 2 2 2 2 2 2 2 2 2 2 2 2 2 2 2 2 2 2 2 2 2 2 2 2 2 2 2 2 2 0 2 2 2 2 2 0 2 2 0 2 2 0 2 2 2 2 2 2 2 2 2 2 2 2 2 2 2 2 2 2 2 2 2 2 2 2 2 2 2 2 2 2 2 2 2 2 0 2 0 2 0 2 2 2 2 2 2 2 0 2 2 2 2 0 2 2 0 2 2 2 2 2 2 2 2 0 2 2 2 2 2 2 0 2 2 2 2 2 2 2 2 2 2 0 2 2 2 2 2 0 2 2 2 2 2 2 2 2 2 2 2 2 2 2 2 2 2 2 2 2 2 2 2 2 2 2 2 2 2 0 2 2 2 2 2 2 2 2 2 2 2 2 2 2 2 2 0 2 0 0
1588 0 0 0 0 0 2 0 0 2 0 2 0 0 0 2 0 0 0 0 0 0 0 0 0 0 0 0 0 0 0 2 0 0 0 2 0 0 0 0 0 0 0 0 0 2 0 0 0 0 0 0 0 2 0 0 0 0 0 0 0 0 2 0 0 0 0 0 0 0 0 0 0 0 2 0 0 0 0 0 0 0 0 0 2 0 0 0 0 0 2 0 0 0 0 0 0 0 0 0 0 0 0 0 0 0 0 0 0 0 0 0 0 0 2 0 0 2 2 0 0 0 2 0 0 0 0 0 0 0 0 0 0 2 0 0 0 2 0 0 0 0 0 0 0 0 0 0 0 1 0 0 0 0 0 0 0 0 2 0 2 0 0 0 0 0 2 2 0 0 2 0 2 0 0 0 0 0 0 2 0 0 0 0 0 0 0 0 0 0 2 1 0 0 0 0 0 0 2 0 1 0 0 0 0 0 0 0 0 0 0 2 0 0 0 0 0 0 0 0 0 0 0 0 0 0 0 0 0 0 0 0 0 0 0 0 0 0 0 0 0 2 0 2 0 0
1589 0 2 2 2 2 2 2 2 2 0 0 2 2 2 2 2 2 2 2 0 2 2 2 2 2 2 2 2 2 2 2 2 2 2 2 2 2 2 2 2 2 0 2 2 0 2 2 0 2 2 2 2 2 0 2 2 2 2 2 0 2 2 2 2 2 2 2 2 2 2 2 2 2 2 2 2 2 2 2 2 2 0 2 2 2 2 2 2 0 2 2 2 2 2 2 2 2 2 2 2 0 2 2 0 1 0 2 2 0 0 2 2 0 2 2 2 2 2 2 2 2 2 2 2 0 2 2 2 2 2 2 2 2 2 2 2 0 2 2 2 0 2 2 2 0 0 2 2 2 2 2 2 2 2 2 2 0 0 2 2 2 0 2 2 2 2 2 2 0 2 0 2 2 2 2 2 2 2 2 0 2 0 2 2 2 2 0 2 2 2 2 2 2 2 2 2 2 2 0 1 0 2 2 2 2 2 2 2 2 2 2 2 2 0 2 2 2 1 2 2 2 2 2 2 0 2 2 2 2 2 2 2 0 2 2 2 2 0 2 0 2 2 2 2 2
1590 0 2 0 0 2 2 2 2 2 0 0 0 2 2 2 2 2 0 2 2 1 0 2 2 2 0 2 0 0 2 0 0 0 2 2 2 2 2 2 0 0 0 2 2 0 0 2 0 0 0 2 2 2 2 2 2 2 2 0 2 2 2 2 2 2 2 2 2 2 2 2 0 2 2 2 2 0 0 2 2 0 2 2 0 0 2 0 2 2 2 2 2 2 2 0 0 2 2 2 0 0 2 2 2 2 2 0 2 2 2 2 2 2 2 2 2 2 2 2 0 2 2 2 2 2 2 2 2 2 2 2 2 2 0 2 2 2 2 2 2 0 2 2 2 0 2 2 2 2 2 2 2 2 0 2 2 2 2 2 2 2 2 2 2 2 2 2 2 2 2 2 2 2 2 2 2 2 0 2 0 2 2 2 2 2 2 2 2 0 0 1 2 2 2 0 2 2 2 2 2 2 2 2 2 2 2 2 2 2 2 2 2 0 0 2 2 2 2 2 2 2 2 2 2 2 0 2 2 2 2 2 2 0 2 2 2 2 0 2 2 2 2 2 0 0
1591 0 2 0 0 0 2 0 0 0 0 0 2 0 0 0 0 0 0 0 0 1 2 0 0 0 0 0 2 0 0 0 2 0 0 0 0 0 2 0 2 0 0 0 0 0 0 2 0 0 0 0 2 0 0 0 0 0 2 0 2 0 0 0 2 2 0 2 0 2 0 0 2 0 0 0 0 0 2 0 0 0 0 0 0 0 0 0 0 0 0 0 0 0 0 0 0 0 2 0 0 0 0 2 0 0 0 0 0 0 0 0 0 0 0 0 0 2 0 0 0 2 0 0 0 0 0 0 0 0 0 2 0 2 0 0 0 2 0 2 0 0 0 0 0 0 2 2 0 1 1 0 2 0 0 0 0 0 2 0 0 0 2 0 0 0 0 0 1 0 0 2 2 0 0 0 2 2 0 0 0 0 0 2 0 0 0 0 0 0 2 1 0 0 0 0 0 0 0 0 0 0 0 2 0 0 0 0 0 2 0 0 0 0 0 0 2 2 0 0 2 0 0 0 0 2 0 0 0 0 0 0 0 0 0 0 0 0 0 0 0 2 0 0 0 0
1592 2 2 2 2 2 2 2 2 2 2 2 2 2 2 0 2 2 2 0 2 0 2 2 2 2 2 2 2 2 0 2 2 2 2 0 2 2 2 2 0 2 2 2 2 2 2 2 2 2 0 2 2 2 2 2 2 0 2 2 0 2 2 2 2 2 2 2 2 2 2 2 2 0 2 2 0 2 2 2 2 0 2 2 2 2 2 2 2 2 0 2 2 2 2 0 2 2 2 2 2 0 0 2 2 2 2 0 2 2 2 2 2 2 2 2 2 2 2 2 2 2 2 2 2 2 2 2 2 2 2 2 2 0 2 2 2 2 2 2 2 2 0 2 0 2 2 2 0 1 1 2 2 0 0 2 2 2 2 0 2 2 2 2 2 2 2 2 2 2 2 2 2 2 0 2 2 2 0 2 2 2 2 0 2 0 2 2 2 0 2 2 2 2 2 0 2 2 0 2 2 2 2 0 2 2 2 2 0 2 0 0 0 2 2 0 2 0 2 2 2 2 2 2 2 2 0 2 2 2 2 0 2 2 2 0 2 2 2 2 2 2 0 0 0 0
1593 0 0 2 0 0 0 0 0 2 0 0 0 0 2 0 0 0 0 2 0 1 0 0 2 0 0 0 0 0 2 2 0 2 0 0 0 0 0 2 2 0 0 0 0 0 2 0 0 0 0 2 0 0 0 0 0 0 0 2 0 2 2 0 0 0 0 0 0 2 0 0 0 0 0 0 2 2 0 0 0 0 0 0 0 0 0 2 0 0 0 0 2 0 0 0 2 0 0 0 2 0 0 0 0 0 0 0 0 0 0 0 0 0 0 0 0 0 0 0 2 0 2 0 0 0 0 0 0 0 0 0 0 0 2 0 0 0 0 0 0 0 0 0 0 0 0 0 0 0 0 0 0 0 0 0 0 0 0 0 2 0 0 0 0 0 0 0 0 0 2 0 0 0 0 0 0 0 0 2 0 0 0 0 0 0 0 0 0 0 0 0 0 0 0 0 0 0 0 0 0 0 0 0 0 0 0 0 0 0 0 0 0 2 0 0 0 0 0 0 0 0 0 0 0 0 0 0 0 0 2 0 0 0 0 0 0 0 0 0 0 0 0 0 0 0
1594 2 2 2 0 2 2 2 0 0 2 2 2 2 2 2 2 2 2 2 2 1 2 2 2 2 2 2 2 2 2 2 2 0 2 2 2 2 2 2 0 2 2 2 2 2 2 2 2 2 2 0 2 2 2 2 2 2 2 2 0 2 0 2 2 2 2 2 0 2 2 2 2 2 2 2 2 2 2 2 2 2 2 2 2 2 2 2 2 2 2 2 2 2 2 2 0 2 2 0 2 2 2 2 2 2 2 2 2 2 2 2 2 2 2 2 2 2 2 2 0 2 0 2 2 2 2 2 2 0 2 2 2 2 0 2 2 2 2 2 2 2 2 2 2 2 2 2 2 2 2 2 0 2 2 2 2 2 2 2 2 2 2 2 2 2 2 2 2 2 2 2 2 2 2 2 2 2 2 2 2 2 2 2 2 2 2 2 2 2 2 2 2 2 2 2 2 2 2 2 2 2 2 2 2 2 2 2 2 2 2 2 2 2 2 2 2 2 2 2 2 2 2 0 2 2 2 2 2 2 2 2 2 2 2 2 2 2 2 2 2 2 2 2 2 2
1595 2 2 2 2 2 2 2 2 2 2 2 2 2 2 2 2 2 2 2 2 2 2 2 2 2 2 0 2 2 2 2 2 2 2 2 1 2 2 2 2 2 2 0 2 2 2 0 2 2 2 2 2 2 2 2 2 2 2 2 2 2 2 2 2 2 2 2 2 2 2 0 2 2 2 2 2 2 2 0 2 0 2 2 2 0 0 2 2 2 2 2 2 2 2 0 2 2 2 2 2 0 2 2 2 2 2 0 2 0 2 2 2 2 2 2 2 2 2 2 2 2 2 2 2 2 2 2 2 2 2 2 2 2 2 2 0 2 2 2 2 2 2 0 0 2 2 2 0 2 2 2 2 2 0 2 0 2 2 0 2 2 2 2 0 2 0 0 2 2 2 2 2 2 0 0 2 2 0 2 2 2 2 2 0 0 2 2 2 0 2 2 2 2 2 0 2 2 2 2 2 2 0 2 2 2 0 2 2 0 2 0 2 2 2 2 2 2 2 2 2 2 2 2 2 2 2 2 2 2 2 2 2 2 0 2 2 2 2 2 2 2 0 2 0 0
1596 2 2 0 2 2 2 0 2 0 2 2 0 2 2 2 2 0 0 2 2 1 0 0 2 0 0 2 0 0 2 0 0 0 0 2 2 0 2 0 0 0 2 2 2 2 0 2 2 0 2 0 0 0 2 0 0 0 2 0 2 2 0 0 2 2 2 2 2 2 0 2 2 0 0 0 2 0 0 0 2 2 0 2 2 0 0 0 0 2 2 2 0 2 0 2 0 0 0 2 0 2 2 2 0 2 0 2 2 0 2 0 2 2 0 2 2 2 2 0 0 2 2 2 2 2 0 2 2 2 0 0 2 2 0 0 2 2 0 2 0 2 2 2 2 2 2 0 2 2 1 0 2 0 2 0 2 2 2 2 2 2 2 0 2 2 0 0 2 2 2 2 2 0 2 2 2 2 2 2 2 2 0 2 2 2 2 2 2 2 2 1 2 0 2 2 2 2 0 2 2 2 2 2 2 0 2 0 0 2 2 2 0 0 2 0 2 2 1 0 2 2 2 2 0 2 2 2 2 2 0 0 2 2 2 0 0 2 2 0 2 2 2 2 2 2
1597 0 2 0 0 0 2 2 2 0 0 2 0 0 0 0 2 0 0 0 2 1 0 2 0 2 2 0 0 0 0 0 0 0 2 0 1 2 2 0 0 2 0 0 0 0 0 0 0 0 2 0 0 0 0 2 2 2 2 0 0 2 0 2 0 0 0 2 0 0 0 0 0 2 0 0 0 0 0 2 0 0 0 0 0 0 0 0 2 0 0 0 0 0 2 2 0 2 2 2 0 0 0 2 0 0 2 0 2 2 2 2 0 0 2 0 0 2 0 0 0 0 0 0 0 2 2 0 2 2 2 0 0 2 0 0 0 2 2 0 0 0 0 0 0 0 2 0 0 1 2 0 2 0 0 2 0 0 0 0 0 0 0 2 0 0 0 2 1 2 0 2 0 0 0 0 2 0 0 0 0 0 2 2 0 0 0 2 2 0 0 0 0 2 0 0 0 2 0 2 1 2 0 2 2 0 0 0 2 0 2 0 0 0 0 0 0 2 0 0 0 0 0 0 0 2 2 0 0 0 0 2 2 0 0 0 2 0 0 0 2 2 0 0 0 0
1598 2 2 2 2 2 2 2 2 2 2 2 2 2 2 2 2 2 2 2 2 2 2 2 2 2 2 0 2 2 2 2 2 2 2 0 1 2 2 2 2 2 2 2 2 2 2 2 2 2 2 2 2 2 2 2 2 2 2 2 2 2 2 2 2 2 2 2 2 2 2 2 2 2 2 2 2 2 2 2 2 2 2 2 2 2 2 2 2 2 0 2 2 2 2 2 2 2 2 2 2 2 2 2 2 2 2 2 2 2 2 2 2 2 2 2 2 2 2 2 2 2 2 2 2 2 2 2 2 2 2 2 2 2 2 2 0 2 2 2 2 2 2 0 0 2 2 2 0 2 2 2 2 2 2 2 2 2 2 0 2 2 0 2 2 2 2 2 2 2 2 2 2 2 0 2 2 2 2 2 2 2 2 2 0 0 2 2 2 0 2 2 2 2 2 2 2 2 2 2 2 2 0 2 2 2 0 2 2 2 2 0 2 2 2 2 2 2 2 0 2 2 2 2 2 2 2 2 2 0 2 2 2 2 2 2 2 2 2 2 2 2 2 2 2 2
1599 2 0 2 2 2 0 2 2 2 2 0 2 2 2 2 2 0 2 0 0 2 2 2 2 2 2 2 2 2 0 2 2 2 2 2 2 0 0 2 2 0 2 2 2 2 2 2 2 2 2 2 2 2 2 2 2 2 0 2 2 2 2 2 2 2 2 0 2 2 2 2 2 0 2 0 0 2 2 2 2 2 2 2 2 0 0 2 0 2 2 0 2 2 2 0 2 2 0 2 2 2 2 0 2 2 0 0 0 2 0 0 2 2 2 2 2 0 2 0 2 2 2 2 2 0 2 2 0 2 2 2 2 0 2 0 2 0 2 0 0 2 2 2 2 2 2 2 2 1 1 2 2 2 0 2 2 2 2 2 2 2 2 2 0 0 0 2 2 2 2 2 2 0 2 0 0 2 0 2 2 2 0 2 2 2 0 0 2 2 2 2 2 0 2 0 2 0 2 2 2 2 2 0 0 0 2 0 0 2 2 2 2 2 2 2 2 0 1 2 2 2 2 2 2 2 0 2 2 2 2 0 2 2 0 2 2 2 2 0 2 0 0 2 2 2
1600 2 2 2 0 2 2 2 2 2 2 2 2 2 2 2 2 2 2 2 2 2 2 2 2 2 2 0 2 2 2 2 2 2 2 2 1 2 2 2 2 2 2 2 0 2 2 2 2 2 2 2 2 2 0 2 2 2 2 2 2 2 2 2 2 2 2 2 2 2 0 2 2 2 2 2 2 2 2 2 2 2 0 2 2 0 2 2 2 2 2 0 2 2 2 2 2 2 2 2 2 2 2 2 2 1 2 2 2 2 2 2 2 2 2 2 2 2 0 2 2 2 2 2 0 2 2 2 2 2 2 2 2 2 2 2 0 2 2 2 2 2 2 0 2 2 2 2 0 2 1 0 2 2 2 2 2 2 2 2 2 2 0 2 2 0 2 2 2 2 2 2 2 2 0 2 2 2 2 2 2 2 2 2 0 0 2 2 2 2 2 1 2 2 2 2 0 2 2 2 2 0 0 2 0 2 0 2 2 2 0 0 0 2 2 0 2 2 1 2 2 0 0 2 0 2 2 2 2 0 2 2 2 2 2 0 2 2 2 2 2 2 2 2 2 2
1601 2 2 2 2 2 2 2 2 2 2 2 2 2 2 2 2 0 2 2 2 2 2 2 2 2 2 2 2 2 2 2 2 2 2 2 2 2 2 2 2 2 2 2 2 2 2 2 2 2 2 2 2 2 2 2 2 2 2 2 2 2 2 2 2 2 2 2 2 2 2 2 2 2 2 0 2 2 2 2 2 0 2 2 2 2 2 2 2 2 2 2 2 2 2 2 2 2 2 2 2 2 2 2 2 2 2 0 2 2 2 2 2 2 2 2 2 2 2 2 2 2 2 2 2 2 2 0 2 2 2 2 2 2 2 2 2 2 2 2 2 2 2 2 2 2 2 2 2 2 2 2 2 2 0 2 2 2 0 2 2 2 2 2 0 2 2 2 2 2 2 2 2 2 2 0 2 2 0 2 2 0 2 2 2 2 2 2 2 2 2 2 0 2 2 0 2 2 2 2 2 2 2 2 2 2 2 2 2 2 2 2 2 2 2 2 2 2 1 2 2 2 2 2 2 2 2 0 0 2 2 2 2 2 2 2 2 2 2 2 2 2 0 2 0 2
1602 2 2 2 2 2 2 2 2 2 2 2 2 2 2 2 2 0 2 2 2 2 2 2 2 2 2 0 2 2 2 2 2 2 2 2 0 2 2 2 2 2 2 1 0 2 2 2 2 2 2 2 2 2 2 2 2 0 2 2 2 2 2 2 2 2 2 2 2 2 2 2 2 2 2 0 2 2 2 2 2 0 2 2 2 2 2 2 2 2 2 0 2 2 2 2 2 2 2 2 2 2 2 2 2 2 2 0 2 2 2 2 2 2 2 2 2 2 2 2 2 2 2 2 0 2 2 2 2 2 2 2 2 2 2 2 0 2 2 2 0 2 2 0 0 2 2 2 0 2 2 2 2 0 0 2 0 2 0 0 2 2 2 2 0 0 0 0 2 2 2 2 2 2 0 0 2 2 0 2 2 2 2 1 0 0 2 2 2 0 2 2 2 2 2 0 2 2 2 2 1 2 0 2 2 2 2 2 2 2 2 0 2 2 2 2 2 2 2 2 2 2 2 2 2 2 2 2 0 2 2 2 2 2 2 2 2 2 2 2 2 2 0 2 0 0
1603 0 2 0 2 2 2 2 0 0 0 0 2 2 0 2 2 2 0 2 2 0 2 2 0 2 2 2 2 0 2 0 2 2 2 2 2 2 2 0 2 2 0 2 2 0 0 2 0 0 0 2 2 2 2 2 2 2 2 0 0 2 2 2 2 2 2 2 0 2 2 2 0 2 2 2 2 0 2 2 2 2 2 2 2 2 2 0 2 2 2 2 0 2 2 2 2 2 0 0 0 2 2 2 0 2 2 2 2 2 2 2 2 2 2 2 0 2 2 2 2 2 2 0 2 2 2 2 2 2 2 2 2 2 2 2 2 2 2 2 2 0 0 2 2 2 2 2 2 2 1 2 2 2 2 2 2 2 2 2 0 2 2 2 2 2 2 2 2 2 0 2 2 2 2 2 2 2 2 0 0 2 2 2 2 2 2 2 2 2 2 2 2 2 2 2 2 2 2 2 2 2 2 2 2 2 2 2 2 2 2 2 2 0 2 2 2 2 2 2 2 2 2 0 2 2 2 2 2 2 2 2 2 0 2 2 2 2 0 2 2 2 2 2 2 2
1604 0 0 0 0 0 0 0 0 0 0 0 0 0 0 0 0 0 0 0 0 0 0 2 0 2 0 0 0 0 0 0 0 0 2 0 0 0 0 0 0 0 0 0 0 0 0 0 0 0 0 0 0 0 0 2 2 0 0 0 0 0 0 2 0 0 0 0 0 0 0 0 0 0 0 0 0 0 0 0 0 0 0 2 0 0 0 0 0 0 0 0 0 2 2 0 0 2 0 0 0 0 0 0 0 0 0 0 0 2 0 0 2 0 0 0 0 0 0 0 0 0 0 0 0 0 0 0 0 0 0 0 2 0 0 0 0 0 0 0 0 0 0 0 0 0 0 0 0 0 0 0 0 0 0 2 0 2 0 0 0 0 0 2 0 0 0 0 0 0 0 0 0 0 0 0 0 0 0 0 0 0 0 0 0 0 0 0 0 0 0 0 0 0 0 0 0 0 0 2 0 0 0 0 0 0 0 0 0 0 0 0 0 0 0 0 0 0 0 0 0 0 0 0 0 0 0 0 0 0 0 0 0 0 0 0 0 0 0 0 2 0 0 0 0 0
1605 2 2 2 2 0 0 2 2 2 2 2 2 0 2 0 2 2 2 2 2 2 2 2 2 2 2 2 2 2 2 2 2 2 2 2 2 2 2 2 2 2 2 2 2 2 2 2 2 2 2 2 2 2 2 2 2 2 2 2 2 2 2 2 2 2 0 2 2 2 2 2 2 2 2 2 2 2 2 2 2 2 2 2 2 2 2 2 2 2 2 2 2 2 2 2 2 2 2 2 2 2 2 2 2 2 2 2 2 2 0 2 2 2 2 2 2 0 2 2 2 2 2 2 2 2 2 2 2 2 2 2 2 0 2 2 2 2 2 2 2 2 2 2 2 2 2 2 0 1 2 2 2 2 2 2 2 2 2 2 2 2 2 2 2 2 2 2 2 2 2 2 0 2 0 2 2 2 2 2 2 2 2 2 2 0 2 2 2 2 2 2 2 2 2 2 2 2 0 2 2 2 2 2 2 2 2 0 2 2 2 0 2 2 2 2 2 2 2 2 2 2 2 2 2 2 2 2 2 2 2 2 2 2 2 2 2 2 2 2 2 0 2 0 2 2
1606 2 2 2 2 2 2 0 0 2 2 2 2 2 2 2 0 0 2 0 2 2 2 2 2 2 0 2 2 2 0 2 2 0 2 0 1 2 2 2 2 2 2 2 2 2 2 2 2 2 2 2 0 0 0 2 2 2 2 2 2 2 0 2 2 0 2 2 2 0 0 2 2 0 0 0 0 2 2 0 0 0 2 2 2 2 0 2 2 2 0 0 2 2 2 0 0 2 0 0 2 0 0 2 2 2 0 0 2 2 2 2 2 2 2 2 2 2 0 0 0 2 2 2 2 2 0 0 0 0 0 0 2 2 0 0 0 0 0 0 0 2 0 0 0 2 2 0 2 2 0 0 0 2 0 2 2 2 0 0 2 0 0 2 0 0 0 0 2 0 2 0 2 0 2 0 2 2 0 2 2 0 0 0 2 2 0 2 0 0 2 1 0 2 0 0 0 2 2 2 1 0 0 0 0 0 0 2 0 2 0 2 0 2 2 0 0 0 2 0 2 2 2 2 0 0 2 0 0 0 0 0 2 2 0 0 2 0 2 0 2 2 0 2 0 0
1607 0 0 2 0 0 0 2 2 2 0 2 2 0 0 0 2 0 2 2 2 2 2 2 0 2 0 2 2 2 2 2 2 0 2 0 2 0 0 2 2 2 2 2 2 0 2 0 2 2 2 2 2 2 0 2 2 2 0 2 2 0 2 2 2 2 0 0 2 2 2 2 2 0 2 0 2 2 2 2 2 2 0 2 2 2 0 2 0 0 1 0 2 2 2 2 0 2 0 2 2 0 0 0 2 0 2 0 0 2 0 0 1 0 2 2 2 0 2 2 0 2 2 2 2 0 2 0 2 2 2 2 2 0 0 0 0 2 0 2 0 0 2 0 2 0 2 2 0 1 1 2 0 2 0 2 2 2 0 2 0 0 0 2 0 0 0 2 2 2 0 0 0 0 0 0 2 2 0 0 0 2 2 0 2 0 0 0 2 0 2 2 2 0 2 0 0 0 0 2 1 2 0 0 2 0 2 2 0 0 2 0 2 2 0 2 2 0 2 2 2 2 2 2 2 0 0 2 0 2 2 0 2 0 2 2 2 2 0 2 2 0 2 0 0 2
1608 2 2 2 2 2 2 2 2 2 2 2 2 2 2 2 2 2 2 2 2 2 2 2 2 2 2 2 2 2 2 2 2 2 2 2 1 2 2 2 2 2 2 2 2 2 2 2 2 2 2 2 2 2 2 2 2 2 2 2 2 2 2 2 2 2 2 2 2 2 2 2 2 2 2 2 2 2 2 2 2 2 0 2 2 0 2 2 2 2 2 0 2 2 2 2 2 2 2 2 2 0 2 2 2 2 2 1 2 2 2 2 2 2 2 2 2 2 2 2 2 2 2 2 2 2 2 2 0 2 2 2 2 2 2 2 2 0 2 2 2 2 0 2 2 2 2 2 2 2 2 2 2 2 0 2 2 2 2 2 2 2 2 2 0 2 2 2 2 2 2 2 2 2 2 0 0 2 0 2 2 2 2 0 2 2 2 2 2 0 2 2 2 2 2 2 2 2 2 2 2 2 2 2 2 2 2 2 2 2 2 2 2 2 2 2 2 2 1 2 2 2 2 2 2 2 2 2 0 2 2 2 0 2 2 2 2 2 2 2 2 2 2 2 0 0
1609 2 2 2 2 2 2 0 2 2 2 2 2 2 2 2 2 2 2 2 2 2 2 2 2 2 2 2 2 2 2 2 2 2 2 2 2 2 2 2 2 2 2 2 2 2 2 2 2 2 2 2 2 0 2 2 2 2 2 2 2 2 2 2 2 0 2 2 2 2 2 2 2 2 0 2 2 2 2 2 0 2 2 2 2 2 2 2 2 2 2 2 2 2 2 2 2 2 2 2 2 2 2 2 2 2 2 2 2 2 2 2 0 2 2 2 2 2 0 2 2 2 2 2 2 2 0 2 2 2 2 2 2 2 2 2 2 2 2 2 2 2 2 2 2 2 2 2 2 2 2 2 2 2 2 2 2 2 2 2 2 2 2 2 2 2 2 2 2 2 2 2 2 2 2 2 2 2 2 2 2 2 2 2 2 2 0 0 2 2 2 2 2 2 0 2 2 2 0 2 2 2 2 2 2 2 2 2 2 2 2 2 2 2 2 0 0 2 2 0 2 0 2 2 0 2 0 2 2 0 2 2 2 2 0 2 2 2 2 2 2 2 2 2 2 2
1610 2 2 2 0 2 2 2 2 2 2 2 2 2 2 2 2 2 2 2 2 2 2 2 2 2 2 2 2 2 2 0 2 0 2 2 1 2 2 2 2 2 2 2 2 2 2 2 2 2 2 2 0 2 0 2 2 2 2 2 2 0 2 2 2 2 2 2 2 2 2 2 2 2 2 2 2 2 2 2 0 2 2 2 2 2 2 2 2 2 2 2 2 2 2 2 0 2 2 2 2 2 2 2 2 2 2 2 2 2 2 2 0 2 2 2 2 2 2 2 0 2 2 2 2 2 2 0 2 2 2 0 2 2 0 2 2 2 2 2 2 2 2 2 2 2 2 0 2 2 2 0 2 2 2 2 2 2 2 2 2 2 2 2 2 2 2 2 2 2 2 2 2 2 2 2 2 2 2 2 2 2 2 2 2 2 0 0 2 2 2 1 2 2 0 2 2 2 2 2 2 2 2 2 2 2 2 2 2 2 2 2 2 2 2 0 0 2 2 0 2 2 2 2 0 2 0 2 2 0 2 2 2 2 0 2 2 2 2 2 2 2 2 2 2 2
1611 2 0 0 2 0 0 0 2 0 2 2 0 0 0 0 0 0 0 2 0 1 0 0 0 0 0 0 0 0 2 2 0 0 0 0 2 0 0 0 0 0 0 1 0 2 0 0 0 0 2 2 0 0 0 0 0 0 0 0 0 2 0 0 2 0 0 0 2 0 0 2 0 0 0 0 2 0 0 0 0 0 0 0 0 0 0 0 0 0 0 0 0 0 0 0 0 0 2 2 0 0 0 0 0 0 2 0 0 0 0 0 0 0 0 0 2 0 0 0 0 0 0 2 0 0 0 0 0 0 0 2 2 0 0 0 0 0 0 2 0 2 0 0 0 0 0 0 0 0 2 0 2 0 0 0 2 0 0 0 2 2 0 0 0 0 2 0 1 0 2 0 2 0 0 0 0 2 0 2 2 0 0 0 0 0 0 0 0 0 0 0 0 0 0 0 0 0 0 0 1 2 0 0 0 0 0 0 0 0 2 0 0 0 0 0 0 0 0 0 2 0 0 2 0 0 0 0 0 2 0 0 0 2 0 0 0 0 2 0 0 0 0 0 0 0
1612 2 0 0 0 0 0 0 0 0 2 2 0 0 0 0 0 0 0 2 0 0 0 0 0 0 0 0 0 0 2 0 0 0 0 0 1 0 0 0 0 0 0 0 0 2 0 0 0 0 0 2 0 2 0 0 0 0 0 0 0 0 0 0 2 0 0 0 2 0 0 0 0 0 2 0 2 0 0 0 0 0 0 0 0 0 0 0 0 0 0 0 0 0 0 0 0 0 0 0 0 0 0 0 0 0 0 0 0 0 0 0 0 0 0 0 2 0 0 0 0 0 0 2 0 0 0 0 0 0 0 0 0 0 0 0 0 0 0 2 0 2 0 0 0 0 0 0 0 0 0 0 0 0 0 0 0 0 0 0 2 0 2 0 0 0 0 0 1 0 2 0 0 0 0 0 0 2 0 2 2 0 0 0 0 0 0 0 0 0 0 0 0 0 0 0 0 0 0 0 0 0 0 0 0 0 0 0 0 0 0 0 0 0 0 2 0 0 0 0 2 0 0 2 0 0 0 0 0 2 0 0 0 2 0 0 0 0 2 0 0 0 0 0 0 0
1613 2 2 2 2 2 0 0 2 2 2 2 0 2 2 0 2 0 2 2 2 2 0 2 2 2 0 0 0 2 2 0 0 2 0 0 1 2 2 2 0 2 2 2 2 2 2 2 2 0 2 2 2 0 2 2 2 2 2 2 2 2 2 2 2 2 2 2 0 2 0 2 2 2 0 0 2 2 0 0 0 0 0 2 0 0 0 2 2 0 0 0 2 2 2 2 2 2 0 2 2 0 0 2 2 0 0 0 2 0 2 2 0 2 2 0 2 0 2 0 2 2 2 2 2 2 0 2 0 0 0 2 2 0 2 0 0 0 0 2 0 2 2 0 0 2 0 2 0 1 0 2 2 2 0 2 0 0 2 0 2 2 0 2 0 0 0 0 2 2 2 0 0 0 0 0 2 2 0 2 2 0 0 0 0 0 0 0 2 0 2 2 0 2 0 0 0 2 2 0 2 0 0 2 0 0 0 0 2 2 0 2 2 2 2 2 2 2 1 2 2 2 2 0 2 0 0 0 0 2 0 2 0 2 0 2 2 0 2 0 0 0 0 2 0 0
1614 2 2 2 2 0 2 2 2 2 2 2 2 0 2 2 0 2 2 2 2 1 2 0 2 2 2 2 2 2 2 2 2 2 2 2 2 2 0 2 2 2 2 2 2 2 2 2 2 2 2 2 2 2 0 0 0 2 0 2 2 2 2 2 2 0 0 0 2 0 2 2 2 0 2 2 2 2 2 2 2 2 2 2 2 2 2 2 0 2 2 2 2 2 0 2 2 2 2 2 2 2 2 2 2 2 2 2 0 2 2 2 2 2 2 2 2 2 0 2 2 2 2 2 2 0 2 2 2 2 2 2 2 2 2 2 2 2 2 2 2 2 2 2 2 2 2 2 2 2 2 0 2 2 2 2 2 2 2 2 2 2 2 2 2 2 2 2 2 2 2 2 2 2 2 2 2 2 2 2 2 2 2 2 2 2 0 2 2 2 2 1 2 0 2 2 2 0 0 2 2 2 2 2 2 2 2 2 2 2 2 2 0 2 2 0 0 2 2 2 2 2 2 2 0 2 2 2 2 2 2 2 2 2 2 0 2 2 2 2 2 2 2 2 2 2
1615 2 2 2 2 0 0 0 2 2 2 2 0 0 2 0 0 0 2 2 2 1 0 0 2 0 0 0 0 2 2 0 0 0 0 0 1 2 0 2 0 2 2 2 2 2 2 2 2 0 2 2 2 2 0 0 0 2 0 2 2 2 2 2 2 0 0 0 0 0 0 2 2 0 2 0 2 2 0 0 0 0 0 2 0 2 0 2 0 0 0 0 2 2 0 2 0 0 0 2 2 0 0 2 2 0 0 0 0 0 0 2 0 2 2 0 2 0 2 0 0 2 2 2 2 0 0 2 0 0 0 2 0 0 0 0 0 0 0 2 0 2 2 0 0 2 0 2 0 1 0 0 2 2 0 2 0 2 2 0 2 2 0 0 2 0 0 0 2 2 2 0 0 0 0 0 2 2 0 2 2 0 0 0 0 0 0 0 2 0 2 1 0 0 0 0 0 0 0 0 2 0 0 2 0 0 0 0 2 2 0 2 0 2 2 0 0 2 1 2 2 0 2 0 0 0 0 0 0 2 0 2 2 2 0 0 2 0 2 0 0 0 0 2 0 0
1616 0 2 2 2 2 2 2 2 2 0 2 2 2 2 2 2 2 2 0 2 2 2 2 2 2 2 2 2 2 0 2 2 2 2 2 2 2 2 2 2 2 2 2 2 0 2 2 2 2 2 2 2 2 2 2 2 2 2 2 2 2 2 2 2 2 2 2 2 2 2 2 2 2 2 2 0 2 2 2 2 2 2 2 2 2 2 2 2 2 2 2 2 2 2 2 2 2 2 2 2 2 2 2 2 2 2 2 2 2 2 2 2 2 2 2 2 2 2 2 2 2 2 2 2 2 2 2 2 2 2 2 2 2 1 2 2 2 2 2 2 0 2 2 2 2 2 2 2 2 2 2 2 2 2 2 2 2 2 2 0 2 2 2 2 2 2 2 2 2 0 2 2 2 2 2 2 2 2 0 0 2 2 2 2 2 2 2 2 2 2 2 2 2 2 2 2 2 2 2 2 2 2 2 2 2 2 2 2 2 2 2 2 2 2 2 2 2 2 2 2 2 2 2 2 2 2 2 2 2 2 2 2 0 2 2 2 2 0 2 2 2 2 2 2 2
1617 2 2 2 0 2 2 2 2 2 2 2 2 2 2 2 0 2 2 2 2 1 2 2 2 2 2 2 2 2 2 2 2 2 2 2 2 2 0 2 2 2 2 2 2 2 2 0 2 2 2 2 2 2 0 2 2 2 0 2 2 2 0 2 2 0 2 0 2 0 2 2 2 2 2 2 2 2 2 2 0 2 2 2 2 2 2 2 2 2 2 2 2 2 0 2 2 2 2 2 2 2 2 2 2 2 2 2 0 2 2 2 2 2 2 2 2 2 2 2 2 2 2 2 2 2 2 2 2 2 2 2 2 2 2 2 2 2 2 2 2 2 2 2 2 2 2 2 2 2 2 2 2 2 2 2 2 2 2 2 2 2 2 2 2 2 2 2 2 2 2 2 2 2 2 2 2 2 2 2 2 2 2 2 2 2 0 2 2 2 2 2 2 2 2 2 2 2 0 2 2 2 2 2 2 2 2 2 2 0 2 2 2 2 2 2 0 2 2 2 2 2 2 2 2 2 2 2 2 2 2 2 2 2 2 2 2 2 2 2 2 2 2 2 2 2
1618 2 2 2 2 0 2 2 2 2 2 2 0 0 2 2 2 2 2 2 2 2 0 2 2 2 0 2 0 2 2 2 0 0 2 2 2 2 2 2 2 2 2 0 0 2 2 2 2 2 2 2 2 2 2 2 2 2 2 2 2 0 2 2 2 2 0 2 2 2 2 0 2 2 2 2 2 2 0 2 2 2 2 2 2 2 2 2 2 2 2 2 2 2 2 2 0 0 2 2 2 2 2 2 2 2 2 2 2 2 0 2 2 0 2 2 2 2 2 2 0 2 2 2 0 2 2 2 2 2 2 2 2 2 0 2 2 2 2 2 2 2 2 2 2 0 2 2 2 2 2 2 2 0 2 2 2 2 0 2 2 2 2 0 2 2 2 2 2 2 2 2 2 2 2 2 2 2 2 2 2 2 2 2 2 2 2 2 0 2 0 1 2 2 2 2 2 2 2 2 2 2 2 2 2 2 2 2 2 2 2 2 2 2 0 2 2 2 2 2 2 0 2 2 2 2 2 2 2 2 2 2 2 2 2 2 2 2 2 2 2 2 2 2 2 2
1619 2 2 2 2 0 0 0 0 0 2 0 2 0 2 0 2 2 2 2 0 1 2 0 2 0 0 0 2 2 2 2 2 0 0 0 0 2 0 2 2 0 2 0 2 2 2 0 2 2 0 0 0 2 2 0 0 0 0 2 2 0 2 0 0 2 0 0 0 2 0 0 2 2 2 2 2 2 2 0 2 0 0 2 2 0 0 2 2 0 0 0 2 2 2 2 0 0 2 0 2 2 2 2 2 0 2 0 2 0 0 2 2 2 0 2 0 0 0 2 0 2 2 0 2 2 0 0 0 0 0 2 0 0 0 2 0 0 0 0 0 2 2 0 0 2 2 0 0 1 2 0 2 0 0 0 0 0 0 0 2 2 0 0 0 0 0 0 1 0 2 0 2 0 0 0 0 0 0 2 2 0 0 0 0 0 0 2 0 0 2 1 0 2 0 0 0 0 2 0 0 2 0 2 0 2 0 0 2 0 2 2 0 2 2 0 2 2 0 2 0 2 0 0 2 0 2 0 0 0 0 2 0 2 0 0 2 0 2 2 0 0 0 2 0 0
1620 2 2 2 2 2 2 2 2 2 2 2 2 2 2 0 2 2 2 2 2 2 2 2 2 2 2 2 2 2 2 2 2 2 2 2 2 2 2 2 2 2 2 2 2 2 2 2 2 2 2 2 2 2 2 2 2 2 2 2 2 2 2 2 2 2 2 2 2 2 2 2 2 2 2 2 2 2 2 2 2 0 2 2 2 2 2 2 2 2 2 0 2 2 2 2 2 2 2 2 2 2 2 2 2 2 2 2 2 0 2 2 2 2 2 2 2 2 2 0 2 2 2 2 2 2 2 2 2 2 0 2 2 2 2 2 2 2 0 2 2 2 2 2 0 2 2 2 2 1 2 2 0 2 2 2 2 2 0 0 2 0 2 2 2 2 2 2 2 0 2 2 2 2 2 2 2 2 2 2 2 2 2 2 2 2 2 0 2 2 2 2 2 2 2 0 2 2 2 0 2 2 2 2 2 2 0 2 2 2 2 0 2 2 2 2 2 2 2 2 2 2 2 2 2 2 2 2 2 2 2 2 2 2 2 2 2 2 2 0 0 2 2 2 2 2
1621 0 2 2 2 2 2 2 2 2 0 2 2 2 2 2 2 2 2 0 2 2 2 2 2 2 2 2 2 2 0 2 2 2 2 2 2 2 2 2 2 2 2 0 2 0 2 0 2 2 2 2 0 2 2 2 2 0 2 2 2 2 2 2 2 2 2 2 2 2 2 0 2 2 2 2 0 2 2 2 2 2 2 2 2 2 2 2 2 0 2 2 2 2 2 2 2 2 2 2 2 2 2 2 2 0 2 2 2 2 2 2 2 2 2 2 2 2 2 2 2 2 2 2 2 2 2 2 2 2 2 2 2 2 2 2 2 2 2 2 2 0 2 2 2 2 0 0 2 2 2 2 2 2 2 2 2 2 2 2 0 2 2 2 2 2 2 2 2 2 0 2 2 2 2 2 2 2 2 0 0 2 2 2 2 2 0 2 2 2 2 2 2 2 2 2 2 2 2 2 0 2 2 2 2 2 2 2 2 0 2 2 2 2 2 2 2 2 2 2 2 2 2 2 2 2 2 2 2 2 0 2 2 0 2 2 2 2 0 2 2 2 2 2 2 2
1622 0 2 0 2 2 2 2 2 0 0 2 2 2 2 0 2 2 0 0 2 2 2 2 2 2 2 0 2 0 0 2 2 0 2 2 1 2 2 2 2 2 0 2 2 0 0 2 0 0 2 2 2 2 2 2 2 2 2 0 0 2 2 2 2 2 2 2 2 2 2 2 2 2 2 2 0 0 2 2 2 0 2 0 2 2 2 0 2 2 2 0 2 0 2 2 0 2 2 2 0 2 2 2 2 2 2 0 2 0 2 2 2 2 0 2 2 2 2 2 0 2 2 2 2 2 2 2 2 2 0 2 0 2 0 2 2 2 0 2 2 0 2 2 0 2 2 2 0 1 2 2 0 2 0 2 2 2 0 0 0 0 2 2 0 0 2 0 2 2 0 2 2 2 2 0 2 2 0 0 0 2 2 2 0 2 2 2 2 0 2 1 2 2 2 0 2 2 2 0 2 2 2 2 2 2 0 2 2 2 2 0 2 0 2 2 2 2 2 2 2 2 2 2 2 2 2 2 2 2 2 2 2 0 0 2 2 2 0 2 0 2 0 2 0 0
1623 2 2 0 2 2 0 2 2 0 2 0 0 2 2 0 0 0 0 2 0 0 0 2 2 0 0 0 0 0 2 0 0 0 0 0 0 2 0 0 0 2 0 2 0 2 0 0 0 0 0 2 0 0 2 2 2 2 0 0 0 2 0 2 0 2 2 0 0 2 2 2 2 0 0 0 2 0 0 2 2 0 0 0 0 0 0 0 2 0 0 0 0 0 0 2 0 0 0 2 0 0 0 2 0 0 0 2 0 0 0 2 0 0 0 0 0 0 0 2 0 2 0 0 0 0 2 2 0 0 0 2 0 0 0 0 0 0 0 0 0 2 0 0 2 2 0 0 0 1 0 2 0 0 2 2 0 2 0 2 2 0 0 0 2 2 0 2 1 0 2 0 0 0 0 2 0 0 2 2 2 0 0 0 0 0 0 2 0 2 0 0 0 2 0 0 0 2 0 0 1 0 0 0 2 0 0 2 0 0 0 0 2 0 2 2 2 0 1 2 0 2 2 0 0 0 0 0 2 2 2 0 0 2 2 2 0 2 2 2 0 0 2 0 0 2
1624 2 2 2 2 2 2 2 2 0 2 2 2 2 0 2 2 2 2 2 2 2 2 2 0 0 2 2 2 2 2 2 2 2 0 2 2 2 2 2 2 2 2 2 0 2 2 2 2 2 2 2 2 2 0 2 2 2 2 2 2 2 2 0 2 0 2 2 2 2 2 2 2 2 2 2 2 2 2 2 2 2 0 2 2 2 2 2 0 2 2 2 2 2 2 2 2 2 2 2 2 2 2 2 2 2 2 2 2 2 2 2 2 2 2 2 2 2 2 2 2 2 2 2 0 2 2 2 2 2 2 2 2 2 2 2 2 2 2 2 2 2 2 2 2 2 2 2 2 2 2 2 2 2 2 2 2 2 2 2 2 2 2 2 2 2 2 2 2 2 2 2 2 2 2 2 2 2 2 2 2 2 2 2 2 2 2 2 2 2 2 2 2 0 2 2 2 2 2 2 2 2 2 2 2 2 2 2 2 2 2 2 2 2 2 2 0 2 2 2 2 2 2 2 2 2 2 2 2 2 2 2 2 2 2 2 2 2 2 2 2 2 2 2 2 2
1625 2 2 2 2 2 2 2 2 2 2 2 2 2 2 2 2 2 2 2 2 2 2 2 2 2 2 2 2 2 2 2 2 2 2 2 2 2 2 2 2 2 2 2 2 2 2 2 2 2 2 2 2 2 2 2 2 2 2 2 2 2 2 2 2 2 2 2 2 2 2 2 2 2 2 2 2 2 2 2 2 0 2 2 2 2 2 2 2 2 2 2 2 2 2 2 2 2 2 2 2 2 2 2 2 2 2 0 2 2 2 2 2 2 2 2 2 2 2 2 2 2 2 2 2 2 2 2 2 2 2 2 2 2 2 2 2 2 2 2 2 2 2 2 0 2 2 2 2 2 2 2 2 2 0 2 2 2 2 0 2 2 2 2 0 2 2 0 2 2 2 2 2 2 2 0 2 2 0 2 2 2 2 2 2 2 2 2 2 0 2 2 2 2 2 2 2 2 2 2 2 2 2 2 2 2 2 2 2 2 2 2 2 2 2 2 2 2 2 2 2 2 2 2 2 2 2 2 0 2 2 2 2 2 0 2 2 2 2 2 2 2 0 2 2 0
1626 0 0 0 0 0 0 0 0 0 0 0 0 0 0 0 0 0 0 0 0 0 0 2 0 2 0 0 0 0 0 0 0 0 2 0 1 2 0 0 2 0 2 2 2 0 0 2 2 0 0 0 0 0 2 2 2 0 0 0 0 0 2 2 2 2 0 0 0 0 2 2 0 0 0 0 0 0 0 0 2 0 0 2 0 0 0 0 2 2 0 0 0 2 2 0 0 0 2 0 0 0 0 0 0 1 2 0 0 0 0 2 0 0 0 0 2 0 2 2 0 0 0 2 2 0 0 0 2 0 2 0 2 0 0 2 2 0 0 2 2 0 0 0 0 0 0 0 0 0 2 2 0 0 0 2 0 2 0 0 0 0 0 0 0 0 0 0 1 0 0 0 0 2 2 0 0 2 0 0 0 0 0 2 0 2 0 0 0 0 2 2 0 2 0 2 0 2 2 0 2 2 0 0 0 2 2 0 0 2 0 0 2 0 0 2 2 0 1 0 2 0 2 0 2 0 0 0 0 2 2 0 0 0 0 2 2 0 0 2 0 0 0 0 0 0
1627 2 0 2 2 2 2 0 0 2 2 0 0 2 2 2 2 2 0 2 0 0 0 0 2 2 2 2 0 0 2 2 0 2 0 2 2 0 0 0 0 2 0 2 2 2 2 2 0 2 0 0 0 2 2 0 0 2 0 2 0 2 0 2 2 2 2 0 2 2 2 2 0 2 2 2 2 2 0 2 2 2 2 0 0 0 0 2 2 2 2 2 0 0 2 2 2 2 0 0 2 2 2 0 2 2 2 2 0 2 2 0 0 2 0 0 0 2 2 2 2 2 0 0 2 2 0 2 2 2 0 2 0 2 2 2 2 2 2 2 2 2 2 2 2 2 2 0 2 2 1 0 2 2 2 2 0 2 2 2 2 2 2 2 0 2 0 0 2 2 2 0 2 2 2 0 2 2 2 2 2 2 2 2 2 2 2 2 0 2 0 0 2 2 2 2 2 2 2 2 2 2 2 2 0 2 2 0 2 2 2 2 2 2 2 0 2 2 1 0 2 2 2 2 0 0 0 2 0 0 2 2 0 2 2 2 0 2 2 2 2 2 2 2 2 2
1628 2 2 2 0 0 2 2 2 2 2 2 2 0 2 2 2 0 2 2 2 2 2 2 2 2 2 2 2 2 2 2 2 2 2 2 2 2 2 2 2 0 2 2 0 2 2 2 2 2 2 2 2 0 0 2 2 2 2 2 2 0 2 0 2 0 0 2 0 0 2 2 2 2 0 0 2 2 2 2 0 2 0 2 2 2 2 2 0 2 2 2 2 2 2 0 2 2 2 2 2 0 2 2 2 2 2 2 2 2 2 2 2 0 2 2 2 2 0 2 2 2 2 2 0 2 2 0 2 2 2 0 2 2 2 2 2 2 2 2 2 2 0 2 2 0 2 2 2 1 2 2 2 2 2 2 2 2 2 2 2 2 2 2 2 2 2 2 1 0 2 2 2 2 2 2 2 2 2 2 2 2 2 2 2 2 2 2 2 2 2 2 2 0 2 2 2 2 2 2 2 2 2 0 2 2 2 2 0 2 2 2 2 2 0 2 0 0 2 2 2 0 2 0 2 2 2 2 2 2 2 0 2 2 2 2 2 2 2 2 2 2 2 0 2 2
1629 2 2 2 2 2 2 2 2 2 2 2 2 2 2 2 2 2 2 2 2 2 2 2 2 2 2 2 2 2 2 2 2 2 2 2 2 2 2 2 2 2 2 0 2 2 2 0 2 0 2 2 2 2 2 2 2 2 2 2 2 0 2 2 2 2 2 2 2 2 2 0 2 0 2 2 2 2 2 2 2 2 2 2 0 2 2 2 2 2 2 2 2 2 2 2 2 2 2 2 2 2 2 2 2 2 0 2 0 2 2 2 2 2 2 0 2 2 2 2 2 2 2 2 2 0 2 2 2 0 2 2 2 2 2 0 2 2 2 2 2 2 2 2 2 2 2 2 2 2 1 2 2 2 2 2 2 2 2 2 2 2 2 2 2 2 2 2 2 2 2 2 2 2 2 2 2 2 2 2 2 2 2 2 2 2 2 2 2 2 2 2 2 2 2 2 2 2 2 2 2 0 2 2 2 0 2 2 2 0 2 2 2 2 2 2 2 2 1 2 2 2 0 2 0 2 2 2 2 2 2 2 2 2 2 2 2 2 2 2 2 2 2 2 2 2
1630 0 2 0 0 0 2 0 2 0 0 0 0 0 0 0 2 2 0 0 0 0 0 0 0 2 2 2 0 0 0 0 0 0 2 0 2 0 2 2 0 0 0 0 0 0 0 0 0 0 0 0 0 0 0 0 0 0 2 0 0 0 0 0 2 0 0 2 0 0 0 0 0 0 0 2 0 0 0 0 0 0 0 0 0 0 2 0 0 0 0 0 2 0 0 0 0 0 0 2 0 2 0 2 0 0 0 0 2 0 0 0 0 0 2 0 0 0 0 0 0 0 0 0 0 0 0 0 0 2 2 0 0 0 0 0 0 0 0 2 0 0 0 0 0 0 0 0 0 1 0 0 2 0 0 0 2 0 0 0 0 2 0 0 0 0 2 0 2 0 0 2 0 0 0 0 0 2 0 0 0 0 0 0 2 0 0 0 0 0 0 0 0 0 0 0 0 2 0 0 0 0 0 0 0 0 0 0 2 0 0 2 0 0 0 0 0 0 1 0 2 0 2 0 0 2 0 0 0 0 2 2 0 0 0 0 0 0 0 0 0 0 0 2 0 0
1631 0 2 0 0 0 2 2 2 2 0 0 2 0 0 2 2 2 0 0 2 0 2 2 0 0 2 2 2 0 0 0 2 0 0 0 2 2 2 2 0 2 0 1 0 0 0 0 0 0 0 2 2 0 0 2 2 0 2 0 0 0 0 2 2 0 0 2 0 0 2 0 0 2 0 2 0 0 2 0 2 0 0 2 0 0 2 0 0 0 0 2 2 2 2 2 0 2 2 2 0 2 2 2 0 0 0 2 0 0 2 2 2 2 2 0 0 0 0 2 0 2 0 0 0 2 2 2 0 2 2 0 2 2 0 0 2 2 2 2 2 0 0 0 2 0 0 2 0 1 1 2 0 0 2 0 2 0 0 2 0 0 0 2 2 2 2 2 1 0 0 2 0 2 0 2 2 2 2 0 0 0 0 0 2 0 0 2 0 2 0 1 0 0 0 2 2 2 2 2 0 0 2 2 2 0 2 2 0 0 0 0 2 0 0 2 0 2 2 2 2 0 2 0 2 2 0 0 2 2 0 0 0 0 2 2 0 0 0 2 2 0 0 2 2 0
1632 2 2 2 2 2 2 0 2 2 2 2 2 2 2 2 2 2 2 2 2 2 2 2 2 2 2 2 2 2 2 2 2 2 2 2 2 0 2 2 2 2 2 2 2 2 2 2 2 2 2 2 2 2 2 2 2 2 2 2 2 2 2 2 2 2 2 2 2 2 0 2 2 2 2 2 2 2 2 2 2 2 2 2 2 2 2 2 2 2 2 2 2 2 0 2 2 2 2 2 2 2 2 2 2 2 2 2 2 2 2 0 2 2 2 2 2 2 2 0 2 2 2 2 2 2 0 2 2 2 2 2 2 2 2 2 2 2 2 2 2 2 2 2 2 2 2 2 2 2 2 0 2 2 2 2 2 2 2 2 2 2 2 2 2 2 2 2 2 2 2 2 0 2 2 2 0 2 2 2 2 2 2 0 2 2 2 0 2 2 2 2 2 2 2 2 2 2 0 2 2 2 2 2 0 2 2 0 2 2 2 2 0 2 2 0 2 2 2 0 2 2 2 2 2 2 2 2 2 2 2 2 2 2 2 0 2 2 2 0 2 2 2 2 2 2
1633 2 2 2 2 2 2 2 0 2 2 0 2 2 2 2 2 2 2 2 2 2 2 2 2 0 2 0 2 2 2 2 2 2 0 2 1 2 2 2 2 2 2 2 2 2 2 2 2 2 2 0 2 2 2 2 2 2 2 2 2 2 2 2 2 2 2 2 2 2 2 2 2 2 2 2 2 2 2 2 2 2 2 2 2 2 0 2 2 2 2 2 2 2 2 2 2 2 2 0 2 2 2 2 2 2 2 2 2 2 2 2 2 2 2 2 2 2 0 2 2 2 2 2 2 2 2 2 2 0 2 2 2 2 2 2 2 2 2 2 2 2 2 2 2 2 2 2 2 2 2 2 0 0 2 2 0 2 2 2 2 0 2 2 2 2 0 2 2 2 2 2 2 2 1 2 2 2 2 2 2 2 2 2 0 2 2 2 2 2 2 2 2 2 2 2 2 2 2 2 2 2 2 2 2 2 2 2 2 2 2 0 2 2 2 2 2 2 2 2 2 2 2 2 2 2 2 2 2 2 0 2 2 2 2 2 2 2 2 2 2 2 2 2 2 2
1634 0 2 0 0 0 0 0 2 0 0 0 0 0 2 0 2 0 0 2 2 2 0 0 2 2 2 0 0 0 2 0 0 0 2 0 2 0 2 0 2 2 0 2 0 0 0 2 0 0 2 2 0 0 0 0 0 0 2 0 0 0 0 0 2 0 0 2 0 0 0 0 0 0 0 0 2 0 0 2 2 0 0 0 2 0 0 0 0 0 0 0 0 0 0 0 0 2 2 2 0 0 0 2 2 0 0 0 2 0 2 0 0 0 0 2 0 0 2 0 0 0 0 0 0 0 0 2 0 0 2 0 0 0 0 0 0 0 0 2 0 0 0 0 0 0 2 0 0 0 1 0 2 2 0 0 0 2 2 0 0 2 0 2 0 0 0 0 2 0 0 0 0 0 2 0 0 2 0 0 0 2 0 0 0 2 0 0 0 0 2 2 2 0 0 0 0 2 0 0 0 0 0 2 0 0 0 0 2 2 0 2 0 0 0 0 0 2 1 0 2 0 2 0 2 0 2 2 0 2 2 2 0 0 0 0 0 0 0 0 0 0 0 0 0 0
1635 2 0 2 2 2 2 2 2 2 2 2 2 2 2 2 2 2 2 2 2 2 2 2 2 2 0 2 2 2 2 2 2 2 2 2 2 2 0 2 2 2 2 2 2 2 2 2 2 2 2 2 2 2 2 2 2 2 0 2 2 2 2 2 2 2 2 0 2 2 2 2 2 0 2 2 2 2 2 2 2 2 2 2 2 2 2 2 2 2 2 2 2 2 2 2 2 2 2 2 2 2 2 0 2 2 2 2 2 2 2 2 2 2 0 0 2 2 2 2 2 2 2 2 2 2 2 2 2 2 2 2 2 2 2 2 2 2 2 2 2 2 2 2 2 2 2 2 2 2 2 2 2 2 2 2 2 2 0 2 0 2 2 2 2 2 2 2 2 2 0 2 2 2 2 2 2 2 2 0 2 2 2 2 2 2 2 2 2 2 2 2 2 2 2 2 2 2 2 2 2 2 2 2 2 2 2 2 0 2 2 2 2 2 2 2 2 2 2 2 2 2 2 2 2 2 2 2 2 2 2 0 2 2 2 2 0 2 2 2 2 2 2 2 2 2
1636 0 0 2 0 0 0 0 0 0 0 0 0 0 0 0 0 0 0 0 0 1 0 2 0 0 0 0 0 0 0 0 0 0 0 0 0 0 0 0 0 0 0 0 0 0 2 0 0 2 0 0 2 0 0 2 2 2 0 2 2 0 0 0 2 0 0 0 0 0 0 0 0 0 0 0 0 2 0 0 0 0 0 2 0 0 0 2 0 0 0 0 0 2 0 0 0 0 0 0 2 0 0 0 2 0 0 0 0 0 0 0 2 1 0 0 0 0 0 0 0 0 0 0 0 0 0 0 0 0 0 0 2 0 0 0 0 0 0 0 0 0 0 0 0 0 0 0 0 0 0 0 0 0 0 2 0 0 0 0 0 1 0 0 0 0 0 0 0 0 0 0 0 0 0 0 0 0 0 0 0 0 0 0 0 0 0 0 0 0 0 1 0 0 0 0 0 0 0 0 0 0 0 0 0 0 0 0 0 0 0 0 0 2 0 0 0 0 0 0 0 0 0 0 2 0 0 0 0 0 0 0 0 0 0 0 0 0 0 0 0 0 0 0 0 0
1637 2 2 2 2 2 2 2 2 2 2 2 2 2 2 2 2 2 2 2 2 1 2 2 2 2 2 2 2 2 2 2 2 2 2 2 2 2 2 2 2 2 2 1 2 2 2 0 2 2 0 2 2 2 2 2 2 2 2 2 2 2 2 2 2 2 2 2 2 2 2 0 2 2 2 2 2 2 2 2 2 2 0 2 0 2 2 2 2 2 2 2 2 2 2 2 2 2 2 2 2 2 2 2 2 2 0 2 2 2 2 2 2 2 2 2 2 2 2 2 2 2 2 2 2 2 2 2 2 2 2 0 2 2 2 2 2 2 2 2 2 2 2 2 2 2 2 0 2 2 0 2 2 0 2 2 2 2 2 2 2 2 2 2 2 2 2 2 2 0 2 2 2 2 2 2 2 2 2 2 2 2 0 2 2 2 2 2 2 2 2 2 2 2 2 2 2 2 2 2 2 2 2 2 2 2 2 2 2 0 0 2 2 2 2 2 2 2 2 2 2 2 2 2 2 2 2 2 2 0 0 2 2 2 2 2 0 2 2 2 2 2 2 2 2 2
1638 2 0 2 0 0 0 0 0 2 2 2 2 0 2 2 0 2 2 2 2 1 2 2 2 2 0 0 2 2 2 2 2 0 0 2 0 0 0 0 2 2 2 1 0 2 2 2 2 0 2 0 0 2 0 2 2 0 0 2 0 2 0 0 2 0 0 0 0 2 2 2 0 0 2 2 2 2 2 0 0 2 2 2 2 0 0 2 0 0 2 2 0 2 0 0 0 0 0 0 2 2 2 0 0 0 2 0 0 2 0 0 2 0 2 0 0 2 0 0 0 2 0 0 0 0 0 0 2 2 0 2 2 0 0 0 0 2 2 2 2 2 2 2 2 2 2 2 2 1 2 2 0 2 0 2 0 0 2 2 0 2 2 0 2 2 0 0 1 2 0 2 2 2 0 0 0 2 0 0 2 2 2 2 0 0 2 0 0 0 2 2 2 0 0 2 0 0 0 2 0 0 2 0 0 0 2 0 2 2 2 0 0 2 2 2 0 0 0 2 2 0 0 0 0 2 0 2 0 2 0 2 0 2 0 0 2 0 2 0 2 2 0 2 2 2
1639 0 2 2 2 2 2 2 2 2 0 0 2 2 2 2 2 2 2 0 0 2 2 2 2 2 2 2 2 2 0 2 2 2 2 2 2 2 2 0 2 2 0 1 0 0 2 0 0 2 2 2 0 2 2 2 2 2 2 2 2 0 2 2 2 2 2 2 2 2 2 0 0 2 2 2 0 2 2 2 0 2 0 2 0 2 2 2 2 2 2 2 0 2 2 2 2 2 2 2 2 2 2 2 2 2 2 2 2 2 2 2 2 0 0 2 2 2 2 2 2 2 0 2 0 2 2 2 2 2 2 2 2 2 2 2 2 2 2 2 2 0 2 2 2 2 0 0 2 2 2 2 0 0 2 2 2 0 2 2 2 2 2 2 2 2 2 2 2 2 2 0 2 2 2 2 2 2 2 2 0 2 2 2 2 2 2 2 2 2 2 2 2 2 2 2 2 2 2 2 1 2 2 2 2 2 2 2 2 0 2 0 2 2 2 2 2 2 2 2 2 2 2 2 2 0 2 2 2 2 2 2 2 0 2 2 0 0 0 2 2 2 2 2 2 2
1640 0 0 0 0 0 2 0 0 0 0 0 0 0 2 0 0 0 0 0 0 0 0 0 2 0 2 0 0 0 0 0 0 0 0 2 0 0 0 0 0 2 0 0 0 0 0 0 0 0 0 0 0 2 0 0 0 0 0 0 0 0 0 0 2 0 0 0 0 2 0 0 0 0 2 0 0 0 0 0 2 0 0 0 2 2 0 0 0 2 2 0 0 0 2 2 0 0 0 0 0 0 0 0 0 2 0 0 0 0 0 0 0 0 0 0 0 2 0 0 0 0 0 0 0 2 0 0 0 0 0 0 0 0 0 0 0 0 0 2 0 0 2 0 0 0 0 0 0 1 0 2 0 0 0 0 0 0 2 0 0 2 2 0 0 2 0 0 2 2 0 0 0 0 2 0 0 2 0 0 0 0 0 0 0 2 0 0 0 0 2 1 0 0 0 0 0 0 2 0 2 0 0 0 0 0 0 0 2 0 0 0 2 0 0 0 0 0 1 0 2 0 2 0 0 0 2 0 0 2 0 2 2 0 2 2 0 2 0 0 0 2 0 0 0 0
1641 2 0 0 2 2 2 0 0 0 2 0 2 2 2 0 0 0 0 2 0 2 2 0 2 0 0 0 2 0 2 0 2 0 0 2 0 2 0 2 0 0 2 2 0 2 0 0 2 0 2 0 0 0 0 0 0 0 0 0 2 0 2 0 0 2 2 0 0 2 0 2 0 0 0 0 2 0 2 2 2 0 0 0 2 2 0 0 2 0 2 2 2 0 0 2 0 0 2 0 0 0 0 0 0 0 0 0 0 0 0 2 0 0 0 0 0 2 2 0 0 0 0 2 0 2 0 0 0 0 0 0 0 0 0 0 0 0 0 2 0 2 2 0 0 2 0 2 0 1 2 0 0 2 0 0 0 0 2 0 0 0 0 0 0 0 0 0 1 2 0 2 0 0 2 0 0 2 0 0 2 0 0 0 0 2 0 2 2 0 2 1 0 2 0 2 0 2 0 0 0 0 2 0 0 0 0 0 2 0 0 0 0 0 2 2 2 0 1 2 2 2 2 0 0 2 2 0 2 2 0 2 2 2 0 0 0 2 2 0 0 2 0 0 0 0
1642 0 0 2 2 0 0 0 0 0 0 0 0 0 0 2 2 2 2 0 0 0 0 0 0 0 0 0 0 2 0 2 0 0 0 0 0 0 0 0 2 2 0 0 0 0 2 0 0 2 0 0 2 0 2 0 0 0 0 2 2 2 0 0 0 0 0 0 2 0 0 0 0 0 0 2 0 2 0 0 0 0 2 2 0 2 0 2 0 0 0 2 0 2 0 0 0 0 0 0 2 0 0 0 2 0 0 2 0 2 0 0 0 2 0 2 0 0 0 0 0 2 0 0 0 0 0 2 2 2 0 2 0 0 0 0 0 0 2 0 2 0 2 2 2 0 0 0 0 1 0 0 0 0 2 2 0 2 0 2 2 0 0 0 0 2 0 2 0 0 2 0 0 2 0 2 0 0 2 2 0 0 0 2 0 0 2 0 2 0 0 0 0 0 2 0 0 2 0 0 0 0 2 2 0 0 2 0 0 0 0 0 0 2 0 0 0 2 0 0 0 0 0 2 0 0 0 0 2 0 0 0 2 0 0 0 0 0 0 0 0 0 2 2 0 2
1643 2 2 0 2 2 2 2 2 0 2 2 2 2 2 2 2 2 0 2 2 2 2 2 2 2 2 2 2 0 2 0 2 2 2 2 2 2 2 2 2 2 2 2 2 2 0 2 2 0 2 2 2 2 2 2 2 0 2 0 2 0 2 0 2 2 2 2 2 2 2 2 2 2 2 2 2 0 2 2 2 2 2 2 2 2 2 1 2 2 2 2 2 2 2 2 2 2 2 2 0 2 2 2 0 2 2 2 2 2 2 2 2 2 2 0 2 2 2 2 2 2 2 2 2 2 2 0 2 2 2 2 2 2 2 2 2 2 2 2 2 2 2 2 2 2 2 2 2 1 2 2 2 2 2 2 2 2 2 2 2 2 2 2 2 2 2 2 1 2 2 2 2 2 2 2 2 2 2 2 2 2 2 2 2 2 2 2 2 2 2 2 2 2 2 2 2 2 2 2 2 2 2 2 2 2 2 2 2 2 2 2 2 0 2 2 2 2 2 2 2 2 2 2 2 2 2 2 0 2 2 2 2 2 2 2 2 2 2 2 2 2 2 2 2 2
1644 2 0 2 2 2 2 2 0 2 2 2 2 2 2 2 2 2 2 2 2 2 2 2 2 2 2 2 2 2 2 2 2 2 2 2 1 2 2 2 2 2 2 2 2 2 2 2 2 2 2 2 2 0 2 2 2 2 2 2 2 2 2 2 0 2 2 2 2 0 2 2 2 2 0 2 2 2 2 2 2 2 2 2 2 2 2 2 0 2 2 2 2 2 2 2 2 2 2 0 2 2 2 0 2 2 2 2 2 2 2 2 2 2 2 2 2 2 0 2 2 2 2 0 2 2 2 2 2 2 2 2 2 2 2 2 2 2 2 0 2 2 2 2 2 2 2 2 2 2 2 2 0 2 2 2 2 2 2 2 2 2 2 2 2 2 2 2 1 2 2 2 2 2 2 2 2 0 2 2 2 2 2 2 2 2 2 2 2 2 2 2 2 0 2 2 2 2 2 2 2 2 2 2 2 2 2 2 2 2 2 0 2 2 2 2 2 2 2 2 0 0 2 2 2 2 2 2 2 2 2 2 2 2 2 2 2 2 2 2 2 2 2 2 2 2
1645 2 2 2 2 2 0 0 2 2 2 2 2 2 2 2 2 2 2 2 2 2 2 2 2 2 2 2 2 2 2 2 2 2 2 2 2 2 2 2 2 2 2 2 2 2 2 0 2 2 2 2 2 2 0 2 2 2 2 2 2 2 2 2 2 2 2 2 2 2 2 2 2 2 2 2 2 2 2 2 2 2 0 2 2 0 2 2 2 2 2 2 2 2 2 2 2 2 2 2 2 2 2 2 2 2 2 2 2 2 2 2 2 2 2 2 2 2 2 2 2 2 2 2 2 2 0 2 2 2 2 2 2 2 2 2 2 2 2 2 2 2 2 2 2 2 2 0 2 1 2 2 2 2 2 2 2 2 2 2 2 2 2 2 2 2 2 2 2 2 2 2 2 2 2 2 2 2 2 2 2 2 2 2 2 2 2 0 0 2 2 2 2 2 2 2 2 2 2 2 2 2 2 2 2 2 2 2 2 0 2 2 2 2 2 2 2 2 2 2 2 2 2 2 0 2 2 2 2 2 2 2 0 2 2 2 2 2 2 2 2 2 2 2 2 2
1646 0 0 0 0 0 0 0 0 0 0 0 0 0 0 0 0 0 0 0 0 0 0 0 0 2 2 2 0 0 0 0 0 0 0 2 1 0 0 0 0 0 2 0 0 0 0 0 2 0 0 2 0 0 0 0 0 0 0 0 0 0 0 2 0 0 0 0 0 0 0 0 0 2 0 0 0 0 0 0 0 0 0 0 2 0 2 0 0 0 2 2 0 0 2 0 0 2 0 0 0 0 0 0 0 0 2 0 0 2 0 0 0 0 0 0 0 0 0 2 0 0 0 0 0 0 0 0 0 0 0 0 0 2 0 0 2 2 0 0 2 0 0 2 0 0 2 0 2 0 2 0 0 0 0 0 2 0 0 0 0 0 0 2 0 2 2 0 0 0 0 0 2 2 0 0 0 0 0 0 0 0 0 0 2 0 0 0 0 0 0 0 0 0 0 2 0 0 2 0 0 0 2 0 0 0 0 0 0 0 2 2 2 0 0 2 0 0 0 2 0 0 0 0 0 0 0 0 0 0 0 0 0 0 2 2 0 2 0 2 0 0 0 2 0 0
1647 2 0 2 2 0 0 0 0 2 2 2 2 0 2 0 2 0 2 2 2 2 2 2 2 0 0 2 2 2 2 2 2 2 0 0 2 0 0 2 2 2 2 2 0 2 2 2 2 2 2 2 2 2 2 2 2 2 0 2 2 2 2 2 2 2 0 0 2 2 2 2 2 0 2 0 2 2 2 0 0 0 2 0 2 2 2 2 0 2 0 2 2 0 0 0 2 0 2 0 2 2 0 0 2 0 2 0 0 0 0 0 0 2 2 2 2 2 0 0 2 0 2 0 0 0 0 2 0 0 2 2 0 2 2 2 2 2 0 2 2 2 0 0 0 0 2 2 0 0 2 2 2 2 0 2 2 2 0 0 2 2 2 0 2 0 0 2 2 2 2 2 0 2 2 2 0 2 0 2 2 0 2 0 2 2 2 0 2 0 2 1 0 0 2 0 0 0 0 2 2 2 2 0 2 2 0 2 0 2 2 2 2 2 0 0 2 0 2 2 2 2 2 2 2 2 2 0 0 2 2 0 2 2 2 2 0 2 2 0 2 2 2 0 2 0
1648 2 2 2 2 2 2 2 0 2 2 2 2 2 2 2 2 2 2 2 2 2 2 2 2 2 2 2 2 2 2 2 2 2 0 0 2 2 2 2 2 2 2 2 2 2 2 2 2 2 2 2 2 2 2 2 2 2 2 2 2 2 2 2 2 2 2 2 2 2 2 2 2 2 2 2 2 2 2 2 2 2 2 2 2 2 2 2 2 2 0 0 2 2 2 2 2 2 2 0 2 2 2 2 2 2 2 2 2 2 2 2 2 2 2 2 2 2 2 2 2 2 2 2 2 2 2 2 2 0 2 2 2 2 2 2 2 0 2 2 0 2 2 2 2 2 2 2 0 2 2 2 2 2 2 2 2 2 2 2 2 2 2 2 2 2 0 0 2 2 2 2 0 0 2 0 2 2 2 2 2 2 2 2 2 2 2 2 2 2 2 2 2 2 2 2 2 2 2 2 2 2 0 2 2 2 2 2 2 2 2 2 2 2 2 2 2 2 2 2 2 2 2 2 2 2 2 2 2 2 2 2 2 2 2 2 2 2 2 2 2 2 2 2 2 2
1649 2 2 2 2 2 2 0 2 2 2 2 2 2 2 0 2 2 2 2 2 2 2 2 2 0 2 0 2 2 2 2 2 0 2 2 0 2 2 2 2 2 2 2 2 2 2 2 2 2 2 2 2 0 2 2 2 2 2 2 2 0 2 2 0 2 2 2 2 0 2 2 2 2 0 2 2 2 2 2 2 2 2 2 2 2 0 2 2 2 2 2 2 2 2 0 0 0 0 2 2 2 2 2 2 2 0 0 2 2 2 2 2 2 2 2 0 2 2 2 0 0 2 2 2 2 0 2 0 2 2 2 2 0 0 0 0 2 0 0 2 2 2 0 2 2 2 2 2 1 0 2 2 2 2 0 2 2 2 2 0 2 2 0 2 0 2 2 1 2 0 2 2 2 2 2 2 0 2 0 2 2 0 0 0 2 0 2 2 2 2 2 2 2 0 2 0 2 2 2 2 0 2 2 2 0 2 2 2 2 0 2 0 2 2 2 2 2 2 0 0 2 2 2 2 2 2 2 0 2 2 2 2 2 0 0 2 0 2 2 2 2 2 0 2 2
1650 2 2 2 2 0 0 2 0 2 2 2 2 0 2 0 0 0 2 2 2 2 2 2 2 0 0 0 2 2 2 2 2 0 0 0 1 0 2 2 2 2 2 2 0 2 2 0 2 2 2 2 0 2 0 2 2 0 2 2 2 2 2 0 2 0 0 2 0 2 2 2 2 2 2 0 2 2 2 0 0 0 0 2 2 0 0 2 2 0 0 0 2 2 0 2 0 0 0 0 2 0 0 2 2 2 0 0 0 0 2 0 0 2 2 2 2 2 2 0 0 1 2 2 0 0 2 2 0 0 0 2 0 0 0 0 0 0 0 2 0 2 0 0 2 2 2 2 0 1 0 2 0 2 0 0 0 0 0 2 2 0 0 0 0 0 0 0 2 2 2 0 0 0 0 0 2 2 0 2 2 0 0 0 0 0 0 0 0 0 2 1 0 2 2 0 0 0 0 2 1 0 0 0 2 0 0 0 0 0 0 2 0 2 2 0 2 2 2 0 2 0 2 0 2 0 2 0 0 0 0 0 0 2 0 0 2 0 2 0 2 2 2 0 2 0
1651 2 2 2 2 0 0 2 2 2 2 2 2 0 2 2 0 0 2 2 2 2 2 2 2 0 2 0 2 2 2 2 2 0 2 2 1 0 2 2 2 2 2 2 2 2 2 0 2 2 2 2 2 2 2 2 2 2 2 2 2 2 2 2 2 2 0 2 2 2 2 2 2 2 2 0 2 2 2 0 2 0 2 2 2 0 0 2 2 2 2 2 2 2 2 2 0 0 0 2 2 0 2 2 2 2 0 0 0 0 2 0 0 2 2 2 2 2 2 2 0 2 2 2 2 0 2 2 0 2 0 2 0 2 0 2 0 0 2 2 2 2 0 2 2 2 2 2 2 1 0 2 2 2 0 0 2 2 0 2 2 2 2 0 0 0 2 0 2 2 2 2 2 2 2 0 2 2 0 2 2 2 2 2 0 2 2 2 0 2 2 2 2 2 2 0 2 2 2 2 2 0 2 2 2 2 0 2 0 0 0 2 0 2 2 0 2 2 2 0 2 2 2 2 2 2 2 2 0 2 2 0 0 2 2 0 2 0 2 2 2 2 2 2 2 0
1652 0 2 2 2 2 2 2 0 2 0 2 2 2 2 2 2 2 2 0 2 2 2 2 2 2 2 2 2 2 0 2 2 2 2 2 2 2 2 2 2 2 2 2 2 0 2 2 2 2 2 2 2 2 2 2 2 2 2 2 2 2 2 2 2 2 2 2 2 2 0 2 2 0 2 2 0 2 2 2 2 2 2 0 2 2 2 2 2 2 2 0 2 0 2 2 2 2 2 0 2 2 0 2 2 2 2 2 2 2 2 2 2 2 2 2 2 0 2 2 2 2 2 2 2 2 2 2 2 0 2 2 2 2 2 2 2 2 2 2 0 0 2 2 2 2 2 2 0 2 2 0 2 2 2 2 2 2 2 2 2 2 2 2 2 2 2 2 2 2 2 2 2 0 2 2 2 2 2 2 0 0 2 2 2 2 2 2 2 2 2 2 0 2 2 2 2 2 2 2 2 2 0 2 0 2 2 2 2 2 2 2 2 2 2 2 2 2 2 2 2 2 2 2 2 2 2 0 2 2 2 2 2 0 2 2 2 2 0 2 2 0 2 2 2 2
1653 0 0 0 0 0 0 0 2 0 0 0 0 0 2 2 0 0 0 0 0 0 0 2 2 0 0 2 0 0 0 0 0 0 2 0 1 0 0 0 0 0 0 0 0 0 0 0 0 0 0 2 2 0 2 2 2 2 0 0 0 0 0 0 0 0 0 0 0 0 0 0 0 2 0 0 0 0 0 2 0 0 2 0 0 0 2 0 0 2 0 2 0 0 0 0 0 0 0 2 0 0 2 0 0 2 0 2 2 0 0 0 0 0 0 0 0 0 0 0 0 0 2 0 0 0 0 0 0 2 0 0 0 0 0 0 2 0 2 0 2 0 0 0 0 2 0 0 2 1 0 0 2 0 0 0 2 2 0 0 0 2 0 0 0 0 0 0 0 0 0 2 0 2 2 0 0 0 0 0 0 2 0 2 2 2 0 0 0 0 2 1 2 0 0 0 0 0 0 0 1 0 2 0 0 0 0 0 0 0 0 0 2 0 2 2 2 0 0 2 0 0 0 0 0 2 2 2 0 0 2 0 0 0 0 2 2 0 0 0 0 0 0 0 0 0
1654 2 2 0 2 2 2 2 2 2 2 2 2 2 2 2 2 2 2 2 2 0 2 2 2 2 2 2 2 2 2 0 2 0 2 0 2 2 2 2 0 2 2 2 2 2 0 2 2 2 0 2 2 2 2 2 2 2 2 0 0 2 2 2 2 0 2 2 0 2 2 2 2 2 2 2 2 0 2 2 2 0 2 0 2 2 2 0 2 2 0 2 2 0 2 2 0 2 2 2 0 0 2 2 2 2 2 2 2 2 2 2 2 2 2 2 2 2 2 2 0 2 2 2 2 2 2 2 2 2 2 2 2 2 0 2 2 0 2 2 2 2 0 2 2 2 2 2 2 2 2 2 2 2 2 2 2 2 2 2 2 2 2 2 2 2 2 2 2 0 2 2 0 2 2 2 0 2 2 2 2 2 2 2 2 2 2 2 2 0 2 2 2 2 2 0 2 2 2 2 2 2 2 2 2 2 0 2 2 2 2 2 2 0 2 2 2 2 2 2 2 0 2 0 2 2 2 2 0 2 2 2 2 2 0 2 2 2 2 2 2 2 2 2 2 2
1655 0 0 2 2 2 2 2 2 2 2 2 2 2 2 2 0 2 0 2 2 2 2 0 2 0 0 2 2 0 2 2 2 2 2 2 2 2 2 0 2 2 2 0 2 0 2 2 2 2 2 2 0 2 2 0 0 2 2 2 2 2 2 0 2 2 2 2 2 2 2 0 2 0 2 2 2 2 2 2 2 2 2 0 2 0 2 2 2 0 2 2 0 0 2 2 2 0 2 2 2 2 2 0 2 2 2 2 2 2 2 2 2 2 2 2 2 2 0 2 2 2 2 0 2 2 2 2 2 2 0 2 2 2 2 2 2 2 2 2 2 0 2 2 2 2 2 2 2 2 2 2 2 0 2 2 2 2 2 1 2 2 2 0 2 2 2 2 2 2 2 2 2 2 2 2 2 2 2 2 2 2 2 2 2 2 2 2 0 2 2 2 2 2 2 2 2 2 2 2 2 2 2 2 2 2 2 2 2 2 2 2 2 2 2 2 2 2 2 2 2 2 2 2 2 2 2 2 2 2 2 2 0 2 2 2 2 2 2 2 2 2 2 2 2 2
1656 2 2 2 2 0 2 0 2 2 2 2 2 0 2 2 2 2 2 2 2 2 2 2 2 2 2 2 2 2 2 2 2 0 2 2 2 0 2 2 2 2 2 2 2 2 2 2 2 2 2 2 2 2 2 2 2 2 2 2 2 2 2 2 2 2 0 2 2 2 2 2 2 2 2 2 2 2 2 0 2 2 2 2 0 2 2 2 2 2 2 2 2 2 2 2 0 2 2 2 2 2 2 2 2 2 2 2 0 2 2 0 0 2 2 2 2 2 2 2 0 2 0 2 2 0 0 2 2 2 2 2 0 2 0 2 2 2 2 2 2 2 2 2 2 2 2 2 2 2 2 2 2 2 2 2 2 2 2 2 2 2 2 2 2 2 2 2 2 2 2 2 2 2 2 2 2 2 2 2 2 2 2 2 2 2 2 2 2 2 2 2 2 2 2 2 2 2 2 2 2 2 2 2 2 2 2 2 2 2 2 2 2 2 2 2 2 2 2 2 2 2 2 2 0 2 2 2 2 2 2 2 2 2 2 2 2 2 2 2 2 2 2 2 2 2
1657 2 0 2 2 2 2 2 2 2 2 2 0 2 2 0 2 2 2 2 2 2 0 2 2 0 2 2 0 2 2 2 0 2 0 0 2 2 2 2 2 2 2 1 0 2 2 0 2 2 2 2 0 2 0 2 2 2 2 2 2 2 2 2 2 2 2 2 2 2 2 0 2 2 2 2 2 2 0 2 2 2 2 2 2 2 2 2 2 2 0 2 2 2 2 0 2 0 2 2 2 2 2 0 2 2 2 2 2 2 2 2 2 0 2 2 2 2 2 2 2 0 2 2 0 2 2 2 2 2 2 2 2 2 2 2 2 2 0 2 2 2 2 2 2 2 2 2 2 1 2 2 2 0 2 2 2 2 0 1 2 2 2 0 2 2 2 2 2 2 2 0 0 2 2 2 2 2 2 2 2 2 2 0 2 2 2 2 2 2 2 2 2 2 0 2 2 2 2 2 2 2 2 0 2 2 2 2 0 0 2 2 2 2 2 2 2 0 2 2 2 2 2 2 2 0 2 2 2 2 2 0 2 2 2 2 2 2 2 2 2 2 2 2 2 2
1658 2 2 0 2 2 2 2 0 0 2 2 2 2 2 2 2 2 2 2 2 2 2 2 2 2 2 0 2 2 2 2 2 2 2 2 1 2 2 2 2 2 0 2 2 2 0 2 0 2 2 2 2 2 2 2 2 2 2 0 2 2 2 2 2 2 2 2 2 2 2 2 2 2 2 2 2 0 2 2 2 2 2 2 2 2 0 0 2 2 2 2 2 2 2 2 2 2 2 0 0 2 2 2 2 2 2 2 2 2 2 2 2 2 2 2 2 2 2 2 2 2 2 2 2 2 2 2 2 2 2 2 2 2 2 2 0 2 2 2 2 2 2 2 2 2 2 2 2 2 2 2 2 2 2 2 2 2 2 2 2 2 2 2 2 2 2 2 2 2 2 2 2 2 2 2 2 2 2 2 2 2 2 2 0 2 2 2 2 2 2 2 2 2 2 2 0 2 2 2 2 2 2 2 2 2 2 2 2 2 2 2 2 0 2 2 2 2 2 2 2 2 2 2 2 2 2 2 2 0 2 2 2 2 2 2 2 2 2 2 2 2 2 2 2 2
1659 2 2 2 2 2 2 2 2 2 2 2 2 2 2 2 2 2 2 2 2 2 2 2 2 2 2 0 2 2 2 2 2 2 2 0 2 2 2 2 2 2 2 1 2 2 2 2 2 2 2 2 2 2 2 2 2 2 2 2 2 2 2 2 2 2 2 2 2 2 2 0 2 2 2 2 2 2 2 2 2 2 2 2 2 2 0 2 2 2 0 2 2 2 2 2 2 2 0 2 2 0 0 2 2 2 0 2 2 2 2 2 2 2 2 2 2 2 2 2 2 2 2 2 2 2 2 2 2 2 2 2 2 2 2 2 0 2 2 2 2 2 2 2 2 2 2 2 2 2 0 2 2 0 2 2 2 2 2 2 2 2 2 2 0 2 2 2 2 2 2 2 2 2 2 2 2 2 2 2 2 2 2 2 0 2 2 2 2 2 2 2 2 2 2 2 0 2 2 2 1 0 2 2 2 2 2 2 2 2 0 2 2 2 2 2 2 2 2 2 2 2 2 2 2 2 2 2 2 2 2 2 2 2 2 2 2 2 2 2 2 2 2 2 2 2
1660 2 2 2 2 2 2 2 2 2 2 2 2 2 2 2 2 2 2 2 2 2 2 0 2 2 2 2 2 2 2 0 2 2 2 2 1 2 2 2 2 2 2 2 0 2 2 0 2 2 2 2 2 0 0 0 0 0 2 2 2 2 2 2 0 0 2 2 2 0 2 2 2 2 0 2 2 2 2 2 2 2 0 2 2 2 2 2 0 2 2 2 2 2 2 2 2 2 2 2 2 2 2 2 2 2 2 2 2 2 2 2 2 2 2 2 2 0 2 2 2 0 2 2 0 2 2 2 2 2 2 2 2 2 2 2 2 2 2 2 2 2 2 2 0 2 2 2 2 1 2 0 2 2 2 2 2 2 2 0 2 0 2 2 2 2 2 2 2 0 2 2 2 2 2 2 2 2 2 2 2 2 2 2 2 2 2 2 2 0 2 1 2 0 0 2 2 2 2 2 2 2 2 2 0 2 2 2 2 0 2 2 2 2 2 0 2 2 1 0 2 0 2 2 2 2 2 2 2 2 2 2 2 2 2 2 2 2 2 2 2 0 2 2 2 0
1661 0 2 0 0 2 2 2 2 2 2 2 0 2 0 2 2 2 2 2 2 2 0 2 0 2 2 2 0 2 2 2 0 0 2 2 2 2 2 2 0 2 2 2 2 0 0 2 2 0 2 2 2 2 2 2 2 2 2 0 0 2 2 2 2 2 2 2 2 2 2 2 2 2 2 2 2 0 0 2 2 2 2 0 2 2 2 0 0 2 2 2 2 0 2 2 0 2 2 2 0 2 2 2 2 2 2 2 2 2 2 2 2 2 0 0 2 2 2 2 0 2 2 0 2 2 2 2 2 2 2 2 2 2 0 2 2 2 2 2 2 0 2 2 2 2 2 2 2 2 2 2 2 2 2 0 2 2 2 2 0 2 2 2 2 2 2 2 2 2 0 2 2 2 2 2 2 2 2 0 2 2 2 2 2 2 2 2 2 2 0 1 2 0 2 2 2 2 2 2 2 2 2 2 2 2 2 2 2 2 2 2 2 0 2 2 2 2 2 2 2 2 2 2 2 2 2 2 2 0 2 2 2 2 2 2 0 2 2 2 2 2 2 2 2 2
1662 2 0 2 2 2 2 0 2 2 2 2 2 2 2 2 2 2 2 2 2 2 2 0 2 2 2 2 2 2 2 0 2 2 2 2 1 2 2 2 2 2 2 1 0 2 2 2 2 2 2 0 2 2 0 0 0 2 2 2 2 0 2 2 0 0 2 2 2 0 2 0 2 2 2 2 2 2 2 2 2 2 0 2 0 2 2 2 2 2 2 2 2 2 2 2 2 2 2 2 2 2 2 0 2 2 2 2 2 0 2 2 0 2 2 2 2 2 2 2 2 0 2 2 0 0 0 2 2 2 2 0 0 2 2 2 2 2 2 2 2 2 2 2 0 0 2 2 2 1 2 2 2 0 2 2 2 2 0 0 2 2 2 2 2 2 2 2 1 0 2 2 0 2 2 2 0 2 2 2 2 2 2 2 2 2 0 2 2 2 2 1 2 2 2 2 2 2 2 2 2 2 2 0 0 2 2 2 2 2 2 2 0 2 0 0 2 0 1 0 2 0 2 2 0 2 2 2 2 2 2 0 2 2 2 0 2 2 2 2 2 2 2 2 2 2
1663 0 2 2 2 2 0 2 2 2 2 2 2 2 2 2 0 0 2 2 2 2 2 2 2 1 0 0 2 2 2 2 2 2 2 2 2 0 0 2 2 2 2 2 0 0 2 2 2 2 2 2 2 0 2 2 2 2 0 2 2 2 2 1 2 2 2 0 0 2 2 2 2 2 0 0 2 2 2 2 2 0 2 2 2 0 0 2 2 2 2 0 2 2 2 2 2 2 2 2 2 2 0 2 2 2 2 0 2 2 0 2 2 2 2 2 2 0 2 2 2 2 2 2 0 2 2 2 0 0 0 2 2 2 2 2 0 0 0 2 0 0 2 0 2 2 0 2 0 2 2 2 0 2 0 2 2 2 2 0 2 2 0 2 2 0 0 0 2 2 2 0 0 0 2 0 2 2 0 2 2 0 0 2 0 2 2 2 0 0 2 2 0 2 2 0 0 2 2 2 2 0 0 2 2 2 0 2 2 2 2 0 2 2 2 2 2 2 2 2 2 2 0 0 2 0 2 0 2 2 2 2 0 2 2 2 2 0 2 2 2 0 2 2 2 0
1664 0 2 2 0 0 0 0 0 0 2 0 0 0 2 0 0 0 2 2 0 0 0 2 2 2 0 0 0 2 2 0 0 0 0 0 1 0 0 0 0 2 2 1 0 0 2 0 2 0 0 0 2 0 0 2 2 0 0 2 0 0 0 0 2 2 0 0 0 0 2 2 2 0 0 0 2 2 0 0 0 0 2 2 2 0 0 2 0 0 0 0 0 2 0 0 0 2 0 0 2 0 0 2 0 0 0 0 0 2 0 2 2 0 0 0 0 0 0 0 0 2 2 0 0 2 0 0 0 0 0 0 2 0 0 0 0 0 0 0 0 0 0 0 2 2 0 0 0 1 0 0 0 2 0 0 0 0 0 2 0 0 0 2 0 0 0 0 1 0 0 0 0 0 0 0 2 0 0 0 2 0 0 0 0 0 0 0 0 0 0 1 0 0 0 0 0 0 0 0 0 0 0 0 0 0 0 0 0 0 0 0 2 2 2 0 2 0 1 0 0 2 0 0 0 0 0 0 0 0 2 0 0 2 0 2 2 0 2 0 0 0 2 0 0 0
1665 2 0 2 2 2 2 2 2 0 2 2 2 2 2 2 2 2 2 2 2 2 2 2 2 2 2 2 2 2 2 2 2 2 2 2 2 2 2 2 2 2 0 2 2 2 2 0 0 2 2 2 2 2 2 2 2 2 2 2 2 2 2 2 2 2 2 2 2 2 0 2 2 2 2 2 2 2 2 2 2 2 2 2 2 2 2 2 0 2 2 2 2 2 2 0 2 2 2 2 2 2 2 0 0 0 2 2 2 2 2 2 2 2 2 2 2 2 2 0 2 2 2 2 2 2 2 2 2 2 2 2 2 2 2 2 2 0 2 2 2 2 2 2 2 2 0 2 2 1 2 0 2 2 2 2 2 2 2 2 2 2 2 2 2 2 2 0 1 2 2 0 0 2 2 0 0 2 2 2 2 2 2 2 2 2 2 2 2 2 2 2 2 0 2 2 2 2 2 2 2 2 2 2 0 2 2 2 2 0 2 2 0 2 2 0 2 2 2 0 2 2 2 2 0 0 2 2 2 0 0 0 2 2 2 0 2 2 2 0 2 2 0 0 2 0
1666 2 2 2 2 2 2 2 2 2 2 2 2 2 2 2 2 2 2 2 2 2 2 0 2 0 2 2 2 2 2 2 2 2 2 2 2 2 2 2 2 2 2 1 0 2 2 2 2 2 2 2 0 2 2 0 0 2 2 2 2 2 2 2 2 0 2 2 2 0 2 0 2 0 2 2 2 2 2 0 2 2 0 2 0 2 2 2 2 2 2 2 2 2 2 2 2 0 2 2 2 2 2 2 2 2 2 2 0 2 2 2 0 2 2 2 2 2 2 2 2 2 0 2 0 0 2 0 2 2 2 2 0 2 2 2 2 2 2 2 2 2 2 2 2 2 2 2 2 2 2 2 2 0 2 2 2 2 2 1 2 2 2 0 2 2 2 2 2 2 2 2 2 2 2 2 2 2 2 2 2 2 2 2 2 2 2 2 2 2 2 1 2 2 2 2 2 2 2 2 2 2 2 2 2 2 2 2 2 2 2 2 2 2 2 2 0 2 2 2 2 0 2 2 2 2 2 2 2 2 2 2 2 2 2 2 2 2 2 2 2 2 2 2 2 2
1667 0 2 2 2 2 2 2 2 2 0 2 2 2 0 2 2 2 2 2 2 2 2 0 0 2 2 2 2 2 2 2 2 2 2 2 2 2 0 2 2 2 2 2 0 0 2 0 2 2 2 0 2 2 2 0 0 2 0 2 2 0 0 2 2 0 2 0 0 2 0 2 2 0 2 2 2 2 2 2 2 2 2 2 0 2 2 2 2 2 2 2 2 2 2 0 2 2 2 2 2 2 2 2 2 2 2 2 2 2 0 2 2 2 2 2 2 2 2 2 2 2 0 2 0 0 2 2 2 2 2 2 0 2 2 2 2 2 2 2 2 0 2 2 2 2 2 2 2 2 2 0 0 2 2 2 2 2 2 2 2 2 2 2 2 2 2 2 2 2 2 2 2 2 2 2 0 2 2 2 2 2 2 2 2 2 2 2 1 2 2 1 2 2 2 2 2 2 2 2 2 2 2 2 2 2 2 2 2 0 2 2 0 2 2 0 2 2 2 2 2 2 2 0 2 2 2 2 2 2 2 2 2 2 2 0 2 2 2 2 2 2 2 2 2 2
1668 0 0 0 2 0 0 2 0 0 0 0 2 0 0 0 0 0 0 0 0 0 2 2 0 2 0 0 2 0 0 0 2 0 2 0 0 0 2 0 0 0 2 0 0 0 0 2 2 0 0 0 0 0 0 2 2 0 2 0 0 0 0 0 0 2 0 2 2 0 0 0 0 0 0 0 0 0 2 0 0 2 0 0 0 0 0 0 0 0 0 0 0 0 0 2 0 2 0 0 0 0 0 0 0 0 0 0 0 0 2 0 2 0 0 0 0 0 0 0 0 0 0 0 0 0 2 0 0 0 0 0 0 0 0 0 0 0 0 0 0 0 0 0 0 0 0 0 0 0 0 0 0 0 0 0 0 0 0 0 0 0 0 2 0 0 0 0 0 0 0 0 0 0 0 0 0 0 0 0 0 0 0 0 0 0 0 0 0 0 0 0 0 0 0 0 0 0 0 0 0 0 0 0 0 0 0 0 0 2 0 0 0 0 0 0 2 0 0 0 0 0 0 2 0 0 0 0 0 0 0 0 0 0 2 0 0 0 0 0 0 0 0 0 0 0
1669 0 0 2 2 0 0 2 0 2 0 2 2 0 0 0 0 0 2 2 2 0 2 2 0 2 0 0 2 2 2 2 2 0 2 0 1 0 2 2 0 0 2 1 2 0 2 2 2 2 0 2 2 0 0 2 2 0 2 2 2 2 2 0 2 2 0 2 2 0 0 0 2 2 0 0 2 2 2 0 0 2 2 2 2 0 0 2 2 0 0 0 2 2 2 2 0 2 2 0 2 0 0 0 2 0 2 0 0 0 2 0 2 0 0 0 0 0 0 0 0 2 0 2 2 2 2 0 0 0 0 2 2 0 0 2 0 0 2 2 0 0 0 0 0 0 0 0 0 0 0 0 0 0 0 0 0 0 0 0 2 0 2 2 0 0 0 0 1 0 2 2 2 0 0 0 0 2 0 2 2 0 0 2 0 0 0 2 0 0 2 1 0 2 2 0 0 0 2 0 0 2 0 0 0 2 0 0 0 2 2 0 0 2 0 0 2 0 2 0 2 0 2 2 0 2 2 0 0 0 0 0 0 2 2 0 2 2 2 0 0 0 0 0 0 0
1670 2 2 2 2 2 2 2 2 2 2 2 2 2 2 0 2 0 2 2 2 2 2 2 2 2 2 0 2 2 2 2 2 2 2 2 0 2 2 2 2 2 2 2 2 2 2 2 2 2 2 2 2 0 2 2 2 2 2 2 2 2 2 2 0 2 2 2 2 2 2 2 2 2 0 0 2 2 2 2 2 2 2 2 2 2 0 2 2 2 2 2 2 2 2 2 2 2 2 2 2 2 2 2 2 2 2 0 2 2 2 2 2 0 2 2 2 0 2 2 2 0 2 2 2 2 2 2 0 0 2 2 2 2 2 2 0 2 2 0 0 2 2 0 0 2 2 2 0 1 2 2 2 2 0 2 0 0 2 0 2 2 2 2 2 0 2 0 0 2 2 2 2 0 2 0 2 0 0 2 2 0 2 2 0 2 0 2 2 2 2 2 0 2 2 2 0 2 2 2 2 2 0 0 2 2 2 2 2 2 2 2 2 2 2 2 2 0 2 2 0 2 2 2 2 2 2 0 2 2 0 2 2 2 2 2 2 2 2 2 2 0 0 2 0 0
1671 2 0 2 2 2 2 2 0 2 2 2 2 2 2 0 0 0 2 0 2 2 2 2 2 0 2 0 2 2 0 2 2 2 0 2 2 0 2 2 2 2 2 2 0 2 2 2 2 2 2 2 0 0 2 2 2 0 2 2 2 2 2 0 2 2 2 2 2 2 0 2 2 2 0 0 0 2 2 2 2 0 2 0 2 0 0 2 2 0 2 0 2 0 2 2 2 0 2 0 2 2 0 0 2 0 2 0 2 0 2 2 0 0 2 2 2 0 0 0 2 2 2 2 0 2 2 2 0 0 2 0 2 0 2 2 0 2 2 2 0 2 2 0 0 2 2 2 0 1 2 0 0 2 0 2 0 0 2 0 2 0 2 0 2 2 0 0 1 0 2 0 0 0 2 0 0 2 0 2 0 0 2 2 0 2 0 2 2 2 2 1 0 2 2 2 0 0 2 2 1 2 2 0 0 2 2 0 2 2 2 0 0 2 2 0 2 0 2 0 2 0 2 2 2 0 2 0 2 2 0 2 0 0 0 0 2 2 0 0 2 0 0 2 0 0
1672 1 2 2 2 2 1 2 0 2 1 2 2 2 0 2 2 2 2 1 2 2 2 2 0 2 1 1 2 2 1 2 2 2 2 2 1 2 2 2 2 2 2 2 1 0 2 2 2 2 2 2 2 2 1 2 2 1 2 2 2 2 2 2 0 2 2 2 2 2 2 2 2 2 2 2 1 2 2 2 2 1 1 2 2 2 0 2 2 2 2 2 2 2 2 2 2 2 2 0 2 2 2 2 2 2 2 1 2 2 2 2 2 2 1 2 1 2 2 2 2 1 2 2 1 2 2 2 1 2 1 2 2 0 2 2 1 2 2 1 2 0 2 1 2 2 2 2 2 2 2 2 1 2 2 2 2 2 2 2 2 0 2 2 2 2 1 2 1 2 2 2 0 2 1 2 2 1 2 2 1 2 2 2 1 1 2 2 2 2 2 2 2 2 2 2 1 2 2 2 2 2 2 2 2 2 2 1 2 2 2 2 2 2 2 2 2 2 2 2 1 2 2 2 2 2 2 2 2 2 2 2 2 1 1 2 1 1 1 2 2 2 2 2 2 2
1673 0 0 0 2 0 2 0 0 0 0 0 2 0 0 0 0 0 0 2 0 0 2 0 0 0 0 0 2 0 2 0 2 2 2 0 1 0 2 0 2 0 0 0 0 0 0 2 0 0 0 2 2 0 0 0 0 0 2 0 0 2 0 0 2 2 0 2 2 0 0 0 2 0 0 0 2 0 2 2 0 0 0 0 0 0 0 0 2 0 0 0 0 0 2 2 2 0 2 0 0 0 0 0 2 0 2 0 2 0 2 2 0 0 0 0 0 0 0 2 2 2 0 0 0 0 0 0 0 0 0 2 0 0 2 0 0 0 0 2 0 0 2 0 0 2 2 2 0 1 2 0 0 0 0 2 0 0 0 0 0 0 0 0 0 0 0 0 1 0 0 2 0 0 0 0 0 2 0 0 2 0 2 0 0 0 0 2 0 0 0 0 0 2 0 2 0 0 2 0 0 2 0 0 0 0 2 0 0 2 2 0 0 0 2 0 2 0 1 0 2 0 0 2 2 2 0 0 2 2 0 0 0 2 0 0 0 0 2 2 0 0 0 2 0 0
1674 2 2 2 2 2 0 2 0 2 2 2 2 2 2 2 2 2 2 2 2 2 2 2 2 2 2 2 2 2 2 2 2 2 0 2 2 2 2 2 2 2 2 2 2 2 2 2 2 2 2 2 2 2 2 2 2 2 2 2 2 2 2 2 0 2 2 2 2 2 0 2 2 2 2 2 2 2 2 2 2 0 2 2 2 2 2 2 2 0 2 0 2 2 2 2 2 2 2 0 2 2 2 2 2 0 2 2 2 2 2 2 2 2 2 2 2 2 0 2 2 2 2 2 2 2 2 2 0 2 2 0 2 2 2 2 2 2 2 2 2 2 0 2 2 2 2 2 2 1 2 0 2 2 2 2 0 2 2 2 2 0 2 2 2 2 2 2 2 0 2 2 2 2 2 2 0 2 2 2 2 2 2 2 2 2 2 2 2 2 2 2 2 2 2 2 2 2 2 2 0 2 2 0 2 2 2 2 2 2 2 0 0 2 2 0 2 0 2 2 2 2 2 2 2 2 2 2 0 2 2 2 2 2 0 0 2 2 2 2 2 2 2 2 2 2
1675 2 2 2 2 2 2 2 2 2 2 2 2 2 2 2 2 0 2 2 2 2 2 2 2 2 2 0 2 2 2 2 2 2 2 2 1 2 2 2 2 2 2 2 2 2 2 2 2 2 2 2 2 2 2 2 2 2 2 2 2 2 2 2 2 2 2 2 2 2 2 2 2 2 2 0 2 2 2 2 2 0 2 2 2 2 0 2 2 2 2 2 2 2 2 2 2 2 2 2 2 2 2 2 2 2 2 0 2 2 2 2 2 2 2 2 2 2 2 2 2 2 2 2 2 2 2 2 0 2 2 2 2 2 2 2 0 2 2 2 2 2 2 2 2 2 2 2 0 2 2 2 0 2 2 2 2 2 2 2 2 2 2 2 2 2 2 2 2 2 2 2 2 0 0 2 2 2 2 2 2 2 2 2 0 0 2 2 0 2 2 2 2 2 2 0 0 2 2 2 2 2 2 0 2 2 0 2 2 2 2 2 2 2 2 2 2 0 2 2 2 2 2 2 2 2 2 2 2 2 2 2 2 2 0 2 2 2 2 2 2 2 2 2 2 2
1676 0 0 0 0 2 0 0 2 2 0 2 2 2 0 0 0 0 0 0 2 2 2 0 0 0 0 0 2 0 0 0 2 0 0 2 1 2 0 0 0 2 0 1 2 0 0 0 0 0 2 2 0 0 2 0 0 0 0 0 2 2 2 0 0 2 2 0 2 0 0 2 2 0 0 0 0 0 2 0 0 0 2 0 2 0 0 0 0 0 2 0 0 0 0 0 0 0 0 2 0 0 2 0 2 0 0 0 0 0 0 0 0 0 2 0 0 0 2 0 0 2 2 2 2 2 0 0 0 0 0 2 2 0 0 0 0 0 0 0 0 0 2 0 2 0 0 2 0 0 0 0 0 2 0 0 0 2 2 1 0 0 0 0 0 0 2 0 0 2 0 0 2 0 0 0 0 0 0 0 0 0 0 0 0 0 0 0 0 0 0 1 0 0 0 0 0 0 0 0 0 0 0 2 0 0 0 0 0 0 0 0 0 0 0 0 2 2 1 0 0 0 0 2 0 0 0 0 2 2 0 0 0 0 0 0 0 0 0 0 0 0 0 2 0 0
1677 2 2 2 2 2 2 2 2 2 2 2 2 2 2 2 2 0 2 2 2 2 2 2 2 2 2 0 2 2 2 2 2 2 2 2 1 2 2 2 2 2 2 2 2 2 2 2 2 2 2 2 2 2 2 2 2 2 2 2 2 2 2 2 0 2 2 2 2 2 2 2 2 2 2 0 2 2 2 0 2 2 2 0 2 2 0 2 2 2 2 2 2 0 2 2 2 2 2 2 2 2 2 2 2 2 2 2 2 2 2 2 2 2 2 2 2 2 2 0 2 2 2 2 2 2 2 2 2 2 2 2 2 2 2 2 0 2 2 0 2 2 2 0 2 2 2 2 2 2 2 2 0 2 2 2 2 0 2 2 2 2 2 2 2 2 2 2 1 2 2 2 2 0 2 2 0 0 2 2 2 2 2 2 0 2 2 2 2 2 2 2 2 2 2 2 2 2 2 2 2 2 0 2 2 2 2 2 2 2 2 2 2 2 2 2 2 2 2 2 0 2 2 2 2 2 0 2 2 2 2 2 2 2 2 2 2 2 2 0 2 2 2 2 2 2
1678 1 2 0 0 2 0 2 2 0 2 2 2 2 2 2 0 2 2 2 2 2 2 2 2 0 0 2 2 2 2 2 2 0 2 2 2 2 2 2 0 2 0 2 0 2 0 0 0 2 2 2 2 2 0 2 2 0 2 0 2 2 0 1 0 2 2 2 2 0 0 2 2 2 2 2 2 0 2 1 2 2 0 2 1 0 2 0 0 0 2 2 2 2 1 2 0 0 2 2 0 0 0 2 2 2 2 2 2 2 2 0 0 2 2 2 2 0 2 2 0 2 2 2 0 2 2 2 0 0 0 0 2 2 0 2 2 2 2 0 2 2 2 0 2 2 2 2 2 1 2 0 0 2 2 0 2 2 0 2 2 0 2 0 2 2 2 2 0 2 1 0 2 2 2 2 0 0 2 2 2 2 2 2 2 2 0 2 2 0 2 2 2 0 2 0 2 2 2 2 1 0 2 2 0 2 0 2 2 0 2 2 0 0 2 0 2 2 0 2 0 0 0 2 2 0 2 2 2 2 0 2 0 2 0 0 1 0 2 2 2 0 2 2 2 2
1679 2 2 0 0 2 2 2 2 2 2 0 2 2 2 2 2 2 2 2 0 2 2 2 2 2 2 0 2 2 2 0 2 2 2 2 1 0 0 2 2 2 2 2 0 2 0 2 2 2 2 2 2 2 2 2 2 2 0 0 2 2 2 2 2 2 2 0 2 2 2 2 2 2 2 2 2 0 2 2 0 0 0 2 2 2 2 0 2 2 2 2 2 2 2 2 2 2 2 2 0 2 2 2 2 0 2 0 2 2 0 2 2 2 2 0 2 2 2 2 2 2 2 2 0 2 2 2 2 2 2 2 2 2 2 2 2 0 2 2 0 2 2 2 2 2 2 2 0 2 2 2 2 2 0 2 2 2 2 1 2 2 2 2 2 0 2 0 2 2 2 2 2 2 0 0 2 2 0 2 2 0 2 2 0 0 2 2 0 2 2 1 0 2 2 2 0 2 2 2 1 2 0 2 2 2 2 2 2 2 2 2 2 0 2 2 2 2 2 2 2 2 2 2 0 2 2 0 2 2 2 2 2 2 2 2 0 2 2 2 2 2 2 2 0 0
1680 0 2 2 0 2 2 2 2 2 0 2 2 2 2 2 0 0 0 2 2 2 2 2 2 2 0 0 2 0 2 0 2 2 2 2 2 2 2 0 2 2 2 2 2 0 2 2 2 0 2 2 2 2 0 2 2 2 2 2 2 2 0 2 2 2 2 2 2 2 2 2 2 2 2 0 2 2 2 2 0 0 2 2 2 0 0 2 2 2 2 2 0 2 2 2 2 2 2 2 2 2 2 2 2 0 2 0 2 2 2 2 2 2 2 0 2 2 2 2 2 2 2 2 2 2 2 2 2 2 0 0 2 2 2 2 0 0 2 2 0 0 2 0 2 2 2 2 0 2 2 2 0 2 0 2 2 2 2 1 0 0 2 2 2 0 2 0 2 2 0 2 2 0 0 0 2 2 0 0 2 2 2 2 0 0 2 2 0 2 0 1 2 2 2 2 0 2 2 2 1 0 2 2 2 2 2 2 2 2 2 2 2 2 2 2 2 2 1 2 2 0 0 2 2 2 2 2 2 2 2 2 0 2 2 2 2 2 2 2 2 2 2 2 0 0
1681 2 0 2 2 0 2 0 2 0 2 2 2 0 0 0 2 2 0 2 2 0 2 0 0 0 2 2 2 0 2 0 2 2 0 0 2 2 0 0 0 2 0 1 0 2 2 0 0 0 0 2 2 2 2 0 0 2 0 2 0 2 2 0 0 0 0 0 0 0 2 2 0 0 2 2 2 2 2 0 2 2 0 0 0 2 2 2 0 2 0 0 0 0 0 2 2 0 0 2 2 2 2 0 2 0 0 2 0 2 0 2 0 2 0 0 2 0 2 0 2 2 2 0 0 0 0 2 2 2 2 2 2 0 2 0 2 0 0 2 2 2 2 2 2 0 0 0 2 1 0 2 2 2 2 2 2 2 2 2 2 2 0 2 2 2 2 2 1 0 2 0 0 2 2 2 2 2 2 2 2 2 0 0 2 2 2 2 0 2 2 1 2 0 0 2 2 0 0 0 2 2 2 2 2 0 2 0 0 0 0 0 2 2 0 2 0 2 1 0 2 2 0 0 0 0 0 2 2 0 2 0 2 2 2 2 0 2 2 0 0 0 2 2 2 2
1682 0 2 0 2 0 2 0 2 2 0 0 0 0 2 0 0 0 0 0 0 2 0 2 2 0 2 2 0 0 0 0 0 2 0 0 1 2 0 0 0 0 0 0 0 0 0 0 2 0 2 0 0 2 0 2 2 0 0 0 0 0 2 2 0 0 0 0 0 0 0 0 0 2 2 0 0 0 0 2 2 0 0 2 0 0 0 0 0 0 0 0 0 2 2 0 2 0 0 2 0 0 0 2 0 0 0 2 2 0 0 2 0 0 2 0 2 2 0 2 2 0 0 0 0 0 0 0 2 0 2 0 2 0 2 0 0 2 0 0 0 0 0 0 0 0 0 0 2 1 2 0 0 0 0 2 2 0 2 0 0 0 0 2 0 0 0 0 0 2 0 2 0 2 0 0 0 0 0 0 0 0 2 0 2 0 0 0 2 0 0 1 0 0 0 0 2 0 0 0 0 2 2 0 0 0 0 0 0 0 0 0 0 0 0 0 0 0 1 0 0 0 2 0 2 2 2 0 0 0 0 0 0 0 2 0 0 2 0 2 0 2 2 0 0 0
1683 2 2 0 2 2 2 2 2 2 2 2 2 2 2 2 0 2 2 2 2 2 2 0 2 0 2 0 2 2 2 2 2 2 2 2 1 0 2 2 2 2 2 2 2 2 0 2 2 2 2 2 2 0 2 0 0 2 2 0 2 2 2 2 2 2 2 2 2 2 0 2 2 2 0 2 2 0 2 2 2 2 2 0 2 0 0 0 2 0 2 2 2 0 2 2 2 0 2 2 0 2 2 2 2 0 2 2 2 2 2 2 2 2 2 2 2 2 0 2 2 2 0 2 2 2 2 2 0 2 2 2 2 2 2 2 0 2 2 2 2 2 2 2 0 2 0 2 2 1 2 0 2 2 2 2 2 2 0 1 2 2 0 2 2 2 2 2 2 2 2 2 2 0 2 2 2 2 2 2 2 2 2 2 0 2 0 2 0 2 2 1 2 2 2 2 2 2 2 2 1 2 0 2 0 2 2 2 2 2 2 2 2 0 2 0 2 2 2 2 2 2 2 2 2 2 0 2 2 2 0 2 0 2 0 2 2 2 2 2 2 2 2 0 2 2
1684 0 2 0 2 0 0 2 0 0 0 0 0 0 0 0 2 0 2 2 0 0 0 0 0 0 0 2 0 2 2 0 0 0 0 0 1 2 2 2 2 0 2 2 2 0 0 0 0 2 0 0 0 2 2 0 0 0 2 0 0 0 2 2 0 0 0 2 0 2 0 2 0 2 2 0 2 0 0 2 0 2 2 0 0 2 0 0 0 0 0 0 2 2 0 2 0 0 0 0 0 0 2 2 0 0 0 2 2 0 2 0 2 2 2 2 0 2 0 0 0 0 0 0 2 0 2 0 0 0 0 0 2 0 0 2 0 2 0 2 0 0 2 2 0 0 0 0 0 0 2 2 0 2 0 0 0 2 2 0 0 0 2 0 0 0 2 2 1 0 0 2 0 0 0 2 0 2 0 0 0 0 2 0 2 0 0 0 0 2 0 0 0 0 2 0 0 2 2 2 0 0 2 0 2 2 0 0 2 0 0 0 0 0 0 2 0 0 0 0 2 0 0 0 2 2 2 0 2 2 0 2 2 0 2 0 0 2 0 0 2 2 0 2 2 0
1685 0 2 2 2 2 2 2 2 2 0 2 2 2 0 2 2 2 2 2 2 2 2 2 0 2 2 2 2 2 2 2 2 2 2 2 2 2 2 2 2 2 2 2 2 0 2 2 0 2 2 2 2 2 2 2 2 2 2 2 2 2 2 2 2 2 2 2 2 2 2 2 2 2 2 2 2 2 2 2 2 2 2 2 2 2 2 2 2 2 2 2 2 2 2 2 2 2 2 2 2 2 2 2 2 2 2 2 2 2 2 2 2 2 2 2 2 2 2 2 2 2 2 2 2 2 2 2 2 2 2 2 2 2 2 2 2 2 2 2 2 0 2 2 2 2 2 2 2 2 2 2 2 2 2 2 2 2 2 2 0 2 2 2 2 2 2 2 2 2 0 2 2 2 2 2 2 2 2 0 0 2 2 2 2 2 2 2 2 2 0 1 2 2 2 2 2 2 2 2 2 2 2 2 2 2 2 2 2 2 2 2 2 2 2 2 2 2 2 2 2 2 2 2 2 2 2 2 2 2 2 2 2 0 2 2 2 2 0 2 2 2 2 2 2 2
1686 2 2 2 2 2 2 2 2 2 2 2 2 2 2 2 2 2 2 2 2 2 2 0 2 2 2 2 2 2 2 2 2 0 2 2 2 0 2 2 2 2 2 2 2 2 2 2 2 2 2 2 2 2 2 0 0 2 2 2 2 2 2 2 2 2 2 2 2 2 2 2 2 2 2 2 2 2 2 2 2 0 2 2 2 2 2 2 2 2 2 2 2 2 2 2 0 2 2 2 2 2 2 2 2 2 2 2 2 2 2 2 2 2 2 2 2 2 2 2 0 2 2 2 2 2 2 2 2 2 2 2 2 2 0 2 2 2 2 2 2 2 2 0 2 2 2 2 2 2 2 2 2 2 2 2 2 2 2 2 2 2 2 2 2 2 2 2 2 2 2 2 2 2 2 2 2 2 2 2 2 2 2 2 2 2 2 2 2 0 2 1 2 2 2 2 2 2 2 2 2 2 2 2 2 2 2 2 2 2 2 2 2 2 2 2 2 2 2 2 2 2 2 2 2 2 2 2 0 2 2 2 2 2 0 2 2 2 2 2 2 2 2 2 2 2
1687 2 2 2 2 2 2 2 2 2 2 2 2 2 0 2 2 2 2 2 2 2 2 2 0 2 2 2 2 2 2 2 2 2 2 2 2 2 2 2 2 2 2 2 0 2 2 2 0 2 2 2 2 2 2 2 2 0 2 2 2 2 2 2 2 2 2 2 2 2 2 2 2 2 2 2 2 2 2 2 2 2 2 2 2 2 2 2 2 0 2 2 2 2 2 2 2 2 2 2 2 2 2 2 2 0 2 2 2 2 2 2 2 2 2 0 2 2 0 0 2 2 2 2 0 2 2 2 2 2 2 2 2 2 2 2 2 2 2 0 2 2 0 2 2 2 2 2 2 2 2 0 2 2 2 2 2 2 2 2 2 2 2 2 2 2 2 2 1 2 2 2 2 2 2 2 2 0 2 2 0 2 2 2 2 2 2 0 2 2 2 2 2 2 2 2 2 2 2 2 0 2 2 2 0 2 2 2 2 2 2 2 2 2 2 0 2 2 2 2 0 2 2 2 2 2 2 2 2 2 2 2 2 0 2 2 2 2 0 0 2 2 2 2 2 2
1688 2 0 2 2 2 2 2 2 2 2 2 2 2 2 0 2 2 2 2 2 2 2 2 2 0 2 0 2 2 2 2 2 2 2 0 1 2 2 2 2 2 2 2 2 2 2 2 2 2 2 0 2 2 2 2 2 2 2 2 2 0 2 2 2 0 2 2 0 2 2 2 2 2 2 2 2 2 2 2 2 2 2 2 2 2 2 2 2 2 0 2 2 2 2 2 2 0 2 2 2 2 0 0 2 2 2 0 2 0 0 2 0 2 2 2 2 2 2 0 2 2 2 2 2 2 2 2 2 0 2 2 2 2 2 0 2 2 0 2 2 2 2 0 2 2 2 2 2 1 2 2 2 2 2 2 2 2 2 2 2 2 2 2 2 2 0 2 1 2 2 2 0 2 2 2 2 2 2 2 2 2 2 0 0 2 0 2 2 2 2 2 2 2 0 2 2 2 2 0 2 2 0 2 2 0 2 2 0 2 2 2 2 2 2 2 2 2 2 2 2 2 2 0 0 2 2 2 0 2 0 0 2 2 0 2 2 2 2 0 0 2 2 2 2 2
1689 2 2 2 2 0 0 0 2 2 2 2 2 0 2 2 0 0 2 2 2 0 2 2 2 2 2 2 2 2 2 0 2 0 0 2 2 0 0 2 2 2 2 2 2 2 2 2 2 2 0 2 2 2 2 2 2 0 0 2 2 2 2 2 2 2 0 0 2 0 0 2 2 2 1 0 2 2 2 2 2 2 0 0 0 0 0 2 0 2 2 0 2 2 2 2 0 2 2 2 2 0 2 2 2 2 2 2 2 2 2 0 2 2 0 2 2 2 2 2 0 2 2 2 2 0 0 0 0 2 2 2 0 0 0 2 0 0 2 2 0 2 2 2 0 0 0 2 2 1 0 2 0 2 0 0 0 0 2 1 2 0 2 2 2 0 2 0 2 0 2 2 2 0 2 0 0 2 0 2 2 0 0 2 2 2 2 2 2 2 2 2 0 0 2 0 2 2 2 2 2 2 2 2 2 2 0 2 2 2 2 2 2 2 0 2 2 2 1 2 2 0 2 2 2 2 2 0 2 2 2 2 0 2 2 2 2 2 2 2 2 2 2 2 2 0
1690 2 2 2 2 0 0 0 2 2 2 2 2 2 2 2 0 0 2 2 2 2 2 2 2 2 2 2 2 2 2 2 2 0 0 2 2 0 0 2 2 2 0 1 2 2 2 2 2 2 2 2 2 2 2 2 2 0 0 2 2 2 2 2 2 2 2 0 2 0 0 0 2 2 2 0 2 2 2 2 2 2 0 0 2 0 0 2 0 2 2 0 2 2 2 2 0 2 2 2 2 0 2 2 2 2 2 2 2 2 2 0 2 2 0 2 0 2 2 2 0 2 2 1 2 2 0 0 0 2 2 2 0 0 0 2 0 2 2 2 0 2 2 2 0 0 2 2 2 1 2 2 0 0 0 0 0 2 2 1 2 0 2 2 2 0 2 0 2 0 2 2 2 0 2 0 0 2 0 2 2 0 2 2 2 2 2 2 2 2 2 2 0 0 2 0 2 2 2 2 2 2 2 2 2 2 0 2 2 2 2 2 2 2 0 2 2 2 1 2 2 0 2 2 2 2 2 0 2 2 2 2 0 2 2 0 2 2 2 2 2 2 2 2 2 0
1691 0 0 0 0 0 0 0 0 0 0 0 0 0 2 0 0 0 0 0 0 0 0 0 2 0 0 0 0 0 0 0 0 0 0 0 0 0 0 0 0 0 0 1 2 0 0 0 2 0 0 0 2 0 0 0 0 0 0 0 0 0 0 0 0 0 0 0 0 0 0 0 0 0 0 0 0 0 0 2 0 0 0 0 0 0 0 0 0 2 0 0 0 0 2 0 0 0 0 0 0 0 0 0 0 2 0 0 2 0 0 0 0 2 0 0 0 0 2 0 0 0 2 0 2 0 0 0 0 0 0 0 0 0 0 0 0 0 0 0 0 0 0 0 0 0 0 0 2 0 0 0 0 0 0 0 0 0 0 0 0 0 0 0 0 0 0 0 0 0 0 2 0 0 2 0 0 0 0 0 2 0 0 0 0 2 0 2 0 0 0 0 0 0 0 0 2 0 0 0 2 2 0 2 0 0 0 0 0 0 0 2 0 0 0 0 0 2 1 2 0 0 2 0 0 2 0 0 0 0 0 0 0 2 0 0 0 0 2 0 0 0 0 2 0 0
1692 0 2 0 2 2 0 2 2 0 0 2 0 2 2 0 2 0 2 2 2 0 0 0 2 0 0 2 0 2 2 0 0 2 0 0 2 2 2 2 2 2 2 2 2 0 0 2 2 2 0 2 0 2 2 0 0 0 2 0 2 2 2 2 2 0 2 2 0 2 2 2 0 2 2 0 2 0 0 2 0 2 2 0 2 2 0 0 0 0 0 0 2 2 0 2 2 0 2 2 0 0 2 2 0 0 2 2 2 0 2 2 2 2 2 2 0 2 0 0 2 2 2 0 2 2 2 0 0 0 0 0 2 0 2 2 0 2 0 2 0 0 2 2 2 2 2 0 0 0 2 2 0 2 0 2 0 2 2 1 0 2 2 2 0 0 2 2 1 0 0 2 0 0 2 2 0 2 0 0 2 0 2 0 2 2 0 2 2 2 0 0 0 0 2 0 0 2 2 2 1 0 2 2 2 2 0 2 2 2 2 0 0 0 2 2 2 2 0 2 2 0 0 0 2 2 2 0 2 2 0 2 2 2 2 0 0 2 2 0 2 2 0 2 2 0
1693 2 2 2 2 2 2 2 0 2 2 2 2 2 2 2 2 0 2 2 2 2 2 0 2 2 2 0 2 2 2 2 2 2 2 2 1 2 2 2 2 2 2 2 2 2 2 2 2 2 2 2 2 2 0 0 0 2 2 2 2 2 2 2 2 2 2 2 2 2 2 2 2 2 2 0 2 2 2 2 2 2 2 2 2 2 0 2 2 2 2 2 2 2 2 2 2 2 2 0 2 2 2 2 2 2 2 2 2 2 2 2 2 2 2 2 2 2 2 2 2 2 2 2 2 2 2 2 0 2 2 2 2 2 2 2 0 0 2 2 0 2 2 2 1 2 2 2 2 2 2 2 2 2 0 2 2 2 2 2 2 2 2 2 2 0 2 0 2 2 2 2 2 0 2 0 2 2 0 2 2 2 2 2 0 2 2 2 0 2 2 0 2 2 2 2 2 2 2 2 2 2 2 2 2 2 2 2 2 2 2 2 2 2 2 2 2 2 2 2 2 2 2 2 2 2 2 2 0 2 2 2 2 2 2 2 2 2 2 2 2 2 2 2 2 0
1694 2 0 2 2 2 2 2 0 2 2 2 2 2 2 2 0 2 2 2 2 2 2 2 2 2 2 2 2 2 2 2 2 2 0 2 1 2 2 2 2 0 2 2 2 2 2 2 2 2 2 2 2 2 2 2 2 2 2 2 2 2 0 2 0 2 2 2 2 0 2 2 2 2 2 2 2 2 2 0 2 2 0 0 0 0 2 2 2 0 2 2 2 2 2 0 2 2 2 0 2 2 0 0 2 0 2 2 2 2 0 2 2 0 2 2 0 2 2 2 2 0 2 2 2 0 2 2 2 2 2 2 0 2 2 2 2 0 2 0 2 2 2 0 2 0 2 2 0 2 2 0 2 2 2 2 0 0 2 2 2 2 0 2 2 2 2 2 1 2 2 2 2 0 2 2 0 0 2 2 2 2 2 2 2 2 0 0 2 2 2 2 2 2 2 2 0 2 2 2 1 2 2 0 0 2 2 0 2 2 2 2 2 2 0 0 2 0 2 2 0 2 2 2 0 2 2 2 2 0 2 2 0 2 2 2 2 2 2 2 2 2 2 2 2 2
1695 0 0 0 0 0 2 2 2 2 0 2 0 0 0 2 0 2 2 0 2 2 0 0 0 2 2 2 0 2 0 2 0 0 2 2 2 0 0 2 2 2 0 2 0 0 0 2 0 2 2 2 2 0 2 0 0 0 0 0 0 2 2 2 2 2 0 0 0 2 2 2 2 2 0 2 0 0 0 2 2 2 0 2 0 0 2 0 0 0 2 2 2 0 2 2 0 2 0 2 0 0 2 0 0 0 0 0 0 0 0 2 2 2 0 0 0 2 0 0 0 2 2 0 0 0 2 0 0 0 0 2 0 0 0 2 2 2 2 0 0 0 2 2 0 2 0 0 2 2 2 2 2 2 0 2 2 2 2 1 0 0 0 2 0 2 2 2 1 2 0 2 2 2 2 2 2 0 0 0 2 2 2 2 2 2 2 2 2 2 0 0 2 0 2 2 2 2 0 0 0 2 0 2 2 2 2 0 2 2 0 2 0 0 2 2 0 2 0 0 0 2 0 0 0 2 0 2 2 2 2 2 0 2 2 0 2 0 2 0 0 2 0 2 0 0
1696 2 2 2 2 2 2 2 2 2 2 2 2 2 2 2 0 2 2 2 2 2 2 2 2 2 2 2 2 2 2 2 2 2 2 2 2 2 2 2 2 2 2 2 0 2 2 2 2 2 2 2 2 2 2 2 2 0 2 2 0 2 2 2 2 2 2 2 2 2 2 2 2 2 2 2 2 2 2 2 2 2 2 2 2 0 2 2 0 2 2 2 2 2 2 2 2 2 0 2 2 0 2 2 2 2 0 2 2 0 2 2 2 2 2 2 2 2 0 0 2 2 2 2 0 2 2 2 0 0 0 2 2 0 2 2 2 2 2 0 0 2 2 2 2 2 0 2 2 2 2 2 2 2 0 2 2 2 2 2 2 2 0 2 2 2 2 2 0 2 2 2 2 2 2 2 2 0 0 2 2 2 2 2 2 2 2 2 2 2 2 2 2 0 2 2 2 2 2 2 2 2 0 2 2 2 2 2 2 2 0 2 2 2 2 2 0 2 1 2 0 2 0 2 2 2 2 2 2 2 2 2 0 2 2 2 2 2 2 0 2 2 2 2 0 0
1697 0 0 0 0 0 2 2 2 0 0 0 0 0 2 0 0 2 0 0 0 2 0 0 2 2 2 0 0 0 0 2 0 0 2 0 0 0 0 0 2 2 0 1 0 0 0 2 2 0 2 0 2 0 0 0 0 0 0 0 0 0 0 2 0 2 0 0 0 2 2 0 2 2 0 2 0 0 0 2 2 2 0 2 2 0 0 0 0 0 0 2 0 2 0 0 0 2 0 2 0 0 0 0 0 0 0 0 0 0 0 0 2 0 0 0 2 0 0 0 0 0 2 0 0 2 2 0 2 2 0 2 2 0 0 2 0 0 0 0 0 0 0 0 0 0 0 0 0 1 2 0 2 0 0 0 2 0 2 1 0 0 0 2 0 0 2 2 1 2 0 2 0 0 0 2 0 0 0 0 2 0 2 0 0 0 0 0 2 2 0 0 0 0 2 2 0 2 0 0 0 2 2 0 0 2 2 0 2 2 0 0 0 0 0 0 0 0 0 0 0 2 0 0 0 2 2 0 2 0 2 2 0 2 0 0 2 0 2 0 0 0 0 0 2 0
1698 2 2 2 2 2 2 0 2 2 2 2 2 2 2 2 0 2 2 2 2 2 2 0 2 2 2 2 2 2 2 2 2 2 2 2 2 2 2 0 0 2 2 2 2 2 2 2 2 2 2 2 2 0 2 0 0 2 2 2 2 2 2 0 2 2 2 2 2 2 0 2 2 0 0 2 2 2 2 2 2 2 2 2 2 0 0 2 2 0 2 2 0 0 2 2 2 2 2 2 2 2 2 2 2 2 2 2 2 2 2 2 2 2 2 2 2 0 2 2 2 2 0 2 2 2 0 2 0 2 0 2 2 2 2 2 0 2 2 2 2 2 2 2 0 2 2 2 2 2 2 0 2 2 2 2 2 2 0 0 2 2 2 2 0 0 2 0 2 2 2 2 2 2 2 0 2 2 2 2 2 2 0 2 2 2 2 0 0 2 2 2 2 2 2 0 2 2 2 2 2 2 2 2 0 2 0 2 2 2 2 2 0 2 2 0 2 2 0 2 2 0 0 2 2 2 0 2 2 2 2 2 0 2 2 0 2 0 2 2 2 0 0 2 2 2
1699 2 0 2 2 2 2 2 2 2 2 2 2 2 2 2 2 2 2 2 2 2 2 2 2 2 2 2 2 2 2 2 2 2 2 2 1 2 2 2 2 0 2 2 2 2 2 2 2 2 2 2 2 2 2 2 2 2 2 2 2 2 2 2 0 2 2 2 2 2 2 2 2 2 2 2 2 2 2 2 2 2 2 0 2 2 2 2 2 2 2 2 2 2 0 2 2 2 2 2 2 2 2 0 2 2 2 2 0 2 0 2 2 2 2 2 2 2 2 2 2 0 2 2 2 2 2 2 2 2 2 2 2 2 2 2 2 2 2 0 2 2 2 2 2 2 2 2 2 2 2 2 2 2 2 2 2 0 2 2 2 2 2 2 2 2 2 2 1 2 2 2 2 2 2 2 0 0 2 2 2 2 2 2 2 2 0 2 2 2 2 2 2 2 2 2 2 2 2 2 2 2 2 0 2 2 2 2 2 2 2 2 2 2 2 2 2 0 2 0 0 2 2 2 2 2 2 2 2 0 2 2 2 2 2 2 2 2 2 2 2 2 2 0 2 2
1700 2 2 2 2 2 0 2 2 0 2 2 2 2 2 2 0 2 0 2 2 2 2 0 2 2 2 2 2 0 2 2 2 2 2 2 1 2 2 2 0 0 2 1 2 2 2 2 2 2 2 2 0 2 2 0 0 2 2 2 2 2 2 0 2 2 2 2 0 0 0 2 2 0 2 2 2 2 2 0 2 2 2 0 2 0 2 2 0 2 2 0 2 0 0 2 2 2 2 2 2 0 2 2 2 2 0 2 0 2 2 2 2 2 2 0 2 2 2 2 2 0 2 0 2 0 2 2 2 2 2 2 0 2 2 2 2 0 0 2 2 2 0 0 2 2 2 2 2 1 0 2 2 2 2 2 2 0 2 2 0 2 2 2 2 2 2 2 2 2 0 2 2 2 2 2 0 2 2 0 0 2 2 0 2 2 0 2 0 0 0 1 2 0 2 2 2 0 2 0 2 2 2 2 2 2 2 2 2 2 2 2 2 2 2 2 0 2 0 0 2 2 0 0 0 2 0 2 2 0 2 2 0 0 2 2 2 0 0 2 0 2 2 0 2 2
1701 2 2 2 2 2 0 2 0 2 2 2 2 2 2 0 2 2 2 2 2 2 2 0 2 2 2 1 2 2 2 2 2 2 2 0 2 2 2 2 0 2 2 2 0 2 2 0 2 0 2 2 2 0 0 0 0 0 2 2 2 2 0 0 2 0 2 2 2 2 2 2 1 2 0 2 2 2 2 2 2 2 2 2 2 2 2 2 2 0 0 0 2 2 2 2 2 2 2 0 2 2 0 2 2 2 2 0 2 2 0 2 2 0 0 0 0 2 2 2 2 2 2 2 0 0 2 0 0 0 2 2 0 2 2 2 2 0 2 2 2 2 2 2 2 2 0 0 0 1 2 2 2 2 2 2 0 2 2 2 0 2 2 2 2 2 2 2 2 0 0 2 2 2 0 2 2 2 2 0 2 0 0 2 2 0 2 0 0 2 0 1 0 2 2 2 0 0 2 2 2 0 2 2 2 2 2 2 2 0 2 0 2 2 2 2 2 2 1 2 2 2 0 2 0 2 2 0 2 2 0 2 2 2 2 2 0 2 2 2 2 2 2 2 0 2
1702 2 2 2 2 2 2 2 2 2 2 2 2 2 2 2 2 2 2 2 2 2 2 2 2 2 2 2 2 2 2 2 2 2 2 2 1 2 2 2 2 2 2 2 2 2 2 2 2 2 2 2 2 2 2 2 2 2 2 2 2 2 2 2 2 2 2 2 2 2 2 2 2 2 2 2 2 2 2 2 2 2 2 2 2 2 2 2 2 2 2 2 2 2 0 2 2 2 2 2 2 2 2 2 2 2 2 2 0 2 2 2 2 2 2 2 2 2 2 2 2 0 2 2 2 2 2 2 2 2 2 2 2 2 2 2 2 2 2 2 2 2 2 2 2 2 2 2 2 2 2 0 2 2 2 2 2 0 2 2 2 2 2 2 2 2 2 2 2 2 2 2 2 2 2 2 0 2 2 2 2 2 2 2 2 2 0 2 2 0 2 1 2 2 2 2 2 2 2 2 2 2 2 2 0 2 2 2 2 2 2 2 2 2 2 2 2 2 2 0 2 2 2 2 2 2 2 2 2 0 2 2 2 2 2 2 2 2 2 2 2 2 2 0 2 2
1703 2 2 2 2 2 2 2 2 2 2 2 2 2 2 2 2 0 2 2 2 2 2 2 2 2 2 0 2 2 2 2 2 2 2 2 1 2 2 2 2 2 2 2 2 2 2 2 2 2 2 2 2 2 2 2 2 2 2 2 2 2 2 2 2 2 2 2 2 2 2 2 2 2 2 0 2 2 2 2 2 2 2 2 2 2 2 2 2 2 2 2 2 2 2 2 2 2 2 2 2 2 2 2 2 2 2 2 2 2 2 2 2 2 2 2 2 0 2 2 2 2 2 2 2 2 2 2 2 0 2 2 2 2 2 2 2 2 0 2 2 2 2 2 2 2 2 2 2 2 2 2 2 2 2 2 2 2 2 2 2 2 2 2 2 2 2 0 2 2 2 2 2 0 2 0 2 2 2 2 2 2 2 2 0 2 2 2 2 2 2 2 2 2 2 0 2 2 2 2 2 2 0 2 2 2 0 2 2 2 2 0 2 2 2 2 2 2 2 2 2 2 2 2 2 2 2 2 2 2 2 2 2 2 2 2 2 2 2 2 2 0 2 2 0 2
1704 0 2 0 2 2 0 0 0 2 0 0 2 2 2 2 2 2 2 2 0 2 2 2 2 0 2 2 2 2 2 0 2 0 0 2 2 2 2 0 2 0 2 0 0 0 0 0 2 0 2 0 2 2 0 2 2 0 2 0 0 0 2 0 2 2 2 2 0 2 0 0 0 2 2 2 2 0 2 0 2 0 2 0 2 2 2 0 0 2 2 0 0 2 2 2 0 0 2 0 0 0 2 2 2 2 2 0 2 2 2 2 2 2 0 0 2 2 0 2 0 2 0 2 0 2 0 0 0 0 0 2 2 2 0 2 2 0 2 2 2 0 0 0 2 2 0 0 0 1 2 2 0 0 2 0 0 2 0 1 0 2 0 0 2 2 0 2 1 2 0 0 0 0 2 2 0 2 2 0 0 2 2 2 2 2 2 0 0 2 0 1 2 0 2 0 0 0 2 0 0 0 0 0 2 2 0 0 2 0 2 2 2 0 2 2 0 0 1 2 2 2 0 0 0 0 2 2 2 2 0 2 2 1 0 2 0 0 0 2 0 2 2 2 2 2
1705 0 0 0 0 0 0 0 0 0 0 0 0 0 0 0 0 0 0 0 0 0 0 0 0 0 0 0 0 0 0 0 0 0 0 0 0 0 0 0 0 0 0 0 0 0 0 0 0 0 0 0 0 0 0 0 0 0 0 0 0 0 0 0 0 0 0 0 0 0 2 0 0 0 0 0 0 0 0 2 0 0 2 0 0 0 0 0 0 2 0 2 0 0 0 0 0 0 0 0 0 0 0 0 0 0 0 0 0 0 0 0 0 2 0 0 0 0 0 0 0 0 0 0 0 0 0 0 0 0 0 0 0 0 0 0 0 0 0 0 0 0 0 0 0 0 0 0 0 0 0 0 0 0 2 0 0 0 0 0 0 0 0 0 0 0 0 0 0 0 0 0 0 0 0 0 0 0 2 0 0 0 0 0 0 0 0 0 0 0 0 0 0 0 0 0 0 0 0 0 1 0 0 0 0 0 0 0 2 0 0 0 0 0 0 0 0 0 0 0 0 0 0 0 0 0 0 0 0 0 0 2 0 0 0 0 0 0 0 0 0 0 2 0 0 2
1706 2 2 2 2 2 2 2 2 2 2 2 2 2 2 2 2 2 2 2 2 2 2 2 2 2 2 2 2 2 2 2 2 2 2 2 2 2 2 2 2 2 2 2 2 2 2 2 2 2 2 2 2 2 2 2 2 2 2 2 2 2 2 2 2 2 2 2 2 2 2 2 2 2 2 2 2 2 2 2 2 2 2 2 2 2 2 2 2 2 2 2 2 2 2 2 2 2 2 2 2 2 0 2 2 2 2 0 2 2 2 2 2 2 2 2 2 2 2 0 2 2 2 2 2 2 2 2 2 0 2 2 2 2 2 2 2 2 2 2 2 2 2 2 2 2 2 2 0 2 2 2 2 2 0 2 2 2 2 2 2 2 2 2 2 2 2 2 2 2 2 2 2 0 2 2 2 2 0 2 2 0 2 2 2 2 2 2 2 2 2 2 0 2 2 2 0 2 2 2 2 2 2 2 2 2 2 2 2 2 2 0 2 2 2 2 2 2 2 2 2 2 2 2 2 2 2 0 2 2 2 2 2 2 2 2 2 0 2 0 2 2 0 2 2 0
1707 2 2 2 2 2 2 2 2 2 2 2 2 2 2 2 2 2 2 2 2 2 0 2 2 2 2 2 0 2 2 2 0 2 2 2 2 2 2 2 2 2 2 2 2 2 2 2 2 2 2 0 2 2 2 2 2 2 2 2 2 0 2 2 2 2 2 2 2 2 0 2 2 2 2 2 2 2 2 2 2 2 2 2 2 2 0 2 2 2 2 2 2 2 2 2 2 2 2 2 2 2 0 2 2 0 2 2 2 2 2 2 2 0 2 2 2 2 2 0 2 2 0 2 2 2 2 0 0 2 2 2 2 2 2 2 0 2 0 2 2 2 2 0 2 2 2 2 2 2 2 2 2 2 0 0 2 2 2 2 2 2 2 0 2 0 2 0 2 2 2 2 0 2 2 0 2 2 0 2 2 2 2 2 2 2 2 0 0 0 2 2 2 2 2 2 2 2 2 2 2 2 2 0 2 2 2 2 2 2 2 2 2 2 2 2 2 0 0 0 2 0 0 2 2 2 2 2 0 2 2 2 2 2 2 2 2 2 2 0 2 2 0 2 2 2
1708 2 2 2 2 2 2 2 2 2 2 2 2 2 2 0 2 2 2 2 2 2 0 0 2 2 2 2 0 2 2 0 0 2 2 2 2 2 2 2 2 2 2 2 2 2 2 2 2 2 2 2 2 2 2 0 0 2 2 2 2 2 2 2 2 2 2 2 2 2 0 2 2 2 2 2 2 2 2 2 2 2 0 2 2 2 0 2 2 2 2 2 2 2 2 0 2 2 2 2 2 2 0 2 2 0 2 2 2 2 2 2 2 0 2 2 2 2 2 0 2 2 2 2 2 2 2 2 0 0 2 2 2 2 2 2 0 2 0 2 2 2 2 0 2 2 2 2 2 1 2 2 2 2 0 0 2 2 2 2 2 0 2 0 0 0 2 0 2 2 2 2 0 2 0 0 2 2 0 2 2 2 2 2 2 0 2 0 0 0 2 2 2 2 2 2 2 2 2 0 2 2 2 0 2 2 2 2 2 2 2 2 2 2 2 2 2 0 2 0 2 2 2 2 2 2 2 2 0 2 0 2 2 2 2 2 0 2 2 0 0 2 0 2 2 2
1709 0 0 0 0 2 0 0 0 0 0 0 0 2 0 0 0 0 0 0 0 0 2 0 0 0 0 0 2 0 0 0 2 2 0 0 0 2 0 2 2 0 0 0 0 0 0 0 0 0 0 0 0 2 0 0 0 0 0 0 0 0 0 0 0 0 2 0 0 0 0 0 0 0 2 0 0 0 0 2 0 0 0 0 0 0 2 0 0 0 0 0 2 0 0 0 2 0 2 0 0 0 0 0 0 0 0 0 0 0 0 2 0 0 0 0 0 0 0 0 2 0 0 0 0 0 0 2 0 2 0 0 0 0 2 0 2 2 0 0 0 0 0 0 2 0 0 0 0 0 0 0 2 0 0 0 2 2 2 1 0 2 2 0 2 2 0 0 0 0 0 2 0 0 2 0 0 0 0 0 0 2 0 0 0 2 2 0 0 0 0 1 2 0 0 2 0 0 0 0 0 0 0 0 0 0 2 2 0 0 2 0 0 0 0 0 0 0 0 0 0 2 0 0 0 2 0 2 0 0 2 0 0 0 0 0 0 0 0 0 0 0 0 0 0 0
1710 0 2 2 2 2 2 0 0 2 0 2 0 2 0 2 0 0 2 2 2 2 2 0 0 0 0 0 2 2 2 0 2 2 2 2 0 2 2 2 2 2 0 2 2 0 2 2 0 2 2 2 2 0 2 0 0 2 2 2 2 2 0 2 2 2 2 2 0 2 2 2 2 2 0 0 2 2 0 0 2 2 0 0 2 0 0 2 2 2 2 2 2 0 0 2 2 0 0 0 2 0 0 2 0 2 0 2 0 2 2 2 2 2 0 0 2 2 2 2 2 0 0 2 2 2 0 2 2 2 2 0 2 0 2 2 0 2 0 2 2 0 2 2 2 2 2 0 2 1 0 0 0 2 0 2 0 2 0 1 2 0 2 2 0 0 2 0 2 2 2 2 0 2 0 0 2 2 0 2 2 0 0 2 0 0 2 2 2 0 2 1 0 2 2 0 2 2 0 2 2 0 0 0 0 2 0 0 2 2 0 2 0 2 2 0 2 0 1 0 2 2 2 0 0 2 0 0 2 0 2 2 0 2 2 0 0 0 2 2 2 2 0 2 0 0
1711 2 2 2 2 2 2 2 2 2 2 2 2 2 2 2 2 0 2 2 2 2 2 2 2 2 2 2 2 2 2 2 2 2 2 2 2 2 2 2 2 2 2 2 2 2 2 2 2 2 2 2 2 2 2 2 2 2 2 2 2 2 2 2 2 2 2 2 2 2 2 2 2 2 2 0 2 2 2 2 2 2 2 0 2 2 2 2 2 2 2 2 2 0 2 2 2 2 2 2 2 2 2 2 2 2 2 2 2 2 2 2 2 2 2 2 2 2 2 2 2 2 2 2 2 2 2 2 2 2 2 2 2 2 2 2 2 2 2 2 2 2 2 2 2 2 2 2 2 2 2 0 2 2 2 2 2 2 0 1 2 2 2 2 0 2 2 2 2 2 2 2 2 2 2 2 2 2 2 2 2 2 2 2 2 2 2 2 2 0 2 2 2 2 2 0 2 2 2 2 2 2 2 2 0 2 0 2 2 2 2 2 2 2 2 0 2 2 2 2 2 2 2 2 0 2 0 2 2 2 2 2 2 2 2 2 2 2 2 2 2 2 2 2 2 2
1712 2 2 2 2 2 0 2 2 2 2 0 2 2 2 2 2 2 2 2 0 2 0 2 2 2 2 2 0 2 2 2 0 2 0 2 2 2 2 2 2 2 2 1 2 2 2 2 2 2 2 2 0 2 0 2 2 0 2 2 0 0 2 2 2 2 2 2 2 0 2 0 2 0 2 2 2 2 2 2 0 2 2 2 2 2 2 2 2 2 2 2 2 2 2 2 2 2 2 2 2 2 2 2 2 2 2 0 2 2 2 2 2 2 2 2 2 2 0 0 2 2 2 2 2 2 2 2 2 2 0 2 2 2 2 0 2 2 2 1 2 2 0 0 0 2 2 2 2 1 2 2 2 0 2 2 2 2 2 1 2 2 2 0 2 2 2 2 0 2 2 2 2 2 2 2 2 0 2 2 2 2 2 2 2 2 2 2 2 2 2 2 2 2 0 2 0 2 2 2 1 2 2 2 2 0 2 2 2 2 2 2 2 2 2 2 2 2 2 2 0 2 2 2 2 2 2 2 2 2 2 2 2 2 2 2 2 2 2 0 2 2 2 2 2 2
1713 2 2 2 2 0 2 2 2 0 2 2 0 0 2 0 2 0 0 2 2 2 2 0 2 2 2 0 2 0 2 2 2 0 0 2 0 0 0 0 2 2 2 2 0 2 2 2 2 0 2 2 2 0 2 0 0 2 0 2 2 2 2 2 2 2 0 0 2 2 2 2 2 2 0 0 2 2 0 2 2 2 0 0 0 2 0 2 2 0 2 2 0 0 2 2 0 2 0 2 2 2 0 2 2 2 0 2 2 2 0 0 2 2 2 2 2 2 2 2 0 0 0 2 0 2 2 0 2 0 2 2 0 2 0 2 0 0 2 2 0 2 2 2 2 2 2 0 0 1 0 0 2 2 0 2 0 0 0 1 0 0 2 2 0 0 2 0 2 2 0 0 2 0 0 0 2 2 0 0 2 0 0 2 0 0 0 0 0 0 0 1 0 2 2 0 2 2 2 0 1 0 2 2 0 2 0 0 0 2 0 0 2 2 2 0 2 2 2 2 2 2 2 2 0 0 0 0 2 2 0 0 2 2 2 2 2 2 2 2 0 2 0 0 2 0
1714 2 2 0 0 2 2 2 0 2 2 2 0 2 2 0 0 2 2 0 2 2 2 0 2 0 0 2 2 2 0 2 2 2 0 0 1 2 2 2 2 2 2 1 2 2 0 0 2 2 2 0 0 0 2 0 0 0 2 0 0 2 0 0 0 2 2 2 0 2 2 0 2 2 0 2 0 0 0 0 2 0 2 2 2 0 0 0 0 0 0 0 2 2 2 2 2 0 2 0 0 0 0 2 2 0 2 0 2 0 2 2 0 0 2 2 2 0 0 0 2 0 2 0 2 0 2 0 0 2 2 0 2 0 2 2 0 2 2 2 0 2 2 0 0 2 0 0 0 1 2 0 0 0 0 2 0 2 0 0 2 0 0 0 2 0 2 0 1 2 2 0 2 2 0 0 2 2 0 2 0 0 0 0 2 0 2 2 0 0 2 0 0 0 2 0 0 0 0 2 0 2 0 0 0 2 0 0 2 0 2 0 0 0 2 0 2 0 1 2 2 2 2 0 0 0 2 0 0 0 2 2 0 0 0 0 0 2 0 0 2 0 0 2 0 0
1715 2 0 2 0 0 2 0 2 2 2 2 2 0 2 2 0 2 2 2 2 2 2 2 2 2 2 2 2 2 2 2 2 2 2 2 2 0 0 2 2 2 2 1 2 2 2 2 2 2 2 2 2 2 2 2 2 2 0 2 2 2 0 2 2 2 0 0 2 2 2 2 2 0 2 2 2 2 2 2 0 2 2 2 0 0 2 2 2 2 2 2 2 2 2 2 2 2 2 2 2 2 2 0 2 2 0 2 2 2 0 0 2 2 2 2 2 2 2 2 2 2 2 2 2 2 0 2 2 2 2 2 0 0 2 2 2 2 2 2 2 2 2 2 2 0 2 2 2 2 0 2 2 0 2 2 2 2 2 2 2 2 2 2 2 2 2 2 2 2 2 2 2 0 2 2 2 2 2 2 2 2 2 0 2 2 2 0 2 2 2 2 2 2 2 2 2 2 2 2 2 2 2 2 2 2 2 2 2 2 2 2 0 2 0 2 2 2 2 0 2 0 2 2 2 2 2 2 2 2 2 2 0 2 2 0 2 2 2 2 2 2 2 2 2 2
1716 2 2 2 2 2 1 2 2 2 2 2 2 2 2 2 2 2 2 2 2 2 2 0 2 2 2 2 2 2 2 2 2 2 2 2 2 2 2 0 2 2 2 2 2 2 2 2 2 2 2 2 2 2 2 0 0 2 2 2 2 2 2 2 2 2 2 2 2 2 2 2 2 2 2 2 2 2 2 2 2 2 2 2 2 2 2 2 2 2 2 2 0 2 2 2 2 2 2 2 2 2 2 2 2 2 2 2 2 2 2 2 2 2 2 2 0 2 2 2 2 2 0 2 2 2 2 2 2 2 1 2 2 2 2 1 2 0 2 2 2 2 2 2 2 2 2 2 2 1 2 2 2 2 2 2 2 2 2 2 2 2 2 2 2 2 1 2 2 2 2 2 2 2 2 2 2 2 2 2 1 0 2 2 2 2 2 2 2 2 2 2 0 2 1 2 2 2 2 2 2 2 2 2 2 0 2 2 2 2 2 2 2 2 2 2 2 2 2 2 2 2 2 2 0 2 2 0 2 2 2 2 2 1 2 2 2 2 0 2 2 2 2 2 2 2
1717 2 2 2 2 2 0 2 2 2 2 2 0 2 2 2 2 2 2 2 2 2 2 2 2 2 2 2 2 2 2 2 2 2 2 2 2 2 2 2 2 0 2 2 2 2 2 2 2 2 2 0 2 2 2 2 2 0 2 2 2 0 2 2 2 2 2 2 0 2 2 2 2 2 2 2 2 2 0 2 2 2 2 0 2 2 2 2 0 2 2 2 2 0 0 2 2 2 2 2 2 2 2 2 2 2 2 0 0 2 2 2 2 2 2 2 2 0 2 2 2 2 2 2 2 2 2 2 2 2 0 2 2 2 2 2 2 2 2 2 2 2 2 2 2 2 2 2 0 1 2 2 2 2 2 2 2 2 0 2 2 2 2 2 2 2 2 2 2 2 2 2 2 2 2 2 2 2 2 2 2 2 2 0 2 2 2 0 2 2 2 2 2 0 2 2 2 2 2 0 2 2 2 2 2 2 2 2 2 2 2 2 2 2 2 2 2 2 2 2 2 2 2 0 2 2 0 2 2 2 2 2 2 2 0 2 2 2 2 2 0 0 2 2 2 2
1718 0 0 0 2 2 2 0 2 0 0 0 0 2 0 0 2 0 0 0 0 2 0 2 0 2 2 0 0 0 0 0 0 0 0 2 1 0 0 0 2 2 0 2 2 0 0 0 0 0 2 0 2 2 2 2 2 0 0 0 0 0 2 0 0 2 2 0 0 0 0 0 2 2 2 0 0 0 0 2 2 0 0 0 2 2 0 0 2 2 2 2 0 0 0 0 0 2 2 2 0 0 2 0 2 0 0 0 0 0 2 0 2 0 0 0 0 0 0 0 0 2 0 2 2 0 0 0 0 2 2 0 2 2 0 0 0 0 2 0 0 0 0 0 2 2 0 2 0 1 0 0 2 2 0 2 0 2 0 2 0 0 0 2 2 0 0 2 1 2 0 2 2 0 0 2 0 0 0 0 0 2 0 0 0 0 2 0 2 0 0 0 2 2 0 0 0 0 2 0 0 0 0 0 0 0 0 2 0 0 2 2 2 0 2 0 0 0 0 2 0 2 0 0 0 2 0 2 0 0 2 0 2 0 0 2 0 2 0 0 0 0 0 2 0 2
1719 0 2 1 2 2 2 2 1 0 0 0 2 2 0 2 2 2 0 2 0 2 2 2 0 2 2 0 2 0 2 2 2 2 2 2 1 2 2 2 2 2 0 2 2 0 1 2 0 0 2 2 2 2 2 2 2 2 2 1 0 0 2 2 2 2 2 2 2 2 2 2 0 2 2 2 2 1 2 2 0 0 2 2 2 2 2 1 2 2 2 2 2 2 2 2 2 1 2 2 1 2 2 2 2 2 2 2 2 0 2 2 2 2 0 2 2 2 2 2 2 2 2 0 2 2 2 2 2 2 2 0 2 2 2 0 2 2 2 0 0 0 2 2 2 2 2 2 2 2 2 2 2 2 0 2 2 0 2 2 2 2 2 2 2 0 2 2 0 2 2 2 2 0 2 2 2 0 0 2 2 2 2 2 0 2 0 2 2 2 2 2 2 2 2 0 2 2 2 2 2 2 0 2 2 0 0 2 2 2 2 2 2 1 1 2 2 2 2 2 0 2 2 2 2 2 2 2 2 2 0 2 2 2 2 2 2 2 2 2 2 2 0 0 0 1
1720 2 2 2 2 2 2 2 2 2 2 2 0 2 2 2 2 2 2 2 2 0 2 2 2 2 2 2 2 2 2 2 2 2 2 2 2 2 2 2 2 2 2 2 2 2 2 2 2 2 0 0 2 2 2 2 2 2 2 2 2 2 0 2 2 2 2 2 0 2 2 2 2 2 2 2 2 2 0 2 2 2 2 2 2 2 2 2 2 2 2 2 2 2 2 2 2 2 2 2 2 2 2 2 2 0 2 2 2 2 2 2 2 2 2 2 2 2 2 2 2 2 2 2 2 2 2 2 2 2 2 2 2 2 2 0 2 0 2 2 2 2 2 2 2 2 2 2 2 2 2 2 2 2 2 2 2 2 2 2 2 2 2 2 2 2 0 2 2 2 2 2 2 2 2 2 2 2 2 2 0 2 0 2 2 2 2 2 2 2 0 1 2 2 2 2 2 2 2 2 1 2 2 2 2 0 2 2 2 2 2 2 2 2 2 2 2 2 2 2 2 2 2 0 2 2 2 2 0 2 2 2 2 0 2 2 0 2 0 2 2 2 2 2 2 2
1721 2 2 2 2 2 0 0 0 2 2 2 2 2 2 2 2 2 2 2 2 2 2 2 2 2 2 2 2 2 2 2 2 2 2 2 2 2 2 0 2 2 2 2 2 2 2 2 2 2 2 2 2 2 2 2 2 2 2 2 2 2 2 2 2 2 2 2 2 2 2 2 2 2 2 2 2 2 2 2 0 2 0 2 2 2 2 2 2 2 2 2 0 2 2 2 2 2 2 0 2 2 2 2 2 2 0 2 2 2 2 2 2 2 2 2 0 2 2 2 2 2 2 2 2 2 0 0 2 2 0 2 2 2 2 2 2 2 0 2 2 2 2 2 2 0 2 2 2 1 0 2 2 2 2 0 2 2 2 2 2 2 2 2 2 2 2 2 2 2 2 2 2 2 2 2 2 2 2 2 2 2 0 2 2 2 2 2 2 2 2 2 2 2 0 2 2 2 2 0 2 2 2 2 2 2 2 2 2 2 2 2 2 2 0 2 0 2 1 2 2 0 0 2 2 2 2 2 2 2 2 2 2 2 2 2 2 2 2 2 0 2 2 2 2 2
1722 0 0 2 0 2 0 2 2 0 0 0 0 2 2 0 0 2 0 2 0 0 2 2 2 0 0 2 2 0 2 0 2 0 2 2 1 2 0 0 0 2 2 1 0 0 2 2 2 0 0 2 2 0 2 2 2 0 0 2 2 2 0 0 0 0 2 0 2 2 2 0 0 2 0 2 2 2 0 0 0 0 0 0 2 0 2 2 0 2 2 2 0 0 0 0 0 0 0 2 2 0 0 0 0 2 2 2 0 2 2 2 2 0 0 0 0 2 0 2 0 0 2 0 0 2 2 2 2 0 0 0 2 2 0 0 2 2 2 0 2 0 0 0 0 2 2 2 0 0 2 0 2 0 0 2 0 2 2 1 2 0 2 2 0 0 2 0 0 0 2 2 2 0 0 0 2 0 0 2 0 2 0 2 2 0 2 2 2 0 0 0 2 0 0 0 2 2 2 2 1 2 0 0 0 0 0 0 2 2 0 2 2 2 2 0 2 0 1 2 0 2 0 2 2 2 0 2 0 2 2 2 0 0 2 2 0 2 0 2 2 2 0 2 0 0
1723 2 2 2 2 2 2 0 2 2 2 2 2 2 2 2 2 0 2 2 2 2 2 2 2 2 2 2 2 2 2 2 2 2 2 2 2 2 2 2 2 2 2 2 2 2 2 2 2 2 2 2 2 2 2 2 2 2 2 2 2 2 2 2 2 0 2 2 2 2 2 2 2 2 2 0 2 2 2 2 2 2 2 2 2 2 0 2 2 2 2 2 2 2 2 2 2 2 2 2 2 2 2 2 2 2 2 2 2 2 2 2 2 2 2 2 2 2 2 2 2 2 2 2 2 2 0 2 2 2 2 2 2 2 2 2 0 2 0 2 0 2 2 2 2 2 2 2 2 2 2 2 2 2 2 0 2 0 2 2 2 2 2 0 2 2 2 0 2 2 2 0 2 2 2 0 2 2 2 2 2 0 2 2 2 2 0 2 2 2 2 2 0 2 2 2 0 2 2 2 2 2 2 2 2 2 2 2 2 2 2 2 2 2 2 2 2 2 1 2 2 2 2 2 2 0 2 0 2 2 2 2 2 2 2 2 2 2 2 2 2 2 2 0 2 1
1724 2 0 2 2 2 0 0 2 2 2 2 2 2 2 0 0 0 2 2 2 2 0 2 2 0 0 0 0 2 2 2 0 2 0 2 0 2 0 2 2 0 0 0 0 2 2 0 2 2 2 0 0 2 0 2 2 0 0 2 2 2 2 2 2 2 2 0 2 2 2 0 2 2 2 0 2 2 2 2 0 2 0 2 2 0 0 2 0 2 2 2 2 2 2 0 2 0 2 2 2 2 2 0 2 2 0 2 2 0 0 2 2 0 2 2 2 0 0 2 2 0 2 2 0 2 0 2 0 0 0 0 2 2 2 2 0 0 0 2 2 2 2 0 0 2 0 0 0 0 0 2 2 0 0 0 0 0 2 1 0 2 0 2 0 2 0 0 1 0 0 0 0 2 2 0 0 2 0 0 2 0 2 0 0 2 0 2 0 2 2 2 0 0 2 2 0 0 0 0 0 0 2 0 0 2 0 0 0 0 2 2 2 2 2 2 2 0 2 0 2 2 2 2 2 0 2 0 0 2 0 0 0 2 2 2 2 0 2 2 0 0 2 0 2 1
1725 0 2 2 2 2 2 2 2 2 0 0 2 2 0 2 2 2 2 2 0 2 2 2 0 2 2 2 2 2 2 2 2 2 2 2 2 2 2 2 2 2 2 2 2 0 2 2 2 2 2 2 2 2 0 2 2 2 2 2 2 2 2 2 2 2 2 2 2 2 2 2 2 2 2 2 2 2 2 2 2 2 2 2 2 2 2 2 2 2 2 2 2 2 2 2 2 2 2 2 2 2 2 2 2 2 2 2 2 2 2 2 2 2 0 2 2 2 2 2 2 2 2 2 2 2 2 2 2 2 2 2 2 2 2 2 2 2 2 2 2 0 2 2 2 2 2 2 2 2 2 2 2 2 2 2 2 2 2 2 2 2 2 2 2 2 2 2 2 2 2 2 2 2 2 2 2 2 2 2 0 2 2 0 2 2 2 2 2 2 2 2 2 2 2 2 2 2 2 2 2 2 2 2 2 2 2 2 2 2 2 2 2 2 2 2 2 2 2 2 2 2 2 2 2 2 2 2 2 2 2 2 2 0 0 2 2 2 0 2 2 2 2 2 2 2
1726 2 2 0 0 2 2 2 0 2 2 2 0 2 2 0 2 0 2 2 2 2 0 0 2 0 2 0 0 2 2 2 0 2 0 2 0 2 2 2 0 2 2 0 0 2 0 0 2 2 2 2 0 0 0 0 0 0 2 0 2 0 0 0 2 2 2 2 2 0 0 0 0 0 0 0 2 0 0 2 2 2 0 0 0 2 0 0 0 2 2 0 2 0 0 2 2 0 2 0 0 2 0 2 2 0 0 2 0 0 2 2 0 2 2 2 2 2 0 0 2 0 0 0 0 0 2 2 0 0 2 2 0 2 2 0 0 0 0 2 0 2 2 0 0 0 0 0 0 1 0 0 0 0 0 0 0 0 0 0 2 0 0 0 2 0 0 2 2 2 2 0 0 0 0 2 2 2 0 2 2 0 0 0 0 0 0 0 2 0 0 0 0 0 0 0 0 2 2 0 1 0 0 0 2 0 0 0 2 0 2 0 2 0 0 2 0 0 0 2 2 0 0 2 0 0 0 0 0 2 2 2 2 2 2 2 2 0 2 0 0 2 0 0 2 0
1727 2 2 0 0 0 2 2 0 2 2 2 0 0 2 0 2 0 2 0 2 2 0 0 2 0 2 0 0 2 0 2 0 2 0 2 0 0 2 2 0 2 0 0 0 2 0 0 0 2 2 2 0 0 0 0 0 0 2 0 2 0 0 0 2 2 0 2 2 0 0 0 0 0 0 0 0 0 0 2 2 2 0 0 0 2 0 0 0 2 2 0 2 0 0 0 2 0 0 0 0 2 0 2 2 0 0 2 0 2 2 0 0 0 2 2 2 2 0 0 2 0 0 0 0 0 2 2 0 0 2 2 0 2 2 0 0 0 0 2 0 2 2 0 0 0 0 0 0 1 0 0 0 0 0 2 0 0 0 0 0 0 0 0 2 0 0 0 1 2 0 0 0 0 0 0 2 2 0 0 2 0 0 0 0 0 0 0 2 0 0 0 0 0 0 0 0 2 2 0 1 0 0 0 2 0 0 2 2 0 0 0 0 0 0 2 0 0 0 2 2 0 0 2 0 0 0 0 0 2 2 2 2 2 2 0 2 0 2 0 0 2 0 0 2 1
1728 2 2 0 0 2 2 2 0 2 2 2 0 2 2 0 2 0 2 2 2 2 0 2 2 0 2 2 0 2 2 2 0 2 0 2 1 2 2 2 0 2 2 0 0 2 0 0 2 2 2 2 0 0 2 2 2 0 2 0 2 0 0 0 2 2 2 2 2 0 0 0 2 0 0 0 2 0 0 2 2 2 0 0 0 2 0 0 0 2 2 0 2 0 0 0 2 0 2 0 0 2 0 2 2 0 0 2 0 2 2 2 0 0 2 2 2 2 0 2 2 0 2 0 0 0 2 2 0 0 2 2 0 2 2 0 0 0 0 2 0 2 2 2 0 2 2 0 0 1 0 0 0 0 0 2 0 2 0 0 2 0 2 0 2 0 0 2 1 2 2 0 2 0 0 2 2 2 0 2 2 2 0 0 2 0 2 2 2 0 2 1 2 0 0 2 0 2 2 0 1 0 0 0 2 0 0 2 2 0 2 0 2 0 2 2 2 0 1 2 2 2 2 2 2 0 0 2 0 2 2 2 2 2 2 2 2 0 2 2 0 2 0 2 2 2
1729 2 2 2 2 2 2 2 2 2 2 2 2 2 2 0 2 2 2 2 2 2 2 2 2 2 2 2 2 2 2 2 2 2 2 2 2 2 2 2 2 2 2 2 2 2 2 2 2 2 2 2 2 2 0 2 2 2 2 2 2 2 2 2 2 2 2 2 2 2 2 2 2 2 2 2 2 2 2 2 2 2 2 2 2 2 2 2 2 2 2 2 2 2 0 2 2 2 2 2 2 2 2 2 2 2 2 2 0 0 2 2 2 2 2 2 2 2 2 2 2 2 0 2 2 2 2 0 2 2 2 2 2 2 2 2 2 0 2 2 2 2 2 0 2 2 2 2 2 1 2 2 2 2 2 2 2 0 2 2 2 2 2 2 2 2 2 0 2 2 2 2 2 2 0 0 2 2 2 2 2 2 2 2 2 0 0 2 2 2 2 2 2 2 2 2 2 2 2 2 2 2 2 2 2 2 2 2 2 2 2 2 2 2 2 2 2 2 1 0 2 2 0 2 2 2 2 2 2 2 0 2 2 2 2 2 2 2 2 2 2 2 2 0 2 2
1730 2 2 2 2 2 2 0 2 2 2 2 2 2 2 2 2 2 2 0 2 0 2 2 2 2 2 0 2 2 0 2 2 2 0 2 1 2 2 2 2 2 0 2 2 2 2 2 0 2 2 2 2 2 2 2 2 2 2 2 2 2 2 0 2 2 2 2 0 0 2 2 2 2 2 2 0 2 2 2 2 2 2 2 2 2 2 2 2 0 2 2 2 2 2 2 2 0 2 2 2 2 2 2 2 2 2 2 2 0 2 2 2 2 0 2 2 2 0 0 2 2 2 2 2 2 0 0 2 2 2 2 2 2 2 2 2 2 2 2 0 2 2 2 2 2 2 2 0 1 2 2 2 2 2 0 0 2 0 2 0 0 2 2 2 2 2 2 1 2 0 0 2 2 2 2 2 2 2 0 2 2 0 0 0 2 2 2 0 2 2 2 2 2 2 2 2 2 2 2 2 2 2 2 2 2 0 0 2 2 2 2 2 2 2 2 2 2 2 2 2 2 2 0 2 0 2 2 2 2 0 2 2 2 0 2 2 2 2 0 2 2 2 2 2 2
1731 0 2 2 2 2 2 0 2 2 0 2 2 2 0 2 2 2 2 2 2 2 2 2 0 2 2 0 2 2 2 2 2 2 0 2 2 2 2 2 2 2 0 2 2 0 2 2 0 2 2 2 2 2 2 2 2 2 2 2 2 2 2 0 2 2 2 2 2 0 2 2 2 2 2 2 2 2 2 2 2 2 2 2 2 2 2 2 2 2 2 2 2 2 2 2 2 0 2 2 2 2 2 2 2 2 2 2 2 0 2 2 2 2 0 2 2 2 0 0 2 2 2 2 2 2 0 0 2 2 2 2 2 2 2 2 2 2 2 2 0 0 2 2 2 2 2 2 0 1 2 2 2 2 2 0 0 2 2 2 0 0 2 2 2 2 2 2 2 2 0 0 2 2 2 2 2 2 2 0 0 2 0 2 0 2 2 2 2 2 2 2 2 2 2 2 2 2 2 2 2 2 2 2 2 2 2 0 2 2 2 2 2 2 2 2 2 2 2 2 2 2 2 2 2 0 2 2 2 2 0 2 2 0 2 2 2 2 0 0 2 2 2 2 2 2
1732 2 0 2 2 2 2 2 0 2 2 2 2 2 2 2 2 2 2 2 2 2 2 2 2 0 2 2 2 2 2 2 2 0 2 2 1 2 0 2 2 2 2 2 2 2 2 2 2 2 2 2 2 0 2 2 2 0 0 2 2 2 2 2 2 2 2 0 2 0 0 2 2 2 0 2 2 2 2 0 2 2 2 2 2 2 2 2 2 2 2 0 2 2 2 2 0 2 2 0 2 2 0 0 2 0 2 2 2 2 0 2 2 2 2 2 0 2 2 2 0 0 2 2 2 2 2 2 0 0 2 2 0 2 0 0 2 0 0 2 2 2 2 2 0 2 2 2 2 2 2 0 0 2 0 2 2 0 2 0 2 2 2 2 2 0 0 2 2 0 2 2 0 2 2 2 2 2 0 2 2 2 2 2 2 2 0 2 2 0 2 1 2 2 2 0 2 2 2 0 0 2 0 0 2 0 2 2 2 2 2 0 2 2 2 2 2 0 2 2 2 2 2 2 0 2 2 2 2 0 2 2 2 2 2 2 2 2 2 2 0 2 0 0 0 1
1733 2 0 2 2 2 2 2 0 2 2 2 2 2 2 0 2 2 2 2 2 2 0 2 2 0 2 2 0 2 2 2 0 0 2 2 1 2 0 2 2 2 2 0 0 2 2 0 2 2 2 2 0 0 2 2 2 0 0 2 2 2 2 2 2 2 2 0 2 0 0 0 2 2 0 2 2 2 2 0 0 2 0 2 2 2 2 2 2 0 2 0 2 2 2 2 0 2 0 0 2 0 0 0 2 0 0 2 0 2 0 2 2 0 2 2 0 2 0 2 0 0 2 0 0 2 2 2 2 0 2 0 0 2 0 0 2 0 0 2 2 2 0 2 0 2 2 0 2 1 0 0 0 0 0 0 2 0 2 0 2 2 2 2 2 0 0 2 2 0 2 2 0 2 2 2 2 2 0 2 2 2 2 2 2 2 0 2 2 0 2 1 2 2 2 0 2 2 2 0 0 0 0 0 2 0 2 2 2 0 0 0 2 2 2 2 2 0 2 0 2 2 2 2 0 2 2 2 2 0 2 2 2 2 2 2 2 0 2 2 0 2 0 0 0 1
1734 0 0 2 2 0 2 2 0 0 0 2 0 0 0 0 2 2 0 0 2 0 0 0 0 0 2 2 0 0 0 2 0 0 2 2 1 0 0 2 2 0 0 0 0 0 2 0 0 0 0 2 0 0 0 0 0 0 0 2 0 2 2 0 2 0 0 0 0 0 0 0 0 0 0 2 0 2 0 0 0 2 0 0 0 2 2 2 0 0 2 0 2 0 2 2 0 2 0 0 2 0 0 0 0 0 0 2 0 2 0 0 2 0 0 0 0 2 0 0 0 0 0 0 0 0 2 0 0 0 2 0 0 2 0 0 2 0 0 2 2 0 0 2 0 2 2 0 0 1 0 0 0 0 0 0 0 0 2 0 0 2 2 0 2 0 0 2 2 0 0 2 0 2 0 2 2 2 0 0 0 2 0 2 2 0 0 0 2 0 2 1 2 0 2 0 2 2 2 0 0 0 0 0 2 0 0 2 2 0 0 0 0 2 2 0 2 0 0 0 2 2 0 0 0 2 0 2 2 0 2 2 2 0 0 0 2 0 0 0 0 2 0 0 0 0
1735 0 2 2 2 2 2 2 2 0 0 2 0 2 0 2 2 2 0 0 2 2 2 2 0 2 2 2 2 0 0 2 2 2 2 2 2 2 2 2 2 2 1 2 2 0 2 2 2 0 2 2 2 2 0 2 2 2 2 2 2 2 0 0 0 0 2 2 2 0 2 2 0 2 2 2 0 2 0 2 2 2 2 2 2 2 2 2 0 2 2 2 2 2 2 2 2 2 2 2 2 2 2 2 2 2 2 2 2 2 2 2 2 2 2 2 2 2 0 0 2 2 2 2 2 2 2 0 0 2 2 2 2 2 2 2 2 2 2 0 2 0 2 2 2 0 0 2 0 2 2 2 2 2 2 2 0 2 2 2 2 2 0 0 2 2 2 2 0 2 2 2 2 0 2 2 2 0 2 2 0 2 0 2 2 2 2 2 2 2 0 1 2 0 0 2 2 2 2 2 2 2 2 2 2 2 0 2 0 2 2 2 2 2 0 0 0 2 1 2 0 0 2 2 2 2 2 2 2 2 2 0 2 0 0 2 0 2 0 0 2 2 2 2 2 2
1736 2 2 2 2 0 2 2 2 2 2 0 2 0 2 2 0 2 2 2 2 2 2 2 2 2 2 2 2 2 2 2 2 2 2 2 2 0 2 2 2 2 2 2 2 2 2 2 2 2 2 2 2 2 2 2 2 2 2 2 2 2 2 0 2 2 0 2 2 0 2 2 2 2 2 2 2 2 2 0 2 2 2 2 2 0 2 2 2 2 2 2 2 2 2 2 2 2 2 2 2 2 2 2 2 2 2 2 2 2 2 0 2 2 2 2 2 0 2 2 2 2 2 2 2 2 2 0 0 2 2 2 2 2 2 0 2 2 2 2 2 2 2 2 2 2 2 2 2 2 2 2 2 2 2 2 2 0 2 2 2 2 2 2 0 2 2 2 2 2 2 2 2 2 2 2 2 2 2 2 2 2 2 0 2 2 0 2 2 2 2 2 2 2 0 2 2 2 2 0 1 2 2 2 2 0 2 2 2 2 2 2 2 2 2 2 2 2 1 2 2 2 2 2 2 2 2 2 2 2 2 2 0 2 2 2 2 2 2 2 0 0 2 0 0 2
1737 2 2 0 0 0 0 0 0 0 2 0 0 0 2 0 0 0 0 0 0 0 2 0 2 0 0 0 2 0 0 0 2 0 2 0 0 0 2 0 0 2 2 0 0 2 0 0 2 0 0 2 0 0 2 0 0 0 2 0 0 0 0 0 0 0 0 2 0 0 0 0 0 0 0 0 0 0 0 0 2 0 0 0 0 0 0 0 2 0 0 0 0 0 0 2 0 2 0 0 0 0 2 2 0 2 0 0 0 0 2 0 0 0 2 0 0 0 0 0 0 0 0 0 0 0 0 0 0 0 0 0 0 0 0 0 0 0 0 0 0 2 0 0 0 0 0 0 0 1 0 0 0 0 0 0 0 0 0 0 2 0 0 0 0 0 0 0 0 0 2 0 0 0 0 0 0 0 0 2 2 0 0 0 0 0 0 0 0 0 2 1 0 2 0 0 0 0 0 0 0 0 0 0 0 0 0 0 0 0 0 0 0 0 0 0 0 0 0 0 0 0 0 0 0 0 0 0 2 0 0 0 0 2 0 0 0 0 2 0 0 0 0 0 0 0
1738 2 2 2 2 2 2 2 2 2 2 2 2 2 2 0 2 2 2 2 2 2 2 2 2 0 2 2 2 2 2 2 2 2 2 2 1 2 2 2 2 2 2 2 2 2 2 2 2 2 2 0 2 2 2 2 2 2 2 2 2 2 2 2 2 2 2 2 2 2 2 2 2 2 2 2 2 2 2 2 0 2 2 2 2 2 0 2 0 2 2 2 2 2 2 2 2 2 2 2 2 2 2 2 2 0 2 0 2 0 2 2 2 2 2 2 2 2 2 2 2 0 2 2 2 2 2 2 2 2 0 2 2 2 2 2 0 2 2 2 0 2 2 2 0 2 2 2 2 1 2 2 2 2 0 2 0 2 2 1 2 0 2 2 2 2 0 0 2 2 2 2 2 2 2 0 0 2 0 2 2 2 2 2 2 2 2 2 2 2 2 2 2 0 2 0 0 2 0 0 2 2 2 0 2 2 2 2 2 2 2 2 0 2 2 2 2 0 2 2 2 2 2 2 2 2 2 2 2 2 2 2 2 2 2 0 0 2 2 2 0 2 2 2 2 1
1739 2 2 2 2 2 2 2 2 2 2 2 2 2 2 2 2 2 2 2 2 2 2 2 2 2 2 2 2 2 2 2 2 2 2 2 2 2 2 2 2 2 0 2 2 2 2 2 0 0 2 2 2 2 2 2 2 2 2 2 2 2 2 2 2 2 2 2 2 2 2 2 2 2 2 2 2 2 2 2 2 2 2 2 2 2 2 2 2 2 2 2 2 2 2 2 2 2 2 2 2 2 2 2 2 2 0 2 2 2 2 2 2 2 0 2 2 2 2 2 2 2 2 2 2 2 2 2 2 2 2 2 2 2 2 2 2 2 2 2 2 0 2 2 2 2 2 2 2 2 0 2 2 2 2 2 2 2 2 2 0 2 2 2 2 2 2 2 2 2 0 2 2 2 2 2 2 2 2 0 0 2 2 2 2 2 2 2 2 2 2 2 2 2 2 2 2 2 2 2 2 2 2 2 2 2 2 2 2 2 2 2 2 2 2 2 0 2 2 2 2 2 2 2 2 2 2 2 2 2 2 2 2 0 2 2 2 0 0 2 2 2 2 2 2 2
1740 2 2 2 2 2 2 0 2 0 2 0 2 2 2 2 2 2 2 2 2 2 2 2 2 2 2 2 2 2 2 2 2 0 2 2 2 2 2 2 2 0 2 2 0 2 2 2 2 2 2 2 2 2 2 2 2 2 2 2 2 2 2 2 2 2 2 2 2 2 0 2 2 0 2 2 2 2 2 0 2 2 2 0 0 2 2 2 2 2 2 2 2 0 2 2 0 2 2 2 2 2 2 2 2 2 2 2 2 0 2 2 0 2 2 2 2 2 2 2 0 2 2 2 0 2 0 2 2 2 0 2 2 2 0 2 2 2 2 2 2 2 2 2 2 2 2 2 2 2 2 2 2 2 2 0 2 2 2 2 2 2 2 2 2 2 2 2 2 2 2 2 2 2 2 2 2 2 2 2 2 2 2 2 2 2 2 2 2 2 2 2 2 2 2 2 2 2 0 2 2 2 2 2 0 2 2 0 2 2 2 2 2 2 2 0 2 2 2 2 2 2 2 2 2 2 0 2 2 2 2 2 2 2 2 2 2 2 2 2 2 2 2 2 2 2
1741 2 0 2 2 2 0 2 0 2 2 2 2 2 2 2 2 0 2 2 0 2 0 2 2 0 0 0 0 2 2 2 0 2 0 2 1 2 0 0 0 2 0 2 2 2 2 0 2 0 0 0 0 2 0 2 2 2 0 2 2 2 2 2 0 0 2 0 2 0 2 0 2 2 2 0 2 2 2 2 0 2 0 2 2 2 0 2 0 0 2 0 0 2 0 0 2 0 0 0 2 0 2 0 0 2 0 0 0 2 0 2 2 0 2 2 2 2 0 2 2 2 2 0 2 0 2 2 0 2 2 0 2 2 2 0 0 0 0 0 0 2 0 0 0 0 0 0 0 1 0 2 2 2 0 2 2 0 0 1 2 0 0 0 2 0 0 0 0 0 2 0 0 0 0 0 2 0 0 2 2 2 0 0 0 0 0 2 0 0 0 1 2 0 0 2 0 0 2 0 0 0 0 0 2 0 0 2 0 0 0 0 2 2 0 2 2 0 1 2 0 0 0 2 0 0 2 2 0 0 0 0 2 2 0 2 0 0 2 2 0 2 2 0 0 1
1742 2 2 2 2 2 2 2 2 2 2 2 0 2 2 2 2 0 2 2 2 2 0 2 2 2 2 2 0 2 2 0 0 2 2 0 2 2 2 2 0 2 2 1 2 2 2 0 2 2 2 2 0 2 2 2 2 2 2 2 2 2 2 2 2 0 2 2 2 2 2 2 2 2 2 0 2 2 0 2 2 2 0 0 2 2 2 2 2 2 0 2 2 0 2 2 2 2 2 2 2 2 2 2 2 0 2 2 2 2 2 2 2 0 2 2 2 2 0 2 2 2 2 2 2 2 2 2 2 2 2 0 2 2 2 2 2 2 2 2 2 2 2 2 2 2 2 0 2 2 2 0 2 0 2 2 2 2 2 2 2 2 2 2 2 2 2 2 2 0 2 2 2 2 0 2 2 2 2 2 2 2 2 2 2 0 2 0 2 2 2 2 2 2 2 2 2 2 0 2 1 2 2 2 2 2 2 2 2 0 2 2 2 2 2 2 2 2 2 2 2 2 2 2 2 2 0 2 2 2 1 0 2 2 2 2 2 2 2 2 2 2 2 2 2 2
1743 0 0 0 0 0 0 0 0 0 0 0 0 0 0 0 0 0 0 0 0 0 0 0 0 0 0 0 0 0 0 2 0 0 0 0 0 0 0 2 2 0 0 0 0 0 0 0 0 0 0 0 2 0 0 0 0 0 0 0 2 2 0 0 2 0 0 0 0 0 0 0 0 2 0 0 0 0 0 0 0 2 0 0 0 0 0 0 0 0 0 0 2 0 0 0 0 0 2 0 0 2 0 0 2 0 2 0 0 0 0 0 0 0 0 2 0 0 0 0 0 0 0 0 0 0 0 2 2 0 0 2 0 0 0 2 0 0 0 2 0 0 2 0 0 2 0 2 0 0 2 2 0 0 0 0 0 0 0 0 2 0 0 0 0 0 0 0 1 0 2 0 0 0 2 0 0 2 0 2 0 0 0 0 0 2 0 0 0 2 0 0 0 0 2 0 0 0 0 2 0 0 0 0 0 2 2 0 2 0 0 0 0 0 2 2 0 0 0 0 2 2 0 0 0 0 0 0 0 0 2 0 0 0 0 0 0 0 0 0 2 0 0 0 0 0
1744 0 2 2 2 2 2 0 0 0 0 2 0 2 0 2 2 2 0 2 2 0 0 2 0 0 2 2 1 0 2 2 0 0 2 2 2 2 2 2 2 0 2 0 1 0 2 0 0 2 0 0 2 0 2 2 2 0 2 2 2 0 0 2 2 0 2 2 0 2 2 2 0 2 0 2 2 2 0 2 2 2 2 0 0 2 0 2 2 2 2 2 2 0 0 0 0 2 2 0 2 2 0 2 2 0 2 2 2 0 2 2 0 2 2 2 0 0 2 0 0 2 2 2 0 0 0 2 2 0 2 2 0 2 0 2 0 0 0 2 0 2 2 2 0 2 2 2 0 2 2 2 2 0 0 0 0 0 2 0 2 0 2 2 2 0 2 0 2 2 2 0 0 0 2 0 2 2 0 2 2 0 2 0 2 2 0 2 0 2 2 2 0 2 2 0 0 2 0 2 2 2 0 0 2 2 2 2 2 0 2 2 2 2 2 2 2 0 0 0 2 2 0 0 2 0 0 0 0 2 2 2 2 2 2 2 2 0 2 0 2 0 2 0 2 2
1745 2 0 2 2 0 2 0 0 2 2 2 0 0 2 0 2 0 0 2 2 2 0 0 2 2 2 0 0 0 2 2 0 2 0 0 0 2 0 2 2 2 2 1 2 2 2 2 2 0 2 2 2 2 2 0 0 2 0 2 0 2 2 0 2 0 0 0 2 0 0 0 2 0 2 0 2 2 0 2 2 2 2 0 0 2 0 2 1 0 0 0 2 0 2 0 2 0 0 0 2 2 0 0 0 0 2 0 0 0 0 2 0 0 2 1 2 0 2 0 2 0 2 0 2 2 0 0 2 2 2 0 2 2 2 0 0 2 2 2 0 2 2 0 0 0 2 2 2 1 2 0 0 0 0 0 1 2 2 0 0 0 2 0 2 0 0 0 1 0 0 0 0 0 2 0 0 2 0 0 2 0 0 2 0 2 2 0 0 2 2 1 0 0 2 0 0 2 0 0 1 2 0 0 0 0 2 0 0 2 2 2 0 2 1 0 0 0 0 0 2 0 0 2 2 0 0 0 0 2 2 2 2 2 2 0 2 0 2 0 0 0 2 2 2 2
1746 2 2 2 2 2 2 2 2 2 2 2 2 2 2 2 2 2 2 2 2 2 2 2 2 2 2 2 2 2 2 2 2 2 2 2 2 2 2 2 2 2 2 2 2 2 2 2 2 2 2 2 2 2 2 2 2 0 2 2 2 2 2 2 2 2 2 2 2 2 2 2 2 2 2 2 2 2 2 2 2 2 2 2 2 2 2 2 2 2 2 2 2 2 0 2 2 2 2 2 2 2 2 2 2 2 0 2 2 0 2 2 2 2 2 2 2 2 2 2 2 2 2 2 2 2 2 2 2 2 2 2 2 2 2 2 2 2 2 2 2 2 2 2 2 2 2 2 2 2 2 2 2 2 2 2 2 2 2 2 0 2 2 2 2 2 0 0 2 2 0 2 2 2 2 0 2 2 2 0 2 2 2 2 2 2 2 2 2 2 2 2 2 2 2 2 2 2 2 2 2 0 2 0 2 2 2 2 2 2 0 0 0 2 2 2 2 0 2 2 2 2 2 2 2 2 2 2 0 2 0 2 2 2 2 0 0 2 2 2 2 2 2 2 2 2
1747 2 2 0 2 0 2 0 0 2 2 0 2 0 2 2 0 0 2 0 2 0 2 2 2 2 2 2 2 2 0 2 2 2 2 2 2 0 2 2 0 0 2 0 0 2 0 0 2 2 0 2 2 2 2 2 2 0 2 0 2 2 2 2 2 0 0 2 0 0 2 2 2 0 2 0 0 0 2 0 2 0 0 2 0 2 2 0 2 2 2 2 2 2 0 0 2 2 2 0 0 2 2 2 2 0 2 2 2 2 2 0 0 2 2 2 2 0 2 2 2 2 2 0 0 2 0 2 0 2 2 0 2 0 2 0 2 2 0 2 2 2 2 2 2 2 2 2 0 2 0 0 2 0 2 0 0 2 2 2 0 2 2 2 0 2 2 2 2 2 0 2 0 2 0 2 2 2 2 0 2 2 2 2 2 0 2 0 2 2 2 2 2 2 0 2 2 2 0 2 2 0 2 2 0 0 2 0 2 0 2 2 2 0 2 2 2 2 1 0 2 2 0 0 2 2 2 2 0 2 0 2 2 2 2 2 2 2 2 2 2 0 2 2 2 2
1748 0 2 0 0 0 0 0 2 0 0 0 0 0 0 2 2 2 0 0 0 0 0 0 0 0 0 0 0 0 0 2 0 0 0 2 0 2 0 0 0 0 0 0 1 0 0 0 0 0 0 0 0 2 0 0 0 0 1 0 0 0 0 0 0 0 0 0 0 0 2 0 0 0 2 2 0 0 0 2 0 0 0 0 0 0 0 0 0 0 2 0 0 0 0 2 0 2 0 2 0 0 0 2 0 0 0 0 0 0 0 2 0 2 0 0 0 2 0 2 0 0 0 0 1 0 0 0 0 0 0 0 2 2 0 0 0 2 2 0 0 0 0 2 0 0 0 0 0 1 2 2 0 0 0 0 0 2 2 0 0 2 0 0 0 2 0 0 0 0 0 0 2 2 0 0 0 0 0 0 0 0 0 0 0 0 2 2 0 0 0 0 0 0 2 0 0 0 2 0 0 2 2 0 0 0 0 2 0 0 0 0 0 0 0 0 0 0 0 0 0 0 0 0 2 0 0 0 2 0 0 0 0 0 0 0 0 0 0 2 0 2 0 2 0 0
1749 0 2 0 0 0 2 0 2 0 0 0 0 0 0 2 0 2 0 0 0 0 0 2 0 1 2 2 0 0 0 2 0 0 0 0 2 2 2 0 0 0 0 0 0 0 0 0 0 0 2 0 0 2 0 2 2 0 2 0 0 0 0 0 0 1 0 2 0 0 2 0 0 0 2 2 0 0 0 2 2 0 2 2 0 2 0 0 0 0 0 0 0 2 0 2 0 0 0 2 0 0 0 2 0 0 0 0 0 1 2 2 0 2 0 0 0 0 0 1 0 2 0 0 0 2 0 0 0 0 2 0 2 2 0 2 0 2 0 0 2 0 0 2 2 0 0 0 0 1 2 0 0 0 0 0 0 2 2 1 0 0 0 0 2 2 2 2 0 2 0 2 2 2 0 2 2 0 0 0 0 0 2 0 2 0 2 2 0 0 0 1 0 0 2 0 2 2 2 0 0 2 2 2 2 2 0 1 0 0 0 0 1 0 0 0 0 2 2 0 0 0 2 0 2 2 2 0 2 0 0 1 2 0 0 1 0 0 0 1 0 0 1 2 0 1
1750 0 0 2 2 2 2 0 2 0 0 2 2 2 0 2 0 2 0 2 0 0 2 2 0 2 2 0 2 0 2 2 2 0 2 2 2 0 2 2 0 2 2 2 2 0 2 2 0 0 2 0 2 0 0 2 2 2 2 2 2 2 0 2 2 2 2 2 0 2 0 2 0 0 0 2 2 2 2 0 0 0 0 2 2 2 0 2 0 2 2 2 2 2 0 0 0 2 2 2 2 2 2 0 2 2 2 0 2 2 2 0 2 0 2 2 0 0 0 2 0 2 0 0 2 0 0 2 2 2 2 2 2 0 0 2 0 2 0 2 2 0 2 0 0 2 0 2 2 2 2 0 0 2 0 2 0 0 0 0 0 0 0 2 2 0 0 2 2 2 0 2 0 0 2 2 0 2 0 0 0 0 0 0 0 2 0 2 2 2 2 2 2 0 2 2 0 0 0 0 0 2 0 0 2 2 0 2 0 2 2 0 2 2 2 0 0 0 0 2 2 2 0 0 0 2 2 2 0 2 2 2 2 0 2 2 0 0 0 2 0 0 2 2 0 2
1751 0 0 0 0 0 2 0 0 0 0 0 0 0 0 0 0 2 0 0 0 0 0 0 0 0 0 0 0 0 0 0 0 0 0 0 0 0 0 0 0 0 0 0 0 0 0 0 0 0 0 0 0 0 0 0 0 0 0 0 0 0 0 0 0 0 0 0 0 0 0 0 0 0 0 2 0 0 0 0 0 0 0 0 0 0 0 0 0 0 0 0 0 0 0 0 0 0 0 0 0 0 2 0 0 0 0 0 0 0 0 0 0 0 0 0 0 0 2 0 0 0 0 0 0 0 0 0 0 0 0 0 0 0 0 0 0 2 0 0 2 0 0 0 0 0 0 0 0 1 0 0 0 0 0 0 0 0 0 0 0 0 0 2 2 2 0 0 0 2 0 2 0 2 0 0 0 0 0 0 0 2 0 2 0 0 0 0 0 2 0 0 2 0 2 2 0 0 0 0 2 0 2 0 0 0 0 0 0 0 0 0 0 0 0 0 0 0 0 0 0 0 0 0 0 2 0 2 2 0 0 0 0 0 0 0 0 0 0 0 0 0 0 0 0 0
1752 2 2 2 2 2 2 2 2 2 2 2 2 2 2 2 2 2 2 2 2 2 2 2 2 0 2 0 2 2 2 2 2 2 2 0 0 0 2 2 2 2 2 2 0 2 2 2 2 2 2 2 2 2 2 2 2 2 2 2 2 2 2 2 2 2 2 2 2 2 0 2 2 0 2 2 2 2 2 0 0 2 0 2 2 0 0 2 2 0 0 2 2 2 0 0 2 2 2 2 2 2 0 2 2 2 2 2 0 0 2 0 2 2 2 2 2 2 2 0 2 0 2 2 0 0 2 2 2 2 2 2 0 2 2 2 0 0 2 2 2 2 2 0 0 2 2 2 2 2 2 0 2 2 2 2 0 0 0 1 2 2 2 2 2 2 2 0 2 0 2 2 0 2 2 0 0 2 2 2 2 0 2 2 0 2 0 0 0 2 2 2 0 2 2 2 0 0 0 2 2 2 2 2 2 2 2 0 2 2 2 2 2 2 2 2 2 2 1 2 2 2 2 2 0 2 2 0 2 2 2 0 0 2 2 2 2 2 2 0 2 2 0 0 2 0
1753 0 2 0 0 0 0 0 0 0 0 0 0 0 0 2 2 2 0 0 0 0 0 0 0 0 2 0 0 0 0 2 0 0 0 0 0 0 0 0 0 0 0 0 0 0 0 0 0 0 0 0 0 2 0 0 0 0 0 0 0 0 0 0 0 0 0 0 0 0 0 0 0 2 2 2 0 0 0 0 0 0 0 2 0 0 0 0 0 0 0 2 0 2 0 0 0 0 0 0 0 0 0 2 0 0 0 0 0 0 0 0 0 0 0 0 0 0 0 0 0 0 0 0 0 2 0 0 0 0 0 0 2 0 0 0 0 0 2 0 2 0 0 0 0 0 0 0 2 1 2 0 0 0 0 0 0 0 0 0 0 0 0 0 2 0 2 0 0 0 0 0 0 0 2 0 0 0 0 0 0 0 0 2 0 2 0 2 0 0 0 0 0 0 0 0 0 0 0 0 0 2 0 0 2 0 0 0 0 0 0 0 0 0 0 0 0 0 0 0 0 0 0 0 0 0 2 0 0 0 2 0 0 0 0 0 0 0 0 0 0 0 0 0 0 0
1754 2 2 2 2 0 0 2 0 2 2 0 2 0 2 0 0 2 2 0 2 2 2 0 2 2 0 0 2 2 0 2 2 0 0 2 1 2 2 0 0 2 0 0 2 2 2 0 0 0 2 2 0 2 2 0 0 0 2 2 2 2 0 0 0 0 0 2 2 0 2 0 0 0 2 2 0 2 2 2 0 2 2 2 2 2 2 2 2 0 2 0 0 2 2 0 0 0 2 0 2 0 0 2 2 0 0 2 2 0 2 2 2 0 0 0 2 0 0 2 0 2 2 0 2 0 2 2 2 0 0 2 0 0 0 2 2 0 2 0 2 2 0 0 2 2 0 0 0 0 2 2 0 0 0 0 0 2 2 1 2 0 0 0 2 0 0 0 0 0 2 0 2 0 2 0 2 0 0 2 0 0 2 2 0 2 2 0 0 0 0 0 0 2 2 0 0 2 2 0 0 2 0 0 0 2 2 2 0 0 2 0 0 2 2 2 2 0 1 0 0 2 0 2 2 0 2 0 2 2 0 0 2 0 0 0 0 0 0 2 0 0 2 0 2 2
1755 0 2 0 2 0 2 0 2 0 0 2 2 0 0 2 2 2 0 0 0 0 2 2 0 2 2 2 2 0 0 2 2 0 2 2 2 2 0 2 2 2 0 2 2 0 0 2 0 2 2 0 2 2 2 2 2 2 0 0 0 2 2 0 2 2 0 0 0 0 2 2 2 2 2 2 0 0 2 2 2 0 0 2 2 2 2 0 0 2 2 2 2 2 2 2 0 2 2 2 0 2 2 2 0 2 2 2 2 2 0 2 0 2 0 2 2 2 2 2 0 2 0 2 2 2 0 2 2 2 2 0 0 2 0 0 2 2 2 0 2 0 2 2 2 0 0 2 2 2 2 2 2 2 2 2 2 2 2 2 0 2 0 2 2 2 2 2 2 2 0 2 2 2 2 2 2 2 2 0 0 2 0 2 2 2 2 2 2 2 0 1 2 0 0 2 2 2 2 2 2 2 2 2 2 0 2 2 2 2 0 2 2 0 0 2 0 2 1 0 2 0 0 0 2 2 2 2 2 0 2 2 2 0 2 2 2 2 0 2 2 2 2 2 0 2
1756 0 2 2 0 0 2 0 0 2 0 0 0 0 0 2 0 2 0 0 2 0 0 2 0 2 2 2 0 0 0 2 0 0 0 0 2 0 0 2 0 0 0 0 2 0 2 1 0 0 2 0 2 2 0 2 2 0 0 2 0 0 2 2 0 0 0 0 0 1 0 0 1 2 2 2 0 2 0 0 2 0 0 2 2 2 2 2 0 1 0 2 2 2 0 0 0 2 2 0 2 2 2 2 0 1 2 2 2 0 0 0 2 2 1 0 2 2 0 2 0 2 0 0 2 2 0 0 2 0 2 0 2 2 0 0 2 2 2 0 2 0 2 2 0 0 2 2 1 2 2 0 2 0 0 2 0 0 2 0 0 0 0 0 2 2 2 2 1 2 0 1 0 2 2 2 2 0 0 0 0 2 0 2 2 2 0 2 2 2 2 2 2 0 0 2 2 0 0 0 2 2 2 1 2 0 2 2 0 2 0 0 2 2 0 2 0 0 0 0 0 0 0 0 0 0 2 2 2 0 0 0 2 0 2 2 2 2 0 2 0 2 2 2 0 2
1757 2 2 2 0 2 2 2 0 2 2 2 2 2 2 2 2 2 2 2 2 0 2 2 2 2 2 2 2 2 2 2 2 2 0 2 2 2 2 2 2 0 2 2 2 2 2 0 2 2 2 2 0 2 2 2 2 2 2 2 2 2 2 2 0 2 2 2 2 2 2 2 2 2 2 2 2 2 2 2 2 2 2 2 2 2 2 2 2 2 2 2 2 2 2 2 2 2 2 0 2 2 2 2 2 2 2 2 2 2 2 2 2 2 2 2 2 2 2 2 2 2 2 2 2 2 2 2 2 2 2 0 2 2 2 2 2 2 2 2 2 2 2 2 2 2 2 0 2 2 2 2 2 2 2 2 2 2 2 2 2 2 2 0 2 2 2 2 1 2 2 2 2 2 2 2 2 0 2 2 2 2 2 2 2 2 2 2 2 2 2 2 2 2 2 2 2 2 2 2 2 2 2 2 2 2 2 2 2 0 2 2 2 2 2 2 2 2 2 2 0 2 2 2 2 2 2 2 2 2 2 2 2 2 2 2 2 2 2 2 2 2 2 2 2 2
1758 2 2 0 2 2 2 2 0 0 2 0 2 2 2 2 2 2 0 2 0 2 2 2 2 2 2 2 2 0 2 2 2 2 2 2 2 2 0 0 2 2 2 2 2 2 0 2 2 0 2 2 2 2 2 2 2 2 0 0 2 2 2 2 2 2 2 0 2 2 2 2 2 2 2 2 2 0 2 2 2 2 2 0 2 2 2 0 2 2 2 2 0 0 2 2 2 2 2 0 0 2 2 2 2 2 2 2 2 2 0 2 2 2 2 2 0 2 2 2 2 2 2 2 2 2 2 2 2 2 2 2 2 2 2 2 2 2 2 2 2 2 2 2 2 2 2 2 2 2 2 2 2 2 2 2 2 2 2 2 0 2 2 2 2 2 2 2 2 2 0 2 2 2 2 2 2 2 2 0 2 2 2 2 2 2 2 2 2 2 2 2 2 2 2 2 2 2 2 2 2 2 2 2 2 2 2 2 2 2 2 2 2 0 2 2 2 2 2 2 2 2 2 2 2 2 0 2 2 2 0 2 2 2 2 2 2 2 2 2 2 2 2 2 2 2
1759 2 2 2 2 2 2 2 2 2 2 2 2 2 2 2 0 2 2 2 2 2 2 2 2 2 2 2 2 2 2 2 2 2 2 2 2 2 2 2 2 2 2 2 2 2 2 2 2 2 2 2 2 2 2 2 2 2 2 2 2 2 2 2 2 2 2 2 2 0 2 2 2 2 2 2 2 2 2 2 2 2 2 2 2 2 0 2 2 2 2 2 2 2 2 2 2 2 0 2 2 2 2 2 2 2 2 2 2 2 2 2 2 2 2 0 2 2 2 2 2 2 2 2 2 2 2 2 2 2 2 2 2 2 2 2 2 2 2 0 0 2 2 2 2 2 2 2 2 2 2 2 2 2 2 2 2 2 2 2 2 2 2 2 0 0 2 2 2 2 2 2 2 0 2 2 2 2 2 2 2 2 2 2 2 2 2 2 2 0 2 2 2 2 2 0 2 2 0 2 2 2 0 2 2 2 2 0 2 2 2 2 2 2 2 2 2 2 2 2 2 2 2 2 2 2 2 2 0 2 2 2 2 2 0 2 2 2 2 2 2 2 2 2 2 2
1760 2 2 2 2 2 2 2 2 2 2 0 2 2 2 2 2 2 2 2 0 2 2 2 2 2 2 2 2 2 2 2 2 2 2 2 1 2 2 2 2 2 2 1 2 2 2 2 2 2 2 2 2 2 2 2 2 2 2 2 2 2 2 0 2 2 2 2 2 2 2 2 0 2 2 2 2 2 2 2 2 0 2 0 2 2 2 2 2 2 2 2 2 0 2 2 2 2 2 2 2 2 2 2 2 2 2 2 2 2 2 2 0 2 2 2 2 0 2 0 2 0 2 2 2 2 2 2 0 0 2 2 2 2 2 2 2 2 2 2 2 2 2 2 2 2 2 2 2 2 2 2 2 0 2 0 2 2 2 2 2 2 2 2 2 2 2 2 2 0 2 2 2 2 2 2 2 2 2 2 2 2 2 2 2 2 2 2 2 2 2 2 2 2 0 2 2 2 2 2 2 2 2 2 2 2 2 2 2 2 2 2 2 2 2 2 0 2 1 0 2 2 2 2 2 2 0 2 2 0 2 2 2 2 2 2 2 2 2 0 2 0 2 2 2 2
1761 2 0 2 0 2 0 2 2 2 2 0 2 2 2 0 0 0 2 2 0 2 2 2 2 2 0 0 2 2 2 2 2 0 2 0 1 2 2 2 0 0 2 1 2 2 2 2 2 0 0 2 2 0 2 2 2 0 2 2 0 0 0 2 0 0 2 2 2 2 0 2 2 2 0 0 2 2 2 2 0 2 2 2 0 2 0 2 0 2 0 2 2 2 2 2 0 0 0 2 2 2 0 0 2 2 2 2 0 0 2 2 2 0 2 0 2 2 0 2 0 2 2 2 2 2 2 2 2 2 0 2 0 0 0 0 0 0 0 2 2 2 2 0 2 0 0 2 2 0 2 2 0 0 0 0 0 2 0 2 2 2 0 2 0 0 2 2 1 2 2 0 2 0 0 2 2 2 0 2 2 2 2 2 0 0 2 2 2 0 0 1 2 0 2 0 0 0 0 0 2 2 0 2 0 2 2 0 0 2 2 2 2 2 0 2 2 2 2 0 2 0 2 2 2 0 2 2 0 2 2 0 2 2 0 2 2 2 2 2 0 2 2 2 2 2
1762 2 2 0 2 2 2 2 2 2 2 2 2 2 2 2 2 2 2 2 2 2 2 2 2 2 2 2 2 2 2 2 2 2 2 2 2 2 2 0 2 2 2 2 2 2 0 2 2 0 0 2 2 2 2 2 2 2 2 0 2 2 2 2 2 2 2 2 2 2 2 2 2 0 2 2 2 0 2 0 2 2 2 2 2 2 2 0 2 2 2 2 0 2 2 2 2 2 2 2 0 2 2 2 2 2 0 2 2 2 2 2 2 2 2 2 2 2 2 2 2 2 2 2 2 2 2 2 2 2 2 2 2 2 2 2 2 2 2 2 2 2 2 2 2 2 2 2 2 2 2 2 2 2 2 2 2 2 2 2 2 2 2 2 2 2 2 2 2 2 2 2 0 2 2 2 2 2 2 2 2 2 2 2 2 2 2 2 2 2 2 2 2 2 2 2 2 2 2 2 2 2 2 2 2 2 2 2 2 2 0 2 2 0 2 2 2 2 2 2 2 2 2 2 0 2 2 2 2 2 2 2 2 2 2 2 0 2 2 2 2 2 2 2 2 2
1763 0 2 2 0 2 0 2 2 2 0 2 2 2 0 2 2 2 2 2 2 2 2 0 0 2 2 2 2 2 2 0 2 2 2 2 2 0 0 2 2 2 2 2 2 0 2 2 2 2 2 2 2 2 2 0 0 2 0 2 2 2 2 2 2 2 2 0 2 2 2 2 2 2 2 2 2 2 2 2 2 0 2 0 2 2 2 2 2 2 2 2 2 0 2 0 2 2 2 2 2 2 2 2 2 2 2 2 2 2 0 2 0 2 2 2 2 2 2 2 2 2 2 2 2 2 2 0 0 0 2 2 2 2 2 2 2 2 2 2 2 2 2 2 2 2 0 2 2 1 2 2 0 2 2 2 2 2 2 2 2 2 0 2 2 2 2 2 2 0 2 0 2 2 2 2 2 2 2 2 2 2 2 2 2 2 2 2 0 2 2 2 2 2 2 2 2 2 2 2 2 2 2 2 2 2 2 2 2 2 2 2 2 2 2 2 2 2 2 2 2 2 2 2 2 0 0 2 2 2 0 2 2 2 2 2 0 2 2 2 2 2 2 2 2 2
1764 2 2 2 2 2 2 2 2 2 2 2 2 2 2 0 2 0 2 2 2 2 2 2 2 0 2 0 2 2 2 2 2 2 2 0 1 0 0 2 2 2 2 2 2 2 2 2 2 2 2 2 2 2 2 2 2 2 0 2 2 2 2 2 2 2 2 0 2 2 2 2 2 2 2 0 2 2 2 2 2 2 2 0 2 0 2 2 2 2 0 2 2 0 0 2 2 2 2 2 2 2 2 2 2 2 2 2 0 2 0 0 2 2 2 2 2 2 2 2 2 2 2 2 2 2 2 2 2 2 2 0 2 2 2 2 2 0 2 2 0 2 2 2 2 2 2 2 2 1 2 0 2 2 2 2 2 0 2 1 2 0 2 2 2 0 0 2 2 2 2 2 2 0 0 2 2 2 2 2 2 2 2 2 0 0 0 2 2 2 2 2 2 2 2 2 0 2 2 2 2 2 0 2 2 2 2 2 2 2 2 2 0 2 2 2 2 2 2 2 2 2 2 2 2 2 0 2 2 2 2 2 0 2 2 0 2 2 2 2 2 2 0 2 2 2
1765 2 0 2 2 2 2 2 0 2 2 2 2 2 2 2 2 2 2 2 2 0 2 2 2 2 0 2 2 2 2 2 2 2 2 2 1 2 2 2 2 2 2 2 2 2 2 2 2 2 2 2 2 2 2 2 2 2 2 2 2 2 2 2 2 2 2 2 2 2 2 2 2 0 2 2 2 2 2 0 2 2 2 2 2 2 2 2 2 2 2 2 2 2 2 2 2 2 2 0 2 0 2 0 2 0 0 2 2 2 2 2 2 2 2 2 2 2 2 0 2 0 2 2 2 2 2 2 2 2 2 2 2 2 2 2 2 2 2 2 2 2 0 2 2 2 2 2 2 2 2 2 0 2 2 2 2 2 2 2 0 2 2 2 2 2 2 2 2 2 0 2 2 2 2 2 0 2 2 0 2 2 2 2 2 2 2 2 2 2 2 1 2 2 2 2 2 2 2 2 1 2 2 0 2 2 2 2 2 2 0 2 2 2 2 0 2 0 2 2 2 2 2 2 2 2 2 2 2 2 2 2 2 2 2 2 2 2 2 0 2 2 2 2 2 2
1766 0 0 0 0 0 0 0 0 0 0 0 0 0 0 2 0 0 0 0 0 0 0 0 0 0 0 0 0 0 0 0 0 0 0 0 0 0 0 0 0 2 0 0 0 0 0 0 0 0 0 0 0 0 0 0 0 2 0 0 0 0 0 0 0 0 0 0 0 0 0 0 0 0 0 0 0 0 0 0 2 0 0 0 0 0 0 0 2 0 0 0 0 0 0 0 0 0 0 0 0 0 0 0 0 0 0 0 0 0 0 0 0 0 0 0 0 0 0 0 0 0 0 0 0 0 0 0 0 0 0 0 0 0 0 0 0 0 0 0 0 0 0 0 0 0 2 0 0 1 0 0 0 0 0 0 0 0 0 0 0 0 2 0 2 0 0 0 0 0 0 0 0 0 2 0 0 0 0 0 0 0 0 0 0 2 0 0 2 0 2 1 0 2 0 0 0 0 0 0 1 0 0 0 0 0 0 0 0 0 0 0 0 0 0 0 0 0 1 0 0 0 2 0 0 0 0 0 2 0 0 0 0 0 0 0 0 0 0 0 0 0 0 0 0 0
1767 0 2 2 2 2 2 2 0 2 0 0 2 2 0 2 2 2 2 0 0 2 2 2 0 2 0 2 2 2 0 2 2 2 2 2 2 0 0 2 0 2 0 1 2 0 2 2 0 2 2 2 0 2 2 2 2 0 0 2 0 2 0 2 2 2 2 0 2 0 2 0 2 2 2 2 0 2 2 2 2 0 2 2 2 2 2 2 2 2 2 2 2 2 2 2 2 2 0 0 2 2 2 2 0 0 0 2 2 2 0 2 2 2 0 2 0 2 2 2 2 2 0 2 2 2 2 2 0 2 2 2 2 2 2 2 2 2 2 2 2 2 2 2 2 2 2 0 2 2 2 2 0 2 2 2 2 2 2 2 2 0 2 2 2 0 2 2 2 0 2 2 2 0 0 2 2 2 2 2 0 2 0 2 2 0 2 2 2 2 2 2 2 2 2 2 2 2 2 2 1 2 0 0 2 2 2 2 2 2 2 0 2 2 2 2 2 0 2 2 2 2 2 2 2 2 2 2 2 2 2 0 2 0 2 2 2 0 0 2 2 2 2 2 2 2
1768 0 2 2 0 2 2 2 2 2 0 0 2 2 0 2 2 2 2 0 0 2 2 2 0 2 0 2 2 2 0 2 2 2 2 2 2 0 0 2 2 2 0 2 2 0 2 2 0 2 2 2 0 2 2 2 2 0 0 2 0 2 0 2 2 2 2 0 2 0 2 2 2 2 2 2 0 2 2 2 2 0 2 2 2 2 2 2 2 2 2 2 2 2 2 2 2 2 0 2 2 2 2 2 0 0 2 2 2 2 0 2 2 2 0 2 0 2 2 2 2 2 0 2 2 2 2 2 0 2 2 2 2 2 2 2 2 2 0 2 2 2 2 2 2 2 2 0 2 2 2 2 0 2 2 2 2 2 2 2 2 0 2 2 2 2 2 2 2 0 2 2 2 2 0 2 2 2 2 2 0 2 0 2 2 0 2 2 2 2 2 2 2 2 2 2 2 2 2 2 1 2 2 0 2 2 2 2 2 2 2 2 2 2 2 2 2 0 2 2 2 2 2 2 2 2 2 2 2 2 2 0 2 0 2 2 2 0 0 2 2 2 2 2 2 2
1769 0 2 2 0 2 0 2 2 0 0 0 0 2 0 0 2 2 2 0 0 0 2 2 0 0 2 2 2 2 0 2 2 2 2 0 2 2 2 2 2 2 0 2 0 0 2 2 0 2 0 2 2 2 0 2 2 2 2 2 2 0 2 2 2 2 2 2 0 2 2 2 2 2 2 2 0 0 0 2 0 2 2 2 2 0 2 2 0 2 0 2 2 2 2 2 2 2 2 2 0 2 0 2 2 0 2 2 0 2 2 2 2 2 0 2 2 2 0 2 2 2 2 2 0 2 2 2 2 2 2 0 2 2 2 2 2 0 0 2 2 2 2 2 2 0 2 2 2 1 2 2 2 2 2 2 2 0 0 1 2 2 2 2 0 2 2 2 2 2 2 2 2 2 2 2 2 2 2 2 0 0 2 2 2 2 0 2 2 0 2 1 0 0 2 2 2 2 2 2 2 2 2 0 2 2 2 2 2 2 2 2 2 0 0 2 2 0 2 2 2 0 2 0 2 2 2 0 0 2 0 2 0 0 0 2 0 0 0 2 2 2 0 2 2 2
1770 2 0 2 2 2 2 0 2 2 2 2 0 2 2 2 2 2 2 2 2 2 0 2 2 2 2 2 0 2 2 2 0 0 2 2 1 2 0 2 2 0 2 2 2 2 2 2 2 2 0 0 2 2 2 2 2 2 0 2 0 0 2 2 2 2 2 0 2 2 2 2 2 0 2 2 2 2 0 0 2 2 2 0 0 2 2 2 2 2 2 2 2 0 0 2 0 2 2 2 2 0 0 0 2 2 2 0 0 0 0 0 2 2 2 0 2 0 2 0 0 0 2 0 2 2 0 0 2 2 0 2 2 2 0 0 2 2 2 2 2 2 0 2 0 2 2 2 2 2 0 2 2 2 0 2 2 0 2 1 2 2 2 2 2 0 2 2 2 2 2 2 2 0 2 2 0 2 0 2 2 2 0 0 2 2 0 2 0 2 2 2 2 2 2 2 2 0 0 0 2 0 0 2 2 0 2 0 0 2 2 2 0 2 2 0 2 2 1 0 2 2 2 2 0 2 0 2 2 0 2 0 2 2 0 0 2 2 2 0 0 0 0 2 0 0
1771 0 2 0 0 0 2 0 0 0 0 2 0 0 0 0 0 1 2 0 1 1 0 0 0 0 0 2 0 2 0 1 0 0 2 2 1 0 0 1 2 0 0 1 0 0 0 2 0 0 0 0 0 2 0 0 0 0 0 0 0 2 1 0 2 2 0 0 0 2 2 2 0 0 2 1 0 0 0 1 0 2 0 2 0 0 0 0 2 0 2 2 1 2 0 2 0 1 2 0 0 0 0 2 0 2 0 0 0 2 0 0 0 0 0 0 1 0 2 2 0 0 2 0 0 2 0 0 2 0 0 0 2 0 0 0 0 2 1 1 0 2 0 0 0 2 0 0 0 1 2 2 0 2 2 0 0 0 0 0 2 0 0 0 2 2 2 2 1 2 2 0 0 2 0 2 0 2 2 2 0 0 0 0 2 0 0 0 0 2 0 0 0 2 0 0 2 0 0 0 1 2 2 0 0 0 0 2 0 2 1 0 2 0 2 0 2 0 1 0 2 0 2 0 0 0 2 0 0 0 0 2 0 0 0 2 0 0 0 2 0 0 1 0 0 2
1772 2 2 2 2 2 0 2 2 2 2 2 0 2 2 2 2 2 2 2 2 2 0 2 2 2 2 0 0 2 2 2 0 2 0 0 1 2 0 2 2 2 2 2 2 0 2 2 2 2 2 0 2 0 0 2 2 2 0 2 2 2 2 2 0 2 2 0 2 2 2 0 2 2 0 2 2 2 0 2 2 2 2 2 2 2 0 2 2 0 0 0 2 2 2 2 2 2 0 2 2 2 2 2 0 0 2 0 2 0 0 2 2 2 0 2 2 2 2 0 2 2 2 0 2 2 2 0 2 2 0 2 2 2 2 0 0 0 0 2 0 2 2 0 2 2 2 2 0 1 2 2 0 2 0 2 2 2 2 1 2 2 2 0 0 2 0 0 1 2 1 2 2 0 2 0 2 0 0 2 0 2 2 2 0 2 2 2 0 2 0 1 2 2 2 2 0 2 2 2 0 2 0 2 2 0 2 2 2 2 2 0 2 2 2 2 2 1 1 2 0 2 2 2 2 2 2 2 0 2 2 2 2 0 0 2 2 0 0 0 2 2 0 2 2 0
1773 2 2 2 2 2 2 2 0 2 2 2 2 2 2 2 2 2 2 2 2 0 2 2 2 2 2 2 2 2 2 0 2 2 2 2 2 2 2 2 0 2 2 2 2 2 2 2 2 2 2 2 2 2 2 2 2 2 2 2 0 2 2 2 2 2 2 2 2 2 2 2 2 2 2 2 2 2 2 2 2 2 2 2 2 2 2 2 2 2 2 2 2 2 0 2 2 2 2 0 2 0 2 2 2 2 2 2 2 2 2 2 2 2 2 0 2 0 2 2 2 2 2 2 2 2 2 0 2 2 0 2 2 2 2 2 2 2 2 2 2 2 0 2 2 2 2 2 2 2 2 2 2 2 2 2 0 2 2 2 2 0 2 2 2 2 2 2 2 2 2 0 2 2 0 2 2 2 2 2 2 2 2 2 2 0 2 2 2 0 2 1 2 2 2 2 2 2 2 2 2 2 2 2 2 2 2 0 2 2 2 2 2 2 2 2 0 2 2 2 2 2 2 2 2 0 2 2 2 2 2 2 2 2 2 2 0 2 2 2 2 0 2 2 2 2
1774 0 0 2 0 0 0 0 0 0 0 0 0 0 0 0 0 0 0 0 0 0 0 0 0 0 0 0 0 0 0 0 0 0 0 0 0 0 0 0 0 0 0 2 2 0 2 0 0 0 0 0 2 0 0 0 0 2 0 2 0 0 0 0 0 0 0 0 0 2 0 2 0 0 0 0 0 2 0 0 0 0 0 0 0 0 0 2 0 2 0 0 0 0 0 2 0 0 0 0 2 0 0 0 0 0 0 0 0 0 0 0 0 0 0 0 0 0 0 0 0 0 0 0 2 0 0 0 0 0 0 0 0 0 0 0 0 0 0 0 0 0 0 0 0 2 0 2 0 0 0 0 0 2 0 0 0 0 0 0 0 0 0 0 0 0 0 0 0 2 0 0 0 0 0 0 0 0 0 0 0 0 0 0 0 0 0 0 0 0 0 0 0 0 0 0 0 0 0 0 2 0 0 0 0 0 0 0 0 0 0 0 0 2 2 0 0 0 0 0 0 2 0 0 0 0 0 0 0 2 0 2 0 0 0 0 0 0 0 0 0 0 0 0 0 0
1775 2 2 2 2 2 2 2 2 2 2 2 2 2 2 2 2 0 2 2 2 2 2 2 2 2 2 0 2 2 2 2 2 2 0 0 1 2 2 2 2 2 2 2 2 2 2 2 2 2 2 2 2 2 0 2 2 2 2 2 2 2 2 2 0 0 2 2 2 2 2 2 2 2 2 0 2 2 2 2 2 2 2 2 2 2 0 2 2 2 0 0 2 2 0 2 2 2 2 2 2 0 0 2 2 2 0 0 2 2 2 2 2 2 2 2 2 0 2 0 2 2 2 2 2 2 2 2 2 2 2 2 2 0 2 2 0 0 2 0 0 2 0 0 2 2 0 2 2 2 2 2 0 2 0 2 2 2 2 1 2 2 0 0 0 0 0 0 2 2 2 0 2 0 2 0 2 2 0 2 2 0 0 2 0 2 2 2 2 0 2 2 0 2 2 2 0 2 2 2 2 2 0 2 2 2 2 2 2 2 2 0 2 2 2 2 2 2 2 2 2 2 2 2 2 0 2 0 0 2 2 2 2 2 2 2 2 2 2 0 2 0 0 2 0 0
1776 0 0 0 0 0 2 0 0 0 0 0 0 0 0 0 0 2 2 0 0 0 0 2 0 0 0 2 0 2 0 0 0 0 2 2 1 0 0 0 0 0 0 0 0 0 0 0 0 0 0 2 0 0 2 2 2 0 0 0 0 0 0 0 2 0 0 0 0 2 0 2 0 0 0 2 0 0 0 0 2 2 0 0 0 0 2 0 0 0 2 2 0 0 0 0 0 0 0 0 0 0 2 0 0 0 2 2 0 0 0 0 2 0 0 2 0 2 0 2 0 0 0 0 0 0 0 2 2 0 0 0 0 2 0 0 2 2 2 0 2 0 0 2 0 2 0 0 0 1 0 0 0 0 2 0 0 0 0 1 0 0 0 0 2 2 2 2 0 0 0 0 0 2 0 2 0 0 2 0 0 2 0 0 2 0 0 0 2 2 0 0 2 0 0 0 2 0 0 0 0 0 2 0 0 0 0 0 0 0 0 2 0 0 2 0 0 0 0 0 0 0 0 0 0 0 0 2 2 0 0 0 0 0 2 0 0 0 0 2 0 2 2 0 0 2
1777 2 2 2 2 0 2 0 2 2 2 0 2 0 2 2 0 2 0 2 0 2 2 2 2 2 0 2 2 0 2 2 2 0 2 2 2 0 0 2 2 0 0 1 2 2 2 2 2 2 2 2 2 2 2 2 2 2 0 2 0 2 0 2 2 2 0 0 2 2 2 2 2 2 2 2 2 2 2 2 2 2 2 2 2 2 2 2 0 0 2 2 2 2 2 2 0 2 2 2 2 2 2 2 2 0 2 2 2 0 0 0 2 2 2 0 2 2 2 0 0 2 2 0 2 0 0 2 0 2 2 2 0 2 0 2 2 2 2 2 2 2 2 2 2 2 2 2 2 2 2 2 2 0 2 2 2 2 2 2 0 2 2 2 2 2 2 2 2 2 0 2 2 2 2 2 0 2 2 0 2 2 2 2 2 2 2 0 2 0 2 1 2 0 2 2 2 0 0 2 1 2 2 2 0 2 2 0 2 2 2 2 2 2 2 0 2 2 2 0 2 2 2 2 0 2 2 2 2 2 2 2 2 2 2 2 2 2 2 0 2 2 2 2 2 2
1778 0 2 0 0 0 0 0 0 0 0 0 0 0 0 0 0 0 0 0 0 0 0 0 0 0 0 0 0 0 0 0 0 0 2 0 1 0 0 0 0 0 0 0 0 0 0 0 0 0 0 0 0 0 0 0 0 0 0 0 0 0 0 0 0 0 0 0 0 2 0 0 0 0 0 0 0 0 0 0 0 0 0 0 2 2 0 0 0 0 0 0 0 0 0 0 0 0 0 0 0 0 0 2 0 0 0 0 0 0 0 0 0 0 0 0 0 0 0 0 0 2 0 0 0 0 0 0 0 0 0 0 0 0 0 0 0 0 0 0 0 0 0 0 0 0 2 0 0 0 0 2 0 0 0 2 0 2 2 0 0 0 2 0 0 0 0 0 0 0 0 2 0 0 0 0 2 0 0 0 0 0 0 0 0 0 2 0 0 0 0 0 0 0 0 0 0 0 2 2 0 0 0 2 0 0 0 0 2 0 0 0 2 0 0 0 0 2 0 0 0 0 0 0 0 2 0 0 0 0 0 0 2 0 0 2 2 0 0 0 2 0 0 0 0 0
1779 0 0 2 1 0 2 2 0 0 0 0 2 0 0 2 2 0 2 2 0 2 2 2 0 0 2 0 2 2 2 2 2 2 2 2 1 2 2 0 2 2 2 0 2 0 2 0 0 2 2 0 0 0 2 2 2 2 2 2 0 2 2 2 2 2 0 2 2 2 2 0 0 0 0 0 2 2 2 0 2 2 2 2 2 0 0 2 0 2 2 0 0 2 2 0 2 2 2 0 2 0 2 0 2 2 0 2 0 2 2 0 2 2 2 2 2 2 2 0 2 2 2 2 2 2 2 2 2 2 2 2 2 0 2 2 0 2 2 2 0 2 2 0 2 2 0 0 0 2 2 0 2 0 2 0 2 2 2 1 2 2 0 2 0 0 0 0 0 2 2 0 2 0 0 0 0 0 2 2 0 0 2 2 0 0 0 0 2 2 2 1 0 0 2 2 0 0 0 0 2 2 2 2 2 2 2 0 0 0 2 0 2 2 2 2 2 2 0 2 0 0 0 2 2 0 2 0 0 2 2 0 0 0 0 2 0 2 0 0 0 2 2 2 2 2
1780 2 0 2 2 0 2 2 2 2 2 2 2 0 2 2 2 2 2 2 2 2 2 2 2 0 2 2 2 2 2 2 2 2 2 2 2 2 2 2 2 2 2 2 2 2 2 2 2 2 2 2 2 2 2 2 2 2 2 2 2 2 2 2 2 2 0 2 2 2 2 2 2 0 2 2 2 2 2 0 2 2 2 2 2 2 2 2 2 2 2 2 2 2 2 2 2 2 2 2 2 2 2 0 2 2 2 2 2 2 2 0 2 2 2 2 2 2 2 2 2 2 2 2 2 2 2 2 2 2 2 2 2 2 2 2 2 2 2 2 2 2 2 2 2 2 2 2 2 2 2 0 2 2 2 0 2 2 2 2 2 2 2 2 2 2 2 2 2 2 2 2 2 2 2 2 0 2 2 2 2 2 2 2 2 2 0 0 2 2 2 1 2 2 2 2 2 2 0 0 2 2 2 2 2 2 2 0 0 2 2 2 2 2 2 2 2 2 1 2 2 2 0 2 2 2 2 2 2 2 2 2 2 2 2 2 1 2 2 2 0 2 2 2 2 2
1781 2 0 2 0 0 2 2 2 2 2 2 0 0 2 2 0 0 2 2 2 2 0 0 2 0 0 2 0 2 2 2 0 2 2 2 2 2 2 2 2 2 2 2 2 2 2 2 2 2 2 2 2 2 0 0 0 2 2 2 2 0 2 2 0 0 0 2 0 2 0 2 2 0 2 0 2 2 0 0 2 0 2 0 0 2 2 2 2 2 2 0 2 0 2 2 2 2 2 2 2 0 0 0 2 2 0 0 2 2 0 0 2 2 2 2 2 0 2 2 2 2 0 0 2 0 2 2 2 2 2 0 0 0 2 2 2 2 2 2 2 2 0 2 2 2 2 2 2 2 2 0 2 2 0 0 2 2 0 2 2 2 2 0 0 2 2 2 2 2 2 2 2 2 2 2 0 2 0 2 2 0 2 2 2 2 0 0 0 2 2 1 0 2 2 0 2 2 0 0 0 2 0 0 2 2 0 0 0 2 2 0 2 2 2 2 0 0 1 2 2 2 0 0 2 2 0 0 0 2 2 2 2 2 2 2 0 2 2 2 0 0 0 0 0 0
1782 2 2 2 2 2 2 0 2 2 2 2 2 2 2 2 2 2 2 2 2 2 2 2 2 2 2 2 2 2 2 2 2 0 0 2 2 0 2 2 2 1 2 1 2 2 2 2 2 2 2 2 2 2 2 2 2 2 2 2 2 2 2 2 2 2 2 2 0 2 2 2 2 2 2 2 2 2 2 2 2 2 2 2 2 2 2 2 2 0 2 2 2 2 2 2 0 0 2 2 2 2 2 2 2 2 2 2 2 0 2 2 2 2 2 2 2 2 2 2 0 2 2 2 2 2 0 2 2 2 2 2 2 2 0 2 2 2 2 2 2 2 2 2 2 2 2 2 2 1 2 2 2 2 2 2 2 2 2 2 2 2 2 2 2 2 2 2 2 2 2 2 2 2 2 2 2 2 2 2 2 2 2 2 2 2 2 2 2 2 2 2 2 2 2 2 2 2 2 2 2 2 2 2 0 2 2 2 2 2 2 2 2 2 2 0 2 2 2 0 2 2 2 0 2 2 2 2 2 2 2 2 2 2 2 2 2 2 2 2 2 2 2 2 2 2
1783 2 2 2 2 0 2 2 2 2 2 2 2 0 2 2 0 2 2 2 2 2 2 2 2 2 2 2 2 2 2 2 2 2 2 2 2 2 2 2 2 2 2 2 2 2 2 2 2 0 2 2 2 2 2 2 2 2 2 2 2 2 2 2 2 2 0 2 2 2 2 2 2 2 2 2 2 2 2 2 2 0 2 2 2 2 2 2 2 2 2 0 2 2 2 2 2 2 2 2 2 2 2 2 2 2 2 2 2 2 2 2 2 2 2 2 2 2 2 2 2 2 2 2 2 2 2 2 2 2 2 2 2 2 2 2 2 2 2 2 0 2 2 2 2 2 2 2 2 2 0 2 2 2 2 2 2 2 2 2 0 2 2 2 2 2 2 2 2 2 0 2 2 2 2 2 2 2 2 0 2 2 2 2 2 2 2 2 2 0 2 2 2 2 2 2 2 2 2 2 2 2 2 2 2 2 2 2 2 2 2 0 2 2 2 2 2 2 2 2 2 2 2 2 2 2 2 2 2 2 2 2 2 2 2 2 2 2 2 2 2 2 2 2 0 2
1784 2 2 2 2 2 2 2 2 2 2 2 2 2 2 2 2 2 2 2 2 2 2 2 2 2 2 2 2 2 2 2 2 2 2 2 2 2 2 2 2 2 2 1 2 2 2 2 0 2 2 2 2 2 2 2 2 2 2 2 2 2 2 2 2 2 2 2 2 2 2 2 2 2 2 2 2 2 2 2 2 2 2 2 2 2 2 2 2 2 2 2 2 2 2 2 2 2 2 2 2 2 2 2 2 0 0 2 2 2 2 2 2 2 0 2 2 2 0 2 2 2 2 2 2 2 2 2 2 2 2 2 2 2 2 2 2 2 2 2 2 0 2 2 2 2 2 2 2 2 2 2 2 0 2 2 2 2 2 2 0 2 2 2 2 2 2 2 2 2 0 2 2 2 2 2 2 2 2 0 0 2 2 2 2 2 2 2 2 2 0 1 2 2 2 2 2 2 2 2 1 2 2 2 2 2 2 2 2 2 2 2 2 2 2 2 2 2 2 2 2 2 2 2 2 2 2 2 2 2 2 2 2 0 2 2 2 2 0 2 2 2 2 2 2 2
1785 0 2 0 2 2 2 2 0 0 0 0 2 2 0 2 2 2 2 2 0 2 2 2 0 2 0 0 2 2 2 2 2 0 2 2 1 2 2 0 2 0 2 2 0 0 0 2 2 0 2 2 2 2 2 2 2 2 2 0 2 2 2 2 2 2 2 2 2 2 0 2 2 2 2 2 2 0 2 2 2 2 0 2 2 2 0 0 2 2 2 2 0 2 2 0 0 0 0 0 0 2 2 2 0 2 2 2 2 2 0 2 2 0 2 0 0 2 2 2 0 2 0 2 0 2 2 2 2 2 2 2 2 2 0 2 0 2 2 2 2 2 2 0 2 2 2 2 2 1 0 2 2 2 2 0 2 2 0 2 2 0 2 2 2 0 0 2 2 0 2 2 2 2 0 1 2 2 2 2 2 2 2 2 0 0 2 2 2 2 2 2 2 2 2 2 0 2 2 0 1 2 2 0 2 2 2 2 0 2 2 0 2 0 2 2 2 0 2 2 2 2 2 2 2 2 2 2 0 2 2 2 2 2 0 2 2 2 2 2 0 1 2 2 2 2
1786 0 0 0 0 2 0 2 0 0 0 0 2 2 0 0 0 0 2 0 0 2 2 2 0 0 0 0 2 2 0 2 2 0 0 0 0 0 0 0 2 0 2 0 0 0 0 0 0 0 0 0 0 0 0 2 2 0 0 0 2 2 0 0 0 2 2 0 0 0 0 2 0 0 0 0 0 0 2 0 2 2 0 2 0 0 0 0 2 2 0 0 0 2 0 0 0 0 0 0 0 0 0 0 0 0 0 0 0 0 0 0 0 0 0 0 0 0 0 0 0 0 0 0 0 0 2 0 0 2 0 0 0 2 0 2 0 0 2 2 0 0 0 0 0 2 0 0 0 0 0 0 0 0 0 0 0 2 0 0 0 0 0 0 0 0 0 0 0 0 0 0 0 2 0 1 2 0 0 0 0 0 0 0 0 0 2 0 2 2 0 0 0 2 0 0 0 0 2 0 0 0 0 0 0 2 0 2 0 0 0 0 0 0 2 2 0 0 0 0 0 0 0 0 0 0 2 0 0 2 2 0 0 0 0 0 0 2 0 0 0 0 0 0 0 0
1787 2 0 2 2 0 0 2 2 2 2 0 0 0 2 2 0 1 0 2 0 0 0 0 2 2 2 0 0 0 2 2 0 0 2 0 1 2 0 0 0 2 2 1 2 2 2 0 0 2 0 0 2 2 0 0 0 0 0 2 0 2 0 0 2 2 0 0 2 2 0 0 0 2 2 1 2 2 0 2 0 0 2 2 2 0 0 2 0 0 0 0 0 2 2 2 0 0 2 2 2 2 0 0 2 0 2 2 2 2 0 0 0 2 0 0 2 0 2 0 0 2 0 2 2 2 2 0 2 0 0 2 0 0 0 2 0 0 0 0 2 0 2 2 0 0 2 2 0 1 2 2 0 2 2 0 0 0 2 1 0 2 2 2 2 0 2 0 1 0 0 2 2 2 2 0 0 2 2 0 0 0 0 2 0 2 0 2 0 0 0 0 0 0 2 0 0 0 2 2 1 0 2 2 0 2 0 2 0 0 0 0 0 2 0 2 0 2 2 0 2 0 0 2 0 2 2 0 0 2 0 0 0 0 2 0 0 0 0 0 2 0 2 0 2 2
1788 2 0 0 2 0 0 0 0 2 2 2 2 0 2 0 2 0 0 2 2 2 2 2 2 2 0 2 2 0 2 2 2 2 0 2 2 0 2 2 0 2 2 2 0 2 0 2 2 0 2 2 2 2 2 2 2 0 2 0 2 0 2 0 0 0 0 2 2 0 0 2 0 2 2 0 2 0 2 2 2 2 0 2 0 0 2 0 0 2 2 0 2 2 2 2 2 0 0 0 0 0 2 0 2 0 2 2 0 0 0 0 0 2 2 2 2 2 2 0 2 2 2 2 0 2 0 0 2 0 2 2 0 2 2 2 2 2 2 0 0 2 2 0 2 0 2 2 0 0 2 0 0 2 2 0 2 2 0 2 2 0 2 2 0 0 0 2 1 0 2 2 2 2 0 2 0 2 2 2 2 2 2 2 2 0 0 2 2 2 2 1 2 0 2 0 2 0 2 0 1 2 0 0 2 2 0 2 0 2 2 2 2 0 0 0 0 0 2 2 2 0 2 2 0 2 2 2 0 2 2 2 0 2 0 2 0 0 2 0 0 2 2 2 2 2
1789 0 0 2 2 0 2 2 2 2 0 2 2 0 0 2 2 0 0 0 2 2 2 2 0 2 2 0 2 0 0 2 2 0 2 2 1 0 0 2 2 2 0 1 0 0 2 0 0 2 2 0 2 2 0 2 2 0 0 2 2 2 2 2 2 0 0 0 0 2 0 0 2 2 2 0 0 2 2 2 2 0 0 2 2 0 0 2 0 2 2 2 2 2 2 2 0 2 0 2 2 2 0 0 2 0 0 2 0 0 0 0 0 2 0 2 2 2 0 0 0 2 2 2 0 2 2 2 2 2 2 2 0 2 0 2 0 0 2 0 0 0 2 0 0 0 2 2 2 2 2 0 2 0 2 2 0 0 2 1 2 0 2 0 2 2 0 0 2 0 2 2 0 0 2 0 0 2 2 2 0 2 2 0 0 2 2 2 0 2 0 0 2 0 2 0 0 2 2 2 2 2 2 2 0 2 0 2 2 0 2 2 2 2 0 0 2 2 1 0 2 0 2 0 2 2 2 2 2 0 0 2 0 0 0 2 0 0 0 0 2 2 2 2 2 2
1790 0 0 2 2 0 0 2 0 2 0 0 0 0 0 0 0 0 0 0 0 2 0 0 0 0 0 0 0 0 0 0 0 0 0 0 0 2 0 0 2 0 0 0 2 0 2 0 0 2 0 0 0 0 0 0 0 0 0 2 2 2 2 0 0 0 0 0 0 0 0 2 0 0 0 0 0 2 0 0 0 0 0 2 0 0 0 2 0 0 0 0 0 2 0 0 0 0 0 0 2 0 0 0 0 0 0 2 0 2 2 2 2 0 0 0 2 0 0 0 0 0 2 0 2 0 2 0 0 0 0 0 2 0 0 2 0 0 0 0 0 0 0 2 0 0 2 0 2 0 0 0 2 0 2 2 0 0 0 0 2 2 2 0 2 2 2 0 0 1 2 2 0 0 0 0 2 0 2 2 0 0 0 0 0 0 0 2 0 0 0 0 0 1 2 0 0 0 0 0 2 0 2 0 0 2 0 2 0 0 0 0 0 2 0 0 2 0 0 0 0 2 0 0 2 2 2 0 0 0 2 2 0 0 0 0 0 2 0 0 0 0 2 0 0 2
1791 2 2 2 2 2 2 2 2 2 2 2 2 2 2 2 2 2 2 2 2 2 2 0 2 2 2 2 2 2 2 2 2 2 0 2 2 2 2 2 2 2 2 2 2 2 2 2 2 2 2 2 2 2 2 0 0 0 2 2 2 2 2 2 1 2 2 2 2 2 2 2 2 2 2 2 2 2 2 2 2 2 2 2 2 2 2 2 2 2 2 2 2 2 2 2 2 0 2 2 2 2 2 2 2 2 1 2 2 0 2 2 2 2 2 2 0 2 2 2 2 2 2 2 2 2 2 2 2 2 2 2 2 2 2 2 2 2 2 2 2 2 2 2 2 2 2 2 2 0 1 2 2 2 2 2 0 2 2 2 2 2 2 2 2 2 2 2 1 2 2 2 0 2 2 2 2 2 2 2 2 2 2 2 2 2 2 2 2 2 2 2 2 2 2 2 2 0 2 2 2 2 2 2 2 2 2 2 2 2 2 2 2 2 2 2 2 2 2 2 2 2 2 2 2 2 2 2 2 2 0 2 2 2 2 2 2 2 2 2 2 2 2 2 2 2
1792 2 0 2 0 0 2 0 2 2 2 0 2 0 2 2 2 2 2 2 0 2 2 0 2 2 2 0 2 2 2 0 2 0 2 2 1 2 2 0 2 2 2 2 2 2 2 0 2 2 0 0 2 2 0 0 0 0 2 2 2 2 0 2 0 2 0 2 2 2 0 2 0 0 2 2 2 2 2 0 0 2 0 0 2 0 0 2 0 0 2 0 0 0 0 0 0 0 2 2 2 2 2 0 0 2 0 0 0 0 0 2 0 0 2 2 0 2 0 0 0 2 2 0 2 0 0 0 2 2 2 2 0 2 0 0 0 2 0 0 0 2 2 0 2 2 0 2 0 1 2 0 0 0 0 0 0 2 2 2 0 0 0 0 0 0 0 2 0 2 0 0 2 0 0 2 0 0 0 0 2 2 2 2 0 2 2 0 2 2 2 2 2 0 0 0 0 0 0 2 2 0 0 2 0 0 0 0 0 0 0 2 0 2 2 2 2 2 1 0 0 0 0 2 2 0 0 2 2 2 0 2 0 2 2 0 2 0 2 0 0 2 0 2 2 0
1793 0 2 0 0 0 0 2 0 0 0 2 2 0 0 0 0 2 2 0 2 2 2 2 0 0 2 2 2 2 0 0 2 2 2 0 1 2 2 2 2 2 0 2 2 0 0 2 0 0 2 2 2 0 2 2 2 2 2 0 2 2 0 0 2 2 0 2 2 2 2 2 0 2 0 2 0 0 2 0 0 2 2 2 0 0 2 0 2 2 0 2 2 2 2 2 2 2 0 0 0 2 2 2 2 0 0 2 2 2 2 2 2 2 0 2 2 0 2 2 2 0 0 2 2 2 2 2 2 2 0 0 2 2 2 0 2 2 2 2 2 0 2 2 2 2 2 2 0 1 0 2 2 2 2 2 2 0 2 1 2 2 2 2 2 2 2 2 2 2 2 2 0 2 2 2 2 2 2 2 0 2 0 2 2 2 0 2 2 2 0 1 2 2 0 0 2 2 2 2 2 2 2 2 2 0 0 0 2 2 2 0 2 0 2 2 2 2 1 2 2 2 2 2 2 2 2 2 2 2 2 0 0 0 0 2 2 0 0 2 2 0 2 0 2 2
1794 2 0 2 2 0 2 2 2 2 2 0 2 0 2 2 2 2 2 2 0 2 2 0 2 2 2 2 2 2 2 2 2 2 2 2 2 2 2 0 2 2 2 2 2 2 2 2 2 2 2 2 2 2 2 0 0 2 2 2 2 2 2 2 0 2 0 2 2 2 2 2 2 0 2 2 2 2 2 2 2 2 2 0 2 0 2 2 2 2 2 2 0 0 2 2 2 0 2 2 2 2 2 0 2 2 2 2 2 2 0 2 0 2 2 2 2 2 2 2 2 2 2 2 2 0 2 2 2 2 2 2 0 2 2 2 2 2 2 2 2 2 2 2 2 2 2 2 2 1 2 0 2 2 2 2 2 2 2 2 2 2 2 2 2 2 2 2 0 2 2 2 2 2 2 2 0 0 2 2 2 2 2 2 2 2 2 2 2 2 2 2 2 2 2 2 2 2 2 2 2 2 2 2 2 2 2 0 2 2 2 2 2 2 2 2 2 2 2 0 0 2 2 2 2 2 0 2 2 2 2 2 0 2 2 2 2 2 2 2 2 2 2 2 2 2
1795 0 0 2 2 2 2 2 2 2 0 2 2 2 0 2 2 2 2 0 2 2 2 0 0 2 2 2 2 2 0 2 2 0 2 2 2 2 2 2 2 2 0 1 0 0 2 2 0 2 2 0 2 2 0 0 0 2 2 2 2 2 2 2 2 2 2 2 2 2 2 2 2 0 2 2 0 2 2 2 2 2 2 0 2 2 2 2 2 2 2 2 2 0 2 2 0 0 2 2 2 2 2 0 2 2 2 2 2 2 2 2 0 2 0 2 0 2 2 2 0 2 2 2 0 0 2 2 2 2 2 2 0 2 0 2 2 2 2 2 2 0 2 2 0 0 2 2 2 1 2 2 2 2 2 0 2 2 2 1 2 2 2 2 2 2 2 2 1 0 2 2 2 2 2 2 0 2 2 2 0 2 2 2 2 2 2 2 2 2 0 1 2 2 2 2 2 2 2 2 2 2 2 2 2 2 2 2 2 2 2 2 2 2 0 2 0 2 2 2 2 2 2 2 2 2 0 2 2 2 2 2 2 0 2 2 2 2 0 2 2 2 2 2 2 2
1796 0 2 0 0 2 2 0 0 0 0 0 0 2 0 2 0 0 0 0 0 0 0 2 0 2 0 2 0 0 0 0 0 2 0 2 2 0 0 0 0 0 0 0 0 0 0 2 0 0 0 0 2 0 0 2 2 0 0 0 0 0 0 2 0 0 2 0 2 0 0 2 0 2 0 0 0 0 0 0 0 2 0 2 2 2 2 0 0 0 2 2 0 2 0 0 2 2 0 0 0 2 2 2 0 0 0 2 0 2 2 0 2 0 0 0 2 2 0 2 2 2 0 0 0 2 0 0 2 2 0 0 2 0 2 0 2 2 0 2 2 0 2 2 0 2 0 2 0 2 0 2 0 0 2 2 0 2 0 0 0 0 0 2 2 2 2 2 1 0 0 0 2 0 0 2 2 0 2 0 0 2 2 0 2 0 2 0 2 2 0 0 2 0 0 0 2 0 0 0 0 0 2 0 2 0 0 2 0 2 0 0 0 0 2 0 0 0 0 2 0 2 0 2 0 0 2 2 0 0 2 2 2 0 0 0 0 0 0 2 0 2 2 0 2 2
1797 0 2 2 2 0 0 2 2 2 0 2 2 0 0 0 2 0 2 0 2 2 2 2 0 0 2 0 2 2 0 0 2 2 0 0 0 2 0 2 2 2 0 0 2 0 2 2 0 2 0 0 2 0 0 2 2 0 0 2 2 2 0 0 0 0 0 0 0 0 2 2 2 2 0 0 0 2 2 0 2 0 0 2 0 0 0 2 2 0 0 0 2 2 2 2 2 2 2 2 2 0 0 2 2 2 2 0 0 2 0 2 2 2 0 2 2 0 0 2 2 0 2 0 2 2 2 0 0 0 2 2 2 0 2 2 0 0 2 2 0 0 0 0 0 0 0 2 2 1 2 2 0 0 0 2 2 0 2 1 0 0 0 2 0 0 0 0 1 0 0 0 0 0 2 0 2 0 0 0 0 0 0 2 0 2 0 2 2 0 0 0 0 2 2 0 0 0 2 0 1 2 0 2 0 2 0 0 0 2 2 2 2 2 0 0 0 2 2 2 0 2 2 0 0 0 2 0 0 0 2 0 0 0 0 2 2 2 0 2 0 0 0 0 0 0
1798 2 2 2 2 0 0 2 2 2 2 2 2 0 2 0 2 0 2 2 2 2 2 2 2 0 2 0 2 2 2 0 2 2 0 0 0 2 0 2 2 2 2 1 2 2 2 2 2 2 2 2 2 2 2 2 2 0 0 2 2 2 0 0 0 2 0 0 0 0 2 2 2 2 2 0 2 2 2 0 2 0 0 2 0 0 0 2 2 2 0 0 2 2 2 2 2 2 2 2 2 0 0 2 2 2 2 0 2 2 0 2 2 2 2 2 2 0 2 2 2 0 2 0 2 2 2 0 0 0 2 2 2 0 2 2 0 0 2 2 0 2 0 0 0 0 2 2 2 1 2 2 0 0 0 2 2 0 2 1 0 2 2 2 0 0 0 0 1 2 0 2 0 2 2 0 2 0 0 0 2 0 0 2 0 2 0 2 2 0 2 2 0 2 2 2 0 2 2 2 2 2 0 2 0 2 2 0 2 2 2 2 2 2 0 2 2 2 2 2 0 2 2 0 2 2 2 0 2 2 2 0 0 2 2 2 2 2 2 2 2 0 0 2 0 0
1799 0 2 2 2 2 2 2 2 2 0 2 2 2 0 2 2 2 2 2 2 0 2 2 0 2 2 2 2 2 2 2 2 2 2 2 2 2 2 2 2 2 0 2 0 0 2 2 2 2 2 2 2 2 0 2 2 0 2 2 0 1 2 2 2 0 2 2 2 0 2 2 2 2 2 2 2 2 2 2 2 2 2 2 2 2 2 2 2 0 2 2 2 2 2 2 2 2 2 2 2 2 2 2 0 2 2 2 2 2 2 2 2 2 2 2 2 2 0 2 2 2 2 2 0 2 2 2 2 2 2 2 2 2 2 2 2 2 1 2 2 0 2 2 2 2 2 2 2 2 2 2 2 2 2 2 2 2 2 2 0 2 2 2 2 2 2 2 2 2 0 2 2 2 2 2 2 2 2 0 0 2 2 2 2 2 2 2 2 2 0 1 2 2 2 2 2 2 2 2 2 2 2 2 2 2 2 2 2 2 2 2 2 2 2 2 2 2 2 2 2 0 2 2 2 2 2 2 2 2 2 2 2 0 2 2 2 2 0 2 2 2 2 2 2 2
1800 0 2 2 2 2 2 2 2 2 0 2 2 2 0 2 2 2 2 2 2 2 2 2 0 2 2 2 2 2 2 2 2 2 2 2 2 2 2 2 2 2 0 2 2 0 2 2 2 2 2 2 2 2 2 2 2 2 2 2 2 2 2 2 2 2 2 2 2 2 2 2 2 2 2 2 2 2 2 2 2 2 2 2 2 2 2 2 2 2 2 2 2 2 2 2 2 2 2 2 2 2 2 2 2 2 2 2 2 2 2 2 2 2 2 2 2 2 2 2 2 2 2 2 2 2 2 2 2 2 2 2 2 2 2 2 2 2 2 0 2 0 2 2 2 2 2 2 2 2 2 2 2 2 2 2 2 2 2 2 0 2 2 2 2 2 2 2 0 2 0 2 2 2 2 2 2 0 2 0 0 2 2 2 2 2 2 2 2 2 0 1 2 2 2 2 2 2 2 2 2 2 2 2 2 2 2 2 2 2 2 2 2 2 2 2 2 2 2 2 0 2 2 2 2 2 2 2 2 2 2 2 2 0 2 2 2 2 0 2 2 2 2 2 2 2
1801 2 2 2 2 2 2 2 0 2 2 2 2 2 2 2 2 2 2 2 2 2 2 2 2 2 2 2 2 2 2 2 2 2 2 2 2 2 2 2 2 2 2 2 2 2 2 2 2 2 2 2 2 2 2 2 2 0 2 2 2 2 2 2 2 2 2 2 2 2 2 2 2 2 2 2 2 2 2 2 2 2 2 2 2 2 2 2 2 2 2 2 2 2 2 2 2 2 0 0 2 2 2 2 2 2 2 2 0 2 2 2 2 2 2 2 2 2 2 2 2 2 2 2 2 2 2 0 0 0 2 2 2 2 2 2 2 2 2 0 2 2 0 2 2 2 2 2 2 2 2 2 2 2 2 2 2 0 2 2 2 2 2 2 2 2 2 2 0 2 2 2 2 2 2 2 2 0 2 2 2 2 2 2 2 2 2 2 2 2 2 2 2 2 2 2 2 2 2 2 1 2 2 2 2 2 2 2 2 2 2 2 2 2 2 2 2 2 2 2 0 2 2 2 0 2 2 2 2 2 2 2 2 2 2 2 0 2 2 2 2 2 2 2 2 2
1802 0 0 2 0 0 0 0 0 0 0 0 2 0 0 0 0 0 0 0 0 0 2 0 0 0 0 0 2 0 0 0 2 0 0 0 0 0 0 0 0 2 0 1 0 0 2 0 0 2 0 0 0 0 0 0 0 0 0 2 0 0 0 0 0 0 0 0 2 0 0 0 0 0 0 0 0 2 2 2 2 2 2 0 0 0 2 2 0 0 0 0 0 0 0 2 0 0 0 0 2 0 2 0 0 2 2 2 0 2 0 0 0 0 0 2 0 0 0 2 0 0 0 0 0 0 0 0 0 0 0 0 0 0 0 2 2 0 2 0 0 0 0 2 2 2 0 0 2 0 2 0 0 0 2 0 0 0 0 1 0 0 0 2 2 0 2 0 0 0 0 0 0 0 0 0 0 0 2 0 0 2 2 2 0 0 0 0 0 0 0 0 2 0 2 0 0 0 0 0 0 2 2 0 0 2 0 0 0 0 2 0 0 2 2 0 0 0 0 0 0 0 0 2 0 0 0 2 0 0 0 0 0 0 0 0 0 0 0 2 0 0 2 0 2 2
1803 2 2 2 0 2 2 2 2 2 2 0 2 2 2 2 2 2 0 2 2 0 2 2 2 2 2 2 2 0 2 2 2 2 2 0 2 2 2 0 2 0 2 1 0 2 2 2 2 2 0 0 2 2 0 2 2 1 2 2 0 2 2 2 2 0 2 2 2 2 2 2 2 2 2 2 2 2 2 2 2 2 2 0 2 2 2 2 2 2 0 2 0 0 2 2 2 2 2 2 2 2 0 2 2 2 2 2 2 2 2 2 2 0 2 2 2 2 2 2 2 2 2 2 0 2 2 0 0 2 2 2 2 2 2 2 2 2 2 2 2 2 0 2 2 2 2 2 2 2 2 2 2 2 2 2 2 2 2 2 2 2 2 2 2 2 2 2 2 2 2 2 2 2 2 2 2 2 2 2 2 2 0 2 2 2 2 2 2 2 2 1 2 2 0 0 2 2 2 2 1 2 2 2 2 2 2 2 2 2 2 2 2 2 2 2 0 2 2 2 2 0 2 2 2 2 0 2 2 2 2 2 2 2 2 2 0 2 2 2 2 2 2 2 2 2
1804 2 0 2 2 0 2 0 2 2 2 2 2 0 2 2 2 2 2 2 0 2 2 2 2 2 2 0 2 2 2 2 2 2 2 2 1 0 2 2 2 2 2 2 2 2 2 2 2 2 2 2 2 2 2 2 2 2 2 2 2 0 2 0 2 2 0 2 2 2 2 2 2 0 2 2 2 2 2 2 0 0 0 2 2 2 0 2 2 2 2 0 2 2 2 2 2 2 2 2 2 2 2 0 2 2 2 0 2 2 2 0 2 2 2 2 2 0 2 0 2 2 2 2 2 0 0 2 2 0 0 2 2 2 2 0 0 2 2 2 0 2 2 0 2 2 2 2 0 2 2 0 0 2 0 0 2 0 2 2 2 0 2 2 0 0 0 0 2 2 2 2 0 0 2 0 0 2 0 2 2 0 2 2 0 2 0 0 0 0 2 2 0 2 2 2 0 0 2 2 2 2 0 2 0 0 2 0 2 2 2 2 0 2 2 2 2 2 2 0 2 2 2 2 0 2 2 0 2 0 2 2 2 2 0 0 2 2 2 0 2 0 0 2 0 0
1805 2 0 2 2 0 2 0 2 2 2 2 2 0 2 2 2 2 0 2 0 2 2 2 2 2 2 0 2 0 2 2 2 2 2 2 2 0 2 2 2 2 2 2 0 2 2 2 2 2 2 2 2 2 2 2 2 2 2 2 2 0 2 0 2 2 0 2 2 2 2 2 2 0 2 2 2 2 2 2 0 0 0 2 2 2 0 2 2 2 2 0 2 2 2 2 2 2 2 2 2 2 2 0 2 2 2 0 2 2 2 0 2 2 2 2 2 0 2 0 2 2 2 2 0 0 0 2 2 0 0 2 2 2 2 0 0 2 2 2 0 2 2 0 2 2 2 2 0 2 2 0 0 2 0 0 2 0 2 2 2 0 2 2 0 0 0 0 2 2 2 2 0 0 2 0 0 2 0 2 2 0 2 2 0 2 0 0 0 0 2 2 0 2 2 2 0 0 2 2 2 2 0 2 0 0 2 0 2 2 2 2 0 2 2 2 0 2 2 0 2 2 2 2 0 2 2 0 2 0 2 2 2 2 0 0 2 2 2 0 2 0 0 2 0 0
1806 2 2 2 2 2 2 2 0 2 2 2 0 2 2 2 0 2 2 2 2 2 0 2 2 2 2 2 0 2 2 2 0 2 2 2 2 2 2 2 2 2 2 2 0 2 2 2 2 2 2 2 2 2 2 2 2 2 2 2 2 2 2 2 2 2 2 2 2 0 2 2 2 2 2 2 2 2 0 2 2 2 2 2 2 0 2 2 2 0 2 2 2 2 0 2 2 2 2 0 2 0 2 2 2 0 2 2 2 0 0 2 0 2 2 2 2 2 0 2 2 2 2 2 0 2 2 2 2 2 2 2 2 0 2 2 2 2 0 2 2 2 2 2 0 2 2 2 2 2 2 2 2 2 2 2 2 2 2 0 2 2 2 2 2 2 2 2 2 0 2 2 2 2 0 2 2 2 2 2 2 2 2 2 2 0 2 2 2 2 2 2 2 2 2 2 2 2 0 2 2 2 2 2 2 2 2 2 2 2 2 2 2 2 2 2 2 2 1 2 2 2 2 2 2 2 2 2 2 2 2 2 0 2 2 2 2 2 2 2 2 2 2 2 2 2
1807 2 2 2 2 2 0 2 0 2 2 2 0 2 2 0 2 2 2 0 2 2 0 2 2 2 2 2 0 2 0 2 0 2 0 2 1 2 0 2 2 2 2 2 2 2 2 0 2 2 0 2 2 2 2 2 2 2 0 2 2 2 2 2 2 2 2 0 2 2 0 2 2 2 2 2 0 2 0 2 2 0 2 0 2 2 2 2 0 2 2 2 2 0 2 2 2 0 2 0 2 2 2 2 2 0 2 2 2 2 2 2 2 2 0 2 2 0 2 2 2 0 2 2 2 2 2 2 2 2 2 2 2 2 2 2 2 0 2 2 2 2 2 2 2 2 2 2 2 0 2 2 2 2 2 2 2 2 0 2 2 2 2 2 2 2 2 2 2 2 2 2 2 2 2 2 2 2 2 2 2 2 2 0 2 2 0 2 2 2 2 1 2 0 2 2 2 2 2 0 2 2 2 0 2 2 2 2 0 0 2 2 2 2 2 2 2 0 2 2 2 2 2 2 2 2 0 2 2 2 0 0 2 2 2 2 2 2 2 2 0 0 2 0 2 2
1808 2 2 2 2 2 2 2 2 2 2 2 2 2 2 2 2 2 2 2 2 2 2 2 2 2 2 0 2 2 2 2 2 2 0 2 2 2 2 2 2 2 2 0 2 2 2 2 2 2 2 2 0 2 2 2 2 2 2 2 2 2 2 2 2 2 2 2 2 2 2 0 2 2 2 2 2 2 2 0 2 2 2 2 2 2 0 2 2 0 2 2 2 2 2 2 2 2 2 2 2 2 2 2 2 0 2 2 2 2 2 2 2 2 2 2 2 2 2 2 2 2 2 2 2 2 2 0 2 2 2 2 2 0 2 2 0 2 2 2 2 2 2 0 2 2 2 0 2 2 2 2 2 2 2 2 0 2 2 2 2 2 2 0 2 2 0 0 2 2 2 2 2 2 2 0 2 2 2 2 2 2 2 2 0 2 2 2 2 2 2 2 2 2 2 2 2 2 2 2 1 2 2 2 2 2 2 2 2 2 2 0 2 2 2 2 2 2 2 2 2 2 2 2 2 2 2 2 2 2 2 2 2 2 2 2 2 2 2 2 2 2 2 2 2 0
1809 1 2 0 2 0 0 0 0 2 0 2 2 0 0 1 0 2 2 2 1 2 2 0 0 2 0 2 2 2 2 2 2 2 2 2 2 0 0 2 2 2 0 1 2 1 0 2 0 0 0 0 2 2 2 0 0 2 1 0 2 0 2 0 0 2 1 0 2 0 0 2 2 0 2 2 2 0 2 2 2 2 2 0 0 0 2 1 2 2 2 2 2 0 0 2 2 2 0 0 0 2 0 2 2 2 0 2 0 0 2 0 0 0 2 2 0 0 0 0 2 2 0 0 2 0 0 2 2 0 2 0 2 2 2 0 2 0 2 0 2 0 2 2 2 2 0 2 2 1 0 2 0 0 2 0 0 2 0 1 0 0 0 2 2 0 2 2 1 2 0 0 0 2 0 2 0 1 2 0 0 2 2 0 2 0 2 0 2 0 0 1 2 2 0 0 0 0 0 0 2 0 2 0 0 0 0 2 0 2 0 2 0 0 2 0 2 0 2 0 0 2 2 2 2 0 0 2 2 2 2 0 0 0 0 0 2 2 0 0 0 0 2 2 2 2
1810 2 2 2 2 2 2 2 2 2 2 2 0 2 2 2 2 2 2 2 2 0 0 2 2 2 2 2 0 2 2 2 0 2 2 2 2 2 2 2 0 2 2 2 2 2 2 2 2 2 2 2 2 2 0 2 2 2 2 2 0 2 2 2 2 0 2 2 2 2 2 2 2 0 2 2 2 2 0 2 2 2 2 2 0 2 2 2 2 2 2 2 2 2 2 2 2 2 0 2 2 2 0 2 2 2 2 2 2 2 2 2 2 2 2 2 2 2 2 0 2 2 2 0 2 0 2 2 2 2 2 2 2 2 2 2 2 2 2 2 2 2 2 2 2 0 2 2 2 2 2 2 2 2 2 2 2 2 2 2 2 2 2 2 2 2 2 2 2 2 2 2 0 2 2 2 2 2 2 2 2 2 2 2 2 2 2 2 2 0 2 2 2 2 2 2 2 2 2 2 2 2 2 2 2 2 2 2 2 2 2 2 2 2 0 0 0 2 2 2 2 2 2 2 2 2 2 2 2 2 2 2 2 2 2 2 2 2 2 0 2 2 2 2 2 2
1811 2 2 2 2 2 0 2 2 2 2 2 2 2 2 2 0 2 2 2 2 2 2 2 2 2 2 2 2 2 2 2 2 2 2 2 2 2 0 2 2 2 2 2 2 2 2 2 2 2 2 2 2 2 2 2 2 2 0 2 2 2 2 2 2 2 2 0 2 2 2 2 2 2 2 2 2 2 2 2 2 2 2 2 2 0 2 2 2 2 2 2 2 2 0 2 2 2 2 2 2 2 2 2 2 2 2 2 0 2 2 2 0 2 2 2 2 0 2 2 2 2 2 2 2 2 2 2 2 2 2 2 2 2 2 2 2 2 2 2 2 2 2 2 2 2 2 2 2 1 2 2 2 2 2 2 2 2 2 2 2 2 2 2 2 2 2 2 2 2 2 2 2 2 2 2 2 2 2 2 2 2 2 2 2 2 2 2 2 2 2 2 2 2 2 2 2 2 2 2 2 2 2 2 2 2 2 2 2 2 2 2 2 2 2 2 2 2 2 2 2 2 2 2 2 2 2 2 2 2 2 0 0 2 2 2 2 2 2 2 2 0 2 2 2 2
1812 2 0 2 2 2 2 2 2 2 2 2 2 2 2 2 2 2 2 2 2 2 2 2 2 2 2 2 2 2 2 2 2 2 2 2 1 2 0 2 2 2 2 2 2 2 2 2 2 2 2 2 2 2 2 2 2 2 0 2 2 2 2 2 2 2 2 0 2 2 2 2 2 2 2 2 2 2 2 2 2 2 2 2 2 2 2 2 2 2 2 2 2 2 2 2 2 0 2 2 2 2 2 0 0 2 2 2 2 0 2 2 2 2 2 2 2 2 2 0 2 0 2 2 2 2 2 2 2 2 0 2 0 2 2 2 2 2 0 2 2 2 2 2 2 2 2 2 2 2 2 2 2 2 2 2 2 2 2 2 2 2 2 2 2 0 2 2 2 2 2 2 2 2 2 2 2 2 2 2 2 2 2 2 2 2 2 2 0 2 2 2 2 2 2 2 2 2 2 2 2 2 2 2 2 2 2 2 2 2 2 2 2 2 2 2 2 2 1 2 2 2 0 2 2 2 2 2 2 2 2 2 2 2 2 2 2 2 2 0 2 2 2 0 0 2
1813 2 0 2 2 2 2 2 2 2 2 2 0 2 2 0 2 0 2 2 2 2 0 2 2 2 2 2 0 2 2 2 0 2 0 2 2 2 2 2 2 2 2 2 2 2 2 2 2 2 2 2 2 2 0 2 2 2 2 2 2 0 2 2 2 2 2 2 2 2 2 2 2 2 2 0 2 2 0 2 0 2 2 2 2 2 2 2 2 2 2 2 2 2 2 2 2 2 2 2 2 2 0 0 2 2 2 2 2 2 2 0 2 2 2 2 2 2 2 2 2 2 2 2 2 0 2 2 2 0 2 2 2 2 2 2 2 0 2 2 2 2 0 2 2 2 2 2 2 1 2 2 2 2 2 0 2 0 2 1 0 2 2 2 2 2 2 2 2 2 0 2 2 2 2 2 2 2 2 0 2 2 0 0 2 2 2 2 2 0 2 2 2 2 2 2 2 2 2 2 2 2 2 2 0 2 2 2 2 2 2 2 2 2 2 2 2 2 1 2 2 2 2 2 2 2 0 2 0 2 0 2 2 2 2 2 2 0 2 2 2 2 2 2 2 2
1814 0 2 2 2 0 0 0 2 2 0 0 2 0 0 2 0 2 2 0 2 0 2 2 0 0 2 2 2 2 0 2 2 2 2 2 2 2 0 0 0 0 0 2 2 0 2 0 2 2 2 0 0 2 2 2 2 2 0 2 0 2 2 2 2 2 0 0 2 2 2 0 2 2 2 2 0 2 2 2 2 2 0 2 2 0 2 2 0 2 2 0 0 2 0 2 2 2 2 2 2 2 2 2 2 2 2 2 0 0 2 2 2 0 0 2 2 0 2 2 2 2 2 0 2 2 0 0 2 2 2 2 2 2 2 2 2 2 2 2 2 0 2 2 2 2 2 0 0 1 2 2 2 2 2 2 0 2 0 2 2 2 2 2 2 2 2 2 2 2 2 2 2 2 2 2 2 2 2 2 0 0 2 2 2 2 0 0 2 2 0 1 0 0 0 2 2 2 0 2 1 2 0 2 2 2 2 0 2 0 2 2 0 2 2 2 2 2 1 0 2 2 0 2 0 2 2 0 2 2 2 2 0 0 2 0 2 0 0 2 2 0 2 2 2 2
1815 2 0 2 2 0 2 0 2 2 2 2 2 0 2 2 0 2 2 2 2 0 2 0 2 2 2 2 2 2 2 2 2 2 2 0 2 1 0 2 2 2 2 2 2 2 2 0 2 2 2 2 0 1 2 0 0 1 0 2 0 2 2 0 2 2 0 0 0 2 2 0 2 0 2 2 2 2 2 0 2 2 2 0 2 0 2 2 2 2 0 0 2 0 0 1 2 2 2 2 2 0 2 0 2 2 2 2 2 0 2 2 0 2 2 2 2 2 2 2 2 2 2 0 2 2 0 2 2 2 0 2 0 2 2 2 2 2 2 2 2 2 2 2 2 2 2 0 2 0 2 2 2 2 2 2 2 2 2 2 2 2 2 0 2 2 2 2 1 2 2 2 0 2 2 2 0 2 2 2 2 2 0 1 2 2 0 0 2 0 2 2 2 2 0 2 1 0 0 2 2 2 2 2 2 2 0 0 2 0 2 2 0 2 2 0 0 2 0 0 2 2 0 0 0 2 2 2 2 2 0 2 0 2 2 0 2 2 2 2 2 2 2 2 2 2
1816 2 2 2 2 2 2 1 0 1 2 2 0 2 2 2 2 0 0 2 0 2 0 2 2 0 2 2 0 0 2 2 0 2 2 2 2 2 2 2 1 1 2 0 2 2 2 2 0 2 2 1 2 2 2 2 2 2 2 2 2 2 2 2 1 2 2 2 2 2 2 0 2 2 2 0 2 2 0 2 2 2 0 2 2 2 2 2 1 0 2 2 2 2 2 2 2 2 2 0 2 2 2 2 0 2 1 2 2 2 2 2 2 2 2 2 2 2 0 2 2 2 0 2 2 0 1 1 2 2 2 2 2 2 2 2 2 2 2 2 0 2 2 2 2 0 2 2 2 2 2 0 2 0 2 2 2 2 2 2 2 2 2 2 2 0 2 2 2 0 2 2 2 2 2 2 2 2 2 2 2 2 0 2 2 2 2 2 2 2 2 2 2 1 2 2 2 2 2 2 1 2 1 2 0 2 2 2 2 2 2 2 2 2 0 2 2 2 2 1 2 2 2 2 2 2 2 2 2 2 2 2 2 2 2 2 1 2 2 2 2 2 2 2 2 2
1817 2 2 2 2 2 2 2 2 2 2 2 0 2 2 2 2 0 2 2 0 2 0 2 2 0 2 2 0 2 2 2 0 2 2 1 2 2 2 2 0 0 2 2 2 2 2 2 2 2 2 0 2 2 2 2 2 2 2 2 2 2 2 2 1 2 2 2 2 2 2 0 2 2 2 1 2 2 0 2 2 2 0 2 2 2 2 2 0 0 1 2 2 2 2 2 2 2 2 2 2 2 2 2 0 2 2 2 2 2 2 2 2 2 2 2 2 2 0 2 2 2 2 2 2 2 2 0 1 2 2 2 2 2 2 2 2 2 2 2 2 2 2 2 2 0 2 2 2 2 2 0 2 2 2 2 2 2 2 2 2 2 2 2 2 0 2 2 2 0 2 2 2 2 2 2 2 2 2 2 2 2 2 2 2 2 2 2 2 2 2 2 2 0 2 2 2 2 2 2 2 2 1 2 2 2 2 2 2 2 2 2 2 2 0 2 2 2 2 2 2 2 2 2 2 2 2 2 2 2 2 2 2 2 2 2 0 2 2 2 2 2 2 2 2 2
1818 2 2 2 0 2 2 2 2 2 2 0 2 2 2 2 2 2 2 2 0 2 2 2 2 2 2 2 2 2 2 0 2 2 2 2 2 2 2 0 0 2 2 2 2 2 2 2 2 2 0 2 2 2 0 2 2 2 2 2 2 2 2 2 2 2 2 2 0 2 2 2 2 2 2 2 2 2 2 2 0 2 2 2 2 2 2 2 2 2 2 2 0 2 2 2 2 2 2 2 2 2 2 2 2 2 2 2 2 2 2 2 2 2 2 0 2 2 2 2 2 2 2 2 2 2 2 2 2 2 2 2 2 2 2 2 2 2 0 2 2 2 2 2 2 2 2 2 2 2 0 2 2 2 2 2 2 2 2 2 2 2 2 2 2 2 2 2 2 2 2 2 2 2 2 2 2 2 2 2 2 2 2 2 2 2 2 2 2 2 2 2 2 2 2 2 2 2 2 2 2 0 2 2 2 2 2 2 2 2 0 2 2 2 2 2 2 2 2 2 2 2 2 0 2 2 2 2 2 2 2 2 2 2 2 2 2 2 2 2 2 2 2 2 2 2
1819 2 2 2 0 2 0 0 2 2 0 2 0 2 0 2 2 2 2 2 2 2 0 2 0 0 2 2 0 2 2 2 0 2 0 2 2 2 2 0 0 0 0 2 2 0 2 2 2 2 2 0 2 2 0 2 2 0 2 2 2 0 2 2 0 0 2 2 0 0 2 2 2 2 2 2 2 2 0 2 0 2 2 2 2 2 2 2 0 0 2 0 0 2 2 0 2 2 2 2 2 2 2 2 0 2 2 0 2 2 2 0 2 2 2 2 2 2 2 2 2 2 2 0 0 0 0 0 2 0 2 0 2 2 2 2 2 2 2 0 2 0 2 2 2 2 2 2 0 1 2 0 2 2 2 0 0 0 0 2 2 0 2 2 2 2 2 2 0 2 2 2 2 2 0 2 2 0 2 2 0 2 2 2 2 0 2 2 2 2 0 1 2 0 2 0 0 2 2 2 0 2 2 2 2 2 2 2 2 2 2 2 2 2 2 2 0 2 1 2 0 0 2 0 2 2 2 2 2 0 2 2 2 0 0 2 0 0 0 2 2 2 2 2 2 2
1820 2 2 2 2 2 2 0 2 2 2 2 2 2 2 2 2 2 2 2 2 2 2 2 2 2 2 2 2 2 2 2 2 2 2 2 2 2 2 2 2 2 2 2 2 2 2 2 2 2 2 2 2 2 2 2 2 2 2 2 2 2 2 2 2 2 2 2 2 2 2 2 2 2 2 2 2 2 2 2 2 2 2 2 2 2 2 2 2 2 2 2 2 2 2 2 2 2 2 2 2 2 2 2 2 0 0 2 2 2 2 2 2 0 2 2 0 0 2 2 2 2 2 2 2 2 0 2 2 2 2 2 2 2 2 2 2 2 2 2 2 2 2 2 2 2 2 2 2 2 2 2 2 2 2 2 2 2 2 2 2 2 2 2 2 2 2 2 2 2 2 2 2 2 2 2 2 2 2 2 2 2 0 2 2 2 2 2 2 2 2 2 2 2 2 2 2 2 2 2 2 0 2 0 2 2 2 2 2 2 0 0 2 2 2 2 2 0 2 2 2 2 2 2 2 2 2 2 2 2 2 2 2 2 2 2 2 2 2 2 2 0 2 2 2 2
1821 0 2 2 2 0 2 2 0 2 0 2 2 1 0 0 2 2 2 2 0 2 2 2 0 2 2 2 2 2 2 2 2 0 2 2 2 0 2 2 0 2 0 2 0 0 2 2 2 2 2 2 2 2 2 2 2 2 2 2 2 2 2 0 0 2 0 2 2 0 2 0 2 0 2 2 2 2 2 0 2 0 2 2 0 2 0 2 2 0 2 2 2 2 2 2 0 2 2 0 2 0 2 2 2 2 2 2 2 0 2 2 2 2 2 0 0 2 2 2 0 2 2 0 2 2 2 2 0 2 2 2 0 0 0 2 0 0 0 2 2 0 0 2 2 0 0 2 2 1 2 2 2 2 2 2 2 2 0 2 2 2 0 0 2 2 2 2 2 2 2 0 2 0 2 2 0 2 2 2 0 2 0 0 2 2 2 0 2 0 0 0 2 2 0 2 2 0 0 2 2 2 0 2 2 2 2 0 2 2 2 0 0 2 0 0 2 2 2 0 2 2 2 2 2 0 2 2 2 2 2 2 2 0 0 0 2 0 0 2 2 2 2 2 2 2
1822 0 0 2 2 2 0 2 0 2 0 0 0 2 0 0 2 0 0 0 0 0 0 0 0 2 2 2 0 0 0 0 0 2 0 0 1 0 0 2 0 2 2 0 0 0 2 0 2 2 2 2 0 0 0 0 0 0 0 2 0 0 2 0 2 2 2 0 0 2 0 0 0 0 0 0 0 2 0 0 0 2 0 0 0 2 0 2 2 0 0 2 2 0 2 0 2 0 0 0 2 0 0 0 2 0 2 0 0 2 0 0 0 2 0 0 0 0 0 0 2 0 2 0 0 2 2 2 2 0 0 0 0 0 2 2 0 0 2 2 0 0 2 2 0 0 0 0 0 0 0 0 0 0 0 0 0 0 0 1 0 0 0 0 0 0 0 0 2 2 0 0 0 0 2 0 0 2 0 0 0 0 0 0 2 2 0 0 0 0 0 0 0 2 2 0 0 2 0 0 1 0 2 0 0 2 2 0 0 0 0 0 0 2 0 0 0 0 0 0 2 0 0 0 0 0 0 0 0 0 0 0 2 0 0 0 2 0 0 0 0 0 0 0 2 0
1823 0 0 0 0 0 0 2 2 0 0 0 2 0 0 2 0 0 0 0 0 0 2 0 0 2 2 0 2 0 0 2 2 0 0 0 0 0 0 0 0 0 0 0 0 0 0 0 0 0 0 0 0 0 0 0 0 0 0 0 0 2 0 0 0 0 0 0 0 2 0 0 0 2 0 0 0 0 2 0 0 0 0 2 0 0 0 0 0 0 0 0 0 2 0 2 0 2 0 2 0 0 0 0 0 0 0 0 2 0 0 2 0 2 0 0 0 0 0 0 0 0 0 0 0 0 2 0 0 0 2 0 0 0 0 0 0 0 0 0 0 0 0 0 0 0 0 0 2 1 0 0 2 0 0 0 0 0 0 0 0 0 0 0 0 0 0 0 0 0 0 0 0 0 0 0 0 0 0 0 0 0 0 2 0 0 0 0 2 0 0 0 0 0 0 0 0 0 0 0 0 0 0 0 0 0 0 0 0 0 0 0 2 0 0 0 0 0 0 0 0 0 0 0 0 0 0 0 0 0 0 0 0 0 2 2 0 0 0 0 0 0 0 0 2 0
1824 2 2 0 0 2 2 2 2 0 2 2 2 2 0 2 2 2 2 2 0 2 2 2 0 2 2 2 2 2 2 2 2 2 2 2 1 2 2 0 2 2 2 2 2 2 0 2 2 0 0 2 2 2 2 2 2 2 2 0 2 2 2 2 2 2 2 2 2 2 2 2 0 2 2 2 2 0 2 2 2 2 2 2 2 2 2 0 2 2 2 2 0 2 2 2 2 2 0 2 0 2 2 2 2 2 2 2 2 2 2 2 2 2 2 2 0 2 2 2 2 0 2 2 2 2 2 2 2 2 2 2 0 0 2 2 2 2 2 2 2 2 2 2 0 2 2 2 2 2 2 2 2 2 2 2 2 2 2 1 2 2 2 2 2 2 2 2 2 2 2 2 2 2 2 2 0 2 2 2 0 2 2 2 2 2 2 2 2 2 0 1 2 2 2 2 2 2 0 2 2 2 2 2 2 2 2 2 2 2 2 2 2 0 2 0 2 2 2 2 2 2 2 2 2 2 2 2 2 2 2 2 2 0 2 2 2 2 0 2 2 2 2 2 2 2
1825 2 0 2 2 2 2 2 2 0 2 1 2 2 2 2 0 2 2 0 2 2 2 0 2 2 2 2 2 2 0 2 2 2 0 2 2 2 0 1 2 2 2 2 0 2 2 2 2 2 1 2 2 2 2 0 0 2 0 2 2 2 2 2 2 2 2 0 2 2 2 2 2 0 2 2 0 2 2 2 2 2 2 2 0 0 0 2 2 0 2 2 1 2 0 0 2 2 2 2 2 2 2 0 1 2 2 2 2 2 2 0 2 2 2 2 2 2 2 0 2 2 1 2 2 2 2 2 2 2 2 2 2 2 2 2 0 0 1 2 0 2 2 2 2 2 2 2 2 2 2 2 2 2 2 0 2 2 2 2 2 2 2 2 2 0 2 2 2 2 2 2 2 2 2 2 2 2 2 2 2 2 2 2 2 2 2 2 0 2 2 2 2 2 2 2 2 2 2 2 1 1 2 2 0 2 2 2 2 2 1 2 0 2 2 2 2 2 1 2 2 2 2 2 0 2 2 2 2 2 2 2 0 2 2 0 2 2 2 0 2 2 2 2 0 2
1826 0 0 0 0 0 0 2 2 0 0 2 0 0 2 0 0 2 0 2 0 0 0 0 2 2 2 0 0 0 2 2 0 0 0 0 2 0 0 0 0 0 2 0 2 0 0 2 0 0 2 0 0 2 0 0 0 0 0 0 0 0 0 2 2 0 0 0 0 2 0 0 2 0 2 2 2 0 0 0 0 0 0 2 0 0 0 0 0 0 0 0 0 2 0 0 0 2 0 2 0 2 0 0 2 0 0 2 0 0 0 0 0 2 0 0 2 2 0 0 0 2 0 0 2 2 2 0 0 0 0 2 0 0 0 0 0 2 0 2 2 0 2 0 2 0 2 0 0 0 0 0 2 0 0 0 0 0 0 2 2 0 2 0 0 0 0 0 2 2 2 0 0 0 0 0 0 2 0 2 0 0 0 0 0 0 2 0 0 0 0 0 2 2 0 2 2 0 0 0 2 0 2 0 0 0 0 0 0 2 0 0 0 0 0 0 2 0 0 0 2 0 0 0 0 2 2 2 0 0 0 0 0 0 0 0 0 0 0 0 0 2 0 2 0 0
1827 2 2 0 2 2 2 2 2 0 2 2 2 2 2 2 2 2 2 2 2 2 2 2 2 2 2 2 2 2 2 2 2 2 2 2 2 2 2 2 2 2 2 0 0 2 0 2 2 0 2 2 2 2 2 2 2 0 2 0 2 2 2 2 2 2 2 2 2 2 2 2 2 2 2 2 2 0 2 2 2 2 2 2 2 2 2 0 2 2 2 2 2 2 2 2 2 2 2 2 0 2 2 2 2 2 2 2 2 2 2 2 2 2 0 2 2 2 2 2 2 2 2 0 2 2 2 2 2 2 2 2 2 2 2 2 2 2 2 2 2 2 2 2 2 2 2 2 2 2 2 2 2 0 2 2 2 2 2 2 2 2 2 2 2 2 2 2 2 0 2 2 2 2 2 2 2 2 2 2 2 2 2 2 2 2 2 2 2 2 2 2 2 2 2 2 2 2 2 2 2 2 2 2 2 2 2 2 2 2 2 2 2 0 2 2 2 2 2 2 2 2 2 2 2 2 2 2 2 2 2 2 2 2 2 2 2 2 2 2 2 2 2 2 2 2
1828 2 2 0 2 2 2 2 2 0 2 2 2 2 2 2 2 2 2 2 2 2 2 2 2 0 2 2 2 2 2 2 2 2 2 2 2 2 2 2 2 2 2 0 0 2 0 2 2 0 2 2 2 2 2 2 2 0 2 0 2 2 2 2 2 2 2 2 2 2 2 2 2 2 2 2 2 0 2 2 2 2 2 2 2 2 2 0 2 2 2 2 2 2 2 2 2 2 2 2 0 2 2 2 2 2 2 2 2 2 2 2 2 2 0 2 2 2 2 2 2 2 2 0 2 2 2 2 2 2 2 2 2 2 2 2 2 2 2 2 2 2 2 2 2 2 2 2 2 2 2 2 2 0 2 2 2 2 2 2 2 2 2 2 2 2 2 2 2 0 2 2 2 2 2 2 2 2 2 2 2 2 2 2 2 2 2 2 2 2 2 2 2 2 2 2 2 2 2 2 2 2 2 2 2 2 2 0 2 2 2 2 2 0 2 2 2 2 2 2 2 2 2 2 2 2 2 2 2 2 2 2 2 2 2 2 2 2 2 2 2 2 2 2 2 2
1829 2 2 2 2 0 2 0 2 2 2 2 2 0 2 2 2 2 2 2 2 2 2 2 2 2 2 2 2 2 2 2 2 2 2 2 2 2 2 2 2 2 2 2 2 2 2 2 2 2 2 2 2 2 2 2 2 2 2 2 2 2 2 2 2 2 0 2 2 2 2 2 2 2 2 2 2 2 2 2 2 0 2 2 2 2 2 2 2 2 2 2 2 2 2 2 2 2 2 2 2 2 2 2 2 2 2 2 2 0 2 2 2 2 2 2 2 2 2 0 2 2 2 2 2 0 0 2 2 2 2 2 2 2 2 2 2 2 2 2 2 2 0 2 2 2 2 2 2 2 2 2 2 2 2 2 2 2 2 2 2 2 0 2 2 2 2 2 2 2 2 2 2 2 2 2 0 2 2 2 2 2 0 2 2 2 2 0 2 2 2 0 2 2 2 2 2 2 2 2 2 2 2 2 2 2 2 2 2 2 2 2 0 2 2 2 2 2 2 2 2 2 2 2 2 0 2 2 2 2 2 0 2 2 2 0 2 2 2 0 2 2 2 2 2 2
1830 2 0 2 2 2 2 2 2 2 2 2 2 2 2 2 0 2 2 2 2 2 2 0 2 2 2 2 2 2 2 2 2 2 0 2 2 2 0 2 2 2 2 2 0 2 2 2 2 2 2 2 2 2 2 0 0 2 0 2 2 2 0 2 2 2 2 0 2 2 2 2 2 1 2 2 2 2 2 2 0 2 2 2 2 0 2 2 2 2 2 0 2 2 0 1 2 2 2 2 2 2 2 0 2 2 2 2 2 2 1 0 2 2 2 0 2 2 2 0 2 2 2 2 2 2 2 2 2 2 2 2 2 2 2 1 2 2 0 2 0 2 2 2 2 2 0 2 2 2 2 2 2 2 0 2 2 2 0 2 2 2 2 2 2 2 2 0 2 0 2 0 2 0 2 0 2 2 0 2 2 2 2 2 2 2 2 1 0 0 2 2 2 2 2 0 2 2 2 0 2 2 2 2 2 2 0 2 0 2 2 2 2 2 2 2 2 2 2 2 2 2 2 2 2 2 2 2 0 2 0 2 0 1 0 2 2 0 2 0 0 2 2 2 2 0
1831 2 2 2 2 2 2 2 2 2 2 2 2 2 2 2 2 0 2 2 0 0 2 2 2 2 0 2 2 2 2 2 2 2 2 2 2 2 2 2 2 0 0 2 2 2 2 0 2 2 0 2 2 2 0 2 2 0 2 2 2 0 0 2 0 2 2 2 0 2 2 2 2 2 2 0 2 2 2 2 2 0 0 2 2 2 2 2 0 2 2 2 2 2 2 0 2 2 2 2 2 2 2 2 2 2 0 0 0 0 2 2 2 2 0 2 2 2 2 2 2 2 2 2 2 2 2 0 2 2 2 2 2 2 2 0 2 2 2 2 2 2 0 0 2 2 2 2 2 2 0 2 2 2 2 2 2 0 2 1 2 2 2 2 2 2 2 2 1 2 2 2 0 2 0 2 2 2 2 2 2 0 2 2 2 2 2 2 0 0 2 2 0 0 0 2 0 0 2 2 2 0 0 2 2 0 2 2 2 0 0 0 2 2 2 2 0 2 1 2 0 0 2 0 2 2 2 0 0 2 0 2 2 2 0 2 2 2 2 2 2 2 2 2 0 2
1832 0 0 2 2 2 0 2 0 2 0 2 2 2 0 2 0 0 2 2 2 0 2 2 0 2 0 2 2 2 2 0 2 2 0 2 2 2 0 2 0 2 2 2 2 0 2 2 2 2 0 2 2 2 2 2 2 2 0 2 2 2 2 2 2 2 2 0 2 2 0 2 0 2 2 0 2 2 2 2 2 2 2 2 2 0 2 2 2 2 2 2 2 2 0 2 2 0 2 0 2 2 0 0 2 2 2 2 0 2 2 2 2 0 0 2 2 0 2 2 2 2 2 0 2 0 2 2 2 2 0 2 2 0 2 2 2 0 0 2 0 0 2 2 0 2 0 2 2 1 2 2 2 2 0 2 2 2 2 1 2 0 2 2 0 2 0 0 2 2 2 2 2 2 0 0 2 2 0 2 2 0 2 0 2 0 2 2 0 2 2 2 0 2 2 2 2 2 2 2 2 2 0 2 2 2 2 2 2 2 2 2 2 2 2 2 2 2 1 2 2 2 2 2 2 2 2 0 2 2 2 2 0 2 2 2 2 2 2 2 2 0 2 2 2 0
1833 2 0 0 2 2 2 2 0 0 2 2 2 2 2 2 0 0 2 2 2 2 2 2 2 2 0 2 2 2 2 2 2 2 0 0 2 2 0 2 2 0 0 2 2 2 0 2 0 0 2 2 2 0 2 2 2 2 0 0 0 2 2 2 2 2 2 0 0 2 2 2 2 0 0 0 2 0 2 2 2 2 2 2 2 0 2 0 2 2 0 2 2 2 0 2 2 0 0 0 0 0 2 0 0 2 2 2 2 2 2 2 2 2 0 2 2 2 2 0 2 2 2 0 2 0 2 2 2 2 2 2 2 0 2 2 2 0 0 2 2 2 2 0 2 2 0 2 0 2 2 2 2 2 0 0 2 2 2 2 0 0 2 2 0 0 0 0 2 2 0 0 2 2 0 0 2 2 0 0 0 0 2 0 2 2 2 2 2 2 0 1 0 2 2 2 0 2 2 2 2 2 2 2 2 2 2 0 2 2 2 2 2 0 2 0 2 2 2 2 2 2 2 0 2 2 0 0 0 2 2 2 0 0 0 2 2 2 0 0 2 2 0 2 0 0
1834 2 0 0 0 2 0 0 0 0 2 2 0 2 0 0 0 0 0 0 0 0 0 2 0 2 0 0 0 0 0 0 0 0 0 0 0 0 0 0 0 0 2 0 0 2 0 0 0 0 0 2 0 0 0 2 2 0 0 0 0 0 0 0 0 0 2 0 2 0 0 0 2 2 0 0 0 0 0 0 0 0 0 0 2 0 0 0 0 0 0 0 0 0 0 0 0 0 0 0 0 0 0 0 0 0 0 0 0 2 0 2 2 0 2 0 2 0 0 2 0 0 0 0 0 2 0 0 0 0 2 0 2 0 0 0 0 0 0 0 0 2 0 0 0 0 2 0 2 1 0 0 0 0 0 2 0 0 2 0 0 2 0 2 0 0 0 0 1 0 0 2 0 0 0 0 2 0 0 0 0 0 0 0 0 0 2 0 0 0 0 0 0 0 0 2 0 0 0 0 0 0 0 2 0 0 2 0 0 0 0 0 2 0 0 0 0 2 0 0 0 0 0 2 2 0 0 0 0 0 0 0 0 0 0 2 0 0 0 2 0 0 0 0 0 0
1835 2 0 2 2 2 0 2 2 2 2 2 2 2 2 2 2 2 2 0 2 2 2 2 2 2 0 0 2 2 0 2 2 2 0 2 1 2 0 2 2 2 2 2 2 2 2 0 2 2 2 2 2 0 2 2 2 0 0 2 2 2 2 2 2 2 2 0 2 2 0 2 2 2 0 2 0 2 2 2 0 2 2 2 2 2 0 2 2 0 2 0 2 2 2 0 2 2 2 2 2 0 0 0 0 2 0 0 2 2 2 2 2 0 2 0 2 0 2 2 2 2 2 2 2 2 2 2 2 0 2 0 2 0 2 2 0 2 0 2 2 2 2 0 0 2 2 2 2 1 0 2 2 2 0 2 2 0 2 0 2 2 2 2 2 2 2 0 2 2 2 2 2 2 2 2 2 2 0 2 2 0 0 2 0 2 2 2 0 2 2 2 0 2 0 2 0 2 2 2 1 2 0 2 0 2 2 2 2 0 2 2 2 2 2 2 2 2 2 2 2 2 2 2 2 2 2 0 2 2 0 2 2 2 0 2 0 2 2 2 2 0 0 2 2 0
1836 2 2 2 2 2 0 2 2 2 2 2 2 2 2 2 2 2 2 2 2 2 2 0 2 2 0 0 2 2 2 2 2 2 2 0 1 2 2 2 2 2 2 2 2 2 2 2 2 2 2 2 2 0 2 0 0 2 2 2 2 2 2 2 2 2 2 2 2 2 2 2 2 2 0 2 2 2 2 2 0 2 2 2 2 2 2 2 2 2 0 0 2 2 2 2 2 2 2 2 2 2 0 2 2 2 2 2 0 2 2 0 2 2 2 2 2 2 2 2 2 2 2 0 2 2 2 2 2 2 2 2 2 0 2 2 2 0 0 2 2 2 2 2 0 2 2 2 2 1 0 2 2 2 0 2 2 2 0 1 2 2 2 0 2 0 2 0 1 2 2 2 2 0 2 2 2 2 0 2 2 0 0 2 0 2 2 2 0 2 2 2 0 2 0 2 0 2 2 2 2 2 0 2 2 2 2 2 2 2 2 2 2 2 2 2 2 2 2 2 2 2 2 2 0 2 2 0 2 2 2 2 2 2 2 2 2 2 2 2 2 2 0 0 2 0
1837 2 2 2 2 2 2 2 2 2 2 0 0 2 2 2 2 0 2 2 2 2 0 2 2 0 2 2 0 2 2 0 0 2 2 2 1 2 2 0 2 0 2 0 2 2 2 2 2 2 2 2 2 2 2 2 2 2 2 2 2 2 2 2 0 2 2 2 0 0 2 0 2 2 2 0 2 2 0 2 2 0 2 0 0 2 2 2 2 2 2 2 0 0 2 2 2 2 2 2 2 2 2 2 0 2 2 2 2 2 2 2 2 2 2 2 2 0 2 2 2 0 0 2 2 2 2 2 0 2 2 2 0 2 2 2 2 2 2 0 2 2 0 2 2 2 2 2 2 2 2 2 2 0 2 2 2 2 2 2 2 2 2 2 2 2 2 2 2 2 2 2 2 2 2 2 2 0 2 2 2 2 2 2 2 2 2 2 2 0 2 2 2 2 2 2 2 2 2 2 1 2 2 2 2 2 2 2 2 2 2 2 2 2 2 2 2 2 2 2 2 0 2 0 2 2 2 2 2 2 2 2 2 2 0 2 2 2 2 2 2 0 2 2 0 2
1838 2 2 0 0 2 2 0 2 1 2 0 0 2 0 2 0 0 0 2 0 0 0 2 0 2 2 2 0 0 2 2 0 2 2 2 2 2 2 0 2 2 0 2 0 2 0 0 2 0 0 2 2 2 2 2 2 2 2 0 0 2 2 0 2 0 2 2 0 2 1 0 2 2 2 0 2 0 0 2 0 2 2 2 2 1 2 0 2 0 2 2 0 2 1 2 2 2 0 2 0 2 2 2 2 2 2 2 2 2 2 2 2 2 2 2 1 1 2 2 2 2 0 2 0 2 1 2 2 2 2 0 2 2 2 2 2 0 2 0 0 2 2 2 2 2 2 2 0 2 2 2 0 2 2 0 2 2 2 2 2 2 2 2 0 2 0 2 2 0 2 0 2 2 2 2 2 0 2 2 2 2 2 2 2 2 0 2 2 2 2 1 2 2 2 2 2 2 0 0 0 2 2 2 0 0 2 2 0 0 2 0 2 0 2 0 2 2 2 2 2 2 2 0 2 2 2 2 0 2 2 0 0 2 0 2 0 2 2 2 0 0 2 2 0 2
1839 2 0 0 2 0 0 0 0 0 1 2 2 0 0 0 2 2 2 0 2 2 2 0 0 0 0 0 2 2 0 0 2 0 0 0 0 0 0 2 0 0 2 0 0 1 0 0 0 0 2 0 0 0 0 0 0 0 0 0 2 2 0 0 0 0 0 0 2 0 0 2 0 0 0 2 0 0 2 0 2 0 0 0 0 2 0 0 0 0 0 0 2 0 2 0 0 0 0 0 0 0 0 0 0 0 0 0 0 0 0 0 0 0 2 0 0 0 0 0 0 0 2 2 0 0 0 0 0 0 0 0 0 0 0 0 0 2 0 0 2 2 0 0 0 0 0 0 2 0 0 0 2 0 0 0 0 0 0 0 0 0 0 0 2 0 0 0 0 0 0 0 0 0 0 0 0 0 0 0 0 0 0 0 0 2 0 0 0 0 0 0 0 0 0 0 0 0 2 2 0 0 0 0 0 0 0 0 2 0 0 0 0 0 0 0 0 0 0 0 0 0 0 2 0 0 0 0 0 0 0 0 2 0 2 0 2 0 0 0 2 0 0 0 2 0
1840 0 0 0 0 0 0 0 0 0 0 0 0 0 0 0 2 0 0 0 0 0 0 0 0 0 2 2 0 0 0 0 0 2 0 2 1 0 0 0 0 0 0 0 0 0 0 0 0 0 0 0 0 0 0 0 0 0 0 0 0 0 0 0 0 0 0 0 0 0 0 0 0 0 0 0 0 0 0 0 0 0 0 2 0 2 0 0 0 0 2 2 0 2 2 0 2 0 2 0 0 0 0 0 0 0 0 0 2 0 2 0 2 0 2 0 0 2 0 0 2 0 0 0 0 0 0 0 0 0 2 0 0 0 2 2 0 2 0 0 0 0 0 1 0 0 2 0 0 0 0 0 0 0 2 0 0 0 0 0 0 2 0 0 2 0 2 0 0 0 0 0 2 0 0 0 0 0 2 0 0 0 0 0 2 0 0 0 2 0 0 0 0 0 0 2 2 0 0 2 0 2 0 0 0 2 2 0 2 0 2 0 0 0 0 0 0 0 0 0 0 0 0 0 0 0 0 0 2 0 0 0 2 0 0 0 0 0 0 0 2 2 0 2 0 2
1841 1 2 0 0 2 2 2 2 0 2 0 2 2 2 2 0 2 0 0 0 0 2 2 2 2 2 2 2 0 0 2 2 2 2 2 2 2 2 0 2 0 0 0 0 2 0 0 2 0 2 2 2 2 0 2 2 0 2 0 0 2 2 2 2 2 2 2 0 2 0 0 0 2 2 2 0 0 2 2 0 0 0 2 2 0 2 0 2 2 2 2 0 2 0 0 2 2 0 2 0 2 2 2 2 2 2 2 2 2 0 2 2 0 2 0 2 2 0 2 2 2 0 2 0 2 2 0 2 2 2 2 2 2 2 2 2 0 2 2 0 2 2 0 2 2 2 0 2 2 2 2 2 0 2 2 0 2 2 2 2 0 2 2 0 2 2 2 0 0 2 2 2 2 2 0 2 2 2 2 2 2 2 2 2 2 0 2 2 0 2 2 2 2 2 2 2 2 2 0 2 0 2 0 2 2 2 2 0 0 0 2 2 0 2 2 0 0 2 2 0 0 2 0 2 2 2 2 2 0 2 0 0 2 2 2 0 2 2 2 0 2 2 2 2 2
1842 2 2 0 0 0 2 0 2 0 2 2 2 0 2 0 2 2 2 0 2 2 2 0 2 2 2 0 2 2 0 2 2 2 0 0 2 0 2 2 2 2 2 2 2 2 0 0 2 0 2 2 2 2 2 0 0 0 2 0 2 2 0 2 2 2 0 2 2 2 2 2 2 2 2 2 0 0 2 0 2 2 0 2 2 2 0 0 0 0 0 0 2 2 2 2 2 2 2 2 0 0 2 2 2 0 2 0 2 2 0 0 0 0 2 2 2 2 0 1 2 2 2 2 2 2 0 2 2 2 0 2 2 0 2 0 0 0 0 2 0 2 2 0 0 2 0 2 2 1 2 0 0 2 0 1 0 2 0 0 0 0 0 1 0 2 0 2 2 2 0 0 0 0 2 2 2 2 0 0 0 0 2 0 0 0 2 0 0 2 0 0 0 0 2 2 0 0 2 2 0 2 2 2 2 0 2 0 2 0 2 2 0 0 2 0 2 2 1 0 2 0 0 2 0 0 2 0 2 2 0 2 2 0 1 0 2 0 0 1 2 2 2 2 2 0
1843 0 0 0 0 0 0 2 0 0 0 0 0 0 0 0 2 0 0 0 0 0 0 0 0 2 0 0 0 0 0 2 0 0 0 0 0 2 0 0 2 0 0 0 0 0 0 0 2 0 0 2 2 0 0 0 0 0 0 0 0 0 0 0 2 0 0 0 0 2 0 0 0 2 0 0 0 0 0 2 0 2 2 2 0 2 0 0 2 0 0 0 0 2 2 0 0 0 0 0 0 0 0 0 0 0 0 0 0 0 0 0 0 0 2 0 0 0 0 2 0 0 0 0 0 2 2 0 2 0 0 0 0 0 0 0 0 0 0 0 0 0 2 0 0 0 0 2 0 1 0 0 0 0 0 0 0 0 0 0 0 0 0 2 0 0 0 0 1 0 0 0 0 0 0 0 0 0 0 0 0 0 0 0 0 0 0 2 0 2 0 1 0 2 0 0 0 2 0 2 0 0 0 0 0 0 0 2 2 0 0 0 0 0 0 0 0 0 1 0 0 2 2 0 0 0 0 0 2 0 0 0 2 0 2 0 2 0 0 2 2 0 0 0 0 0
1844 2 2 2 2 2 2 2 0 2 2 2 2 2 2 2 2 2 2 0 2 2 2 2 2 2 2 2 2 2 0 0 2 0 2 2 1 2 2 2 2 2 2 2 2 2 2 0 0 2 2 2 2 2 2 2 2 2 2 2 2 2 2 2 2 2 2 2 2 2 2 2 2 2 2 2 0 2 2 2 2 2 0 0 2 2 2 2 2 2 2 2 2 0 2 0 0 2 2 0 2 2 0 2 2 2 2 2 2 2 0 2 2 2 2 2 2 2 2 2 0 0 2 0 2 2 2 2 2 2 2 2 2 2 0 2 2 2 0 2 2 2 2 2 2 2 2 2 2 2 2 2 2 2 2 2 2 0 2 2 2 2 2 2 2 2 2 2 2 2 2 2 2 2 0 2 2 2 2 2 2 2 2 2 2 2 2 2 2 2 2 2 2 2 2 2 2 2 0 2 2 2 2 2 2 2 2 2 2 0 2 2 2 2 2 2 2 2 2 2 2 0 2 2 2 2 2 2 2 0 2 2 2 2 2 2 2 2 2 2 2 2 2 2 2 2
1845 2 2 2 2 2 2 0 2 2 2 2 2 2 2 2 0 2 2 2 2 2 2 2 2 2 0 0 2 2 2 0 2 2 2 2 2 0 2 2 2 2 2 0 2 2 2 2 0 2 2 2 2 2 2 2 2 0 2 2 2 2 2 2 2 2 2 2 2 2 2 2 2 2 2 2 2 2 2 0 2 2 0 2 2 0 2 2 2 2 2 2 2 2 0 2 2 2 2 2 2 2 2 2 2 2 2 0 2 2 2 2 2 2 2 2 2 2 0 2 2 2 2 0 2 2 0 2 2 2 0 2 2 2 2 2 2 2 2 2 2 2 2 2 2 2 2 2 0 2 2 2 0 0 2 2 2 2 2 2 2 2 2 2 2 2 0 0 2 2 2 2 2 0 2 2 2 2 2 2 2 2 2 2 0 2 2 0 2 2 2 1 2 2 2 2 2 0 2 0 2 2 0 2 2 2 2 0 0 2 2 2 2 2 2 2 2 2 1 2 2 0 0 2 2 2 2 2 0 2 2 0 0 2 2 2 2 2 2 2 0 2 0 2 2 2
1846 0 2 0 0 0 0 0 0 0 0 0 0 0 0 0 0 0 0 0 0 0 0 0 0 0 0 0 0 0 0 0 0 0 0 0 0 0 2 0 0 2 0 0 0 0 0 0 0 0 0 0 0 0 0 0 0 0 2 0 0 0 0 0 2 0 0 2 0 2 0 0 0 0 0 0 0 0 0 0 2 0 0 0 0 0 0 0 2 0 0 0 0 0 0 0 0 0 0 0 0 0 0 2 0 0 0 0 0 0 0 0 0 2 2 0 2 0 0 2 0 0 0 0 2 0 0 0 0 0 0 0 0 0 0 0 0 0 0 0 0 0 0 0 0 2 2 0 0 0 0 0 0 0 0 0 0 0 0 0 0 2 0 0 0 0 0 0 0 0 0 0 0 0 0 0 0 0 0 0 0 0 0 0 0 0 0 0 0 0 0 0 0 2 0 0 0 0 0 0 0 0 0 0 0 0 0 0 0 0 0 0 0 0 2 0 0 0 0 0 0 0 0 0 0 0 2 0 0 0 2 0 0 0 0 0 0 0 0 2 0 0 0 0 0 0
1847 0 0 0 0 0 0 2 2 0 0 0 2 0 0 0 2 0 0 0 0 0 2 0 0 2 2 2 2 0 0 2 2 2 0 2 0 2 0 0 0 0 0 2 2 0 0 2 2 0 0 0 2 2 0 0 0 2 0 0 0 2 0 0 2 0 0 0 0 2 0 2 0 2 2 0 0 0 2 2 0 2 2 2 0 0 2 0 0 0 2 0 0 2 2 2 2 2 0 2 0 2 2 0 0 2 2 2 2 0 0 2 0 2 2 2 0 0 2 0 2 0 2 2 2 2 2 0 2 2 2 0 0 0 2 0 2 2 2 2 0 0 0 0 0 2 0 2 2 0 0 2 2 2 2 0 2 0 0 0 2 0 0 0 2 0 2 0 2 0 2 0 2 0 2 0 0 2 2 2 0 2 2 2 2 2 0 2 2 2 0 2 2 0 0 0 2 2 2 2 0 0 2 0 0 0 0 2 2 2 0 2 0 0 2 2 2 0 2 2 2 2 2 0 2 0 2 2 0 0 2 2 0 0 2 0 0 2 0 0 2 0 2 2 2 2
1848 0 2 0 2 2 2 2 2 0 0 0 2 2 2 2 2 0 0 0 2 2 2 0 2 0 2 0 2 0 0 2 2 2 2 2 2 2 2 0 0 2 0 2 2 0 0 2 2 0 0 0 2 2 2 0 0 2 2 0 2 0 2 0 2 2 2 2 2 2 0 2 2 0 2 0 0 0 2 2 2 0 2 2 2 2 2 0 2 2 2 2 0 2 2 2 2 2 2 2 0 0 2 2 2 2 2 2 0 2 0 0 2 2 2 2 2 2 2 2 2 2 0 2 2 0 2 2 0 2 2 2 0 2 2 0 2 2 2 0 2 0 0 0 2 2 2 2 2 2 2 2 2 2 2 0 2 2 2 2 0 2 2 2 2 2 2 2 2 2 0 0 2 2 2 2 2 0 2 0 2 2 2 2 0 2 2 0 2 0 2 1 2 2 2 2 2 2 2 2 2 2 2 2 2 0 2 2 2 2 2 2 2 0 2 2 2 2 2 2 2 2 2 2 2 2 0 2 2 0 2 0 2 2 2 2 0 2 2 2 2 2 2 2 2 2
1849 2 2 0 0 2 0 0 0 0 2 0 0 2 2 0 2 0 0 0 2 2 0 2 2 2 2 2 0 0 0 1 0 1 0 2 2 2 2 0 2 2 0 2 2 2 0 2 0 0 0 2 0 0 2 2 2 2 2 0 2 2 0 0 2 2 2 2 1 2 0 2 0 2 0 0 0 0 0 0 0 2 0 0 2 2 2 1 0 2 2 2 0 1 2 0 0 2 2 0 0 2 2 2 2 2 2 2 2 0 2 2 2 0 2 2 2 0 2 2 0 2 0 2 1 2 0 1 0 2 2 2 1 2 0 0 2 2 2 2 2 2 0 2 0 2 2 0 1 0 2 2 2 2 0 0 2 0 0 0 2 2 2 2 2 2 1 1 0 2 2 2 2 2 2 2 0 2 0 2 2 2 1 2 2 2 0 1 0 0 2 2 2 1 2 0 2 0 1 2 2 2 2 2 2 0 2 0 2 2 2 2 2 0 2 0 0 2 2 0 0 0 0 0 2 2 2 2 2 2 2 2 2 1 2 2 0 0 0 2 2 0 2 0 2 0
1850 2 2 0 0 2 0 0 0 0 2 0 2 2 2 0 2 0 0 0 2 2 2 2 2 2 2 2 2 0 0 0 2 0 0 2 2 0 2 0 2 2 0 2 2 2 0 2 0 0 0 2 0 0 2 2 2 2 2 0 2 2 0 0 2 2 2 2 0 2 0 2 0 2 0 0 0 0 2 0 0 2 0 0 2 2 2 0 0 2 2 2 0 0 2 0 0 2 2 0 0 2 2 2 2 2 2 2 2 0 2 2 2 0 2 2 2 0 2 2 0 2 0 2 0 2 0 0 0 2 2 2 0 2 0 0 2 2 2 2 2 2 0 2 0 2 0 0 0 0 2 0 2 2 0 0 2 0 0 0 2 2 2 0 2 2 0 0 0 2 2 2 2 2 2 2 0 2 0 2 0 2 2 2 2 2 0 0 0 0 0 1 2 0 2 0 2 0 0 2 2 2 2 2 0 0 2 0 2 2 2 2 2 0 2 2 0 2 1 2 0 0 0 0 0 2 2 2 2 2 2 2 2 0 2 2 0 0 0 2 2 0 2 0 2 0
1851 0 0 0 0 0 0 0 0 0 0 0 0 0 0 0 0 2 0 2 0 0 0 0 0 0 0 0 0 0 2 0 0 2 0 0 0 2 0 0 0 0 2 0 2 0 0 2 0 0 0 0 0 0 0 0 0 2 0 0 0 0 2 2 2 0 0 0 0 2 2 0 2 0 0 2 2 0 0 0 0 0 2 2 0 0 2 0 0 0 0 0 0 2 2 0 2 0 0 0 0 2 0 0 2 0 2 2 2 0 0 0 0 0 0 0 2 0 0 0 2 0 0 2 0 0 0 0 0 2 0 0 2 2 2 0 2 0 2 2 2 0 0 0 0 2 2 0 0 0 0 0 0 0 0 0 0 0 0 0 0 2 0 0 0 2 0 0 0 2 0 0 0 2 0 0 0 2 0 0 0 2 0 0 0 0 0 0 0 0 0 0 2 0 0 0 2 0 0 0 0 0 2 0 0 0 2 0 0 2 0 0 0 0 2 2 0 0 1 2 0 0 0 0 0 0 0 2 2 0 0 2 0 0 0 0 0 2 0 0 0 0 0 0 0 0
1852 2 2 2 2 2 2 2 2 2 2 2 2 2 2 0 2 2 2 2 2 2 2 2 2 2 2 0 2 2 2 2 2 2 0 0 0 2 2 2 2 2 2 2 2 2 2 2 2 2 2 2 2 2 2 2 2 2 2 2 2 2 2 2 2 2 2 2 2 2 2 2 2 2 2 2 2 2 2 2 2 2 0 2 2 2 2 2 2 2 0 0 2 2 2 2 2 2 0 2 2 0 0 2 2 2 2 2 2 2 2 2 2 2 2 2 2 2 2 2 2 0 2 2 2 2 2 2 0 2 0 2 2 2 2 0 2 0 2 2 0 2 0 0 0 2 2 2 2 1 2 0 0 2 2 0 0 2 2 0 2 2 2 2 0 2 0 2 2 2 2 2 2 0 2 2 0 2 2 2 2 0 2 2 0 2 2 2 2 0 2 1 0 2 2 2 0 0 2 2 2 2 2 2 2 0 2 2 2 2 2 0 0 2 2 2 2 2 2 2 2 2 2 2 2 2 0 0 2 0 2 2 2 2 0 0 2 2 2 2 2 2 0 2 0 2
1853 2 2 0 0 2 2 2 2 0 2 2 2 2 2 2 2 2 2 2 2 2 2 2 2 2 2 2 2 2 2 2 2 2 2 2 2 2 2 0 2 0 2 2 2 2 0 2 2 0 0 2 2 2 2 2 2 2 2 0 2 0 2 2 2 2 2 2 2 2 2 2 0 2 2 2 2 0 2 2 2 2 2 2 2 2 2 0 2 2 2 2 0 2 2 2 2 0 2 2 0 2 2 2 2 2 2 2 2 2 2 2 2 2 2 2 2 0 2 2 2 2 2 2 2 2 2 2 2 2 2 0 2 2 2 2 2 2 2 2 2 2 2 2 2 0 2 2 2 2 2 2 2 2 2 2 2 2 2 2 2 2 2 2 2 2 2 2 1 0 2 2 2 2 2 2 2 2 2 2 2 2 2 0 2 2 2 2 2 2 2 2 2 2 2 2 2 2 2 2 1 2 2 2 2 2 2 0 2 2 2 2 2 0 0 2 0 2 2 2 0 2 2 2 2 2 2 2 2 2 2 2 2 2 2 2 2 2 2 2 2 0 2 2 2 2
1854 0 0 0 0 0 0 0 0 2 0 2 2 0 0 0 2 2 0 0 0 0 2 0 0 0 0 0 2 0 0 0 2 0 0 0 0 0 0 2 2 0 0 0 0 0 0 0 2 0 0 0 0 0 0 0 0 2 0 0 0 0 0 0 2 0 0 0 0 0 0 0 0 0 0 2 0 0 2 0 0 0 0 0 2 2 2 0 2 0 0 0 2 0 0 0 0 0 0 0 0 0 0 0 2 0 0 0 2 0 0 0 0 0 0 0 0 0 0 0 0 0 2 0 0 2 0 0 0 0 0 0 0 0 0 0 2 0 0 0 0 2 0 0 0 0 0 0 0 0 0 0 0 0 0 0 0 0 0 0 0 0 0 2 0 0 0 0 0 2 0 0 0 1 2 0 2 2 0 0 2 2 0 0 0 2 0 0 2 0 2 1 2 2 0 0 2 0 0 0 1 0 0 0 0 0 2 0 0 0 0 0 0 0 0 0 0 0 1 0 0 0 2 0 0 0 0 2 0 0 0 0 2 2 0 0 0 0 2 0 0 0 0 0 2 0
1855 2 2 2 2 0 2 2 0 0 2 0 0 0 2 0 0 2 2 2 2 2 0 2 2 2 2 2 0 2 2 0 0 0 2 2 2 0 2 0 2 0 2 2 2 2 2 2 0 2 2 2 2 2 2 2 2 2 2 2 2 2 2 2 2 2 0 2 2 2 2 2 2 2 2 2 2 2 0 2 0 2 2 2 2 0 2 2 2 2 2 2 0 0 0 2 0 2 0 0 2 2 2 2 0 2 2 2 0 0 2 0 2 2 2 2 2 2 2 0 0 2 2 2 2 2 2 0 0 2 0 2 0 2 0 2 2 2 2 2 2 2 2 2 2 2 2 2 0 1 2 2 2 2 2 2 2 2 2 2 2 2 2 0 0 2 2 2 2 2 2 2 2 2 2 2 2 2 2 2 0 2 2 2 2 2 2 2 0 2 0 1 2 2 2 2 2 0 2 2 2 0 2 0 2 2 2 2 2 2 0 2 0 2 2 2 2 0 2 2 2 2 2 2 2 2 2 2 2 0 2 2 0 0 2 0 2 2 0 0 2 2 2 2 2 2
1856 2 2 0 2 2 2 2 2 2 2 2 2 2 2 2 2 2 0 2 0 2 2 2 2 2 2 2 2 0 2 0 2 2 2 2 2 2 2 2 2 2 2 2 2 2 0 2 0 0 0 2 2 2 2 2 2 2 2 0 2 2 2 2 2 2 2 2 2 2 2 2 2 2 2 2 2 0 2 2 2 2 2 2 2 2 2 0 2 2 2 2 2 2 2 2 2 2 2 2 0 2 2 2 2 2 2 2 2 2 2 2 2 2 2 0 2 2 2 2 2 2 2 2 2 2 2 2 2 2 2 2 2 2 2 2 2 2 2 0 2 2 2 2 2 2 2 2 2 2 2 2 2 2 2 2 2 2 2 2 2 2 2 2 2 2 2 2 2 2 2 2 2 2 2 2 2 2 2 2 2 2 2 2 2 2 2 2 2 2 2 2 2 2 2 2 2 2 2 2 2 2 2 2 2 2 2 2 2 2 2 2 2 0 2 2 0 2 2 2 2 0 2 2 2 2 2 2 2 2 2 2 2 2 2 2 2 2 2 2 2 2 2 2 2 2
1857 2 2 2 2 2 0 0 0 2 2 2 2 2 0 2 2 2 2 2 2 2 2 2 0 2 2 2 2 2 2 2 2 2 2 2 2 2 2 2 2 2 0 2 2 2 2 2 2 2 2 2 2 2 2 2 2 2 2 2 2 2 0 0 2 2 2 2 2 2 2 2 2 2 2 2 2 2 2 2 0 2 2 2 2 2 2 2 2 2 2 2 2 2 2 2 2 2 2 0 2 2 2 2 2 0 2 0 2 2 2 0 2 2 0 2 2 2 2 0 2 2 2 2 2 2 0 2 0 2 2 2 2 2 2 2 2 0 2 2 0 2 2 2 2 2 2 2 2 1 2 2 2 2 2 2 2 2 2 1 2 2 2 2 0 2 2 2 2 2 2 2 2 2 2 0 2 2 2 2 2 0 2 2 2 2 2 2 2 2 2 2 0 0 2 2 2 2 2 2 2 2 2 0 2 2 2 2 2 2 2 2 0 2 2 2 2 0 2 2 2 2 2 2 2 2 2 0 2 2 2 2 2 2 2 0 2 2 2 0 2 2 0 2 0 2
1858 2 2 2 2 2 2 2 2 0 2 0 2 2 2 2 2 2 0 2 0 2 2 2 2 2 2 2 2 0 2 0 2 2 2 2 2 2 2 0 2 2 2 2 2 2 2 2 2 2 2 2 2 2 2 2 2 2 2 2 0 2 2 2 2 2 2 2 2 2 2 0 2 2 2 2 2 2 2 2 2 2 2 2 2 2 2 2 2 2 2 2 0 2 2 2 2 2 2 2 2 2 2 2 2 2 2 2 2 2 2 2 2 2 2 2 2 2 2 2 2 2 2 2 2 2 2 2 2 2 2 2 2 2 2 2 2 2 2 2 2 2 2 2 2 2 2 2 2 2 2 2 2 2 2 2 2 2 2 2 2 2 2 2 2 2 2 2 2 2 2 2 2 2 0 2 2 2 2 2 2 2 2 2 2 0 2 2 2 2 2 2 2 2 2 2 2 2 2 2 2 2 2 2 2 2 2 2 2 2 2 2 2 2 2 2 2 2 2 2 2 2 2 2 2 2 2 2 2 2 0 2 2 2 2 2 2 2 2 2 2 2 2 2 2 2
1859 0 0 2 0 0 0 2 0 2 0 2 0 0 0 0 0 2 0 2 2 0 0 2 0 0 0 0 0 0 2 0 0 0 0 2 0 2 0 0 2 0 0 0 2 0 2 0 0 2 2 0 2 0 2 2 2 0 0 2 0 0 2 2 2 2 0 0 1 2 0 2 0 2 0 2 2 2 0 0 0 0 0 2 0 0 2 2 2 0 2 0 0 0 0 0 0 2 2 0 2 0 0 0 0 2 2 0 0 0 0 2 2 2 0 2 0 2 0 0 0 0 2 2 2 0 2 0 0 2 0 2 2 0 0 0 2 0 0 0 2 0 0 0 2 2 0 2 2 1 0 2 2 2 0 2 0 2 0 2 2 0 0 2 0 2 2 2 2 2 2 0 0 2 0 0 2 2 0 2 2 2 0 2 0 2 0 2 0 0 2 2 2 2 0 2 0 0 0 0 1 2 0 2 2 0 2 2 0 0 2 2 2 2 2 2 0 2 1 2 2 1 0 0 2 0 2 2 2 0 0 2 0 2 2 2 0 0 2 0 0 2 0 0 0 0
1860 2 0 2 2 2 2 2 0 2 2 2 2 2 2 2 2 2 2 2 2 2 2 2 2 2 2 2 2 2 2 2 2 2 2 2 2 0 0 0 2 2 0 2 2 2 2 2 2 2 2 2 1 2 2 2 2 2 0 2 2 0 2 2 2 2 2 0 2 2 2 2 2 2 2 2 2 2 2 2 2 2 2 2 2 2 0 2 2 0 2 2 0 2 2 2 2 2 0 0 2 2 2 0 2 2 2 2 2 2 0 0 2 2 2 2 2 0 2 2 2 2 2 2 2 2 2 2 2 1 2 2 0 2 2 0 0 2 2 2 2 2 2 2 2 0 2 2 2 1 2 2 2 2 2 2 2 2 2 2 2 2 2 2 2 1 2 0 0 2 2 2 0 2 2 2 2 2 2 2 2 2 2 1 2 2 2 2 2 2 2 2 0 2 2 2 2 2 2 2 1 0 2 2 2 0 2 2 2 2 0 0 2 2 0 0 2 2 2 2 0 2 2 2 2 2 2 0 2 2 2 0 2 2 2 2 0 2 2 2 2 0 2 2 2 2
1861 2 0 2 2 2 0 2 2 2 2 2 2 2 2 0 2 2 2 2 2 2 2 2 2 0 2 2 2 2 2 2 2 0 0 2 2 2 0 2 2 2 2 2 2 2 2 2 2 2 2 2 2 2 2 2 2 2 0 2 2 2 2 2 2 2 2 0 2 2 0 2 2 2 2 2 2 2 2 2 0 2 2 2 2 2 2 2 2 2 2 2 2 2 2 2 0 2 2 2 2 2 2 0 0 2 2 2 2 2 0 2 2 2 0 2 0 2 2 0 0 2 2 2 2 0 2 2 2 2 2 2 2 2 0 2 2 0 2 2 2 2 2 2 2 2 2 2 2 1 2 2 2 2 2 2 2 2 0 2 0 2 2 2 2 2 2 2 2 2 0 2 0 2 2 0 2 2 2 0 2 0 2 2 2 2 0 2 2 2 2 2 2 2 2 2 2 2 2 2 2 2 2 2 2 2 2 2 2 2 2 2 2 2 2 2 2 2 1 0 2 2 0 2 2 2 2 2 2 0 2 2 2 2 2 2 2 2 2 0 2 2 2 2 2 2
1862 2 2 2 2 2 2 2 2 2 2 2 2 2 2 2 2 2 2 2 0 2 2 2 2 2 2 2 2 2 2 2 2 2 2 2 2 2 2 2 0 2 2 2 2 2 2 2 2 2 2 2 2 0 2 2 2 2 2 2 2 2 2 2 2 2 2 2 2 2 2 2 2 2 0 2 2 2 2 2 2 0 0 2 2 2 2 2 2 2 2 2 2 2 2 2 2 2 2 2 2 2 2 2 2 2 2 2 2 0 2 2 2 2 2 2 2 2 2 2 2 2 2 2 2 2 2 2 2 2 2 2 2 2 2 2 2 2 2 2 2 2 0 2 2 2 2 2 2 2 2 2 2 2 2 2 2 2 2 1 2 2 2 2 2 2 2 2 2 2 2 2 2 2 2 2 2 2 2 2 2 2 2 2 2 2 2 2 2 0 2 2 2 2 2 2 2 2 2 2 2 2 2 2 2 2 2 2 2 2 2 2 2 2 2 2 2 2 2 2 2 2 2 2 2 2 2 2 0 2 2 2 2 2 2 2 2 2 2 2 2 2 0 2 0 2
1863 2 2 0 0 0 2 0 2 0 0 0 2 0 2 2 0 2 2 0 2 0 2 2 2 2 2 2 2 2 0 2 2 2 2 0 2 2 2 2 2 2 0 0 0 0 0 2 2 0 0 0 0 2 2 2 2 2 2 0 2 0 0 2 2 2 0 2 2 2 2 2 2 2 2 2 0 0 2 0 2 2 2 2 0 0 0 0 2 2 0 2 2 0 2 2 2 2 0 2 0 2 2 2 2 2 2 0 2 2 2 2 2 2 2 2 2 2 2 2 2 2 2 2 2 2 0 2 2 2 0 0 1 2 2 0 0 2 0 2 0 0 2 2 2 2 2 0 0 2 0 2 2 2 0 2 2 2 2 2 2 2 2 2 2 2 2 2 1 0 2 2 2 2 2 2 2 2 0 2 2 2 0 2 2 2 2 2 2 2 2 2 0 2 0 2 2 2 0 2 1 2 0 2 2 0 2 2 2 2 2 2 2 0 2 0 2 2 2 2 0 2 2 2 0 2 2 0 2 2 2 2 0 2 2 2 2 2 2 2 2 2 2 2 2 0
1864 0 0 2 0 2 0 0 0 2 0 0 0 2 0 0 0 0 0 0 0 2 0 0 0 0 0 0 0 0 0 0 0 0 0 0 0 0 0 0 0 0 0 0 0 0 2 2 0 2 0 0 0 0 0 0 0 0 0 2 2 0 0 0 2 0 2 0 0 2 0 0 0 0 0 0 0 2 0 0 0 0 0 0 0 0 0 2 0 0 0 0 0 2 0 0 0 0 0 0 2 0 0 0 0 0 0 0 0 0 0 0 0 0 0 0 0 0 0 0 0 0 0 0 0 0 0 0 0 0 0 0 0 0 0 0 0 0 0 0 0 2 0 0 0 0 2 0 2 0 0 0 0 0 0 0 0 0 0 0 0 0 2 0 0 0 0 0 0 0 0 2 0 0 0 0 0 2 0 0 0 0 0 0 0 0 0 0 0 0 0 0 0 0 0 2 0 0 0 0 0 0 0 0 0 0 2 0 0 2 0 0 0 2 0 2 0 0 0 0 0 0 0 0 0 2 0 0 0 0 0 0 0 0 0 0 0 0 0 0 0 0 0 0 0 0
1865 2 0 0 2 2 0 2 2 0 0 2 0 2 2 0 2 2 2 2 2 0 0 2 2 0 2 0 0 2 2 2 0 0 0 2 1 0 0 2 2 0 2 0 2 0 0 2 0 0 2 2 0 0 0 2 2 0 0 0 0 0 2 2 2 0 2 0 0 2 0 0 0 2 0 2 2 0 0 2 0 0 0 2 0 2 0 0 0 2 2 0 2 2 2 2 0 2 0 2 0 2 0 0 0 2 0 2 0 0 0 2 2 2 0 2 2 2 2 0 0 2 2 0 2 0 2 0 0 2 2 2 2 0 0 0 0 0 2 0 0 2 2 2 2 2 2 0 2 0 0 2 2 0 2 2 0 0 0 1 2 0 2 0 0 2 2 2 1 2 2 2 0 2 2 0 2 2 2 2 2 0 2 2 0 0 0 0 2 2 2 2 2 2 0 2 0 0 2 0 1 2 2 2 2 0 2 2 0 2 2 0 2 0 2 2 0 2 0 0 2 0 0 0 2 2 0 2 0 0 2 2 2 2 0 2 0 0 2 0 0 2 0 0 0 2
1866 2 0 0 2 2 0 2 2 0 2 2 0 2 2 0 2 2 2 2 2 2 0 2 2 0 2 0 0 2 2 2 0 0 0 2 1 0 0 2 2 0 2 0 2 2 0 2 0 0 2 0 0 0 0 2 2 0 0 0 0 0 2 2 2 0 2 0 2 2 0 0 2 2 0 2 2 0 0 2 0 0 0 2 0 2 0 0 0 2 2 0 2 2 2 2 0 2 0 2 0 2 0 0 2 2 0 2 0 0 0 2 2 2 0 2 2 2 2 0 0 2 2 0 2 0 2 0 0 2 2 2 2 0 0 2 0 0 2 2 0 2 2 2 2 2 2 0 2 0 2 2 2 0 2 2 0 0 0 1 2 0 2 0 0 2 2 2 1 2 2 2 0 2 2 0 2 2 2 2 2 0 2 2 0 0 0 0 2 2 2 2 2 2 2 2 0 0 2 0 1 2 2 2 2 2 2 2 0 2 2 0 2 0 2 2 2 2 0 0 2 2 0 2 2 2 0 2 0 0 2 2 2 2 0 2 0 0 2 0 0 2 0 0 0 2
1867 0 2 0 2 2 2 2 2 0 0 0 0 2 0 2 0 0 0 2 0 0 0 0 0 2 2 2 0 0 2 0 0 2 2 2 1 0 2 0 2 0 0 2 0 0 0 0 2 0 0 0 2 2 0 0 0 2 2 0 0 2 0 2 2 0 2 2 0 2 2 2 0 2 2 0 2 0 0 2 2 2 2 0 0 0 2 0 0 0 2 2 0 2 2 2 2 2 2 2 0 2 0 2 2 0 2 2 2 2 2 2 0 2 2 2 0 2 0 2 2 0 0 0 2 2 2 0 2 2 2 0 2 0 2 0 2 2 2 0 2 2 0 0 0 2 0 2 0 2 0 2 2 2 2 2 0 0 2 0 0 0 0 0 0 2 2 0 2 0 0 0 2 2 2 0 0 2 2 0 0 2 0 2 2 1 2 2 2 2 0 1 0 2 0 2 2 2 2 2 0 0 0 2 2 0 2 2 2 0 0 2 2 0 2 2 0 2 1 2 2 0 2 0 2 0 2 0 0 2 0 0 0 0 2 2 1 0 0 2 2 2 2 2 2 2
1868 0 2 0 0 2 2 2 2 0 2 0 2 2 2 2 0 0 0 0 2 2 2 0 2 2 0 2 2 0 0 0 2 2 2 2 2 2 2 0 0 0 0 0 0 2 0 2 0 2 0 2 0 2 2 0 0 2 2 0 0 2 2 2 0 2 2 2 2 0 2 2 2 2 2 0 0 0 2 2 2 2 2 2 2 0 0 0 2 0 2 2 0 2 0 2 2 2 0 2 0 2 2 2 2 0 0 2 0 2 2 2 2 2 0 2 2 0 0 0 2 2 2 0 0 2 2 0 2 2 0 2 0 2 2 2 0 2 2 2 0 0 2 0 2 0 0 0 2 2 0 2 2 2 2 2 2 2 2 2 0 0 2 0 2 2 2 2 2 0 0 2 2 0 0 2 2 0 2 0 0 2 0 2 2 0 2 2 0 2 0 1 2 2 0 2 0 2 0 2 1 0 2 2 2 2 0 2 2 2 0 2 2 0 0 2 2 2 2 0 2 2 2 2 2 2 2 2 2 2 0 2 0 0 2 2 2 0 0 0 2 0 2 0 0 2
1869 2 0 0 2 0 0 0 2 0 2 2 0 0 0 0 0 0 0 0 2 0 0 0 0 0 0 0 0 0 0 0 0 0 0 0 0 0 0 2 2 0 0 2 2 2 0 2 0 0 0 0 2 0 0 0 0 0 0 0 0 0 2 0 0 0 0 0 0 0 0 2 2 0 0 0 0 0 0 0 0 0 0 0 0 0 0 0 2 2 0 0 2 0 0 0 0 0 0 2 0 0 0 0 0 2 0 0 0 2 0 0 0 0 0 2 0 0 0 0 0 0 0 0 0 0 0 0 0 0 0 0 0 0 0 0 0 0 0 0 0 0 2 0 0 0 2 2 0 0 0 0 0 2 0 0 0 0 0 0 0 2 2 0 0 0 0 0 0 2 0 2 0 0 2 0 0 0 0 0 0 0 0 0 0 0 0 0 0 0 0 0 0 0 0 2 0 0 0 0 1 0 0 0 0 0 0 0 0 2 0 0 0 0 0 0 0 0 1 0 0 0 0 0 0 2 0 0 0 0 2 0 0 0 0 0 0 2 0 0 0 0 0 0 0 0
1870 2 2 2 2 2 2 2 2 2 2 2 2 2 2 2 2 0 2 2 2 2 2 2 2 2 2 0 2 2 2 2 2 2 2 2 1 2 2 2 2 2 2 2 2 2 2 2 2 2 2 2 2 2 2 2 2 0 2 2 2 2 2 2 2 2 2 2 2 2 2 2 2 2 2 0 2 2 2 2 2 2 2 2 2 2 0 2 2 2 2 2 2 2 2 2 2 2 2 2 2 2 2 2 2 2 2 2 2 2 2 2 2 2 2 2 2 2 0 2 2 2 2 2 2 2 2 2 2 0 2 2 2 0 2 2 0 2 2 2 2 2 2 0 2 2 2 2 0 2 2 2 0 2 2 2 0 2 2 2 2 2 2 2 2 2 0 2 2 2 2 2 2 2 2 2 2 2 2 2 2 2 2 2 0 2 2 2 2 2 2 2 0 2 2 2 0 2 2 2 2 2 2 2 2 2 2 2 2 2 2 0 2 2 2 2 2 2 2 2 2 2 2 2 2 2 2 0 2 2 2 2 2 2 2 2 2 2 2 2 2 2 2 2 2 2
1871 2 0 2 0 0 0 0 0 2 2 0 0 0 0 0 0 0 0 2 2 0 2 0 0 0 0 0 2 0 2 2 2 0 0 0 1 0 0 2 2 2 2 0 0 2 2 2 0 2 2 0 0 0 2 0 0 0 0 2 2 2 2 0 2 2 0 0 0 2 0 0 2 0 0 0 2 2 0 0 0 0 0 0 0 0 0 2 0 2 0 0 2 0 2 0 0 0 0 0 2 0 0 0 2 0 0 0 2 0 0 0 0 0 0 2 0 0 0 0 0 2 0 0 0 0 0 0 0 0 0 0 2 0 0 0 0 0 0 2 0 2 0 0 2 2 0 0 0 0 0 0 0 2 0 0 0 0 0 1 0 0 0 2 0 0 0 0 1 0 0 0 0 0 0 0 0 2 0 0 0 0 0 0 0 0 0 0 2 0 2 1 0 0 0 2 0 0 0 0 1 0 0 0 0 0 2 0 0 2 0 0 0 2 2 0 2 0 1 0 2 2 0 0 0 0 0 0 0 0 0 0 0 0 0 0 0 0 0 0 0 0 0 0 0 0
1872 0 0 0 0 0 0 0 0 0 0 0 0 0 0 0 0 0 0 0 0 0 2 0 0 0 0 0 2 0 0 2 2 0 0 0 2 0 0 0 0 2 0 2 2 0 0 2 0 1 2 0 0 0 2 0 0 0 0 0 2 2 0 0 2 2 0 0 2 2 0 2 0 0 0 0 0 0 0 0 0 0 0 0 0 0 0 0 2 0 0 0 0 0 0 0 0 0 0 0 0 0 0 0 0 2 0 0 0 0 0 0 0 0 0 2 0 0 0 0 0 2 2 0 0 0 0 0 0 0 0 0 0 0 0 0 0 0 0 2 0 0 0 0 2 2 0 0 0 0 0 0 0 2 0 0 0 0 2 1 0 2 0 0 0 0 0 0 2 2 0 0 0 0 0 0 0 2 0 0 0 0 0 0 0 2 0 0 0 0 0 0 0 0 0 2 0 0 0 0 1 0 0 0 0 0 2 0 0 2 0 0 0 0 2 0 2 0 0 0 2 2 0 2 0 0 0 0 0 0 0 0 0 0 0 0 0 0 0 0 0 0 0 0 0 0
1873 0 0 2 0 2 0 2 0 2 2 0 2 2 0 2 2 0 0 0 2 0 2 2 0 0 2 0 2 0 0 0 2 0 0 0 1 0 0 0 0 2 0 0 0 2 2 0 2 2 2 0 0 0 2 2 2 0 0 2 2 2 2 2 2 2 2 0 2 2 0 0 2 2 0 0 0 2 2 0 0 0 0 0 2 2 0 2 2 0 0 0 0 0 2 0 0 0 0 0 2 0 0 0 0 0 0 0 2 2 0 0 0 0 0 2 2 2 2 2 0 2 2 0 2 0 2 0 0 0 2 0 0 0 0 0 0 0 0 2 0 0 2 0 2 2 2 0 0 1 0 2 0 0 0 0 0 2 0 1 0 0 2 2 0 0 0 0 1 0 0 2 0 0 0 0 0 2 0 0 2 0 0 0 0 0 0 2 2 0 0 0 0 0 0 2 0 0 0 0 1 0 2 0 2 0 2 2 0 0 0 0 0 2 2 0 2 0 1 2 2 2 0 2 2 2 0 0 0 0 0 0 2 2 0 0 0 2 2 2 0 2 0 0 0 0
1874 0 2 0 2 2 2 2 1 0 1 2 1 2 0 2 2 2 2 1 1 2 2 0 1 2 2 2 2 2 1 2 2 2 2 0 2 2 2 0 1 2 1 0 0 1 1 0 2 1 2 2 0 0 2 0 0 2 2 1 2 2 1 2 2 2 2 2 2 2 2 0 1 2 0 2 1 1 2 2 2 2 0 2 2 2 2 1 2 0 0 0 0 2 2 2 2 2 1 1 1 0 2 2 1 0 1 0 2 2 2 2 2 0 2 2 2 2 2 2 2 2 2 2 2 2 2 2 0 2 0 2 2 0 2 2 2 0 2 2 2 1 2 2 2 2 2 0 2 2 2 2 2 1 0 2 2 2 1 2 1 0 2 2 2 2 2 0 2 0 0 2 2 2 2 2 2 2 0 1 2 2 2 2 2 0 2 2 2 0 2 2 2 2 2 2 2 2 2 2 2 0 2 0 2 2 2 2 2 1 0 2 2 1 2 2 2 0 1 0 2 2 2 2 2 2 2 2 2 2 2 2 2 2 2 2 2 2 2 2 2 2 0 2 2 0
1875 2 0 2 2 2 2 2 2 2 2 2 2 2 2 0 0 2 2 2 2 2 2 2 2 0 0 2 2 2 2 0 2 0 0 2 2 2 0 2 2 0 2 2 2 2 2 2 0 2 0 2 2 2 2 2 2 0 0 2 2 2 2 2 0 2 2 0 2 0 0 2 2 2 2 2 2 2 2 0 0 2 2 0 2 0 2 2 2 2 2 2 2 2 2 0 0 0 2 2 2 2 2 0 2 2 2 2 2 0 0 2 0 2 2 2 0 0 0 2 0 2 2 2 2 2 2 2 2 2 2 2 2 2 0 0 2 2 0 2 0 2 2 2 2 2 0 2 2 1 2 2 2 2 2 2 2 2 2 1 2 2 0 0 0 0 2 2 0 2 2 0 0 0 2 0 0 0 2 2 2 0 2 0 2 2 0 2 2 2 2 1 0 2 2 2 2 0 0 0 1 2 2 2 2 0 0 2 0 2 2 2 0 2 2 2 2 2 1 2 0 2 0 2 2 0 2 0 0 0 2 2 0 2 2 0 0 0 2 2 0 0 2 0 2 2
1876 0 2 2 2 2 2 2 2 2 0 2 2 2 2 2 2 2 2 0 0 2 2 2 2 2 2 2 2 2 0 2 2 2 2 2 2 2 2 0 0 2 0 2 2 0 2 2 2 2 2 0 2 2 0 2 2 2 2 2 2 0 0 2 2 0 2 2 0 2 2 2 0 2 2 2 0 2 2 2 2 2 2 2 2 2 2 2 0 2 2 2 0 2 2 2 2 2 2 2 2 2 2 2 2 2 2 2 2 2 2 2 2 2 2 2 2 2 2 2 2 2 0 2 2 2 2 2 2 2 2 2 2 2 2 2 2 2 2 0 2 2 2 2 2 2 2 2 2 2 2 2 2 2 2 2 2 2 2 2 2 2 2 2 2 2 2 2 2 2 2 2 2 2 2 2 2 2 2 2 2 2 2 2 2 2 2 2 2 2 2 2 2 2 2 2 2 2 2 2 1 2 2 2 2 2 2 2 2 2 2 2 2 2 2 2 0 2 1 2 2 0 2 0 2 2 2 2 2 2 2 2 2 2 2 2 2 2 2 2 2 2 2 2 2 2
1877 2 0 2 2 2 2 2 2 2 2 2 2 2 2 2 2 2 2 2 2 2 2 2 2 0 2 2 2 2 2 2 2 0 0 2 2 2 0 2 2 2 2 2 2 2 2 2 2 2 2 2 2 2 2 2 2 2 0 2 2 2 2 2 2 2 2 0 2 2 0 2 2 2 2 2 2 2 2 2 0 2 2 0 2 2 2 2 2 2 2 2 2 2 2 0 0 2 2 2 2 2 2 0 2 2 2 2 2 2 0 2 0 2 2 2 2 2 2 2 0 2 2 2 2 2 2 2 2 2 2 2 2 2 0 2 2 2 0 2 2 2 2 2 2 2 2 2 2 1 2 2 2 2 2 2 2 2 2 2 2 2 2 2 2 2 2 2 2 2 2 2 0 2 2 2 0 2 2 2 2 0 2 2 2 2 0 2 2 2 2 1 2 2 2 2 2 0 0 0 2 2 2 2 2 2 2 2 0 2 2 2 0 2 2 2 2 2 1 2 2 2 0 2 2 2 2 2 2 0 2 2 2 2 2 0 2 2 2 2 0 2 2 0 2 2
1878 0 2 0 0 2 0 2 0 0 0 0 2 2 0 0 0 0 0 0 0 0 0 0 0 0 0 0 0 0 0 0 0 0 0 2 0 0 2 0 0 2 0 0 0 0 0 0 0 0 2 0 0 0 0 0 0 0 2 0 0 0 0 2 0 0 2 2 0 0 0 0 0 2 0 0 0 0 2 0 0 0 0 2 2 0 0 0 2 0 2 0 0 0 0 2 0 0 0 0 0 2 0 2 0 0 0 2 0 0 2 2 0 2 0 2 0 0 0 0 0 0 0 0 0 0 2 0 0 2 0 0 2 2 0 0 0 2 0 0 2 2 0 0 2 0 0 0 2 0 0 0 0 0 2 0 2 2 1 1 0 0 0 0 2 0 0 2 0 0 0 0 0 2 0 0 0 0 2 0 0 0 0 0 0 0 0 0 0 0 2 1 0 0 0 2 0 2 0 0 0 0 0 0 0 0 0 0 0 0 0 0 0 0 0 2 0 0 0 0 0 0 0 0 2 0 0 0 0 2 0 0 0 0 0 0 0 0 0 1 0 0 0 0 0 2
1879 2 2 2 2 2 2 2 2 1 1 2 2 2 2 2 0 2 2 0 2 1 2 2 2 1 2 1 2 2 0 0 0 0 1 2 2 2 2 2 2 1 2 2 2 1 2 2 2 2 2 1 2 1 1 2 2 2 2 2 2 2 2 2 2 2 2 0 0 2 2 2 2 2 2 2 0 2 2 2 2 1 2 1 2 0 2 2 2 2 2 1 2 2 2 2 0 2 2 2 2 1 0 2 0 2 2 2 2 2 2 2 2 2 2 2 1 2 2 2 0 0 2 2 2 2 2 0 1 2 2 2 2 0 0 2 2 0 1 2 1 1 0 1 1 2 2 2 1 2 1 2 2 2 2 2 2 1 2 2 1 2 2 2 2 2 1 2 2 2 1 2 2 2 2 1 2 2 2 1 2 2 2 2 1 2 2 2 2 1 2 2 1 2 2 2 1 2 2 2 2 2 0 2 2 2 2 2 2 2 2 2 2 2 2 2 1 2 2 2 2 0 2 0 2 1 2 1 2 2 2 0 0 2 2 2 2 2 2 2 2 2 2 2 2 2
1880 0 2 2 0 2 0 2 0 2 0 2 0 2 0 2 0 0 0 0 0 0 0 2 0 0 0 0 0 0 0 0 0 2 1 2 0 2 0 0 0 0 0 0 0 0 2 0 0 2 0 0 0 0 2 2 2 0 0 2 2 0 0 2 0 0 2 0 0 0 0 0 1 2 0 0 0 2 0 2 0 0 0 2 2 0 0 2 0 0 0 0 0 2 0 2 2 0 0 0 2 0 2 2 0 0 0 2 0 0 2 0 2 0 0 0 0 0 0 0 2 0 0 0 2 2 2 0 0 2 2 0 2 2 2 2 0 2 0 0 2 0 0 0 2 0 2 0 0 0 0 0 0 0 2 2 2 2 2 2 2 0 2 2 0 2 0 2 0 0 2 2 2 2 0 2 2 0 2 2 0 0 0 0 0 0 2 0 0 0 2 2 2 2 0 2 0 2 2 0 2 0 2 2 0 2 0 0 0 0 0 0 2 2 0 2 0 0 0 2 0 0 0 0 2 2 2 2 2 0 2 0 0 0 2 2 2 0 0 0 0 0 0 0 2 2
1881 2 0 2 2 2 2 2 2 2 2 2 2 2 2 2 2 2 2 2 2 2 2 2 2 2 2 2 2 2 2 2 2 2 0 0 2 2 0 2 2 2 2 2 0 2 2 0 2 2 2 2 2 2 2 2 2 2 0 2 2 2 2 2 2 2 2 0 2 2 2 2 2 2 2 2 2 2 2 2 2 2 2 2 2 2 2 2 2 2 0 2 2 2 2 0 2 2 2 2 2 2 2 0 2 2 2 2 2 0 0 2 2 2 2 2 0 2 2 0 2 2 2 0 2 2 2 2 2 2 2 2 2 0 2 2 2 2 0 2 0 2 2 2 2 2 2 2 2 2 2 2 2 0 2 2 2 2 0 2 2 2 2 2 2 2 2 0 2 0 2 2 2 0 2 0 2 2 2 2 2 2 2 2 2 2 2 2 2 2 2 2 0 2 2 2 2 2 2 2 1 2 0 2 2 2 2 2 2 0 2 2 0 2 2 2 2 2 2 2 2 2 2 2 2 2 2 0 2 0 2 2 2 2 2 0 2 2 2 0 2 2 2 2 2 2
1882 2 2 2 0 2 0 2 2 2 2 2 2 2 2 2 2 2 2 2 2 2 2 2 2 2 2 2 2 2 2 2 2 2 2 2 2 2 2 2 2 2 2 2 2 2 2 2 2 2 2 2 2 2 2 2 2 2 2 2 2 2 2 2 2 2 2 2 2 0 0 0 2 2 2 2 2 2 2 2 2 2 2 2 2 2 2 2 2 2 2 2 2 2 2 2 2 2 2 2 2 2 2 2 2 0 2 2 2 2 2 2 2 2 2 2 2 2 2 2 2 2 2 0 0 2 2 2 2 2 2 2 2 2 2 2 2 2 2 2 2 2 2 2 2 0 2 2 2 1 2 0 2 0 2 2 2 2 2 2 2 0 2 2 2 2 2 2 2 2 2 2 2 2 0 2 2 2 2 2 2 0 0 2 2 0 2 0 0 2 2 2 2 2 2 2 2 2 2 2 2 2 2 2 2 2 2 0 2 2 2 2 2 2 0 2 2 2 0 2 2 2 0 2 2 2 2 2 2 2 2 2 2 2 2 2 2 2 2 2 2 2 2 2 2 2
1883 2 0 2 2 2 2 2 2 2 2 2 2 2 2 2 2 2 2 2 2 2 2 2 2 2 2 2 2 2 2 2 2 2 0 2 2 2 0 2 2 2 2 0 2 2 2 2 2 2 2 2 2 2 2 2 2 2 0 2 2 2 2 2 2 2 2 0 2 2 2 2 2 2 2 2 2 2 2 2 2 2 2 2 2 2 2 2 2 2 2 2 2 2 2 2 2 2 2 2 2 2 2 0 2 2 2 2 2 0 0 2 2 2 2 2 0 2 2 0 2 2 2 2 2 2 2 2 2 2 2 2 2 2 2 2 2 2 2 2 0 2 2 2 2 2 2 2 2 2 2 2 2 2 2 2 2 2 0 2 2 2 2 2 2 2 2 0 2 2 2 2 2 0 2 0 2 2 2 2 2 2 2 2 2 2 2 2 2 2 2 2 2 2 2 2 2 2 2 2 2 0 0 2 2 2 2 2 2 2 0 2 0 2 2 2 2 2 2 2 2 2 2 2 2 2 2 2 2 0 0 2 2 2 2 0 2 2 2 0 2 2 2 2 2 2
1884 2 2 2 2 2 0 2 2 2 2 2 2 2 2 2 2 2 2 2 2 2 2 0 2 0 2 2 2 2 2 2 2 2 2 2 2 2 2 2 2 2 2 2 2 2 2 2 2 2 2 2 2 2 2 0 1 2 2 2 2 2 2 2 2 2 2 2 2 0 2 2 2 2 2 2 2 2 2 2 2 2 2 2 2 2 2 2 0 2 2 2 2 2 2 2 2 2 2 2 2 2 2 2 2 2 2 2 2 2 2 2 2 2 2 2 2 2 2 2 2 2 2 0 0 2 2 2 2 2 2 2 2 2 2 2 2 2 0 2 2 2 0 2 2 0 2 2 2 1 2 2 2 0 2 2 2 2 2 2 2 2 2 2 2 2 2 2 2 2 2 2 2 2 0 2 2 2 2 2 2 0 0 2 2 2 2 2 2 2 2 2 2 2 2 2 2 2 2 2 2 2 2 2 2 2 2 2 2 2 2 2 2 2 0 2 2 2 2 0 2 2 2 2 2 2 2 2 2 2 2 0 2 2 2 2 2 2 2 2 2 2 2 2 2 2
1885 2 2 2 2 0 2 0 2 2 2 2 2 0 2 2 2 2 2 2 2 2 2 2 2 2 2 2 2 2 2 2 2 0 2 2 2 2 2 2 2 2 2 2 2 2 2 2 2 2 2 2 2 2 2 2 2 2 2 2 2 2 2 0 2 2 0 2 2 2 2 2 2 0 2 2 2 2 2 0 2 2 2 0 0 2 2 2 2 2 2 2 2 2 2 2 0 2 2 2 2 2 2 2 2 2 2 2 2 2 2 2 0 2 2 2 2 2 2 2 0 2 2 2 2 2 0 2 2 2 2 2 2 2 0 2 2 2 2 2 2 2 2 2 2 2 2 2 2 2 2 2 2 2 2 2 2 2 2 2 2 2 2 2 2 2 2 2 2 2 2 2 2 2 2 2 0 2 2 2 2 2 2 2 2 2 2 2 2 2 2 2 2 2 2 2 2 0 0 2 2 2 2 2 2 2 2 2 2 2 2 2 2 2 2 0 2 2 2 2 2 2 2 2 0 2 2 2 2 2 2 2 2 2 2 2 2 2 2 2 2 2 2 2 2 2
1886 0 0 2 2 0 2 0 2 2 2 2 2 0 0 2 0 2 2 2 0 2 2 2 0 0 0 2 2 2 2 2 2 0 0 2 2 0 0 2 2 2 2 2 2 2 2 2 0 2 2 2 2 2 2 2 2 0 0 2 2 2 2 0 2 2 0 0 2 2 0 2 2 0 2 2 2 2 2 0 0 2 2 0 0 0 2 2 2 2 2 2 2 0 2 2 0 0 0 2 2 2 2 0 2 2 0 2 2 2 0 0 0 2 0 2 2 0 2 2 0 2 0 2 2 0 0 2 2 2 0 2 0 2 0 2 2 2 2 2 2 0 2 2 2 2 2 2 2 1 2 0 2 2 2 0 2 2 2 2 0 2 2 2 2 2 2 2 0 2 0 2 2 2 2 2 0 2 2 0 0 2 2 0 2 2 2 0 0 2 2 1 2 0 2 2 2 0 0 2 2 0 2 2 0 2 2 0 2 2 0 2 2 2 2 0 2 2 0 0 0 2 0 2 0 2 0 2 2 2 2 0 0 1 2 2 2 0 0 2 2 0 2 0 2 2
1887 2 2 2 0 2 2 0 2 2 2 2 2 2 2 2 2 2 2 2 2 2 2 0 2 2 2 2 2 2 2 2 2 2 2 2 2 2 2 2 2 2 2 2 2 2 2 2 2 2 2 2 2 2 2 0 0 2 2 2 2 2 2 0 2 2 2 2 2 2 2 2 2 2 2 2 2 2 2 0 0 2 2 0 2 2 2 2 2 2 2 2 2 2 2 2 2 0 0 2 2 2 2 2 2 2 1 2 2 2 2 2 0 2 2 2 2 2 2 2 2 2 2 2 2 2 0 2 2 2 2 2 2 2 2 2 2 2 2 2 2 2 2 2 2 2 2 2 2 1 2 2 2 2 2 0 2 2 2 2 2 2 2 0 2 2 2 2 1 2 2 2 2 2 2 2 0 2 2 2 2 2 2 0 2 2 2 2 2 2 2 2 2 2 2 2 2 2 0 2 2 2 2 2 2 2 2 2 2 2 2 2 2 2 2 0 2 2 2 2 2 2 2 2 0 2 2 2 2 2 2 2 2 2 2 2 2 2 2 2 2 2 2 2 2 2
1888 2 0 2 2 2 2 2 0 2 2 2 0 2 2 2 2 0 0 0 2 2 0 2 2 0 2 0 0 0 0 2 0 2 0 0 2 2 0 2 2 2 2 2 0 2 2 2 2 2 2 2 2 0 0 2 2 0 0 2 2 2 2 2 2 2 2 0 2 2 0 2 2 2 0 0 0 2 0 2 2 0 0 2 2 2 0 2 2 0 0 2 2 0 0 2 2 2 2 0 2 0 2 0 2 0 2 2 2 2 0 0 2 2 0 2 2 2 2 2 2 0 2 2 2 0 2 0 2 0 0 2 2 2 2 0 0 0 2 2 2 0 2 0 2 0 2 2 2 2 0 0 0 2 2 2 0 2 0 2 0 2 2 2 0 0 2 2 2 2 0 2 0 2 2 2 2 2 2 0 2 2 2 2 0 0 0 0 2 2 2 0 0 0 2 2 0 0 2 2 2 0 2 2 0 0 2 2 2 2 2 0 0 2 0 2 2 2 0 2 2 2 0 2 2 2 2 0 0 2 0 0 2 2 2 0 2 2 2 2 2 2 0 2 2 2
1889 2 2 2 2 0 2 2 0 2 2 2 0 0 2 2 0 2 2 2 2 2 0 2 2 0 0 2 0 2 2 0 0 2 0 2 1 0 2 2 2 2 2 2 2 2 2 2 2 2 2 2 2 2 2 2 2 2 2 2 2 2 2 2 2 2 0 2 2 2 0 2 2 2 2 2 2 2 0 2 2 2 2 2 2 0 2 2 2 2 2 2 2 2 0 2 2 2 2 0 2 2 2 2 2 2 2 2 2 0 2 0 2 2 2 2 2 2 2 2 2 0 2 0 0 2 2 2 2 2 2 2 2 2 2 2 2 2 2 2 2 0 2 2 2 2 2 2 2 2 2 2 2 2 2 2 2 2 2 2 0 0 2 0 2 2 2 2 2 2 0 2 2 2 0 0 2 2 2 0 2 2 2 2 2 2 0 2 2 2 2 2 2 2 2 2 2 2 2 2 2 2 2 2 2 2 2 2 2 2 2 2 2 2 2 2 2 2 0 2 2 2 0 2 2 2 2 2 2 2 2 2 0 2 2 2 0 2 2 2 2 2 2 0 2 2
1890 2 2 2 2 2 2 0 2 2 2 2 2 2 2 2 2 2 2 2 2 2 2 0 2 2 2 2 2 2 2 2 2 2 2 2 2 2 2 2 2 2 2 2 2 2 2 2 2 2 2 2 2 2 2 0 0 2 2 2 2 2 2 0 2 2 2 2 2 2 2 2 2 2 2 2 2 2 2 0 2 2 2 0 2 2 2 2 2 2 2 2 2 0 2 2 2 2 2 2 2 2 2 2 2 2 2 2 2 2 2 2 0 2 2 2 2 2 2 2 2 2 2 2 2 2 0 2 2 2 0 2 0 2 2 2 2 2 2 2 2 2 2 2 2 2 2 2 2 2 2 0 2 2 2 0 2 2 2 2 2 2 2 2 2 2 2 2 2 2 2 2 2 2 2 2 0 2 2 2 2 2 2 2 2 2 2 0 0 2 2 1 2 2 2 2 2 0 0 2 2 2 2 2 0 2 2 2 2 2 2 2 2 2 2 0 2 2 2 2 2 2 2 2 0 2 2 2 2 2 2 2 2 2 2 2 2 2 2 2 2 2 2 2 2 2
1891 2 2 2 2 2 2 2 0 2 2 2 2 2 2 2 2 2 2 2 2 2 2 2 2 2 2 2 2 2 2 2 2 2 2 2 2 2 2 2 2 2 2 0 2 2 2 2 2 2 2 2 2 2 2 2 2 2 2 2 2 2 2 2 2 2 2 2 2 2 2 2 2 2 2 2 2 2 2 2 2 0 2 2 2 2 2 2 2 2 2 2 2 2 2 2 2 2 2 0 2 2 2 2 2 2 2 2 2 2 2 2 2 2 2 2 2 2 2 2 2 2 2 2 2 2 2 2 2 0 2 2 2 2 2 2 2 2 2 2 2 2 0 2 2 2 0 2 2 2 2 2 2 2 2 2 2 0 2 2 2 2 0 2 2 2 2 2 1 2 2 0 2 2 2 2 2 2 2 2 2 2 2 2 2 2 0 2 2 2 2 2 2 2 2 2 2 2 2 0 2 2 2 0 2 2 2 2 0 2 2 2 0 2 2 2 2 0 2 0 0 2 2 2 2 0 0 2 0 0 2 0 2 2 2 0 0 2 2 2 0 2 2 2 2 2
1892 2 2 0 0 2 2 2 2 0 2 0 0 2 2 2 2 2 0 2 0 0 2 2 2 2 2 2 2 0 2 0 2 0 2 2 2 2 2 0 0 2 2 2 2 2 0 2 2 0 0 2 2 2 2 2 2 2 2 0 2 2 2 2 2 2 2 2 2 2 2 2 0 0 2 2 2 0 0 2 2 2 2 2 2 2 2 0 0 2 2 2 0 2 2 2 0 2 2 2 0 2 2 2 2 2 2 2 2 2 2 2 2 2 2 0 2 2 2 2 0 2 0 2 2 2 2 2 2 2 2 2 2 2 0 2 2 2 2 2 2 2 2 2 2 0 2 2 2 2 0 2 2 0 2 2 2 2 2 2 2 2 2 2 2 2 2 2 2 2 2 2 2 2 2 2 2 2 2 2 2 0 2 2 2 2 2 2 2 2 2 2 2 2 2 2 2 2 2 2 2 2 2 2 2 2 2 2 2 2 2 2 2 0 0 2 2 2 2 2 2 2 2 2 2 2 2 2 2 2 2 2 2 2 2 2 2 2 2 2 2 2 2 2 2 2
1893 2 2 2 2 2 2 2 2 2 2 2 2 2 2 2 2 2 2 2 2 2 2 2 2 2 2 2 2 2 2 2 2 2 2 2 2 2 2 2 2 2 2 2 2 2 2 2 2 2 2 2 0 2 0 2 2 2 2 2 2 2 2 2 0 2 2 2 2 0 2 2 2 2 2 2 2 2 2 2 2 2 2 2 2 2 2 2 2 2 2 2 2 2 2 2 2 2 2 2 2 2 2 2 2 0 2 2 0 2 2 2 2 2 2 2 2 0 2 2 2 2 2 2 2 2 2 2 2 2 2 0 2 2 2 0 2 2 2 2 2 2 2 2 2 2 2 0 2 2 2 2 2 2 2 2 2 2 2 2 2 2 2 2 2 2 2 2 2 2 2 2 2 2 2 2 2 0 2 2 2 2 0 2 2 2 2 2 2 2 2 2 2 2 2 0 2 2 2 2 1 2 2 2 2 0 0 2 2 2 2 2 2 2 2 2 2 2 2 2 2 2 2 2 2 2 2 2 2 2 2 2 2 2 2 2 2 2 2 2 2 0 2 2 2 2
1894 0 0 0 2 0 0 0 2 0 2 0 2 0 2 2 0 2 0 2 0 0 2 0 2 0 0 0 2 0 2 2 2 0 2 0 0 0 0 0 0 0 2 2 0 2 0 2 2 0 0 0 2 2 2 0 0 0 0 0 2 0 2 0 2 2 0 0 2 2 0 2 0 0 2 2 2 0 2 0 2 2 2 0 2 0 0 0 2 2 0 2 0 0 0 0 0 2 0 2 0 0 2 0 0 0 0 0 2 2 0 0 0 0 2 0 2 0 2 0 0 0 0 2 2 0 0 0 2 2 0 2 0 2 0 0 0 0 0 2 2 0 2 2 2 0 2 2 0 1 2 0 2 2 0 0 2 0 2 2 2 2 2 0 2 2 2 2 1 0 2 2 2 2 2 0 0 2 0 2 0 0 2 2 0 2 0 0 0 0 0 0 0 0 2 2 0 0 0 0 2 2 2 0 0 0 2 0 0 2 2 0 0 0 0 0 0 0 0 0 2 2 0 2 0 2 0 0 0 0 0 0 0 0 2 0 2 0 0 0 0 0 0 0 2 0
