V1 V2 V3 V4 V5 V6 V7 V8 V9 V10 V11 V12 V13 V14 V15 V16 V17 V18 V19 V20 V21 V22 V23 V24 V25 V26 V27 V28 V29 V30 V31 V32 V33 V34 V35 V36 V37 V38 V39 V40 V41 V42 V43 V44 V45 V46 V47 V48 V49 V50 V51 V52 V53 V54 V55 V56 V57 V58 V59 V60 V61 V62 V63 V64 V65 V66 V67 V68 V69 V70 V71 V72 V73 V74 V75 V76 V77 V78 V79 V80 V81 V82 V83 V84 V85 V86 V87 V88 V89 V90 V91 V92 V93 V94 V95 V96 V97 V98 V99 V100 V101 V102 V103 V104 V105 V106 V107 V108 V109 V110 V111 V112 V113 V114 V115 V116 V117 V118 V119 V120 V121 V122 V123 V124 V125 V126 V127 V128 V129 V130 V131 V132 V133 V134 V135 V136 V137 V138 V139 V140 V141 V142 V143 V144 V145 V146 V147 V148 V149 V150 V151 V152 V153 V154 V155 V156 V157 V158 V159 V160 V161 V162 V163 V164 V165 V166 V167 V168 V169 V170 V171 V172 V173 V174 V175 V176 V177 V178 V179 V180 V181 V182 V183 V184 V185 V186 V187 V188 V189 V190 V191 V192 V193 V194 V195 V196 V197 V198 V199 V200 V201 V202 V203 V204 V205 V206 V207 V208 V209 V210 V211 V212 V213 V214 V215 V216 V217 V218 V219 V220 V221 V222 V223 V224 V225 V226 V227 V228 V229 V230 V231 V232 V233 V234 V235 V236 V237 V238 V239 V240 V241 V242 V243 V244 V245
1 2 2 2 2 2 2 2 2 2 2 2 2 2 2 2 2 2 2 2 2 2 2 1 2 0 2 2 2 2 2 2 2 2 2 2 2 2 2 2 2 2 2 2 2 2 2 2 2 2 2 2 2 2 2 2 2 2 2 2 2 2 0 0 2 2 2 2 2 2 2 2 2 2 2 2 2 2 2 2 2 0 2 2 2 2 2 2 2 2 2 2 2 2 2 2 2 2 2 2 2 2 2 2 2 2 2 2 2 2 2 2 2 2 2 2 2 2 2 0 2 0 2 2 2 2 2 2 0 2 2 2 2 2 2 2 2 1 2 2 2 2 2 2 2 2 2 2 2 2 2 2 2 2 2 2 2 0 2 2 2 2 2 2 2 2 1 2 2 2 2 2 2 2 2 2 2 2 2 2 2 2 2 2 2 2 1 2 2 2 2 2 2 2 2 2 2 2 2 2 2 2 2 2 2 2 2 2 2 2 2 2 2 2 2 1 2 2 2 2 2 2 2 2 0 2 2 2 0 2 2 2 2 2 2 2 2 2 2 0 2 2 2 0 2 2
2 2 2 2 2 2 2 2 2 2 2 2 2 2 2 2 2 2 2 2 2 2 2 2 2 2 2 2 2 2 2 2 2 2 2 2 2 2 2 2 2 2 2 0 2 2 2 0 2 2 2 2 0 2 2 2 2 0 2 2 2 2 2 2 2 2 2 2 2 2 2 0 2 2 2 2 2 2 2 2 0 2 2 2 2 2 2 2 2 2 2 2 2 2 2 2 2 2 2 2 2 2 2 2 2 2 2 2 2 2 2 2 2 2 2 2 2 2 2 2 2 2 2 2 2 2 2 2 2 2 2 2 2 2 2 2 2 2 2 0 2 2 2 2 2 2 2 0 2 2 2 2 2 0 2 2 2 2 2 2 2 2 2 2 2 2 2 2 2 2 2 2 2 2 2 2 2 2 2 2 2 2 2 2 2 2 2 2 2 2 2 2 2 2 2 2 2 2 2 0 2 2 2 2 2 2 2 2 0 0 2 0 2 2 2 2 2 2 2 2 2 2 2 2 2 2 2 2 2 2 2 2 2 2 2 2 2 0 2 2 0 2 2 2 2 2
3 0 0 0 2 0 2 2 2 0 0 2 2 0 0 0 2 2 0 2 0 2 0 0 0 0 2 2 0 0 2 2 0 0 2 2 1 0 2 0 2 2 0 2 0 0 0 0 2 0 0 0 2 2 0 0 0 2 2 0 2 0 0 0 0 2 0 2 2 0 0 0 0 0 2 2 2 0 2 0 2 0 2 0 2 2 2 0 0 0 2 2 0 0 2 2 0 0 2 2 0 2 2 0 2 0 2 2 0 0 0 2 0 0 2 0 0 2 2 0 0 0 0 2 0 0 2 2 2 0 0 0 0 2 0 0 2 2 2 2 2 0 2 2 2 0 2 2 2 1 2 0 0 2 2 2 2 2 2 2 0 2 2 0 2 2 2 2 1 0 0 2 2 2 2 2 0 0 2 0 0 2 2 2 2 2 0 2 0 0 0 1 2 0 0 0 2 2 0 2 0 2 2 0 2 0 2 2 2 0 0 2 0 0 0 1 0 0 1 0 2 0 0 2 2 2 0 2 0 0 2 0 2 0 0 0 0 2 0 0 2 2 2 0 2 2
4 2 2 2 0 2 0 2 2 2 2 2 0 2 2 2 2 2 2 0 2 0 2 2 2 2 2 2 2 2 0 0 2 2 2 2 2 2 2 0 2 2 2 2 2 2 2 0 0 2 2 2 2 2 2 2 2 2 2 2 0 2 2 2 0 0 2 2 0 2 2 2 2 0 2 2 0 2 0 2 0 2 2 0 2 2 2 2 2 0 2 2 0 0 2 2 2 2 2 2 2 2 2 2 0 0 2 2 2 2 2 0 2 2 0 0 2 0 2 2 2 2 2 2 2 2 2 2 2 2 2 2 2 2 2 2 2 2 2 2 2 2 2 2 2 0 2 2 0 1 2 2 0 2 2 2 2 2 2 2 2 2 2 2 2 2 2 2 2 2 2 0 2 2 2 2 2 2 2 2 2 2 2 2 2 2 2 2 2 2 2 2 2 2 2 2 2 2 2 2 0 2 2 2 2 2 2 2 2 0 2 2 2 2 0 2 0 2 2 2 2 2 2 0 2 0 0 2 2 2 2 2 2 2 2 2 2 2 2 2 2 0 2 2 2 2
5 0 2 2 2 2 2 2 2 2 2 2 2 2 2 2 2 2 2 2 2 2 2 2 2 2 2 2 2 2 2 2 2 2 2 2 2 2 2 2 0 2 2 2 0 0 2 2 1 2 2 2 2 2 2 2 2 2 2 2 2 0 2 0 2 2 2 2 2 2 2 2 2 2 2 2 2 2 2 2 2 2 2 2 2 2 0 2 2 2 2 2 2 2 2 2 2 2 2 2 2 2 2 2 2 2 2 2 2 2 2 2 2 2 2 2 2 2 2 2 2 2 2 2 0 0 2 2 2 2 2 2 2 0 2 2 0 2 2 2 2 2 2 2 2 2 2 2 2 2 2 2 2 2 2 2 2 2 2 2 0 2 2 2 2 2 2 2 2 2 0 2 2 2 2 2 2 2 2 0 0 2 2 2 2 2 2 2 2 2 0 2 2 2 2 2 2 2 2 2 2 2 2 2 2 2 2 2 2 2 0 2 2 2 2 0 2 2 2 2 2 2 2 2 0 2 2 2 2 2 2 2 2 0 2 2 2 0 0 2 2 2 2 2 2 2
6 2 2 2 2 0 2 2 2 2 0 2 2 0 2 2 2 2 2 2 2 2 2 2 2 2 2 0 2 2 2 2 2 2 0 2 1 2 0 2 2 2 2 2 2 2 2 2 2 2 2 2 2 2 2 2 2 2 0 2 2 2 2 2 2 2 0 0 2 2 2 2 1 2 2 2 2 2 2 0 2 0 2 2 0 2 2 2 2 2 2 2 2 2 0 2 2 2 2 2 2 2 2 2 2 2 2 2 0 2 0 2 2 2 2 2 2 2 2 2 2 2 2 2 2 2 2 2 2 2 2 2 2 2 2 2 2 2 2 2 2 0 2 2 2 2 2 2 2 2 2 2 2 2 2 2 2 2 2 2 2 2 2 2 2 2 2 2 2 2 2 2 2 2 2 2 2 2 2 2 2 2 2 0 0 2 0 2 2 2 2 2 2 2 2 2 0 2 2 2 2 2 2 2 2 2 2 2 2 2 2 2 0 2 2 2 2 2 2 2 2 2 2 2 2 2 2 2 2 2 2 2 2 2 2 0 2 2 2 2 2 2 2 2 2 2
7 2 2 2 2 2 2 0 2 0 2 2 2 2 2 2 2 2 0 0 2 0 2 2 2 0 2 2 2 0 0 2 2 0 2 2 2 2 2 2 2 2 0 2 2 2 2 2 0 2 2 2 2 2 2 2 2 0 2 2 2 2 2 2 2 2 2 2 2 2 2 2 2 2 2 2 0 2 2 1 2 2 2 0 2 2 2 2 2 2 2 2 2 2 0 2 0 0 0 2 2 2 2 2 2 2 0 2 0 2 2 0 0 2 2 2 2 2 2 2 0 2 0 0 2 2 0 2 2 2 0 2 2 2 0 2 2 2 2 2 2 2 2 2 2 2 2 2 2 1 2 2 2 2 2 0 2 2 2 2 2 2 2 0 2 2 2 2 2 2 2 2 2 2 2 2 0 2 2 2 2 2 0 2 2 2 2 0 0 2 2 2 2 2 2 2 2 0 0 2 2 0 2 2 0 2 2 2 2 2 2 2 0 2 2 0 2 2 1 0 2 2 0 2 2 2 0 2 2 0 2 2 0 2 2 0 0 2 2 2 2 2 2 2 2 2
8 2 2 2 2 2 2 2 2 2 2 2 2 2 2 2 2 2 2 0 2 2 2 2 2 2 2 2 2 2 0 2 2 0 2 2 2 2 2 2 2 2 0 2 2 2 2 2 0 2 2 2 2 2 2 2 2 2 2 2 2 2 2 2 2 2 2 2 2 2 2 2 2 2 2 2 0 2 2 2 2 2 2 2 2 2 2 2 2 2 2 2 2 2 0 2 0 2 2 2 2 2 2 2 2 2 2 2 2 2 2 0 0 2 2 2 2 2 2 2 0 2 2 2 2 2 2 2 2 2 2 2 2 2 0 2 2 2 2 2 2 2 2 2 2 2 2 2 2 2 2 2 2 2 2 0 2 2 2 2 2 2 2 2 2 2 2 2 2 2 2 2 2 2 2 2 0 2 2 2 2 2 2 2 2 2 2 2 2 2 2 2 2 2 2 2 2 2 2 2 2 2 2 2 2 2 2 2 2 2 2 2 2 2 2 1 2 2 1 0 2 2 0 2 2 2 2 2 2 0 2 2 2 2 2 2 2 2 2 2 2 2 2 2 2 2
9 2 0 2 2 0 2 2 2 2 2 2 2 0 2 2 2 2 2 0 2 2 2 2 2 2 2 2 2 2 0 2 2 2 2 0 2 0 0 2 2 2 2 2 2 2 2 2 0 2 2 2 2 2 2 2 2 2 0 2 0 2 2 0 2 2 0 0 2 2 0 2 2 2 2 2 0 2 2 1 2 0 2 2 0 2 2 2 0 2 0 2 2 2 2 2 2 2 2 2 2 2 0 0 2 2 2 2 2 2 0 0 2 2 2 2 2 2 2 2 2 0 2 0 2 0 2 2 2 2 2 2 2 2 2 2 2 0 2 2 2 2 2 2 0 2 2 2 2 2 2 2 2 2 2 2 2 2 0 0 2 2 2 2 2 2 2 2 1 2 2 0 2 2 2 2 2 2 2 2 2 2 2 2 2 2 2 2 2 2 2 1 2 0 2 0 2 2 2 2 2 2 2 2 2 2 2 2 2 2 0 2 2 2 2 2 2 2 1 2 0 2 0 2 2 0 2 2 2 2 2 2 2 2 2 2 2 2 2 2 2 2 2 2 0 2
10 2 2 0 2 2 2 2 2 2 2 2 2 2 2 2 0 0 2 2 2 2 0 2 2 2 0 2 0 2 2 2 0 2 0 0 2 2 2 2 2 2 2 2 0 2 0 0 2 0 0 2 0 2 2 2 2 2 2 0 2 2 2 2 0 0 2 2 0 2 2 2 0 2 2 0 2 0 2 2 0 2 2 2 0 2 2 0 2 0 0 0 2 2 2 0 2 2 0 2 0 0 2 2 2 2 0 0 2 0 2 2 2 0 2 2 0 2 0 2 2 2 2 2 0 2 2 0 0 2 2 0 2 0 2 2 2 0 0 2 2 2 0 0 0 2 0 0 0 2 2 2 0 2 0 2 0 2 2 0 2 0 0 2 0 2 0 0 2 2 2 2 0 2 2 0 2 0 0 2 2 0 0 2 2 2 0 2 0 0 2 2 0 2 2 0 2 2 2 2 2 0 0 0 2 2 0 2 2 0 2 0 2 0 2 2 0 0 2 2 2 0 2 0 0 2 2 0 0 2 0 0 2 2 0 2 2 2 2 2 2 2 2 0 2 0
11 2 2 0 2 2 2 0 0 2 2 2 0 2 1 2 0 2 0 0 2 2 0 2 2 2 0 0 0 0 0 2 0 2 0 0 1 2 2 2 2 1 2 0 0 2 0 2 0 0 2 2 2 0 2 2 2 2 2 0 2 0 2 2 2 2 2 2 2 2 0 2 0 0 0 2 0 0 0 1 2 2 2 2 0 2 0 0 0 0 0 0 2 2 2 0 2 2 2 0 0 2 2 2 2 2 2 2 2 2 2 0 2 2 2 2 2 2 2 2 2 2 2 2 0 2 0 2 2 2 2 2 2 0 2 2 0 0 0 2 2 2 2 2 0 0 2 2 0 2 1 2 2 1 0 2 0 2 2 0 2 2 0 2 0 2 0 2 2 2 1 0 2 0 2 2 2 2 0 2 2 2 2 2 0 1 0 0 2 2 2 1 2 0 2 2 0 0 0 2 2 2 2 2 2 2 2 2 2 2 2 0 2 0 0 1 2 2 1 2 2 2 2 1 2 0 2 2 0 2 0 2 2 2 0 2 0 2 2 2 2 2 0 0 2 2
12 2 2 2 2 2 2 2 2 0 2 2 2 2 2 2 2 2 2 2 2 2 2 2 2 2 2 2 2 2 2 2 2 0 2 2 2 2 2 2 2 2 0 2 2 2 2 2 2 2 2 2 2 2 2 2 2 2 2 2 2 2 2 0 2 2 2 2 2 2 2 2 2 2 2 2 2 2 2 2 2 2 2 2 2 2 2 2 2 2 2 2 2 2 0 2 0 2 2 2 2 2 2 2 2 2 2 2 2 2 2 2 0 2 2 2 2 2 2 2 0 2 0 2 2 0 2 2 2 0 2 2 2 2 0 2 2 2 2 2 2 2 2 2 2 2 0 2 2 2 2 2 0 2 2 0 2 2 2 2 2 0 2 2 2 2 2 0 2 2 2 2 0 2 2 0 0 2 2 2 2 2 2 2 2 2 2 2 2 2 2 2 2 2 2 2 2 2 2 2 2 2 2 2 2 2 2 2 2 2 0 2 2 2 2 1 2 2 2 0 2 2 2 2 2 2 2 2 2 0 2 2 2 2 2 2 2 2 2 2 2 2 2 2 2 2
13 2 2 2 2 2 2 2 2 2 2 0 2 2 2 2 2 2 2 2 2 2 0 2 2 2 2 2 0 2 2 2 0 2 2 2 2 2 2 2 2 2 2 0 0 2 2 0 2 2 2 0 0 2 2 2 2 0 2 2 2 2 2 2 0 2 2 2 2 2 2 0 2 2 2 2 2 2 2 2 0 2 0 2 2 2 2 2 2 0 2 2 2 2 2 2 2 2 2 2 2 2 2 2 2 0 2 2 2 2 2 2 2 2 2 0 2 2 2 2 2 2 2 2 0 2 2 2 2 2 2 2 2 2 2 2 2 2 2 0 2 2 2 2 2 2 2 0 2 2 2 2 2 0 2 2 2 2 2 2 2 2 2 2 2 2 2 2 2 2 2 2 2 2 2 2 2 0 2 2 2 2 2 2 2 2 2 2 2 2 2 2 2 2 2 2 2 2 2 0 0 2 2 2 2 2 2 0 0 0 2 0 2 2 2 2 0 2 2 2 2 0 2 2 2 2 2 2 2 2 2 2 2 2 2 2 2 2 2 2 0 2 2 2 2 0
14 0 2 2 2 2 2 2 2 2 0 2 2 2 0 2 2 2 2 2 2 2 2 2 0 2 2 2 2 2 2 2 2 2 2 2 2 2 2 2 2 2 2 2 2 0 2 2 0 2 2 2 2 2 2 2 2 2 2 2 2 2 0 2 2 2 2 2 2 2 2 2 2 2 2 2 2 2 2 2 2 2 2 2 2 2 2 2 2 2 2 2 2 2 2 2 2 2 2 2 2 2 2 2 2 2 2 2 2 2 2 2 2 2 0 2 2 2 2 2 2 2 2 2 2 2 2 2 2 2 2 2 2 2 2 2 2 2 2 2 2 0 2 2 2 2 2 2 2 2 2 2 2 2 2 2 2 2 2 2 0 2 2 2 2 2 2 2 2 2 0 2 2 2 2 2 2 2 2 0 0 2 2 2 2 2 2 2 2 2 0 1 2 2 2 2 2 2 2 2 2 2 2 2 2 2 2 2 2 2 2 2 2 2 2 2 2 2 2 2 2 2 2 2 2 2 2 2 2 2 2 2 2 0 2 2 2 2 0 2 2 2 2 2 2 2
15 2 2 2 2 2 0 0 0 2 2 2 2 2 2 2 0 0 2 2 2 0 2 0 2 2 0 0 2 2 2 0 2 2 2 2 1 2 0 2 0 2 2 2 2 2 2 0 2 2 0 2 2 0 0 0 0 0 0 2 2 2 2 2 0 2 2 0 2 2 0 2 2 2 0 0 2 2 2 1 2 2 2 2 0 2 0 2 2 2 2 2 2 2 2 2 2 2 2 0 2 0 2 2 0 0 2 2 2 2 2 2 2 0 2 2 0 0 0 0 2 2 0 2 2 2 0 2 2 2 0 2 2 0 2 0 0 2 0 0 0 2 0 0 2 2 2 2 0 1 2 2 2 2 0 2 0 2 2 2 2 2 2 2 0 0 0 2 2 0 2 2 2 0 0 2 2 0 0 2 2 2 2 2 0 0 2 0 2 2 2 2 2 2 0 2 0 0 0 2 0 2 0 2 0 0 2 0 2 0 2 2 2 2 2 1 0 2 2 2 2 2 2 2 0 2 2 2 0 2 0 2 2 2 2 2 2 0 2 0 2 0 0 2 2 2
16 2 2 2 2 2 2 2 2 0 2 2 2 2 2 2 2 2 2 2 2 2 2 2 2 2 2 2 2 2 2 2 2 2 2 2 2 2 2 2 2 2 2 0 2 2 2 2 2 2 2 2 0 2 2 2 2 2 2 2 2 2 2 2 2 2 2 2 2 2 2 2 2 2 2 2 2 2 2 2 2 2 2 2 2 2 2 2 2 0 2 2 2 2 2 2 2 2 2 2 2 2 2 2 2 2 2 2 2 2 2 2 2 2 2 0 2 2 2 2 2 2 0 0 2 2 2 0 2 2 2 2 2 2 2 2 2 2 2 2 2 2 2 2 2 0 2 0 2 2 2 2 2 0 2 2 2 2 2 2 2 2 2 2 2 2 2 2 2 2 2 2 2 2 2 2 2 2 2 2 2 2 2 2 2 2 2 2 2 2 2 2 2 2 2 2 2 2 2 2 2 2 2 2 2 2 2 2 2 2 2 2 2 2 0 2 2 2 2 2 2 0 2 2 2 2 2 2 2 2 2 2 2 2 2 2 2 2 2 2 2 2 2 2 2 0
17 2 2 2 2 2 0 0 0 2 2 2 2 2 2 2 0 0 2 2 2 2 2 0 2 2 0 0 2 2 2 2 2 0 2 2 2 2 0 2 2 2 0 2 2 2 2 2 2 2 2 2 2 2 0 0 0 2 0 2 2 2 0 2 2 2 2 0 2 2 0 2 2 2 2 0 2 2 2 1 2 2 2 2 2 2 2 2 2 0 2 2 2 2 0 2 0 2 0 0 2 2 2 2 2 0 0 2 2 2 2 2 0 0 0 2 2 0 0 0 0 2 2 2 2 2 0 2 2 2 0 2 2 2 0 2 2 2 0 2 0 0 0 0 2 2 2 2 0 1 2 0 2 2 2 0 0 2 2 2 0 0 2 2 2 0 0 2 2 2 0 2 0 0 2 2 0 2 2 0 2 2 0 0 0 2 2 0 2 2 0 1 2 2 2 2 0 0 0 0 0 0 0 2 0 2 2 2 0 2 2 0 2 2 2 0 2 2 2 0 2 2 0 2 2 2 2 2 2 0 0 2 0 2 2 2 2 2 2 0 0 0 0 2 2 2
18 2 2 2 2 2 2 0 2 2 2 2 2 2 2 2 0 2 2 2 2 2 2 2 2 2 0 2 2 2 2 2 2 2 2 2 2 2 2 2 2 2 2 2 2 2 2 2 2 2 2 2 2 2 2 2 2 2 2 2 2 2 2 2 2 2 2 2 2 2 0 2 2 2 2 2 2 2 2 1 2 2 2 2 2 2 2 2 2 2 2 2 2 2 2 2 2 2 2 2 2 2 2 2 2 2 2 2 2 2 2 2 2 2 2 2 2 2 2 0 2 2 2 2 2 2 0 2 2 2 0 2 2 0 2 2 2 2 0 2 2 2 2 2 2 2 2 2 2 2 2 0 2 2 2 2 2 2 2 2 2 2 2 2 2 2 2 2 2 2 2 2 2 2 2 2 2 2 2 2 2 2 2 2 2 2 2 0 2 2 2 2 2 2 2 2 2 0 0 2 2 2 2 2 0 2 2 2 2 2 2 2 2 2 2 1 2 2 2 2 2 2 2 2 2 2 2 2 2 2 2 2 0 2 2 2 2 2 2 0 2 2 2 2 2 2
19 0 2 0 2 2 0 2 2 2 2 0 2 2 2 2 2 2 1 2 0 2 0 2 2 2 2 2 0 0 2 2 0 2 2 2 2 2 2 0 0 2 2 2 2 0 0 2 2 0 0 2 2 0 2 2 2 0 2 0 0 2 0 2 2 2 2 2 0 2 2 2 0 2 0 2 2 0 2 1 2 2 2 0 2 2 2 0 2 2 2 2 0 0 2 2 2 2 0 2 0 2 2 2 2 2 0 2 1 2 2 2 2 2 2 0 0 0 0 2 2 2 0 2 2 2 2 2 2 2 0 2 0 2 2 1 2 2 2 2 2 2 2 0 2 2 0 2 0 1 2 2 2 2 2 2 2 2 2 2 0 2 2 2 2 2 2 2 0 0 0 2 2 2 2 2 2 1 2 0 0 2 0 2 2 0 2 0 0 2 0 1 2 2 0 2 2 0 2 2 2 2 2 0 2 0 2 2 2 2 2 0 2 0 2 2 0 0 2 2 0 0 2 0 2 2 0 2 2 2 2 0 2 0 2 2 2 2 0 2 0 0 2 2 2 2
20 0 0 2 2 0 2 2 2 2 0 0 2 0 0 2 2 0 0 0 0 2 0 2 0 0 2 0 0 0 0 2 0 2 0 2 0 2 0 0 0 1 2 0 2 0 2 0 0 2 0 0 2 2 2 2 2 2 0 2 0 1 0 2 0 0 0 0 2 2 2 2 0 0 2 0 0 2 2 2 2 2 2 0 0 2 2 2 2 2 2 0 0 0 2 2 2 2 0 2 2 2 0 0 2 2 0 0 2 2 0 0 2 2 0 2 0 2 2 2 2 0 2 2 2 2 2 1 0 0 2 2 2 2 2 2 2 2 2 2 2 0 0 2 2 2 2 2 0 2 2 0 2 0 2 2 0 2 2 2 0 0 1 2 2 0 2 2 2 2 0 2 2 0 0 2 2 2 2 0 0 2 0 2 0 0 2 0 2 2 0 1 2 2 2 0 0 0 2 2 0 0 0 0 2 2 0 0 2 0 0 0 2 2 2 2 2 0 2 2 2 2 2 2 2 2 0 2 0 2 2 0 2 0 0 2 2 2 0 2 0 2 0 2 2 0
21 0 0 0 0 0 0 2 0 2 0 0 2 0 0 2 0 0 2 0 0 0 0 0 0 0 0 0 0 2 0 0 0 0 0 0 0 0 0 0 0 0 0 0 0 0 0 0 0 0 0 0 0 0 0 0 0 2 0 0 0 0 0 0 2 2 0 0 0 2 0 0 2 0 0 0 0 0 2 1 0 0 0 0 0 0 0 0 0 0 0 0 0 0 0 0 0 0 0 0 0 0 2 0 0 2 0 0 0 0 0 0 0 0 0 0 0 0 0 0 0 0 0 0 0 0 2 0 0 0 2 0 2 0 0 0 0 0 0 2 0 0 0 0 0 0 0 0 0 1 0 0 0 0 2 2 2 2 0 0 0 2 0 0 2 0 2 0 0 0 0 0 0 0 2 0 0 0 2 0 0 2 0 0 0 0 2 0 0 0 0 0 2 0 0 0 0 0 2 2 2 0 0 0 2 0 2 0 2 0 0 0 0 0 0 0 0 0 0 2 0 0 0 0 0 0 0 2 0 0 0 0 0 0 0 0 2 0 0 0 0 0 2 0 0 0
22 2 2 2 0 1 0 2 2 1 0 0 2 1 2 2 0 0 1 2 2 0 0 2 2 0 0 0 0 1 2 0 0 2 2 0 0 2 1 2 0 2 2 2 0 2 2 0 0 2 2 0 0 2 2 2 2 0 1 2 0 2 2 2 2 1 1 1 0 2 2 2 2 2 2 0 2 2 2 2 0 2 2 2 2 2 2 2 0 2 0 2 2 2 2 0 2 0 0 2 2 0 0 2 0 0 0 2 2 0 2 2 0 0 2 0 0 0 0 2 2 2 2 2 0 2 2 2 2 2 1 0 0 0 2 0 2 0 0 0 0 0 2 2 0 2 2 0 0 1 2 0 0 2 2 2 1 0 0 0 0 0 0 0 2 0 0 0 1 0 0 0 0 0 1 0 1 2 2 0 2 2 0 2 0 2 0 0 0 0 2 2 2 0 0 0 0 2 2 0 2 0 0 2 2 0 2 2 0 0 0 0 0 2 2 2 0 2 2 2 2 0 2 0 2 0 2 2 2 2 2 2 0 2 0 0 2 2 2 2 0 0 2 0 0 2
23 2 2 2 2 2 2 2 2 2 2 2 2 2 0 2 2 2 2 0 2 2 2 2 0 2 2 2 2 2 0 2 2 2 2 2 2 2 2 2 0 0 2 0 2 2 2 2 2 2 0 2 0 2 2 2 2 2 2 2 2 0 0 2 2 2 2 2 2 2 0 2 2 2 2 2 0 2 2 2 2 0 2 0 2 2 0 2 2 2 2 2 2 0 2 2 2 2 2 2 2 0 2 2 2 2 2 2 2 2 2 0 2 2 0 2 2 2 2 2 2 2 2 2 2 2 2 2 2 2 0 0 2 2 2 0 0 2 2 2 2 2 2 2 2 2 2 0 2 2 2 2 2 0 2 2 2 0 2 2 2 2 2 2 2 2 2 2 2 2 2 2 2 2 2 2 2 2 2 2 2 2 2 2 2 2 2 2 0 2 2 2 2 2 0 2 2 0 2 2 2 2 2 2 2 0 2 2 2 2 2 2 2 2 2 2 2 2 2 2 2 2 2 2 2 2 0 2 2 2 2 2 0 2 2 2 2 2 2 2 2 2 0 2 2 2
24 2 2 2 2 2 2 2 2 2 2 2 2 2 2 2 2 2 2 2 2 2 2 2 2 2 2 2 2 2 2 2 2 2 2 2 2 2 2 2 2 2 2 2 2 2 2 2 2 2 2 2 2 0 2 2 2 2 2 2 2 2 2 2 2 2 2 2 2 2 2 2 2 2 0 2 2 2 2 2 2 2 2 2 2 2 2 2 2 0 2 2 2 2 2 0 2 2 2 2 2 2 2 2 2 2 2 2 2 2 2 2 2 2 2 2 2 2 0 2 2 2 2 2 2 2 2 2 2 2 2 2 2 2 2 2 2 2 0 2 2 2 2 2 2 2 2 2 0 2 2 2 0 2 2 2 0 2 0 2 2 0 0 2 0 2 2 0 2 0 2 0 2 2 2 0 2 2 2 2 2 2 2 0 2 2 0 0 2 2 2 2 2 2 2 0 2 2 0 2 2 2 2 2 0 2 2 2 2 2 0 0 0 2 2 2 2 2 2 2 2 2 2 2 0 0 2 2 2 0 2 2 2 2 2 0 2 2 2 2 2 2 2 2 2 2
25 2 2 0 2 2 0 0 2 2 2 2 2 2 2 0 0 2 2 2 0 0 2 0 2 0 0 0 2 2 2 2 2 0 0 2 0 0 2 0 0 2 0 2 0 2 0 2 2 0 0 2 0 2 0 0 0 0 2 0 2 2 2 0 0 0 2 2 0 0 0 0 2 0 2 2 2 0 2 1 2 2 2 2 2 0 0 0 0 0 2 2 0 2 0 2 0 0 0 2 0 2 2 2 2 0 0 2 0 2 2 2 0 2 2 2 2 0 0 0 0 2 0 0 0 0 0 0 2 2 0 0 0 0 0 2 0 2 2 0 2 2 0 2 2 2 2 0 2 0 0 0 0 2 2 0 0 2 2 2 2 0 0 0 2 2 0 2 0 0 2 0 2 2 2 2 2 0 2 2 2 2 0 2 0 0 0 2 0 0 2 1 2 0 2 2 2 2 2 2 0 0 2 2 2 2 2 2 2 2 2 0 2 0 2 2 0 2 1 2 0 0 0 0 2 0 2 2 2 2 2 2 0 2 2 2 0 2 2 0 0 0 2 2 2 0
26 2 2 2 2 2 0 2 2 2 2 2 2 2 2 2 2 2 2 2 2 2 0 2 2 2 2 2 0 2 2 2 0 2 2 2 2 2 2 2 2 0 2 2 2 2 2 2 2 2 2 2 2 2 2 2 2 2 2 2 2 0 2 2 2 2 2 2 2 2 2 2 2 2 2 2 2 2 2 2 2 2 2 2 2 2 2 2 2 2 2 2 2 2 2 2 2 2 2 2 2 2 2 2 2 2 2 2 2 2 2 2 2 2 2 2 2 0 2 2 2 2 2 2 2 2 2 0 2 2 2 0 2 0 2 2 2 2 2 2 2 2 2 2 2 2 2 2 2 1 0 2 2 2 2 2 2 2 2 2 2 2 2 2 2 2 2 2 2 2 2 2 2 2 2 2 2 2 2 2 2 2 2 2 2 2 2 2 2 2 2 2 2 2 2 2 2 2 2 2 2 2 2 2 2 2 2 2 2 2 2 2 2 2 2 2 2 2 2 2 2 2 2 2 2 2 2 2 2 2 2 2 2 2 2 2 2 2 2 2 2 0 2 2 2 2
27 2 2 2 2 2 2 2 2 2 2 2 2 2 2 2 2 2 2 2 2 2 2 0 2 0 2 2 2 2 2 2 2 0 2 2 1 2 2 2 2 2 0 2 2 2 2 2 2 2 2 2 2 2 2 0 0 2 2 2 2 2 2 0 2 2 2 2 2 2 2 2 2 2 2 2 2 2 2 2 2 2 2 2 2 2 2 2 2 2 2 2 2 2 2 0 0 2 2 2 2 2 2 2 2 2 2 2 2 2 2 2 2 2 2 2 2 2 2 0 0 2 2 2 2 2 2 2 2 2 2 2 2 2 0 2 2 2 2 2 2 2 2 2 2 2 2 2 2 2 2 0 2 2 2 0 2 2 2 2 2 2 0 2 2 2 2 2 2 2 2 2 2 2 2 2 0 2 2 2 2 2 2 2 2 2 2 2 2 2 2 2 2 2 2 2 2 2 2 2 2 2 2 2 0 2 2 0 2 2 2 2 0 2 2 0 2 2 2 0 2 2 2 2 2 0 2 2 2 0 2 2 2 2 2 0 0 2 2 0 2 2 2 2 2 2
28 0 2 2 2 2 2 2 2 2 2 2 2 2 2 2 2 2 2 2 2 2 2 2 2 2 2 2 2 2 2 2 2 2 2 2 2 2 2 2 2 2 2 2 2 0 2 2 2 2 2 2 2 2 0 2 2 2 2 2 2 2 2 2 0 2 2 2 2 0 2 2 2 0 2 2 2 2 2 2 2 2 2 2 0 2 2 2 2 2 2 2 2 2 2 2 2 0 2 2 2 2 2 2 2 2 2 2 2 2 2 2 0 2 2 2 2 2 0 2 2 2 0 2 2 0 2 2 2 2 0 0 0 2 2 2 2 2 2 2 2 0 2 2 2 2 2 2 2 1 2 2 2 2 2 2 2 2 2 2 2 2 2 0 2 2 2 2 1 2 2 2 2 2 2 2 2 2 2 2 0 2 2 2 2 2 2 2 2 2 0 1 2 2 2 2 2 2 2 2 2 2 2 2 2 2 2 2 2 2 2 2 2 2 2 2 2 2 2 2 2 2 2 2 2 2 2 2 2 2 2 2 2 0 2 2 0 2 0 2 2 2 2 2 2 2
29 2 0 2 2 0 2 2 2 2 2 2 2 0 2 2 2 2 2 2 2 0 2 0 2 0 2 2 2 2 2 2 2 0 0 2 1 0 0 2 2 2 0 2 2 2 2 2 2 2 2 2 2 2 2 0 0 2 0 2 0 2 2 0 2 2 0 0 2 2 0 2 2 0 2 2 2 2 2 2 2 2 2 2 2 0 2 2 0 2 2 2 2 2 0 2 0 0 2 2 2 0 2 0 2 2 2 2 2 2 0 0 0 2 2 2 2 2 2 0 0 2 2 2 2 0 2 2 2 2 2 2 0 2 0 2 2 2 2 2 2 2 2 2 2 2 2 2 2 1 2 2 2 2 2 0 2 2 2 2 2 2 2 0 2 2 2 2 2 2 2 2 2 2 2 2 0 2 2 2 2 2 2 2 2 2 2 0 2 2 2 1 2 0 2 2 2 2 2 2 2 2 2 2 0 2 0 2 2 2 2 2 0 2 2 2 2 2 2 2 2 2 2 2 2 2 2 2 2 0 2 2 2 2 0 0 2 2 2 0 2 2 2 0 2 2
30 2 2 2 2 2 0 0 0 2 2 2 2 2 2 2 2 2 2 2 2 2 2 2 2 2 2 2 2 2 2 2 2 0 2 0 2 2 2 2 2 2 0 2 2 2 2 2 2 2 2 2 2 2 2 2 2 2 2 2 2 2 2 2 0 2 2 2 2 2 2 2 2 2 2 2 2 2 2 0 2 2 2 2 2 0 2 2 0 2 0 2 2 2 2 0 0 2 2 0 2 2 0 2 2 2 2 2 0 2 2 2 2 2 2 2 2 0 2 0 0 2 2 2 2 2 0 2 2 2 0 2 2 2 0 0 2 0 2 2 2 2 2 0 2 2 0 2 0 1 2 2 2 2 2 2 2 2 0 2 2 2 0 2 0 2 2 2 2 0 2 2 2 0 0 2 2 2 2 2 2 2 2 2 2 2 0 2 2 0 2 2 2 0 2 2 0 2 0 2 0 2 0 0 0 0 0 0 2 2 2 0 2 2 2 2 2 0 2 2 2 2 2 2 2 0 2 2 0 2 0 2 0 2 2 2 2 2 2 0 2 0 2 2 0 0
31 0 0 0 0 0 0 0 0 0 0 0 0 0 0 0 0 0 0 0 0 0 0 0 0 0 0 0 0 0 0 0 0 0 0 0 0 0 0 0 0 2 0 0 0 0 0 0 0 0 0 0 0 0 2 0 0 0 0 0 0 0 0 0 0 0 0 0 2 2 0 0 0 0 0 0 0 0 0 0 0 0 0 0 0 0 0 0 0 0 0 0 0 0 0 0 0 2 0 0 0 0 0 0 0 0 0 0 0 0 0 0 0 0 0 0 0 0 2 0 0 0 0 0 0 0 0 0 0 0 0 0 0 2 0 0 0 0 0 0 0 0 0 0 0 0 0 0 0 1 0 0 0 0 0 0 0 0 0 0 0 0 0 2 0 0 0 0 1 0 0 2 0 0 0 0 0 2 0 0 0 0 0 0 0 0 0 0 2 0 0 0 0 0 0 0 0 0 0 0 0 0 0 0 0 0 0 0 0 0 0 0 0 0 0 0 2 0 0 0 0 0 0 2 0 0 0 0 0 0 0 0 0 0 0 0 0 0 0 0 2 0 0 0 0 0
32 2 2 2 2 2 2 0 2 2 2 2 2 2 2 2 2 2 2 2 2 2 2 0 2 2 2 2 2 2 2 2 2 0 2 2 2 2 2 2 2 2 0 2 2 2 2 2 2 2 2 2 2 2 2 0 0 2 2 2 2 2 2 0 2 2 2 2 2 2 2 2 2 0 2 2 2 2 2 2 2 2 2 2 0 2 2 2 2 2 2 2 2 2 2 2 0 2 2 2 2 2 2 2 2 2 2 2 2 2 2 0 2 2 2 2 2 2 2 0 0 2 2 2 2 0 0 2 2 2 2 2 0 2 0 2 2 2 2 2 2 2 2 2 2 2 2 2 2 2 2 0 2 2 2 0 2 2 2 2 2 2 2 2 2 2 2 2 2 2 2 2 2 2 2 2 0 2 2 2 2 2 2 2 2 2 0 0 2 2 2 2 2 2 2 2 0 2 2 2 2 2 0 2 2 2 2 2 2 2 2 2 2 2 2 2 2 2 2 0 2 2 2 2 0 2 2 2 2 0 2 2 2 2 2 2 2 2 2 0 2 2 2 2 2 2
33 2 2 2 2 2 0 2 2 2 2 2 2 2 2 2 2 2 2 2 2 2 2 2 2 2 2 2 2 2 2 2 2 2 2 0 2 2 2 2 2 2 2 2 2 2 2 2 2 2 2 2 2 2 2 2 2 2 2 2 2 2 2 2 2 2 2 2 2 2 2 2 2 2 2 2 2 2 2 2 2 2 2 2 2 2 0 2 0 2 0 2 2 2 2 0 2 2 2 2 2 2 0 2 2 2 2 2 2 2 2 2 2 2 2 2 2 0 2 2 2 2 2 2 2 2 2 2 2 2 2 2 2 2 2 2 0 2 2 2 2 2 2 2 2 2 2 2 2 1 2 2 2 2 2 2 2 2 2 2 2 2 2 2 2 2 2 2 1 2 2 2 2 2 2 2 2 2 2 2 2 2 2 2 2 2 2 2 2 2 2 2 2 0 2 2 2 2 2 2 2 2 2 2 2 2 2 2 2 2 2 2 2 2 2 2 2 2 2 2 0 2 2 2 2 2 2 2 2 2 2 2 2 2 2 2 2 2 2 2 2 0 2 2 2 2
34 2 2 2 2 2 0 2 2 2 2 2 2 2 2 2 2 2 2 2 2 2 2 2 2 2 2 0 2 2 2 2 2 2 2 0 2 2 2 2 2 2 2 2 2 2 2 2 2 2 2 2 2 2 2 2 2 2 2 2 2 2 2 2 2 0 2 2 2 2 2 2 2 2 2 2 2 2 2 2 2 2 2 2 2 2 0 2 0 2 0 2 2 2 2 0 2 2 2 2 2 2 0 2 2 2 2 2 2 2 2 2 2 2 2 2 2 0 2 2 2 2 2 2 2 2 2 2 2 2 2 2 2 2 2 2 0 2 2 2 2 2 2 2 2 2 2 2 2 1 2 2 2 2 2 2 2 2 2 2 2 2 2 2 2 2 2 2 1 2 2 2 2 2 2 2 2 2 2 2 2 2 2 2 0 2 2 2 2 2 2 2 2 0 2 2 2 2 2 2 2 2 2 2 2 2 2 2 2 2 2 2 2 2 2 2 2 2 2 2 0 2 2 2 2 2 2 2 2 2 2 2 2 2 2 2 2 2 2 2 2 0 2 2 2 2
35 2 2 2 2 0 2 2 2 2 2 2 2 0 2 0 2 2 2 2 2 2 2 2 2 2 2 2 2 2 2 2 2 0 2 2 1 0 2 2 2 2 0 2 2 2 2 2 2 2 2 2 2 2 2 2 2 2 2 2 2 2 2 2 2 2 0 2 2 2 2 2 2 0 2 2 2 2 2 1 2 2 2 2 0 2 2 2 2 2 2 2 2 2 2 2 0 2 2 2 2 2 0 2 2 2 2 2 0 2 2 2 0 2 2 2 2 2 2 0 0 2 2 2 2 2 2 2 2 2 2 2 2 2 0 2 2 2 2 2 2 2 2 2 2 2 2 2 2 1 2 2 2 2 2 2 2 2 2 2 0 2 2 2 2 2 2 2 2 2 0 2 2 2 2 2 0 2 2 0 2 2 2 2 2 2 2 2 2 2 2 2 2 2 2 2 2 2 2 2 2 2 2 2 2 2 0 2 2 2 2 2 2 2 2 1 2 2 2 2 2 2 2 2 0 2 2 2 2 2 2 2 2 2 2 2 2 2 2 0 2 2 2 2 2 2
36 2 2 0 2 2 2 2 2 0 2 0 2 2 2 2 2 0 2 0 0 2 2 2 2 2 2 2 2 2 0 2 2 2 2 2 2 2 0 2 2 2 2 2 0 2 0 2 2 0 2 2 2 0 2 2 2 2 0 0 2 2 2 2 2 2 2 0 2 2 0 2 0 2 0 0 0 0 2 2 2 2 0 0 2 2 2 0 2 2 2 0 2 0 2 0 2 2 2 2 0 2 2 2 2 2 2 2 2 2 0 2 2 2 2 2 2 2 2 2 2 2 0 2 0 2 2 2 0 2 2 2 2 0 2 2 2 2 2 2 2 2 0 0 2 2 2 2 2 2 2 0 0 2 0 2 2 2 2 2 2 2 2 2 0 0 2 2 2 2 2 0 2 0 2 2 2 2 0 2 2 2 2 0 2 2 2 2 2 2 2 2 2 2 2 0 2 0 0 2 2 2 0 2 2 2 2 2 2 2 2 2 2 0 2 1 0 2 1 2 2 2 0 2 2 2 0 2 2 2 2 2 2 2 2 2 2 2 2 2 2 2 2 2 2 0
37 0 0 1 0 2 0 0 0 0 0 2 2 2 2 0 2 2 1 0 1 2 2 2 1 2 2 0 1 2 0 1 2 2 0 0 0 1 0 2 2 0 2 2 1 0 2 2 0 2 0 2 2 2 2 2 2 2 0 1 2 2 0 0 1 0 2 0 0 2 2 2 2 2 2 2 0 1 2 2 2 0 2 0 2 0 0 1 2 0 0 2 2 0 0 2 2 2 2 0 2 2 0 0 1 0 2 0 2 0 0 0 1 0 2 0 2 0 2 2 2 0 2 0 2 0 0 0 2 0 2 0 0 2 2 2 0 0 2 1 0 0 2 2 2 0 0 1 2 0 1 2 0 2 2 0 0 2 0 2 0 2 0 2 1 2 2 2 2 2 0 2 0 2 2 2 2 0 2 0 0 2 2 0 0 2 0 0 2 0 0 0 2 2 2 2 2 0 1 0 0 2 1 0 0 2 0 0 0 1 0 2 0 2 0 0 0 0 0 0 2 0 0 0 2 0 0 2 2 0 0 1 0 0 2 0 2 1 0 1 0 0 0 2 0 2
38 2 2 0 2 2 2 2 2 0 2 2 2 2 2 2 2 2 0 2 2 2 2 2 2 2 2 2 2 0 2 2 2 2 2 2 1 2 2 2 2 2 2 2 2 2 0 2 2 0 2 0 2 2 2 2 2 2 2 0 2 0 2 2 2 2 2 2 0 2 2 2 2 2 2 2 2 0 2 2 2 0 0 2 2 2 2 1 2 2 2 2 2 2 2 2 2 2 2 2 0 2 2 2 2 0 0 2 2 2 2 2 2 2 2 2 2 2 2 2 2 2 2 2 2 2 2 2 2 2 2 2 2 2 2 2 2 2 2 2 2 2 2 2 2 2 2 2 2 2 2 2 2 2 2 2 2 2 2 2 2 2 2 2 2 2 2 2 2 2 2 2 2 2 2 2 2 2 2 2 2 2 2 2 2 2 2 2 2 2 2 2 2 2 2 2 2 2 2 2 0 2 2 2 2 2 2 2 2 2 2 2 2 0 2 2 2 2 2 2 2 2 2 0 2 2 2 2 2 2 2 2 2 2 2 2 2 0 2 2 2 2 2 2 2 2
39 2 2 2 2 2 2 2 2 2 2 2 2 2 2 2 2 2 2 2 2 2 2 2 2 0 2 0 2 2 2 2 2 2 2 2 1 2 2 2 2 2 2 2 2 2 2 2 2 2 2 2 2 2 2 2 2 0 2 2 2 2 2 2 2 2 2 2 2 2 2 2 2 2 2 2 2 2 2 1 2 2 2 2 2 0 2 2 2 2 2 2 2 2 2 2 2 2 2 2 2 2 2 2 2 2 2 2 2 2 2 2 2 2 2 2 2 2 2 2 2 2 2 2 2 2 2 2 2 2 2 2 2 2 2 2 2 2 2 2 2 2 2 2 2 2 2 2 2 2 2 2 2 2 2 2 0 2 2 2 2 2 0 2 2 0 2 2 2 2 2 2 2 0 2 2 2 2 2 2 2 0 2 2 0 2 2 0 2 2 2 1 0 2 2 2 2 2 0 2 2 2 0 2 2 2 2 2 2 2 2 0 2 2 2 2 2 2 2 0 2 2 2 2 2 0 2 0 2 2 2 2 2 2 2 2 2 2 2 2 2 2 2 2 2 2
40 0 0 0 2 0 2 0 2 0 0 0 2 0 0 0 0 0 0 1 2 0 0 0 0 2 0 0 0 0 0 2 0 0 0 2 0 0 0 2 0 0 0 1 0 0 0 2 0 2 0 0 2 0 0 0 0 0 0 0 0 0 0 0 2 0 0 0 0 2 0 2 0 0 0 0 0 0 2 0 2 2 2 0 0 2 2 0 2 0 2 0 2 0 0 2 0 0 2 2 0 2 0 0 0 2 2 2 0 2 0 0 0 0 0 2 2 2 2 0 0 2 2 0 0 0 0 0 2 2 0 0 0 0 0 2 2 2 2 0 0 0 0 0 0 0 2 2 0 1 0 0 2 2 0 0 0 2 2 0 0 2 0 0 0 0 2 2 1 2 0 2 2 2 0 2 2 0 0 0 0 0 0 2 0 2 0 0 0 2 0 0 0 2 2 2 2 2 0 2 2 0 0 0 0 2 2 0 2 2 2 0 0 0 0 0 0 0 1 0 2 0 2 0 0 0 0 0 0 0 2 0 2 0 0 0 0 0 0 0 0 2 2 0 2 0
41 2 2 2 2 2 2 0 2 2 2 2 2 2 2 2 2 2 2 2 2 2 2 2 2 2 2 0 2 2 2 2 2 2 2 2 1 2 2 2 2 2 2 2 0 2 2 2 2 2 2 2 2 2 2 2 2 2 2 2 2 2 2 2 2 2 2 2 2 2 2 2 2 2 2 2 2 2 2 1 2 2 0 2 0 2 2 2 2 2 2 2 2 2 2 2 2 2 2 2 2 2 0 2 2 2 2 2 2 2 2 2 2 2 2 2 0 2 0 2 2 2 2 2 0 0 0 2 2 2 2 2 2 2 2 2 2 2 2 2 2 2 2 2 2 2 2 2 2 2 2 2 2 2 2 2 0 2 2 2 2 0 2 2 0 0 2 2 2 2 2 2 2 2 0 2 2 2 2 2 2 0 2 2 0 2 0 0 2 0 2 1 0 2 2 2 2 2 0 2 2 2 0 2 2 2 2 2 2 2 2 2 2 2 2 2 2 2 2 0 2 2 2 2 0 2 2 0 2 2 2 2 2 2 0 2 2 2 2 2 0 2 2 0 2 0
42 2 2 0 0 0 0 0 0 2 2 0 0 0 2 0 2 2 0 2 0 0 0 0 2 2 2 0 0 0 2 0 0 2 0 0 0 0 0 2 0 0 2 0 0 2 0 2 2 0 0 0 2 0 2 0 0 2 0 0 0 0 0 2 2 2 0 0 0 2 2 2 0 2 0 2 2 0 0 0 0 2 0 0 0 2 0 0 2 2 0 2 2 0 0 2 2 2 2 0 0 0 0 2 2 2 2 0 0 2 2 0 0 2 0 0 0 0 0 2 2 2 2 2 0 0 0 0 2 0 2 2 2 0 2 0 0 2 0 2 2 2 2 2 0 0 0 2 0 1 2 2 0 0 2 2 0 2 0 0 0 0 0 2 0 0 2 0 2 0 0 2 2 0 0 0 2 2 2 0 2 0 0 0 0 0 0 0 2 0 2 1 0 2 2 0 0 2 0 2 0 0 0 2 2 0 2 2 2 2 2 0 0 0 0 0 2 2 2 2 2 2 2 0 0 0 0 0 0 2 0 0 2 2 0 0 2 0 2 2 0 0 0 0 2 0
43 2 2 2 2 2 0 0 0 2 2 2 2 2 2 2 2 2 2 2 2 2 0 0 2 0 2 0 0 2 2 2 0 0 2 0 1 2 0 2 2 2 0 2 0 2 2 1 2 2 2 2 2 0 0 0 0 0 0 2 2 2 2 2 2 0 2 0 0 2 0 2 2 2 0 2 2 2 2 1 2 2 0 2 0 0 0 2 0 2 0 2 2 2 2 2 0 0 2 0 2 2 0 2 2 2 2 2 0 2 0 2 2 2 2 2 2 0 2 0 0 2 2 0 0 0 0 2 2 0 2 2 2 2 0 2 0 2 2 2 0 2 2 2 2 2 2 2 2 0 1 0 2 2 2 0 2 2 2 2 2 0 0 1 0 0 0 2 2 0 2 2 2 2 2 2 2 2 2 2 2 0 2 2 0 2 0 0 2 2 2 1 0 0 2 0 0 2 0 2 0 2 0 2 0 2 2 0 2 2 2 2 0 2 2 2 2 2 2 0 2 2 0 0 0 0 2 0 2 2 0 2 2 2 2 0 2 2 2 0 2 0 0 0 2 0
44 0 0 2 2 0 2 0 0 2 2 2 2 0 0 0 0 2 2 2 2 2 2 0 0 2 0 2 2 2 2 2 2 2 0 2 2 0 0 2 2 2 2 0 2 0 2 2 0 2 2 0 2 2 2 0 0 2 0 2 2 0 2 2 2 2 0 0 0 2 2 0 2 2 2 2 2 2 2 2 2 2 2 0 0 2 2 2 0 2 2 2 2 0 2 2 2 0 2 0 2 2 2 0 2 0 2 2 2 0 0 2 0 0 2 2 2 2 2 2 2 2 0 2 2 0 0 2 2 2 0 0 0 2 2 2 2 0 2 0 2 2 2 2 0 2 2 2 0 1 2 2 2 0 2 2 2 2 2 1 2 2 2 0 2 2 2 2 1 2 2 2 2 2 2 2 2 0 2 2 0 0 2 2 2 2 2 2 0 0 2 2 0 0 2 2 2 2 0 2 0 2 2 2 2 2 2 0 2 2 2 0 0 2 2 0 2 2 2 2 2 0 2 0 2 2 0 0 2 2 2 0 0 0 2 0 2 2 0 2 2 2 2 2 2 2
45 2 0 2 0 2 2 2 2 2 2 2 2 2 2 0 2 0 2 2 2 2 2 2 2 2 2 2 2 2 2 2 2 2 0 2 2 2 1 2 2 2 2 2 2 2 2 2 2 2 1 2 2 2 2 2 2 2 0 2 2 2 2 2 2 2 2 0 2 2 2 2 2 2 2 0 2 2 2 2 2 2 2 2 2 2 2 2 2 2 2 2 2 2 2 2 2 2 2 2 2 2 2 0 2 2 2 2 2 2 0 2 2 2 2 2 2 2 2 2 2 2 2 2 2 2 2 2 2 2 0 2 2 2 2 2 2 2 2 2 2 2 0 0 0 2 2 2 2 1 2 2 2 2 2 2 2 2 2 0 2 2 2 2 2 2 2 2 2 2 2 2 0 2 2 2 0 2 2 2 2 2 2 0 2 2 2 2 2 2 2 2 2 2 2 2 2 2 2 2 2 2 2 2 2 2 2 2 2 2 2 2 2 2 2 0 2 2 2 0 2 2 2 2 2 2 2 2 0 2 2 2 2 2 2 2 2 2 2 2 2 2 2 2 2 2
46 2 2 2 2 2 2 2 2 2 2 0 2 2 2 2 2 2 2 2 0 2 2 0 2 2 2 2 2 2 2 2 2 2 2 2 2 2 2 0 2 2 2 2 0 2 2 2 2 2 2 0 2 2 2 0 0 0 2 2 2 0 2 2 2 2 2 2 2 2 2 2 2 2 2 2 2 2 2 2 2 0 2 2 2 2 2 2 2 0 2 2 0 2 2 2 2 2 2 2 2 2 2 2 2 2 2 2 2 2 2 2 2 2 2 2 2 2 2 2 2 2 2 2 0 2 2 2 2 2 2 0 2 2 2 2 2 2 2 2 2 2 2 2 2 2 2 2 2 2 2 2 2 2 2 2 2 2 2 2 2 0 2 2 2 2 2 2 2 2 2 2 2 2 2 2 2 0 2 2 2 2 2 2 2 2 2 2 2 2 2 2 2 2 2 2 2 2 2 2 2 2 2 2 2 2 2 2 2 2 2 2 2 2 2 2 2 2 0 2 2 2 2 2 2 2 2 2 2 2 2 2 2 2 2 2 2 2 2 2 0 2 2 2 2 2
47 2 2 2 0 2 2 2 2 2 2 2 2 2 2 0 2 2 2 2 2 2 2 2 2 2 2 2 2 2 2 2 2 2 0 2 2 2 2 2 2 2 2 2 2 2 2 2 2 2 2 2 2 2 2 2 2 2 2 2 2 2 2 2 2 2 2 2 2 2 2 2 2 2 2 2 2 2 2 2 2 2 2 2 2 2 2 2 2 2 2 2 2 2 2 2 2 0 2 2 2 2 2 2 2 2 2 2 2 2 2 2 2 0 2 2 2 2 2 2 2 2 2 2 2 2 2 2 2 0 0 2 2 2 2 2 2 2 2 2 2 2 2 2 0 2 2 2 2 1 2 2 2 2 2 2 2 2 2 0 2 2 2 0 2 2 2 2 1 2 2 2 0 2 2 2 2 2 1 2 2 2 2 0 2 2 0 2 0 2 2 2 2 2 2 2 2 2 2 2 2 2 2 2 2 2 2 2 2 2 2 2 2 2 2 0 2 2 2 0 2 2 2 2 2 2 2 2 2 2 2 2 2 2 2 2 2 2 2 2 2 2 2 2 2 2
48 2 2 2 2 2 2 2 2 2 2 2 2 2 2 2 2 2 2 2 2 2 2 2 2 2 2 2 2 2 2 0 2 0 2 2 2 2 2 2 0 2 0 2 2 2 2 2 2 2 2 2 2 2 2 2 2 2 2 2 2 2 2 2 2 2 2 2 2 2 2 2 2 2 2 2 2 2 2 2 2 2 2 2 2 2 2 2 2 2 2 2 2 2 2 2 0 2 2 2 2 2 2 2 2 2 2 2 2 2 2 2 2 2 2 2 2 2 2 2 0 2 2 2 2 2 2 0 2 2 2 2 2 2 0 0 2 2 2 2 2 2 2 2 2 0 2 2 2 2 2 2 2 2 2 2 2 2 2 2 2 2 2 2 2 2 2 2 2 2 2 2 2 2 2 2 2 0 2 2 2 2 2 2 2 2 2 2 2 2 2 2 2 2 2 2 2 2 2 2 2 2 2 2 2 0 2 2 2 2 2 2 2 2 0 2 2 2 2 2 2 2 2 2 2 2 2 2 2 2 2 2 2 2 2 2 2 2 2 2 2 2 2 2 2 2
49 0 0 0 2 2 2 2 2 2 0 2 2 2 2 2 2 2 2 2 2 2 2 2 2 2 2 2 2 2 2 2 2 2 2 2 2 2 0 2 2 0 2 0 2 0 0 0 2 2 2 0 0 2 0 2 2 2 0 0 2 0 2 2 2 2 2 0 2 2 2 2 2 0 2 2 2 0 2 2 2 2 2 2 0 2 2 0 2 2 2 2 2 2 2 2 2 2 2 2 0 2 2 0 2 2 2 2 2 2 0 0 0 2 2 2 2 2 2 2 2 0 2 2 2 2 2 2 2 2 2 0 2 2 2 2 2 2 2 2 2 0 2 2 2 2 0 0 2 2 2 2 2 0 2 2 2 2 2 2 0 2 0 2 2 2 2 2 2 0 0 0 2 2 2 2 0 2 2 0 0 2 2 2 2 2 2 2 2 2 0 1 2 2 2 2 2 2 2 2 2 2 2 2 2 2 2 2 2 0 2 2 2 0 2 2 2 2 2 2 2 0 2 2 2 0 2 2 2 2 2 2 2 0 0 2 2 2 0 2 2 2 2 0 2 2
50 2 0 0 0 0 0 0 0 0 2 0 2 0 0 0 0 0 0 0 0 0 2 0 0 0 0 0 2 0 0 0 2 0 0 0 0 0 0 0 0 2 0 0 0 2 0 2 0 0 0 0 0 0 0 0 0 0 0 0 0 0 0 0 2 0 0 0 0 2 0 0 0 0 0 0 0 0 2 0 0 0 0 0 0 0 0 0 0 2 0 0 0 0 0 0 0 0 0 0 0 0 0 0 0 2 0 0 0 0 0 0 0 0 2 0 0 0 2 0 0 0 0 0 0 0 0 0 2 0 0 0 0 0 0 0 0 0 0 0 0 0 0 0 0 0 0 0 0 0 0 0 0 0 0 0 0 2 0 0 0 0 0 0 0 0 0 0 1 0 0 0 0 0 2 0 0 0 0 0 2 0 0 0 0 0 0 0 0 0 0 0 0 0 0 0 0 0 0 0 0 0 0 0 0 0 0 2 0 2 0 0 2 0 0 0 0 0 0 0 2 0 0 0 0 0 0 0 0 0 0 0 0 2 0 2 0 0 2 0 0 0 0 0 2 0
51 2 2 2 2 2 2 2 0 2 2 2 2 2 2 2 2 2 2 2 2 2 2 2 2 2 2 0 2 2 2 2 2 2 2 2 2 2 2 2 2 2 2 2 2 2 2 2 2 2 2 2 2 2 2 2 2 2 2 2 2 2 2 2 2 2 2 2 2 2 2 2 2 2 2 2 2 2 2 2 2 2 2 2 2 2 0 2 2 2 2 2 2 2 2 0 2 2 2 0 2 2 2 2 2 2 2 2 2 0 2 2 2 2 2 2 2 2 2 2 2 2 2 2 2 2 2 2 2 2 2 2 2 2 2 2 0 2 2 2 2 2 2 2 2 2 2 2 0 2 2 2 0 2 2 2 2 2 2 2 2 0 2 2 2 2 2 2 2 2 2 2 2 2 2 2 2 2 2 2 2 2 2 2 0 0 2 2 2 2 2 2 2 2 2 0 0 2 2 2 2 2 2 0 2 2 2 2 2 2 2 2 2 2 2 2 2 0 2 2 2 2 2 2 2 2 2 2 2 2 2 2 2 2 2 2 2 2 2 2 0 2 2 2 2 2
52 2 2 2 2 2 2 2 0 2 2 2 2 2 2 2 2 2 2 2 2 2 2 2 2 2 2 0 2 2 2 2 2 2 2 2 1 2 2 2 2 2 2 2 2 2 2 2 2 2 2 2 2 2 2 2 2 2 2 2 2 2 2 2 2 2 2 2 2 2 2 2 2 2 2 2 2 2 2 2 2 2 2 2 2 2 0 2 2 2 2 2 2 2 2 0 2 2 2 0 2 2 2 2 2 2 2 2 2 0 2 2 2 2 2 2 2 2 2 2 2 2 2 2 2 2 2 2 2 2 2 2 2 2 2 2 0 2 2 2 2 2 2 2 2 2 2 2 0 2 2 2 0 2 2 2 2 2 2 2 2 0 2 2 2 2 2 2 2 2 2 2 2 2 2 2 2 2 2 2 2 2 2 2 0 0 2 2 2 2 2 2 2 2 2 0 0 2 2 2 2 2 2 0 2 2 2 2 2 2 2 2 2 2 2 2 2 0 2 2 2 2 2 2 2 2 2 2 2 2 2 2 2 2 2 2 2 2 2 2 0 2 2 2 2 2
53 2 2 0 2 2 2 2 2 0 2 2 2 2 0 2 2 2 2 0 2 0 2 2 0 2 2 2 2 2 0 0 2 2 2 2 2 2 2 2 0 2 2 2 2 2 0 2 2 0 2 2 2 2 2 2 2 2 2 0 0 2 0 2 2 2 2 2 0 2 2 2 0 2 2 2 0 0 2 2 0 2 0 2 2 2 2 0 2 2 2 2 2 2 2 2 2 2 0 2 0 2 0 2 2 2 2 2 2 2 2 2 2 2 2 2 2 2 2 2 2 2 2 2 2 2 2 2 2 2 2 2 2 2 2 0 2 2 2 0 2 0 2 2 2 2 2 2 2 2 2 2 2 2 2 2 2 2 2 2 2 2 2 2 2 2 2 0 2 2 2 2 0 0 2 0 2 2 2 2 2 2 2 2 2 2 2 2 2 2 2 2 2 2 2 2 2 2 2 2 2 2 0 2 2 0 2 2 2 2 0 2 2 0 2 2 2 2 2 2 2 2 2 0 2 2 2 2 2 2 2 0 2 2 2 2 2 2 2 2 2 2 2 2 2 2
54 2 2 2 2 2 0 2 2 2 2 0 2 2 2 0 2 0 2 2 2 2 2 0 2 0 2 2 2 2 2 2 2 2 0 0 1 2 2 2 2 2 2 0 0 2 2 2 2 2 2 2 0 0 2 0 0 2 2 2 2 2 2 2 2 0 2 2 2 2 2 0 2 2 0 0 2 2 2 1 2 0 2 0 2 2 2 2 2 2 0 0 2 0 2 0 2 0 2 2 2 2 2 2 2 2 2 2 0 2 2 0 2 0 2 2 2 0 2 2 2 0 2 2 0 0 2 2 2 2 0 2 2 0 2 2 2 0 2 2 0 2 0 0 2 0 2 0 2 0 2 2 2 0 0 2 0 2 0 1 0 2 2 0 0 0 0 2 2 2 0 2 2 2 2 2 2 2 0 0 2 0 2 0 2 2 2 2 2 0 2 1 0 2 2 2 2 2 2 2 0 0 2 0 2 2 0 2 2 2 2 0 2 2 0 2 0 0 1 2 2 2 0 2 2 2 0 0 0 2 0 2 0 2 0 2 2 0 2 2 0 0 0 0 2 0
55 2 2 2 2 2 2 2 2 2 2 2 2 2 2 2 2 0 2 2 2 2 2 2 2 2 2 2 2 2 2 2 2 2 2 2 2 2 2 2 2 2 2 2 2 2 2 2 2 2 2 2 2 2 2 2 2 2 2 2 2 2 2 2 2 2 2 2 2 2 2 2 2 2 2 0 2 2 2 2 2 2 0 2 2 2 2 2 2 2 2 2 2 2 2 2 2 2 2 2 2 0 0 2 2 2 2 0 2 2 2 0 2 2 2 2 2 2 2 2 2 2 2 2 2 2 2 0 2 2 2 2 2 2 2 2 2 2 2 2 2 2 2 2 1 2 2 2 2 2 2 2 2 2 2 2 2 2 2 1 2 2 2 2 0 2 2 2 2 2 2 2 2 0 2 2 2 2 2 2 2 2 0 2 2 2 2 2 2 2 2 2 2 2 2 2 2 2 2 2 2 2 0 2 2 2 2 2 2 2 2 2 2 2 2 2 2 2 2 2 2 2 1 2 2 2 2 2 2 2 2 2 2 2 2 2 2 2 2 2 2 2 2 2 2 2
56 2 0 0 2 0 2 2 2 2 2 0 2 0 2 2 2 2 2 2 2 2 0 2 2 2 2 2 0 2 2 2 0 0 2 2 2 0 0 2 2 2 0 2 2 2 0 2 2 2 2 2 2 2 2 2 2 2 0 0 2 2 2 0 2 2 0 0 2 2 2 2 2 2 2 2 2 0 2 0 2 0 2 2 2 0 2 0 0 2 2 2 2 2 2 2 0 2 2 2 0 2 2 0 2 2 0 2 0 2 2 2 2 2 2 2 0 2 2 0 0 2 2 2 2 2 2 2 2 2 2 2 0 2 0 0 2 2 2 2 2 2 2 2 2 2 2 2 2 2 0 0 2 2 2 2 2 2 2 2 2 2 2 2 2 2 0 0 2 2 2 2 0 2 2 0 0 2 2 2 2 2 2 2 2 2 2 0 0 2 2 2 2 0 2 2 2 2 2 2 2 0 2 2 0 0 2 2 2 2 2 0 2 0 2 2 2 2 2 2 2 2 2 2 0 2 2 2 2 0 2 0 2 2 2 2 2 2 2 0 2 2 2 2 2 2
57 2 2 2 2 2 2 2 2 2 2 2 2 2 2 2 0 2 2 0 2 2 2 2 2 2 0 2 2 2 0 2 2 2 2 2 2 2 2 2 2 2 2 2 2 2 2 2 2 2 2 2 2 2 2 2 2 2 2 2 2 2 2 2 2 2 2 2 2 2 2 2 2 0 2 2 0 2 2 1 2 2 2 2 0 2 2 2 2 2 2 2 2 2 2 2 2 2 2 2 2 2 2 2 2 2 2 2 2 2 2 0 2 2 2 2 2 2 2 2 2 2 2 0 2 0 2 2 2 2 2 2 2 2 2 2 2 2 2 2 2 2 2 2 2 2 2 2 2 2 2 2 2 2 2 2 2 2 2 2 0 2 2 2 2 2 2 2 2 2 0 2 2 2 2 2 2 2 2 0 2 2 2 2 2 2 2 2 2 0 2 2 2 2 2 2 2 2 0 2 2 2 2 2 2 2 2 0 2 2 2 2 0 2 2 2 2 2 2 2 2 2 2 2 2 2 2 2 2 0 2 2 2 2 2 0 2 2 2 2 2 2 2 2 2 2
58 0 0 0 0 0 0 0 0 0 0 0 0 0 0 0 0 0 0 0 0 0 2 0 0 2 0 0 2 0 0 0 2 0 0 0 0 0 0 0 0 0 0 0 0 0 0 0 0 0 0 0 0 2 0 0 0 0 0 0 0 0 0 0 2 0 0 0 0 2 0 0 0 0 2 0 0 0 0 0 0 0 0 0 0 0 0 0 0 0 0 0 0 0 0 0 0 0 0 0 0 0 2 0 0 0 0 0 0 2 0 2 0 0 0 0 0 0 0 0 0 0 0 2 0 0 0 0 0 0 0 0 0 0 0 0 0 0 0 0 0 0 0 0 0 0 0 0 0 0 0 0 0 0 0 0 0 2 0 0 0 0 0 2 0 0 0 2 1 2 0 0 2 0 0 2 0 0 0 0 0 0 0 2 0 0 2 0 0 0 0 0 0 0 0 0 0 0 0 0 0 0 0 0 0 0 0 0 0 0 0 0 0 0 0 0 0 0 0 0 2 0 0 0 0 0 0 0 0 0 0 2 0 0 0 0 0 0 0 0 0 0 0 0 0 2
59 2 2 0 2 2 2 2 2 2 2 2 2 2 2 0 2 2 2 2 2 2 2 2 2 2 2 2 2 2 2 2 2 2 2 0 1 2 2 2 2 2 2 2 0 2 0 2 2 0 2 2 2 2 2 2 2 2 2 0 2 2 2 2 2 2 2 2 2 2 2 2 2 2 2 2 2 0 2 2 2 2 0 2 2 2 2 0 2 2 0 2 2 2 2 2 2 2 2 2 0 2 2 2 2 2 2 2 2 2 2 2 2 2 2 2 2 2 2 2 2 2 2 2 0 2 2 2 2 2 2 2 2 2 2 2 2 0 2 2 2 2 2 2 0 2 2 2 2 1 2 0 2 2 2 2 2 2 0 1 2 2 2 2 2 2 2 2 2 2 2 2 2 2 2 2 2 2 2 2 2 2 2 2 2 2 2 2 2 2 0 0 2 2 2 0 2 2 0 2 2 2 2 0 2 2 2 2 2 2 2 2 2 0 2 2 2 0 2 2 2 2 2 2 2 2 2 2 2 2 2 2 2 2 2 2 2 2 2 2 2 2 2 2 2 2
60 2 2 2 2 2 0 0 2 2 2 2 2 2 2 2 2 2 2 2 2 0 2 0 2 2 2 0 2 2 2 2 2 2 0 2 1 2 2 2 2 0 2 0 2 2 2 2 2 2 2 2 0 2 2 0 0 2 2 2 2 2 2 0 2 0 2 2 2 2 0 0 2 2 2 2 2 2 2 2 2 2 2 2 2 2 0 2 2 2 2 2 2 2 2 0 2 0 2 2 2 2 2 2 2 2 2 0 2 2 0 2 0 2 2 2 2 0 2 0 2 2 2 2 2 2 0 2 2 2 2 2 0 0 2 2 0 2 2 0 2 2 2 2 2 0 0 0 2 1 2 2 0 0 2 2 2 2 2 1 2 2 0 2 0 2 2 2 2 2 2 0 2 2 2 2 0 2 2 2 2 2 2 2 0 0 2 2 0 2 2 2 2 2 2 2 0 2 2 0 2 2 2 2 0 2 0 0 0 2 0 2 0 2 0 2 2 2 2 2 2 2 2 2 0 0 2 2 2 0 2 2 0 2 2 0 2 2 2 0 0 0 0 2 2 2
61 2 0 2 2 2 0 0 2 2 2 2 2 2 2 0 2 0 0 2 2 0 0 0 2 0 2 0 0 0 2 2 0 0 0 0 0 2 0 2 0 0 0 0 0 2 2 0 2 2 0 0 0 0 0 0 0 0 0 2 2 0 2 0 2 0 2 0 0 2 0 0 0 2 0 0 2 2 2 0 0 2 0 0 2 0 0 2 2 2 0 0 2 0 0 0 0 0 0 2 2 0 2 0 0 0 2 0 0 0 0 0 0 0 2 0 2 0 0 0 0 0 2 2 0 2 0 0 0 2 0 0 0 0 0 2 0 0 0 0 0 2 0 0 0 0 0 0 0 0 2 0 0 0 0 0 0 0 0 0 2 2 0 0 0 0 0 0 1 0 2 0 0 0 0 0 0 0 0 2 2 0 0 0 0 0 0 0 2 0 2 1 0 2 2 0 0 0 0 0 2 2 0 0 0 2 0 0 0 0 0 0 0 2 0 2 0 0 0 0 2 0 0 0 0 0 0 0 0 0 2 0 0 2 2 0 2 0 2 0 0 0 0 0 2 0
62 2 2 2 2 2 2 0 2 0 2 2 2 2 2 2 2 2 2 2 2 2 2 2 2 2 2 2 2 2 2 2 2 2 2 2 2 2 2 2 2 2 2 2 2 2 2 2 2 0 2 2 2 2 2 2 2 2 2 2 2 2 2 0 2 2 2 2 2 2 2 2 2 2 2 2 2 2 2 2 2 2 2 2 2 2 2 2 2 2 2 2 2 2 2 2 2 2 2 2 2 2 2 2 2 2 2 2 2 2 2 2 2 2 2 0 2 2 2 0 2 2 2 2 2 2 0 2 2 2 2 2 2 2 2 2 2 2 2 2 2 2 2 2 2 2 2 2 2 2 2 2 2 2 2 0 2 2 2 2 2 2 2 2 2 2 2 2 2 2 2 2 2 2 2 2 2 2 2 2 2 2 2 2 2 2 2 2 2 2 2 2 2 2 2 2 2 2 2 0 2 2 2 2 2 2 2 2 0 2 2 2 2 2 2 2 2 2 2 2 2 2 2 2 2 2 2 2 2 0 2 2 2 2 2 2 0 2 2 0 2 2 2 2 2 2
63 0 0 0 0 0 0 0 0 0 0 2 0 0 0 0 2 0 0 0 2 0 0 0 0 0 2 0 0 0 0 0 0 2 0 0 0 0 0 0 0 0 0 0 0 0 0 0 0 0 0 0 0 0 0 0 0 2 0 0 0 0 0 0 2 2 0 0 0 0 0 0 0 2 0 0 0 0 0 0 2 2 0 0 2 0 0 0 0 2 0 0 0 0 0 0 2 0 0 0 0 0 0 0 0 0 0 0 0 0 0 0 0 0 0 0 0 0 2 0 2 0 0 0 0 0 0 0 0 0 0 0 2 0 2 0 0 0 0 0 0 0 0 0 0 0 0 0 2 0 0 0 0 0 0 0 2 0 0 0 0 2 2 0 0 0 2 0 1 0 0 2 0 0 0 0 0 0 0 0 0 0 2 0 0 0 0 0 0 0 0 0 0 0 0 0 0 0 0 0 2 0 0 0 0 0 0 0 0 0 0 0 0 0 0 0 2 0 1 0 2 2 2 0 2 2 0 0 0 2 0 0 0 0 0 0 0 0 0 0 0 0 0 0 0 0
64 2 2 2 2 2 2 2 2 2 2 2 2 2 2 2 0 2 2 2 2 2 2 2 2 0 0 2 2 2 2 2 2 2 0 0 2 2 2 2 2 2 2 2 2 2 2 2 2 2 2 2 2 2 2 2 2 2 2 2 2 2 2 0 2 2 2 2 2 2 2 2 2 2 2 2 2 2 2 1 2 2 2 0 2 0 2 2 0 2 0 2 2 0 2 0 2 2 2 2 2 2 2 2 2 2 2 2 0 0 2 2 2 0 2 2 2 2 2 2 2 0 2 2 2 0 2 2 0 2 2 2 0 0 2 2 2 0 2 2 2 2 2 2 0 2 2 2 2 2 2 2 2 2 2 0 2 0 0 1 2 2 0 0 0 2 2 0 2 2 2 0 0 2 2 0 2 2 2 2 2 2 2 2 2 2 2 0 0 2 2 1 2 0 2 2 2 0 2 2 2 2 2 0 0 2 2 2 2 2 2 2 2 2 2 0 2 0 2 0 2 2 2 2 2 0 0 2 2 2 2 0 2 2 2 2 2 2 2 2 2 2 2 2 2 2
65 2 0 2 2 2 2 0 0 2 2 2 2 2 2 2 2 1 2 2 0 2 2 2 2 0 2 2 2 2 2 0 2 2 2 2 2 2 2 2 2 2 2 1 0 2 2 0 0 2 2 2 0 2 0 2 2 2 0 2 2 1 2 2 2 0 2 2 2 2 2 2 2 2 2 2 2 2 2 2 0 2 2 2 2 2 2 2 2 2 2 2 2 2 2 2 2 2 2 0 2 2 2 2 2 2 2 2 2 2 2 2 0 0 2 2 2 2 0 2 2 2 2 2 0 2 0 2 2 1 1 2 0 2 2 2 2 2 2 0 2 0 0 2 2 2 0 0 2 2 2 2 2 2 0 2 0 2 0 2 2 0 2 2 2 0 2 2 2 2 2 2 2 2 2 2 0 2 0 2 2 2 2 2 2 0 2 2 2 2 2 2 0 2 2 0 2 2 2 2 2 2 2 0 2 2 2 2 0 0 2 0 2 2 2 2 2 0 2 2 2 2 2 2 2 2 2 2 2 2 2 2 0 2 2 2 2 2 2 2 2 2 2 2 2 2
66 0 2 0 0 0 2 2 0 2 0 0 0 0 2 2 2 0 2 2 0 2 0 2 2 0 2 2 0 2 2 2 0 2 2 2 0 0 2 0 2 0 2 0 0 0 0 2 1 0 2 0 0 2 0 2 2 2 2 0 0 2 2 2 2 2 0 2 0 0 2 0 2 2 2 0 2 0 0 1 2 2 0 2 2 2 2 0 2 2 2 2 0 2 2 2 2 0 2 0 0 0 2 2 2 2 2 0 0 2 2 2 2 2 2 2 0 2 2 2 2 2 0 2 0 2 2 0 0 0 2 0 2 2 2 0 2 2 2 2 2 2 2 0 2 2 2 0 2 1 0 2 0 0 0 2 2 2 2 2 0 2 2 2 0 0 2 2 2 0 0 2 2 0 0 2 0 0 0 0 0 0 2 2 2 0 0 2 2 2 0 0 0 2 2 2 2 2 0 0 2 2 0 2 2 0 0 0 0 2 2 0 0 0 2 2 2 2 2 2 2 2 2 0 2 2 2 2 2 2 0 2 2 0 0 0 2 2 0 2 0 2 0 0 2 0
67 0 0 2 2 0 0 0 0 0 0 0 0 0 0 0 0 2 0 0 0 0 0 0 0 0 0 0 0 0 0 0 0 0 2 2 0 0 0 0 0 0 0 0 2 0 2 2 0 2 0 0 0 0 0 0 0 0 0 2 0 0 0 2 2 0 0 0 2 0 2 0 0 0 0 2 0 2 0 1 2 0 0 2 0 0 0 2 2 0 2 0 0 2 2 2 0 0 2 0 2 0 0 0 0 0 0 0 2 0 0 0 2 0 0 0 0 0 0 2 0 0 0 2 2 2 0 0 2 0 2 0 0 0 0 0 0 0 0 0 2 0 0 0 0 0 2 0 0 0 0 0 2 0 0 2 0 0 0 0 0 0 2 0 0 0 0 0 1 0 0 2 0 2 0 0 0 2 0 0 0 2 0 2 0 2 0 2 2 0 0 0 2 2 2 0 0 2 0 2 0 2 2 0 2 0 0 0 2 2 2 2 0 2 0 2 0 0 1 0 2 0 2 2 0 2 2 2 0 0 0 2 2 0 0 0 0 0 0 2 0 0 0 0 2 0
68 2 2 1 2 2 2 2 2 2 2 2 2 2 2 2 2 2 2 2 2 2 2 2 2 2 2 2 2 2 2 2 2 2 2 2 2 2 2 0 2 2 2 2 2 2 1 0 2 0 2 2 2 1 2 2 2 2 2 1 2 2 2 2 2 2 2 2 2 2 2 2 2 2 0 2 2 1 2 2 2 2 2 2 2 2 2 1 2 2 2 2 0 2 2 2 2 2 2 2 0 0 2 2 2 2 2 2 2 2 2 2 2 2 2 2 2 2 2 2 2 2 2 2 2 2 2 2 2 2 2 0 2 2 2 2 2 2 2 2 2 2 2 2 2 1 2 2 2 2 2 2 2 2 2 2 2 2 2 2 2 2 2 2 2 2 2 2 2 1 2 2 2 2 2 2 2 2 2 2 2 2 2 2 2 2 2 2 2 0 2 2 2 2 2 2 2 2 2 2 2 2 2 2 2 2 2 2 2 0 2 2 2 0 0 2 2 2 1 2 2 2 2 2 2 2 2 2 2 2 2 2 2 2 0 2 2 0 2 2 2 2 2 2 2 2
69 2 2 2 2 2 2 2 2 2 2 0 2 2 2 2 2 2 2 2 0 0 2 2 2 2 2 2 2 2 2 2 2 2 2 2 2 2 2 2 2 2 2 2 2 2 2 2 2 2 0 2 2 2 2 2 2 2 2 2 2 2 2 2 0 2 2 2 0 2 2 2 0 2 2 2 2 2 2 1 2 0 2 2 2 2 2 2 2 2 2 0 2 2 2 2 2 2 2 2 2 2 2 2 2 2 2 2 0 2 2 2 2 2 2 0 2 2 0 2 2 2 2 2 2 2 2 0 2 2 2 2 2 2 2 2 2 2 2 2 0 2 0 0 2 2 0 2 0 2 2 2 2 2 0 2 0 2 2 2 2 2 0 2 2 0 2 2 2 0 2 0 2 0 2 2 2 0 0 2 2 2 2 2 2 0 2 2 2 0 2 2 2 2 2 2 2 2 2 0 2 2 0 2 2 2 2 2 0 2 2 2 2 2 2 2 2 2 2 2 2 2 2 0 2 0 2 2 2 2 2 2 2 2 2 2 2 2 2 2 0 2 2 2 2 0
70 2 2 2 2 2 2 2 2 2 2 2 2 2 2 2 2 2 2 2 2 2 2 2 2 0 2 2 2 2 2 2 2 2 2 0 2 2 2 2 2 2 2 2 2 2 2 2 2 2 2 2 2 0 2 2 2 2 2 2 2 2 2 2 2 2 2 2 2 2 2 2 2 2 0 2 2 2 2 2 2 2 2 2 2 2 2 2 2 2 0 2 2 2 2 2 2 2 2 2 2 2 2 2 2 2 2 0 2 2 2 2 2 2 2 2 2 2 2 0 2 2 2 2 2 0 2 2 2 2 2 0 2 2 2 2 2 2 2 2 2 2 2 2 2 2 2 2 2 1 2 2 2 2 0 2 2 2 2 2 2 2 2 2 2 2 2 2 2 2 2 2 2 2 2 2 2 2 0 2 2 2 2 0 2 0 2 2 2 2 2 2 2 2 2 2 2 2 2 2 2 2 2 2 2 2 2 2 2 2 2 2 2 2 2 2 2 2 2 2 2 2 2 2 2 2 2 2 2 2 2 2 2 2 2 2 2 2 2 0 2 2 2 2 2 2
71 2 2 2 2 0 2 2 0 2 2 0 0 0 2 2 2 0 2 0 0 2 0 0 2 2 2 2 0 2 0 2 0 2 2 2 1 0 2 2 2 0 0 0 2 2 2 2 2 2 0 0 0 0 2 0 0 2 2 2 2 2 2 2 0 0 0 2 2 2 2 2 2 2 0 0 0 2 0 1 0 0 2 2 2 2 2 2 2 2 2 2 2 2 2 0 2 2 2 0 2 2 0 2 2 2 0 2 0 2 2 0 2 2 0 2 2 2 2 2 2 0 2 2 2 2 2 0 2 2 2 0 2 2 2 2 2 2 2 2 2 0 0 0 2 0 0 0 2 2 1 0 2 0 0 2 2 2 2 2 2 2 0 0 0 2 2 2 2 0 2 0 2 0 2 2 0 2 0 2 2 0 0 2 2 0 2 2 2 2 0 1 0 2 0 2 2 2 2 2 2 2 0 2 2 2 2 2 2 2 2 2 2 2 0 2 2 2 0 2 2 2 0 2 2 0 2 0 2 0 2 2 2 2 2 2 0 2 2 2 2 2 2 2 0 0
72 2 2 2 2 2 2 2 2 2 2 2 2 2 2 2 2 2 2 2 2 2 2 2 2 0 2 2 2 2 2 2 2 2 2 2 2 2 0 2 2 2 2 2 2 2 2 2 2 2 2 2 2 2 2 2 2 2 0 2 2 2 2 2 2 2 2 0 0 2 2 2 2 2 2 2 2 2 2 2 2 2 2 2 2 2 2 2 2 2 2 2 2 2 2 2 2 2 2 2 2 2 2 2 2 2 2 2 2 0 2 2 0 2 2 2 2 2 2 2 2 2 2 0 2 2 2 2 2 0 2 2 0 2 2 2 2 2 2 2 2 2 2 2 2 2 2 2 2 1 2 2 2 2 2 0 2 2 2 2 2 2 2 2 2 2 2 2 2 2 2 2 2 2 2 2 2 2 2 2 2 2 2 2 2 2 2 2 2 0 2 2 2 2 2 0 2 2 2 2 2 2 2 2 2 2 0 2 2 2 2 2 2 2 2 0 2 2 2 2 2 2 2 0 2 2 2 2 2 2 2 2 2 2 2 2 2 2 2 2 2 2 2 2 2 2
73 2 2 2 0 0 0 0 0 2 2 2 0 0 0 2 2 2 2 0 2 0 0 0 0 2 2 2 0 2 1 0 0 2 0 0 1 0 0 2 2 2 0 0 2 2 2 0 2 2 0 0 0 2 0 0 0 2 0 2 2 0 0 0 0 0 0 0 2 2 0 2 0 0 2 2 0 2 0 1 0 0 2 0 2 2 0 2 2 0 0 2 2 0 0 0 2 2 0 0 2 2 0 2 0 0 2 2 2 0 2 0 2 0 0 0 2 0 2 0 2 2 0 0 2 2 0 0 0 0 2 2 2 2 2 0 0 0 0 0 2 0 2 2 0 0 0 0 2 1 2 2 0 0 2 0 0 0 0 0 2 0 0 0 2 2 2 0 2 2 2 0 0 2 0 0 2 2 2 2 2 2 2 0 2 2 0 2 0 2 0 0 2 2 2 2 0 0 0 2 2 0 2 0 2 0 2 0 2 0 0 2 0 2 0 0 0 0 1 0 2 2 2 2 0 0 0 2 0 2 2 0 0 2 0 0 2 0 2 0 2 0 2 2 2 0
74 2 2 2 0 0 2 2 2 2 2 2 2 0 2 2 2 2 2 0 2 2 2 2 2 2 2 2 2 2 0 2 2 2 2 2 2 0 0 2 2 2 2 2 2 2 2 2 2 2 2 2 2 2 2 2 2 2 0 2 2 2 2 2 2 2 0 0 2 2 2 2 2 2 2 2 0 2 2 2 2 2 2 2 2 2 2 2 2 2 2 2 2 2 2 2 2 2 2 2 2 2 2 2 2 2 2 2 2 2 2 2 2 2 0 2 2 2 2 2 2 2 2 2 2 2 2 2 2 2 2 2 2 2 2 2 2 2 2 2 2 0 2 2 2 0 0 2 2 2 2 0 2 2 2 0 2 2 2 2 2 2 2 0 2 2 2 2 2 2 2 0 2 2 2 2 2 0 2 2 2 2 2 2 2 2 2 2 2 2 2 2 2 2 2 2 2 2 0 2 2 2 2 2 0 2 2 2 2 2 2 2 2 2 0 0 2 2 2 2 2 0 2 2 2 2 2 2 2 2 2 2 2 2 2 2 2 2 2 2 2 2 2 0 2 2
75 2 2 2 0 2 2 2 2 2 2 2 2 2 2 2 2 2 2 2 2 2 2 2 2 2 2 2 2 2 2 2 2 2 2 2 2 2 2 2 0 2 2 2 2 2 2 2 2 2 2 2 2 2 2 2 2 2 2 2 2 2 2 2 2 2 2 2 2 2 2 2 2 0 2 2 2 2 2 2 0 2 2 2 0 2 2 2 2 2 2 2 2 2 2 2 2 2 0 2 2 2 2 2 2 2 2 2 2 2 1 2 2 2 2 2 2 2 2 2 2 0 2 2 2 2 2 2 2 0 2 2 2 2 2 0 2 2 2 2 2 2 2 2 2 2 2 2 2 2 2 0 2 2 2 2 2 2 2 2 2 2 2 2 2 2 2 2 2 2 2 2 2 2 2 2 2 2 2 2 2 2 0 2 2 2 2 2 2 2 2 2 2 2 0 0 2 2 2 2 2 2 2 2 2 0 0 2 2 2 2 2 2 2 2 2 2 2 2 2 2 2 2 2 2 2 2 2 2 2 2 2 2 2 2 2 2 0 2 2 2 2 2 2 2 2
76 2 2 2 2 2 2 2 2 2 2 2 0 2 2 2 2 2 0 2 2 2 0 2 2 2 2 2 0 0 2 2 0 2 2 2 2 2 2 2 2 2 2 0 0 2 2 2 2 2 2 2 2 0 0 2 2 2 2 2 2 2 2 2 2 2 2 2 2 2 2 2 2 2 0 2 2 2 0 2 0 2 2 0 2 2 2 2 2 0 2 2 2 0 2 2 2 2 2 2 2 2 2 2 0 2 2 2 2 2 2 2 2 2 2 2 2 2 2 0 2 2 0 2 0 2 2 0 2 0 2 2 2 2 2 0 2 2 2 2 2 2 2 2 2 2 2 2 2 2 2 0 2 2 2 2 0 2 2 2 2 2 2 2 2 2 2 2 2 0 2 2 2 2 2 2 2 2 2 2 2 2 2 2 2 2 2 2 2 2 2 2 2 2 2 2 2 0 2 2 0 2 2 2 2 0 2 2 2 2 2 2 2 2 2 2 2 2 2 2 2 2 2 2 0 2 0 2 2 2 2 2 2 2 2 2 2 0 2 0 2 2 2 2 2 2
77 0 0 0 0 0 0 0 0 0 0 0 0 0 0 0 0 0 0 0 0 0 0 0 0 0 0 2 0 0 0 0 0 0 0 2 1 0 2 0 0 0 0 0 2 0 0 0 0 0 0 0 0 0 2 0 0 0 2 0 0 0 0 0 0 0 0 2 0 2 0 0 0 0 0 0 0 0 0 0 0 0 0 0 0 0 2 0 0 2 2 0 0 0 0 0 0 0 0 0 0 0 0 0 0 0 0 2 0 0 2 0 0 0 0 0 0 0 0 0 0 0 0 0 2 0 0 0 0 0 0 0 0 0 0 0 2 2 2 0 0 0 0 0 0 0 0 0 2 0 0 0 0 0 2 0 0 0 2 0 0 0 0 0 0 0 2 2 1 0 0 2 2 0 0 2 2 0 2 0 0 0 0 2 2 0 0 0 0 0 0 0 0 0 0 0 2 0 0 2 2 0 0 2 0 0 2 0 2 0 0 2 0 0 0 0 0 2 0 0 2 0 0 0 0 0 0 0 2 0 2 0 2 0 0 0 0 0 0 0 2 0 0 0 0 0
78 2 2 2 2 2 2 2 2 2 2 2 2 2 2 2 2 0 2 2 2 2 2 2 2 2 2 2 2 2 2 2 2 2 2 2 2 2 2 2 2 2 2 2 2 2 2 2 2 2 2 2 2 2 2 2 2 2 2 2 2 2 2 2 2 2 2 2 2 2 2 0 2 2 2 0 2 2 2 2 0 2 2 2 2 2 2 2 2 2 2 0 2 2 2 2 2 2 0 2 2 2 2 2 2 2 2 2 2 2 2 2 2 2 2 2 2 2 2 2 2 2 2 2 2 2 2 2 2 2 2 2 2 2 2 2 2 2 2 2 0 2 2 2 2 2 2 2 2 2 2 2 2 2 2 2 2 2 2 2 2 0 2 2 2 0 2 2 2 2 2 2 2 0 0 2 2 2 2 2 2 2 2 2 2 0 2 2 2 2 2 2 2 2 2 2 2 2 2 2 2 2 0 2 2 2 2 2 2 2 2 2 2 2 2 2 2 2 1 2 2 2 0 2 2 2 2 2 2 2 2 2 2 2 2 2 2 2 2 2 2 2 0 2 0 2
79 2 2 2 2 2 2 2 2 2 2 2 2 2 2 2 2 2 2 2 2 2 2 2 2 2 2 2 2 2 2 2 2 2 2 0 2 2 0 2 2 2 2 2 2 2 2 2 2 2 2 2 2 2 2 2 2 2 0 2 2 2 2 2 2 2 2 0 2 2 2 2 2 2 2 2 2 2 2 2 2 2 2 2 2 2 2 2 2 2 0 2 2 2 2 2 2 2 2 2 2 2 2 2 2 2 2 2 2 2 0 2 2 2 2 2 2 2 2 2 2 2 2 2 2 2 2 2 2 2 2 2 2 2 2 2 2 0 2 2 2 2 2 2 2 2 2 2 2 2 2 2 2 2 2 2 2 2 0 2 2 2 2 2 2 2 0 0 1 2 2 2 0 2 2 0 0 2 2 2 2 2 2 0 2 2 2 2 2 2 2 2 2 2 2 2 2 2 2 2 2 2 2 0 2 2 2 2 2 2 2 0 2 2 2 2 2 0 2 2 0 2 2 2 2 2 2 2 0 2 2 2 2 2 2 2 2 2 2 2 2 2 2 2 2 2
80 2 0 2 1 2 2 0 2 2 2 2 2 2 2 2 2 2 2 2 2 2 2 2 2 0 2 2 2 2 2 2 2 2 2 2 2 2 1 2 2 1 2 2 2 2 2 2 2 2 2 2 2 2 2 2 2 2 0 2 2 2 0 0 1 2 2 0 0 2 0 2 2 2 2 2 2 2 2 0 2 2 2 0 2 2 2 2 2 2 2 2 2 2 2 2 2 2 2 2 2 2 0 0 2 2 0 2 2 2 0 2 0 2 2 2 2 2 2 2 2 0 2 0 2 2 0 2 0 2 2 1 2 2 2 2 2 2 2 2 2 2 2 2 0 1 2 2 2 1 1 2 1 2 2 0 2 2 2 0 2 2 2 2 2 2 2 2 2 2 2 2 2 2 2 2 2 0 2 2 2 0 0 2 2 2 2 0 0 2 2 1 0 0 2 0 2 2 0 2 2 2 2 2 0 2 2 0 2 2 2 2 0 2 2 0 1 2 2 2 2 0 2 2 0 2 0 0 2 0 2 0 2 2 2 0 2 2 2 2 2 0 2 2 2 2
81 0 0 2 0 0 0 0 0 0 0 0 0 0 0 0 0 2 0 0 0 0 0 0 0 0 0 0 0 0 0 0 0 0 0 2 1 0 0 0 0 0 0 0 0 0 2 0 0 2 0 0 0 2 0 0 0 0 0 2 0 0 0 0 0 0 0 0 0 0 0 0 0 0 2 2 0 2 0 0 0 0 0 0 0 0 0 2 0 0 2 2 0 0 0 0 0 0 0 0 2 0 0 0 0 0 0 2 0 0 0 0 0 0 0 0 0 0 0 2 0 0 0 0 0 0 0 0 0 2 0 0 0 0 0 2 0 0 0 0 2 0 0 0 0 0 0 0 0 0 0 2 0 0 2 0 0 0 2 0 0 0 0 0 0 2 0 2 1 0 0 0 2 2 0 2 2 0 2 0 0 0 0 0 0 0 0 0 0 2 0 0 0 0 0 0 0 0 0 0 0 0 2 0 0 2 2 0 0 0 0 0 0 2 0 0 0 0 0 0 2 0 0 0 0 0 0 0 0 0 2 0 0 0 0 0 0 2 0 2 0 0 2 0 2 0
82 0 0 2 0 0 0 0 0 0 0 0 0 0 0 0 0 2 0 0 0 0 0 0 0 0 0 0 0 0 0 0 0 0 0 2 1 0 0 0 0 0 0 0 0 0 2 0 0 2 0 0 0 2 0 0 0 0 0 2 0 0 0 0 0 0 0 0 0 0 0 0 0 0 2 2 0 2 0 0 0 0 0 0 0 0 0 2 0 0 2 2 0 0 0 0 0 0 0 0 2 0 0 0 0 0 0 2 0 0 0 0 0 0 0 0 0 0 0 2 0 0 0 0 0 0 0 0 0 2 0 0 0 0 0 2 0 0 0 0 2 0 0 0 0 0 0 0 0 0 0 2 0 0 2 0 0 0 2 0 0 0 0 0 0 2 0 2 1 0 0 0 2 2 0 2 2 0 2 0 0 0 0 0 0 0 0 0 0 2 0 0 0 0 0 0 0 0 0 0 0 0 2 0 0 2 2 0 0 0 0 0 0 2 0 0 0 0 0 0 2 0 0 0 0 0 0 0 0 0 2 0 0 0 0 0 0 2 0 2 0 0 2 0 2 0
83 0 0 2 0 0 0 0 0 0 0 0 0 0 0 0 0 2 0 0 0 0 0 0 0 0 0 0 0 0 0 0 0 0 0 2 1 0 0 0 0 0 0 0 0 0 2 0 0 2 0 0 0 2 0 0 0 0 0 2 0 0 0 0 0 0 0 0 0 0 0 0 0 0 2 2 0 2 0 0 0 0 0 0 0 0 0 2 0 0 2 2 0 0 0 0 0 0 0 0 2 0 0 0 0 0 0 2 0 0 0 0 0 0 0 0 0 0 0 2 0 0 0 0 0 0 0 0 0 2 0 0 0 0 0 2 0 0 0 0 2 0 0 0 0 0 0 0 0 0 0 2 0 0 2 0 0 0 2 0 0 0 0 0 0 2 0 2 1 0 0 0 2 2 0 2 2 0 2 0 0 0 0 0 0 0 0 0 0 2 0 0 0 0 0 0 0 0 0 0 0 0 2 0 0 2 2 0 0 0 0 0 0 2 0 0 0 0 0 0 2 0 0 0 0 0 0 0 0 0 2 0 0 0 0 0 0 2 0 2 0 0 2 0 2 0
84 2 2 0 0 0 0 0 0 0 2 0 0 0 0 0 2 0 0 0 0 0 0 2 0 0 2 0 0 0 0 0 0 0 0 2 1 0 0 0 0 0 0 0 0 2 0 2 0 0 0 0 2 0 0 2 2 0 0 0 0 0 0 0 0 0 0 0 0 2 0 2 0 0 0 0 0 0 0 0 0 0 0 2 0 0 0 0 0 0 2 0 0 1 0 0 0 0 0 0 0 0 2 2 0 0 0 0 0 0 0 0 2 0 0 0 0 0 0 0 0 0 0 0 0 2 0 0 0 0 0 0 0 0 0 0 0 0 0 0 0 0 0 0 0 0 0 2 2 0 0 0 2 0 0 0 0 2 2 0 0 0 0 0 0 0 0 2 0 0 0 0 0 0 0 2 0 0 0 0 2 0 0 0 0 0 2 0 0 0 0 0 0 0 0 0 0 0 2 0 0 0 0 0 0 0 0 0 0 2 0 2 2 0 0 0 0 0 1 0 0 0 2 0 2 0 2 0 0 2 0 0 0 2 0 2 0 0 2 0 0 0 0 0 0 0
85 2 0 0 0 0 0 0 0 0 2 0 0 0 0 0 2 0 0 0 2 0 0 0 0 2 2 0 0 0 0 0 0 0 0 0 0 0 0 0 0 0 2 0 0 2 0 0 0 0 0 0 0 0 0 0 0 0 0 0 0 0 0 0 0 0 0 0 0 2 0 0 0 0 0 0 0 0 0 0 2 0 0 2 0 0 0 0 0 2 0 0 0 2 0 2 0 0 2 0 0 0 0 0 0 0 2 2 0 2 2 2 2 2 0 0 0 0 0 0 0 0 0 0 0 2 0 0 0 0 0 0 0 0 0 0 0 0 2 0 0 0 0 0 0 0 0 0 0 1 2 0 0 0 2 0 0 2 0 0 0 0 0 0 0 0 0 0 1 0 0 0 0 2 0 0 0 0 2 0 2 2 0 2 0 0 2 0 2 0 2 1 2 0 0 0 0 0 0 0 2 0 2 0 0 0 0 0 0 0 0 0 2 0 0 0 0 0 1 0 0 0 2 0 2 0 2 2 2 0 2 0 0 2 0 2 0 0 2 0 0 0 0 0 0 0
86 2 0 2 2 2 2 2 2 2 2 2 2 2 0 2 2 2 2 2 2 2 0 2 0 2 2 2 0 2 2 2 0 0 2 0 0 0 0 2 2 2 2 2 2 2 2 2 2 2 0 2 2 2 0 2 2 0 0 2 2 2 2 0 2 0 2 0 0 2 0 2 2 2 2 2 2 2 2 2 2 2 2 2 2 2 2 2 2 0 0 2 2 2 2 2 0 0 2 2 2 2 2 0 2 2 2 2 2 2 0 2 2 2 0 2 2 2 2 2 0 2 2 0 2 0 2 2 2 0 2 2 2 2 0 2 2 2 2 0 2 2 0 2 2 0 2 2 2 2 2 2 2 2 2 2 2 0 2 2 2 2 2 0 2 2 2 2 2 2 2 0 2 2 2 2 2 0 2 2 2 2 2 2 2 2 0 2 2 2 2 1 2 2 2 2 2 2 2 0 2 2 2 2 0 2 2 2 0 2 0 2 2 2 0 0 0 2 2 0 2 0 2 0 2 2 2 2 2 2 2 0 2 2 2 2 2 2 2 2 2 2 2 2 2 0
87 0 0 2 2 2 0 0 0 2 0 2 0 2 0 2 0 0 0 0 2 0 2 2 0 2 2 0 2 0 0 0 2 2 0 0 1 2 0 2 0 2 0 2 0 0 2 2 2 2 2 2 0 0 0 2 2 2 0 2 2 2 2 2 2 2 2 0 2 2 2 2 2 2 0 0 0 2 0 0 0 2 2 2 2 0 2 2 2 2 0 0 2 2 0 2 2 0 0 0 2 2 2 0 0 0 0 2 0 2 2 0 2 2 2 0 0 0 2 2 2 2 0 2 0 2 0 2 2 0 0 2 2 2 2 2 2 2 0 2 0 0 2 2 0 2 0 0 0 1 0 0 2 2 2 0 2 0 0 0 0 2 2 0 2 2 0 0 0 2 0 2 0 2 0 0 2 2 2 0 0 2 2 0 0 0 0 2 2 0 0 1 2 2 0 2 0 0 0 0 0 0 2 2 0 2 2 2 0 2 0 0 2 2 2 2 2 2 0 2 0 2 0 2 2 2 2 2 0 2 2 0 0 0 2 2 0 2 0 2 0 0 0 2 2 2
88 2 0 2 2 0 2 0 2 2 2 2 2 0 2 2 0 2 0 2 2 2 2 0 2 2 0 2 2 0 2 2 2 2 2 2 1 0 0 2 0 2 2 2 2 2 2 2 2 2 2 2 2 2 2 0 0 2 0 2 2 2 2 2 2 2 0 0 2 2 0 2 0 2 2 2 2 2 2 0 2 2 2 2 2 2 2 2 2 2 2 0 2 2 0 2 2 2 2 2 2 2 2 0 2 2 2 2 0 2 2 2 0 2 2 2 2 2 2 0 2 0 2 2 2 2 0 2 2 2 0 2 0 0 2 2 2 2 2 0 2 2 2 2 2 2 2 2 2 2 2 2 2 2 2 0 2 2 2 2 2 2 2 0 2 2 2 2 2 2 2 2 2 2 2 2 2 2 2 2 2 2 2 2 2 2 2 0 0 2 2 1 2 2 2 2 2 0 0 2 2 2 2 2 0 2 2 0 2 2 2 2 2 2 2 2 2 2 1 2 2 2 0 2 0 2 2 2 2 2 2 2 0 2 2 2 2 2 2 0 2 2 2 2 2 2
89 2 0 0 0 0 2 0 2 0 2 0 0 0 2 2 0 2 0 0 2 2 2 0 2 2 0 2 2 0 0 2 2 2 2 2 0 0 0 2 0 0 0 2 0 2 0 2 2 0 2 0 2 0 2 0 0 2 0 0 2 0 2 0 2 0 0 0 2 2 0 2 0 2 0 2 0 0 0 0 0 2 0 2 2 2 2 0 0 0 2 0 2 2 0 0 2 0 2 2 0 0 0 0 0 0 2 2 0 0 0 0 0 2 0 2 0 2 2 0 2 0 2 0 0 0 0 0 2 0 0 0 0 0 2 0 2 2 2 0 2 2 2 2 2 2 2 2 2 2 2 2 2 2 0 0 0 0 0 2 0 0 0 0 2 0 0 0 2 0 0 2 2 0 0 0 0 0 0 0 2 2 0 2 2 2 2 0 0 0 2 1 2 0 0 0 0 0 0 2 2 2 0 2 0 0 2 0 2 2 0 2 0 0 2 2 0 2 1 2 2 0 0 2 0 0 2 2 0 2 0 2 0 2 2 0 2 0 2 0 2 2 2 2 0 2
90 0 0 0 0 0 2 0 0 0 0 0 0 0 0 2 0 0 0 0 0 0 0 0 0 0 0 0 0 0 0 0 0 0 2 0 0 0 0 0 0 0 0 0 0 0 0 0 0 0 0 0 0 0 0 0 0 0 0 0 0 0 0 0 0 0 0 0 0 2 0 0 0 0 0 0 0 0 0 0 0 0 0 0 0 0 0 0 0 0 0 0 0 0 0 0 0 0 0 0 0 0 0 0 0 0 0 0 0 0 0 0 0 2 0 0 0 2 0 0 0 0 0 0 0 0 0 0 0 0 0 0 0 0 0 0 0 0 0 0 0 0 0 0 2 2 2 0 2 2 0 0 0 0 0 0 0 0 0 2 0 0 0 0 0 0 0 0 1 0 0 2 2 0 0 0 0 0 0 0 0 0 0 0 0 0 0 0 0 0 0 0 0 0 0 0 0 0 0 0 0 0 0 0 0 0 0 0 0 0 0 0 0 0 2 0 0 0 0 0 0 0 0 0 0 0 0 0 0 2 0 0 0 0 2 0 0 0 0 0 0 2 0 0 0 2
91 2 0 2 2 2 2 2 0 0 2 2 2 2 2 2 2 0 2 2 2 2 2 2 2 0 2 0 2 2 2 2 2 0 2 2 0 2 0 0 2 2 2 0 0 2 2 0 0 2 2 2 0 2 2 2 2 2 0 2 2 0 0 2 0 2 2 0 0 2 2 2 2 2 2 0 2 2 2 1 2 2 0 0 2 2 0 2 0 2 2 2 0 0 2 0 0 0 2 0 2 2 2 0 2 0 2 2 2 2 0 2 0 2 0 2 2 2 2 0 0 0 2 0 0 2 2 2 2 2 2 0 0 2 0 2 2 2 2 0 2 2 0 0 2 2 2 0 2 2 2 2 2 0 0 2 2 2 2 2 0 2 2 0 2 0 2 2 1 2 0 2 2 2 2 2 2 2 0 0 2 2 2 2 0 2 2 2 2 2 2 2 2 0 2 2 0 2 2 2 2 2 2 2 2 2 2 2 2 0 2 2 2 2 2 0 0 2 2 2 0 0 2 0 2 2 0 2 0 2 0 0 0 2 0 2 2 2 2 0 2 2 0 2 2 2
92 2 2 2 2 2 2 2 2 2 2 2 2 2 2 2 2 2 2 2 2 0 2 2 2 2 2 0 2 2 2 0 2 2 2 2 1 0 2 2 2 2 2 2 2 2 2 2 2 2 2 0 2 2 2 2 2 2 2 2 0 2 2 2 2 2 2 2 2 2 2 2 2 2 2 2 2 2 2 2 2 0 2 2 2 2 0 2 2 2 2 2 2 2 2 2 2 2 2 2 2 2 0 2 2 2 0 2 2 2 2 2 2 2 2 0 2 2 2 2 2 2 2 2 2 2 2 2 2 2 2 2 2 2 2 0 2 0 2 2 2 2 2 0 2 2 2 2 2 2 0 2 0 2 2 2 0 2 2 2 2 2 2 2 2 2 2 2 2 2 2 2 2 2 2 2 2 2 2 2 2 2 2 2 0 2 2 2 2 0 2 2 2 2 2 2 0 2 2 2 0 2 2 2 2 0 2 2 2 2 2 2 2 2 2 2 2 2 2 2 2 2 2 2 2 2 2 2 2 2 2 2 2 2 2 2 2 0 2 2 2 2 2 2 2 2
93 2 2 2 0 2 2 2 2 2 2 2 2 2 2 2 2 2 2 2 2 2 2 2 2 2 2 2 2 2 2 2 2 2 2 0 2 2 2 2 2 2 2 2 2 2 2 2 2 2 2 2 2 2 2 2 2 2 2 2 2 0 2 2 2 2 2 2 2 2 2 2 2 2 2 2 2 2 2 2 2 2 2 2 2 0 2 2 2 2 0 2 2 2 2 2 2 2 0 2 2 2 2 2 2 2 2 2 2 2 2 2 2 2 2 2 2 2 2 2 2 2 2 2 2 2 2 2 0 2 2 2 2 2 2 0 2 2 2 2 2 2 2 2 2 2 0 2 2 1 2 2 2 2 2 2 2 2 2 2 2 2 0 2 0 2 2 2 1 0 2 0 2 2 2 2 2 0 2 2 2 2 2 2 2 0 2 2 2 2 2 2 2 2 2 2 2 2 2 2 2 2 2 2 2 0 2 2 2 2 2 2 2 2 2 2 2 2 2 2 2 2 2 2 2 0 2 2 2 2 2 2 2 2 2 2 2 0 2 2 0 2 2 2 2 2
94 1 2 0 0 2 2 2 2 2 0 2 0 2 2 0 0 0 0 2 2 2 2 2 2 2 2 2 2 0 2 2 2 0 2 2 2 2 2 2 2 2 2 0 2 0 0 0 0 0 0 2 0 2 2 2 2 2 2 0 2 2 0 2 2 2 2 2 0 2 2 0 0 2 2 0 2 0 0 1 0 0 2 0 2 0 2 0 2 2 2 2 2 0 2 2 0 2 2 2 0 0 0 2 2 2 0 2 2 2 0 2 0 2 2 2 2 2 2 2 0 2 2 2 2 0 2 2 2 2 2 0 0 0 0 2 2 2 2 2 2 0 2 2 2 2 2 0 0 2 0 2 0 0 0 2 2 0 2 2 2 2 2 0 2 0 2 2 2 2 2 2 0 2 2 2 0 2 0 2 0 2 0 2 2 2 0 2 0 0 2 2 2 2 0 2 2 2 2 0 0 0 2 0 2 2 2 2 0 0 2 2 2 0 2 2 2 0 2 2 2 2 2 0 2 2 0 2 0 2 2 2 0 0 0 2 0 2 0 2 2 2 0 2 0 2
95 0 0 2 0 0 2 2 0 0 0 2 0 0 0 2 2 2 2 2 0 0 2 2 0 2 2 2 2 2 2 0 2 0 2 2 2 0 0 0 0 2 0 0 0 0 2 0 0 2 0 2 0 0 2 2 2 0 0 2 0 0 0 0 0 0 0 0 0 2 0 0 2 0 0 2 2 2 0 1 0 0 0 0 0 0 2 2 2 0 2 0 0 0 0 2 0 2 0 0 2 2 2 0 0 2 0 2 0 2 0 0 0 0 0 0 0 2 0 2 0 0 0 2 0 0 2 0 2 0 2 0 0 0 0 0 0 0 2 0 0 0 0 2 2 0 0 0 2 1 0 2 0 0 0 2 2 0 2 2 0 0 0 0 0 2 0 0 0 0 0 0 2 0 2 0 0 0 0 0 0 0 0 0 2 2 0 0 0 0 0 1 0 2 0 0 2 2 0 0 2 0 2 0 0 0 0 2 0 0 0 0 2 2 0 2 0 0 2 2 0 0 2 0 2 0 0 0 0 0 0 0 2 0 0 2 0 0 0 2 2 2 0 2 2 2
96 2 2 2 2 2 2 2 2 0 2 2 2 2 2 2 2 2 2 2 2 2 0 2 2 2 2 0 0 2 2 2 0 2 2 2 2 2 2 2 2 2 2 2 2 2 2 2 2 2 2 2 2 2 2 2 2 2 2 2 2 2 2 2 2 2 2 2 2 2 2 2 2 0 2 2 2 2 2 2 2 2 2 2 0 2 0 2 2 2 2 2 1 2 2 2 2 2 2 2 2 2 2 2 2 2 2 2 2 2 2 2 2 2 2 2 2 2 2 2 2 2 2 0 2 2 2 2 2 2 2 2 2 2 2 2 2 2 2 2 2 2 2 1 2 2 2 2 2 2 2 2 2 2 2 2 2 2 1 2 2 2 2 2 2 2 2 2 2 2 2 2 2 2 2 2 2 2 2 2 2 2 0 2 0 2 2 2 2 2 2 2 2 2 2 2 2 2 2 2 1 2 1 2 2 2 2 2 0 2 2 2 2 2 2 2 2 2 2 2 2 2 2 2 2 2 2 2 2 2 2 2 2 2 2 2 2 2 2 2 2 2 2 2 2 2
97 0 0 2 0 0 0 2 2 0 0 2 0 0 0 0 0 0 0 0 2 0 0 0 0 0 0 0 0 0 0 0 0 0 0 0 0 0 0 0 0 0 2 0 0 0 2 0 0 2 0 2 0 0 0 0 0 0 0 2 0 0 0 0 0 0 0 0 0 2 0 0 0 0 0 0 0 2 0 0 0 0 0 0 0 0 0 2 0 0 0 0 0 0 0 0 0 0 0 2 2 0 0 0 2 0 0 0 0 0 0 2 0 0 0 0 2 0 0 0 0 0 0 0 0 0 2 0 0 0 0 0 0 0 0 0 0 0 0 0 0 0 0 0 0 0 0 0 0 0 0 0 0 0 0 0 0 2 0 1 0 0 0 0 0 0 0 0 0 0 0 0 2 0 0 0 0 0 0 0 0 0 0 0 0 0 0 0 0 0 0 0 0 0 0 0 0 0 0 0 0 0 0 0 0 0 0 0 0 0 0 0 0 2 0 0 0 0 0 0 0 0 0 0 2 0 0 0 0 2 2 0 0 0 0 0 0 0 0 0 0 0 0 0 0 0
98 2 2 2 2 2 0 2 2 2 2 2 2 2 2 2 2 0 2 2 2 2 2 2 2 2 2 2 2 2 2 2 2 2 0 2 2 2 2 2 2 2 2 2 2 2 2 2 2 2 2 2 2 2 2 2 2 2 2 2 2 2 2 2 2 2 2 2 2 2 2 2 2 2 2 0 2 2 2 2 2 0 2 2 2 2 2 2 2 2 2 0 2 2 2 2 2 2 2 2 2 2 0 2 2 2 2 2 2 2 2 2 2 2 2 2 2 0 2 2 2 2 2 2 2 2 2 2 2 2 2 2 2 0 2 2 0 2 2 2 2 2 2 2 2 2 2 2 2 1 2 2 2 2 2 2 0 2 2 2 2 2 2 2 2 2 2 2 2 2 2 2 2 2 0 2 2 2 2 2 2 2 2 2 2 2 2 2 2 2 2 2 2 2 2 2 0 2 2 2 2 2 2 2 2 2 2 2 2 2 2 2 2 2 2 2 2 2 1 2 2 2 2 2 2 2 2 2 2 2 2 2 0 2 2 2 2 2 2 2 2 0 2 2 0 2
99 2 2 2 2 2 2 2 2 2 2 2 2 2 2 2 2 2 2 2 2 2 2 2 2 2 2 2 2 2 2 2 2 2 2 2 2 2 2 2 2 2 2 2 2 2 2 2 2 2 2 2 2 2 2 2 2 2 2 2 2 2 2 2 2 0 2 2 2 2 2 2 2 2 2 2 2 2 2 2 2 2 2 0 2 2 2 2 2 2 2 2 2 0 2 0 2 2 2 2 2 2 2 2 2 2 2 2 2 2 2 2 0 2 2 2 2 2 2 0 2 2 2 2 2 2 2 2 2 0 2 2 2 2 2 2 2 2 2 2 0 2 2 2 2 2 2 2 2 2 2 2 2 2 2 2 2 2 2 2 2 2 2 2 2 2 2 2 2 2 2 2 2 2 2 2 2 2 2 2 2 2 2 2 2 2 2 2 2 2 2 1 2 2 2 2 2 2 2 2 2 2 2 2 2 2 2 2 2 2 2 2 2 2 2 2 2 2 2 0 2 2 2 2 2 2 0 2 2 2 2 2 2 2 2 2 2 2 2 0 2 2 2 2 2 0
100 2 0 0 2 0 0 0 0 0 2 2 2 0 2 0 0 2 2 2 2 2 2 2 2 2 2 0 2 2 2 2 2 0 0 2 1 0 0 0 0 0 2 2 0 2 0 0 2 2 2 0 0 0 0 2 2 0 0 0 0 2 0 0 2 2 0 0 2 2 0 2 0 0 0 2 2 0 2 0 2 2 2 2 0 0 0 0 0 2 2 2 0 2 0 0 0 2 2 0 0 2 0 0 2 0 2 2 2 0 0 2 2 0 2 0 2 0 0 0 0 0 2 0 0 2 0 2 0 2 0 0 2 0 0 2 0 0 0 1 0 2 0 0 2 2 0 0 2 0 0 1 0 0 2 2 0 0 0 1 2 1 0 2 0 1 0 0 0 0 2 0 0 0 2 0 0 2 2 2 2 0 2 0 0 0 0 2 0 2 2 1 0 0 2 0 0 2 2 2 1 2 0 0 2 2 0 0 2 0 2 0 0 0 2 0 2 0 0 0 0 2 0 2 0 0 2 0 0 0 0 0 0 2 2 0 0 0 2 0 0 0 0 0 2 0
101 2 2 2 2 2 2 2 2 2 2 2 2 2 2 2 2 2 2 0 2 2 2 2 2 2 2 2 2 2 0 2 2 2 2 2 1 2 2 2 2 2 2 0 2 2 2 2 0 2 2 2 2 2 2 2 2 2 2 2 2 2 2 2 2 0 2 2 2 2 2 2 2 2 2 2 0 2 2 2 2 2 2 0 2 2 2 2 2 0 2 2 2 0 0 2 2 0 2 2 2 2 2 2 2 2 2 2 2 2 2 2 2 0 2 2 2 2 2 2 2 2 2 2 2 0 2 2 2 2 2 2 2 2 2 2 2 2 2 2 2 0 2 2 0 2 2 2 2 2 2 2 2 2 2 2 2 2 2 1 2 2 2 2 2 2 2 2 2 2 2 2 2 2 2 2 2 2 2 2 0 2 2 2 2 2 2 2 2 2 0 2 2 2 2 2 2 2 2 2 2 2 2 2 2 2 2 2 2 2 2 2 2 2 2 2 2 2 2 2 2 2 2 2 2 2 0 2 2 2 2 2 2 0 2 2 2 2 0 2 2 2 2 2 2 2
102 2 2 2 2 2 0 2 2 2 2 2 0 2 2 2 2 2 2 2 2 2 2 2 2 2 2 2 2 2 2 2 2 2 0 2 2 2 2 2 2 2 2 2 2 2 2 2 2 2 2 2 2 2 2 2 2 2 2 2 2 2 2 2 2 2 2 2 2 2 2 2 2 2 2 2 2 2 0 2 0 2 2 2 2 2 2 2 2 2 2 2 2 2 2 2 2 2 2 2 2 2 2 2 2 2 2 2 0 2 2 2 2 2 0 2 2 0 2 2 2 2 2 2 2 2 2 2 2 2 2 2 2 2 2 2 2 2 0 2 2 2 2 2 2 2 2 2 2 1 2 2 2 2 2 2 0 2 2 1 0 2 2 2 2 2 2 0 2 0 0 2 2 2 2 0 2 2 2 0 2 2 2 0 2 2 2 0 2 2 2 2 2 2 0 2 2 2 0 2 2 2 2 2 2 2 2 2 2 2 2 2 2 2 2 2 2 2 2 2 2 2 2 2 2 2 2 2 2 2 2 2 2 2 2 2 2 2 2 2 2 0 2 2 0 2
103 2 2 2 2 2 2 2 2 2 2 2 2 2 2 2 2 2 2 2 2 2 2 2 2 2 2 2 2 2 2 2 2 2 2 2 2 2 2 2 2 2 2 2 2 2 2 2 2 2 2 2 2 2 2 2 2 2 2 2 2 2 2 2 2 2 2 2 2 2 2 2 2 2 2 2 2 2 2 2 2 2 2 2 2 2 2 2 2 2 2 2 2 2 2 2 2 2 2 2 2 2 2 2 2 2 2 2 2 2 2 2 2 2 0 2 2 2 2 2 2 2 2 2 2 2 2 2 2 2 2 2 2 2 2 2 2 2 2 2 2 2 2 2 2 2 0 2 2 2 2 2 2 2 0 2 2 2 2 2 0 2 0 2 2 2 2 2 2 2 0 0 2 2 2 2 2 2 0 0 0 2 2 0 2 2 2 2 2 2 2 2 2 2 2 2 2 2 2 2 2 2 2 2 2 2 2 2 2 2 2 2 2 2 2 2 2 2 2 2 2 2 2 2 2 0 2 2 2 2 2 2 0 0 2 2 2 2 0 2 2 2 2 2 2 2
104 2 2 2 2 2 2 2 2 2 2 0 2 2 2 2 2 2 2 2 2 2 2 0 2 2 2 2 2 2 2 2 2 0 2 2 2 2 2 2 2 2 2 2 2 2 2 2 2 2 2 2 2 2 0 0 0 2 2 2 2 2 2 2 2 0 2 2 2 2 0 2 2 2 2 2 2 2 2 0 2 2 2 2 2 2 2 2 2 2 2 2 2 2 2 2 0 0 2 2 2 0 2 2 2 0 2 2 0 2 2 2 0 2 2 2 2 2 2 2 0 2 2 2 2 2 2 2 2 2 2 2 2 2 0 2 2 2 2 2 2 2 2 2 2 2 2 2 2 2 2 2 2 2 2 2 2 2 2 2 2 2 2 2 2 2 2 2 2 2 2 2 2 2 2 2 2 2 2 2 2 2 2 2 2 2 2 2 2 2 2 1 2 2 2 2 2 2 2 2 2 2 2 2 2 2 2 2 2 2 2 2 2 2 2 2 2 2 2 2 2 2 2 2 2 2 2 2 2 2 2 2 2 2 0 2 2 2 2 2 2 2 2 2 2 2
105 0 0 2 0 2 0 0 0 2 0 2 2 2 0 2 0 0 0 2 2 2 0 0 0 0 0 2 0 0 2 2 0 2 0 2 2 0 0 2 2 2 0 2 2 0 2 2 0 2 0 0 2 2 2 0 0 0 0 2 2 0 0 2 2 2 2 0 0 2 2 2 0 0 2 0 2 2 2 0 2 2 2 2 0 2 0 2 2 2 2 0 2 2 2 2 2 0 0 0 2 2 0 0 2 2 0 2 2 2 0 0 0 2 2 2 2 0 2 2 2 2 2 2 2 2 0 0 2 2 0 0 2 2 2 2 0 0 0 2 0 0 2 0 2 0 0 2 2 1 2 2 0 2 0 1 0 1 0 1 2 0 0 0 2 0 0 0 2 2 2 0 0 0 0 0 2 0 0 2 2 2 2 0 2 2 0 0 2 2 0 1 2 2 2 2 0 2 0 2 0 2 0 0 0 2 2 2 2 2 2 2 2 2 0 0 0 0 1 0 2 0 0 0 0 0 2 2 2 2 0 2 2 2 2 2 2 2 2 2 0 0 2 2 2 0
106 0 0 2 0 0 0 0 0 2 0 0 2 0 0 2 0 0 0 0 2 2 0 0 0 0 0 0 0 0 0 0 0 0 0 2 0 0 0 0 2 2 0 2 0 0 2 2 0 2 0 0 0 2 2 0 0 0 0 2 2 0 0 0 2 2 0 0 0 2 0 2 0 0 2 0 0 2 2 0 0 2 0 2 0 2 0 2 0 0 2 0 0 2 0 2 0 0 0 0 2 2 0 0 2 2 0 2 2 2 0 0 0 0 2 2 2 0 2 0 0 0 2 0 0 2 0 0 2 2 0 2 2 2 0 0 0 0 0 0 0 0 2 0 0 0 0 0 0 1 2 0 0 0 0 2 0 2 0 0 2 0 0 0 0 0 0 0 1 2 2 0 0 0 0 0 2 0 0 2 2 0 2 0 0 0 0 0 2 0 0 0 0 0 0 0 0 0 0 2 0 2 0 0 0 0 2 0 2 2 2 2 0 2 0 0 0 0 0 0 2 0 0 0 0 0 2 0 2 0 0 0 2 2 2 0 2 2 2 0 0 0 0 2 2 0
107 2 2 2 2 2 2 2 2 2 2 2 2 2 2 2 2 2 2 2 2 2 2 2 2 2 2 2 2 2 2 2 2 2 2 2 1 2 2 2 2 2 2 2 0 2 2 2 2 2 2 2 2 2 2 2 2 2 2 2 2 2 2 2 2 0 2 2 2 2 2 0 2 2 2 2 2 2 2 2 2 0 2 2 2 2 2 2 2 0 2 2 2 2 2 2 2 2 2 2 2 2 2 2 2 2 2 2 2 2 2 2 2 2 2 2 2 2 2 2 2 2 2 2 0 2 2 2 2 2 2 2 2 2 2 2 2 2 2 2 2 2 0 2 2 2 2 2 2 1 2 2 2 2 2 2 2 0 0 2 2 2 2 0 2 2 2 2 1 2 2 2 2 2 2 2 2 2 2 2 2 2 2 2 2 0 2 2 2 2 2 2 2 2 2 2 2 2 2 0 2 2 2 2 2 2 0 2 0 2 2 2 2 2 2 2 2 2 2 2 2 2 2 2 2 2 2 2 2 2 2 2 2 2 2 2 2 2 2 2 2 2 0 2 2 2
108 2 0 2 2 0 2 2 2 2 2 2 2 0 2 2 2 2 2 2 2 2 2 2 2 2 2 2 2 2 2 2 2 0 2 2 2 2 0 2 2 2 2 2 2 2 2 2 2 2 2 2 2 2 2 2 2 2 0 2 2 2 2 2 2 2 0 0 2 2 0 2 2 2 2 2 2 2 2 2 2 2 2 0 2 2 2 2 0 2 2 2 2 0 2 2 0 2 2 2 2 2 2 0 2 2 2 2 2 2 0 2 2 2 2 2 2 2 2 2 0 2 2 2 2 2 2 2 2 2 2 2 0 2 0 2 2 0 2 2 2 2 2 2 2 2 2 2 2 2 2 2 2 2 2 2 2 2 2 2 2 2 2 2 2 2 2 2 2 2 2 2 2 2 2 2 2 2 2 2 2 2 2 2 2 2 2 2 2 2 2 1 2 0 2 2 2 2 2 2 2 2 2 2 2 2 2 2 2 2 2 2 2 2 2 2 2 2 2 2 2 2 2 2 2 2 0 2 2 2 2 2 2 2 2 2 2 2 2 2 2 2 2 2 2 2
109 2 2 2 2 2 2 2 2 2 2 2 2 2 2 2 2 2 2 2 2 2 2 2 2 2 2 0 2 2 2 2 2 2 2 2 1 2 2 2 2 2 2 2 2 2 2 2 2 2 2 2 2 0 2 2 2 0 2 2 2 2 2 2 2 2 2 2 2 2 2 2 2 2 0 2 2 2 2 2 2 2 2 2 2 2 0 2 2 2 2 2 2 2 2 2 2 2 2 2 2 2 0 2 2 2 2 2 2 2 2 2 2 2 2 2 2 2 2 2 2 2 2 2 2 2 2 2 2 2 2 2 2 2 2 2 0 2 2 2 2 2 2 0 2 2 2 2 2 2 2 2 0 2 2 2 2 2 2 2 2 2 2 2 2 2 0 2 2 2 2 2 2 2 2 2 2 2 2 2 2 2 2 2 0 2 2 2 2 2 2 2 2 2 2 2 0 2 2 2 2 2 2 2 0 2 2 2 2 2 2 2 2 2 2 2 2 2 2 2 2 2 2 2 2 2 2 2 2 2 2 2 2 2 2 2 2 2 2 2 2 2 2 2 2 2
110 2 2 2 2 2 2 2 2 2 2 2 2 2 2 2 2 2 2 2 0 0 2 0 2 2 2 0 2 2 2 2 2 2 2 2 0 2 2 2 2 2 2 2 0 2 2 2 2 0 2 2 2 0 2 0 0 0 2 2 0 2 2 0 2 2 2 2 2 2 2 2 2 2 0 2 2 2 2 2 2 2 2 2 2 2 0 2 2 0 2 2 2 2 2 2 2 2 2 2 2 2 0 2 2 2 2 0 0 2 2 2 2 2 2 0 2 2 0 2 2 2 0 0 0 2 2 2 0 2 2 2 2 2 2 2 0 2 2 0 2 2 2 0 2 0 2 2 0 1 2 2 0 2 0 0 0 2 0 2 2 2 2 2 2 2 0 2 2 2 2 2 2 2 2 2 0 2 0 2 2 2 2 0 0 0 2 2 2 0 2 2 2 2 2 2 0 2 2 2 2 2 2 0 0 2 2 2 2 2 2 2 0 2 0 2 2 0 2 2 2 2 2 2 2 2 2 2 0 2 0 2 2 2 0 0 2 2 2 2 0 2 2 2 2 2
111 0 0 0 0 0 0 0 0 0 0 0 0 0 0 0 2 0 0 0 0 0 0 0 0 0 2 0 0 0 0 0 0 0 0 0 0 0 0 0 0 0 0 2 0 0 0 0 0 0 0 0 0 2 0 0 0 0 0 0 0 0 0 0 0 0 0 0 0 0 0 0 2 0 2 0 0 0 0 0 0 0 0 0 2 0 0 0 0 2 0 0 0 0 0 0 0 0 0 0 0 0 0 0 0 2 0 0 0 0 0 0 0 0 0 0 0 0 0 0 0 2 0 0 0 0 0 0 0 0 0 0 0 2 0 0 0 0 0 0 0 0 0 0 0 0 0 0 0 0 2 2 0 0 0 0 2 0 0 0 0 0 0 0 0 0 0 0 0 0 0 0 0 0 0 0 2 0 0 0 0 0 0 0 0 0 0 0 0 0 0 0 0 0 2 0 0 0 0 0 0 0 0 0 2 0 0 2 0 0 0 0 0 0 0 2 0 0 0 2 0 0 0 0 0 0 0 0 0 0 0 0 2 0 0 0 0 0 0 0 0 0 0 0 0 0
112 0 0 0 0 0 2 2 0 0 0 2 0 0 0 2 2 0 0 0 0 0 0 2 0 2 0 0 0 0 0 2 0 0 2 2 0 2 0 2 0 0 0 0 0 0 0 0 0 0 0 2 0 0 2 2 2 0 0 0 0 0 0 2 2 2 0 0 2 2 0 0 0 2 0 0 0 0 0 2 0 0 0 0 2 0 0 0 0 0 2 0 2 0 2 0 0 2 0 0 0 0 0 0 0 1 2 2 0 0 2 0 2 2 0 0 2 2 0 2 0 2 0 2 0 2 2 0 2 0 2 2 0 0 0 0 0 0 2 0 0 0 0 0 0 2 2 0 0 1 0 0 0 2 2 2 0 2 2 1 0 2 2 0 0 0 2 2 1 0 0 2 0 0 2 2 2 0 2 0 0 2 0 2 0 0 2 2 2 2 0 0 2 0 0 0 0 0 2 0 2 0 0 2 2 0 0 2 0 0 0 2 2 0 2 2 0 2 2 2 2 2 2 2 2 2 0 2 0 0 2 0 2 0 2 2 2 0 0 2 2 2 0 0 0 0
113 0 0 0 2 0 0 0 0 2 0 2 2 0 0 0 0 0 2 0 2 0 0 0 0 0 0 0 0 2 0 2 0 0 0 2 0 0 0 0 0 0 0 0 0 0 0 2 0 0 0 0 0 0 0 0 0 0 0 0 2 0 0 0 0 0 0 0 0 0 0 0 2 0 0 0 0 0 2 0 0 0 0 0 0 0 0 0 0 0 2 0 0 0 2 0 0 0 0 0 0 0 0 0 0 1 0 0 2 0 0 0 0 2 0 0 0 0 0 0 0 0 2 2 0 0 0 2 0 0 0 2 0 0 0 0 0 0 2 0 2 0 0 0 0 2 2 2 0 0 0 0 0 2 0 0 0 2 2 0 0 2 2 0 0 0 0 0 0 0 0 2 2 0 0 0 0 0 0 0 0 0 0 0 0 0 0 0 0 0 0 0 0 0 0 0 0 0 0 0 0 0 0 0 0 0 0 0 0 2 0 0 0 0 2 0 0 0 0 0 0 0 0 0 0 2 0 0 2 0 0 0 0 0 0 0 0 0 0 0 2 0 0 0 0 0
114 2 2 2 2 0 2 2 0 2 2 2 2 0 2 2 2 2 2 2 2 2 2 2 2 0 2 2 2 2 2 2 2 2 2 2 1 2 2 2 2 2 2 2 2 2 2 2 2 2 2 2 2 2 2 2 2 2 2 2 2 2 2 2 2 2 0 2 2 2 2 0 2 2 2 2 2 2 2 2 2 2 2 2 2 2 2 2 0 2 2 2 2 2 2 0 2 0 2 0 2 0 2 2 2 2 2 2 2 2 2 2 2 2 2 2 2 2 2 2 2 2 2 2 2 2 2 2 2 2 2 2 2 2 2 2 2 2 2 0 2 2 2 2 2 2 2 2 2 1 2 2 2 2 2 0 2 2 2 2 2 2 2 2 2 2 2 2 1 2 2 2 2 2 2 2 2 2 2 2 2 2 2 2 2 2 0 2 2 2 2 2 2 0 2 2 2 0 2 2 2 2 2 0 2 2 2 2 2 2 2 2 2 2 2 2 2 0 2 2 2 0 2 2 2 2 2 2 2 2 2 2 2 2 2 2 2 2 2 2 2 2 2 2 2 2
115 2 2 2 2 2 0 2 2 2 2 2 2 2 2 0 2 2 2 2 2 2 2 2 2 2 2 2 2 2 2 2 2 0 0 0 2 2 2 2 2 2 2 2 2 2 2 2 2 2 2 2 2 2 2 2 2 2 2 2 2 2 2 2 2 2 2 2 2 2 2 2 2 0 2 2 2 2 2 2 2 2 2 2 2 2 2 2 2 0 0 2 2 2 2 2 0 2 2 2 2 2 2 2 2 2 2 2 2 2 2 2 2 2 2 2 2 0 2 2 0 2 2 2 2 2 2 2 2 2 2 2 2 2 0 2 2 2 2 2 2 2 2 2 2 2 2 2 2 0 1 2 2 2 2 2 2 2 2 1 2 2 2 2 2 2 2 2 2 2 2 2 2 2 2 2 2 2 2 2 2 2 2 0 2 2 2 2 2 2 2 1 2 2 2 2 2 2 2 2 2 2 2 2 2 2 2 2 2 2 2 2 2 2 2 2 2 2 2 2 2 2 2 2 2 2 2 2 2 2 2 2 2 2 2 2 2 2 2 2 2 0 2 2 2 2
116 2 2 0 2 2 0 2 2 0 2 2 2 2 0 0 2 2 0 0 2 2 2 2 0 2 2 0 2 0 0 2 2 2 0 0 1 2 2 0 0 0 0 2 2 2 0 0 0 2 0 0 0 0 2 2 2 2 2 0 0 2 2 0 0 0 2 2 0 0 2 2 0 2 0 2 0 0 2 2 2 2 0 2 2 2 2 0 2 0 0 2 0 2 0 2 2 2 2 2 0 2 0 2 0 0 2 0 0 0 2 0 0 0 0 2 0 0 2 2 2 2 0 2 2 2 2 2 0 0 2 2 2 2 2 2 2 2 2 2 0 0 0 2 0 2 2 2 2 1 2 2 0 0 2 2 2 0 0 1 2 0 0 2 0 2 2 2 1 0 2 2 0 2 0 2 2 0 2 2 2 2 2 0 0 0 0 2 2 2 2 2 2 2 2 2 2 2 2 0 0 2 2 0 2 2 2 2 0 0 0 0 2 0 2 2 0 0 2 2 0 0 2 0 2 0 2 2 2 2 0 2 2 2 2 2 0 2 2 2 2 0 2 0 0 0
117 2 2 0 2 2 0 2 2 0 2 2 2 2 0 0 2 0 2 2 0 2 2 2 0 2 2 0 2 2 2 2 2 2 0 2 1 2 2 2 0 0 2 2 2 2 0 2 2 0 2 0 2 2 0 2 2 2 2 0 2 2 0 0 0 2 2 2 2 0 0 2 2 0 2 0 2 0 2 0 2 2 0 2 0 0 0 0 2 2 2 2 2 2 0 2 2 2 2 2 0 0 2 2 0 2 2 2 0 0 2 2 0 0 0 0 2 0 2 2 2 0 0 0 2 2 2 2 0 0 2 2 2 2 2 2 0 2 0 0 2 2 0 0 2 0 0 0 0 1 2 2 2 0 0 0 2 0 0 1 0 0 0 2 2 0 0 0 1 2 0 0 2 0 2 0 2 2 0 0 2 2 2 2 0 0 0 0 0 0 2 2 2 2 2 0 0 0 0 0 2 0 0 2 0 2 0 0 0 2 0 2 2 0 0 0 0 2 2 0 0 2 2 2 2 0 2 2 0 0 2 2 2 2 0 2 2 2 2 2 2 0 2 0 0 2
118 2 0 2 2 0 2 0 2 2 2 2 2 0 2 2 2 2 2 2 2 2 2 2 2 0 2 2 2 2 2 2 2 2 2 2 1 0 0 2 2 2 2 2 2 2 2 2 2 2 2 2 2 0 2 2 2 2 0 2 2 2 2 2 2 0 0 0 0 2 2 2 2 2 0 2 2 2 2 2 2 0 2 0 2 2 2 2 0 2 2 2 2 0 2 2 2 0 2 2 2 2 2 0 2 1 2 2 2 2 0 2 2 2 2 2 2 2 2 0 2 2 2 0 2 2 0 2 2 2 2 2 2 2 2 2 2 2 2 2 2 2 2 2 2 2 2 2 2 1 2 0 2 2 2 2 2 2 2 2 2 2 2 2 2 2 2 2 1 0 2 2 2 2 2 2 2 0 2 2 2 0 2 0 2 2 2 2 2 2 2 2 0 0 2 2 2 2 2 2 2 2 2 2 2 2 2 2 2 2 2 2 0 2 2 2 2 2 2 2 2 0 2 0 0 2 0 0 2 2 2 2 2 2 2 0 2 2 2 0 2 2 0 2 2 2
119 0 2 2 2 2 2 0 2 2 0 2 0 2 2 2 0 2 2 2 2 2 2 0 2 0 0 2 2 2 2 2 2 0 2 2 1 0 2 2 2 2 2 2 2 0 2 2 2 2 0 0 2 2 2 0 0 2 2 2 2 2 2 2 2 2 2 2 2 2 2 2 2 0 2 2 2 2 0 2 2 0 2 2 0 2 2 2 2 2 2 2 2 2 0 2 0 0 0 2 2 2 2 2 0 2 0 2 0 2 0 2 2 0 2 2 2 2 2 2 0 2 2 2 2 2 0 2 2 2 2 2 0 0 0 2 2 0 2 0 2 2 2 2 0 0 2 2 2 1 2 0 2 2 2 0 2 2 2 1 0 2 0 0 2 2 2 2 2 2 0 2 0 2 0 2 2 2 2 0 0 2 2 0 2 2 2 0 0 2 0 0 2 2 2 2 2 0 0 2 2 0 0 0 2 2 2 0 2 2 2 2 2 2 0 0 2 0 0 2 2 2 0 2 0 0 2 2 2 0 2 0 2 0 2 2 0 2 0 2 2 2 2 0 2 2
120 0 2 2 2 2 2 0 2 2 0 2 0 2 2 2 0 2 2 2 2 2 2 0 2 0 0 2 2 2 2 2 2 0 2 2 1 0 2 2 0 2 2 2 2 0 2 2 2 2 0 0 2 2 2 0 0 2 2 2 2 2 2 2 2 2 2 2 2 2 2 2 2 0 2 2 2 2 0 2 2 0 2 2 0 2 2 2 2 2 2 2 2 2 0 2 0 0 0 2 2 2 2 2 0 2 0 2 0 2 0 2 2 0 2 2 2 2 2 2 0 2 2 2 2 2 0 2 2 2 2 2 0 0 0 2 2 0 2 0 2 2 2 2 0 0 2 2 2 1 2 0 2 2 2 0 2 2 2 1 2 2 0 0 2 2 2 2 1 2 2 2 0 2 0 2 2 2 2 2 0 2 2 0 2 2 2 0 0 2 0 0 2 2 2 2 2 0 0 2 2 0 2 0 2 2 2 0 2 2 2 2 2 2 0 0 2 0 0 2 2 2 0 2 0 0 2 2 2 0 2 0 2 0 2 2 0 2 0 2 2 2 2 0 2 2
121 0 2 2 2 2 0 2 2 2 0 2 2 2 2 0 2 2 2 2 2 2 2 2 2 2 2 2 2 2 2 2 2 2 0 2 2 2 2 2 2 2 2 2 2 0 2 2 2 2 2 2 2 2 2 2 2 2 2 2 0 2 0 2 0 2 2 2 2 0 2 2 2 2 2 2 2 2 2 2 2 2 2 2 2 2 2 2 2 2 2 2 2 2 2 2 2 2 2 2 2 2 2 2 2 2 0 2 2 2 2 2 2 2 2 0 2 0 2 2 2 2 2 2 2 2 2 2 2 2 2 2 2 2 2 2 2 2 2 2 2 2 2 2 2 2 2 2 2 1 2 2 2 2 2 2 2 2 0 2 2 2 2 2 2 2 0 2 1 2 2 2 2 2 2 2 2 2 2 2 0 2 2 2 2 2 2 0 2 0 0 1 2 2 2 0 2 2 0 2 2 0 2 2 2 2 2 2 2 2 2 2 2 2 2 2 2 2 2 2 0 2 2 2 2 2 2 2 0 2 2 2 2 0 0 2 2 2 0 2 2 0 2 2 0 2
122 2 0 0 2 0 0 0 2 2 2 0 2 0 2 0 2 2 2 2 2 2 2 0 2 2 2 2 2 2 2 0 2 0 0 0 1 0 0 2 0 0 2 2 2 2 0 2 2 2 2 0 0 0 0 0 0 0 0 0 0 0 2 2 2 0 0 0 0 0 0 2 2 2 0 2 2 0 2 2 0 0 2 2 2 2 0 0 0 0 0 2 2 0 2 2 0 2 2 2 0 2 0 0 2 2 2 2 2 0 0 2 2 2 2 2 2 0 2 0 0 0 2 2 2 0 0 2 0 2 2 2 2 2 0 0 0 2 2 2 2 2 2 0 0 2 0 2 0 0 0 0 2 0 2 0 2 0 2 1 2 2 0 0 2 2 0 2 1 2 2 0 2 2 2 2 2 2 2 2 2 2 0 0 2 2 0 0 0 0 2 1 2 0 0 2 0 0 2 0 2 2 2 0 0 0 2 2 0 2 0 2 2 0 2 2 2 0 2 2 2 2 2 0 2 0 2 2 2 2 2 0 2 2 0 2 2 2 2 0 1 0 0 2 0 2
123 2 2 2 2 2 0 2 2 2 2 2 2 2 2 0 2 2 2 2 2 2 2 2 2 2 2 2 2 2 2 1 2 2 0 0 2 2 2 2 2 2 2 2 0 2 2 0 2 2 2 2 2 2 0 2 2 0 2 2 2 2 2 2 2 2 2 2 2 0 2 2 2 2 2 2 2 2 2 2 2 2 2 2 2 2 2 2 2 0 0 2 2 2 2 2 2 2 2 2 2 2 2 2 2 1 2 2 2 2 1 2 2 2 2 2 2 0 0 2 2 2 2 2 0 2 2 2 2 0 2 0 2 2 2 2 2 2 2 2 2 2 2 2 2 2 2 2 0 1 2 2 2 0 2 2 2 2 2 2 2 2 2 2 2 2 2 2 2 2 2 2 2 2 0 2 2 2 2 2 2 2 2 2 2 0 2 2 2 2 2 2 2 2 2 2 2 2 2 2 0 2 2 2 2 2 2 2 2 0 2 2 2 2 2 2 2 2 2 2 2 2 2 2 2 2 2 2 2 2 2 2 2 2 2 2 2 2 2 2 2 0 2 2 2 2
124 2 2 0 2 0 2 0 2 2 2 2 2 0 0 2 2 2 2 0 2 2 2 2 0 2 2 2 2 2 0 2 2 2 2 2 2 2 2 2 2 2 2 2 0 2 0 2 2 2 2 2 2 0 2 2 2 2 2 0 2 2 2 2 2 2 0 2 2 2 2 2 2 2 0 2 0 0 2 2 2 2 2 2 2 2 2 0 2 2 2 2 2 2 2 2 2 2 2 2 0 2 2 2 2 1 2 2 2 2 2 2 2 2 0 2 2 2 0 2 2 2 2 0 0 2 0 0 2 2 2 2 2 2 2 2 2 2 2 2 2 2 2 2 2 0 2 2 2 2 2 2 2 2 2 2 2 0 2 2 0 0 2 2 2 2 2 2 2 2 0 2 2 2 2 2 2 0 2 0 2 2 2 2 2 2 0 2 2 2 2 2 2 2 2 2 2 2 2 2 0 2 2 2 2 2 2 2 2 2 2 0 2 0 0 2 2 2 1 2 2 0 2 2 2 2 2 2 2 2 0 2 2 2 2 2 2 2 2 2 2 2 2 2 2 2
125 2 2 2 2 2 0 2 2 2 2 2 2 2 2 0 2 2 2 2 2 2 2 2 2 2 2 2 2 2 2 2 2 2 0 0 2 2 2 2 2 2 2 2 2 2 2 2 2 2 2 2 2 2 2 2 2 2 2 2 2 2 2 2 2 2 2 2 2 2 2 2 2 2 2 2 2 2 2 2 2 0 2 2 2 2 2 2 2 2 0 2 2 2 2 2 2 2 2 2 2 2 2 2 2 2 0 2 2 2 2 2 2 2 2 2 2 0 2 2 2 2 2 2 2 2 2 2 2 2 0 2 2 2 2 2 2 0 2 2 2 2 2 2 2 2 0 2 2 1 2 2 2 2 2 2 2 2 0 2 2 2 0 2 2 2 2 2 2 2 2 0 2 2 2 2 0 2 2 2 2 2 2 2 2 2 2 2 2 2 2 2 2 2 2 2 2 2 2 2 2 0 2 0 2 2 2 2 2 2 2 2 2 2 2 2 2 0 2 2 2 2 2 2 2 0 2 2 2 2 2 2 0 2 2 2 2 2 2 2 1 0 2 2 2 2
126 2 0 2 0 2 2 0 2 0 2 0 0 2 2 2 0 0 0 2 2 0 0 2 2 2 0 0 0 0 2 0 0 2 2 2 2 2 0 0 0 2 2 0 0 2 2 0 2 2 2 0 0 2 0 2 2 0 0 2 0 0 2 0 2 0 2 0 0 0 0 0 0 2 2 0 2 2 0 0 0 2 0 2 0 0 0 2 2 0 2 0 0 2 2 2 2 2 0 2 2 0 0 0 0 0 2 0 2 2 0 2 2 0 2 0 2 2 0 2 2 2 2 0 0 2 0 0 0 0 2 0 0 0 2 0 0 2 0 0 0 2 0 0 2 2 2 0 0 2 0 0 0 0 0 2 0 0 2 2 2 0 2 2 0 0 0 0 2 0 2 2 2 0 0 0 2 0 0 2 2 0 0 2 0 0 0 2 0 0 2 2 0 2 0 0 0 0 2 0 0 2 0 2 0 0 0 2 0 0 0 0 2 2 2 0 0 2 1 2 2 2 2 0 0 2 2 0 0 0 0 0 2 2 0 2 2 0 2 2 1 2 0 0 0 0
127 2 2 0 2 2 2 2 2 2 2 2 2 2 2 2 2 2 2 0 2 2 2 2 2 2 2 2 2 2 0 2 2 2 2 2 2 2 2 2 2 0 2 2 2 2 0 2 2 2 0 2 2 2 2 2 2 2 2 0 2 2 2 2 2 2 2 2 0 2 2 2 2 2 2 2 0 0 2 2 2 2 2 2 2 2 2 0 2 2 2 2 2 2 2 2 2 2 2 2 0 2 2 2 2 2 2 2 2 2 2 2 2 2 2 2 0 2 2 2 2 2 2 2 2 2 2 2 2 2 2 2 2 2 2 2 2 2 2 0 2 2 2 2 2 2 2 2 2 2 2 2 2 2 2 2 2 2 2 2 2 2 2 2 2 2 2 2 2 0 2 2 0 2 2 2 2 2 2 2 2 2 2 2 2 2 2 2 2 2 2 2 2 2 2 2 2 2 2 2 2 2 2 2 2 2 2 2 2 2 2 2 2 0 2 2 0 2 1 2 2 2 2 0 2 2 2 2 2 2 2 2 2 2 2 2 2 2 2 2 2 2 2 2 2 2
128 2 2 0 2 2 2 2 2 2 2 2 2 2 2 2 2 2 2 0 2 2 2 2 2 2 2 2 2 2 0 2 2 2 2 2 2 2 2 2 2 2 2 2 2 2 0 2 2 2 2 2 2 2 2 2 2 2 2 0 2 2 2 2 2 2 2 2 0 2 2 2 2 2 2 2 0 0 2 2 2 2 2 2 2 2 2 0 2 2 2 2 2 2 2 2 2 2 2 2 0 2 2 2 2 2 2 2 2 2 2 2 2 2 2 2 0 2 2 2 2 2 2 2 2 2 2 2 2 2 2 2 2 2 2 2 2 2 2 0 2 2 2 2 2 2 2 2 2 2 2 2 2 2 2 2 2 2 2 2 2 2 2 2 2 2 2 2 2 0 2 2 0 2 2 2 2 2 2 2 2 2 2 2 2 2 2 2 2 2 2 2 2 2 2 2 2 2 2 2 2 2 2 2 2 2 2 2 2 2 2 2 2 0 2 2 0 2 1 2 2 2 2 0 2 2 2 2 2 2 2 2 2 2 2 2 2 2 2 2 2 2 2 2 2 2
129 2 2 0 2 0 2 2 0 0 2 2 2 0 2 2 2 2 0 0 2 2 2 0 2 0 2 2 2 0 0 2 2 0 2 2 1 0 2 2 2 2 0 2 2 2 0 2 0 0 2 0 2 2 2 0 0 2 2 0 2 0 2 0 2 2 0 2 2 2 2 2 2 0 2 2 0 0 2 0 2 2 2 0 0 2 2 0 0 2 2 2 2 2 0 2 0 0 2 0 0 2 2 2 2 2 0 2 0 0 2 0 0 2 2 2 2 2 2 2 0 2 2 2 2 2 2 2 0 2 2 2 2 2 0 2 2 0 2 2 2 0 2 2 0 2 2 2 2 1 2 0 2 2 2 2 2 2 0 0 2 2 0 0 2 2 2 2 1 2 2 0 0 2 0 2 2 2 2 2 0 0 2 0 2 2 0 0 2 2 2 2 2 0 2 2 2 0 2 2 2 0 2 2 2 2 2 0 2 2 2 2 0 0 2 2 2 2 2 0 2 2 2 2 0 0 0 2 2 0 2 2 2 0 2 0 2 2 0 2 1 2 2 2 2 2
130 0 0 0 0 2 0 0 0 2 0 0 0 2 0 0 0 2 0 0 2 2 0 0 0 2 0 2 0 0 0 0 0 2 0 0 2 2 0 2 0 2 0 0 2 0 0 0 0 2 2 0 0 0 0 0 0 0 0 0 0 0 2 2 2 2 2 0 0 0 0 0 0 2 0 2 0 0 0 2 0 0 0 2 0 2 0 0 2 2 0 0 2 2 0 0 2 2 0 0 0 0 0 0 0 1 2 0 0 2 0 0 2 0 0 0 0 0 2 0 2 0 0 2 2 0 0 0 0 0 2 0 0 0 2 0 2 2 2 0 2 0 0 2 2 0 0 0 0 1 0 2 0 0 0 0 2 0 2 2 0 0 0 0 0 0 2 0 2 0 0 0 2 2 0 0 2 0 0 0 0 2 0 2 2 0 2 2 0 0 0 1 2 2 2 0 2 2 0 2 2 2 2 0 0 0 0 2 2 0 0 0 2 0 0 0 0 0 1 2 2 0 0 0 2 0 2 2 0 2 0 2 2 0 0 2 2 0 0 0 1 0 0 2 0 0
131 2 2 2 2 2 0 2 2 2 2 2 2 2 2 0 2 2 2 2 2 2 2 2 2 2 0 2 2 2 2 2 2 2 0 0 2 2 2 2 2 2 2 2 2 2 2 2 2 2 2 2 2 0 2 2 2 2 2 2 2 2 2 2 2 2 2 2 0 2 0 2 2 2 0 2 2 2 2 2 0 2 0 2 2 2 2 2 2 2 0 0 2 2 2 2 2 2 2 2 2 2 2 2 2 2 2 2 2 2 2 2 2 2 2 2 2 0 2 0 2 0 2 2 2 2 2 2 2 0 2 2 2 2 2 0 2 2 2 0 2 2 2 2 2 2 2 2 2 1 2 2 0 2 2 0 2 2 2 2 2 2 2 2 2 2 2 0 2 0 2 2 2 2 2 0 2 0 2 2 2 2 2 2 2 2 2 2 2 2 2 2 2 2 2 2 2 2 2 2 2 2 2 0 2 0 2 2 2 2 2 2 2 2 2 2 0 0 2 2 2 2 2 0 2 2 2 2 2 2 2 2 2 2 2 2 2 2 2 0 1 0 2 2 2 2
132 2 2 2 2 2 2 2 2 2 2 2 2 2 2 2 2 0 2 2 2 2 2 2 2 2 2 2 2 2 2 2 2 2 2 2 2 2 2 2 2 2 2 2 2 2 2 2 2 2 2 2 2 2 0 2 2 0 2 2 2 2 2 2 2 2 2 2 2 2 2 2 2 2 2 0 2 2 2 2 2 2 2 2 2 2 0 2 2 2 2 2 2 2 2 2 2 2 2 2 2 2 2 2 2 2 2 2 2 2 2 2 2 2 2 2 2 2 2 2 2 2 2 2 2 2 2 2 2 2 2 2 2 2 2 2 0 2 2 2 0 2 2 2 2 2 2 2 2 2 2 2 2 2 2 2 2 2 2 2 2 2 2 2 2 2 2 2 2 2 2 2 2 0 2 2 2 2 2 2 2 2 2 2 2 2 2 2 2 2 2 2 0 2 2 2 0 2 2 2 2 2 0 2 2 2 2 2 2 2 2 2 2 2 2 2 2 2 2 2 2 2 2 2 2 2 2 0 0 2 2 0 2 2 2 2 2 2 2 2 2 2 2 2 2 2
133 2 2 0 2 2 2 2 2 0 2 2 2 2 2 2 2 0 2 2 0 2 2 2 2 2 2 0 2 2 2 0 0 2 2 2 1 2 2 0 0 2 2 0 2 2 0 0 2 0 2 2 0 2 0 2 2 2 2 0 2 2 2 2 2 2 2 2 2 0 2 0 2 2 2 0 2 0 2 2 2 2 2 2 0 2 0 0 2 2 2 0 0 0 2 0 2 2 2 2 0 0 0 2 2 1 2 0 2 2 2 2 2 2 2 2 2 2 2 2 2 2 0 0 2 2 2 2 2 0 0 0 2 0 2 0 0 2 2 2 0 2 0 0 2 2 0 0 2 2 0 2 0 2 0 2 0 2 2 2 2 0 2 2 0 0 0 0 2 2 2 1 0 0 2 2 0 2 0 2 2 2 2 2 0 2 2 2 2 0 2 2 0 2 0 0 0 2 0 2 2 2 0 2 2 0 0 2 2 0 2 2 2 0 2 2 2 2 2 2 2 2 2 2 2 2 2 0 0 2 0 0 2 2 0 2 2 0 2 2 2 2 0 2 0 0
134 2 2 0 2 2 2 2 2 2 2 2 2 2 2 2 2 2 2 2 2 2 2 2 2 2 0 2 2 2 2 2 2 2 2 2 0 0 2 2 0 2 2 2 2 2 0 2 2 2 2 2 2 0 2 2 2 0 2 0 0 2 2 2 2 0 2 2 0 0 0 2 2 2 0 2 2 0 2 0 2 2 2 2 2 2 2 0 2 2 2 2 2 2 2 2 2 2 2 2 0 2 0 2 2 2 0 2 2 2 2 2 2 2 2 2 2 2 0 2 2 0 2 2 2 2 2 2 2 2 2 2 0 0 2 2 2 2 0 0 2 2 2 2 2 2 2 2 2 2 2 2 0 2 2 0 2 2 2 2 2 0 2 0 2 2 2 0 2 0 2 2 2 2 2 0 2 0 2 2 2 2 2 2 2 2 2 2 2 2 2 2 2 2 2 2 2 2 2 2 2 0 2 2 2 2 2 2 2 2 0 2 2 0 2 2 0 2 1 2 2 2 0 0 2 2 2 2 2 0 2 0 0 2 2 2 2 2 2 2 2 2 2 2 2 2
135 0 0 0 0 2 0 0 0 0 0 2 0 2 2 0 2 0 1 0 0 2 2 2 2 2 0 0 2 2 0 2 2 0 0 0 1 2 0 0 0 0 0 0 0 0 0 0 0 2 0 2 0 0 0 2 2 0 0 0 2 0 2 0 2 0 2 0 0 2 2 0 0 2 0 0 0 0 0 0 0 0 0 2 2 2 0 0 0 0 0 0 0 0 2 2 0 2 0 0 0 0 2 0 0 0 2 0 2 2 0 0 2 2 2 0 2 0 0 2 0 2 2 0 0 0 0 2 0 0 2 0 2 2 0 0 0 2 0 0 0 0 0 0 2 0 2 0 2 1 0 2 0 0 0 2 1 0 0 1 2 0 2 0 0 0 0 0 2 0 2 2 0 0 0 0 0 0 0 2 0 0 0 2 0 2 0 0 2 0 0 0 0 0 0 2 0 0 2 0 0 2 0 0 2 0 0 2 0 0 2 0 2 0 0 2 0 0 0 2 2 0 0 0 2 2 2 0 0 0 0 0 0 0 2 2 2 0 0 2 1 0 0 0 0 0
136 0 0 0 0 0 0 0 0 0 0 0 0 0 0 0 0 2 0 0 0 0 0 0 0 0 0 2 0 0 0 0 0 0 0 0 1 0 0 0 0 0 0 0 0 0 0 0 0 0 0 0 0 0 0 0 0 0 0 0 0 0 0 0 0 0 0 0 0 0 0 0 0 2 0 2 0 0 0 0 0 2 0 0 2 0 2 0 0 0 0 0 0 0 0 0 0 0 0 0 0 2 0 0 0 0 0 2 0 0 0 0 0 0 0 0 0 0 0 0 0 0 0 0 0 0 0 0 0 0 0 0 0 0 0 0 2 0 2 0 2 0 0 2 0 0 0 0 0 0 0 0 0 0 2 0 0 0 0 0 0 2 0 0 2 2 2 2 0 0 0 0 2 2 0 2 0 0 2 0 0 2 0 0 2 0 2 0 0 2 0 0 0 0 2 0 2 0 0 0 0 0 2 0 0 0 2 2 0 0 0 0 0 0 0 0 0 0 1 0 0 0 0 0 0 0 0 0 0 0 0 2 0 0 0 0 0 0 0 0 0 0 2 0 0 2
137 0 2 0 0 0 0 0 2 0 0 2 0 0 2 2 2 0 0 2 2 0 0 0 2 0 2 0 0 0 2 0 0 0 2 2 0 0 2 2 0 0 0 0 0 0 0 0 0 0 2 2 0 0 2 0 0 0 2 0 0 0 0 0 0 2 0 2 0 0 0 0 2 0 0 0 2 0 0 0 0 0 0 2 0 0 0 0 0 0 2 2 2 0 0 0 1 0 0 2 0 2 2 2 0 0 0 0 0 0 0 0 2 0 2 1 0 0 0 2 0 0 0 0 0 0 0 0 0 0 0 0 0 2 0 0 0 0 2 0 0 0 2 0 0 0 0 0 0 1 0 0 0 0 2 0 2 0 0 0 2 0 0 0 2 0 0 2 0 0 2 0 0 0 0 2 0 0 2 2 0 0 0 0 0 0 0 0 2 0 2 1 0 0 2 2 0 0 0 2 0 0 0 0 0 0 0 0 2 0 0 0 0 0 0 0 0 0 1 0 0 0 2 0 2 0 2 0 0 0 2 0 0 0 2 0 0 0 0 2 1 0 2 0 2 2
138 2 2 2 2 2 2 2 2 2 2 2 2 2 2 2 2 2 2 2 2 2 2 2 2 2 2 2 2 2 2 2 2 2 2 2 2 2 2 2 2 2 2 2 2 2 2 2 2 2 2 2 2 2 0 2 2 2 2 2 2 2 2 2 2 0 2 2 2 2 2 2 2 2 2 2 2 2 2 2 2 2 2 2 2 2 0 2 2 2 2 0 2 2 2 2 2 2 2 2 2 2 0 2 2 2 2 2 2 2 2 2 2 2 2 2 2 2 0 2 2 2 2 2 2 2 2 2 2 2 2 2 2 0 2 2 2 2 2 2 0 2 2 2 2 2 2 2 2 2 2 2 2 2 0 2 2 2 2 2 2 2 2 2 0 0 2 2 2 2 2 2 2 0 2 2 2 2 0 2 2 2 2 2 2 2 2 2 2 2 2 2 2 2 2 0 2 2 2 2 2 2 0 2 2 2 2 2 2 2 2 2 2 2 2 2 2 2 2 2 2 2 2 2 2 2 2 2 2 2 0 2 2 2 0 2 2 2 2 2 2 2 2 2 0 0
139 2 2 2 2 2 2 2 2 2 2 2 2 2 2 1 2 2 2 2 2 2 2 2 2 0 2 2 2 2 2 2 2 2 2 2 2 2 2 2 0 2 2 2 2 2 2 2 2 2 2 2 2 2 2 2 2 2 2 2 2 2 2 2 2 2 2 2 2 2 2 2 2 2 2 2 2 2 2 2 0 2 2 2 2 2 2 2 0 2 2 2 2 2 2 2 2 0 0 2 2 2 2 2 2 2 2 2 2 2 2 0 2 2 2 2 2 2 2 2 2 2 2 2 2 2 2 2 2 2 2 2 2 2 2 2 2 0 2 2 2 2 2 2 2 2 2 2 2 1 0 2 0 2 2 2 0 2 0 2 2 0 2 2 2 2 2 2 2 2 2 2 2 2 2 2 2 2 2 2 2 2 0 2 2 0 2 2 2 2 2 2 2 0 2 2 2 2 2 2 2 2 2 2 2 2 2 2 2 2 2 2 2 2 2 2 2 2 1 2 2 2 2 2 2 2 2 2 2 2 0 2 1 2 2 2 2 2 2 2 2 2 2 2 2 2
140 2 2 2 2 2 2 2 2 2 2 2 2 2 2 2 2 2 0 2 2 0 0 2 2 2 2 2 0 0 2 2 0 2 2 2 2 2 2 2 2 2 2 2 2 2 2 2 2 0 2 0 2 2 2 2 2 2 2 2 0 0 0 2 2 2 2 2 2 2 2 2 2 2 2 2 2 2 2 2 2 2 2 2 2 2 2 2 2 2 2 2 2 2 2 2 2 2 2 2 2 2 2 2 2 2 2 2 2 2 2 2 2 2 2 2 2 2 2 2 2 2 2 2 2 2 2 2 2 2 2 2 2 2 2 2 2 2 0 2 2 2 2 2 2 2 0 2 2 2 2 2 2 2 2 2 2 2 2 2 2 2 2 2 2 2 2 2 2 2 2 0 2 2 2 2 2 2 2 2 2 2 2 2 2 2 2 2 2 2 2 2 2 2 0 2 2 2 2 2 2 2 2 2 2 2 2 2 2 2 2 2 2 2 2 2 2 2 2 2 2 2 2 2 2 2 2 2 2 2 2 2 2 2 2 2 2 2 2 2 2 2 2 2 2 2
141 2 2 2 2 2 2 2 2 2 2 2 2 2 2 2 2 2 2 2 2 2 2 2 2 0 2 2 2 2 2 2 2 2 2 2 2 2 2 2 2 2 2 2 0 2 2 2 2 2 2 2 2 2 2 2 2 2 2 2 2 2 2 2 2 0 2 2 0 2 2 2 2 2 2 2 2 2 2 2 2 2 0 2 2 2 2 2 2 2 2 2 2 0 2 2 2 0 2 2 2 2 2 2 2 2 2 2 2 2 2 2 0 2 2 2 2 2 2 2 2 2 2 2 0 2 2 2 2 2 2 2 2 2 2 2 2 2 2 0 2 2 2 2 2 2 2 2 2 2 2 2 2 2 2 2 2 2 2 2 2 2 2 2 2 2 2 2 2 2 2 2 2 2 2 2 2 0 2 2 2 0 2 2 2 2 2 2 2 2 2 2 0 2 2 2 2 2 2 2 1 2 2 2 2 2 2 2 2 2 2 2 2 2 2 2 0 2 2 2 2 2 2 0 2 2 2 0 2 2 2 2 2 2 2 2 0 2 2 2 2 2 2 2 2 2
142 2 2 2 2 2 2 2 2 2 2 2 2 2 2 0 2 2 2 2 2 2 2 2 2 2 2 2 2 2 2 2 2 2 2 2 2 2 2 2 2 2 2 2 2 2 2 2 2 2 2 2 2 2 2 2 2 0 2 2 2 2 2 2 2 0 2 2 2 2 2 2 2 2 2 2 2 2 2 0 0 2 2 2 2 2 2 2 2 2 2 2 2 2 2 2 2 2 2 2 2 2 2 2 2 2 2 2 2 0 0 2 2 2 2 2 2 2 2 0 2 2 2 2 2 2 2 2 2 2 0 2 2 2 2 2 2 0 2 2 2 2 2 2 2 2 2 2 2 1 2 2 0 2 2 2 0 2 0 2 2 0 2 2 2 2 2 2 2 2 2 2 2 2 2 2 2 2 2 2 2 2 2 2 2 2 2 2 2 2 2 2 2 2 2 2 2 0 2 2 2 2 2 2 2 2 2 2 2 2 2 2 2 2 2 2 2 2 2 2 2 2 2 2 2 2 2 2 2 2 0 2 2 2 2 2 2 2 2 0 2 2 2 2 2 2
143 2 2 2 2 2 2 2 2 0 2 0 2 2 2 0 2 2 0 2 2 2 2 2 2 2 2 2 2 0 2 0 2 2 2 2 2 2 2 0 2 2 2 2 2 2 2 2 2 2 2 2 2 2 2 2 2 2 2 2 2 2 2 2 2 2 2 2 2 2 2 2 2 2 2 2 2 2 2 2 2 2 2 0 2 0 2 2 2 0 2 2 0 0 2 2 2 2 2 2 2 2 2 2 2 2 2 2 2 2 2 2 0 2 2 2 2 2 2 2 2 2 2 2 2 2 2 2 2 2 2 2 2 2 2 2 2 0 0 2 2 2 2 2 2 2 0 2 2 1 2 2 2 2 2 2 2 0 0 2 2 2 2 2 2 2 2 2 2 0 2 0 2 2 2 2 2 2 2 2 2 2 2 2 2 2 2 2 2 2 2 2 2 2 2 2 2 2 2 2 2 2 2 2 2 2 2 2 2 2 2 2 2 2 2 2 2 2 2 2 2 2 2 2 2 2 0 2 2 2 2 2 2 2 2 2 2 2 2 2 2 2 2 2 2 2
144 0 0 0 0 2 0 0 0 0 0 0 0 2 0 0 0 0 0 0 0 0 2 0 0 0 0 0 2 0 0 2 2 0 0 0 0 0 0 0 0 0 0 0 0 0 0 0 0 0 2 0 0 0 0 0 0 2 0 0 2 0 2 0 2 0 2 0 0 2 0 0 0 0 0 0 0 0 0 0 0 0 2 0 0 2 0 0 0 0 0 0 0 0 0 0 0 0 0 0 0 0 0 0 0 0 0 0 0 0 0 0 0 0 0 0 0 0 0 0 0 0 0 0 0 0 0 0 0 0 0 0 0 0 0 0 0 0 0 0 0 0 0 0 0 0 0 0 0 0 0 2 0 0 0 2 0 0 0 0 0 0 0 0 0 0 0 0 1 0 0 0 0 0 0 0 0 2 0 0 0 0 0 0 0 0 0 0 0 0 0 0 0 0 0 0 0 0 0 0 0 0 0 0 0 0 0 0 0 0 0 0 0 0 0 0 2 0 0 2 2 0 0 0 2 0 0 0 0 2 0 0 0 0 0 0 0 0 0 0 0 0 0 2 0 0
145 2 2 2 2 2 0 0 0 2 2 2 2 2 2 0 2 0 2 2 2 2 2 2 2 2 2 0 2 2 2 2 2 2 0 0 2 2 2 2 2 2 2 2 2 2 2 2 2 2 2 2 2 2 2 2 2 2 2 2 2 2 2 0 2 2 2 2 0 2 2 2 2 2 2 0 2 2 2 2 2 0 2 2 2 2 0 2 2 0 0 0 2 2 2 0 2 2 2 0 2 2 0 2 2 1 2 0 2 0 2 2 2 0 2 0 2 0 2 2 2 2 2 2 2 2 0 2 0 0 2 2 2 0 2 2 0 0 2 2 0 2 0 0 2 2 0 2 0 1 2 2 0 2 0 2 0 0 0 2 2 0 2 2 0 0 0 2 2 2 2 0 0 0 0 2 0 2 0 2 2 0 2 0 0 0 2 0 2 0 0 1 0 2 2 0 0 0 2 0 0 2 0 2 0 2 0 0 0 2 2 2 2 2 2 2 2 2 2 2 2 2 2 0 2 2 2 0 0 2 0 0 2 2 0 2 2 2 2 2 0 0 0 2 0 0
146 0 0 0 0 0 2 2 0 0 0 0 0 0 0 2 0 0 0 2 0 0 0 2 0 2 2 2 0 0 2 0 0 2 2 2 1 2 0 2 0 2 0 1 0 0 0 0 0 0 0 0 0 0 0 2 2 0 0 0 0 0 0 2 2 0 0 0 0 0 2 0 0 0 0 0 2 0 0 2 0 0 2 2 2 2 2 0 2 2 2 2 2 2 0 2 2 0 0 0 0 2 2 0 0 2 0 2 0 2 0 2 2 0 0 0 0 2 2 2 2 2 0 2 0 2 2 0 0 2 0 2 2 2 2 0 2 2 0 0 2 0 0 2 2 2 2 0 2 1 2 0 0 0 2 2 0 2 2 2 0 0 0 0 2 2 2 2 1 2 0 0 2 2 0 2 2 2 2 0 0 0 2 0 2 2 2 0 0 2 0 1 0 2 2 0 2 0 0 2 1 2 2 0 0 0 0 2 2 0 0 2 0 0 2 0 0 0 1 2 2 2 0 0 2 0 2 0 0 2 2 2 0 0 0 0 2 0 0 2 2 2 2 0 2 2
147 2 2 2 2 2 2 2 2 2 2 2 2 2 2 2 2 2 2 2 2 2 2 2 2 2 2 2 2 2 2 2 2 2 0 0 1 2 2 2 2 2 2 2 1 2 2 2 2 2 2 2 2 2 2 2 2 2 2 2 2 2 2 2 2 2 2 2 2 2 2 2 2 2 2 2 2 2 2 2 2 2 2 2 2 2 2 2 2 2 0 2 2 2 2 2 2 0 2 2 2 2 2 2 2 2 2 2 2 2 0 2 2 2 2 2 2 2 2 0 2 2 2 2 2 2 2 2 2 2 0 2 2 2 2 2 2 2 2 2 2 2 2 2 2 2 2 2 2 2 2 0 2 2 2 0 2 2 2 2 2 2 2 2 2 2 2 2 2 2 2 2 2 2 2 2 2 2 2 2 2 0 2 2 2 2 0 2 2 2 2 2 0 2 0 2 2 2 0 2 2 2 2 0 2 2 2 0 2 2 2 2 2 2 2 2 2 0 1 2 2 2 2 2 0 2 2 0 2 2 2 2 2 2 2 2 2 2 2 0 2 2 2 2 2 2
148 2 2 2 2 0 2 2 2 2 2 0 2 0 2 0 2 0 2 0 2 2 2 2 2 0 2 0 2 2 0 2 2 2 0 0 1 0 2 2 0 2 2 2 2 2 2 2 2 2 2 0 2 0 0 2 2 2 2 2 0 2 2 2 2 2 0 2 2 2 0 2 2 2 0 0 0 2 2 0 2 2 2 2 2 2 0 2 2 2 0 0 2 2 2 2 2 0 2 2 2 0 0 2 2 2 0 2 2 0 2 2 2 2 2 2 2 2 2 2 2 0 2 0 2 2 2 0 0 2 2 2 0 0 2 0 2 0 2 0 2 2 0 0 2 2 2 2 2 1 2 2 2 2 2 2 2 2 0 2 2 2 2 2 0 0 2 2 2 2 2 2 0 0 2 2 0 2 2 2 2 2 2 0 0 0 2 2 2 0 2 1 2 2 0 2 0 2 2 0 2 0 0 2 2 0 0 2 0 2 0 2 2 2 2 0 2 2 0 0 2 2 0 2 2 2 2 2 0 0 2 0 2 2 0 2 2 2 2 2 0 2 0 2 0 2
149 0 2 2 0 0 2 2 2 0 0 2 0 0 2 0 2 0 0 0 0 0 2 2 2 0 0 0 2 0 0 0 2 0 0 0 1 2 2 0 2 0 0 0 2 0 2 0 0 2 2 0 0 2 2 2 2 2 2 2 0 2 0 0 2 2 0 2 2 2 0 0 0 0 2 0 0 2 0 2 2 2 2 2 2 0 2 2 0 0 0 2 0 2 2 2 0 0 0 2 2 2 0 2 2 2 2 2 0 2 0 0 2 0 0 2 2 2 0 2 0 0 0 0 2 2 2 2 2 2 2 0 0 0 0 0 2 0 0 0 2 0 2 0 0 0 0 0 2 1 0 2 2 0 2 2 0 2 0 0 0 0 2 0 2 2 2 2 2 0 0 2 0 2 0 2 2 0 2 0 0 2 0 0 0 2 0 0 0 2 2 2 2 0 0 2 2 0 0 2 2 2 2 2 2 0 2 2 2 0 0 2 2 2 0 0 2 2 2 0 2 0 2 2 2 2 0 2 2 0 2 0 2 0 0 2 0 0 0 2 2 2 0 0 2 2
150 2 2 0 0 2 2 2 0 0 2 2 0 2 2 2 0 2 2 2 2 0 2 2 2 0 2 2 2 2 2 2 2 2 0 0 2 2 2 2 0 0 2 0 2 2 0 0 2 2 0 2 0 0 0 2 2 0 2 0 0 0 0 2 0 2 2 2 2 2 0 0 0 0 0 2 2 0 0 2 2 2 2 2 2 2 2 0 2 0 0 0 2 2 2 0 2 2 2 0 0 0 2 2 2 2 2 2 2 0 0 2 2 0 2 2 2 2 0 2 2 0 0 0 2 2 2 2 0 0 2 0 2 0 2 2 2 2 0 0 2 2 2 2 0 0 2 0 0 1 2 0 0 2 2 0 0 0 2 0 2 0 0 0 2 2 2 0 0 2 2 0 2 2 0 0 2 0 2 2 2 2 2 0 2 0 0 2 0 2 2 1 2 2 2 2 2 0 0 0 2 2 2 0 0 2 2 0 0 0 2 2 2 0 0 0 0 0 2 2 0 0 2 2 2 0 2 2 2 2 0 0 0 2 0 2 2 2 2 2 0 2 2 0 0 2
151 2 2 2 2 2 2 2 0 2 2 2 2 2 2 2 2 2 2 2 2 2 2 2 2 2 2 2 2 2 2 2 2 2 2 2 2 2 2 2 2 2 2 2 2 2 2 0 2 2 2 2 2 2 2 2 2 2 2 2 2 2 2 2 2 2 2 2 2 2 2 2 2 2 2 2 2 2 2 2 2 2 2 2 2 2 2 2 2 2 2 2 2 2 2 2 2 2 2 0 2 0 2 2 2 2 2 0 2 2 2 2 2 2 2 2 2 2 2 2 2 2 2 2 2 2 2 2 2 2 0 2 2 2 2 2 2 2 2 2 0 2 0 2 0 2 2 2 0 2 2 2 0 2 0 2 0 2 2 0 2 2 2 2 0 0 2 2 2 2 2 2 2 2 2 2 2 2 0 2 2 2 2 2 2 2 2 2 2 0 2 2 2 2 2 0 2 2 2 2 2 2 0 2 2 2 0 2 2 0 2 2 2 2 2 2 2 2 2 2 2 2 2 2 2 2 2 2 0 2 2 2 2 2 0 2 0 2 2 2 2 2 2 2 2 0
152 2 2 2 2 2 0 0 2 2 2 2 2 2 2 2 0 0 0 0 2 0 2 0 2 2 2 0 2 0 0 2 2 0 0 0 2 2 2 0 2 2 2 2 2 2 2 2 0 2 2 2 2 0 2 0 0 0 2 2 2 2 0 2 2 2 2 2 0 0 0 2 2 2 0 0 0 2 2 2 0 2 2 2 0 2 2 2 0 2 0 2 0 2 2 2 0 0 0 2 2 2 0 2 2 2 0 2 2 2 0 0 2 2 0 0 2 0 2 0 0 2 2 2 2 0 0 2 2 2 2 2 2 2 0 2 2 2 0 2 2 0 2 0 2 2 2 2 2 1 2 2 2 2 2 0 2 0 0 2 0 2 0 0 2 2 2 0 0 2 0 0 2 2 2 0 0 2 2 0 2 2 2 0 0 2 2 2 0 2 2 2 2 0 0 2 0 0 0 0 2 0 2 0 0 2 2 2 0 2 2 2 2 2 2 0 2 0 2 2 0 2 2 0 2 0 0 2 2 0 0 2 0 2 2 2 2 2 2 0 0 0 2 2 0 2
153 2 2 2 2 2 2 2 2 2 2 2 2 2 2 2 2 2 2 2 2 2 2 2 2 0 2 2 2 2 2 2 2 2 2 2 2 0 2 2 2 2 2 2 2 2 2 0 2 2 2 2 2 2 2 2 2 2 2 2 2 2 2 2 2 2 2 2 2 2 2 2 2 2 2 2 2 2 2 2 2 2 2 2 2 2 2 2 2 2 2 2 2 2 2 2 2 2 2 2 2 2 2 2 2 2 2 2 2 2 2 2 2 2 2 2 2 2 2 2 2 0 2 2 2 2 2 2 2 2 2 2 2 0 2 2 2 2 2 2 0 2 2 2 2 2 2 2 2 2 2 2 2 2 2 2 2 2 2 2 2 2 2 2 0 0 0 2 2 2 2 2 0 2 2 2 2 2 2 2 2 0 2 2 2 2 2 2 2 2 2 2 0 2 2 2 2 2 2 2 2 2 0 2 2 2 2 2 2 0 2 0 2 2 2 2 2 2 2 2 2 2 2 2 0 2 2 0 2 2 2 2 2 2 2 2 2 2 2 2 2 2 2 2 2 2
154 2 2 2 2 2 2 0 2 2 2 2 2 2 2 2 2 0 2 2 2 2 0 0 2 0 0 0 0 2 2 2 0 2 2 2 1 0 2 2 2 2 2 1 0 2 2 0 2 2 2 2 0 2 2 0 0 2 2 2 2 2 2 2 2 2 2 2 2 0 2 0 2 2 2 0 2 2 2 2 2 2 0 2 0 2 2 2 2 2 2 2 2 2 2 2 2 2 2 2 2 2 0 2 2 2 2 2 2 2 2 0 2 2 2 2 2 2 2 2 2 0 2 2 0 2 0 2 2 0 0 2 2 0 2 2 2 2 2 2 0 2 2 0 2 2 2 0 2 2 2 2 2 2 2 2 2 2 0 2 2 2 2 2 0 0 0 2 2 0 2 2 0 0 2 2 0 2 2 2 2 0 2 2 0 2 2 2 2 2 2 2 0 2 2 2 0 2 2 0 1 2 0 2 2 2 2 2 0 0 2 0 2 2 2 2 2 2 2 2 2 2 2 2 0 2 2 0 2 2 2 2 2 2 2 2 2 2 2 2 0 2 2 2 2 2
155 2 2 2 2 2 2 2 2 2 2 2 2 2 0 2 2 2 2 0 2 2 2 2 0 2 2 2 2 2 0 2 2 2 2 2 2 2 2 2 2 2 2 2 2 2 2 2 0 0 2 2 2 2 2 2 2 2 2 2 2 2 2 2 2 2 2 2 2 2 2 2 2 2 2 2 0 2 2 2 2 2 2 2 2 2 2 2 2 2 2 2 2 2 2 2 2 2 2 2 2 2 2 2 0 2 2 2 2 2 2 2 2 2 0 2 2 2 2 2 2 2 0 2 2 2 2 2 2 2 2 2 2 0 2 2 2 2 2 2 2 0 2 2 2 2 2 2 2 2 2 2 2 2 2 2 2 2 2 2 0 2 2 2 2 2 2 2 2 2 0 2 2 2 2 2 2 2 2 0 2 2 2 2 2 2 2 2 2 2 2 2 2 2 2 2 2 2 2 2 2 2 2 2 2 2 2 2 2 2 2 2 2 2 2 2 2 2 2 2 2 2 2 2 2 2 2 2 2 2 2 2 2 2 2 2 0 2 2 2 2 2 2 2 2 2
156 0 0 2 2 0 0 0 0 2 0 2 0 0 0 0 0 0 2 0 0 0 0 0 0 0 0 0 0 2 0 0 0 2 0 0 0 0 0 0 2 2 2 0 0 0 2 0 0 2 0 2 0 0 0 0 0 0 0 2 0 2 0 0 0 0 0 0 0 0 0 0 0 0 0 0 0 2 0 0 0 0 0 0 0 0 0 2 0 2 0 0 0 0 0 0 2 0 0 0 2 0 0 0 2 2 0 0 0 0 0 0 0 0 2 0 2 0 0 2 2 0 2 0 0 0 0 0 0 0 0 0 0 0 2 0 2 2 0 0 0 0 2 0 0 0 2 0 0 0 0 2 0 2 2 0 0 0 0 0 0 0 2 0 0 0 0 0 1 0 0 2 0 0 0 0 2 0 2 0 0 0 0 0 0 0 2 0 2 0 2 1 0 0 0 2 0 0 0 0 0 0 0 0 0 0 0 0 0 0 0 0 0 2 0 0 0 0 0 0 2 0 0 0 0 2 0 0 0 0 0 0 0 0 0 0 2 0 0 2 0 0 0 0 2 2
157 2 0 2 0 2 0 2 2 0 2 2 0 2 0 2 2 2 2 0 0 2 0 2 0 2 2 2 0 2 0 2 0 2 2 2 1 2 0 0 2 2 0 2 2 2 2 2 2 0 2 0 2 2 2 2 2 2 0 2 0 0 0 2 2 2 2 0 0 2 0 2 0 2 2 2 0 2 0 0 0 2 2 2 2 2 0 2 0 2 2 2 0 0 0 2 2 0 2 2 2 2 2 0 0 2 2 2 0 2 2 2 0 2 0 0 2 0 2 2 2 2 2 0 2 2 2 0 2 2 0 0 0 2 2 2 2 0 2 0 2 2 0 2 2 0 2 2 2 1 2 2 2 0 2 2 2 2 2 2 2 2 2 0 2 2 2 2 2 2 2 2 2 2 2 2 0 0 2 2 2 2 0 2 2 2 2 0 2 2 2 2 2 0 2 2 0 2 2 2 0 0 2 2 2 2 2 0 2 2 2 2 2 2 0 0 0 2 0 2 2 0 0 0 2 2 0 2 0 2 2 2 2 2 2 2 2 2 2 2 2 0 2 2 2 2
158 2 2 2 2 2 2 2 2 2 2 2 2 2 2 2 2 2 2 2 2 2 2 2 2 2 2 2 2 2 2 2 2 2 2 2 2 2 2 2 2 2 2 2 2 2 2 2 2 2 2 2 2 0 2 2 2 2 2 2 2 2 2 2 2 2 2 2 2 2 2 2 2 2 0 2 2 2 2 2 2 2 2 2 2 2 2 2 2 2 2 2 2 2 2 0 2 2 2 2 2 0 2 2 2 2 2 0 2 2 2 2 2 0 2 2 2 2 2 0 2 2 2 2 2 2 2 2 2 2 2 2 2 0 2 2 2 2 0 2 2 2 2 2 2 2 2 2 2 2 2 2 2 2 0 2 2 2 2 2 2 2 0 2 0 2 2 2 2 2 2 0 0 0 2 2 2 2 0 2 2 2 2 0 2 2 2 2 2 0 2 2 2 2 2 0 2 2 2 2 2 2 2 2 2 2 2 2 2 2 2 2 0 2 2 2 2 2 2 2 2 2 2 2 2 0 2 2 2 2 2 2 2 2 0 0 2 2 2 0 2 2 2 2 0 0
159 2 0 2 0 2 2 2 2 0 2 2 2 2 2 2 2 2 2 2 2 0 2 2 2 2 2 2 2 2 2 2 2 2 2 2 0 2 0 2 2 2 0 2 2 2 2 2 2 0 2 0 2 2 2 2 2 2 0 2 0 0 2 2 2 2 2 0 2 2 0 2 0 2 2 2 2 2 2 2 2 2 2 2 2 2 2 2 0 2 2 2 2 0 2 2 2 2 0 2 2 2 2 0 2 2 0 2 2 2 2 2 2 2 2 0 2 2 2 2 2 2 2 2 2 2 2 0 2 2 0 2 0 2 2 2 2 2 2 2 2 2 2 2 2 2 2 2 2 2 0 2 2 2 2 2 2 2 2 2 2 2 2 2 2 2 2 2 2 2 2 2 2 2 2 2 2 2 2 2 2 2 0 2 2 2 2 2 2 2 2 1 2 0 2 2 2 2 2 2 2 2 2 2 2 2 2 0 2 2 2 2 2 2 2 0 2 2 2 2 2 2 2 2 2 2 0 2 2 2 2 2 2 2 2 2 2 2 2 2 2 2 2 2 2 2
160 2 2 2 2 2 2 2 2 2 2 2 2 2 2 2 2 2 0 0 2 2 2 0 2 0 2 2 2 0 0 2 2 2 2 2 2 0 2 2 2 2 0 2 2 2 2 2 2 2 2 0 2 2 2 0 0 0 2 2 2 2 0 0 2 2 2 2 2 2 2 2 0 0 2 2 0 2 2 0 2 2 2 2 2 0 2 2 0 2 2 2 2 2 2 2 2 2 2 2 2 2 2 2 2 2 2 2 2 2 2 2 2 2 0 0 0 2 0 2 2 0 0 2 2 0 2 2 2 2 2 2 2 2 2 2 0 2 0 2 2 2 2 2 0 2 2 2 2 2 2 2 2 2 2 2 2 2 2 0 2 2 2 2 2 2 2 2 2 2 2 2 2 2 2 2 2 2 2 2 2 2 0 0 2 2 2 0 2 2 2 1 2 0 2 2 2 2 2 2 2 0 2 2 2 2 2 2 2 2 2 2 2 2 2 2 2 2 1 0 2 2 2 2 0 2 2 2 2 2 2 2 2 2 2 2 2 2 2 2 2 2 2 2 2 2
161 2 0 0 0 0 2 0 0 0 0 0 0 0 2 2 0 2 0 0 0 0 0 0 2 2 0 2 0 0 0 0 0 0 0 0 2 0 0 0 0 0 0 0 2 2 0 0 0 0 0 0 0 0 0 0 0 0 0 0 0 0 0 0 2 2 0 0 0 2 0 0 0 0 0 2 0 0 0 0 0 0 0 0 0 2 0 0 0 0 0 0 0 0 0 0 0 2 0 0 0 0 0 0 0 2 0 0 0 0 0 0 0 2 0 0 0 2 0 0 0 2 0 0 2 0 0 0 0 2 0 0 0 2 0 0 0 0 2 0 0 0 0 0 0 0 2 0 0 1 0 0 0 0 0 0 0 0 2 0 0 2 0 2 0 0 0 0 1 2 0 0 2 0 0 0 2 0 0 0 2 2 0 2 2 0 2 0 0 0 2 2 2 0 0 0 0 0 0 0 0 0 0 2 0 0 0 0 0 0 0 0 0 0 0 0 0 2 1 0 2 0 0 0 0 0 0 2 0 0 0 2 0 2 0 0 0 0 2 0 0 2 0 0 0 0
162 2 0 0 2 2 2 2 2 2 2 2 2 2 2 2 2 2 0 0 2 2 2 2 2 2 0 2 2 0 0 2 2 2 2 2 2 2 0 2 2 2 2 2 2 2 0 2 2 2 2 2 2 2 2 2 2 2 0 0 2 2 0 2 2 2 2 0 2 2 2 2 2 2 2 2 0 0 2 2 2 2 2 2 2 2 2 0 2 2 2 2 2 2 0 2 2 2 2 2 0 2 2 0 2 2 2 2 0 2 2 2 2 2 0 2 0 2 2 2 2 2 2 2 2 2 2 2 2 2 0 2 2 2 2 2 2 2 2 2 2 2 2 2 2 2 2 2 2 2 2 2 2 2 2 2 2 2 2 2 2 2 2 2 2 2 2 2 2 2 2 2 2 2 2 2 2 2 2 2 2 2 2 2 2 2 2 2 0 2 2 2 2 2 2 2 2 2 2 2 2 2 2 2 2 2 2 2 2 2 0 2 2 0 2 2 2 2 2 2 2 2 2 2 2 2 2 2 2 2 2 2 0 2 2 2 2 2 2 2 2 2 2 2 2 2
163 2 2 2 2 0 0 0 2 2 2 2 2 0 2 2 2 0 2 2 0 2 2 2 2 2 2 2 2 2 2 2 2 2 0 0 2 2 2 2 0 2 2 0 0 2 2 0 2 2 2 2 2 0 2 2 2 2 2 2 2 2 2 2 2 0 0 2 2 2 0 0 2 2 0 0 2 2 2 0 2 0 2 2 2 2 2 2 2 2 0 2 2 2 2 2 2 2 2 2 2 2 2 2 2 2 2 2 2 2 0 0 2 2 2 2 2 0 2 2 2 2 2 2 0 2 0 2 2 0 2 2 0 0 2 2 2 2 2 2 2 2 0 0 2 2 2 2 0 1 2 2 2 2 2 2 2 0 2 2 2 2 2 2 2 2 0 2 2 0 2 2 0 2 2 2 2 2 2 2 2 0 0 2 2 2 2 0 2 2 2 2 0 2 2 2 2 0 2 2 2 0 2 0 2 2 2 0 2 0 2 2 2 2 2 0 2 0 1 2 2 2 2 2 0 2 2 0 2 0 2 2 2 2 2 2 2 2 2 2 2 0 2 0 2 2
164 2 0 2 0 2 2 2 2 2 2 2 2 2 2 0 2 2 2 2 2 2 2 2 2 2 2 2 2 2 2 2 2 0 2 2 2 2 0 2 2 2 2 2 2 2 2 0 2 2 2 2 2 2 2 2 2 2 0 2 2 2 2 2 2 2 2 0 2 2 2 2 2 2 2 2 2 2 2 2 2 2 2 2 2 2 2 2 0 2 2 0 2 2 2 2 0 2 2 2 2 0 2 0 2 2 2 2 2 2 2 2 2 2 2 2 2 2 2 2 0 2 2 2 2 2 2 2 2 2 2 2 2 2 0 2 2 2 2 2 2 2 2 2 0 2 2 2 2 1 2 2 2 2 2 2 2 2 2 0 2 2 2 2 2 2 2 2 2 2 2 2 2 2 2 2 2 2 2 2 2 2 2 2 2 2 2 2 2 2 2 2 2 0 2 2 2 2 2 2 2 2 2 2 2 2 2 2 2 0 2 2 2 2 2 2 2 2 2 2 2 2 2 2 2 2 2 2 2 2 2 2 2 2 2 2 2 2 2 2 2 2 2 2 2 2
165 2 2 2 0 0 2 2 2 2 0 2 0 0 0 2 2 2 2 0 2 2 2 2 0 2 2 2 2 2 0 0 2 2 2 2 2 2 2 2 2 0 0 2 2 2 2 2 0 2 0 2 2 2 2 2 2 2 2 2 2 2 0 2 2 2 0 2 2 2 2 2 0 2 2 2 0 2 0 2 2 2 2 2 2 2 2 2 2 0 2 2 2 2 0 2 2 2 1 2 2 2 2 2 0 2 2 2 0 2 2 2 0 2 0 2 2 2 2 2 2 2 2 2 2 0 2 2 0 2 2 2 0 2 2 2 2 2 2 2 2 0 2 2 2 0 2 2 2 2 2 2 2 2 2 2 2 2 2 2 0 2 2 0 2 2 2 2 2 2 0 2 2 2 2 2 2 2 2 0 2 2 2 2 2 2 2 2 2 2 2 2 2 2 2 2 2 2 2 2 2 2 2 2 2 2 2 2 2 2 0 2 0 2 0 2 0 2 1 2 2 0 0 2 0 2 2 2 2 2 2 2 2 2 2 0 2 2 2 2 2 2 2 2 2 2
166 2 2 2 2 2 2 2 2 2 2 0 2 2 2 2 2 2 2 2 2 0 0 2 2 2 2 2 0 2 2 2 0 2 2 2 2 2 2 2 2 2 2 1 0 2 2 0 2 2 2 0 2 2 2 2 2 0 2 2 2 2 2 2 2 0 2 2 2 2 2 2 2 2 2 2 2 2 2 2 2 2 0 2 2 2 2 2 2 2 2 2 2 2 2 0 2 2 2 2 2 2 2 2 2 2 2 2 2 2 2 2 2 2 2 2 0 2 0 2 2 2 2 0 0 2 2 2 2 2 2 2 2 2 2 2 2 2 2 2 2 2 2 2 2 2 2 2 2 2 2 2 2 2 2 2 0 0 2 2 2 2 2 2 2 2 2 2 2 2 2 2 2 2 2 2 2 2 2 2 2 2 2 2 2 2 2 2 2 2 2 2 2 2 2 2 2 2 0 2 0 0 2 2 2 2 2 2 2 0 2 2 2 2 2 2 2 2 2 2 2 2 2 2 2 2 2 2 2 2 2 2 2 2 2 2 2 2 2 2 2 2 2 2 2 2
167 2 2 2 0 2 2 2 2 2 2 2 2 2 2 2 2 2 2 2 2 2 2 2 2 2 2 2 2 2 2 2 2 2 2 2 2 2 2 2 2 2 2 0 2 2 2 0 2 2 2 2 2 2 2 2 2 2 2 2 2 2 2 2 2 2 2 2 2 2 2 0 0 2 2 2 2 2 2 2 2 2 2 2 2 2 2 2 2 0 2 2 2 2 2 2 2 2 2 2 2 2 2 2 2 0 2 2 2 2 2 2 2 2 2 2 2 2 2 2 2 2 2 2 2 2 2 2 2 2 2 2 2 2 2 2 2 2 2 2 2 2 0 2 2 2 2 2 2 2 2 2 2 2 2 2 2 2 2 2 2 2 2 0 2 2 2 2 2 2 2 2 2 2 2 2 2 2 2 2 2 2 2 2 2 2 2 0 2 2 2 2 2 2 2 2 2 2 2 2 0 0 2 2 2 2 2 2 2 0 2 2 2 2 2 2 0 2 2 2 2 2 2 2 2 2 2 2 2 2 2 2 2 2 2 2 2 2 2 2 2 2 2 2 2 2
168 2 2 2 2 2 0 2 2 0 2 2 2 2 2 2 0 2 2 2 2 2 2 2 2 2 2 2 2 2 2 2 2 0 2 2 2 2 2 0 2 2 0 2 2 2 2 2 0 2 2 2 2 2 2 2 2 2 2 2 2 2 2 2 2 2 2 2 2 2 2 2 0 2 2 2 2 2 2 0 2 0 2 2 2 0 2 2 2 2 2 2 0 2 2 2 0 0 2 2 2 2 2 2 2 2 2 2 2 2 2 2 2 2 2 2 2 0 2 0 0 2 2 2 2 2 2 2 2 2 2 2 2 2 0 2 2 0 0 2 2 0 0 2 2 2 2 2 2 1 2 2 2 2 0 2 2 2 0 2 2 2 2 2 0 0 2 2 2 2 2 2 2 2 2 2 2 2 0 2 2 2 2 2 2 2 0 2 2 0 2 2 2 2 2 2 0 0 2 2 2 2 0 2 2 2 2 2 2 2 2 2 2 2 2 2 2 2 2 2 2 2 2 2 2 2 2 2 2 2 2 2 2 2 0 2 0 2 2 0 2 0 2 0 2 0
169 2 2 2 2 2 0 0 0 2 2 2 2 2 2 2 2 2 2 2 2 2 2 2 2 2 2 2 2 2 2 0 2 2 2 2 2 2 2 2 2 2 2 2 2 2 2 0 2 2 0 2 2 2 2 2 2 2 2 2 2 2 2 2 2 2 2 2 2 2 2 2 2 2 2 2 2 2 2 2 0 2 2 2 2 2 2 2 0 2 2 2 2 2 2 2 2 2 0 0 2 2 0 2 2 2 2 2 2 2 2 2 0 2 2 2 2 0 2 2 2 2 2 2 2 2 0 2 2 2 2 2 2 2 2 2 2 2 2 2 2 2 2 2 2 2 2 2 2 1 2 2 0 2 2 2 2 0 2 2 2 2 2 2 2 2 2 2 2 2 2 2 2 2 0 2 2 2 2 2 2 0 2 2 2 0 2 2 2 2 2 1 0 0 2 2 2 2 2 2 2 2 2 2 0 2 0 2 2 0 0 2 2 2 2 2 2 2 0 0 2 2 0 2 2 2 0 0 2 2 0 2 2 2 2 2 2 2 2 2 2 0 2 2 2 2
170 2 2 2 2 2 2 2 2 0 0 0 2 2 0 2 2 2 0 0 0 2 2 2 0 2 2 2 2 0 0 2 2 2 2 2 2 2 2 2 2 2 0 2 2 2 2 2 0 0 2 0 2 2 2 2 1 2 2 2 2 2 0 2 0 2 2 2 2 2 0 2 2 2 2 2 0 2 2 2 2 2 2 0 0 2 2 2 1 2 2 2 2 0 2 2 2 2 2 2 2 2 2 2 2 2 2 2 2 2 2 0 2 2 0 2 2 2 2 2 2 2 2 2 2 2 2 2 2 2 2 2 2 2 2 2 2 2 2 0 2 0 2 2 2 2 2 2 2 2 2 0 2 2 2 0 2 2 2 2 0 2 2 2 2 2 2 2 2 2 0 2 2 2 2 2 2 2 2 0 2 2 2 2 2 2 2 2 2 2 2 2 2 2 2 2 2 2 2 2 2 2 2 2 2 2 2 2 2 2 2 2 2 2 2 0 0 2 2 2 2 2 2 2 0 2 2 2 2 2 2 2 2 2 2 2 2 2 2 2 2 2 2 2 2 2
171 0 0 2 0 0 2 2 2 2 2 2 0 0 0 2 2 2 2 2 0 2 2 2 0 2 2 2 2 2 2 2 2 0 2 0 2 2 0 0 2 2 2 2 2 0 2 2 2 2 2 2 2 0 2 2 2 2 0 2 2 2 2 0 0 2 0 0 2 2 0 2 2 0 0 2 2 2 0 2 0 2 2 2 2 2 2 2 2 2 0 2 0 2 2 2 0 2 2 2 2 2 0 0 2 0 2 2 2 2 2 2 2 2 0 2 2 2 2 0 0 2 0 0 2 0 2 2 2 0 2 2 2 0 0 2 2 2 2 2 2 2 2 2 2 2 2 2 2 2 2 2 2 2 2 2 2 2 2 2 0 2 2 2 2 2 2 2 1 2 0 2 2 2 2 2 2 2 2 0 0 0 2 0 2 2 2 2 2 2 0 1 0 2 2 2 2 2 2 2 0 2 2 2 0 2 2 2 2 2 2 2 0 2 2 2 2 2 2 2 0 2 2 2 2 2 2 0 2 0 2 2 2 0 2 0 2 2 0 0 2 2 2 2 2 2
172 0 0 0 0 0 2 0 0 0 2 0 2 0 0 0 2 0 0 2 2 2 0 2 0 0 0 0 0 0 2 0 0 0 0 2 0 2 0 0 0 2 2 0 0 0 0 0 2 0 0 0 2 2 0 2 2 2 0 0 0 0 2 2 2 0 0 0 2 0 2 0 0 0 2 0 2 0 2 2 2 0 2 0 0 2 0 0 2 0 2 2 0 2 0 2 0 2 0 0 0 2 0 0 0 2 2 0 0 2 2 0 2 2 0 0 0 2 0 2 0 0 2 0 0 2 0 2 2 0 2 2 2 0 0 2 2 2 2 2 2 2 2 2 2 2 0 2 0 1 2 0 2 0 0 2 0 0 2 1 0 2 0 0 2 0 0 0 1 0 0 0 0 0 2 0 0 2 0 0 2 0 2 0 0 2 2 0 0 2 0 1 0 2 2 2 0 2 2 2 2 2 0 0 2 2 0 2 2 0 2 0 2 0 2 2 2 0 0 2 2 2 0 2 2 0 0 0 2 0 2 2 0 2 2 2 2 2 2 2 2 2 0 0 2 0
173 2 2 2 2 2 2 2 2 2 2 2 2 2 0 2 2 2 2 0 2 2 2 0 0 2 2 2 2 2 0 2 2 2 2 2 2 2 2 2 2 2 2 2 0 2 2 2 2 2 2 2 2 2 2 0 0 2 2 2 2 2 2 2 0 2 2 2 0 2 2 2 2 2 2 2 0 2 2 0 2 2 0 2 2 2 2 2 2 0 2 2 2 2 2 2 2 2 2 2 2 2 2 2 2 2 2 2 2 2 0 2 2 2 0 2 2 2 2 0 2 2 0 2 0 2 2 2 2 2 2 0 2 2 2 2 2 2 2 2 2 2 2 2 2 0 2 2 2 2 2 2 2 2 2 2 2 2 2 1 0 2 2 2 2 2 2 2 1 0 0 2 2 2 0 2 2 0 2 0 2 2 2 2 2 0 2 2 2 2 2 2 2 2 2 2 2 2 0 2 2 2 2 2 2 2 2 0 2 2 2 2 2 2 0 2 0 2 2 2 0 0 2 0 2 2 2 2 2 2 0 2 2 2 2 2 2 2 2 0 2 2 2 2 2 2
174 0 0 0 2 0 2 0 0 0 0 0 0 0 0 0 0 0 0 0 2 2 0 0 0 0 0 0 0 0 0 0 0 0 2 0 0 2 0 0 0 0 0 2 0 0 0 2 0 0 0 0 2 0 0 0 0 0 0 0 2 2 0 0 0 0 0 0 0 0 0 2 0 0 0 0 0 0 0 0 0 0 0 2 2 0 0 0 0 0 0 0 0 0 0 2 0 0 0 0 0 0 0 0 0 0 2 0 0 0 0 2 0 0 0 0 0 2 0 0 0 0 0 2 0 2 0 0 0 0 2 0 0 0 0 2 0 0 0 0 0 0 0 0 0 0 0 2 0 1 2 0 0 2 0 0 0 0 0 0 0 2 0 2 0 0 0 2 0 0 0 0 0 0 0 2 0 0 0 0 2 0 2 0 0 0 0 0 0 0 0 0 0 0 2 0 0 0 0 0 0 0 0 0 0 2 0 0 0 2 0 0 0 0 0 0 0 0 0 0 0 0 0 0 0 0 0 0 0 0 0 0 2 2 0 0 0 2 2 0 0 2 0 0 0 0
175 2 2 0 0 0 0 2 0 0 2 0 0 0 2 0 0 0 2 2 0 0 0 0 2 0 2 0 0 2 2 0 0 0 0 0 0 2 2 0 0 0 0 0 0 2 0 0 0 2 0 0 0 2 0 0 0 0 2 0 0 0 2 0 0 0 0 2 0 0 0 0 0 0 2 0 2 0 0 0 0 0 0 2 2 0 0 0 0 0 0 0 0 2 0 0 0 0 0 0 0 0 0 2 0 0 0 0 0 0 2 0 0 0 2 0 2 0 0 0 0 0 0 2 0 2 2 0 0 0 0 0 0 0 0 0 0 0 0 0 0 0 0 0 0 0 0 0 0 0 0 0 0 0 0 0 0 0 0 0 2 0 0 0 0 0 0 0 0 0 2 0 0 0 0 0 0 0 0 2 2 0 0 0 0 0 2 0 0 0 2 2 0 0 0 0 0 0 2 0 0 0 0 0 0 0 0 0 0 0 0 0 2 0 0 0 0 0 0 0 0 0 0 0 0 0 0 0 0 2 0 2 2 2 0 2 2 0 2 0 0 0 0 0 0 0
176 2 2 2 2 0 2 2 2 2 2 2 2 0 2 2 2 2 2 2 2 2 2 2 2 0 2 2 2 2 2 2 2 2 2 2 1 2 2 2 2 2 2 2 2 2 2 2 2 2 2 2 2 2 2 2 2 2 2 2 2 2 2 2 2 2 0 2 2 2 2 2 2 0 2 2 2 2 2 2 2 2 2 2 2 2 2 2 2 2 2 2 2 2 2 2 2 2 2 2 2 2 2 2 2 2 2 2 2 2 2 0 2 2 2 2 2 2 2 2 2 0 2 2 2 2 2 2 2 2 2 2 0 2 2 2 2 2 2 2 2 2 2 2 2 2 0 2 2 1 2 2 2 2 2 2 2 2 2 2 2 0 0 2 2 2 2 2 1 2 2 0 2 2 2 2 0 2 2 2 2 2 2 2 2 2 2 0 2 2 2 2 2 2 2 2 2 2 2 2 2 2 2 2 0 2 2 2 2 2 2 2 2 2 2 2 2 2 2 2 2 2 2 2 0 0 2 2 2 2 2 2 2 2 2 2 2 2 2 2 2 2 2 2 2 2
177 2 2 2 2 2 2 2 2 2 2 2 2 2 0 2 2 0 2 2 2 0 2 2 0 2 2 0 2 2 2 0 2 2 2 0 1 2 2 2 2 2 2 2 0 2 2 2 2 2 2 2 2 2 0 2 2 0 2 2 2 2 2 2 0 2 2 2 2 2 2 2 2 2 2 0 2 2 2 2 2 0 2 2 2 2 0 2 2 2 0 0 2 0 2 0 2 0 2 2 2 0 0 2 2 2 2 0 2 2 2 2 0 0 2 2 0 2 0 2 2 2 2 0 0 0 2 2 0 0 2 2 2 0 2 2 0 0 0 2 0 2 0 0 2 2 2 2 0 2 2 2 0 2 0 0 2 0 0 2 0 0 2 2 2 0 0 0 0 0 0 2 2 0 0 0 2 2 0 0 2 0 2 0 0 0 2 2 2 2 2 2 0 2 2 0 0 2 2 0 2 2 0 0 0 2 0 2 0 2 2 0 2 2 2 2 2 0 2 2 0 2 2 2 0 2 2 0 0 2 2 2 2 2 0 2 2 2 2 2 0 2 0 0 0 0
178 0 0 0 0 0 0 0 0 0 0 0 0 0 0 0 0 0 0 0 0 0 2 2 0 0 0 0 2 0 0 0 2 0 0 0 0 0 0 0 0 0 0 0 0 0 0 0 0 0 0 0 0 2 0 2 2 0 0 0 0 0 0 0 0 0 0 0 0 2 0 0 0 0 2 0 0 0 0 0 0 0 0 2 0 0 0 0 0 0 0 0 0 0 0 0 0 0 2 0 0 0 0 0 0 0 0 0 0 0 0 0 0 0 0 2 0 0 0 0 0 0 0 0 0 0 0 0 0 0 0 0 0 0 0 0 0 0 0 0 0 0 0 0 0 0 0 0 0 0 0 0 0 0 0 0 0 0 0 0 0 0 0 0 0 0 0 0 0 0 0 0 0 0 0 0 0 0 0 0 0 0 2 0 0 0 2 0 0 0 0 0 0 0 0 0 0 0 0 0 0 2 0 0 0 0 0 0 0 0 0 0 0 0 0 0 0 0 0 0 0 0 0 0 0 0 0 0 0 0 0 2 0 0 0 0 0 0 0 0 0 0 0 0 0 0
179 2 0 2 2 0 2 2 2 2 2 2 2 0 2 2 2 2 2 2 2 2 2 2 2 2 2 2 2 2 2 2 2 2 2 2 1 2 0 2 2 2 2 2 2 2 2 2 2 2 2 2 2 2 2 2 2 2 0 2 2 2 2 0 2 2 0 0 2 2 2 2 2 0 2 2 2 2 2 0 2 2 2 2 2 0 2 2 2 2 2 2 2 2 2 2 2 2 2 2 2 2 2 0 2 2 2 2 2 2 2 2 2 2 2 2 2 2 2 2 2 2 2 2 2 2 2 2 2 2 2 2 0 2 2 2 2 2 2 2 2 2 2 2 2 2 2 2 2 2 2 2 2 2 2 2 2 2 2 2 2 2 2 2 2 2 2 2 2 2 2 2 2 2 2 2 0 2 2 2 2 2 2 2 2 2 2 2 2 2 2 2 2 2 2 2 2 0 2 2 2 2 2 2 2 2 2 2 2 2 2 2 2 2 2 2 2 2 2 2 2 2 2 2 2 2 2 2 2 2 2 2 2 2 2 2 2 2 2 2 2 2 2 2 2 2
180 2 2 0 0 2 0 0 0 0 2 0 2 2 2 0 0 0 2 2 2 2 2 2 2 0 0 0 2 2 2 2 2 0 0 2 1 0 2 0 2 2 0 2 2 2 0 2 0 2 0 2 0 2 2 2 2 2 2 0 2 0 2 2 2 2 2 2 2 2 0 2 2 2 2 0 2 0 2 0 0 0 2 2 0 0 0 0 0 2 2 2 0 0 0 0 0 0 2 0 0 0 2 2 2 0 2 0 0 0 2 0 0 0 2 2 0 0 2 0 0 0 2 0 2 0 0 2 0 0 0 0 2 0 0 2 0 0 2 2 0 0 0 0 0 2 0 0 0 0 2 0 0 0 0 0 0 2 0 0 2 2 0 0 2 0 0 0 1 2 2 0 0 0 2 0 2 2 0 2 2 0 2 2 0 2 2 0 0 0 2 1 0 0 2 0 0 2 0 0 0 2 0 0 0 2 0 0 0 2 2 0 2 0 2 0 2 0 0 0 2 2 0 2 0 0 0 0 0 0 0 2 0 2 0 2 0 2 2 0 0 0 0 0 0 0
181 2 2 0 0 2 0 0 0 0 2 0 2 2 2 0 0 0 2 2 2 2 2 2 2 0 0 0 2 2 2 2 2 0 0 2 1 0 2 0 2 2 0 2 2 2 0 2 0 2 0 2 0 2 2 2 2 2 2 0 2 0 2 2 2 2 2 2 2 2 0 2 2 2 2 0 2 0 2 0 0 0 2 2 0 0 0 0 0 2 2 2 0 0 0 0 0 0 2 0 0 0 2 2 2 0 2 0 0 0 2 0 0 0 2 2 0 0 2 0 0 0 2 0 2 0 0 2 0 0 0 0 2 0 0 2 0 0 2 2 0 0 0 0 0 2 0 0 0 0 2 0 0 0 0 0 0 2 0 0 2 2 0 0 2 0 0 0 1 2 2 0 0 0 2 0 2 2 0 2 2 0 2 2 0 2 2 0 0 0 2 1 0 0 2 0 0 2 0 0 0 2 0 0 0 2 0 0 0 2 2 0 2 0 2 0 2 0 0 0 2 2 0 2 0 0 0 0 0 0 0 2 0 2 0 2 0 2 2 0 0 0 0 0 0 0
182 2 2 2 2 2 2 2 2 2 2 2 2 2 2 2 2 0 2 2 2 2 2 2 2 2 2 0 2 2 2 2 2 2 2 2 1 2 2 2 2 2 2 2 2 2 2 2 2 2 2 2 2 2 2 2 2 2 2 2 2 2 2 2 2 2 2 2 2 2 2 2 2 2 2 0 2 2 2 2 0 0 2 2 2 2 0 2 2 2 2 2 2 0 2 0 2 0 2 2 2 0 2 2 2 2 2 0 2 2 2 2 2 0 2 2 2 2 2 2 2 2 2 2 2 2 2 2 0 0 2 2 2 0 2 2 0 0 2 2 0 2 0 0 2 2 2 2 0 2 2 2 1 2 0 0 2 2 1 2 2 2 2 2 2 0 0 0 2 2 2 2 0 0 2 0 2 2 0 2 2 0 2 2 0 2 2 2 2 0 2 2 0 2 2 0 0 2 2 0 2 2 0 0 0 2 0 2 0 2 2 0 2 2 2 2 2 0 0 2 2 2 2 2 0 2 2 0 0 2 2 2 2 2 0 2 2 2 2 2 0 2 1 0 0 0
183 2 0 2 2 2 0 0 0 0 2 2 2 2 0 0 0 0 2 2 2 2 0 2 0 0 0 0 0 2 2 2 0 2 0 2 0 2 0 2 2 2 0 0 2 2 2 0 0 2 0 2 0 2 2 2 2 2 0 2 0 2 2 0 0 2 2 0 2 2 0 0 2 2 2 0 2 2 2 2 2 0 2 2 2 2 0 2 2 2 2 2 2 0 0 0 2 0 2 0 2 0 0 0 2 2 2 0 0 0 0 0 2 0 2 2 2 0 0 0 2 0 2 2 2 0 0 2 0 0 0 2 2 0 2 2 0 2 2 2 0 0 0 0 0 2 2 0 0 0 2 0 0 0 0 0 0 2 0 0 0 0 2 0 2 0 0 0 0 2 0 2 0 0 2 0 2 2 0 0 0 0 2 2 0 2 0 0 2 0 2 0 0 2 2 0 0 2 2 0 2 2 0 0 0 2 0 0 0 0 2 0 2 2 2 0 2 0 0 2 0 2 0 2 0 2 0 0 0 0 0 2 0 0 0 2 0 2 0 0 0 0 0 0 0 0
184 2 0 2 2 2 0 0 0 0 2 2 2 2 0 0 0 0 2 2 2 2 0 2 0 0 0 0 0 2 2 2 0 2 0 2 1 2 0 2 2 2 0 0 2 2 2 0 0 2 0 2 0 2 2 2 2 2 0 2 0 2 2 0 0 2 2 0 2 2 0 0 2 2 2 0 2 2 2 2 2 0 2 2 2 2 0 2 2 2 2 2 2 0 0 0 2 0 2 0 2 0 0 0 2 2 2 0 0 0 0 0 2 0 2 2 2 0 0 0 2 0 2 2 2 0 0 2 0 0 0 2 2 0 2 2 0 2 2 2 0 0 0 0 0 2 2 0 0 0 2 0 0 0 0 0 0 2 0 0 0 0 2 0 2 0 0 0 0 2 0 2 0 0 2 0 2 2 0 0 0 0 2 2 0 2 0 0 2 0 2 1 0 2 2 0 0 2 2 0 2 2 0 0 0 2 0 0 0 0 2 0 2 2 2 0 2 0 0 2 0 2 0 2 0 2 0 0 0 0 0 2 0 0 0 2 0 2 0 0 0 0 0 0 0 0
185 0 2 2 2 0 2 2 0 0 0 2 0 0 2 2 2 0 2 0 2 2 2 2 2 0 2 0 2 2 0 2 2 2 0 0 0 0 2 2 0 0 0 0 0 0 2 0 0 2 0 2 0 0 0 2 2 0 2 2 2 2 0 2 0 2 0 2 0 2 2 0 0 0 0 0 0 2 0 0 2 0 0 2 2 2 0 2 2 0 0 0 2 0 2 0 2 0 2 0 2 0 0 2 2 2 0 0 2 2 2 2 2 0 0 0 2 2 2 2 2 0 2 2 0 2 2 0 0 0 2 0 0 0 2 2 0 0 0 2 0 0 0 0 0 0 2 0 0 1 2 2 0 0 0 0 0 0 0 0 2 0 2 0 0 0 0 0 0 0 2 2 0 0 0 0 0 0 0 2 2 0 2 2 0 0 0 2 0 0 0 1 0 2 2 0 0 0 0 0 2 2 0 0 0 2 0 2 0 0 2 0 0 2 0 2 2 0 1 0 0 0 2 0 0 2 2 0 0 2 0 0 2 2 0 0 0 2 2 2 0 2 0 0 0 0
186 0 0 0 1 0 2 2 2 2 0 2 2 0 0 1 2 0 0 0 0 2 2 0 0 0 2 2 2 0 0 2 2 2 1 0 2 2 0 2 0 2 0 2 2 0 0 2 0 0 2 2 2 0 2 0 0 2 0 0 2 2 0 2 2 1 0 0 2 2 2 2 2 2 0 0 0 0 2 0 2 0 2 0 2 2 0 0 2 0 0 0 2 2 0 0 2 0 2 2 0 0 0 0 0 2 1 2 2 2 0 2 2 0 0 2 2 2 2 2 2 0 0 2 2 2 2 2 0 2 2 2 0 0 2 1 0 0 0 2 0 0 0 0 2 1 0 2 0 1 1 2 2 2 0 2 1 2 0 2 2 0 0 1 0 0 2 2 2 2 2 0 2 2 2 2 2 1 0 2 0 0 1 0 2 2 2 2 2 1 0 1 0 2 1 0 2 0 2 2 2 1 0 2 2 1 2 2 2 2 1 2 1 0 1 2 2 2 0 2 2 1 0 2 2 0 2 0 0 2 2 0 2 0 0 1 2 1 0 2 2 2 1 2 2 0
187 2 2 2 2 2 2 2 2 2 2 2 0 2 2 2 2 0 2 2 2 2 2 2 2 2 2 2 2 2 2 2 2 2 2 2 2 2 2 0 2 0 2 0 2 2 2 0 2 2 2 2 2 0 2 2 2 2 2 2 2 2 2 2 2 2 2 2 2 2 2 0 2 2 0 0 2 2 0 2 2 0 2 2 2 2 0 2 2 2 2 2 0 2 2 0 2 0 2 2 2 0 0 2 2 2 2 0 2 2 2 2 2 0 2 2 2 2 2 2 2 2 2 2 2 2 2 0 0 2 2 0 2 0 2 2 0 2 2 2 0 2 0 0 2 2 2 2 2 2 2 2 2 2 0 0 2 2 0 1 2 2 2 2 0 0 0 2 2 2 2 2 2 0 2 2 2 2 0 2 2 0 2 2 2 2 2 2 2 2 2 2 0 2 2 0 0 2 0 2 2 2 0 2 0 2 2 2 2 0 2 2 2 2 2 2 2 2 1 2 2 2 0 2 1 2 2 0 0 2 2 2 2 2 0 2 2 2 2 2 2 2 1 2 2 0
188 2 2 2 2 2 2 2 2 2 2 2 2 2 2 2 2 2 2 2 0 2 2 2 2 2 2 2 2 2 2 2 2 2 2 2 1 2 2 2 2 2 2 2 2 2 2 2 2 2 2 2 2 2 2 2 2 2 2 2 2 2 2 2 0 2 2 2 2 2 2 2 2 2 2 2 2 2 2 2 2 2 2 2 2 2 2 2 2 2 2 0 2 2 2 2 2 2 2 2 2 2 2 2 2 2 2 2 2 2 2 2 2 2 2 2 2 2 2 2 2 2 0 2 2 2 2 2 2 2 2 2 2 2 2 2 2 2 2 2 2 2 2 2 2 2 0 2 2 2 2 2 2 2 2 2 2 2 2 2 2 2 0 2 2 2 2 2 2 2 2 0 2 2 2 2 2 2 2 2 2 2 2 2 2 2 2 2 2 2 2 2 2 2 2 2 2 2 2 0 2 2 2 0 2 2 0 2 0 2 2 2 2 2 2 2 2 0 2 2 2 2 2 2 2 0 2 2 2 2 2 2 2 2 2 2 2 2 2 2 0 2 2 2 2 2
189 0 0 0 2 0 2 2 0 0 0 0 0 0 0 0 0 0 0 0 0 0 0 0 0 0 2 0 0 0 0 0 0 2 0 0 0 0 0 0 2 0 2 0 0 0 0 0 2 0 0 2 0 0 0 0 0 0 0 0 0 0 0 2 0 0 0 0 2 2 0 0 2 2 0 0 0 0 0 0 0 0 2 0 2 2 0 0 0 0 0 0 0 0 0 0 2 0 0 0 0 0 0 0 0 2 0 0 2 2 2 2 2 0 0 2 0 2 0 0 2 0 0 0 0 2 2 0 0 0 2 0 0 0 2 0 0 2 0 2 0 2 0 0 0 2 0 0 0 1 2 0 0 2 0 0 0 0 0 0 0 0 0 0 0 0 0 0 1 0 0 0 0 0 0 0 0 2 0 0 0 0 0 0 0 0 0 0 0 2 0 1 0 0 0 0 0 0 0 0 2 0 0 0 0 0 0 2 0 0 2 0 0 0 2 0 2 0 0 0 2 2 0 2 0 0 2 0 0 2 0 0 2 0 0 0 0 0 0 0 0 2 0 0 0 0
190 0 0 0 0 1 2 2 0 0 0 0 0 2 0 0 0 0 0 0 0 2 0 0 1 0 0 0 0 0 0 0 0 2 0 2 0 0 0 0 0 2 0 0 0 0 0 0 0 0 0 0 0 0 0 0 1 0 0 0 1 0 0 2 2 0 2 0 0 2 0 0 0 0 0 0 0 0 0 0 0 0 0 0 2 0 0 0 0 0 2 0 0 0 2 0 1 0 0 0 0 2 0 0 0 0 0 0 0 0 2 2 2 0 0 2 0 1 0 0 2 0 0 0 0 0 2 2 0 2 2 0 0 0 2 2 0 2 2 2 0 0 0 0 0 0 0 0 0 1 0 0 0 0 0 0 0 0 1 0 0 0 0 0 0 2 0 2 1 0 0 0 2 0 0 2 2 0 0 0 0 0 0 2 0 0 2 0 0 2 0 1 0 0 0 0 0 0 2 0 0 0 2 0 2 2 0 2 0 0 0 0 2 0 0 0 2 0 1 0 2 0 2 0 0 0 2 0 0 0 0 2 2 0 0 2 0 0 0 0 0 2 0 0 2 0
191 2 2 2 2 2 2 2 2 2 2 2 2 2 2 2 2 2 2 2 2 2 2 2 2 2 2 2 2 2 2 2 2 2 0 2 2 0 2 2 2 2 2 2 2 2 2 2 2 2 2 2 2 2 2 2 2 2 2 2 0 2 2 2 2 2 2 2 2 2 2 2 2 2 2 2 2 2 2 2 2 2 2 2 2 2 2 2 2 2 2 2 2 2 2 0 2 2 2 2 2 2 2 2 2 2 2 2 2 2 2 2 2 2 2 2 2 2 2 2 2 0 2 2 2 2 2 2 2 2 2 2 2 2 2 2 2 2 2 2 2 2 2 2 2 2 2 2 0 2 2 2 2 2 2 2 2 0 2 1 2 2 2 0 2 2 2 2 2 2 2 2 2 2 2 2 2 2 2 2 2 2 2 2 2 2 2 2 0 2 2 2 2 2 2 2 0 0 2 2 2 2 2 0 2 2 2 2 2 2 2 0 2 2 2 2 2 0 2 2 2 2 2 2 2 2 2 2 2 0 0 2 2 2 2 2 2 2 2 2 2 2 2 2 2 2
192 2 2 2 2 2 2 2 2 2 2 2 2 2 2 2 2 2 2 2 2 2 2 2 2 2 2 0 2 2 2 2 2 2 2 2 1 2 2 2 2 2 2 2 2 2 2 2 2 2 2 2 2 2 2 2 2 2 2 2 2 2 2 2 2 2 2 2 2 2 2 2 2 2 2 2 2 2 2 2 2 2 2 2 2 2 0 2 2 2 2 2 2 2 2 2 2 2 2 2 2 2 2 2 2 2 2 2 2 2 2 2 2 0 2 2 2 2 2 2 2 2 2 2 2 2 2 2 2 2 2 2 2 0 2 2 0 2 2 2 2 2 0 0 2 2 0 2 2 2 2 2 2 2 0 2 2 2 2 2 2 2 0 2 2 2 2 2 2 2 2 0 2 2 2 2 2 2 0 2 2 0 2 2 0 2 2 2 2 2 2 2 0 2 2 0 2 2 2 2 2 2 2 0 2 2 0 2 2 2 2 2 2 2 2 2 2 0 2 2 2 2 2 2 2 0 2 0 0 2 2 2 2 2 2 2 2 2 2 2 2 2 2 2 2 0
193 2 2 0 0 2 0 0 2 0 0 0 0 2 0 0 0 0 0 0 0 0 0 2 0 0 2 0 0 0 0 0 0 0 0 0 1 2 2 2 0 0 0 0 2 2 0 0 0 2 0 0 0 0 0 2 2 0 2 0 0 0 0 2 0 0 2 2 0 0 2 0 0 2 0 0 0 0 0 0 0 0 0 2 2 2 0 0 2 0 0 0 2 0 2 0 0 2 0 2 0 0 0 2 0 0 0 0 0 0 2 0 2 0 0 2 2 0 0 0 0 2 0 0 2 0 0 0 0 0 0 0 0 0 0 2 0 0 0 0 0 0 0 0 0 0 0 0 0 0 2 2 0 0 0 2 0 0 0 0 0 0 0 0 0 0 0 0 0 0 0 0 2 0 0 0 0 0 0 0 0 0 2 0 0 0 0 2 0 0 2 1 0 2 0 0 0 0 2 0 2 0 0 0 2 2 0 0 0 0 2 0 0 0 0 2 0 0 2 0 0 0 2 0 2 0 2 0 0 0 0 0 2 0 0 0 0 0 0 0 0 0 0 2 0 0
194 2 2 2 2 2 0 2 2 2 2 2 2 2 2 2 2 2 2 2 2 2 2 2 2 2 2 2 2 2 2 2 2 2 2 2 2 2 2 2 2 2 2 2 2 0 2 2 2 2 2 2 2 2 2 2 2 2 2 2 2 2 2 2 2 2 2 2 2 2 2 2 2 2 2 2 2 2 2 2 2 2 2 2 2 2 2 2 2 2 2 2 2 2 2 2 2 2 2 2 2 2 2 2 2 2 2 2 2 2 2 2 2 2 2 2 2 0 2 0 2 2 2 2 2 2 2 2 2 2 0 2 2 2 2 2 2 2 2 2 2 2 2 2 2 2 2 2 2 1 2 2 2 2 2 2 2 2 2 2 2 2 2 2 2 2 2 2 2 2 2 2 2 2 2 2 0 2 2 2 2 2 2 2 2 2 2 2 0 2 0 1 2 2 2 2 2 2 2 2 2 2 2 2 2 2 2 0 2 2 2 2 0 2 2 2 2 2 2 2 2 2 2 2 2 2 2 2 2 2 2 2 2 2 2 0 2 2 2 0 2 0 2 2 2 2
195 2 2 2 2 2 2 2 2 2 2 2 2 2 2 2 2 2 2 2 2 2 2 2 2 2 2 2 2 2 2 2 2 2 0 2 2 2 2 2 2 2 2 2 2 2 2 2 2 2 2 2 2 2 2 2 2 2 2 2 2 2 0 2 2 2 2 2 2 2 2 2 2 2 2 2 2 2 2 2 2 2 2 2 2 2 2 2 2 2 2 2 2 2 2 2 2 2 2 2 2 2 2 2 2 2 2 2 0 2 2 2 0 2 0 2 2 2 2 2 2 2 2 2 2 2 2 2 2 2 2 2 2 2 2 2 2 2 2 2 2 2 2 2 2 2 0 2 2 2 2 2 2 2 2 2 2 0 2 2 2 2 0 0 2 2 2 2 2 2 2 0 0 2 2 2 0 0 2 2 2 2 2 2 2 2 2 2 2 2 2 2 2 2 2 0 2 2 0 2 2 2 2 2 2 2 2 2 2 2 2 2 2 2 2 2 2 2 2 2 2 2 2 2 2 0 2 2 2 2 0 2 2 2 2 2 2 2 2 2 2 2 2 0 2 2
196 2 2 2 2 2 0 2 2 2 0 2 2 2 0 0 2 0 2 2 2 2 2 2 0 2 0 2 2 2 2 2 2 0 2 0 2 2 2 2 2 2 2 2 0 2 2 2 2 2 2 2 2 2 1 2 2 2 2 2 2 2 2 2 2 2 2 2 2 2 2 2 2 0 2 0 2 2 2 2 2 2 2 2 0 2 0 2 2 2 0 2 2 2 2 2 0 2 2 2 2 2 2 2 2 2 2 0 2 2 2 2 2 2 2 2 2 0 0 2 0 1 2 2 0 2 2 2 2 0 0 2 2 2 1 2 2 2 0 2 0 2 2 2 2 2 2 2 2 0 2 0 0 2 0 2 2 2 2 1 2 2 2 2 0 0 2 0 2 0 2 2 2 2 0 0 2 2 0 2 2 0 2 2 2 0 2 2 2 2 2 2 0 2 2 2 0 0 2 0 0 2 0 2 2 2 2 2 0 2 2 0 2 2 2 2 2 2 2 0 2 2 2 2 2 2 2 0 2 2 2 2 0 2 2 2 2 2 2 2 0 0 0 2 2 0
197 0 2 0 0 0 0 0 2 0 0 0 0 0 0 2 0 0 0 0 0 0 0 2 0 0 2 2 0 0 0 0 0 0 0 0 2 2 2 0 0 0 0 0 2 0 0 0 0 0 0 0 0 0 0 2 2 0 2 0 2 0 0 2 0 0 0 2 0 0 0 0 0 0 0 0 0 0 0 2 0 0 0 0 2 2 2 0 2 2 0 0 0 0 2 2 0 2 0 2 0 0 0 2 0 2 2 2 0 0 2 0 0 0 0 0 0 0 0 0 0 0 0 0 2 0 0 0 0 0 0 0 0 0 0 0 2 0 2 0 0 0 0 2 2 0 0 0 2 1 0 0 0 0 0 2 0 0 0 2 0 0 0 0 0 0 0 0 0 2 0 0 0 0 0 0 0 0 0 0 0 0 0 0 2 0 0 0 2 0 0 0 0 2 0 0 2 2 0 0 0 0 0 0 2 0 0 0 0 0 0 2 0 0 0 0 0 0 2 0 0 0 2 0 2 0 0 0 0 0 0 0 2 0 0 0 0 0 0 0 0 0 1 0 0 0
198 2 2 2 2 2 0 2 2 2 2 2 2 2 2 2 0 2 2 2 2 2 0 0 2 2 2 2 0 2 2 2 0 2 2 2 2 2 0 2 2 2 2 2 2 2 2 2 2 2 2 2 2 2 2 0 0 2 0 2 2 2 2 2 0 2 2 0 2 2 2 2 2 2 2 2 2 2 2 2 2 2 2 2 2 2 2 2 2 2 2 2 2 2 0 2 2 2 2 2 2 2 2 2 2 2 2 2 2 2 2 0 2 2 2 2 0 0 2 2 2 2 2 2 2 0 2 2 2 0 0 2 2 2 2 2 2 2 2 2 2 2 2 2 2 2 2 2 2 1 2 2 2 2 2 0 2 2 2 2 2 0 2 2 2 2 2 2 1 2 2 2 0 2 0 2 2 2 2 2 2 2 2 2 2 0 2 0 0 2 2 2 2 2 2 2 2 2 2 2 2 2 2 0 2 2 2 2 2 2 2 2 2 2 2 0 2 0 1 2 0 2 2 2 0 2 2 2 2 2 2 0 0 2 2 2 2 2 2 2 2 0 2 2 2 2
199 2 2 2 2 2 0 2 2 2 2 2 2 2 2 2 0 2 0 0 2 0 2 2 2 0 0 2 2 0 0 2 2 0 2 2 1 2 2 2 2 2 0 2 2 2 2 2 0 2 2 2 2 2 2 2 2 2 2 2 2 2 2 0 2 2 2 2 2 2 2 2 2 2 2 2 0 2 2 2 2 2 2 0 2 0 2 2 2 2 2 2 2 2 2 0 0 2 2 2 2 2 2 2 2 2 2 2 2 0 2 2 2 2 2 2 2 2 2 2 0 0 2 2 2 1 2 2 2 2 0 2 2 2 0 2 2 2 2 2 2 0 2 2 2 2 2 2 2 1 2 2 2 2 2 2 2 2 2 2 0 2 2 2 2 2 2 1 1 0 0 2 2 2 2 0 2 2 2 0 0 2 2 2 2 2 2 2 2 2 2 2 2 2 2 2 2 2 2 2 2 2 2 2 2 2 2 2 2 2 2 2 2 2 2 2 2 2 2 2 2 2 2 2 2 2 2 2 2 0 2 2 2 0 2 2 2 0 1 2 2 2 2 2 2 2
200 2 2 2 2 2 2 2 2 2 2 0 2 2 2 2 2 2 2 2 2 2 2 2 2 2 2 2 2 2 2 2 2 2 0 2 2 0 2 2 2 2 2 0 2 2 2 2 2 2 2 2 2 2 2 2 2 2 2 2 2 2 2 2 0 2 2 2 2 0 0 2 0 2 2 2 2 2 2 2 2 2 2 2 2 2 2 2 2 2 2 2 2 2 2 2 2 2 2 2 2 2 2 2 2 2 2 0 2 2 2 2 0 2 2 2 0 2 2 2 2 2 2 0 2 0 2 2 2 0 2 2 2 2 2 2 2 2 2 2 2 2 2 2 2 0 2 2 2 2 0 2 2 2 0 2 2 2 2 1 2 2 2 0 2 2 2 2 1 2 2 2 0 2 2 2 2 2 0 2 2 2 2 2 2 2 2 2 0 2 2 2 2 2 2 2 2 2 2 0 2 2 2 2 0 2 2 2 0 2 2 2 2 2 0 2 2 2 2 2 0 0 2 2 2 2 2 2 2 2 2 2 2 2 2 2 2 2 2 2 0 2 2 2 2 0
201 0 2 0 0 0 2 0 0 0 0 2 0 0 0 2 0 2 0 0 0 0 2 2 0 0 0 2 2 0 0 0 2 0 0 0 2 0 2 0 0 0 0 0 0 0 0 2 0 0 0 0 2 2 2 2 2 0 2 0 0 2 0 0 0 0 0 2 0 0 0 0 2 2 2 2 0 0 0 0 2 2 2 2 0 0 2 0 0 0 0 0 0 2 0 0 0 2 0 0 0 2 2 2 0 0 0 0 0 0 2 0 0 0 0 0 2 2 2 0 0 0 0 2 0 0 0 0 0 0 2 2 0 2 0 2 0 2 2 2 2 0 0 2 2 0 2 2 0 1 0 2 0 0 0 0 2 0 2 1 0 0 2 0 0 0 2 2 0 2 0 2 0 2 0 2 2 2 0 0 0 2 2 2 2 0 0 0 0 0 0 0 2 0 2 0 2 2 2 0 0 0 0 2 0 2 0 2 0 2 0 2 0 0 0 0 2 2 0 0 0 0 0 0 0 2 0 2 2 0 0 2 0 0 2 0 0 0 0 0 0 2 2 0 0 0
202 2 0 2 2 2 2 2 2 2 2 2 2 2 2 2 2 2 2 2 2 2 0 0 2 2 2 2 0 2 2 2 0 2 2 2 2 2 2 2 2 2 2 2 2 2 2 2 2 2 2 2 2 0 0 0 0 2 2 2 2 2 2 2 2 2 2 2 2 2 2 2 2 0 0 2 2 2 2 2 2 2 0 2 2 2 2 2 2 2 2 2 2 0 2 2 2 2 2 2 2 2 2 0 2 2 2 2 2 2 0 2 2 2 2 2 2 2 0 2 2 2 2 2 2 2 2 2 2 2 2 2 2 2 2 2 2 2 2 0 2 2 2 2 2 2 2 2 2 2 2 2 2 2 2 2 2 2 2 2 2 2 2 2 2 2 2 2 2 2 2 2 2 2 2 2 2 0 2 2 2 2 2 2 2 2 2 2 2 2 2 2 2 2 2 2 2 2 2 2 2 2 2 2 2 2 2 2 2 2 2 2 2 2 2 2 2 2 2 2 2 2 2 2 2 2 2 2 2 2 2 2 2 2 2 2 2 2 2 2 2 2 2 2 2 2
203 2 0 2 0 2 0 0 2 2 2 0 2 2 2 0 2 0 2 2 2 2 2 0 2 2 2 0 2 2 2 2 2 2 0 2 0 2 0 2 2 0 2 0 2 2 2 2 2 2 0 0 2 0 0 0 0 2 0 2 0 2 2 0 2 0 2 0 2 2 2 2 0 0 0 0 2 2 2 2 2 0 2 0 0 2 0 2 2 2 2 2 2 0 2 0 2 0 2 2 2 0 0 0 0 2 2 0 2 2 0 2 2 2 2 0 0 0 0 2 2 2 2 0 2 2 0 0 0 0 0 2 2 0 2 2 0 0 0 2 0 2 2 0 0 0 0 2 2 1 0 0 0 2 0 2 0 0 0 0 2 0 0 0 0 2 0 2 2 2 2 0 2 0 2 2 0 2 0 2 2 0 2 0 0 2 0 2 2 2 2 1 0 2 2 2 0 0 0 0 2 2 2 0 2 2 2 0 0 2 2 0 2 2 0 2 2 0 1 0 2 0 0 2 2 0 2 0 0 2 2 0 2 2 0 2 0 2 2 2 0 0 0 2 2 0
204 2 2 2 2 2 2 2 2 2 2 2 2 2 2 2 2 0 0 2 2 2 2 2 2 2 2 2 2 0 2 2 2 2 2 2 2 2 2 2 2 2 2 2 2 2 2 2 2 2 0 2 2 2 2 2 2 2 2 2 2 2 2 2 2 2 2 2 2 2 2 2 2 2 2 0 2 2 2 2 2 2 2 2 2 2 2 2 2 2 2 2 2 2 2 2 2 2 2 2 2 2 2 2 2 2 2 2 2 2 2 2 2 2 2 2 2 2 2 2 2 2 2 2 2 2 2 2 2 2 2 2 2 2 2 2 2 2 2 2 2 2 2 2 2 2 2 2 2 2 2 2 2 2 2 2 2 0 2 2 2 2 2 2 2 2 2 2 2 2 2 2 2 2 2 2 2 2 2 2 2 0 2 2 2 2 2 2 2 2 2 2 0 2 2 2 2 2 2 0 2 2 2 2 2 2 2 2 0 2 2 2 2 2 2 2 2 2 2 2 2 2 2 2 2 2 2 0 2 2 2 2 2 2 2 2 2 2 2 2 0 2 0 2 2 2
205 0 2 0 2 0 2 0 0 0 0 0 0 0 0 0 2 0 0 0 0 0 0 0 0 2 2 0 0 0 0 2 0 0 2 0 1 0 2 0 0 0 0 2 2 0 0 0 0 0 0 0 0 2 2 0 0 0 2 0 0 0 0 0 0 0 0 2 0 0 0 2 0 2 2 0 0 0 0 0 2 0 0 0 0 2 0 0 0 0 0 0 0 2 0 2 0 2 0 0 0 0 0 2 0 2 0 0 0 2 2 0 0 0 0 0 0 0 2 0 0 2 0 0 2 0 0 0 0 0 2 0 0 0 0 2 0 0 2 0 0 0 0 0 0 0 0 0 2 1 0 0 0 2 2 0 0 0 0 1 0 2 0 2 2 0 2 0 0 0 0 0 0 0 2 0 0 0 2 0 0 0 2 0 0 2 2 0 0 0 0 0 0 0 2 0 0 0 0 0 0 0 0 0 0 2 0 0 0 0 0 0 0 0 0 0 0 0 2 2 0 0 2 0 0 0 0 0 0 0 2 0 2 0 0 0 0 0 0 0 0 0 0 0 0 2
206 2 2 2 2 0 0 0 2 2 2 2 2 0 2 0 0 2 2 2 2 2 2 2 2 2 2 0 2 2 2 0 2 2 2 0 0 2 0 2 2 2 2 2 2 2 2 2 2 2 2 2 2 2 2 2 2 2 0 2 2 2 2 2 2 2 0 0 2 2 2 2 2 2 2 2 2 2 2 0 2 2 2 0 2 0 0 2 0 2 0 2 2 2 0 0 2 0 2 2 2 2 0 2 2 2 2 0 2 0 2 0 2 2 2 0 2 2 2 0 2 2 2 2 2 2 0 2 2 2 0 2 0 0 2 0 0 0 0 2 0 2 2 0 0 2 0 2 0 1 0 2 0 2 0 0 2 0 0 1 2 0 0 2 0 2 0 2 2 2 2 0 2 0 2 2 0 2 0 2 2 2 2 0 0 2 0 0 2 2 2 1 2 0 0 0 0 0 0 2 2 0 2 2 2 0 2 0 2 2 2 0 0 2 2 0 2 2 0 2 2 2 0 2 0 0 0 2 0 0 0 0 0 2 0 0 2 2 2 0 2 2 2 2 0 0
207 2 2 2 0 2 2 2 2 2 2 2 0 2 2 2 2 2 2 0 2 2 0 2 2 2 2 2 0 2 0 2 0 2 2 2 2 0 2 2 2 2 0 2 2 2 2 2 0 2 2 2 0 2 2 2 2 2 2 2 0 2 2 2 0 2 2 2 0 0 0 2 2 2 2 2 0 2 0 2 2 0 0 2 2 2 2 2 2 2 2 0 2 2 2 2 2 2 2 2 2 2 2 2 2 2 2 2 2 2 2 2 0 2 2 2 2 2 2 2 2 2 0 2 2 0 2 2 0 2 2 2 2 2 2 2 2 2 2 0 2 0 0 2 2 0 2 0 2 2 2 2 2 2 2 2 2 2 2 2 2 2 2 2 2 0 2 2 1 2 2 2 0 2 2 2 2 0 2 2 0 2 2 2 2 2 2 2 2 0 2 2 2 2 2 2 2 2 2 2 2 2 0 2 0 2 0 2 2 2 2 2 2 2 0 2 2 2 2 0 0 0 2 0 2 2 2 2 2 2 2 2 2 0 2 2 2 2 0 2 2 2 2 2 2 2
208 0 0 2 0 0 0 0 0 2 0 0 2 0 0 0 2 0 0 0 2 0 0 0 0 2 2 0 0 0 0 0 0 0 0 2 0 0 2 2 2 0 0 0 0 0 2 0 0 2 0 0 0 0 0 0 0 0 2 2 0 0 0 2 0 0 0 2 0 0 0 0 2 0 0 0 0 2 2 0 0 0 0 0 0 0 0 2 0 0 2 0 2 0 0 0 0 0 0 0 2 0 0 0 2 0 2 0 2 2 0 0 0 0 0 2 2 2 0 0 0 2 0 2 0 0 0 0 0 0 0 0 0 0 0 0 0 0 2 0 0 0 0 0 0 0 2 0 0 1 0 0 0 0 0 0 0 0 0 0 0 0 2 0 0 0 0 0 1 0 0 2 0 0 0 0 0 0 0 0 0 0 0 0 0 0 0 0 0 0 0 0 0 0 0 0 0 0 0 0 0 2 0 2 0 0 0 0 0 0 0 0 0 2 0 0 0 2 2 2 0 0 2 0 0 2 0 0 0 0 0 2 2 0 0 0 0 0 0 0 0 2 0 0 0 0
209 2 2 2 2 2 2 2 2 2 2 2 2 2 2 0 2 0 2 2 2 2 2 2 2 2 2 2 2 2 2 2 2 2 2 2 2 2 2 2 2 2 2 2 2 2 2 2 2 2 2 2 2 2 2 2 2 2 2 2 2 2 2 2 2 2 2 2 2 2 2 2 2 2 2 0 2 2 2 2 2 2 2 2 2 2 2 2 2 2 2 2 2 2 2 0 2 2 2 2 2 2 2 2 2 2 2 2 2 2 2 2 2 2 2 2 2 2 2 2 2 2 2 2 2 2 2 2 2 2 2 2 2 2 2 2 2 2 2 2 2 2 2 2 2 2 2 2 2 1 2 2 2 2 2 2 2 2 2 2 2 2 2 2 0 2 2 2 2 2 2 2 2 2 2 2 2 2 2 2 2 0 2 2 2 2 0 2 2 2 2 2 0 2 2 0 2 2 2 2 2 2 2 2 2 2 2 2 2 2 2 2 2 2 2 2 2 2 2 2 2 2 2 2 2 2 2 0 0 2 2 2 2 2 0 2 2 2 2 2 2 2 0 2 0 2
210 0 2 0 2 2 0 0 0 0 0 0 0 2 0 2 0 2 2 2 2 0 0 2 0 2 0 2 0 2 2 2 0 0 2 2 1 0 0 2 0 2 2 2 2 0 0 2 2 0 0 2 2 2 2 2 2 2 0 0 2 2 2 2 0 2 2 0 2 0 0 0 2 2 2 2 2 0 0 0 0 2 2 2 0 0 2 0 2 0 2 2 2 2 0 2 0 0 2 0 0 2 2 2 0 2 0 2 2 0 2 2 2 2 2 0 2 0 2 0 0 2 0 0 2 0 0 2 2 2 0 2 0 2 0 0 2 2 2 2 2 2 2 2 2 2 2 2 2 1 2 2 0 2 2 2 0 2 2 2 2 0 2 2 2 2 2 2 1 2 2 2 0 2 0 2 2 2 2 2 2 2 2 2 2 0 2 0 0 2 0 0 2 2 2 2 2 2 2 2 2 0 2 0 0 0 2 2 2 2 2 0 0 0 2 0 2 0 0 0 0 2 0 2 2 2 2 2 2 0 2 2 0 2 2 0 2 0 2 0 2 0 2 2 2 2
211 0 2 0 0 2 0 2 0 0 0 0 0 2 0 0 2 0 2 2 0 0 0 2 0 0 0 0 0 2 2 0 0 0 2 2 1 0 0 0 0 0 2 0 0 0 0 0 2 0 0 0 2 0 0 2 2 0 0 0 0 0 0 0 0 0 2 0 0 0 0 0 2 0 0 0 2 0 0 0 0 0 0 0 2 2 0 0 0 0 2 0 0 0 0 2 0 0 0 0 0 0 0 2 0 0 0 0 2 0 2 2 0 0 0 0 0 0 0 0 0 0 0 0 0 0 2 0 0 0 0 0 0 0 0 0 0 0 0 0 0 2 0 0 0 0 0 2 0 0 0 0 0 0 0 2 0 0 0 1 0 0 0 2 0 0 0 0 0 0 0 0 0 0 0 0 0 0 0 0 2 0 0 0 0 0 0 0 0 0 0 0 0 0 0 0 0 0 0 0 2 0 0 0 2 0 0 2 0 0 0 0 0 0 0 0 0 0 1 0 0 0 2 0 0 0 2 0 2 0 0 0 2 2 0 0 0 0 2 0 0 0 0 0 0 0
212 2 0 2 0 0 2 2 2 2 2 0 0 0 2 2 2 2 0 0 0 0 0 0 2 2 2 2 0 0 0 0 0 0 2 0 2 2 0 0 0 2 0 2 2 2 2 2 0 2 2 2 2 2 2 0 0 2 0 2 0 2 0 0 2 2 0 0 2 2 2 2 2 2 2 2 0 2 0 2 2 2 2 0 2 2 2 2 2 2 0 2 0 2 2 0 0 2 0 2 2 2 2 0 0 2 2 2 0 0 0 0 2 2 0 0 0 0 2 2 0 2 0 0 2 2 2 2 2 2 2 2 0 2 0 2 2 2 0 2 2 0 2 2 2 2 2 2 2 2 2 2 2 2 2 0 2 2 2 2 0 2 2 2 2 2 2 2 2 2 0 2 2 2 2 2 2 2 2 0 0 2 2 0 2 2 2 0 0 2 2 1 2 2 2 2 2 0 2 2 2 2 2 2 2 2 0 0 2 2 0 2 2 2 2 0 2 2 1 2 2 2 2 2 2 2 2 2 2 2 2 2 2 0 2 2 2 2 0 2 2 0 0 0 2 2
213 2 2 2 2 2 2 2 2 2 2 2 2 2 2 0 2 0 2 2 2 2 2 2 2 2 2 0 2 2 2 2 2 2 2 2 1 0 2 2 2 2 2 2 0 2 2 2 2 2 2 2 2 2 2 2 2 2 2 2 2 2 2 2 2 2 2 2 2 2 0 2 2 2 2 0 2 2 2 2 2 2 2 2 2 2 2 2 2 0 2 0 2 0 2 2 2 2 2 2 2 2 2 2 2 2 2 2 2 2 2 2 2 2 2 2 2 2 2 2 2 2 2 2 0 2 2 2 0 0 2 2 2 2 2 2 0 2 2 2 2 2 0 2 2 2 0 2 2 1 2 2 2 2 2 2 2 0 2 2 2 2 0 2 0 0 2 0 1 2 2 0 2 0 2 0 2 2 2 2 2 0 2 2 0 2 0 2 2 0 2 2 0 2 0 0 2 2 2 0 2 2 0 0 2 2 2 2 0 2 2 2 0 2 2 2 2 0 2 2 0 2 2 2 2 0 2 0 2 2 0 0 2 2 0 0 2 2 2 2 0 2 2 2 0 2
214 0 2 2 0 2 0 2 2 2 0 2 0 2 0 0 2 2 2 2 2 0 2 2 0 2 2 2 2 2 2 2 2 2 2 2 2 2 0 2 2 2 2 0 2 0 2 0 2 2 0 0 0 0 2 2 2 0 0 2 2 0 2 2 2 0 2 0 2 0 2 0 2 2 0 2 2 2 0 2 2 2 2 2 0 2 0 2 2 0 2 0 2 2 2 2 2 2 2 2 2 0 0 2 2 0 2 0 0 2 2 2 2 0 2 0 2 2 2 2 2 2 2 2 2 0 2 2 0 0 0 0 0 2 2 2 2 2 2 2 0 2 0 0 0 2 2 0 2 1 2 0 0 0 0 2 0 2 2 1 0 0 2 2 2 0 0 2 2 0 0 2 0 2 0 2 2 0 0 0 2 0 0 2 2 0 0 0 2 0 0 0 0 2 2 0 0 2 2 2 0 2 0 2 0 2 2 2 2 0 2 0 2 2 2 0 0 2 1 2 2 2 0 2 2 2 0 0 0 2 2 0 0 2 0 2 0 2 2 2 2 2 2 2 0 0
215 2 2 2 2 2 2 2 2 2 2 2 0 2 2 2 2 2 2 2 2 2 2 2 2 2 2 2 2 2 2 2 2 2 2 2 2 2 2 2 2 2 2 2 2 2 2 2 2 2 2 2 2 2 2 2 2 0 2 2 2 2 2 2 2 2 2 2 2 0 2 0 2 2 2 2 2 2 0 2 2 2 2 2 2 2 2 2 2 2 2 2 2 2 2 2 2 2 2 2 2 2 0 2 2 0 2 2 2 2 2 2 2 2 2 2 2 2 2 2 2 2 2 2 2 2 2 2 2 0 2 0 2 2 2 2 2 2 2 2 2 2 2 2 2 2 2 2 2 2 2 2 2 2 2 2 0 2 2 2 2 2 2 2 2 2 2 2 2 0 2 2 2 2 0 2 2 0 2 2 2 2 2 2 2 0 2 2 2 2 2 2 2 2 2 2 2 2 2 2 0 2 2 2 2 2 2 2 2 2 2 0 2 2 2 2 2 2 2 2 2 2 2 2 2 2 2 2 2 2 2 2 2 2 2 2 2 2 2 2 2 2 2 2 2 2
216 2 0 0 2 0 2 0 0 0 2 0 2 0 2 2 0 0 0 0 0 2 0 0 2 2 0 0 0 0 0 0 0 0 2 0 0 0 2 0 0 2 0 2 2 2 0 2 0 0 2 2 2 2 2 0 0 2 2 0 0 2 0 0 0 2 0 2 2 2 0 2 2 0 2 0 0 0 2 0 0 0 2 0 2 0 2 0 0 2 0 2 0 0 0 0 0 0 0 0 0 2 2 0 0 2 2 2 2 0 0 0 0 2 0 2 0 0 2 0 0 0 0 0 2 2 0 2 2 2 2 2 2 0 0 0 0 0 0 2 2 0 2 2 2 2 0 2 0 2 0 2 2 2 2 0 2 0 0 2 2 2 0 2 0 2 2 0 1 2 2 0 2 0 2 0 0 2 2 2 0 2 2 0 0 2 2 2 0 2 2 2 2 0 0 2 2 0 0 0 1 0 2 0 2 0 2 0 0 2 0 2 0 0 2 2 2 0 1 0 0 2 2 2 0 0 2 2 2 0 2 2 2 0 2 0 2 0 0 0 0 0 2 0 2 2
217 0 2 2 2 2 2 2 0 2 0 2 2 2 0 2 2 2 2 2 2 2 2 2 0 2 2 2 2 2 2 2 2 2 2 2 2 2 2 2 2 2 2 0 0 0 2 2 2 2 2 2 2 2 0 2 2 0 2 2 2 2 2 2 2 2 2 2 2 0 2 2 2 0 2 2 2 2 2 0 2 0 2 2 2 2 2 2 2 2 2 0 2 2 0 2 2 2 2 0 2 0 2 2 2 2 2 0 2 2 2 2 2 0 2 2 2 2 0 0 2 2 2 2 0 0 2 2 2 2 2 2 2 2 2 2 0 2 2 2 2 2 0 2 2 0 2 2 2 2 2 0 2 2 2 0 2 2 2 2 2 2 2 2 2 0 2 2 2 2 2 2 0 2 2 2 2 2 2 2 2 2 2 2 2 2 2 2 2 0 0 1 2 2 2 0 2 2 2 2 2 2 0 2 0 2 0 2 2 2 2 2 2 2 0 2 0 2 2 0 2 0 2 2 2 2 0 2 0 0 2 2 2 2 0 2 0 2 2 0 2 2 0 2 0 2
218 2 2 2 2 2 2 2 2 2 2 2 2 2 2 2 2 2 2 2 2 2 2 2 2 0 2 2 2 2 2 2 2 2 0 2 2 2 2 2 2 0 2 2 2 2 2 0 2 2 2 2 0 2 2 2 2 2 2 2 2 2 2 2 2 2 2 2 2 2 2 2 2 2 2 2 2 2 2 2 2 2 2 2 0 2 2 2 2 2 2 2 2 2 2 2 2 2 2 2 2 2 0 2 2 0 2 2 2 2 2 2 2 2 2 2 2 0 2 2 2 2 2 2 2 2 2 0 2 2 2 2 2 2 2 2 2 2 2 2 2 2 2 2 2 2 2 0 2 1 2 2 0 2 2 2 2 2 2 1 2 0 2 0 2 2 2 2 1 2 2 2 2 2 2 2 2 2 2 2 2 2 2 0 2 2 2 2 2 2 2 2 2 2 2 2 2 2 2 2 0 2 2 2 2 2 2 2 2 0 2 2 2 2 2 2 2 2 2 2 2 2 2 2 2 2 2 2 2 2 2 2 2 2 2 2 2 2 2 2 2 0 2 2 2 2
219 2 2 2 2 2 2 2 2 2 2 2 2 2 2 2 2 2 2 2 2 2 2 2 2 2 2 2 2 2 2 2 2 2 2 2 2 2 2 2 2 2 2 0 0 2 2 2 2 2 2 2 2 2 2 2 2 0 2 2 2 2 2 2 2 2 2 2 2 2 2 2 2 2 2 2 2 2 2 2 2 0 2 2 2 2 2 2 2 2 2 0 2 2 2 2 2 2 2 2 2 0 2 2 2 2 2 2 2 2 2 2 2 0 2 2 2 2 2 2 2 2 2 2 0 2 2 2 2 2 2 2 2 2 2 2 0 2 2 2 2 2 0 2 2 0 2 2 2 2 2 2 2 2 2 2 2 2 2 2 2 2 2 2 2 0 2 2 2 2 2 2 2 2 2 2 2 2 2 2 2 2 2 2 2 2 2 2 2 0 2 2 2 2 2 0 2 2 2 2 2 2 0 2 2 2 0 2 2 2 2 2 2 2 0 2 2 2 2 2 2 0 2 2 2 2 2 2 0 2 2 2 2 2 0 2 2 2 2 2 2 2 0 2 0 2
220 0 0 0 0 2 2 0 2 0 0 2 0 2 0 0 2 0 2 0 2 2 2 0 0 2 0 2 2 2 0 2 2 2 2 0 1 0 2 2 2 0 2 0 2 0 0 2 2 0 0 2 2 2 0 0 0 2 2 0 2 2 0 2 0 2 2 2 2 2 0 2 2 2 2 0 0 0 0 2 0 2 2 0 2 2 0 0 2 2 0 2 2 2 2 2 2 0 2 2 0 2 0 0 2 0 2 0 0 0 0 0 2 2 2 0 0 2 0 2 2 0 2 2 2 0 0 0 2 2 2 0 2 0 2 2 0 0 0 0 0 2 2 0 0 0 0 2 2 1 2 2 2 2 2 0 0 0 0 1 2 2 0 2 0 2 0 2 1 0 2 0 2 2 0 2 0 2 2 2 2 2 0 2 2 0 2 0 2 2 0 1 2 2 2 2 0 0 0 0 2 0 2 0 0 2 0 2 0 2 2 0 2 0 0 2 2 0 1 0 0 0 2 2 0 0 2 2 2 0 2 0 2 2 2 2 2 2 2 2 0 2 2 0 2 2
221 2 2 2 2 2 2 0 2 2 2 2 2 2 2 2 2 2 2 2 2 0 2 0 2 2 2 2 2 2 2 2 2 2 2 2 0 0 2 2 2 2 2 2 2 2 2 2 2 2 2 0 2 2 2 0 0 2 2 2 2 2 2 0 2 2 2 2 2 2 2 2 2 0 2 2 2 2 2 0 2 2 2 2 2 0 2 2 2 2 2 2 2 2 2 2 2 2 2 2 2 2 2 2 2 2 2 2 2 2 2 0 2 2 2 2 2 2 2 2 2 2 2 2 2 2 0 2 2 2 2 2 2 2 2 2 2 2 2 2 2 2 2 2 2 2 2 2 2 2 2 2 2 2 2 0 2 2 2 2 2 2 2 2 2 2 2 2 2 2 2 2 2 2 2 2 2 2 2 2 2 2 2 2 2 2 2 2 2 2 2 2 2 2 2 2 2 2 2 2 2 2 2 2 0 2 2 2 2 2 2 2 2 2 2 2 2 2 2 0 2 2 2 2 0 2 2 2 2 2 2 2 2 2 2 2 2 2 2 2 2 2 2 0 2 2
222 0 2 2 0 0 2 2 0 2 0 2 2 0 0 2 2 0 2 0 2 2 2 2 0 2 2 0 2 2 0 2 2 2 0 2 1 2 2 2 2 0 0 0 0 0 2 2 0 2 2 2 0 2 0 2 2 2 2 2 2 2 0 2 2 2 0 2 2 0 2 0 0 2 2 0 0 2 2 2 2 0 0 2 2 2 0 2 2 2 2 0 2 2 2 2 2 2 0 0 2 2 0 2 0 2 0 0 2 2 2 2 2 2 0 2 2 2 2 0 2 0 0 2 0 2 2 0 2 2 2 2 2 2 2 2 2 2 0 2 0 0 2 0 2 2 2 0 2 2 0 2 2 2 0 2 2 2 2 1 2 0 2 0 0 2 0 0 2 2 2 2 0 0 2 0 2 2 0 2 0 2 2 2 0 2 2 2 2 2 0 1 2 2 0 2 0 2 2 0 2 0 0 2 2 2 2 0 0 2 0 2 2 2 2 2 2 2 2 2 2 2 2 2 0 2 2 2 2 0 2 2 2 0 2 2 0 2 0 0 0 2 2 2 2 0
223 2 2 2 2 2 2 2 0 2 2 0 2 2 2 2 2 2 2 2 2 2 2 2 2 2 2 2 2 2 2 2 2 2 2 2 2 2 2 2 2 2 2 0 2 2 2 2 2 2 2 2 2 2 2 2 2 2 2 2 2 2 2 0 0 2 2 2 2 0 2 2 2 2 2 2 2 2 2 2 2 2 2 2 2 2 2 2 2 2 2 2 2 0 2 2 2 2 2 0 2 2 2 2 0 2 2 2 2 2 2 2 2 2 2 2 2 2 2 2 2 2 2 2 2 2 2 2 2 2 2 2 2 2 2 2 2 2 2 0 2 2 2 2 2 2 2 2 2 2 2 2 2 0 2 0 2 2 2 2 2 2 2 2 2 2 2 2 2 0 2 2 2 2 2 2 2 0 2 2 2 2 2 2 2 2 2 2 2 2 2 2 2 2 2 2 2 2 2 2 2 2 2 2 2 2 2 2 2 2 2 2 2 2 2 2 0 2 2 2 2 2 2 2 0 2 0 2 0 2 2 2 2 2 2 2 2 2 2 2 2 2 2 2 2 2
224 0 0 0 0 0 0 0 0 0 0 0 0 0 0 0 0 2 0 0 0 0 2 0 0 0 0 2 2 0 0 0 2 0 2 0 2 0 0 0 0 2 0 0 2 0 0 2 0 0 0 2 0 0 0 0 0 2 0 0 0 2 0 0 0 0 0 0 0 0 2 2 0 0 0 2 0 0 0 2 0 2 0 2 0 0 2 0 0 2 0 2 0 0 2 0 0 0 0 0 0 2 0 0 0 2 0 2 2 0 0 0 0 0 0 0 0 0 0 0 0 0 0 0 2 0 0 2 0 2 0 0 2 2 0 0 2 0 0 0 2 0 2 2 2 0 2 0 2 0 0 2 2 0 2 0 0 0 0 2 2 2 2 2 2 2 2 0 0 0 2 0 2 2 0 0 0 2 2 2 0 0 0 2 2 0 0 0 0 2 0 0 0 0 0 0 2 2 0 2 2 0 2 0 0 0 2 2 2 2 0 0 2 0 0 2 0 0 0 0 0 0 0 0 0 2 0 0 2 0 0 0 0 0 0 2 2 2 0 0 2 0 0 0 2 2
225 2 0 0 2 2 0 2 2 0 2 2 2 2 2 2 2 2 2 2 2 2 0 0 2 0 0 2 0 2 2 2 0 2 0 2 1 0 0 2 2 2 2 0 2 2 0 2 2 0 0 2 0 2 2 0 0 2 0 0 0 0 2 2 2 2 2 0 2 2 2 2 2 0 2 2 2 0 2 2 2 2 2 2 2 2 2 0 0 2 2 2 2 2 2 2 2 2 2 2 0 2 2 0 2 2 0 2 0 2 0 0 2 2 2 2 2 2 2 2 2 2 2 2 2 2 2 2 2 2 0 2 2 2 2 2 2 2 2 2 2 2 2 2 0 0 2 0 0 1 0 2 0 0 2 2 2 2 2 0 2 2 2 0 2 2 2 2 1 2 2 2 0 2 2 2 2 2 2 2 2 2 2 0 2 2 2 0 0 2 2 2 2 0 2 2 2 0 0 2 2 2 2 0 0 2 2 0 2 2 2 2 2 0 0 2 2 0 1 2 2 0 0 2 2 2 2 2 2 0 2 0 2 2 2 2 2 2 2 2 2 2 2 0 2 2
226 2 2 2 2 0 2 2 2 2 2 2 2 0 2 2 2 2 2 2 2 2 2 0 2 2 2 2 2 2 2 0 2 2 2 2 2 0 2 2 2 2 2 2 2 2 2 2 2 2 2 2 2 2 2 0 0 2 2 2 2 2 2 2 2 2 0 2 2 2 0 0 2 2 2 2 2 2 2 0 2 2 2 0 2 2 0 2 0 2 2 0 2 2 0 0 2 2 0 2 2 0 2 2 2 2 2 0 0 2 2 2 2 2 2 2 2 2 2 2 2 0 2 2 2 2 2 2 2 2 2 2 0 2 2 2 2 2 2 2 0 2 0 2 2 2 2 2 2 2 2 0 2 0 2 2 2 2 0 2 2 2 2 2 0 0 2 2 2 2 2 2 2 0 2 2 2 2 2 2 2 2 2 2 2 2 0 0 2 0 2 1 2 0 2 2 2 2 2 0 2 2 0 0 2 2 2 0 0 2 0 2 0 2 2 2 2 0 1 2 2 2 0 2 2 2 2 2 2 0 2 0 2 2 2 0 2 2 2 2 0 2 2 0 2 2
227 2 0 2 0 2 2 0 0 2 2 2 2 2 2 2 2 2 2 2 2 2 2 2 2 2 0 2 2 2 2 2 2 2 2 2 2 2 0 2 2 2 2 2 2 2 2 2 2 2 2 2 2 2 2 2 2 2 0 2 2 2 2 2 2 2 2 0 2 2 2 2 2 2 2 2 2 2 2 2 0 2 2 2 0 2 2 2 2 2 2 2 2 2 2 2 2 2 0 0 2 2 2 0 2 0 0 2 2 2 0 2 0 2 2 0 0 2 2 2 2 2 2 0 2 0 0 2 0 2 2 2 2 0 2 0 2 2 0 2 2 2 2 2 2 2 2 2 2 2 0 2 2 2 2 2 2 2 2 2 2 0 2 2 2 2 2 2 2 2 2 2 2 2 0 2 2 2 2 2 2 2 0 2 2 0 2 2 2 2 2 2 2 2 0 2 2 2 2 2 2 0 2 2 2 0 2 2 2 2 0 2 2 2 2 2 2 2 2 2 2 2 2 2 2 2 2 2 2 2 2 2 0 2 2 2 2 0 2 2 2 2 2 2 2 2
228 2 2 2 2 0 2 2 2 2 2 2 2 0 2 2 2 2 2 2 2 2 2 0 2 2 2 2 2 2 2 2 2 2 2 0 2 2 2 2 2 2 2 2 2 2 2 2 2 2 2 2 2 2 2 0 0 2 2 2 2 2 2 2 2 2 0 2 2 2 0 2 2 2 2 2 2 2 2 0 2 0 2 2 2 2 2 2 0 2 0 2 2 2 0 0 2 2 2 2 2 2 2 2 2 2 2 2 2 2 2 2 2 2 2 2 2 2 2 0 2 2 2 2 2 2 2 2 2 0 2 2 2 2 2 2 2 0 2 2 2 2 0 0 2 2 0 2 2 2 2 0 2 2 2 2 2 2 0 2 2 2 0 2 2 2 2 2 2 2 2 0 0 2 2 2 0 2 2 2 2 2 2 0 2 2 2 2 2 2 2 1 2 0 2 2 0 2 2 2 2 2 2 0 0 2 2 2 2 2 2 2 2 2 2 0 2 0 2 0 2 2 2 2 0 0 2 2 2 2 2 0 2 2 2 2 2 2 2 0 2 2 2 0 2 2
229 0 2 0 0 0 0 0 0 0 0 0 0 0 0 0 0 0 0 0 0 0 0 0 0 0 0 0 0 0 0 0 0 2 0 0 0 0 2 0 0 0 0 0 0 0 0 0 0 0 0 0 2 0 0 0 0 0 2 0 0 0 0 0 2 0 0 2 0 2 2 2 0 0 0 0 0 0 0 0 0 2 0 0 0 0 0 0 2 0 0 0 0 0 0 2 2 0 0 0 0 0 0 2 0 0 0 0 0 2 2 0 0 0 0 0 0 0 0 0 2 0 0 0 0 0 0 0 2 0 0 0 0 0 2 0 0 0 2 0 0 0 0 0 0 0 2 2 0 0 0 0 0 2 0 0 0 0 0 0 0 2 2 0 0 0 0 0 1 0 0 0 0 0 0 0 0 0 0 0 0 0 0 0 0 0 0 0 2 0 0 0 0 2 0 2 0 0 2 0 0 0 0 0 0 0 0 0 0 0 0 0 2 0 0 0 0 0 0 0 2 0 0 0 2 2 0 0 0 0 0 2 0 0 0 2 0 0 0 0 0 0 0 0 0 0
230 2 2 0 2 2 2 2 2 0 2 0 0 2 2 2 2 2 0 2 2 2 2 2 2 2 2 2 2 0 2 0 2 2 2 2 2 2 2 0 2 2 2 2 2 2 0 2 2 0 0 0 0 2 2 2 2 2 2 0 2 2 0 2 2 2 2 2 2 2 2 2 2 2 2 2 2 0 0 2 0 2 2 2 0 2 2 0 2 2 2 2 0 2 2 2 2 2 2 2 0 2 0 2 2 2 2 2 2 0 2 2 2 2 2 2 0 2 2 2 2 2 2 0 2 0 2 2 2 2 2 2 2 2 2 2 2 0 2 2 2 2 2 2 2 2 2 0 2 2 2 2 2 2 0 2 2 2 2 2 0 2 2 2 0 2 2 0 2 2 0 2 0 2 2 0 2 2 0 0 2 2 0 2 2 2 2 2 2 2 2 2 2 2 0 2 2 2 2 2 2 2 2 2 2 2 2 2 2 2 0 2 2 0 2 2 2 2 2 2 2 2 2 2 2 2 2 2 2 2 2 2 2 2 2 2 2 2 2 2 2 2 2 2 2 2
231 2 2 2 2 0 2 0 2 2 2 2 2 0 0 2 2 2 2 2 2 2 2 2 0 2 2 2 2 2 2 2 2 2 2 2 2 2 2 2 2 2 0 2 2 2 2 2 2 2 2 2 2 2 2 2 2 2 2 2 2 2 2 2 2 2 0 2 2 2 2 2 2 2 2 2 2 2 2 2 2 2 2 2 2 0 2 2 2 2 2 2 2 2 2 2 2 2 2 2 2 2 2 2 2 2 2 2 2 2 2 2 0 2 2 2 2 2 2 2 2 2 2 2 2 2 0 2 2 2 2 2 2 2 2 2 2 2 2 2 2 2 2 2 2 2 2 2 2 2 2 2 2 2 2 2 2 2 2 2 0 2 2 2 2 2 2 2 2 2 0 2 2 2 2 2 2 2 2 0 0 2 2 2 2 2 2 2 2 2 2 2 2 2 2 2 2 2 2 2 2 2 2 2 2 2 2 2 2 2 2 2 2 2 2 2 2 2 2 2 2 2 2 2 2 2 2 2 2 2 2 2 2 0 2 2 2 2 0 2 2 2 2 2 2 2
232 2 2 2 0 2 2 2 2 2 2 2 2 2 2 2 2 2 2 2 2 2 2 2 2 2 2 2 2 2 2 2 2 2 2 2 2 2 2 2 2 2 2 0 2 2 2 0 2 2 2 2 2 2 2 2 2 2 2 2 2 2 2 2 2 2 2 2 2 2 2 0 2 2 2 2 2 2 2 2 2 2 2 2 2 2 2 2 2 2 2 2 2 2 2 2 2 2 2 2 2 2 2 2 2 2 2 2 2 2 2 2 2 2 2 2 0 2 2 0 2 2 2 0 2 2 2 2 2 2 2 2 2 2 2 0 2 2 2 2 2 2 2 2 2 2 2 2 0 2 2 2 2 0 2 2 2 2 2 2 2 2 2 2 2 2 2 2 2 2 2 2 2 2 0 2 2 2 2 2 2 2 2 2 2 0 2 2 2 2 2 2 2 2 2 2 2 2 2 2 2 2 2 2 2 0 2 2 2 0 2 2 2 2 2 0 2 2 2 2 2 2 2 2 2 2 2 2 2 2 2 2 2 2 2 2 0 2 2 0 2 2 2 2 2 2
233 2 2 2 0 0 0 2 2 2 2 2 0 1 2 2 0 0 2 0 0 0 2 2 2 0 0 2 2 2 0 2 2 0 2 0 0 2 2 2 0 0 0 2 0 0 2 2 0 2 0 0 0 0 0 2 2 0 2 2 0 2 0 2 2 0 1 2 0 2 2 0 2 2 0 0 0 2 0 2 0 0 0 2 2 2 0 2 2 0 0 0 2 2 2 0 0 0 0 2 2 0 0 2 0 0 0 0 0 0 2 2 2 0 2 2 2 2 0 0 0 0 2 2 0 0 2 0 0 2 0 0 2 0 0 0 0 0 2 0 0 0 2 2 2 0 0 0 0 1 0 2 0 0 0 0 0 0 0 2 0 0 0 2 0 0 0 0 1 0 0 0 0 0 0 0 2 0 0 0 0 0 0 2 2 0 0 2 0 0 2 1 0 2 0 0 2 0 2 0 2 2 0 0 2 0 0 2 0 2 2 2 2 2 0 0 0 0 0 2 2 0 0 0 0 0 2 0 0 0 2 0 0 0 0 2 2 0 0 0 0 2 0 0 0 0
234 2 2 2 2 2 2 2 2 2 2 2 2 2 2 2 2 2 2 2 2 2 2 2 2 2 2 2 2 2 2 2 2 2 2 2 2 2 2 2 2 2 2 2 2 2 2 2 2 2 2 2 2 0 2 2 2 2 2 2 2 2 2 2 2 0 2 2 0 2 2 2 2 2 0 2 2 2 2 2 2 0 2 2 2 2 2 2 2 2 2 2 2 2 2 2 2 0 2 2 2 2 2 2 2 2 2 2 2 2 2 2 2 2 2 2 2 2 2 2 2 0 2 2 2 2 2 2 2 2 2 0 2 2 2 2 2 2 2 2 2 2 2 2 2 2 2 2 2 2 2 2 2 2 2 2 2 2 0 2 2 2 2 2 2 2 2 2 2 2 2 0 2 2 2 2 2 0 2 2 2 2 2 2 2 2 2 2 2 2 2 2 2 2 2 0 2 2 2 2 2 2 2 0 2 2 2 2 2 2 2 2 2 2 2 2 2 0 2 2 2 2 2 0 2 2 2 2 2 2 2 0 2 2 2 2 2 2 2 2 2 2 2 0 2 2
235 0 2 2 0 2 0 2 2 2 0 0 0 2 2 2 0 2 2 0 2 2 0 0 2 2 0 0 0 2 0 0 0 2 2 2 0 2 2 2 0 2 2 2 2 2 2 2 0 2 0 2 2 0 0 0 0 2 2 2 2 2 2 0 0 0 2 2 0 0 0 2 0 0 0 2 0 2 0 0 0 0 0 2 0 2 2 2 0 2 2 2 2 0 0 2 2 0 2 2 2 2 0 2 0 2 2 2 2 0 2 0 2 2 0 2 0 2 0 2 2 0 2 0 2 0 2 2 2 2 0 0 2 2 2 2 0 0 2 0 2 0 2 2 2 2 2 2 0 1 2 2 2 2 2 0 2 2 0 2 0 2 2 2 2 2 2 0 1 0 0 0 2 2 2 0 0 0 2 0 2 2 0 2 0 2 2 2 0 0 0 1 2 0 0 0 2 0 2 0 2 2 2 0 2 2 2 2 0 2 0 0 2 2 2 0 0 0 1 2 0 0 2 0 2 2 0 2 2 0 0 0 2 2 2 2 0 0 2 2 0 2 2 0 2 2
236 2 2 2 2 2 2 2 2 2 2 2 2 2 2 2 2 0 2 2 2 2 2 2 2 2 2 0 2 2 2 2 2 2 2 2 1 2 2 2 2 2 2 0 2 2 2 0 2 2 2 2 2 2 0 2 2 0 2 2 2 2 2 2 2 2 2 2 2 2 2 0 2 2 2 0 2 2 2 2 0 2 2 2 2 2 2 2 2 2 2 2 2 2 2 0 2 2 0 2 2 0 2 2 2 2 0 2 2 2 2 2 2 0 2 2 2 2 2 2 2 2 2 0 2 2 2 2 0 0 2 2 2 2 2 2 2 2 2 2 0 2 0 0 2 2 2 2 2 1 0 2 2 2 2 2 0 0 2 2 2 2 2 2 2 0 0 2 1 2 2 2 2 0 2 2 2 2 2 2 2 2 0 2 0 2 0 2 2 2 2 2 2 2 0 0 0 2 2 2 2 0 2 2 2 2 0 2 2 0 2 2 0 2 2 2 2 2 2 2 2 2 2 2 2 2 2 2 2 2 2 2 2 2 0 0 2 0 2 2 2 2 0 2 0 0
237 2 0 2 2 0 2 2 2 2 2 2 2 0 2 2 2 2 2 2 2 2 2 2 2 2 2 2 2 2 2 2 2 0 2 2 2 2 0 2 2 2 2 2 2 2 2 1 2 2 2 2 2 2 2 2 2 2 0 2 2 2 2 0 2 2 0 0 2 2 2 2 2 0 2 2 2 2 2 2 2 2 2 2 2 2 2 2 2 2 2 2 2 0 2 2 0 2 2 2 2 2 2 0 2 2 2 2 2 2 0 0 2 2 2 2 2 2 2 2 0 2 2 2 2 2 2 2 2 2 2 2 2 2 0 2 2 2 0 2 2 2 2 2 2 2 2 2 2 2 2 2 2 2 2 0 2 2 2 2 2 2 2 2 2 2 2 2 2 2 2 2 2 2 2 2 0 2 2 2 2 2 2 2 2 2 2 2 2 2 2 2 2 2 2 2 2 2 0 1 2 2 2 2 0 2 2 2 2 2 2 2 2 2 2 2 0 2 2 0 2 2 2 2 2 2 0 2 2 2 2 2 2 2 2 2 2 2 2 2 2 2 2 2 2 2
238 0 0 0 0 0 2 0 0 0 0 0 0 0 0 0 2 2 0 2 0 2 0 0 0 0 0 2 0 0 2 0 0 0 2 2 2 0 0 0 0 2 0 0 2 0 0 0 2 0 0 0 0 2 0 0 0 0 0 0 0 0 0 0 0 0 0 0 0 0 0 0 2 0 2 2 2 0 0 0 0 2 0 0 0 2 2 0 0 2 2 2 0 0 0 0 0 2 0 0 0 2 2 0 0 2 0 2 0 2 0 0 0 0 0 0 0 2 2 2 0 2 2 0 2 0 0 0 2 2 2 0 0 0 0 0 0 0 0 2 2 2 2 2 2 0 2 0 2 1 0 0 0 0 0 2 0 2 2 2 0 2 2 2 2 2 0 0 2 0 0 2 0 2 0 0 0 0 0 0 0 0 0 2 2 0 2 0 0 0 0 1 0 0 0 0 2 2 0 0 2 0 2 2 0 0 2 2 0 0 0 2 0 0 0 2 0 2 2 2 2 2 2 0 2 2 0 0 0 2 0 2 0 0 2 0 2 0 0 2 0 2 2 2 2 2
239 2 2 2 2 2 2 2 0 2 2 2 2 2 2 2 2 2 2 2 2 2 2 2 2 2 2 2 2 2 2 2 2 2 2 2 2 2 2 2 2 2 2 0 2 2 2 0 2 2 2 2 2 2 0 2 2 2 2 2 2 2 2 2 2 2 2 2 2 2 2 0 2 2 2 2 2 2 2 2 2 2 2 2 2 2 2 2 2 2 2 2 2 2 2 0 2 2 2 0 2 2 2 2 2 2 2 2 2 2 2 2 2 0 2 2 2 2 2 2 2 2 2 2 2 2 2 2 2 2 2 2 2 2 2 2 2 2 2 2 2 2 2 2 2 2 2 2 2 2 2 2 2 2 2 2 2 2 2 2 2 2 2 2 2 2 2 2 2 2 2 2 2 2 0 2 2 2 2 2 2 2 2 2 2 0 2 2 2 2 2 2 2 2 0 2 2 2 2 2 2 2 2 2 2 2 2 2 2 0 2 2 2 2 2 2 2 2 2 2 2 2 2 2 2 2 2 2 0 2 0 2 2 2 2 2 2 2 2 2 2 2 2 2 2 2
240 0 0 0 0 0 0 0 0 0 0 0 0 0 0 0 0 0 0 0 0 0 0 2 0 0 0 0 0 0 0 0 0 0 0 2 0 2 0 0 2 0 0 0 0 0 0 0 0 0 0 0 0 0 0 2 2 0 0 0 0 2 0 0 0 0 0 0 0 0 0 0 0 0 0 0 0 0 0 2 2 2 0 2 0 0 0 0 0 0 2 0 0 0 2 0 0 2 0 0 0 0 0 0 0 0 2 0 0 0 0 0 0 0 0 0 0 0 0 0 0 0 0 0 0 2 0 0 0 0 0 0 2 0 0 0 0 0 0 0 0 0 0 0 0 0 2 0 0 0 0 0 0 0 0 0 0 0 2 0 0 2 2 0 0 0 0 0 0 0 0 0 0 0 0 0 0 0 0 0 0 0 0 0 0 0 0 2 0 0 0 1 0 0 0 0 0 0 0 0 0 2 0 2 0 0 0 0 0 0 0 0 0 0 0 2 0 2 0 2 0 0 0 0 2 2 0 0 0 0 0 2 0 0 0 0 0 2 0 0 0 0 0 2 0 0
241 0 2 2 2 2 2 2 2 2 0 2 0 2 2 2 2 2 2 2 0 2 2 2 2 2 2 2 2 2 2 2 2 2 2 2 2 2 2 0 2 2 2 2 2 2 2 2 2 2 0 2 2 2 2 2 2 2 2 2 2 2 2 2 0 2 2 2 2 0 2 2 2 2 2 2 2 2 0 2 2 2 2 2 2 2 2 2 0 2 2 2 0 2 2 2 2 2 2 2 2 2 2 2 2 2 2 2 2 2 2 2 2 2 0 2 2 2 2 2 2 2 0 2 2 2 2 2 2 2 2 2 2 2 2 2 2 2 2 2 2 2 2 2 2 2 2 2 2 2 2 2 2 2 2 2 2 2 2 2 2 2 2 2 2 2 2 2 2 2 2 2 2 2 2 2 2 2 2 2 2 2 2 2 2 2 2 2 2 2 0 1 2 0 2 2 2 2 2 0 2 2 2 2 2 2 2 2 0 2 2 2 2 2 2 2 2 2 2 2 2 2 2 2 2 2 2 2 2 2 2 2 2 2 2 2 2 2 2 2 0 2 2 2 2 2
242 2 2 2 2 2 0 2 2 2 2 2 2 2 2 2 0 2 2 0 2 2 2 2 2 2 2 2 2 2 0 2 2 2 2 2 1 2 2 2 2 2 2 2 2 2 2 2 0 2 2 2 2 2 2 2 2 2 2 2 2 2 2 2 2 2 2 2 2 2 2 2 2 2 2 2 0 2 2 2 2 2 2 2 2 0 2 2 2 2 2 2 2 2 2 2 2 2 2 2 2 2 2 2 2 2 2 2 2 0 2 2 2 2 2 2 2 0 2 0 2 0 2 2 2 2 2 2 2 2 0 2 2 2 2 2 2 2 2 2 2 0 2 2 2 2 2 2 2 1 2 2 2 2 2 0 2 2 2 2 2 2 2 2 2 2 2 2 2 2 2 2 2 2 2 2 2 2 2 2 2 2 2 2 2 2 2 2 2 2 2 2 2 2 2 2 2 0 2 2 2 2 2 2 2 2 2 0 2 2 2 2 2 2 2 2 2 2 0 2 2 2 0 2 2 2 2 2 2 2 2 2 2 2 2 2 2 2 2 0 2 0 2 2 2 2
243 2 2 2 0 2 2 2 0 2 2 2 2 2 2 2 2 2 2 2 2 0 2 0 2 2 2 2 2 2 2 2 2 2 2 2 2 2 2 2 0 2 2 2 2 2 2 2 2 2 2 2 2 0 0 0 0 2 2 2 2 2 0 2 2 2 2 2 2 2 2 2 2 2 0 2 2 2 2 2 2 2 2 2 2 2 2 2 2 2 2 2 2 2 2 2 2 2 2 0 2 2 2 2 2 2 0 2 2 2 2 2 2 2 2 2 0 2 2 2 2 2 0 2 2 2 2 2 2 2 2 2 2 2 2 2 2 2 2 2 2 2 2 2 2 0 2 2 0 2 2 2 2 2 2 2 2 2 2 2 2 2 2 2 2 2 2 2 2 2 2 2 2 2 0 2 2 2 2 2 2 2 0 2 2 0 2 2 2 2 2 2 2 2 0 2 2 2 2 2 2 0 2 2 2 2 2 2 2 2 0 2 0 2 0 2 2 2 2 2 2 2 2 2 2 2 2 2 2 2 2 2 2 2 2 0 2 2 2 2 2 2 2 2 2 2
244 0 0 0 0 0 0 2 0 0 0 0 0 0 0 0 0 0 0 0 0 0 0 0 0 2 0 0 0 0 0 0 0 0 0 0 0 0 0 0 0 0 0 2 0 0 0 2 0 0 0 2 0 0 0 0 0 0 0 0 0 0 0 0 0 0 0 0 0 0 0 0 0 0 0 0 0 0 0 0 0 0 0 0 0 0 0 0 0 0 0 0 0 0 0 2 0 0 0 0 0 0 0 0 0 0 0 0 2 0 0 0 2 2 0 0 0 0 0 0 0 0 0 0 0 0 2 2 0 0 0 0 0 0 0 0 0 2 0 0 0 0 0 0 0 0 0 0 0 1 0 0 0 0 0 0 0 0 0 0 0 2 0 0 0 0 0 0 1 0 0 2 0 0 0 0 0 0 0 0 0 0 0 0 0 0 0 0 0 0 0 0 0 0 0 0 0 0 0 0 0 0 0 0 0 0 0 0 0 2 0 0 0 0 0 0 0 0 0 0 0 0 0 0 0 0 0 0 2 0 0 0 0 0 0 0 0 0 0 0 0 0 0 0 0 0
245 2 2 1 0 2 2 2 2 0 2 1 2 2 1 1 2 2 1 2 2 2 2 2 1 2 2 2 2 1 2 2 2 2 0 2 2 0 2 2 2 2 0 2 0 2 0 2 2 0 2 2 1 2 1 2 2 2 2 0 2 2 2 2 2 2 2 2 2 2 2 1 2 2 2 2 2 0 2 2 2 2 1 2 0 2 2 1 2 1 2 2 2 2 2 2 1 2 2 2 0 2 2 1 2 1 2 2 2 2 2 2 2 2 2 2 2 2 1 2 2 2 2 2 1 2 2 2 2 2 2 2 2 2 2 2 2 2 2 2 2 2 2 2 0 2 2 1 2 2 2 2 0 2 2 2 2 2 2 0 2 2 2 0 1 2 2 2 2 2 2 2 2 1 1 2 2 2 2 2 2 2 2 0 2 1 2 2 2 2 2 2 2 2 2 2 2 2 2 0 1 2 2 2 2 2 2 2 0 2 2 2 2 0 2 2 2 2 2 2 2 2 2 2 2 2 2 1 2 2 0 2 2 0 2 2 0 2 2 2 0 2 2 2 1 2
246 2 0 2 2 0 0 0 0 2 2 2 2 0 2 0 0 0 2 2 2 2 2 0 2 0 2 0 2 2 2 2 2 0 2 0 2 2 0 0 2 2 2 2 0 0 2 2 2 2 2 2 2 0 2 0 0 0 0 2 2 2 2 0 2 2 0 0 2 0 2 2 2 0 0 0 2 2 2 2 0 0 2 2 2 2 0 2 0 2 0 0 0 0 2 2 0 0 2 0 2 0 0 0 2 0 2 0 0 2 0 0 0 2 2 2 2 0 2 2 0 0 2 2 0 2 0 2 0 0 0 2 2 0 0 2 0 0 0 2 0 2 0 0 2 2 0 2 2 1 2 0 2 2 0 2 0 0 0 2 2 2 0 2 0 0 0 0 2 0 2 0 0 0 2 0 0 2 0 2 2 0 2 2 0 2 0 2 2 0 2 1 0 0 2 0 0 2 0 0 0 2 0 0 0 2 0 2 0 2 2 0 2 2 2 0 2 0 2 0 2 2 2 2 0 0 0 0 2 2 0 0 2 2 0 2 0 2 2 2 0 0 0 0 0 0
247 0 2 2 0 2 0 0 0 2 0 0 0 2 0 0 0 0 2 0 0 0 0 0 0 0 0 0 0 2 0 0 0 2 0 0 0 0 2 0 0 0 0 0 0 0 2 0 0 2 0 2 0 0 0 0 0 0 2 2 0 0 0 2 0 0 2 2 0 0 0 0 0 2 0 0 0 2 0 0 0 0 0 0 0 0 0 2 0 0 0 0 0 2 0 2 2 0 0 0 2 0 0 2 0 0 0 0 0 0 2 0 0 2 0 0 0 0 0 0 2 0 0 0 0 0 0 2 0 0 0 0 0 0 2 0 0 0 2 2 0 0 0 0 0 0 0 0 0 0 0 2 0 0 0 0 0 0 0 0 0 0 0 0 0 0 0 0 0 0 0 0 0 0 0 0 2 0 0 0 0 0 0 0 0 0 0 0 0 0 0 0 0 0 0 0 0 0 2 2 0 0 0 0 2 0 0 0 2 0 0 0 0 2 0 0 0 0 0 0 0 2 0 0 0 0 2 0 0 0 0 0 0 0 0 0 0 0 0 0 2 0 0 0 0 0
248 0 0 2 0 0 0 2 2 0 0 0 0 0 0 2 0 2 0 2 0 0 0 2 0 2 0 2 0 0 2 0 0 0 0 2 2 0 0 0 0 0 0 0 2 0 2 0 2 2 0 2 0 2 0 2 2 2 0 2 0 0 0 0 0 0 0 0 0 0 0 2 0 0 2 2 2 2 0 2 0 2 2 2 0 2 2 2 0 0 2 2 0 0 2 2 0 2 0 2 2 2 2 0 0 2 0 2 2 2 0 2 2 2 0 0 0 0 2 2 0 2 0 0 2 0 2 2 2 2 0 0 2 2 0 0 2 2 0 2 2 2 2 2 0 0 2 0 2 1 0 0 0 0 2 2 2 2 2 0 0 2 2 0 2 2 2 2 1 0 0 2 2 2 2 2 0 0 2 0 0 2 0 0 2 2 2 2 0 2 0 1 2 0 0 2 2 2 0 0 2 0 2 2 0 0 2 2 0 0 0 2 2 2 0 2 0 2 2 2 0 2 2 0 2 2 0 2 0 0 2 2 0 0 2 2 2 0 0 2 0 0 2 2 2 2
249 2 0 0 2 0 0 0 0 2 2 0 2 0 0 0 0 0 2 0 0 0 0 0 0 0 0 0 0 2 0 0 0 0 2 0 1 2 0 0 0 0 0 0 0 0 0 0 0 0 0 0 2 0 0 0 0 0 0 0 0 0 0 0 0 0 0 0 0 0 0 2 0 0 0 0 0 0 2 0 2 0 2 0 2 2 2 0 0 2 0 2 0 0 0 0 0 0 0 0 0 0 0 0 0 2 0 2 2 0 0 0 0 0 2 0 2 0 2 2 0 2 0 0 0 0 0 0 0 2 0 0 0 0 0 2 2 0 0 0 0 0 0 0 2 0 0 2 2 0 0 0 2 2 2 2 0 0 0 2 0 0 0 2 0 0 0 2 0 0 0 0 0 0 0 2 0 0 2 0 0 0 0 2 0 0 0 0 0 2 2 1 0 0 0 0 0 0 0 0 2 0 0 0 0 2 0 0 0 0 2 0 0 0 0 0 0 0 1 0 0 0 2 0 0 0 0 0 0 0 2 0 0 0 0 0 0 2 0 2 0 0 0 0 0 0
250 2 0 2 2 0 2 2 0 2 2 2 2 0 2 2 2 2 2 2 2 2 2 2 2 2 2 2 2 2 2 2 2 0 2 2 2 2 0 2 2 2 2 2 2 2 2 2 2 2 2 2 2 2 2 2 2 2 0 2 2 2 2 0 2 2 0 1 2 2 2 2 2 0 2 2 2 2 2 2 2 2 2 2 2 2 2 2 2 2 1 2 2 0 2 0 0 2 2 0 2 2 2 0 2 2 2 2 2 2 0 2 2 0 2 2 2 2 2 2 0 2 2 2 2 2 2 2 2 2 2 2 0 2 0 2 2 2 0 2 2 2 2 2 2 2 2 2 2 2 2 0 2 2 2 2 2 2 2 2 2 2 2 2 2 2 2 2 2 2 2 2 2 2 0 2 0 2 2 2 2 2 2 2 2 0 2 0 2 2 2 2 2 2 2 2 2 2 0 1 2 2 2 2 0 2 2 2 0 2 2 2 2 2 2 2 2 2 2 2 2 2 2 2 2 2 0 2 2 0 2 2 2 2 2 2 2 2 2 2 0 2 2 2 2 2
251 2 2 2 0 2 2 2 2 2 2 0 0 2 2 2 2 2 2 2 2 2 2 2 2 2 2 2 2 2 2 2 2 2 2 2 2 2 2 2 2 0 2 2 2 1 2 2 2 2 2 0 2 2 2 2 2 2 2 2 2 2 2 2 2 2 2 2 2 2 2 2 2 2 2 2 2 2 0 2 2 2 2 2 2 2 2 2 2 2 2 2 2 2 2 1 2 2 0 2 2 2 2 2 2 2 2 2 2 2 2 2 2 0 2 2 0 2 2 2 2 2 2 0 2 0 2 0 2 2 2 2 2 2 2 2 2 2 2 2 2 2 2 2 2 2 2 2 2 2 0 2 2 2 2 2 2 2 2 2 2 2 2 2 2 2 2 2 1 2 2 2 2 2 0 2 2 2 2 2 2 2 0 2 2 0 2 2 2 2 2 2 2 2 0 2 2 2 2 2 2 0 2 2 2 2 2 2 2 2 2 2 2 2 2 2 2 2 2 2 0 2 2 2 2 2 2 2 2 2 2 2 2 2 2 2 2 2 2 2 2 2 2 2 2 2
252 2 2 2 2 2 2 2 2 2 2 2 2 2 2 2 2 2 2 2 2 2 2 2 2 2 2 2 2 2 2 2 2 2 2 0 2 2 2 2 2 2 2 2 2 2 2 2 2 2 2 2 2 2 2 2 2 2 2 2 2 2 2 2 2 2 2 2 2 2 2 2 2 2 2 2 2 2 2 2 2 2 2 2 2 2 2 2 2 2 0 2 2 2 2 2 2 2 2 2 2 2 2 2 2 2 2 2 2 2 2 2 2 2 2 2 2 2 2 2 2 2 2 2 2 2 2 2 2 2 2 2 2 2 2 2 2 2 2 0 2 2 2 0 2 2 0 2 2 2 2 2 2 2 2 2 2 2 2 2 2 2 0 2 0 2 2 2 2 2 2 2 0 2 2 2 2 2 2 2 2 2 2 2 2 2 2 2 2 2 2 1 2 2 2 2 0 2 2 2 2 2 2 2 2 2 2 2 2 2 2 2 2 2 2 2 2 2 2 2 2 0 2 2 0 0 2 2 2 2 2 2 2 2 2 2 2 2 2 2 2 2 2 2 2 2
253 2 0 2 2 2 2 2 0 2 2 2 2 2 2 2 2 2 2 2 0 2 2 2 2 2 2 2 2 2 2 2 2 0 0 2 2 2 0 2 2 2 2 2 2 2 2 2 2 2 2 2 2 0 2 2 2 2 0 2 2 2 2 0 2 0 2 0 0 0 2 2 0 0 0 2 2 2 2 2 2 2 0 2 2 2 2 2 0 0 2 2 2 0 2 2 0 2 2 0 2 2 2 0 2 0 2 2 2 2 0 2 2 2 2 2 2 2 0 2 0 2 2 2 2 2 2 2 2 2 2 0 0 2 0 2 2 2 0 0 2 2 2 2 0 2 2 2 0 2 2 0 0 2 2 2 2 2 2 0 2 2 2 0 2 2 2 2 2 0 2 2 2 2 2 2 0 0 2 2 2 2 2 0 2 2 2 0 2 2 2 2 2 0 2 2 2 2 0 0 0 2 2 2 0 2 2 2 0 2 2 2 2 2 2 2 0 2 2 2 2 0 2 0 2 2 0 2 2 0 0 2 2 2 2 2 2 2 2 2 0 2 2 2 2 2
254 0 2 2 2 2 2 2 2 0 0 2 2 2 2 2 2 2 0 2 2 0 2 2 2 2 2 2 2 0 2 0 2 2 2 2 2 2 2 2 2 2 2 2 2 2 2 2 2 2 0 2 2 2 2 2 2 2 2 2 0 0 2 2 2 2 2 2 2 2 2 2 2 2 2 2 2 2 2 2 2 2 2 2 0 2 2 2 2 2 2 2 2 2 2 2 2 2 2 2 2 2 2 2 0 2 2 2 2 2 2 2 2 2 0 2 2 2 2 2 2 2 2 2 2 2 2 2 2 2 2 2 2 2 2 2 2 2 2 2 2 2 2 2 2 2 2 2 2 2 2 2 2 2 2 2 2 0 2 2 2 2 2 2 2 2 2 2 2 2 2 2 2 2 2 2 2 2 2 2 2 2 2 2 2 2 2 2 2 2 0 1 2 2 2 2 2 2 2 2 2 2 2 2 2 2 2 2 2 2 2 2 2 2 2 2 2 2 2 2 2 2 2 2 2 2 2 2 2 2 2 2 2 2 2 2 2 2 2 2 2 2 2 2 2 2
255 0 0 2 0 2 0 2 2 0 0 0 0 2 0 0 0 0 0 0 2 0 2 2 0 0 0 0 2 0 0 0 2 2 0 0 0 2 0 0 0 0 0 2 0 0 2 2 0 2 0 0 0 0 0 2 2 0 0 2 0 2 0 2 0 2 2 0 0 2 2 0 0 2 0 0 0 2 0 2 0 0 0 0 2 0 0 2 2 0 0 0 0 2 0 0 2 0 0 2 2 0 0 0 0 0 0 0 0 0 0 0 2 0 0 0 0 2 0 2 2 2 0 0 0 0 2 0 0 0 0 2 0 0 2 0 0 1 2 0 0 0 0 1 0 2 2 0 0 0 0 2 0 0 0 0 0 0 0 0 0 0 2 0 0 0 0 0 0 0 0 0 0 0 0 0 2 2 0 0 0 0 0 0 0 0 0 0 0 0 0 0 0 2 0 0 0 2 2 0 0 0 0 0 2 0 0 2 0 2 0 2 2 2 2 0 2 0 0 2 0 0 0 0 0 2 2 0 0 2 0 0 0 0 2 2 0 0 0 2 0 0 0 0 0 0
256 2 0 2 2 2 2 2 2 2 2 2 2 2 0 2 2 2 2 2 2 2 2 2 0 0 2 2 2 2 2 2 2 2 2 2 1 0 0 2 2 0 0 2 2 2 2 2 2 2 2 2 2 2 2 2 2 2 0 2 2 2 2 2 0 2 2 0 2 2 2 2 0 2 2 2 2 2 2 2 0 0 2 2 2 0 2 2 2 2 2 2 2 2 2 2 2 0 0 2 2 2 2 0 2 2 2 2 2 2 0 2 2 2 2 2 2 2 2 2 2 2 0 2 2 2 2 2 2 2 2 2 2 2 2 2 2 2 2 2 2 2 2 2 2 2 2 2 2 2 0 2 2 2 2 0 2 2 0 2 0 2 2 2 2 2 2 2 2 2 0 2 2 2 2 2 2 2 2 0 0 2 0 2 2 2 2 2 2 2 2 2 2 2 0 2 2 2 2 0 2 0 2 0 2 2 2 2 0 2 0 2 0 2 2 2 2 0 1 0 2 2 0 2 2 2 2 2 2 2 2 0 2 0 2 0 2 0 0 2 0 2 2 0 2 2
257 0 2 0 0 0 0 0 0 0 0 0 0 0 2 0 0 0 0 0 0 0 0 0 2 0 0 0 0 0 0 0 0 0 0 0 1 0 2 0 0 0 2 0 2 0 0 0 0 0 0 0 0 0 0 0 0 0 2 0 0 0 0 2 0 0 0 2 0 2 0 0 0 0 0 0 0 0 0 0 0 0 2 0 0 2 0 0 2 0 0 0 0 0 0 2 0 0 0 0 0 0 0 2 0 0 2 0 2 0 2 0 0 2 0 0 0 0 0 0 0 0 2 0 2 0 0 0 0 0 0 0 0 0 0 2 0 0 0 0 0 0 0 0 0 0 0 0 0 0 0 0 0 2 0 2 0 0 0 0 2 0 0 0 0 0 0 0 0 2 2 0 0 0 0 0 2 0 0 2 2 0 0 0 0 0 0 0 0 0 0 0 0 2 0 0 0 0 0 0 0 0 0 0 0 2 0 0 0 0 2 0 2 0 0 0 0 0 1 2 0 0 2 0 0 0 0 0 0 0 0 0 0 2 0 2 0 0 2 0 0 0 0 0 0 0
258 2 2 2 2 2 2 2 2 2 2 2 2 2 2 2 2 2 2 2 0 2 2 2 2 2 2 2 2 2 2 2 2 0 2 2 2 2 2 2 2 2 2 2 2 2 2 2 2 2 2 2 2 2 2 2 2 2 2 2 2 2 2 2 2 2 2 2 2 2 2 2 2 2 2 2 2 2 2 2 2 2 2 2 2 2 2 2 2 2 2 2 2 2 2 2 0 2 2 2 2 2 2 2 2 2 2 2 2 2 2 2 0 2 2 2 2 2 2 2 0 2 2 2 2 2 2 2 2 2 2 2 0 2 0 2 2 2 0 2 2 2 2 2 2 2 0 2 2 2 2 2 2 2 2 2 2 2 2 2 2 2 2 2 2 2 2 2 2 2 2 2 2 2 0 2 2 2 2 2 2 2 2 2 2 0 2 0 2 2 2 1 2 2 2 2 2 2 0 2 2 2 2 2 0 2 2 2 2 2 2 2 2 2 2 2 2 2 2 2 2 2 2 2 0 2 2 2 2 2 2 2 2 2 2 2 2 2 2 2 2 2 2 2 2 2
259 2 1 2 2 0 2 0 2 2 2 2 2 0 2 2 2 0 1 0 2 2 0 0 2 0 0 0 0 0 0 2 0 2 2 0 0 2 2 2 2 2 2 2 2 2 2 2 0 2 2 2 2 0 2 0 0 2 2 2 2 2 2 2 0 2 0 2 2 2 0 2 2 2 1 0 0 2 2 0 2 0 2 0 0 0 0 2 2 2 0 0 2 2 0 2 2 0 2 2 2 0 2 2 2 2 0 0 2 2 2 0 2 2 2 2 2 2 2 0 2 0 2 0 2 2 0 2 0 0 2 2 2 0 2 2 0 0 2 2 0 0 0 0 2 2 2 2 2 2 2 2 2 2 0 0 2 2 0 2 2 0 2 2 0 0 2 0 1 2 2 2 0 0 2 0 2 2 0 2 2 0 2 2 0 2 0 2 0 0 2 2 0 2 2 0 0 0 2 0 2 2 0 0 2 2 0 0 0 2 0 0 0 2 2 2 2 0 1 0 0 2 0 2 2 2 2 0 0 0 2 0 2 2 0 0 2 2 2 0 0 2 0 0 0 0
260 2 2 2 2 0 0 0 2 2 2 2 2 0 2 2 0 2 2 0 2 2 2 0 2 2 2 2 2 2 0 2 2 2 2 2 2 2 2 0 2 2 2 2 2 2 2 2 0 2 2 2 2 2 2 0 0 2 2 2 2 2 2 2 2 2 0 2 2 2 0 2 2 2 2 2 0 2 2 2 2 2 2 2 0 2 2 2 2 2 2 2 0 2 2 2 2 2 2 2 2 2 2 2 2 2 2 2 2 2 2 0 2 2 2 2 2 0 2 0 2 2 2 2 2 2 0 2 2 2 0 2 2 2 2 2 2 2 2 2 2 0 2 2 2 2 2 2 2 1 2 0 2 2 2 2 2 2 2 2 2 2 0 2 2 2 2 2 2 2 2 0 2 2 2 2 2 2 2 2 2 2 2 2 2 2 2 2 2 2 2 2 2 2 2 2 2 0 2 2 2 2 2 2 2 2 2 0 2 2 2 2 2 2 2 0 2 2 2 2 2 2 2 2 2 0 2 2 2 0 2 2 0 2 2 2 2 2 2 0 2 0 2 2 2 2
261 0 0 0 2 2 2 2 0 0 0 0 0 2 0 0 2 0 0 2 0 0 0 2 0 0 0 0 0 0 2 0 0 0 0 0 0 0 0 0 0 0 0 0 0 2 0 0 2 0 0 2 0 0 2 2 2 0 0 0 0 2 0 0 0 2 2 0 0 0 2 0 2 2 0 0 2 0 0 0 0 0 0 0 2 0 0 0 0 2 0 0 0 2 0 0 0 0 0 0 0 0 0 0 0 2 0 0 2 2 0 2 0 0 0 0 0 2 0 2 0 0 0 0 0 0 2 0 0 0 2 0 0 0 0 0 0 0 2 0 0 2 0 0 0 0 0 0 0 1 0 2 0 2 0 0 0 0 0 0 0 0 0 0 0 0 0 0 1 2 0 0 0 0 0 0 0 0 0 0 0 0 0 0 0 0 0 0 0 0 0 0 0 0 0 0 0 2 0 0 2 0 0 0 0 0 0 2 0 0 0 0 0 0 0 0 2 0 1 0 0 0 0 0 0 0 2 0 0 2 0 0 0 0 0 0 0 0 0 2 0 2 0 0 0 0
262 2 0 0 0 2 2 2 0 0 2 0 0 2 2 0 2 0 0 2 0 0 2 2 2 0 0 0 2 0 2 0 2 0 0 0 1 0 0 2 0 0 2 0 0 0 0 0 2 0 0 0 0 0 0 2 2 0 0 0 0 0 0 2 0 0 2 0 0 0 2 0 2 2 0 0 2 0 0 0 0 0 2 2 2 0 0 0 0 0 0 0 2 2 0 0 0 0 0 0 0 0 0 0 0 0 2 0 0 0 0 2 0 0 2 0 0 2 0 2 0 2 2 0 0 0 2 0 0 0 2 0 0 0 0 0 0 0 2 0 0 2 0 0 0 2 0 0 0 1 0 2 0 2 0 2 0 0 0 0 2 0 0 0 0 0 0 0 0 0 2 0 0 0 0 0 2 0 0 2 2 0 0 0 0 0 0 0 0 0 2 1 0 0 0 0 0 2 0 0 0 0 0 0 0 0 0 2 0 0 2 0 2 0 2 0 0 0 0 2 0 0 0 0 0 0 2 0 0 2 0 0 2 2 0 2 2 0 2 2 0 2 0 0 0 0
263 2 2 2 2 0 0 0 2 2 2 2 2 0 2 2 0 2 2 2 2 2 2 0 2 2 0 2 2 2 2 2 2 0 2 2 2 2 2 2 2 2 2 2 2 2 2 2 2 2 2 2 2 2 2 0 0 2 2 2 2 2 2 2 2 2 0 2 2 2 0 2 2 2 2 2 2 2 2 2 2 2 2 2 2 2 2 2 2 2 2 2 2 2 2 2 0 2 2 2 2 2 2 2 2 2 2 2 2 2 2 2 2 2 2 2 2 0 2 0 0 2 2 2 2 2 0 2 2 2 0 2 2 2 0 2 2 2 0 2 2 2 2 2 2 2 2 2 2 1 2 0 2 2 2 2 2 2 2 2 2 2 2 2 2 2 2 2 2 2 2 2 2 2 2 2 2 2 2 2 2 2 2 2 2 2 2 2 0 2 2 2 2 2 2 2 2 2 2 2 2 2 2 2 2 2 2 0 2 2 2 2 2 2 2 2 2 2 2 2 2 2 2 2 0 2 2 2 2 0 2 2 2 2 2 2 2 2 2 0 2 0 2 2 2 2
264 0 0 0 0 0 0 0 2 0 0 0 2 0 0 0 0 2 0 2 0 2 0 0 0 2 0 2 0 0 2 0 0 0 0 0 1 0 0 0 0 0 0 2 0 0 0 2 2 0 0 0 0 0 0 0 0 0 0 0 0 0 0 0 2 0 0 0 0 0 0 2 0 0 0 2 2 0 2 0 0 2 0 2 0 2 0 0 0 0 0 0 0 0 0 0 0 2 2 2 0 2 2 0 2 0 0 2 2 0 0 0 0 0 0 0 0 0 0 0 0 2 2 0 0 0 0 0 2 2 0 0 0 2 0 2 0 0 0 0 2 2 2 2 0 0 0 0 0 0 2 0 0 2 0 2 2 2 2 0 0 2 0 0 2 2 2 0 0 0 0 0 0 0 0 0 0 0 0 0 0 2 0 0 2 0 2 0 0 0 0 0 2 0 0 2 2 2 0 2 0 2 0 2 0 2 2 0 2 2 0 2 2 0 0 0 0 2 1 2 0 0 2 0 2 0 0 2 2 0 0 2 0 0 2 2 0 0 0 0 2 0 2 2 2 2
265 2 2 0 2 2 2 2 2 2 2 0 2 2 2 2 2 2 2 2 0 2 2 2 2 2 2 2 2 2 2 0 2 2 2 2 2 2 2 2 0 2 2 2 2 0 0 2 2 0 0 2 2 2 2 2 2 2 2 0 0 2 2 2 2 2 2 2 2 2 2 2 2 2 2 2 2 0 2 2 2 2 2 2 2 2 2 0 2 2 2 2 2 2 2 2 2 2 2 2 0 2 2 2 2 2 2 2 2 2 2 0 0 2 2 0 2 2 2 2 2 2 2 0 2 2 2 2 2 2 2 2 2 2 2 2 2 2 2 2 2 2 2 2 2 0 0 2 2 2 2 2 2 2 2 2 2 2 2 2 2 0 2 2 2 2 2 2 2 2 2 2 2 2 2 2 2 2 2 2 2 2 2 2 2 2 2 2 2 2 2 2 2 2 2 2 2 2 2 2 2 2 2 2 0 2 2 2 2 2 2 2 2 0 0 2 2 2 2 2 2 2 2 2 2 2 2 2 2 2 2 2 2 2 2 2 2 2 2 2 2 2 2 2 2 2
266 2 0 0 0 0 0 0 0 0 2 2 2 0 2 0 0 0 0 0 0 0 0 0 2 0 0 0 0 0 0 0 0 2 0 0 0 2 0 0 0 0 2 0 2 2 0 0 0 0 0 0 0 0 0 0 0 0 0 0 0 0 0 0 0 0 0 0 0 0 0 0 0 0 0 0 0 0 2 0 0 0 2 0 0 0 0 0 0 0 0 0 0 0 0 0 2 0 0 0 0 0 0 0 0 0 0 0 2 0 0 0 0 0 2 0 0 0 0 0 2 0 0 0 2 0 0 0 0 0 0 0 2 0 2 0 0 0 0 0 0 0 0 0 0 0 0 0 0 0 2 0 0 0 0 0 0 0 0 0 2 0 0 0 0 0 0 0 0 0 2 0 0 0 0 0 0 2 0 2 2 0 0 0 0 0 0 2 0 0 2 1 0 0 0 0 0 0 0 0 0 2 0 0 0 0 0 0 0 0 0 0 0 0 0 0 0 0 0 0 0 0 0 0 0 0 0 0 0 0 0 0 0 2 0 0 2 0 2 0 0 0 0 0 0 0
267 2 0 0 0 0 0 0 0 0 2 2 2 0 2 0 0 0 0 0 0 0 0 0 2 0 0 0 0 0 0 0 0 2 0 0 0 2 0 0 0 0 2 0 2 2 0 0 0 0 0 0 0 0 0 0 0 0 0 0 0 0 0 0 0 0 0 0 0 0 0 0 0 0 0 0 0 0 2 0 0 0 2 0 0 0 0 0 0 0 0 0 0 0 0 0 2 0 0 0 0 0 0 0 0 0 0 0 2 0 0 0 0 0 2 0 0 0 0 0 2 0 0 0 2 0 0 0 0 0 0 0 2 0 2 0 0 0 0 0 0 0 0 0 0 0 0 0 0 0 2 0 0 0 0 0 0 0 0 0 2 0 0 0 0 0 0 0 0 0 2 0 0 0 0 0 0 2 0 2 2 0 0 0 0 0 0 2 0 0 2 1 0 0 0 0 0 0 0 0 0 2 0 0 0 0 0 0 0 0 0 0 0 0 0 0 0 0 0 0 0 0 0 0 0 0 0 0 0 0 0 0 0 2 0 0 2 0 2 0 0 0 0 0 0 0
268 0 2 2 2 2 2 2 2 2 0 2 2 2 0 2 2 2 2 2 2 2 2 2 0 2 2 2 2 2 2 2 2 0 2 2 2 2 2 2 2 2 0 2 2 2 2 2 2 2 2 2 2 2 2 2 2 2 2 2 2 2 2 2 2 2 2 2 2 2 2 2 2 2 2 2 2 2 2 2 2 2 2 2 2 2 2 2 2 2 2 2 2 2 2 2 0 2 2 2 2 2 2 2 2 2 2 2 2 2 2 2 2 2 0 2 2 2 2 2 0 2 2 2 2 2 2 2 2 2 2 2 2 2 0 2 2 2 2 2 2 2 2 2 2 2 2 2 2 2 2 2 2 2 2 2 2 2 2 2 0 2 2 2 2 2 2 2 2 2 0 2 2 2 2 2 2 2 2 0 0 2 2 2 2 2 2 2 2 2 0 1 2 2 2 2 2 2 2 2 2 2 2 2 2 2 2 2 2 2 2 2 2 2 2 2 2 2 2 2 2 2 2 2 2 2 2 2 2 2 2 2 2 0 2 2 2 2 0 2 2 2 2 2 2 2
269 2 2 2 2 2 2 2 2 2 2 2 2 2 2 2 2 2 2 2 2 2 2 2 2 2 2 2 2 2 2 2 2 2 0 2 1 2 2 2 2 2 2 0 2 2 2 0 2 2 2 2 2 2 2 2 2 0 2 2 2 2 2 2 2 2 2 2 2 2 2 0 2 2 2 2 2 2 2 2 2 2 2 2 2 2 2 2 2 2 2 2 2 2 2 2 2 2 2 2 2 2 2 2 2 0 2 2 2 2 2 2 2 2 2 2 2 2 0 2 2 2 2 2 2 2 2 2 2 0 2 2 2 2 2 2 2 2 2 2 2 2 2 2 0 2 2 2 2 2 2 2 2 0 2 2 2 2 2 0 2 2 2 0 2 2 2 2 2 2 2 2 2 2 2 2 2 2 2 2 2 2 2 0 2 2 2 2 2 2 2 2 2 2 2 2 2 2 2 2 0 2 2 2 2 2 2 2 2 0 2 2 2 2 2 2 2 2 2 2 2 2 2 2 2 2 2 2 2 2 2 2 2 2 2 2 2 2 2 2 2 2 2 2 2 2
270 2 2 2 0 2 2 2 0 2 2 2 2 2 2 2 2 2 2 2 2 2 2 2 2 2 2 2 2 2 2 2 2 2 2 2 1 2 2 0 2 0 2 2 2 2 2 2 2 2 2 2 2 2 2 2 2 2 2 2 2 0 2 2 0 2 2 2 2 2 2 2 2 2 2 2 2 2 2 0 2 2 2 2 2 2 2 2 2 2 2 2 0 2 0 2 2 2 2 0 2 2 2 2 2 2 2 2 2 0 2 2 2 2 2 2 2 2 2 2 2 2 0 2 2 2 2 2 2 2 2 2 2 2 2 2 2 2 2 2 2 2 2 2 2 2 2 2 2 2 2 2 2 2 2 0 2 2 2 2 0 2 2 2 2 2 2 2 2 2 0 2 2 2 2 2 2 2 2 0 2 2 2 2 2 2 2 2 2 2 2 2 2 2 2 2 2 2 2 2 2 2 2 2 2 2 2 2 2 2 2 2 0 2 2 2 2 2 2 0 2 2 2 2 2 2 2 2 2 2 2 2 2 2 2 0 2 2 2 2 2 2 2 2 2 2
271 2 2 2 2 2 2 2 2 2 2 2 2 2 2 0 2 2 2 2 2 2 2 2 2 0 2 2 2 2 2 2 2 0 2 2 2 2 2 2 2 0 2 2 2 2 2 2 2 2 2 2 2 2 2 2 2 2 2 2 2 2 2 0 2 2 2 2 2 2 2 2 2 2 2 2 2 2 2 2 2 2 2 0 2 2 2 2 2 2 2 2 2 2 2 2 0 0 2 2 2 2 2 2 2 2 0 2 2 2 2 2 2 2 2 2 2 2 2 2 0 2 2 2 2 2 2 2 2 2 2 2 0 2 0 2 2 0 2 2 2 2 2 2 2 2 2 2 2 1 2 2 2 2 2 2 2 2 0 2 2 2 2 2 2 2 2 2 2 2 2 2 0 2 0 2 2 2 2 2 2 2 2 2 2 0 2 2 2 2 2 2 2 2 2 2 2 0 2 2 2 2 2 0 2 2 2 2 2 2 2 2 2 2 2 2 2 0 2 2 2 2 2 2 2 2 2 2 2 2 0 1 2 2 2 2 2 2 2 2 2 2 2 0 2 2
272 2 2 2 2 0 2 0 2 2 2 2 2 0 2 2 2 2 2 2 2 2 2 0 2 2 2 2 2 2 2 2 2 2 2 2 1 0 2 0 2 2 2 2 2 2 2 2 2 2 2 2 2 2 2 0 0 2 2 2 2 2 2 2 2 2 0 2 2 2 0 2 2 2 2 2 2 2 2 2 0 2 2 2 2 2 2 2 2 2 2 2 0 2 2 2 2 2 0 2 2 2 2 2 2 2 2 2 2 2 2 2 2 2 2 2 0 2 2 2 2 2 2 2 2 0 0 2 2 2 2 2 2 2 2 0 2 2 0 2 2 2 2 2 2 2 2 2 2 2 2 0 2 2 2 2 2 2 2 2 2 2 2 2 2 2 2 2 2 2 2 2 2 2 2 2 2 2 2 2 2 2 0 2 2 2 2 0 2 2 2 1 2 2 0 2 2 2 0 2 2 2 2 2 2 0 2 0 2 2 2 2 2 2 2 0 2 2 2 2 2 2 2 2 0 2 2 2 2 0 2 2 2 2 2 2 2 0 2 2 2 2 2 2 2 2
273 2 2 2 0 2 2 0 2 0 2 2 2 2 2 0 2 0 2 2 0 2 2 0 2 0 2 0 2 2 2 2 2 0 2 0 0 0 2 2 2 0 2 2 2 2 2 2 2 2 2 2 0 0 2 0 0 2 2 2 2 0 0 0 2 2 2 2 2 0 0 2 2 2 0 0 2 2 2 2 2 0 2 0 2 0 2 2 0 2 0 2 2 2 2 0 0 0 2 2 2 0 0 2 2 2 0 0 0 0 2 0 0 0 2 2 2 2 2 2 0 0 2 0 2 0 0 2 0 2 2 2 0 0 0 2 0 0 0 2 0 2 0 0 0 2 0 0 0 1 0 0 2 0 2 0 0 0 0 2 2 0 0 2 0 0 0 2 1 2 2 0 0 0 0 2 2 2 2 2 2 2 2 2 0 0 0 0 0 0 2 1 2 0 2 0 0 0 0 0 2 0 0 0 0 2 0 0 0 2 2 0 0 2 2 0 2 0 0 0 2 2 0 2 0 0 2 2 0 0 0 0 2 2 0 0 0 2 2 2 0 2 0 0 0 0
274 2 2 0 0 2 0 0 2 2 2 0 2 2 2 0 0 2 2 2 2 2 2 0 2 0 0 2 2 2 2 2 2 0 2 2 1 0 2 0 0 2 0 2 2 2 0 2 2 0 2 2 2 2 0 0 0 2 2 0 2 0 2 0 2 2 2 2 2 2 0 2 2 0 2 2 2 0 2 2 2 2 2 0 0 0 2 0 2 2 2 2 0 0 2 2 0 0 2 2 0 2 2 2 2 2 0 0 2 0 2 2 2 2 2 2 2 0 2 2 0 0 0 0 2 0 0 2 2 2 0 2 0 0 0 2 0 0 0 2 2 2 2 2 2 2 2 2 2 1 2 0 2 2 2 2 2 0 0 2 0 0 2 2 2 2 2 2 1 0 0 2 0 2 2 2 2 2 2 0 2 2 2 2 2 2 0 0 0 0 2 2 2 2 2 0 2 2 2 2 2 2 2 0 2 2 2 0 2 2 2 2 2 0 2 0 2 0 0 2 0 2 0 2 0 2 0 2 2 0 0 0 0 2 0 2 0 2 2 2 2 0 0 0 0 2
275 2 2 2 2 2 2 2 2 2 2 2 2 2 2 2 2 2 2 2 2 2 0 2 2 2 2 2 0 2 2 2 0 2 2 2 2 2 2 2 2 2 2 2 2 2 2 2 2 2 2 2 2 2 0 2 2 2 2 2 2 2 2 2 2 2 2 2 2 2 2 2 2 2 2 2 2 2 2 2 2 2 2 2 2 2 2 2 2 2 2 2 2 2 2 2 2 2 2 2 2 2 2 2 2 2 2 0 0 2 2 2 2 2 2 2 2 2 2 2 2 2 2 2 2 2 2 2 2 2 2 2 2 0 2 2 0 2 2 2 2 2 2 2 2 2 2 2 1 2 0 2 2 2 2 2 2 2 2 2 2 2 2 2 2 2 2 2 2 2 2 2 2 2 2 2 2 2 2 2 2 2 2 2 2 2 0 2 2 2 2 2 2 2 2 0 2 2 2 2 2 0 2 2 2 2 2 2 2 2 2 2 2 2 2 2 2 2 2 2 2 2 2 2 2 2 2 2 2 0 2 2 2 2 0 2 2 2 2 2 2 2 0 0 0 2
276 2 2 0 0 2 0 0 2 2 2 0 2 2 2 0 0 2 0 2 2 2 0 0 2 0 0 2 0 0 2 2 0 0 2 2 2 0 2 0 0 2 2 2 2 2 0 2 2 0 2 2 2 2 0 0 0 2 2 0 2 0 2 0 2 2 2 2 2 2 0 2 2 0 2 2 2 0 2 2 2 2 2 0 0 0 2 2 2 2 2 2 0 0 2 2 0 0 2 2 0 2 2 2 2 2 0 0 0 0 2 2 2 2 2 2 2 0 2 0 0 0 0 0 2 0 0 2 2 2 0 2 0 0 0 2 0 0 0 2 2 2 2 2 2 2 2 2 2 0 0 0 2 2 2 2 2 0 0 2 0 0 2 2 2 2 2 2 0 0 0 2 0 2 2 2 0 2 2 0 2 2 2 2 2 2 0 0 0 0 2 2 2 2 2 0 2 2 2 2 2 0 2 0 2 2 2 0 2 2 2 2 2 0 2 0 2 0 0 2 0 2 0 2 0 2 0 2 2 0 0 0 0 2 0 2 0 2 2 0 2 0 0 0 0 2
277 2 2 2 2 2 2 0 0 0 2 2 2 2 2 0 2 2 2 2 2 2 2 0 2 0 2 2 2 2 2 2 2 0 0 2 2 0 2 0 2 2 0 0 2 2 2 0 2 2 2 2 2 0 2 0 0 0 2 2 2 2 2 0 2 2 2 2 2 2 0 0 2 0 0 2 2 2 2 2 2 2 0 0 0 0 2 2 2 2 2 2 0 0 2 0 0 0 2 0 2 2 2 2 2 2 0 2 0 0 2 2 2 2 2 2 2 2 0 0 0 0 0 2 2 0 0 2 2 0 2 2 0 2 0 2 2 0 0 0 2 2 2 2 0 0 0 2 0 1 0 0 2 0 2 2 0 2 0 0 2 2 0 0 2 2 2 2 1 2 2 0 0 2 2 2 0 2 2 2 2 2 2 0 2 2 2 0 0 2 2 2 2 2 2 2 2 2 2 0 2 0 2 0 2 2 2 0 0 0 2 2 2 2 0 0 0 0 0 2 2 0 0 2 0 0 0 2 2 0 2 0 0 2 2 2 0 2 2 0 0 2 2 0 2 2
278 2 2 2 2 2 2 0 2 2 2 2 2 2 2 0 2 2 2 2 2 2 2 0 2 0 2 2 2 2 2 2 2 0 0 0 2 0 2 0 2 2 0 0 2 2 2 0 2 2 2 2 2 0 2 0 0 0 2 2 2 2 2 0 2 2 2 2 2 2 0 0 2 0 0 2 2 2 2 2 2 2 0 0 0 0 2 2 0 0 0 2 0 0 2 2 0 0 2 2 2 2 2 2 2 0 0 2 0 0 2 2 0 2 2 2 2 2 0 0 0 0 0 2 2 0 0 2 2 0 2 2 0 2 0 2 2 0 0 0 2 2 2 2 0 0 2 2 0 1 0 0 0 0 2 0 0 2 0 0 0 2 2 0 2 2 2 2 1 2 0 2 0 2 0 2 0 2 2 0 2 2 0 0 2 0 2 0 0 2 2 2 2 0 2 2 2 2 2 2 0 0 2 0 0 2 2 0 2 0 2 2 0 2 0 0 0 0 0 0 0 0 0 2 0 2 0 2 2 0 2 0 0 2 2 0 0 2 2 0 2 2 2 0 2 2
279 2 2 2 2 2 2 2 2 2 2 2 2 2 2 0 2 2 2 2 2 2 2 2 2 0 2 2 2 2 2 2 2 0 2 2 2 2 2 2 2 2 2 2 2 2 2 2 2 2 2 2 2 2 2 2 2 2 2 2 2 2 2 0 2 2 2 2 2 2 2 2 2 2 2 2 2 2 2 2 2 2 2 0 2 2 2 2 2 2 2 2 2 2 2 2 0 0 2 2 2 2 2 2 2 2 0 2 2 2 2 2 2 2 2 2 2 2 2 2 0 2 2 2 2 2 2 2 2 2 2 2 0 2 0 2 2 0 2 2 2 2 2 2 2 2 2 2 2 1 2 2 2 2 2 2 2 2 0 2 2 2 2 2 2 2 2 2 2 2 2 2 0 2 2 2 2 2 2 2 2 2 2 2 2 2 2 2 2 2 2 2 2 2 2 2 2 2 2 2 2 2 2 0 2 2 2 2 2 2 2 2 2 2 2 2 2 0 2 2 2 2 2 2 2 2 2 2 2 2 2 0 2 2 2 2 2 2 2 2 2 2 2 0 2 2
280 2 2 2 2 2 2 2 2 2 2 2 2 2 2 2 2 0 2 2 2 2 2 2 2 2 2 0 2 2 2 2 2 2 2 2 1 2 2 2 2 2 2 2 2 2 2 2 2 2 2 2 2 2 2 2 2 2 2 2 2 2 2 2 2 2 2 2 2 2 2 2 2 2 2 0 2 2 2 2 2 2 2 2 2 2 0 2 2 2 2 0 2 2 2 2 2 2 2 2 2 2 2 2 2 2 2 2 2 2 2 2 2 2 2 2 2 2 2 2 2 2 2 2 2 2 2 2 2 2 2 2 2 0 2 2 0 2 2 2 0 2 0 0 2 2 2 2 2 2 2 2 2 2 0 2 2 2 2 2 2 2 2 2 0 0 0 0 2 2 2 2 0 0 2 0 2 2 0 2 2 0 2 2 0 2 2 2 2 2 2 2 0 2 2 2 1 2 2 2 2 2 0 2 2 2 2 2 2 2 2 2 2 2 2 2 2 2 2 2 2 2 2 2 2 2 2 0 2 2 2 2 2 2 2 2 2 2 2 2 2 2 2 2 2 2
281 2 2 2 2 2 0 2 2 2 2 2 2 2 2 0 0 0 2 2 2 2 2 2 2 0 0 0 2 2 2 2 2 0 0 0 0 2 2 2 2 2 2 2 0 2 2 2 2 2 2 2 2 2 0 2 2 0 2 2 2 2 2 0 2 2 2 2 2 2 2 2 2 2 2 0 2 2 2 0 2 2 2 0 2 2 0 2 0 2 0 0 2 2 0 2 0 0 2 2 2 2 0 2 2 0 0 0 0 0 2 0 2 2 2 2 2 0 0 2 0 2 2 2 0 2 2 0 0 2 0 2 0 2 0 2 0 0 0 2 0 2 0 0 0 2 2 2 0 1 2 2 0 2 0 0 0 0 0 0 2 0 2 0 0 0 0 0 2 0 2 2 0 0 0 0 2 2 0 2 2 0 2 0 0 0 0 2 2 0 2 2 0 0 2 0 0 0 2 2 0 2 0 0 2 2 0 2 2 2 2 0 2 2 2 2 2 0 1 0 2 2 2 2 0 2 2 0 0 2 2 0 0 2 0 2 2 2 2 2 2 0 0 0 0 0
282 2 2 2 2 2 2 2 2 2 2 2 2 2 2 0 2 2 2 2 2 2 2 2 2 0 2 2 2 2 2 2 2 0 2 2 1 2 2 2 2 2 2 2 2 2 2 2 2 2 2 2 2 2 2 2 2 2 2 2 2 2 2 0 2 2 2 2 2 2 2 2 2 2 2 2 2 2 2 0 0 2 2 0 2 2 2 2 0 2 2 2 2 2 0 0 0 0 0 2 2 2 0 2 2 2 0 2 2 0 2 0 0 0 2 2 2 2 2 2 0 2 2 2 2 2 2 2 2 2 2 2 0 0 0 2 2 0 0 2 2 2 2 2 2 2 2 2 2 1 2 2 2 2 2 0 2 0 0 2 2 2 0 2 2 2 2 2 2 2 2 0 0 2 2 2 2 2 2 2 2 2 2 2 2 2 2 2 2 2 2 2 2 0 0 2 2 0 2 0 2 2 2 0 0 2 2 2 0 2 2 2 2 2 2 2 2 0 1 0 2 2 2 2 0 0 2 2 2 2 2 0 0 2 2 2 2 0 2 2 0 2 2 0 2 2
283 2 0 0 0 0 2 0 2 0 2 2 2 0 2 2 2 2 2 2 2 2 0 0 2 0 2 2 0 2 2 2 0 0 2 2 2 0 0 2 0 2 2 2 2 0 0 2 2 0 2 0 0 2 0 0 0 2 0 0 2 0 0 0 2 0 0 0 0 2 0 2 2 2 2 2 2 0 2 2 2 2 2 0 2 0 2 0 0 2 2 2 2 2 2 2 0 2 2 2 0 2 2 0 2 0 2 2 0 2 0 2 0 0 2 2 2 2 0 0 0 0 0 2 2 0 0 2 2 2 2 0 0 2 0 2 2 2 2 0 2 2 2 2 2 0 0 0 2 2 2 0 2 2 2 2 2 2 2 2 2 2 2 2 2 2 2 2 2 0 2 2 2 2 2 2 0 0 2 2 2 2 0 2 2 2 2 0 0 2 2 1 2 0 2 2 2 0 2 0 0 2 2 2 0 2 2 0 0 2 0 2 0 0 0 0 0 2 1 2 2 0 2 0 0 2 2 2 2 0 2 2 2 2 2 0 2 2 2 0 0 2 2 2 2 2
284 0 2 0 2 0 0 0 2 2 0 2 2 0 0 0 0 2 0 0 2 2 0 0 0 0 0 2 0 0 0 0 0 0 2 0 1 0 2 0 2 2 2 2 0 0 0 2 0 0 0 2 2 2 2 0 0 2 2 0 0 2 0 0 2 2 0 2 2 2 2 2 0 2 2 2 0 0 2 0 2 0 0 2 2 0 2 0 0 0 0 2 0 2 0 0 0 0 2 2 0 2 2 2 0 2 2 0 2 2 2 0 0 2 0 0 0 0 2 0 0 0 0 0 0 2 0 2 0 0 0 2 2 2 0 2 2 0 0 2 2 0 2 2 2 2 0 2 2 1 0 0 0 2 0 0 0 0 0 2 0 2 0 2 2 2 2 2 2 2 0 0 0 2 2 2 0 2 0 0 0 2 2 2 2 2 0 0 0 0 0 0 2 0 2 2 2 2 2 0 2 0 2 0 0 2 2 0 0 2 2 2 0 0 2 0 0 0 0 0 2 2 0 2 0 0 2 2 0 0 2 0 0 0 0 0 2 2 0 0 0 0 2 0 0 2
285 0 2 0 2 0 0 0 2 2 0 2 2 0 0 0 0 2 0 0 2 2 0 0 0 0 0 2 0 0 0 0 0 0 2 0 0 0 2 0 2 2 2 2 0 0 0 2 0 0 0 2 2 2 2 0 0 2 2 0 0 2 0 0 2 2 0 2 2 2 2 2 0 2 2 2 0 0 2 0 2 0 0 2 2 0 2 0 0 0 0 2 0 2 0 0 0 0 2 2 0 2 2 2 0 2 2 0 2 2 2 0 0 2 0 0 0 0 2 0 0 0 0 0 0 2 0 2 0 0 0 2 2 2 0 2 2 0 0 2 2 0 2 2 2 2 0 2 2 1 0 0 0 2 0 0 0 0 0 2 0 2 0 2 2 2 2 2 2 2 0 0 0 2 2 2 0 2 0 0 0 2 2 2 2 2 0 0 0 0 0 0 2 0 2 2 2 2 2 0 2 0 2 0 0 2 2 0 0 2 2 2 0 0 2 0 0 0 0 0 2 2 0 2 0 0 2 2 0 0 2 0 0 0 0 0 2 2 0 0 0 0 2 0 0 2
286 0 2 2 2 2 2 2 2 2 0 2 2 2 0 2 2 2 2 0 2 2 2 2 0 2 2 2 2 2 0 2 2 2 2 2 2 2 2 2 2 2 2 2 2 2 2 2 0 2 2 2 2 2 2 2 2 2 2 2 2 2 2 2 2 2 2 2 2 2 2 2 2 2 2 2 0 2 2 2 2 2 2 2 2 2 2 2 2 2 2 2 2 2 2 2 2 2 2 2 2 2 2 2 2 2 2 2 2 2 2 2 2 2 0 2 2 2 2 2 2 2 2 2 2 2 2 2 2 2 2 2 2 2 2 2 2 2 2 2 2 0 2 2 2 2 2 2 2 2 2 2 2 2 2 2 2 2 2 2 0 2 2 2 2 2 2 2 2 2 0 2 2 2 2 2 2 2 2 0 0 2 2 2 2 2 2 2 2 2 0 1 2 2 2 2 2 2 2 2 2 2 2 2 2 2 2 2 2 2 2 2 2 2 2 2 2 2 2 2 2 2 2 2 2 2 2 2 2 2 2 2 2 0 2 2 2 2 0 2 2 2 2 2 2 2
287 2 0 2 2 2 2 2 2 2 2 2 2 2 2 2 2 2 2 2 2 2 2 2 2 2 2 2 2 2 2 2 2 1 2 2 2 2 0 2 2 2 2 2 2 2 2 2 2 2 2 2 2 2 2 2 2 2 0 2 2 2 2 2 2 2 2 0 2 2 2 2 2 2 2 2 2 2 2 2 2 2 2 0 2 0 2 2 0 2 2 2 2 2 2 2 0 2 2 2 2 2 2 0 2 2 2 2 2 2 2 2 0 2 2 2 2 2 2 1 0 2 2 2 2 2 2 2 2 2 2 2 0 2 1 2 2 2 2 2 2 2 2 2 2 2 2 2 2 2 2 1 2 2 2 2 2 2 2 2 2 2 2 2 2 2 2 2 2 2 2 2 2 2 2 2 0 2 2 2 2 2 2 2 2 2 2 2 2 2 2 2 2 0 2 2 2 2 0 2 2 2 2 2 0 2 2 2 2 2 2 2 2 2 2 2 2 2 2 2 2 2 2 2 2 2 2 2 2 2 2 2 2 2 2 2 2 2 2 0 2 2 2 2 2 2
288 0 2 0 0 2 2 2 2 0 0 0 2 2 0 2 2 0 0 0 0 0 0 2 0 2 2 0 0 0 0 0 0 2 2 2 1 2 2 0 0 0 2 0 2 0 0 0 0 0 0 0 0 2 2 2 2 2 2 0 0 0 0 2 2 2 2 2 2 0 0 2 0 2 2 0 0 0 2 0 0 0 2 0 2 2 0 0 2 2 2 0 0 0 0 0 2 2 0 2 0 2 0 2 0 2 0 0 2 2 2 2 2 0 0 0 2 2 2 2 2 2 0 0 2 2 2 2 0 0 2 2 0 0 2 0 0 2 2 2 0 0 0 0 2 0 2 0 2 1 0 0 2 0 0 2 2 2 2 2 0 2 2 2 0 0 0 0 0 2 0 2 2 0 2 0 0 2 0 0 0 0 0 2 0 2 0 2 0 0 0 1 0 2 0 2 0 2 2 2 2 2 0 2 0 0 0 0 2 0 0 0 0 0 0 2 2 2 0 2 0 2 0 2 2 2 2 0 0 0 0 2 2 0 0 0 0 0 0 2 2 2 2 2 2 0
289 2 2 0 2 2 2 2 2 2 2 2 2 2 2 2 2 0 2 2 0 2 2 2 2 2 2 0 2 2 2 2 2 2 2 2 1 2 2 2 2 2 2 2 2 2 0 2 2 0 2 2 2 2 2 2 2 2 2 0 2 2 2 2 2 2 2 2 2 2 2 2 2 2 2 0 2 0 2 2 2 2 2 2 2 2 0 0 2 2 2 0 2 2 2 2 2 2 2 2 0 2 2 2 2 2 2 2 2 2 2 2 2 2 2 2 2 2 2 2 2 2 2 2 2 2 2 2 2 0 2 2 2 0 2 2 0 2 2 2 0 2 0 0 2 2 2 2 2 2 2 2 2 2 2 2 2 2 2 2 2 2 2 2 0 0 0 0 2 2 2 2 2 0 2 0 2 2 2 2 2 0 2 2 0 2 2 2 2 2 2 2 0 2 2 2 0 2 2 2 2 2 0 2 2 2 0 2 2 2 2 0 2 0 2 2 2 2 2 2 2 2 2 2 2 2 2 0 2 2 0 2 2 2 2 2 0 2 2 2 2 2 2 2 2 0
290 2 2 2 2 2 2 2 2 2 2 2 2 2 2 2 2 0 2 2 2 2 2 2 2 2 2 0 2 2 2 2 2 2 2 2 1 2 2 2 2 2 2 2 2 2 2 2 2 2 2 2 2 2 2 2 2 2 2 2 2 2 2 2 2 2 2 2 2 2 2 2 2 2 2 0 2 2 2 2 2 2 2 2 2 2 0 2 2 2 2 0 2 2 2 2 2 2 2 2 2 2 2 2 2 2 2 2 2 2 2 2 2 2 2 2 2 2 2 2 2 2 2 2 2 2 2 2 2 0 2 2 2 0 2 2 0 2 2 2 0 2 0 0 2 2 2 2 2 2 2 2 2 2 2 2 2 2 2 2 2 2 2 2 0 0 0 0 2 2 2 2 2 0 2 0 2 2 2 2 2 0 2 2 0 2 2 2 2 2 2 2 0 2 2 2 0 2 2 2 2 2 0 2 2 2 0 2 2 2 2 0 2 2 2 2 2 2 2 2 2 2 2 2 2 2 2 0 2 2 2 2 2 2 2 2 2 2 2 2 2 2 2 2 2 0
291 2 2 0 0 0 2 2 0 0 2 0 0 0 2 2 2 2 2 0 2 2 2 2 2 2 2 2 2 2 0 0 2 2 2 2 2 0 2 2 0 0 0 2 2 2 0 2 0 0 0 2 2 2 2 2 2 2 2 0 0 2 2 2 0 2 0 2 2 0 2 2 2 2 2 2 0 0 0 2 0 0 0 2 2 2 2 0 2 0 2 2 2 2 2 0 2 2 0 0 0 2 2 2 0 0 0 2 2 0 2 0 2 2 2 0 0 2 0 2 2 2 0 0 2 2 2 2 2 2 2 2 2 0 2 0 2 2 2 2 2 0 2 2 2 2 2 2 2 2 2 2 0 2 2 0 2 2 2 2 2 0 2 2 2 2 0 2 1 2 2 2 2 2 2 2 2 2 2 2 2 2 0 2 2 2 2 0 2 2 2 2 2 2 0 2 2 0 0 2 0 0 2 2 2 0 2 2 2 2 0 2 2 0 2 2 2 2 2 0 0 2 2 2 2 2 0 2 2 2 2 2 2 2 2 2 2 0 2 2 2 2 2 2 2 2
292 2 2 2 2 2 0 2 2 2 2 2 2 2 2 2 0 2 2 2 0 2 2 0 2 2 0 2 2 2 2 2 2 2 2 2 2 2 2 0 2 2 2 2 2 2 2 2 2 2 2 0 2 2 2 0 0 2 2 2 2 0 2 2 2 2 2 2 2 2 2 2 2 2 2 2 2 2 2 2 2 2 2 2 2 2 2 2 2 2 2 2 0 2 2 2 2 2 2 2 2 0 0 2 2 2 2 0 2 2 2 2 2 2 2 2 2 0 2 2 2 2 2 2 2 2 2 2 0 2 0 2 2 2 2 2 2 2 0 2 2 2 2 2 2 2 2 2 2 1 2 2 2 2 0 2 2 2 2 2 2 2 2 2 2 2 2 2 2 2 2 2 2 2 2 2 2 2 0 2 2 2 2 2 2 2 0 2 2 0 2 2 2 2 2 0 2 2 2 2 2 2 2 2 2 2 2 2 2 2 2 2 2 2 2 2 2 2 2 2 2 2 2 2 2 2 2 2 2 2 2 2 0 2 0 2 2 2 2 2 2 0 0 2 2 2
293 2 2 0 2 2 2 2 2 0 2 2 2 2 2 2 2 0 2 2 2 0 2 2 2 2 2 0 2 2 2 2 2 2 2 2 0 2 2 2 2 2 2 2 2 2 0 2 2 0 2 2 2 2 2 2 2 2 2 0 2 2 2 2 2 2 2 2 2 2 2 2 2 2 2 0 2 0 2 2 2 2 2 2 2 2 0 0 2 2 2 0 2 2 2 2 2 0 2 2 0 2 2 2 2 2 2 2 2 2 2 2 2 2 2 2 2 2 2 2 2 2 2 2 2 2 2 2 2 0 2 2 2 2 2 2 0 2 2 2 0 2 0 0 2 2 2 2 2 2 2 2 2 2 2 2 2 2 0 2 2 2 2 2 0 0 2 0 2 2 2 2 0 0 2 0 2 2 2 2 2 0 2 2 0 2 2 2 2 2 2 2 0 2 2 2 0 2 2 0 2 2 0 0 2 2 0 2 0 2 2 0 2 0 2 2 2 0 2 2 2 2 2 2 2 2 2 0 2 2 2 2 2 2 2 2 2 2 2 2 0 2 2 0 2 0
294 2 2 0 2 2 2 2 2 0 2 2 2 2 2 0 2 0 2 2 2 0 2 2 2 2 2 0 2 2 2 2 2 2 2 0 0 2 2 2 2 2 2 2 2 2 0 2 2 0 2 2 2 2 2 2 2 2 2 0 2 2 2 2 2 0 2 2 0 2 2 2 2 2 2 0 2 0 2 0 2 2 2 0 2 0 0 0 2 2 0 0 2 2 0 2 2 0 2 2 0 2 2 2 2 2 2 2 2 2 2 2 2 2 2 2 2 2 2 2 2 2 2 2 2 2 2 2 2 0 2 0 0 2 2 2 0 0 2 0 0 2 0 0 2 2 0 2 2 1 2 0 2 2 2 2 2 2 0 2 2 2 0 2 0 0 2 0 2 2 2 0 0 0 2 0 2 0 2 2 2 0 2 2 0 2 2 2 0 2 2 2 0 2 2 2 0 2 2 0 2 2 0 0 0 2 0 2 0 2 2 0 0 0 2 0 2 0 0 2 2 0 0 0 2 0 2 0 0 0 2 0 2 2 2 0 2 2 2 2 0 2 2 0 0 0
295 2 2 0 2 0 2 2 2 0 2 0 0 0 2 2 2 2 2 0 0 2 2 2 2 2 2 2 2 2 0 0 2 2 0 2 0 0 1 0 0 0 0 0 2 2 0 0 0 0 0 2 0 2 0 2 2 0 2 0 0 2 2 2 2 2 0 2 2 0 2 2 2 2 2 2 0 0 0 2 0 0 2 2 2 2 2 0 2 2 2 2 0 2 2 0 2 0 0 2 0 0 2 2 0 2 0 0 2 0 2 0 2 2 2 0 2 2 2 2 2 2 2 2 2 2 2 2 0 2 2 2 2 0 2 0 2 0 2 2 2 0 2 2 0 2 2 0 2 1 2 2 2 0 0 0 0 2 0 0 2 2 2 0 2 2 0 2 0 0 2 2 2 2 2 2 2 2 0 2 2 2 0 0 2 2 0 0 2 0 2 2 2 2 0 0 2 0 0 0 2 2 2 0 2 0 2 2 0 0 0 2 2 0 2 2 2 0 2 0 0 2 2 2 2 2 0 2 0 2 2 0 2 2 0 2 2 0 2 2 0 2 0 0 2 2
296 0 0 0 0 0 0 0 0 0 0 0 0 0 0 0 0 0 0 0 0 0 0 0 0 0 0 0 0 0 0 0 0 0 0 0 0 0 0 0 0 0 0 0 0 0 0 0 0 0 0 0 0 0 0 0 0 0 0 0 0 0 0 0 0 0 0 0 0 0 2 0 0 0 0 0 0 0 0 2 0 0 0 0 0 0 0 0 0 0 0 0 0 2 2 0 0 0 0 0 0 0 0 0 0 0 0 0 0 0 0 0 0 2 0 0 0 0 0 0 0 0 0 0 0 0 0 0 0 0 0 0 0 0 0 0 0 0 0 2 0 0 0 0 0 2 0 0 0 1 0 0 0 0 0 0 0 0 0 0 0 0 0 0 0 0 0 0 0 0 0 0 0 0 2 0 0 0 0 0 0 0 0 0 0 2 0 0 0 0 0 1 0 0 0 0 0 0 0 0 0 0 0 0 0 0 0 2 0 0 0 0 0 0 2 0 2 0 0 0 0 0 0 0 2 0 0 0 0 0 0 0 0 0 0 0 0 0 0 0 0 0 0 0 0 0
297 2 2 2 2 2 2 2 2 2 2 2 2 2 2 2 2 2 2 2 2 2 2 2 2 2 2 2 2 2 2 2 2 2 0 2 2 2 2 2 2 2 2 2 2 2 2 2 2 2 2 2 2 2 0 2 2 0 2 2 2 2 2 2 2 2 2 2 2 2 0 2 2 2 2 2 2 2 2 0 2 2 2 2 2 2 2 2 2 2 2 2 2 0 0 2 2 2 2 2 2 2 2 2 2 2 2 2 2 2 2 2 2 0 2 2 2 2 2 2 2 2 2 2 2 2 2 2 2 2 2 2 2 2 2 2 2 2 2 2 2 2 2 2 0 2 2 2 2 2 2 2 2 2 2 2 0 2 2 0 2 2 2 0 2 2 2 2 2 0 2 2 2 2 2 2 2 2 2 2 2 2 2 0 2 2 2 2 2 2 2 1 2 2 2 2 2 2 2 2 2 2 2 2 2 2 2 0 2 2 2 2 2 2 2 2 2 2 2 2 2 2 2 2 0 2 2 2 2 2 2 2 2 2 2 2 2 2 2 2 2 2 2 2 2 2
298 0 0 0 0 0 0 0 2 0 0 0 0 0 0 0 0 0 0 0 0 0 0 0 0 0 0 0 0 0 0 0 0 0 2 0 0 0 0 0 0 0 0 2 0 0 0 2 0 0 0 0 2 0 2 0 0 2 0 0 0 0 0 0 2 0 0 0 0 2 2 0 0 0 0 0 0 0 0 2 2 0 2 0 0 0 0 0 0 2 0 0 0 2 2 0 0 0 2 2 0 0 0 0 0 2 2 0 0 0 0 0 0 2 0 0 0 0 2 0 0 0 0 0 0 0 0 0 0 0 0 0 0 0 0 2 0 0 0 0 0 0 0 0 2 2 0 2 0 1 0 0 2 2 0 0 2 0 0 2 0 2 0 2 0 0 0 0 1 2 0 0 0 0 2 0 0 0 0 0 0 0 0 2 0 2 0 0 0 0 0 1 0 0 0 0 0 0 0 0 2 2 0 0 0 2 0 2 0 2 2 0 0 0 2 0 0 0 0 0 0 0 0 0 2 0 0 0 0 0 2 0 0 0 0 0 0 2 0 0 0 0 0 0 0 0
299 0 0 0 0 0 0 0 0 0 0 0 0 0 0 0 0 0 0 0 0 0 0 0 0 0 0 0 0 0 0 0 0 0 0 0 0 0 0 0 0 0 0 2 0 0 0 2 0 0 0 0 2 2 0 0 0 0 0 0 0 0 0 0 2 0 0 0 0 0 0 0 0 0 2 0 0 0 0 0 0 0 0 0 0 0 0 0 0 0 0 0 0 0 0 0 0 0 0 0 0 0 0 0 0 0 0 0 0 0 0 0 0 0 0 0 0 0 0 0 0 0 0 0 0 0 0 0 0 0 0 0 0 0 0 0 0 0 0 0 0 0 0 0 0 2 0 2 0 1 0 0 2 2 0 0 0 0 0 0 0 2 0 0 0 0 0 0 2 0 0 0 0 0 2 0 0 0 0 0 0 0 0 0 0 2 0 0 0 0 0 0 0 0 0 0 0 0 0 0 0 0 0 0 0 0 0 0 0 2 0 0 0 0 2 0 0 0 0 0 2 0 0 0 0 0 0 0 0 0 0 0 0 0 0 0 0 0 0 0 0 0 0 0 0 0
300 2 2 2 2 0 2 0 2 2 2 2 2 0 2 2 2 0 2 0 2 2 0 0 2 0 2 0 0 2 0 2 0 2 2 2 1 0 2 2 2 2 0 2 2 2 2 2 0 2 2 2 2 2 2 0 0 2 2 2 2 2 2 2 2 2 0 2 2 2 2 2 2 2 2 0 0 2 2 0 2 0 2 2 2 0 0 2 2 2 2 0 2 2 0 0 2 2 2 2 2 2 2 2 2 2 2 2 2 0 2 0 2 2 2 2 2 2 2 0 2 0 2 2 2 2 0 0 2 0 2 2 2 0 2 2 0 2 2 2 0 0 0 0 2 2 2 2 2 2 2 2 2 2 2 0 2 0 2 2 2 2 2 2 0 0 0 0 2 2 2 2 0 0 2 0 0 2 2 2 2 0 2 2 0 2 2 2 2 2 2 2 0 2 2 2 0 0 2 2 2 2 0 2 2 2 2 2 2 2 0 0 2 2 2 0 2 2 2 0 2 2 2 2 2 2 2 0 2 0 2 0 2 2 2 2 2 2 2 0 2 2 2 2 2 0
301 2 2 2 2 0 2 0 2 2 2 2 2 0 2 2 2 0 2 0 2 2 0 0 2 0 2 0 0 2 0 2 0 2 2 2 1 0 2 2 2 2 0 2 2 2 2 2 0 2 2 2 2 2 2 0 0 2 2 2 2 2 2 2 2 2 0 2 2 2 2 2 2 2 2 0 0 2 2 0 2 0 2 2 2 0 0 2 2 2 2 0 2 2 0 0 2 2 2 2 2 2 2 2 2 2 2 2 2 0 2 0 2 2 2 2 2 2 2 0 2 0 2 2 2 2 0 0 2 0 2 2 2 0 2 2 0 2 2 2 0 0 0 0 2 2 2 2 2 2 2 2 2 2 2 0 2 0 2 2 2 2 2 2 0 0 0 0 2 2 2 2 0 0 2 0 0 2 2 2 2 0 2 2 0 2 2 2 2 2 2 2 0 2 2 2 0 0 2 2 2 2 0 2 2 2 2 2 2 2 0 0 2 2 2 0 2 2 2 0 2 2 2 2 2 2 2 0 2 0 2 0 2 2 2 2 2 2 2 0 2 2 2 2 2 0
302 2 2 2 2 2 2 2 2 2 2 2 2 2 2 2 2 2 2 2 2 2 2 2 2 2 2 2 2 2 2 2 2 2 2 2 2 2 2 2 2 2 2 2 2 2 2 2 2 2 2 2 2 2 2 2 2 2 2 2 2 2 2 2 2 2 2 2 2 2 2 2 2 2 2 2 2 2 2 2 2 2 2 2 2 2 2 2 2 2 2 2 2 2 2 2 2 2 2 2 2 0 2 2 2 2 2 0 2 2 2 2 2 2 2 2 2 2 2 2 2 2 2 2 2 2 2 2 0 2 2 2 2 2 2 2 2 2 2 2 2 2 2 2 2 2 2 2 2 2 2 2 2 2 0 2 2 2 2 2 2 2 2 2 2 2 2 2 2 2 2 2 2 2 2 2 2 2 0 2 2 2 2 2 2 2 0 2 2 0 2 2 2 2 2 0 2 2 2 2 2 2 2 2 2 2 0 2 2 2 2 2 2 2 2 2 2 2 2 2 2 2 2 2 2 2 2 2 0 2 2 2 2 2 0 2 2 2 2 2 2 2 0 0 0 2
303 2 2 2 2 0 2 0 2 2 2 2 2 0 2 2 2 2 2 2 2 0 0 0 2 0 2 2 0 2 2 0 0 2 2 2 2 0 2 2 2 2 2 2 2 2 2 2 2 2 2 2 2 2 2 0 0 2 2 2 2 2 2 2 2 0 0 2 0 2 2 2 2 2 2 2 2 2 2 0 2 2 2 2 2 0 2 2 2 2 2 2 2 2 0 2 2 2 2 2 2 2 2 2 2 2 2 2 2 2 2 0 2 2 2 2 2 2 2 2 2 0 2 0 2 2 0 0 2 2 2 0 2 2 2 2 2 2 2 0 2 2 2 2 2 2 2 2 2 2 2 2 2 2 2 0 2 0 2 2 2 2 2 2 2 2 2 2 2 2 2 2 2 2 2 2 0 0 2 2 2 2 2 2 2 2 2 2 2 2 2 2 2 2 2 2 2 0 2 2 2 0 2 2 2 2 2 2 2 2 2 2 2 2 2 2 0 2 2 0 2 0 2 0 2 2 2 2 2 2 2 2 2 2 2 2 2 2 2 2 2 2 2 2 2 2
304 2 2 2 2 0 2 0 2 2 2 0 0 0 2 2 2 2 2 2 2 0 2 0 2 0 2 2 2 2 2 0 2 2 2 2 2 0 2 2 0 2 2 2 2 2 2 2 2 2 0 2 2 2 2 0 0 2 2 2 0 2 2 2 0 2 0 2 2 2 2 2 2 2 2 2 2 2 0 0 2 2 2 2 2 0 2 2 2 2 2 2 2 2 0 2 2 2 2 2 2 2 2 2 0 2 2 2 2 2 2 0 2 2 2 0 2 2 2 2 2 0 2 0 2 2 0 0 2 2 2 2 2 2 2 2 2 2 2 2 2 2 2 2 2 2 2 2 2 2 2 2 2 2 2 0 2 0 2 2 2 2 2 2 2 2 2 2 1 2 2 2 2 2 2 2 0 2 2 2 2 2 2 2 2 2 2 2 2 2 2 2 2 2 2 2 2 0 2 2 2 0 2 2 2 2 2 2 2 2 2 2 2 2 2 2 2 2 2 0 0 2 2 2 2 2 2 2 2 0 2 2 2 2 2 2 2 2 2 2 2 2 2 2 2 2
305 2 2 2 2 0 2 0 2 2 2 0 0 0 2 2 2 0 2 0 2 0 2 0 2 0 2 0 2 2 0 0 2 2 2 2 1 0 2 2 0 2 0 2 2 2 2 2 0 2 0 2 2 2 2 0 0 2 2 2 0 2 2 2 0 2 0 2 2 2 2 2 2 2 2 0 0 2 0 0 2 0 2 2 2 0 0 2 2 2 2 0 2 2 0 0 2 2 2 2 2 2 2 2 0 2 2 2 2 0 2 0 2 2 2 0 2 2 2 0 2 0 2 0 2 2 0 0 2 0 2 2 2 0 2 2 0 2 2 2 0 0 0 0 2 2 2 2 2 2 2 2 2 2 2 0 2 0 2 2 2 2 2 2 0 0 0 0 1 2 2 2 0 0 2 0 0 2 2 2 2 0 2 2 0 2 2 2 2 2 2 2 0 2 2 2 0 0 2 2 2 0 0 2 2 2 2 2 2 2 0 0 2 2 2 0 2 2 2 0 0 2 2 2 2 2 2 0 2 0 2 0 2 2 2 2 2 2 2 0 2 2 2 2 2 0
306 2 2 2 2 2 2 2 2 2 2 2 2 2 2 2 2 0 2 2 2 2 2 2 2 2 2 0 2 2 2 2 2 2 2 2 1 2 2 2 2 2 2 2 2 2 2 2 2 2 2 2 2 2 2 2 2 2 2 2 2 2 2 2 2 2 2 2 2 2 2 2 2 2 2 0 2 2 2 2 2 2 2 2 2 2 0 2 2 2 2 0 2 2 2 2 2 2 2 2 2 2 2 2 2 2 2 2 2 2 2 2 2 2 2 2 2 2 2 2 2 2 2 2 2 2 2 2 2 0 2 2 2 0 2 2 0 2 2 2 0 2 0 0 2 2 2 2 2 2 2 2 2 2 2 2 2 2 2 2 2 2 2 2 0 0 0 0 2 2 2 2 0 0 2 0 2 2 2 2 2 0 2 2 0 2 2 2 2 2 2 2 0 2 2 2 0 2 2 2 2 2 0 2 2 2 2 2 2 2 2 0 2 2 2 2 2 2 2 2 2 2 2 2 2 2 2 0 2 2 2 2 2 2 2 2 2 2 2 2 2 2 2 2 2 0
307 2 2 2 2 0 0 0 2 2 2 2 2 0 2 2 0 2 2 2 0 2 2 2 2 0 0 2 2 2 2 2 2 2 2 2 2 0 2 0 2 2 2 2 2 2 2 2 2 2 2 2 2 2 2 2 2 2 2 2 2 2 2 2 2 2 0 2 2 2 2 2 2 2 2 2 2 2 2 0 2 2 2 2 2 0 2 2 2 2 2 2 0 2 0 2 2 2 2 2 2 2 0 2 2 2 2 2 2 2 2 0 2 2 2 2 2 0 2 0 2 0 2 2 2 2 0 0 2 2 0 2 2 2 2 2 2 2 0 2 2 2 2 2 2 2 2 2 2 1 2 2 2 2 2 0 2 0 2 2 2 2 2 2 2 2 2 2 2 2 2 2 2 2 2 2 0 2 2 2 2 2 2 2 2 2 2 2 2 2 2 2 2 2 2 2 2 0 2 2 2 2 2 2 2 2 2 2 2 2 2 2 2 2 2 0 2 2 2 0 2 2 2 2 2 2 2 2 2 0 2 2 2 2 2 2 2 2 2 0 2 0 2 2 2 2
308 2 2 2 2 2 2 2 2 2 2 2 2 2 2 2 2 0 2 2 2 2 2 2 2 2 2 0 2 2 2 2 2 2 2 2 1 2 2 2 2 2 2 2 2 2 2 2 2 2 2 2 2 2 2 2 2 2 2 2 2 2 2 2 2 2 2 2 2 2 2 2 2 2 2 0 2 2 2 2 2 2 2 2 2 2 0 2 2 2 2 0 2 2 2 2 2 2 2 2 2 2 2 2 2 2 2 2 2 2 2 2 2 2 2 2 2 2 2 2 2 2 2 2 2 2 2 2 2 0 2 2 2 0 2 2 0 2 2 2 0 2 0 0 2 2 2 2 2 2 2 2 2 2 2 2 2 2 2 2 2 2 2 2 0 0 0 0 2 2 2 2 0 0 2 0 2 2 2 2 2 0 2 2 0 2 2 2 2 2 2 2 0 2 2 2 0 2 2 2 2 2 0 2 2 2 2 2 2 2 2 0 2 2 2 2 2 2 2 2 2 2 2 2 2 2 2 0 2 2 2 2 2 2 2 2 2 2 2 2 2 2 2 2 2 0
309 2 2 2 2 2 2 2 2 2 2 2 2 2 2 2 2 0 2 2 2 2 2 2 2 2 2 0 2 2 2 2 2 2 2 2 1 2 2 2 2 2 2 2 2 2 2 2 2 2 2 2 2 2 2 2 2 2 2 2 2 2 2 2 2 2 2 2 2 2 2 2 2 2 2 0 2 2 2 2 2 2 2 2 2 2 0 2 2 2 2 0 2 2 2 2 2 2 2 2 2 2 2 2 2 2 2 2 2 2 2 2 2 0 2 2 2 2 2 2 2 2 2 2 2 2 2 2 2 0 2 2 2 0 2 2 0 2 2 2 0 2 0 0 2 2 2 2 2 1 2 2 2 2 2 2 2 2 2 2 2 2 2 2 0 0 0 0 1 2 2 2 0 0 2 0 2 2 2 2 2 0 2 2 0 2 2 2 2 2 2 2 0 2 2 2 0 2 2 2 2 2 0 2 2 2 2 2 2 2 2 0 2 2 2 2 2 2 2 2 2 2 2 2 2 2 2 0 2 2 0 2 2 2 2 2 2 2 2 2 2 2 2 2 2 0
310 2 2 2 2 2 2 2 2 2 2 2 2 2 2 2 2 0 2 2 2 2 2 2 2 2 2 0 2 2 2 2 2 2 2 2 1 2 2 2 2 2 2 2 2 2 2 2 2 2 2 2 2 2 2 2 2 2 2 2 2 2 2 2 2 2 2 2 2 2 2 2 2 2 2 0 2 2 2 2 2 2 2 2 2 2 0 2 2 2 2 0 2 2 2 2 2 2 2 2 2 2 2 2 2 2 2 2 2 2 2 2 2 2 2 2 2 2 2 2 2 2 2 2 2 2 2 2 2 0 2 2 2 0 2 2 0 2 2 2 0 2 0 0 2 2 2 2 2 2 2 2 2 2 2 2 2 2 2 2 2 2 2 2 0 0 0 0 2 2 2 2 0 0 2 0 2 2 2 2 2 0 2 2 0 2 2 2 2 2 2 2 0 2 2 2 0 2 2 2 2 2 0 2 2 2 2 2 2 2 2 0 2 2 2 2 2 2 2 2 2 2 2 2 2 2 2 0 2 2 2 2 2 2 2 2 2 2 2 2 2 2 2 2 2 0
311 2 2 0 0 0 0 0 2 0 2 0 0 0 2 0 0 0 0 0 0 0 0 0 2 0 0 0 0 0 0 0 0 0 2 0 0 0 2 0 0 0 0 2 0 2 0 2 0 0 0 0 2 2 2 0 0 2 2 0 0 0 2 0 0 2 0 2 2 0 2 2 0 0 2 0 0 0 0 0 0 0 2 2 0 0 0 0 2 2 0 0 0 2 0 0 0 0 0 2 0 0 0 2 0 2 0 0 2 0 2 0 0 0 2 0 0 0 2 0 0 0 0 0 0 0 0 0 0 0 0 2 2 0 0 0 0 0 0 2 0 0 0 0 2 0 0 2 2 0 0 0 0 2 0 0 2 0 0 2 2 0 0 2 0 0 0 0 0 2 2 0 0 0 0 0 0 2 0 2 2 0 0 2 0 0 0 2 0 0 2 1 0 2 0 0 0 0 2 0 2 0 0 0 0 0 0 2 0 2 0 0 0 0 0 0 2 0 0 0 0 2 0 2 2 0 0 0 0 0 0 0 0 2 0 0 0 0 2 0 0 0 0 0 0 0
312 2 2 0 0 0 0 0 2 0 2 0 0 0 2 0 0 0 0 0 0 0 0 0 2 0 0 0 0 0 0 0 0 0 2 0 0 0 2 0 0 0 0 0 0 2 0 0 0 0 0 0 0 0 0 0 0 0 2 0 0 0 2 0 0 2 0 2 2 0 0 2 0 0 0 0 0 0 0 0 0 0 2 0 0 0 0 0 0 2 0 0 0 0 0 0 0 0 0 2 0 0 0 2 0 2 0 0 2 0 2 0 0 0 2 0 0 0 2 0 0 0 0 0 0 0 0 0 0 0 0 2 0 0 0 0 0 0 0 2 0 0 0 0 2 0 0 0 0 0 0 0 0 0 0 0 0 0 0 2 2 0 0 2 0 0 0 0 0 0 2 0 0 0 0 0 0 2 0 2 2 0 0 2 0 0 0 0 0 0 2 1 0 0 0 0 0 0 0 0 2 0 0 0 0 0 0 0 0 0 0 0 0 0 0 0 2 0 0 0 0 2 0 2 0 0 0 0 0 0 0 0 0 2 0 0 0 0 2 0 0 0 0 0 0 0
313 2 2 2 2 2 2 2 2 2 2 2 2 2 2 2 2 2 2 2 2 2 2 2 2 2 2 2 2 2 2 2 2 2 2 2 2 2 2 2 2 2 2 2 2 2 2 2 2 2 2 2 2 2 2 2 2 2 2 2 2 2 2 2 2 2 2 2 2 2 2 2 2 2 2 2 2 2 2 2 2 2 2 2 2 2 2 2 2 2 2 2 2 2 2 2 2 2 2 2 2 0 2 2 2 2 2 0 2 2 2 2 2 2 2 2 2 2 2 2 2 2 2 2 2 2 2 2 0 2 2 2 2 2 2 2 2 2 2 2 2 2 2 2 2 2 2 2 2 2 2 2 2 2 0 2 2 2 2 2 2 2 2 2 2 2 2 2 2 2 2 2 2 2 2 2 2 2 0 2 2 2 2 2 2 2 0 2 2 0 2 2 2 2 2 0 2 2 2 2 2 2 2 2 2 2 0 2 2 2 2 2 2 2 2 2 2 2 2 2 2 2 2 2 2 2 2 2 0 2 2 2 2 2 0 2 2 2 2 2 2 2 0 0 0 2
314 2 2 2 2 2 2 2 2 2 2 2 2 2 2 2 2 0 2 2 0 2 2 2 2 2 2 0 2 2 2 2 2 2 2 2 2 2 2 0 2 2 2 2 2 2 2 2 2 2 2 2 2 2 2 2 2 2 2 2 2 2 2 2 2 2 2 2 2 2 2 2 2 2 2 0 2 2 2 2 2 2 2 2 2 2 0 2 2 2 2 0 0 2 2 2 2 2 2 2 2 2 2 2 2 2 2 2 2 2 2 2 2 2 2 2 2 2 2 2 2 2 2 2 2 2 2 2 2 0 2 2 2 0 2 2 0 2 2 2 0 2 0 0 2 2 2 2 2 2 2 2 2 2 2 2 2 2 2 2 2 2 2 2 0 0 0 0 2 2 2 2 0 0 2 0 2 2 2 2 2 0 2 2 0 2 2 2 2 2 2 2 0 2 2 2 0 2 2 2 2 2 0 2 2 2 2 2 2 2 2 0 2 2 2 2 2 2 2 2 2 2 2 2 2 2 2 0 2 2 2 2 2 2 2 2 2 2 2 2 2 2 2 2 2 0
315 0 0 0 0 0 0 0 2 0 0 0 0 0 0 0 0 0 2 0 0 0 0 0 0 0 0 0 0 2 0 0 0 0 0 0 0 0 0 0 0 0 0 2 0 0 0 2 0 0 0 0 2 2 0 0 0 0 0 0 0 0 0 0 2 2 0 0 2 2 0 2 0 0 2 0 0 0 0 0 2 0 2 0 0 0 0 0 0 2 0 0 0 0 0 0 0 0 2 2 0 0 0 0 0 2 0 0 2 0 0 0 0 2 0 0 0 0 2 0 0 0 0 0 0 0 0 0 0 0 0 2 0 0 0 2 0 0 0 2 0 0 0 0 0 0 0 2 2 1 0 0 0 2 0 0 0 0 0 0 0 0 0 0 0 0 0 0 2 0 0 0 0 0 0 0 0 2 0 0 0 0 2 0 0 0 0 0 0 0 0 0 0 0 2 0 0 0 0 0 2 0 0 0 0 2 0 0 0 2 0 0 0 0 0 0 2 0 0 0 2 2 0 2 0 0 0 0 0 0 2 0 0 0 0 0 0 2 0 0 0 0 0 0 0 0
316 0 0 0 0 0 0 0 2 0 0 0 0 0 0 0 0 0 2 0 0 0 0 0 0 0 0 0 0 2 0 0 0 0 0 0 0 0 0 0 0 0 0 0 0 0 0 0 0 0 0 0 0 0 0 0 0 0 0 0 0 0 0 0 0 2 0 0 2 2 0 2 0 0 0 0 0 0 0 0 2 0 2 0 0 0 0 0 0 2 0 0 0 0 0 0 0 0 2 2 0 0 0 0 0 2 0 0 2 0 0 0 0 2 0 0 0 0 2 0 0 0 0 0 0 0 0 0 0 0 0 2 0 0 0 2 0 0 0 2 0 0 0 0 0 0 0 0 0 0 0 0 0 0 0 0 0 0 0 0 0 0 0 0 0 0 0 0 0 0 0 0 0 0 0 0 0 2 0 0 0 0 2 0 0 0 0 0 0 0 0 0 0 0 2 0 0 0 0 0 2 0 0 0 0 2 0 0 0 0 0 0 0 0 0 0 2 0 0 0 0 2 0 2 0 0 0 0 0 0 0 0 0 0 0 0 0 2 0 0 0 0 0 0 0 0
317 0 0 2 2 2 2 2 2 2 0 2 2 2 0 2 2 2 2 2 2 2 2 0 0 2 2 2 2 2 2 2 2 2 2 2 1 2 0 2 2 2 2 2 2 0 2 2 2 2 2 2 2 2 2 0 0 2 0 2 2 2 0 2 2 2 2 0 2 2 2 2 2 2 2 2 2 2 2 2 2 0 2 2 2 2 2 2 2 2 2 2 2 2 2 0 2 0 2 2 2 2 2 0 2 2 2 2 2 0 0 2 2 2 0 2 2 2 2 2 2 2 2 2 2 2 2 2 2 2 2 2 2 2 2 2 2 2 2 2 2 2 2 2 2 2 2 2 2 2 2 2 2 2 2 2 2 2 0 2 0 2 2 2 2 2 2 2 2 2 0 2 2 2 2 2 2 2 2 0 0 2 2 2 2 2 2 2 2 2 0 1 2 2 2 2 2 2 2 0 2 2 2 0 2 2 2 2 0 2 2 2 2 2 2 2 2 0 2 2 2 2 2 2 2 2 2 2 2 2 2 0 2 0 2 2 2 2 0 2 0 2 2 2 2 2
318 0 0 0 0 0 0 0 2 0 0 0 0 0 0 0 0 0 0 0 0 0 0 0 0 0 0 0 0 0 0 0 0 0 0 0 0 0 0 0 0 0 0 0 0 0 0 0 0 0 0 0 0 0 0 0 0 0 0 0 0 0 0 0 0 2 0 0 2 0 0 2 0 0 0 0 0 0 0 0 0 0 2 0 0 0 0 0 0 2 0 0 0 0 0 0 0 0 0 2 0 0 0 0 0 2 0 0 2 0 0 0 0 2 0 0 0 0 2 0 0 0 0 0 0 0 0 0 0 0 0 2 0 0 0 0 0 0 0 2 0 0 0 0 0 0 0 0 2 0 0 0 0 0 0 0 0 0 0 0 0 0 0 0 0 0 0 0 0 0 0 0 0 0 0 0 0 2 0 0 0 0 0 0 0 0 0 0 0 0 0 0 0 0 0 0 0 0 0 0 2 0 0 0 0 0 0 0 0 0 0 0 0 0 0 0 2 0 0 0 0 2 0 2 0 0 0 0 0 0 0 0 0 0 0 0 0 0 0 0 0 0 0 0 0 0
319 2 2 2 2 2 2 2 2 2 2 2 2 2 2 2 2 2 2 2 2 2 2 2 2 2 2 2 2 2 2 2 2 2 2 2 2 2 2 2 2 2 2 2 2 2 2 2 2 2 2 2 2 2 2 2 2 2 2 2 2 2 2 2 2 2 2 2 2 2 2 2 2 2 2 2 2 2 2 2 2 2 2 2 2 2 2 2 2 2 2 2 2 2 2 2 2 2 2 2 2 0 2 2 2 2 2 0 2 2 2 2 2 2 2 2 2 2 2 2 2 2 2 2 2 2 2 2 0 2 2 2 2 2 2 2 2 2 2 2 2 2 2 2 2 2 2 2 2 2 2 2 2 2 0 2 2 2 2 2 2 2 2 2 2 2 2 2 2 2 2 2 2 2 2 2 2 2 0 2 2 2 2 2 2 2 0 2 2 0 2 2 2 2 2 0 2 2 2 2 2 2 2 2 2 2 0 2 2 2 2 2 2 2 2 2 2 2 2 2 2 2 2 2 2 2 2 2 0 2 2 2 2 2 0 2 2 2 2 2 2 2 0 0 0 2
320 2 2 2 2 2 2 2 2 2 2 2 2 2 2 2 2 0 2 2 2 2 2 2 2 2 2 0 2 2 2 2 2 2 0 2 2 2 2 2 2 2 2 2 2 2 2 2 2 2 2 2 2 2 2 2 2 2 2 2 2 2 2 2 2 2 2 2 2 2 2 2 2 2 2 0 2 2 2 2 2 2 2 2 2 2 0 2 2 2 2 0 2 2 2 2 2 2 2 2 2 2 2 2 2 2 2 2 2 2 2 2 2 2 2 2 2 2 2 2 2 2 2 2 2 2 2 2 2 0 2 2 2 0 2 2 0 2 2 2 0 2 0 0 0 2 2 2 2 2 2 2 2 2 2 2 2 2 2 0 2 2 2 0 0 0 0 0 2 2 2 2 0 0 2 0 2 2 2 2 2 0 2 0 0 2 2 2 2 2 2 2 0 2 2 2 0 2 2 2 2 2 0 2 2 2 2 2 2 2 2 0 2 2 2 2 2 2 2 2 2 2 2 2 2 2 2 0 2 2 2 2 2 2 2 2 2 2 2 2 2 2 2 2 2 0
321 2 2 2 2 2 2 2 2 2 2 2 2 2 2 2 2 0 2 2 2 2 2 2 2 2 2 0 2 2 2 2 2 2 2 2 1 2 2 2 2 2 2 2 2 2 2 2 2 2 2 2 2 2 2 2 2 2 2 2 2 2 2 2 2 2 2 2 2 2 2 2 2 2 2 0 2 2 2 2 2 2 2 2 2 2 0 2 2 2 2 0 2 2 2 2 2 2 2 2 2 2 2 2 2 2 2 2 2 2 2 2 2 2 2 2 2 2 2 2 2 2 2 2 2 2 2 2 2 0 2 2 2 2 2 2 0 2 2 2 0 2 0 0 2 2 2 2 2 2 2 2 2 2 2 2 2 2 2 2 2 2 2 2 0 0 2 0 2 2 2 2 0 0 2 0 2 2 2 2 2 0 2 2 0 2 2 2 2 2 2 2 0 2 2 2 0 2 2 2 2 2 0 2 2 2 2 2 2 2 2 0 2 2 2 2 2 2 2 2 2 2 2 2 2 2 2 0 2 2 2 2 2 2 2 2 2 2 2 2 2 2 2 2 2 0
322 2 2 0 0 0 0 0 2 0 2 0 0 0 2 0 0 0 2 0 0 0 0 2 2 0 0 0 0 2 0 0 0 0 0 0 0 0 2 0 0 0 0 0 0 2 0 0 0 0 0 0 0 0 0 2 2 0 2 0 0 0 2 0 0 2 0 2 2 0 0 0 0 0 0 0 0 0 0 0 0 0 2 0 0 0 0 0 0 2 0 0 0 0 0 0 0 0 0 2 0 0 0 2 0 2 0 0 2 0 2 0 0 2 2 0 0 0 2 0 0 0 0 0 0 0 0 0 0 0 0 2 0 0 0 0 0 0 0 2 0 0 0 0 0 0 0 0 2 0 0 0 0 0 0 0 0 0 0 0 2 0 0 0 0 0 0 0 0 0 2 0 0 0 0 0 0 2 0 2 2 0 0 0 0 0 0 0 0 0 2 1 0 0 0 0 0 0 0 0 2 0 0 0 0 0 0 0 0 0 0 0 0 0 0 0 2 0 0 0 0 2 0 2 0 0 0 0 0 0 0 0 0 2 0 0 0 0 2 0 0 0 0 0 0 0
323 2 2 0 2 2 2 2 2 2 2 2 0 2 2 2 2 2 2 2 2 2 2 2 2 2 2 2 2 2 2 2 2 2 2 2 2 2 2 2 2 0 2 2 2 2 0 2 2 0 2 2 2 2 2 2 2 2 2 0 2 2 2 2 2 2 2 2 2 2 2 2 2 2 2 2 2 0 0 2 2 2 2 2 2 2 2 0 2 2 2 2 2 2 2 2 2 2 2 2 0 2 2 2 2 2 0 2 2 2 2 2 2 2 2 2 2 2 2 2 2 2 2 2 2 2 2 2 2 2 2 2 2 2 2 2 2 2 2 2 2 2 2 2 2 2 2 2 2 2 2 2 2 2 2 2 2 2 2 2 2 2 2 2 2 2 2 2 2 2 2 2 2 2 2 2 2 2 2 2 2 2 2 2 2 2 2 2 2 2 2 2 2 2 2 2 2 2 2 2 2 2 2 2 2 2 2 2 2 2 0 2 2 0 2 2 2 2 2 2 2 2 2 2 2 2 2 2 2 2 2 2 2 2 2 2 2 2 2 2 2 2 2 2 2 2
324 2 2 2 2 0 2 0 2 2 2 2 2 0 2 2 2 2 2 2 0 2 2 2 2 0 2 2 2 2 2 2 2 0 2 2 2 2 2 0 2 2 2 2 2 2 2 2 2 2 2 2 2 2 2 2 2 2 2 2 2 2 2 0 2 2 0 2 2 2 0 2 0 2 2 2 2 2 2 2 2 2 2 2 2 0 2 2 0 2 2 2 0 2 0 2 0 2 2 2 2 2 2 2 2 2 2 2 2 2 2 0 0 2 2 2 2 2 2 2 0 2 2 2 2 0 0 0 2 2 2 2 2 2 0 2 2 2 2 2 2 2 2 2 2 2 2 2 2 2 2 2 2 2 2 0 2 0 2 2 2 2 2 2 2 2 2 2 2 2 2 2 2 2 2 2 0 2 2 2 2 2 2 2 2 2 2 2 2 2 2 1 2 0 2 2 2 0 2 2 2 0 2 2 0 2 2 2 2 2 2 2 2 2 2 2 2 2 2 0 2 2 2 2 0 2 0 2 2 0 2 2 2 2 2 2 0 2 2 2 2 2 2 2 2 2
325 2 2 2 2 2 2 2 2 2 2 2 2 2 2 2 2 2 2 2 2 2 2 2 2 2 2 2 2 2 2 2 2 2 2 2 1 0 2 2 2 2 2 2 2 2 2 2 2 2 2 2 2 2 2 2 2 2 2 2 2 2 2 2 2 2 2 2 2 2 2 2 2 2 2 2 2 2 2 0 2 0 2 2 2 2 2 2 2 2 2 2 2 2 2 0 2 0 2 2 2 2 0 2 2 2 2 2 2 0 2 2 2 2 2 2 2 2 2 0 2 2 2 2 2 2 2 2 2 2 2 2 2 2 2 2 2 2 2 2 2 2 2 2 2 2 2 2 2 2 2 2 2 2 2 2 2 2 0 2 2 2 2 2 2 2 2 2 2 2 2 2 2 2 2 2 2 2 2 2 2 2 2 2 2 2 2 2 2 2 2 2 2 2 2 2 2 2 2 0 2 2 2 0 2 2 2 2 0 2 2 2 2 2 2 0 2 0 2 2 2 2 2 2 2 2 2 2 2 2 2 0 2 2 2 2 2 2 2 0 0 2 2 2 2 2
326 2 2 0 0 0 0 0 2 0 2 0 0 0 2 0 0 0 0 0 0 0 0 2 2 0 0 0 0 0 0 0 0 0 2 0 0 0 2 0 0 0 0 2 2 2 0 2 0 0 0 0 2 2 2 2 2 2 2 0 0 0 2 0 2 2 0 2 2 0 0 2 0 0 2 0 0 0 0 0 0 0 2 2 0 0 0 0 0 2 0 0 0 2 0 0 0 0 0 2 0 0 0 2 0 2 0 0 2 0 2 0 0 2 2 0 0 0 2 0 0 0 0 0 2 0 0 0 0 0 0 2 2 0 0 0 0 0 0 2 0 0 0 0 2 2 0 2 2 1 0 0 2 2 0 0 2 0 0 2 2 2 0 2 0 0 0 0 2 2 2 0 0 0 2 0 0 2 0 2 2 0 0 2 0 2 0 2 0 0 2 1 0 0 0 0 0 0 2 0 2 0 0 0 0 0 0 2 0 2 0 0 0 0 2 0 2 0 0 0 2 2 0 2 0 0 0 0 0 0 2 0 0 2 0 0 0 0 2 0 0 0 0 0 0 0
327 2 2 2 2 2 2 2 2 2 2 2 2 2 2 2 2 2 2 2 2 2 2 2 2 2 2 2 2 2 2 2 2 2 2 2 0 2 2 2 2 2 2 2 2 2 2 2 2 2 2 2 2 2 2 2 2 2 2 2 2 2 2 2 2 2 2 2 2 2 2 2 2 2 2 2 2 2 2 2 2 0 2 2 2 2 2 2 2 2 2 2 2 2 2 0 2 0 2 2 2 2 2 2 2 2 2 2 2 0 2 2 2 2 2 2 2 2 2 2 2 2 2 2 2 2 2 2 2 2 2 2 2 2 2 2 2 2 2 2 2 2 2 2 2 2 2 2 2 2 2 2 2 2 2 2 2 2 0 2 2 2 2 2 2 2 2 2 2 2 2 2 2 2 2 2 2 2 2 2 2 2 2 2 2 2 2 0 2 2 2 2 2 2 2 2 2 2 0 0 2 2 2 0 2 2 2 2 0 2 2 2 2 2 2 2 2 0 2 2 2 2 2 2 2 2 2 2 2 2 2 0 2 2 2 2 2 2 2 2 0 2 2 2 2 2
328 0 0 2 2 2 2 2 2 2 0 2 2 2 0 2 2 2 2 2 2 2 2 0 0 2 2 2 2 2 2 2 2 2 2 2 2 2 0 2 2 2 2 2 2 0 2 2 2 2 2 2 2 2 2 0 0 2 0 2 2 2 0 2 2 2 2 0 2 2 2 2 2 2 2 2 2 2 2 2 2 2 2 2 2 2 2 2 2 2 2 2 2 2 2 2 2 2 2 2 2 2 2 0 2 2 2 2 2 2 0 2 2 2 0 2 2 2 2 2 2 2 2 2 2 2 2 2 2 2 2 2 2 2 2 2 2 2 2 2 2 2 2 2 2 2 2 2 2 2 2 2 0 2 2 2 2 2 2 2 0 2 2 2 2 2 2 2 2 2 0 2 2 2 2 2 2 2 2 0 0 2 2 2 2 2 2 2 2 2 0 1 2 2 2 2 2 2 2 2 2 2 2 2 2 2 2 2 2 2 2 2 2 2 2 2 2 2 2 2 2 2 2 2 2 2 2 2 2 2 2 2 2 0 2 2 2 2 0 2 2 2 2 2 2 2
329 2 2 2 2 0 2 0 2 2 2 2 2 0 2 2 2 2 2 2 2 2 2 2 2 0 2 2 2 2 2 2 2 0 2 2 1 2 2 2 2 2 2 2 2 2 2 2 2 2 2 2 2 2 2 2 2 2 2 2 2 2 2 0 2 2 0 2 2 2 0 2 2 2 2 2 2 2 2 2 2 0 2 2 2 0 2 2 0 2 2 2 2 2 0 0 0 0 2 2 2 2 2 2 2 2 2 2 2 0 2 0 0 2 2 2 2 2 2 2 0 0 2 2 2 0 0 2 2 2 2 2 2 2 0 2 2 2 2 2 2 2 2 2 2 2 2 2 2 2 2 2 2 2 2 0 2 0 0 2 2 2 2 2 2 2 2 2 2 2 2 2 2 2 2 2 0 2 2 2 2 2 2 2 2 2 2 2 2 2 2 1 2 0 2 2 2 0 2 0 2 2 2 0 0 2 2 2 0 2 2 2 2 2 2 2 2 0 2 0 2 2 2 2 0 2 0 2 2 0 2 0 2 2 2 2 2 2 2 2 0 2 2 2 2 2
330 2 2 0 0 0 0 0 2 0 2 0 2 0 2 0 0 0 0 0 0 0 0 2 2 0 0 0 0 0 0 0 0 0 2 0 0 0 2 0 0 0 0 0 0 2 0 0 0 0 0 0 0 0 2 2 2 2 2 0 0 0 2 0 0 2 0 2 2 0 0 2 0 0 0 0 0 0 2 0 0 0 2 0 0 0 0 0 0 2 0 0 0 0 0 0 0 0 0 2 0 0 0 2 0 2 0 0 2 0 2 0 0 2 2 0 0 0 2 0 0 0 0 0 0 0 0 0 0 0 0 2 0 0 0 0 0 0 0 2 0 0 0 0 2 0 0 0 2 1 0 0 0 0 0 0 2 0 0 2 2 0 0 2 0 0 0 0 0 2 2 0 0 0 0 0 0 2 0 2 2 0 0 2 0 0 0 0 0 0 2 1 0 0 0 0 0 0 0 0 2 0 0 0 0 0 0 0 0 0 0 0 0 0 0 0 2 0 0 0 0 2 0 2 0 0 0 0 0 0 2 0 0 2 0 0 0 0 2 0 0 0 0 0 0 0
331 0 0 2 2 2 2 2 2 2 0 2 2 2 0 2 2 2 2 2 2 2 2 0 0 2 2 2 2 2 2 2 2 2 2 2 2 2 0 2 2 2 2 2 2 0 2 2 2 2 2 2 2 2 2 0 0 2 0 2 2 2 0 2 2 2 2 0 2 2 2 2 2 2 2 2 2 2 2 2 2 2 2 2 2 2 2 2 2 2 2 2 2 2 2 2 2 2 2 2 2 2 2 0 2 2 2 2 2 2 0 2 2 2 0 2 2 2 2 2 2 2 2 2 2 2 2 2 2 2 2 2 2 2 2 2 2 2 2 2 2 2 2 2 2 2 2 2 2 2 2 2 2 2 2 2 2 2 2 2 0 2 2 2 2 2 2 2 2 2 0 2 2 2 2 2 2 2 2 0 0 2 2 2 2 2 2 2 2 2 0 1 2 2 2 2 2 2 2 2 2 2 2 2 2 2 2 2 2 2 2 2 2 2 2 2 2 2 2 2 2 2 2 2 2 2 2 2 2 2 2 2 2 0 2 2 2 2 0 2 2 2 2 2 2 2
332 2 2 2 2 0 2 0 2 2 2 2 2 0 2 2 2 2 2 2 2 2 2 2 2 0 2 2 2 2 2 2 2 0 2 2 1 2 2 2 2 2 2 2 2 2 2 2 2 2 2 2 2 2 2 2 2 2 2 2 2 2 2 0 2 2 0 2 2 2 0 2 0 2 2 2 2 2 2 2 2 0 2 2 2 0 2 2 0 2 2 2 2 0 0 0 0 0 2 2 2 2 2 2 2 2 2 2 2 0 2 2 0 2 2 2 2 2 2 0 0 0 2 2 2 0 0 0 2 2 2 2 2 2 0 2 2 2 2 2 2 2 2 2 2 2 2 2 2 2 2 2 2 2 2 2 2 0 0 2 2 2 2 2 2 2 2 2 2 2 2 2 2 2 2 2 0 2 2 2 2 2 2 2 2 2 2 2 2 2 2 1 2 0 2 2 2 0 2 0 2 2 2 0 0 2 2 2 0 2 2 2 2 2 2 0 2 0 2 2 2 2 2 2 0 2 0 2 2 0 2 0 2 2 2 2 0 2 2 0 0 2 2 2 2 2
333 2 2 2 2 2 2 2 2 2 2 2 2 2 2 2 2 2 2 2 2 2 2 2 2 2 2 2 2 2 2 2 2 2 2 2 2 2 2 2 2 2 2 2 2 2 2 2 2 2 2 2 2 2 2 2 2 2 2 2 2 2 2 2 2 2 2 2 2 2 2 2 2 2 2 2 2 2 2 2 2 2 2 2 2 2 2 2 2 2 2 2 2 2 2 2 2 2 2 2 2 0 2 2 2 2 2 0 2 2 2 2 2 2 2 2 2 2 2 2 2 2 2 2 2 2 2 2 0 2 2 2 2 2 2 2 2 2 2 2 2 2 2 2 2 2 2 2 2 2 2 2 2 2 0 2 2 2 2 2 2 2 2 2 2 2 2 2 2 2 2 2 2 2 2 2 2 2 0 2 2 2 2 2 2 2 0 2 2 0 2 2 2 2 2 0 2 2 2 2 2 2 2 2 2 2 0 2 2 2 2 2 2 2 2 2 2 2 2 2 2 2 2 2 2 2 2 2 0 2 2 2 2 2 0 2 2 2 2 2 2 2 0 0 0 2
334 2 2 2 2 0 2 0 2 2 2 2 2 0 2 0 2 2 2 2 2 2 2 2 2 0 2 2 2 2 2 2 2 0 2 2 1 2 2 2 2 0 2 2 2 2 2 2 2 2 2 0 2 2 2 2 2 2 2 2 2 0 2 0 2 2 0 2 2 0 0 2 0 2 2 2 2 2 2 2 0 0 2 2 2 0 2 2 0 2 2 2 2 0 0 0 0 0 0 2 2 2 2 2 2 2 0 2 2 0 2 2 0 2 2 2 0 2 2 0 0 0 0 2 2 0 0 0 2 2 2 2 2 2 0 0 2 2 2 2 2 2 2 2 2 2 0 2 2 1 0 2 2 2 2 2 2 0 0 2 2 2 0 2 2 2 2 2 2 2 2 0 0 2 2 2 0 2 2 2 2 2 0 2 2 2 2 2 2 2 2 1 2 0 0 2 2 0 2 0 2 0 2 0 0 0 2 2 0 2 0 2 2 2 2 0 2 0 2 2 2 2 2 2 0 0 0 2 2 0 2 0 2 2 2 2 0 0 2 0 0 2 2 2 2 2
335 2 2 2 2 2 2 2 2 2 2 2 2 2 2 0 2 2 2 2 2 2 2 2 2 2 2 2 2 2 2 2 2 2 0 2 2 2 2 2 2 2 2 2 2 2 2 2 2 2 2 2 2 2 2 2 2 2 2 2 2 2 2 2 2 2 2 2 2 2 2 2 2 2 2 2 2 2 2 2 2 2 2 2 2 2 2 2 2 2 2 2 2 2 2 2 2 2 2 2 2 2 2 2 2 2 2 2 2 2 2 2 2 0 2 2 2 2 2 2 2 2 2 2 2 2 2 2 2 2 2 2 2 2 2 2 2 2 2 2 2 2 2 2 0 2 0 2 2 1 2 2 2 2 2 2 2 2 2 0 2 2 0 0 2 2 2 2 1 2 2 0 0 2 2 2 2 2 2 2 2 2 2 0 2 2 2 2 2 2 2 2 2 2 2 2 2 2 2 2 2 2 2 2 2 2 2 2 2 2 2 2 2 2 2 2 2 2 2 2 2 2 2 2 2 0 2 2 2 2 0 2 2 2 2 2 2 2 2 2 2 2 2 2 2 2
336 2 2 2 2 2 2 2 2 2 2 2 2 2 2 2 2 2 2 2 2 2 2 2 2 2 2 2 2 2 2 2 2 2 2 2 2 2 2 2 2 2 2 2 2 2 2 2 2 2 2 2 2 2 2 2 2 2 2 2 2 2 2 2 2 2 2 2 2 2 2 2 2 2 2 2 2 2 2 2 2 0 2 2 2 2 2 2 2 2 2 2 2 2 2 0 2 2 2 2 2 0 2 2 2 2 2 0 2 2 2 2 2 2 2 2 2 2 2 2 2 2 2 2 2 2 2 2 0 2 2 2 2 2 2 2 2 2 2 2 2 2 2 2 2 2 2 2 2 2 2 2 2 2 0 2 2 2 2 2 2 2 2 2 2 2 2 2 2 2 2 2 2 2 2 2 2 2 0 2 2 2 2 2 2 2 0 2 2 0 2 2 2 2 2 0 2 2 2 2 2 2 2 2 2 2 0 2 2 2 2 2 2 2 2 2 2 2 2 2 2 2 2 2 2 2 2 2 0 2 2 2 0 2 0 2 2 2 2 2 2 2 0 0 0 2
337 2 2 2 2 2 2 2 2 2 2 2 2 2 2 2 2 2 2 2 2 2 2 2 2 2 2 2 2 2 2 2 2 2 2 2 2 2 2 2 2 2 2 2 2 2 2 2 2 2 2 2 2 2 2 2 2 2 2 2 2 2 2 2 2 2 2 2 2 2 2 2 2 2 2 2 2 2 2 2 2 0 2 2 2 2 2 2 2 2 2 2 2 2 2 1 2 2 2 2 2 0 2 2 2 2 2 0 2 2 2 2 2 2 2 2 2 2 2 2 2 2 2 2 2 2 2 2 0 2 2 2 2 2 2 2 2 2 2 2 2 2 2 2 2 2 2 2 2 2 2 2 2 2 0 2 2 2 2 2 2 2 2 2 2 2 2 2 2 2 2 2 2 2 2 2 2 2 0 2 2 2 2 2 2 2 0 2 2 0 2 2 2 2 2 0 2 2 2 2 2 2 2 2 2 2 0 2 2 2 2 2 2 2 2 2 2 2 2 2 2 2 2 2 2 2 2 2 0 2 2 2 2 2 0 2 2 2 2 2 2 2 0 0 0 2
338 2 2 0 2 2 0 2 2 0 2 0 2 2 2 0 0 0 0 2 2 0 2 0 2 2 0 0 2 0 2 0 2 2 2 0 1 2 2 2 0 0 2 2 2 2 0 2 2 0 0 2 2 2 2 0 0 2 2 0 2 2 2 2 2 2 2 2 2 2 2 2 2 2 2 0 2 0 2 2 2 0 2 2 2 2 0 0 2 2 0 0 2 2 2 0 2 2 2 2 0 0 0 2 0 2 0 0 2 2 2 0 2 2 2 0 2 0 2 2 2 2 2 0 2 2 2 2 0 0 0 2 2 0 2 2 0 0 0 2 0 2 0 0 2 2 0 2 2 1 0 0 2 2 0 0 2 2 2 2 2 2 0 2 0 0 0 0 2 2 2 0 0 0 2 0 2 2 0 2 2 0 2 2 0 2 0 2 0 0 2 2 0 2 2 0 0 2 2 2 2 0 0 2 2 2 0 2 2 2 0 0 0 0 2 0 2 2 0 0 2 2 0 2 2 0 2 0 0 2 2 2 0 2 0 0 2 2 2 2 2 0 0 0 0 0
339 2 2 2 2 0 2 0 2 2 2 2 2 0 2 2 2 2 2 2 2 2 2 2 2 0 2 2 2 2 2 2 2 0 2 2 1 0 2 2 2 2 2 2 2 2 2 2 2 2 2 2 2 2 2 2 2 2 2 2 2 2 2 0 2 2 0 2 2 2 2 2 0 2 2 2 2 2 2 2 2 2 2 0 2 0 2 2 0 2 2 2 2 0 0 2 0 0 2 2 2 2 2 2 2 2 2 2 2 0 2 2 0 2 2 2 2 2 2 0 0 0 2 2 2 0 0 0 2 2 2 2 0 2 0 2 2 2 2 2 2 2 2 2 2 2 2 2 2 2 2 2 2 2 2 2 2 0 0 2 2 2 2 2 2 2 2 2 2 2 2 2 2 2 2 2 0 2 2 2 2 2 2 2 2 2 2 2 2 2 2 1 2 0 2 2 2 0 2 0 2 2 2 0 0 2 2 0 0 2 2 2 2 2 2 2 2 0 2 2 2 2 2 2 0 2 2 2 2 0 2 0 2 2 2 2 2 2 2 0 0 2 2 2 2 2
340 2 2 2 2 2 2 2 2 2 2 2 2 2 2 2 2 2 2 2 2 2 2 2 2 2 2 2 2 2 2 2 2 2 2 2 2 2 2 2 2 2 2 2 2 2 2 2 2 2 2 2 2 2 2 2 2 2 2 2 2 2 2 2 2 2 2 2 2 2 2 2 2 2 2 2 2 2 2 2 2 0 2 2 2 2 2 2 2 2 2 2 2 2 2 0 2 2 2 2 2 0 2 2 2 2 2 0 2 2 2 2 2 2 2 2 2 2 2 2 2 2 2 2 2 2 2 2 0 2 2 2 2 2 2 2 2 2 2 2 2 2 2 2 2 2 2 2 2 2 2 2 2 2 0 2 2 2 2 2 2 2 2 2 2 2 2 2 2 2 2 2 2 2 2 2 2 2 0 2 2 2 2 2 2 2 0 2 2 0 2 2 2 2 2 0 2 2 2 2 2 2 2 2 2 2 0 2 2 2 2 2 2 2 2 2 2 2 2 2 2 2 2 2 2 2 2 2 0 2 2 2 2 2 0 2 2 2 2 2 2 2 0 0 0 2
341 2 2 2 2 2 2 2 2 2 2 2 2 2 2 2 2 2 2 2 2 2 2 2 2 2 2 2 2 2 2 2 2 2 2 2 2 2 2 2 2 2 2 2 2 2 2 2 2 2 2 2 2 2 2 2 2 2 2 2 2 2 2 2 2 2 2 2 2 2 2 2 2 2 2 2 2 2 2 2 2 0 2 2 2 2 2 2 2 2 2 2 2 2 2 0 2 2 2 2 2 0 2 2 2 2 2 0 2 2 2 2 2 2 2 2 2 2 2 2 2 2 2 2 2 2 2 2 0 2 2 2 2 2 2 2 2 2 2 2 2 2 2 2 2 2 2 2 2 2 2 2 2 2 0 2 2 2 2 2 2 2 2 2 2 2 2 2 2 2 2 2 2 2 2 2 2 2 0 2 2 2 2 2 2 2 0 2 2 0 2 2 2 2 2 0 2 2 2 2 2 2 2 2 2 2 0 2 2 2 2 2 2 2 2 2 2 2 2 2 2 2 2 2 2 2 2 2 0 2 2 2 2 2 0 2 2 2 2 2 2 2 0 0 0 2
342 2 2 2 2 2 2 2 2 2 2 2 2 2 2 2 2 0 2 2 2 2 2 2 2 2 2 0 2 2 2 2 2 2 2 2 1 2 2 2 2 2 2 2 2 2 2 2 2 2 2 2 2 2 2 2 2 2 2 2 2 2 2 2 2 2 2 2 2 2 2 2 2 2 2 0 2 2 2 2 2 2 2 2 2 2 0 2 2 2 2 0 2 2 2 2 2 2 2 2 2 2 2 2 2 2 2 2 2 2 2 2 2 2 2 2 2 2 2 2 2 2 2 2 2 2 2 2 2 0 2 2 2 0 2 2 0 2 2 2 0 2 0 0 2 2 2 2 2 2 2 2 2 2 2 2 2 2 2 2 2 2 2 2 0 0 0 0 2 2 2 2 2 0 2 0 2 2 2 2 2 0 2 2 0 2 2 2 2 2 2 2 0 2 2 2 0 2 2 2 2 2 0 2 2 2 2 2 2 2 2 0 2 2 2 2 2 2 2 2 2 2 2 2 2 2 2 0 2 2 2 2 2 2 2 2 2 2 2 2 2 2 2 2 2 0
343 2 2 0 2 2 2 2 2 0 2 0 2 2 2 2 2 2 0 2 2 2 2 2 2 2 2 2 2 0 2 2 2 2 2 2 2 2 2 2 0 2 2 2 2 2 0 2 2 0 0 2 2 2 2 2 2 2 2 0 0 2 2 2 2 2 2 2 2 0 2 2 2 2 2 2 2 0 2 2 2 0 2 2 2 2 2 0 2 2 2 2 2 2 2 0 2 2 2 2 0 0 2 2 0 2 2 0 2 2 2 2 2 2 2 2 2 2 2 2 2 2 2 2 2 2 2 2 0 2 2 2 2 2 2 2 2 2 2 2 2 2 2 2 2 2 2 2 2 2 2 2 2 2 0 2 2 2 2 2 2 2 2 2 2 2 2 2 2 2 2 2 2 2 2 2 2 2 0 2 2 2 2 2 2 2 0 2 2 0 2 2 2 2 2 0 2 2 2 2 2 2 2 2 2 2 0 2 2 2 2 2 2 0 2 2 2 2 1 2 2 2 2 2 2 2 2 2 0 2 2 2 2 2 0 2 2 2 2 2 2 2 0 0 0 2
344 0 0 2 2 0 2 0 2 2 0 2 2 0 0 2 2 2 2 2 2 2 2 2 0 0 2 2 2 2 2 2 2 0 2 2 1 0 0 2 2 2 2 2 2 0 2 2 2 2 2 2 2 2 2 2 2 2 0 2 2 2 0 0 2 2 0 0 2 2 2 2 2 0 2 2 2 2 2 2 2 2 2 0 0 0 2 2 0 2 2 2 2 0 0 2 0 0 2 2 2 2 2 0 2 2 2 2 2 0 0 2 0 2 0 2 2 2 2 0 0 0 2 2 2 0 0 2 2 2 2 2 0 2 0 2 2 2 2 2 2 2 2 2 2 2 2 2 2 2 2 2 2 2 2 2 2 0 0 2 0 2 2 2 2 2 2 2 2 2 0 2 2 2 2 2 0 2 2 0 0 2 2 2 2 2 2 2 2 2 0 0 2 0 2 2 2 0 2 0 2 2 2 0 2 2 2 0 0 2 2 2 2 2 2 2 2 0 2 2 2 2 2 2 0 2 2 2 2 0 2 0 2 0 2 2 2 2 0 0 0 2 2 2 2 2
345 0 0 0 0 0 0 0 2 0 0 0 0 0 0 0 0 0 0 0 0 0 0 0 0 0 0 0 0 0 0 0 0 0 2 0 0 0 0 0 0 0 0 2 2 0 0 2 0 0 0 0 2 2 2 0 0 2 0 0 0 0 0 0 2 0 0 0 0 0 0 2 0 0 2 0 0 0 0 2 2 0 2 0 0 0 0 0 0 2 0 0 0 0 0 0 0 0 2 2 0 0 0 0 0 2 0 0 0 0 0 0 0 2 0 0 0 0 2 0 0 0 0 0 2 0 0 0 0 0 0 0 0 0 0 2 0 0 0 0 0 0 0 0 2 0 0 2 2 1 0 0 2 2 0 0 2 0 0 2 0 0 0 2 0 0 0 0 2 2 0 0 0 0 0 0 0 0 0 0 0 0 2 2 0 0 0 0 0 0 0 0 0 0 2 0 0 0 0 0 2 0 0 0 0 2 0 0 0 2 0 0 0 0 0 0 0 0 0 0 2 0 0 0 0 0 0 0 0 0 0 0 0 0 0 0 0 2 0 0 0 0 0 0 0 0
346 0 0 2 2 0 2 0 2 2 0 2 2 0 0 2 2 2 2 2 2 2 2 2 0 0 2 2 2 2 2 2 2 0 2 2 1 0 0 2 2 2 2 2 2 0 2 2 2 2 2 2 2 2 2 2 2 2 0 2 2 2 0 0 2 2 0 0 2 2 2 2 2 0 2 2 2 2 2 2 2 2 2 0 0 0 2 2 0 2 2 2 2 0 0 2 0 0 2 2 2 2 2 0 2 2 2 2 2 0 0 2 0 2 0 2 2 2 2 0 0 0 2 2 2 0 0 2 2 2 2 2 0 2 0 2 2 2 2 2 2 2 2 2 2 2 2 2 2 2 2 2 2 2 2 2 2 0 0 2 0 2 2 2 2 2 2 2 2 2 0 2 2 2 2 2 0 2 2 0 0 2 2 2 2 2 2 2 2 2 0 0 2 0 2 2 2 0 2 0 2 2 2 0 2 2 2 0 0 2 2 2 2 2 2 2 2 0 2 2 2 2 2 2 0 2 2 2 2 0 2 0 2 0 2 2 2 2 0 0 0 2 2 2 2 2
347 2 2 2 2 2 0 2 2 2 2 2 2 2 2 0 0 2 2 0 2 0 2 0 2 2 0 0 2 2 0 0 2 2 2 2 1 2 2 2 2 0 0 2 2 2 2 2 0 2 2 2 2 2 2 0 0 2 2 2 2 2 2 2 2 2 2 2 2 2 2 2 2 2 2 2 0 2 2 2 2 2 2 2 2 2 0 2 2 2 2 2 2 2 2 2 2 2 2 2 2 2 0 2 2 2 0 2 2 2 2 0 2 2 2 2 2 0 2 2 2 2 2 0 2 2 2 2 2 0 0 2 2 0 2 2 0 2 0 2 2 0 0 0 2 2 0 2 2 1 0 0 2 2 2 0 2 2 2 2 2 2 0 2 0 2 0 0 2 2 2 0 2 0 2 0 2 2 2 2 2 0 2 2 0 2 2 2 0 2 2 2 0 2 2 2 0 2 2 2 2 0 0 2 0 2 2 2 2 2 0 0 0 2 2 0 2 2 1 0 2 2 0 2 2 0 2 0 2 2 2 2 2 2 2 0 2 2 2 2 2 0 2 2 2 0
348 2 2 0 2 2 0 2 0 0 2 0 2 2 2 0 0 0 0 0 2 0 2 0 2 2 0 0 2 0 0 0 2 2 0 0 1 2 2 2 0 0 0 0 0 2 0 0 0 0 0 0 0 0 0 0 0 0 2 0 0 0 2 2 2 2 2 2 2 0 2 0 2 2 0 0 0 0 2 0 0 0 0 2 2 2 0 0 2 0 0 0 2 2 2 0 2 2 0 0 0 0 0 2 0 0 0 0 2 2 2 0 2 0 2 2 2 0 0 2 2 2 2 0 0 2 2 2 0 0 0 2 2 0 2 0 0 0 0 2 0 0 0 0 0 2 0 0 0 0 0 0 2 0 0 0 0 2 2 0 2 2 0 0 0 0 0 0 1 0 2 0 0 0 2 0 2 2 0 2 2 0 0 0 0 2 0 2 0 0 2 2 0 2 0 0 0 2 2 2 0 0 0 2 0 0 0 2 2 0 0 0 0 0 2 0 2 2 1 0 2 2 0 2 2 0 2 0 0 2 2 2 0 2 0 0 2 0 2 2 2 0 0 0 0 0
349 2 2 2 2 2 0 2 0 2 2 2 2 2 2 0 0 2 2 0 2 0 2 0 2 2 0 0 2 2 0 0 2 2 0 2 1 2 2 2 2 0 0 0 0 2 2 0 0 2 2 2 0 0 0 0 0 0 2 2 2 2 2 2 2 2 2 2 2 2 2 0 2 2 0 2 0 2 2 0 0 2 0 2 2 2 0 2 2 0 2 2 2 2 2 2 2 2 0 0 2 2 0 2 2 0 0 2 2 2 2 0 2 0 2 2 2 0 0 2 2 2 2 0 0 2 2 2 2 0 0 2 2 0 2 0 0 2 0 2 2 0 0 0 0 2 0 0 0 0 0 0 2 0 2 0 0 2 2 0 2 2 0 0 0 2 0 0 1 0 2 0 2 0 2 0 2 2 2 2 2 0 0 0 0 2 2 2 0 2 2 2 0 2 0 2 0 2 2 2 0 0 0 2 0 0 2 2 2 0 0 0 0 2 2 0 2 2 1 0 2 2 0 2 2 0 2 0 2 2 2 2 2 2 2 0 2 0 2 2 2 0 2 2 2 0
350 2 2 2 2 2 0 2 2 2 2 2 2 2 2 2 0 2 2 2 2 2 2 2 2 2 0 0 2 2 2 2 2 2 2 2 1 2 2 2 2 2 2 2 2 2 2 2 2 2 2 2 2 2 2 2 2 2 2 2 2 2 2 2 2 2 2 2 2 2 2 2 2 2 2 2 2 2 2 2 2 2 2 2 2 2 0 2 2 2 2 2 2 2 2 2 2 2 2 2 2 2 0 2 2 2 2 2 2 2 2 2 2 2 2 2 2 0 2 2 2 2 2 2 2 2 2 2 2 2 0 2 2 0 2 2 0 2 0 2 2 2 0 0 2 2 2 2 2 1 2 2 2 2 2 2 2 2 2 2 2 2 2 2 0 2 0 0 2 2 2 2 2 0 2 0 2 2 2 2 2 2 2 2 0 2 2 2 0 2 2 2 2 2 2 2 0 2 2 2 2 2 0 2 2 2 2 2 2 2 2 0 2 2 2 2 2 2 1 2 2 2 0 2 2 2 2 2 2 2 2 2 2 2 2 2 2 2 2 2 2 0 2 2 2 0
351 2 2 0 2 2 2 2 2 2 2 2 0 2 2 2 2 2 0 2 0 2 2 2 2 2 2 2 2 0 2 2 2 2 2 2 2 2 2 0 2 0 2 2 2 2 0 2 2 0 2 2 2 2 2 2 2 2 2 0 2 2 2 2 2 2 2 2 2 2 2 2 2 2 2 2 2 0 0 2 2 2 2 2 2 2 2 0 2 2 2 2 0 2 2 2 2 2 2 2 0 2 2 2 2 2 2 2 2 2 2 2 2 2 2 2 2 2 2 2 2 2 2 2 2 2 2 2 2 2 2 2 2 2 2 2 2 2 2 2 2 2 2 2 2 2 2 2 2 2 0 2 2 2 2 2 2 2 2 2 2 2 2 2 2 2 2 2 2 2 2 2 2 2 2 2 2 2 2 2 2 2 2 2 2 2 2 2 2 2 2 2 2 2 2 2 2 2 2 2 2 2 2 2 2 2 2 2 2 2 0 2 2 0 2 2 2 2 2 2 2 2 2 2 2 2 2 2 2 2 2 2 2 2 2 2 2 2 2 2 2 2 2 2 2 2
352 0 0 0 0 0 0 0 2 0 0 0 0 0 0 0 0 0 0 0 0 0 0 0 0 0 0 0 0 0 0 0 0 0 0 0 0 0 0 0 0 0 0 2 0 0 0 2 0 0 0 0 2 2 2 0 0 2 0 0 0 0 0 0 2 0 0 0 0 2 0 2 0 0 2 0 0 0 0 2 0 0 2 0 0 0 0 0 0 0 0 0 0 0 0 0 0 0 0 2 0 0 0 0 0 0 0 0 0 0 0 0 0 2 0 0 0 0 0 0 0 0 0 0 0 0 0 0 0 0 0 0 0 0 0 2 0 0 0 0 0 0 0 0 0 0 0 2 2 1 0 0 0 2 0 0 2 0 0 0 0 0 0 0 0 0 0 0 2 2 0 0 0 0 0 0 0 0 0 0 0 0 0 0 0 0 0 0 0 0 0 0 0 0 0 0 0 0 0 0 0 0 0 0 0 2 0 0 0 2 0 0 0 0 0 0 0 0 0 0 2 0 0 0 0 0 0 0 0 0 0 0 0 0 0 0 2 2 0 0 0 0 0 0 0 0
353 0 0 2 2 0 2 0 2 2 0 2 2 0 0 2 2 2 2 2 2 2 2 0 0 0 2 2 2 2 2 2 2 0 2 2 1 0 0 2 2 2 2 2 2 0 2 2 2 2 2 2 2 2 2 0 0 2 0 2 2 2 0 0 2 2 0 0 2 2 0 2 2 0 2 2 2 2 2 2 2 2 2 0 0 0 2 2 0 2 2 2 2 0 0 0 0 0 2 2 2 2 2 0 2 2 2 2 2 0 0 2 0 2 0 2 2 2 2 0 0 0 2 2 2 0 0 2 2 2 2 2 0 2 0 2 2 2 2 2 2 2 2 2 2 2 2 2 2 2 2 0 2 2 2 2 2 0 0 2 0 2 2 2 2 2 2 2 2 2 0 2 2 2 2 2 0 2 2 0 0 2 2 2 2 2 2 0 2 2 0 0 2 0 2 2 2 0 0 0 2 2 2 0 0 2 2 0 0 2 2 2 0 2 2 0 2 0 2 2 2 2 2 2 0 2 0 2 2 0 2 0 2 0 2 0 2 2 0 0 0 2 2 0 2 2
354 2 2 2 2 2 0 2 2 2 2 2 2 2 2 2 0 2 2 2 2 2 2 2 2 2 0 2 2 2 2 2 2 2 2 2 2 2 2 2 2 2 2 2 2 2 2 2 2 2 2 2 2 2 2 2 2 2 2 2 2 2 2 2 2 2 2 2 2 2 2 2 2 2 2 2 2 2 2 2 2 2 2 2 2 2 2 2 2 2 2 2 2 2 2 2 2 2 2 2 2 2 1 2 2 2 2 2 2 2 2 0 2 2 2 2 2 0 2 2 2 2 2 2 2 2 2 2 2 2 0 2 2 2 2 2 2 2 0 2 2 2 2 2 2 2 0 2 2 1 2 2 2 2 2 0 2 2 2 2 2 2 0 2 2 2 2 2 2 2 2 0 2 2 2 2 2 2 2 2 2 2 2 2 2 2 2 2 0 2 2 2 2 2 2 2 2 2 2 2 2 2 2 2 2 2 2 2 2 2 2 2 2 2 2 2 2 2 1 0 2 2 0 2 2 0 2 2 2 2 2 2 0 2 2 2 2 2 2 2 2 0 2 2 2 2
355 2 2 0 2 2 2 2 2 2 2 2 2 2 2 2 2 2 0 2 2 2 2 2 2 2 2 2 2 0 2 2 2 2 0 2 2 2 2 2 2 2 2 2 0 2 0 2 2 0 0 2 2 2 2 2 2 2 2 0 0 2 2 2 2 2 2 2 2 2 2 2 2 2 2 2 2 0 2 2 2 2 2 2 2 2 2 0 2 2 2 2 2 2 2 2 2 2 2 2 0 2 2 2 0 2 2 2 2 2 2 2 2 2 2 0 2 2 2 2 2 2 2 2 0 2 2 2 2 2 2 2 2 2 2 0 2 2 2 2 2 2 2 2 0 2 2 2 2 2 2 2 0 2 2 2 2 2 2 0 2 2 2 0 2 2 2 2 2 2 2 2 2 2 2 2 2 2 2 2 2 2 2 0 2 2 2 2 2 2 2 2 2 2 2 2 2 2 2 2 2 2 2 2 2 0 2 2 2 2 0 2 2 0 2 2 2 2 2 2 2 2 2 2 2 2 2 2 2 2 2 2 2 2 2 2 2 0 2 2 2 2 2 2 2 2
356 0 0 0 0 0 0 0 2 0 0 0 0 0 0 0 0 0 0 0 0 0 0 0 0 0 0 0 0 0 0 0 0 0 0 0 0 0 0 0 0 0 0 2 0 0 0 2 0 0 0 0 2 2 2 0 0 2 0 0 0 0 0 0 2 2 0 0 2 2 0 2 0 0 2 0 0 0 0 2 0 0 2 0 0 0 0 0 0 2 0 0 0 0 0 0 0 0 0 2 0 0 0 0 0 2 0 0 2 0 0 0 0 2 0 0 0 0 2 0 0 0 0 0 0 0 0 0 0 0 0 2 0 0 0 0 0 0 0 2 0 0 0 0 0 2 0 2 0 1 0 0 0 2 0 0 2 0 0 0 0 0 0 0 0 0 0 0 2 2 0 0 0 0 0 0 0 2 0 0 0 0 0 0 0 0 0 0 0 0 0 0 0 0 0 0 0 0 0 0 2 0 0 0 0 0 0 0 0 2 0 0 0 0 2 0 2 0 0 0 2 2 0 2 0 0 0 0 0 0 0 0 0 0 0 0 2 0 0 0 0 0 0 0 0 0
357 2 2 2 0 2 0 2 0 2 2 0 0 2 2 0 0 0 2 0 2 0 2 2 2 2 0 0 2 2 0 0 2 2 2 0 1 2 2 2 0 0 0 0 2 2 2 0 0 2 2 0 0 0 2 2 2 2 2 2 2 0 2 2 2 2 2 2 2 2 2 0 0 2 0 0 0 2 0 0 0 0 0 2 2 2 0 2 0 0 0 0 2 2 2 2 2 2 0 0 2 0 0 2 2 0 0 0 2 2 2 0 2 2 2 2 0 0 0 2 2 2 0 0 2 2 2 0 0 0 0 2 2 0 2 2 0 0 0 2 0 0 0 0 2 2 0 0 2 0 0 0 2 0 0 0 2 2 2 2 2 2 0 2 0 0 0 0 1 2 2 0 0 0 2 0 2 2 0 2 2 0 0 2 0 2 0 2 0 0 2 2 0 0 0 0 0 2 2 2 0 0 0 2 0 2 0 0 2 0 0 0 0 2 2 0 2 2 0 0 2 2 0 2 2 0 2 0 0 2 2 2 0 2 0 0 0 2 2 2 2 0 0 2 0 0
358 2 2 2 2 2 0 2 2 2 2 2 2 2 2 2 0 2 2 2 2 2 2 2 2 2 0 2 2 2 2 2 2 2 2 2 2 2 2 2 2 2 2 2 2 2 2 2 2 2 2 2 2 2 2 2 2 2 2 2 2 2 2 2 2 2 2 2 2 2 2 2 2 2 2 2 2 2 2 2 2 2 2 2 2 2 2 2 2 2 2 2 2 2 2 2 2 2 2 2 2 2 0 2 2 2 2 2 2 2 2 2 2 2 2 2 2 0 2 2 2 2 2 2 2 2 2 2 2 2 0 2 2 2 2 2 2 2 0 2 2 2 2 2 2 2 2 2 2 1 0 2 2 2 2 2 2 2 2 2 2 2 2 2 2 2 2 2 2 2 2 2 2 2 2 2 2 2 2 2 2 2 2 2 2 2 2 2 0 2 2 2 2 2 2 2 2 2 2 2 2 2 2 2 2 2 2 2 2 2 2 2 2 2 2 2 2 2 1 2 2 2 0 2 2 2 2 2 2 2 2 2 0 2 2 2 2 2 2 2 2 0 2 2 2 2
359 2 2 2 2 2 2 2 2 2 2 2 2 2 2 2 2 2 2 2 2 2 2 2 2 2 2 2 2 2 2 2 2 2 2 2 2 2 2 2 2 2 2 2 2 2 2 2 2 2 2 2 2 2 2 2 2 2 2 2 2 2 2 2 2 2 2 2 2 2 2 2 2 2 2 2 2 2 2 2 2 2 2 2 2 2 2 2 2 2 2 2 2 2 2 2 2 2 2 2 2 0 2 2 2 2 2 0 2 2 2 2 2 2 2 2 2 2 2 2 2 2 2 2 2 2 2 2 0 2 2 2 2 0 2 2 2 2 2 2 2 2 2 2 2 2 2 2 2 2 2 2 2 2 0 2 2 2 2 2 2 2 2 2 2 2 2 2 2 2 2 2 2 2 2 2 2 2 0 2 2 2 2 2 2 2 0 2 2 0 2 2 2 2 2 0 2 2 2 2 2 2 2 2 2 2 0 2 2 2 2 2 2 2 2 2 2 2 2 2 2 2 2 2 2 2 2 2 0 2 2 2 2 2 0 2 2 2 2 2 2 2 0 2 0 2
360 2 2 2 2 2 2 2 2 2 2 2 2 2 2 2 2 2 2 2 2 2 2 2 2 2 2 0 2 2 2 2 2 2 2 2 1 2 2 2 2 2 2 2 2 2 2 2 2 2 2 2 2 2 2 2 2 2 2 2 2 2 2 2 2 2 2 2 2 2 2 2 2 2 2 2 2 2 2 2 2 2 2 2 2 2 0 2 2 2 2 2 2 2 2 2 2 2 2 2 2 2 2 2 2 2 2 2 2 2 2 2 2 2 2 2 2 2 2 2 2 2 2 2 2 2 2 2 2 0 2 2 2 2 2 2 0 2 2 2 2 2 0 0 2 2 2 2 2 2 2 2 2 2 2 2 2 2 2 2 2 2 2 2 0 2 0 0 2 2 2 2 2 0 2 0 2 2 2 2 2 0 2 2 0 2 2 2 2 2 2 2 0 2 2 2 0 2 2 2 2 2 0 2 2 2 2 2 2 2 2 0 2 2 2 2 2 2 2 2 2 2 2 2 2 2 2 0 2 2 2 2 2 2 2 2 2 2 2 2 2 2 2 2 2 0
361 2 2 0 0 2 0 2 2 0 2 0 0 2 2 0 0 0 0 0 0 0 0 2 2 2 0 0 0 0 0 0 0 0 0 0 1 2 2 0 0 0 0 0 0 2 0 0 0 0 0 0 0 0 2 2 2 2 2 0 0 0 2 2 2 0 2 2 0 2 0 2 0 0 0 0 0 0 0 0 0 2 0 2 0 2 0 0 0 0 0 0 0 2 2 2 0 2 0 2 0 0 0 2 0 0 0 0 2 2 2 0 0 0 2 0 0 0 0 2 0 2 0 0 0 0 2 0 0 0 0 0 0 0 0 2 0 0 0 2 0 0 0 0 0 0 0 0 2 1 0 0 0 0 0 0 2 2 2 0 2 2 0 0 0 0 0 0 2 2 2 0 0 0 2 0 0 0 0 2 2 0 2 0 0 2 0 0 0 0 2 1 0 0 0 0 0 2 2 2 0 0 0 2 0 2 0 0 2 0 0 0 0 0 0 0 2 2 0 0 2 0 0 0 2 0 0 0 0 2 2 2 0 2 0 0 0 2 2 2 2 0 0 2 0 0
362 2 2 2 2 2 0 2 2 2 2 2 2 2 2 0 0 2 2 2 2 2 2 2 2 2 0 0 2 2 2 2 2 2 2 0 2 2 2 2 2 2 2 2 2 2 2 2 2 2 2 2 2 2 2 2 2 2 2 2 2 2 2 2 2 2 2 2 2 2 2 2 2 2 2 2 2 2 2 2 2 2 2 2 2 2 0 2 2 2 0 2 2 2 2 2 2 2 2 2 2 0 0 2 2 2 2 0 2 2 2 2 2 2 2 2 2 0 2 2 2 2 2 2 2 2 2 2 0 0 0 2 2 0 2 2 0 0 1 2 2 2 0 0 2 2 0 2 2 1 2 2 2 2 0 2 2 2 2 2 2 2 0 2 0 2 0 0 2 2 2 0 0 0 2 0 2 2 0 2 2 0 2 2 0 2 0 2 0 0 2 2 0 2 2 0 0 2 2 2 2 2 0 2 2 2 0 2 2 2 2 0 2 2 2 2 2 2 1 2 2 2 0 2 2 0 2 0 0 2 2 2 0 2 0 2 2 2 2 2 2 0 0 2 0 0
363 2 2 2 2 2 0 2 2 2 2 2 2 2 2 0 0 2 2 2 2 2 2 2 2 2 0 0 2 2 2 2 2 2 2 0 1 2 2 2 2 2 2 2 2 2 2 2 2 2 2 2 2 2 2 2 2 2 2 2 2 2 2 2 2 2 2 2 2 2 2 2 2 2 2 2 2 2 2 2 2 2 2 2 2 2 0 2 2 2 0 2 2 2 2 2 2 2 2 2 2 0 0 2 2 2 2 0 2 2 2 2 2 2 2 2 2 0 2 2 2 2 2 2 2 2 2 2 0 0 0 2 2 0 2 2 0 0 0 2 2 2 0 0 2 2 0 2 2 1 2 2 2 2 0 2 2 2 2 2 2 2 0 2 0 2 0 0 2 2 2 0 0 0 2 0 2 2 0 2 2 0 2 2 0 2 0 2 0 0 2 2 0 2 2 0 0 2 2 2 2 2 0 2 2 2 0 2 2 2 2 0 2 2 2 2 2 2 1 2 2 2 0 2 2 0 2 0 0 2 2 2 0 2 0 2 2 2 2 2 2 0 0 2 0 0
364 2 2 2 2 2 2 1 2 2 2 2 2 2 2 2 2 1 2 2 2 2 2 2 2 1 2 2 2 2 2 2 2 2 1 2 2 2 2 2 2 2 2 2 2 2 2 2 2 2 1 2 2 2 2 2 2 2 2 2 2 2 2 1 2 2 2 2 2 2 2 2 2 1 2 1 2 2 2 2 1 1 2 1 1 2 1 2 2 2 2 2 2 2 2 2 2 2 1 2 2 2 2 2 2 2 2 2 2 1 2 2 1 1 2 2 2 2 2 2 2 2 2 2 2 2 1 2 2 2 2 2 1 2 2 2 2 2 2 2 1 2 2 2 2 2 2 2 2 2 2 2 2 2 2 2 2 2 2 2 2 2 2 1 2 2 2 1 2 2 2 2 2 2 2 1 2 2 2 2 2 2 2 2 2 2 2 2 2 2 2 1 2 2 2 2 2 2 2 2 2 2 1 2 2 2 2 2 2 2 2 2 2 2 2 2 2 2 2 2 2 2 2 2 2 2 2 2 2 2 1 2 2 2 2 2 2 2 2 2 2 2 2 2 2 2
365 2 2 2 2 2 2 2 2 2 2 2 2 2 2 2 2 2 2 2 2 2 2 2 2 2 2 0 2 2 2 2 2 2 2 2 1 2 2 2 2 2 2 2 2 2 2 2 2 2 2 2 2 2 2 2 2 2 2 2 2 2 2 2 2 2 2 2 2 2 2 2 2 2 2 2 2 2 2 2 2 2 2 2 2 2 0 2 2 2 2 2 2 2 2 2 2 2 2 2 2 2 2 2 2 2 2 0 2 2 2 2 2 2 2 2 2 2 2 2 2 2 2 2 2 2 2 2 2 0 2 2 2 2 2 2 0 2 2 2 2 2 0 0 2 2 2 2 2 2 2 2 2 2 2 2 2 2 2 2 2 2 2 2 0 2 0 0 2 2 2 2 2 0 2 0 2 2 2 2 2 0 2 2 0 2 2 2 2 2 2 2 0 2 2 2 0 2 2 2 2 2 0 2 2 2 2 2 2 2 2 0 2 2 2 2 2 2 2 2 2 2 2 2 2 2 2 0 2 2 2 2 2 2 2 2 2 2 2 2 2 2 2 2 2 0
366 2 2 2 2 2 2 2 2 2 2 2 2 2 2 2 2 2 2 2 2 2 2 2 2 2 2 0 2 2 2 2 2 2 2 0 1 2 2 2 2 2 2 2 2 2 2 2 2 2 2 2 2 2 2 2 2 2 2 2 2 2 2 2 2 2 2 2 2 2 2 2 2 2 2 2 2 2 2 2 2 2 2 2 2 2 0 2 2 2 0 2 2 2 2 2 2 2 2 2 2 0 2 2 2 2 2 0 2 2 2 2 2 2 2 2 2 2 2 2 2 2 2 2 2 2 2 2 0 0 2 2 2 0 2 2 0 2 2 2 2 2 0 0 2 2 0 2 2 2 2 2 2 2 0 2 2 2 2 2 2 2 0 2 0 2 0 0 2 2 2 0 0 0 2 0 2 2 0 2 2 0 2 2 0 2 0 2 2 0 2 2 0 2 2 0 0 2 2 2 2 2 0 2 2 2 0 2 2 2 2 0 2 2 2 2 2 2 2 2 2 2 2 2 2 0 2 0 0 2 2 2 2 2 0 2 2 2 2 2 2 2 0 2 0 0
367 2 2 2 2 2 2 2 2 2 2 0 2 2 2 2 2 0 2 2 2 2 2 2 2 2 2 0 2 2 2 2 2 2 2 0 1 2 2 2 2 2 2 2 2 2 2 2 2 2 2 2 2 2 2 2 2 2 2 2 2 2 2 2 2 2 2 2 2 2 2 2 2 2 2 0 2 2 2 2 0 2 2 2 2 2 0 2 2 2 0 0 2 2 1 2 2 2 0 2 2 0 2 2 2 2 2 0 2 2 2 2 2 2 2 2 2 2 2 0 2 2 2 2 2 2 2 2 0 0 2 2 2 0 2 0 0 2 2 2 0 2 0 0 2 2 0 2 2 2 2 2 2 2 0 2 2 2 2 2 2 2 0 2 0 0 0 0 2 2 2 0 0 0 2 0 2 2 0 2 2 0 2 2 0 2 0 2 2 0 2 2 0 2 0 0 0 2 2 2 2 0 0 2 2 0 0 2 2 2 2 0 2 2 2 2 2 2 2 2 2 2 2 2 2 0 2 0 0 0 2 2 2 2 0 2 2 0 2 0 2 2 0 2 0 0
368 2 2 2 2 2 0 2 2 2 2 2 2 2 2 2 0 2 2 2 0 2 2 2 2 2 0 2 2 2 2 2 2 2 2 2 2 2 2 2 2 2 2 2 2 2 2 2 2 2 2 2 2 2 2 2 2 2 2 2 2 2 2 2 2 2 2 2 2 2 2 2 0 2 2 2 2 2 2 2 2 2 2 2 2 2 2 2 2 2 2 2 2 2 2 2 2 2 2 2 2 2 0 2 2 2 2 2 2 2 2 2 2 2 2 2 2 0 2 2 2 2 2 2 2 2 2 2 2 2 0 2 2 2 2 2 2 2 0 2 2 2 2 2 2 2 2 2 2 1 2 2 2 2 2 2 2 2 2 2 2 2 2 2 2 2 2 2 2 2 2 2 2 2 2 2 2 2 2 2 2 2 2 2 2 2 2 2 0 2 2 2 2 2 2 2 2 2 2 2 2 2 2 2 2 2 2 2 2 2 2 2 2 2 2 2 2 2 1 2 2 2 0 2 2 2 2 2 2 2 2 2 0 2 2 2 2 2 2 2 2 0 2 2 2 2
369 2 2 0 2 2 2 2 2 0 2 2 2 2 2 2 2 2 0 2 2 2 2 2 2 2 2 2 2 0 2 2 2 2 2 2 2 2 2 0 2 2 2 2 2 2 0 2 2 0 0 2 2 2 2 2 2 2 2 0 0 2 2 2 2 2 2 2 2 2 2 2 2 2 2 2 2 0 2 2 2 2 2 2 2 2 2 0 2 2 2 2 0 2 2 2 2 2 2 2 0 2 2 2 0 2 2 2 2 2 2 2 2 2 2 2 2 2 2 2 2 2 2 2 2 2 2 0 2 2 2 2 2 2 2 2 2 2 2 2 2 2 2 2 2 2 2 2 2 2 2 2 2 2 2 2 2 2 2 2 2 2 2 2 2 2 2 2 2 2 2 2 2 2 2 2 2 2 2 2 2 2 2 2 2 2 2 2 2 2 2 2 2 2 2 2 2 2 2 2 2 2 2 2 2 2 2 2 2 2 2 2 2 0 2 2 2 2 2 2 2 2 2 2 2 2 2 2 2 2 2 2 2 2 2 2 2 2 2 2 2 2 2 2 2 2
370 2 2 0 2 2 2 2 2 0 2 2 2 2 2 2 2 2 0 2 2 2 2 2 2 2 2 2 2 0 2 2 2 2 2 2 2 2 2 0 2 2 2 2 2 2 0 2 2 0 2 2 2 2 2 2 2 2 2 0 2 2 2 2 2 2 2 2 2 2 2 2 2 2 2 2 2 0 2 2 2 2 2 2 2 2 2 0 2 2 2 2 0 2 2 2 2 2 2 2 0 2 2 2 2 2 2 2 2 2 2 2 2 2 2 2 2 2 2 2 2 2 2 2 2 2 2 0 2 2 2 2 2 2 2 2 2 2 2 2 2 2 2 2 2 2 2 2 2 2 0 2 2 2 2 2 2 2 2 2 2 2 2 2 2 2 2 2 2 2 2 2 2 2 2 2 2 2 2 2 2 2 2 2 2 2 2 2 2 2 2 2 2 2 2 2 2 2 2 2 2 2 2 2 2 2 2 2 2 2 0 2 2 0 2 2 2 2 1 2 2 2 2 2 2 2 2 2 2 2 2 2 2 2 2 2 2 2 2 2 2 2 2 2 2 2
371 2 2 2 2 2 0 2 2 2 2 2 0 2 2 2 0 0 2 2 2 0 2 2 2 2 0 0 2 2 2 2 2 2 2 0 1 2 2 2 0 0 2 2 2 2 2 2 2 2 2 0 2 2 2 2 2 2 2 2 2 0 2 2 0 2 2 2 2 0 2 0 2 2 2 0 2 2 0 2 0 2 2 2 2 2 0 2 2 2 0 0 2 2 2 0 2 2 0 2 2 0 2 2 2 2 1 0 2 2 2 2 2 2 2 0 2 0 2 2 2 2 0 2 2 2 2 2 0 0 1 2 2 0 2 0 0 2 0 2 0 2 0 0 2 2 1 2 2 1 2 2 2 2 0 2 2 2 2 2 2 2 0 2 0 0 0 0 1 2 2 1 0 0 2 0 2 2 0 2 2 0 2 2 0 2 0 2 2 0 2 2 0 2 0 0 0 2 2 2 2 1 0 2 2 0 0 2 2 2 2 0 2 2 2 2 2 2 2 2 0 2 2 2 2 0 2 0 0 2 2 2 2 2 0 2 2 0 2 2 2 0 0 2 0 0
372 2 2 2 2 2 0 2 2 2 2 2 0 2 2 2 0 2 2 2 2 0 2 2 2 2 0 0 2 2 2 0 2 2 2 0 1 2 2 2 2 0 2 2 2 2 2 2 2 2 2 2 2 2 2 2 2 2 2 2 2 2 2 2 0 2 2 2 2 0 2 0 2 2 2 2 2 2 0 2 0 2 2 2 2 0 0 2 2 2 0 2 2 2 2 0 2 2 0 2 2 0 2 2 2 2 0 0 2 2 2 2 2 2 2 2 2 0 2 2 2 2 2 2 2 2 2 2 0 0 0 2 2 0 2 0 0 2 0 2 2 2 0 0 2 2 2 2 2 1 2 2 2 2 0 2 2 2 2 2 2 2 2 2 0 2 0 0 0 2 2 2 0 0 2 0 2 2 0 2 2 0 2 2 0 2 0 2 2 0 2 2 0 2 0 0 0 2 2 2 2 0 0 2 2 0 0 2 2 2 2 0 2 2 2 2 2 2 2 2 0 2 2 2 2 2 2 0 0 2 2 2 2 2 0 2 2 0 2 2 2 0 0 2 0 0
373 2 2 0 2 2 2 2 2 0 2 2 2 2 2 2 2 2 0 2 2 2 0 2 2 2 2 2 0 0 2 2 0 2 2 2 2 2 2 2 2 2 2 2 2 2 0 2 2 0 2 2 2 2 2 2 2 2 2 0 2 2 2 2 2 2 2 2 2 2 0 2 0 2 2 2 2 0 2 2 2 2 2 2 2 2 2 0 2 2 2 2 2 2 2 2 2 2 2 2 0 2 2 2 2 2 2 2 2 2 2 2 2 2 2 2 2 2 2 2 2 2 2 2 2 2 2 2 2 2 2 2 0 2 2 2 2 2 2 2 2 2 2 2 2 2 2 2 2 2 2 2 2 2 2 2 2 2 2 2 2 2 2 2 2 2 2 2 2 2 2 2 2 2 2 2 0 2 2 2 2 2 2 2 2 2 2 0 2 2 2 2 2 2 2 2 2 2 2 2 2 2 2 2 2 2 2 2 2 2 2 2 2 0 2 2 2 2 2 2 2 2 2 2 2 2 0 2 2 2 2 2 2 2 2 2 2 2 2 2 2 2 2 2 2 2
374 0 0 2 0 0 2 0 2 2 0 2 2 0 0 0 2 2 2 0 0 0 2 0 0 0 2 2 2 2 0 2 2 0 2 2 1 0 0 2 2 2 0 2 2 0 2 2 0 2 0 0 2 0 0 0 0 0 0 2 0 0 0 0 2 0 0 0 0 2 2 2 2 0 0 2 0 2 2 0 2 0 0 0 0 2 2 2 0 0 2 2 2 0 0 0 0 0 2 2 2 2 2 0 0 0 2 2 0 0 0 0 0 0 0 2 0 2 0 0 0 0 2 0 2 0 0 2 2 2 2 0 2 2 0 2 2 0 2 0 2 0 2 2 2 0 2 2 0 1 0 0 0 2 2 0 0 0 0 2 0 0 2 2 2 2 2 2 2 0 0 2 0 2 0 2 2 0 2 0 0 2 2 2 2 0 2 2 2 2 0 0 2 0 2 2 2 0 0 0 0 2 2 0 0 2 2 0 0 2 0 2 0 2 0 0 0 0 2 0 2 0 2 0 0 2 2 2 2 0 0 0 2 0 2 0 2 2 0 0 0 2 2 0 2 2
375 2 2 2 2 2 0 2 2 2 2 2 2 2 2 2 0 2 2 2 2 2 2 2 2 2 0 2 2 2 2 2 2 2 2 0 2 2 2 2 2 2 2 2 2 2 2 2 2 2 2 2 2 2 2 2 2 2 2 2 2 2 2 2 2 2 2 2 2 2 2 2 2 2 2 2 2 2 2 2 2 2 2 2 2 0 2 2 2 2 0 2 2 2 2 2 2 2 2 2 2 2 0 2 2 2 2 2 2 2 2 2 2 2 2 2 2 0 2 2 2 2 2 2 2 2 2 2 2 2 0 2 2 2 2 2 2 2 0 2 2 2 2 2 2 2 2 2 2 1 2 2 2 2 2 2 2 2 2 2 2 2 2 2 2 2 2 2 2 2 2 2 2 2 2 2 2 2 2 2 2 2 2 2 2 2 2 2 0 2 2 2 2 2 2 2 2 2 2 2 2 2 2 2 2 2 2 2 2 2 2 2 2 2 2 2 2 2 1 2 2 2 0 2 2 2 2 2 2 2 2 2 0 2 2 2 2 2 2 2 2 0 2 2 2 2
376 2 2 0 2 2 0 2 2 0 2 0 0 2 2 2 0 2 0 2 2 0 2 2 2 2 0 0 2 0 2 0 2 2 2 0 1 2 2 0 0 2 2 2 2 2 0 2 2 0 2 0 2 2 2 2 2 2 2 0 2 0 2 2 2 2 2 2 2 2 2 2 2 2 2 2 2 0 0 2 0 2 2 2 2 0 0 0 2 2 0 2 0 2 2 2 2 2 0 2 0 0 0 2 2 2 0 0 2 2 2 2 2 2 2 0 2 0 2 2 2 2 0 2 2 2 2 0 0 0 0 2 2 0 2 0 0 2 0 2 2 2 0 0 2 2 2 2 2 1 2 2 2 2 0 2 2 2 2 2 2 2 2 2 0 2 0 0 2 2 2 2 2 0 2 0 2 2 0 2 2 0 2 2 0 2 0 2 0 0 2 2 0 2 0 0 0 2 2 2 2 0 0 2 2 0 0 2 2 2 2 0 2 0 2 2 2 2 0 2 2 2 0 2 2 2 2 0 0 2 2 2 0 2 0 2 2 0 2 2 2 0 0 2 0 0
377 2 2 2 2 2 2 2 2 2 2 2 2 2 2 2 2 2 2 2 2 0 2 2 2 2 2 2 2 2 2 0 2 2 0 2 2 2 2 2 0 2 2 2 0 2 2 2 2 2 2 2 2 2 0 2 2 0 2 2 2 2 2 2 0 2 2 2 2 0 2 2 2 2 2 2 2 2 2 2 2 2 0 2 2 2 2 2 2 0 2 2 2 2 0 0 2 2 2 2 2 2 2 2 2 0 2 2 2 2 2 2 2 2 2 2 2 2 0 2 2 2 2 2 0 2 2 2 2 2 2 2 2 2 2 2 2 2 2 2 2 2 2 2 0 2 2 2 2 1 2 2 0 2 2 2 0 2 2 0 2 2 2 0 2 2 2 2 0 0 2 2 2 2 2 2 2 2 2 2 2 2 2 0 2 2 2 2 2 2 2 2 2 2 2 2 2 2 2 2 0 2 2 2 2 2 2 2 2 2 2 2 2 2 2 2 2 2 2 2 0 2 2 2 2 2 2 2 2 2 2 2 2 2 2 2 2 2 2 2 2 2 2 2 2 2
378 2 2 2 2 2 0 2 2 2 2 2 2 2 2 2 0 0 2 2 2 2 2 2 2 2 0 0 2 2 2 2 2 2 2 0 1 2 2 2 2 2 2 2 2 2 2 2 2 2 0 2 2 2 2 2 2 2 2 2 0 2 2 2 2 2 2 2 2 2 2 2 2 2 2 0 2 2 2 2 2 2 2 2 2 0 0 2 2 2 0 0 2 2 2 2 2 2 2 2 2 2 0 2 0 2 2 0 2 2 2 2 2 2 2 2 2 0 2 2 2 2 2 2 2 2 2 0 2 0 0 2 2 2 2 2 0 2 0 2 0 2 0 0 2 2 2 2 2 1 2 2 2 2 2 2 2 2 2 2 2 2 2 2 0 0 0 0 2 2 2 2 2 0 2 0 2 2 2 2 2 0 2 2 0 2 2 2 0 2 2 2 0 2 2 2 0 2 2 2 2 2 0 2 2 2 2 2 2 2 2 0 2 2 2 2 2 2 0 2 2 2 0 2 2 2 2 0 2 2 2 2 0 2 2 2 2 2 2 2 2 0 2 2 2 0
379 2 2 2 2 2 0 2 2 2 2 2 2 2 2 2 0 0 2 2 2 2 2 2 2 2 0 0 2 2 2 2 2 2 2 0 1 2 2 2 2 2 2 2 2 2 2 2 2 2 0 2 2 2 2 2 2 2 2 2 0 2 2 2 2 2 2 2 2 2 2 2 2 2 2 0 2 2 2 2 2 2 2 2 2 2 0 2 2 2 0 0 2 2 2 2 2 2 2 2 2 2 0 2 0 2 2 0 2 2 2 2 2 2 2 2 2 0 2 2 2 2 2 2 2 2 2 0 2 0 0 2 2 2 2 2 0 2 0 2 0 2 0 0 2 2 2 2 2 1 2 2 2 2 2 2 2 2 2 2 2 2 2 2 0 0 0 0 2 2 2 2 2 0 2 0 2 2 2 2 2 0 2 2 0 2 2 2 0 2 2 2 0 2 2 2 0 2 2 2 2 2 0 2 2 2 2 2 2 2 2 0 2 2 2 2 2 2 0 2 2 2 0 2 2 2 2 0 2 2 2 2 0 2 2 2 2 2 2 2 2 0 2 2 2 0
380 2 2 2 2 2 2 2 2 2 2 2 2 2 2 2 2 2 2 2 2 2 2 2 2 2 2 2 2 2 2 2 2 2 2 2 2 2 2 2 2 2 2 2 2 2 2 2 2 2 2 2 2 0 2 2 2 2 2 2 2 2 2 2 2 0 2 2 0 2 2 2 2 2 0 2 2 2 2 2 2 2 2 2 2 2 2 2 2 2 2 2 2 2 2 2 2 2 2 2 2 2 2 2 2 2 2 2 0 2 2 2 2 2 2 2 2 2 2 2 2 2 2 2 2 2 2 2 2 2 2 0 2 2 2 2 2 2 2 0 2 2 2 2 2 0 2 2 0 2 2 2 2 2 2 2 2 2 2 2 2 0 2 2 2 2 2 2 2 2 2 2 2 2 0 2 2 0 2 2 2 2 2 2 2 0 2 2 2 2 2 2 2 2 2 2 2 2 2 2 2 2 2 2 2 2 2 2 2 2 2 2 2 2 0 2 0 2 2 2 2 1 2 0 2 2 2 2 2 2 0 2 2 2 2 2 2 2 2 2 2 2 2 2 2 2
381 2 2 2 2 2 0 2 2 2 2 2 2 2 2 2 0 0 2 2 2 2 2 2 2 2 0 0 2 2 2 2 2 2 2 0 1 2 2 2 2 2 2 2 2 2 2 2 2 2 0 2 2 2 2 2 2 2 2 2 0 2 2 2 2 2 2 2 2 2 2 2 2 2 2 0 2 2 2 2 2 2 2 2 2 2 0 2 2 2 0 0 2 2 2 2 2 2 2 2 2 2 0 2 0 2 2 0 2 2 2 2 2 2 2 2 2 0 2 2 2 2 2 2 2 2 2 0 2 0 0 2 2 2 2 2 0 2 0 2 0 2 0 0 2 2 2 2 2 1 2 2 2 2 2 2 2 2 2 2 2 2 2 2 0 0 0 0 2 2 2 2 2 0 2 0 2 2 2 2 2 0 2 2 0 2 2 2 0 2 2 2 0 2 2 2 0 2 2 2 2 2 0 2 2 2 2 2 2 2 2 0 2 2 2 2 2 2 0 2 2 2 0 2 2 2 2 0 2 2 2 2 0 2 2 2 2 2 2 2 2 0 2 2 2 0
382 2 2 2 2 2 0 2 2 2 2 2 2 2 2 2 0 0 2 2 2 2 2 2 2 2 0 0 2 2 2 2 2 2 2 0 1 2 2 2 2 2 2 2 2 2 2 2 2 2 0 2 2 2 2 2 2 2 2 2 0 2 2 2 2 2 2 2 2 2 2 2 2 2 2 0 2 2 2 2 2 2 2 2 2 2 0 2 2 2 0 0 2 2 2 2 2 2 2 2 2 2 0 2 0 2 2 0 2 2 2 2 2 2 2 2 2 0 2 2 2 2 2 2 2 2 2 0 2 0 0 2 2 2 2 2 0 2 0 2 0 2 0 0 2 2 2 2 2 1 2 2 2 2 2 2 2 2 2 2 2 2 2 2 0 0 0 0 2 2 2 2 2 0 2 0 2 2 2 2 2 0 2 2 0 2 2 2 0 2 2 2 0 2 2 2 0 2 2 2 2 2 0 2 2 2 2 2 2 2 2 0 2 2 2 2 2 2 0 2 2 2 0 2 2 2 2 0 2 2 2 2 0 2 2 2 2 2 2 2 2 0 2 2 2 0
383 2 2 2 2 2 2 2 2 2 2 2 2 2 2 2 2 2 2 2 2 0 2 2 2 2 2 2 2 2 2 0 2 2 0 2 2 2 2 2 0 2 2 2 0 2 2 2 2 2 2 2 2 2 0 2 2 0 2 2 2 2 2 2 0 2 2 2 2 0 2 2 2 2 2 2 2 2 2 2 2 2 0 2 2 2 2 2 2 0 2 2 2 2 0 0 2 2 2 2 2 2 2 2 2 0 2 2 2 2 2 2 2 2 2 2 2 2 0 2 2 2 2 2 0 2 2 2 2 2 2 2 2 2 2 2 2 2 2 2 2 2 2 2 0 2 2 2 2 1 2 2 2 2 2 2 0 2 2 0 2 2 2 0 2 2 2 2 0 0 2 2 2 2 2 2 2 2 2 2 2 2 2 0 2 2 2 2 2 2 2 2 2 2 2 2 2 2 2 2 0 2 2 2 2 2 2 2 2 2 2 2 2 2 2 2 2 2 2 2 0 2 2 2 2 2 2 2 2 2 2 2 2 2 2 2 2 2 2 2 2 2 2 2 2 2
384 2 2 2 2 2 2 2 2 2 2 2 2 2 2 2 2 2 2 2 2 2 2 2 2 2 2 2 2 2 2 2 2 2 2 2 2 2 2 2 2 2 2 2 2 2 2 2 2 2 2 2 2 0 2 2 2 2 2 2 2 2 2 2 2 0 2 2 0 2 2 2 2 2 0 2 2 2 2 2 2 2 2 2 2 2 2 2 2 2 2 2 2 2 2 2 2 2 2 2 2 2 2 2 2 2 2 2 0 2 2 2 2 2 2 2 2 2 2 2 2 2 2 2 2 2 2 2 2 2 2 0 2 2 2 2 2 2 2 0 2 2 2 2 2 0 2 2 0 2 2 2 2 2 2 2 2 2 2 2 2 0 2 2 2 2 2 2 2 2 2 2 2 2 0 2 2 0 2 2 2 2 2 2 2 0 2 2 2 2 2 2 2 2 2 2 2 2 2 2 2 2 2 2 2 2 2 2 2 2 2 2 2 2 0 2 0 2 2 2 2 0 2 0 2 2 2 2 2 2 0 2 2 2 2 2 2 2 2 2 2 2 2 2 2 2
385 2 2 2 2 2 2 2 2 2 2 2 2 2 2 2 2 0 2 2 2 2 2 2 2 2 2 0 2 2 2 2 2 2 2 2 1 2 2 2 2 2 2 2 2 2 2 2 2 2 2 2 2 2 2 2 2 2 2 2 2 2 2 2 2 2 2 2 2 2 2 2 2 2 2 0 2 2 2 2 2 2 2 2 2 2 0 2 2 2 2 0 2 2 2 2 2 2 2 2 2 2 2 2 2 2 2 0 2 2 2 2 2 2 2 2 2 2 2 2 2 2 2 2 2 2 2 2 2 0 2 2 2 2 2 2 0 2 2 2 0 2 0 2 2 2 2 2 2 2 2 2 2 2 2 2 2 2 2 2 2 2 2 2 0 0 2 0 2 2 2 2 2 0 2 0 2 2 2 2 2 0 2 2 0 2 2 2 2 2 2 2 0 2 2 2 0 2 2 2 2 2 0 2 2 2 2 2 2 2 2 0 2 2 2 2 2 2 2 2 2 2 2 2 2 2 2 0 2 2 2 2 2 2 2 2 2 2 2 2 2 2 2 2 2 0
386 2 2 2 2 2 0 2 2 2 2 2 2 2 2 2 0 0 2 2 2 2 2 2 2 2 0 0 2 2 2 2 2 2 2 0 1 2 2 2 2 2 2 2 2 2 2 2 2 2 2 2 2 2 2 2 2 2 2 2 2 2 2 2 2 2 2 2 2 2 2 2 2 2 2 0 2 2 2 2 0 2 2 2 2 0 0 2 2 2 0 0 2 2 2 2 2 2 0 2 2 0 0 2 2 2 0 0 2 2 2 2 2 2 2 2 2 0 2 2 2 2 2 0 2 2 2 2 0 0 0 2 2 0 2 0 0 2 0 2 0 2 0 0 2 2 0 2 2 1 2 2 2 2 0 2 2 2 2 2 2 2 0 2 0 0 0 0 2 2 2 0 2 0 2 0 2 2 0 2 2 0 0 2 0 2 0 2 0 0 2 2 0 2 0 0 0 2 2 2 2 0 0 2 2 0 0 2 2 2 2 0 2 2 2 2 2 2 1 2 2 2 0 2 2 0 2 0 0 2 2 2 0 2 0 2 2 0 2 2 2 0 0 2 0 0
387 2 2 2 2 2 0 2 2 2 2 2 2 2 2 2 0 0 2 2 2 2 2 2 2 2 0 0 2 2 2 2 2 2 2 0 1 2 2 2 2 2 2 2 2 2 2 2 2 2 2 2 2 2 2 2 2 2 2 2 2 2 2 2 2 2 2 2 2 2 2 2 2 2 2 0 2 2 2 2 0 2 2 2 2 0 0 2 2 2 0 0 2 2 2 2 2 2 0 2 2 0 0 2 2 2 0 0 2 2 2 2 2 2 2 2 2 0 2 2 2 2 2 2 2 2 2 2 2 0 0 2 2 0 2 0 0 2 0 2 0 2 0 0 2 2 2 2 2 1 2 2 2 2 0 2 2 2 2 2 2 2 2 2 0 0 0 0 2 2 2 2 2 0 2 0 2 2 0 2 2 0 0 2 0 2 0 2 0 0 2 2 0 2 0 0 0 2 2 2 2 0 0 2 2 0 0 2 2 2 2 0 2 2 2 2 2 2 1 2 2 2 0 2 2 2 2 0 0 2 2 2 0 2 0 2 2 0 2 2 2 0 0 2 0 0
388 2 2 2 2 2 0 2 2 2 2 2 2 2 2 0 0 2 2 2 2 2 2 2 2 2 0 2 2 2 2 2 2 2 2 2 2 2 2 2 2 2 2 2 2 2 2 2 2 2 2 2 2 2 2 2 2 2 2 2 2 2 2 2 2 2 2 2 2 2 2 2 2 2 2 2 2 2 2 2 2 0 2 2 2 2 2 2 2 2 2 2 2 2 2 2 2 0 2 2 2 2 2 2 2 2 0 2 2 0 2 2 2 2 2 2 2 0 2 2 2 0 2 2 2 2 2 2 0 2 0 2 2 2 2 2 2 0 0 2 2 2 2 2 2 2 0 2 2 1 2 2 2 2 2 2 2 0 0 2 2 2 0 2 2 2 2 2 2 2 2 0 0 2 2 2 2 2 2 2 2 2 2 2 2 2 2 2 2 2 2 2 2 2 2 2 2 2 2 0 2 2 2 0 2 2 2 2 0 2 2 2 2 2 2 2 2 0 2 2 2 2 2 2 2 0 2 2 2 2 2 0 2 2 2 2 2 2 2 2 0 0 2 0 2 2
389 2 2 2 2 2 2 2 2 2 2 2 2 2 2 2 2 2 2 2 2 2 2 2 2 2 2 2 2 2 2 2 2 2 2 2 2 2 2 2 2 2 2 2 2 2 2 2 2 2 2 2 2 0 2 2 2 2 2 2 2 2 2 2 2 0 2 2 0 2 2 2 2 2 0 2 2 2 2 2 2 2 2 2 2 2 2 2 2 2 2 2 2 2 2 2 2 2 2 2 2 2 2 2 2 2 2 2 0 2 2 2 2 2 2 2 2 2 2 2 2 2 2 2 2 2 2 2 2 2 2 0 2 2 2 2 2 2 2 0 2 2 2 2 2 0 2 2 2 2 2 2 2 2 2 2 2 2 2 2 2 2 2 2 2 2 2 2 2 2 2 2 2 2 2 2 2 0 2 2 2 2 2 2 2 2 2 2 2 2 2 2 2 2 2 2 2 2 2 2 2 2 2 2 2 2 2 2 2 2 2 2 2 2 0 2 0 2 2 2 2 0 2 0 2 2 2 2 2 2 2 2 2 2 2 2 2 2 2 2 2 2 2 2 2 2
390 2 2 2 0 2 2 0 0 0 2 0 0 2 2 2 2 2 2 0 2 2 2 2 2 2 2 2 2 2 0 2 2 0 0 2 2 2 2 2 2 0 0 0 0 2 2 0 0 2 2 2 0 2 0 2 2 0 2 2 2 2 2 0 2 2 2 2 2 2 2 0 2 0 2 2 0 2 0 0 2 2 2 0 0 2 2 2 0 0 2 2 2 0 0 0 0 2 2 0 2 2 2 2 2 0 2 2 2 2 2 0 0 0 2 0 0 2 0 0 0 2 0 2 0 0 0 2 2 2 2 2 2 2 0 2 2 2 2 2 2 0 2 2 0 2 2 0 0 1 0 0 0 0 2 0 0 2 2 0 2 0 2 0 2 2 2 2 1 0 2 2 2 2 0 2 2 2 2 2 2 2 2 0 2 0 2 2 2 2 2 1 2 0 2 2 2 0 0 2 0 2 2 2 0 2 2 0 2 0 0 2 0 2 2 0 2 2 2 0 2 2 2 2 0 2 2 2 2 0 2 2 2 2 2 0 0 2 2 0 2 2 2 2 2 2
391 2 2 2 2 2 2 2 2 2 2 2 2 2 2 2 2 2 2 2 2 2 2 2 2 2 2 2 2 2 2 2 2 2 2 2 2 2 2 2 2 2 2 2 2 2 2 2 2 2 2 2 2 2 2 2 2 2 2 2 2 2 2 2 2 2 2 2 2 2 2 2 2 2 2 2 2 2 2 2 2 0 2 2 2 2 2 2 2 2 2 2 2 2 2 2 2 0 2 2 2 2 2 2 2 2 2 2 2 0 2 2 2 2 2 2 2 2 2 2 2 0 2 2 2 2 2 2 0 2 2 2 2 2 2 2 2 0 2 2 2 2 2 2 2 2 2 2 2 2 2 2 2 2 2 2 2 0 0 2 2 2 2 2 2 2 2 2 2 2 2 2 0 2 2 2 2 2 2 2 2 2 2 2 2 2 2 2 2 2 2 2 2 2 2 2 2 2 2 0 2 2 2 0 2 2 2 2 0 2 2 2 2 2 2 2 2 0 2 2 2 2 2 2 2 2 2 2 2 2 2 0 2 2 2 2 2 2 2 2 0 2 2 0 2 2
392 2 2 2 2 2 2 0 2 2 2 2 2 2 2 2 2 2 2 2 2 2 2 2 2 2 2 2 2 2 2 2 2 0 2 2 2 2 2 2 2 2 2 2 2 2 2 2 2 2 2 2 2 2 2 2 2 2 2 2 2 2 2 0 2 2 2 2 2 2 2 2 2 0 2 2 2 2 2 2 2 2 2 0 0 2 2 2 0 2 2 2 2 0 2 2 0 2 2 2 2 2 2 2 2 2 2 2 2 2 2 0 0 2 2 2 2 2 2 0 0 2 2 2 2 0 0 2 2 2 2 2 2 2 0 2 2 2 2 2 2 2 2 2 2 1 2 2 2 2 2 0 2 2 2 0 2 2 2 2 2 1 2 2 2 2 2 2 2 2 2 2 2 2 2 2 0 2 2 2 2 2 2 2 2 2 2 2 2 2 2 1 2 0 2 2 2 2 0 2 2 2 2 2 0 2 2 0 2 2 2 2 0 2 2 0 2 2 2 0 2 2 2 2 0 2 2 2 2 0 2 2 2 2 2 0 2 2 2 0 2 2 2 2 2 2
393 0 0 2 2 2 2 2 2 2 0 0 2 2 0 2 2 2 2 2 0 2 0 0 0 1 2 2 2 2 2 2 0 2 2 2 0 0 0 2 2 2 2 2 2 0 2 2 2 2 2 0 2 2 2 0 0 2 0 2 2 0 0 2 2 2 2 0 2 2 2 2 2 2 2 2 2 2 2 2 2 2 2 2 2 2 2 2 2 2 2 2 2 2 2 2 2 2 2 2 2 2 2 0 2 2 2 2 2 2 0 2 2 2 0 0 2 2 2 2 2 2 2 2 2 2 2 2 2 2 2 2 2 2 2 2 2 2 2 2 2 2 2 2 2 2 2 2 2 2 2 2 2 2 2 2 2 2 2 2 0 2 2 2 2 2 2 2 2 2 0 2 2 2 2 2 2 2 2 0 0 2 2 2 2 2 2 2 2 2 0 1 1 2 2 2 2 2 2 2 2 2 2 2 2 2 2 2 2 2 2 2 2 2 2 2 2 2 2 2 2 2 2 2 2 2 2 2 2 2 2 2 2 0 2 2 2 2 0 2 2 2 2 2 2 2
394 2 2 2 2 2 2 2 2 2 2 2 2 2 2 2 2 2 2 2 2 2 2 2 2 2 2 2 2 2 2 2 2 2 2 2 2 2 2 2 2 2 2 2 2 2 2 2 2 2 2 2 2 2 2 2 2 2 2 2 2 2 2 2 2 2 2 2 2 2 2 2 2 2 2 2 2 2 2 2 2 0 2 2 2 2 2 2 2 2 2 2 2 2 2 2 2 0 2 2 2 2 2 2 2 2 2 2 2 0 2 2 2 2 2 2 2 2 2 2 2 0 2 2 2 2 2 2 0 2 2 2 2 2 2 2 2 0 2 2 2 2 2 2 2 2 2 2 2 2 2 2 2 2 2 2 2 0 0 2 2 2 2 2 2 2 2 2 2 2 2 2 0 2 2 2 2 2 2 2 2 2 2 2 2 2 2 2 2 2 2 2 2 2 2 2 2 2 2 0 2 2 2 0 2 2 2 2 0 2 2 2 2 2 2 2 2 0 2 2 2 2 2 2 2 2 2 2 2 2 2 0 2 2 2 2 2 2 2 2 0 2 2 0 2 2
395 2 2 2 2 2 2 0 2 2 2 2 2 2 2 2 2 2 2 2 2 2 2 2 2 2 2 2 2 2 2 2 2 0 2 2 2 2 2 2 2 2 2 2 2 2 2 2 2 2 2 2 2 2 2 2 2 2 2 2 2 2 2 0 2 2 2 2 2 2 0 2 2 0 2 2 2 2 2 2 2 2 2 0 0 2 2 2 0 2 2 2 2 0 2 2 0 2 2 2 2 2 2 2 2 2 2 2 2 2 2 0 0 2 2 2 2 2 2 0 0 2 2 2 2 0 0 2 2 2 2 2 0 2 0 2 2 2 2 2 2 2 2 2 2 2 2 2 2 2 2 0 2 2 2 0 2 2 2 2 2 2 2 2 2 2 2 2 2 2 2 2 2 2 2 2 0 2 2 2 2 2 2 2 2 2 2 0 2 2 2 1 2 0 2 2 2 2 0 2 2 2 2 2 0 2 2 0 2 2 2 2 0 2 2 0 2 2 2 0 2 2 2 2 0 2 0 2 2 0 2 2 2 2 2 0 2 2 2 0 2 2 2 2 2 2
396 2 2 2 1 2 2 2 2 2 2 2 2 2 2 1 2 2 2 1 2 1 2 2 2 2 2 2 2 2 1 1 2 2 2 1 2 2 2 2 1 1 1 2 2 2 2 2 1 2 2 1 2 2 2 2 2 2 2 2 2 1 2 2 2 2 2 2 2 2 2 2 2 2 2 2 1 2 2 2 2 1 2 2 2 2 2 2 2 2 1 2 2 2 2 2 2 1 2 2 2 2 2 2 2 2 2 2 2 1 2 2 2 2 2 2 1 2 2 2 2 0 1 2 2 2 2 2 1 2 2 2 2 2 2 2 2 1 2 2 2 1 2 2 2 2 2 2 2 1 2 2 2 2 2 2 2 1 1 2 2 2 2 2 2 2 2 2 2 2 2 2 1 2 2 2 2 2 2 2 2 2 2 2 2 2 2 2 2 2 2 2 2 2 2 2 2 2 2 1 2 2 2 1 2 2 2 2 1 2 1 2 2 2 2 2 2 1 2 2 2 2 2 2 2 2 2 2 2 2 2 1 2 2 2 2 2 2 2 2 1 2 2 1 2 2
397 0 0 2 2 2 2 2 2 2 0 2 2 2 0 2 2 2 2 2 2 2 2 0 0 2 2 2 2 2 2 2 2 2 2 2 0 0 0 2 2 2 2 2 2 0 2 2 2 2 2 2 2 2 2 0 0 2 0 2 2 2 0 2 2 2 2 0 2 2 2 2 2 2 2 2 2 2 2 2 2 2 2 2 2 2 2 2 2 2 2 2 2 2 2 2 2 2 2 2 2 2 2 0 2 2 2 2 2 2 0 2 2 2 0 2 2 2 2 2 2 2 2 2 2 2 2 2 2 2 2 2 2 2 2 2 2 2 2 2 2 2 2 2 2 2 2 2 2 2 2 2 2 2 2 2 2 2 2 2 0 2 2 2 2 2 2 2 2 2 0 2 2 2 2 2 2 2 2 0 0 2 2 2 2 2 2 2 2 2 0 1 2 2 2 2 2 2 2 2 2 2 2 2 2 2 2 2 2 2 2 2 2 2 2 2 2 2 2 2 2 2 2 2 2 2 2 2 2 2 2 2 2 0 2 2 2 2 0 2 2 2 2 2 2 2
398 2 2 2 2 0 0 2 2 2 2 2 2 0 2 0 0 0 2 2 2 2 2 2 2 2 0 0 2 2 2 2 2 2 2 0 1 2 2 2 2 2 2 2 2 2 2 2 2 2 2 2 2 2 2 2 2 2 2 2 2 2 2 2 2 2 0 2 2 2 2 2 2 2 2 0 2 2 2 2 2 0 2 2 2 0 0 2 2 2 0 0 2 2 2 2 2 0 2 2 2 0 0 2 2 2 0 0 2 0 2 2 2 2 2 2 2 0 2 2 2 0 2 2 2 2 2 2 0 0 0 2 2 0 2 2 0 0 0 2 0 2 0 0 2 2 0 2 2 1 2 2 2 2 0 2 2 0 0 2 2 2 0 2 0 0 0 0 2 2 2 0 0 0 2 0 2 2 0 2 2 0 2 2 0 2 0 2 0 0 2 2 0 2 2 0 0 0 2 0 2 2 0 0 2 2 0 2 0 2 2 0 2 2 2 2 2 0 1 2 2 2 0 2 2 0 2 0 0 2 2 0 0 2 0 2 2 2 2 2 0 0 0 0 0 0
399 0 0 2 0 0 0 0 0 2 0 0 0 0 0 0 0 0 2 0 0 0 0 0 0 0 0 0 0 2 0 0 0 0 0 0 0 0 0 0 0 0 0 0 0 0 2 0 0 2 2 0 0 0 0 0 0 0 0 2 2 0 0 0 2 0 0 0 0 2 0 0 0 0 0 0 0 2 0 0 0 0 0 0 0 0 0 2 0 0 0 0 0 0 0 0 0 0 0 0 2 0 0 0 2 0 0 0 0 0 0 0 0 0 0 0 0 0 0 0 0 0 0 0 0 0 0 2 0 0 0 0 0 0 0 0 0 0 0 0 0 0 0 0 0 0 0 0 0 0 0 0 0 0 0 0 0 0 0 0 0 0 0 0 0 0 0 0 1 0 0 0 0 0 0 0 0 0 0 0 0 0 0 0 0 0 0 0 0 0 0 0 0 0 0 0 0 0 0 0 0 0 0 0 0 0 0 0 0 0 0 0 0 2 0 0 0 0 1 0 2 0 0 0 0 0 0 0 0 0 2 0 0 0 0 0 0 0 0 0 0 0 0 0 0 0
400 0 0 2 2 2 2 2 2 2 0 0 2 2 0 2 2 0 2 2 0 2 0 0 0 2 2 0 0 2 2 2 0 2 2 2 0 0 0 0 2 2 2 2 2 0 2 2 2 2 2 2 2 0 2 0 0 2 0 2 2 2 0 2 2 0 2 0 0 2 2 2 2 2 0 0 2 2 2 2 0 2 2 2 2 2 0 2 2 2 2 0 0 2 2 2 2 2 0 2 2 2 2 0 2 2 2 0 0 2 0 2 2 2 0 0 2 2 2 2 2 2 2 2 2 2 2 2 2 0 2 0 2 2 2 0 0 2 2 0 0 2 0 0 2 0 2 2 2 2 0 2 2 2 2 2 2 2 2 2 0 2 2 2 0 0 0 0 2 2 0 2 2 0 2 0 2 0 2 0 0 0 0 2 0 2 2 2 2 2 0 1 0 2 0 2 0 2 2 2 2 0 0 2 2 0 2 2 2 2 2 0 2 2 0 2 0 2 2 2 2 0 2 0 2 2 2 0 2 2 2 2 2 0 2 2 0 0 0 2 2 2 2 2 2 0
401 2 2 2 2 2 2 2 2 2 2 2 2 2 2 2 2 2 2 2 2 2 2 2 2 2 2 2 2 2 2 2 2 2 2 2 2 2 2 2 2 2 2 2 2 2 2 2 2 2 2 2 2 0 2 2 2 2 2 2 2 2 2 2 2 0 2 2 0 2 2 2 2 2 0 2 2 2 2 2 2 2 2 2 2 2 2 2 2 2 2 2 2 2 2 2 2 2 2 2 2 2 2 2 2 2 2 2 0 2 2 2 2 2 2 2 2 2 2 2 2 2 2 2 2 2 2 2 2 2 2 0 2 2 2 2 2 2 2 0 2 2 2 2 2 0 2 2 2 2 2 2 2 2 2 2 2 2 2 2 2 2 2 2 2 2 2 2 2 2 2 2 2 2 2 2 2 0 2 2 2 2 2 2 2 2 2 2 2 2 2 2 2 2 2 2 2 2 2 2 2 2 2 2 2 2 2 2 2 2 2 2 2 2 0 2 0 2 2 2 2 0 2 0 2 2 2 2 2 2 2 2 2 2 2 2 2 2 2 2 2 2 2 2 2 2
402 2 2 2 2 2 2 2 2 2 2 2 2 2 2 2 2 2 2 2 2 2 2 2 2 2 2 2 2 2 2 2 2 2 0 2 2 2 2 2 2 2 2 2 0 2 2 2 2 2 2 2 2 2 0 2 2 0 2 2 2 2 2 2 2 2 2 2 2 2 2 2 2 2 2 2 2 2 2 0 2 2 0 2 2 2 2 2 2 0 2 2 2 2 0 0 2 2 2 2 2 2 2 2 2 0 2 2 2 2 2 2 2 2 2 2 2 2 0 2 2 2 2 2 0 2 2 2 2 2 2 2 2 2 2 2 2 2 2 2 2 2 2 2 0 2 2 2 0 1 2 2 0 2 2 2 0 2 2 0 2 2 2 0 2 2 2 2 1 0 2 2 2 2 2 2 2 2 2 2 2 2 2 0 2 2 2 2 2 2 2 2 2 2 2 2 2 2 2 2 0 2 2 2 2 2 2 2 2 2 2 2 2 2 2 2 2 2 2 2 2 2 2 2 2 2 2 2 2 2 2 2 2 2 2 2 2 2 2 2 2 2 2 2 2 2
403 0 0 2 2 2 2 0 2 2 0 2 2 2 0 2 2 2 2 2 2 2 2 0 0 0 2 2 2 2 2 2 2 0 0 2 1 0 0 2 2 2 2 2 0 0 2 2 2 2 2 2 2 2 0 0 0 0 0 2 2 2 0 0 2 2 2 0 2 2 0 0 2 0 2 2 2 2 2 0 2 2 0 0 0 2 2 2 0 0 2 2 2 0 0 0 0 2 2 2 2 2 2 0 2 0 2 2 2 2 0 0 0 2 0 2 2 2 0 0 0 2 2 2 0 0 0 2 2 2 2 2 0 2 0 2 2 2 2 2 2 2 2 2 0 2 2 2 0 1 2 0 0 2 2 0 0 2 2 0 0 2 2 0 2 2 2 2 1 0 0 2 2 2 2 2 0 2 2 0 0 2 2 0 2 2 2 0 2 2 0 0 2 0 2 2 2 0 0 2 0 2 2 2 0 2 2 0 2 2 2 2 0 2 2 0 2 2 2 0 2 2 2 2 0 2 0 2 2 0 2 2 2 0 2 0 2 2 0 0 2 2 2 2 2 2
404 2 2 2 2 2 2 2 0 2 2 2 2 2 2 2 2 2 2 0 2 2 2 2 2 2 2 2 2 2 0 2 2 2 0 2 2 2 2 2 2 2 0 0 0 2 2 0 0 2 2 2 0 2 0 2 2 0 2 2 2 2 2 2 2 2 2 2 2 2 2 0 2 2 2 2 0 2 2 0 0 2 0 2 2 2 2 2 2 0 2 2 2 2 0 0 2 2 0 0 2 2 2 2 2 0 2 2 2 2 2 2 2 0 2 2 2 2 0 2 2 2 2 2 0 2 2 2 2 2 2 2 2 2 2 0 2 2 2 2 2 0 2 2 0 2 2 0 0 1 0 2 0 0 2 2 0 2 2 0 2 0 2 0 2 2 2 2 2 0 2 2 2 2 0 2 2 2 2 2 2 2 0 0 2 0 2 2 2 2 2 2 2 2 0 2 2 2 2 2 0 0 2 2 2 0 2 2 2 0 0 2 2 2 2 2 2 2 2 2 2 2 2 2 2 2 2 2 2 2 2 2 2 2 2 2 2 0 2 2 2 2 2 2 2 2
405 2 2 2 2 2 2 0 2 2 2 2 2 2 2 2 2 2 2 2 2 2 2 2 2 0 2 2 2 2 2 2 2 0 2 2 2 2 2 2 2 2 2 2 2 2 2 2 2 2 2 2 2 2 2 2 2 2 2 2 2 2 2 0 2 2 2 2 2 2 0 2 2 0 2 2 2 2 2 2 2 2 2 0 0 2 2 2 0 2 2 2 2 0 2 2 0 2 2 2 2 2 2 2 2 2 2 2 2 2 2 0 0 2 2 2 2 2 2 0 0 2 2 2 2 0 0 2 2 2 2 2 0 2 0 2 2 2 2 2 2 2 2 2 2 2 2 2 2 2 2 0 2 2 2 0 2 2 2 2 2 2 2 2 2 2 2 2 2 2 2 2 2 2 2 2 0 2 2 2 2 2 2 2 2 2 2 0 2 2 2 1 2 0 2 2 2 0 0 2 2 2 2 2 0 2 2 0 2 2 2 2 0 2 2 0 2 2 2 0 2 2 2 2 0 2 0 2 2 0 2 2 2 2 2 0 2 2 2 0 2 2 2 2 2 2
406 0 0 0 0 0 0 2 0 0 0 0 0 0 0 0 0 0 0 0 0 0 0 0 0 2 0 0 0 0 0 0 0 2 0 0 0 0 0 0 0 0 0 0 0 0 0 0 0 0 0 0 0 0 0 0 0 0 0 0 0 0 0 2 2 0 0 0 0 2 2 0 0 2 0 0 0 0 0 0 0 0 0 2 2 0 0 0 2 0 0 0 0 2 0 0 2 0 0 0 0 0 0 0 0 0 0 0 0 0 0 2 2 0 0 0 0 0 0 2 2 0 0 0 0 2 2 0 0 0 0 0 2 0 2 0 0 0 0 0 0 0 0 0 0 0 0 0 0 0 0 2 0 0 0 2 0 0 0 0 0 0 0 0 0 0 0 0 2 0 0 0 0 0 0 0 2 0 0 0 0 0 0 0 0 0 0 2 0 0 0 1 0 2 0 0 0 2 2 0 0 0 0 0 2 0 0 2 0 0 0 0 2 0 0 2 0 0 0 2 2 0 0 0 2 0 2 0 0 2 2 0 0 0 0 2 2 0 0 2 0 0 0 0 0 0
407 2 2 2 2 2 2 2 0 2 2 2 2 2 2 2 2 2 2 2 2 2 2 2 2 2 2 2 2 2 2 2 2 2 0 2 2 2 2 2 2 2 2 0 0 2 2 0 2 2 2 2 0 2 0 2 2 0 2 2 2 2 2 2 2 2 2 2 2 2 2 0 2 2 2 2 2 2 2 0 0 2 0 2 2 2 2 2 2 0 2 2 2 2 0 0 2 2 0 0 2 2 2 2 2 0 2 2 2 2 2 2 2 0 2 2 2 2 0 2 2 2 2 2 0 2 2 2 2 2 2 2 2 2 2 0 2 2 2 2 2 2 2 2 0 2 2 0 0 1 0 2 0 0 2 2 0 2 2 0 2 0 2 0 2 2 2 2 1 0 2 2 2 2 0 2 2 2 2 2 2 2 0 0 2 0 2 2 2 2 2 2 2 2 0 2 2 2 2 2 0 0 2 2 2 0 2 2 2 0 0 2 2 2 2 2 2 2 2 2 2 2 2 2 2 2 2 2 2 2 2 2 2 2 2 2 2 0 2 2 2 2 2 2 2 2
408 2 2 2 2 2 2 2 0 2 2 2 2 2 2 2 2 2 2 2 2 2 2 2 2 2 2 2 2 2 2 2 2 2 0 2 2 2 2 2 2 2 2 0 0 2 2 0 2 2 2 2 0 2 0 2 2 0 2 2 2 2 2 2 2 2 2 2 2 2 2 0 2 2 2 2 2 2 2 0 2 2 0 2 2 2 2 2 2 0 2 2 2 2 0 0 2 2 2 0 2 2 2 2 2 0 2 2 2 2 2 2 2 2 2 2 2 2 0 2 2 2 2 2 0 2 2 2 2 2 2 2 2 2 2 2 2 2 2 2 2 2 2 2 0 2 2 0 0 1 2 2 0 0 2 2 0 2 2 0 2 0 2 0 2 2 2 2 1 0 2 2 2 2 0 2 2 2 2 2 2 2 2 0 2 0 2 2 2 2 2 2 2 2 2 2 2 2 2 2 0 2 2 2 2 2 2 2 2 0 2 2 2 2 2 2 2 2 2 2 2 2 2 2 2 2 2 2 2 2 2 2 2 2 2 2 2 2 2 2 2 2 2 2 2 2
409 0 0 2 2 2 2 2 2 2 0 2 2 2 0 2 2 2 2 2 2 2 2 0 0 2 2 2 2 2 2 2 2 2 2 2 0 0 0 2 2 2 2 2 2 0 2 2 2 2 2 2 2 2 2 0 0 2 0 2 2 2 0 2 2 2 2 0 2 2 2 2 2 2 2 2 2 2 2 2 2 2 2 2 2 2 2 2 2 2 2 2 2 2 2 2 2 2 2 2 2 2 2 0 2 2 2 2 2 2 0 2 2 2 0 2 2 2 2 2 2 2 2 2 2 2 2 2 2 2 2 2 2 2 2 2 2 2 2 2 2 2 2 2 2 2 2 2 2 2 2 2 2 2 2 2 2 2 2 2 0 2 2 2 2 2 2 2 2 2 0 2 2 2 2 2 2 2 2 0 0 2 2 2 2 2 2 2 2 2 0 1 2 2 2 2 2 2 2 2 2 2 2 2 2 2 2 2 2 2 2 2 2 2 2 2 2 2 2 2 2 2 2 2 2 2 2 2 2 2 2 2 2 0 2 2 2 2 0 2 2 2 2 2 2 2
410 2 2 2 2 2 2 2 0 2 2 2 2 2 2 2 2 2 2 2 2 2 2 2 2 2 2 2 2 2 2 2 2 2 0 2 2 2 2 2 2 2 2 0 0 2 2 0 2 2 2 2 0 2 0 2 2 0 2 2 2 2 2 2 2 2 2 2 2 2 2 0 2 2 2 2 2 2 2 0 2 2 0 2 2 2 2 2 2 0 2 2 2 2 0 0 2 2 2 0 2 2 2 2 2 0 2 2 2 2 2 2 2 2 2 2 2 2 0 2 2 2 2 2 0 2 2 2 2 2 2 2 2 2 2 2 2 2 2 2 2 2 2 2 0 2 2 0 0 1 2 2 0 0 2 2 0 2 2 0 2 0 2 0 2 2 2 2 1 0 2 2 2 2 0 2 2 2 2 2 2 2 2 0 2 0 2 2 2 2 2 2 2 2 2 2 2 2 2 2 0 2 2 2 2 2 2 2 2 0 2 2 2 2 2 2 2 2 2 2 2 2 2 2 2 2 2 2 2 2 2 2 2 2 2 2 2 2 2 2 2 2 2 2 2 2
411 2 2 0 0 0 0 2 2 2 2 2 2 0 2 0 0 0 0 0 2 0 2 2 2 2 0 0 2 0 0 0 2 2 2 0 1 2 2 2 0 0 0 2 2 2 0 2 0 0 0 0 2 2 2 2 2 2 2 0 0 0 2 2 2 2 0 2 2 2 2 2 0 2 2 0 0 0 2 2 2 0 2 2 2 0 0 0 2 2 0 0 2 2 2 2 2 0 2 2 0 0 0 2 0 2 0 0 2 0 2 2 2 2 2 2 0 0 2 2 2 0 0 0 2 2 2 0 0 0 0 2 2 0 2 2 0 0 0 2 0 0 0 0 2 2 0 2 2 1 2 2 2 2 0 2 2 0 0 2 2 2 0 2 0 0 0 0 2 2 2 0 0 0 2 0 2 2 0 2 2 0 2 2 0 2 0 2 0 0 2 2 0 2 2 0 0 2 2 0 2 2 0 0 2 2 0 2 0 2 0 0 2 0 2 2 2 0 0 2 2 2 0 2 2 0 2 0 0 2 2 0 0 2 0 2 2 2 2 2 0 0 0 0 0 0
412 2 2 2 2 2 2 2 2 2 2 2 2 2 2 2 2 2 2 0 2 2 2 2 2 2 2 2 2 2 0 2 2 2 2 2 2 2 2 2 2 2 0 2 2 2 2 2 0 2 2 2 2 2 2 2 2 2 2 2 2 2 2 2 2 2 2 2 2 2 2 2 2 2 2 2 0 2 2 2 0 2 2 2 2 2 2 2 2 2 2 2 2 2 2 2 2 2 0 2 2 2 2 2 2 2 2 2 2 2 2 2 2 2 2 2 2 2 2 2 2 2 2 2 2 2 2 2 2 2 2 2 2 2 2 0 2 2 2 2 2 0 2 2 2 2 2 2 2 2 0 2 2 2 2 2 2 2 2 2 2 2 2 2 2 2 2 2 2 2 2 2 2 2 2 2 2 2 2 2 2 2 0 2 2 2 2 2 2 2 2 2 2 2 0 2 2 2 2 2 2 0 2 2 2 0 2 2 2 2 2 2 2 2 2 2 2 2 2 2 2 2 2 2 2 2 2 2 2 2 2 2 2 2 2 2 2 0 2 2 2 2 2 2 2 2
413 0 0 0 0 0 0 2 0 2 0 2 2 0 0 0 0 0 0 0 2 0 2 0 0 2 0 0 2 0 0 0 2 2 0 0 0 0 0 2 0 0 0 0 0 0 0 0 0 0 0 0 0 2 0 0 0 0 0 0 0 0 0 2 2 2 0 0 2 2 2 0 0 2 2 0 0 0 2 0 0 0 0 2 2 0 0 0 2 0 0 0 2 2 0 0 2 0 0 0 0 0 0 0 0 0 0 0 2 0 0 2 2 0 0 2 0 0 0 2 2 0 0 0 0 2 2 0 0 0 0 2 2 0 2 0 0 0 0 2 0 0 0 0 0 2 0 0 0 0 0 2 0 0 0 2 0 0 0 0 0 0 0 0 0 0 0 0 1 0 0 0 0 0 0 0 2 2 0 0 0 0 0 0 0 0 0 2 0 0 0 1 0 2 0 0 0 2 2 0 0 0 0 0 2 0 0 2 0 0 0 0 2 0 2 2 2 0 0 2 2 2 0 2 2 0 2 0 0 2 2 0 0 0 0 2 2 0 0 2 0 0 0 0 0 0
414 0 0 2 2 2 2 2 2 2 0 2 2 2 0 2 2 2 2 2 2 2 2 0 0 2 2 2 2 2 2 2 2 2 2 2 0 0 0 2 2 2 2 2 2 0 2 2 2 2 2 2 2 2 2 0 0 2 0 2 2 2 0 2 2 2 2 0 2 2 2 2 2 2 2 2 2 2 2 2 2 2 2 2 2 2 2 2 2 2 2 2 2 2 2 2 2 2 2 2 2 2 2 0 2 2 2 2 2 2 0 2 2 2 0 2 2 2 2 2 2 2 2 2 2 2 2 2 2 2 2 2 2 2 2 2 2 2 2 2 2 2 2 2 2 2 2 2 2 2 2 2 2 2 2 2 2 2 2 2 0 2 2 2 2 2 2 2 2 2 0 2 2 2 2 2 2 2 2 0 0 2 2 2 2 2 2 2 2 2 0 1 2 2 2 2 2 2 2 2 2 2 2 2 2 2 2 2 2 2 2 2 2 2 2 2 2 2 2 2 2 2 2 2 2 2 2 2 2 2 2 2 2 0 2 2 2 2 0 2 2 2 2 2 2 2
415 2 2 2 2 2 2 2 2 2 2 2 2 2 2 2 2 0 2 2 2 2 2 2 2 2 2 0 2 2 2 2 2 2 2 2 1 2 2 2 2 2 2 2 2 2 2 2 2 2 2 2 2 2 2 2 2 2 2 2 2 2 2 2 2 2 2 2 2 2 2 2 2 2 2 0 2 2 2 2 2 2 2 2 2 2 0 2 2 2 2 0 2 2 2 2 2 2 2 2 2 2 2 2 2 2 2 0 2 2 2 2 2 2 2 2 2 2 2 2 2 2 2 2 2 2 2 2 2 0 2 2 2 2 2 2 0 2 2 2 0 2 0 0 2 2 2 2 2 2 2 2 2 2 2 2 2 2 2 2 2 2 2 2 0 0 0 0 2 2 2 2 2 0 2 0 2 2 2 2 2 0 2 2 0 2 2 2 2 2 2 2 0 2 2 2 0 2 2 2 2 2 0 2 2 2 2 2 2 2 2 0 2 2 2 2 2 2 2 2 2 2 2 2 2 2 2 0 2 2 2 2 2 2 2 2 2 2 2 2 2 2 2 2 2 0
416 0 0 2 2 2 2 2 0 2 0 2 2 2 0 2 2 2 2 2 2 2 2 0 0 2 2 2 2 2 2 2 2 2 0 2 1 0 0 2 2 2 2 0 0 0 2 0 2 2 2 2 0 2 0 0 0 0 0 2 2 2 0 2 2 2 2 0 2 2 2 0 0 2 2 2 2 2 2 0 0 2 0 2 2 2 2 2 2 0 2 2 2 2 0 0 2 2 0 0 2 2 2 0 2 0 2 2 2 2 0 2 2 0 0 2 2 2 0 2 2 2 2 2 0 2 2 2 2 2 2 2 2 2 2 0 2 2 2 2 2 2 2 2 0 2 2 0 0 1 0 2 0 0 2 2 0 2 2 0 0 0 2 0 2 2 2 2 1 0 0 2 2 2 0 2 2 2 2 0 0 2 0 0 2 0 2 2 2 2 0 1 2 2 0 2 2 2 2 2 0 0 2 2 2 0 2 2 2 0 2 2 2 2 2 2 2 2 1 2 2 2 2 2 2 2 2 2 2 2 2 2 2 0 2 2 2 0 0 2 2 2 2 2 2 2
417 2 2 2 2 0 0 2 2 2 2 2 2 0 2 2 0 2 2 2 2 2 2 2 2 2 0 2 2 2 2 2 2 2 2 2 2 2 2 2 2 2 2 2 2 2 2 2 2 2 2 2 2 2 2 2 2 2 2 2 2 2 2 2 2 2 0 2 2 2 2 2 2 2 2 2 2 2 2 2 2 0 2 2 2 0 2 2 2 2 2 2 2 2 2 2 2 0 2 2 2 2 0 2 2 2 2 2 2 0 2 2 2 2 2 2 2 0 2 2 2 0 2 2 2 2 2 2 0 2 0 2 2 2 2 2 2 0 0 2 2 2 2 2 2 2 2 2 2 1 2 2 2 2 2 2 2 0 0 2 2 2 2 2 2 2 2 2 2 2 2 2 0 2 2 2 2 2 2 2 2 2 2 2 2 2 2 2 0 2 2 2 2 2 2 2 2 2 2 0 2 2 2 0 2 2 2 2 0 2 2 2 2 2 2 2 2 0 1 2 2 2 0 2 2 2 2 2 2 2 2 0 0 2 2 2 2 2 2 2 0 0 2 0 2 2
418 2 2 2 2 2 2 2 2 2 2 2 2 2 2 0 2 0 2 2 2 2 2 2 2 2 2 0 2 2 2 2 2 2 2 0 1 2 2 2 2 2 2 2 2 2 2 2 2 2 2 2 2 2 2 2 2 2 2 2 2 2 2 2 2 2 2 2 2 2 2 2 2 2 2 0 2 2 2 2 2 2 2 2 2 2 0 2 2 2 0 0 2 2 2 2 2 2 2 2 2 0 2 2 2 2 2 0 2 2 2 2 2 2 2 2 2 2 2 2 2 2 2 2 2 2 2 2 2 0 2 2 2 0 2 2 0 2 2 2 0 2 0 0 2 2 0 2 2 1 2 2 2 2 0 2 2 2 2 2 2 2 0 2 0 0 0 0 2 2 2 0 2 0 2 0 2 2 0 2 2 0 2 2 0 2 0 2 2 0 2 2 0 2 2 0 0 2 2 2 2 2 0 2 2 2 0 2 2 2 2 0 2 2 2 2 2 2 2 2 2 2 2 2 2 0 2 0 0 2 2 2 2 2 0 2 2 2 2 2 2 2 0 2 0 0
419 2 2 2 2 2 2 2 2 2 2 2 2 2 2 2 2 2 2 2 2 2 2 2 2 2 2 2 2 2 2 2 2 2 2 2 2 2 2 2 2 2 2 2 2 2 2 2 2 2 2 2 2 0 2 2 2 2 2 2 2 2 2 2 2 0 2 2 0 2 2 2 2 2 0 2 2 2 2 2 2 2 2 2 2 2 2 2 2 2 2 2 2 2 2 2 2 2 2 2 2 2 2 2 2 2 2 2 0 2 2 2 2 2 2 2 2 2 2 2 2 2 2 2 2 2 2 2 2 2 2 0 2 2 2 2 2 2 2 0 2 2 2 2 2 0 2 2 2 2 2 2 2 2 2 2 2 2 2 2 2 2 2 2 2 2 2 2 2 2 2 2 2 2 2 2 2 0 2 2 2 2 2 2 2 2 2 2 2 2 2 2 2 2 2 2 2 2 2 2 2 2 2 2 2 2 2 2 2 2 2 2 2 2 0 2 0 2 2 2 2 0 2 0 2 2 2 2 2 2 2 2 2 2 2 2 2 2 2 2 2 2 2 2 2 2
420 2 2 2 2 2 2 2 2 2 2 2 2 2 2 2 2 2 2 2 2 2 2 2 2 2 2 2 2 2 2 2 2 2 2 2 2 2 2 2 2 2 2 2 2 2 2 2 2 2 2 2 2 2 2 2 2 2 2 2 2 2 2 2 2 2 2 2 2 2 2 2 2 2 2 2 2 2 2 2 2 0 2 2 2 2 2 2 2 2 2 2 2 2 2 2 2 0 2 2 2 2 2 2 2 2 2 2 2 0 2 2 2 2 2 2 2 2 2 2 2 0 2 2 2 2 2 2 0 2 2 2 2 2 2 2 2 0 2 2 2 2 2 2 2 2 2 2 2 2 2 2 2 2 2 2 2 0 0 2 2 2 2 2 2 2 2 2 2 2 2 2 2 2 2 2 2 2 2 2 2 2 2 2 2 2 2 2 2 2 2 2 2 2 2 2 2 2 2 0 2 2 2 0 2 2 2 2 0 2 2 2 2 2 2 2 2 0 2 2 2 2 2 2 2 2 2 2 2 2 2 0 2 2 2 2 2 2 2 2 0 2 2 0 2 2
421 0 0 0 2 0 0 2 0 2 0 2 2 0 0 0 0 0 0 0 2 0 2 0 0 2 0 0 2 0 0 0 2 2 0 0 0 0 0 2 0 2 0 0 0 0 0 0 0 0 0 2 0 2 0 0 0 0 0 0 0 2 0 2 2 2 0 0 2 2 2 0 0 2 2 0 0 0 2 0 0 0 0 2 2 0 0 0 2 0 0 0 2 2 0 0 2 0 0 0 0 0 0 0 0 0 0 0 2 0 0 2 2 0 0 2 0 0 0 2 2 0 0 0 0 2 2 2 0 0 0 2 2 0 2 0 0 0 0 2 0 0 0 0 0 2 0 0 0 0 0 2 0 0 0 2 0 0 0 0 0 0 0 0 0 0 0 0 2 0 0 0 0 0 0 0 2 2 0 0 0 0 0 0 0 0 0 2 0 0 0 1 0 2 0 0 0 2 2 0 0 0 0 0 2 0 0 2 0 0 0 0 2 0 2 2 2 0 0 2 2 2 0 2 2 0 2 0 0 2 2 0 0 0 0 2 2 0 0 2 0 0 0 0 0 0
422 2 2 0 2 0 0 2 2 2 2 2 2 0 2 2 0 2 0 2 2 0 2 2 2 2 0 2 2 0 2 0 2 2 2 2 2 2 2 2 0 2 2 2 2 2 0 2 2 0 0 2 2 2 2 2 2 2 2 0 0 2 2 2 2 2 0 2 2 2 2 2 0 2 2 2 2 0 2 2 2 2 2 2 2 0 2 0 2 2 2 2 2 2 2 2 2 2 2 2 0 2 0 2 0 2 2 2 2 2 2 2 2 2 2 2 0 0 2 2 2 2 0 0 2 2 2 2 2 2 0 2 2 2 2 2 2 2 0 2 2 2 2 2 2 2 2 2 2 1 2 2 2 2 2 2 2 2 2 2 2 2 2 2 2 2 2 2 2 2 2 2 2 2 2 2 2 2 2 2 2 2 2 2 2 2 2 2 0 2 2 2 2 2 2 2 2 2 2 2 2 2 2 2 2 2 2 2 2 2 0 2 2 0 2 2 2 2 0 2 2 2 0 2 2 2 2 2 2 2 2 2 0 2 2 2 2 2 2 2 2 0 2 2 2 2
423 0 0 2 2 2 2 2 2 2 0 2 2 2 0 2 2 2 2 2 2 2 2 2 0 2 2 2 2 2 2 2 2 2 2 2 1 2 0 2 1 2 2 2 2 0 2 2 2 2 2 2 2 2 2 2 2 2 0 2 2 2 0 2 2 2 2 0 2 2 2 2 2 2 2 2 2 2 2 2 2 2 2 2 2 2 2 2 2 2 2 2 2 2 2 2 2 2 2 2 2 2 2 0 2 2 2 2 2 2 0 2 2 2 0 2 2 2 2 2 2 2 2 2 2 2 2 2 2 2 2 2 2 2 2 2 2 2 2 2 2 2 2 2 2 2 2 2 2 2 2 2 2 2 2 2 2 2 2 2 0 2 2 2 2 2 2 2 2 2 0 2 2 2 2 2 2 2 2 0 0 2 2 2 2 2 2 2 2 2 0 1 2 2 2 2 2 2 2 2 2 2 2 2 2 2 2 2 2 2 2 2 2 2 2 2 2 2 2 2 2 2 2 2 2 2 2 2 2 2 2 2 2 0 2 2 2 2 0 2 2 2 2 2 2 2
424 0 0 2 2 2 2 2 2 2 0 2 2 2 0 2 2 2 2 2 0 2 0 2 0 2 2 2 0 2 2 2 0 2 2 2 1 2 0 2 2 2 2 2 2 0 2 2 2 2 2 2 2 2 2 2 2 2 0 2 2 2 0 2 2 2 2 0 2 2 2 2 2 2 2 2 2 2 2 2 2 2 2 2 2 2 2 2 2 2 2 2 2 2 2 2 2 2 2 2 2 2 2 0 2 2 2 2 2 2 0 2 2 2 0 2 2 2 2 2 2 2 2 2 2 2 2 2 2 2 2 2 2 2 2 2 2 2 2 2 2 2 2 2 2 2 2 2 2 2 2 2 2 2 2 2 2 2 2 2 0 2 2 2 2 2 2 2 2 2 0 2 2 2 2 2 2 2 2 0 0 2 2 2 2 2 2 2 2 2 0 1 2 2 2 2 2 2 2 2 2 2 2 2 2 2 2 2 2 2 2 2 2 2 2 2 2 2 2 2 2 2 2 2 2 2 2 2 2 2 2 2 2 0 2 2 2 2 0 2 2 2 2 2 2 2
425 0 0 2 2 2 2 2 2 2 0 2 2 2 0 2 2 2 2 2 2 2 2 2 0 2 2 2 2 2 2 2 2 2 2 2 1 2 0 2 2 2 2 2 2 0 2 2 2 2 2 2 2 2 2 2 2 2 0 2 2 2 0 2 2 2 2 0 2 2 2 2 2 2 2 2 2 2 2 2 2 2 2 2 2 2 2 2 2 2 2 2 2 2 2 2 2 2 2 2 2 2 2 0 2 2 2 2 2 2 0 2 2 2 0 2 2 2 2 2 2 2 2 2 2 2 2 2 2 2 2 2 2 2 2 2 2 2 2 2 2 2 2 2 2 2 2 2 2 2 2 2 2 2 2 2 2 2 2 2 0 2 2 2 2 2 2 2 2 2 0 2 2 2 2 2 2 2 2 0 0 2 2 2 2 2 2 2 2 2 0 1 2 2 2 2 2 2 2 2 2 2 2 2 2 2 2 2 2 2 2 2 2 2 2 2 2 2 2 2 2 2 2 2 2 2 2 2 2 2 2 2 2 0 2 2 2 2 0 2 2 2 2 2 2 2
426 0 0 2 2 2 2 2 2 2 0 2 2 2 0 2 2 2 2 2 2 2 2 2 0 2 2 2 2 2 2 2 2 2 2 2 1 2 0 2 2 2 2 2 2 0 2 2 2 2 2 2 2 2 2 2 2 2 0 2 2 2 0 2 2 2 2 0 2 2 2 2 2 2 2 2 2 2 2 2 2 2 2 2 2 2 2 2 2 2 2 2 2 2 2 2 2 2 2 2 2 2 2 0 2 2 2 2 2 2 0 2 2 2 0 2 2 2 2 2 2 2 2 2 2 2 2 2 2 2 2 2 2 2 2 2 2 2 2 2 2 2 2 2 2 2 2 2 2 2 2 2 2 2 2 2 2 2 2 2 0 2 2 2 2 2 2 2 2 2 0 2 2 2 2 2 2 2 2 0 0 2 2 2 2 2 2 2 2 2 0 1 2 2 2 2 2 2 2 2 2 2 2 2 2 2 2 2 2 2 2 2 2 2 2 2 2 2 2 2 2 2 2 2 2 2 2 2 2 2 2 2 2 0 2 2 2 2 0 2 2 2 2 2 2 2
427 2 2 2 2 2 2 2 0 2 2 2 2 2 2 2 2 2 2 2 2 2 2 2 2 2 2 2 2 2 2 2 2 2 0 2 2 2 2 2 2 2 2 2 0 2 2 2 2 2 2 2 2 2 0 2 2 0 2 2 2 2 2 2 2 2 2 2 2 2 2 2 2 2 2 2 2 2 2 0 2 2 0 2 2 2 2 2 2 0 2 2 2 2 0 0 2 2 2 0 2 2 2 2 2 0 2 2 2 2 2 2 2 0 2 2 2 2 0 2 2 2 2 2 0 2 2 2 2 2 2 2 2 2 2 2 2 2 2 2 2 2 2 2 0 2 2 2 0 1 2 2 0 2 2 2 0 2 2 0 2 0 2 0 2 2 2 2 2 0 2 2 2 2 0 2 2 2 2 2 2 2 2 0 2 0 2 2 2 2 2 2 2 2 2 2 2 2 2 2 0 2 2 2 2 2 2 2 2 2 2 2 2 2 2 2 2 2 2 2 2 2 2 2 2 2 2 2 2 2 2 2 2 2 2 2 2 2 2 2 2 2 2 2 2 2
428 2 2 2 2 2 2 2 2 2 2 2 2 2 2 2 2 2 2 2 2 2 2 2 2 2 2 2 2 2 2 2 2 2 0 2 2 2 2 2 2 2 2 2 0 2 2 2 2 2 2 2 2 2 0 2 2 0 2 2 2 2 2 2 2 2 2 2 2 2 2 2 2 2 2 2 2 2 2 0 2 2 0 2 2 2 2 2 2 0 2 2 2 2 0 2 2 2 2 2 2 2 2 2 2 0 2 2 2 2 2 2 2 2 2 2 2 2 0 2 2 2 2 2 0 2 2 2 2 2 2 2 2 2 2 2 2 2 2 2 2 1 2 2 0 2 2 2 2 2 2 2 0 2 2 2 0 2 2 0 2 2 2 0 2 2 2 2 2 0 2 2 2 2 2 2 2 2 2 2 2 2 2 0 2 2 2 2 2 2 2 2 2 2 2 2 2 2 2 2 0 2 2 2 2 2 2 1 2 2 2 2 2 2 2 2 2 2 2 2 2 2 2 2 2 2 2 2 2 2 2 2 2 2 2 2 2 2 2 2 2 2 2 2 2 2
429 0 2 2 2 2 2 2 2 2 0 2 2 2 0 2 2 2 2 2 2 2 2 2 0 2 2 2 2 2 2 2 2 2 2 2 2 2 2 2 2 2 2 2 2 0 2 2 2 2 2 2 2 2 2 2 2 2 2 2 2 2 0 2 2 2 2 2 2 2 2 2 2 2 2 2 2 2 2 2 2 2 2 2 2 2 2 2 2 2 2 2 2 2 2 2 2 2 2 2 2 2 2 2 2 2 2 2 2 2 2 2 2 2 0 2 2 2 2 2 2 2 2 2 2 2 2 2 2 2 2 2 2 2 2 2 2 2 2 2 2 2 2 2 2 2 2 2 2 2 2 2 2 2 2 2 2 2 2 2 0 2 2 2 2 2 2 2 2 2 0 2 2 2 2 2 2 2 2 0 0 2 2 2 2 2 2 2 2 2 0 1 2 2 2 2 2 2 2 2 2 2 2 2 2 2 2 2 2 2 2 2 2 2 2 2 2 2 2 2 2 2 2 2 2 2 2 2 2 2 2 2 2 0 2 2 2 2 0 2 2 2 2 2 2 2
430 1 1 2 2 2 2 2 2 2 1 2 2 2 1 2 2 2 2 2 1 2 1 2 1 2 2 2 1 2 2 2 1 2 2 2 1 2 1 2 2 2 2 2 2 1 2 2 2 2 2 2 2 2 2 2 2 2 1 2 2 2 1 2 2 2 2 1 2 2 2 2 2 2 2 2 2 2 2 2 2 2 2 2 2 2 2 2 2 2 2 2 2 2 2 2 2 2 2 2 2 2 2 1 2 2 2 2 2 2 1 2 2 2 1 2 2 2 2 2 2 2 2 2 2 2 2 2 2 2 2 2 2 2 2 2 2 2 2 2 2 2 2 2 2 2 2 2 2 2 2 2 2 2 2 2 2 2 2 2 1 2 2 2 2 2 2 2 2 2 1 2 2 2 2 2 2 2 2 1 1 2 2 2 2 2 2 2 2 2 1 2 2 2 2 2 2 2 2 2 2 2 2 2 2 2 2 2 2 2 2 2 2 2 2 2 2 2 2 2 2 2 2 2 2 2 2 2 2 2 2 2 2 1 2 2 2 2 1 2 2 2 2 2 2 2
431 2 2 2 2 2 2 2 2 2 2 2 2 2 2 2 2 0 2 2 2 2 2 2 2 2 2 0 2 2 2 2 2 2 2 2 1 2 2 2 2 2 2 2 2 2 2 2 2 2 2 2 2 2 2 2 2 2 2 2 2 2 2 2 2 2 2 2 2 2 2 2 2 2 2 0 2 2 2 2 2 2 2 2 2 2 0 2 2 2 2 0 2 2 2 2 2 2 2 2 2 2 2 2 2 2 2 0 2 2 2 2 2 2 2 2 2 2 2 2 2 2 2 2 2 2 2 2 2 0 2 2 2 2 2 2 0 2 2 2 0 2 0 0 2 2 2 2 2 2 2 2 2 2 2 2 2 2 2 2 2 2 2 2 0 0 0 0 2 2 2 2 2 0 2 0 2 2 2 2 2 0 2 2 0 2 2 2 2 2 2 2 0 2 2 2 0 2 2 2 2 2 0 2 2 2 2 2 2 2 2 0 2 2 2 2 2 2 2 2 2 2 2 2 2 2 2 0 2 2 2 2 2 2 2 2 2 2 2 2 2 2 2 2 2 0
432 2 2 2 2 2 2 2 2 2 2 2 2 2 2 0 2 0 2 2 2 2 2 2 2 2 2 0 2 2 2 2 2 2 2 0 1 2 2 2 2 2 2 2 2 2 2 2 2 2 2 2 2 2 2 2 2 2 2 2 2 2 2 2 2 2 2 2 2 2 2 2 2 2 2 0 2 2 2 2 2 0 2 2 2 2 0 2 2 2 0 0 2 2 2 2 2 0 2 2 2 0 2 2 2 2 2 0 2 0 2 2 2 2 2 2 2 2 2 2 2 0 2 2 2 2 2 2 0 0 2 2 2 0 2 2 0 0 2 2 0 2 0 0 2 2 0 2 2 1 2 2 2 2 0 2 2 0 0 2 2 2 0 2 0 0 0 0 2 2 2 0 0 0 2 0 2 2 0 2 2 0 2 2 0 2 0 2 2 0 2 2 0 2 2 0 0 2 2 0 2 2 0 0 2 2 0 2 0 2 2 0 2 2 2 2 2 0 2 2 2 2 2 2 2 0 2 0 0 2 2 0 2 2 0 2 2 2 2 2 0 2 0 0 0 0
433 0 0 0 0 0 0 2 0 0 0 0 0 0 0 0 0 0 0 0 0 0 0 0 0 2 0 0 0 0 0 0 0 2 0 0 0 0 0 0 0 0 0 0 0 0 0 0 0 0 0 0 0 2 0 0 0 0 0 0 0 0 0 2 2 2 0 0 2 2 2 0 0 2 2 0 0 0 0 0 0 0 0 2 2 0 0 0 2 0 0 0 0 2 0 0 2 0 0 0 0 0 0 0 0 0 0 0 2 0 0 2 2 0 0 0 0 0 0 2 2 0 0 0 0 2 2 0 0 0 0 2 2 0 2 0 0 0 0 2 0 0 0 0 0 2 0 0 0 0 0 2 0 0 0 2 0 0 0 0 0 0 0 0 0 0 0 0 1 0 0 0 0 0 0 0 2 2 0 0 0 0 0 0 0 0 0 2 0 0 0 1 0 2 0 0 0 2 2 0 0 0 0 0 2 0 0 2 0 0 0 0 2 0 2 2 2 0 0 2 2 2 0 2 2 0 2 0 0 2 2 0 0 0 0 2 2 0 0 2 0 0 0 0 0 0
434 2 2 2 2 2 2 2 2 2 2 2 2 2 2 2 2 2 2 2 2 2 2 2 2 2 2 2 2 2 2 2 2 2 0 2 2 2 2 2 2 2 2 2 0 2 2 2 2 2 2 2 2 2 0 2 2 0 2 2 2 2 2 2 2 2 2 2 2 2 2 2 2 2 2 2 2 2 2 0 2 2 0 2 2 2 2 2 2 0 2 2 2 2 0 2 2 2 2 2 2 2 2 2 2 0 2 2 2 2 2 2 2 2 2 2 2 2 0 2 2 2 2 2 0 2 2 2 2 2 2 2 2 2 2 2 2 2 2 2 2 2 2 2 0 2 2 2 2 2 2 2 0 2 2 2 0 2 2 0 2 2 2 0 2 2 2 2 2 0 2 2 2 2 2 2 2 2 2 2 2 2 2 0 2 2 2 2 2 2 2 2 2 2 2 2 2 2 2 2 0 2 2 2 2 2 2 2 2 2 2 2 2 2 2 2 2 2 2 2 2 2 2 2 2 2 2 2 2 2 2 2 2 2 2 2 2 2 2 2 2 2 2 2 2 2
435 2 2 2 2 2 2 2 2 2 2 2 2 2 2 2 2 2 2 2 2 2 2 2 2 2 2 2 2 2 2 2 2 2 2 2 2 2 2 2 2 2 2 2 2 2 2 2 2 2 2 2 2 2 2 2 2 2 2 2 2 2 2 2 2 2 2 2 2 2 2 2 2 2 2 2 2 2 2 2 2 0 2 2 2 2 2 2 2 2 2 2 2 2 2 2 2 0 2 2 2 2 2 2 2 2 2 2 2 0 2 2 2 2 2 2 2 2 2 2 2 0 2 2 2 2 2 2 0 2 2 2 2 2 2 2 2 2 2 2 2 2 2 2 2 2 2 2 2 2 2 2 2 2 2 2 2 0 0 2 2 2 2 2 2 2 2 2 2 2 2 2 2 2 2 2 2 2 2 2 2 2 2 2 2 2 2 2 2 2 2 2 2 2 2 2 2 2 2 0 2 2 2 0 2 2 2 2 0 2 2 2 2 2 2 2 2 0 2 2 2 2 2 2 2 2 2 2 2 2 2 0 2 2 2 2 2 2 2 2 0 2 2 0 2 2
436 2 2 2 2 2 2 2 0 2 2 2 2 2 2 0 2 0 2 0 2 2 2 2 2 2 2 0 2 2 0 2 2 2 0 0 1 2 2 2 2 2 0 0 0 2 2 0 0 2 2 2 0 2 0 2 2 0 2 2 2 2 2 2 2 2 2 2 2 2 2 0 2 2 2 0 0 2 2 0 0 0 0 2 2 2 0 2 2 0 0 0 2 2 0 0 2 0 0 0 2 0 2 2 2 0 0 0 2 0 2 2 2 0 2 2 2 2 0 2 2 0 2 2 0 2 2 2 0 0 2 2 2 0 2 0 0 0 2 2 0 0 0 0 0 2 0 0 0 1 0 2 0 0 0 2 0 0 0 0 2 0 0 0 0 0 0 0 2 0 2 0 0 0 0 0 2 2 0 2 2 0 0 0 0 0 0 2 2 0 2 2 0 2 0 0 0 2 2 0 0 0 0 0 2 0 0 2 0 0 2 0 2 2 2 2 2 0 2 2 2 2 2 2 2 0 2 0 0 2 2 0 2 2 0 2 2 0 2 2 0 2 0 0 0 0
437 2 2 2 2 2 2 2 2 2 2 2 2 2 2 2 2 2 2 2 2 2 2 2 2 2 2 2 2 2 2 2 2 2 0 2 2 2 2 2 2 2 2 2 2 2 2 2 2 2 2 2 2 2 0 2 2 0 2 2 2 2 2 2 2 2 2 2 2 2 2 2 2 2 2 2 2 2 2 0 2 2 0 2 2 2 2 2 2 0 2 2 2 2 1 2 2 2 2 2 2 2 2 2 2 0 2 2 2 2 2 2 2 2 2 2 2 2 0 2 2 2 2 2 2 2 2 2 2 2 2 2 2 2 2 2 2 2 2 2 2 2 2 2 0 2 2 2 2 2 2 2 2 2 2 2 0 2 2 0 2 2 2 0 2 2 2 2 2 0 2 2 2 2 2 2 2 2 2 2 2 2 2 0 2 2 2 2 2 2 2 2 2 2 2 2 2 2 2 2 0 2 2 2 2 2 2 2 2 2 2 2 2 2 2 2 2 2 2 2 2 2 2 2 2 2 2 2 2 2 2 2 2 2 2 2 2 2 2 2 2 2 2 2 2 2
438 2 2 2 2 2 2 2 2 2 2 2 2 2 2 2 2 2 2 2 2 2 2 2 2 2 2 2 2 2 2 2 2 2 2 0 2 2 2 2 2 2 2 2 2 2 2 2 2 2 2 2 2 2 2 2 2 2 2 2 2 2 2 2 2 2 2 2 2 2 2 2 2 2 2 2 2 2 2 2 2 0 2 2 2 2 2 2 2 2 0 2 2 2 2 2 2 0 2 2 2 2 2 2 2 2 2 2 2 0 2 2 2 2 2 2 2 2 2 2 2 0 2 2 2 2 2 2 0 2 2 2 2 2 2 2 2 2 2 2 2 2 2 2 2 2 2 2 2 2 2 2 2 2 2 2 2 0 0 2 2 2 2 2 2 2 2 2 2 2 2 2 2 2 2 2 2 2 2 2 2 2 2 2 2 2 2 2 2 2 2 2 2 2 2 2 2 2 2 0 2 2 2 0 2 2 2 2 0 2 2 2 2 2 2 2 2 0 2 2 2 2 2 2 2 2 2 2 2 2 2 0 2 2 2 2 2 2 2 2 0 2 2 0 2 2
439 2 2 2 2 2 2 2 2 2 2 2 2 2 2 0 2 0 2 0 2 2 2 2 2 2 2 0 2 2 0 2 2 2 2 0 2 2 2 2 2 2 0 2 2 2 2 2 0 2 2 2 2 2 2 2 2 2 2 2 2 2 2 2 2 2 2 2 2 2 2 2 2 2 2 0 0 2 2 2 2 0 2 2 2 2 0 2 2 2 0 0 2 2 2 2 2 0 2 2 2 0 2 2 2 2 2 0 2 0 2 2 2 2 2 2 2 2 2 2 2 0 2 2 2 2 2 2 0 0 2 2 2 0 2 2 0 0 2 2 0 0 0 0 2 2 0 2 2 1 2 2 2 2 0 2 2 0 0 2 2 2 0 2 0 0 0 0 2 2 2 0 0 0 2 0 2 2 0 2 2 0 2 2 0 2 0 2 2 0 2 2 0 2 2 0 0 2 2 0 2 2 0 0 2 2 0 2 0 2 2 0 2 2 2 2 2 0 2 2 2 2 2 2 2 0 2 0 0 2 2 0 2 2 0 2 2 2 2 2 0 2 0 0 0 0
440 2 2 0 0 0 0 2 2 0 2 0 0 0 2 0 0 0 0 0 2 0 2 0 2 2 0 0 2 0 0 0 2 2 2 0 1 0 2 0 0 0 0 0 2 2 0 0 0 0 0 0 0 2 2 0 0 2 2 0 0 0 2 2 2 2 0 2 2 2 2 0 0 2 2 0 0 0 0 2 0 0 2 2 2 0 0 0 2 2 0 0 0 2 2 2 2 0 0 2 0 0 0 2 0 2 0 0 2 0 2 2 2 2 2 0 0 0 2 2 2 0 0 0 2 2 2 0 0 0 0 2 2 0 2 0 0 0 0 2 0 0 0 0 2 2 0 0 2 1 0 2 2 0 0 2 2 0 0 2 2 2 0 2 0 0 0 0 2 2 2 0 0 0 2 0 2 2 0 2 2 0 0 2 0 2 0 2 0 0 2 2 0 2 0 0 0 2 2 0 2 0 0 0 2 0 0 2 0 0 0 0 2 0 2 2 2 0 0 2 2 2 0 2 2 0 2 0 0 2 2 0 0 2 0 2 2 0 2 2 0 0 0 0 0 0
441 2 2 0 2 2 2 2 2 2 2 2 2 2 2 2 2 2 0 2 2 2 2 2 2 2 2 2 2 0 2 2 2 2 2 2 2 2 2 2 0 2 2 2 2 2 0 2 2 0 0 2 2 2 2 2 2 2 2 0 0 2 2 2 2 2 2 2 2 2 2 2 2 2 2 2 2 0 2 2 2 2 2 2 2 2 2 0 2 2 2 2 2 2 2 2 2 2 2 2 0 2 2 2 0 2 2 2 2 2 2 2 2 2 2 2 2 2 2 2 2 2 2 2 2 2 2 2 2 2 2 2 2 2 2 2 2 2 2 2 2 2 2 2 2 2 2 2 2 2 2 2 2 2 2 2 2 2 2 2 2 2 2 2 2 2 2 2 2 2 2 2 2 2 2 2 2 2 2 2 2 2 2 2 2 2 2 2 2 2 2 2 2 2 2 2 2 2 2 2 2 2 2 2 2 2 2 2 2 2 2 2 2 0 2 2 2 2 2 2 2 2 2 2 2 2 2 2 2 2 2 2 2 2 2 2 2 2 2 2 2 2 2 2 2 2
442 2 2 2 2 2 2 2 2 2 2 2 2 2 2 2 2 2 2 2 2 2 2 2 2 2 2 2 2 2 2 2 2 2 2 2 2 2 2 2 2 2 2 2 2 2 2 2 2 2 2 2 2 2 2 2 2 2 2 2 2 2 2 2 2 2 2 2 2 2 2 2 2 2 2 2 2 2 2 2 2 2 2 2 2 2 2 2 2 2 2 2 2 2 2 2 2 2 2 2 2 0 2 2 2 2 2 2 2 2 2 2 2 2 2 2 2 2 2 2 2 2 2 2 2 2 2 2 2 2 2 2 2 0 2 2 2 0 2 2 2 2 2 2 2 2 2 2 2 2 2 2 2 2 0 2 2 2 2 2 2 2 2 2 2 2 2 2 2 2 2 2 2 2 2 2 2 2 0 2 2 2 2 2 2 2 0 2 2 0 2 2 2 2 2 0 2 2 2 2 2 2 2 2 2 2 0 2 2 2 2 2 2 2 2 2 2 2 2 2 2 2 2 2 2 2 2 2 0 2 2 2 2 2 0 2 2 2 2 2 2 2 0 2 0 2
443 2 2 0 2 2 2 2 2 2 2 2 2 2 2 0 2 0 0 2 2 2 2 2 2 2 2 0 2 0 2 2 2 2 2 0 1 2 2 2 2 2 2 2 2 2 0 2 2 0 2 2 2 2 2 2 2 2 2 0 2 2 2 2 2 2 2 2 2 2 2 2 2 2 2 0 2 0 2 2 2 0 2 2 2 2 0 0 2 2 0 0 2 2 2 2 2 0 2 2 0 0 2 2 2 2 2 0 2 0 2 2 2 2 2 2 2 2 2 2 2 0 2 2 2 2 2 2 0 0 2 2 2 0 2 2 0 0 2 2 0 2 0 0 2 2 0 2 2 1 2 2 2 2 0 2 2 0 0 2 2 2 0 2 0 0 0 0 2 2 2 0 0 0 2 0 2 2 0 2 2 0 2 2 0 2 0 2 2 0 2 2 0 2 2 0 0 2 2 0 2 2 0 0 2 2 0 2 0 2 2 0 2 0 2 2 2 0 2 2 2 2 2 2 2 0 2 0 0 2 2 0 2 2 0 2 2 2 2 2 0 2 0 0 0 0
444 2 2 2 2 2 2 0 2 2 2 2 2 2 2 2 2 2 2 2 2 2 2 2 2 0 2 2 2 2 2 2 2 0 2 2 2 2 2 2 2 2 2 2 2 2 2 2 2 2 2 2 2 2 2 2 2 2 2 2 2 2 2 0 2 2 2 2 2 2 0 2 2 0 2 2 2 2 2 2 2 2 2 0 0 2 2 2 0 2 2 2 2 0 2 2 0 2 2 2 2 2 2 2 2 2 2 2 2 2 2 0 0 2 2 2 2 2 2 0 0 2 2 2 2 0 0 2 2 2 2 2 0 2 0 2 2 2 2 2 2 2 2 2 2 2 2 2 2 2 2 0 2 2 2 0 2 2 2 2 2 2 2 2 2 2 2 2 2 2 2 2 2 2 2 2 0 2 2 2 2 2 2 2 2 2 2 0 2 2 2 1 2 0 2 2 2 0 0 2 2 2 2 2 0 2 2 0 2 2 2 2 0 2 2 0 2 2 2 0 2 2 2 2 0 2 0 2 2 0 2 2 2 2 2 0 2 2 2 0 2 2 2 2 2 2
445 2 2 2 2 2 2 2 2 2 2 2 2 2 2 2 2 2 2 2 2 2 2 2 2 2 2 2 2 2 2 0 2 2 2 2 2 2 2 2 2 2 2 2 2 2 2 2 2 2 2 2 2 2 2 2 2 2 2 2 2 2 2 2 2 2 2 2 2 2 2 2 2 2 2 2 2 2 2 2 0 2 2 2 2 2 2 2 2 2 2 2 2 2 2 2 2 2 0 2 2 2 2 2 2 2 0 2 2 2 2 2 2 2 2 2 0 2 2 2 2 2 0 0 2 2 2 2 2 2 2 2 2 2 2 0 2 2 2 2 2 2 2 2 2 2 2 2 2 2 0 2 2 2 2 2 2 2 2 2 2 2 2 2 2 2 2 2 2 2 2 2 2 2 2 2 2 2 2 2 2 2 0 2 2 2 2 2 2 2 2 2 2 2 0 2 2 2 2 2 2 0 2 2 2 0 2 2 2 2 2 2 2 2 2 2 2 2 2 2 2 2 2 2 2 2 2 2 2 2 2 2 2 2 2 2 2 0 2 2 2 2 2 2 2 2
446 2 2 0 0 0 0 2 0 0 2 0 0 0 2 1 0 0 0 0 2 0 2 0 2 2 0 0 2 0 0 0 2 2 0 0 1 0 2 0 0 0 0 0 0 2 0 0 0 0 0 0 0 2 0 0 0 0 2 0 0 0 2 2 2 2 1 2 2 2 2 0 0 2 2 0 0 0 0 0 0 0 0 2 2 0 0 0 2 0 0 0 0 2 0 0 2 0 0 0 0 0 0 2 0 0 0 0 2 0 2 2 2 0 2 0 0 0 0 2 2 0 0 0 0 2 2 0 0 0 0 2 2 0 2 0 0 0 0 2 0 0 0 0 0 2 0 0 0 0 0 2 0 0 0 2 0 0 0 0 2 0 0 0 0 0 0 0 2 0 2 0 0 0 0 0 2 2 0 2 2 0 0 0 0 0 0 2 0 0 2 2 0 2 0 0 0 2 2 0 0 0 0 0 2 0 0 2 0 0 0 0 2 0 2 2 2 0 0 2 2 2 0 2 2 0 2 0 0 2 0 0 0 2 0 2 2 0 2 2 0 0 0 0 0 0
447 2 2 0 0 0 0 2 0 0 2 0 0 0 2 0 0 0 0 0 2 0 2 0 2 2 0 0 2 0 0 0 2 2 0 0 1 0 2 0 0 0 0 0 0 2 0 0 0 0 0 0 0 2 0 0 0 0 2 0 0 0 2 2 2 2 0 2 2 2 2 0 0 2 2 0 0 0 0 0 0 0 0 2 2 0 0 0 2 0 0 0 0 2 0 0 2 0 0 0 0 0 0 2 0 0 0 0 2 0 2 2 2 0 2 0 0 0 0 2 2 0 0 0 0 2 2 0 0 0 0 2 2 0 2 0 0 0 0 2 0 0 0 0 0 2 0 0 0 0 0 2 0 0 0 2 0 0 0 0 2 0 0 0 0 0 0 0 1 0 2 0 0 0 0 0 2 2 0 2 2 0 0 0 0 0 0 2 0 0 2 2 0 2 0 0 0 2 2 0 0 0 0 0 2 0 0 2 0 0 0 0 2 0 2 2 2 0 0 2 2 2 0 2 2 0 2 0 0 2 0 0 0 2 0 2 2 0 2 2 0 0 0 0 0 0
448 2 2 2 2 2 2 2 0 2 2 2 2 2 2 2 2 2 2 2 2 2 2 2 2 2 2 2 2 2 2 2 2 2 0 2 2 2 2 2 2 2 2 0 0 2 2 0 2 2 2 2 0 2 0 2 2 0 2 2 2 2 2 2 2 2 2 2 2 2 2 0 2 2 2 2 2 2 2 0 0 2 0 2 2 2 2 2 2 0 2 2 2 2 0 0 2 2 0 0 2 2 2 2 2 0 2 2 2 2 2 2 2 0 2 2 2 2 0 2 2 2 2 2 0 2 2 2 2 2 2 2 2 2 2 0 2 2 2 2 2 2 2 2 0 2 2 0 0 1 2 2 0 0 2 2 0 2 2 0 2 0 2 0 2 2 2 2 1 0 2 2 2 2 0 2 2 2 2 2 2 2 0 0 2 0 2 2 2 2 2 2 2 2 0 2 2 2 2 2 0 0 2 2 2 0 2 2 2 0 2 2 2 2 2 2 2 2 2 2 2 2 2 2 2 2 2 2 2 2 0 2 2 2 2 2 2 0 2 2 2 2 2 2 2 2
449 2 2 2 2 2 2 2 2 2 2 2 2 2 2 2 2 2 2 2 2 2 2 2 2 2 2 2 2 2 2 2 2 2 2 0 2 2 2 2 2 2 2 2 2 2 2 2 2 2 2 2 2 2 2 2 2 2 2 2 2 2 2 2 2 2 2 2 2 2 2 2 2 2 2 2 2 2 2 2 2 0 2 2 2 2 2 2 2 2 0 2 2 2 2 2 2 0 2 2 2 2 2 2 2 2 2 2 2 0 2 2 2 2 2 2 2 2 2 2 2 0 2 2 2 2 2 2 0 2 2 2 2 2 2 2 2 2 2 2 2 2 2 2 2 2 2 2 2 2 2 2 2 2 2 2 2 0 0 2 2 2 2 2 2 2 2 2 2 2 2 2 2 2 2 2 2 2 2 2 2 2 2 2 2 2 2 2 2 2 2 2 2 2 2 2 2 2 2 0 2 2 2 0 2 2 2 2 0 2 2 2 2 2 2 2 2 0 2 2 2 2 2 2 2 2 2 2 2 2 2 0 2 2 2 2 2 2 2 2 0 2 2 0 2 2
450 2 2 2 2 2 2 0 2 2 2 2 2 2 2 2 2 2 2 2 2 2 2 2 2 0 2 2 2 2 2 2 2 0 2 2 2 2 2 2 2 2 2 2 2 2 2 2 2 2 2 2 2 0 2 2 2 2 2 2 2 2 2 0 2 0 2 2 0 2 0 2 2 0 0 2 2 2 2 2 2 2 2 0 0 2 2 2 0 2 2 2 2 0 2 2 0 2 2 2 2 2 2 2 2 2 2 2 0 2 2 0 0 2 2 2 2 2 2 0 0 2 2 2 2 0 0 2 2 2 2 0 0 2 0 2 2 2 2 0 2 2 2 2 2 0 2 2 2 2 2 0 2 2 2 0 2 2 2 2 2 2 2 2 2 2 2 2 2 2 2 2 2 2 2 2 0 0 2 2 2 2 2 2 2 2 2 0 2 2 2 1 2 0 2 2 2 0 0 2 2 2 2 2 0 2 2 0 2 2 2 2 0 2 0 0 0 2 2 0 2 0 2 0 0 2 0 2 2 0 2 2 2 2 2 0 2 2 2 0 2 2 2 2 2 2
451 2 2 2 2 2 2 2 2 2 2 2 2 2 2 0 2 0 2 0 2 2 2 2 2 2 2 0 2 2 0 2 2 2 2 0 1 2 2 2 2 2 0 2 2 2 2 2 0 2 2 2 2 2 2 2 2 2 2 2 2 2 2 2 2 2 2 2 2 2 2 2 2 2 2 0 0 2 2 2 2 0 2 2 2 2 0 2 2 2 0 0 2 2 2 2 2 0 2 2 2 0 2 2 2 2 2 0 2 0 2 2 2 2 2 2 2 2 2 2 2 0 2 2 2 2 2 2 0 0 2 2 2 0 2 2 0 0 2 2 0 0 0 0 2 2 0 2 2 1 2 2 2 2 0 2 2 0 0 2 2 2 0 2 0 0 0 0 2 2 2 0 0 0 2 0 2 2 0 2 2 0 2 2 0 2 0 2 2 0 2 2 0 2 2 0 0 2 2 0 2 2 0 0 2 2 0 2 0 2 2 0 2 2 2 2 2 0 2 2 2 2 2 2 2 0 2 0 0 2 2 0 2 2 0 2 2 2 2 2 0 2 0 0 0 0
452 2 2 2 2 2 2 2 0 2 2 2 2 2 2 2 2 2 2 2 2 2 2 2 2 2 2 2 2 2 2 2 2 2 0 2 2 2 2 2 2 2 2 0 0 2 2 0 2 2 2 2 0 2 0 2 2 0 2 2 2 2 2 2 2 2 2 2 2 2 2 0 2 2 2 2 2 2 2 0 2 2 0 2 2 2 2 2 2 0 2 2 2 2 0 0 2 2 2 0 2 2 2 2 2 0 2 2 2 2 2 2 2 0 2 2 2 2 0 2 2 2 2 2 0 2 2 2 2 2 2 2 2 2 2 2 2 2 2 2 2 2 2 2 0 2 2 0 0 1 2 2 0 0 2 2 0 2 2 0 2 0 2 0 2 2 2 2 2 0 2 2 2 2 0 2 2 2 2 2 2 2 2 0 2 0 2 2 2 2 2 2 2 2 2 2 2 2 2 2 0 2 2 2 2 2 2 2 2 0 2 2 2 2 2 2 2 2 2 2 2 2 2 2 2 2 2 2 2 2 0 2 2 2 2 2 2 2 2 2 2 2 2 2 2 2
453 2 2 2 2 2 2 2 2 2 2 2 2 2 2 2 2 2 2 2 2 2 2 2 2 2 2 2 2 2 2 2 2 2 0 2 2 2 2 2 2 2 2 2 0 2 2 2 2 2 2 2 2 2 0 2 2 0 2 2 2 2 2 2 2 2 2 2 2 2 2 2 2 2 2 2 2 2 2 0 2 2 0 2 2 2 2 2 2 0 2 2 2 2 0 0 2 2 2 2 2 2 2 2 2 0 2 2 2 2 2 2 2 2 2 2 2 2 0 2 2 2 2 2 0 2 2 2 2 2 2 2 2 2 2 2 2 2 2 2 2 2 2 2 0 2 2 2 2 1 2 2 0 2 2 2 0 2 2 0 2 2 2 0 2 2 2 2 1 0 2 2 2 2 2 2 2 2 2 2 2 2 2 0 2 2 2 2 2 2 2 2 2 2 2 2 2 2 2 2 0 2 2 2 2 2 2 2 2 2 2 2 2 2 2 2 2 2 2 2 2 2 2 2 2 2 2 2 2 2 2 2 2 2 2 2 2 2 2 2 2 2 2 2 2 2
454 2 2 2 2 2 2 2 2 2 2 2 2 2 2 2 2 0 2 2 2 2 2 2 2 2 2 0 2 2 2 2 2 2 2 2 1 2 2 2 2 2 2 2 2 2 2 2 2 2 2 2 2 2 2 2 2 2 2 2 2 2 2 2 2 2 2 2 2 2 2 2 2 2 2 0 2 2 2 2 2 2 2 2 2 2 0 2 2 2 2 0 2 2 2 2 2 2 2 2 2 2 2 2 2 2 2 0 2 2 2 2 2 2 2 2 2 2 2 2 2 2 2 2 2 2 2 2 2 0 2 2 2 2 2 2 0 2 2 2 0 2 0 0 2 2 2 2 2 2 2 2 2 2 0 2 2 2 2 2 2 0 2 2 0 0 0 0 2 2 2 2 2 0 0 0 2 2 0 2 2 0 2 2 0 0 2 2 2 2 2 2 0 2 2 2 0 2 2 2 2 2 0 2 2 2 2 2 2 2 2 0 2 2 2 2 2 2 2 2 2 2 2 2 2 2 2 0 2 2 2 2 2 2 2 2 2 2 2 2 2 2 2 2 2 0
455 2 2 2 2 2 2 2 2 2 2 2 2 2 2 2 2 2 2 2 2 2 2 2 2 2 2 2 2 2 2 2 2 2 2 0 2 2 2 2 2 2 2 2 2 2 2 2 2 2 2 2 2 2 2 2 2 2 2 2 2 2 2 2 2 2 2 2 2 2 2 2 2 2 2 2 2 2 2 2 2 0 2 2 2 2 2 2 2 2 0 2 2 2 2 2 2 0 2 2 2 0 2 2 2 2 2 2 2 0 2 2 2 2 2 2 2 2 2 2 2 0 2 2 2 2 2 2 0 2 2 2 2 0 2 2 2 0 2 2 2 2 2 2 2 2 2 2 2 2 2 2 2 2 2 2 2 0 0 2 2 2 2 2 2 2 2 2 2 2 2 2 2 2 2 2 2 2 2 2 2 2 2 2 2 2 0 2 2 0 2 2 2 2 2 0 2 2 2 0 2 2 2 0 2 2 0 2 0 2 2 2 2 2 2 2 2 0 2 2 2 2 2 2 2 2 2 2 0 2 2 0 2 2 0 2 2 2 2 2 0 2 0 0 0 2
456 2 2 2 2 2 2 2 2 2 2 2 2 2 2 2 2 0 2 2 2 2 2 2 2 2 2 0 2 2 2 2 2 2 2 2 1 2 2 2 2 2 2 2 2 2 2 2 2 2 2 2 2 2 2 2 2 2 2 2 2 2 2 2 2 2 2 2 2 2 2 2 2 2 2 0 2 2 2 2 2 2 2 2 2 2 0 2 2 2 2 0 2 2 2 2 2 2 2 2 2 2 2 2 2 2 2 0 2 2 2 2 2 2 2 2 2 2 2 2 2 2 2 2 2 2 2 2 2 0 2 2 2 2 2 2 0 2 2 2 0 2 0 0 2 2 2 2 2 2 2 2 2 2 0 2 2 2 2 2 2 2 2 2 0 0 0 0 2 2 2 2 2 0 2 0 2 2 0 2 2 0 2 2 0 2 2 2 2 2 2 2 0 2 2 2 0 2 2 2 2 2 0 2 2 2 2 2 2 2 2 0 2 2 2 2 2 2 2 2 2 2 2 2 2 2 2 0 2 2 2 2 2 2 2 2 2 2 2 2 2 2 2 2 2 0
457 2 2 2 2 2 2 2 2 2 2 2 2 2 2 0 2 0 2 2 2 2 2 2 2 2 2 0 2 2 2 2 2 2 2 0 1 2 2 2 2 2 2 2 2 2 2 2 2 2 2 2 2 2 2 2 2 2 2 2 2 2 2 2 2 2 2 2 2 2 2 2 2 2 2 0 2 2 2 2 2 0 2 2 2 2 0 2 2 2 0 0 2 2 2 2 2 0 2 2 2 0 2 2 2 2 2 0 2 0 2 2 2 2 2 2 2 2 2 2 2 0 2 2 2 2 2 2 0 0 2 2 2 0 2 2 0 0 2 2 0 2 0 0 2 2 0 2 2 1 2 2 2 2 0 2 2 0 0 2 2 2 0 2 0 0 0 0 2 2 2 0 0 0 2 0 2 2 0 2 2 0 2 2 0 2 0 2 2 0 2 2 0 2 2 0 0 2 2 0 2 2 0 0 2 2 0 2 0 2 2 0 2 2 2 2 2 0 2 2 2 2 2 2 2 0 2 0 0 2 2 0 2 2 0 2 2 2 2 2 0 2 0 0 0 0
458 2 2 2 2 2 0 2 2 2 2 2 2 2 2 1 0 0 2 2 2 2 2 2 2 2 0 0 2 2 2 2 2 2 2 1 1 2 2 2 2 2 2 2 2 2 2 2 2 2 2 2 2 2 2 2 2 2 2 2 2 2 2 2 2 2 2 2 2 2 2 2 2 2 2 0 2 2 2 2 2 1 2 2 2 2 0 2 2 2 1 0 2 2 2 2 2 1 2 2 2 0 0 2 2 2 2 0 2 1 2 2 2 2 2 2 2 0 2 2 2 1 2 2 2 2 2 2 1 0 0 2 2 0 2 2 0 0 0 2 0 2 0 0 2 2 1 2 2 1 2 2 2 2 0 2 2 1 1 2 2 2 1 2 0 0 0 0 2 2 2 1 1 0 2 0 2 2 0 2 2 0 2 2 0 2 0 2 0 0 2 2 0 2 2 0 0 2 2 1 2 2 0 1 2 2 0 2 1 2 2 0 2 2 2 2 2 1 1 2 2 2 0 2 2 1 2 0 0 2 2 1 0 2 0 2 2 2 2 2 1 0 0 1 0 0
459 2 2 2 2 2 2 2 2 2 2 2 2 2 2 2 2 2 2 2 2 2 2 2 2 2 2 2 2 2 2 2 2 2 2 0 2 2 2 2 2 2 2 2 2 2 2 2 2 2 2 2 2 2 2 2 2 2 2 2 2 2 2 2 2 2 2 2 2 2 2 2 2 2 2 2 2 2 2 2 2 0 2 2 2 2 2 2 2 2 0 2 2 2 2 2 2 0 2 2 2 2 2 2 2 2 2 2 2 0 2 2 2 2 2 2 2 2 2 2 2 0 2 2 2 2 2 2 0 2 2 2 2 2 2 2 2 2 2 2 2 2 2 2 2 2 2 2 2 2 2 2 2 2 2 2 2 0 0 2 2 2 2 2 2 2 2 2 2 2 2 2 2 2 2 2 2 2 2 2 2 2 2 2 2 2 2 2 2 2 2 2 2 2 2 2 2 2 2 0 2 2 2 0 2 2 2 2 0 2 2 2 2 2 2 2 2 0 2 2 2 2 2 2 2 2 2 2 2 2 2 0 2 2 2 2 2 2 2 2 0 2 2 0 2 2
460 2 2 2 2 2 0 2 0 2 2 2 2 2 2 0 0 0 2 2 2 2 2 2 2 2 0 0 2 2 2 2 2 2 0 0 2 2 2 2 2 2 2 0 0 2 2 0 2 2 2 2 0 2 0 2 2 0 2 2 2 2 2 2 2 2 2 2 2 2 2 0 2 2 2 0 2 2 2 0 2 0 0 2 2 2 0 2 2 0 0 0 2 2 0 0 2 0 2 0 2 0 0 2 2 0 2 0 2 0 2 2 2 0 2 2 2 0 0 2 2 0 2 2 0 2 2 2 0 0 0 2 2 0 2 2 0 0 0 2 0 2 0 0 0 2 0 0 0 0 2 2 0 0 0 2 0 0 0 0 2 0 0 0 0 0 0 0 2 0 2 0 0 0 0 0 2 2 0 2 2 0 2 0 0 0 0 2 1 0 1 2 0 2 2 0 0 2 2 0 0 2 0 0 2 2 0 2 0 0 2 0 2 2 2 2 2 0 1 2 2 2 0 2 2 0 2 0 0 2 0 0 0 2 0 2 2 2 2 2 0 0 0 0 0 0
461 0 0 2 2 2 2 2 2 2 2 2 2 2 0 2 2 2 2 2 2 2 2 2 0 2 2 2 2 2 2 2 2 2 2 2 1 2 0 2 2 2 2 2 2 0 2 2 2 2 2 2 2 2 2 2 2 2 0 2 2 2 0 2 2 2 2 0 2 2 2 2 2 2 2 2 2 2 2 2 2 2 2 2 2 2 2 2 0 2 2 2 2 2 2 2 2 2 2 2 2 2 2 0 2 2 2 2 2 2 0 2 2 2 0 2 2 2 2 2 2 2 2 2 2 2 2 2 2 2 2 2 2 2 2 2 2 2 2 2 2 2 2 2 2 2 2 2 2 2 2 2 2 2 2 2 2 2 2 2 0 2 2 2 2 2 2 2 2 2 0 2 2 2 2 2 2 2 2 0 0 2 2 2 2 2 2 2 2 2 0 1 2 0 2 2 2 2 2 2 2 2 2 2 2 2 2 2 2 2 2 2 2 2 2 2 2 2 2 2 2 2 2 2 0 2 2 2 2 2 2 2 2 0 2 2 2 2 0 2 2 2 2 2 2 2
462 2 2 2 2 1 0 2 2 2 2 2 2 2 2 0 1 0 2 2 2 2 2 2 2 2 0 0 2 2 2 2 2 2 2 0 1 2 2 2 2 2 2 2 2 2 2 2 2 2 2 2 2 2 2 2 2 2 2 2 2 2 2 2 2 2 2 2 2 2 2 2 2 2 2 0 2 2 2 2 2 0 2 2 2 2 0 2 2 2 0 0 2 2 2 2 2 0 2 2 2 0 0 2 2 2 2 0 2 0 2 2 2 2 2 2 2 0 2 2 2 0 2 2 1 2 2 2 0 0 0 2 2 0 2 2 0 0 0 2 0 2 0 0 2 2 0 2 2 1 2 2 2 2 0 2 2 0 0 2 2 2 0 2 0 0 0 0 2 2 2 0 0 0 1 0 2 2 0 2 2 0 2 2 0 2 0 2 0 0 2 2 0 2 2 0 0 2 2 0 2 2 0 0 2 2 0 2 0 2 2 0 2 2 2 2 2 0 1 2 2 2 0 2 2 0 2 0 0 2 2 0 0 2 0 2 2 2 2 2 0 0 0 0 0 0
463 2 2 2 2 2 2 2 0 2 2 2 2 2 2 2 2 2 2 2 2 2 2 2 2 2 2 2 2 2 2 2 2 2 0 2 2 2 2 2 2 2 2 0 0 2 2 0 2 2 2 2 0 2 0 2 2 0 2 2 2 2 2 2 2 2 2 2 2 2 2 0 2 2 2 2 2 2 2 0 2 2 0 2 2 2 2 2 2 0 2 2 2 2 0 0 2 2 2 0 2 2 2 2 2 0 2 2 2 2 2 2 2 0 2 2 2 2 0 2 2 2 2 2 0 2 2 2 2 2 2 2 2 2 2 2 2 2 2 2 2 2 2 2 0 2 2 0 0 1 2 2 0 0 2 2 0 2 2 0 2 0 2 0 2 2 2 2 1 0 2 2 2 2 0 2 2 2 2 2 2 2 2 0 2 0 2 2 2 2 2 2 2 2 2 2 2 2 2 2 0 2 2 2 2 2 2 2 2 0 2 2 2 2 2 2 2 2 2 2 2 2 2 2 2 2 2 2 2 2 0 2 2 2 2 2 2 2 2 2 2 2 2 2 2 2
464 2 2 2 2 2 0 2 2 2 2 2 2 2 2 2 0 2 2 2 2 2 2 2 2 2 0 2 2 2 2 2 2 2 2 0 2 2 2 2 2 2 2 2 2 2 2 2 2 2 2 2 2 2 2 2 2 2 2 2 2 2 2 2 2 2 2 2 2 2 2 2 2 2 2 2 2 2 2 2 2 0 2 2 2 2 2 2 2 2 0 2 2 2 2 2 2 0 2 2 2 0 0 2 2 2 2 2 2 0 2 2 2 2 2 2 2 0 2 2 2 0 2 2 2 2 2 2 0 2 0 2 2 0 2 2 2 0 0 2 2 2 2 2 2 2 2 2 2 1 2 2 2 2 2 2 2 0 0 2 2 2 2 2 2 2 2 2 2 2 2 2 2 2 2 2 2 2 2 2 2 2 2 2 2 2 0 2 0 0 2 2 2 2 2 0 2 2 2 0 2 2 2 0 2 2 0 2 0 2 2 2 2 2 2 2 2 0 1 2 2 2 0 2 2 2 2 2 0 2 2 0 0 2 0 2 2 2 2 2 0 0 0 0 0 2
465 2 2 2 2 2 2 2 2 2 2 2 2 2 2 2 2 0 2 2 2 2 2 2 2 2 2 0 2 2 2 2 2 2 2 2 1 2 2 2 2 2 2 2 2 2 2 2 2 2 2 2 2 2 2 2 2 2 2 2 2 2 2 2 2 2 2 2 2 2 2 2 2 2 2 0 2 2 2 2 2 2 2 2 2 2 0 2 2 2 2 0 2 2 2 2 2 2 2 2 2 2 2 2 2 2 2 0 2 2 2 2 2 2 2 2 2 2 2 2 2 2 2 2 2 2 2 2 2 0 2 2 2 2 2 2 0 2 2 2 0 2 0 0 2 2 2 2 2 2 2 2 2 2 0 2 2 2 2 2 2 2 2 2 0 0 0 0 2 2 2 2 2 0 2 0 2 2 0 2 2 0 2 2 0 2 2 2 2 2 2 2 0 2 2 2 0 2 2 2 2 2 0 2 2 2 2 2 2 2 2 0 2 2 2 2 2 2 2 2 2 2 2 2 2 2 2 0 2 2 2 2 2 2 2 2 2 2 2 2 2 2 2 2 2 0
466 2 2 0 0 2 0 2 0 0 0 0 0 2 2 0 0 0 0 0 0 0 0 2 2 2 0 0 0 0 0 0 0 2 0 0 1 2 2 0 0 0 0 0 0 2 0 0 0 0 0 0 0 2 0 2 2 0 2 0 0 0 2 2 2 2 2 2 2 2 2 0 0 2 2 0 0 0 0 0 0 0 0 2 2 2 0 0 2 0 0 0 0 2 0 0 2 0 0 0 0 0 0 2 0 0 0 0 2 0 2 2 2 0 2 0 0 0 0 2 2 0 0 0 0 2 2 0 0 0 0 2 2 0 2 0 0 0 0 2 0 0 0 0 0 2 0 0 0 0 0 2 0 0 0 2 0 0 0 0 2 0 0 0 0 0 0 0 1 0 2 0 0 0 0 0 2 2 0 2 2 0 0 0 0 0 0 2 0 0 2 2 0 2 0 0 0 2 2 0 0 0 0 0 2 0 0 2 0 0 0 0 2 0 2 2 2 0 0 2 2 2 0 2 2 0 2 0 0 2 0 0 0 2 0 2 2 0 2 2 0 0 0 0 0 0
467 2 2 2 2 2 0 2 2 2 2 2 2 2 2 2 0 2 2 2 2 2 2 2 2 2 0 2 2 2 2 2 2 2 2 0 2 2 2 2 2 2 2 2 2 2 2 2 2 2 2 2 2 2 2 2 2 2 2 2 2 2 2 2 2 2 2 2 2 2 2 2 2 2 2 2 2 2 2 2 2 0 2 2 2 2 2 2 2 2 0 2 2 2 2 2 2 0 2 2 2 0 0 2 2 2 2 2 2 0 2 2 2 2 2 2 2 0 2 2 2 0 2 2 2 2 2 2 0 2 0 2 2 0 2 2 2 0 0 2 2 2 2 2 2 2 2 2 2 1 2 2 2 2 2 2 2 0 0 2 2 2 2 2 2 2 2 2 2 2 2 2 2 2 2 2 2 2 2 2 2 2 2 2 2 2 0 2 0 0 2 2 2 2 2 0 2 2 2 0 2 2 2 0 2 2 0 2 0 2 2 2 2 2 2 2 2 0 1 2 2 2 0 2 2 2 2 2 0 2 2 0 0 2 0 2 2 2 2 2 0 0 0 0 0 2
468 0 0 2 2 2 2 2 2 2 2 2 2 2 0 2 2 2 2 2 2 2 2 2 0 2 2 2 2 2 2 2 2 2 2 2 0 2 0 2 2 2 2 2 2 0 2 2 2 2 2 2 2 2 2 2 2 2 0 2 2 2 0 2 2 2 2 0 2 2 2 2 2 2 2 2 2 2 2 2 2 2 2 2 2 2 2 2 0 2 2 2 2 2 2 2 2 2 2 2 2 2 2 0 2 2 2 2 2 2 0 2 2 2 0 2 2 2 2 2 2 2 2 2 2 2 2 2 2 2 2 2 2 2 2 2 2 2 2 2 2 2 2 2 2 2 2 2 2 2 2 2 2 2 2 2 2 2 2 2 0 2 2 2 2 2 2 2 2 2 0 2 2 2 2 2 2 2 2 0 0 2 2 2 2 2 2 2 2 2 0 1 2 0 2 2 2 2 2 2 2 2 2 2 2 2 2 2 2 2 2 2 2 2 2 2 2 2 2 2 2 2 2 2 0 2 2 2 2 2 2 2 2 0 2 2 2 2 0 2 2 2 2 2 2 2
469 2 2 2 2 2 0 2 2 2 2 2 2 2 2 0 0 0 2 2 2 2 2 2 2 2 0 0 2 2 2 2 2 2 2 0 1 2 2 2 2 2 2 2 2 2 2 2 2 2 2 2 2 2 2 2 2 2 2 2 2 2 2 2 2 2 2 2 2 2 2 2 2 2 2 0 2 2 2 2 2 0 2 2 2 2 0 2 2 2 0 0 2 2 2 2 2 0 2 2 2 0 0 2 2 2 2 0 2 0 2 2 2 2 2 2 2 0 2 2 2 0 2 2 2 2 2 2 0 0 0 2 2 0 2 2 0 0 0 2 0 2 0 0 2 2 0 2 2 1 2 2 2 2 0 2 2 0 0 2 2 2 0 2 0 0 0 0 2 2 2 0 0 0 2 0 2 2 0 2 2 0 2 2 0 2 0 2 0 0 2 2 0 2 2 0 0 2 2 0 2 2 0 0 2 2 0 2 0 2 2 0 2 2 2 2 2 0 1 2 2 2 0 2 2 0 2 0 0 2 2 0 0 2 0 2 2 2 2 2 0 0 0 0 0 0
470 2 2 2 2 2 2 2 2 2 2 2 2 2 2 2 2 0 2 2 2 2 2 2 2 2 2 0 2 2 2 2 2 2 2 2 1 2 2 2 2 2 2 2 2 2 2 2 2 2 2 2 2 2 2 2 2 2 2 2 2 2 2 2 2 2 2 2 2 2 2 2 2 2 2 0 2 2 2 2 2 2 2 2 2 2 0 2 2 2 2 0 2 2 2 2 2 2 2 2 2 2 2 2 2 2 2 0 2 2 2 2 2 2 2 2 2 2 2 2 2 2 2 2 2 2 2 2 2 0 2 2 2 2 2 2 0 2 2 2 0 2 0 0 2 2 2 2 2 2 2 2 2 2 0 2 2 2 2 2 2 2 2 2 0 0 0 0 2 2 2 2 2 0 2 0 2 2 0 2 2 0 2 2 0 2 2 2 2 2 2 2 0 2 2 2 0 2 2 2 2 2 0 2 2 2 2 2 2 2 2 0 2 2 2 2 2 2 2 2 2 2 2 2 2 2 2 0 2 2 2 2 2 2 2 2 2 2 2 2 2 2 2 2 2 0
471 2 2 2 2 0 2 0 2 2 2 2 2 0 2 2 2 2 2 2 2 2 2 0 2 0 2 2 2 2 2 2 2 0 2 2 2 0 2 2 2 2 2 2 2 2 2 2 2 2 2 2 2 2 2 0 0 2 2 2 2 2 2 0 2 2 0 2 2 2 0 2 2 0 2 2 2 2 2 2 2 2 2 0 0 0 2 2 2 2 2 2 2 0 2 2 0 2 2 2 2 2 2 2 2 2 2 2 2 2 2 0 0 2 2 2 2 2 2 0 0 2 2 2 2 0 0 2 2 2 2 2 0 2 0 2 2 2 2 2 2 2 2 2 2 2 2 2 2 2 2 0 2 2 2 0 2 2 2 2 2 2 2 2 2 2 2 2 2 2 2 2 2 2 2 2 0 2 2 2 2 2 2 2 2 2 2 0 2 2 2 1 2 2 2 2 2 0 0 2 2 2 2 2 0 2 2 0 2 2 2 2 0 2 2 0 2 2 2 0 2 2 2 2 2 2 0 2 2 0 2 2 2 2 2 0 2 2 2 0 2 2 2 2 2 2
472 2 2 2 2 2 2 2 0 2 2 2 2 2 2 2 2 2 2 2 2 2 2 2 2 2 2 2 2 2 2 2 2 2 0 2 2 2 2 2 2 2 2 0 0 2 2 0 2 2 2 2 0 2 0 2 2 0 2 2 2 2 2 2 2 2 2 2 2 2 2 0 2 2 2 2 2 2 2 0 2 2 0 2 2 2 2 2 2 0 2 2 2 2 0 0 2 2 2 0 2 2 2 2 2 0 2 2 2 2 2 2 2 0 2 2 2 2 0 2 2 2 2 2 0 2 2 2 2 2 2 2 2 2 2 2 2 2 2 2 2 2 2 2 0 2 2 0 0 1 2 2 0 0 2 2 0 2 2 0 2 0 2 0 2 2 2 2 2 0 2 2 2 2 0 2 2 2 2 2 2 2 2 0 2 0 2 2 2 2 2 2 2 2 2 2 2 2 2 2 0 2 2 2 2 2 2 2 2 0 2 2 2 2 2 2 2 2 2 2 2 2 2 2 2 2 2 2 2 2 0 2 2 2 2 2 2 2 2 2 2 2 2 2 2 2
473 2 2 2 2 2 0 2 0 2 2 2 2 2 2 0 0 0 2 2 2 2 2 2 2 2 0 0 2 2 2 2 2 2 0 0 1 2 2 2 2 2 2 0 0 2 2 0 2 2 2 2 0 2 0 2 2 0 2 2 2 2 2 2 2 2 2 2 2 2 2 0 2 2 2 0 2 2 2 0 2 0 0 2 2 2 0 2 2 0 0 0 2 2 0 0 2 0 2 0 2 0 0 2 2 0 2 0 2 0 2 2 2 0 2 2 2 0 0 2 2 0 2 2 0 2 2 2 0 0 0 2 2 0 2 2 0 0 0 2 0 2 0 0 0 2 0 0 0 0 2 2 0 0 0 2 0 0 0 0 2 0 0 0 0 0 0 0 1 0 2 0 0 0 0 0 2 2 0 2 2 0 2 0 0 0 0 2 0 0 2 2 0 2 2 0 0 2 2 0 0 2 0 0 2 2 0 2 0 0 2 0 2 2 2 2 2 0 1 2 2 2 0 2 2 0 2 0 0 2 0 0 0 2 0 2 2 2 2 2 0 0 0 0 0 0
474 2 2 2 2 2 2 2 2 2 2 2 2 2 2 2 2 2 2 2 2 2 2 2 2 2 2 2 2 2 2 2 2 2 2 0 2 2 2 2 2 2 2 2 2 2 2 2 2 2 2 2 2 2 2 2 2 2 2 2 2 2 2 2 2 2 2 2 2 2 2 2 2 2 2 2 2 2 2 2 2 0 2 2 2 2 2 2 2 2 0 2 2 2 2 2 2 0 2 2 2 2 2 2 2 2 2 2 2 0 2 2 2 2 2 2 2 2 2 2 2 0 2 2 2 2 2 2 0 2 2 2 2 2 2 2 2 2 2 2 2 2 2 2 2 2 2 2 2 2 2 2 2 2 2 2 2 0 0 2 2 2 2 2 2 2 2 2 2 2 2 2 2 2 2 2 2 2 2 2 2 2 2 2 2 2 2 2 2 2 2 2 2 2 2 2 2 2 2 0 2 2 2 0 2 2 2 2 0 2 2 2 2 2 2 2 2 0 2 2 2 2 2 2 2 2 2 2 2 2 2 0 2 2 2 2 2 2 2 2 0 2 2 0 2 2
475 0 2 2 2 2 0 2 0 2 0 2 2 2 0 0 0 0 2 0 2 2 2 2 0 2 0 0 2 2 0 2 2 2 0 0 0 2 2 2 2 2 0 0 0 0 2 0 0 2 2 2 0 2 0 2 2 0 2 2 2 2 2 2 2 2 2 2 2 2 2 0 2 2 2 0 0 2 2 0 2 0 0 2 2 2 0 2 0 0 0 0 2 2 0 0 2 0 2 0 2 0 0 2 2 0 2 0 2 0 2 2 2 0 0 2 2 0 0 2 2 0 2 2 0 2 2 2 0 0 0 2 2 0 2 2 0 0 0 2 0 0 0 0 0 2 0 0 0 0 2 2 0 0 0 2 0 0 0 0 2 0 0 0 0 0 0 0 2 0 2 0 0 0 0 0 2 2 0 2 0 0 2 0 0 0 0 2 0 0 0 2 0 0 2 0 0 2 2 0 0 2 0 0 2 2 0 2 0 0 2 0 2 2 2 2 2 0 1 2 2 2 0 2 2 0 2 0 0 2 0 0 0 0 0 2 2 2 0 2 0 0 0 0 0 0
476 2 2 2 2 2 2 2 2 2 2 2 2 2 2 2 2 2 2 2 2 2 2 2 2 2 2 2 2 2 2 2 2 2 0 2 2 2 2 2 2 2 2 0 2 2 2 0 2 2 2 2 0 2 0 2 2 0 2 2 2 2 2 2 2 2 2 2 2 2 2 0 2 2 2 2 2 2 2 0 2 2 0 2 2 2 2 2 2 0 2 2 2 2 0 2 2 2 2 2 2 2 2 2 2 0 2 2 2 2 2 2 2 2 2 2 2 2 0 2 2 2 2 2 2 2 2 2 2 2 2 2 2 2 2 2 2 2 2 2 2 2 2 2 0 2 2 0 2 1 2 2 0 0 2 2 0 2 2 0 2 2 2 0 2 2 2 2 2 0 2 2 2 2 2 2 2 2 2 2 2 2 2 0 2 2 2 2 2 2 2 2 2 2 2 2 2 2 2 2 0 2 2 2 2 2 2 2 2 0 2 2 2 2 2 2 2 2 2 2 2 2 2 2 2 2 2 2 2 2 2 2 2 2 2 2 2 2 2 2 2 2 2 2 2 2
477 2 2 2 2 2 2 2 2 2 2 2 2 2 2 2 2 0 2 2 2 2 2 2 2 2 2 0 2 2 2 2 2 2 2 2 1 2 2 2 2 2 2 2 2 2 2 2 2 2 2 2 2 2 2 2 2 2 2 2 2 2 2 2 2 2 2 2 2 2 2 2 2 2 2 0 2 2 2 2 2 2 2 2 2 2 0 2 2 2 2 0 2 2 2 2 2 2 2 2 2 2 2 2 2 2 2 0 2 2 2 2 2 2 2 2 2 2 2 2 2 2 2 2 2 2 2 2 2 0 2 2 2 2 2 2 0 2 2 2 0 2 0 0 2 2 2 2 2 2 2 2 2 2 0 2 2 2 2 2 2 2 2 2 0 0 0 0 2 2 2 2 2 0 2 0 2 2 0 2 2 0 2 2 0 2 2 2 2 2 2 2 0 2 2 2 0 2 2 2 2 2 0 2 2 2 2 2 2 2 2 0 2 2 2 2 2 2 2 2 2 2 2 2 2 2 2 0 2 2 2 2 2 2 2 2 2 2 2 2 2 2 2 2 2 0
478 2 2 2 2 2 0 2 0 2 0 2 2 2 2 0 0 0 2 0 2 2 2 2 2 2 0 0 2 2 0 2 2 2 0 0 1 2 2 2 2 2 0 0 0 2 2 0 0 2 2 2 0 2 0 2 2 0 2 2 2 2 2 2 2 2 2 2 2 2 2 0 2 2 2 0 0 2 2 0 2 0 0 2 2 2 0 2 2 0 0 0 2 2 0 0 2 0 2 0 2 0 0 2 2 0 2 0 2 0 2 2 2 0 2 2 2 0 0 2 2 0 2 2 0 2 2 2 0 0 0 2 2 0 2 2 0 0 0 2 0 0 0 0 0 2 0 0 0 0 2 2 0 0 0 2 0 0 0 0 2 0 0 0 0 0 0 0 1 0 2 0 0 0 0 0 2 2 0 2 2 0 2 0 0 0 0 2 0 0 2 2 0 2 2 0 0 2 2 0 0 2 0 0 2 2 0 2 0 0 2 0 2 2 2 2 2 0 1 2 2 2 0 2 2 0 2 0 0 2 0 0 0 2 0 2 2 2 2 2 0 0 0 0 0 0
479 2 2 2 2 0 2 0 2 2 2 2 2 0 2 2 2 2 2 2 2 2 2 0 2 0 2 2 2 2 2 2 2 0 2 2 2 0 2 2 2 2 2 2 2 2 2 2 2 2 2 2 2 2 2 0 0 2 2 2 2 2 2 0 2 2 0 2 2 2 0 2 2 0 2 2 2 2 2 2 2 2 2 0 0 0 2 2 2 2 2 2 2 0 2 2 0 2 2 2 2 2 2 2 2 2 2 2 2 2 2 0 0 2 2 2 2 2 2 0 0 2 2 2 2 0 0 2 2 2 2 2 0 2 0 2 2 2 2 2 2 2 2 2 2 2 2 2 2 2 2 0 2 2 2 0 2 2 2 2 2 2 2 2 2 2 2 2 2 2 2 2 2 2 2 2 0 2 2 2 2 2 2 2 2 2 2 0 2 2 2 1 2 2 2 2 2 0 0 2 2 2 2 2 0 2 2 0 2 2 2 2 0 2 2 0 2 2 2 0 2 2 2 2 2 2 0 2 2 0 2 2 2 2 2 0 2 2 2 0 2 2 2 2 2 2
480 2 2 2 2 2 0 2 2 2 2 2 2 2 2 0 0 0 2 2 2 2 2 2 2 2 0 0 2 2 2 2 2 2 2 0 1 2 2 2 2 2 2 2 2 2 2 2 2 2 2 2 2 2 2 2 2 2 2 2 2 2 2 2 2 2 2 2 2 2 2 2 2 2 2 0 2 2 2 2 2 0 2 2 2 2 0 2 2 2 0 0 2 2 2 2 2 0 2 2 2 0 0 2 2 2 2 0 2 0 2 2 2 2 2 2 2 0 2 2 2 0 2 2 2 2 2 2 0 0 0 2 2 0 2 2 0 0 0 2 0 2 0 0 2 2 0 2 2 1 2 2 2 2 0 2 2 0 0 2 2 2 0 2 0 0 0 0 2 2 2 0 0 0 2 0 2 2 0 2 2 0 2 2 0 2 0 2 0 0 2 2 0 2 2 0 0 2 2 0 2 2 0 0 2 2 0 2 0 2 2 0 2 2 2 2 2 0 1 2 2 2 0 2 2 0 2 0 0 2 2 0 0 2 0 2 2 2 2 2 0 0 0 0 0 0
481 2 2 2 2 2 0 2 2 2 2 2 2 2 2 0 0 0 2 2 2 2 2 2 2 2 0 0 2 2 2 2 2 2 2 0 1 2 2 2 2 2 2 2 2 2 2 2 2 2 2 2 2 2 2 2 2 2 2 2 2 2 2 2 2 2 2 2 2 2 2 2 2 2 2 0 2 2 2 2 2 0 2 2 2 2 0 2 2 2 0 0 2 2 2 2 2 0 2 2 2 0 0 2 2 2 2 0 2 0 2 2 2 2 2 2 2 0 2 2 2 0 2 2 2 2 2 2 0 0 0 2 2 0 2 2 0 0 0 2 0 2 0 0 2 2 0 2 2 1 2 2 2 2 0 2 2 0 0 2 2 2 0 2 0 0 0 0 2 2 2 0 0 0 2 0 2 2 0 2 2 0 2 2 0 2 0 2 0 0 2 2 0 2 2 0 0 2 2 0 2 2 0 0 2 2 0 2 0 2 2 0 2 2 2 2 2 0 1 2 2 2 0 2 2 0 2 0 0 2 2 0 0 2 0 2 2 2 2 2 0 0 0 0 0 0
482 2 2 2 2 2 2 2 0 2 2 2 2 2 2 2 2 2 2 2 2 2 2 2 2 2 2 2 2 2 2 2 2 2 2 2 2 2 2 2 2 2 2 0 0 2 2 0 2 2 2 2 0 2 0 2 2 0 2 2 2 2 2 2 2 2 2 2 2 2 2 0 2 2 2 2 2 2 2 2 2 2 2 2 2 2 2 2 2 2 2 2 2 2 0 0 2 2 2 0 2 2 2 2 2 0 2 2 2 2 2 2 2 0 2 2 2 2 0 2 2 2 2 2 0 2 2 2 2 2 2 2 2 2 2 2 2 2 2 2 2 2 2 2 2 2 2 0 0 2 2 2 0 0 2 2 0 2 2 2 2 0 2 2 2 2 2 2 2 0 2 2 2 2 0 2 2 2 2 2 2 2 2 2 2 0 2 2 2 2 2 2 2 2 2 2 2 2 2 2 0 2 2 2 2 2 2 2 2 0 2 2 2 2 2 2 2 2 2 2 2 2 2 2 2 2 2 2 2 2 0 2 2 2 2 2 2 2 2 2 2 2 2 2 2 2
483 2 2 2 2 2 0 2 0 2 2 2 2 2 2 0 0 0 2 2 2 2 2 2 2 2 0 0 2 2 2 2 2 2 0 0 1 2 2 2 2 2 2 0 0 2 2 0 2 2 2 2 0 2 0 2 2 0 2 2 2 2 2 2 2 2 2 2 2 2 2 0 2 2 2 0 2 2 2 2 2 0 0 2 2 2 0 2 2 0 0 0 2 2 0 0 2 0 2 0 2 0 0 2 2 0 2 0 2 0 2 2 2 0 2 2 2 0 0 2 2 0 2 2 0 2 2 2 0 0 0 2 2 0 2 2 0 0 0 2 0 2 0 0 0 2 0 0 0 0 2 2 0 0 0 2 0 0 0 0 2 0 0 2 0 0 0 0 2 0 2 0 0 0 0 0 2 2 0 2 2 0 2 0 0 0 0 2 0 0 2 2 0 2 2 0 0 2 2 0 0 2 0 0 2 2 0 2 0 0 2 0 2 2 2 2 2 0 1 2 2 2 0 2 2 0 2 0 0 2 0 0 0 2 0 2 2 2 2 2 0 0 0 0 0 0
484 2 2 0 0 2 0 2 0 0 0 0 0 2 2 0 0 0 0 0 0 0 0 2 2 2 0 0 0 0 0 0 0 2 0 0 1 2 2 0 0 0 0 0 0 2 0 0 0 0 0 0 0 2 0 2 2 0 2 0 0 0 2 2 2 2 2 2 2 2 2 0 0 2 2 0 0 0 0 0 0 0 0 2 2 2 0 0 2 0 0 0 0 2 0 0 2 0 0 0 0 0 0 2 0 0 0 0 2 0 2 2 2 0 2 0 0 0 0 2 2 0 0 0 0 2 2 0 0 0 0 2 2 0 2 0 0 0 0 2 0 0 0 0 0 2 0 0 0 0 0 2 0 0 0 2 0 0 0 0 2 0 0 0 0 0 0 0 1 0 2 0 0 0 0 0 2 2 0 2 2 0 0 0 0 0 0 2 0 0 2 2 0 2 0 0 0 2 2 0 0 0 0 0 2 0 0 2 0 0 0 0 2 0 2 2 2 0 0 2 2 2 0 2 2 0 2 0 0 2 0 0 0 2 0 2 2 0 2 2 0 0 0 0 0 0
485 2 2 0 0 2 0 2 0 0 0 0 0 2 2 0 0 0 0 0 0 0 0 2 2 2 0 0 0 0 0 0 0 2 0 0 1 2 2 0 0 0 0 0 0 2 0 0 0 0 0 0 0 2 0 2 2 0 2 0 0 0 2 2 2 2 2 2 2 2 2 0 0 2 2 0 0 0 0 0 0 0 0 2 2 2 0 0 2 0 0 0 0 2 0 0 2 0 0 0 0 0 0 2 2 0 0 0 2 0 2 2 2 0 2 0 0 0 0 2 2 0 0 0 0 2 2 0 0 0 0 2 2 0 2 0 0 0 0 2 0 0 0 0 0 2 0 0 0 0 0 2 0 0 0 2 0 0 0 0 2 0 0 0 0 0 0 0 2 0 2 0 0 0 0 0 2 2 0 2 2 0 0 0 0 0 0 2 0 0 2 2 0 2 0 0 0 2 2 0 0 0 0 0 2 0 0 2 0 0 0 0 2 0 2 2 2 0 0 2 2 2 0 2 2 0 2 0 0 2 0 0 0 2 0 2 2 0 2 2 0 0 0 0 0 0
486 2 2 2 2 2 0 2 2 2 2 2 2 2 2 2 0 2 2 2 2 2 2 2 2 2 0 2 2 2 2 2 2 2 2 0 2 2 2 2 2 2 2 2 2 2 2 2 2 2 2 2 2 2 2 2 2 2 2 2 2 2 2 2 2 2 2 2 2 2 2 2 2 2 2 2 2 2 2 2 2 0 2 2 2 2 2 2 2 2 0 2 2 2 2 2 2 0 2 2 2 0 0 2 2 2 2 2 2 0 2 2 2 2 2 2 2 0 2 2 2 0 2 2 2 2 2 2 0 2 0 2 2 0 2 2 2 0 0 2 2 2 2 2 2 2 2 2 2 1 2 2 2 2 2 2 2 0 0 2 2 2 2 2 2 2 2 2 2 2 2 2 2 2 2 2 2 2 2 2 2 2 2 2 2 2 0 2 0 0 2 2 2 2 2 0 2 2 2 0 2 2 2 0 2 2 0 2 0 2 2 2 2 2 2 2 2 0 0 2 2 2 0 2 2 2 2 2 0 2 2 0 0 2 0 2 2 2 2 2 0 0 0 0 0 2
487 2 2 2 2 2 0 2 0 2 2 2 2 2 2 0 0 0 2 2 2 2 2 2 2 2 0 0 2 2 2 2 2 2 0 0 2 2 2 2 2 2 2 0 0 2 2 0 2 2 2 2 0 2 0 2 2 0 2 2 2 2 2 2 2 2 2 2 2 2 2 0 2 2 2 0 2 2 2 0 2 0 0 2 2 2 0 2 2 0 0 0 2 2 0 0 2 0 2 0 2 0 0 2 2 0 2 0 2 0 2 2 2 0 2 2 2 0 0 2 2 0 2 2 0 2 2 2 0 0 0 2 2 0 2 2 0 0 0 2 0 2 0 0 0 2 0 0 0 0 2 2 0 0 0 2 0 0 0 0 2 0 0 0 0 0 0 0 1 0 2 0 0 0 0 0 2 2 0 2 2 0 2 0 0 0 0 2 0 0 2 2 0 2 2 0 0 2 2 0 0 2 0 0 2 2 0 2 0 0 2 0 2 2 2 2 2 0 1 2 2 2 0 2 2 0 2 0 0 2 0 0 0 2 0 2 2 2 2 2 0 0 0 0 0 0
488 2 2 2 2 2 2 2 0 2 2 2 2 2 2 2 2 2 2 2 2 2 2 2 2 2 2 2 2 2 2 2 2 2 0 2 2 2 2 2 2 2 2 0 0 2 2 0 2 2 2 2 0 2 0 2 2 0 2 2 2 2 2 2 2 2 2 2 2 2 2 0 2 2 2 2 2 2 2 0 2 2 0 2 2 2 2 2 2 0 2 2 2 2 0 0 2 2 2 0 2 2 2 2 2 0 2 2 2 2 2 2 2 0 2 2 2 2 0 2 2 2 2 2 0 2 2 2 2 2 2 2 2 2 2 2 2 2 2 2 2 2 2 2 0 2 2 0 0 1 2 2 0 0 2 2 0 2 2 0 2 2 2 0 2 2 2 2 1 0 2 2 2 2 2 2 2 2 2 2 2 2 2 0 2 2 2 2 2 2 2 2 2 2 2 2 2 2 2 2 0 2 2 2 2 2 2 2 2 0 2 2 2 2 2 2 2 2 2 2 2 2 2 2 2 2 2 2 2 2 0 2 2 2 2 2 2 2 2 2 2 2 2 2 2 2
489 0 0 0 0 0 0 0 0 0 0 0 0 0 0 0 0 0 0 0 0 0 0 0 0 0 0 0 0 0 0 0 0 0 0 0 0 0 0 0 0 0 0 0 0 0 0 0 0 0 0 0 0 2 0 0 0 0 0 0 0 0 0 0 2 2 0 0 2 2 0 0 0 0 2 0 0 0 0 0 0 0 0 0 0 0 0 0 0 0 0 0 0 0 0 0 0 0 0 0 0 0 0 0 0 0 0 0 2 0 0 0 0 0 0 0 0 0 0 0 0 0 0 0 0 0 0 0 0 0 0 2 0 0 0 0 0 0 0 2 0 0 0 0 0 2 0 0 0 0 0 0 0 0 0 0 0 0 0 0 0 0 0 0 0 0 0 0 2 0 0 0 0 0 0 0 0 2 0 0 0 0 0 0 0 0 0 0 0 0 0 0 0 0 0 0 0 0 0 0 0 0 0 0 0 0 0 0 0 0 0 0 0 0 2 0 2 0 0 0 2 2 0 2 0 0 0 0 0 0 0 0 0 0 0 0 0 0 0 0 0 0 0 0 0 0
490 2 2 0 2 2 0 2 2 2 2 2 2 2 2 0 0 0 0 2 2 2 2 2 2 2 0 0 2 0 2 2 2 2 2 0 1 2 2 2 2 2 2 2 2 2 0 2 2 0 2 2 2 2 2 2 2 2 2 0 2 2 2 2 2 2 2 2 2 2 2 2 2 2 2 0 2 0 2 2 2 0 2 2 2 2 0 0 2 2 0 0 2 2 2 2 2 0 2 2 0 0 0 2 2 2 2 0 2 0 2 2 2 2 2 2 2 0 2 2 2 0 2 2 2 2 2 2 0 0 0 2 2 0 2 2 0 0 0 2 0 2 0 0 2 2 0 2 2 0 2 2 2 2 0 2 2 0 0 2 2 2 0 2 0 0 0 0 2 2 2 0 0 0 2 0 2 2 0 2 2 0 2 2 0 2 0 2 0 0 2 2 0 2 2 0 0 2 2 0 2 2 0 0 2 2 0 2 0 2 2 0 2 0 2 2 2 0 1 2 2 2 0 2 2 0 2 0 0 2 2 0 0 2 0 2 2 2 2 2 0 0 0 0 0 0
491 2 2 2 2 2 2 2 0 2 2 2 2 2 2 2 2 2 2 2 2 2 2 2 2 2 2 2 2 2 2 2 2 2 0 2 2 2 2 2 2 2 2 0 0 2 2 0 2 2 2 2 0 2 0 2 2 0 2 2 2 2 2 2 2 2 2 2 2 2 2 0 2 2 2 2 2 2 2 0 2 2 0 2 2 2 2 2 2 0 2 2 2 2 0 0 2 2 2 0 2 2 2 2 2 0 2 2 2 2 2 2 2 0 2 2 2 2 0 2 2 2 2 2 0 2 2 2 2 2 2 2 2 2 2 2 2 2 2 2 2 2 2 2 0 2 2 0 0 1 2 2 0 0 2 2 0 2 2 0 2 0 2 0 2 2 2 2 1 0 2 2 2 2 0 2 2 2 2 2 2 2 2 0 2 0 2 2 2 2 2 2 2 2 2 2 2 2 2 2 0 2 2 2 2 2 2 2 2 0 2 2 2 2 2 2 2 2 2 2 2 2 2 2 2 2 2 2 2 2 0 2 2 2 2 2 2 2 2 2 2 2 2 2 2 2
492 2 2 2 2 2 0 2 2 2 2 2 2 2 2 2 0 2 2 2 2 2 2 2 2 2 0 2 2 2 2 2 2 2 2 0 2 2 2 2 2 2 2 2 2 2 2 2 2 2 2 2 2 2 2 2 2 2 2 2 2 2 2 2 2 2 2 2 2 2 2 2 2 2 2 2 2 2 2 2 2 0 2 2 2 2 2 2 2 2 0 2 2 2 2 2 2 0 2 2 2 0 0 2 2 2 2 2 2 0 2 2 2 2 2 2 2 0 2 2 2 0 2 2 2 2 2 2 0 2 0 2 2 0 2 2 2 0 0 2 2 2 2 2 2 2 2 2 2 1 2 2 2 2 2 2 2 0 0 2 2 2 2 2 2 2 2 2 2 2 2 2 2 2 2 2 2 2 2 2 2 2 2 2 2 2 0 2 0 0 2 2 2 2 2 0 2 2 2 0 2 2 2 0 2 2 0 2 0 2 2 2 2 2 2 2 2 0 1 2 2 2 0 2 2 2 2 2 0 2 2 0 0 2 0 2 2 2 2 2 0 0 0 0 0 2
493 2 2 2 2 2 0 2 2 2 2 2 2 2 2 0 0 0 2 2 2 2 2 2 2 2 0 0 2 2 2 2 2 2 2 0 1 2 2 2 2 2 2 2 2 2 2 2 2 2 2 2 2 2 2 2 2 2 2 2 2 2 2 2 2 2 2 2 2 2 2 2 2 2 2 0 2 2 2 2 2 0 2 2 2 2 0 2 2 2 0 0 2 2 2 2 2 0 2 2 2 0 0 2 2 2 2 0 2 0 2 2 2 2 2 2 2 0 2 2 2 0 2 2 2 2 2 2 0 0 0 2 2 0 2 2 0 0 0 2 0 2 0 0 2 2 0 2 2 1 2 2 2 2 0 2 2 0 0 2 2 2 0 2 0 0 0 0 2 2 2 0 0 0 2 0 2 2 0 2 2 0 2 2 0 2 0 2 0 0 2 2 0 2 2 0 0 2 2 0 2 2 0 0 2 2 0 2 0 2 2 0 2 2 2 2 2 0 1 2 2 2 0 2 2 0 2 0 0 2 2 0 0 2 0 2 2 2 2 2 0 0 0 0 0 0
494 2 2 2 2 2 2 2 0 2 2 2 2 2 2 2 2 2 2 2 2 2 2 2 2 2 2 2 2 2 2 2 2 2 0 2 2 2 2 2 2 2 2 0 0 2 2 0 2 2 2 2 0 2 0 2 2 0 2 2 2 2 2 2 2 2 2 2 2 2 2 0 2 2 2 2 2 2 2 0 2 2 0 2 2 2 2 2 2 0 2 2 2 2 0 0 2 2 2 0 2 2 2 2 2 0 2 2 2 2 2 2 2 0 2 2 2 2 0 2 2 2 2 2 0 2 2 2 2 2 2 2 2 2 2 2 2 2 2 2 2 2 2 2 0 2 2 0 0 1 2 2 0 0 2 2 0 2 2 0 2 0 2 0 2 2 2 2 1 0 2 2 2 2 0 2 2 2 2 2 2 2 2 0 2 0 2 2 2 2 2 2 2 2 2 2 2 2 2 2 0 2 2 2 2 2 2 2 2 0 2 2 2 2 2 2 2 2 2 2 2 2 2 2 2 2 2 2 2 2 0 2 2 2 2 2 2 2 2 2 2 2 2 2 2 2
495 2 2 2 2 0 2 0 2 2 2 2 2 0 2 2 2 2 2 2 2 2 2 0 2 0 2 2 2 2 2 2 2 0 2 2 2 0 2 2 2 2 2 2 2 2 2 2 2 2 2 2 2 2 2 0 0 2 2 2 2 2 2 0 2 2 0 2 2 2 0 2 2 0 2 2 2 2 2 2 2 2 2 0 0 0 2 2 2 2 2 2 2 0 2 2 0 2 2 2 2 2 2 2 2 2 2 2 2 2 2 0 0 2 2 2 2 2 2 0 0 2 2 2 2 0 0 2 2 2 2 2 0 2 0 2 2 2 2 2 2 2 2 2 2 2 2 2 2 2 2 0 2 2 2 0 2 2 2 2 2 2 2 2 2 2 2 2 2 2 2 2 2 2 2 2 0 2 2 2 2 2 2 2 2 2 2 0 2 2 2 1 2 2 2 2 2 0 0 2 2 2 2 2 0 2 2 0 2 2 2 2 0 2 2 0 2 2 2 0 2 2 2 2 2 2 0 2 2 0 2 2 2 2 2 0 2 2 2 0 2 2 2 2 2 2
496 2 2 2 2 2 0 2 2 2 2 2 2 2 2 0 0 0 2 2 2 2 2 2 2 2 0 0 2 2 2 2 2 2 2 0 1 2 2 2 2 2 2 2 2 2 2 2 2 2 2 2 2 2 2 2 2 2 2 2 2 2 2 2 2 2 2 2 2 2 2 2 2 2 2 0 2 2 2 2 2 0 2 2 2 2 0 2 2 2 0 0 2 2 2 2 2 0 2 2 2 0 0 2 2 2 2 0 2 0 2 2 2 2 2 2 2 0 2 2 2 0 2 2 2 2 2 2 0 0 0 2 2 0 2 2 0 0 0 2 0 2 0 0 2 2 0 2 2 1 2 2 2 2 0 2 2 0 0 2 2 2 0 2 0 0 0 0 2 2 2 0 0 0 2 0 2 2 0 2 2 0 2 2 0 2 0 2 0 0 2 2 0 2 2 0 0 2 2 0 2 2 0 0 2 2 0 2 0 2 2 0 2 2 2 2 2 0 1 2 2 2 0 2 2 0 2 0 0 2 2 0 0 2 0 2 2 2 2 2 0 0 0 0 0 0
497 2 2 2 2 2 1 2 2 2 2 2 2 2 2 0 0 0 2 2 2 2 2 2 2 2 0 0 2 2 2 2 2 2 2 0 1 2 2 2 2 2 2 2 2 2 2 2 2 2 2 2 2 2 2 2 2 2 2 2 2 2 2 2 2 2 2 2 2 2 2 2 2 2 2 0 2 2 2 2 2 1 2 2 2 2 0 2 2 2 1 1 2 2 2 2 2 0 2 2 2 0 1 2 2 2 2 0 2 1 2 2 2 2 2 2 2 1 2 2 2 0 2 2 2 2 2 2 1 0 1 2 2 0 2 2 0 0 1 2 1 2 0 0 2 2 0 2 2 1 2 2 2 2 0 2 2 0 0 2 2 2 0 2 1 0 0 0 2 2 2 0 0 0 2 0 2 2 1 2 2 0 2 2 0 2 0 2 0 0 2 2 1 2 2 0 1 2 2 0 2 2 0 0 2 2 0 2 0 2 2 0 2 2 2 2 2 0 1 2 2 2 0 2 2 0 2 0 0 2 2 0 1 2 0 2 2 2 2 2 1 1 1 1 0 0
498 2 2 0 0 2 0 2 0 0 0 0 0 2 2 0 0 0 0 0 0 0 0 2 2 2 0 0 0 0 0 0 0 2 0 0 1 2 2 0 0 0 0 0 0 2 0 0 0 0 0 0 0 2 0 2 2 0 2 0 0 0 2 2 2 2 2 2 2 2 2 0 0 2 2 0 0 0 0 0 0 0 0 2 2 2 0 0 2 1 0 0 0 2 0 0 2 0 0 0 0 0 0 2 0 0 0 0 2 0 2 2 2 0 2 0 0 0 0 2 2 0 0 0 0 2 2 0 0 0 0 2 2 0 2 0 0 0 0 2 0 0 0 0 0 2 0 0 0 0 0 2 0 0 0 2 0 0 0 0 2 0 0 0 0 0 0 0 1 0 2 0 0 0 0 0 2 2 0 2 2 0 0 0 0 0 0 2 0 0 2 2 0 2 0 0 0 2 2 0 0 0 0 0 2 0 0 2 0 0 0 0 2 0 2 2 2 0 0 2 2 2 0 2 2 0 2 0 0 2 0 0 0 2 0 2 2 0 2 2 0 0 0 0 0 0
499 2 2 2 2 2 0 2 0 2 0 2 2 2 2 0 0 0 2 0 2 2 2 2 2 2 0 0 2 2 0 2 2 2 0 0 1 2 2 2 2 2 0 0 0 2 2 0 0 2 2 2 0 2 0 2 2 0 2 2 0 2 2 2 2 2 2 2 2 2 2 0 2 2 2 0 0 2 2 0 0 0 0 2 2 2 0 2 2 0 0 0 2 2 0 0 2 0 0 0 2 0 0 2 2 0 0 0 2 0 2 2 2 0 2 2 2 0 0 2 2 0 2 2 0 2 2 2 0 0 0 2 2 0 2 0 0 0 0 2 0 0 0 0 0 2 0 0 0 0 0 2 0 0 0 2 0 0 0 0 2 0 0 0 0 0 0 0 2 0 2 0 0 0 0 0 2 2 0 2 2 0 0 0 0 0 0 2 0 0 2 2 0 2 0 0 0 2 2 0 0 0 0 0 2 0 0 2 0 0 2 0 2 2 2 2 2 0 1 2 2 2 0 2 2 0 2 0 0 2 0 0 0 2 0 2 2 0 2 2 0 0 0 0 0 0
500 2 2 2 2 2 2 2 2 2 2 2 2 2 2 2 2 2 2 2 2 2 2 2 2 2 2 2 2 2 2 2 2 2 2 0 2 2 2 2 2 2 2 2 2 2 2 2 2 2 2 2 2 2 2 2 2 2 2 2 2 2 2 2 2 2 2 2 2 2 2 2 2 2 2 2 2 2 2 2 2 0 2 2 2 2 2 2 2 2 0 2 2 2 2 2 2 0 2 2 2 2 2 2 2 2 2 2 2 0 2 2 2 2 2 2 2 2 2 2 2 0 2 2 2 2 2 2 0 2 2 2 2 2 2 2 2 2 2 2 2 2 2 2 2 2 2 2 2 2 2 2 2 2 2 2 2 0 0 2 2 2 2 2 2 2 2 2 2 2 2 2 2 2 2 2 2 2 2 2 2 2 2 2 2 2 2 2 2 2 2 2 2 2 2 2 2 2 2 0 2 2 2 0 2 2 2 2 0 2 2 2 2 2 2 2 2 0 2 2 2 2 2 2 2 2 2 2 2 2 2 0 2 2 2 2 2 2 2 2 0 2 2 0 2 2
501 2 2 2 2 2 2 2 0 2 2 2 2 2 2 2 2 2 2 2 2 2 2 2 2 2 2 2 2 2 2 2 2 2 1 2 2 2 2 2 2 2 2 1 1 2 2 1 2 2 2 2 1 2 1 2 2 1 2 2 2 2 2 2 2 2 2 2 2 2 2 1 2 2 2 2 2 2 2 1 2 2 1 2 2 2 2 2 2 1 2 2 2 2 1 1 2 2 2 0 2 2 2 2 2 1 2 2 2 2 2 2 2 1 2 2 2 2 1 2 2 2 2 2 1 2 2 2 2 2 2 2 2 2 2 2 2 2 2 2 2 2 2 2 1 2 2 1 0 1 2 2 1 1 2 2 1 2 2 1 2 1 2 1 2 2 2 2 2 1 2 2 2 2 1 2 2 2 2 2 2 2 2 1 2 1 2 2 2 2 2 2 2 2 2 2 2 2 2 2 1 2 2 2 2 2 2 2 2 1 2 2 2 2 2 2 2 2 2 2 2 2 2 2 2 2 2 2 2 2 0 2 2 2 2 2 2 2 2 2 2 2 2 2 2 2
502 2 2 2 2 2 2 2 0 2 2 2 2 2 2 2 2 2 2 2 2 2 2 2 2 2 2 2 2 2 2 2 2 2 0 2 2 2 2 2 2 2 2 0 0 2 2 0 2 2 2 2 0 2 0 2 2 0 2 2 2 2 2 2 2 2 2 2 2 2 2 0 2 2 2 2 2 2 2 0 2 2 0 2 2 2 2 2 2 0 2 2 2 2 0 0 2 2 2 0 2 2 2 2 2 0 2 2 2 2 2 2 2 0 2 2 2 2 0 2 2 2 2 2 0 2 2 2 2 2 2 2 2 2 2 2 2 2 2 2 2 2 2 2 0 2 2 0 0 1 2 2 0 1 2 2 0 2 2 0 2 0 2 0 2 2 2 2 2 0 2 2 2 2 0 2 2 2 2 2 2 2 2 0 2 0 2 2 2 2 2 2 2 2 2 2 2 2 2 2 0 2 2 2 2 2 2 2 2 0 2 2 2 2 2 2 2 2 2 2 2 2 2 2 2 2 2 2 2 2 0 2 2 2 2 2 2 2 2 2 2 2 2 2 2 2
503 2 2 2 2 2 0 2 2 2 2 2 2 2 2 0 0 0 2 2 2 2 2 2 2 2 0 0 2 2 2 2 2 2 2 0 1 2 2 2 2 2 2 2 2 2 2 2 2 2 2 2 2 2 2 2 2 2 2 2 2 2 2 2 2 2 2 2 2 2 2 2 2 2 2 0 2 2 2 2 2 0 2 2 2 2 0 2 2 2 0 0 2 2 2 2 2 0 2 2 2 0 0 2 2 2 2 0 2 0 2 2 2 2 2 2 2 0 2 2 2 0 2 2 2 2 2 2 0 0 0 2 2 0 2 2 0 0 0 2 0 2 0 0 2 2 0 2 2 1 2 2 2 2 0 2 2 0 0 2 2 2 0 2 0 0 0 0 2 2 2 0 0 0 2 0 2 2 0 2 2 0 2 2 0 2 0 2 0 0 2 2 0 2 2 0 0 2 2 0 2 2 0 0 2 2 0 2 0 2 2 0 2 2 2 2 2 0 1 2 2 2 0 2 2 0 2 0 0 2 2 0 0 2 0 2 2 2 2 2 0 0 0 0 0 0
504 2 2 0 0 2 0 2 0 0 0 0 0 2 2 0 0 0 0 0 0 0 0 2 2 2 0 0 0 0 0 0 0 2 0 0 1 2 2 0 0 0 0 0 0 2 0 0 0 0 0 0 0 2 0 2 2 0 2 0 0 0 2 2 2 2 2 2 2 2 2 0 0 2 2 0 0 0 0 0 0 0 0 2 2 2 0 0 2 0 0 0 0 2 0 0 2 0 0 0 0 0 0 2 0 0 0 0 2 0 2 2 2 0 2 0 0 0 0 2 2 0 0 0 0 2 2 0 0 0 0 2 2 0 2 0 0 0 0 2 0 0 0 0 0 2 0 0 0 0 0 2 0 0 0 2 0 0 0 0 2 0 0 0 0 0 0 0 1 0 2 0 0 0 0 0 2 2 0 2 2 0 0 0 0 0 0 2 0 0 2 2 0 2 0 0 0 2 2 0 0 0 0 0 2 0 0 2 0 0 0 0 2 0 2 2 2 0 0 2 2 2 0 2 2 0 2 0 0 2 0 0 0 2 0 2 2 0 2 2 0 0 0 0 0 0
505 2 2 2 2 2 0 2 2 2 2 2 2 2 2 0 0 0 2 2 2 2 2 2 2 2 0 0 2 2 2 2 2 2 2 0 1 2 2 2 2 2 2 2 2 2 2 2 2 2 2 2 2 2 2 2 2 2 2 2 2 2 2 2 2 2 2 2 2 2 2 2 2 2 2 0 2 2 2 2 2 0 2 2 2 2 0 2 2 2 0 0 2 2 2 2 2 0 2 2 2 0 0 2 2 2 2 0 2 0 2 2 2 2 2 2 2 0 2 2 2 0 2 2 2 2 2 2 0 0 0 2 2 0 2 2 0 0 0 2 0 2 0 0 2 2 0 2 2 1 2 2 2 2 0 2 2 0 0 2 2 2 0 2 0 0 0 0 2 2 2 0 0 0 2 0 2 2 0 2 2 0 2 2 0 2 0 2 0 0 2 2 0 2 2 0 0 2 2 0 2 2 0 0 2 2 0 2 0 2 2 0 2 2 2 2 2 0 1 2 2 2 0 2 2 0 2 0 0 2 2 0 0 2 0 2 2 2 2 2 0 0 0 0 0 0
506 2 2 2 2 2 2 2 2 2 2 2 2 2 2 2 2 0 2 2 2 2 2 2 2 2 2 0 2 2 2 2 2 2 2 2 1 2 2 2 2 2 2 2 2 2 2 2 2 2 2 2 2 2 2 2 2 2 2 2 2 2 2 2 2 2 2 2 2 2 2 2 2 2 2 0 2 2 2 2 2 2 2 2 2 2 0 2 2 2 2 0 2 2 2 2 2 2 2 2 2 2 2 2 2 2 2 0 2 2 2 2 2 2 2 2 2 2 2 2 2 2 2 2 2 2 2 2 2 0 2 2 2 2 2 2 0 2 2 2 0 2 0 0 2 2 2 2 2 2 2 2 2 2 0 2 2 2 2 2 2 2 2 2 0 0 0 0 2 2 2 2 2 0 2 0 2 2 0 2 2 0 2 2 0 2 2 2 2 2 2 2 0 2 2 2 0 2 2 2 2 2 0 2 2 2 2 2 2 2 2 0 2 2 2 2 2 2 2 2 2 2 2 2 2 2 2 0 2 2 2 2 2 2 2 2 2 2 2 2 2 2 2 2 2 0
507 2 2 2 2 2 2 2 2 2 2 2 2 2 2 2 2 0 2 2 2 2 2 2 2 2 2 0 2 2 2 2 2 2 2 2 2 2 2 2 2 2 2 2 2 2 2 2 2 2 2 2 2 2 2 2 2 2 2 2 2 2 2 2 2 2 2 2 2 2 2 2 2 2 2 0 2 2 2 2 2 2 2 2 2 2 0 2 2 2 2 0 2 2 2 2 2 2 2 2 2 2 2 2 2 2 2 0 2 2 2 2 2 2 2 2 2 2 2 2 2 2 2 2 2 2 2 2 2 0 2 2 2 2 2 2 0 2 2 2 0 2 0 0 2 2 2 2 2 2 2 2 2 2 0 2 2 2 2 2 2 2 2 2 0 0 0 0 2 2 2 2 2 0 2 0 2 2 0 2 2 0 2 2 0 2 2 2 2 2 2 2 0 2 2 2 0 2 2 2 2 2 0 2 2 2 2 2 2 2 2 0 2 2 2 2 2 2 2 2 2 2 2 2 2 2 2 0 2 2 2 2 2 2 2 2 2 2 2 2 2 2 2 2 2 0
508 2 2 2 2 2 2 2 0 2 2 2 2 2 2 2 2 2 2 2 2 2 2 2 2 2 2 2 2 2 2 2 2 2 0 2 2 2 2 2 2 2 2 0 0 2 2 0 2 2 2 2 0 2 0 2 2 0 2 2 2 2 2 2 2 2 2 2 2 2 2 0 2 2 2 2 2 2 2 0 2 2 0 2 2 2 2 2 2 0 2 2 2 2 0 0 2 2 2 0 2 2 2 2 2 0 2 2 2 2 2 2 2 0 2 2 2 2 0 2 2 2 2 2 0 2 2 2 2 2 2 2 2 2 2 2 2 2 2 2 2 2 2 2 0 2 2 0 0 1 2 2 0 0 2 2 0 2 2 0 2 0 2 0 2 2 2 2 1 0 2 2 2 2 0 2 2 2 2 2 2 2 2 0 2 0 2 2 2 2 2 2 2 2 2 2 2 2 2 2 0 2 2 2 2 2 2 2 2 0 2 2 2 2 2 2 2 2 2 2 2 2 2 2 2 2 2 2 2 2 0 2 2 2 2 2 2 2 2 2 2 2 2 2 2 2
509 2 2 2 2 2 0 2 2 2 2 2 2 2 2 0 0 0 2 2 2 2 2 2 2 2 0 0 2 2 2 2 2 2 2 0 2 2 2 2 2 2 2 2 2 2 2 2 2 2 2 2 2 2 2 2 2 2 2 2 2 2 2 2 2 2 2 2 2 2 2 2 2 2 2 0 2 2 2 2 2 0 2 2 2 2 0 2 2 2 0 0 2 2 2 2 2 0 2 2 2 0 0 2 2 2 2 0 2 0 2 2 2 2 2 2 2 0 2 2 2 0 2 2 2 2 2 2 0 0 0 2 2 0 2 2 0 0 0 2 0 2 0 0 2 2 0 2 2 1 2 2 2 2 0 2 2 0 0 2 2 2 0 2 0 0 0 0 2 2 2 0 0 0 2 0 2 2 0 2 2 0 2 2 0 2 0 2 0 1 2 2 0 2 2 0 0 2 2 0 2 2 0 0 2 2 0 2 0 2 2 0 2 2 2 2 2 0 1 2 2 2 0 2 2 0 2 0 0 2 2 0 0 2 0 2 2 2 2 2 0 0 0 0 0 0
510 2 2 2 2 2 0 2 0 2 0 2 2 2 2 0 0 0 2 0 2 2 2 2 2 2 0 0 2 2 0 2 2 2 0 0 1 2 2 2 2 2 0 0 0 2 2 0 0 2 2 2 0 2 0 2 2 0 2 2 0 2 2 2 2 2 2 2 2 2 2 0 2 2 2 0 0 2 2 0 0 0 0 2 2 2 0 2 2 0 0 0 2 2 0 0 2 0 0 0 2 0 0 2 2 0 0 0 2 0 2 2 2 0 2 2 2 0 0 2 2 0 2 2 0 2 2 2 0 0 0 2 2 0 2 0 0 0 0 2 0 0 0 0 0 2 0 0 0 0 0 2 0 0 0 2 0 0 0 0 2 0 0 0 0 0 0 0 1 0 2 0 0 0 0 0 2 2 0 2 2 0 0 0 0 0 0 2 0 0 2 2 0 2 0 0 0 2 2 0 0 0 0 0 2 0 0 2 0 0 2 0 2 2 2 2 2 0 1 2 2 2 0 2 2 0 2 0 0 2 0 0 0 2 0 2 2 0 2 2 0 0 0 0 0 0
511 2 2 2 2 0 2 0 2 2 2 2 2 0 2 2 2 2 2 2 2 2 2 0 2 0 2 2 2 2 2 2 2 0 2 2 2 0 2 2 2 2 2 2 2 2 2 2 2 2 2 2 2 2 2 0 0 2 2 2 2 2 2 0 2 2 0 2 2 2 0 2 2 0 2 2 2 2 2 2 2 2 2 0 0 0 2 2 2 2 2 2 2 0 2 2 0 2 2 2 2 2 2 2 2 2 2 2 2 2 2 0 0 2 2 2 2 2 2 0 0 2 2 2 2 0 0 2 2 2 2 2 0 2 0 2 2 2 2 2 2 2 2 2 2 2 2 2 2 2 2 0 2 2 2 0 2 2 2 2 2 2 2 2 2 2 2 2 2 2 2 2 2 2 2 2 0 2 2 2 2 2 2 2 2 2 2 0 2 2 2 1 2 2 2 2 2 0 0 2 2 2 2 2 0 2 2 0 2 2 2 2 0 2 2 0 2 2 2 0 2 2 2 2 2 2 0 2 2 0 2 2 2 2 2 0 2 2 2 0 2 2 2 2 2 2
512 2 2 2 2 2 0 2 1 2 2 2 2 2 2 0 0 0 2 2 2 2 2 2 2 2 0 0 2 2 2 2 2 2 2 0 1 2 2 2 2 2 2 2 2 2 2 2 2 2 2 2 2 2 2 2 2 2 2 2 2 2 2 1 2 1 2 2 1 2 2 2 2 2 2 0 2 2 2 2 2 0 2 1 2 2 0 2 2 2 0 0 2 2 2 2 2 0 2 2 2 0 0 2 2 2 2 0 2 0 2 2 2 2 2 2 2 0 2 2 2 0 2 2 2 2 2 2 0 0 0 0 2 0 1 2 0 0 0 0 0 2 0 0 1 1 0 2 2 1 2 1 2 2 0 2 2 0 0 2 2 2 0 2 0 0 0 0 2 1 2 0 0 0 2 0 2 0 0 2 2 0 2 1 0 2 0 2 0 0 2 2 0 2 2 0 0 2 2 0 2 2 0 0 2 2 0 2 0 2 2 0 2 2 2 2 0 0 1 2 2 0 0 2 2 0 2 0 0 2 1 0 0 2 0 2 2 2 2 2 0 0 0 0 0 0
513 2 2 2 2 2 0 2 2 2 2 2 2 2 2 0 0 0 2 2 2 2 2 2 2 2 0 0 2 2 2 2 2 2 2 0 2 2 2 2 2 2 2 2 2 2 2 2 2 2 2 2 2 2 2 2 2 2 2 2 2 2 2 2 2 2 2 2 2 2 2 2 2 2 2 0 2 2 2 2 2 0 2 2 2 2 0 2 2 2 0 0 2 2 2 2 2 0 2 2 2 0 0 2 2 2 2 0 2 0 2 2 2 2 2 2 2 0 2 2 2 0 2 2 2 2 2 2 0 0 0 2 2 0 2 2 0 0 0 2 0 2 0 0 2 2 0 2 2 1 2 2 2 2 0 2 2 0 0 2 2 2 0 2 0 0 0 0 2 2 2 0 0 0 2 0 2 2 0 2 2 0 2 2 0 2 0 2 0 0 2 2 0 2 2 0 0 2 2 0 2 2 0 0 2 2 0 2 0 2 2 0 2 2 2 2 2 0 1 2 2 2 0 2 2 0 2 0 0 2 2 0 0 2 0 2 2 2 2 2 0 0 0 0 0 0
514 2 2 2 2 2 2 2 2 2 2 2 2 2 2 2 2 0 2 2 2 2 2 2 2 2 2 0 2 2 2 2 2 2 2 2 1 2 2 2 2 2 2 2 2 2 2 2 2 2 2 2 2 2 2 2 2 2 2 2 2 2 2 2 2 2 2 2 2 2 2 2 2 2 2 0 2 2 2 2 2 2 2 2 2 2 0 2 2 2 2 0 2 2 2 2 2 2 2 2 2 2 2 2 2 2 2 0 2 2 2 2 2 2 2 2 2 2 2 2 2 2 2 2 2 2 2 2 2 0 2 2 2 2 2 2 0 2 2 2 0 2 0 0 2 2 2 2 2 2 2 2 2 2 2 2 2 2 2 2 2 2 2 2 0 0 0 0 2 2 2 2 2 0 2 0 2 2 2 2 2 0 2 2 0 2 2 2 2 2 2 2 0 2 2 2 0 2 2 2 2 2 0 2 2 2 2 2 2 2 2 0 2 2 2 2 2 2 2 2 2 2 2 2 2 2 2 0 2 2 2 2 2 2 2 2 2 2 2 2 2 2 2 2 2 0
515 2 2 2 0 2 2 2 2 0 2 0 0 2 2 2 2 2 2 2 0 2 0 2 2 2 2 2 0 2 2 2 0 2 2 2 2 2 2 0 2 0 2 2 2 2 2 2 2 2 2 0 2 2 2 2 2 2 2 2 2 0 2 2 2 2 2 2 2 2 2 2 0 2 2 2 2 2 0 2 2 2 2 2 2 2 2 2 2 2 2 2 0 2 2 2 2 2 2 2 2 2 2 2 2 2 2 2 2 2 2 2 2 2 2 0 2 2 2 2 2 2 2 2 2 2 2 0 2 2 2 2 2 2 2 2 2 2 2 2 2 2 2 2 2 2 2 2 2 2 2 2 2 2 2 2 2 2 2 2 2 2 2 2 2 2 2 2 2 2 2 2 2 2 2 2 2 2 2 2 2 2 2 2 2 2 2 2 2 2 2 2 2 2 2 2 2 2 2 2 2 2 2 2 2 2 2 2 2 2 2 2 2 2 2 2 2 2 2 2 2 2 2 2 2 2 2 2 2 2 2 2 2 2 2 2 2 2 2 2 2 2 2 2 2 2
516 2 2 0 0 2 0 2 0 0 0 0 0 2 2 0 0 0 0 0 0 0 0 2 2 2 0 0 0 0 0 0 0 2 0 0 1 2 2 0 0 0 0 0 0 2 0 0 0 0 0 0 0 2 0 2 2 0 2 0 0 0 2 2 2 2 2 2 2 2 2 0 0 2 2 0 0 0 0 0 0 0 0 2 2 2 0 0 2 0 0 0 0 2 0 0 2 0 0 0 0 0 0 2 0 0 0 0 2 0 2 2 2 0 2 0 0 0 0 2 2 0 0 0 0 2 2 0 0 0 0 2 2 0 2 0 0 0 0 2 0 0 0 0 0 2 0 0 0 0 0 2 0 0 0 2 0 0 0 0 2 0 0 0 0 0 0 0 1 0 2 0 0 0 0 0 2 2 0 2 2 0 0 0 0 0 0 2 0 0 2 2 0 2 0 0 0 2 2 0 0 0 0 0 2 0 0 2 0 0 0 0 2 0 2 2 2 0 0 2 2 2 0 2 2 0 2 0 0 2 0 0 0 2 0 2 2 0 2 2 0 0 0 0 0 0
517 0 0 2 2 2 2 2 2 2 2 2 2 2 0 2 2 2 2 2 2 2 2 2 0 2 2 2 2 2 2 2 2 2 2 2 1 2 0 2 2 2 2 2 2 0 2 2 2 2 2 2 2 2 2 2 2 2 0 2 2 2 0 2 2 2 2 0 2 2 2 2 2 2 2 2 2 2 2 2 2 2 2 2 2 2 2 2 0 2 2 2 2 2 2 2 2 2 2 2 2 2 2 0 2 2 2 2 2 2 0 2 2 2 0 2 2 2 2 2 2 2 2 2 2 2 2 2 2 2 2 2 2 2 2 2 2 2 2 2 2 2 2 2 2 2 2 2 2 2 2 2 2 2 2 2 2 2 2 2 0 2 2 2 2 2 2 2 2 2 0 2 2 2 2 2 2 2 2 0 0 2 2 2 2 2 2 2 2 2 0 1 2 0 2 2 2 2 2 2 2 2 2 2 2 2 2 2 2 2 2 2 2 2 2 2 2 2 2 2 2 2 2 2 0 2 2 2 2 2 2 2 2 0 2 2 2 2 0 2 2 2 2 2 2 2
518 2 2 2 2 2 0 2 2 2 2 2 2 2 2 0 0 0 2 2 2 2 2 2 2 2 0 0 2 2 2 2 2 2 2 0 1 2 2 2 2 2 2 2 2 2 2 2 2 2 2 2 2 2 2 2 2 2 2 2 2 2 2 2 2 2 2 2 2 2 2 2 2 2 2 0 2 2 2 2 2 0 2 2 2 2 0 2 2 2 0 0 2 2 2 2 2 0 2 2 2 0 0 2 2 2 2 0 2 0 2 2 2 2 2 2 2 0 2 2 2 0 2 2 2 2 2 2 0 0 0 2 2 0 2 2 0 0 0 2 0 2 0 0 2 2 0 2 2 1 2 2 2 2 0 2 2 0 0 2 2 2 0 2 0 0 0 0 2 2 2 0 0 0 2 0 2 2 0 2 2 0 2 2 0 2 0 2 0 0 2 2 0 2 2 0 0 2 2 0 2 2 0 0 2 2 0 2 0 2 2 0 2 2 2 2 2 0 1 2 2 2 0 2 2 0 2 0 0 2 2 0 0 2 0 2 2 2 2 2 0 0 0 0 0 0
519 2 2 2 2 2 0 2 2 2 2 2 2 2 2 0 0 0 2 2 2 2 2 2 2 2 0 0 2 2 2 2 2 2 2 0 1 2 2 2 2 2 2 2 2 2 2 2 2 2 2 2 2 2 2 2 2 2 2 2 2 2 2 2 2 1 2 2 2 2 2 2 2 2 2 0 2 2 2 2 2 0 2 2 2 2 0 2 2 2 0 0 2 2 2 2 2 0 2 2 2 0 0 2 2 2 2 0 2 0 2 2 2 2 2 2 2 0 2 2 2 0 2 2 2 2 2 2 0 0 0 2 2 0 2 2 0 0 0 2 0 2 0 0 2 2 0 2 2 1 2 2 2 2 0 2 2 0 0 2 2 2 0 2 0 0 0 0 2 2 2 0 0 0 2 0 2 2 0 2 2 0 2 2 0 2 0 2 0 0 2 2 0 2 2 0 0 2 2 0 2 2 0 0 2 2 0 2 0 2 2 0 2 2 2 2 2 0 1 2 2 2 0 2 2 0 2 0 0 2 2 0 0 2 0 2 2 2 2 2 0 0 0 0 0 0
520 2 2 0 0 2 0 2 0 0 0 0 0 2 2 0 0 0 0 0 0 0 0 2 2 2 0 0 0 0 0 0 0 2 0 0 1 2 2 0 0 0 0 0 0 2 0 0 0 0 0 0 0 2 0 2 2 0 2 0 0 0 2 2 2 2 2 2 2 2 2 0 0 2 2 0 0 0 0 0 0 0 0 2 2 2 0 0 2 0 0 0 0 2 0 0 2 0 0 0 0 0 0 2 0 0 0 0 2 0 2 2 2 0 2 0 0 0 0 2 2 0 0 0 0 2 2 0 0 0 0 2 2 0 2 0 0 0 0 2 0 0 0 0 0 2 0 0 0 0 0 2 0 0 0 2 0 0 0 0 2 0 0 0 0 0 0 0 1 0 2 0 0 0 0 0 2 2 0 2 2 0 0 0 0 0 0 2 0 0 2 2 0 2 0 0 0 2 2 0 0 0 0 0 2 0 0 2 0 0 0 0 2 0 2 2 2 0 0 2 2 2 0 2 2 0 2 0 0 2 0 0 0 2 0 2 2 0 2 2 0 0 0 0 0 0
521 2 2 2 2 2 2 2 2 2 2 2 2 2 2 2 2 2 2 2 2 2 2 2 2 2 2 2 2 2 2 2 2 2 0 2 2 2 2 2 2 2 2 2 2 2 2 2 2 2 2 2 2 2 0 2 2 0 2 2 2 2 2 2 2 2 2 2 2 2 2 2 2 2 2 2 2 2 2 0 2 2 0 2 2 2 2 2 2 0 2 2 2 2 0 2 2 2 2 2 2 2 2 2 2 0 2 2 2 2 2 2 2 2 2 2 2 2 0 2 2 2 2 2 2 2 2 2 2 2 2 2 2 2 2 2 2 2 2 2 2 2 2 2 0 2 2 2 2 2 2 2 2 2 2 2 0 2 2 0 2 2 2 0 2 2 2 2 2 0 2 2 2 2 2 2 2 2 2 2 2 2 2 0 2 2 2 2 2 2 2 2 2 2 2 2 2 2 2 2 0 2 2 2 2 2 2 2 2 2 2 2 2 2 2 2 2 2 2 2 2 2 2 2 2 2 2 2 2 2 2 2 2 2 2 2 2 2 2 2 2 2 2 2 2 2
522 2 2 0 0 2 0 2 0 0 0 0 0 2 2 0 0 0 0 0 0 0 0 2 2 2 0 0 0 0 0 0 0 2 0 0 1 2 2 0 0 0 0 0 0 2 0 0 0 0 0 0 0 2 0 2 2 0 2 0 0 0 2 2 2 2 2 2 2 2 2 0 0 2 2 0 0 0 0 0 0 0 0 2 2 2 0 0 2 0 0 0 0 2 0 0 2 0 0 0 0 0 0 2 0 0 0 0 2 0 2 2 2 0 2 0 0 0 0 2 2 0 0 0 0 2 2 0 0 0 0 2 2 0 2 0 0 0 0 2 0 0 0 0 0 2 0 0 0 0 0 2 0 0 0 2 0 0 0 0 2 0 0 0 0 0 0 0 2 0 2 0 0 0 0 0 2 2 0 2 2 0 0 0 0 0 0 2 0 0 2 2 0 2 0 0 0 2 2 0 0 0 0 0 2 0 0 2 0 0 0 0 2 0 2 2 2 0 0 2 2 2 0 2 2 0 2 0 0 2 0 0 0 2 0 2 2 0 2 2 0 0 0 0 0 0
523 2 2 2 2 2 2 2 2 2 2 2 2 2 2 2 2 2 2 2 2 2 2 2 2 2 2 2 2 2 2 2 2 2 2 0 2 2 2 2 2 2 2 2 2 2 2 2 2 2 2 2 2 2 2 2 2 2 2 2 2 2 2 2 2 2 2 2 2 2 2 2 2 2 2 2 2 2 2 2 2 0 2 2 2 2 2 2 2 2 0 2 2 2 2 2 2 0 2 2 2 2 2 2 2 2 2 2 2 0 2 2 2 2 2 2 2 2 2 2 2 0 2 2 2 2 2 2 0 2 2 2 2 2 2 2 2 2 2 2 2 2 2 2 2 2 2 2 2 2 2 2 2 2 2 2 2 0 0 2 2 2 2 2 2 2 2 2 2 2 2 2 2 2 2 2 2 2 2 2 2 2 2 2 2 2 2 2 2 2 2 2 2 2 2 2 2 2 2 0 2 2 2 0 2 2 2 2 0 2 2 2 2 2 2 2 2 0 2 2 2 2 2 2 2 2 2 2 2 2 2 0 2 2 2 2 2 2 2 2 0 2 2 0 2 2
524 2 2 0 0 2 0 2 0 0 0 0 0 2 2 0 0 0 0 0 0 0 0 2 2 2 0 0 0 0 0 0 0 2 0 0 1 2 2 0 0 0 0 0 0 2 0 0 0 0 0 0 0 2 0 2 2 0 2 0 0 0 2 2 2 2 2 2 2 2 2 0 0 2 2 0 0 0 0 0 0 0 0 2 2 2 0 0 2 0 0 0 0 2 0 0 2 0 0 0 0 0 0 2 0 0 0 0 2 0 2 2 2 0 2 0 0 0 0 2 2 0 0 0 0 2 2 0 0 0 0 2 2 0 2 0 0 0 0 2 0 0 0 0 0 2 0 0 0 0 0 2 0 0 0 2 0 0 0 0 2 0 0 0 0 0 0 0 1 0 2 0 0 0 0 0 2 2 0 2 2 0 0 0 0 0 0 2 0 0 2 2 0 2 0 0 0 2 2 0 0 0 0 0 2 0 0 2 0 0 0 0 2 0 2 2 2 0 0 2 2 2 0 2 2 0 2 0 0 2 0 0 0 2 0 2 2 0 2 2 0 0 0 0 0 0
525 2 2 2 2 2 2 2 0 2 2 2 2 2 2 0 2 2 2 2 2 2 2 2 2 2 2 2 2 2 2 2 2 2 0 2 2 2 2 2 2 2 2 0 0 2 2 0 2 2 2 2 0 2 0 2 2 0 2 2 2 2 2 2 2 2 2 2 2 2 2 0 2 2 2 2 2 2 2 0 2 2 0 2 2 2 2 2 2 0 2 2 2 2 0 0 2 2 2 0 2 2 2 2 2 0 2 2 2 0 2 2 2 0 2 2 2 2 0 2 2 2 2 2 0 2 2 2 0 0 2 2 2 2 2 2 2 2 2 2 2 2 2 2 0 2 2 0 0 0 2 2 0 0 2 2 0 0 0 0 2 0 2 0 2 2 0 2 1 0 2 2 2 2 0 2 2 2 2 2 2 2 2 0 2 0 2 2 2 2 2 2 2 2 2 2 2 2 2 0 0 2 2 2 2 2 0 2 0 0 2 0 2 2 2 2 2 2 2 2 2 2 2 2 2 2 2 2 2 2 0 0 2 2 2 2 2 2 2 2 0 2 2 0 2 2
526 2 2 0 0 2 0 2 0 0 0 0 0 2 2 0 0 0 0 0 0 0 0 2 2 2 0 0 0 0 0 0 0 2 0 0 1 2 2 0 0 0 0 0 0 2 0 0 0 0 0 0 0 2 0 2 2 0 2 0 0 0 2 2 2 2 2 2 2 2 2 0 0 2 2 0 0 0 0 0 0 0 0 2 2 2 0 0 2 0 0 0 0 2 0 0 2 0 0 0 0 0 0 2 0 0 0 0 2 0 2 2 2 0 2 0 0 0 0 2 2 0 0 0 0 2 2 0 0 0 0 2 2 0 2 0 0 0 0 2 0 0 0 0 0 2 0 0 0 0 0 2 0 0 0 2 0 0 0 0 2 0 0 0 0 0 0 0 1 0 2 0 0 0 0 0 2 2 0 2 2 0 0 0 0 0 0 2 0 0 2 2 0 2 0 0 0 2 2 0 0 0 0 0 2 0 0 2 0 0 0 0 2 0 2 2 2 0 0 2 2 2 0 2 2 0 2 0 0 2 0 0 0 2 0 2 2 0 2 2 0 0 0 0 0 0
527 2 2 2 2 2 0 2 0 2 2 2 2 2 2 0 0 0 2 2 2 2 2 2 2 2 0 0 2 2 2 2 2 2 0 0 1 2 2 2 2 2 2 0 0 2 2 0 2 2 2 2 0 2 0 2 2 0 2 2 2 2 2 2 2 2 2 2 2 2 2 0 2 2 2 0 2 2 2 0 2 0 0 2 2 2 0 2 2 0 0 0 2 2 0 0 2 0 2 0 2 0 0 2 2 0 2 0 2 0 2 2 2 0 2 2 2 0 0 2 2 0 2 2 0 2 2 2 0 0 0 2 2 0 2 2 0 0 0 2 0 2 0 0 0 2 0 0 0 0 2 2 0 0 0 2 0 0 0 0 2 0 0 0 0 0 0 0 2 0 2 0 0 0 0 0 2 2 0 2 2 0 2 0 0 0 0 2 0 0 2 2 0 2 2 0 0 2 2 0 0 2 0 0 2 2 0 2 0 0 2 0 2 2 2 2 2 0 1 2 2 2 0 2 2 0 2 0 0 2 0 0 0 2 0 2 2 2 2 2 0 0 0 0 0 0
528 2 2 2 2 2 2 2 2 2 2 2 2 2 2 2 2 2 2 2 2 2 2 2 2 2 2 2 2 2 2 2 2 2 2 2 2 2 2 2 2 2 2 2 2 2 2 2 2 2 2 2 2 0 2 2 2 2 2 2 2 2 2 2 2 0 2 2 0 2 2 2 2 2 0 2 2 2 2 2 2 2 2 2 2 2 2 2 2 2 2 2 2 2 2 2 2 2 2 2 2 2 2 2 2 2 2 2 0 2 2 2 2 2 2 2 2 2 2 2 2 2 2 2 2 2 2 2 2 2 2 0 2 2 2 2 2 2 2 0 2 2 2 2 2 0 2 2 2 2 2 2 2 2 2 2 2 2 2 2 2 2 2 2 2 2 2 2 2 2 2 2 2 2 2 2 2 0 2 2 2 2 2 2 2 2 2 2 2 2 2 2 2 2 2 2 2 2 2 2 2 2 2 2 2 2 2 2 2 2 2 2 2 2 0 2 0 2 2 2 2 0 2 0 2 2 2 2 2 2 2 2 2 2 2 2 2 2 2 2 2 2 2 2 2 2
529 0 0 2 2 2 2 2 2 2 2 2 2 2 0 2 2 2 2 2 2 2 2 2 0 2 2 2 2 2 2 2 2 2 2 2 1 2 0 2 2 2 2 2 2 0 2 2 2 2 2 2 2 2 2 2 2 2 0 2 2 2 0 2 2 2 2 0 2 2 2 2 2 2 2 2 2 2 2 2 2 2 2 2 2 2 2 2 0 2 2 2 2 2 2 2 2 2 2 2 2 2 2 0 2 2 2 2 2 2 0 2 2 2 0 2 2 2 2 2 2 2 2 2 2 2 2 2 2 2 2 2 2 2 2 2 2 2 2 2 2 2 2 2 2 2 2 2 2 2 2 2 2 2 2 2 2 2 2 2 0 2 2 2 2 2 2 2 2 2 0 2 2 2 2 2 2 2 2 0 0 2 2 2 2 2 2 2 2 2 0 1 2 0 2 2 2 2 2 2 2 2 2 2 2 2 2 2 2 2 2 2 2 2 2 2 2 2 2 2 2 2 2 2 0 2 2 2 2 2 2 2 2 0 2 2 2 2 0 2 2 2 2 2 2 2
530 0 0 0 0 0 0 0 0 0 0 0 0 0 0 0 0 0 0 0 0 0 0 0 0 0 0 0 0 0 0 0 0 0 0 0 0 0 0 0 0 0 0 0 0 0 0 0 0 0 0 0 0 2 0 0 0 0 0 0 0 0 0 0 2 2 0 0 2 2 0 0 0 0 2 0 0 0 0 0 0 0 0 0 0 0 0 0 0 0 0 0 0 0 0 0 0 0 0 0 0 0 0 0 0 0 0 0 2 0 0 0 0 0 0 0 0 0 0 0 0 0 0 0 0 0 0 0 0 0 0 2 0 0 0 0 0 0 0 2 0 0 0 0 0 2 0 0 0 0 0 0 0 0 0 0 0 0 0 0 0 0 0 0 0 0 0 0 1 0 0 0 0 0 0 0 0 2 0 0 0 0 0 0 0 0 0 0 0 0 0 0 0 0 0 0 0 0 0 0 0 0 0 0 0 0 0 0 0 0 0 0 0 0 2 0 2 0 0 0 2 2 0 2 0 0 0 0 0 0 0 0 0 0 0 0 0 0 0 0 0 0 0 0 0 0
531 2 2 2 2 2 2 2 2 2 2 2 2 2 2 2 2 0 2 2 2 2 2 2 2 2 2 0 2 2 2 2 2 2 2 2 1 2 2 2 2 2 2 2 2 2 2 2 2 2 2 2 2 2 2 2 2 2 2 2 2 2 2 2 2 2 2 2 2 2 2 2 2 2 2 0 2 2 2 2 2 2 2 2 2 2 0 2 2 2 2 0 2 2 2 2 2 2 2 2 2 2 2 2 2 2 2 0 2 2 2 2 2 2 2 2 2 2 2 2 2 2 2 2 2 2 2 2 2 0 2 2 2 2 2 2 0 2 2 2 0 2 0 0 2 2 2 2 2 2 2 2 2 2 2 2 2 2 2 2 2 2 2 2 0 0 0 0 2 2 2 2 2 0 2 0 2 2 2 2 2 0 2 2 0 2 2 2 2 2 2 2 0 2 2 2 0 2 2 2 2 2 0 2 2 2 2 2 2 2 2 0 2 2 2 2 2 2 2 2 2 2 2 2 2 2 2 0 2 2 2 2 2 2 2 2 2 2 2 2 2 2 2 2 2 0
532 2 2 2 2 2 0 2 2 2 2 2 2 2 2 0 0 0 2 2 2 2 2 2 2 2 0 0 2 2 2 2 2 2 2 0 2 2 2 2 2 2 2 2 2 2 2 2 2 2 2 2 2 2 2 2 2 2 2 2 2 2 2 2 2 2 2 2 2 2 2 2 2 2 2 0 2 2 2 2 2 0 2 2 2 2 0 2 2 2 0 0 2 2 2 2 2 0 2 2 2 0 0 2 2 2 2 0 2 0 2 2 2 2 2 2 2 0 2 2 2 0 2 2 2 2 2 2 0 0 0 2 2 0 2 2 0 0 0 2 0 2 0 0 2 2 0 2 2 1 2 2 2 2 0 2 2 0 0 2 2 2 0 2 0 0 0 0 2 2 2 0 0 0 2 0 2 2 0 2 2 0 2 2 0 2 0 2 0 0 2 2 0 2 2 0 0 2 2 0 2 2 0 0 2 2 0 2 0 2 2 0 2 2 2 2 2 0 1 2 2 2 0 2 2 0 2 0 0 2 2 0 0 2 0 2 2 2 2 2 0 0 0 0 0 0
533 2 2 2 2 2 0 2 2 2 2 2 2 2 2 2 0 2 2 2 2 2 2 2 2 2 0 2 2 2 2 2 2 2 2 0 2 2 2 2 2 2 2 2 2 2 2 2 2 2 2 2 2 2 2 2 2 2 2 2 2 2 2 2 2 2 2 2 2 2 2 2 2 2 2 2 2 2 2 2 2 0 2 2 2 2 2 2 2 2 0 2 2 2 2 2 2 0 2 2 2 0 0 2 2 2 2 2 2 0 2 2 2 2 2 2 2 0 2 2 2 0 2 2 2 2 2 2 0 2 0 2 2 0 2 2 2 0 0 2 2 2 2 2 2 2 2 2 2 1 2 2 2 2 0 2 2 0 0 2 2 2 2 2 2 2 2 2 2 2 2 2 2 2 2 2 2 2 0 2 2 2 2 2 2 2 0 2 0 0 2 2 2 2 2 0 2 2 2 0 2 2 2 0 2 2 0 2 0 2 2 2 2 2 2 2 2 0 1 2 2 2 0 2 2 2 2 2 0 2 2 0 0 2 0 2 2 2 2 2 0 0 0 0 0 2
534 2 2 2 2 0 2 0 2 2 2 2 2 0 2 2 2 2 2 2 2 2 2 0 2 0 2 2 2 2 2 2 2 0 2 2 2 0 2 2 2 2 2 2 2 2 2 2 2 2 2 2 2 2 2 0 0 2 2 2 2 2 2 0 2 2 0 2 2 2 0 2 2 0 2 2 2 2 2 2 2 2 2 0 0 0 2 2 2 2 2 2 2 0 2 2 0 2 2 2 2 2 2 2 2 2 2 2 2 2 2 0 0 2 2 2 2 2 2 0 0 2 2 2 2 0 0 2 2 2 2 2 0 2 0 2 2 2 2 2 2 2 2 2 2 2 2 2 2 2 2 0 2 2 2 0 2 2 2 2 2 2 2 2 2 2 2 2 2 2 2 2 2 2 2 2 0 2 2 2 2 2 2 2 2 2 2 0 2 2 2 1 2 2 2 2 2 0 0 2 2 2 2 2 0 2 2 0 2 2 2 2 0 2 2 0 2 2 2 0 2 2 2 2 2 2 0 2 2 0 2 2 2 2 2 0 2 2 2 0 2 2 2 2 2 2
535 2 2 2 2 2 2 2 2 2 2 2 2 2 2 2 2 2 2 2 2 2 2 2 2 2 2 2 2 2 2 2 2 2 2 2 2 2 2 2 2 2 2 2 2 2 2 2 2 2 2 2 2 2 2 2 2 2 2 2 2 2 2 2 2 2 2 2 2 2 2 2 2 2 2 2 2 2 2 2 2 2 2 2 2 2 2 2 2 2 2 2 2 2 2 2 2 2 2 2 2 0 2 2 2 2 2 2 2 2 2 2 2 2 2 2 2 2 2 2 2 2 2 2 2 2 2 2 2 2 2 2 2 0 2 2 2 0 2 2 2 2 2 2 2 2 2 2 2 2 2 2 2 2 0 2 2 2 2 2 2 2 2 2 2 2 2 2 2 2 2 2 2 2 2 2 2 2 0 2 2 2 2 2 2 2 0 2 2 0 2 2 2 2 2 0 2 2 2 2 2 2 2 2 2 2 0 2 2 2 2 2 2 2 2 2 2 2 2 2 2 2 2 2 2 2 2 2 0 2 2 2 2 2 0 2 2 2 2 2 2 2 0 2 0 2
536 2 2 2 2 2 2 2 2 2 2 2 2 2 2 2 2 2 2 2 2 2 2 2 2 2 2 2 2 2 2 2 2 2 2 0 2 2 2 2 2 2 2 2 2 2 2 2 2 2 2 2 2 2 2 2 2 2 2 2 2 2 2 2 2 2 2 2 2 2 2 2 2 2 2 2 2 2 2 2 2 0 2 2 2 2 2 2 2 2 0 2 2 2 2 2 2 0 2 2 2 2 2 2 2 2 2 2 2 0 2 2 2 2 2 2 2 2 2 2 2 0 2 2 2 2 2 2 0 2 2 2 2 2 2 2 2 2 2 2 2 2 2 2 2 2 2 2 2 2 2 2 2 2 2 2 2 0 0 2 2 2 2 2 2 2 2 2 2 2 2 2 2 2 2 2 2 2 2 2 2 2 2 2 2 2 2 2 2 2 2 2 2 2 2 2 2 2 2 0 2 2 2 0 2 2 2 2 0 2 2 2 2 2 2 2 2 0 2 2 2 2 2 2 2 2 2 2 2 2 2 0 2 2 2 2 2 2 2 2 0 2 2 0 2 2
537 2 2 2 2 2 2 2 0 2 2 2 2 2 2 2 2 2 2 2 2 2 2 2 2 2 2 2 2 2 2 2 2 2 0 2 2 2 2 2 2 2 2 0 0 2 2 0 2 2 2 2 0 2 0 2 2 0 2 2 2 2 2 2 2 2 2 2 2 2 2 0 2 2 2 2 2 2 2 0 2 2 0 2 2 2 2 2 2 0 2 2 2 2 0 0 2 2 2 0 2 2 2 2 2 0 2 2 2 2 2 2 2 0 2 2 2 2 0 2 2 2 2 2 0 2 2 2 2 2 2 2 2 2 2 2 2 2 2 2 2 2 2 2 0 2 2 0 0 1 2 2 0 0 2 2 0 2 2 0 2 0 2 0 2 2 2 2 1 0 2 2 2 2 0 2 2 2 2 2 2 2 2 0 2 0 2 2 2 2 2 2 2 2 2 2 2 2 2 2 0 2 2 2 2 2 2 2 2 0 2 2 2 2 2 2 2 2 2 2 2 2 2 2 2 2 2 2 2 2 0 2 2 2 2 2 2 2 2 2 2 2 2 2 2 2
538 2 2 2 2 2 2 2 0 2 2 2 2 2 2 2 2 2 2 2 2 2 2 2 2 2 2 2 2 2 2 2 2 2 0 2 2 2 2 2 2 2 2 0 0 2 2 0 2 2 2 2 0 2 0 2 2 0 2 2 2 2 2 2 2 2 2 2 2 2 2 0 2 2 2 2 2 2 2 0 2 2 0 2 2 2 2 2 2 0 2 2 2 2 0 0 2 2 2 0 2 2 2 2 2 0 2 2 2 2 2 2 2 0 2 2 2 2 0 2 2 2 2 2 0 2 2 2 2 2 2 2 2 2 2 2 2 2 2 2 2 2 2 2 0 2 2 0 0 1 2 2 0 0 2 2 0 2 2 0 2 0 2 0 2 2 2 2 1 0 2 2 2 2 0 2 2 2 2 2 2 2 2 0 2 0 2 2 2 2 2 2 2 2 2 2 2 2 2 2 0 2 2 2 2 2 2 2 2 0 2 2 2 2 2 2 2 2 2 2 2 2 2 2 2 2 2 2 2 2 0 2 2 2 2 2 2 2 2 2 2 2 2 2 2 2
539 2 2 2 2 2 2 2 2 2 2 2 2 2 2 2 2 2 2 2 2 2 2 2 2 2 2 2 2 2 2 2 2 2 2 0 2 2 2 2 2 2 2 2 2 2 2 2 2 2 2 2 2 2 2 2 2 2 2 2 2 2 2 2 2 2 2 2 2 2 2 2 2 2 2 2 2 2 2 2 2 0 2 2 2 2 2 2 2 2 0 2 2 2 2 2 2 0 2 2 2 2 2 2 2 2 2 2 2 0 2 2 2 2 2 2 2 2 2 2 2 0 2 2 2 2 2 2 0 2 2 2 2 2 2 2 2 2 2 2 2 2 2 2 2 2 2 2 2 2 2 2 2 2 2 2 2 0 0 2 2 2 2 2 2 2 2 2 2 2 2 2 2 2 2 2 2 2 2 2 2 2 2 2 2 2 2 2 2 2 2 2 2 2 2 2 2 2 2 0 2 2 2 0 2 2 2 2 0 2 2 2 2 2 2 2 2 0 2 2 2 2 2 2 2 2 2 2 2 2 2 0 2 2 2 2 2 2 2 2 0 2 2 0 2 2
540 2 2 2 2 2 2 2 2 2 2 2 2 2 2 1 2 1 2 2 2 2 2 2 2 2 2 1 2 2 2 2 2 2 2 2 1 2 2 2 2 2 2 2 2 2 2 2 2 2 2 2 2 2 2 2 2 2 2 2 2 2 2 2 2 2 2 2 2 2 2 2 2 2 2 0 2 2 2 2 2 2 2 2 2 2 1 2 2 2 2 1 2 2 2 2 2 2 2 2 2 2 2 2 2 2 2 1 2 2 2 2 2 2 2 2 2 2 2 2 2 2 2 2 2 2 2 2 2 0 2 2 2 2 2 2 1 2 2 2 0 2 1 0 2 2 1 2 2 1 2 2 2 2 2 2 2 2 2 2 2 2 1 2 0 1 1 0 2 2 2 1 1 0 2 1 2 2 2 2 2 1 2 2 1 2 2 2 2 2 1 1 1 2 2 2 0 2 2 2 2 2 0 2 2 2 2 2 2 2 2 0 2 2 2 2 2 2 2 2 2 2 2 2 2 1 2 1 2 2 1 2 2 2 2 2 2 2 2 2 2 2 2 2 2 0
541 2 2 2 2 2 2 2 2 2 2 2 2 2 2 2 2 2 2 2 0 2 2 2 2 2 2 2 2 2 2 2 2 2 2 0 2 2 2 2 2 2 2 2 2 2 2 2 2 2 2 2 2 2 2 2 2 2 2 2 2 2 2 2 2 2 2 2 2 2 2 2 2 2 2 2 2 2 2 2 2 0 2 2 2 2 2 2 2 2 0 2 2 2 2 2 2 0 2 2 2 2 2 2 2 2 2 2 2 0 2 2 2 2 2 2 2 2 2 2 2 0 2 2 2 2 2 2 0 2 2 2 2 2 2 2 2 2 2 2 2 2 2 2 2 2 2 2 2 2 2 2 2 2 2 2 2 0 0 2 2 2 2 2 2 2 2 2 2 2 2 2 2 2 2 2 2 2 2 2 2 2 2 2 2 2 2 2 2 2 2 2 2 2 2 2 2 2 2 0 2 2 2 0 2 2 2 2 0 2 2 2 2 2 2 2 2 0 2 2 2 2 2 2 2 2 2 2 2 2 2 0 2 2 2 2 2 2 2 2 0 2 2 0 2 2
542 2 2 2 2 2 0 2 0 2 0 2 2 2 2 0 0 0 2 0 2 0 2 2 2 2 0 0 2 2 0 0 2 2 0 0 1 2 2 2 0 2 0 0 0 2 2 0 0 2 0 2 0 2 0 2 2 0 2 2 2 2 2 2 2 2 2 2 2 2 2 0 2 2 2 0 0 2 2 0 2 0 0 2 2 2 0 2 2 0 0 0 2 2 0 0 2 0 2 0 2 0 0 2 0 0 2 0 2 0 2 2 2 0 2 2 0 0 0 2 2 0 0 0 0 2 2 2 0 0 0 2 2 0 2 2 0 0 0 2 0 0 0 0 0 2 0 0 0 0 2 2 0 0 0 2 0 0 0 0 2 0 0 0 0 0 0 0 1 0 2 0 0 0 0 0 2 2 0 2 2 0 2 0 0 0 0 2 0 0 2 2 0 2 2 0 0 2 2 0 0 2 0 0 2 2 0 2 0 0 0 0 2 2 2 2 2 0 0 2 2 2 0 2 2 0 2 0 0 2 0 0 0 2 0 2 2 2 2 2 0 0 0 0 0 0
543 2 2 2 2 2 0 2 0 2 0 2 2 2 2 0 0 0 2 0 2 0 2 2 2 2 0 0 2 2 0 0 2 2 0 0 1 2 2 2 0 2 0 0 0 2 2 0 0 2 0 2 0 2 0 2 2 0 2 2 0 2 2 2 2 2 2 2 2 2 2 0 2 2 2 0 0 2 2 0 0 0 0 2 2 2 0 2 2 0 0 0 2 2 0 0 2 0 0 0 2 0 0 2 0 0 0 0 2 0 2 2 2 0 2 2 0 0 0 2 2 0 0 0 0 2 2 2 0 0 0 2 2 0 2 0 0 0 0 2 0 0 0 0 0 2 0 0 0 0 0 2 0 0 0 2 0 0 0 0 2 0 0 0 0 0 0 0 1 0 2 0 0 0 0 0 2 2 0 2 2 0 0 0 0 0 0 2 0 0 2 2 0 2 0 0 0 2 2 0 0 0 0 0 2 0 0 2 0 0 0 0 2 2 2 2 2 0 0 2 2 2 0 2 2 0 2 0 0 2 0 0 0 2 0 2 2 0 2 2 0 0 0 0 0 0
544 2 2 2 2 2 2 2 2 2 2 2 2 2 2 2 2 0 2 2 2 2 2 2 2 2 2 0 2 2 2 2 2 2 2 2 1 2 2 2 2 2 2 2 2 2 2 2 2 2 2 2 2 2 2 2 2 2 2 2 2 2 2 2 2 2 2 2 2 2 2 2 2 2 2 0 2 2 2 2 2 2 2 2 2 2 0 2 2 2 2 0 2 2 2 2 2 2 2 2 2 2 2 2 2 2 2 0 2 2 2 2 2 2 2 2 2 2 2 2 2 2 2 2 2 2 2 2 2 0 2 2 2 2 2 2 0 2 2 2 0 2 0 0 2 2 2 2 2 2 2 2 2 2 2 2 2 2 2 2 2 2 2 2 0 0 0 0 2 2 2 2 2 0 2 0 2 2 2 2 2 0 2 2 0 2 2 2 2 2 2 2 0 2 2 2 0 2 2 2 2 2 0 2 2 2 2 2 2 2 2 0 2 2 2 2 2 2 2 2 2 2 2 2 2 2 2 0 2 2 2 2 2 2 2 2 2 2 2 2 2 2 2 2 2 0
545 2 2 2 2 2 0 2 2 2 2 2 2 2 2 0 0 0 2 2 2 2 2 2 2 2 0 0 2 2 2 2 2 2 2 0 1 2 2 2 2 2 2 2 2 2 2 2 2 2 2 2 2 2 2 2 2 2 2 2 2 2 2 2 2 2 2 2 2 2 2 2 2 2 2 0 2 2 2 2 2 0 2 2 2 2 0 2 2 2 0 0 2 2 2 2 2 0 2 2 2 0 0 2 2 2 2 0 2 0 2 2 2 2 2 2 2 0 2 2 2 0 2 2 2 2 2 2 0 0 0 2 2 0 2 2 0 0 0 2 0 2 0 0 2 2 0 2 2 1 2 2 2 2 0 2 2 0 0 2 2 2 0 2 0 0 0 0 2 2 2 0 0 0 2 0 2 2 0 2 2 0 2 2 0 2 0 2 0 0 2 2 0 2 2 0 0 2 2 0 2 2 0 0 2 2 0 2 0 2 2 0 2 2 2 2 2 0 1 2 2 2 0 2 2 0 2 0 0 2 2 0 0 2 0 2 2 2 2 2 0 0 0 0 0 0
546 2 2 2 2 2 0 2 2 2 2 2 2 2 2 2 0 2 2 2 2 2 2 2 2 2 0 2 2 2 2 2 2 2 2 0 2 2 2 2 2 2 2 2 2 2 2 2 2 2 2 2 2 2 2 2 2 2 2 2 2 2 2 2 2 2 2 2 2 2 2 2 2 2 2 2 2 2 2 2 2 0 2 2 2 2 2 2 2 2 0 2 2 2 2 2 2 0 2 2 2 0 0 2 2 2 2 2 2 0 2 2 2 2 2 2 2 0 2 2 2 0 2 2 2 2 2 2 0 2 0 2 2 1 2 2 2 0 0 2 2 2 2 2 2 2 2 2 2 1 2 2 2 2 0 2 2 0 0 2 2 2 2 2 2 2 2 2 2 2 2 2 2 2 2 2 2 2 0 2 2 2 2 2 2 2 0 2 0 0 2 2 2 2 2 0 2 2 2 0 2 2 2 0 2 2 0 2 0 2 2 2 2 2 2 2 2 0 1 2 2 2 0 2 2 2 2 2 0 2 2 0 0 2 0 2 2 2 2 2 0 0 0 0 0 2
547 2 2 2 2 2 0 2 0 2 0 2 2 2 2 0 0 0 2 0 2 0 2 2 2 2 0 0 2 2 0 0 2 2 0 0 1 2 2 2 0 2 0 0 0 2 2 0 0 2 0 2 0 2 0 2 2 0 2 2 0 2 2 2 2 2 2 2 2 2 2 0 2 2 2 0 0 2 2 0 0 0 0 2 2 2 0 2 2 0 0 0 2 2 0 0 2 0 0 0 2 0 0 2 0 0 0 0 2 0 2 2 2 0 2 2 0 0 0 2 2 0 0 0 0 2 2 2 0 0 0 2 2 0 2 0 0 0 0 2 0 0 0 0 0 2 0 0 0 0 0 2 0 0 0 2 0 0 0 0 2 0 0 0 0 0 0 0 2 0 2 0 0 0 0 0 2 2 0 2 2 0 0 0 0 0 0 2 0 0 2 2 0 2 0 0 0 2 2 0 0 0 0 0 2 0 0 2 0 0 0 0 2 2 2 2 2 0 0 2 2 2 0 2 2 0 2 0 0 2 0 0 0 2 0 2 2 0 2 2 0 0 0 0 0 0
548 2 2 2 2 2 0 2 0 2 0 2 2 2 2 0 0 0 2 0 2 0 2 2 2 2 0 0 2 2 0 0 2 2 0 0 1 2 2 2 0 2 0 0 0 2 2 0 0 2 0 2 0 2 0 2 2 0 2 2 0 2 2 2 2 2 2 2 2 2 2 0 2 2 2 0 0 2 2 0 0 0 0 2 2 2 0 2 2 0 0 0 2 2 0 0 2 0 0 0 2 0 0 2 0 0 0 0 2 0 2 2 2 0 2 2 0 0 0 2 2 0 0 0 0 2 2 2 0 0 0 2 2 0 2 0 0 0 0 2 0 0 0 0 0 2 0 0 0 0 0 2 0 0 0 2 0 0 0 0 2 0 0 0 0 0 0 0 1 0 2 0 0 0 0 0 2 2 0 2 2 0 0 0 0 0 0 2 0 0 2 2 0 2 0 0 0 2 2 0 0 0 0 0 2 0 0 2 0 0 0 0 2 2 2 2 2 0 0 2 2 2 0 2 2 0 2 0 0 2 0 0 0 2 0 2 2 0 2 2 0 0 0 0 0 0
549 2 2 2 2 2 0 2 2 2 2 2 2 2 2 2 0 2 2 2 2 2 2 2 2 2 0 2 2 2 2 2 2 2 2 0 2 2 2 2 2 2 2 2 2 2 2 2 2 2 2 2 2 2 2 2 2 2 2 2 2 2 2 2 2 2 2 2 2 2 2 2 2 2 2 2 2 2 2 2 2 0 2 2 2 2 2 2 2 2 0 2 2 2 2 2 2 0 2 2 2 0 0 2 2 2 2 2 2 0 2 2 2 2 2 2 2 0 2 2 2 0 2 2 2 2 2 2 0 2 0 2 2 0 2 2 2 0 0 2 2 2 2 2 2 2 2 2 2 1 2 2 2 2 0 2 2 0 0 2 2 2 2 2 2 2 2 2 2 2 2 2 2 2 2 2 2 2 0 2 2 2 2 2 2 2 0 2 0 0 2 2 2 2 2 0 2 2 2 0 2 2 2 0 2 2 0 2 0 2 2 2 2 2 2 2 2 0 1 2 2 2 0 2 2 2 2 2 0 2 2 0 0 2 0 2 2 2 2 2 0 0 0 0 0 2
550 2 2 0 0 2 0 2 0 0 0 0 0 2 2 0 0 0 0 0 0 0 0 2 2 2 0 0 0 0 0 0 0 2 0 0 2 2 2 0 0 0 0 0 0 2 0 0 0 0 0 0 0 2 0 2 2 0 2 0 0 0 2 2 2 2 2 2 2 2 2 0 0 2 2 0 0 0 0 0 0 0 0 2 2 2 0 0 2 0 0 0 0 2 0 0 2 0 0 0 0 0 0 2 0 0 0 0 2 0 2 2 2 0 2 0 0 0 0 2 2 0 0 0 0 2 2 0 0 0 0 2 2 0 2 0 0 0 0 2 0 0 0 0 0 2 0 0 0 0 0 2 0 0 0 2 0 0 0 0 2 0 0 0 0 0 0 0 1 0 2 0 0 0 0 0 2 2 0 2 2 0 0 0 0 0 0 2 0 0 2 2 0 2 0 0 0 2 2 0 0 0 0 0 2 0 0 2 0 0 0 0 2 0 2 2 2 0 0 2 2 2 0 2 2 0 2 0 0 2 0 0 0 2 0 2 2 0 2 2 0 0 0 0 0 0
551 2 2 2 2 2 0 2 2 2 2 2 2 2 2 2 0 2 2 2 2 2 2 2 2 2 0 2 2 2 2 2 2 2 2 0 2 2 2 2 2 2 2 2 2 2 2 2 2 2 2 2 2 2 2 2 2 2 2 2 2 2 2 2 2 2 2 2 2 2 2 2 2 2 2 2 2 2 2 2 2 0 2 2 2 2 2 2 2 2 0 2 2 2 2 2 2 0 2 2 2 0 0 2 2 2 2 2 2 0 2 2 2 2 2 2 2 0 2 2 2 0 2 2 2 2 2 2 0 2 0 2 2 0 2 2 2 0 0 2 2 2 2 2 2 2 2 2 2 1 2 2 2 2 0 2 2 0 0 2 2 2 2 2 2 2 2 2 2 2 2 2 2 2 2 2 2 2 0 2 2 2 2 2 2 2 0 2 0 0 2 2 2 2 2 0 2 2 2 0 2 2 2 0 2 2 0 2 0 2 2 2 2 2 2 2 2 0 1 2 2 2 0 2 2 2 2 2 0 2 2 0 0 2 0 2 2 2 2 2 0 0 0 0 0 2
552 2 2 2 2 2 2 2 0 2 2 2 2 2 2 2 2 2 2 2 2 2 2 2 2 2 2 2 2 2 2 2 2 2 0 2 2 2 2 2 2 2 2 0 0 2 2 0 2 2 2 2 0 2 0 2 2 0 2 2 2 2 2 2 2 2 2 2 2 2 2 0 2 2 2 2 2 2 2 0 2 2 0 2 2 2 2 2 2 0 2 2 2 2 0 0 2 2 2 0 2 2 2 2 2 0 2 2 2 2 2 2 2 0 2 2 2 2 0 2 2 2 2 2 0 2 2 2 2 2 2 2 2 2 2 2 2 2 2 2 2 2 2 2 0 2 2 0 0 1 2 2 0 0 2 2 0 2 2 0 2 0 2 0 2 2 2 2 1 0 2 2 2 2 0 2 2 2 2 2 2 2 2 0 2 0 2 2 2 2 2 2 2 2 2 2 2 2 2 2 0 2 2 2 2 2 2 2 2 0 2 2 2 2 2 2 2 2 2 2 2 2 2 2 2 2 2 2 2 2 0 2 2 2 2 2 2 2 2 2 2 2 2 2 2 2
553 2 2 2 2 2 0 2 2 2 2 2 2 2 2 0 0 0 2 2 2 2 2 2 2 2 0 0 2 2 2 2 2 2 2 0 1 2 2 2 2 2 2 2 2 2 2 2 2 2 2 2 2 2 2 2 2 2 2 2 2 2 2 2 2 2 2 2 2 2 2 2 2 2 2 0 2 2 2 2 2 0 2 2 2 2 0 2 2 2 0 0 2 2 2 2 2 0 2 2 2 0 0 2 2 2 2 0 2 0 2 2 2 2 2 2 2 0 2 2 2 0 2 2 2 2 2 2 0 0 0 2 2 0 2 2 0 0 0 2 0 2 0 0 2 2 0 2 2 1 2 2 2 2 0 2 2 0 0 2 2 2 0 2 0 0 0 0 2 2 2 0 0 0 2 0 2 2 0 2 2 0 2 2 0 2 0 2 0 0 2 2 0 2 2 0 0 2 2 0 2 2 0 0 2 2 0 2 0 2 2 0 2 2 2 2 2 0 1 2 2 2 0 2 2 0 2 0 0 2 2 0 0 2 0 2 2 2 2 2 0 0 0 0 0 0
554 2 2 2 2 2 0 2 2 2 2 2 2 2 2 2 0 2 2 2 2 2 2 2 2 2 0 2 2 2 2 2 2 2 2 0 2 2 2 2 2 2 2 2 2 2 2 2 2 2 2 2 2 2 2 2 2 2 2 2 2 2 2 2 2 2 2 2 2 2 2 2 2 2 2 2 2 2 2 2 2 0 2 2 2 2 2 2 2 2 0 2 2 2 2 2 2 0 2 2 2 0 0 2 2 2 2 2 2 0 2 2 2 2 2 2 2 0 2 2 2 0 2 2 2 2 2 2 0 2 0 2 2 0 2 2 2 0 0 2 2 2 2 2 2 2 2 2 2 1 2 2 2 2 0 2 2 0 0 2 2 2 2 2 2 2 2 2 2 2 2 2 2 2 2 2 2 2 0 2 2 2 2 2 2 2 0 2 0 0 2 2 2 2 2 0 2 2 2 0 2 2 2 0 2 2 0 2 0 2 2 2 2 2 2 2 2 0 1 2 2 2 0 2 2 2 2 2 0 2 2 0 0 2 0 2 2 2 2 2 0 0 0 0 0 2
555 2 2 2 2 2 0 2 0 2 0 2 2 2 2 0 0 0 2 0 2 0 2 2 2 2 0 0 2 2 0 0 2 2 0 0 1 2 2 2 0 2 0 0 0 2 2 0 0 2 0 2 0 2 0 2 2 0 2 2 0 2 2 2 2 2 2 2 2 2 2 0 2 2 2 0 0 2 2 0 0 0 0 2 2 2 0 2 2 0 0 0 2 2 0 0 2 0 0 0 2 0 0 2 0 0 0 0 2 0 2 2 2 0 2 2 0 0 0 2 2 0 0 0 0 2 2 2 0 0 0 2 2 0 2 0 0 0 0 2 0 0 0 0 0 2 0 0 0 0 0 2 0 0 0 2 0 0 0 0 2 0 0 0 0 0 0 0 1 0 2 0 0 0 0 0 2 2 0 2 2 0 0 0 0 0 0 2 0 0 2 2 0 2 0 0 0 2 2 0 0 0 0 0 2 0 0 2 0 0 0 0 2 2 2 2 2 0 0 2 2 2 0 2 2 0 2 0 0 2 0 0 0 2 0 2 2 0 2 2 0 0 0 0 0 0
556 2 2 2 2 2 2 2 2 2 2 2 2 2 2 2 2 2 2 2 2 2 2 2 2 2 2 2 2 2 2 2 2 2 0 2 2 2 2 2 2 2 2 2 2 2 2 2 2 2 2 2 2 2 0 2 2 0 2 2 2 2 2 2 2 2 2 2 2 2 2 2 2 2 2 2 2 2 2 0 2 2 0 2 2 2 2 2 2 0 2 2 2 2 0 2 2 2 2 2 2 2 2 2 2 0 2 2 2 2 2 2 2 2 2 2 2 2 0 2 2 2 2 2 2 2 2 2 2 2 2 2 2 2 2 2 2 2 2 2 2 2 2 2 0 2 2 2 2 1 2 2 0 2 2 2 0 2 2 0 2 2 2 0 2 2 2 2 1 0 2 2 2 2 2 2 2 2 2 2 2 2 2 0 2 2 2 2 2 2 2 2 2 2 2 2 2 2 2 2 0 2 2 2 2 2 2 2 2 2 2 2 2 2 2 2 2 2 2 2 2 2 2 2 2 2 2 2 2 2 2 2 2 2 2 2 2 2 2 2 2 2 2 2 2 2
557 0 0 2 2 2 2 2 2 2 2 2 2 2 0 2 2 2 2 2 2 2 2 2 0 2 2 2 2 2 2 2 2 2 2 2 1 2 0 2 2 2 2 2 2 0 2 2 2 2 2 2 2 2 2 2 2 2 1 2 2 2 0 2 2 2 2 0 2 2 2 2 2 2 2 2 2 2 2 2 2 2 2 2 2 2 2 2 0 2 2 2 2 2 2 2 2 2 2 2 2 2 2 0 2 2 2 2 2 2 0 2 2 2 0 2 2 2 2 2 2 2 2 2 2 2 2 2 2 2 2 2 2 2 2 2 2 2 2 2 2 2 2 2 2 2 2 2 2 2 2 2 2 2 2 2 2 2 2 2 0 2 2 2 2 2 2 2 2 2 0 2 2 2 2 2 2 2 2 0 0 2 2 2 2 2 2 2 2 2 0 1 2 0 2 2 2 2 2 2 2 2 2 2 2 2 2 2 2 2 2 2 2 2 2 2 2 2 2 2 2 2 2 2 0 2 2 2 2 2 2 2 2 0 2 2 2 2 0 2 2 2 2 2 2 2
558 2 2 2 2 2 2 2 2 2 2 2 2 2 2 2 2 2 2 2 2 2 2 2 2 2 2 2 2 2 2 2 2 2 0 2 2 2 2 2 2 2 2 2 2 2 2 2 2 2 2 2 2 2 0 2 2 0 2 2 2 2 2 2 2 2 2 2 2 2 2 2 2 2 2 2 2 2 2 0 2 2 0 2 2 2 2 2 2 0 2 2 2 2 0 2 2 2 2 2 2 2 2 2 2 0 2 2 2 2 2 2 2 2 2 2 2 2 0 2 2 2 2 2 2 2 2 2 2 2 2 2 2 2 2 2 2 2 2 2 2 2 2 2 0 2 2 2 2 2 2 2 2 2 2 2 0 2 2 0 2 2 2 0 2 2 2 2 2 0 2 2 2 2 2 2 2 2 2 2 2 2 2 0 2 2 2 2 2 2 2 2 2 2 2 2 2 2 2 2 0 2 2 2 2 2 2 2 2 2 2 2 2 2 2 2 2 2 2 2 2 2 2 2 2 2 2 2 2 2 2 2 2 2 2 2 2 2 2 2 2 2 2 2 2 2
559 2 2 2 2 2 2 2 2 2 2 2 2 2 2 2 2 0 2 2 2 2 2 2 2 2 2 0 2 2 2 2 2 2 2 2 1 2 2 2 2 2 2 2 2 2 2 2 2 2 2 2 2 2 2 2 2 2 2 2 2 2 2 2 2 2 2 2 2 2 2 2 2 2 2 0 2 2 2 2 2 2 2 2 2 2 0 2 2 2 2 0 2 2 2 2 2 2 2 2 2 2 2 2 2 2 2 0 2 2 2 2 2 2 2 2 2 2 2 2 2 2 2 2 2 2 2 2 2 0 2 2 2 2 2 2 2 2 2 2 0 2 0 2 2 2 2 2 2 2 2 2 2 2 2 2 2 2 2 2 2 2 2 2 0 0 2 0 2 2 2 2 2 0 2 0 2 2 2 2 2 0 2 2 0 2 2 2 2 2 2 2 0 2 2 2 2 2 2 2 2 2 0 2 2 2 2 2 2 2 2 2 2 2 2 2 2 2 2 2 2 2 2 2 2 2 2 0 2 2 2 2 2 2 2 2 2 2 2 2 2 2 2 2 2 0
560 2 2 2 2 2 0 2 2 2 2 2 2 2 2 0 0 0 2 2 2 2 2 2 2 2 0 0 2 2 2 2 2 2 2 0 1 2 2 2 2 2 2 2 2 2 2 2 2 2 2 2 2 2 2 2 2 2 2 2 2 2 2 2 2 2 2 2 2 2 2 2 2 2 2 0 2 2 2 2 2 0 2 2 2 2 0 2 2 2 0 0 2 2 2 2 2 0 2 2 2 0 0 2 2 2 2 0 2 0 2 2 2 2 2 2 2 0 2 2 2 0 2 2 2 2 2 2 0 0 0 2 2 0 2 2 0 0 0 2 0 2 0 0 2 2 0 2 2 1 2 2 2 2 0 2 2 0 0 2 2 2 0 2 0 0 0 0 2 2 2 0 0 0 2 0 2 2 0 2 2 0 2 2 0 2 0 2 0 0 2 2 0 2 2 0 0 2 2 0 2 2 0 0 2 2 0 2 0 2 2 0 2 2 2 2 2 0 1 2 2 2 0 2 2 0 2 0 0 2 2 0 0 2 0 2 2 2 2 2 0 0 0 0 0 0
561 2 2 2 2 2 2 2 2 2 2 2 2 2 2 2 2 2 2 2 2 2 2 2 2 2 2 2 2 2 2 2 2 2 2 2 2 2 2 2 2 2 2 2 2 2 2 2 2 2 2 2 2 0 2 2 2 2 2 2 2 2 2 2 2 0 2 2 0 2 2 2 2 2 0 2 2 2 2 2 2 2 2 2 2 2 2 2 2 2 2 2 2 2 2 2 2 2 2 2 2 2 2 2 2 2 2 2 0 2 2 2 2 2 2 2 2 2 2 2 2 2 2 2 2 2 2 2 2 2 2 0 2 2 2 2 2 2 2 0 2 2 2 2 2 0 2 2 2 2 2 2 2 2 2 2 2 2 2 2 2 2 2 2 2 2 2 2 2 2 2 2 2 2 2 2 2 0 2 2 2 2 2 2 2 2 2 2 2 2 2 2 2 2 2 2 2 2 2 2 2 2 2 2 2 2 2 2 2 2 2 2 2 2 0 2 0 2 2 2 2 0 2 0 2 2 2 2 2 2 2 2 2 2 2 2 2 2 2 2 2 2 2 2 2 2
562 0 0 2 2 2 2 2 2 2 2 2 2 2 0 0 2 0 2 2 2 2 2 2 0 2 2 0 2 2 2 2 2 2 2 2 0 2 0 2 2 2 2 2 2 0 2 2 2 2 2 2 2 2 2 2 2 2 0 2 2 2 0 2 2 2 2 0 2 2 2 2 2 2 2 0 2 2 2 2 2 2 2 2 2 2 0 2 0 2 2 0 2 2 2 2 2 2 2 2 2 2 2 0 2 2 2 0 2 2 0 2 2 2 0 2 2 2 2 2 2 2 2 2 2 2 2 2 2 0 2 2 2 2 2 2 0 2 2 2 0 2 0 0 2 2 0 2 2 1 2 2 2 2 2 2 2 2 2 2 0 2 0 2 0 0 0 0 2 2 0 0 0 0 2 0 2 2 2 0 0 0 2 2 0 2 2 2 2 2 0 1 0 0 2 2 0 2 2 2 2 2 0 2 2 2 2 2 2 2 2 0 2 2 2 2 2 2 2 2 2 2 2 2 0 0 2 0 2 2 2 2 2 0 2 2 2 2 0 2 2 2 2 2 2 0
563 2 2 2 2 2 2 2 2 2 2 2 2 2 2 2 2 2 2 2 2 2 2 2 2 2 2 2 2 2 2 2 2 2 0 2 2 2 2 2 2 2 2 2 2 2 2 2 2 2 2 2 2 2 0 2 2 0 2 2 2 2 2 2 2 2 2 2 2 2 2 2 2 2 2 2 2 2 2 0 2 2 0 2 2 2 2 2 2 0 2 2 2 2 0 2 2 2 2 2 2 2 2 2 2 0 2 2 2 2 2 2 2 2 2 2 2 2 0 2 2 2 2 2 2 2 2 2 2 2 2 2 2 2 2 2 2 2 2 2 2 2 2 2 0 2 2 2 2 1 2 2 0 2 2 2 0 2 2 0 2 2 2 0 2 2 2 2 1 0 2 2 2 2 2 2 2 2 2 2 2 2 2 0 2 2 2 2 2 2 2 2 2 2 2 2 2 2 2 2 0 2 2 2 2 2 2 2 2 2 2 2 2 2 2 2 2 2 2 2 2 2 2 2 2 2 2 2 2 2 2 2 2 2 2 2 2 2 2 2 2 2 2 2 2 2
564 2 2 2 2 2 2 2 2 2 2 2 2 2 2 2 2 0 2 2 2 2 2 2 2 2 2 0 2 2 2 2 2 2 2 2 1 2 2 2 2 2 2 2 2 2 2 2 2 2 2 2 2 2 2 2 2 2 2 2 2 2 2 2 2 2 2 2 2 2 2 2 2 2 2 0 2 2 2 2 2 2 2 2 2 2 0 2 2 2 2 0 2 2 2 2 2 2 2 2 2 2 2 2 2 2 2 0 2 2 2 2 2 2 2 2 2 2 2 2 2 2 2 2 2 2 2 2 2 0 2 2 2 2 2 2 0 2 2 2 0 2 0 0 2 2 2 2 2 2 2 2 2 2 2 2 2 2 2 2 2 2 2 2 0 0 0 0 2 2 2 2 2 0 2 0 2 2 2 2 2 0 2 2 0 2 2 2 2 2 2 2 0 2 2 2 0 2 2 2 2 2 0 2 2 2 2 2 2 2 2 0 2 2 2 2 2 2 2 2 2 2 2 2 2 2 2 0 2 2 2 2 2 2 2 2 2 2 2 2 2 2 2 2 2 0
565 2 2 2 2 2 0 2 2 2 2 2 2 2 2 0 0 0 2 2 2 2 2 2 2 2 0 0 2 2 2 2 2 2 2 0 1 2 2 2 2 2 2 2 2 2 2 2 2 2 2 2 2 2 2 2 2 2 2 2 2 2 2 2 2 2 2 2 2 2 2 2 2 2 2 0 2 2 2 2 2 0 2 2 2 2 0 2 2 2 0 0 2 2 2 2 2 0 2 2 2 0 0 2 2 2 2 0 2 0 2 2 2 2 2 2 0 0 2 2 2 0 2 2 2 2 2 2 0 0 0 2 2 0 2 2 0 0 0 2 0 2 0 0 2 2 0 2 2 1 2 2 2 2 0 2 2 0 0 2 2 2 0 2 0 0 0 0 2 2 2 0 0 0 2 0 2 2 0 2 2 0 2 2 0 2 0 2 0 0 2 2 0 2 2 0 0 2 2 0 2 2 0 0 2 2 0 2 0 2 2 0 2 2 2 2 2 0 1 2 2 2 0 2 2 0 2 0 0 2 2 0 0 2 0 2 2 2 2 2 0 0 0 0 0 0
566 0 0 2 2 2 2 2 2 2 2 2 2 2 0 2 2 2 2 2 2 2 2 2 0 2 2 2 2 2 2 2 2 2 2 2 1 2 0 2 2 2 2 2 2 0 2 2 2 2 2 2 2 2 2 2 2 2 0 2 2 2 0 2 2 2 2 0 2 2 2 2 2 2 2 2 2 2 2 2 2 2 2 2 2 2 2 2 0 2 2 2 2 2 2 2 2 2 2 2 2 2 2 0 2 2 2 2 2 2 0 2 2 2 0 2 2 2 2 2 2 2 2 2 2 2 2 2 2 2 2 2 2 2 2 2 2 2 2 2 2 2 2 2 2 2 2 2 2 2 2 2 2 2 2 2 2 2 2 2 0 2 2 2 2 2 2 2 2 2 0 2 2 2 2 2 2 2 2 0 0 2 2 2 2 2 2 2 2 2 0 1 2 0 2 2 2 2 2 2 2 2 2 2 2 2 2 2 2 2 2 2 2 2 2 2 2 2 2 2 2 2 2 2 0 2 2 2 2 2 2 2 2 0 2 2 2 2 0 2 2 2 2 2 2 2
567 2 2 2 2 0 2 2 2 2 2 2 2 0 2 2 2 2 2 2 2 2 2 0 2 0 2 2 2 2 2 2 2 0 0 2 2 0 2 2 2 2 2 2 2 2 2 2 2 2 2 2 2 2 0 0 0 0 2 2 2 2 2 2 2 2 0 2 2 2 0 2 2 2 2 2 2 2 2 0 2 2 0 0 2 2 2 2 2 0 2 2 2 0 0 2 0 2 2 2 2 2 2 2 2 0 2 2 2 2 2 2 0 2 2 2 2 2 0 2 0 2 2 2 2 0 2 2 2 2 2 2 0 2 0 2 2 2 2 2 2 2 2 2 0 2 2 2 2 1 2 0 0 2 2 2 0 2 2 0 2 2 2 0 2 2 2 2 1 0 2 2 2 2 2 2 0 2 2 2 2 2 2 0 2 2 2 0 2 2 2 1 2 2 2 2 2 0 2 2 0 2 2 2 2 2 2 2 2 2 2 2 0 2 2 0 2 2 2 2 2 2 2 2 2 2 0 2 2 0 2 2 2 2 2 0 2 2 2 2 2 2 2 2 2 2
568 2 2 2 2 2 0 2 2 2 2 2 2 2 2 0 0 0 2 2 2 2 2 2 2 2 0 0 2 2 2 2 2 2 2 0 1 2 2 2 2 2 2 2 2 2 2 2 2 2 2 2 2 2 2 2 2 2 2 2 2 2 2 2 2 2 2 2 2 2 2 2 2 2 2 0 2 2 2 2 2 0 2 2 2 2 0 2 2 2 0 0 2 2 2 2 2 0 2 2 2 0 0 2 2 2 2 0 2 0 2 2 2 2 2 2 2 0 2 2 2 0 2 2 2 2 2 2 0 0 0 2 2 0 2 2 0 0 0 2 0 2 0 0 2 2 0 2 2 1 2 2 2 2 0 2 2 0 0 2 2 2 0 2 0 0 0 0 2 2 2 0 0 0 2 0 2 2 0 2 2 0 2 2 0 2 0 2 0 0 2 2 0 2 2 0 0 2 2 0 2 2 0 0 2 2 0 2 0 2 2 0 2 2 2 2 2 0 1 2 2 2 0 2 2 0 2 0 0 2 2 0 0 2 0 2 2 2 2 2 0 0 0 0 0 0
569 2 2 2 2 2 0 2 2 2 2 2 2 2 2 2 0 2 2 2 2 2 2 2 2 2 0 2 2 2 2 2 2 2 2 0 2 2 2 2 2 2 2 2 2 2 2 2 2 2 2 2 2 2 2 2 2 2 2 2 2 2 2 2 2 2 2 2 2 2 2 2 2 2 2 2 2 2 2 2 2 0 2 2 2 2 2 2 2 2 0 2 2 2 2 2 2 0 2 2 2 0 0 2 2 2 2 2 2 0 2 2 2 2 2 2 2 0 2 2 2 0 2 2 2 2 2 2 0 2 0 2 2 0 2 2 2 0 0 2 2 2 2 2 2 2 2 2 2 1 2 2 2 2 0 2 2 0 0 2 2 2 2 2 2 2 2 2 2 2 2 2 2 2 2 2 2 2 0 2 2 2 2 2 2 2 0 2 0 0 2 2 2 2 2 0 2 2 2 0 2 2 2 0 2 2 0 2 0 2 2 2 2 2 2 2 2 0 1 2 2 2 0 2 2 2 2 2 0 2 2 0 0 2 0 2 2 2 2 2 0 0 0 0 0 2
570 2 2 2 2 2 2 2 0 2 2 2 2 2 2 2 2 2 2 2 2 2 2 2 2 2 2 2 2 2 2 2 2 2 0 2 2 2 2 2 2 2 2 0 0 2 2 0 2 2 2 2 0 2 0 2 2 0 2 2 2 2 2 2 2 2 2 2 2 2 2 0 2 2 2 2 2 2 2 0 2 2 0 2 2 2 2 2 2 0 2 2 2 2 0 0 2 2 2 0 2 2 2 2 2 0 2 2 2 2 2 2 2 0 2 2 2 2 0 2 2 2 2 2 0 2 2 2 2 2 2 2 2 2 2 2 2 2 2 2 2 2 2 2 0 2 2 0 0 1 2 2 0 0 2 2 0 2 2 0 2 0 2 0 2 2 2 2 1 0 2 2 2 2 0 2 2 2 2 2 2 2 2 0 2 0 2 2 2 2 2 2 2 2 2 2 2 2 2 2 0 2 2 2 2 2 2 2 2 0 2 2 2 2 2 2 2 2 2 2 2 2 2 2 2 2 2 2 2 2 0 2 2 2 2 2 2 2 2 2 2 2 2 2 2 2
571 2 2 0 0 0 2 0 2 0 2 0 2 0 2 2 2 2 2 2 0 2 2 2 2 0 2 2 2 2 2 2 2 0 2 2 1 2 2 0 0 2 2 2 2 2 0 2 2 0 0 2 2 2 2 2 2 2 2 0 0 2 2 0 2 2 0 2 2 2 2 2 0 2 2 2 2 0 2 2 2 2 2 2 2 0 2 0 0 2 2 2 0 0 0 0 0 0 2 2 0 2 0 2 0 2 2 2 2 0 2 0 0 2 2 0 0 2 2 0 0 0 2 2 2 0 0 2 2 2 2 2 2 2 0 2 2 2 2 2 2 2 2 2 2 2 2 2 2 2 2 0 2 2 2 0 2 0 0 2 2 2 2 2 2 2 2 2 2 2 2 2 2 2 2 2 0 2 2 2 2 2 2 2 2 2 2 2 0 2 2 1 2 0 2 2 2 0 2 0 2 2 2 0 0 2 2 0 0 2 2 2 0 0 2 0 2 0 0 0 2 2 0 2 0 2 0 2 2 0 2 0 0 2 2 0 2 2 2 0 0 2 2 2 2 2
572 0 0 0 0 0 0 0 0 0 0 0 0 0 0 2 0 2 0 0 0 2 0 0 0 0 0 2 0 0 0 2 0 0 2 0 1 0 0 0 0 2 0 2 2 0 0 2 0 0 0 2 2 2 2 0 0 2 0 0 0 2 0 0 0 0 0 0 0 2 0 2 0 0 2 2 0 0 0 0 2 2 0 2 0 0 2 0 0 0 0 2 0 0 0 0 0 0 2 0 0 2 0 0 0 0 2 2 0 0 0 0 0 0 0 0 0 0 0 0 0 0 2 0 2 0 0 0 2 2 0 0 2 2 0 2 2 0 0 0 2 0 2 2 2 2 0 2 2 1 2 0 2 2 2 0 2 0 0 2 0 2 0 2 2 2 2 2 0 2 0 0 2 2 2 2 0 0 2 0 0 2 2 2 2 2 2 0 0 2 0 0 2 0 2 2 2 0 0 0 0 2 2 0 0 2 2 2 0 2 2 2 0 0 2 0 0 0 0 0 0 0 0 0 0 0 0 2 2 0 0 0 0 0 2 0 0 2 0 0 0 0 2 2 2 2
573 2 2 2 2 2 2 2 0 2 2 2 2 2 2 2 2 2 2 2 2 2 2 2 2 2 2 2 2 2 2 2 2 2 2 2 2 2 2 2 2 2 2 2 2 2 2 2 2 2 2 2 2 2 2 2 2 2 2 2 2 2 2 2 2 0 2 2 0 2 2 2 2 2 2 2 2 2 2 2 2 2 0 2 2 2 2 2 2 0 2 2 2 2 2 2 2 2 2 0 2 2 2 2 2 0 2 2 2 2 2 2 2 2 2 2 2 2 0 2 2 2 2 2 2 2 2 2 2 2 2 0 2 2 2 2 2 2 2 0 2 2 2 2 2 2 2 2 2 2 2 2 2 2 2 2 2 2 2 2 2 2 2 2 2 2 2 2 2 2 2 2 2 2 2 2 2 0 2 2 2 2 2 2 2 2 2 2 2 2 2 2 2 2 2 2 2 2 2 2 0 2 2 2 2 2 2 2 2 2 2 2 2 2 2 2 0 2 2 2 2 0 2 0 2 2 2 2 2 2 2 2 2 2 2 2 2 2 2 2 2 2 2 2 2 2
574 0 0 0 0 0 0 0 0 0 0 0 0 0 0 2 0 2 0 0 0 2 0 0 0 0 0 2 0 0 0 2 0 0 2 0 1 0 0 0 0 2 0 2 2 0 0 2 0 0 0 2 2 2 2 0 0 2 0 0 0 2 0 0 0 0 0 0 0 2 0 2 0 0 2 2 0 0 0 0 2 2 0 2 0 0 2 0 0 0 0 2 0 0 0 0 0 0 2 0 0 2 0 0 0 0 2 2 0 0 0 0 0 0 0 0 0 0 0 0 0 0 2 0 2 0 0 0 2 2 0 0 2 2 0 2 2 0 0 0 2 0 2 2 2 2 0 2 0 1 2 0 2 2 2 0 2 0 0 2 0 2 0 2 2 2 2 2 0 2 0 0 2 2 2 2 0 0 2 0 0 2 2 2 2 2 2 0 0 2 0 0 2 0 2 2 2 0 0 0 0 2 2 0 0 2 2 2 0 2 2 2 0 0 2 0 0 0 0 0 0 0 0 0 0 0 0 2 2 0 0 0 0 0 2 0 0 2 0 0 0 0 2 2 2 2
575 0 0 0 0 0 0 0 0 0 0 0 0 0 0 0 0 0 0 0 0 0 0 0 0 0 0 0 0 0 0 0 0 0 0 0 0 0 0 0 0 0 0 2 2 0 0 2 0 0 0 0 2 2 2 0 0 2 0 0 0 0 0 0 0 0 0 0 0 0 0 0 0 0 2 0 0 0 0 0 0 0 0 2 0 0 0 0 0 0 0 0 0 0 0 0 0 0 0 0 0 0 0 0 0 0 0 0 0 0 0 0 0 0 0 0 0 0 0 0 0 0 0 0 2 0 0 0 0 0 0 0 2 0 0 0 0 0 0 0 0 0 0 0 0 2 0 2 0 0 0 0 2 2 0 0 2 0 0 0 0 2 0 0 0 0 0 0 0 2 0 0 0 0 2 0 0 0 0 0 0 0 0 0 0 2 0 0 0 0 0 0 0 0 0 0 0 0 0 0 0 0 0 0 0 0 0 2 0 2 0 0 0 0 2 0 0 0 0 0 0 0 0 0 0 0 0 0 0 0 0 0 0 0 0 0 0 0 0 0 0 0 0 0 0 0
576 2 2 2 2 2 2 2 2 2 2 2 2 2 2 0 2 0 0 2 2 0 2 2 2 2 2 0 2 0 2 0 2 2 0 2 1 2 2 2 2 0 2 2 2 2 2 2 2 2 2 0 2 2 2 2 2 2 2 2 2 0 2 2 0 2 2 2 2 0 2 2 2 2 2 0 2 2 2 2 0 0 2 2 2 2 0 2 2 2 2 0 2 2 2 2 2 2 0 2 2 0 2 2 2 2 0 0 2 2 2 2 2 2 2 2 2 2 2 2 2 2 0 0 2 2 2 2 0 0 2 2 2 0 2 0 0 2 2 2 0 2 0 0 0 2 2 2 2 1 0 2 2 2 0 2 2 2 2 0 2 2 2 0 0 0 0 0 0 2 2 2 0 0 2 0 2 2 0 2 2 0 0 0 0 2 0 2 2 0 2 2 0 2 0 0 0 2 2 2 2 0 0 2 2 0 0 2 2 2 0 0 2 2 2 2 2 2 2 2 0 2 2 2 2 2 2 0 0 2 2 2 2 2 0 2 2 0 2 2 2 2 0 0 0 0
577 0 0 2 2 2 2 2 0 2 0 2 2 2 0 2 2 2 2 2 2 2 2 0 0 2 2 2 2 2 2 2 2 2 2 2 2 2 0 2 2 2 2 2 2 0 2 2 2 2 2 2 2 2 2 0 0 2 0 2 2 2 0 2 2 0 2 0 0 2 2 2 2 2 2 2 2 2 2 2 2 2 0 2 2 2 2 2 2 0 2 2 2 2 2 2 2 2 2 0 2 2 2 0 2 0 2 2 2 2 0 2 2 2 0 2 2 2 0 2 2 2 2 2 2 2 2 2 2 2 2 0 2 2 2 2 2 2 2 0 2 2 2 2 2 2 2 2 2 2 2 2 2 2 2 2 2 2 2 2 0 2 2 2 2 2 2 2 2 2 0 2 2 2 2 2 2 0 2 0 0 2 2 2 2 2 2 2 2 2 0 1 2 2 2 2 2 2 2 2 0 2 2 2 2 2 2 2 2 2 2 2 2 2 2 2 0 2 2 2 2 0 2 0 2 2 2 2 2 2 2 2 2 0 2 2 2 2 0 2 2 2 2 2 2 2
578 2 2 2 2 0 2 0 2 2 2 0 2 0 2 2 2 2 2 2 2 2 2 2 2 0 2 2 2 2 2 2 2 0 2 2 0 2 2 2 0 0 2 2 2 2 2 2 2 2 0 2 2 2 2 2 2 2 2 2 0 2 2 0 2 2 0 2 2 0 0 2 2 2 2 2 2 2 2 2 0 2 2 2 2 0 2 2 0 2 2 2 2 0 0 0 0 0 0 2 2 2 2 2 0 2 0 2 2 0 2 2 0 2 2 0 2 2 2 0 0 0 2 2 2 0 0 0 2 2 2 2 2 2 0 1 2 2 2 2 2 2 2 2 2 2 2 2 2 2 0 2 2 2 2 2 2 0 0 2 2 2 2 2 2 2 2 2 2 2 2 2 2 2 2 2 0 2 2 2 2 2 0 2 2 2 2 2 2 2 2 1 2 0 0 2 2 0 2 0 2 0 2 0 0 0 2 2 0 2 0 2 2 2 2 0 2 0 2 2 2 2 2 2 0 2 0 2 2 0 2 0 2 2 2 2 0 0 2 0 0 2 2 2 2 2
579 2 2 0 0 0 0 0 2 0 2 0 2 0 2 0 0 0 0 0 0 0 0 2 2 0 0 0 0 0 0 0 0 0 0 0 0 0 2 0 0 0 0 0 0 2 0 0 0 0 0 0 0 0 0 2 2 0 2 0 0 0 2 0 0 2 0 2 2 0 0 0 0 0 0 0 0 0 2 0 0 0 2 0 0 0 0 0 0 2 0 0 0 0 0 0 0 0 0 2 0 0 0 2 0 2 0 0 2 0 2 0 0 0 2 0 0 0 2 0 0 0 0 0 0 0 0 0 0 0 0 2 0 0 0 0 0 0 0 2 0 0 0 0 0 0 0 0 2 0 0 0 0 0 0 0 0 0 0 0 2 0 0 0 0 0 0 0 0 0 2 0 0 0 0 0 0 2 0 2 2 0 0 0 0 0 0 0 0 0 2 1 0 0 0 0 0 0 0 0 2 0 0 0 0 0 0 0 0 0 0 0 0 0 0 0 2 0 0 0 0 2 0 2 0 0 0 0 0 0 0 0 0 2 0 0 0 0 2 0 0 0 0 0 0 0
580 2 2 2 2 2 2 2 2 2 2 2 2 2 2 0 2 2 2 2 2 2 2 2 2 2 2 2 2 2 2 2 2 2 0 2 2 2 2 2 2 2 2 0 0 2 2 0 2 2 2 2 0 0 0 2 2 0 2 2 2 2 2 2 2 2 2 2 2 2 2 0 2 2 0 2 2 2 2 2 2 2 2 0 2 2 2 2 2 2 2 2 2 2 2 2 2 2 2 2 2 2 2 2 2 2 2 2 2 2 2 2 2 0 2 2 2 2 2 2 2 2 2 2 0 2 2 2 2 2 2 2 0 2 2 2 2 2 2 2 2 2 2 2 0 0 0 0 2 1 2 2 0 0 2 2 0 2 2 0 2 0 0 0 2 2 2 2 1 0 2 0 0 2 0 2 2 2 2 2 2 2 2 0 2 0 2 2 2 2 2 2 2 2 2 2 2 2 2 2 2 2 2 2 2 2 2 0 2 0 2 2 2 2 0 2 2 2 2 2 2 2 2 2 2 0 2 2 2 2 0 2 2 2 2 2 2 2 2 2 2 2 2 2 2 2
581 2 2 2 2 2 2 2 2 2 2 2 2 2 2 0 2 2 2 2 2 2 2 2 2 2 2 2 2 2 2 2 2 2 0 2 2 2 2 2 2 2 2 0 0 2 2 0 2 2 2 2 0 0 0 2 2 0 2 2 2 2 2 2 2 2 2 2 2 2 2 0 2 2 0 2 2 2 2 2 2 2 2 0 2 2 2 2 2 2 2 2 2 2 2 2 2 2 2 2 2 2 2 2 2 2 2 2 2 2 2 2 2 0 2 2 2 2 2 2 2 2 2 2 0 2 2 2 2 2 2 2 0 2 2 2 2 2 2 2 2 2 2 2 0 0 0 0 2 1 2 2 0 0 2 2 0 2 2 0 2 0 0 0 2 2 2 2 1 0 2 0 0 2 0 2 2 2 2 2 2 2 2 0 2 0 2 2 2 2 2 2 2 2 2 2 2 2 2 2 2 2 2 2 2 2 2 0 2 0 2 2 2 2 0 2 2 2 2 2 2 2 2 2 2 0 2 2 2 2 0 2 2 2 2 2 2 2 2 2 2 2 2 2 2 2
582 0 0 0 0 0 0 0 2 0 0 0 2 0 0 0 0 2 0 0 0 0 0 0 0 0 0 2 0 0 0 0 0 0 0 2 1 2 0 0 0 0 0 2 2 0 0 2 0 0 0 0 2 2 2 0 0 2 0 0 0 0 2 0 2 2 0 0 2 0 0 2 0 0 2 2 0 0 2 2 0 0 2 2 0 0 2 0 0 2 2 2 0 0 0 0 0 0 0 2 0 2 2 0 0 2 0 2 2 0 0 2 0 0 0 0 0 0 2 0 0 0 0 0 2 0 0 0 2 2 0 2 2 2 0 0 2 2 0 2 2 0 2 2 0 2 0 2 2 0 0 0 2 2 2 2 2 0 0 0 0 2 0 0 2 2 2 2 2 2 0 0 0 2 2 2 0 2 2 0 0 2 0 0 2 2 2 0 2 2 0 0 2 0 0 2 2 0 0 0 2 0 2 0 0 0 2 2 0 2 0 2 0 0 2 0 2 0 1 2 2 2 2 2 0 0 0 2 2 0 0 0 2 0 2 0 0 0 0 0 0 0 2 2 2 2
583 2 2 2 2 2 2 2 2 2 2 2 2 2 2 2 2 2 2 2 2 2 2 2 2 2 2 2 2 2 2 2 2 2 2 2 2 2 2 2 2 2 2 2 2 2 2 2 2 2 2 2 2 2 2 2 2 2 2 2 2 2 2 2 2 2 2 2 2 2 2 2 2 2 2 2 2 2 2 2 2 2 2 2 2 2 2 2 2 2 2 2 2 2 2 2 2 2 2 2 2 0 2 2 2 2 2 0 2 2 2 2 2 2 2 2 2 2 2 2 2 2 2 2 2 2 2 2 0 2 2 2 2 2 2 2 2 2 2 2 2 2 2 2 2 2 2 2 2 2 2 2 2 2 0 2 2 2 2 2 2 2 2 2 2 2 2 2 2 2 2 2 2 2 2 2 2 2 0 2 2 2 2 2 2 2 0 2 2 0 2 2 2 2 2 0 2 2 2 2 2 2 2 2 2 2 0 2 2 2 2 2 2 2 2 2 2 2 2 2 2 2 2 2 2 2 2 2 0 2 2 2 2 2 0 2 2 2 2 2 2 2 0 0 0 2
584 2 2 2 2 2 0 2 0 2 2 2 2 2 2 0 0 0 2 2 2 2 2 2 2 2 0 0 2 2 2 2 2 2 0 0 2 2 2 2 2 2 2 0 0 2 2 0 2 2 2 2 0 2 0 2 2 0 2 2 2 2 2 2 2 2 2 2 2 2 2 0 2 2 2 0 2 2 2 0 2 0 0 2 2 2 0 2 2 0 0 0 2 2 0 0 2 2 2 0 2 0 0 2 2 0 1 0 2 0 2 2 2 0 2 2 2 0 0 2 2 0 2 2 0 2 2 2 0 0 0 2 2 0 2 2 0 0 0 2 0 2 0 0 0 2 0 0 0 0 2 2 0 0 0 2 0 0 0 0 2 0 0 0 0 0 0 0 1 0 2 0 0 0 0 0 2 2 0 2 2 0 2 0 0 0 0 2 0 0 2 2 0 2 2 0 0 2 2 0 0 2 0 0 2 2 0 2 0 0 2 0 2 2 2 2 2 0 2 2 2 2 0 2 2 0 2 0 0 2 0 0 0 2 0 2 2 2 2 2 0 0 0 0 0 0
585 2 2 2 2 2 0 2 2 2 2 2 2 2 2 0 0 0 2 2 2 2 2 2 2 2 0 0 2 2 2 2 2 2 2 0 1 2 2 2 2 2 2 2 2 2 2 2 2 2 2 2 2 2 2 2 2 2 2 2 2 2 2 2 2 2 2 2 2 2 2 2 2 2 2 0 2 2 2 2 2 0 2 2 2 2 0 2 2 2 0 0 2 2 2 2 2 0 2 2 2 0 0 2 2 2 2 0 2 0 2 2 2 2 2 2 2 0 2 2 2 0 2 2 2 2 2 2 0 0 0 2 2 0 2 2 0 0 0 2 0 2 0 0 2 2 2 2 2 1 2 2 2 2 0 2 2 0 0 2 2 2 0 2 0 0 0 0 2 2 2 0 0 0 2 0 2 2 0 2 2 0 2 2 0 2 0 2 0 0 2 2 0 2 2 0 0 2 2 0 2 2 0 0 2 2 0 2 0 2 2 0 2 2 2 2 2 0 1 2 2 2 0 2 2 0 2 0 0 2 2 0 0 2 0 2 2 2 2 2 0 0 0 0 0 0
586 2 2 2 2 2 2 2 0 2 2 2 2 2 2 2 2 2 2 2 2 2 2 2 2 2 2 2 2 2 2 2 2 2 0 2 2 2 2 2 2 2 2 0 0 2 2 0 2 2 2 2 0 2 0 2 2 0 2 2 2 2 2 2 2 2 2 2 2 2 2 0 2 2 2 2 2 2 2 0 2 2 0 2 2 2 2 2 2 0 2 2 2 2 0 0 2 2 2 0 2 2 2 2 2 0 2 2 2 2 2 2 2 0 2 2 2 2 0 2 2 2 2 2 0 2 2 2 2 2 2 2 2 2 2 2 2 2 2 2 2 2 2 2 0 2 2 0 0 1 2 2 0 0 2 2 0 2 2 0 2 0 2 0 2 2 2 2 1 0 2 2 2 2 0 2 2 2 2 2 2 2 2 0 2 0 2 2 2 2 2 2 2 2 2 2 2 2 2 2 0 2 2 2 2 2 2 2 2 0 2 2 2 2 2 2 2 2 2 2 2 2 2 2 2 2 2 2 2 2 0 2 2 2 2 2 2 2 2 2 2 2 2 2 2 2
587 2 2 2 2 2 2 2 2 2 2 2 2 2 2 2 2 0 2 2 2 2 2 2 2 2 2 0 2 2 2 2 2 2 2 2 1 2 2 2 2 2 2 2 2 2 2 2 2 2 2 2 2 2 2 2 2 2 2 2 2 2 2 2 2 2 2 2 2 2 2 2 2 2 2 0 2 2 2 2 2 2 2 2 2 2 0 2 2 2 2 0 2 2 2 2 2 2 2 2 2 2 2 2 2 2 2 0 2 2 2 2 2 2 2 2 2 2 2 2 2 2 2 2 2 2 2 2 2 0 2 2 2 2 2 2 2 2 2 2 0 2 0 2 2 2 2 2 2 2 2 2 2 2 2 2 2 2 2 2 2 2 2 2 0 0 2 0 2 2 2 2 2 0 2 0 2 2 2 2 2 0 2 2 0 2 2 2 2 2 2 2 0 2 2 2 2 2 2 2 2 2 0 2 2 2 2 2 2 2 2 2 2 2 2 2 2 2 2 2 2 2 2 2 2 2 2 0 2 2 2 2 2 2 2 2 2 2 2 2 2 2 2 2 2 0
588 2 2 2 2 2 2 2 2 2 0 2 2 2 2 2 2 2 2 0 2 0 2 2 2 2 2 2 2 2 0 0 2 2 2 2 2 2 2 2 0 2 0 2 2 2 2 2 0 2 0 2 2 2 2 2 2 2 2 2 2 2 2 2 2 2 2 2 2 2 2 2 2 2 2 2 0 2 2 2 2 2 2 2 2 2 2 2 2 2 2 2 2 2 2 2 2 2 2 2 2 2 2 2 0 2 2 2 2 2 2 2 2 2 2 2 0 2 2 2 2 2 0 0 2 2 2 2 2 2 2 2 2 2 2 2 2 2 2 2 2 0 2 2 2 2 2 2 2 2 2 2 2 2 2 2 2 2 2 2 2 2 2 2 2 2 2 2 2 2 2 2 2 2 2 2 2 2 2 2 2 2 2 2 2 2 2 2 2 2 2 2 2 2 2 2 2 2 2 2 2 2 2 2 2 2 2 2 2 2 0 2 2 2 2 2 2 2 1 2 2 2 2 2 2 2 2 2 2 2 2 2 2 2 2 2 2 2 2 2 2 2 2 2 2 2
589 2 2 2 2 2 2 2 2 2 0 2 2 2 2 2 2 2 2 0 2 0 2 2 2 2 2 2 2 2 0 0 2 2 2 2 2 2 2 2 0 2 0 2 2 2 2 2 0 2 0 2 2 2 2 2 2 2 2 2 2 2 2 2 2 2 2 2 2 2 2 2 2 2 2 2 0 2 2 2 2 2 2 2 2 2 2 2 2 2 2 2 2 2 2 2 2 2 2 2 2 2 2 2 0 2 2 2 2 2 2 2 2 2 2 2 0 2 2 2 2 2 0 0 2 2 2 2 2 2 2 2 2 2 2 2 2 2 2 2 2 0 2 2 2 2 2 2 2 2 2 2 2 2 2 2 2 2 2 2 2 2 2 2 2 2 2 2 2 2 2 2 2 2 2 2 2 2 2 2 2 2 2 2 2 2 2 2 2 2 2 2 2 2 2 2 2 2 2 2 2 2 2 2 2 2 2 2 2 2 0 2 2 2 2 2 2 2 1 2 2 2 2 2 2 2 2 2 2 2 2 2 2 2 2 2 2 2 2 2 2 2 2 2 2 2
590 2 2 0 2 2 2 2 2 0 2 0 2 2 2 2 2 2 0 2 0 2 2 2 2 2 2 2 2 0 2 2 2 2 2 2 2 2 2 0 2 2 2 2 2 2 0 2 2 0 2 2 2 2 2 2 2 2 2 0 2 2 2 2 2 2 2 2 2 2 2 2 2 2 2 2 2 0 2 2 2 2 2 2 2 2 2 0 2 2 2 2 0 2 2 2 2 2 2 2 0 2 2 2 2 2 2 2 2 2 2 2 2 2 2 2 2 2 2 2 2 2 2 2 2 2 2 2 2 2 2 2 2 2 2 2 2 2 2 2 2 2 2 2 2 2 2 2 2 2 2 2 2 2 2 2 2 2 2 2 2 2 2 2 2 2 2 2 2 2 2 2 2 2 2 2 2 2 2 2 2 2 2 2 2 2 2 2 2 2 2 2 2 2 2 2 2 2 2 2 2 2 2 2 2 2 2 2 2 2 2 2 2 0 2 2 2 2 2 2 2 2 2 2 2 2 2 2 2 2 2 2 2 2 2 2 2 2 2 2 2 2 2 2 2 2
591 2 2 2 2 0 0 0 0 2 2 2 2 0 2 0 0 0 2 2 2 2 2 0 2 0 0 0 2 2 2 2 2 0 0 0 1 0 2 2 2 2 2 0 0 2 2 0 2 2 2 2 0 2 0 0 0 0 2 2 2 2 2 0 2 2 0 2 2 2 0 0 2 0 2 0 2 2 2 0 2 0 0 0 0 0 0 2 2 0 0 0 2 0 0 0 0 0 2 0 2 0 0 2 2 0 2 0 2 0 2 0 0 0 2 2 2 0 0 0 0 0 2 2 0 0 0 2 0 0 0 2 0 0 0 2 0 0 0 2 0 2 0 0 0 2 0 0 0 0 2 0 0 0 0 0 0 0 0 0 2 0 0 0 0 0 0 0 1 0 2 0 0 0 0 0 0 2 0 2 2 0 2 0 0 0 0 0 0 0 2 1 0 2 2 0 0 0 0 0 0 2 0 0 0 2 0 0 0 0 2 0 0 2 2 0 2 0 1 0 2 2 0 2 2 0 0 0 0 0 0 0 0 2 0 0 2 2 2 0 0 0 0 0 0 0
592 2 2 2 2 2 2 2 2 2 2 2 2 2 2 0 2 2 2 2 2 2 2 2 2 2 2 2 2 2 2 2 2 2 2 0 2 2 2 2 2 2 2 2 2 2 2 2 2 2 2 2 2 2 2 2 2 2 2 2 2 2 2 2 2 2 2 2 2 2 2 2 2 2 2 2 2 2 2 2 2 0 2 2 2 2 2 2 2 2 0 2 2 2 2 2 2 0 2 2 2 2 2 2 2 2 2 2 2 0 2 2 2 2 2 2 2 2 2 2 2 0 2 2 2 2 2 2 0 2 2 2 2 2 2 2 2 2 2 2 2 2 2 2 2 2 2 2 2 2 2 2 2 2 2 2 2 0 0 2 2 2 2 2 0 2 2 2 2 2 2 2 2 2 2 2 2 2 2 2 2 2 2 2 2 2 2 2 2 2 2 2 2 2 2 2 2 2 2 0 2 2 2 0 2 2 2 2 0 2 2 2 2 2 2 2 2 0 2 2 2 2 2 2 2 2 2 2 2 2 2 0 2 2 2 2 2 2 2 2 0 2 2 0 2 2
593 2 2 2 2 0 2 0 0 2 2 2 2 0 2 2 2 2 2 2 2 2 2 0 2 0 2 2 2 2 2 2 2 0 0 2 2 1 2 2 2 2 2 0 1 2 2 0 2 2 2 2 1 2 0 0 1 0 2 2 2 2 2 0 2 2 0 2 2 2 0 1 2 0 2 2 2 2 2 0 2 2 0 0 0 0 2 2 2 0 2 2 2 0 0 0 0 2 2 0 2 2 2 2 2 0 2 2 2 2 2 0 0 0 2 2 2 2 0 1 0 2 2 2 1 0 0 2 2 2 2 2 0 2 0 2 2 2 2 2 2 2 2 2 0 2 2 1 0 1 2 0 0 1 2 0 0 2 2 1 2 0 2 1 2 2 2 2 1 0 2 2 2 2 0 2 0 2 2 2 2 2 2 0 2 1 2 0 2 2 2 1 2 2 2 2 2 1 0 2 0 2 2 2 0 2 2 0 2 1 2 2 0 2 2 0 2 2 2 0 2 2 2 2 2 2 0 2 2 1 0 2 2 2 2 1 2 2 2 0 2 2 2 2 2 2
594 2 2 0 2 2 2 2 2 0 2 0 2 2 2 2 2 2 0 2 0 2 2 2 2 2 2 2 2 0 2 2 2 2 2 2 2 2 2 0 2 2 2 2 2 2 0 2 2 0 2 2 2 2 2 2 2 2 2 0 2 2 2 2 2 2 2 2 2 2 2 2 2 2 2 2 2 0 2 2 2 2 2 2 2 2 2 0 2 2 2 2 0 2 2 2 2 2 2 2 0 2 2 2 2 2 2 2 2 2 2 2 2 2 2 2 2 2 2 2 2 2 2 2 2 2 2 2 2 2 2 2 2 2 2 2 2 2 2 2 2 2 2 2 2 2 2 2 2 2 2 2 2 2 2 2 2 2 2 2 2 2 2 2 2 2 2 2 2 2 2 2 2 2 2 2 2 2 2 2 2 2 2 2 2 2 2 2 2 2 2 2 2 2 2 2 2 2 2 2 2 2 2 2 2 2 2 2 2 2 2 2 2 0 2 2 2 2 2 2 2 2 2 2 2 2 2 2 2 2 2 2 2 2 2 2 2 2 2 2 2 2 2 2 2 2
595 2 2 2 2 2 2 2 2 2 2 2 2 2 2 2 2 2 2 2 2 2 2 2 2 2 2 2 2 2 2 2 2 2 2 0 2 2 2 2 2 2 2 2 2 2 2 2 2 2 2 2 2 2 2 2 2 2 2 2 2 2 2 2 2 2 2 2 2 2 2 2 2 2 2 2 2 2 2 2 2 0 2 2 2 2 2 2 2 2 0 2 2 2 2 2 2 0 2 2 2 2 2 2 2 2 2 2 2 0 2 2 2 2 2 2 2 2 2 2 2 0 2 2 2 2 2 2 0 2 2 2 2 2 2 2 2 2 2 2 2 2 2 2 2 2 2 2 2 2 2 2 2 2 2 2 2 0 0 2 2 2 2 2 2 2 2 2 2 2 2 2 2 2 2 2 2 2 2 2 2 2 2 2 2 2 2 2 2 2 2 2 2 2 2 2 2 2 2 0 2 2 2 0 2 2 2 2 0 2 2 2 2 2 2 2 2 0 2 2 2 2 2 2 2 2 2 2 2 2 2 0 2 2 2 2 2 2 2 2 0 2 2 0 2 2
596 2 2 2 2 2 0 2 2 2 2 2 2 2 2 0 0 0 2 2 2 2 2 2 2 2 0 0 2 2 2 2 2 2 2 0 1 2 2 2 2 2 2 2 2 2 2 2 2 2 2 2 2 2 2 2 2 2 2 2 2 2 2 2 2 2 2 2 2 2 2 2 2 2 2 0 2 2 2 2 2 0 2 2 2 2 0 2 2 2 0 0 2 2 2 2 2 0 2 2 2 0 0 2 2 2 2 0 2 0 2 2 2 2 2 2 2 0 2 2 2 0 2 2 2 2 2 2 0 0 0 2 2 0 2 2 0 0 0 2 0 2 0 0 2 2 0 2 2 1 2 2 2 2 0 2 2 0 0 2 2 2 0 2 0 0 0 0 2 2 2 0 0 0 2 0 2 2 0 2 2 0 2 2 0 2 0 2 0 0 2 2 0 2 2 0 0 2 2 0 2 2 0 0 2 2 0 2 0 2 2 0 2 2 2 2 2 0 1 2 2 2 0 2 2 0 2 0 0 2 2 0 0 2 0 2 2 2 2 2 0 0 0 0 0 0
597 2 2 2 2 2 2 2 2 2 2 2 2 2 2 2 2 0 2 2 2 2 2 2 2 2 2 0 2 2 2 2 2 2 2 2 1 2 2 2 2 2 2 2 2 2 2 2 2 2 2 2 2 2 2 2 2 2 2 2 2 2 2 2 2 2 2 2 2 2 2 2 2 2 2 0 2 2 2 2 2 2 2 2 2 2 0 2 2 2 2 0 2 2 2 2 2 2 2 2 2 2 2 2 2 2 2 0 2 2 2 2 2 2 2 2 2 2 2 2 2 2 2 2 2 2 2 2 2 0 2 2 2 2 2 2 0 2 2 2 0 2 0 0 2 2 2 2 2 2 2 2 2 2 2 2 2 2 2 2 2 2 2 2 0 0 0 0 2 2 2 2 2 0 2 0 2 2 2 2 2 0 2 2 0 2 2 2 2 2 2 2 0 2 2 2 0 2 2 2 2 2 0 2 2 2 2 2 2 2 2 0 2 2 2 2 2 2 2 2 2 2 2 2 2 2 2 0 2 2 2 2 2 2 2 2 2 2 2 2 2 2 2 2 2 0
598 2 2 2 2 2 2 2 2 2 2 2 2 2 2 2 2 0 2 2 2 2 2 2 2 2 2 0 2 2 2 2 2 2 2 2 1 2 2 2 2 2 2 2 2 2 2 2 2 2 2 2 2 2 2 2 2 2 2 2 2 2 2 2 2 2 2 2 2 2 2 2 2 2 2 0 2 2 2 2 2 2 2 2 2 2 0 2 2 2 2 0 2 2 2 2 2 2 2 2 2 2 2 2 2 2 2 0 2 2 2 2 2 2 2 2 2 2 2 2 2 2 2 2 2 2 2 2 2 0 2 2 2 2 2 2 0 2 2 2 0 2 0 0 2 2 2 2 2 2 2 2 2 2 2 2 2 2 2 2 2 2 2 2 0 0 0 0 2 2 2 2 2 0 2 0 2 2 2 2 2 0 2 2 0 2 2 2 2 2 2 2 0 2 2 2 0 2 2 2 2 2 0 2 2 2 2 2 2 2 2 0 2 2 2 2 2 2 2 2 2 2 2 2 2 2 2 0 2 2 2 2 2 2 2 2 2 2 2 2 2 2 2 2 2 0
599 2 2 2 2 2 2 2 2 2 2 2 2 2 2 2 2 0 2 2 2 2 2 2 2 2 2 0 2 2 2 2 2 2 2 2 1 2 2 2 2 2 2 2 2 2 2 2 2 2 2 2 2 2 2 2 2 2 2 2 2 2 2 2 2 2 2 2 2 2 2 2 2 2 2 0 2 2 2 2 2 2 2 2 2 2 0 2 2 2 2 0 2 2 2 2 2 2 2 2 2 2 2 2 2 2 2 0 2 2 2 2 2 2 2 2 2 2 2 2 2 2 2 2 2 2 2 2 2 0 2 2 2 2 2 2 0 2 2 2 0 2 0 0 2 2 2 2 2 2 2 2 2 2 2 2 2 2 2 2 2 2 2 2 0 0 0 0 2 2 2 2 2 0 2 0 2 2 2 2 2 0 2 2 0 2 2 2 2 2 2 2 0 2 2 2 0 2 2 2 2 2 0 2 2 2 2 2 2 2 2 0 2 2 2 2 2 2 2 2 2 2 2 2 2 2 2 0 2 2 2 2 2 2 2 2 2 2 2 2 2 2 2 2 2 0
600 2 2 2 2 2 0 2 2 2 2 2 2 2 2 0 0 0 2 2 2 2 2 2 2 2 0 0 2 2 2 2 2 2 2 0 1 2 2 2 2 2 2 2 2 2 2 2 2 2 2 2 2 2 2 2 2 2 2 2 2 2 2 2 2 2 2 2 2 2 2 2 2 2 2 0 2 2 2 2 2 0 2 2 2 2 0 2 2 2 0 0 2 2 2 2 2 0 2 2 2 0 0 2 2 2 2 0 2 0 2 2 2 2 2 2 2 0 2 2 2 0 2 2 2 2 2 2 0 0 0 2 2 0 2 2 0 0 0 2 0 2 0 0 2 2 0 2 2 1 2 2 2 2 0 2 2 0 0 2 2 2 0 2 0 0 0 0 2 2 2 0 0 0 2 0 2 2 0 2 2 0 2 2 0 2 0 2 0 0 2 2 0 2 2 0 0 2 2 0 2 2 0 0 2 2 0 2 0 2 2 0 2 2 2 2 2 0 1 2 2 2 0 2 2 0 2 0 0 2 2 0 0 2 0 2 2 2 2 2 0 0 0 0 0 0
601 2 2 2 2 2 2 2 2 2 2 2 2 2 2 2 2 0 2 2 2 2 2 2 2 2 2 0 2 2 2 2 2 2 2 2 1 2 2 2 2 2 2 2 2 2 2 2 2 2 2 2 2 2 2 2 2 2 2 2 2 2 2 2 2 2 2 2 2 2 2 2 2 2 2 0 2 2 2 2 2 2 2 2 2 2 0 2 2 2 2 0 2 2 2 2 2 2 2 2 2 2 2 2 2 2 2 0 2 2 2 2 2 2 2 2 2 2 2 2 2 2 2 2 2 2 2 2 2 0 2 2 2 2 2 2 0 2 2 2 0 2 0 0 2 2 2 2 2 2 2 2 2 2 2 2 2 2 2 2 2 2 2 2 0 0 0 0 2 2 2 2 2 0 2 0 2 2 2 2 2 0 2 2 0 2 2 2 2 2 2 2 0 2 2 2 0 2 2 2 2 2 0 2 2 2 2 2 2 2 2 0 2 2 2 2 2 2 2 2 2 2 2 2 2 2 2 0 2 2 2 2 2 2 2 2 2 2 2 2 2 2 2 2 2 0
602 2 2 2 2 2 0 2 2 2 0 2 2 2 2 0 0 0 2 0 2 0 2 2 2 2 0 0 2 2 0 0 2 2 2 0 1 2 2 2 0 2 0 2 2 2 2 2 0 2 0 2 2 2 2 2 2 2 2 2 2 2 2 2 2 2 2 2 2 2 2 2 2 2 2 0 0 2 2 2 2 0 2 2 2 2 0 2 2 2 0 0 2 2 2 2 2 0 2 2 2 2 0 2 0 2 2 0 2 0 2 2 2 2 2 2 0 0 2 2 2 0 0 0 2 2 2 2 0 0 0 2 2 2 2 2 0 2 0 2 0 0 0 0 2 2 0 2 2 1 2 2 2 2 2 2 2 0 0 2 2 2 0 2 0 0 0 0 2 2 2 0 0 0 2 0 2 2 2 2 2 0 2 2 0 2 2 2 0 2 2 2 0 2 2 2 0 2 2 0 2 2 0 0 2 2 2 2 0 2 0 0 2 2 2 2 2 0 0 2 2 2 0 2 2 0 2 0 2 2 2 0 0 2 2 2 2 2 2 2 0 0 2 0 2 0
603 2 2 2 2 2 0 2 2 2 2 2 2 2 2 2 0 2 2 2 2 2 2 2 2 2 0 2 2 2 2 2 2 2 2 0 2 2 2 2 2 2 2 2 2 2 2 2 2 2 2 2 2 2 2 2 2 2 2 2 2 2 2 2 2 2 2 2 2 2 2 2 2 2 2 2 2 2 2 2 2 0 2 2 2 2 2 2 2 2 0 2 2 2 2 2 2 0 2 2 2 0 0 2 2 2 2 2 2 0 2 2 2 2 2 2 2 0 2 2 2 0 2 2 2 2 2 2 0 2 0 2 2 0 2 2 2 0 0 2 2 2 2 2 2 2 2 2 2 1 2 2 2 2 0 2 2 0 0 2 2 2 2 2 2 2 2 2 2 2 2 2 2 2 2 2 2 2 0 2 2 2 2 2 2 2 0 2 0 0 2 2 2 2 2 0 2 2 2 0 2 2 2 0 2 2 0 2 0 2 2 2 2 2 2 2 2 0 1 2 2 2 0 2 2 2 2 2 0 2 2 0 0 2 0 2 2 2 2 2 0 0 0 0 0 2
604 2 2 0 0 2 2 2 2 0 2 0 0 2 2 2 2 2 0 2 0 2 0 2 2 2 2 2 0 0 2 2 0 2 2 2 2 2 2 0 2 0 2 2 2 2 0 2 2 0 2 0 2 2 2 2 2 2 2 0 2 0 2 2 2 2 2 2 2 2 2 2 0 2 2 2 2 0 0 2 2 2 2 2 2 2 2 0 2 2 2 2 0 2 2 2 2 2 2 2 0 2 2 2 2 2 2 2 2 2 2 2 2 2 2 0 2 2 2 2 2 2 2 2 2 2 2 0 2 2 2 2 2 2 2 2 2 2 2 2 2 2 2 2 2 2 2 2 2 2 2 2 2 2 2 2 2 2 2 2 2 2 2 2 2 2 2 2 2 2 2 2 2 2 2 2 2 2 2 2 2 2 2 2 2 2 2 2 2 2 2 2 2 2 2 2 2 2 2 2 2 2 2 2 2 2 2 2 2 2 2 2 2 0 2 2 2 2 2 2 2 2 2 2 2 2 2 2 2 2 2 2 2 2 2 2 2 2 2 2 2 2 2 2 2 2
605 2 2 2 2 2 0 2 2 2 2 2 2 2 2 2 0 2 2 2 2 2 2 2 2 2 0 2 2 2 2 2 2 2 2 2 2 2 2 2 2 2 2 2 2 2 2 2 2 2 2 2 2 2 2 2 2 2 2 2 2 2 2 2 2 2 2 2 2 2 2 2 2 2 2 2 2 2 2 2 0 2 2 2 2 2 2 2 2 2 2 2 2 2 2 2 2 2 0 2 2 2 0 2 2 2 0 2 2 2 2 2 2 2 2 2 2 0 2 2 2 2 2 2 2 2 2 2 2 2 0 2 2 2 2 0 2 2 0 2 2 2 2 2 2 2 2 2 2 1 0 2 2 2 2 2 2 2 2 2 2 2 2 2 2 2 2 2 2 2 2 2 2 2 2 2 2 2 2 2 2 2 0 2 2 2 2 2 0 2 2 2 2 2 0 2 2 2 2 2 2 0 2 2 2 0 2 2 2 2 2 2 2 2 2 2 2 2 1 2 2 2 0 2 2 2 2 2 2 2 2 2 0 2 2 2 2 0 2 2 2 0 2 2 2 2
606 2 2 0 0 0 0 0 0 0 0 0 0 0 2 0 0 0 0 0 0 0 0 0 2 0 0 0 0 0 0 0 0 0 0 0 1 0 2 0 0 0 0 0 0 2 0 0 0 0 0 0 0 2 0 0 0 0 2 0 0 0 2 0 2 2 0 2 2 2 0 0 0 0 2 0 0 0 0 0 0 0 0 0 0 0 0 0 2 0 0 0 0 0 0 0 0 0 0 0 0 0 0 2 0 0 0 0 2 0 2 0 0 0 2 0 0 0 0 0 0 0 0 0 0 0 0 0 0 0 0 2 0 0 0 0 0 0 0 2 0 0 0 0 0 2 0 0 0 0 0 0 0 0 0 0 0 0 0 0 2 0 0 0 0 0 0 0 1 0 2 0 0 0 0 0 0 2 0 2 2 0 0 0 0 0 0 0 0 0 2 1 0 2 0 0 0 0 0 0 0 0 0 0 0 0 0 0 0 0 0 0 0 0 2 0 2 0 0 0 2 2 0 2 2 0 0 0 0 0 0 0 0 2 0 0 2 0 2 0 0 0 0 0 0 0
607 2 2 0 0 0 0 0 0 0 0 0 0 0 2 2 0 0 0 0 0 0 0 0 2 0 0 0 0 0 0 0 0 0 0 0 1 0 2 0 0 0 0 0 0 2 0 0 0 0 0 0 0 2 0 0 0 0 2 0 0 0 2 2 2 2 0 2 2 2 0 0 0 0 2 0 0 0 0 0 0 0 0 0 0 0 0 0 2 0 0 0 0 0 0 0 0 0 0 0 0 0 0 2 0 0 0 0 2 0 2 0 0 0 2 0 0 0 0 0 0 0 0 0 0 0 0 0 0 0 0 2 0 0 0 0 0 0 0 2 0 0 0 0 0 2 0 0 0 1 0 0 0 0 0 0 0 0 0 0 2 0 0 0 0 0 0 0 1 0 2 0 2 0 0 0 0 2 0 2 2 0 0 0 0 0 0 0 0 0 2 1 0 2 0 0 0 0 0 0 0 0 0 0 0 0 0 0 0 0 0 0 0 0 2 0 2 0 0 0 2 2 0 2 2 0 0 0 0 0 0 0 0 2 0 0 2 0 2 0 0 0 0 0 0 0
608 2 2 2 2 2 2 2 2 2 2 2 2 2 2 2 2 0 2 2 2 2 2 2 2 2 2 0 2 2 2 2 2 2 2 2 1 2 2 2 2 2 2 2 2 2 2 2 2 2 2 2 2 2 2 2 2 2 2 2 2 2 2 2 2 2 2 2 2 2 2 2 2 2 2 0 2 2 2 2 2 2 2 2 2 2 0 2 2 2 2 0 2 2 2 2 2 2 2 2 2 2 2 2 2 2 2 0 2 2 2 2 2 2 2 2 2 2 2 2 2 2 2 2 2 2 2 2 2 0 2 2 2 2 2 2 0 2 2 2 0 2 0 0 2 2 2 2 2 2 2 2 2 2 2 2 2 2 2 2 2 2 2 2 0 0 0 0 2 2 2 2 2 0 2 0 2 2 2 2 2 0 2 2 0 2 2 2 2 2 2 2 0 2 2 2 0 2 2 2 2 2 0 2 2 2 2 2 2 2 2 0 2 2 2 2 2 2 2 2 2 2 2 2 2 2 2 0 2 2 2 2 2 2 2 2 2 2 2 2 2 2 2 2 2 0
609 2 2 2 2 0 0 0 0 2 0 2 2 0 2 0 0 0 2 0 2 0 2 0 2 0 0 0 2 2 0 0 2 0 0 0 1 0 2 2 0 2 0 0 0 2 2 0 0 2 0 2 0 2 0 0 0 0 2 2 2 2 2 2 2 2 0 2 2 2 0 0 2 0 2 0 0 2 2 0 2 0 0 0 0 0 0 2 2 0 0 0 2 0 0 0 0 0 2 0 2 0 0 2 0 0 2 0 2 0 2 0 0 0 2 2 0 0 0 0 0 0 0 0 0 0 0 2 0 0 0 2 0 0 0 2 0 0 0 2 0 0 0 0 0 2 0 0 0 0 2 0 0 0 0 0 0 0 0 0 2 0 0 0 0 0 0 0 2 0 2 0 0 0 0 0 0 2 0 2 2 0 2 0 0 0 0 0 0 0 2 1 0 2 2 0 0 0 0 0 0 2 0 0 0 2 0 0 0 0 0 0 0 2 2 0 2 0 0 0 2 2 0 2 2 0 0 0 0 0 0 0 0 2 0 0 2 2 2 0 0 0 0 0 0 0
610 2 2 2 2 2 2 2 2 2 2 2 2 2 2 2 2 2 2 2 2 2 2 2 2 2 2 2 2 2 2 2 2 2 2 2 2 2 2 2 2 2 2 2 2 2 2 2 2 2 2 2 2 2 2 2 2 2 2 2 2 2 2 2 2 2 2 2 2 2 2 2 2 2 2 2 2 2 2 2 2 2 2 2 2 2 2 2 2 2 2 2 2 2 2 2 2 2 2 2 2 0 2 2 2 2 2 2 2 2 2 2 2 2 2 2 2 2 2 2 2 2 2 2 2 2 2 2 2 2 2 2 2 0 2 2 2 0 2 2 2 2 2 2 2 2 2 2 2 2 2 2 2 2 0 2 2 2 2 2 2 2 2 2 2 2 2 2 2 2 2 2 2 2 2 2 2 2 0 2 2 2 2 2 2 2 0 2 2 0 2 2 2 2 2 0 2 2 2 2 2 2 2 2 2 2 0 2 2 2 2 2 2 2 2 2 2 2 2 2 2 2 2 2 2 2 2 2 0 2 2 2 2 2 0 2 2 2 2 2 2 2 0 2 0 2
611 2 2 2 2 2 2 2 2 2 2 2 2 2 2 2 2 2 2 2 2 2 2 2 2 2 2 2 2 2 2 2 2 2 2 2 2 2 2 2 2 2 2 2 2 2 2 2 2 2 2 2 2 2 2 2 2 2 2 2 2 2 2 2 2 2 2 2 2 2 2 2 2 2 2 2 2 2 2 2 2 2 2 2 2 2 2 2 2 2 2 2 2 2 2 2 2 2 2 2 2 0 2 2 2 2 2 2 2 2 2 2 2 2 2 2 2 2 2 2 2 2 2 2 2 2 2 2 2 2 2 2 2 0 2 2 2 0 2 2 2 2 2 2 2 2 2 2 2 2 2 2 2 2 0 2 2 2 2 2 2 2 2 2 2 2 2 2 2 2 2 2 2 2 2 2 2 2 0 2 2 2 2 2 2 2 0 2 2 0 2 2 2 2 2 0 2 2 2 2 2 2 2 2 2 2 0 2 2 2 2 2 2 2 2 2 2 2 2 2 2 2 2 2 2 2 2 2 0 2 2 2 2 2 0 2 2 2 2 2 2 2 0 2 0 2
612 2 2 2 2 2 2 2 2 2 2 2 2 2 2 2 2 0 2 2 2 2 2 2 2 2 2 0 2 2 2 2 2 2 2 2 1 2 2 2 2 2 2 2 2 2 2 2 2 2 2 2 2 2 2 2 2 2 2 2 2 2 2 2 2 2 2 2 2 2 2 2 2 2 2 0 2 2 2 2 2 2 2 2 2 2 0 2 2 2 2 0 2 2 2 2 2 2 2 2 2 2 2 2 2 2 2 0 2 2 2 2 2 2 2 2 2 2 2 2 2 2 2 2 2 2 2 2 2 0 2 2 2 2 2 2 0 2 2 2 0 2 0 0 2 2 2 2 2 2 2 2 2 2 2 2 2 2 2 2 2 2 2 2 0 0 0 0 2 2 2 2 2 0 2 0 2 2 2 2 2 0 2 2 0 2 2 2 2 2 2 2 0 2 2 2 0 2 2 2 2 2 0 2 2 2 2 2 2 2 2 0 2 2 2 2 2 2 2 2 2 2 2 2 2 2 2 0 2 2 2 2 2 2 2 2 2 2 2 2 2 2 2 2 2 0
613 2 2 2 2 2 2 2 2 2 2 2 2 2 2 2 2 0 2 2 2 2 2 2 2 2 2 0 2 2 2 2 2 2 2 2 1 2 2 2 2 2 2 2 2 2 2 2 2 2 2 2 2 2 2 2 2 2 2 2 2 2 2 2 2 2 2 2 2 2 2 2 2 2 2 0 2 2 2 2 2 2 2 2 2 2 0 2 2 2 2 0 2 2 2 2 2 2 2 2 2 2 2 2 2 2 2 0 2 2 2 2 2 2 2 2 2 2 2 2 2 2 2 2 2 2 2 2 2 0 2 2 2 2 2 2 0 2 2 2 0 2 0 0 2 2 2 2 2 2 2 2 2 2 2 2 2 2 2 2 2 2 2 2 0 0 0 0 2 2 2 2 2 0 2 0 2 2 2 2 2 0 2 2 0 2 2 2 2 2 2 2 0 2 2 2 0 2 2 2 2 2 0 2 2 2 2 2 2 2 2 0 2 2 2 2 2 2 2 2 2 2 2 2 2 2 2 0 2 2 2 2 2 2 2 2 2 2 2 2 2 2 2 2 2 0
614 2 2 2 2 0 2 0 2 2 2 2 2 0 2 2 2 2 2 2 2 2 2 0 2 0 2 2 2 2 2 2 2 0 2 2 2 0 2 2 2 2 2 2 2 2 2 2 2 2 2 2 2 2 2 0 0 2 2 2 2 2 2 2 2 2 0 2 2 2 0 2 2 0 2 2 2 2 2 2 2 2 2 0 0 0 2 2 2 2 2 2 2 0 2 2 0 2 2 2 2 2 2 2 2 2 2 2 2 2 2 0 0 2 2 2 2 2 2 0 0 2 2 2 2 0 0 2 2 2 2 2 0 2 0 2 2 2 2 2 2 2 2 2 2 2 2 2 2 2 2 0 2 2 2 0 2 2 2 2 2 2 2 2 2 2 2 2 2 2 2 2 2 2 2 2 0 2 2 2 2 2 2 2 2 2 2 0 2 2 2 1 2 2 2 2 2 0 0 2 2 2 2 2 0 2 2 0 2 2 2 2 0 2 2 0 2 2 2 0 2 2 2 2 2 2 0 2 2 0 2 2 2 2 2 0 2 2 2 0 2 2 2 2 2 2
615 2 2 2 2 0 2 0 0 2 2 2 2 0 2 2 2 2 2 2 2 2 2 0 2 0 2 2 2 2 2 2 2 0 0 2 2 0 2 2 2 2 2 0 0 2 2 0 2 2 2 2 0 2 0 0 0 0 2 2 2 2 2 2 2 2 0 2 2 2 0 0 2 0 2 2 2 2 2 0 2 2 0 0 0 0 2 2 2 0 2 2 2 0 0 0 0 2 2 0 2 2 2 2 2 0 2 2 2 2 2 0 0 0 2 2 2 2 0 0 0 2 2 2 0 0 0 2 2 2 2 2 0 2 0 2 2 2 2 2 2 2 2 2 0 2 2 0 0 1 2 0 0 0 2 0 0 2 2 0 2 2 2 0 2 2 2 2 1 0 2 2 2 2 2 2 0 2 2 2 2 2 2 0 2 2 2 0 2 2 2 1 2 2 2 2 2 0 0 2 0 2 2 2 0 2 2 0 2 0 2 2 0 2 2 0 2 2 2 0 2 2 2 2 2 2 0 2 2 0 0 2 2 2 2 0 2 2 2 0 2 2 2 2 2 2
616 2 2 2 2 2 2 2 2 2 2 2 2 2 2 2 2 2 2 2 2 2 2 2 2 2 2 2 2 2 2 2 2 2 2 2 2 2 2 2 2 2 2 2 2 2 2 2 2 2 2 2 2 0 2 2 2 2 2 2 2 2 2 2 2 0 2 2 0 2 2 2 2 2 0 2 2 2 2 2 2 2 2 2 2 2 2 2 2 2 2 2 2 2 2 2 2 2 2 2 2 2 2 2 2 2 2 2 0 2 2 2 2 2 2 2 2 2 2 2 2 2 2 2 2 2 2 2 2 2 2 0 2 2 2 2 2 2 2 0 2 2 2 2 2 0 2 2 2 2 2 2 2 2 2 2 2 2 2 2 2 2 2 2 2 2 2 2 2 2 2 2 2 2 2 2 2 0 2 2 2 2 2 2 2 2 2 2 2 2 2 2 2 2 2 2 2 2 2 2 2 2 2 2 2 2 2 2 2 2 2 2 2 2 0 2 0 2 2 2 2 0 2 0 2 2 2 2 2 2 2 2 2 2 2 2 2 2 2 2 2 2 2 2 2 2
617 2 2 2 2 0 2 0 0 2 2 2 2 0 2 2 2 2 2 2 2 2 2 0 2 0 2 2 2 2 2 2 2 0 0 2 2 0 2 2 2 2 2 0 0 2 2 0 2 2 2 2 0 2 0 0 0 0 2 2 2 2 2 2 2 2 0 2 2 2 0 0 2 0 2 2 2 2 2 0 2 2 0 0 0 0 2 2 2 0 2 2 2 0 0 0 0 2 2 0 2 2 2 2 2 0 2 2 2 2 2 0 0 0 2 2 2 2 0 0 0 2 2 2 0 0 0 2 2 2 2 2 0 2 0 2 2 2 2 2 2 2 2 2 0 2 2 0 0 1 2 0 0 0 2 0 0 2 2 0 2 2 2 0 2 2 2 2 1 0 2 2 2 2 2 2 0 2 2 2 2 2 2 0 2 2 2 0 2 2 2 1 2 2 2 2 2 0 0 2 0 2 2 2 0 2 2 0 2 0 2 2 0 2 2 0 2 2 2 0 2 2 2 2 2 2 0 2 2 0 0 2 2 2 2 0 2 2 2 0 2 2 2 2 2 2
618 2 2 2 2 2 2 2 2 2 0 2 2 2 2 0 2 0 2 0 2 0 2 2 2 2 2 0 2 2 0 0 2 2 2 2 1 2 2 2 0 2 0 2 2 2 2 2 0 2 0 2 2 2 2 2 2 2 2 2 2 2 2 2 2 2 2 2 2 2 2 2 2 2 2 0 0 2 2 2 2 2 2 2 2 2 0 2 2 2 2 0 2 2 2 2 2 2 2 2 2 2 2 2 0 2 2 0 2 2 2 2 2 2 2 2 0 2 2 2 2 2 0 0 2 2 2 2 2 0 2 2 2 2 2 2 0 2 2 2 0 0 0 0 2 2 0 2 2 1 2 2 2 2 2 2 2 2 2 2 2 2 0 2 0 0 0 0 2 2 2 0 0 0 2 0 2 2 2 2 2 0 2 2 0 2 2 2 2 2 2 2 0 2 2 2 0 2 2 2 2 2 0 2 2 2 2 2 2 2 0 0 2 2 2 2 2 2 1 2 2 2 2 2 2 0 2 0 2 2 2 2 2 2 2 2 2 2 2 2 2 2 2 2 2 0
619 2 2 2 2 2 2 2 2 2 2 2 2 2 2 2 2 2 2 2 2 2 2 2 2 2 2 2 2 2 2 2 2 2 2 2 2 2 2 2 2 2 2 2 2 2 2 2 2 2 2 2 2 2 2 2 2 2 2 2 2 2 2 2 2 2 2 2 2 2 2 2 2 2 2 2 2 2 2 2 2 2 2 2 2 2 2 2 2 2 2 2 2 2 2 2 2 2 2 2 2 0 2 2 2 2 2 2 2 2 2 2 2 2 2 2 2 2 2 2 2 2 2 2 2 2 2 2 2 2 2 2 2 0 2 2 2 0 2 2 2 2 2 2 2 2 2 2 2 2 2 2 2 2 0 2 2 2 2 2 2 2 2 2 2 2 2 2 2 2 2 2 2 2 2 2 2 2 0 2 2 2 2 2 2 2 0 2 2 0 2 2 2 2 2 0 2 2 2 2 2 2 2 2 2 2 0 2 2 2 2 2 2 2 2 2 2 2 2 2 2 2 2 2 2 2 2 2 0 2 2 2 2 2 0 2 2 2 2 2 2 2 0 2 0 2
620 2 2 2 2 2 2 2 2 2 0 2 2 2 2 2 2 2 2 0 2 0 2 2 2 2 2 2 2 2 0 0 2 2 2 2 2 2 2 2 0 2 0 2 2 2 2 2 0 2 0 2 2 2 2 2 2 2 2 2 2 2 2 2 2 2 2 2 2 2 2 2 2 2 2 2 0 2 2 2 2 2 2 2 2 2 2 2 2 2 2 2 2 2 2 2 2 2 2 2 2 2 2 2 0 2 2 2 2 2 2 2 2 2 2 2 0 2 2 2 2 2 0 0 2 2 2 2 2 2 2 2 2 2 2 2 2 2 2 2 2 0 2 2 2 2 2 2 2 2 2 2 2 2 2 2 2 2 2 2 2 2 2 2 2 2 2 2 2 2 2 2 2 2 2 2 2 2 2 2 2 2 2 2 2 2 2 2 2 2 2 2 2 2 2 2 2 2 2 2 2 2 2 2 2 2 2 2 2 2 0 2 2 2 2 2 2 2 1 2 2 2 2 2 2 2 2 2 2 2 2 2 2 2 2 2 2 2 2 2 2 2 2 2 2 2
621 2 2 2 2 2 2 2 2 2 2 2 2 2 2 2 2 0 2 2 2 2 2 2 2 2 2 0 2 2 2 2 2 2 2 2 1 2 2 2 2 2 2 2 2 2 2 2 2 2 2 2 2 2 2 2 2 2 2 2 2 2 2 2 2 2 2 2 2 2 2 2 2 2 2 0 2 2 2 2 2 2 2 2 2 2 0 2 2 2 2 0 2 2 2 2 2 2 2 2 2 2 2 2 2 2 2 0 2 2 2 2 2 2 2 2 2 2 2 2 2 2 2 2 2 2 2 2 2 0 2 2 2 2 2 2 0 2 2 2 0 2 0 0 2 2 2 2 2 2 2 2 2 2 2 2 2 2 2 2 2 2 2 2 0 0 0 0 2 2 2 2 2 0 2 0 2 2 2 2 2 0 2 2 0 2 2 2 2 2 2 2 0 2 2 2 0 2 2 2 2 2 0 2 2 2 2 2 2 2 2 0 2 2 2 2 2 2 2 2 2 2 2 2 2 2 2 0 2 2 2 2 2 2 2 2 2 2 2 2 2 2 2 2 2 0
622 2 2 0 2 2 2 2 2 0 2 0 2 2 2 2 2 2 0 2 0 2 2 2 2 2 2 2 2 0 2 2 2 2 2 2 2 2 2 0 2 2 2 2 2 2 0 2 2 0 2 2 2 2 2 2 2 2 2 0 2 2 2 2 2 2 2 2 2 2 2 2 2 2 2 2 2 0 2 2 2 2 2 2 2 2 2 0 2 2 2 2 0 2 2 2 2 2 2 2 0 2 2 2 2 2 2 2 2 2 2 2 2 2 2 2 2 2 2 2 2 2 2 2 2 2 2 2 2 2 2 2 2 2 2 2 2 2 2 2 2 2 2 2 2 2 2 2 2 2 2 2 2 2 2 2 2 2 2 2 2 2 2 2 2 2 2 2 2 2 2 2 2 2 2 2 2 2 2 2 2 2 2 2 2 2 2 2 2 2 2 2 2 2 2 2 2 2 2 2 2 2 2 2 2 2 2 2 2 2 2 2 2 0 2 2 2 2 2 2 2 2 2 2 2 2 2 2 2 2 2 2 2 2 2 2 2 2 2 2 2 2 2 2 2 2
623 2 2 2 2 2 2 2 2 2 2 2 2 2 2 2 2 0 2 2 2 2 2 2 2 2 2 0 2 2 2 2 2 2 2 2 1 2 2 2 2 2 2 2 2 2 2 2 2 2 2 2 2 2 2 2 2 2 2 2 2 2 2 2 2 2 2 2 2 2 2 2 2 2 2 0 2 2 2 2 2 2 2 2 2 2 0 2 2 2 2 0 2 2 2 2 2 2 2 2 2 2 2 2 2 2 2 0 2 2 2 2 2 2 2 2 2 2 2 2 2 2 2 2 2 2 2 2 2 0 2 2 2 2 2 2 0 2 2 2 0 2 0 0 2 2 2 2 2 2 2 2 2 2 2 2 2 2 2 2 2 2 2 2 0 0 0 0 2 2 2 2 2 0 2 0 2 2 2 2 2 0 2 2 0 2 2 2 2 2 2 2 0 2 2 2 0 2 2 2 2 2 0 2 2 2 2 2 2 2 2 0 2 2 2 2 2 2 2 2 2 2 2 2 2 2 2 0 2 2 2 2 2 2 2 2 2 2 2 2 2 2 2 2 2 0
624 2 2 2 2 2 0 2 2 2 2 2 2 2 2 2 0 2 2 2 2 2 2 2 2 2 0 2 2 2 2 2 2 2 2 0 2 2 2 2 2 2 2 2 2 2 2 2 2 2 2 2 2 2 2 2 2 2 2 2 2 2 2 2 2 2 2 2 2 2 2 2 2 2 2 2 2 2 2 2 2 0 2 2 2 2 2 2 2 2 0 2 2 2 2 2 2 0 2 2 2 0 0 2 2 2 2 2 2 0 2 2 2 2 2 2 2 0 2 2 2 0 2 2 2 2 2 2 0 2 0 2 2 0 2 2 2 0 0 2 2 2 2 2 2 2 2 2 2 1 2 2 2 2 0 2 2 0 0 2 2 2 2 2 2 2 2 2 2 2 2 2 2 2 2 2 2 2 0 2 2 2 2 2 2 2 0 2 0 0 2 2 2 2 2 0 2 2 2 0 2 2 2 0 2 2 0 2 0 2 2 2 2 2 2 2 2 0 1 2 2 2 0 2 2 2 2 2 0 2 2 0 0 2 0 2 2 2 2 2 0 0 0 0 0 2
625 2 2 2 2 0 0 0 0 2 0 2 2 0 2 0 0 0 2 0 2 0 2 0 2 0 0 0 2 2 0 0 2 0 0 0 1 0 2 2 0 2 0 0 0 2 2 0 0 2 0 2 0 2 0 0 0 0 2 2 0 2 2 2 2 2 0 2 2 2 0 0 2 0 2 0 0 2 2 0 0 0 0 0 0 0 0 2 2 0 0 0 2 0 0 0 0 0 0 0 2 0 0 2 0 0 0 0 2 0 2 0 0 0 2 2 0 0 0 0 0 0 0 0 0 0 0 2 0 0 0 2 0 0 0 0 0 0 0 2 0 0 0 0 0 2 0 0 0 0 0 0 0 0 0 0 0 0 0 0 2 0 0 0 0 0 0 0 1 0 2 0 0 0 0 0 0 2 0 2 2 0 0 0 0 0 0 0 0 0 2 1 0 2 0 0 0 0 0 0 0 0 0 0 0 0 0 0 0 0 0 0 0 2 2 0 2 0 0 0 2 2 0 2 2 0 0 0 0 0 0 0 0 2 0 0 2 0 2 0 0 0 0 0 0 0
626 2 2 2 2 2 0 2 2 2 0 2 2 2 2 0 0 0 2 0 2 0 2 2 2 2 0 0 2 2 0 0 2 2 2 0 1 2 2 2 0 2 0 2 2 2 2 2 0 2 0 2 2 2 2 2 2 2 2 2 2 2 2 2 2 2 2 2 2 2 2 2 2 2 2 0 0 2 2 2 2 0 2 2 2 2 0 2 2 2 0 0 2 2 2 2 2 0 2 2 2 0 0 2 0 2 2 0 2 0 2 2 2 2 2 2 0 0 2 2 2 0 0 0 2 2 2 2 0 0 0 2 2 0 2 2 0 0 0 2 0 0 0 0 2 2 0 2 2 1 2 2 2 2 0 2 2 0 0 2 2 2 0 2 0 0 0 0 2 2 2 0 0 0 2 0 2 2 0 2 2 0 2 2 0 2 0 2 0 0 2 2 0 2 2 0 0 2 2 0 2 2 0 0 2 2 0 2 0 2 0 0 2 2 2 2 2 0 0 2 2 2 0 2 2 0 2 0 0 2 2 0 0 2 0 2 2 2 2 2 0 0 0 0 0 0
627 2 2 2 2 0 0 0 0 2 0 2 2 0 2 0 0 0 2 0 2 0 2 0 2 0 0 0 2 2 0 0 2 0 0 0 1 0 2 2 0 2 0 0 0 2 2 0 0 2 0 2 0 2 0 0 0 0 2 2 0 2 2 2 2 2 0 2 2 2 0 0 2 0 2 0 0 2 2 0 0 0 0 0 0 0 0 2 2 0 0 0 2 0 0 0 0 0 0 0 2 0 0 2 0 0 0 0 2 0 2 0 0 0 2 2 0 0 0 0 0 0 0 0 0 0 0 2 0 0 0 2 0 0 0 0 0 0 0 2 0 0 0 0 0 2 0 0 0 0 0 0 0 0 0 0 0 0 0 0 2 0 0 0 0 0 0 0 1 0 2 0 0 0 0 0 0 2 0 2 2 0 0 0 0 0 0 0 0 0 2 1 0 2 0 0 0 0 0 0 0 0 0 0 0 0 0 0 0 0 0 0 0 2 2 0 2 0 0 0 2 2 0 2 2 0 0 0 0 0 0 0 0 2 0 0 2 0 2 0 0 0 0 0 0 0
628 2 2 2 2 2 2 2 2 2 2 2 2 2 2 2 2 0 2 2 2 2 2 2 2 2 2 0 2 2 2 2 2 2 2 2 2 2 2 2 2 2 2 2 2 2 2 2 2 2 2 2 2 2 2 2 2 2 2 2 2 2 2 2 2 2 2 2 2 2 2 2 2 2 2 0 2 2 2 2 2 2 2 2 2 2 0 2 2 2 2 0 2 2 2 2 2 2 2 2 2 2 2 2 2 2 2 0 2 2 2 2 2 2 2 2 2 2 2 2 2 2 2 2 2 2 2 2 2 0 2 2 2 2 2 2 0 2 2 2 0 2 0 0 2 2 2 2 2 2 2 2 2 2 2 2 2 2 2 2 2 2 2 2 0 0 0 0 2 2 2 2 2 0 2 0 2 2 2 2 2 0 2 2 0 2 2 2 2 2 2 2 0 2 2 2 0 2 2 2 2 2 0 2 2 2 2 2 2 2 2 0 2 2 2 2 2 2 2 2 2 2 2 2 2 2 2 0 2 2 2 2 2 2 2 2 2 2 2 2 2 2 2 2 2 0
629 2 2 0 0 2 2 2 2 0 2 0 0 2 2 2 2 2 0 2 0 2 0 2 2 2 2 2 0 0 2 2 0 2 2 2 2 2 2 0 2 0 2 2 2 2 0 2 2 0 2 0 2 2 2 2 2 2 2 0 2 0 2 2 2 2 2 2 2 2 2 2 0 2 2 2 2 0 0 2 2 2 2 2 2 2 2 0 2 2 2 2 0 2 2 2 2 2 2 2 0 2 2 2 2 2 2 2 2 2 2 2 2 2 2 0 2 2 2 2 2 2 2 2 2 2 2 0 2 2 2 2 2 2 2 2 2 2 2 2 2 2 2 2 2 2 2 2 2 2 2 2 2 2 2 2 2 2 2 2 2 2 2 2 2 2 2 2 2 2 2 2 2 2 2 2 2 2 2 2 2 2 2 2 2 2 2 2 2 2 2 2 2 2 2 2 2 2 2 2 2 2 2 2 2 2 2 2 2 2 2 2 2 0 2 2 2 2 2 2 2 2 2 2 2 2 2 2 2 2 2 2 2 2 2 2 2 2 2 2 2 2 2 2 2 2
630 2 2 2 2 0 0 0 0 2 0 2 2 0 2 0 0 0 2 0 2 0 2 0 2 0 0 0 2 2 0 0 2 0 0 0 1 0 2 2 0 2 0 0 0 2 2 0 0 2 0 2 0 2 0 0 0 0 2 2 0 2 2 2 2 2 0 2 2 2 0 0 2 0 2 0 0 2 2 0 0 0 0 0 0 0 0 2 2 0 0 0 2 0 0 0 0 0 0 0 2 0 0 2 0 0 0 0 2 0 2 0 0 0 2 2 0 0 0 0 0 0 0 0 0 0 0 2 0 0 0 2 0 0 0 0 0 0 0 2 0 0 0 0 0 2 0 0 0 0 0 0 0 0 0 0 0 0 0 0 2 0 0 0 0 0 0 0 1 0 2 0 0 0 0 0 0 2 0 2 2 0 0 0 0 0 0 0 0 0 2 1 0 2 0 0 0 0 0 0 0 0 0 0 0 0 0 0 0 0 0 0 0 2 2 0 2 0 0 0 2 2 0 2 2 0 0 0 0 0 0 0 0 2 0 0 2 0 2 0 0 0 0 0 0 0
631 2 2 2 2 2 0 2 2 2 0 2 2 2 2 0 0 0 2 0 2 0 2 2 2 2 0 0 2 2 0 2 2 2 2 0 1 2 2 2 0 2 0 2 2 2 2 2 0 2 0 2 2 2 2 2 2 2 2 2 2 2 2 2 2 2 2 2 2 2 2 2 2 2 2 0 0 2 2 2 2 0 2 2 2 2 0 2 2 2 0 0 2 2 2 2 2 0 2 2 2 0 0 2 0 2 2 0 2 0 2 2 2 2 2 2 2 0 2 2 2 0 0 2 2 2 2 2 0 0 0 2 2 0 2 2 0 0 0 2 0 0 0 0 2 2 0 2 2 1 2 2 2 2 0 2 2 0 0 2 2 2 0 2 0 0 0 0 2 2 2 0 0 0 2 0 2 2 0 2 2 0 2 2 0 2 0 2 0 0 2 2 0 2 2 0 0 2 2 0 2 2 0 0 2 2 0 2 0 2 0 0 0 2 2 0 2 0 0 2 2 2 0 2 2 0 2 0 0 2 2 0 0 2 0 0 2 2 2 2 0 0 0 0 0 0
632 2 2 2 2 2 0 2 2 2 2 2 2 2 2 2 0 2 2 2 2 2 2 2 2 2 0 2 2 2 2 0 2 2 2 2 2 2 2 2 2 2 2 2 2 2 2 2 2 2 2 2 2 2 2 2 2 2 2 2 0 2 2 2 2 2 2 2 2 2 2 2 2 2 2 2 2 2 2 2 2 2 2 2 2 2 2 2 2 2 2 2 2 2 2 2 2 2 2 2 2 2 0 2 2 2 2 2 2 2 2 2 2 2 2 2 0 0 2 2 2 2 2 0 2 2 2 2 2 2 0 2 2 2 2 2 2 2 0 2 2 2 2 2 2 2 2 2 2 1 2 2 2 2 2 2 2 2 2 2 2 2 2 2 2 2 2 2 2 2 2 2 2 2 2 2 2 2 2 2 2 2 2 2 2 2 2 2 0 2 2 2 2 2 2 2 2 2 2 2 2 2 2 2 2 2 2 2 2 2 2 2 0 2 2 0 2 2 1 2 2 2 0 2 2 2 2 2 2 2 2 2 0 2 2 0 2 2 2 2 2 0 2 2 2 2
633 2 2 2 2 2 2 2 2 2 2 2 2 2 2 2 2 2 2 2 2 2 2 2 2 2 2 2 2 2 2 2 2 2 2 0 2 2 2 2 2 2 2 2 2 2 2 2 2 2 2 2 2 2 2 2 2 2 2 2 2 2 2 2 2 2 2 2 2 2 2 2 2 2 2 2 2 2 2 2 2 0 2 2 2 2 2 2 2 2 0 2 2 2 2 2 2 0 2 2 2 2 2 2 2 2 2 2 2 0 2 2 2 2 2 2 2 2 2 2 2 0 2 2 2 2 2 2 0 2 2 2 2 2 2 2 2 2 2 2 2 2 2 2 2 2 2 2 2 2 2 2 2 2 2 2 2 0 0 2 2 2 2 2 2 2 2 2 2 2 2 2 2 2 2 2 2 2 2 2 2 2 2 2 2 2 2 2 2 2 2 2 2 2 2 2 2 2 2 0 2 2 2 0 2 2 2 2 0 2 2 2 2 2 2 2 2 0 2 2 2 2 2 2 2 2 2 2 2 2 2 0 2 2 2 2 2 2 2 2 0 2 2 0 2 2
634 2 2 2 2 0 2 0 2 2 2 2 2 0 2 2 2 2 2 2 2 2 2 0 2 0 2 2 2 2 2 2 2 0 2 2 2 0 2 2 2 2 2 2 2 2 2 2 2 2 2 2 2 2 2 0 0 2 2 2 2 2 2 2 2 2 0 2 2 2 0 2 2 0 2 2 2 2 2 2 2 2 2 0 0 0 2 2 2 2 2 2 2 0 2 2 0 2 2 2 2 2 2 2 2 2 2 2 2 2 2 0 0 2 2 2 2 2 2 0 0 2 2 2 2 0 0 2 2 2 2 2 0 2 0 2 2 2 2 2 2 2 2 2 2 2 2 2 2 2 2 0 2 2 2 0 2 2 2 2 2 2 2 2 2 2 2 2 2 2 2 2 2 2 2 2 0 2 2 2 2 2 2 2 2 2 2 0 2 2 2 1 2 2 2 2 2 0 0 2 2 2 2 2 0 2 2 0 2 2 2 2 2 2 2 2 2 2 2 0 2 2 2 2 2 2 0 2 2 0 2 2 2 2 2 2 2 2 2 0 2 2 2 2 2 2
635 2 2 2 2 0 2 0 2 2 2 2 2 0 2 2 2 2 2 2 2 2 2 0 2 0 2 2 2 2 2 2 2 0 2 2 2 0 2 2 2 2 2 2 2 2 2 2 2 2 2 2 2 2 2 0 0 2 2 2 2 2 2 2 2 2 0 2 2 2 0 2 2 0 2 2 2 2 2 2 2 2 2 0 0 0 2 2 2 2 2 2 2 0 2 2 0 2 2 2 2 2 2 2 2 2 2 2 2 2 2 0 0 2 2 2 2 2 2 1 0 2 2 2 2 0 0 2 2 2 2 2 0 2 0 2 2 2 2 2 2 2 2 2 2 2 2 2 2 2 2 0 2 2 2 0 2 2 2 2 2 2 2 2 2 2 2 2 2 2 2 2 2 2 2 2 0 2 2 2 2 2 2 2 2 2 2 0 2 2 2 1 2 2 2 2 2 0 0 2 2 2 2 2 0 2 2 0 2 2 2 2 2 2 2 2 2 2 2 0 2 2 2 2 2 2 0 2 2 0 2 2 2 2 2 2 2 2 2 0 2 2 2 2 2 2
636 2 2 2 2 2 2 2 0 2 2 2 2 2 2 2 2 2 2 2 2 2 2 2 2 2 2 2 2 2 2 2 2 2 0 2 2 2 2 2 2 2 2 0 0 2 2 0 2 2 2 2 0 2 0 2 2 0 2 2 2 2 2 2 2 2 2 2 2 2 2 0 2 2 2 2 2 2 2 0 2 2 0 2 2 2 2 2 2 0 2 2 2 2 0 0 2 2 2 0 2 2 2 2 2 2 2 2 2 2 2 2 2 0 2 2 2 2 0 2 2 2 2 2 0 2 2 2 2 2 2 2 2 2 2 2 2 2 2 2 2 2 2 2 0 2 2 0 0 1 2 2 0 0 2 2 0 2 2 0 2 2 2 0 2 2 2 2 1 0 2 2 2 2 2 2 2 2 2 2 2 2 2 0 2 2 2 2 2 2 2 2 2 2 2 2 2 2 2 2 2 2 2 2 2 2 2 2 2 0 2 2 2 2 2 2 2 2 2 2 2 2 2 2 2 2 2 2 2 2 0 2 2 2 2 2 2 2 2 2 2 2 2 2 2 2
637 0 2 2 2 2 2 2 2 2 2 2 2 2 0 2 2 2 2 2 2 2 2 2 0 2 2 2 2 2 2 2 2 2 2 2 1 2 2 2 2 2 2 2 2 0 2 2 2 2 2 2 2 0 2 2 2 2 2 2 2 2 0 0 2 0 2 2 0 2 2 2 2 2 0 2 2 2 2 2 2 2 2 2 2 2 2 2 2 2 2 2 2 2 2 2 2 2 2 2 2 2 2 2 2 2 2 2 2 2 2 2 2 2 0 2 2 2 2 2 2 2 2 2 2 2 2 2 2 2 2 0 2 2 2 2 2 2 2 0 2 2 2 2 2 0 2 2 2 2 2 2 2 2 2 2 2 2 2 2 0 2 2 2 2 2 2 2 2 2 0 2 2 2 2 2 2 0 2 0 0 2 2 2 2 2 2 2 2 2 0 1 2 2 2 2 2 2 2 2 2 2 2 2 2 2 2 2 2 2 2 2 2 2 0 2 0 2 2 2 2 0 2 0 2 2 2 2 2 2 2 2 2 0 2 2 0 2 0 2 2 2 2 2 2 2
638 0 0 2 2 0 0 0 0 2 0 2 2 0 0 0 0 0 2 0 2 0 2 0 0 0 0 0 2 2 0 0 2 0 0 0 0 0 0 2 2 2 0 0 0 0 2 0 0 2 2 2 0 0 0 0 0 0 0 2 0 2 0 0 2 0 0 0 0 2 0 0 2 0 0 0 0 2 2 0 0 0 0 0 0 0 0 2 0 0 0 0 2 0 0 0 0 0 0 0 2 0 0 0 2 0 0 0 2 0 0 0 0 0 0 0 0 0 0 0 0 0 2 0 0 0 0 2 0 0 0 0 0 0 0 0 0 0 0 0 0 0 0 0 0 0 0 0 0 0 0 0 0 0 0 0 0 0 0 0 0 0 0 0 0 0 0 0 1 0 0 0 0 0 0 0 0 0 0 0 0 0 0 0 0 0 0 0 0 0 0 0 0 0 0 0 0 0 0 0 0 0 0 0 0 0 0 0 0 0 0 0 0 2 0 0 0 0 0 0 2 0 0 0 0 0 0 0 0 0 0 0 0 0 0 0 0 0 0 0 0 0 0 0 0 0
639 2 2 2 2 2 2 2 2 2 2 2 2 2 2 2 2 2 2 2 2 2 2 2 2 2 2 2 2 2 2 2 2 2 0 2 2 2 2 2 2 2 2 0 0 2 2 0 2 2 2 2 0 2 0 2 2 0 2 2 2 2 2 2 2 2 2 2 2 2 2 2 2 2 2 2 2 2 2 0 2 2 0 2 2 2 2 2 2 0 2 2 2 2 0 2 2 2 2 2 2 2 2 2 2 0 2 2 2 2 2 2 2 2 2 2 2 2 0 2 2 2 2 2 0 2 2 2 2 2 2 2 2 2 2 2 2 2 2 2 2 2 2 2 0 2 2 0 0 1 2 2 0 0 2 2 0 2 2 0 2 2 2 0 2 2 2 2 1 0 2 2 2 2 2 2 2 2 2 2 2 2 2 0 2 2 2 2 2 2 2 2 2 2 2 2 2 2 2 2 2 2 2 2 2 2 2 2 2 0 2 2 2 2 2 2 2 2 2 2 2 2 2 2 2 2 2 2 2 2 0 2 2 2 2 2 2 2 2 2 2 2 2 2 2 2
640 2 2 2 2 2 2 2 2 2 2 2 2 2 2 2 2 0 2 2 2 2 2 2 2 2 2 0 2 2 2 2 2 2 2 2 2 2 2 2 2 2 2 2 2 2 2 2 2 2 2 2 2 2 2 2 2 2 2 2 2 2 2 2 2 2 2 2 2 2 2 2 2 2 2 0 2 2 2 2 2 2 2 2 2 2 0 2 2 2 2 0 2 2 2 2 2 2 2 2 2 2 2 2 2 2 2 0 2 2 2 2 2 2 2 2 2 2 2 2 2 2 2 2 2 2 2 2 2 0 2 2 2 2 2 2 0 2 2 2 0 2 0 0 2 2 2 2 2 2 2 2 2 2 2 2 2 2 2 2 2 2 2 2 0 0 0 0 2 2 2 2 2 0 2 0 2 2 2 2 2 0 2 2 0 2 2 2 2 2 2 2 0 2 2 2 0 2 2 2 2 2 0 2 2 2 2 2 2 2 2 0 2 2 2 2 2 2 2 2 2 2 2 2 2 2 2 0 2 2 0 2 2 2 2 2 2 2 2 2 2 2 2 2 2 0
641 2 2 2 2 2 2 2 2 2 2 2 2 2 2 2 2 2 2 2 2 2 2 2 2 2 2 2 2 2 2 2 2 2 0 2 2 2 2 2 2 2 2 2 0 2 2 2 2 2 2 2 2 2 0 2 2 0 2 2 2 2 2 2 2 2 2 2 2 2 2 0 2 2 2 2 2 2 2 0 2 2 0 2 2 2 2 2 2 0 2 2 2 2 0 2 2 2 2 2 2 2 2 2 2 0 2 2 2 2 2 2 2 0 2 2 2 2 0 2 2 2 2 2 0 2 2 2 2 2 2 2 2 2 2 2 2 2 2 2 2 2 2 2 0 2 2 2 0 1 2 2 0 2 2 2 0 2 2 0 2 2 2 0 2 2 2 2 1 0 2 2 2 2 2 2 2 2 2 2 2 2 2 0 2 2 2 2 2 2 2 2 2 2 2 2 2 2 2 2 2 2 2 2 2 2 2 2 2 2 2 2 2 2 2 2 2 2 2 2 2 2 2 2 2 2 2 2 2 2 2 2 2 2 2 2 2 2 2 2 2 2 2 2 2 2
642 2 2 2 2 2 2 2 2 2 2 2 2 2 2 2 2 2 2 2 2 2 2 2 2 0 2 2 2 2 2 2 2 2 2 0 2 2 2 2 2 2 2 2 2 2 2 2 2 2 2 2 2 2 2 2 2 2 2 2 2 2 2 2 2 2 2 2 2 2 2 2 2 2 2 2 2 2 2 2 2 0 2 2 2 2 2 2 2 2 0 2 2 2 2 2 2 0 2 2 2 2 2 2 2 2 2 2 2 0 2 2 2 2 2 2 2 2 2 2 2 0 2 2 2 2 2 2 0 2 2 2 2 2 2 2 2 2 2 2 2 2 2 2 2 2 2 2 2 2 2 2 2 2 2 2 2 0 0 2 2 2 2 2 2 2 2 2 2 2 2 2 2 2 2 2 2 2 2 2 2 2 2 2 2 2 2 2 2 2 2 2 2 2 2 2 2 2 2 0 2 2 2 0 2 2 2 2 0 2 2 2 2 2 2 2 2 0 2 2 2 2 2 2 2 2 2 2 2 2 2 0 2 2 2 2 2 2 2 2 0 2 2 0 2 2
643 2 2 2 2 0 2 0 2 2 2 2 2 0 2 2 2 2 2 2 2 2 2 0 2 2 2 2 2 2 2 2 2 0 2 2 2 0 2 2 2 2 2 2 2 2 2 2 2 2 2 2 2 2 2 0 0 2 2 2 2 2 2 2 2 2 0 2 2 2 0 2 2 0 2 2 2 2 2 2 2 2 2 0 0 0 2 2 2 2 2 2 2 0 2 2 0 2 2 2 2 2 2 2 2 2 2 2 2 2 2 0 0 2 2 2 2 2 2 2 0 2 2 2 2 0 0 2 2 2 2 2 0 2 0 2 2 2 2 2 2 2 2 2 2 2 2 2 2 2 2 0 2 2 2 0 2 2 2 2 2 2 2 2 2 2 2 2 2 2 2 2 2 2 2 2 0 2 2 2 2 2 2 2 2 2 2 0 2 2 2 1 2 2 2 2 2 2 0 2 2 2 2 2 0 2 2 0 2 2 2 2 2 2 2 2 2 2 2 0 2 2 2 2 0 2 0 2 2 2 2 2 2 2 2 2 2 2 2 2 2 2 2 2 2 2
644 2 2 2 2 2 0 2 2 2 2 2 2 2 2 2 0 2 2 2 2 2 2 2 2 2 0 2 2 2 2 2 2 2 2 2 2 2 2 2 2 2 2 2 2 2 2 2 2 2 2 2 2 2 2 2 2 2 2 2 2 2 2 2 2 2 2 2 2 2 2 2 2 2 2 2 2 2 2 2 2 2 2 2 2 2 2 2 2 2 2 2 2 2 2 2 2 2 2 2 2 0 0 2 2 2 2 2 2 2 2 2 2 2 2 2 2 0 2 2 2 2 2 2 2 2 2 2 2 2 0 2 2 0 2 2 2 0 0 2 2 2 2 2 2 2 2 2 2 1 2 2 2 2 0 2 2 2 2 2 2 2 2 2 2 2 2 2 2 2 2 2 2 2 2 2 2 2 0 2 2 2 2 2 2 2 0 2 2 0 2 2 2 2 2 0 2 2 2 2 2 2 2 2 2 2 0 2 2 2 2 2 2 2 2 2 2 2 1 2 2 2 0 2 2 2 2 2 0 2 2 2 2 2 0 2 2 2 2 2 2 0 0 2 0 2
645 0 2 2 2 2 2 2 2 2 2 2 2 2 0 2 2 2 2 2 2 2 2 2 0 2 2 2 2 2 2 2 2 2 2 2 1 2 2 2 2 2 2 2 2 0 2 2 2 2 2 2 2 2 2 2 2 2 2 2 2 2 0 0 2 2 2 2 2 2 2 2 2 2 2 2 2 2 2 2 2 2 2 2 2 2 2 2 2 2 2 2 2 2 2 0 2 2 2 2 2 2 2 2 2 2 2 2 2 2 2 2 2 2 0 2 2 2 2 0 2 2 2 2 2 2 2 2 2 2 2 2 2 2 2 2 2 2 2 2 2 2 2 2 2 2 2 2 2 2 2 2 2 2 2 2 2 2 2 2 0 2 2 2 2 2 2 2 2 2 0 2 2 2 2 2 2 0 2 0 0 2 2 2 2 2 2 2 2 2 0 1 2 2 2 2 2 0 2 2 2 2 2 2 2 2 2 2 2 2 2 2 2 2 2 2 2 2 2 2 2 2 2 2 2 2 2 2 2 0 2 2 2 0 2 2 0 2 0 0 2 2 2 2 2 2
646 2 2 2 0 2 2 2 2 0 2 2 0 2 2 2 2 2 2 2 2 2 0 2 2 2 2 2 0 2 2 2 0 2 2 2 2 2 2 0 2 0 2 2 2 2 2 2 2 2 2 0 2 2 2 2 2 2 2 2 0 0 2 2 2 2 2 2 2 2 2 2 0 2 2 2 2 2 0 2 2 2 2 2 2 2 2 2 2 2 2 2 0 2 2 2 2 2 2 2 2 2 2 2 2 2 2 2 2 2 2 2 2 2 2 0 2 2 2 2 2 2 2 2 2 2 2 0 2 2 2 2 2 2 2 2 2 2 2 2 2 2 2 2 2 2 2 2 2 2 2 2 2 2 2 2 2 2 2 2 2 2 2 2 2 2 2 2 2 2 2 2 2 2 2 2 2 2 2 2 2 2 2 2 2 2 2 2 2 2 2 2 2 2 2 2 2 2 2 2 2 2 2 2 2 2 2 2 2 2 2 2 2 2 2 2 2 2 2 2 2 2 2 2 2 2 2 2 2 2 2 2 2 2 2 2 2 2 2 2 2 2 2 2 2 2
647 2 2 0 0 2 2 2 2 0 2 2 0 2 2 2 2 2 0 2 2 2 0 2 2 2 2 2 0 0 2 2 0 2 2 2 2 2 2 0 2 0 2 2 2 2 0 2 2 0 2 0 2 2 2 2 2 2 2 0 0 0 2 2 2 2 2 2 2 2 2 2 0 2 2 2 2 0 0 2 2 2 2 2 2 2 2 0 2 2 2 2 0 2 2 2 2 2 2 2 0 2 2 2 2 2 2 2 2 2 2 2 2 2 2 1 2 2 2 2 2 2 2 2 2 2 2 0 2 2 2 2 2 2 2 2 2 2 2 2 2 2 2 2 2 2 2 2 2 2 2 2 2 2 2 2 2 2 2 2 2 2 2 2 2 2 2 2 2 2 2 2 2 2 2 2 2 2 2 2 2 2 2 2 2 2 2 2 2 2 2 2 2 2 2 2 2 2 2 2 2 2 2 2 2 2 2 2 2 2 2 2 2 0 2 2 2 2 2 2 2 2 2 2 2 2 2 2 2 2 2 2 2 2 2 2 2 2 2 2 2 2 2 2 2 2
648 2 2 2 2 2 2 2 2 2 2 2 2 2 2 2 2 2 2 2 2 2 2 2 2 0 2 2 2 2 2 2 2 2 2 0 2 2 2 2 2 2 2 2 2 2 2 2 2 2 2 2 2 2 2 2 2 2 2 2 2 2 2 2 2 2 2 2 2 2 2 2 2 2 2 2 2 2 2 2 2 0 2 2 2 2 2 2 2 2 0 2 2 2 2 2 2 0 2 2 2 2 2 2 2 2 2 2 2 0 2 2 2 2 2 2 2 2 2 2 2 0 2 2 2 2 2 2 2 2 2 2 2 2 2 2 2 2 2 2 2 2 2 2 2 2 2 2 2 2 2 2 2 2 2 2 2 2 0 2 2 2 2 2 2 2 2 2 2 2 2 2 2 2 2 2 2 2 2 2 2 2 2 2 2 2 2 2 2 2 2 2 2 2 2 2 2 2 2 0 2 2 2 0 2 2 2 2 0 2 2 2 2 2 2 2 2 0 2 2 2 2 2 2 2 2 2 2 2 2 2 0 2 2 2 2 2 2 2 2 0 2 2 0 2 2
649 0 2 2 2 2 2 2 0 2 2 2 2 2 0 2 2 2 2 2 2 2 2 2 0 2 2 2 2 2 2 2 2 2 2 2 1 2 2 0 2 2 2 2 0 0 2 2 2 2 2 2 2 0 2 2 2 2 2 2 2 2 0 0 2 2 2 2 2 2 2 2 2 2 0 2 2 2 2 2 2 2 2 2 2 2 2 2 2 2 2 2 0 2 2 2 2 2 2 0 2 2 2 2 2 2 2 2 2 2 2 2 2 2 0 2 2 2 2 2 2 2 2 2 0 2 2 2 2 2 2 2 2 2 2 2 2 2 2 0 2 2 2 2 2 2 2 2 0 2 2 2 2 2 2 2 2 2 2 2 0 2 2 2 2 2 2 2 2 2 0 2 2 2 2 2 2 0 2 0 0 2 2 2 2 2 2 2 2 2 0 1 2 2 2 2 2 0 2 2 2 2 2 2 2 2 2 2 2 2 2 2 2 2 2 2 2 2 2 2 2 2 2 2 2 2 2 2 2 0 2 2 2 0 2 2 0 2 0 2 2 2 2 2 2 2
650 2 0 0 2 2 2 2 0 2 0 2 2 2 2 0 2 2 0 0 2 0 2 2 2 2 2 0 2 0 0 2 2 2 2 2 1 2 0 2 2 2 0 2 2 2 0 2 0 0 2 2 2 0 2 2 2 2 0 0 2 2 2 2 2 2 2 0 2 2 2 2 2 2 0 2 0 0 2 2 2 2 2 2 2 2 2 0 0 2 2 2 2 2 2 2 2 2 2 0 0 2 2 0 2 2 2 2 0 2 0 2 2 2 2 2 2 2 2 2 2 2 2 2 2 2 2 2 2 2 2 2 2 2 2 2 2 2 2 2 2 0 2 2 2 2 0 2 2 1 2 2 2 2 2 2 2 2 2 2 2 2 0 2 2 2 2 2 2 2 2 0 0 2 2 2 2 2 2 2 2 2 2 2 0 2 2 2 2 2 2 2 2 0 2 2 2 2 2 2 2 2 2 0 2 2 2 2 2 2 2 2 2 0 2 2 2 0 1 2 2 2 2 2 2 0 2 2 2 2 2 2 2 2 2 2 2 2 2 2 2 2 2 2 2 2
651 0 2 2 0 2 2 2 2 2 2 2 0 2 0 2 2 2 2 2 2 2 0 2 0 2 2 2 0 2 2 2 0 2 2 2 0 2 2 2 2 0 2 2 2 0 2 2 2 2 2 0 2 2 2 2 2 2 2 2 2 0 0 0 2 2 2 2 2 2 2 2 2 2 2 2 2 2 0 2 2 2 0 2 2 2 2 2 2 2 2 2 2 2 2 2 2 2 2 2 2 2 2 2 2 2 2 2 2 2 2 2 2 2 0 2 2 2 2 2 2 2 0 2 2 2 2 0 2 2 2 2 2 2 2 2 2 2 2 2 2 2 2 2 2 2 2 2 2 2 2 2 2 2 2 2 2 2 2 2 0 2 2 2 2 2 2 2 2 2 0 2 2 2 2 2 2 2 2 0 0 2 2 2 2 2 2 2 2 2 0 1 2 2 2 2 2 0 2 2 2 2 2 2 2 2 2 2 2 2 2 2 2 2 2 2 2 2 2 2 2 2 2 2 2 2 2 2 2 0 2 2 2 0 2 2 2 2 0 2 2 2 2 2 2 2
652 2 2 2 2 2 2 2 2 2 2 2 2 2 2 2 2 0 2 2 2 2 2 2 2 2 2 2 2 2 2 2 2 2 2 2 2 2 2 2 2 2 2 2 2 2 2 2 2 2 2 2 2 2 2 2 2 2 2 2 2 2 2 2 2 2 2 2 2 2 2 2 2 2 2 0 2 2 2 2 2 2 2 2 2 2 0 2 2 2 2 0 2 2 2 2 2 2 2 2 2 2 2 2 2 2 2 0 2 2 2 2 2 2 2 2 2 2 2 2 2 2 2 2 2 2 2 2 2 0 2 2 2 0 2 2 0 2 2 2 0 2 0 0 2 2 2 2 2 2 2 2 2 2 2 2 2 0 2 2 2 2 2 2 0 0 0 0 2 2 2 2 2 0 2 0 2 2 2 2 2 0 2 2 2 2 2 2 2 2 2 2 0 2 2 2 0 2 2 2 2 2 0 2 2 2 2 2 2 2 2 0 2 2 2 2 2 2 2 2 2 2 2 2 2 2 2 0 2 2 0 2 2 2 2 2 2 2 2 2 2 2 2 2 2 0
653 2 2 2 2 2 2 2 2 2 2 2 2 2 2 2 2 0 2 2 2 2 2 2 2 2 2 2 2 2 2 2 2 2 2 2 2 2 2 2 2 2 2 2 2 2 2 2 2 2 2 2 2 2 2 2 2 2 2 2 2 2 2 2 2 2 2 2 2 2 2 2 2 2 2 0 2 2 2 2 2 2 2 2 2 2 0 2 2 2 2 0 2 2 2 2 2 2 2 2 2 2 2 2 2 2 2 0 2 2 2 2 2 2 2 2 2 2 2 2 2 2 2 2 2 2 2 2 2 0 2 2 2 0 2 2 0 2 2 2 0 2 0 0 2 2 2 2 2 2 2 2 2 2 2 2 2 0 2 2 2 2 2 2 0 0 0 0 2 2 2 2 2 0 2 0 2 2 2 2 2 0 2 2 2 2 2 2 2 2 2 2 0 2 2 2 0 2 2 2 2 2 0 2 2 2 2 2 2 2 2 0 2 2 2 2 2 2 2 2 2 2 2 2 2 2 2 0 2 2 0 2 2 2 2 2 2 2 2 2 2 2 2 2 2 0
654 0 0 2 2 2 0 2 2 0 2 0 2 2 0 2 0 2 2 2 0 2 2 0 0 2 0 2 2 2 2 2 2 2 2 2 1 2 0 2 2 2 2 2 2 0 2 2 2 2 2 2 2 0 2 0 0 2 0 2 2 2 0 0 0 0 2 0 0 0 0 2 0 2 0 2 2 2 2 2 2 2 2 2 2 2 2 2 2 2 2 2 2 2 2 2 2 2 2 2 2 2 0 0 2 2 2 2 0 2 0 2 0 2 0 2 0 0 2 2 2 2 2 2 2 2 2 2 2 2 0 0 2 2 2 2 2 2 0 0 2 2 2 2 2 0 2 2 2 1 2 2 2 2 2 2 2 2 2 2 0 2 2 2 2 2 2 2 0 2 0 2 2 2 2 2 2 0 2 0 0 2 2 2 2 2 2 0 0 2 0 1 2 2 2 2 2 0 2 2 2 2 2 2 2 2 2 2 2 2 2 2 2 2 0 2 0 2 1 2 0 0 0 0 2 2 0 2 2 0 2 2 0 0 2 2 0 2 0 2 2 0 2 2 2 2
655 2 2 2 2 2 2 2 2 2 2 0 2 2 2 2 2 2 2 2 2 2 2 2 2 2 2 2 2 2 2 2 2 0 2 2 2 0 2 2 2 2 2 2 2 2 2 2 2 2 2 0 2 0 2 2 2 2 2 2 2 0 2 2 2 0 2 2 0 2 2 2 0 0 0 2 2 2 2 2 2 2 2 0 0 2 2 2 0 2 2 2 2 2 2 2 0 2 2 2 2 2 2 2 2 0 2 2 2 2 2 2 0 2 2 2 2 2 2 2 0 2 2 2 2 0 2 2 2 2 2 0 0 2 0 2 2 2 2 0 2 2 2 2 2 0 2 2 2 2 2 2 2 2 2 2 2 2 2 2 2 2 2 2 2 2 2 2 2 2 2 2 2 2 2 2 2 0 2 2 2 2 2 2 2 2 2 2 0 2 2 1 2 0 2 2 2 2 2 2 2 2 2 2 0 2 2 2 2 2 2 2 2 2 0 2 0 2 2 2 2 0 2 0 2 2 2 2 2 2 2 2 2 2 2 2 2 2 2 2 2 2 2 2 2 2
656 2 0 2 2 2 2 2 2 2 2 2 2 2 2 2 2 2 2 2 2 2 2 2 2 0 2 2 2 2 2 2 2 2 2 0 1 2 0 2 2 2 2 2 2 2 2 2 2 2 2 2 2 2 2 2 2 2 0 2 2 2 2 2 2 2 2 0 2 2 2 2 2 2 2 2 2 2 2 2 2 0 2 2 2 2 2 2 2 2 0 2 2 2 2 2 2 0 2 2 2 2 2 0 2 2 2 2 2 0 0 2 2 2 2 2 2 2 2 2 2 0 2 2 2 2 2 2 2 2 2 2 2 2 2 2 2 0 2 2 2 2 2 2 2 2 2 2 2 2 2 2 2 2 2 2 2 2 0 2 2 2 2 2 2 2 2 2 2 2 2 2 2 2 2 2 2 2 2 2 2 2 2 2 2 2 2 2 2 2 2 2 2 2 2 2 2 2 2 0 2 2 2 2 2 2 2 2 0 2 2 2 2 2 2 2 2 2 2 2 2 2 2 2 2 2 2 2 2 2 2 2 2 2 2 2 2 2 2 2 0 2 2 0 2 2
657 0 2 0 0 0 0 0 0 0 0 0 0 0 0 2 0 0 0 0 0 0 0 0 0 2 0 0 0 0 0 0 0 0 0 2 1 0 2 0 0 0 0 0 0 0 0 0 0 0 0 0 0 0 0 0 0 0 2 0 0 0 0 0 2 0 0 2 0 2 0 0 0 0 0 0 0 0 0 0 0 2 0 0 0 0 0 0 0 0 2 0 0 0 0 0 0 2 0 0 0 2 0 2 0 0 0 0 0 2 2 0 0 0 0 0 0 0 0 0 0 2 0 0 0 0 0 0 2 0 0 0 0 0 0 0 0 2 0 0 0 0 0 0 0 0 0 0 0 1 0 0 0 0 2 0 0 0 2 0 0 0 0 0 0 0 0 0 1 0 0 0 2 0 0 0 0 0 2 0 0 0 0 0 0 0 2 0 0 2 0 0 0 0 0 2 0 0 0 2 0 0 0 0 0 0 2 0 2 0 0 0 0 0 0 0 0 0 0 0 2 0 0 0 0 0 0 0 2 0 0 2 0 0 2 0 0 2 0 0 2 0 2 2 2 0
658 2 2 2 2 2 2 2 2 2 2 0 2 2 2 2 2 2 2 2 2 2 2 2 2 2 2 2 2 2 2 2 2 0 2 2 2 0 2 2 2 2 2 2 2 2 2 2 2 2 2 2 2 0 2 2 2 2 2 2 2 2 2 2 2 0 2 2 0 2 2 2 2 0 0 2 2 2 2 2 2 2 2 0 0 2 2 2 2 2 2 2 2 2 2 2 0 2 2 2 2 2 2 2 2 2 2 2 2 2 2 2 0 2 2 2 2 2 2 2 0 2 2 2 2 0 2 2 2 2 2 0 0 2 0 2 2 2 2 0 2 2 2 2 2 0 2 2 2 1 2 2 2 2 2 2 2 2 2 2 2 2 2 2 2 2 2 2 1 2 2 2 2 2 2 2 2 0 2 2 2 2 2 2 2 2 2 2 0 2 2 1 2 2 2 2 2 2 2 2 2 2 2 2 0 2 2 2 2 2 2 2 2 2 0 2 0 2 2 2 2 0 2 0 2 2 2 2 2 2 2 2 2 2 2 2 2 2 2 2 2 2 2 2 2 2
659 2 2 2 0 2 2 2 2 2 2 2 0 2 2 2 2 0 2 2 2 2 0 2 2 2 2 0 0 2 2 2 0 2 2 2 1 2 2 2 2 2 2 2 2 2 2 2 2 2 2 2 2 2 2 2 2 2 2 2 2 2 2 2 2 2 2 2 2 2 2 2 2 2 2 0 2 2 0 2 0 2 2 2 2 2 0 2 2 2 2 0 2 2 2 2 2 2 0 2 2 0 2 2 2 2 0 0 2 2 2 2 2 2 2 2 2 2 2 2 2 2 2 2 2 2 2 2 0 0 2 2 2 0 2 2 0 2 2 2 0 2 0 0 2 2 0 2 2 2 0 2 2 2 0 2 2 0 2 2 2 2 0 2 0 0 0 0 2 2 2 0 2 0 2 0 2 2 0 2 2 0 0 2 0 2 0 2 2 0 2 2 0 2 0 0 0 2 2 2 2 0 0 2 2 2 0 2 2 2 0 0 2 2 2 2 2 2 2 2 2 2 2 2 2 0 2 0 0 2 0 0 2 2 0 2 2 2 2 2 2 2 0 2 0 0
660 2 2 2 2 2 2 2 2 2 2 2 2 2 2 2 2 2 2 2 2 2 2 2 2 2 2 0 2 2 2 2 2 2 2 2 1 2 2 2 2 2 2 2 2 2 2 2 2 2 2 2 2 2 2 2 2 2 2 2 2 2 2 2 2 2 2 2 2 2 2 2 2 2 2 2 2 2 2 2 0 2 2 2 2 2 2 2 2 2 2 2 2 2 2 2 2 2 0 2 2 0 2 2 2 2 2 2 2 2 2 2 2 2 2 2 2 2 2 2 2 2 2 2 2 2 2 2 0 2 2 2 2 2 2 2 2 2 2 2 2 2 2 2 2 2 0 2 2 2 2 2 2 2 0 2 2 2 2 2 2 0 0 2 2 2 2 2 2 2 2 0 2 2 0 2 2 2 0 2 2 2 2 2 0 0 2 2 2 0 2 2 2 2 0 0 2 2 2 2 2 2 2 2 2 2 0 2 2 2 2 2 2 2 2 2 2 2 2 2 2 2 2 2 2 0 2 2 0 2 2 0 2 2 0 2 2 2 2 2 2 2 0 2 0 2
661 2 2 2 2 2 2 2 2 2 2 2 2 2 2 2 2 2 2 2 2 2 2 2 2 2 2 0 2 2 2 2 2 2 2 2 1 2 2 2 2 2 2 2 2 2 2 2 2 2 2 2 2 2 2 2 2 2 2 2 2 2 2 2 2 2 2 2 2 2 2 2 2 2 2 2 2 2 2 2 0 2 2 2 2 2 2 2 2 2 2 2 2 2 2 2 2 2 0 2 2 0 2 2 2 2 2 2 2 2 2 2 2 2 2 2 2 2 2 2 2 2 2 2 2 2 2 2 0 2 2 2 2 2 2 2 2 2 2 2 2 2 2 2 2 2 0 2 2 2 2 2 2 2 0 2 2 2 2 2 2 2 0 2 2 2 2 2 2 2 2 0 2 2 2 2 2 2 0 2 2 2 2 2 0 2 2 2 2 0 2 2 2 2 0 0 2 2 2 2 2 2 2 2 2 2 0 2 2 2 2 2 2 2 2 2 2 2 2 2 2 2 2 2 2 0 2 2 0 2 2 0 2 2 0 2 2 2 2 2 2 2 0 2 0 2
662 2 2 2 2 2 2 2 2 2 2 2 2 2 2 2 2 2 2 2 2 2 2 2 2 2 2 2 2 2 2 2 2 2 2 2 2 2 2 2 2 2 2 2 2 2 2 2 2 2 2 2 2 2 2 2 2 2 2 2 2 2 2 2 2 2 2 2 2 2 2 2 2 2 2 2 2 2 2 2 2 2 2 2 2 2 0 2 2 2 2 2 2 2 2 2 2 2 2 2 2 2 2 2 2 2 2 0 2 2 2 2 2 2 2 2 2 2 2 2 2 2 2 2 2 2 2 2 2 0 2 2 2 0 2 2 0 2 2 2 2 2 0 2 2 2 2 2 2 2 2 2 2 2 2 2 2 0 2 2 2 2 2 2 0 2 2 0 2 2 2 2 2 0 2 0 2 2 2 2 2 0 2 2 2 2 2 2 2 2 2 2 0 2 2 2 2 2 2 2 2 2 0 2 2 2 2 2 2 2 2 2 2 2 2 2 2 2 2 2 2 2 2 2 2 2 2 0 2 2 0 2 2 2 2 2 2 2 2 2 2 2 2 2 2 0
663 0 2 0 0 2 0 2 2 2 2 2 0 2 0 2 0 2 0 2 2 2 0 0 0 2 0 2 0 0 2 0 0 2 2 2 2 2 2 2 0 0 2 2 2 0 0 2 2 0 0 2 2 2 2 0 0 2 2 0 0 2 0 0 2 2 2 2 2 2 0 2 2 2 2 2 2 0 0 2 2 2 2 2 2 2 2 0 2 2 2 2 2 2 2 2 2 2 2 2 0 2 0 2 0 2 0 2 2 2 2 2 2 2 0 0 2 0 2 2 2 2 0 0 2 2 2 0 2 2 0 2 2 2 2 2 2 2 0 2 2 2 2 2 2 2 2 2 2 1 0 2 2 2 2 2 2 2 2 2 0 2 2 2 2 2 2 2 2 2 0 2 2 2 2 2 2 2 2 0 0 2 2 2 2 2 2 2 2 2 0 1 2 2 2 2 2 2 0 2 2 0 2 2 2 2 2 2 2 2 0 2 2 0 2 2 2 2 0 2 2 2 0 2 2 2 2 2 2 0 2 2 0 0 2 2 2 2 0 2 2 0 2 2 2 2
664 2 2 2 2 2 2 2 2 2 2 2 2 2 2 2 2 2 2 2 2 0 2 2 2 2 2 0 2 2 2 2 2 2 2 2 2 2 2 2 2 2 2 2 2 2 2 2 2 2 2 2 2 2 2 2 2 2 2 2 2 2 2 2 2 2 2 2 2 2 2 2 2 2 2 2 2 2 2 2 0 2 2 2 2 2 2 2 2 2 2 2 2 2 2 2 2 2 0 2 2 0 2 2 2 2 2 2 2 2 2 2 2 2 2 2 2 2 2 2 2 2 2 2 2 2 2 2 0 2 2 2 2 2 2 2 2 2 2 2 2 2 2 2 2 2 0 2 2 2 2 2 2 2 0 2 2 2 2 2 2 2 0 2 2 2 2 2 2 2 2 0 2 2 2 2 2 2 0 2 2 2 0 2 0 2 2 2 2 0 2 2 2 2 0 0 2 2 2 2 2 2 2 2 2 2 0 2 2 2 2 2 2 2 2 2 2 2 2 2 2 2 2 2 2 0 2 2 0 2 2 0 2 2 0 2 2 2 2 2 2 2 0 2 0 2
665 0 0 0 0 2 0 2 0 0 0 0 0 2 0 0 0 0 0 0 0 0 0 0 0 0 0 0 0 0 0 0 0 0 0 0 0 0 0 0 0 0 0 0 0 0 0 0 0 0 0 0 0 0 0 0 0 0 0 0 0 0 0 0 0 0 2 0 0 0 0 0 0 0 0 0 0 0 0 0 0 0 0 0 0 2 0 0 2 0 0 0 0 2 0 0 0 0 0 0 0 0 0 0 0 0 0 0 0 0 0 2 0 0 0 0 0 0 0 0 0 0 0 0 0 0 2 0 0 0 0 0 0 0 0 0 0 0 0 0 0 0 0 0 0 0 0 0 0 0 0 2 0 0 0 2 0 0 0 0 0 0 0 0 0 0 0 0 0 0 0 0 0 0 0 0 2 0 0 0 0 0 0 0 0 0 0 0 0 0 0 0 0 2 0 0 0 0 0 0 0 0 0 0 0 0 0 2 0 0 0 0 0 0 0 0 0 0 0 2 0 0 0 0 2 0 0 0 0 0 0 0 0 0 0 0 0 0 0 0 0 0 0 0 0 0
666 2 2 2 2 2 2 2 2 2 2 2 0 2 2 2 2 2 2 2 2 2 0 2 2 2 0 2 0 2 2 2 0 2 2 2 2 2 2 2 2 2 2 2 2 2 2 2 2 2 2 2 2 2 2 2 2 2 2 2 2 2 2 0 2 2 2 2 2 2 2 2 2 2 2 2 2 2 0 2 2 2 2 2 2 2 2 2 2 2 2 2 2 2 2 2 2 2 2 2 2 2 0 2 2 2 2 2 2 2 2 2 2 0 2 2 2 2 2 0 2 2 2 2 2 2 2 2 2 2 2 2 2 2 2 2 2 2 0 2 2 2 2 2 2 2 2 2 2 2 2 2 2 2 2 2 2 2 2 2 2 2 2 2 2 2 2 2 2 2 2 2 2 2 2 2 2 2 2 2 2 2 2 2 2 2 2 0 0 2 2 2 2 2 2 2 2 0 2 2 2 2 2 2 2 2 2 2 2 2 2 2 2 2 2 2 2 2 2 2 2 2 2 2 2 2 0 2 2 2 2 2 2 2 2 2 2 2 2 0 2 2 2 2 2 2
667 2 2 0 0 2 0 2 2 2 2 2 0 2 2 2 0 2 0 2 2 2 0 2 2 2 0 2 0 0 2 2 0 2 2 2 2 2 2 2 2 2 2 2 2 2 0 2 2 0 0 2 2 2 2 2 2 2 2 0 0 2 2 0 2 2 2 2 2 2 0 2 2 2 2 2 2 0 0 2 0 2 2 0 2 2 2 0 2 2 2 2 2 0 2 2 2 2 0 2 0 2 0 2 0 2 0 2 0 2 2 2 2 2 2 0 2 0 2 2 2 2 2 2 2 2 2 2 2 2 0 2 2 2 2 2 2 2 0 2 2 2 2 2 2 2 2 2 2 1 0 2 2 2 2 2 2 2 2 2 2 2 2 2 2 2 2 2 2 2 2 2 2 2 2 2 0 2 2 2 2 2 0 2 2 2 2 2 0 2 2 2 2 2 0 2 2 2 0 2 2 0 2 2 2 2 2 2 2 2 0 2 2 0 2 2 2 2 1 2 2 2 0 2 2 2 2 2 2 2 2 2 2 2 2 2 2 2 2 2 2 0 2 2 2 2
668 2 0 2 2 2 2 0 2 2 2 2 2 2 2 0 2 2 2 2 2 2 2 0 2 0 2 0 2 2 2 0 2 2 2 0 0 0 0 2 2 0 2 2 2 2 2 2 2 2 2 2 2 2 2 0 0 2 0 2 2 2 2 2 0 2 2 0 2 0 2 2 2 2 2 2 2 2 2 2 2 0 2 2 2 2 2 2 0 2 0 2 2 2 2 2 2 0 2 2 2 0 2 0 2 2 2 2 2 0 0 2 0 2 2 2 2 2 2 2 2 0 2 2 2 0 0 0 2 2 2 2 2 0 2 2 2 0 2 2 2 2 2 0 2 2 0 2 2 1 2 0 2 2 0 2 2 2 0 2 2 0 0 2 2 2 0 2 1 2 2 0 0 2 0 2 2 2 0 2 2 2 2 2 0 0 0 2 2 0 2 2 2 0 2 0 0 2 2 0 2 2 2 2 0 2 0 0 0 2 2 0 2 2 2 2 2 2 1 2 0 2 2 2 0 0 2 2 0 0 2 2 2 2 2 2 2 2 2 2 0 2 0 0 0 2
669 0 2 2 2 2 2 2 2 2 2 0 2 2 0 2 2 2 2 2 2 2 2 2 0 2 2 2 2 2 2 2 2 2 2 2 2 2 2 0 2 2 2 2 2 0 2 2 2 2 2 0 2 0 2 2 2 2 2 2 2 0 0 2 2 0 2 2 0 2 2 2 2 2 0 2 2 2 2 2 2 2 2 2 2 2 2 2 2 2 2 2 0 2 2 2 2 2 2 2 2 2 2 2 2 2 2 2 2 2 2 0 2 2 0 2 2 2 2 2 2 2 2 2 2 2 2 2 2 2 2 0 2 2 2 2 2 2 2 0 2 2 2 2 2 0 2 2 2 2 2 2 2 2 2 0 2 2 2 2 0 2 2 2 2 2 2 2 2 2 0 2 2 2 2 2 2 0 2 0 0 2 2 2 2 2 2 2 2 2 0 1 2 2 2 2 2 2 2 2 2 2 2 2 2 2 2 2 2 2 2 2 2 2 0 2 0 2 2 0 2 0 2 0 2 2 2 2 2 2 2 2 2 0 2 2 2 2 0 2 2 2 2 2 2 2
670 2 0 0 0 2 0 2 2 0 0 2 0 2 2 0 0 0 0 0 0 0 0 0 2 0 0 0 0 0 0 0 0 2 2 0 0 0 0 0 0 0 0 0 2 2 0 0 0 0 0 0 0 2 0 0 0 2 0 0 0 0 2 0 0 2 2 0 2 0 0 2 0 2 2 0 0 0 0 0 0 0 2 0 2 2 0 0 0 0 0 0 0 0 0 2 2 0 0 2 0 0 0 0 0 0 0 0 0 0 0 2 0 0 2 0 0 0 0 0 2 0 0 0 2 0 2 0 0 0 0 2 2 0 2 0 0 0 0 2 0 0 0 0 2 2 2 0 2 1 0 2 0 0 0 2 2 0 0 2 2 0 2 2 0 0 0 0 1 0 2 2 0 0 0 0 2 2 0 2 2 0 0 2 0 0 0 0 0 0 2 1 0 0 0 0 0 0 0 0 0 0 0 2 0 0 0 2 0 0 0 0 0 0 2 0 2 2 0 2 0 2 0 2 2 2 0 0 0 0 0 0 0 2 2 0 2 0 2 0 0 0 0 0 0 0
671 2 2 2 2 2 2 2 2 2 2 0 2 2 2 2 2 2 2 2 2 2 2 2 2 2 2 2 2 2 2 2 2 2 2 2 2 2 2 2 2 2 2 2 2 2 2 2 2 2 2 2 2 0 2 2 2 2 2 2 2 2 2 2 2 0 2 2 0 2 2 2 2 2 0 2 2 2 2 2 2 2 2 2 2 2 2 2 2 2 2 2 2 2 2 2 2 2 2 2 2 2 2 2 2 2 2 2 2 2 2 2 2 2 2 2 2 2 2 2 2 2 2 2 2 2 2 2 2 2 2 0 2 2 2 2 2 2 2 0 2 2 2 2 2 0 2 2 2 2 2 2 2 2 2 2 2 2 2 2 2 2 2 2 2 2 2 2 2 2 2 2 2 2 2 2 2 0 2 2 2 2 2 2 2 2 2 2 2 2 2 2 2 2 2 2 2 2 2 2 2 2 2 2 2 2 2 2 2 2 2 2 2 2 0 2 0 2 2 2 2 0 2 0 2 2 2 2 2 2 2 2 2 2 2 2 2 2 2 2 2 2 2 2 2 2
672 2 0 2 2 2 2 2 2 2 2 2 2 2 2 2 2 2 2 2 2 2 0 2 2 2 2 2 0 2 2 2 0 2 2 2 1 2 0 2 2 2 2 2 2 2 2 2 2 2 2 2 2 2 2 2 2 2 0 2 2 2 2 2 2 2 2 0 2 2 0 2 2 2 2 2 2 2 2 2 2 2 2 2 2 2 2 2 2 2 2 2 2 2 2 2 2 2 2 2 2 2 2 0 2 2 2 2 2 2 0 2 2 0 2 2 2 2 2 0 2 2 2 2 2 2 2 2 2 2 2 2 2 2 2 2 2 2 2 2 2 2 2 2 2 2 2 2 2 2 2 2 2 2 2 2 2 2 2 2 2 2 2 2 2 2 2 2 2 2 2 2 2 2 2 2 2 2 2 2 2 2 2 2 2 2 2 0 2 2 2 2 2 2 2 2 2 2 2 2 2 2 2 2 2 2 2 2 2 2 2 2 0 2 2 0 2 2 2 2 2 2 2 2 2 2 2 2 2 2 2 2 2 2 2 0 2 2 2 0 2 2 2 2 2 2
673 2 0 2 2 2 2 2 2 2 0 0 2 2 0 2 2 2 2 0 2 2 2 2 0 2 2 2 2 2 0 2 2 2 2 2 1 2 0 0 2 2 0 2 2 2 2 2 0 2 2 2 2 0 2 2 2 2 0 2 2 2 2 2 2 0 2 0 0 2 0 2 2 2 0 2 0 2 2 2 2 2 2 2 2 2 2 2 2 2 2 2 0 2 2 2 2 2 2 2 2 2 2 0 2 2 2 2 2 2 0 2 2 0 2 2 2 2 2 0 2 2 2 2 2 2 2 2 2 2 2 0 2 2 2 2 2 2 2 0 2 0 2 2 2 0 2 2 2 2 2 2 2 2 2 2 2 2 2 2 0 2 2 2 2 2 2 2 2 2 0 2 2 2 2 2 2 0 2 0 2 2 2 2 2 2 2 0 2 2 2 2 2 2 2 2 2 2 2 2 2 2 2 2 0 2 2 2 2 2 2 2 0 2 0 0 0 2 2 2 2 0 2 0 2 2 2 2 2 2 2 2 2 2 2 0 2 2 2 0 2 2 2 2 2 2
674 1 2 2 2 2 2 2 2 2 2 2 2 2 2 2 2 2 2 2 2 2 2 2 2 2 2 2 2 2 2 2 2 2 2 2 2 2 2 0 2 2 2 2 2 0 2 2 2 2 0 0 2 2 2 2 2 2 2 2 2 0 0 2 2 2 2 2 2 2 2 2 0 2 2 2 2 2 2 2 2 2 2 0 2 2 2 2 2 2 2 2 0 2 2 2 2 2 2 2 2 2 2 2 0 2 2 2 2 2 2 2 2 2 0 2 2 2 2 2 2 2 0 0 2 2 2 2 2 2 2 2 2 2 2 2 2 2 2 2 2 2 2 2 2 2 2 2 2 1 2 2 2 2 2 2 2 0 2 2 2 2 2 2 2 2 2 2 1 2 2 2 2 2 2 2 2 2 2 2 0 2 2 2 2 2 2 2 2 2 0 0 2 2 2 2 2 2 2 2 2 2 2 2 2 2 2 2 2 2 2 2 2 2 2 2 2 2 2 2 2 2 2 2 2 2 2 2 2 2 2 2 2 0 2 2 2 2 0 2 2 2 2 2 2 2
675 0 0 2 2 2 2 2 0 2 0 0 2 2 0 2 2 2 2 0 0 2 2 0 0 2 2 2 2 2 0 2 2 0 0 2 1 2 0 2 2 2 0 0 0 0 2 0 0 2 2 0 0 0 0 0 0 0 0 2 2 0 0 0 2 0 2 0 0 2 0 0 2 0 0 2 0 2 2 0 2 2 0 2 0 2 2 2 2 0 2 2 2 2 0 0 0 2 1 0 2 2 2 0 2 0 2 2 2 2 0 2 2 0 0 2 2 2 0 0 0 2 2 2 0 2 2 2 0 2 2 0 0 2 0 2 2 2 2 0 2 0 2 2 0 0 2 0 0 2 2 2 0 0 2 2 0 2 2 0 0 2 2 0 2 2 2 2 2 0 0 2 2 2 1 2 2 0 2 0 0 2 2 0 2 2 2 0 2 2 0 0 2 2 2 2 2 2 0 2 0 2 2 2 2 2 2 2 2 0 2 2 0 2 0 0 0 2 2 2 2 0 2 0 2 2 0 2 2 2 2 2 2 0 0 0 0 2 0 0 2 2 2 2 2 2
676 0 0 2 2 2 2 2 0 2 0 0 2 2 0 2 2 2 2 0 2 2 2 0 0 2 2 2 2 2 0 2 2 0 0 2 1 2 0 2 2 2 0 0 0 0 2 0 0 2 2 2 0 0 0 0 0 0 0 2 2 2 0 0 2 0 2 0 0 2 0 0 2 0 0 2 0 2 2 0 2 2 0 2 0 2 2 2 2 0 2 2 2 2 0 0 0 2 2 0 2 2 2 0 2 0 2 2 2 2 0 2 2 0 0 2 2 2 0 0 0 2 2 2 0 2 2 2 0 2 2 0 0 2 0 2 2 2 2 0 2 0 2 2 0 0 2 0 0 2 2 2 0 0 2 2 0 2 2 0 0 2 2 0 2 2 2 2 2 0 0 2 2 2 2 2 2 0 2 0 0 2 2 0 2 2 2 0 2 2 0 0 2 2 2 2 2 2 0 2 0 2 2 2 2 2 2 2 2 0 2 2 0 2 0 0 0 2 2 2 2 0 2 0 2 2 0 2 2 2 2 2 2 0 0 0 2 2 0 0 2 2 2 2 2 2
677 0 0 2 2 2 0 0 0 0 0 0 2 2 0 0 0 0 2 0 2 2 0 0 0 0 2 0 0 2 0 2 0 0 0 2 0 0 0 0 0 2 0 0 0 0 2 0 0 2 2 2 0 0 0 0 0 0 0 2 2 2 0 0 0 0 2 0 0 0 0 0 0 0 0 0 0 2 2 0 2 0 0 2 0 2 0 2 0 0 2 0 0 2 0 0 0 0 2 0 2 0 2 0 2 0 2 0 0 0 0 2 0 0 0 2 2 0 0 0 0 0 2 0 0 0 0 2 0 0 0 0 0 0 0 2 0 0 2 0 0 0 0 0 0 0 0 0 0 1 2 0 0 0 0 2 0 0 0 0 0 0 0 0 0 0 0 0 1 0 0 0 2 0 0 0 0 0 0 0 0 0 2 0 0 0 0 0 2 0 0 0 0 0 2 0 0 0 0 0 0 2 0 2 0 2 0 0 0 0 2 0 0 2 0 0 0 2 1 2 0 0 0 0 0 0 0 0 0 0 0 0 0 0 0 0 2 2 0 0 0 0 0 0 0 0
678 0 0 2 2 2 2 0 0 2 0 0 2 2 0 0 2 0 2 0 2 2 2 0 0 0 2 0 2 2 0 2 2 0 0 2 0 0 0 2 2 2 0 0 0 0 2 0 0 2 2 2 0 0 0 0 0 0 0 2 2 2 0 0 0 0 2 0 0 0 0 0 2 0 0 0 0 2 2 0 2 0 0 2 0 2 0 2 0 0 2 0 2 2 0 0 0 0 2 0 2 0 2 0 2 0 2 0 2 0 0 2 0 0 0 2 2 2 0 0 0 0 2 2 0 0 0 2 0 0 2 0 0 0 0 2 0 0 2 0 0 0 0 0 0 0 0 0 0 1 2 0 0 0 0 2 0 0 0 0 0 0 0 0 0 0 0 0 0 0 0 0 2 0 0 0 0 0 0 0 0 0 2 0 0 0 0 0 2 0 0 0 0 0 2 0 0 0 0 0 0 2 0 2 2 2 0 0 0 0 2 0 0 2 0 0 0 2 2 2 0 0 2 0 0 0 0 0 0 0 0 0 2 0 0 0 2 2 0 0 0 2 0 0 0 0
679 2 2 2 0 2 0 2 2 0 2 2 0 2 2 2 0 2 2 0 2 2 2 2 2 2 0 2 2 2 0 2 2 2 2 2 2 2 2 2 2 0 2 2 2 2 2 2 0 2 2 2 2 2 2 2 2 2 2 2 0 2 2 2 2 2 2 2 2 2 2 2 0 2 2 2 0 2 0 2 2 2 2 2 2 2 2 2 2 2 2 2 2 2 2 2 2 2 2 2 2 2 0 2 2 2 2 2 2 2 2 2 2 2 2 0 2 0 2 2 2 2 2 2 2 2 2 0 2 2 0 2 2 2 2 2 2 2 0 2 2 0 2 2 2 2 2 2 2 1 2 2 2 2 2 2 2 2 2 2 2 2 2 2 2 2 2 2 2 2 2 2 2 2 2 2 2 2 2 2 2 2 2 2 2 2 2 2 0 2 2 2 2 2 2 2 2 2 0 2 2 2 2 2 2 2 2 2 2 2 2 2 2 2 2 2 2 2 1 2 2 2 0 2 2 2 2 2 2 2 2 2 0 2 2 2 2 2 2 2 2 0 2 2 2 2
680 2 2 2 2 2 2 2 2 2 2 2 2 2 2 2 2 0 2 2 2 2 2 0 2 0 2 2 2 2 2 2 2 2 2 0 2 2 2 2 2 2 2 2 2 2 2 2 2 2 2 2 2 2 2 0 0 2 2 2 2 2 2 2 2 2 2 2 2 2 2 2 2 2 2 0 2 2 2 2 2 0 2 2 2 2 0 2 2 2 0 0 2 2 2 2 2 0 2 2 2 2 2 2 2 2 2 0 2 0 2 2 2 2 2 2 2 2 2 2 2 0 2 2 2 2 2 2 2 0 2 2 2 2 2 2 0 0 2 2 0 2 0 0 2 2 2 2 2 1 2 2 2 2 2 2 2 2 0 2 2 2 2 2 0 0 0 0 1 2 2 2 0 0 2 0 0 2 2 2 2 0 2 2 2 2 2 2 2 2 2 2 0 2 2 2 0 2 2 0 2 2 0 0 2 2 2 2 0 2 2 0 2 2 2 2 2 0 2 2 2 2 2 2 2 2 2 0 2 2 0 0 2 2 2 2 2 2 2 2 0 2 2 0 2 0
681 2 2 2 2 2 2 2 2 2 2 2 2 2 2 2 2 2 2 0 2 2 2 0 2 2 0 2 2 2 0 2 2 2 2 2 2 2 2 2 2 2 2 2 2 2 2 2 0 2 2 2 2 2 2 0 0 2 2 2 2 2 2 2 2 2 2 2 2 2 0 2 2 2 2 2 0 2 2 2 2 2 2 2 2 2 2 2 2 2 2 2 2 2 2 2 2 2 2 2 2 2 0 2 2 2 2 2 2 2 2 2 2 2 2 2 2 2 2 0 2 2 2 2 2 2 2 2 2 2 2 2 2 2 2 2 2 2 0 2 2 0 2 2 2 2 2 2 2 2 2 2 2 2 2 2 2 2 2 2 2 2 2 2 2 2 2 2 2 2 2 2 2 2 2 2 2 2 2 2 2 2 2 2 2 2 2 0 0 2 2 2 2 2 2 2 2 2 2 2 2 2 2 2 2 2 2 2 2 2 2 2 2 2 2 2 2 2 1 2 2 2 0 2 2 2 2 2 2 2 2 2 2 2 2 2 2 2 2 0 2 2 2 2 2 2
682 2 2 2 0 2 0 2 2 0 2 2 0 2 2 2 0 0 2 0 0 2 2 0 2 2 0 0 2 2 0 2 2 2 2 2 1 2 2 0 0 2 0 2 2 2 2 2 0 2 0 2 2 2 2 0 0 2 2 2 0 2 2 2 2 2 2 2 2 2 0 2 0 2 2 0 0 2 0 2 2 2 2 0 2 2 0 2 2 2 2 0 0 2 2 2 2 2 2 2 2 2 0 2 0 2 2 0 2 0 2 2 2 2 2 0 0 0 2 0 2 2 0 0 2 2 2 2 2 0 0 2 2 2 2 2 0 2 0 2 0 0 0 0 2 2 2 2 2 1 2 2 2 2 2 2 2 2 2 2 0 2 2 2 0 0 0 0 2 2 0 2 2 0 2 0 0 2 2 0 2 0 2 2 0 2 2 0 0 2 2 2 0 2 2 2 0 2 0 2 2 2 0 2 2 2 2 2 2 2 2 0 2 2 2 2 2 2 1 2 2 2 0 2 2 2 2 0 2 2 0 0 0 2 0 2 2 2 2 0 2 0 2 2 2 0
683 2 2 2 0 2 0 2 2 0 2 2 0 2 2 2 0 0 2 0 0 2 2 0 2 2 0 0 2 2 0 2 2 2 1 2 1 2 2 0 0 2 0 2 2 2 2 2 0 2 0 2 2 2 2 0 0 2 2 2 0 2 2 2 2 2 1 2 2 2 0 2 0 2 2 0 0 2 0 2 2 2 2 0 2 2 0 2 2 2 2 0 0 2 2 2 2 2 2 2 2 2 0 2 0 2 2 0 2 0 2 2 2 2 2 0 0 0 2 0 2 2 0 0 2 2 2 2 2 0 0 2 2 2 2 2 0 2 0 2 0 0 0 0 2 2 2 2 2 1 2 2 2 2 2 2 2 2 2 2 0 2 2 2 0 0 0 0 2 2 0 2 2 0 2 0 0 2 2 0 2 0 2 2 0 2 2 0 0 2 2 2 0 2 2 2 0 2 0 2 2 2 0 2 2 2 2 2 2 2 2 0 2 2 2 2 2 2 1 2 2 2 0 2 2 2 2 0 2 2 0 0 0 2 0 2 2 2 2 0 2 0 2 2 2 0
684 2 2 2 2 2 2 2 2 2 2 2 2 2 2 2 2 0 2 2 2 2 2 2 2 2 2 0 2 2 2 2 2 2 2 2 1 2 2 2 2 2 2 2 2 2 2 2 2 2 2 2 2 2 2 2 2 2 2 2 2 2 2 2 2 2 2 2 2 2 2 2 2 2 2 0 2 2 2 2 2 2 2 0 2 2 0 2 2 2 2 0 2 2 2 2 2 2 2 2 2 2 2 2 2 2 2 0 2 0 2 2 2 2 2 2 2 2 2 2 2 2 2 2 2 2 2 2 2 0 2 2 2 2 2 2 0 2 2 2 0 2 0 0 2 2 2 2 2 2 2 2 2 2 2 2 2 2 2 2 2 2 2 2 0 0 0 0 2 2 2 2 2 0 2 0 0 2 2 2 2 0 2 2 0 2 2 2 2 2 2 2 0 2 2 2 0 2 2 2 2 2 0 2 2 2 2 2 2 2 2 0 2 2 2 2 2 2 2 2 2 2 2 2 2 2 2 0 2 2 0 0 2 2 0 2 2 2 2 2 2 2 2 2 2 0
685 2 2 2 2 2 0 2 2 2 2 2 2 2 2 2 0 0 2 2 2 2 2 2 2 2 2 0 2 2 2 2 2 2 2 2 1 2 2 2 2 2 2 2 2 2 2 2 2 2 2 2 2 2 2 2 2 2 2 2 2 2 2 2 2 2 2 2 2 2 2 2 2 2 2 0 2 2 2 2 2 2 2 0 2 2 0 2 2 2 2 0 2 2 2 2 2 2 2 2 2 2 2 2 2 2 2 0 2 0 2 2 2 2 2 2 2 0 2 2 2 2 2 2 2 2 2 2 2 0 0 2 2 2 2 2 0 2 2 2 0 2 0 0 2 2 2 2 2 1 2 2 2 2 2 2 2 2 2 2 2 2 2 2 0 0 0 0 2 2 2 2 2 0 2 0 0 2 2 2 2 0 2 2 0 2 2 2 2 2 2 2 0 2 2 2 0 2 2 2 2 2 0 2 2 2 2 2 2 2 2 0 2 2 2 2 2 2 2 2 2 2 2 2 2 2 2 0 2 2 0 0 0 2 0 2 2 2 2 2 2 0 2 2 2 0
686 2 0 0 0 2 0 2 0 0 2 2 0 2 2 2 0 0 0 0 0 0 2 0 2 2 0 0 2 0 0 0 2 0 0 2 0 2 0 0 0 2 0 0 0 2 0 0 0 0 0 2 2 0 0 0 0 0 0 0 0 2 2 2 2 0 2 0 2 2 0 0 0 0 0 0 0 0 0 2 2 2 0 0 0 2 0 0 2 0 2 0 0 2 2 0 0 2 2 0 0 2 0 0 0 0 2 0 2 0 0 2 2 2 2 0 0 0 0 0 0 2 0 0 0 2 2 2 2 0 0 2 0 2 0 2 0 2 0 0 0 0 0 0 0 0 2 2 0 1 2 2 0 0 2 2 0 2 2 0 0 0 2 0 0 0 0 0 2 0 0 2 2 0 0 0 0 2 2 0 2 0 0 0 0 0 2 0 0 2 2 2 0 2 2 2 0 2 0 2 0 2 0 2 2 2 2 2 2 0 2 0 2 0 0 2 0 2 0 2 2 2 0 2 2 2 0 0 2 2 0 0 0 2 0 2 2 0 2 0 2 0 2 2 2 0
687 2 2 2 0 2 0 2 2 0 2 2 0 2 2 2 0 0 2 0 0 2 2 0 2 2 0 0 2 2 0 2 2 2 2 2 1 2 2 0 0 2 0 2 2 2 2 2 0 2 0 2 2 2 2 0 0 2 2 2 0 2 2 2 2 2 2 2 2 2 0 2 0 2 2 0 0 2 0 2 2 2 2 0 2 2 0 2 2 2 2 0 0 2 2 2 2 2 2 2 2 2 0 2 0 2 2 0 2 0 2 2 2 2 2 0 0 0 2 0 2 2 0 0 2 2 2 2 2 0 0 2 2 2 2 2 0 2 0 2 0 0 0 0 2 2 2 2 2 1 2 2 2 2 2 2 2 2 2 2 0 2 2 2 0 0 0 0 2 2 0 2 2 0 2 0 0 2 2 0 2 0 2 2 0 2 2 0 0 2 2 2 0 2 2 2 0 2 0 2 2 2 0 2 2 2 2 2 2 2 2 0 2 2 2 2 2 2 1 2 2 2 0 2 2 2 2 0 2 2 0 0 0 2 0 2 2 2 2 0 2 0 2 2 2 0
688 0 2 2 2 0 2 2 2 2 0 0 2 0 2 2 2 2 2 2 2 2 0 2 2 2 2 2 0 2 2 2 0 2 2 2 2 2 2 2 2 0 2 2 2 0 2 2 2 2 2 2 2 2 2 2 2 2 2 2 2 2 0 2 2 2 0 2 0 2 2 2 2 2 2 2 2 2 2 2 2 2 2 2 2 2 2 2 2 2 2 2 2 2 2 2 2 2 2 2 2 2 2 2 2 2 2 2 0 2 2 2 2 2 0 2 2 2 2 2 2 2 2 2 2 2 2 0 2 2 2 0 2 2 2 2 2 2 2 2 2 2 2 2 2 2 2 2 2 2 2 2 2 2 2 2 2 2 2 2 2 2 2 2 2 2 2 2 2 2 2 2 2 2 2 2 2 0 2 2 0 2 2 2 2 2 2 2 2 2 0 1 2 2 2 2 2 2 2 2 2 2 2 2 2 2 2 2 2 2 2 2 2 2 2 2 2 2 2 2 2 0 2 0 2 2 2 2 2 2 2 2 2 0 2 2 2 2 0 2 2 2 2 2 2 2
689 2 2 2 2 2 2 0 2 2 2 2 2 2 2 2 2 2 2 2 2 2 2 2 2 2 2 2 2 2 2 2 2 2 2 2 2 0 2 2 2 2 2 2 2 2 2 2 2 2 2 2 2 2 2 2 2 2 2 2 2 2 2 2 2 2 2 2 2 2 2 2 2 2 2 2 2 2 2 2 2 2 2 2 2 0 2 2 0 2 2 2 2 0 2 2 2 2 2 2 2 2 2 2 2 2 2 2 2 2 2 2 0 0 2 2 2 2 2 2 2 2 2 2 2 0 0 2 2 2 2 2 2 2 2 2 2 2 2 2 2 2 2 2 2 2 0 2 2 2 2 0 2 2 2 2 2 2 2 2 2 2 0 2 2 2 2 2 2 2 2 0 2 2 2 2 2 2 2 2 2 2 2 2 2 2 2 2 2 2 2 2 2 0 2 2 2 0 2 2 2 2 2 2 2 2 2 0 2 2 2 2 2 2 2 2 2 2 2 2 2 2 2 2 0 0 2 2 2 0 2 2 2 2 2 2 2 2 2 2 2 2 2 2 2 2
690 2 2 2 2 2 2 0 2 2 2 2 2 2 2 2 2 2 2 2 2 2 2 2 2 2 2 2 2 2 2 2 2 2 2 2 2 0 2 2 2 2 2 2 2 2 2 2 2 2 2 2 2 2 2 2 2 2 2 2 2 2 2 2 2 2 2 2 2 2 2 2 2 2 2 2 2 2 2 2 2 2 2 2 2 0 2 2 0 2 2 2 2 0 2 2 2 2 2 2 2 2 2 2 2 2 2 2 2 2 2 2 0 0 2 2 2 2 2 2 2 2 2 2 2 0 0 2 2 2 2 2 2 2 2 2 2 2 2 2 2 2 2 2 2 2 0 2 2 2 2 0 2 2 2 2 2 2 2 2 2 2 0 2 2 2 2 2 2 2 2 0 2 2 2 2 2 2 2 2 2 2 2 2 2 2 2 2 2 2 2 2 2 0 2 2 2 0 2 2 2 2 2 2 2 2 2 0 2 2 2 2 2 2 2 2 2 2 2 2 2 2 2 2 0 0 2 2 2 0 2 2 2 2 2 2 2 2 2 2 2 2 2 2 2 2
691 2 2 0 0 2 0 0 2 0 2 2 0 2 2 0 0 2 0 0 0 2 2 0 2 0 2 2 2 0 0 0 2 0 2 0 2 0 2 0 0 2 0 2 2 2 0 2 0 0 0 2 2 2 2 0 0 2 2 0 0 2 2 2 2 2 2 2 2 2 0 2 0 0 2 2 0 0 0 2 2 0 2 2 0 0 2 0 0 2 0 2 0 0 2 2 0 0 2 2 0 2 2 2 0 2 2 2 2 2 2 2 0 0 2 0 0 0 2 0 0 0 0 0 2 0 0 2 2 2 0 2 0 2 0 0 2 0 0 2 2 0 2 2 2 2 0 2 2 0 2 0 2 2 2 2 2 2 0 2 0 2 0 2 2 2 2 2 1 2 0 0 0 2 2 2 2 2 2 0 2 2 0 2 2 2 2 0 0 2 2 2 2 0 2 2 2 0 0 0 2 2 2 0 2 0 2 0 0 2 2 2 2 0 2 2 2 0 0 2 2 2 0 2 0 0 0 2 2 0 2 2 0 2 2 2 2 0 2 0 0 0 2 0 2 2
692 2 2 2 0 2 0 2 2 0 2 2 0 2 2 2 0 2 2 0 0 2 2 0 2 2 2 2 2 2 0 0 2 0 2 2 2 2 2 0 0 2 0 2 2 2 2 2 0 2 0 2 2 2 2 0 0 2 2 2 0 2 2 2 2 2 2 2 2 2 0 2 0 0 2 2 0 2 0 2 2 2 2 2 0 2 2 2 2 2 2 2 0 2 2 2 0 2 2 2 2 2 2 2 0 2 2 2 2 2 2 2 2 2 2 0 0 0 2 0 0 2 0 0 2 2 2 2 2 2 0 2 0 2 0 0 2 2 2 2 2 0 2 2 2 2 2 2 2 1 2 2 2 2 2 2 2 2 2 2 0 2 2 2 2 2 2 2 2 2 0 2 2 2 2 2 2 2 2 0 2 2 0 2 2 2 2 0 0 2 2 2 2 2 2 2 2 2 0 2 2 2 2 2 2 0 2 2 2 2 2 2 2 2 2 2 2 2 1 2 2 2 2 2 2 2 0 2 2 2 2 2 0 2 2 2 2 0 2 0 2 0 2 2 2 2
693 2 2 2 2 2 2 2 2 2 2 2 2 2 2 2 2 0 2 2 2 0 2 2 2 2 2 0 2 2 2 2 2 2 2 2 1 2 2 2 2 2 2 2 2 2 2 2 2 2 2 2 2 2 2 2 2 2 2 2 2 2 2 2 2 2 2 2 2 0 2 2 2 2 2 0 2 2 2 2 2 2 2 0 2 2 0 2 2 2 2 0 2 2 2 2 2 2 2 2 2 2 2 2 2 2 2 0 2 0 2 2 2 2 2 2 2 2 2 2 2 2 2 2 2 2 2 2 2 0 2 2 2 2 2 2 0 2 2 2 0 2 0 0 2 2 2 2 2 2 2 2 2 2 2 2 2 2 2 2 2 0 2 2 0 0 0 0 2 2 2 2 2 0 0 0 0 2 2 2 2 0 2 2 0 0 2 2 2 2 2 1 0 2 2 2 0 2 2 2 2 2 0 2 0 2 2 2 2 2 2 0 2 2 2 2 2 2 2 2 2 2 2 2 2 2 2 0 2 2 0 0 2 2 0 2 2 2 2 2 2 2 2 2 2 0
694 2 2 2 2 2 2 0 2 2 2 2 2 2 2 2 2 2 2 2 2 2 2 2 2 2 2 2 2 2 2 2 2 2 2 2 2 0 2 2 2 2 2 2 2 2 2 2 2 2 2 2 2 2 2 2 2 2 2 2 2 2 2 2 2 2 2 2 2 2 2 2 2 2 2 2 2 2 2 2 2 2 2 2 2 0 2 2 0 2 2 2 2 0 2 2 2 2 2 2 2 2 2 2 2 2 2 2 2 2 2 2 0 0 2 2 2 2 2 2 2 2 2 2 2 0 0 2 2 2 2 2 2 2 2 2 2 2 2 2 2 2 2 2 2 2 0 2 2 2 2 0 2 2 2 2 2 2 2 2 2 2 0 2 2 2 2 2 2 2 2 0 2 2 2 2 2 2 2 2 2 2 2 2 2 2 2 2 2 2 2 2 2 0 2 2 2 0 2 2 2 2 2 2 2 2 2 0 2 2 2 2 2 2 2 2 2 2 2 2 2 2 2 2 0 0 2 2 2 0 2 2 2 2 2 2 2 2 2 2 2 2 2 2 2 2
695 2 2 2 2 2 0 0 2 2 2 2 2 2 2 2 0 2 2 2 2 2 2 2 2 0 2 2 2 2 2 2 2 2 2 0 2 0 2 2 2 2 2 2 2 2 2 2 2 2 2 0 2 2 2 2 2 2 2 2 2 0 2 2 2 2 2 2 2 2 2 2 2 2 2 2 2 2 2 2 0 0 2 0 2 0 2 2 0 2 0 2 2 0 2 2 2 0 0 2 2 2 2 2 2 2 2 2 2 2 2 2 0 0 2 2 2 0 2 2 2 0 2 2 2 0 0 2 2 2 0 2 2 2 2 2 2 0 2 2 2 2 2 2 2 2 0 2 2 1 2 0 2 2 2 2 2 0 0 2 2 2 0 2 2 2 2 2 1 2 2 0 0 2 2 2 2 2 2 2 2 2 2 2 2 2 2 2 2 2 2 2 2 0 2 2 2 0 2 0 2 2 2 0 2 2 2 0 0 2 2 2 2 2 2 2 2 0 2 2 2 2 2 2 0 0 2 2 2 0 2 2 0 2 2 2 2 2 2 2 0 0 2 0 2 2
696 0 0 0 0 2 0 0 2 0 0 2 0 2 0 0 0 0 0 0 0 0 0 0 0 0 0 0 0 0 0 0 0 0 2 0 0 0 0 0 0 0 0 2 2 0 0 2 0 0 0 0 2 2 2 0 0 2 0 0 0 0 0 2 2 2 2 0 2 2 0 2 0 0 2 0 0 0 0 0 0 0 2 0 0 0 0 0 0 2 0 0 0 0 0 2 0 0 0 2 0 0 0 0 0 2 0 0 2 0 0 0 0 0 0 0 0 0 2 0 0 0 0 0 2 0 0 0 2 0 0 2 0 0 0 0 0 0 2 2 0 0 0 0 2 2 0 2 2 0 0 0 2 2 0 0 2 0 0 2 0 0 0 2 0 0 0 0 1 2 0 0 0 0 0 0 0 2 0 0 0 0 0 2 0 0 0 0 0 0 0 1 0 0 0 0 0 0 0 0 2 0 0 0 2 0 0 0 0 2 0 0 0 0 2 0 2 0 1 0 2 2 2 2 0 0 0 0 0 0 0 0 0 0 0 0 2 0 0 0 0 0 0 0 0 0
697 2 2 2 2 2 2 2 2 2 2 2 2 2 2 2 2 0 2 2 2 2 2 2 2 2 2 0 2 2 2 2 2 2 2 2 1 2 2 2 2 2 2 2 2 2 2 2 2 2 2 2 2 2 2 2 2 2 2 2 2 2 2 2 2 2 2 2 2 2 2 2 2 2 2 0 2 2 2 2 2 2 2 2 2 2 0 2 2 2 2 0 2 2 2 2 2 2 2 2 2 2 2 2 2 2 2 0 2 0 2 2 2 2 2 2 2 2 2 2 2 2 2 2 2 2 2 2 2 0 2 2 2 2 2 2 0 2 2 2 0 2 0 0 2 2 2 2 2 2 2 2 2 2 2 2 2 2 2 2 2 2 2 2 0 0 0 0 2 2 2 2 2 0 2 0 0 2 2 2 2 0 2 2 0 2 2 2 2 2 2 2 0 2 2 2 0 2 2 2 2 2 0 2 2 2 2 2 2 2 2 0 2 2 2 2 2 2 2 2 2 2 2 2 2 2 2 0 2 2 0 0 2 2 0 2 2 2 2 2 2 2 2 2 2 0
698 2 2 2 2 2 2 2 2 2 2 2 2 2 2 2 2 2 2 2 2 2 0 2 2 2 2 2 0 2 2 0 0 0 2 2 2 2 2 2 2 2 2 2 2 2 2 2 2 2 2 2 2 2 2 2 2 2 2 2 2 2 2 2 2 2 2 2 2 2 2 2 2 0 2 2 2 2 2 2 2 2 2 0 0 2 2 2 2 2 2 2 2 2 2 2 0 2 2 2 2 2 2 2 2 2 2 2 2 2 2 2 2 2 2 2 0 2 2 2 0 2 0 2 2 2 2 2 2 2 2 2 0 2 0 0 2 2 2 2 2 2 2 2 2 2 2 2 2 2 2 2 2 2 2 2 2 2 2 2 2 2 2 2 2 2 2 2 2 2 2 2 2 2 2 2 2 2 2 2 2 2 0 2 2 2 2 2 2 2 2 2 2 2 2 2 2 2 2 2 2 2 2 2 2 0 2 2 2 2 2 2 2 2 2 2 2 2 1 2 2 2 2 2 2 2 0 2 2 2 2 2 2 2 2 2 2 0 2 2 2 2 2 2 2 2
699 0 0 2 0 2 2 2 2 0 0 2 0 2 0 0 2 2 2 2 2 2 2 2 0 2 0 2 2 2 2 0 2 2 2 2 1 2 0 2 2 0 2 2 2 0 2 2 2 2 2 2 2 2 2 2 2 2 0 2 2 2 0 2 2 2 2 0 2 0 2 2 2 2 2 2 2 2 0 2 2 2 2 2 2 2 2 2 2 2 2 2 2 2 2 2 2 2 2 2 2 2 0 0 2 2 0 2 2 2 0 0 2 2 0 2 2 2 2 2 2 2 0 2 2 2 2 0 2 2 2 2 2 2 2 2 2 2 2 2 2 2 2 2 2 2 2 2 2 1 0 2 2 2 2 0 2 2 2 2 2 2 2 2 2 2 2 2 2 2 2 2 2 2 2 2 2 2 2 2 0 2 2 2 2 2 2 2 2 2 0 0 2 2 2 2 2 2 2 2 2 0 2 2 2 2 2 2 2 2 0 2 0 2 2 0 2 2 1 0 2 2 2 2 2 2 2 2 2 2 2 2 2 0 2 0 2 2 0 2 2 2 2 2 2 2
700 2 2 2 2 2 2 2 2 2 2 2 2 2 2 2 2 2 2 2 2 2 2 2 2 2 2 2 2 2 2 2 2 0 2 2 2 2 2 2 2 2 2 2 2 2 2 2 2 2 2 2 2 2 2 2 2 2 2 2 2 2 2 2 2 2 2 2 2 2 2 2 2 0 2 2 2 2 2 2 2 2 2 0 0 2 2 2 0 2 2 2 2 0 2 2 0 2 2 2 2 2 2 2 2 2 2 2 2 2 2 2 2 2 2 2 0 2 2 2 0 2 2 2 2 2 2 2 2 2 2 2 0 2 0 2 2 2 2 2 2 2 2 2 2 2 2 2 2 2 2 2 2 2 2 2 2 2 2 2 2 2 2 2 2 2 2 2 2 2 2 2 2 2 2 2 0 2 2 2 2 2 2 2 2 2 2 2 2 2 2 2 2 0 2 2 2 2 2 2 2 2 2 2 2 2 2 2 2 2 2 2 2 2 2 2 2 2 2 2 2 2 2 2 2 2 0 2 2 2 2 2 2 2 2 2 2 2 2 2 2 2 2 2 2 2
701 2 2 2 2 2 2 2 2 2 2 2 2 2 2 2 2 0 2 2 2 2 2 2 2 2 2 2 2 2 2 2 2 2 2 2 2 2 2 2 2 2 2 2 2 2 2 2 2 2 2 2 2 2 2 2 2 2 2 2 2 2 2 2 2 2 2 2 2 2 2 2 2 2 2 0 2 2 2 2 2 2 2 2 2 2 0 2 2 2 2 0 2 2 2 2 2 2 2 2 2 2 2 2 2 2 2 0 2 0 2 2 2 2 2 2 2 2 2 2 2 2 2 2 2 2 2 2 2 0 2 2 2 2 2 2 0 2 2 2 0 2 0 0 2 2 2 2 2 2 2 2 2 2 2 2 2 2 2 2 2 2 2 2 0 0 0 0 2 2 2 2 2 0 2 0 0 2 2 2 2 0 2 2 2 2 2 2 2 2 2 2 0 2 2 2 0 2 2 2 2 2 0 2 2 2 2 2 2 2 2 0 2 2 2 2 2 2 2 2 2 2 2 2 2 2 2 0 2 2 0 0 2 2 0 2 2 2 2 2 2 2 2 2 2 0
702 2 2 2 2 2 2 0 2 2 2 2 2 2 2 2 2 2 2 2 2 0 0 2 2 0 2 2 0 2 2 2 0 0 2 2 2 0 2 2 2 2 2 2 2 2 2 2 2 2 2 0 2 2 2 2 2 2 2 2 2 0 2 2 2 2 2 2 2 2 2 2 2 0 2 2 2 2 2 2 2 0 2 0 0 2 2 2 0 2 2 2 2 0 2 2 0 0 2 2 2 0 2 2 2 2 2 2 2 2 2 2 0 0 2 2 0 2 2 2 0 0 2 2 2 0 0 2 2 2 2 2 0 0 0 2 2 0 2 2 2 2 2 2 2 2 0 2 2 1 2 0 2 2 0 2 2 2 0 2 2 0 0 2 2 2 2 2 1 2 2 0 0 2 0 2 0 2 0 2 2 2 0 2 2 0 0 2 0 0 2 2 2 0 2 0 2 2 2 0 2 2 2 0 2 2 0 0 0 2 2 2 2 2 2 2 2 0 1 2 2 2 0 2 0 0 0 2 0 0 2 2 2 2 2 2 2 0 2 2 0 2 0 0 0 2
703 2 2 2 2 2 2 2 2 0 2 2 0 2 2 2 2 2 2 2 0 2 2 2 2 2 2 2 2 2 2 2 2 2 2 2 2 2 2 0 0 2 2 2 2 2 2 2 2 2 0 2 2 2 2 2 2 2 2 2 0 2 2 2 2 2 2 2 2 2 2 2 0 2 2 2 2 2 0 2 2 2 2 2 2 2 2 2 2 2 2 2 0 2 2 2 2 2 2 2 2 2 2 2 0 2 2 2 2 2 2 2 2 2 2 0 2 2 2 2 2 2 2 2 2 2 2 2 2 2 2 2 2 2 2 2 2 2 2 0 2 2 2 2 2 0 2 2 2 2 2 2 2 2 2 2 2 2 2 2 2 2 2 2 2 2 2 2 2 2 2 2 2 2 2 2 2 2 2 2 2 2 2 2 2 2 2 2 2 2 2 2 2 2 2 2 2 2 2 2 2 2 2 2 2 2 2 2 2 2 2 2 2 2 0 2 2 2 2 2 2 2 2 2 2 2 2 2 2 2 2 2 2 2 2 2 2 2 2 2 2 2 2 2 2 2
704 0 0 2 2 2 2 0 2 2 0 2 2 2 0 0 2 0 2 0 2 2 0 2 0 0 2 0 0 2 0 0 0 0 2 0 0 0 0 2 0 2 2 2 2 0 2 2 0 2 0 0 2 2 2 2 2 2 0 2 2 0 0 0 2 2 2 0 2 0 0 2 2 0 2 0 0 2 2 2 2 0 2 0 0 0 0 2 0 2 0 0 2 0 2 2 0 0 2 2 2 0 0 0 0 2 2 0 2 0 0 0 0 0 0 2 0 2 2 0 0 0 2 0 2 2 0 2 2 0 2 2 0 0 0 2 0 0 0 2 0 0 0 0 2 2 0 2 2 1 2 0 2 2 0 0 2 0 0 2 2 0 0 2 0 0 0 0 2 2 2 0 0 0 0 0 0 2 0 2 0 0 0 2 0 0 0 0 0 0 0 0 0 0 2 0 0 0 0 0 2 2 0 0 0 2 0 0 0 2 2 0 0 2 2 0 2 0 1 0 2 2 0 2 0 0 0 0 0 0 0 0 2 0 0 0 2 0 0 0 0 2 0 0 0 0
705 2 2 2 2 2 2 2 2 2 2 2 2 2 2 0 2 0 2 2 2 2 2 2 2 2 2 2 2 2 2 2 2 2 2 2 2 2 2 2 2 2 2 2 2 2 2 2 2 2 2 2 2 2 2 2 2 2 2 2 2 2 2 2 2 2 2 2 2 2 2 2 2 2 2 0 2 2 2 2 2 2 2 2 2 2 0 2 2 2 2 0 2 2 2 2 2 2 2 2 2 2 2 2 2 2 2 0 2 2 2 2 2 2 2 2 2 2 2 2 2 2 2 2 2 2 2 2 2 0 2 2 2 2 2 2 2 2 2 2 0 2 0 2 2 2 2 2 2 1 2 2 2 2 2 2 2 0 2 2 2 2 2 2 0 0 2 2 2 2 2 2 2 0 2 2 2 2 2 2 2 0 2 2 2 2 2 2 2 2 2 2 0 2 2 2 2 2 2 2 2 2 0 2 2 2 2 2 2 2 2 2 2 2 2 2 2 2 2 2 2 2 2 2 2 2 2 0 2 2 0 0 2 2 2 2 2 2 2 2 2 2 2 2 2 0
706 2 2 2 2 2 2 2 2 2 2 2 2 2 2 0 2 0 2 2 2 2 2 2 2 2 2 0 2 2 2 2 2 2 2 2 1 2 2 2 2 2 2 2 2 2 2 2 2 2 2 2 2 2 2 2 2 2 2 2 2 2 2 2 2 2 2 2 2 2 2 2 2 2 2 0 2 2 2 2 2 2 2 2 2 2 0 2 2 2 2 0 2 2 2 2 2 2 2 2 2 0 2 2 2 2 2 0 2 0 2 2 2 2 2 2 2 2 2 2 2 2 2 2 2 2 2 2 2 0 2 2 2 0 2 2 0 2 2 2 0 2 0 0 2 2 2 2 2 1 2 2 2 2 0 2 2 0 2 2 2 2 2 2 0 0 0 0 2 2 2 2 0 0 2 0 2 2 0 2 2 0 2 2 0 2 0 2 2 0 2 2 0 2 2 0 0 2 2 2 2 2 0 2 2 2 0 2 2 2 2 0 2 2 2 2 2 2 2 2 2 2 2 2 2 2 2 0 0 2 0 0 2 2 0 2 2 0 2 2 2 2 0 2 0 0
707 2 2 2 2 2 2 0 2 2 2 2 2 2 2 2 2 2 2 2 2 2 2 2 2 2 2 2 2 2 2 2 2 2 2 2 2 0 2 2 2 2 2 2 2 2 2 2 2 2 2 2 2 2 2 2 2 2 2 2 2 2 2 2 2 2 2 2 2 2 2 2 2 2 2 2 2 2 2 2 2 2 2 2 2 2 2 2 2 2 2 2 2 2 2 2 2 2 2 2 2 2 2 2 2 2 2 2 2 2 2 2 2 0 2 2 2 2 2 2 2 2 2 2 2 2 0 2 2 2 2 2 2 2 2 2 2 2 2 2 2 2 2 2 2 2 0 2 2 2 2 0 2 2 2 2 2 2 2 2 2 2 0 2 2 2 2 2 2 2 2 0 2 2 2 2 2 2 2 2 2 2 2 2 2 2 2 0 2 2 2 1 2 2 2 2 2 2 2 2 2 2 2 2 2 2 2 0 2 2 2 2 2 2 2 2 2 2 2 2 2 2 2 2 0 0 2 2 2 2 2 2 2 2 2 2 2 2 2 2 2 2 2 2 2 2
708 2 2 2 2 2 2 2 2 2 2 2 2 2 2 2 2 0 2 2 2 2 2 2 2 2 2 2 2 2 2 2 2 2 2 2 2 2 2 2 2 2 2 2 2 2 2 2 2 2 2 2 2 2 2 2 2 2 2 2 2 2 2 2 2 2 2 2 2 2 2 2 2 2 2 0 2 2 2 2 2 2 2 2 2 2 0 2 2 2 2 0 2 2 2 2 2 2 2 2 2 2 2 2 2 2 2 0 2 2 2 2 2 2 2 2 2 2 2 2 2 2 2 2 2 2 2 2 2 2 2 2 2 2 2 2 2 2 2 2 0 2 0 2 2 2 2 2 2 2 2 2 2 2 2 2 2 0 2 2 2 2 2 2 0 0 2 2 2 2 2 2 2 0 2 2 2 2 2 2 2 0 2 2 2 2 2 2 2 2 2 2 0 2 2 2 2 2 2 2 2 2 0 2 2 2 2 2 2 2 2 2 2 2 2 2 2 2 2 2 2 2 2 2 2 2 2 0 2 2 2 0 2 2 2 2 2 2 2 2 2 2 2 2 2 0
709 2 2 2 2 0 2 2 2 2 2 2 2 0 2 2 2 2 2 2 2 2 2 2 2 2 2 2 2 2 2 2 2 0 2 2 2 2 2 2 2 2 2 2 2 2 2 2 2 2 2 2 2 2 2 2 2 2 2 2 2 2 2 0 2 2 0 2 2 2 2 2 2 0 2 2 2 2 2 2 2 2 2 0 0 2 2 2 0 2 2 2 2 2 2 2 0 2 2 2 2 2 2 2 2 2 2 2 2 2 2 2 0 2 2 2 2 2 2 2 0 2 2 2 2 2 2 2 2 2 2 2 0 2 0 2 2 2 2 2 2 2 2 2 2 2 2 2 2 2 2 2 2 2 2 2 2 2 2 2 2 2 2 2 2 2 2 2 2 2 2 2 2 2 2 2 0 2 2 2 2 2 2 2 2 2 2 2 2 2 2 2 2 0 2 2 2 2 2 2 2 2 2 2 2 2 2 2 2 2 2 2 2 2 2 2 2 2 2 2 2 2 2 2 2 2 0 2 2 2 2 2 2 2 2 2 2 2 2 2 2 2 2 2 2 2
710 2 2 2 2 2 2 2 0 2 2 2 2 2 2 2 2 2 2 2 2 2 2 2 2 2 2 2 2 2 2 2 2 2 0 2 2 2 2 2 2 2 2 0 2 2 2 0 2 2 2 2 0 2 2 2 2 2 2 2 2 2 2 2 0 2 2 2 2 0 2 0 2 2 2 2 2 2 2 2 2 2 2 2 2 2 2 2 2 2 2 2 2 2 2 2 2 2 2 0 2 2 2 2 2 2 2 2 2 2 2 2 2 2 2 2 2 2 2 2 2 2 2 2 2 2 2 2 0 2 2 2 2 2 2 2 2 2 2 2 2 2 2 2 2 2 2 0 0 2 2 2 2 0 2 2 0 2 2 2 2 0 2 0 2 2 2 2 1 2 2 2 2 2 0 2 2 2 2 2 2 2 2 0 2 0 2 2 2 2 2 2 2 2 2 2 2 2 2 2 2 2 2 2 2 2 2 2 2 0 2 2 2 2 2 2 2 2 2 2 0 2 2 2 2 2 2 2 2 2 2 2 2 2 2 2 2 2 2 2 2 2 2 0 2 2
711 2 2 2 2 2 2 2 0 2 2 2 2 2 2 2 2 2 2 2 2 2 2 2 2 2 2 2 2 2 2 2 2 2 0 2 2 2 2 2 2 2 2 1 2 2 2 0 2 2 2 2 0 2 2 2 2 2 2 2 2 2 2 2 0 2 2 2 2 0 2 0 2 2 2 2 2 2 2 2 2 2 2 2 2 2 2 2 2 2 2 2 2 2 2 2 2 2 2 0 2 2 2 2 2 2 2 2 2 2 2 2 2 2 2 2 2 2 2 2 2 2 2 2 2 2 2 2 0 2 2 2 2 2 2 2 2 2 2 2 2 2 2 2 2 2 2 0 0 2 2 2 2 0 2 2 0 2 2 2 2 0 2 0 2 2 2 2 1 2 2 2 2 2 0 2 2 2 2 2 2 2 2 0 2 0 2 2 2 2 2 2 2 2 2 2 2 2 2 2 2 2 2 2 2 2 2 2 2 0 2 2 2 2 2 2 2 2 2 2 0 2 2 2 2 2 2 2 2 2 2 2 2 2 2 2 2 2 2 2 2 2 2 0 2 2
712 2 2 2 2 2 2 2 2 2 2 2 2 2 2 2 2 0 2 2 2 2 2 2 2 2 2 2 2 2 2 2 2 2 2 2 2 2 2 2 2 2 2 2 2 2 2 2 2 2 2 2 2 2 2 2 2 2 2 2 2 2 2 2 2 2 2 2 2 2 2 2 2 2 2 0 2 2 2 2 2 2 2 2 2 2 0 2 2 2 2 0 2 2 2 2 2 2 2 2 2 2 2 2 2 2 2 0 2 2 2 2 2 2 2 2 2 2 2 2 2 2 2 2 2 2 2 2 2 2 2 2 2 2 2 2 2 2 2 2 0 2 0 2 2 2 2 2 2 2 2 2 2 2 2 2 2 0 2 2 2 2 2 2 0 0 2 2 2 2 2 2 2 0 2 2 2 2 2 2 2 0 2 2 2 2 2 2 2 2 2 2 0 2 2 2 2 2 2 2 2 2 0 2 2 2 2 2 2 2 2 2 2 2 2 2 2 2 2 2 2 2 2 2 2 2 2 0 2 2 2 2 2 2 2 2 2 2 2 2 2 2 2 2 2 0
713 0 0 0 0 0 0 0 0 0 0 2 0 0 0 0 0 0 0 0 0 0 0 0 0 0 0 0 0 0 0 0 0 0 0 0 0 0 0 0 0 0 0 2 2 0 0 0 0 0 0 0 0 2 2 0 0 2 0 0 0 0 0 0 2 0 0 0 2 2 0 0 0 0 2 0 0 0 0 0 0 0 2 0 0 0 0 0 0 2 0 0 0 0 0 2 0 0 0 0 0 0 0 0 0 2 0 0 2 0 0 0 0 0 0 0 0 0 2 0 0 0 0 0 2 2 0 0 0 0 0 2 0 0 0 0 0 0 0 0 0 0 0 0 0 0 0 0 0 0 0 0 0 2 0 0 0 0 0 0 0 0 0 0 0 0 0 0 1 2 0 0 0 0 0 0 0 2 0 0 0 0 2 0 0 0 0 0 0 0 0 0 0 0 0 0 0 0 0 0 2 0 0 0 0 0 0 0 0 0 0 0 0 0 0 0 0 0 0 0 2 2 0 2 0 0 0 0 0 0 0 0 0 0 0 0 2 0 0 0 0 0 0 0 0 0
714 0 0 0 2 0 0 0 2 2 0 2 2 0 2 0 0 0 0 2 0 0 0 0 2 0 0 0 0 0 2 0 0 0 2 0 0 0 0 0 0 2 0 2 0 0 0 2 2 0 2 2 2 2 2 0 0 2 0 0 0 2 0 0 2 2 0 0 2 2 0 2 0 0 2 0 2 0 2 2 0 0 0 0 0 0 0 0 0 2 0 0 0 0 2 2 0 0 0 2 0 0 2 0 2 2 2 0 2 0 0 0 0 2 0 0 0 0 2 0 0 0 0 0 0 2 0 2 2 0 0 2 0 0 0 0 0 0 2 0 0 2 0 0 0 0 2 2 2 0 2 0 2 2 0 0 2 0 0 0 0 2 2 2 0 0 0 0 2 2 0 2 0 0 2 0 0 2 0 0 0 0 2 2 0 2 0 0 0 0 0 0 0 0 0 0 0 0 0 0 2 2 0 2 0 0 0 0 0 2 2 0 0 0 0 0 0 2 1 1 2 1 2 2 0 2 0 0 0 0 0 0 0 0 0 0 2 0 0 0 0 0 0 2 0 0
715 0 0 2 2 0 2 0 2 2 0 2 2 0 2 2 2 2 2 2 2 2 2 2 2 0 2 2 2 2 2 2 2 0 2 0 1 2 0 2 2 2 2 2 2 0 2 2 2 2 2 2 2 2 2 2 2 2 0 2 2 2 0 2 2 2 0 0 2 2 0 2 2 0 2 2 2 2 2 2 0 0 2 0 0 0 2 2 0 2 0 2 2 0 2 2 0 0 0 2 2 2 2 0 2 2 2 2 2 2 0 0 0 2 0 2 2 2 2 0 0 0 2 2 2 2 0 2 2 2 2 2 0 2 0 0 2 0 2 2 2 2 0 2 0 2 2 2 2 1 2 0 2 2 2 0 2 2 0 0 2 2 2 2 2 2 2 2 2 2 2 2 2 2 2 2 2 2 2 2 0 2 2 2 2 2 2 2 2 2 0 1 2 0 0 0 2 0 2 0 2 2 0 2 0 0 2 0 0 2 2 2 0 2 2 0 2 2 1 2 2 2 0 2 0 2 0 2 2 0 2 2 2 0 2 0 2 0 0 0 0 2 2 2 2 2
716 2 2 2 2 2 0 2 0 2 2 2 2 2 2 2 0 0 2 2 2 0 2 0 2 2 0 0 2 2 2 2 2 2 0 2 0 2 2 2 2 2 0 0 0 2 2 0 2 2 2 2 0 2 0 0 0 0 2 2 2 2 2 2 2 0 2 2 2 2 2 0 0 2 2 0 2 2 2 0 2 2 0 2 2 0 2 2 2 0 1 1 2 2 0 0 2 2 1 0 2 0 2 2 2 0 0 2 2 2 2 2 2 2 2 2 2 0 0 2 2 2 0 0 0 2 2 1 0 2 0 2 2 0 2 2 0 2 0 2 0 2 2 0 2 2 2 0 0 1 0 0 0 0 0 2 0 2 2 2 0 0 2 0 2 0 0 2 2 0 0 2 2 2 0 2 2 2 1 0 2 2 2 0 0 0 0 2 0 0 2 2 2 2 2 0 0 0 0 2 0 0 2 0 2 2 0 0 2 0 0 0 0 2 2 0 2 0 1 0 2 2 2 2 0 2 2 2 0 0 1 2 0 2 0 0 2 0 2 2 2 0 0 0 0 0
717 2 2 2 2 2 0 2 0 2 2 2 2 2 2 2 0 2 2 2 0 0 2 0 2 2 0 2 2 2 2 2 2 2 2 2 1 2 2 2 0 0 0 0 0 2 2 0 2 2 2 2 0 2 0 0 0 0 2 2 2 2 2 2 2 2 2 2 2 2 2 0 2 2 2 2 2 2 2 2 2 2 0 2 2 0 2 2 2 0 2 2 2 2 2 0 2 2 2 0 2 2 2 2 2 0 2 2 2 2 2 2 2 2 2 2 2 0 0 2 2 2 0 0 0 2 2 2 0 2 0 2 2 2 2 2 2 2 0 2 2 2 2 2 2 2 2 0 0 1 2 0 0 0 2 2 2 2 2 2 0 0 2 2 2 2 2 2 2 0 0 2 2 2 2 2 2 2 2 0 2 2 2 2 2 2 2 2 0 2 2 2 2 2 2 2 2 0 0 2 0 2 2 2 2 2 2 0 2 0 2 2 0 2 2 0 2 2 1 2 2 2 2 2 2 2 2 2 2 2 2 2 0 2 0 0 2 0 2 2 2 0 2 0 2 2
718 0 0 0 2 0 0 0 0 0 0 2 0 0 0 0 0 0 0 0 0 0 2 0 0 0 0 0 2 0 0 2 2 0 0 0 0 2 0 0 0 0 0 0 0 0 0 0 0 0 2 2 0 0 0 0 0 0 0 0 0 2 0 0 0 0 0 0 2 0 2 0 0 0 0 0 0 0 0 0 0 0 0 0 0 0 0 0 0 0 0 0 0 0 0 0 0 0 0 0 0 0 0 0 2 0 0 0 0 2 0 2 0 2 0 0 0 0 0 2 0 0 0 0 0 2 0 0 0 0 0 2 0 0 0 0 0 0 0 0 0 0 0 0 2 0 0 0 0 0 0 0 0 0 0 0 0 2 0 2 0 0 0 0 0 0 0 0 0 0 0 0 0 0 0 0 0 2 0 0 0 0 0 0 0 0 0 0 0 0 0 1 0 0 0 0 0 0 0 0 0 0 0 0 2 0 0 0 0 0 0 0 0 0 0 0 0 0 0 0 0 2 0 2 0 0 0 0 0 0 0 0 0 0 0 0 0 0 0 2 0 0 0 0 0 0
719 2 2 0 2 2 2 2 2 2 2 2 0 2 0 2 2 2 2 0 2 2 2 2 0 2 2 2 2 2 0 2 2 2 2 2 2 2 2 2 2 2 0 0 2 2 0 2 0 0 2 2 0 0 2 2 2 2 2 0 0 2 2 2 2 2 2 2 2 2 2 2 2 2 0 2 0 0 0 2 0 0 2 2 2 0 2 0 2 2 2 2 2 2 2 2 2 0 0 2 0 2 2 2 2 2 0 2 0 2 2 2 2 2 2 0 2 2 2 2 2 0 0 0 2 2 2 2 2 2 2 2 2 2 2 0 2 2 2 2 2 0 2 2 2 2 0 0 2 2 0 0 2 0 2 2 2 2 0 2 0 2 0 2 2 2 2 0 2 2 0 0 2 2 2 0 2 2 2 0 2 2 0 2 2 2 2 2 2 2 2 2 2 2 0 2 2 0 2 0 2 0 2 0 2 0 2 0 0 2 0 2 0 0 2 0 2 0 2 2 2 2 2 2 2 0 2 2 2 2 2 0 2 2 2 0 0 2 2 2 0 2 2 2 2 2
720 2 2 2 2 2 2 2 0 2 2 2 2 2 2 2 2 2 2 2 2 2 2 2 2 2 2 2 2 2 2 2 2 2 2 2 2 2 2 2 2 2 2 2 0 2 2 2 2 2 2 2 2 2 2 2 2 2 2 2 2 2 2 2 2 2 2 2 2 2 2 0 2 2 2 2 2 2 2 2 2 2 0 2 2 2 2 2 2 2 2 2 2 2 2 2 2 2 2 0 2 2 2 2 2 2 2 2 2 2 2 2 2 2 2 2 2 2 2 2 2 2 2 2 0 0 2 2 0 2 2 2 2 2 2 2 2 2 2 2 2 2 2 2 2 2 2 2 0 2 2 2 0 2 2 2 2 2 2 2 2 0 2 2 2 2 2 2 2 2 2 2 2 2 0 2 2 2 2 2 2 2 2 2 2 0 2 2 2 2 2 2 2 2 2 2 2 2 2 2 2 2 2 2 2 2 2 2 2 2 2 2 2 2 2 2 2 2 2 2 2 2 2 2 2 2 2 2 2 2 0 2 2 2 0 2 2 2 2 2 2 2 2 0 2 2
721 2 2 2 2 2 2 2 0 2 2 0 2 2 2 2 2 2 2 2 2 2 2 2 2 2 2 2 2 2 2 2 2 2 2 2 2 2 2 2 2 0 2 2 0 2 2 0 2 2 2 2 2 2 2 2 2 2 2 2 2 2 2 2 2 2 2 2 0 2 2 0 2 2 2 2 2 2 2 2 2 2 0 2 2 2 2 2 2 2 2 2 2 2 2 2 2 2 2 0 2 2 1 2 2 2 2 2 0 2 0 2 2 2 2 2 2 2 2 2 2 2 2 2 0 2 2 2 0 2 2 0 2 2 2 2 2 2 2 2 2 2 2 2 2 2 2 2 0 2 2 2 0 2 2 2 2 2 2 2 2 0 2 2 2 2 2 2 2 2 2 2 2 2 0 2 2 0 2 2 2 2 2 2 2 0 2 2 2 2 2 2 2 2 2 2 2 2 2 2 2 2 2 2 2 2 2 2 2 0 2 2 2 2 2 2 2 2 2 2 2 0 2 0 2 2 2 2 2 2 0 2 2 2 0 2 0 2 2 2 2 2 2 0 2 2
722 2 0 0 2 2 2 0 2 0 2 2 0 2 2 0 2 2 2 2 2 2 0 2 2 0 2 2 0 2 2 0 0 0 0 0 1 2 0 2 2 2 2 0 2 2 0 2 2 0 0 0 0 0 0 2 2 0 0 0 0 0 2 0 0 0 2 0 2 0 2 2 0 0 0 2 2 0 0 2 0 2 2 0 0 0 2 0 0 0 0 2 2 0 2 2 0 2 0 2 0 2 2 0 0 0 0 2 2 2 2 2 0 2 2 0 2 2 0 2 0 2 0 2 2 2 0 0 2 2 2 2 0 2 0 0 2 0 2 2 2 2 2 2 2 2 2 0 2 1 0 0 2 0 2 0 0 2 2 2 2 2 2 0 2 2 2 2 0 0 2 2 0 2 2 2 0 2 2 2 2 2 0 0 2 2 2 0 2 2 2 2 2 0 0 2 2 2 2 2 0 0 2 2 2 0 2 0 2 2 0 2 2 0 2 2 2 2 1 2 0 2 0 2 2 2 0 2 2 2 2 2 2 2 2 2 2 2 2 2 2 2 2 2 2 2
723 2 2 2 2 2 2 2 2 2 2 2 2 2 2 2 2 2 2 2 2 2 2 2 2 2 2 2 2 2 2 2 2 2 0 2 1 2 2 2 2 2 2 0 2 2 2 2 2 2 2 2 0 0 0 2 2 0 2 2 2 2 2 0 0 0 2 2 2 0 2 2 2 2 0 2 2 2 2 2 2 2 2 2 2 2 2 2 2 0 2 2 2 2 2 2 2 2 2 2 2 2 2 2 2 0 2 2 2 2 2 2 2 2 2 2 2 2 0 2 2 2 0 2 2 2 2 2 2 2 2 2 2 2 2 2 2 2 2 2 2 2 2 2 2 2 2 0 2 2 2 0 2 0 2 2 0 2 2 2 2 2 2 0 2 2 2 2 0 0 2 2 2 2 2 2 0 2 2 2 2 2 2 0 2 2 2 2 2 2 2 2 2 2 2 2 2 2 2 2 0 2 2 2 2 2 2 0 2 2 2 2 2 2 2 2 2 2 2 2 0 2 2 2 2 2 2 2 2 2 2 2 2 2 2 2 2 2 2 2 2 2 2 2 2 2
724 2 2 2 2 2 2 2 0 2 2 2 2 2 2 2 2 2 2 2 2 2 2 2 2 2 2 2 2 2 2 2 2 2 0 2 1 2 2 2 2 2 2 0 0 2 2 2 2 2 2 2 0 0 0 2 2 0 2 2 2 2 2 0 0 0 2 2 2 0 2 0 2 2 0 2 2 2 2 2 2 2 0 2 2 2 2 2 2 0 2 2 2 2 2 2 2 2 2 0 2 2 2 2 2 0 2 2 2 2 2 2 2 2 2 2 2 2 0 2 2 2 0 2 0 2 2 2 0 2 2 2 2 2 2 2 2 2 2 2 2 2 2 2 2 2 2 0 0 2 2 0 0 0 2 2 0 2 2 2 2 0 2 0 2 2 2 2 1 0 2 2 2 2 0 2 0 2 2 2 2 2 2 0 2 0 2 2 2 2 2 2 2 2 2 2 2 2 2 2 0 2 2 2 2 2 2 0 2 2 2 2 2 2 2 2 2 2 2 2 0 2 2 2 2 2 2 2 2 2 0 2 2 2 0 2 2 2 2 2 2 2 2 0 2 2
725 0 2 0 2 2 0 2 2 2 0 2 0 2 2 2 0 0 2 2 0 2 2 0 2 2 0 0 2 2 2 2 2 2 2 2 1 2 2 0 2 0 2 2 2 0 0 2 2 0 0 2 2 2 2 0 0 2 2 0 2 2 0 2 2 2 2 2 2 2 0 2 2 2 2 0 2 0 0 2 2 0 2 2 2 2 2 0 2 2 2 0 0 2 2 2 2 0 2 2 0 0 0 2 0 2 2 2 2 2 2 0 2 2 0 2 0 0 2 0 2 0 0 2 2 2 2 2 0 0 0 2 2 0 2 2 0 2 0 2 0 2 2 0 2 2 0 2 0 1 2 0 2 2 0 2 2 2 0 2 2 2 0 2 2 0 0 0 2 2 2 0 2 2 2 0 2 2 0 2 0 0 2 2 0 2 0 2 0 0 0 0 0 2 2 0 0 0 0 0 2 2 2 2 0 2 0 0 0 2 2 0 2 0 2 2 2 2 2 2 2 2 2 2 0 0 2 0 0 0 2 0 0 0 2 2 2 2 0 0 0 0 0 2 0 0
726 0 2 2 2 2 0 2 2 2 0 2 2 2 2 2 0 0 2 2 2 2 2 0 2 2 0 0 2 2 2 2 2 2 2 2 1 2 2 2 2 2 2 2 2 0 2 2 2 2 2 2 2 2 2 0 0 2 2 2 2 2 0 2 2 2 2 2 2 2 0 2 2 2 2 0 2 2 2 2 2 0 2 2 2 2 2 2 2 2 2 0 2 2 2 2 2 0 2 2 2 0 0 2 2 2 2 2 2 2 2 0 2 2 0 2 2 0 2 0 2 0 2 2 2 2 2 2 0 0 0 2 2 0 2 2 0 2 0 2 0 2 2 0 2 2 2 2 0 1 2 0 2 2 0 2 2 2 0 2 2 2 2 2 2 0 0 2 2 2 2 2 2 2 2 2 2 2 0 2 0 0 2 2 0 2 0 2 0 0 0 0 0 2 2 0 0 0 2 0 2 2 2 2 0 2 0 0 0 2 2 0 2 2 2 2 2 2 2 2 2 2 2 2 2 2 2 0 0 2 2 2 0 0 2 2 2 2 0 0 0 0 0 2 0 0
727 2 2 2 2 2 2 2 2 0 2 2 2 2 2 0 2 2 2 2 2 2 2 2 2 2 2 2 2 2 2 2 2 2 0 2 2 0 2 2 2 0 2 2 2 2 2 0 2 2 0 2 2 2 2 2 2 2 2 2 2 2 2 2 2 0 2 2 2 2 2 2 2 2 2 2 2 2 2 2 0 2 2 2 2 2 2 2 2 2 2 2 2 2 2 2 2 2 2 2 2 2 2 2 0 2 2 2 2 0 0 2 2 2 2 2 2 2 2 2 2 2 2 2 2 2 2 2 2 2 2 2 2 2 2 2 2 2 2 0 2 2 2 2 0 0 2 2 2 1 2 2 2 2 2 2 0 2 2 0 2 2 2 0 2 2 2 2 2 2 2 2 2 2 2 2 2 2 2 2 2 2 2 0 2 2 2 0 2 2 2 2 2 2 2 2 2 0 2 2 2 2 2 2 2 2 2 2 2 0 2 2 2 2 0 2 0 2 2 2 2 2 2 2 2 2 2 2 2 2 2 2 2 2 0 2 0 2 2 2 2 2 2 2 2 2
728 2 2 2 2 2 2 2 0 0 2 2 2 2 2 0 2 2 2 2 0 2 2 2 2 2 2 2 2 2 2 0 2 2 0 2 2 0 2 2 2 0 2 2 2 2 2 0 2 2 0 2 2 0 0 2 2 0 2 2 2 2 2 2 2 0 2 2 2 2 2 2 2 2 0 2 2 2 2 2 0 2 2 2 2 2 2 2 2 0 2 2 2 2 2 0 2 2 2 0 2 2 2 2 0 0 2 2 2 0 0 2 2 2 2 2 2 2 0 2 2 2 2 2 2 2 2 2 2 2 2 2 2 2 2 2 2 2 2 2 2 2 2 2 0 2 2 2 2 1 2 2 2 2 2 2 0 2 2 0 2 2 2 0 2 2 2 2 2 0 2 2 2 2 0 2 2 2 2 2 2 2 2 0 2 0 2 0 2 2 2 2 2 2 2 2 2 0 2 2 0 2 2 2 2 2 2 2 2 0 2 2 2 2 2 2 2 2 1 2 2 2 2 2 2 2 2 2 2 2 0 2 2 2 0 2 0 2 2 2 2 2 2 2 2 2
729 2 2 2 2 2 2 2 0 2 2 2 2 2 2 0 2 2 2 2 2 2 2 2 2 2 2 2 2 2 2 2 2 2 0 2 2 0 2 2 2 2 2 2 2 2 2 0 2 2 2 2 2 0 0 2 2 0 2 2 2 2 2 2 2 0 2 2 2 2 2 2 2 2 0 2 2 2 2 2 0 2 2 2 2 2 2 2 2 0 2 2 2 2 2 0 2 2 2 0 2 2 2 2 2 0 2 2 2 0 0 2 2 2 2 2 2 2 0 2 2 2 2 2 2 2 2 2 2 2 2 2 2 2 2 2 2 2 2 2 2 2 2 2 0 2 2 2 2 1 2 2 2 2 2 2 0 2 2 0 2 2 2 0 2 2 2 2 2 0 2 2 2 2 0 2 2 2 2 2 2 2 2 0 2 0 2 0 2 2 2 2 2 2 2 2 2 2 2 2 0 2 2 2 2 2 2 2 2 0 2 2 2 2 2 2 2 2 2 2 2 2 2 2 2 2 2 2 2 2 0 2 2 2 0 2 0 2 2 2 2 2 2 2 2 2
730 0 0 0 0 0 0 0 2 0 0 0 0 0 2 2 0 0 0 2 0 0 0 0 2 0 0 0 0 0 2 0 0 0 2 0 0 2 0 0 0 0 0 0 0 0 0 2 2 0 0 0 0 2 2 0 0 2 0 0 0 0 0 0 0 2 0 0 0 0 0 0 0 0 2 0 2 0 0 0 2 0 0 0 0 0 0 0 0 2 0 0 0 0 0 2 0 0 0 2 0 0 0 0 0 2 0 0 0 2 2 0 0 0 0 0 0 0 2 0 0 0 0 0 0 0 0 0 0 0 0 0 0 0 0 0 0 0 0 0 0 2 0 0 2 0 0 0 0 1 0 0 0 0 0 0 2 0 0 2 0 0 0 2 0 0 0 0 0 2 0 0 0 0 2 0 0 0 0 0 0 0 0 2 0 2 0 2 0 0 0 0 0 0 0 0 0 0 0 0 2 0 0 0 0 0 0 0 0 2 0 0 0 0 0 0 0 0 0 0 0 0 0 0 2 0 0 0 0 2 2 0 1 0 2 0 2 0 0 0 0 0 0 0 0 0
731 2 2 0 2 2 2 2 2 2 2 2 0 2 2 2 2 2 2 2 2 2 2 2 2 2 2 2 2 2 2 2 2 2 2 2 2 2 2 0 2 2 2 2 2 2 0 2 2 0 2 2 2 2 2 2 2 2 2 0 2 2 2 2 2 2 2 2 2 2 2 2 2 0 2 2 2 0 0 2 2 2 2 2 0 2 2 0 2 2 2 2 0 2 2 2 2 2 2 2 0 2 2 2 2 2 2 2 2 2 2 2 2 2 2 2 0 2 2 2 2 2 2 2 2 2 2 2 2 2 2 2 2 2 2 2 2 2 2 2 2 2 2 2 2 2 2 2 2 2 2 2 2 2 2 2 2 2 2 2 2 2 2 2 2 2 2 2 2 2 2 2 2 2 2 2 2 2 2 2 2 2 2 2 2 2 2 2 2 2 2 2 2 2 2 2 2 2 2 2 2 2 2 2 2 2 2 2 2 2 2 2 2 0 2 2 2 2 2 2 2 2 2 2 2 2 2 2 2 2 2 2 2 2 2 2 2 2 2 2 2 2 2 2 2 2
732 2 2 2 2 2 2 2 0 2 2 2 2 2 2 0 2 2 2 2 2 2 2 2 2 2 2 2 2 2 2 2 2 2 0 2 2 0 2 2 2 2 2 2 2 2 2 2 2 2 2 2 2 0 0 2 2 0 2 2 2 2 2 2 2 0 2 2 2 2 2 2 2 2 0 2 2 2 2 2 0 2 2 2 2 2 2 2 2 0 2 2 2 2 2 0 2 2 2 0 2 2 2 2 2 0 2 2 2 0 0 2 2 2 2 2 2 2 0 2 2 2 2 2 2 2 2 2 2 2 2 2 2 2 2 2 2 2 2 2 2 2 2 2 0 2 2 2 2 1 2 2 2 2 2 2 0 2 2 0 2 2 2 0 2 2 2 2 2 0 2 2 2 2 0 2 2 2 2 2 2 2 2 0 2 0 2 0 2 2 2 2 2 2 2 2 2 2 2 2 0 2 2 2 2 2 2 2 2 2 2 2 2 2 2 2 2 2 2 2 2 2 2 2 2 2 2 2 2 2 0 2 2 2 0 2 0 2 2 2 2 2 2 2 2 2
733 2 2 2 2 2 2 2 2 2 2 2 2 2 2 2 2 2 2 2 2 2 2 2 2 2 2 2 2 2 2 2 2 2 2 2 2 2 2 2 2 2 2 2 2 2 2 2 2 2 2 2 2 2 2 2 2 2 2 2 2 2 2 2 2 2 2 2 2 2 2 2 2 2 2 2 2 2 2 2 2 2 2 2 2 2 2 2 2 2 2 2 2 2 2 2 2 2 2 2 2 0 2 2 2 2 2 2 2 2 2 2 2 0 2 2 2 2 2 2 2 2 2 2 2 2 2 2 2 2 2 2 2 0 2 2 2 2 2 2 2 2 2 2 2 2 2 2 2 2 2 2 2 2 0 2 2 0 2 2 2 2 2 2 2 2 2 2 2 2 2 2 2 2 2 2 2 2 0 2 2 0 2 2 2 2 2 2 2 0 2 2 0 2 2 0 2 2 2 2 2 2 2 2 2 2 0 2 2 2 2 2 2 2 2 2 2 2 2 2 2 2 2 2 2 2 2 0 0 2 2 2 2 2 2 2 2 2 2 2 2 2 0 0 0 2
734 2 2 2 0 2 2 2 0 2 2 2 2 2 2 2 2 2 2 2 2 2 2 2 2 2 2 2 2 2 2 2 2 2 2 2 2 2 2 2 2 2 2 0 2 2 2 0 2 2 2 2 0 2 0 2 2 0 2 2 2 2 2 2 2 2 2 2 2 2 2 2 0 2 2 2 2 2 2 2 2 2 2 2 2 2 2 2 2 0 2 2 2 2 2 0 2 2 2 0 2 2 2 2 2 0 2 2 2 2 2 2 2 2 2 2 2 2 0 2 2 2 2 2 2 2 2 0 2 2 2 2 2 2 2 2 2 2 2 2 2 2 2 2 2 2 2 0 2 2 2 2 2 0 2 2 2 2 2 2 2 2 2 2 2 2 2 2 2 0 2 2 2 2 0 2 2 2 2 2 2 2 2 2 2 0 2 2 2 2 2 2 2 2 2 2 2 2 2 2 0 2 2 2 2 2 2 2 2 0 2 2 0 2 2 0 2 2 2 2 2 2 2 2 2 2 2 2 2 2 0 2 2 2 2 0 2 2 2 2 2 2 2 2 2 2
735 2 2 2 2 2 2 2 2 2 2 2 2 2 2 0 2 2 2 2 2 2 2 2 2 2 2 2 2 2 2 2 2 2 0 2 2 0 2 2 2 2 2 2 2 2 2 2 2 2 2 2 2 0 2 2 2 2 2 2 2 2 2 2 2 0 2 2 2 2 2 0 2 2 0 2 2 2 2 2 0 2 2 2 2 2 2 2 2 2 2 2 2 2 2 2 2 2 2 2 2 2 2 2 2 2 2 2 2 0 0 2 2 2 2 2 2 2 2 2 2 2 2 2 2 2 2 2 2 2 2 2 2 2 2 2 2 2 2 0 2 2 2 2 0 0 2 2 2 1 2 2 2 2 2 2 0 2 2 0 2 2 2 0 2 2 2 2 2 2 2 2 2 2 2 2 2 2 2 2 2 2 2 0 2 2 2 0 2 2 2 2 2 2 2 2 2 2 2 2 2 2 2 2 2 2 2 2 2 2 2 2 2 2 0 2 0 2 2 2 2 2 2 2 2 2 2 2 2 2 2 2 2 2 0 2 0 2 2 2 2 2 2 2 2 2
736 0 0 0 0 0 0 0 0 2 0 0 0 0 2 2 0 0 0 2 2 0 0 0 2 0 0 0 0 0 2 2 0 0 2 0 0 2 0 0 0 2 2 0 2 0 0 0 2 0 0 0 0 2 0 0 0 0 0 0 0 0 0 0 0 2 0 0 0 0 0 2 0 0 2 0 2 0 0 0 2 0 2 0 0 0 0 0 0 0 0 0 0 0 0 0 0 0 0 0 0 0 0 0 0 0 0 0 0 2 2 0 0 0 0 0 0 0 0 0 0 0 0 0 2 0 0 0 0 0 0 0 0 0 0 0 0 0 0 2 0 2 0 0 2 2 0 0 0 1 0 0 2 0 0 0 2 0 0 2 2 2 0 2 0 0 0 0 0 0 2 0 0 0 0 0 0 0 0 2 0 0 0 2 0 0 0 2 0 0 0 0 0 0 0 0 0 2 0 0 0 0 0 0 0 0 0 0 0 0 0 0 0 0 2 0 2 0 1 0 0 0 0 0 0 0 0 0 0 0 0 0 0 0 2 0 2 0 0 0 0 0 0 0 0 0
737 2 2 2 2 2 2 2 2 2 2 2 2 2 2 2 2 0 2 2 2 2 2 2 2 2 2 0 2 2 2 2 2 2 2 2 1 2 2 2 2 2 2 2 2 2 2 2 2 2 2 2 2 2 2 2 2 2 2 2 2 2 2 2 2 2 2 2 2 2 2 2 2 2 2 0 2 2 2 2 2 2 2 2 2 2 2 2 2 2 2 0 2 2 2 2 2 2 2 2 2 2 2 2 2 2 2 2 2 2 2 2 2 2 2 2 2 2 2 2 2 2 2 2 2 2 2 2 0 0 2 2 2 2 2 2 0 2 2 2 0 2 2 0 2 2 2 2 0 2 2 2 2 2 2 2 2 2 2 2 2 2 2 2 2 0 0 2 2 2 2 2 2 2 2 2 2 2 2 2 2 2 2 2 0 2 2 2 2 2 2 2 2 2 2 2 0 2 2 2 2 2 2 2 2 2 2 2 2 2 2 0 2 2 2 2 2 2 2 2 2 2 2 2 2 2 2 2 2 2 2 2 2 2 2 2 2 2 2 2 2 2 2 2 2 0
738 2 2 2 2 2 2 2 2 2 2 2 2 2 2 2 2 2 2 2 2 2 2 2 2 2 2 2 2 2 2 2 2 2 2 2 2 0 2 2 2 2 2 2 2 2 2 2 2 2 2 2 2 0 2 2 2 2 2 2 2 2 2 2 2 2 2 2 2 2 2 0 2 2 0 2 2 2 2 2 2 2 2 2 2 2 2 2 2 2 2 2 2 2 2 2 2 2 2 2 2 2 2 2 2 2 2 2 2 0 0 2 2 2 2 2 2 2 2 2 2 2 2 2 2 2 2 2 2 2 2 2 2 2 2 2 2 2 2 0 2 2 2 2 0 0 2 2 2 2 2 2 2 2 2 2 2 2 2 0 2 2 2 2 2 2 2 2 2 2 2 2 2 2 2 2 2 2 2 2 2 2 2 2 2 2 2 0 2 2 2 2 2 2 2 2 2 2 2 2 2 2 2 2 2 2 2 2 2 2 2 2 2 2 0 2 0 2 2 2 2 2 2 2 2 2 2 2 2 2 2 2 2 2 0 2 0 2 2 2 2 2 2 2 2 2
739 0 2 0 0 2 2 2 0 0 0 0 0 2 0 0 2 2 0 0 0 2 2 2 0 2 0 2 2 0 0 2 2 2 0 2 2 0 2 0 0 0 2 0 0 0 0 0 0 0 2 0 0 0 0 2 2 0 2 0 0 0 0 2 2 0 2 2 0 2 2 0 0 0 0 2 0 0 0 0 0 2 0 2 0 0 2 0 2 0 2 2 0 0 0 0 2 2 0 0 0 0 0 2 2 0 0 2 2 2 0 2 2 0 0 0 0 2 0 2 2 2 2 2 0 2 2 0 2 2 2 0 2 0 2 0 2 2 2 0 2 0 2 2 2 0 0 0 2 1 0 2 0 0 0 2 0 0 2 2 2 0 0 0 2 2 2 0 2 0 2 0 2 2 0 0 2 0 0 2 0 0 0 0 2 0 2 0 0 0 0 1 0 2 0 0 2 2 2 2 0 0 2 2 2 0 0 2 2 0 0 2 0 0 0 0 0 2 1 2 2 0 2 0 0 0 2 0 0 0 0 0 0 0 0 0 2 2 0 2 2 2 0 0 0 2
740 2 2 2 2 0 0 2 2 2 2 2 2 0 2 2 0 2 2 2 2 0 2 0 2 2 2 2 2 2 2 0 2 2 2 2 2 2 2 2 2 2 2 2 2 2 2 2 2 2 0 2 2 2 2 0 0 2 2 2 2 2 2 0 0 2 0 2 2 0 0 2 2 2 2 2 2 2 2 2 2 2 2 2 2 2 0 2 2 2 2 2 2 2 2 2 2 2 0 2 2 2 2 2 0 2 0 0 2 2 2 0 2 2 2 2 2 0 2 0 2 2 0 0 2 0 2 2 2 0 0 2 2 2 2 0 2 2 0 2 2 2 0 0 2 2 2 2 2 1 0 0 2 2 2 2 2 2 2 2 2 2 2 2 0 2 0 2 0 2 2 2 2 0 2 2 0 2 2 2 2 2 0 2 2 2 0 2 2 2 2 1 2 2 0 2 2 2 0 2 2 0 0 2 0 0 2 0 2 2 0 2 2 2 2 2 2 2 2 2 0 2 2 2 2 2 2 2 2 2 2 2 2 2 2 2 2 0 2 0 2 0 2 2 2 2
741 2 0 2 2 0 0 0 2 2 2 2 2 0 2 0 0 0 2 2 2 2 0 0 2 0 0 0 0 2 2 2 0 0 2 0 0 2 0 2 2 0 2 0 0 2 2 0 2 2 2 2 0 2 2 0 0 2 0 2 2 2 2 2 2 2 0 0 2 2 2 0 2 2 2 0 2 2 2 2 0 2 0 0 2 2 0 2 0 2 0 0 2 2 2 2 0 2 0 2 2 2 2 0 2 2 0 0 0 2 2 2 0 2 2 2 2 0 2 2 0 2 2 0 0 2 0 2 0 0 0 2 0 2 0 0 0 0 0 2 0 2 0 0 2 2 0 0 0 0 0 2 0 0 2 0 2 2 2 2 2 0 0 2 0 0 0 0 1 2 2 0 0 0 2 0 2 2 2 2 2 2 0 2 0 2 2 2 2 2 2 2 2 0 0 2 0 2 2 2 2 0 0 2 2 0 2 2 2 0 0 2 0 2 2 0 2 2 1 0 2 2 0 2 2 0 0 2 2 2 2 0 0 2 0 0 0 0 2 2 2 0 2 2 2 0
742 0 0 2 2 0 2 0 0 2 0 0 2 0 0 0 2 2 2 0 2 2 2 2 0 2 2 0 2 2 0 2 2 0 2 0 0 0 0 2 2 2 0 0 2 0 2 0 0 2 0 2 0 2 2 2 2 2 0 2 2 2 0 2 0 2 0 0 0 0 2 0 2 0 2 2 0 2 2 0 2 2 2 0 0 0 0 2 0 2 0 2 2 0 0 2 0 0 0 0 2 0 0 0 0 2 0 0 0 0 2 2 0 2 0 2 2 2 2 2 0 2 2 0 2 0 0 2 0 2 2 0 0 0 0 0 0 0 2 0 2 0 0 2 0 0 2 0 0 1 0 2 0 0 0 0 2 0 2 0 0 0 2 2 2 2 2 2 0 2 0 2 0 0 2 2 2 0 0 0 0 0 0 2 0 2 0 2 2 0 0 1 0 0 0 0 0 0 2 2 2 0 0 0 2 0 0 2 2 0 0 2 0 2 0 0 0 0 1 0 0 0 0 0 2 2 0 0 0 2 2 2 2 0 0 0 2 2 0 2 2 2 0 2 0 2
743 2 1 2 2 2 2 2 2 2 2 2 2 2 2 2 1 2 2 2 2 2 0 2 2 2 0 2 0 2 2 2 0 2 2 2 2 2 1 2 0 2 2 2 0 2 2 2 2 2 0 2 2 2 0 2 2 0 1 2 2 2 2 2 2 2 2 1 2 2 0 2 2 2 2 2 2 2 2 2 0 2 0 2 2 0 2 2 2 0 2 2 2 2 2 0 2 2 0 2 2 2 2 1 0 0 0 2 1 2 2 0 2 2 2 2 2 2 0 0 2 2 2 2 0 2 2 0 2 2 1 2 2 2 2 0 2 2 2 2 2 2 2 2 2 2 0 2 2 2 0 0 1 2 2 2 2 2 2 2 2 1 0 2 2 2 2 0 2 0 2 0 2 2 0 0 2 2 2 2 2 2 0 2 2 0 2 2 2 2 2 1 2 2 0 2 2 0 0 2 0 0 2 2 0 0 2 0 2 2 0 2 0 2 2 0 2 2 1 2 2 2 1 2 0 0 2 2 2 2 1 1 0 2 0 0 0 0 2 0 2 2 2 2 2 2
744 0 2 0 2 2 0 2 2 0 0 0 0 2 2 0 0 2 0 2 0 0 0 2 2 0 0 2 0 0 2 0 0 2 0 0 1 2 2 0 2 0 2 0 2 0 0 0 2 0 2 0 0 0 0 2 2 0 2 0 0 0 0 0 2 0 2 2 0 0 0 0 0 0 0 2 2 0 0 0 0 2 2 2 0 0 2 0 2 0 0 2 0 2 0 0 2 0 0 2 0 0 0 2 2 0 0 2 0 2 0 0 2 0 0 0 0 0 0 0 2 0 0 0 2 2 2 2 2 0 0 0 2 0 2 0 2 0 0 0 2 2 2 2 2 0 0 0 2 0 0 0 0 0 0 2 0 2 0 2 0 0 0 0 2 2 2 0 2 0 0 0 0 2 0 0 0 0 0 0 0 0 0 0 2 0 2 0 0 2 0 0 0 2 0 2 2 2 0 2 0 0 2 2 0 0 2 0 2 0 0 2 2 0 0 2 0 2 1 2 2 0 2 0 2 0 2 0 0 0 0 0 0 0 0 2 0 0 0 0 2 0 0 0 0 2
745 2 0 2 2 2 2 0 0 2 2 2 2 2 2 2 2 2 2 2 2 2 2 2 2 2 2 2 2 2 2 2 2 0 2 2 1 2 0 2 2 2 2 2 2 2 2 2 2 2 2 2 2 2 2 2 1 2 0 2 2 2 2 2 2 2 2 0 2 2 2 2 2 2 2 2 2 2 2 2 2 2 2 0 2 2 0 2 0 2 2 2 2 0 2 2 0 0 2 0 2 2 2 0 2 2 2 0 2 2 2 2 0 2 2 2 2 2 2 2 0 2 2 2 2 2 0 2 2 2 2 2 0 2 0 2 0 2 2 2 2 2 0 0 2 2 2 2 2 1 2 2 2 2 2 0 2 2 2 2 2 2 2 2 2 2 0 2 1 2 2 2 2 0 2 2 2 2 2 2 2 0 2 2 2 2 2 2 2 2 2 2 0 0 2 2 2 2 2 2 2 2 0 2 2 2 2 2 2 2 2 0 2 2 2 2 2 2 2 0 2 2 2 2 2 2 0 0 2 2 2 2 2 2 2 2 2 2 2 2 2 2 2 2 2 1
746 2 2 2 2 2 2 2 2 2 2 2 2 2 2 2 2 2 2 2 2 2 2 2 2 2 2 0 2 2 2 2 2 2 2 2 1 2 2 2 2 2 2 2 2 2 2 2 2 2 2 2 2 2 2 2 2 2 2 2 2 2 2 2 2 2 2 2 2 2 2 2 2 2 2 2 2 2 2 2 0 2 2 2 2 2 2 2 2 2 2 2 2 2 2 2 2 2 2 2 2 2 0 2 2 2 2 2 2 2 0 2 2 2 2 2 2 2 2 2 2 2 2 2 2 2 2 2 0 2 2 2 2 2 2 2 2 0 2 2 2 2 2 2 2 2 2 2 2 2 2 2 2 2 2 2 2 2 2 2 2 2 2 2 2 2 2 2 2 2 2 2 0 2 2 2 2 2 2 2 2 2 2 2 0 2 2 2 2 2 2 2 2 2 2 2 0 0 2 2 2 2 2 2 2 2 2 2 2 2 2 2 0 2 2 0 2 2 2 2 2 2 2 2 2 2 2 2 2 0 2 2 2 2 2 0 2 2 2 2 2 2 2 2 2 2
747 2 0 2 2 2 2 2 2 2 2 2 2 2 2 2 2 0 2 2 2 2 2 2 2 2 2 0 2 2 2 2 2 2 2 2 1 2 0 2 2 2 2 2 2 2 2 2 2 2 2 2 2 2 2 2 2 2 0 2 2 2 2 2 2 2 2 0 2 2 2 2 2 2 2 0 2 2 2 2 2 2 2 0 2 2 0 2 0 2 2 0 2 2 2 2 2 0 2 2 2 2 2 0 2 2 0 2 2 2 2 2 2 2 2 2 2 2 2 2 2 2 2 2 2 2 2 2 2 2 2 2 2 0 2 2 0 0 2 2 0 2 0 0 2 2 2 2 0 1 0 2 2 2 2 2 2 0 2 2 2 2 2 2 2 0 0 2 1 2 2 2 0 0 2 2 2 2 2 2 2 0 2 2 0 2 0 2 2 0 2 2 0 0 2 0 0 2 2 2 2 2 2 2 2 2 0 2 2 2 0 0 2 2 2 2 2 2 2 0 2 2 2 2 2 2 0 0 2 2 2 2 2 2 2 2 2 2 2 2 2 2 0 2 0 0
748 2 0 2 2 2 2 2 2 2 2 2 2 2 2 2 2 0 2 2 2 2 2 2 2 2 2 0 2 2 2 2 2 2 2 2 1 2 0 2 2 2 2 2 2 2 2 2 2 2 2 2 2 2 2 2 2 2 0 2 2 2 2 2 2 2 2 0 2 2 2 2 2 2 2 0 2 2 2 2 2 2 2 0 2 2 0 2 0 2 2 0 2 2 2 2 2 0 2 2 2 2 2 0 2 2 0 2 2 2 2 2 2 2 2 2 2 2 2 2 2 2 2 2 2 2 2 2 2 2 2 2 2 0 2 2 0 0 2 2 0 2 0 0 2 2 2 2 0 1 0 2 2 2 2 2 2 0 2 2 2 2 2 2 2 0 0 2 1 2 2 2 0 0 2 2 2 2 2 2 2 0 2 2 0 2 0 2 2 0 2 2 0 0 2 0 0 2 2 2 2 2 2 2 2 2 0 2 2 2 0 0 2 2 2 2 2 2 2 0 2 2 2 2 2 2 0 0 2 2 2 2 2 2 2 2 2 2 2 2 2 2 0 2 0 0
749 0 2 0 2 0 2 2 2 0 2 2 0 0 2 0 2 2 0 2 0 2 0 2 2 2 2 2 0 0 2 2 0 2 2 0 2 0 2 0 2 2 0 0 0 2 0 0 0 0 0 2 2 2 0 2 2 0 2 0 0 2 2 2 2 0 0 2 2 2 2 2 0 2 2 2 2 0 0 2 2 2 2 2 2 2 2 0 0 0 0 2 0 2 2 2 2 2 2 2 0 2 2 2 0 0 2 2 0 2 0 0 2 2 2 0 0 2 0 2 2 0 0 0 0 2 2 2 0 0 2 2 2 2 2 2 2 2 2 2 2 0 2 2 2 2 2 2 2 1 2 2 2 2 2 2 0 2 2 2 2 0 2 2 2 2 2 2 2 2 2 2 0 2 2 2 2 2 2 2 2 2 2 2 2 2 2 2 2 2 2 1 2 0 2 2 2 2 2 2 0 2 2 0 2 2 2 2 2 0 2 2 2 0 2 2 2 0 1 0 2 2 0 2 2 2 2 2 0 2 2 2 2 2 2 2 2 2 2 2 2 2 2 2 2 2
750 0 0 0 0 0 0 0 0 0 0 0 0 0 0 0 0 2 0 0 0 2 0 0 0 2 2 2 0 0 0 2 0 2 0 2 1 0 0 0 0 0 0 0 0 0 0 0 0 0 0 0 0 0 0 0 0 0 0 0 0 0 0 0 0 0 0 0 0 2 0 0 0 0 0 2 0 0 0 0 2 0 0 0 0 0 2 0 0 0 2 2 0 2 0 0 2 0 2 0 0 2 2 0 0 0 2 2 0 0 0 0 0 0 0 0 0 0 0 0 2 0 0 0 0 0 0 0 0 0 0 0 0 2 2 2 2 2 0 0 2 0 2 2 0 0 2 0 0 0 2 0 0 0 2 2 0 2 2 0 0 0 2 0 2 2 2 2 0 0 0 2 0 2 0 2 0 0 2 0 0 2 2 0 2 0 2 0 0 2 0 0 2 0 2 2 2 0 0 0 0 0 2 0 2 2 2 0 0 0 2 2 0 0 0 0 2 0 1 0 0 2 0 0 0 2 0 2 0 0 0 0 2 0 2 0 0 2 0 0 0 0 2 0 2 2
751 2 2 2 0 2 0 0 0 2 2 2 2 2 2 2 2 2 2 2 2 2 2 2 2 2 2 2 2 2 2 2 2 2 2 2 2 2 2 2 2 2 2 2 2 2 2 2 2 2 2 0 0 2 2 2 2 2 2 2 2 0 2 2 0 2 2 2 0 2 2 0 2 0 2 2 2 2 2 0 2 0 0 0 0 0 2 2 2 2 2 2 2 2 0 2 2 2 2 0 2 2 2 2 2 2 2 2 2 0 2 2 2 0 2 2 2 2 2 0 2 2 2 2 2 0 0 2 2 2 2 0 0 2 2 2 2 2 2 2 2 2 2 2 0 2 2 0 2 1 2 0 2 0 2 2 2 2 2 0 2 2 2 2 2 2 2 2 1 0 2 2 2 2 2 2 2 0 2 2 2 2 2 2 2 2 2 2 2 2 2 2 2 2 2 2 2 0 0 0 2 2 2 0 2 2 2 0 0 2 2 2 2 2 2 2 2 0 2 2 0 2 2 0 0 2 0 2 2 0 2 2 2 2 2 2 2 2 2 0 0 2 2 0 2 2
752 2 2 2 2 2 2 2 2 2 0 0 2 2 2 2 2 2 2 2 2 0 2 2 2 2 0 2 2 2 2 2 2 2 2 2 1 2 2 2 2 2 2 2 2 2 2 2 2 2 2 2 2 0 2 2 2 2 2 2 2 2 2 2 2 2 2 2 2 2 2 2 2 2 0 2 2 2 2 2 2 2 2 2 2 2 2 2 2 2 2 2 2 2 2 2 2 2 2 2 2 2 0 2 2 2 2 2 2 2 2 2 2 2 2 2 2 2 2 2 2 2 2 2 2 2 2 2 2 2 2 2 2 2 2 2 2 2 2 2 2 2 2 2 2 0 2 2 2 2 2 2 2 2 2 0 2 2 2 2 0 2 2 2 2 2 2 2 2 2 0 2 2 2 2 2 2 2 2 0 2 2 2 2 2 2 2 2 2 2 2 2 2 2 2 2 2 2 2 2 2 0 2 2 2 2 2 2 2 2 2 2 2 2 0 2 2 2 2 2 2 2 2 2 2 2 2 2 0 2 2 2 0 2 2 2 2 2 2 2 2 2 2 2 2 2
753 2 2 2 2 2 2 2 2 2 2 0 2 2 0 2 2 2 0 2 2 2 2 2 0 2 2 2 2 0 2 2 2 2 2 2 2 2 2 2 2 2 2 2 2 0 2 2 2 2 2 2 2 2 2 2 2 2 2 2 0 2 0 2 2 2 2 2 2 2 2 2 2 2 2 2 2 2 2 2 2 2 2 2 2 2 2 2 2 2 2 2 2 2 2 2 2 2 2 2 2 2 2 2 2 2 2 2 0 2 2 2 2 2 0 0 2 2 2 2 2 2 2 2 2 2 2 2 2 2 2 2 2 2 2 2 2 2 2 2 2 2 2 2 2 2 2 2 2 2 2 2 2 2 2 2 2 2 2 2 2 2 2 2 2 2 2 2 2 2 2 2 2 2 2 2 2 2 2 2 0 2 2 2 2 2 2 2 2 2 0 1 2 2 2 2 2 2 2 2 2 2 2 2 2 2 2 2 2 2 2 2 2 2 2 2 2 2 2 2 2 2 2 2 2 2 2 2 2 2 2 2 2 0 2 2 2 2 0 2 2 2 2 2 2 2
754 2 2 2 2 2 2 0 2 2 2 2 2 2 2 2 2 2 2 2 2 2 2 0 2 2 0 2 2 2 2 2 2 2 2 2 2 2 2 0 2 2 2 2 2 2 2 2 2 2 2 2 2 2 2 0 0 2 2 2 2 2 2 2 2 2 2 2 2 2 0 2 0 2 2 2 2 2 2 2 2 2 2 2 2 2 2 2 0 2 2 2 0 2 2 2 2 1 2 2 2 2 2 2 2 2 2 2 2 2 2 2 0 2 2 2 0 2 2 2 2 2 2 2 2 2 0 2 2 2 2 2 2 2 2 2 2 2 2 2 2 2 2 2 2 2 2 2 2 2 2 2 2 2 2 0 2 2 2 2 2 2 2 2 2 2 2 2 2 2 2 2 2 2 2 2 0 2 2 2 2 1 2 2 2 2 2 0 2 2 2 2 2 0 2 2 2 1 2 2 2 2 2 2 2 2 2 2 2 2 2 2 2 2 2 2 2 2 2 2 2 2 2 2 2 2 2 2 2 2 2 2 1 2 2 2 2 2 2 2 2 2 2 2 2 2
755 2 2 2 2 2 2 2 2 2 2 2 0 2 2 2 2 2 2 2 2 2 2 2 2 2 2 2 2 2 2 2 2 2 2 2 2 2 2 2 2 2 2 2 2 2 2 2 2 2 2 2 2 2 2 2 2 2 2 2 2 2 2 2 2 2 2 2 2 2 2 2 2 2 2 2 2 2 0 2 2 2 2 2 2 2 2 2 2 2 2 2 2 2 2 2 2 2 2 2 2 0 0 2 2 2 2 2 2 2 2 2 2 2 2 2 2 2 2 2 2 2 2 2 2 2 2 2 2 2 2 2 2 2 2 2 2 0 2 2 2 2 2 2 2 2 2 2 2 2 2 2 2 2 2 2 2 0 2 2 2 2 2 2 0 2 2 2 2 2 2 2 2 2 2 2 2 2 2 2 2 2 2 2 2 2 0 2 2 0 2 2 2 2 2 0 2 2 2 2 2 2 2 2 2 2 0 2 2 2 2 2 2 2 2 2 2 2 2 2 2 2 2 2 2 2 2 2 0 2 2 2 2 2 2 2 2 2 2 2 2 2 2 2 0 2
756 0 0 0 0 0 0 0 0 0 0 0 0 0 0 0 2 0 0 2 0 0 0 0 0 2 2 0 0 0 2 0 0 2 0 0 2 0 0 0 0 0 0 0 0 0 0 0 0 0 0 0 0 0 0 0 0 0 0 0 0 0 0 0 0 0 0 0 0 0 0 0 0 0 0 0 2 0 0 0 0 0 0 2 0 2 0 0 0 0 0 0 0 2 0 0 2 2 0 0 0 0 0 0 0 0 0 0 0 0 0 0 0 0 0 0 0 2 0 2 2 2 0 0 0 0 0 0 0 0 2 0 2 0 2 0 0 0 2 0 0 0 0 0 0 0 0 0 0 1 0 0 0 0 0 0 0 0 0 0 0 0 0 0 0 0 0 0 0 0 0 0 0 0 0 0 0 0 0 0 0 0 0 0 0 0 0 0 2 0 0 0 0 0 0 0 0 0 2 0 0 0 0 0 0 0 0 0 0 0 0 0 0 0 0 0 0 0 1 0 0 0 2 0 0 0 2 0 0 0 0 0 2 0 0 0 0 0 0 2 0 2 0 0 0 0
757 2 2 2 2 2 2 2 2 2 2 2 2 2 2 2 2 0 2 2 2 2 2 2 2 2 2 2 2 2 2 2 2 2 2 2 2 2 2 2 2 2 2 2 2 2 2 2 2 2 2 2 2 2 2 2 2 2 2 2 2 2 2 2 2 2 2 2 2 2 2 2 2 2 2 0 2 2 2 2 0 2 2 2 2 2 0 2 2 2 2 0 2 2 2 2 2 2 2 2 2 2 2 2 2 2 0 0 2 2 2 2 2 2 2 2 2 2 2 2 2 2 2 2 2 2 2 2 2 2 2 2 2 0 2 2 0 2 2 2 0 2 0 2 2 2 2 2 2 2 0 2 2 2 0 2 2 2 0 2 2 2 2 2 2 0 2 2 2 2 2 2 0 0 2 2 2 2 0 2 2 0 0 2 2 2 2 2 2 2 2 2 0 2 2 2 0 2 2 2 2 0 0 2 2 2 2 2 2 2 0 2 2 2 2 2 2 2 2 2 2 2 2 2 2 2 2 0 2 2 2 2 2 2 0 2 2 2 2 2 2 2 0 2 2 0
758 2 2 2 2 2 2 0 2 2 2 2 2 2 2 2 2 2 2 2 2 2 2 0 2 2 2 2 2 2 2 2 2 2 2 2 2 2 2 2 2 2 2 2 2 2 2 2 2 2 2 2 2 2 2 0 0 2 2 2 2 2 2 2 2 2 2 2 2 2 0 2 2 2 2 2 2 2 2 2 2 2 2 2 2 0 2 2 2 2 2 2 2 2 2 2 2 2 2 2 2 2 2 2 2 2 2 2 2 2 2 2 2 2 2 2 2 2 2 0 2 2 2 2 2 2 0 2 2 2 2 2 2 2 2 2 2 2 2 2 2 2 2 2 2 2 2 2 2 2 2 0 2 2 2 2 2 2 2 2 2 2 2 2 2 2 2 2 2 2 2 2 2 2 2 2 2 2 2 2 2 2 2 2 2 2 2 0 2 2 2 2 2 2 2 2 2 0 0 2 2 2 2 2 0 2 2 2 2 2 2 2 2 2 2 0 2 2 2 0 2 2 2 2 0 2 2 2 2 2 2 2 2 2 2 2 2 2 2 0 2 2 2 2 2 2
759 2 2 2 2 2 2 0 0 2 0 2 2 2 0 0 0 0 0 0 2 2 2 0 0 0 0 2 2 0 0 2 2 0 0 2 2 2 2 2 2 2 2 0 0 0 2 2 2 2 2 0 2 0 2 0 0 0 2 2 2 0 0 0 2 0 2 2 0 2 0 0 2 0 0 0 0 2 2 0 2 0 0 0 0 0 0 2 0 0 2 0 2 0 0 2 0 2 2 0 2 0 0 2 2 0 2 0 0 0 0 2 0 0 0 2 2 0 2 0 0 0 2 2 0 0 0 2 0 2 0 2 0 0 0 2 2 2 0 2 0 2 0 2 0 2 2 2 0 1 2 0 0 0 0 2 0 0 2 0 0 0 2 0 0 0 2 2 1 0 0 2 2 0 0 2 0 0 0 0 0 2 2 0 2 0 0 0 0 0 0 1 2 0 2 0 0 0 0 0 0 2 0 2 0 2 0 2 0 2 2 2 0 2 2 0 2 2 1 0 2 2 0 0 0 2 0 2 0 2 0 0 0 0 0 0 2 2 0 0 0 0 0 0 0 0
760 2 2 2 2 2 2 0 0 2 0 2 2 2 0 0 2 0 0 0 2 2 2 0 0 0 2 2 2 0 0 2 2 2 0 2 2 2 2 2 2 2 2 0 0 0 2 0 2 2 2 0 0 0 0 0 0 0 2 2 2 0 0 2 2 0 2 2 0 2 0 0 2 0 0 0 0 2 2 0 2 0 0 2 0 0 0 2 2 0 2 0 2 0 0 2 2 2 2 0 2 0 0 2 2 0 2 0 0 0 0 2 2 0 0 2 2 2 2 0 2 0 2 2 0 0 0 2 2 0 2 2 2 0 2 2 2 2 2 2 0 2 0 2 0 0 2 0 0 1 2 0 0 0 0 2 0 2 2 0 2 0 2 0 0 0 2 2 1 0 2 2 2 0 0 2 2 0 0 2 0 2 2 0 2 0 0 0 0 0 0 1 2 2 2 0 0 0 0 0 0 2 0 2 0 2 0 2 0 0 2 2 2 2 0 0 2 2 1 0 2 2 0 0 0 2 2 2 0 2 0 0 2 0 0 2 2 2 0 0 0 2 0 0 0 0
761 2 2 2 2 2 2 0 2 2 2 2 2 2 2 2 2 2 2 2 2 2 2 0 2 2 2 2 2 2 2 2 2 2 2 2 2 2 2 2 2 2 0 2 2 2 2 2 2 2 2 2 0 2 2 0 0 2 2 2 2 2 2 0 2 2 2 2 2 2 0 0 2 0 2 2 2 2 2 0 2 2 2 2 0 0 2 2 2 2 2 2 2 2 0 0 2 2 2 2 2 2 2 2 2 2 2 2 0 2 0 2 2 0 2 2 2 2 2 0 2 2 2 2 2 2 0 2 2 2 2 2 2 2 2 2 2 2 2 2 2 2 2 2 2 2 2 0 2 2 2 0 2 2 2 0 2 2 2 2 2 2 2 2 2 2 2 2 2 2 2 2 2 2 2 2 2 2 2 2 2 2 2 2 2 2 2 0 2 2 2 1 2 2 2 2 2 0 0 0 2 2 2 2 0 2 2 2 0 2 2 2 2 2 2 0 2 2 2 0 2 2 2 2 0 2 2 2 2 0 2 0 2 2 2 2 2 2 2 0 0 2 2 0 2 2
762 0 0 0 0 0 0 0 0 2 0 0 0 0 0 0 0 0 0 0 0 2 0 0 0 0 0 0 0 0 0 0 0 0 0 0 0 0 0 0 2 0 0 0 2 0 0 0 0 0 0 0 0 0 0 0 0 0 0 0 2 0 0 0 2 2 0 0 0 2 0 0 0 0 0 0 0 0 0 0 0 0 0 0 0 0 0 0 0 0 0 0 0 0 0 0 0 0 2 0 0 0 0 0 0 0 0 0 0 2 0 0 0 0 0 0 0 0 2 0 0 0 0 0 2 0 0 0 2 0 0 2 0 0 0 2 0 0 0 0 0 0 0 0 2 0 0 0 0 0 0 0 0 0 0 0 0 0 0 2 2 0 0 0 0 0 0 0 1 0 2 0 0 0 0 0 0 0 0 2 0 0 0 0 0 0 2 0 0 0 0 0 0 0 0 2 0 0 0 0 0 0 0 0 0 2 2 0 0 0 0 0 0 0 0 0 0 0 0 0 2 0 0 0 0 0 0 0 0 0 0 0 0 0 0 0 0 2 0 0 0 0 0 0 2 0
763 0 2 0 0 0 0 2 2 2 2 0 2 0 2 2 0 0 2 2 2 2 2 2 2 2 2 2 2 2 2 2 2 2 2 0 2 0 2 0 0 0 2 2 2 2 0 2 0 0 0 0 2 2 2 2 2 2 2 0 0 0 2 2 2 2 0 2 0 2 2 2 2 2 2 0 2 0 2 2 0 2 2 2 2 2 0 0 0 2 0 0 0 0 2 2 2 0 2 2 0 0 2 2 2 2 0 0 2 2 2 0 2 2 2 2 0 0 2 2 2 2 2 2 2 2 2 0 0 2 0 2 2 0 2 0 2 0 0 0 0 0 0 2 2 2 0 2 2 1 0 2 2 2 0 2 0 2 0 2 2 2 2 2 0 0 2 0 2 2 2 0 2 0 2 0 2 0 0 2 2 0 0 2 2 2 2 2 0 2 2 2 0 0 2 2 0 2 2 2 2 0 0 2 2 0 2 0 2 2 0 2 2 0 2 2 2 2 1 2 2 0 0 0 2 2 2 0 2 2 2 2 2 2 0 2 2 0 2 2 2 0 0 2 2 0
764 0 0 0 0 0 0 0 2 0 0 0 0 0 0 2 0 0 0 0 0 0 0 0 0 0 0 0 0 0 0 0 0 0 2 0 0 0 0 0 0 0 0 2 0 0 0 2 0 0 0 0 2 0 2 0 0 0 0 0 0 0 0 0 0 0 0 0 0 2 0 0 0 0 0 0 0 0 0 0 0 2 0 0 0 0 0 0 0 2 0 0 0 0 0 0 0 0 0 2 0 0 0 0 0 2 0 0 0 0 0 0 0 0 0 0 0 0 0 0 0 0 0 0 0 0 0 0 0 2 0 0 0 0 0 0 0 0 0 0 0 0 0 0 0 0 0 2 0 1 0 0 2 2 0 0 0 0 0 0 0 2 0 2 0 0 0 0 0 0 0 0 0 0 2 0 0 0 0 0 0 0 0 2 0 2 0 0 0 0 0 0 0 0 0 0 0 0 0 0 2 0 0 0 0 0 0 0 0 2 0 0 0 0 0 0 0 0 0 0 0 0 0 0 0 0 0 0 0 0 2 0 0 0 0 0 0 0 0 0 0 0 0 0 0 0
765 0 0 0 0 0 0 0 0 0 0 0 0 0 0 2 0 0 0 0 2 0 0 0 0 0 0 0 0 0 0 0 0 0 2 0 0 0 0 0 2 0 0 0 0 0 0 0 0 0 0 0 0 0 0 0 0 2 0 0 2 0 0 0 0 0 0 0 0 2 0 0 0 0 0 0 0 0 0 0 0 0 0 0 0 0 0 0 0 2 0 0 0 0 0 0 0 0 0 0 0 0 0 0 0 2 0 0 0 0 0 0 0 0 0 0 0 0 0 0 0 0 2 0 0 0 0 0 0 0 0 0 0 2 0 0 0 0 0 0 0 0 0 0 0 0 0 0 2 1 0 0 2 2 0 0 0 0 0 0 0 0 0 2 0 0 0 0 0 0 0 0 0 0 2 0 0 0 0 0 0 2 0 2 0 2 0 0 0 0 0 0 2 0 0 0 0 0 0 0 2 0 0 0 0 0 0 0 0 0 0 0 0 0 0 0 0 0 0 0 0 0 0 0 0 0 0 2 0 0 2 0 0 0 0 0 0 0 0 0 0 0 0 0 0 0
766 2 2 2 0 0 2 0 0 2 2 2 2 0 2 2 2 2 2 2 2 2 2 0 2 2 2 2 2 2 2 2 2 2 2 2 2 0 2 2 2 0 0 0 2 2 2 0 2 2 2 2 0 0 2 0 0 0 2 2 2 2 2 0 0 0 0 2 0 2 0 0 2 0 0 2 2 2 2 0 2 2 0 2 0 0 2 2 0 2 2 2 2 2 0 0 2 0 2 0 2 2 2 2 2 2 2 2 0 2 0 0 2 0 2 2 2 2 0 0 2 2 2 2 2 2 0 2 2 0 2 0 2 2 2 2 2 2 2 2 2 2 2 2 2 0 2 0 0 2 2 0 2 2 2 0 0 2 2 2 2 0 2 2 2 2 2 2 1 2 2 2 2 2 0 2 2 0 2 2 2 2 2 2 2 0 2 0 2 2 2 1 2 0 2 2 2 0 0 0 2 2 2 2 0 2 2 2 0 0 2 2 0 2 0 0 0 2 2 0 0 2 2 0 0 2 2 2 2 0 0 0 2 2 2 0 2 2 2 0 0 2 2 0 2 2
767 0 0 0 0 0 2 0 0 2 0 2 0 0 0 2 0 0 0 0 0 0 0 0 0 0 0 0 0 0 0 0 0 0 2 0 0 0 0 0 0 0 0 0 2 0 0 0 0 0 0 0 0 0 2 0 0 0 0 0 0 0 0 0 0 0 0 0 0 2 0 0 0 0 0 0 0 0 0 0 2 2 0 0 0 0 0 0 0 2 0 0 0 0 0 0 0 0 0 0 0 0 0 0 0 2 2 0 0 0 0 0 0 0 0 0 0 0 0 0 0 0 0 0 2 0 0 0 2 0 0 0 0 0 0 0 0 2 0 2 0 0 0 0 2 0 0 0 0 1 2 0 2 2 0 0 0 0 2 2 0 0 0 2 0 0 0 0 0 2 0 0 0 0 0 0 0 0 0 0 0 0 2 2 0 0 0 0 0 0 0 0 0 0 0 0 0 0 0 0 2 2 0 0 0 0 0 0 0 0 2 0 0 0 0 0 0 0 0 0 0 2 0 0 0 0 0 0 0 0 0 0 0 0 0 0 0 0 0 0 0 0 0 0 0 0
768 2 2 2 2 2 2 2 2 2 2 2 2 2 2 2 2 2 2 2 2 2 2 2 2 2 2 0 2 2 2 2 2 2 2 2 1 2 2 2 2 2 2 2 2 2 2 2 2 2 2 2 2 2 2 2 2 2 2 2 2 2 2 2 2 2 2 2 2 2 2 2 2 2 2 2 2 2 2 2 2 2 2 2 2 2 2 2 2 2 2 2 2 2 2 2 2 2 2 2 2 0 2 2 2 2 2 2 2 2 2 2 2 2 2 2 2 2 2 2 2 2 2 2 2 2 2 2 2 2 2 2 2 2 2 2 1 2 2 2 2 2 2 0 2 2 2 2 2 2 2 2 2 2 2 2 2 2 2 2 2 2 0 2 0 2 0 2 2 2 2 2 2 2 2 2 2 2 2 2 2 2 2 2 0 2 0 2 2 0 2 2 2 2 2 0 2 2 2 2 2 2 2 2 2 2 0 2 2 2 2 0 2 2 2 2 2 2 2 2 2 2 2 2 2 0 2 2 0 2 2 2 2 2 0 2 2 2 2 2 2 2 2 2 0 2
769 0 2 0 2 2 2 2 2 2 2 2 2 2 2 2 2 2 2 2 0 2 2 2 2 0 2 2 2 2 2 2 2 2 2 2 2 2 2 0 0 2 2 2 2 2 0 2 0 0 0 2 2 2 2 2 2 2 2 0 0 2 2 2 2 2 2 2 2 2 2 2 2 0 2 2 2 0 2 2 2 2 2 2 0 2 2 0 2 2 2 2 0 2 2 2 2 2 2 2 0 2 2 2 2 2 2 2 2 2 2 2 2 2 2 2 2 2 0 2 2 0 0 2 2 2 2 0 2 2 2 2 2 2 2 2 2 2 2 2 2 0 2 2 0 2 2 2 2 1 2 2 2 2 2 2 2 2 2 0 0 2 2 2 2 2 2 2 1 2 0 2 0 2 2 2 2 2 2 0 2 2 2 2 2 2 2 2 2 2 2 2 2 2 2 2 2 2 2 2 2 2 2 2 2 2 2 2 2 2 2 2 2 0 2 2 2 2 2 2 2 2 2 2 2 2 2 2 2 2 2 2 2 2 2 2 2 2 2 2 2 2 2 2 2 2
770 2 2 2 2 2 2 2 2 2 2 2 2 2 2 2 2 2 2 2 2 2 2 2 2 2 2 0 2 2 2 2 2 2 2 2 1 2 2 2 2 2 2 2 2 2 2 2 2 2 2 2 2 2 2 2 2 2 2 2 2 2 2 2 2 2 2 2 2 2 2 2 2 2 2 2 2 2 2 2 2 2 2 2 2 2 2 2 2 2 2 2 2 2 2 2 2 2 2 2 2 0 2 2 2 2 2 2 2 2 2 2 2 2 2 2 2 2 2 2 2 2 2 2 2 2 2 2 2 2 2 2 2 2 2 2 0 2 2 2 2 2 2 0 2 2 2 2 2 2 2 2 2 2 2 2 2 2 2 2 2 2 0 2 0 2 0 2 2 2 2 2 2 2 2 2 2 2 2 2 2 2 2 2 0 2 0 2 2 0 2 2 2 2 2 0 2 2 2 2 2 2 2 2 2 2 0 2 2 2 2 0 2 2 2 2 2 2 2 2 2 2 2 2 2 0 2 2 0 2 2 2 2 2 0 2 2 2 2 2 2 2 2 2 0 2
771 2 2 2 2 2 2 2 2 2 2 2 2 2 2 2 2 2 2 2 2 2 2 2 2 2 2 0 2 2 2 2 2 2 2 0 1 2 2 2 2 2 2 2 2 2 2 2 2 2 2 2 2 2 2 2 2 2 2 2 2 2 2 2 2 2 2 2 2 2 2 2 2 2 2 2 2 2 2 2 2 2 2 2 2 2 2 2 2 2 0 2 2 2 2 2 2 2 2 2 2 0 2 2 2 2 2 2 2 2 2 2 2 2 2 2 2 2 2 2 2 2 2 2 2 2 2 2 2 2 2 2 2 2 2 2 0 2 2 2 2 2 2 0 2 2 0 2 2 2 2 2 2 2 2 2 2 2 2 2 2 2 2 2 0 2 2 0 2 2 2 0 2 2 2 0 2 2 2 2 2 2 2 2 0 2 0 2 2 0 2 2 2 2 2 0 2 2 2 2 2 2 2 2 2 2 0 2 2 2 2 2 2 2 2 2 2 2 2 2 2 2 2 2 2 2 2 2 0 2 2 2 2 2 0 2 2 2 2 2 2 2 2 2 0 2
772 2 2 2 2 2 2 2 2 2 0 2 2 2 0 2 2 2 2 0 2 2 2 2 0 2 2 2 2 2 0 2 2 2 2 2 2 2 2 2 2 2 2 2 2 0 2 2 2 2 2 2 2 2 2 2 2 2 2 2 2 2 0 2 2 2 2 2 2 2 2 2 2 2 2 2 0 2 2 2 2 2 2 2 2 2 2 2 2 2 2 2 2 2 2 2 2 2 2 2 2 2 2 2 2 2 2 2 2 2 2 2 0 2 0 2 2 2 2 2 2 2 2 2 2 0 2 2 2 2 2 2 2 2 2 2 2 2 2 2 2 2 2 2 2 2 2 2 2 2 2 2 2 2 2 2 2 2 2 2 2 2 2 2 2 2 2 2 2 2 2 2 2 2 2 2 2 2 2 2 0 2 2 2 2 2 2 2 2 2 0 1 2 2 2 2 2 2 2 2 2 2 2 2 2 2 2 2 2 2 2 2 2 2 2 2 2 2 2 2 2 2 2 2 2 2 2 2 2 2 2 2 2 0 2 2 2 2 0 2 2 2 2 2 2 2
773 0 0 0 2 0 0 0 0 0 2 2 2 0 2 0 0 0 0 2 0 0 0 0 2 0 0 0 0 0 2 0 0 0 2 0 0 0 0 0 0 2 0 2 2 2 0 2 0 0 0 2 0 2 2 0 0 0 0 0 0 2 2 0 2 0 0 0 2 2 0 2 0 2 2 0 2 0 2 0 0 2 0 2 2 0 0 0 0 0 0 0 0 0 0 0 0 0 0 0 0 0 0 0 0 0 0 0 2 0 0 0 2 0 2 0 2 0 2 0 0 0 0 0 2 2 0 2 2 0 0 0 0 0 0 0 0 0 0 2 0 0 0 0 0 2 0 0 0 0 0 0 2 2 0 0 0 0 0 0 2 0 2 2 0 0 0 0 1 0 2 0 0 0 0 0 0 2 0 2 2 0 0 2 0 0 0 0 0 2 2 1 0 0 0 0 0 0 0 0 0 0 0 0 0 0 2 0 0 2 0 0 0 0 2 0 0 0 0 0 2 0 0 2 0 2 2 0 2 0 0 0 0 2 2 0 0 0 2 0 0 0 0 0 2 0
774 0 0 0 2 2 0 2 2 0 0 2 2 2 0 2 2 0 2 0 2 0 0 2 0 2 2 0 0 2 0 2 0 2 2 0 0 2 0 0 2 2 0 0 2 0 0 0 0 0 2 2 2 2 2 2 2 2 0 0 2 2 0 2 2 0 2 0 2 2 2 2 0 0 2 0 0 0 2 0 0 0 2 0 0 0 0 0 0 0 0 0 0 0 0 2 2 2 0 2 0 0 0 0 2 0 0 0 2 2 2 2 0 2 0 0 0 2 2 0 2 2 2 0 2 0 2 2 0 0 2 0 0 0 2 0 0 0 2 2 0 0 0 0 2 2 0 2 0 1 0 2 2 0 0 0 2 2 0 2 2 2 2 2 0 0 0 0 2 0 2 0 0 0 2 0 0 2 0 2 0 0 0 2 0 2 0 2 0 0 0 0 0 0 0 0 0 2 2 0 0 0 0 0 0 0 0 2 0 0 0 0 2 0 2 2 2 0 0 2 2 2 0 2 2 2 0 0 0 2 2 2 2 0 0 2 2 0 0 0 0 2 0 2 0 0
775 0 0 0 2 2 0 2 2 0 0 2 2 2 0 2 2 0 2 0 2 0 2 2 0 2 2 0 2 2 0 2 2 2 2 0 0 2 0 0 2 2 0 2 2 0 0 2 0 0 0 0 2 2 2 2 2 2 0 0 0 2 0 2 2 0 2 0 2 2 2 2 0 0 2 0 0 0 2 0 0 0 2 0 0 0 0 0 0 0 0 0 0 0 0 2 2 2 0 2 0 0 0 0 2 0 0 0 2 2 2 2 0 2 0 0 0 2 2 0 2 2 2 0 2 0 2 2 0 0 2 0 0 0 2 0 0 0 2 2 0 0 0 0 2 2 0 2 0 1 0 2 2 2 0 2 2 2 0 2 0 2 2 2 0 0 0 0 2 2 0 0 0 0 2 0 0 2 0 0 0 0 0 2 0 2 0 2 0 0 0 0 0 0 0 0 0 2 2 0 0 0 0 0 0 0 0 2 0 2 0 0 2 0 2 2 2 0 0 2 2 2 0 2 2 2 0 0 0 2 2 2 2 0 0 2 2 0 0 0 0 2 0 2 0 0
776 2 2 2 2 0 1 0 2 2 2 0 2 0 2 2 2 2 2 2 2 2 2 0 2 2 2 2 2 2 2 2 2 0 2 2 2 0 2 2 2 2 2 2 2 2 2 2 2 2 2 2 2 2 2 0 0 2 2 2 2 2 2 0 2 2 0 2 2 0 0 2 2 2 2 2 2 2 2 2 2 2 0 2 2 2 2 2 2 2 1 2 2 2 2 0 0 0 2 2 2 2 2 2 2 2 1 2 2 2 0 0 2 0 2 2 2 0 2 2 0 2 2 2 2 2 0 2 2 2 2 2 2 2 0 2 2 2 2 0 2 2 2 2 1 2 2 2 2 2 2 0 2 2 2 2 2 0 2 0 2 2 2 2 2 2 2 2 2 0 2 2 2 2 2 2 2 2 2 2 2 2 2 2 2 2 2 0 2 2 2 2 2 2 2 2 2 2 0 2 2 2 2 2 2 2 2 0 2 2 2 2 0 2 2 0 0 2 2 0 2 0 2 2 0 2 2 2 2 0 2 0 2 2 2 0 2 2 2 2 2 0 2 0 2 2
777 0 0 0 2 0 0 0 2 0 0 0 2 0 0 2 0 0 0 0 0 0 0 0 0 0 0 0 0 0 0 0 0 0 2 0 0 0 0 0 0 0 0 0 2 0 0 0 0 0 2 2 0 2 0 0 0 0 0 0 2 2 0 0 2 0 0 0 0 0 0 2 0 2 2 0 0 0 2 0 0 0 0 0 2 0 0 0 0 0 0 0 0 0 0 0 0 0 0 2 0 0 0 0 0 0 0 0 0 0 0 0 0 0 0 0 0 0 0 0 0 0 0 0 2 0 0 0 2 0 0 0 0 0 0 0 0 0 0 0 0 0 0 0 0 2 0 0 0 1 0 0 2 0 0 0 2 0 0 0 0 2 0 2 0 0 0 0 1 2 0 0 0 0 2 0 0 0 0 0 0 0 0 2 0 2 0 0 0 2 0 0 0 0 0 0 0 0 0 0 0 0 0 0 0 0 2 0 0 0 0 0 0 0 2 0 0 0 0 0 2 0 0 0 0 0 0 0 2 0 2 0 0 0 0 0 0 0 0 0 0 0 0 0 2 0
778 0 2 2 2 2 2 2 2 2 2 2 2 2 0 2 2 0 2 0 2 2 2 2 0 2 0 0 2 2 0 2 2 2 2 0 0 2 2 2 2 0 0 2 2 0 2 2 0 2 2 2 2 2 2 2 2 2 2 2 0 2 0 2 2 2 2 2 2 2 2 2 2 0 2 0 0 2 2 2 2 2 2 0 0 2 0 2 2 2 0 0 2 0 2 2 2 0 2 2 2 0 0 2 2 2 2 0 0 2 2 2 0 2 0 2 2 2 2 2 2 0 2 2 2 2 2 2 2 0 2 2 2 0 2 2 0 2 2 2 0 0 0 0 2 2 0 2 0 2 2 2 2 2 0 2 2 2 2 2 2 2 0 2 0 0 0 0 2 2 2 0 0 0 2 0 2 2 0 2 0 0 2 2 0 2 0 2 2 2 0 1 0 2 2 0 0 2 2 0 2 2 0 0 2 2 2 2 0 2 2 0 2 2 2 2 2 0 2 2 2 2 0 2 2 0 0 0 2 2 2 2 0 0 0 2 2 2 0 2 0 2 0 2 2 0
779 2 0 0 2 0 2 0 2 2 0 0 2 0 2 2 0 2 2 2 2 2 0 0 2 0 2 2 0 2 2 2 0 0 2 2 2 0 0 2 2 2 2 2 2 2 0 2 2 0 0 0 2 2 2 0 0 2 0 0 2 0 2 0 2 2 0 0 0 2 0 2 2 2 2 2 2 0 2 2 0 2 2 2 2 2 2 0 0 2 2 2 2 2 2 0 0 2 0 2 0 2 2 0 2 2 2 2 2 0 0 0 2 0 2 0 2 0 0 2 0 2 2 0 2 2 0 0 2 2 0 0 0 2 0 0 2 2 0 0 2 2 2 2 0 2 2 2 2 1 2 0 2 2 2 0 2 0 2 0 0 2 2 2 2 2 2 2 2 2 0 2 2 2 2 2 0 0 2 0 2 2 2 2 2 2 2 0 2 2 2 1 2 0 0 2 2 0 0 2 2 0 2 2 0 0 2 0 2 2 2 2 0 0 2 0 0 2 1 0 2 0 2 0 0 2 2 2 2 0 2 0 2 2 2 0 2 0 2 2 2 0 2 2 2 2
780 0 2 2 2 2 2 2 2 2 2 2 2 2 0 2 2 0 2 0 2 2 2 2 0 2 0 0 2 2 0 2 2 2 2 0 0 2 2 2 2 0 0 2 2 0 2 2 0 2 2 2 2 2 2 2 2 2 2 2 0 2 0 2 2 2 2 2 2 2 2 2 2 0 2 0 0 2 2 2 2 2 2 0 0 2 0 2 2 2 0 0 2 0 2 2 2 0 2 2 2 0 0 2 2 2 2 0 0 2 2 2 0 2 0 2 2 2 2 2 2 0 2 2 2 2 2 2 2 0 2 2 2 0 2 2 0 2 2 2 0 0 0 0 2 2 0 2 0 2 2 2 2 2 0 2 2 2 2 2 2 2 0 2 0 0 0 0 2 2 2 0 0 0 2 0 2 2 0 2 0 0 2 2 0 2 0 2 2 2 0 1 0 2 2 2 0 2 2 0 2 2 0 0 2 2 2 2 0 2 2 0 2 2 2 2 2 0 1 2 2 2 0 2 2 0 0 0 2 2 2 2 0 0 0 2 2 1 0 2 0 2 0 2 2 0
781 2 0 2 2 2 2 2 2 2 2 2 2 2 0 2 2 0 2 0 2 2 2 2 0 2 0 0 2 2 0 2 2 2 2 0 0 2 0 2 2 2 0 2 2 0 2 2 2 2 2 2 2 2 2 2 2 2 0 2 2 2 0 2 2 2 2 0 2 2 2 2 2 2 2 0 0 2 2 2 2 2 2 0 2 2 0 2 2 2 0 0 2 0 2 2 2 0 2 2 2 0 0 0 2 2 2 0 2 2 2 2 0 2 0 2 2 2 2 2 2 0 2 2 2 2 2 2 2 0 2 2 2 0 2 2 0 2 2 2 0 2 0 0 2 2 0 2 0 2 2 2 2 2 0 2 2 2 2 2 2 2 0 2 0 0 0 0 2 2 2 0 0 0 2 0 2 2 0 2 0 0 2 2 0 2 0 2 2 2 0 1 0 2 2 2 0 2 2 0 2 2 0 0 2 2 2 2 0 2 2 0 2 2 2 2 2 0 1 2 2 2 0 2 2 0 0 0 2 2 2 2 0 0 0 2 2 2 0 2 0 2 0 2 2 0
782 2 0 0 2 2 2 2 2 2 2 2 2 2 0 2 0 0 2 0 2 2 2 2 0 2 2 0 2 2 0 2 2 2 2 0 0 2 0 2 2 2 0 2 2 0 0 2 2 0 2 2 2 2 2 2 2 2 0 0 2 2 0 2 2 2 2 0 2 2 2 2 0 2 2 0 0 0 2 2 0 2 2 0 2 2 0 0 2 2 0 0 2 0 2 2 2 0 0 2 0 0 0 0 2 2 2 0 2 0 2 2 0 0 0 2 2 2 2 2 2 0 2 0 2 2 2 2 2 0 0 2 2 0 2 0 0 2 0 2 0 2 0 0 2 0 0 2 0 2 2 2 2 2 0 0 2 2 2 2 2 2 0 2 0 0 0 0 2 2 2 0 0 0 2 0 2 2 0 2 0 0 2 2 0 2 0 2 2 2 0 1 0 2 0 2 0 2 2 0 2 0 0 0 2 0 2 2 0 2 2 0 2 0 0 2 2 0 2 2 2 2 2 2 2 0 0 0 2 2 2 0 2 0 0 2 0 0 0 2 0 2 0 0 2 0
783 2 2 2 2 2 2 2 2 2 2 2 2 2 2 2 2 2 2 2 2 2 2 2 2 2 2 2 2 2 2 2 2 2 2 2 1 2 2 2 2 2 2 2 2 2 2 2 2 2 2 2 2 2 2 2 2 2 2 2 2 2 2 2 2 2 2 2 2 2 2 2 2 0 2 2 2 2 2 2 2 2 2 2 0 2 2 2 2 2 2 2 2 2 2 2 2 2 2 2 2 2 0 2 2 2 2 2 2 2 2 2 2 2 2 2 2 2 2 2 2 2 2 2 2 2 2 2 0 2 2 2 2 2 2 2 2 2 2 2 2 2 2 2 2 2 0 2 2 2 2 2 2 2 2 2 2 2 2 2 2 2 2 2 2 2 2 0 2 2 2 0 0 2 2 0 2 2 2 2 2 2 2 2 2 2 0 2 2 0 2 2 2 2 2 0 2 2 2 0 2 2 2 0 2 2 0 2 0 2 2 2 2 2 2 2 2 0 2 2 2 2 2 2 2 2 2 2 0 2 2 2 2 2 2 2 2 2 2 2 0 2 2 0 0 2
784 0 2 2 2 0 2 0 2 2 2 0 2 0 2 2 2 2 2 2 2 2 2 0 2 2 2 2 2 2 2 2 2 0 2 2 2 0 2 2 2 2 0 2 2 2 2 2 0 2 2 2 2 2 2 0 0 2 2 2 2 0 2 0 2 2 0 2 0 0 0 2 2 2 2 2 2 2 2 0 2 0 2 2 2 0 2 2 0 2 2 2 2 0 0 0 0 0 2 2 2 2 2 2 2 2 2 2 2 2 0 0 2 0 2 0 2 0 0 0 0 0 2 2 2 2 0 2 2 2 2 2 0 2 0 2 2 2 2 0 2 0 2 2 0 2 2 2 2 2 2 0 2 2 2 2 2 0 2 0 0 2 2 2 2 2 2 2 2 2 0 2 2 2 2 2 0 0 2 0 2 2 2 2 2 2 2 0 0 2 2 1 2 0 2 2 2 0 0 2 2 2 2 2 0 2 2 0 2 2 2 2 0 2 2 0 0 2 2 0 2 0 2 0 0 2 2 2 2 0 2 2 2 2 2 0 2 2 2 0 2 0 2 2 2 2
785 2 2 2 2 2 2 2 2 2 2 2 2 2 0 2 2 2 2 2 2 2 2 2 0 2 2 2 2 2 2 2 2 2 2 2 2 2 2 2 2 0 2 2 2 0 2 2 2 2 2 2 2 2 2 2 2 2 2 2 2 2 0 2 2 2 2 2 2 2 2 2 2 0 2 2 2 2 2 2 2 2 2 2 0 2 2 2 2 2 2 2 2 2 2 2 2 2 2 2 2 2 2 2 2 2 2 2 0 2 2 2 2 2 0 2 2 2 2 2 2 2 2 2 2 2 2 2 2 2 2 2 2 2 2 2 2 2 2 2 2 2 2 2 2 2 2 2 2 2 2 2 2 2 2 2 2 2 2 2 2 2 2 2 2 2 2 2 2 2 2 2 2 2 2 2 2 2 2 2 0 2 2 2 2 2 2 2 2 2 0 1 2 2 2 2 2 2 2 2 2 2 2 2 2 2 2 2 2 2 2 2 2 2 2 2 2 2 2 2 2 2 2 2 2 2 2 2 2 2 2 2 2 0 2 2 2 2 0 2 2 2 2 2 2 2
786 0 2 2 2 0 2 0 2 2 2 0 2 0 2 2 0 2 2 2 2 2 2 0 2 2 2 2 2 2 2 2 2 0 2 2 2 0 2 2 2 2 0 2 2 2 2 2 0 2 2 1 2 2 2 0 0 2 2 2 2 0 2 0 2 2 0 2 0 2 0 2 2 2 2 2 2 2 2 0 2 0 2 2 2 0 2 2 0 2 2 2 2 0 0 0 0 0 2 2 2 2 2 2 2 2 2 2 2 0 0 0 2 0 2 0 2 0 0 0 0 0 2 2 2 2 0 2 2 2 0 2 0 2 0 2 2 2 0 0 2 0 2 2 0 2 2 2 2 2 2 0 2 2 2 2 2 0 2 0 0 2 1 2 2 2 2 2 2 2 0 2 2 2 2 2 0 0 2 0 2 2 2 2 2 2 2 0 1 2 2 1 2 0 2 2 2 0 0 2 2 2 2 2 0 2 2 0 2 2 2 2 0 2 2 0 0 2 2 0 2 0 2 0 0 2 2 2 2 0 2 2 2 2 2 0 2 2 2 0 2 0 2 2 2 2
787 2 0 0 2 2 2 2 2 0 2 0 2 2 2 2 2 2 2 0 0 2 0 2 2 2 2 2 0 2 0 2 0 2 2 2 2 2 0 0 2 2 2 2 2 2 0 2 2 0 2 2 2 2 2 2 2 2 0 0 2 0 2 2 2 2 2 0 0 2 2 2 2 2 2 2 0 0 2 2 2 0 2 2 2 2 2 0 2 2 2 2 0 2 2 2 2 2 2 2 0 2 2 0 2 2 2 2 2 2 2 2 2 2 2 0 2 2 0 2 2 2 2 2 2 0 2 2 2 2 2 0 2 2 2 0 2 2 2 0 2 2 2 2 2 2 2 2 2 2 2 2 2 2 2 2 2 2 2 2 0 2 2 2 2 2 2 2 2 2 0 2 2 2 2 2 2 0 2 0 2 2 2 2 2 2 2 2 2 2 2 2 2 2 2 2 2 2 2 2 2 2 2 2 2 0 2 2 2 2 2 2 2 0 2 2 0 2 2 2 2 0 2 0 2 2 2 2 2 2 2 2 2 2 2 2 0 0 2 2 2 2 2 2 2 2
788 2 2 2 2 2 2 2 0 2 2 2 2 2 2 0 2 2 2 2 2 2 2 2 2 0 2 2 2 2 2 2 2 2 0 2 2 2 2 2 2 2 2 0 2 2 2 0 2 2 2 2 0 0 0 2 2 0 2 2 2 2 2 2 2 0 2 2 2 0 2 0 0 2 0 2 2 2 2 2 2 2 2 2 2 2 2 2 2 0 2 2 2 2 2 2 2 2 2 0 2 2 2 2 2 2 2 2 2 2 2 2 2 2 2 2 2 2 2 2 2 2 2 2 2 2 2 2 0 2 2 2 2 2 2 2 2 2 2 2 2 2 2 2 2 2 2 0 2 1 2 2 0 0 2 2 0 2 2 2 2 0 2 0 2 2 2 2 1 2 2 2 2 2 0 2 2 2 2 2 2 2 2 0 2 0 2 2 2 0 2 2 2 2 2 2 2 2 2 2 2 2 2 2 2 2 0 2 2 0 2 2 2 2 2 2 2 2 2 2 2 2 2 2 2 2 2 2 2 2 2 2 2 2 2 2 2 2 2 2 2 2 2 2 2 2
789 0 0 0 0 0 0 2 0 2 0 0 0 0 0 0 2 0 0 0 0 0 0 0 0 0 2 0 0 0 0 0 0 2 0 0 0 0 0 2 2 2 0 0 2 0 0 0 0 0 0 0 2 2 0 0 0 0 0 0 2 0 0 0 2 2 0 0 0 0 2 2 0 0 2 0 0 0 0 0 0 0 2 0 0 0 0 0 0 0 0 0 2 0 2 0 2 0 0 0 0 0 2 0 2 2 0 0 2 0 0 0 0 0 0 0 0 0 0 0 2 0 0 0 2 0 2 0 2 0 2 0 0 0 2 0 0 0 2 0 0 0 0 0 0 2 2 2 0 0 0 2 0 2 0 0 0 0 0 0 0 0 0 0 0 0 0 2 1 2 0 2 2 0 0 2 2 0 0 0 0 0 0 0 0 0 2 2 2 2 0 1 0 0 0 0 0 0 2 2 2 0 0 2 2 0 2 2 2 0 0 0 0 0 2 2 0 2 1 2 2 0 2 0 2 0 0 0 0 0 0 2 2 0 0 0 2 0 0 0 2 0 0 2 0 0
790 2 0 0 2 2 0 0 0 0 0 0 2 2 2 0 0 0 0 0 2 2 0 2 2 0 0 0 0 0 0 0 0 0 0 0 1 2 0 0 2 2 0 0 0 2 0 0 2 0 2 2 0 0 0 2 2 0 0 0 2 0 2 0 2 0 2 0 0 2 0 0 0 2 0 0 0 0 2 0 0 0 0 0 2 2 0 0 2 0 0 0 0 0 0 2 0 2 0 0 0 0 0 0 2 0 0 0 2 0 0 2 0 0 2 2 0 2 0 2 0 2 0 0 0 0 0 2 0 0 0 0 0 0 0 0 0 0 0 0 0 2 0 0 2 0 0 0 0 0 0 0 0 0 0 0 0 2 0 2 0 0 0 0 0 0 0 0 1 0 0 0 0 0 0 0 0 0 0 0 2 0 0 0 0 0 0 0 0 0 2 1 0 2 0 0 0 2 0 0 0 0 0 0 0 0 0 0 0 0 0 0 2 0 0 0 0 0 0 2 2 0 0 0 0 0 0 0 0 2 0 0 0 2 0 2 0 0 2 2 0 2 0 0 0 0
791 2 2 2 2 2 2 2 2 2 2 2 2 2 2 2 2 2 2 2 2 2 2 2 2 2 2 0 2 2 2 2 2 2 2 2 1 2 2 2 2 2 0 2 2 2 2 2 2 2 2 2 2 2 2 2 2 2 2 2 2 2 2 0 2 2 2 2 2 2 2 2 2 2 2 2 2 2 2 2 2 2 2 2 2 2 2 2 0 2 2 2 2 0 2 2 2 2 2 2 2 2 2 2 2 2 2 2 2 2 2 2 2 0 2 2 2 2 2 2 2 2 2 2 2 2 2 2 2 2 2 2 2 2 2 2 0 2 2 2 2 2 0 0 2 2 2 2 2 2 2 2 2 2 2 2 2 2 2 2 2 2 0 2 2 2 2 2 2 2 2 2 0 2 2 2 2 2 2 2 2 2 2 2 0 2 2 2 2 2 2 2 2 0 2 2 0 2 2 2 2 2 2 0 2 2 2 2 2 2 2 2 2 2 2 2 2 0 2 2 2 2 2 2 2 0 2 2 2 2 2 2 2 2 2 2 2 2 2 2 2 2 0 2 0 2
792 2 2 2 2 0 2 2 2 2 2 2 2 0 2 2 2 2 2 2 2 2 2 0 2 2 2 2 2 2 2 2 2 0 2 2 1 0 2 2 2 2 2 2 2 2 2 2 2 2 2 2 2 2 2 0 0 2 2 2 2 2 2 2 2 2 0 2 2 2 2 2 2 2 2 2 2 2 2 0 2 2 2 2 2 0 2 2 2 2 2 2 2 2 2 0 0 0 2 2 2 2 2 2 2 2 2 2 2 2 2 0 2 2 2 2 2 2 2 0 0 0 2 2 2 2 2 2 2 2 2 2 2 2 0 2 2 2 2 2 2 2 2 2 2 2 2 2 2 2 2 2 2 2 2 2 2 0 2 2 2 2 2 2 2 2 2 2 2 2 2 2 2 2 2 2 2 2 2 2 2 2 2 2 2 2 2 0 0 2 2 1 2 2 2 2 2 0 2 2 2 2 2 2 2 2 2 2 2 2 2 2 0 2 2 0 2 2 2 0 2 2 2 2 2 2 2 2 2 0 2 2 2 2 2 0 2 2 2 0 2 2 2 2 2 2
793 0 0 2 0 0 0 0 0 0 0 0 0 0 0 0 2 0 0 0 0 0 0 0 0 0 2 0 0 0 0 0 0 0 0 0 0 0 0 0 2 0 0 0 0 0 2 0 0 2 0 0 0 0 0 0 0 0 0 2 0 0 0 0 2 0 0 0 0 2 0 0 0 0 0 0 0 2 0 0 0 0 0 0 0 0 0 2 0 0 0 0 0 0 2 0 0 0 0 0 2 0 2 0 2 0 0 0 0 0 0 0 0 0 0 0 0 0 0 0 0 0 0 0 0 0 0 0 0 0 2 0 0 0 0 0 0 0 2 0 0 0 0 0 0 0 2 0 0 0 0 0 0 0 0 0 0 0 0 0 0 0 0 0 0 0 0 2 1 0 0 2 0 0 0 2 0 0 0 0 0 0 0 0 0 0 2 0 0 0 0 0 0 0 0 0 0 0 0 2 0 0 0 2 2 0 0 0 2 0 0 0 0 2 0 0 0 2 0 0 2 0 0 0 0 0 0 0 0 0 0 0 2 0 0 0 0 0 0 0 2 0 0 2 0 0
794 2 2 2 2 2 2 2 2 2 2 2 2 2 0 2 2 2 2 2 2 0 2 2 0 2 2 2 2 2 2 0 2 0 2 2 1 2 2 2 2 0 2 2 2 0 2 2 2 2 2 2 2 2 2 2 2 2 2 2 2 2 0 0 2 2 2 2 2 2 2 2 2 0 2 2 2 2 2 0 2 2 2 2 0 0 2 2 2 2 2 2 2 2 2 0 0 0 2 2 2 2 2 2 2 2 2 2 0 2 0 2 2 2 0 0 2 2 2 0 0 0 2 2 2 2 2 2 2 2 2 2 2 2 0 2 2 2 2 2 2 2 2 2 2 2 2 2 2 2 2 2 2 2 2 2 2 0 2 2 2 2 2 2 2 2 2 2 2 2 2 2 2 2 2 2 2 2 2 2 0 2 2 2 2 2 2 0 0 2 0 1 2 2 2 2 2 2 2 2 2 2 2 2 2 2 2 0 2 2 2 2 2 2 2 0 2 2 1 0 2 2 0 2 2 2 2 2 2 0 2 2 2 0 2 2 2 2 0 0 2 2 2 2 2 2
795 2 2 2 2 2 0 2 2 2 2 2 2 2 2 2 0 0 2 2 2 2 2 2 2 2 2 0 2 2 2 2 2 2 2 0 1 2 2 2 2 2 2 2 2 2 2 2 2 2 2 2 0 2 2 2 2 2 2 2 2 2 2 2 2 2 2 2 2 2 2 0 2 2 2 0 2 2 2 2 0 2 2 2 2 2 0 2 2 2 0 0 2 2 2 2 2 2 0 2 2 0 2 2 2 2 0 0 2 0 2 2 2 2 2 2 2 0 2 2 2 2 2 2 2 2 2 2 0 0 0 2 2 0 2 0 0 0 0 2 0 2 0 0 0 2 2 0 0 1 2 2 2 2 0 2 2 2 0 0 2 2 0 2 2 0 0 2 2 2 2 2 2 0 2 2 2 2 0 2 2 0 2 2 0 2 2 2 2 2 2 2 0 2 2 2 0 2 2 2 2 0 0 2 2 0 2 2 2 2 0 0 2 2 2 2 2 2 2 2 2 2 2 2 2 0 2 0 0 2 2 2 2 2 0 2 2 0 2 2 2 0 0 2 0 0
796 2 2 2 2 2 0 2 2 2 2 2 2 2 2 2 2 2 2 2 2 2 2 2 2 2 2 2 2 2 2 2 2 2 2 0 2 2 2 2 2 2 2 2 2 2 2 2 2 2 2 2 2 0 2 2 2 2 2 2 2 2 2 2 2 2 2 2 2 2 2 2 2 2 0 2 2 2 2 2 2 2 2 2 2 2 2 2 2 2 0 2 2 2 2 2 2 2 2 2 2 2 2 2 2 2 2 2 2 2 2 2 2 2 2 2 2 2 2 2 2 2 2 2 2 2 2 2 2 2 2 2 2 2 2 2 2 0 2 2 2 2 2 2 2 2 2 2 2 1 2 2 2 2 2 2 2 2 0 2 2 2 2 2 2 2 2 2 2 2 2 2 2 2 2 2 2 2 2 2 2 2 2 2 2 2 2 2 2 2 2 2 2 2 2 2 2 2 2 0 2 2 2 2 2 2 0 2 0 2 0 2 2 2 2 2 2 2 2 2 2 2 2 2 2 2 2 2 2 2 2 0 2 2 0 2 0 2 2 2 0 2 2 2 0 2
797 2 2 2 2 2 0 2 2 2 2 2 2 2 2 2 2 2 2 2 2 2 2 2 2 2 2 2 2 2 2 2 2 2 2 0 2 2 2 2 2 2 2 2 2 2 2 2 2 2 2 2 2 2 2 2 2 2 2 2 2 2 2 2 2 2 2 2 2 2 2 2 2 2 2 2 2 2 2 2 2 2 2 2 2 2 2 2 2 2 0 2 2 2 2 2 2 2 2 2 2 2 2 2 2 2 2 2 2 2 2 2 2 2 2 2 2 2 2 2 2 2 2 2 2 2 2 2 2 2 2 2 2 2 2 2 2 0 2 2 2 2 2 2 2 2 2 2 2 1 2 2 2 2 0 2 2 2 0 2 2 2 2 2 2 2 2 2 2 2 2 2 2 2 2 2 2 2 0 2 2 2 2 2 2 2 2 2 2 2 2 2 2 2 2 2 2 2 2 2 2 2 2 2 2 2 0 2 2 2 0 2 2 2 2 2 2 2 2 2 2 2 2 2 2 2 2 2 2 2 2 2 2 2 0 2 0 2 2 2 2 2 2 2 0 2
798 2 2 2 2 0 2 0 2 2 2 2 2 0 2 2 2 2 2 2 2 2 2 0 2 2 2 2 2 2 2 2 2 0 2 2 2 0 2 2 2 2 0 2 2 2 2 2 2 2 2 2 2 2 2 0 0 2 2 2 2 2 2 0 2 2 0 2 2 2 0 2 2 2 2 2 2 2 2 2 2 2 2 0 2 0 2 2 0 2 2 2 2 0 0 2 0 2 2 2 2 2 2 2 2 2 2 2 2 2 2 0 0 2 2 2 2 2 2 0 0 2 2 2 2 2 0 2 2 2 2 2 2 2 0 2 2 2 2 2 2 2 2 2 2 2 2 2 2 2 2 0 2 2 2 2 2 2 2 2 2 2 2 2 2 2 2 2 2 2 2 2 2 2 2 2 0 2 2 2 2 2 2 2 2 2 2 2 0 2 2 1 2 0 2 2 2 0 0 2 2 2 2 2 2 2 2 0 2 2 2 2 0 2 2 0 2 2 2 0 2 2 2 2 0 2 0 2 2 2 2 2 2 2 2 0 2 2 2 0 2 2 2 2 2 2
799 0 2 0 0 0 0 0 0 0 2 0 0 0 0 0 0 0 0 0 0 0 0 0 0 0 0 0 0 0 0 0 0 0 0 0 1 0 2 0 0 0 0 0 2 0 0 0 0 0 0 0 0 0 0 0 0 0 2 0 0 0 0 0 2 0 0 2 0 0 0 0 0 0 0 0 0 0 0 0 0 0 0 0 0 0 0 0 0 0 0 0 0 0 0 0 0 2 0 0 0 0 0 2 0 0 0 0 0 0 2 0 0 0 0 0 0 0 0 0 0 2 0 0 2 2 0 0 0 0 0 2 0 0 0 0 0 0 0 0 0 0 0 0 0 0 0 0 0 0 0 0 0 0 0 0 0 2 0 0 0 0 0 0 0 0 0 0 1 0 0 0 0 0 0 0 0 0 0 0 0 0 0 0 0 0 0 0 0 0 0 0 0 0 0 0 0 0 0 0 0 0 0 0 0 0 0 0 0 0 0 0 0 0 0 0 0 0 1 0 2 0 0 0 0 0 0 0 0 0 0 0 0 0 0 0 0 0 0 0 0 0 0 0 0 0
800 2 2 2 2 2 2 2 2 2 2 2 2 2 2 2 2 2 2 2 2 2 2 2 2 2 2 2 2 2 2 2 2 0 2 2 2 2 2 2 2 2 2 2 2 2 2 2 2 2 2 2 2 2 2 2 2 2 2 2 2 2 2 2 2 2 2 2 2 2 2 2 2 2 2 2 2 2 2 2 2 2 2 0 2 0 2 2 2 2 2 2 2 2 2 2 0 2 2 2 2 2 2 2 2 2 2 2 2 2 2 2 2 2 2 2 2 2 2 0 0 2 2 2 2 2 2 2 2 2 2 2 2 2 0 2 2 2 2 2 2 2 2 2 2 2 2 2 2 2 2 2 2 2 2 2 2 0 2 2 2 2 2 2 2 2 2 2 2 2 2 2 2 2 2 2 2 2 2 2 2 2 2 2 2 2 2 2 2 2 2 2 2 2 2 2 2 2 2 2 2 2 2 2 0 2 2 2 2 2 2 2 2 2 2 0 2 2 2 0 2 2 2 2 2 2 0 2 2 2 2 2 2 2 2 2 2 2 2 0 2 2 2 2 2 2
801 0 0 2 0 0 2 0 2 2 2 0 0 0 2 2 0 2 2 2 2 2 2 2 2 2 2 2 2 2 2 2 2 0 2 2 0 0 0 2 2 0 0 2 2 2 2 2 0 2 2 2 2 2 2 2 2 2 0 2 2 0 2 2 2 2 0 0 0 2 0 2 2 0 2 2 2 2 0 2 2 2 2 2 0 2 2 2 2 2 2 2 2 2 2 2 0 2 2 2 2 2 2 0 2 2 2 2 0 2 0 0 2 2 2 2 2 0 0 2 0 2 2 2 2 2 0 2 0 2 0 2 2 2 0 2 2 2 0 0 2 0 2 2 0 2 0 2 2 2 2 2 2 2 2 0 2 2 2 0 0 2 2 2 2 2 2 0 2 2 0 0 2 2 2 0 2 0 2 0 2 2 2 2 2 2 0 2 2 2 2 1 2 2 2 2 2 2 2 2 2 2 2 0 2 2 2 2 2 2 2 2 2 2 2 2 0 0 2 2 2 0 2 0 2 2 2 2 2 0 2 2 2 2 2 2 2 2 2 2 2 0 2 2 2 2
802 2 2 2 2 2 0 2 0 2 2 2 2 2 2 0 2 2 2 2 2 0 2 2 2 0 0 2 2 2 2 2 2 2 0 0 2 2 2 2 2 2 2 2 2 2 2 2 2 2 2 2 2 2 2 2 2 2 2 2 2 2 2 2 2 0 2 2 2 2 2 2 2 2 2 2 2 2 2 2 0 2 0 2 2 2 2 2 2 2 0 2 2 2 2 2 2 0 2 0 2 0 0 2 2 2 2 2 2 0 2 2 2 2 2 0 2 2 2 2 2 0 0 2 2 2 2 2 2 2 2 2 2 0 2 0 2 0 2 2 2 2 2 2 2 2 2 2 2 0 0 2 2 0 0 2 2 2 0 2 2 2 2 0 2 2 2 2 1 2 2 2 2 2 2 2 2 2 0 2 2 0 2 2 2 2 2 2 2 0 2 2 0 2 0 2 2 2 2 2 2 0 2 2 2 0 1 2 2 2 2 2 2 2 2 2 2 2 1 2 2 2 0 2 2 2 2 0 2 2 2 2 0 2 0 2 2 0 2 2 2 2 2 2 0 2
803 0 2 2 2 2 2 2 2 2 2 0 2 2 2 2 2 2 2 2 2 2 2 2 2 2 2 2 2 2 2 2 2 2 2 2 2 2 2 2 2 2 2 2 2 2 2 2 0 2 2 2 2 2 2 2 2 2 2 2 2 0 2 2 2 2 2 2 0 2 2 2 2 2 2 2 2 2 2 2 2 2 2 2 2 2 2 2 2 2 2 2 2 2 2 2 2 2 2 2 2 2 2 2 2 2 2 2 2 2 2 2 2 2 2 2 2 2 0 2 2 2 2 2 2 2 2 2 2 2 2 0 2 2 2 2 2 2 2 0 2 0 2 2 2 2 2 2 2 2 2 2 2 2 2 2 2 2 2 2 0 2 2 2 2 2 2 2 2 2 0 2 2 2 2 2 2 0 2 0 2 2 2 2 2 2 2 2 2 2 2 2 2 2 2 2 2 2 2 2 2 2 2 2 2 2 2 2 2 2 2 2 2 2 2 2 0 2 2 2 2 0 2 0 2 2 2 2 2 2 2 2 2 2 2 2 2 2 2 2 2 2 2 2 2 2
804 0 2 0 2 0 2 0 2 0 0 0 0 0 0 2 2 2 0 0 0 2 2 2 0 2 2 0 2 0 0 2 2 0 2 2 0 0 2 0 0 0 0 2 0 0 0 2 0 0 2 2 0 0 2 2 2 0 2 0 2 0 0 2 2 2 0 2 0 2 0 0 2 2 0 2 0 0 0 2 2 0 2 0 2 2 2 0 2 0 2 2 0 0 2 0 0 2 0 2 0 2 2 2 0 0 0 0 2 2 0 0 0 0 0 2 0 0 0 2 0 2 2 2 0 0 0 0 0 2 2 0 0 2 0 2 0 2 2 0 2 0 2 0 0 0 0 0 0 2 2 0 0 2 2 0 0 2 2 0 0 0 0 2 2 2 0 0 2 0 0 0 2 2 0 0 0 0 2 0 0 2 0 0 0 0 0 0 0 2 0 0 2 2 2 2 0 0 2 0 0 2 2 0 0 2 1 2 0 2 0 0 2 0 0 2 0 0 1 2 2 0 2 0 0 0 0 2 0 0 2 0 2 0 2 2 2 2 0 2 0 0 2 0 2 0
805 2 2 2 2 2 2 2 2 2 2 2 2 2 2 2 2 2 2 2 2 0 2 2 2 2 2 2 2 2 2 2 2 2 2 2 2 2 2 2 2 2 2 2 2 2 2 2 2 2 2 2 2 2 2 2 2 2 2 2 2 2 2 0 2 2 2 2 2 2 2 2 2 2 2 2 2 2 2 2 2 2 1 0 2 0 2 2 2 2 2 2 2 2 2 2 2 2 2 2 2 2 2 2 2 2 2 2 2 2 2 2 0 2 2 0 2 2 2 0 2 2 2 2 2 2 2 2 2 2 2 2 0 2 2 2 2 2 2 2 2 2 2 2 2 2 2 2 2 2 2 2 2 2 2 2 2 0 2 2 2 2 2 2 2 2 2 2 2 2 2 2 2 2 2 2 2 2 2 2 2 2 2 2 2 2 2 2 2 2 2 2 2 2 2 2 2 2 0 2 2 2 2 2 0 2 2 2 2 2 0 2 2 2 2 0 1 2 2 0 2 2 2 2 2 2 0 2 2 2 2 2 2 2 2 2 2 2 2 0 2 2 2 2 2 2
806 2 0 2 2 2 2 2 2 0 2 2 2 2 2 2 2 2 2 2 2 2 2 2 2 2 2 2 2 2 2 2 2 2 2 2 2 2 2 2 2 2 2 2 2 2 2 2 2 2 2 2 2 2 2 2 2 2 2 2 2 2 2 2 2 2 2 2 2 2 2 2 2 0 2 2 2 2 2 2 2 2 2 2 0 2 2 2 0 2 2 2 2 2 0 2 2 2 2 2 2 2 2 0 2 2 2 2 2 2 2 2 2 2 2 2 2 2 2 2 2 2 2 2 2 0 2 2 2 2 2 2 2 2 2 2 2 2 2 2 2 2 2 2 2 2 2 2 2 2 2 2 2 2 2 2 2 2 2 2 0 2 2 2 2 2 2 2 2 2 0 2 2 2 2 2 2 2 2 0 2 2 2 2 2 2 2 2 2 2 2 2 2 0 2 2 2 2 2 2 2 2 2 0 2 2 2 2 2 2 2 2 2 2 2 2 2 0 2 2 2 2 2 2 2 2 2 2 2 2 2 2 2 2 2 2 2 2 2 2 2 2 2 2 2 2
807 2 2 2 2 2 0 2 2 2 2 0 0 2 2 0 2 2 2 2 2 2 2 2 2 2 2 2 2 2 2 2 2 2 2 0 2 2 2 2 2 2 2 2 2 2 2 2 2 2 2 2 2 2 2 2 2 2 2 2 2 0 2 0 2 0 2 2 0 2 2 2 2 2 2 2 2 2 0 2 2 2 0 2 2 2 2 2 2 2 0 2 2 2 2 2 2 2 2 2 2 0 2 2 2 2 0 2 2 2 2 2 2 0 2 2 2 2 0 2 2 2 2 2 2 2 2 2 2 2 2 2 2 2 2 2 2 0 2 0 2 2 2 2 2 2 0 2 2 1 2 2 2 2 0 2 2 2 0 2 2 2 0 2 2 2 2 0 2 0 2 2 2 2 2 0 2 0 0 2 2 0 0 2 2 2 2 2 2 2 2 2 0 2 2 0 2 2 2 2 2 2 2 2 2 2 0 2 2 2 2 2 2 2 2 2 0 2 2 0 2 0 2 0 2 0 2 0 2 2 2 2 2 2 0 2 2 2 2 2 2 2 0 2 0 2
808 2 2 2 2 2 2 2 0 2 2 2 2 2 2 0 2 2 2 2 2 2 2 2 2 2 2 2 2 2 2 2 2 2 2 0 2 2 2 2 2 2 2 0 2 2 2 2 2 2 2 2 2 2 0 2 2 0 2 2 2 2 2 0 2 2 2 2 2 2 2 2 2 2 2 2 2 2 2 2 2 2 2 2 2 0 2 2 2 0 0 2 2 2 2 2 2 2 2 0 2 0 2 2 2 0 2 2 2 2 2 2 2 0 2 2 2 2 2 2 2 2 2 2 2 2 2 2 2 2 2 2 2 2 2 2 2 0 2 2 2 2 2 2 2 2 2 2 2 1 2 2 2 2 0 2 2 2 0 2 2 2 2 2 0 2 2 2 2 0 2 2 2 2 2 2 2 2 0 2 2 2 2 2 2 2 2 2 2 2 2 2 2 2 2 0 2 2 2 0 0 2 2 2 2 2 0 2 0 2 2 2 2 2 2 2 2 2 2 0 2 2 2 2 2 2 2 2 2 2 2 0 2 2 0 2 2 2 2 2 0 2 0 2 0 2
809 2 2 2 2 2 2 2 2 2 2 2 0 2 2 0 2 2 0 2 2 2 2 2 2 2 2 2 2 0 2 2 2 2 2 0 2 2 2 2 2 2 0 2 2 2 2 2 2 2 2 2 2 0 2 2 2 2 2 2 2 2 2 0 0 2 2 2 2 0 2 2 2 2 0 2 2 2 0 2 2 2 2 2 2 0 2 2 2 0 0 2 2 0 2 0 2 2 0 2 2 0 2 2 2 0 0 2 2 2 2 2 2 0 2 2 2 2 2 2 2 0 2 2 2 2 2 2 2 2 2 2 2 2 2 2 2 0 2 2 2 2 2 2 2 2 2 2 2 1 0 0 2 2 0 2 2 2 0 2 2 2 2 2 0 2 2 2 1 0 2 2 0 2 2 2 2 2 0 2 2 2 0 2 2 2 2 2 2 2 2 2 2 2 0 0 2 2 2 2 0 2 2 2 2 2 0 2 2 2 0 2 2 2 2 2 2 2 2 0 0 2 2 2 2 2 2 2 2 2 2 2 2 2 0 2 2 2 2 2 2 2 0 2 0 2
810 2 0 2 2 0 0 0 0 2 2 2 2 0 2 2 2 2 2 2 2 0 2 0 2 0 2 2 2 2 2 2 2 0 0 2 1 0 0 2 2 2 2 0 2 2 2 0 2 2 2 2 2 2 0 0 0 0 0 2 2 2 2 2 2 0 0 0 2 2 0 2 2 0 2 2 2 2 2 2 2 0 0 0 0 2 2 2 0 2 2 2 2 2 0 2 0 2 2 0 2 2 2 0 2 2 2 2 0 0 0 0 0 2 2 0 2 0 2 0 0 2 2 2 2 2 0 2 0 2 2 2 0 2 0 2 2 2 2 2 2 2 2 2 0 2 2 2 2 1 2 2 0 0 2 0 0 0 2 0 2 0 2 0 2 2 2 2 1 2 2 2 2 2 0 2 0 2 2 2 2 0 2 2 2 0 0 0 0 0 2 1 0 0 2 2 2 0 0 0 2 2 2 2 0 2 2 0 1 0 2 0 0 2 2 0 2 2 2 2 2 2 2 2 0 2 0 0 2 0 2 2 2 2 2 0 2 2 2 0 0 0 2 0 2 2
811 2 2 2 2 2 0 0 2 2 2 2 2 2 2 2 2 2 2 2 2 2 2 2 2 2 2 2 2 2 2 2 2 2 2 2 2 2 2 2 2 2 2 2 2 2 2 2 2 2 2 2 2 2 2 2 2 2 2 2 2 2 2 2 2 2 2 2 2 2 2 2 2 2 2 2 2 2 2 2 2 2 2 2 2 2 2 2 2 2 2 2 2 0 2 2 2 0 2 2 2 2 2 2 2 2 2 2 2 0 2 2 2 2 2 2 2 0 2 2 2 2 2 2 2 2 0 2 0 2 2 2 2 2 2 2 2 2 2 2 2 2 2 2 0 2 0 2 2 1 2 0 2 2 2 2 2 2 2 0 2 2 0 2 2 2 2 0 2 2 2 0 0 2 2 0 2 2 2 2 2 2 2 2 2 2 2 2 2 2 2 1 2 2 2 2 2 2 2 2 2 2 2 0 2 2 2 2 2 2 2 2 2 2 2 2 2 0 2 2 2 2 2 2 0 0 2 2 2 2 2 2 2 2 2 2 2 2 2 2 2 0 2 2 2 2
812 2 2 2 2 2 2 0 2 2 2 2 2 2 2 2 2 2 2 2 2 2 2 2 2 2 2 2 2 2 2 2 2 2 2 2 2 2 2 2 2 2 2 2 2 2 2 0 2 2 2 2 2 2 2 2 2 2 2 2 2 2 2 0 2 0 2 2 2 2 2 2 2 2 2 2 2 2 2 2 0 2 2 2 2 0 2 2 2 0 2 2 2 0 2 2 2 2 2 2 2 2 2 2 2 2 2 2 2 2 2 2 2 0 2 2 0 2 2 2 2 2 2 0 2 2 0 2 2 0 2 2 2 2 2 0 2 0 2 2 2 2 2 2 2 2 2 2 2 2 2 0 2 2 0 2 2 2 0 2 2 0 2 2 2 2 2 2 2 2 2 2 2 2 0 2 0 2 0 2 2 2 2 0 2 0 2 2 2 2 2 2 2 2 2 2 2 2 2 2 2 0 2 2 2 0 2 2 2 0 2 2 2 2 2 2 2 2 2 0 2 2 2 2 2 2 2 2 0 2 2 2 2 2 2 2 2 0 2 2 2 2 2 2 2 2
813 2 2 2 1 2 2 2 2 2 2 2 2 2 2 2 2 2 2 2 2 2 2 2 2 2 2 2 2 2 2 2 2 2 1 1 2 2 1 2 2 2 2 2 1 2 2 2 2 2 2 2 1 2 1 2 2 1 1 2 1 2 2 1 2 0 2 1 1 2 2 2 2 2 2 2 2 2 2 2 2 2 1 2 2 2 2 2 1 2 1 2 2 2 2 1 2 2 2 2 2 2 2 2 2 1 2 2 2 2 2 2 1 2 2 2 2 2 1 2 2 2 2 2 1 2 2 2 1 2 2 1 2 2 2 2 2 2 1 1 2 2 2 2 2 2 2 2 2 2 2 2 2 2 2 2 2 2 2 2 2 1 2 2 2 2 2 2 2 1 2 2 2 2 2 2 2 1 2 2 2 2 2 2 2 1 2 2 1 2 2 2 2 1 2 2 2 1 2 1 1 2 2 2 2 2 2 2 2 2 2 2 2 2 2 1 1 2 2 1 2 2 2 1 2 2 2 2 2 2 2 2 1 2 2 2 1 2 2 2 1 2 2 1 2 2
814 2 2 2 2 2 0 2 2 2 2 2 2 2 2 2 2 2 2 2 2 2 2 2 2 2 2 2 2 2 2 2 2 2 2 2 2 2 2 2 2 2 2 2 2 2 2 2 2 2 2 2 2 2 2 2 2 2 2 2 2 2 2 2 2 2 2 2 2 2 2 2 2 2 2 2 2 2 2 2 2 2 2 2 2 2 2 2 2 2 2 2 2 2 2 2 2 2 2 2 2 2 2 2 2 2 2 2 2 0 2 2 2 2 2 2 2 0 2 2 2 2 2 2 2 2 2 2 0 2 2 2 2 2 2 2 2 2 2 2 2 2 2 2 0 2 0 2 2 1 2 2 2 2 2 2 2 2 2 0 2 2 0 2 2 2 2 0 2 2 2 0 2 2 2 0 2 2 2 2 2 2 2 2 2 2 2 2 2 2 2 2 2 2 2 2 2 2 2 0 2 2 2 0 2 2 2 2 1 2 2 2 2 2 2 2 2 0 2 2 2 2 2 2 2 0 2 2 2 2 2 2 2 2 2 2 2 2 2 2 0 0 2 2 2 2
815 0 2 2 2 2 2 2 2 2 2 2 2 2 0 2 2 2 2 2 2 2 2 2 0 2 2 2 2 2 2 0 2 2 2 2 2 2 2 2 2 2 0 2 2 2 2 2 0 2 2 2 2 2 2 2 2 2 2 2 2 2 0 2 2 2 2 2 2 2 2 2 2 2 2 2 2 2 2 2 0 2 2 2 2 2 2 2 2 2 2 2 2 2 2 2 2 0 2 2 2 2 2 2 2 2 0 2 2 2 2 2 2 2 0 2 2 2 2 2 2 2 2 2 2 2 2 2 2 2 2 2 2 0 2 0 0 2 2 2 2 0 2 2 2 2 2 2 0 2 2 2 2 2 2 2 2 2 2 2 2 2 2 2 2 2 0 2 2 2 2 2 2 2 2 2 2 2 2 2 0 0 0 2 2 2 2 2 2 2 0 1 0 2 0 2 2 2 2 2 2 0 2 2 2 0 2 2 2 2 2 2 2 2 2 2 2 2 2 2 2 2 2 2 2 2 2 0 2 2 2 2 2 0 2 2 2 0 0 2 2 2 2 2 2 2
816 2 2 2 2 2 0 2 2 2 2 2 2 2 2 2 2 2 2 2 2 2 2 2 2 2 2 2 2 2 2 2 2 2 2 2 2 2 2 2 2 2 2 2 2 2 2 2 2 2 2 2 2 2 2 2 2 2 2 2 2 2 2 2 2 2 2 2 2 2 2 2 2 2 2 2 2 2 2 2 2 2 2 2 2 2 2 2 2 2 2 2 2 2 2 2 2 2 2 2 2 2 2 2 2 2 2 2 2 0 2 2 2 2 2 2 2 0 2 2 2 2 2 2 2 0 2 2 0 2 2 2 2 2 2 2 2 2 2 2 2 2 2 2 0 2 0 2 2 1 2 2 2 2 2 2 2 2 2 0 2 2 0 2 2 2 2 0 2 2 2 0 2 2 2 0 2 2 2 2 2 2 2 2 2 2 2 2 2 2 2 2 2 2 2 2 2 2 2 0 2 2 2 0 2 2 2 2 1 2 2 2 2 2 2 2 2 0 2 2 2 2 2 2 2 0 2 2 2 2 2 2 2 2 2 2 2 2 2 2 0 0 2 2 2 2
817 0 2 0 0 2 0 0 0 0 0 2 2 2 0 0 2 0 0 0 0 0 0 2 0 2 0 0 0 0 0 0 0 2 0 2 0 2 2 2 0 2 2 0 0 0 0 0 0 0 0 2 0 0 0 2 2 2 2 0 0 2 0 2 0 0 2 2 2 0 2 0 0 0 0 0 0 0 2 0 0 0 2 2 0 0 0 0 2 0 2 0 2 0 2 0 2 0 0 0 0 0 0 2 0 0 2 0 2 0 2 2 0 0 0 0 0 0 2 2 2 0 2 0 0 0 0 2 0 0 2 2 0 0 2 0 0 0 2 2 0 0 0 0 0 2 0 0 0 0 0 0 2 0 0 2 2 2 0 0 0 0 0 0 0 0 0 0 0 0 0 0 2 0 0 0 0 2 0 0 0 0 2 2 0 0 2 2 0 2 0 0 0 2 2 0 0 0 2 0 0 0 0 0 0 0 0 0 0 0 0 2 2 0 2 0 2 0 0 0 0 2 0 2 2 0 2 0 0 0 0 0 0 0 2 2 0 0 0 2 0 0 0 2 0 0
818 2 0 0 0 2 2 0 2 0 2 0 2 2 0 2 0 0 0 2 0 2 0 0 0 0 0 0 0 0 2 0 0 0 2 0 1 2 2 2 0 0 0 2 2 2 0 2 2 0 0 0 2 2 0 0 0 2 2 0 0 0 0 2 2 2 2 2 0 0 0 2 2 0 2 0 2 0 2 0 2 2 0 0 0 0 0 0 0 2 0 0 2 0 0 2 0 0 0 2 0 0 0 0 0 2 2 0 0 0 2 2 2 2 0 2 2 2 0 0 0 0 0 2 2 2 0 0 2 0 0 2 0 0 0 2 0 0 0 0 0 2 0 0 2 2 2 2 2 2 2 0 2 2 0 0 2 0 0 2 2 2 2 0 2 0 0 2 2 2 2 2 0 0 2 2 0 0 0 2 0 0 2 2 0 2 0 0 0 2 0 0 0 0 0 0 0 2 0 2 2 2 0 2 0 2 1 0 2 2 0 2 0 0 2 2 0 2 1 0 2 0 0 0 0 2 0 0 2 0 2 2 0 0 2 0 2 2 0 0 2 2 2 2 2 0
819 2 0 0 0 2 2 0 2 0 2 0 2 2 0 2 0 0 0 2 0 2 0 0 0 0 0 0 0 0 2 0 0 2 2 0 1 2 2 2 0 0 0 2 2 2 0 2 2 0 0 0 2 2 0 0 0 2 2 0 0 0 0 2 2 2 2 2 0 0 2 2 2 0 2 0 2 0 2 0 2 2 0 0 0 0 0 0 0 2 0 0 2 0 0 2 2 0 0 2 0 0 0 0 0 2 2 0 0 0 2 2 2 2 0 2 2 2 0 0 2 2 0 2 2 2 0 0 2 2 0 2 0 0 2 2 0 0 0 0 0 2 0 0 2 2 2 2 2 2 2 0 2 2 2 2 2 0 0 2 2 2 2 0 2 0 0 2 2 2 2 2 0 0 2 2 2 0 2 2 0 0 2 2 0 2 0 0 0 2 0 1 0 0 0 2 0 2 0 2 2 2 0 2 0 2 1 0 2 2 0 2 0 0 2 2 0 2 1 2 2 0 0 0 0 2 0 0 2 0 2 2 0 0 2 0 2 2 0 0 2 2 2 2 2 0
820 2 2 2 2 2 2 2 0 2 2 2 2 2 2 2 2 2 2 2 2 2 2 2 2 2 2 2 2 2 2 2 2 2 0 2 1 2 2 0 0 2 2 2 0 2 2 0 2 2 0 0 0 0 2 2 2 0 2 2 2 2 2 0 2 0 2 2 2 2 2 0 2 2 0 2 2 2 2 2 2 0 2 2 2 2 2 2 2 0 2 2 0 2 2 0 2 2 2 0 2 2 2 2 2 0 2 2 2 2 2 2 2 0 2 2 2 2 2 2 2 2 2 2 0 2 2 2 2 2 2 2 2 2 2 2 2 2 2 2 2 2 2 2 2 0 2 0 2 1 0 2 0 0 2 2 0 2 2 2 2 0 2 2 0 2 2 2 1 0 2 2 2 2 0 2 2 2 2 2 2 2 2 0 2 0 2 2 2 2 2 2 2 2 2 2 2 2 2 2 0 2 2 2 2 2 1 2 1 0 2 0 2 2 0 0 2 2 1 2 2 2 2 2 2 2 2 2 0 2 0 0 2 2 0 2 0 2 2 2 2 2 0 0 0 2
821 0 0 0 0 2 0 2 2 2 2 2 2 2 2 0 0 0 2 0 2 2 2 0 2 0 0 0 2 2 0 0 2 2 0 0 0 2 2 2 0 0 2 2 2 2 0 0 0 0 0 0 2 0 2 0 0 0 2 0 0 2 2 0 0 2 2 2 2 2 2 0 0 2 0 0 0 0 2 2 2 0 2 0 2 2 0 0 0 0 0 0 2 2 0 2 2 0 0 0 0 0 0 0 2 0 2 0 2 2 2 2 0 2 2 2 0 0 2 2 2 0 2 0 2 2 2 0 0 0 0 0 0 0 2 2 0 0 2 2 0 0 0 0 0 0 0 2 2 0 2 2 2 2 0 2 1 0 0 0 2 2 0 0 2 0 0 0 0 0 2 0 0 0 2 0 2 2 0 2 2 0 2 2 0 2 0 2 0 0 2 2 0 0 0 0 0 0 2 0 2 2 0 2 2 2 1 0 0 0 0 2 2 0 0 2 2 2 1 0 0 2 0 2 0 0 0 0 0 0 2 2 0 2 2 2 2 0 2 2 0 0 2 2 2 0
822 2 2 2 2 2 2 2 2 2 2 2 2 2 2 2 2 0 2 2 2 2 2 0 2 2 2 0 2 2 2 2 2 2 2 0 1 2 2 2 2 2 2 2 2 2 2 2 2 2 2 2 2 0 2 0 0 2 2 2 2 2 2 2 2 2 2 2 2 2 2 2 2 2 0 0 2 2 2 0 2 2 2 0 2 2 0 2 2 2 0 0 2 2 0 2 2 0 2 2 2 0 2 2 2 2 2 0 2 2 2 2 2 2 2 2 2 2 2 2 2 2 2 2 2 2 2 2 2 0 2 2 0 2 2 2 2 2 2 2 0 2 0 0 2 2 2 2 2 2 2 2 2 2 0 2 2 0 2 2 2 2 2 2 2 0 2 2 2 2 2 2 0 0 2 2 2 2 0 2 2 2 2 2 0 2 2 2 2 0 2 2 2 2 0 0 0 0 2 2 2 2 0 2 2 2 1 0 2 2 0 2 2 2 2 2 2 2 2 0 2 2 2 2 0 2 0 2 2 0 2 2 2 2 2 2 2 2 2 2 2 2 2 2 2 0
823 2 2 2 2 2 2 0 2 2 0 2 2 2 2 2 2 2 2 2 2 2 2 2 2 2 2 2 2 2 2 2 2 2 2 2 2 2 0 2 2 2 2 2 2 0 2 2 2 2 2 2 2 2 2 2 2 2 0 2 2 2 2 2 2 2 2 0 2 2 2 2 2 2 2 2 2 2 2 2 2 2 2 2 2 0 2 2 2 2 2 2 2 0 2 2 2 2 2 2 2 2 2 2 2 2 2 2 2 2 0 2 2 2 2 2 2 2 2 0 2 2 2 2 2 0 0 2 2 2 2 2 2 2 2 2 2 2 2 2 2 2 2 2 2 2 2 2 2 2 2 0 2 2 2 2 2 2 2 2 2 2 2 2 2 2 2 2 2 2 2 2 2 2 2 2 2 2 2 2 2 2 2 2 2 2 2 0 2 2 2 2 2 2 2 2 2 2 0 2 2 2 2 0 0 2 2 2 2 2 2 2 0 2 2 0 2 0 2 2 2 2 2 2 2 2 2 2 2 2 2 2 2 2 2 0 2 2 2 0 2 2 2 2 2 2
824 2 2 2 2 2 0 2 2 2 2 2 2 2 2 2 2 2 2 2 0 2 2 0 2 2 2 2 2 2 2 2 2 2 2 2 2 2 2 0 2 2 2 2 2 2 2 2 2 2 2 2 2 2 2 0 0 2 2 2 2 2 2 2 2 2 2 2 2 2 2 2 2 2 2 2 2 2 2 2 2 2 2 0 2 2 2 2 2 2 2 2 0 2 2 2 2 2 2 2 2 2 2 2 2 2 2 2 2 2 2 2 2 2 2 2 2 0 2 2 2 2 2 2 2 2 2 2 0 2 2 2 0 2 2 2 0 2 2 2 2 2 2 2 0 2 0 2 2 1 2 2 2 2 2 2 2 0 2 0 2 2 0 2 2 2 0 0 2 2 2 0 2 2 2 0 2 2 2 2 2 2 2 2 2 2 2 2 2 2 2 2 2 2 0 2 2 2 2 0 2 2 2 2 2 2 2 2 1 2 0 2 2 2 2 2 2 2 2 2 2 2 2 2 2 0 0 2 2 0 2 2 2 2 2 2 2 2 2 2 0 0 2 2 2 2
825 2 2 2 2 0 0 0 0 2 0 0 0 0 2 0 0 0 2 2 0 0 2 0 2 2 0 0 2 2 2 2 2 2 0 0 0 0 0 0 0 0 2 0 0 0 2 0 2 2 0 0 0 0 2 0 0 0 0 2 0 0 2 0 0 0 0 0 0 2 2 0 0 0 0 0 2 2 0 2 2 0 2 0 0 0 0 2 2 0 0 0 0 0 0 0 2 0 0 0 2 0 0 2 0 0 0 0 0 2 0 0 0 0 2 0 2 0 0 0 2 2 0 0 0 0 0 0 0 2 0 0 0 0 2 2 0 2 0 0 0 2 0 0 0 0 0 0 0 0 0 0 0 0 0 2 0 0 2 0 2 0 0 2 0 0 0 0 0 0 2 0 0 0 0 0 2 0 0 2 2 0 0 0 0 0 2 0 2 2 2 2 0 2 0 0 0 0 0 0 0 2 0 0 0 2 0 0 0 0 0 0 0 2 0 0 0 0 0 0 0 0 0 0 2 0 0 0 0 0 2 0 0 2 0 0 0 0 2 0 0 0 0 0 0 0
826 2 2 2 0 2 2 2 2 2 2 2 0 2 2 2 2 2 2 2 2 2 0 2 2 2 2 2 0 2 2 2 0 2 2 2 2 2 2 2 2 2 2 2 2 2 2 2 2 2 2 2 2 2 2 2 2 2 2 2 2 0 0 2 2 2 2 2 2 2 2 2 2 2 2 2 2 2 0 2 2 2 2 2 2 2 2 2 2 2 2 2 2 2 2 2 2 2 0 2 2 2 2 2 2 2 2 2 2 2 2 2 2 2 0 2 2 2 2 2 2 2 2 2 2 2 2 2 2 2 2 2 2 2 2 2 2 2 2 2 2 2 2 2 2 2 2 2 2 2 2 2 2 2 2 2 2 2 2 2 2 2 2 2 2 2 2 2 2 2 2 2 2 2 2 2 2 2 2 2 0 2 2 2 2 2 2 2 2 2 0 1 2 2 2 2 2 2 2 2 2 2 2 2 2 2 2 2 2 2 2 2 2 2 2 2 2 2 2 2 2 2 2 2 2 2 2 2 2 2 2 2 2 0 2 2 2 2 0 2 2 2 2 2 2 2
827 2 2 2 2 2 2 2 2 2 2 2 2 2 2 2 2 2 2 2 2 2 2 2 2 2 2 2 2 2 2 2 2 2 2 2 2 2 2 2 2 2 2 2 0 2 2 2 2 2 2 2 2 0 2 2 2 2 2 2 2 2 2 2 2 2 2 2 2 2 2 2 2 2 0 2 2 2 2 2 2 2 2 2 2 2 2 2 2 2 2 2 2 2 2 2 2 2 2 2 2 2 2 2 2 2 2 2 2 2 2 2 2 2 2 2 2 2 2 2 2 2 2 2 0 2 2 2 0 2 2 2 2 2 2 0 2 2 2 2 2 2 2 2 2 2 2 2 2 2 2 2 0 2 0 2 2 2 2 2 2 2 2 2 2 2 2 2 2 2 2 2 2 2 2 2 2 2 0 2 2 2 2 0 2 2 0 2 2 0 2 2 2 2 0 2 2 2 2 2 2 2 2 2 2 0 2 2 2 2 2 2 2 2 2 2 2 2 2 2 2 2 2 2 2 2 2 2 0 2 2 2 2 2 2 2 2 0 2 2 2 2 2 0 2 2
828 0 2 0 0 0 2 2 0 0 0 0 0 0 0 2 2 0 0 0 0 0 0 2 0 0 2 0 0 0 0 0 0 0 2 2 0 0 0 0 0 0 2 0 0 0 0 0 0 0 0 0 0 0 0 2 2 0 0 0 0 0 0 2 2 0 0 0 0 0 0 0 0 0 0 0 0 0 0 2 0 0 0 0 0 0 0 0 2 0 2 0 0 2 2 0 0 2 0 0 0 0 0 2 0 0 0 0 0 2 0 0 0 0 0 0 0 2 0 2 0 0 0 0 0 0 2 2 0 0 2 0 0 2 0 0 0 2 2 0 0 0 0 0 2 0 2 0 0 1 0 2 0 0 0 2 0 2 2 2 0 0 2 0 2 0 0 2 1 0 0 0 2 0 0 2 2 0 0 0 0 2 0 0 0 0 0 2 0 0 0 0 2 2 0 2 0 2 2 2 0 0 0 2 2 0 1 0 1 0 0 0 2 0 0 2 0 2 1 2 2 0 2 0 0 2 0 2 0 0 0 0 0 0 0 2 0 0 0 2 2 2 2 0 2 0
829 2 2 2 2 2 0 2 2 2 2 2 2 2 2 0 2 2 2 2 2 2 2 2 2 0 2 2 2 2 2 2 2 2 2 0 2 2 2 2 2 2 2 2 2 2 2 2 2 2 2 2 2 2 2 2 2 2 2 2 2 2 2 2 2 2 2 2 2 2 2 2 2 2 2 2 2 2 2 2 2 0 2 2 2 2 2 2 2 2 0 2 2 2 2 2 2 2 2 2 2 2 2 2 2 2 2 2 2 2 2 2 2 2 2 2 2 0 2 2 2 2 2 2 2 2 2 2 2 2 2 2 2 2 2 2 0 2 2 2 2 2 2 2 0 2 2 2 0 1 2 2 2 2 2 2 2 2 2 0 2 2 2 0 2 2 0 0 2 2 2 2 2 2 2 0 2 2 2 2 2 2 2 2 2 2 2 2 2 2 2 2 2 2 2 2 2 2 2 2 2 2 2 2 2 2 2 2 2 2 2 2 2 2 2 2 2 2 2 2 2 2 2 2 2 2 2 2 2 2 2 2 2 2 2 2 2 2 2 2 2 0 2 2 2 2
830 0 0 0 0 0 0 0 0 0 0 0 0 0 0 0 0 0 0 0 0 0 0 0 0 0 0 0 0 0 0 0 0 2 0 0 0 0 0 0 0 0 0 0 0 0 0 0 0 0 0 0 0 0 0 0 0 0 0 0 0 0 0 0 2 0 0 0 0 0 2 0 0 0 0 0 0 0 0 0 0 0 0 2 0 2 0 0 0 0 0 0 0 0 0 0 2 0 0 0 0 0 0 0 0 0 0 0 0 2 0 0 0 2 0 0 0 0 0 2 2 0 0 0 0 0 0 0 0 2 0 0 0 0 2 0 0 0 0 0 0 0 0 0 0 0 2 0 0 0 0 0 0 0 0 2 0 0 0 0 0 0 0 0 0 0 0 0 1 0 0 0 0 0 0 0 2 0 0 0 0 0 0 0 0 0 0 0 0 0 0 1 0 0 0 0 0 0 0 2 0 0 0 2 2 0 1 0 2 0 0 0 0 0 0 2 0 2 1 0 2 0 0 0 0 0 2 0 0 2 0 0 0 0 0 0 0 0 0 2 2 0 0 2 0 0
831 2 2 2 2 2 2 2 2 2 2 2 2 2 2 2 2 2 2 2 2 2 2 2 2 2 2 2 2 2 2 2 2 0 2 2 2 2 2 2 2 2 2 2 2 2 2 2 2 2 2 2 2 2 1 2 2 2 2 2 2 2 2 0 2 2 2 2 2 2 0 2 2 2 2 2 2 2 2 2 2 2 2 0 2 1 2 2 0 2 2 2 2 2 0 2 0 2 2 2 2 1 2 2 2 2 2 2 2 2 2 2 2 2 1 2 2 2 2 0 1 2 2 2 2 2 2 2 2 2 2 2 2 2 0 2 2 2 2 2 2 2 2 2 2 2 2 2 2 2 2 2 2 2 2 0 2 2 1 2 2 2 2 2 2 2 2 2 2 2 2 2 2 2 2 2 0 2 2 2 2 2 2 2 2 2 2 2 2 2 2 1 2 0 2 2 2 1 2 0 2 2 2 2 0 2 2 0 2 2 2 2 2 2 2 0 2 2 2 2 2 2 2 2 2 2 0 2 2 0 2 2 2 2 2 2 2 2 2 0 0 2 2 2 2 2
832 2 2 2 2 2 2 2 2 2 2 2 2 2 2 2 2 0 2 2 2 2 2 2 2 2 2 0 2 2 2 2 2 2 2 2 1 2 2 2 2 2 2 2 2 2 2 2 2 2 2 2 2 2 2 2 2 2 2 2 2 2 2 2 2 2 2 2 2 2 2 2 2 2 2 0 2 2 2 2 2 2 2 2 2 2 0 2 2 2 2 0 2 2 2 2 2 2 2 2 2 2 2 2 2 2 2 0 2 2 2 2 2 2 2 2 2 2 2 2 2 2 2 2 2 2 2 2 2 2 2 2 2 2 2 2 2 2 2 2 0 2 0 0 2 2 2 2 2 2 2 2 2 2 2 2 2 2 2 2 2 2 2 2 2 0 2 2 2 2 2 2 2 0 2 2 2 2 2 2 2 2 2 2 0 2 2 2 2 2 2 2 2 2 2 2 2 2 2 2 2 2 0 2 2 2 2 2 2 2 2 2 2 2 2 2 2 2 2 2 2 2 2 2 2 2 2 2 2 2 2 2 2 2 2 2 2 2 2 2 2 2 2 2 2 0
833 0 0 0 2 0 0 0 2 2 0 0 0 0 0 2 0 0 0 0 0 2 2 2 0 2 0 0 2 0 0 0 2 0 2 0 0 0 0 0 2 0 0 0 2 0 0 2 0 0 2 0 2 2 0 2 2 0 0 0 2 0 2 0 2 2 0 0 0 2 0 2 2 2 2 0 0 0 0 0 2 0 2 0 2 0 0 0 0 0 0 0 0 2 0 2 0 0 0 2 0 0 0 0 2 2 0 0 0 0 0 0 0 0 2 0 0 0 2 0 0 2 0 0 2 2 0 0 0 2 0 2 2 0 0 0 0 0 0 2 0 0 0 0 0 2 0 2 2 1 2 2 2 2 0 0 2 0 0 0 0 2 0 0 0 0 2 0 2 2 0 0 0 0 2 0 0 2 0 0 2 0 0 2 0 2 0 2 0 0 2 1 0 0 0 0 0 0 0 0 2 2 0 0 0 0 1 0 0 2 0 2 2 0 2 0 2 0 1 0 2 0 0 0 2 0 0 0 0 0 2 0 0 2 0 2 2 0 2 0 0 0 0 0 2 0
834 2 2 2 2 2 0 2 2 2 2 2 0 2 2 2 2 2 2 2 2 2 2 2 2 2 2 2 2 2 2 2 2 2 2 0 2 2 2 2 2 2 2 2 2 0 2 2 2 2 2 0 2 2 2 2 2 2 2 2 2 0 2 2 2 2 2 2 2 2 2 2 2 2 2 2 2 2 0 2 2 2 2 2 2 2 2 2 2 2 0 2 2 2 2 2 2 2 2 2 2 2 2 2 2 2 2 2 2 2 2 2 2 2 2 2 2 0 2 2 2 2 2 2 2 2 2 2 2 2 2 2 2 2 2 2 2 0 2 2 2 2 2 2 0 2 2 2 2 1 2 2 2 2 2 2 2 2 2 0 2 2 2 0 2 2 2 2 2 2 2 2 2 2 2 2 2 2 2 2 2 2 2 2 2 2 2 2 2 2 2 2 2 2 2 2 2 2 2 2 2 2 2 2 2 2 2 2 2 2 2 2 2 2 2 2 2 2 2 0 2 2 2 2 2 2 2 2 2 0 2 2 2 2 2 2 2 2 2 2 2 0 2 2 2 2
835 2 2 2 0 2 2 2 0 0 2 2 2 2 2 2 2 0 2 2 2 2 0 0 2 0 2 0 0 2 2 2 0 2 0 2 1 2 2 2 0 2 2 2 0 2 2 0 2 2 0 2 0 0 0 0 0 2 2 2 0 2 0 2 2 0 2 2 2 0 2 0 0 0 0 0 2 2 2 0 2 2 0 2 0 2 0 2 2 0 2 2 2 0 2 0 2 2 2 0 2 2 2 2 2 0 2 0 2 2 2 2 0 2 0 2 2 2 0 2 2 0 2 2 0 0 2 2 2 0 2 0 0 2 2 2 0 2 2 0 0 2 2 0 2 0 2 0 0 1 0 0 0 0 2 2 0 2 2 2 2 0 2 2 2 0 0 2 1 0 2 2 2 0 0 2 2 0 2 2 0 2 2 2 0 0 2 0 2 2 0 1 2 2 0 2 2 2 2 2 0 2 0 2 2 2 2 2 2 0 2 0 0 2 0 2 0 2 1 2 2 0 0 2 0 2 2 2 2 2 0 2 2 0 2 0 0 2 0 2 2 2 2 2 0 0
836 2 0 2 2 2 2 0 2 2 2 2 2 2 2 2 2 2 2 2 2 2 2 2 2 2 2 2 2 2 2 2 2 0 2 2 2 2 2 2 2 2 2 0 2 2 2 2 2 2 2 2 2 2 2 2 2 2 2 2 2 2 2 0 2 2 2 2 2 2 0 2 2 2 2 2 2 2 2 2 2 0 2 0 2 0 2 2 0 2 2 2 2 2 0 2 0 0 2 2 2 0 2 0 2 2 2 2 2 2 2 2 2 2 2 2 2 2 2 0 0 2 2 2 2 2 0 2 2 2 2 2 2 2 0 2 2 2 2 2 2 2 2 2 2 2 2 2 2 2 2 2 2 2 2 0 2 2 0 2 2 2 2 2 2 2 2 0 2 2 2 2 0 2 2 0 0 2 2 2 2 2 2 2 2 2 2 2 2 2 2 1 2 0 2 2 2 0 2 0 2 2 2 2 0 2 2 0 1 2 2 2 2 2 2 0 2 2 2 2 2 2 2 2 2 2 0 2 2 2 2 2 2 2 2 2 2 2 2 0 0 2 2 0 2 2
837 2 2 2 2 2 2 2 2 2 2 2 2 2 2 2 2 0 2 2 2 2 2 2 2 2 2 0 2 2 2 2 2 2 2 2 2 2 2 2 2 2 2 2 2 2 2 2 2 2 2 2 2 2 2 2 2 2 2 2 2 2 2 2 2 2 2 2 2 2 2 2 2 2 2 0 2 2 2 2 2 2 2 2 2 2 0 2 2 2 2 2 2 2 2 2 2 2 2 2 2 2 2 2 2 2 2 0 2 2 2 2 2 2 2 2 2 2 2 2 2 2 2 2 2 2 2 2 2 2 2 2 2 2 2 2 0 2 2 2 0 2 2 0 2 2 2 2 2 2 2 2 2 2 2 2 2 2 2 2 2 2 2 2 2 0 2 2 2 2 2 2 2 0 2 2 2 2 2 2 2 2 2 2 0 2 2 2 2 2 2 2 2 2 0 2 2 2 2 2 2 2 0 2 2 2 2 2 2 2 2 2 2 2 2 2 2 2 2 2 2 2 2 2 2 2 2 2 2 2 2 2 2 2 2 2 2 2 2 2 2 2 2 2 2 0
838 2 2 2 2 2 0 2 2 2 2 2 2 2 2 2 2 2 2 2 2 2 2 2 2 2 2 2 2 2 2 2 2 2 2 0 2 2 2 2 2 2 2 2 2 0 2 2 2 2 2 0 2 2 2 2 2 2 2 2 2 0 2 2 2 2 2 2 2 2 2 2 2 2 2 2 2 2 2 2 2 2 2 2 2 2 2 2 2 2 0 2 2 2 2 2 2 2 2 2 2 2 2 2 2 2 2 2 2 2 2 2 2 2 2 2 2 0 2 2 2 2 2 2 2 2 2 2 2 2 2 2 2 2 2 2 2 0 2 2 2 2 2 2 0 2 2 2 2 1 2 2 2 2 2 2 2 2 2 0 2 2 2 0 2 2 2 2 2 2 2 2 2 2 2 2 2 2 2 2 2 2 2 2 2 2 2 2 2 2 2 2 2 2 2 2 2 2 2 2 2 2 2 2 2 2 2 2 2 2 2 2 2 2 2 2 2 2 2 0 2 2 2 2 2 2 2 2 2 0 2 2 2 2 2 2 2 2 2 2 2 0 2 2 2 2
839 2 2 0 2 2 2 2 2 2 2 2 2 2 2 2 2 2 0 2 2 2 2 2 2 2 2 2 2 0 2 2 2 2 2 2 2 2 2 0 2 2 2 2 2 2 0 2 2 0 2 2 2 2 2 2 2 2 2 0 2 2 2 2 2 2 2 2 2 2 2 2 2 2 2 2 2 0 2 2 2 2 2 2 2 2 2 0 2 2 2 2 0 2 2 2 2 2 2 2 0 2 2 2 2 2 2 2 2 2 2 2 2 2 2 0 0 2 2 2 2 2 0 0 2 2 2 2 2 2 2 2 2 2 2 2 2 2 2 2 2 2 2 2 2 2 2 2 2 2 2 2 2 2 2 2 2 2 2 2 2 2 2 2 2 2 2 2 2 2 2 2 2 2 2 2 2 2 2 2 2 2 2 2 2 2 2 2 2 2 2 2 2 2 2 2 2 2 2 2 2 2 2 2 2 2 2 2 2 2 2 2 2 0 2 2 2 2 2 2 2 2 2 2 2 2 2 2 2 2 2 2 2 2 2 2 2 2 2 2 2 2 2 2 2 2
840 2 2 2 2 2 2 2 0 2 2 2 2 2 2 2 2 2 2 2 2 2 2 2 2 2 2 2 2 2 2 2 2 2 2 2 2 2 2 2 2 2 2 2 2 2 2 0 2 2 2 2 0 0 2 2 2 2 2 2 2 2 2 2 2 2 2 2 2 0 2 0 0 2 0 2 2 2 2 2 2 2 2 2 2 2 2 2 2 2 2 2 2 2 2 0 2 2 2 0 2 2 2 2 2 0 2 2 2 2 2 2 2 2 2 2 2 2 2 2 2 0 2 2 2 2 2 2 2 0 2 2 2 2 2 2 2 2 2 2 2 2 2 2 2 2 2 0 0 1 2 2 0 0 2 2 2 2 2 2 2 0 2 2 2 2 0 2 1 2 2 2 2 2 0 2 2 2 2 2 2 2 2 0 2 0 2 2 2 2 2 2 2 2 2 2 2 2 2 2 0 2 2 2 2 2 2 2 2 0 2 0 2 2 2 2 2 2 2 2 2 2 2 2 2 2 2 2 2 2 0 2 2 2 2 2 0 2 2 2 2 2 2 2 0 2
841 2 2 0 2 2 2 2 2 0 2 2 2 2 2 2 2 2 0 2 2 2 0 2 2 2 2 2 0 0 2 2 0 2 2 2 2 2 2 0 0 2 2 2 2 2 0 2 2 0 0 2 2 2 2 2 2 2 2 0 2 2 2 2 2 2 2 2 2 2 2 2 2 2 2 2 2 0 2 2 2 2 2 2 2 2 2 0 2 2 2 0 0 2 2 2 2 2 0 2 0 2 2 2 0 2 2 2 2 2 2 2 0 2 2 2 0 2 2 2 2 2 0 0 2 2 2 2 2 2 2 2 2 2 2 2 2 2 2 2 2 2 0 2 2 2 2 2 2 2 0 2 2 2 2 2 2 2 2 2 2 2 2 2 2 2 2 2 2 2 2 2 2 2 2 2 2 0 2 2 2 2 2 2 2 2 2 2 2 2 2 2 2 2 2 2 0 2 2 2 2 2 2 2 2 2 2 2 2 2 2 2 2 0 2 2 0 2 2 0 2 2 2 2 2 2 2 2 2 0 2 2 2 2 2 2 2 2 2 2 2 2 2 2 2 2
842 2 2 0 2 2 2 2 2 0 2 2 2 2 2 2 2 2 0 2 2 2 2 2 2 2 2 2 2 0 2 2 2 2 2 2 2 2 2 0 2 2 2 2 2 2 0 2 2 0 2 2 2 2 2 2 2 2 2 0 2 2 2 2 2 2 2 2 2 2 2 2 2 2 2 2 2 0 2 2 2 2 2 2 2 2 2 0 2 2 2 2 0 2 2 2 2 2 2 2 0 2 2 2 2 2 2 2 2 2 2 2 2 2 2 2 0 2 2 2 2 2 0 0 2 2 2 2 2 2 2 2 2 2 2 2 2 2 2 2 2 2 2 2 2 2 2 2 2 2 2 2 2 2 2 2 2 2 2 2 2 2 2 2 2 2 2 2 2 2 2 2 2 2 2 2 2 2 2 2 2 2 2 2 2 2 2 2 2 2 2 2 2 2 2 2 2 2 2 2 2 2 2 2 2 2 2 2 2 2 2 2 2 0 2 2 2 2 2 2 2 2 2 2 2 2 2 2 2 2 2 2 2 2 2 2 2 2 2 2 2 2 2 2 2 2
843 2 2 2 2 2 2 2 0 2 2 0 2 2 0 2 2 0 2 2 2 2 2 2 0 2 2 0 2 2 2 2 2 2 0 0 0 2 2 2 2 2 2 2 0 2 2 0 2 2 2 0 0 0 0 2 2 2 2 2 2 0 2 2 2 2 2 2 2 2 2 0 2 2 0 0 2 2 2 2 2 2 2 2 2 2 2 2 2 0 0 2 2 2 2 0 2 2 0 0 2 2 2 2 2 0 2 2 2 2 2 2 2 2 2 2 2 2 2 2 2 0 2 2 0 2 2 0 2 0 2 2 2 0 2 2 2 2 2 2 0 2 2 2 2 0 0 0 0 1 2 2 0 0 2 2 0 0 2 2 0 0 0 2 0 0 0 0 1 2 0 0 0 2 0 0 2 2 2 0 2 0 2 0 0 0 2 2 2 2 2 2 0 2 2 0 2 2 0 2 0 2 0 2 2 2 1 2 1 0 2 0 2 2 0 2 2 2 1 2 2 2 2 2 2 0 2 0 2 2 0 0 2 2 2 2 0 2 2 2 2 2 2 2 0 2
844 2 2 2 0 2 2 2 0 2 2 0 0 2 0 2 2 0 2 2 0 2 0 2 0 2 2 0 0 2 2 0 0 2 0 0 0 2 2 2 0 0 2 2 0 0 2 0 2 2 0 0 0 0 0 2 2 2 2 2 2 0 0 2 2 0 2 2 0 2 2 0 2 2 0 0 2 2 0 2 0 2 0 2 2 2 2 2 2 0 0 2 2 2 2 0 2 0 0 0 2 2 2 2 0 0 2 2 2 2 2 2 0 2 0 0 2 2 0 2 2 0 2 0 0 2 2 0 2 0 2 2 2 0 2 0 2 2 2 0 0 2 2 2 2 0 0 0 0 1 0 2 0 0 2 2 0 0 2 2 0 0 0 2 0 0 0 0 1 0 0 0 0 2 0 0 0 2 2 0 0 0 0 0 0 0 2 2 2 2 0 1 0 2 2 0 2 2 0 2 0 0 0 2 2 0 1 2 1 0 2 0 2 2 0 0 2 2 1 2 2 2 2 0 2 0 2 0 2 2 0 0 2 0 2 2 0 2 0 2 2 2 2 2 0 2
845 2 0 2 2 2 2 0 2 2 2 2 2 2 2 2 2 2 2 2 2 2 2 2 2 2 2 2 2 2 2 2 2 0 2 2 1 2 0 2 2 2 2 0 2 2 2 2 2 2 2 2 2 2 2 2 2 2 0 2 2 2 2 2 2 2 2 0 2 2 0 2 2 2 2 2 2 2 2 2 2 2 2 0 2 0 2 2 0 2 2 2 2 0 0 2 0 2 2 2 2 2 2 0 2 2 2 2 2 0 2 2 2 0 2 2 2 2 2 2 0 2 2 2 2 2 0 2 0 2 2 2 0 2 0 2 2 2 2 2 2 2 2 2 2 2 2 2 2 2 2 0 2 2 2 2 2 0 0 2 2 2 2 2 0 2 2 2 2 2 2 2 2 2 2 2 2 2 2 2 2 2 2 2 2 2 2 0 2 2 2 1 2 0 2 2 2 2 2 0 2 2 2 0 2 2 2 2 1 2 2 2 0 2 2 2 2 0 2 2 2 2 2 2 2 2 0 2 2 2 2 2 2 2 2 0 2 2 2 2 0 2 2 0 2 2
846 2 2 0 0 2 2 2 2 0 2 2 2 2 0 2 2 2 0 2 2 0 2 2 0 2 2 2 2 0 2 2 2 2 2 2 2 2 2 0 2 0 0 2 2 2 0 2 2 0 2 0 2 0 2 2 2 0 2 0 2 0 2 0 0 0 2 2 2 0 2 2 0 2 0 2 2 0 2 2 2 2 2 2 2 2 2 0 2 0 2 2 0 2 2 2 2 2 2 2 0 2 2 2 2 2 2 2 2 2 2 2 2 2 2 2 0 2 0 2 2 0 0 2 2 2 2 0 2 0 2 2 2 2 2 2 2 2 2 2 2 2 2 2 2 2 2 2 2 2 2 2 2 2 2 2 0 2 2 2 0 2 0 2 2 2 2 2 2 0 0 2 2 2 2 2 2 2 2 0 2 2 2 0 2 2 2 2 2 2 2 2 2 2 2 2 2 2 0 2 2 2 2 2 2 2 2 2 2 2 2 2 2 0 2 2 2 2 1 2 2 2 2 2 2 0 2 2 2 2 2 2 2 2 2 2 2 2 2 2 2 2 2 2 2 2
847 2 2 2 2 2 0 2 2 2 2 2 2 2 2 2 2 0 2 2 2 2 2 2 2 2 0 2 2 2 2 2 2 2 2 2 2 2 2 2 2 2 2 2 2 2 2 2 2 2 2 2 2 2 2 2 2 2 2 2 2 2 2 2 2 2 2 2 2 2 2 2 2 2 2 0 2 2 2 2 2 2 2 2 2 2 0 2 2 2 2 2 2 2 2 2 2 2 2 2 2 2 2 2 2 2 2 0 2 2 2 2 2 2 2 2 2 0 2 2 2 2 2 2 2 2 2 2 2 2 2 2 2 0 2 2 0 0 2 2 0 2 0 0 0 2 2 2 2 1 2 2 2 2 2 2 2 0 2 0 2 2 2 0 2 0 2 0 2 2 2 2 0 0 2 0 2 2 2 2 2 0 2 2 2 2 2 2 2 2 2 2 0 2 2 0 2 2 2 2 2 2 0 2 2 2 0 2 2 2 2 2 2 2 2 2 2 2 2 2 2 2 2 2 2 2 2 0 2 2 2 2 2 2 2 2 2 2 2 2 2 0 2 2 2 0
848 0 0 0 0 0 0 0 0 0 0 0 0 0 0 0 0 2 0 0 0 2 0 2 0 0 0 2 0 0 0 2 0 0 0 0 1 0 0 0 0 0 0 0 0 0 0 0 0 0 0 0 0 0 0 2 2 0 0 0 0 0 0 0 2 0 0 0 2 2 0 0 2 0 0 2 0 0 0 0 0 0 2 0 0 2 2 0 0 2 0 0 0 0 0 0 0 0 0 0 0 0 0 0 0 2 0 2 0 0 0 0 0 2 0 0 0 0 0 2 0 0 0 0 0 0 0 0 2 0 0 0 0 0 0 0 0 0 0 2 2 0 0 2 0 0 0 0 0 0 2 0 0 0 0 0 0 0 0 0 0 0 0 0 0 2 0 2 1 0 0 0 2 2 0 2 0 2 0 0 0 0 0 0 2 0 2 0 0 0 0 0 0 0 0 0 0 0 0 0 2 2 2 0 0 0 1 2 0 0 2 0 0 0 0 0 2 0 0 0 2 2 0 2 2 0 0 0 0 2 0 0 0 0 2 0 2 0 0 2 0 0 2 0 0 2
849 0 0 2 0 0 2 0 0 2 0 0 2 0 2 0 0 2 2 0 2 2 0 2 2 0 2 2 0 2 0 2 0 2 0 2 1 0 0 0 0 0 0 0 0 2 2 2 0 2 0 0 2 2 0 2 2 0 0 2 2 0 2 0 2 0 0 0 2 2 0 2 2 2 2 2 0 2 2 0 2 0 2 0 2 2 2 2 0 2 2 2 0 0 0 2 2 0 0 0 2 0 2 0 0 2 0 2 0 0 0 0 0 2 2 0 2 2 0 2 2 0 0 0 0 0 0 0 2 2 0 0 0 2 2 0 0 2 0 2 2 0 2 2 2 0 0 2 2 1 2 0 0 2 2 0 0 0 0 2 2 2 2 2 0 2 2 2 1 0 2 0 2 2 2 2 0 2 2 2 0 2 0 2 2 2 2 0 2 2 2 1 2 0 0 0 2 2 0 0 2 2 2 0 0 0 1 2 0 2 2 0 0 2 0 0 2 0 1 2 2 2 2 2 2 2 0 2 2 2 2 0 2 0 2 0 2 0 0 2 0 2 2 0 2 2
850 0 2 2 2 2 2 2 2 2 0 2 2 2 2 2 2 2 2 0 2 2 2 2 2 2 2 2 2 2 0 2 2 0 2 2 2 2 2 2 2 2 2 2 2 2 2 2 0 2 2 2 2 2 2 2 2 2 2 2 2 2 2 2 2 2 2 2 2 2 2 2 2 2 2 2 0 2 2 2 2 2 2 2 2 2 2 2 2 2 2 2 2 2 2 2 0 2 2 2 2 2 2 2 2 2 2 2 2 2 2 2 0 2 2 2 2 2 2 2 0 2 2 2 2 2 2 2 2 2 2 2 2 2 0 2 2 2 2 2 2 0 2 2 2 2 2 2 2 2 2 2 2 2 2 2 2 2 2 2 2 2 2 2 2 2 2 2 2 2 2 2 2 2 2 2 2 2 2 2 0 2 2 2 2 2 2 2 2 2 2 2 2 2 2 2 2 2 2 2 2 2 2 2 2 2 2 2 2 2 2 2 2 2 2 2 2 2 2 0 2 2 2 2 2 2 2 2 2 2 2 2 2 0 2 2 2 2 0 2 2 2 2 2 2 2
851 0 2 0 2 2 2 0 0 0 0 0 0 2 0 0 0 0 0 0 0 2 0 0 0 2 0 0 0 0 0 0 0 0 0 0 1 2 0 0 0 0 0 0 0 0 0 0 0 0 0 0 0 2 0 0 0 0 0 0 2 0 0 0 2 0 2 0 0 2 0 0 2 0 2 0 0 0 0 0 0 0 0 0 0 0 0 0 0 0 0 0 0 0 0 0 0 2 0 0 0 0 0 2 0 0 0 0 2 0 2 2 0 2 0 0 0 2 0 0 0 0 0 0 0 0 0 0 0 0 0 0 0 0 0 0 0 0 0 0 0 0 0 0 2 0 2 0 0 1 0 0 0 2 0 2 0 0 0 2 0 0 0 0 0 0 0 0 2 0 0 0 0 0 0 0 0 0 0 0 0 0 0 0 0 0 0 0 0 0 0 0 0 0 0 0 0 0 0 0 0 0 0 0 2 0 1 0 0 0 0 0 0 0 0 0 0 0 0 0 2 0 0 0 0 0 0 0 0 0 0 0 0 0 0 0 0 0 0 0 0 2 0 0 0 0
852 1 2 2 2 2 2 2 2 2 2 2 2 2 2 2 2 0 2 0 2 2 2 2 2 2 2 2 2 2 0 2 2 2 2 2 2 2 0 2 2 2 2 2 2 2 2 2 1 2 2 2 2 2 2 2 2 2 0 2 2 2 2 2 2 2 2 0 2 2 2 2 2 2 2 0 0 2 2 2 2 2 2 2 2 1 0 2 2 2 2 2 2 2 2 2 2 2 2 2 2 2 2 2 2 2 2 0 2 2 2 2 2 2 2 2 2 2 2 2 2 2 2 2 2 2 2 2 2 1 2 2 2 2 2 2 2 2 2 2 0 1 2 0 2 2 2 2 2 2 2 2 2 2 2 2 2 2 2 2 2 2 2 2 2 0 2 0 2 2 2 2 2 0 2 1 2 2 2 2 2 2 2 2 2 2 2 2 2 2 2 2 2 2 2 2 2 2 2 2 2 2 0 2 2 2 2 2 2 2 2 2 2 2 2 2 2 2 2 2 2 2 2 2 2 2 2 2 2 2 2 2 2 2 2 2 2 2 2 2 2 2 2 2 2 0
853 0 0 2 2 0 0 0 0 2 0 2 2 0 2 0 0 2 2 0 2 2 2 0 2 0 0 2 2 2 0 2 2 0 2 0 1 0 0 2 2 2 2 2 0 0 2 0 0 2 2 2 0 0 2 0 0 0 0 2 0 2 0 2 2 0 0 0 2 2 0 0 2 2 0 2 0 2 2 0 0 0 2 0 2 0 2 2 0 2 0 2 2 0 0 0 0 0 2 0 2 2 0 0 2 0 2 2 0 0 0 0 2 0 0 2 2 0 2 2 0 0 2 0 0 0 0 2 2 2 0 2 0 0 0 0 2 0 0 2 2 0 2 2 0 0 0 0 2 0 2 0 2 0 2 0 0 2 0 0 2 0 2 0 0 2 2 2 1 2 2 0 0 2 0 2 0 2 2 2 0 0 0 0 2 0 2 0 0 2 0 0 0 0 0 2 2 0 2 0 0 0 2 0 0 0 2 2 0 0 0 2 0 2 0 0 2 0 1 0 2 2 2 2 0 2 0 0 0 0 0 0 0 0 0 0 0 0 0 2 0 0 0 0 2 2
854 2 2 2 0 2 2 2 2 2 2 2 2 2 2 2 2 2 2 2 2 2 2 2 2 2 2 2 2 2 2 2 2 2 2 2 2 2 2 2 2 2 2 2 2 2 2 2 2 2 2 0 2 2 0 2 2 2 2 2 2 0 2 0 2 2 2 2 0 2 2 2 2 2 2 2 2 2 2 2 2 0 0 2 2 2 2 2 2 0 2 2 2 2 2 2 2 2 0 2 2 0 2 2 2 2 2 2 2 2 2 2 2 2 2 2 2 2 0 2 2 2 2 2 2 2 2 0 0 2 2 0 2 0 2 0 2 2 2 0 2 2 2 2 2 2 2 2 0 2 0 2 2 2 2 2 2 0 2 2 2 0 0 2 2 2 0 2 2 2 2 2 2 2 0 2 2 0 2 2 2 0 0 2 2 0 2 2 2 2 2 2 0 2 2 2 2 2 0 2 2 2 2 2 2 0 2 2 2 2 2 2 2 2 2 2 0 2 2 2 2 0 2 0 2 0 2 0 2 2 0 2 2 2 2 2 0 0 2 2 2 2 2 2 0 2
855 2 2 2 2 2 2 2 2 2 2 2 2 2 2 2 2 2 2 2 2 2 2 2 2 2 2 2 2 2 2 2 2 2 2 2 2 2 2 2 2 2 2 2 2 2 2 2 2 2 2 2 2 2 2 2 2 2 2 2 2 2 2 2 2 2 2 2 2 2 2 2 2 2 2 2 2 2 2 2 2 2 2 2 2 2 2 2 2 2 2 2 2 2 2 2 2 2 2 2 2 2 2 2 2 2 2 2 2 2 2 2 2 2 2 2 2 2 2 2 2 2 2 2 2 2 2 2 2 2 2 2 2 0 2 2 2 2 2 2 2 2 2 2 2 2 2 2 0 2 2 2 2 2 2 2 2 0 2 2 2 0 0 2 2 2 0 2 2 2 2 2 2 2 0 2 2 2 2 2 2 0 2 2 2 0 2 2 2 2 2 2 0 2 2 2 2 2 2 2 2 2 2 2 2 2 2 2 2 2 2 2 2 2 2 2 2 2 2 2 2 2 2 2 2 0 2 0 2 2 0 2 2 2 2 2 2 2 2 2 2 2 2 2 2 2
856 0 0 0 0 0 0 0 0 2 0 2 0 0 0 0 0 2 0 0 2 2 2 0 0 0 0 0 2 0 0 2 2 0 0 0 0 0 0 2 0 0 0 0 0 2 0 0 0 0 0 0 0 0 0 0 0 0 0 0 2 0 2 0 2 0 0 0 0 2 0 0 2 0 0 2 0 0 0 0 2 0 0 0 0 0 2 0 0 0 0 0 2 0 0 0 0 0 0 0 0 0 0 0 2 0 2 2 0 0 0 0 0 0 2 2 0 0 0 0 0 0 2 0 0 0 0 0 0 2 0 2 0 0 0 0 0 0 0 0 2 0 0 0 0 0 0 0 2 0 0 0 0 0 0 0 0 0 0 0 0 0 0 0 0 0 2 0 2 0 0 0 0 2 0 0 0 2 0 0 0 0 0 0 0 0 0 0 0 0 2 1 0 0 2 0 0 0 0 0 0 0 2 0 0 0 1 0 0 0 0 0 0 0 0 0 2 0 0 0 2 2 0 0 0 0 0 0 0 0 0 0 0 0 0 0 2 0 0 0 0 0 0 0 0 2
857 2 2 2 2 2 2 0 2 2 2 2 2 2 2 0 2 2 2 2 2 2 2 0 2 0 2 0 2 2 2 2 2 0 2 0 0 2 2 2 2 0 2 2 2 2 2 2 2 2 2 0 2 0 0 0 0 0 2 2 2 0 0 0 2 2 2 2 0 2 2 2 2 2 0 2 2 2 2 0 2 2 2 2 2 2 2 2 2 0 0 2 2 0 0 2 0 2 2 2 2 0 2 2 2 2 0 0 2 2 2 2 0 2 0 2 2 2 0 0 0 0 2 2 2 2 0 2 2 0 2 2 0 2 0 2 0 2 2 2 2 2 2 2 2 2 0 2 2 1 2 0 2 2 2 2 2 2 2 2 2 2 2 2 2 0 0 0 2 2 2 2 0 2 2 0 0 2 2 2 2 2 2 0 0 2 0 2 2 2 0 1 2 2 2 2 2 2 0 2 2 2 2 2 2 2 2 0 2 2 2 2 0 2 2 0 2 2 2 2 2 2 2 0 0 2 2 2 2 0 2 2 2 2 2 0 2 2 2 0 2 2 2 2 0 0
858 2 2 2 2 2 2 2 2 2 0 2 2 2 0 2 2 2 2 2 2 2 2 2 0 0 2 2 2 2 2 0 2 2 0 2 2 2 2 2 0 2 0 2 0 2 2 0 2 2 0 0 2 2 0 2 2 0 2 2 2 0 2 2 2 2 2 2 2 2 2 2 2 0 2 2 2 2 2 2 2 2 2 2 0 0 2 2 2 0 2 2 2 2 2 2 2 2 2 2 2 2 2 2 2 2 2 2 2 2 2 2 2 2 2 0 0 2 2 2 2 2 0 0 0 2 2 2 0 2 2 2 0 2 2 2 2 2 2 0 2 2 2 2 2 0 0 2 2 2 2 2 2 2 2 2 0 2 0 2 0 2 2 2 2 2 2 2 2 0 0 2 2 2 2 2 2 2 2 0 0 2 2 2 2 2 2 2 2 2 2 2 2 2 2 0 2 2 2 2 2 2 2 2 2 2 2 2 2 0 2 2 2 2 0 2 2 2 2 2 2 0 2 2 2 2 2 2 0 2 2 2 2 0 0 2 2 2 0 2 2 2 2 2 2 2
859 0 2 2 0 2 2 2 0 2 0 0 0 2 0 2 2 2 2 0 2 2 0 2 0 0 2 2 0 2 0 0 0 2 0 2 2 2 2 2 0 2 0 2 0 2 2 0 0 2 0 0 2 2 0 2 2 0 2 2 2 0 0 2 2 0 2 2 0 2 0 2 2 0 2 2 0 2 0 2 0 2 0 2 0 0 2 2 2 0 2 2 2 2 2 2 2 2 2 0 2 2 2 2 0 2 2 2 2 2 2 2 2 0 0 0 0 2 0 2 2 2 0 0 0 2 2 2 0 2 2 0 0 2 2 0 2 2 2 0 2 0 2 2 2 0 0 2 2 2 2 2 2 2 2 0 0 2 0 2 0 2 0 2 2 2 2 2 2 0 0 2 2 2 2 2 2 0 2 0 0 2 0 2 2 2 2 2 2 0 0 0 2 2 2 0 2 2 2 2 2 0 2 2 0 0 2 2 2 0 2 2 2 2 0 2 0 2 1 2 2 0 0 0 2 0 2 2 0 2 2 2 0 0 0 2 0 0 0 2 2 2 2 2 2 2
860 2 0 0 2 2 2 2 2 0 2 0 2 2 0 0 0 2 2 2 0 0 2 2 0 2 0 2 2 2 2 0 2 2 2 2 0 2 0 2 2 2 0 2 2 2 0 2 2 0 2 2 2 2 2 2 2 2 0 0 2 2 2 2 2 2 2 0 2 2 2 2 2 2 2 2 2 0 2 2 2 2 2 2 2 0 2 0 2 2 2 2 2 2 0 2 2 2 2 2 0 2 2 1 0 2 2 2 0 0 0 2 0 2 2 0 0 2 2 0 2 2 0 0 2 2 2 2 2 2 0 2 2 2 2 2 2 2 0 2 2 2 2 0 2 2 2 2 2 2 2 2 2 2 2 2 2 2 2 2 0 2 2 2 2 2 2 2 2 2 0 2 2 2 2 2 2 2 2 0 2 2 2 2 2 2 2 2 0 2 2 2 2 2 2 2 2 2 2 2 2 2 2 0 2 2 2 2 0 2 2 2 2 0 2 2 2 0 1 2 2 2 0 2 0 2 2 2 2 0 2 0 0 2 2 2 2 2 2 0 2 2 2 2 2 2
861 2 0 0 2 0 2 0 2 0 2 0 2 0 0 2 2 2 2 2 0 0 0 2 0 2 2 2 0 2 2 0 0 0 2 0 1 0 0 2 2 2 0 2 2 2 0 2 2 0 2 2 2 0 2 2 2 2 0 0 2 2 2 2 2 2 0 0 2 2 2 2 2 2 0 2 2 0 2 2 2 2 2 2 2 0 2 0 2 2 0 2 2 2 2 2 0 2 2 2 0 2 2 0 0 2 2 2 0 0 0 0 0 2 2 0 0 2 2 2 0 2 0 0 2 2 0 2 2 2 2 2 2 2 0 2 2 0 2 2 2 2 2 2 2 0 2 2 2 2 2 2 2 2 2 2 2 2 0 2 0 2 2 0 2 2 2 2 2 2 0 2 2 2 2 2 2 2 2 0 2 2 2 2 2 2 2 2 2 2 2 2 2 2 2 2 2 2 2 2 2 2 2 0 2 2 2 2 0 2 2 2 2 0 0 2 2 0 1 0 2 2 0 2 0 2 2 2 2 0 2 0 0 2 2 2 2 2 2 2 2 2 2 2 2 2
862 2 2 2 0 0 2 0 2 2 2 2 0 0 2 2 2 0 2 2 2 2 2 0 2 2 2 0 2 2 2 2 2 0 2 2 1 0 2 2 2 0 2 2 2 2 2 2 2 2 2 2 2 0 0 0 0 0 2 2 2 2 2 2 2 2 0 2 2 2 0 0 0 2 0 0 2 2 0 0 2 2 2 2 2 2 0 2 2 2 2 0 2 0 0 2 0 2 2 2 2 0 0 2 2 2 2 0 2 2 2 0 2 2 2 2 2 2 2 0 0 2 2 2 2 2 0 2 0 0 2 2 2 0 0 2 0 0 2 2 0 2 0 0 2 2 0 2 0 2 2 0 2 0 0 2 2 2 0 2 2 0 2 0 0 0 0 0 2 0 2 2 0 0 0 0 0 2 0 2 2 0 2 2 0 0 0 0 2 0 2 1 0 2 2 0 0 0 0 2 2 2 0 2 2 2 1 0 2 2 2 2 0 2 2 0 2 2 2 0 2 2 2 2 2 2 2 0 0 2 0 2 2 2 0 0 2 2 2 0 2 2 0 2 2 0
863 2 2 2 2 2 2 2 0 2 2 2 2 2 2 2 2 2 2 2 2 2 0 2 2 0 2 2 0 2 2 2 0 2 0 2 2 2 2 2 2 0 2 0 0 2 2 2 2 2 2 0 2 2 2 2 2 0 2 2 2 0 2 2 2 0 2 2 2 2 2 0 0 2 2 2 2 2 2 2 2 0 0 0 2 2 2 2 2 0 2 2 2 2 2 0 2 2 2 0 2 2 2 2 2 0 2 2 2 2 2 2 2 0 2 2 2 2 2 2 2 2 2 2 0 0 2 2 2 2 2 0 2 2 2 2 2 2 2 2 2 2 2 2 2 0 2 2 2 2 2 2 0 0 2 2 2 2 2 2 2 2 2 2 2 2 2 2 2 0 2 2 2 2 2 2 2 0 2 2 2 2 2 2 2 2 2 2 2 2 2 2 2 2 2 2 2 2 2 2 0 2 2 2 2 2 2 2 2 2 2 0 2 2 0 2 0 2 2 2 2 0 2 2 2 2 0 2 0 2 2 2 2 2 2 2 2 2 2 2 2 2 2 0 0 2
864 0 0 0 2 0 0 2 0 0 0 2 2 0 0 2 2 0 2 0 2 0 0 0 0 0 2 2 0 2 0 0 0 2 0 2 2 0 0 0 0 0 0 0 0 0 0 0 0 0 0 0 0 2 0 0 0 0 0 0 2 0 0 0 2 0 0 0 2 2 0 0 0 0 2 0 0 0 2 0 0 0 0 0 0 0 0 0 0 0 2 0 0 0 0 0 2 0 2 0 0 2 2 0 0 0 2 0 0 2 0 0 0 0 0 2 0 2 2 0 2 0 2 2 0 0 2 2 0 0 2 0 0 0 2 2 0 2 2 2 0 0 0 0 0 0 2 0 0 1 2 0 0 0 2 0 0 2 2 0 0 0 2 2 0 0 0 0 2 0 0 0 0 0 0 0 0 0 2 0 0 0 2 2 2 0 0 0 2 2 1 0 0 0 2 0 0 0 0 0 0 0 0 2 0 2 1 0 2 0 2 0 0 0 0 0 0 2 1 0 2 0 0 2 0 2 0 0 0 0 0 2 0 0 0 0 2 2 0 0 0 2 0 0 0 0
865 2 2 2 2 2 2 2 0 2 2 2 2 2 2 2 2 2 2 2 2 2 2 2 2 2 2 0 2 2 2 2 2 2 2 2 1 2 2 2 0 2 2 2 2 2 2 2 2 2 0 2 2 2 2 2 2 2 2 2 2 2 2 2 2 2 2 2 2 2 2 2 0 2 2 2 2 2 2 2 2 2 2 2 2 2 2 2 2 2 2 0 2 2 2 2 2 2 2 0 2 2 2 2 2 2 2 2 2 2 2 2 2 2 2 0 0 2 2 2 2 0 2 2 2 2 2 2 2 2 2 2 2 2 2 2 2 2 2 2 2 2 2 2 2 2 2 2 2 2 2 2 2 2 2 2 2 2 2 2 2 2 2 2 2 2 2 2 2 2 2 2 2 2 2 2 2 2 2 2 2 2 2 2 0 2 2 2 2 2 2 2 2 2 2 2 0 2 2 2 2 2 2 2 2 2 2 2 2 2 2 2 2 2 2 2 2 2 1 2 2 2 2 2 2 2 2 2 2 2 2 2 2 2 2 2 2 2 2 2 2 2 2 2 2 2
866 2 2 2 2 2 2 2 2 2 2 2 2 2 2 2 2 2 2 2 2 2 2 2 2 2 2 2 2 2 2 2 2 2 2 2 2 2 2 2 2 2 2 2 2 2 2 2 2 2 2 2 2 2 2 2 2 2 2 2 2 2 2 2 2 0 2 2 0 2 0 2 2 2 2 2 2 2 2 2 2 2 2 2 2 0 2 2 2 2 2 2 2 2 2 2 2 2 2 2 2 0 2 2 2 2 0 2 2 2 2 2 2 2 2 2 2 2 2 2 2 2 2 2 2 2 2 2 0 2 2 0 2 2 2 2 2 2 2 0 2 2 2 2 2 2 2 2 2 2 0 2 2 2 2 2 2 2 2 2 2 2 2 2 2 2 2 2 2 2 2 2 2 2 2 2 2 2 2 2 2 2 2 2 2 2 2 2 2 2 2 1 2 2 2 2 2 2 2 2 2 2 2 2 2 2 2 2 2 2 0 2 2 2 2 2 0 2 2 2 2 2 2 0 2 2 2 2 2 2 2 2 2 2 2 2 0 2 2 2 2 2 2 2 2 2
867 2 0 2 2 0 0 0 2 0 0 2 2 0 2 0 0 2 0 2 0 2 2 0 2 2 0 0 2 0 2 2 2 0 2 2 0 0 0 0 2 0 0 0 2 0 2 2 2 2 2 2 0 2 0 0 0 0 0 2 2 2 2 0 2 2 0 0 0 0 2 0 2 0 2 2 2 2 2 0 2 0 0 2 0 2 2 2 0 2 2 0 0 0 2 0 0 0 0 2 2 2 2 0 2 2 0 2 2 0 0 0 0 0 2 2 0 0 0 2 0 0 0 2 2 2 0 2 2 2 0 2 0 0 0 2 2 0 0 2 2 2 2 0 0 2 0 0 2 0 0 0 0 2 2 0 0 0 0 0 2 0 0 0 2 0 2 0 2 0 2 0 0 2 0 0 0 0 2 2 0 0 2 2 0 0 2 2 2 2 2 2 0 0 2 2 0 0 0 0 2 0 2 0 2 2 2 0 0 2 0 2 2 2 2 2 2 0 2 0 2 0 0 0 0 0 2 0 2 2 0 0 0 0 2 2 2 2 0 2 0 0 0 0 0 2
868 2 2 2 2 2 2 2 2 2 2 2 2 2 2 2 2 2 2 2 2 2 2 2 2 2 2 2 2 2 2 2 2 2 2 2 2 2 2 2 2 2 2 2 2 2 2 2 2 2 2 2 2 2 2 2 2 2 2 2 2 2 2 2 2 2 2 2 2 2 2 2 2 2 2 2 2 2 2 2 2 2 2 2 2 2 2 2 2 2 2 2 2 2 2 2 2 2 2 2 2 2 2 2 2 2 2 2 2 0 2 2 2 2 2 2 2 2 2 2 2 2 2 2 2 2 2 2 2 2 2 2 0 2 2 2 2 2 2 2 2 2 2 2 2 2 0 2 2 2 2 2 2 2 2 2 2 2 2 2 2 2 0 2 2 2 2 0 2 2 2 2 2 2 2 0 2 2 2 2 2 2 2 2 2 2 2 2 0 2 2 2 2 2 2 2 2 0 0 2 2 2 2 0 2 2 2 2 0 2 2 2 2 2 2 0 2 0 2 2 2 2 2 2 2 2 2 2 2 2 2 0 2 2 2 2 2 2 2 2 2 2 2 2 2 2
869 2 0 2 2 2 2 2 2 2 2 2 2 2 2 2 2 2 2 2 2 2 2 2 2 0 2 2 2 2 2 2 2 2 2 2 2 2 0 2 2 2 2 2 2 2 2 2 2 2 2 2 2 2 2 2 2 0 0 2 2 2 2 2 2 2 2 0 0 2 0 2 2 2 2 2 2 2 2 0 2 2 2 2 2 2 0 2 2 2 2 0 2 2 0 2 2 2 2 2 2 2 0 0 2 2 2 0 2 0 2 2 2 2 2 2 2 0 2 2 2 2 2 2 2 2 2 2 2 0 2 2 0 2 2 2 0 2 2 2 2 2 0 0 2 2 0 2 0 2 2 2 2 2 2 2 2 2 2 2 2 0 0 2 0 0 0 2 2 2 2 0 2 0 0 2 2 0 2 2 0 2 2 2 2 0 0 2 0 2 2 1 2 2 0 2 0 0 0 0 2 2 2 0 2 2 2 2 0 2 2 2 2 2 2 0 2 0 2 2 2 0 2 0 2 0 2 2 0 0 2 0 2 0 0 2 2 2 0 2 0 0 0 2 2 0
870 2 2 2 0 2 2 0 2 0 0 2 2 2 2 2 0 2 2 2 0 2 2 2 2 2 0 2 2 2 2 2 2 0 2 2 2 2 2 2 2 0 0 2 2 0 2 0 2 2 2 2 0 2 2 2 2 0 2 2 0 2 2 0 2 2 2 2 2 2 2 2 2 2 2 2 2 2 2 2 2 2 2 0 2 2 2 2 0 2 2 2 2 2 2 2 0 2 2 2 2 2 2 2 2 2 0 2 2 2 2 2 0 2 2 2 2 2 2 2 0 2 2 2 2 0 0 2 2 2 0 2 2 2 0 0 2 0 0 2 2 2 2 2 2 2 2 0 2 2 0 2 2 0 0 2 0 2 2 2 2 2 2 0 2 2 2 0 2 2 2 2 2 2 2 0 2 2 0 2 2 2 0 2 2 2 2 2 2 2 2 2 2 0 2 2 2 2 2 2 2 2 2 2 2 0 2 2 2 0 0 2 0 2 2 2 2 2 1 2 2 2 0 2 0 2 0 2 2 2 2 2 0 2 2 0 2 0 2 2 2 2 2 2 2 2
871 0 0 2 2 2 2 0 2 2 2 2 2 2 2 2 2 0 2 0 2 2 0 2 2 2 2 2 0 2 0 2 0 0 0 2 2 0 0 2 2 2 2 2 2 2 2 2 0 2 2 2 2 2 2 2 2 2 0 2 2 2 2 2 2 2 2 0 2 2 2 2 2 0 2 0 0 2 2 0 2 2 2 2 0 2 0 2 2 2 2 2 2 2 0 2 0 2 2 2 2 2 0 0 2 2 2 0 2 0 2 0 2 2 2 2 2 2 2 0 0 2 2 2 2 2 0 2 2 0 2 2 0 0 0 2 2 2 2 2 0 0 0 0 2 2 2 2 0 2 2 2 2 2 2 2 2 2 2 2 2 2 2 2 0 0 0 2 2 2 2 2 2 0 2 2 2 2 2 2 2 2 2 2 2 2 0 2 0 2 2 2 0 2 2 0 2 0 0 2 2 2 0 0 2 2 2 2 0 2 2 0 0 2 2 2 2 0 1 0 2 2 0 2 0 2 2 0 0 2 2 0 2 2 0 0 2 2 2 0 2 2 0 2 2 0
872 0 2 2 0 2 2 2 2 0 2 2 0 2 2 0 2 2 0 0 2 2 2 2 2 0 2 2 2 0 0 0 2 2 0 2 1 0 2 0 0 2 0 2 0 2 2 0 0 2 0 2 0 2 2 2 2 0 2 2 2 2 2 0 2 2 2 2 2 0 2 0 2 2 2 2 0 2 0 0 2 0 2 0 2 0 2 2 2 2 2 2 0 0 2 0 2 0 2 2 2 0 2 2 2 2 2 2 2 2 2 0 2 0 2 0 0 2 2 0 2 0 0 0 0 2 2 2 0 2 2 2 2 2 2 2 0 0 2 2 2 0 0 2 2 2 0 0 0 1 2 2 0 0 0 2 2 0 2 2 2 0 0 0 2 2 0 2 2 2 2 0 2 2 0 2 2 2 0 2 2 0 0 2 2 0 0 0 0 0 2 2 2 2 2 2 2 0 0 2 2 2 2 2 0 2 2 2 2 0 2 2 2 2 2 2 2 2 1 2 2 2 2 2 2 0 0 2 0 2 0 2 2 2 2 2 0 2 2 0 2 2 2 2 2 2
873 2 2 2 2 2 2 2 2 2 2 2 2 2 2 2 2 2 2 2 2 2 2 2 2 2 2 2 2 2 2 2 2 2 2 2 2 0 2 2 2 2 2 2 2 2 2 2 2 2 2 2 2 2 0 2 2 2 2 2 2 2 2 2 2 2 2 2 2 2 2 0 2 2 2 2 2 2 2 2 2 0 2 2 2 2 2 2 2 2 2 2 2 2 2 2 2 0 2 2 2 2 0 2 2 2 2 2 2 2 2 0 2 0 2 2 2 2 2 2 2 2 2 2 2 2 2 2 0 2 2 2 2 2 2 2 2 0 2 2 2 2 2 2 2 2 2 2 2 2 2 2 2 2 0 2 0 2 0 2 2 2 2 2 2 2 2 2 2 2 2 2 2 2 2 2 2 2 0 2 2 2 2 2 2 2 2 2 2 2 2 2 2 2 2 2 2 2 2 2 2 2 2 2 2 2 2 2 2 2 2 2 2 2 2 2 2 2 2 2 2 2 2 2 2 2 2 2 2 2 2 2 2 2 0 2 2 2 2 2 2 2 0 0 0 2
874 2 0 0 2 0 2 2 0 2 0 2 2 0 0 2 0 0 2 2 0 2 0 0 0 0 2 0 0 2 2 2 0 0 0 2 0 2 0 2 0 0 2 2 0 0 0 0 2 0 0 0 0 2 0 0 0 0 0 0 2 0 0 0 2 2 0 0 2 0 2 2 0 2 2 0 2 0 2 0 0 2 2 2 2 0 0 0 0 2 2 0 2 2 0 0 0 2 2 0 0 0 0 0 0 0 0 0 2 0 0 2 0 2 0 2 2 2 2 0 0 0 2 2 0 0 2 2 2 0 0 2 2 0 0 0 0 0 0 2 0 2 0 0 2 0 0 0 0 2 2 0 0 0 0 0 0 0 0 2 0 0 0 0 0 0 0 2 2 0 0 0 0 0 0 2 2 2 0 0 2 2 0 2 0 0 0 0 0 0 0 1 0 0 2 0 0 2 2 0 0 2 0 0 0 0 1 0 0 0 2 0 2 0 0 0 2 0 0 2 2 2 0 2 2 0 2 0 0 2 0 0 2 2 0 2 0 0 2 0 0 2 0 2 2 0
875 2 2 2 2 2 2 2 0 2 2 2 2 2 2 2 2 2 2 2 2 2 2 2 2 2 2 2 2 2 2 2 2 2 2 2 1 2 2 2 2 2 2 2 0 2 2 2 2 2 2 2 2 2 0 2 2 0 2 2 2 2 2 2 2 2 2 2 2 0 2 2 2 2 2 2 2 2 2 2 2 2 2 2 2 0 2 2 2 2 2 2 2 2 2 0 2 2 2 0 2 2 2 2 2 0 2 2 2 0 2 2 2 2 2 2 2 2 2 2 2 0 2 2 0 0 2 2 2 0 2 2 2 2 2 2 2 2 2 2 2 2 0 2 2 2 0 2 2 2 2 0 0 2 2 0 2 2 2 2 2 2 2 2 2 2 2 2 2 0 2 2 2 2 2 2 2 2 2 2 2 2 2 2 2 2 2 0 2 2 2 2 2 2 2 2 2 2 2 0 0 2 2 0 2 2 2 2 0 2 2 2 2 2 2 2 2 0 2 2 2 2 2 2 2 2 2 2 2 2 2 0 2 2 2 2 0 2 2 2 0 2 2 2 2 2
876 2 2 2 2 0 2 2 2 2 2 2 2 0 2 2 0 0 2 2 2 2 0 2 2 2 0 2 0 2 2 2 0 0 0 2 2 2 2 0 2 0 2 2 2 2 2 2 2 2 2 0 2 2 2 2 2 2 2 2 2 0 2 2 2 2 0 2 2 2 2 2 2 2 2 0 2 2 2 2 0 2 2 2 2 2 0 2 2 2 2 2 0 2 0 2 0 2 2 2 2 0 2 2 2 2 2 2 2 2 0 2 2 2 2 0 2 2 2 2 0 2 0 0 2 2 2 0 2 2 0 2 2 2 0 2 0 2 0 2 0 2 2 0 2 2 2 2 0 2 2 2 2 2 2 2 2 0 2 2 2 0 2 0 2 0 0 0 2 2 2 2 2 0 0 0 2 2 2 2 2 2 0 2 2 0 2 2 2 2 2 2 2 2 2 0 2 2 2 2 2 2 0 2 0 2 1 0 2 2 2 0 2 2 2 2 2 2 1 2 2 2 2 2 2 2 2 2 2 2 0 2 2 2 2 2 2 2 2 2 2 2 2 2 2 2
877 0 0 0 0 0 0 0 0 0 0 0 0 0 0 2 0 0 0 0 0 0 0 0 0 0 0 0 0 0 0 0 0 0 0 0 2 2 0 0 0 0 0 2 0 0 0 2 0 0 0 0 2 2 2 0 0 0 0 0 0 0 0 0 2 0 0 0 0 2 0 2 0 0 2 0 0 0 0 0 0 2 0 0 0 2 0 0 0 0 0 0 0 0 0 0 0 2 0 0 0 0 0 0 0 0 0 0 0 2 0 2 0 2 0 0 0 0 2 0 0 0 0 0 0 0 0 0 0 0 0 0 0 0 0 0 0 0 0 0 0 0 0 0 0 0 2 2 0 1 0 0 0 2 0 0 0 2 0 0 0 2 2 0 0 0 0 0 2 0 0 2 0 0 2 0 0 0 0 0 0 0 0 2 0 2 0 2 0 0 0 0 0 0 0 0 0 0 0 2 0 0 0 2 0 0 1 0 2 2 0 0 0 0 0 0 0 2 0 0 2 2 0 0 0 2 0 0 0 0 2 2 0 0 0 0 0 0 0 0 2 0 0 2 2 0
878 2 2 0 2 2 2 2 2 0 2 2 2 2 2 2 2 2 0 2 0 2 2 2 2 2 2 2 2 0 2 2 2 2 2 2 1 2 2 0 0 2 2 2 2 2 0 2 2 0 0 2 2 2 2 2 2 2 2 0 2 2 2 2 2 2 2 2 2 0 2 2 2 2 2 2 2 0 2 2 2 2 2 2 2 0 2 0 2 2 2 2 0 2 2 2 2 2 2 2 0 2 2 2 0 2 2 2 2 2 2 2 2 2 2 0 2 2 2 2 2 2 0 0 2 2 2 2 2 2 2 2 2 2 2 2 2 0 2 2 2 2 2 2 2 2 2 2 2 2 0 2 2 2 0 2 2 2 2 2 2 2 2 2 2 2 2 2 2 2 2 2 2 2 2 2 2 2 0 2 2 2 2 2 2 2 2 0 2 0 2 2 2 2 2 2 2 2 2 2 2 2 2 2 2 2 2 2 2 2 0 2 2 0 2 2 2 2 2 2 2 2 2 2 2 2 2 2 2 2 2 2 2 2 2 2 2 2 2 2 2 2 2 2 2 2
879 2 0 2 2 2 2 2 2 2 2 2 2 2 2 0 2 0 2 2 2 2 2 0 2 2 2 2 2 2 2 2 2 2 2 2 2 2 0 2 2 2 2 2 2 2 2 2 2 2 2 2 2 2 2 0 0 2 0 2 2 2 2 0 2 2 2 0 2 2 2 2 2 2 2 0 2 2 2 0 2 2 2 2 2 2 0 2 2 2 2 0 2 2 0 2 2 2 2 2 2 2 2 0 2 2 2 0 2 0 2 2 2 2 2 2 2 2 2 2 2 2 2 2 2 0 2 2 2 2 2 2 2 0 2 2 0 2 2 2 0 2 0 0 2 2 0 2 0 1 2 2 2 2 2 2 0 2 2 2 2 2 0 2 0 0 0 0 2 2 2 0 2 0 2 0 2 2 2 2 2 2 2 2 2 2 0 2 0 2 2 2 0 2 2 0 0 2 2 0 2 2 0 0 2 2 1 2 0 2 2 0 2 2 2 2 2 0 1 2 2 2 0 2 2 0 2 0 0 2 2 0 2 2 2 2 2 2 2 2 0 2 2 2 2 0
880 2 2 2 2 2 2 2 2 2 2 2 2 2 2 2 2 2 2 2 2 2 2 2 2 2 2 2 2 2 2 2 2 0 2 2 2 2 2 2 2 2 2 2 2 2 2 2 2 2 2 0 2 2 2 2 2 2 2 2 2 0 2 2 2 2 2 2 2 2 2 2 0 2 2 2 2 2 2 2 0 2 2 2 2 2 2 2 2 2 2 2 2 2 2 2 0 2 0 2 2 2 2 2 2 2 0 2 2 2 2 2 0 2 2 0 2 2 2 2 0 2 2 2 2 2 2 0 2 2 2 2 2 2 0 2 2 2 2 2 2 2 2 2 2 0 2 2 2 2 2 2 2 2 2 2 2 2 2 2 2 2 2 2 2 2 2 2 2 2 2 2 2 2 2 2 2 2 2 2 2 2 0 2 2 2 2 2 2 2 2 2 2 2 0 2 2 2 2 2 2 0 2 2 2 2 2 2 2 2 2 2 2 2 0 2 2 2 2 2 2 2 2 2 2 2 2 2 2 2 2 2 2 2 2 2 2 2 2 2 2 2 2 2 2 2
881 2 2 0 0 2 2 2 2 2 0 0 2 2 2 2 2 2 0 2 0 0 2 2 2 2 0 2 2 0 2 0 2 0 2 2 2 2 2 2 2 2 2 2 2 0 0 2 2 0 0 2 2 2 2 2 2 2 2 0 0 2 2 2 2 2 2 2 2 2 2 2 0 0 2 2 2 0 2 2 2 2 2 2 0 2 2 0 2 2 2 2 2 2 2 2 0 2 2 2 0 2 2 2 0 2 2 2 2 2 2 2 0 2 2 0 0 2 2 2 0 2 2 2 2 0 2 0 2 2 2 2 0 2 0 2 2 2 2 2 2 2 2 2 2 0 2 2 2 2 0 2 2 2 2 2 2 2 2 2 2 2 2 2 2 2 2 2 2 2 2 2 2 2 2 2 2 2 2 2 0 2 2 2 2 2 2 2 2 2 2 2 2 2 2 2 2 2 0 2 2 0 2 2 2 2 2 2 2 2 0 2 0 0 0 0 2 2 2 0 2 2 2 2 2 2 2 2 2 2 2 2 0 0 2 0 2 2 0 2 2 2 2 2 2 2
882 2 0 2 2 2 0 2 2 2 2 0 2 2 2 0 0 0 2 2 2 0 2 0 2 2 0 0 2 2 2 0 2 2 2 0 0 0 0 2 2 2 2 2 2 2 2 2 2 2 2 2 2 2 2 0 0 2 0 2 2 2 2 0 2 2 2 0 2 2 2 2 2 2 2 0 2 2 2 0 2 2 2 2 2 2 0 2 0 2 0 0 2 0 0 2 2 2 2 2 2 0 0 0 2 2 2 0 2 0 2 0 2 2 2 2 0 0 2 0 2 2 0 0 2 2 2 2 0 2 0 2 2 0 2 2 0 0 0 2 0 2 0 0 0 0 0 2 0 0 0 2 2 2 0 2 0 2 0 0 2 2 0 2 0 0 0 0 2 2 2 0 0 0 2 0 2 2 0 2 2 2 2 2 0 2 0 2 0 0 2 1 0 0 2 0 0 2 2 0 2 2 0 0 2 2 1 2 0 2 0 0 2 2 0 2 2 0 0 2 2 2 0 2 2 0 2 0 0 2 2 0 0 2 0 2 2 2 2 0 0 0 0 2 2 0
883 2 2 2 0 0 2 0 2 2 2 2 2 0 2 2 2 2 2 2 2 2 2 2 2 2 2 2 2 2 2 2 2 2 2 2 1 2 2 2 2 2 2 2 2 2 2 2 2 2 2 2 2 2 2 2 2 2 2 2 2 2 2 2 2 2 0 2 2 0 2 2 2 2 2 2 2 2 2 2 2 2 2 0 2 0 2 2 2 2 2 2 2 0 0 2 2 2 2 2 2 2 0 2 2 0 2 2 2 2 0 2 2 2 2 2 2 2 2 0 2 2 2 2 2 2 0 2 2 2 2 0 2 2 2 2 2 2 2 2 2 2 2 2 2 2 2 2 2 1 2 0 2 2 2 0 2 2 0 2 2 2 2 2 2 2 2 2 1 0 2 2 2 2 2 2 2 2 2 2 2 2 2 0 2 2 2 0 2 2 2 2 2 2 2 2 2 0 2 2 0 2 2 2 2 2 2 0 2 2 2 2 2 2 2 2 0 2 2 2 2 2 2 2 0 2 0 2 2 2 2 2 2 2 0 2 2 2 2 0 2 2 0 2 2 2
884 2 2 2 2 2 2 2 2 2 2 2 2 2 2 2 2 2 2 2 2 2 2 2 2 2 2 2 2 2 2 2 2 2 2 2 2 2 2 2 2 2 2 2 2 2 2 2 2 2 2 2 2 2 2 2 2 2 2 2 2 2 2 2 2 2 2 2 2 2 2 2 2 2 2 2 2 2 2 0 2 2 2 2 2 2 2 2 2 2 2 2 2 2 2 2 2 2 2 2 2 2 2 2 2 2 2 2 2 2 2 2 2 2 2 2 2 0 2 2 2 2 2 2 2 2 2 2 2 2 2 2 2 2 2 2 2 2 2 2 2 2 2 2 0 2 0 2 2 2 2 2 2 2 2 2 2 2 2 0 2 2 2 0 2 2 2 0 2 2 2 2 0 2 2 0 2 2 2 2 2 2 2 2 2 2 2 2 0 2 2 2 2 2 2 2 2 2 2 0 2 2 2 2 2 2 2 2 2 2 2 2 2 2 2 2 2 2 2 2 2 2 2 2 2 2 2 2 2 2 2 2 2 2 2 2 2 2 2 2 0 0 2 2 2 2
885 2 2 2 2 0 2 0 2 2 2 2 2 0 2 2 2 2 2 2 2 2 2 2 2 2 2 2 2 2 2 2 2 2 2 2 2 2 2 2 2 2 2 2 2 2 2 2 2 2 2 2 2 2 2 2 2 2 2 2 2 2 2 0 2 2 0 2 2 2 2 2 2 0 2 2 2 2 2 2 2 2 2 0 0 0 2 2 2 2 2 2 2 2 2 2 2 2 2 2 2 2 2 2 2 2 2 2 2 2 0 2 2 2 2 2 2 2 2 0 2 2 2 2 2 0 0 2 2 2 2 2 2 2 2 2 2 2 2 2 2 2 2 2 2 2 2 2 2 2 2 0 2 2 2 0 2 2 2 2 2 2 2 2 2 2 2 2 2 2 2 2 2 2 2 2 2 2 2 2 2 2 2 2 2 2 2 2 2 2 2 2 2 2 2 2 2 2 2 2 2 2 2 2 2 2 2 0 2 2 2 2 2 2 2 2 2 2 2 2 2 2 2 2 0 2 0 2 2 2 2 2 2 2 2 2 2 2 2 0 2 2 2 2 2 2
886 2 2 0 2 2 2 2 2 2 2 2 2 2 2 2 2 2 0 2 0 2 2 2 2 2 2 2 2 0 2 2 2 0 2 2 2 0 2 2 2 2 2 0 2 2 0 2 2 0 0 2 0 2 2 2 2 2 2 0 0 2 2 2 2 2 2 2 2 2 2 2 2 2 2 2 2 0 2 2 2 2 2 2 2 2 2 0 0 2 2 2 2 2 2 2 0 2 2 2 0 2 2 2 0 2 2 2 2 2 2 0 2 2 2 2 2 2 2 2 0 2 2 2 2 2 2 2 2 2 2 2 0 2 0 2 2 2 2 2 2 2 2 2 2 2 2 0 2 1 2 2 2 2 2 2 2 2 2 2 2 2 2 2 2 2 2 2 2 2 2 2 2 2 2 2 2 2 2 2 2 2 2 0 2 2 2 2 2 2 2 2 2 0 2 2 2 2 2 2 2 2 2 2 2 2 2 2 2 2 2 2 2 0 2 2 2 2 1 2 2 2 2 2 2 2 2 2 2 2 2 2 2 2 2 2 2 2 2 2 2 2 2 2 2 2
887 0 2 0 2 2 2 2 2 2 0 2 2 2 0 2 2 0 0 0 0 2 2 2 0 2 2 2 2 0 0 2 2 2 2 2 2 2 2 2 2 2 0 0 2 2 0 0 0 0 2 2 0 2 0 2 2 2 2 0 2 2 0 2 2 0 2 2 0 2 2 0 2 2 2 0 0 0 2 2 2 2 0 2 2 2 2 0 2 2 2 2 2 0 2 0 2 0 2 2 0 2 0 2 0 0 2 2 2 2 2 2 2 0 0 2 2 2 0 2 2 2 2 2 2 2 2 2 2 2 2 0 2 2 2 2 2 0 2 0 1 0 0 2 2 2 2 0 2 2 0 2 2 0 2 2 2 2 0 2 0 2 2 2 2 0 2 2 2 0 0 2 2 0 2 2 2 0 2 0 0 2 2 2 2 2 0 2 2 2 0 1 2 2 2 0 2 2 0 2 1 2 0 2 0 2 1 2 2 0 0 2 2 0 2 0 0 2 1 0 2 0 0 0 2 2 2 2 2 0 2 2 2 0 0 2 0 2 0 2 2 2 0 0 2 2
888 0 0 0 2 0 0 2 0 0 2 2 2 0 0 0 0 2 0 0 0 2 2 0 0 0 2 2 2 0 0 0 2 2 2 2 2 0 0 2 0 0 0 0 0 2 0 0 0 0 0 0 0 0 2 0 0 0 0 0 0 0 0 0 2 0 0 0 0 2 2 0 2 0 0 2 0 0 2 2 2 0 0 0 0 0 2 0 0 2 2 2 2 0 2 0 2 0 2 0 0 2 2 0 2 0 2 2 0 0 0 0 0 0 0 2 2 2 2 0 2 0 0 2 0 0 2 2 2 0 0 0 0 2 2 2 2 2 0 0 2 0 2 2 2 2 2 0 2 0 2 0 0 0 2 2 0 2 2 2 0 0 2 2 2 2 2 2 1 2 0 2 2 2 0 2 2 0 2 0 0 0 2 0 2 0 2 2 2 2 0 1 2 0 2 2 2 2 2 2 0 2 2 2 2 2 2 2 2 0 2 0 2 0 2 2 0 2 2 2 2 0 2 0 2 2 0 2 2 2 0 2 2 0 2 2 0 2 0 0 2 2 2 2 0 0
889 0 2 0 2 2 2 2 2 0 2 2 2 2 0 2 2 2 0 0 0 2 2 2 0 2 2 2 2 0 0 0 2 2 2 2 2 2 2 2 2 0 0 2 2 2 0 2 0 0 0 2 2 2 2 2 2 2 2 0 0 2 0 2 2 2 2 2 2 2 2 2 2 2 2 2 0 0 2 2 2 2 2 2 2 2 2 0 2 2 2 2 2 2 2 2 2 2 2 2 0 2 2 2 2 2 2 2 2 2 2 2 2 2 2 2 2 2 2 2 2 2 2 2 2 2 2 2 2 2 2 2 2 2 2 2 2 2 2 2 2 0 2 2 2 2 2 2 2 2 2 2 2 2 2 2 2 2 2 2 2 2 2 2 2 2 2 2 2 2 2 2 2 2 2 2 2 2 2 2 0 2 2 2 2 2 2 2 2 2 2 2 2 2 2 2 2 2 2 2 2 2 2 2 2 2 2 2 2 2 2 2 2 0 2 2 2 2 2 2 2 2 2 2 2 2 2 2 2 2 2 2 2 0 2 2 0 2 0 2 2 2 2 2 2 2
890 0 0 0 2 0 0 2 0 0 0 2 2 0 0 0 0 2 0 0 0 2 2 0 0 0 2 2 2 0 0 0 2 2 2 2 2 0 0 2 0 0 0 0 0 2 0 0 0 0 0 0 0 0 2 0 0 0 0 0 0 0 0 0 2 0 0 0 0 2 2 0 2 0 0 2 0 0 2 2 2 0 0 0 0 0 2 0 0 0 2 2 2 0 2 0 2 0 2 0 0 2 2 0 2 0 2 2 0 0 0 0 0 0 0 2 0 2 2 0 2 0 0 0 0 0 2 2 2 0 0 0 0 2 2 2 2 2 0 0 2 0 2 2 2 2 2 0 2 0 2 0 0 0 2 2 0 0 2 2 0 0 2 2 2 2 2 2 2 2 0 2 2 2 0 2 2 0 2 0 0 0 2 0 2 0 2 2 2 2 0 1 2 0 2 2 2 2 2 2 0 2 2 0 2 2 2 2 0 0 2 0 2 0 2 2 0 0 2 2 2 0 2 0 2 2 0 2 2 2 0 0 2 0 2 2 0 2 0 0 2 2 2 2 0 0
891 2 0 2 2 2 0 2 2 2 2 2 2 2 2 0 0 2 2 2 2 2 2 0 2 2 2 2 2 2 2 2 2 2 2 2 2 0 0 2 2 2 2 2 2 2 2 2 2 2 2 2 2 2 2 0 0 2 0 2 2 2 2 2 2 2 2 0 2 2 2 2 0 2 2 2 2 2 2 2 2 2 2 2 2 2 2 2 0 2 2 2 2 0 2 2 2 2 2 2 2 2 2 0 2 2 2 2 2 0 2 0 2 2 2 2 2 2 2 2 2 2 2 2 2 2 2 2 2 2 0 2 2 2 2 2 2 2 0 2 2 2 2 2 2 2 2 2 2 1 2 2 2 2 2 2 0 2 2 2 2 2 2 2 2 2 2 2 2 2 2 2 2 2 2 2 2 2 2 2 2 2 2 2 2 2 2 2 2 2 2 2 2 0 2 2 2 2 2 2 2 2 2 2 2 2 2 2 2 2 2 2 2 2 2 2 2 2 2 2 2 2 2 2 2 2 2 2 2 2 2 2 2 2 2 2 2 2 2 2 2 2 2 2 2 2
892 2 2 0 2 2 0 2 2 0 2 2 2 2 2 2 0 0 0 2 2 2 2 2 2 2 2 0 2 0 2 2 2 2 0 0 0 2 2 2 2 2 2 2 2 2 0 2 2 0 0 2 2 2 2 2 2 2 2 0 2 2 2 2 2 2 2 2 2 2 2 2 0 2 2 0 2 0 2 2 2 2 2 2 2 0 0 0 2 2 0 0 2 2 0 2 2 2 0 2 0 0 0 2 0 2 2 0 2 0 2 2 2 2 2 0 0 0 0 2 2 2 2 0 2 2 2 2 0 2 0 2 2 0 2 2 0 0 0 2 0 2 0 0 0 0 2 2 0 1 0 2 2 2 0 2 0 2 0 0 2 2 0 0 0 0 0 0 2 0 2 0 0 0 2 0 2 2 0 2 2 2 2 2 0 2 0 2 2 0 2 2 0 2 0 0 0 0 2 0 2 2 0 2 2 2 1 2 2 2 0 2 2 0 0 2 2 2 1 2 2 2 0 2 2 0 2 0 0 2 2 2 2 2 0 2 2 2 2 2 0 0 0 0 2 0
893 2 2 0 0 0 0 2 2 2 0 2 2 0 2 2 0 2 2 2 2 0 0 2 2 2 2 2 0 2 2 0 0 0 2 0 2 2 2 2 0 2 2 2 0 2 0 0 2 0 0 0 2 2 2 2 2 0 2 0 0 0 2 2 2 2 0 2 2 2 2 2 2 2 2 2 2 0 2 2 2 2 2 0 2 2 0 0 2 2 0 0 2 2 0 2 0 2 2 2 0 0 0 2 0 0 0 0 2 0 2 2 2 2 0 2 2 2 2 2 0 2 2 0 0 2 2 2 2 0 0 2 2 2 0 2 0 2 0 2 2 2 2 0 2 2 2 2 0 1 0 0 2 0 2 0 0 2 0 2 0 2 0 0 0 2 0 2 2 2 0 2 0 2 2 2 0 2 2 0 2 2 0 2 2 2 0 2 0 2 0 1 2 2 0 2 0 0 2 0 0 0 2 2 2 2 2 2 0 0 0 2 2 0 2 2 2 2 2 2 2 2 2 2 0 2 2 2 2 2 0 0 2 2 2 2 2 0 2 2 0 2 2 0 2 0
894 2 2 2 0 2 2 2 2 2 2 2 2 2 2 2 2 2 2 2 0 2 0 2 2 2 2 2 0 2 2 0 0 2 2 2 2 2 2 0 2 0 2 2 2 2 2 2 2 2 2 0 2 2 2 2 2 2 2 2 2 0 2 2 2 0 2 2 0 2 2 2 0 0 2 2 2 2 2 2 2 2 0 2 0 2 2 2 2 2 2 2 0 2 2 0 2 2 2 2 2 2 2 2 2 2 2 2 2 2 2 2 2 2 2 2 0 2 2 0 2 0 2 0 2 0 2 2 2 2 2 0 2 2 2 2 2 2 2 0 2 2 2 2 2 2 2 2 2 2 2 2 2 2 2 2 2 2 2 2 2 2 2 2 2 2 2 2 2 0 2 2 2 2 2 2 2 0 2 2 2 2 2 2 2 2 2 2 2 2 2 2 2 2 2 2 2 0 2 2 2 2 2 2 2 2 2 2 2 2 2 2 2 2 2 2 0 2 2 2 2 0 2 0 2 2 2 2 2 2 2 2 2 2 2 2 2 2 2 0 2 2 2 2 2 0
895 2 2 2 2 2 2 2 0 2 2 2 0 2 2 2 2 0 2 2 2 2 0 2 2 2 2 2 0 2 2 0 0 2 0 2 2 2 2 2 2 0 2 2 0 2 2 2 2 2 2 2 2 0 2 2 2 0 2 2 2 2 2 2 2 0 2 2 2 2 2 2 2 2 0 0 2 2 0 2 0 0 2 2 2 2 2 2 2 2 2 0 2 2 2 2 2 0 2 0 2 0 2 2 0 2 2 2 2 0 2 2 2 0 2 0 2 0 2 2 2 2 2 2 0 2 2 2 0 0 2 2 2 0 2 2 2 0 2 0 0 2 0 0 0 2 2 2 2 2 2 2 2 2 0 2 0 2 0 0 2 0 2 2 2 0 2 2 2 0 2 2 2 0 0 2 2 2 0 2 2 2 0 2 2 0 0 2 2 0 2 2 2 2 2 0 0 2 2 2 2 2 0 0 2 2 1 2 2 2 2 2 2 2 2 2 2 0 2 2 2 2 2 2 2 2 2 2 0 2 0 2 2 2 0 2 0 2 2 2 2 0 0 0 0 2
896 0 2 2 0 0 0 2 2 2 0 2 2 0 0 2 0 2 2 0 2 2 2 2 0 2 0 2 2 2 0 2 2 0 2 2 2 2 2 2 0 2 0 2 2 2 2 2 0 2 2 2 2 2 2 2 2 2 2 2 2 2 0 2 2 2 0 2 2 2 2 2 2 2 2 2 0 2 2 2 2 2 2 0 2 2 2 2 2 2 2 2 2 2 2 2 0 2 2 2 2 2 2 2 2 2 0 2 2 2 0 2 0 2 0 2 0 2 2 2 0 2 0 2 2 2 2 0 2 2 0 2 0 2 0 2 2 2 0 2 2 0 2 2 2 2 2 2 2 1 2 2 2 2 2 0 2 2 2 2 0 2 0 2 2 2 2 2 2 0 0 2 2 2 2 2 2 2 2 0 0 2 2 2 2 2 2 2 2 2 0 1 2 2 2 2 2 2 2 2 2 2 2 2 2 2 2 2 2 2 2 2 2 2 2 2 2 2 1 2 2 2 2 2 2 2 0 2 2 2 2 2 0 0 2 2 2 2 0 2 2 2 2 2 2 2
897 0 2 2 0 0 0 2 2 2 0 2 2 0 0 2 0 2 2 0 2 2 2 2 0 2 0 2 2 2 0 2 2 0 2 2 2 2 2 2 0 2 0 2 2 2 2 2 0 2 2 2 2 2 2 2 2 2 2 2 2 2 0 2 2 2 0 2 2 2 2 2 2 2 2 2 0 2 2 2 2 2 2 0 2 2 2 2 2 2 2 2 2 2 2 2 0 2 2 2 2 2 2 2 2 2 0 2 2 2 0 2 0 2 0 2 0 2 2 2 0 2 0 2 2 2 2 0 2 2 0 2 0 2 0 2 2 2 0 2 2 0 2 2 2 2 2 2 2 1 2 2 2 2 2 0 2 2 2 2 0 2 0 2 2 2 2 2 2 0 0 2 2 2 2 2 2 2 2 0 0 2 2 2 2 2 2 2 2 2 0 1 2 2 2 2 2 2 2 2 2 2 2 2 2 2 2 2 2 2 2 2 2 2 2 2 2 2 1 2 2 2 2 2 2 2 0 2 2 2 2 2 0 0 2 2 2 2 0 2 2 2 2 2 2 2
898 0 2 2 0 0 0 2 0 2 0 0 0 0 0 2 0 0 2 2 2 2 2 2 0 0 0 0 2 2 2 0 2 0 2 0 0 2 2 2 0 0 0 0 0 2 2 0 0 2 0 0 0 0 2 2 2 0 2 2 0 0 0 2 2 0 0 2 2 2 0 0 0 2 0 0 2 2 0 2 2 0 2 0 2 2 0 2 2 2 0 0 2 2 2 2 0 0 2 0 2 0 2 2 2 2 0 0 2 0 0 2 0 0 0 2 0 0 2 0 0 0 0 2 0 2 2 0 0 0 0 2 0 0 0 0 0 0 0 0 0 0 0 0 0 0 2 0 0 1 2 0 0 2 0 0 0 2 0 0 0 0 0 0 0 0 0 0 1 2 0 2 2 0 0 0 2 2 0 0 1 2 2 2 0 0 0 0 0 0 0 0 0 2 0 0 0 2 2 2 2 0 0 0 2 0 1 0 0 0 2 0 2 2 0 2 2 0 1 2 2 2 2 2 0 2 0 0 0 2 2 0 0 0 0 2 2 0 0 0 2 0 0 0 0 2
899 2 2 2 2 2 2 2 2 2 2 2 2 2 2 2 2 0 2 2 2 2 2 2 2 2 2 2 2 2 2 2 2 2 2 2 2 2 2 2 2 2 2 2 2 2 2 2 2 2 2 2 2 2 2 2 2 2 2 2 2 2 2 2 2 2 2 2 2 2 2 2 2 2 2 0 2 2 2 2 2 0 2 2 2 2 2 2 2 2 2 0 2 2 2 2 2 2 2 2 2 0 2 2 2 2 2 2 2 0 2 2 2 2 2 2 2 0 2 2 2 2 2 2 2 2 2 2 0 2 2 2 2 0 2 2 2 0 2 2 0 2 0 2 0 2 2 2 2 2 2 2 2 2 0 2 0 2 0 0 2 2 2 2 2 0 2 2 2 2 2 2 2 0 2 2 2 2 0 2 2 2 2 2 2 2 2 2 2 0 2 2 2 2 2 0 0 2 2 2 2 2 0 2 2 2 1 2 2 2 2 2 2 2 2 2 2 2 2 2 2 2 2 2 2 2 2 2 0 2 2 2 2 2 0 2 2 2 2 2 2 0 0 0 2 2
900 0 2 0 0 0 0 0 2 0 0 0 0 0 0 0 0 0 0 0 0 0 0 2 0 2 0 0 0 0 0 2 0 0 2 0 0 2 2 0 0 2 0 0 2 0 0 2 0 0 2 0 0 2 0 2 2 2 2 0 0 0 0 0 2 0 0 2 0 2 0 2 0 2 2 0 0 0 0 0 0 0 0 0 2 0 0 0 2 2 0 0 0 0 0 0 0 2 0 2 0 0 0 2 0 2 0 0 2 0 0 2 0 2 0 0 0 0 2 0 0 2 2 0 2 2 0 0 0 2 0 0 0 0 0 0 0 0 0 0 0 0 0 0 0 0 2 0 0 0 0 0 2 2 0 0 0 2 0 0 0 2 0 0 0 0 0 0 1 0 0 0 0 0 2 0 0 0 0 0 0 2 0 2 0 2 0 0 0 0 0 0 0 2 2 0 0 2 2 0 2 0 0 0 0 0 1 0 0 2 0 2 0 0 0 2 0 0 0 2 2 0 0 0 0 0 0 0 0 0 2 0 0 0 0 0 2 0 0 0 0 0 0 0 2 2
901 0 0 0 0 0 0 0 0 0 0 0 0 0 0 0 0 0 0 0 0 0 0 0 0 2 0 0 0 0 0 0 0 0 2 0 0 0 0 0 0 2 0 0 0 0 0 0 0 0 0 0 0 0 2 0 0 0 0 0 0 0 0 0 2 0 0 0 0 2 0 0 0 2 0 0 0 0 0 0 0 0 0 0 2 0 0 0 0 0 0 0 0 0 0 0 0 0 0 0 0 0 0 0 0 0 0 0 0 0 0 0 0 0 0 0 0 0 0 0 0 0 0 0 0 2 0 0 0 0 0 0 0 0 0 0 0 0 0 0 0 0 0 0 0 0 0 0 0 0 0 0 0 2 0 0 0 0 0 0 0 0 0 0 0 0 0 0 1 0 0 0 0 0 2 0 0 0 0 0 0 0 0 0 0 2 0 0 0 0 0 0 0 0 0 0 0 2 2 0 0 0 0 0 0 0 1 0 0 0 0 0 0 0 0 2 0 0 0 2 2 0 0 0 0 0 0 0 0 0 2 0 0 0 0 0 2 0 0 0 0 0 0 0 0 0
902 0 2 0 2 0 2 2 2 0 0 2 2 0 0 0 2 0 0 0 0 2 0 2 0 2 2 0 0 0 0 2 0 2 2 0 1 2 2 0 0 0 0 2 2 0 0 2 0 0 2 2 2 2 2 2 2 2 2 0 2 2 0 2 2 0 0 2 2 2 0 2 0 2 2 0 0 0 2 2 0 0 2 2 2 2 0 0 2 2 0 0 0 0 2 2 2 2 0 2 0 0 2 2 2 2 0 0 2 0 0 2 2 2 0 2 0 0 2 0 2 2 2 0 2 2 2 2 0 2 2 2 2 0 2 0 2 0 2 0 0 0 0 0 0 2 2 2 0 1 0 0 2 2 0 2 0 2 0 0 0 2 2 0 0 0 0 0 2 2 0 0 0 0 2 0 0 2 0 0 0 2 0 2 0 2 0 0 0 0 0 0 0 2 2 0 0 2 2 2 2 0 0 0 2 0 1 0 0 2 0 2 0 0 2 2 2 0 1 2 2 2 2 2 0 0 2 0 0 0 2 0 2 0 0 0 2 0 0 0 2 0 0 0 2 2
903 0 2 0 0 0 0 2 0 0 0 0 0 0 0 2 0 2 0 0 0 0 0 2 0 0 0 0 0 0 0 0 0 0 2 2 0 2 2 0 0 0 0 0 0 0 0 0 0 0 0 0 0 0 0 2 2 0 2 0 0 0 0 2 0 0 0 2 0 0 0 0 0 2 0 2 0 0 0 0 0 0 0 2 2 0 2 0 2 0 2 2 0 2 0 0 0 0 0 0 0 2 0 2 0 0 0 2 0 2 0 2 2 0 0 0 0 2 0 2 0 0 0 0 0 2 2 0 2 0 0 0 2 2 0 0 2 2 0 0 2 0 2 2 2 0 2 0 2 1 2 0 0 0 2 0 2 0 2 2 0 0 2 2 2 2 2 2 1 0 0 2 2 2 0 2 2 0 2 0 0 0 0 0 0 0 2 0 0 2 0 0 2 2 0 2 2 2 2 2 0 0 2 2 0 0 1 0 2 0 0 0 0 0 0 0 0 2 0 2 0 0 0 0 0 2 2 2 2 0 0 2 0 0 2 0 0 0 0 2 2 2 2 2 0 0
904 0 2 0 0 0 0 2 0 0 0 0 0 0 0 2 0 2 0 0 0 0 0 2 0 0 0 0 0 0 1 0 0 0 2 2 0 2 2 0 0 0 0 0 0 0 0 0 0 0 0 0 0 0 0 2 2 0 2 0 0 0 0 2 0 0 0 2 0 0 0 0 0 2 0 2 0 0 0 0 0 0 0 2 2 0 2 0 2 0 2 2 0 2 0 0 0 0 0 0 0 2 0 2 0 0 0 2 0 2 0 2 2 0 0 0 0 2 0 2 0 0 0 0 0 2 2 0 2 0 0 0 2 2 0 0 2 2 0 0 2 0 2 2 2 0 2 0 2 1 2 0 0 0 2 0 2 0 2 2 0 0 2 2 2 2 2 2 1 0 0 2 2 2 0 2 2 0 2 0 1 0 0 0 0 0 2 0 0 2 0 0 2 2 0 2 2 2 2 2 0 0 2 2 0 0 1 0 2 0 0 0 0 0 0 0 0 2 0 2 0 0 0 0 0 2 2 2 2 0 0 2 0 0 2 0 0 0 0 2 2 2 2 2 0 0
905 2 2 2 2 2 0 0 2 2 2 2 2 2 2 2 0 2 2 2 2 2 2 2 2 2 2 2 2 2 2 2 2 2 2 2 2 2 2 0 0 2 2 2 2 2 2 2 2 2 2 2 2 2 2 2 2 2 2 2 2 2 2 2 2 2 2 2 2 2 2 2 2 2 2 2 2 2 2 2 2 2 2 2 2 2 2 2 2 2 2 2 0 2 2 2 2 2 2 2 2 2 0 2 2 2 2 2 2 2 2 2 2 2 2 2 2 2 2 2 2 2 2 0 2 2 0 2 2 2 0 2 2 2 2 2 2 2 0 2 2 2 2 2 2 0 2 2 2 1 2 2 2 2 2 2 2 2 2 2 2 2 0 2 2 2 2 2 2 2 2 2 2 2 2 2 2 2 2 2 2 2 2 2 2 2 2 2 2 2 2 2 2 2 2 2 2 2 2 2 2 2 2 2 2 2 2 2 2 2 2 2 2 2 0 2 2 2 1 2 2 2 0 2 2 2 2 2 2 2 2 2 0 2 2 2 2 2 2 2 2 2 2 2 2 2
906 0 2 0 0 0 0 2 0 0 0 2 2 0 0 0 0 2 0 0 0 0 0 2 0 0 0 2 0 0 0 2 0 2 0 0 1 2 2 0 0 0 0 2 0 0 0 2 0 0 2 0 2 2 0 2 2 0 2 0 2 0 0 2 2 0 0 2 0 2 0 0 2 2 2 2 0 0 2 0 0 0 0 2 2 0 0 0 2 0 0 0 0 2 0 0 2 0 0 0 0 2 0 2 0 2 0 2 0 0 0 2 2 0 2 0 0 2 0 0 2 2 0 0 0 2 2 0 2 0 0 0 2 2 2 0 0 2 0 0 2 0 2 0 0 0 2 2 0 0 0 0 2 0 2 2 0 0 2 0 2 0 0 2 2 2 0 0 1 0 2 0 0 2 2 0 0 0 2 2 0 0 0 0 2 2 0 0 0 2 2 1 0 2 0 2 0 2 2 0 2 0 2 2 0 0 2 0 2 2 0 0 0 0 0 0 0 2 0 2 2 0 0 0 0 0 2 0 2 0 2 2 0 0 2 0 0 0 0 0 0 2 2 2 0 0
907 2 2 2 2 2 2 2 2 2 2 2 2 2 2 2 2 0 2 2 2 2 2 2 2 2 2 2 2 2 2 2 2 2 2 2 2 2 2 2 2 2 2 2 2 2 2 2 2 2 2 2 2 2 2 2 2 2 2 2 2 2 2 2 2 2 2 2 2 2 2 2 2 2 2 0 2 2 2 2 2 2 2 2 2 2 2 2 2 2 2 2 2 2 2 2 2 2 2 2 2 0 2 2 2 2 2 0 2 2 2 2 2 2 2 2 2 2 2 2 2 2 2 2 2 2 2 2 0 2 2 2 2 0 2 2 2 0 2 2 0 2 0 2 2 2 2 2 2 2 2 2 2 2 0 2 2 2 0 2 2 2 2 2 0 0 2 2 2 2 2 2 2 0 2 2 2 2 0 2 2 2 2 2 2 2 2 2 2 0 2 2 2 2 2 0 2 2 2 2 2 2 0 2 2 2 1 2 2 2 2 2 2 2 2 2 2 2 2 2 2 2 2 2 2 2 2 2 0 2 2 2 2 2 0 2 2 2 2 2 2 2 0 0 2 2
908 2 2 2 2 2 2 2 2 2 2 2 2 2 2 2 2 0 2 2 2 2 0 2 2 0 2 2 0 2 2 2 0 2 2 0 2 2 2 2 2 0 2 2 2 2 2 2 2 2 2 2 2 2 2 2 2 2 2 2 2 2 2 2 2 0 2 2 0 2 2 2 2 2 2 0 2 2 2 2 2 0 2 2 2 2 0 2 2 2 0 2 2 2 2 0 2 2 2 2 2 0 2 2 2 0 2 0 2 2 2 2 2 2 2 2 2 0 2 0 2 2 2 0 2 2 2 2 0 2 2 0 2 0 2 2 2 0 2 0 0 2 0 2 0 2 2 2 0 2 0 2 2 2 0 2 2 2 0 0 2 2 2 0 0 0 0 2 2 2 2 2 2 0 2 2 0 0 0 2 2 2 2 2 2 2 2 2 2 0 2 2 0 2 2 0 2 2 2 2 0 2 0 2 2 2 1 2 2 2 2 2 2 2 2 0 2 2 2 2 2 0 2 0 2 2 2 0 0 2 2 2 2 2 0 2 0 2 2 0 2 0 0 0 2 2
909 2 0 2 0 2 0 2 0 2 2 2 0 2 2 0 0 0 2 2 2 2 0 0 2 0 0 2 0 2 2 2 0 0 0 0 1 0 0 0 0 0 2 0 0 2 2 0 2 2 2 0 0 0 0 0 0 0 0 2 2 0 2 0 2 0 2 0 0 2 0 0 0 0 0 0 2 2 0 0 0 0 0 0 0 0 0 2 0 0 0 2 0 0 0 0 0 0 0 0 2 0 0 0 2 0 0 0 0 2 2 0 0 0 2 2 0 0 0 0 0 0 0 0 0 0 2 0 0 0 0 0 0 0 0 0 2 0 0 0 0 2 0 0 0 0 0 0 0 0 0 0 0 0 0 0 2 0 0 0 2 0 2 0 0 0 0 2 1 0 2 2 2 0 0 2 0 0 0 2 2 0 0 0 2 0 2 0 0 0 2 1 0 0 0 0 2 0 0 2 0 0 0 2 0 0 1 0 2 0 0 0 0 2 0 0 0 2 0 0 2 0 0 0 0 2 0 0 0 0 0 2 0 2 0 0 0 0 2 0 2 0 0 0 0 0
910 0 2 0 0 0 0 0 0 0 0 0 0 0 0 2 0 2 0 0 0 0 0 0 0 0 0 2 0 0 0 0 0 0 2 2 1 2 2 0 0 2 0 0 0 0 0 0 0 0 0 0 0 0 0 0 0 0 2 0 0 0 0 2 0 0 0 2 0 0 0 0 0 0 0 2 0 0 0 0 0 0 0 0 0 0 2 0 2 0 2 0 0 0 0 0 0 2 0 0 0 0 0 2 0 0 0 2 0 2 0 2 0 0 2 0 0 2 0 2 0 2 0 2 0 0 0 2 0 0 0 0 0 2 0 0 2 0 0 0 2 0 0 2 2 0 2 0 2 1 0 0 0 0 0 0 2 0 0 2 2 0 0 2 0 2 2 2 0 0 2 0 2 2 0 2 2 0 0 2 0 0 0 0 2 0 2 0 0 0 2 1 2 2 0 2 0 0 2 0 0 0 2 2 0 0 0 0 0 0 0 0 0 0 0 0 0 2 0 2 0 0 0 0 0 0 0 2 0 0 0 0 0 0 0 0 0 0 0 2 0 2 0 0 0 0
911 2 2 2 2 2 2 2 2 2 2 2 2 2 2 0 2 2 2 2 2 2 2 2 2 0 0 2 2 2 2 2 2 2 2 2 1 2 2 2 2 2 2 2 2 2 2 2 2 2 2 2 2 2 2 2 2 2 2 2 2 2 2 2 2 2 2 2 2 2 2 2 2 2 2 2 2 2 2 0 2 2 2 2 2 2 2 2 2 2 2 0 2 2 2 2 2 2 2 2 2 2 2 2 2 2 2 2 2 2 2 2 2 2 2 2 2 2 2 2 2 2 2 2 2 2 2 2 2 2 2 2 2 2 2 2 2 0 2 2 2 2 2 0 0 2 2 2 2 1 2 2 2 2 2 2 0 2 2 0 2 2 0 2 2 2 2 0 2 2 2 0 2 2 2 0 2 2 2 2 2 2 2 2 2 2 2 2 2 2 2 2 2 2 2 2 0 2 2 2 2 2 2 2 2 2 2 2 0 2 2 2 2 2 2 2 2 2 2 2 2 2 2 2 2 0 2 2 2 2 2 0 2 2 2 2 2 2 2 2 2 2 2 2 2 2
912 2 2 2 2 2 2 2 0 2 2 2 2 2 2 2 2 2 2 2 2 2 2 2 2 2 2 2 2 2 2 2 2 2 0 2 2 2 2 2 2 2 2 0 0 2 2 0 2 2 2 2 0 0 2 2 2 0 2 2 2 2 2 2 0 2 2 2 0 0 2 0 2 2 0 2 2 2 2 2 2 0 2 2 2 2 2 2 2 2 2 2 2 2 2 0 2 0 2 0 2 0 2 2 2 2 2 2 2 2 2 2 2 0 2 2 2 2 0 2 2 0 2 0 0 2 2 2 0 0 2 2 2 2 2 2 2 0 2 0 2 2 2 2 2 0 2 0 2 2 2 2 0 0 0 2 2 2 0 2 2 2 2 0 2 2 2 2 1 0 2 2 2 2 2 2 0 2 0 2 2 2 2 0 2 2 0 2 2 0 2 2 2 2 2 0 2 2 2 2 2 2 2 2 2 2 0 2 2 0 2 0 2 2 0 2 2 2 1 2 0 0 0 0 2 2 2 2 0 2 2 2 2 2 0 2 0 2 2 2 2 2 0 2 2 0
913 0 0 0 2 0 0 0 2 0 0 2 0 0 0 0 0 0 0 0 0 0 2 0 0 0 0 0 2 0 0 2 2 0 2 0 1 0 0 0 0 2 0 2 2 0 0 2 0 0 2 2 2 2 2 0 0 2 0 0 2 2 0 0 2 2 0 0 2 2 2 2 0 2 2 0 0 0 0 2 0 2 0 2 2 2 0 0 0 2 0 0 0 2 2 2 0 2 0 2 0 2 0 0 2 2 0 0 2 0 0 0 0 2 0 2 0 0 2 2 0 2 0 2 2 0 0 0 2 2 0 0 0 0 0 2 0 2 0 2 0 0 0 0 2 2 0 2 0 0 0 2 2 2 2 0 2 2 2 2 0 2 2 2 0 0 0 0 1 2 0 2 0 0 2 0 2 2 2 0 0 2 0 2 0 2 2 2 2 2 0 1 0 0 0 2 0 0 0 0 2 2 0 0 2 2 2 2 0 2 0 2 2 0 2 2 0 0 2 0 2 2 2 2 2 2 2 0 2 2 0 0 0 0 2 2 2 2 0 2 0 0 2 0 0 2
914 2 2 0 0 2 2 2 0 0 2 0 0 2 2 2 2 2 0 2 0 0 0 2 2 2 2 2 0 0 2 0 0 2 2 2 1 2 2 0 2 0 2 2 2 2 0 0 2 0 0 2 2 2 0 2 2 2 2 0 0 2 2 0 2 0 2 2 2 2 2 2 0 2 2 2 2 0 0 0 2 2 2 0 2 0 2 0 2 2 2 2 0 2 0 2 2 2 2 0 0 2 2 2 0 2 2 2 2 2 2 2 2 2 2 0 2 2 2 0 2 2 0 2 2 2 2 2 2 2 2 2 2 2 2 2 2 2 2 2 2 2 2 2 2 2 2 2 2 2 2 2 2 0 2 2 2 2 2 2 2 2 2 2 2 2 2 2 2 0 2 2 2 2 2 2 2 0 2 2 2 2 2 2 2 2 2 2 2 2 2 2 2 2 2 2 2 2 0 2 2 2 2 2 2 2 2 2 2 0 2 2 0 0 2 2 2 2 2 0 2 2 2 2 2 2 0 2 2 0 2 2 2 2 2 0 2 2 2 0 2 2 2 2 2 2
915 2 2 0 0 2 2 2 0 0 2 0 0 2 2 2 2 2 0 2 0 0 0 2 2 2 2 2 0 0 2 0 0 2 2 2 1 2 2 0 2 0 2 2 2 2 0 0 2 0 0 2 2 2 0 2 2 2 2 0 0 2 2 0 2 0 2 2 2 2 2 2 0 2 2 2 2 0 0 0 2 2 2 0 2 0 2 0 2 2 2 2 0 2 0 2 2 2 2 0 0 2 2 2 0 2 2 2 2 2 2 2 2 2 2 0 2 2 2 0 2 2 0 2 2 2 2 2 2 2 2 2 2 2 2 2 2 2 2 2 2 2 2 2 2 2 2 2 2 2 2 2 2 0 2 2 2 2 2 2 2 2 2 2 2 2 2 2 2 0 2 2 2 2 2 2 2 0 2 2 2 2 2 2 2 2 2 2 2 2 2 2 2 2 2 2 2 2 0 2 2 2 2 2 2 2 2 2 2 0 2 2 0 0 2 2 2 2 2 0 2 2 2 2 2 2 0 2 2 0 2 2 2 2 2 0 2 2 2 0 2 2 2 2 2 2
916 0 2 2 2 2 2 2 2 2 0 2 2 2 0 2 2 2 2 0 2 2 2 2 0 2 2 2 2 2 0 2 2 2 0 2 1 2 2 2 2 2 0 0 2 2 2 2 2 2 2 2 2 0 2 2 2 2 2 2 2 2 0 0 0 2 2 2 2 0 2 2 2 0 0 2 0 2 2 0 2 2 2 2 0 0 2 2 0 2 2 2 2 2 0 2 2 0 2 2 2 2 2 2 2 2 2 2 2 0 2 2 2 2 2 2 2 2 2 0 2 0 2 2 2 2 2 2 2 2 2 2 2 2 2 2 2 2 2 2 2 0 2 2 2 0 2 2 2 2 2 2 2 2 2 2 0 2 2 2 2 2 0 0 2 2 2 2 1 2 2 0 2 2 2 2 2 2 2 2 0 0 2 2 2 2 0 2 2 2 2 2 2 0 2 0 2 2 0 2 2 2 2 2 2 2 0 2 2 2 2 2 0 2 0 2 2 2 2 0 0 2 2 2 2 0 2 2 0 0 2 2 2 0 0 0 0 2 0 0 2 2 0 2 2 2
917 2 0 2 0 0 2 0 2 2 2 2 0 0 2 2 2 2 2 2 2 2 0 0 2 2 2 2 0 2 2 2 0 0 2 2 2 0 2 2 0 0 2 2 2 0 2 2 0 2 2 0 2 2 2 0 0 2 2 2 2 0 2 2 0 0 0 2 0 0 0 2 0 2 2 2 2 2 0 0 2 0 0 0 2 0 2 2 2 2 2 2 2 2 0 2 0 2 0 2 2 0 2 0 0 2 0 2 2 0 0 0 2 2 0 2 2 0 2 0 0 2 2 2 2 2 0 0 0 2 2 0 2 2 0 0 2 0 2 0 2 2 2 2 2 2 2 2 2 1 2 0 2 2 0 2 0 2 0 2 0 2 0 2 2 2 2 2 0 0 0 0 0 2 0 2 2 0 0 0 2 2 2 2 2 0 2 0 0 0 0 0 2 2 2 2 2 2 0 2 2 0 2 2 0 0 1 0 2 2 0 2 0 2 2 0 0 2 1 0 0 0 2 0 0 0 0 2 2 0 2 2 0 2 2 0 2 0 2 0 2 0 2 0 2 0
918 2 2 2 0 2 2 2 2 2 2 2 2 2 2 2 2 2 2 2 2 2 2 2 2 2 2 2 2 2 2 2 2 0 2 2 2 2 2 2 2 2 2 2 2 2 2 0 2 2 2 2 2 0 0 2 2 2 2 2 2 2 2 2 0 0 2 2 2 0 2 0 2 2 0 2 2 2 2 2 2 2 0 2 2 2 2 2 2 2 2 2 2 2 2 2 0 2 2 2 2 2 2 2 0 2 2 2 2 2 2 2 2 2 2 0 2 0 2 2 0 2 0 2 2 0 2 2 2 2 2 0 2 2 0 2 2 2 2 0 2 2 2 2 2 0 2 2 2 2 2 2 2 0 2 2 0 2 2 2 2 2 2 2 2 2 2 2 1 0 2 2 2 2 2 2 2 0 2 2 2 2 2 2 2 2 2 2 0 2 2 2 2 2 2 2 2 2 2 2 2 2 2 0 2 2 1 2 2 0 2 2 2 2 0 2 0 0 2 2 0 2 2 2 2 2 2 2 2 2 2 2 2 2 2 2 0 2 2 2 2 0 2 0 2 2
919 2 2 2 2 2 2 2 2 2 2 2 2 2 2 2 2 2 2 2 2 2 2 2 2 2 2 0 2 2 2 2 2 2 2 2 1 2 2 2 2 2 2 0 2 0 2 2 2 2 2 2 2 2 2 2 2 2 2 2 2 2 2 0 2 2 2 2 2 2 0 2 2 2 2 2 2 2 2 0 0 0 2 2 2 0 2 2 0 2 2 2 2 0 0 2 2 2 2 2 2 2 2 2 2 2 2 2 2 2 2 2 2 2 2 2 2 2 2 2 2 2 2 2 2 2 2 2 0 2 2 2 2 2 2 2 2 0 2 2 2 2 2 2 2 2 2 2 2 2 2 2 2 2 2 0 2 2 0 2 2 2 2 2 2 2 2 2 2 2 2 2 0 2 2 2 2 2 2 2 2 2 2 2 0 2 2 0 2 2 2 1 2 0 2 2 2 0 0 2 2 2 2 2 2 2 2 0 2 2 2 2 0 2 2 2 2 2 2 0 2 2 2 2 0 2 2 2 2 0 2 2 2 2 2 0 2 2 2 2 2 2 2 2 0 0
920 2 2 2 2 0 2 0 2 2 2 2 0 0 2 2 2 2 2 2 2 2 2 2 2 2 2 2 2 2 2 2 2 2 2 2 2 0 2 2 2 0 2 2 0 2 2 2 0 2 2 2 2 2 2 2 2 2 2 2 2 2 2 2 2 2 0 2 2 2 2 2 0 2 2 2 2 2 0 2 2 2 2 0 2 2 2 2 2 2 2 0 2 2 2 2 2 2 2 2 2 2 2 2 2 2 2 2 2 2 2 0 2 2 0 2 2 2 2 2 2 2 2 2 0 2 0 0 2 2 2 2 2 2 2 2 0 2 2 2 2 2 0 0 2 2 2 2 0 1 2 2 2 2 2 2 2 2 2 2 0 2 2 2 2 2 0 2 1 2 0 2 2 2 0 2 2 2 2 0 2 2 2 2 2 0 2 2 2 2 0 1 2 2 2 0 0 2 2 2 2 2 2 2 2 2 1 2 2 2 2 2 2 2 2 0 2 2 2 2 2 2 2 2 2 2 0 2 2 2 2 2 2 2 2 2 2 2 2 2 2 2 2 2 2 2
921 0 2 0 0 0 0 0 2 2 0 0 0 0 0 0 0 0 2 0 2 0 2 2 0 0 0 0 2 2 0 0 2 2 2 2 0 0 2 2 2 2 0 2 0 0 0 0 0 0 0 2 2 0 0 2 2 0 2 0 0 2 0 0 2 0 0 2 0 2 0 2 0 2 0 0 0 0 0 0 2 2 0 0 2 0 0 0 0 0 2 0 2 0 0 0 2 0 2 2 0 0 0 2 0 0 2 0 0 0 2 0 2 0 0 0 2 2 0 0 2 0 2 0 0 2 0 2 2 0 0 0 2 0 2 2 0 2 0 0 0 0 0 0 2 0 0 2 0 0 2 2 0 0 0 0 0 0 2 2 0 2 0 0 0 0 0 0 2 0 0 2 0 0 0 0 2 0 0 0 0 0 2 0 0 0 0 0 2 0 0 0 2 0 2 0 0 0 0 0 0 2 0 2 2 2 1 0 2 0 2 0 0 0 0 0 0 2 1 0 2 0 0 0 0 2 0 2 0 0 2 2 0 0 0 0 2 2 0 0 0 2 0 2 0 2
922 2 2 2 2 2 2 2 2 2 2 2 2 2 2 2 2 2 2 2 2 2 2 2 2 2 2 2 2 2 2 2 2 2 2 2 2 2 2 2 2 2 2 2 2 2 2 2 2 2 2 2 2 2 2 2 2 2 2 2 2 2 2 2 2 2 2 2 2 2 2 2 2 2 2 2 2 2 2 2 2 2 2 2 2 2 2 2 2 2 2 2 2 2 2 2 2 2 2 2 2 2 2 2 2 2 2 2 2 0 2 2 2 2 2 2 2 2 2 2 2 2 2 2 2 2 2 2 2 2 2 2 2 0 2 2 2 2 2 2 2 2 2 2 2 2 0 2 2 2 2 2 2 2 2 2 2 0 2 2 2 2 0 2 2 2 2 2 2 2 2 2 2 2 2 2 2 2 2 2 2 0 2 2 2 2 0 2 2 2 2 2 2 2 2 2 2 2 2 0 2 2 2 2 2 2 2 2 2 2 2 0 2 2 2 2 2 2 1 2 2 2 0 2 2 2 2 2 0 2 2 2 0 2 0 2 2 2 2 2 0 2 0 2 2 2
923 0 2 0 0 0 0 0 0 2 0 0 0 0 0 0 0 0 2 0 2 0 2 2 0 0 0 0 2 2 0 0 2 0 2 2 0 0 2 2 2 2 0 0 0 0 0 0 0 0 0 2 2 0 0 2 2 0 2 0 0 2 0 0 0 0 0 2 0 0 0 0 0 2 0 0 0 0 0 0 0 0 0 0 2 0 0 0 0 0 2 0 2 0 0 0 0 0 2 0 0 0 0 2 0 0 2 0 0 0 2 0 2 0 0 0 2 0 0 0 0 0 0 0 0 0 0 2 0 0 0 0 2 0 0 2 0 0 0 0 0 0 0 0 2 0 0 2 0 0 2 0 0 0 0 0 0 2 0 2 0 2 0 0 0 0 0 0 0 0 0 0 0 0 0 0 2 0 0 0 0 0 2 0 0 0 2 0 2 0 0 0 0 0 2 0 0 0 0 0 0 2 0 0 0 2 0 0 0 0 2 2 0 0 0 0 0 0 1 0 0 0 0 0 0 0 0 0 0 0 0 0 0 0 0 0 0 2 0 0 0 0 0 0 0 0
924 2 2 2 2 0 2 0 2 2 0 2 2 0 2 2 2 2 2 2 0 2 2 2 2 2 2 2 2 2 2 2 2 2 2 2 2 0 2 2 0 2 2 2 2 2 2 2 0 2 2 2 2 2 2 2 2 2 2 2 2 2 2 2 2 2 0 2 2 2 2 2 2 2 2 2 2 2 2 2 2 2 2 2 2 2 2 2 2 2 2 2 2 2 2 2 2 2 2 2 2 2 2 2 2 2 0 2 0 2 2 0 2 2 0 2 2 2 2 2 2 2 2 2 2 2 0 2 2 2 2 2 2 2 2 2 2 2 2 2 2 2 2 2 2 2 2 2 2 2 2 2 2 2 2 2 2 2 2 2 0 2 2 2 2 2 2 2 2 2 0 2 2 2 0 2 2 2 2 0 2 2 0 2 2 0 2 2 2 2 0 1 2 2 0 2 2 2 2 2 2 2 2 2 2 2 2 2 2 2 2 2 2 2 2 2 2 2 1 2 2 2 0 2 2 2 2 2 2 2 2 2 0 2 2 2 0 2 2 2 2 2 2 2 2 2
925 2 2 2 2 0 2 0 2 2 2 2 2 0 2 2 2 2 2 2 2 2 2 2 2 2 2 2 2 2 2 2 2 0 2 2 2 0 0 0 2 0 2 2 2 2 2 2 0 2 2 2 2 0 0 2 2 0 0 2 2 2 2 2 0 0 0 0 2 0 0 0 2 2 0 2 2 2 2 0 0 2 0 2 2 0 2 2 2 0 2 2 0 2 0 0 0 0 2 2 2 0 2 2 0 2 2 2 2 2 2 0 0 0 0 0 2 0 0 2 0 0 2 2 2 2 0 0 2 0 2 0 0 2 0 2 2 2 2 0 2 2 2 2 2 2 2 2 2 2 2 0 0 2 0 0 2 2 2 2 0 0 2 0 2 2 2 2 1 0 0 2 2 2 0 2 0 0 0 0 2 2 2 2 2 0 2 0 2 0 0 0 2 2 2 2 2 2 0 2 2 2 2 2 0 2 1 0 2 2 2 2 0 2 2 2 0 2 2 0 0 0 2 2 2 2 2 2 2 0 2 2 2 2 2 0 0 2 2 2 2 0 2 0 2 2
926 2 2 2 2 0 2 0 2 2 2 2 2 0 2 2 2 2 2 2 2 2 2 2 2 2 2 2 2 2 2 2 2 0 2 2 2 0 0 0 2 0 2 2 2 2 2 2 0 2 2 2 2 0 0 2 2 0 0 2 2 2 2 2 0 0 0 0 2 0 0 0 2 2 0 2 2 2 2 0 0 2 0 2 2 0 2 2 2 0 2 2 0 2 0 0 0 0 2 2 2 0 2 2 0 2 2 2 2 2 2 0 0 0 0 0 2 0 0 2 0 0 2 2 2 2 0 0 2 0 2 0 0 2 0 2 2 2 2 0 2 2 2 2 2 2 2 2 2 2 2 0 0 2 0 0 2 2 2 2 0 0 2 0 2 2 2 2 1 0 0 2 2 2 0 2 0 0 0 0 2 2 2 2 2 0 2 0 2 0 0 0 2 2 2 2 2 2 0 2 2 2 2 2 0 2 1 0 2 2 2 2 0 2 2 2 0 2 2 0 0 0 2 2 2 2 2 2 2 0 2 2 2 2 2 0 0 2 2 2 2 0 2 0 2 2
927 2 0 2 2 2 0 2 0 2 2 2 2 2 2 0 0 0 2 2 2 2 2 2 2 0 0 0 2 2 2 2 2 2 2 0 0 2 2 2 2 2 2 2 2 2 2 2 2 2 2 2 2 2 2 2 2 2 2 2 2 2 2 0 2 2 2 2 2 2 2 2 2 2 2 0 2 2 2 2 2 2 2 2 2 2 0 2 2 2 0 0 2 2 2 2 2 2 2 0 2 0 0 0 2 2 2 0 2 2 2 2 2 2 2 2 2 2 2 2 2 2 2 2 2 2 2 2 2 2 2 2 2 0 2 2 0 2 0 2 0 2 0 0 0 2 0 2 0 0 0 2 2 2 0 0 2 2 0 0 2 2 0 2 0 0 0 0 1 2 2 0 0 0 2 0 2 2 0 2 2 0 2 2 0 2 2 2 2 0 2 2 0 2 2 0 0 0 2 0 2 0 0 2 2 2 1 2 0 2 0 2 2 2 2 2 2 2 1 2 2 2 0 2 2 0 2 0 2 2 0 0 2 2 0 2 2 2 2 2 0 2 2 2 0 0
928 0 0 0 0 0 0 0 0 0 0 0 0 0 0 0 0 0 0 0 0 0 0 0 0 0 0 0 0 0 0 0 0 0 0 0 0 0 2 0 0 0 0 2 0 0 0 1 0 1 0 0 0 2 0 0 0 0 2 0 0 0 0 0 2 0 0 2 2 2 0 0 0 2 2 0 0 0 0 0 0 0 0 0 2 0 0 0 0 2 0 0 0 0 0 0 0 2 0 0 0 0 0 0 0 2 0 0 0 0 0 0 0 2 0 0 0 0 2 2 0 2 0 0 0 0 0 0 0 2 0 0 0 0 0 0 0 0 0 0 0 0 0 0 0 1 0 0 0 0 0 0 2 2 0 0 1 2 0 0 0 0 0 2 0 0 0 0 1 0 0 0 0 0 0 0 0 0 0 0 0 0 0 2 0 0 2 0 0 0 0 0 0 0 0 0 0 0 2 0 2 0 0 0 0 0 1 0 0 2 0 2 0 0 1 0 0 0 0 2 2 0 0 2 0 0 0 0 0 0 0 0 0 0 0 0 2 0 0 2 0 0 2 0 0 0
929 2 2 0 2 2 2 2 2 0 2 0 2 2 2 2 2 2 2 2 2 0 2 2 2 2 2 2 2 2 2 0 2 2 2 2 2 2 2 2 2 2 2 2 2 0 0 2 0 0 0 0 2 2 2 2 2 2 2 0 0 0 2 2 2 2 2 2 2 2 2 2 0 2 2 2 2 0 2 2 2 2 2 2 2 2 2 0 2 2 2 2 2 2 2 2 2 2 2 2 0 2 2 2 0 2 2 2 2 2 2 2 2 2 0 0 2 2 2 2 2 2 2 2 2 2 2 2 2 2 2 2 2 2 2 2 2 2 2 2 2 2 2 2 2 2 2 2 2 2 2 2 2 2 2 2 2 2 2 2 0 2 2 2 2 2 2 2 2 2 0 2 2 2 2 2 2 2 2 0 2 2 2 2 2 2 2 2 2 2 0 1 2 2 2 2 2 2 2 2 2 2 2 2 2 2 2 2 2 2 2 2 2 0 2 2 2 2 2 2 2 2 2 2 2 2 2 2 2 2 2 2 2 2 2 2 2 0 2 2 2 2 2 2 2 2
930 2 2 2 2 2 2 2 2 2 2 2 2 2 2 2 2 0 2 2 2 2 2 2 2 2 2 2 2 2 2 2 2 2 2 2 2 2 2 2 2 2 2 2 2 2 2 2 2 2 2 2 2 2 2 2 2 2 2 2 2 2 2 2 2 2 2 2 2 2 2 2 2 2 2 0 2 2 2 2 2 2 2 2 2 2 0 2 2 2 2 0 2 2 2 2 2 2 2 2 2 0 2 2 2 2 2 0 2 2 2 2 2 2 2 2 2 2 2 2 2 2 2 2 2 2 2 2 2 2 2 2 2 0 2 2 0 2 2 2 0 2 0 0 2 2 2 2 2 2 2 2 2 2 0 2 2 2 2 2 2 2 2 2 0 0 0 0 2 2 2 2 2 0 2 0 2 2 0 2 2 2 2 2 2 2 2 2 2 0 2 2 2 2 2 2 0 2 2 2 2 2 0 2 2 2 2 2 2 2 2 2 2 2 2 2 2 2 2 2 2 2 2 2 2 2 2 2 2 2 2 2 2 2 0 2 2 2 2 2 2 2 2 2 2 2
931 2 2 2 2 2 2 2 0 2 2 2 2 2 2 2 2 0 2 2 2 2 2 2 2 2 2 0 2 2 2 2 2 2 2 2 1 2 2 2 2 2 2 0 0 2 2 0 2 2 2 2 0 0 0 2 2 0 2 2 2 2 2 0 2 2 2 2 2 2 0 0 2 2 0 0 2 2 2 2 0 2 2 2 2 2 0 2 2 0 2 0 2 2 2 2 2 2 0 0 2 0 2 2 2 0 2 0 0 2 2 2 2 0 2 2 2 2 2 0 2 2 2 2 0 0 2 2 0 0 2 2 2 0 2 2 0 2 2 2 0 2 0 0 0 2 2 0 2 2 2 2 0 0 0 2 0 0 2 0 2 0 2 0 0 0 0 0 2 2 2 2 0 0 2 0 0 2 0 2 2 2 2 0 0 2 0 2 2 0 2 2 2 2 2 0 0 0 2 0 0 2 0 0 2 2 1 2 2 0 2 0 2 2 2 0 2 0 1 2 2 2 0 2 2 2 2 2 2 0 0 2 2 2 0 2 0 2 2 0 0 2 0 2 0 0
932 2 2 2 2 2 2 2 2 2 2 2 2 2 2 2 2 2 2 2 2 2 2 2 2 2 2 2 2 2 2 2 2 2 2 2 2 2 2 2 2 2 2 2 2 2 2 2 2 2 2 2 2 2 2 2 2 2 2 2 2 2 2 2 2 0 2 2 0 2 2 2 2 0 2 2 2 2 2 2 2 0 0 2 0 2 2 2 2 2 2 2 2 2 2 2 2 2 2 2 2 2 2 2 2 2 2 2 2 2 2 2 2 2 2 2 2 2 2 2 2 2 2 2 2 2 2 2 2 2 2 0 2 2 2 2 2 2 2 0 2 2 2 2 2 2 2 2 2 2 2 2 2 2 2 2 2 2 2 2 2 2 2 2 2 2 2 2 2 0 2 2 2 2 2 2 2 0 2 2 2 2 2 2 2 2 2 2 2 2 2 2 2 2 2 2 2 2 2 2 2 2 2 2 2 2 2 2 2 2 2 2 2 2 2 2 0 2 2 2 2 0 2 0 2 2 2 2 0 2 2 2 2 2 2 2 2 2 2 2 2 2 2 2 2 2
933 2 2 2 0 2 0 2 2 2 2 2 2 2 2 2 0 2 2 2 2 2 2 2 2 2 0 2 2 2 2 2 2 2 0 2 1 2 2 2 2 0 2 2 0 2 2 2 2 2 2 0 2 2 0 2 2 2 2 2 2 0 2 2 2 2 2 2 2 2 2 2 2 2 2 2 2 2 2 2 2 2 2 0 2 2 2 2 2 2 2 2 2 0 2 2 2 2 0 2 2 2 0 2 2 2 2 2 2 2 2 2 2 2 2 2 2 2 2 2 2 2 2 0 0 2 2 0 2 2 0 2 2 2 2 0 2 2 0 2 2 2 2 2 2 2 2 2 2 1 0 2 2 2 2 2 2 2 2 2 2 2 2 2 2 2 2 2 2 2 2 2 2 2 2 2 2 2 2 2 2 2 0 2 2 2 2 2 0 2 2 1 2 2 0 2 2 2 2 2 2 0 2 2 2 0 2 2 2 2 0 2 2 2 2 2 2 2 1 2 2 2 2 2 2 2 0 2 2 2 2 2 0 2 2 2 2 0 2 2 2 2 2 2 2 2
934 0 0 0 0 0 2 2 2 0 0 0 0 0 0 0 2 2 0 0 0 0 0 0 0 0 2 2 0 0 0 0 0 0 2 2 1 2 2 0 0 0 0 2 0 0 0 2 0 0 0 0 2 2 0 0 0 2 2 0 0 0 0 2 2 2 0 2 2 2 2 2 0 2 2 2 0 0 0 0 2 2 2 0 2 0 2 0 0 2 2 2 0 0 0 0 0 2 2 2 0 2 2 0 0 2 0 2 2 0 0 0 0 2 0 0 0 2 2 2 0 2 0 0 0 2 2 2 2 2 0 2 0 2 0 0 2 0 2 2 2 0 2 2 2 0 2 2 2 1 0 0 2 2 2 0 2 2 2 2 0 2 0 2 2 2 2 2 2 2 0 0 2 2 0 2 2 2 2 0 0 0 0 2 2 0 2 0 0 2 0 0 0 0 0 2 2 2 2 0 2 0 2 2 2 0 2 0 0 2 0 2 2 0 0 2 2 2 0 2 2 2 0 2 0 0 0 0 2 2 2 0 0 0 2 2 2 0 0 2 0 2 2 0 2 2
935 2 2 0 2 2 2 2 2 0 2 0 2 2 2 2 2 2 0 2 0 0 2 2 2 2 2 2 2 0 2 0 2 2 2 2 2 2 2 0 0 2 2 2 0 0 0 2 0 0 0 2 2 2 0 2 2 2 2 0 0 2 2 2 2 2 2 2 2 2 2 2 0 2 2 2 2 0 2 2 2 2 2 0 2 2 2 0 2 2 2 2 0 0 2 2 2 2 2 2 0 2 2 2 0 2 2 2 2 2 2 2 2 2 0 0 0 2 2 2 2 2 2 2 0 2 2 2 2 2 2 2 2 2 2 2 2 2 2 2 2 2 2 2 2 2 2 2 2 2 2 2 2 2 2 2 2 2 2 2 0 2 2 2 2 2 2 2 2 2 0 2 2 2 2 2 2 2 2 0 2 2 2 2 2 2 2 2 2 2 0 0 2 2 2 2 2 2 2 2 2 2 2 2 2 2 2 2 2 2 2 2 2 0 2 2 2 2 1 2 2 2 2 2 2 2 0 2 2 2 2 2 2 2 2 2 2 2 2 2 2 2 2 2 2 2
936 2 2 2 2 2 0 0 0 2 2 2 2 2 2 2 0 0 2 2 2 2 2 2 2 2 0 0 2 2 2 2 2 2 0 0 0 0 2 2 2 2 2 0 0 2 2 0 2 2 2 2 0 0 0 2 2 0 2 2 2 2 2 0 2 2 2 2 2 2 0 2 2 2 0 0 2 2 2 2 0 0 2 2 2 2 0 2 2 0 0 0 2 2 2 0 2 0 0 0 2 0 0 2 2 0 2 0 0 2 2 2 2 0 2 2 2 0 2 0 2 0 2 2 0 2 0 2 2 0 0 2 2 0 2 2 0 2 0 2 0 2 0 0 0 2 0 0 0 1 2 2 0 0 0 2 0 0 0 0 2 0 0 0 0 0 0 0 2 2 2 0 0 0 2 0 0 2 0 2 2 2 2 0 0 2 0 2 0 0 2 2 0 2 2 0 0 0 0 0 0 2 0 0 0 2 1 2 0 0 2 0 0 2 2 0 2 0 2 0 2 2 2 2 0 0 2 0 2 0 0 0 0 2 0 0 0 2 2 0 0 0 0 2 0 0
937 2 2 2 2 2 2 2 0 2 2 2 2 2 2 2 2 2 2 2 2 2 2 2 2 2 2 0 2 2 2 2 2 2 2 2 0 0 2 2 2 2 2 0 2 2 2 0 2 2 2 2 2 0 2 2 2 0 2 2 2 2 2 2 2 2 2 2 2 2 2 2 2 2 0 2 2 2 2 2 0 2 2 2 2 2 2 2 2 0 2 2 2 2 2 0 2 0 2 0 2 2 2 2 2 0 2 2 2 2 2 2 2 0 2 2 2 2 2 0 2 0 2 2 2 2 2 2 2 0 0 2 2 2 2 2 2 2 2 2 2 2 2 2 2 2 2 2 2 2 2 2 0 0 2 2 0 0 2 2 2 2 2 2 2 2 2 2 2 2 2 2 2 2 2 2 2 2 2 2 2 2 2 0 0 2 0 2 0 2 2 2 0 2 2 0 2 2 2 2 0 2 2 2 2 2 1 2 0 0 2 0 2 2 2 2 2 2 2 2 2 2 2 2 2 2 2 0 2 2 0 0 0 2 2 2 0 2 2 0 2 2 0 2 2 0
938 0 2 2 2 0 2 0 0 2 0 2 0 0 0 2 2 0 2 0 2 2 2 0 0 2 2 2 2 2 0 2 2 2 2 0 2 0 2 2 2 2 0 2 2 2 2 2 2 2 2 2 2 2 2 0 0 2 2 2 2 2 0 0 2 0 0 2 0 2 0 2 2 0 2 0 0 2 0 2 2 0 0 2 0 2 0 2 0 2 0 0 2 2 2 0 2 2 0 0 2 0 2 2 2 2 2 0 0 2 2 0 2 2 2 2 2 0 0 2 2 2 2 2 2 0 0 0 2 2 2 0 2 0 2 2 0 2 2 0 0 0 0 0 0 2 0 2 0 2 2 0 2 0 0 2 2 2 0 0 2 0 0 2 0 0 0 0 2 0 2 0 0 0 2 0 2 0 0 2 0 2 2 2 2 2 2 2 2 0 2 2 0 0 2 0 0 0 0 0 2 2 0 0 0 2 1 0 0 2 0 0 0 2 2 0 0 0 2 0 2 0 2 0 2 0 2 0 0 0 0 0 0 0 0 0 2 2 0 2 0 0 2 2 0 0
939 2 2 2 2 2 2 2 2 2 2 2 2 2 2 2 2 0 2 2 2 2 2 2 2 2 2 0 2 2 2 2 2 2 0 0 2 2 2 2 2 2 2 2 2 2 2 2 2 2 2 2 2 2 2 2 2 2 2 2 2 2 2 2 2 2 2 2 2 2 2 2 2 2 2 0 2 2 2 2 2 2 2 2 2 2 0 2 2 2 0 2 2 2 2 2 2 2 2 2 2 2 2 2 2 2 2 0 2 2 2 2 2 2 2 2 2 0 2 2 2 2 2 2 2 2 2 2 2 2 2 2 2 2 2 2 0 2 2 2 0 2 2 0 2 2 2 2 2 2 2 2 2 2 2 2 2 2 2 2 2 2 2 2 0 0 0 0 2 2 2 2 2 0 2 0 2 2 2 2 2 2 2 2 0 2 2 2 2 2 2 2 2 2 2 2 2 2 2 2 2 2 0 2 2 2 2 2 2 2 2 2 2 2 2 2 2 2 2 2 2 2 2 2 2 2 2 2 0 2 2 2 2 2 2 2 2 2 2 2 2 0 2 2 2 2
940 2 2 2 2 2 2 2 2 2 2 2 2 2 2 2 2 2 2 2 2 2 2 2 2 2 2 2 2 2 2 2 2 2 2 2 2 2 2 2 2 2 2 2 2 2 2 2 0 2 2 2 2 2 2 2 2 2 2 2 2 2 2 2 2 2 2 2 2 2 2 2 2 2 2 2 2 2 2 2 2 2 2 0 2 2 2 2 2 2 2 2 2 2 2 2 2 2 2 2 2 2 2 2 2 2 2 2 2 2 2 2 2 2 0 2 2 2 2 2 2 2 2 2 2 2 2 2 2 2 2 2 2 2 2 2 2 2 2 2 2 2 2 2 2 2 2 2 2 2 2 0 2 2 2 2 2 2 2 2 0 2 2 2 2 2 2 2 2 2 0 2 2 2 2 2 0 2 2 0 2 2 2 2 2 2 2 2 2 2 0 1 2 2 2 2 2 2 2 2 2 2 2 2 2 2 2 2 0 2 2 2 2 2 2 2 2 2 1 2 2 2 0 2 2 2 0 2 2 2 2 0 2 2 2 2 2 2 2 2 2 2 2 2 2 2
941 0 0 0 0 0 2 0 2 0 0 0 0 0 0 0 2 0 0 0 0 0 0 0 0 0 2 0 0 0 0 0 0 0 0 0 1 0 0 0 0 2 0 0 0 0 0 0 0 0 0 0 0 0 0 0 0 0 0 0 0 0 0 0 2 0 0 0 0 2 0 0 0 0 0 0 0 0 0 0 0 2 0 0 0 0 0 0 0 0 0 0 0 0 0 0 0 0 0 2 0 0 2 0 0 0 0 0 0 2 0 0 0 0 0 0 0 0 0 0 0 0 0 0 0 0 0 0 0 0 0 0 0 0 0 0 0 0 2 0 0 0 0 0 0 2 2 0 0 1 0 0 0 0 0 0 0 0 0 0 0 0 0 0 0 0 0 0 1 0 0 2 0 0 0 0 0 0 0 0 0 2 0 0 0 0 0 0 0 0 0 0 0 0 0 0 0 0 0 0 0 0 0 0 0 0 1 0 0 0 0 0 0 0 2 0 0 0 0 0 2 0 0 0 0 2 0 0 0 0 2 0 0 0 0 0 2 2 0 0 0 0 0 0 0 0
942 2 0 2 2 2 2 0 2 2 2 2 2 2 2 2 2 2 2 2 2 2 2 2 2 2 2 2 2 2 2 2 2 2 2 2 2 2 0 2 2 2 2 2 2 2 2 2 2 2 2 2 2 2 2 2 2 2 0 2 2 2 2 0 2 2 2 0 2 2 0 2 2 0 2 2 2 2 2 2 2 2 2 0 0 2 2 2 2 2 2 2 2 0 2 2 2 2 2 2 2 2 2 0 2 2 2 2 2 2 2 2 0 2 2 2 2 2 2 0 2 0 2 2 2 0 0 2 2 0 2 2 0 2 2 2 2 2 2 2 2 2 2 2 2 2 2 2 2 1 2 2 2 2 2 2 2 0 2 2 2 2 2 2 2 2 2 2 1 2 2 2 2 2 2 2 0 2 2 2 2 0 2 2 2 2 0 2 2 2 2 1 2 2 2 2 2 2 2 2 2 2 2 2 0 2 2 0 2 2 2 2 2 2 2 0 2 2 2 0 2 2 2 2 2 2 0 2 2 2 2 2 2 2 2 2 2 2 2 0 2 2 2 0 2 2
943 0 0 0 0 2 2 0 2 2 0 2 0 2 0 2 2 2 2 0 0 2 0 2 0 2 2 2 0 2 0 2 0 0 0 0 2 2 0 2 0 0 0 2 2 2 0 2 2 0 0 0 2 2 0 2 2 2 0 0 2 0 0 0 2 2 2 0 0 2 2 0 2 0 2 2 0 0 0 2 2 2 2 2 0 0 2 0 2 2 0 0 2 0 2 2 0 2 2 2 0 2 2 0 2 0 2 2 2 2 2 2 0 2 2 2 0 0 2 0 0 0 2 2 2 0 0 2 2 0 2 2 0 0 0 0 2 0 2 0 2 0 0 2 0 2 0 2 2 2 2 2 0 2 2 0 2 0 2 0 2 0 2 0 2 2 2 2 2 2 2 2 2 2 0 2 0 2 2 2 0 0 2 2 2 0 0 0 2 2 2 2 0 2 2 2 0 2 0 0 0 2 2 2 2 0 2 2 2 2 2 2 0 0 2 2 2 2 0 0 2 2 0 0 2 2 0 0 0 2 2 2 2 0 2 0 0 2 0 0 0 0 0 0 2 0
944 2 0 2 2 2 2 0 2 2 2 2 2 2 2 2 2 0 2 2 2 2 2 2 2 2 2 2 2 2 2 2 2 0 0 2 2 2 0 2 2 2 2 2 2 2 2 2 2 2 2 2 2 2 2 2 2 2 0 2 2 2 2 2 2 2 2 0 2 2 2 2 2 0 2 0 2 2 2 2 2 2 2 2 0 0 2 2 2 2 2 2 2 0 2 0 0 2 2 2 2 2 2 0 2 2 2 2 2 2 2 2 0 2 2 2 0 2 2 0 0 0 2 2 2 2 0 2 2 0 2 2 0 2 0 2 2 2 2 2 0 2 2 2 2 2 2 2 2 1 2 2 2 2 2 2 2 2 2 2 2 2 2 2 0 0 2 2 1 2 2 2 2 0 2 2 2 2 2 2 2 0 2 2 2 2 2 0 2 2 2 1 2 2 2 2 2 2 0 0 2 2 0 2 2 2 2 2 2 2 2 2 2 2 2 2 2 2 2 0 2 2 2 2 2 2 2 2 2 2 2 2 2 2 2 2 0 2 2 0 0 2 2 0 2 2
945 2 0 2 2 2 2 0 2 2 2 0 2 2 2 2 2 2 2 2 2 2 0 2 2 2 2 2 0 2 2 0 0 0 0 2 2 2 2 0 0 2 2 2 2 2 2 2 0 2 0 2 2 2 2 2 2 2 2 2 2 2 2 2 2 2 2 2 2 2 2 2 0 2 2 2 2 2 2 0 2 2 2 2 2 2 2 2 2 2 2 2 0 2 0 2 0 2 2 2 2 2 2 0 2 2 2 2 2 2 2 2 0 2 0 2 2 2 2 2 0 0 2 2 2 2 0 2 2 2 2 2 0 2 0 2 2 2 2 0 2 2 2 2 2 2 2 2 2 1 2 0 2 2 2 2 2 2 2 2 0 2 2 0 2 2 2 0 1 2 0 2 0 2 2 0 2 2 2 0 2 0 2 2 2 2 2 0 2 2 0 1 2 2 2 2 2 2 0 0 2 2 2 2 2 2 2 0 0 2 2 2 2 2 2 2 2 2 2 2 2 2 2 2 2 2 2 2 2 2 2 0 2 2 2 2 2 2 2 2 0 2 2 0 2 2
946 2 2 2 2 2 2 2 2 2 2 2 2 2 2 2 2 2 2 2 2 2 2 2 2 0 2 2 2 2 2 2 2 2 2 2 1 0 2 2 2 2 2 2 2 2 2 2 2 2 2 2 2 2 2 2 2 2 2 2 2 2 2 2 2 2 2 2 2 2 0 2 2 0 2 2 2 2 2 2 2 2 2 2 0 2 2 2 2 2 2 0 2 0 2 2 2 2 2 2 2 2 2 2 2 2 2 0 2 0 0 2 2 2 2 2 2 2 2 2 2 2 2 2 2 2 2 2 2 2 2 2 2 2 2 2 2 2 2 2 2 2 2 2 2 2 2 2 0 2 2 2 2 2 2 2 2 2 2 2 2 2 0 2 2 2 2 2 2 2 2 2 2 2 2 2 2 2 2 2 2 2 2 2 2 2 2 2 2 2 2 1 2 2 2 2 0 2 2 2 2 2 2 0 2 2 2 2 2 2 2 2 2 2 2 2 2 0 2 2 2 2 2 2 0 2 2 2 2 0 2 2 2 2 2 2 2 2 2 2 2 2 2 2 2 0
947 2 2 2 2 2 2 2 2 2 2 2 2 2 2 2 2 2 2 2 2 2 2 2 2 2 2 2 2 2 2 2 2 0 2 2 1 2 2 2 2 2 2 2 2 0 2 2 2 2 2 2 2 2 2 2 2 2 2 2 2 2 2 2 2 2 2 2 2 2 2 2 2 2 2 2 2 2 2 2 2 2 0 2 2 2 2 2 2 2 2 2 2 2 2 2 0 2 2 2 2 2 2 2 2 2 2 2 2 2 2 2 0 2 2 2 2 2 2 2 0 2 2 2 2 2 2 2 2 2 2 2 0 2 0 2 2 2 2 2 2 2 2 2 2 2 2 2 2 2 2 0 2 0 2 0 2 2 2 2 2 2 2 2 2 2 2 2 2 2 2 2 2 2 2 2 2 2 2 2 2 2 2 2 2 2 2 2 2 2 2 2 2 2 2 2 2 2 2 2 2 2 2 2 2 2 2 2 2 2 2 2 2 2 2 2 2 2 2 2 2 2 2 2 2 2 2 2 2 2 2 2 2 2 2 2 0 0 2 2 2 2 2 2 2 2
948 0 0 2 0 0 0 2 0 0 0 0 0 0 0 2 0 0 2 0 2 2 0 0 0 0 0 0 0 2 0 0 0 0 0 0 0 0 0 0 0 0 0 2 0 0 2 2 2 2 0 0 0 0 0 0 0 0 0 2 0 2 0 0 0 0 0 0 2 0 2 2 0 2 0 0 0 2 0 2 2 2 0 0 2 2 0 2 0 0 0 2 0 2 2 0 0 2 0 0 2 2 0 0 0 0 0 0 2 2 0 0 0 2 2 0 0 0 2 0 0 0 0 0 0 0 2 0 2 2 0 2 0 0 0 0 0 2 0 2 0 0 0 0 0 0 0 0 0 1 0 0 0 0 2 0 0 2 0 0 2 2 0 0 0 0 0 0 1 0 2 0 0 0 2 0 2 0 2 2 0 0 0 0 0 2 2 0 0 0 0 0 0 0 0 0 0 2 2 0 0 0 0 2 2 0 0 2 0 2 0 0 0 2 0 2 0 2 0 0 0 0 0 2 2 0 0 0 2 2 0 0 0 0 0 0 0 0 0 0 0 0 0 0 0 0
949 0 2 2 2 2 2 2 0 2 2 2 2 2 0 2 2 2 2 0 2 0 2 2 0 2 2 2 2 2 0 1 2 2 2 2 2 2 2 2 2 2 0 2 0 2 2 2 2 2 2 2 2 0 2 2 2 2 2 2 2 2 0 2 2 2 2 2 2 2 2 0 2 2 0 2 0 2 2 2 2 0 2 2 2 2 2 2 2 2 2 2 2 2 2 2 2 2 2 0 2 2 2 2 2 0 2 2 0 2 2 2 2 0 2 2 2 2 0 2 2 2 0 2 0 2 2 2 0 0 2 2 2 2 2 2 2 2 2 2 2 0 2 2 2 0 2 2 2 2 2 2 0 2 2 2 2 2 2 2 2 2 2 2 2 2 2 2 2 2 2 2 2 2 2 2 2 2 2 2 2 2 2 2 2 2 2 2 0 2 2 2 2 2 2 2 2 2 2 0 0 2 2 2 2 2 2 2 0 2 2 0 2 2 0 2 2 2 2 2 2 2 2 2 2 2 2 2 2 2 0 0 2 2 2 2 2 2 2 2 0 2 2 2 2 2
950 2 2 2 2 2 2 2 2 2 2 2 2 2 2 2 2 2 2 2 2 2 2 2 2 2 2 2 2 2 2 2 2 0 2 2 2 2 2 2 2 2 2 2 2 2 2 2 2 2 2 2 2 2 2 2 2 2 2 2 2 2 2 2 2 0 2 2 2 2 2 2 2 2 2 2 2 2 2 0 2 2 2 2 2 2 2 2 2 2 2 2 2 2 0 2 0 2 2 2 2 2 2 2 2 2 2 2 2 2 2 2 2 2 2 2 2 2 2 2 0 0 2 2 2 2 2 2 2 2 2 2 2 2 0 2 2 2 2 2 2 2 2 2 2 2 2 2 2 1 2 0 2 2 2 2 2 2 2 2 2 2 2 0 2 2 2 2 1 2 2 2 2 2 2 2 2 2 2 2 2 2 2 2 2 2 2 2 2 2 2 2 2 2 2 2 2 0 0 0 2 2 2 2 0 2 2 0 2 2 2 2 2 2 2 0 2 2 2 2 2 2 2 2 2 2 2 2 2 2 2 2 2 2 2 2 2 2 2 2 0 2 2 0 2 2
951 0 2 2 0 2 2 0 2 2 2 0 2 2 0 0 2 0 2 0 2 0 2 2 0 0 2 2 2 2 0 2 2 0 2 2 2 2 0 2 0 2 0 2 0 0 2 2 2 2 2 0 0 2 2 2 2 0 0 2 2 2 0 2 0 0 2 0 0 2 0 0 0 0 2 0 0 2 2 0 0 0 2 2 0 2 0 2 2 2 2 0 2 0 0 0 0 0 0 2 2 2 2 2 2 2 0 2 0 0 0 2 2 2 2 2 2 2 2 0 0 2 2 2 0 0 0 2 2 0 2 0 2 0 0 0 2 2 2 2 0 0 0 2 0 0 0 0 0 1 2 0 0 2 2 0 2 0 2 0 2 2 0 2 2 0 2 2 1 2 2 0 0 0 2 2 2 2 2 2 0 2 2 2 2 2 0 0 0 2 0 1 2 2 2 2 2 0 0 2 2 2 0 0 0 0 2 0 2 2 0 0 0 2 0 0 2 0 1 0 2 2 0 0 0 0 2 2 2 2 0 2 0 0 2 0 0 0 0 0 2 2 2 0 2 0
952 2 2 2 2 2 0 2 2 2 2 2 2 2 2 2 0 0 2 2 2 2 2 2 2 2 0 0 2 2 2 2 2 2 2 0 1 2 2 2 2 0 2 2 0 2 2 2 2 2 2 2 2 2 2 2 2 2 2 2 2 0 2 2 2 0 2 2 2 2 2 2 2 2 2 0 2 2 2 2 2 2 0 2 2 2 0 2 2 2 0 2 2 2 2 2 2 2 2 2 2 2 0 2 2 0 0 0 2 2 2 2 2 2 2 2 2 0 0 2 2 2 2 2 0 2 2 2 2 2 0 2 2 2 2 2 2 0 0 0 0 2 2 0 0 2 2 2 2 1 2 2 2 2 0 2 2 2 0 0 2 2 2 2 0 2 2 2 2 0 2 2 2 0 2 2 2 2 0 2 2 2 2 2 0 2 2 2 2 0 2 2 2 2 2 0 2 2 2 0 1 2 0 2 2 2 1 2 0 2 2 2 2 2 2 2 2 2 0 2 2 0 0 2 2 2 2 2 2 2 2 0 2 2 2 2 2 2 2 2 0 0 0 2 0 0
953 2 2 0 2 2 2 2 2 0 2 2 2 2 2 2 2 2 0 2 0 2 2 2 2 2 2 2 2 0 2 2 2 2 2 2 2 2 2 2 2 0 2 2 2 2 0 2 2 0 2 2 2 2 2 2 2 2 2 0 2 0 2 2 2 2 2 2 2 2 2 2 2 2 2 2 2 0 2 2 2 2 2 2 2 2 2 0 2 2 2 2 2 2 2 2 2 2 2 2 0 2 2 2 0 2 0 2 2 2 2 2 2 2 2 2 2 2 2 2 2 2 0 2 2 2 2 2 0 0 2 2 2 2 2 0 0 2 2 2 2 2 2 2 2 2 2 2 2 1 2 2 2 2 2 2 0 0 2 2 2 0 2 2 2 2 0 2 1 2 2 2 2 2 2 2 2 2 2 2 2 2 2 2 2 2 0 2 2 2 2 2 2 2 2 2 0 2 2 2 2 2 2 2 2 0 2 2 2 2 2 0 2 0 2 2 2 2 1 2 2 2 2 2 2 2 2 2 2 2 2 2 2 2 2 2 0 0 2 2 2 2 2 2 2 2
954 2 2 2 2 2 2 2 2 2 2 2 2 2 2 2 2 2 2 2 2 2 2 2 2 2 2 2 2 2 2 2 2 2 2 2 2 2 2 2 2 2 2 2 2 2 2 2 2 2 2 2 2 2 2 2 2 2 2 2 2 2 2 2 2 2 2 2 2 2 2 2 2 2 2 2 2 2 2 2 2 2 2 2 2 2 2 2 2 2 2 2 2 2 2 2 2 2 2 2 2 2 2 2 2 2 2 2 2 0 2 2 2 2 2 2 2 2 2 0 2 2 2 2 2 2 2 2 2 2 2 2 2 2 2 2 2 2 2 2 2 2 2 2 2 0 0 2 2 2 2 0 2 2 2 0 2 2 2 2 2 2 2 2 2 2 2 2 2 2 2 0 0 2 2 2 2 2 2 2 2 2 2 2 2 2 2 2 2 2 2 2 2 2 2 2 2 2 2 2 2 2 2 0 0 2 2 2 2 2 2 2 2 2 0 2 2 0 2 2 2 2 2 2 2 0 2 2 2 2 2 2 2 2 2 2 2 2 2 0 2 2 2 0 2 2
955 0 2 2 2 0 2 2 2 2 2 2 2 0 0 2 2 0 2 0 2 2 0 0 0 2 2 0 0 2 0 2 0 2 2 2 1 0 2 2 2 2 0 2 2 0 2 2 2 2 2 2 0 2 2 0 0 2 2 2 2 2 0 2 2 0 0 2 0 2 0 2 2 2 2 0 0 2 2 2 0 2 0 2 2 2 0 2 0 2 2 2 2 0 2 0 2 2 2 2 2 0 2 2 2 2 2 2 2 2 2 0 2 0 2 2 2 2 2 2 2 2 2 0 2 2 2 0 2 0 2 2 2 2 2 2 2 2 2 0 0 0 2 2 2 2 2 0 2 1 2 2 2 2 2 2 2 0 2 2 2 2 2 2 2 2 2 2 1 0 2 2 2 0 2 2 2 2 2 2 2 2 2 2 0 2 0 2 2 2 0 0 2 0 2 2 2 2 2 2 2 2 0 2 2 2 2 0 2 2 2 2 2 2 2 2 2 2 2 2 2 0 2 0 0 2 2 2 2 2 0 2 2 2 2 2 2 2 2 2 2 2 2 2 2 0
956 0 2 2 2 0 2 2 2 2 2 2 2 0 0 2 2 0 2 0 2 2 0 0 0 2 2 0 0 2 0 2 0 2 2 2 1 0 2 2 2 2 0 2 2 0 2 2 2 2 2 2 0 2 2 0 0 2 2 2 2 2 0 2 2 0 0 2 0 2 0 2 2 2 2 0 0 2 2 2 0 2 0 2 2 2 0 2 0 2 2 2 2 0 2 0 2 2 2 2 2 0 2 2 2 2 2 2 2 2 2 0 2 0 2 2 2 2 2 2 2 2 2 0 2 2 2 0 2 0 2 2 2 2 2 2 2 2 2 0 0 0 2 2 2 2 2 0 2 1 2 2 2 2 2 2 2 0 2 2 2 2 2 2 2 2 2 2 1 0 2 2 2 0 2 2 2 2 2 2 2 2 2 2 0 2 0 2 2 2 0 0 2 0 2 2 2 2 2 2 2 2 0 2 2 2 2 0 2 2 2 2 2 2 2 2 2 2 2 2 2 0 2 0 0 2 2 2 2 2 0 2 2 2 2 2 2 2 2 2 2 2 2 2 2 0
957 2 2 2 2 2 0 2 0 2 2 2 2 2 2 0 0 2 2 2 2 2 2 2 2 0 0 2 2 2 2 2 2 2 2 0 2 2 0 2 2 2 2 2 2 2 2 2 2 2 2 2 2 2 2 2 2 2 0 2 2 2 2 2 2 2 2 0 2 2 2 2 2 0 2 2 2 2 2 2 2 2 2 2 0 2 2 2 2 2 0 0 2 2 2 2 2 2 2 0 2 2 0 2 2 2 2 0 2 0 0 2 2 2 2 2 2 0 2 2 2 0 2 2 2 0 2 2 2 2 0 2 2 0 2 2 2 0 0 2 2 2 0 0 0 2 2 2 0 1 2 2 2 2 0 2 2 2 0 0 2 2 2 0 0 0 2 0 2 2 2 2 2 2 2 0 0 2 0 2 2 2 2 2 2 2 2 2 2 0 2 2 0 2 2 0 2 2 2 2 2 2 2 0 2 2 1 2 2 2 2 2 0 2 2 2 2 0 2 2 2 2 2 2 2 2 2 0 2 2 2 2 2 2 0 0 2 2 2 2 2 0 0 2 0 2
958 0 2 2 2 0 2 2 2 2 2 2 2 0 0 2 2 0 2 0 2 2 2 0 0 2 2 0 2 2 0 2 2 0 2 2 1 0 2 2 2 2 0 2 2 0 2 2 2 2 2 2 2 0 2 0 0 2 2 2 2 2 0 2 2 2 0 2 0 2 0 2 2 2 0 0 0 2 2 0 0 2 0 2 2 2 0 2 0 2 2 0 2 0 0 2 0 2 2 2 2 2 2 2 2 2 2 2 2 2 2 0 2 2 2 2 2 2 2 2 0 2 2 0 2 2 2 2 2 0 2 2 2 0 0 2 2 2 2 2 0 0 0 2 2 2 2 2 2 2 2 2 2 2 2 2 2 0 2 2 2 2 2 2 2 0 2 0 2 0 2 2 2 2 2 0 2 2 2 2 2 2 2 2 0 2 0 2 2 2 2 1 0 0 2 2 2 2 0 2 2 2 0 2 2 2 2 0 2 2 2 2 2 2 2 0 2 2 2 0 2 2 2 0 0 2 2 0 2 2 2 2 2 2 0 2 2 2 2 2 2 2 2 2 2 2
959 2 2 2 2 2 2 2 2 2 2 2 2 2 2 2 2 2 2 2 2 2 2 2 2 2 2 2 2 2 2 2 2 2 2 0 2 2 2 2 0 2 2 2 2 0 2 2 2 2 2 2 2 2 2 2 2 2 2 2 2 2 2 2 2 2 2 2 2 2 2 2 0 2 2 2 2 2 2 2 2 0 2 2 2 2 2 2 2 2 0 2 2 2 2 2 2 2 2 2 2 2 2 2 2 0 2 2 2 2 2 2 2 2 2 2 2 0 2 2 2 2 2 2 2 2 2 2 2 2 2 2 2 2 2 2 2 2 2 2 2 2 2 2 2 2 2 2 2 2 2 0 2 2 2 2 2 2 2 2 2 2 2 2 2 2 2 2 2 2 2 2 2 2 2 2 2 2 2 2 2 2 2 2 2 2 2 0 2 2 2 2 2 2 2 2 2 2 2 2 1 2 2 2 2 2 2 2 2 2 2 2 2 2 2 2 2 2 2 2 2 2 2 2 2 2 2 2 0 0 2 2 0 2 2 2 2 2 2 2 2 0 2 2 2 2
960 2 2 2 2 2 2 2 2 2 2 2 2 2 2 0 2 0 2 2 2 2 2 2 2 2 2 2 2 2 2 2 2 2 2 2 2 2 0 2 2 2 2 2 2 2 2 2 2 2 2 2 0 2 2 2 2 2 0 2 2 0 2 2 2 2 2 0 2 2 2 2 2 2 2 0 2 2 2 2 2 2 2 2 2 2 0 2 2 2 2 2 2 0 2 2 2 2 2 2 2 2 2 2 2 2 2 0 2 2 0 2 0 2 2 2 2 2 2 2 2 2 2 2 2 2 2 2 2 2 2 2 2 2 2 2 0 2 2 2 0 2 2 2 2 2 2 0 2 1 2 2 2 2 2 2 0 2 0 2 2 2 2 2 2 2 0 2 2 2 2 2 2 2 2 2 2 2 2 2 2 2 2 2 2 2 2 2 2 2 2 2 2 2 0 2 0 2 2 2 2 2 0 2 2 2 2 2 2 2 2 2 2 2 2 2 2 2 2 2 2 2 2 2 2 2 2 2 2 2 2 2 2 2 2 2 2 2 2 2 2 2 2 2 2 2
961 2 2 2 2 2 2 2 2 2 2 2 2 2 2 2 2 2 2 2 2 2 2 2 2 2 2 2 2 2 2 2 2 2 2 2 2 2 2 2 2 2 2 2 2 2 2 2 2 2 2 2 2 2 2 2 2 2 2 2 2 2 2 2 2 2 2 2 2 2 2 2 2 2 2 2 2 2 2 2 2 0 2 2 2 2 2 2 2 2 2 2 2 2 2 2 2 2 2 2 2 2 2 2 2 2 2 2 2 2 2 2 2 2 2 2 2 2 2 2 2 2 2 2 2 2 2 2 2 2 2 2 2 2 2 2 2 2 2 2 2 2 2 2 2 2 0 2 2 2 2 2 2 2 2 0 2 2 2 2 2 2 2 2 2 2 2 2 2 2 2 0 0 2 0 2 2 2 2 2 2 2 2 2 2 0 2 2 2 0 0 1 2 2 2 2 2 0 2 0 2 2 2 2 2 2 2 2 0 2 2 2 2 2 2 2 2 2 2 2 2 2 2 2 2 0 2 2 2 2 2 0 2 2 2 2 2 2 2 2 0 2 2 2 2 2
962 0 2 2 2 2 2 2 2 2 2 2 2 2 0 2 2 0 2 0 0 2 2 2 0 2 2 0 2 2 0 2 2 2 2 2 1 2 2 2 2 2 0 2 2 2 2 2 2 2 2 2 0 2 2 2 2 2 2 2 2 2 0 2 2 2 2 2 2 2 2 2 0 2 2 0 0 2 2 0 2 2 0 2 2 0 0 2 2 2 2 2 2 2 0 2 2 2 0 2 2 2 2 2 2 2 2 2 2 2 2 2 2 2 2 2 0 2 2 0 2 2 2 2 2 2 2 2 2 2 2 0 2 0 2 2 0 2 2 2 0 0 0 0 0 2 2 0 0 1 2 2 2 2 2 2 0 2 2 0 2 2 2 2 2 2 0 0 1 0 2 2 2 0 2 0 2 2 2 2 2 2 2 2 0 2 2 2 2 2 2 1 0 2 2 2 0 0 2 0 2 2 0 2 2 2 2 2 0 2 0 2 2 2 2 0 2 2 0 2 2 2 0 2 0 2 2 0 0 2 2 0 2 2 2 2 2 2 2 0 0 2 2 2 2 0
963 0 0 0 0 0 0 2 0 0 0 0 0 0 0 0 0 0 0 0 0 0 0 0 0 0 0 0 0 0 0 0 0 2 0 0 0 0 0 0 0 0 0 0 0 0 0 0 0 0 0 0 0 0 0 0 0 0 0 0 0 0 0 0 0 0 0 0 0 0 0 0 0 2 0 0 0 0 0 0 0 2 0 0 2 0 0 0 0 0 0 0 0 2 0 0 2 0 0 0 0 0 0 0 0 0 0 0 0 2 0 0 2 0 0 0 0 2 0 0 2 0 0 0 0 2 2 0 0 0 0 0 2 0 2 0 0 0 0 0 0 0 0 0 0 0 2 0 0 0 0 0 0 0 0 2 0 0 0 0 0 0 0 0 0 0 0 0 0 0 0 2 2 0 0 0 2 0 0 0 0 2 0 0 0 0 0 2 0 0 0 0 0 0 0 0 0 0 2 0 0 0 0 2 0 0 0 0 0 0 0 0 2 0 0 0 0 2 0 0 0 0 0 0 0 2 0 0 0 0 0 0 0 0 0 2 0 0 0 0 0 2 0 2 0 0
964 2 2 2 2 2 2 2 2 2 2 0 2 2 2 0 2 2 2 2 2 0 2 2 2 2 2 2 2 2 2 2 2 2 2 2 2 2 0 2 0 2 2 2 2 2 2 2 2 2 0 2 2 2 2 2 2 2 0 2 2 2 2 2 0 2 2 0 2 0 2 2 2 2 2 2 2 2 2 2 2 2 2 0 2 2 2 2 2 2 2 2 2 2 2 2 2 2 2 2 2 2 2 2 2 2 2 2 2 2 0 2 2 2 2 0 2 2 2 2 2 2 2 2 2 2 2 2 2 2 2 2 2 2 2 2 2 2 2 2 2 2 2 2 2 2 2 2 2 1 2 2 2 2 2 2 2 2 2 2 2 2 2 2 2 2 2 2 1 2 2 2 2 2 2 2 2 0 2 2 2 2 2 2 2 2 2 2 2 2 2 2 2 2 2 2 2 2 2 2 2 2 2 2 2 2 1 2 2 2 2 2 2 2 2 2 2 2 2 2 0 2 2 2 2 2 0 2 2 2 2 2 2 2 2 2 2 2 2 2 2 2 2 2 2 2
965 2 0 0 2 0 0 2 0 2 2 2 0 0 0 2 0 0 2 2 0 2 0 0 0 2 0 0 0 2 2 0 0 2 2 2 1 0 2 2 2 2 0 2 0 0 0 2 2 2 2 2 0 0 0 0 0 0 2 0 0 0 0 2 2 2 0 2 2 2 0 0 0 2 0 0 2 0 0 0 0 2 0 2 2 0 0 0 0 2 2 0 2 2 0 0 2 2 0 0 0 0 0 0 0 2 0 0 2 2 2 0 2 0 2 2 0 2 2 0 2 2 2 0 0 2 2 0 0 2 0 2 2 2 2 2 2 0 0 2 0 2 2 0 0 0 2 0 0 1 2 0 0 0 2 2 2 0 0 0 2 0 2 2 2 0 0 2 1 0 2 2 2 0 0 2 2 2 2 2 0 2 2 0 0 0 0 2 0 2 0 0 2 0 0 0 2 0 2 2 1 2 0 2 2 2 2 0 2 2 0 0 2 0 0 0 0 2 0 0 2 0 0 2 0 2 2 2 0 0 0 2 0 0 0 2 0 2 0 0 2 2 0 2 0 0
966 2 2 2 2 2 2 2 2 2 2 2 0 2 2 0 2 2 2 2 2 2 2 2 2 2 2 2 2 2 2 2 2 2 2 2 2 2 0 2 2 2 2 2 2 2 2 2 2 2 2 2 2 0 2 2 2 2 0 2 2 2 2 2 0 2 2 0 2 0 2 2 2 2 0 2 2 2 0 2 2 2 2 0 2 2 2 2 2 2 2 2 2 2 2 2 2 2 2 2 2 2 2 2 2 2 2 2 2 2 0 2 2 2 2 2 2 2 2 2 2 2 2 2 2 2 2 2 0 2 2 2 2 2 2 2 2 2 2 2 2 2 2 2 2 2 2 2 2 1 2 2 2 2 2 2 2 2 2 2 2 2 2 2 2 2 2 2 1 2 2 2 2 2 2 2 2 0 2 2 2 2 2 2 2 2 2 2 2 2 2 2 2 2 2 2 2 2 2 2 2 2 2 2 2 2 1 2 2 2 2 2 2 2 2 2 2 2 2 2 0 2 2 2 2 2 0 2 2 2 2 2 2 2 2 2 2 2 2 2 2 2 2 2 2 2
967 2 2 2 2 2 2 2 0 2 2 2 0 2 2 2 2 2 2 2 2 2 2 2 2 2 2 2 2 2 2 2 2 2 2 2 2 2 2 2 2 2 2 2 2 2 2 2 2 2 2 2 2 0 2 2 2 2 2 2 2 2 2 2 2 2 2 2 2 2 0 2 2 2 0 2 2 2 0 2 2 2 2 2 2 2 2 2 2 0 2 2 2 2 2 2 2 2 2 0 2 2 2 2 2 2 2 2 2 2 2 2 2 2 2 2 2 2 2 2 2 2 2 2 2 2 2 2 0 2 2 2 2 2 2 2 2 2 2 2 2 2 2 2 2 0 2 2 2 1 2 2 2 2 2 2 2 2 2 2 2 2 2 2 2 2 2 2 2 2 2 2 2 2 0 2 2 2 2 2 2 2 2 2 2 0 2 2 2 2 2 2 2 2 2 2 2 2 2 2 2 2 2 2 2 2 2 0 2 2 2 2 2 2 0 2 2 2 2 0 2 2 2 2 2 2 2 2 2 0 2 2 2 2 2 2 2 2 2 2 2 2 2 2 2 2
968 2 2 2 2 2 2 2 2 2 2 2 2 2 2 2 2 0 2 2 2 2 2 2 2 2 2 0 2 2 2 2 2 2 2 2 1 2 2 2 2 2 2 2 2 2 2 2 2 2 2 2 2 2 2 2 2 2 2 2 2 2 2 2 2 2 2 2 2 2 2 2 2 2 2 0 2 2 2 2 2 2 0 2 2 2 0 2 2 2 2 2 2 2 2 0 2 2 2 2 2 2 2 2 2 2 2 2 2 2 2 2 2 2 2 2 2 2 2 2 2 2 2 2 2 2 2 2 2 2 2 2 2 2 2 2 2 2 2 2 0 2 2 0 0 2 2 2 0 2 2 2 2 2 2 2 2 2 2 0 2 2 2 2 2 2 0 2 2 0 2 2 2 2 2 2 2 2 2 2 2 2 2 2 0 2 2 2 2 2 2 2 2 2 2 2 2 2 2 2 2 2 0 2 2 2 2 2 2 2 2 2 2 2 2 0 2 2 2 2 2 2 2 2 2 2 2 2 2 2 2 2 2 2 2 2 2 2 2 2 2 2 2 2 2 2
969 2 2 2 2 2 2 2 2 2 2 2 2 2 2 2 2 0 2 2 2 2 2 2 2 2 2 2 2 2 2 2 2 2 2 2 2 2 2 2 2 2 2 2 2 2 2 2 2 2 2 2 2 2 2 2 2 2 2 2 2 2 2 2 2 2 2 2 2 2 2 2 2 2 2 0 2 2 2 2 2 2 2 2 2 2 2 2 2 2 2 2 2 2 2 2 2 2 2 2 2 0 2 2 2 2 2 0 2 0 2 2 2 2 2 2 2 2 2 2 2 2 2 2 2 2 2 2 2 2 2 2 2 2 2 2 2 2 2 2 0 2 2 2 2 2 2 2 2 2 0 2 2 2 0 2 2 2 0 2 2 2 2 2 2 2 2 2 2 2 2 2 2 2 2 2 2 2 0 2 2 2 2 2 2 2 2 2 2 2 2 2 0 2 2 2 2 2 2 2 2 0 0 0 2 2 2 2 2 2 2 2 2 2 2 2 2 0 2 2 2 2 2 2 2 2 2 0 2 2 2 2 2 2 2 2 2 2 2 2 2 2 2 2 2 2
970 0 0 0 0 2 2 2 0 0 0 0 0 2 0 0 2 0 0 0 0 0 0 0 0 0 2 0 0 0 0 0 0 0 0 0 0 0 0 0 0 0 0 0 0 0 0 0 0 0 0 0 0 0 0 0 0 0 0 0 0 0 0 0 2 0 2 0 0 0 0 0 0 2 0 0 0 0 0 0 2 2 0 0 2 0 0 0 0 0 0 0 0 2 0 0 0 0 0 0 0 0 2 0 0 0 0 0 0 0 0 0 2 0 0 0 0 2 0 0 0 0 0 0 0 2 2 0 0 0 2 0 2 0 0 0 0 2 0 0 0 0 0 0 2 0 2 0 0 1 0 0 0 0 0 2 0 0 0 2 0 0 0 0 0 0 0 0 1 0 0 2 2 0 0 0 0 2 0 0 0 0 0 0 0 0 0 2 0 2 0 0 0 0 2 2 0 2 2 2 0 0 0 0 2 0 2 0 0 0 0 0 2 0 0 0 0 0 2 0 2 0 2 0 0 2 0 0 0 0 0 0 0 0 0 2 0 0 0 0 2 2 2 2 2 0
971 2 0 2 2 2 2 0 2 2 2 2 2 2 2 2 2 2 2 2 2 2 2 0 2 2 2 2 2 2 2 2 2 2 2 2 0 0 2 2 2 2 2 2 2 2 2 2 2 2 2 2 2 2 2 0 0 2 2 2 2 2 2 2 2 2 2 2 2 2 2 2 2 2 2 2 2 2 2 0 2 2 2 2 2 0 2 2 0 2 2 2 2 2 0 2 2 0 2 2 2 2 2 0 2 2 2 2 2 2 2 0 2 2 2 2 2 2 0 0 2 2 2 2 2 0 0 2 2 2 2 2 0 2 2 2 2 2 2 2 2 2 2 2 2 0 2 2 2 2 2 2 2 2 2 2 2 2 2 2 2 2 2 2 2 2 2 2 2 2 2 2 2 2 2 2 0 2 2 2 2 2 2 2 2 2 2 0 2 2 2 1 2 0 2 2 2 2 2 2 2 2 2 2 2 2 2 2 2 2 2 2 0 2 0 2 0 2 2 2 2 0 2 2 2 2 2 2 0 2 2 2 2 2 2 0 2 2 2 0 2 2 2 2 2 2
972 0 0 0 0 0 0 0 0 0 0 0 0 0 0 2 0 0 0 0 0 0 0 0 0 0 0 0 0 0 0 0 0 0 0 2 0 0 0 0 0 0 0 0 0 0 0 0 0 0 0 0 0 0 2 0 0 0 0 0 0 0 0 0 2 0 0 0 0 2 0 2 0 0 0 0 0 0 0 0 2 0 0 2 0 0 0 0 0 0 2 0 0 0 0 2 0 0 0 0 0 2 0 0 0 0 2 2 0 2 0 0 0 0 0 1 2 2 0 0 0 0 0 0 0 0 0 0 0 2 0 0 0 2 0 0 0 0 0 0 0 0 0 0 0 0 2 0 0 1 2 0 0 0 0 0 0 2 2 0 0 0 0 0 0 0 0 0 2 2 0 2 0 2 2 0 0 2 0 0 0 2 0 2 0 2 2 0 0 2 0 0 0 0 2 2 0 0 0 0 0 2 0 2 2 0 1 2 2 0 0 2 0 0 0 0 0 2 0 0 2 0 0 0 0 2 2 0 0 0 0 2 0 0 0 0 0 2 0 0 0 2 2 0 0 2
973 2 2 0 0 2 2 2 2 2 2 0 2 2 2 2 0 2 0 2 0 2 2 2 2 2 2 2 2 0 2 0 2 2 2 0 2 2 2 2 2 0 2 2 2 0 0 2 2 0 0 2 2 2 2 2 2 2 2 0 0 0 2 2 2 2 2 2 2 2 2 2 0 2 2 2 2 0 2 2 2 2 2 2 2 2 2 0 2 2 0 2 2 2 2 2 2 2 2 2 0 2 0 2 0 2 2 2 2 2 2 2 2 2 2 2 0 2 2 2 2 2 0 0 2 2 2 0 2 2 2 2 2 0 2 2 2 2 2 2 2 2 2 2 2 2 2 2 2 2 2 2 2 2 2 0 2 2 2 2 2 2 2 2 2 2 2 2 2 2 2 2 2 2 2 2 2 2 2 2 0 2 2 2 2 2 2 2 0 2 2 2 2 2 2 2 2 2 2 2 2 2 2 2 2 2 2 2 2 2 2 2 2 0 2 2 2 2 2 2 2 2 2 2 2 2 2 2 2 2 2 2 0 0 2 2 0 2 0 2 2 2 2 2 2 2
974 0 0 0 0 2 2 2 0 0 0 0 0 2 0 0 0 0 0 0 0 0 0 0 0 0 2 0 0 0 0 0 0 1 0 0 0 0 0 0 0 0 0 0 0 0 0 0 0 0 0 0 0 0 0 0 0 0 0 0 0 0 0 2 2 0 2 0 0 0 0 0 0 2 0 0 0 0 0 0 0 2 0 0 2 0 0 0 0 0 0 0 0 2 0 2 1 0 0 0 0 2 0 0 0 0 0 0 2 2 0 0 2 0 0 0 0 2 0 0 1 0 0 0 0 0 2 0 0 2 2 0 2 0 1 0 0 0 2 0 0 0 0 0 1 0 2 0 0 1 0 2 0 0 0 0 0 0 0 1 0 0 2 0 0 0 0 0 2 0 0 2 2 0 2 0 0 2 0 0 0 0 0 0 0 2 0 0 0 0 0 0 0 0 0 0 0 2 2 2 0 0 0 2 2 0 1 0 0 0 0 0 2 0 0 0 0 2 1 0 2 0 2 0 0 2 0 0 0 0 0 0 0 0 0 2 0 0 0 0 2 2 0 2 2 0
975 2 2 0 2 2 2 2 2 0 2 2 2 2 2 2 2 2 0 2 0 2 2 2 2 2 2 2 2 0 2 2 2 2 2 2 2 2 2 2 2 2 2 2 2 2 0 2 2 0 2 2 2 2 2 2 2 2 2 0 2 2 2 2 2 2 2 2 2 2 2 2 2 2 2 2 2 0 2 2 2 2 2 2 2 2 2 0 2 2 2 2 2 2 2 2 2 2 2 2 0 2 2 2 2 2 2 2 2 2 2 2 2 2 2 2 2 2 2 2 2 2 0 2 2 2 2 2 2 2 2 2 2 2 2 2 2 2 2 2 2 2 2 2 2 2 2 2 2 2 2 2 2 2 2 2 2 2 2 2 2 2 2 2 2 2 2 2 2 2 2 2 2 2 2 2 2 2 2 2 2 2 2 2 2 2 2 2 2 2 2 2 2 2 2 2 2 2 2 2 2 2 2 2 2 2 2 2 2 2 2 2 2 0 2 2 2 2 2 2 2 2 2 2 2 2 2 2 2 2 2 2 2 2 2 2 2 2 2 2 2 2 2 2 2 2
976 0 0 0 0 0 2 0 0 0 0 0 0 0 2 0 2 2 0 0 0 0 0 2 2 2 2 2 0 0 0 0 0 0 0 2 2 2 0 0 2 0 2 2 0 0 0 2 0 0 0 2 2 0 2 2 2 0 0 0 0 0 2 0 0 0 0 0 0 0 2 2 0 0 0 2 0 0 0 2 0 0 0 0 0 2 2 0 2 2 2 2 0 0 0 2 0 2 0 0 0 2 2 0 0 2 0 0 0 2 0 2 0 2 0 2 0 2 0 0 0 0 0 0 0 2 0 2 0 0 2 0 0 2 0 2 2 2 2 0 2 0 0 2 2 0 2 2 0 2 0 2 0 2 2 0 2 2 2 2 2 2 2 0 2 2 0 0 0 0 2 2 2 2 0 0 0 0 2 2 2 2 1 2 2 0 2 2 0 0 0 0 2 2 2 2 2 2 0 2 0 0 2 2 0 2 2 0 2 2 0 0 0 0 0 2 0 2 0 2 0 0 0 0 0 2 0 2 2 0 0 2 2 2 0 0 2 0 2 0 2 2 2 2 2 2
977 0 0 0 0 0 2 0 0 0 0 0 0 0 2 0 2 2 0 0 0 0 0 2 2 2 2 2 0 0 0 0 0 0 0 2 2 2 0 0 2 0 2 2 0 0 0 2 0 0 2 2 2 0 2 2 2 0 0 0 0 0 2 0 0 0 0 0 0 2 2 2 0 0 0 2 0 0 0 2 0 0 0 0 0 2 2 0 2 2 2 2 0 0 0 2 0 2 0 0 0 2 2 0 0 2 0 0 0 2 0 2 0 2 0 2 0 2 2 0 0 0 0 0 0 2 0 2 0 0 2 0 0 2 0 2 2 2 2 0 2 0 0 2 2 0 2 2 0 2 0 2 0 2 2 0 2 2 2 2 1 2 2 0 2 2 0 0 0 0 1 2 2 2 0 0 0 0 2 1 2 2 2 2 2 1 2 2 0 0 0 0 2 2 2 2 2 2 0 2 0 0 2 2 0 2 2 0 2 2 0 0 0 0 0 2 0 2 0 2 0 0 0 0 0 2 0 2 2 0 0 2 2 2 0 0 2 0 2 0 2 2 2 0 2 2
978 2 2 2 2 2 2 2 2 2 2 2 2 2 0 2 0 2 2 2 2 2 2 0 0 2 2 2 2 2 2 2 2 2 2 2 2 0 2 2 2 2 0 2 2 2 2 2 2 2 2 2 2 2 2 0 0 2 2 2 2 2 0 2 2 2 2 2 2 2 2 2 2 2 2 2 2 2 2 2 2 2 2 2 2 2 2 2 0 2 2 2 2 2 2 2 2 2 2 2 2 2 2 2 2 2 2 2 2 2 2 0 2 2 2 2 2 0 2 2 2 2 2 2 2 2 2 2 2 2 2 2 2 2 2 2 2 2 0 2 2 2 2 2 2 2 2 2 2 2 2 0 2 2 2 2 2 2 2 2 2 2 2 2 2 2 2 2 2 2 2 2 2 2 2 2 2 2 2 2 0 2 2 2 2 2 2 2 2 2 2 2 2 0 2 2 2 2 2 2 2 2 2 2 2 2 2 2 2 2 2 2 2 2 2 0 2 2 2 2 2 2 2 2 2 2 2 2 2 2 2 2 2 0 2 2 2 2 0 2 2 0 2 2 2 2
979 2 0 2 2 0 0 2 0 2 2 2 2 0 2 0 2 0 2 2 2 2 2 2 2 0 2 0 2 2 2 2 2 0 0 2 1 2 0 0 2 2 2 2 2 2 2 2 2 2 2 2 2 2 2 2 2 2 0 2 2 0 2 0 2 2 0 0 2 2 0 2 2 0 2 0 2 2 2 0 2 0 2 0 0 2 0 2 2 2 2 0 0 0 2 0 0 2 2 0 2 2 0 0 2 0 2 2 2 2 0 2 2 2 2 2 0 2 0 2 0 0 2 0 2 0 2 2 0 0 2 2 2 0 0 2 0 2 2 2 0 2 2 0 2 2 2 2 0 1 2 2 0 2 2 2 2 2 0 2 2 0 2 0 0 0 0 0 2 0 2 2 2 0 0 0 2 2 2 2 2 0 2 2 0 0 2 0 2 2 2 2 0 2 2 2 0 2 2 0 0 2 0 0 0 2 2 0 0 2 2 0 2 2 2 2 2 0 0 2 2 0 0 2 0 2 0 0 0 0 2 0 2 2 2 2 0 2 2 2 0 2 2 0 0 0
980 2 0 2 2 2 2 2 2 2 2 2 2 2 2 2 2 2 2 2 2 2 2 2 2 2 2 2 2 2 2 2 2 0 2 2 2 2 0 0 2 2 2 2 2 2 2 2 2 2 2 2 2 2 2 2 2 2 0 2 2 2 2 0 2 2 2 0 2 2 2 2 2 0 2 2 2 2 2 0 2 2 2 0 0 2 2 2 2 2 2 2 0 0 2 2 0 2 2 2 2 2 2 0 0 2 2 2 2 2 0 2 2 2 2 2 2 2 2 2 0 2 2 2 2 0 2 2 2 0 2 2 2 2 0 2 2 2 2 2 2 2 2 2 2 2 2 2 2 2 2 2 2 2 2 2 2 0 2 2 2 2 2 2 2 2 2 2 2 2 2 2 2 2 0 2 2 2 2 2 2 2 2 2 2 0 0 2 2 2 2 2 2 2 2 2 2 2 2 2 2 2 2 2 0 2 2 0 0 2 2 2 2 2 2 2 2 2 2 2 2 2 2 2 0 2 0 2 2 0 2 0 2 2 2 2 2 2 2 2 2 2 2 0 0 2
981 2 2 2 2 2 0 2 2 2 2 2 2 2 2 2 2 2 2 2 2 2 2 2 2 0 2 2 2 2 2 2 2 2 2 2 2 2 2 2 2 2 2 2 2 2 2 2 2 2 2 2 2 2 2 2 2 2 2 2 2 2 2 2 2 2 2 2 2 2 2 2 2 2 2 2 2 2 2 2 2 0 2 2 2 2 2 2 2 2 2 2 2 2 2 2 2 2 2 2 2 0 0 2 2 2 2 0 2 2 2 2 2 0 2 2 2 2 2 2 2 2 2 2 2 2 2 2 2 2 2 2 2 2 2 2 0 2 2 2 0 2 0 0 2 2 2 2 2 1 2 2 2 2 2 2 2 2 0 2 2 2 2 2 0 2 2 2 2 2 2 2 2 2 2 2 2 2 2 2 2 2 2 2 2 2 2 2 2 0 2 2 2 2 2 2 0 2 2 2 2 2 0 2 2 2 1 2 2 2 2 2 2 2 2 2 2 2 2 2 2 2 2 2 2 2 2 2 2 2 2 2 2 2 2 2 2 2 2 2 2 2 2 2 2 2
982 2 2 2 0 2 2 2 2 2 2 2 0 2 2 2 0 2 0 2 2 0 2 2 2 2 2 2 2 0 2 2 2 2 2 2 2 2 2 2 2 2 2 2 2 2 2 2 2 2 2 2 2 0 2 2 2 2 2 2 2 2 2 2 2 2 2 2 2 2 2 2 2 2 0 2 2 2 0 2 2 2 2 2 2 2 2 2 2 2 2 2 2 2 2 2 2 2 0 2 2 2 2 2 2 2 2 2 2 2 2 2 2 2 2 2 0 0 2 2 2 2 2 2 2 2 2 2 2 0 2 0 2 2 2 0 2 2 0 2 2 2 2 2 2 2 2 2 2 2 0 2 2 2 2 2 2 2 2 2 2 2 2 2 2 2 2 2 2 2 2 2 2 2 2 2 2 2 2 2 2 2 2 2 2 2 2 2 0 2 2 2 2 2 0 2 2 2 2 2 2 0 2 2 2 0 2 2 2 2 0 0 2 2 2 2 2 2 2 2 2 2 2 2 2 2 2 2 2 2 2 2 2 2 2 2 2 0 2 2 2 0 2 2 2 2
983 0 0 2 2 0 0 0 0 2 2 2 2 0 0 2 2 0 0 0 2 2 2 0 0 0 0 2 2 0 0 0 2 2 0 2 0 0 0 2 2 2 0 2 2 2 2 2 2 2 2 2 0 2 2 0 0 2 0 2 2 2 0 2 2 2 0 0 0 2 0 2 2 2 2 0 0 2 2 2 2 0 2 2 2 2 2 2 0 2 2 0 2 0 2 0 2 2 0 0 2 0 0 0 2 2 2 0 2 0 0 0 2 2 2 2 0 2 2 2 2 0 0 0 2 2 0 2 2 0 0 2 2 0 2 0 0 2 2 2 0 0 0 0 2 2 2 0 2 1 2 0 2 2 2 0 2 0 0 2 2 0 2 0 0 0 2 2 1 0 2 2 0 0 2 2 2 2 2 2 0 0 0 2 2 2 0 2 2 0 2 2 0 0 2 2 0 0 0 2 2 2 0 0 2 0 1 2 2 2 0 2 2 2 2 2 2 0 0 0 2 2 0 0 2 2 2 0 2 2 2 2 0 0 0 2 2 2 0 2 2 2 2 2 2 0
984 2 2 2 2 2 2 2 2 2 2 2 2 2 2 2 2 2 2 2 2 2 2 2 2 2 2 2 2 2 2 2 2 2 2 2 2 2 2 2 0 2 2 2 2 0 2 2 2 2 0 2 2 2 2 2 2 2 2 2 2 2 2 2 0 2 2 2 2 2 2 2 0 2 2 2 2 2 2 2 2 2 2 2 2 2 2 2 2 2 2 2 2 2 2 0 2 2 2 2 2 2 2 2 2 2 2 2 2 0 2 2 2 2 2 0 2 2 2 2 2 2 0 2 2 2 2 2 0 2 2 2 2 2 2 2 2 2 2 2 2 2 2 2 2 2 0 2 2 2 2 2 2 2 2 2 2 2 2 2 2 2 0 2 2 2 2 2 2 2 2 2 2 2 2 2 2 2 2 2 2 2 2 2 2 2 2 2 2 2 2 2 2 2 2 2 2 2 2 2 2 2 2 2 2 2 2 2 2 2 2 0 2 2 2 2 2 2 2 2 2 2 2 2 2 2 2 2 2 2 2 2 2 2 2 2 2 2 2 2 2 2 2 2 2 2
985 2 0 2 2 2 2 2 2 2 2 2 2 2 2 2 2 2 2 2 2 2 2 0 2 2 2 2 2 2 2 2 2 2 0 0 2 2 0 2 2 2 2 2 2 2 2 2 2 2 2 2 2 2 2 0 0 2 0 2 2 2 2 0 2 2 2 0 2 2 0 2 2 2 2 2 2 2 2 0 2 2 2 2 2 2 2 2 0 2 0 2 2 0 2 2 2 2 0 2 2 2 2 0 2 2 2 2 0 2 0 0 2 2 2 2 2 2 2 2 2 2 2 2 2 2 2 2 2 2 2 2 2 2 2 2 2 2 2 2 2 1 2 2 0 2 2 2 2 2 2 2 2 2 2 0 2 0 2 0 2 0 2 2 2 2 2 2 2 0 2 0 0 2 2 2 2 2 2 2 2 2 2 2 2 2 0 2 2 2 2 2 2 0 2 2 2 2 2 2 2 2 2 0 0 2 2 0 2 2 1 2 2 2 2 0 2 0 2 2 2 2 2 2 0 0 2 2 2 0 2 2 2 2 2 2 2 2 2 2 2 2 2 2 0 2
986 2 2 2 2 0 2 2 2 2 2 2 2 0 2 2 2 2 2 2 2 2 2 2 2 2 2 2 2 2 2 2 2 2 2 2 1 2 2 2 2 2 2 2 2 2 2 2 2 2 2 2 0 2 2 2 2 2 2 2 2 2 2 2 2 2 0 2 2 2 2 2 2 2 2 2 2 2 2 2 2 2 0 2 2 2 2 2 2 0 2 2 2 2 2 0 2 2 2 2 2 2 2 2 2 2 2 2 2 2 2 2 2 0 2 2 2 2 2 2 2 0 2 2 2 2 2 2 2 2 2 0 2 2 2 2 2 2 2 2 2 2 2 2 2 2 2 0 2 2 2 2 2 2 2 2 2 2 2 2 2 2 2 0 2 2 2 2 2 2 2 2 2 2 2 2 2 2 2 2 2 2 2 2 2 2 2 0 2 2 2 2 2 2 2 2 2 2 2 0 2 2 2 2 2 2 2 2 0 2 2 2 2 2 2 2 2 2 0 0 2 2 0 2 2 2 2 2 2 2 0 0 2 2 2 2 2 2 2 2 0 2 2 2 2 2
987 0 2 0 0 2 0 0 0 0 0 0 2 2 0 0 0 0 0 0 0 0 0 0 0 0 0 0 0 0 0 0 0 0 0 0 0 0 2 0 0 0 0 0 2 0 0 0 0 2 0 0 2 0 2 0 0 2 2 0 0 0 0 0 0 2 2 2 2 2 2 0 0 0 0 0 0 0 2 0 0 0 2 0 0 0 0 0 0 2 0 0 0 0 0 0 0 2 0 0 0 0 0 2 0 0 0 0 0 0 0 0 0 2 0 0 0 0 0 0 0 0 0 0 2 0 0 0 0 2 0 2 0 0 0 0 0 0 0 0 0 0 0 0 0 0 0 2 0 1 0 2 0 0 0 0 0 0 0 0 0 2 0 0 0 0 0 0 1 2 0 0 0 0 2 0 0 0 0 0 0 0 0 2 0 2 0 0 2 0 0 0 0 0 0 0 0 0 0 2 0 0 0 0 0 0 0 0 0 0 0 0 0 0 0 0 2 0 0 2 0 0 0 2 0 0 0 0 0 0 2 0 0 0 0 0 2 0 0 0 2 0 0 0 0 0
988 2 2 2 2 2 2 2 0 2 2 2 2 2 2 2 0 2 2 2 2 2 2 2 2 2 0 2 2 2 2 2 2 2 2 2 2 2 2 2 2 2 2 2 2 2 2 2 2 2 2 2 2 2 2 2 2 2 2 2 2 2 2 2 2 2 2 2 2 2 2 2 2 2 2 2 2 2 2 2 2 2 2 2 2 0 2 2 2 2 2 2 2 0 2 2 2 2 2 0 2 2 2 2 2 2 2 2 2 2 2 2 2 2 2 2 2 0 0 2 2 2 2 2 2 2 2 2 2 2 0 2 2 2 2 2 2 2 0 2 2 2 2 2 2 2 2 2 2 2 2 2 2 2 2 2 2 2 2 2 2 2 2 2 2 2 2 2 2 2 2 2 2 2 2 2 2 2 2 2 2 2 2 2 2 2 2 0 2 2 2 2 2 2 2 2 2 2 2 2 2 2 2 2 2 2 2 0 2 2 2 2 2 2 2 2 2 2 0 2 2 0 0 2 2 2 2 2 2 2 2 2 0 2 2 2 2 2 2 2 2 0 2 2 2 2
989 2 2 2 2 2 2 2 2 2 0 2 2 2 2 2 2 2 2 2 2 2 2 2 2 2 2 2 2 2 2 2 2 0 2 2 2 2 2 2 2 2 2 2 2 0 2 2 0 0 2 2 2 2 2 2 2 2 2 2 2 2 2 2 2 2 2 2 2 2 2 2 0 2 2 2 2 2 2 2 2 2 2 2 2 2 2 2 2 2 2 2 2 2 2 2 0 2 2 2 2 2 2 2 0 2 2 2 2 2 2 2 2 2 0 0 2 2 2 2 0 2 2 2 2 2 2 2 2 2 2 2 2 2 0 2 2 2 2 2 2 2 2 2 2 2 2 2 2 2 2 2 2 2 2 2 2 2 2 2 0 2 2 2 2 2 2 2 2 2 0 2 2 2 2 2 2 2 2 0 0 2 2 2 2 2 2 2 2 2 0 1 2 2 2 2 2 2 2 2 2 2 2 2 2 2 2 2 2 2 2 2 2 2 2 2 2 2 2 2 2 2 2 2 2 2 2 2 2 2 2 2 2 0 2 2 2 2 0 2 2 2 2 2 2 2
990 2 0 2 2 2 0 2 2 2 2 0 0 2 2 2 2 2 2 2 2 0 2 2 2 0 2 0 2 2 2 2 2 0 0 2 1 2 0 0 2 2 2 2 2 2 2 2 2 0 2 2 0 2 2 2 2 0 0 2 2 2 2 0 0 2 2 0 2 2 2 0 2 2 2 2 2 2 0 2 2 2 2 2 2 2 0 2 2 2 2 2 0 2 2 0 0 0 2 2 2 2 2 0 2 2 2 2 0 0 2 2 0 0 2 2 2 2 2 0 0 2 2 2 2 0 2 2 2 2 0 0 0 0 0 2 0 2 2 0 0 2 0 0 2 2 2 0 0 1 0 2 0 2 2 2 2 0 2 2 2 0 0 2 0 0 0 0 0 2 2 0 0 2 2 0 2 0 2 2 2 0 0 0 0 2 0 0 2 2 2 1 0 2 2 0 0 2 2 2 2 0 0 0 2 2 2 0 0 2 2 2 0 2 2 0 2 0 0 0 0 2 0 2 2 0 2 0 0 2 2 0 2 2 2 0 2 2 2 0 2 2 0 0 0 2
991 2 0 2 2 2 0 2 2 2 2 2 2 2 2 2 2 2 2 2 2 2 2 2 2 2 2 2 2 2 2 2 2 0 0 2 2 2 0 2 2 2 2 2 2 2 2 2 2 2 2 2 2 2 2 2 2 2 0 2 2 2 2 0 2 0 2 0 2 2 2 2 2 0 2 2 2 2 2 2 2 0 2 2 0 2 2 2 2 2 2 0 2 2 2 2 0 0 2 2 2 2 0 0 2 2 2 2 2 0 2 2 0 2 2 2 2 2 2 0 0 2 2 2 2 0 2 2 2 2 2 2 0 2 0 2 2 2 2 2 2 2 0 2 2 2 2 2 2 1 2 2 2 2 0 0 2 0 2 2 2 2 2 2 2 2 2 0 2 2 2 0 2 0 2 0 2 2 0 2 2 2 2 2 2 2 0 2 2 2 2 1 2 2 2 2 2 2 2 2 2 2 0 0 2 2 2 2 0 2 2 2 0 2 2 0 2 0 2 2 2 2 2 2 2 0 2 2 0 2 2 0 2 2 2 0 2 2 2 0 2 2 2 0 0 2
992 2 0 2 2 2 0 2 0 2 2 2 0 2 2 2 0 0 0 2 0 0 2 2 2 2 0 2 2 0 2 2 2 0 2 2 2 2 0 2 2 2 2 2 0 2 2 2 2 2 2 2 2 2 0 2 2 0 0 2 2 0 2 0 2 0 2 0 2 2 0 2 2 0 2 0 2 2 0 2 0 0 0 2 0 0 2 2 2 0 2 2 2 2 0 0 0 0 2 0 2 0 2 0 2 2 2 2 0 2 2 2 0 0 2 2 0 0 0 0 0 0 2 0 0 2 2 2 0 0 0 0 0 2 0 0 2 0 0 2 2 2 2 2 2 2 2 2 2 1 0 2 2 2 2 0 2 2 2 2 2 0 2 0 2 2 2 2 2 0 2 2 2 0 0 2 2 2 2 2 2 2 0 0 2 0 2 0 0 2 2 1 2 2 2 0 2 2 2 0 2 0 2 2 0 0 2 0 2 2 2 2 0 2 2 0 2 2 2 2 2 2 2 2 2 2 2 2 0 2 0 2 0 2 0 0 2 0 2 0 0 0 0 2 2 0
993 2 2 2 2 2 2 2 2 2 2 2 2 2 0 2 2 2 2 2 2 2 2 2 0 0 2 2 2 2 2 2 2 2 0 2 2 0 2 2 2 2 0 0 2 2 2 0 2 2 2 2 2 2 2 2 2 2 2 2 2 2 0 2 0 2 2 2 2 2 2 2 2 2 2 2 2 2 2 0 2 2 0 2 2 0 2 2 2 0 2 2 2 2 0 2 2 2 2 2 2 2 2 2 2 2 2 2 2 0 2 2 2 2 2 2 2 2 2 2 2 2 2 2 2 2 2 2 2 2 2 2 2 2 2 2 2 2 2 0 2 2 2 2 2 2 2 2 2 1 2 0 2 2 2 2 2 0 2 2 2 2 0 2 2 2 2 0 0 2 2 0 0 2 0 0 0 0 2 2 2 2 2 2 2 0 0 2 2 2 2 2 2 2 2 2 2 2 2 2 2 2 2 0 0 2 2 2 0 0 2 2 2 2 2 2 2 0 0 0 0 2 0 2 2 0 2 2 2 2 0 0 2 2 2 2 2 2 2 2 2 2 2 0 0 2
994 2 0 2 2 0 2 0 2 2 2 2 2 0 0 2 0 2 2 2 2 2 2 2 0 0 2 2 2 2 2 2 2 0 0 2 2 2 0 2 2 2 0 2 2 2 2 2 2 2 2 2 2 2 2 2 2 2 0 2 2 2 0 0 0 2 0 0 2 2 2 2 2 2 2 2 2 2 2 2 2 2 2 2 2 2 2 2 2 2 2 2 2 0 2 2 0 0 2 2 2 2 2 0 2 2 2 2 0 0 2 2 0 2 2 2 2 0 2 0 0 2 2 2 2 0 0 2 2 2 0 2 0 2 0 2 2 2 0 0 2 2 2 2 2 2 2 2 2 2 2 2 2 2 2 0 2 0 0 2 2 2 0 2 2 2 2 0 1 2 2 0 0 2 2 0 2 0 2 2 2 2 2 2 2 2 0 2 2 2 2 1 2 2 2 2 2 0 0 2 2 2 2 0 2 2 2 2 2 2 2 2 0 2 2 0 2 0 2 0 0 2 2 2 2 0 2 2 0 0 2 2 0 2 2 0 2 2 2 0 2 0 2 0 0 2
995 0 2 0 2 2 2 2 2 0 2 2 2 2 2 2 2 2 2 0 2 2 2 2 2 2 2 2 2 2 0 2 2 2 2 2 2 2 2 2 0 2 2 0 0 0 1 1 2 2 0 0 0 2 0 2 2 2 2 0 0 0 2 2 2 2 2 2 0 2 2 0 2 2 2 2 0 0 2 2 2 2 2 2 2 2 2 0 2 2 2 2 2 2 1 2 2 2 2 2 1 2 2 2 0 0 2 2 2 2 2 2 2 2 2 2 2 2 0 2 2 2 2 2 0 2 2 0 0 0 2 2 2 2 2 2 2 2 2 2 2 0 2 2 2 2 2 0 2 2 2 2 2 0 2 2 2 2 2 2 2 2 2 2 2 2 2 2 2 1 2 2 2 2 2 2 2 2 2 2 2 2 2 2 2 2 2 0 2 2 2 2 2 2 2 2 2 2 2 2 1 2 2 2 2 1 2 2 2 0 2 2 2 1 0 2 2 2 2 2 2 2 2 0 2 2 2 2 2 2 2 2 2 2 2 2 0 2 2 2 0 2 2 2 2 2
996 2 2 2 2 2 2 2 2 2 2 2 0 1 2 0 2 2 2 2 2 2 2 2 2 2 2 2 2 2 2 2 2 2 2 0 2 2 2 2 2 2 2 2 2 2 2 2 2 2 2 2 2 2 2 2 2 2 2 2 2 2 2 2 2 0 2 2 2 2 2 2 2 2 2 2 2 2 0 0 0 2 2 2 2 0 2 2 2 2 0 0 2 2 2 2 2 2 2 2 2 2 0 2 2 2 2 2 2 2 2 2 2 2 2 2 2 2 2 2 2 0 2 2 2 2 2 2 2 2 2 2 2 2 2 0 2 0 2 2 2 2 2 2 0 2 2 2 2 1 2 0 2 2 0 2 2 2 2 0 2 2 2 2 2 2 2 2 2 2 2 2 2 2 0 2 0 2 0 2 0 2 0 2 2 0 2 2 2 2 2 2 2 2 2 2 2 2 2 2 2 2 2 2 2 0 2 2 0 2 2 2 2 2 2 2 2 2 2 2 2 2 2 2 2 2 2 2 2 2 0 0 2 0 2 2 2 2 0 2 2 2 2 2 2 2
997 0 2 0 0 2 2 2 2 0 0 2 2 2 2 2 2 0 2 0 0 0 0 0 2 2 0 0 0 2 0 2 0 2 2 2 0 2 2 2 0 0 2 0 0 0 0 0 0 2 0 0 0 2 0 0 0 0 2 0 0 0 2 2 2 0 2 2 0 2 0 0 0 0 2 0 0 0 2 2 0 0 2 0 0 2 0 0 0 2 2 2 2 0 0 0 2 2 2 2 0 0 2 2 0 0 0 2 2 2 0 0 2 2 0 0 2 2 0 2 2 2 0 2 0 2 2 0 0 0 2 2 2 0 2 0 0 2 2 2 0 0 0 0 2 0 0 0 0 2 2 2 0 2 2 2 0 2 2 2 0 0 2 2 0 2 0 2 2 0 0 2 2 0 0 2 2 2 2 0 2 0 0 2 0 0 2 0 2 2 0 1 0 0 2 0 0 2 2 0 0 2 0 2 2 0 2 0 2 0 2 0 2 0 0 2 0 2 2 2 2 0 2 0 0 2 0 0 2 2 0 2 2 2 2 2 0 2 2 2 0 2 0 2 2 0
998 2 2 2 2 2 2 2 0 2 2 2 0 2 2 2 2 0 2 2 2 2 2 0 2 2 2 0 2 2 2 2 2 2 2 2 0 0 2 2 2 2 2 2 2 2 2 2 2 2 2 2 0 2 2 0 0 2 2 2 2 2 2 2 2 2 2 2 2 2 2 2 2 2 2 0 2 2 0 2 2 2 0 2 2 2 0 2 0 2 2 0 2 2 2 2 2 2 0 0 2 2 2 2 2 2 2 2 2 2 0 0 2 2 2 2 2 2 2 2 2 2 2 2 2 2 2 2 0 2 2 0 2 2 2 2 2 2 2 2 0 2 2 2 2 2 2 0 0 1 2 2 2 2 0 2 0 2 2 2 2 2 2 2 2 0 0 2 1 2 2 2 2 0 2 2 2 2 0 2 0 0 2 2 0 2 2 2 0 0 2 2 0 0 2 2 2 2 2 2 2 2 0 2 2 2 2 2 2 2 0 0 2 2 2 2 2 2 2 2 2 2 2 2 2 2 2 0 2 2 2 2 2 0 2 2 2 2 0 2 2 2 2 2 2 2
999 2 2 2 2 2 2 2 2 2 2 2 2 2 2 2 2 2 2 2 2 2 2 2 2 2 2 2 2 2 2 2 2 2 0 2 2 0 2 2 2 2 2 2 2 2 2 2 2 2 2 2 2 2 2 2 2 2 2 2 2 2 2 0 0 2 2 2 2 2 0 2 2 2 2 2 2 2 2 2 2 2 2 2 2 2 2 2 2 2 2 2 2 2 2 2 2 2 2 2 2 2 2 2 2 2 2 2 2 2 2 2 2 2 2 2 2 2 2 2 2 2 2 2 2 2 2 2 0 2 2 2 2 2 2 2 2 2 2 0 2 2 2 2 2 2 2 2 2 1 2 2 2 2 2 2 2 0 2 2 2 2 0 2 2 2 2 2 0 2 2 2 0 2 2 2 2 0 2 2 2 2 2 2 2 2 0 0 2 2 2 2 2 2 2 2 2 2 2 2 2 2 2 0 2 2 2 2 2 2 2 2 2 2 2 2 2 0 2 0 0 2 2 2 0 2 2 2 2 2 2 2 2 2 2 2 2 2 2 2 2 2 2 0 0 2
1000 0 0 0 0 0 2 2 0 0 0 0 0 0 0 0 0 0 0 0 0 0 0 2 0 0 0 0 0 0 0 0 0 0 0 0 0 0 1 0 0 0 0 0 0 0 0 0 0 0 0 0 2 0 0 2 2 0 0 0 0 0 0 0 0 0 0 0 2 0 0 1 0 0 0 0 0 0 0 0 0 0 0 2 2 1 0 0 1 0 0 0 0 2 0 0 0 0 0 0 0 0 0 0 0 0 0 0 0 0 0 0 0 2 0 0 2 2 0 0 0 2 0 2 0 1 2 0 0 0 0 2 0 0 0 0 0 0 0 0 0 0 0 0 0 1 0 2 0 0 2 0 0 0 1 0 0 0 0 0 0 0 0 0 0 0 0 0 0 0 2 0 0 0 0 0 0 0 0 0 0 0 0 0 0 0 0 0 0 0 0 1 0 0 0 0 0 0 0 2 1 0 0 0 0 0 0 2 2 0 0 0 0 0 0 0 0 0 0 0 0 0 0 2 0 0 2 0 0 0 0 0 0 0 0 0 2 0 0 0 2 2 0 0 0 0
1001 2 2 2 2 2 2 2 2 2 2 2 2 2 2 2 2 2 2 2 2 2 2 2 2 0 2 1 2 2 2 2 2 2 2 2 2 2 2 2 2 2 2 2 2 2 2 2 2 2 2 2 2 0 2 2 2 2 2 2 2 2 2 2 2 2 2 2 2 2 2 2 2 2 0 2 2 2 2 0 2 2 2 2 2 2 0 2 2 2 2 2 2 0 2 2 2 2 2 2 2 0 2 2 2 2 2 2 2 2 2 2 2 2 2 2 2 2 2 2 2 2 2 2 2 2 2 2 2 2 2 0 2 2 2 2 0 2 2 2 2 2 2 0 2 0 2 2 0 2 2 0 2 2 1 2 2 2 2 2 2 0 2 2 2 0 0 2 2 2 2 2 2 2 0 2 0 2 2 2 2 0 2 2 1 0 2 0 2 2 2 2 0 2 2 2 0 2 0 2 2 2 2 2 0 2 0 0 2 2 2 2 2 2 1 2 2 2 2 2 2 2 2 2 2 2 2 0 2 0 0 2 2 2 1 2 2 2 2 2 2 2 2 2 2 2
1002 2 2 2 2 0 0 0 0 2 2 2 2 0 0 2 0 0 2 2 2 2 2 2 0 2 2 0 2 2 2 2 2 2 2 2 1 0 2 2 2 2 0 2 0 2 2 2 2 2 2 2 2 2 0 2 2 2 2 2 2 0 0 2 2 0 0 2 2 2 2 2 2 0 2 0 2 2 2 2 0 2 2 2 0 0 0 2 0 2 2 2 2 2 0 2 2 0 0 0 2 0 2 2 2 2 0 2 0 2 2 2 0 0 2 2 2 0 0 2 2 2 2 0 0 0 0 2 2 2 2 2 2 0 2 0 0 0 0 2 0 2 0 0 2 0 2 2 0 1 0 2 0 2 0 2 2 0 2 2 2 2 2 2 2 0 0 2 2 0 2 2 2 0 2 2 0 2 0 2 2 0 0 2 0 2 0 0 2 0 2 1 0 0 0 0 0 0 2 0 2 0 2 2 2 0 2 2 0 2 0 2 0 2 0 2 0 2 2 2 2 2 2 2 2 2 2 0 0 0 2 0 2 2 0 0 2 0 2 2 0 0 0 0 0 0
1003 2 2 0 2 2 2 2 0 2 2 2 2 2 2 2 2 2 2 2 2 2 2 2 2 2 2 2 2 2 2 0 2 2 2 2 2 0 0 2 2 2 2 2 0 2 0 2 2 0 0 2 2 2 0 2 2 0 0 0 0 2 2 2 0 2 2 0 2 2 0 2 2 2 2 2 2 0 2 2 2 2 2 2 2 2 2 0 0 2 2 2 2 0 2 2 2 0 2 0 0 2 0 2 2 2 2 2 0 2 2 2 0 2 2 2 2 2 2 0 2 2 0 2 0 2 2 2 2 2 2 2 2 2 2 2 2 2 2 0 2 2 2 2 2 2 2 2 2 2 2 0 2 2 2 0 2 2 2 2 2 2 2 2 2 2 2 2 0 0 2 2 0 2 2 2 2 0 2 2 2 2 2 2 2 2 2 2 2 2 2 1 2 0 2 2 2 2 0 2 1 2 2 2 2 2 2 0 2 2 2 2 0 0 2 0 2 2 2 0 0 2 2 2 0 2 2 2 2 2 2 2 2 2 2 0 2 2 2 0 2 2 2 2 2 2
1004 2 2 2 0 0 0 0 0 0 2 0 0 0 2 0 0 0 0 0 0 2 0 2 2 0 0 0 0 0 0 2 0 2 0 0 0 0 0 0 0 0 2 0 2 0 2 0 2 2 2 0 0 0 2 2 2 2 0 2 2 0 2 0 0 0 0 0 0 2 0 0 0 0 0 0 0 2 0 2 0 0 0 0 0 0 0 2 0 0 0 0 0 0 2 0 2 0 0 0 2 0 0 2 0 0 0 0 0 0 2 2 0 0 2 0 0 0 0 2 2 0 2 2 2 0 0 0 0 0 0 0 0 0 2 2 0 0 0 0 0 2 0 0 0 0 0 0 0 0 2 0 0 0 0 0 0 0 0 0 0 0 0 0 0 0 0 0 0 2 0 0 0 0 0 0 2 0 0 0 2 0 2 0 0 0 0 2 0 0 2 1 0 0 0 0 0 2 0 0 0 2 0 0 0 2 0 0 0 0 0 2 0 2 0 0 0 0 0 0 0 0 0 0 0 0 0 0 0 0 0 0 0 2 0 0 2 0 2 2 0 0 0 0 0 0
1005 2 2 2 0 0 0 0 0 0 2 0 0 0 2 0 0 0 0 0 0 2 0 2 2 0 0 0 0 0 0 2 0 2 0 0 0 0 0 0 0 0 2 0 2 0 2 0 2 2 2 0 0 0 2 2 2 2 0 2 2 0 2 0 0 0 0 0 0 2 0 0 0 0 0 0 0 2 0 2 0 0 0 0 0 0 0 2 0 0 0 0 0 0 2 0 2 0 0 0 2 0 0 2 0 0 0 0 0 0 2 2 0 0 2 0 0 0 0 2 2 0 2 2 2 0 0 0 0 0 0 0 0 0 2 2 0 0 0 0 0 2 0 0 0 0 0 0 0 0 2 0 0 0 0 0 0 0 0 0 0 0 0 0 0 0 0 0 0 2 0 0 0 0 0 0 2 0 0 0 2 0 2 0 0 0 0 2 0 0 2 1 0 0 0 0 0 2 0 0 0 2 0 0 0 2 0 0 0 0 0 2 0 2 0 0 0 0 0 0 0 0 0 0 0 0 0 0 0 0 0 0 0 2 0 0 2 0 2 2 0 0 0 0 0 0
1006 2 2 2 0 0 0 0 2 0 2 0 0 0 2 2 0 0 0 0 0 2 0 2 2 0 0 0 0 0 0 2 0 2 0 0 0 0 0 0 0 0 2 0 2 0 2 0 2 2 2 0 0 0 2 2 2 2 0 2 2 0 2 0 0 0 0 0 2 0 0 0 0 0 0 0 0 2 0 2 0 0 0 0 0 0 0 2 0 0 0 0 0 0 2 0 2 0 0 2 2 0 0 2 0 0 0 0 0 0 2 2 0 0 2 0 0 0 0 2 2 0 2 2 2 0 0 0 0 2 0 0 0 0 2 2 0 0 0 0 2 2 2 0 0 2 2 0 0 1 2 0 2 0 2 0 0 0 0 0 0 0 2 0 0 0 0 0 0 2 0 2 0 0 0 0 2 0 2 0 2 0 2 0 0 0 0 2 0 0 2 1 0 0 0 0 0 2 0 0 0 2 0 0 0 2 0 0 0 0 0 2 0 2 2 0 0 0 0 0 0 0 0 2 0 2 0 0 0 0 0 0 0 2 0 0 0 0 2 2 0 0 2 0 0 0
1007 2 2 2 2 2 2 0 0 0 2 2 2 2 2 2 2 2 2 2 0 2 0 2 2 2 2 2 0 2 2 2 0 2 0 2 2 2 0 2 2 0 2 2 2 2 2 2 2 2 0 2 0 2 2 2 2 0 0 2 0 0 2 2 0 2 2 0 2 2 0 2 2 0 2 2 2 2 2 0 0 2 2 2 0 2 2 2 2 2 2 2 2 0 2 0 2 0 0 0 2 2 0 2 2 2 0 2 0 2 2 2 0 2 2 2 2 2 2 2 2 2 2 2 2 0 0 0 2 2 2 0 2 2 2 0 2 2 2 0 2 2 2 2 2 0 2 0 2 1 0 2 2 0 2 0 2 2 2 2 2 0 2 0 2 2 2 2 0 2 2 2 0 2 2 2 2 0 2 2 2 0 0 0 2 2 2 2 2 2 2 1 0 2 0 2 2 2 0 2 1 0 2 0 0 0 0 0 2 2 0 2 2 2 0 2 0 0 2 0 0 2 2 2 0 2 2 0 0 2 2 2 2 2 2 2 2 0 2 2 2 2 2 2 2 2
1008 2 2 2 2 2 2 2 2 2 2 2 2 2 2 2 2 2 2 2 2 0 2 2 2 2 2 2 2 2 2 0 2 2 2 2 2 2 2 2 2 2 2 2 2 2 2 2 2 2 2 2 2 2 2 2 2 2 2 2 2 0 2 2 2 2 2 2 2 2 2 2 2 2 2 2 2 2 2 2 2 0 2 2 2 2 2 2 2 2 2 2 2 2 2 2 2 2 0 2 2 2 2 2 2 2 0 2 0 2 2 2 2 2 2 2 2 2 2 2 2 2 2 0 2 2 2 2 2 0 2 2 2 2 2 0 2 2 2 2 2 2 2 2 2 2 2 2 2 2 0 2 2 2 2 2 2 2 0 2 2 2 2 2 2 2 2 0 2 2 2 2 2 0 2 0 2 2 2 2 2 0 0 2 2 2 2 2 2 2 2 2 0 2 0 2 2 2 2 2 2 0 2 2 2 0 2 2 2 2 0 2 2 2 2 2 2 2 2 2 2 2 2 2 2 2 2 0 0 2 2 2 2 2 2 2 2 0 2 2 2 2 2 2 2 2
1009 0 2 2 0 2 2 2 2 2 2 2 2 2 2 2 2 2 0 2 2 2 0 2 2 2 2 2 0 0 2 0 0 2 2 2 2 2 2 0 2 0 2 0 2 2 2 0 2 2 0 2 2 2 2 2 2 2 2 2 0 0 2 2 2 2 2 2 0 2 2 0 0 2 2 2 2 2 2 2 2 2 0 2 2 2 2 2 2 0 2 2 0 2 2 2 2 2 2 2 2 2 2 2 0 2 2 2 2 2 2 2 2 2 2 2 2 2 2 2 2 2 0 2 2 2 2 0 2 2 2 2 2 2 2 2 2 2 2 2 2 0 2 2 2 0 2 2 2 2 2 2 2 2 2 2 2 2 2 2 2 2 2 2 2 2 2 2 2 2 2 2 2 2 2 2 2 2 2 2 2 2 2 2 2 2 2 2 2 2 0 1 2 2 2 2 2 2 2 2 1 2 2 2 2 2 2 2 2 0 2 2 2 2 0 2 0 2 2 2 2 0 2 0 2 2 2 2 2 2 2 2 2 2 2 2 2 2 2 2 2 2 2 2 2 2
1010 2 2 2 2 2 2 2 2 2 2 2 2 2 2 2 2 0 2 2 2 2 2 2 2 0 2 0 2 2 2 2 2 2 2 2 1 0 2 2 2 2 2 2 2 2 2 2 2 2 2 2 2 2 2 2 2 2 2 2 2 2 2 2 2 2 2 2 2 2 2 2 2 2 2 0 2 2 2 2 2 2 2 2 2 2 2 2 0 2 2 2 2 2 2 2 2 2 2 2 2 2 2 2 2 2 2 2 2 2 2 2 2 2 2 2 2 2 2 2 2 2 2 2 2 2 2 2 2 2 2 2 2 2 2 2 2 2 2 2 2 2 2 2 2 2 2 2 0 2 2 2 2 2 2 2 2 2 2 2 2 2 2 2 2 0 2 2 2 2 2 2 2 0 2 2 2 2 2 2 2 2 2 2 0 2 2 2 2 2 2 2 2 0 2 2 2 2 2 2 2 2 2 2 2 2 2 2 2 2 2 2 2 2 2 2 2 2 2 0 2 2 2 2 2 2 2 2 2 2 2 2 2 2 2 2 2 2 2 2 2 2 2 2 2 2
1011 0 0 0 0 2 0 0 0 0 0 0 0 2 0 0 0 0 0 0 0 0 0 0 0 0 0 0 0 0 0 0 0 0 0 2 0 0 0 0 0 0 0 0 0 0 0 0 0 0 0 0 0 0 0 0 0 0 0 0 0 0 0 2 0 0 2 0 0 0 0 0 0 0 0 0 0 0 0 2 0 0 0 0 0 0 0 0 0 0 2 0 0 0 0 0 0 2 0 0 0 0 0 0 0 0 0 0 0 2 0 0 0 0 0 0 0 0 0 0 0 0 0 0 0 0 0 0 0 0 0 0 2 0 0 0 0 0 0 0 0 0 0 0 2 0 0 0 0 1 0 0 0 0 0 0 0 0 0 2 0 0 0 0 0 0 0 0 1 0 0 0 2 0 0 0 0 0 0 0 0 0 0 0 0 0 0 0 0 0 0 1 0 0 0 0 0 0 0 0 0 0 0 0 2 0 0 0 2 0 0 0 0 0 0 2 0 0 0 0 0 0 0 0 0 0 0 0 0 2 0 2 0 0 0 0 0 0 0 0 0 0 0 0 0 0
1012 2 2 2 2 2 2 0 2 2 2 2 2 2 2 2 2 2 2 2 2 2 2 2 2 2 2 2 2 2 2 2 2 2 2 2 2 0 2 2 2 2 2 2 2 2 2 2 2 2 2 2 2 2 2 2 2 2 2 2 2 2 2 2 2 2 2 2 2 2 2 2 2 2 2 2 2 2 2 2 2 0 2 0 2 0 2 2 0 2 2 2 2 2 2 2 2 2 2 2 2 2 2 2 2 2 2 2 2 2 2 2 2 2 2 2 2 2 2 2 2 2 2 2 2 2 0 2 2 0 2 2 2 2 2 2 2 2 2 2 0 2 2 2 2 2 2 2 2 2 2 2 2 2 0 2 2 2 2 2 2 2 2 2 2 2 2 2 2 2 2 2 2 2 2 2 2 2 0 2 2 2 2 2 2 2 2 2 0 2 2 2 2 0 2 2 2 2 2 2 2 2 0 2 2 2 2 2 2 2 2 0 2 2 2 2 2 2 1 2 2 2 2 2 2 2 0 2 2 2 2 2 2 2 2 2 2 2 2 2 2 2 2 2 2 2
1013 1 2 2 2 2 2 2 2 2 2 1 0 2 0 2 2 2 0 0 0 2 2 2 0 2 2 2 2 0 0 0 2 2 2 2 2 2 2 2 0 2 0 2 2 0 2 2 2 2 0 0 2 2 2 2 2 2 2 2 0 0 0 2 2 2 2 2 1 2 2 2 0 2 2 2 0 2 0 2 2 2 2 2 2 2 2 2 2 2 2 2 2 2 2 2 2 2 2 2 2 2 2 2 0 2 2 2 2 2 2 2 2 2 2 2 2 2 2 2 2 2 0 2 2 2 2 2 2 2 2 2 2 2 2 2 2 2 2 2 2 0 2 2 2 2 2 2 2 2 2 2 2 2 2 2 2 2 2 2 0 2 2 2 2 2 2 2 2 2 0 2 2 2 2 2 2 2 2 0 2 2 2 2 2 2 2 2 2 2 0 1 2 2 2 2 2 2 2 2 2 2 2 2 2 2 2 2 2 2 2 2 2 2 2 2 1 2 2 2 2 2 2 2 2 2 2 2 2 2 2 2 2 2 2 2 2 2 2 2 2 2 2 2 2 2
1014 2 2 2 2 2 2 2 0 2 2 2 2 2 2 2 2 2 2 2 2 2 2 2 2 2 2 2 2 2 2 2 2 2 2 2 2 2 2 2 2 2 2 0 2 2 2 0 2 2 2 2 0 2 0 2 2 2 2 2 2 2 2 2 2 0 2 2 2 2 2 0 2 2 2 2 2 2 2 2 2 2 2 2 2 2 2 2 2 2 2 2 2 2 2 2 2 2 2 0 2 2 2 2 2 2 2 2 2 2 2 2 2 2 2 2 2 2 2 2 2 2 2 2 2 2 2 2 2 2 2 0 2 0 2 2 2 2 2 2 2 2 2 2 2 2 2 0 2 2 2 2 2 0 2 2 2 2 2 2 2 2 2 2 2 2 2 2 2 2 2 2 2 2 2 2 2 2 2 2 2 2 2 2 2 2 2 2 2 2 2 2 2 2 2 2 2 2 2 2 2 2 2 2 2 2 2 2 2 0 2 2 2 2 2 2 2 2 2 2 2 2 2 2 2 2 2 2 2 2 2 2 2 2 2 2 2 2 2 2 2 2 2 2 2 2
1015 2 2 2 0 2 2 2 0 2 2 2 2 2 2 2 2 2 2 2 2 2 2 2 2 2 2 2 2 2 2 2 2 2 2 2 2 2 2 2 2 2 2 0 2 2 2 0 2 2 2 2 0 2 2 2 2 2 2 2 2 2 2 2 2 2 2 2 2 2 2 0 2 2 2 2 2 2 2 2 2 2 2 2 2 2 2 2 2 2 2 2 2 2 2 2 2 2 2 0 2 2 2 2 2 2 2 2 2 2 2 2 2 0 2 2 2 2 2 2 2 2 2 2 2 2 2 2 2 2 2 0 2 0 2 2 2 2 2 2 2 2 2 2 2 2 2 0 2 2 2 2 2 0 2 2 2 2 2 2 2 0 2 2 2 2 2 2 2 2 2 2 2 2 2 2 2 2 2 2 2 2 2 2 2 2 2 2 2 2 2 2 2 2 2 2 2 2 2 2 2 2 2 2 2 2 2 2 2 0 2 2 2 2 2 2 2 2 2 2 2 2 2 2 2 2 2 2 2 2 2 2 2 2 2 2 2 2 2 2 2 2 2 2 2 2
1016 2 2 2 2 2 2 2 2 2 0 2 2 2 2 0 2 2 2 2 2 2 2 2 2 0 2 2 2 2 2 0 2 2 2 0 2 2 0 2 2 2 2 0 2 2 2 0 0 2 2 2 0 2 2 2 2 2 0 2 2 0 2 2 2 2 2 0 0 0 2 0 2 2 2 2 2 2 2 2 2 2 2 2 2 2 0 2 2 2 0 2 2 2 2 0 2 0 2 2 2 2 2 2 2 2 2 2 2 0 2 2 2 0 0 2 2 2 2 2 2 2 2 0 2 2 2 2 0 2 2 0 0 2 2 2 0 2 2 2 2 2 2 0 0 2 2 0 2 1 0 0 2 0 2 2 0 2 2 0 2 0 2 2 2 2 0 2 1 2 2 2 2 2 2 2 2 2 2 2 2 2 2 2 2 2 2 2 2 2 2 2 2 2 2 0 0 2 2 0 2 0 2 2 2 2 2 2 0 0 2 0 2 2 2 2 2 2 2 2 2 2 2 0 2 2 2 2 2 2 2 0 2 2 2 2 0 2 2 2 0 2 2 2 2 2
1017 2 2 2 2 0 2 2 2 2 0 2 2 0 2 2 2 2 2 2 2 2 2 2 2 0 0 2 2 2 2 2 2 2 2 2 2 2 2 2 2 0 2 0 0 2 2 0 0 2 2 2 0 0 0 2 2 2 2 2 2 2 2 0 2 0 0 2 0 0 2 0 2 0 0 2 2 2 2 2 2 2 2 0 0 2 2 2 2 0 2 2 2 2 2 0 2 2 2 2 2 2 2 2 2 2 2 2 0 2 2 2 2 2 0 0 2 2 0 2 2 2 2 2 0 2 2 0 2 2 2 0 2 2 2 0 2 0 2 2 2 2 2 2 2 2 2 0 2 2 2 2 2 0 2 2 2 2 2 2 2 2 2 2 0 2 2 0 2 2 2 2 2 2 0 0 0 2 2 2 2 0 0 0 2 0 0 2 0 2 2 1 0 2 2 2 2 2 2 0 0 2 2 2 0 0 2 0 0 0 0 2 2 2 2 2 2 2 1 0 2 2 2 0 2 2 0 0 0 0 0 0 2 2 2 2 0 2 2 2 0 2 2 0 0 0
1018 2 2 2 2 2 2 0 2 2 2 2 2 2 2 2 2 2 2 2 2 2 2 2 2 2 2 2 2 2 2 2 2 2 2 2 2 2 2 2 2 2 2 2 2 2 2 2 2 2 2 2 2 2 2 2 2 0 2 2 2 0 2 2 2 2 2 2 2 0 0 2 2 2 2 2 2 2 2 2 2 2 2 2 2 2 2 2 2 0 2 2 2 2 0 2 2 0 2 2 2 2 0 2 0 2 2 2 2 2 2 0 2 2 2 2 2 2 2 0 2 2 2 2 2 2 0 2 2 2 2 2 0 2 2 2 2 2 2 2 2 2 2 2 2 2 2 2 2 1 2 0 2 2 2 2 2 2 2 2 2 2 2 2 2 2 2 2 1 0 2 2 2 2 2 2 2 2 2 2 2 2 0 2 2 2 2 0 2 2 2 2 2 2 2 2 2 0 2 2 2 2 2 2 2 2 2 2 0 2 2 0 0 2 2 0 2 2 2 2 2 0 2 2 2 2 2 2 2 2 0 0 2 2 2 0 2 2 2 0 2 2 2 0 2 2
1019 2 2 0 2 2 2 2 2 2 0 2 2 2 0 2 2 2 2 0 2 2 2 2 0 2 2 2 2 2 0 0 2 2 2 2 2 2 2 2 2 2 0 2 0 0 0 2 0 0 2 2 2 2 2 2 2 2 2 0 2 0 0 2 0 2 2 2 2 2 2 2 2 0 2 2 0 0 2 2 2 2 0 2 0 2 0 0 2 2 2 2 2 2 2 2 2 2 0 2 0 2 2 2 2 2 0 0 2 2 2 2 2 2 0 2 2 2 2 2 2 2 2 2 0 2 2 0 2 2 2 2 2 2 2 0 0 0 2 0 2 2 2 0 2 2 2 2 2 2 2 2 2 2 2 2 2 2 2 2 2 2 2 2 2 2 0 2 1 2 2 2 2 2 2 2 2 0 2 2 2 0 2 0 2 2 2 2 2 2 2 2 0 2 0 0 0 2 2 2 0 2 2 2 2 0 0 2 2 2 0 2 2 0 2 2 2 2 2 2 0 2 2 2 2 2 2 0 2 2 2 2 2 2 0 2 2 0 2 2 2 2 2 2 2 2
1020 2 2 2 2 2 2 2 2 0 2 2 2 2 2 2 2 0 2 2 2 2 2 2 2 2 2 2 2 2 2 2 2 2 2 2 2 2 2 2 2 0 2 2 2 2 2 2 2 2 2 2 2 0 2 2 2 2 2 2 2 2 2 2 2 2 2 2 2 2 2 2 2 2 0 0 2 2 2 2 0 0 2 2 2 2 2 2 2 2 2 0 2 2 2 2 2 2 0 2 2 0 2 2 2 2 0 0 2 0 2 2 2 2 2 2 0 2 2 2 2 2 2 2 2 2 2 2 0 2 2 2 2 2 2 2 2 0 2 2 0 2 0 2 2 2 2 2 2 2 2 2 2 2 0 2 2 2 2 2 2 2 2 2 0 0 2 2 2 2 2 2 2 2 2 2 2 2 0 2 2 2 2 2 2 2 2 2 2 0 2 2 2 2 0 0 2 2 2 0 2 0 0 2 2 2 2 2 0 2 0 2 2 2 2 2 2 2 2 2 2 2 2 2 2 2 2 2 0 2 2 0 2 2 0 2 2 0 2 2 0 2 2 2 2 0
1021 2 2 2 2 2 2 2 2 2 2 2 2 2 2 0 2 2 2 2 2 2 2 2 2 2 2 2 2 2 2 2 2 2 2 0 1 0 2 2 2 2 2 2 2 2 2 2 2 2 2 2 2 2 2 2 2 2 2 2 2 2 2 2 0 0 2 2 2 2 2 2 2 0 2 2 2 2 2 0 2 0 2 2 0 2 2 2 0 2 0 2 2 2 2 2 2 2 2 2 2 2 2 2 2 2 2 2 2 2 2 2 0 2 2 2 2 2 2 2 2 0 2 2 2 2 2 2 2 2 2 2 2 2 2 2 2 2 2 2 2 2 2 2 0 2 2 2 2 1 2 0 2 2 2 0 2 0 0 0 2 2 0 2 2 2 2 2 2 2 2 2 0 2 2 2 0 2 2 2 2 2 2 2 2 2 2 2 2 2 2 2 2 0 2 2 2 0 2 2 2 2 2 2 2 2 0 2 2 2 2 2 2 2 2 2 0 2 1 0 2 0 0 2 0 2 2 2 2 2 2 2 2 2 2 2 2 2 2 2 2 2 0 2 0 2
1022 2 2 2 2 2 2 2 2 2 2 2 2 2 2 2 2 2 2 2 2 0 2 2 2 2 2 2 2 2 2 2 2 2 2 2 2 2 2 2 2 2 2 0 0 2 2 0 2 2 2 2 2 2 2 2 2 2 2 2 2 2 2 2 2 2 2 2 2 2 2 2 2 2 2 2 2 2 2 2 2 2 0 2 2 2 0 2 2 2 2 2 2 2 2 2 2 2 2 2 2 2 2 2 2 2 2 2 2 2 2 2 2 2 0 2 2 2 2 2 2 2 2 2 0 2 2 2 2 2 2 2 2 2 2 2 0 2 2 2 2 2 2 0 2 2 2 2 2 2 2 2 0 2 2 2 0 2 2 2 0 2 2 2 2 2 2 2 2 2 0 2 2 2 2 2 0 2 2 0 0 2 2 0 2 2 2 2 2 2 2 2 2 2 2 2 0 2 2 2 2 2 2 2 2 2 2 2 2 0 2 2 2 2 2 2 2 2 1 2 2 2 0 2 2 2 2 2 2 2 0 2 2 0 2 2 2 2 0 2 2 2 0 2 2 2
1023 0 0 2 0 2 0 2 0 0 2 2 2 2 2 0 0 2 0 2 0 0 0 2 2 0 0 0 0 0 2 0 0 2 2 0 0 0 0 0 0 0 2 0 0 0 2 0 0 2 0 0 0 0 0 2 2 0 0 2 2 2 2 0 0 0 2 0 0 0 0 0 0 0 0 2 2 2 2 0 0 2 0 2 0 0 2 2 0 0 0 2 0 0 2 2 2 2 2 0 2 2 0 0 0 0 0 2 0 2 2 2 0 0 2 0 0 0 0 0 2 0 0 2 0 0 2 0 2 2 0 0 2 0 2 0 2 2 0 2 2 0 2 2 0 0 0 0 2 1 0 0 2 0 2 0 2 0 0 0 2 0 0 0 2 2 2 0 2 0 2 0 0 2 0 0 2 2 2 2 2 0 0 0 0 0 0 2 2 0 2 1 0 0 0 0 2 0 0 2 0 2 2 0 0 0 0 0 2 0 0 2 2 2 0 0 0 0 0 0 2 0 0 0 0 0 2 0 2 2 2 2 0 2 2 2 0 0 2 0 2 0 0 0 0 2
1024 2 2 2 0 2 2 2 2 2 2 2 2 2 2 2 2 2 2 2 2 2 2 2 2 2 2 2 2 2 2 2 2 2 2 2 2 0 2 2 2 2 2 2 2 2 2 2 2 2 2 2 2 2 2 2 2 2 2 2 2 2 2 2 2 2 2 2 2 2 0 2 2 0 2 2 2 2 2 2 2 2 2 2 0 2 2 2 0 2 2 2 2 0 2 2 2 2 2 2 2 2 2 2 2 2 2 2 2 2 2 2 0 2 2 2 2 2 2 0 2 2 2 2 2 2 2 2 2 2 0 2 2 2 2 0 2 2 2 2 2 2 2 2 2 2 2 2 2 2 2 2 2 2 2 0 2 2 2 2 2 2 2 2 2 2 2 2 2 0 2 2 2 2 2 2 2 2 2 2 2 2 2 2 2 2 2 2 2 2 2 1 2 0 2 2 2 0 2 2 2 2 2 2 0 0 2 0 2 2 2 2 2 2 2 0 2 2 2 0 2 2 2 2 2 2 2 2 2 2 2 2 2 2 2 2 2 2 2 0 2 2 2 2 2 2
1025 2 2 2 2 2 2 2 2 0 0 2 2 2 2 2 2 2 2 2 2 2 2 0 2 2 2 2 2 2 2 2 2 0 2 2 2 2 2 2 2 2 2 0 2 2 2 0 2 2 2 2 2 2 2 0 0 2 2 2 2 2 2 2 2 2 2 2 2 2 2 2 2 2 2 2 2 2 2 2 2 2 2 2 2 2 2 2 2 2 2 2 2 2 2 2 0 2 2 2 2 2 2 2 2 2 2 2 2 2 0 0 2 2 2 2 2 2 2 2 0 2 2 2 2 2 2 2 2 2 2 2 2 2 0 2 2 2 2 2 2 2 2 2 2 2 2 2 2 2 2 2 2 2 2 2 2 2 2 2 2 2 2 2 2 2 2 2 2 2 2 2 2 2 2 2 2 2 2 2 2 2 2 2 2 2 2 2 2 2 0 1 2 2 2 2 2 2 2 2 2 2 2 2 2 2 2 2 2 0 2 2 2 2 2 2 2 2 2 2 2 2 2 2 2 2 2 2 2 2 2 2 2 2 2 2 2 2 2 2 2 2 2 0 2 2
1026 2 2 2 2 2 2 2 0 2 2 0 2 2 2 2 2 2 2 2 2 2 2 2 2 2 2 2 2 2 2 2 2 2 2 2 2 2 2 2 2 2 2 2 2 2 2 2 2 2 0 2 0 2 2 2 2 2 2 2 0 2 2 2 2 2 2 2 2 2 2 2 2 2 2 2 2 2 2 2 2 0 2 2 2 2 2 2 2 2 2 2 2 2 2 2 2 2 0 0 2 2 0 2 2 2 2 2 2 2 2 2 2 2 2 2 2 2 2 2 2 2 2 0 2 2 2 2 2 2 2 0 2 2 2 2 2 2 2 2 2 2 2 2 2 2 2 0 2 2 2 2 2 2 2 2 2 2 2 2 2 0 2 2 2 2 2 2 2 2 2 0 2 2 2 2 2 2 2 2 2 2 2 2 2 2 2 2 2 2 2 2 2 2 2 2 2 2 2 2 2 2 2 2 2 2 0 2 2 2 0 2 2 2 2 2 2 2 2 2 2 2 2 2 2 0 2 2 2 2 2 2 2 2 2 2 2 2 2 2 2 2 2 2 2 2
1027 2 0 2 2 0 2 2 2 2 2 2 2 0 2 2 2 2 2 2 2 2 2 0 2 0 2 2 2 2 2 2 2 0 2 2 1 2 0 2 2 2 2 2 2 2 2 2 2 2 2 2 2 2 2 0 0 2 0 2 2 2 2 0 2 2 0 0 2 2 2 2 2 0 2 2 2 2 2 2 2 2 2 2 0 2 2 2 2 2 2 2 2 0 2 2 0 2 2 2 2 2 2 0 2 2 2 2 2 2 0 0 0 2 2 2 2 2 2 2 0 2 2 2 2 0 2 2 2 2 2 2 2 2 0 2 2 2 2 2 2 2 2 2 2 2 2 2 2 2 2 2 2 0 2 2 2 2 2 2 2 2 2 2 2 2 2 2 2 2 2 2 2 2 2 2 2 2 2 2 2 2 2 2 2 2 2 0 2 0 2 1 2 2 2 2 0 0 2 2 2 2 2 2 2 2 2 2 2 2 2 2 0 2 2 2 2 2 2 2 2 2 2 2 2 2 2 2 2 2 2 2 0 2 2 0 2 2 2 2 2 2 2 2 2 2
1028 2 2 2 2 2 2 2 2 2 2 2 2 2 2 2 2 2 2 2 2 2 2 2 2 2 2 2 2 2 2 2 2 0 2 2 2 2 2 2 2 2 2 2 2 2 2 2 2 2 2 2 2 2 2 2 2 2 2 2 2 2 2 2 2 2 2 2 2 2 2 2 2 2 2 2 2 2 2 2 2 0 2 2 2 2 0 2 2 2 2 2 2 2 2 2 0 0 2 2 2 2 2 2 2 2 2 2 2 2 2 2 2 2 2 2 2 2 2 2 0 2 2 2 2 2 2 2 2 2 2 2 2 2 0 2 0 2 2 2 0 2 2 0 2 2 2 2 2 1 0 2 2 2 2 2 0 2 0 2 2 2 2 2 0 2 2 2 1 2 2 2 2 2 2 2 2 2 2 2 2 0 2 2 2 2 2 2 2 0 2 2 0 2 2 2 2 2 2 2 2 2 0 2 2 2 2 2 2 2 2 0 2 2 2 2 2 2 2 2 2 2 2 2 2 2 2 0 2 2 2 2 2 2 2 2 2 2 2 2 2 2 2 2 2 2
1029 0 0 2 0 0 0 0 0 0 2 0 0 0 2 0 0 0 0 2 0 0 0 0 2 0 0 0 0 0 2 0 0 0 0 0 0 2 0 0 0 0 2 0 0 0 2 0 0 0 2 0 0 0 0 0 0 0 0 2 0 2 2 0 2 0 0 0 0 0 0 0 0 0 0 0 2 2 0 0 0 0 0 0 0 0 0 2 2 0 0 0 0 0 0 0 0 0 0 0 2 0 0 0 0 0 0 0 0 0 2 2 0 0 0 0 0 0 0 0 0 0 0 2 0 0 0 0 0 0 0 0 0 0 0 0 0 0 0 2 0 0 0 0 0 0 0 0 0 0 0 0 0 0 0 0 0 0 0 0 0 0 2 0 0 0 0 0 1 0 0 0 0 0 0 0 0 2 0 0 0 0 0 0 0 0 0 0 0 0 2 2 0 2 0 0 0 0 2 0 0 0 0 0 0 0 0 2 0 0 0 0 0 2 0 0 0 0 0 0 2 0 0 0 0 0 0 0 0 0 0 0 0 0 0 0 0 0 0 0 0 0 0 0 0 0
1030 2 2 2 2 2 2 2 2 2 2 2 2 2 2 0 2 0 2 2 2 2 2 2 2 2 2 2 2 2 2 2 2 2 2 2 2 2 2 2 2 2 2 2 2 2 2 2 2 2 2 2 2 2 2 2 2 2 2 2 2 2 2 2 2 2 2 2 2 2 2 2 2 2 2 0 2 2 2 2 2 2 2 2 2 2 2 2 2 2 2 2 2 2 2 2 2 2 0 2 2 2 2 2 2 2 0 2 2 2 2 2 2 2 2 2 2 2 2 2 2 2 2 2 2 2 2 2 2 2 2 2 2 2 2 2 2 2 2 2 2 2 2 2 2 2 2 2 2 1 0 2 2 2 2 2 2 2 0 2 2 2 2 2 0 2 2 0 2 2 2 2 2 2 2 0 2 2 2 2 2 2 0 2 2 2 2 2 2 2 2 2 2 2 2 2 2 2 2 2 2 2 2 2 2 2 2 2 2 2 0 2 2 2 2 2 2 2 2 2 2 2 2 2 2 2 2 2 2 2 2 2 2 2 2 2 2 0 2 2 2 2 2 2 0 0
1031 2 2 2 2 2 2 2 2 2 2 2 2 2 2 2 2 2 2 2 2 2 2 0 2 2 2 2 2 2 2 2 2 2 2 2 2 0 2 2 2 2 2 2 2 2 2 2 2 2 2 2 2 2 2 0 0 2 2 2 2 2 2 2 2 2 2 2 2 2 2 2 2 2 2 2 2 2 2 2 2 2 2 2 2 0 2 2 0 2 2 2 2 2 2 2 2 2 2 2 2 2 2 2 2 2 2 2 2 2 0 0 2 2 2 2 2 2 2 2 2 2 2 2 2 2 2 2 2 2 2 2 2 2 2 0 2 2 2 2 2 2 2 2 2 2 2 2 2 2 2 2 2 2 2 0 2 2 2 2 2 2 2 2 2 2 2 2 2 2 2 2 2 2 2 2 2 2 2 2 2 2 2 2 2 2 2 2 2 2 2 1 2 0 2 2 2 0 2 2 2 2 2 2 0 0 2 2 2 2 2 2 2 2 2 2 2 2 2 2 2 2 2 2 2 2 2 2 2 2 2 2 2 2 2 2 2 2 2 2 2 2 2 2 2 2
1032 2 2 2 0 2 2 2 2 2 2 2 2 2 2 2 2 2 2 2 2 2 2 2 2 2 2 2 2 2 2 2 2 2 2 2 2 2 2 2 2 2 2 0 0 2 2 2 2 2 2 2 2 2 0 2 2 2 2 2 2 2 2 2 2 2 2 2 2 2 2 2 2 2 2 2 2 2 2 2 2 2 0 2 2 2 2 2 2 0 2 2 2 2 2 2 2 2 0 2 2 2 2 2 2 2 0 2 2 2 2 2 2 2 2 2 0 2 2 2 2 2 0 2 0 2 2 2 2 2 2 2 2 0 2 2 2 2 2 2 2 2 2 2 2 2 2 2 2 2 0 2 2 0 2 2 2 0 2 2 2 2 2 2 2 2 2 2 2 2 2 2 2 2 2 2 2 2 2 2 2 2 0 2 2 2 2 2 0 2 2 2 2 2 2 2 2 2 2 2 2 0 2 2 2 2 2 2 2 2 0 2 2 2 2 2 2 2 2 2 2 2 2 2 2 2 2 2 2 2 2 2 2 2 2 2 2 0 2 2 2 2 2 2 2 2
1033 2 2 2 2 2 2 0 2 2 2 2 2 2 2 2 2 2 2 2 2 2 2 2 2 2 2 2 2 2 2 2 2 0 2 2 1 2 2 2 2 2 2 2 2 2 2 2 2 2 2 2 2 2 2 2 2 2 2 2 2 2 2 2 2 2 2 2 2 2 2 2 2 2 2 2 2 2 2 2 2 2 2 2 2 2 2 2 2 2 2 2 2 2 2 2 0 0 2 2 2 2 2 2 2 2 2 2 2 2 2 2 2 2 2 2 2 2 2 0 0 2 2 2 2 2 0 2 2 2 2 2 0 2 0 2 2 2 2 0 2 2 2 2 2 2 2 2 2 1 2 2 2 2 2 2 2 2 2 2 2 2 2 2 2 2 2 2 0 2 2 2 2 2 2 2 2 0 2 2 2 2 2 2 2 2 2 2 2 2 2 2 2 2 2 2 2 2 2 2 2 2 2 2 2 2 0 2 2 2 2 2 2 2 2 2 2 2 2 2 0 2 2 2 2 2 2 2 2 2 2 2 2 2 2 2 2 2 2 0 2 2 2 2 2 2
1034 0 2 2 0 2 2 2 2 0 0 2 2 2 0 0 2 2 2 0 2 0 2 2 0 2 2 2 2 2 0 2 2 2 2 0 2 2 2 2 2 2 0 0 2 0 2 2 0 0 2 2 2 2 0 2 2 2 2 2 2 2 0 2 2 0 2 2 0 2 2 2 2 2 2 2 0 2 2 2 2 2 2 2 2 2 2 2 2 2 0 2 2 2 2 2 2 2 2 2 2 2 2 2 2 0 2 2 0 2 2 2 2 0 0 2 0 2 0 2 2 0 0 2 2 2 2 2 2 2 2 2 2 2 2 2 2 2 2 2 2 0 2 2 2 2 2 2 2 1 2 2 0 0 2 2 2 2 2 2 0 2 2 2 2 2 2 2 2 0 0 0 0 2 0 2 2 2 2 0 2 2 2 2 2 0 2 2 0 2 0 1 2 2 2 2 2 2 0 0 2 0 2 0 2 2 2 0 0 2 2 2 2 2 2 2 0 0 1 2 2 2 2 0 2 0 2 2 2 2 0 0 2 2 2 2 2 2 2 2 0 2 2 2 2 2
1035 2 2 0 2 2 2 2 0 2 2 2 2 2 2 2 2 2 2 2 0 2 2 2 2 2 2 2 2 2 2 2 2 2 2 2 2 2 2 0 0 2 2 2 2 2 0 2 2 2 0 2 2 2 2 2 2 2 2 0 2 0 2 2 2 2 2 2 2 2 2 2 2 2 2 2 2 0 2 2 2 2 2 2 2 2 2 0 2 2 2 2 0 2 2 2 2 2 2 0 0 2 2 2 2 2 2 2 2 2 2 2 2 2 2 0 2 2 2 2 2 2 2 2 2 2 2 2 2 2 2 2 2 2 2 2 2 2 2 2 2 2 2 2 2 2 2 2 2 2 2 2 2 2 2 2 2 2 2 2 2 2 0 2 2 2 2 2 2 0 2 2 2 2 2 2 2 2 2 2 0 2 2 2 2 2 2 2 2 2 2 2 2 2 2 2 2 2 2 2 2 2 2 2 2 2 2 2 2 2 2 2 2 0 2 2 2 2 2 2 2 2 2 2 2 2 2 2 2 0 2 2 2 0 2 2 2 2 0 2 2 2 2 2 2 2
1036 0 2 0 2 2 2 2 2 2 0 0 0 2 0 2 2 2 2 0 2 2 0 2 0 2 2 2 0 2 0 2 0 2 2 2 2 2 2 0 0 0 0 2 2 0 0 2 0 2 0 2 2 2 0 2 2 0 2 0 0 2 0 2 2 2 2 2 2 2 2 2 2 2 2 2 0 0 0 2 2 2 2 2 2 2 2 0 2 2 2 2 0 2 2 2 2 2 2 2 0 2 2 2 2 2 2 2 2 2 2 2 2 2 0 2 2 2 2 2 2 2 2 2 2 2 2 2 2 2 2 2 2 2 2 2 2 2 2 2 2 0 2 2 2 2 2 2 2 2 2 2 2 2 2 2 2 2 2 2 0 0 2 2 2 2 2 2 2 2 0 2 2 2 2 2 2 2 2 0 2 2 2 2 2 2 2 2 2 2 0 1 2 2 2 2 2 2 2 2 2 2 2 2 2 2 2 2 2 2 2 2 2 0 2 2 2 2 2 2 2 2 2 2 2 2 2 2 2 2 2 2 2 2 2 2 0 2 2 2 2 2 2 2 2 2
1037 2 2 2 2 2 2 2 0 2 2 2 0 2 2 2 2 2 2 2 2 2 0 2 2 2 2 2 0 2 2 2 0 2 2 2 2 2 2 2 2 0 2 2 2 2 2 2 2 0 0 0 2 2 2 2 2 2 2 2 2 2 2 0 2 0 2 2 2 2 0 2 2 2 2 2 2 2 0 2 2 2 2 2 2 2 2 2 2 2 2 2 2 2 2 2 2 2 2 0 2 2 2 2 2 2 2 2 2 2 2 2 0 2 2 2 2 2 2 2 2 2 2 2 2 2 2 2 2 2 2 2 2 2 2 2 2 2 2 2 2 2 2 2 2 2 2 2 2 2 2 2 2 2 2 2 2 2 2 2 2 2 2 2 2 2 2 2 2 2 2 2 2 2 2 2 2 2 2 2 2 2 2 0 2 2 2 0 2 2 2 1 2 2 2 2 2 0 2 2 2 2 2 2 2 2 2 2 2 2 2 2 2 2 2 2 2 2 2 2 2 2 2 2 2 2 2 2 2 2 2 2 2 2 2 2 2 2 2 2 2 2 2 2 2 2
1038 2 2 0 0 2 2 2 2 0 2 0 2 2 2 2 2 2 2 2 2 2 2 0 2 0 2 2 2 2 2 2 2 2 2 0 2 2 2 2 2 2 2 0 0 2 0 0 2 2 2 2 0 2 2 0 0 2 2 0 2 0 2 2 2 2 2 2 0 2 2 2 2 2 2 2 2 0 2 2 2 2 0 2 2 0 2 0 0 2 0 2 2 2 2 2 2 2 0 2 0 2 2 2 0 2 0 2 0 2 0 0 2 2 2 0 2 2 2 2 2 2 0 2 0 2 2 2 2 2 2 2 2 2 2 0 2 2 2 2 2 2 2 2 0 2 2 0 2 2 0 2 2 0 2 0 2 2 2 0 2 2 0 0 2 0 2 2 2 2 2 2 0 2 2 2 2 2 2 2 2 2 0 2 2 2 2 2 2 2 2 2 2 0 2 2 0 2 2 2 2 0 2 0 2 0 2 2 2 0 2 2 2 0 2 2 2 0 1 2 2 2 0 0 2 2 2 2 2 0 2 2 2 2 2 2 2 0 2 2 2 2 2 0 2 2
1039 0 2 0 0 2 0 0 0 0 0 0 0 2 0 0 0 2 0 0 0 0 0 0 0 0 0 2 0 0 0 0 0 2 2 2 1 2 2 0 0 0 0 0 2 0 0 0 0 0 0 0 0 0 0 0 0 0 2 0 0 0 0 0 0 0 2 2 0 0 0 0 0 2 0 2 0 0 0 2 0 2 2 2 2 0 2 0 0 0 2 2 0 2 0 2 2 2 0 0 0 2 0 2 0 0 2 2 0 2 0 0 0 0 0 0 0 0 0 2 2 2 0 0 2 2 0 0 2 0 0 0 0 2 2 0 2 2 0 2 2 0 0 2 0 0 2 0 2 1 0 2 0 0 2 0 0 2 2 0 0 0 0 0 2 2 2 0 2 0 0 2 2 2 0 0 2 2 2 0 0 0 2 0 2 0 2 0 0 0 0 0 0 0 0 2 0 0 0 0 0 0 2 2 2 0 2 0 0 0 2 2 2 0 0 2 0 2 1 0 2 0 2 0 2 2 2 0 2 0 0 0 0 0 0 2 0 0 0 2 0 0 2 0 2 0
1040 0 2 0 0 0 0 0 0 0 0 0 0 0 0 0 0 0 0 0 0 0 0 0 0 0 0 0 0 0 0 0 0 0 0 0 0 2 2 0 0 0 0 0 0 0 0 0 0 0 0 0 0 0 0 0 0 0 2 0 0 0 0 0 0 0 0 2 0 0 0 0 0 0 0 0 0 0 0 0 0 0 0 0 0 0 0 0 0 0 0 0 0 0 0 0 0 0 0 0 0 0 0 2 0 0 0 0 0 0 0 0 0 0 0 0 0 0 0 2 0 0 0 0 0 0 0 0 0 0 0 0 0 0 0 0 0 0 0 2 0 0 0 0 0 0 0 0 0 0 0 0 0 0 0 0 0 0 0 0 0 0 0 0 0 0 0 0 1 0 0 0 0 0 0 0 0 2 0 0 0 0 0 0 0 0 0 0 0 0 0 0 0 0 0 0 0 0 0 0 0 0 0 0 0 0 2 0 0 0 0 0 0 0 0 0 0 0 0 0 2 0 0 0 0 0 0 0 0 0 0 0 0 0 0 0 0 0 0 2 0 0 0 0 0 0
1041 0 2 0 0 0 0 0 0 0 0 0 0 0 0 0 0 0 0 0 0 0 0 0 0 0 0 0 0 0 0 0 0 0 0 0 0 2 2 0 0 0 0 0 0 0 0 0 0 0 0 0 0 0 0 0 0 0 2 0 0 0 0 0 0 0 0 2 0 0 0 0 0 0 0 0 0 0 0 0 0 0 0 0 0 0 0 0 0 0 0 0 0 0 0 0 0 0 0 0 0 0 0 2 0 0 0 0 0 0 0 0 0 0 0 0 0 0 0 2 0 0 0 0 0 0 0 0 0 0 0 0 0 0 0 0 0 0 0 2 0 0 0 0 0 0 0 0 0 0 0 0 0 0 0 0 0 0 0 0 0 0 0 0 0 0 0 0 1 0 0 0 0 0 0 0 0 2 0 0 0 0 0 0 0 0 0 0 0 0 0 0 0 0 0 0 0 0 0 0 0 0 0 0 0 0 2 0 0 0 0 0 0 0 0 0 0 0 0 0 2 0 0 0 0 0 0 0 0 0 0 0 0 0 0 0 0 0 0 2 0 0 0 0 0 0
1042 2 2 2 2 2 2 2 2 2 2 2 2 2 2 2 2 2 2 2 2 2 2 2 2 2 2 2 2 2 2 2 2 2 2 2 2 2 2 0 0 2 2 2 2 2 2 2 2 2 2 2 2 2 2 2 2 2 2 2 2 2 1 2 2 0 2 2 2 0 2 2 2 2 2 2 2 2 2 2 2 2 2 2 2 2 2 2 2 2 2 2 0 2 2 2 1 2 2 2 2 2 2 2 1 2 2 2 2 2 2 2 0 2 2 2 2 2 0 2 2 2 2 0 2 2 2 2 2 2 2 0 2 2 2 2 2 2 2 2 2 2 2 2 2 2 2 2 2 2 0 2 2 2 2 2 0 2 2 2 2 2 2 2 2 2 2 2 2 1 2 2 2 2 0 2 2 2 2 2 2 2 2 2 2 0 2 2 2 2 2 2 2 2 2 2 2 2 2 2 2 2 0 2 0 2 2 2 2 2 2 2 2 2 2 2 2 2 2 2 2 2 2 2 2 2 2 2 2 0 0 2 2 2 2 2 2 0 2 2 2 2 2 2 2 2
1043 0 2 0 0 0 0 2 0 0 0 0 0 0 0 0 0 0 0 0 0 0 0 0 0 0 0 0 0 0 0 0 0 2 0 0 0 0 2 0 0 0 2 0 0 0 0 0 0 0 0 0 0 0 0 0 0 1 2 0 0 0 0 2 0 0 0 2 0 0 2 0 0 2 0 0 0 0 0 2 0 0 0 2 2 0 0 0 0 0 0 0 0 2 2 0 2 0 0 0 0 0 0 2 0 0 0 0 0 0 0 0 2 0 0 0 0 0 0 2 2 0 0 0 0 2 2 0 0 0 2 0 2 0 2 0 0 0 0 0 0 0 0 0 0 0 0 0 0 0 0 0 0 0 0 0 0 0 0 0 0 0 0 0 0 0 0 0 0 0 0 0 0 0 0 0 0 0 0 0 0 0 0 0 0 0 0 0 0 0 0 2 0 0 0 0 0 0 2 0 0 0 0 0 0 0 2 2 0 0 0 0 2 0 0 0 0 0 0 2 0 0 0 0 0 0 2 0 0 0 0 0 0 0 0 2 0 0 0 2 0 0 0 0 0 0
1044 2 2 0 2 2 2 0 2 2 2 2 0 2 2 2 2 2 2 2 2 2 2 2 2 2 2 2 2 2 2 2 2 2 2 2 2 2 2 2 2 2 2 2 2 2 0 0 2 0 2 2 2 2 2 2 2 2 2 0 2 2 2 2 2 2 2 2 2 2 2 2 2 2 2 2 2 0 0 2 2 2 2 2 2 2 2 0 2 2 2 2 2 2 2 2 2 2 2 2 0 2 2 2 2 2 2 2 2 2 2 2 2 2 2 2 2 2 2 2 2 2 2 2 2 2 0 2 2 2 0 2 2 2 2 2 2 2 2 2 2 2 2 2 2 2 2 2 2 2 2 2 2 0 2 2 2 2 2 2 2 2 2 2 2 2 2 2 2 2 2 2 2 2 2 2 2 2 2 2 2 2 2 2 2 2 2 2 2 2 2 2 2 2 2 2 2 2 2 2 2 2 2 2 2 2 2 2 2 0 2 2 2 0 2 0 2 2 2 2 2 2 2 2 2 2 2 2 2 2 2 2 2 2 2 2 0 2 2 2 2 2 2 2 2 2
1045 0 2 2 0 2 2 2 0 2 0 0 0 2 2 2 2 2 0 2 2 2 0 2 2 2 2 2 0 0 2 0 0 2 2 2 2 2 2 2 2 0 2 0 2 0 2 2 0 0 2 0 0 2 0 2 2 0 2 2 0 0 2 2 0 0 2 2 0 2 2 2 0 2 2 2 2 2 0 2 0 2 0 2 2 2 2 2 2 2 2 2 2 2 2 0 2 2 2 0 2 2 0 2 0 2 2 2 2 2 2 2 2 0 2 2 0 2 0 2 2 0 0 0 2 2 2 0 2 2 2 0 2 2 2 2 2 2 2 2 2 0 2 2 2 2 2 0 2 2 2 2 2 0 2 2 0 2 2 2 0 0 0 0 2 2 2 2 2 2 0 2 2 2 2 2 2 2 2 0 2 2 2 0 2 2 0 2 2 2 0 1 2 2 2 0 2 2 2 2 2 2 2 0 2 2 0 2 0 2 2 2 2 2 2 2 2 0 2 2 2 2 2 0 2 2 2 2 2 0 0 0 2 2 2 2 0 2 2 2 2 2 2 2 2 2
1046 0 2 0 0 2 2 0 0 0 0 0 0 2 0 0 2 2 0 0 2 0 0 2 0 0 2 2 0 0 0 0 0 2 2 2 2 2 2 2 0 0 0 1 0 0 0 2 0 0 0 0 0 0 0 2 2 0 2 0 0 0 0 2 0 0 2 2 0 2 2 2 0 0 0 2 0 0 0 0 0 2 2 2 0 0 2 0 2 2 2 2 2 0 2 0 2 2 0 0 0 2 0 2 0 2 0 2 0 2 2 2 2 0 0 2 0 2 0 2 2 2 0 0 0 2 0 0 2 2 0 0 0 0 2 2 2 2 2 2 2 0 2 2 0 2 0 0 2 1 0 0 0 0 2 2 0 2 2 0 0 0 0 0 2 2 0 2 1 0 0 0 0 2 0 2 2 2 2 0 0 2 0 2 2 0 0 2 0 2 0 1 2 2 0 0 2 2 2 2 2 2 2 0 2 2 2 2 0 2 0 2 2 0 2 0 0 0 1 2 0 0 0 0 2 0 2 2 2 0 0 0 2 0 2 2 0 0 0 2 2 2 2 2 2 2
1047 2 2 2 2 2 2 2 2 2 2 0 0 2 0 2 2 2 2 2 2 2 2 2 0 0 2 2 2 2 2 2 2 2 2 2 2 2 2 2 2 2 2 2 2 2 2 2 2 2 2 2 2 2 2 2 2 2 2 2 2 2 0 2 2 2 2 2 2 2 2 2 2 2 2 2 2 2 0 2 2 2 2 2 2 2 2 2 2 2 2 2 2 2 2 2 2 2 2 2 2 2 2 2 2 2 2 2 2 2 2 2 2 2 2 2 2 2 2 2 2 2 0 2 2 2 2 2 2 2 2 2 2 0 2 2 2 2 2 2 2 2 2 2 0 2 2 2 2 2 2 2 0 2 2 2 2 2 0 0 2 2 2 2 2 2 2 2 2 2 2 2 0 2 2 2 2 2 2 2 2 2 2 2 2 2 2 2 2 2 2 2 2 2 2 2 2 2 2 2 2 2 2 2 2 2 2 2 0 2 2 2 2 2 2 2 2 2 1 2 2 2 0 2 2 2 2 2 2 2 2 0 2 2 2 2 2 2 2 2 2 2 2 0 2 2
1048 2 2 2 2 2 2 2 2 2 2 2 2 2 2 2 2 2 2 2 2 2 2 2 2 2 2 0 2 2 2 2 2 2 2 2 1 2 2 2 2 2 2 2 2 2 2 2 2 2 2 2 2 2 2 2 2 2 2 2 2 2 2 2 2 2 2 2 2 2 2 2 2 2 2 2 2 2 2 2 2 2 2 2 2 0 0 2 2 2 2 2 2 2 2 2 2 2 2 2 2 0 2 2 2 2 2 2 2 2 2 2 2 2 2 2 2 2 2 2 2 2 2 2 2 2 2 2 0 2 2 2 2 2 2 2 0 0 2 2 0 2 2 0 2 2 2 2 0 2 2 2 2 2 0 2 2 2 2 2 2 2 2 2 2 0 2 0 2 2 2 2 2 0 2 0 2 2 0 2 2 2 2 2 0 2 2 2 2 0 2 2 2 2 2 2 0 2 2 2 2 2 2 2 2 2 2 2 2 2 2 2 2 2 2 2 2 2 2 2 2 2 2 2 2 2 2 2 0 2 2 2 2 2 0 2 2 2 2 2 2 2 0 2 0 2
1049 2 2 2 2 2 2 2 2 2 2 2 2 2 2 2 2 2 2 2 2 2 2 2 2 2 2 0 2 2 2 2 2 2 2 2 2 2 2 2 2 2 2 2 2 2 2 2 2 2 2 2 2 2 2 2 2 2 2 2 2 2 2 2 2 2 2 2 2 2 2 2 2 2 2 2 2 2 2 2 2 2 2 2 2 0 0 2 2 2 2 2 2 2 2 2 2 2 2 2 2 0 2 2 2 2 2 2 2 2 2 2 2 2 2 2 2 2 2 2 2 2 2 2 2 2 2 2 0 2 2 2 2 2 2 2 0 0 2 2 0 2 2 0 2 2 2 2 0 2 2 2 2 2 0 2 2 2 2 2 2 2 2 2 2 0 2 0 2 2 2 2 2 0 2 0 2 2 0 2 2 2 2 2 0 2 2 2 2 0 2 2 2 2 2 2 0 2 2 2 2 2 2 2 2 2 2 2 2 2 2 2 2 2 2 2 2 2 2 2 2 2 2 2 2 2 2 2 0 2 2 2 2 2 0 2 2 2 2 2 2 2 0 2 0 2
1050 2 2 2 2 2 2 2 2 2 2 2 2 2 2 2 2 2 2 2 2 2 2 2 2 2 2 0 2 2 2 2 2 2 2 2 1 2 2 2 2 2 2 2 2 2 2 2 2 2 2 2 2 2 2 2 2 2 2 2 2 2 2 2 2 2 2 2 2 2 2 2 2 2 2 2 2 2 2 2 2 2 2 2 2 0 0 2 2 2 2 2 2 2 2 2 2 2 2 2 2 0 2 2 2 2 2 2 2 2 2 2 2 2 2 2 2 2 2 2 2 2 2 2 2 2 2 2 0 2 2 2 2 2 2 2 0 0 2 2 0 2 2 0 2 2 2 2 0 2 2 2 2 2 0 2 2 2 2 2 2 2 2 2 2 0 2 0 2 2 2 2 2 0 2 0 2 2 0 2 2 2 2 2 0 2 2 2 2 0 2 2 2 2 2 2 0 2 2 2 2 2 2 2 2 2 2 2 2 2 2 2 2 2 2 2 2 2 2 2 2 2 2 2 2 2 2 2 0 2 2 2 2 2 0 2 2 2 2 2 2 2 0 2 2 2
1051 2 2 0 0 2 2 2 2 2 2 0 0 2 2 2 2 2 2 0 2 2 2 2 2 2 2 2 2 2 0 2 2 2 2 2 2 2 2 2 2 2 0 2 2 2 0 2 2 2 2 0 2 2 0 2 2 2 2 0 2 0 2 2 0 0 2 2 0 2 2 2 2 2 2 2 0 0 0 2 0 2 0 2 2 2 2 0 2 0 2 2 2 2 2 2 2 2 2 2 0 2 2 2 2 0 2 2 2 2 2 2 2 2 2 2 2 2 0 2 2 2 2 2 2 2 2 2 2 2 2 0 2 2 2 2 2 2 2 2 2 2 2 2 2 2 2 2 2 2 2 2 2 0 2 2 2 2 2 2 0 2 2 2 2 2 2 2 1 0 0 2 2 2 0 2 2 2 2 0 2 2 2 2 2 0 2 2 2 2 2 2 2 2 2 2 2 2 2 0 0 2 2 2 2 2 2 2 2 2 2 2 2 0 2 2 2 2 2 2 1 1 2 0 2 2 2 2 2 2 0 2 2 2 2 2 2 2 2 2 0 2 2 2 2 2
1052 2 2 2 2 2 2 2 2 2 2 2 2 2 2 2 2 0 2 2 2 2 2 2 2 0 2 2 2 2 2 2 2 2 0 0 2 2 2 2 2 2 2 2 2 2 2 2 2 2 2 2 2 2 2 2 2 2 2 2 2 2 2 2 2 2 2 2 2 2 2 2 2 2 2 0 2 2 2 2 2 0 2 2 2 2 2 2 2 2 0 0 2 2 2 2 2 0 2 2 2 0 2 2 2 2 2 2 2 0 2 2 2 2 2 2 2 2 2 2 2 0 2 2 2 2 2 2 0 0 2 2 2 2 2 2 2 0 2 2 2 2 2 2 0 2 0 2 2 1 2 2 2 2 0 2 0 0 0 0 2 2 2 2 0 2 0 0 1 2 2 2 0 2 2 0 2 2 0 2 2 0 2 0 2 2 2 2 2 0 2 2 0 2 2 2 2 2 2 2 2 2 0 2 2 2 2 2 2 2 2 2 2 2 2 2 2 2 1 2 2 2 0 2 2 2 2 0 0 2 2 2 2 2 0 2 2 2 2 2 2 2 2 2 2 2
1053 0 0 0 0 2 2 2 0 2 2 2 0 2 0 2 2 2 2 2 0 2 2 0 0 2 2 2 2 2 2 2 2 0 2 2 2 2 0 0 2 0 0 2 2 0 0 2 0 2 0 2 2 2 0 0 0 0 0 0 0 0 0 0 2 2 2 0 2 0 2 2 2 0 2 2 2 0 0 2 2 2 2 2 0 0 2 0 0 0 2 2 0 0 2 2 0 2 2 0 0 2 2 0 0 2 0 2 2 2 0 0 0 2 0 2 0 2 2 2 0 2 2 0 2 2 2 0 0 2 2 2 2 2 0 0 2 2 2 0 2 0 2 2 2 2 2 2 2 2 2 0 0 2 2 0 2 2 2 2 0 2 0 0 2 2 2 2 2 0 0 2 2 2 2 2 0 0 2 0 2 2 2 0 2 2 2 0 2 2 2 2 2 0 2 2 2 2 0 2 2 2 2 2 0 0 2 0 2 2 2 2 0 0 2 2 2 2 2 2 2 2 2 2 2 2 2 2 2 2 0 2 0 2 2 0 2 2 2 2 2 2 2 2 2 2
1054 0 2 0 0 2 2 0 0 2 0 2 0 2 0 0 2 2 2 2 0 0 0 0 0 2 2 2 0 2 2 2 0 0 2 2 2 2 2 0 2 2 0 0 0 0 0 0 0 2 0 0 2 0 2 0 0 2 2 0 0 2 0 0 0 0 2 2 0 2 0 2 2 0 0 2 2 0 0 2 2 2 2 0 0 0 0 0 0 0 2 2 0 0 2 2 0 2 0 0 0 0 2 2 0 0 0 0 0 0 0 0 0 0 0 2 2 2 0 2 0 0 0 0 0 0 0 0 0 2 2 0 0 0 0 2 0 2 2 2 2 0 0 2 2 0 2 2 2 1 0 0 0 2 2 0 2 2 2 1 0 0 0 2 0 2 2 2 1 2 0 2 0 2 0 2 0 2 2 0 0 0 2 0 2 0 0 0 0 2 0 1 0 0 0 2 0 2 2 0 0 0 2 0 0 2 2 2 0 0 2 0 2 0 0 2 0 0 0 2 0 0 0 0 2 2 0 0 2 2 2 0 0 0 0 2 0 0 0 2 0 2 2 0 2 2
1055 2 2 0 0 2 2 2 0 2 2 2 0 2 0 2 2 2 2 2 0 0 0 2 0 2 2 2 0 2 2 2 0 2 2 2 2 2 2 2 2 0 0 1 2 2 0 0 2 2 0 0 0 2 2 2 2 2 2 0 0 2 0 0 0 2 2 2 0 2 0 2 2 0 2 2 2 0 0 2 2 2 2 0 0 2 0 0 2 2 2 2 2 2 2 2 2 2 0 0 0 2 2 2 0 0 0 2 2 0 2 2 2 0 2 2 2 2 2 2 2 2 2 2 2 0 2 0 2 2 2 2 2 2 2 2 0 2 2 2 2 2 2 2 2 2 2 0 2 2 2 2 2 0 2 2 2 2 2 1 2 2 0 2 0 2 2 2 2 2 2 2 0 2 2 2 2 2 2 2 2 2 2 2 2 2 2 2 2 2 2 2 2 2 2 2 0 2 2 0 0 0 2 2 2 2 2 2 2 0 2 0 2 0 2 2 0 2 1 2 2 2 2 0 2 2 0 2 2 2 2 2 0 2 2 2 0 2 2 2 0 2 2 2 2 2
1056 0 2 0 0 0 0 0 0 0 0 0 0 0 0 0 0 0 0 2 0 0 0 0 0 0 0 0 0 0 2 0 0 0 0 0 0 0 2 0 2 0 0 0 0 0 0 0 0 2 0 0 0 0 0 0 0 0 2 0 0 0 0 0 0 0 0 2 0 0 0 0 2 0 0 0 2 0 0 2 0 0 0 0 0 0 0 0 0 0 0 0 0 0 0 0 0 0 0 0 0 0 0 2 0 0 0 0 0 0 0 0 0 0 0 2 0 0 0 0 0 0 0 2 0 0 0 0 0 0 0 0 0 0 0 0 0 0 0 0 0 0 0 0 0 0 0 0 0 0 0 0 0 0 0 0 0 0 0 0 0 0 0 0 0 0 0 0 0 0 0 0 0 0 0 0 0 0 0 0 0 0 0 0 0 0 0 0 0 0 0 0 0 0 0 0 0 2 0 0 0 0 0 0 0 0 2 0 0 0 0 0 0 0 0 0 0 0 0 0 0 0 0 0 0 0 0 0 0 0 0 0 0 0 0 0 0 2 0 0 0 0 0 0 0 0
1057 0 2 0 0 0 0 2 0 0 0 0 0 0 0 0 0 0 0 0 0 0 0 0 0 0 0 0 0 0 0 0 0 0 0 0 0 0 2 0 0 0 0 0 0 0 0 0 0 0 0 0 0 0 0 0 0 0 2 0 0 0 0 0 0 0 0 2 0 0 0 0 0 0 0 0 0 0 0 0 0 0 0 0 0 0 0 0 0 0 0 0 0 2 0 0 0 0 0 0 0 2 0 2 0 0 0 0 0 0 0 0 2 0 0 0 0 0 0 0 0 2 0 0 0 0 2 0 0 0 0 0 2 2 0 0 0 0 0 0 0 0 0 0 0 0 0 0 0 0 0 2 0 0 0 2 0 0 0 0 0 0 0 0 0 0 0 0 0 0 0 0 0 0 0 0 0 0 0 0 0 0 0 0 0 0 2 2 0 0 0 0 0 0 0 0 0 0 0 0 0 0 0 2 2 0 2 0 0 0 0 0 0 0 0 0 0 2 1 0 0 0 2 0 0 0 0 0 0 0 0 0 0 0 2 0 0 0 0 0 0 0 0 0 0 0
1058 0 2 2 0 0 0 0 2 0 0 0 2 0 0 0 0 2 0 0 0 0 0 0 0 0 0 2 0 0 0 0 0 0 0 0 1 0 2 0 0 0 0 0 2 0 2 0 0 0 0 0 0 0 2 0 0 0 2 2 2 0 0 0 0 2 0 2 0 0 0 0 0 0 0 2 0 2 2 0 0 2 2 0 0 0 0 2 0 0 0 2 0 0 0 0 0 0 0 2 2 0 0 2 0 0 0 0 0 0 0 0 0 0 0 0 0 0 2 0 0 0 2 0 2 0 0 2 2 0 0 0 0 0 0 0 0 0 0 2 2 0 0 2 0 0 0 0 2 0 0 0 2 0 0 0 0 0 2 0 0 0 2 0 2 2 0 0 0 2 0 2 0 2 0 0 0 2 0 0 0 0 0 0 2 0 0 0 0 0 0 0 0 0 0 0 0 0 0 0 0 0 2 0 0 0 2 0 0 0 0 2 0 2 0 0 0 0 0 0 0 0 0 0 0 2 0 0 2 0 0 0 0 0 2 0 0 0 0 0 0 0 0 0 2 0
1059 0 2 0 0 2 2 2 0 0 0 0 0 2 0 0 0 0 0 0 0 0 0 0 0 2 0 2 0 0 0 0 0 2 2 2 2 2 2 0 0 2 0 0 0 0 0 0 0 0 0 2 0 0 0 0 0 0 2 0 0 0 0 2 0 0 2 2 0 0 0 0 0 0 0 0 0 0 0 0 2 2 0 0 0 0 2 0 0 0 2 0 0 0 2 0 2 2 0 0 0 2 2 2 0 0 0 2 0 0 0 0 0 0 0 0 0 0 0 0 2 2 0 0 0 0 2 0 2 0 0 0 0 2 2 0 2 2 2 2 0 0 2 2 0 0 0 0 2 1 0 0 0 0 2 0 2 2 0 0 0 0 0 0 0 2 2 0 0 0 0 0 0 0 0 0 2 2 2 0 0 0 2 0 2 0 2 0 0 2 0 1 0 0 2 2 2 0 2 0 0 0 0 2 0 0 2 2 0 0 2 0 2 0 0 2 0 2 1 2 0 0 2 0 2 0 0 0 0 0 0 0 0 0 0 2 0 0 0 0 0 0 0 2 0 0
1060 0 2 2 2 2 2 2 2 0 2 0 2 2 0 2 2 2 2 2 2 2 2 2 0 2 2 2 2 2 2 2 2 2 2 2 1 2 2 2 2 2 0 2 2 0 2 2 0 2 2 2 2 2 2 2 2 2 2 2 2 2 0 2 2 2 2 2 2 2 2 2 2 0 2 2 2 2 2 0 0 2 2 2 0 2 2 2 2 2 2 2 2 2 2 2 2 0 2 2 2 2 2 2 2 2 2 2 2 2 2 2 2 2 0 2 2 2 2 0 2 2 2 2 2 2 2 2 2 2 2 2 2 2 2 2 2 2 2 2 2 0 2 2 2 2 2 2 2 1 2 2 2 2 2 2 2 2 2 2 0 2 2 2 2 2 2 2 1 2 0 2 2 2 2 2 2 2 2 0 0 2 0 2 2 2 2 2 2 2 2 2 2 2 0 2 2 0 2 2 2 2 2 2 2 2 2 2 2 2 2 2 0 2 2 2 2 2 2 0 2 2 2 2 2 2 2 2 2 2 2 2 2 0 2 0 2 2 0 0 2 2 2 2 2 0
1061 2 2 2 2 2 2 2 2 2 2 2 2 2 2 0 2 2 2 2 2 2 2 2 2 2 2 2 2 2 2 2 2 2 2 2 2 2 2 2 2 2 2 0 0 2 2 0 2 2 2 2 2 2 0 2 2 0 2 2 2 2 2 2 2 2 2 2 2 2 2 0 2 2 2 2 2 2 2 2 2 2 0 2 2 2 2 2 2 0 2 2 2 2 2 2 2 2 2 2 2 2 2 2 2 2 2 2 2 2 2 2 2 2 2 2 0 2 0 2 2 2 2 2 0 0 2 2 2 2 2 2 2 2 2 2 2 2 2 2 2 2 2 2 0 2 2 2 0 1 2 2 0 2 2 2 2 2 2 1 2 2 2 2 2 2 2 2 2 0 2 2 2 2 2 2 2 2 2 2 2 2 2 2 2 2 2 2 2 2 2 2 2 2 2 2 2 2 2 2 0 2 2 2 2 2 2 2 2 0 2 0 2 2 2 2 2 2 2 2 2 2 2 2 2 2 2 2 2 2 2 2 2 2 2 2 2 2 2 2 2 2 2 2 2 2
1062 2 0 0 0 0 0 0 0 2 0 2 0 0 2 0 2 2 0 2 0 2 2 0 2 0 2 2 2 0 2 0 2 0 2 0 1 0 0 0 0 2 2 0 0 2 0 0 2 2 0 2 0 2 2 0 0 0 0 0 0 0 2 0 0 0 0 0 0 0 0 0 0 2 2 2 2 0 0 0 0 0 2 0 2 0 2 0 0 0 0 2 0 0 0 0 0 2 2 0 0 2 0 0 0 0 2 2 0 2 0 0 0 0 2 0 0 2 0 0 0 0 0 0 0 0 0 2 0 2 2 0 0 0 0 0 2 0 0 0 2 2 0 2 0 0 2 0 2 1 2 0 0 2 2 0 2 0 2 0 2 0 2 0 2 2 2 2 1 0 2 2 0 2 0 2 0 0 2 2 2 2 0 0 2 0 0 0 2 2 0 0 2 0 0 2 2 0 0 2 0 2 2 0 0 0 0 0 0 0 0 2 2 0 0 0 2 0 0 0 0 0 0 0 0 2 0 2 2 2 0 0 2 2 2 2 2 2 2 0 2 2 2 2 2 2
1063 2 2 2 2 2 2 2 2 2 2 2 2 2 2 2 2 2 2 2 2 2 2 2 2 2 2 2 2 2 2 2 2 2 2 2 2 2 2 2 2 2 2 2 2 2 2 2 2 2 2 2 2 0 2 2 2 2 2 2 2 2 2 2 2 2 2 2 2 2 2 2 2 0 0 2 2 2 2 2 2 2 2 2 0 2 2 2 2 2 2 0 2 2 2 2 2 2 2 2 2 2 2 2 2 2 2 2 2 2 2 2 2 2 2 2 2 2 2 2 2 2 2 2 2 2 2 2 2 0 2 2 2 2 2 2 2 2 2 2 2 2 2 0 2 2 2 2 2 2 2 2 2 2 0 2 0 2 2 2 2 2 2 2 0 0 0 2 2 2 2 2 2 2 2 2 2 2 0 2 2 2 2 2 2 2 2 2 2 0 2 2 2 2 2 2 0 2 2 2 2 2 2 2 2 2 2 2 2 2 2 2 2 2 2 2 2 2 2 2 2 2 2 2 2 2 2 2 2 0 2 2 2 2 2 2 2 2 2 2 2 2 2 2 2 2
1064 0 0 0 0 0 2 0 0 2 0 0 0 0 0 0 0 0 0 0 0 0 0 0 0 0 0 2 0 0 0 0 0 0 0 2 2 0 0 0 0 0 0 0 0 0 0 0 0 0 0 0 2 2 0 0 0 0 0 0 0 0 0 0 0 0 0 0 0 0 0 0 0 0 2 0 0 0 0 0 2 0 0 0 0 0 2 0 0 0 2 0 0 0 2 0 0 0 2 0 0 2 2 0 0 0 0 0 2 2 0 0 0 0 0 0 0 0 0 0 0 2 2 0 0 0 0 0 0 0 0 0 0 2 0 0 2 0 2 0 2 0 2 0 0 0 0 2 0 1 2 0 0 0 0 2 0 0 0 0 0 0 0 2 0 0 0 0 0 0 0 0 0 2 0 0 2 0 0 0 0 0 2 0 2 0 0 0 0 0 0 0 0 0 2 0 0 0 2 2 0 2 0 2 0 0 0 2 2 0 0 0 0 0 0 0 0 2 2 0 0 0 2 0 0 0 0 0 0 0 0 2 0 0 0 0 0 0 0 0 2 0 0 0 2 0
1065 2 2 2 2 2 2 2 2 2 0 2 2 2 0 2 2 2 2 0 2 2 2 2 0 2 2 2 2 2 0 2 2 2 2 2 2 2 2 2 2 2 0 2 2 2 2 2 2 0 2 2 2 2 2 2 2 2 2 2 2 2 0 2 2 2 2 2 2 2 2 2 2 2 2 2 0 2 2 2 2 2 2 2 2 2 2 2 2 2 2 2 2 2 2 2 2 2 2 2 2 2 2 2 2 2 0 0 2 2 2 2 2 2 2 2 2 2 2 2 2 2 2 2 2 2 2 2 2 2 2 2 2 2 2 0 2 2 2 2 2 2 2 2 2 2 2 2 0 2 2 2 2 2 2 2 2 2 2 2 2 2 2 2 2 2 2 2 2 2 2 2 2 2 2 2 2 2 2 2 0 2 2 2 2 2 2 2 2 2 0 1 2 2 2 2 2 2 2 2 2 2 2 2 2 0 2 2 2 2 2 0 0 2 2 2 2 2 2 2 2 2 2 2 2 2 2 2 2 2 2 2 2 0 2 0 2 0 0 2 2 2 2 2 2 2
1066 2 2 2 2 2 2 2 2 2 2 2 2 2 2 2 2 2 2 2 2 2 0 0 2 2 2 2 0 2 2 2 0 2 2 0 2 2 2 2 2 2 2 2 2 2 2 2 2 2 2 2 2 2 2 0 0 2 2 2 2 2 2 2 0 0 2 2 2 2 2 2 2 2 2 2 2 2 2 2 2 2 2 2 2 2 2 2 2 2 0 2 2 2 2 2 2 2 2 2 2 2 2 2 2 2 0 2 2 2 2 2 2 2 2 2 2 2 2 0 2 2 2 2 2 2 2 0 2 0 2 2 2 2 2 2 2 2 2 2 2 2 2 2 2 0 2 2 2 2 2 2 2 2 2 2 0 2 2 2 2 2 2 2 2 2 0 2 2 2 2 2 2 2 2 2 2 2 2 2 2 2 2 2 2 2 2 2 2 2 2 2 2 2 2 2 2 2 0 2 2 2 2 2 2 2 2 0 2 2 2 2 2 2 0 2 2 2 2 2 2 0 2 2 2 2 2 2 2 2 2 2 2 2 2 2 2 2 2 0 2 2 2 2 2 2
1067 0 0 0 0 2 0 2 0 2 0 0 0 2 0 0 2 0 0 0 0 0 0 0 0 2 2 0 0 0 0 0 0 0 0 0 1 2 0 0 0 0 0 0 0 0 0 0 0 0 0 0 0 0 0 0 0 0 0 0 0 0 0 0 0 0 2 0 2 0 0 0 0 2 0 0 0 0 0 2 0 0 0 0 2 2 0 0 2 0 0 0 0 0 0 2 0 0 0 0 0 0 0 0 0 0 0 0 0 0 2 2 0 0 0 0 2 2 0 0 0 0 0 0 0 0 2 0 0 0 0 0 2 0 0 0 0 0 0 0 0 0 0 0 0 0 0 0 0 0 0 0 2 0 0 0 0 2 0 0 0 0 0 0 0 0 0 0 0 0 0 0 0 0 0 0 0 0 0 0 0 0 0 0 0 0 2 0 0 0 0 2 0 2 0 0 0 2 2 0 0 0 0 0 2 0 0 0 2 0 0 0 0 0 0 0 0 0 0 2 0 0 0 2 2 0 0 0 0 0 0 2 0 0 0 0 0 0 0 0 0 2 2 0 2 0
1068 2 2 2 2 0 2 0 2 2 0 2 2 0 2 2 2 2 2 2 2 2 2 2 2 0 2 2 2 2 2 2 2 2 2 2 1 0 2 2 2 2 2 0 0 2 2 0 2 0 2 2 0 0 2 2 2 0 2 2 2 2 2 2 2 2 0 2 2 2 2 0 2 0 0 2 2 2 2 0 2 0 2 2 0 0 2 2 0 0 2 2 2 2 2 0 2 2 2 2 2 2 2 2 2 0 2 2 2 2 0 0 2 0 2 2 2 2 0 2 2 2 2 2 0 2 0 2 0 2 2 2 0 2 2 2 2 2 2 2 2 2 2 2 2 2 2 0 2 2 2 2 2 0 2 2 2 0 2 2 2 2 2 2 2 2 0 2 2 0 2 2 2 2 0 2 2 2 2 2 2 2 2 2 2 0 0 2 2 2 0 0 2 0 2 2 2 0 0 2 0 2 2 2 0 2 2 2 0 0 2 2 2 2 2 2 0 2 2 0 2 2 2 2 0 2 2 2 2 2 2 0 2 2 2 2 2 2 2 2 2 2 2 2 2 2
1069 2 2 2 2 2 2 2 2 2 2 2 2 2 2 2 2 2 2 2 2 2 0 2 2 2 2 2 0 2 2 2 0 2 0 2 2 2 2 2 2 2 2 2 2 2 2 2 2 2 2 2 2 2 2 2 2 2 2 2 2 2 2 2 0 0 2 2 0 2 2 2 2 2 2 2 2 2 2 2 2 2 2 2 2 2 2 2 2 2 2 2 2 2 2 2 2 0 2 2 2 2 2 2 2 2 2 0 2 2 2 2 2 2 2 2 2 2 2 0 2 2 2 2 2 2 2 0 2 2 2 2 2 2 2 2 2 0 2 2 2 2 0 2 0 0 2 2 2 1 2 2 2 2 0 2 2 2 2 1 2 2 2 2 2 2 2 2 1 2 2 2 2 2 2 2 2 2 0 2 2 2 2 2 2 2 2 2 0 0 2 2 2 2 2 0 2 2 2 2 2 2 2 2 2 2 2 2 2 2 2 0 2 2 0 2 2 2 2 2 2 0 2 0 2 2 2 2 2 2 2 2 2 2 2 2 2 2 2 0 2 2 2 2 2 2
1070 2 2 2 2 2 2 2 2 2 2 2 2 2 2 2 2 2 2 2 2 2 2 2 2 2 2 2 2 2 2 2 2 2 2 2 2 2 2 2 2 2 2 2 2 2 2 2 2 0 2 2 2 2 2 2 2 2 2 2 2 2 2 2 2 2 2 2 0 2 2 2 2 2 2 2 2 2 2 2 2 2 2 2 2 2 2 2 2 2 2 2 2 2 2 2 2 2 2 2 2 2 2 2 2 2 0 0 2 2 2 2 2 2 2 2 2 2 2 2 2 2 2 2 2 2 2 2 2 2 2 2 2 2 2 2 2 0 2 2 2 2 0 2 0 2 2 2 2 2 0 2 2 2 0 2 2 2 2 1 2 2 2 2 2 2 2 0 2 2 2 2 2 2 2 0 2 2 0 2 2 0 2 2 2 2 2 2 2 0 2 2 0 2 0 0 2 2 2 2 2 2 2 2 2 2 2 2 2 2 2 0 2 2 2 2 2 2 2 2 2 2 2 0 2 2 2 0 2 2 2 2 2 2 2 2 2 2 2 2 2 2 2 2 2 2
1071 0 0 0 2 0 0 0 2 0 0 0 2 0 0 0 2 0 0 0 0 0 2 2 0 0 0 2 2 0 0 2 2 0 0 0 1 0 0 0 0 0 0 2 0 0 0 2 0 0 2 2 0 0 2 2 2 0 0 0 0 2 0 0 2 2 0 0 2 0 0 0 0 0 0 0 0 0 2 0 0 0 2 0 0 0 2 0 0 0 0 0 0 0 0 0 0 2 0 2 0 0 2 0 0 0 0 2 0 2 0 0 0 0 0 0 0 2 0 0 0 2 0 0 0 0 0 2 0 0 0 2 0 2 0 0 2 0 2 0 2 0 2 2 0 2 0 0 2 1 2 0 2 0 2 0 0 0 2 0 0 2 0 0 0 0 0 0 2 0 0 0 0 2 0 0 2 0 2 0 0 0 0 0 2 0 0 0 0 2 0 0 0 0 0 0 0 0 0 2 2 0 0 0 0 0 0 0 0 2 0 0 0 0 2 0 2 0 1 0 2 2 2 2 0 0 0 0 2 0 2 0 0 0 0 0 2 0 0 0 2 2 0 0 0 2
1072 0 2 0 0 0 2 0 0 0 0 0 0 0 0 0 0 2 0 0 0 0 0 0 0 0 0 2 0 0 0 0 0 0 0 0 1 0 2 0 0 2 0 0 0 0 0 0 0 0 0 0 0 0 0 0 0 0 2 0 0 0 0 0 0 0 0 2 0 0 2 0 0 0 0 2 0 0 0 0 0 0 0 2 0 0 2 0 0 0 0 0 0 0 0 0 0 2 0 0 0 2 2 2 0 0 0 2 0 0 0 0 2 0 0 0 0 0 0 0 0 2 0 0 0 0 0 0 0 0 0 0 0 2 0 0 2 0 2 0 2 0 2 2 0 0 0 0 0 1 0 2 2 0 2 0 0 0 2 0 0 0 0 0 0 0 0 2 1 0 0 0 0 2 0 2 2 0 2 0 0 2 0 0 2 0 0 2 0 2 0 0 2 0 0 2 0 0 0 0 2 0 2 0 0 0 0 0 0 0 0 0 0 0 0 0 0 0 1 0 0 0 2 0 0 0 2 2 2 0 0 0 0 0 0 0 0 0 0 0 0 0 0 0 0 2
1073 2 2 2 2 0 2 2 2 2 2 2 2 0 0 2 2 2 2 2 2 2 2 2 0 0 2 2 2 2 2 2 2 0 2 2 1 0 2 2 2 2 0 2 2 2 2 2 2 2 2 2 2 2 2 2 2 2 2 2 2 2 0 0 2 2 0 2 2 0 2 2 2 0 2 2 2 2 2 0 2 2 2 2 0 0 2 2 2 2 2 2 2 2 2 0 0 2 2 2 2 2 2 2 2 2 2 2 2 2 2 2 2 2 2 2 2 2 2 2 0 2 2 2 2 2 2 2 2 2 2 2 0 2 0 2 2 0 2 0 2 2 2 2 0 2 2 2 2 2 2 2 2 2 2 2 0 0 2 1 0 2 2 0 2 2 2 2 2 2 0 2 2 2 2 2 2 0 2 0 0 2 2 2 2 2 0 2 0 2 2 1 2 2 2 2 2 2 0 2 2 2 2 2 0 2 0 2 0 2 2 0 2 2 2 0 2 2 2 2 2 2 2 2 0 2 2 2 2 2 2 0 2 0 2 2 2 2 0 2 2 2 2 2 2 2
1074 2 2 2 2 0 2 2 2 2 2 2 2 0 2 2 2 2 2 2 2 2 2 2 2 0 2 2 2 2 2 2 2 2 2 2 1 0 2 2 2 2 2 2 2 2 2 2 2 2 2 2 2 2 2 2 2 2 2 2 2 2 2 2 2 2 0 2 2 2 2 2 2 0 2 2 2 2 2 0 2 2 2 2 0 0 2 2 2 2 2 2 2 2 2 0 2 2 2 2 2 2 2 2 2 2 2 2 2 2 2 2 2 2 2 2 2 2 2 2 2 2 2 2 2 2 2 2 2 2 2 2 0 2 2 2 2 2 2 2 2 2 2 2 2 2 2 2 2 2 2 2 2 2 2 2 2 0 2 2 2 2 2 0 2 2 2 2 2 2 2 2 2 2 2 2 2 2 2 2 2 2 2 2 2 2 0 2 0 2 2 1 2 2 2 2 2 2 0 2 2 2 2 2 0 2 2 2 0 2 2 2 2 2 2 2 2 2 2 2 2 2 2 2 0 2 2 2 2 2 2 0 2 2 2 2 2 2 2 2 2 2 2 2 2 2
1075 2 2 2 2 0 2 2 2 2 2 2 2 0 2 2 2 2 2 2 2 2 2 2 2 0 2 2 2 2 2 2 2 2 2 2 1 0 2 2 2 2 2 2 2 2 2 2 2 2 2 2 2 2 2 2 2 2 2 2 2 2 2 2 2 2 0 2 2 2 2 2 2 0 2 2 2 2 2 0 2 2 2 2 0 0 2 2 2 2 2 2 2 2 2 0 2 2 2 2 2 2 2 2 2 2 2 2 2 2 2 2 2 2 2 2 2 2 2 2 2 2 2 2 2 2 2 2 2 2 2 2 0 2 2 2 2 2 2 2 2 2 2 2 2 2 2 2 2 2 2 2 2 2 2 2 2 0 2 2 2 2 2 0 2 2 2 2 2 2 2 2 2 2 2 2 2 2 2 2 2 2 2 2 2 2 0 2 0 2 2 1 2 2 2 2 2 2 0 2 2 2 2 2 0 2 2 2 0 2 2 2 2 2 2 2 2 2 2 2 2 2 2 2 0 2 2 2 2 2 2 0 2 2 2 2 2 2 2 2 2 2 2 2 2 2
1076 2 2 2 0 0 2 2 2 2 2 2 0 0 2 2 0 2 2 2 2 2 0 2 2 0 2 2 0 2 2 0 0 0 2 0 1 0 2 2 2 2 2 2 2 2 2 2 2 0 2 0 2 2 2 2 2 2 2 2 2 2 2 2 2 2 0 2 2 2 2 2 2 0 2 2 2 2 0 0 2 2 2 2 0 0 2 2 2 2 0 2 2 2 0 0 0 2 2 2 2 2 2 2 2 2 2 2 0 2 2 2 2 2 2 2 2 0 2 2 0 2 2 2 2 2 2 0 2 0 2 0 0 2 0 2 2 2 2 2 2 2 2 2 2 2 2 2 0 2 2 2 2 2 2 0 2 0 2 2 2 0 2 0 2 2 2 2 2 2 2 2 2 2 2 2 2 2 2 2 2 2 2 2 2 2 0 2 0 2 2 1 2 2 0 2 2 2 0 2 2 2 2 2 0 2 2 2 0 2 2 2 2 2 2 0 0 2 2 2 2 2 2 2 0 2 2 2 2 2 0 0 2 2 0 2 2 2 2 2 2 0 2 0 2 2
1077 2 2 2 2 2 2 2 2 2 2 2 2 2 0 2 2 2 2 2 2 2 2 0 0 2 2 2 2 2 2 2 2 2 2 2 2 2 2 2 2 2 0 2 2 2 2 2 2 2 2 2 2 2 2 0 0 2 2 2 2 2 0 2 2 2 2 2 2 0 2 2 2 2 2 2 2 2 2 2 2 2 2 2 2 2 2 2 2 2 2 2 2 2 2 2 2 2 2 2 2 2 2 2 2 2 2 2 2 2 2 2 2 2 2 2 2 2 2 2 2 2 2 2 2 2 2 2 2 2 2 2 2 2 2 2 2 2 2 0 2 2 2 2 2 2 2 2 2 2 2 0 2 2 2 2 2 2 2 2 0 2 2 2 2 2 2 2 2 2 0 2 2 2 2 2 2 0 2 0 0 2 2 2 2 2 2 0 2 2 2 2 2 2 2 2 2 2 2 2 2 2 2 2 2 2 0 0 2 2 2 2 2 2 2 2 2 2 2 2 2 2 2 2 2 2 2 2 2 2 2 2 2 0 2 2 2 2 0 2 2 2 2 2 2 2
1078 2 2 2 2 2 2 2 2 2 2 2 2 2 2 0 2 2 2 2 2 2 0 2 2 2 2 2 0 2 2 2 0 2 2 2 2 2 2 2 0 2 2 1 0 2 2 2 2 2 2 2 2 2 2 2 2 2 2 2 2 2 2 2 2 2 2 2 2 0 2 0 2 2 2 2 2 2 2 2 2 2 2 2 2 2 2 2 2 0 2 2 2 2 2 2 2 2 2 2 2 2 2 2 2 2 2 2 2 2 2 2 2 0 2 2 2 2 2 2 2 2 2 2 0 2 2 2 2 2 2 2 2 2 2 2 2 2 2 0 2 2 2 2 2 2 2 2 2 1 2 2 2 2 2 2 2 2 2 2 2 2 2 2 2 2 0 2 2 2 2 2 2 2 0 2 2 0 2 2 2 2 2 2 2 0 2 2 2 2 2 2 2 2 2 2 2 2 2 2 2 2 2 2 2 2 0 2 2 2 2 2 2 2 2 2 2 2 2 2 2 2 2 2 2 2 2 2 2 2 2 2 2 2 2 2 2 2 2 2 2 2 2 2 2 2
1079 0 0 0 0 2 0 2 0 0 0 0 0 2 0 0 0 0 0 0 2 0 0 0 0 2 0 0 0 0 0 0 0 2 2 0 1 2 0 0 0 0 2 0 0 0 0 0 0 0 0 0 2 0 0 0 0 0 0 0 2 0 0 0 0 0 2 0 0 0 0 0 2 2 0 0 0 0 0 2 2 0 0 0 2 2 0 0 2 0 0 0 0 2 0 2 2 2 0 0 0 0 0 0 0 2 0 2 0 0 2 2 0 0 0 0 0 0 0 2 2 0 0 2 0 2 2 2 0 0 0 0 2 0 2 0 0 2 0 0 2 0 0 0 2 0 0 2 0 1 0 0 0 0 2 0 0 0 0 1 0 0 0 2 0 0 0 0 2 0 0 0 0 2 0 0 2 0 2 0 0 0 2 0 0 0 2 0 0 2 0 1 0 2 0 0 0 0 0 0 2 0 0 0 2 0 0 0 2 0 0 0 0 0 0 0 0 0 0 0 2 0 0 0 2 0 0 0 0 0 0 2 0 0 0 0 0 0 0 2 0 0 0 0 0 2
1080 2 2 2 2 2 2 2 2 2 2 0 2 2 2 2 2 2 2 2 2 2 2 0 2 2 0 2 2 2 2 2 2 2 2 0 2 2 2 2 2 0 2 1 2 2 2 0 2 2 0 2 0 2 2 0 0 0 2 2 0 2 2 2 0 0 2 2 2 2 2 2 0 2 2 2 2 2 2 2 2 2 2 2 2 2 2 2 2 2 0 2 2 0 2 2 2 2 2 2 2 2 0 2 2 0 2 2 2 2 2 2 2 2 2 2 2 2 0 2 2 0 2 2 2 2 2 0 2 2 0 0 2 2 2 2 2 2 0 2 2 2 2 2 2 2 2 0 2 2 2 0 2 2 2 2 2 2 2 2 2 2 2 2 2 2 2 2 2 0 2 2 2 2 2 2 2 2 2 2 2 2 2 2 2 2 2 0 2 2 2 2 2 2 2 2 2 0 0 2 0 2 2 2 0 2 2 0 2 0 2 2 2 2 2 2 0 2 0 0 2 2 0 2 2 2 2 2 2 2 2 2 0 2 2 2 2 2 2 2 2 2 2 2 2 2
1081 2 2 2 2 2 2 2 2 2 2 2 2 2 2 2 2 0 2 2 2 2 2 2 2 2 2 2 2 2 2 2 2 2 2 2 2 2 2 2 2 2 2 2 2 2 2 2 2 2 2 2 2 0 0 2 2 2 2 2 2 2 2 2 2 2 2 2 2 2 2 2 2 2 0 0 2 2 2 2 0 0 0 2 2 2 2 2 2 2 2 2 2 2 2 2 2 2 2 2 2 2 2 2 2 2 0 2 2 2 2 2 2 2 2 2 2 2 2 2 2 2 2 2 2 2 2 2 2 2 2 2 2 2 2 0 2 2 2 2 2 2 0 2 2 2 2 2 2 2 2 2 2 0 2 2 2 2 2 2 2 2 2 2 2 2 2 2 2 2 2 2 2 2 2 2 2 2 2 2 2 2 0 2 2 2 2 2 2 2 2 2 2 2 2 2 2 2 2 2 2 2 2 2 2 0 2 2 2 2 2 2 2 2 2 2 2 2 2 2 2 2 2 2 2 2 2 2 2 2 2 2 2 2 2 2 2 2 2 2 2 2 2 2 2 2
1082 2 0 2 2 2 0 2 2 2 2 2 2 2 2 2 2 2 2 2 2 2 2 2 2 2 2 2 2 2 2 2 2 2 0 2 2 2 0 2 2 2 2 2 2 2 2 2 2 2 2 2 2 2 2 2 2 2 0 2 2 2 2 2 2 2 2 0 2 2 0 2 2 2 2 2 2 2 2 0 2 0 2 0 2 2 2 2 2 2 2 0 2 2 2 2 2 2 2 2 2 2 2 0 2 2 2 2 2 2 2 2 2 2 2 2 2 2 2 2 2 2 2 2 2 2 2 2 2 0 2 2 2 0 2 2 0 2 2 2 0 2 2 2 2 2 2 2 2 1 2 2 2 2 0 0 2 0 2 2 2 2 2 2 2 0 2 2 2 2 2 2 2 0 2 2 2 2 0 2 2 2 2 2 2 2 2 2 2 0 2 2 2 2 2 2 0 2 2 2 2 2 0 2 2 2 2 2 2 2 2 2 2 2 2 2 2 2 2 2 2 2 2 2 2 2 0 2 2 2 2 2 2 2 0 2 2 2 2 2 2 2 2 0 0 2
1083 2 0 2 2 2 0 2 2 2 2 2 2 2 2 2 2 2 2 2 2 2 2 2 2 2 2 2 2 2 2 2 2 2 0 2 2 2 0 2 2 2 2 2 2 2 2 2 2 2 2 2 2 2 2 2 2 2 0 2 2 2 2 2 2 2 2 0 2 2 0 2 2 2 2 2 2 2 2 1 2 2 2 0 2 2 2 2 2 2 2 2 2 2 2 2 2 2 2 2 2 2 2 0 2 2 2 2 2 2 2 2 2 2 2 2 2 2 2 2 2 2 2 2 2 2 2 2 2 0 2 2 2 2 2 2 0 2 2 2 2 2 2 2 2 2 2 2 2 1 2 2 2 2 2 0 2 0 2 2 2 2 2 2 0 2 2 2 2 2 2 2 2 2 2 2 2 2 2 2 2 2 2 2 2 2 2 2 2 2 2 2 2 2 2 2 2 2 2 2 2 2 2 2 0 2 2 2 2 2 2 2 2 2 2 2 2 2 2 2 2 2 2 2 2 2 0 2 2 2 2 2 2 2 2 2 2 2 2 2 2 2 2 2 2 2
1084 2 2 2 2 2 2 2 2 2 2 2 2 2 2 2 2 2 2 2 2 2 2 2 2 2 2 2 2 2 2 2 2 2 2 2 2 2 2 2 2 2 2 2 0 2 2 2 2 2 2 2 2 2 2 2 2 0 2 2 2 2 2 2 2 2 2 2 2 2 2 2 2 2 2 2 2 2 2 2 2 2 2 2 2 2 2 2 2 2 2 2 2 2 2 2 2 2 2 2 2 2 2 2 2 0 2 2 2 2 2 2 2 0 2 2 2 2 0 2 2 2 2 2 0 2 2 2 2 0 2 2 2 2 2 2 2 2 2 2 2 2 2 2 2 2 2 2 2 2 2 2 2 2 2 2 2 2 2 2 2 0 2 2 2 2 2 2 2 0 2 2 2 2 2 2 2 2 2 2 2 2 2 2 2 2 2 2 0 2 2 2 2 2 2 2 2 2 2 0 2 2 2 2 2 2 0 2 2 2 2 2 2 2 2 2 2 2 2 2 2 2 2 2 2 2 2 2 2 2 0 2 2 2 2 2 0 2 2 2 0 2 2 2 2 2
1085 0 2 0 2 2 2 2 2 2 0 0 2 2 2 0 2 2 2 2 0 0 2 2 2 2 0 2 2 2 2 0 2 2 2 2 2 2 2 2 2 0 2 0 2 0 0 0 0 2 2 2 0 2 2 2 2 0 2 0 2 0 2 2 2 2 2 2 2 0 2 0 0 0 2 2 2 0 2 2 2 2 2 2 0 2 2 0 2 2 2 2 2 2 2 2 2 2 0 2 0 0 2 2 2 0 2 2 2 2 2 2 2 2 0 2 2 2 0 0 2 2 2 0 2 0 2 0 2 2 2 2 2 2 2 0 2 2 0 0 2 0 2 2 2 2 0 0 2 1 2 2 2 0 2 2 2 2 0 1 2 0 2 2 2 2 2 0 2 0 2 2 0 2 0 0 2 0 2 2 2 0 2 0 2 0 2 2 0 2 0 1 0 2 0 2 2 0 2 0 2 0 2 2 2 0 0 2 2 0 0 0 2 0 2 2 2 2 2 0 2 2 2 2 2 2 2 0 2 0 0 2 0 2 2 2 0 0 2 0 0 2 2 2 2 2
1086 0 0 0 0 0 0 0 0 0 0 0 0 0 0 0 0 2 0 0 0 0 0 0 0 0 0 0 0 0 0 0 0 2 0 0 0 0 0 0 0 0 2 0 0 0 0 0 0 0 0 0 0 0 0 0 0 0 0 0 0 0 0 0 0 0 0 0 0 0 0 0 0 0 0 2 0 0 0 0 0 2 0 0 0 0 0 0 0 0 0 2 0 0 0 0 2 0 0 0 0 0 0 0 0 0 0 0 0 0 0 0 0 0 0 0 0 0 0 0 2 0 0 0 0 0 0 0 0 0 0 0 0 0 2 0 0 0 0 0 0 0 0 0 0 0 0 0 0 0 0 0 0 0 0 0 0 0 0 0 0 0 2 0 0 2 0 0 0 0 0 2 0 0 0 0 0 0 0 0 0 0 0 0 0 0 2 0 0 0 0 1 0 0 0 0 2 0 0 0 0 0 2 0 0 0 0 0 0 0 0 0 0 0 0 0 0 0 0 0 0 0 0 0 2 2 0 0 0 0 0 0 0 0 0 0 0 0 0 0 0 0 0 0 0 0
1087 0 2 0 0 0 2 0 0 0 0 0 0 0 0 0 0 2 0 0 0 0 0 0 0 0 0 0 0 0 0 0 0 0 2 2 0 0 2 0 0 0 0 0 2 0 0 0 0 2 0 0 0 0 0 0 0 0 2 0 0 0 0 0 2 2 0 2 2 0 0 0 0 0 0 2 0 0 0 0 0 2 0 0 0 0 0 0 0 0 2 2 0 0 0 0 0 2 0 0 0 0 2 2 0 0 2 0 0 0 0 0 0 2 0 0 0 0 0 0 0 0 0 0 2 0 0 0 0 0 0 0 0 2 0 0 2 0 0 0 0 0 2 0 0 0 0 0 0 1 0 0 0 0 0 0 2 2 2 0 0 0 2 2 2 2 0 0 1 0 0 2 0 0 0 0 0 0 0 0 0 0 0 0 0 0 2 0 0 0 0 0 0 0 0 0 2 0 0 0 2 0 2 0 0 0 0 0 0 0 2 0 0 0 0 0 2 0 0 0 0 0 0 2 0 2 0 0 0 2 0 0 0 0 2 0 0 0 0 0 0 0 0 2 2 2
1088 2 0 0 0 0 0 0 2 0 2 2 0 0 0 0 0 2 0 2 0 0 0 0 0 0 2 2 0 0 2 0 0 0 0 0 1 0 0 0 0 0 0 0 0 2 0 0 2 0 0 0 0 0 2 0 0 0 0 0 0 0 0 0 0 0 0 0 0 0 0 0 0 0 0 2 2 0 0 0 2 0 0 0 0 2 2 0 0 0 0 2 0 0 0 0 0 0 0 2 0 0 0 0 2 0 2 0 0 2 0 0 0 0 2 0 0 0 0 0 0 0 0 0 0 0 0 0 0 0 0 0 0 2 0 2 2 0 2 0 0 2 0 2 0 0 0 0 0 0 0 0 0 0 0 0 0 0 0 1 0 0 0 0 0 2 0 2 0 0 0 0 2 0 2 2 0 0 0 0 0 2 2 2 2 2 0 0 0 0 2 1 2 0 0 0 2 0 0 0 0 0 2 0 0 2 0 0 2 0 2 0 2 0 0 2 0 0 0 0 0 0 0 0 0 0 0 2 0 0 2 2 2 0 0 2 0 2 0 0 0 0 0 0 2 0
1089 2 2 2 2 0 2 2 2 2 2 0 2 0 2 2 2 2 2 0 2 0 2 0 2 0 2 2 2 2 0 0 2 2 2 2 1 0 2 2 2 2 2 2 2 2 2 2 2 2 2 2 2 2 2 0 0 2 2 2 2 0 2 0 2 2 0 2 0 2 2 2 2 2 2 2 0 2 2 0 2 2 2 0 2 2 2 2 0 2 2 2 2 2 0 2 2 2 2 2 2 2 2 2 2 2 2 2 0 0 0 0 0 2 2 2 2 2 2 2 2 0 0 2 2 2 2 2 2 2 2 0 0 2 2 0 2 0 2 2 2 2 2 2 0 2 2 2 2 2 2 0 2 2 2 0 2 2 2 1 0 2 2 2 2 2 2 2 2 2 0 2 2 2 2 2 0 2 2 0 0 2 2 2 2 2 2 0 2 2 2 1 2 0 2 2 2 2 0 2 2 2 2 0 0 0 2 0 0 2 0 2 2 2 2 2 2 0 0 2 2 2 0 0 0 2 0 2 2 2 2 0 2 0 2 2 2 2 0 2 2 2 2 2 2 2
1090 0 0 0 0 0 0 0 0 0 0 0 0 0 0 0 0 0 2 0 2 2 0 0 0 2 0 0 0 2 0 0 0 0 0 2 0 0 0 2 0 0 0 2 0 0 0 0 0 0 0 2 2 0 0 0 0 2 0 0 0 0 0 0 0 0 0 0 0 2 0 0 0 0 0 0 0 0 0 0 0 0 2 0 0 0 0 0 0 2 2 0 2 0 0 0 0 0 0 0 0 0 0 0 0 0 0 0 0 0 0 0 2 0 0 0 0 0 2 0 0 0 0 2 0 0 0 0 0 0 0 0 0 0 0 2 0 0 2 2 0 0 0 0 0 0 0 2 2 0 0 0 2 0 0 0 2 0 0 0 2 2 0 0 0 0 0 0 0 2 2 2 0 0 0 0 0 2 0 2 2 0 0 0 0 0 0 0 0 0 0 0 0 0 2 0 0 0 0 2 0 0 0 0 0 2 2 0 0 0 0 2 2 0 0 0 0 0 0 0 0 0 0 0 0 2 0 0 2 0 0 0 2 2 0 2 0 0 2 0 2 0 0 0 0 0
1091 2 0 0 2 0 2 2 0 0 2 2 2 0 2 2 2 2 0 2 0 2 2 0 2 0 2 2 2 0 2 0 2 2 0 0 2 0 0 0 2 0 2 2 2 2 0 2 2 0 2 2 2 0 2 1 0 2 0 0 2 0 2 0 2 2 0 0 0 2 2 2 2 2 0 2 2 0 2 2 2 2 2 0 2 2 2 0 0 2 0 2 0 2 0 2 2 0 2 0 0 2 2 0 2 2 2 0 0 2 0 0 2 2 2 2 2 1 2 2 2 0 0 2 2 2 2 2 0 2 2 2 0 2 2 2 2 0 0 2 0 2 0 2 0 2 2 2 0 1 2 0 0 0 2 0 2 2 0 0 2 2 2 0 2 0 2 2 2 2 2 2 0 0 2 2 0 2 2 2 2 2 2 0 2 2 0 0 2 2 2 2 2 0 0 2 0 2 1 2 2 2 0 0 0 2 2 0 2 2 2 0 0 0 2 2 2 0 1 2 2 2 2 0 2 2 0 2 2 0 2 2 2 2 2 0 2 2 2 2 2 2 2 2 2 2
1092 0 0 2 0 0 0 0 0 0 0 2 2 0 0 2 2 0 2 2 2 0 0 2 0 2 0 0 0 2 2 2 0 0 0 0 0 0 0 0 2 0 0 2 0 0 2 2 0 2 2 2 2 2 2 2 2 0 0 2 2 0 0 0 0 0 0 0 0 0 0 2 0 0 2 0 2 2 2 0 0 2 2 0 0 0 0 2 0 0 0 0 0 0 0 2 0 0 0 0 2 0 0 0 0 2 0 0 0 0 0 0 2 2 0 2 2 2 0 0 0 0 0 2 0 0 0 0 0 0 2 2 0 0 0 0 0 0 2 0 0 0 0 0 0 0 2 2 0 1 0 0 0 0 0 0 0 0 0 1 0 0 2 0 0 0 0 0 1 0 0 2 0 0 2 0 0 0 0 0 0 2 0 2 0 2 0 2 0 0 0 0 0 0 0 0 0 0 0 0 2 0 0 0 0 0 0 0 0 2 2 0 2 2 0 0 0 0 1 0 2 0 0 0 0 2 0 0 2 0 2 0 2 0 0 2 0 0 0 0 0 2 0 0 0 0
1093 0 2 2 0 2 0 0 2 2 0 2 0 2 2 0 2 0 0 0 0 0 0 0 2 2 0 0 0 0 0 2 0 0 2 0 1 2 2 2 0 2 0 0 2 0 2 2 0 0 2 0 0 0 2 0 0 2 2 2 0 2 2 0 0 0 2 2 0 0 0 2 2 0 0 0 0 2 0 0 0 2 2 0 0 2 0 2 2 2 0 0 2 0 2 0 0 2 2 2 2 0 0 2 2 2 0 0 2 2 2 2 0 2 0 0 0 2 2 0 0 2 2 0 2 2 0 2 0 2 2 2 2 0 0 0 0 2 2 0 0 0 0 0 2 2 0 0 0 1 0 0 0 0 0 0 0 0 2 2 2 2 2 2 0 0 2 0 1 2 2 0 0 0 0 0 2 0 0 2 2 2 0 2 0 0 2 0 2 0 0 0 0 2 2 0 0 0 2 2 2 2 0 2 2 0 0 2 2 2 0 0 0 2 2 2 0 2 1 0 0 2 0 0 0 0 0 0 2 2 0 2 0 2 0 0 0 2 2 0 2 2 0 0 0 0
1094 0 2 2 0 0 0 0 2 2 0 2 0 0 0 0 2 0 0 0 0 0 0 0 0 0 0 0 0 0 0 2 0 0 2 0 0 0 2 2 2 2 0 0 0 0 2 0 0 0 1 0 0 0 2 0 0 0 2 2 0 2 0 0 0 0 0 2 0 0 0 0 2 0 0 0 0 2 0 0 0 2 0 0 0 2 0 2 0 0 0 0 2 0 0 0 0 2 2 2 2 0 0 2 2 2 0 0 0 0 0 0 0 2 0 0 0 2 0 0 0 0 0 0 0 0 0 2 0 0 2 2 0 0 0 0 0 0 2 0 0 0 0 0 0 2 0 0 0 1 2 0 0 0 2 0 0 0 2 0 0 0 2 2 0 0 2 0 0 0 0 0 0 0 0 0 0 0 2 0 0 2 2 0 0 0 1 0 0 2 0 0 0 0 2 0 0 0 2 0 2 2 0 0 2 0 0 2 0 0 0 0 0 2 2 2 0 0 1 0 0 2 0 0 0 0 0 0 2 0 0 0 0 0 2 0 0 2 0 0 0 2 0 2 0 0
1095 2 2 2 0 0 2 2 2 2 2 2 2 0 0 2 2 2 2 2 2 2 2 2 0 0 2 2 2 2 2 2 2 2 2 0 1 0 2 2 2 2 2 2 2 2 2 2 2 2 2 2 2 2 2 2 2 2 2 2 0 2 0 2 2 2 0 2 2 2 2 2 2 2 2 2 2 2 2 0 2 2 2 2 2 2 2 2 0 2 0 2 2 0 0 2 2 2 2 2 2 2 2 2 0 2 2 2 0 0 0 0 2 2 2 0 2 2 2 0 2 0 0 2 2 0 2 2 2 0 2 2 0 2 2 2 2 0 2 2 2 2 2 2 0 2 2 2 2 2 2 2 2 2 2 2 2 2 2 1 2 0 2 2 2 2 2 2 1 2 2 2 2 2 2 2 0 2 2 2 2 2 2 2 2 2 2 2 2 2 2 2 2 0 2 2 2 0 2 2 2 2 2 0 2 2 2 2 0 2 0 2 2 2 2 2 2 0 2 0 0 2 2 2 2 2 2 2 2 0 2 0 2 2 2 2 2 2 2 0 2 2 2 2 2 2
1096 2 2 2 2 1 2 2 2 2 2 2 2 1 2 2 2 2 0 2 0 2 2 2 2 1 2 2 2 0 2 0 2 2 2 2 1 1 2 2 2 2 2 2 1 2 2 2 2 2 2 2 2 0 0 2 2 1 2 2 2 2 2 2 0 0 1 2 2 0 2 2 2 2 0 2 2 2 2 0 0 0 1 2 2 2 2 2 1 2 2 2 2 0 1 2 2 2 2 2 2 2 2 2 1 2 2 2 1 1 1 1 2 0 2 2 2 2 1 2 2 2 1 2 1 1 2 2 2 1 0 2 1 2 2 0 2 0 2 0 2 2 2 2 1 2 2 2 2 2 2 2 1 2 2 2 0 2 2 1 0 1 2 2 2 2 1 2 2 1 0 2 2 2 2 2 1 0 2 0 0 0 2 2 2 2 2 2 1 2 2 2 2 1 2 2 2 2 2 1 2 2 2 2 2 0 0 2 1 2 2 2 2 2 2 2 1 2 1 2 2 2 1 2 2 2 2 2 2 1 2 1 2 0 2 2 1 2 0 2 1 2 2 2 2 2
1097 0 2 2 2 2 2 2 2 2 0 2 2 2 2 2 2 2 2 2 2 2 2 2 2 2 2 2 2 2 2 2 2 2 2 2 2 2 2 2 2 2 2 2 2 0 2 2 0 2 2 2 2 2 0 2 2 2 2 2 2 2 2 2 2 2 2 2 2 2 2 2 2 2 2 2 2 2 2 2 2 0 0 2 2 2 2 2 2 2 2 2 2 2 2 2 2 2 2 2 2 2 2 2 2 2 2 2 2 2 2 2 2 2 0 2 2 2 2 2 2 2 2 2 2 2 2 2 2 2 2 2 2 2 2 2 2 2 2 2 2 0 2 2 2 2 2 2 2 2 2 2 2 2 2 2 0 2 2 2 2 2 2 2 2 2 0 2 2 2 2 2 2 2 2 2 2 2 2 2 2 2 2 2 2 2 2 2 2 2 0 1 2 2 2 2 2 2 2 0 2 2 2 2 2 2 2 2 2 2 2 2 2 2 2 2 2 2 2 2 2 2 2 2 2 2 2 2 2 2 2 2 2 2 2 2 2 0 2 2 0 2 2 2 2 2
1098 2 2 2 2 2 2 2 0 0 2 2 2 2 2 2 0 2 2 2 2 2 2 2 2 2 2 0 2 2 2 2 2 2 0 0 1 2 2 2 0 2 2 2 2 2 2 2 2 2 2 2 2 0 2 2 2 2 2 2 2 2 2 2 0 0 2 2 2 2 2 2 2 2 0 2 2 2 2 2 2 2 2 2 2 2 2 2 2 2 0 2 2 2 2 2 2 0 2 0 2 2 0 2 0 2 2 0 2 2 2 2 2 2 2 2 2 0 2 2 2 2 2 2 2 2 2 2 2 0 2 2 2 2 2 2 2 2 2 0 2 2 2 0 2 2 2 2 2 1 2 2 0 0 0 2 2 0 2 2 2 2 0 0 2 2 2 2 0 2 2 2 2 2 0 2 2 0 0 2 2 2 2 2 0 0 0 2 0 0 2 2 2 2 0 2 2 2 0 2 2 2 2 2 2 2 2 2 2 2 2 2 0 2 2 2 2 2 2 2 0 2 2 2 2 2 2 2 2 2 0 2 2 2 2 0 2 2 2 2 2 0 2 2 2 2
1099 0 2 2 2 2 0 0 0 2 0 0 2 2 2 0 2 2 0 0 0 2 2 2 2 0 2 2 2 0 0 2 2 0 0 0 2 2 2 0 2 2 0 2 2 0 2 2 0 2 2 2 2 2 2 2 2 2 2 2 2 2 2 0 0 0 2 2 2 2 0 2 2 0 2 2 0 2 2 2 2 0 2 0 0 2 0 2 0 2 0 2 0 0 2 0 0 0 0 0 2 0 0 2 2 2 2 0 2 0 0 0 2 2 0 2 2 2 2 2 0 0 2 2 2 0 0 2 0 2 2 2 0 2 0 2 0 0 2 0 2 0 0 0 0 2 2 2 2 0 0 2 0 0 0 0 2 0 2 1 0 0 2 0 2 2 0 2 2 2 0 2 0 2 0 2 2 0 0 0 0 2 0 2 2 0 2 2 0 0 0 0 2 0 2 0 2 0 0 2 2 0 2 0 0 2 0 0 0 2 2 0 2 2 2 0 2 0 1 0 2 2 0 2 0 2 0 2 0 0 0 0 2 0 0 2 2 2 0 2 2 2 2 0 2 0
1100 2 2 2 2 2 2 2 0 0 2 2 2 2 2 2 2 2 2 2 2 2 2 2 2 2 2 2 2 2 2 2 2 2 0 0 2 2 2 2 0 2 2 2 2 2 2 2 2 2 2 2 2 2 2 2 2 2 2 2 2 2 2 2 2 2 2 2 2 2 2 2 2 2 2 2 2 2 2 2 2 2 2 2 2 2 0 2 2 2 0 2 2 0 2 2 2 0 2 0 2 2 0 2 0 2 0 0 2 2 2 2 2 2 2 2 2 2 2 2 2 2 2 2 2 2 2 2 2 2 2 2 2 2 2 2 0 2 2 0 2 2 2 0 2 2 2 2 2 1 2 2 0 0 0 2 2 0 2 1 2 2 2 2 2 2 0 2 1 2 2 2 2 2 0 2 2 0 0 2 2 2 0 0 2 0 2 2 0 0 2 2 2 2 2 2 2 2 0 2 2 2 2 2 0 2 2 0 2 2 2 0 0 2 2 0 2 2 2 2 2 2 2 2 2 2 2 2 2 2 0 2 2 2 2 0 2 2 2 2 2 2 2 2 2 2
1101 0 2 2 2 2 0 0 0 0 0 0 2 2 2 2 0 2 0 0 0 2 2 2 2 0 2 0 2 0 0 0 2 0 0 0 1 2 2 0 0 2 0 1 0 0 2 2 0 0 2 2 0 2 0 2 2 0 2 2 2 0 2 0 0 0 2 2 0 2 0 2 2 0 2 2 0 2 2 2 2 0 2 0 0 2 2 2 0 0 0 0 0 2 2 0 0 0 0 0 2 0 0 2 0 0 2 0 2 0 0 0 2 0 0 2 0 0 0 2 0 0 2 0 0 0 0 2 0 0 2 2 0 0 0 2 2 0 2 0 0 0 0 0 0 2 2 0 2 1 0 2 0 0 0 0 2 0 0 0 0 0 0 0 0 0 2 0 2 0 0 2 0 0 0 0 2 0 0 0 0 0 2 0 0 0 0 2 0 0 0 0 0 0 2 0 0 0 0 2 2 0 0 0 2 2 0 2 0 2 0 2 0 2 2 2 0 0 1 0 2 2 0 0 0 2 0 0 2 0 0 0 2 0 0 0 0 0 0 2 2 0 0 0 0 0
1102 0 2 2 2 2 2 2 2 2 0 2 2 2 2 2 2 2 2 2 2 2 2 2 2 2 2 2 2 2 2 2 2 2 2 2 2 2 2 2 2 2 2 2 2 0 2 2 0 2 2 2 2 2 2 2 2 2 2 2 2 2 2 2 2 2 2 2 2 2 2 2 2 2 2 2 2 2 2 2 2 2 2 2 2 2 2 2 2 2 2 2 2 2 2 2 2 2 2 2 2 2 2 2 2 2 2 2 2 2 2 2 2 2 0 2 2 2 2 2 2 2 2 2 2 2 2 2 2 2 2 2 2 2 2 2 2 2 2 2 2 0 2 2 2 2 2 2 2 2 2 2 2 2 2 2 2 2 2 2 0 2 2 2 2 2 2 2 2 2 0 2 2 2 2 2 2 2 2 0 0 2 2 2 2 2 2 2 2 2 0 1 2 2 2 2 2 2 2 2 2 2 2 2 2 2 2 2 2 2 2 2 2 2 2 2 2 2 2 2 2 2 2 2 2 2 2 2 2 2 2 2 2 0 2 2 2 2 0 2 2 2 2 2 2 2
1103 2 2 2 0 2 0 0 0 2 2 2 2 2 2 2 0 0 2 2 2 0 0 0 2 0 0 0 0 2 2 2 0 0 2 2 1 2 2 2 0 2 0 1 0 2 2 2 2 2 2 2 2 2 2 0 0 2 2 2 2 2 2 2 2 2 2 2 2 2 0 0 0 0 2 0 2 2 2 2 0 0 2 0 2 2 0 2 0 0 2 0 2 2 0 0 0 2 0 0 2 0 0 2 0 0 2 2 0 0 0 0 0 0 2 2 2 0 2 0 0 0 0 2 0 0 0 0 0 2 0 2 0 0 0 2 0 0 0 2 0 2 0 2 0 2 0 2 2 1 0 2 2 2 2 0 2 2 0 1 2 0 0 0 0 0 0 0 2 2 2 0 0 0 2 0 0 2 2 2 2 0 2 2 0 2 0 0 2 0 2 1 0 0 2 0 0 2 2 2 0 0 0 0 0 2 0 2 0 2 2 0 2 2 2 0 2 0 0 2 2 2 0 2 0 0 0 0 0 0 2 0 0 2 0 2 2 2 2 0 2 0 0 0 0 0
1104 2 2 0 0 2 2 0 0 2 2 2 2 2 2 0 0 2 2 2 2 0 0 0 2 0 0 2 0 2 2 2 0 0 2 2 2 2 2 2 2 2 0 0 2 2 0 0 2 2 2 0 2 0 2 0 0 2 2 0 0 2 2 2 2 0 2 2 0 2 0 2 0 2 0 2 2 0 2 2 2 2 2 0 0 2 2 0 0 2 2 2 2 2 0 2 0 2 0 0 0 2 2 2 2 2 2 2 0 0 2 2 0 0 2 0 0 0 2 2 0 0 0 0 2 0 0 0 2 2 2 2 2 2 0 0 2 0 0 2 2 2 2 2 0 2 2 2 2 1 2 2 2 2 2 0 2 2 2 0 2 0 2 0 2 2 2 2 1 2 2 2 2 2 2 2 0 2 2 2 2 0 0 0 2 2 2 0 2 2 2 1 2 0 2 2 2 2 2 0 2 0 2 0 0 0 2 2 0 0 0 2 0 0 2 0 2 0 1 2 0 2 0 0 0 2 0 2 2 2 2 0 0 2 2 0 2 2 2 2 0 0 2 2 2 2
1105 2 2 2 0 2 2 0 2 2 2 2 0 2 2 2 2 2 2 2 2 2 0 0 2 0 2 2 0 2 2 2 0 0 2 2 2 2 2 2 2 2 0 1 2 2 2 0 2 2 2 2 2 2 2 0 0 2 2 2 2 2 2 2 2 2 2 2 2 2 0 2 2 2 2 2 2 2 0 2 2 2 2 0 2 2 2 2 0 2 2 2 2 2 0 2 0 2 2 2 2 2 2 2 2 2 2 2 0 0 2 2 0 2 2 2 0 2 2 2 0 0 0 0 2 0 0 0 2 2 2 2 2 2 0 2 2 0 2 2 2 2 2 2 0 2 2 2 2 2 2 2 2 2 2 0 2 2 2 1 2 0 2 0 2 2 2 2 1 2 2 2 2 2 2 2 0 2 2 2 2 2 2 2 2 2 2 2 2 2 2 1 2 0 2 2 2 2 2 0 2 2 2 0 0 2 2 2 0 0 2 2 2 2 2 0 2 0 1 2 0 2 0 2 0 2 0 2 2 2 2 0 2 2 2 2 2 2 2 2 0 2 2 2 2 2
1106 2 2 2 0 2 2 0 0 0 2 2 0 2 0 0 2 2 0 2 2 2 0 2 0 0 2 2 0 0 2 0 0 0 2 2 2 2 2 2 0 0 0 0 2 2 2 0 2 0 2 0 0 0 2 2 2 2 2 2 0 0 0 2 0 2 2 2 0 2 0 2 0 2 0 2 2 2 0 0 2 2 0 2 0 2 2 2 2 2 2 2 2 0 0 2 0 2 2 0 2 2 2 2 0 2 2 0 0 0 2 2 2 2 2 0 0 2 2 2 0 0 0 0 2 0 0 0 2 2 2 2 2 2 0 0 2 0 2 2 2 2 2 2 0 0 0 0 2 1 2 2 2 0 0 2 2 2 2 0 2 0 2 0 2 2 0 2 1 2 2 0 2 2 2 2 0 2 0 2 2 2 2 0 2 2 2 0 2 2 2 1 2 2 2 2 2 2 2 0 0 2 2 0 0 0 2 2 0 0 2 2 0 2 0 2 2 0 1 2 0 0 0 0 0 0 2 2 2 2 2 0 2 2 2 0 0 2 2 2 0 2 2 2 2 2
1107 2 2 2 2 2 2 2 2 2 2 2 2 2 2 2 2 2 2 2 2 2 2 2 2 2 2 2 2 2 2 2 2 2 2 2 2 2 2 2 2 2 2 2 2 2 2 2 2 2 2 2 2 2 2 2 2 2 2 2 2 2 2 2 2 2 2 2 2 2 2 2 2 2 2 2 2 2 2 2 2 2 2 2 2 2 2 2 2 2 2 2 2 2 2 2 2 2 2 2 2 2 2 2 2 2 2 2 2 2 2 2 2 2 2 2 2 2 2 2 2 2 2 2 2 2 2 2 2 2 2 2 2 2 2 2 2 2 2 2 2 2 2 2 2 2 2 2 0 2 2 2 2 2 2 2 0 2 0 2 2 2 0 2 2 2 2 0 2 2 2 2 0 2 2 0 2 2 2 2 2 2 2 2 2 2 0 2 2 2 2 2 2 2 2 0 2 2 2 2 2 2 2 2 2 2 2 2 2 2 2 0 2 2 2 2 2 2 2 2 2 2 2 2 2 2 2 2 0 2 2 2 2 2 0 2 2 2 2 2 2 2 0 2 0 0
1108 0 2 2 2 2 0 2 2 2 0 2 2 2 2 2 2 2 2 2 2 2 2 2 2 2 2 0 2 2 2 2 2 2 2 2 1 2 2 2 2 2 2 2 2 0 2 2 0 2 2 2 2 2 2 2 2 2 2 2 2 2 2 2 2 2 2 2 2 2 2 2 2 2 2 2 2 2 2 2 2 2 2 2 0 2 2 2 2 2 2 2 2 2 2 0 2 2 2 2 2 0 0 2 2 2 2 2 2 2 2 2 2 2 0 2 2 2 2 2 2 2 2 2 2 2 2 2 0 2 2 2 2 2 2 2 2 2 2 2 2 0 2 2 2 2 0 2 2 1 0 2 2 2 2 2 2 2 2 2 0 2 2 2 0 2 2 2 2 2 0 2 2 2 2 2 2 2 2 0 2 2 2 2 0 2 2 0 2 0 0 1 0 2 2 2 2 2 2 2 2 2 2 2 2 2 2 2 2 2 2 2 0 2 2 2 2 2 0 2 2 2 2 2 2 2 2 0 2 2 2 2 2 2 2 0 2 2 2 2 2 2 2 0 2 2
1109 2 2 2 2 2 2 0 0 2 2 0 2 2 2 0 2 0 2 2 2 2 2 0 2 0 2 2 2 2 2 2 2 2 2 2 2 2 2 2 2 2 2 1 2 2 2 2 2 2 2 2 2 0 0 0 0 0 2 2 2 0 2 2 0 2 2 2 2 2 0 0 2 2 0 0 2 2 2 0 2 2 2 2 2 2 2 2 0 2 2 0 2 2 2 2 2 2 2 0 2 2 2 2 2 2 2 0 2 2 2 2 2 0 2 2 2 2 0 2 2 0 2 2 2 0 0 2 2 2 2 2 2 0 2 2 2 0 2 2 2 2 0 2 0 2 2 2 0 1 2 2 2 0 0 2 0 2 0 0 2 0 0 0 2 2 2 0 2 2 2 2 0 2 2 0 2 2 0 2 2 0 0 0 2 2 0 2 0 2 2 1 2 0 2 0 2 2 2 0 2 2 2 0 2 2 2 2 0 2 2 0 2 2 2 2 2 0 1 2 2 2 0 2 2 2 2 2 0 2 2 0 2 2 0 2 2 2 2 2 0 2 0 2 0 0
1110 2 2 2 2 2 2 0 2 2 2 0 2 2 2 2 2 2 2 2 2 2 2 2 2 0 0 2 2 2 2 2 2 2 2 2 2 2 2 2 0 2 2 2 2 2 2 2 2 2 2 2 2 2 2 2 2 2 2 2 2 2 2 2 2 0 2 2 2 2 0 2 2 2 2 2 2 2 2 0 2 2 2 2 2 2 2 2 0 2 2 2 2 2 2 2 2 2 2 2 2 2 2 2 2 2 2 2 2 2 2 2 2 2 2 2 2 2 2 2 2 0 2 2 2 0 0 2 2 2 2 2 2 2 2 2 2 0 2 2 2 2 2 2 0 2 0 2 2 2 0 2 2 2 2 2 2 2 2 1 2 0 2 0 2 2 2 2 2 2 2 2 2 2 2 2 2 2 2 2 2 2 2 2 2 2 2 2 2 2 2 1 2 0 2 2 2 2 2 0 2 2 2 0 2 2 2 2 0 2 2 2 2 2 2 2 2 0 1 2 2 2 0 2 2 2 2 2 2 0 2 0 2 2 2 2 2 2 2 2 0 2 2 2 2 2
1111 0 2 0 0 2 0 0 2 0 0 0 0 2 0 2 0 0 0 0 0 2 2 0 0 0 2 0 2 0 0 0 2 2 0 0 1 0 2 0 0 0 2 2 2 0 0 0 0 0 0 0 0 0 2 0 0 2 2 0 0 0 0 0 2 0 2 2 2 2 0 0 0 2 0 0 0 0 0 2 2 0 2 2 0 2 0 0 0 2 0 0 0 0 0 0 2 0 2 2 0 0 0 2 0 2 2 0 0 2 0 0 2 2 0 0 0 0 2 0 2 0 0 2 2 0 0 0 0 0 0 0 2 2 2 2 0 0 0 2 0 0 0 0 0 0 2 0 0 1 2 2 0 2 0 2 0 0 0 1 0 0 0 0 0 0 2 0 1 0 0 2 0 0 0 0 2 2 0 0 0 2 0 2 0 0 0 0 2 0 0 0 0 0 2 0 0 0 2 0 2 2 0 0 0 2 0 2 0 0 2 0 0 0 0 2 2 0 0 0 2 0 0 2 2 2 2 0 0 0 0 0 0 1 0 0 0 2 0 0 0 0 0 0 0 0
1112 0 2 2 2 2 2 2 2 0 0 0 2 2 2 2 2 2 0 0 2 2 2 2 2 2 2 2 2 0 0 0 2 0 2 2 2 2 2 2 0 2 0 2 2 0 2 2 0 0 0 2 2 0 2 2 2 2 2 2 0 0 2 0 2 0 2 2 2 2 2 2 0 2 0 2 0 2 2 2 2 0 2 0 2 2 2 2 0 2 2 2 2 2 2 2 0 2 0 2 2 2 2 2 0 2 2 2 2 2 2 2 2 2 0 0 0 2 0 2 0 2 2 0 2 0 2 2 2 2 2 2 2 2 0 2 2 2 2 2 2 0 2 2 2 0 2 2 0 2 2 2 0 2 2 0 2 2 2 2 0 2 2 2 2 2 2 2 2 2 0 0 2 2 2 2 0 2 2 0 2 2 0 2 2 2 2 2 2 2 0 1 2 0 2 2 2 2 0 2 2 2 2 2 2 2 2 0 2 2 2 2 2 2 0 2 2 2 2 2 2 0 2 2 0 0 0 2 2 2 2 2 2 2 2 2 0 2 2 2 2 2 2 2 2 2
1113 2 0 2 2 0 2 0 2 2 2 2 2 0 2 2 2 2 2 2 2 2 2 2 2 0 2 2 2 2 2 2 2 2 2 2 1 2 0 2 2 2 2 2 2 2 2 2 2 2 2 2 2 2 2 2 2 2 0 2 2 2 2 2 2 2 0 0 2 2 0 2 2 0 2 2 2 2 2 0 0 2 2 2 2 0 2 2 2 2 2 2 2 0 2 2 2 0 2 2 2 2 2 0 2 2 2 2 2 0 2 2 0 2 2 2 2 2 2 0 2 0 2 2 2 2 0 2 2 2 2 2 0 2 2 2 2 0 2 2 2 2 2 2 0 2 2 2 2 1 2 0 2 2 2 2 2 2 2 1 2 0 2 0 2 2 2 2 1 2 2 2 2 2 2 2 2 2 2 2 2 2 2 2 2 2 2 2 2 2 2 1 2 2 0 2 2 2 2 0 2 2 2 0 2 2 2 2 0 2 2 2 2 2 2 0 2 0 1 2 2 2 0 2 2 2 2 2 2 2 0 0 2 2 2 2 2 2 2 0 0 2 2 2 2 2
1114 2 2 2 2 2 2 2 2 2 2 2 2 2 2 2 2 2 0 2 2 2 2 2 2 2 2 2 2 0 2 2 2 2 2 2 2 2 2 2 2 2 2 2 2 2 2 2 2 2 2 2 2 2 2 2 2 2 2 2 2 2 2 2 2 2 2 2 2 2 2 2 2 2 2 2 2 2 2 2 2 2 2 2 2 2 0 2 2 2 2 0 2 2 2 2 2 2 2 2 2 2 0 2 2 2 2 2 2 2 2 2 2 2 2 2 2 2 2 2 2 2 2 2 2 2 2 2 2 2 2 2 2 2 2 2 0 2 2 2 0 2 2 0 2 2 2 2 2 2 2 2 2 2 2 2 0 2 2 2 2 2 2 2 2 2 2 2 2 2 2 2 2 0 2 2 2 2 2 2 2 2 2 2 2 2 2 2 2 2 2 2 0 2 2 2 0 2 2 2 2 2 0 2 2 2 0 2 2 2 2 2 2 2 2 2 2 2 2 2 2 2 2 2 2 2 2 0 2 2 2 2 2 2 2 2 2 2 2 2 2 2 2 2 2 2
1115 0 2 2 2 2 2 2 2 2 0 2 0 2 2 2 2 2 2 2 2 2 0 2 2 2 2 2 0 2 2 2 0 0 2 2 2 2 2 2 2 2 0 2 2 0 2 2 0 2 2 2 2 2 2 2 2 2 2 2 2 2 2 2 2 2 2 2 2 2 2 2 2 2 2 2 2 2 0 2 2 2 2 2 2 2 2 2 2 2 2 2 2 2 2 2 0 2 2 2 2 2 2 2 2 2 2 2 2 2 2 2 2 2 0 2 2 2 2 2 0 2 2 2 2 2 2 2 2 2 2 2 2 2 0 2 2 2 2 2 2 0 2 2 2 2 2 2 2 2 2 2 2 2 2 2 2 2 2 2 0 2 2 2 2 2 2 2 2 2 0 2 2 2 2 2 2 2 2 0 2 2 2 2 2 2 2 2 2 2 2 2 2 2 2 2 2 2 2 2 2 2 2 2 2 2 2 2 2 2 2 2 2 2 2 2 2 2 2 2 2 2 2 2 2 2 2 2 2 2 2 2 2 2 2 2 2 2 2 2 2 2 2 2 2 2
1116 2 0 0 0 0 0 0 0 2 2 0 2 0 0 2 0 0 0 2 2 2 2 0 0 0 0 0 2 0 2 2 2 2 0 0 0 0 0 2 2 0 2 0 2 2 0 0 2 2 2 0 0 0 0 0 0 2 0 0 2 2 0 0 0 0 0 0 0 0 0 0 0 0 0 0 2 0 2 0 0 0 0 0 0 0 0 0 0 0 0 0 2 0 0 0 2 0 0 0 0 0 0 0 2 2 0 2 0 0 0 0 0 2 2 2 0 0 0 0 2 0 0 0 2 0 0 0 0 0 0 0 0 0 2 0 0 0 2 0 0 2 0 0 0 0 0 0 0 1 0 0 2 2 0 0 0 0 0 0 2 0 0 0 0 0 0 0 0 2 2 0 0 0 0 0 0 0 0 2 0 2 0 0 0 0 0 0 0 0 0 0 0 0 0 0 0 0 0 0 0 0 0 0 0 0 0 0 0 0 0 0 0 0 0 0 0 0 0 0 0 0 0 0 0 0 0 0 0 2 0 0 0 0 0 0 2 0 0 0 0 0 0 0 0 0
1117 2 2 2 2 0 2 2 0 2 2 2 0 0 2 2 2 2 2 2 2 2 2 2 2 2 0 2 2 2 2 2 2 0 2 2 2 2 2 2 0 2 0 2 2 2 2 2 2 0 2 2 2 2 2 2 2 2 2 2 2 2 2 2 2 0 0 2 2 2 2 2 2 2 2 2 2 2 0 2 0 2 2 2 2 2 2 2 2 2 2 2 2 2 2 2 0 2 2 0 2 2 2 2 2 2 2 2 2 2 2 2 2 2 2 2 2 2 2 2 0 2 2 2 2 2 2 2 2 0 2 2 2 2 0 2 2 2 0 2 2 2 2 2 2 2 2 2 0 2 2 0 2 2 2 0 2 2 2 2 2 2 2 2 0 0 0 2 2 2 2 0 2 2 2 2 2 2 2 2 2 2 2 2 2 2 2 2 2 2 2 2 2 2 2 2 0 2 2 2 2 2 2 2 2 2 2 0 0 2 2 2 2 2 2 2 2 2 2 2 2 2 2 2 2 0 2 2 2 2 2 0 0 2 2 2 2 2 2 2 2 2 2 2 2 2
1118 2 2 2 2 2 2 2 2 2 2 2 2 2 2 2 0 2 2 2 2 2 2 2 2 2 2 0 2 2 2 2 2 2 2 2 1 2 2 2 2 2 2 2 2 2 2 2 2 2 2 2 2 2 2 2 2 2 2 2 2 2 2 0 2 2 2 2 2 2 2 2 2 2 2 2 2 2 2 2 2 2 2 2 2 2 0 2 2 2 2 2 2 2 2 2 2 2 2 2 2 2 0 2 2 2 2 2 2 2 2 2 2 2 2 2 2 2 2 0 2 2 2 2 2 2 2 2 2 2 2 2 2 2 2 2 0 2 0 2 0 2 0 0 0 2 2 2 2 2 2 2 2 2 2 2 0 2 2 0 2 0 2 2 2 2 0 2 2 2 2 2 2 0 2 2 2 2 2 2 2 2 2 0 0 2 0 2 2 2 2 2 0 2 2 2 2 2 2 0 0 2 2 2 2 2 0 2 2 2 2 0 2 2 2 2 2 2 2 2 2 2 2 2 0 2 2 0 2 2 2 2 2 2 0 2 2 2 2 0 0 2 0 2 2 2
1119 2 2 2 2 0 2 2 2 2 2 2 0 0 2 2 2 2 2 2 2 2 2 0 2 2 2 2 2 2 2 2 2 2 2 2 2 0 2 2 2 2 2 2 2 2 2 2 2 2 2 2 2 2 2 0 0 2 2 2 2 2 2 2 2 2 0 2 2 2 0 2 2 0 2 2 2 2 0 0 2 2 2 0 2 2 2 2 2 2 2 2 2 2 2 2 2 2 2 2 2 2 2 2 2 2 2 2 2 2 2 2 2 2 2 2 2 2 2 2 2 0 2 2 2 0 2 2 2 2 2 2 2 2 2 2 2 2 2 2 2 2 2 2 2 2 2 2 2 2 2 2 2 2 2 2 2 2 2 2 2 2 2 2 2 2 2 2 2 2 2 2 2 2 2 2 2 2 2 2 2 2 2 2 2 2 2 2 2 2 2 2 2 2 2 2 2 2 0 2 2 2 2 2 2 2 2 2 2 2 2 2 2 2 2 0 2 2 2 2 2 2 2 2 2 2 0 2 2 0 2 2 2 2 2 2 2 2 2 2 2 2 2 2 2 2
1120 2 2 0 2 2 2 2 0 2 2 2 2 2 2 2 2 2 2 2 2 2 2 2 2 2 2 2 2 2 2 2 2 2 2 2 2 2 2 2 2 2 2 2 2 2 0 2 2 2 2 2 2 2 0 2 2 2 2 0 2 2 2 2 0 2 2 2 2 2 2 2 2 2 2 2 2 0 2 2 2 0 0 2 2 2 2 0 2 2 2 2 2 0 2 2 2 2 2 0 0 2 2 2 2 0 2 2 2 2 2 2 2 2 2 2 2 2 0 2 2 2 2 2 2 2 2 2 0 2 2 2 0 2 2 2 2 2 2 0 2 2 2 2 2 0 2 2 2 2 2 2 2 2 0 2 2 0 2 2 2 2 2 2 0 2 2 2 2 2 2 2 0 0 0 2 2 0 0 2 2 2 2 2 2 0 2 2 2 0 2 1 2 2 2 0 2 2 2 2 2 2 2 2 2 2 2 2 2 2 2 2 2 0 0 2 2 2 2 2 2 0 2 2 2 2 2 2 0 2 2 2 2 2 2 2 2 0 2 2 2 2 2 2 0 2
1121 2 2 2 2 2 0 2 2 2 2 2 2 2 2 2 2 2 0 0 2 2 2 2 2 2 2 2 2 0 0 2 2 2 2 2 2 2 2 2 2 2 2 2 0 2 2 2 2 2 2 2 2 2 2 2 2 2 2 2 2 2 2 2 2 0 2 2 2 2 2 2 2 2 2 2 0 2 2 2 2 0 2 2 2 2 2 2 2 2 2 2 2 2 2 2 2 2 2 2 2 2 2 2 2 2 2 2 2 0 2 2 0 2 2 2 2 0 2 2 2 2 2 2 0 2 2 2 0 2 2 2 2 2 2 2 2 2 2 2 2 2 2 2 2 2 2 2 2 1 2 2 2 2 0 2 2 0 2 2 2 2 0 2 0 2 2 2 2 0 2 0 0 0 2 2 2 2 0 2 2 2 2 2 2 2 2 2 2 0 2 2 2 2 2 0 2 2 2 2 2 2 2 2 2 2 2 2 2 2 2 2 2 2 2 2 0 2 2 2 2 2 2 2 2 0 2 2 0 2 2 2 2 2 2 2 2 0 2 2 2 0 2 0 0 2
1122 2 0 2 2 2 2 2 2 2 2 2 2 2 2 2 0 2 2 2 2 2 2 2 2 2 2 0 2 2 2 2 2 2 2 2 2 2 0 2 2 2 2 2 2 2 2 2 2 2 2 2 2 2 0 2 2 2 0 2 2 2 2 0 2 2 2 0 2 2 2 2 2 2 2 2 2 2 2 2 2 2 2 0 2 2 0 2 2 2 2 2 2 2 2 2 2 2 2 2 2 2 2 0 2 2 2 2 2 2 2 2 2 2 2 2 2 2 2 2 2 2 2 2 2 0 2 2 2 2 2 2 2 0 2 2 0 2 2 2 0 2 2 0 2 2 2 2 2 2 2 2 2 2 2 2 0 2 2 0 2 2 2 2 2 0 0 2 2 0 2 2 2 2 2 2 0 2 2 2 2 2 2 0 0 2 0 0 2 2 2 2 2 2 0 2 0 2 2 0 2 2 2 2 2 2 0 2 2 2 2 2 2 2 2 0 2 2 1 2 2 2 2 2 0 2 0 2 2 0 2 2 2 2 0 2 2 2 2 2 0 2 0 2 2 2
1123 2 2 2 2 2 0 0 2 2 2 2 2 2 2 2 2 2 2 2 0 2 2 2 2 0 2 0 2 2 2 2 2 2 0 2 0 2 2 2 2 2 2 0 2 2 2 2 2 2 2 2 2 0 2 2 2 0 2 2 2 2 2 0 2 2 2 2 0 2 2 2 2 0 0 2 2 2 2 2 0 0 0 0 2 2 0 2 2 0 2 0 2 2 2 2 2 2 0 2 2 0 0 2 2 2 0 2 2 2 2 2 2 2 2 2 2 0 0 0 2 2 0 2 2 0 0 2 2 0 2 2 2 2 2 2 0 2 2 2 2 2 2 0 2 2 2 2 0 1 0 2 0 2 0 2 0 0 2 1 2 0 0 2 0 0 0 2 2 2 2 0 2 0 0 2 0 2 0 2 2 0 2 0 0 0 2 0 2 0 2 2 0 2 2 2 0 2 2 2 0 0 2 2 2 2 0 2 2 2 0 2 2 2 2 0 2 2 1 2 2 2 0 0 0 0 0 0 0 0 0 2 2 2 0 2 0 0 2 0 2 0 0 2 0 2
1124 2 2 2 2 2 2 0 2 2 2 2 2 2 2 2 2 2 2 2 2 2 2 2 2 0 2 0 2 2 2 2 2 2 0 2 0 2 2 2 2 2 2 2 2 2 2 2 2 2 2 2 2 2 2 2 2 2 2 2 0 2 2 0 2 2 2 2 2 2 2 2 2 0 2 2 2 2 2 2 0 0 2 0 2 2 0 2 2 2 2 0 2 2 2 2 2 2 2 2 2 0 0 2 2 2 2 2 2 2 0 0 2 2 2 2 2 2 2 0 2 2 2 2 2 0 0 2 2 0 0 2 2 2 2 2 0 2 2 0 2 2 2 0 2 2 2 2 0 2 2 2 0 2 2 2 0 0 2 1 2 0 2 2 0 0 0 2 2 2 2 2 2 0 0 2 0 0 2 2 2 2 2 0 0 0 2 0 2 0 2 2 0 2 2 2 0 2 2 2 2 2 2 2 2 2 0 2 2 2 2 2 2 2 2 0 2 2 1 2 2 2 0 2 0 2 0 0 0 0 0 2 2 2 2 2 2 0 2 0 2 2 0 2 0 2
1125 0 0 0 0 0 0 0 2 2 0 0 0 0 0 0 0 0 0 2 0 0 2 0 0 0 0 0 2 0 2 2 2 0 0 0 0 0 0 2 2 0 0 0 0 0 0 0 0 2 0 0 0 0 0 0 0 0 0 0 0 2 0 0 0 0 0 0 0 0 0 0 0 0 0 0 2 0 0 0 2 0 0 0 0 0 0 0 0 0 0 0 2 2 0 0 0 0 0 2 0 0 0 0 0 0 0 0 0 0 2 2 0 0 0 2 2 0 0 0 0 0 2 0 0 0 0 0 0 0 0 0 0 0 0 0 0 2 0 0 0 0 0 0 0 0 2 0 0 0 0 2 0 0 0 0 0 0 0 0 0 0 2 0 0 0 0 0 0 0 0 2 0 0 0 0 0 0 0 0 0 0 0 0 0 0 0 0 0 0 0 0 0 0 0 0 0 0 2 0 0 0 0 0 0 0 0 0 0 0 0 0 0 0 0 0 0 0 2 0 0 0 2 0 0 2 0 0 0 0 2 0 0 0 0 0 2 2 0 0 0 0 0 0 0 0
1126 2 2 2 2 2 0 2 2 2 2 2 2 2 2 2 2 2 2 2 2 2 2 2 2 2 2 2 2 2 2 2 2 2 2 2 2 2 2 2 2 0 2 0 2 2 2 2 2 2 2 2 0 2 2 2 2 0 2 2 2 2 2 2 2 2 2 2 2 2 2 2 2 2 2 2 2 2 2 2 2 2 2 2 2 2 2 2 2 0 2 2 2 2 2 2 2 2 2 2 2 2 2 2 2 2 2 2 2 2 2 2 2 2 2 2 2 0 2 2 2 2 2 2 2 2 2 2 2 2 2 0 2 2 2 2 2 2 2 2 2 2 2 2 2 2 2 0 2 1 2 2 2 2 2 2 2 2 2 2 2 2 2 2 2 2 2 2 2 2 2 2 2 2 2 2 2 2 2 2 2 2 2 2 2 2 2 2 2 2 2 2 2 2 0 2 2 2 2 2 0 2 2 2 2 2 2 2 2 2 2 2 2 2 2 2 2 2 2 2 2 2 2 2 2 2 2 2 2 2 2 2 2 2 2 2 2 2 2 2 2 0 2 2 2 2
1127 2 2 2 0 2 2 2 2 0 2 2 2 2 0 2 2 2 2 0 2 0 0 2 0 2 2 2 0 2 0 0 0 0 2 2 2 2 2 0 0 0 0 2 2 2 2 2 2 2 0 2 2 2 2 2 2 2 2 2 0 2 0 2 0 0 2 2 2 0 2 2 2 2 2 2 0 2 2 2 2 2 2 2 2 2 2 2 2 2 2 2 0 2 2 2 0 2 2 2 2 2 2 2 0 2 2 2 2 2 2 2 2 2 2 0 2 2 2 2 0 2 0 0 2 2 2 0 0 2 2 2 2 2 0 2 2 2 2 2 2 2 2 2 2 0 0 2 2 2 2 2 2 2 2 2 2 2 2 2 2 2 0 2 2 2 2 2 2 2 2 0 2 2 2 2 2 2 2 2 0 2 2 2 2 2 2 2 2 2 2 2 2 2 2 2 0 2 2 2 2 0 0 2 2 2 2 2 2 2 0 2 2 2 0 2 2 2 2 2 2 0 2 2 2 0 2 2 2 2 2 2 2 0 0 2 2 2 0 2 2 2 2 2 2 2
1128 2 2 2 2 2 0 2 2 0 2 0 0 2 0 2 2 2 0 2 0 2 2 2 0 2 2 2 2 0 2 2 2 0 2 2 2 2 2 0 2 2 0 2 2 2 2 2 2 2 2 2 2 2 2 2 2 2 2 2 2 0 0 2 2 0 2 2 0 0 2 2 2 2 2 2 2 2 0 2 2 2 2 2 2 2 2 2 2 2 2 2 0 2 2 2 0 2 2 2 2 2 2 2 2 2 2 2 2 2 2 2 0 2 2 2 2 0 2 2 0 2 0 2 2 2 2 2 2 2 2 2 2 2 0 2 2 2 2 0 2 2 2 2 2 0 2 2 2 1 2 2 2 2 2 2 2 2 2 2 2 2 2 2 2 2 2 2 2 2 2 2 2 2 2 2 2 0 2 2 0 2 2 2 2 2 2 2 2 2 2 1 2 2 2 2 2 2 2 2 2 2 2 2 2 2 2 2 0 2 2 2 2 2 0 2 2 2 1 2 2 0 2 0 2 2 2 2 2 2 2 0 2 0 2 2 2 2 0 2 2 0 2 2 2 2
1129 2 2 2 2 2 2 2 2 2 2 2 2 2 2 2 2 0 2 0 2 2 2 2 2 2 2 2 2 2 0 2 2 2 2 2 1 2 2 2 2 0 2 2 2 2 2 2 2 2 2 2 2 2 2 2 2 2 2 2 2 2 2 2 2 2 2 2 2 2 2 2 2 2 2 0 0 2 2 2 2 2 2 2 2 2 2 2 0 2 2 0 2 0 2 2 2 2 2 2 2 0 2 2 2 2 0 2 2 2 2 0 2 0 2 2 2 2 2 2 2 2 2 2 2 2 2 2 0 2 2 0 2 0 2 2 2 2 2 2 2 2 2 2 2 2 2 2 2 2 0 2 2 2 0 2 2 2 2 2 2 2 2 2 0 2 2 2 2 2 2 2 2 2 2 2 2 2 0 2 2 2 0 2 2 2 2 2 2 0 2 2 2 0 0 0 2 2 0 2 2 0 0 2 2 2 2 2 2 2 2 2 2 2 2 2 2 2 2 2 2 2 2 2 2 2 2 2 0 2 2 2 2 2 0 2 2 0 2 2 2 2 2 2 2 0
1130 2 0 2 2 0 2 2 2 2 2 2 2 0 2 2 2 2 2 2 2 2 2 0 2 2 2 2 2 2 2 2 2 2 2 2 2 2 0 2 2 2 2 2 2 2 2 2 2 2 2 2 2 2 2 0 0 2 0 2 2 2 2 2 2 2 1 0 2 2 0 2 2 2 2 2 2 2 2 0 2 2 2 2 2 2 2 2 2 2 2 2 2 2 2 2 2 2 2 2 2 2 2 0 2 2 2 2 0 2 0 2 2 2 2 2 2 2 2 0 2 2 2 2 2 2 2 2 2 2 2 2 2 2 2 2 2 2 2 2 2 2 2 2 2 2 2 2 2 2 2 0 2 2 2 0 2 2 2 2 2 2 2 2 2 2 2 2 2 2 2 2 2 2 2 2 0 2 2 2 2 2 2 1 2 2 2 0 2 2 2 2 2 2 2 2 2 0 2 2 2 2 2 2 2 2 2 2 2 2 2 2 2 2 2 2 2 2 2 2 2 2 2 2 2 2 2 2 2 2 2 2 2 2 2 2 2 2 2 0 2 2 2 2 2 2
1131 0 0 0 2 0 0 2 2 0 0 0 0 0 0 2 2 2 0 2 0 2 2 0 0 2 0 2 2 0 2 0 2 0 2 2 2 0 0 0 2 0 0 0 2 0 0 0 0 2 0 2 0 2 0 0 0 2 0 0 0 0 0 2 0 0 0 0 0 0 0 0 2 2 2 2 2 0 0 0 2 2 2 0 2 2 2 0 0 2 2 2 0 2 2 0 0 2 2 2 0 2 2 0 0 0 0 2 0 0 0 2 0 2 0 0 2 0 2 0 0 2 0 2 2 2 2 2 2 2 2 2 2 2 0 2 2 0 0 0 2 0 2 2 2 0 2 0 2 1 0 0 0 0 2 0 0 2 0 2 0 2 2 2 2 2 2 2 1 0 0 2 2 2 2 2 0 0 2 0 0 0 2 2 2 2 2 0 2 2 0 0 2 0 2 2 2 0 0 2 0 2 2 0 2 2 0 2 0 0 2 2 2 0 0 2 2 0 1 2 0 0 2 0 2 2 0 2 2 2 0 0 2 0 2 2 2 2 0 0 2 0 0 0 2 2
1132 2 2 2 2 2 2 2 2 0 2 2 2 2 2 2 2 2 2 2 2 0 2 2 2 2 2 2 2 2 2 0 2 2 2 2 2 2 2 2 2 2 2 0 2 2 2 2 2 0 2 0 2 2 2 2 2 0 2 2 0 2 2 2 2 2 2 2 2 2 2 2 2 2 2 2 2 2 2 2 2 2 2 2 2 2 0 2 2 2 2 2 2 2 2 2 2 2 2 2 2 2 2 2 0 2 2 2 2 2 2 2 2 2 2 0 0 2 2 2 2 2 2 2 2 2 2 2 2 2 2 2 2 2 2 2 2 2 2 2 2 2 2 0 2 2 0 2 2 2 2 2 2 0 2 2 2 2 0 2 2 2 0 2 2 2 2 2 0 2 2 0 0 2 2 2 2 2 2 2 2 2 2 0 2 2 2 2 2 2 2 2 2 2 2 2 0 2 2 2 2 2 2 0 2 2 2 2 2 2 2 2 2 2 2 2 2 0 1 2 0 2 2 2 2 0 2 2 2 2 2 2 2 2 2 2 2 2 2 2 2 2 2 2 2 2
1133 2 2 2 2 2 2 2 2 2 2 2 2 2 2 2 2 2 2 2 2 2 2 2 2 2 2 0 2 2 2 2 2 2 2 2 1 2 2 2 2 2 2 2 2 2 2 2 2 2 2 2 2 2 2 2 2 2 2 2 2 2 2 2 2 2 2 2 2 2 2 2 2 2 2 2 2 2 2 2 2 2 2 2 2 2 2 2 2 2 2 0 2 0 2 2 2 2 2 2 2 0 2 2 2 2 2 2 2 2 2 2 2 2 2 2 2 2 2 0 2 2 2 2 2 2 2 2 2 0 2 2 2 2 2 2 0 2 2 2 2 2 2 2 2 2 2 2 0 2 2 2 2 2 2 2 2 2 2 2 2 2 2 2 2 0 0 0 2 2 2 2 2 2 1 0 2 2 2 2 2 2 0 2 0 2 2 2 2 2 2 2 2 2 2 2 2 2 2 0 2 2 2 2 2 2 2 2 2 2 2 2 2 2 2 2 2 2 2 2 2 2 2 2 2 2 2 2 2 2 2 2 2 2 2 2 2 2 2 0 0 2 2 2 2 2
1134 2 2 2 2 2 2 2 2 2 2 2 2 2 2 2 2 0 2 2 2 2 2 2 2 2 2 2 2 2 2 2 2 2 2 2 2 2 2 2 2 0 2 2 2 2 2 2 2 2 2 2 2 2 2 2 2 2 2 2 2 2 2 2 2 2 2 2 2 2 2 2 2 2 2 0 2 2 2 2 2 0 0 2 2 2 2 2 2 2 2 2 2 2 2 2 2 2 2 2 2 2 0 2 2 2 2 0 2 0 2 2 2 2 2 2 2 2 2 2 2 2 2 2 2 2 2 2 0 2 2 2 2 2 2 2 2 2 0 2 0 2 2 2 2 0 2 2 2 2 2 2 2 2 0 2 2 2 2 2 2 2 2 2 0 2 2 2 2 2 2 2 0 0 2 2 2 2 0 2 2 2 2 2 2 2 2 2 2 0 2 2 0 2 2 0 2 2 2 2 2 2 0 2 2 2 0 2 2 2 2 2 2 2 0 2 2 2 1 2 2 0 2 2 2 2 2 0 2 2 2 2 2 2 0 2 2 2 2 2 2 2 0 2 0 0
1135 2 0 0 0 0 0 0 0 0 2 0 0 0 0 2 0 0 0 2 0 0 0 0 0 0 0 0 0 0 2 0 0 0 0 0 0 0 0 0 0 0 0 0 0 2 0 0 2 0 0 0 0 0 0 0 0 0 0 0 0 0 0 0 0 0 0 0 0 0 0 0 0 0 0 0 2 0 0 0 2 0 2 0 0 0 0 0 0 0 0 0 0 0 0 0 0 0 0 0 0 0 0 0 0 0 0 0 0 0 0 0 0 0 2 0 0 0 0 0 0 2 0 0 0 0 0 0 0 0 0 0 0 0 0 0 0 0 0 2 0 2 0 0 0 2 0 0 0 1 0 0 0 0 0 0 0 0 2 0 2 0 0 0 0 0 0 0 0 0 2 0 2 0 0 0 0 2 0 2 0 0 0 2 0 0 0 0 0 0 2 1 0 0 2 0 0 0 0 0 0 0 0 2 0 0 0 0 2 0 0 0 0 0 2 0 0 2 0 0 0 2 0 0 0 0 0 0 0 0 0 2 0 0 0 0 0 0 0 0 0 0 0 0 0 0
1136 2 0 2 2 0 2 2 2 2 2 2 2 0 2 0 0 2 2 2 2 2 2 2 2 2 2 2 2 2 2 2 2 2 2 2 1 0 0 2 2 2 2 2 2 2 2 2 2 2 2 2 2 2 2 2 2 2 0 2 2 2 2 2 2 2 0 0 2 2 2 2 2 2 2 2 2 2 2 0 2 2 2 2 2 2 2 2 0 2 2 2 2 2 2 2 2 2 2 2 2 2 2 0 2 2 2 2 0 2 2 0 2 2 2 2 2 2 2 2 2 0 2 2 2 2 2 2 2 2 2 2 0 2 2 2 2 2 2 2 2 2 2 2 0 2 2 2 2 1 2 2 2 2 2 2 2 2 0 0 2 2 2 2 2 2 2 2 2 2 2 2 2 2 2 2 0 2 2 2 2 2 2 2 2 2 2 0 2 2 2 2 2 0 2 2 2 2 2 2 2 2 2 0 2 2 2 2 0 2 2 2 0 2 2 2 2 0 2 2 2 2 2 2 2 2 2 2 2 2 2 0 2 2 2 0 2 2 2 2 2 2 2 0 2 2
1137 2 2 2 2 2 2 2 2 2 2 2 2 2 2 2 2 2 2 2 2 2 2 2 2 2 2 2 2 2 2 2 2 2 2 2 2 2 2 2 2 2 2 2 2 2 2 2 2 2 2 2 2 2 2 2 2 2 2 2 2 2 2 2 2 2 2 2 2 0 2 2 2 2 2 2 2 2 2 2 0 2 0 2 2 2 2 2 2 2 2 2 2 2 2 2 2 2 2 2 2 2 2 2 0 0 2 2 2 2 2 2 2 2 2 2 0 2 2 2 2 2 2 2 2 2 2 2 2 2 2 0 2 2 2 2 2 2 0 2 2 2 0 2 2 2 2 2 2 2 0 2 2 2 2 2 2 2 2 2 2 2 2 2 2 2 2 2 2 2 2 2 2 2 2 2 2 2 2 2 2 2 2 2 2 2 2 2 2 2 2 2 2 2 0 2 2 2 2 2 0 2 2 2 2 2 0 2 2 2 2 2 2 2 2 2 2 2 2 2 2 2 2 2 2 2 2 2 2 2 2 2 2 2 2 2 2 2 2 2 2 2 2 2 2 2
1138 2 2 0 2 2 2 2 2 2 2 2 2 2 2 2 2 0 2 2 2 2 2 2 2 2 2 2 2 2 2 2 2 2 2 2 2 2 2 2 2 2 2 2 2 2 0 2 2 2 0 2 2 2 2 2 2 2 2 0 2 2 2 2 0 2 2 2 2 2 2 2 2 2 2 0 2 0 2 2 2 0 2 2 2 2 2 0 2 2 2 2 2 2 2 2 2 2 2 2 0 0 0 2 2 2 2 0 2 0 2 2 2 2 2 2 2 2 2 2 2 2 2 2 2 2 2 2 0 2 2 0 2 2 2 2 2 2 2 2 2 2 2 2 2 2 2 2 2 2 2 2 2 2 0 2 2 2 2 2 2 2 2 2 0 2 2 2 1 2 2 2 0 2 2 2 2 2 0 2 2 2 2 2 2 2 2 2 2 0 2 2 0 2 2 0 2 2 2 2 2 2 2 2 2 2 2 2 2 2 2 2 2 0 2 2 0 2 2 2 0 2 2 2 2 2 2 0 0 2 2 2 2 2 0 2 2 2 2 2 2 2 0 2 0 2
1139 2 2 2 2 0 0 0 2 2 2 2 2 0 2 2 2 0 0 2 2 2 2 2 2 0 2 2 2 0 2 0 2 2 0 0 2 0 2 2 2 2 2 0 2 2 2 0 2 2 2 2 2 2 2 2 2 2 2 2 2 2 2 0 2 2 0 2 2 2 0 2 2 2 2 0 2 2 2 2 2 0 2 2 2 2 2 2 0 0 0 0 2 2 2 2 2 0 0 2 2 0 0 2 2 2 2 0 2 0 2 2 2 2 2 2 2 0 2 0 2 0 2 2 2 2 0 2 0 2 0 2 2 0 2 0 2 2 2 0 0 2 2 2 2 2 2 2 2 1 2 2 0 2 0 0 2 2 0 2 2 0 2 0 0 0 0 2 1 0 2 2 0 0 2 2 2 0 0 2 2 2 2 2 2 2 2 2 0 0 2 2 0 0 2 0 2 2 0 2 0 0 0 0 0 0 2 0 2 0 2 0 2 2 2 2 2 0 1 2 2 2 0 2 2 2 2 0 0 0 0 2 0 2 0 2 2 0 2 0 2 0 0 2 0 2
1140 2 2 2 2 2 2 0 0 2 2 2 2 2 2 2 2 2 2 2 2 2 2 2 2 2 2 2 2 2 2 2 2 2 2 2 2 0 2 2 2 2 2 2 2 2 2 2 2 2 2 2 2 0 2 2 2 2 2 2 2 2 2 2 2 2 2 2 2 2 2 2 2 2 0 2 2 2 2 2 2 2 2 2 2 2 2 2 0 2 2 2 2 2 2 2 2 2 2 0 2 0 2 2 2 2 2 2 2 2 0 2 2 2 2 2 2 2 2 2 2 2 2 2 2 2 0 2 2 2 2 2 2 2 2 2 2 2 2 2 2 2 2 2 2 2 2 2 0 2 2 2 2 2 2 2 0 2 2 2 2 2 2 2 2 2 2 2 2 2 2 2 2 2 2 2 2 2 2 2 2 2 2 2 2 2 2 2 2 2 2 2 2 0 2 2 0 2 2 2 2 2 2 2 2 2 2 2 2 2 0 2 2 2 2 2 2 2 2 2 2 2 2 2 2 2 2 2 2 2 2 2 2 2 2 2 2 2 2 2 2 2 2 2 2 2
1141 0 0 2 2 0 2 2 2 2 0 2 0 0 0 2 0 2 2 0 0 2 2 0 0 0 2 2 2 2 0 0 2 0 2 2 2 2 0 2 2 2 0 2 2 0 2 2 0 2 2 2 2 2 2 0 0 2 0 2 2 0 0 2 2 2 0 0 0 2 2 2 2 2 2 2 0 2 0 2 2 2 2 2 0 2 2 2 2 2 2 2 2 2 2 2 0 0 2 2 2 2 2 0 2 2 2 2 2 2 0 2 2 2 0 2 2 2 2 0 0 0 2 0 2 2 2 0 2 2 2 2 2 2 0 2 2 2 2 0 2 0 2 2 2 2 2 2 2 1 2 2 2 2 2 2 2 2 0 2 0 2 2 0 2 2 2 2 1 2 0 2 2 2 2 2 2 0 2 0 0 2 2 2 2 2 2 2 2 2 0 1 2 2 2 2 2 2 2 2 2 2 2 0 0 2 2 2 2 2 2 2 2 2 2 2 2 0 2 2 2 2 2 0 0 2 2 2 2 2 2 2 2 0 2 2 0 2 0 0 2 2 2 2 2 2
1142 2 2 0 2 2 2 2 2 0 2 2 2 2 2 2 2 2 2 2 2 2 2 2 2 2 2 2 2 2 2 2 2 2 2 2 2 2 2 2 2 2 2 2 2 2 0 2 2 0 2 2 2 0 2 2 2 2 2 0 2 2 2 2 2 2 2 2 2 2 2 2 2 2 0 2 2 0 2 2 2 2 2 2 2 2 2 0 2 2 2 2 2 2 2 2 2 2 2 2 0 0 2 2 2 2 2 2 2 2 2 2 2 2 2 2 2 2 2 2 2 2 2 0 2 2 2 2 2 2 2 2 2 2 2 2 2 2 2 2 2 2 0 2 2 2 2 2 2 2 2 2 2 2 0 2 2 2 2 2 2 2 0 2 2 2 2 0 2 2 2 2 0 2 2 0 2 2 0 2 2 2 2 2 2 2 2 2 2 0 2 2 2 2 2 2 2 2 2 2 2 2 2 2 2 2 2 2 2 2 2 2 2 0 2 2 2 2 2 2 2 2 2 2 2 2 2 2 2 2 2 2 2 2 2 2 2 0 2 2 2 2 2 2 2 2
1143 2 2 0 2 2 2 2 2 0 2 0 2 2 2 2 2 2 0 2 0 0 2 2 2 2 2 2 2 0 2 0 2 0 2 2 2 2 2 0 0 0 0 2 2 2 0 2 2 0 2 2 2 2 2 2 2 2 2 0 0 2 2 2 2 2 2 2 2 2 2 2 0 2 2 2 2 0 2 2 2 2 2 2 2 2 2 0 2 2 2 2 0 2 2 2 0 2 2 2 0 2 2 2 0 2 2 2 2 2 2 2 2 2 2 2 0 2 2 2 0 2 0 0 2 2 2 0 2 2 2 2 2 2 0 2 2 2 2 2 2 2 2 2 2 2 2 2 2 2 2 2 2 2 2 2 2 2 2 2 0 2 2 2 2 2 2 2 1 2 0 2 2 2 2 2 2 2 2 0 2 2 2 2 2 2 2 2 2 2 0 1 2 2 2 2 2 2 2 2 2 2 2 2 2 2 2 2 2 2 2 2 2 0 2 2 2 2 2 2 0 2 2 2 2 2 2 2 2 2 2 2 2 2 2 2 2 2 2 2 2 2 2 2 2 2
1144 0 2 2 2 2 2 2 2 2 0 2 2 2 0 0 0 2 2 0 2 2 2 2 0 2 0 2 2 2 0 2 2 0 2 2 2 2 2 2 2 2 0 2 2 0 2 2 0 2 2 2 0 2 2 2 2 2 2 2 2 2 0 2 2 2 2 2 2 2 2 2 2 2 2 2 0 2 2 2 2 0 2 2 2 2 2 2 2 2 2 2 2 2 2 2 0 2 2 2 2 0 0 2 2 2 2 0 2 2 0 2 2 2 0 2 2 2 2 2 0 2 2 0 2 2 2 2 2 2 0 2 2 2 0 2 2 0 2 2 2 0 0 2 2 2 2 0 2 2 2 2 2 2 0 2 2 2 2 1 2 2 0 2 0 2 2 2 2 2 2 2 0 2 2 2 0 2 0 2 0 0 2 2 2 2 2 0 0 0 2 2 2 2 2 2 2 2 2 2 2 2 2 2 2 2 2 2 2 2 2 2 2 2 2 0 2 2 0 2 2 2 0 2 2 2 2 2 0 2 2 2 0 0 0 2 2 2 0 2 2 2 2 2 0 2
1145 2 2 2 2 2 0 2 0 2 2 2 2 2 2 2 2 2 2 2 2 2 2 2 2 2 2 2 2 2 2 2 2 2 2 2 2 2 2 2 2 2 2 2 2 2 2 2 2 2 2 2 2 2 0 2 2 0 2 2 2 2 2 2 2 2 2 2 2 2 2 2 2 2 2 2 2 2 2 2 2 2 0 2 2 2 2 2 2 2 2 2 2 2 2 2 2 2 2 0 2 2 2 2 2 0 2 2 2 2 2 2 2 2 2 2 2 0 2 2 2 2 2 2 2 2 2 2 2 2 2 2 2 2 2 2 2 2 2 2 2 2 2 2 2 2 2 2 2 1 2 2 2 2 2 2 2 2 2 2 2 0 2 2 2 2 2 2 2 2 2 2 2 2 2 2 2 2 2 2 2 0 2 2 2 2 2 2 2 2 2 2 2 2 2 0 2 2 2 2 2 2 2 2 2 2 2 2 2 2 2 2 2 2 2 2 2 2 2 2 2 2 2 2 2 2 2 2 2 2 0 2 2 2 2 2 0 2 2 2 2 0 0 2 2 2
1146 0 0 0 0 0 0 0 0 0 0 0 0 0 0 2 2 2 0 0 0 0 0 0 0 0 2 2 0 0 0 0 0 0 0 2 1 0 0 0 0 0 0 0 0 0 0 0 0 0 0 0 0 2 0 0 0 0 0 0 0 0 0 0 2 0 0 0 0 0 0 0 0 0 2 2 0 0 0 0 0 2 0 0 0 0 2 0 0 0 2 2 0 0 0 0 0 0 0 0 0 2 2 0 0 0 0 2 0 0 0 0 0 2 0 0 0 0 0 0 0 0 0 0 0 2 0 0 0 2 0 2 0 0 0 0 2 2 0 2 2 0 2 2 0 0 0 0 2 1 0 0 0 0 2 0 2 0 2 1 0 0 0 0 2 2 2 2 0 0 0 2 2 2 0 2 0 2 2 0 0 0 0 0 2 0 0 0 0 2 0 0 2 0 0 2 2 0 0 0 0 0 2 2 0 0 0 0 0 0 0 0 2 0 0 0 0 2 2 0 0 0 2 0 0 2 0 2 2 0 0 2 2 0 2 2 0 0 0 0 0 0 2 0 2 2
1147 2 2 0 2 2 2 2 0 0 2 0 2 2 2 2 0 2 0 2 0 0 2 2 2 2 2 2 2 0 2 0 2 2 2 0 2 2 2 2 0 2 2 2 2 2 0 2 2 0 0 2 2 2 2 2 2 2 2 0 0 2 2 2 2 2 2 2 2 0 2 2 0 2 2 2 2 0 2 2 0 2 0 2 2 2 2 0 2 2 0 0 2 2 2 2 2 2 0 0 0 0 2 2 0 2 0 0 2 2 2 2 2 2 2 0 2 2 2 2 2 2 0 2 2 2 2 2 2 0 0 2 2 2 2 0 2 2 2 2 2 2 0 2 2 2 2 2 2 2 0 2 2 2 0 2 2 2 2 2 2 0 0 2 2 2 2 2 2 2 2 2 2 2 0 2 0 2 0 2 2 2 0 2 2 0 2 0 0 2 2 2 2 2 0 0 2 2 2 2 2 0 2 2 2 0 2 2 2 2 0 0 2 0 2 2 2 2 0 2 2 2 0 2 2 2 2 2 2 2 0 2 0 2 2 2 2 0 2 2 2 2 2 2 0 0
1148 0 0 0 0 2 0 0 0 0 0 0 0 2 0 2 0 0 0 0 0 0 0 2 0 0 0 0 0 0 0 0 0 0 0 0 0 0 0 0 0 0 0 0 0 0 0 0 0 0 0 0 0 0 0 2 2 0 0 0 0 0 0 0 0 0 2 0 0 0 0 0 0 2 0 0 0 0 0 0 0 0 0 0 2 0 0 0 2 0 0 0 0 0 0 0 0 0 0 0 0 0 0 0 0 0 0 0 0 0 0 2 2 0 0 0 0 0 0 0 0 0 0 0 0 0 0 0 0 0 0 2 0 0 0 0 0 0 0 2 0 0 0 0 2 0 0 0 0 1 0 0 0 0 0 2 0 0 0 2 0 0 2 0 0 0 0 0 0 0 0 0 2 0 0 0 0 2 0 0 0 0 0 0 0 0 0 0 0 0 0 0 0 2 0 0 0 0 2 0 0 0 0 0 0 0 0 0 0 0 0 0 0 0 0 0 0 0 0 0 0 0 0 0 0 0 0 0 0 0 0 0 0 0 0 0 0 0 0 0 0 0 0 0 0 0
1149 2 2 2 0 2 2 2 0 2 2 2 0 2 2 2 2 2 2 2 2 2 0 2 2 2 2 2 0 2 2 2 0 2 2 2 2 2 2 2 2 2 2 2 2 2 2 2 2 2 2 2 2 2 2 2 2 2 2 2 2 2 2 2 2 2 2 2 2 2 2 2 2 2 2 2 2 2 0 2 2 2 0 2 2 2 2 2 2 2 2 2 2 2 2 2 2 2 2 0 2 2 2 2 2 2 2 2 2 2 2 2 2 2 2 2 2 2 2 2 2 2 2 2 2 2 2 2 2 2 2 2 2 2 2 2 2 2 2 2 2 2 2 2 2 2 2 2 2 2 2 2 2 2 2 2 2 2 2 2 2 0 2 2 2 2 2 2 2 2 2 2 2 2 0 2 2 2 2 2 2 2 2 2 2 0 2 2 2 2 2 2 2 2 2 2 2 2 2 2 2 2 2 2 2 2 2 2 2 2 2 0 2 2 2 2 2 2 2 2 2 2 2 2 2 2 2 2 2 2 0 2 2 2 2 2 0 2 2 2 2 2 2 2 2 2
1150 2 2 2 2 0 2 2 2 2 2 2 2 0 2 2 2 2 2 2 2 2 2 0 2 2 2 2 2 2 2 2 2 2 2 2 1 2 2 2 2 2 2 2 0 2 2 2 2 2 2 2 2 0 2 0 0 2 2 2 2 2 2 2 2 2 0 2 2 2 2 2 2 0 0 2 2 2 2 2 2 0 2 2 0 2 2 2 0 2 2 0 2 2 2 2 2 0 2 2 2 0 2 2 2 2 2 0 2 2 0 0 0 2 2 2 2 2 2 2 2 0 2 2 0 2 2 2 0 0 2 2 0 0 2 2 2 0 2 2 2 2 0 2 2 2 2 2 2 1 2 2 2 2 2 0 2 2 2 2 2 2 0 0 0 2 0 2 2 2 2 2 2 2 2 2 2 2 2 2 2 0 0 2 2 2 2 2 2 2 0 1 0 0 2 0 2 2 2 2 2 0 2 2 2 2 2 2 2 2 0 2 2 2 2 2 2 2 1 2 2 2 0 2 0 2 2 0 0 2 2 2 2 2 0 2 2 0 2 2 2 2 2 2 0 2
1151 0 0 0 0 0 0 0 0 0 0 0 0 0 0 0 0 0 0 0 0 0 0 0 0 2 0 0 0 0 0 0 0 0 2 0 0 0 0 0 0 0 0 0 0 0 0 0 0 0 0 0 0 2 0 0 0 0 0 0 0 0 0 0 0 0 0 0 0 0 0 0 0 2 2 0 0 0 0 2 0 0 0 0 2 0 0 0 2 0 0 0 0 0 0 0 0 0 0 0 0 0 0 0 0 0 0 0 2 0 0 0 0 0 0 0 0 0 0 0 0 0 0 0 0 0 0 0 0 0 0 0 0 0 0 0 0 0 0 2 0 0 0 0 0 0 0 0 0 0 0 0 0 0 0 2 0 0 0 0 0 0 0 0 0 0 0 0 0 0 0 0 2 0 0 0 0 2 0 0 0 0 0 0 0 0 0 0 0 0 0 0 0 2 0 0 0 2 2 0 0 0 0 0 2 0 0 0 0 0 0 0 0 0 0 2 0 0 1 0 0 0 2 0 0 0 0 0 0 2 0 0 0 0 0 0 0 0 0 0 0 0 0 0 0 0
1152 2 2 2 2 2 2 2 2 2 2 2 2 2 2 2 2 2 2 2 2 2 2 2 2 2 2 2 2 2 2 2 2 2 2 2 1 2 2 2 2 2 2 2 0 2 2 2 2 2 2 2 2 2 2 2 2 2 2 2 2 2 2 2 2 2 2 2 2 2 2 0 2 2 2 2 2 2 2 2 2 2 2 2 2 0 2 2 2 2 2 2 2 2 2 2 2 0 2 2 2 2 2 2 2 2 2 2 2 2 2 2 2 2 2 2 2 2 2 2 2 0 2 2 0 2 2 2 2 2 2 2 2 2 2 2 2 2 2 2 2 2 2 2 2 2 2 2 2 1 2 2 0 2 2 2 2 0 2 2 2 2 2 0 2 2 2 2 1 2 2 2 2 2 0 2 2 2 2 2 2 0 2 2 2 0 2 2 2 2 2 2 2 2 2 2 2 2 2 2 2 2 2 2 2 2 2 2 2 2 2 0 2 2 2 2 2 2 2 2 2 2 2 2 2 2 2 2 2 2 2 0 2 2 2 2 0 2 2 2 2 2 2 2 2 2
1153 2 2 2 2 2 2 2 2 2 2 2 2 2 0 2 2 2 2 0 2 2 2 0 0 2 2 2 2 2 0 2 2 2 2 2 2 2 2 2 2 2 2 2 2 2 2 2 2 2 2 2 2 2 2 0 0 2 2 2 2 2 0 2 2 2 2 2 2 2 0 2 2 2 2 2 0 2 2 2 2 2 2 2 2 2 2 2 0 2 2 0 2 2 2 2 2 2 2 2 2 2 2 2 2 2 2 2 2 2 2 2 2 2 2 2 2 2 2 2 2 2 2 2 2 0 2 2 2 2 2 2 2 2 2 2 2 2 2 0 2 2 2 2 2 2 0 2 2 2 2 2 1 2 2 2 2 2 2 2 2 2 2 2 2 0 2 2 2 2 2 0 2 2 2 2 0 0 2 2 0 2 2 2 2 2 2 2 2 2 0 0 2 0 2 2 2 2 2 2 2 2 2 2 2 2 2 2 2 2 2 2 2 2 2 2 2 2 2 2 2 2 2 2 2 0 2 2 2 2 2 2 2 0 2 2 2 2 0 2 2 2 2 2 2 2
1154 0 0 2 2 2 0 2 2 2 0 0 2 2 2 0 0 0 0 0 0 2 2 0 2 2 0 2 2 0 0 2 2 0 2 0 2 2 0 0 2 2 0 0 2 0 2 0 0 2 0 2 0 0 2 0 0 2 0 2 2 2 2 0 0 2 2 0 0 0 0 0 2 0 0 0 0 2 2 0 2 2 2 0 2 0 2 2 2 2 0 2 0 0 0 0 0 2 2 2 2 2 0 0 2 2 2 0 0 0 0 2 0 0 0 2 2 0 0 2 0 2 0 2 2 2 2 2 2 2 0 2 0 0 0 0 2 0 2 2 0 0 0 2 0 0 0 0 2 1 2 2 0 0 2 2 2 0 0 0 0 0 2 2 0 2 0 2 1 0 0 2 0 0 0 2 0 2 2 0 2 2 2 2 2 0 0 0 0 2 2 2 2 2 2 0 2 0 2 2 0 2 0 0 2 0 0 2 2 0 2 0 0 2 0 0 0 0 1 2 0 0 0 0 0 2 0 2 2 0 2 0 0 2 0 0 2 2 2 2 2 0 0 2 2 0
1155 0 2 0 0 0 0 0 0 0 0 0 0 0 0 0 0 0 0 0 0 0 0 0 0 0 0 0 0 0 0 0 0 0 0 0 0 0 2 0 0 0 0 0 0 0 0 0 0 0 0 0 0 2 0 0 0 0 2 0 0 0 0 0 0 0 0 2 0 0 0 0 0 0 2 0 0 0 0 0 0 0 2 0 0 0 0 0 0 0 0 0 0 0 0 0 0 0 0 0 0 2 2 2 0 0 0 0 0 0 0 0 0 0 0 0 0 0 0 0 0 0 0 0 0 0 0 0 0 2 0 0 0 0 0 0 0 2 0 0 0 0 0 0 0 0 2 0 0 0 0 0 2 0 2 0 2 2 2 0 0 0 0 0 2 0 0 0 0 0 0 0 0 0 0 0 0 0 2 0 0 2 0 0 0 0 2 0 0 0 0 0 2 0 0 2 0 0 0 0 0 0 0 2 0 0 0 0 0 0 0 0 0 0 0 0 0 2 0 0 0 0 0 0 0 0 0 2 0 0 0 0 0 0 0 0 0 0 0 0 0 0 0 0 0 2
1156 2 2 2 2 2 2 2 0 2 2 2 2 2 2 2 2 2 2 0 2 2 2 2 2 2 2 2 2 2 0 2 2 0 0 2 2 0 2 2 2 2 0 2 2 2 2 2 2 2 2 2 2 2 2 2 2 2 2 2 2 2 2 2 2 2 2 2 2 2 0 2 2 2 2 2 0 2 2 0 2 2 2 2 0 2 2 2 2 0 2 2 2 2 0 2 0 2 2 0 2 2 0 2 2 2 2 2 0 2 2 2 2 2 2 2 2 2 2 0 0 2 2 0 2 0 2 2 2 2 2 2 2 0 0 2 2 2 2 2 2 2 2 2 2 2 2 2 2 2 2 0 2 2 2 0 2 2 2 2 2 2 2 2 2 2 2 0 2 2 2 2 2 2 2 0 2 2 2 2 2 2 2 2 2 2 2 2 2 2 2 2 2 2 2 2 2 0 0 2 2 2 2 2 0 2 2 0 2 2 2 2 2 2 2 0 2 2 2 0 2 2 2 2 2 2 2 2 2 2 0 2 2 2 2 2 2 2 2 0 2 2 2 2 2 2
1157 2 2 2 0 2 2 2 0 2 2 2 0 2 2 2 2 0 2 2 2 2 0 2 2 2 2 2 0 2 2 2 0 2 2 2 2 2 2 2 2 2 2 0 2 2 2 0 2 2 2 0 2 2 0 2 2 2 2 2 2 0 2 2 2 2 2 2 2 2 2 2 2 0 2 0 2 2 0 2 0 2 2 2 2 2 2 2 2 2 2 2 2 2 2 2 2 2 2 0 2 2 2 2 2 2 2 2 2 0 2 2 2 2 2 2 2 2 0 2 2 2 2 2 2 2 2 2 0 2 2 2 2 2 2 2 2 2 2 2 0 2 2 2 2 0 2 2 2 2 2 2 2 2 0 2 2 2 2 2 2 2 0 2 0 2 2 2 2 2 2 0 2 0 0 2 2 2 0 2 2 2 0 2 2 0 2 2 2 2 2 2 2 2 0 2 2 2 2 0 2 2 0 2 2 2 0 2 0 0 2 2 2 2 0 2 2 2 2 2 2 0 2 2 2 0 2 2 2 2 0 0 2 2 2 2 2 2 2 2 0 2 0 2 2 2
1158 2 2 2 0 2 2 2 2 2 2 2 0 2 2 2 2 2 2 2 2 2 0 2 2 2 2 2 0 2 2 2 0 2 2 2 2 2 2 2 2 2 2 2 2 2 2 2 2 2 2 0 2 2 2 2 2 2 2 2 2 0 2 2 0 0 2 2 0 2 2 2 2 2 2 2 2 2 0 2 2 2 0 2 2 2 2 2 2 2 2 2 2 2 2 2 2 2 2 2 2 2 2 2 2 2 2 2 2 2 2 2 2 2 2 2 0 2 2 2 2 2 2 0 2 2 2 0 2 2 2 0 2 2 2 2 2 2 2 2 2 2 2 2 2 0 2 2 2 2 2 2 2 2 2 2 2 2 2 2 0 0 2 2 2 2 2 2 1 2 0 2 2 2 2 2 2 2 2 0 2 2 2 2 2 2 2 2 2 2 2 2 2 2 2 2 2 2 2 2 2 2 2 2 2 2 2 2 2 2 2 2 2 2 0 2 0 2 2 2 0 0 2 0 2 2 2 2 2 2 2 2 2 2 2 2 0 2 2 2 2 2 2 2 2 2
1159 2 0 2 2 0 0 2 0 2 2 2 2 0 2 0 2 2 2 2 2 2 2 2 2 2 0 2 2 2 2 0 2 2 0 2 1 2 0 2 2 0 2 2 2 2 2 0 2 2 2 2 2 2 2 2 2 2 0 2 2 2 2 2 0 2 0 0 2 0 0 2 2 0 2 2 2 2 2 0 2 0 0 0 2 2 2 2 2 2 2 2 2 0 0 2 2 2 2 0 2 0 2 0 2 2 2 0 0 0 2 0 2 2 2 0 0 0 2 0 2 0 2 2 2 0 2 2 0 0 0 2 2 0 2 0 2 0 0 2 2 2 0 2 2 2 2 2 0 1 2 2 0 2 2 2 0 0 0 1 2 0 0 2 0 2 0 2 1 0 2 0 0 2 0 2 0 2 2 2 2 2 2 0 2 0 0 0 0 2 2 2 2 2 2 2 2 2 2 0 2 2 2 0 2 0 2 2 0 0 0 0 0 2 2 0 0 0 0 0 0 2 0 2 2 0 0 2 0 2 0 0 2 2 0 0 0 0 2 0 0 0 0 0 0 0
1160 2 0 2 2 0 0 2 2 2 2 2 2 0 2 2 2 2 2 2 2 2 2 0 2 2 0 2 2 2 2 2 2 2 0 2 1 2 0 2 2 2 2 2 2 1 2 2 2 2 2 2 2 2 2 0 0 2 0 2 2 2 2 2 2 2 0 0 2 0 2 2 2 2 2 2 2 2 2 0 2 0 2 0 2 2 2 2 2 2 2 2 2 0 0 2 2 2 2 2 2 0 2 0 2 2 2 0 0 0 2 0 0 2 2 2 2 0 2 2 2 0 2 2 2 2 2 2 0 0 0 2 0 2 2 2 2 0 2 2 2 2 0 2 2 2 2 2 2 1 2 2 0 2 2 2 0 0 0 1 2 2 2 2 2 2 2 2 2 2 2 2 2 2 0 2 2 2 2 2 2 2 2 0 2 2 0 2 0 2 2 2 2 0 2 2 2 2 2 0 2 2 2 0 2 2 2 2 0 2 2 2 0 2 2 0 2 0 2 0 2 2 2 2 2 2 0 2 2 0 2 0 2 2 2 0 2 2 2 2 0 0 0 0 0 0
1161 2 2 2 2 2 2 0 2 2 2 2 2 2 2 2 2 2 2 2 2 2 2 0 2 2 2 2 2 2 2 2 2 2 2 2 2 0 2 2 2 2 2 2 2 2 2 2 2 2 2 2 2 2 2 0 0 2 2 2 2 2 2 0 2 2 2 2 2 2 0 2 2 2 2 2 2 2 2 1 2 2 2 0 0 2 2 2 0 2 2 2 2 0 2 2 2 2 2 2 2 2 2 2 2 2 2 2 0 2 0 2 0 0 2 2 2 2 2 0 2 2 2 2 2 2 0 2 2 2 2 2 0 2 2 2 2 2 2 2 2 2 2 2 2 2 2 2 2 2 2 0 2 2 2 0 2 2 2 2 2 2 2 2 2 2 2 2 2 2 2 2 2 2 2 2 2 2 2 2 2 2 2 2 2 2 2 2 2 2 2 0 2 0 2 2 2 2 0 0 2 2 2 2 0 2 2 2 0 2 2 2 2 2 2 2 2 2 2 2 2 2 2 2 0 2 0 2 2 2 2 0 2 2 2 2 2 2 2 0 0 2 2 2 2 2
1162 2 2 0 2 2 2 2 0 0 2 2 2 2 2 2 2 0 2 2 2 0 2 2 2 2 2 2 2 2 2 2 2 2 2 0 2 2 2 2 2 0 2 2 0 2 0 2 2 0 0 2 0 0 2 2 2 2 2 0 2 2 2 2 2 2 2 2 2 2 2 2 0 2 0 0 2 0 2 2 2 2 2 2 2 0 2 0 2 0 0 2 2 2 0 2 2 2 0 0 0 2 2 2 0 0 0 2 2 2 2 2 2 2 2 2 0 2 0 2 2 2 2 0 0 2 2 2 2 2 2 2 2 0 2 0 2 2 2 2 0 2 0 2 2 2 0 0 0 2 0 2 2 2 2 2 2 0 2 2 2 2 0 2 0 0 0 0 2 2 2 0 2 0 0 0 2 2 2 2 2 0 2 2 2 0 2 2 0 2 2 2 0 2 2 2 2 2 2 2 0 0 0 2 2 0 2 2 2 2 0 0 2 0 2 2 0 2 2 2 2 2 2 2 2 0 2 0 2 2 0 2 2 2 2 2 0 0 2 2 2 2 2 2 2 2
1163 2 2 2 2 2 2 0 2 2 2 2 2 2 2 2 0 2 2 2 2 2 2 0 2 2 2 0 2 2 2 2 2 0 2 2 1 0 2 2 2 2 0 2 2 2 2 2 2 2 2 2 2 2 2 0 0 2 2 2 2 2 2 0 2 2 2 2 2 0 2 2 2 2 2 2 2 2 2 2 2 2 2 2 2 2 0 2 2 2 2 2 2 2 2 2 0 2 2 2 2 2 0 2 2 2 2 0 2 2 2 2 2 2 2 2 2 2 2 2 0 2 2 2 2 2 0 2 2 2 0 2 2 0 0 2 0 2 0 2 2 2 2 0 2 2 2 2 0 2 2 2 2 2 2 2 0 2 2 2 2 2 2 2 0 2 0 2 2 2 2 2 0 2 2 2 0 2 2 2 0 2 2 2 0 2 0 2 2 2 2 2 2 2 2 2 0 2 2 2 2 2 2 2 2 2 2 0 2 2 2 0 0 2 2 0 2 2 2 0 2 2 2 2 2 2 2 2 0 2 2 2 0 0 2 0 0 2 0 2 2 2 2 2 2 0
1164 0 0 2 2 0 2 0 0 2 0 0 2 0 0 0 0 0 2 0 0 0 2 0 0 0 2 0 2 2 0 0 2 2 0 2 0 0 0 0 0 2 2 2 0 0 2 2 0 2 0 2 2 2 2 0 0 2 0 2 0 2 0 0 2 2 0 0 2 0 0 2 0 0 2 0 0 2 2 1 2 0 2 0 2 2 0 2 0 0 2 0 0 0 2 2 2 0 2 0 2 0 2 0 0 0 2 0 2 0 0 0 0 0 0 0 0 2 0 0 2 0 2 0 0 2 0 2 0 0 0 2 0 0 2 0 0 0 0 0 0 0 0 0 0 2 2 2 2 1 2 2 0 2 0 0 0 2 0 0 0 2 2 0 2 0 2 2 1 2 0 2 0 0 0 2 0 0 0 0 0 2 2 0 0 0 0 0 0 0 2 1 2 0 2 0 0 2 2 0 0 0 0 0 0 0 0 0 0 2 2 2 0 2 2 0 2 0 0 0 2 2 0 2 0 2 0 2 0 0 0 0 0 0 0 0 0 2 0 0 0 2 2 0 0 0
1165 2 2 2 2 2 2 2 2 2 2 2 2 2 2 2 2 2 2 2 2 2 2 2 2 2 2 2 2 2 2 2 2 2 2 2 2 2 2 2 2 2 2 2 2 2 2 2 2 2 2 0 2 2 2 2 2 2 2 2 2 0 2 2 0 0 2 2 0 2 2 2 2 2 2 2 2 2 2 2 2 2 0 2 2 2 2 2 2 2 2 2 2 2 2 2 2 2 2 2 2 2 2 2 2 2 2 2 2 2 2 2 2 2 2 2 2 2 2 2 2 2 2 2 2 2 2 2 2 2 2 0 2 2 2 2 2 0 2 2 2 2 0 2 2 2 2 2 2 2 2 2 2 2 2 2 2 2 2 2 0 2 2 2 2 2 2 2 2 2 0 2 2 2 2 2 2 2 2 0 2 2 2 2 2 2 2 2 2 2 2 2 2 2 2 2 2 2 2 2 2 2 2 2 2 2 2 2 2 2 2 2 2 2 2 2 2 2 2 2 2 2 2 0 2 2 2 2 2 2 2 2 2 2 2 2 2 2 2 2 2 2 2 2 2 2
1166 0 2 2 2 2 2 2 2 2 0 2 2 2 2 2 2 2 2 2 2 2 2 2 2 2 2 2 2 2 2 2 2 0 2 2 2 2 2 2 2 2 0 2 2 0 2 2 0 2 2 2 2 2 2 2 2 2 2 2 2 2 2 2 2 2 2 2 2 2 2 2 2 2 2 2 2 2 2 2 2 2 2 2 2 2 2 2 2 2 2 2 2 2 2 2 0 2 2 2 2 2 2 2 2 2 2 2 2 2 2 2 2 2 0 2 2 2 2 2 0 2 2 2 2 2 2 2 2 2 2 2 2 2 0 2 2 2 2 2 2 0 2 2 2 2 2 2 2 2 2 2 2 2 2 2 2 2 2 2 2 2 2 2 2 2 2 2 2 2 2 2 2 2 2 2 2 2 2 2 0 2 2 2 2 2 2 2 2 2 2 2 2 2 2 2 2 2 2 2 2 2 2 2 2 2 2 2 2 2 2 2 2 2 2 2 2 2 2 2 2 2 2 2 2 2 2 2 2 2 2 2 2 0 2 2 2 2 0 2 2 2 2 2 2 2
1167 2 2 2 2 2 2 2 2 2 2 2 2 2 2 2 2 2 2 2 2 2 2 0 2 0 2 2 2 2 2 2 2 2 2 2 2 0 2 2 2 2 2 2 2 2 2 2 2 2 0 2 2 2 2 0 0 2 2 2 2 2 2 0 2 2 2 2 2 2 2 2 2 0 2 2 2 2 2 1 2 2 2 2 0 2 2 2 0 2 2 2 2 2 2 0 2 0 2 2 2 2 2 2 2 2 2 2 2 2 0 2 2 2 2 2 2 2 2 2 2 2 2 0 2 0 2 0 2 2 2 2 2 2 2 2 2 2 2 2 2 2 2 2 0 2 2 2 2 1 2 2 2 2 2 2 2 2 0 1 2 2 2 0 2 2 2 2 1 2 2 2 2 2 2 2 0 2 2 2 2 2 2 2 2 2 0 0 2 2 2 2 2 0 2 2 2 2 2 0 2 2 2 0 0 2 2 0 0 2 2 2 0 2 2 0 2 0 1 0 2 2 2 2 2 2 2 2 2 2 2 2 2 2 0 0 0 0 2 2 0 2 2 2 2 2
1168 2 2 2 2 2 2 2 2 2 2 2 2 2 2 2 2 2 2 2 2 2 2 2 2 2 2 2 2 2 2 2 2 2 2 2 2 2 2 2 2 2 2 2 2 2 2 2 2 2 2 2 2 2 2 2 2 2 2 2 2 2 2 0 2 2 2 2 2 2 2 2 2 2 2 2 2 2 2 2 2 2 2 2 2 2 2 2 2 2 2 2 2 2 2 2 2 2 0 2 2 2 2 2 2 2 0 2 2 2 2 2 2 2 2 2 2 2 2 0 2 2 2 2 2 2 2 2 2 2 2 2 2 2 2 2 2 2 2 2 2 2 2 2 2 2 2 2 2 2 2 2 2 2 2 2 2 0 0 2 2 2 2 2 2 2 2 0 2 2 2 2 2 2 2 0 0 2 2 2 2 2 2 2 2 2 0 0 2 2 2 2 2 2 2 2 2 0 2 2 2 0 2 0 0 2 2 0 2 2 0 2 2 2 2 0 2 0 2 0 2 2 2 2 2 2 2 2 2 0 2 2 2 2 2 2 2 2 2 0 2 2 2 2 2 2
1169 2 0 2 2 0 2 0 2 2 2 2 2 0 2 2 2 2 2 2 2 2 2 0 2 2 2 2 2 2 2 2 2 2 2 2 2 0 0 2 2 2 2 2 2 2 2 2 2 2 2 2 2 2 2 0 0 2 0 2 2 2 2 2 2 2 0 0 2 2 2 2 2 2 2 2 2 2 2 2 2 2 2 0 0 2 2 2 2 2 2 2 2 0 2 2 2 2 2 2 2 2 2 0 2 2 2 2 2 2 2 0 0 2 2 2 2 2 2 0 2 2 2 2 2 0 1 2 2 2 2 2 0 2 2 2 2 2 2 2 2 2 2 2 2 2 2 2 2 2 2 2 2 2 2 0 2 2 2 2 2 2 2 2 2 2 2 2 2 2 2 2 2 2 2 2 0 2 2 2 2 2 2 2 2 2 2 2 2 2 2 1 2 2 2 2 2 2 1 0 2 2 2 2 2 2 2 2 0 2 2 2 2 2 2 2 2 2 2 2 2 2 2 2 0 2 0 2 2 2 2 0 2 2 2 2 2 2 2 0 0 2 2 2 2 2
1170 2 0 2 2 0 2 2 2 2 2 2 0 0 2 2 2 2 2 2 2 2 0 0 2 2 2 2 0 2 2 2 0 2 2 2 2 0 0 2 2 2 2 2 2 2 2 2 2 2 2 2 2 2 2 0 0 2 0 2 2 2 2 2 2 2 0 0 2 2 2 2 2 2 2 2 2 2 0 2 2 2 2 2 2 2 2 2 2 2 2 2 2 2 2 2 2 2 2 2 2 2 2 0 2 2 2 2 2 2 2 0 0 2 2 2 2 2 2 0 2 2 2 2 2 0 2 2 2 2 2 2 2 2 2 2 2 2 2 0 2 2 2 2 2 2 2 2 2 2 2 2 2 2 2 2 2 2 2 2 2 2 2 2 2 2 2 2 2 2 2 2 2 2 2 2 0 0 2 2 2 2 2 2 2 2 2 2 2 2 2 2 2 2 2 2 2 2 2 0 2 2 2 2 2 2 2 2 0 2 2 2 2 2 2 2 2 2 2 2 2 2 2 2 2 2 2 2 2 2 2 0 2 2 2 2 2 2 2 0 0 2 2 2 2 2
1171 0 2 0 2 2 2 0 0 2 0 0 0 2 2 0 0 0 2 0 2 2 0 0 2 0 0 0 0 2 0 2 0 0 0 0 0 0 2 0 2 2 0 2 2 0 0 2 0 0 0 0 2 0 2 0 0 0 2 0 2 0 2 0 0 0 2 2 2 2 0 0 2 2 0 0 0 0 0 2 2 0 0 0 0 2 0 0 2 2 0 0 0 0 0 0 0 2 2 0 0 0 0 2 2 0 2 0 2 2 2 2 2 0 0 2 0 2 2 0 0 0 0 0 2 0 0 0 2 0 0 2 0 0 0 0 0 2 0 0 0 0 0 0 0 0 2 2 2 1 0 0 2 2 0 0 0 0 0 0 2 2 2 2 0 0 2 0 2 2 2 2 2 0 0 0 2 0 0 2 0 0 2 0 0 2 0 0 2 2 2 1 0 2 2 2 0 0 2 0 2 2 0 0 0 0 0 2 0 2 2 2 0 0 0 0 0 0 2 0 2 0 2 2 0 2 0 0 0 0 0 0 0 0 0 0 2 2 0 0 0 2 0 0 0 2
1172 2 2 2 2 2 2 2 2 2 2 2 2 2 2 2 0 2 2 2 2 2 2 2 2 0 0 2 2 2 2 2 2 2 2 2 1 2 2 2 2 2 2 2 2 2 2 0 2 2 2 2 2 2 2 2 2 0 2 2 2 2 2 2 2 2 2 2 2 2 2 0 2 2 2 2 2 2 2 2 2 2 2 2 2 2 2 2 2 2 2 2 2 2 2 2 2 2 2 2 2 0 2 2 2 2 2 2 2 2 2 2 2 2 2 2 2 2 2 2 2 0 2 2 2 2 2 2 2 2 0 2 2 2 2 2 2 2 0 0 0 2 2 2 2 2 2 2 0 2 2 2 2 2 2 2 0 2 2 2 2 2 2 2 2 0 2 0 2 2 2 2 2 0 2 0 2 0 2 2 2 2 2 2 2 2 2 2 0 2 2 2 2 2 2 2 2 2 2 2 2 2 0 2 2 2 0 2 2 0 2 0 2 2 2 2 0 2 2 2 2 2 2 2 2 2 2 2 2 2 0 2 0 2 2 2 2 2 2 2 2 2 0 2 2 2
1173 2 2 2 2 2 2 2 2 2 2 2 2 2 2 2 2 2 2 2 2 2 2 2 2 2 0 0 2 2 2 2 2 2 2 0 1 2 2 2 2 2 2 2 2 2 2 0 2 2 2 2 2 2 2 2 2 2 2 2 2 2 2 2 2 2 2 2 2 2 2 0 2 2 2 2 2 2 2 2 2 2 2 2 2 2 2 2 2 0 0 0 2 2 2 2 2 2 2 2 2 2 2 2 2 0 2 2 2 2 2 2 2 2 2 2 2 2 2 2 2 2 2 2 2 2 2 2 2 2 0 2 2 2 2 0 2 2 2 0 2 2 2 0 2 2 2 2 2 2 2 2 2 2 0 2 0 2 2 2 2 2 2 2 2 2 2 0 2 2 2 2 2 2 2 0 2 0 0 2 2 2 2 2 0 2 2 2 0 2 2 2 2 2 2 2 0 2 2 2 2 2 2 2 2 0 2 2 2 0 0 2 2 2 2 2 2 2 2 2 2 2 2 2 2 2 2 2 2 2 0 2 0 2 2 2 2 2 2 2 2 2 2 2 2 2
1174 2 0 0 2 0 2 2 2 2 2 2 0 0 2 0 2 0 0 2 0 0 0 2 2 2 2 2 0 0 2 2 0 2 0 0 2 2 0 2 0 0 2 2 2 2 0 2 2 0 0 0 0 0 0 2 2 2 0 0 2 0 2 0 0 0 0 0 0 0 2 2 2 0 0 0 2 0 0 2 0 0 0 2 2 0 2 0 2 0 0 2 2 2 2 2 2 0 2 2 0 2 2 0 2 0 0 2 2 0 2 0 2 0 2 0 0 2 0 2 2 2 2 0 2 2 2 0 0 2 2 0 2 2 2 0 2 0 2 0 0 2 2 2 2 0 2 2 2 1 0 2 2 2 0 2 2 0 0 1 2 2 2 0 0 0 2 2 0 2 2 2 2 0 2 2 0 0 0 2 2 2 2 0 2 2 0 0 2 2 2 2 2 2 0 0 2 0 0 2 2 2 0 0 0 0 2 0 2 2 2 2 2 0 0 2 2 0 2 2 0 0 2 0 2 2 2 2 0 2 2 2 2 2 2 2 2 0 2 2 2 2 0 2 0 0
1175 2 0 2 2 2 2 2 2 2 2 2 2 2 2 2 2 2 2 2 2 2 2 2 2 2 2 2 2 2 2 2 2 2 2 2 2 2 0 2 2 2 2 2 2 2 2 2 2 2 2 2 2 2 2 2 2 2 0 2 2 2 2 2 2 2 2 0 2 2 2 2 2 2 2 2 2 2 2 2 2 2 2 2 2 2 2 2 2 2 2 2 2 2 2 2 2 2 2 2 2 2 2 0 2 2 2 2 2 2 2 2 2 2 2 2 2 2 2 2 2 2 2 2 2 2 2 2 2 2 2 2 2 2 2 2 2 2 2 2 2 2 2 2 2 2 0 2 2 2 2 2 2 2 2 2 2 0 0 2 2 2 2 2 2 2 2 2 2 2 2 2 0 2 2 2 2 2 2 2 2 2 2 2 2 2 0 2 2 2 2 2 2 2 2 2 2 2 2 2 2 2 2 0 0 2 0 2 2 2 2 2 2 2 2 2 2 0 2 2 2 2 2 2 2 2 2 2 2 2 2 2 2 2 2 2 2 2 2 2 2 2 2 2 2 2
1176 2 2 2 2 2 2 2 2 2 2 2 2 2 2 2 2 2 2 2 2 2 2 2 2 0 2 2 2 2 2 2 2 2 2 2 1 2 2 2 2 2 2 2 2 2 2 2 2 2 2 2 2 2 2 2 2 2 2 2 2 2 2 2 2 2 2 2 2 2 2 2 2 2 2 2 2 2 2 1 2 2 2 2 2 2 2 2 0 2 2 2 2 2 2 2 2 2 2 2 2 2 2 2 2 2 2 2 0 2 0 2 2 2 2 2 2 2 2 2 2 0 2 2 2 2 2 2 0 2 2 2 2 2 2 2 2 2 2 2 2 2 2 2 2 2 2 2 2 2 2 2 2 2 2 2 2 2 2 2 2 2 2 2 2 2 2 2 2 2 2 2 2 2 2 2 2 2 2 2 2 2 2 2 2 2 2 2 2 2 2 2 2 0 2 2 2 2 2 0 2 2 2 2 2 2 2 2 0 2 2 2 2 2 2 2 2 2 1 2 2 2 0 2 2 2 2 2 2 0 0 0 2 2 2 2 2 2 2 2 0 2 2 0 2 2
1177 0 0 2 0 0 2 0 0 0 0 0 0 0 0 0 0 0 0 0 0 0 0 0 0 0 0 0 0 0 0 0 0 0 0 0 0 0 0 0 0 2 0 0 2 0 2 0 0 2 0 0 2 0 2 0 0 0 0 2 0 0 0 2 0 0 0 0 0 0 0 0 0 0 0 0 0 2 0 0 0 0 0 0 0 0 0 2 0 0 0 0 0 0 0 0 0 0 0 0 2 0 0 0 0 2 0 0 0 0 0 0 2 0 0 0 0 2 0 0 0 0 2 2 2 0 0 0 0 0 0 0 0 0 0 0 0 0 0 2 0 0 0 0 0 0 0 0 0 1 0 0 0 0 0 0 0 0 0 0 0 0 0 0 0 0 2 0 0 0 0 0 0 0 0 0 0 2 0 0 0 0 0 0 0 0 0 2 0 0 0 0 0 0 0 0 0 2 0 0 0 0 0 0 0 0 0 0 0 0 0 0 0 2 0 0 0 0 0 0 0 0 0 0 0 0 0 0 0 0 0 0 0 0 0 0 0 0 0 0 0 2 0 0 0 0
1178 0 0 2 0 0 0 0 0 2 0 0 0 0 0 0 0 0 2 0 2 0 0 0 0 0 0 0 0 2 0 0 0 0 0 0 0 0 0 2 0 0 0 0 0 0 2 0 0 2 0 0 0 0 0 0 0 0 0 2 0 0 0 0 0 0 0 0 0 0 0 0 0 0 0 0 0 2 0 0 0 0 0 0 0 0 0 2 0 0 0 0 2 0 0 0 0 0 0 0 2 2 0 0 0 0 0 0 0 0 0 0 0 0 2 0 0 0 0 0 0 0 0 0 0 0 0 0 0 0 0 0 0 0 0 0 0 0 0 0 0 0 0 0 0 0 0 0 0 0 0 0 0 0 0 0 0 0 0 0 0 0 0 0 0 0 0 0 0 0 0 0 0 0 0 0 0 0 0 0 0 0 0 0 0 0 0 0 0 0 0 0 0 0 0 0 0 0 0 0 0 0 2 0 0 0 0 0 0 0 0 0 0 2 0 0 0 0 0 0 0 0 0 0 0 0 0 0 0 0 0 0 0 0 0 0 0 0 0 0 0 0 2 0 0 0
1179 0 2 0 0 0 0 0 0 0 0 2 0 0 0 2 2 0 0 0 0 0 0 2 0 0 2 0 0 0 0 0 0 0 2 2 0 2 2 0 0 0 0 0 0 0 0 2 0 0 0 0 0 0 0 2 2 0 2 0 0 0 0 0 0 0 0 2 0 0 0 2 0 0 0 0 0 0 0 0 2 2 0 0 0 0 2 0 0 0 2 0 0 0 0 0 0 0 2 0 0 2 0 2 0 0 2 2 0 2 0 2 0 2 0 0 0 0 0 0 0 0 2 0 0 0 0 0 2 0 2 2 0 0 0 2 2 2 0 2 0 0 2 2 2 2 2 0 2 1 2 0 2 0 2 0 2 2 2 2 0 0 2 0 2 0 2 2 0 0 0 2 2 0 2 2 0 2 2 0 0 0 0 0 0 0 2 0 0 2 0 0 0 0 2 0 2 0 0 2 0 2 2 0 0 2 0 0 2 2 2 2 0 0 2 0 0 0 1 0 0 2 0 0 0 2 0 0 0 0 0 2 2 0 0 0 2 0 0 0 2 0 2 0 0 0
1180 2 0 2 2 2 2 2 2 2 2 0 2 2 2 0 2 2 2 2 2 2 2 2 2 2 0 2 2 2 2 2 2 2 0 0 2 2 0 2 2 2 2 2 2 2 2 0 2 2 2 2 2 2 2 2 2 2 0 2 2 2 2 2 2 2 2 0 2 2 2 0 2 2 2 2 2 2 2 2 2 0 2 2 2 2 2 2 2 2 0 2 2 2 2 2 2 2 0 2 2 0 2 0 2 2 0 2 2 2 2 2 2 0 2 2 2 2 2 2 2 2 0 2 2 2 2 2 0 2 0 2 2 2 2 0 2 2 2 0 2 2 2 2 2 2 2 2 2 1 0 2 2 2 2 2 0 0 2 1 2 2 2 2 2 2 0 0 2 2 2 2 2 2 2 0 2 0 2 2 2 2 2 2 2 2 0 2 2 2 2 2 2 2 2 2 2 2 2 0 2 0 0 2 2 0 2 2 0 0 0 2 2 2 2 2 2 2 2 2 2 2 2 2 2 2 2 2 2 2 2 0 0 2 2 2 2 2 2 2 0 2 0 2 2 2
1181 0 2 2 2 2 0 2 2 2 0 2 2 2 2 2 2 2 2 0 2 2 2 2 2 2 2 2 2 2 0 2 2 2 2 2 2 2 2 2 2 2 2 0 0 0 2 2 0 2 2 2 2 2 0 2 2 2 2 2 2 2 2 2 2 0 2 2 2 2 2 2 2 2 2 2 0 2 2 2 2 2 2 2 2 2 2 2 2 0 2 2 2 2 2 2 2 2 2 2 2 2 2 2 2 0 2 2 2 0 2 2 2 2 2 2 2 0 2 2 2 2 2 2 0 2 2 2 2 2 2 2 2 2 2 2 2 2 2 2 2 0 2 0 2 2 2 2 2 1 2 2 2 2 2 2 2 2 2 2 2 0 2 2 2 2 2 2 2 2 2 2 2 2 0 2 2 2 2 2 0 0 2 2 2 0 2 2 2 2 2 2 2 2 0 2 2 2 2 2 2 2 2 2 2 2 2 2 2 2 2 2 2 2 2 2 2 2 2 2 2 2 2 2 2 2 2 2 2 2 2 2 2 0 2 2 2 2 0 2 2 0 2 2 2 2
1182 0 0 2 2 2 2 2 2 2 0 2 2 2 0 2 2 2 2 0 2 0 2 2 0 2 2 2 2 2 0 2 2 0 2 2 2 2 0 2 0 2 0 2 2 0 2 2 0 2 2 2 2 2 2 2 2 2 0 2 2 2 0 2 2 2 2 0 2 2 2 2 2 2 2 2 0 2 2 2 2 2 2 2 2 2 2 2 2 2 2 2 2 2 2 2 0 2 2 2 2 2 2 0 2 2 2 2 2 2 2 2 2 2 2 0 2 2 2 2 0 2 2 0 2 2 2 2 2 2 2 2 2 2 0 2 2 2 2 2 2 0 2 2 2 2 2 2 2 2 2 2 2 2 2 2 2 2 2 2 2 2 2 2 2 2 2 2 2 2 2 2 2 2 2 2 2 2 2 2 0 2 2 2 2 2 2 2 2 2 0 1 2 2 2 2 2 2 2 2 2 2 2 2 2 2 2 2 2 2 2 2 2 2 2 2 2 2 2 2 2 2 2 2 2 2 2 2 2 2 2 2 2 0 2 2 2 2 0 2 2 2 2 2 2 2
1183 0 0 0 0 0 0 0 0 0 0 0 0 0 0 0 0 2 0 0 0 0 0 1 0 0 0 0 0 0 0 0 0 0 0 2 0 1 0 0 0 0 0 0 0 0 0 0 0 0 0 0 0 0 0 1 1 0 0 0 0 0 0 0 0 0 0 0 0 0 0 0 0 0 0 2 0 0 0 0 0 0 0 0 0 0 0 0 0 0 2 0 0 0 0 0 0 0 0 0 0 0 0 0 0 0 0 0 0 0 0 0 2 0 0 0 0 0 0 0 0 0 0 0 0 0 0 0 0 0 0 0 0 0 0 0 0 0 0 2 2 0 0 0 2 0 0 0 0 0 0 0 0 0 0 0 0 0 0 1 0 0 0 0 0 0 0 0 0 0 0 0 0 0 0 0 0 2 0 0 0 0 0 0 0 0 0 0 0 0 0 0 0 0 0 0 0 0 0 0 0 0 0 0 0 0 0 0 0 0 0 0 0 0 0 0 2 0 0 0 0 0 0 0 0 0 0 0 0 0 0 0 0 0 0 0 0 0 0 0 0 0 0 0 0 0
1184 2 2 2 0 2 2 0 2 2 2 2 2 2 2 2 2 2 2 2 2 2 2 2 2 2 2 2 2 2 2 0 2 2 2 2 2 2 2 2 2 2 2 2 2 2 2 2 2 2 2 2 2 2 2 2 2 2 2 2 2 2 2 2 0 2 2 2 0 2 2 2 2 0 2 2 2 2 2 1 2 2 0 0 0 2 2 2 0 2 2 2 2 0 0 0 2 2 2 2 2 2 2 2 0 2 2 2 0 2 2 2 2 2 2 2 0 2 2 2 2 2 2 2 2 0 0 2 2 2 2 2 0 2 2 2 2 2 2 2 2 2 2 2 2 0 2 2 2 2 2 2 2 2 2 2 2 2 2 2 0 2 2 2 2 2 2 2 2 2 0 2 2 2 2 2 2 2 2 0 2 2 2 2 2 2 2 0 2 2 2 2 2 0 2 2 2 0 2 2 2 2 2 2 2 2 2 2 2 2 2 2 0 2 0 0 2 2 2 2 2 0 2 0 0 2 0 2 2 2 2 2 2 2 2 0 2 2 2 2 2 2 2 2 2 2
1185 0 0 0 0 0 0 0 0 0 0 0 0 0 0 0 0 2 0 0 0 0 0 0 0 2 2 2 0 0 0 0 0 0 0 2 2 0 0 0 0 0 0 0 0 0 0 0 0 0 0 0 0 0 0 0 0 0 0 0 0 0 0 0 0 0 0 0 0 0 0 0 0 0 0 2 0 0 0 0 0 0 0 0 0 0 0 0 0 0 2 2 0 0 0 0 0 0 0 0 0 0 2 0 0 0 0 0 0 0 0 0 0 0 0 0 0 0 0 0 0 2 0 0 0 0 0 0 0 0 0 0 0 0 0 0 0 0 2 2 2 0 0 0 2 0 0 0 2 0 0 0 0 0 0 0 0 0 2 1 0 0 0 0 0 2 0 0 0 0 0 0 0 2 0 0 0 2 0 0 0 0 2 0 2 0 0 0 0 2 0 0 2 0 0 2 0 0 2 0 0 0 0 0 2 0 2 0 0 0 0 2 0 0 0 0 0 0 0 0 0 0 0 0 0 0 0 2 2 2 2 0 0 0 2 0 0 0 0 0 0 0 0 0 0 2
1186 0 0 0 0 0 0 0 0 0 0 0 0 0 0 0 0 2 0 0 0 0 0 0 0 2 2 2 0 0 0 0 0 0 0 2 2 0 0 0 0 0 0 0 0 0 0 0 0 0 0 0 0 0 0 0 0 0 0 0 0 0 0 0 0 0 0 0 0 0 0 0 0 0 0 2 0 0 0 0 0 0 0 0 0 0 0 0 0 0 2 2 0 0 0 0 0 0 0 0 0 0 2 0 0 0 0 0 0 0 0 0 0 0 0 0 0 0 0 0 0 2 0 0 0 0 0 0 0 0 0 0 0 0 0 0 0 0 2 2 2 0 0 0 2 0 0 0 2 0 0 0 0 0 0 0 0 0 2 1 0 0 0 0 0 2 0 0 0 0 0 0 0 2 0 0 0 2 0 0 0 0 2 0 2 0 0 0 0 2 0 0 2 0 0 2 0 0 2 0 0 0 0 0 2 0 2 0 0 0 0 2 0 0 0 0 0 0 0 0 0 0 0 0 0 0 0 2 2 2 2 0 0 0 2 0 0 0 0 0 0 0 0 0 0 2
1187 2 2 2 2 2 2 2 2 2 2 0 2 2 2 2 0 2 2 2 2 2 2 0 2 2 0 2 2 2 2 2 2 2 2 2 2 0 2 2 0 2 2 2 2 2 2 2 2 2 0 2 2 2 2 0 0 2 2 2 2 2 2 0 2 2 2 2 2 2 0 2 2 2 2 2 2 2 2 2 2 2 2 2 2 2 2 2 2 2 2 2 2 2 2 2 2 2 2 2 2 2 2 2 2 2 2 2 2 2 2 2 0 2 2 2 2 2 2 2 2 2 0 2 2 2 2 2 2 2 2 2 2 2 2 2 2 2 2 2 2 2 2 2 2 2 2 2 2 2 2 2 2 2 2 2 2 2 2 2 2 2 2 2 2 2 2 2 2 2 2 2 2 2 2 2 2 2 2 2 2 2 2 2 2 2 2 2 2 2 2 2 2 2 2 2 2 2 2 2 2 2 2 2 2 2 2 2 2 2 2 2 2 2 2 2 2 2 1 2 2 2 0 2 2 2 2 2 2 2 2 2 2 2 2 2 2 2 2 2 2 2 2 2 2 2
1188 2 2 2 2 2 0 2 2 0 2 2 2 2 2 2 2 2 2 2 2 0 2 2 2 2 2 2 2 2 2 2 2 2 2 2 2 2 2 2 0 0 2 2 0 2 2 2 2 2 2 2 0 0 2 2 2 0 2 2 2 2 2 2 0 0 2 2 0 2 2 2 0 2 0 2 2 2 2 2 2 0 0 2 2 2 2 2 2 0 2 2 2 2 2 0 2 2 2 2 2 2 2 2 2 0 2 2 2 2 2 2 2 2 0 0 2 0 2 2 2 2 2 2 0 2 2 0 0 2 2 2 2 2 2 0 2 2 2 2 2 2 2 0 2 2 2 0 2 1 2 2 0 0 2 2 2 2 2 2 0 2 2 2 2 2 0 2 1 0 0 2 2 2 2 2 2 2 2 0 2 2 2 0 2 2 2 2 2 2 0 1 2 2 2 2 2 0 2 2 0 2 2 2 0 0 0 2 2 2 2 2 2 2 2 2 2 2 2 2 0 2 2 0 2 2 2 2 2 2 2 2 2 2 0 2 2 2 2 2 2 0 2 2 0 0
1189 0 0 0 0 0 0 0 0 0 0 0 0 0 0 0 0 2 0 0 0 0 0 0 0 0 0 2 0 0 0 0 0 0 0 0 1 0 0 0 0 0 0 0 0 0 0 0 0 0 0 0 0 0 0 0 0 0 0 0 0 0 0 0 0 0 0 0 0 0 0 0 0 0 0 2 0 0 0 0 0 0 0 0 0 0 2 0 0 0 0 0 0 0 0 0 0 0 0 0 0 0 2 0 0 0 0 0 0 0 0 0 0 0 0 0 0 0 0 0 0 0 0 0 0 0 0 0 0 0 0 0 0 0 0 0 2 0 0 1 1 0 0 2 0 0 0 0 0 0 0 0 0 0 0 0 2 0 0 0 0 0 0 0 0 2 0 0 0 0 0 0 0 0 0 0 0 2 0 0 0 0 0 0 2 0 0 0 0 0 0 0 0 0 0 0 0 0 0 0 0 0 0 0 0 0 0 0 0 0 0 0 0 0 0 0 0 0 0 0 0 0 0 0 0 0 0 0 0 0 0 0 0 0 0 0 0 2 0 0 0 0 0 0 0 0
1190 2 2 1 2 2 2 2 2 2 2 2 2 2 2 2 2 2 2 2 2 2 2 2 2 2 2 2 2 2 2 1 2 2 2 2 2 2 2 2 2 2 2 2 1 1 1 2 2 1 2 2 2 2 2 2 2 2 2 1 2 2 1 2 2 2 2 2 2 2 2 1 1 2 2 2 2 1 2 2 2 2 2 2 2 2 2 1 2 2 2 2 2 2 2 2 2 2 2 2 1 2 2 2 1 2 2 2 2 1 2 2 2 2 2 2 2 2 2 2 2 2 2 2 2 2 2 2 2 2 2 2 2 2 2 2 2 2 2 2 2 2 2 2 2 2 2 2 1 2 2 2 1 2 1 2 2 2 2 2 2 2 2 2 2 2 2 2 2 2 2 1 2 2 2 2 2 1 1 2 2 2 2 2 2 2 2 2 2 2 1 1 2 2 2 2 2 2 2 2 2 2 2 2 1 2 2 2 2 2 2 2 2 1 2 1 2 2 1 1 2 2 2 2 2 1 2 2 1 2 2 2 2 2 2 2 2 1 2 2 2 2 2 2 1 2
1191 0 0 0 0 0 0 0 0 0 0 2 0 0 0 0 0 2 0 0 0 0 0 0 0 0 0 2 0 0 0 0 0 0 0 2 1 0 0 0 0 0 0 0 0 0 0 2 0 0 0 0 2 0 2 0 0 2 0 0 0 0 0 0 0 0 0 0 0 2 0 2 0 0 0 2 0 0 0 0 2 2 0 0 0 0 2 0 0 0 2 2 0 0 0 0 0 0 2 0 0 2 2 0 0 0 2 0 0 0 0 0 0 0 0 0 0 0 0 0 0 0 2 0 0 0 0 0 2 0 0 0 0 2 0 0 2 0 0 2 2 0 0 2 0 0 0 2 0 0 2 0 0 0 0 0 2 2 2 0 0 0 0 0 0 2 0 0 0 2 0 0 0 2 0 0 0 2 0 0 0 0 0 2 2 0 2 0 0 0 0 0 2 0 0 2 2 0 0 0 0 2 2 2 0 0 0 0 0 2 2 0 0 0 0 0 2 2 0 0 0 0 0 0 0 0 0 2 0 0 2 2 0 0 0 0 0 2 0 0 0 0 2 0 0 0
1192 0 0 2 0 0 2 0 0 0 0 2 2 0 0 0 0 0 0 0 2 2 2 0 0 0 0 2 2 0 0 2 2 0 0 0 1 0 0 2 2 0 0 0 0 0 2 2 0 2 0 0 2 2 0 0 0 0 0 2 2 0 0 2 0 0 0 0 0 2 0 2 0 0 2 0 0 2 2 0 2 0 0 0 0 0 2 2 0 0 0 2 2 0 0 0 0 0 2 0 2 0 0 0 2 0 2 0 0 0 0 0 0 0 0 2 0 2 0 0 0 0 0 2 0 0 0 0 0 0 0 2 0 2 0 0 2 0 0 2 0 0 0 0 0 0 0 2 0 1 2 0 0 2 0 0 2 0 0 0 0 0 0 0 0 0 0 0 2 0 0 0 0 0 0 0 0 2 0 0 0 0 2 2 2 0 0 0 0 0 2 1 0 0 0 0 0 2 0 0 0 2 0 0 2 0 0 0 0 2 2 0 0 2 0 0 0 0 0 0 2 0 0 0 0 0 0 0 0 0 0 0 2 0 0 0 0 0 0 0 0 2 0 0 0 0
1193 2 2 2 2 2 2 2 2 2 2 2 2 2 2 2 2 0 2 2 2 2 2 2 2 2 2 0 2 2 2 2 2 2 2 2 1 2 2 2 2 2 2 2 0 2 2 0 2 2 2 2 0 2 2 2 2 2 2 2 2 2 2 2 2 2 2 2 2 2 2 0 2 0 2 0 2 2 2 2 2 0 2 2 2 2 0 2 2 0 2 0 2 2 2 2 2 2 0 2 2 0 2 2 2 0 0 0 2 2 2 2 2 2 2 2 2 2 2 2 2 2 2 2 0 2 2 2 2 2 2 2 2 0 2 0 0 2 2 0 0 2 2 0 2 2 2 0 2 2 0 2 2 2 0 2 0 2 2 2 2 2 2 2 0 0 2 2 2 2 2 2 2 0 2 2 2 0 0 2 2 2 0 2 0 2 2 2 2 2 2 2 0 2 0 0 0 2 2 2 2 0 0 0 2 0 2 2 2 0 0 2 2 2 2 2 2 0 2 2 2 2 2 2 2 2 2 0 0 2 0 0 2 2 2 2 2 0 2 2 2 2 2 2 2 0
1194 2 2 2 0 2 2 2 0 0 2 0 2 2 2 2 2 0 0 2 0 2 2 2 2 2 2 0 2 0 2 2 2 2 2 2 1 2 2 0 0 2 2 0 2 2 2 2 2 2 2 2 2 2 0 2 2 2 2 2 2 2 2 2 2 2 2 2 0 2 2 2 0 0 2 0 2 2 2 2 0 2 2 2 2 2 0 2 2 2 2 0 0 2 2 2 2 2 2 0 2 0 2 2 2 2 2 0 2 2 2 2 2 2 2 2 2 2 2 2 2 2 2 0 2 2 2 2 2 2 2 2 2 2 2 2 0 2 2 0 0 2 2 0 2 0 2 2 2 2 2 2 2 2 0 2 0 2 2 2 2 2 0 2 0 0 2 2 1 2 2 0 2 0 2 2 2 0 0 2 2 0 0 2 0 2 2 2 2 0 2 2 0 2 0 0 0 0 2 2 2 2 0 0 0 2 0 2 2 2 2 2 2 2 0 2 2 0 2 2 0 0 2 0 2 0 2 0 0 2 0 2 2 2 2 2 2 2 2 2 2 2 0 2 2 0
1195 2 2 2 2 2 0 2 2 2 2 2 2 2 2 2 2 2 2 2 2 2 2 2 2 2 2 2 2 2 2 2 2 2 2 2 2 2 2 2 2 2 2 2 0 2 2 0 2 2 2 0 0 0 2 2 2 2 2 2 2 0 2 2 0 2 2 2 2 2 2 0 2 2 0 2 2 2 2 2 2 0 2 2 2 2 2 2 2 0 2 2 2 2 2 2 2 2 2 2 2 2 2 2 2 0 2 2 2 2 2 2 2 2 2 2 2 0 0 2 2 2 2 2 0 2 2 2 2 2 2 2 2 2 2 2 2 0 2 2 2 2 0 2 2 2 2 0 2 1 2 2 2 2 2 2 2 2 2 2 2 2 2 2 2 2 2 2 2 2 2 2 2 2 2 2 2 2 2 2 2 2 2 2 2 2 2 2 2 2 2 2 2 2 2 2 2 2 2 2 2 2 2 2 2 2 2 2 2 0 2 2 2 2 2 2 2 2 2 2 2 2 2 2 2 2 2 2 2 2 2 2 2 2 2 2 2 0 2 2 2 0 2 2 0 2
1196 2 2 2 2 2 2 2 2 2 2 2 2 2 2 2 2 0 2 2 2 2 2 2 2 2 2 0 2 2 2 2 2 2 2 2 1 2 2 2 2 2 2 2 2 2 2 2 2 2 2 2 2 2 2 2 2 2 2 2 2 2 2 2 2 2 2 2 2 2 2 2 2 0 2 0 2 2 2 2 2 2 2 2 2 2 0 2 2 2 2 0 2 2 2 2 2 2 2 2 2 0 2 2 2 2 2 0 2 2 2 2 2 2 2 2 2 2 2 2 2 2 2 2 2 2 2 2 2 2 2 2 2 2 2 2 0 2 2 0 0 2 2 0 2 2 2 2 2 2 2 2 2 2 0 2 0 2 2 2 2 2 2 2 0 0 2 2 2 2 2 2 2 0 2 2 2 0 0 2 2 2 0 2 0 2 2 2 2 0 2 2 0 2 0 0 0 2 2 2 2 2 0 0 2 2 0 2 2 2 2 2 2 2 2 2 2 0 2 2 2 2 2 2 2 2 2 0 0 2 0 2 2 2 2 2 2 2 2 2 2 2 0 2 2 0
1197 0 0 2 2 0 2 0 2 2 0 2 0 0 0 0 2 2 2 0 2 2 0 0 0 0 2 2 0 2 0 2 0 0 0 0 1 0 0 2 2 0 0 2 2 0 2 0 0 2 2 2 2 0 2 0 0 2 0 2 2 2 0 0 0 2 0 0 2 0 0 0 2 2 0 2 0 2 0 0 2 2 2 0 0 0 2 2 0 2 0 2 2 0 2 0 0 0 2 2 2 2 2 0 2 2 2 2 2 0 0 0 0 0 2 2 0 2 2 0 0 0 2 2 2 0 0 0 2 0 0 2 0 2 0 0 2 2 0 2 2 0 2 2 0 2 2 2 2 1 2 0 2 0 2 0 2 0 2 0 0 2 2 0 2 2 2 0 1 2 0 2 0 2 2 0 0 2 2 0 0 2 0 0 2 2 0 0 2 2 2 1 2 0 0 2 2 2 0 0 2 2 2 2 2 0 2 0 0 0 2 2 0 2 2 0 2 2 1 0 2 2 0 2 0 2 0 2 2 0 2 2 2 0 0 0 2 2 0 0 0 2 2 0 2 2
1198 0 0 0 0 0 0 0 0 0 0 0 0 0 0 0 0 0 0 0 0 0 0 0 0 0 0 0 0 0 0 0 0 0 0 0 0 0 0 0 0 0 0 0 0 0 0 0 0 0 0 0 0 0 0 0 0 0 0 0 0 0 0 0 0 0 0 0 0 0 0 0 0 0 0 0 0 0 0 0 0 0 0 0 0 0 0 0 0 0 0 0 0 0 0 0 0 0 0 0 0 0 2 0 0 0 0 2 0 2 0 0 0 0 0 0 0 0 0 0 0 0 0 0 0 0 0 0 0 2 0 0 0 2 0 0 0 0 2 0 0 0 0 0 0 0 2 0 0 0 0 0 0 0 2 0 0 0 0 0 0 0 2 0 0 0 0 0 0 0 0 2 0 0 0 0 0 0 2 0 0 0 0 0 0 0 0 0 0 0 0 0 0 0 0 2 0 0 0 2 0 0 2 0 0 0 2 0 2 0 0 0 0 0 0 0 0 0 0 0 0 0 0 0 0 2 0 0 0 0 0 2 0 0 2 0 0 0 0 0 2 0 0 0 0 0
1199 2 2 2 2 2 2 2 0 2 2 2 2 2 0 2 2 2 2 2 0 2 2 2 0 2 2 2 2 2 2 2 2 2 2 2 2 2 2 2 0 2 2 0 0 2 2 2 2 2 2 2 0 2 2 2 2 2 2 2 2 2 0 2 2 0 2 2 2 2 0 0 2 0 2 2 2 2 2 2 2 2 0 2 2 2 2 2 2 0 2 2 2 2 2 2 2 2 2 0 2 2 2 2 2 0 2 2 2 2 2 2 2 2 2 2 2 2 2 2 2 2 2 2 0 2 2 2 0 2 2 2 2 2 2 2 2 0 2 2 2 2 0 2 2 2 2 0 2 2 2 2 2 0 2 2 2 2 2 2 2 2 2 2 2 2 2 2 2 2 2 2 2 2 0 2 0 2 2 2 2 0 2 2 2 2 2 2 2 2 2 2 2 2 2 2 2 2 0 2 0 2 2 2 2 2 2 2 2 2 2 2 2 2 2 2 2 2 1 2 2 2 0 2 2 2 2 2 2 2 2 2 2 2 2 2 2 0 2 2 2 2 2 2 0 2
1200 0 2 2 2 2 2 2 2 2 0 2 2 2 2 2 2 2 2 0 2 0 2 2 2 2 2 2 2 2 0 2 2 2 0 2 2 2 2 2 2 2 2 2 2 0 2 2 0 2 2 2 2 2 2 2 2 2 2 2 2 2 2 2 0 2 2 2 2 2 2 2 2 2 2 2 0 2 2 2 2 2 2 2 2 2 2 2 2 2 2 2 2 2 2 0 2 2 2 2 2 2 2 2 2 2 2 2 2 2 2 2 2 2 2 0 2 2 2 2 2 2 2 2 2 2 2 2 2 2 2 0 2 2 2 2 2 2 2 2 2 0 2 2 0 2 2 2 2 2 2 2 2 2 2 2 2 2 2 1 2 2 2 2 2 2 2 0 2 2 2 2 2 2 2 0 2 2 2 2 0 2 2 2 2 2 2 2 2 2 2 2 2 2 2 2 2 2 2 2 2 2 2 2 2 2 2 2 2 2 2 2 2 2 2 2 2 2 2 2 2 2 2 2 2 2 2 2 0 2 2 2 2 0 2 2 2 2 0 2 2 2 2 0 2 2
1201 2 2 2 2 2 2 2 0 2 2 2 2 2 2 2 2 2 2 2 2 2 2 2 2 2 2 2 2 2 2 2 2 2 2 2 2 2 2 2 2 2 2 0 2 2 2 2 2 2 2 2 2 0 2 2 2 2 2 2 2 2 2 2 2 2 2 2 2 2 2 0 2 2 0 2 2 2 2 2 2 2 2 2 2 2 2 2 2 2 2 2 2 2 2 2 2 2 2 0 2 2 2 2 2 2 2 2 2 2 2 2 2 2 2 2 2 2 2 2 2 2 2 2 2 2 2 2 0 2 2 2 2 2 2 0 2 0 2 2 2 2 0 2 2 2 2 2 2 2 2 2 2 2 2 2 2 2 2 2 2 2 2 2 2 2 2 2 2 2 2 2 2 2 0 2 2 2 2 2 2 0 2 2 2 2 2 2 2 2 2 2 2 2 2 2 2 2 2 2 0 2 2 2 2 0 2 2 2 2 2 2 2 2 2 2 2 2 2 2 2 2 2 2 2 2 2 2 2 2 0 2 2 2 2 2 2 0 2 2 2 2 2 2 0 2
1202 2 0 2 2 0 2 0 2 2 2 2 2 0 2 2 2 2 2 2 2 2 2 0 2 0 2 2 2 2 2 2 2 0 2 2 1 0 0 2 2 2 0 2 2 2 2 2 2 2 2 2 2 2 0 0 0 2 0 2 2 2 2 2 2 2 0 0 0 2 2 2 2 2 2 2 2 2 2 0 2 2 2 0 0 2 2 2 0 2 2 2 2 0 2 2 0 0 2 2 2 2 2 0 2 2 2 2 2 2 0 0 0 2 2 2 2 2 2 2 0 0 2 2 2 2 0 2 2 2 2 2 0 2 0 2 2 2 2 2 2 2 2 2 2 0 2 2 2 1 2 0 2 2 2 0 2 0 2 2 0 2 2 0 2 2 2 2 0 2 0 2 2 2 2 2 2 2 2 0 2 2 2 2 2 2 0 0 2 2 0 0 2 0 2 2 2 0 2 2 2 2 2 2 0 2 2 2 2 2 2 2 2 2 0 0 2 2 2 2 0 0 2 0 0 2 0 2 2 2 2 2 2 2 2 2 2 2 2 2 2 2 2 2 2 2
1203 2 0 2 2 0 2 0 2 2 2 2 2 0 2 2 2 2 2 2 2 2 2 0 2 0 2 2 2 2 2 2 2 0 2 2 2 0 0 2 2 2 2 2 2 2 2 2 2 2 2 2 2 2 2 0 0 2 0 2 2 2 2 2 2 2 0 0 0 2 2 2 2 2 2 2 2 2 2 2 2 2 2 0 0 2 2 2 0 2 2 2 2 0 2 2 0 2 2 2 2 2 2 0 2 2 2 2 2 2 2 0 0 2 2 2 2 2 2 2 0 0 2 2 2 2 0 2 2 2 2 2 0 2 0 2 2 2 2 2 2 2 2 2 2 2 2 2 2 1 2 0 2 2 2 0 2 0 2 2 2 2 2 0 2 2 2 2 2 2 2 2 2 2 2 2 2 2 2 2 2 2 2 2 2 2 2 0 2 2 0 0 2 0 2 2 2 0 2 2 2 2 2 2 0 2 2 2 2 2 2 2 2 2 2 0 2 2 2 2 2 1 2 0 0 2 0 2 2 2 2 2 2 2 2 2 2 2 2 2 2 2 2 2 2 2
1204 2 2 2 2 2 2 2 0 0 2 0 2 2 2 0 2 2 2 2 2 2 2 2 2 2 2 0 2 2 2 2 2 2 2 0 1 2 2 0 2 2 2 0 2 2 2 0 2 2 2 2 2 0 2 2 2 2 2 2 2 2 2 0 2 2 2 2 2 2 2 0 2 2 0 2 2 2 2 2 2 2 2 2 2 0 0 2 2 2 0 0 0 2 0 2 2 2 2 0 2 0 2 2 2 2 2 2 0 2 2 2 2 0 2 2 2 2 2 0 2 2 2 2 2 0 2 2 0 0 0 2 2 2 2 0 0 0 2 0 2 2 0 0 2 2 2 2 2 1 2 2 0 2 2 2 0 2 2 1 2 0 2 2 2 2 0 2 2 2 2 2 0 2 0 2 2 0 2 2 2 0 2 0 0 0 2 2 2 0 2 2 2 2 2 2 0 2 2 2 0 2 2 2 2 0 2 0 2 0 2 2 2 2 2 2 2 2 2 0 2 2 2 2 2 2 2 2 2 0 0 2 2 2 2 2 2 0 2 0 2 2 2 2 0 0
1205 2 2 2 2 2 2 2 0 2 2 2 2 2 2 2 2 2 2 2 2 2 2 2 2 2 2 2 2 2 2 2 2 2 2 2 2 2 2 2 2 2 2 0 2 2 2 0 2 2 2 2 2 0 2 2 2 2 2 2 2 2 2 2 2 2 2 2 2 2 2 0 2 2 0 2 2 2 2 2 2 2 2 2 2 2 2 2 2 2 2 2 2 2 2 2 2 2 2 0 2 2 2 2 2 2 2 2 2 2 2 2 2 2 2 2 2 2 2 2 2 2 2 2 2 2 2 2 0 0 2 2 2 2 2 0 2 0 2 2 2 2 0 2 2 2 2 2 2 2 2 2 2 2 2 2 2 2 2 2 2 2 2 2 2 2 2 2 2 2 2 2 0 2 0 2 2 2 2 2 2 0 2 2 2 2 2 2 2 2 2 2 2 2 2 2 2 2 2 2 0 2 2 2 2 0 2 2 2 0 2 2 2 2 2 2 2 2 2 2 2 2 2 2 2 2 2 2 2 2 0 2 2 2 2 2 2 0 2 2 2 2 2 2 0 2
1206 2 2 2 2 2 2 2 2 2 2 2 2 2 2 2 0 2 2 2 2 2 2 2 2 2 0 2 2 2 2 2 2 2 2 2 2 2 2 2 2 2 2 2 2 2 2 2 2 2 2 2 2 2 2 2 2 2 2 2 2 2 2 2 2 2 2 2 2 0 0 2 2 2 2 2 2 2 2 2 2 2 2 2 2 2 2 2 2 2 2 2 2 2 2 2 2 2 0 2 2 2 2 2 2 2 0 2 2 2 2 2 2 2 2 2 2 2 2 2 2 2 2 2 2 2 2 2 2 2 2 2 2 2 2 2 2 2 2 2 2 2 2 2 2 2 2 2 2 2 0 2 2 2 2 2 2 2 2 2 2 2 2 2 2 2 2 2 2 2 2 2 2 2 2 2 0 2 2 2 2 2 2 2 2 2 2 2 0 2 2 2 2 2 2 2 2 2 0 2 2 0 2 2 2 2 2 2 2 2 0 2 0 2 2 2 2 2 0 2 2 2 0 2 2 2 2 2 2 2 2 2 0 2 2 0 2 2 2 2 2 2 2 2 2 2
1207 0 2 2 2 2 2 2 0 2 0 2 2 2 2 2 2 2 2 0 2 0 2 2 2 2 2 2 2 2 0 2 2 2 0 2 2 2 2 2 2 2 2 0 2 0 2 0 0 2 2 2 2 0 2 2 2 2 2 2 2 2 2 2 2 2 2 2 2 2 2 0 2 2 0 2 0 2 2 2 2 2 2 2 2 2 2 2 2 2 2 2 2 2 2 0 2 2 2 0 2 2 2 2 2 2 2 2 2 2 2 2 2 2 2 0 2 2 2 2 2 2 2 2 2 2 2 2 0 0 2 2 2 2 2 0 2 0 0 0 2 0 0 2 0 2 2 2 2 2 2 2 0 0 2 2 2 2 2 1 2 0 2 2 2 2 0 0 2 2 2 2 0 2 0 0 2 0 2 2 0 0 2 2 2 0 2 2 2 2 2 2 2 2 2 2 2 2 2 2 0 2 2 2 2 0 2 2 2 0 2 2 2 2 2 2 2 2 2 2 2 2 2 2 2 2 2 2 0 2 0 2 2 0 0 2 2 0 0 2 2 2 2 0 0 2
1208 2 0 2 2 0 2 0 2 2 2 2 2 0 2 2 2 2 2 2 2 2 2 0 2 0 2 2 2 2 2 2 2 0 2 2 1 0 0 2 2 2 0 2 0 2 2 2 2 2 2 2 0 2 0 0 0 2 0 2 0 2 2 2 2 2 0 0 0 0 0 2 2 2 2 2 2 2 2 0 2 2 2 0 0 2 2 2 0 0 2 2 2 0 2 2 0 0 2 2 2 2 2 0 2 0 2 2 2 2 0 0 0 2 2 2 2 2 2 2 0 0 2 2 0 2 0 2 2 2 2 2 0 2 0 2 2 2 2 2 2 2 2 2 2 0 2 0 2 1 2 0 2 2 2 0 2 0 2 2 0 2 2 0 2 2 2 2 1 2 0 2 2 2 2 2 0 2 2 0 2 2 2 2 2 2 0 0 2 2 0 0 2 0 2 2 2 0 0 2 2 2 2 2 2 2 2 2 2 2 2 2 2 2 0 0 2 2 1 2 2 0 0 0 0 2 0 2 2 2 2 2 2 2 2 2 2 2 2 2 2 2 2 2 2 2
1209 0 0 0 0 0 0 0 0 0 0 0 2 0 2 0 0 0 0 0 0 2 2 0 2 0 2 0 2 0 0 0 2 0 0 0 0 0 0 0 0 2 0 0 0 0 0 0 0 0 2 2 0 2 0 0 0 0 0 0 0 2 2 2 2 0 0 0 0 2 2 0 0 0 2 0 0 0 2 0 0 0 0 0 0 0 0 0 1 0 0 0 0 0 0 0 0 0 0 0 0 0 0 0 0 0 0 0 0 0 1 0 0 0 0 2 0 0 0 0 0 0 2 0 0 0 0 2 0 0 0 0 0 0 0 0 0 0 0 0 0 0 0 0 0 0 0 0 2 0 0 0 0 0 0 0 0 0 0 0 0 0 0 0 0 0 0 0 1 0 0 0 0 0 0 0 2 0 0 0 0 0 0 1 0 0 0 0 2 0 0 0 0 1 0 0 0 0 2 0 0 0 0 0 1 0 0 2 0 0 0 2 1 0 0 0 0 0 2 2 2 0 2 0 0 0 0 0 0 0 0 0 2 0 0 1 2 0 0 0 0 0 0 0 0 0
1210 2 0 0 2 0 0 0 0 0 2 0 2 0 2 0 0 0 0 2 0 2 2 0 2 0 0 0 2 0 2 0 2 0 2 0 0 0 0 0 0 2 0 0 0 2 0 0 2 0 0 2 0 2 0 0 0 0 0 0 0 2 2 2 2 0 0 0 0 0 0 0 0 0 2 0 2 0 2 0 0 0 0 0 0 0 0 0 0 0 0 0 0 0 0 2 0 0 0 0 0 0 0 0 0 0 0 0 0 2 0 0 0 0 0 2 0 0 0 0 0 0 2 0 0 0 0 2 0 0 0 0 0 2 0 0 0 0 2 0 0 2 0 0 2 0 0 0 2 0 0 0 0 2 0 0 0 0 0 1 0 0 0 0 0 0 0 2 1 0 0 0 0 0 0 2 0 0 0 0 2 0 0 0 0 0 0 0 0 0 0 0 0 0 0 0 0 0 0 2 0 0 0 2 0 0 0 0 2 0 0 2 0 0 0 0 0 2 0 0 2 0 0 0 0 0 0 0 2 0 0 2 0 2 2 0 2 0 2 0 2 0 0 2 0 0
1211 0 0 0 0 0 2 0 2 0 0 0 0 0 2 0 0 0 0 0 0 0 0 0 2 0 0 0 0 0 0 0 0 0 0 0 0 0 0 0 0 0 0 2 0 0 0 2 0 0 0 0 0 0 0 0 0 0 0 0 0 0 2 0 0 2 0 0 0 0 2 2 0 0 0 0 0 0 0 0 0 0 2 0 0 0 0 0 0 2 0 0 0 0 0 0 0 0 0 2 0 0 0 0 0 2 0 0 0 2 0 0 0 0 0 0 0 2 2 0 0 0 0 0 0 2 0 0 2 0 0 0 0 0 0 0 0 2 0 0 0 0 0 0 0 0 2 0 0 1 0 0 2 2 0 0 0 0 2 0 0 0 2 0 0 0 0 0 0 0 0 2 0 0 2 0 2 0 0 0 0 2 0 0 0 2 0 0 0 0 0 0 0 0 0 0 0 0 2 2 2 0 0 0 0 0 0 0 2 2 0 0 0 0 0 0 0 0 1 0 0 0 2 0 0 2 0 0 0 0 2 2 0 0 0 0 0 0 0 0 2 2 0 0 0 0
1212 0 0 2 0 2 2 0 2 2 0 0 2 2 2 0 2 2 2 0 2 0 2 1 2 2 2 0 2 2 0 2 2 1 0 2 1 0 0 2 2 2 2 2 2 0 2 2 0 2 2 2 0 2 2 0 0 2 0 2 2 2 2 0 2 2 2 0 2 2 2 2 2 2 2 2 0 2 2 2 0 0 2 0 0 2 0 2 2 2 2 2 2 0 0 0 2 0 2 2 2 0 0 0 2 2 2 0 0 2 2 2 0 2 2 0 2 2 2 2 2 2 0 2 2 2 1 2 2 2 2 0 0 0 2 0 0 2 0 0 0 0 2 0 0 2 0 0 0 1 2 0 2 2 1 0 0 2 2 0 2 2 2 0 0 2 2 2 2 2 2 2 0 2 2 2 2 0 0 2 0 0 2 2 0 0 2 2 2 0 2 2 2 2 2 0 2 2 2 2 0 2 2 0 2 1 0 0 2 2 2 0 2 2 2 0 0 0 2 0 2 2 2 2 0 2 0 2 0 0 2 2 2 0 1 2 2 0 0 2 2 2 0 0 2 2
1213 2 2 2 2 2 0 2 0 2 2 2 2 2 2 2 2 2 2 2 2 2 2 2 2 2 2 2 2 2 2 2 2 2 2 2 2 2 2 2 2 2 2 0 2 2 2 2 2 2 2 2 2 2 2 2 2 2 2 2 2 2 2 2 2 2 2 2 2 2 2 0 2 2 2 2 2 2 2 2 2 2 2 2 2 2 2 2 2 2 2 2 2 2 2 2 2 2 2 0 2 2 2 2 2 2 2 2 2 2 2 2 2 2 2 2 2 0 2 2 2 2 2 2 2 2 2 2 0 2 2 2 2 2 2 2 2 2 2 2 2 2 2 2 2 2 2 2 2 1 2 2 0 2 2 2 2 2 2 2 2 2 2 2 2 2 2 2 2 2 2 2 2 2 0 2 2 2 2 2 2 2 2 2 2 2 2 2 2 2 2 2 2 2 2 2 2 2 2 2 2 2 2 2 2 2 2 2 2 2 2 0 2 2 2 2 2 2 2 2 2 2 2 2 2 2 2 2 2 2 0 2 2 2 2 2 2 2 2 2 2 0 2 2 2 2
1214 2 0 0 2 0 2 0 0 0 2 0 2 0 2 2 0 2 0 2 0 2 2 0 2 0 0 2 2 0 2 0 2 2 2 2 1 0 0 0 0 0 2 2 2 2 0 2 2 0 2 2 2 2 0 0 0 2 0 0 0 2 2 2 2 2 0 0 0 2 0 2 0 2 2 2 2 0 2 0 2 2 2 0 0 2 0 0 2 0 2 2 0 0 2 2 2 0 2 0 0 2 2 0 0 0 2 0 2 0 2 0 2 2 0 2 0 2 2 0 2 0 0 0 2 0 0 0 0 0 0 2 0 0 2 0 0 0 2 0 2 2 2 0 2 2 2 2 0 1 2 0 0 2 0 0 0 2 0 2 2 0 2 0 0 0 0 0 2 2 2 2 2 2 0 0 2 0 0 2 2 0 2 2 2 2 2 0 0 2 0 0 0 2 2 0 2 0 2 0 2 2 2 2 0 0 0 2 0 2 2 2 2 0 2 0 0 2 2 2 2 2 2 0 0 2 0 0 2 0 0 0 2 2 2 2 0 2 2 0 0 2 2 2 2 0
1215 0 0 0 0 0 0 0 2 0 0 0 0 0 0 2 2 2 0 0 0 0 0 0 0 0 2 0 0 0 0 0 0 0 2 2 0 0 0 0 0 0 0 0 0 0 0 0 0 0 0 0 0 2 0 0 0 0 0 0 0 0 0 2 2 0 0 0 0 0 0 0 0 2 2 2 0 0 0 0 2 0 0 0 0 2 0 0 2 2 2 0 0 0 2 0 0 0 0 2 0 2 0 0 0 2 0 2 2 2 2 0 2 0 0 0 0 0 0 0 0 0 0 0 0 0 0 0 2 2 2 2 0 2 0 0 0 2 2 0 2 0 0 0 2 0 2 0 0 1 0 0 2 0 2 0 2 0 2 2 2 2 0 0 2 2 0 0 1 0 2 2 2 2 2 0 2 0 2 2 0 2 0 2 0 2 0 0 2 0 0 0 0 2 0 2 2 0 2 2 0 0 0 0 0 0 2 2 2 0 0 0 2 0 0 0 2 0 1 2 2 0 2 0 0 2 0 0 0 0 2 2 0 0 0 2 2 0 0 0 2 0 2 2 2 2
1216 2 2 2 2 2 2 2 2 2 2 2 2 2 2 0 2 2 2 2 2 2 2 2 2 2 2 2 1 2 2 2 2 2 0 2 2 2 2 2 2 2 2 2 2 2 2 2 2 2 2 2 2 0 2 2 2 2 2 2 2 2 2 0 2 2 2 2 2 2 2 2 2 0 0 2 2 2 2 2 0 2 2 2 2 0 2 2 0 2 2 2 2 2 0 2 2 2 2 2 2 2 2 2 2 2 2 2 0 2 0 2 0 2 2 2 2 2 2 2 2 2 2 2 2 2 2 2 2 2 2 2 2 2 2 2 2 2 0 2 2 2 2 2 2 2 2 2 2 1 2 2 2 2 2 2 2 2 2 1 0 2 2 2 2 2 2 2 0 2 0 2 0 2 2 2 2 2 2 0 2 2 2 0 2 2 2 2 2 2 1 2 2 0 2 2 2 2 0 2 2 2 2 2 2 2 2 2 2 2 2 2 0 2 2 2 2 2 2 2 0 2 2 2 2 2 2 2 2 2 2 2 2 2 2 0 2 2 2 2 2 2 2 0 0 2
1217 0 0 2 2 0 0 0 0 2 0 2 0 0 1 0 0 2 1 0 2 1 0 0 2 0 0 0 0 1 0 2 0 2 0 2 0 0 0 2 2 0 2 2 0 0 2 0 0 2 2 0 0 0 0 0 0 0 0 2 2 0 2 0 2 0 0 0 0 0 0 2 0 0 0 2 0 2 0 0 0 0 0 0 0 0 0 2 0 0 0 0 2 0 0 2 2 0 2 0 1 2 0 0 2 0 2 0 0 0 0 0 0 0 0 2 0 0 0 0 2 0 2 2 0 0 0 0 0 0 0 0 0 0 2 0 0 0 0 0 1 0 0 0 0 0 0 0 0 0 2 0 0 0 0 0 0 0 0 0 0 0 0 0 0 0 0 0 0 0 0 0 0 0 0 0 0 0 0 0 0 1 2 0 0 0 0 0 0 2 0 0 0 0 2 0 2 0 0 0 0 0 0 0 0 0 0 0 0 0 2 0 1 2 0 0 0 0 0 0 0 0 0 0 0 0 0 0 0 0 0 0 0 0 0 0 0 0 0 0 0 0 0 2 0 0
1218 2 2 2 2 2 0 2 2 2 2 2 2 2 2 2 2 2 2 2 2 2 2 2 2 2 2 2 2 2 2 2 2 2 2 2 2 2 2 2 2 2 2 2 0 2 2 2 2 2 2 2 0 2 2 2 2 0 2 2 2 2 2 2 2 0 2 2 2 2 2 2 2 2 2 2 2 2 2 2 2 2 0 2 2 2 2 2 2 0 2 2 2 2 2 2 2 2 2 2 2 2 2 2 2 0 2 2 2 2 2 2 2 0 2 2 2 0 0 2 2 2 2 2 0 2 2 2 2 2 2 0 2 2 2 2 2 2 2 2 2 2 2 2 2 0 2 0 2 1 2 2 2 0 2 2 2 2 2 2 2 2 2 2 2 2 2 2 2 0 2 2 2 2 2 2 2 2 2 2 2 2 2 2 2 2 2 2 2 2 2 2 2 2 2 2 2 2 2 2 2 2 2 2 2 2 2 2 2 2 2 0 2 2 0 2 2 2 1 2 2 0 2 2 2 2 2 2 2 2 0 2 2 2 2 2 2 2 2 2 2 0 2 2 2 2
1219 2 0 2 2 0 2 0 2 2 2 2 2 0 2 2 2 2 2 2 2 2 2 0 2 0 2 2 2 2 2 2 2 2 2 2 1 0 0 2 2 2 2 2 2 2 2 2 2 2 2 2 2 2 0 0 0 2 0 2 0 2 2 2 2 0 0 0 0 2 0 2 2 2 2 2 2 2 2 0 2 2 2 0 0 2 2 2 2 2 2 2 2 0 2 2 2 0 2 2 2 2 2 0 2 2 2 2 2 2 2 0 0 2 0 2 0 2 2 0 2 0 2 2 2 0 0 2 2 2 2 2 0 2 2 2 2 2 2 0 2 2 2 2 2 0 2 2 2 1 2 0 2 2 2 0 2 2 2 2 2 2 2 0 2 2 2 0 1 2 2 2 2 2 2 0 2 0 2 2 2 2 2 2 2 2 2 0 2 2 0 0 2 2 2 2 2 0 2 2 2 2 2 2 0 2 2 2 2 2 2 2 2 2 0 0 2 2 2 2 2 0 2 0 0 2 0 2 2 0 2 2 2 2 2 2 2 2 2 0 2 2 2 2 2 2
1220 0 2 2 0 2 0 2 0 2 0 2 0 2 0 0 0 0 2 0 2 2 0 2 0 2 0 0 0 2 0 2 0 0 2 0 1 2 2 2 2 0 0 0 0 0 2 0 0 2 2 0 0 0 2 2 2 0 2 2 2 0 0 0 2 0 2 2 2 2 2 0 0 0 0 0 0 2 0 2 0 2 0 2 2 0 0 2 0 0 0 2 2 2 0 0 0 2 0 0 2 0 0 2 2 0 2 0 0 2 0 2 2 0 0 2 2 0 0 2 0 2 2 2 0 2 2 0 0 0 0 2 2 0 0 2 0 2 0 2 0 0 2 0 2 0 0 0 2 1 2 2 2 0 0 2 2 2 2 1 0 0 2 2 0 0 0 2 1 0 0 0 0 0 0 2 2 2 0 0 0 0 0 0 0 2 2 2 0 0 2 2 2 0 0 2 0 2 0 2 2 2 2 2 2 2 0 0 2 0 2 0 2 2 0 2 2 2 2 2 0 0 2 2 2 0 2 2 2 2 0 2 0 0 2 2 0 2 0 2 2 0 0 2 2 0
1221 0 2 2 2 2 0 2 2 2 0 2 2 2 2 2 2 2 2 0 2 2 2 2 2 2 0 2 2 2 0 2 2 2 2 2 2 2 2 2 2 2 2 2 2 0 2 2 0 2 2 2 2 2 2 2 2 0 2 2 2 2 2 2 2 2 2 2 2 2 2 2 0 2 2 2 0 2 2 2 2 2 2 2 2 2 2 2 2 2 2 0 2 2 2 2 2 2 0 2 2 2 2 2 2 2 2 2 2 2 2 2 2 2 2 2 2 0 2 2 2 2 2 2 2 2 2 2 2 2 2 2 2 2 2 2 2 2 2 2 2 0 2 2 2 2 2 2 2 1 2 2 2 2 2 2 2 2 2 2 2 2 2 2 2 2 2 2 2 2 2 2 2 2 2 2 2 2 2 2 0 2 0 2 2 2 2 2 2 2 2 2 2 2 0 2 2 2 2 2 2 2 2 2 2 2 2 2 2 2 2 0 2 2 2 2 2 2 2 2 2 2 2 2 2 2 2 2 2 2 2 2 0 0 2 2 2 2 0 2 2 0 2 2 2 2
1222 2 2 0 2 2 2 2 0 2 2 2 2 2 2 2 2 2 2 2 2 2 2 2 2 2 2 0 2 2 2 2 2 2 2 2 1 2 2 2 2 2 2 0 2 2 0 0 2 0 2 2 0 0 2 2 2 2 2 0 2 2 2 2 2 2 2 2 2 0 2 0 2 2 0 2 2 0 2 2 2 2 2 2 2 2 2 0 2 0 2 2 2 2 2 0 2 2 2 0 0 2 2 2 2 0 2 2 2 2 2 2 2 0 2 2 2 2 0 2 2 2 2 0 2 2 2 2 0 0 2 0 2 2 2 2 2 2 2 2 2 2 2 2 2 2 2 0 2 2 2 2 0 0 2 2 0 0 2 2 2 0 2 2 2 2 2 2 2 0 2 2 2 2 0 2 2 2 2 2 2 0 2 2 0 2 0 2 2 2 2 2 2 2 2 2 2 2 2 2 0 2 2 2 2 2 2 2 2 0 2 2 2 0 2 2 2 2 2 2 2 2 2 2 2 2 2 2 2 2 0 2 2 2 2 2 2 2 2 2 2 2 2 2 0 2
1223 2 2 2 2 2 2 2 2 2 2 2 2 2 0 2 2 0 2 2 2 0 2 2 0 2 0 2 2 2 2 0 2 0 2 2 2 2 2 2 2 2 0 2 2 2 2 2 2 2 0 2 2 2 2 2 2 2 2 2 0 2 0 2 2 2 2 2 2 2 2 2 2 2 2 0 2 2 2 2 2 2 2 2 2 2 2 2 2 2 2 2 2 2 2 2 0 2 2 2 2 0 2 2 0 2 2 2 2 2 2 2 2 2 2 0 2 2 2 2 0 2 2 0 2 2 2 2 2 2 0 2 2 2 0 2 2 0 2 2 0 2 2 2 2 2 2 2 2 2 2 2 2 2 2 2 2 2 0 2 2 2 0 2 2 2 2 2 2 2 2 2 2 0 2 2 2 2 2 2 2 2 2 2 2 2 2 2 0 2 2 2 2 2 2 2 0 2 2 2 2 2 0 2 2 2 0 2 2 2 2 2 2 2 2 2 2 2 2 2 2 2 2 2 2 2 2 2 2 2 2 2 0 2 2 2 2 0 2 2 2 2 0 2 2 2
1224 2 2 2 2 2 2 2 2 2 2 2 2 2 0 2 0 0 2 2 2 0 2 2 0 2 0 2 2 2 2 0 2 0 2 2 2 2 2 2 2 2 0 2 2 2 2 2 2 2 0 2 2 2 2 2 2 2 2 2 0 2 0 2 2 2 2 2 2 2 2 2 2 2 2 0 2 2 2 2 2 2 2 2 2 2 2 2 2 2 2 0 2 2 2 2 0 2 0 2 2 0 0 2 0 2 0 0 2 2 2 2 2 2 2 0 2 2 2 2 0 2 2 0 2 2 2 2 2 2 0 2 2 0 0 0 2 0 2 2 0 2 2 2 2 2 0 2 2 2 0 2 2 2 0 2 2 2 0 2 2 2 0 2 0 0 2 2 2 2 2 0 2 0 2 2 2 2 0 2 2 2 0 2 2 2 2 2 0 0 2 2 0 2 0 2 0 2 2 2 2 0 0 0 2 0 0 2 2 2 0 2 2 2 2 2 2 0 1 2 2 2 2 2 2 0 2 0 2 2 2 2 0 2 2 2 2 0 2 2 2 2 0 2 2 0
1225 0 2 0 0 2 2 0 2 0 0 0 0 2 2 2 2 2 0 0 0 0 0 0 2 2 0 0 0 0 0 2 0 2 2 0 1 0 2 0 2 2 2 2 2 0 0 0 0 0 0 0 2 0 2 0 0 2 2 0 0 2 2 0 0 2 2 2 2 2 0 2 0 2 0 2 0 0 0 0 2 2 2 0 0 0 0 0 2 2 0 2 0 0 2 2 2 0 0 2 0 2 0 2 0 2 0 0 2 2 2 2 0 2 2 0 0 2 2 0 2 2 2 2 2 0 0 2 2 2 0 2 0 2 2 0 0 0 2 2 2 0 2 0 2 2 0 2 2 1 2 0 2 2 0 0 2 2 0 2 2 2 0 0 2 2 2 0 1 2 2 2 2 2 2 0 2 2 0 2 0 2 2 2 0 2 2 2 0 0 0 0 0 2 2 2 2 0 2 2 2 0 0 2 2 0 0 2 2 0 0 2 2 0 2 2 2 2 2 0 2 2 2 2 0 2 0 0 2 0 2 2 0 0 2 2 2 2 0 0 2 2 2 2 2 0
1226 2 2 2 2 2 2 0 2 2 2 2 2 2 2 2 2 2 2 2 2 2 2 2 2 2 2 2 2 2 2 2 2 2 2 2 2 2 2 2 2 2 2 2 2 2 2 2 2 2 2 2 2 2 2 2 2 2 2 2 2 2 2 2 2 2 2 2 2 2 0 2 2 2 2 2 2 2 2 2 2 2 2 0 0 2 2 2 2 2 2 2 2 0 2 2 2 2 2 2 2 2 2 2 2 2 2 2 2 2 2 2 2 2 0 2 2 2 2 2 2 2 2 2 2 0 0 2 2 2 2 2 0 2 2 2 2 2 2 2 2 2 2 2 2 2 2 2 2 2 2 0 2 2 2 0 2 2 2 2 2 2 2 2 2 2 2 2 2 2 2 2 2 2 2 2 2 2 2 2 2 2 2 2 2 2 2 2 2 2 2 1 2 2 2 2 2 0 2 2 2 2 2 2 2 2 2 2 2 2 2 2 2 2 2 2 2 2 2 2 2 2 2 2 2 2 0 2 2 2 2 2 2 2 2 2 2 2 2 2 2 2 2 2 2 2
1227 0 2 2 2 2 0 2 2 0 0 2 0 2 0 2 2 2 2 0 2 2 0 2 0 0 2 2 0 2 0 2 0 0 0 0 1 2 2 2 2 2 0 2 2 0 2 0 0 2 2 0 2 2 2 2 2 0 2 2 2 0 0 2 2 2 2 2 2 2 2 2 2 2 2 2 0 2 0 2 2 2 2 2 2 2 2 2 2 0 0 2 2 2 0 2 0 2 2 2 2 2 2 2 2 0 2 2 0 0 2 2 2 2 0 2 2 0 2 2 0 0 2 2 2 0 2 2 2 0 2 2 2 2 0 2 2 2 2 2 2 0 2 2 0 2 2 2 2 1 2 2 2 2 2 2 2 2 2 1 2 0 2 2 2 2 2 0 2 2 2 2 0 2 0 0 0 2 2 2 0 0 2 2 2 2 2 0 2 2 2 2 2 2 2 2 2 0 2 0 0 2 2 0 2 2 2 2 0 0 2 2 2 2 2 0 2 0 1 2 2 2 0 2 2 2 2 2 2 2 0 0 2 0 2 2 2 2 0 2 0 0 2 0 2 2
1228 2 2 0 2 2 2 2 2 2 2 2 2 2 2 2 0 2 2 2 2 2 2 2 2 2 2 0 2 2 2 2 2 2 2 2 1 2 2 2 2 2 2 1 2 2 0 2 2 0 2 2 2 2 2 2 2 0 2 0 2 2 2 2 2 0 2 2 2 0 2 0 2 0 2 2 2 0 2 2 2 2 2 2 0 2 2 0 2 2 2 2 2 2 2 0 2 2 2 2 0 2 2 2 2 2 2 2 2 2 2 2 2 2 2 2 2 2 0 2 2 2 2 2 2 2 2 2 2 2 2 2 2 2 2 2 2 0 2 0 2 2 2 2 2 0 2 2 2 2 2 2 2 2 2 2 2 2 0 2 2 2 2 2 2 2 2 2 1 0 2 2 2 2 2 2 2 0 2 2 2 2 2 2 0 2 0 2 2 2 2 2 2 2 2 2 2 2 2 2 2 2 2 0 2 2 2 2 2 2 2 2 2 0 0 2 2 0 2 2 0 0 2 2 2 2 2 2 2 2 2 2 2 2 2 2 0 2 2 2 2 2 2 2 2 2
1229 2 2 0 2 2 2 2 2 2 2 2 2 2 2 2 2 2 2 2 2 2 2 2 2 2 2 2 2 2 2 2 2 2 2 2 2 2 2 2 2 2 2 2 2 2 0 2 2 0 2 2 2 2 2 2 2 2 2 0 2 2 2 2 2 0 2 2 2 0 2 2 2 0 2 2 2 0 2 2 2 2 2 2 0 2 2 0 2 2 2 2 2 2 2 0 2 2 2 2 0 2 2 2 2 2 2 2 2 2 2 2 2 2 2 2 2 2 2 2 2 2 2 2 2 2 2 2 2 2 2 2 2 2 2 2 2 2 2 0 2 2 2 2 2 0 2 2 2 2 2 2 2 2 2 2 2 2 2 2 2 2 2 2 2 2 2 2 0 2 2 2 2 2 2 2 2 0 2 2 2 2 2 2 2 2 0 2 2 2 2 2 2 2 2 2 2 2 2 2 2 2 2 2 2 2 2 2 2 2 2 2 2 0 0 2 2 2 2 2 0 0 2 2 2 2 2 2 2 2 2 2 2 2 2 2 0 2 2 2 2 2 2 2 2 2
1230 0 2 0 0 0 2 2 2 0 0 0 0 0 0 2 2 0 0 0 0 2 0 2 0 2 2 0 0 0 0 0 0 0 0 0 1 2 2 0 0 2 0 2 2 0 0 2 0 0 0 0 2 0 2 2 2 2 2 0 0 2 0 2 2 2 0 2 2 2 2 2 0 0 0 0 0 0 0 2 2 2 2 2 0 2 2 0 0 2 0 0 0 2 0 2 0 0 0 2 0 2 2 2 0 2 2 2 0 0 0 0 0 0 0 2 0 2 2 2 0 2 0 0 2 0 2 2 2 0 2 2 2 2 0 2 2 2 2 2 2 0 2 2 2 2 2 2 2 1 0 0 2 2 2 2 2 2 2 2 2 0 2 0 2 2 2 0 2 2 2 2 0 2 0 0 2 2 2 2 0 0 0 2 0 2 2 2 2 2 0 1 2 0 0 2 2 0 2 0 2 2 2 2 0 2 2 2 0 2 2 2 2 0 2 2 2 2 2 0 2 2 2 2 0 2 2 2 2 0 0 0 2 0 2 2 0 2 0 2 0 2 2 0 2 2
1231 2 2 2 2 2 0 2 0 2 2 2 2 2 2 2 0 2 2 2 2 2 2 2 2 0 0 0 2 2 2 2 2 2 2 2 0 2 2 2 2 2 2 0 2 2 2 0 2 2 2 2 0 2 2 2 2 0 2 2 0 2 2 2 2 2 2 2 2 2 2 0 2 0 2 2 2 2 2 2 2 0 2 2 0 2 0 2 0 0 2 2 2 2 2 2 2 2 0 0 2 0 0 2 2 0 0 0 2 2 0 2 2 2 2 2 2 0 0 2 2 0 0 2 2 2 2 2 2 2 0 2 2 0 2 0 0 2 2 2 0 2 0 0 2 2 0 0 0 1 2 2 0 2 0 2 0 0 2 2 2 2 2 2 0 0 0 2 2 2 2 0 2 0 2 2 2 2 0 2 2 2 2 0 0 0 0 2 0 0 2 2 0 0 2 0 2 2 2 2 0 0 0 0 2 0 2 2 2 0 0 0 2 2 2 2 0 0 1 0 2 2 2 2 2 0 2 0 0 2 2 2 0 2 0 2 2 0 2 2 2 0 0 2 0 0
1232 0 2 2 2 0 2 2 2 2 0 2 2 0 0 2 2 2 2 0 2 2 2 2 0 2 2 2 2 2 0 2 2 0 2 2 2 2 2 2 2 2 0 2 2 0 2 2 0 2 2 2 2 2 2 2 2 2 2 2 2 2 0 2 2 2 0 2 2 2 2 2 2 2 2 2 0 2 2 2 2 2 2 2 2 2 2 2 2 2 2 2 2 2 2 2 0 2 2 2 2 2 2 2 2 2 2 2 2 2 2 0 2 2 0 2 2 2 2 2 0 2 2 2 2 0 2 2 2 2 2 2 2 2 0 2 2 2 2 2 2 0 2 2 2 2 2 2 2 2 2 2 2 2 2 2 2 2 2 2 2 2 2 2 2 2 2 2 2 2 2 2 2 2 2 2 2 2 2 2 0 2 2 2 2 2 2 2 2 2 2 2 2 2 2 2 2 2 2 2 2 2 2 2 2 2 2 2 2 2 2 2 2 2 2 2 2 2 2 2 2 2 2 2 2 2 2 2 2 2 2 2 2 0 2 2 2 2 0 2 2 2 2 2 2 2
1233 2 0 2 2 2 0 0 0 2 2 2 0 2 2 0 2 2 2 2 2 0 0 0 2 0 0 0 0 2 2 2 0 2 0 2 0 0 0 2 2 0 2 2 0 2 2 2 2 2 2 0 0 0 0 0 0 0 0 2 0 0 2 0 2 0 2 0 0 2 0 2 2 2 0 2 2 2 0 0 0 0 0 0 2 0 0 2 0 0 2 2 2 0 0 2 2 2 2 0 2 2 2 0 2 0 2 2 0 2 0 2 0 0 2 0 2 0 0 0 2 0 0 2 0 0 0 0 0 0 0 0 0 2 2 2 0 2 0 2 0 2 0 0 0 0 0 0 0 1 2 2 2 0 2 0 2 0 2 0 0 0 2 2 2 0 2 0 1 2 0 0 0 0 0 0 0 2 2 0 2 2 2 0 0 0 0 0 0 2 2 1 2 0 2 0 0 0 0 2 0 2 2 0 0 2 0 0 2 2 2 0 0 2 0 0 0 0 0 0 0 0 0 0 2 0 0 2 0 0 0 2 0 2 0 0 0 2 2 0 2 0 0 0 0 2
1234 2 2 2 2 2 0 2 2 2 2 2 2 2 2 2 0 2 2 2 2 2 2 2 2 2 2 2 2 2 2 2 2 2 2 2 2 2 2 2 2 2 2 2 2 2 2 2 2 2 2 2 2 2 2 2 2 2 2 2 2 2 2 2 2 2 2 2 2 2 2 2 2 2 2 2 2 2 2 2 2 2 2 2 2 2 0 2 2 2 2 2 2 2 2 2 2 2 2 2 2 2 0 2 2 2 2 0 2 2 2 2 2 2 2 2 2 0 0 2 2 2 2 2 2 2 2 2 2 2 2 2 2 0 2 2 0 2 2 2 0 2 2 0 2 2 0 2 0 1 2 2 0 2 0 2 0 2 2 2 2 2 2 2 0 0 0 2 2 2 2 0 2 0 2 2 2 2 0 2 2 2 2 2 2 2 2 2 2 2 2 2 0 2 2 0 0 2 2 2 2 2 2 0 2 2 2 2 2 2 2 0 2 2 2 2 0 0 2 2 2 2 2 2 2 0 2 0 2 2 2 2 2 2 2 2 2 2 2 2 2 0 0 2 2 2
1235 2 2 2 2 2 2 2 2 2 0 2 2 2 2 2 2 2 2 2 0 2 2 2 2 2 2 2 2 2 2 2 2 2 2 0 2 2 2 0 2 2 2 2 2 2 2 2 2 2 0 2 2 2 2 2 2 2 2 2 0 0 2 2 2 2 2 2 2 2 2 2 2 2 2 2 2 2 2 2 2 2 2 2 2 2 0 2 2 2 0 2 0 2 2 2 2 2 2 2 2 2 2 2 2 2 2 0 2 2 2 2 2 2 2 2 0 2 2 2 2 2 2 0 2 2 2 2 2 2 2 2 2 2 2 2 0 2 2 0 0 2 2 2 2 2 0 2 0 2 2 2 0 2 0 2 2 2 2 2 2 0 0 2 0 0 2 2 2 2 2 0 2 0 2 2 2 0 0 2 2 2 2 2 2 0 2 2 2 0 2 2 2 2 2 2 2 2 2 2 2 2 2 0 2 2 2 2 2 2 2 0 2 2 2 2 2 0 2 2 2 2 2 2 2 0 2 2 2 2 2 2 2 2 2 2 2 2 2 2 2 2 2 2 2 2
1236 2 2 2 0 2 2 0 2 2 2 2 2 2 2 0 2 2 2 2 2 0 2 0 2 2 2 2 2 2 2 2 2 2 2 2 1 0 2 2 2 2 2 0 2 2 2 2 2 2 2 2 0 2 0 0 0 0 2 2 2 2 2 0 2 0 2 2 0 2 0 0 2 2 2 2 2 2 2 2 2 0 0 0 2 0 2 2 0 0 2 2 2 0 2 2 2 2 2 2 2 2 2 2 2 0 2 2 2 2 2 2 2 0 2 0 2 2 2 0 2 0 2 2 2 0 0 2 2 2 2 0 0 2 2 2 2 2 0 2 2 2 2 2 0 0 2 0 2 1 2 2 2 2 2 0 2 2 2 0 2 2 2 2 2 2 2 2 1 2 2 2 2 2 2 2 0 2 2 2 2 2 2 0 2 2 2 0 2 2 2 1 2 0 2 2 2 0 0 2 0 2 2 2 0 2 2 0 2 2 2 2 0 2 0 2 2 2 2 0 0 0 2 0 0 2 0 2 2 2 2 2 2 2 2 0 2 2 2 0 2 2 2 2 2 2
1237 0 0 2 0 0 0 0 0 2 0 2 0 0 0 0 0 0 2 0 2 0 0 0 0 0 0 0 0 2 0 2 0 0 0 0 0 0 0 0 2 0 0 0 0 0 2 0 0 2 0 0 0 0 0 0 0 0 0 2 0 0 0 0 0 0 0 0 0 0 0 0 0 0 0 0 0 2 0 0 0 0 0 0 0 0 0 2 0 0 0 0 0 0 0 0 0 0 0 0 2 0 0 0 2 0 0 0 0 0 0 0 0 0 0 0 0 0 0 0 0 0 0 0 0 0 0 0 0 0 0 0 0 0 0 0 0 0 0 0 0 0 0 0 0 0 0 0 0 0 0 0 0 0 0 0 0 0 0 0 0 0 0 0 0 0 0 0 0 2 0 0 0 0 0 0 0 0 0 0 0 0 0 0 0 0 0 0 0 0 0 0 0 0 0 0 0 0 0 0 0 0 0 0 0 0 0 0 0 0 0 0 0 2 0 0 0 0 0 0 0 0 0 0 0 0 0 0 0 0 0 0 0 0 0 0 0 0 0 0 0 0 0 0 0 0
1238 2 2 2 2 2 2 2 2 2 2 2 2 2 2 2 2 2 2 2 2 2 2 2 2 2 2 2 2 2 2 2 2 2 2 2 2 2 2 2 2 0 2 2 2 2 2 2 2 2 2 2 2 2 2 2 2 2 2 2 2 2 2 2 2 2 2 2 2 2 2 2 2 2 2 2 2 2 2 0 2 2 2 2 2 2 2 2 2 2 2 2 2 2 0 0 2 2 2 2 2 2 2 2 2 2 2 2 0 2 2 2 2 2 2 2 2 2 2 2 2 2 2 2 2 2 2 0 2 2 2 2 2 2 2 2 2 2 2 2 2 2 2 2 2 2 2 2 2 2 2 2 2 2 2 2 2 0 2 2 2 2 2 2 2 2 2 0 2 2 2 2 2 2 2 0 2 2 2 2 2 0 2 2 2 2 0 2 2 2 2 2 2 2 2 2 2 2 2 2 2 2 2 2 2 2 2 2 2 2 2 2 0 2 2 2 0 2 2 2 2 2 2 2 2 2 2 2 2 2 2 2 2 2 2 0 2 2 2 2 2 2 2 0 2 2
1239 2 2 2 2 2 2 2 2 2 2 2 2 2 2 2 2 2 2 2 2 2 2 2 2 2 2 2 2 2 2 2 2 2 2 2 2 2 2 2 2 2 2 2 0 2 2 2 2 2 2 2 2 2 2 2 2 2 2 2 2 2 2 2 2 2 2 2 2 2 2 2 2 2 2 2 2 2 2 2 0 2 2 2 2 2 2 2 2 2 2 2 2 2 2 2 2 2 2 2 2 2 2 2 2 2 2 0 2 2 2 2 2 2 2 2 2 2 0 2 2 2 2 2 0 2 2 2 2 0 2 2 2 2 2 2 2 2 2 2 2 2 2 2 2 2 2 2 2 2 0 2 2 2 0 2 2 2 2 2 2 2 2 2 2 0 2 2 2 0 2 2 2 2 2 2 2 2 0 2 2 2 2 2 2 2 2 2 2 2 2 2 2 2 2 0 2 2 2 2 2 2 2 0 2 2 2 2 2 2 2 2 2 2 2 2 2 0 2 2 2 2 2 2 2 2 2 2 2 2 0 2 2 2 2 2 2 2 2 2 2 2 0 2 2 2
1240 2 2 0 2 2 2 0 2 0 0 2 2 2 2 2 2 2 0 2 0 0 2 2 2 0 2 2 2 0 2 2 2 2 2 2 2 2 2 0 2 2 2 2 2 2 0 2 2 0 2 2 2 2 2 2 2 0 2 0 2 2 2 0 2 0 2 2 0 2 0 2 2 2 2 2 2 0 2 2 0 2 2 2 2 2 0 0 0 2 2 2 0 2 2 0 2 2 2 2 0 2 0 2 2 2 2 2 2 0 2 2 0 2 2 0 0 2 2 2 2 2 2 0 2 0 0 2 2 2 2 2 2 0 2 2 0 2 2 2 0 2 2 2 2 0 2 2 0 2 2 2 0 2 2 2 2 2 2 2 0 2 0 2 2 0 2 2 2 0 0 2 2 0 2 2 2 2 2 0 2 0 2 2 2 0 2 2 2 2 0 0 2 0 2 2 2 2 0 0 2 2 2 0 0 2 2 0 0 2 2 0 0 0 0 2 2 0 2 2 2 0 2 0 0 2 2 2 2 2 0 0 2 2 2 0 0 2 2 2 0 2 2 2 2 2
1241 0 0 0 0 0 2 0 0 0 0 0 0 0 2 0 0 0 0 0 0 0 0 0 2 2 2 2 0 0 0 0 0 2 0 2 1 0 0 0 0 2 2 0 2 0 0 0 0 0 0 0 0 0 0 0 0 0 0 0 2 0 2 0 0 0 0 0 0 2 2 0 0 0 0 0 0 0 0 2 0 0 0 0 0 0 0 0 0 2 2 0 0 0 0 0 2 2 0 0 0 0 2 0 2 2 2 0 0 0 2 0 0 0 0 0 0 2 0 0 2 0 2 0 2 0 0 2 0 0 2 2 0 2 2 2 0 0 0 2 2 0 0 2 0 0 0 0 2 1 0 0 2 0 0 0 2 0 0 0 0 0 0 2 0 2 2 0 1 0 0 0 2 2 0 0 0 2 0 0 0 2 2 0 2 0 0 0 2 2 0 0 0 0 0 0 0 0 0 0 2 2 0 0 2 2 2 0 0 0 2 2 0 0 0 2 2 0 1 2 0 0 2 0 0 0 0 0 0 0 0 0 0 0 0 0 0 2 0 0 0 2 0 0 0 0
1242 2 2 2 2 2 2 2 2 2 2 2 2 2 2 2 2 2 2 2 2 2 2 2 2 2 2 2 2 2 2 2 2 2 2 2 2 2 2 2 2 2 2 2 2 2 2 2 2 2 2 2 2 2 2 2 2 2 2 2 2 2 2 2 2 2 2 2 2 2 2 2 2 2 2 2 2 2 2 2 2 2 2 2 2 2 0 2 2 2 2 2 2 2 2 2 2 2 2 2 2 2 0 2 2 2 2 2 2 2 2 2 2 2 2 2 2 2 0 2 2 2 2 2 2 2 2 2 2 2 2 2 2 0 2 2 0 2 2 2 0 2 2 2 2 2 2 2 0 2 2 2 0 2 2 2 0 2 2 2 2 2 2 2 2 0 2 2 2 2 2 0 2 0 0 2 2 2 2 2 2 2 2 2 2 2 2 2 2 2 2 2 2 2 2 2 2 2 2 2 2 2 2 2 2 2 2 2 2 2 2 0 2 2 2 2 2 2 2 2 2 2 2 2 2 0 2 2 2 2 2 2 2 2 2 2 2 2 2 2 2 2 2 2 2 2
1243 0 0 0 0 0 0 0 0 0 0 0 2 0 0 0 0 0 0 0 0 2 2 0 0 0 0 2 2 0 0 2 2 0 0 0 0 0 0 0 2 0 0 0 0 0 0 0 0 0 2 2 0 0 0 0 0 0 0 0 0 0 0 0 0 0 0 0 0 0 0 0 0 0 0 0 0 0 2 0 0 0 0 0 0 0 0 0 0 0 0 0 0 0 0 0 0 0 2 0 0 0 0 0 0 0 0 0 0 0 0 0 0 0 0 2 0 0 0 0 0 0 0 0 0 0 0 0 0 0 0 0 0 0 0 0 0 0 0 2 0 0 0 2 0 0 0 0 0 0 0 0 0 0 0 0 0 0 0 0 0 0 0 0 0 0 0 0 0 0 0 0 0 0 0 0 0 2 0 0 0 0 0 0 2 0 0 0 0 0 0 0 0 0 2 0 0 0 0 0 0 0 0 0 0 0 0 0 0 0 2 0 0 0 0 0 0 0 0 0 0 0 0 0 0 0 0 0 0 0 0 0 0 0 0 0 0 0 0 0 0 0 0 0 0 0
1244 2 2 2 2 2 2 2 2 2 2 2 2 2 2 2 2 2 2 2 2 2 2 2 2 0 2 2 2 2 2 2 2 2 2 2 2 2 2 0 2 2 2 0 2 2 2 2 2 2 2 0 0 2 2 2 2 0 2 2 2 2 2 2 2 2 2 2 2 2 2 0 2 2 2 2 2 2 2 2 2 2 2 2 2 2 2 2 2 2 2 2 0 2 2 2 2 2 2 2 2 2 2 2 2 2 2 2 2 0 2 2 2 2 2 2 2 2 0 2 2 2 2 2 2 2 2 2 2 2 2 0 2 2 2 2 2 2 2 2 2 2 2 2 2 2 2 0 2 2 2 2 2 2 2 2 2 2 2 2 2 0 2 2 2 2 2 2 2 2 2 2 2 2 0 2 2 2 2 2 2 2 2 2 2 2 2 2 2 2 2 2 2 2 2 2 2 2 2 0 2 2 2 2 2 2 0 2 0 2 2 2 2 2 2 2 2 2 2 2 2 2 2 2 2 2 2 2 2 2 0 0 2 2 2 2 2 0 2 2 0 2 2 0 2 2
1245 0 0 0 2 0 2 0 2 0 0 0 2 0 2 0 2 0 0 0 0 0 2 0 2 0 0 2 2 0 0 0 2 2 0 0 1 0 0 0 0 2 2 0 0 0 0 0 0 0 0 0 0 2 0 0 0 0 0 0 2 0 2 0 0 0 0 0 0 2 0 0 2 0 2 0 0 0 2 0 0 2 0 0 0 0 2 0 0 0 0 0 0 0 0 2 2 0 2 2 0 2 2 0 2 0 2 0 0 0 0 0 0 0 0 0 0 2 0 0 2 0 0 2 0 0 0 0 0 2 0 0 0 2 2 2 2 2 0 2 0 0 2 2 0 0 0 0 2 1 2 0 2 0 2 0 2 2 2 1 0 0 0 0 2 0 2 2 0 0 0 0 0 0 0 2 0 2 2 0 0 2 0 0 2 2 2 0 0 0 2 1 0 0 2 2 0 0 0 0 0 2 0 2 0 2 0 0 0 0 2 0 0 0 0 2 0 2 0 0 0 0 0 0 0 0 0 0 2 0 0 0 0 0 2 0 0 0 0 0 0 2 2 0 2 2
1246 2 0 2 2 2 2 0 2 2 2 2 2 2 2 2 0 2 2 2 2 2 2 0 2 2 2 2 2 2 2 2 2 2 2 2 1 2 0 2 2 2 2 2 2 2 2 2 2 2 2 2 2 2 2 0 0 2 0 2 2 2 2 2 2 2 2 0 2 2 0 2 2 2 2 2 2 2 2 0 2 1 2 0 2 2 2 2 2 2 2 2 2 0 0 0 2 2 2 2 2 2 0 1 2 2 2 2 0 2 2 2 2 2 2 2 0 2 2 2 2 1 2 2 2 2 0 2 0 0 2 2 2 0 2 0 2 0 0 2 2 2 0 2 2 2 2 2 2 2 2 2 2 2 0 2 0 0 0 2 2 2 2 2 0 2 0 0 2 2 2 0 0 2 2 0 2 2 0 2 2 0 2 0 2 0 0 2 2 0 2 2 2 2 2 2 2 1 0 2 2 2 2 2 1 0 2 2 0 2 2 2 0 2 2 0 2 2 2 2 2 2 2 2 0 0 0 2 0 2 2 0 0 2 2 0 2 0 2 2 2 2 2 2 0 2
1247 2 0 2 2 2 2 0 2 2 0 2 2 2 0 2 0 0 2 2 2 0 2 0 0 0 2 2 2 2 2 0 2 0 2 2 1 2 0 2 0 2 0 2 2 2 2 2 2 2 2 2 2 2 2 0 0 0 0 2 0 2 0 2 2 2 2 0 2 0 0 2 2 2 2 0 2 2 2 0 2 0 2 0 2 2 0 2 2 0 2 0 2 0 0 0 0 2 2 2 2 2 0 0 0 0 2 2 0 0 2 2 2 0 2 0 0 2 2 2 0 0 2 2 2 0 0 2 0 0 2 2 0 0 0 0 0 0 0 2 2 2 0 0 2 2 2 2 2 2 0 2 2 2 0 2 0 0 0 2 2 0 0 2 0 2 0 0 2 2 2 0 0 2 0 0 0 2 0 2 2 0 2 0 2 0 0 2 2 0 2 1 2 2 2 2 2 2 0 0 0 2 2 2 2 0 0 2 0 2 2 2 0 2 2 0 2 2 2 2 2 2 2 2 0 0 0 2 0 2 2 0 0 2 2 0 0 0 2 2 0 2 2 0 0 2
1248 2 2 2 2 2 2 2 2 2 2 2 2 2 2 2 2 2 2 2 2 2 2 2 2 2 2 2 2 2 2 2 2 2 2 0 2 2 2 2 2 2 2 2 2 2 2 2 2 2 2 2 2 2 2 2 2 2 2 2 2 2 2 0 2 2 2 2 2 2 2 2 2 2 2 2 2 2 2 2 2 2 2 2 2 2 2 2 2 2 0 2 2 2 2 2 2 2 2 2 2 2 2 2 2 2 2 2 2 2 2 2 2 2 2 2 2 2 2 0 2 2 2 2 2 2 2 2 2 2 2 2 2 2 2 2 2 2 2 2 2 2 2 2 0 0 2 2 2 2 2 0 2 2 2 2 2 2 2 1 2 2 2 2 2 2 2 2 0 2 2 2 2 2 2 2 2 2 2 2 2 2 0 2 2 2 2 2 2 2 2 2 2 2 2 2 2 0 2 2 2 2 2 2 0 2 2 2 2 2 2 2 2 2 0 2 2 2 1 0 0 0 0 2 2 2 2 2 2 2 2 2 2 2 2 2 2 2 2 0 2 2 2 2 2 2
1249 2 2 0 2 2 2 2 2 2 0 0 0 2 2 2 2 2 0 2 2 0 0 2 2 2 0 2 0 0 2 0 0 2 0 2 2 2 2 0 0 2 2 2 0 2 0 2 2 0 0 0 2 0 0 2 2 0 2 0 0 2 2 0 2 2 2 2 0 0 2 2 0 0 0 2 2 0 0 2 2 2 0 2 0 2 2 0 2 2 2 2 0 2 2 2 2 2 2 2 0 2 2 2 2 2 2 2 2 2 2 2 2 2 2 0 2 2 0 0 2 2 0 0 0 0 2 2 2 2 2 0 2 2 2 2 2 2 2 2 2 2 2 2 0 0 2 2 2 2 0 0 2 2 2 2 2 2 2 1 2 2 2 2 2 2 2 2 1 0 2 2 2 2 0 2 2 2 2 2 2 2 0 2 2 2 2 2 2 2 0 1 2 2 2 2 2 2 2 2 2 2 2 2 0 2 0 2 2 2 2 2 2 0 0 2 2 2 1 0 0 0 0 0 2 2 2 2 2 2 2 2 2 2 2 2 0 2 2 0 2 2 2 0 2 2
1250 0 2 2 2 2 2 2 2 2 2 2 2 2 0 2 2 2 2 0 2 2 2 2 0 0 2 2 2 2 0 2 2 0 2 2 2 2 2 2 2 2 0 2 2 0 2 2 0 2 2 2 2 2 2 2 2 2 2 2 2 2 0 2 2 2 2 2 2 2 2 2 2 2 2 2 0 2 2 2 2 2 2 2 2 2 2 2 2 2 2 2 2 2 2 2 0 2 0 2 2 2 2 2 2 2 2 2 2 2 2 2 0 2 0 2 2 2 2 2 0 2 2 2 2 2 2 2 2 2 2 2 2 2 0 2 2 2 2 2 2 0 2 2 2 2 2 2 2 2 2 2 2 2 2 2 2 2 2 2 2 2 2 2 2 2 2 2 2 2 2 2 2 2 2 2 2 2 2 2 0 2 2 2 2 2 2 2 2 2 0 1 2 2 0 2 2 0 2 2 2 2 2 2 2 2 2 2 2 2 0 2 2 2 2 2 2 2 2 2 2 2 2 2 2 2 2 2 2 2 2 2 2 0 2 2 0 2 0 2 2 2 2 2 2 2
1251 2 0 2 0 0 0 0 0 2 2 2 2 0 2 0 2 2 2 2 2 2 2 0 2 2 2 2 2 2 2 2 2 2 2 0 1 0 0 2 2 2 2 2 0 2 2 2 2 2 2 2 2 2 0 0 0 2 0 2 2 2 2 2 2 2 0 0 0 2 0 2 2 2 2 2 2 2 2 2 2 0 0 2 2 2 2 2 2 0 0 2 2 2 2 0 2 2 2 0 2 2 0 0 2 0 0 2 2 2 0 0 2 2 2 2 2 0 0 2 2 0 0 2 0 2 0 0 0 0 2 2 2 0 2 2 2 0 2 0 2 2 2 2 2 2 0 2 0 1 2 2 0 2 2 2 2 0 2 1 2 0 2 2 0 2 2 0 2 2 2 0 0 2 0 0 2 0 2 2 2 0 2 2 2 2 0 2 2 0 2 2 2 2 2 2 2 2 2 0 0 0 2 2 2 2 2 2 0 2 2 2 2 2 2 0 0 2 2 2 2 2 2 0 0 0 2 2 2 2 0 0 2 2 0 2 2 2 2 2 0 0 2 0 2 2
1252 0 2 0 0 0 0 2 2 2 2 2 0 0 2 2 2 2 2 0 2 2 0 0 2 2 2 2 0 2 0 2 0 2 2 2 1 2 2 2 0 2 2 2 2 0 0 0 0 0 2 2 2 0 2 0 0 2 2 0 2 0 2 2 2 0 0 2 2 2 2 2 2 2 0 2 0 0 0 2 0 2 0 0 2 2 2 0 2 0 2 2 2 0 2 2 2 0 2 2 0 2 0 2 2 0 2 0 2 0 0 0 2 2 2 2 0 0 0 2 2 0 2 2 2 2 2 2 2 2 2 2 2 0 2 2 2 2 2 2 2 0 2 2 2 2 2 2 2 1 2 2 2 0 2 0 0 2 2 2 2 2 2 0 0 2 0 0 1 2 2 0 2 2 0 0 2 2 2 2 0 2 2 2 2 2 2 2 2 0 2 2 2 2 2 2 2 2 0 2 0 2 2 2 2 2 2 2 2 0 2 2 2 0 2 2 2 2 2 2 2 2 2 2 2 0 0 2 2 2 2 2 2 0 0 2 0 2 0 2 2 0 2 0 2 2
1253 2 2 0 2 2 2 2 0 2 2 2 2 2 2 2 2 0 2 2 2 2 2 2 2 0 2 2 2 2 2 2 2 2 2 2 2 2 2 2 2 2 2 2 2 2 0 2 2 0 2 2 2 2 2 2 2 0 2 0 2 2 2 2 2 2 2 2 2 2 2 2 2 2 2 0 2 0 2 2 2 2 2 2 2 2 2 0 2 2 2 2 2 2 0 2 2 2 0 0 0 2 2 2 2 2 2 2 0 2 2 2 2 2 2 2 2 2 2 2 2 2 2 2 2 2 2 2 2 2 2 2 2 2 2 2 2 2 2 2 0 2 2 2 2 2 2 2 2 2 2 2 2 2 2 0 2 2 2 2 2 2 2 2 2 0 2 2 2 2 2 2 2 0 2 2 2 2 2 2 2 2 0 2 2 0 2 2 2 2 2 2 2 2 0 2 2 2 2 2 2 2 2 2 2 2 2 2 2 2 0 2 2 0 2 2 2 2 2 2 2 2 2 2 2 2 2 2 2 2 0 2 2 2 2 2 2 2 2 2 2 2 2 2 2 2
1254 0 0 0 0 0 0 0 0 0 0 0 0 0 0 0 0 0 0 0 0 0 0 0 0 0 0 0 0 0 0 0 0 0 0 0 0 0 0 0 0 0 0 0 2 0 0 0 0 0 0 0 0 0 0 0 0 0 0 0 0 0 0 0 2 0 0 0 0 2 0 0 0 0 0 0 0 0 0 0 0 0 0 0 0 0 0 0 0 2 0 0 0 0 0 0 0 0 0 0 0 0 0 0 0 0 0 0 0 0 2 0 0 0 0 0 0 0 0 2 0 0 0 0 2 0 0 0 0 0 0 0 0 0 0 0 0 0 0 0 0 0 0 0 2 0 0 0 0 0 0 0 0 2 0 0 0 0 0 1 0 0 0 0 0 0 0 0 0 0 0 0 0 0 0 0 0 0 0 0 0 0 0 0 0 0 0 0 0 0 0 0 0 0 0 0 0 0 0 0 0 0 0 0 0 0 0 0 0 0 0 0 0 0 0 0 0 0 0 0 0 0 0 0 0 0 0 0 0 0 0 0 0 0 0 0 2 0 0 2 0 0 0 2 0 0
1255 0 2 2 2 2 2 2 2 2 2 2 2 2 2 2 2 2 2 0 2 2 2 2 2 2 2 2 2 2 0 2 2 2 2 0 2 2 2 2 2 2 2 2 2 0 2 2 2 2 2 2 2 2 2 2 2 2 2 2 2 0 2 2 2 2 2 2 0 2 2 2 2 2 2 2 0 2 2 2 2 2 2 2 2 2 2 2 2 2 0 2 2 2 2 2 2 0 2 2 2 2 2 2 2 0 2 2 2 2 2 2 2 2 2 2 2 2 2 2 2 2 2 2 2 2 2 2 2 2 2 2 0 2 2 2 2 2 2 0 2 2 0 2 2 2 2 2 2 1 2 2 2 2 2 2 2 2 0 1 0 2 2 0 2 2 2 2 1 0 0 2 2 2 2 2 2 0 2 0 0 0 2 2 2 2 2 2 2 2 2 2 2 2 2 2 2 2 2 1 0 2 2 2 2 2 0 2 2 2 2 2 2 2 2 2 2 2 2 2 2 2 2 0 2 2 2 2 2 2 2 2 2 0 2 2 0 2 0 2 0 2 2 2 2 2
1256 0 2 0 0 0 0 0 0 0 0 0 0 0 0 0 0 0 0 0 0 0 0 0 0 0 0 0 0 0 0 0 0 0 0 2 0 0 0 0 1 2 0 0 0 0 0 0 0 0 0 0 0 2 0 0 0 0 0 0 0 0 0 0 0 0 0 0 0 2 0 0 0 0 2 0 0 0 0 0 0 0 0 2 0 0 0 0 0 0 0 0 0 0 0 0 0 0 0 0 0 0 0 2 0 0 0 0 0 0 0 0 0 0 0 2 0 0 1 0 0 0 0 0 0 0 0 2 0 0 0 0 0 0 0 0 2 0 0 0 0 0 0 2 0 1 0 2 0 0 0 0 0 0 0 0 0 0 0 0 0 0 0 0 0 0 0 0 0 0 0 0 0 0 0 0 0 0 0 0 0 0 0 0 0 0 0 0 0 0 0 1 1 0 0 0 0 0 0 0 0 0 0 0 0 0 0 0 0 0 0 0 0 1 1 0 0 0 0 0 0 0 0 0 0 0 0 0 0 0 0 0 0 0 0 0 0 0 0 0 0 0 0 0 0 0
1257 0 0 2 2 2 0 0 2 2 0 2 2 2 0 2 0 0 2 0 2 2 2 2 0 2 0 0 2 2 0 2 2 2 0 0 0 0 0 2 2 2 2 0 0 0 2 2 2 2 2 2 0 2 2 2 2 2 0 2 2 2 2 2 2 0 2 0 2 2 0 0 2 2 2 0 0 2 2 2 2 0 2 0 2 0 0 2 0 2 0 2 2 0 2 2 2 2 0 2 2 0 0 0 2 2 2 2 2 0 0 2 0 2 0 0 2 0 2 2 2 0 2 2 0 2 0 2 0 2 2 0 2 0 2 0 0 0 2 2 0 2 0 0 2 2 2 0 0 1 2 2 2 2 2 0 2 0 0 2 2 2 0 2 2 0 2 2 2 2 2 0 0 0 2 2 0 2 2 2 0 0 0 2 0 2 0 2 2 0 2 1 2 0 0 2 0 2 0 2 2 2 0 2 2 0 2 0 2 2 0 2 2 2 2 2 2 2 1 0 2 2 2 2 0 0 0 2 0 2 2 2 2 0 2 2 2 0 0 2 2 0 2 0 0 0
1258 2 0 2 2 0 2 2 2 2 2 2 2 0 2 2 2 2 2 2 2 2 2 0 2 2 2 2 2 2 2 2 2 2 2 2 2 2 0 2 2 2 2 2 2 2 2 0 2 2 2 2 2 2 2 0 0 2 0 2 2 2 2 2 2 2 0 0 2 2 2 2 2 0 2 2 2 2 2 2 2 2 2 2 0 2 2 2 2 2 2 0 2 2 2 2 2 0 2 2 2 2 2 0 2 2 2 2 2 2 0 0 2 2 2 2 2 2 2 2 2 2 2 2 2 2 2 2 2 2 2 2 2 2 2 2 2 2 0 2 2 2 2 2 0 2 2 2 2 1 2 2 2 2 2 2 2 2 2 0 2 2 2 0 2 2 2 2 1 2 2 2 2 2 2 2 2 2 2 2 2 0 2 2 2 2 0 2 2 2 2 2 0 2 2 2 2 2 2 2 2 2 2 2 2 2 2 2 0 0 2 2 2 2 2 2 2 2 1 2 2 2 0 2 2 2 2 0 2 2 2 0 2 2 2 2 2 2 2 2 2 2 2 0 0 2
1259 2 0 0 0 0 0 2 2 0 2 2 0 0 2 2 2 0 2 2 0 2 0 0 2 2 2 2 0 2 2 2 0 2 2 0 2 2 0 2 2 2 2 2 0 2 0 2 2 0 0 0 2 2 0 0 0 2 0 0 2 2 2 2 2 2 0 0 2 0 2 2 2 2 2 0 2 0 0 2 2 2 2 2 2 2 2 0 2 2 0 2 2 2 2 2 2 2 2 2 0 0 2 0 2 2 2 2 2 2 0 0 2 2 2 2 2 0 2 0 2 0 0 2 0 2 2 0 2 2 2 2 2 2 2 2 2 2 2 2 0 2 2 2 2 2 2 2 2 1 2 2 2 2 2 2 2 2 0 1 2 2 2 2 2 0 0 0 2 0 2 2 0 0 2 0 2 2 2 2 2 2 2 2 2 0 2 0 2 2 2 2 2 2 2 2 2 2 0 2 2 2 0 2 2 2 2 2 2 2 2 0 0 0 2 2 2 2 2 2 2 2 2 2 2 2 2 2 2 2 2 2 2 2 2 0 2 2 2 0 2 0 2 0 2 2
1260 2 2 2 2 2 2 2 2 2 2 2 2 2 2 2 0 2 2 2 2 2 2 2 2 2 2 2 2 2 2 0 2 2 0 2 1 2 2 2 2 2 2 2 2 2 2 2 2 2 2 2 2 2 2 2 2 2 2 2 2 0 2 0 2 2 2 2 2 2 2 2 2 2 2 2 2 2 2 2 2 2 2 2 2 0 2 2 2 2 2 2 2 2 2 2 2 2 2 2 2 2 2 2 0 2 2 2 2 2 2 2 2 2 2 2 2 2 2 2 2 2 2 2 2 2 2 2 2 2 2 2 2 2 2 0 2 2 2 2 2 2 2 2 0 2 2 2 2 2 2 2 2 2 2 2 2 0 2 1 2 2 2 2 2 2 2 0 2 2 2 0 2 2 2 0 2 2 2 2 2 0 2 2 2 2 0 2 2 2 2 2 2 2 2 2 2 0 2 2 2 2 2 0 0 0 2 0 2 2 2 2 2 2 2 2 2 0 2 0 2 2 2 2 2 0 2 2 2 0 2 2 2 2 2 2 2 2 2 2 2 2 2 2 2 2
1261 2 2 2 2 2 2 2 0 2 2 2 2 2 0 2 2 2 2 2 0 2 2 2 0 2 2 2 2 2 2 2 2 2 2 2 2 2 2 2 2 2 2 0 2 2 2 0 2 2 0 2 2 2 2 2 2 2 2 2 2 2 2 2 2 2 2 2 2 2 2 0 2 2 2 2 2 2 2 2 2 2 2 2 2 2 2 2 2 2 2 2 2 2 2 2 2 0 2 0 2 2 2 2 2 2 2 2 2 2 2 2 2 2 2 2 2 2 2 2 2 2 2 2 2 2 2 2 2 2 2 2 2 2 2 2 2 2 2 2 2 2 2 2 2 2 2 2 2 1 2 2 0 2 2 2 2 2 2 2 2 2 2 0 2 2 0 2 1 0 2 2 2 2 2 2 2 2 2 2 2 2 0 2 2 2 2 2 2 2 2 2 2 2 0 2 2 2 2 2 2 0 2 2 2 2 2 2 2 0 0 2 2 2 2 2 2 2 1 2 2 2 2 2 2 2 2 2 2 2 2 2 2 2 2 2 0 2 2 2 2 2 2 2 2 2
1262 0 0 2 2 0 0 0 2 2 2 2 0 0 0 0 2 0 2 0 0 2 0 0 0 2 2 0 0 2 0 2 0 2 2 2 1 2 0 2 2 2 0 2 0 0 2 2 0 2 2 0 2 2 0 0 0 2 0 2 2 2 0 2 2 2 0 0 0 2 2 2 2 2 2 0 0 2 0 2 2 0 2 2 2 2 0 2 2 2 2 2 2 2 2 0 2 0 2 2 2 0 2 0 2 0 2 2 2 0 0 0 2 2 0 2 2 0 2 2 2 2 2 2 0 0 0 0 0 2 0 0 0 2 2 2 0 0 2 2 0 0 2 0 2 2 2 2 2 0 2 2 2 2 0 2 0 0 2 1 2 0 2 0 0 0 2 2 2 2 2 2 0 0 0 2 2 2 0 2 0 2 0 2 0 0 2 2 0 2 2 2 0 2 0 0 0 2 2 0 2 0 0 0 2 2 2 2 0 2 0 0 0 2 2 2 0 0 2 2 2 2 2 0 2 2 2 0 0 2 0 0 0 0 0 0 2 0 0 2 0 0 0 2 0 0
1263 2 2 0 0 2 0 2 0 2 2 2 2 2 2 0 2 0 2 2 0 2 2 2 2 2 0 0 2 2 2 0 2 2 0 0 1 2 2 2 2 0 2 2 0 2 0 0 2 0 2 2 2 0 0 2 2 0 2 0 2 2 2 2 0 0 2 2 2 0 2 2 0 2 0 0 2 0 2 2 2 0 2 0 2 2 0 0 2 0 0 2 2 0 2 2 2 2 0 0 0 0 0 2 0 0 0 0 0 0 2 2 2 2 2 2 0 0 0 0 2 0 0 0 0 2 2 0 0 0 0 0 2 0 2 2 0 2 0 0 0 2 0 0 2 2 0 2 0 1 0 2 2 2 0 2 0 2 0 2 2 2 2 2 0 0 2 2 2 0 2 2 0 0 2 2 2 0 0 2 2 2 0 0 0 2 2 0 0 0 0 1 0 2 2 0 0 2 2 2 0 0 0 0 2 2 0 0 2 0 0 2 0 0 2 2 2 0 1 2 2 2 0 2 2 2 0 0 2 2 2 2 0 2 0 0 2 2 2 0 2 0 0 2 0 0
1264 0 2 2 2 0 0 0 2 2 2 2 2 0 2 0 2 0 2 0 2 2 2 0 2 0 0 0 2 2 0 2 2 0 0 0 2 0 2 2 2 2 0 0 0 0 2 2 0 2 2 2 2 0 2 0 0 2 2 2 2 2 0 2 2 0 0 2 2 2 0 0 2 2 0 0 0 2 2 0 0 0 2 2 2 0 0 2 0 0 0 2 2 2 0 0 0 2 0 2 2 0 0 2 2 0 0 2 0 0 2 0 0 0 0 2 2 0 0 0 0 0 2 2 0 2 0 2 0 2 0 2 0 0 0 0 0 0 2 2 0 0 0 0 0 2 0 2 0 1 0 0 0 0 0 0 0 2 0 0 0 0 0 2 2 0 0 0 2 2 0 0 2 0 2 0 0 2 0 0 0 0 0 2 0 0 0 0 0 0 2 1 0 0 0 2 0 2 0 0 0 0 0 0 2 0 0 0 2 2 0 0 0 2 2 0 2 0 2 0 2 2 2 2 0 0 2 0 0 2 0 2 0 0 2 0 0 0 0 0 0 0 0 0 0 2
1265 2 2 2 2 2 2 2 2 2 2 2 2 2 2 2 2 2 2 2 2 2 2 2 2 2 2 2 2 2 2 2 2 2 2 2 2 2 2 2 2 2 2 2 2 2 2 2 2 2 2 2 2 2 2 2 2 2 2 2 2 2 2 2 2 2 2 2 2 2 2 2 2 2 2 2 2 2 2 2 0 2 2 2 2 2 2 2 2 2 2 2 2 2 2 2 2 0 2 2 2 2 2 2 2 2 2 2 2 2 2 2 2 2 2 2 2 2 2 2 2 2 2 2 2 2 2 2 2 2 0 2 2 2 2 2 2 2 2 2 2 2 0 2 2 2 2 2 2 1 2 2 0 2 2 2 2 2 2 2 2 0 2 0 2 2 2 2 1 2 2 2 2 2 2 2 2 2 2 2 2 2 2 2 2 0 2 2 0 0 2 2 2 2 2 2 2 2 2 2 2 0 2 2 2 2 0 2 2 2 2 2 2 2 2 2 2 2 2 2 2 2 2 2 2 2 2 2 2 2 2 2 2 2 2 2 2 2 2 2 2 2 0 2 2 2
1266 0 2 2 2 2 2 2 2 2 0 2 2 2 2 2 2 2 2 0 2 2 2 2 2 2 2 2 2 2 0 2 2 2 2 2 2 2 2 2 2 2 0 0 2 0 2 2 0 2 2 2 2 2 2 2 2 0 2 2 2 2 0 2 2 0 2 2 2 2 2 0 0 2 2 2 0 2 2 2 2 2 2 0 2 2 2 2 2 2 2 2 2 0 2 2 2 2 2 2 2 2 2 2 2 2 2 2 2 2 2 2 2 0 0 2 0 2 0 2 2 0 2 0 2 2 2 2 2 2 2 2 2 2 2 2 2 2 2 2 2 0 2 2 2 2 2 2 2 2 2 2 0 0 2 2 0 2 2 2 0 0 2 2 2 2 2 2 2 2 0 2 2 2 0 2 0 2 2 0 0 2 2 2 2 0 2 2 2 2 2 1 2 2 2 2 2 2 2 2 0 2 2 2 2 2 2 2 2 2 2 2 2 2 2 2 2 2 2 2 2 2 2 2 2 2 0 2 2 2 2 2 2 0 2 2 2 2 0 2 2 2 2 2 2 2
1267 0 2 2 2 2 2 2 2 2 2 2 2 2 0 2 2 2 2 0 2 0 2 2 0 2 2 2 2 2 0 2 2 2 2 2 2 2 2 2 0 2 0 2 2 0 2 2 0 2 2 2 2 2 2 2 2 2 2 2 2 0 0 2 2 2 2 2 2 2 2 2 2 2 2 2 0 2 2 2 2 2 2 2 2 2 2 2 2 2 2 2 2 2 2 2 2 2 2 2 2 2 2 2 2 2 2 2 2 2 2 2 2 2 0 2 2 2 2 2 2 2 2 2 2 2 2 2 2 2 2 2 2 2 2 2 2 2 2 2 2 0 2 2 2 2 2 2 2 2 2 2 2 2 2 2 2 2 2 2 0 2 2 2 2 2 2 2 2 2 0 2 2 2 2 2 0 2 2 0 0 2 2 2 2 2 2 2 2 2 0 0 2 2 2 2 2 2 2 2 2 2 2 2 2 2 2 2 2 2 2 2 2 2 2 2 2 2 2 2 2 2 2 2 2 2 2 2 2 2 2 2 2 0 2 2 2 2 0 2 2 2 2 2 2 2
1268 2 0 2 2 2 2 2 2 2 2 2 2 2 2 2 0 2 2 2 2 2 2 2 2 2 0 2 2 2 2 2 2 2 2 2 2 2 0 2 2 2 2 2 2 2 2 2 2 2 2 2 2 2 2 2 2 2 0 2 2 2 2 2 2 2 2 0 2 2 2 2 2 2 2 2 2 2 2 2 2 2 2 2 2 2 2 2 2 2 2 2 2 2 2 2 2 2 2 2 2 2 2 0 2 2 2 2 0 2 0 2 2 2 2 2 2 2 2 2 2 2 2 2 2 2 2 2 2 2 2 2 2 2 2 2 2 2 0 2 2 2 2 2 2 2 2 2 2 2 0 2 2 2 2 2 2 2 2 2 2 2 2 2 2 2 2 2 2 2 2 2 2 2 2 2 2 2 2 2 2 2 0 2 2 2 2 2 2 2 2 2 2 2 2 2 2 2 0 2 2 2 2 2 2 2 2 2 2 2 0 2 2 2 2 2 2 2 2 2 2 2 2 2 2 2 2 2 2 2 2 2 2 2 2 2 2 2 2 0 2 2 2 2 2 2
1269 0 2 2 2 2 2 2 2 2 2 2 2 2 2 2 2 2 2 0 2 2 2 2 2 2 2 2 2 2 0 2 2 2 2 2 2 2 2 2 2 2 0 2 2 0 2 2 0 2 2 2 2 2 2 2 2 2 2 2 2 2 0 2 2 2 2 2 2 2 2 2 2 2 2 2 0 2 2 2 2 2 2 2 2 2 2 2 2 2 2 2 2 2 2 2 2 2 2 2 2 2 2 2 2 2 2 2 2 2 2 2 2 2 0 2 2 2 2 2 2 2 2 2 2 2 2 2 2 2 2 2 2 2 2 2 2 2 2 2 2 0 2 2 2 2 2 2 2 2 2 2 2 2 2 2 2 2 2 2 0 2 2 2 2 2 2 2 2 2 0 2 2 2 2 2 2 2 2 0 0 2 2 2 2 2 2 2 2 2 2 2 2 2 2 2 2 2 2 2 2 2 2 2 2 2 2 2 2 2 2 2 2 2 2 2 2 2 2 2 2 2 2 2 2 2 2 2 2 2 2 2 2 0 2 2 2 2 0 2 2 2 2 2 2 2
1270 2 2 2 2 2 2 2 2 2 0 2 0 2 2 2 2 2 2 2 2 2 0 2 2 2 2 2 0 2 2 2 0 2 2 2 2 2 2 2 2 2 2 2 2 2 2 2 2 2 2 2 2 2 2 2 2 2 2 2 2 2 2 0 2 2 2 2 0 2 2 2 0 2 2 2 2 2 0 2 2 2 2 0 2 2 2 2 2 2 2 2 2 0 2 2 2 2 2 2 2 2 2 2 2 2 2 2 2 2 2 2 2 2 2 2 0 2 2 2 2 2 2 0 2 0 2 2 2 2 2 2 2 2 2 2 2 2 2 2 2 2 2 2 2 2 2 2 2 2 2 2 2 2 2 2 2 2 2 2 2 2 2 2 2 2 2 2 2 2 2 2 2 2 2 2 2 2 2 2 2 2 2 2 2 2 2 2 2 2 2 2 2 2 2 2 2 2 2 2 2 2 2 2 0 2 2 2 2 2 2 2 0 2 2 2 2 2 2 2 2 2 2 0 2 2 0 2 2 2 2 2 2 2 2 0 2 2 2 2 2 2 2 2 2 2
1271 0 2 0 2 2 2 2 0 2 0 0 0 2 0 2 2 0 0 0 0 2 0 2 0 0 2 2 0 0 0 2 0 2 0 0 1 2 2 0 2 2 0 2 0 0 0 2 0 0 2 2 2 0 2 2 2 0 2 0 2 2 0 2 0 0 2 2 2 2 2 2 0 2 0 0 0 0 0 2 0 2 2 0 2 0 2 0 0 0 0 2 0 0 2 0 2 0 0 0 0 2 2 2 2 2 2 2 0 2 2 2 0 0 2 0 0 2 0 2 2 0 2 0 0 0 2 2 2 0 0 2 2 2 2 0 2 0 2 0 2 0 2 2 0 0 0 2 2 1 2 2 0 2 2 2 0 0 0 0 0 0 0 0 0 2 2 2 0 0 0 0 0 2 0 2 2 0 2 0 0 0 2 0 2 0 0 2 0 0 2 2 2 0 0 2 2 2 2 0 0 0 0 2 2 0 2 2 0 2 2 2 0 0 0 0 2 2 0 2 0 0 0 2 2 0 0 2 0 2 0 0 2 0 0 0 2 0 0 2 0 2 0 2 0 0
1272 2 2 2 2 2 2 2 2 2 2 2 2 2 0 2 2 2 2 2 2 2 2 2 0 2 2 2 2 2 2 2 2 2 2 2 2 2 2 2 2 2 2 2 2 2 2 2 2 2 2 2 2 2 2 2 2 2 2 2 2 2 2 2 2 2 2 2 2 2 2 2 0 2 2 2 2 2 2 2 2 2 2 0 2 2 2 2 2 2 2 2 2 0 2 2 2 2 0 2 2 2 2 2 2 2 2 2 2 2 2 2 0 2 2 2 0 2 2 2 2 0 2 0 2 2 2 2 2 2 2 2 2 2 2 2 2 2 2 2 2 2 2 2 2 2 0 2 2 2 2 2 2 2 2 2 2 2 2 2 2 2 0 2 2 2 2 2 2 2 2 0 2 2 2 2 2 2 2 2 2 2 2 2 2 2 2 2 2 2 2 2 2 2 2 2 2 2 2 2 2 2 2 2 2 2 2 2 2 2 2 2 2 2 2 2 2 2 1 2 2 2 0 2 2 0 0 2 2 2 2 2 2 2 2 2 2 2 2 2 2 2 2 2 2 2
1273 0 0 0 0 0 0 0 0 0 0 0 0 0 0 2 0 0 0 0 0 0 0 0 0 0 2 0 0 0 0 0 0 0 0 0 0 0 0 0 0 0 0 0 0 0 0 0 0 0 0 0 0 0 0 0 0 0 0 0 0 0 0 0 0 0 0 0 0 2 0 0 0 0 0 0 0 0 0 0 0 2 0 0 0 0 0 0 0 0 0 2 0 0 0 0 0 0 0 0 0 0 0 0 0 0 0 0 0 0 0 0 0 0 0 0 0 0 0 0 0 0 0 0 0 0 0 0 0 0 0 0 0 0 0 0 0 0 0 0 0 0 2 0 0 0 0 0 0 1 0 0 0 0 0 0 0 0 0 0 0 0 0 0 0 0 0 0 0 0 0 0 0 0 0 0 2 0 0 0 0 0 0 0 0 0 0 0 0 0 2 2 2 0 0 0 0 0 0 0 0 0 0 2 0 0 2 0 0 0 0 0 0 0 0 0 2 2 0 0 0 0 0 0 0 0 0 2 0 0 0 0 2 0 0 0 0 0 0 0 0 0 0 2 0 0
1274 2 0 2 2 0 2 0 2 2 2 2 2 0 2 2 2 0 2 0 0 0 2 0 2 0 2 0 2 2 0 2 2 2 2 2 1 0 0 0 0 2 0 2 0 0 2 0 0 2 2 2 2 0 0 0 0 2 0 2 2 2 0 0 2 2 0 0 2 2 2 2 0 2 0 0 0 2 2 2 2 2 2 0 2 2 2 2 0 0 2 2 0 0 2 2 2 2 2 2 2 0 2 0 2 2 2 0 2 2 0 2 0 2 2 2 0 2 2 0 2 2 0 0 0 2 0 2 2 2 2 0 2 0 2 2 0 0 0 2 0 0 2 0 2 2 2 2 0 2 2 0 2 0 0 2 2 2 2 2 2 2 2 2 0 0 2 2 1 2 2 2 2 0 2 2 0 2 0 2 0 2 2 2 0 2 2 2 2 2 2 1 2 0 2 0 0 2 2 2 2 2 0 0 2 2 0 0 2 0 0 2 2 2 2 2 2 0 2 0 0 2 2 2 2 2 0 2 0 0 2 2 2 0 2 2 2 2 0 0 2 2 0 2 2 2
1275 2 2 2 2 0 2 2 2 2 2 2 2 0 2 2 0 2 2 2 0 2 2 0 2 2 0 2 2 2 2 2 2 2 0 2 2 0 2 0 2 2 2 2 2 2 2 2 2 2 2 2 2 2 2 0 0 2 2 2 2 2 2 2 2 2 0 2 2 2 2 2 2 2 2 2 2 2 2 0 2 2 2 2 2 0 2 2 2 2 2 2 0 2 0 2 2 2 2 2 2 2 2 2 2 2 2 2 2 2 2 0 2 2 2 2 2 2 2 0 2 2 2 2 2 2 2 2 0 2 0 2 2 0 2 2 2 2 0 2 2 2 0 2 0 0 2 2 2 2 0 2 2 2 2 2 2 2 2 0 2 2 2 2 2 2 2 2 2 2 2 2 0 2 2 2 2 2 2 2 2 2 2 2 2 2 2 0 0 2 2 2 2 2 2 2 2 2 0 2 2 0 2 0 0 2 2 2 2 2 2 0 2 2 0 2 2 0 0 2 2 0 0 2 2 2 2 2 2 2 2 2 0 2 0 2 2 2 2 0 2 2 2 2 2 2
1276 2 2 2 2 0 2 2 2 2 2 2 2 0 2 2 2 2 2 2 2 2 2 0 2 2 2 2 2 2 2 2 2 2 2 2 0 0 2 2 2 2 2 2 2 2 2 2 2 2 2 2 2 2 2 0 0 2 2 2 2 2 2 2 2 2 0 2 2 2 2 2 2 2 2 2 2 2 2 2 2 2 2 2 2 2 2 2 2 2 2 2 2 2 2 2 2 2 2 2 2 2 2 2 2 2 2 2 0 0 2 0 2 2 2 2 2 2 2 2 2 2 2 2 2 2 2 2 2 2 2 2 2 2 2 2 2 2 2 2 2 2 2 2 2 2 2 2 2 2 2 2 2 2 2 2 2 2 2 2 2 2 2 2 2 2 2 2 2 2 2 2 2 2 2 2 2 2 2 2 2 2 2 2 2 2 2 2 2 2 2 2 2 2 2 2 2 2 2 2 2 2 2 2 2 2 2 2 0 2 2 2 2 2 2 2 2 2 2 2 2 2 2 2 2 2 2 2 2 2 2 0 2 2 2 2 2 2 2 2 2 2 2 2 2 2
1277 2 0 0 0 0 0 2 2 0 0 0 0 0 2 0 0 0 0 2 0 0 0 0 2 0 0 0 0 0 2 2 0 0 0 0 0 0 0 0 0 0 2 0 0 2 0 0 2 0 2 2 0 0 2 0 0 0 0 0 2 2 2 0 0 0 0 0 2 2 0 0 0 0 0 0 2 0 0 0 0 0 0 0 0 0 0 0 0 0 0 0 0 0 0 0 0 0 0 2 0 0 0 0 2 0 0 0 0 0 0 0 0 0 2 2 0 0 0 0 0 0 0 0 0 0 2 0 0 0 0 0 0 0 0 2 0 0 0 0 0 2 0 0 0 0 2 0 0 0 0 2 0 0 0 0 0 0 0 0 2 0 2 0 0 0 0 0 0 0 2 0 0 0 2 0 2 0 0 2 2 0 0 2 0 0 0 0 0 0 0 1 0 0 2 0 0 0 0 0 0 0 0 0 0 2 0 0 0 0 0 0 0 0 0 0 0 0 0 0 0 0 0 2 0 0 0 0 0 0 0 0 0 2 0 0 0 2 2 0 0 0 0 0 0 0
1278 0 0 0 0 0 2 0 0 0 0 0 0 0 0 0 0 0 0 0 0 0 0 0 0 2 0 0 0 0 0 0 0 2 0 0 0 0 0 0 0 0 0 0 0 0 0 0 0 0 0 0 0 0 0 0 0 0 0 0 0 0 0 0 0 0 0 0 0 2 2 0 0 0 0 0 0 0 0 2 0 0 0 0 0 0 0 0 2 0 0 0 0 0 2 0 2 0 0 0 0 0 0 0 0 0 2 0 2 2 0 0 0 0 0 0 0 2 2 0 2 0 0 0 0 0 0 0 0 0 0 0 2 0 2 0 0 0 0 0 0 0 0 0 0 0 2 0 0 1 0 0 0 0 0 0 0 0 0 0 2 0 2 0 0 0 0 2 0 0 2 2 0 0 0 2 0 0 0 2 0 0 0 0 0 0 0 0 0 0 0 0 0 2 0 0 0 2 0 0 0 0 0 0 0 0 0 2 2 0 0 0 2 0 0 0 0 0 0 0 0 0 0 0 0 2 0 0 0 2 0 2 2 0 0 2 0 0 0 0 0 2 0 0 0 0
1279 2 2 2 2 2 2 2 2 2 2 2 2 2 2 0 2 2 2 2 2 2 2 2 2 2 2 2 2 2 2 2 2 2 2 2 2 2 2 2 2 2 2 2 2 2 2 2 2 2 2 2 2 2 2 2 2 0 2 2 2 2 2 2 2 2 2 2 2 2 2 2 2 2 2 2 2 2 2 2 2 2 2 2 2 2 2 2 2 2 2 2 2 2 2 2 2 2 2 2 2 2 2 2 2 2 2 2 2 2 2 2 2 2 2 2 2 0 2 2 2 2 2 2 2 0 2 2 2 2 2 2 2 2 2 2 2 2 2 0 2 2 2 2 2 2 2 2 2 1 2 2 2 2 1 2 2 2 2 2 2 2 2 2 2 2 2 2 2 2 2 2 2 2 2 2 2 0 2 2 2 2 2 2 2 2 2 2 2 2 2 2 2 2 2 2 2 2 2 2 0 2 2 2 2 2 2 2 0 2 2 2 2 2 2 2 0 2 2 0 2 2 2 2 2 2 2 2 2 2 2 0 2 2 2 2 2 2 2 2 2 0 2 2 2 2
1280 2 2 2 2 2 2 2 2 2 2 2 2 2 2 2 0 2 2 2 2 2 2 2 2 2 2 2 2 2 2 2 2 2 2 0 2 2 2 2 2 2 2 2 2 2 2 2 2 2 2 2 2 2 2 2 2 2 2 2 2 2 2 2 2 2 2 2 0 2 2 2 2 2 2 2 2 2 2 2 2 2 2 2 2 0 2 2 2 2 0 2 2 2 2 2 2 2 2 2 2 2 2 2 2 2 2 2 2 2 2 2 2 2 2 2 2 2 2 2 2 2 2 2 2 2 2 2 2 2 2 0 2 2 2 2 2 2 2 2 2 2 2 2 2 0 2 2 2 2 2 2 2 2 2 2 2 2 0 1 2 2 2 2 2 2 2 2 2 2 2 2 0 2 2 2 2 2 2 2 2 2 2 0 2 2 2 2 2 0 2 2 2 2 2 2 2 2 2 2 2 2 2 2 0 2 0 2 2 2 2 2 2 2 0 2 2 2 2 2 2 0 2 0 2 2 2 2 2 2 2 2 0 2 2 2 2 2 2 2 2 2 2 2 2 2
1281 2 2 2 2 2 0 2 2 2 2 2 2 2 2 2 2 2 2 2 2 2 2 2 2 2 2 2 2 2 2 2 2 2 0 2 2 2 2 2 2 2 2 2 2 2 2 2 2 2 2 2 2 2 2 2 2 2 2 2 2 2 2 2 2 2 2 2 2 2 2 2 2 2 2 2 2 2 2 2 2 2 2 2 2 2 2 2 2 2 2 2 2 2 2 0 2 0 2 2 2 2 0 2 2 2 2 2 2 2 2 0 2 0 2 2 2 2 2 2 2 2 2 2 2 2 2 2 2 2 2 2 2 2 2 2 2 0 2 2 2 2 2 2 2 2 2 2 2 1 2 2 2 2 2 2 2 0 2 2 2 2 2 0 2 2 2 2 1 2 2 0 2 2 2 2 2 2 2 2 2 0 2 2 2 2 0 2 2 2 2 2 2 2 2 0 2 2 2 0 2 2 2 2 2 2 2 2 2 2 0 2 2 2 2 2 2 2 2 2 2 2 2 2 2 0 2 2 2 2 2 2 2 2 2 2 2 2 2 2 0 2 0 0 2 2
1282 2 2 2 2 2 2 2 2 2 2 2 2 2 2 2 2 0 2 2 2 2 2 2 2 2 2 0 2 2 2 2 2 2 2 2 1 2 2 2 2 2 2 2 2 2 2 2 2 2 2 2 2 0 2 2 2 2 2 2 2 2 2 2 2 2 2 2 2 2 2 2 2 2 0 0 2 2 2 2 2 0 2 2 2 2 0 2 2 2 2 0 2 2 2 2 2 2 2 2 2 0 2 2 2 2 2 0 2 2 2 2 2 2 2 2 2 2 2 2 2 2 2 2 2 2 2 2 0 0 2 2 2 2 2 2 0 2 2 2 0 2 0 0 2 2 2 2 0 2 2 2 2 2 0 2 2 0 2 2 2 0 2 2 0 0 2 2 2 2 2 2 2 0 2 2 2 2 0 2 2 2 2 2 0 0 2 2 2 2 2 2 2 2 2 2 0 2 2 2 2 2 0 2 2 2 2 2 2 2 2 2 2 2 2 2 2 2 2 2 2 2 2 2 2 2 2 2 0 2 2 2 2 2 2 2 2 2 2 2 2 2 2 2 2 0
1283 2 2 0 2 2 2 2 2 2 2 2 2 2 2 2 2 2 0 2 2 1 2 2 2 2 0 2 2 0 2 2 2 0 2 0 2 0 2 2 1 2 2 0 2 2 0 0 2 0 1 2 0 2 2 2 2 2 2 0 1 2 2 2 2 2 2 2 2 2 0 0 1 2 2 2 2 0 2 2 2 2 2 2 2 2 0 0 2 0 0 2 2 2 2 2 0 2 2 2 0 2 2 2 0 2 2 2 2 2 2 2 2 2 2 2 0 2 0 2 0 2 2 2 2 0 2 2 2 2 2 2 0 2 0 2 2 2 2 2 2 2 2 2 2 2 0 0 2 2 2 0 2 0 2 0 0 2 0 1 0 2 0 2 2 2 2 2 2 2 0 2 0 2 2 2 2 0 2 0 2 2 2 0 2 2 2 0 2 0 2 2 2 2 2 2 2 0 0 2 2 2 0 2 2 2 0 0 2 0 2 2 2 0 2 0 2 2 2 0 2 2 0 2 0 2 2 2 2 0 2 2 2 2 2 2 2 2 2 2 2 2 2 2 0 0
1284 2 2 0 0 2 2 2 2 2 2 2 1 2 2 0 2 2 2 2 2 2 0 2 2 2 2 2 0 2 2 2 0 2 1 2 2 2 2 2 0 2 2 2 2 2 0 2 2 0 0 2 2 2 2 2 2 2 2 0 0 2 2 0 2 2 2 2 2 2 2 2 0 0 2 2 2 0 1 2 2 2 2 2 0 2 2 0 2 2 2 2 2 2 2 2 2 2 1 2 0 2 2 2 2 2 2 2 2 2 2 2 2 2 2 2 0 0 2 0 2 0 2 2 2 2 0 2 2 2 2 2 2 2 2 2 2 2 2 2 2 2 2 2 2 2 2 2 0 1 2 2 2 2 2 2 0 2 1 2 2 2 2 2 2 2 0 2 2 2 2 2 2 2 0 2 2 2 2 2 2 2 2 2 2 2 2 2 2 2 2 2 2 2 2 1 2 2 2 2 2 2 2 2 2 2 2 2 2 2 0 0 2 0 2 2 0 2 2 2 2 2 2 2 2 2 2 1 2 2 0 2 2 2 2 2 2 0 2 2 2 0 2 0 2 2
1285 0 0 0 0 0 0 0 2 0 0 0 0 0 2 0 0 2 2 0 0 0 0 0 2 0 0 2 0 2 0 0 0 2 0 2 1 2 0 0 0 2 0 2 2 0 0 2 0 0 0 0 2 2 0 0 0 2 0 0 0 0 0 0 2 2 0 0 2 2 2 2 0 2 2 2 0 0 0 0 2 2 2 0 2 0 0 0 0 0 2 2 0 0 0 0 2 0 2 2 0 2 0 0 2 2 0 2 0 0 0 0 0 0 2 0 0 0 2 0 2 0 0 2 2 0 0 2 2 0 0 2 2 0 2 2 2 0 0 0 2 0 2 2 0 0 2 2 0 0 2 0 0 2 2 0 0 0 2 1 0 2 2 0 2 2 0 0 0 2 0 0 2 2 0 0 0 0 2 0 0 0 2 2 2 2 0 0 0 2 2 1 0 0 0 0 2 0 0 0 2 2 0 0 0 2 0 0 0 2 0 0 0 0 0 0 0 0 1 0 0 0 0 2 2 0 0 0 0 0 0 0 0 0 2 0 2 2 0 0 0 0 2 0 0 0
1286 0 2 2 2 2 2 2 2 0 0 2 2 2 2 2 2 2 2 0 2 2 2 2 2 2 2 2 2 2 0 2 2 2 2 2 2 2 2 2 2 2 0 2 2 0 2 2 0 2 2 2 2 2 2 2 2 2 2 2 2 2 0 2 2 0 2 2 2 2 2 2 2 2 2 2 0 2 2 2 2 2 2 2 2 2 2 2 2 2 2 2 2 2 2 2 2 2 2 2 2 2 2 2 2 0 2 2 2 2 2 2 2 2 2 2 2 2 0 2 2 2 2 2 2 2 2 2 2 0 2 0 2 2 2 2 2 2 2 0 2 0 2 2 2 2 2 2 2 2 2 2 2 2 2 2 2 2 2 2 2 2 2 2 2 2 2 2 2 2 2 2 2 2 2 2 2 0 2 2 0 2 2 2 2 2 2 2 2 2 2 2 2 2 2 2 2 2 2 2 2 2 2 2 2 2 2 2 2 2 2 2 2 2 2 2 2 2 2 2 2 2 2 2 2 2 2 2 2 2 2 2 2 0 0 2 2 0 0 2 2 2 2 2 2 2
1287 0 2 0 0 0 2 0 0 0 0 0 0 0 0 0 2 0 0 0 0 0 0 0 0 2 0 2 0 0 0 0 0 0 0 2 2 0 2 0 2 0 0 0 0 0 1 2 0 0 0 0 0 0 0 0 0 0 2 0 0 0 0 0 2 0 0 2 0 2 0 0 0 2 0 0 0 0 0 0 0 2 2 0 2 0 2 0 0 0 2 0 0 0 0 2 0 0 0 0 1 2 2 2 0 2 2 2 0 0 2 2 0 0 0 0 0 2 0 2 0 0 0 0 0 0 0 0 2 2 2 2 0 2 0 2 2 2 2 1 2 0 2 2 0 0 2 0 0 1 0 0 2 0 2 0 0 0 2 1 2 2 2 0 2 2 2 0 2 2 2 0 2 2 0 0 2 0 2 2 0 0 0 2 2 2 2 0 2 2 0 0 0 0 2 2 2 0 0 2 0 0 2 0 0 2 2 0 0 2 0 0 0 0 0 0 0 0 1 0 2 0 0 0 2 0 0 0 0 0 0 0 2 0 2 0 0 2 0 2 2 2 2 2 2 2
1288 2 2 2 2 0 2 0 2 2 2 2 2 0 2 2 2 2 2 2 2 0 2 2 2 2 2 2 2 2 2 2 2 2 2 2 2 0 2 2 2 2 2 2 2 2 2 2 2 2 0 2 2 2 0 2 2 2 2 2 2 2 2 2 2 2 0 2 2 2 2 2 2 2 2 2 2 2 2 2 2 2 2 2 2 0 2 2 2 2 2 2 2 2 2 2 2 2 2 2 2 2 2 2 2 2 2 2 0 2 2 2 2 2 2 0 2 2 0 2 2 2 2 2 2 2 0 2 2 2 2 2 2 2 2 2 2 2 2 2 2 2 2 2 2 2 2 2 2 2 2 2 2 2 2 2 0 2 2 2 2 2 2 2 2 2 2 2 2 2 2 2 2 2 2 2 2 2 2 2 2 2 2 2 2 2 2 2 2 2 2 2 0 2 2 2 2 2 2 2 2 2 2 2 2 2 2 2 2 2 2 0 2 2 2 2 2 2 1 2 2 2 0 2 2 2 2 0 2 2 2 2 2 2 2 2 2 2 2 2 2 2 2 2 2 2
1289 0 0 2 2 0 0 0 0 2 0 0 2 0 0 0 0 0 0 0 0 0 2 0 0 0 0 0 2 0 0 0 2 0 2 0 0 0 0 0 0 2 0 2 2 0 2 0 0 2 0 2 2 2 2 0 0 0 0 2 0 2 0 0 2 2 0 0 2 2 0 2 0 0 2 0 0 2 2 0 2 0 2 0 0 0 0 2 0 2 0 0 0 0 0 0 0 2 2 0 2 0 0 0 0 0 0 0 0 0 0 0 0 0 0 0 0 0 0 0 0 0 2 0 2 0 0 2 0 0 0 2 0 0 0 2 0 0 0 2 0 0 0 0 2 2 0 2 0 1 2 0 0 0 0 0 2 0 0 1 0 0 0 2 0 0 0 0 2 2 0 0 0 0 2 0 0 2 0 0 0 2 2 0 0 0 0 0 0 0 0 1 2 0 0 0 0 0 0 0 2 2 0 0 0 2 0 0 0 0 0 2 0 2 2 0 0 0 0 0 2 2 0 2 0 0 0 2 2 0 0 0 0 0 0 0 0 0 0 0 0 0 0 0 0 0
1290 2 2 2 2 2 0 2 2 2 2 0 2 2 0 2 0 2 0 2 0 0 2 2 0 2 2 2 2 0 2 0 2 2 2 2 2 2 2 0 2 2 2 2 2 2 2 2 2 2 0 2 2 2 2 2 2 2 2 2 0 2 2 2 2 2 2 2 2 2 2 2 2 2 2 2 2 2 2 2 2 2 2 2 2 0 0 2 2 2 2 2 0 2 2 0 2 2 2 2 2 2 0 2 2 2 2 2 2 2 2 2 2 2 2 0 2 0 2 2 2 2 2 2 2 2 2 2 2 2 0 2 2 0 2 2 2 2 0 2 2 2 2 2 2 2 2 2 2 1 2 2 2 2 2 2 2 2 0 2 2 2 2 2 2 2 2 2 2 2 2 2 2 2 2 2 2 2 2 2 2 2 2 2 2 2 2 2 0 2 2 2 2 2 2 0 2 2 2 2 2 2 0 2 2 2 2 2 2 2 2 2 2 2 2 2 2 2 1 2 2 2 0 2 2 2 2 2 2 2 2 2 0 2 2 2 2 2 2 2 2 0 2 2 2 2
1291 0 2 2 2 2 2 2 2 2 0 2 2 2 0 2 2 2 2 0 2 2 2 2 0 2 2 2 2 2 0 2 2 2 2 2 2 2 2 2 2 2 0 0 0 0 2 2 0 2 2 2 2 2 2 2 2 2 2 2 2 2 0 2 2 0 2 2 2 2 2 0 2 2 2 2 0 2 2 2 2 2 2 2 2 2 2 2 2 0 2 2 2 2 2 2 2 2 2 2 2 2 2 2 2 0 2 2 2 2 2 2 2 2 0 2 2 2 0 2 2 2 2 2 0 2 2 2 2 2 2 2 2 2 2 2 2 2 2 2 2 0 2 2 2 2 2 2 2 2 2 2 2 2 2 2 2 2 2 2 0 2 2 2 2 2 2 2 2 2 0 2 2 2 2 2 2 2 2 0 0 2 2 2 2 2 2 2 2 2 2 2 2 2 2 2 2 2 2 2 0 2 2 2 2 2 2 2 2 2 2 2 2 2 2 2 2 2 2 2 2 2 2 2 2 2 2 2 2 2 2 2 2 0 2 2 2 2 0 2 2 2 2 2 2 2
1292 2 0 2 2 2 2 2 2 2 2 2 2 2 2 2 2 2 2 2 2 2 2 2 2 0 2 2 2 2 2 2 2 0 2 2 2 2 0 2 2 2 2 2 2 2 2 2 2 2 2 2 2 2 2 2 2 2 0 2 2 2 2 2 2 2 2 0 2 2 0 2 2 2 2 2 2 2 2 2 2 2 2 2 2 2 2 2 0 2 2 2 2 2 2 2 0 2 2 2 2 2 2 0 2 2 2 2 2 2 0 0 2 2 2 2 2 2 2 2 0 2 2 2 2 0 2 2 2 2 2 2 0 2 0 2 2 2 2 2 2 2 2 2 2 2 2 2 2 2 2 2 2 2 2 2 2 2 2 2 2 2 2 2 2 2 2 2 2 2 2 2 2 2 2 2 2 2 2 2 2 2 2 2 2 2 2 2 2 2 2 1 2 0 2 2 2 2 2 2 2 2 2 2 2 2 2 2 2 2 2 2 2 2 2 2 2 2 2 2 2 2 2 2 2 2 2 2 2 2 2 2 2 2 2 2 2 2 2 2 2 2 2 2 2 2
1293 0 2 2 2 2 2 2 2 2 0 2 2 2 0 2 2 2 2 0 2 2 2 2 0 2 2 2 2 2 0 2 2 2 2 2 2 2 2 2 2 2 0 2 2 0 2 2 0 2 2 2 2 2 2 2 2 2 2 2 2 2 0 2 2 2 2 2 2 2 2 2 2 2 2 2 0 2 2 2 2 2 2 2 2 2 2 2 0 2 2 2 2 2 2 2 2 0 2 2 2 2 2 2 2 2 2 2 2 2 2 2 2 2 2 2 2 2 2 2 2 2 2 2 2 0 2 2 2 2 2 2 2 2 2 2 2 2 2 2 2 0 2 2 2 2 2 2 2 1 2 2 2 2 2 2 2 2 2 2 2 2 2 0 2 2 2 2 1 2 2 2 2 2 2 2 2 2 2 2 0 2 2 2 2 2 2 2 2 2 2 2 2 0 2 2 2 2 2 2 2 2 2 2 2 2 2 2 2 2 2 0 2 2 2 2 2 2 1 2 2 2 0 2 2 2 2 2 2 2 2 2 2 0 2 2 2 2 0 2 2 2 2 2 2 2
1294 0 2 0 2 2 2 0 2 2 0 2 2 2 0 2 2 2 2 0 2 2 2 2 0 2 2 2 2 2 0 0 2 2 2 2 2 2 2 2 0 0 2 2 2 0 0 2 2 0 2 0 2 2 2 2 2 0 2 0 2 0 0 2 0 2 2 2 2 0 2 2 0 2 2 2 0 0 2 2 2 2 2 2 2 2 2 0 0 2 2 2 2 2 2 2 2 2 2 2 0 2 2 2 0 2 2 2 2 2 2 2 2 2 2 2 0 2 2 2 2 2 0 2 2 0 0 0 2 2 2 2 0 2 2 0 2 2 2 0 2 2 2 2 2 2 2 2 2 2 2 2 2 2 2 2 2 2 2 2 0 2 2 2 2 2 2 2 2 2 0 2 2 2 2 2 2 0 2 0 2 2 2 2 2 2 2 2 2 2 2 2 2 0 2 2 2 2 2 2 2 2 2 2 2 0 2 2 2 2 2 2 2 0 2 2 2 2 1 0 2 2 0 2 2 2 2 2 2 2 0 2 2 2 2 2 2 0 2 2 2 2 2 2 2 2
1295 0 2 0 0 0 0 0 0 0 0 2 0 0 0 0 0 0 0 0 0 0 0 0 0 2 0 0 0 0 0 0 0 2 0 0 0 0 2 0 0 0 0 0 0 0 0 0 0 0 0 0 0 0 0 0 0 0 2 0 0 0 0 0 0 0 0 2 0 0 0 0 0 0 0 0 0 0 0 0 0 0 0 0 0 0 0 0 0 0 0 0 0 0 0 0 2 0 0 0 0 0 0 2 0 0 0 0 0 0 2 2 0 0 0 0 0 0 0 0 2 0 0 0 0 0 0 0 0 0 0 0 0 0 2 0 0 0 0 0 0 0 0 0 0 0 0 0 0 0 0 0 0 0 0 0 0 0 0 0 0 0 0 0 0 0 0 0 0 0 0 0 0 0 0 0 0 0 0 0 0 0 0 0 0 0 0 0 0 0 2 1 0 0 0 0 0 0 0 0 0 0 0 0 0 0 0 0 0 0 0 0 0 0 0 0 0 0 1 0 0 0 0 0 0 0 0 0 0 0 0 0 0 0 0 0 0 0 0 0 0 0 0 0 0 0
1296 2 2 2 2 2 2 2 0 2 2 2 2 2 2 2 2 2 2 2 2 2 2 2 2 2 2 2 2 2 2 2 2 2 2 2 2 2 2 2 2 2 2 2 2 2 2 2 2 2 2 2 2 2 2 2 2 2 2 2 2 2 2 2 2 0 2 2 2 2 2 2 2 2 2 2 2 2 2 2 2 2 2 2 2 2 2 2 2 0 2 2 2 2 2 2 2 2 2 0 2 2 2 2 2 0 2 2 2 2 2 2 2 0 2 2 2 2 2 2 2 0 2 2 2 2 2 2 0 2 2 2 2 2 2 2 2 2 2 2 2 2 2 2 2 2 2 2 2 2 2 2 2 2 2 2 2 2 2 2 2 2 2 2 2 2 2 2 2 2 2 2 2 2 0 2 2 2 2 2 2 0 2 2 2 2 2 2 2 2 2 2 2 2 2 2 2 2 2 2 2 2 2 0 2 2 2 2 0 2 2 2 2 2 2 2 2 0 2 2 2 2 2 2 2 2 2 2 2 2 2 0 2 2 2 2 2 2 2 2 2 2 2 2 2 2
1297 1 2 2 1 2 2 2 2 2 2 0 2 2 2 2 2 2 0 2 2 0 2 2 2 2 2 2 2 0 2 2 2 2 2 2 2 2 2 0 2 0 2 2 2 2 2 2 2 2 0 2 2 2 2 2 2 2 2 2 0 2 2 2 2 2 2 2 2 2 2 2 2 2 2 2 2 2 2 2 2 2 2 2 2 0 2 2 2 2 2 2 0 2 2 2 2 2 2 2 2 2 2 2 2 2 2 2 2 2 2 2 2 2 2 0 2 2 2 2 2 2 2 2 2 2 2 0 2 2 2 2 2 2 2 2 2 2 2 2 2 2 0 2 2 2 2 2 2 2 2 2 1 2 2 2 2 2 2 2 2 2 2 2 2 2 2 2 2 2 2 2 2 2 2 2 2 2 2 2 0 2 2 2 2 2 2 2 2 2 2 2 2 2 2 2 2 0 2 2 2 2 2 2 2 2 2 2 2 2 2 2 2 2 2 2 2 2 2 2 2 2 2 2 2 2 2 2 2 2 2 2 2 0 2 2 2 2 0 2 2 2 2 2 0 2
1298 2 2 2 2 2 2 2 2 2 2 2 2 2 2 0 2 2 2 2 2 2 2 2 2 2 2 0 2 2 2 2 2 2 2 0 1 2 2 2 2 2 2 2 0 2 2 2 2 2 2 2 2 2 2 2 2 0 2 2 2 2 2 2 2 2 2 2 2 2 2 2 2 2 2 2 2 2 2 2 2 0 2 2 2 2 0 2 2 0 0 2 2 2 2 0 2 2 2 2 2 2 0 2 2 0 0 2 2 2 2 2 2 2 2 2 2 2 2 2 2 2 2 2 0 2 2 2 2 2 2 2 0 2 2 2 0 2 2 2 0 2 2 0 2 2 2 2 0 1 2 2 2 2 2 2 2 2 0 1 2 2 2 2 2 0 0 2 2 2 2 2 0 0 2 2 2 2 2 2 2 2 2 2 0 2 2 2 2 2 2 2 0 2 2 2 0 2 2 2 2 2 0 2 2 2 2 2 2 2 2 2 2 2 2 2 0 2 2 0 2 2 2 2 2 2 2 0 2 2 2 2 2 2 2 2 2 2 2 2 2 2 2 2 0 2
1299 0 2 0 0 2 0 0 0 0 0 0 2 2 2 0 0 0 0 0 0 0 2 0 2 2 0 0 2 0 0 0 2 0 0 0 0 2 2 0 0 0 0 0 0 0 0 0 0 0 0 0 0 0 2 0 0 2 2 0 0 0 0 2 2 0 2 2 2 2 0 0 0 0 0 0 0 0 2 0 0 0 0 0 0 0 0 0 0 0 0 0 0 0 0 2 0 2 0 0 0 2 0 2 0 0 0 0 0 2 2 2 0 0 2 0 0 0 0 0 0 0 2 0 0 0 0 0 0 0 0 0 0 0 0 0 0 0 0 0 0 0 0 0 0 0 0 0 0 1 0 0 0 0 0 2 0 0 0 0 0 0 0 2 0 0 0 0 2 0 0 0 0 0 0 0 0 0 0 0 2 2 0 0 0 0 0 0 0 0 2 1 0 0 0 0 0 0 0 2 0 0 0 2 0 0 0 0 2 0 2 0 0 0 0 2 0 2 0 0 2 0 0 2 0 0 0 0 0 0 0 2 0 2 0 0 0 0 2 0 2 0 0 0 0 0
1300 2 2 2 0 2 2 2 2 1 1 2 0 2 2 2 0 2 1 2 2 2 0 2 2 2 2 2 0 2 2 2 0 0 2 2 2 2 2 2 2 2 2 2 2 2 2 2 2 2 2 2 2 2 2 2 2 2 2 2 2 2 1 2 2 2 2 2 2 2 0 2 2 0 2 2 2 2 0 2 2 2 2 0 0 2 2 2 2 2 2 2 2 0 2 2 0 2 2 2 2 2 2 2 2 2 2 2 2 1 2 2 0 2 2 2 2 2 2 2 0 2 2 2 2 2 2 2 2 2 0 2 2 0 0 2 2 2 2 2 2 2 2 2 2 2 2 2 2 2 2 2 2 2 2 2 2 2 2 2 0 0 2 2 2 0 2 2 2 2 2 1 2 2 2 2 2 2 2 2 2 2 2 2 2 0 2 2 0 2 2 2 1 2 2 2 2 2 2 2 2 2 0 2 2 2 2 2 2 2 2 2 2 2 2 2 2 1 2 2 2 2 2 2 2 1 0 2 2 2 0 2 0 2 2 2 2 2 2 2 2 2 2 2 0 2
1301 2 0 2 2 2 2 2 2 2 2 2 0 2 2 2 2 2 0 2 2 2 0 2 2 0 0 2 0 0 2 2 0 2 2 2 2 0 0 2 2 2 2 2 2 2 2 2 2 2 2 2 2 2 2 2 2 2 0 2 2 2 2 2 2 2 2 0 2 2 0 2 2 2 2 2 2 2 0 2 2 2 2 2 2 2 2 2 2 2 2 2 2 2 1 2 2 2 2 2 2 2 2 0 2 2 2 2 0 2 0 2 2 2 2 2 2 2 2 2 2 2 2 2 2 2 2 2 2 2 2 2 2 2 2 2 2 2 2 2 2 2 2 2 2 2 2 2 2 2 2 2 2 2 2 2 2 2 2 2 2 2 2 2 2 2 2 2 2 2 2 2 2 2 2 2 2 2 2 2 0 2 2 2 2 2 2 0 2 2 2 2 2 2 2 2 2 2 2 2 2 2 2 2 2 2 2 0 2 2 2 2 2 2 2 2 2 2 1 2 2 2 0 2 2 2 2 2 2 2 2 2 2 0 2 2 2 2 0 2 2 2 2 2 2 2
1302 2 2 2 2 2 2 2 2 2 2 2 2 2 2 2 2 2 2 2 2 2 2 2 2 2 2 2 2 2 2 2 2 2 2 2 0 2 2 2 2 2 2 2 2 2 2 0 2 2 2 2 0 2 2 2 2 2 2 2 2 2 2 2 2 0 2 2 2 2 2 2 2 2 2 2 2 2 2 2 2 2 2 2 2 2 0 2 2 2 2 2 2 2 2 2 2 2 2 2 2 2 2 2 2 2 2 0 2 2 2 2 2 0 2 2 2 2 2 2 2 2 2 2 2 2 2 2 2 2 2 2 2 2 2 2 2 2 2 2 2 2 2 0 2 2 2 0 2 2 2 2 2 2 2 2 2 2 2 2 2 2 2 2 0 2 2 2 2 2 2 2 2 2 2 2 2 2 2 2 2 2 2 2 2 2 2 2 2 0 2 2 2 2 2 0 2 2 2 2 2 2 2 2 2 2 2 2 2 0 2 2 2 2 2 2 2 2 2 2 2 2 2 2 2 2 2 2 0 2 2 2 2 2 0 2 2 2 2 2 2 2 0 2 2 2
1303 2 2 2 2 2 2 2 2 2 2 2 0 2 2 2 2 2 2 2 2 2 0 2 2 2 2 2 0 2 2 2 0 2 2 0 2 2 2 2 2 2 2 2 2 2 2 0 2 2 2 0 2 2 2 2 2 0 2 2 2 2 2 2 2 0 2 2 2 2 2 0 2 2 2 2 2 2 0 2 2 2 2 2 2 2 2 2 2 2 0 2 2 2 2 2 2 2 2 2 2 2 2 2 2 2 0 2 2 0 2 2 2 2 2 2 2 2 2 2 2 2 2 2 2 2 2 2 2 2 2 0 2 2 2 2 2 2 2 2 2 2 2 2 2 2 2 2 2 2 2 2 2 2 2 2 2 2 0 1 2 2 2 2 2 2 2 2 2 2 2 2 2 2 2 2 2 2 2 2 2 0 2 2 2 2 2 2 2 2 2 2 2 2 2 2 2 2 2 0 0 2 2 0 2 2 2 2 0 0 2 2 2 2 2 2 2 0 1 2 2 2 2 2 2 2 2 2 2 2 2 0 2 2 2 2 2 2 2 2 0 2 2 0 2 2
1304 0 2 2 2 2 2 2 2 2 0 2 0 2 2 2 0 0 2 2 2 2 0 2 2 2 2 2 0 2 2 2 0 2 2 0 1 2 2 2 2 0 0 2 1 0 2 0 2 2 2 0 1 2 2 2 2 0 2 2 2 2 0 2 2 0 2 2 0 2 2 0 2 0 2 0 2 2 0 2 2 2 2 2 0 2 0 2 0 2 0 2 2 2 2 2 2 2 2 2 2 2 2 2 2 2 0 0 2 0 2 2 2 0 0 2 2 0 1 2 2 0 2 2 1 0 2 0 2 2 0 0 2 0 2 0 2 0 0 2 2 0 2 0 2 2 2 1 2 2 2 2 0 0 2 2 2 0 0 1 0 2 2 2 0 2 2 2 2 2 0 0 2 2 2 2 2 2 2 0 2 0 2 0 2 2 0 2 0 0 2 2 0 0 2 0 2 2 2 0 0 2 2 0 2 0 2 2 0 0 2 2 1 2 2 2 0 0 1 2 2 2 2 0 0 0 2 0 2 2 0 0 0 2 0 1 2 0 2 2 0 0 0 0 2 2
1305 0 0 0 2 2 2 2 2 0 0 0 0 2 2 2 2 2 0 2 2 0 0 2 2 0 0 2 0 0 2 0 0 0 2 2 2 0 0 2 0 0 0 0 2 0 0 2 2 0 0 0 2 2 2 2 2 0 0 0 0 2 0 0 2 0 2 0 2 2 0 2 2 0 2 2 2 0 0 2 2 0 2 0 0 0 2 0 2 2 2 0 2 0 1 2 0 2 2 2 0 2 2 0 2 2 0 2 0 2 0 2 0 2 0 0 2 2 2 2 0 2 0 2 2 2 2 0 0 2 2 2 2 2 0 2 2 2 2 0 2 0 2 2 0 0 2 2 2 2 2 2 2 2 2 2 0 2 2 1 0 2 2 2 2 2 2 2 2 2 0 2 2 2 2 2 0 0 2 0 2 2 2 0 2 2 2 0 2 2 2 2 2 2 2 2 2 0 2 2 0 2 2 2 2 2 0 0 2 2 2 2 2 0 0 2 2 2 1 2 0 0 0 2 2 2 0 2 2 0 2 2 2 2 2 2 0 0 2 2 2 2 2 0 0 2
1306 0 2 0 2 2 0 0 2 0 0 0 0 2 0 0 0 0 0 0 0 0 0 2 0 2 2 2 0 0 0 0 0 0 0 0 1 2 2 0 2 2 0 2 2 0 0 0 0 0 2 0 2 0 0 2 2 2 2 0 2 0 0 0 2 0 2 2 0 0 0 0 0 0 0 0 0 0 0 2 0 0 0 0 0 0 0 0 2 2 0 0 0 0 2 0 0 0 0 2 0 0 0 2 0 0 0 2 2 2 2 2 0 0 0 2 0 0 0 2 0 2 0 0 2 2 0 2 2 2 0 0 2 0 0 0 2 0 0 0 2 0 2 0 2 0 2 2 2 0 0 2 0 0 0 0 0 0 2 1 0 0 2 0 2 0 2 2 0 0 0 2 0 2 0 2 0 0 0 0 0 0 0 2 2 0 0 2 0 2 0 1 2 2 0 0 2 0 2 0 0 0 0 2 0 0 0 2 0 0 0 0 2 0 0 0 0 2 1 2 0 0 2 0 2 2 0 2 0 2 0 2 0 0 2 2 0 0 0 2 0 0 2 2 0 0
1307 2 2 2 2 2 2 2 2 2 2 2 2 2 2 2 2 2 2 2 2 2 2 2 2 2 2 2 2 2 2 2 2 2 2 2 2 2 2 2 2 2 2 2 2 2 2 0 2 2 2 2 2 2 2 2 2 2 2 2 2 2 2 2 2 2 2 2 2 2 2 2 2 2 2 2 2 2 2 2 2 2 2 2 2 2 2 2 2 2 2 2 2 2 2 2 2 2 2 2 2 2 2 2 2 2 2 2 2 2 2 2 2 2 2 2 2 2 2 0 2 2 2 2 2 2 2 2 2 0 2 2 2 2 2 2 2 2 2 2 2 2 2 2 2 2 0 2 2 2 2 0 2 2 2 2 2 0 2 2 2 2 0 2 2 2 2 0 2 2 2 0 2 2 2 0 2 2 2 2 2 2 2 2 2 2 0 2 2 2 2 2 0 2 2 2 2 2 2 2 2 2 2 2 2 2 2 2 2 0 2 2 2 2 2 2 2 2 2 2 2 2 2 2 0 0 2 0 2 2 2 2 2 2 2 2 2 2 2 0 2 2 2 2 2 2
1308 2 2 2 2 2 0 2 0 2 2 2 2 2 2 0 0 0 2 2 2 2 2 2 2 2 2 0 2 2 2 2 2 2 0 0 0 2 2 2 2 0 2 2 2 2 2 0 2 2 2 2 0 2 0 2 2 2 2 2 2 2 2 0 2 0 2 2 2 2 2 2 2 2 2 0 2 2 2 0 2 0 0 2 2 2 2 2 2 2 0 0 2 2 1 2 2 2 2 0 2 2 2 2 2 2 2 0 2 2 2 2 2 2 2 2 2 2 2 0 2 2 2 2 2 2 2 0 2 0 0 2 0 0 2 0 0 2 0 2 2 2 0 2 2 2 0 0 0 1 2 0 2 0 2 2 2 0 2 1 2 2 0 2 2 0 0 0 2 2 2 0 0 2 2 0 2 2 2 2 2 2 2 2 0 2 0 2 0 2 2 1 0 2 2 2 0 2 2 2 0 2 0 2 2 0 2 2 2 0 2 2 0 2 2 2 0 2 2 0 2 2 2 2 0 0 2 0 0 2 0 2 0 2 2 0 2 2 2 0 2 2 2 0 2 2
1309 2 2 2 0 2 2 2 2 2 2 2 2 2 2 2 2 2 2 2 2 2 2 2 2 2 2 2 2 2 2 2 2 2 2 2 2 2 2 2 2 2 2 2 2 2 2 2 2 2 2 2 2 2 2 2 2 2 2 2 2 2 2 2 2 2 2 2 2 2 0 0 2 2 2 2 2 2 2 2 0 2 2 2 2 2 2 2 2 2 2 2 2 2 2 2 2 2 0 2 2 2 2 2 2 2 0 2 2 2 2 2 2 0 2 2 2 2 2 2 2 2 0 2 2 2 2 2 2 2 2 2 2 2 2 2 2 2 2 2 2 2 2 2 2 2 2 2 2 2 0 2 0 2 2 2 2 2 2 2 2 2 2 2 2 2 2 2 2 2 2 2 2 2 0 2 2 2 2 2 0 2 0 0 2 2 2 2 2 2 2 2 2 2 0 2 2 2 2 2 2 0 2 2 2 2 2 2 2 2 0 2 2 2 2 2 2 2 2 2 2 2 2 2 2 2 2 2 2 2 2 2 2 0 2 2 2 0 0 2 2 2 2 2 2 2
1310 2 2 2 2 0 2 0 2 2 2 2 2 0 2 2 2 2 2 2 2 2 2 0 2 2 2 2 2 2 2 2 2 2 2 2 2 2 2 2 2 2 2 2 0 2 2 2 2 2 2 2 2 0 2 0 0 0 2 2 2 2 2 2 2 2 0 2 2 0 2 2 2 2 0 2 2 2 2 2 2 2 2 2 2 2 2 2 2 2 2 2 2 2 2 2 2 2 2 2 2 2 2 2 2 2 2 2 2 2 2 0 2 2 2 2 2 2 0 2 2 0 2 2 0 2 0 2 2 2 2 2 2 2 2 2 2 0 2 2 2 2 2 2 2 2 2 2 2 2 2 2 2 2 2 2 0 2 2 2 2 0 2 2 2 2 2 2 2 2 2 2 2 2 2 2 2 2 2 2 2 2 2 2 2 0 2 2 2 2 2 2 2 2 2 2 2 2 2 2 2 2 2 2 2 2 2 2 2 2 2 2 0 2 2 2 2 2 1 2 2 2 2 2 2 2 2 2 2 2 2 2 2 2 2 0 2 2 2 2 2 2 2 2 0 2
1311 2 0 2 2 2 2 2 2 2 2 2 2 2 2 2 2 2 0 0 2 2 2 2 2 0 2 0 2 0 0 2 2 2 2 2 1 0 0 2 2 2 2 2 2 2 2 2 2 2 2 2 2 2 2 2 2 2 0 2 2 2 2 2 2 0 2 0 2 2 2 2 0 2 2 2 0 2 2 2 0 2 0 0 2 0 0 2 2 2 2 2 2 0 2 2 2 2 0 2 2 2 0 0 2 2 0 2 2 0 0 2 0 2 2 2 2 0 2 0 2 2 2 0 2 2 2 2 2 2 2 2 0 2 2 2 0 2 2 0 2 2 2 0 2 0 0 2 0 2 0 0 2 2 2 2 2 0 2 2 2 2 0 2 2 2 0 2 1 2 2 0 2 2 2 2 2 0 2 2 0 2 0 0 0 2 0 2 2 2 2 1 2 2 0 2 0 2 2 0 2 0 2 0 2 2 2 0 0 2 0 2 0 2 0 2 2 0 2 2 0 0 2 2 0 0 0 2 2 2 2 0 2 0 0 0 2 0 0 0 0 0 2 2 2 2
1312 0 2 2 2 2 2 2 2 2 0 2 2 2 0 2 2 2 0 0 0 0 2 2 0 2 2 2 2 0 0 0 2 0 2 2 2 2 2 0 0 2 0 2 2 0 2 0 0 2 0 0 2 2 2 2 2 2 2 2 0 0 0 2 2 2 2 2 0 2 2 2 2 0 2 2 0 2 2 2 2 2 2 0 0 2 2 2 2 2 2 2 0 0 2 2 0 2 2 2 2 2 2 2 0 2 2 2 2 2 2 2 0 2 0 0 0 2 2 2 0 2 0 2 2 2 2 2 2 2 2 0 0 2 0 2 2 2 2 2 2 0 2 2 2 2 2 2 2 2 2 2 2 0 2 2 2 2 2 2 0 2 2 2 2 2 2 2 2 2 0 2 2 2 0 2 2 2 2 0 0 2 2 0 2 2 2 2 2 2 0 0 2 2 2 2 2 2 2 2 2 2 2 2 2 2 2 2 2 0 2 2 2 2 2 2 2 2 2 2 2 2 2 0 2 2 0 2 2 2 2 2 2 0 2 2 2 2 0 2 2 2 0 0 2 2
1313 2 2 2 2 0 2 2 2 2 2 2 2 0 2 2 2 2 0 2 2 2 2 0 2 2 2 0 2 0 2 2 2 2 2 2 1 2 2 2 2 2 2 2 2 2 2 2 2 2 2 2 2 0 2 0 0 2 2 2 2 0 2 2 2 2 0 2 2 2 2 2 2 2 0 2 2 2 2 2 2 2 2 2 2 2 2 2 2 2 2 0 2 2 2 2 2 2 2 2 2 2 2 2 2 2 2 2 2 2 0 0 2 2 2 2 2 2 2 2 2 2 2 2 2 2 2 2 0 2 2 2 0 2 2 2 0 2 2 2 2 2 0 2 0 2 2 2 0 2 2 2 2 2 0 2 2 2 2 1 2 2 2 0 0 0 0 2 2 2 2 2 2 2 2 2 2 2 0 2 2 2 2 2 0 2 2 2 2 2 2 2 2 2 0 2 0 2 0 2 2 2 0 2 2 2 2 0 2 2 2 2 2 2 2 2 2 2 2 0 2 2 2 2 0 2 2 2 0 2 2 2 2 2 2 2 2 2 2 2 2 2 0 2 0 2
1314 2 0 2 0 0 0 0 0 2 2 2 0 0 2 0 0 0 2 2 2 0 0 0 2 0 0 0 0 2 2 2 0 2 0 0 0 0 0 2 2 2 2 0 0 2 2 0 2 2 2 2 0 0 0 0 0 0 0 2 2 0 2 0 0 0 0 0 0 0 0 2 2 0 0 0 2 2 0 0 0 0 0 0 0 0 0 2 0 0 0 0 2 0 0 0 2 0 0 0 2 0 0 0 2 0 0 0 0 0 0 0 0 0 2 2 2 0 0 0 2 0 0 2 0 0 0 2 0 0 0 2 0 0 2 0 0 0 0 0 0 2 0 0 0 0 0 0 0 0 0 0 2 0 0 0 0 0 0 0 2 0 0 0 0 0 0 0 0 0 2 0 0 0 0 0 0 0 0 2 0 0 0 0 0 0 0 0 0 0 2 1 0 0 0 0 0 0 0 0 0 0 0 0 0 0 0 0 0 0 0 0 0 2 0 0 0 0 0 0 0 0 0 0 0 0 0 0 0 0 0 0 0 0 0 0 0 0 0 0 0 0 0 0 0 0
1315 2 2 2 2 0 0 2 2 2 2 2 2 0 2 2 2 2 2 2 2 2 2 0 2 2 0 2 2 2 2 2 2 2 2 2 1 2 2 2 2 2 2 2 2 2 2 2 2 2 2 2 2 2 2 0 0 2 2 2 2 2 2 2 2 0 0 2 2 2 2 2 2 2 2 2 2 2 2 0 2 2 2 2 2 0 2 2 0 2 2 2 2 2 0 2 2 0 2 2 2 2 2 2 2 2 2 2 0 2 0 0 2 2 2 2 2 2 2 2 2 2 2 2 2 0 2 2 2 2 2 2 2 2 2 2 2 2 2 2 2 2 2 2 0 0 2 2 2 1 0 2 2 2 2 0 2 2 2 1 2 2 2 0 2 2 2 2 1 2 2 2 2 2 2 2 2 2 2 2 2 2 2 0 2 2 2 0 2 2 2 2 2 0 2 0 2 2 2 2 2 2 2 2 0 2 2 0 2 2 2 2 2 2 0 0 2 2 1 2 2 0 0 2 0 2 2 2 2 0 2 2 2 2 2 2 0 2 2 2 2 2 2 2 2 2
1316 0 0 0 0 0 0 0 0 0 0 0 0 0 0 2 2 0 0 0 0 2 0 0 0 0 0 0 0 0 0 0 0 2 2 2 0 0 0 0 0 0 0 0 2 0 0 2 0 0 0 2 0 0 0 0 0 0 0 0 0 2 0 2 0 0 0 0 0 0 0 0 2 0 0 0 0 0 0 0 0 2 2 0 0 0 2 0 0 0 2 2 0 0 0 2 2 0 0 0 0 2 2 0 0 0 0 2 0 2 0 0 0 2 0 0 2 0 0 2 2 0 0 2 2 0 0 0 2 0 2 2 0 2 2 2 0 0 0 2 0 0 2 2 0 0 0 0 0 1 0 2 2 2 2 0 0 0 2 1 0 0 0 0 2 2 0 0 1 0 0 0 2 0 0 0 0 2 2 0 0 2 0 0 0 0 0 0 2 2 0 0 0 0 2 0 0 0 0 2 0 0 2 2 0 2 2 0 2 2 0 0 2 0 0 0 0 2 0 0 2 0 0 0 0 0 0 0 2 0 2 2 0 0 0 2 0 0 0 2 2 0 0 2 2 2
1317 2 2 2 2 2 2 2 2 2 2 2 2 2 2 2 2 2 2 2 2 0 2 2 2 2 2 2 2 2 2 2 2 0 2 2 2 2 2 2 0 0 2 2 2 2 2 2 2 2 0 2 2 2 2 2 2 0 2 2 2 2 2 2 2 2 2 2 2 0 2 2 2 2 2 2 2 2 2 2 2 2 2 2 2 2 2 2 2 0 2 2 2 2 2 2 0 0 2 2 2 2 2 2 2 2 2 2 2 2 2 2 2 2 2 0 0 2 0 2 0 0 2 2 2 2 2 0 2 2 2 2 2 2 0 2 2 2 2 2 2 2 2 2 2 0 2 2 2 1 2 2 2 2 2 2 2 2 2 2 2 0 0 2 2 2 2 2 1 0 2 2 2 2 2 2 2 2 2 2 2 2 2 2 2 0 0 2 2 2 2 2 2 2 2 0 2 2 2 2 0 2 0 2 2 2 2 2 2 2 2 2 2 2 0 2 2 2 2 2 2 0 2 2 2 2 2 2 2 2 2 2 2 2 2 2 2 2 2 2 2 2 2 2 2 2
1318 2 2 2 2 2 2 2 2 2 2 0 2 2 0 2 2 2 0 2 0 2 2 2 0 2 2 2 2 0 2 0 2 2 2 2 2 2 2 2 2 2 2 2 0 2 2 2 2 2 2 0 2 2 2 2 2 2 2 2 0 2 2 2 2 2 2 2 2 2 2 2 2 2 2 2 2 2 2 2 2 2 2 2 2 2 2 2 2 2 2 2 2 2 2 2 2 2 2 2 2 2 2 2 0 2 2 2 2 2 2 2 2 2 2 2 2 2 2 2 2 2 2 0 0 2 2 2 2 2 2 2 2 2 2 2 2 2 2 2 2 2 2 2 2 2 2 2 2 2 2 2 2 0 2 2 2 2 2 2 2 2 2 2 2 2 2 2 2 2 2 2 2 2 2 2 2 2 2 2 2 2 2 2 2 2 2 2 2 2 0 1 2 2 2 2 2 2 2 2 2 2 2 2 2 2 2 2 2 2 2 2 2 2 2 2 2 2 2 2 2 2 2 2 2 2 2 2 2 2 2 2 2 2 2 2 2 2 2 2 2 2 2 2 2 2
1319 2 2 0 0 2 2 2 2 0 2 2 2 2 2 0 0 2 2 2 2 2 2 2 2 2 2 2 2 2 2 2 2 2 0 0 1 2 2 0 2 2 2 0 2 2 0 0 2 0 2 2 0 2 2 2 2 0 2 0 2 2 2 2 0 0 2 2 0 0 2 0 2 0 2 2 2 0 2 2 0 0 0 2 0 2 2 0 2 0 0 0 0 2 2 2 2 0 0 2 0 0 2 2 2 2 0 0 2 2 2 2 2 2 2 2 2 0 0 2 2 0 2 2 2 0 2 2 0 2 2 2 2 0 2 2 2 0 2 2 2 2 0 2 2 2 2 0 2 1 0 2 0 2 0 2 0 2 0 1 2 0 0 2 0 0 2 2 2 0 2 2 0 2 0 2 2 2 0 2 2 2 0 0 2 0 0 2 2 0 2 2 2 2 2 0 2 2 2 2 0 0 0 2 2 2 2 2 2 0 0 0 2 0 2 2 2 2 1 2 2 2 2 0 2 2 2 2 2 2 0 2 2 2 2 2 0 2 2 2 2 0 2 0 2 0
1320 2 2 2 2 2 2 2 2 2 2 2 2 1 2 2 2 2 2 2 2 2 2 2 2 2 2 2 2 2 2 2 2 2 2 2 2 2 1 2 2 2 2 2 2 2 2 2 2 2 2 1 2 2 2 2 2 2 2 2 2 2 2 2 2 2 2 2 2 2 2 2 2 2 2 2 2 2 2 2 2 2 2 2 1 2 2 2 2 2 2 2 2 2 2 2 2 2 2 2 2 2 2 1 2 2 2 2 2 2 2 2 2 2 2 2 2 2 2 2 2 2 2 2 2 2 2 2 0 2 2 2 2 2 2 2 2 2 2 2 2 2 2 2 2 1 0 2 2 2 2 2 2 2 0 2 2 2 2 2 2 2 2 2 0 2 2 2 2 2 2 0 2 0 2 2 2 2 0 2 2 2 2 2 2 2 2 2 2 0 2 2 2 2 2 2 2 2 2 2 2 2 2 2 2 2 2 2 1 2 2 2 2 2 2 2 2 2 2 2 2 2 2 2 2 0 2 2 2 2 2 2 2 2 2 2 2 2 2 2 2 2 2 2 2 0
1321 2 2 2 2 2 2 2 2 2 2 2 2 2 2 2 2 0 2 2 2 2 2 2 2 2 2 2 2 2 2 2 2 2 2 2 2 2 2 2 2 2 2 2 2 2 2 2 2 2 2 2 2 2 2 2 2 2 2 2 2 2 2 2 2 2 2 2 2 2 2 2 2 2 2 0 2 2 2 2 2 2 2 2 2 2 2 2 2 2 2 2 2 2 2 2 2 2 0 2 2 2 2 2 2 2 0 2 2 2 2 2 2 2 2 2 2 2 2 2 2 2 2 2 2 2 2 2 2 2 2 2 2 2 2 2 2 2 2 2 2 2 2 2 2 2 2 2 0 2 2 2 2 2 2 2 0 2 2 2 2 0 2 2 2 2 2 2 2 2 2 2 2 2 0 2 2 2 2 2 2 2 2 2 2 0 2 2 2 2 2 1 2 2 2 2 2 2 2 2 2 0 2 2 2 2 2 2 2 2 0 0 2 2 2 2 2 2 2 2 2 2 2 2 2 2 2 2 2 2 2 2 2 2 0 2 2 2 2 2 2 2 2 2 0 0
1322 0 2 0 0 2 0 2 0 0 0 0 0 2 0 0 2 0 0 0 0 0 0 0 0 2 0 0 0 0 0 0 0 0 0 0 0 2 2 0 0 0 0 0 0 0 0 0 0 0 0 0 0 0 0 0 0 0 2 0 0 0 0 0 0 0 2 2 0 0 0 0 0 0 0 0 0 0 0 2 0 0 0 0 0 0 0 0 2 0 0 0 0 0 1 0 0 0 0 0 0 0 0 2 0 0 0 2 0 0 2 2 0 0 0 0 0 0 0 2 0 0 0 0 0 0 2 0 0 0 0 0 0 0 0 2 0 2 0 2 0 0 0 0 2 0 0 0 0 0 0 0 2 0 2 0 2 2 0 1 0 0 0 2 0 0 0 0 1 0 0 0 0 0 0 0 0 2 2 0 0 0 0 2 0 0 0 0 0 0 0 1 0 2 0 0 0 0 0 0 0 0 0 0 0 2 0 0 0 0 0 0 0 0 0 0 2 0 0 0 2 0 0 0 0 0 0 0 0 0 0 0 0 0 0 0 0 2 0 2 0 0 0 0 0 0
1323 2 2 2 2 2 2 2 2 2 2 2 2 2 2 2 2 2 2 0 2 2 2 2 2 2 2 2 2 2 0 2 2 2 2 2 2 2 2 2 2 2 2 2 2 2 2 0 2 2 2 2 2 2 2 2 2 2 2 2 2 2 2 2 2 2 2 2 2 0 1 2 2 0 2 2 0 2 2 2 2 2 2 2 0 2 2 2 2 2 2 2 2 2 2 2 2 0 2 2 2 2 2 2 2 2 2 2 2 2 2 2 2 2 2 2 2 2 2 0 2 2 2 2 2 2 2 2 2 2 2 2 2 2 2 2 2 2 2 0 2 2 2 2 2 2 2 2 2 1 2 0 2 0 2 2 2 0 1 2 2 2 2 2 2 2 2 2 0 2 2 2 2 2 2 2 2 0 2 2 0 2 2 2 2 2 0 0 2 2 2 2 2 2 2 0 2 2 2 2 2 2 2 2 0 2 2 2 2 0 2 2 2 2 2 2 2 2 1 2 0 2 0 2 1 2 2 2 2 0 2 2 0 0 2 2 2 2 0 0 2 2 2 2 2 2
1324 0 2 0 0 0 0 2 0 0 0 0 0 0 0 0 2 0 0 0 0 0 0 0 0 2 0 0 0 0 0 0 0 2 2 0 0 2 2 0 0 0 0 2 2 0 0 0 0 0 0 0 2 2 0 0 0 2 2 0 0 0 0 0 0 2 0 2 0 0 0 2 2 0 2 0 0 0 0 2 2 0 2 0 0 0 0 0 0 2 0 0 0 0 0 2 2 0 2 0 0 0 2 2 0 0 2 2 0 0 2 0 0 0 0 0 2 2 0 2 2 0 0 0 2 2 2 0 2 2 2 2 0 0 2 0 2 0 2 0 0 0 0 0 0 2 0 2 0 0 0 2 0 0 2 0 0 2 0 0 0 2 0 2 0 0 2 2 0 2 0 0 0 2 0 2 0 0 2 0 0 0 2 2 0 2 0 2 2 2 0 2 2 0 0 0 2 2 0 0 2 2 0 0 0 0 2 0 0 0 2 2 2 0 2 0 0 0 1 0 0 2 2 0 0 0 0 2 0 2 2 0 0 0 0 2 2 2 0 2 0 2 0 0 2 2
1325 2 2 2 2 0 2 2 2 2 2 2 2 0 2 2 2 2 2 2 2 2 2 2 2 2 2 0 2 2 2 2 2 2 2 2 1 2 2 2 2 2 2 2 2 2 2 2 2 2 2 2 2 2 2 2 2 0 2 2 2 2 2 2 2 2 0 2 2 2 2 2 2 2 2 2 2 2 2 2 2 0 2 2 2 2 0 2 2 2 2 2 2 2 2 2 2 2 2 2 2 2 2 2 2 2 2 2 2 0 2 2 2 2 2 2 2 2 2 2 2 2 2 2 2 2 2 2 2 2 2 2 2 2 2 2 2 0 2 2 2 2 2 0 2 2 2 2 2 2 2 2 2 2 2 2 2 2 2 2 2 2 2 2 2 2 2 2 2 0 2 2 2 2 2 2 2 2 2 2 2 2 2 2 0 2 2 2 2 2 2 2 2 2 2 2 2 2 2 2 2 2 2 2 2 2 0 2 2 2 2 0 2 2 2 2 2 2 2 2 2 2 2 2 2 2 2 2 0 2 2 2 2 2 2 2 2 2 2 2 2 2 2 2 2 2
1326 2 0 2 2 2 2 2 2 2 2 2 2 2 2 2 2 2 2 2 2 2 2 2 2 0 2 2 2 2 2 2 2 2 2 2 2 0 0 2 2 2 2 2 2 2 2 2 2 2 2 2 2 2 0 2 2 2 0 2 2 2 2 2 2 2 2 0 2 2 2 2 0 2 2 2 2 2 2 2 2 2 2 2 2 2 2 2 2 2 2 2 2 2 2 2 2 2 2 2 2 2 2 0 2 2 2 2 2 2 2 2 2 2 2 2 2 2 0 2 2 2 2 2 2 0 2 2 2 2 2 2 2 2 2 2 2 2 2 0 2 2 2 2 2 2 2 2 2 2 2 2 2 2 2 2 2 2 2 2 2 2 2 2 2 2 2 2 1 2 2 2 2 2 2 2 2 0 2 2 2 2 2 2 2 2 2 2 2 2 2 1 2 2 2 2 2 2 2 2 2 2 2 2 2 2 2 2 2 2 2 2 2 2 2 2 2 2 2 2 0 2 2 2 2 2 2 2 2 2 2 2 2 2 2 2 2 2 2 2 2 2 2 2 2 2
1327 2 2 2 2 2 2 2 2 2 2 2 2 2 2 2 2 2 2 2 2 2 2 0 2 2 2 2 2 2 2 2 2 2 2 0 2 2 2 2 2 2 2 0 2 2 2 2 2 2 2 2 2 2 2 0 0 2 2 2 2 2 2 2 2 2 2 2 2 2 2 2 2 2 2 2 2 2 2 2 2 2 2 2 2 2 2 2 2 2 0 0 2 2 2 0 2 2 2 2 2 0 0 2 2 2 2 2 2 2 0 2 2 2 2 2 2 2 2 2 2 2 2 2 2 2 2 2 2 2 2 2 2 0 2 2 2 2 2 2 0 2 2 2 2 2 2 2 0 2 2 2 2 2 2 2 2 2 2 1 2 2 2 2 2 0 2 0 2 2 2 2 0 0 0 2 2 2 2 2 2 0 2 2 2 2 2 2 2 2 2 2 2 2 2 2 2 2 2 2 2 2 0 0 2 2 2 2 2 2 2 0 2 2 2 2 0 0 2 2 2 2 2 2 2 2 2 2 0 2 2 0 2 2 0 2 2 2 2 2 2 2 0 2 2 2
1328 0 2 0 2 2 2 2 2 0 0 0 2 2 1 2 2 2 2 0 0 2 2 2 0 2 2 2 2 2 0 0 2 0 2 2 2 2 2 0 2 2 0 2 2 0 0 2 0 0 2 2 2 2 2 2 2 2 2 0 2 2 0 2 2 2 2 2 2 0 0 2 2 2 2 2 0 0 2 2 2 2 2 0 2 2 2 1 0 2 2 2 0 2 0 2 1 2 2 2 0 2 2 2 0 2 2 2 0 2 2 2 2 2 0 2 2 2 2 2 0 2 2 0 2 0 2 2 2 2 2 2 0 2 0 2 2 2 2 1 2 0 2 2 2 2 2 2 2 2 2 2 2 2 2 2 2 2 2 2 0 2 2 2 2 2 2 2 1 2 0 2 2 2 2 2 2 0 2 0 0 2 2 2 2 2 2 2 2 2 0 1 2 0 2 2 2 2 2 2 2 2 2 2 2 2 2 2 2 2 1 2 2 0 2 0 2 2 2 2 0 2 2 2 2 2 2 1 2 2 2 2 2 0 2 2 2 2 0 2 2 2 2 2 2 2
1329 0 2 0 0 2 2 0 2 0 0 2 2 2 2 2 0 2 0 0 2 2 2 2 2 2 2 0 2 0 0 2 2 2 2 2 2 2 2 2 2 2 0 2 2 0 0 2 0 0 2 2 2 2 0 2 2 2 2 0 2 2 0 2 2 0 2 2 2 0 0 0 0 0 2 2 0 0 2 2 2 0 2 2 0 2 0 0 0 2 2 2 2 0 2 2 2 2 2 2 0 2 2 2 2 2 2 2 2 2 0 0 0 2 0 2 0 2 0 2 2 2 0 2 2 2 0 2 2 0 0 2 0 2 2 2 0 2 2 2 2 0 2 0 2 2 2 2 2 2 2 2 2 2 0 2 2 0 0 2 0 2 2 2 2 2 0 2 2 2 0 2 2 2 2 2 2 2 0 0 0 2 2 2 0 2 2 2 2 2 2 2 2 0 2 2 0 2 0 0 2 2 2 2 2 2 2 0 0 1 2 2 0 0 2 0 2 2 2 0 2 2 2 2 0 2 0 2 2 2 2 2 0 0 2 0 0 2 0 2 0 2 2 2 2 2
1330 2 2 2 2 2 2 2 2 2 2 2 2 2 0 2 2 2 2 2 0 2 2 2 0 2 2 2 2 2 2 0 2 0 2 2 2 2 2 2 2 2 2 2 2 2 2 2 2 2 2 0 2 2 2 2 2 2 2 2 2 2 2 2 2 2 2 2 2 2 2 2 0 2 2 2 2 2 2 2 2 2 2 2 2 2 2 2 2 2 2 2 2 2 2 2 0 2 2 2 2 2 2 2 0 2 2 2 2 2 2 2 2 2 2 2 2 2 2 2 0 2 2 0 2 2 2 2 2 2 2 2 2 2 0 0 2 2 2 2 2 2 2 2 2 2 2 2 2 2 2 2 2 0 2 2 2 2 2 2 2 2 2 2 2 2 2 2 2 2 2 2 2 2 2 2 2 2 2 2 2 2 2 2 2 2 2 2 2 2 0 0 2 2 2 2 2 2 2 2 2 2 2 2 2 0 2 2 2 2 2 2 2 2 2 2 2 2 2 2 2 2 2 2 2 2 2 2 2 2 2 2 2 2 2 2 2 2 2 2 2 2 2 2 2 2
1331 0 0 0 0 0 0 0 0 0 0 0 0 0 0 0 0 0 0 0 0 0 0 2 0 0 0 0 0 0 0 0 0 0 0 0 0 0 0 0 0 0 0 2 2 0 0 0 0 0 0 0 2 0 2 2 2 0 0 0 0 0 0 0 0 0 0 0 2 0 0 0 0 0 0 0 0 0 0 0 0 0 0 0 0 0 0 0 0 2 0 0 0 0 0 0 0 0 2 0 0 0 0 0 0 2 2 0 0 0 0 0 0 2 0 0 0 0 2 0 0 2 2 0 2 0 0 0 0 0 0 2 0 2 0 0 2 0 0 0 0 0 0 0 2 2 0 2 0 0 2 0 0 0 0 0 2 0 0 2 0 0 0 0 0 0 2 0 0 0 0 0 0 0 0 0 2 0 0 0 0 0 2 2 0 0 0 0 0 0 0 0 0 0 0 0 2 0 0 0 0 0 0 0 0 0 0 0 0 0 2 0 0 0 2 0 2 0 0 0 0 2 0 2 0 0 0 0 0 0 2 0 0 0 0 0 0 0 0 0 0 0 0 2 0 0
1332 0 2 2 2 2 2 2 2 2 0 2 2 2 2 2 2 2 2 0 2 2 2 2 2 2 2 2 2 2 0 2 2 2 2 2 2 2 2 2 2 2 0 2 2 0 2 2 0 2 2 2 2 2 2 2 2 2 2 2 2 2 0 2 2 2 2 2 2 2 2 2 2 2 2 2 0 2 2 2 2 2 2 2 2 2 2 2 2 2 2 2 2 2 2 2 2 2 2 2 2 2 2 2 2 2 2 2 2 2 2 2 2 2 0 2 2 2 2 2 2 2 2 2 2 2 2 2 2 2 2 2 2 2 2 2 2 2 2 2 2 0 2 2 2 2 2 2 2 2 2 2 2 2 2 2 2 2 2 2 0 2 2 2 2 2 2 2 2 2 0 2 2 2 2 2 2 2 2 0 0 2 2 2 2 2 2 2 2 2 2 2 2 2 2 2 2 2 2 2 2 2 2 2 2 2 2 2 2 2 2 2 2 2 2 2 2 2 2 2 2 2 2 2 2 2 2 2 2 2 2 2 2 0 2 2 2 2 0 2 2 2 2 2 2 2
1333 2 0 2 2 2 0 2 0 2 2 2 0 2 2 2 2 0 2 2 2 2 0 0 2 0 0 0 0 2 2 2 0 2 0 0 0 0 0 2 2 2 2 2 2 2 2 2 2 2 2 2 2 0 2 0 0 0 0 2 2 2 2 2 2 2 2 0 2 2 0 0 2 2 0 0 2 2 0 0 2 2 2 0 2 2 0 2 2 2 0 2 2 2 1 0 2 0 0 0 2 0 0 0 2 2 2 0 0 0 2 0 2 2 2 2 2 0 2 0 2 0 2 2 2 0 2 2 0 0 2 0 0 0 2 2 2 0 2 2 0 2 0 0 2 0 0 2 0 1 2 0 0 2 0 0 0 2 0 1 2 0 0 0 0 0 2 0 1 0 2 0 0 0 0 0 0 2 0 2 2 0 0 0 0 2 0 0 2 2 2 1 0 2 2 0 2 0 2 0 2 0 0 0 0 2 0 0 0 2 2 2 2 2 0 0 0 0 0 0 2 0 0 2 0 0 2 0 0 0 0 0 2 2 0 2 2 2 2 0 0 0 0 0 0 0
1334 2 2 2 2 2 2 2 2 2 2 2 2 2 2 2 2 2 2 2 2 2 2 2 2 2 2 2 2 2 2 2 2 2 2 0 2 2 2 2 2 2 2 2 2 2 2 2 2 2 2 2 2 2 2 2 2 2 2 2 2 2 2 2 2 2 2 2 2 2 0 2 2 2 2 2 2 2 2 2 2 2 2 2 2 2 2 2 2 2 0 2 2 2 1 2 2 2 2 2 2 2 2 2 2 2 2 2 0 2 2 2 2 2 2 2 2 2 2 0 2 2 2 2 2 2 2 2 2 2 2 2 0 2 2 2 2 2 2 2 2 2 2 2 2 2 2 2 2 2 2 0 2 2 2 2 2 2 2 2 2 2 2 2 2 2 2 2 2 2 2 2 2 2 2 2 2 2 2 2 2 2 2 2 2 2 2 0 2 2 2 1 2 2 2 2 2 0 2 2 2 2 2 2 2 2 2 0 2 2 2 2 2 2 2 0 0 2 1 2 2 2 0 2 2 2 2 2 2 2 2 2 2 2 2 2 2 2 2 0 2 2 2 2 2 2
1335 2 2 0 0 2 2 2 2 0 2 0 0 2 2 0 0 2 0 2 0 0 0 2 2 2 0 2 0 0 2 2 0 0 0 2 1 2 2 0 2 0 2 2 2 2 0 2 2 0 0 0 2 0 2 2 2 2 2 0 2 0 2 2 0 0 2 2 0 2 2 2 2 2 0 2 2 0 0 0 0 0 2 2 2 2 2 0 0 2 2 2 0 2 2 2 0 0 0 2 0 2 2 2 2 2 0 0 2 0 0 2 2 2 2 0 2 0 2 2 0 2 0 0 2 2 2 0 2 2 0 2 2 0 0 0 0 2 0 2 2 2 2 2 0 0 2 2 2 1 0 2 0 0 2 0 2 0 0 0 2 2 0 0 2 2 0 2 1 2 2 2 2 2 2 2 2 2 2 2 2 0 2 0 2 2 0 2 0 2 2 2 2 0 2 0 0 2 2 0 2 2 2 0 2 0 2 2 0 2 2 2 0 0 0 2 2 0 1 0 2 0 2 0 2 0 2 2 2 2 2 0 0 2 2 0 2 0 2 2 0 0 2 2 2 2
1336 0 0 2 2 0 2 2 2 2 0 0 2 0 0 0 0 2 0 2 0 2 2 0 0 0 2 0 2 0 2 0 2 0 2 0 1 0 0 0 0 0 0 0 0 0 2 2 0 2 0 2 0 2 2 0 0 2 0 2 0 2 0 0 2 2 0 0 2 0 0 2 0 2 2 2 2 2 2 2 2 0 2 2 2 2 2 2 0 2 0 2 0 0 0 2 0 0 2 2 2 0 2 0 0 0 2 0 2 2 2 2 0 2 0 2 2 0 2 2 0 2 2 0 0 2 2 0 0 2 2 0 0 2 0 2 0 2 2 0 2 0 0 2 2 2 0 0 2 1 2 2 0 0 2 2 0 0 2 2 0 0 2 2 2 2 0 2 0 2 0 0 2 0 2 2 2 0 2 0 0 2 2 2 0 0 2 2 0 0 2 1 0 0 2 0 0 2 2 0 2 2 2 2 2 2 2 0 0 2 2 0 0 2 2 0 0 2 2 0 0 2 2 2 0 2 0 0 0 0 2 2 0 0 0 0 0 2 0 2 0 0 2 2 2 2
1337 2 2 0 0 2 2 2 2 2 2 2 2 2 2 0 2 2 2 2 2 2 2 2 2 2 2 2 2 2 2 0 2 2 2 0 2 2 2 2 2 0 2 0 0 2 0 0 2 0 2 2 2 2 2 2 2 2 2 0 0 0 2 2 0 0 2 2 2 0 2 2 2 2 2 2 2 0 2 2 2 2 0 2 2 2 2 0 2 0 0 2 2 2 2 2 2 2 2 2 0 2 2 2 0 0 2 2 0 2 2 2 2 2 2 2 0 2 2 2 2 2 2 0 0 2 2 0 2 2 2 2 2 2 2 2 2 2 2 2 2 2 2 2 2 0 2 2 2 1 2 2 2 2 2 2 0 2 2 2 2 2 2 2 2 2 2 2 2 2 2 2 0 2 2 2 2 2 2 2 2 2 2 2 2 0 2 2 2 2 2 2 2 2 2 2 2 2 2 2 2 2 2 2 2 2 2 2 2 0 2 2 2 0 0 2 0 2 1 2 2 2 2 2 2 2 2 2 2 2 0 2 2 2 2 2 0 2 2 2 2 2 2 2 2 2
1338 2 2 0 2 2 2 2 2 2 2 2 0 2 2 2 2 0 2 2 2 0 0 2 2 2 0 2 0 2 2 0 0 2 2 2 2 2 2 2 2 2 2 0 2 2 0 0 2 0 2 2 2 2 2 2 2 2 2 0 2 0 2 2 2 2 2 2 2 2 2 2 2 2 2 0 2 0 0 2 2 0 2 2 2 0 2 0 2 2 2 2 2 0 2 2 2 2 2 2 0 2 0 2 0 2 2 2 2 2 2 2 2 2 2 0 2 0 2 2 2 2 2 0 2 2 2 2 0 0 2 0 2 2 2 2 2 2 2 2 0 2 2 0 2 2 2 2 2 2 2 2 0 2 2 2 0 2 0 1 2 0 0 2 0 0 2 2 2 2 2 2 2 0 2 0 2 2 2 2 2 2 2 0 2 2 0 2 2 0 2 2 0 2 2 2 2 2 2 2 0 2 0 2 0 2 0 2 2 0 2 2 2 0 2 0 0 2 1 2 2 2 2 2 2 0 0 0 2 2 0 0 2 2 0 2 2 2 2 2 2 0 2 0 2 2
1339 2 2 0 0 0 2 2 0 2 2 0 0 0 2 2 2 0 2 0 2 0 0 2 2 2 0 0 0 2 0 0 0 2 2 0 1 2 2 2 2 2 2 2 0 2 0 0 2 0 2 2 0 0 0 2 2 2 2 0 0 0 2 2 0 0 0 2 0 0 2 0 2 2 0 0 0 0 0 2 2 0 0 2 2 0 2 0 2 0 0 2 2 0 2 2 2 0 2 0 0 2 0 2 0 0 2 2 2 2 2 2 2 0 2 0 0 0 0 2 2 2 2 0 0 2 2 2 0 0 2 0 2 2 2 2 0 0 2 2 0 2 2 0 2 0 2 0 0 1 2 2 0 0 2 0 0 0 2 2 2 0 0 2 0 0 2 2 1 0 2 2 2 0 0 0 2 2 2 2 2 2 2 2 0 2 2 2 2 0 0 0 0 2 2 2 0 2 0 2 0 2 0 2 0 2 0 2 2 0 2 0 2 0 0 2 0 2 1 2 2 0 2 0 0 0 0 0 2 2 2 2 2 2 0 2 0 2 2 2 2 0 2 2 2 2
1340 2 2 2 2 2 2 2 2 2 2 2 2 2 2 2 2 2 2 2 2 2 2 2 2 2 2 0 2 2 2 2 2 2 2 0 1 2 2 2 2 2 2 2 2 2 2 2 2 2 2 2 2 2 2 2 2 2 2 2 2 2 2 2 2 2 2 2 2 2 2 2 2 2 2 2 2 2 2 2 2 0 2 2 2 0 0 2 2 2 0 2 2 2 2 2 2 2 2 2 2 2 2 2 2 2 2 0 2 2 2 2 2 0 2 2 2 0 2 2 2 2 2 2 2 2 2 2 2 0 2 0 2 2 2 2 0 0 2 2 2 2 2 2 2 2 2 2 2 2 2 2 2 2 2 2 2 2 2 2 2 0 2 2 2 0 2 2 2 2 2 2 2 2 0 0 2 2 2 2 2 2 2 2 0 2 2 2 2 0 2 2 0 2 2 0 0 2 2 2 2 2 2 2 2 2 2 2 2 2 2 2 2 2 2 2 0 2 2 2 2 2 2 2 2 2 2 0 2 2 2 2 2 2 0 2 2 2 2 2 2 0 2 2 2 0
1341 2 2 0 0 2 0 0 2 0 2 0 2 2 2 0 2 2 0 2 2 0 2 2 2 2 2 2 2 0 2 0 2 2 0 2 1 2 2 2 0 0 2 2 2 2 0 2 2 0 0 2 0 2 0 2 2 0 2 0 0 2 2 2 2 2 2 2 2 2 0 2 2 0 2 2 2 0 2 0 2 2 2 0 0 2 0 0 2 2 2 2 2 2 1 0 2 2 0 2 0 2 2 2 0 2 0 2 0 0 0 2 0 2 2 0 0 2 0 2 2 0 2 0 2 0 0 0 2 2 2 2 0 0 2 2 2 2 2 2 2 2 2 2 2 2 2 0 2 1 0 2 2 0 2 2 2 0 0 1 2 2 2 0 2 2 0 0 2 2 2 2 0 2 2 2 0 2 2 2 2 0 0 0 2 2 0 0 2 2 0 1 2 2 0 2 2 2 2 0 2 0 2 0 0 2 2 0 0 2 0 0 2 0 2 0 2 0 2 0 2 2 2 2 2 2 2 2 2 2 2 0 2 2 2 2 0 0 2 2 0 2 2 0 2 2
1342 2 0 2 2 2 2 2 2 2 2 2 0 2 2 2 2 2 2 2 2 2 0 0 2 0 2 2 0 2 2 2 0 2 2 2 2 0 0 2 2 2 2 0 0 2 2 0 2 2 2 2 0 2 2 0 0 2 0 2 2 2 2 2 2 2 2 0 2 0 2 0 2 2 2 2 2 2 0 2 2 2 0 0 2 2 2 2 2 0 2 2 2 2 2 2 2 0 2 2 2 2 2 0 2 0 0 2 2 2 2 2 2 2 2 2 0 2 2 2 2 2 2 2 0 2 2 2 2 2 2 2 2 2 2 2 2 2 2 2 2 2 2 2 2 0 2 0 2 1 0 2 2 0 2 2 2 2 2 2 2 2 0 2 2 0 2 2 1 2 2 2 2 2 2 0 0 2 2 2 2 2 2 2 2 2 2 2 2 2 2 2 2 2 0 2 2 2 2 2 2 2 2 2 2 2 2 0 2 0 0 0 2 2 0 2 2 2 1 0 2 2 2 2 2 0 2 2 2 2 2 2 2 2 2 2 0 0 2 2 2 2 2 2 2 2
1343 0 0 0 0 2 0 0 0 0 0 0 0 2 0 0 0 0 0 0 0 0 0 0 0 0 0 0 0 0 0 0 0 0 0 0 0 0 0 0 0 0 0 0 0 0 0 0 0 0 0 0 0 0 0 0 0 0 0 0 0 0 0 0 0 0 2 0 0 0 0 0 0 0 0 0 0 0 0 0 0 0 0 0 0 0 0 0 2 0 0 0 0 0 0 0 0 0 0 0 0 0 0 0 0 0 0 0 0 0 2 0 0 0 0 0 0 0 0 0 0 0 0 0 0 0 0 0 2 0 0 0 0 0 0 0 0 0 2 0 0 0 0 0 0 0 0 0 0 0 0 0 0 0 0 0 0 0 0 0 0 0 0 0 0 0 0 0 0 0 0 0 0 0 0 0 0 0 0 0 0 0 0 0 0 0 0 2 2 0 2 1 0 2 0 0 0 0 0 0 0 0 0 0 2 0 0 0 0 0 0 2 2 0 0 0 0 0 1 0 0 0 0 0 0 0 0 0 0 0 0 0 0 0 0 2 0 0 0 0 0 0 0 0 0 0
1344 2 2 2 2 2 2 2 2 2 2 2 2 2 2 2 2 0 2 2 2 2 2 2 2 2 2 2 2 2 2 2 2 2 2 2 2 2 2 2 2 2 2 2 2 2 2 2 2 2 2 2 2 2 2 2 2 2 2 2 2 2 2 2 2 2 2 2 2 2 2 2 2 2 2 0 2 2 2 2 2 2 2 2 2 2 0 2 2 2 2 2 2 2 2 2 2 2 2 2 2 2 2 2 2 2 2 2 2 0 2 2 2 2 2 2 2 2 2 2 2 2 2 2 2 2 2 2 2 2 2 2 2 0 2 2 2 2 2 2 0 2 2 0 2 2 2 2 2 2 2 2 2 2 2 2 2 2 2 2 2 2 2 2 2 2 2 0 2 2 2 2 2 0 2 2 2 2 2 2 2 0 2 2 2 2 2 2 2 2 2 2 2 2 2 2 2 2 2 0 2 2 0 0 2 2 2 2 0 2 2 2 2 2 2 2 2 0 2 2 2 2 2 2 2 2 2 2 2 2 2 2 2 2 2 2 2 2 2 2 0 2 2 2 2 2
1345 2 2 2 2 2 0 2 2 2 2 2 2 2 2 0 2 2 2 2 0 2 2 2 2 2 2 2 2 2 2 2 2 2 2 0 2 2 2 2 2 2 2 2 2 2 2 2 2 2 2 2 2 2 2 2 2 2 2 2 2 2 2 2 2 2 2 2 0 2 2 2 2 2 2 2 2 2 2 2 2 2 2 2 2 2 2 2 2 2 0 2 2 2 2 2 2 2 2 2 2 2 2 2 2 2 2 2 2 2 2 2 2 2 2 2 2 2 2 2 2 2 2 2 2 2 2 2 2 2 2 2 2 2 2 2 2 2 2 0 2 2 2 2 2 2 0 2 2 0 2 2 2 2 2 2 2 2 2 2 2 2 2 0 2 2 2 2 0 2 2 2 0 0 2 2 2 0 2 2 2 2 2 2 2 2 2 2 2 0 2 2 2 2 2 2 2 2 2 0 2 2 2 2 2 2 2 2 0 2 2 2 2 2 1 2 0 2 2 2 0 2 2 0 2 2 2 2 2 2 2 0 2 2 2 2 0 0 2 2 0 2 2 2 2 2
1346 2 2 2 2 2 2 2 2 0 2 0 0 2 2 2 2 2 0 2 2 0 0 2 2 2 2 2 0 0 2 2 0 2 2 2 2 2 2 0 2 2 2 2 2 2 2 2 2 2 2 2 2 2 2 2 2 2 2 2 0 2 2 2 2 2 2 2 2 2 2 2 2 2 2 2 2 2 0 2 2 2 2 2 2 2 2 2 2 2 2 2 0 2 2 2 2 2 2 2 2 2 2 2 2 2 2 2 2 2 2 2 2 2 2 0 2 2 2 2 2 2 2 2 2 2 2 2 2 2 2 2 2 2 2 2 2 2 2 2 2 2 2 2 2 2 2 2 2 2 2 2 2 2 2 2 2 2 2 2 2 2 2 2 2 2 2 2 2 2 2 2 2 2 2 2 2 2 2 2 2 2 2 2 2 2 2 2 2 2 2 2 2 2 2 2 2 2 2 2 2 2 2 2 2 2 2 2 2 2 2 2 2 2 2 2 2 2 2 2 2 2 2 2 2 2 2 2 2 2 2 2 2 2 2 2 2 2 2 2 2 2 2 2 2 2
1347 2 2 2 2 2 2 2 2 2 2 2 2 2 2 2 2 2 2 2 2 2 2 2 2 2 2 2 2 2 2 2 2 2 2 2 2 2 2 2 2 0 2 2 2 2 2 2 2 2 2 0 2 2 2 2 2 2 2 2 2 2 2 2 2 2 2 2 2 2 2 2 2 2 2 2 2 2 2 2 0 2 2 0 2 2 2 2 2 2 2 2 2 2 2 2 2 2 0 2 2 2 0 2 2 2 0 2 2 0 2 2 2 2 2 2 2 2 2 2 2 2 0 2 2 2 2 0 2 2 2 2 2 0 2 0 2 2 2 2 2 2 2 2 2 2 2 2 2 2 0 2 2 2 2 2 0 2 0 2 2 2 2 2 2 2 2 2 2 2 2 2 2 2 2 2 2 2 2 2 2 2 2 2 2 2 2 2 2 2 2 2 2 2 2 2 2 2 2 2 2 0 2 0 2 0 2 2 2 2 0 2 2 2 2 2 2 0 1 2 2 2 2 2 2 2 2 2 2 2 2 2 2 2 2 2 2 2 2 2 2 2 2 2 2 2
1348 2 2 2 2 2 2 2 2 2 2 0 2 2 2 2 2 2 2 2 2 2 2 2 2 2 2 2 2 2 2 2 2 0 2 2 2 2 2 2 2 2 2 2 2 2 2 0 2 2 0 2 2 2 2 2 2 2 2 2 0 2 2 2 2 2 2 2 0 2 2 0 0 2 2 2 2 2 2 2 2 2 2 2 2 2 2 2 2 2 2 2 2 2 2 2 0 2 2 2 2 2 2 2 2 2 2 2 2 2 2 2 2 2 2 2 0 2 2 2 0 2 2 2 2 2 2 2 2 2 2 2 2 2 0 2 2 2 2 2 2 2 2 2 2 2 2 2 2 2 2 2 2 2 2 2 2 2 2 2 2 2 2 2 2 2 2 2 2 2 2 2 2 2 2 2 2 2 2 2 2 2 2 2 2 2 2 2 2 2 2 2 2 2 2 2 2 2 2 2 2 2 2 2 2 2 2 2 2 0 2 2 2 2 2 2 2 2 2 2 2 2 2 0 2 2 2 2 2 2 2 2 2 2 2 2 2 2 2 2 2 2 2 2 2 2
1349 0 0 0 0 0 0 0 0 0 0 0 0 0 0 1 0 2 0 0 0 0 0 0 0 0 0 0 0 0 0 0 0 0 0 0 0 0 0 0 0 0 0 0 0 0 0 0 0 0 0 0 0 0 0 0 0 0 0 0 0 0 0 0 0 0 0 0 0 0 0 0 0 0 0 2 0 0 0 0 0 0 0 2 0 0 2 0 0 0 0 2 0 0 0 2 0 0 0 0 0 2 0 0 0 0 0 2 0 2 0 0 0 0 0 0 0 0 0 0 0 0 0 0 0 0 0 0 0 0 0 0 0 2 0 0 0 2 0 0 2 0 0 2 0 0 2 0 2 1 0 0 2 0 2 0 0 0 2 0 0 2 0 0 2 0 0 0 0 0 0 0 2 2 2 2 0 0 2 0 0 2 0 0 0 2 0 0 0 2 0 0 2 0 2 2 0 0 0 2 0 0 2 2 0 0 2 0 2 0 0 0 0 0 0 0 2 2 1 0 0 0 0 0 0 0 0 2 0 0 0 0 0 0 2 0 0 2 0 0 2 0 2 0 2 2
1350 0 2 2 2 2 2 2 2 2 0 2 2 2 0 2 2 2 2 0 2 2 2 0 0 0 2 2 2 2 0 2 2 2 2 2 2 2 2 2 2 2 0 2 2 0 2 2 0 2 2 2 2 2 2 0 0 2 2 2 2 2 0 2 2 0 2 2 2 2 2 2 2 0 2 2 0 2 2 2 2 2 2 0 0 2 2 2 2 2 2 2 2 0 1 0 2 2 2 2 2 2 2 2 2 2 2 2 2 0 2 0 2 2 0 2 2 2 2 2 2 0 2 2 2 0 2 2 2 2 2 2 0 2 2 2 2 2 2 2 2 0 2 2 0 2 2 2 2 2 2 2 2 2 2 0 2 2 2 0 0 2 2 2 2 2 2 2 2 2 0 2 2 2 2 2 2 2 2 0 0 0 2 2 2 2 2 2 2 2 0 1 2 2 2 2 2 2 2 2 2 2 2 0 2 2 2 2 2 2 2 2 2 2 2 2 2 0 2 2 2 2 2 2 2 2 0 2 2 2 2 2 2 0 2 2 2 2 0 2 2 2 2 2 2 2
1351 2 2 0 0 2 0 2 2 0 2 0 0 2 2 2 2 2 0 2 0 2 0 2 2 2 2 2 0 0 2 0 0 0 2 2 2 2 2 0 2 2 2 2 2 2 0 2 2 0 0 0 0 2 0 2 2 0 2 0 0 0 2 2 0 2 2 2 2 2 0 2 0 2 2 2 2 0 0 2 2 2 2 2 2 2 2 0 2 2 2 2 0 2 2 2 0 2 2 2 0 2 2 2 0 2 2 2 2 2 2 2 2 2 2 0 0 0 0 2 0 2 0 2 2 2 2 2 2 2 2 2 2 2 0 2 2 2 2 2 2 2 2 2 2 2 2 0 2 1 2 2 2 2 2 2 2 0 2 2 2 2 2 2 2 2 2 2 2 2 2 2 0 2 2 2 2 2 2 2 2 2 2 0 2 2 2 2 2 0 2 2 2 2 2 2 2 2 2 2 2 2 2 2 2 2 2 2 2 2 2 2 2 0 2 2 2 2 1 2 2 2 2 2 2 2 2 2 2 2 2 2 2 2 2 2 0 2 2 2 2 0 2 2 2 2
1352 2 0 2 2 2 2 0 2 2 2 2 2 2 2 2 2 2 2 2 2 2 2 2 2 2 0 2 2 2 2 2 2 2 2 2 2 0 0 2 2 2 2 2 2 2 2 2 2 2 2 2 2 2 2 2 2 2 0 2 2 2 2 0 2 2 2 0 2 2 2 2 2 2 2 2 2 2 2 0 2 2 2 2 2 2 2 2 0 2 2 2 2 2 1 0 2 2 2 2 2 2 2 0 2 2 2 2 2 0 0 2 0 2 2 2 2 2 2 2 2 2 2 2 2 2 0 2 2 2 2 2 2 2 2 2 2 2 2 0 2 2 2 2 2 2 2 2 2 2 2 2 2 2 2 2 2 2 2 2 2 2 2 2 2 2 2 2 1 2 2 2 2 2 2 2 0 0 2 2 2 2 2 2 2 2 2 2 2 2 2 1 2 0 2 2 2 0 0 2 2 2 2 0 0 2 0 0 2 2 2 2 0 2 2 0 2 0 2 1 0 2 2 2 0 2 2 2 2 0 2 2 2 2 2 0 2 2 2 2 2 2 2 2 2 2
1353 2 0 0 0 0 0 0 2 2 2 0 0 0 2 2 2 0 2 2 2 0 0 2 2 2 0 0 0 2 2 2 0 0 0 0 1 0 0 0 2 0 2 0 0 2 0 0 2 0 0 0 0 0 0 2 2 2 0 0 2 0 2 0 0 2 0 0 2 2 0 2 0 2 0 0 2 0 0 0 0 0 0 2 2 0 0 0 0 0 0 0 0 2 1 0 0 0 0 2 0 0 0 0 2 0 0 0 0 0 0 2 0 0 2 0 2 0 0 2 0 2 2 2 0 2 0 0 0 0 2 0 2 0 0 0 0 0 2 0 0 2 0 0 2 0 2 0 0 1 0 0 0 2 0 2 0 0 2 2 2 0 2 0 0 0 0 0 0 0 2 2 0 0 0 0 0 0 0 2 2 2 0 0 0 0 0 0 2 0 2 1 0 0 0 0 0 0 0 0 0 0 0 0 0 0 0 0 0 0 0 0 0 0 0 0 2 0 0 0 0 0 0 2 0 2 2 0 0 0 0 0 2 2 0 0 2 0 2 2 0 0 0 0 2 0
1354 0 0 0 0 0 0 0 2 0 0 0 0 0 0 2 2 0 0 0 0 0 0 0 0 0 0 0 0 0 0 0 0 0 0 0 0 0 0 0 0 0 0 0 0 0 0 2 0 0 0 0 0 0 2 0 0 0 0 0 0 0 0 0 0 0 0 0 0 0 0 0 0 0 0 0 0 0 0 0 0 0 0 0 0 0 0 0 0 0 0 0 0 0 0 0 0 0 0 2 0 0 0 0 0 0 0 0 0 0 0 0 0 0 0 0 0 0 0 0 0 0 0 0 0 0 0 0 0 0 2 0 0 0 0 0 0 0 0 0 0 0 0 0 0 0 0 0 0 1 0 0 0 0 0 0 0 0 2 0 0 0 2 2 0 0 0 0 0 0 0 2 0 0 0 0 0 0 0 0 0 0 0 0 0 0 0 0 2 0 0 0 0 0 0 0 0 0 0 0 0 0 0 0 0 0 0 0 0 2 0 0 0 0 0 0 2 0 0 0 0 0 0 0 0 2 0 0 0 0 0 0 2 0 0 0 0 0 0 0 0 0 0 0 0 0
1355 2 2 2 2 2 2 2 2 2 2 2 2 2 2 2 2 0 2 2 2 2 2 2 2 2 2 0 2 2 2 2 2 2 2 2 1 2 2 2 2 2 2 2 2 2 2 2 2 2 2 2 2 0 2 2 2 2 2 2 2 2 2 2 2 2 2 2 2 2 2 2 2 2 0 0 2 2 2 2 2 2 2 2 2 2 0 2 2 2 2 2 2 2 2 2 2 2 2 2 2 2 0 2 2 2 2 0 2 2 2 2 2 2 2 2 2 2 2 2 2 2 2 2 2 2 2 2 0 2 2 2 2 2 2 2 0 0 2 2 0 2 0 0 2 2 2 2 0 2 2 2 2 2 2 2 0 2 2 2 2 2 2 2 0 0 0 2 2 0 2 2 2 0 2 0 2 2 2 2 2 2 2 2 0 2 2 1 2 2 2 2 0 2 2 0 0 2 2 2 2 2 0 2 2 2 2 2 2 2 2 0 2 2 2 2 0 2 2 2 2 2 2 2 2 2 2 0 0 2 2 2 2 2 0 2 2 2 2 2 2 2 0 2 2 0
1356 2 2 2 2 2 2 0 2 2 2 2 2 2 2 2 2 0 2 2 2 2 2 0 2 2 2 2 2 2 2 2 2 2 2 2 2 2 2 2 2 2 2 2 2 2 2 2 2 2 2 2 0 0 2 0 0 2 2 2 2 2 2 2 2 2 2 2 2 2 2 1 2 2 0 0 2 2 2 2 2 2 2 0 2 2 2 2 2 2 2 0 2 2 2 2 2 2 0 2 2 0 0 2 2 2 2 2 2 2 2 2 2 2 2 2 2 2 2 2 2 2 2 2 2 2 0 2 2 2 2 2 2 2 2 2 2 2 2 2 2 2 2 0 2 0 2 2 2 2 2 2 2 2 2 2 2 0 2 0 2 0 2 2 0 2 2 2 2 2 2 0 2 2 2 2 2 2 2 2 2 2 2 0 2 2 2 2 2 2 2 2 1 2 0 2 2 2 2 2 2 2 2 2 2 2 2 2 2 2 2 2 2 2 2 2 2 2 2 2 2 2 2 2 2 2 2 0 2 2 0 2 0 2 2 2 2 2 2 2 2 2 2 2 2 0
1357 0 0 2 2 0 0 0 0 2 0 2 2 0 0 2 2 0 2 0 2 2 2 0 0 0 0 0 2 2 0 2 2 2 0 0 1 0 0 2 0 2 0 0 2 0 2 0 0 2 2 0 2 2 2 0 0 0 0 2 2 0 0 0 2 0 0 0 2 0 2 2 0 0 2 0 0 2 2 0 2 0 2 2 0 2 0 2 0 0 0 0 2 0 0 0 2 0 2 0 2 2 0 0 2 0 0 0 0 0 0 0 0 2 0 2 2 0 0 0 2 0 0 0 2 0 0 2 0 0 2 0 0 2 2 0 0 0 2 0 0 0 0 0 0 2 0 2 0 1 2 0 0 0 2 0 0 0 2 0 0 0 2 0 0 0 0 0 0 0 0 2 2 0 0 0 0 0 2 0 0 0 2 0 0 0 0 0 2 0 0 0 0 0 2 0 0 0 0 2 0 0 0 0 0 0 0 0 2 0 0 2 0 2 2 0 2 0 1 0 0 2 0 2 0 2 0 0 0 0 0 0 2 0 0 0 0 2 0 0 2 0 0 0 0 0
1358 2 2 2 2 2 2 2 2 2 2 2 2 2 2 2 2 2 2 2 2 2 2 2 2 2 2 2 2 2 2 2 2 2 2 2 2 2 2 2 2 2 2 2 2 2 2 2 2 2 2 2 2 2 2 2 2 2 2 2 2 2 2 2 2 2 2 2 2 2 0 2 2 2 2 2 2 2 2 2 2 2 2 2 2 2 2 2 2 2 2 2 2 2 2 0 2 2 2 2 2 2 0 2 2 0 2 2 2 0 2 2 2 2 2 2 2 0 2 2 2 2 2 2 2 2 2 2 2 2 2 2 2 2 2 2 2 2 2 2 2 2 2 2 0 2 2 2 2 2 2 2 2 2 2 2 2 0 2 0 2 2 2 2 2 2 2 2 2 2 2 2 2 2 2 2 2 2 2 2 2 0 2 2 2 2 2 2 2 0 2 2 2 2 2 2 2 2 2 0 0 2 2 0 2 2 2 2 0 2 2 2 2 2 2 2 2 0 2 2 2 2 2 2 2 2 2 2 2 2 2 2 2 2 2 2 2 2 2 2 0 0 2 2 2 2
1359 0 0 2 0 0 0 0 0 2 0 2 2 0 2 2 2 2 2 2 0 2 2 0 2 0 0 2 2 2 2 2 2 0 2 2 2 0 0 2 2 0 2 2 0 0 2 0 0 2 2 0 2 2 2 0 0 2 0 2 0 2 2 2 2 2 0 0 2 2 2 0 2 0 2 2 2 2 2 2 2 2 0 2 0 2 2 2 0 2 2 2 2 0 2 2 0 2 2 0 2 2 2 0 2 2 2 2 0 2 0 2 2 2 2 2 2 2 2 0 0 0 0 2 0 0 0 0 2 0 2 2 0 0 0 2 2 2 2 2 2 0 2 2 2 2 0 2 2 1 0 2 0 2 2 2 2 2 2 2 2 2 0 0 2 2 2 2 0 0 2 2 0 2 2 2 0 0 2 2 2 2 0 2 2 0 2 0 2 2 0 1 2 0 0 2 2 0 0 2 0 2 2 2 0 2 2 0 2 0 2 2 0 2 2 0 2 2 2 0 0 2 2 2 0 0 0 2 2 2 0 2 0 2 2 0 0 0 2 0 2 2 2 0 2 2
1360 0 0 2 2 2 0 0 2 2 0 2 2 2 2 2 2 2 2 2 2 2 2 2 2 0 0 2 2 2 2 2 2 2 2 2 2 0 0 2 2 2 2 2 2 0 2 2 0 2 2 2 2 2 2 2 2 2 0 2 2 2 2 2 2 2 2 0 2 2 2 2 2 2 2 2 2 2 2 2 2 2 2 2 0 2 2 2 2 2 2 2 2 2 2 2 2 2 2 2 2 2 2 0 2 2 2 2 2 2 0 2 2 2 2 2 2 2 2 2 2 0 2 2 2 2 0 2 2 2 2 2 0 2 2 2 2 2 2 2 2 0 2 2 2 2 2 2 2 1 2 2 2 2 2 2 2 2 2 2 2 2 2 0 2 2 2 2 2 2 2 2 2 2 2 2 2 2 2 2 2 2 2 2 2 2 2 2 2 2 0 1 2 2 2 2 2 0 2 2 2 2 2 2 0 2 2 0 2 2 2 2 0 2 2 1 2 2 2 2 2 2 2 2 0 2 2 2 2 2 2 2 2 2 2 0 2 2 2 2 2 2 2 0 2 2
1361 0 0 2 2 2 0 0 2 2 0 2 2 2 0 2 2 0 2 0 2 2 2 2 0 0 0 0 2 2 0 2 2 2 2 2 1 0 0 2 2 2 0 2 2 0 2 2 0 2 2 2 2 0 2 2 2 0 0 2 2 2 0 0 2 0 2 0 2 2 2 2 2 2 0 0 0 2 2 0 2 0 2 0 0 2 0 2 2 2 2 0 2 2 0 2 2 2 2 2 2 0 0 0 2 2 2 0 2 2 0 0 0 0 2 2 2 2 2 2 2 0 2 2 2 2 0 2 2 2 2 2 0 2 2 2 0 0 2 2 0 0 0 0 0 2 0 2 0 1 2 2 2 2 0 0 2 2 2 1 2 2 2 0 0 0 0 0 2 2 2 0 2 0 2 0 2 2 0 2 0 2 2 2 0 2 2 2 2 0 0 0 0 2 2 0 0 0 2 2 2 2 0 2 0 2 0 0 2 2 2 0 0 2 2 1 0 2 1 2 2 2 0 2 0 2 2 0 0 0 2 0 2 0 0 0 2 2 0 2 2 2 0 0 0 0
1362 0 0 2 2 2 0 0 2 2 0 2 2 2 0 2 2 1 2 0 2 2 2 2 0 0 0 2 2 2 0 2 2 2 2 2 2 0 0 2 2 2 0 2 0 0 2 2 0 2 2 2 2 2 0 2 2 2 0 2 2 2 0 2 2 2 2 0 2 2 2 2 2 2 2 2 0 2 2 2 2 2 2 2 0 2 2 2 2 2 2 2 2 2 2 2 2 2 2 2 2 2 0 0 2 2 2 2 2 2 0 0 2 2 2 2 2 2 0 2 2 0 2 2 0 2 0 2 0 2 2 2 0 2 2 2 2 2 2 2 2 0 2 2 2 2 2 2 2 1 2 2 2 2 2 2 2 2 2 2 2 2 2 0 2 2 2 2 2 2 2 2 2 2 2 2 2 2 2 2 0 2 2 2 2 2 2 2 2 2 0 1 2 2 2 2 2 0 2 2 2 2 2 2 0 2 2 0 2 2 2 2 0 2 2 1 2 2 2 2 2 2 2 2 0 2 2 2 2 2 2 2 2 0 2 0 2 2 0 2 2 2 2 0 2 2
1363 0 0 0 0 0 2 0 2 0 0 0 0 0 0 2 2 2 0 0 0 0 0 0 0 0 0 2 0 0 0 0 0 0 0 0 1 0 0 0 2 0 0 0 0 0 0 2 0 0 2 2 0 2 2 0 0 2 0 0 0 0 0 0 0 2 0 0 2 0 0 2 0 2 2 2 0 0 0 0 0 0 2 0 2 2 2 0 0 0 0 2 0 2 0 2 0 0 0 2 0 2 2 0 0 2 0 2 2 2 0 0 0 2 0 0 2 2 2 2 0 0 0 0 0 2 0 2 2 2 2 2 0 2 0 2 2 2 2 0 2 0 2 2 0 2 0 0 2 1 0 0 2 2 2 0 0 2 2 1 0 2 0 0 2 2 2 0 0 2 0 0 2 2 2 0 0 0 2 0 0 2 2 2 2 2 0 2 2 2 0 0 2 0 0 2 2 0 0 2 2 2 2 2 2 2 2 0 2 2 0 2 0 0 2 1 2 2 1 0 0 2 0 2 0 0 2 2 2 2 0 2 2 0 0 0 2 0 0 2 2 2 2 0 2 2
1364 0 0 0 0 0 2 0 2 0 0 0 0 0 0 2 2 0 0 0 0 0 0 0 0 0 0 0 0 0 0 0 0 0 0 0 0 0 0 0 2 0 0 0 0 0 0 2 0 0 2 2 0 2 0 0 0 2 0 0 0 0 0 0 0 2 0 0 2 0 0 2 0 2 2 0 0 0 0 0 0 0 2 0 2 2 0 0 0 0 0 2 0 2 0 2 0 0 0 2 0 2 2 0 0 2 0 2 2 2 0 0 0 2 0 0 2 2 0 2 0 0 0 0 0 2 0 2 2 0 2 2 0 2 0 0 0 0 2 0 0 0 2 0 0 2 0 0 0 1 0 0 2 2 2 0 0 2 2 1 0 2 0 0 2 0 0 0 0 0 0 0 2 0 0 0 0 0 2 0 0 2 0 2 0 2 0 2 2 2 0 0 2 0 0 0 0 0 0 2 2 0 0 2 2 0 0 0 2 2 0 0 0 0 2 1 2 2 1 0 0 2 0 2 0 0 2 2 2 2 0 0 2 0 0 0 2 0 0 2 2 2 2 0 2 2
1365 2 2 2 2 2 2 2 2 2 2 2 2 2 2 2 2 0 2 2 2 2 2 2 2 2 2 0 2 2 2 2 2 0 2 2 1 2 2 2 2 2 2 2 2 2 2 2 2 2 2 2 2 2 2 2 2 2 2 2 2 2 2 2 2 2 2 2 2 2 2 2 2 2 2 0 2 2 2 2 2 2 2 2 2 2 0 2 2 0 2 2 2 2 2 2 0 2 2 2 2 2 2 2 2 2 2 2 2 2 2 2 2 2 2 2 2 2 2 2 0 2 2 2 2 2 2 2 2 0 2 2 0 2 0 0 0 0 2 2 0 2 2 0 2 2 2 2 0 2 2 0 2 2 2 2 2 2 2 2 2 2 2 2 2 0 0 2 2 2 2 2 2 0 2 2 2 2 2 2 2 2 0 2 0 2 2 2 2 2 2 2 2 2 2 0 0 2 2 2 2 0 0 2 2 0 0 2 2 2 2 0 2 2 2 2 2 2 2 2 2 2 2 2 2 2 2 2 2 2 0 0 2 2 2 2 2 2 2 2 2 2 2 2 2 2
1366 0 0 0 0 0 2 0 2 0 0 0 0 0 0 0 2 0 0 0 0 0 0 0 0 0 0 0 0 0 0 0 0 0 0 0 0 0 0 0 2 0 0 0 0 0 0 0 0 0 2 2 0 2 0 0 0 2 0 0 0 0 0 0 0 2 0 0 2 0 0 2 0 2 2 0 0 0 0 0 0 0 0 0 0 2 0 0 0 0 0 2 0 0 0 0 0 0 0 2 0 2 2 0 0 2 0 2 0 0 0 0 0 2 0 0 0 0 0 2 0 0 0 0 0 0 0 2 2 0 2 2 0 2 0 0 0 0 2 0 0 0 2 0 0 0 0 0 0 1 2 0 0 0 2 0 0 0 0 1 0 2 0 0 2 0 0 0 0 0 0 2 2 0 0 0 0 0 2 0 0 0 0 2 0 0 0 0 2 2 0 0 2 0 2 0 0 0 0 0 2 0 0 0 0 0 0 0 0 0 0 0 0 0 0 0 2 0 1 0 0 0 0 2 0 0 0 2 2 0 0 0 2 0 0 0 0 2 0 2 0 0 0 0 2 0
1367 0 0 0 0 0 0 0 0 0 0 0 0 0 0 0 0 0 0 0 0 2 0 0 0 0 0 0 0 0 0 0 0 0 2 2 0 0 0 0 0 0 0 0 2 0 0 0 0 0 0 0 0 0 0 0 0 0 0 0 0 0 0 0 0 0 0 0 0 0 0 0 0 0 0 0 0 0 0 0 0 0 0 0 0 0 0 0 0 2 2 0 0 0 0 0 0 2 0 0 0 0 0 0 0 0 0 0 0 0 0 0 0 0 0 0 0 0 0 2 0 0 0 0 2 0 0 0 2 0 0 0 0 0 0 0 0 0 2 0 0 0 0 0 0 0 0 0 0 1 0 0 0 0 0 0 2 0 0 1 0 2 0 0 0 0 0 0 0 0 0 0 0 0 0 0 0 0 0 0 0 0 0 2 0 0 0 0 0 0 0 0 0 0 0 0 0 0 0 2 0 0 0 0 0 0 0 0 2 0 0 0 0 0 0 0 0 0 1 0 0 0 0 0 0 0 0 0 0 0 0 0 0 0 0 0 0 0 0 2 2 0 0 0 0 0
1368 2 2 2 2 1 2 0 2 2 2 2 2 2 2 2 2 2 2 2 2 2 2 2 2 2 2 2 2 2 2 2 2 2 2 2 2 2 2 2 2 2 2 2 2 2 2 2 2 2 2 2 2 2 2 2 2 2 2 2 2 2 2 2 2 2 2 2 2 2 2 2 2 2 2 2 2 2 2 2 2 2 2 2 2 2 2 2 2 2 2 2 2 0 2 2 2 2 2 2 2 2 2 2 2 2 2 2 0 2 2 2 2 2 2 2 2 2 2 2 2 2 2 2 2 0 0 2 2 2 2 2 2 2 2 2 2 2 2 2 2 2 2 2 2 2 2 2 2 2 2 2 0 2 2 2 2 2 0 2 2 2 2 2 2 2 2 2 1 2 2 2 2 2 2 2 2 0 2 2 2 2 2 2 2 2 2 0 2 2 2 2 2 2 2 2 2 2 2 2 2 2 2 0 0 2 2 2 2 2 2 2 0 2 2 1 2 0 1 2 0 2 0 2 2 2 0 2 2 2 2 2 2 2 2 0 2 2 2 2 2 2 0 2 2 0
1369 2 2 0 0 0 2 2 0 2 2 2 0 0 2 2 0 0 2 2 0 2 0 0 2 2 2 2 0 2 2 0 0 0 0 0 2 2 2 0 0 2 2 2 0 2 0 2 2 0 0 2 0 0 0 0 0 0 2 0 2 2 2 2 2 0 0 2 0 0 0 0 2 2 0 0 2 0 0 2 0 2 2 2 2 2 2 0 2 0 0 0 0 2 2 0 0 0 2 0 0 0 0 2 0 0 0 0 2 0 2 2 2 0 2 2 0 2 0 2 0 2 0 0 0 2 2 2 2 0 2 2 2 0 0 0 2 2 2 2 2 2 0 2 0 0 2 0 2 1 2 0 2 2 0 2 0 2 2 1 2 2 2 2 0 0 2 2 1 0 2 2 2 2 0 2 2 2 0 2 2 0 0 2 2 2 2 2 2 2 2 2 0 2 2 2 2 2 2 0 0 0 2 2 2 0 2 2 0 2 0 0 2 0 0 2 2 2 2 2 2 2 2 0 2 2 2 0 0 2 0 0 0 2 2 2 2 2 2 2 0 2 2 2 2 2
1370 0 0 0 0 0 0 2 0 2 0 2 0 0 0 2 0 2 2 1 2 2 0 0 1 0 1 2 0 2 0 0 0 0 1 0 1 1 0 2 0 0 0 0 2 0 1 2 0 0 0 2 0 0 0 1 0 2 0 0 0 0 0 0 2 2 0 0 0 0 2 2 0 0 0 2 0 0 0 0 0 2 0 0 0 2 2 0 2 0 1 0 2 0 0 2 0 0 2 1 1 2 2 0 1 2 2 2 0 2 1 0 0 2 0 0 2 2 0 1 0 0 0 1 2 0 2 2 2 0 2 0 0 2 0 2 0 2 2 0 2 0 0 2 0 0 0 0 2 1 1 0 2 2 2 1 2 2 0 0 0 2 0 0 2 2 2 2 0 0 0 2 2 2 2 2 1 1 2 0 0 2 0 2 2 2 2 1 0 2 0 1 1 2 0 2 1 1 0 2 2 2 2 1 2 2 2 0 2 2 2 2 2 0 0 1 2 0 1 0 0 2 2 0 1 0 0 0 0 2 2 1 1 1 2 2 1 2 0 0 2 2 0 0 2 0
1371 0 0 0 0 0 0 2 0 2 0 2 0 0 0 0 0 2 2 0 2 2 0 0 0 0 0 2 0 2 0 0 0 0 0 0 1 0 0 2 0 0 0 2 2 1 0 2 0 0 0 0 0 0 0 0 0 2 0 0 0 0 0 0 2 2 0 0 0 0 0 2 0 0 0 2 0 0 0 0 0 2 0 0 0 2 0 0 2 0 0 0 2 0 0 0 0 0 2 0 0 2 2 0 0 2 2 2 0 0 0 0 0 0 0 0 0 2 0 0 0 0 0 0 2 0 2 0 2 0 2 0 0 0 0 2 0 2 2 0 0 0 0 0 0 0 0 0 2 0 0 0 2 2 2 0 2 0 0 0 0 2 0 0 2 0 2 2 0 0 0 2 0 0 0 2 0 0 2 0 0 0 0 2 2 2 2 0 0 2 0 0 0 2 0 2 0 0 0 0 2 2 2 0 2 2 0 0 0 2 2 2 2 0 0 1 0 0 1 0 0 2 2 0 0 0 0 0 0 0 2 0 0 0 2 2 0 2 0 0 0 2 0 0 2 0
1372 2 2 2 2 2 2 2 2 2 2 2 2 2 2 2 2 2 2 2 2 2 2 2 2 2 2 2 2 2 2 2 2 2 2 2 2 2 2 2 2 2 2 2 2 2 2 2 2 2 2 0 2 2 2 2 2 2 2 2 2 2 2 2 2 2 2 2 2 2 2 2 2 2 2 2 2 2 2 2 2 2 2 2 2 2 0 2 2 2 2 2 2 2 2 2 2 2 2 2 2 2 2 2 2 2 2 2 2 2 2 2 2 0 2 2 0 2 2 2 2 2 2 2 2 2 2 0 2 2 2 2 2 0 2 2 2 2 2 2 0 2 2 0 2 2 2 2 2 2 2 2 2 2 2 2 2 2 2 2 2 2 2 2 2 2 2 2 2 2 2 2 2 0 2 2 2 2 2 2 2 2 2 2 2 2 2 2 2 2 2 2 2 2 2 2 2 2 2 0 2 2 2 2 2 2 0 2 0 2 2 2 2 2 2 2 2 2 2 2 2 2 2 2 2 2 2 2 2 2 2 2 2 2 2 2 2 2 2 2 0 2 2 2 2 2
1373 2 2 2 2 2 2 2 2 2 2 0 2 2 2 2 2 0 2 2 2 2 2 2 2 2 0 2 2 2 2 2 2 2 0 2 2 2 2 2 2 2 2 2 2 2 2 2 2 2 2 2 2 2 2 2 2 2 2 2 2 2 2 2 2 2 2 2 2 0 2 2 2 2 2 0 2 2 2 2 0 2 2 2 2 2 0 2 2 2 2 2 2 0 2 2 2 0 2 2 2 2 2 2 2 2 2 2 2 2 2 2 2 0 2 2 2 2 2 2 2 2 2 2 2 2 2 2 2 2 2 2 0 0 2 2 2 2 2 2 0 2 2 0 2 2 2 2 2 1 0 2 2 2 2 2 2 2 2 2 2 2 2 2 2 2 2 2 1 2 2 0 2 0 2 2 0 2 2 2 2 2 2 2 2 2 2 2 0 2 2 1 2 2 0 2 2 2 2 2 2 2 2 2 2 2 2 2 2 2 2 2 2 2 2 2 2 2 2 2 2 2 2 2 0 2 0 2 2 2 2 2 2 2 2 2 2 2 2 2 2 2 2 2 2 2
1374 0 2 2 2 0 0 0 2 2 0 1 0 0 2 2 0 0 2 2 0 2 0 0 2 0 2 0 0 2 2 2 0 2 2 0 0 2 2 0 0 2 2 0 2 2 2 0 0 2 2 2 2 0 0 0 0 2 2 2 0 0 2 2 2 2 0 2 2 0 0 2 2 0 0 0 2 2 0 0 2 2 0 0 2 2 0 2 2 2 0 2 0 2 0 2 2 2 2 2 2 0 2 2 2 2 2 2 0 0 0 2 2 0 0 2 2 0 0 2 2 2 2 2 2 2 0 2 2 2 0 0 2 0 2 2 2 2 0 0 0 0 0 0 0 0 2 2 2 1 0 2 2 0 2 2 2 2 2 1 2 2 0 0 2 2 0 0 2 0 2 0 2 0 2 0 2 2 2 2 2 0 1 0 0 2 0 0 2 2 0 1 2 2 0 0 2 2 2 2 2 2 0 2 0 0 2 2 2 0 2 0 0 2 2 0 2 2 0 2 2 0 0 2 2 0 2 2 2 0 2 0 2 2 2 0 0 0 2 2 2 0 2 0 2 2
1375 0 0 2 2 0 0 2 2 2 0 0 2 0 0 0 0 0 2 0 2 0 2 2 0 0 0 0 2 2 0 0 2 2 2 2 0 0 0 2 2 0 0 2 2 0 2 0 0 0 2 0 0 2 2 2 2 2 0 2 0 2 0 0 2 2 0 0 2 0 2 0 0 0 2 1 0 2 2 2 0 2 2 0 0 2 0 2 0 2 2 2 2 0 2 0 2 2 0 2 2 2 0 0 0 2 2 2 0 0 0 0 0 2 2 2 2 2 2 2 2 0 2 0 2 0 2 0 2 2 2 2 0 2 2 0 2 2 2 0 0 0 2 0 0 0 2 0 2 1 0 0 0 0 2 0 2 2 0 1 2 2 0 0 2 0 0 0 1 2 2 0 0 1 2 0 0 0 2 2 0 0 0 0 0 0 0 2 2 0 0 0 2 0 0 2 2 0 0 2 0 2 2 0 0 0 2 0 2 0 2 0 2 2 0 1 0 0 0 0 0 0 0 2 0 0 0 2 0 2 2 2 0 0 0 2 0 0 0 2 2 2 0 2 2 2
1376 2 2 2 2 2 2 2 2 0 2 2 2 2 2 2 2 2 0 2 0 0 2 2 2 2 2 2 2 0 2 2 2 2 2 2 2 2 2 0 2 0 2 2 2 2 2 2 2 2 2 0 0 2 2 2 2 2 2 2 2 2 2 2 2 0 2 2 2 2 2 2 2 2 2 2 2 2 2 2 2 0 0 2 2 2 2 2 2 2 2 0 0 2 2 2 2 2 2 2 2 0 2 2 2 2 2 2 2 2 2 2 2 2 2 2 2 2 0 0 2 2 2 2 2 2 2 0 0 2 2 2 2 2 2 2 0 2 2 2 2 2 0 2 2 2 2 0 2 2 0 2 2 2 2 2 2 2 2 2 2 2 2 2 2 2 2 2 2 0 2 2 2 2 2 2 2 2 2 2 2 2 2 2 2 2 2 2 2 2 2 2 2 2 0 0 0 2 2 2 2 2 2 2 2 2 0 2 2 2 2 2 2 2 2 2 2 2 2 2 2 2 2 2 2 2 2 2 2 2 2 2 2 2 2 2 2 0 2 0 2 2 2 2 0 2
1377 2 2 2 2 2 0 2 2 2 2 2 2 2 2 0 2 2 2 2 2 2 2 2 2 2 2 2 2 2 2 2 2 2 2 2 2 2 2 2 2 2 2 0 0 2 2 0 2 2 2 0 2 2 2 2 2 2 2 2 2 2 2 2 2 2 2 2 2 2 0 0 2 2 2 2 2 2 2 2 2 2 2 2 2 2 2 2 2 2 2 2 2 2 2 2 2 2 2 2 2 2 2 2 2 2 2 2 2 2 2 2 2 2 2 2 2 2 2 2 2 2 2 2 0 2 2 2 2 2 0 2 2 2 2 2 2 2 2 2 2 2 2 2 2 2 2 2 2 1 2 2 2 2 2 0 2 2 0 1 2 2 0 2 2 2 2 2 2 2 2 2 2 2 0 2 2 2 2 2 2 2 2 2 2 2 2 2 2 2 2 2 2 2 2 2 2 0 2 2 0 2 2 0 2 2 2 0 2 0 2 2 2 2 2 2 2 0 2 0 2 0 2 2 2 0 2 2 2 2 2 2 0 2 2 2 2 2 2 2 2 2 2 2 2 2
1378 2 2 2 2 2 2 2 0 2 2 2 2 2 2 2 2 0 2 2 2 2 2 2 2 2 2 0 2 2 2 2 2 2 2 0 1 2 2 2 2 2 2 2 2 2 2 2 2 2 2 2 2 2 2 2 2 2 2 2 2 2 2 2 2 2 2 2 2 2 2 2 2 2 2 0 2 2 2 2 2 2 2 2 2 2 2 2 2 2 0 2 2 2 2 2 2 2 2 0 2 0 2 2 2 2 2 2 2 2 2 2 2 2 2 2 2 2 2 2 2 2 2 2 2 2 2 2 2 2 2 2 2 2 2 2 2 2 2 2 0 2 2 0 2 2 2 2 0 2 2 2 2 2 2 2 0 2 2 2 2 2 2 2 0 0 2 2 2 2 2 2 0 0 2 2 2 2 2 2 2 2 2 2 0 2 2 2 2 2 2 2 2 2 2 0 2 2 2 2 2 2 0 2 2 2 2 2 2 2 2 0 2 2 2 2 0 2 2 2 2 2 2 2 2 2 2 2 2 2 2 2 2 2 2 2 2 2 2 2 2 2 0 0 2 0
1379 2 2 2 2 0 2 0 2 2 2 2 2 0 2 2 2 2 2 2 2 2 2 2 2 0 2 2 2 2 2 2 2 2 2 2 1 2 2 2 2 2 2 2 2 2 2 2 2 2 2 2 2 2 2 2 2 2 2 2 2 2 2 0 2 2 0 2 2 2 2 2 2 2 2 2 2 2 2 2 2 2 2 2 0 0 2 2 2 2 2 2 2 2 2 2 2 2 2 2 2 2 2 2 2 2 2 2 0 2 0 2 2 2 2 2 2 2 2 2 2 2 2 2 2 2 0 2 2 2 2 2 0 2 2 2 2 2 2 2 2 2 2 2 2 2 2 2 2 2 2 0 2 2 2 2 2 2 2 2 2 2 2 0 2 2 2 2 2 2 2 2 2 2 2 0 0 2 2 2 2 2 2 2 2 2 2 0 2 2 2 1 2 2 2 2 2 2 0 2 2 2 2 2 0 2 2 2 2 2 2 2 2 2 2 0 2 2 1 2 2 2 0 2 2 2 2 2 2 2 2 2 2 2 2 2 2 2 2 2 2 2 2 2 2 2
1380 0 0 0 0 2 0 2 0 0 0 0 0 2 0 0 0 0 0 0 0 0 0 0 0 2 0 0 0 0 0 0 0 0 0 0 1 0 0 0 0 0 0 0 0 0 0 0 0 0 0 0 0 0 0 0 0 0 0 0 0 0 0 2 0 0 2 0 0 0 2 0 0 0 0 0 0 0 0 0 0 0 0 0 0 2 0 0 0 0 0 0 0 2 0 2 0 0 0 0 0 0 0 0 0 0 0 0 2 0 2 0 0 0 0 0 0 0 0 0 0 0 0 0 0 0 2 0 0 0 2 0 0 0 0 0 0 0 0 0 0 0 0 0 2 0 0 0 0 0 0 2 0 0 0 2 0 0 2 1 0 2 2 2 0 0 0 0 0 0 0 0 0 0 0 0 0 0 0 0 0 0 0 0 0 0 2 2 0 0 0 1 0 0 0 0 0 2 2 0 0 0 0 2 2 0 0 2 2 0 0 0 0 0 0 2 0 2 1 2 0 0 2 0 0 2 2 0 0 0 0 2 0 0 0 0 0 0 0 0 0 0 0 0 0 0
1381 0 0 0 0 0 0 0 0 0 0 0 0 0 0 0 0 0 0 0 0 0 0 0 0 0 0 0 0 0 0 0 0 0 0 0 0 0 0 0 0 0 0 0 0 0 0 0 0 0 0 0 0 0 0 0 0 0 0 0 0 0 0 0 0 0 0 0 0 0 2 0 0 0 0 0 0 0 0 0 0 0 0 0 0 0 0 0 0 0 0 0 0 0 0 0 0 0 0 0 0 0 0 0 0 0 0 0 0 0 0 0 0 0 0 0 0 0 0 0 0 0 0 0 0 0 0 0 0 0 0 0 0 0 0 0 0 0 0 0 0 0 0 0 2 0 0 0 0 0 0 0 0 0 0 2 0 0 2 1 0 2 0 0 0 0 0 0 0 0 0 0 0 0 0 0 0 0 0 0 0 0 0 0 0 0 2 0 0 0 0 0 0 0 0 0 0 2 0 0 0 0 0 2 0 0 0 2 2 0 0 0 0 0 0 0 0 2 0 2 0 0 0 0 0 0 0 0 0 0 0 2 0 0 0 0 0 0 0 0 0 0 0 0 0 0
1382 2 2 2 2 2 2 2 2 2 2 2 2 2 2 2 0 2 2 2 2 2 2 2 2 2 0 2 2 2 2 2 2 2 2 2 2 2 2 2 2 2 2 2 2 2 2 2 2 2 2 2 2 2 2 2 2 2 2 2 2 2 2 2 2 2 2 2 2 2 2 2 2 2 2 2 2 2 2 2 0 2 2 2 2 2 2 2 2 2 2 2 2 2 2 2 2 2 0 2 2 2 2 2 2 2 0 2 2 2 2 2 2 2 2 2 2 2 2 0 2 2 2 2 2 2 2 2 2 2 2 2 2 2 2 2 2 2 2 2 2 2 2 2 2 2 2 2 2 2 0 2 2 2 2 2 2 2 2 2 2 2 2 2 2 2 2 2 2 2 2 2 2 2 2 2 0 2 2 2 2 2 2 2 2 2 2 2 0 2 2 2 2 2 2 2 2 2 2 2 2 0 2 2 2 2 2 2 2 2 0 2 0 2 2 2 2 2 2 2 2 2 2 2 2 2 2 2 2 2 2 2 0 2 2 0 2 2 2 0 2 2 2 2 2 2
1383 0 0 0 2 0 0 0 0 0 0 0 0 0 0 0 0 0 0 0 0 0 0 0 0 0 0 0 0 0 0 0 0 0 0 0 0 0 0 0 2 2 0 0 0 0 0 0 0 0 0 0 0 0 0 0 0 0 0 0 0 2 0 0 0 0 0 0 2 0 2 0 0 0 0 0 0 0 0 0 0 0 0 0 2 0 0 0 2 0 0 2 0 0 0 0 0 0 0 0 0 0 0 0 0 0 0 0 0 0 0 0 0 0 0 0 0 0 0 0 0 0 0 0 0 2 0 2 0 0 0 0 2 0 0 0 0 0 0 2 0 0 2 0 2 0 0 0 0 0 0 0 0 0 0 2 0 0 2 1 0 2 0 0 0 0 0 0 0 0 0 0 0 0 0 0 0 0 0 0 0 0 0 0 0 0 2 0 0 0 0 0 0 2 0 0 0 2 0 0 0 0 0 2 0 0 0 2 2 0 0 0 0 0 0 0 0 2 0 2 0 0 0 2 0 0 0 0 0 2 0 2 0 0 0 0 0 0 0 0 0 0 0 0 0 0
1384 2 2 2 0 2 2 2 0 2 2 2 2 2 2 0 0 2 2 2 0 2 2 2 2 2 2 0 2 2 2 2 2 2 0 0 2 0 2 2 2 0 2 2 2 2 2 2 2 2 2 0 2 2 0 2 2 2 2 2 2 0 2 2 0 0 2 2 0 2 2 2 2 0 2 2 2 2 2 0 0 2 0 0 2 2 0 2 0 2 0 2 2 2 0 2 2 0 0 0 2 0 2 2 2 0 0 0 2 2 2 2 2 2 0 2 2 0 0 2 2 2 2 2 2 2 2 0 0 2 0 2 2 0 2 0 0 2 0 0 2 2 2 0 2 2 0 2 0 1 0 2 0 2 0 2 2 0 2 1 0 2 2 2 2 2 2 2 0 2 0 0 0 2 2 2 0 0 0 0 2 2 0 0 0 2 2 2 0 2 2 2 2 0 0 0 0 2 2 2 0 0 2 2 2 0 0 2 2 2 0 0 0 2 2 2 0 2 1 2 0 0 2 0 2 2 2 2 2 2 2 2 0 2 0 0 2 0 2 2 2 0 2 0 2 0
1385 2 2 0 2 0 0 2 2 0 2 2 0 0 2 2 2 2 0 2 2 0 0 2 2 0 2 0 0 0 2 0 0 2 0 2 1 0 2 0 0 2 2 2 0 2 0 2 2 0 0 2 2 2 0 2 2 2 2 0 0 2 2 2 2 2 1 2 2 2 2 2 0 2 2 2 2 0 0 0 0 0 2 0 0 2 2 0 2 2 2 2 0 2 0 2 2 0 2 2 0 2 0 2 0 2 2 0 2 2 2 2 2 2 2 0 0 0 2 2 2 2 0 0 0 0 2 2 2 0 2 2 0 2 2 2 2 2 0 2 2 2 2 0 2 2 0 2 2 1 2 0 0 2 2 2 0 0 2 1 2 2 0 0 0 0 0 0 0 0 2 0 2 2 2 0 2 2 2 2 2 2 0 0 0 2 2 2 2 0 2 1 0 2 0 2 2 2 2 2 2 2 2 2 0 2 0 2 2 2 2 0 2 0 2 2 0 2 2 2 0 0 2 2 0 0 2 0 2 2 2 2 2 2 0 2 2 0 2 2 2 0 0 0 2 2
1386 2 2 2 2 2 2 2 2 2 2 2 2 2 2 2 2 2 2 2 0 2 2 2 2 2 2 2 2 2 2 2 2 2 2 2 1 2 2 2 2 0 2 2 2 2 2 2 2 2 2 0 0 0 2 2 2 2 2 2 2 2 2 2 0 0 2 2 2 2 0 2 2 2 0 2 2 2 2 2 2 2 0 2 2 2 2 2 0 0 2 1 2 2 2 2 2 2 2 2 2 0 2 2 2 0 2 2 2 0 2 2 2 2 2 2 2 2 0 2 2 0 2 2 2 2 2 0 0 2 2 2 2 0 2 0 2 2 2 0 2 2 0 2 2 2 2 0 2 2 2 2 2 0 0 2 2 2 2 2 2 2 2 2 2 2 2 2 2 2 2 2 0 2 2 2 2 0 0 2 2 2 2 2 2 2 2 2 2 2 2 2 2 0 2 2 2 2 2 0 0 2 2 2 2 0 2 2 2 2 2 2 2 2 2 2 2 2 1 2 2 0 2 2 2 2 2 2 0 2 2 2 2 2 2 2 0 2 2 2 0 2 2 2 0 0
1387 0 0 2 2 0 2 2 2 2 0 2 2 0 0 2 2 2 2 0 2 2 2 2 0 2 2 2 2 2 0 2 2 0 2 2 2 2 0 2 2 2 0 2 2 0 2 2 0 2 2 2 2 0 2 2 2 0 0 2 2 2 0 2 2 2 0 0 2 0 2 2 2 0 0 2 0 2 2 0 2 2 2 0 0 2 2 2 2 2 2 2 2 0 0 2 0 2 2 2 2 0 2 0 2 2 2 2 2 2 2 0 0 2 2 2 2 2 2 2 0 0 2 2 2 0 2 2 2 2 2 2 0 2 0 2 2 2 2 2 2 0 2 2 2 2 2 2 2 2 2 2 2 2 2 2 2 0 2 2 2 2 2 2 2 2 2 2 2 2 2 2 2 2 2 2 2 2 2 2 0 2 2 2 2 2 2 2 2 2 0 1 2 2 2 2 2 2 2 2 2 2 2 2 2 2 2 2 2 2 2 2 2 2 2 1 2 2 2 2 2 2 2 2 2 2 0 2 2 2 2 2 2 0 2 2 2 2 0 2 2 2 2 2 2 0
1388 2 2 2 2 2 2 2 2 2 2 2 2 2 2 2 2 2 2 2 2 2 2 2 2 2 2 0 2 2 2 2 2 2 0 0 1 2 2 2 2 2 2 2 2 2 2 2 2 2 2 2 2 2 2 2 2 2 2 2 2 2 2 0 2 2 2 2 2 2 2 2 2 2 2 2 2 2 2 2 2 0 2 2 2 2 2 2 2 2 0 2 2 2 2 0 2 0 2 2 2 2 2 2 2 2 2 2 0 2 2 2 2 2 2 2 2 2 2 2 2 2 2 2 2 2 2 2 2 2 2 2 2 2 2 2 0 0 2 2 2 2 2 0 2 0 2 2 2 1 2 2 2 2 2 0 2 2 2 2 2 2 2 2 0 2 2 2 1 2 2 2 0 2 0 2 2 2 2 2 2 2 0 2 0 2 2 2 2 2 2 2 2 2 0 0 0 0 0 2 2 2 2 2 2 2 0 0 2 2 2 2 2 2 0 2 2 2 2 0 2 2 2 2 2 2 2 2 2 2 2 2 2 2 0 2 2 0 2 2 2 2 0 2 2 2
1389 0 0 2 2 0 2 2 2 2 0 2 2 0 0 2 2 2 2 0 2 2 2 2 0 2 2 2 2 2 0 2 2 0 2 2 2 2 0 2 2 2 0 2 2 0 2 2 0 2 2 2 2 2 2 2 2 2 0 2 2 2 0 2 2 2 0 0 2 2 2 2 2 0 2 2 0 2 2 2 2 2 2 0 0 2 2 2 2 2 2 2 2 0 2 2 0 2 2 2 2 2 2 0 2 2 2 2 2 2 2 0 0 2 2 2 2 2 2 2 0 2 2 2 2 0 2 2 2 2 2 2 0 2 0 2 2 2 2 2 2 0 2 2 2 2 2 2 2 2 2 2 2 2 2 2 2 2 2 2 2 2 2 2 2 2 2 2 2 2 2 2 2 2 2 2 2 2 2 2 0 2 2 2 2 2 2 2 2 2 0 1 2 2 2 2 2 2 2 2 2 2 2 2 2 2 2 2 2 2 2 2 0 2 2 1 2 2 2 2 2 2 2 2 2 2 0 2 2 2 2 2 2 0 2 0 2 2 0 2 2 2 2 2 2 2
1390 0 0 0 0 0 0 0 0 0 0 2 0 0 0 0 0 0 0 0 0 0 0 2 0 2 2 0 0 0 0 0 0 0 0 0 0 0 0 0 0 0 0 0 0 0 0 0 0 0 0 0 0 0 0 2 2 0 0 0 0 0 0 0 0 0 0 0 0 0 0 0 0 0 0 0 0 0 0 2 0 0 0 0 0 0 0 0 2 0 0 0 0 0 2 0 0 0 2 0 0 2 0 0 0 0 2 0 0 0 2 0 0 0 2 0 0 0 0 2 0 0 0 2 0 0 0 0 0 0 0 0 0 0 0 0 0 0 2 0 0 0 0 0 2 0 0 0 0 0 2 0 0 0 0 0 0 0 2 2 2 2 0 2 0 0 0 0 0 0 2 0 0 0 0 2 0 0 0 2 0 0 0 0 0 2 2 2 0 2 0 2 0 2 0 0 0 0 0 0 0 2 0 2 0 0 0 0 2 0 2 0 0 0 0 0 0 2 0 0 0 0 0 0 0 0 0 0 0 2 2 2 0 0 0 0 0 0 0 2 0 0 0 0 0 2
1391 0 2 0 0 0 2 0 0 0 0 0 0 0 0 0 0 0 0 0 0 0 0 0 0 2 0 0 0 0 0 0 0 2 0 2 0 0 2 0 0 0 2 0 2 0 0 0 0 0 0 0 0 0 2 0 0 0 2 0 0 0 0 0 0 0 0 2 0 0 0 0 0 0 0 0 0 0 0 0 0 0 2 0 0 0 0 0 0 0 2 0 0 0 0 0 2 0 0 0 0 0 0 2 0 0 0 0 0 0 2 0 0 0 0 0 0 0 0 0 2 0 0 0 2 0 0 0 0 0 0 0 0 0 2 0 0 0 2 0 0 0 0 0 0 0 0 0 0 1 0 0 0 0 0 0 0 0 0 1 0 0 0 0 0 0 0 0 0 0 0 0 2 0 0 0 0 0 0 0 0 0 0 0 0 2 2 0 0 0 0 0 0 0 0 0 0 0 0 0 0 0 0 0 0 0 0 0 0 0 0 0 0 0 0 0 0 0 0 0 0 0 0 0 0 0 0 0 0 0 2 0 0 0 0 0 0 0 0 0 0 0 0 0 0 0
1392 0 0 2 0 0 2 0 2 2 0 2 2 0 0 2 2 2 2 0 2 2 2 2 0 2 0 2 2 2 0 2 2 0 2 2 2 2 0 2 2 0 0 0 2 0 2 0 0 2 2 0 2 0 2 2 2 0 0 2 2 2 0 2 0 0 0 0 2 2 2 2 2 0 0 2 0 2 2 0 2 2 2 0 0 2 2 2 2 0 2 0 2 0 0 2 0 2 2 2 2 2 2 0 2 0 0 2 2 2 2 0 0 2 2 2 2 2 2 0 0 2 2 0 2 0 0 0 2 2 0 2 0 2 0 2 2 2 2 2 2 0 0 2 0 2 2 2 2 2 2 2 0 2 2 2 2 0 0 1 2 0 2 0 2 2 2 2 1 0 2 2 2 2 2 0 2 0 2 2 0 2 2 2 2 2 2 0 2 0 0 1 2 2 2 2 2 2 2 2 0 2 2 0 2 2 2 2 0 0 2 2 0 2 2 0 2 0 1 2 0 0 2 2 2 2 0 2 2 0 2 0 2 0 2 0 0 2 0 0 2 2 2 2 2 2
1393 2 2 2 0 2 2 2 2 2 2 2 2 2 2 2 2 2 2 2 2 2 2 2 2 2 2 2 2 2 2 2 2 2 2 2 2 2 2 2 2 0 2 2 2 2 2 2 2 2 2 0 2 0 2 2 2 0 2 2 2 2 2 2 2 2 2 2 2 2 2 2 2 2 0 2 2 2 2 2 2 2 2 2 2 2 2 2 2 2 2 0 2 2 2 2 2 2 2 2 2 2 2 2 2 2 2 2 2 2 2 2 2 2 2 2 2 2 2 2 2 2 2 2 2 2 2 0 2 2 2 2 2 2 2 2 2 2 2 2 2 2 0 2 0 2 2 2 2 2 2 2 2 2 2 2 2 2 0 1 2 2 2 0 2 2 2 2 0 0 2 2 2 2 2 0 2 2 2 2 2 2 2 2 2 2 2 2 2 2 2 2 2 2 2 2 2 2 2 2 0 2 2 0 2 2 2 2 0 2 2 2 2 2 2 2 2 0 2 2 0 2 2 2 2 2 2 2 2 2 2 0 2 2 2 2 0 2 2 2 2 2 2 2 2 2
1394 2 2 0 2 2 2 2 2 0 2 0 0 2 2 2 2 0 0 2 2 0 0 2 2 2 2 2 0 0 2 0 0 2 2 2 2 2 2 0 0 2 2 0 2 2 0 2 2 0 0 2 0 0 2 2 2 2 2 0 0 2 2 2 0 0 2 2 0 2 2 0 0 2 0 0 2 0 0 2 2 2 0 2 2 0 2 0 0 2 2 2 0 2 2 2 2 2 0 2 0 2 2 2 0 0 0 2 2 2 2 2 2 2 2 0 2 2 2 2 2 2 0 2 2 2 2 2 2 2 2 2 2 2 2 0 2 2 2 2 0 2 2 2 2 2 2 0 2 2 0 2 2 0 2 2 2 2 2 2 2 2 2 2 2 2 2 2 2 2 2 2 2 0 2 2 0 0 2 2 2 2 2 2 2 2 2 2 0 2 2 2 2 0 2 2 2 2 2 2 2 0 0 2 2 0 2 2 2 2 0 2 2 0 2 1 2 2 1 2 2 0 0 0 2 2 2 2 2 2 2 2 0 2 2 2 2 2 2 2 2 2 2 2 2 2
1395 2 2 2 0 2 2 0 2 2 2 2 2 2 2 2 2 2 2 2 0 2 2 0 2 2 2 2 2 2 2 2 2 2 2 2 1 0 2 2 2 0 2 2 2 2 2 0 2 2 2 0 2 2 2 0 0 0 2 2 2 0 2 2 2 2 2 2 2 2 0 2 2 2 2 2 2 2 2 0 0 2 2 2 2 2 2 2 2 0 2 2 2 2 0 2 2 2 2 2 2 2 2 2 2 2 2 2 2 0 0 2 2 2 0 2 2 2 0 2 2 2 2 0 2 2 0 0 0 2 0 0 2 2 2 2 2 2 2 0 2 2 2 2 2 2 2 2 2 2 2 0 0 2 2 2 2 2 2 2 0 2 2 0 2 2 2 2 2 0 0 2 2 2 2 0 2 2 2 0 2 2 2 2 2 2 2 2 2 0 2 2 2 2 2 2 2 2 2 0 2 2 2 2 0 2 2 2 2 0 2 2 2 2 2 2 2 2 1 2 2 2 2 2 2 2 2 2 0 2 2 2 2 2 2 2 0 2 2 2 0 2 2 2 0 2
1396 2 2 0 2 2 2 2 2 0 2 2 0 2 2 2 2 2 0 2 2 0 0 2 2 2 2 2 0 0 2 0 0 2 2 2 2 2 2 0 2 2 2 2 2 2 0 2 2 0 0 2 2 2 2 2 2 2 2 0 0 2 2 2 2 2 2 2 2 2 2 2 0 2 2 2 2 0 0 2 2 2 2 2 2 2 2 0 2 2 2 2 0 2 2 2 2 2 2 2 0 2 2 2 0 2 2 2 2 2 2 2 2 2 2 0 2 2 2 2 2 2 0 2 2 2 2 2 2 2 2 2 2 2 2 2 2 2 2 2 2 2 2 2 2 2 2 2 2 2 2 2 2 2 2 2 2 2 2 2 2 2 2 2 2 2 2 2 2 2 2 2 2 2 2 2 2 2 2 2 2 2 2 2 2 2 2 2 2 2 2 2 2 2 2 2 2 2 2 2 2 2 2 2 2 2 2 2 2 2 2 2 2 0 2 2 2 2 2 2 2 2 2 2 2 2 2 2 2 2 2 2 2 2 2 2 2 2 2 2 2 2 2 2 2 2
1397 2 2 2 2 2 2 2 2 2 2 2 2 2 2 2 2 2 2 2 0 2 2 2 2 2 2 2 2 2 2 2 2 2 2 2 1 2 2 2 2 2 2 2 2 2 2 2 2 2 2 2 0 2 2 2 2 2 2 2 2 2 2 2 2 2 2 2 2 2 0 2 2 0 2 2 2 2 2 2 0 2 2 2 2 2 2 2 2 2 2 2 2 2 2 2 2 2 2 2 2 2 2 2 2 2 2 2 2 2 2 2 2 2 2 2 2 2 2 2 2 2 2 0 2 2 2 2 0 2 2 2 2 2 2 2 2 2 2 2 2 2 2 2 2 2 2 0 2 2 2 2 2 2 2 2 2 2 2 2 2 2 2 0 0 2 0 2 2 0 2 2 2 2 2 2 2 2 2 2 2 2 2 2 2 2 2 2 2 2 2 2 2 2 2 2 2 2 2 2 2 2 2 2 2 2 2 2 2 2 2 2 0 2 2 2 2 2 1 2 2 2 2 2 2 2 2 2 0 2 2 2 2 2 2 0 2 2 2 2 2 2 0 2 0 2
1398 2 2 2 2 0 2 2 0 2 2 2 2 0 0 2 0 0 2 0 2 2 2 0 0 2 2 0 2 2 0 2 2 2 0 2 1 2 2 2 2 2 2 2 2 0 2 2 2 2 2 2 2 2 2 0 0 0 2 2 2 0 0 0 2 2 0 2 2 0 0 2 1 0 2 0 0 2 2 2 2 0 2 2 0 2 0 2 2 2 2 2 2 0 2 0 2 0 0 0 2 0 0 2 2 1 2 0 0 2 0 0 0 2 2 2 2 0 2 2 2 0 2 2 2 0 2 2 2 0 0 2 0 2 2 2 0 0 2 0 0 2 2 0 0 0 0 2 0 1 2 0 2 2 0 0 0 0 0 1 2 2 2 2 0 0 0 0 0 2 2 0 2 0 0 0 2 2 0 2 0 2 0 0 0 2 2 2 0 0 2 2 0 2 0 0 0 0 2 2 2 0 0 0 0 2 0 0 0 2 2 0 2 1 0 1 0 0 1 0 0 2 0 2 0 2 0 0 2 2 2 0 0 0 0 2 2 0 0 2 2 0 0 0 2 0
1399 2 2 2 2 2 2 2 2 2 2 2 2 2 0 2 2 2 2 0 2 2 2 2 0 2 2 2 2 2 0 2 2 2 0 2 2 2 2 2 2 2 2 2 2 0 2 2 2 2 2 2 2 2 2 2 2 2 2 2 2 2 0 2 2 2 2 2 2 0 0 2 2 0 2 2 0 2 2 2 2 2 2 2 0 2 2 2 2 2 2 2 2 0 2 2 2 0 0 2 2 2 2 2 2 2 2 2 2 2 2 0 0 2 2 2 2 2 2 2 2 2 2 2 2 0 2 2 2 2 0 1 0 2 2 2 2 0 2 0 2 2 2 2 2 2 2 2 2 1 2 2 2 2 2 0 2 2 2 2 2 2 2 2 2 2 2 2 0 2 2 2 2 2 2 2 2 2 2 2 0 2 2 2 2 2 2 2 2 2 2 2 2 2 2 2 2 0 2 2 2 0 2 2 0 2 2 0 2 2 2 2 2 2 2 2 2 2 1 0 0 2 0 2 2 2 0 2 2 2 2 2 2 0 2 2 2 2 0 2 2 2 2 2 2 2
1400 2 2 0 0 1 2 2 2 0 2 0 0 0 0 2 2 2 0 0 2 0 0 0 0 2 2 2 0 0 0 0 0 2 0 2 2 2 2 0 0 2 2 2 2 0 0 2 2 0 0 0 2 2 2 0 0 2 2 0 0 2 0 2 0 2 1 2 2 2 0 2 0 0 2 2 0 0 0 2 2 0 2 2 0 2 2 0 2 2 2 2 0 0 2 0 2 0 0 2 0 2 2 2 0 0 2 2 2 2 0 0 0 2 2 0 2 2 2 2 2 2 0 2 2 0 2 2 2 0 0 2 0 2 2 0 2 2 2 0 2 2 2 2 2 0 2 2 2 1 0 2 2 2 2 0 2 2 2 2 2 0 2 2 2 2 2 2 2 2 2 2 2 2 0 2 2 2 2 2 0 2 2 2 2 2 2 2 2 2 2 2 2 2 2 2 2 0 2 2 2 0 2 2 0 0 2 0 2 2 2 2 2 0 0 1 2 2 1 0 2 2 0 2 2 2 0 2 2 2 2 2 2 0 0 2 2 0 0 2 2 2 2 2 2 2
1401 0 0 0 0 0 2 0 0 0 0 0 0 0 0 2 0 0 0 0 0 0 0 0 0 2 0 0 0 0 0 0 0 0 0 2 0 0 0 0 0 0 0 0 0 0 0 0 0 0 0 0 0 0 0 0 0 0 0 0 0 0 0 0 0 0 0 0 0 0 0 0 0 0 0 0 0 0 0 0 0 0 0 2 0 0 0 0 0 0 2 0 0 0 0 0 0 0 2 0 0 0 0 0 0 0 2 0 0 0 0 0 0 0 0 0 0 0 0 0 0 0 0 0 0 0 0 0 0 0 0 0 0 0 0 0 0 0 0 2 0 0 0 0 0 0 0 0 0 1 0 0 0 0 0 0 0 0 0 0 0 0 0 0 0 0 0 0 0 0 0 0 2 0 0 0 0 0 0 0 0 0 0 0 0 2 2 0 0 0 0 0 0 0 0 0 0 0 0 0 2 2 0 0 0 0 0 0 0 0 2 0 0 0 0 1 0 0 0 0 0 0 0 0 0 0 0 0 0 2 2 0 0 0 0 0 0 0 0 0 0 0 0 0 0 0
1402 2 2 2 0 0 2 2 2 2 2 2 2 0 2 2 2 2 2 2 0 2 2 0 2 2 2 2 2 2 2 0 2 2 0 2 1 0 2 0 0 0 2 0 2 2 2 0 2 2 2 0 0 0 0 0 0 0 2 2 2 0 2 0 2 2 0 2 2 0 0 0 2 0 0 2 2 2 2 2 0 2 0 2 0 2 0 2 0 0 2 2 0 0 2 2 2 0 2 2 2 2 2 2 0 0 2 2 0 0 0 2 2 0 0 2 0 2 0 2 2 2 2 0 2 0 2 0 0 2 2 0 0 0 2 0 2 0 2 0 2 2 2 0 2 2 2 0 2 1 0 2 0 0 2 0 2 0 2 2 0 0 2 0 2 2 2 2 0 0 0 2 2 2 2 2 2 2 2 0 2 0 2 2 2 2 2 2 2 2 2 1 2 0 2 2 2 0 2 0 2 2 2 2 0 0 2 0 2 0 2 2 2 2 2 1 2 2 0 0 0 0 0 2 2 2 0 2 0 2 2 2 2 2 2 2 2 2 2 2 0 2 2 2 0 2
1403 0 0 0 0 0 2 0 2 0 0 0 0 0 0 2 2 2 0 0 0 0 0 0 0 2 0 2 0 0 0 0 0 0 0 2 1 0 0 0 0 0 0 0 2 0 0 0 0 0 0 0 0 0 0 0 0 0 0 0 0 0 0 2 0 0 0 0 0 0 0 0 0 0 0 2 0 0 0 0 0 2 0 2 0 0 2 0 0 0 2 0 0 0 0 2 0 0 2 2 0 2 2 0 0 0 2 2 2 0 0 0 0 0 0 0 0 2 0 0 0 0 0 0 2 0 0 0 0 2 2 0 0 0 0 0 2 0 0 2 2 0 0 2 2 2 2 0 2 1 0 2 0 0 2 0 2 0 2 2 0 0 2 0 2 2 2 2 0 0 0 2 2 2 2 2 0 0 2 0 0 0 2 2 2 2 2 0 2 2 0 0 2 0 2 2 2 0 0 0 2 2 2 2 0 0 2 0 2 0 2 2 2 0 2 1 2 2 0 0 0 0 0 0 2 2 0 2 0 2 2 2 2 0 2 2 2 2 0 0 0 2 2 2 0 2
1404 0 2 0 0 0 2 2 2 0 0 0 0 0 0 2 0 0 0 0 0 0 0 0 0 0 0 2 0 0 0 0 0 2 2 2 2 2 2 0 0 2 2 2 2 0 0 2 0 0 0 2 2 0 2 0 0 0 2 0 0 2 0 0 0 0 0 2 2 2 2 2 2 2 0 0 0 0 0 2 2 2 2 0 0 2 0 0 0 0 2 0 0 2 2 2 2 2 0 2 0 0 0 2 0 2 2 2 0 2 2 0 2 2 2 0 0 0 2 2 2 0 0 0 2 2 2 2 2 2 0 2 2 1 2 2 0 0 2 0 0 0 0 0 0 2 0 2 2 2 2 0 0 2 0 2 2 2 0 1 2 2 2 2 0 0 0 0 2 2 2 0 2 0 2 2 2 0 0 2 0 2 0 0 2 0 0 2 2 2 0 1 0 0 0 2 0 2 2 0 2 0 0 0 2 2 0 2 0 2 2 2 0 0 2 1 0 0 2 2 2 0 2 2 2 2 2 0 0 0 0 0 2 0 2 0 0 2 0 2 0 0 2 0 0 0
1405 2 0 2 2 2 2 2 2 2 2 2 2 2 2 2 2 2 2 2 2 2 2 2 2 2 2 2 2 2 2 2 2 0 0 2 2 0 0 2 2 2 0 2 2 2 2 2 2 2 2 2 2 2 2 2 2 2 0 2 2 2 2 2 2 2 2 0 2 2 2 2 2 2 2 2 2 2 2 2 2 2 2 2 2 2 2 2 2 2 2 2 2 2 2 2 0 0 2 2 2 2 2 0 2 2 2 2 2 2 2 2 0 2 0 2 2 2 2 2 0 2 2 2 2 2 2 2 2 2 2 2 0 2 0 2 2 2 2 2 2 2 2 2 2 2 2 2 2 1 2 2 2 2 2 2 2 2 2 2 0 2 2 2 2 2 2 2 2 2 0 2 2 2 2 2 2 2 2 0 2 2 2 2 2 2 2 2 2 2 2 2 2 2 2 2 2 2 2 2 2 2 2 2 2 2 2 2 2 2 2 2 2 2 2 2 2 2 1 2 2 2 0 2 0 2 2 2 2 2 2 2 2 2 2 2 2 2 2 2 2 2 2 2 2 2
1406 0 0 0 0 0 0 0 2 0 0 0 0 0 0 0 0 2 0 0 0 0 0 0 0 0 0 0 0 0 0 0 0 0 0 0 0 0 0 0 0 0 0 0 0 0 0 0 0 0 0 0 0 0 0 0 0 0 0 0 0 0 0 0 0 0 0 0 0 2 0 2 0 0 0 2 0 0 0 0 0 0 0 0 0 0 0 0 0 0 0 2 0 0 0 2 0 0 0 2 0 0 0 0 0 0 0 0 0 0 0 0 0 0 0 0 0 0 0 0 0 0 0 0 0 0 0 0 2 2 0 0 0 0 0 0 2 0 0 0 1 0 2 0 0 0 2 0 2 0 0 0 0 0 0 0 2 0 0 0 0 2 0 0 2 0 2 0 0 0 0 0 0 0 0 0 0 0 0 0 0 0 0 0 0 0 0 0 2 0 0 0 0 0 0 0 2 0 0 0 0 0 0 0 0 0 2 0 0 0 0 0 0 0 0 0 0 0 0 0 0 0 0 0 0 0 0 0 2 0 0 0 2 0 2 0 0 0 0 0 0 0 2 0 2 2
1407 2 2 0 2 2 2 2 2 0 2 2 2 2 2 2 2 2 0 2 0 0 2 2 2 2 2 2 2 0 2 2 2 2 2 2 2 2 2 0 2 2 2 2 2 2 0 2 2 0 2 2 2 2 2 2 2 2 2 0 1 2 2 2 2 2 2 2 2 2 2 2 2 2 2 2 2 0 2 2 2 2 2 2 2 2 2 0 2 2 1 2 0 2 2 2 2 2 2 2 0 2 2 2 2 2 2 2 2 2 2 2 2 2 2 2 2 2 2 2 2 2 2 2 2 2 2 2 2 2 2 2 2 2 2 2 2 2 2 2 2 2 2 2 2 2 2 2 2 2 2 2 2 2 2 2 2 2 2 2 2 2 2 2 2 2 2 2 2 2 2 2 2 2 2 2 2 1 2 2 2 2 2 2 2 2 2 2 2 2 2 2 2 2 2 2 2 2 2 2 2 2 2 2 2 2 2 2 2 2 2 2 2 0 2 2 2 2 2 2 2 2 2 2 2 2 2 2 2 2 2 2 2 2 2 2 2 2 2 2 2 2 2 2 2 2
1408 2 2 2 2 2 2 0 2 2 2 2 2 2 2 0 2 2 2 2 2 2 2 2 2 2 2 2 2 2 2 2 2 2 2 0 2 2 2 2 2 2 2 2 2 2 2 2 2 2 2 2 2 2 2 2 2 2 2 2 2 2 2 0 2 2 2 2 2 2 2 2 2 2 2 2 2 2 2 2 2 2 2 2 0 2 2 2 2 2 0 2 2 2 2 0 2 2 2 2 2 0 2 2 2 2 2 2 2 2 2 2 2 2 2 2 2 0 2 0 2 2 2 2 2 2 0 2 2 2 2 2 2 2 2 2 2 0 0 2 2 2 2 2 2 0 2 2 2 1 2 0 0 2 2 0 2 2 0 1 2 2 2 2 2 2 2 0 2 2 2 2 2 2 2 0 2 2 2 2 2 2 2 0 2 0 0 2 2 0 2 1 2 2 2 2 2 2 2 2 2 2 2 0 0 2 2 0 2 2 2 2 2 2 0 1 2 0 1 0 2 2 2 2 2 2 2 2 2 2 2 0 2 2 2 2 0 2 2 0 2 0 2 2 2 2
1409 2 2 2 2 1 2 1 2 2 2 2 2 2 2 2 2 2 2 2 2 2 2 2 2 1 2 2 2 2 2 2 2 2 2 2 2 2 2 2 2 2 2 2 2 2 2 2 2 2 2 2 2 2 2 2 2 2 2 2 2 2 2 2 2 2 2 2 2 2 2 2 2 2 2 2 2 2 2 2 2 2 2 0 0 2 2 2 2 2 2 2 2 2 2 2 2 2 2 2 2 1 2 2 2 2 2 2 2 2 1 2 2 2 2 2 2 2 2 1 2 2 2 2 2 2 1 2 2 2 2 2 2 2 2 2 2 2 2 2 2 2 2 2 2 2 2 2 2 2 2 0 1 2 2 1 2 2 2 2 2 2 2 2 2 2 2 1 2 2 2 2 2 2 2 0 2 2 2 2 2 2 2 1 2 1 1 2 2 0 2 1 2 2 2 2 2 2 2 2 2 2 2 2 0 2 2 1 2 2 2 2 2 2 2 2 2 2 1 1 2 2 2 2 1 2 2 2 2 2 2 2 2 2 2 2 1 2 2 1 2 2 2 2 2 2
1410 2 2 2 2 2 0 0 2 2 2 2 0 2 2 2 2 2 2 2 2 2 0 2 2 2 2 2 0 2 2 2 0 2 2 2 2 2 2 2 2 2 2 2 0 2 2 2 2 2 2 2 2 2 2 2 2 2 2 2 2 2 2 2 0 0 2 2 2 2 2 2 2 0 2 2 2 2 0 2 2 2 2 2 2 2 2 2 0 2 2 2 2 2 2 2 2 2 2 2 2 2 2 2 2 2 2 2 2 2 2 2 2 0 2 2 0 2 2 2 2 2 2 2 0 0 0 2 2 2 2 2 2 2 2 2 2 2 2 2 2 2 2 2 2 2 2 2 2 1 2 2 2 2 2 0 2 2 2 2 2 2 2 2 2 2 2 2 2 2 2 2 2 2 2 2 2 2 2 2 2 2 2 2 2 2 2 2 2 2 2 1 2 0 2 2 2 2 0 2 0 2 2 2 0 2 2 0 2 2 2 2 2 2 2 1 2 2 2 2 2 0 2 2 2 2 2 2 2 2 2 2 2 2 2 2 2 2 2 2 2 2 2 2 2 2
1411 2 2 2 2 2 0 2 2 2 2 2 2 2 2 2 2 2 2 2 2 2 2 2 2 2 2 2 2 2 2 2 2 2 2 2 2 2 2 0 2 2 2 0 2 2 2 2 2 2 2 0 2 2 2 2 2 2 2 2 2 0 2 0 2 2 2 2 0 2 2 2 2 2 2 2 2 2 2 2 0 2 2 2 2 2 2 2 2 2 2 2 0 2 2 2 2 2 2 2 2 2 2 2 2 0 0 2 2 2 2 2 2 2 2 2 2 2 2 2 2 2 2 2 2 2 2 2 0 2 2 2 2 2 2 2 2 2 2 0 2 2 2 2 2 2 0 2 2 1 2 2 2 2 0 2 0 2 2 2 2 2 2 2 2 2 2 2 2 2 2 2 0 2 2 2 2 2 0 2 2 2 0 2 2 2 2 2 2 2 2 2 2 2 2 2 2 2 2 2 0 0 0 2 2 2 0 2 2 2 0 2 2 2 2 2 2 2 2 2 2 2 2 0 2 2 2 2 2 2 2 2 2 2 2 2 2 0 2 2 2 2 2 2 2 2
1412 0 0 0 2 0 2 0 0 2 0 2 0 0 0 0 2 2 2 0 0 2 0 0 0 0 0 2 0 2 0 2 0 0 0 0 1 0 0 0 0 0 0 0 0 0 0 0 0 0 2 0 0 0 0 0 0 0 0 0 2 0 0 0 2 0 0 0 0 0 0 0 2 0 0 2 0 0 0 0 0 2 0 0 0 0 2 0 0 0 0 0 0 0 0 0 0 0 0 0 0 0 0 0 2 0 0 0 0 0 2 0 0 0 0 2 0 0 0 2 0 2 0 2 0 2 0 2 0 0 0 0 2 0 0 2 2 0 0 0 0 0 0 2 2 0 2 0 0 1 0 0 0 2 0 0 2 0 0 2 0 2 0 0 0 0 2 0 1 0 0 2 2 2 0 0 0 2 0 0 0 0 2 2 2 2 0 2 0 0 0 0 0 0 0 0 2 2 0 0 0 0 0 0 0 2 0 0 0 0 0 0 0 0 0 2 0 0 0 0 2 0 0 0 0 0 0 0 0 2 2 0 0 0 2 0 2 0 0 2 0 0 0 0 0 0
1413 2 0 0 0 2 2 0 0 2 2 2 0 2 2 0 2 2 2 2 0 2 0 0 2 0 0 2 0 2 2 2 0 0 2 0 1 0 0 0 0 0 0 0 2 2 0 0 2 0 2 0 0 2 0 0 0 0 0 0 2 0 2 0 0 0 2 0 0 0 2 0 2 0 2 2 2 0 0 0 0 2 0 0 0 2 2 0 0 0 0 0 0 0 0 2 0 2 0 0 0 0 0 0 2 0 0 0 0 2 0 2 0 0 2 2 2 0 0 0 0 0 2 2 2 0 0 0 0 0 0 0 0 2 0 0 2 2 0 0 0 2 0 2 0 0 0 0 0 1 0 0 0 2 2 0 2 0 2 1 2 0 0 0 0 0 2 0 1 0 2 2 0 0 0 0 0 0 2 2 2 2 0 0 2 0 0 0 0 0 2 1 0 0 0 0 2 2 0 0 0 0 0 2 0 0 0 0 0 0 2 2 0 0 0 0 0 2 0 0 0 0 0 0 0 0 0 0 0 0 0 0 0 2 2 0 0 2 2 0 0 0 0 2 0 0
1414 0 2 2 2 0 2 2 2 2 0 2 2 0 0 0 2 2 2 0 2 2 2 2 0 2 2 2 2 2 0 2 2 2 0 0 2 2 2 2 2 2 2 2 2 0 2 2 0 2 2 2 2 0 2 2 2 2 2 2 0 2 0 2 2 0 0 2 2 2 2 2 2 2 0 2 0 2 2 2 2 2 2 2 2 0 2 2 2 2 1 2 2 2 2 2 2 0 2 2 2 2 2 2 2 2 2 2 2 2 2 0 2 2 2 2 2 0 2 2 2 2 2 2 2 2 2 2 2 2 2 2 2 2 2 2 2 2 2 2 2 0 2 2 2 2 2 2 2 1 2 2 2 2 2 2 2 2 2 2 2 2 2 2 2 2 2 2 1 2 2 2 2 2 2 2 2 2 1 2 0 2 2 2 2 2 2 2 2 0 0 1 2 2 2 2 2 2 2 2 2 2 2 2 2 2 2 2 2 2 2 2 2 2 2 2 0 2 2 2 2 2 2 2 2 2 2 2 2 2 2 2 2 0 2 2 0 0 0 2 2 0 2 2 2 2
1415 2 2 2 2 2 2 2 2 2 2 2 2 2 2 2 2 2 2 2 2 2 2 2 2 2 2 2 2 2 2 2 2 0 2 2 2 2 2 2 2 2 0 2 2 2 2 2 2 2 2 2 2 2 2 2 2 2 2 2 2 2 2 2 2 2 2 2 2 2 2 2 2 0 2 2 2 2 2 2 2 2 2 2 2 2 2 2 2 2 2 2 2 2 2 2 0 2 2 2 2 2 2 2 2 2 2 2 2 2 2 2 2 2 2 2 2 2 2 2 0 2 0 0 2 2 2 2 2 2 2 2 2 2 0 2 2 2 2 2 2 2 2 2 2 2 0 2 2 2 2 2 2 0 2 2 2 2 2 2 2 0 0 2 2 2 2 2 2 2 2 2 2 2 0 2 2 2 2 2 2 2 2 2 2 2 2 2 2 2 2 2 2 2 2 2 2 2 2 2 2 0 2 2 2 2 2 2 2 2 2 2 2 2 2 2 2 2 2 2 2 2 2 2 2 0 2 2 2 2 2 2 2 2 2 2 2 2 2 2 2 2 2 2 2 2
1416 2 2 2 2 2 2 2 0 2 2 2 2 2 2 2 2 2 2 2 2 2 2 2 2 2 2 0 2 2 2 2 2 2 2 2 2 2 2 2 2 2 2 2 2 2 2 2 2 2 2 2 2 2 2 2 2 2 2 2 2 2 2 2 2 2 2 2 2 2 2 2 2 2 2 2 2 2 2 2 2 2 2 2 2 2 0 2 2 2 2 2 2 2 2 2 2 2 2 0 2 2 0 2 2 2 2 0 2 2 2 2 2 2 2 2 2 2 2 2 2 2 2 2 2 2 2 2 2 2 2 2 2 2 2 2 2 0 2 2 0 2 2 0 2 2 2 2 0 2 2 2 2 2 2 2 0 2 2 1 2 2 2 2 0 2 0 2 2 2 2 2 2 2 2 2 2 2 2 2 2 0 2 2 0 2 2 2 2 2 2 2 2 2 2 2 2 2 2 0 2 2 0 2 2 2 2 2 0 2 2 0 2 2 2 2 2 2 2 2 2 2 2 2 2 2 2 2 2 2 0 2 2 2 2 2 2 2 2 2 0 2 0 2 2 0
1417 0 0 0 0 0 0 0 2 0 0 0 0 0 0 0 0 2 0 0 0 0 0 0 0 0 0 0 0 0 0 0 0 0 0 0 0 0 0 0 0 0 0 2 2 0 0 0 0 0 0 0 0 0 0 0 0 0 0 0 0 0 0 0 0 0 0 0 0 2 0 0 0 0 0 2 0 0 0 0 0 2 2 0 0 0 0 0 0 0 0 0 0 0 0 0 0 0 0 2 0 0 0 0 0 0 2 2 0 2 0 0 0 0 0 0 2 0 0 0 0 0 0 0 2 2 0 0 2 0 0 0 0 0 0 2 0 0 0 0 0 0 0 0 0 2 0 0 0 0 0 0 0 0 0 0 2 0 0 0 0 0 2 0 2 0 0 0 0 2 0 0 0 2 0 0 0 0 0 0 0 0 0 0 0 1 0 0 0 0 0 0 0 0 0 0 0 0 0 2 0 0 0 0 0 2 0 0 2 0 2 2 2 0 2 0 0 0 0 0 0 0 0 0 0 2 0 0 0 0 0 2 0 0 0 2 1 0 0 0 2 0 2 2 0 2
1418 2 2 2 2 2 0 2 0 2 2 2 2 2 2 2 2 0 2 2 2 2 2 2 2 0 2 2 2 2 2 2 2 2 2 2 1 2 2 2 2 2 2 2 2 2 2 2 2 2 2 2 2 0 2 2 2 2 2 2 2 2 2 2 0 0 2 2 2 2 2 0 2 2 0 0 2 2 2 2 2 2 2 2 2 2 2 2 0 2 2 0 2 2 2 2 2 2 2 0 2 0 2 2 2 2 2 0 2 2 2 2 2 2 2 2 2 2 2 2 2 2 2 2 2 2 2 2 2 2 2 0 2 2 2 2 2 2 2 2 2 2 0 2 2 2 2 2 2 1 2 2 2 2 2 2 0 2 2 2 2 2 2 0 0 2 2 2 2 2 2 2 2 0 0 2 2 0 2 2 2 2 2 2 2 2 2 2 2 2 2 2 2 0 2 2 2 2 2 0 2 2 2 2 2 2 2 2 0 2 2 0 2 2 2 2 2 2 1 2 2 0 2 2 2 2 2 2 0 2 2 2 2 2 2 2 2 2 2 2 0 2 0 2 0 0
1419 0 0 2 2 0 2 0 2 2 0 2 2 0 2 2 2 2 2 2 2 2 2 0 2 2 2 0 2 2 2 1 2 2 2 0 0 0 0 2 2 2 2 2 2 2 2 2 0 2 2 2 2 2 0 0 0 2 0 2 2 2 2 0 2 2 0 0 2 2 2 2 2 0 2 2 2 2 2 0 2 2 2 0 0 2 0 2 2 2 2 0 2 0 0 0 2 2 2 2 2 2 2 0 2 2 2 2 2 2 2 2 0 0 2 2 2 2 0 2 2 2 2 2 2 0 0 2 2 2 0 2 0 0 2 2 2 2 2 2 2 0 0 2 2 2 2 2 0 2 2 0 0 2 2 2 0 0 0 2 2 2 2 0 2 2 2 0 0 2 2 2 2 2 2 0 2 2 2 2 2 2 2 2 0 2 0 2 2 2 0 0 0 2 0 0 0 2 0 2 0 2 0 0 2 2 0 2 2 2 2 2 2 2 2 1 2 0 2 2 0 1 2 2 0 2 0 0 2 2 2 2 2 2 0 2 2 2 2 2 2 2 2 2 2 2
1420 2 2 2 2 2 2 2 2 2 2 2 2 2 2 2 2 2 2 2 2 2 2 2 2 2 2 2 2 2 2 0 2 2 2 2 2 2 2 2 0 0 2 0 2 2 2 0 2 2 2 0 0 2 2 2 2 2 2 2 2 2 2 2 2 2 2 2 2 2 2 2 2 2 2 2 2 2 2 2 2 2 2 2 2 2 2 2 2 2 2 2 2 2 2 2 2 2 2 2 2 2 0 2 0 2 2 2 2 2 2 2 2 2 2 2 2 2 2 2 2 2 2 2 2 0 2 2 2 2 2 2 2 2 2 2 2 2 2 2 0 2 2 2 2 2 2 0 2 2 2 2 2 2 2 2 2 2 2 2 2 0 2 2 2 2 2 2 1 2 2 2 2 2 0 2 2 2 2 2 2 2 2 2 2 0 2 2 2 2 2 2 2 2 2 2 2 2 2 2 2 2 0 2 2 2 2 2 2 0 2 2 2 2 2 2 2 2 2 2 0 2 2 2 2 2 2 2 2 2 2 2 2 2 2 2 2 2 2 2 2 2 2 2 2 2
1421 2 2 2 2 2 2 2 2 2 2 2 2 2 2 2 2 2 2 2 2 2 2 2 2 2 2 2 2 2 2 2 2 2 2 2 2 2 2 2 2 2 2 2 2 2 2 2 2 2 0 2 2 2 2 2 2 2 2 2 0 2 2 2 2 2 2 2 2 2 2 2 2 0 2 2 2 2 2 2 2 2 2 2 2 2 2 2 2 0 2 2 2 2 2 2 2 2 2 2 2 2 2 2 2 0 2 2 2 2 2 2 2 2 2 0 2 2 2 2 2 2 2 2 2 2 2 0 2 0 2 0 2 2 2 0 2 2 2 2 2 2 2 2 2 2 2 2 2 2 2 2 2 2 2 2 2 2 2 2 2 2 2 2 2 2 2 2 2 2 2 2 2 2 2 2 2 2 2 2 2 2 2 2 2 2 2 2 2 2 2 2 2 2 2 2 2 2 2 2 0 2 2 2 2 0 2 2 2 2 2 2 2 2 2 2 2 2 2 2 2 0 2 2 2 2 2 2 2 2 2 0 2 2 2 2 2 2 2 2 2 2 2 2 2 2
1422 0 2 2 0 0 0 2 2 0 0 0 0 0 0 2 0 0 0 0 0 0 0 2 0 2 0 2 0 0 0 0 0 0 0 2 2 2 2 0 0 0 0 2 2 0 2 2 0 2 2 0 2 0 2 2 2 2 2 2 2 0 0 2 0 0 0 2 2 2 0 0 0 2 0 0 0 2 0 2 2 2 2 2 2 0 2 2 0 2 2 2 0 2 2 2 0 0 0 2 2 2 2 2 0 2 0 2 0 2 2 0 2 2 0 2 0 2 2 0 0 0 0 0 2 2 2 0 2 2 2 0 0 2 0 2 2 2 2 2 2 0 2 2 2 2 0 2 2 1 0 2 2 2 2 0 2 2 2 2 0 0 2 2 2 2 2 2 0 2 0 2 0 2 2 2 0 0 2 0 0 2 2 0 2 0 2 0 0 2 0 1 2 0 2 2 2 0 0 2 2 0 2 2 0 2 2 0 2 2 0 2 0 2 2 1 2 2 0 0 0 2 0 2 2 2 2 2 2 0 2 2 0 0 2 0 0 0 0 0 2 2 2 2 2 2
1423 2 0 0 0 2 0 0 2 0 2 0 0 2 2 2 2 0 0 2 0 0 0 0 2 0 2 2 0 0 2 0 0 0 0 2 1 0 0 0 0 0 0 2 2 2 0 2 2 0 0 0 2 0 0 0 0 0 0 0 0 0 2 2 0 0 2 0 0 2 0 2 0 0 0 0 2 0 0 2 0 2 0 0 0 2 2 0 0 2 2 2 0 2 2 2 0 0 0 2 0 0 2 0 0 2 0 0 2 2 0 2 2 2 2 0 2 2 0 0 0 2 0 0 2 0 0 0 0 0 0 0 2 0 0 0 0 2 2 2 2 2 2 2 2 2 0 2 2 1 0 0 2 0 0 2 2 0 2 1 2 2 2 0 0 0 2 0 0 0 2 2 2 2 0 0 2 0 0 2 2 2 2 2 2 0 0 2 2 0 2 1 2 0 2 2 0 2 2 2 0 0 2 2 2 0 0 2 2 2 0 2 0 0 2 0 2 2 0 2 0 0 0 0 0 2 2 2 2 0 2 0 2 2 2 0 0 0 2 0 2 2 0 2 2 0
1424 2 2 2 2 2 2 2 2 2 2 2 2 2 2 2 2 2 2 2 2 2 2 2 2 2 2 2 2 2 2 2 2 2 2 2 2 2 2 2 2 2 2 0 2 2 2 0 2 2 0 2 0 0 2 2 2 2 2 2 0 2 2 0 2 2 2 2 2 2 2 2 2 2 0 2 2 2 2 2 2 2 2 2 2 2 2 2 2 2 2 2 2 2 2 2 2 2 0 2 2 2 2 2 2 2 2 2 2 2 2 2 0 2 2 0 2 2 2 2 2 2 2 2 2 2 2 2 2 2 2 2 2 2 2 0 2 2 2 2 2 2 2 2 2 2 2 0 2 2 2 2 2 2 2 2 2 2 2 2 2 2 0 2 2 2 2 2 2 2 2 0 2 0 2 2 2 2 2 2 2 2 2 2 2 2 2 2 2 0 2 2 2 2 2 0 2 2 2 2 2 2 2 2 2 0 2 2 2 0 2 2 2 2 2 2 2 2 2 2 2 2 2 2 2 0 2 2 2 2 0 2 2 2 2 2 2 2 2 2 2 2 2 0 2 2
1425 0 2 2 2 0 0 0 2 2 0 2 2 0 0 2 2 2 2 0 2 2 2 2 0 0 0 2 2 2 0 2 2 2 0 2 1 0 2 2 2 0 2 0 0 0 2 0 0 2 2 2 0 0 0 2 2 0 2 2 2 2 0 0 0 0 0 2 0 0 0 0 2 2 0 2 0 2 2 2 0 2 0 2 0 2 2 2 0 2 2 2 2 0 2 0 2 0 2 2 2 0 2 2 2 2 0 0 2 2 0 0 0 0 0 2 0 0 0 0 2 0 0 0 0 0 0 0 2 2 2 2 2 0 2 0 0 0 2 0 2 0 2 2 0 2 0 0 2 1 0 0 0 2 0 2 0 0 2 1 0 2 0 0 0 0 2 0 0 2 0 0 0 2 0 0 0 0 0 0 0 2 0 2 2 2 0 2 2 0 0 0 2 0 0 0 0 0 0 2 0 0 2 2 2 0 2 2 2 0 0 2 0 2 2 0 0 2 0 0 0 2 0 0 0 0 0 2 2 0 2 0 2 0 2 0 0 2 0 0 2 0 0 2 2 0
