V1 V2 V3 V4 V5 V6 V7 V8 V9 V10 V11 V12 V13 V14 V15 V16 V17 V18 V19 V20 V21 V22 V23 V24 V25 V26 V27 V28 V29 V30 V31 V32 V33 V34 V35 V36 V37 V38 V39 V40 V41 V42 V43 V44 V45 V46 V47 V48 V49 V50 V51 V52 V53 V54 V55 V56 V57 V58 V59 V60 V61 V62 V63 V64 V65 V66 V67 V68 V69 V70 V71 V72 V73 V74 V75 V76 V77 V78 V79 V80 V81 V82 V83 V84 V85 V86 V87 V88 V89 V90 V91 V92 V93 V94 V95 V96 V97 V98 V99 V100 V101 V102 V103 V104 V105 V106 V107 V108 V109 V110 V111 V112 V113 V114 V115 V116 V117 V118 V119 V120 V121 V122 V123 V124 V125 V126 V127 V128 V129 V130 V131 V132 V133 V134 V135 V136 V137 V138 V139 V140 V141 V142 V143 V144 V145 V146 V147 V148 V149 V150 V151 V152 V153 V154 V155 V156 V157 V158 V159 V160 V161 V162 V163 V164 V165 V166 V167 V168 V169 V170 V171 V172 V173 V174 V175 V176 V177 V178 V179 V180 V181 V182 V183 V184 V185 V186 V187 V188 V189 V190 V191 V192 V193 V194 V195 V196 V197 V198 V199 V200 V201 V202 V203 V204 V205 V206 V207 V208 V209 V210 V211 V212 V213 V214 V215 V216 V217 V218 V219 V220 V221 V222 V223 V224 V225 V226 V227 V228 V229 V230 V231 V232 V233 V234 V235 V236 V237 V238 V239 V240 V241 V242 V243 V244 V245
1 2 2 2 2 2 2 2 2 2 2 2 2 2 2 2 2 2 2 2 2 2 2 2 2 2 2 2 2 2 2 2 2 2 2 2 2 2 2 2 2 2 2 2 2 2 2 0 2 2 2 2 2 2 2 2 2 2 2 2 2 2 2 2 2 2 2 2 2 2 2 2 2 2 2 2 2 2 2 2 2 2 2 2 2 2 2 2 2 2 2 2 2 2 2 2 2 2 2 2 2 2 2 2 2 0 2 2 2 2 2 2 2 2 2 2 0 2 2 2 2 2 2 2 2 2 2 2 2 2 2 0 2 2 2 0 2 2 2 2 2 2 2 2 2 2 2 2 2 2 2 2 2 2 2 0 2 2 2 2 0 2 2 2 2 2 2 2 2 2 0 2 2 2 2 2 2 2 2 0 2 2 2 2 2 2 2 2 2 2 2 2 2 2 2 2 2 2 2 2 2 2 2 0 0 0 2 2 2 0 2 2 2 2 2 2 2 0 2 2 2 2 2 2 2 2 2 2 2 2 2 2 2 2 2 2 2 0 2 2 2 2 2 2 2 2
2 2 2 2 0 2 2 2 2 2 2 2 2 2 2 2 2 2 2 2 2 2 2 0 2 2 2 2 2 2 2 2 2 0 2 2 2 2 2 2 2 0 0 2 2 2 2 2 2 2 2 2 2 2 2 0 0 2 2 2 2 2 2 0 2 2 2 2 2 0 2 2 2 2 2 2 2 2 2 2 0 2 0 0 2 2 2 2 2 2 2 2 2 0 2 2 0 2 2 2 2 0 2 2 2 2 2 2 2 2 0 2 0 2 2 2 2 2 2 2 0 2 2 2 2 2 2 0 0 0 2 2 0 2 0 2 2 2 2 2 2 2 2 2 2 2 2 2 2 1 2 2 2 2 2 2 2 2 2 2 2 0 2 2 2 2 2 2 2 2 2 2 2 2 2 2 2 2 2 2 2 2 2 2 2 2 2 2 2 2 2 2 2 2 2 2 2 2 0 2 0 2 2 2 2 2 2 2 2 2 2 2 2 2 2 2 2 2 2 2 2 2 2 2 2 2 2 2 2 2 2 2 2 2 2 2 2 2 2 2 2 2 2 2 2 2
3 2 2 0 2 2 2 2 2 0 2 2 2 2 2 2 2 0 2 2 2 2 2 2 2 2 2 2 2 2 2 0 2 2 2 2 2 2 2 2 0 2 2 2 2 2 0 2 2 2 2 2 0 2 2 2 2 0 2 0 2 2 2 2 2 2 2 2 0 2 2 2 2 2 2 0 2 0 2 2 2 2 2 0 2 2 2 0 2 2 2 2 2 2 2 2 2 2 2 2 0 2 2 2 2 0 2 2 2 0 2 0 2 0 2 2 0 0 2 2 2 2 2 2 2 2 2 2 2 0 2 2 0 2 2 2 2 2 2 0 2 2 2 2 2 2 2 0 2 2 2 2 2 2 2 2 2 2 2 2 0 2 2 0 2 2 2 0 2 2 0 2 0 2 2 0 2 2 2 0 2 0 2 2 2 0 2 0 2 2 2 2 0 2 2 2 2 2 2 0 2 2 2 2 2 2 2 2 0 2 2 2 2 0 2 2 0 2 1 2 2 0 2 0 0 2 0 0 2 2 2 0 2 2 2 2 2 0 2 2 2 0 2 0 0 2
4 0 0 0 0 0 0 0 0 2 0 0 2 0 0 2 0 0 2 0 0 0 1 2 0 0 0 0 1 2 0 0 1 0 0 1 0 1 0 0 0 0 0 0 0 0 0 0 1 2 0 0 1 0 0 2 2 0 0 0 0 0 0 0 0 0 0 0 0 0 0 0 0 0 0 0 0 0 2 0 0 1 0 1 0 2 0 0 0 0 1 0 0 0 0 0 0 0 2 0 0 0 0 0 0 0 0 2 0 0 0 1 0 2 0 0 2 0 0 0 0 0 0 2 0 0 0 0 0 0 0 1 0 0 0 1 0 0 1 0 0 1 0 0 2 1 0 1 2 1 2 0 0 0 2 0 0 0 0 2 1 1 0 0 0 0 0 0 0 0 1 0 0 0 0 0 0 1 2 1 0 0 2 0 0 1 2 2 0 0 0 0 0 0 0 0 0 0 0 0 0 0 0 0 0 1 0 0 0 0 0 0 0 0 1 0 0 0 2 0 0 0 0 0 1 0 2 0 0 0 0 0 0 0 0 0 0 0 0 0 0 0 0 2 0 0
5 2 0 2 2 2 2 2 2 2 1 2 0 2 2 2 0 2 0 2 2 1 2 0 2 2 1 2 2 0 2 0 2 0 2 0 1 2 0 2 0 2 2 2 1 2 2 2 2 2 2 2 0 0 2 0 0 0 0 2 2 2 2 2 0 2 2 0 0 2 2 2 1 0 0 2 2 2 0 0 0 2 2 0 0 0 2 2 1 0 0 2 2 2 2 2 0 0 2 2 2 0 2 0 0 2 2 2 2 2 0 1 2 0 2 1 2 0 1 0 0 2 2 0 1 2 2 2 2 1 2 2 1 0 0 1 2 2 2 2 2 2 2 2 2 2 2 0 2 1 2 2 2 2 2 1 0 2 2 2 2 1 2 2 2 2 2 2 0 0 2 2 2 2 2 2 2 2 2 2 2 2 2 0 2 2 2 2 0 2 2 1 2 1 2 2 2 2 0 2 1 2 2 2 1 1 2 0 2 2 2 2 2 2 2 2 0 2 2 1 2 2 2 0 2 2 2 2 0 0 2 2 1 2 2 2 1 2 2 0 2 0 2 2 2 2
6 2 0 0 0 2 0 2 0 0 0 2 0 2 0 0 0 0 0 0 0 2 0 0 0 2 0 0 0 0 0 0 0 0 2 0 0 0 0 0 0 0 0 0 0 0 0 0 2 0 0 0 0 0 0 0 0 0 0 0 0 0 2 0 0 0 2 0 0 0 0 2 0 0 0 0 0 0 0 0 0 2 0 0 0 0 0 0 0 0 0 0 0 0 2 2 0 0 0 0 0 0 0 0 0 0 0 2 0 0 0 0 0 0 0 0 0 0 0 0 0 0 0 0 0 0 2 0 2 0 0 0 2 0 0 0 0 0 2 0 0 0 0 0 0 2 0 0 0 0 0 0 2 0 2 2 0 0 0 0 0 0 0 0 0 0 0 0 0 0 0 0 0 0 0 0 0 0 2 0 2 0 2 0 0 0 0 0 0 0 2 1 0 0 2 2 0 0 0 0 0 0 0 0 2 0 2 0 2 0 0 0 0 0 2 2 0 0 0 0 0 0 0 0 0 0 0 0 0 0 0 2 0 2 0 0 0 0 2 0 2 0 0 0 2 2
7 0 2 0 2 2 2 0 2 2 1 0 0 2 0 2 0 0 2 0 2 0 0 0 0 0 0 0 0 2 0 2 0 2 0 2 0 2 2 0 0 0 2 2 0 0 0 0 0 0 0 2 0 0 2 0 0 2 2 0 0 2 0 0 0 0 2 2 2 0 2 2 0 0 0 0 0 0 0 2 2 0 0 0 0 2 0 0 0 2 2 0 0 0 2 0 2 0 0 2 0 0 2 2 0 2 0 0 0 2 2 0 0 2 2 0 2 2 2 0 2 2 0 2 0 2 0 0 0 2 2 2 2 0 2 0 0 0 0 2 0 2 0 0 2 2 0 0 2 2 0 0 0 2 0 0 2 2 2 2 2 2 0 0 2 0 2 0 2 2 2 0 0 0 2 0 0 2 0 2 0 2 0 0 0 2 2 2 0 0 0 0 2 0 2 0 2 0 2 2 2 0 0 0 0 0 0 0 0 0 2 2 2 0 2 0 2 0 1 0 2 0 2 2 2 0 0 2 0 0 2 0 0 0 2 2 2 0 0 0 0 2 0 0 0 0
8 0 0 0 2 0 2 0 2 2 1 0 2 0 0 2 0 0 0 0 2 0 2 0 0 0 0 0 2 0 0 2 2 2 0 2 0 0 0 0 0 0 2 2 2 0 0 2 0 0 0 2 2 0 2 0 0 2 0 0 2 2 0 0 0 2 0 0 2 0 2 0 2 0 0 0 0 0 2 0 0 2 2 0 0 0 0 0 0 2 2 0 0 0 0 2 2 0 2 2 0 2 0 0 0 0 0 2 2 0 2 2 0 2 2 2 2 2 0 0 2 2 2 0 2 2 0 0 2 0 2 0 0 2 2 0 0 2 0 2 0 2 2 0 2 2 2 2 2 2 2 0 2 2 2 0 2 2 0 2 2 0 2 0 2 0 2 0 2 2 2 2 0 0 0 0 0 0 2 2 0 0 2 2 0 0 2 2 0 0 0 0 0 0 0 2 2 0 2 0 2 0 0 0 0 0 2 0 2 2 2 0 2 0 2 0 2 0 0 0 2 2 0 2 0 2 0 0 0 0 2 2 0 0 2 2 2 0 0 0 2 2 0 2 2 2
9 2 2 2 2 0 2 2 2 2 2 2 2 0 2 2 0 2 2 2 2 2 2 2 2 2 0 2 2 2 2 2 2 2 2 2 2 2 2 2 2 2 2 2 2 2 2 2 0 0 2 2 2 2 2 2 2 2 2 2 2 2 2 2 2 2 0 2 2 2 2 2 2 0 2 2 2 2 2 2 2 2 0 2 0 2 2 2 2 2 2 2 2 2 0 0 2 2 2 2 2 2 2 2 2 0 0 2 2 2 2 2 2 2 2 2 2 2 2 2 2 2 2 2 2 2 2 2 2 2 2 2 2 0 2 2 2 2 2 2 2 2 2 2 2 2 2 2 2 2 2 2 0 2 2 2 2 2 2 2 2 2 2 2 0 2 2 2 2 2 2 2 0 2 2 2 2 2 2 2 2 0 2 0 2 2 2 2 0 2 2 2 0 2 0 0 2 2 2 2 2 0 2 2 2 2 2 2 0 2 0 2 2 2 2 2 2 2 2 2 2 2 2 2 2 2 2 0 0 2 2 0 0 2 2 2 2 2 2 2 0 2 2 0 0 0
10 1 2 2 2 2 2 2 2 2 2 0 2 2 2 2 0 2 0 2 0 2 2 2 2 2 2 2 2 0 2 0 2 2 2 2 1 2 2 2 2 2 2 0 0 2 2 2 0 0 0 2 2 2 2 2 2 0 2 2 2 2 0 0 2 2 2 2 2 0 0 2 0 2 2 2 2 2 2 2 2 0 2 2 2 2 2 2 2 2 2 0 2 0 2 0 2 2 2 2 2 0 0 2 0 0 0 2 2 2 2 2 0 2 0 0 0 0 0 2 2 0 2 2 0 0 2 2 0 0 0 2 2 2 2 0 2 0 2 2 2 2 2 2 2 2 2 2 2 2 2 2 2 0 2 2 0 2 2 2 0 2 2 2 2 2 2 2 1 2 0 2 2 2 2 2 2 2 2 0 0 0 2 2 2 2 2 0 0 0 0 1 0 2 2 0 0 2 2 2 2 0 2 2 2 0 0 2 0 2 2 2 0 2 2 2 0 2 1 0 0 0 2 2 2 2 2 0 0 2 0 0 0 0 2 0 0 2 0 2 2 0 2 2 2 0
11 2 2 2 2 2 2 2 2 2 2 2 2 2 2 2 2 2 2 2 2 2 2 0 2 2 2 2 2 2 2 2 2 2 2 2 2 0 2 2 2 2 2 2 2 2 2 2 0 2 2 2 2 2 2 0 0 2 2 2 2 2 2 2 2 2 2 2 2 2 2 2 0 2 2 2 2 2 2 0 2 2 2 0 2 2 2 2 2 2 2 2 2 2 2 2 2 2 2 2 2 2 2 2 2 2 2 2 2 2 2 2 2 2 0 0 2 2 2 2 2 2 2 2 2 2 2 2 2 2 2 0 2 0 2 2 0 2 2 2 2 2 2 0 0 2 2 2 2 2 2 2 2 2 2 2 2 2 2 0 2 2 2 2 2 2 2 2 2 2 2 2 2 2 2 2 2 2 2 2 2 2 2 0 2 2 2 0 2 2 2 2 2 2 2 2 2 2 2 2 2 2 2 2 0 2 2 2 2 2 2 0 2 2 2 2 2 2 2 2 2 2 2 2 2 2 2 2 2 2 2 2 2 2 2 2 0 2 2 2 2 2 2 2 2 2
12 0 0 0 0 0 0 0 0 0 0 2 0 0 0 0 2 0 0 0 0 0 0 0 0 0 0 0 0 0 0 0 0 0 0 2 0 0 0 2 0 0 0 0 2 0 0 0 0 0 0 0 2 0 2 0 0 0 0 0 0 0 0 0 0 0 0 0 0 0 0 0 0 0 0 0 0 0 0 0 0 0 0 0 0 0 0 0 0 0 2 0 2 0 0 0 0 0 0 0 0 0 0 0 0 0 0 2 0 0 0 0 0 2 0 0 0 2 0 0 0 0 0 0 2 0 0 0 0 0 0 0 0 0 0 0 0 0 0 0 0 0 0 0 0 0 0 2 0 0 0 0 0 0 2 0 0 2 2 0 0 0 0 0 2 0 0 0 0 0 0 0 0 0 2 0 0 2 2 0 0 0 0 0 0 0 0 0 2 0 0 0 0 0 0 0 0 0 0 0 0 0 0 0 0 0 0 0 0 0 0 0 0 0 0 0 2 0 2 0 0 0 2 0 0 0 0 0 0 0 0 0 2 0 0 0 0 0 0 0 0 2 0 0 0 0
13 0 2 2 2 0 0 2 2 0 1 0 2 0 0 2 2 0 2 2 0 2 2 0 0 2 2 2 2 2 2 2 2 0 2 2 2 2 2 2 2 2 0 2 2 0 2 2 2 2 2 2 2 2 2 0 0 2 2 2 2 2 0 2 2 2 0 2 2 2 2 2 2 0 2 0 2 2 2 2 2 2 2 0 0 2 2 2 2 2 2 2 2 2 2 0 0 2 2 2 2 2 0 2 2 0 2 2 2 2 2 0 2 2 2 2 2 2 0 2 0 2 2 0 2 0 2 2 2 2 2 2 0 2 0 0 2 2 2 2 2 0 2 2 0 2 2 2 0 1 2 2 2 2 2 2 2 2 2 0 2 2 2 2 2 2 2 0 2 2 2 2 2 2 2 0 2 2 2 2 0 0 2 2 2 0 2 2 2 2 0 1 0 2 2 0 2 2 2 2 0 2 2 2 0 0 0 2 2 2 2 0 2 2 2 2 2 2 2 2 2 0 2 2 0 2 2 0 0 2 2 2 2 0 2 2 2 2 0 2 2 2 2 0 0 0
14 0 0 0 0 0 0 0 0 2 0 0 0 0 0 0 0 0 0 0 0 0 0 0 0 2 0 0 0 0 0 0 0 0 2 2 0 0 0 0 0 0 0 0 0 0 0 2 0 0 0 0 2 0 0 0 0 2 0 0 0 0 0 0 0 2 0 0 0 2 0 0 0 0 0 0 0 0 0 0 0 0 0 0 0 0 0 0 0 0 2 0 0 0 0 0 0 0 0 0 0 0 0 0 0 0 0 0 0 0 0 0 0 2 0 0 0 0 0 0 0 0 0 0 0 0 0 0 0 2 0 0 0 0 0 0 0 0 0 0 0 0 0 0 0 0 0 2 0 0 0 0 0 0 0 2 0 0 0 0 0 0 0 0 0 0 0 0 0 0 0 0 0 0 0 0 0 0 0 0 0 0 0 0 0 0 0 0 0 0 0 0 0 0 0 0 0 0 0 0 0 0 0 0 0 0 0 0 0 2 0 0 0 0 0 0 0 0 0 0 0 2 0 0 0 0 0 0 0 0 0 0 0 0 0 0 0 0 0 0 0 0 0 0 0 0
15 0 2 2 2 0 2 0 0 2 1 2 0 0 2 0 0 0 0 0 0 2 0 0 2 2 2 0 0 0 0 2 0 0 2 2 0 2 2 2 2 2 0 2 0 2 2 2 0 0 2 2 2 0 0 0 0 2 2 2 2 2 0 0 0 2 0 2 2 2 0 2 0 0 0 0 0 2 0 2 0 2 2 0 0 2 0 2 0 0 2 0 2 0 0 0 0 0 2 0 2 0 0 2 0 0 0 2 0 0 2 2 0 2 0 0 0 2 0 0 0 0 2 0 0 2 0 2 2 2 0 2 0 0 0 2 0 0 0 0 2 2 0 0 2 2 0 2 0 1 2 0 2 2 2 2 2 0 0 2 0 0 0 0 2 0 2 0 0 0 0 2 0 0 0 0 0 0 2 0 0 0 0 0 0 0 0 0 0 0 0 0 0 0 0 0 0 0 0 0 0 0 2 0 0 2 0 0 0 2 0 0 0 2 2 2 2 0 2 2 0 2 2 2 0 2 0 0 0 0 0 0 0 0 0 0 0 0 0 0 2 2 2 2 0 0
16 2 2 2 2 2 2 2 2 2 2 2 2 2 2 2 2 2 2 2 2 2 2 2 2 0 2 2 2 2 2 2 2 2 0 2 2 2 2 2 2 2 2 2 2 2 2 2 2 2 2 0 2 2 2 2 2 2 2 2 0 0 2 0 2 2 2 2 2 0 2 2 2 2 2 2 2 2 2 2 2 2 2 2 2 2 2 2 2 2 2 2 2 2 2 2 2 2 2 2 2 2 2 2 2 2 2 2 2 0 2 0 0 2 2 2 0 2 2 2 2 2 2 2 2 2 2 2 2 2 2 2 2 2 2 2 2 2 2 0 2 2 2 2 0 2 2 2 2 2 2 2 2 2 2 2 2 2 0 0 2 2 2 2 0 2 2 2 2 2 2 2 2 2 2 2 2 0 2 2 2 2 2 2 2 0 0 2 2 2 2 2 2 2 0 2 0 2 2 0 2 2 2 2 2 2 2 0 2 2 2 0 2 2 2 2 2 2 2 2 2 2 2 2 2 2 2 2 2 2 2 2 2 2 2 2 2 2 2 2 2 2 2 2 2 0
17 2 2 2 0 2 2 2 2 2 2 0 0 2 2 2 0 2 2 2 2 2 2 2 2 2 0 2 2 2 2 2 2 2 2 2 2 2 2 2 2 2 2 0 2 2 2 2 2 0 0 0 0 0 0 2 2 0 2 2 2 0 2 2 0 0 2 2 2 2 2 2 2 2 0 2 2 2 0 0 0 0 2 0 2 2 2 2 2 2 2 2 2 2 1 2 2 0 2 2 2 2 2 2 0 2 2 2 2 2 2 2 2 0 2 2 2 0 2 0 2 2 2 2 2 2 2 2 2 2 0 2 0 0 2 2 2 2 0 2 2 0 2 2 0 0 2 0 0 2 2 2 0 0 2 2 2 2 0 0 0 0 0 2 2 2 2 2 2 2 0 0 0 2 0 2 2 2 2 0 2 0 2 0 2 2 2 2 0 2 2 1 0 2 0 2 2 2 0 2 0 2 2 2 2 2 2 2 0 2 0 0 2 2 0 2 0 2 1 2 2 2 2 2 0 0 0 0 0 2 2 0 0 2 0 2 0 0 2 0 2 0 0 2 2 2
18 2 2 2 2 0 2 2 0 2 1 2 2 0 0 2 2 2 2 0 2 2 2 2 0 0 2 2 2 2 0 2 2 2 0 2 2 2 2 2 2 2 2 2 0 0 2 2 2 2 2 2 2 2 2 2 2 2 2 2 2 2 2 2 2 2 0 2 2 2 2 2 0 2 2 2 0 2 2 2 2 2 2 2 2 2 2 2 2 2 2 0 2 2 1 2 2 2 2 0 2 2 2 2 2 2 2 2 2 2 2 2 2 2 0 2 2 2 2 2 2 2 2 2 0 2 2 2 2 2 2 2 2 2 2 2 2 2 2 2 2 2 2 2 2 2 2 2 2 2 2 2 2 2 2 2 2 2 0 2 2 2 2 0 2 2 0 2 2 0 2 2 2 2 2 2 0 2 2 2 2 2 2 2 2 2 2 2 2 0 2 2 2 2 2 2 2 2 2 2 0 2 2 2 2 2 2 0 2 2 2 0 2 2 2 2 2 2 1 2 2 2 0 2 2 2 2 2 2 2 0 2 2 2 2 2 2 2 2 2 2 2 2 2 0 2
19 1 0 2 2 0 0 2 2 0 1 0 0 0 0 2 2 2 0 0 0 2 2 2 0 0 2 2 2 0 0 2 2 2 0 2 2 2 0 0 2 0 2 0 0 0 2 2 0 2 0 2 0 2 0 2 2 0 0 2 2 2 0 0 2 2 0 0 2 0 0 0 2 0 2 2 0 2 0 0 0 0 2 0 0 2 2 2 2 0 2 0 0 0 0 0 2 1 0 2 2 1 2 0 2 2 2 0 2 2 0 2 0 0 0 2 2 1 0 2 2 2 0 2 0 0 2 0 2 2 2 2 0 2 2 2 0 0 0 2 2 0 0 0 0 0 2 0 0 1 0 2 2 0 2 2 1 2 2 0 0 0 2 1 2 2 2 2 2 0 1 2 2 2 2 2 2 2 2 0 0 0 2 2 2 2 2 0 2 0 0 1 0 2 2 2 0 2 2 2 2 2 2 2 2 2 1 1 0 2 2 0 2 2 0 0 2 2 1 0 2 2 1 2 2 2 1 0 2 2 2 0 2 1 2 2 2 1 1 2 0 1 2 2 0 2
20 0 0 0 0 0 2 2 0 2 2 0 0 0 2 2 2 2 2 2 2 0 0 0 2 0 2 2 0 2 2 0 0 0 0 0 1 0 0 2 0 2 0 2 2 2 0 0 0 2 0 2 2 0 2 0 0 2 0 0 0 2 0 2 0 2 0 0 0 2 2 2 2 2 0 2 2 0 0 2 2 0 0 0 2 0 2 0 0 0 0 2 2 2 1 0 0 2 2 0 0 0 2 0 2 2 0 0 2 0 0 0 2 2 2 2 0 2 2 0 0 0 2 2 2 2 2 2 2 2 0 2 0 0 0 0 0 2 2 0 2 2 2 0 0 2 0 2 2 1 2 0 2 2 2 0 0 2 0 0 2 2 2 2 2 2 2 2 0 2 2 2 0 2 0 2 0 0 2 2 0 2 2 0 2 2 2 0 2 2 0 0 2 0 2 2 2 2 0 0 0 0 2 2 0 0 0 2 2 0 0 2 0 0 2 0 0 2 2 0 0 2 2 0 0 2 0 2 0 2 2 2 2 0 0 0 2 2 0 0 2 2 0 0 2 2
21 2 0 0 2 0 0 0 2 0 0 2 0 0 0 0 2 0 0 0 2 0 2 0 0 0 0 0 2 0 0 0 2 0 0 2 1 0 0 0 0 0 0 2 0 0 0 0 2 0 0 0 2 0 0 0 0 2 0 0 0 0 2 0 0 0 0 0 0 0 0 0 0 0 0 0 0 0 0 0 0 0 2 0 0 0 0 0 2 0 2 0 0 0 0 2 0 0 0 2 0 0 0 0 0 0 0 2 0 0 0 2 0 0 0 0 0 0 0 0 0 2 0 0 0 2 0 0 0 0 0 0 0 0 0 2 2 2 0 0 0 0 0 2 0 0 0 2 2 0 0 0 0 2 0 2 2 0 0 0 0 0 0 0 0 0 0 0 0 0 0 0 0 0 0 0 0 0 0 0 2 0 0 0 0 2 2 0 2 0 2 1 0 2 0 2 0 2 0 0 0 0 0 0 2 2 0 0 0 0 0 0 2 0 0 2 0 0 1 0 0 0 0 0 0 0 0 0 0 0 0 0 2 2 0 2 2 0 2 0 0 0 0 0 0 0
22 2 2 2 2 2 2 2 2 0 2 2 2 2 2 0 2 0 2 2 2 2 2 2 2 2 2 0 2 2 2 2 2 2 2 2 1 2 2 2 2 2 2 2 2 2 2 2 2 2 2 2 2 2 0 2 2 2 2 2 2 2 2 2 2 2 2 2 2 2 2 2 2 2 2 0 2 2 2 2 2 2 2 2 2 2 0 2 2 2 2 2 2 2 2 2 2 2 2 2 2 2 2 2 2 2 2 2 2 2 2 2 2 2 2 2 2 2 2 2 2 2 2 2 2 2 2 2 2 2 2 2 2 2 2 2 2 2 2 2 0 2 2 2 2 2 2 2 2 1 2 2 2 2 2 2 2 0 2 2 2 2 2 2 2 0 2 2 2 2 2 2 2 0 2 2 2 2 2 2 2 2 2 2 0 2 2 2 2 2 2 2 2 2 2 2 2 2 2 2 2 2 0 0 2 2 2 2 2 2 2 2 2 2 2 2 2 0 2 2 2 2 2 2 2 2 2 2 2 2 0 2 2 2 2 2 2 2 2 2 2 2 2 2 2 2
23 2 2 2 2 0 2 2 2 2 2 0 2 0 2 2 2 2 2 2 2 2 2 2 2 2 0 2 2 2 2 2 2 2 2 2 2 2 2 2 2 2 2 2 2 2 2 2 2 2 0 2 2 2 2 2 2 2 2 2 0 2 1 2 2 2 0 2 2 2 2 2 2 2 2 2 2 2 2 2 2 2 2 0 2 2 2 2 2 2 2 2 2 2 1 2 2 2 2 2 2 0 2 2 2 2 2 2 2 2 2 2 2 0 2 2 2 2 2 2 2 2 2 2 2 2 2 2 2 2 2 0 0 2 2 2 2 2 2 2 2 2 2 2 2 2 0 2 2 2 2 2 2 2 2 2 2 2 2 2 2 2 0 2 0 2 2 2 2 2 2 0 2 2 2 2 2 2 2 2 2 2 2 2 2 2 2 2 2 2 2 2 2 2 2 2 2 2 2 2 2 2 2 2 2 2 2 2 2 2 0 2 2 2 2 2 2 2 2 2 2 2 2 2 2 0 2 2 2 2 2 2 2 2 2 2 2 2 2 2 2 2 0 0 2 0
24 2 2 2 2 2 2 2 2 0 1 2 0 2 2 2 0 0 0 2 2 0 2 2 2 2 2 2 2 0 2 2 2 2 2 2 2 2 2 2 2 2 2 2 0 0 2 0 2 2 2 2 0 0 2 2 2 2 2 2 2 2 2 2 0 2 2 2 0 2 2 2 0 2 0 0 2 2 0 2 2 2 2 2 2 2 2 2 0 2 2 2 2 2 2 2 2 2 2 2 2 0 0 2 2 2 2 0 2 2 2 2 2 0 2 2 2 0 2 2 2 0 0 2 0 2 2 2 0 2 2 0 2 2 2 2 0 0 2 2 2 2 2 2 2 2 2 0 2 2 2 0 0 2 2 2 0 2 2 2 2 2 2 2 2 2 2 2 1 0 2 2 2 0 0 2 2 0 2 2 2 2 0 2 2 2 2 2 0 2 2 2 2 0 0 2 2 2 0 2 2 2 2 2 2 2 2 2 2 0 2 2 2 2 2 0 2 2 1 2 0 0 2 0 0 2 2 2 2 0 2 2 0 2 0 2 2 2 2 2 2 0 0 2 2 2
25 2 2 2 2 2 0 2 2 2 2 2 2 2 2 2 2 2 0 2 2 2 2 0 2 2 2 2 2 0 2 2 2 2 2 2 2 0 2 2 2 2 2 2 2 2 2 2 2 2 2 2 0 2 2 0 0 2 2 2 0 2 2 2 2 2 2 2 2 2 2 2 2 2 2 2 2 2 2 2 0 2 2 2 2 2 2 2 2 2 2 2 2 2 2 2 2 2 2 2 2 2 2 2 0 2 0 2 2 2 2 2 2 2 2 2 2 2 0 2 2 0 2 2 2 2 2 2 0 2 2 2 2 2 2 2 2 2 2 2 2 2 2 2 2 2 2 0 2 1 2 2 0 2 2 2 2 2 2 2 2 2 2 2 2 2 2 2 2 2 2 2 2 2 2 2 2 2 2 2 2 2 2 2 2 2 2 2 2 2 2 2 2 2 2 2 2 2 2 2 2 0 2 2 2 2 2 2 2 2 0 2 2 2 2 2 2 2 2 2 2 2 2 2 2 2 2 2 2 2 2 2 2 2 2 2 2 0 2 2 2 2 2 0 2 2
26 2 2 0 0 2 2 0 2 2 2 2 2 2 2 2 0 0 2 2 0 2 2 2 2 2 2 2 2 2 2 0 2 2 2 0 2 2 2 2 0 0 2 2 0 2 0 0 2 2 2 2 2 2 2 2 2 2 2 0 2 2 2 2 2 2 2 2 0 2 2 2 2 2 2 0 2 0 2 2 2 2 2 2 2 2 2 0 2 2 0 2 2 2 2 2 2 2 2 2 0 2 0 2 2 2 2 0 2 2 2 2 2 2 2 2 0 2 2 2 2 2 2 2 0 2 0 0 2 2 2 0 2 2 2 2 0 0 2 2 2 2 2 2 2 0 2 2 0 2 2 2 2 2 2 2 0 2 2 2 2 2 2 2 2 2 2 2 2 2 2 2 2 0 0 2 2 2 2 2 2 2 2 2 2 2 2 2 0 2 2 2 2 2 2 2 2 2 2 2 2 2 2 2 2 2 2 2 2 0 2 2 2 0 0 2 2 2 2 2 2 2 2 0 2 2 2 2 2 0 2 2 0 2 2 2 2 2 2 2 2 2 2 2 2 2
27 2 2 0 0 2 2 0 0 2 1 2 0 2 0 2 0 0 2 0 0 2 0 2 0 2 2 2 0 2 0 0 0 2 2 0 2 2 2 2 0 0 2 0 0 2 0 0 2 2 2 2 2 2 2 2 2 0 2 0 2 2 2 2 2 2 2 2 0 2 2 0 2 2 2 0 0 0 0 2 2 2 0 2 2 2 2 0 2 2 0 2 2 2 2 2 2 2 0 0 0 2 0 2 2 2 2 0 2 2 2 2 2 2 0 2 0 2 2 2 2 2 2 2 0 2 0 0 2 2 2 0 2 0 2 0 0 0 2 2 2 2 2 2 2 0 0 2 0 1 0 2 2 0 2 2 0 0 0 2 2 2 2 2 2 2 2 2 2 2 2 2 2 0 0 2 2 2 2 2 2 2 2 0 2 0 2 2 0 2 2 2 2 2 2 2 2 2 2 2 2 2 2 2 2 0 0 0 0 0 2 2 0 0 0 0 0 2 1 2 2 2 2 0 2 2 2 2 2 0 2 0 0 2 2 0 2 2 2 2 2 2 2 2 2 2
28 2 2 2 2 2 2 2 2 2 1 2 2 2 0 2 2 2 2 0 2 2 2 2 0 2 2 2 2 2 0 2 2 2 2 2 2 2 2 2 2 2 2 2 2 2 2 2 2 2 2 2 2 2 2 2 2 2 2 2 2 2 2 2 2 2 2 2 2 2 2 2 2 2 2 2 0 2 2 2 2 2 2 2 2 2 2 2 2 2 2 2 2 2 2 2 2 2 2 2 2 2 2 2 2 2 2 2 2 2 2 2 2 2 0 2 2 2 2 2 2 2 2 2 2 2 2 2 2 2 2 2 2 2 2 2 2 2 2 2 2 2 2 2 2 2 0 2 2 2 2 2 2 2 2 2 2 0 2 2 2 2 2 2 2 2 2 2 2 2 2 2 2 2 2 2 2 2 2 2 2 2 2 2 2 2 2 2 2 2 2 2 2 2 2 2 2 2 2 2 2 2 2 2 2 2 2 2 2 2 2 2 0 2 2 0 0 2 2 2 2 2 2 2 2 2 2 2 2 2 2 2 2 2 2 0 2 2 2 2 2 2 2 2 2 2
29 2 2 2 2 2 2 2 0 2 1 2 2 2 2 0 0 2 0 2 0 0 2 2 2 0 2 2 2 0 2 2 2 2 0 0 1 2 2 2 2 0 2 2 2 0 2 2 2 2 0 2 2 0 2 2 2 2 2 2 2 2 2 0 0 0 2 2 0 0 2 2 0 2 0 2 2 2 2 2 0 2 2 0 2 0 0 2 0 2 0 2 2 0 2 0 2 2 0 0 2 0 0 2 2 2 0 2 2 0 2 2 0 0 2 0 2 0 2 0 2 2 2 2 2 0 2 0 2 0 2 2 2 2 2 2 2 0 2 0 0 2 0 2 0 0 0 2 2 1 0 0 2 2 2 2 0 0 2 0 0 2 0 2 2 0 0 2 1 0 0 0 2 2 0 2 2 0 2 0 2 0 0 2 2 0 2 2 0 2 2 2 0 0 0 2 0 2 2 0 0 0 0 0 2 2 2 2 2 2 2 0 0 2 0 2 2 0 0 2 0 0 0 0 0 0 2 0 0 0 2 2 0 2 2 0 2 2 2 0 0 0 2 0 0 2
30 0 2 0 2 0 2 2 0 2 0 2 0 0 0 0 0 0 0 0 0 0 0 0 0 0 0 0 0 0 0 2 0 0 0 0 0 0 2 0 0 0 0 0 0 0 0 0 0 0 0 0 0 0 0 0 0 0 2 0 2 0 0 0 0 2 0 2 0 2 2 0 0 2 0 0 0 0 0 2 0 2 2 0 2 0 0 0 0 0 0 2 0 1 0 0 0 2 0 0 0 0 0 2 0 2 2 0 2 0 2 2 0 0 0 0 0 0 0 0 0 0 2 0 0 2 2 0 2 0 2 0 2 2 0 0 0 2 0 0 0 0 2 0 0 0 0 0 0 1 0 0 2 0 2 2 0 2 2 0 0 0 0 2 0 0 0 0 2 0 0 0 0 2 0 0 2 0 2 0 0 0 0 2 0 2 0 2 0 2 0 1 0 0 2 2 0 0 2 0 2 2 0 0 0 0 0 2 0 0 2 0 0 0 0 0 0 0 0 2 2 2 0 0 0 0 2 0 0 0 0 0 0 0 0 0 0 0 0 0 0 0 2 0 0 0
31 2 2 2 2 2 2 2 2 0 2 2 0 2 2 2 0 2 2 2 2 2 2 2 2 2 2 0 2 2 2 2 2 2 2 2 1 2 2 2 2 2 2 0 2 2 2 2 2 2 2 2 2 2 0 2 2 0 2 2 2 2 2 2 2 2 2 2 2 2 0 2 2 0 2 2 2 2 0 2 2 2 2 2 0 2 2 2 2 2 2 2 2 2 2 2 2 2 0 2 2 2 2 2 2 2 2 2 2 2 2 2 2 2 2 2 2 2 2 2 2 0 2 2 2 2 2 2 0 2 2 2 0 2 2 2 2 2 2 2 2 2 2 2 2 2 2 2 2 2 0 2 2 0 2 2 0 2 2 2 2 2 2 2 2 2 0 2 2 2 2 2 2 2 2 2 2 2 2 2 2 2 2 2 0 2 2 2 0 2 2 2 2 2 2 2 2 2 2 2 2 2 2 2 2 2 2 2 2 2 2 2 2 2 2 2 2 2 2 0 2 2 2 2 2 2 2 2 2 2 2 2 0 2 2 2 2 2 2 2 2 2 0 2 2 2
32 2 2 0 2 2 2 2 2 2 2 2 2 2 2 2 0 2 2 2 2 2 0 2 2 2 2 0 0 2 2 2 0 2 2 2 2 2 2 2 2 0 2 2 2 2 0 2 2 2 2 2 2 0 2 2 2 2 2 0 2 2 2 2 0 2 2 2 2 2 0 2 2 0 0 2 2 0 2 2 2 0 2 2 0 2 2 0 2 2 2 2 2 2 2 2 2 2 2 2 0 2 2 2 2 2 2 2 2 2 2 2 2 2 2 2 2 2 2 2 2 2 2 2 2 2 2 0 2 2 2 2 0 2 2 0 2 0 2 2 2 2 2 2 2 2 2 2 1 2 2 2 2 2 2 2 2 2 2 2 2 0 2 2 2 2 2 2 2 2 2 2 2 2 2 2 2 2 2 2 2 2 2 2 0 2 0 2 0 2 2 2 2 2 2 2 2 2 2 2 2 2 2 2 2 0 0 2 2 2 2 2 2 0 2 2 2 2 2 0 2 2 2 2 2 2 2 2 2 2 2 2 0 2 2 2 2 2 2 2 2 2 2 2 2 2
33 2 2 0 2 2 2 2 2 2 1 2 2 2 2 0 2 2 0 2 2 2 2 2 2 0 2 2 2 0 2 2 2 2 0 2 2 2 2 2 0 0 2 2 0 0 0 0 2 2 2 0 2 2 2 2 2 0 2 0 2 0 2 0 2 2 2 2 2 2 2 0 2 2 2 2 2 0 2 2 0 2 2 2 2 2 2 0 2 2 2 2 2 0 2 0 2 2 0 2 0 0 2 2 0 2 2 2 2 2 2 2 0 0 2 2 2 2 2 2 2 2 2 2 0 2 2 0 2 0 2 0 2 2 2 0 0 2 0 2 2 0 2 2 2 0 2 2 2 1 2 0 2 2 2 2 2 0 2 2 2 2 2 0 0 0 0 2 2 0 2 0 2 0 2 2 0 2 2 2 2 2 2 2 2 0 2 2 2 2 2 1 2 2 2 2 2 0 0 0 0 2 2 2 2 0 2 2 2 0 2 2 2 0 0 2 2 2 2 2 2 2 2 2 0 2 2 2 2 0 2 2 2 2 2 2 0 0 2 2 2 2 2 2 2 0
34 0 2 2 2 2 0 2 2 0 0 2 2 2 0 2 2 2 2 2 0 2 2 2 0 2 2 2 2 2 2 2 2 2 2 2 2 2 2 2 2 2 2 2 2 0 2 2 0 2 2 0 2 2 0 2 2 2 2 2 2 0 0 2 2 2 2 2 2 2 2 2 2 2 2 2 2 2 2 2 2 2 2 2 2 2 1 2 2 0 2 2 2 2 2 2 2 2 2 2 2 2 2 2 0 2 2 2 2 2 2 0 2 2 2 2 2 2 2 2 2 0 2 0 2 2 2 2 2 2 2 2 2 2 2 2 2 2 2 2 0 2 2 2 2 2 2 2 2 1 2 2 2 2 0 2 0 2 2 2 2 2 2 2 2 2 2 2 1 2 2 2 2 2 2 2 2 2 0 2 0 2 2 2 2 2 2 2 2 2 0 1 2 2 2 2 2 2 2 2 2 2 0 2 2 2 2 2 2 2 2 2 2 2 2 2 2 2 2 2 0 0 2 2 2 2 0 2 2 2 2 2 2 0 2 2 0 2 0 2 2 2 2 2 2 2
35 2 2 2 0 0 2 2 2 2 2 2 2 0 2 2 2 2 2 2 2 2 2 2 2 2 2 2 2 2 2 2 2 2 2 2 2 0 2 2 2 0 2 2 2 2 2 2 2 2 2 2 2 2 2 2 2 2 2 2 2 2 2 0 2 2 0 2 2 2 2 2 2 0 2 2 2 2 2 2 2 2 2 0 0 2 0 2 2 2 2 2 2 2 1 2 2 2 2 2 2 2 2 2 2 0 2 2 2 2 2 2 0 2 2 2 2 2 2 2 2 0 2 2 2 2 2 0 2 2 2 2 0 0 2 2 2 0 0 2 0 2 2 2 2 2 2 2 0 1 2 2 2 2 2 2 2 2 0 2 2 2 2 2 2 2 2 2 0 2 2 2 2 2 2 2 2 2 2 2 2 2 2 2 2 2 2 2 2 2 2 2 2 2 2 0 2 2 2 2 2 2 0 2 0 2 2 0 2 2 2 2 0 2 2 2 0 2 2 2 0 0 2 2 2 2 2 2 2 2 2 2 2 2 2 0 2 2 2 2 2 2 2 2 2 2
36 2 2 2 2 0 0 2 0 2 2 2 0 0 0 2 2 0 0 0 2 2 2 2 0 2 0 0 2 0 0 2 2 2 2 0 1 2 2 2 2 2 2 2 2 2 2 2 2 2 2 2 0 2 2 2 2 0 2 2 2 2 0 2 2 2 0 2 2 2 2 2 0 2 2 0 0 2 0 2 2 2 2 2 2 0 2 2 0 2 0 2 2 0 2 0 2 2 0 0 2 2 2 2 2 2 2 0 2 2 2 2 2 0 2 2 0 2 2 2 2 2 0 2 2 0 2 2 2 0 2 2 2 2 2 2 2 2 2 2 2 0 0 0 2 0 2 0 2 1 2 2 0 2 0 0 2 2 2 2 2 2 2 2 0 0 0 0 1 2 2 0 2 2 2 0 2 2 0 2 2 2 2 2 0 0 2 2 2 2 2 2 2 0 2 0 0 2 2 0 2 2 2 2 0 2 0 0 2 2 2 2 2 2 0 2 2 2 2 2 2 2 2 2 0 2 0 2 0 2 2 2 2 2 0 2 2 2 2 2 2 2 2 2 2 0
37 2 2 2 2 2 2 2 2 2 2 2 2 2 2 2 2 2 0 2 2 2 2 2 2 2 2 2 2 0 2 2 2 2 2 2 2 2 2 2 2 2 2 2 2 2 2 2 2 2 2 2 2 2 2 2 2 2 2 2 2 2 2 2 2 0 2 2 0 2 2 2 2 2 2 2 2 2 2 2 2 0 2 2 2 2 2 2 0 0 2 2 2 0 2 2 2 2 2 2 2 2 2 2 2 2 2 2 2 2 2 2 2 2 2 2 2 2 0 2 2 2 2 0 2 2 2 2 2 2 2 2 2 2 2 2 2 0 2 2 2 2 2 2 2 2 2 2 2 2 2 2 2 2 2 2 2 2 2 2 2 2 2 2 2 2 2 2 2 2 2 2 2 2 2 2 2 2 2 2 2 2 2 2 2 2 2 2 2 2 2 2 2 0 2 0 2 2 2 2 2 2 2 2 2 2 2 2 2 2 2 2 2 2 2 2 2 2 2 2 2 2 2 0 2 2 2 2 2 2 2 2 2 2 2 2 2 2 2 2 2 2 2 0 2 2
38 2 2 2 2 2 2 2 2 2 2 2 2 2 2 2 2 2 2 2 2 2 2 2 2 2 2 2 2 2 2 2 2 2 2 2 2 2 2 2 2 0 2 2 2 2 2 2 0 2 0 2 2 2 2 2 2 2 2 2 2 2 2 2 2 2 2 2 2 0 2 0 2 2 2 2 2 2 2 2 2 2 0 2 2 2 2 2 0 2 2 2 2 2 2 2 2 2 2 2 2 2 2 2 2 0 0 2 2 0 2 2 2 0 2 2 2 2 2 2 2 2 2 2 2 2 2 0 2 2 2 2 2 2 2 2 2 0 2 2 2 2 2 2 2 2 2 2 2 2 2 2 2 2 2 2 2 2 2 2 2 2 2 2 2 2 2 2 2 2 2 2 2 2 2 2 2 2 2 2 2 2 2 2 2 2 0 2 2 2 2 2 2 0 2 2 2 2 2 2 2 0 2 2 2 2 2 2 2 2 2 2 2 2 2 2 2 2 2 2 2 2 2 2 2 2 2 2 2 2 0 2 2 2 2 2 0 2 2 2 2 2 2 2 2 2
39 2 0 0 0 2 0 0 2 0 0 0 0 2 2 2 0 0 0 0 0 0 0 2 2 0 2 2 0 0 0 0 0 0 0 2 2 2 0 0 0 0 0 0 0 0 0 0 2 2 2 0 0 0 0 2 2 0 0 0 0 0 2 2 0 0 2 0 0 2 2 0 0 2 0 0 0 0 0 2 2 2 2 2 2 0 0 0 2 0 2 0 0 2 1 2 0 0 0 2 0 0 2 0 0 0 2 2 2 0 0 0 2 0 1 0 0 2 0 2 0 2 0 0 0 0 0 0 2 0 2 0 2 2 0 0 0 0 0 0 0 2 0 0 2 0 2 0 2 1 0 2 2 0 2 2 0 2 0 2 0 2 0 0 2 0 0 0 0 0 0 2 0 0 2 0 0 0 2 0 2 2 0 0 2 2 0 0 2 0 2 1 2 2 2 2 2 2 2 2 0 2 0 2 2 0 2 2 2 0 0 2 0 0 0 2 0 2 2 0 0 0 2 0 2 0 2 2 0 0 0 2 2 2 0 0 0 0 2 2 0 2 0 0 0 2
40 2 2 2 2 2 2 2 2 2 2 2 2 2 2 2 2 2 2 2 2 2 0 2 2 2 2 2 0 2 2 2 0 2 2 2 2 2 2 2 2 2 2 2 2 2 2 2 2 2 2 2 2 2 2 2 2 2 2 2 2 2 2 2 2 2 2 2 2 2 2 2 2 2 2 2 2 2 2 2 2 0 2 2 2 2 2 2 2 2 2 2 2 2 2 2 2 2 2 2 2 2 0 2 2 2 2 0 2 2 2 2 2 2 2 2 2 2 2 2 2 2 2 2 2 2 2 2 2 2 2 2 2 2 2 2 0 2 2 2 2 2 0 2 2 2 2 2 2 2 2 2 2 2 0 2 2 2 2 2 2 2 2 2 2 2 0 2 2 2 2 2 2 2 2 2 2 2 0 2 2 2 2 2 2 2 2 2 2 2 2 2 0 2 2 2 2 2 2 2 2 2 2 2 2 2 2 2 0 2 2 2 2 2 2 2 2 2 2 2 2 2 2 2 2 2 2 0 0 2 2 0 2 2 2 2 2 2 2 2 2 2 2 2 2 2
41 2 2 2 2 0 2 0 2 2 1 2 2 0 2 2 2 2 2 2 2 2 2 2 2 2 2 2 2 2 2 2 2 2 2 0 2 0 2 2 0 2 2 2 2 0 2 2 2 2 2 2 2 2 0 2 2 2 2 2 2 2 2 2 2 2 0 2 2 2 0 2 2 0 2 2 2 2 2 2 2 2 2 0 0 0 2 2 2 2 0 2 2 2 2 0 2 2 2 2 2 2 2 2 2 2 2 2 2 2 2 0 2 2 2 2 2 2 2 0 2 2 2 2 2 2 0 2 2 2 2 2 2 2 2 2 2 0 2 2 2 0 2 2 2 2 2 2 2 2 2 2 2 2 2 2 2 2 2 2 2 2 2 2 2 2 2 2 2 2 2 2 2 2 2 2 0 2 2 2 2 2 2 2 2 2 2 2 2 2 2 2 2 2 0 2 2 2 0 0 2 2 2 2 2 2 2 0 2 2 2 2 2 2 2 2 2 2 2 2 2 2 2 2 2 2 0 2 2 0 2 2 2 2 2 2 2 2 2 0 2 2 2 2 2 2
42 2 2 0 2 0 0 2 0 2 1 2 2 0 2 2 2 2 2 0 2 0 0 0 2 2 2 2 0 2 0 0 0 0 2 0 1 2 2 2 2 0 1 2 0 0 0 0 0 1 2 1 2 2 2 0 0 0 2 0 2 1 2 2 2 0 0 2 0 2 2 2 2 2 2 2 0 0 2 2 2 0 2 2 2 0 2 0 2 2 0 2 2 0 2 0 1 0 0 0 0 0 0 2 0 2 0 0 2 0 2 2 2 2 2 0 2 0 0 2 1 0 2 2 0 2 2 0 0 0 0 0 2 0 1 2 2 0 0 2 0 2 0 2 0 0 2 2 1 1 0 2 2 2 0 2 0 0 0 0 2 0 2 2 0 2 2 0 1 0 2 2 0 2 2 0 2 0 0 2 2 0 2 0 2 2 0 2 0 2 2 2 2 2 0 0 2 2 2 0 2 0 0 0 2 2 0 2 2 0 2 2 2 0 0 2 0 0 1 2 2 0 2 0 0 2 2 2 0 2 2 2 0 2 0 2 2 2 2 2 0 0 2 0 0 0
43 2 2 2 2 2 2 2 1 2 2 2 2 2 2 2 2 2 2 2 2 2 2 2 2 2 2 2 2 2 2 2 2 2 1 2 1 2 2 2 2 2 2 2 1 2 2 2 2 2 2 2 1 2 2 2 2 2 2 2 2 2 2 2 2 1 2 2 2 2 2 2 2 2 2 2 2 2 2 2 2 2 2 2 2 2 2 2 2 1 2 2 2 2 2 1 2 2 2 1 2 2 2 2 2 1 2 2 2 2 2 2 2 1 2 2 2 2 1 2 2 2 0 2 1 2 2 2 2 2 2 2 2 2 2 2 2 1 1 2 2 2 2 2 1 2 2 1 1 1 2 2 1 2 2 2 1 2 2 2 2 1 1 1 2 2 2 2 2 1 1 2 1 2 0 2 2 2 2 2 2 2 2 2 2 2 2 2 2 1 2 2 2 2 2 1 2 1 2 2 1 2 2 2 2 2 2 2 2 2 2 1 2 2 2 2 2 2 2 2 2 2 2 2 2 2 2 2 2 2 2 2 2 2 2 2 2 2 2 2 1 2 2 2 2 2
44 2 2 2 2 2 2 0 2 0 2 2 2 2 2 2 2 2 2 2 2 2 2 0 2 2 2 2 2 2 2 2 2 0 2 2 2 2 2 2 2 0 0 2 2 2 2 2 2 2 2 2 2 2 2 0 0 2 2 2 2 2 2 2 2 2 2 2 2 2 2 2 2 2 2 2 2 2 2 2 2 2 2 2 2 2 2 2 2 2 2 2 2 2 2 2 0 2 2 2 2 2 2 2 2 2 2 2 2 2 2 2 2 2 2 2 2 2 2 0 0 2 2 2 2 2 0 0 2 2 2 2 2 2 0 2 2 2 2 2 2 2 2 2 2 2 2 2 2 2 2 2 2 2 2 2 2 2 2 2 2 2 2 2 2 2 2 2 2 2 2 0 2 2 2 2 0 2 2 2 2 2 2 2 2 2 2 2 2 2 2 2 2 2 2 2 2 2 2 2 2 2 2 2 2 2 2 2 2 2 2 2 2 2 2 2 2 2 2 2 2 2 2 2 2 2 2 2 2 2 2 2 2 2 2 2 2 2 2 0 2 2 2 2 2 2
45 2 2 2 2 2 2 2 2 2 2 2 2 2 2 2 0 2 2 2 2 2 0 2 2 2 2 0 0 2 2 2 0 2 2 2 0 2 2 2 2 2 2 2 2 2 2 2 2 2 2 2 2 2 2 2 2 2 2 2 2 2 2 2 2 2 2 2 2 2 2 2 2 2 2 2 2 2 2 2 2 0 2 2 2 2 2 2 0 2 2 2 2 2 2 2 2 2 2 2 2 2 2 2 2 2 2 2 2 2 2 0 2 2 2 2 2 2 2 2 2 2 2 2 2 2 2 2 2 0 2 2 2 2 2 2 0 2 2 2 2 2 2 0 2 2 2 2 2 2 2 2 2 1 2 2 2 2 2 2 2 2 2 2 2 2 2 2 2 2 2 2 2 2 0 2 0 2 2 2 2 2 0 2 0 2 2 2 0 2 2 2 2 0 2 2 0 1 2 2 2 2 2 2 2 2 2 2 2 2 2 0 2 2 2 2 2 2 2 2 2 2 2 2 2 2 2 2 2 2 2 2 0 2 2 2 2 2 2 2 2 2 2 2 2 2
46 2 2 2 0 0 2 2 0 0 2 0 0 0 2 2 0 2 0 2 2 2 0 2 2 2 2 0 0 0 2 2 0 2 2 2 1 2 2 0 2 0 2 2 0 2 2 2 2 2 0 2 0 2 0 2 2 0 2 2 2 2 2 2 0 0 0 2 2 0 2 2 2 2 2 2 2 2 0 0 2 2 0 2 2 2 0 2 2 0 2 0 0 2 2 2 2 2 2 0 2 0 2 2 2 0 2 2 2 0 2 0 2 0 2 2 0 2 0 0 2 2 2 2 0 0 2 0 2 2 0 2 0 2 2 2 0 0 2 2 0 2 0 2 2 2 2 0 2 1 2 2 0 2 2 2 0 0 2 2 2 0 2 2 2 0 2 2 0 0 2 2 2 0 0 2 0 0 2 2 2 0 0 2 0 2 2 2 2 0 2 2 2 2 2 2 0 2 2 0 2 0 0 2 2 2 2 2 2 2 2 2 2 2 2 0 2 2 1 2 0 2 2 2 2 2 2 2 0 2 0 2 2 2 2 2 0 2 2 0 2 2 0 2 2 2
47 2 2 2 2 2 0 2 2 2 2 2 2 2 2 2 2 2 2 2 2 2 2 2 2 2 2 2 2 2 2 2 2 2 0 2 1 0 2 2 2 2 2 2 2 2 2 2 2 2 2 2 2 2 2 2 2 2 2 2 2 2 2 2 2 2 2 2 2 2 2 2 2 2 2 2 2 2 2 0 2 0 2 2 2 0 2 2 2 2 2 2 2 2 0 2 2 0 2 2 2 2 2 2 2 2 2 2 2 2 2 2 2 2 2 2 2 2 2 2 2 2 2 2 2 2 2 2 2 2 2 2 2 0 2 2 2 2 0 2 2 2 2 0 0 2 2 2 2 1 2 2 2 2 2 2 2 2 2 0 2 2 2 2 2 2 2 2 2 2 2 2 2 2 2 2 0 2 2 2 2 0 2 2 2 0 2 2 0 2 2 2 0 2 2 0 2 0 0 0 2 2 0 0 2 2 0 0 2 2 2 2 0 2 2 2 2 0 2 0 2 2 2 2 0 2 2 0 2 0 2 2 0 2 2 0 2 2 2 2 0 2 0 0 2 0
48 2 2 2 0 2 2 2 2 2 2 0 2 2 0 2 2 0 2 2 2 2 2 2 0 2 0 2 2 2 2 2 2 2 2 2 2 2 2 0 2 2 2 2 2 2 2 2 2 2 2 0 2 2 2 2 2 2 2 2 2 0 0 2 2 2 2 2 2 2 2 2 2 2 2 0 2 2 2 0 2 2 0 2 2 2 2 2 0 0 2 2 0 2 2 2 2 2 2 2 2 2 2 2 2 2 2 2 2 2 2 2 2 2 0 2 2 2 2 2 2 2 0 2 2 2 2 2 2 2 2 2 2 2 2 2 2 2 2 2 2 2 2 2 2 2 2 2 2 2 2 2 2 2 2 2 2 2 2 2 2 2 2 2 2 2 2 2 2 2 2 2 2 2 2 2 2 2 2 2 2 2 2 2 2 2 2 2 2 2 2 2 2 0 0 2 2 2 2 2 2 2 2 2 2 2 2 2 2 2 2 2 2 2 2 2 2 2 2 2 2 2 2 2 2 2 2 2 2 2 2 2 2 2 2 2 2 2 2 2 2 2 2 2 2 2
49 2 2 2 2 2 2 2 2 2 2 2 2 2 2 2 2 2 2 2 2 2 2 2 2 2 2 2 2 2 2 2 2 2 2 2 2 2 2 2 2 2 2 2 2 2 2 2 0 2 0 2 2 0 2 2 2 2 2 2 2 2 2 2 2 2 2 2 2 0 0 2 2 0 0 2 2 2 2 2 2 2 2 2 0 2 2 2 2 2 2 2 2 2 2 2 2 2 2 2 2 2 2 2 2 2 2 2 2 2 2 0 2 2 2 2 2 2 2 2 2 2 2 2 2 2 2 2 2 2 2 2 0 2 2 2 2 2 2 2 2 2 0 2 2 2 2 2 2 2 2 2 2 2 2 2 2 2 2 2 2 2 2 2 2 2 2 2 2 2 2 2 2 2 2 2 2 2 2 2 0 2 2 2 2 2 2 2 2 2 2 2 2 2 2 2 2 2 2 2 2 2 2 2 0 2 2 2 2 2 2 2 2 2 2 2 2 2 2 2 2 2 2 2 2 2 2 2 2 2 2 2 2 0 2 2 2 2 0 2 2 2 2 2 2 2
50 2 2 2 0 0 2 0 2 2 2 0 2 0 2 2 0 2 0 2 2 0 2 2 2 2 0 2 2 0 2 0 2 0 2 0 2 2 2 2 2 2 0 2 2 2 2 2 2 2 2 0 2 2 2 2 2 2 2 2 2 0 2 2 2 2 0 2 2 2 0 0 2 2 2 2 2 2 2 2 2 2 2 2 2 2 2 2 2 0 0 2 2 2 0 2 0 2 2 2 2 0 2 2 0 2 2 2 2 2 2 2 2 0 2 2 2 0 2 2 0 2 2 2 2 2 0 2 0 2 2 2 2 2 0 2 2 0 2 2 2 2 2 2 2 2 2 2 2 1 0 2 2 2 2 2 2 2 2 2 0 2 2 0 0 2 2 0 1 2 0 2 0 2 0 0 2 2 2 0 2 2 2 0 2 0 2 0 0 0 2 2 2 2 2 0 2 2 2 2 2 2 2 2 0 2 0 2 0 2 2 2 0 2 2 2 2 2 2 2 2 2 2 2 2 2 2 2 2 2 2 0 0 2 0 0 0 2 2 2 0 0 0 2 2 2
51 2 2 2 0 2 0 0 2 2 2 2 2 2 2 2 0 0 2 2 2 0 2 2 2 2 0 2 2 2 2 2 2 0 2 0 2 2 2 2 2 2 0 2 0 2 2 2 2 0 2 2 2 2 2 2 2 2 2 2 2 2 2 2 2 2 2 2 2 2 2 0 2 2 2 0 2 2 2 2 2 2 2 2 2 2 0 2 0 2 0 2 2 2 1 2 0 2 2 2 2 0 2 2 2 2 2 0 2 2 2 2 2 0 2 2 2 0 2 2 0 2 2 2 0 2 0 2 0 2 2 0 2 2 0 2 2 2 2 2 0 2 2 2 2 2 0 2 2 1 2 2 2 2 0 2 2 2 2 2 0 2 2 0 0 0 0 0 1 0 0 0 2 0 0 0 2 2 0 0 2 0 2 2 2 0 2 0 0 0 2 2 0 0 2 0 2 2 2 0 2 2 2 2 2 2 0 2 0 2 2 2 2 2 2 2 2 2 2 2 2 2 2 2 2 2 2 0 2 2 2 0 0 2 0 2 0 2 2 2 0 0 0 2 2 2
52 2 0 2 2 2 2 2 2 2 2 2 0 2 2 2 2 2 2 0 0 2 2 2 2 2 2 2 2 2 0 2 2 2 0 0 2 2 0 2 0 2 2 0 2 2 2 0 2 2 2 2 0 0 2 2 2 2 0 2 2 2 2 2 2 2 2 0 0 2 2 2 2 2 0 2 0 2 0 0 0 0 2 0 2 2 2 2 2 0 0 2 2 2 2 2 2 0 2 2 2 0 2 0 2 0 2 2 2 2 0 2 2 2 2 2 2 2 2 0 2 2 2 2 2 2 2 2 2 2 2 0 2 0 2 2 2 0 0 0 2 2 2 2 0 2 2 0 0 2 2 0 0 0 2 2 2 0 2 0 2 0 0 2 2 2 2 2 2 2 2 2 0 2 2 2 2 2 2 2 2 2 2 0 2 2 2 2 2 0 2 1 2 2 0 2 2 2 2 2 2 2 0 0 2 2 2 2 2 0 2 2 2 2 2 2 2 0 2 2 2 0 2 0 2 0 0 2 0 2 2 2 2 2 2 2 2 2 2 0 2 2 0 2 0 2
53 2 0 2 2 0 2 2 0 2 2 2 2 0 2 0 2 2 2 2 2 2 0 2 2 2 2 0 0 2 2 0 0 2 0 0 1 0 0 2 2 2 2 2 2 2 2 2 2 2 2 2 0 2 2 2 2 2 0 2 2 2 2 2 2 0 0 0 2 2 0 2 2 2 2 2 2 2 2 2 2 2 2 2 2 0 0 2 0 0 0 2 2 2 2 2 2 0 2 0 2 2 2 0 0 0 2 2 2 2 0 2 2 0 2 2 2 2 0 0 2 0 2 2 2 2 2 2 0 2 2 2 2 2 2 0 0 0 2 0 0 2 2 0 0 2 2 0 2 1 2 2 0 2 2 0 0 2 2 0 2 0 2 0 0 2 0 2 1 2 2 2 2 0 0 2 2 2 2 2 2 0 2 2 0 2 0 0 2 0 2 2 2 0 2 2 0 0 0 0 0 0 2 2 0 0 2 0 2 2 0 0 2 2 2 2 2 2 2 2 2 2 2 2 0 2 2 2 2 0 2 2 2 2 0 2 2 0 2 0 2 2 2 0 0 0
54 2 2 2 2 2 2 2 2 0 2 2 2 2 2 2 2 2 2 2 2 2 2 2 2 2 2 2 2 2 2 2 2 2 2 0 2 2 2 0 2 2 2 0 2 2 2 2 2 0 2 2 2 2 2 2 2 2 2 2 2 2 2 2 0 2 2 2 2 2 2 2 2 0 2 2 2 2 2 2 2 0 2 1 0 2 2 2 2 2 0 0 0 2 2 2 2 2 2 2 2 2 0 2 2 0 2 2 2 2 2 2 2 2 2 2 2 0 2 2 2 0 0 2 2 2 2 2 0 0 2 2 2 2 2 0 2 0 2 2 2 2 2 2 2 2 2 2 2 2 2 2 2 0 2 2 2 2 2 2 0 2 0 2 2 2 2 2 2 2 0 2 2 2 2 2 2 0 2 0 2 2 2 2 2 2 2 2 0 0 2 2 2 2 2 2 2 2 2 2 0 2 2 2 2 0 2 2 0 2 2 2 2 2 2 2 2 2 1 2 2 0 2 2 2 0 2 2 2 2 0 0 2 2 0 2 2 0 2 2 2 0 2 0 2 2
55 2 0 2 2 0 0 2 0 2 2 2 2 0 2 2 2 0 2 2 2 2 2 0 2 2 2 2 2 2 2 2 2 0 2 2 2 0 0 2 0 2 0 2 2 2 2 2 2 2 2 2 2 2 0 0 0 0 0 2 2 2 2 0 0 2 0 0 0 2 2 0 2 2 2 0 2 2 2 2 2 2 2 2 2 2 2 2 2 2 2 2 2 0 1 2 0 2 0 0 2 0 2 0 2 2 2 0 2 2 0 2 0 0 2 0 2 2 0 0 0 2 2 2 2 2 2 2 2 2 2 2 2 2 0 2 2 2 2 0 2 2 0 2 0 2 0 2 0 1 2 0 2 2 0 2 2 2 2 0 2 2 2 2 2 2 2 2 1 0 2 2 2 2 2 2 2 0 0 2 2 0 0 2 2 2 0 0 2 2 2 2 2 2 2 2 2 0 0 2 2 0 2 2 2 2 2 0 2 2 2 2 2 2 2 0 2 2 2 0 2 0 2 0 2 2 2 2 2 0 2 2 2 2 2 2 2 2 2 0 2 2 0 2 2 2
56 0 0 0 0 0 2 0 2 0 1 0 2 0 0 2 2 0 2 0 0 0 0 0 0 0 2 2 0 2 0 0 0 0 2 0 1 2 0 0 0 0 0 2 0 0 0 0 0 0 2 0 0 0 0 0 0 0 0 0 0 0 0 0 0 0 0 0 0 2 0 2 0 2 0 0 0 0 2 0 0 0 2 0 2 2 0 0 0 2 0 0 0 0 0 0 0 2 0 2 0 0 0 0 0 0 0 2 2 0 0 0 0 0 0 0 0 0 2 0 0 0 0 0 0 0 0 0 0 0 2 0 0 0 0 0 0 0 2 0 2 0 0 0 0 2 0 0 0 1 2 0 0 2 2 2 2 0 2 0 2 2 0 0 0 2 2 2 0 2 2 0 0 2 2 2 0 0 2 2 0 0 0 2 2 0 0 0 2 0 0 0 0 0 0 2 0 0 0 2 0 2 0 2 0 0 2 0 0 0 2 0 2 0 2 0 2 2 0 0 0 0 0 0 0 0 0 0 2 0 0 0 2 0 0 2 0 0 0 0 0 0 0 0 2 2
57 2 2 2 2 2 2 0 2 2 2 2 2 2 2 2 2 2 2 2 2 2 2 2 2 2 2 2 2 2 2 0 2 2 2 2 2 2 2 2 2 2 2 2 2 2 2 2 2 2 2 2 0 2 2 2 2 2 2 2 2 2 2 2 2 2 2 2 2 2 2 2 2 2 2 2 2 2 2 2 2 2 2 2 2 2 2 2 2 2 2 2 2 2 2 2 2 2 2 2 2 2 2 2 0 0 2 2 2 2 2 2 2 2 2 2 2 2 2 2 2 2 2 2 2 2 0 2 2 0 2 2 2 2 2 0 0 2 2 2 2 2 2 0 2 2 2 0 0 2 2 2 2 2 2 2 2 2 2 2 2 2 2 2 2 2 2 2 2 2 2 2 2 2 2 2 2 2 2 2 2 2 2 2 2 2 2 2 2 2 2 2 2 2 2 2 0 2 2 2 2 2 2 2 2 0 2 2 2 2 2 2 2 2 2 2 2 2 2 2 2 2 2 2 2 2 2 2 2 2 2 2 2 2 2 2 2 0 2 2 2 2 2 2 2 2
58 2 2 2 2 2 2 2 2 2 2 2 2 2 2 2 2 2 2 2 2 2 2 2 2 2 2 2 2 2 2 2 2 2 2 2 2 2 2 2 2 2 2 2 2 2 2 2 2 2 2 2 2 2 2 2 2 2 2 2 2 2 2 2 2 2 2 2 2 2 2 2 2 2 2 2 2 2 2 2 2 2 2 2 2 2 2 2 2 0 2 2 2 2 2 2 2 2 2 2 2 2 2 2 2 2 2 2 2 0 2 2 2 2 2 2 2 2 2 2 2 2 2 2 2 2 2 2 0 2 2 2 2 2 2 2 2 2 2 2 0 2 2 2 2 0 0 2 2 2 2 2 2 2 2 2 0 2 2 2 2 2 0 2 2 2 2 2 2 2 2 2 2 2 2 2 2 2 2 2 2 2 2 2 2 2 0 2 2 2 2 2 2 2 2 2 2 2 2 2 0 2 2 2 2 2 2 2 2 2 2 2 2 2 0 2 2 2 2 2 2 2 2 2 2 0 2 2 0 2 2 2 2 2 0 2 2 2 2 2 2 2 0 2 2 2
59 0 2 0 2 2 2 2 2 2 1 2 2 2 0 2 2 2 2 2 0 2 2 2 0 2 2 2 2 2 2 2 2 2 2 2 2 2 2 2 0 2 2 2 2 2 0 0 2 0 2 2 0 2 0 2 2 0 2 0 0 2 0 2 2 2 2 2 2 2 2 2 2 2 2 2 2 0 2 2 2 2 2 2 2 2 0 0 2 0 2 2 2 2 2 2 2 0 2 2 0 0 2 2 2 2 0 2 2 0 2 2 2 2 2 0 2 2 0 2 2 2 0 2 2 2 2 2 2 2 2 2 2 2 2 2 2 2 2 0 2 0 2 0 2 0 0 0 2 2 2 0 2 2 2 2 0 2 2 2 2 0 0 2 2 0 2 2 1 2 2 2 2 0 2 2 2 2 2 2 0 2 2 2 2 2 2 2 2 2 0 1 2 2 0 2 2 2 2 0 0 0 2 2 2 2 2 2 2 0 2 2 2 0 0 2 2 2 2 2 0 0 2 2 2 0 2 2 2 2 2 2 2 0 2 2 2 2 0 2 2 2 2 0 2 2
60 2 2 0 2 2 2 2 2 2 2 2 0 2 2 2 2 2 2 2 0 2 2 2 2 2 2 2 2 2 2 2 2 2 2 2 2 2 2 0 2 2 2 0 0 2 0 2 2 0 2 2 2 2 2 2 2 2 2 0 2 2 2 2 2 2 2 2 2 2 2 2 2 2 2 2 2 0 0 2 2 2 2 2 2 2 2 0 2 2 2 0 0 2 2 2 2 2 2 2 0 2 2 2 2 2 2 2 2 2 2 2 2 2 2 2 2 2 0 2 2 2 2 2 0 2 2 2 2 2 2 0 2 2 2 2 2 2 2 2 2 2 2 1 2 2 2 2 2 2 2 2 2 0 2 2 2 0 2 2 2 0 2 2 0 2 1 2 2 2 2 2 2 2 2 2 2 2 2 2 2 2 2 2 2 2 2 2 2 2 2 2 2 2 2 2 2 2 2 2 2 2 2 2 2 2 2 2 2 2 2 2 2 0 2 2 2 2 2 2 2 0 2 2 2 2 2 2 2 2 0 2 2 2 2 2 2 2 2 2 2 2 2 2 2 2
61 0 0 0 0 0 0 0 2 0 0 0 0 0 0 0 0 0 0 0 0 0 0 0 0 0 2 2 0 0 0 0 0 0 0 2 1 0 0 0 0 0 0 0 0 0 0 0 0 0 0 0 0 0 0 0 0 0 0 0 2 0 0 0 2 0 0 0 0 0 0 0 0 0 0 0 0 0 0 2 0 0 0 0 0 0 2 0 0 0 2 0 0 0 0 0 0 2 0 2 0 2 0 0 0 2 0 0 0 0 0 0 0 0 0 0 0 0 0 0 0 0 0 0 0 0 0 0 0 2 0 0 0 0 0 2 2 0 0 0 0 0 0 2 0 0 0 0 2 0 0 0 2 0 0 0 2 0 0 0 0 0 0 0 0 2 0 0 0 0 0 0 0 2 0 0 0 0 0 0 0 0 0 0 2 0 0 0 0 2 0 0 0 0 0 0 2 0 0 0 0 0 0 0 0 2 0 0 0 0 0 0 0 0 0 0 0 0 1 0 0 0 2 0 0 0 0 0 0 0 0 0 0 0 0 0 0 2 0 0 0 0 0 2 2 0
62 0 0 0 0 0 0 0 0 0 0 0 0 0 0 0 0 0 0 0 0 0 0 0 0 0 0 2 0 0 0 0 0 0 0 2 1 0 0 0 0 0 0 0 0 0 0 0 0 0 0 0 0 0 0 0 0 0 0 0 2 0 0 0 2 0 0 0 0 0 0 0 0 0 0 0 0 0 0 2 0 0 0 0 0 0 0 0 0 0 2 0 0 0 0 0 0 2 0 0 0 0 0 0 0 0 0 0 0 0 0 0 0 0 0 0 0 0 0 0 0 0 0 0 0 0 0 0 0 0 0 0 0 0 0 2 2 0 0 0 0 0 0 2 0 0 0 0 0 0 0 0 0 0 0 0 0 0 0 0 0 2 0 0 0 0 0 0 0 0 0 0 0 0 0 0 0 0 0 0 0 0 0 0 2 0 0 0 0 2 0 0 0 0 0 0 2 0 0 0 0 0 0 0 0 2 0 0 0 0 0 0 0 0 0 0 0 0 1 0 0 0 2 0 0 0 0 0 0 0 0 0 0 0 0 0 0 2 0 0 0 0 0 0 0 0
63 2 2 2 2 0 2 0 2 2 1 2 2 0 2 2 0 2 2 2 2 2 2 2 2 2 2 2 2 2 2 2 2 2 2 2 2 2 2 2 2 2 2 2 2 0 2 2 2 2 2 0 2 2 2 2 2 2 2 2 2 0 2 2 2 0 0 2 2 2 2 2 2 0 2 2 2 2 2 2 0 2 2 2 0 2 2 2 2 2 2 2 2 2 2 2 2 2 2 2 2 2 2 2 2 2 2 2 2 2 2 2 2 2 2 2 2 2 2 2 2 2 0 2 2 2 0 2 2 2 2 0 2 2 2 2 2 2 2 2 2 2 2 2 2 2 2 2 2 2 2 2 2 2 2 0 2 2 2 2 2 2 2 2 2 2 2 2 1 0 2 2 2 2 2 2 2 2 2 2 2 2 2 2 2 2 0 2 2 2 2 2 2 2 2 2 2 2 2 2 2 2 0 2 2 2 2 2 2 2 2 2 2 2 2 2 2 2 2 2 0 2 2 2 2 2 2 2 2 2 0 2 2 2 2 2 0 2 2 2 2 2 2 2 2 2
64 0 0 0 0 0 0 0 0 0 0 0 0 0 0 0 0 0 0 0 0 0 0 0 0 0 0 0 0 0 0 0 0 0 0 0 0 2 0 0 0 0 0 0 0 0 0 0 0 0 0 0 0 2 0 0 0 0 0 0 0 0 0 0 0 0 0 0 0 2 0 0 0 0 2 0 0 0 0 0 2 0 0 0 0 0 0 0 0 0 0 0 0 0 0 0 0 0 0 0 0 0 0 0 0 0 0 0 0 0 0 0 0 0 0 2 0 2 0 0 0 0 0 0 0 0 0 0 0 0 0 0 0 0 0 0 0 0 0 0 0 0 0 0 0 0 0 0 0 0 0 0 0 0 0 0 0 0 0 0 0 0 0 0 0 0 0 0 0 0 0 0 0 0 0 0 0 2 0 0 0 0 0 2 0 0 0 0 0 2 0 0 0 0 0 0 0 0 0 0 0 0 0 0 0 0 0 0 0 0 0 0 0 0 0 0 0 0 1 0 0 0 0 0 0 0 0 0 0 0 0 0 2 0 0 0 0 0 0 0 0 2 0 0 0 0
65 0 0 0 2 0 0 0 0 0 0 0 0 0 0 0 0 0 0 0 0 0 0 0 0 0 0 0 0 0 0 0 0 0 0 2 0 0 0 2 2 0 0 2 0 0 0 0 0 0 0 0 0 0 0 0 0 0 0 0 0 0 0 0 0 0 0 0 0 0 0 0 0 0 0 0 0 0 0 0 0 0 0 0 0 0 0 0 0 0 2 0 2 0 0 0 0 0 0 0 0 0 0 0 0 0 0 0 0 2 0 0 0 0 0 0 0 0 0 0 0 0 0 2 0 0 0 0 0 0 0 0 0 0 0 0 0 2 0 0 2 0 0 0 0 0 0 0 0 0 0 0 2 2 0 0 0 0 0 0 2 0 0 0 0 0 0 0 0 0 2 0 2 0 0 0 0 0 0 2 0 0 0 0 0 0 0 0 0 2 0 0 2 0 0 0 0 0 0 0 0 0 0 0 0 0 0 0 2 0 0 0 0 0 0 0 0 0 0 0 0 2 0 0 0 0 0 2 0 0 0 2 0 0 0 0 2 0 0 0 0 0 0 0 0 0
66 2 2 2 0 0 2 0 2 2 1 2 0 0 2 2 0 2 2 2 0 0 0 0 2 0 0 0 0 2 2 2 0 2 2 2 0 2 2 2 2 0 2 2 0 0 2 2 2 2 2 0 2 0 0 0 0 0 2 2 2 0 2 2 0 2 0 2 0 2 2 2 2 2 0 2 2 2 0 2 2 2 2 2 0 2 2 2 0 2 2 2 2 2 1 0 2 2 2 2 2 2 0 2 2 2 2 0 0 2 2 2 2 2 2 2 0 0 2 0 2 0 2 2 0 2 0 0 0 2 2 0 2 0 2 0 0 2 0 2 2 2 2 0 2 0 0 2 2 1 2 2 2 2 0 2 2 2 2 2 2 2 2 0 0 2 0 2 0 2 2 0 2 2 2 2 2 0 0 2 2 2 2 0 0 2 2 2 2 2 2 2 0 0 2 2 0 2 0 2 2 2 2 2 2 0 2 2 2 2 2 2 2 2 0 2 2 2 1 0 0 0 2 0 0 2 2 0 2 2 0 2 0 2 0 2 2 2 2 0 2 0 0 2 2 2
67 0 2 2 0 2 0 2 2 0 2 2 2 2 0 2 2 2 0 2 0 0 2 0 0 0 2 2 2 0 2 2 2 0 2 2 1 2 2 2 0 2 0 2 2 2 2 2 2 2 2 2 2 2 2 0 0 2 2 2 0 2 0 2 2 2 2 2 2 2 2 2 2 2 2 2 2 2 2 2 2 2 2 2 2 2 0 2 0 2 2 2 2 2 1 0 0 2 2 2 2 2 2 2 2 2 0 2 2 2 2 0 0 0 0 0 2 2 2 2 0 0 2 2 2 2 2 2 2 2 0 2 2 2 0 2 2 2 2 2 2 0 0 2 2 2 2 2 2 1 2 0 2 2 2 0 2 0 2 2 2 2 2 0 2 0 2 2 1 2 2 2 2 2 2 2 2 2 2 2 0 0 2 2 2 2 2 0 0 2 0 1 2 0 2 2 2 2 2 2 2 0 2 2 2 2 2 2 2 2 2 2 2 2 2 0 2 2 1 2 0 2 0 2 2 2 0 2 2 2 2 2 2 0 2 2 2 2 0 2 2 2 2 2 2 2
68 2 2 2 2 2 2 2 2 2 2 2 0 2 2 2 2 2 0 2 2 2 0 2 2 2 2 2 0 0 2 2 0 2 2 2 2 2 2 2 2 2 2 2 2 2 2 2 2 2 2 2 2 2 2 2 2 2 2 2 2 2 2 2 0 2 2 2 2 2 2 2 2 2 2 2 2 2 0 2 0 2 2 2 2 2 2 2 2 2 2 2 2 2 2 2 2 2 0 2 2 2 2 2 2 2 0 2 2 2 2 2 2 0 2 2 2 2 2 2 2 2 2 2 2 2 2 2 2 2 2 2 2 2 2 2 2 2 2 2 2 2 2 2 2 0 2 2 2 2 0 2 2 2 2 2 2 0 2 2 2 2 0 2 2 2 2 2 2 2 2 0 2 2 2 2 2 2 2 2 2 2 2 2 2 2 2 0 2 2 2 2 2 2 2 0 2 2 2 2 2 2 2 2 2 2 2 2 2 2 2 2 2 2 0 2 2 2 2 2 2 2 2 2 2 0 2 2 2 2 2 2 2 2 2 2 2 2 2 2 2 2 2 2 2 2
69 2 2 0 0 2 2 2 0 0 2 0 2 2 0 2 2 2 2 2 2 2 2 2 0 0 2 2 2 2 2 0 2 2 2 2 1 2 2 2 0 0 2 2 2 2 0 0 2 2 0 0 0 0 0 2 2 0 2 0 0 0 0 2 0 0 2 2 0 0 2 0 2 0 0 2 2 0 2 2 2 2 2 0 0 0 2 0 2 0 2 2 2 2 1 0 2 2 2 0 0 2 2 2 0 0 0 2 0 2 2 0 2 2 2 0 0 2 2 2 2 2 2 2 2 2 2 0 0 2 0 0 0 2 2 2 2 2 2 2 2 2 2 2 2 0 2 0 2 1 2 2 2 2 0 2 2 2 0 2 2 2 2 0 2 2 2 2 0 0 2 2 2 2 2 2 2 0 0 2 2 0 0 2 2 2 2 2 0 2 2 1 0 2 2 0 0 2 0 2 0 0 2 2 2 2 0 2 2 0 2 2 2 0 0 2 2 2 1 2 0 0 2 0 2 2 2 0 2 2 2 2 2 2 0 2 2 2 2 2 0 2 0 0 2 2
70 2 2 2 2 2 2 2 2 2 2 2 0 2 2 0 2 2 2 2 2 2 0 0 2 2 2 2 0 2 2 2 0 2 0 2 2 2 2 2 2 2 2 2 2 2 2 2 2 2 2 2 2 2 2 0 0 2 2 2 2 2 2 2 2 2 2 2 2 2 2 2 2 2 2 2 2 2 0 2 2 2 2 2 2 2 2 2 0 2 2 2 2 0 2 2 2 2 2 2 2 2 2 2 2 2 2 2 2 2 2 2 2 2 2 2 2 2 2 2 2 0 2 2 2 2 2 2 2 2 2 2 2 2 2 2 2 2 2 2 2 2 2 2 0 2 2 2 2 1 2 2 2 2 2 2 2 2 2 0 2 2 2 2 2 2 2 2 2 2 2 2 2 2 2 2 2 2 2 2 2 2 2 2 2 2 2 2 2 2 2 2 2 0 2 2 2 2 2 2 2 2 2 2 2 2 2 2 2 2 2 2 2 2 2 2 2 2 2 2 2 2 2 2 2 2 2 2 2 2 2 2 2 2 2 2 2 2 2 2 2 2 2 2 2 2
71 2 2 2 2 2 2 2 2 2 2 2 2 2 2 2 0 2 2 2 2 0 2 2 2 2 0 2 2 2 2 2 2 2 2 2 2 2 2 0 2 2 2 2 2 2 2 2 2 2 2 2 2 2 2 2 2 2 2 2 2 2 2 2 2 2 2 2 2 2 2 2 2 2 2 2 2 2 2 2 2 2 2 2 2 2 2 2 2 2 2 2 0 2 1 2 2 2 0 2 2 2 2 2 2 2 2 2 2 2 2 2 0 2 2 2 2 2 2 2 2 2 2 2 2 2 2 2 2 2 2 2 2 2 2 2 2 2 2 0 2 2 2 2 2 2 2 2 2 2 0 0 0 2 2 2 2 2 2 2 2 2 2 2 2 2 0 2 2 2 2 2 2 2 2 2 2 2 2 2 2 2 2 2 2 2 2 2 2 0 2 2 2 2 2 2 2 2 2 2 2 2 2 2 2 2 2 2 0 2 0 2 0 2 2 2 2 2 2 0 2 2 2 2 2 2 2 2 0 2 2 0 0 2 2 0 2 2 2 2 2 2 2 2 2 2
72 2 2 0 0 2 2 2 2 2 2 2 2 2 2 0 0 2 2 2 2 2 2 0 2 0 2 2 2 2 2 2 2 2 0 2 0 2 2 2 2 0 2 2 2 2 0 2 2 2 0 0 2 2 2 0 0 2 2 0 0 2 2 2 2 2 2 2 2 0 2 2 2 2 2 2 2 0 2 2 2 2 2 0 2 0 2 0 2 2 2 2 2 0 1 2 2 2 2 2 0 2 2 2 2 2 2 2 0 2 2 2 2 2 2 2 2 0 2 2 2 0 2 2 2 2 2 0 0 2 0 0 0 2 2 2 2 2 2 2 2 2 2 2 0 2 2 2 2 1 2 2 2 2 2 2 2 2 2 0 2 2 2 0 2 2 2 2 2 2 2 2 2 2 2 2 2 2 2 2 2 2 2 2 2 2 2 2 0 2 2 2 2 2 2 2 2 2 0 2 2 0 2 2 2 2 2 2 2 2 2 2 2 0 2 2 0 2 2 2 2 2 2 2 2 2 2 2 2 2 2 2 2 2 2 2 2 2 2 2 2 0 2 0 2 2
73 2 2 2 2 2 2 2 0 2 2 2 2 2 2 2 2 2 0 2 2 2 2 2 2 2 2 2 2 0 2 2 2 2 2 2 2 2 2 2 2 2 2 2 2 2 2 2 2 2 2 2 2 2 2 2 2 0 2 2 2 2 2 2 2 0 2 2 2 2 2 2 2 2 2 2 2 2 2 2 2 2 2 2 2 2 2 2 2 0 2 2 2 2 2 2 2 2 2 0 2 2 0 2 2 0 0 0 2 2 2 2 2 2 2 2 2 2 0 2 2 2 2 2 2 2 2 2 2 2 2 2 2 2 2 2 2 0 2 2 2 2 2 2 2 2 2 2 2 2 2 2 0 2 2 2 2 2 2 2 2 2 2 2 0 2 0 2 2 0 2 2 2 2 2 2 2 2 2 2 2 2 2 2 2 2 2 2 2 2 2 2 2 2 2 2 2 2 2 2 2 2 2 2 2 2 2 2 2 2 2 2 2 2 2 2 2 2 2 2 2 2 2 2 2 2 2 2 2 2 2 2 2 2 2 2 2 2 2 2 0 2 2 2 2 2
74 2 2 2 2 2 2 2 2 2 2 2 2 2 2 2 2 2 2 2 2 2 2 2 2 2 2 2 2 2 2 2 2 2 2 2 2 0 2 2 2 2 2 2 0 2 2 2 2 2 2 2 2 2 2 2 2 2 2 2 2 2 2 2 2 2 2 2 2 2 2 2 2 2 2 2 2 2 2 2 2 2 2 2 2 2 2 2 2 2 2 2 2 2 2 2 2 0 2 2 2 2 2 2 2 2 2 2 2 2 2 2 2 2 2 0 2 2 2 2 2 2 2 2 0 2 2 2 2 2 2 2 2 2 2 2 2 0 2 2 2 2 2 2 2 2 2 2 2 2 2 0 2 2 2 2 2 2 2 2 2 2 2 2 2 2 0 2 2 2 2 0 2 2 2 2 0 2 2 2 2 0 0 2 2 2 0 2 2 2 2 2 2 2 2 2 2 0 2 2 2 2 2 2 2 2 2 2 2 2 2 0 2 2 2 0 2 2 2 2 2 2 2 2 2 2 2 2 2 2 2 2 2 2 2 2 2 2 2 2 2 2 2 2 2 2
75 2 0 2 2 0 0 0 0 2 2 2 2 0 0 2 2 2 2 2 2 2 2 2 0 2 0 2 2 2 2 0 2 0 2 2 2 2 0 2 2 2 0 2 2 2 2 2 2 2 2 2 2 2 2 2 2 2 0 2 2 2 0 0 2 0 0 0 0 1 0 2 2 2 2 2 2 2 2 2 2 2 2 2 2 2 2 2 0 0 2 2 2 2 2 0 0 0 0 0 2 0 0 0 0 0 2 2 2 2 0 0 2 2 2 0 2 2 2 2 0 2 2 1 2 2 0 2 2 2 2 2 2 0 0 2 2 2 2 0 2 2 2 2 2 0 2 2 2 1 0 0 0 0 2 0 2 0 2 2 2 0 2 2 2 2 0 2 2 0 2 0 0 2 2 2 0 2 2 2 2 0 1 2 2 0 0 2 2 2 2 1 2 0 0 2 0 2 2 2 0 2 2 2 0 2 2 2 0 2 2 2 2 2 0 0 2 2 2 2 2 2 2 0 0 2 0 2 2 2 0 0 2 2 0 2 0 2 2 2 2 2 2 2 2 0
76 2 2 2 2 2 2 2 2 2 2 2 2 2 2 2 2 0 2 2 2 2 2 2 2 2 2 2 2 2 2 2 2 2 2 2 2 2 2 2 2 2 2 2 2 2 2 2 2 2 2 2 2 2 2 2 2 2 2 2 2 2 2 2 2 2 2 2 2 2 2 2 2 2 2 0 2 2 2 2 0 2 2 2 2 2 0 2 0 2 2 0 2 2 2 2 2 2 2 2 2 2 2 2 2 0 2 2 2 0 2 2 2 2 2 2 2 2 2 2 2 2 2 2 2 0 2 2 2 0 2 2 2 2 2 2 2 0 2 2 0 2 2 2 2 2 2 2 2 2 2 2 2 0 2 2 2 2 2 2 2 2 2 2 2 0 2 2 2 2 2 2 2 0 2 2 0 2 2 2 2 2 2 2 2 2 2 2 2 2 2 2 2 0 2 0 2 2 2 0 0 2 0 2 2 2 0 2 2 2 0 2 2 2 2 0 2 2 2 2 2 2 2 2 2 2 2 2 0 2 2 2 2 2 2 2 2 2 2 2 0 2 0 2 0 2
77 2 0 2 2 2 2 2 2 2 2 2 2 2 2 2 2 2 2 2 2 2 2 2 2 2 2 2 2 2 2 2 2 2 2 2 2 2 0 2 2 2 2 2 0 2 2 0 2 2 2 2 2 2 2 2 2 2 0 2 2 2 2 0 2 2 2 0 2 2 2 2 2 2 2 2 2 2 2 2 2 2 2 2 2 2 2 2 2 2 2 2 2 2 2 2 2 2 2 2 2 2 0 0 2 2 2 2 2 2 0 0 2 2 2 2 2 2 2 2 2 2 2 2 0 2 2 2 2 2 2 2 2 2 2 2 2 2 2 2 2 2 2 2 2 2 0 2 2 2 2 0 2 0 2 2 2 2 2 2 2 2 2 2 2 2 2 2 2 2 2 2 2 2 2 2 2 2 2 2 2 2 2 2 2 2 0 2 2 2 2 2 2 2 2 2 2 2 2 2 2 2 2 2 2 2 2 2 0 0 2 0 2 2 2 2 2 2 0 2 2 2 0 2 0 2 2 2 2 2 2 0 2 2 2 2 2 2 2 2 2 2 2 2 2 2
78 2 2 2 2 2 2 2 2 2 2 2 2 2 2 0 2 2 2 2 2 2 2 0 2 0 2 0 2 2 2 2 2 2 0 2 1 2 2 2 2 2 2 2 2 2 2 2 2 2 2 2 2 2 2 0 0 2 2 2 2 2 2 0 2 2 2 2 2 2 0 2 2 2 2 2 2 2 2 0 2 2 2 0 2 2 0 2 2 0 2 2 2 2 2 2 2 0 2 2 2 2 2 2 2 2 2 2 2 2 2 0 2 2 0 2 2 2 2 0 2 0 2 2 2 2 2 2 2 0 2 2 0 2 2 0 2 2 2 2 2 2 2 2 0 0 2 2 2 1 2 0 2 2 2 2 2 2 2 0 2 2 2 2 2 0 2 0 2 2 2 0 2 0 2 0 2 2 2 2 2 2 0 0 0 2 2 0 2 2 2 2 2 2 2 2 2 0 0 0 2 2 2 0 0 0 2 0 2 2 2 2 2 2 0 2 2 0 2 2 2 2 2 2 2 2 2 2 2 0 2 2 2 2 2 2 2 0 2 0 2 2 2 2 2 2
79 2 2 0 0 2 0 2 2 2 2 2 2 2 2 2 0 2 2 2 2 2 2 2 2 2 2 2 2 2 2 2 2 2 2 2 1 2 2 2 2 0 2 2 2 2 0 2 2 0 0 0 2 2 2 2 2 2 2 0 0 2 2 2 2 2 2 2 2 2 2 2 2 2 2 2 2 0 2 2 2 2 2 2 2 0 2 0 2 0 2 2 2 2 1 2 2 2 2 2 0 2 2 2 2 2 2 2 0 2 2 2 2 2 2 2 2 0 2 2 2 2 2 2 2 2 2 0 2 2 0 0 2 2 2 2 2 2 2 2 2 2 2 2 2 2 2 2 2 1 2 2 2 2 2 2 2 2 2 2 2 2 2 0 2 2 2 2 1 2 2 2 2 2 2 2 2 2 2 2 2 2 2 2 2 2 2 2 0 2 2 2 2 2 2 2 2 2 2 2 2 0 2 2 2 2 2 2 2 2 2 2 2 0 2 2 0 2 2 2 2 2 2 2 2 2 2 2 2 2 2 2 0 2 2 2 2 2 2 2 2 0 2 0 2 2
80 2 2 2 2 0 2 0 0 0 2 2 0 0 0 2 2 0 0 2 2 2 0 2 0 2 2 2 0 0 2 2 0 0 2 0 2 2 2 0 0 2 0 2 0 2 2 0 2 2 2 2 2 2 0 2 2 0 2 2 2 2 0 2 2 2 0 2 2 0 2 2 2 0 2 0 2 2 0 2 2 2 2 2 0 2 2 2 2 2 0 0 0 2 2 2 0 2 0 0 2 0 2 2 2 2 0 0 2 2 2 2 2 2 0 0 2 2 2 2 0 2 2 2 0 2 0 2 2 2 2 2 2 0 0 2 2 0 0 0 2 2 2 2 2 0 2 2 2 2 0 2 2 0 2 2 0 2 2 2 0 2 2 2 2 2 2 2 0 0 0 2 0 2 2 2 2 2 2 0 2 2 2 2 2 0 2 2 2 2 2 1 2 2 2 2 2 2 2 2 0 2 2 2 2 2 2 2 2 0 0 2 2 2 0 2 2 2 2 2 0 0 2 2 2 2 0 2 2 2 2 2 2 2 2 2 2 2 2 2 2 2 2 2 2 2
81 2 2 2 2 2 2 2 2 0 2 0 0 2 2 2 2 2 0 2 2 0 0 2 2 2 2 2 0 0 2 2 0 2 2 2 2 2 2 2 2 2 2 2 2 2 2 2 2 2 2 2 2 2 2 2 2 2 2 2 2 2 2 2 0 2 2 2 2 2 2 2 2 0 2 2 2 2 0 2 2 2 2 2 0 2 2 2 2 2 2 2 2 2 2 2 2 2 0 2 2 2 2 2 2 2 2 2 2 2 2 2 2 2 2 2 0 2 2 2 2 2 2 0 2 0 2 2 2 0 2 2 2 2 2 2 2 2 2 2 2 2 2 2 2 2 2 2 0 2 0 2 2 2 2 2 2 2 2 2 2 2 2 2 2 2 2 2 1 2 2 2 2 2 2 2 2 2 2 2 2 2 2 2 2 2 2 2 2 2 2 2 2 2 2 2 2 2 2 2 2 2 2 2 2 2 2 2 2 2 2 2 2 2 2 2 2 2 2 2 0 0 2 2 2 2 2 2 2 2 2 2 2 2 2 2 2 2 2 2 2 2 2 0 2 0
82 2 2 2 2 2 2 0 0 0 2 0 2 2 2 2 2 2 2 2 2 2 2 2 2 2 2 2 2 2 2 2 2 2 2 2 2 2 2 0 2 2 2 2 2 2 2 2 2 2 2 2 2 2 2 2 2 0 2 2 2 0 2 2 2 0 2 2 2 2 2 2 2 2 2 2 2 2 2 0 2 2 2 2 2 2 2 2 2 2 2 2 0 2 1 2 2 2 2 0 2 2 2 2 2 2 2 2 2 2 2 2 0 2 2 2 2 2 2 2 2 2 2 2 2 2 0 2 2 2 2 2 2 2 2 2 2 2 2 2 2 2 2 2 2 2 2 2 2 2 2 2 2 0 2 0 0 2 2 2 2 2 2 2 2 2 2 2 2 2 2 2 2 2 2 2 0 2 2 2 2 2 2 2 2 2 0 2 2 2 2 2 2 2 2 2 2 2 2 2 2 2 2 2 2 2 2 2 2 2 2 2 0 2 2 2 2 2 2 0 2 2 2 2 0 2 2 2 2 2 2 2 2 2 2 0 2 2 2 2 2 2 2 2 2 2
83 2 2 2 2 0 2 2 2 2 0 2 2 0 0 2 2 2 2 0 2 2 2 2 0 2 2 0 2 2 0 2 2 2 2 2 1 2 2 2 2 2 2 2 0 0 2 2 0 2 0 2 2 2 0 2 2 0 2 2 0 2 0 2 2 2 0 2 0 0 0 2 0 2 2 2 0 2 2 2 2 2 2 2 2 2 0 2 2 2 2 2 2 2 2 2 2 2 2 2 2 2 2 2 2 2 2 2 2 2 2 0 2 2 0 2 2 0 2 2 2 2 2 2 0 0 2 2 2 2 0 2 2 2 2 2 2 2 2 2 2 0 2 2 2 2 2 2 2 2 2 0 2 0 2 2 2 2 0 2 0 2 2 2 2 2 2 2 1 2 0 2 2 2 2 2 2 0 2 0 0 2 2 2 0 2 2 0 0 2 0 1 2 2 0 2 2 0 0 2 2 2 2 2 2 2 2 2 2 2 2 2 2 2 2 2 2 2 2 2 0 0 2 0 2 2 0 2 2 2 2 2 2 0 2 2 2 2 0 2 2 0 2 2 2 2
84 2 2 0 0 2 1 0 2 2 2 2 2 2 2 0 0 2 2 2 0 2 2 2 2 0 2 2 2 2 2 0 2 2 0 0 1 2 2 2 2 0 2 2 2 2 0 2 2 0 2 2 2 2 2 2 2 2 1 0 0 2 2 2 2 2 2 2 2 2 0 2 2 2 2 2 2 0 2 2 2 2 2 0 2 0 2 0 2 2 0 2 2 2 1 2 2 0 2 2 0 2 2 2 0 2 2 2 1 2 2 2 2 2 2 2 2 2 2 2 2 0 2 2 2 2 0 0 2 2 2 2 0 2 2 0 2 2 2 2 2 2 2 2 0 2 2 2 2 1 2 2 0 2 2 0 2 0 0 0 2 2 0 0 2 2 2 2 2 2 2 0 2 2 2 2 2 2 2 2 2 2 2 0 2 2 2 2 2 2 2 2 2 2 2 2 2 2 2 2 2 0 2 2 2 0 2 0 2 2 0 2 2 0 2 2 2 2 2 2 2 2 2 2 2 0 2 2 2 0 2 2 2 2 2 2 2 0 2 2 2 2 2 0 2 2
85 0 2 2 0 2 0 2 2 0 0 0 0 2 0 2 2 2 0 0 0 0 0 2 0 2 2 2 0 0 0 2 0 0 2 0 2 2 2 0 0 0 0 0 2 0 2 2 0 2 0 0 2 2 2 2 2 2 2 2 0 0 0 2 2 2 2 2 0 0 2 0 2 2 2 2 0 2 0 0 0 2 2 2 2 2 2 2 0 0 0 2 0 2 2 2 0 2 2 2 2 2 2 2 2 2 1 2 2 2 2 2 2 2 2 2 2 2 2 2 0 2 0 0 2 0 2 0 2 0 2 0 2 2 0 1 2 2 2 2 2 0 2 2 2 2 2 2 2 1 2 2 2 2 2 2 2 2 0 2 0 2 0 2 2 2 1 2 1 2 0 2 2 2 0 2 2 0 2 0 0 2 1 0 2 2 2 2 2 2 0 0 2 0 2 2 2 1 1 2 2 2 2 2 2 1 2 2 2 2 2 2 2 2 2 2 2 2 2 2 0 0 2 0 2 0 2 2 2 2 2 2 0 0 2 2 0 1 0 2 0 2 2 0 2 2
86 2 0 0 2 0 2 0 2 2 2 2 2 0 2 0 0 2 2 2 2 2 2 2 2 0 0 2 2 2 2 0 2 2 0 2 2 0 0 2 2 2 2 2 2 2 0 2 2 0 2 2 2 0 2 2 2 2 0 0 2 2 2 2 2 2 0 0 2 2 0 2 0 0 0 2 2 0 2 2 2 2 2 0 0 2 2 0 2 2 2 2 2 2 1 2 2 2 2 2 0 2 2 0 0 2 2 2 0 2 0 0 0 0 2 2 2 2 2 0 2 0 2 2 2 2 0 2 2 2 2 2 0 0 2 2 2 2 2 2 2 2 2 2 0 2 2 2 2 1 2 0 2 2 2 0 2 0 2 0 0 2 2 2 2 2 2 2 2 2 0 0 0 2 2 2 2 2 2 0 2 2 2 2 2 2 2 0 2 2 2 2 2 2 2 2 2 0 0 0 2 2 2 2 0 2 2 0 2 2 2 2 0 0 2 2 2 2 1 0 2 2 0 2 0 2 0 2 2 0 2 2 2 2 2 0 2 2 2 0 2 2 2 2 2 2
87 0 0 2 2 2 0 2 2 2 2 2 2 2 0 2 2 2 2 2 2 2 2 2 0 2 2 0 2 2 2 2 2 2 2 2 0 2 0 2 2 2 2 2 2 2 2 2 2 2 2 0 0 0 2 2 2 2 0 2 2 2 2 0 0 0 2 0 2 2 2 2 0 2 0 2 2 2 2 2 2 2 2 0 2 0 2 2 2 0 2 2 2 2 1 2 2 0 2 2 2 2 2 0 2 2 2 2 2 2 0 2 2 2 2 2 2 2 2 2 2 2 2 2 2 0 2 2 2 2 0 2 0 0 2 2 2 2 2 2 2 2 2 2 2 0 0 0 2 1 2 2 2 2 2 2 0 2 2 2 2 2 0 0 2 2 2 2 1 2 2 2 0 2 2 2 2 2 2 2 2 2 2 0 0 2 2 2 0 2 2 2 2 2 2 2 2 0 0 2 2 2 2 2 0 2 2 2 2 2 0 2 2 2 0 2 0 2 2 2 2 2 2 2 2 0 2 2 2 2 2 2 2 2 2 2 0 2 2 2 0 2 2 2 2 2
88 2 2 2 2 2 2 2 2 2 2 0 2 2 2 2 2 2 2 2 2 2 2 2 2 2 2 2 2 2 2 2 2 0 2 2 2 2 2 2 2 2 0 2 2 2 2 2 2 2 2 2 0 2 2 2 2 2 2 2 2 2 2 2 2 2 2 2 0 2 2 2 2 2 2 2 2 2 2 2 0 2 2 2 2 2 2 2 2 2 2 2 2 2 2 2 0 2 0 2 2 2 2 2 2 2 0 2 2 2 2 2 2 2 2 2 2 2 2 2 0 2 2 2 2 2 2 2 2 2 2 2 2 2 0 0 2 2 2 2 2 2 2 2 2 0 2 0 2 2 2 2 2 2 2 2 2 2 2 2 2 2 2 2 2 2 2 2 2 2 2 2 2 2 0 2 2 2 2 2 2 2 0 2 2 2 2 2 2 2 2 1 2 2 2 2 2 2 2 2 2 2 2 2 2 0 2 2 0 2 0 2 2 2 0 2 2 2 1 2 2 2 0 0 2 2 2 2 2 2 2 0 0 2 2 2 0 0 2 2 2 2 2 2 2 2
89 0 2 2 2 2 0 2 2 0 2 2 2 2 0 2 2 0 2 0 0 2 2 0 0 2 2 0 2 2 0 2 2 2 2 0 2 2 2 0 2 2 2 2 2 2 2 2 0 2 0 0 2 2 2 0 0 2 2 2 0 2 2 2 2 2 2 2 2 2 2 2 2 2 2 0 0 2 2 2 2 2 2 2 2 2 2 2 2 2 0 2 0 0 2 2 2 2 2 2 2 2 2 2 2 2 2 2 2 2 2 2 2 2 2 2 2 2 0 2 2 2 0 0 2 0 2 2 2 0 2 2 2 2 2 2 2 2 0 2 2 2 2 2 2 2 0 2 0 1 0 2 2 2 2 2 2 2 0 2 0 0 2 2 2 2 2 0 2 2 0 2 2 2 2 0 2 2 2 0 2 2 2 0 0 2 2 2 2 2 2 2 2 2 0 2 0 2 2 2 2 2 2 0 2 2 2 2 2 2 2 2 2 2 2 0 2 0 2 2 2 2 2 2 2 2 2 2 2 2 0 2 2 2 2 2 2 2 2 2 2 2 2 0 0 2
90 2 2 0 2 0 0 2 0 2 2 2 2 0 2 2 0 2 2 2 2 2 2 2 2 2 2 2 2 2 2 0 2 0 2 0 2 2 2 2 2 2 0 2 0 2 0 2 2 0 0 2 2 2 0 2 2 2 2 0 0 0 2 2 2 2 0 2 2 2 2 2 2 2 2 2 2 0 2 2 2 2 2 2 2 2 2 0 0 0 0 2 2 2 2 2 0 2 0 0 0 2 2 2 0 2 2 2 0 2 2 0 2 2 2 2 0 2 2 2 0 2 2 2 0 2 2 2 2 2 2 2 2 2 0 2 2 2 2 2 2 2 2 2 2 2 0 2 2 1 0 2 2 0 2 2 2 2 0 2 2 2 2 2 2 2 2 2 1 2 2 0 2 2 2 2 2 2 2 2 2 2 2 0 2 0 0 2 2 2 2 1 2 0 0 2 2 2 2 2 0 0 2 2 2 2 2 2 0 2 0 2 2 0 2 2 2 2 2 2 0 0 2 2 2 2 2 2 2 2 2 0 2 2 2 2 0 2 2 2 2 2 2 0 2 2
91 0 0 0 2 0 2 2 0 0 0 2 2 0 0 0 0 2 0 2 0 2 2 2 0 0 0 2 2 0 2 2 2 2 2 2 2 0 0 2 2 0 2 0 2 0 0 2 2 2 0 2 2 2 2 2 2 2 0 0 0 2 0 2 2 2 0 0 0 2 2 2 0 2 2 2 2 0 2 2 2 0 2 2 2 2 0 0 0 2 2 2 2 0 2 2 2 0 0 0 0 0 2 0 2 0 2 0 2 0 0 0 0 2 2 0 0 0 2 0 2 2 0 0 2 0 2 0 2 2 2 2 2 2 2 0 2 0 2 2 2 0 2 2 2 2 0 2 2 1 2 0 2 0 2 0 2 0 2 2 0 0 2 2 2 2 0 2 2 2 0 2 2 2 0 2 2 2 2 0 0 2 2 2 2 0 0 0 2 0 0 1 2 0 0 2 2 2 0 0 2 0 2 2 0 0 2 0 0 2 0 2 0 0 2 0 0 2 0 2 2 0 0 0 2 2 2 2 0 2 2 0 0 0 2 0 0 0 0 0 0 0 0 2 2 2
92 2 2 2 2 2 0 2 2 2 2 2 2 2 2 2 0 2 2 2 2 2 2 2 2 2 2 2 2 2 2 2 2 2 2 2 2 2 2 2 2 2 2 2 2 2 2 2 2 2 2 2 2 2 2 2 2 2 2 2 2 2 2 2 2 2 2 2 2 2 2 2 2 2 2 2 2 2 2 2 2 2 2 2 2 2 2 2 2 2 2 2 2 2 2 2 2 2 2 2 2 2 2 2 2 2 2 2 2 2 2 2 2 2 2 2 2 2 2 2 2 2 2 2 2 2 2 2 2 2 2 2 2 2 2 0 2 2 2 2 2 2 0 2 2 2 2 2 2 1 2 2 2 2 2 2 2 2 2 2 2 2 2 2 2 2 2 0 2 2 2 2 2 2 2 0 2 2 2 2 2 2 2 2 2 2 2 2 2 2 2 2 2 2 0 2 2 2 2 2 2 2 2 2 0 0 2 2 2 2 2 2 2 2 2 2 2 2 2 2 2 2 2 2 2 2 2 2 2 2 2 2 0 2 2 2 2 0 2 2 2 2 2 0 2 2
93 0 0 0 0 0 0 0 0 0 0 0 0 0 0 0 0 2 0 0 0 0 0 0 0 0 0 0 0 0 0 0 0 0 0 0 0 0 0 0 2 0 0 0 0 0 0 0 0 0 0 0 0 0 0 0 0 2 0 0 0 0 0 0 0 0 0 0 0 0 0 0 0 0 0 2 0 0 0 0 0 0 0 2 0 0 0 0 0 0 0 0 0 0 0 0 0 0 0 0 0 0 0 0 0 0 0 0 0 0 0 0 0 0 0 0 0 0 0 0 0 0 0 0 0 0 0 0 0 0 0 0 2 0 0 0 0 0 0 0 2 0 0 2 0 2 0 0 0 0 0 0 0 0 2 0 2 0 0 0 0 0 0 0 0 2 0 0 0 0 0 0 0 0 0 0 0 0 2 0 0 0 0 0 0 0 0 0 0 0 0 0 0 0 0 0 0 0 0 0 0 0 2 0 0 0 0 0 0 0 0 0 0 0 2 0 0 0 0 0 0 0 0 0 0 0 0 0 0 0 0 0 0 0 0 0 0 0 0 0 0 0 0 0 0 0
94 0 2 0 0 0 2 2 2 0 2 0 2 0 0 0 0 0 0 2 2 0 2 0 0 0 2 2 2 0 2 2 2 2 0 2 2 2 2 0 2 0 2 2 0 2 0 2 2 2 2 0 2 2 2 0 0 2 2 0 0 0 2 2 2 2 0 2 0 0 0 2 2 0 2 0 2 0 2 2 2 2 2 0 0 2 0 0 0 0 1 2 0 2 2 2 2 2 2 2 0 0 2 2 2 2 2 2 0 2 2 0 0 0 2 0 2 2 2 0 2 0 0 0 0 0 2 0 0 2 0 0 2 2 2 0 2 0 2 0 0 2 0 2 0 2 0 2 2 1 2 0 0 0 0 2 2 0 0 0 2 0 0 2 2 2 2 2 2 2 2 2 2 2 2 2 0 2 0 2 2 2 2 0 2 2 0 0 2 2 2 1 2 0 2 2 2 2 2 0 2 0 2 0 2 0 2 0 2 2 2 2 2 0 2 2 2 0 2 0 2 2 2 0 2 0 2 2 0 2 2 2 0 2 2 2 0 0 2 0 2 2 0 2 2 0
95 2 0 0 0 0 0 0 0 0 2 0 0 0 0 0 0 0 0 2 0 0 0 0 0 0 0 0 0 0 2 0 0 2 0 0 0 0 0 2 2 0 2 0 0 2 0 0 2 0 0 2 0 0 0 0 0 0 0 0 2 0 2 0 2 2 0 0 2 2 0 0 0 0 0 0 2 0 0 0 0 0 2 0 0 0 0 0 0 0 0 0 2 0 0 0 2 0 2 0 0 0 0 1 0 0 0 0 2 0 0 0 0 0 2 2 0 0 2 0 2 0 2 0 0 2 0 0 0 0 0 2 0 0 2 0 0 0 0 1 0 2 0 0 0 0 0 0 0 0 0 0 0 2 0 0 0 0 0 0 0 0 0 0 0 0 0 0 2 0 0 0 0 0 0 0 0 2 0 0 2 0 0 0 0 0 0 0 0 0 2 1 0 0 0 0 0 0 0 0 2 0 0 0 0 0 0 0 0 0 2 0 0 0 0 0 0 0 1 0 2 2 0 2 0 0 0 0 0 0 0 0 0 2 0 0 0 0 2 0 0 0 0 0 0 0
96 2 2 2 0 2 2 0 1 0 0 0 2 2 2 0 2 2 0 0 2 2 2 2 2 0 2 2 2 0 0 0 2 0 0 2 2 2 2 2 2 0 0 0 2 0 2 0 0 2 0 2 0 2 0 2 2 2 2 2 0 0 0 2 0 2 2 2 2 0 2 0 0 2 2 2 0 2 2 2 0 2 0 2 2 2 2 2 0 2 2 2 2 2 1 2 0 2 0 1 2 2 2 2 0 0 2 0 0 2 2 2 0 2 0 0 0 2 0 0 0 0 0 0 2 0 0 0 2 0 2 0 2 0 0 2 2 0 2 0 2 0 2 2 0 2 2 0 2 1 2 2 2 0 2 2 2 2 2 0 0 2 2 2 2 2 2 0 1 0 0 2 2 2 0 0 0 0 2 0 0 2 0 2 2 0 0 2 2 2 0 1 2 0 2 2 2 2 2 2 0 2 2 0 2 2 2 2 2 0 0 2 0 2 2 2 2 0 1 0 0 0 2 2 2 2 2 2 2 2 2 2 2 0 0 0 0 2 0 0 0 2 2 2 2 2
97 2 2 2 2 2 2 2 2 2 2 2 2 2 2 0 2 2 2 2 2 2 2 2 2 0 2 0 2 2 2 2 2 2 0 0 1 2 2 2 2 2 2 2 2 2 2 2 2 2 2 2 2 2 2 2 2 2 2 2 2 2 2 2 2 2 2 2 2 2 2 2 2 2 2 2 2 2 2 2 2 0 2 2 2 2 2 2 2 2 0 2 2 2 1 2 2 2 2 2 2 2 0 2 2 2 2 2 2 2 2 2 0 2 2 2 2 2 2 0 2 0 2 0 2 2 2 2 2 2 2 2 2 2 2 2 2 2 2 2 2 2 2 2 0 2 2 2 2 1 2 2 2 2 2 2 0 2 2 0 0 0 2 2 2 2 0 2 2 2 0 2 0 2 2 2 0 2 2 0 2 2 2 2 0 2 2 2 2 0 2 2 0 2 2 2 0 2 2 2 2 2 2 0 2 2 2 2 2 2 2 2 0 2 2 2 2 0 1 0 2 2 2 2 2 2 2 0 2 2 2 2 2 2 2 0 2 2 2 0 2 2 0 2 2 0
98 2 0 0 0 2 2 0 0 0 0 0 0 2 2 2 0 0 0 0 2 2 0 2 2 2 0 0 0 0 0 0 0 0 2 0 0 2 0 0 0 2 0 0 2 0 0 0 0 2 0 0 0 0 0 2 2 0 0 0 0 0 0 2 2 0 2 0 1 0 2 0 0 0 0 0 0 0 0 2 0 2 0 2 0 0 0 0 0 2 0 2 0 0 0 2 0 2 0 0 0 0 0 0 0 2 0 0 2 0 0 2 2 0 0 0 0 0 0 2 0 2 0 0 2 2 0 0 2 0 2 0 2 2 0 0 0 0 2 2 0 0 0 2 2 2 2 1 0 2 0 2 2 0 0 0 0 0 0 2 0 0 0 0 0 2 2 0 0 2 0 2 2 0 0 0 2 2 0 0 0 2 0 2 0 0 2 0 0 0 0 1 0 0 2 0 2 2 2 0 2 0 2 2 0 0 0 0 2 0 0 0 0 0 2 0 2 2 2 0 0 2 2 1 0 0 0 0 0 0 0 2 2 0 0 0 2 0 0 2 0 0 0 0 2 0
99 0 2 0 0 2 0 2 2 0 0 0 0 2 0 2 2 0 0 0 0 2 0 2 0 2 2 0 0 0 0 0 0 0 2 0 0 0 2 0 0 0 0 0 0 0 0 0 0 0 0 0 0 0 0 2 2 0 2 0 0 0 0 2 0 0 2 2 0 0 2 0 0 0 0 0 0 0 0 2 0 0 0 2 0 2 0 0 0 0 0 2 0 0 2 2 0 2 0 2 0 0 0 2 0 0 2 0 0 2 2 2 2 0 0 0 2 2 0 2 0 2 0 0 0 0 2 0 2 0 2 0 0 0 0 0 0 0 2 0 0 0 0 0 2 2 2 0 0 1 2 2 0 0 0 2 0 0 2 2 0 0 2 0 0 0 0 0 0 0 0 2 0 0 0 0 2 0 0 0 0 0 0 2 0 0 0 2 2 0 0 2 0 0 2 0 0 2 2 0 0 0 0 2 2 0 0 2 0 0 0 0 2 0 2 2 2 2 1 2 0 0 2 0 2 2 0 0 0 0 0 0 2 0 0 2 0 0 0 2 0 2 0 2 0 0
100 2 2 2 2 2 2 2 2 2 0 2 2 2 2 2 2 2 2 0 2 2 2 2 2 2 2 2 2 2 0 2 2 2 2 2 2 2 2 2 2 2 2 2 2 0 2 2 0 2 2 2 2 2 2 2 2 2 2 2 2 2 0 2 2 2 2 2 2 2 2 2 2 2 2 2 0 2 2 2 2 2 2 2 2 2 2 2 2 2 2 2 2 2 2 2 2 2 2 2 2 2 2 2 2 2 2 2 2 2 2 2 2 2 2 2 2 2 2 2 2 2 2 2 2 2 2 2 2 2 2 2 2 2 2 2 2 2 2 2 2 0 2 2 2 2 2 2 0 2 2 2 2 2 2 2 2 2 2 2 2 2 2 2 2 2 2 2 2 2 2 2 2 2 0 2 2 2 2 2 0 2 2 2 2 0 2 2 2 2 0 1 2 2 2 2 2 2 2 2 0 2 2 2 2 2 2 2 2 2 2 0 2 2 2 2 2 2 2 2 2 2 2 2 2 2 2 2 2 2 2 2 2 0 2 2 2 2 0 2 2 2 2 2 2 2
101 0 2 0 0 0 0 2 0 0 0 0 0 0 0 2 0 0 0 0 0 0 0 0 0 2 0 2 0 0 0 0 0 0 2 0 1 0 2 0 0 0 0 0 0 0 0 0 0 0 0 0 0 0 0 0 0 0 2 0 0 0 0 0 0 0 0 2 0 0 0 0 0 0 0 0 0 0 0 0 0 0 0 0 0 0 2 0 0 2 0 2 0 0 0 0 0 0 0 0 0 0 0 2 0 0 0 0 0 0 2 0 2 0 0 0 0 0 0 2 0 2 0 0 0 0 2 0 0 2 0 0 0 0 0 0 2 0 2 0 0 0 0 2 2 2 0 0 0 1 0 0 0 0 0 0 0 0 2 2 0 0 0 0 0 0 2 0 0 0 0 2 0 0 0 0 0 0 0 0 0 0 0 2 2 0 0 0 0 0 0 0 0 0 0 0 2 0 0 0 0 0 2 2 0 0 0 0 0 0 0 0 0 0 2 0 2 2 0 0 0 0 0 0 0 0 0 0 0 0 0 0 0 0 0 0 0 0 0 2 0 0 0 2 0 0
102 2 2 2 0 2 2 2 2 2 2 2 0 2 2 2 2 2 2 2 2 2 0 2 2 2 2 2 0 2 2 2 0 2 2 2 2 2 2 2 2 2 2 2 2 2 2 2 2 2 2 2 2 2 2 2 2 2 2 2 2 2 2 2 2 2 2 2 0 2 2 2 2 2 2 2 2 2 0 2 2 2 0 2 2 2 2 2 0 2 2 2 2 2 2 2 2 2 2 2 2 2 2 2 2 2 2 2 2 2 2 2 2 2 2 2 2 2 0 2 2 2 0 2 2 2 2 2 2 2 2 2 2 2 2 2 2 2 2 2 2 2 2 2 2 2 2 2 2 2 2 2 2 2 2 2 2 2 2 2 2 2 2 2 2 2 2 2 0 2 2 2 2 2 2 2 2 2 2 2 2 2 2 2 2 2 2 2 2 2 2 2 2 0 2 2 2 2 2 2 2 2 2 2 2 2 2 2 2 2 2 2 2 2 2 2 2 2 2 2 0 2 2 0 2 2 2 2 2 2 2 2 2 2 2 2 2 2 2 2 2 2 2 2 2 2
103 2 2 0 2 2 2 2 2 2 2 0 2 2 2 2 0 2 2 0 0 2 2 2 2 2 0 0 2 2 0 0 2 2 2 2 1 2 2 2 2 0 2 0 2 2 0 0 0 0 2 0 2 0 2 2 2 2 2 0 0 2 2 2 2 0 2 2 0 2 2 0 0 2 0 2 0 0 2 2 2 2 0 2 2 2 0 0 0 2 2 2 2 2 2 2 2 2 0 2 0 2 2 2 0 0 0 2 0 0 2 2 2 2 0 2 2 0 0 2 2 2 2 2 2 2 2 0 2 2 0 0 2 2 2 0 2 2 2 0 2 2 0 0 2 2 0 2 2 2 0 2 0 2 2 2 2 2 2 2 2 0 2 2 2 2 2 0 1 0 2 0 0 2 0 0 2 2 2 2 2 0 2 0 0 0 2 2 0 2 2 2 2 0 2 2 0 2 2 2 2 0 2 2 2 0 2 2 0 0 0 2 2 0 2 2 2 2 2 2 0 2 2 0 2 2 2 2 2 2 2 0 0 2 2 2 2 0 2 2 2 0 2 2 2 2
104 2 2 2 2 2 2 2 2 2 2 0 2 2 2 2 2 2 2 0 0 2 2 2 2 2 2 2 2 2 0 0 2 2 2 2 2 2 2 0 0 2 2 0 2 2 2 0 0 2 2 2 2 2 2 2 2 2 2 2 0 0 2 0 2 0 2 2 2 2 2 0 0 2 2 2 0 2 2 2 2 2 2 2 2 2 2 2 2 2 2 2 0 2 2 0 2 2 2 2 2 2 2 2 0 2 2 2 2 2 2 2 2 2 2 2 2 2 2 2 2 2 0 2 2 0 2 2 2 2 2 2 2 2 2 2 2 2 2 2 2 2 2 2 2 2 2 2 0 2 2 2 2 2 2 2 2 2 2 2 2 2 2 2 2 2 2 2 2 2 2 2 2 2 2 2 2 2 2 2 2 2 0 2 2 2 2 2 2 2 2 2 2 2 2 2 2 2 2 2 2 2 2 2 2 2 2 2 2 0 2 0 2 2 2 2 2 2 1 2 2 2 2 2 2 2 2 2 2 2 2 2 2 2 0 2 2 2 2 2 2 2 2 2 2 2
105 2 0 2 2 0 2 2 0 2 2 2 2 0 2 2 2 2 2 2 2 2 2 2 2 0 2 2 2 2 2 2 2 2 0 2 2 2 0 2 2 2 2 2 2 2 2 2 2 2 2 2 2 2 2 2 2 2 0 2 2 0 2 2 2 0 0 0 0 2 0 2 2 2 2 2 2 2 2 2 2 0 2 2 2 2 2 2 2 2 2 2 2 2 1 2 2 0 2 0 2 2 2 0 2 2 2 2 2 2 0 0 0 2 2 2 2 2 2 0 2 2 2 2 2 2 2 2 2 0 2 2 2 2 2 0 2 2 2 2 2 2 2 2 0 2 2 2 2 2 2 2 2 2 2 2 2 2 2 0 2 2 2 2 2 2 2 2 0 2 2 2 2 2 2 2 2 2 2 2 2 2 2 2 2 2 2 2 2 2 2 2 2 2 2 2 2 2 2 2 2 0 2 0 2 0 2 2 2 2 2 2 0 2 2 2 2 0 2 2 0 2 2 0 2 2 2 2 2 0 2 2 2 2 2 0 2 0 2 0 2 2 2 2 2 2
106 2 2 0 2 2 0 2 2 2 2 2 2 2 2 2 2 2 2 2 2 2 2 2 2 2 2 2 2 2 2 2 2 2 2 2 1 2 2 2 0 2 2 2 2 2 0 2 2 2 2 1 0 2 2 2 2 2 2 0 2 2 2 2 2 2 2 2 2 2 2 2 2 2 2 2 2 0 2 2 2 2 2 2 2 2 2 0 2 2 2 0 2 2 2 2 2 2 2 2 0 2 2 2 2 2 2 2 2 2 2 2 2 2 2 0 2 2 2 2 2 2 0 0 2 0 2 2 2 2 0 0 2 2 2 2 2 2 2 2 2 2 2 2 2 2 2 0 2 1 2 2 2 2 2 2 2 2 2 2 2 2 2 0 0 2 2 2 2 0 2 2 2 2 2 2 2 2 2 2 2 2 2 2 2 2 1 2 2 2 2 2 2 2 2 2 2 2 2 2 2 2 2 2 2 2 2 2 2 2 2 2 2 0 2 2 2 2 2 2 2 2 2 2 2 2 2 2 0 2 2 2 0 2 0 2 0 2 2 2 2 2 2 2 2 2
107 2 0 2 2 0 2 0 2 2 2 2 2 0 2 2 2 2 2 2 2 2 2 0 2 0 2 2 2 2 2 2 2 2 0 2 2 0 0 1 2 2 2 2 2 2 2 2 2 2 2 2 2 2 2 0 0 2 0 2 2 2 2 2 2 2 0 0 2 2 0 2 2 2 2 2 2 2 2 2 2 0 2 2 2 2 2 2 0 2 2 2 2 0 1 2 2 0 2 2 2 2 2 0 2 2 2 2 2 2 0 0 0 2 2 0 2 0 2 0 2 2 2 2 2 2 0 2 2 0 2 2 0 2 2 2 2 2 2 2 2 2 0 2 0 2 2 2 0 2 2 2 2 0 2 2 2 2 2 0 0 2 2 2 2 2 2 2 2 2 0 2 0 2 2 2 0 2 2 0 2 2 2 2 2 2 2 0 2 2 2 2 2 0 2 2 2 0 2 2 2 2 2 0 2 2 2 2 2 2 2 0 0 2 2 2 2 0 2 2 2 2 2 2 2 2 2 2 2 0 2 2 2 2 0 0 2 2 2 0 2 0 2 2 2 0
108 0 2 2 2 2 0 2 2 2 0 2 2 2 0 0 2 0 2 2 2 2 2 2 0 2 2 0 2 2 2 2 2 2 2 2 0 2 2 2 0 2 2 2 2 0 2 2 2 0 2 2 2 2 2 2 2 0 2 2 2 2 0 2 2 2 2 2 2 2 2 2 2 2 2 0 2 2 2 2 0 2 2 2 2 2 2 2 2 2 2 2 2 2 2 2 2 2 0 2 2 2 2 2 2 2 0 2 2 2 2 2 2 2 2 2 2 2 2 2 2 2 2 2 2 2 2 2 2 2 0 2 2 2 2 2 2 2 0 2 0 0 2 0 2 2 2 2 2 0 0 2 2 2 0 2 2 0 2 2 2 2 2 0 0 2 2 2 1 2 2 2 2 0 2 2 2 2 0 2 0 0 2 2 0 2 2 2 2 2 0 1 2 2 0 2 0 2 2 0 2 2 2 2 2 2 2 2 0 2 0 2 2 2 2 2 2 2 2 2 2 2 2 2 2 2 2 2 0 2 2 0 0 0 2 2 2 2 0 2 2 2 0 0 2 2
109 2 2 2 2 2 2 0 0 2 2 2 2 2 2 2 2 2 2 2 2 2 2 0 2 2 2 2 2 2 2 2 2 2 2 2 2 2 2 2 2 2 2 2 2 2 2 2 2 2 2 2 2 2 2 0 0 2 2 2 2 2 2 2 2 2 2 2 2 0 2 2 2 2 2 2 2 2 2 2 2 2 2 2 2 0 2 2 0 2 2 0 2 0 2 2 2 2 2 0 2 2 2 2 2 2 2 2 2 2 2 2 2 2 2 2 2 2 2 0 2 2 2 2 2 2 0 2 2 2 0 2 2 2 2 2 2 0 2 2 2 2 2 2 2 2 2 2 2 2 2 2 2 2 2 2 2 2 2 2 2 2 2 2 2 2 2 2 2 2 2 2 2 2 0 2 2 2 2 2 2 2 2 2 2 0 2 2 2 2 2 2 2 0 2 2 2 0 2 2 2 2 2 2 0 2 2 2 2 2 2 2 2 2 2 2 2 2 2 2 2 2 2 2 2 2 2 2 2 2 2 2 0 2 2 2 2 2 2 0 2 2 2 2 2 2
110 2 2 2 2 2 0 2 2 2 2 2 2 2 2 0 2 0 2 2 2 2 2 2 2 2 2 0 2 2 2 2 2 2 2 2 1 2 2 2 0 0 2 2 2 2 2 2 2 2 2 2 2 2 2 2 2 2 2 2 2 2 2 2 2 2 2 2 2 2 2 2 2 2 2 0 2 2 2 2 2 2 2 2 2 2 2 2 2 2 2 2 2 2 2 2 2 2 2 2 2 2 0 2 2 2 2 2 2 2 2 2 2 2 2 2 2 2 2 2 2 2 2 2 2 2 2 2 2 0 2 2 2 2 2 0 0 2 2 2 0 2 2 2 2 2 2 2 2 1 2 2 2 2 0 2 2 2 0 2 2 2 2 2 2 0 2 0 2 2 2 2 2 2 2 0 2 2 0 2 2 2 2 2 0 2 2 2 2 2 2 2 2 2 2 2 2 2 2 2 2 2 2 2 2 0 2 2 2 2 2 2 2 2 2 2 2 2 2 2 2 2 2 2 2 2 2 2 2 2 0 2 2 2 0 2 2 0 2 2 2 2 2 2 0 2
111 2 0 0 2 2 2 2 2 2 2 0 0 2 2 2 0 0 2 2 2 0 0 2 2 2 2 2 0 2 2 0 0 2 2 2 1 2 0 2 2 2 2 2 2 2 0 2 2 0 0 2 2 2 2 2 2 2 0 0 0 2 2 2 2 2 2 0 2 2 2 2 2 2 2 0 2 0 0 2 2 2 2 2 2 2 2 0 2 2 2 2 2 2 1 2 2 2 2 2 0 2 2 0 2 2 2 2 2 2 0 2 2 0 2 2 2 2 2 2 2 0 2 2 2 2 2 2 2 2 2 0 2 2 2 2 2 2 2 0 2 2 2 2 2 2 2 2 2 1 2 2 2 2 2 2 2 2 2 2 2 0 2 0 2 2 2 2 2 2 2 2 2 2 2 2 2 2 2 2 2 2 2 2 2 2 2 2 2 2 2 2 0 2 2 2 2 2 2 2 2 2 2 2 2 2 2 2 2 2 2 2 2 0 2 2 2 2 2 2 2 2 2 2 2 2 2 0 2 2 2 2 2 2 2 2 2 2 2 2 0 2 2 2 0 2
112 2 2 2 2 2 2 2 2 2 0 2 2 2 0 2 2 2 2 2 2 2 2 2 0 2 2 2 2 2 2 2 2 2 2 2 2 2 2 0 2 2 2 2 2 0 2 2 2 2 2 2 2 2 2 2 2 2 2 2 2 2 0 2 2 2 2 2 2 2 2 2 0 2 2 2 2 2 2 2 2 2 2 2 2 2 2 2 2 2 2 2 0 2 2 2 2 2 2 2 2 2 2 2 2 2 2 2 2 2 2 2 2 2 0 2 0 2 2 2 2 2 2 0 2 2 2 2 2 2 2 2 2 2 2 2 2 2 2 2 2 0 2 2 2 2 2 2 2 2 2 2 2 2 2 2 2 2 2 2 2 2 2 2 2 2 2 2 2 2 2 2 2 2 2 2 2 2 2 2 0 2 2 2 2 2 2 2 2 2 0 1 2 2 2 2 2 2 2 2 2 2 2 2 2 2 2 2 2 2 2 2 2 2 2 2 2 2 1 2 2 2 0 2 2 2 2 2 2 2 2 2 2 0 2 2 2 2 0 2 2 2 2 2 2 2
113 0 0 2 0 0 0 0 0 2 2 0 0 0 2 0 0 0 0 0 0 2 0 0 2 0 2 0 0 0 0 2 0 0 0 0 0 0 0 2 0 2 0 0 2 2 2 0 0 0 2 2 0 2 0 0 0 0 0 2 0 2 2 0 2 0 0 0 0 2 0 2 2 0 2 0 0 2 0 0 2 0 0 0 0 0 0 2 2 0 0 0 2 0 1 0 0 0 0 0 2 0 0 0 2 0 2 0 2 2 0 0 0 0 0 2 0 0 0 0 0 0 0 2 0 0 0 2 2 0 0 0 0 0 0 0 0 2 0 0 2 2 0 0 0 2 0 0 0 0 0 0 0 0 0 0 0 0 0 0 0 0 0 0 0 2 0 0 1 0 0 0 0 2 0 0 0 0 0 0 2 0 0 0 0 0 0 0 2 0 2 1 0 2 2 0 0 0 0 0 0 0 0 0 0 0 0 0 0 0 0 0 0 2 2 2 0 0 1 0 2 0 2 0 0 0 0 0 0 0 0 0 0 2 0 0 2 0 2 0 0 0 0 0 2 0
114 0 0 0 2 0 0 0 2 2 0 2 0 0 0 0 0 2 2 2 0 2 0 2 0 0 0 2 0 2 2 2 0 2 0 2 1 2 0 2 2 2 2 0 0 0 0 0 2 0 0 2 2 0 0 2 2 2 0 0 0 2 0 2 0 0 0 0 0 2 2 2 0 0 0 2 2 0 0 2 2 2 2 2 0 0 0 0 2 0 2 2 2 2 0 2 2 0 2 2 0 0 2 0 2 2 2 2 0 0 0 0 2 0 0 0 2 0 2 0 2 0 2 0 2 0 0 2 2 2 0 0 0 0 2 2 0 2 0 2 2 0 2 0 0 0 0 2 0 0 2 0 0 2 2 0 0 2 2 0 2 0 0 0 2 2 0 2 1 0 2 0 2 2 0 2 2 2 2 2 0 0 0 0 2 0 0 0 0 2 0 0 2 2 2 0 0 0 0 0 0 2 0 0 0 2 0 0 2 0 2 0 0 0 0 2 2 0 1 0 2 2 2 0 2 0 2 2 0 0 2 2 0 0 0 0 2 2 0 0 2 0 0 2 2 2
115 0 0 0 2 0 0 0 2 2 2 2 0 0 2 0 0 2 2 2 0 2 0 2 2 0 0 2 0 2 2 0 0 2 0 2 1 2 0 2 2 2 2 0 0 2 0 0 2 0 0 0 2 0 0 2 2 0 0 0 0 2 2 2 0 0 0 0 0 2 2 2 0 0 0 2 2 0 0 2 2 2 0 2 0 0 0 0 2 0 2 2 2 2 0 2 2 0 2 2 0 0 2 0 0 2 0 2 0 0 0 0 2 0 0 0 2 0 0 0 2 0 2 0 2 0 0 2 2 2 0 0 0 0 2 2 0 2 0 2 2 2 2 0 0 0 0 2 0 0 2 0 0 2 2 0 0 2 2 0 2 0 0 0 2 2 0 2 1 0 2 0 2 2 0 2 2 2 2 2 2 0 0 0 2 0 0 0 0 2 2 1 2 2 2 0 0 0 0 0 0 2 0 0 0 2 0 0 2 0 2 0 0 0 0 0 2 0 0 0 2 2 0 0 2 0 2 2 0 0 2 2 0 2 0 0 2 2 2 0 2 0 0 2 2 2
116 2 0 0 0 2 2 0 2 2 2 2 2 2 2 2 2 2 2 0 2 2 2 0 2 2 2 2 2 2 0 2 2 0 2 2 2 2 0 2 0 2 0 2 2 2 0 2 0 2 2 2 2 2 2 0 0 0 0 0 2 2 2 2 2 2 2 0 2 2 0 2 2 2 2 2 0 0 2 0 2 2 2 2 2 2 2 0 2 2 2 2 2 0 1 2 0 2 2 2 0 0 2 0 2 2 2 2 2 2 0 2 0 2 2 2 2 2 2 2 0 0 2 2 2 2 0 2 2 2 2 2 2 2 0 2 2 2 2 0 2 2 2 2 2 2 2 2 2 2 2 2 2 2 2 0 2 2 2 2 0 2 2 2 2 2 2 2 2 2 0 2 2 2 2 2 2 2 2 0 2 2 2 2 2 2 2 2 2 2 2 2 2 2 2 2 2 2 2 2 2 2 2 2 2 2 2 2 2 2 2 2 2 0 2 0 0 2 1 2 2 2 0 2 0 2 0 2 2 0 2 2 2 2 2 2 2 2 2 2 2 2 2 2 2 2
117 2 2 2 2 2 0 2 0 2 0 2 2 2 0 0 2 0 2 2 2 2 2 2 0 2 2 0 2 2 2 2 2 2 2 0 2 2 2 2 2 2 2 2 2 0 2 2 0 2 0 2 2 2 2 2 2 2 2 2 0 2 0 2 2 2 2 2 2 2 2 2 0 2 2 0 2 2 2 2 2 2 2 2 2 2 2 2 2 2 0 2 2 2 2 2 2 2 2 0 2 2 2 2 2 2 2 2 2 2 2 2 2 2 0 0 2 2 2 2 2 2 2 0 2 2 2 2 2 2 2 2 2 0 2 2 2 2 2 2 2 0 2 2 2 2 2 2 0 1 2 2 0 2 1 2 2 0 0 2 2 2 2 2 2 0 2 0 2 2 2 2 2 2 2 0 2 2 0 2 0 2 2 2 0 2 2 2 2 2 1 1 2 2 2 0 2 2 2 2 2 2 2 2 2 2 0 2 2 2 0 0 0 2 2 2 2 2 2 2 2 2 2 2 2 2 2 2 2 2 2 2 2 0 0 0 2 2 0 2 2 2 2 2 0 2
118 2 2 2 2 2 2 2 0 2 2 2 2 2 2 2 2 2 2 2 0 2 2 2 2 2 0 2 2 2 2 2 2 0 2 2 2 0 2 2 2 2 0 2 2 2 2 2 2 0 2 2 2 0 2 2 2 2 2 2 2 2 2 2 2 2 2 2 2 0 2 2 2 2 0 2 2 2 2 2 2 0 2 2 2 2 2 2 2 0 2 2 2 0 2 2 0 2 2 0 2 2 2 2 2 0 2 0 2 0 2 2 2 2 2 2 0 2 2 2 0 2 0 2 2 2 2 2 2 2 2 2 2 2 0 2 2 2 2 0 0 2 0 2 2 2 2 2 2 2 2 2 2 0 2 2 2 2 2 2 2 2 2 2 2 2 2 0 2 2 2 2 2 0 2 0 2 2 2 2 2 2 2 2 2 2 0 2 2 2 2 2 2 2 2 0 2 2 2 0 0 2 0 2 2 2 0 2 2 2 2 2 2 2 2 2 2 2 2 2 2 2 2 2 2 2 2 2 2 2 2 2 2 2 2 2 2 2 2 2 2 2 0 2 2 0
119 2 2 2 2 2 2 2 2 2 0 2 2 2 0 2 2 2 2 2 2 2 2 2 0 2 2 2 2 2 2 2 2 2 2 2 2 2 2 2 2 2 2 2 2 0 2 2 2 2 2 2 2 2 2 2 2 2 2 2 2 2 0 2 2 2 2 2 2 2 2 2 0 2 2 2 2 2 2 2 2 2 2 2 2 2 2 2 2 2 2 2 2 2 2 2 2 2 2 2 2 2 2 2 2 2 2 2 2 2 2 2 2 2 2 2 2 2 2 2 2 2 2 0 2 2 2 2 2 2 2 2 2 2 2 2 2 2 2 2 2 0 2 2 2 2 2 2 2 2 2 2 2 2 2 2 2 2 2 2 2 2 2 2 2 2 2 2 2 2 2 2 2 2 2 2 2 2 2 2 0 2 2 2 2 2 2 2 2 2 0 1 2 2 2 2 2 2 2 2 2 2 2 2 2 2 2 2 2 2 2 2 2 2 2 2 2 2 2 2 2 2 2 2 2 2 2 2 2 2 2 2 2 0 2 2 2 2 0 2 2 2 2 2 2 2
120 2 2 0 2 2 2 2 0 0 0 2 0 2 0 2 2 2 0 2 0 0 0 2 0 2 2 2 0 0 2 0 0 2 2 2 1 2 2 0 0 2 2 2 0 0 0 2 2 0 0 2 2 2 2 2 2 0 2 0 0 0 0 0 0 2 2 2 2 2 0 2 0 2 2 2 2 0 0 2 2 2 0 2 2 2 2 0 0 2 2 2 0 0 0 2 2 0 2 0 0 2 2 2 0 2 2 2 0 2 2 2 2 2 2 0 2 2 0 0 2 0 0 0 2 0 2 0 2 2 2 2 2 2 2 2 2 2 0 0 2 0 2 2 2 2 2 2 2 1 2 0 0 0 2 2 2 2 2 2 2 2 2 0 2 2 2 2 0 2 2 2 2 2 2 2 2 0 2 2 0 2 2 2 2 2 2 2 2 2 0 0 2 0 2 2 2 0 0 2 0 2 2 2 0 2 2 0 2 2 2 2 0 0 2 0 0 2 1 0 0 2 0 2 2 2 2 2 2 0 2 2 2 0 2 0 2 2 0 0 2 2 2 0 2 2
121 0 0 2 2 0 0 0 0 0 0 0 2 0 2 0 0 0 2 0 0 0 2 0 2 0 0 0 2 2 0 2 2 0 0 2 0 0 0 2 0 0 0 0 0 0 2 0 0 2 0 2 0 2 0 0 0 0 0 2 0 0 0 0 0 0 0 0 0 0 0 0 0 2 2 0 0 2 2 0 0 2 0 0 2 0 0 2 0 0 2 0 2 0 2 0 0 0 0 0 2 0 0 0 2 0 0 0 2 0 0 0 0 0 0 2 0 0 0 0 0 0 0 0 0 0 0 0 0 0 2 0 0 0 0 0 0 0 0 2 0 0 2 0 0 0 0 0 0 0 2 0 0 0 0 0 0 0 0 0 0 2 2 0 0 0 0 0 0 0 0 0 0 0 0 0 2 0 0 0 0 0 2 0 0 0 0 0 0 0 0 0 2 0 0 0 0 2 2 0 0 0 0 0 0 0 0 0 2 0 0 0 0 2 0 2 0 0 1 0 0 0 0 0 0 2 0 2 0 0 0 2 2 0 0 0 0 0 0 0 0 0 2 0 0 2
122 0 2 2 2 2 2 2 2 2 0 2 2 2 2 2 2 2 2 2 0 2 2 2 2 2 2 2 2 2 2 0 2 0 2 2 2 2 2 2 0 2 0 2 2 0 2 2 0 2 0 2 0 2 2 2 2 2 2 2 2 2 0 2 2 2 2 2 2 2 2 2 0 2 2 2 2 2 2 0 2 2 2 2 2 2 2 2 2 2 2 2 2 2 2 2 0 2 2 2 2 2 2 2 0 2 2 2 2 2 2 2 2 0 2 2 0 2 2 2 0 2 0 0 2 2 2 2 2 2 2 2 2 2 0 2 2 0 2 2 2 0 2 2 2 2 2 0 2 2 2 2 2 2 2 2 2 2 2 2 2 2 2 2 2 2 2 2 2 2 2 2 2 2 2 2 2 2 2 2 0 2 2 2 2 2 2 2 0 2 0 1 2 2 2 2 2 2 2 2 2 2 2 2 2 2 2 2 0 2 2 2 2 2 2 2 2 2 2 2 2 2 2 2 2 2 2 2 2 2 2 0 2 0 2 2 0 2 0 2 2 2 2 2 2 2
123 2 2 2 2 2 0 2 2 2 2 2 2 2 2 0 2 2 2 2 2 2 2 2 2 2 2 2 2 2 2 2 2 2 2 2 2 2 2 2 2 2 2 2 2 2 2 2 2 2 2 2 2 2 2 2 2 2 2 2 2 2 2 2 2 2 2 2 2 2 2 2 2 2 2 2 2 2 2 2 2 2 2 2 2 2 2 2 2 2 2 0 2 2 2 2 2 2 2 2 2 2 2 2 2 2 2 0 2 2 2 2 2 2 2 2 2 2 2 2 2 2 2 2 2 2 2 2 2 2 2 2 2 0 2 0 2 2 2 2 2 2 2 2 2 2 2 2 2 1 2 2 2 2 2 2 2 2 2 2 2 2 2 2 2 2 2 0 2 2 2 2 0 2 2 0 2 2 2 2 2 2 2 0 2 2 2 2 2 2 2 2 2 2 2 2 2 2 2 2 2 2 0 2 2 0 2 2 2 2 2 2 2 2 2 2 2 2 2 2 2 2 2 2 2 2 2 2 2 2 2 2 2 2 2 2 2 2 2 2 2 2 2 2 0 2
124 0 0 2 0 0 0 0 0 0 0 0 2 0 0 0 0 0 2 0 2 0 2 0 0 0 0 0 2 2 0 0 2 0 0 0 0 0 0 0 0 0 0 2 0 0 2 0 0 2 0 0 0 0 0 0 0 0 0 2 0 0 0 0 0 2 0 0 0 0 0 2 0 0 0 0 0 2 2 0 0 0 0 0 0 0 0 2 0 0 0 0 0 0 0 0 0 0 0 0 2 0 0 0 0 0 2 0 0 0 0 0 0 0 0 2 2 0 0 0 0 0 0 0 0 0 0 0 0 0 0 2 0 0 0 0 0 2 0 2 0 0 0 0 0 0 0 0 0 0 2 0 0 0 0 0 0 0 0 0 2 0 2 0 0 0 0 0 1 0 2 0 0 0 0 0 0 0 0 2 0 0 0 0 0 0 0 0 0 0 0 0 0 0 0 0 0 0 0 0 0 0 0 0 0 0 0 0 0 0 0 0 0 2 0 0 0 0 0 0 2 0 0 0 0 2 0 0 0 0 0 0 0 0 0 0 0 0 0 0 0 0 0 0 0 0
125 2 2 2 2 2 2 2 0 2 2 2 2 2 2 0 2 2 2 2 2 2 2 2 2 2 2 2 2 2 2 2 2 2 2 2 2 2 2 2 2 2 2 2 0 2 2 2 2 2 2 2 2 2 2 2 2 2 2 2 2 2 2 2 2 2 2 2 2 2 2 2 2 2 2 2 2 2 2 2 2 2 2 2 2 2 0 2 2 2 2 2 2 2 2 2 2 2 2 0 2 2 0 2 2 0 2 2 2 0 2 2 2 2 2 2 2 0 2 2 2 2 2 2 2 2 2 2 2 0 2 2 2 0 2 0 0 2 2 2 2 2 2 2 2 0 2 2 0 1 2 2 0 2 2 2 2 2 2 2 2 2 2 2 0 2 2 0 2 2 2 2 0 2 2 2 2 2 2 2 2 2 2 0 2 2 0 2 2 0 2 2 2 2 2 2 0 2 2 2 2 0 2 0 0 0 2 2 2 2 2 2 2 2 0 2 2 0 2 2 2 2 2 2 2 2 2 2 2 2 2 2 2 2 2 2 2 2 2 2 2 0 2 2 2 2
126 2 2 2 2 2 2 2 2 2 2 2 0 2 2 2 2 2 0 2 0 0 0 2 2 2 2 2 0 0 2 2 0 2 2 2 2 2 2 2 2 2 2 2 2 2 2 2 2 2 2 0 2 2 2 2 2 2 2 2 0 2 2 2 2 2 2 2 2 2 2 2 2 2 2 2 2 2 0 2 0 2 2 2 2 2 2 2 2 2 2 2 2 2 2 2 2 2 2 2 2 2 2 2 2 2 2 2 2 2 2 2 2 2 2 2 2 2 2 2 2 2 2 2 2 2 2 2 2 2 2 2 2 2 2 2 2 2 2 2 2 2 2 2 2 2 2 2 2 2 2 2 2 2 2 2 0 2 2 2 2 2 2 2 2 2 2 2 2 2 2 2 2 2 2 2 2 2 2 2 2 2 2 2 2 2 2 2 2 2 2 2 2 2 0 2 2 2 2 2 2 2 2 2 2 2 2 2 2 2 2 2 2 2 2 2 2 2 2 2 2 2 2 2 2 2 2 2 2 2 2 2 2 2 2 2 2 2 2 2 2 2 2 2 2 2
127 2 2 0 2 2 2 2 2 2 2 2 2 2 2 2 2 2 2 2 2 2 2 2 2 2 0 2 2 2 2 2 2 2 2 2 2 2 2 2 2 2 2 2 2 2 0 2 2 0 2 2 2 2 2 2 2 2 2 0 2 2 2 2 2 2 2 2 2 2 2 2 2 2 2 2 2 0 2 2 2 0 2 2 2 2 2 0 2 2 2 2 2 2 2 2 2 2 2 2 0 2 2 1 2 2 2 2 2 2 2 2 2 2 2 2 2 0 2 2 2 2 2 2 0 2 2 2 0 2 0 2 2 0 2 2 2 2 2 2 2 2 0 2 2 2 2 2 0 2 2 2 2 2 2 2 2 2 2 2 2 2 2 2 0 2 2 2 2 2 2 2 0 2 2 2 2 2 2 2 2 2 2 2 2 2 2 2 2 2 2 2 2 2 2 2 0 2 2 2 0 2 2 2 2 2 2 2 2 2 2 2 2 0 2 2 2 2 2 2 2 2 2 2 2 2 2 2 0 2 2 2 0 2 2 2 2 0 2 2 2 0 2 2 2 0
128 2 2 2 2 2 2 2 2 2 2 2 2 2 2 2 2 2 2 2 2 2 2 2 2 2 0 0 2 2 2 2 2 2 0 0 1 0 2 2 2 2 2 2 2 2 2 2 2 2 2 2 2 2 2 2 2 0 2 2 2 2 2 2 2 2 2 2 2 2 2 2 2 2 2 2 2 2 2 2 2 2 2 2 2 2 0 2 2 2 0 0 2 0 2 0 2 2 2 2 2 2 2 2 2 2 2 2 2 2 2 2 2 2 2 2 2 0 2 2 2 2 2 2 2 2 2 2 2 2 2 2 2 0 2 2 0 0 2 2 2 2 2 2 2 2 2 2 2 2 2 2 0 2 2 2 2 2 2 2 2 2 2 2 2 2 0 0 2 2 2 2 2 2 2 2 2 2 2 2 2 2 2 2 0 2 2 2 2 2 2 2 2 2 2 2 0 2 2 2 2 2 2 2 2 2 2 2 0 2 2 0 2 2 2 2 2 2 2 2 2 2 2 2 0 2 2 2 2 2 0 0 2 2 2 2 2 2 2 2 2 0 2 2 0 2
129 2 2 2 2 2 2 2 2 2 2 2 2 2 2 2 2 2 2 2 2 2 2 2 2 0 2 2 2 2 2 2 2 2 2 0 0 2 2 2 2 2 2 2 2 2 2 0 2 2 2 2 2 2 0 2 2 2 2 2 2 2 2 2 2 0 2 2 2 2 2 2 2 2 2 2 2 2 2 2 2 2 2 2 2 2 2 2 2 0 0 2 2 2 2 2 2 2 2 2 2 2 2 2 2 2 2 0 2 2 2 2 2 2 2 0 2 2 2 2 2 2 2 2 2 2 2 2 2 2 0 0 2 2 2 2 2 2 2 0 2 2 0 2 2 2 0 2 2 1 2 2 2 2 2 2 2 2 2 2 2 2 2 0 2 2 2 2 0 2 2 2 2 0 2 2 2 2 2 2 2 2 0 2 2 2 0 2 2 2 2 2 0 2 2 2 2 2 2 2 2 2 0 2 2 2 2 2 2 0 2 2 2 2 2 2 2 2 2 2 0 2 2 2 2 2 2 0 0 2 2 2 0 2 0 2 2 2 2 2 2 2 2 0 2 0
130 0 0 2 2 0 2 0 0 2 0 0 2 0 2 2 0 2 0 2 2 2 2 0 2 2 0 2 2 0 2 0 2 2 2 2 2 2 0 2 2 2 2 2 2 0 2 2 0 2 2 0 0 0 2 0 0 2 0 2 2 2 0 2 2 0 0 0 0 2 2 2 0 2 0 2 2 2 2 0 2 2 0 2 2 2 2 2 2 2 2 2 2 2 2 2 2 0 2 0 2 2 2 0 0 0 0 2 2 2 0 0 2 2 0 0 2 0 2 0 2 0 2 2 0 2 0 2 2 2 0 0 0 2 2 2 2 0 2 2 2 0 2 2 0 2 2 0 2 2 2 0 2 2 0 0 2 0 0 0 2 2 2 2 2 0 2 0 2 2 2 0 2 0 2 2 2 2 0 2 0 2 0 2 2 2 2 2 0 0 0 1 0 2 2 2 2 0 2 2 2 0 0 2 2 2 2 2 2 2 2 2 2 2 2 2 0 2 1 0 2 2 0 0 2 2 2 0 2 0 2 2 0 0 2 2 2 2 0 0 0 0 2 2 2 2
131 0 2 0 0 2 2 2 2 0 2 2 0 2 2 2 2 2 2 2 0 0 0 2 2 2 0 2 0 2 2 0 0 2 2 2 2 2 2 2 0 0 2 2 0 2 0 0 2 0 2 0 0 2 0 2 2 2 2 0 0 0 2 2 0 2 2 2 2 2 2 2 0 0 2 2 2 0 0 2 2 0 2 2 0 0 2 0 2 0 2 2 2 2 2 0 2 2 2 2 0 2 2 2 0 2 2 2 2 2 2 2 2 2 0 2 2 2 0 2 2 2 2 0 0 2 2 0 2 2 2 2 2 2 2 0 2 2 2 2 2 2 2 2 2 2 2 0 2 2 2 2 2 2 2 2 2 2 2 2 2 2 2 2 2 2 2 2 1 2 2 0 2 2 0 2 2 2 2 2 2 2 2 0 2 0 2 2 2 2 2 2 2 2 2 2 2 2 2 2 0 2 2 2 2 0 2 2 2 0 0 2 2 0 2 2 2 2 2 2 0 0 2 2 2 2 2 2 2 2 2 2 2 2 2 2 2 2 2 2 0 2 0 0 2 2
132 2 2 2 2 0 2 0 2 2 2 0 2 0 2 2 2 0 2 2 2 2 2 0 2 2 2 0 2 2 2 2 2 2 2 0 1 2 2 2 2 2 2 2 2 2 2 2 2 2 2 2 2 2 2 0 0 2 2 2 2 2 2 2 2 2 0 2 2 2 0 2 2 2 2 0 2 2 2 0 2 2 2 0 2 2 2 2 0 2 0 2 2 2 0 2 2 0 2 2 2 2 2 2 2 2 2 0 0 2 2 0 0 2 2 0 2 0 2 2 2 0 0 2 2 2 0 2 2 0 2 2 0 2 2 2 2 2 2 2 2 2 2 2 0 2 2 2 2 2 2 2 0 2 2 2 2 0 0 0 2 2 0 2 2 2 2 2 2 2 2 2 2 2 2 0 0 0 2 2 2 2 2 2 0 2 2 0 2 2 2 2 0 0 2 2 2 0 0 2 2 2 2 2 2 2 2 2 2 2 2 2 2 2 2 0 0 2 0 2 2 2 0 2 2 0 0 0 2 2 2 2 2 2 2 2 2 2 2 2 2 0 2 2 2 2
133 0 2 0 0 0 2 0 0 0 2 0 0 0 2 2 0 0 0 0 0 0 0 0 2 0 0 0 0 0 0 0 0 2 2 0 0 2 2 2 0 0 2 2 0 2 0 0 0 0 2 0 0 0 0 0 0 0 2 0 0 0 2 0 0 0 0 2 0 2 0 2 0 0 0 0 0 0 0 0 0 0 0 0 0 0 2 0 0 0 0 0 2 2 0 0 2 0 2 0 0 0 0 2 0 0 2 0 0 2 2 0 0 2 0 0 2 0 0 0 2 0 0 0 0 2 0 0 0 0 2 0 0 2 2 0 2 0 2 2 2 2 0 2 0 2 0 0 2 1 2 2 0 2 2 2 2 0 0 0 2 0 0 0 0 2 2 2 0 0 2 0 0 2 0 0 0 0 2 2 2 0 2 0 0 0 2 0 2 2 2 1 0 0 0 2 2 0 0 2 0 2 2 2 2 0 0 0 2 0 0 2 0 0 2 0 0 2 0 2 0 0 0 0 2 0 0 0 2 2 2 2 2 2 2 0 2 0 2 0 0 0 0 0 2 0
134 2 2 2 2 2 2 2 0 2 2 2 2 2 2 2 0 2 0 2 2 2 2 2 2 0 2 2 2 0 2 2 2 2 2 2 0 2 2 2 2 2 2 2 2 2 2 2 0 2 2 2 2 0 2 2 2 2 2 2 2 2 2 2 2 0 2 2 0 2 2 2 2 2 0 2 2 2 2 2 2 2 0 2 2 2 2 2 2 2 2 2 2 2 2 2 2 2 2 0 2 0 0 2 2 0 2 2 2 2 2 2 2 2 2 2 2 2 2 2 2 2 2 2 2 2 2 2 0 2 0 0 2 2 2 2 2 0 2 2 2 2 0 2 2 2 2 2 2 2 2 1 2 2 2 0 2 2 2 2 2 2 2 0 0 2 2 2 1 0 2 2 2 2 2 2 2 2 2 2 2 0 2 2 2 2 2 2 0 2 2 2 2 2 2 2 2 2 2 2 2 2 2 2 2 2 0 2 2 2 2 2 2 2 2 2 2 2 1 0 2 2 2 0 2 2 2 2 2 0 2 2 0 2 2 2 2 2 2 2 2 2 2 2 2 0
135 0 0 0 0 0 0 0 0 0 0 0 0 0 0 0 0 0 0 0 2 0 0 0 0 0 0 0 0 0 0 0 0 0 0 0 0 0 0 0 0 2 0 0 0 0 0 2 0 0 0 0 0 0 0 0 0 2 0 0 0 0 0 0 0 0 0 0 0 2 0 0 0 0 0 0 0 0 0 0 0 0 2 0 0 2 0 0 0 0 0 0 0 0 0 2 0 0 0 0 0 0 0 0 0 0 0 0 0 0 0 0 0 2 0 0 2 0 0 0 0 0 0 0 0 0 0 0 0 0 0 0 0 0 0 0 0 2 0 0 0 0 0 0 0 0 0 0 0 0 0 0 0 0 0 0 0 0 0 0 0 0 0 0 0 0 0 0 0 0 0 0 2 0 0 0 0 0 0 0 0 2 0 0 0 0 0 0 0 0 0 0 0 0 0 0 0 0 0 0 0 0 0 0 2 0 0 0 0 2 0 0 0 0 0 0 0 0 0 0 0 0 0 0 0 0 0 0 0 0 0 0 0 0 0 0 2 0 0 0 0 0 0 0 0 0
136 2 2 2 2 2 0 2 2 2 2 2 2 2 2 2 2 2 2 0 2 2 2 2 2 2 2 2 2 2 0 2 2 2 2 2 2 2 2 2 2 0 2 2 2 2 2 2 2 2 2 2 2 2 2 2 2 2 2 2 2 2 2 2 2 2 2 2 2 2 2 2 2 0 2 2 0 2 2 2 2 2 2 2 0 2 2 2 2 2 2 2 2 2 2 2 2 2 2 2 2 2 2 2 2 2 2 2 2 2 2 2 2 2 2 2 2 2 2 2 2 2 2 2 2 2 2 2 2 2 2 2 2 2 2 2 2 2 2 0 2 2 2 2 2 2 0 2 2 1 2 2 2 2 2 2 2 2 2 2 2 2 2 2 2 2 2 2 2 2 2 2 2 2 2 2 0 2 2 2 2 2 2 2 2 2 2 2 2 2 2 2 0 2 2 2 2 2 0 2 2 2 2 2 2 2 2 2 2 2 2 2 2 2 2 2 2 2 2 2 2 2 2 2 2 2 2 0 2 2 2 2 2 2 2 2 2 0 2 2 2 2 2 2 2 2
137 2 2 2 2 2 2 2 2 2 2 2 2 2 2 2 2 2 2 2 2 2 2 2 2 2 2 2 2 2 2 0 2 2 2 2 2 2 2 2 2 2 2 2 2 2 2 2 2 2 2 2 2 0 2 2 2 2 2 2 2 2 2 2 2 2 2 2 2 2 2 2 2 2 0 2 2 2 2 2 2 2 2 2 2 2 2 2 2 2 2 2 2 2 2 2 2 2 2 2 2 2 2 2 0 2 2 2 2 2 2 0 2 2 2 2 2 2 2 2 2 2 2 2 2 2 2 2 2 2 0 2 0 2 2 2 2 2 2 2 2 2 2 2 2 2 0 2 2 2 2 2 2 2 2 2 2 2 2 2 2 2 0 2 2 2 2 2 2 2 2 2 2 2 2 2 2 2 2 2 2 2 2 2 2 2 2 2 0 2 2 2 2 2 2 2 2 2 2 2 2 2 2 2 2 2 2 2 2 2 2 2 2 2 2 0 2 2 2 2 2 2 2 2 2 0 2 2 2 2 2 2 0 2 2 2 2 2 2 2 2 2 2 2 2 2
138 0 2 0 0 0 2 0 0 0 0 0 0 0 2 0 2 1 0 0 0 0 0 0 2 2 0 2 0 0 0 0 0 0 2 0 2 0 2 0 0 0 0 0 2 0 0 0 0 0 0 0 0 2 2 0 0 2 2 0 0 2 0 0 0 0 0 2 0 0 0 0 0 0 2 0 0 0 0 0 2 0 2 0 0 0 0 0 0 2 0 0 0 0 0 0 0 2 2 0 0 2 2 2 0 2 0 2 0 2 2 0 0 0 2 0 0 0 0 0 0 2 0 0 2 0 0 2 0 0 0 0 0 0 0 2 0 0 0 0 0 0 0 0 0 0 0 0 0 1 0 0 0 0 0 0 2 2 0 0 2 0 0 2 2 0 0 0 1 0 2 0 2 0 0 0 0 0 0 2 0 2 0 0 2 0 2 0 2 0 0 0 2 0 0 2 0 0 0 2 2 0 0 0 0 2 0 0 0 0 0 2 0 0 0 0 0 0 0 0 0 0 0 0 0 0 0 2 0 0 0 0 0 0 0 0 0 2 0 0 0 0 0 1 2 0
139 2 2 2 0 2 2 2 2 2 2 2 2 2 2 2 2 2 2 2 2 2 2 2 2 2 2 2 2 2 2 2 2 2 2 2 2 2 2 2 2 2 2 2 2 2 2 2 2 2 2 0 2 2 0 2 2 2 2 2 2 2 2 2 0 0 2 2 2 2 2 2 2 2 2 2 2 2 2 2 2 2 2 2 2 2 2 2 0 2 2 2 2 2 2 2 2 2 2 2 2 2 2 2 2 2 2 2 0 0 2 2 2 2 2 2 2 2 2 2 2 2 2 2 0 2 2 2 2 2 2 2 2 2 2 2 2 2 2 2 2 2 2 2 2 2 2 2 2 2 2 2 2 2 2 2 2 2 2 2 2 2 2 2 2 2 2 2 2 2 2 2 2 2 2 2 2 2 2 2 2 2 2 2 2 2 2 2 2 2 2 2 2 0 2 2 2 2 2 2 2 2 2 0 2 2 2 2 0 2 2 2 2 2 2 2 2 0 2 2 2 2 2 2 2 2 2 2 2 2 2 0 2 2 2 2 2 2 2 2 2 2 2 0 2 2
140 2 2 2 2 2 0 2 0 2 2 2 2 2 2 2 2 0 2 2 2 2 2 2 2 2 2 2 2 2 2 2 2 2 2 2 2 2 2 2 2 2 2 2 2 2 2 2 2 2 2 2 2 2 2 2 2 2 2 2 2 2 0 2 2 2 2 2 2 2 2 2 2 0 2 0 2 2 2 2 0 0 0 2 0 2 2 2 2 2 2 2 2 2 2 2 2 2 2 0 2 2 2 2 2 2 0 2 2 2 2 2 2 2 0 2 0 2 2 2 2 2 2 2 0 2 2 2 2 0 2 2 2 2 2 2 2 2 2 2 0 2 0 2 2 0 2 2 2 1 2 2 2 2 2 2 2 2 0 2 0 2 2 2 2 0 2 0 2 2 0 2 2 0 2 2 2 2 2 0 2 2 0 2 2 2 2 2 2 2 2 2 2 2 0 2 2 2 2 2 2 0 0 2 2 2 2 2 2 2 0 2 2 2 0 0 2 2 2 2 2 2 2 2 2 2 2 2 2 2 0 2 2 2 2 2 2 2 2 2 2 2 2 2 2 2
141 0 2 0 0 0 0 0 0 0 0 0 2 0 2 2 0 0 0 0 0 0 2 2 2 0 0 0 2 0 0 0 2 0 0 0 0 0 2 0 0 0 0 0 0 0 0 0 0 0 0 0 0 0 0 2 2 0 2 0 2 0 0 0 0 0 0 2 0 0 0 0 0 0 0 0 0 0 2 0 2 0 0 0 0 0 0 0 0 0 0 0 0 0 0 2 0 0 0 0 0 0 0 2 0 0 0 0 0 0 2 0 0 0 0 0 0 0 2 0 0 0 0 0 0 0 0 2 0 0 0 2 0 0 0 0 0 0 2 0 0 0 0 0 0 0 0 0 0 1 0 0 0 0 0 0 0 0 0 0 0 0 0 0 0 0 0 0 0 0 0 0 0 0 0 0 0 0 0 0 0 2 0 0 0 0 0 0 0 0 0 0 0 0 2 0 0 0 0 0 0 0 0 0 0 0 0 0 2 0 0 0 0 0 0 0 0 0 0 0 0 0 0 0 0 0 0 0 0 0 0 2 0 0 0 0 0 0 0 0 0 0 0 2 0 0
142 2 2 2 2 0 2 2 2 2 2 2 2 0 2 2 2 2 2 2 2 2 2 2 2 2 2 2 2 2 2 2 2 2 2 2 2 2 2 2 2 2 2 2 2 2 2 2 2 2 2 0 2 2 2 2 2 2 2 2 2 0 2 2 2 2 0 2 2 2 2 2 2 2 2 2 2 2 2 2 2 2 2 0 2 0 2 2 2 2 2 2 2 2 2 2 2 0 2 2 2 2 2 2 2 2 2 2 2 0 2 2 2 2 2 2 2 2 2 2 2 0 2 2 2 2 2 2 2 2 2 2 2 1 2 2 2 2 2 2 0 2 2 2 2 2 2 2 2 2 0 2 2 0 2 2 2 0 2 2 2 2 2 2 2 2 2 2 1 2 2 2 2 2 2 2 2 2 2 2 2 0 2 2 2 2 2 2 2 2 2 2 2 2 2 2 2 2 2 2 2 2 2 0 2 2 2 2 0 2 2 2 2 2 2 2 2 0 2 2 0 2 2 2 2 2 0 2 2 2 2 0 2 2 2 2 2 2 2 2 2 2 2 0 2 2
143 0 0 0 2 0 0 0 0 0 0 0 0 0 0 0 0 0 0 0 0 0 0 0 0 0 2 0 0 0 0 0 0 0 2 0 0 0 0 0 2 0 0 2 0 0 0 0 0 0 0 0 0 0 0 0 0 2 0 0 0 0 0 0 2 0 0 0 0 0 2 2 0 0 0 0 0 0 0 0 0 0 0 0 0 0 0 0 0 2 0 0 0 0 0 0 0 0 0 0 0 0 0 0 0 0 0 0 0 2 0 0 0 0 2 2 0 0 0 2 0 0 0 0 2 0 0 0 0 0 2 0 0 0 0 0 0 0 0 2 0 0 0 0 2 0 0 0 2 0 0 0 0 2 0 0 0 0 0 2 0 0 0 0 0 0 2 0 0 0 0 2 0 0 0 0 0 0 0 0 0 2 0 0 0 0 0 0 2 0 0 0 0 0 0 0 0 0 0 0 0 0 0 0 0 0 0 2 0 0 0 0 0 0 0 0 0 0 0 0 0 0 0 0 0 0 0 0 0 2 2 0 2 0 0 0 2 0 0 2 0 0 0 0 0 0
144 2 2 2 2 2 0 2 0 2 2 2 2 2 2 0 0 2 0 2 2 2 2 2 2 2 2 0 2 0 2 2 2 2 0 2 1 2 2 2 2 0 2 2 2 2 2 2 2 2 2 2 2 2 2 2 2 2 2 2 2 2 0 2 2 2 2 2 2 2 0 2 2 2 2 2 2 2 2 2 2 2 2 2 2 2 0 2 2 2 2 0 2 2 2 2 2 2 2 0 2 0 2 2 2 2 2 0 2 0 2 2 2 2 2 2 2 0 2 2 2 2 2 2 2 2 2 2 2 2 0 2 2 0 2 2 2 2 2 2 2 2 0 0 2 2 2 2 0 1 2 0 2 2 0 2 2 2 0 2 2 2 0 2 0 0 0 0 2 2 2 2 0 0 2 2 0 2 0 2 2 2 2 0 0 2 0 2 0 2 2 2 0 2 2 0 0 2 2 0 2 2 0 2 2 2 0 2 2 2 2 0 2 2 2 2 2 2 2 2 2 2 2 2 2 0 2 0 2 0 2 2 0 2 2 2 0 0 2 2 2 0 0 0 0 0
145 2 2 2 2 2 2 2 2 2 2 0 0 2 0 2 2 2 2 2 2 0 0 2 0 2 2 2 0 2 2 2 0 2 2 2 2 2 2 2 2 2 2 0 2 2 2 2 2 2 2 2 2 2 2 2 2 0 2 2 2 2 2 2 2 2 2 2 2 2 2 0 2 2 2 2 2 2 0 2 0 2 2 2 2 2 2 2 2 2 2 2 2 2 2 2 2 2 2 2 2 2 2 2 2 2 2 2 2 2 2 2 2 2 2 2 2 2 2 2 2 2 2 2 2 2 2 2 2 2 2 2 2 2 2 2 2 2 2 2 2 2 2 2 2 2 2 2 2 2 2 2 2 2 2 2 2 2 2 2 2 2 2 2 2 2 2 2 2 2 2 2 2 2 2 2 2 2 2 2 2 2 2 2 2 2 2 2 2 2 2 2 2 2 2 2 2 2 2 2 2 2 2 2 2 2 2 2 2 2 2 2 2 2 2 2 2 2 2 2 2 2 2 2 2 2 2 2 2 2 2 2 2 2 2 2 2 2 2 2 2 2 2 2 2 2
146 2 2 2 2 2 2 2 2 2 2 2 2 2 2 0 2 2 2 2 2 2 2 2 2 2 2 2 2 2 2 2 2 2 2 2 2 2 2 2 2 2 2 2 2 2 2 2 2 2 2 2 2 2 2 2 2 2 2 2 2 2 2 2 2 2 2 2 2 2 2 2 2 2 2 2 2 2 2 2 2 2 2 2 2 2 2 2 2 2 2 2 2 2 2 2 2 2 2 2 2 0 0 2 2 2 2 2 2 2 2 2 2 2 2 2 2 0 2 2 2 2 2 2 2 2 2 2 0 2 2 2 2 2 2 2 2 2 0 2 2 2 2 2 2 2 2 2 2 1 2 2 2 2 2 2 2 2 2 2 2 2 2 2 2 2 2 2 2 2 2 2 2 2 2 2 2 2 2 2 2 0 2 2 2 2 2 2 2 0 2 2 2 2 2 2 2 2 2 2 2 2 2 2 2 2 0 2 2 2 2 2 2 2 2 2 2 2 2 2 2 2 2 2 2 2 2 2 0 2 0 2 2 2 2 2 2 0 2 2 0 0 0 2 0 0
147 0 0 2 0 0 0 2 2 0 2 2 2 0 2 0 0 2 2 2 0 2 2 0 2 0 2 2 2 2 2 0 2 0 0 2 1 0 0 2 2 0 0 2 2 2 2 2 0 2 2 0 2 2 2 0 0 0 0 2 2 0 0 0 2 2 0 0 2 2 0 2 2 0 2 2 2 2 2 0 2 2 2 0 0 2 2 2 0 2 2 2 2 0 0 2 0 0 2 2 2 2 2 0 0 2 2 2 0 2 0 0 0 0 2 2 2 2 0 2 0 0 2 2 0 0 2 0 2 2 2 2 0 2 0 2 2 0 0 2 2 2 2 2 0 0 2 0 2 0 2 0 2 0 2 0 2 0 2 0 2 2 2 0 0 2 2 0 0 0 2 2 2 2 0 0 0 2 2 2 0 2 0 2 2 0 2 0 2 2 2 1 2 0 2 2 2 0 0 2 2 2 2 2 0 2 2 0 2 2 2 2 0 2 0 0 2 2 1 0 0 2 0 2 0 2 0 2 2 0 2 2 2 0 2 0 2 0 0 2 2 2 2 2 2 2
148 2 0 2 2 2 0 0 2 2 0 2 2 2 2 2 0 0 2 2 0 2 2 2 2 2 0 2 2 2 2 0 2 0 0 0 2 0 0 2 2 2 0 2 2 0 2 2 2 2 2 2 2 0 2 2 2 2 0 2 0 2 0 0 2 2 2 0 2 2 0 2 2 0 0 0 2 2 2 2 2 2 2 0 0 2 0 2 2 2 0 2 2 2 0 0 0 0 0 2 2 0 2 0 0 0 2 0 2 2 0 2 0 0 0 2 0 2 2 2 0 0 2 2 2 0 0 1 0 2 2 2 0 2 0 2 2 2 0 0 2 0 2 2 2 2 0 2 2 1 2 2 2 2 0 2 2 0 2 2 2 2 2 2 0 2 2 0 2 2 2 2 2 0 0 2 0 2 0 2 2 0 0 2 2 0 2 0 2 0 0 0 2 2 2 0 2 2 0 2 0 0 0 0 0 2 0 0 2 2 0 0 0 2 2 2 0 0 1 0 2 2 0 2 2 2 0 2 0 2 0 2 2 2 0 0 0 0 2 2 0 2 0 0 0 0
149 2 0 0 2 0 2 0 0 2 0 2 2 0 0 2 0 0 0 0 2 0 2 2 0 0 2 2 2 0 0 2 2 0 0 2 1 0 0 2 0 2 0 2 2 0 0 2 2 0 2 2 2 0 2 2 2 0 0 0 2 2 0 0 0 0 0 0 0 0 0 2 0 2 0 0 0 0 2 2 2 2 2 0 2 0 2 0 0 2 2 2 2 2 0 0 0 0 2 0 0 2 2 0 2 2 2 2 2 0 0 0 0 0 0 2 0 2 0 2 0 0 2 0 2 0 0 2 2 2 2 0 0 2 0 2 0 2 0 2 2 0 2 2 0 2 0 0 0 1 2 2 2 2 2 2 2 0 2 0 2 2 0 0 2 2 0 0 2 2 2 0 2 0 0 0 0 0 2 2 0 2 2 2 2 0 2 0 2 2 0 0 2 0 2 0 2 0 0 0 2 2 0 0 0 2 2 0 0 2 0 2 0 0 2 2 2 0 1 0 2 0 0 0 2 0 0 2 2 2 2 0 2 0 2 0 0 2 0 2 2 2 2 2 2 2
150 2 2 2 2 2 0 2 2 2 2 0 2 2 2 2 2 2 2 2 2 2 2 2 2 2 2 2 2 2 2 2 2 2 2 2 2 2 2 0 2 2 2 2 2 2 2 2 2 2 2 2 2 2 2 2 2 2 2 2 2 2 2 2 2 2 2 2 2 2 2 2 2 2 2 2 2 2 2 2 2 2 2 2 2 2 2 2 2 2 2 2 0 2 2 2 2 2 2 2 2 2 2 2 2 2 0 2 2 2 2 2 2 2 2 2 2 2 2 0 2 2 2 2 2 2 2 2 2 2 2 2 2 2 2 2 2 2 2 2 2 2 2 2 2 2 0 2 2 1 2 2 2 2 2 2 2 0 2 2 2 2 0 2 2 2 2 2 2 2 2 0 2 2 2 0 2 2 2 2 2 2 2 2 2 2 2 2 0 2 2 2 2 2 2 2 2 2 2 2 2 2 2 2 2 2 2 2 2 2 0 2 2 2 2 2 2 2 2 2 2 2 2 2 2 0 2 2 2 0 2 2 2 2 2 2 2 0 2 0 2 2 2 2 2 2
151 2 2 2 0 2 2 2 2 2 2 0 0 2 2 0 2 0 0 2 2 2 0 2 2 2 2 0 0 0 2 2 0 0 2 0 2 2 2 2 2 2 0 2 0 2 2 2 2 2 2 2 2 0 2 2 2 2 2 2 2 2 2 0 2 2 2 2 2 2 2 2 2 2 0 0 2 2 0 2 2 2 0 2 2 2 0 2 2 2 0 2 2 2 2 0 0 2 2 2 2 0 0 2 2 2 2 2 2 0 2 2 0 2 2 2 2 2 2 2 0 2 2 2 2 0 2 2 2 0 2 2 2 0 0 2 0 2 2 0 2 2 2 0 2 2 0 2 2 1 2 2 0 2 2 2 2 0 0 2 2 2 2 2 2 2 2 0 2 2 2 2 0 0 0 2 2 2 2 2 2 2 2 2 0 0 2 2 0 2 2 2 2 2 2 2 0 2 2 0 0 2 0 2 2 2 2 2 2 2 2 0 2 2 2 2 0 2 2 2 2 2 2 2 2 2 2 2 2 2 2 2 2 2 0 2 2 2 2 2 0 2 2 0 0 2
152 2 2 2 2 2 2 2 2 2 2 2 2 2 2 2 2 2 2 2 2 2 2 2 2 2 2 2 2 2 2 2 2 0 2 2 2 2 2 2 2 2 0 2 2 2 2 2 2 2 2 2 2 2 2 2 2 2 2 2 2 2 2 0 2 2 2 2 2 2 0 2 2 2 2 2 2 2 2 2 2 2 2 0 2 2 2 2 2 2 2 2 2 2 2 2 0 2 2 2 2 2 2 2 2 2 2 2 2 2 2 2 0 2 2 2 2 2 2 2 0 0 2 2 2 0 2 2 2 2 2 2 2 2 0 2 2 2 2 2 2 2 2 2 2 2 2 2 2 2 2 2 2 2 2 2 2 2 2 2 2 2 2 2 2 2 2 2 2 2 2 2 2 2 2 2 0 2 2 2 2 2 2 2 2 2 2 0 2 2 2 2 2 2 2 2 2 2 2 2 2 2 2 2 2 2 2 2 2 2 2 2 2 2 2 2 2 2 2 2 2 2 2 2 2 2 0 2 2 2 2 2 2 2 2 2 2 2 2 2 2 2 2 2 2 2
153 2 2 2 2 2 2 2 0 2 0 2 2 2 2 2 2 2 2 2 2 2 2 2 2 0 2 2 2 2 2 0 2 2 2 2 2 2 2 2 2 2 2 2 0 0 2 2 2 2 2 0 2 0 2 2 2 0 2 2 2 0 0 2 2 2 2 2 2 2 2 2 2 2 0 2 2 2 2 2 2 2 2 2 2 2 2 2 2 2 2 2 2 2 2 2 2 2 2 0 2 2 2 2 0 2 2 2 2 2 2 2 2 2 0 2 2 2 2 2 2 2 2 0 2 2 2 2 2 2 2 2 2 2 2 2 2 2 2 2 2 0 2 2 0 2 2 2 0 2 2 2 2 2 2 2 0 2 2 0 2 2 0 2 2 2 2 2 2 2 2 0 2 2 2 2 2 2 2 2 2 2 2 2 2 2 2 2 2 2 2 2 2 2 2 2 2 2 2 2 0 2 2 2 2 2 2 2 2 2 2 2 2 2 2 2 2 2 0 2 2 2 2 2 2 0 2 2 2 2 2 2 2 2 2 2 2 2 2 2 2 2 2 0 2 2
154 0 2 2 2 2 2 2 2 0 2 2 0 2 0 2 2 2 2 2 2 0 0 2 0 2 2 2 0 2 2 2 0 2 2 2 2 2 2 2 2 0 2 0 2 2 2 2 2 2 2 2 2 2 2 2 2 2 2 2 0 2 2 2 0 0 2 2 2 2 2 2 2 2 2 2 2 2 0 2 2 2 2 2 2 2 2 2 0 2 2 2 2 2 2 2 2 2 0 2 2 2 2 2 2 2 2 2 2 2 2 2 2 2 2 2 2 2 2 2 2 2 2 2 0 2 2 2 2 2 2 0 2 2 2 2 2 2 2 2 2 2 2 2 2 2 2 2 2 2 2 2 2 2 2 2 2 2 2 2 0 2 2 2 2 2 2 2 2 2 0 2 2 2 2 2 2 0 2 0 2 2 2 2 2 2 2 2 2 2 0 1 2 0 2 0 2 2 2 2 2 2 2 2 2 2 2 2 2 2 2 2 2 2 2 2 2 2 2 2 2 0 2 2 2 2 2 2 2 0 2 2 2 2 2 2 2 2 2 2 2 2 2 2 2 2
155 2 2 2 2 0 2 2 2 2 2 2 2 0 2 2 2 2 2 2 2 2 2 0 2 2 2 2 2 2 2 2 2 2 2 2 2 2 2 2 2 2 2 2 2 2 2 2 2 2 2 0 2 2 2 0 0 2 2 2 2 0 2 2 2 2 0 2 2 2 2 2 0 2 2 2 2 2 2 2 2 2 2 2 2 2 2 2 2 2 2 2 2 2 0 2 2 2 2 2 2 2 2 2 2 2 2 2 2 2 2 0 2 2 2 2 2 2 2 2 2 2 2 2 2 2 2 2 0 2 2 0 2 2 2 2 2 2 2 2 2 2 2 2 2 0 2 2 2 2 2 2 2 2 2 2 2 2 2 2 2 2 2 2 2 2 2 2 2 2 2 2 2 2 2 2 2 2 2 2 2 2 2 2 2 2 2 2 2 2 2 2 2 2 2 2 2 2 2 2 2 2 2 2 2 2 2 2 2 2 2 2 2 2 0 2 2 2 2 2 2 2 2 2 2 2 2 2 2 2 2 2 2 2 2 2 2 2 2 2 2 2 2 2 2 2
156 0 0 2 0 0 2 2 2 2 0 2 0 0 0 0 2 2 2 0 2 0 0 2 0 0 0 0 0 2 0 2 0 2 2 2 1 2 0 0 0 0 2 0 0 0 2 2 2 2 0 0 2 2 0 2 2 0 0 2 0 0 0 2 0 0 0 0 2 2 0 2 2 0 2 2 0 2 0 0 0 0 0 2 0 2 2 2 0 0 2 0 0 0 2 2 2 2 2 2 2 2 2 0 2 0 0 2 2 0 0 0 0 0 0 0 2 2 0 2 2 2 2 2 2 2 2 2 2 2 2 0 2 0 2 2 2 0 2 2 0 0 0 2 0 2 2 2 2 1 2 2 0 0 0 0 0 2 0 0 0 0 0 2 2 0 0 2 1 2 0 0 2 0 2 0 2 0 0 0 2 0 0 2 0 2 2 2 2 0 2 2 0 0 0 2 2 0 2 0 0 2 0 2 2 2 0 2 2 2 2 2 2 2 2 2 2 2 0 0 0 2 0 2 0 0 2 0 0 0 2 2 2 2 2 2 2 2 2 2 2 2 0 2 0 2
157 2 2 2 2 2 2 2 0 2 2 2 2 2 2 2 2 2 2 2 2 2 2 2 2 2 0 2 2 2 2 2 2 2 2 0 2 2 2 0 2 0 2 2 2 2 2 2 2 2 0 2 2 2 2 2 2 2 2 2 0 2 2 2 2 2 2 2 2 2 2 2 2 2 2 2 2 2 2 2 0 2 2 2 2 2 0 2 0 2 0 0 0 2 2 2 2 2 0 0 2 2 2 2 2 2 0 2 2 2 2 2 2 2 2 2 2 0 2 2 2 2 2 2 2 2 2 0 2 2 2 2 2 2 2 2 2 2 2 2 0 2 0 2 2 2 2 0 0 2 0 2 2 2 2 2 2 2 0 2 0 2 0 2 2 2 2 0 1 2 0 0 2 2 2 2 0 2 2 0 2 2 0 0 2 2 2 2 2 2 2 2 2 0 0 2 2 2 2 2 2 2 2 2 2 2 2 2 2 2 0 2 2 2 2 2 0 2 2 2 0 2 2 2 2 0 2 2 2 2 0 2 2 2 0 2 2 2 2 2 2 0 2 2 0 2
158 2 2 2 2 2 2 2 2 2 2 2 2 2 2 2 2 0 2 2 2 2 2 2 2 2 2 2 2 2 2 0 2 2 2 2 2 2 2 2 2 2 2 2 2 2 2 2 2 2 2 2 2 2 2 2 2 2 2 2 2 2 2 2 2 2 2 2 2 2 2 2 2 2 2 0 2 2 2 2 2 2 2 2 2 2 2 2 2 2 2 2 2 2 2 2 2 2 2 2 2 2 2 2 0 2 0 2 2 2 2 2 2 2 2 2 2 2 2 2 2 2 2 2 0 2 2 2 0 2 2 2 2 2 2 0 2 0 2 2 2 2 0 2 2 2 0 2 2 2 2 2 2 2 2 2 2 2 2 2 2 2 2 2 2 0 2 2 2 0 2 2 0 2 2 2 2 2 2 2 2 2 0 2 2 2 2 2 2 2 2 2 2 2 0 2 2 2 2 2 2 2 2 2 2 0 2 2 2 2 2 2 2 2 2 2 2 2 1 0 2 2 2 2 2 2 2 2 0 2 2 2 2 2 2 2 2 2 2 2 2 2 2 2 2 2
159 2 0 2 0 0 2 2 2 2 2 2 0 0 2 0 2 0 2 2 2 0 0 0 2 0 0 2 0 2 2 2 0 0 2 2 1 0 0 2 2 0 0 2 0 2 2 0 2 2 0 2 2 2 0 0 0 0 0 2 2 2 2 0 2 2 1 0 2 0 0 0 0 0 2 0 2 2 0 2 2 2 0 2 0 0 0 2 2 2 2 0 2 2 0 0 0 2 2 2 2 2 0 0 2 0 2 2 0 2 0 0 0 0 2 2 2 0 0 2 0 2 2 2 2 0 2 0 0 0 2 2 0 0 0 2 0 2 2 2 0 2 0 0 0 2 0 2 0 1 2 2 0 2 0 0 2 0 0 0 2 2 0 0 2 0 0 0 1 2 2 0 0 0 0 0 0 2 0 2 2 0 2 0 2 0 0 2 0 0 2 2 0 2 0 2 0 0 2 2 2 0 0 2 0 2 0 0 2 0 2 0 2 2 2 2 0 2 1 2 2 2 0 2 2 0 2 0 0 2 0 2 0 2 0 2 0 2 2 2 2 0 0 2 0 0
160 0 0 0 0 0 0 0 1 2 2 2 2 0 0 0 0 0 0 2 2 2 2 0 0 0 2 2 2 0 2 2 2 0 0 0 1 0 0 0 0 2 0 0 2 0 0 2 2 0 2 0 0 0 0 0 0 0 0 0 2 2 2 0 0 0 0 0 0 2 0 0 0 2 0 0 2 0 2 1 0 0 0 2 2 0 0 0 2 0 0 0 0 1 0 0 0 0 0 0 0 0 0 0 2 2 0 0 0 0 0 0 0 2 2 2 2 0 0 0 0 0 0 0 0 0 1 0 0 0 0 0 0 0 0 0 0 2 0 0 2 2 0 0 0 0 2 2 0 0 0 0 2 2 0 0 0 0 0 0 0 0 2 0 0 0 0 0 2 0 0 2 0 0 0 2 0 2 0 0 0 0 0 0 2 0 0 0 0 0 0 0 0 2 2 2 0 0 1 0 0 0 0 0 0 0 0 0 0 2 0 0 0 0 0 0 0 0 0 0 2 0 0 0 0 2 2 0 2 0 0 0 0 0 0 0 0 0 0 0 0 0 0 0 0 0
161 0 0 0 0 0 0 0 2 0 2 0 0 0 0 0 0 0 0 0 0 0 0 0 0 2 0 0 0 0 0 0 0 0 0 0 0 0 0 0 0 0 0 0 0 0 0 0 2 0 0 0 0 0 2 0 0 0 0 0 0 0 2 0 2 2 0 0 0 0 0 0 0 0 0 0 0 0 0 0 0 0 0 0 0 0 0 0 0 0 0 0 0 0 0 0 0 0 0 2 0 0 0 0 0 0 0 0 0 0 0 0 0 0 2 0 0 0 0 0 0 0 0 0 0 0 0 2 0 0 0 0 0 0 0 0 0 0 0 0 0 2 0 0 2 0 0 0 0 0 0 0 0 0 0 0 0 0 0 2 0 0 0 0 0 0 0 0 0 0 0 0 0 0 0 0 0 0 0 0 0 0 0 0 0 0 0 0 0 0 0 0 0 0 0 0 0 0 0 0 0 0 0 0 0 0 0 0 0 0 0 0 0 0 0 0 0 0 0 0 0 0 0 0 0 0 0 0 0 0 0 0 0 0 0 0 0 0 0 0 0 0 0 0 0 0
162 2 2 2 2 0 2 2 0 2 2 2 2 0 2 2 0 2 2 2 2 2 2 2 2 2 0 0 2 2 2 2 2 2 2 2 1 2 2 2 2 2 2 0 0 2 2 0 2 2 2 2 0 2 0 2 2 2 2 2 2 2 2 2 2 2 0 2 2 0 2 2 2 2 2 2 2 2 2 2 2 2 2 2 2 2 0 2 2 2 2 0 2 2 2 2 2 2 2 0 2 2 2 2 2 0 2 0 0 0 2 0 2 0 2 2 2 2 2 2 2 2 2 2 2 2 2 2 0 2 2 0 2 2 2 2 0 0 2 2 0 2 0 0 2 2 2 2 0 2 2 0 0 2 0 2 0 2 0 2 2 0 2 2 2 0 0 2 2 2 2 2 2 2 0 0 0 2 0 2 2 0 2 2 0 0 2 0 0 0 2 2 2 2 2 0 0 0 2 0 2 2 2 2 2 2 0 2 2 0 0 2 2 2 2 2 2 2 0 2 2 2 0 2 2 2 2 2 0 2 0 2 0 2 2 2 2 2 2 2 0 2 2 0 0 0
163 2 2 2 2 0 0 0 0 2 2 2 2 0 2 2 0 2 2 2 2 2 2 2 2 2 0 0 2 2 2 2 2 2 2 2 1 0 2 2 2 2 2 0 0 2 2 0 2 2 2 0 0 2 0 2 2 2 2 2 2 2 2 2 2 2 0 2 2 0 2 2 2 2 2 2 2 2 2 0 0 2 2 2 2 2 0 2 2 2 2 0 2 0 2 2 2 0 2 0 2 2 2 2 2 0 2 0 0 0 2 0 2 0 2 2 2 2 2 2 2 2 2 2 0 2 0 2 0 2 0 0 2 2 2 2 0 0 2 2 0 2 0 0 2 2 2 2 0 1 2 0 0 2 0 2 0 2 0 2 2 0 2 2 2 0 0 2 1 2 2 2 2 2 0 0 0 0 0 2 2 0 2 2 0 0 2 0 0 0 2 2 2 2 2 0 0 0 0 0 2 2 2 2 2 2 0 2 2 0 0 2 2 2 2 2 2 2 0 2 0 0 0 2 0 2 2 2 0 2 0 2 0 2 2 2 2 2 2 2 0 2 2 0 0 0
164 2 2 0 0 0 2 0 0 0 0 0 0 0 0 0 0 0 2 0 0 0 0 0 0 0 0 0 0 2 0 0 0 0 0 0 0 2 2 0 0 0 0 0 0 2 0 0 0 0 0 0 0 0 0 0 0 0 2 0 0 0 0 0 0 0 0 2 0 0 0 0 0 0 0 0 0 0 0 2 0 0 0 0 0 0 0 0 0 0 0 0 0 0 0 0 0 0 0 0 0 0 0 2 0 0 2 0 0 0 2 0 2 0 0 0 0 0 0 2 0 2 0 0 0 0 0 0 0 0 0 0 0 0 0 0 0 0 0 2 0 0 0 0 0 0 2 0 0 1 0 0 2 0 0 2 0 0 0 0 0 0 0 0 0 0 0 2 0 2 0 0 0 0 0 0 0 0 0 0 2 0 2 0 0 0 0 0 0 0 2 1 0 0 0 0 0 0 0 0 0 0 0 2 0 0 2 0 2 0 0 0 0 0 0 0 0 2 1 0 0 0 2 0 0 0 0 0 0 0 0 2 0 2 0 0 0 0 2 2 0 0 0 0 0 0
165 0 2 0 0 0 0 0 0 2 0 2 2 0 0 0 0 0 0 2 0 2 2 0 0 0 0 0 2 0 2 0 2 0 0 0 0 0 2 0 0 0 0 0 0 0 0 2 0 0 2 2 0 2 0 0 0 2 2 0 0 0 0 0 0 2 0 2 0 2 0 0 0 0 2 0 2 0 2 0 0 0 0 0 0 0 0 0 0 0 0 0 0 0 0 0 0 0 0 0 0 2 0 2 0 2 2 0 2 0 2 0 0 0 0 0 0 2 0 0 0 0 0 0 0 0 0 0 0 0 0 0 0 0 0 0 0 0 0 0 0 2 0 0 0 0 2 0 0 0 0 0 2 0 0 0 0 0 0 0 0 0 0 0 2 0 2 2 0 0 0 0 0 0 0 0 0 2 0 0 0 0 2 0 0 0 0 0 0 0 0 0 0 0 0 0 0 2 0 0 0 0 0 0 0 0 0 0 0 2 2 0 0 0 0 0 0 0 0 2 0 0 0 0 0 0 0 0 0 0 0 0 0 0 0 0 0 0 0 0 0 2 0 0 0 0
166 0 2 2 2 2 2 2 2 0 0 0 0 2 0 2 0 2 0 0 0 2 0 0 0 2 0 0 0 0 0 0 0 2 0 2 2 2 2 2 0 0 2 0 0 0 2 2 0 2 0 2 0 0 0 0 0 2 2 2 0 2 0 0 0 2 2 2 0 0 0 0 2 2 0 2 0 2 0 0 0 2 0 2 2 2 0 2 2 2 2 2 2 0 1 0 2 0 0 2 2 0 2 2 0 0 0 2 2 0 2 2 0 0 0 0 0 2 2 2 2 2 2 0 2 2 2 0 0 0 0 2 0 0 2 0 0 0 0 0 2 2 0 0 2 0 0 0 2 2 0 0 2 0 2 0 2 2 0 2 0 0 0 2 2 2 2 2 2 0 0 0 2 0 0 2 2 2 2 0 0 0 0 0 0 0 2 0 0 2 0 0 2 2 0 2 0 0 0 0 0 0 2 2 0 0 2 2 2 2 0 0 0 2 0 0 2 2 1 0 2 2 0 0 0 0 2 2 2 0 0 2 2 0 0 0 2 0 0 2 0 2 2 0 2 2
167 2 2 2 2 2 0 0 2 2 2 2 2 2 2 0 2 2 2 2 2 2 2 2 2 2 2 2 2 2 2 2 2 0 2 2 1 2 2 0 2 2 0 2 2 2 2 2 2 2 2 2 2 2 2 2 2 2 2 2 2 2 2 2 2 2 2 2 2 2 2 2 2 2 2 2 2 2 2 2 2 0 2 2 2 2 2 2 2 2 2 2 0 2 2 2 0 2 2 2 2 2 2 2 2 2 2 0 2 2 2 2 2 2 2 2 2 2 2 2 0 2 2 2 2 0 0 2 2 2 2 2 2 2 0 2 2 2 2 2 2 2 2 2 2 2 2 2 2 0 2 2 2 2 2 2 2 2 2 2 2 2 2 0 2 0 0 0 1 2 2 2 2 2 2 2 2 2 2 2 2 2 2 2 2 2 2 2 2 2 2 2 2 2 2 2 2 2 2 2 2 2 2 2 2 2 0 0 2 2 2 2 2 2 2 2 0 2 2 2 2 2 2 2 2 2 2 2 2 2 2 2 2 2 2 2 2 2 2 2 2 2 0 2 2 0
168 2 2 2 2 2 2 2 2 2 2 2 2 2 2 2 2 2 2 2 2 2 2 2 2 2 2 2 2 2 2 2 2 2 2 0 2 2 2 2 2 0 2 2 2 2 2 2 2 2 2 2 2 2 2 2 2 2 2 2 2 2 2 2 2 2 2 2 2 0 2 2 2 2 2 2 2 2 2 2 2 2 2 2 2 2 2 2 2 2 0 2 2 2 2 2 2 2 2 2 2 2 0 2 2 2 2 2 2 2 2 2 2 2 2 2 2 2 2 2 2 2 2 2 2 2 2 2 2 2 2 2 2 0 2 2 2 2 2 2 0 2 0 2 2 2 2 2 2 2 2 2 2 2 0 2 2 2 0 2 2 2 2 2 0 2 2 0 2 2 2 2 0 0 2 2 2 2 0 2 2 2 2 0 2 2 2 2 2 2 2 2 0 2 2 2 2 2 2 2 2 2 0 2 2 2 2 2 2 2 2 2 2 2 2 2 2 2 2 2 2 2 2 2 2 2 2 0 2 2 2 2 2 2 2 2 0 2 2 2 2 2 0 2 0 2
169 0 0 0 2 0 0 0 0 0 0 0 0 0 0 0 0 0 2 0 0 0 0 2 0 0 0 0 0 2 0 0 0 0 0 0 0 0 0 0 0 0 0 0 0 0 0 0 0 0 0 0 0 0 0 2 2 0 0 0 0 0 0 0 0 0 0 0 0 0 0 0 0 0 0 0 0 0 0 0 0 0 0 0 0 0 0 0 0 0 0 0 0 0 0 0 0 0 0 0 0 0 0 0 0 0 0 0 0 0 0 0 0 0 0 0 2 0 0 0 0 0 2 0 0 0 0 0 0 0 0 0 0 0 0 0 0 0 0 0 0 0 0 0 0 0 0 0 0 0 2 0 0 0 0 0 0 2 0 0 0 0 2 0 0 0 0 0 0 0 0 2 0 0 0 0 0 0 0 0 0 0 0 0 0 0 0 0 0 0 0 0 0 0 0 0 0 0 2 0 0 0 0 0 0 0 0 0 0 0 0 0 0 0 0 0 0 0 1 0 0 0 0 0 0 2 0 0 0 0 0 0 0 0 0 0 0 0 0 0 0 0 0 0 0 0
170 0 2 2 2 2 2 2 2 2 0 2 2 2 2 2 2 2 2 2 2 2 2 2 2 2 2 2 2 2 2 2 2 2 2 2 2 2 2 2 2 2 2 2 2 0 2 2 0 2 2 2 2 2 2 2 2 2 2 2 2 2 0 2 2 2 2 2 2 2 2 2 2 2 2 2 2 2 2 2 2 2 2 2 2 2 0 2 2 2 2 2 2 2 2 2 2 0 2 2 2 0 0 2 2 2 2 2 2 2 2 2 2 2 0 2 2 2 2 2 2 2 2 2 2 2 2 2 2 2 2 2 0 2 2 2 2 2 0 2 2 0 2 2 2 0 2 2 2 2 2 2 2 2 2 2 2 2 2 2 2 0 2 2 2 2 2 2 2 2 2 2 2 2 2 2 2 2 2 2 2 2 2 2 2 2 1 2 2 2 2 2 0 2 2 2 2 2 2 2 2 2 2 2 2 2 2 2 2 2 2 0 2 2 0 2 2 2 2 2 2 2 2 2 2 2 2 0 2 2 2 2 2 2 2 2 2 2 2 2 2 2 2 2 2 2
171 0 2 2 2 2 2 2 2 2 2 2 2 2 2 2 2 2 2 2 2 2 2 2 2 2 2 2 2 2 2 2 2 0 2 2 2 2 2 2 2 2 0 2 2 2 2 2 2 2 2 2 2 2 2 2 2 2 2 2 2 2 0 2 2 2 2 2 2 2 2 2 2 2 2 2 2 2 2 2 2 2 2 2 2 2 2 2 2 2 2 0 2 0 2 2 0 2 2 2 2 0 2 2 2 2 2 2 2 2 2 2 2 2 0 2 2 2 2 2 0 2 2 2 2 0 2 2 2 2 2 2 2 2 0 2 2 2 2 2 2 2 2 2 2 2 2 2 2 2 2 2 2 2 2 0 2 2 2 2 2 2 2 2 2 2 2 2 2 2 2 2 2 2 2 2 2 2 2 2 2 2 2 2 2 2 2 2 2 2 0 0 2 2 2 2 2 2 2 2 2 2 2 2 2 2 2 0 2 2 2 2 2 2 2 2 2 2 1 0 2 2 2 2 2 2 2 2 2 2 2 2 2 2 2 2 2 2 2 2 2 2 2 2 2 2
172 2 0 2 2 0 2 2 2 0 2 2 0 0 2 0 2 2 2 0 2 2 2 0 2 2 0 0 2 2 0 2 2 2 2 2 0 2 0 0 0 2 2 2 2 0 2 2 0 2 2 2 2 0 2 0 0 2 0 2 2 2 2 2 2 0 0 0 2 0 2 2 0 2 0 2 0 2 0 2 2 2 2 2 2 0 2 2 2 2 2 0 0 2 0 0 2 2 2 2 2 0 2 0 2 2 0 0 0 0 0 0 2 2 2 2 2 0 2 0 2 0 2 2 2 2 2 2 2 2 2 2 2 0 2 0 0 0 0 0 2 0 2 2 0 0 0 2 2 1 0 2 2 2 2 2 2 2 2 0 2 2 2 0 2 2 0 2 2 2 2 2 2 0 2 2 0 2 2 2 0 2 0 2 0 2 2 0 0 2 2 2 2 2 2 0 2 2 0 0 2 0 2 0 0 0 0 2 0 2 2 2 0 2 0 2 0 0 1 2 2 0 2 2 0 2 2 2 0 0 0 0 2 0 2 0 2 0 0 0 0 0 0 0 0 2
173 2 2 2 2 0 2 2 2 2 2 2 2 0 2 2 0 2 2 2 2 2 2 0 2 2 2 2 2 2 2 2 2 0 2 2 2 2 2 2 2 2 0 2 2 2 2 2 2 2 2 0 2 2 0 0 0 2 2 2 2 2 2 0 2 2 0 2 2 2 2 2 2 2 2 2 2 2 2 2 2 2 2 2 2 0 2 2 2 2 2 2 2 0 2 2 0 2 0 2 2 0 2 2 2 2 2 2 2 2 2 2 0 2 2 2 0 2 2 2 0 2 2 2 2 2 2 2 0 2 2 2 2 2 0 2 2 2 2 2 2 2 2 2 2 2 2 2 2 2 0 2 2 2 2 2 2 2 2 2 0 2 2 2 2 2 2 2 2 2 0 2 0 2 2 2 2 0 2 0 2 2 2 2 2 2 2 2 2 2 2 2 2 2 2 2 2 2 2 2 2 2 2 2 2 2 2 2 2 2 2 2 0 2 2 0 2 2 2 2 2 2 2 2 2 2 2 2 2 2 2 2 0 2 2 0 2 2 2 2 2 2 2 2 2 2
174 2 0 2 2 2 2 2 0 2 2 0 2 2 2 2 2 2 0 2 2 2 2 2 2 2 0 2 2 0 2 2 2 2 2 2 2 0 0 0 2 2 2 0 2 2 2 2 2 2 2 2 2 2 2 2 2 2 0 2 2 2 2 2 2 0 2 0 1 2 2 2 1 0 2 2 2 2 2 2 2 0 2 2 0 2 2 2 2 2 2 2 0 2 2 0 2 0 2 0 2 2 2 0 2 0 0 2 2 2 2 2 2 2 2 2 2 2 2 0 2 2 0 1 2 2 2 2 2 2 2 2 2 0 2 2 2 2 2 2 2 2 2 2 2 0 2 0 2 2 2 2 2 2 2 2 2 2 2 2 2 2 0 2 0 2 2 2 1 2 2 1 2 2 2 2 0 2 2 2 2 2 0 2 1 2 0 0 1 1 2 2 2 2 2 2 2 2 0 2 0 2 2 2 2 2 2 2 2 2 2 2 2 2 0 2 2 2 1 0 0 2 2 0 2 0 2 2 2 0 0 2 2 2 2 2 2 2 2 0 2 2 1 2 2 2
175 2 2 2 2 0 0 2 2 2 2 2 2 0 2 2 2 0 2 0 2 2 2 2 2 2 2 2 2 2 0 2 2 2 2 2 2 2 2 2 2 2 2 2 2 2 2 2 2 2 2 2 2 2 2 2 2 2 2 2 2 2 2 2 2 2 0 2 2 2 2 2 2 2 2 0 0 2 2 2 2 2 0 2 2 2 2 2 2 2 2 2 2 2 1 2 2 2 2 2 2 2 2 2 2 2 2 2 0 2 2 0 2 2 0 2 2 2 2 2 2 2 2 2 2 2 2 2 2 2 2 2 2 2 2 2 0 2 2 2 2 2 2 0 2 2 2 2 2 1 2 0 2 2 2 0 2 2 2 2 2 2 2 2 2 2 2 2 2 2 2 2 2 2 2 2 2 2 2 2 0 2 2 0 2 2 2 2 2 2 2 2 2 2 0 2 0 0 2 2 2 2 2 2 0 2 2 2 2 2 2 2 0 2 2 2 2 2 2 2 2 2 2 1 0 2 2 2 2 2 2 2 2 0 2 0 2 2 0 2 2 2 2 2 2 2
176 0 2 0 0 2 2 2 0 0 0 2 0 2 0 0 2 2 0 2 0 2 0 2 0 2 2 0 0 0 2 2 0 2 2 0 2 2 2 0 2 0 2 0 0 0 0 2 0 0 2 0 0 2 2 2 2 2 2 0 2 0 0 2 2 0 2 2 0 2 2 0 0 2 2 2 2 0 0 2 2 2 2 2 2 2 0 0 0 0 0 2 0 2 2 2 2 2 0 0 0 0 2 2 2 2 0 2 2 0 2 2 2 0 2 2 0 0 0 2 2 2 0 0 0 2 2 2 2 2 2 0 2 2 2 0 2 2 0 2 0 0 0 2 2 0 0 2 0 1 0 2 0 2 0 2 0 0 2 2 2 0 0 2 2 2 0 2 2 2 2 0 2 0 2 2 2 2 0 2 2 2 0 2 0 2 0 2 2 2 0 1 0 0 2 0 2 2 2 0 2 2 0 0 2 0 2 2 2 2 0 0 2 0 0 2 2 0 1 2 2 2 2 0 2 0 2 0 2 2 0 2 2 2 2 2 0 2 2 2 0 0 2 2 2 2
177 2 2 2 2 2 2 2 2 2 2 2 2 2 2 2 2 2 2 2 2 2 2 2 2 2 2 2 2 2 2 2 2 2 0 2 2 2 2 2 2 2 2 2 0 2 2 2 2 2 2 2 2 2 2 2 2 2 2 2 2 2 2 2 2 2 2 2 2 2 2 2 2 2 2 2 2 2 2 0 0 2 2 2 2 2 2 2 2 2 2 2 2 2 1 2 2 2 0 2 2 2 2 2 2 2 2 2 2 2 2 2 0 2 2 2 2 2 2 0 2 2 2 2 2 2 2 2 2 2 2 2 2 2 2 2 2 0 2 2 2 2 2 2 2 2 0 2 2 2 2 2 2 0 2 2 2 0 2 2 2 0 2 2 2 2 2 2 2 2 2 2 2 2 2 2 2 2 2 2 2 2 2 2 2 2 2 2 2 2 2 2 2 2 2 2 2 2 2 2 2 2 2 2 2 2 2 2 2 2 0 2 2 2 2 2 2 2 2 0 2 2 2 2 2 2 2 2 2 2 2 2 2 2 2 2 2 2 2 0 2 2 2 2 2 2
178 2 2 0 0 2 0 2 2 2 2 0 0 2 2 2 2 0 0 0 0 0 0 0 2 0 2 0 0 0 0 0 0 2 0 0 1 2 2 0 0 0 2 0 0 2 0 0 2 0 0 0 2 0 0 0 0 0 2 0 0 2 2 2 2 0 2 2 0 0 2 0 0 0 0 0 0 0 0 2 2 2 0 2 0 2 2 0 0 0 0 0 0 2 2 2 2 2 0 2 0 0 2 2 0 0 2 0 2 2 2 2 2 2 2 2 2 2 0 0 2 0 0 0 0 2 2 0 0 2 2 0 2 0 2 2 0 0 2 0 2 2 2 0 2 0 2 0 0 1 0 2 0 0 2 2 2 2 0 2 0 0 2 2 0 0 2 2 0 0 0 2 0 2 2 0 2 2 2 0 2 2 2 0 0 2 0 2 2 2 0 0 2 0 2 2 0 2 2 2 0 2 2 2 2 2 0 2 0 0 0 0 2 0 0 2 2 2 1 2 0 0 2 0 2 2 2 2 0 2 0 0 2 2 2 2 0 2 2 0 2 2 2 0 0 0
179 2 2 2 0 2 2 2 2 2 2 0 2 2 2 2 2 2 2 2 2 2 2 0 2 2 2 2 2 2 2 2 2 2 2 0 2 2 2 0 0 2 2 2 2 2 2 2 2 2 0 2 2 2 2 0 0 2 2 2 0 2 2 2 2 2 2 2 2 2 2 2 2 0 2 2 2 2 2 2 0 2 2 2 0 2 2 2 2 2 0 2 0 2 2 2 2 2 2 2 2 2 2 2 2 2 2 2 2 2 2 2 2 2 2 2 2 2 2 0 2 2 2 2 2 2 2 0 2 2 2 2 2 2 2 2 2 2 2 2 2 2 2 2 2 2 2 2 2 2 2 2 2 2 2 2 2 2 2 2 2 2 2 2 2 2 2 2 2 2 2 2 2 2 2 2 2 2 2 2 2 2 2 0 2 2 2 2 2 2 2 2 2 2 2 2 2 2 2 2 2 2 2 2 2 2 2 2 2 2 2 2 2 2 2 2 2 2 2 2 2 2 2 2 2 2 2 2 2 2 2 2 2 2 2 2 2 2 2 0 2 2 2 2 2 2
180 0 0 0 0 2 0 0 0 0 0 0 0 2 2 2 2 0 0 0 0 0 0 0 2 0 2 0 0 0 0 0 0 2 0 0 0 0 0 0 0 0 2 0 0 0 0 0 0 0 0 0 0 0 0 0 0 0 0 0 0 0 0 2 0 0 2 0 0 0 2 0 0 0 0 0 0 0 0 2 0 0 0 2 0 2 2 0 0 0 0 0 0 2 1 2 2 0 0 0 0 0 2 0 0 0 2 0 0 0 0 0 2 0 2 0 2 2 0 0 2 0 0 0 0 0 0 0 0 0 2 0 2 0 2 2 0 0 2 0 0 0 0 0 0 0 0 0 0 1 0 2 0 0 2 2 2 2 0 0 0 0 0 0 0 0 0 0 0 0 0 0 0 0 0 0 2 0 2 0 2 2 2 0 0 0 0 2 2 2 0 0 0 0 2 2 0 2 2 2 0 0 2 0 2 2 0 2 0 0 0 0 2 0 0 2 0 0 1 0 0 0 2 0 2 0 2 0 0 2 0 0 0 2 2 2 0 0 2 0 2 2 2 0 0 0
181 2 2 2 2 2 2 2 2 2 2 2 2 2 2 2 2 0 2 2 2 2 2 2 2 2 2 0 2 2 2 2 2 2 2 2 1 2 2 2 2 2 2 2 2 2 2 2 2 2 2 2 2 2 2 2 2 2 2 2 2 2 2 2 2 2 2 2 2 2 2 2 2 2 2 0 2 2 2 2 2 2 2 2 2 2 2 2 2 2 2 0 2 2 2 2 2 2 2 2 2 0 2 2 2 2 2 0 2 2 2 2 2 2 2 2 2 2 2 2 2 2 2 2 2 2 2 2 2 0 2 2 2 2 2 2 2 2 2 2 2 2 2 2 2 2 2 2 2 2 0 2 2 2 2 2 2 2 0 2 2 2 2 2 2 2 2 2 2 2 2 2 0 2 2 2 2 2 2 2 2 2 2 2 0 2 2 2 2 2 0 1 0 2 2 2 2 2 2 2 2 2 2 2 2 2 0 2 2 2 2 2 2 2 2 2 2 2 2 2 2 2 2 2 2 2 2 0 2 2 2 2 2 2 2 2 2 2 2 2 2 2 2 2 0 0
182 2 2 2 2 2 2 2 2 2 2 2 2 2 2 2 2 0 2 2 2 2 2 2 2 2 2 0 2 2 2 2 2 2 2 2 1 2 2 2 2 2 2 2 2 2 2 2 2 2 2 2 2 2 2 2 2 2 2 2 2 2 2 2 2 2 2 2 2 2 2 2 2 2 2 0 2 2 2 2 2 2 2 2 2 2 2 2 2 2 2 0 2 2 2 2 2 2 2 2 2 0 2 2 2 2 2 0 2 2 2 2 2 2 2 2 2 2 2 2 2 2 2 2 2 2 2 2 2 0 2 2 2 2 2 2 2 2 2 2 2 2 2 2 2 2 2 2 2 2 0 2 2 2 2 2 2 2 0 2 2 2 2 2 2 2 2 2 2 2 2 2 0 2 2 2 2 2 2 2 2 2 2 2 0 2 2 2 2 2 2 2 0 2 2 2 2 2 2 2 2 2 2 2 2 2 0 2 2 2 2 2 2 2 2 2 2 2 2 2 2 2 2 2 2 2 2 0 2 2 2 2 2 2 2 2 2 2 2 2 2 2 2 2 0 0
183 0 0 0 0 2 2 0 2 2 0 2 2 2 2 2 2 0 2 0 1 2 2 2 2 2 2 0 2 2 0 2 2 2 2 0 0 0 0 2 2 2 2 2 0 0 0 2 0 0 2 2 0 2 2 2 2 2 0 0 2 2 0 2 2 2 2 0 2 0 2 2 2 2 2 0 0 0 2 2 2 0 0 2 2 2 2 0 0 2 0 0 2 2 1 2 2 0 2 2 0 0 2 0 2 2 2 0 0 2 0 0 2 2 2 2 2 2 2 2 2 0 2 2 2 2 0 2 2 0 2 2 2 0 2 2 0 2 2 2 2 0 2 0 2 2 2 2 0 1 0 2 0 2 2 2 2 2 2 2 2 2 2 0 2 0 0 2 1 2 2 2 0 2 2 0 2 2 2 2 2 2 2 0 0 2 2 2 2 2 2 1 0 0 2 2 0 2 2 2 2 0 2 2 2 2 0 2 2 2 2 0 2 0 2 2 0 2 2 0 2 2 2 2 2 2 2 0 2 2 2 2 2 2 2 2 2 2 2 2 2 2 2 2 0 0
184 0 2 0 0 2 0 2 0 0 0 0 0 2 0 2 0 0 0 0 0 0 0 2 0 0 0 0 0 0 0 0 0 0 0 2 1 0 2 0 0 0 0 0 0 0 0 0 0 0 0 0 0 0 0 2 2 0 2 0 0 0 0 2 0 0 2 2 0 0 2 0 0 0 0 0 0 0 0 0 2 0 0 0 0 2 0 0 0 0 2 0 0 0 1 0 0 2 0 0 0 0 0 2 0 2 0 2 2 0 2 2 2 0 0 0 0 2 0 0 0 2 2 0 2 2 2 0 0 2 0 0 2 2 0 0 0 2 0 0 0 0 0 2 0 2 0 0 2 1 0 2 0 0 0 2 2 0 0 0 0 0 0 2 0 0 0 2 0 0 0 0 2 2 0 0 0 0 0 0 0 2 0 2 0 0 0 0 0 0 2 1 0 0 2 2 2 0 0 0 2 0 2 0 0 0 2 0 0 0 0 0 2 0 2 0 2 0 1 0 0 0 2 0 0 0 0 0 0 0 0 0 0 0 0 2 0 0 0 0 0 2 0 0 2 0
185 2 2 2 2 2 2 2 2 2 2 2 2 2 2 2 2 0 2 2 2 2 2 2 2 2 2 2 2 2 2 2 2 1 2 0 2 2 2 2 2 2 1 2 2 2 2 2 2 2 2 2 2 2 2 2 2 0 2 2 2 2 2 2 0 2 2 2 2 2 2 0 2 2 2 0 2 2 2 2 2 2 2 2 2 2 2 2 2 2 0 2 2 1 2 1 1 0 2 2 2 2 2 2 2 1 2 0 2 0 2 2 2 0 2 2 2 0 2 2 1 2 2 2 1 2 2 2 2 2 2 2 2 2 1 2 2 2 2 2 2 2 2 2 2 2 2 2 2 2 2 2 1 2 2 2 0 0 2 2 2 2 2 2 1 2 2 2 0 2 2 2 2 2 0 2 2 2 2 2 2 2 2 2 2 2 1 2 2 2 2 2 2 2 2 2 2 2 2 0 2 2 2 2 0 2 2 1 1 2 2 2 2 2 2 1 2 2 2 2 0 2 2 2 2 2 2 2 2 2 0 0 2 2 2 2 0 2 2 2 0 0 2 0 2 0
186 2 2 2 2 2 2 2 2 2 2 2 2 2 2 2 2 2 2 2 2 2 2 2 2 2 2 2 2 2 2 2 2 2 0 2 2 0 2 2 2 2 2 2 2 2 2 2 2 2 2 2 2 2 2 2 2 2 2 2 2 2 2 2 2 2 2 2 2 2 0 2 2 2 2 2 2 2 2 2 2 2 0 2 2 2 0 2 2 2 2 2 2 2 2 2 2 2 2 2 2 2 0 2 2 2 2 2 2 2 2 2 2 2 2 2 2 2 2 2 2 2 2 2 2 2 2 2 2 2 2 2 2 2 2 2 0 2 2 2 0 2 2 0 0 2 2 2 0 2 2 2 2 2 0 2 2 2 2 0 2 1 2 2 2 0 2 0 2 2 2 2 0 0 2 2 2 2 0 2 2 2 2 0 2 2 2 2 2 2 2 2 0 2 2 2 0 2 2 2 2 2 0 2 2 2 2 2 2 2 2 2 2 2 2 2 2 2 1 2 2 2 0 2 2 2 2 0 2 2 2 2 2 2 2 2 2 2 2 2 2 2 2 2 0 2
187 0 2 0 0 2 0 0 0 0 2 0 0 2 0 2 0 0 0 0 2 2 0 0 0 0 0 2 0 0 0 0 0 0 2 0 1 2 2 2 0 0 0 0 0 0 0 0 0 0 0 0 0 2 0 0 0 0 2 0 0 0 0 2 0 0 2 2 0 0 2 0 2 2 2 0 0 0 0 2 0 0 2 0 2 2 2 0 2 0 0 0 2 0 2 0 0 0 0 0 0 2 2 2 0 0 0 0 2 0 2 0 0 0 2 0 0 0 0 2 0 2 2 2 0 2 0 0 0 2 0 0 0 2 0 0 2 2 2 2 2 0 2 2 2 0 2 0 2 1 0 2 0 0 2 2 0 0 0 2 0 1 2 0 0 2 0 2 0 0 0 2 2 2 0 0 2 0 2 0 2 0 0 2 2 0 0 2 0 0 0 1 2 2 0 0 2 0 2 0 0 0 2 2 0 0 0 0 0 0 0 0 0 0 0 0 0 2 1 0 0 0 2 0 2 2 0 2 0 0 0 0 0 2 2 0 0 0 2 2 0 0 0 0 2 0
188 0 2 0 2 2 2 2 2 0 0 0 0 2 0 2 2 2 0 0 2 0 0 0 0 2 2 0 0 0 0 0 0 0 2 2 1 2 2 2 0 2 0 0 0 0 0 0 0 0 0 2 2 0 0 0 1 2 2 0 0 0 0 2 0 0 2 2 0 0 2 2 0 0 0 2 0 0 0 2 2 0 0 2 0 2 2 0 0 0 2 0 2 0 2 0 0 2 2 2 0 0 2 2 0 0 2 0 2 0 2 0 2 0 2 0 0 2 2 2 0 2 0 0 2 2 2 0 0 0 2 0 2 2 0 2 2 2 2 0 2 0 0 2 2 0 2 2 2 2 2 2 2 0 2 2 2 0 2 2 0 2 2 2 0 2 2 2 0 0 0 2 2 2 2 0 2 0 2 0 2 2 2 2 0 2 0 2 2 2 0 1 2 0 2 2 2 0 2 0 0 2 2 2 2 2 2 0 0 0 2 2 2 0 0 0 2 2 2 2 0 0 2 0 2 2 2 2 0 0 2 0 2 2 0 2 0 2 2 2 0 2 2 0 2 0
189 0 2 0 0 2 2 2 2 0 0 0 0 2 0 2 2 2 0 0 2 0 0 0 0 2 2 0 0 0 0 0 0 0 0 2 0 2 2 2 0 2 0 0 0 0 0 0 0 0 0 2 2 0 0 0 0 2 2 0 0 0 0 2 0 0 2 2 0 0 2 2 0 0 0 2 0 0 0 2 2 0 0 2 0 2 2 0 0 0 2 0 2 0 2 0 0 2 2 2 0 0 2 2 0 0 0 0 2 0 2 0 2 0 0 0 0 2 2 2 0 2 0 0 2 2 2 0 0 0 2 0 2 2 0 2 2 2 0 0 2 0 0 1 2 0 2 2 2 1 2 2 2 0 2 2 2 0 2 2 0 2 2 0 0 2 2 2 0 0 0 2 2 2 2 0 0 0 2 0 2 2 0 2 0 2 0 2 2 0 0 2 2 0 0 0 2 0 0 0 0 0 2 2 0 2 2 0 0 0 2 2 0 0 0 0 0 2 2 2 0 0 2 0 2 2 2 2 0 0 2 0 0 2 0 0 0 2 2 2 0 2 0 0 2 0
190 2 2 2 2 2 2 2 2 2 2 2 2 2 2 2 2 2 2 2 2 2 2 2 2 2 2 2 2 2 2 2 2 2 2 2 2 2 2 2 2 2 2 2 2 2 2 2 2 2 2 2 2 2 2 2 2 2 2 2 2 2 2 2 2 2 2 2 2 2 2 2 2 2 2 2 2 2 2 2 2 2 2 2 2 2 0 2 2 2 2 2 2 2 2 2 2 2 2 2 2 2 0 2 2 2 2 2 2 2 2 2 2 2 2 2 2 2 2 2 2 2 2 2 2 2 2 2 2 2 2 2 2 2 2 2 0 2 2 2 0 2 2 2 2 2 2 2 0 2 2 2 2 2 0 2 2 2 2 2 2 2 2 1 2 0 0 0 2 2 2 2 2 0 2 2 2 2 0 2 2 2 1 0 2 2 2 2 2 2 2 2 0 2 2 2 2 2 2 2 2 2 0 2 2 2 2 2 2 2 2 2 2 2 2 2 2 2 2 2 2 2 2 2 2 2 2 0 2 2 2 2 2 2 2 2 2 2 2 2 2 2 2 2 0 2
191 2 2 0 0 0 2 2 0 2 0 2 0 0 2 0 2 2 2 2 2 0 0 0 2 0 2 0 0 2 2 2 0 2 2 2 1 2 2 0 2 0 2 0 0 2 0 0 0 0 0 0 0 0 0 0 0 0 2 0 2 2 2 2 2 0 0 2 0 0 2 0 2 2 0 2 2 0 0 2 0 0 0 2 2 2 2 0 2 0 2 0 0 2 2 0 2 2 0 0 0 0 0 2 2 0 0 2 0 2 2 0 2 2 0 2 0 2 0 2 2 2 2 0 2 2 2 2 0 0 2 2 2 2 2 0 0 2 2 0 0 2 0 0 0 0 0 2 0 1 0 2 0 2 0 2 0 0 0 0 0 0 2 2 2 2 0 0 0 0 0 0 2 0 0 2 2 0 0 0 2 2 2 0 0 0 0 0 2 0 2 1 2 2 0 2 0 0 2 2 0 0 2 2 2 0 0 0 2 0 0 0 2 0 0 2 2 2 1 2 0 0 2 0 0 2 2 2 0 2 2 2 2 2 0 2 0 0 2 2 2 2 0 2 0 2
192 0 2 0 0 0 2 0 0 0 0 0 0 0 0 0 0 2 0 0 0 0 0 0 0 0 0 0 0 0 0 0 0 2 0 2 1 2 2 0 0 0 2 2 0 0 0 0 0 0 0 0 0 0 0 0 0 0 2 0 0 0 0 0 0 0 0 2 0 0 0 0 0 2 0 2 0 0 0 2 0 0 0 0 2 2 2 0 0 0 2 0 0 2 2 0 2 2 2 0 0 0 0 2 0 0 2 2 0 2 2 0 2 2 0 0 0 2 0 0 2 2 0 0 0 0 0 0 0 0 0 0 0 2 2 0 0 2 0 0 0 0 0 0 0 0 0 0 0 1 2 0 0 0 0 0 0 2 0 0 0 0 2 2 2 2 0 0 0 0 0 0 2 0 0 2 0 0 0 0 0 2 2 0 0 0 0 0 0 0 0 0 0 0 0 2 0 0 0 2 0 0 2 2 0 0 0 0 2 0 2 0 2 0 0 0 2 2 1 2 0 0 2 0 0 2 0 0 0 2 2 2 0 0 0 2 0 0 0 0 2 2 0 2 0 2
193 2 0 2 0 2 2 0 0 2 2 0 2 2 0 0 2 2 0 0 0 2 2 0 0 2 0 2 2 0 0 0 2 2 2 2 1 2 0 0 2 0 2 2 2 2 2 0 2 2 2 0 0 2 2 0 0 2 0 2 0 2 2 2 2 0 2 0 0 2 2 0 0 2 2 2 0 2 2 0 2 2 2 0 2 0 2 2 0 2 2 0 0 2 2 2 2 0 2 0 2 0 2 0 0 0 2 2 2 0 2 0 0 0 2 0 0 0 0 2 2 0 0 2 2 2 0 0 2 2 2 2 0 0 2 2 2 0 2 2 2 2 2 2 0 0 2 2 2 1 2 2 0 2 2 2 2 0 2 0 0 2 0 0 2 2 0 2 1 2 0 2 2 2 2 2 2 0 2 0 0 0 2 2 2 0 2 2 0 0 2 1 2 0 2 0 2 0 2 2 0 2 2 0 2 2 2 0 0 0 2 2 0 2 0 2 0 0 1 2 0 0 2 0 2 0 0 2 0 0 2 0 2 0 2 0 0 0 0 2 2 0 0 2 0 2
194 2 2 2 2 2 2 2 2 2 2 2 0 2 2 2 2 2 2 2 2 0 0 2 2 2 2 2 0 2 2 2 0 2 2 2 2 2 2 2 2 2 2 2 2 2 2 2 2 2 2 2 2 2 0 2 2 0 2 2 2 2 2 2 2 2 2 2 2 2 0 2 2 2 2 2 2 2 0 2 2 2 0 2 2 2 2 2 2 0 2 2 2 2 2 2 2 2 0 2 2 2 2 2 2 2 0 2 2 2 2 2 2 2 2 2 2 2 2 2 2 2 2 0 2 0 2 2 2 2 2 2 2 2 2 0 2 2 2 2 2 2 0 2 2 2 2 2 2 1 0 2 2 2 2 2 2 2 2 2 2 2 2 2 2 2 2 2 1 0 2 2 2 2 2 2 2 2 2 2 2 2 0 2 2 2 2 2 2 0 2 2 2 2 2 2 2 2 2 2 2 2 2 2 2 0 2 2 2 2 0 2 2 2 2 2 2 2 2 2 2 2 2 2 2 2 2 2 2 2 2 2 2 2 2 2 2 2 2 2 2 2 0 2 2 2
195 2 2 2 0 2 2 2 2 2 2 2 2 2 2 2 2 2 2 2 2 2 2 2 2 0 2 2 2 2 2 2 2 2 2 2 2 2 2 2 2 2 2 0 2 2 2 2 2 2 2 2 0 2 2 2 2 0 2 2 2 0 2 2 2 2 2 2 2 2 2 2 2 2 2 2 2 2 2 2 2 2 2 2 2 2 2 2 0 2 2 0 2 2 2 2 2 2 2 2 2 0 2 2 2 2 2 2 2 2 2 2 2 2 2 2 2 2 2 2 2 2 2 2 2 2 2 2 0 2 2 2 2 2 2 2 2 2 2 2 2 2 0 2 2 2 2 2 2 2 2 2 2 2 2 2 2 2 2 2 0 2 2 2 2 2 2 2 1 2 0 2 2 2 2 2 2 0 2 0 2 2 2 2 2 2 2 2 2 2 2 2 2 0 2 2 2 2 2 2 2 2 2 2 2 2 2 2 2 2 2 2 2 2 2 2 2 2 2 2 0 2 2 2 2 2 2 2 2 2 2 2 2 2 2 2 2 2 2 2 2 2 2 2 2 2
196 2 2 2 1 2 2 2 2 2 2 2 1 2 2 2 2 2 0 2 2 0 0 2 2 2 2 2 0 1 2 0 0 2 2 2 2 2 2 2 0 2 2 0 2 2 2 2 2 2 2 0 2 2 2 2 2 2 2 2 0 0 2 2 2 2 2 2 2 2 2 2 0 2 2 2 2 2 0 2 2 2 2 2 2 2 2 2 2 2 2 2 2 2 2 2 2 2 2 2 2 2 2 2 0 2 2 2 2 2 2 2 2 2 2 0 2 2 2 2 2 2 0 2 2 2 2 0 2 2 2 0 2 2 2 0 2 2 2 2 2 2 2 2 1 2 0 2 2 2 2 2 2 2 2 2 2 2 2 2 2 2 2 2 2 2 2 2 2 2 2 2 2 2 2 2 2 2 2 2 2 2 2 2 2 2 2 2 2 2 2 2 2 2 2 2 2 2 2 2 2 2 2 2 2 0 2 2 2 2 2 2 2 2 2 2 2 2 2 2 2 2 2 2 2 2 2 2 2 2 2 2 2 2 2 2 2 2 2 2 2 2 2 2 2 2
197 2 2 2 2 2 2 2 2 2 2 2 2 2 2 2 2 2 2 2 2 2 2 2 2 2 2 2 2 2 2 2 2 2 2 2 2 0 2 2 2 2 2 2 2 2 2 2 2 2 2 2 2 0 0 2 2 2 2 2 2 2 2 2 0 2 2 2 2 0 2 0 2 2 0 2 2 2 2 2 2 2 2 2 2 2 2 2 2 2 2 2 2 2 2 2 2 2 2 2 2 2 2 2 2 2 2 2 2 2 2 2 2 2 2 2 2 2 2 2 2 2 2 2 2 2 2 2 2 2 2 2 2 2 2 2 2 2 2 0 2 2 2 2 2 2 2 2 2 2 2 2 2 0 2 2 2 0 2 2 2 2 2 2 0 2 2 2 2 0 2 2 2 2 2 2 2 2 2 2 2 2 2 2 2 2 2 2 2 2 2 2 2 2 2 2 2 2 2 2 2 2 2 2 2 2 2 2 2 2 2 0 2 2 2 2 2 2 2 2 2 2 2 2 2 2 2 2 2 2 2 2 2 2 2 2 0 2 2 2 2 2 2 2 2 2
198 2 2 2 2 2 2 2 0 2 2 2 2 2 2 2 2 2 2 2 2 2 2 2 2 0 2 2 2 2 2 2 2 2 2 2 2 2 2 2 2 2 2 2 2 2 2 2 2 2 2 2 2 2 2 2 2 0 2 2 2 2 2 2 2 2 2 2 2 2 0 2 2 2 2 2 2 2 2 2 2 2 0 2 2 2 0 2 2 2 2 2 2 2 2 0 2 2 2 0 2 2 0 2 2 2 2 2 2 2 2 2 2 0 2 2 2 0 2 2 2 2 2 2 2 2 2 2 2 0 2 2 2 2 2 2 2 2 2 2 0 2 0 2 0 2 2 2 2 2 2 2 2 2 0 2 2 2 0 0 2 0 2 2 2 2 2 0 2 2 2 2 2 0 2 0 2 2 0 2 2 0 2 2 2 2 0 2 2 2 2 2 2 2 2 2 0 2 2 2 2 2 2 2 2 2 2 2 2 2 2 2 2 2 2 2 2 2 2 2 2 2 2 2 2 2 2 2 2 2 0 2 2 2 0 2 2 2 2 2 2 0 0 2 2 2
199 0 0 0 0 0 0 0 0 0 0 0 0 0 0 0 0 0 0 2 0 0 0 0 0 0 0 0 0 0 2 0 0 0 0 0 0 0 0 0 0 0 0 2 0 0 0 0 0 0 0 0 2 2 0 0 0 0 0 0 0 0 2 0 0 0 0 0 0 2 0 0 0 0 2 0 2 0 0 0 0 0 0 0 0 0 0 0 0 0 0 0 0 0 0 0 0 0 0 0 0 0 0 0 0 0 0 0 0 2 0 0 0 0 0 0 0 0 0 0 0 0 0 0 0 0 0 0 2 0 0 0 0 0 0 2 0 0 0 2 0 0 0 0 0 0 0 0 0 0 0 0 0 0 0 0 0 0 0 0 0 0 2 0 0 0 0 0 0 0 0 2 0 0 0 0 0 0 0 0 0 0 0 0 0 0 0 0 0 2 0 0 0 0 0 0 0 2 0 0 0 0 0 2 0 2 0 0 2 0 0 0 0 0 0 0 0 2 1 0 0 2 0 0 0 2 0 0 0 2 0 2 0 0 0 0 0 0 0 0 0 0 2 0 0 2
200 0 2 2 2 2 2 2 2 2 2 2 2 2 0 2 2 2 2 2 2 2 2 2 0 0 2 2 2 2 2 2 2 2 2 2 2 2 2 2 2 2 2 2 0 0 2 2 2 2 2 2 2 0 2 2 2 2 2 2 2 2 2 2 2 2 2 2 2 0 2 2 2 2 0 2 2 2 2 2 2 2 2 2 2 2 2 2 2 2 2 2 2 2 2 2 2 2 2 2 2 2 2 2 2 0 2 2 2 2 2 2 0 2 0 2 2 2 0 2 2 2 2 2 2 2 2 2 0 2 2 2 2 2 2 2 2 2 2 0 2 0 2 2 2 2 2 2 2 2 2 2 0 0 2 2 0 0 2 2 2 0 2 2 2 2 2 2 2 2 2 2 2 2 0 0 2 2 2 2 0 2 2 2 2 2 2 2 2 2 0 1 2 2 2 2 2 2 2 2 2 2 2 2 2 2 2 2 2 2 2 2 2 2 2 2 2 2 2 2 2 2 2 2 2 2 2 2 2 2 2 2 2 0 2 2 2 2 0 2 2 2 2 2 2 2
201 0 0 0 0 0 0 0 0 0 0 0 0 0 0 2 2 2 0 0 0 0 0 0 0 2 2 0 0 0 0 0 0 0 0 0 0 0 0 0 0 0 0 0 0 0 0 0 0 0 0 0 0 0 0 0 0 0 0 0 0 0 0 2 0 0 0 0 0 0 2 0 0 0 0 2 0 0 0 0 0 2 0 0 0 0 0 0 0 0 0 0 0 0 2 0 0 0 0 0 0 0 2 0 0 0 0 0 2 0 0 0 0 0 0 0 0 2 0 2 0 0 0 0 0 0 0 0 0 2 0 0 0 0 0 0 0 0 2 0 0 0 0 0 0 0 0 0 0 1 0 2 0 0 2 0 0 0 2 0 0 0 2 0 0 0 2 2 0 0 0 2 2 0 0 0 0 0 2 0 0 0 0 0 0 0 0 0 2 0 0 1 0 0 0 0 0 0 0 0 0 0 0 0 0 0 0 0 0 0 0 0 0 0 0 2 0 0 0 0 0 0 0 0 0 2 0 0 0 0 2 0 2 0 0 0 0 0 0 2 0 2 0 0 0 0
202 0 0 0 0 0 0 0 0 0 0 0 0 0 0 0 2 0 0 0 0 0 2 0 0 0 2 0 2 0 0 0 2 0 0 0 0 0 0 0 0 0 0 0 0 0 0 0 0 0 0 0 0 0 0 0 0 0 0 0 0 0 0 0 2 2 0 0 0 2 0 2 0 2 0 0 0 0 0 0 0 0 0 0 2 0 0 0 0 0 0 0 0 0 2 0 0 0 0 0 0 0 0 0 0 0 0 0 2 0 2 0 2 0 0 0 2 0 2 0 0 0 0 0 0 0 0 0 0 0 0 0 0 0 0 0 0 0 0 2 0 0 0 0 0 0 0 0 0 0 0 0 0 0 0 0 0 0 0 0 0 0 0 0 0 0 2 0 0 0 0 0 2 0 0 0 0 0 0 0 0 0 0 2 0 0 0 0 2 0 0 0 0 0 0 0 0 0 0 0 0 0 0 0 0 0 0 0 0 0 0 2 2 0 0 0 0 0 0 0 0 2 0 0 0 0 0 0 0 0 0 0 2 0 0 2 0 0 0 0 0 0 0 2 0 0
203 0 0 2 2 2 2 2 2 0 0 2 2 2 2 2 2 2 2 2 2 2 2 2 2 2 2 2 2 2 2 2 2 0 2 2 2 2 0 2 2 0 0 2 2 2 2 2 2 2 2 2 2 2 2 0 2 2 0 2 2 0 2 2 2 2 2 1 2 2 2 2 2 2 2 2 2 2 2 2 2 2 2 2 2 2 2 2 2 2 2 2 2 0 2 2 0 0 2 2 2 2 2 0 2 2 2 2 2 2 2 2 2 2 0 2 2 2 2 2 0 2 2 2 2 2 2 0 2 2 2 2 2 2 0 2 2 2 2 2 2 2 2 2 2 2 2 2 2 2 2 2 2 2 2 2 2 2 2 2 2 2 2 2 2 2 2 2 2 2 2 2 2 2 2 2 0 2 2 2 1 2 2 2 2 2 2 1 2 2 2 2 2 2 2 2 2 0 2 2 2 2 2 2 2 2 2 0 2 2 2 2 2 2 2 2 2 2 1 2 2 2 0 2 2 2 0 2 2 2 2 2 2 1 2 2 2 2 1 2 2 2 2 2 2 2
204 2 2 2 2 2 0 0 2 2 0 2 2 2 2 0 2 2 2 2 2 0 2 2 2 2 2 2 2 2 2 2 2 0 0 0 0 0 2 0 2 2 0 2 2 2 2 0 2 2 2 2 2 2 2 2 2 2 2 2 2 2 0 2 2 2 2 2 2 2 2 2 0 2 2 2 2 2 2 2 0 2 2 2 2 2 2 2 2 0 0 0 0 2 2 2 0 2 2 2 2 0 2 2 0 0 2 0 2 0 0 2 2 0 0 0 2 2 0 2 0 2 0 2 2 2 0 2 0 2 2 2 2 2 0 2 2 2 0 2 2 2 2 2 2 0 2 0 2 0 2 2 2 2 2 2 2 0 2 2 2 0 0 0 0 2 2 0 1 2 2 0 0 2 2 2 2 2 2 2 2 0 0 2 2 2 0 2 2 2 0 1 2 2 0 2 2 2 2 2 0 2 2 2 2 2 2 2 2 0 0 2 0 2 0 2 2 2 2 2 2 2 2 2 2 0 2 2 0 0 2 2 2 2 2 0 2 2 2 2 2 2 0 2 2 2
205 2 2 2 2 2 2 2 2 2 2 2 2 2 0 2 2 0 2 0 2 2 2 2 0 2 2 2 2 2 0 2 2 2 2 2 2 2 2 2 2 2 2 2 2 2 2 2 2 2 2 2 2 2 2 2 2 2 2 2 2 2 2 0 2 2 2 2 2 2 2 2 2 2 2 0 0 2 2 2 2 2 2 2 2 2 0 2 2 2 2 2 2 2 2 2 2 2 2 2 2 2 2 2 2 2 2 2 2 2 2 2 0 2 2 2 2 0 2 2 2 2 2 2 2 2 2 2 2 0 2 2 2 2 2 2 2 2 2 2 0 2 0 2 2 2 2 2 2 2 2 0 2 2 0 2 2 2 2 2 2 2 2 2 2 2 2 2 2 2 2 2 2 0 2 2 2 2 0 2 2 0 2 0 2 2 2 2 2 2 2 1 0 2 2 2 2 2 2 0 2 2 0 2 0 2 2 2 2 2 2 2 2 2 2 2 2 2 2 0 2 2 2 2 2 2 2 0 2 2 0 2 2 2 0 2 2 2 2 2 2 0 2 2 2 0
206 2 0 0 0 0 0 0 0 2 0 2 0 0 0 0 0 0 1 2 2 0 0 0 0 0 0 0 0 0 2 2 0 0 0 0 0 2 0 0 0 2 0 0 0 0 0 2 2 0 0 2 0 0 2 0 0 0 0 0 0 2 2 0 0 2 0 0 0 0 2 0 0 0 0 0 2 0 0 0 2 0 2 0 0 2 0 0 0 0 0 0 0 0 0 0 0 0 2 0 0 0 0 0 0 0 0 2 0 0 2 0 0 0 0 0 0 0 0 0 0 0 2 0 2 2 0 0 0 2 0 2 0 0 0 2 0 0 0 0 0 0 0 0 0 0 0 0 0 0 0 2 0 0 0 2 0 0 0 0 0 0 0 0 2 0 0 0 0 2 0 0 0 0 0 0 2 2 0 0 2 2 0 0 0 0 0 2 0 0 0 0 0 0 2 0 0 0 0 0 0 2 0 2 0 2 0 2 0 2 2 0 0 0 0 0 2 2 0 0 0 2 0 0 2 0 0 0 0 0 0 0 2 2 0 0 0 2 2 0 1 0 0 2 0 0
207 2 2 0 2 0 2 2 2 2 2 2 2 0 0 2 2 0 2 2 0 2 2 2 0 2 2 2 2 2 2 2 2 2 0 2 1 0 2 2 2 2 2 2 2 2 0 2 2 0 2 2 2 2 2 2 2 2 2 0 2 2 2 2 2 2 0 2 2 2 2 2 2 2 2 0 2 0 2 2 2 0 2 0 2 2 0 0 2 2 2 0 2 2 2 2 2 2 2 2 0 2 0 2 0 2 2 2 2 2 2 2 0 2 2 2 2 2 2 2 2 2 2 0 2 2 2 0 2 2 2 2 2 2 2 2 2 2 2 2 2 2 0 2 2 2 2 2 0 2 2 2 2 2 0 2 2 2 2 2 2 2 2 2 2 2 0 2 2 2 2 2 2 2 2 2 2 2 0 2 2 2 2 2 2 2 2 2 2 2 2 2 0 2 2 0 2 0 2 2 2 2 2 0 0 2 0 2 0 2 2 2 2 0 2 2 2 0 1 2 2 2 2 2 2 2 2 0 2 2 2 0 2 2 0 2 2 2 2 2 2 2 2 2 2 2
208 0 0 2 2 0 2 0 2 2 0 0 2 0 2 0 2 0 2 0 2 2 2 0 2 0 2 0 2 2 0 2 2 0 2 2 2 2 0 2 2 0 0 0 2 2 2 2 0 2 2 0 0 2 0 0 0 2 0 2 2 2 0 0 2 2 0 0 2 2 2 0 2 2 2 0 0 2 2 0 0 0 0 2 2 2 0 2 2 2 2 0 2 2 0 0 0 0 0 2 2 2 0 0 2 0 2 0 0 2 0 0 0 0 0 2 2 0 0 0 0 2 0 0 0 2 0 2 2 2 2 0 0 0 0 2 0 0 2 2 0 2 0 0 2 0 2 0 0 1 2 0 2 0 0 2 0 0 0 2 0 0 0 2 0 0 0 2 2 0 0 0 2 0 2 0 0 2 0 0 0 2 2 2 0 2 0 0 0 0 0 0 0 2 0 0 0 0 0 2 2 2 0 0 0 2 0 0 2 2 0 0 2 2 0 0 2 0 1 0 2 2 2 2 0 0 0 0 2 2 2 2 0 0 0 2 0 0 0 0 2 0 2 0 2 0
209 0 2 0 2 0 2 2 2 2 2 2 0 0 0 0 2 2 0 0 2 0 2 2 0 0 2 2 2 0 0 2 2 0 2 2 2 2 2 2 0 0 0 2 0 2 0 0 2 0 0 2 2 2 2 2 2 2 2 0 0 2 0 0 2 2 0 2 2 2 0 2 2 0 2 2 0 0 0 2 0 2 2 0 0 2 2 0 2 0 2 2 2 0 2 2 0 0 2 2 0 2 2 2 2 0 0 0 2 0 0 0 0 0 2 0 2 2 2 2 0 2 2 2 0 2 2 2 2 2 0 2 2 2 0 2 2 2 0 2 2 2 0 2 0 2 2 2 2 1 0 0 2 0 2 0 2 2 0 0 2 2 2 2 2 2 2 2 1 0 2 2 0 2 2 2 2 2 2 2 0 2 0 2 2 2 2 0 0 2 2 1 2 2 0 0 2 0 0 2 0 2 2 0 0 2 2 0 2 0 0 2 2 0 2 2 2 0 1 0 0 2 2 2 0 2 0 2 2 2 0 2 0 0 2 2 2 0 0 2 2 2 0 2 2 2
210 0 2 0 2 2 2 2 2 2 0 2 0 2 0 0 2 0 0 0 2 2 0 0 0 2 2 0 0 0 0 2 0 0 2 2 1 0 2 2 0 0 0 2 0 2 0 2 2 0 0 0 2 2 2 0 0 2 2 0 0 2 0 0 2 2 2 2 2 2 0 2 2 0 2 0 0 0 0 2 0 0 2 0 0 0 0 0 0 0 2 2 2 0 2 2 0 2 2 2 0 2 2 2 2 0 0 2 2 2 0 2 0 0 0 0 2 0 2 2 0 0 2 2 2 2 2 0 0 2 2 2 0 2 0 2 0 2 2 2 0 2 2 0 0 2 2 2 2 1 0 2 2 2 0 0 2 2 2 0 2 2 2 2 2 0 0 0 2 2 2 2 2 0 2 0 2 2 0 2 0 2 2 2 0 2 2 2 2 0 0 1 0 0 2 0 0 0 2 2 0 2 2 2 2 2 2 2 0 2 2 0 2 0 2 2 2 2 1 2 2 0 2 2 0 2 0 0 2 2 2 0 0 0 0 2 2 0 0 2 2 0 2 2 2 0
211 2 0 2 2 0 0 2 0 2 2 2 0 0 2 0 2 0 2 2 2 2 2 2 2 0 2 0 2 2 2 2 2 2 0 0 0 0 0 0 2 0 2 0 0 0 2 0 2 2 2 2 0 0 0 2 2 0 0 2 0 0 2 2 0 0 0 0 0 0 2 0 2 0 0 0 2 2 0 0 2 0 0 2 0 0 0 2 2 0 0 0 0 2 0 0 2 0 0 0 2 0 0 0 0 0 0 0 0 0 2 2 0 0 2 2 0 0 0 2 2 0 2 2 0 2 2 0 0 0 0 2 2 0 2 0 0 0 0 2 0 0 0 0 0 0 0 0 0 0 0 0 0 0 0 2 0 0 0 0 0 0 2 0 0 0 0 0 0 0 0 0 0 0 0 0 2 0 0 0 2 0 0 0 0 0 0 2 2 0 2 2 0 2 2 0 0 2 2 0 0 0 0 0 2 0 0 2 0 0 0 0 2 2 0 2 0 0 1 2 0 0 2 0 2 2 2 0 0 0 0 0 0 2 0 2 0 2 2 2 0 0 0 2 0 0
212 2 2 0 2 2 2 2 2 2 2 2 2 2 0 2 2 2 2 2 0 2 2 2 0 2 2 2 2 2 2 2 2 0 2 2 2 2 2 2 0 2 0 2 2 2 0 2 2 0 0 2 2 2 2 2 2 2 2 0 2 2 2 2 2 2 2 2 2 2 2 2 2 2 2 2 2 0 2 2 2 2 2 0 2 2 2 0 2 2 2 2 2 2 2 2 0 2 2 2 0 2 2 2 2 2 2 2 2 2 2 2 2 2 2 0 2 2 2 2 0 2 2 2 2 2 2 2 2 2 2 2 2 2 0 2 2 2 2 2 2 2 2 2 2 2 2 2 2 2 2 2 2 2 2 2 2 2 2 2 2 2 2 2 2 2 2 2 2 2 2 2 2 2 2 2 2 2 2 2 2 2 2 2 2 2 2 2 2 2 2 2 2 2 2 2 2 2 2 2 2 2 2 2 2 2 2 2 2 2 2 2 2 0 2 2 2 2 2 2 2 2 2 2 2 2 2 2 2 2 2 2 2 2 2 2 2 2 2 2 2 2 2 2 2 2
213 0 0 0 0 0 0 2 0 0 0 0 0 0 0 0 0 0 0 0 0 0 0 2 0 0 0 0 0 0 0 0 0 0 0 0 0 0 0 0 0 0 0 0 0 0 0 0 2 0 0 0 0 0 0 2 2 0 0 0 0 0 0 2 0 0 0 0 0 0 2 0 0 0 0 0 0 0 0 0 0 0 0 0 0 0 0 0 0 2 0 0 0 0 0 0 0 0 0 0 0 0 0 0 0 0 0 0 0 0 0 2 0 0 0 0 0 0 0 2 0 0 0 0 0 2 2 0 0 0 0 0 2 0 0 0 0 0 0 2 0 0 0 0 0 0 0 0 0 0 0 0 0 0 0 2 0 0 0 0 0 0 2 0 0 0 0 0 0 0 0 0 0 0 0 0 2 0 0 0 0 0 0 0 0 0 0 2 0 0 0 0 0 0 0 0 0 2 2 0 0 2 0 0 2 0 0 0 0 0 0 0 0 0 0 2 0 0 0 0 0 0 0 0 2 2 2 0 0 0 0 0 0 0 0 0 0 0 0 2 1 0 0 2 0 0
214 2 2 2 2 2 2 0 2 2 2 2 2 2 2 2 2 2 2 2 2 2 2 2 2 2 2 2 2 2 2 2 2 2 2 2 2 2 2 2 2 2 2 2 2 2 2 2 2 2 2 2 2 2 2 2 2 2 2 2 2 2 2 2 2 2 2 2 2 2 2 2 2 2 2 2 2 2 2 2 2 2 2 2 2 2 2 2 2 2 2 2 2 2 2 2 2 2 2 2 2 2 2 2 2 2 2 2 2 0 2 2 2 2 2 2 2 2 2 2 2 2 2 2 2 2 0 2 2 2 2 2 2 2 2 2 2 2 2 2 2 2 2 2 2 2 2 2 2 2 2 2 2 2 0 2 2 2 2 2 0 2 2 2 2 2 2 0 2 2 0 2 2 2 2 0 2 2 0 0 2 2 2 2 2 2 2 2 2 2 2 2 2 2 2 0 2 2 2 2 2 2 0 0 2 2 2 2 2 2 2 2 2 2 2 2 2 0 2 2 2 2 2 2 2 2 2 2 2 2 2 2 2 2 2 2 2 2 2 2 1 2 2 0 0 2
215 2 2 2 2 2 0 2 2 2 2 2 2 2 2 2 2 2 2 2 2 2 2 0 2 2 2 2 2 2 2 2 2 0 2 2 2 2 2 2 0 2 0 2 0 2 2 2 2 2 2 2 2 2 2 0 0 2 2 2 2 2 2 2 2 2 2 2 2 2 2 2 2 2 2 2 2 2 2 2 2 2 2 0 2 2 2 2 2 2 2 2 2 2 2 2 0 2 2 2 2 0 2 2 2 2 2 2 2 2 2 2 2 0 2 2 2 0 2 2 0 0 0 2 2 2 2 2 2 2 2 2 2 2 0 2 2 2 2 2 2 2 2 2 2 2 2 2 2 1 2 2 2 2 0 2 2 2 0 2 2 0 2 0 0 2 2 2 2 2 2 2 2 2 2 2 2 2 0 2 2 2 2 0 2 2 2 2 2 2 2 2 2 2 2 2 2 2 2 2 2 2 2 2 2 2 2 2 2 2 2 2 2 2 2 2 2 2 2 2 2 2 2 2 2 2 2 2 2 2 2 2 2 2 2 2 2 2 2 2 2 0 2 0 2 2
216 2 2 2 2 2 2 2 2 2 2 2 2 2 2 0 2 2 2 2 2 2 0 2 2 0 2 2 0 2 2 2 0 2 2 2 2 2 2 2 2 2 2 2 2 2 2 2 2 2 2 0 2 2 2 2 2 2 2 2 2 2 2 2 2 2 2 2 2 2 2 2 2 0 2 2 2 2 2 2 2 2 2 2 0 2 2 2 2 2 2 2 2 2 2 2 2 2 0 2 2 2 2 2 2 2 0 2 2 2 2 2 2 2 2 2 2 0 2 2 2 2 2 2 2 2 2 2 2 2 2 2 2 2 2 2 2 2 2 2 2 2 2 2 2 0 2 2 2 1 0 2 2 2 2 2 2 2 2 2 0 2 2 2 2 2 2 2 2 2 0 2 0 2 2 2 2 2 2 0 2 2 2 0 2 2 2 2 2 2 2 2 2 2 2 2 2 2 2 2 2 2 2 0 2 2 2 2 2 2 2 2 2 2 0 2 2 0 2 2 2 2 2 2 2 2 2 2 2 2 2 2 2 2 2 2 2 2 2 2 2 0 2 0 2 2
217 2 2 0 0 2 2 2 2 2 2 0 0 2 2 2 2 2 2 2 0 2 0 2 2 2 2 2 0 2 2 0 0 2 0 2 1 0 2 0 2 2 2 2 2 2 0 2 2 0 0 2 0 0 2 2 2 0 2 0 0 2 2 0 2 2 2 2 2 2 0 2 0 2 0 2 2 0 0 0 2 2 0 2 2 0 2 0 2 0 2 2 0 2 0 2 2 2 2 2 0 2 2 2 2 2 2 2 0 2 0 0 2 0 2 0 2 2 2 2 2 2 2 0 0 2 2 2 2 0 2 2 2 0 2 2 2 0 2 2 2 2 2 2 0 2 0 2 2 2 2 2 2 2 2 2 2 2 0 0 0 2 2 2 2 2 2 2 1 0 0 0 2 2 2 2 0 2 2 0 2 2 2 2 2 2 2 2 2 2 2 1 2 2 2 2 2 0 0 2 0 0 2 2 2 2 2 0 2 2 2 2 2 0 2 2 2 2 2 0 0 2 2 2 2 2 2 2 2 2 0 2 2 2 2 2 0 2 2 2 2 2 2 2 2 2
218 2 2 2 2 2 2 2 2 2 2 2 2 2 2 2 2 2 2 2 2 2 2 2 2 2 2 2 2 2 2 2 2 2 2 2 2 2 2 2 2 2 2 2 0 2 2 2 2 2 2 2 2 2 2 2 2 2 2 2 2 2 2 0 0 0 2 2 2 2 2 2 2 2 2 2 2 2 2 2 0 0 2 2 2 0 2 2 0 0 2 2 2 2 2 2 2 2 2 2 2 2 0 2 2 0 2 2 2 2 2 2 2 2 2 2 2 2 2 2 2 2 2 2 2 2 2 2 2 2 2 2 2 2 2 0 2 2 2 0 2 2 2 0 2 2 2 2 2 2 2 2 2 2 2 2 2 2 2 2 2 2 0 2 2 2 2 2 2 2 2 2 2 2 2 2 2 0 2 2 2 2 2 2 2 2 2 2 2 2 2 2 2 0 2 0 2 0 2 2 2 2 2 2 2 0 0 0 2 2 0 2 2 2 2 2 0 2 2 2 2 0 2 2 0 0 2 2 0 2 2 2 2 2 2 2 2 2 2 2 1 2 2 2 0 0
219 2 2 0 2 2 2 2 2 2 2 2 2 2 2 2 2 2 2 2 2 2 2 2 2 2 2 2 2 2 2 2 2 2 0 2 2 2 2 2 2 2 2 2 2 2 0 2 2 0 2 2 2 2 0 2 2 2 2 0 0 2 2 2 2 0 2 2 0 2 2 2 2 2 2 2 2 0 2 2 2 2 2 2 2 2 2 0 0 2 2 2 2 2 2 2 2 2 2 2 0 2 2 2 2 2 2 2 2 2 2 2 2 2 2 0 2 2 2 2 2 2 2 2 2 2 2 2 2 2 2 0 2 2 2 2 2 2 2 2 2 2 2 2 0 2 2 2 2 2 2 2 2 2 2 2 2 2 2 0 2 2 2 2 2 2 2 2 2 2 2 2 2 2 2 2 2 2 2 2 2 2 2 2 2 2 2 2 2 2 2 2 2 0 2 2 2 2 2 2 2 2 2 2 2 2 2 2 2 2 2 2 2 0 2 2 2 2 2 2 2 0 2 0 2 2 2 2 2 2 2 2 2 2 2 2 2 2 2 2 2 2 2 2 2 2
220 2 2 0 2 2 2 2 2 2 2 2 2 2 2 2 2 2 2 2 2 2 2 2 2 2 2 2 2 2 2 2 2 2 2 2 1 2 2 2 2 0 2 2 2 2 0 2 2 0 2 2 2 2 2 2 2 2 2 0 0 2 0 2 2 2 2 2 0 2 2 2 0 2 2 2 2 0 2 2 2 2 2 2 2 2 2 0 2 2 2 2 2 2 2 2 2 0 2 2 0 2 2 2 2 2 2 2 2 2 2 2 2 2 2 0 2 2 2 2 2 2 2 2 2 2 2 0 2 2 2 2 2 2 2 2 2 2 2 2 2 2 2 2 2 2 2 2 2 2 2 2 2 2 2 2 2 2 2 2 2 2 2 2 2 2 2 2 2 2 2 2 2 2 2 2 2 2 2 2 2 2 2 2 2 2 2 2 2 2 0 1 2 2 2 2 2 2 2 2 2 2 2 2 2 2 2 2 2 2 2 2 2 0 2 2 2 2 2 2 2 2 2 0 2 2 2 2 2 2 2 2 2 2 2 2 2 2 2 2 2 2 2 2 2 2
221 0 0 0 0 0 2 0 0 0 0 2 0 0 0 0 2 0 0 0 0 0 0 0 0 0 2 0 0 0 0 0 0 0 2 0 1 0 0 0 2 0 0 2 0 0 0 0 2 0 2 0 2 2 0 0 0 0 0 0 0 0 2 0 0 2 0 0 0 2 2 0 2 0 2 0 0 0 0 0 0 0 0 0 0 0 2 0 2 0 0 0 0 0 0 0 0 2 0 0 0 2 0 0 0 0 0 0 0 0 0 2 0 0 2 0 0 0 0 2 0 0 0 2 0 0 0 0 2 0 2 0 0 0 0 0 0 0 0 0 0 0 0 0 2 2 2 0 0 1 0 0 0 0 0 0 0 0 2 2 0 0 0 0 0 0 0 0 0 0 0 2 0 0 0 0 0 0 0 0 0 0 2 0 0 0 0 0 2 2 2 2 0 2 2 0 2 2 0 0 2 0 0 0 0 0 0 0 0 0 0 0 0 0 2 0 0 0 2 0 0 2 2 0 2 0 2 0 0 0 0 0 0 0 0 0 0 0 0 2 0 0 0 2 0 0
222 2 2 2 0 2 2 2 2 0 2 0 2 2 2 2 2 2 0 2 2 2 2 2 2 2 2 2 2 0 2 2 2 2 0 2 2 2 2 2 0 0 2 0 0 2 2 2 2 2 0 2 2 0 0 2 2 2 2 2 2 2 2 2 0 0 2 2 0 2 2 2 2 0 0 2 2 2 2 2 0 0 0 2 2 2 2 2 0 0 2 2 2 2 2 0 2 2 2 2 2 0 2 2 0 2 2 2 2 2 2 2 2 2 2 2 0 2 2 2 2 2 2 2 2 2 2 2 0 2 2 0 2 2 2 2 2 2 2 0 2 2 2 2 0 0 0 2 2 2 2 2 0 0 2 2 2 2 2 0 2 2 2 2 2 2 2 0 2 2 2 0 2 2 2 2 2 0 2 2 2 2 0 2 2 2 0 2 2 0 2 2 2 0 0 2 2 2 2 0 2 2 2 0 2 2 2 2 2 2 2 2 2 2 0 2 0 0 2 2 2 0 2 0 2 2 2 2 0 2 0 2 2 2 2 2 2 2 2 2 0 2 2 2 2 2
223 2 2 2 2 2 2 2 2 2 2 2 0 2 2 0 2 2 2 2 2 2 2 0 2 2 2 0 2 2 2 2 2 2 2 2 0 2 2 2 2 2 2 2 2 2 2 2 2 2 2 0 2 2 2 0 0 2 2 2 2 0 2 2 2 2 2 2 2 2 2 2 2 2 2 2 2 2 0 0 2 2 2 2 2 2 2 2 2 2 2 0 2 0 0 2 2 0 0 2 2 2 0 2 2 2 0 2 0 2 0 2 0 2 2 2 2 2 2 2 2 0 2 2 0 2 2 2 2 2 2 2 2 2 2 2 2 0 0 2 0 2 0 2 2 2 2 0 0 1 0 2 2 2 2 0 0 0 2 2 2 2 0 2 2 0 0 2 2 2 2 2 2 0 2 0 0 2 2 2 2 2 2 2 0 2 2 2 2 2 2 2 2 2 2 0 2 2 0 2 2 2 0 2 2 2 0 0 0 2 0 2 2 2 2 2 2 2 2 2 2 2 2 2 2 0 2 2 2 2 2 0 2 2 0 2 0 2 2 2 2 2 0 2 0 2
224 2 2 2 0 0 2 2 2 2 2 2 2 0 2 0 2 2 2 2 2 2 2 2 2 0 2 2 2 2 2 2 2 2 2 2 2 2 2 2 2 2 2 2 2 2 2 2 2 2 2 2 2 2 2 2 2 2 2 2 2 2 2 2 2 2 0 2 2 2 2 2 2 2 2 2 2 2 2 2 2 2 2 2 2 2 2 2 2 2 2 2 2 2 2 2 2 2 2 2 2 2 2 2 2 2 2 2 2 2 2 2 2 2 2 2 2 0 2 2 2 2 2 2 2 2 2 2 2 2 2 2 2 2 2 2 2 2 0 2 2 2 2 2 2 2 2 2 2 1 2 2 2 2 2 2 2 2 2 2 2 2 2 2 2 2 2 2 2 2 2 2 2 2 2 2 2 2 2 2 2 2 2 2 2 2 2 2 2 2 2 1 2 2 2 2 2 0 2 2 2 2 2 2 2 2 2 2 0 2 2 2 2 2 2 2 2 2 2 2 2 2 2 2 2 2 0 2 2 2 2 0 2 2 2 2 2 2 2 2 2 0 2 2 2 0
225 0 0 0 0 2 0 0 0 0 0 0 0 2 2 0 0 0 2 0 0 0 0 0 2 2 0 0 0 2 0 2 0 0 0 0 0 0 0 0 0 0 0 0 0 0 0 0 0 0 0 0 2 0 0 0 0 0 0 0 0 0 0 0 0 0 2 0 0 2 0 0 2 0 0 0 0 0 0 2 0 0 0 2 0 0 2 0 0 0 0 0 0 0 2 0 0 0 0 0 0 0 0 0 0 2 0 0 2 0 0 0 0 0 0 0 2 0 0 0 0 2 2 0 0 0 0 0 0 0 0 0 0 0 0 0 0 0 0 0 0 0 0 0 0 0 0 0 0 0 0 0 2 0 0 2 0 0 0 0 0 0 0 0 0 0 0 2 0 0 0 0 0 0 0 0 2 0 0 0 0 0 0 0 0 0 0 0 0 0 0 1 0 0 0 0 2 2 2 0 0 0 0 0 0 0 0 2 0 0 0 0 0 0 0 0 0 0 0 0 0 0 0 0 0 0 2 0 0 0 0 0 0 0 0 0 0 0 0 0 0 0 0 0 0 0
226 2 0 2 2 2 2 0 2 2 2 2 2 2 2 2 2 2 2 2 2 2 2 2 2 2 2 2 2 2 2 2 2 2 2 2 2 2 0 2 2 2 2 2 2 2 2 2 2 2 2 2 2 2 2 2 2 2 0 2 2 2 2 2 2 2 2 0 2 2 2 2 2 2 2 2 2 2 2 0 2 2 2 2 2 0 2 2 2 2 2 2 2 2 0 2 2 2 0 2 2 2 2 0 2 2 2 2 0 2 2 2 2 2 2 2 2 2 2 2 2 2 2 2 2 2 0 2 2 2 2 2 0 2 2 2 0 2 2 2 2 2 2 2 2 2 2 2 2 2 0 0 2 2 2 0 2 2 2 2 2 2 2 2 2 2 2 2 2 2 2 2 2 0 2 2 0 2 2 2 2 2 0 2 2 2 2 2 2 2 2 2 2 2 2 2 2 2 0 2 2 2 0 2 2 2 2 0 2 2 2 2 0 2 2 2 2 2 2 2 2 2 2 2 2 2 2 2 2 2 2 2 0 2 2 0 2 2 2 2 2 2 2 2 2 2
227 0 0 0 2 0 2 2 0 2 0 2 0 0 2 2 0 0 0 2 2 2 2 2 2 0 2 2 2 0 2 2 2 0 2 2 1 0 0 2 2 0 0 2 2 0 0 2 2 0 0 2 2 0 2 2 2 2 0 0 0 0 2 2 2 2 0 0 2 2 2 0 0 2 0 0 2 0 0 0 2 0 0 2 2 2 0 0 2 0 2 2 2 0 0 0 0 0 2 0 0 2 0 0 2 2 2 0 0 2 0 0 0 0 0 0 2 2 2 2 0 2 2 0 2 2 2 2 2 2 0 0 2 0 0 2 0 2 2 2 0 0 2 0 2 2 2 0 2 2 2 2 0 2 0 0 2 0 2 2 2 2 2 2 0 2 0 0 1 2 2 2 2 0 2 2 0 2 0 2 0 2 2 2 2 2 2 2 0 0 2 2 2 2 0 2 0 2 0 2 0 2 0 2 2 2 2 0 2 2 2 2 2 0 2 0 2 2 2 2 0 2 2 2 0 2 0 2 2 0 0 2 2 0 1 2 0 2 0 2 2 2 0 0 2 0
228 0 0 0 2 2 0 0 0 0 0 0 0 2 0 0 0 0 0 0 0 0 0 0 0 0 0 0 0 0 0 0 0 0 0 2 1 2 0 0 0 0 0 0 2 0 0 0 0 0 0 2 0 2 2 0 0 0 0 0 0 0 2 0 2 0 2 0 2 0 0 0 0 2 2 0 0 0 0 0 0 0 0 0 0 0 0 0 0 0 2 0 0 2 0 0 0 0 0 0 0 0 0 0 0 2 0 0 0 0 2 0 2 0 0 0 0 0 0 0 0 2 0 0 0 0 0 0 2 0 0 0 0 2 0 0 0 0 0 2 0 0 2 0 0 0 0 0 0 1 0 0 0 0 0 0 2 0 0 0 2 2 2 2 0 2 2 0 0 0 2 0 0 0 0 0 0 2 0 2 0 0 0 2 0 0 0 0 0 0 2 1 0 0 0 0 0 0 0 0 0 0 0 0 0 0 0 0 0 0 0 0 0 0 0 0 2 0 0 0 0 0 0 2 0 2 0 0 2 0 0 0 0 0 0 0 0 0 0 0 0 0 0 0 2 0
229 2 2 2 0 2 2 2 2 2 2 2 2 2 2 2 2 2 2 2 2 0 2 2 2 2 2 2 2 2 2 2 2 2 2 2 2 2 2 2 2 2 2 2 2 2 2 2 2 2 2 2 0 2 2 2 2 2 2 2 0 2 2 2 2 2 2 2 2 2 2 2 2 2 2 2 2 2 2 2 2 2 2 2 2 2 2 2 2 2 2 2 2 2 2 2 2 2 2 2 2 2 2 2 2 2 2 2 2 2 2 2 2 2 2 2 2 2 0 2 2 2 2 2 0 2 2 2 2 0 2 2 2 2 2 0 2 2 2 2 2 2 2 2 2 2 2 2 2 1 2 2 2 2 2 2 2 2 2 2 0 0 2 0 2 2 2 2 1 2 0 2 2 2 2 2 2 2 2 0 2 2 2 2 2 2 2 2 2 2 2 2 2 2 2 2 2 2 2 2 2 2 2 2 2 0 2 2 2 2 2 2 2 2 2 2 2 2 2 2 2 2 2 2 2 2 2 2 2 2 2 2 2 2 2 2 2 0 2 2 2 2 2 2 2 2
230 2 2 2 2 2 2 2 2 2 2 2 2 2 2 2 2 2 0 2 2 2 2 2 2 2 0 2 2 0 2 2 2 2 2 0 2 2 2 2 2 0 2 2 2 2 2 2 2 2 2 2 2 2 2 2 2 2 2 2 2 2 2 0 2 2 2 2 2 2 2 0 0 2 2 2 2 2 2 2 2 2 2 2 2 0 2 2 2 2 0 2 2 2 2 2 2 2 0 2 2 2 2 2 2 2 2 2 2 0 2 2 2 2 2 2 2 2 0 0 2 2 2 0 2 2 2 2 0 2 2 2 2 2 2 2 2 2 2 2 2 2 0 2 2 2 2 0 2 2 0 0 2 2 2 2 2 2 0 2 2 2 2 2 2 2 2 2 2 2 2 2 2 2 2 2 2 2 2 2 2 2 2 0 2 2 0 2 2 2 2 1 2 2 2 2 2 0 2 0 2 2 2 2 2 2 2 2 2 2 2 2 2 2 2 2 2 2 2 2 2 2 2 2 0 2 2 2 0 2 2 2 0 2 2 2 2 2 2 0 0 2 2 0 0 2
231 2 2 2 2 2 2 2 2 2 2 2 2 2 2 2 0 2 2 2 2 2 2 0 2 2 2 2 2 2 2 2 2 2 0 2 2 2 2 2 2 2 2 0 2 2 2 2 2 2 2 2 2 2 2 0 0 2 2 2 2 2 2 2 2 2 2 2 2 2 2 2 2 2 2 2 2 2 2 2 2 2 2 2 0 2 2 2 2 0 2 0 2 2 2 2 2 2 2 2 2 2 2 2 2 0 2 2 2 2 2 2 2 2 2 2 2 2 0 2 2 0 2 2 2 0 2 2 2 2 2 2 2 2 2 2 2 2 2 2 2 2 2 2 0 2 2 2 2 1 2 2 2 2 2 2 0 2 2 0 2 0 2 0 2 2 2 2 1 2 2 2 2 2 2 2 2 2 2 2 2 2 0 2 2 2 0 2 2 0 2 2 2 2 2 2 2 2 2 0 2 2 2 2 2 2 2 2 2 2 2 2 2 2 2 2 2 2 2 2 2 2 2 2 2 2 2 2 2 2 2 2 2 2 2 2 2 2 2 2 0 2 2 0 2 2
232 0 0 2 0 2 2 2 2 2 0 2 2 2 2 2 2 2 0 2 2 2 0 2 2 2 2 2 0 0 2 2 0 0 2 2 2 2 0 2 0 0 0 2 0 0 2 2 2 2 0 0 0 2 0 2 2 2 0 2 0 2 0 2 2 2 2 0 2 2 2 0 0 2 2 2 2 2 2 2 2 2 2 2 2 2 2 2 2 2 2 2 2 2 2 2 0 0 0 2 2 2 2 0 0 0 0 2 2 2 2 0 0 0 0 0 0 2 0 2 0 2 2 2 0 2 2 2 2 2 2 2 2 2 0 0 2 2 2 0 2 0 2 2 2 2 2 0 2 2 0 0 0 2 2 0 2 2 2 2 0 2 2 2 2 2 2 2 2 2 0 2 0 2 2 2 2 2 2 0 0 2 2 2 2 2 0 2 2 2 0 1 2 2 0 2 2 2 2 2 0 0 2 0 2 0 2 0 2 2 0 2 2 2 2 0 2 0 2 2 2 2 2 2 2 2 0 2 2 0 0 2 2 0 2 2 2 0 0 2 2 2 2 0 2 2
233 2 0 0 2 0 0 2 0 0 2 2 2 0 0 2 0 0 2 0 2 2 0 0 0 0 2 0 0 2 0 0 0 0 0 0 1 2 0 0 0 0 0 0 0 2 0 0 2 0 0 0 0 0 0 0 0 0 0 0 0 0 2 2 2 2 0 0 2 0 0 0 2 0 0 0 0 0 2 0 0 0 0 2 0 0 0 0 0 0 0 0 0 0 2 2 0 0 0 0 0 0 0 0 0 0 0 0 2 0 0 2 2 0 2 0 0 0 0 0 0 0 0 0 0 0 2 2 0 0 2 0 2 0 0 0 0 0 0 0 0 2 0 0 0 0 2 0 0 1 0 0 0 0 0 2 2 0 0 0 2 0 0 0 0 0 0 0 0 0 2 0 0 0 2 0 2 0 0 2 2 0 0 0 0 0 0 0 0 0 2 2 0 0 0 0 0 0 0 2 0 0 0 0 0 0 0 0 2 0 0 2 2 0 0 0 2 0 1 2 0 2 2 2 0 0 0 0 0 0 0 2 0 2 0 2 0 2 2 0 1 0 0 0 0 0
234 0 0 0 2 0 2 2 2 0 2 0 2 0 2 2 2 2 2 0 2 0 0 2 2 2 2 2 0 2 0 2 0 2 2 0 2 2 0 2 2 2 2 2 0 2 0 2 0 0 0 0 2 2 2 2 2 2 0 0 2 2 0 2 2 2 0 0 2 2 2 0 2 2 2 2 0 0 2 2 0 2 2 2 2 2 2 0 2 2 0 2 2 2 2 2 2 0 2 2 0 2 2 0 0 2 2 0 2 2 2 0 2 2 0 2 2 2 2 2 2 2 0 2 2 2 2 2 2 0 2 2 2 0 2 0 2 2 2 2 2 2 2 2 0 2 0 0 2 2 2 2 0 2 0 2 2 0 2 1 2 2 0 2 0 2 2 0 2 2 2 2 2 2 2 0 2 2 0 2 2 2 0 0 2 0 2 2 2 0 2 2 2 2 2 2 2 0 0 2 2 0 2 2 2 0 0 2 2 2 2 2 2 0 2 2 2 2 1 0 2 2 2 2 2 2 2 2 2 2 0 2 2 2 2 2 2 2 2 2 2 2 2 0 2 0
235 2 2 2 2 2 2 2 2 2 2 2 2 2 2 2 2 0 2 2 2 2 2 2 2 2 0 2 2 2 2 2 2 2 2 2 2 2 2 2 2 2 2 2 2 2 2 2 2 2 2 2 2 2 2 2 2 2 2 2 2 2 2 2 2 2 2 2 2 2 2 2 1 0 2 0 2 2 2 2 2 2 2 2 0 2 2 2 2 2 2 2 2 2 2 2 2 2 2 2 2 2 0 2 2 2 2 0 2 2 2 2 2 0 2 2 2 0 2 0 2 2 2 2 2 0 2 2 0 0 0 2 2 2 2 2 2 2 2 2 2 2 2 0 2 2 2 2 2 2 2 2 2 2 0 2 2 0 2 2 2 2 2 2 0 0 2 2 2 2 2 2 2 0 2 2 2 2 0 2 2 0 2 2 2 2 0 2 2 0 2 2 0 2 2 2 2 2 2 2 2 2 0 2 2 2 2 2 2 2 2 2 2 2 2 2 2 2 2 2 2 2 2 2 2 2 2 0 2 2 2 2 2 2 2 2 2 0 2 0 2 0 2 0 2 2
236 0 0 0 2 0 0 0 0 0 0 0 0 0 0 2 0 2 0 0 0 2 0 0 0 0 0 0 0 0 0 0 0 0 0 0 1 0 0 0 2 2 0 0 0 0 0 2 0 0 2 2 0 2 2 0 0 0 0 0 0 2 0 0 0 0 0 0 0 0 0 0 0 0 2 2 0 0 0 0 0 0 2 0 0 0 2 0 0 0 0 2 0 2 0 2 0 0 2 0 0 2 2 0 0 2 2 0 0 2 2 0 0 2 0 0 2 2 0 2 0 0 0 2 0 0 0 2 2 2 0 0 0 0 0 2 2 2 2 0 2 0 2 0 0 0 2 0 0 1 2 0 2 0 0 0 0 2 2 1 0 2 0 0 0 2 2 2 0 0 0 2 2 2 0 0 0 2 0 0 0 2 0 0 0 0 2 2 0 0 0 0 2 0 0 2 2 2 0 0 2 0 2 0 0 2 2 2 0 2 2 0 0 0 0 0 0 0 0 0 0 0 0 0 0 2 0 2 2 0 0 0 0 0 0 0 0 0 0 2 0 2 2 2 2 2
237 2 2 2 2 2 2 2 2 2 2 2 2 2 2 2 2 2 2 2 2 2 2 2 2 2 2 0 2 2 2 2 2 2 2 2 1 2 2 0 2 2 2 0 2 2 2 2 2 2 2 2 2 2 2 2 2 2 2 2 2 2 2 2 2 2 2 2 0 2 2 0 2 2 2 2 2 2 2 2 0 2 2 2 2 2 2 2 2 2 2 2 0 2 2 2 2 2 2 2 2 2 2 2 2 2 2 0 2 2 2 2 2 2 2 2 2 2 0 2 2 2 2 2 0 2 2 2 2 0 2 2 2 2 2 2 2 2 2 2 2 2 2 2 2 2 2 0 0 1 2 2 2 0 0 2 2 2 2 2 2 2 2 0 0 2 2 2 1 2 2 2 2 2 2 2 2 2 0 2 2 2 0 2 0 0 2 2 2 0 2 2 2 2 2 2 2 2 0 2 2 2 2 2 2 2 2 2 2 2 2 2 2 2 2 2 0 2 2 2 2 2 2 0 2 2 2 2 2 2 2 2 2 2 2 2 2 2 2 2 2 2 2 2 2 2
238 2 2 2 2 0 0 2 2 2 2 2 2 0 2 0 2 2 2 2 2 2 2 2 2 2 2 2 2 2 2 2 2 2 2 2 2 0 2 2 2 2 2 2 2 2 2 2 2 2 2 2 2 2 2 2 2 2 2 2 2 2 2 2 2 2 0 2 2 2 2 2 2 2 2 2 2 2 2 2 2 2 0 2 2 2 2 2 2 0 2 0 2 0 2 0 2 0 2 2 2 0 0 2 2 2 2 2 2 2 0 2 2 2 2 2 2 0 2 2 2 2 2 2 2 2 2 2 2 0 2 2 2 2 2 2 2 0 2 2 0 2 2 2 2 0 2 2 2 1 2 2 2 2 2 0 2 0 0 1 2 2 2 2 2 0 2 2 1 2 2 2 2 0 2 2 2 2 2 2 2 0 2 2 2 2 0 2 2 2 2 2 0 2 2 2 2 2 2 2 0 2 2 2 2 2 0 2 2 2 2 2 2 2 0 2 2 2 2 2 0 2 2 2 2 2 2 0 2 2 0 2 2 2 0 2 2 2 2 2 2 0 0 2 0 0
239 0 2 2 2 2 2 2 2 2 2 2 0 2 2 2 2 2 2 0 2 2 2 2 2 2 2 2 2 2 0 2 2 2 2 2 2 2 2 0 2 2 2 2 2 2 2 2 0 2 2 0 2 2 2 2 2 2 2 2 2 2 0 2 2 2 2 2 2 2 2 2 2 2 2 2 0 2 0 2 2 2 2 2 2 2 2 2 2 2 2 2 0 2 2 2 2 2 0 2 2 2 2 2 2 2 2 2 2 2 2 0 2 2 0 2 2 2 2 0 2 2 2 2 2 2 2 2 2 2 2 2 2 2 2 0 2 2 2 2 2 0 2 2 2 2 2 2 2 2 0 2 2 2 2 2 2 2 2 2 2 2 2 2 2 2 2 2 2 2 2 2 2 2 2 2 2 0 2 2 2 2 2 2 2 2 2 2 2 2 0 1 2 2 2 2 2 0 2 2 2 0 2 2 2 0 2 2 2 2 2 2 0 2 2 2 2 2 1 2 2 2 0 2 2 2 2 2 2 2 2 2 2 2 2 0 2 2 2 0 2 2 2 2 2 2
240 0 2 0 0 0 2 0 0 0 0 0 2 0 0 0 0 0 0 0 0 0 0 0 0 0 0 0 0 0 0 0 0 0 0 0 0 0 2 0 0 0 0 0 0 0 0 0 0 0 0 0 2 0 2 0 0 0 2 0 0 0 0 0 0 0 0 2 0 2 0 2 0 2 0 0 0 0 2 0 0 0 0 0 2 0 2 0 0 0 0 0 0 0 0 0 0 0 0 0 0 0 2 2 0 0 0 0 0 0 0 0 2 0 0 0 0 0 0 0 0 0 0 0 0 2 0 0 2 0 0 0 0 2 0 0 2 0 0 0 0 0 0 0 0 0 0 2 0 1 0 0 0 0 0 0 0 0 0 0 0 0 0 0 0 0 0 0 0 0 0 2 0 0 0 0 0 0 0 0 0 0 0 0 0 0 0 0 0 0 0 0 0 0 2 2 2 0 2 0 0 0 0 2 0 0 0 0 0 0 0 0 0 0 0 0 0 2 0 0 0 0 0 0 0 2 0 0 0 0 0 0 0 0 2 0 0 0 0 0 0 0 0 0 0 2
241 0 2 0 2 0 2 2 2 0 2 2 2 0 2 2 0 2 0 0 0 2 0 2 2 2 0 2 0 0 0 2 0 0 2 2 2 2 2 2 2 0 0 2 0 2 0 2 0 0 2 2 2 2 2 2 2 2 2 0 2 0 0 2 2 2 0 2 2 2 2 2 2 2 2 2 0 0 2 2 0 2 0 2 2 2 2 0 2 2 2 2 2 2 2 2 0 2 2 2 0 2 2 2 2 0 2 2 2 2 2 0 2 2 0 2 0 2 2 2 0 2 2 2 0 2 2 0 2 2 0 2 2 2 0 2 2 2 2 0 2 0 2 2 2 2 0 2 2 1 2 2 2 2 2 2 0 2 2 2 2 2 2 0 2 2 2 2 1 0 2 2 2 2 2 2 2 2 2 2 2 2 2 2 2 2 2 2 2 2 0 1 2 2 2 2 2 2 2 0 0 2 2 2 2 2 2 0 2 2 2 0 0 0 2 2 2 2 2 0 2 2 2 2 2 2 2 2 2 2 2 2 2 2 2 0 0 2 2 2 1 2 2 0 2 2
242 2 2 2 2 2 2 2 2 2 2 2 2 2 2 2 2 2 2 2 2 2 2 2 2 2 2 0 2 2 2 2 2 2 2 2 1 2 2 2 2 2 2 2 2 2 2 2 2 2 2 2 2 2 2 2 2 2 2 2 2 2 2 2 2 2 2 2 2 2 2 2 2 2 2 2 2 2 2 2 2 2 2 2 2 2 2 2 2 2 2 2 2 2 2 2 2 2 2 2 2 2 2 2 2 2 2 2 2 2 2 2 2 2 2 2 2 2 2 0 2 2 2 2 2 2 2 2 2 2 2 2 2 0 2 2 0 2 2 2 2 2 2 2 2 2 0 2 0 2 2 2 2 2 2 2 2 0 2 2 2 2 2 2 2 2 2 0 2 2 2 0 2 2 2 2 2 2 2 2 2 2 2 2 0 2 2 2 2 2 2 2 2 2 2 2 2 2 2 2 2 2 2 2 2 2 0 2 0 2 2 2 2 2 2 2 2 2 2 2 2 2 2 2 2 0 2 2 2 2 2 0 2 2 2 2 2 2 2 0 2 2 2 2 2 2
243 2 2 2 2 2 2 2 2 2 2 2 2 2 2 2 2 2 2 2 2 2 2 2 2 2 2 2 2 2 2 2 2 2 2 2 2 2 2 2 2 2 2 2 2 2 2 2 2 2 2 2 2 2 2 2 2 2 2 2 2 2 2 2 2 2 2 2 2 2 2 2 2 2 2 2 2 2 2 2 2 2 2 2 2 2 2 2 2 2 2 2 2 2 2 2 2 2 2 2 2 2 2 2 2 2 2 0 2 2 2 2 2 2 2 2 2 2 2 2 2 2 2 2 2 2 2 2 2 2 2 2 2 2 2 2 2 2 2 2 0 2 2 2 2 2 2 2 2 2 2 2 2 2 0 2 0 0 0 2 2 2 2 2 0 2 2 2 2 2 2 2 2 0 2 0 2 2 0 2 2 2 2 0 2 2 2 2 2 2 2 2 2 2 0 2 2 2 2 2 2 2 2 2 2 2 2 2 2 2 2 2 2 2 2 2 2 2 2 2 2 2 2 2 2 2 2 2 2 2 2 2 2 2 2 2 2 2 2 2 1 2 0 2 2 2
244 0 2 2 0 2 0 2 2 0 0 0 0 2 0 0 0 0 0 0 0 0 0 2 0 2 2 2 0 0 0 0 0 2 2 2 2 2 2 0 0 0 2 2 0 0 2 0 0 2 0 0 0 0 2 2 2 0 2 2 0 0 0 2 0 0 2 2 0 0 2 0 0 2 0 0 0 2 0 0 2 0 0 2 2 2 2 2 2 0 2 0 0 0 0 0 2 0 2 2 2 0 0 2 2 0 0 2 0 2 0 0 2 0 0 0 0 2 0 2 2 0 0 0 2 0 2 0 0 2 2 2 2 0 2 0 2 2 2 0 2 0 2 0 0 2 0 0 2 1 2 2 0 0 2 2 0 0 0 1 0 2 0 2 2 0 2 0 1 0 0 2 2 2 2 0 0 0 2 0 0 0 2 0 2 0 0 2 2 0 0 2 0 2 2 0 2 2 2 0 0 2 0 0 2 0 2 2 0 0 0 2 2 2 2 2 0 0 0 2 0 0 0 0 2 2 2 0 0 2 0 0 0 0 2 2 0 2 0 2 0 2 0 0 0 0
245 2 2 2 2 2 2 2 0 2 2 2 2 2 2 2 2 2 2 2 2 2 2 2 2 2 2 2 2 2 2 2 2 2 2 2 2 2 2 2 2 2 2 2 2 2 2 2 2 2 2 2 2 2 2 2 2 0 2 2 2 2 2 2 2 2 2 2 2 2 2 2 2 2 2 2 2 2 2 2 0 2 2 2 2 2 2 2 2 2 2 2 2 2 2 0 2 2 2 0 2 2 2 2 2 0 2 2 2 2 2 2 2 0 2 2 2 2 2 2 2 2 2 2 2 2 2 2 0 0 2 2 2 2 2 0 2 2 2 2 2 2 2 2 2 2 2 2 2 1 2 2 2 2 2 2 2 2 2 2 2 2 2 0 2 2 2 2 1 2 2 2 2 2 2 2 2 2 2 2 2 2 2 2 2 2 2 2 2 2 2 2 2 2 0 2 2 2 2 2 2 2 2 2 2 0 2 2 2 2 2 2 2 2 2 2 2 2 2 2 2 2 2 2 2 2 2 2 2 2 2 2 2 2 2 2 2 0 2 2 2 2 2 2 2 2
246 0 0 0 0 0 0 0 0 0 0 0 0 0 1 0 0 0 0 0 0 0 0 2 2 1 2 0 0 0 0 0 0 2 0 2 0 0 0 0 0 2 1 2 0 0 0 1 0 0 0 0 2 0 0 2 2 0 0 0 0 0 0 0 0 0 0 0 0 0 2 0 0 2 0 0 0 0 0 0 0 0 0 0 2 2 0 0 0 0 2 0 0 2 0 0 1 0 0 0 0 0 2 0 0 0 0 0 0 1 0 0 0 0 0 0 0 2 0 0 2 0 0 0 1 0 0 2 0 0 2 1 0 0 2 0 0 0 0 0 2 0 0 0 0 2 0 0 0 0 0 0 0 0 0 0 0 0 0 0 0 0 0 0 0 0 0 0 0 0 0 0 2 2 0 0 0 0 0 0 0 0 0 0 0 0 0 0 0 0 0 0 0 0 0 0 0 0 0 0 0 0 0 2 2 0 0 2 2 2 0 0 0 0 2 1 0 1 0 0 0 0 0 0 0 0 0 0 0 0 2 2 0 0 0 0 0 0 0 0 0 2 0 2 0 0
247 0 2 2 2 2 2 2 0 2 2 2 2 2 2 2 2 2 2 2 2 2 2 2 2 2 2 2 2 2 2 2 2 2 2 2 2 2 2 2 2 2 2 2 2 2 2 2 2 2 2 2 2 2 2 2 2 0 2 2 2 2 0 2 2 2 2 2 2 2 2 2 0 2 2 2 2 2 2 2 2 2 2 2 2 2 2 2 2 2 2 2 2 2 2 0 2 2 2 0 2 2 2 2 2 0 2 2 2 2 2 2 2 0 0 2 0 2 2 2 2 2 2 2 2 2 2 2 0 0 2 2 2 2 2 2 2 2 0 2 2 2 2 2 2 2 0 2 2 1 2 2 2 2 2 2 2 2 2 2 0 2 2 0 2 2 2 2 1 2 0 0 2 2 2 2 2 2 2 0 2 2 2 2 2 2 2 2 0 2 2 2 2 2 0 0 2 2 2 2 2 2 2 2 2 2 2 2 2 2 2 2 2 2 2 2 2 2 2 2 2 2 2 2 2 0 2 2 2 2 2 2 2 2 2 2 2 2 2 2 2 2 2 2 2 2
248 2 0 2 0 0 2 0 2 2 0 2 0 0 0 0 2 2 2 2 2 2 2 0 0 0 2 2 2 2 2 2 2 2 2 2 2 2 0 2 2 2 2 2 2 0 2 0 2 2 2 0 2 2 2 0 0 2 0 2 2 0 2 0 2 2 0 0 0 2 0 2 0 2 2 2 2 2 0 2 0 2 0 0 2 2 2 2 0 0 2 2 2 2 0 2 2 2 2 2 2 2 2 0 0 2 2 2 0 2 2 2 2 2 2 2 2 2 2 2 2 2 2 2 0 0 0 2 0 2 2 0 0 2 2 0 2 2 2 2 2 0 2 2 2 0 2 2 2 1 2 2 0 2 2 2 2 2 2 1 2 0 2 2 2 2 2 2 2 2 2 2 2 2 0 2 0 0 2 2 0 2 0 2 2 0 2 2 2 2 0 0 2 0 2 2 2 2 2 2 0 2 2 2 0 0 2 0 2 0 2 2 2 2 0 0 0 2 2 0 2 2 2 0 2 2 0 2 2 2 2 2 0 0 2 2 0 0 0 2 2 2 2 2 2 2
249 2 2 2 2 2 2 2 2 2 2 2 2 2 2 2 2 2 2 2 2 2 2 2 2 2 2 2 2 2 2 2 2 2 0 2 1 2 2 2 2 2 2 2 2 2 2 2 2 2 2 2 2 0 2 2 2 2 2 2 2 2 2 2 2 2 2 2 2 0 2 2 2 2 0 2 2 2 2 0 2 2 2 2 2 2 2 2 2 2 2 2 2 2 2 2 2 0 2 2 2 2 2 2 2 2 2 2 2 2 2 2 0 2 2 2 2 2 2 0 2 2 2 2 2 2 2 2 2 2 2 2 2 0 2 2 2 2 2 2 2 2 2 2 2 2 0 0 2 2 2 0 2 2 2 0 2 2 2 2 2 2 2 2 2 2 2 0 2 0 2 2 2 2 2 2 2 2 2 2 2 2 2 2 2 2 2 0 2 2 2 2 2 2 2 2 2 2 2 2 2 2 2 2 2 2 2 2 2 2 2 2 2 2 2 2 2 2 0 2 2 2 0 2 2 2 2 2 2 0 2 2 2 2 2 2 2 2 2 0 2 2 2 2 2 2
250 2 2 2 2 2 2 2 2 2 2 2 2 2 2 2 2 2 2 2 2 2 2 2 2 2 2 2 2 2 2 2 2 2 2 0 2 2 2 2 2 2 2 2 2 2 2 2 2 2 2 2 2 2 2 2 2 2 2 2 2 0 2 2 2 0 2 2 2 2 2 2 2 2 2 2 2 2 2 2 2 2 0 2 2 2 2 2 2 2 0 2 2 2 2 2 2 2 2 2 2 2 2 2 2 2 2 2 2 2 2 2 2 2 2 2 2 0 2 2 2 2 2 2 2 2 2 2 2 2 2 2 2 2 2 0 2 0 2 2 2 2 0 2 0 0 2 0 2 1 2 2 2 2 0 2 0 2 2 0 2 2 2 0 2 2 2 0 1 2 2 2 0 2 2 2 2 2 0 2 2 2 2 0 2 2 2 2 2 2 2 2 2 2 2 2 2 2 2 0 2 2 2 2 2 0 2 2 0 2 2 2 2 2 0 2 2 2 2 2 2 0 2 2 2 2 2 2 2 2 0 0 2 2 0 2 2 2 2 2 1 0 2 2 2 0
251 2 2 2 2 2 2 2 2 2 0 0 2 2 2 2 2 2 2 2 0 2 2 2 2 2 2 2 2 2 2 0 2 2 2 2 2 2 2 2 2 2 2 2 2 0 2 2 2 2 2 2 2 2 2 2 2 2 2 2 0 2 0 2 2 2 2 2 2 2 2 2 2 2 2 2 2 2 2 2 2 2 2 2 2 2 2 2 2 2 2 2 2 2 2 2 2 2 2 2 2 2 2 2 2 2 2 2 2 2 2 2 2 2 2 2 0 2 2 2 2 2 2 0 2 2 2 2 2 2 2 2 2 2 2 2 2 2 2 2 2 2 2 2 2 2 2 2 2 2 2 2 2 2 2 2 2 2 2 2 2 2 2 2 2 2 2 2 2 2 2 2 2 2 2 2 2 2 2 2 0 2 2 2 2 2 2 2 2 2 0 2 2 2 2 2 2 2 2 2 2 2 2 2 2 2 2 2 2 2 2 2 2 2 2 2 2 2 2 2 2 2 2 2 2 2 2 2 2 2 2 2 0 0 2 2 0 2 0 2 2 2 2 2 2 2
252 2 2 2 2 2 2 2 0 0 2 2 2 2 2 2 2 2 2 2 2 2 2 2 2 2 2 2 2 2 2 2 2 2 2 2 2 2 2 2 2 2 2 2 2 2 2 2 2 2 2 2 2 2 2 2 2 2 2 2 2 2 2 2 2 2 2 2 2 2 2 2 2 2 2 2 2 2 2 2 2 2 2 2 2 2 2 2 2 2 2 2 2 2 2 2 2 2 2 0 2 2 0 2 2 2 2 2 2 0 2 2 2 2 2 2 2 2 2 2 2 2 2 2 2 2 2 2 2 0 2 2 2 2 2 2 2 2 2 2 2 2 2 2 2 0 2 2 2 2 2 2 2 0 2 2 2 0 2 2 2 0 2 2 2 2 2 2 2 2 2 2 2 2 0 2 2 2 2 2 2 2 2 2 2 2 0 2 2 2 2 2 2 2 2 2 2 2 2 0 2 2 2 0 2 2 2 2 0 2 2 2 2 2 0 2 2 0 2 2 2 2 2 2 2 2 2 2 2 2 2 0 2 2 2 2 2 2 2 2 0 2 2 2 2 2
253 2 2 0 2 0 0 0 0 0 0 2 0 0 2 2 0 2 2 0 2 2 2 0 2 2 0 2 2 2 0 0 2 0 0 0 1 0 2 2 2 2 0 2 0 0 0 0 2 0 2 2 2 2 0 0 0 0 2 0 2 0 2 0 0 0 0 2 0 2 0 2 0 0 2 2 0 0 0 2 0 2 2 0 0 2 0 0 2 0 0 2 2 0 0 2 0 2 0 0 0 2 2 2 0 2 2 2 0 0 0 0 0 2 0 2 0 0 0 2 0 0 0 2 0 0 0 2 0 0 0 0 0 0 0 0 0 0 0 2 2 2 0 0 2 0 0 2 0 1 2 0 0 0 2 0 0 0 0 1 2 0 0 0 0 0 0 2 0 0 2 2 0 2 0 0 0 0 2 2 0 2 0 0 2 0 0 0 0 2 0 0 2 2 2 2 0 0 0 0 2 0 2 0 0 0 2 0 0 0 2 0 0 0 0 0 0 0 0 0 0 0 0 0 0 2 0 2 0 0 0 0 0 0 0 0 0 0 0 2 0 0 2 2 2 0
254 0 2 0 0 0 0 0 0 0 2 0 0 0 0 0 0 0 0 0 0 0 0 0 0 2 0 0 0 0 0 0 0 0 0 2 0 0 2 0 0 0 0 2 2 2 0 0 0 0 0 2 0 2 0 0 0 0 2 0 0 0 0 0 0 0 0 2 0 2 0 0 0 0 2 0 0 0 0 0 2 0 2 0 0 0 0 0 2 2 2 0 0 0 0 0 0 2 0 0 0 0 0 2 0 2 0 0 0 2 0 0 0 2 0 0 0 0 0 2 0 0 0 0 2 0 0 0 0 0 0 2 0 0 0 0 0 0 0 0 0 0 0 0 0 0 0 2 0 0 0 0 0 0 0 0 0 0 0 0 0 0 0 0 0 0 0 0 0 0 0 2 0 0 0 0 0 0 0 0 2 0 0 0 0 0 0 0 0 0 2 1 0 2 2 2 0 0 2 0 0 0 0 2 0 0 0 0 0 0 0 0 0 0 0 0 0 2 0 0 0 0 0 0 0 2 0 0 0 0 0 0 0 2 0 0 0 2 2 2 1 0 0 2 0 0
255 2 2 2 2 0 2 2 2 2 2 2 2 0 2 2 2 2 2 2 2 2 0 0 2 2 2 2 0 2 2 2 0 2 2 2 2 2 2 2 2 0 2 2 2 2 2 2 2 2 2 2 2 2 2 0 0 2 2 2 2 2 2 2 2 2 0 2 2 2 2 2 2 2 2 2 2 2 2 2 2 2 2 2 2 2 2 2 2 2 2 2 2 2 2 2 2 2 2 2 2 2 2 2 2 2 2 2 2 2 0 0 2 2 0 2 2 2 2 2 2 2 2 2 2 0 2 0 2 2 2 2 2 2 2 2 2 2 2 2 2 2 2 2 2 2 2 2 2 2 2 2 2 2 2 2 2 2 2 2 2 2 2 2 2 2 2 2 2 2 2 2 2 2 2 2 2 2 2 2 2 2 2 2 2 2 2 2 2 0 2 2 2 2 2 2 2 2 2 2 0 2 2 2 0 2 2 2 2 2 2 2 2 2 2 2 2 2 2 2 2 2 2 2 0 2 0 2 2 2 2 2 2 2 2 2 2 2 2 2 2 2 2 2 2 2
256 0 0 0 0 0 0 0 0 0 0 0 0 0 0 2 0 0 0 0 0 0 0 0 0 0 2 0 0 0 0 2 0 0 0 0 0 0 0 0 0 0 0 2 0 0 0 2 0 0 0 0 2 0 0 0 0 0 0 0 2 0 0 0 0 0 0 0 0 2 0 2 0 0 0 0 0 0 0 0 0 0 0 0 0 0 0 0 0 0 0 0 0 0 0 0 0 0 2 0 0 0 0 0 0 2 0 0 0 0 0 0 0 0 0 0 0 0 0 0 0 0 2 0 0 0 0 0 2 0 0 0 0 0 0 0 0 0 2 0 0 0 0 0 0 0 0 2 0 1 0 0 0 2 0 0 0 0 0 0 0 2 0 0 0 0 0 0 0 0 0 0 0 0 2 0 0 0 0 0 0 0 0 0 0 0 0 0 0 0 0 0 0 0 0 2 0 0 0 0 0 2 0 0 0 0 0 0 0 2 0 0 0 0 0 0 0 0 0 0 0 0 0 0 0 0 0 0 0 0 0 0 0 0 0 0 0 0 0 0 0 0 0 0 0 0
257 2 2 2 2 2 2 2 2 2 2 0 2 2 2 2 2 2 0 2 0 2 0 2 2 2 2 2 0 0 2 0 0 2 2 2 2 2 2 0 0 2 2 2 2 2 2 2 2 2 0 2 2 2 2 2 2 2 2 2 2 2 2 2 2 2 2 2 2 2 2 2 0 2 2 2 2 2 2 2 2 2 2 2 2 2 2 2 2 2 2 2 0 2 2 2 2 2 2 2 2 2 2 2 2 2 2 2 2 2 2 2 2 2 2 2 2 2 2 2 2 2 2 2 2 2 2 2 2 2 2 2 2 2 2 2 2 2 2 2 2 2 2 2 2 2 2 2 2 2 2 2 2 2 2 2 2 2 2 2 2 2 2 2 2 2 2 2 2 2 2 2 2 2 2 2 2 2 2 2 2 2 2 2 2 2 2 2 2 2 2 2 2 2 2 2 2 2 2 2 2 2 2 2 2 2 0 2 2 2 2 2 2 2 2 2 2 2 2 2 2 2 2 2 2 2 2 2 2 2 2 2 2 2 2 2 2 2 2 2 2 2 2 2 2 2
258 2 0 2 2 0 0 2 2 0 0 0 0 0 0 2 0 2 0 2 0 0 0 2 0 2 0 2 0 0 2 2 0 0 0 0 2 2 2 0 2 0 0 0 2 0 2 2 2 2 2 0 2 2 0 2 2 0 2 2 2 2 0 2 0 2 0 2 0 0 2 2 0 0 2 2 2 2 0 0 0 0 0 2 0 0 2 2 0 2 0 2 0 2 2 2 0 2 2 2 2 0 2 0 2 0 0 0 2 0 0 0 2 0 0 0 2 0 2 2 0 2 2 2 0 2 2 0 2 2 0 2 2 2 0 0 2 0 2 0 0 2 2 2 2 0 0 0 2 0 0 2 2 0 0 0 2 0 2 2 0 0 2 0 0 0 0 0 2 2 0 2 0 0 2 2 2 2 0 0 0 2 0 0 2 2 0 2 2 0 0 1 2 0 0 2 2 0 0 2 0 0 2 0 2 0 2 2 2 2 0 0 0 2 0 0 0 0 2 2 2 0 2 0 2 2 2 2 0 2 0 2 0 0 0 0 0 0 0 2 2 0 0 0 0 2
259 2 2 2 2 2 2 0 2 2 2 2 2 2 2 2 0 2 2 2 2 2 2 2 2 2 2 2 2 2 2 2 2 0 0 2 2 2 2 2 2 2 0 2 2 2 2 2 2 2 2 2 2 2 2 2 2 0 2 2 2 2 2 2 2 2 2 2 2 2 2 2 2 0 2 2 2 2 2 0 0 2 2 2 0 2 2 2 2 2 2 2 2 2 2 2 0 2 2 2 2 2 2 2 2 2 2 2 2 2 2 2 2 0 2 2 2 2 2 0 0 2 2 2 0 2 0 2 2 2 2 2 2 2 0 0 2 2 0 2 0 2 2 2 2 2 0 2 2 2 2 2 2 2 2 2 2 0 2 2 2 2 2 2 2 0 0 0 2 2 2 2 2 0 2 2 2 2 2 2 2 2 2 2 2 2 0 2 2 2 2 2 2 2 0 2 2 2 0 2 2 2 2 2 2 0 2 2 2 2 2 0 0 2 2 0 2 2 2 2 2 2 2 2 0 2 2 2 0 2 2 2 2 2 2 0 2 0 2 0 2 2 2 0 2 2
260 2 2 2 0 2 2 2 0 2 0 2 2 2 2 2 0 2 2 0 2 2 2 2 2 2 2 0 2 2 0 0 2 2 2 2 2 2 2 2 2 0 2 2 2 0 2 2 0 2 2 0 2 2 2 2 2 2 2 2 2 2 2 2 0 2 2 2 0 0 2 2 2 2 2 2 0 2 2 2 0 2 2 2 2 2 0 2 2 2 2 0 2 2 2 2 2 0 2 0 2 0 2 2 2 2 2 0 2 2 2 2 2 0 2 2 2 2 2 2 2 2 2 2 0 2 2 0 0 0 2 0 2 2 2 0 0 2 2 0 0 0 2 0 2 2 0 2 0 1 2 2 0 2 2 2 0 2 2 1 2 0 0 0 2 0 0 0 2 2 2 2 0 0 0 0 2 2 2 2 0 0 2 2 0 0 2 2 0 0 0 1 0 2 0 2 0 2 2 0 2 2 2 0 2 0 2 2 0 2 2 2 2 2 2 2 0 0 1 2 2 0 0 0 2 2 2 0 0 0 2 0 2 0 0 2 2 0 0 2 1 2 2 2 2 2
261 2 0 2 2 2 0 2 2 2 2 0 2 2 0 0 0 0 0 2 0 2 2 0 0 0 0 2 2 0 2 2 2 2 0 0 2 0 0 0 2 2 2 2 2 2 2 2 2 2 2 2 2 2 2 0 0 2 0 2 2 2 2 2 2 2 2 0 2 0 0 2 2 2 2 0 2 2 2 2 2 2 2 2 2 2 0 2 2 2 0 2 0 2 2 0 2 0 2 2 2 2 2 0 2 0 2 2 2 2 2 0 2 0 0 2 2 0 2 0 2 0 0 2 2 0 2 0 2 2 0 2 0 0 2 0 2 0 0 2 2 2 2 2 0 2 2 2 0 0 2 0 2 2 2 0 0 0 2 0 2 0 2 0 0 2 0 0 1 2 2 0 0 2 0 0 2 0 2 2 2 2 2 0 2 2 0 2 2 2 0 1 2 2 0 0 2 2 0 2 1 2 0 0 2 0 2 2 2 2 2 2 0 2 2 2 2 0 2 0 2 2 2 2 2 0 2 2 2 2 0 2 2 2 2 0 2 2 2 0 2 0 0 2 0 2
262 0 2 0 0 0 2 2 0 2 2 2 0 0 2 2 2 2 2 2 2 0 0 2 2 2 2 2 0 2 2 2 0 2 2 2 2 2 2 2 0 2 2 0 0 2 0 0 2 0 0 2 0 2 2 2 2 2 2 0 0 0 2 2 0 0 0 2 0 0 2 2 2 2 2 2 2 0 0 2 2 0 2 2 2 2 2 0 2 2 2 0 2 2 2 0 2 2 2 0 0 0 2 2 2 2 2 2 2 2 0 2 2 0 2 2 2 2 0 2 2 2 0 0 2 2 2 2 2 0 2 2 2 2 2 2 2 2 2 0 2 2 2 2 2 0 2 0 2 1 2 2 2 0 2 2 2 2 2 2 2 2 2 0 2 2 2 0 0 0 2 2 2 2 2 2 2 2 2 2 2 2 2 2 2 2 2 2 2 2 2 2 2 2 2 2 2 2 2 2 1 2 2 0 2 2 2 2 2 0 2 0 0 0 0 2 0 0 2 0 0 0 2 0 2 2 2 2 0 2 0 2 2 2 2 0 2 2 2 2 2 2 2 2 2 2
263 2 2 2 2 0 2 2 2 2 2 2 2 0 2 2 2 2 2 2 2 2 0 2 2 2 2 2 0 2 2 2 0 0 2 2 2 2 2 2 2 2 0 2 2 2 2 2 2 2 2 2 2 2 2 2 2 2 2 2 2 2 2 2 2 2 0 2 2 2 2 2 2 2 2 2 2 2 2 0 2 2 2 0 2 2 2 2 2 2 2 2 2 0 2 2 0 2 2 2 2 2 2 2 2 2 2 2 0 2 0 2 2 2 2 2 2 2 2 2 0 2 2 2 2 2 2 2 2 2 2 2 2 2 0 2 2 2 2 2 2 2 2 2 2 2 2 2 2 2 2 2 2 2 2 2 2 2 2 2 2 2 2 2 2 2 2 2 2 2 2 2 2 2 2 2 2 2 2 2 2 2 2 2 2 2 2 2 2 0 2 2 2 2 2 2 2 2 2 2 2 2 2 2 2 2 2 2 2 2 2 2 2 2 2 2 2 2 0 2 2 2 0 2 2 2 0 2 2 0 2 2 2 2 2 2 2 2 2 2 2 2 2 2 2 2
264 0 0 0 0 2 0 2 0 0 0 0 2 2 0 0 2 2 0 0 0 0 2 0 0 0 2 2 2 0 0 0 2 2 0 0 1 0 0 0 0 0 2 0 2 0 0 2 0 0 0 0 0 0 0 0 0 2 0 0 0 0 0 0 0 0 2 0 0 2 0 2 2 0 0 2 0 0 2 2 0 2 0 2 0 0 0 0 0 2 0 2 0 2 0 2 2 0 0 0 0 2 0 0 0 0 0 2 2 0 2 0 0 2 0 2 0 0 2 0 2 0 2 2 0 0 2 0 0 0 2 2 0 0 2 0 0 0 0 0 2 0 2 2 2 0 0 0 2 0 0 0 0 0 2 0 0 2 0 1 0 0 0 0 2 0 0 2 0 2 0 0 0 0 0 2 0 0 2 0 0 0 2 0 2 0 2 0 2 2 2 1 0 0 0 0 2 0 0 2 2 0 2 2 0 0 2 2 2 2 0 0 0 0 0 2 0 2 2 2 0 0 2 0 2 0 2 0 0 2 0 2 0 0 2 0 0 0 0 0 1 0 0 0 2 2
265 2 0 2 2 2 2 2 2 0 2 2 0 2 2 2 2 2 2 0 2 2 2 2 2 2 2 2 2 2 0 2 2 2 2 2 2 2 0 2 2 0 2 2 2 2 2 2 2 2 2 2 2 2 2 2 2 2 0 2 2 2 2 2 0 2 2 0 2 2 2 2 0 2 2 2 0 2 0 2 2 2 0 2 2 2 2 2 2 2 2 2 2 2 2 2 2 2 2 2 2 2 2 0 2 2 2 2 2 2 2 2 2 2 2 2 2 2 2 2 2 2 2 2 2 2 2 2 2 2 2 2 2 2 2 2 2 2 2 2 2 0 2 2 2 0 2 2 2 2 2 2 2 2 2 2 2 2 0 2 2 2 2 2 2 2 2 2 2 2 2 2 2 2 2 2 2 2 2 2 2 2 2 0 2 2 2 2 2 2 0 1 2 2 0 2 2 2 2 2 1 2 2 2 2 2 2 2 2 2 2 2 2 2 0 2 2 2 2 2 2 2 2 2 2 2 2 2 2 2 0 2 2 2 2 2 0 2 2 2 2 2 2 2 2 2
266 2 2 0 2 2 2 2 2 2 2 2 2 2 0 2 2 2 2 2 2 2 2 2 0 2 2 2 2 2 2 2 2 0 2 0 2 2 2 2 2 2 0 0 0 2 0 0 0 0 2 0 0 2 2 2 2 2 2 0 2 2 2 2 2 2 2 2 2 2 0 2 2 2 2 2 2 0 2 2 2 2 2 0 2 2 2 0 2 2 0 2 2 0 0 0 0 2 0 2 0 2 2 2 2 2 0 2 2 2 2 2 2 2 2 2 2 2 0 2 0 2 2 2 2 2 2 2 2 2 2 2 2 2 0 2 2 2 2 2 2 2 2 2 2 0 2 0 0 1 2 2 2 0 2 0 2 2 0 1 2 2 2 0 0 2 2 2 1 0 2 2 2 2 2 0 2 2 2 2 2 2 2 2 2 2 2 2 0 2 0 1 2 2 2 2 2 2 2 2 2 0 2 2 2 2 2 2 2 0 2 2 0 0 0 2 2 2 1 2 2 2 2 2 2 2 0 2 2 2 2 2 2 2 2 0 2 2 2 2 1 2 2 2 2 2
267 0 0 0 0 0 0 0 0 0 0 0 0 0 2 0 0 0 0 0 0 0 0 0 2 0 0 0 0 0 0 0 0 0 0 0 0 0 0 0 0 0 0 0 0 0 0 0 0 0 0 0 0 0 0 0 0 0 0 0 0 0 0 0 0 0 0 0 0 0 0 0 0 0 0 0 0 0 0 0 0 0 0 0 0 0 0 0 0 0 0 2 0 0 0 0 0 0 0 0 0 0 0 0 0 0 0 0 0 0 0 0 0 0 0 0 0 0 0 0 0 0 0 0 0 0 0 0 0 0 0 0 0 0 0 0 0 0 0 0 0 0 0 0 2 0 0 0 0 0 0 0 0 0 0 0 0 0 0 1 0 0 0 0 0 0 0 0 0 0 0 2 0 2 0 0 0 0 0 0 0 0 0 0 0 0 0 0 0 2 0 0 0 0 0 0 0 0 0 0 0 0 0 0 0 0 0 0 0 0 0 0 0 0 0 0 0 0 0 2 0 0 0 0 0 2 0 0 0 0 0 0 0 0 0 0 0 0 0 0 0 0 2 2 2 0
268 2 2 0 0 0 2 0 2 2 2 0 0 0 2 2 0 2 0 0 0 0 2 0 2 2 1 0 2 0 0 0 2 0 2 0 1 0 2 0 2 0 0 2 0 2 0 2 2 0 0 0 0 0 2 0 0 2 2 0 0 0 2 0 0 0 0 2 1 2 0 0 0 0 0 2 0 0 0 2 2 2 2 0 0 2 2 0 2 2 0 2 0 0 2 2 0 2 2 2 0 2 2 2 0 2 2 2 2 2 0 0 0 2 2 0 0 0 0 2 0 0 2 2 2 0 0 1 0 2 2 0 0 2 0 2 2 2 2 1 2 0 2 0 2 0 2 0 2 2 2 0 2 0 2 0 2 1 1 2 2 2 0 2 2 2 2 2 0 0 2 2 2 2 2 2 0 2 2 2 2 2 0 0 0 0 2 0 2 2 2 2 2 2 0 0 0 0 0 2 0 2 2 2 0 2 2 2 2 2 2 2 0 0 0 0 0 2 2 0 0 0 2 0 0 2 0 2 0 2 2 2 0 2 2 1 0 2 2 2 1 0 2 2 2 2
269 0 0 2 0 0 2 0 2 0 0 0 2 0 2 2 0 2 2 0 2 2 0 0 2 2 0 0 0 2 0 2 0 0 2 0 0 0 0 2 0 0 0 0 0 0 2 0 0 2 2 0 0 2 2 0 0 2 0 2 0 2 0 0 2 0 0 0 0 0 0 0 0 2 2 2 0 2 2 2 0 2 2 0 2 0 2 2 0 2 0 2 2 0 2 2 0 0 2 2 2 2 2 0 0 2 2 2 2 2 0 0 0 2 0 2 0 0 0 2 0 0 0 0 0 0 0 2 0 2 0 2 0 2 0 0 2 2 2 0 2 0 2 0 2 0 0 0 2 1 0 0 2 0 2 0 2 0 0 2 0 2 0 0 2 2 2 2 0 0 0 0 2 2 2 2 0 0 2 0 0 2 0 2 0 0 2 0 0 2 0 0 2 0 0 2 0 0 0 2 0 2 2 2 0 0 0 2 2 0 0 2 0 2 0 0 0 2 0 0 0 2 0 0 0 0 0 2 0 0 0 2 0 0 2 0 0 2 0 2 1 0 2 2 2 2
270 0 2 2 2 2 2 2 2 2 2 2 2 2 2 2 2 2 2 2 2 2 2 2 2 2 2 2 2 2 2 2 2 2 2 2 2 2 2 2 2 2 2 0 2 2 2 2 2 2 2 2 2 2 0 2 2 0 2 2 2 2 2 2 2 2 2 2 2 2 2 2 2 2 2 2 2 2 2 0 2 2 0 2 2 2 2 2 2 2 2 2 2 2 0 2 2 2 0 2 2 2 2 2 2 2 0 2 0 2 2 2 2 2 0 2 2 2 2 2 2 2 2 2 2 2 2 2 2 2 2 2 2 2 2 2 2 2 2 2 2 2 2 2 2 2 2 2 2 2 2 2 2 2 2 2 2 2 2 2 0 2 2 2 2 2 2 2 2 2 0 2 2 2 2 2 2 2 2 0 2 2 2 2 2 2 2 2 2 2 2 2 2 2 2 2 2 2 2 2 2 0 2 0 2 2 2 2 2 2 2 2 2 2 2 2 2 0 2 2 2 2 2 2 2 2 2 2 2 2 2 2 2 2 0 2 2 2 2 2 2 2 2 2 2 2
271 2 0 2 2 2 2 2 2 2 2 2 2 2 2 2 2 2 2 2 2 2 2 2 2 2 2 2 2 2 2 2 2 2 0 2 2 2 0 2 2 2 2 2 2 2 2 2 2 2 2 2 2 2 2 2 2 2 0 2 2 2 2 2 2 2 2 0 2 2 0 2 2 2 2 2 2 2 2 2 2 2 2 2 2 2 2 2 2 2 2 0 2 2 2 2 2 0 2 2 2 2 2 0 2 2 2 2 2 2 2 2 2 2 2 2 2 2 2 2 2 2 2 2 2 2 2 2 2 2 2 2 2 2 2 2 2 0 0 2 0 2 2 2 2 2 2 2 2 2 2 2 2 2 2 2 2 2 2 2 2 2 2 2 2 0 2 2 2 2 2 2 2 2 2 2 2 2 2 2 2 2 2 2 2 2 2 2 2 2 2 2 2 2 2 2 2 2 2 2 2 2 2 2 2 2 2 2 2 2 2 0 2 2 2 2 2 2 2 2 2 2 2 2 2 2 2 2 2 2 2 2 2 2 2 2 2 2 2 2 2 2 2 2 2 2
272 2 2 0 2 2 2 2 2 2 2 2 0 2 2 2 2 0 2 2 2 0 0 2 2 2 2 2 0 2 2 0 0 2 2 2 2 2 2 0 0 2 2 0 2 2 0 2 2 0 0 0 2 2 2 2 2 2 2 0 0 0 2 2 2 2 2 2 2 2 2 2 0 0 2 0 2 0 0 2 2 2 2 2 0 2 2 0 0 2 2 2 0 2 2 2 2 2 0 2 0 2 2 2 0 2 2 2 2 2 2 2 2 2 2 0 2 2 2 2 2 2 0 0 2 2 2 2 0 2 2 2 2 2 2 2 2 2 2 2 2 2 2 2 2 0 2 2 2 2 0 2 2 2 2 2 2 0 2 2 2 2 2 2 2 2 2 2 2 2 2 2 2 2 2 2 2 0 2 2 2 2 2 2 2 2 2 2 2 2 0 1 2 0 2 2 2 2 2 2 2 0 2 2 2 2 2 2 2 2 0 2 2 0 0 2 0 2 1 2 2 0 2 2 2 2 2 2 2 2 2 2 2 2 2 2 0 2 2 2 2 2 2 2 2 2
273 0 2 2 0 0 0 0 0 0 0 1 2 0 0 0 2 2 0 0 0 2 2 0 0 0 0 0 2 0 0 2 2 0 0 0 0 0 2 2 2 0 0 2 0 0 2 0 0 2 2 2 0 0 0 0 0 0 2 2 0 2 1 0 0 0 0 1 0 2 0 0 2 2 0 2 0 2 2 0 0 2 0 0 2 0 0 2 2 0 0 0 2 0 0 0 0 2 0 0 2 2 0 2 0 0 0 2 0 0 0 0 0 0 0 2 0 0 0 0 0 0 1 2 0 0 0 0 2 0 0 2 0 0 0 0 0 0 0 0 2 0 2 0 0 2 0 0 2 0 2 2 0 2 2 0 0 2 0 0 0 0 0 0 0 2 0 2 0 0 0 2 0 0 0 0 0 2 2 0 0 2 0 0 0 0 0 0 2 1 0 0 2 2 0 0 0 0 0 0 0 0 0 0 1 0 2 0 0 0 2 0 0 2 2 2 2 0 2 0 0 2 0 0 0 2 0 2 2 0 0 0 2 0 2 0 2 2 0 0 0 0 0 2 0 2
274 0 0 2 2 0 0 2 0 2 0 2 0 0 0 0 0 0 2 0 2 2 0 0 0 0 2 0 0 2 0 2 0 0 0 0 0 0 0 2 2 0 0 2 0 0 2 2 0 2 2 0 0 0 2 0 0 2 0 2 0 0 2 0 0 0 0 0 2 2 0 2 2 2 0 0 0 2 0 2 2 0 0 2 2 0 0 2 0 2 0 0 2 2 2 0 0 0 0 0 2 0 0 0 0 2 2 0 2 0 0 0 2 0 0 2 2 0 0 0 0 0 2 0 1 0 2 0 2 0 0 0 2 0 0 2 0 0 0 2 0 2 0 0 0 0 2 0 2 1 2 2 2 0 0 0 0 2 0 0 0 0 0 2 1 0 0 0 0 0 0 0 0 0 0 0 0 2 0 0 0 0 2 0 0 0 2 0 0 0 0 2 0 0 2 2 0 0 2 2 2 0 0 0 0 2 0 0 2 2 2 0 0 2 0 0 0 0 1 0 0 2 2 2 2 0 2 0 0 2 2 2 0 1 0 0 0 0 0 0 2 0 0 0 0 0
275 2 0 2 2 2 2 2 2 0 2 2 2 2 0 2 2 2 0 2 2 2 2 2 0 0 0 2 2 0 2 2 2 2 0 2 1 2 0 2 2 2 2 2 2 2 2 2 2 2 2 2 2 2 2 2 2 2 0 2 2 2 2 2 2 0 2 0 2 0 2 2 2 2 2 2 2 2 2 2 2 2 2 2 2 2 2 2 2 2 2 2 2 2 2 2 2 0 2 2 2 2 2 0 2 2 2 2 2 2 2 2 2 2 2 2 2 2 2 2 2 2 2 2 2 2 2 2 2 2 2 2 2 2 2 0 2 2 2 2 2 2 2 0 2 2 2 2 2 2 2 2 2 2 2 2 2 2 1 2 2 0 2 2 2 2 2 2 2 2 2 2 2 2 0 2 2 2 2 2 2 2 2 2 2 2 2 2 2 2 2 2 2 2 0 2 2 2 2 2 2 2 2 2 2 0 2 2 2 2 2 0 2 2 2 2 2 2 2 2 2 2 2 2 2 2 2 2 2 2 2 2 2 2 2 2 2 2 2 2 2 2 2 2 2 2
276 2 0 2 0 0 0 0 0 0 2 2 0 0 0 2 0 2 0 2 0 2 0 0 0 0 2 0 0 0 2 0 0 2 0 0 1 2 0 0 0 0 0 0 2 2 2 0 2 0 0 0 0 0 2 0 0 0 0 2 0 2 0 2 2 2 0 0 0 0 2 0 2 2 0 2 2 2 0 2 0 0 0 0 2 2 0 2 0 2 0 2 0 0 0 0 2 0 2 0 2 2 2 0 2 2 2 2 2 2 0 0 2 0 2 0 0 0 2 0 2 0 0 2 2 2 0 2 2 0 2 2 0 2 2 2 0 2 2 2 0 0 2 2 2 0 2 0 2 1 2 2 0 0 2 0 0 0 0 2 0 0 2 0 2 0 2 0 2 2 0 2 0 2 0 0 2 2 2 0 2 2 0 2 0 0 0 0 0 2 0 1 2 0 2 2 2 0 2 0 0 2 2 2 2 2 2 0 0 0 2 0 0 2 0 2 2 2 1 0 2 2 0 0 0 2 0 2 2 0 2 0 0 2 2 0 0 0 2 0 1 0 2 2 2 2
277 2 2 2 2 2 2 2 2 2 2 2 2 2 2 2 2 2 2 2 2 2 2 2 2 2 2 2 2 2 2 2 2 2 2 2 2 2 2 2 2 2 2 2 2 2 2 2 2 2 2 2 2 2 2 2 2 2 2 2 2 2 2 0 0 2 2 2 2 2 0 2 2 2 2 2 2 2 2 2 2 2 2 2 2 2 2 2 2 2 2 2 2 2 2 2 2 2 2 2 2 2 2 2 0 2 2 2 2 2 2 2 2 2 2 2 2 2 2 2 2 2 2 2 2 2 2 0 2 2 2 2 2 2 2 2 2 2 0 2 2 2 2 2 2 2 2 2 0 2 2 0 2 2 0 2 2 2 2 2 2 0 2 2 2 2 2 2 2 2 2 2 2 0 0 2 2 2 0 2 2 2 2 2 2 2 2 2 2 0 2 2 2 2 2 0 2 2 2 2 2 2 0 2 0 2 0 2 2 2 2 2 0 2 2 2 0 2 2 2 2 2 2 2 2 2 2 2 0 2 2 2 2 2 0 0 2 2 2 2 2 2 0 0 2 0
278 2 2 0 0 0 0 2 0 2 2 2 2 0 0 2 0 0 2 2 2 2 2 2 0 2 2 0 2 2 2 2 2 0 0 0 1 2 2 2 2 2 2 2 0 2 0 2 0 2 2 2 2 2 2 2 2 2 2 0 2 2 2 0 2 2 0 2 2 2 0 2 2 2 2 0 2 0 2 2 0 2 2 2 2 0 0 0 2 2 0 0 2 2 2 0 0 2 2 0 0 0 0 2 2 0 2 0 2 2 0 2 2 2 2 0 0 0 0 2 0 0 2 2 2 2 2 2 0 0 0 2 2 0 0 0 0 2 2 0 0 2 0 0 0 2 0 2 2 1 0 2 2 2 0 2 2 2 0 0 2 2 2 2 0 0 2 2 0 0 2 0 0 0 2 0 2 0 0 2 2 0 2 0 0 0 0 2 0 0 2 2 0 2 2 2 0 2 0 2 2 0 0 0 0 0 0 2 0 2 2 0 2 0 2 2 2 0 1 2 0 0 0 2 2 0 2 0 0 0 2 0 0 2 2 2 2 2 2 2 1 0 0 2 0 0
279 2 2 2 2 2 2 2 2 2 2 2 2 2 2 2 2 2 2 2 2 2 2 2 2 2 2 0 2 2 2 2 2 2 0 2 1 2 2 2 2 2 2 2 2 2 2 2 2 2 2 2 2 2 2 2 2 2 2 2 2 2 2 2 2 2 2 2 2 2 2 2 2 2 2 2 2 2 2 2 2 2 2 2 2 2 0 2 2 2 2 0 2 2 2 2 2 2 2 2 2 2 2 2 2 2 2 2 2 2 2 2 2 2 2 2 2 2 2 2 2 2 2 2 2 2 2 2 2 2 2 2 2 2 2 2 0 2 2 2 2 2 0 2 2 2 2 2 2 2 2 2 0 2 2 2 2 2 2 2 2 0 2 2 2 2 2 2 2 2 2 2 0 0 0 2 2 2 2 2 2 0 2 2 0 2 2 2 2 2 2 2 0 2 2 2 2 2 2 2 2 2 0 2 2 2 2 2 2 2 2 2 2 2 2 2 2 2 1 2 2 2 0 2 2 2 2 0 2 0 2 2 2 2 2 2 2 2 2 2 2 2 2 2 2 2
280 2 2 2 2 2 2 2 2 2 2 2 2 2 2 2 2 0 2 2 2 0 2 0 2 2 2 2 2 2 2 0 2 2 2 2 2 2 2 2 0 2 2 2 2 2 2 2 2 0 0 0 2 2 2 0 0 2 2 2 2 2 2 2 2 2 2 2 2 0 2 2 2 2 2 0 2 2 2 2 2 0 2 2 2 2 2 2 0 2 2 2 2 2 2 2 2 2 0 2 2 2 2 2 2 2 2 2 2 2 2 2 2 2 2 2 2 2 2 0 2 0 2 2 2 2 2 2 2 2 2 2 2 2 2 2 2 2 2 2 2 2 2 2 2 2 2 2 2 2 2 0 2 2 2 2 2 2 2 2 2 2 2 2 2 2 2 2 2 2 2 2 2 2 2 0 2 2 2 2 2 2 2 2 2 2 2 2 2 2 2 2 2 0 2 2 2 2 2 2 2 2 2 2 2 2 2 2 2 2 2 2 2 2 2 2 0 2 1 0 2 2 2 2 2 2 2 2 2 2 2 2 2 2 2 2 2 0 2 0 2 2 2 2 2 2
281 2 2 2 2 2 2 2 2 2 0 0 2 2 2 2 2 2 0 0 2 0 2 2 2 2 2 2 2 0 0 2 2 2 2 2 2 2 2 2 2 2 2 2 2 0 2 2 2 2 2 2 2 2 2 2 2 2 2 2 2 2 2 2 2 2 2 2 2 2 2 2 0 2 2 2 0 2 2 2 2 2 2 2 2 2 2 2 2 2 2 2 2 2 2 2 2 2 2 2 2 2 2 2 2 2 2 2 2 2 2 2 2 2 0 2 2 2 2 2 2 2 2 0 2 2 2 2 2 2 2 2 2 2 2 2 2 2 2 2 2 2 2 2 2 2 2 2 2 2 2 2 2 2 2 2 2 2 2 2 0 2 2 2 2 2 2 0 2 2 0 2 2 2 2 2 2 2 2 0 2 2 2 2 2 2 2 2 2 2 2 2 2 2 2 2 2 2 2 2 2 2 2 2 2 2 2 2 2 2 2 2 2 2 2 2 2 2 2 2 2 2 2 2 2 2 2 2 2 2 2 2 2 2 2 2 2 2 2 2 2 2 2 2 2 2
282 0 2 0 0 0 0 0 0 0 0 0 0 0 0 2 0 0 0 0 0 0 0 0 0 0 0 0 0 0 0 0 0 0 0 2 0 2 2 0 0 0 0 0 0 0 0 0 0 0 0 2 0 2 0 0 0 0 2 0 0 0 0 2 0 0 0 2 0 0 2 0 0 0 2 0 0 0 0 0 0 2 0 0 0 0 0 0 2 0 2 0 0 0 0 0 0 2 0 0 0 0 0 2 0 0 0 0 0 2 0 0 0 0 0 0 0 0 2 0 0 0 0 0 0 2 0 0 0 0 0 0 0 0 0 0 0 0 0 0 0 0 0 0 0 0 0 0 0 1 0 0 0 0 0 0 0 0 0 0 0 0 0 0 0 0 0 0 0 0 0 0 0 0 0 0 0 0 0 0 0 0 0 0 0 0 0 2 0 0 0 1 0 2 0 2 0 0 0 0 0 0 0 0 2 0 0 0 2 0 2 0 0 0 0 0 2 0 0 0 1 0 0 0 0 0 0 0 0 0 0 2 0 0 0 0 0 2 0 0 0 0 0 0 0 0
283 0 0 2 2 2 2 2 2 2 2 2 2 2 2 0 2 2 2 2 2 2 2 2 2 2 2 2 2 2 2 2 2 2 2 2 2 2 0 2 2 2 2 2 2 2 2 2 2 2 2 2 2 2 2 2 2 2 0 2 2 2 2 2 2 2 2 0 2 2 2 2 2 2 2 2 2 2 2 2 2 2 2 0 2 2 2 2 2 2 2 2 2 0 2 2 2 0 2 2 2 2 2 0 2 2 2 2 2 0 2 2 2 2 2 2 2 2 2 2 2 2 2 2 2 2 2 2 2 2 2 2 2 2 2 2 2 2 2 2 2 2 2 2 2 2 2 2 2 1 2 0 2 2 2 0 2 2 2 2 2 2 2 2 2 2 2 2 2 2 2 2 2 2 2 2 2 2 2 2 2 2 2 2 2 2 0 2 2 2 2 2 2 2 2 2 2 0 2 2 2 2 2 2 2 2 2 2 0 2 2 0 2 2 2 2 2 2 2 2 2 2 2 2 2 2 0 2 2 2 2 0 2 2 2 2 2 2 2 2 2 2 2 2 2 2
284 2 2 0 2 2 2 2 0 0 2 0 2 2 2 2 2 2 0 2 0 2 0 2 2 2 2 2 0 0 2 2 0 0 2 0 2 2 2 0 2 2 2 2 2 2 0 2 0 0 2 2 2 2 2 2 2 2 2 0 0 2 2 0 2 2 2 2 2 2 2 2 2 2 2 2 2 0 2 2 2 2 2 2 2 2 2 0 2 2 0 2 0 2 0 2 0 2 2 0 0 2 2 2 2 2 2 2 2 2 2 2 2 0 2 2 2 2 2 2 0 0 2 0 2 2 2 2 2 2 2 2 0 2 0 2 2 2 0 2 2 2 2 2 2 2 2 2 2 2 2 2 2 2 2 2 2 0 2 2 2 2 2 2 2 2 2 2 2 2 2 2 2 2 2 2 2 2 2 2 2 2 2 2 2 2 2 0 2 2 2 2 2 2 2 2 2 2 0 2 2 2 2 2 2 2 2 2 2 2 2 2 2 0 2 0 2 2 2 2 2 2 2 2 2 2 2 2 2 2 2 2 2 2 2 2 2 2 2 2 2 2 2 2 2 2
285 2 2 0 2 2 2 2 2 2 2 2 2 2 2 0 2 2 2 2 2 2 0 2 2 2 2 0 0 2 2 2 0 2 2 2 1 2 2 2 2 2 2 2 2 2 0 2 2 0 2 2 2 2 2 2 2 2 2 0 2 2 2 2 2 2 2 2 2 2 2 2 2 2 2 2 2 0 2 2 2 2 2 2 2 2 2 0 2 2 2 2 2 2 2 2 2 2 2 2 0 2 2 2 2 0 2 2 2 2 2 2 2 2 0 2 2 2 2 0 2 2 2 2 2 2 2 2 2 2 2 2 2 2 2 2 2 2 2 2 2 2 2 2 2 2 2 2 2 1 2 2 2 2 2 2 2 2 2 2 2 2 2 0 2 2 2 2 2 2 2 2 2 2 2 2 2 2 2 2 2 2 2 2 0 2 2 2 2 2 2 2 2 2 2 2 2 0 2 0 2 2 2 2 2 2 2 2 2 2 2 2 2 0 2 2 2 2 1 2 2 2 0 2 2 2 2 2 2 0 2 2 2 2 2 2 2 2 2 0 1 2 2 2 2 2
286 2 2 0 2 0 2 2 2 0 2 2 2 0 2 0 2 2 2 2 2 2 2 2 2 2 2 2 2 2 2 2 2 2 0 2 2 2 2 2 2 2 2 2 2 2 0 2 2 0 2 2 2 2 2 2 2 2 2 0 2 2 2 2 2 2 0 2 2 2 2 2 2 2 2 2 2 0 2 2 2 0 2 2 2 2 2 0 2 2 2 2 2 2 2 2 2 2 2 2 0 2 2 2 2 2 2 2 2 2 0 2 2 2 2 2 2 2 2 2 2 0 2 2 2 2 2 2 2 0 2 2 2 2 2 2 2 2 2 2 2 2 2 2 2 2 2 2 2 1 2 0 2 2 2 2 2 2 2 2 2 2 2 2 2 2 2 2 2 2 2 2 2 2 2 2 2 2 2 2 2 2 2 2 2 2 2 2 2 2 2 1 0 2 2 0 2 2 2 0 2 2 2 2 2 2 2 2 2 2 2 2 0 0 2 2 2 2 1 2 2 2 2 2 2 2 2 0 0 2 2 2 2 2 2 0 2 2 2 2 1 2 2 2 2 2
287 2 0 0 0 0 0 0 0 0 0 0 0 0 0 0 0 0 0 0 0 0 0 2 0 0 0 0 0 0 0 0 0 0 0 2 0 2 0 0 0 0 0 0 0 0 0 0 0 0 0 0 0 0 0 2 2 0 0 0 0 0 0 0 2 0 0 0 2 0 0 0 0 0 0 0 0 0 0 2 0 0 0 2 0 0 0 0 0 0 2 0 0 2 2 0 0 0 0 0 0 0 0 0 0 0 0 0 2 2 0 0 0 0 0 0 0 0 0 0 0 0 2 0 0 0 0 0 0 0 0 0 0 0 0 0 0 0 0 2 0 0 0 0 0 2 0 0 0 0 0 0 0 0 0 2 0 0 0 0 0 0 0 0 0 0 0 0 1 0 0 0 0 0 0 0 2 0 0 0 0 0 0 2 0 0 2 0 0 0 0 0 0 0 0 0 0 0 0 0 0 0 0 0 0 0 0 0 2 0 0 0 0 0 2 0 2 0 0 0 2 2 0 2 0 0 2 0 0 0 0 2 0 0 0 0 0 0 0 0 0 0 0 0 0 0
288 2 2 2 2 2 2 2 2 2 2 2 2 2 2 2 2 2 2 2 2 2 0 2 2 2 2 2 0 2 2 2 0 2 2 0 2 2 2 2 2 2 2 2 0 2 2 2 2 2 2 2 2 2 2 2 2 2 2 2 2 2 2 0 2 0 2 2 2 2 2 2 2 0 2 2 2 2 2 0 2 2 2 0 0 0 2 2 2 0 0 2 2 0 0 0 2 2 2 2 2 2 0 2 2 2 2 2 2 0 2 2 2 2 2 2 2 2 2 2 2 0 2 2 0 2 2 2 0 0 2 2 0 0 2 2 2 2 2 2 2 2 2 2 2 2 2 0 2 2 2 0 2 2 2 2 2 2 2 2 2 2 2 2 2 2 2 2 2 0 2 2 2 2 2 2 0 2 2 2 2 0 2 0 2 0 0 0 2 2 2 2 2 2 2 2 2 0 2 2 1 2 2 2 0 2 2 0 0 2 2 2 2 2 2 2 2 2 2 2 2 2 2 2 2 2 0 2 2 2 2 0 2 2 2 2 2 2 2 2 2 2 2 0 2 2
289 0 0 0 0 0 0 0 0 0 0 0 0 0 0 0 0 0 0 0 0 0 0 0 0 0 0 0 0 0 0 0 0 0 0 2 0 0 0 0 0 0 0 0 0 0 0 0 0 0 0 0 0 0 0 0 0 0 0 0 0 0 0 2 0 0 0 0 0 0 0 0 0 2 0 0 0 0 0 2 0 0 0 2 2 0 0 0 0 0 2 0 0 2 2 2 0 0 0 0 0 0 2 0 0 0 0 0 0 2 0 0 0 0 0 0 0 0 0 0 0 2 0 0 0 0 0 0 2 0 0 0 2 2 0 0 0 0 0 0 0 2 0 0 0 0 0 0 0 0 0 2 0 0 0 2 0 0 0 0 0 0 0 0 0 0 0 0 0 0 0 2 0 0 0 0 2 0 0 0 0 0 0 0 0 0 0 2 0 0 0 0 0 0 0 2 0 2 0 0 0 0 0 0 2 0 0 2 2 0 0 0 0 0 0 2 0 0 0 0 0 0 0 0 0 2 2 0 0 0 0 2 0 0 0 0 0 0 0 0 0 0 0 2 0 0
290 2 0 2 2 2 2 2 2 2 2 2 2 2 2 2 2 2 2 2 2 2 2 2 2 2 2 2 2 2 2 2 2 2 2 0 2 0 0 2 2 2 2 2 2 2 2 2 2 2 2 2 2 2 2 2 2 2 0 2 2 2 2 0 2 2 2 0 2 2 2 2 2 2 2 2 2 2 2 0 2 2 2 0 2 2 2 2 2 2 0 2 2 0 0 0 2 0 2 2 2 2 0 0 2 2 2 2 2 0 2 2 2 2 2 2 2 2 2 2 2 0 2 2 2 2 2 2 0 2 2 2 0 0 2 2 2 2 2 2 2 2 2 2 2 2 2 0 2 2 2 0 2 2 2 2 2 2 2 2 2 2 2 2 2 2 2 2 2 2 2 2 2 2 2 2 0 2 2 2 2 2 2 2 2 2 2 0 2 2 2 2 2 2 2 2 2 0 0 2 2 2 2 2 0 2 2 0 0 2 2 2 2 2 2 2 2 2 2 2 2 2 2 2 2 2 0 2 2 2 2 0 2 2 2 2 2 2 2 2 2 2 2 0 2 2
291 0 0 0 0 2 2 2 0 0 0 0 0 2 0 2 2 0 0 0 0 0 0 2 0 0 0 2 0 0 0 0 0 0 2 2 1 0 0 0 0 0 0 0 0 0 0 2 0 0 0 0 2 0 0 2 2 0 0 0 0 0 0 2 0 0 2 0 0 2 0 2 0 0 0 0 0 0 0 2 0 0 2 0 0 0 0 0 0 0 2 2 0 0 2 2 0 0 0 0 0 0 2 0 0 0 2 0 2 2 2 0 0 0 0 0 0 2 0 0 0 2 2 0 2 0 2 0 2 0 0 2 2 2 0 0 0 0 2 0 0 0 0 0 2 0 0 2 2 1 2 2 2 0 0 2 2 2 2 2 0 0 2 0 0 0 2 0 0 0 0 0 0 0 0 2 2 0 0 0 0 0 0 2 2 0 0 2 2 0 0 0 0 0 0 2 0 2 2 0 0 2 0 0 2 0 0 1 2 2 2 2 2 0 0 2 0 0 2 2 0 0 2 0 2 0 0 0 0 2 2 2 2 0 0 2 0 0 0 0 0 2 0 2 0 0
292 2 0 2 2 2 2 2 2 0 2 0 0 2 2 0 2 2 2 0 0 2 2 2 2 2 2 2 2 2 0 2 2 0 2 0 2 0 0 2 2 2 0 2 2 2 2 0 0 2 2 2 0 2 0 2 2 0 0 2 2 2 0 0 2 2 2 0 2 0 0 0 2 2 2 2 0 2 0 0 0 2 0 2 2 2 2 2 2 0 0 2 2 2 0 0 0 0 2 2 2 2 0 0 0 0 0 2 0 0 2 0 0 2 0 2 0 2 2 2 0 0 0 0 0 0 2 2 0 0 2 2 0 0 0 0 2 2 2 0 2 2 2 2 2 2 0 0 0 1 0 0 0 2 2 2 2 0 2 2 0 0 2 0 2 2 0 2 2 2 0 2 2 2 0 2 0 2 2 0 0 2 0 2 2 0 0 0 2 2 0 1 2 2 0 2 2 0 0 2 0 0 2 2 0 0 2 0 0 0 0 0 0 2 2 2 2 2 1 0 2 2 0 2 2 2 2 2 2 0 0 0 2 0 2 0 0 0 0 2 2 2 2 0 2 2
293 2 0 0 0 2 2 2 0 0 0 0 0 2 0 2 2 2 0 0 0 2 0 2 0 0 2 2 0 0 0 0 0 0 2 0 1 0 0 0 0 2 0 0 2 0 0 2 0 0 0 0 2 2 0 2 2 0 0 0 0 2 0 0 2 2 2 0 2 2 0 2 0 2 2 2 0 0 0 0 2 2 2 2 2 2 2 0 0 0 0 2 0 2 0 0 0 0 2 0 0 2 2 0 2 0 2 2 0 0 2 0 0 2 0 0 0 2 2 2 0 0 0 0 2 2 2 2 0 0 2 0 0 2 0 2 2 2 2 0 2 0 2 2 0 2 2 2 2 1 2 0 2 0 2 2 2 2 2 0 0 0 2 0 2 0 2 2 0 2 0 0 2 2 0 2 0 0 2 0 0 2 0 0 2 2 0 0 2 2 0 1 0 0 2 0 2 0 0 2 0 2 0 2 0 2 2 0 0 2 2 0 0 0 2 2 2 2 2 0 0 2 2 2 2 0 2 0 2 2 2 0 2 0 2 0 2 2 0 2 2 2 2 0 2 2
294 2 2 0 0 2 2 2 2 0 0 2 2 2 0 2 2 2 0 2 0 2 2 2 0 2 2 2 2 0 2 0 2 2 2 2 2 2 2 2 0 2 2 2 2 0 0 2 2 0 0 0 2 2 2 2 2 2 2 0 0 2 0 2 2 2 2 2 2 2 2 2 2 2 2 2 2 0 2 2 2 2 2 2 2 2 2 0 2 2 2 2 2 2 2 2 2 2 2 2 0 2 2 2 2 2 2 2 2 2 2 2 2 2 2 0 2 2 2 2 2 2 2 0 2 2 2 2 2 2 2 2 2 2 2 2 2 2 2 2 2 0 2 2 2 2 2 2 2 1 2 2 2 2 2 2 2 2 2 2 2 2 2 0 2 2 2 2 1 2 2 2 2 2 2 2 2 2 2 2 0 2 2 2 2 2 2 2 2 2 0 1 2 2 2 2 2 2 2 2 2 2 2 2 2 2 2 2 2 2 2 2 2 0 2 2 2 2 2 2 2 2 2 2 2 2 2 2 2 2 2 2 2 0 2 2 2 2 0 2 2 2 2 2 2 2
295 2 2 0 0 2 2 2 2 2 2 0 0 2 2 2 2 2 0 2 0 2 2 2 2 2 2 2 2 0 2 2 2 2 2 2 2 2 2 0 2 2 2 2 2 2 0 2 2 0 2 0 2 2 2 2 2 2 2 0 2 2 2 2 2 2 2 2 2 2 2 2 2 2 2 2 2 0 0 2 2 2 2 2 2 2 2 0 2 2 2 2 0 2 2 2 2 2 2 2 0 2 2 2 2 2 2 2 2 2 2 2 2 2 2 2 2 2 2 2 2 2 2 2 2 2 2 2 2 2 2 2 2 2 2 2 2 2 2 2 2 2 2 2 2 2 2 2 2 2 2 2 2 2 2 2 2 2 2 2 2 2 2 2 2 2 2 2 2 2 2 2 2 2 2 2 2 2 2 2 2 2 2 2 2 2 2 2 2 2 2 2 2 2 2 2 2 2 2 2 2 2 2 2 2 2 2 2 2 2 2 2 2 0 2 2 2 2 2 2 2 2 2 2 2 2 2 2 2 2 2 2 2 2 2 2 2 2 2 2 2 2 2 2 2 2
296 2 2 2 0 2 2 2 2 2 2 0 2 2 2 2 2 0 0 2 0 2 2 2 2 2 2 0 2 0 2 0 2 2 2 2 2 2 2 2 0 2 2 2 2 2 2 2 2 2 0 2 2 2 2 2 2 2 2 2 2 2 2 2 2 2 2 2 2 2 2 2 2 2 2 0 2 2 2 2 2 0 2 2 0 2 0 2 2 0 2 2 2 2 2 2 2 2 2 2 2 0 0 2 2 2 2 2 2 2 2 2 2 0 2 2 2 2 2 2 2 2 2 2 2 2 2 2 0 0 2 0 2 0 2 2 0 2 2 2 0 2 2 2 0 2 0 2 0 2 2 0 0 2 2 2 0 2 2 0 2 2 2 2 2 2 0 0 2 2 2 2 0 2 2 0 2 2 2 2 2 2 2 2 0 0 2 2 2 2 2 2 2 2 2 0 0 2 2 2 1 2 2 0 2 2 2 2 2 2 2 0 2 2 2 0 2 0 2 2 2 2 2 2 2 2 2 2 0 2 2 2 2 2 0 2 0 2 2 2 0 2 0 2 0 2
297 0 0 0 0 0 0 0 0 2 2 0 0 0 2 2 0 2 0 0 0 0 0 0 2 0 0 0 0 0 0 2 0 0 0 0 0 0 0 0 2 0 0 0 2 2 0 0 0 0 2 0 0 0 0 0 0 0 0 0 2 0 0 0 2 0 0 0 2 2 0 0 0 0 0 2 0 0 0 0 0 0 0 0 0 2 0 0 0 0 0 0 0 0 0 0 0 0 0 0 0 0 0 0 0 2 0 0 0 2 0 0 0 0 0 2 2 0 0 0 0 0 0 0 0 0 0 0 0 0 0 0 0 0 0 0 0 0 0 0 2 2 0 0 2 0 2 0 0 1 0 0 0 0 0 0 0 0 0 2 0 0 2 0 0 0 0 0 1 2 0 0 0 0 0 0 0 0 0 0 2 2 0 0 0 0 0 0 0 0 2 1 0 0 0 0 0 0 0 0 0 0 0 0 0 0 0 0 0 0 0 0 0 0 0 0 2 0 1 0 2 0 0 2 0 0 0 0 0 0 2 0 0 2 2 0 0 0 2 0 0 0 0 0 0 0
298 2 0 0 2 2 2 2 2 2 0 2 2 2 2 2 2 2 0 2 2 2 2 2 2 2 2 2 2 0 2 2 2 2 2 2 2 2 0 0 2 2 2 2 2 0 0 2 2 0 2 2 2 2 2 2 2 2 0 0 2 2 2 2 2 2 2 0 2 2 2 2 0 2 2 2 2 0 2 2 2 2 2 2 2 0 2 0 2 2 2 2 0 2 2 2 2 0 2 2 0 2 2 0 2 2 2 2 2 0 2 2 2 2 0 2 2 2 2 2 2 2 2 2 2 2 2 0 2 2 2 2 2 2 2 2 2 2 2 2 2 0 2 2 2 2 2 2 2 2 2 2 0 2 2 2 2 2 2 2 0 2 2 2 2 2 2 2 2 2 0 2 2 2 2 2 2 2 2 0 0 0 2 2 2 2 0 2 2 2 2 2 2 2 2 2 2 2 0 2 2 2 2 2 2 2 2 2 2 2 2 2 2 0 2 2 2 2 2 2 2 2 2 2 2 2 2 2 2 2 2 2 2 0 2 2 2 2 0 2 2 2 2 2 2 2
299 2 0 2 2 2 2 2 2 2 0 2 0 2 2 0 0 2 2 2 2 2 2 2 2 2 0 2 2 2 2 2 2 2 2 0 1 0 0 2 2 2 2 2 2 0 2 2 2 2 2 2 2 2 2 2 2 2 0 2 2 2 2 2 2 0 2 0 2 2 2 2 2 0 2 2 2 2 0 1 2 0 2 0 2 2 2 2 2 0 0 0 2 2 0 2 2 0 0 2 2 0 2 0 0 0 0 0 0 2 2 2 2 2 2 2 2 0 0 2 2 0 2 2 2 2 2 2 0 0 0 0 2 2 2 2 0 0 0 2 2 0 0 0 2 2 2 2 0 1 0 0 2 2 0 2 0 0 2 2 0 2 2 0 0 0 0 0 0 2 0 2 0 2 2 0 2 2 0 0 0 2 0 0 2 0 2 0 2 0 2 2 0 2 0 0 0 2 0 2 2 0 0 0 0 2 0 0 2 2 0 2 0 2 2 0 2 0 1 2 0 2 0 2 2 2 2 0 0 0 0 2 0 0 0 0 2 0 0 2 2 0 0 0 0 0
300 2 2 2 2 2 2 2 2 0 0 0 2 2 2 2 2 2 2 2 0 2 2 2 2 2 2 2 2 2 2 2 2 0 2 2 2 2 2 2 2 2 2 2 2 0 2 2 2 2 0 2 2 2 2 2 2 2 2 2 0 2 2 2 0 2 2 2 0 2 2 2 2 2 2 2 2 2 2 2 2 2 2 2 2 2 2 2 2 2 2 2 2 2 2 2 0 2 2 2 2 2 2 2 2 2 2 2 2 2 2 2 2 2 0 2 2 2 2 2 0 2 2 2 2 2 2 0 2 2 2 2 2 2 0 2 2 2 2 2 2 0 2 2 2 2 2 2 2 2 2 2 2 2 2 2 2 2 2 2 0 2 2 2 2 2 2 2 2 2 0 2 2 2 2 2 2 2 2 0 0 2 2 2 2 2 2 2 2 2 2 2 2 2 2 2 2 2 2 2 2 2 2 2 2 2 2 2 2 2 2 2 2 2 2 2 0 2 2 2 2 2 2 0 2 2 2 2 2 2 2 2 2 0 2 2 2 2 0 2 2 2 2 2 2 2
301 2 0 2 2 2 2 2 2 2 2 2 2 2 2 2 2 2 2 2 2 2 2 2 2 2 0 2 2 2 2 2 2 2 2 2 1 2 0 2 2 2 2 2 2 2 2 2 2 2 2 2 2 2 2 2 2 2 0 2 2 2 2 2 2 2 2 0 2 2 2 2 2 2 2 2 2 2 2 2 2 0 2 2 2 2 2 2 2 2 2 0 2 2 2 2 2 0 2 2 2 0 2 0 2 2 2 0 2 2 2 2 2 2 2 2 2 2 2 2 2 2 2 2 2 2 2 2 2 0 0 0 2 2 2 2 0 2 0 2 2 2 2 2 2 2 2 2 2 2 2 2 2 2 0 2 2 2 2 2 2 2 2 2 0 2 2 2 2 2 2 2 2 2 2 2 2 2 0 2 2 2 2 2 2 2 2 2 2 0 2 2 2 2 2 0 0 2 2 2 2 2 2 0 2 2 2 2 2 2 2 2 2 2 2 2 2 0 2 2 2 2 2 2 2 2 2 2 0 2 2 2 2 2 2 2 2 2 2 2 2 2 0 2 0 0
302 2 0 2 2 0 0 0 2 0 2 2 2 0 2 0 2 0 2 2 2 2 2 2 2 2 2 2 2 2 2 2 2 2 0 2 1 2 0 2 2 2 2 2 0 2 2 2 2 2 0 2 2 2 2 2 2 2 0 2 2 2 2 0 2 0 0 0 2 2 0 2 2 2 2 0 2 2 2 0 2 0 0 2 0 2 2 2 2 0 2 0 2 0 0 2 2 0 2 2 2 0 0 0 2 0 2 0 0 2 0 2 0 2 2 2 2 2 2 0 2 0 2 2 2 2 0 2 0 0 2 0 0 0 2 2 0 0 2 2 0 2 0 0 0 2 0 2 0 0 2 0 0 2 0 0 0 2 0 0 2 2 0 0 0 0 2 0 1 0 2 0 0 0 2 0 0 0 0 2 2 2 2 2 2 0 2 0 2 0 2 2 0 2 2 0 0 0 0 2 2 2 2 0 0 2 2 2 0 2 2 2 0 2 2 2 2 0 2 0 2 2 2 2 0 0 0 0 0 2 2 0 2 2 0 0 2 2 2 0 2 2 0 2 0 0
303 2 0 2 2 0 0 0 2 0 2 2 2 0 2 0 2 0 2 2 2 2 2 2 2 2 2 2 2 2 2 2 2 2 0 2 1 2 0 2 2 2 2 2 0 2 2 2 2 2 0 2 2 2 2 2 2 2 0 2 2 2 2 0 2 0 0 0 2 2 0 2 2 2 2 0 2 2 2 0 2 0 0 2 0 2 2 2 2 0 2 0 2 0 0 2 2 0 2 2 2 0 0 0 2 0 2 0 0 2 0 2 0 2 2 2 2 2 2 0 2 0 2 2 2 2 0 2 0 0 2 0 0 0 2 2 0 0 2 2 0 2 0 0 0 2 0 2 0 0 2 0 0 2 0 0 0 2 0 0 2 2 0 0 0 0 2 0 1 0 2 0 0 0 2 0 0 0 0 2 2 2 2 2 2 0 2 0 2 0 2 2 0 2 2 0 0 0 0 2 2 2 2 0 0 2 2 2 0 2 2 2 0 2 2 2 2 0 2 0 2 2 2 2 0 0 0 0 0 2 2 0 2 2 0 0 2 2 2 0 2 2 0 2 0 0
304 2 0 2 0 0 0 0 0 2 2 2 0 0 2 0 0 0 2 2 2 2 2 2 2 2 2 0 2 2 2 2 2 2 0 0 0 0 0 2 2 2 2 2 2 2 2 2 2 2 2 0 0 2 2 2 2 2 0 2 2 2 2 0 2 2 0 0 2 0 0 0 2 2 2 0 2 2 0 0 2 0 2 2 0 0 0 2 2 2 0 0 2 2 0 0 2 0 2 0 2 0 0 0 2 2 2 0 0 0 0 2 0 2 2 2 2 2 0 0 2 0 2 2 2 0 0 2 0 0 2 0 0 0 2 2 0 0 2 2 0 2 0 0 0 2 0 2 2 1 2 0 0 0 0 0 2 2 0 0 2 0 2 0 0 0 0 0 2 2 2 2 0 0 0 0 0 2 0 2 2 0 2 0 0 0 0 0 0 0 2 1 0 2 0 0 0 0 2 0 2 2 0 0 0 2 0 2 0 2 2 2 0 2 2 2 2 0 1 0 2 2 0 2 0 2 2 0 0 0 2 0 0 2 0 0 0 0 2 0 0 2 0 2 0 0
305 0 2 2 2 2 2 2 2 2 2 0 0 2 2 2 2 2 2 0 2 2 2 2 2 0 2 2 2 2 0 2 2 2 2 2 1 2 2 2 2 2 0 2 0 2 2 2 0 2 0 2 2 2 2 2 2 2 2 2 2 2 2 2 2 0 2 2 2 2 2 2 2 0 2 2 0 2 0 2 2 2 0 2 2 2 2 2 2 0 2 2 2 2 2 2 2 2 2 2 2 2 2 2 2 0 2 2 2 2 2 0 2 2 2 2 2 2 2 2 2 2 2 2 0 2 2 0 2 2 2 2 2 2 2 2 2 2 2 2 2 2 2 2 2 2 2 2 2 2 2 2 2 2 2 2 2 2 2 2 2 2 2 2 2 2 2 0 1 0 2 2 2 2 2 2 2 2 2 2 2 2 2 2 2 2 2 2 2 2 2 2 2 2 0 2 2 2 2 2 2 2 2 2 2 2 2 0 2 2 2 2 2 2 2 2 2 2 1 2 0 2 0 2 2 2 2 2 2 0 0 2 2 2 2 2 0 0 2 2 2 2 2 2 2 2
306 2 2 0 0 2 2 2 2 2 2 2 2 2 2 2 0 0 2 2 2 2 2 2 2 2 0 0 2 2 2 0 2 2 2 2 1 2 2 2 0 2 2 2 0 2 0 2 2 0 0 0 0 2 2 2 2 2 2 0 2 2 2 2 0 0 2 2 0 0 2 0 2 2 2 0 2 0 2 2 2 0 0 2 2 0 0 0 0 2 2 0 2 2 2 2 2 2 2 2 0 0 0 2 2 0 2 0 2 0 2 2 2 0 2 0 2 2 0 2 2 2 2 2 0 2 2 2 2 0 0 0 2 0 2 2 0 2 0 0 0 2 0 0 0 2 2 2 2 1 2 2 2 0 0 2 2 0 2 0 2 2 2 2 0 2 2 2 0 0 2 0 0 0 2 0 2 2 0 2 2 0 2 2 0 0 0 2 2 0 2 2 2 0 2 0 0 0 0 2 2 2 0 2 2 2 2 2 2 2 2 2 2 0 2 2 0 2 2 2 0 2 2 0 2 0 2 2 0 2 2 2 0 2 0 2 2 2 2 2 2 2 0 2 0 0
307 0 2 0 2 2 0 2 0 0 0 2 0 2 0 0 0 0 0 0 0 0 0 2 0 2 2 2 0 0 0 0 0 2 2 2 2 2 2 0 0 0 0 0 2 0 0 2 0 0 0 2 2 0 0 2 2 0 2 0 0 0 2 0 0 2 2 2 0 2 2 2 0 0 0 0 0 0 0 2 2 2 2 2 2 0 0 0 0 0 2 2 0 0 2 2 2 2 0 0 0 2 2 2 0 2 2 2 2 0 2 0 2 2 0 0 2 0 2 2 2 2 2 0 2 2 2 2 2 2 0 0 2 2 2 2 2 0 0 0 0 0 0 2 0 0 2 0 0 1 2 2 0 2 2 2 0 2 2 0 0 0 2 2 2 0 2 2 1 2 0 0 0 2 0 2 2 0 2 0 0 0 2 0 2 0 2 2 0 2 0 1 0 0 0 2 2 2 2 2 0 2 2 2 2 2 0 2 2 2 2 0 2 0 0 2 0 2 0 2 0 0 0 0 2 0 0 0 2 0 2 2 0 0 2 2 2 0 0 2 2 0 2 2 2 2
308 0 2 0 2 2 0 2 0 0 0 2 0 2 0 0 0 0 2 0 0 0 0 2 0 2 2 0 0 2 0 0 0 0 2 2 1 2 2 0 0 0 0 0 0 0 0 2 0 0 0 2 0 0 0 2 2 0 2 0 0 0 0 0 0 0 2 2 0 0 2 0 2 0 0 0 0 0 0 2 2 0 0 2 2 0 0 0 0 0 2 0 0 0 2 2 0 2 2 0 0 0 0 2 0 0 2 0 2 0 2 0 2 0 0 0 2 0 0 2 0 2 2 0 0 2 2 2 2 0 0 0 2 0 0 2 0 0 0 0 0 0 0 0 0 0 2 0 0 0 2 2 0 0 0 2 0 0 2 0 0 0 2 2 0 0 0 2 0 0 0 0 0 0 0 0 2 0 0 0 2 0 2 0 0 0 0 2 0 0 0 1 0 0 0 0 0 0 0 2 0 2 0 2 2 2 0 2 2 2 2 0 2 0 0 2 0 2 0 2 0 0 0 0 2 0 0 0 0 0 0 2 0 2 0 2 2 0 2 2 2 0 0 2 0 0
309 0 2 0 2 2 0 2 0 0 0 2 0 2 0 0 0 0 2 0 0 0 0 2 0 2 2 0 0 2 0 0 0 0 2 2 1 2 2 0 0 0 0 0 0 0 0 2 0 0 0 2 0 0 0 2 2 0 2 0 0 0 0 0 0 0 2 2 0 0 2 0 2 0 0 0 0 0 0 2 2 0 0 2 2 0 0 0 0 0 2 0 0 0 2 2 0 2 2 0 0 0 0 2 0 0 2 0 2 0 2 0 2 0 0 0 2 0 0 2 0 2 2 0 0 2 2 2 2 0 0 0 2 0 0 2 0 0 0 0 0 0 0 0 0 0 2 0 0 0 2 2 0 0 0 2 0 0 2 0 0 0 2 2 0 0 0 2 0 0 0 0 0 0 0 0 2 0 0 0 2 0 2 0 0 0 0 2 0 0 0 1 0 0 0 0 0 0 0 2 0 2 0 2 2 2 0 2 2 2 2 0 2 0 0 2 0 2 0 2 0 0 0 0 2 0 0 0 0 0 0 2 0 2 0 2 2 0 2 2 2 0 0 2 0 0
310 2 2 2 2 2 2 2 2 2 2 2 2 2 2 0 2 0 2 2 2 2 2 2 2 2 2 2 2 2 2 2 2 2 2 2 2 2 2 2 2 2 2 2 2 2 2 2 2 2 2 2 2 2 2 2 2 2 2 2 2 2 2 2 2 2 2 2 2 2 2 2 2 2 2 0 2 2 2 2 2 0 2 2 2 2 0 2 2 2 2 0 2 2 2 2 2 2 2 2 2 0 0 2 2 2 2 0 2 2 2 2 2 2 2 2 2 2 2 2 2 2 2 2 2 2 2 2 2 2 0 2 2 0 2 2 2 2 2 2 2 2 2 2 2 2 2 2 2 1 2 2 2 2 0 2 2 0 2 2 2 2 2 2 0 2 2 2 2 2 2 2 2 2 2 2 2 2 0 2 2 2 2 2 2 2 2 2 2 0 2 2 2 2 2 0 0 2 2 2 2 2 2 2 2 2 2 2 2 2 2 2 2 2 2 2 2 2 2 2 2 2 2 2 2 2 2 2 0 2 2 2 2 2 0 2 2 2 2 2 2 2 0 2 2 0
311 0 2 0 2 2 0 2 0 0 0 2 0 2 0 0 0 0 2 0 0 0 0 2 0 2 2 0 0 2 0 0 0 2 2 2 1 2 2 0 0 0 0 0 0 0 0 2 0 0 0 2 0 0 0 2 2 0 2 0 2 0 2 0 0 0 2 2 0 0 2 0 2 0 0 0 0 0 0 2 2 0 0 2 2 0 0 0 0 0 2 0 0 0 2 2 2 2 2 0 0 0 0 2 0 0 2 0 2 0 2 0 2 0 0 0 2 2 0 2 2 2 2 0 0 2 2 2 2 0 0 0 2 0 2 2 0 0 0 0 0 0 0 0 0 0 2 0 0 0 2 2 0 0 0 2 0 0 2 0 0 0 2 2 0 0 0 2 0 0 0 0 0 0 0 0 2 0 0 0 2 0 2 0 0 0 0 2 0 0 0 1 0 0 0 0 0 0 0 2 0 2 0 2 2 2 0 2 2 2 2 0 2 0 0 2 0 2 1 2 0 0 0 0 2 0 0 0 0 0 0 2 0 2 0 2 2 0 2 2 2 2 0 2 0 0
312 2 2 0 2 2 2 2 2 0 2 2 2 2 2 2 2 2 2 2 2 2 2 2 2 2 2 2 2 2 2 0 2 2 2 2 2 2 2 2 0 2 2 2 2 2 0 2 2 0 0 2 2 2 2 2 2 2 2 0 2 2 2 2 2 2 2 2 2 2 2 2 2 2 2 2 2 0 2 2 2 2 2 2 2 2 2 0 2 2 2 2 2 2 2 2 2 2 2 2 0 2 2 2 2 2 2 2 2 2 2 2 2 2 2 0 2 2 2 2 2 2 2 2 2 2 2 2 2 2 2 2 2 2 2 2 2 2 2 2 2 2 2 2 2 2 2 2 2 2 2 2 2 2 2 2 2 2 2 2 2 2 2 2 2 2 2 2 2 2 2 2 2 2 2 2 2 2 2 2 2 2 2 2 2 2 2 2 2 2 2 2 2 2 2 2 2 2 2 2 2 2 2 2 2 2 2 2 2 2 2 2 2 0 2 2 2 2 2 2 2 2 2 2 2 2 2 2 2 2 2 2 2 2 2 2 2 2 2 2 2 2 2 2 2 2
313 2 0 2 0 0 2 0 2 2 2 2 2 0 2 2 2 2 2 2 2 2 2 0 2 2 2 2 2 2 2 2 2 2 0 0 2 2 0 2 2 2 2 2 2 2 2 2 2 2 2 0 2 2 2 0 0 2 0 2 2 2 2 2 2 2 0 0 2 2 0 2 2 2 2 2 2 2 2 1 2 2 2 2 0 2 2 2 2 2 0 2 2 2 2 0 2 0 2 2 2 2 2 0 2 2 2 2 2 2 0 2 2 2 2 2 2 2 2 2 2 0 2 2 2 2 0 2 0 2 2 2 2 2 2 2 2 2 2 2 2 2 2 2 2 2 2 2 2 2 2 0 2 2 2 0 2 2 2 2 2 2 2 0 2 2 2 2 2 2 2 2 2 2 2 2 2 2 2 2 2 2 2 0 2 2 2 0 2 2 2 1 2 2 2 2 2 2 2 0 2 2 2 0 0 2 2 2 0 2 2 2 0 2 2 0 2 0 2 0 2 2 2 2 0 2 2 2 2 2 2 0 2 2 2 0 2 2 2 2 0 2 2 0 2 2
314 2 2 2 2 2 2 2 2 2 2 2 2 2 2 2 2 2 2 2 2 2 2 2 2 2 2 2 2 2 2 2 2 2 2 2 2 2 2 2 2 2 2 2 2 2 2 2 2 2 2 2 2 2 2 2 2 2 2 2 2 2 2 2 2 2 2 2 2 2 2 2 2 2 2 2 2 2 2 2 2 2 2 2 2 2 2 2 2 2 2 0 2 2 2 2 2 2 2 2 2 0 0 2 2 2 2 0 2 2 2 2 2 2 2 2 2 2 2 2 2 2 2 2 2 2 2 2 2 2 2 2 2 0 2 2 2 2 2 2 2 2 2 2 2 2 2 2 2 2 2 2 2 2 0 2 2 0 2 2 2 2 2 2 0 2 2 2 2 2 2 2 2 2 2 2 2 2 0 2 2 2 2 2 2 2 2 2 2 0 2 2 2 2 2 0 0 2 2 2 2 2 2 2 2 2 2 2 2 2 2 2 2 2 2 2 2 2 2 2 2 2 2 2 2 2 2 2 0 2 2 2 2 2 0 2 2 2 2 2 2 2 0 2 2 0
315 2 2 2 2 2 0 2 2 2 2 2 2 2 2 0 2 2 2 2 2 2 2 2 2 2 2 2 2 2 2 2 2 2 2 2 2 2 2 2 2 2 2 2 2 2 2 2 2 2 2 2 2 2 2 2 2 2 2 2 2 2 2 0 2 2 2 2 2 2 2 2 2 2 2 2 2 2 2 2 2 0 2 2 2 0 2 2 2 2 2 2 2 0 2 2 2 2 2 2 2 2 2 2 2 2 2 2 2 0 2 2 2 2 2 2 2 2 2 2 2 2 2 2 2 2 2 2 2 2 2 2 0 2 2 2 2 0 2 2 2 2 2 2 2 2 2 2 2 1 2 2 2 2 2 2 2 2 2 2 2 2 2 2 2 0 2 2 2 2 2 2 2 2 2 2 2 2 2 2 2 0 2 2 2 0 2 2 2 2 2 2 2 2 2 2 2 2 2 2 2 2 0 2 2 2 2 2 2 2 2 2 2 2 2 2 2 2 2 2 2 2 2 2 2 2 0 2 2 2 2 2 2 2 2 2 2 2 2 2 2 2 2 2 0 2
316 2 2 2 0 2 0 2 2 2 2 2 2 2 2 0 2 2 2 2 2 2 2 2 2 2 2 2 2 2 2 2 2 2 2 2 2 0 2 2 2 2 2 2 2 2 2 2 2 2 2 2 2 2 2 2 2 2 2 2 2 2 2 2 2 2 2 2 2 2 2 2 2 2 2 2 2 2 2 1 2 0 2 2 0 0 0 2 2 2 2 0 2 2 0 2 2 2 2 2 2 0 0 2 2 2 2 0 0 0 2 2 2 0 2 2 2 2 2 2 2 2 2 2 2 0 2 2 2 2 0 0 2 0 2 2 0 0 0 2 0 2 0 0 2 2 0 2 2 1 2 2 2 2 0 2 2 0 2 2 2 2 0 2 0 0 2 2 2 2 2 2 0 2 2 2 0 2 0 2 2 0 2 2 2 0 0 2 2 0 2 2 2 2 2 0 0 2 0 0 2 2 0 2 2 2 0 0 2 2 2 2 2 2 2 2 2 2 2 0 2 2 2 2 2 2 2 2 0 2 2 2 2 2 0 2 0 2 2 2 0 2 0 2 0 0
317 2 2 2 2 2 2 2 2 2 2 2 2 2 2 2 2 2 2 2 2 2 2 2 2 2 2 2 2 2 2 2 2 2 2 2 2 2 2 2 2 2 2 2 0 2 2 2 2 2 2 2 2 2 0 2 2 2 2 2 2 2 2 2 2 0 2 2 2 0 2 2 2 2 2 2 2 2 2 2 2 2 0 2 2 2 2 2 0 0 2 2 2 2 2 2 2 2 2 2 2 2 2 2 2 2 0 2 2 2 2 2 2 2 2 2 2 2 2 2 2 2 2 2 2 2 2 2 2 2 2 2 2 2 2 2 2 2 2 2 2 2 2 2 2 2 2 2 0 2 2 2 0 2 2 2 0 2 2 2 2 2 2 2 2 2 2 2 2 0 2 2 2 2 2 2 2 2 2 2 0 2 0 2 2 2 2 2 2 2 2 2 2 0 2 2 2 2 2 2 1 2 2 0 2 2 2 2 2 2 0 0 2 2 2 2 2 0 2 2 2 2 2 2 2 2 2 2 2 2 2 2 2 0 2 2 2 2 0 2 2 2 2 2 2 2
318 2 2 2 2 2 2 2 2 2 0 2 2 2 2 0 2 2 2 0 2 2 2 2 2 2 2 2 2 2 0 2 2 2 2 2 2 2 2 2 2 2 2 2 2 0 2 0 2 2 2 2 2 2 2 2 2 2 2 2 2 2 2 2 2 2 2 2 2 2 2 2 2 2 2 2 0 2 2 2 2 2 2 2 2 2 0 2 2 2 2 2 2 2 2 2 2 2 2 2 2 2 2 2 2 2 2 2 2 2 2 2 2 2 0 2 2 2 2 2 2 2 2 2 2 2 2 2 2 2 0 2 2 2 2 2 2 2 2 2 0 0 2 2 2 2 2 2 2 1 2 2 2 2 2 2 2 2 2 2 2 2 2 2 2 2 2 2 2 2 2 2 2 2 2 2 2 2 2 2 0 2 2 2 2 2 2 2 0 2 2 2 2 2 2 2 2 2 2 2 1 2 2 2 2 2 0 2 2 0 2 2 2 2 2 2 2 2 2 2 2 2 2 2 2 2 2 2 2 2 2 2 2 0 2 2 2 2 0 2 2 2 2 2 2 2
319 2 2 2 2 2 2 2 2 0 2 0 2 2 0 2 2 2 2 2 2 2 2 0 0 2 0 2 2 2 2 2 2 2 2 2 2 2 2 2 2 2 2 2 2 2 2 2 2 2 2 2 2 2 2 0 0 2 2 2 2 2 2 2 2 2 2 2 2 0 2 2 2 2 2 2 2 2 2 2 2 2 2 2 2 2 2 2 2 2 2 2 2 2 2 2 2 2 2 2 2 2 2 2 2 2 2 2 2 2 0 2 2 2 2 2 2 2 2 2 2 2 2 0 2 2 2 2 2 2 2 2 2 2 2 2 0 2 2 2 2 2 0 0 2 2 0 2 2 2 2 2 2 2 2 2 2 2 2 2 2 2 2 2 2 0 2 0 2 2 2 2 2 2 2 2 2 2 2 2 2 2 2 2 2 2 2 2 2 2 2 2 2 2 2 2 2 2 2 2 2 2 2 2 2 2 2 2 2 2 2 2 2 2 2 2 2 2 2 2 2 2 2 2 2 2 2 2 2 2 2 2 2 2 2 2 2 2 2 2 2 2 2 2 2 2
320 2 2 2 2 2 2 2 2 2 2 2 2 2 2 2 2 2 2 2 2 2 0 2 2 2 2 2 0 2 2 2 0 2 2 2 2 2 2 2 2 2 2 2 0 2 2 0 2 2 2 2 0 2 2 2 2 2 2 2 2 2 0 2 2 2 2 2 2 0 2 2 2 2 2 2 2 2 2 2 2 2 0 2 2 2 2 2 2 2 2 2 2 2 2 2 2 2 2 2 2 2 2 2 2 2 2 2 2 2 2 2 2 2 2 2 2 2 0 2 2 2 2 2 2 2 2 0 2 0 2 2 2 2 2 2 2 2 2 2 2 2 2 2 2 2 2 2 2 2 0 2 2 2 2 2 2 2 2 2 2 2 2 2 2 2 2 2 2 0 2 0 2 2 2 2 2 2 2 2 2 2 2 2 2 2 0 2 2 2 2 2 2 2 2 2 2 2 2 2 1 2 2 0 2 2 2 2 2 0 2 2 2 2 2 2 2 0 2 2 2 2 2 2 2 0 2 2 2 2 0 2 2 2 2 2 2 2 2 2 2 2 2 2 2 2
321 2 2 2 2 2 2 2 2 2 2 2 2 2 2 2 2 2 2 2 2 2 0 2 2 2 2 2 0 2 2 2 0 2 2 2 2 2 2 2 2 2 2 2 0 2 2 0 2 2 2 2 0 2 2 2 2 2 2 2 2 2 0 2 2 2 2 2 2 0 2 2 2 2 2 2 2 2 2 2 2 2 0 2 2 2 2 2 2 2 2 2 2 2 2 2 2 2 2 2 2 2 2 2 2 2 2 2 2 2 2 2 2 2 2 2 2 2 0 2 2 2 2 2 2 2 2 0 2 0 2 2 2 2 2 0 2 2 2 2 2 2 2 2 2 2 2 2 2 2 0 2 2 2 2 2 2 2 2 2 2 2 2 2 2 2 2 2 2 0 2 0 2 2 2 2 2 2 2 2 2 2 2 2 2 2 0 2 2 2 2 2 2 2 2 2 2 2 2 2 1 2 2 0 2 0 2 2 2 0 2 2 2 2 2 2 2 0 2 2 2 2 2 2 2 0 2 2 2 2 0 2 2 2 2 2 2 2 2 2 2 2 2 2 2 2
322 2 2 2 1 2 2 2 2 2 2 2 0 2 2 2 0 2 0 0 2 2 0 2 2 2 0 2 0 0 0 2 0 2 2 2 2 2 2 0 2 2 0 2 2 2 2 2 0 2 2 0 2 2 2 2 2 0 2 2 2 0 2 2 1 2 2 2 0 2 2 2 2 2 2 2 0 2 0 2 2 2 2 2 2 2 2 2 0 2 2 2 0 2 2 2 2 2 0 2 2 2 0 2 2 0 2 2 2 2 2 0 2 0 0 2 2 2 2 2 2 2 2 2 1 2 2 2 2 2 2 2 2 0 2 0 2 2 2 0 2 2 2 2 2 0 2 2 0 2 2 0 2 2 2 2 1 0 2 2 0 0 2 2 2 2 2 2 2 2 0 0 2 2 0 2 2 0 2 0 2 2 2 2 2 2 0 2 2 2 2 2 2 0 2 2 2 2 2 2 2 2 2 0 2 0 2 2 0 2 2 0 2 2 0 2 0 0 2 2 2 0 2 0 2 0 2 2 2 2 0 0 0 2 2 2 0 0 2 2 2 2 2 2 2 2
323 2 0 0 2 2 2 0 2 2 2 2 0 2 2 2 2 2 0 0 0 2 0 0 2 0 2 2 0 0 0 0 0 0 0 2 2 0 0 0 0 2 0 0 0 2 0 2 0 0 2 0 2 2 2 0 0 2 0 0 0 0 0 0 2 0 2 0 2 0 2 0 0 2 2 2 0 0 0 2 0 2 0 2 2 2 2 0 2 2 2 2 0 2 2 0 0 0 2 2 0 2 0 0 2 2 2 2 2 2 0 0 2 2 0 0 2 2 2 2 0 0 0 2 2 2 0 0 0 2 2 0 2 0 0 2 2 2 2 2 2 2 2 2 0 2 2 0 2 1 2 2 0 2 2 2 2 0 0 0 2 0 0 0 2 2 2 2 0 0 2 0 2 2 0 2 2 2 2 2 2 2 0 2 2 2 0 0 2 2 2 1 0 2 0 2 2 0 0 2 1 2 2 2 0 2 2 0 2 2 0 2 0 0 2 0 2 2 2 2 0 2 2 2 0 0 2 0 2 2 2 2 2 2 2 0 2 0 2 2 2 2 2 0 2 2
324 2 0 0 2 0 2 0 2 0 0 0 0 0 0 2 0 2 0 0 0 0 0 0 0 0 0 2 0 0 0 0 0 0 0 2 1 0 0 0 0 0 0 0 0 0 0 0 0 0 0 0 0 2 0 0 0 0 0 0 0 0 0 0 0 0 0 0 0 0 0 0 0 0 2 2 0 0 0 0 0 0 0 2 0 0 2 0 0 0 2 2 0 0 0 0 0 0 0 2 0 2 0 0 0 0 0 2 0 0 0 0 0 2 0 0 0 0 0 0 0 0 0 0 0 0 0 0 0 2 0 0 0 0 0 0 2 2 0 0 2 0 2 2 0 0 0 0 0 1 0 0 0 0 2 0 0 0 0 0 0 0 0 0 2 0 0 0 0 0 0 0 0 2 0 2 0 0 2 0 0 0 0 2 2 2 0 0 2 2 0 0 0 0 0 2 2 0 0 2 0 0 2 0 0 0 0 0 0 0 0 0 0 0 0 0 0 0 1 2 0 0 2 0 0 0 0 0 2 2 0 0 0 0 2 0 0 0 0 0 2 0 2 0 2 2
325 2 2 0 2 2 2 2 2 2 2 0 0 2 2 2 0 2 0 2 0 2 2 2 2 2 0 2 2 0 2 0 2 0 2 2 1 2 2 0 0 0 0 2 2 2 0 2 0 0 2 0 2 2 2 2 2 2 2 0 0 0 0 2 2 2 2 2 2 2 2 2 0 2 2 2 2 0 0 1 2 2 2 2 2 2 2 0 2 2 2 2 0 2 2 2 0 2 2 2 0 2 2 2 2 2 2 2 2 2 2 0 2 2 2 0 2 0 2 0 0 2 2 2 2 2 2 2 0 2 2 2 2 2 0 0 2 2 2 2 2 2 2 2 2 0 2 2 2 2 0 2 2 2 2 0 2 2 2 2 0 2 2 2 2 2 2 2 2 2 0 2 2 2 2 2 2 2 2 0 2 2 2 2 2 2 2 2 2 2 2 2 2 2 2 2 2 2 2 2 2 0 2 2 2 0 2 2 2 2 2 2 2 0 0 2 2 2 2 2 2 0 2 2 2 2 2 2 2 2 2 2 0 2 2 2 2 2 2 0 2 0 2 2 2 2
326 0 0 0 0 0 2 0 0 0 2 0 0 0 2 0 2 0 0 2 0 0 0 0 2 0 0 0 0 0 2 0 0 0 0 2 0 0 0 0 0 0 0 0 0 2 0 0 0 0 0 0 0 0 0 0 0 0 0 0 0 0 0 0 0 0 0 0 0 0 0 0 0 0 0 0 2 0 0 0 0 0 0 2 0 0 0 0 0 0 2 0 0 2 0 0 0 0 0 0 0 0 0 0 0 0 0 0 0 0 0 0 0 0 2 0 0 2 0 2 0 0 0 0 0 0 0 0 0 0 0 0 2 0 0 0 2 0 0 0 0 2 0 2 0 0 0 0 0 1 0 0 2 0 0 0 0 0 0 0 0 0 0 0 0 0 0 2 0 0 0 2 0 0 0 0 0 0 0 0 2 0 0 0 2 0 0 2 2 2 0 0 0 0 0 0 2 0 2 0 0 0 0 0 0 0 0 0 0 0 0 0 0 0 0 0 0 0 1 2 0 0 2 0 0 2 2 0 0 2 0 0 2 2 0 0 0 0 2 2 0 2 0 0 0 0
327 2 0 0 0 0 0 0 0 0 0 0 0 0 0 0 2 0 0 0 0 0 0 0 0 0 0 2 0 0 0 0 0 0 0 0 2 0 0 0 0 0 0 0 0 0 0 0 0 0 0 0 0 0 0 0 0 0 0 0 0 0 0 0 0 0 0 0 0 0 2 0 0 0 0 0 0 0 0 0 0 0 0 0 0 0 0 0 2 0 0 0 0 0 0 0 0 0 0 0 0 0 0 0 0 0 0 0 0 0 0 0 0 0 0 0 0 2 0 0 0 0 0 0 0 0 0 0 0 0 0 0 0 0 0 0 2 0 0 0 0 0 0 2 0 0 2 0 0 0 0 2 0 0 0 0 0 0 2 0 0 2 0 0 0 0 2 2 0 0 0 0 0 2 2 0 0 0 0 0 0 0 0 0 2 2 2 0 2 0 0 0 0 2 0 0 2 0 0 2 0 0 2 0 0 0 0 0 0 0 0 0 0 0 0 0 0 0 0 0 0 0 0 0 0 0 0 0 0 0 0 0 2 0 0 0 0 0 0 0 2 2 0 0 0 0
328 0 0 0 0 0 0 0 2 0 2 0 0 0 2 0 2 2 0 0 0 2 0 0 2 0 2 2 0 0 0 0 0 0 0 0 2 0 0 0 0 2 0 2 2 2 0 2 0 0 0 0 0 2 2 0 0 2 0 0 0 2 2 0 0 0 0 0 0 0 2 0 2 2 2 2 0 0 0 0 2 0 2 0 0 0 2 0 2 2 0 2 0 0 0 2 0 0 0 2 0 2 2 0 0 2 0 2 0 0 0 0 0 2 0 0 0 2 2 0 0 0 0 2 2 0 0 0 0 0 2 2 0 2 0 2 2 2 0 0 0 2 2 2 0 2 0 2 0 0 0 2 0 0 2 0 2 2 2 0 0 2 0 0 2 2 2 2 1 2 0 0 0 0 2 0 0 0 2 0 2 0 0 0 2 2 2 0 2 2 0 0 0 2 2 2 2 0 0 2 2 0 0 2 0 2 0 0 0 2 0 2 0 0 2 0 0 2 1 0 2 2 0 0 0 0 0 0 2 0 0 0 2 2 2 0 0 0 2 0 2 2 2 2 2 2
329 2 2 2 2 2 2 2 2 2 2 2 2 2 2 2 2 2 2 2 2 2 2 2 2 2 2 2 2 2 2 2 2 0 2 2 2 2 2 2 0 0 2 2 2 2 2 2 2 2 2 2 2 2 2 2 2 2 2 2 2 2 2 2 2 2 2 2 2 0 2 2 2 2 2 2 2 2 2 2 2 2 2 2 2 2 2 2 2 2 2 2 2 2 2 2 0 2 2 2 2 2 2 2 2 2 2 2 2 2 2 2 2 2 2 2 2 2 2 2 0 2 0 2 2 2 2 2 2 0 2 2 2 2 0 2 2 2 2 2 2 2 2 2 2 2 0 2 2 2 2 2 2 2 2 2 2 2 0 2 2 2 0 2 2 2 2 2 2 2 2 0 2 2 2 2 2 2 2 2 2 2 2 0 2 2 0 2 2 2 2 2 2 2 2 2 2 2 2 2 2 2 2 2 2 2 2 2 0 2 2 2 2 2 2 2 2 2 2 2 2 2 2 2 2 0 2 2 2 2 2 0 2 2 2 2 0 2 2 2 2 2 2 2 2 2
330 0 0 2 0 0 0 0 0 0 0 0 2 0 0 0 0 0 0 0 0 0 2 0 0 0 0 0 2 0 0 0 2 0 0 0 0 0 0 0 0 0 2 0 0 0 2 0 2 2 0 0 0 0 0 0 0 0 0 2 2 0 0 0 0 0 0 0 0 0 0 0 0 0 0 0 0 2 2 0 2 0 0 0 0 0 2 2 0 0 0 0 0 0 0 0 0 0 0 0 2 0 0 0 0 0 0 0 0 0 0 2 0 0 0 0 0 0 0 0 0 0 0 0 0 0 0 0 0 0 0 0 0 0 0 2 0 0 0 0 2 0 0 2 0 0 0 0 0 0 0 2 0 0 0 0 0 0 0 0 0 2 0 0 0 0 0 0 0 0 0 0 0 0 0 0 0 0 0 0 0 0 0 0 2 0 0 0 0 0 0 0 0 0 0 0 2 0 0 0 0 0 0 0 0 2 0 0 0 0 0 0 0 2 0 0 0 0 0 0 0 0 0 0 0 0 0 0 0 0 0 0 0 0 0 0 0 0 0 0 0 0 0 0 0 0
331 2 2 2 2 2 2 2 2 2 2 2 2 2 2 2 2 2 2 2 2 2 2 2 2 2 2 2 2 2 2 2 2 2 0 2 2 2 2 2 2 2 2 2 2 2 2 2 2 2 2 2 2 2 2 2 2 2 2 2 2 2 2 2 2 2 2 2 2 0 2 2 2 2 2 2 2 2 2 2 2 2 2 2 2 2 2 2 0 2 2 2 2 2 2 2 2 2 2 2 2 2 2 2 2 2 2 2 2 2 2 2 2 2 2 2 2 2 2 2 2 2 2 2 2 2 2 2 2 2 2 2 2 2 2 2 2 2 2 2 2 2 2 2 2 0 2 2 2 2 2 2 2 2 2 2 2 2 2 2 2 2 0 2 2 2 2 2 2 2 2 0 2 2 2 2 2 2 2 2 2 2 2 2 2 2 0 2 2 2 2 2 2 0 2 2 2 2 2 2 2 2 2 0 2 2 2 2 0 2 2 2 2 2 0 2 2 0 2 2 2 0 2 2 2 0 2 2 2 2 2 0 2 2 2 2 0 2 2 2 2 2 2 2 2 2
332 0 0 2 2 2 2 2 0 2 0 2 0 2 2 2 0 2 2 2 2 2 2 2 2 2 0 2 2 2 2 2 2 2 2 2 2 2 0 2 2 2 2 0 0 0 2 0 2 2 2 2 0 2 2 2 2 2 0 2 2 2 0 2 2 0 2 0 2 2 2 0 2 2 2 2 2 2 0 2 2 2 2 2 0 2 2 2 2 2 2 2 2 2 2 2 2 0 0 0 2 2 0 0 2 2 2 2 2 2 2 2 2 2 2 2 2 2 2 0 2 2 2 2 0 2 2 2 2 2 0 2 2 0 2 2 2 2 2 2 2 0 0 2 2 2 2 2 0 2 2 0 2 0 2 0 2 2 2 2 2 2 2 2 2 0 2 0 2 0 2 2 2 0 2 2 2 2 2 2 0 2 2 2 2 2 2 2 0 2 0 1 2 2 2 2 2 2 2 0 2 0 0 2 2 2 2 2 2 0 0 2 2 2 2 2 2 2 1 2 2 2 0 2 2 2 2 2 2 0 2 2 0 0 2 2 0 0 0 0 0 2 2 2 2 2
333 2 2 2 2 0 2 2 2 2 2 2 2 0 2 2 2 2 2 2 2 2 2 2 2 2 2 2 2 2 2 2 2 2 2 0 2 2 2 2 2 2 2 2 2 2 2 2 2 2 2 2 2 2 2 2 2 2 2 2 2 2 2 2 2 2 0 2 2 0 2 2 2 0 2 2 2 2 2 1 2 2 2 2 2 2 2 2 2 2 0 2 2 2 0 2 2 2 2 2 2 2 2 2 2 2 2 2 0 2 0 2 2 2 2 2 2 2 2 2 2 2 2 2 2 2 2 2 0 2 2 2 2 2 2 2 2 2 2 2 2 2 2 2 2 2 2 2 2 2 2 2 2 2 2 2 2 2 2 2 2 2 2 2 2 2 2 2 2 2 2 2 2 2 2 2 0 2 2 2 2 2 2 2 2 2 2 2 2 2 2 2 2 2 2 2 2 2 0 2 2 2 2 2 2 2 2 2 2 2 2 2 2 2 2 2 2 2 2 2 2 2 2 2 2 2 2 2 2 2 2 2 2 2 2 2 2 2 2 2 2 2 2 2 2 2
334 2 2 0 2 2 2 2 2 0 2 2 2 2 2 2 2 2 2 2 2 2 0 2 2 2 2 2 0 2 2 2 0 2 2 2 2 2 2 2 2 2 0 2 2 2 0 2 0 0 0 2 2 2 2 2 2 2 2 0 2 2 2 2 2 2 2 2 2 2 2 2 2 2 2 2 2 0 2 1 2 2 2 2 2 2 2 0 2 2 2 2 2 2 2 2 2 2 2 2 0 2 2 2 2 2 2 2 2 2 2 0 2 2 2 2 2 2 2 0 2 2 2 2 2 2 2 2 2 2 2 2 2 2 2 2 2 2 2 2 2 2 2 2 2 2 2 2 2 2 2 2 2 2 2 0 2 2 2 2 2 2 2 2 2 2 2 2 2 2 2 2 2 2 2 2 2 2 2 2 2 2 2 2 2 2 2 2 2 2 2 2 2 2 2 2 2 2 2 2 2 2 2 2 2 2 2 2 2 2 2 2 2 0 2 2 2 2 1 2 2 2 0 2 2 2 2 2 2 0 2 2 2 2 2 2 2 2 2 0 2 2 2 2 2 2
335 2 2 0 2 2 2 2 2 0 2 2 0 2 2 2 0 2 2 2 2 2 2 2 2 2 0 2 2 2 2 2 2 2 2 2 2 2 2 2 2 2 0 2 2 2 0 2 0 0 2 2 2 2 2 2 2 2 2 0 2 2 0 2 2 2 2 2 2 2 2 2 2 2 2 2 2 0 0 2 2 2 2 2 2 2 2 0 2 2 2 2 2 2 2 2 2 2 2 2 0 2 2 2 2 2 2 2 2 2 2 0 2 2 2 2 2 2 2 2 2 2 2 2 2 2 2 2 2 0 0 2 2 2 2 2 2 2 2 2 2 2 2 2 2 2 2 2 2 1 0 2 2 2 2 2 2 2 2 2 2 2 2 0 0 0 2 2 2 2 2 2 2 2 2 2 2 2 2 2 2 2 2 2 2 2 2 2 2 2 2 2 2 2 2 2 2 2 2 2 2 2 2 2 2 2 2 2 2 2 2 2 2 0 2 2 2 2 2 2 2 2 2 2 2 2 2 2 2 2 2 2 0 2 2 2 2 2 2 2 2 2 2 2 0 2
336 2 0 2 2 2 0 0 0 2 2 2 0 2 0 0 2 2 2 2 2 2 0 2 0 0 2 2 0 2 2 2 0 2 2 2 2 0 0 2 2 2 2 0 2 2 2 0 2 2 2 2 0 2 2 2 2 0 0 2 2 0 2 0 0 2 2 0 0 2 2 0 0 2 2 2 2 2 0 2 2 0 0 2 0 2 2 2 2 2 2 2 2 2 2 2 2 2 2 0 2 2 0 0 2 2 2 2 2 2 2 2 2 2 2 2 2 0 2 2 2 2 0 0 2 2 0 0 2 2 2 0 2 0 2 2 2 2 0 2 2 2 2 2 2 0 2 0 0 1 0 2 2 0 2 2 2 2 0 1 0 0 0 2 2 2 2 2 2 2 0 0 2 2 2 0 2 0 2 0 2 2 2 2 2 2 2 2 2 2 2 1 2 2 0 2 2 0 2 2 2 2 2 2 2 2 2 2 2 0 2 0 0 2 0 0 2 2 1 2 2 0 2 0 0 0 2 2 0 2 2 2 2 2 2 0 2 2 2 2 2 0 2 2 2 2
337 2 2 2 2 2 2 2 2 2 2 2 2 2 2 2 0 2 0 2 2 2 2 2 2 2 2 2 2 0 2 2 2 2 2 2 2 2 2 2 2 0 2 2 2 2 2 2 2 2 2 2 2 2 2 2 2 2 2 2 2 2 2 2 0 2 2 2 0 0 2 2 2 2 2 2 2 2 2 2 2 2 2 2 2 2 2 2 2 2 2 2 2 2 2 2 2 2 0 2 2 2 2 2 2 2 2 2 2 2 2 2 2 2 2 2 2 2 2 2 2 2 2 2 2 2 2 2 2 2 2 2 2 2 2 2 2 2 2 2 2 2 2 2 2 0 2 2 2 2 0 2 0 2 2 2 2 2 2 2 2 2 2 2 2 2 2 2 2 2 2 2 2 2 2 2 2 0 2 2 2 2 2 2 2 2 2 2 0 2 2 2 2 2 2 2 2 2 0 2 2 2 2 2 2 2 2 2 2 2 2 2 2 2 0 2 2 2 2 2 2 0 2 0 2 2 2 2 2 2 0 2 0 2 2 2 0 2 2 2 2 2 2 2 2 2
338 0 0 2 2 0 2 2 0 2 0 0 2 0 2 2 2 2 2 2 0 0 0 0 2 2 2 2 0 2 2 2 0 2 2 2 2 0 0 0 2 2 2 2 0 0 2 2 2 2 0 2 2 2 0 0 0 0 0 2 2 0 0 2 0 0 0 0 0 0 0 2 2 2 2 2 2 2 2 0 2 0 2 0 2 2 2 2 0 0 2 0 0 0 0 0 2 0 2 0 2 0 2 0 2 0 2 2 2 2 0 2 2 0 2 2 2 2 2 0 2 0 2 2 0 0 2 2 0 0 2 2 2 2 2 2 2 2 2 2 2 0 0 2 2 0 2 2 0 1 2 2 2 2 2 2 2 2 2 2 2 0 0 0 2 2 2 2 0 0 2 0 2 0 0 2 0 0 2 2 0 2 2 2 2 0 2 2 2 0 0 1 0 0 2 2 2 0 0 2 2 2 0 2 2 2 2 2 2 2 2 2 2 2 0 2 2 2 2 0 0 0 2 0 2 0 0 0 2 2 2 2 2 0 0 2 2 2 0 0 2 2 0 2 0 2
339 2 2 2 0 2 2 2 2 2 2 2 2 2 2 2 2 2 2 2 2 0 2 2 2 2 2 2 2 2 2 2 2 2 2 0 2 2 2 2 2 2 2 0 0 2 2 2 2 2 0 2 0 2 0 2 2 0 2 2 2 2 2 2 2 2 2 2 2 2 2 0 2 2 2 2 2 2 2 2 2 2 2 2 2 0 2 2 2 2 0 2 2 2 2 2 2 2 2 2 2 2 2 2 2 0 2 2 2 2 2 2 2 2 2 2 2 2 2 2 2 2 2 2 0 2 2 2 2 2 2 2 2 2 2 2 2 2 2 2 2 2 2 2 0 2 2 2 2 2 2 2 2 0 2 2 2 2 2 1 2 2 2 2 2 2 2 2 2 0 2 2 2 2 2 2 2 2 2 2 2 0 2 2 2 2 2 2 2 2 2 2 2 2 2 2 2 2 2 2 1 2 2 2 2 2 2 2 2 2 2 2 2 2 2 2 2 2 2 2 2 2 2 2 2 2 2 2 2 2 2 2 2 2 2 2 0 2 2 2 2 2 2 0 2 2
340 2 2 2 2 2 2 2 2 2 2 2 2 2 2 2 2 2 2 2 2 2 2 2 2 2 2 2 2 2 2 2 2 2 2 2 2 2 2 2 2 2 2 2 2 2 2 0 2 2 2 2 2 2 2 2 2 2 2 2 2 2 2 2 2 2 2 2 2 2 2 2 2 2 2 2 2 2 2 2 2 0 2 2 2 2 2 2 2 2 2 0 2 2 2 2 2 2 2 2 2 0 2 2 2 2 2 0 2 0 2 2 2 2 2 2 2 2 2 2 2 2 2 2 2 2 2 2 2 2 2 2 2 2 2 2 2 0 2 2 2 2 0 2 2 2 2 0 2 2 2 2 2 2 2 2 2 2 2 2 2 2 2 2 2 2 2 2 2 2 2 2 2 2 2 2 2 2 2 2 2 2 2 2 2 2 2 2 2 0 2 2 2 2 0 2 2 2 2 2 2 2 2 2 2 2 2 2 2 0 2 2 2 2 2 2 2 2 2 2 2 2 2 2 2 2 2 2 2 2 2 2 2 2 0 2 2 2 2 2 2 2 0 2 0 2
341 2 2 2 2 2 2 2 2 2 2 2 2 2 2 2 2 0 2 2 2 2 2 2 2 2 2 0 2 2 2 2 2 2 2 0 1 2 2 2 2 2 2 2 2 2 2 2 2 2 2 2 2 2 2 2 2 2 2 2 2 2 2 2 0 2 2 2 0 2 0 2 2 2 2 0 2 2 2 2 2 2 2 2 2 0 0 2 0 2 0 2 2 0 2 2 2 0 2 2 2 2 2 2 2 2 2 2 2 0 2 2 2 2 2 2 2 2 2 2 2 2 2 2 2 2 2 2 0 2 2 2 2 2 2 2 0 2 0 2 2 2 2 2 0 0 2 2 2 2 2 2 2 2 2 2 2 2 2 1 2 0 2 2 2 2 2 2 1 2 2 0 2 2 0 2 2 0 2 2 2 0 2 2 0 0 2 2 2 2 2 2 2 0 2 2 0 2 2 2 2 2 2 2 2 2 2 2 2 2 2 2 2 2 0 2 2 2 2 2 0 0 2 0 2 0 0 2 2 2 2 2 2 2 2 2 2 2 2 2 2 2 2 0 2 2
342 2 2 2 2 2 2 2 0 2 2 2 2 2 2 2 2 2 2 0 2 0 2 2 2 2 0 2 2 2 0 2 2 0 2 2 2 0 2 2 2 2 2 2 2 2 2 2 2 2 2 2 2 0 2 2 2 2 2 2 2 2 2 2 0 2 2 2 0 2 0 2 2 2 0 2 0 2 2 2 2 2 2 2 2 2 2 2 2 2 2 2 2 2 2 2 0 2 2 0 2 2 2 2 2 2 2 2 2 2 2 2 0 2 0 2 0 2 2 0 0 2 2 2 2 2 2 2 2 2 0 2 2 2 0 2 2 2 2 2 2 2 2 2 2 0 2 2 2 2 2 2 2 2 2 2 0 2 2 2 0 2 2 2 2 2 0 2 2 2 0 0 2 2 2 2 2 0 2 0 2 2 2 2 2 2 2 2 2 2 0 1 2 2 2 2 2 0 0 2 2 2 2 2 2 2 2 2 2 2 2 2 2 2 0 2 2 2 2 2 2 0 2 0 2 0 2 2 2 2 2 2 2 2 2 2 0 2 2 0 2 2 2 2 2 2
343 0 0 0 0 0 0 0 0 0 0 0 0 0 0 0 0 0 0 0 2 0 0 0 0 0 0 0 0 0 0 2 0 0 0 0 0 2 0 0 2 0 0 0 0 0 0 0 0 0 0 0 0 2 0 0 0 0 0 0 2 0 0 0 0 0 0 0 0 2 2 0 2 0 2 0 0 0 0 0 0 0 0 0 0 0 0 0 0 0 0 0 0 0 0 0 0 0 0 0 0 0 0 0 0 0 0 0 0 0 0 0 0 0 0 0 0 0 0 2 0 0 0 2 0 0 0 0 0 0 0 0 0 0 0 0 0 0 0 0 0 0 0 0 0 0 0 0 0 0 0 0 0 0 0 0 0 0 0 0 0 0 0 0 0 0 0 0 0 0 0 0 0 0 0 0 0 0 0 0 0 0 0 0 0 0 0 0 0 0 0 0 0 0 0 0 0 2 2 0 0 0 0 0 0 0 0 0 0 0 0 0 0 0 0 0 0 0 0 0 0 0 0 0 0 0 0 0 0 0 0 0 0 0 0 0 0 0 0 2 0 0 0 0 0 0
344 2 2 2 0 2 2 2 2 2 2 2 2 2 2 2 2 2 2 2 2 2 2 0 2 2 2 2 2 2 2 2 2 2 2 2 2 2 2 2 2 2 2 2 2 2 2 2 2 2 2 2 2 2 2 0 0 2 2 2 2 2 2 2 2 2 2 2 2 2 2 2 2 2 2 2 2 2 2 2 0 2 2 2 0 2 2 2 2 2 2 2 2 0 2 2 2 2 2 2 2 2 2 2 2 2 2 2 2 2 2 2 2 2 2 2 2 2 0 2 2 2 2 2 2 0 2 2 2 2 2 2 2 2 2 0 2 2 2 2 2 2 2 2 2 2 2 2 2 2 2 2 2 2 2 2 2 2 2 2 2 2 2 2 2 2 2 2 2 2 2 2 2 2 2 2 2 2 2 2 2 2 2 2 2 2 2 2 2 2 2 2 2 2 2 2 2 2 2 2 2 2 2 2 2 0 2 2 2 2 2 2 2 2 2 2 2 2 2 0 2 2 2 2 2 2 0 2 2 2 2 2 2 2 2 2 2 2 2 2 2 2 2 2 2 2
345 0 0 0 0 0 0 2 0 2 2 0 0 0 0 2 2 0 0 0 2 2 2 2 0 2 0 0 2 0 0 0 2 2 2 0 2 2 0 0 0 0 0 0 0 2 0 0 0 0 0 0 0 2 0 2 2 0 0 0 0 2 2 0 0 0 0 0 0 2 0 0 2 0 2 0 0 0 0 2 2 2 0 2 0 0 0 0 0 0 0 2 0 2 2 0 2 2 2 0 0 2 2 0 0 0 2 0 0 0 0 0 0 0 0 2 0 0 0 2 2 2 2 2 0 0 2 2 2 2 0 0 2 2 2 2 0 0 0 0 2 2 0 0 0 0 2 0 0 1 0 2 2 0 2 2 2 2 0 0 0 0 0 2 0 0 2 0 0 0 0 2 0 0 0 2 0 0 2 0 2 0 2 0 0 0 2 0 2 0 0 0 2 0 0 2 0 0 2 0 1 2 0 2 0 2 2 0 2 0 0 0 0 0 0 2 2 2 1 0 0 0 2 0 2 2 2 2 2 2 0 2 2 2 2 0 0 0 2 2 2 0 2 0 2 2
346 2 2 0 2 2 2 2 2 0 2 2 2 2 2 2 2 2 2 2 2 2 2 2 2 2 2 2 2 2 2 0 2 2 2 2 2 2 2 2 0 2 2 2 0 2 0 2 2 0 0 2 2 2 2 2 2 2 2 0 0 2 2 2 2 2 2 2 2 2 2 2 2 2 2 2 2 0 2 2 2 2 2 2 2 2 2 0 2 2 2 2 2 0 2 2 2 2 2 2 0 2 2 2 2 2 2 2 2 2 2 2 2 2 2 2 2 2 2 2 2 2 2 2 0 2 2 2 2 2 2 2 2 2 2 2 2 2 2 2 2 2 2 2 2 2 2 2 2 2 0 2 2 2 2 2 2 2 2 2 2 2 2 2 2 2 2 2 2 0 2 2 2 2 2 2 2 2 2 2 2 2 2 2 2 2 2 2 2 2 2 2 2 2 2 2 2 2 2 2 2 2 2 2 2 2 2 2 2 2 2 2 2 0 2 2 2 2 2 2 2 2 2 2 2 2 0 2 2 2 2 2 2 2 2 2 2 2 2 2 2 2 2 2 2 2
347 2 2 2 2 2 2 2 2 2 2 2 2 2 2 2 2 2 2 2 2 2 2 2 2 2 2 2 2 2 2 2 2 2 2 2 2 2 2 2 2 2 2 2 2 2 2 2 2 2 2 2 2 2 2 2 2 2 2 2 2 2 2 2 2 2 2 2 2 2 2 2 2 2 2 2 2 2 2 2 2 0 2 2 2 2 2 2 2 2 2 0 2 2 2 2 2 2 2 2 2 0 2 2 2 2 2 2 2 2 2 2 2 2 2 2 2 2 2 2 2 2 2 2 2 2 2 2 2 2 2 2 2 2 2 2 2 0 2 2 2 2 0 2 0 2 2 2 2 2 2 2 2 2 0 2 2 2 2 1 2 2 0 2 2 2 2 2 2 2 2 2 2 2 2 2 2 2 0 2 2 2 2 2 2 2 2 2 2 0 2 2 2 2 2 0 2 2 2 2 2 2 2 2 2 2 0 2 2 2 2 2 2 2 2 2 2 2 2 2 2 2 2 2 2 2 2 2 2 2 2 2 2 2 0 2 2 2 2 2 2 2 2 2 0 0
348 2 2 2 2 2 0 2 2 2 0 0 2 2 2 2 2 2 2 2 0 2 2 2 2 2 2 2 2 2 2 2 2 2 2 2 2 0 2 2 2 2 2 2 2 0 2 0 2 2 2 2 2 2 2 2 2 2 2 2 2 2 0 2 0 2 2 2 0 2 2 2 2 2 2 2 2 2 2 1 2 2 2 2 2 2 0 2 2 2 2 2 2 2 0 2 2 2 2 2 2 2 2 2 2 2 2 1 2 2 2 2 1 0 2 2 1 2 0 2 2 2 2 2 2 2 2 2 2 2 2 2 2 2 2 2 2 2 1 2 2 0 2 2 2 0 2 1 2 1 2 2 2 2 2 2 2 2 2 2 0 2 0 2 2 2 2 2 2 2 0 2 2 2 2 2 2 0 2 0 0 2 2 2 2 2 2 2 0 2 0 1 2 2 2 2 1 2 2 2 0 2 2 2 0 2 2 0 2 1 2 2 2 2 0 2 2 2 2 2 2 0 2 0 2 2 2 2 2 2 2 2 2 0 2 2 2 0 0 2 2 2 2 2 2 2
349 2 2 2 2 2 2 2 2 2 2 2 2 2 2 2 2 0 2 2 2 2 2 2 2 2 0 2 2 2 2 2 2 2 2 2 2 2 2 2 2 2 2 2 2 2 2 2 2 2 2 2 2 2 2 2 2 0 2 2 2 2 2 2 2 2 2 2 2 2 0 2 2 2 2 0 2 2 2 2 2 2 2 2 2 2 2 2 2 2 2 2 2 2 2 2 2 2 2 2 2 2 2 2 2 0 2 2 0 2 2 2 0 2 2 2 2 0 2 2 2 2 2 2 2 2 2 2 2 2 0 2 2 2 2 2 2 2 2 0 0 2 2 2 2 2 0 2 0 2 2 2 2 2 2 2 2 0 2 2 2 2 0 2 2 0 2 0 2 2 2 0 0 0 2 2 2 2 2 2 2 2 2 2 2 2 2 2 2 2 2 2 0 2 2 2 2 2 2 2 2 2 2 2 2 2 2 2 2 2 2 0 2 2 2 0 2 2 1 2 2 2 2 2 2 0 2 0 2 2 2 2 2 2 2 2 2 2 2 2 0 0 2 2 2 2
350 2 2 2 2 2 2 2 2 2 2 2 2 2 2 2 2 2 2 2 2 2 2 0 2 2 2 2 2 2 2 2 2 2 2 2 2 2 2 2 2 2 2 2 2 2 2 2 2 2 2 2 2 2 2 0 0 2 2 2 2 2 2 2 2 2 2 2 2 2 0 2 2 2 2 2 2 2 2 2 2 0 2 2 0 2 2 2 2 2 2 0 2 2 2 2 2 2 2 2 2 0 0 2 2 2 2 2 2 2 2 2 2 2 2 2 2 2 2 2 2 2 2 2 2 2 2 2 0 0 2 2 2 0 2 2 2 0 2 2 2 2 0 2 2 2 2 2 2 2 2 2 2 2 0 2 2 2 2 2 2 2 2 2 2 2 2 2 2 2 2 2 2 2 2 2 2 2 0 2 2 2 2 2 2 2 2 2 2 0 2 2 2 2 2 0 2 2 2 2 2 2 0 2 0 2 0 0 2 2 2 2 2 2 2 2 2 2 2 2 2 2 2 2 2 2 2 2 2 2 2 2 2 2 0 2 2 2 2 2 2 2 0 2 0 0
351 2 2 0 0 2 0 2 0 2 2 2 0 2 0 2 0 0 0 0 2 0 0 2 0 0 2 0 0 0 0 0 0 2 0 0 1 0 2 2 0 0 0 0 0 2 0 0 0 0 0 2 0 0 0 2 2 0 2 0 0 0 2 2 2 0 2 2 2 2 0 0 2 2 0 0 0 0 0 1 0 2 0 2 2 0 0 0 0 0 0 0 2 2 0 0 2 0 0 0 0 0 0 2 2 0 0 0 0 0 2 0 2 0 0 0 2 0 0 2 2 0 2 0 0 0 2 2 2 0 2 2 2 0 2 0 0 0 0 2 0 2 0 0 0 2 0 0 0 1 2 2 2 0 0 2 0 2 0 1 2 0 2 2 0 0 0 0 2 0 2 0 0 0 0 0 0 2 0 2 2 0 0 0 0 0 0 0 2 0 2 2 0 0 0 2 0 2 2 0 0 0 0 0 2 0 0 2 2 0 2 0 2 0 2 0 2 0 1 0 2 2 0 2 2 0 2 0 0 0 0 2 0 2 0 2 0 0 2 2 2 0 2 0 0 0
352 0 0 0 0 0 0 0 2 0 0 0 2 0 0 2 0 2 0 0 0 0 0 2 0 2 0 2 0 0 0 0 0 2 2 2 2 2 0 0 0 0 0 2 2 0 0 2 0 0 0 2 2 2 2 2 2 2 0 0 0 0 0 0 2 2 0 0 2 2 2 2 0 0 2 2 0 0 2 2 2 2 2 0 2 2 2 0 2 2 2 2 0 0 2 2 2 0 2 2 0 2 2 0 0 2 0 2 2 2 0 0 2 2 0 0 0 2 2 2 2 2 0 0 2 0 0 0 2 0 0 2 2 2 2 2 2 2 2 2 2 0 2 0 2 2 2 2 2 1 0 2 2 2 2 2 2 0 2 2 0 2 2 0 2 2 2 2 2 2 0 2 2 2 2 2 2 2 2 0 0 2 2 2 2 2 2 2 0 2 0 0 2 2 0 2 2 0 2 2 2 2 2 2 2 2 2 2 0 2 0 2 2 0 2 0 2 2 1 2 2 2 2 2 0 2 0 2 0 2 0 0 0 0 2 2 2 0 0 2 2 2 2 2 2 2
353 2 2 2 2 2 2 2 2 2 2 2 2 2 2 2 2 2 2 2 2 0 2 2 2 2 0 2 2 2 2 2 2 2 2 2 2 2 2 2 2 0 2 2 2 2 2 2 2 2 2 2 2 2 2 2 2 2 2 2 2 2 2 2 2 2 2 2 2 2 2 2 2 2 2 2 2 2 2 2 0 2 2 2 2 2 2 2 2 2 2 2 2 0 2 2 2 2 2 2 2 2 2 2 0 2 0 2 2 2 2 2 2 2 0 2 2 2 2 2 2 2 2 2 2 2 2 2 2 2 0 2 2 2 2 0 2 2 2 2 2 2 2 2 2 2 2 2 2 2 0 2 2 2 2 2 2 2 2 2 2 2 2 2 2 2 2 2 2 2 2 2 2 2 2 2 2 2 2 2 2 2 0 2 2 2 2 2 2 2 2 2 2 2 2 0 2 2 2 2 2 0 2 2 2 0 2 2 2 2 0 2 2 2 2 2 2 2 1 2 2 2 2 2 2 2 0 2 2 2 2 2 2 2 2 2 2 0 2 2 2 2 2 2 2 2
354 2 2 2 0 2 2 2 2 2 2 2 2 2 2 2 2 2 2 2 2 0 2 2 2 2 0 2 2 2 2 2 2 2 2 2 2 2 2 2 2 2 2 2 2 2 2 2 2 2 2 0 2 2 2 2 2 2 2 2 2 2 2 2 2 2 2 2 2 2 2 2 2 2 2 2 2 2 2 2 2 2 2 2 2 2 2 2 2 2 2 2 2 0 2 2 2 2 2 2 2 2 2 2 0 2 0 2 2 2 2 2 2 2 0 2 2 2 2 2 2 2 2 2 2 2 2 0 2 2 0 2 2 2 2 2 2 2 2 2 2 2 2 2 2 2 0 2 2 2 0 2 2 2 2 2 2 2 2 2 2 2 2 2 2 2 2 2 2 2 2 0 2 2 2 2 2 2 2 2 2 2 0 2 2 2 2 2 2 2 2 2 2 2 2 2 2 2 2 2 2 0 2 2 2 2 2 2 2 2 0 2 2 2 2 2 2 2 1 2 2 2 2 2 2 0 0 2 2 2 2 2 2 2 2 2 2 0 2 2 2 2 2 2 2 2
355 2 2 2 2 2 2 2 2 2 2 2 2 2 2 2 2 2 2 2 2 2 2 2 2 2 2 2 2 2 2 2 2 2 2 2 2 2 2 2 2 2 2 0 2 2 2 2 2 2 2 2 0 2 2 2 2 2 2 2 2 2 2 2 2 0 2 2 2 2 2 0 2 2 2 2 2 2 2 2 2 2 0 2 2 0 0 2 2 0 2 2 2 2 2 0 2 2 2 2 2 2 2 2 2 2 2 2 2 0 2 2 0 2 2 2 2 2 2 2 2 2 2 2 2 2 2 2 2 2 2 2 2 2 2 2 2 2 0 2 2 2 2 2 0 2 2 0 2 2 2 2 0 2 2 2 2 2 2 1 2 0 2 2 2 2 2 2 2 2 2 2 2 2 0 2 2 2 2 2 2 0 2 2 2 0 2 2 2 2 2 2 2 2 0 2 0 2 2 2 2 2 2 2 2 2 2 2 2 2 2 0 2 2 2 2 2 2 2 2 2 2 2 2 2 2 2 2 2 2 2 2 2 2 2 2 2 2 2 2 2 2 2 2 2 2
356 2 2 0 2 2 2 2 2 2 2 2 2 2 2 2 2 2 2 2 2 2 2 2 2 2 2 2 2 2 2 0 2 2 2 2 2 2 2 2 0 2 2 0 0 2 0 0 2 0 0 2 0 2 2 2 2 2 2 0 0 2 2 0 2 0 2 2 2 2 2 2 2 2 2 2 2 0 2 2 2 2 2 2 2 2 2 0 2 2 2 2 2 2 2 0 2 2 2 2 0 2 2 2 2 1 2 2 2 2 2 2 0 2 2 2 2 2 0 2 2 2 2 2 0 2 2 2 0 2 2 0 2 2 2 2 2 2 2 2 2 2 2 2 2 2 2 2 2 1 2 2 2 2 2 2 2 2 2 2 2 0 2 0 2 2 2 2 1 0 2 2 2 2 0 2 0 2 2 2 2 2 2 2 2 0 2 2 2 2 2 1 2 2 0 2 2 2 2 2 0 2 2 2 2 2 2 2 0 0 2 2 2 0 2 2 2 2 2 2 2 2 2 2 2 2 2 2 0 2 2 0 2 2 2 2 0 2 2 2 2 2 2 2 2 2
357 0 2 0 1 2 0 0 1 0 0 0 2 2 0 0 1 0 0 0 0 2 2 0 0 0 1 0 2 0 0 0 2 2 0 0 0 0 2 0 0 0 0 0 0 0 0 0 0 0 0 1 0 0 0 0 0 0 2 0 0 2 0 0 0 0 2 2 0 1 0 0 1 0 0 0 0 0 2 0 0 0 2 0 0 0 0 1 0 0 0 0 0 2 0 0 2 2 1 1 0 0 0 2 1 0 2 0 0 0 2 0 0 1 0 0 0 0 0 0 2 0 0 0 0 0 0 2 0 1 1 2 0 0 2 0 0 0 0 2 0 0 0 0 0 0 1 0 0 0 2 0 0 0 0 0 0 0 0 0 0 0 0 0 2 0 0 0 0 0 0 1 0 0 0 0 0 0 0 0 0 0 1 0 0 0 0 0 1 0 0 0 0 0 0 0 0 0 0 0 0 2 0 2 0 0 0 0 1 0 1 0 0 0 0 0 0 2 0 0 0 0 0 0 0 1 2 0 0 0 0 1 1 0 0 0 0 1 0 0 0 0 0 0 0 0
358 2 2 2 2 2 0 2 0 2 2 2 2 2 2 2 2 2 2 2 2 2 2 2 2 0 2 2 2 2 2 2 2 2 0 2 1 2 2 2 2 2 2 2 2 2 2 2 2 2 2 2 2 0 2 2 2 2 2 2 2 2 2 2 2 2 2 2 2 2 2 2 2 2 0 2 2 2 2 1 2 2 2 2 2 2 2 2 2 2 2 2 2 2 0 2 2 2 2 0 2 2 2 2 2 2 2 2 0 0 2 2 2 2 2 2 2 2 2 2 2 2 2 2 2 2 2 2 2 0 2 2 2 2 2 2 2 2 2 2 2 2 2 2 2 2 2 2 2 1 2 2 2 2 2 2 2 0 2 2 2 0 2 2 2 2 2 2 2 2 2 2 2 2 0 2 2 2 2 2 2 2 2 2 2 0 0 2 2 2 2 2 2 2 2 2 2 2 2 0 2 2 2 0 2 2 2 2 0 2 2 2 2 2 2 2 2 0 2 2 2 2 2 2 2 2 2 2 2 2 2 0 2 2 2 2 2 2 2 2 0 2 2 2 2 2
359 2 0 2 2 2 2 0 2 2 0 0 0 2 2 2 2 2 2 2 0 0 0 2 2 0 2 0 0 2 2 0 0 2 2 2 1 0 0 2 0 0 2 2 0 0 2 2 0 2 0 0 2 2 2 2 2 2 0 2 0 0 0 2 2 2 2 0 2 2 2 2 2 0 2 2 2 2 0 1 0 2 2 2 0 2 0 2 2 0 2 0 2 0 2 2 2 0 0 2 2 0 2 0 2 2 0 0 2 2 0 2 2 2 2 2 0 2 0 2 2 2 2 0 0 0 0 0 2 2 2 0 2 2 2 0 2 2 2 0 2 0 2 2 0 2 2 2 0 2 2 2 2 2 2 2 2 2 2 1 2 0 2 2 2 0 2 2 0 0 2 2 2 2 0 2 2 2 2 2 0 2 0 0 0 0 2 0 2 2 0 1 2 2 2 2 2 2 0 2 2 0 2 2 2 0 2 2 2 2 2 2 2 2 2 2 2 2 2 2 0 2 2 2 0 2 0 2 2 2 2 2 2 0 0 2 0 2 0 2 2 2 2 2 2 2
360 0 2 0 2 0 2 0 0 0 0 0 2 0 0 0 2 2 0 0 0 0 2 0 0 2 0 0 2 0 0 0 2 2 0 0 0 0 2 2 2 2 0 0 2 0 0 0 0 0 0 0 0 0 2 0 0 2 2 0 0 2 0 2 2 2 0 2 2 2 0 2 0 0 0 2 0 0 2 0 2 0 2 0 2 2 0 0 2 2 0 0 2 0 0 2 2 2 0 0 0 0 0 2 2 2 2 0 0 0 2 0 2 2 0 0 2 0 2 2 2 0 0 0 2 0 0 2 2 0 0 2 0 0 2 2 2 0 2 2 0 0 0 2 2 2 0 0 2 1 2 0 2 2 0 0 0 0 2 1 2 0 2 0 2 0 0 0 1 2 2 2 0 2 0 0 0 2 0 2 0 2 2 0 0 0 0 2 0 0 0 1 0 2 0 0 2 0 2 0 2 2 2 0 0 2 0 0 0 0 2 2 0 0 2 2 0 0 1 0 2 2 2 2 0 2 0 0 0 2 2 0 2 0 0 0 0 2 0 2 0 0 0 0 0 0
361 2 0 0 0 0 0 0 2 0 0 0 0 0 0 0 0 0 0 2 0 0 0 0 0 0 2 0 0 0 2 0 0 0 0 0 0 0 0 0 0 0 2 0 0 0 0 0 0 0 0 0 0 0 0 0 0 0 0 0 0 0 0 0 0 0 0 0 0 2 0 0 0 0 0 0 2 0 0 0 0 0 0 0 0 0 0 0 0 0 0 0 0 0 0 0 0 0 0 2 0 0 0 0 0 0 0 0 0 0 0 2 0 0 2 0 0 2 0 0 0 0 0 0 0 2 0 0 0 0 2 0 0 0 0 0 0 0 0 0 0 0 0 0 0 0 0 0 0 0 0 0 0 0 0 0 0 0 0 0 2 0 0 0 0 0 0 0 0 0 2 0 0 0 0 0 0 0 0 2 0 0 0 2 0 0 0 0 0 0 0 0 0 0 0 0 0 0 0 0 0 0 2 0 0 0 2 0 0 0 0 0 0 0 0 0 0 0 1 0 0 0 0 0 0 0 0 0 0 0 0 0 0 0 0 0 0 0 0 0 0 2 0 0 0 0
362 2 2 2 2 2 2 2 2 2 2 2 2 2 2 2 2 0 2 2 2 2 2 2 2 0 2 2 2 2 2 2 2 2 2 2 2 2 2 2 2 2 2 2 2 2 2 2 2 2 2 0 2 2 2 2 2 2 2 2 2 2 2 2 2 2 2 2 2 2 2 2 2 2 2 0 2 2 2 2 2 0 2 2 2 2 2 2 2 2 2 2 2 2 2 2 2 2 2 2 2 2 2 2 2 2 2 0 2 2 2 2 2 2 2 2 2 2 2 0 2 2 2 2 2 2 2 2 2 2 2 2 2 2 2 2 2 2 0 2 0 2 2 2 2 2 2 2 2 2 2 2 2 2 0 2 2 0 2 2 2 2 2 2 2 0 2 0 2 2 2 2 2 0 2 0 2 2 0 2 2 2 2 2 2 2 0 2 0 0 2 2 0 2 2 0 2 1 2 0 2 2 2 2 2 2 2 2 2 2 2 2 2 2 2 2 2 2 2 2 2 2 2 2 2 2 2 0 2 2 2 2 2 2 2 2 2 2 2 0 2 2 2 2 0 0
363 0 0 2 2 2 2 2 2 2 0 2 2 2 0 2 0 0 2 0 2 2 2 0 0 2 2 2 2 2 0 2 2 2 2 0 2 2 0 2 2 2 0 2 2 0 2 2 2 2 2 2 2 2 2 0 0 2 0 2 2 2 0 0 2 2 2 0 2 2 0 0 2 2 2 0 0 2 2 0 2 2 2 2 2 2 2 2 2 2 0 2 2 2 2 2 2 2 2 2 2 2 2 0 2 2 2 2 2 2 2 0 2 0 0 2 2 2 2 2 2 2 2 2 2 2 2 2 2 0 2 2 2 2 2 2 0 2 2 2 0 0 2 0 2 2 0 2 2 2 2 2 2 2 2 2 0 2 2 2 2 2 0 2 2 2 0 0 2 2 2 2 2 0 2 0 2 2 2 2 0 2 2 2 2 2 0 2 2 2 0 0 2 2 2 2 0 0 2 0 2 2 0 0 2 2 0 2 2 2 2 0 0 2 2 2 2 0 2 2 2 2 2 2 2 2 2 2 2 2 2 2 0 0 2 0 2 2 0 2 2 2 2 0 2 2
364 2 2 2 0 0 0 2 2 0 0 0 2 0 0 0 2 0 2 2 0 2 2 2 0 0 0 2 2 2 2 2 2 0 2 2 2 2 2 0 2 2 2 2 2 0 2 0 2 2 2 2 0 0 2 2 2 0 2 2 0 0 2 2 2 0 0 2 2 2 2 0 2 2 0 0 2 2 2 2 2 2 0 2 0 2 2 2 2 0 2 2 0 2 2 0 0 2 2 2 2 2 2 2 2 0 2 2 2 0 2 2 0 0 0 2 0 0 0 2 0 0 0 2 2 2 2 2 0 0 0 0 2 2 0 2 2 0 2 0 2 0 2 0 2 0 0 0 0 1 2 2 0 0 2 2 2 0 0 2 0 0 2 2 0 2 2 2 1 2 0 2 2 0 0 0 2 2 2 0 0 0 2 2 2 0 2 2 2 2 0 1 2 2 2 0 0 2 2 0 0 2 2 2 2 2 2 2 2 0 0 2 2 2 0 0 2 2 2 2 0 0 2 2 2 2 2 2 0 2 0 2 2 0 2 2 0 2 0 2 0 0 2 2 2 2
365 2 2 2 2 2 2 2 2 2 2 2 2 2 2 2 2 2 2 0 2 2 2 2 2 2 2 2 2 2 0 2 2 2 2 0 2 2 2 2 2 2 2 2 2 2 2 2 2 2 2 2 2 2 0 2 2 2 2 2 2 2 2 0 0 2 2 2 0 2 2 2 2 2 2 2 0 2 2 1 2 2 2 2 2 2 2 2 0 2 0 2 2 2 0 2 2 2 0 2 2 2 2 2 2 2 2 2 2 2 2 2 2 2 2 2 2 2 2 0 2 2 2 2 2 2 2 2 2 2 2 2 0 2 2 2 2 2 2 2 2 2 2 2 2 2 2 2 2 2 2 2 2 2 0 2 2 2 2 2 2 2 2 2 2 2 2 2 2 2 2 2 2 2 2 2 2 0 0 2 2 2 2 2 2 2 2 0 2 2 2 1 2 0 0 2 2 2 0 2 2 2 2 2 2 2 2 2 2 2 2 2 0 2 2 2 0 2 1 2 2 2 0 0 2 2 2 2 2 0 2 2 2 2 2 0 2 2 2 0 2 2 0 2 2 0
366 0 0 2 2 2 2 2 0 2 0 2 2 2 0 2 2 2 0 2 2 2 2 2 0 2 2 0 2 0 2 2 2 2 2 2 1 0 0 2 0 2 2 2 0 0 2 2 2 2 2 2 2 0 2 2 2 0 0 2 2 2 2 2 2 2 2 0 2 0 2 2 2 2 0 2 2 2 2 2 2 2 2 2 0 0 0 2 2 0 2 0 2 0 2 2 2 0 0 0 2 0 0 0 0 2 0 2 2 0 0 2 2 0 0 0 2 2 2 2 2 2 2 2 0 2 2 0 2 0 2 2 2 0 2 0 0 2 0 0 2 0 0 0 2 2 2 2 2 2 1 2 0 2 2 2 2 0 2 2 0 2 0 2 0 2 0 0 2 0 0 2 2 2 2 0 0 2 2 0 0 0 0 0 0 2 0 2 0 0 0 1 0 2 2 0 0 2 2 2 2 0 2 0 2 0 2 2 0 2 2 0 2 2 2 2 2 0 1 2 2 2 0 2 2 2 0 0 2 0 2 0 2 0 0 2 2 0 0 2 0 2 2 2 0 2
367 2 2 2 2 2 2 0 2 2 2 2 2 2 2 2 2 2 2 2 2 2 2 2 2 2 2 2 2 2 2 2 2 0 2 2 2 0 2 2 2 2 2 2 2 2 2 2 2 2 2 2 2 2 2 2 2 2 2 2 2 2 2 2 2 2 2 2 2 2 0 2 2 2 2 2 2 2 2 2 2 2 2 0 2 2 2 2 2 2 2 2 2 2 0 2 0 2 2 2 2 2 0 2 2 2 2 2 2 2 2 2 2 2 2 2 2 2 2 2 0 2 2 2 2 2 0 2 2 2 2 2 2 0 0 2 2 2 2 2 2 2 0 2 2 2 2 2 2 2 2 2 2 2 2 2 2 2 2 2 2 2 2 2 2 2 2 2 2 2 2 2 2 2 2 0 2 2 2 2 2 2 2 2 2 2 0 2 2 2 2 2 0 2 2 2 2 2 2 2 2 2 2 2 2 2 2 2 2 2 2 2 2 2 2 2 2 2 2 2 2 2 2 2 2 2 2 0 2 2 2 2 2 2 2 2 2 2 2 2 2 2 2 2 2 2
368 0 0 2 2 2 0 2 0 2 2 2 0 2 2 0 2 2 0 2 2 2 0 2 2 2 2 0 0 0 2 2 0 2 0 0 0 0 0 2 2 0 2 2 2 2 2 2 0 2 2 0 2 0 2 2 2 2 0 2 2 0 0 0 2 0 2 0 2 2 2 2 2 0 0 2 2 2 0 0 0 0 2 2 0 2 0 2 2 2 0 2 2 2 2 2 2 0 0 0 2 2 0 0 2 2 2 0 0 0 0 2 2 2 2 0 0 2 0 2 2 0 2 2 2 0 2 0 2 0 2 0 2 0 2 2 0 2 2 2 2 2 2 2 2 2 2 2 0 0 2 0 0 2 0 0 0 2 0 2 2 2 2 0 2 2 2 0 1 2 2 0 0 2 2 2 0 2 0 2 0 2 2 2 0 2 0 0 2 2 2 1 2 2 0 2 2 1 0 0 2 2 2 0 0 2 2 0 0 2 0 2 2 2 2 0 2 0 1 0 2 2 0 2 2 0 2 2 2 0 2 0 0 0 2 2 2 0 0 2 0 2 0 0 2 0
369 2 0 2 2 2 0 2 2 2 2 2 2 2 2 0 2 2 2 2 2 2 2 2 2 2 2 0 2 2 2 2 2 2 2 0 0 2 0 2 2 2 2 2 0 2 2 2 2 0 2 2 2 2 0 2 2 0 0 2 2 2 2 2 0 0 2 0 0 2 2 2 0 2 2 1 2 2 2 2 2 2 2 2 2 0 0 2 0 2 0 2 2 2 2 2 2 0 0 2 2 2 0 0 2 2 0 0 2 2 2 2 2 0 2 2 2 0 2 2 2 2 2 0 0 2 2 2 2 2 2 2 2 0 2 2 0 2 2 0 2 2 0 0 2 0 2 2 2 0 1 2 2 2 0 0 2 0 2 2 2 2 1 2 0 2 2 0 0 2 2 0 0 2 2 0 0 0 0 2 2 2 2 2 0 2 2 2 0 0 2 2 2 0 2 2 0 2 2 2 2 2 2 0 2 2 2 2 2 2 2 2 2 2 0 0 0 0 2 0 0 0 2 0 2 0 2 2 2 2 2 2 2 2 2 2 2 2 2 2 2 0 0 2 2 0
370 2 2 2 2 2 0 2 0 2 2 2 0 2 2 2 0 0 2 2 2 2 0 2 2 0 0 2 0 2 2 2 0 2 0 2 1 2 2 2 2 2 2 0 2 2 2 0 2 2 2 2 2 2 2 2 2 2 2 2 2 0 2 2 2 2 2 2 2 2 2 0 2 2 2 0 2 2 0 1 2 2 0 2 0 2 2 2 2 2 2 2 2 0 2 2 2 2 2 0 2 2 2 2 0 2 0 2 2 0 2 2 2 2 2 2 0 0 2 2 2 2 2 2 2 2 2 2 0 2 0 2 2 2 2 2 2 2 2 0 0 2 0 0 2 2 2 2 0 1 0 2 2 2 2 2 0 2 0 1 2 2 0 0 2 0 2 0 1 2 2 2 0 0 2 2 2 2 2 2 0 2 0 2 2 2 0 0 2 2 2 2 0 2 2 2 0 1 0 0 2 0 0 0 2 2 0 2 0 0 0 2 2 2 2 2 2 0 1 2 2 2 0 2 2 2 0 0 2 0 0 0 0 0 0 2 0 2 0 2 0 0 2 2 2 2
371 2 0 2 2 2 2 2 2 2 2 2 0 2 2 2 2 0 0 2 2 2 0 2 2 2 2 2 0 0 2 2 0 2 2 0 1 2 0 2 2 2 2 0 2 2 2 0 2 2 2 2 2 2 2 2 2 2 0 2 2 0 2 2 2 2 2 0 2 2 2 2 0 2 2 0 2 2 0 2 0 2 2 2 2 2 2 2 2 2 0 2 2 2 2 2 2 0 2 2 2 2 2 0 2 2 2 2 0 2 2 2 2 2 2 2 2 0 2 2 2 2 2 0 2 2 2 2 2 0 0 2 2 2 2 0 2 2 2 2 0 2 0 2 2 2 2 2 2 1 2 2 0 2 2 2 2 2 0 2 2 2 2 0 2 0 2 2 2 2 2 0 0 0 2 2 2 2 2 2 2 2 2 2 2 2 0 0 2 2 2 2 0 2 2 2 2 1 2 2 2 2 0 2 2 0 2 0 2 0 2 0 2 2 2 2 0 2 2 2 2 2 2 2 2 0 2 0 0 2 0 2 2 2 2 2 2 2 2 2 0 0 2 2 2 2
372 2 2 2 0 2 2 2 2 2 2 2 2 2 2 2 2 2 2 2 2 2 2 2 2 2 2 2 2 2 2 2 2 2 2 2 2 2 2 2 2 2 2 0 2 2 2 0 2 2 2 2 0 2 0 2 2 0 2 2 2 2 2 2 2 2 2 2 2 0 2 0 2 2 2 2 2 2 2 2 2 2 0 0 2 0 2 2 2 0 2 2 2 2 2 2 2 2 2 2 2 2 2 2 2 0 0 2 2 2 2 2 0 2 2 2 2 2 2 2 2 2 2 2 2 2 2 2 2 2 2 0 2 2 2 2 2 2 2 2 2 2 2 2 2 2 2 0 2 2 0 2 2 0 2 2 2 2 2 2 2 2 2 2 2 2 2 2 2 2 2 2 2 2 2 2 2 2 2 2 2 2 0 2 2 2 2 2 0 2 2 2 2 2 2 2 2 1 2 2 0 0 2 2 2 2 2 2 2 0 2 2 2 2 2 2 2 2 1 2 2 2 2 2 2 2 2 2 2 2 2 2 2 2 2 2 2 2 2 2 2 2 2 2 2 2
373 2 0 2 2 0 2 2 2 2 2 2 2 0 2 2 2 2 2 0 2 2 2 0 2 2 2 2 2 2 0 2 2 2 2 2 2 2 0 2 2 2 2 2 2 2 2 2 2 2 2 2 2 2 2 0 0 2 0 2 2 2 2 2 2 2 0 0 2 2 2 2 2 2 2 2 0 2 2 1 2 2 2 2 2 2 2 2 2 2 2 2 2 2 2 2 2 0 2 2 2 2 2 0 2 2 2 2 0 2 2 2 2 2 2 2 2 2 2 2 2 2 2 2 2 2 2 2 2 2 2 2 2 2 2 2 2 2 2 2 2 2 2 2 2 2 2 2 2 2 2 2 2 2 2 2 2 2 2 2 2 2 2 2 2 2 2 2 2 2 2 2 2 2 2 2 2 2 2 2 2 2 2 2 2 2 2 2 2 2 2 2 2 2 2 2 2 2 2 2 2 2 2 2 2 2 2 2 2 2 2 2 2 2 2 2 2 2 1 2 2 2 0 2 2 2 2 2 0 0 2 2 2 2 2 2 2 2 2 2 2 2 2 2 2 2
374 2 2 2 2 2 2 2 2 2 0 2 2 2 0 2 2 2 2 2 2 2 2 2 0 2 2 2 2 2 2 2 2 2 2 2 2 2 2 2 2 2 0 2 2 0 2 2 2 2 2 2 2 2 2 2 2 2 2 2 2 2 2 2 2 2 2 2 2 2 2 2 2 2 2 2 2 2 2 2 2 2 2 2 2 2 2 2 2 2 2 2 2 2 0 2 2 2 2 2 2 2 2 2 2 2 2 2 2 2 2 0 2 2 0 2 2 2 2 2 2 2 2 2 2 2 2 2 2 2 2 2 2 2 2 2 2 2 2 2 2 0 2 2 2 2 2 2 2 2 2 2 2 2 2 2 2 2 2 2 0 2 2 2 2 2 2 2 2 2 0 2 2 2 2 2 2 2 2 0 0 2 2 2 2 2 2 2 2 2 0 1 2 2 2 2 2 2 2 2 2 2 2 2 2 2 2 2 2 2 2 2 2 2 2 2 2 2 2 2 2 2 2 2 2 2 2 2 2 2 2 2 2 0 2 2 2 2 0 2 2 2 2 2 2 2
375 0 2 2 0 2 2 2 2 2 2 2 0 2 1 2 2 2 2 2 2 2 0 1 2 2 2 2 0 2 2 2 0 2 2 2 2 2 2 2 2 0 2 2 2 2 2 2 0 2 2 2 2 2 2 2 2 2 2 2 2 0 0 2 0 2 2 2 0 2 2 2 2 2 2 2 2 2 0 2 2 2 2 2 2 2 2 2 0 2 2 2 2 2 2 2 2 2 2 2 2 2 2 2 2 2 2 2 2 2 2 2 2 2 2 2 2 2 2 2 2 2 2 2 2 2 2 0 2 2 2 2 2 2 2 2 2 2 2 2 2 2 2 2 2 0 2 2 2 2 2 2 2 2 2 2 2 2 2 2 2 2 2 2 2 2 2 2 0 2 2 2 2 2 2 2 2 0 2 2 2 2 2 2 2 2 2 2 2 2 2 2 2 0 2 2 2 2 2 2 2 2 2 2 2 2 2 2 2 2 2 2 2 2 0 2 2 2 2 2 0 0 2 0 2 2 2 2 2 2 2 2 2 2 2 2 2 2 2 2 2 2 2 2 2 2
376 0 2 0 0 2 2 2 2 2 2 0 0 2 2 2 2 2 2 2 0 0 0 2 2 2 2 2 0 2 2 2 0 0 2 2 2 2 2 0 0 0 0 2 2 2 0 2 0 2 0 0 2 2 2 2 2 2 2 0 0 0 0 2 0 2 2 2 0 2 2 2 2 2 2 2 2 0 0 2 2 2 2 2 2 2 2 0 0 2 2 2 0 2 0 2 0 2 2 2 0 2 2 2 2 2 2 2 2 2 2 0 2 2 2 0 2 2 2 2 0 2 0 2 2 2 2 0 2 2 2 2 2 2 0 2 2 2 2 2 2 2 2 2 2 0 2 2 2 2 2 2 2 2 2 2 2 2 2 2 2 2 2 2 2 2 2 2 1 2 2 2 2 2 2 2 2 0 2 2 2 2 2 2 2 2 2 2 2 2 2 2 2 0 2 2 2 2 2 2 2 2 2 2 2 2 2 2 2 2 2 2 2 0 0 2 2 2 2 2 0 0 2 0 2 2 2 2 2 2 2 2 2 2 2 2 2 2 2 2 2 2 2 2 2 2
377 0 2 0 0 2 2 2 2 2 2 0 2 2 2 2 2 2 2 2 0 0 0 2 2 2 2 2 0 2 2 2 0 0 2 2 2 2 2 0 0 0 0 2 2 2 0 2 0 2 0 0 2 2 2 2 2 2 2 0 0 0 0 2 0 2 2 2 2 2 2 2 2 2 2 2 2 0 2 2 2 2 2 2 2 2 2 0 2 2 2 2 0 2 0 2 0 2 2 2 0 2 2 2 2 2 2 2 2 2 2 0 2 2 2 0 2 2 2 2 0 2 0 2 2 2 2 0 2 2 2 2 2 2 0 2 2 2 2 2 2 2 2 2 2 0 2 2 2 2 2 2 2 2 2 2 2 2 2 2 2 2 2 2 2 2 2 2 2 2 2 2 2 2 2 2 2 0 2 2 2 2 2 2 2 2 2 2 2 2 2 2 2 2 2 2 2 2 2 2 2 2 2 2 2 2 2 2 2 2 2 2 2 0 0 2 2 2 2 2 2 0 2 2 2 2 2 2 2 2 2 2 2 2 2 2 2 2 2 2 2 2 2 2 2 2
378 2 2 2 2 2 2 2 0 2 2 2 2 2 2 2 2 2 2 2 2 2 2 2 2 0 2 2 2 2 2 2 2 2 2 2 2 2 2 2 2 2 2 0 0 2 2 0 2 2 2 2 0 2 2 2 2 2 2 2 2 2 2 2 2 2 2 2 2 2 2 0 2 2 2 2 2 2 2 2 2 2 0 0 2 0 2 2 2 0 2 2 2 2 2 0 2 2 2 0 2 2 2 2 2 0 2 2 2 2 2 2 0 2 2 2 2 2 0 2 2 2 2 2 0 2 2 2 2 0 2 2 2 2 2 2 2 2 2 2 2 2 2 2 0 2 0 0 0 2 2 2 0 0 2 2 0 2 2 1 2 0 2 2 2 2 0 2 2 0 2 2 2 2 0 2 2 2 2 2 2 0 2 2 2 0 2 2 0 2 2 2 2 2 2 2 2 2 2 2 0 2 2 2 2 2 2 2 2 0 2 0 0 2 2 2 2 2 2 2 2 2 2 2 2 2 2 2 2 2 0 2 2 2 2 0 2 2 2 2 2 2 2 2 2 2
379 2 2 2 2 2 2 2 2 0 2 2 2 2 2 2 2 2 2 2 2 2 2 2 2 2 2 2 2 2 2 2 2 2 2 2 2 2 2 2 2 2 2 2 2 2 2 0 2 2 2 2 0 0 2 2 2 0 2 2 2 2 2 2 2 0 2 2 2 2 2 2 2 2 0 2 2 2 2 2 2 2 2 2 2 2 2 2 2 2 2 2 2 2 2 0 2 2 2 2 2 2 2 2 2 0 2 2 2 0 0 2 2 2 2 2 2 2 2 2 2 0 2 2 2 2 2 2 2 2 2 2 2 2 2 2 2 2 2 2 2 2 2 2 0 2 2 2 2 2 2 2 2 0 2 2 2 2 2 1 2 2 2 2 2 2 2 2 2 2 2 2 2 2 2 2 2 2 2 2 2 0 2 2 2 2 2 2 2 2 2 2 2 2 2 2 2 2 2 2 0 2 2 2 2 2 2 0 2 0 2 2 2 2 2 2 2 2 2 2 2 2 2 2 2 2 2 2 2 2 0 2 2 2 2 2 2 2 2 2 2 2 2 0 2 2
380 2 2 2 2 0 2 2 2 2 2 2 2 0 2 2 2 2 2 2 2 2 2 0 2 2 2 2 2 2 2 2 2 2 2 2 2 0 2 2 2 2 2 2 2 2 2 2 2 2 2 2 2 2 2 0 0 2 2 2 2 2 2 2 2 2 0 2 2 2 2 2 2 0 2 2 2 2 2 2 2 2 2 2 2 2 2 2 2 2 2 2 2 2 2 2 2 2 2 2 2 2 2 2 2 2 2 2 2 2 2 2 2 2 2 2 2 2 2 2 2 2 2 2 2 2 2 2 2 2 2 2 2 2 2 2 2 2 2 0 2 2 2 2 2 2 2 2 2 2 2 2 2 2 2 2 2 0 0 1 2 2 2 2 2 2 2 2 2 2 2 2 2 2 2 2 2 2 2 2 2 2 2 0 2 2 2 2 2 2 2 2 2 2 2 2 2 2 2 0 2 2 2 2 2 2 0 2 2 2 2 2 2 2 2 2 2 2 1 2 2 2 2 2 2 2 2 2 2 2 2 2 2 2 2 2 2 2 2 2 0 2 2 2 0 2
381 2 0 2 0 0 2 2 2 2 2 0 0 0 2 0 2 2 2 2 0 2 0 2 2 0 2 2 0 2 2 2 0 0 0 0 2 2 0 0 2 2 2 0 2 2 2 2 2 2 2 0 2 0 0 2 2 0 0 2 2 0 2 2 0 0 0 0 0 2 0 2 2 0 0 2 2 2 0 1 2 0 0 2 2 2 2 2 0 2 0 2 0 2 2 0 0 0 2 2 2 2 2 0 0 0 0 2 0 0 2 2 2 2 2 2 2 0 2 0 0 2 0 2 2 2 2 2 2 0 2 0 0 2 0 2 2 0 0 2 2 2 2 0 2 0 0 0 0 1 0 2 2 2 0 2 0 0 2 2 2 0 0 2 0 2 0 0 1 2 2 0 0 2 2 2 2 0 0 2 2 2 0 0 2 0 0 0 2 2 2 2 2 0 2 0 2 2 0 2 1 0 2 2 2 2 2 0 0 2 2 0 2 2 0 0 0 2 1 2 0 0 2 0 0 0 2 2 2 2 2 0 2 2 0 2 0 2 2 0 2 0 0 0 0 0
382 2 0 2 2 2 0 0 2 2 2 2 2 2 2 2 0 2 2 2 2 2 2 2 2 2 0 2 2 2 2 2 2 2 2 2 1 2 0 2 2 2 0 2 2 2 2 2 2 2 2 2 2 0 0 2 2 2 0 2 2 2 2 0 0 2 2 0 0 2 2 2 2 2 0 2 2 2 2 0 0 2 2 0 2 2 2 2 0 2 2 0 2 2 0 2 2 0 2 2 2 2 0 0 0 2 0 2 2 2 2 0 0 2 2 2 0 2 2 0 2 0 2 2 2 2 0 2 2 2 0 2 2 0 2 0 2 2 2 2 2 2 0 2 2 2 2 2 2 1 0 2 2 2 2 2 0 2 2 2 2 2 2 0 2 2 2 2 0 2 2 2 2 2 2 2 0 2 2 2 2 2 0 2 2 2 2 0 2 2 2 2 2 0 0 2 0 2 0 2 2 0 2 2 2 0 2 2 2 2 0 2 0 2 2 0 2 2 2 0 0 2 2 0 2 2 2 2 2 2 2 2 0 2 2 0 2 0 2 0 2 2 2 2 0 2
383 0 2 0 2 2 2 2 2 1 2 2 0 2 2 2 2 2 0 0 2 0 2 2 2 2 2 2 2 1 0 0 2 2 2 2 2 2 2 2 0 0 2 2 2 2 0 2 0 0 0 0 2 2 2 2 2 0 2 0 0 2 0 2 2 0 2 2 2 2 2 2 0 2 2 2 0 0 0 2 2 2 2 2 0 2 2 0 2 0 2 2 2 0 2 2 2 2 0 2 0 2 2 2 2 2 2 2 2 2 2 2 2 0 2 0 2 2 2 2 2 2 2 0 2 2 2 0 0 2 2 0 2 2 2 2 2 2 2 2 2 2 2 2 2 2 2 2 2 2 2 2 2 2 2 2 2 2 2 2 2 2 2 2 2 2 2 2 2 2 2 2 2 2 2 2 2 2 2 2 2 2 2 2 2 2 2 2 2 2 2 2 2 2 2 2 2 2 2 2 2 2 2 2 2 2 2 2 2 2 2 2 2 0 2 2 2 2 0 2 2 2 1 2 2 2 0 2 2 0 2 2 2 2 2 2 2 2 2 2 2 2 2 2 2 2
384 2 2 2 2 2 2 2 2 2 2 2 2 2 2 2 2 2 2 2 2 2 2 2 2 2 2 2 2 2 2 2 2 2 2 2 2 2 2 2 2 2 2 2 0 2 2 2 2 2 2 2 2 2 0 2 2 2 2 2 2 2 2 2 2 2 2 2 2 2 2 2 2 2 2 2 2 2 2 2 2 2 2 2 2 2 2 2 2 2 2 2 2 2 2 2 2 2 2 2 2 2 2 2 2 2 2 2 2 2 2 2 2 2 2 2 2 2 0 2 2 2 2 2 0 2 2 2 2 2 2 2 2 2 2 2 2 2 2 2 2 2 2 2 2 0 2 2 2 2 2 0 2 2 2 0 2 2 2 2 2 2 2 2 2 2 2 2 2 0 2 2 2 2 2 2 2 0 2 2 2 2 2 2 2 2 2 2 2 2 2 2 2 2 2 2 2 1 2 2 2 2 2 2 2 2 2 2 2 2 2 2 2 2 0 2 2 2 2 2 2 0 2 2 2 2 2 2 0 2 2 2 2 2 2 2 2 2 2 2 2 2 2 2 2 2
385 2 2 2 2 2 2 2 2 2 2 2 2 2 2 2 2 2 2 2 2 2 2 2 2 0 2 2 2 2 2 2 2 2 2 2 2 2 2 2 2 2 2 0 2 2 2 2 2 2 2 2 2 0 2 2 2 2 2 2 2 2 2 2 0 2 2 2 0 2 2 2 2 2 0 2 2 2 2 2 2 2 2 2 2 2 2 2 0 2 2 2 2 2 2 2 2 2 2 2 2 2 2 2 2 2 2 2 2 2 2 2 2 2 2 2 2 2 2 0 2 2 2 2 2 2 2 2 2 0 2 2 2 2 2 2 2 2 2 2 2 2 2 2 2 2 2 2 2 2 2 0 2 2 2 0 2 2 2 2 2 2 2 2 2 2 2 2 1 2 2 2 2 2 2 2 0 2 2 2 2 2 2 2 2 2 2 2 2 2 2 2 2 0 2 2 2 2 0 2 2 2 2 2 2 2 2 2 2 2 2 2 2 2 2 2 2 2 2 2 0 2 2 0 2 2 2 2 2 2 2 2 2 2 2 2 2 2 2 0 2 2 2 2 2 2
386 2 2 2 2 2 2 2 2 2 2 2 2 2 2 2 2 2 2 2 2 2 2 2 2 2 2 2 2 2 2 2 2 2 2 2 2 2 2 2 2 2 2 2 2 2 2 2 2 2 2 0 2 0 2 2 2 2 2 2 2 2 2 2 0 2 2 2 0 2 2 2 2 2 0 2 2 2 2 2 2 2 2 2 2 2 2 2 0 2 2 2 2 2 2 2 2 2 2 2 2 2 2 2 2 2 2 2 2 2 2 2 2 2 2 2 2 2 2 0 2 2 2 2 2 2 2 2 2 2 2 2 2 2 2 2 2 2 2 2 2 2 2 2 2 2 2 2 2 2 2 0 2 2 2 0 2 2 2 2 2 2 2 2 2 2 2 2 1 2 2 2 2 2 2 2 2 2 2 2 2 2 2 2 2 2 2 2 2 2 2 2 2 0 2 2 2 2 2 2 2 2 2 2 2 2 2 2 2 2 2 2 2 2 2 2 2 2 2 2 0 2 2 0 2 2 2 2 2 2 2 2 2 2 2 2 2 2 2 0 2 2 2 2 2 2
387 2 0 0 2 0 0 0 2 2 2 2 2 0 2 0 0 0 0 2 2 0 2 2 2 0 2 2 2 0 2 0 2 2 0 0 1 0 0 2 2 2 2 2 0 2 0 0 2 2 0 2 0 0 2 2 2 2 0 0 0 2 2 0 0 0 0 0 0 2 0 2 2 0 0 0 2 0 2 0 0 0 2 0 0 0 2 0 0 0 0 0 2 0 2 0 2 0 0 2 0 0 0 0 2 0 2 2 2 2 0 2 0 0 2 2 2 0 0 0 2 0 2 2 0 2 0 2 0 0 2 2 0 0 2 0 2 0 0 2 0 2 0 0 2 0 0 2 0 0 2 2 0 0 0 2 0 0 0 1 2 0 0 0 0 0 0 0 0 0 2 0 2 0 2 0 0 0 0 2 2 2 2 0 2 0 0 2 0 0 2 1 0 0 2 2 0 1 0 0 1 2 0 0 0 0 2 0 0 0 2 2 0 0 0 2 0 0 0 2 0 0 0 0 0 0 0 0 0 0 2 0 0 2 0 0 2 0 2 0 0 0 0 0 0 0
388 2 0 2 2 0 2 0 2 2 2 2 2 0 2 2 2 0 2 2 2 2 2 2 2 2 2 2 2 2 2 2 2 2 2 2 2 2 0 2 2 2 2 2 2 2 2 2 2 2 2 2 2 2 2 2 2 2 0 2 2 2 2 2 2 2 0 0 2 2 2 2 2 2 2 0 2 2 2 2 2 0 2 2 2 2 2 2 2 2 2 2 2 2 2 2 2 0 2 2 2 2 2 0 2 2 2 2 2 2 2 2 2 2 2 2 2 2 2 2 2 0 2 2 2 2 0 2 2 2 2 2 2 2 2 2 2 0 2 2 0 2 2 0 2 2 2 2 2 2 2 2 0 2 2 2 0 2 2 2 2 2 0 2 2 0 2 0 2 2 2 2 2 0 2 0 2 2 2 2 2 2 2 0 2 2 0 2 2 2 2 2 2 2 2 2 0 2 2 2 2 2 0 0 2 2 2 2 2 2 2 2 2 2 2 2 2 0 2 2 2 2 2 2 2 2 2 2 2 2 2 2 2 2 2 2 2 2 2 2 2 2 2 2 0 2
389 0 0 0 0 0 0 0 2 0 0 0 0 0 0 0 0 0 0 0 0 0 0 0 0 0 0 0 0 0 0 0 0 0 0 0 0 0 0 0 0 0 0 0 0 0 0 0 0 0 0 0 0 0 0 0 0 2 0 0 0 0 0 0 0 0 0 0 0 2 0 2 0 0 0 0 0 0 0 0 0 0 0 0 0 0 0 0 0 0 0 0 0 0 2 0 0 0 0 2 0 0 0 0 0 0 0 0 0 0 0 0 0 0 0 0 0 0 0 0 0 0 0 0 0 2 0 0 0 0 0 0 0 0 0 0 0 0 0 2 0 0 0 0 0 0 0 0 0 0 0 0 0 0 0 0 0 0 0 0 0 0 0 0 0 0 0 0 0 0 0 0 0 0 0 0 0 0 0 0 0 2 0 0 0 0 0 2 0 0 0 0 0 0 0 0 0 1 0 0 1 0 0 0 0 0 2 0 2 0 0 0 0 0 0 2 0 0 0 2 0 0 0 0 0 0 0 0 0 0 2 2 0 0 0 0 2 0 0 0 0 0 0 0 0 0
390 2 2 2 2 2 2 2 2 2 2 2 2 2 2 0 2 0 2 2 2 2 2 2 2 2 2 0 2 2 2 2 2 2 0 0 2 2 2 2 2 2 2 2 2 2 2 2 2 2 2 2 2 2 2 2 2 2 2 2 2 2 2 2 2 2 2 2 2 2 2 2 2 2 2 0 2 2 2 2 2 0 2 2 2 2 0 2 2 2 0 0 2 2 0 2 2 2 2 2 2 0 2 2 2 2 2 0 2 0 2 2 2 2 2 2 2 0 2 2 2 2 2 2 2 2 2 2 2 2 2 2 2 2 2 2 0 2 0 2 0 2 0 0 2 2 0 2 2 1 2 2 2 2 2 2 0 2 0 0 2 2 2 2 0 0 2 0 2 2 2 2 0 0 2 0 2 2 2 2 2 2 2 2 0 2 2 2 2 2 2 2 0 2 2 0 0 1 2 0 2 2 0 0 2 2 2 2 2 2 2 2 0 2 2 0 0 0 2 0 2 2 2 2 2 2 2 0 2 2 2 2 2 2 0 0 2 2 2 2 0 0 2 2 2 2
391 0 0 0 0 0 0 0 0 0 2 0 0 0 2 0 0 0 0 0 0 0 0 0 2 0 0 0 0 0 0 0 0 2 0 0 0 2 0 0 0 0 0 0 0 2 0 0 0 0 0 0 0 0 0 0 0 0 0 0 0 0 0 0 0 0 0 0 0 2 0 0 0 0 0 0 0 0 0 0 0 0 0 0 0 0 0 0 0 0 0 0 0 0 0 0 2 0 0 0 0 0 0 0 0 0 0 0 0 0 0 0 0 0 2 0 0 0 0 0 2 0 0 0 0 0 0 0 0 0 0 0 0 0 2 0 0 0 0 2 0 2 0 0 0 0 0 0 0 0 0 0 0 0 0 0 0 0 0 0 2 0 0 0 0 0 0 0 0 0 2 0 0 0 0 0 0 0 0 2 2 0 0 0 0 0 0 0 0 0 2 1 0 0 0 0 0 0 0 0 0 0 0 0 0 0 2 0 0 0 0 0 0 0 0 0 0 0 0 0 0 0 0 0 0 0 0 0 0 0 0 0 0 2 0 0 0 0 2 0 0 0 0 0 0 0
392 0 0 2 2 0 2 0 0 2 2 2 2 0 2 0 0 0 2 0 2 0 2 0 2 0 2 0 2 2 0 0 2 2 0 0 0 2 0 2 2 2 0 0 0 2 2 0 0 2 2 0 0 2 0 0 0 0 0 2 0 0 0 0 2 2 0 0 2 2 0 0 0 0 2 0 0 2 2 0 0 0 0 0 0 2 0 2 2 0 0 0 2 0 2 2 2 0 0 0 2 0 0 0 0 2 0 0 0 0 0 0 0 2 2 2 2 0 0 2 2 0 2 0 0 2 0 2 2 2 2 2 0 0 2 0 0 2 0 2 0 2 0 0 0 0 0 0 2 1 0 0 0 0 0 0 0 0 0 0 2 2 0 0 0 0 2 0 1 0 2 2 0 0 0 0 0 0 0 2 2 2 0 0 0 2 2 0 2 0 2 1 0 2 0 0 0 1 2 0 1 0 0 0 0 0 2 0 2 0 0 0 0 2 0 2 2 0 0 2 2 0 2 2 0 2 0 0 2 0 0 2 0 2 0 0 2 0 2 2 0 0 0 2 0 0
393 0 0 2 2 0 2 0 2 0 2 2 2 0 2 2 2 2 2 0 2 2 0 2 2 2 2 2 0 2 0 2 0 2 2 2 2 2 0 2 0 2 0 2 2 2 2 2 0 2 2 2 2 2 2 2 2 2 0 2 2 2 0 2 2 2 0 0 2 2 0 2 2 0 2 2 0 2 2 2 0 2 2 2 0 2 2 2 2 0 2 2 2 2 2 2 2 0 2 2 2 2 2 0 2 0 2 2 0 2 2 0 2 2 2 0 2 2 2 2 2 0 2 2 2 2 0 2 2 2 2 0 0 2 2 0 2 2 2 2 2 2 2 2 2 2 2 2 2 2 2 2 0 2 2 2 2 2 2 2 2 2 0 2 2 2 2 2 2 2 2 2 2 2 0 2 2 2 2 2 2 2 2 0 2 2 0 2 2 2 2 2 2 2 2 2 2 2 2 2 1 2 2 2 2 0 2 0 2 2 2 0 2 2 2 2 2 2 2 2 2 2 2 2 0 2 2 2 0 2 2 2 2 2 2 2 2 2 2 2 2 2 2 2 0 2
394 0 2 2 2 2 2 2 2 2 2 2 2 2 2 2 2 2 2 2 2 2 2 2 2 2 2 2 2 2 2 2 2 2 2 2 2 2 2 2 2 0 2 2 2 2 2 2 0 2 2 0 2 0 2 2 2 2 2 2 2 2 0 2 0 2 2 2 0 2 2 2 2 2 0 2 2 2 2 2 2 2 2 2 2 2 2 2 0 2 2 2 2 2 2 0 2 2 2 2 2 2 2 2 2 2 2 2 2 2 2 2 2 0 2 2 2 2 2 2 2 2 2 2 2 2 2 0 0 2 2 2 2 2 2 2 2 2 2 2 2 2 2 2 2 2 2 2 0 2 2 2 2 2 2 2 2 2 2 2 2 0 2 2 2 2 0 2 1 2 2 2 2 2 2 2 2 0 2 2 0 2 2 2 2 0 2 2 2 2 2 2 2 0 2 2 2 2 2 2 1 2 2 2 2 2 2 2 0 2 2 2 2 2 2 2 2 2 2 2 0 2 2 0 2 2 2 2 2 2 2 0 2 0 2 2 2 2 0 2 2 2 2 0 2 2
395 2 2 2 2 2 2 2 0 2 2 2 2 2 2 2 2 2 2 2 2 2 2 2 2 0 2 2 2 2 2 2 2 2 2 2 2 2 2 2 2 2 2 2 2 2 2 2 2 2 2 2 2 2 2 2 2 0 2 2 2 2 2 2 2 2 2 2 2 2 2 2 2 2 2 2 2 2 2 2 2 2 2 2 2 2 2 2 2 2 2 2 2 2 2 0 2 2 2 0 2 2 2 2 2 2 2 2 2 2 2 2 2 2 2 2 2 2 2 2 2 2 2 2 2 0 2 2 2 2 2 2 2 2 2 2 2 2 2 2 2 2 2 2 2 2 2 2 0 2 2 2 2 2 2 2 2 0 2 2 2 0 2 2 2 2 0 2 2 2 2 0 2 2 2 2 2 2 2 2 2 2 2 2 2 0 2 2 2 2 2 2 2 2 2 2 2 2 2 2 1 2 2 2 2 2 2 2 2 2 2 2 2 2 2 2 2 2 2 2 2 2 2 2 2 0 2 2 2 2 0 2 2 2 2 2 2 2 2 2 2 2 2 0 2 2
396 0 0 0 0 2 0 2 0 0 2 0 0 2 2 0 0 2 0 0 0 0 0 2 2 0 0 2 0 0 0 0 0 2 2 0 1 0 0 0 0 0 0 0 0 2 0 0 0 0 0 0 0 0 2 2 2 0 0 0 0 0 0 0 0 0 2 0 0 0 2 0 0 2 0 2 0 0 0 0 2 2 0 2 2 2 2 0 0 0 0 2 0 0 2 0 2 0 0 0 0 0 2 0 0 0 0 2 2 2 0 0 2 0 2 0 0 0 2 0 2 2 0 2 0 0 2 0 0 2 0 0 2 2 2 2 2 0 0 2 2 2 2 0 2 2 2 0 0 0 0 0 0 0 2 0 2 0 2 2 2 0 0 0 0 2 2 2 0 2 2 0 2 2 0 2 2 0 2 2 0 2 2 0 2 0 2 0 2 0 2 2 0 0 2 2 2 1 2 2 0 0 2 2 2 2 2 0 2 0 0 0 2 0 2 2 0 2 0 2 0 2 0 0 2 0 0 0 0 0 0 2 0 0 0 2 0 2 0 0 2 0 2 2 2 2
397 2 2 2 2 2 2 2 2 2 2 2 2 2 2 2 2 2 2 2 2 2 2 0 2 2 2 2 2 2 2 2 2 2 0 0 2 2 2 2 2 2 2 2 2 2 2 2 2 2 2 2 2 2 2 0 0 2 2 2 2 2 2 2 2 2 2 2 2 2 2 2 2 2 2 2 2 2 2 2 2 2 2 2 2 0 2 2 2 2 0 2 2 2 2 2 2 2 2 2 2 0 2 2 2 2 2 2 0 2 2 2 2 2 2 2 2 0 2 2 2 0 2 2 2 2 2 2 2 0 2 2 2 2 2 2 2 2 0 2 2 2 2 2 2 2 2 2 2 2 2 2 0 2 2 2 2 2 0 1 2 2 0 2 0 2 2 2 2 2 2 2 2 2 0 2 2 2 2 2 2 0 2 0 2 2 0 2 0 2 2 2 0 2 2 2 2 2 0 2 2 2 2 0 2 2 2 2 2 2 2 0 0 2 2 2 0 0 2 2 2 2 2 2 2 2 2 0 2 2 2 2 2 2 0 0 2 2 2 2 2 0 2 2 0 2
398 2 2 0 0 2 2 2 2 2 2 2 0 2 2 2 2 2 2 0 2 0 0 2 2 2 2 2 0 2 0 0 0 0 2 2 1 0 2 2 2 2 2 2 0 2 0 2 2 0 0 0 2 0 2 2 2 2 2 0 0 2 2 2 0 2 2 2 0 0 2 2 0 2 0 2 0 0 0 2 2 2 2 2 2 2 2 0 0 2 2 2 2 2 2 2 0 2 2 2 0 2 2 2 0 2 2 2 2 2 2 2 2 0 2 2 0 2 2 0 0 2 2 2 0 2 2 2 2 2 2 0 2 2 0 2 2 2 2 2 2 2 2 2 2 2 0 2 2 1 2 0 2 2 2 0 2 2 2 2 2 2 2 0 2 2 2 2 0 2 2 2 0 2 2 2 2 0 2 2 2 2 2 2 2 2 2 0 2 2 2 2 2 0 2 2 2 2 2 2 2 2 2 2 0 2 2 0 2 2 2 2 2 0 2 2 2 2 2 2 0 2 2 0 2 2 2 2 0 2 2 2 0 2 2 2 2 2 2 0 2 2 2 2 2 2
399 2 2 2 2 2 2 2 2 0 2 0 2 2 2 2 2 2 0 2 0 2 2 2 2 2 2 2 2 0 2 2 2 2 2 2 2 2 2 0 0 2 2 2 2 2 2 2 2 2 2 2 2 2 2 2 2 2 2 2 2 2 2 2 2 2 2 2 2 0 2 2 2 2 2 2 2 2 2 2 2 2 2 2 2 2 2 2 2 2 2 2 0 2 2 2 2 2 2 2 2 2 2 2 2 2 2 2 2 2 2 2 2 2 2 0 2 2 2 0 2 2 0 2 2 2 2 2 2 2 2 2 2 2 2 2 2 2 2 2 2 2 2 2 2 2 2 2 2 2 2 2 2 2 2 2 2 2 2 2 2 2 2 2 2 2 2 2 2 2 2 2 2 2 2 2 2 2 2 2 2 2 2 2 2 2 2 2 2 2 2 2 2 2 2 2 2 2 2 2 2 2 2 2 2 2 2 2 2 2 2 2 2 2 2 2 2 2 2 2 2 2 2 2 2 2 2 2 2 2 2 2 2 2 2 2 2 2 2 0 2 2 2 2 2 2
400 2 2 0 2 2 2 0 2 0 2 0 2 2 2 2 2 2 0 2 0 2 2 2 2 2 2 2 2 0 2 0 2 2 2 2 2 2 2 0 0 2 2 2 2 2 0 2 2 0 2 2 2 2 2 2 2 2 2 0 0 2 2 2 2 2 2 2 2 2 2 2 2 2 2 2 2 0 2 2 2 2 2 2 2 2 2 0 2 2 2 2 0 2 2 2 2 2 2 2 0 2 2 2 2 2 2 2 2 2 2 2 2 2 2 0 2 2 2 2 2 2 0 2 2 2 0 2 2 2 2 2 2 2 2 2 2 2 2 2 2 2 2 2 2 2 2 2 2 2 2 2 2 2 2 2 2 2 2 2 2 2 2 2 2 2 2 2 2 2 2 2 2 2 2 2 2 2 2 2 2 2 2 2 2 2 2 2 2 2 2 2 2 2 2 2 2 2 2 2 2 2 2 2 2 2 2 2 2 2 2 2 2 0 2 2 2 2 2 2 2 2 2 2 2 2 2 2 2 2 2 2 2 2 2 2 2 2 2 2 2 2 2 2 2 2
401 2 2 2 2 2 2 2 2 2 2 2 2 2 2 2 2 2 2 2 2 2 2 2 2 2 2 2 2 2 2 2 2 2 2 2 2 0 2 2 2 2 2 2 2 2 2 2 2 2 2 2 2 0 2 2 2 2 2 2 2 0 2 2 0 2 2 2 0 2 2 2 2 2 0 2 2 2 2 2 0 2 2 2 2 2 2 2 0 2 2 2 2 2 2 2 2 2 0 2 2 2 2 2 0 2 0 2 2 2 2 2 2 2 2 2 2 2 2 2 2 2 2 2 2 2 2 2 2 2 2 0 2 2 2 0 2 0 2 2 2 2 2 2 2 2 2 2 2 2 0 0 2 2 2 0 2 2 2 2 2 2 2 2 2 2 2 2 1 2 2 2 2 2 2 2 2 0 2 2 2 2 0 2 2 2 2 2 2 2 2 2 2 0 0 2 2 2 2 2 2 0 2 2 2 0 2 2 2 2 0 2 2 2 2 2 2 2 1 2 0 2 2 0 2 2 2 2 2 2 2 2 2 2 2 2 2 0 2 2 2 2 2 2 2 2
402 2 2 2 2 2 0 2 0 2 2 2 2 2 2 0 0 0 2 2 2 2 2 2 2 0 0 0 2 2 2 2 2 2 2 2 1 0 2 2 2 2 2 2 2 2 2 2 2 2 2 2 2 0 2 2 2 2 2 2 2 0 2 2 0 2 2 2 0 0 0 2 2 0 0 0 2 2 2 2 0 0 2 2 0 2 0 2 0 2 2 0 2 0 2 2 2 2 0 0 2 0 0 2 0 2 0 0 2 0 0 2 2 2 2 2 0 2 2 2 2 2 2 2 2 2 2 2 2 2 0 0 0 0 2 0 0 0 2 2 0 2 0 2 2 2 2 0 2 1 0 0 2 2 0 0 0 0 2 2 2 2 2 2 0 0 2 0 1 2 2 2 0 0 2 0 0 0 0 2 2 2 0 2 0 2 2 2 2 0 2 1 0 0 0 0 0 0 0 0 2 0 0 2 0 0 2 2 0 2 0 2 0 2 2 0 2 2 1 0 0 2 2 0 0 2 0 0 2 2 0 0 0 2 0 0 2 0 2 2 0 2 2 2 2 0
403 2 2 2 2 2 2 2 2 2 2 2 2 2 2 2 2 2 2 2 2 2 2 2 2 2 2 0 2 2 2 2 2 2 2 2 1 2 2 2 2 2 2 2 2 2 2 2 2 2 2 2 2 2 2 2 2 2 2 2 2 2 2 2 2 2 2 2 2 2 0 2 2 0 2 2 2 2 2 2 2 0 2 2 0 2 0 2 2 2 2 2 2 2 2 2 2 2 2 2 2 2 0 2 2 2 2 0 2 0 0 2 2 2 2 2 2 2 2 2 2 2 2 2 2 2 2 2 2 2 2 2 0 0 2 2 0 2 2 2 2 2 0 2 2 2 2 2 2 2 2 2 2 2 0 2 0 2 2 2 2 2 2 2 2 2 2 0 2 2 2 2 2 2 2 0 0 2 0 2 2 2 2 2 0 2 2 2 2 2 2 1 2 2 2 0 0 2 2 0 2 2 2 2 2 2 2 2 0 2 2 2 2 2 2 2 2 2 2 0 2 2 2 2 0 2 2 2 2 2 2 0 2 2 2 2 2 2 2 2 0 2 0 2 2 0
404 2 2 0 0 2 0 2 0 0 2 0 0 2 2 0 0 0 0 2 0 0 0 2 2 0 0 0 0 0 2 2 0 0 0 0 0 0 2 0 0 0 2 0 2 2 0 0 2 2 0 0 0 0 0 2 2 0 2 0 2 0 2 2 0 0 2 2 0 0 0 0 2 0 0 0 2 0 0 2 0 0 2 2 0 2 0 0 0 0 0 0 0 0 0 0 0 2 0 0 0 0 0 1 0 0 0 0 0 0 0 2 2 0 2 0 0 0 0 2 0 2 0 2 2 2 2 0 0 0 0 0 0 0 0 0 0 0 0 2 0 2 0 0 0 0 0 0 0 0 0 0 0 0 0 0 0 0 0 0 2 0 0 0 0 0 0 0 0 0 2 0 0 0 0 0 0 0 0 2 2 0 0 0 0 0 2 0 2 0 2 1 0 0 0 0 0 0 0 0 0 0 0 0 0 0 2 0 0 0 0 0 0 0 0 0 0 0 0 0 0 0 0 0 0 0 0 0 2 0 0 0 0 2 0 0 0 0 2 2 0 0 0 0 2 0
405 2 2 2 2 2 2 2 2 2 2 2 2 2 2 2 2 2 2 2 2 2 2 2 2 2 2 0 2 2 2 2 2 2 2 2 1 2 2 2 2 2 2 2 2 2 2 2 2 2 2 2 2 2 2 2 2 2 2 2 2 2 2 2 2 2 2 2 2 2 0 2 2 0 2 2 2 2 2 2 2 0 2 2 0 2 0 2 2 2 2 2 2 2 2 2 2 2 2 2 2 2 0 2 2 2 2 0 2 0 0 2 2 2 2 2 2 2 2 2 2 2 2 2 2 2 2 2 2 2 2 2 0 0 2 2 0 2 2 2 2 2 0 2 2 2 2 2 2 2 2 2 2 2 0 2 0 2 2 2 2 2 2 2 2 2 2 0 2 2 2 2 2 2 2 0 0 2 0 2 2 2 2 2 0 2 2 2 2 2 2 1 2 2 2 0 0 2 2 0 2 2 2 2 2 2 2 2 0 2 2 2 2 2 2 2 2 2 2 0 2 2 2 2 0 2 2 2 2 2 2 0 2 2 2 2 2 2 2 2 0 2 0 2 2 0
406 0 0 0 2 0 0 0 0 2 0 2 2 0 0 0 0 0 0 0 2 0 0 0 0 0 0 0 0 0 0 2 0 2 0 0 0 0 0 2 2 0 0 2 2 0 0 2 0 0 0 0 2 0 2 0 0 0 0 0 2 0 0 0 0 2 0 0 0 0 0 0 2 0 0 0 0 0 2 0 0 0 2 0 0 0 0 0 0 2 0 0 2 2 2 0 2 0 0 0 0 0 0 0 0 2 0 0 0 0 0 0 0 0 0 0 0 0 2 0 2 0 2 0 2 0 0 0 0 0 0 0 0 0 2 0 0 0 0 2 0 0 0 2 0 2 0 0 0 0 0 0 0 2 0 0 0 0 0 0 0 2 0 0 0 0 0 0 0 2 0 0 0 0 0 0 0 0 0 0 0 2 0 0 0 2 0 0 0 0 0 0 0 0 0 0 0 0 0 0 2 0 0 0 0 0 2 0 0 2 0 0 0 0 2 0 0 0 0 0 0 2 0 0 0 0 2 0 0 0 0 0 0 0 0 0 0 0 0 0 0 0 2 0 0 0
407 0 0 2 2 2 2 0 2 2 0 2 2 2 0 2 2 2 2 0 2 2 2 0 0 2 2 2 2 2 0 2 2 2 2 2 1 2 0 2 2 2 0 2 2 0 2 2 0 2 2 2 2 2 2 0 0 2 0 2 2 2 0 0 2 2 2 0 2 2 2 2 2 2 2 2 0 2 2 0 2 2 2 0 2 2 2 2 2 2 2 2 2 2 2 2 2 0 2 2 2 2 2 0 2 2 2 2 2 2 2 0 0 2 0 2 2 2 2 2 2 2 2 2 2 2 0 2 2 2 2 2 2 2 2 2 2 2 2 2 2 0 2 2 2 2 2 2 2 1 2 2 2 2 2 2 2 2 2 2 0 2 2 0 2 2 2 2 2 2 0 2 2 2 2 2 2 2 2 0 0 2 2 2 2 2 2 0 2 2 0 1 2 2 2 2 2 2 2 2 2 2 2 2 2 2 2 0 2 2 2 2 0 2 2 2 2 2 2 2 2 2 2 2 2 2 2 2 2 2 2 2 0 0 2 0 2 2 0 2 2 2 2 2 2 2
408 2 2 2 2 2 0 2 2 2 2 2 2 2 2 2 2 2 2 2 2 2 2 2 2 2 0 2 2 2 2 2 2 2 0 2 2 2 2 2 2 0 2 2 2 2 2 2 2 0 2 2 2 2 2 2 2 2 2 2 2 2 2 2 2 2 2 2 2 2 2 2 2 2 2 2 2 2 2 2 0 2 2 2 2 2 2 2 2 2 2 2 2 2 0 2 2 2 0 2 2 2 2 2 2 2 0 2 0 2 2 2 2 2 2 2 2 2 2 2 2 2 2 2 2 2 2 0 2 2 0 2 2 2 2 2 2 2 2 2 2 2 2 2 2 2 0 2 2 1 0 2 2 2 2 2 2 2 2 2 2 2 2 2 2 2 2 2 2 2 2 0 2 2 2 2 0 2 2 2 2 2 2 2 2 2 2 2 2 2 2 2 2 2 2 2 2 0 0 2 2 0 2 0 0 2 2 2 2 2 0 2 2 2 2 2 0 0 1 2 2 2 2 2 2 0 2 2 2 2 2 2 2 2 2 2 2 2 2 2 2 2 2 2 2 2
409 2 2 2 2 2 2 2 2 2 2 2 2 2 2 2 2 2 2 2 2 2 2 2 2 2 2 2 2 2 2 2 2 2 2 2 2 2 2 2 2 2 2 2 2 2 2 2 2 2 2 2 2 2 0 2 2 0 2 2 2 2 2 2 2 2 2 2 2 2 2 2 2 2 2 2 2 2 2 2 2 2 2 2 2 0 2 2 2 2 2 2 2 2 2 0 2 2 2 2 2 2 2 2 2 2 2 2 2 2 2 2 2 2 2 2 2 2 2 0 2 2 2 2 2 2 2 2 2 2 2 2 2 2 2 2 2 2 2 2 2 2 2 2 2 0 2 2 0 2 2 2 2 2 2 2 2 2 0 1 2 2 2 2 2 2 0 2 2 2 2 2 2 2 2 2 2 2 2 2 2 2 2 2 2 2 2 2 0 2 2 2 2 2 2 2 2 2 2 2 2 2 2 2 2 2 2 2 2 2 2 2 2 2 0 2 2 2 1 2 2 0 0 2 2 2 2 2 2 0 2 2 2 2 2 2 2 2 2 0 2 2 2 2 0 2
410 0 0 0 0 2 0 2 0 0 0 0 0 2 0 0 0 0 2 0 0 0 0 0 0 0 0 0 0 2 0 2 0 2 0 0 0 0 0 0 0 0 2 0 0 0 0 0 0 0 0 0 0 0 0 0 0 0 0 0 2 0 0 0 0 0 2 0 0 0 0 0 0 0 0 0 0 0 0 0 0 0 0 0 0 0 0 0 0 0 0 0 0 2 0 0 2 0 0 0 0 0 0 0 0 0 0 0 0 0 0 2 0 0 0 2 2 0 0 0 2 0 0 2 0 0 2 0 0 0 0 0 0 0 2 0 0 0 0 2 0 0 0 0 0 0 0 0 0 0 0 0 0 0 0 0 0 0 0 0 0 0 0 0 0 0 0 0 0 0 0 0 0 0 0 0 0 0 0 0 0 0 0 0 0 0 0 0 0 0 0 0 0 0 0 0 0 0 0 0 0 0 0 0 2 0 2 0 0 0 0 0 0 0 0 0 0 0 0 0 0 0 0 0 0 0 2 0 0 0 0 0 0 0 0 0 0 0 0 0 0 0 0 0 0 0
411 0 0 0 0 2 0 2 0 0 0 0 0 2 0 0 0 0 2 0 0 0 0 0 0 0 0 0 0 2 0 2 0 2 0 0 0 0 0 0 0 0 0 0 0 0 0 0 0 0 0 0 0 0 0 0 0 0 0 0 2 0 0 0 0 0 2 0 0 0 0 0 0 0 0 0 0 0 0 0 0 0 0 0 0 0 0 0 0 0 0 0 0 2 0 0 2 0 0 0 0 0 0 0 0 0 0 0 0 0 0 0 0 0 0 0 2 0 0 0 2 0 0 2 0 0 2 0 0 0 0 0 0 0 2 0 0 0 0 2 0 0 0 0 0 0 0 0 0 0 0 0 0 0 0 0 0 0 0 0 0 0 0 0 0 0 0 0 0 0 0 0 0 0 0 0 0 0 0 0 0 0 0 0 0 0 0 0 0 0 0 0 0 0 0 0 0 0 0 0 0 0 0 0 2 0 2 0 0 0 0 0 0 0 0 0 0 0 0 0 0 0 0 0 0 0 2 0 0 0 0 0 0 0 0 0 0 0 0 0 0 0 0 0 0 0
412 2 2 2 2 2 2 2 2 2 2 2 2 2 2 2 0 2 2 2 2 2 2 2 2 2 2 2 2 2 2 2 2 2 2 2 2 0 2 2 2 2 2 2 2 2 2 2 2 2 2 2 2 0 2 2 2 2 2 2 2 2 2 2 0 2 2 2 0 2 2 2 2 2 0 2 2 2 2 2 2 2 2 2 2 2 2 2 0 2 2 2 2 2 2 2 2 2 2 2 2 2 2 2 2 2 2 2 2 2 2 2 2 2 2 2 2 2 2 2 2 2 2 2 2 2 2 2 2 0 2 2 2 2 2 2 2 2 2 2 2 2 2 2 2 2 2 2 2 2 2 2 0 2 2 2 2 2 2 2 2 2 2 2 2 2 2 2 0 2 2 2 2 2 0 2 2 0 2 2 2 2 0 2 2 2 2 2 2 2 2 2 2 0 0 2 2 2 2 2 2 2 2 2 2 2 2 2 2 2 2 0 0 2 2 2 2 2 1 2 0 2 0 0 2 2 2 2 2 0 2 2 0 2 2 0 2 2 2 2 2 2 2 2 2 2
413 2 2 2 2 2 2 2 2 2 0 2 2 2 0 2 2 2 2 2 2 2 2 2 0 2 2 2 2 2 2 2 2 2 2 2 2 2 2 2 2 2 2 2 2 0 2 2 2 2 2 2 2 2 2 2 2 2 2 2 2 2 2 0 2 2 2 2 2 2 0 2 2 2 2 2 2 2 2 0 2 2 2 0 2 2 2 2 2 2 2 2 2 2 2 2 2 2 2 2 2 2 2 2 2 2 2 2 2 2 2 2 0 2 0 2 2 2 2 2 2 2 2 2 2 2 2 2 2 2 2 2 0 2 2 2 2 2 2 2 2 0 2 2 2 2 2 2 2 2 2 2 2 2 2 2 2 2 2 2 2 2 2 2 2 2 2 2 2 2 2 2 2 2 2 2 2 2 2 2 2 2 2 2 2 2 2 2 2 2 0 1 2 2 2 2 2 2 2 2 2 2 2 2 2 2 2 2 2 2 2 2 2 2 2 2 2 2 2 2 2 2 2 2 0 2 2 2 2 2 2 2 2 2 2 2 2 2 2 2 2 2 2 2 2 2
414 2 2 2 2 2 2 2 2 2 2 2 2 2 2 2 2 2 2 2 2 0 2 2 2 2 2 2 2 2 2 2 2 2 2 2 2 2 2 2 2 2 2 2 2 2 2 2 2 2 0 2 2 2 2 2 2 2 2 2 2 2 2 2 2 2 2 2 2 2 2 0 2 2 2 2 2 2 2 2 2 2 2 2 2 0 2 2 2 0 2 2 2 2 2 2 2 2 2 2 2 2 2 2 2 2 2 2 2 2 2 2 2 2 2 2 2 2 2 2 2 0 2 2 2 0 2 2 2 2 2 2 2 2 2 2 2 2 2 2 2 2 2 2 0 2 2 2 2 2 2 2 2 2 2 2 2 2 2 1 2 2 2 2 2 2 2 2 2 2 2 2 2 2 2 2 2 2 2 2 2 2 2 2 2 2 0 2 0 2 2 2 2 2 2 2 2 2 2 2 2 2 2 2 2 2 2 2 2 2 2 2 2 2 2 2 2 2 2 2 2 2 2 2 2 2 2 2 0 2 2 2 2 2 0 2 2 2 2 2 2 2 2 2 2 2
415 2 2 2 2 2 2 2 2 2 2 2 2 2 2 2 2 2 2 2 2 2 2 2 2 0 2 2 2 2 2 2 2 2 2 2 2 0 2 2 2 2 2 2 2 2 2 2 2 2 2 2 2 0 2 2 2 2 2 2 2 2 2 2 0 0 2 2 0 2 2 2 2 2 0 2 2 2 2 2 2 2 2 2 2 2 2 2 2 2 2 2 2 2 2 2 2 2 2 2 2 2 2 2 2 2 2 2 2 2 2 2 2 2 2 2 2 2 2 2 2 2 2 2 2 2 2 2 2 2 2 2 2 2 2 2 2 2 2 2 2 2 2 2 2 2 2 2 2 2 2 2 0 2 2 2 2 2 2 2 2 2 2 2 2 2 2 2 2 2 2 2 2 2 2 2 2 0 2 2 2 0 0 2 2 2 2 2 2 2 2 2 2 2 0 2 2 2 2 2 2 2 2 2 2 2 2 2 2 2 2 0 2 2 2 2 2 2 2 2 2 2 2 0 2 2 2 2 2 2 2 2 2 2 2 2 0 2 2 2 2 2 2 2 2 2
416 0 2 2 0 2 0 2 2 0 2 0 0 2 2 2 2 2 2 2 0 2 0 2 2 2 0 2 0 2 2 2 0 2 0 2 2 2 2 0 0 0 2 2 2 2 2 2 2 2 2 2 2 2 2 2 2 2 2 2 2 0 2 2 2 2 2 2 2 2 2 0 2 2 2 2 2 2 0 2 2 2 0 0 2 2 2 2 2 2 2 2 0 2 2 2 2 2 0 2 2 2 2 2 2 0 0 2 2 2 2 2 0 2 2 2 2 2 0 2 2 2 0 0 2 2 2 0 0 2 0 2 2 2 2 2 2 0 2 2 2 2 2 2 2 2 2 2 2 1 0 2 0 2 2 2 2 2 2 1 2 2 2 2 2 2 2 2 2 0 2 2 2 2 0 2 0 2 2 2 0 0 2 0 2 2 2 2 2 2 2 2 2 2 2 2 2 0 2 2 0 0 2 2 0 2 2 2 2 2 0 2 2 2 2 2 2 2 1 2 2 2 0 2 2 2 2 2 2 0 0 2 0 0 2 2 0 2 0 2 2 2 2 2 2 2
417 2 2 0 2 2 2 2 2 0 2 2 2 2 2 2 2 2 0 2 2 0 2 2 2 2 2 2 2 0 2 0 2 2 2 2 2 2 2 2 0 2 2 2 2 2 0 2 2 0 0 2 2 2 2 2 2 2 2 0 0 2 2 2 2 2 2 2 2 2 2 2 0 2 2 2 2 0 2 2 2 2 2 2 2 2 2 0 2 2 2 2 2 2 2 2 2 2 2 2 0 2 2 2 2 2 2 2 2 2 2 2 2 2 2 0 2 2 2 2 2 2 2 0 2 2 2 2 2 2 2 2 2 2 2 2 2 2 2 2 2 2 2 2 2 2 2 2 2 2 2 2 2 2 2 2 2 2 2 2 2 2 2 2 2 2 2 2 2 2 2 2 2 2 2 2 2 2 2 2 2 2 2 2 2 2 2 2 2 2 2 2 2 2 2 2 2 2 2 2 2 2 2 2 2 2 2 2 2 2 2 2 2 0 2 2 2 2 2 2 2 2 2 2 2 2 2 2 2 2 2 2 2 2 2 2 2 2 2 2 2 2 2 2 2 2
418 0 0 0 0 0 0 0 0 0 0 0 0 0 0 0 0 0 0 0 0 0 0 0 0 0 0 0 0 0 0 0 0 0 0 0 0 0 0 0 0 2 0 2 0 0 0 0 0 0 0 0 0 0 0 0 0 2 0 0 0 0 0 0 0 0 0 0 0 2 0 0 0 0 0 0 0 0 0 0 0 0 0 0 0 0 0 0 0 2 0 0 0 0 0 2 0 0 2 0 0 0 0 0 0 0 0 0 0 0 0 0 0 2 0 0 0 0 0 2 0 2 0 0 0 0 0 2 2 0 0 2 0 0 0 2 0 2 2 2 0 0 0 0 0 0 0 2 0 0 0 0 0 0 0 0 0 0 0 0 0 0 0 0 0 0 0 0 0 0 0 0 0 0 0 0 0 0 0 0 0 0 0 0 0 2 0 0 0 0 0 0 0 0 0 0 0 0 0 0 0 0 0 0 0 2 2 0 0 0 0 0 0 0 0 0 0 0 0 0 0 0 0 0 0 0 0 0 0 0 0 0 0 0 0 0 0 0 0 2 2 0 0 2 0 0
419 2 2 0 2 0 2 2 2 0 2 2 2 0 2 0 0 0 0 2 2 0 2 0 2 2 2 0 2 0 2 0 2 2 0 0 0 2 2 2 2 2 2 0 2 2 0 2 0 2 0 2 2 2 2 0 0 2 2 0 2 2 0 2 2 2 0 2 2 2 2 2 2 2 2 0 2 0 2 2 2 2 2 0 2 0 0 0 2 2 0 0 2 2 2 2 2 2 0 2 0 0 0 2 2 2 2 0 2 2 2 2 2 2 2 0 2 0 2 2 2 2 2 0 2 2 2 2 2 2 2 2 2 0 2 2 0 2 2 2 0 2 0 0 2 2 2 2 2 1 2 2 2 2 0 2 0 2 0 1 2 2 0 2 0 0 0 0 2 0 2 2 0 0 2 0 2 2 0 2 2 2 2 0 0 2 2 2 0 0 2 2 0 2 2 0 0 2 2 2 2 2 0 0 2 2 2 2 2 2 2 0 0 0 2 2 0 0 1 2 2 2 0 2 2 2 2 0 0 0 0 2 2 2 0 0 2 2 2 2 0 0 0 2 0 0
420 2 2 2 2 0 2 2 2 2 2 2 2 0 2 0 0 0 2 2 2 2 2 0 2 2 2 0 2 2 2 2 2 2 2 0 1 2 2 2 2 2 2 0 2 2 2 2 2 2 2 2 2 2 2 0 0 2 2 2 2 2 2 2 2 2 0 2 2 2 2 2 2 2 2 0 2 2 2 2 2 2 2 0 2 0 0 2 2 2 0 0 2 2 2 2 2 2 2 2 2 2 2 2 2 2 2 2 2 2 2 2 2 2 2 2 2 0 2 2 2 2 2 2 2 2 2 2 2 2 2 2 2 2 2 2 0 2 2 2 0 2 0 0 2 2 2 2 2 1 2 2 2 2 0 2 0 2 0 1 2 2 2 2 0 0 0 0 2 0 2 2 0 0 2 0 2 2 0 2 2 2 2 0 0 2 2 2 0 2 2 2 2 2 2 0 0 2 2 2 2 2 0 2 2 2 2 2 2 2 2 0 2 2 2 2 0 2 2 2 2 2 2 2 2 2 2 2 0 2 2 2 2 2 2 2 2 2 2 2 0 0 0 2 0 0
421 2 2 2 2 0 0 2 2 0 2 0 2 0 2 0 0 0 2 2 0 2 2 0 2 2 0 0 2 2 2 0 2 0 2 0 0 2 2 0 0 0 2 2 2 2 2 2 2 0 2 2 2 2 2 0 0 2 2 2 2 2 0 2 2 2 0 2 2 2 0 2 2 2 2 0 2 2 2 2 0 0 0 0 2 2 0 2 2 2 0 0 0 2 2 0 0 2 0 2 2 2 0 2 2 2 0 2 2 2 2 2 0 2 2 0 0 0 2 2 0 2 0 0 2 0 2 0 2 2 0 0 0 0 0 0 0 2 2 2 0 2 0 0 2 2 0 2 2 1 0 2 2 2 0 2 2 2 0 2 2 0 0 2 0 0 2 0 2 2 2 2 0 0 2 0 0 2 0 2 0 0 2 2 0 2 0 2 0 2 2 1 2 2 2 0 0 0 0 2 2 0 0 2 0 0 2 2 0 2 0 2 0 2 2 2 0 2 2 2 2 2 0 2 2 2 2 2 2 0 0 0 0 0 0 0 2 2 0 2 0 0 0 2 0 2
422 2 2 2 0 2 2 2 2 2 2 2 0 2 2 2 2 2 2 2 2 2 0 2 2 2 2 2 0 2 2 2 0 2 2 2 2 2 2 2 2 0 2 2 2 2 2 2 2 2 2 0 2 2 2 2 2 2 2 2 2 2 2 2 2 2 2 2 2 2 0 2 2 0 2 2 2 2 0 2 2 2 2 2 0 2 2 2 2 2 2 2 2 2 2 2 2 2 2 2 2 2 2 2 2 2 2 2 2 2 2 2 2 2 2 2 2 2 2 2 2 2 2 2 2 2 2 2 2 2 2 2 0 2 2 2 2 2 2 2 2 2 2 2 2 2 2 2 2 2 2 0 2 2 2 0 2 2 2 2 2 2 2 2 2 2 2 2 2 2 2 2 2 2 2 2 2 2 2 2 2 2 2 2 2 2 2 2 2 2 2 2 2 2 2 2 2 2 0 2 2 2 2 2 2 2 2 2 0 2 2 2 2 2 2 2 2 2 2 2 2 2 2 2 0 2 2 2 2 2 2 0 2 2 2 2 2 2 2 2 2 2 2 2 2 2
423 0 0 0 0 0 0 0 2 0 0 0 0 0 0 0 0 0 0 0 0 0 0 0 0 0 0 0 0 0 0 0 0 2 2 0 1 0 0 0 0 0 0 2 0 0 0 2 0 0 0 0 0 0 0 0 0 2 0 0 0 0 0 0 0 0 0 0 0 2 2 2 0 2 0 0 0 0 0 0 2 0 2 0 2 2 0 0 0 2 0 0 0 0 0 2 2 0 0 2 0 0 0 0 0 0 0 0 0 2 0 0 0 0 0 0 2 0 2 2 2 2 0 0 0 0 0 0 2 2 0 0 2 0 2 2 0 2 2 2 0 0 0 0 0 0 0 2 2 0 0 2 2 0 0 2 0 2 0 0 0 2 0 0 0 0 0 0 0 2 0 2 0 0 2 0 0 0 0 0 0 2 0 0 0 2 2 0 2 0 0 0 0 0 0 0 0 0 2 2 0 0 0 0 0 2 2 0 2 2 0 0 0 0 0 0 0 0 0 0 0 0 0 0 2 2 0 0 0 0 2 2 0 0 0 0 2 0 0 2 0 0 0 2 0 0
424 0 0 2 2 2 2 0 2 2 0 2 2 2 0 2 2 2 2 0 2 2 2 2 0 0 2 2 2 2 0 2 2 2 2 2 2 2 0 2 2 2 2 2 2 0 2 2 2 2 2 2 2 0 0 2 2 2 0 2 2 2 2 2 0 0 2 0 0 2 2 2 2 2 0 2 0 2 2 2 2 2 2 0 2 2 2 2 0 2 2 2 2 2 2 2 2 0 0 2 2 2 2 0 0 2 0 2 0 2 2 2 2 2 0 2 2 2 2 2 2 2 2 2 2 2 0 0 2 2 2 2 2 2 2 2 2 2 2 2 2 0 2 2 2 0 2 2 2 2 0 2 2 2 2 2 2 2 2 2 2 2 2 2 2 2 2 2 1 2 2 2 2 2 2 2 2 0 2 2 2 2 0 2 2 2 2 2 2 2 0 1 2 0 0 2 2 2 2 2 2 0 2 2 2 2 2 2 2 2 0 0 2 2 0 2 2 2 1 2 0 0 0 0 2 2 2 2 2 0 2 2 2 2 2 2 2 0 2 2 2 2 2 2 2 2
425 0 0 0 0 2 2 0 2 2 2 2 0 2 2 0 2 0 2 0 2 0 0 2 2 0 2 0 0 2 0 0 0 2 2 0 1 2 0 2 0 0 0 2 0 2 0 2 0 2 0 0 2 0 0 2 2 2 0 0 2 0 0 2 0 0 2 0 0 2 0 2 2 0 0 0 0 0 0 2 2 2 2 0 0 2 0 0 0 2 0 0 2 2 0 2 2 0 0 2 0 0 0 0 0 0 0 0 0 2 0 0 2 0 2 0 2 0 2 2 2 2 2 0 0 2 0 0 2 2 2 2 0 0 2 2 0 2 2 2 0 2 0 0 0 0 2 2 2 1 0 0 2 2 0 0 0 2 0 1 0 2 0 0 0 0 0 0 0 2 0 2 2 0 2 0 0 0 0 0 0 2 0 2 0 2 2 0 2 0 2 2 0 0 0 0 0 1 0 2 0 0 0 2 2 2 2 2 0 2 0 0 2 0 0 2 0 2 0 0 0 0 0 0 0 2 2 0 0 0 2 0 0 0 0 2 2 0 0 2 2 0 0 2 0 0
426 0 0 2 2 2 2 0 0 2 2 2 2 2 2 0 0 0 2 0 2 2 2 2 2 0 0 0 2 2 0 2 2 2 0 2 0 2 0 2 2 2 0 2 2 2 2 2 0 2 2 2 2 2 2 2 2 2 0 2 2 2 0 0 2 2 2 0 2 2 2 2 2 0 2 0 0 2 2 0 2 2 2 0 0 2 0 2 2 2 2 2 2 0 2 2 2 0 0 0 2 2 2 0 2 2 0 2 2 0 2 0 0 2 2 2 2 2 2 2 2 2 2 2 2 2 0 2 0 0 0 2 2 2 2 0 0 0 2 2 0 2 2 0 2 2 2 2 0 1 0 0 2 2 2 0 2 0 2 2 0 0 0 2 2 2 0 2 2 2 0 0 2 0 2 2 0 2 2 0 0 2 2 2 0 0 0 2 2 2 2 2 2 2 2 2 0 0 2 2 2 0 0 2 2 0 2 0 2 2 0 2 2 2 2 0 0 2 2 0 2 2 2 2 2 0 0 2 2 2 2 2 0 0 2 2 2 2 0 2 2 2 2 2 2 2
427 2 0 0 2 2 2 0 2 0 2 2 2 2 2 2 2 2 0 2 2 2 2 2 2 2 2 2 2 0 2 2 2 0 0 2 1 2 0 2 0 0 0 2 2 2 0 2 2 0 2 2 2 2 0 2 2 2 0 0 0 2 2 0 0 0 2 0 0 2 0 2 0 2 2 2 2 0 2 0 2 2 2 2 2 2 2 0 0 2 2 2 2 0 2 2 0 0 0 2 0 2 2 0 2 2 0 2 0 2 2 0 0 2 2 2 2 2 2 0 0 2 2 2 2 2 0 0 2 2 2 0 0 2 0 2 2 2 2 2 2 2 2 2 2 0 2 2 2 2 0 0 2 2 2 0 2 2 2 2 2 2 2 2 2 2 2 2 1 2 2 2 2 2 2 2 0 0 2 2 2 2 0 2 2 2 2 2 2 2 2 2 2 0 0 2 2 0 2 2 2 0 2 2 0 2 2 2 0 2 0 2 2 0 0 0 2 2 2 0 0 0 2 0 0 2 0 2 2 2 2 0 2 2 2 2 2 2 2 0 2 2 2 2 2 2
428 0 2 0 0 2 2 2 0 0 2 2 0 2 2 2 0 2 0 0 2 0 0 2 2 0 0 2 0 0 0 0 0 2 0 2 1 0 2 2 2 2 2 2 0 2 0 0 0 0 0 0 2 2 2 2 2 0 2 0 0 0 0 2 2 2 2 2 2 2 2 0 0 0 2 2 0 0 0 2 2 0 0 2 0 0 2 0 2 0 2 2 2 2 0 0 2 2 2 0 0 2 2 2 2 0 0 2 2 0 2 2 2 2 2 0 2 2 0 2 2 2 2 0 0 0 2 0 2 0 0 2 2 2 2 2 2 0 2 2 2 2 2 2 0 2 0 0 0 1 0 2 0 2 2 2 0 0 2 0 2 0 2 0 2 2 0 2 1 0 2 2 0 2 2 2 2 2 2 2 2 2 2 2 2 0 0 0 0 2 2 2 2 2 2 2 2 2 2 0 0 0 2 0 0 2 2 0 2 0 0 0 0 0 2 2 0 0 1 2 2 2 0 2 2 2 2 2 2 0 0 2 0 2 2 0 2 2 2 2 0 2 2 0 2 2
429 2 2 2 2 0 2 2 2 2 0 2 2 0 0 2 0 2 2 2 2 2 2 0 0 2 0 2 2 2 2 2 2 2 2 2 2 0 2 2 2 2 2 2 2 0 2 2 2 2 2 2 2 2 2 0 0 2 2 2 2 2 2 2 2 2 0 2 2 2 2 2 2 0 2 2 2 2 2 2 2 2 2 2 0 2 2 2 2 2 2 2 2 2 2 2 2 2 2 2 2 2 2 2 2 2 2 2 2 2 0 2 2 2 0 2 2 2 2 2 2 2 2 0 2 2 2 2 2 2 0 2 2 2 2 2 2 2 2 2 2 0 2 2 2 2 0 2 2 1 2 2 2 2 2 2 2 2 2 2 2 2 2 0 2 2 2 2 1 2 2 2 2 2 2 2 2 2 2 2 2 2 2 2 2 2 2 2 2 2 0 1 2 2 2 2 2 2 0 2 2 2 2 2 2 2 2 2 2 2 2 2 2 2 2 2 2 2 2 2 2 2 2 2 2 2 2 2 2 2 2 2 0 2 2 2 2 2 2 2 2 2 2 0 2 2
430 0 2 0 2 2 2 2 2 2 0 2 2 2 0 2 0 2 2 0 2 2 2 2 0 2 0 2 2 2 0 2 2 2 2 2 2 2 2 2 0 2 2 2 2 0 0 2 2 0 2 2 0 2 2 2 2 2 2 0 0 2 2 2 2 2 2 2 2 2 2 0 0 0 2 2 0 0 2 2 2 0 2 2 0 2 2 0 2 2 2 2 2 2 0 2 2 2 2 2 0 2 2 2 2 2 2 2 2 2 2 2 2 2 0 2 2 2 2 2 2 2 2 0 2 0 2 0 2 0 0 2 2 2 2 2 2 2 2 2 2 0 2 2 2 0 2 2 2 1 2 2 2 2 2 2 2 2 2 2 2 2 2 0 2 2 2 2 1 2 2 2 0 2 2 2 2 2 2 2 2 2 2 2 2 2 2 2 2 2 0 1 2 2 2 2 2 2 2 2 2 2 2 2 2 2 2 2 2 2 2 2 0 0 0 2 0 2 2 2 2 0 2 2 2 2 2 2 2 2 2 2 0 2 2 0 2 2 2 2 2 2 2 0 2 2
431 2 0 2 2 0 0 0 2 2 2 0 2 0 2 0 2 0 2 2 0 2 2 0 2 2 2 0 2 2 2 2 2 0 2 0 1 2 0 0 2 2 2 2 2 2 2 2 2 2 2 2 2 0 2 0 0 2 0 2 2 2 2 0 2 2 0 0 2 2 0 2 2 2 0 0 2 2 2 0 2 2 2 0 2 2 0 2 2 2 0 0 0 0 2 2 0 0 2 2 2 0 0 0 0 2 2 0 2 2 0 2 0 2 2 2 0 0 0 0 0 2 0 2 2 2 0 2 2 2 2 2 0 0 0 2 0 2 2 2 0 2 0 0 2 2 2 2 2 1 2 0 2 2 0 0 2 2 0 2 2 2 0 2 0 0 2 0 2 2 2 0 2 0 2 0 0 2 0 2 2 2 2 0 0 2 2 2 2 0 2 2 0 2 2 0 0 0 0 0 2 2 0 2 2 2 2 2 0 2 2 2 2 2 2 0 2 2 1 0 2 2 0 2 0 0 0 0 0 0 0 0 2 2 0 2 2 2 2 0 0 0 0 2 0 0
432 0 2 2 2 0 0 2 0 0 2 0 2 0 2 0 2 2 0 0 0 0 2 0 2 0 0 0 2 0 0 0 2 0 0 0 0 2 2 0 0 0 2 0 2 2 2 2 2 2 0 2 2 0 2 0 0 2 2 2 0 2 2 0 2 2 0 2 2 2 0 2 0 0 0 2 0 2 2 0 2 0 0 0 0 2 0 2 2 0 0 0 0 0 2 0 0 2 0 0 2 0 0 2 0 2 2 0 2 0 2 2 0 0 2 0 2 0 0 0 0 2 0 0 2 0 2 2 0 2 0 2 0 0 0 0 0 0 2 0 0 2 0 0 2 2 0 0 0 0 2 0 2 2 0 2 0 2 0 1 0 2 0 0 0 0 0 0 1 2 0 0 0 0 0 0 0 2 0 0 0 0 0 0 0 2 2 2 2 0 2 1 0 2 0 0 0 0 0 0 2 2 0 0 0 0 0 0 0 2 2 0 2 2 2 0 0 0 0 0 2 2 0 2 0 0 0 0 0 0 0 0 2 0 0 2 2 2 0 0 0 0 0 0 0 0
433 2 2 2 2 2 0 2 2 2 2 2 2 2 2 0 2 2 2 2 2 2 2 2 2 2 2 2 2 2 2 2 2 2 2 0 2 2 2 2 2 2 2 2 2 2 2 2 2 2 2 2 2 2 2 2 2 2 2 2 2 2 2 2 2 2 2 2 2 2 2 2 2 2 2 2 2 2 2 2 2 2 2 2 2 2 2 2 2 2 0 2 2 2 0 2 2 2 2 2 2 2 2 2 2 2 2 2 2 2 2 2 2 2 2 2 2 2 2 2 2 2 2 2 2 2 2 2 2 2 2 2 2 2 2 2 2 2 2 2 2 2 2 2 2 2 2 2 2 1 2 2 2 2 2 2 2 2 2 2 2 2 2 2 2 2 2 2 2 2 2 2 2 2 2 2 2 2 2 2 2 2 2 0 2 2 2 2 2 2 2 2 2 2 2 2 2 2 2 0 2 2 2 0 2 2 2 2 2 2 2 2 2 2 2 2 0 0 2 2 2 2 2 2 2 2 2 2 2 2 2 2 2 2 2 2 2 2 2 2 0 2 2 0 2 2
434 0 0 0 0 0 0 0 0 0 2 0 0 0 2 0 2 0 0 0 0 0 0 0 2 0 2 0 0 0 0 0 0 0 0 0 0 2 0 0 2 0 0 0 2 2 0 0 0 0 0 0 0 2 0 0 0 0 0 0 0 2 0 0 0 0 0 0 0 2 2 0 0 0 2 0 0 0 0 0 0 0 2 0 0 0 0 0 0 0 0 0 0 2 0 0 0 0 0 0 0 0 0 0 2 0 0 2 0 0 0 0 0 2 2 0 0 0 2 0 0 2 0 2 2 0 0 2 0 0 2 0 2 0 0 0 0 0 2 0 0 2 0 0 0 0 2 0 2 0 0 2 0 0 2 2 0 0 0 0 0 0 2 0 0 0 0 0 0 2 0 2 2 0 0 0 2 0 2 0 0 0 0 0 0 2 0 2 0 0 2 1 0 0 0 0 0 1 2 0 0 0 0 0 0 0 0 2 2 0 0 0 0 0 0 2 0 0 0 0 0 0 0 0 2 2 2 0 0 0 0 2 2 0 0 0 2 0 0 0 0 0 0 0 0 2
435 2 2 0 2 0 0 2 2 0 2 0 2 0 2 0 0 2 0 2 0 0 2 0 2 2 0 2 2 0 2 0 2 0 2 0 2 0 2 0 2 0 2 2 2 2 0 0 2 0 0 2 2 2 2 0 0 2 2 0 2 2 2 0 2 2 0 2 2 2 2 0 2 2 2 2 2 0 2 0 2 2 0 2 2 2 2 0 2 2 0 2 0 2 0 2 0 2 0 2 0 2 2 2 0 0 2 2 2 2 0 2 0 2 2 0 2 2 2 0 0 2 0 0 2 2 2 2 0 2 0 2 2 2 0 2 2 2 2 2 2 2 2 2 2 2 0 2 0 1 2 2 2 2 2 0 0 2 2 1 2 2 2 2 2 2 2 2 2 0 2 2 0 2 2 2 2 2 2 2 2 0 2 0 2 2 2 2 2 2 2 1 2 2 2 2 2 1 2 0 1 2 2 0 0 2 2 2 2 0 2 2 2 0 2 0 0 0 2 0 2 2 2 2 2 2 2 2 2 2 2 2 0 2 2 2 2 2 2 0 0 2 2 0 2 2
436 0 2 0 2 2 0 0 2 0 2 0 2 2 2 0 2 0 0 0 0 0 2 2 2 0 0 0 2 0 0 0 2 2 2 0 1 2 2 0 0 0 2 2 2 2 0 2 0 0 0 2 2 0 2 2 2 2 2 0 0 0 0 2 0 2 2 2 2 2 2 2 0 2 0 0 0 0 2 2 0 0 0 2 2 2 0 0 2 2 0 0 0 0 0 2 2 2 2 2 0 0 0 2 0 2 0 0 0 2 2 2 2 0 2 0 0 0 2 0 2 2 0 0 2 0 0 0 0 2 0 2 2 0 2 0 0 2 0 2 0 2 0 0 0 0 0 0 2 1 0 0 2 2 0 2 2 0 0 1 0 0 2 2 0 0 0 0 2 2 0 2 0 0 0 0 0 0 0 0 0 2 0 0 0 0 0 0 2 0 2 2 0 2 0 0 0 0 0 0 2 0 0 0 2 0 2 0 0 2 0 2 2 0 0 0 0 0 1 2 2 0 0 2 2 2 0 0 0 0 2 0 0 0 0 2 2 0 0 0 0 0 0 0 0 0
437 2 2 2 0 0 2 2 0 2 0 2 0 0 0 2 0 2 2 2 2 2 0 0 0 2 2 2 0 2 2 2 0 0 2 2 2 0 2 2 2 2 2 0 0 0 2 2 2 2 2 0 2 2 0 0 0 0 2 2 2 2 2 0 2 0 0 2 0 2 2 0 2 2 2 2 2 2 0 0 2 2 2 0 2 0 2 2 2 2 2 2 2 2 2 0 0 2 0 0 2 2 2 2 2 0 2 2 2 0 2 2 0 2 0 2 2 2 0 2 0 0 2 2 0 2 2 2 2 2 2 0 2 2 0 2 2 2 2 0 2 0 2 2 2 2 2 2 0 2 2 2 2 0 2 0 0 2 2 1 2 2 2 2 2 2 2 2 2 0 2 2 2 2 2 2 2 2 2 2 2 0 2 2 2 2 2 2 0 2 0 0 2 2 2 2 2 2 2 2 0 2 2 2 0 2 0 2 2 2 2 2 0 2 2 2 2 2 1 0 2 2 2 0 2 2 2 2 2 2 0 2 2 2 2 0 2 2 2 2 2 2 2 2 2 2
438 2 2 2 2 0 2 2 2 2 2 2 2 0 2 2 0 2 2 2 2 2 2 0 2 2 2 2 2 2 2 2 2 0 2 2 2 0 2 2 2 2 2 2 2 2 2 2 2 2 2 2 2 2 2 0 0 2 2 2 2 2 2 0 2 2 0 2 2 2 2 2 2 2 2 2 2 2 2 0 2 2 2 0 2 2 2 2 2 2 2 2 2 2 2 2 0 2 2 2 2 2 2 2 2 2 2 2 2 2 2 2 0 2 2 2 2 2 2 2 0 2 2 2 2 2 2 2 2 2 2 2 2 2 0 2 2 2 2 2 2 2 2 2 2 2 2 2 2 2 2 2 2 2 2 0 2 2 2 1 2 2 2 2 2 2 2 2 2 2 2 2 2 2 2 2 2 2 2 2 2 0 2 2 2 2 2 2 2 2 2 1 2 2 2 2 2 2 2 2 2 2 2 2 0 2 2 2 2 2 2 2 0 2 2 2 2 2 2 0 2 2 2 2 2 2 2 2 2 2 2 2 2 2 2 0 2 2 2 2 2 2 2 2 2 2
439 0 2 0 0 0 0 0 0 0 0 0 0 0 0 0 0 0 0 0 0 0 0 0 0 0 0 0 0 0 0 0 0 0 0 0 0 0 2 0 0 0 2 0 0 0 0 0 0 0 0 0 0 0 0 0 0 0 2 0 0 0 0 0 0 0 0 2 0 2 0 0 0 0 0 0 0 0 0 0 0 0 0 0 0 0 0 0 2 2 0 0 0 0 0 0 0 2 0 0 0 0 0 2 0 0 0 0 0 0 2 2 0 0 0 0 0 0 0 0 0 0 0 0 0 0 0 0 0 0 0 0 0 0 0 0 0 2 0 0 0 0 0 0 0 0 0 0 0 0 0 0 0 0 0 0 0 0 0 0 0 0 2 0 0 0 0 0 2 0 0 2 0 0 0 0 0 0 0 0 0 0 0 0 0 0 0 0 0 0 0 0 0 2 0 0 0 0 0 0 0 0 0 0 0 0 0 0 0 0 0 0 0 0 0 0 0 0 0 0 2 0 0 0 0 2 0 0 0 0 0 0 0 0 0 0 2 0 0 0 0 0 0 0 0 0
440 2 0 2 2 2 2 2 2 2 0 2 2 2 0 2 2 2 2 2 2 2 2 2 0 2 2 2 2 2 2 2 2 2 0 2 1 2 0 2 2 2 0 0 0 0 2 2 2 2 2 2 2 2 2 2 2 2 0 2 2 2 2 2 2 2 2 0 2 2 2 2 2 2 2 2 2 2 2 2 2 2 2 2 2 0 2 2 0 0 2 2 2 2 2 0 2 0 2 2 2 2 2 0 2 0 2 2 2 0 2 0 2 0 0 2 2 2 2 2 2 0 2 2 0 2 2 2 2 0 2 2 2 2 2 2 2 0 0 2 2 0 2 2 2 2 2 0 0 2 2 2 2 0 2 2 2 2 2 2 2 2 2 2 2 2 2 2 1 0 2 2 2 2 2 2 2 2 2 2 2 2 2 2 2 2 2 2 0 2 0 1 2 0 2 2 2 2 2 2 0 2 2 2 2 2 2 2 2 2 2 0 2 2 2 2 2 2 1 0 0 2 2 2 2 2 2 2 2 2 2 2 2 2 2 2 0 2 2 2 2 2 2 2 2 2
441 0 2 2 2 2 0 0 2 2 2 2 2 2 2 0 2 0 2 0 2 2 2 2 2 2 0 0 2 2 0 2 2 2 2 0 1 2 2 2 2 2 2 2 2 2 2 2 0 2 2 2 2 2 2 2 2 2 2 2 2 2 0 2 0 2 2 2 2 2 0 2 2 0 2 0 0 2 2 2 2 2 2 2 0 2 0 2 2 2 0 0 2 2 0 2 2 2 2 2 2 0 0 2 2 2 2 0 0 2 0 2 2 2 2 2 2 0 2 2 2 2 2 2 2 2 0 2 2 2 0 2 0 0 2 2 0 2 2 2 0 2 0 0 2 0 2 2 2 0 2 2 2 2 0 2 2 2 0 2 0 2 2 0 0 0 2 0 1 2 0 2 2 0 2 0 2 0 0 0 0 2 0 0 0 2 2 2 2 0 2 2 0 2 2 0 0 2 2 0 2 2 0 0 2 2 2 0 2 2 2 2 2 2 0 2 0 0 2 0 2 0 2 2 0 2 2 0 0 2 2 2 2 0 0 2 2 2 0 2 0 0 0 0 0 0
442 2 0 2 2 2 2 2 2 2 2 2 2 2 2 2 2 2 2 2 2 2 2 2 2 2 2 2 2 2 2 2 2 2 2 2 2 2 0 2 2 2 2 2 2 2 2 2 2 2 2 2 2 2 2 2 2 2 0 2 2 2 2 2 2 2 2 0 0 2 2 2 2 2 2 2 2 2 2 2 2 2 2 2 2 2 2 2 2 2 2 2 2 2 2 2 2 0 2 2 2 2 2 0 2 0 2 2 2 2 2 2 2 2 2 2 2 2 2 2 2 2 2 2 2 2 2 2 2 2 2 0 2 2 2 2 2 2 2 2 2 2 2 2 0 2 2 2 2 2 2 2 2 2 2 2 2 0 2 1 2 2 2 2 2 2 2 2 2 2 2 2 2 2 2 2 2 2 2 2 2 2 2 2 2 2 0 2 2 2 2 2 2 2 2 2 2 2 2 2 1 2 2 2 2 2 2 2 2 2 2 2 2 2 2 2 2 2 2 2 2 2 2 0 2 2 2 2 2 2 2 2 2 2 2 2 2 2 2 2 2 2 2 2 2 2
443 0 2 0 0 2 2 2 2 0 2 0 0 2 2 0 2 2 0 0 0 2 0 2 2 2 2 2 0 0 0 2 0 2 2 2 2 2 2 0 0 0 2 2 2 2 0 2 0 0 2 0 2 2 0 2 2 2 2 0 2 0 0 2 0 0 2 2 2 2 2 2 2 2 2 2 0 0 0 2 2 0 2 2 2 2 2 0 2 2 2 2 0 2 2 2 2 2 2 2 0 2 2 2 2 2 2 2 0 2 2 2 2 2 2 2 2 2 2 2 2 0 0 2 2 0 2 2 2 2 2 2 2 2 2 2 2 2 2 2 2 2 2 2 2 0 2 2 2 2 2 2 2 2 2 2 2 2 2 2 2 2 2 2 2 2 2 0 2 2 2 2 2 2 2 2 2 0 2 2 2 2 0 2 2 2 2 2 2 2 2 2 2 2 2 0 2 2 2 2 2 2 2 2 2 2 2 2 2 2 2 2 2 0 0 2 2 2 2 2 2 0 2 2 2 2 2 2 2 2 2 2 2 2 2 2 2 2 2 2 2 2 2 2 2 2
444 2 2 2 2 2 2 2 2 2 2 2 2 2 2 2 2 2 2 2 2 2 2 2 2 2 2 2 2 2 2 2 2 2 2 2 2 2 2 2 2 2 2 2 2 2 2 2 2 2 2 2 2 2 2 2 2 2 2 2 2 2 2 2 2 2 2 2 2 2 2 2 2 2 2 2 2 2 2 2 2 2 2 2 2 2 2 2 2 2 2 2 2 2 2 2 2 2 2 2 2 0 0 2 2 2 2 0 2 2 2 2 2 2 2 2 2 2 2 2 2 2 2 2 2 2 2 2 2 2 2 2 2 0 2 2 2 2 2 2 2 2 0 2 2 2 2 2 2 2 2 2 2 2 0 2 2 2 2 2 2 2 2 2 0 2 2 2 2 2 2 2 2 2 2 2 2 2 0 2 2 2 2 2 2 2 2 2 2 0 2 2 2 2 2 2 2 2 2 2 2 2 0 2 2 2 2 2 2 2 2 2 2 2 2 2 2 2 2 2 2 2 2 2 2 2 2 2 2 2 2 2 2 2 0 2 2 2 2 2 2 2 0 2 0 0
445 2 2 2 2 2 2 2 2 2 2 2 2 2 2 2 2 2 2 2 2 2 2 2 2 2 2 2 2 2 2 2 2 2 2 2 2 2 2 2 2 2 2 2 2 2 2 2 2 2 2 2 2 2 2 2 2 2 2 2 2 2 2 2 2 2 2 2 2 2 2 2 2 2 2 2 2 2 2 2 2 2 2 2 2 2 2 2 2 2 2 2 2 2 2 2 2 2 2 2 2 0 0 2 2 2 2 0 2 2 2 2 2 2 2 2 2 2 2 2 2 2 2 2 2 2 2 2 2 2 2 2 2 0 2 2 2 2 2 2 2 2 0 2 2 2 2 2 2 2 2 2 2 2 0 2 2 2 2 2 2 2 2 2 0 2 2 2 2 2 2 2 2 2 2 2 2 2 0 2 2 2 2 2 2 2 2 2 2 0 2 2 2 2 2 2 2 2 2 2 2 2 0 2 2 2 2 2 2 2 2 2 2 2 2 2 2 2 2 2 2 2 2 2 2 2 2 2 2 2 2 2 2 2 0 2 2 2 2 2 2 2 0 2 0 0
446 0 0 0 0 0 0 0 0 0 0 0 0 0 0 0 0 0 0 0 0 0 0 0 0 0 0 2 0 0 0 0 0 0 0 2 1 0 0 0 2 0 0 0 2 0 0 0 0 0 0 0 0 0 0 0 0 0 0 0 0 0 0 0 0 0 0 0 0 2 0 0 0 0 0 0 0 0 0 0 2 0 0 0 0 0 0 0 0 0 2 0 0 0 0 0 0 0 2 0 0 0 0 0 2 0 2 0 0 0 0 0 0 0 0 0 0 2 0 0 0 0 0 0 2 0 0 2 0 0 0 0 0 0 0 2 0 0 0 0 0 0 0 2 0 0 0 0 0 0 2 0 0 0 0 0 2 0 0 0 0 0 2 0 0 0 0 0 0 2 0 2 0 0 0 0 0 0 0 0 0 0 2 0 2 0 0 0 0 0 0 0 2 0 2 0 0 0 0 0 0 2 0 0 0 2 0 0 0 0 2 0 0 0 0 0 0 0 0 0 0 0 0 0 0 2 0 2 0 0 0 0 0 0 0 0 2 2 0 0 0 2 0 0 0 0
447 0 0 0 0 0 2 0 0 0 0 0 0 0 0 0 0 2 0 0 0 0 0 0 0 0 0 2 0 0 0 0 0 0 0 2 1 0 0 0 2 0 2 0 2 0 0 0 0 0 0 0 0 0 0 0 0 0 0 0 0 0 0 0 0 0 0 0 2 2 0 0 0 0 0 2 0 0 0 0 2 0 0 0 0 0 2 0 2 0 2 2 0 0 0 0 0 0 2 0 0 2 2 0 2 2 2 2 0 0 0 2 0 0 0 0 0 2 0 0 0 0 0 0 2 0 0 2 0 0 0 2 0 2 0 2 2 0 0 0 2 0 2 2 0 0 0 0 0 1 2 0 0 0 2 0 2 0 2 0 0 0 2 0 2 2 0 0 1 0 0 2 0 2 0 2 0 0 2 0 0 0 2 2 2 0 0 0 0 2 0 0 2 2 2 0 2 0 0 2 1 2 2 2 0 2 0 0 0 0 2 0 0 0 0 0 2 2 0 0 2 0 0 2 0 2 0 2 0 0 0 0 0 0 2 0 2 2 0 0 2 2 2 2 2 2
448 2 0 2 2 2 2 2 2 2 2 2 2 2 2 2 2 2 2 2 2 2 2 2 2 0 2 2 2 2 2 2 2 2 2 2 2 2 0 2 2 2 2 2 2 2 2 2 2 2 2 2 2 0 2 2 2 2 0 2 2 2 2 2 2 2 2 0 2 2 2 2 2 2 0 2 2 2 2 2 2 2 0 2 2 2 2 2 2 0 2 2 2 2 2 0 2 0 2 2 2 2 2 0 2 2 2 2 2 2 2 2 2 2 2 2 2 2 0 2 2 2 2 2 2 2 2 2 0 2 2 2 2 2 2 2 2 0 2 0 2 2 2 2 2 2 2 2 0 2 2 2 2 0 2 2 2 2 2 2 2 0 2 2 2 2 0 2 2 2 2 2 2 2 2 2 2 2 2 2 2 2 2 2 2 0 2 2 2 2 2 2 2 2 2 2 2 2 2 2 1 2 2 2 2 2 0 2 2 2 2 0 2 2 2 2 2 2 1 2 2 2 2 2 2 2 2 2 2 2 2 2 2 2 2 2 2 2 2 2 2 2 2 2 2 2
449 2 0 2 2 2 2 2 2 2 2 2 2 2 2 2 2 2 2 2 2 2 2 2 2 0 2 2 2 2 2 2 2 2 2 2 2 2 0 2 2 2 2 2 2 2 2 2 2 2 2 2 2 0 2 2 2 2 0 2 2 2 2 2 2 2 2 0 2 2 2 2 2 2 0 2 2 2 2 2 2 2 0 2 2 2 2 2 2 0 2 2 2 2 2 0 2 0 2 2 2 2 2 0 2 2 2 2 2 2 2 2 2 2 2 2 2 2 0 2 2 2 2 2 2 2 2 2 0 2 2 2 2 2 2 2 2 0 2 0 2 2 2 2 2 2 2 2 0 2 2 2 2 0 2 2 2 2 2 2 2 0 2 2 2 2 0 2 2 2 2 2 2 2 2 2 2 2 2 2 2 2 2 2 2 0 2 2 2 2 2 2 2 2 2 2 2 2 2 2 1 2 2 2 2 2 0 2 2 2 2 0 2 2 2 2 2 2 1 2 2 2 2 2 2 2 2 2 2 2 2 2 2 2 2 2 2 2 2 2 2 2 2 2 2 2
450 2 2 2 2 2 2 2 2 2 2 2 2 2 2 2 0 2 2 2 2 2 2 2 2 0 2 2 2 2 2 2 2 0 2 2 2 2 2 2 2 2 2 2 2 2 2 2 0 2 2 2 2 2 0 2 2 2 2 2 2 2 0 0 0 0 2 2 2 2 2 2 2 2 2 2 2 2 2 0 2 2 2 2 2 2 2 2 2 2 2 2 2 2 2 2 0 2 2 2 2 2 2 2 2 2 2 2 2 2 0 2 0 2 2 2 2 2 2 0 0 2 2 2 2 2 2 2 2 2 2 2 2 2 0 2 2 2 2 2 2 2 2 2 0 0 2 2 2 2 2 2 0 2 2 2 0 0 2 0 2 0 2 2 2 2 2 2 2 2 2 2 2 2 2 2 2 0 2 2 2 2 2 2 2 2 0 2 2 2 2 1 2 2 2 2 2 1 2 2 2 2 2 2 0 2 2 2 2 2 2 2 0 2 0 2 2 2 2 0 2 0 2 2 2 2 2 2 2 2 2 2 2 2 2 0 2 2 2 0 2 2 2 2 0 2
451 2 0 2 2 2 2 2 2 2 2 2 2 2 2 2 2 2 2 2 2 2 2 2 2 2 2 2 2 2 2 2 2 2 0 2 1 2 0 2 2 2 0 2 2 2 2 0 2 2 2 2 0 0 2 2 2 2 0 2 2 2 2 2 2 2 2 0 2 2 2 0 2 2 0 2 2 2 2 2 2 2 0 2 2 0 2 2 0 0 2 2 2 0 0 0 2 0 0 2 2 2 2 0 2 0 0 2 2 0 2 0 2 0 2 2 2 2 0 2 2 0 2 0 2 2 2 2 2 0 2 2 2 2 2 2 2 0 0 0 2 2 2 2 2 2 0 2 0 2 2 2 2 2 2 2 2 2 2 2 2 2 2 2 2 2 0 2 1 2 2 2 2 2 2 2 2 2 2 2 2 2 0 2 2 0 2 2 0 2 2 2 2 0 2 2 2 2 2 2 0 0 2 2 2 2 0 2 2 0 0 2 2 2 2 2 2 2 1 2 0 2 2 2 2 2 0 2 2 2 0 2 2 2 2 2 2 2 2 2 2 2 2 2 2 2
452 2 2 2 2 2 2 2 2 2 2 2 2 2 2 0 2 0 2 2 2 2 2 2 2 2 2 0 2 2 2 2 2 2 2 0 2 2 2 2 2 2 2 2 2 2 2 2 2 2 2 2 2 2 2 2 2 2 2 2 2 2 2 2 2 2 2 2 2 2 2 2 2 2 2 0 2 2 2 2 2 2 2 2 2 2 0 2 2 2 0 0 2 2 2 2 2 2 2 2 2 0 0 2 2 2 2 0 2 2 2 2 2 2 2 2 2 2 2 2 2 2 2 2 2 2 2 2 0 2 2 2 2 0 2 2 0 2 2 2 0 2 2 0 2 2 2 2 2 1 2 2 2 2 0 2 2 2 0 2 2 2 2 2 2 0 2 2 2 2 2 2 2 0 0 0 2 2 0 2 2 2 2 2 0 2 2 2 2 2 2 2 2 2 2 0 0 2 2 2 2 2 0 2 2 2 2 2 2 2 2 0 2 2 2 2 2 2 2 2 2 2 2 2 2 2 2 2 2 2 2 2 2 2 0 2 2 2 2 2 2 2 0 2 0 0
453 2 0 2 2 2 2 2 2 2 2 2 2 2 2 2 2 2 2 2 2 2 2 0 2 2 2 2 2 2 2 0 2 2 2 2 2 2 0 2 2 2 2 2 2 2 2 2 2 2 2 2 2 2 2 0 0 2 0 2 2 2 2 2 2 2 2 0 2 2 2 2 2 2 2 2 2 2 2 2 2 2 2 0 2 2 2 2 2 2 2 2 2 2 2 2 2 0 2 2 2 2 2 0 2 2 0 2 2 2 2 2 2 2 2 2 2 2 2 2 2 2 2 2 2 2 2 2 2 2 2 2 2 2 2 2 2 2 2 0 2 2 2 2 2 2 2 2 2 2 2 2 2 0 2 2 2 2 2 2 2 2 2 2 2 2 2 2 2 0 2 2 2 2 2 2 2 2 2 2 2 2 2 2 2 2 2 2 2 2 2 2 2 2 2 2 2 2 2 2 2 0 2 2 2 2 0 2 2 2 0 2 2 2 2 2 2 2 1 2 2 2 2 2 2 2 2 2 2 2 2 2 2 2 2 2 2 2 2 2 2 2 2 2 2 2
454 2 2 2 2 2 0 2 2 2 0 2 2 2 0 2 2 2 2 2 2 2 2 2 0 2 2 2 2 2 2 2 2 2 2 2 2 2 2 2 2 2 2 2 2 0 2 2 2 2 2 2 2 2 2 2 2 2 2 2 2 2 2 2 2 2 2 2 2 2 2 2 2 2 2 2 2 2 2 2 2 2 2 2 2 2 2 2 2 2 2 2 2 2 2 2 2 2 2 2 2 2 2 2 2 2 2 2 2 2 2 2 2 2 0 2 2 2 2 2 2 2 2 2 2 2 2 2 2 2 2 2 2 2 2 2 2 2 2 2 2 0 2 2 2 2 0 2 2 1 2 2 2 2 2 2 2 2 2 2 0 2 2 2 2 2 2 2 2 2 0 2 2 2 2 2 2 2 2 0 0 2 2 0 2 2 2 2 2 2 0 1 0 2 2 2 2 2 2 2 2 2 2 0 2 2 2 2 2 2 2 2 2 2 2 2 2 0 2 2 2 2 2 2 2 2 2 0 2 2 2 2 2 0 2 2 2 2 0 2 2 2 2 2 2 2
455 2 2 2 2 2 2 2 2 2 2 2 2 2 2 2 2 2 2 2 2 2 2 2 2 0 2 2 2 2 2 2 2 2 0 2 1 2 2 2 2 2 2 2 2 2 2 2 2 2 2 2 2 0 2 2 2 2 2 2 2 2 2 2 2 2 2 2 2 2 2 2 2 0 0 2 2 2 2 2 2 2 2 2 0 0 2 2 2 2 2 2 2 2 2 0 2 2 2 2 2 2 2 2 2 2 2 2 2 0 2 2 2 2 2 2 2 2 2 2 2 2 2 2 2 2 2 2 2 2 2 2 2 2 2 2 2 2 2 2 2 2 2 2 2 2 2 2 2 2 2 2 2 2 2 2 2 0 2 2 2 0 2 2 2 2 2 2 2 0 2 2 2 2 2 2 2 2 2 2 2 0 2 2 2 2 0 2 0 2 2 2 2 2 2 2 2 2 2 2 2 2 2 2 2 2 2 2 2 2 2 2 2 2 2 2 2 2 2 2 2 2 2 2 2 2 2 2 2 2 0 2 2 2 2 2 2 2 2 2 2 2 2 2 2 2
456 2 2 2 2 2 2 2 2 2 2 2 2 2 2 2 2 2 2 2 2 2 2 2 2 0 2 2 2 2 2 2 2 2 0 2 1 2 2 2 2 2 2 2 2 2 2 2 2 2 2 2 2 0 2 2 2 2 2 2 2 2 2 2 2 2 2 2 2 2 2 2 2 0 0 2 2 2 2 2 2 2 2 2 0 0 2 2 2 2 2 2 2 2 2 0 2 2 2 2 2 2 2 2 2 2 2 2 2 0 2 2 2 2 2 2 2 2 2 2 2 2 2 2 2 2 2 2 2 2 2 2 2 2 2 2 2 2 2 2 2 2 2 2 2 2 2 2 2 2 2 2 2 2 2 2 2 0 2 2 2 0 2 2 2 2 2 2 2 2 2 2 2 2 2 2 2 2 2 2 2 0 2 2 2 2 0 2 0 2 2 2 2 2 2 2 2 2 2 2 2 2 2 2 2 2 2 2 2 2 2 2 2 2 2 2 2 2 2 2 2 2 2 2 2 2 2 2 2 2 0 2 2 2 2 2 2 2 2 2 2 2 2 2 2 2
457 2 2 2 2 2 2 2 2 2 2 2 2 2 2 2 2 2 2 2 2 2 2 0 2 0 2 2 2 2 2 0 2 2 0 2 1 2 2 2 2 2 2 2 2 2 2 2 2 2 2 2 2 0 2 0 0 2 2 2 2 2 2 2 2 2 2 2 2 2 2 2 2 0 0 2 2 2 2 2 2 2 2 0 0 0 2 2 2 2 2 2 2 2 2 0 2 2 0 2 2 2 2 2 2 2 2 2 2 0 2 2 2 2 2 2 2 2 2 2 2 2 2 2 2 2 2 2 2 2 2 2 2 2 2 2 2 2 2 2 2 2 2 2 2 2 2 2 2 2 2 2 2 2 2 2 2 0 2 2 2 0 2 2 2 2 2 0 2 0 2 2 2 2 2 2 2 2 2 2 2 0 2 2 2 2 0 2 0 2 2 2 2 2 2 2 2 2 2 2 2 2 2 2 2 2 2 2 0 2 2 2 2 2 2 2 2 2 2 2 2 2 2 2 2 2 2 2 2 2 0 0 2 2 2 2 2 2 2 2 2 2 2 2 2 2
458 2 2 2 2 2 2 2 2 2 2 2 2 2 2 2 2 2 2 2 2 2 2 0 2 2 2 0 2 2 2 0 2 2 0 2 0 2 2 2 2 2 2 0 2 2 2 0 2 2 2 2 0 2 2 0 0 0 2 2 2 2 2 2 2 2 2 2 2 2 2 0 2 2 2 2 2 2 2 2 2 2 2 0 2 2 0 2 2 2 2 2 2 2 2 2 2 2 2 2 2 0 2 2 2 2 2 0 0 0 2 2 2 2 2 2 0 2 2 2 2 2 2 2 2 2 2 2 0 2 2 0 2 2 2 2 0 2 2 2 2 2 2 0 0 2 2 0 2 2 2 2 0 0 0 2 0 2 2 1 2 2 2 2 2 2 2 0 2 2 2 2 2 2 0 0 2 2 0 2 2 2 2 2 0 2 2 2 2 0 2 2 2 2 2 2 0 2 2 2 2 2 2 2 2 2 2 2 0 0 2 0 2 2 2 2 2 2 1 2 2 2 0 2 2 2 2 2 2 0 2 0 2 2 0 2 2 2 2 2 2 2 2 2 0 0
459 2 2 2 2 2 2 2 0 2 2 2 2 2 2 2 2 2 2 2 2 2 2 2 2 0 2 2 2 2 2 2 2 2 2 2 2 2 2 2 2 2 2 0 2 2 2 2 2 2 2 2 2 0 2 2 2 2 2 2 2 2 2 2 2 2 2 2 2 2 2 2 2 2 0 2 2 2 2 0 0 2 2 2 0 2 2 2 2 0 2 2 2 2 2 2 2 2 2 0 2 2 2 2 2 0 2 2 2 0 2 2 2 0 2 2 2 2 2 2 2 2 2 2 2 2 2 2 2 2 2 0 2 2 2 2 2 2 2 2 2 2 2 2 2 2 2 0 0 2 2 2 0 2 2 2 2 2 2 2 2 0 2 2 2 2 2 2 2 2 2 2 2 2 0 2 2 2 2 2 2 0 2 2 2 2 2 2 2 2 2 2 2 2 0 2 2 2 2 2 1 2 2 2 2 2 0 0 2 2 2 0 2 2 2 2 2 2 1 2 2 2 2 2 2 2 2 2 2 2 2 2 2 2 2 2 0 0 2 2 0 2 2 0 2 2
460 2 2 2 2 0 0 0 2 2 2 2 2 0 2 2 2 0 2 2 2 0 2 2 2 2 0 0 2 2 2 0 2 0 2 2 1 2 2 2 2 2 2 2 2 2 2 2 2 2 0 2 2 2 2 2 2 2 2 2 2 2 2 2 2 2 0 2 2 2 0 2 2 2 2 0 2 2 2 2 2 0 2 2 0 2 0 2 2 2 2 0 2 2 2 2 0 2 2 2 2 0 0 2 0 2 2 0 2 2 2 2 2 0 2 2 0 2 2 2 0 0 2 2 2 2 0 2 2 2 0 0 0 0 0 2 0 0 0 2 0 2 0 0 0 2 0 2 2 1 2 2 2 2 0 0 2 2 0 0 0 2 2 2 0 0 2 2 2 2 0 0 2 0 2 0 2 2 0 0 2 0 2 0 0 2 2 0 2 0 2 2 0 2 2 2 0 2 0 2 2 2 0 0 2 2 2 0 0 2 2 0 2 2 2 0 2 0 1 0 2 2 0 2 0 0 2 0 0 0 2 0 2 2 0 2 2 2 2 2 2 2 0 2 0 0
461 0 2 0 0 2 0 0 2 0 0 0 0 2 2 2 0 0 0 0 0 2 0 0 2 2 0 2 0 0 0 2 0 0 2 0 2 0 2 0 0 0 2 2 2 0 0 2 2 0 2 2 0 2 2 0 0 2 2 0 0 2 2 2 2 2 2 2 2 2 0 2 2 0 2 0 0 0 0 2 0 0 2 0 0 2 2 0 2 0 0 0 0 0 2 0 0 2 0 2 0 0 0 2 0 2 2 0 2 0 2 2 2 0 0 0 0 2 2 2 0 0 0 2 2 2 0 0 2 2 2 2 0 0 0 2 2 0 0 2 0 0 2 2 0 2 2 2 2 1 2 2 2 0 0 0 2 2 2 0 0 2 2 0 0 0 2 2 2 2 0 2 2 2 2 2 2 2 0 0 0 0 2 2 2 2 2 0 2 0 0 1 2 2 0 2 2 2 0 2 1 2 0 0 2 2 2 0 0 2 2 0 2 0 2 0 2 0 1 0 2 2 0 2 0 2 0 2 0 0 2 0 2 0 0 2 2 0 0 2 2 2 0 2 0 0
462 2 2 2 2 2 2 2 2 2 0 2 2 2 2 2 2 2 2 2 2 0 2 2 2 2 2 2 2 2 2 2 2 2 0 2 1 2 2 2 2 2 2 2 2 0 2 2 2 2 0 0 2 2 2 2 2 2 2 2 2 2 2 2 2 2 2 2 2 2 2 2 0 2 2 2 2 2 2 2 2 0 2 2 0 2 2 2 2 2 2 2 2 2 2 2 2 2 2 2 2 2 2 2 2 2 2 2 2 2 2 2 2 2 0 2 2 2 2 2 2 0 0 2 2 2 2 2 2 2 2 2 2 2 2 2 2 2 2 2 2 0 2 2 0 2 2 2 2 2 2 2 2 2 2 2 2 2 2 1 2 2 2 2 2 2 2 2 2 2 2 2 2 2 2 2 2 2 2 2 0 0 2 2 2 2 2 2 2 2 0 1 2 2 2 2 2 2 2 2 2 2 2 2 2 2 2 2 2 2 2 2 2 2 2 2 2 2 2 2 2 2 2 2 2 2 2 2 2 2 2 2 2 0 2 2 2 2 0 2 2 2 2 2 2 2
463 2 2 2 2 2 2 0 2 0 0 2 2 2 2 2 2 2 2 2 2 2 2 2 2 2 2 2 2 2 2 2 2 0 2 2 2 2 2 2 2 2 2 2 2 0 2 2 2 2 2 2 2 2 2 2 2 2 2 2 2 2 2 2 2 2 2 2 2 2 0 2 2 2 2 2 2 2 2 2 0 2 2 2 2 2 2 2 2 2 2 2 2 0 2 2 0 2 2 2 2 2 2 2 2 2 2 2 2 2 2 2 2 2 0 0 2 2 2 2 0 2 0 2 2 2 0 2 2 2 0 2 0 2 0 0 2 2 2 2 2 0 2 2 2 2 2 2 2 2 2 2 2 2 2 0 2 2 2 2 0 2 2 2 2 2 2 2 2 2 0 2 2 2 2 2 2 2 2 0 0 2 2 2 2 2 2 0 2 2 0 1 2 2 0 2 2 2 2 2 2 2 2 2 2 0 2 2 2 2 2 2 2 2 2 0 2 2 2 2 2 2 2 2 0 2 0 2 2 2 2 2 0 0 2 2 2 0 0 2 2 2 2 2 2 2
464 2 2 2 2 2 2 2 2 2 2 2 2 2 0 2 2 2 2 2 2 2 2 2 0 0 2 2 2 2 2 2 2 2 2 2 2 2 2 2 2 2 0 0 2 2 2 0 0 2 2 2 0 2 0 2 2 2 2 2 2 0 0 2 0 0 2 2 2 2 2 0 2 2 2 2 2 2 2 2 2 2 0 2 2 0 2 2 0 2 2 2 2 2 2 0 2 2 2 2 2 2 2 2 2 0 2 2 0 0 2 0 2 2 2 2 2 2 2 0 2 2 2 2 2 2 2 2 0 0 2 0 2 2 2 2 2 2 2 2 2 2 2 2 2 0 2 0 2 2 2 2 2 0 2 2 2 0 2 2 2 2 0 2 2 2 2 2 0 0 2 2 2 2 0 2 2 0 2 2 2 2 2 2 2 0 0 2 0 2 2 2 2 0 2 0 2 2 2 2 0 2 2 2 2 2 2 2 2 0 2 2 2 2 0 2 2 2 1 2 0 0 2 2 2 2 2 2 2 2 0 2 2 2 2 2 0 2 2 0 2 2 2 0 2 2
465 2 2 2 2 2 2 2 2 2 2 2 2 2 2 2 2 2 2 2 2 0 2 2 2 2 2 2 2 2 2 2 2 2 2 0 2 2 2 2 2 2 2 2 2 2 2 2 2 2 0 2 2 2 0 2 2 2 2 2 2 2 2 2 2 0 2 2 2 2 2 2 2 0 2 2 2 2 2 2 2 2 2 2 2 2 2 2 2 2 0 2 2 2 2 2 2 2 2 2 2 2 2 2 2 2 0 2 2 2 2 2 2 2 2 2 0 2 2 2 2 2 2 2 2 2 2 2 2 2 2 2 2 2 2 2 2 2 2 2 2 2 2 2 0 2 2 2 2 2 0 2 2 2 2 2 2 2 2 1 2 2 2 2 2 2 2 2 2 2 2 2 2 2 2 0 2 2 2 2 2 2 2 0 2 2 2 2 2 2 2 2 2 2 2 0 2 2 2 2 2 0 2 2 2 2 2 2 2 2 0 2 2 2 2 2 2 2 2 2 2 2 2 2 2 2 2 2 2 2 2 2 2 2 2 2 2 2 2 2 2 2 2 2 2 2
466 2 2 2 2 2 0 2 2 2 2 2 2 2 2 0 2 2 2 2 2 2 2 0 2 2 2 2 2 2 2 2 2 2 0 2 0 0 2 2 2 2 2 2 2 2 2 2 2 2 2 2 2 2 2 0 0 2 2 2 2 2 2 0 2 2 2 2 2 2 2 2 2 2 2 2 2 2 2 2 2 0 2 0 0 2 2 2 2 2 2 2 2 2 2 2 2 2 2 2 2 2 2 2 2 2 2 2 2 2 2 2 2 2 2 2 2 0 2 2 2 0 2 2 2 2 2 2 2 2 2 2 2 2 2 2 2 2 2 2 2 2 2 2 2 2 0 2 2 1 2 0 0 2 2 2 2 2 2 2 2 2 2 2 2 2 2 2 2 2 2 2 2 2 2 2 2 2 2 2 2 0 2 2 2 2 2 2 2 2 2 1 0 2 2 2 2 2 2 2 2 2 2 0 2 2 2 2 0 2 2 0 2 2 2 2 0 0 1 0 2 2 0 2 2 2 2 0 2 0 2 0 2 2 2 2 2 2 2 2 2 0 2 2 2 2
467 0 2 0 0 2 2 0 0 0 0 0 0 2 0 2 2 0 0 0 0 0 0 2 0 0 2 0 0 0 0 0 0 0 2 2 1 2 2 0 0 0 0 2 0 0 0 0 0 0 0 0 0 2 2 2 2 0 2 0 0 0 0 2 0 2 2 2 0 2 0 0 0 0 2 0 0 0 0 0 0 0 2 2 0 2 0 0 0 0 2 0 0 0 2 0 0 2 0 0 0 0 0 2 2 2 0 0 0 0 2 0 0 2 0 0 0 2 2 2 0 2 0 2 0 2 0 0 0 0 2 0 0 0 0 0 0 0 2 2 0 0 0 0 2 0 2 0 0 2 0 0 2 0 0 0 2 0 0 2 0 0 0 2 0 0 0 0 0 2 0 2 2 0 0 0 2 0 0 0 0 2 2 2 0 0 0 2 2 0 0 1 2 0 0 0 0 2 2 0 1 0 0 2 2 0 2 2 2 0 0 2 2 0 0 2 2 2 0 2 0 0 0 0 0 2 0 2 0 0 0 2 2 0 0 2 2 0 0 2 0 2 0 2 0 0
468 2 2 0 0 2 2 2 2 2 2 0 0 2 2 2 2 2 2 2 0 2 0 2 2 2 2 2 0 2 2 2 0 2 2 2 2 2 2 2 0 0 2 2 2 2 0 2 2 0 2 0 2 2 0 2 2 2 2 0 0 2 2 2 2 0 2 2 0 2 2 2 0 0 2 2 2 0 0 2 2 2 2 2 2 2 2 0 2 2 2 2 2 2 2 2 2 2 2 2 0 2 2 2 2 2 2 2 2 2 2 2 2 2 2 2 2 2 2 2 2 2 0 2 2 2 2 0 2 2 2 2 2 2 2 2 2 2 2 2 2 2 2 2 2 2 2 2 2 2 2 2 2 2 2 2 2 2 2 2 2 2 2 2 2 2 2 2 2 2 2 2 2 2 2 2 2 2 2 2 2 2 2 2 2 2 2 2 2 2 2 2 2 2 2 2 2 2 2 2 2 2 2 2 2 2 2 2 2 2 2 2 2 0 2 2 2 2 2 2 2 2 2 0 2 2 2 2 2 2 2 2 2 2 2 2 2 2 2 2 2 2 2 2 2 2
469 2 2 2 2 2 2 2 2 2 2 2 2 2 2 2 2 2 2 2 2 2 2 2 2 2 2 2 2 2 2 2 2 2 2 2 2 2 2 2 2 2 2 2 2 2 2 2 2 2 2 2 2 2 2 2 2 2 2 2 2 2 2 2 2 2 2 2 2 2 2 2 2 2 2 2 2 2 2 2 2 0 2 2 2 2 2 2 2 2 2 2 2 2 2 2 2 2 2 2 2 0 0 2 2 2 2 0 2 2 2 2 2 2 2 2 2 2 2 2 2 2 2 2 2 2 2 2 0 2 2 2 2 0 2 2 2 0 2 2 2 2 2 2 2 2 2 2 2 2 2 2 2 2 0 2 2 2 2 2 2 2 2 2 0 2 2 0 2 2 2 2 2 2 2 2 2 2 0 2 2 2 2 2 2 2 2 2 2 0 2 2 2 2 2 2 2 2 2 2 2 2 2 2 2 2 2 2 2 2 2 2 2 2 2 2 2 2 2 2 2 2 2 2 2 2 2 2 0 2 2 2 2 2 0 2 2 2 2 2 2 2 0 2 0 0
470 0 2 2 2 2 2 2 2 2 0 2 2 2 2 2 2 2 2 2 2 2 2 2 2 2 2 2 2 2 2 2 2 2 2 2 2 2 2 2 2 2 2 2 2 0 2 2 2 2 2 2 2 2 2 2 2 2 2 2 2 2 2 2 2 2 2 2 2 2 2 2 2 2 2 2 2 2 2 2 2 2 2 2 2 2 2 2 2 2 2 2 2 2 2 2 2 2 2 2 2 2 2 2 2 2 2 2 2 2 2 2 2 2 0 2 2 2 2 2 2 2 2 2 2 2 2 2 2 2 2 2 2 2 2 2 2 2 2 2 2 0 2 2 2 2 2 2 2 2 2 2 2 2 2 2 2 2 2 2 0 2 2 2 2 2 2 2 2 2 0 2 2 2 2 2 2 2 2 0 0 2 2 2 2 2 2 2 2 2 0 1 2 2 2 2 2 2 2 2 2 2 2 2 2 2 2 2 2 2 2 2 2 2 2 2 2 2 1 2 2 2 0 2 2 2 2 2 2 0 2 2 2 0 2 2 2 2 0 2 2 2 2 2 2 2
471 2 2 2 2 2 2 2 2 2 2 2 2 2 2 2 0 2 2 2 2 2 2 0 2 2 0 2 2 2 2 2 2 2 2 2 2 2 2 2 2 2 2 2 2 2 2 2 2 2 2 2 2 2 2 0 0 2 2 2 2 2 2 2 2 2 2 2 2 2 2 2 2 2 2 2 2 2 2 2 2 2 2 2 2 2 2 2 2 2 2 2 2 2 2 2 2 2 2 2 2 2 2 2 2 2 2 2 2 2 2 2 2 2 2 2 2 2 2 2 2 2 2 2 2 2 2 2 2 2 0 2 2 2 2 2 2 2 2 2 2 2 2 2 0 2 2 2 2 2 2 2 2 2 2 2 2 2 2 1 2 2 2 2 2 2 2 2 2 2 2 2 2 2 2 2 0 2 2 2 2 2 2 2 2 2 2 0 2 2 2 2 2 2 2 2 2 0 2 2 2 2 2 2 0 2 2 0 2 2 2 2 2 2 2 0 2 2 2 2 2 2 2 2 2 2 2 2 2 2 2 2 0 2 2 2 2 2 2 2 2 2 2 2 2 2
472 0 2 0 0 2 2 2 2 0 0 0 0 2 2 2 0 0 0 2 0 2 2 0 2 2 0 0 2 0 2 2 2 2 2 2 1 2 2 2 0 0 2 2 2 0 0 2 2 0 2 0 2 2 2 0 0 2 2 0 0 2 2 2 2 2 2 2 0 2 2 2 0 0 2 0 2 0 0 2 0 0 2 2 2 2 0 0 2 2 2 0 2 2 2 2 2 2 2 2 0 0 0 2 2 2 0 0 2 2 2 2 2 2 0 0 2 2 2 2 2 2 0 0 2 0 2 0 0 2 0 2 2 0 2 0 0 0 2 2 0 0 0 0 0 2 2 2 2 2 0 2 2 2 0 2 2 2 0 1 0 2 2 2 0 0 2 0 2 2 0 2 2 0 2 0 0 2 0 0 0 2 2 2 0 2 2 0 2 0 0 1 0 2 0 2 0 0 2 2 2 0 0 2 0 0 2 0 2 2 0 2 0 0 2 0 2 2 1 2 2 2 0 0 2 2 2 0 0 0 2 2 0 0 0 0 2 0 0 2 2 2 0 2 0 0
473 0 2 2 2 2 2 2 2 2 0 2 2 2 2 2 2 2 2 2 2 2 2 2 2 2 2 2 2 2 2 2 2 2 2 2 2 2 2 2 2 2 2 2 2 0 2 2 2 2 2 2 2 2 2 2 2 2 2 2 2 2 2 2 2 2 2 2 2 2 2 2 2 2 2 2 2 2 2 2 2 2 2 2 2 2 2 2 2 2 2 2 2 2 2 2 2 2 2 2 2 2 2 2 2 2 2 2 2 2 2 2 2 2 0 2 2 2 2 2 2 2 2 0 2 2 2 2 2 2 2 2 2 2 2 2 2 2 2 2 2 0 2 2 2 2 2 2 2 2 2 2 2 2 2 2 2 2 2 2 2 2 2 2 2 2 2 2 2 2 2 2 2 2 2 2 2 2 2 2 0 2 2 2 2 2 2 2 2 2 0 1 2 2 2 2 2 2 2 2 2 2 2 2 2 2 2 2 2 2 2 2 2 2 2 2 2 2 1 2 2 2 0 2 2 2 2 2 2 0 2 2 2 0 2 2 2 2 0 2 2 2 2 2 2 2
474 2 2 2 2 2 0 2 2 2 2 2 2 2 2 0 2 2 2 2 2 2 2 2 2 2 2 2 2 2 2 2 2 2 0 2 1 2 2 2 2 2 2 2 2 2 2 2 2 2 2 2 2 2 2 2 2 2 2 2 2 2 2 2 2 2 2 2 2 2 2 2 2 2 2 2 2 2 2 2 2 2 2 2 2 2 2 2 2 2 2 2 2 2 2 2 2 2 2 2 2 2 2 2 2 2 2 2 2 2 2 2 2 2 2 2 2 0 2 2 2 0 2 2 2 2 2 2 2 2 2 2 2 2 2 2 2 2 2 2 2 2 2 2 2 2 0 2 2 0 2 2 0 2 2 2 2 2 2 1 2 2 2 0 2 2 2 2 1 2 2 2 2 2 2 2 2 2 2 2 2 0 2 2 2 2 2 2 2 2 2 2 2 2 2 2 2 2 2 2 2 2 2 0 2 2 2 2 0 2 2 0 2 2 2 2 0 0 2 2 2 2 2 2 2 2 2 2 2 2 2 0 2 2 2 2 2 2 2 2 2 0 2 2 2 2
475 2 2 2 2 2 2 2 2 2 2 2 2 2 2 2 0 0 2 2 2 2 2 0 2 2 0 0 2 2 2 2 2 2 2 2 1 2 2 2 2 2 2 2 2 2 2 2 2 2 2 2 2 2 2 0 0 2 2 2 2 2 2 2 2 2 2 2 2 2 2 2 2 2 2 0 2 2 2 2 0 0 2 2 2 2 0 2 2 2 2 0 2 2 2 2 2 2 2 2 2 0 0 2 2 2 0 0 2 2 2 2 2 2 2 2 2 2 2 2 2 2 2 2 2 0 2 2 0 2 0 2 2 0 2 0 0 0 2 2 0 2 0 0 0 2 2 2 2 2 0 2 2 2 0 2 2 2 0 1 2 2 2 2 0 0 2 0 2 2 2 2 2 0 2 0 0 2 0 2 2 2 2 2 0 2 2 0 2 0 2 2 0 2 0 2 0 0 2 2 2 0 0 2 0 0 2 0 2 2 0 2 0 2 2 0 2 2 2 2 2 2 2 2 2 2 2 0 0 2 2 2 0 2 0 0 2 0 2 2 2 2 0 2 0 0
476 2 2 2 2 2 2 2 2 2 2 2 2 2 0 2 2 2 2 2 2 2 0 2 0 2 2 2 0 2 2 2 0 0 2 2 2 2 2 2 2 2 0 2 2 2 2 2 0 2 2 2 2 2 2 2 2 2 2 2 2 0 0 2 0 2 2 2 2 2 2 2 2 2 2 2 2 2 2 2 2 2 2 2 2 2 2 2 0 2 2 2 2 2 2 2 0 2 2 2 2 2 2 2 2 2 2 2 0 0 2 0 2 2 2 2 2 2 2 2 0 2 2 2 2 2 2 2 2 0 2 0 2 2 0 2 2 2 2 2 2 2 2 2 2 0 2 2 2 2 2 2 2 2 2 2 2 0 2 2 2 2 2 2 2 2 2 2 1 2 2 2 2 2 2 2 2 0 2 2 2 2 2 2 2 0 0 2 2 2 2 2 2 0 2 2 2 2 2 2 1 2 2 2 2 2 2 2 2 2 2 2 2 2 0 2 2 2 2 2 0 0 2 2 2 2 2 2 2 2 0 2 2 2 2 2 2 2 2 2 2 2 2 2 2 2
477 2 2 2 2 2 2 2 2 2 2 2 2 2 2 2 2 0 2 2 2 2 2 2 2 2 2 2 2 2 2 2 2 2 2 2 2 2 2 2 2 2 2 2 2 2 2 2 2 2 2 2 2 2 2 2 2 2 2 2 2 2 2 2 2 2 2 2 2 2 2 2 2 2 2 0 2 2 2 2 2 0 2 2 2 2 2 2 2 2 2 0 2 2 2 2 2 2 2 2 2 0 0 2 2 2 2 0 2 2 2 2 2 2 2 2 2 2 2 2 2 2 2 2 2 2 2 2 0 2 2 2 2 0 2 2 2 0 2 2 0 2 0 2 2 2 2 2 2 2 2 2 2 2 0 2 2 2 0 2 2 2 2 2 0 0 2 0 2 2 2 2 2 0 2 0 2 2 0 2 2 2 2 2 2 2 2 2 2 0 2 2 2 2 2 2 2 2 2 2 2 2 0 2 2 2 2 2 2 2 2 2 2 2 2 2 2 2 2 2 2 2 2 2 2 2 2 2 0 2 2 2 2 2 0 2 2 2 2 2 2 2 0 2 0 0
478 2 2 2 2 2 2 2 2 2 2 2 2 2 0 2 2 2 2 2 2 2 2 2 0 2 2 2 2 2 2 2 2 0 2 2 2 2 2 2 2 2 0 2 2 2 2 2 0 2 2 2 2 0 2 2 2 2 2 2 2 2 0 2 0 2 2 2 2 2 2 2 2 2 0 2 2 2 2 2 2 2 2 2 2 2 2 2 0 2 2 2 2 2 2 2 0 2 2 2 2 2 2 2 2 2 2 2 0 0 2 0 2 2 2 2 2 2 2 2 0 2 2 2 2 2 2 2 2 0 2 0 2 2 0 2 2 2 2 2 2 2 2 2 2 0 2 2 2 2 2 2 2 2 2 2 2 0 2 2 2 2 2 2 2 2 2 2 1 2 2 2 2 2 2 2 2 0 2 2 2 2 2 2 2 2 0 2 2 2 2 2 2 0 2 2 2 2 2 0 1 2 2 2 2 2 2 2 2 2 2 2 2 2 0 2 2 2 2 2 0 0 2 2 2 2 2 2 2 2 0 2 2 2 2 2 2 2 2 2 0 2 2 2 2 2
479 2 2 2 2 2 2 0 2 2 2 2 2 2 2 2 2 2 2 2 2 0 0 2 2 2 2 2 0 2 2 0 0 2 2 2 2 2 2 0 2 2 2 2 2 2 2 2 2 2 0 2 2 2 2 2 2 2 2 2 2 0 2 2 2 2 2 2 2 2 0 2 2 2 2 2 2 2 2 0 2 2 2 2 0 2 2 2 2 2 2 2 0 0 2 2 2 2 2 2 2 2 2 2 0 2 2 2 2 2 2 2 2 2 2 2 0 2 2 2 2 2 2 2 2 2 0 2 2 2 2 2 0 2 2 2 2 2 2 2 2 2 2 2 2 2 2 2 2 2 2 2 2 2 2 0 2 2 2 2 2 2 2 2 2 2 2 2 2 2 2 2 2 2 2 2 2 2 2 2 2 2 2 2 2 2 2 2 2 2 2 2 2 2 2 2 2 2 2 2 2 2 2 2 2 2 2 2 2 2 2 2 2 2 2 2 2 2 2 2 2 2 2 2 0 2 0 2 2 2 2 2 2 2 2 2 2 2 2 2 2 2 2 2 2 2
480 2 0 2 0 2 2 2 2 2 2 2 0 2 0 2 2 2 2 2 2 2 2 2 0 2 2 2 2 2 2 2 2 0 2 2 2 0 0 2 2 0 2 0 2 2 2 0 0 2 2 0 0 0 0 2 2 0 0 2 2 0 0 0 0 0 2 0 2 0 2 0 2 0 0 2 2 2 0 2 2 0 0 0 2 0 2 2 0 0 2 2 2 0 0 0 0 0 2 2 2 2 2 0 2 0 2 2 0 0 0 2 0 0 2 2 2 2 0 0 0 2 2 2 2 2 2 0 0 0 2 0 2 2 0 2 2 2 0 2 2 2 2 2 2 0 2 0 0 2 2 2 2 0 2 2 0 0 2 2 2 2 0 2 2 2 0 0 1 0 2 2 0 2 2 2 2 0 2 2 2 0 2 0 2 2 0 2 2 2 2 1 2 0 2 0 2 2 2 0 0 2 2 2 2 2 2 0 2 0 2 2 0 2 0 0 2 2 1 0 0 0 2 2 2 2 0 2 2 2 0 2 2 2 2 0 0 2 2 0 0 2 2 0 2 2
481 0 2 2 2 2 2 2 2 2 0 2 2 2 2 2 0 2 2 2 2 2 2 0 2 2 2 2 2 2 2 2 2 0 2 2 2 2 2 2 2 2 0 2 2 0 2 2 2 2 2 2 2 2 2 0 0 2 2 2 2 2 2 2 2 2 2 2 2 2 2 2 2 2 2 2 2 2 2 0 2 2 2 2 2 2 2 2 2 2 2 2 2 2 2 2 0 2 2 2 2 2 2 2 2 2 2 2 2 2 2 0 2 2 0 2 2 2 2 2 0 2 2 0 2 2 2 2 2 2 0 2 2 2 0 2 2 2 2 2 2 0 2 2 2 2 2 2 2 2 2 0 2 2 2 2 2 2 2 2 0 2 2 2 2 2 2 2 2 2 0 2 2 2 2 2 0 2 2 0 0 2 2 2 2 2 2 0 2 2 0 1 2 2 2 2 2 0 0 2 2 2 2 2 0 2 2 2 2 2 2 2 2 2 2 2 2 2 1 2 2 2 0 2 2 2 2 2 2 0 2 2 0 0 2 2 2 2 0 2 2 2 2 2 2 2
482 2 0 0 0 0 2 0 0 2 2 0 0 0 0 2 2 0 2 2 0 2 0 2 0 0 0 0 0 2 2 0 0 2 0 2 0 0 0 2 0 0 2 0 0 2 0 0 0 0 2 0 0 0 0 2 2 0 0 0 0 0 0 0 0 0 0 0 0 0 0 0 0 0 0 0 2 0 0 2 0 0 0 0 0 0 0 0 0 0 2 0 2 0 2 0 2 0 2 0 0 0 0 0 0 0 0 0 0 0 0 2 0 0 2 0 0 0 0 0 2 0 2 2 0 0 0 0 0 0 2 0 0 0 2 2 0 0 0 2 0 2 0 0 0 0 2 0 0 1 0 2 0 0 0 0 0 0 0 0 2 0 0 0 0 0 0 0 0 0 2 0 0 0 0 0 2 0 0 2 2 0 2 0 0 0 0 2 0 0 2 1 0 0 0 0 0 2 2 0 0 0 0 2 2 2 2 0 0 0 0 0 0 0 0 0 0 2 1 0 0 0 2 0 0 0 0 0 0 2 0 0 2 2 0 0 0 0 2 0 0 0 0 0 0 0
483 2 2 2 2 2 2 0 2 2 2 2 2 2 2 2 2 0 2 2 2 2 2 2 2 2 0 0 2 2 2 2 2 2 2 2 1 2 2 2 2 2 2 2 2 2 2 2 2 2 2 2 2 2 2 2 2 2 2 2 2 2 2 2 2 2 2 2 2 2 0 2 2 2 2 0 2 2 2 2 2 2 2 2 2 2 0 2 2 2 2 0 2 2 2 2 2 2 2 2 2 2 2 2 2 2 2 2 2 2 2 2 2 2 2 2 2 2 2 2 2 2 2 2 2 2 0 2 2 2 2 2 0 2 2 2 0 2 2 2 0 2 2 0 2 2 2 2 2 2 2 2 2 2 2 0 2 2 0 2 2 2 2 2 2 0 2 2 2 2 2 2 2 0 2 0 2 2 2 2 2 2 2 2 0 2 2 2 2 2 2 2 2 2 2 2 0 2 2 2 2 2 0 2 2 2 2 2 2 2 2 2 2 2 2 2 2 2 2 2 2 2 2 2 0 2 2 2 2 2 2 2 2 2 2 2 2 2 2 2 2 2 2 2 2 2
484 0 2 2 2 2 2 0 0 2 0 2 2 2 2 2 0 2 2 2 2 2 2 2 2 0 2 2 2 2 2 2 2 0 2 2 2 0 2 2 2 2 0 0 0 0 2 0 2 2 2 2 0 0 2 2 2 0 2 2 2 2 2 2 2 2 2 2 2 0 0 0 2 2 0 2 2 2 2 0 0 0 0 0 0 0 2 2 2 0 2 2 2 0 2 0 0 2 2 0 2 2 2 2 2 0 2 2 2 0 0 0 2 0 0 2 0 2 0 0 0 2 2 2 0 0 0 2 0 0 0 0 0 2 0 0 2 2 0 2 2 0 2 2 0 2 2 0 0 2 2 0 0 0 2 0 0 0 2 1 0 0 0 2 2 2 0 0 2 0 0 2 0 2 0 2 0 2 2 0 0 0 0 0 2 0 0 2 2 2 0 1 2 2 0 0 2 0 2 0 0 2 2 0 0 0 2 0 2 0 2 2 0 2 2 0 2 0 1 0 2 2 2 2 0 2 0 2 2 2 0 2 0 0 2 0 0 0 0 0 0 2 2 0 2 2
485 2 2 2 2 2 0 2 2 2 2 2 2 2 2 0 2 0 2 2 2 2 2 2 2 2 2 0 2 2 2 2 2 2 0 0 0 2 2 2 2 2 2 2 2 2 2 2 2 2 2 2 2 2 2 2 2 2 2 2 2 2 2 2 2 2 2 2 2 2 2 2 2 2 2 0 2 2 2 2 2 2 2 2 2 2 0 2 2 2 0 0 2 2 2 2 2 2 2 2 2 0 0 2 2 2 2 0 2 2 2 2 2 2 2 2 2 0 2 2 2 0 2 2 2 2 2 2 2 2 2 2 2 0 2 2 0 2 2 2 0 2 0 0 2 2 0 2 2 0 2 2 2 2 0 2 2 2 0 1 2 2 2 0 0 0 2 2 1 2 2 0 2 0 2 0 2 2 0 2 2 2 2 2 0 2 2 2 2 0 2 2 0 2 2 2 0 2 2 2 2 2 0 2 2 2 2 2 2 2 2 0 2 2 2 2 0 2 2 2 2 2 2 2 2 0 2 0 2 2 2 2 2 2 0 2 2 2 2 2 2 0 0 2 0 0
486 2 2 2 2 2 0 0 0 2 2 2 2 2 2 0 0 2 2 0 2 2 2 2 2 0 2 2 2 2 0 2 2 2 0 0 1 0 2 2 2 2 2 0 0 2 2 0 2 2 2 2 0 0 2 2 2 0 2 2 2 2 2 2 2 2 2 2 2 0 0 0 2 2 0 2 0 2 2 0 0 0 0 0 0 0 2 2 2 0 0 2 2 0 2 0 2 2 2 0 2 2 2 2 2 0 2 2 2 0 0 2 2 0 2 2 0 0 0 0 2 0 2 2 0 0 0 2 0 0 0 0 0 2 2 0 2 2 0 2 2 2 2 2 0 2 0 0 0 0 2 0 0 0 2 0 0 0 2 0 2 0 0 0 2 2 0 0 2 0 2 0 0 2 0 2 0 2 2 2 2 0 0 0 2 0 0 2 2 2 2 2 2 2 0 0 2 0 2 0 0 2 2 0 0 0 2 0 2 0 2 0 0 2 2 0 0 0 2 0 2 2 2 2 0 0 0 2 2 2 0 2 0 2 2 0 0 0 2 0 0 0 2 0 2 2
487 2 2 0 0 0 2 2 0 0 2 0 0 0 0 2 2 2 0 2 0 0 2 2 0 0 2 2 2 0 2 2 2 2 2 2 2 2 2 0 0 0 2 0 0 2 0 0 0 0 0 0 0 0 0 2 2 0 2 0 0 0 0 2 0 0 0 2 0 0 2 0 0 0 0 2 2 0 0 2 2 0 0 2 0 0 2 0 0 0 2 2 0 2 2 0 2 2 2 0 0 2 2 2 0 0 0 2 0 0 0 2 2 0 2 0 0 2 0 0 2 2 0 2 0 2 2 0 0 0 2 0 2 2 2 2 2 2 0 2 2 2 2 2 0 0 2 0 0 2 2 2 0 0 2 2 0 0 2 1 2 0 0 2 2 2 0 0 1 0 2 2 0 2 0 2 2 0 2 2 2 0 2 2 2 0 0 2 2 2 2 2 2 0 2 0 2 2 2 0 0 2 2 2 2 2 2 0 0 0 2 2 0 0 0 2 2 2 1 2 0 0 2 0 2 2 2 2 2 2 0 2 2 2 2 0 0 2 2 0 0 2 2 0 2 2
488 2 2 2 2 2 2 2 0 2 2 2 2 2 2 2 2 2 2 2 2 2 2 2 2 0 2 2 2 2 2 2 2 2 2 2 2 2 2 2 2 2 2 2 2 2 2 2 2 2 2 2 2 2 2 2 2 2 2 2 2 2 2 2 2 2 2 2 2 0 2 2 2 2 2 2 2 2 2 2 2 2 2 2 2 2 2 2 2 0 2 2 2 2 2 2 2 2 2 0 2 2 2 2 2 2 2 2 2 2 2 2 2 2 2 2 2 2 2 0 2 2 2 2 2 2 2 2 2 0 2 2 2 2 2 2 2 2 2 2 2 2 2 2 2 2 2 2 2 2 2 2 2 2 2 2 0 0 2 2 2 0 2 2 2 2 2 0 2 2 2 2 2 2 2 2 2 2 2 2 2 0 2 2 2 0 0 2 2 2 2 2 2 2 2 0 2 2 2 2 2 2 2 2 2 2 2 2 2 2 2 2 2 2 2 2 2 2 1 2 2 2 2 2 2 2 2 2 2 2 0 2 2 2 2 2 2 2 2 0 2 2 2 0 2 2
489 2 2 2 2 2 2 2 0 2 2 2 2 2 2 2 2 2 2 2 2 2 2 2 2 0 2 2 2 2 2 2 2 2 2 2 2 2 2 2 2 2 2 2 2 2 2 2 2 2 2 2 2 2 2 2 2 2 2 2 2 2 2 2 2 2 2 2 2 2 2 2 2 2 2 2 2 2 2 2 2 2 2 2 2 2 2 2 2 0 2 2 2 2 2 2 2 2 2 0 2 2 2 2 2 2 2 2 2 2 2 2 2 2 2 2 2 2 2 0 2 2 2 2 2 2 2 2 2 0 2 2 2 2 2 2 2 2 2 2 2 2 2 2 2 2 2 2 2 2 2 2 2 2 2 2 2 0 2 2 2 0 2 2 2 2 2 2 2 2 2 2 2 2 2 2 2 2 2 2 2 0 2 2 2 0 0 2 2 2 2 2 2 2 2 2 2 2 2 2 2 2 2 2 2 2 2 2 2 2 2 2 2 2 2 2 2 2 2 2 2 2 2 2 2 2 2 2 2 2 0 2 2 2 2 2 2 2 2 0 2 2 2 0 2 2
490 2 2 2 2 2 2 2 0 2 2 2 2 2 2 2 2 2 2 2 2 2 2 2 2 0 2 2 2 2 2 2 2 2 2 2 2 2 2 2 2 2 2 2 2 2 2 2 2 2 2 2 2 2 2 2 2 2 2 2 2 2 2 2 2 2 2 2 2 2 2 2 2 2 2 2 2 2 2 2 2 2 2 2 2 2 2 2 2 0 2 2 2 2 2 2 2 2 2 0 2 2 2 2 2 2 2 2 2 2 2 2 2 2 2 2 2 2 2 0 2 2 2 2 2 2 2 2 2 0 2 2 2 2 2 2 2 2 2 2 2 2 2 2 2 2 2 2 2 2 2 2 2 2 2 2 2 0 2 2 2 0 2 2 2 2 2 2 2 2 2 2 2 2 2 2 2 2 2 2 2 0 2 2 2 0 0 2 2 2 2 2 2 2 2 2 2 2 2 2 2 2 2 2 2 2 2 2 2 2 2 2 2 2 2 2 2 2 2 2 2 2 2 2 2 2 2 2 2 2 0 2 2 2 2 2 2 2 2 0 2 2 2 0 2 2
491 2 2 2 2 2 2 0 2 2 2 2 2 2 2 2 0 0 2 2 2 2 2 2 2 2 0 0 2 2 2 0 2 2 0 2 0 2 2 2 2 2 2 2 2 2 2 2 2 2 2 2 2 2 2 2 2 2 2 2 2 2 2 2 2 2 2 2 2 2 0 2 2 2 2 0 2 2 2 0 2 2 2 2 2 2 0 2 2 2 2 0 2 2 2 2 2 2 0 2 2 0 0 2 2 2 2 0 2 2 2 2 2 2 2 2 2 0 2 2 2 0 2 2 2 0 0 2 2 2 0 2 0 0 2 0 0 0 2 2 0 2 0 0 2 2 2 2 2 1 0 0 2 2 0 0 2 2 0 1 2 2 2 0 0 0 2 2 1 2 2 2 2 0 2 0 0 2 0 2 2 2 0 2 0 2 2 2 2 0 2 2 0 2 2 2 0 0 2 2 2 0 0 2 0 0 2 0 2 2 0 0 2 2 2 2 0 2 1 2 2 2 0 2 0 2 2 0 0 0 2 2 0 2 0 2 2 2 2 2 2 0 0 2 0 0
492 2 2 2 0 0 2 2 2 2 2 2 0 0 0 2 2 2 2 2 2 2 0 2 0 2 2 2 0 2 2 2 0 2 2 2 2 2 2 2 2 0 2 2 2 2 2 2 0 2 2 0 2 2 0 2 2 2 2 2 2 2 0 2 0 0 0 2 2 2 2 2 2 2 2 2 2 2 0 2 2 2 2 2 2 2 2 2 0 2 2 2 2 2 2 2 2 2 2 2 2 2 2 2 2 2 2 2 2 0 0 2 2 0 2 2 2 2 2 2 2 2 2 2 2 2 2 0 2 2 2 2 2 2 2 2 2 2 2 2 2 2 2 2 2 0 2 0 2 2 2 2 2 2 2 2 2 2 2 2 2 2 2 2 2 2 2 2 1 2 2 2 2 2 2 2 2 0 2 2 2 2 2 2 2 2 2 2 2 2 2 2 2 0 2 2 2 2 2 2 2 2 2 2 2 2 2 2 2 2 2 2 2 2 0 2 2 2 2 2 0 0 2 2 2 2 2 2 2 2 2 2 2 2 2 2 2 2 2 2 2 2 2 2 2 2
493 2 2 2 2 2 2 2 2 2 2 2 2 2 2 2 2 0 2 2 2 2 2 2 2 2 2 2 2 2 2 2 2 2 2 2 2 2 2 2 2 2 2 2 2 2 2 2 2 2 2 2 2 2 2 2 2 2 2 2 2 2 2 2 2 2 2 2 2 2 2 2 2 2 2 0 2 2 2 2 2 2 2 2 2 2 2 2 2 2 2 0 2 2 2 2 2 2 2 2 2 0 0 2 2 2 2 0 2 2 2 2 2 2 2 2 2 2 2 2 2 2 2 2 2 2 2 2 2 2 2 2 2 0 2 2 2 0 2 2 0 2 0 2 2 2 2 2 2 2 2 2 2 2 0 2 2 2 2 2 2 2 2 2 0 0 2 2 2 2 2 2 2 2 2 2 2 2 0 2 2 2 2 2 2 2 2 2 2 0 2 2 2 2 2 2 2 2 2 2 2 2 2 2 2 2 2 2 2 2 2 2 2 2 2 2 2 2 2 2 2 2 2 2 2 2 2 2 0 2 2 2 2 2 0 2 2 2 2 2 2 2 0 2 0 0
494 2 0 2 0 0 0 0 0 0 2 2 0 0 0 0 0 2 2 2 2 2 0 0 0 0 2 2 0 2 2 2 0 2 0 0 1 0 0 2 2 0 0 0 0 2 2 0 0 2 2 0 0 0 0 0 0 0 0 2 2 0 0 0 0 0 0 0 0 0 0 0 0 0 0 2 2 2 0 0 0 0 0 0 0 0 2 2 0 0 0 2 2 0 0 0 2 0 2 0 2 2 2 0 2 0 2 2 0 0 0 0 0 0 2 2 0 2 0 0 2 0 2 2 0 0 0 0 0 0 0 0 0 2 2 2 2 2 0 2 2 2 2 2 0 0 0 0 0 1 2 0 0 0 2 0 0 0 2 0 2 0 0 2 2 2 0 0 0 0 2 0 0 2 0 2 0 0 2 2 2 0 2 0 2 0 0 0 0 2 2 1 2 0 0 0 2 0 2 0 0 2 2 0 0 2 2 0 0 0 2 2 2 2 0 0 2 0 0 0 0 0 0 0 0 0 0 2 2 0 0 0 0 2 2 2 0 0 2 0 0 2 2 0 2 2
495 2 0 2 0 0 0 0 0 0 2 2 0 0 0 0 0 2 2 2 2 2 0 0 0 0 2 2 0 2 2 0 0 2 0 0 1 0 0 2 2 0 0 0 0 2 2 0 0 2 2 0 0 0 0 0 0 0 0 2 2 0 0 0 0 0 0 0 0 0 0 0 0 0 0 2 2 2 0 0 0 0 0 0 0 0 2 2 0 0 0 2 2 0 0 0 2 0 2 0 2 2 2 0 2 0 2 2 0 0 0 0 0 0 2 2 0 0 0 0 2 0 2 2 0 0 0 0 0 0 0 0 0 2 2 2 2 2 0 2 2 2 2 2 0 0 0 0 0 0 2 0 0 0 2 0 0 0 2 0 2 0 0 0 2 2 0 0 0 0 2 0 0 2 0 2 0 0 2 2 2 0 2 0 2 0 0 0 0 2 2 1 2 0 0 0 2 0 2 0 0 2 2 0 0 2 2 0 0 0 2 0 2 2 0 0 0 0 0 0 0 0 0 0 0 0 0 2 2 0 0 0 0 2 2 2 0 0 2 0 0 0 2 0 2 2
496 2 2 2 2 2 2 0 2 2 2 2 2 2 2 2 2 2 2 2 2 2 2 2 2 2 0 2 2 2 2 2 2 2 2 2 2 2 2 2 2 2 2 2 2 2 2 2 2 2 2 2 2 2 2 2 2 2 2 2 2 2 2 2 2 2 2 2 2 2 0 2 2 2 2 2 2 2 2 0 2 2 2 2 2 2 2 2 2 2 2 2 2 2 2 2 2 2 2 2 2 2 2 2 2 2 2 2 2 2 2 2 2 2 2 2 2 2 2 2 2 2 2 2 2 0 0 2 2 2 0 2 0 2 2 2 2 2 2 2 2 2 2 2 2 2 2 2 2 2 2 0 2 2 2 0 2 2 2 2 2 2 2 2 2 2 2 2 2 2 2 2 2 2 2 2 2 2 2 2 2 2 2 2 2 2 2 2 2 2 2 2 2 2 2 2 2 2 2 2 2 2 2 2 0 2 2 0 2 2 2 2 2 2 2 2 2 2 1 2 2 2 0 2 0 2 2 2 2 0 2 2 0 2 2 2 2 2 2 2 2 2 2 2 2 2
497 0 2 2 2 2 2 2 2 2 0 2 2 2 2 2 2 2 2 0 2 2 2 2 2 2 2 2 2 2 0 2 2 0 2 2 2 2 2 2 2 2 2 2 2 0 2 2 2 2 2 2 2 2 2 2 2 2 2 2 2 2 2 2 2 2 2 2 2 2 2 2 2 2 2 2 0 2 2 2 2 2 2 2 2 2 2 2 2 2 2 2 2 2 2 2 0 2 2 2 2 2 2 2 2 2 2 2 2 2 2 2 2 2 0 2 2 2 2 2 0 2 2 2 2 2 2 2 2 2 2 2 2 2 0 2 2 2 2 2 2 0 2 2 2 2 2 2 2 2 2 2 2 2 2 2 2 2 2 2 0 2 2 2 2 2 2 2 2 2 0 2 2 2 2 2 2 2 2 0 0 2 2 2 2 2 2 2 2 2 0 1 2 2 2 2 2 2 0 2 2 2 2 2 2 2 2 2 2 2 2 2 0 2 2 2 2 2 2 2 2 2 2 2 2 2 2 2 2 2 2 2 2 0 2 0 2 2 0 2 2 2 2 2 2 2
498 2 0 2 0 0 0 0 0 0 2 2 0 0 0 0 0 0 2 2 2 2 0 0 0 0 0 0 0 2 2 0 0 2 0 0 0 0 0 2 2 0 0 0 0 2 2 0 0 2 2 0 0 0 0 0 0 0 0 2 2 0 0 0 0 0 0 0 0 0 0 0 0 0 0 0 2 2 0 0 0 0 0 0 0 0 0 2 0 0 0 0 2 0 0 0 2 0 2 0 2 0 0 0 2 0 2 0 0 0 0 0 0 0 2 2 0 0 0 0 2 0 2 0 0 0 0 0 0 0 0 0 0 0 2 2 0 0 0 2 0 2 0 0 0 0 0 0 0 0 2 0 0 0 0 0 0 0 0 0 2 0 0 0 0 0 0 0 0 0 2 0 0 0 0 0 0 0 0 2 2 0 2 0 0 0 0 0 0 0 2 1 0 0 0 0 0 0 2 0 0 2 0 0 0 2 2 0 0 0 2 0 2 2 0 0 0 0 0 0 0 0 0 0 0 0 0 0 0 0 0 0 0 2 0 2 0 0 2 0 0 0 0 0 0 0
499 2 2 2 2 2 2 2 2 2 2 2 2 2 2 2 2 2 2 2 2 2 2 2 2 2 2 0 2 2 2 2 2 2 2 2 1 2 2 2 2 2 2 2 2 2 2 2 2 2 2 2 2 2 2 2 2 2 2 2 2 2 2 2 2 2 2 2 2 2 2 2 2 2 2 2 2 2 2 2 2 2 2 2 2 2 0 2 2 2 2 2 2 2 2 2 2 2 2 2 2 2 2 2 2 2 2 2 2 2 2 2 2 2 2 2 2 2 2 2 2 2 2 2 2 2 2 2 2 2 2 2 2 2 2 2 0 2 2 2 2 2 2 0 2 2 2 2 2 2 2 2 2 2 2 2 2 2 0 2 2 2 2 2 2 2 2 2 2 2 2 2 2 0 2 0 2 2 2 2 2 2 2 2 0 2 2 2 2 2 2 2 0 2 2 2 0 2 2 2 2 2 0 2 2 2 2 2 2 2 2 2 2 2 2 2 2 2 2 2 2 2 2 2 2 2 2 0 2 2 2 2 2 2 2 2 2 2 2 2 2 2 2 2 2 2
500 2 0 2 0 0 0 2 0 0 2 2 0 0 2 0 0 2 2 2 2 2 0 0 2 0 2 2 0 2 2 0 0 2 0 0 1 0 0 2 2 0 0 0 0 2 2 0 0 2 2 0 0 0 0 0 0 0 0 2 2 0 0 0 0 0 0 0 0 0 2 0 0 0 0 2 2 2 0 2 0 2 2 0 0 0 2 2 0 0 0 2 2 0 0 0 2 0 2 0 2 2 2 0 2 0 2 2 2 0 0 0 0 0 2 2 0 0 0 0 2 0 2 2 0 2 2 0 0 0 2 0 2 2 2 2 2 2 0 2 2 2 2 2 0 0 0 0 0 0 2 2 0 0 2 2 0 0 2 0 2 0 0 0 2 2 0 0 0 0 2 0 0 2 0 2 0 0 2 2 2 0 2 0 2 0 0 0 0 2 2 1 2 0 0 0 2 0 2 0 0 2 2 0 2 2 2 2 0 0 2 0 2 2 0 0 0 0 1 0 0 0 2 0 2 0 0 2 2 2 0 0 2 2 2 2 0 0 2 0 0 0 2 0 2 2
501 2 0 0 2 0 0 0 0 2 2 0 2 0 0 0 0 2 0 2 0 2 0 0 0 0 0 0 0 0 2 0 0 2 0 0 0 0 0 2 0 2 0 0 0 2 0 0 0 0 2 2 0 0 0 0 0 0 0 0 0 0 0 0 0 0 0 0 2 0 0 0 2 2 0 2 2 0 2 0 0 0 0 0 2 0 0 0 0 0 0 2 2 0 0 0 2 0 0 0 0 2 2 0 2 0 1 2 0 0 0 0 0 0 2 0 0 0 0 0 2 0 0 2 0 0 0 2 0 0 0 0 0 1 2 0 0 0 0 2 2 2 0 0 0 0 0 0 0 0 0 0 0 0 2 0 0 0 0 0 2 0 0 0 2 2 0 0 0 0 2 0 0 0 0 0 0 0 2 2 2 0 0 0 0 0 0 0 0 1 2 0 0 0 0 0 0 0 2 0 0 0 0 0 0 0 2 0 0 0 0 0 2 0 0 0 0 0 0 0 0 0 0 2 0 0 0 0 0 0 0 0 0 2 2 2 0 0 2 0 0 0 2 0 2 1
502 2 2 2 2 2 2 2 2 2 2 2 2 2 2 2 2 0 2 2 2 2 2 2 2 2 2 2 2 2 2 2 2 2 2 2 2 2 2 2 2 2 2 2 2 2 2 2 2 2 2 2 2 2 2 2 2 2 2 2 2 2 2 2 2 2 2 2 2 2 2 2 2 2 2 0 2 2 2 2 2 2 2 2 2 2 2 2 2 2 2 0 2 2 2 2 2 2 2 2 2 0 0 2 2 2 2 0 2 2 2 2 2 2 2 2 2 2 2 2 2 2 2 2 2 2 2 2 2 2 2 2 2 0 2 2 2 0 2 2 0 2 0 2 2 2 2 2 2 2 2 2 2 2 0 2 2 2 2 2 2 2 2 2 0 0 2 2 2 2 2 2 2 2 2 2 2 2 0 2 2 2 2 2 2 2 2 2 2 0 2 2 2 2 2 2 2 2 2 2 2 2 2 2 2 2 2 2 2 2 2 2 2 2 2 2 2 2 2 2 2 2 2 2 2 2 2 2 0 2 2 2 2 2 0 2 2 2 2 2 2 2 0 2 0 0
503 2 2 2 2 2 2 2 2 2 2 2 2 2 2 2 2 0 2 2 2 2 2 2 2 2 2 2 2 2 2 2 2 2 2 2 2 2 2 2 2 2 2 2 2 2 2 2 2 2 2 2 2 2 2 2 2 2 2 2 2 2 2 2 2 2 2 2 2 2 2 2 2 2 2 0 2 2 2 2 2 2 2 2 2 2 2 2 2 2 2 0 2 2 2 2 2 2 2 2 2 0 0 2 2 2 2 0 2 2 2 2 2 2 2 2 2 2 2 2 2 2 2 2 2 2 2 2 2 2 2 2 2 0 2 2 2 0 2 2 0 2 0 2 2 2 2 2 2 2 2 2 2 2 0 2 2 2 2 2 2 2 2 2 0 0 2 2 2 2 2 2 2 2 2 2 2 2 0 2 2 2 2 2 2 2 2 2 2 0 2 2 2 2 2 2 2 2 2 2 2 2 2 2 2 2 2 2 2 2 2 2 2 2 2 2 2 2 2 2 2 2 2 2 2 2 2 2 0 2 2 2 2 2 0 2 2 2 2 2 2 2 0 2 0 0
504 2 2 2 2 2 2 2 2 2 2 2 2 2 2 2 2 2 2 2 2 2 2 2 2 2 0 2 2 2 2 2 2 2 2 2 2 0 2 2 2 2 2 2 2 2 2 2 2 2 2 2 2 2 2 2 2 2 2 2 2 2 2 2 2 2 2 2 2 2 2 2 2 2 2 2 2 2 2 0 2 2 2 0 2 2 2 2 2 2 2 2 2 0 2 2 2 2 0 2 2 2 2 2 2 2 2 2 2 2 2 2 2 2 2 2 2 2 2 2 2 2 2 2 2 2 2 2 2 2 0 2 2 2 2 0 2 2 2 2 2 2 2 2 2 2 2 2 2 2 0 2 2 2 2 2 2 2 2 2 2 2 2 2 2 2 2 2 2 2 2 2 2 2 2 2 0 2 2 2 2 2 2 2 2 2 2 2 2 2 2 2 2 2 2 2 2 2 2 2 2 0 2 2 2 0 2 2 2 2 0 2 2 2 2 0 2 2 2 0 2 2 2 2 2 2 0 2 2 2 2 2 0 2 2 2 2 2 2 2 2 2 2 2 2 2
505 2 2 2 2 2 2 2 2 2 2 2 2 2 2 2 2 0 2 2 2 2 2 2 2 2 2 2 2 2 2 2 2 2 2 2 2 2 2 2 2 2 2 2 2 2 2 2 2 2 2 2 2 2 2 2 2 2 2 2 2 2 2 2 2 2 2 2 2 2 2 2 2 2 2 0 2 2 2 2 2 2 2 2 2 2 2 2 2 2 2 0 2 2 2 2 2 2 2 2 2 0 0 2 2 2 2 0 2 2 2 2 2 2 2 2 2 2 2 2 2 2 2 2 2 2 2 2 2 2 2 2 2 0 2 2 2 0 2 2 0 2 0 2 2 2 2 2 2 2 2 2 2 2 0 2 2 2 2 2 2 2 2 2 0 0 2 2 2 2 2 2 2 2 2 2 2 2 0 2 2 2 2 2 2 2 2 2 2 0 2 2 2 2 2 2 2 2 2 2 2 2 2 2 2 2 2 2 2 2 2 2 2 2 2 2 2 2 2 2 2 2 2 2 2 2 2 2 0 2 2 2 2 2 0 2 2 2 2 2 2 2 0 2 0 0
506 2 2 2 2 2 2 2 2 2 2 2 2 2 2 2 2 2 2 2 2 2 2 2 2 2 0 2 2 2 2 2 2 2 2 2 2 0 2 2 2 2 2 2 2 2 2 2 2 2 2 2 2 2 2 2 2 2 2 2 2 2 2 2 2 2 2 2 2 2 2 2 2 2 2 2 2 2 2 0 2 2 2 0 2 2 2 2 2 2 2 2 2 0 2 2 2 2 0 2 2 2 2 2 2 2 2 2 2 2 2 2 2 2 2 2 2 2 2 2 2 2 2 2 2 2 2 2 2 2 0 2 2 2 2 0 2 2 2 2 2 2 2 2 2 2 2 2 2 2 0 2 2 2 2 2 2 2 2 2 2 2 2 2 2 2 2 2 2 2 2 2 2 2 2 2 0 2 2 2 2 2 2 2 2 2 2 2 2 2 2 2 2 2 2 2 2 2 2 2 2 0 2 2 2 0 2 2 2 2 0 2 2 2 2 0 2 2 2 0 2 2 2 2 2 2 0 2 2 2 2 2 0 2 2 2 2 2 2 2 2 2 2 2 2 2
507 2 2 2 2 2 2 2 2 2 2 2 2 2 2 2 2 0 2 2 2 2 2 2 2 2 2 2 2 2 2 2 2 2 2 2 2 2 2 2 2 2 2 2 2 2 2 2 2 2 2 2 2 2 2 2 2 2 2 2 2 2 2 2 2 2 2 2 2 2 2 2 2 2 2 0 2 2 2 2 2 2 2 2 2 2 2 2 2 2 2 0 2 2 2 2 2 2 2 2 2 0 0 2 2 2 2 0 2 2 2 2 2 2 2 2 2 2 2 2 2 2 2 2 2 2 2 2 2 2 2 2 2 0 2 0 2 0 2 2 0 2 0 2 2 2 2 2 2 2 2 2 2 2 0 2 2 2 2 2 2 2 2 2 0 0 2 2 2 2 2 2 2 2 2 2 2 2 0 2 2 2 2 2 2 2 2 2 2 0 2 2 2 2 2 2 2 2 2 2 2 2 2 2 2 0 2 2 2 2 2 2 2 2 2 2 2 2 2 2 2 2 2 2 2 2 2 2 0 2 2 2 2 2 0 2 2 2 2 2 2 2 0 2 0 0
508 2 2 2 2 2 2 2 2 2 2 2 2 2 2 2 2 2 2 2 2 2 2 2 2 2 2 2 2 2 2 2 2 2 2 2 2 2 2 2 2 2 2 0 2 2 2 0 2 2 2 2 0 0 2 2 2 2 2 2 2 2 2 2 2 2 2 2 2 0 2 0 2 2 0 2 2 2 2 2 2 2 2 2 2 2 2 2 2 0 2 2 2 2 2 0 2 2 2 2 2 2 2 2 2 2 2 2 2 2 2 2 2 0 2 2 2 2 2 0 2 2 2 2 2 2 2 2 2 0 2 2 2 2 2 2 2 2 2 2 2 2 2 2 0 2 2 2 0 2 2 2 0 0 2 2 0 0 2 1 2 2 2 2 2 2 0 2 2 2 2 2 2 2 0 2 2 2 2 2 2 0 2 2 2 2 0 2 2 2 2 2 2 2 2 0 2 2 2 0 2 2 2 2 2 2 2 2 0 0 2 0 2 2 2 2 2 2 1 2 2 2 2 2 2 2 2 2 2 2 0 2 2 2 2 2 2 2 2 0 0 2 2 0 2 2
509 2 2 2 2 2 2 2 2 2 2 2 2 2 2 2 2 2 2 2 2 2 2 2 2 2 0 2 2 2 2 2 2 2 2 2 2 0 2 2 2 2 2 2 2 2 2 2 2 2 2 2 2 2 2 2 2 2 2 2 2 2 2 2 2 2 2 2 2 2 2 2 2 2 2 2 2 2 2 0 2 2 2 0 2 2 2 2 2 2 2 2 2 0 2 2 2 2 0 2 2 2 2 2 2 2 2 2 2 2 2 2 2 2 2 2 2 2 2 2 2 2 2 2 2 2 2 2 2 2 0 2 2 2 2 0 2 2 2 2 2 2 2 2 2 2 2 2 2 2 0 2 2 2 2 2 2 2 2 2 2 2 2 2 2 2 2 2 2 2 2 2 2 2 2 2 0 2 2 2 2 2 2 2 2 2 2 2 2 2 2 2 2 2 2 2 2 2 2 2 2 0 2 2 2 0 2 2 2 2 0 2 2 2 2 0 2 2 2 0 2 2 2 2 2 2 0 2 2 2 2 2 0 2 2 2 2 2 2 2 2 2 2 2 2 2
510 2 2 2 2 2 2 2 2 2 2 2 2 2 2 2 2 2 2 2 2 2 2 2 2 2 0 2 2 2 2 2 2 2 2 2 2 0 2 2 2 2 2 2 2 2 2 2 2 2 2 2 2 2 2 2 2 2 2 2 2 2 2 2 2 2 2 2 2 2 2 2 2 2 2 2 2 2 2 0 2 2 2 0 2 2 2 2 2 2 2 2 2 0 2 2 2 2 0 2 2 2 2 2 2 2 2 2 2 2 2 2 2 2 2 2 2 2 2 2 2 2 2 2 2 2 2 2 2 2 0 2 2 2 2 0 2 2 2 2 2 2 2 2 2 2 2 2 2 2 0 2 2 2 2 2 2 2 2 2 2 2 2 2 2 2 2 2 2 2 2 2 2 2 2 2 0 2 2 2 2 2 2 2 2 2 2 2 2 2 2 2 2 2 2 2 2 2 2 2 2 0 2 2 2 0 2 2 2 2 0 2 2 2 2 0 2 2 2 0 2 2 2 2 2 2 0 2 2 2 2 2 0 2 2 2 2 2 2 2 2 2 2 2 2 2
511 2 2 2 2 2 2 2 2 2 2 2 2 2 2 2 2 2 2 2 2 2 2 2 2 2 2 2 2 2 2 2 2 2 2 2 2 2 2 2 2 2 2 0 2 2 2 0 2 2 2 2 0 0 2 2 2 2 2 2 2 2 2 2 2 2 2 2 2 0 2 0 2 2 0 2 2 2 2 2 2 2 2 2 2 2 2 2 2 0 2 2 2 2 2 0 2 2 2 2 2 2 2 2 2 2 2 2 2 2 2 2 2 0 2 2 2 2 2 0 2 2 2 2 2 2 2 2 2 0 2 2 2 2 2 2 2 2 2 2 2 2 2 2 0 2 2 2 0 2 2 2 0 0 2 2 0 0 2 1 2 2 2 2 2 2 0 2 2 2 2 2 2 2 0 2 2 2 2 2 2 0 2 2 2 2 0 2 2 2 2 2 2 2 2 0 2 2 2 0 2 2 2 2 2 2 2 2 0 0 2 0 2 2 2 2 2 2 1 2 2 2 2 2 2 2 2 2 2 2 0 2 2 2 2 2 2 2 2 0 0 2 2 0 2 2
512 2 0 2 2 2 2 2 2 2 2 2 2 2 2 2 2 2 2 2 2 2 2 0 2 2 2 2 2 2 1 2 2 2 2 2 2 2 0 2 2 2 2 2 2 2 2 2 2 2 2 2 2 2 2 0 0 2 0 2 2 2 2 2 2 2 2 0 2 2 2 2 2 2 2 2 2 2 2 2 2 2 2 2 2 2 2 2 2 2 2 2 2 2 0 2 2 0 2 2 2 2 2 0 2 2 2 2 2 2 0 2 2 2 2 2 2 2 2 2 2 2 2 2 2 2 2 2 2 2 2 2 2 2 2 2 2 2 2 2 2 2 2 2 2 2 2 2 2 1 2 0 2 2 2 2 2 2 2 2 2 2 2 0 2 2 2 2 1 2 2 2 2 2 2 2 2 2 2 2 2 2 2 2 2 2 2 0 2 2 2 2 2 2 2 2 2 2 2 2 2 2 2 2 0 2 2 0 2 2 2 2 2 2 2 2 2 2 1 2 2 2 0 2 2 2 2 2 2 0 2 2 2 2 2 2 2 2 2 2 2 2 2 2 2 2
513 2 2 2 2 2 2 2 2 2 2 2 2 2 2 2 2 2 2 2 2 2 2 2 2 2 0 2 2 2 2 2 2 2 2 2 2 0 2 2 2 2 2 2 2 2 2 2 2 2 2 2 2 2 2 2 2 2 2 2 2 2 2 2 2 2 2 2 2 2 2 2 2 2 2 2 2 2 2 0 2 2 2 0 2 2 2 2 2 2 2 2 2 0 2 2 2 2 0 2 2 2 2 2 2 2 2 2 2 2 2 2 2 2 2 2 2 2 2 2 2 2 2 2 2 2 2 2 2 2 0 2 2 2 2 0 2 2 2 2 2 2 2 2 2 2 2 2 2 2 0 2 2 2 2 2 2 2 2 2 2 2 2 2 2 2 2 2 2 2 2 2 2 2 2 2 0 2 2 2 2 2 2 2 2 2 2 2 2 2 2 2 2 2 2 2 2 2 2 2 2 0 2 2 2 0 2 2 2 2 0 2 2 2 2 0 2 2 2 0 2 2 2 2 2 2 0 2 2 2 2 2 0 2 2 2 2 2 2 2 2 2 2 2 2 2
514 2 0 2 2 2 2 2 2 2 2 2 2 2 2 2 0 2 2 2 2 2 2 0 2 0 2 2 2 2 2 2 2 0 0 0 1 2 0 2 2 2 2 0 0 2 2 0 2 2 2 2 0 0 2 0 0 0 0 2 2 2 2 0 2 2 2 0 2 0 2 0 2 2 0 2 2 2 2 2 2 0 0 2 2 0 2 2 2 0 0 2 2 2 2 0 0 0 2 2 2 2 2 0 2 0 2 2 0 2 0 2 0 0 2 2 2 2 2 0 0 0 2 0 0 2 2 2 0 0 2 0 2 2 0 2 2 2 2 2 2 2 2 2 0 2 2 0 0 1 2 0 0 0 2 2 0 0 2 0 2 2 2 0 2 2 0 2 1 2 2 2 2 2 0 2 2 2 2 2 2 0 2 0 2 0 0 0 2 2 2 1 2 2 2 0 2 0 0 0 0 2 2 2 0 2 2 0 0 0 2 0 0 2 2 2 2 2 0 2 2 2 0 2 2 2 2 2 2 0 0 2 2 2 2 0 2 2 2 0 0 2 2 0 2 2
515 2 2 2 2 2 2 2 2 2 2 2 2 2 2 2 0 2 2 2 2 2 2 2 2 2 2 2 2 2 2 2 2 0 0 2 1 2 2 2 2 2 2 2 2 2 2 2 2 2 2 2 2 2 2 2 2 2 2 2 2 2 2 0 2 2 2 2 2 2 2 2 2 2 2 2 2 2 2 2 2 2 2 2 2 2 2 2 2 2 2 2 2 2 2 2 0 2 2 2 2 2 2 2 2 2 2 2 2 2 2 2 0 2 2 2 2 2 2 2 0 0 2 0 2 2 2 2 2 2 2 2 2 2 0 2 2 2 2 2 2 2 2 2 2 2 2 2 2 2 2 2 2 2 2 2 2 2 2 1 2 2 2 2 2 2 2 2 2 2 2 2 2 2 2 2 2 2 2 2 2 2 2 2 2 2 2 2 2 2 2 1 2 2 2 2 2 0 0 2 2 2 2 2 2 2 2 2 2 2 2 2 0 2 2 2 2 2 2 2 2 2 2 2 2 2 2 2 2 2 2 2 2 2 2 0 2 2 2 2 2 2 2 2 2 2
516 0 2 2 2 2 2 2 0 2 0 0 2 2 2 2 2 0 0 0 2 0 2 2 2 0 0 0 2 0 0 2 2 2 2 2 1 0 2 0 0 2 0 0 0 0 2 0 2 2 0 2 0 0 2 2 2 0 2 2 0 2 2 2 2 2 2 2 2 0 2 0 2 2 0 0 0 2 2 0 2 0 0 0 2 0 0 2 2 0 2 0 0 0 2 0 2 2 0 0 2 0 0 2 2 0 0 0 0 2 2 0 2 0 0 0 2 2 2 0 2 2 0 2 0 2 2 2 0 0 0 0 2 0 2 0 0 0 2 2 0 0 0 0 0 2 2 0 0 2 0 2 0 0 0 2 0 0 0 1 0 0 2 2 0 0 0 2 2 2 0 2 2 0 0 0 0 2 0 0 0 0 2 2 0 0 0 2 2 0 0 1 0 2 2 0 0 2 2 0 0 0 0 2 2 0 2 2 0 0 0 0 2 2 2 0 2 2 1 0 2 2 2 2 2 2 0 0 0 2 0 2 0 0 0 2 2 2 0 0 0 2 0 0 0 0
517 2 2 2 2 2 2 2 2 2 2 2 2 2 2 2 2 2 2 2 2 2 2 2 2 2 2 2 2 2 2 2 2 2 2 2 2 2 2 2 2 2 2 2 2 2 2 2 2 2 2 2 2 2 2 2 2 2 2 2 2 2 2 2 2 2 2 2 2 2 2 2 2 2 2 2 2 2 2 2 2 2 2 2 2 2 2 2 2 2 2 2 2 2 2 0 2 2 2 2 2 2 2 2 2 2 2 2 2 2 2 2 2 0 2 2 2 2 2 2 2 2 2 2 2 2 2 2 2 2 2 2 2 2 2 2 2 2 2 2 2 2 2 2 0 2 2 2 0 2 2 2 0 2 2 2 2 2 2 1 2 2 2 2 2 2 0 2 2 2 2 2 2 2 0 2 2 2 2 2 2 0 2 2 2 2 2 2 2 2 2 2 2 2 2 2 2 2 2 0 2 2 2 2 2 2 2 2 0 2 2 0 2 2 2 2 2 2 2 2 2 2 2 2 2 2 2 2 2 2 2 2 2 2 2 2 2 2 2 2 0 2 2 0 2 2
518 2 2 2 2 2 2 2 0 2 2 2 2 2 2 2 2 2 2 2 2 2 2 2 2 2 2 2 2 2 2 2 2 2 2 2 2 2 2 2 2 2 2 0 2 2 2 0 2 2 2 2 0 0 2 2 2 2 2 2 2 2 2 2 2 2 2 2 2 0 2 0 2 2 0 2 2 2 2 2 2 2 2 2 2 2 2 2 2 0 2 2 2 2 2 0 2 2 2 0 2 2 2 2 2 2 2 2 2 2 2 2 2 0 2 2 2 2 2 0 2 2 2 2 2 2 2 2 2 0 2 2 2 2 2 2 2 2 2 2 2 2 2 2 0 2 2 2 0 2 2 2 0 0 2 2 0 0 2 1 2 0 2 2 2 2 0 2 2 2 2 2 2 2 0 2 2 2 2 2 2 0 2 2 2 2 0 2 2 2 2 2 2 2 2 0 2 2 2 0 2 2 2 2 2 2 2 2 0 0 2 0 2 2 2 2 2 2 1 2 2 2 2 2 2 2 2 2 2 2 0 2 2 2 2 2 2 2 2 0 0 2 2 0 2 2
519 0 0 0 0 2 0 0 0 0 0 0 0 1 2 0 0 0 0 0 2 0 2 0 2 0 0 0 2 0 0 0 2 0 0 0 0 0 0 0 0 0 0 0 0 0 0 0 0 0 0 0 0 0 2 0 0 0 0 0 0 2 0 0 2 2 2 0 0 0 0 0 0 0 0 0 0 0 0 0 0 0 0 0 0 0 0 0 2 0 0 0 0 0 0 0 0 0 0 0 0 0 0 0 0 0 0 0 0 0 0 0 0 0 0 0 0 0 0 0 0 0 0 0 0 0 0 0 0 0 0 0 0 0 0 0 0 0 0 2 0 0 0 0 0 2 0 0 0 0 0 0 0 0 0 0 0 0 0 0 0 0 0 0 0 0 0 0 1 0 0 0 0 0 0 0 0 2 0 0 0 0 0 0 0 0 0 0 0 0 0 0 0 2 0 0 0 0 0 0 0 0 0 0 0 0 2 0 0 0 0 0 0 0 2 0 0 0 0 0 2 2 0 0 0 0 0 0 0 0 0 0 0 0 0 0 0 0 0 0 0 0 0 0 0 0
520 0 2 2 2 2 2 0 0 2 0 0 2 2 2 2 2 0 0 0 2 0 2 2 2 0 0 0 2 0 0 0 2 2 2 2 1 0 2 0 0 2 0 0 0 0 2 0 2 2 0 2 0 0 2 2 2 0 2 2 0 2 2 2 2 2 2 2 2 0 0 0 2 2 0 0 0 2 2 0 0 0 0 0 2 0 0 2 2 0 2 0 0 0 0 0 2 2 0 0 2 0 0 2 2 0 0 0 0 2 2 0 2 0 0 0 2 2 2 0 2 2 0 2 0 0 0 2 0 0 0 0 0 0 2 0 0 0 2 2 0 0 0 0 0 2 2 0 0 2 0 2 0 0 0 0 0 0 0 1 0 0 2 2 0 0 0 2 2 2 0 2 2 0 0 0 0 2 0 0 0 0 0 2 0 0 0 2 0 0 0 1 0 2 0 0 0 2 2 0 0 0 0 2 2 0 2 2 0 0 0 0 2 2 2 0 2 2 1 0 2 2 2 2 0 2 0 0 0 2 0 2 0 0 0 2 2 0 0 0 0 2 0 0 0 0
521 2 0 2 2 2 2 2 2 2 2 2 2 2 2 2 0 2 2 2 2 2 2 0 2 2 2 2 2 2 2 2 2 0 0 0 1 2 0 2 2 2 2 2 2 2 2 2 2 2 2 2 2 2 2 0 0 2 0 2 2 2 2 0 2 2 2 0 2 2 2 2 2 2 2 2 2 2 2 2 2 2 2 2 2 2 2 2 2 2 0 2 2 2 2 2 0 0 2 2 2 2 2 0 2 2 2 2 2 2 0 2 0 2 2 2 2 2 2 2 0 0 2 0 2 2 2 2 2 2 2 2 2 2 0 2 2 2 2 2 2 2 2 2 2 2 2 2 2 1 2 0 2 2 2 2 2 2 2 1 2 2 2 0 2 2 2 2 1 2 2 2 2 2 2 2 2 2 2 2 2 2 2 0 2 2 2 0 2 2 2 1 2 2 2 2 2 0 0 2 2 2 2 2 0 2 2 0 2 2 2 2 0 2 2 2 2 2 1 2 2 2 0 2 2 2 2 2 2 0 2 2 2 2 2 0 2 2 2 2 2 2 2 2 2 2
522 2 2 2 2 2 2 2 2 2 2 2 2 2 2 2 2 2 2 2 2 2 2 2 2 2 2 0 2 2 2 2 2 2 2 2 1 2 2 2 2 2 2 2 2 2 2 2 2 2 2 2 2 2 2 2 2 2 2 2 2 2 2 2 2 2 2 2 2 2 2 2 2 2 2 2 2 2 2 2 2 2 2 2 2 2 0 2 2 2 2 2 2 2 2 2 2 2 2 2 2 2 2 2 2 2 2 2 2 2 2 2 2 2 2 2 2 2 2 2 2 2 2 2 2 2 2 2 2 2 2 2 2 2 2 2 0 2 2 2 2 2 2 0 2 2 2 2 2 2 2 2 2 2 2 2 2 2 0 2 2 2 2 2 2 2 2 2 2 2 2 2 2 0 2 0 2 2 2 2 2 2 2 2 0 2 2 2 2 2 2 2 0 2 2 2 0 2 2 2 2 2 0 2 2 2 2 2 2 2 2 2 2 2 2 2 2 2 2 2 2 2 2 2 2 2 2 0 2 2 2 2 2 2 2 2 2 2 2 2 2 2 2 2 2 2
523 2 2 2 2 2 2 2 2 2 2 2 2 2 2 2 0 2 2 2 2 2 2 2 2 2 2 2 2 2 2 2 2 0 0 2 1 2 2 2 2 2 2 2 2 2 2 2 2 2 2 2 2 2 2 2 2 2 2 2 2 2 2 0 2 2 2 2 2 2 2 2 2 2 2 2 2 2 2 2 2 2 2 2 2 2 2 2 2 2 2 2 2 2 2 2 0 2 2 2 2 2 2 2 2 2 2 2 2 2 2 2 0 2 2 2 2 2 2 2 0 0 2 0 2 2 2 2 2 2 2 2 2 2 0 2 2 2 2 2 2 2 2 2 2 2 2 2 2 2 2 2 2 2 2 2 2 2 2 1 2 2 2 2 2 2 2 2 2 2 2 2 2 2 2 2 2 2 2 2 2 2 2 2 2 2 2 2 2 2 2 1 2 2 2 2 2 0 0 2 2 2 2 2 2 2 2 2 2 2 2 2 0 2 2 2 2 2 2 2 2 2 2 2 2 2 2 2 2 2 2 2 2 2 2 0 2 2 2 2 2 2 2 2 2 2
524 2 2 2 2 2 2 2 2 2 2 2 2 2 2 2 2 2 2 2 2 2 2 2 2 2 2 0 2 2 2 2 2 2 2 2 1 2 2 2 2 2 2 2 2 2 2 2 2 2 2 2 2 2 2 2 2 2 2 2 2 2 2 2 2 2 2 2 2 2 2 2 2 2 2 2 2 2 2 2 2 2 2 2 2 2 0 2 2 2 2 2 2 2 2 2 2 2 2 2 2 2 2 2 2 2 2 2 2 2 2 2 2 2 2 2 2 2 2 2 2 2 2 2 2 2 2 2 2 2 2 2 2 2 2 2 0 2 2 2 2 2 2 0 2 2 2 2 2 2 2 2 2 2 2 2 2 2 0 2 2 2 2 2 2 2 2 2 2 2 2 2 2 0 2 0 2 2 2 2 2 2 2 2 0 2 2 2 2 2 2 2 0 2 2 2 0 2 2 2 2 2 0 2 2 2 2 2 2 2 2 2 2 2 2 2 2 2 2 2 2 2 2 2 2 2 2 0 2 2 2 2 2 2 2 2 2 2 2 2 2 2 2 2 2 2
525 0 2 2 2 2 2 2 2 2 0 2 2 2 2 2 2 2 2 0 2 2 2 2 2 2 2 2 2 2 0 2 2 2 2 2 2 2 2 2 2 2 0 2 2 0 2 2 2 2 2 2 2 2 2 2 2 2 2 2 2 2 2 2 2 2 2 2 2 2 2 2 2 2 2 2 0 2 2 2 2 2 2 2 2 2 2 2 2 2 2 2 2 2 2 2 2 2 2 2 2 2 2 2 2 2 2 2 2 2 2 0 2 2 0 2 2 2 2 2 2 2 2 2 2 2 2 2 2 2 2 2 2 2 2 2 2 2 2 2 2 0 2 2 2 2 2 2 2 2 2 2 2 2 2 2 2 2 2 2 2 2 2 2 2 2 2 2 2 2 2 2 2 2 2 2 2 2 2 2 0 2 2 2 2 2 2 2 2 2 0 1 2 2 2 2 2 2 2 2 2 2 2 2 2 2 2 2 2 2 2 2 2 2 2 2 2 2 2 2 2 2 2 2 2 2 2 2 2 2 2 2 2 0 2 2 2 2 0 2 2 2 2 2 2 2
526 2 2 2 2 2 2 2 2 2 2 2 2 2 2 2 0 2 2 2 2 2 2 2 2 2 2 2 2 2 2 2 2 0 0 2 1 2 2 2 2 2 2 2 2 2 2 2 2 2 2 2 2 2 2 2 2 2 2 2 2 2 2 0 2 2 2 2 2 2 2 2 2 2 2 2 2 2 2 2 2 2 2 2 2 2 2 2 2 2 2 2 2 2 2 2 0 2 2 2 2 2 2 2 2 2 2 2 2 2 2 2 0 2 2 2 2 2 2 2 0 0 2 0 2 2 2 2 2 2 2 2 2 2 0 2 2 2 2 2 2 2 2 2 2 2 2 2 2 2 2 2 2 2 2 2 2 2 2 1 2 2 2 2 2 2 2 2 2 2 2 2 2 2 2 2 2 2 2 2 2 2 2 2 2 2 2 2 2 2 2 1 2 2 2 2 2 0 0 2 2 2 2 2 2 2 2 2 2 2 2 2 0 2 2 2 2 2 2 2 2 2 2 2 2 2 2 2 2 2 2 2 2 2 2 0 2 2 2 2 2 2 2 2 2 2
527 2 2 2 2 2 2 0 2 2 2 2 2 2 2 2 2 2 2 2 2 2 2 2 2 2 2 2 2 2 2 0 2 2 2 2 2 2 2 2 2 2 2 2 2 2 2 2 2 2 2 2 2 2 2 2 2 2 2 2 2 2 2 2 2 2 2 2 2 2 0 2 2 2 2 2 2 2 2 2 0 2 2 2 2 2 2 2 2 2 2 2 2 2 0 2 2 2 2 2 2 2 2 2 2 2 2 2 2 2 2 2 2 2 2 2 2 2 2 2 2 2 2 2 2 0 0 2 2 2 2 2 0 2 2 2 2 2 2 2 2 2 2 2 2 2 2 2 2 2 2 2 2 2 2 0 2 2 2 2 2 2 2 2 2 2 2 2 2 2 2 2 2 2 2 2 2 2 2 2 2 2 0 2 2 2 2 2 0 2 2 2 2 2 0 2 2 2 2 2 2 2 2 2 2 2 2 2 2 2 2 2 2 2 2 2 2 2 2 2 2 2 2 2 0 2 2 2 2 2 2 2 2 2 2 2 2 0 2 2 2 2 2 2 2 2
528 2 2 2 2 2 2 2 2 2 2 2 2 2 2 2 2 2 2 2 2 2 2 2 2 2 0 2 2 2 2 2 2 2 2 2 2 0 2 2 2 2 2 2 2 2 2 2 2 2 2 2 2 2 2 2 2 2 2 2 2 2 2 2 2 2 2 2 2 2 2 2 2 2 2 2 2 2 2 0 2 2 2 0 2 2 2 2 2 2 2 2 2 0 2 2 2 2 0 2 2 2 2 2 2 2 2 2 2 2 2 2 2 2 2 2 2 2 2 2 2 2 2 2 2 2 2 2 2 2 0 2 2 2 2 0 2 2 2 2 2 2 2 2 2 2 2 2 2 2 0 2 2 2 2 2 2 2 2 2 2 2 2 2 2 2 2 2 2 2 2 2 2 2 2 2 0 2 2 2 2 2 2 2 2 2 2 2 2 2 2 2 2 2 2 2 2 2 2 2 2 0 2 2 2 0 2 2 2 2 0 2 2 2 2 0 2 2 2 0 2 2 2 2 2 2 0 2 2 2 2 2 0 2 2 2 2 2 2 2 2 2 2 2 2 2
529 2 2 2 2 2 2 2 2 2 2 2 2 2 2 2 2 0 2 2 2 2 2 2 2 2 2 2 2 2 2 2 2 2 2 2 2 2 2 2 2 2 2 2 2 2 2 2 2 2 2 2 2 2 2 2 2 2 2 2 2 2 2 2 2 2 2 2 2 2 2 2 2 2 2 0 2 2 2 2 2 2 2 2 2 2 2 2 2 2 2 0 2 2 2 2 2 2 2 2 2 0 0 2 2 2 2 0 2 2 2 2 2 2 2 2 2 2 2 2 2 2 2 2 2 2 2 2 2 2 2 2 2 0 2 2 2 2 2 2 0 2 2 2 2 2 2 2 2 2 2 2 2 2 0 2 2 2 2 2 2 2 2 2 0 0 2 2 2 2 2 2 2 2 2 2 2 2 0 2 2 2 2 2 2 2 2 2 2 0 2 2 2 2 2 2 2 2 2 2 2 2 2 2 2 2 2 2 2 2 2 2 2 2 2 2 2 2 2 2 2 2 2 2 2 2 2 2 2 2 2 2 2 2 2 2 2 2 2 2 2 2 2 2 0 0
530 2 2 2 2 2 2 2 2 2 2 2 2 2 2 2 2 2 2 2 2 2 2 2 2 2 2 2 2 2 2 2 2 2 2 2 2 2 2 2 2 2 2 2 2 2 2 2 2 2 2 2 2 2 2 2 2 2 2 2 2 2 2 2 2 2 2 2 2 2 2 2 2 2 2 2 2 2 2 2 2 2 2 2 2 2 2 2 2 2 2 2 2 2 2 0 2 2 2 2 2 2 2 2 2 2 2 2 2 2 2 2 2 0 2 2 2 2 2 2 2 2 2 2 2 2 2 2 2 2 2 2 2 2 2 2 2 2 2 2 2 2 2 2 0 2 2 2 0 2 2 2 0 2 2 2 2 2 2 1 2 2 2 2 2 2 0 2 2 2 2 2 2 2 0 2 2 2 2 2 2 0 2 2 2 2 2 2 2 2 2 2 2 2 2 2 2 2 2 0 2 2 2 2 2 2 2 2 0 2 2 0 2 2 2 2 2 2 2 2 2 2 2 2 2 2 2 2 2 2 2 2 2 2 2 2 2 2 2 2 0 2 2 0 2 2
531 0 2 2 2 2 2 2 0 2 0 2 2 2 2 2 2 2 0 0 2 2 2 2 2 2 2 2 2 0 0 0 2 2 2 2 2 2 2 2 0 2 0 0 2 0 2 0 2 2 2 2 0 0 2 2 2 2 2 2 0 2 2 2 2 2 2 2 2 0 2 0 2 2 0 2 0 2 2 2 2 2 2 2 2 2 2 2 2 0 2 2 2 2 0 2 2 2 2 0 2 2 2 2 2 2 2 2 2 2 2 0 2 2 0 0 2 2 2 2 2 2 0 2 2 2 2 2 2 2 2 2 2 2 2 2 2 2 2 2 2 0 2 2 2 2 2 2 2 2 2 2 2 0 2 2 0 2 0 2 0 0 2 2 2 2 2 2 2 2 0 2 2 0 2 2 2 2 2 0 0 2 2 2 2 2 2 2 0 2 0 1 0 2 2 0 2 2 2 2 2 2 0 2 2 2 2 2 2 0 2 2 2 2 2 2 2 2 1 2 2 2 2 2 2 2 2 0 2 2 2 2 2 0 2 2 2 2 0 2 2 2 2 2 2 2
532 2 0 2 2 2 2 2 2 2 2 2 2 2 2 2 2 2 2 2 2 2 2 0 2 2 2 2 2 2 2 2 2 2 2 2 2 2 0 2 2 2 2 2 2 2 2 2 2 2 2 2 2 2 2 0 0 2 0 2 2 2 2 2 2 2 2 0 2 2 2 2 2 2 2 2 2 2 2 2 2 2 2 2 2 2 2 2 2 2 2 2 2 2 2 2 2 0 2 2 2 2 2 0 2 2 2 2 2 2 0 2 2 2 2 2 2 2 2 2 2 2 2 2 2 2 2 2 2 2 2 2 2 2 2 2 2 2 2 2 2 2 2 2 2 2 2 2 2 1 2 0 2 2 2 2 2 2 2 2 2 2 2 0 2 2 2 2 1 2 2 2 2 2 2 2 2 2 2 2 2 2 2 2 2 2 2 0 2 2 2 2 2 2 2 2 2 2 2 2 2 2 2 2 0 2 2 0 2 2 2 2 2 2 2 2 2 2 1 2 2 2 0 2 2 2 2 2 2 0 2 2 2 2 2 2 2 2 2 2 2 2 2 2 2 2
533 2 2 2 2 2 2 2 2 2 2 2 2 2 2 2 2 0 2 2 2 2 2 2 2 2 2 2 2 2 2 2 2 2 2 2 2 2 2 2 2 2 2 2 2 2 2 2 2 2 2 2 2 2 2 2 2 2 2 2 2 2 2 2 2 2 2 2 2 2 2 2 2 2 2 0 2 2 2 2 2 2 2 2 2 2 2 2 2 2 2 0 2 2 2 2 2 2 2 2 2 0 0 2 2 2 2 0 2 2 2 2 2 2 2 2 2 2 2 2 2 2 2 2 2 2 2 2 2 2 2 2 2 0 2 2 2 0 2 2 0 2 0 2 2 2 2 2 2 2 2 2 2 2 0 2 2 2 2 2 2 2 2 2 0 0 2 2 2 2 2 2 2 2 2 2 2 2 0 2 2 2 2 2 2 2 2 2 2 0 2 2 2 2 2 2 2 2 2 2 2 2 2 2 2 2 2 2 2 2 2 2 2 2 2 2 2 2 2 2 2 2 2 2 2 2 2 2 0 2 2 2 2 2 0 2 2 2 2 2 2 2 0 2 0 0
534 2 2 2 2 2 2 2 2 2 2 2 2 2 2 2 2 2 2 2 2 2 2 2 2 2 0 2 2 2 2 2 2 2 2 2 2 0 2 2 2 2 2 2 2 2 2 2 2 2 2 2 2 2 2 2 2 2 2 2 2 2 2 2 2 2 2 2 2 2 2 2 2 2 2 2 2 2 2 0 2 2 2 0 2 2 2 2 2 2 2 2 2 0 2 2 2 2 0 2 2 2 2 2 2 2 2 2 2 2 2 2 2 2 2 2 2 2 2 2 2 2 2 2 2 2 2 2 2 2 0 2 2 2 2 0 2 2 2 2 2 2 2 2 2 2 2 2 2 2 0 2 2 2 2 2 2 2 2 2 2 2 2 2 2 2 2 2 2 2 2 2 2 2 2 2 0 2 2 2 2 2 2 2 2 2 2 2 2 2 2 2 2 2 2 2 2 2 2 2 2 0 2 2 2 0 2 2 2 2 0 2 2 2 2 0 2 2 2 0 2 2 2 2 2 2 0 2 2 2 2 2 0 2 2 2 2 2 2 2 2 2 2 2 2 2
535 0 2 2 2 2 2 2 2 2 0 2 2 2 2 2 2 2 2 0 2 2 2 2 2 2 2 2 2 2 0 2 2 2 2 2 2 2 2 2 2 2 0 2 2 0 2 2 2 2 2 2 2 2 2 2 2 2 2 2 2 2 2 2 2 2 2 2 2 2 2 2 2 2 2 2 0 2 2 2 2 2 2 2 2 2 2 2 2 2 2 2 2 2 2 2 2 2 2 2 2 2 2 2 2 2 2 2 2 2 2 0 2 2 0 2 2 2 2 2 2 2 2 2 2 2 2 2 2 2 2 2 2 2 2 2 2 2 2 2 2 0 2 2 2 2 2 2 2 2 2 2 2 2 2 2 2 2 2 2 0 2 2 2 2 2 2 2 2 2 0 2 2 2 2 2 2 2 2 0 0 2 2 2 2 2 2 2 2 2 0 1 2 2 2 2 2 2 2 2 2 2 2 2 2 2 2 2 2 2 2 2 2 2 2 2 2 2 2 2 2 2 2 2 2 2 2 2 2 2 2 2 2 0 2 2 2 2 0 2 2 2 2 2 2 2
536 0 2 2 2 2 2 2 0 2 0 2 2 2 2 2 2 2 0 0 2 2 2 2 2 0 2 2 2 0 0 2 2 2 2 2 2 2 2 2 0 2 0 0 0 0 2 0 2 2 2 2 0 0 2 2 2 0 2 2 0 2 2 2 2 2 2 2 2 0 2 0 2 2 0 2 0 2 2 2 2 0 0 2 2 0 2 2 2 0 2 2 2 2 2 0 2 2 2 0 2 2 2 2 2 0 2 2 0 2 2 0 2 0 0 0 2 2 2 0 2 2 0 2 0 2 2 2 0 0 2 0 2 2 2 2 2 1 2 2 2 0 2 2 0 2 2 0 0 2 2 2 0 0 2 2 0 0 1 1 0 0 2 2 2 2 0 2 2 2 0 2 2 2 0 2 2 2 2 0 0 0 2 2 2 0 0 2 2 2 0 1 2 2 2 0 2 2 2 0 0 2 2 2 2 2 2 2 0 0 2 0 2 2 2 2 2 2 1 2 2 2 2 2 2 2 2 2 2 2 0 2 2 0 2 2 2 2 0 0 0 2 2 0 2 2
537 2 2 2 2 2 2 2 2 2 2 2 2 2 2 2 2 0 2 2 2 2 2 2 2 2 2 0 2 2 2 2 2 2 2 2 1 2 2 2 2 2 2 2 2 2 2 2 2 2 2 2 2 2 2 2 2 2 2 2 2 2 2 2 2 2 2 2 2 2 2 2 2 2 2 0 2 2 2 2 2 2 2 2 2 2 0 2 2 2 2 0 2 2 2 2 2 2 2 2 2 0 0 2 2 2 2 0 2 2 2 2 2 2 2 2 2 2 2 2 2 2 2 2 2 2 2 2 2 2 2 2 2 0 2 2 0 0 2 2 0 2 0 0 2 2 2 2 2 2 2 2 2 2 0 2 2 2 0 2 2 2 2 2 0 0 2 2 2 2 2 2 2 0 2 0 2 2 0 2 2 2 2 2 0 2 2 2 2 0 2 2 0 2 2 2 0 2 2 2 2 2 0 2 2 2 2 2 2 2 2 2 2 2 2 2 2 2 2 2 2 2 2 2 2 2 2 0 0 2 2 2 2 2 0 2 2 2 2 2 2 2 0 2 0 0
538 2 2 2 2 2 2 2 2 2 2 0 2 2 2 2 2 0 2 2 2 0 2 2 2 2 0 0 2 2 2 2 2 2 2 2 2 0 2 0 2 2 2 2 2 2 2 2 2 2 0 2 2 2 2 2 2 2 2 2 2 2 2 2 2 2 2 2 2 2 2 2 2 2 2 0 2 2 2 0 2 2 2 0 2 2 0 2 2 2 2 0 0 0 2 2 2 2 0 2 2 0 0 2 2 2 0 0 2 2 2 2 2 2 2 2 2 2 2 2 2 2 2 2 2 2 2 2 2 2 0 2 2 0 2 0 0 0 2 2 0 2 0 0 2 2 2 2 2 2 0 2 2 2 0 2 2 2 0 2 2 2 2 2 0 0 2 2 2 2 2 2 2 0 2 0 0 2 0 2 2 2 2 2 0 2 2 2 2 0 2 2 0 2 2 2 0 2 2 2 2 0 0 2 2 0 2 2 2 2 0 2 2 2 2 0 2 2 2 0 2 2 2 2 2 2 0 0 0 2 2 2 0 2 0 2 2 2 2 2 2 2 0 2 0 0
539 2 2 2 2 2 2 2 2 2 2 2 2 2 2 2 2 0 2 2 2 2 2 2 2 2 2 0 2 2 2 2 2 2 2 2 2 2 2 2 2 2 2 2 2 2 2 2 2 2 2 2 2 2 2 2 2 2 2 2 2 2 2 2 2 2 2 2 2 2 2 2 2 2 2 0 2 2 2 2 2 2 2 2 2 2 0 2 2 2 2 0 2 2 2 2 2 2 2 2 2 0 0 2 2 2 2 0 2 2 2 2 2 2 2 2 2 2 2 2 2 2 2 2 2 2 2 2 2 2 2 2 2 0 2 2 0 0 2 2 0 2 0 0 2 2 2 2 2 2 2 2 2 2 0 2 2 2 2 2 2 2 2 2 0 0 2 2 2 2 2 2 2 0 2 2 2 2 0 2 2 2 2 2 0 2 2 2 2 0 2 2 0 2 2 2 0 2 2 2 2 2 0 2 2 2 2 2 2 2 2 2 2 2 2 2 2 2 2 2 2 2 2 2 2 2 2 0 0 2 2 2 2 2 0 2 2 2 2 2 2 2 0 2 0 0
540 2 2 2 2 2 2 2 2 2 2 0 2 2 2 2 2 0 2 2 2 0 2 2 2 2 0 0 2 2 2 2 2 2 2 2 1 0 2 0 2 2 2 2 2 2 2 2 2 2 0 2 2 2 2 2 2 2 2 2 2 2 2 2 2 2 2 2 2 2 2 2 2 2 2 0 2 2 2 0 2 2 2 0 2 2 0 2 2 2 2 0 0 0 2 2 2 2 0 2 2 0 0 2 2 2 0 0 2 2 2 2 2 2 2 2 2 2 2 2 2 2 2 2 2 2 2 2 2 2 0 2 2 0 2 0 0 0 2 2 0 2 0 0 2 2 2 2 2 2 0 2 2 2 0 2 2 2 0 2 2 2 2 2 0 0 2 2 2 2 2 2 2 0 2 0 0 2 0 2 2 2 2 2 0 2 2 2 2 0 2 2 0 2 2 2 0 2 2 2 2 0 0 2 2 0 2 2 2 2 0 2 2 2 2 0 2 2 2 0 2 2 2 2 2 2 0 0 0 2 2 2 0 2 0 2 2 2 2 2 2 2 0 2 0 0
541 2 2 2 2 2 2 2 0 2 2 2 2 2 2 2 2 2 2 2 2 2 2 2 2 2 2 2 2 2 2 2 2 2 2 2 2 2 2 2 2 2 2 0 2 2 2 0 2 2 2 2 0 0 2 2 2 2 2 2 2 2 2 2 2 2 2 2 2 0 2 0 2 2 0 2 2 2 2 2 2 2 2 2 2 2 2 2 2 0 2 2 2 2 2 0 2 2 2 0 2 2 2 2 2 2 2 2 2 2 2 2 2 0 2 2 2 2 2 0 2 2 2 2 2 2 2 2 2 0 2 2 2 2 2 2 2 2 2 2 2 2 2 2 0 2 2 2 0 2 2 2 0 0 2 2 0 0 2 1 2 0 2 2 2 2 0 2 2 2 2 2 2 2 0 2 2 2 2 2 2 0 2 2 2 2 0 2 2 2 2 2 2 2 2 0 2 2 2 0 2 2 2 2 2 2 2 2 0 0 2 0 2 2 2 2 2 2 1 2 2 2 2 2 2 2 2 2 2 2 0 2 2 2 2 2 2 2 2 0 0 2 2 0 2 2
542 2 2 2 2 2 2 2 0 2 2 2 2 2 2 2 2 2 2 2 2 2 2 2 2 2 2 2 2 2 2 2 2 2 2 2 2 2 2 2 2 2 2 0 2 2 2 0 2 2 2 2 0 0 2 2 2 2 2 2 2 2 2 2 2 2 2 2 2 0 2 0 2 2 0 2 2 2 2 2 2 2 2 2 2 2 2 2 2 0 2 2 2 2 2 2 2 2 2 0 2 2 2 2 2 2 2 2 2 2 2 2 2 2 2 2 2 2 2 2 2 2 2 2 2 2 2 2 2 2 2 2 2 2 2 2 2 2 2 2 2 2 2 2 2 2 2 2 2 2 2 2 2 0 2 2 0 2 2 2 2 0 2 2 2 2 2 2 2 2 2 2 2 2 2 2 2 2 2 2 2 2 2 2 2 2 2 2 2 2 2 2 2 2 2 0 2 2 2 2 2 2 2 2 2 2 2 2 2 0 2 2 2 2 2 2 2 2 1 2 2 2 2 2 2 2 2 2 2 2 2 2 2 2 2 2 2 2 2 2 2 2 2 2 2 2
543 2 2 2 2 2 2 2 0 2 2 0 2 2 2 2 2 0 0 2 2 0 2 2 2 0 0 0 2 0 2 2 2 2 2 2 1 0 2 0 0 2 2 0 0 2 2 0 2 2 0 2 0 0 2 2 2 0 2 2 0 2 2 2 2 2 2 2 2 0 2 0 2 2 0 0 2 2 2 0 0 0 0 0 2 0 0 2 2 0 2 0 0 0 2 2 2 2 0 0 2 0 0 2 2 0 0 0 0 2 2 2 2 2 2 0 2 2 2 2 2 2 0 2 0 2 2 2 0 2 0 0 2 0 2 0 0 0 2 2 0 2 0 0 2 2 2 0 2 2 0 2 2 0 0 2 0 2 0 2 2 0 2 2 0 0 2 2 2 2 2 2 2 0 2 0 0 2 0 2 2 0 0 2 0 0 2 2 2 0 2 2 0 2 0 0 0 2 2 2 0 0 0 2 2 0 2 2 2 0 0 2 2 2 2 0 2 2 1 0 2 2 2 2 2 2 0 0 0 2 2 2 0 2 0 2 2 0 2 2 2 2 0 2 0 0
544 2 2 2 2 2 2 2 2 2 2 2 2 2 2 2 0 2 2 2 2 2 2 2 2 2 2 2 2 2 2 2 2 0 0 2 0 2 2 2 2 2 2 2 2 2 2 2 2 2 2 2 2 2 2 2 2 2 2 2 2 2 2 0 2 2 2 2 2 2 2 2 2 2 2 2 2 2 2 2 2 2 2 2 2 2 2 2 2 2 2 2 2 2 2 2 0 2 2 2 2 2 2 2 2 2 2 2 2 2 2 2 0 2 2 2 2 2 2 2 0 0 2 0 2 2 2 2 2 2 2 2 2 2 0 2 2 2 2 2 2 2 2 2 2 2 2 2 2 2 2 2 2 2 2 2 2 2 2 1 2 2 2 2 2 2 2 2 2 2 2 2 2 2 2 2 2 2 2 2 2 2 2 2 2 2 2 2 2 2 2 1 2 2 2 2 2 0 0 2 2 2 2 2 2 2 2 2 2 2 2 2 0 2 2 2 2 2 2 2 2 2 2 2 2 2 2 2 2 2 2 2 2 2 2 0 2 2 2 2 2 2 2 2 2 2
545 2 2 2 2 2 2 2 2 2 2 2 2 2 2 2 2 2 2 2 2 2 2 2 2 2 2 2 2 2 2 2 2 2 2 2 2 2 2 2 2 2 2 2 2 2 2 2 2 2 2 2 2 2 2 2 2 2 2 2 2 2 2 2 2 2 2 2 2 2 2 2 2 2 2 2 2 2 2 2 2 2 2 2 2 2 2 2 2 2 2 2 2 2 2 0 2 2 2 2 2 2 2 2 2 2 2 2 2 2 2 2 2 0 2 2 2 2 2 2 2 2 2 2 2 2 2 2 2 2 2 2 2 2 2 2 2 2 2 2 2 2 2 2 0 2 2 2 0 2 2 2 0 2 2 2 2 2 2 1 2 2 0 2 2 2 0 2 2 2 2 2 2 2 0 2 2 2 2 2 2 2 2 2 2 2 2 2 2 2 2 2 2 2 2 2 2 2 2 0 2 2 2 2 2 2 2 2 0 2 2 0 2 2 2 2 2 2 2 2 2 2 2 2 2 2 2 2 2 2 2 2 2 2 2 2 0 2 2 2 0 2 2 0 2 2
546 2 2 2 2 2 2 2 2 2 2 2 2 2 2 2 2 0 2 2 2 2 2 2 2 2 2 2 2 2 2 2 2 2 2 2 2 2 2 2 2 2 2 2 2 2 2 2 2 2 2 2 2 2 2 2 2 2 2 2 2 2 2 2 2 2 2 2 2 2 2 2 2 2 2 0 2 2 2 2 2 2 2 2 2 2 2 2 2 2 2 0 2 2 2 2 2 2 2 2 2 0 0 2 2 2 2 0 2 2 2 2 2 2 2 2 2 2 2 2 2 2 2 2 2 2 2 2 2 2 2 2 2 0 2 2 2 0 2 2 0 2 0 2 2 2 2 2 2 2 2 2 2 2 0 2 2 2 2 2 2 2 2 2 0 0 2 2 2 2 2 2 2 2 2 2 2 2 0 2 2 2 2 2 2 2 2 2 2 0 2 2 2 2 2 2 2 2 2 2 2 2 2 2 2 2 2 2 2 2 2 2 2 2 2 2 2 2 2 2 2 2 2 2 2 2 2 2 0 2 2 2 2 2 0 2 2 2 2 2 2 2 0 2 0 0
547 2 2 2 0 2 2 2 2 2 2 2 2 2 2 2 2 2 0 2 2 2 0 2 2 2 2 2 0 0 2 0 0 0 2 2 2 2 2 2 2 0 2 2 2 2 2 0 2 2 2 2 0 2 0 2 2 2 2 2 2 2 2 2 0 2 2 2 2 0 0 0 2 0 2 2 2 2 2 0 2 2 2 2 2 2 2 2 2 2 2 2 2 2 2 2 0 2 2 2 2 2 2 2 2 2 2 2 0 2 2 2 2 2 2 2 2 2 2 0 0 2 2 2 2 2 2 0 2 2 2 2 0 2 0 2 2 0 2 2 2 2 2 2 0 0 2 2 2 2 2 2 2 0 2 2 2 2 2 1 2 2 2 2 2 2 2 2 2 2 2 2 2 2 2 2 2 0 2 2 2 2 2 2 2 2 2 2 2 2 2 2 2 2 2 2 2 2 2 2 2 2 2 2 2 2 2 2 2 0 2 2 2 2 0 2 2 2 2 2 2 0 2 2 0 2 2 2 2 2 2 2 2 2 2 2 0 2 2 0 2 2 2 2 2 2
548 2 2 2 2 2 2 2 2 2 2 2 2 2 2 2 2 2 2 2 2 2 2 2 2 2 2 2 2 2 2 2 2 2 2 0 2 2 2 2 2 2 2 2 2 2 2 2 2 2 2 2 2 0 2 2 2 2 2 2 2 2 2 2 2 2 2 2 2 2 2 2 0 2 0 2 2 2 2 2 2 2 2 2 2 2 2 2 2 2 0 2 2 2 2 2 2 2 2 2 2 2 2 2 2 0 2 2 2 2 2 2 2 2 2 2 2 2 2 2 2 2 2 0 2 2 2 2 2 2 2 2 2 2 2 2 2 2 0 2 2 2 2 2 2 2 2 2 2 2 2 2 2 2 2 2 2 2 2 2 2 2 2 2 2 2 2 2 2 2 2 2 0 2 2 2 2 2 2 2 2 2 2 2 2 2 2 2 2 2 2 2 2 2 2 0 2 2 2 2 0 2 2 2 2 2 2 2 2 2 2 2 2 2 2 2 0 2 2 0 2 2 2 2 2 2 2 2 2 2 2 2 2 2 2 2 2 2 2 2 2 2 2 2 2 2
549 2 2 2 2 2 2 2 2 2 2 2 2 2 2 2 2 2 2 0 2 2 2 2 2 2 2 2 2 2 0 2 2 2 2 2 1 2 2 2 2 2 2 2 2 2 2 2 2 2 2 2 2 2 2 2 2 2 2 2 2 2 2 2 2 2 2 2 2 0 0 2 2 2 2 2 0 2 2 2 2 2 2 2 2 2 2 2 2 2 2 2 2 2 2 2 2 2 2 2 2 2 2 2 2 2 2 2 2 2 2 2 2 2 2 2 2 2 2 2 2 2 2 2 2 2 2 2 2 2 2 2 0 2 2 2 2 2 2 2 2 2 2 2 2 2 2 2 2 1 2 0 2 2 2 2 2 2 2 2 2 2 2 0 2 2 2 2 1 2 2 2 2 2 2 2 0 2 2 2 2 2 2 0 2 2 2 0 2 2 2 2 2 2 2 2 2 0 2 2 2 2 2 2 2 2 2 2 2 2 0 2 0 2 2 2 2 2 2 2 2 2 2 2 0 2 2 2 2 2 2 2 2 2 2 0 2 2 2 2 2 2 2 2 2 2
550 2 2 2 2 2 2 2 2 2 2 2 2 2 2 2 2 2 2 0 2 2 2 2 2 2 2 2 2 2 0 2 2 2 2 2 1 2 2 2 2 2 2 2 2 2 2 2 2 2 2 2 2 2 2 2 2 2 2 2 2 2 2 2 2 2 2 2 2 0 0 2 2 2 2 2 0 2 2 0 2 2 2 2 2 2 2 2 2 2 2 2 2 2 2 2 2 2 2 2 2 2 2 2 2 2 2 2 0 2 2 2 2 2 2 2 2 2 2 2 2 2 2 2 2 2 2 2 2 2 2 2 0 2 2 2 2 0 2 2 2 2 2 2 2 2 2 2 2 1 2 0 2 2 2 2 2 2 2 2 2 2 2 0 2 2 2 2 1 2 2 2 2 2 2 2 0 2 2 2 2 2 2 0 2 2 2 0 2 2 2 2 2 2 2 2 2 0 2 2 2 2 2 2 2 2 2 2 2 2 0 2 0 2 2 2 2 2 2 2 2 2 2 2 0 2 2 2 2 2 2 2 2 2 2 0 2 2 2 2 2 2 2 2 2 2
551 2 2 2 2 2 2 2 2 2 2 2 2 2 2 2 2 0 2 2 2 2 2 2 2 2 2 0 2 2 2 2 2 2 2 2 1 2 2 2 2 2 2 2 2 2 2 2 2 2 2 2 2 2 2 2 2 2 2 2 2 2 2 2 2 2 2 2 2 2 2 2 2 2 2 0 2 2 2 2 2 2 2 2 2 2 0 2 2 2 2 0 2 2 2 2 2 2 2 2 2 0 0 2 2 2 2 0 2 2 2 2 2 2 2 2 2 2 2 2 2 2 2 2 2 2 2 2 2 2 2 2 2 0 2 2 0 0 2 2 0 2 0 0 2 2 2 2 2 2 2 2 2 2 0 2 2 2 0 2 2 2 2 2 0 0 2 2 2 2 2 2 2 0 2 0 2 2 0 2 2 2 2 2 0 2 2 2 2 0 2 2 0 2 2 2 0 2 2 2 2 2 0 2 2 2 2 2 2 2 2 2 2 2 2 2 2 2 2 2 2 2 2 2 2 2 2 0 0 2 2 2 2 2 0 2 2 2 2 2 2 2 0 2 0 0
552 2 2 2 2 2 2 2 2 2 2 2 2 2 2 2 0 2 2 2 2 2 2 2 2 2 2 2 2 2 2 2 2 0 0 2 1 2 2 2 2 2 2 2 2 2 2 2 2 2 2 2 2 2 2 2 2 2 2 2 2 2 2 0 2 2 2 2 2 2 2 2 2 2 2 2 2 2 2 2 2 2 2 2 2 2 2 2 2 2 2 2 2 2 2 2 0 2 2 2 2 2 2 2 2 2 2 2 2 2 2 2 0 2 2 2 2 2 2 2 0 0 2 0 2 2 2 2 2 2 2 2 2 2 0 2 2 2 2 2 2 2 2 2 2 2 2 2 2 2 2 2 2 2 2 2 2 2 2 1 2 2 2 2 2 2 2 2 2 2 2 2 2 2 2 2 2 2 2 2 2 2 2 2 2 2 2 2 2 2 2 1 2 2 2 2 2 0 0 2 2 2 2 2 2 2 2 2 2 2 2 2 0 2 2 2 2 2 2 2 2 2 2 2 2 2 2 2 2 2 2 2 2 2 2 0 2 2 2 2 2 2 2 2 2 2
553 2 2 2 2 2 2 2 2 2 2 2 2 2 2 2 2 2 2 2 2 2 2 2 2 2 0 2 2 2 2 2 2 2 2 2 2 0 2 2 2 2 2 2 2 2 2 2 2 2 2 2 2 2 2 2 2 2 2 2 2 2 2 2 2 2 2 2 2 2 2 2 2 2 2 2 2 2 2 0 2 2 2 0 2 2 2 2 2 2 2 2 2 0 2 2 2 2 0 2 2 2 2 2 2 2 2 2 2 2 2 2 2 2 2 2 2 2 2 2 2 2 2 2 2 2 2 2 2 2 0 2 2 2 2 0 2 2 2 2 2 2 2 2 2 2 2 2 2 2 0 2 2 2 2 2 2 2 2 2 2 2 2 2 2 2 2 2 2 2 2 2 2 2 2 2 0 2 2 2 2 2 2 2 2 2 2 2 2 2 2 2 2 2 2 2 2 2 2 2 2 0 2 2 2 0 2 2 2 2 0 2 2 2 2 0 2 2 2 0 2 2 2 2 2 2 0 2 2 2 2 2 0 2 2 2 2 2 2 2 2 2 2 2 2 2
554 2 2 2 2 2 2 2 2 2 2 2 2 2 2 2 2 2 2 2 2 2 2 2 2 0 2 2 2 2 2 2 2 2 2 2 2 2 2 2 2 2 2 2 1 2 2 2 2 2 2 2 2 2 2 2 2 0 2 2 2 2 2 2 2 2 2 2 2 2 2 2 2 2 2 2 2 2 2 2 2 0 0 2 2 0 2 2 2 2 2 2 2 2 2 2 2 2 2 2 2 2 2 2 2 0 2 2 0 2 2 2 2 2 2 2 2 2 2 2 2 2 2 2 0 2 2 2 2 2 2 0 2 2 2 2 2 2 2 2 2 2 2 2 2 2 2 0 2 2 2 2 2 2 2 2 2 2 2 2 2 2 2 2 2 2 2 2 2 2 2 2 2 2 2 2 2 2 2 2 2 0 2 2 2 0 2 2 2 2 2 2 2 2 2 2 2 2 2 2 0 2 2 2 2 2 2 2 2 2 2 2 2 2 2 2 2 2 2 2 2 2 2 2 2 2 2 2 2 2 2 2 2 2 2 2 2 2 2 2 2 2 2 2 2 2
555 2 2 2 2 2 2 2 0 2 2 2 2 2 2 2 2 2 2 2 2 2 2 2 2 0 2 2 2 2 2 2 2 2 2 2 2 2 2 2 2 2 2 0 0 2 2 0 2 2 2 2 0 0 2 2 2 0 2 2 2 2 2 2 2 2 2 2 2 0 2 0 2 2 0 2 2 2 2 2 2 0 0 2 2 0 2 2 2 0 2 2 2 2 2 2 2 2 2 0 2 2 2 2 2 0 2 2 0 2 2 2 2 2 2 2 2 2 2 2 2 2 2 2 0 2 2 2 0 0 2 0 2 2 2 2 2 2 2 2 2 2 2 2 2 2 2 0 2 2 2 2 2 0 2 2 2 0 2 2 2 0 2 2 2 2 2 2 2 2 2 2 2 2 2 2 2 2 2 2 2 0 2 2 2 0 0 2 2 2 2 2 2 2 2 0 2 2 2 2 0 2 2 2 2 2 2 2 2 0 2 2 2 2 2 2 2 2 1 2 2 2 2 2 2 2 2 2 2 2 0 2 2 2 2 2 2 2 2 2 2 2 2 2 2 2
556 2 2 0 0 2 2 2 2 0 2 2 0 2 2 2 2 2 2 2 2 2 2 2 2 2 2 2 2 2 2 2 2 2 2 2 2 2 2 2 2 0 2 2 2 2 0 2 2 0 2 0 2 2 2 2 2 2 2 0 2 2 2 2 2 2 2 2 0 2 2 2 0 0 2 2 2 0 0 2 2 2 2 2 0 2 2 1 2 2 2 2 2 2 2 2 2 2 2 2 0 2 2 2 0 2 2 2 2 2 2 2 2 2 2 2 2 2 2 2 2 2 2 2 2 2 2 0 2 2 2 2 2 2 2 2 2 2 2 2 2 2 2 2 2 2 2 2 2 2 2 2 2 2 2 2 2 2 2 2 2 2 2 2 2 2 2 2 2 2 2 2 2 2 2 2 2 2 2 2 2 2 2 2 2 2 2 2 2 2 2 2 2 2 2 2 2 2 2 2 2 2 2 2 2 2 2 2 2 2 2 2 2 0 2 2 2 2 2 2 2 2 2 0 2 2 2 2 2 2 2 2 2 2 2 2 2 2 2 2 2 2 2 2 2 2
557 2 2 2 2 2 2 2 0 2 2 0 2 2 2 2 2 0 0 2 2 0 2 2 2 0 0 0 2 0 2 2 2 2 2 2 1 0 2 0 0 2 2 0 0 2 2 0 2 2 0 2 0 0 2 2 2 0 2 2 0 2 2 2 2 2 2 2 2 0 2 0 2 2 0 0 2 2 2 0 0 0 0 0 2 0 0 2 2 0 2 0 0 0 2 2 2 2 0 0 2 0 0 2 2 0 0 0 0 2 2 2 2 2 2 0 2 2 2 2 2 2 0 2 0 2 2 2 0 0 0 0 2 0 2 0 0 0 2 2 0 2 0 0 2 2 2 0 2 2 0 2 2 0 0 2 2 0 0 2 2 0 2 2 0 0 2 2 2 2 2 2 2 0 2 0 0 2 0 2 2 0 0 2 0 0 0 2 2 0 2 2 0 2 0 0 0 2 2 2 0 0 0 2 2 0 2 2 2 0 0 2 2 2 2 0 2 2 1 0 2 2 2 2 2 2 0 0 0 2 0 2 0 2 0 2 2 0 2 2 2 2 0 2 0 0
558 2 2 2 2 2 2 2 2 2 2 0 2 2 2 2 2 2 2 2 2 0 2 2 2 2 0 2 2 2 2 2 2 2 2 2 2 0 2 0 2 2 2 2 2 2 2 2 2 2 0 2 2 2 2 2 2 2 2 2 2 2 2 2 2 2 2 2 2 2 2 2 2 2 2 2 2 2 2 0 0 2 2 0 2 2 2 2 2 2 2 2 0 0 2 2 2 2 0 2 2 2 2 2 2 2 0 2 2 2 2 2 2 2 2 2 2 2 2 2 2 2 2 2 2 2 2 2 2 2 0 2 2 2 2 0 2 2 2 2 2 2 2 2 2 2 2 2 2 2 0 2 2 2 2 2 2 2 2 2 2 2 2 2 2 2 2 2 2 2 2 2 2 2 2 2 0 2 2 2 2 2 0 2 2 2 2 2 2 2 2 2 2 2 0 2 2 2 2 2 2 0 2 2 2 0 2 2 2 2 0 2 2 2 2 0 2 2 2 0 2 2 2 2 2 2 0 2 2 2 2 2 0 2 2 2 2 0 2 2 2 2 2 2 2 2
559 0 2 2 2 2 2 2 2 2 0 2 2 2 2 2 2 2 2 0 2 2 2 2 2 2 2 2 2 2 0 2 2 2 2 2 2 2 2 2 2 2 0 2 2 0 2 2 2 2 2 2 2 2 2 2 2 2 2 2 2 2 2 2 2 2 2 2 2 2 2 2 2 2 2 2 0 2 2 2 2 2 2 2 2 2 2 2 2 2 2 2 2 2 2 2 2 2 2 2 2 2 2 2 2 2 2 2 2 2 2 0 2 2 0 2 2 2 2 2 2 2 2 2 2 2 2 2 2 2 2 2 2 2 2 2 2 2 2 2 2 0 2 2 2 2 2 2 2 2 2 2 2 2 2 2 2 2 2 2 0 2 2 2 2 2 2 2 2 2 0 2 2 2 2 2 2 2 2 0 0 2 2 2 2 2 2 2 2 2 0 1 2 2 2 2 2 2 2 2 2 2 2 2 2 2 2 2 2 2 2 2 2 2 2 2 2 2 2 2 2 2 2 2 2 2 2 2 2 2 2 2 2 0 2 2 2 2 0 2 2 2 2 2 2 2
560 2 2 2 2 2 2 2 0 2 2 2 2 2 2 2 2 2 2 2 2 2 2 2 2 2 2 2 2 2 2 2 2 2 2 2 2 2 2 2 2 2 2 0 2 2 2 0 2 2 2 2 0 0 2 2 2 2 2 2 2 2 2 2 2 2 2 2 2 0 2 0 2 2 1 2 2 2 2 2 2 2 2 2 2 2 2 2 2 0 2 2 2 2 2 2 2 2 2 0 2 2 2 2 2 2 2 2 2 2 2 2 2 2 2 2 2 2 2 2 2 2 2 2 2 2 2 2 2 0 2 2 2 2 2 2 2 2 2 2 2 2 2 2 2 2 2 2 2 2 2 2 2 0 2 2 2 0 2 2 2 0 2 2 2 2 2 2 2 2 2 2 2 2 2 2 2 2 2 2 2 2 2 2 2 2 0 2 2 2 2 2 2 2 2 1 2 2 2 2 2 2 2 2 2 2 2 2 2 0 2 2 2 2 2 2 2 2 1 2 2 2 2 2 2 2 2 2 2 2 1 2 2 2 2 2 2 2 2 2 2 2 2 2 2 2
561 2 2 2 2 2 2 2 2 2 2 2 2 2 2 2 0 2 2 2 2 2 2 2 2 2 2 2 2 2 2 2 2 0 0 2 1 2 2 2 2 2 2 2 2 2 2 2 2 2 2 2 2 2 2 2 2 2 2 2 2 2 2 0 2 2 2 2 2 2 2 2 2 2 2 2 2 2 2 2 2 2 2 2 2 2 2 2 2 2 2 2 2 2 2 2 0 2 2 2 2 2 2 2 2 2 2 2 2 2 2 2 0 2 2 2 2 2 2 2 0 0 2 0 2 2 2 2 2 2 2 2 2 2 0 2 2 2 2 2 2 2 2 2 2 2 2 2 2 2 2 2 2 2 2 2 2 2 2 1 2 2 2 2 2 2 2 2 2 2 2 2 2 2 2 2 2 2 2 2 2 2 2 2 2 2 2 2 2 2 2 1 2 2 2 2 2 0 0 2 2 2 2 2 2 2 2 2 2 2 2 2 0 2 2 2 2 2 2 2 2 2 2 2 2 2 2 2 2 2 2 2 2 2 2 0 2 2 2 2 2 2 2 2 2 2
562 2 2 2 2 2 2 2 2 2 2 2 2 2 2 2 2 0 2 2 2 2 2 2 2 2 2 2 2 2 2 2 2 2 2 2 2 2 2 2 2 2 2 2 2 2 2 2 2 2 2 2 2 2 2 2 2 2 2 2 2 2 2 2 2 2 2 2 2 2 2 2 2 2 2 0 2 2 2 2 2 2 2 2 2 2 2 2 2 2 2 0 2 2 2 2 2 2 2 2 2 0 0 2 2 2 2 0 2 2 2 2 2 2 2 2 2 2 2 2 2 2 2 2 2 2 2 2 2 2 2 2 2 0 2 2 2 0 2 2 0 2 0 2 2 2 2 2 2 2 2 2 2 2 0 2 2 2 2 2 2 2 2 2 0 0 2 2 2 2 2 2 2 2 2 2 2 2 0 2 2 2 2 2 2 2 2 2 2 0 2 2 2 2 2 2 2 2 2 2 2 2 2 2 2 2 2 2 2 2 2 2 2 2 2 2 2 2 2 2 2 2 2 2 2 2 2 2 0 2 2 2 2 2 0 2 2 2 2 2 2 2 0 2 0 0
563 2 2 2 2 2 2 2 2 2 2 2 2 2 2 2 2 0 2 2 2 2 2 2 2 2 2 0 2 2 2 2 2 2 2 2 2 2 2 2 2 2 2 2 2 2 2 2 2 2 2 2 2 2 2 2 2 2 2 2 2 2 2 2 2 2 2 2 2 2 2 2 2 2 2 0 2 2 2 2 2 2 2 2 2 2 0 2 2 2 2 0 2 2 2 2 2 2 2 2 2 0 0 2 2 2 2 0 2 2 2 2 2 2 2 2 2 2 2 2 2 2 2 2 2 2 2 2 2 2 2 2 2 0 2 2 0 0 2 2 0 2 0 0 2 2 2 2 2 2 2 2 2 2 0 2 2 2 0 2 2 2 2 2 0 0 2 2 2 2 2 2 2 0 2 0 2 2 0 2 2 2 2 2 0 2 2 2 2 0 2 2 0 2 2 2 0 2 2 2 2 2 0 2 2 2 2 2 2 2 2 2 2 2 2 2 2 2 2 2 2 2 2 2 2 2 2 0 0 2 2 2 2 2 0 2 2 2 2 2 2 2 0 2 0 0
564 0 2 2 2 2 2 2 2 2 0 2 2 2 2 2 2 2 2 0 2 2 2 2 2 2 2 2 2 2 0 2 2 2 2 2 2 2 2 2 2 2 0 2 2 0 2 2 2 2 2 2 2 2 2 2 2 2 2 2 2 2 2 2 2 2 2 2 2 2 2 2 2 2 2 2 0 2 2 2 2 2 2 2 2 2 2 2 2 2 2 2 2 2 2 2 2 2 2 2 2 2 2 2 2 2 2 2 2 2 2 0 2 2 0 2 2 2 2 2 2 2 2 2 2 2 2 2 2 2 2 2 2 2 2 2 2 2 2 2 2 0 2 2 2 2 2 2 2 2 2 2 2 2 2 2 2 2 2 2 0 2 2 2 2 2 2 2 2 2 0 2 2 2 2 2 2 2 2 0 0 2 2 2 2 2 2 2 2 2 0 1 2 2 2 2 2 2 2 2 2 2 2 2 2 2 2 2 2 2 2 2 2 2 2 2 2 2 2 2 2 2 2 2 2 2 2 2 2 2 2 2 2 0 2 2 2 2 0 2 2 2 2 2 2 2
565 2 2 2 2 2 2 2 2 2 2 0 2 2 2 2 2 0 2 2 2 0 2 2 2 2 0 0 2 2 2 2 2 2 2 2 2 0 2 0 2 2 2 2 2 2 2 2 2 2 0 2 2 2 2 2 2 2 2 2 2 2 2 2 2 2 2 2 2 2 2 2 2 2 2 0 2 2 2 0 0 2 2 0 2 2 0 2 2 2 2 0 0 0 2 2 2 2 0 2 2 0 0 2 2 2 0 0 2 2 2 2 2 2 2 2 2 2 2 2 2 2 2 2 2 2 2 2 2 2 0 2 2 0 2 0 0 0 2 2 0 2 0 0 2 2 2 2 2 2 0 2 2 2 0 2 2 2 0 2 2 2 2 2 0 0 2 2 2 2 2 2 2 0 2 0 0 2 0 2 2 2 0 2 0 2 2 2 2 0 2 2 0 2 0 2 0 2 2 2 2 0 0 2 2 0 2 2 2 2 0 2 2 2 2 0 2 2 2 0 2 2 2 2 2 2 0 0 0 2 2 2 0 2 0 2 2 0 2 2 2 2 0 2 0 0
566 2 2 2 2 2 2 2 2 2 2 0 2 2 2 2 2 2 2 2 2 0 2 2 2 2 0 2 2 2 2 2 2 2 2 2 2 0 2 0 2 2 2 2 2 2 2 2 2 2 0 2 2 2 2 2 2 2 2 2 2 2 2 2 2 2 2 2 2 2 2 2 2 2 2 2 2 2 2 0 0 2 2 0 2 2 2 2 2 2 2 2 0 0 2 2 2 2 0 2 2 2 2 2 2 2 0 2 2 2 2 2 2 2 2 2 2 2 2 2 2 2 2 2 2 2 2 2 2 2 0 2 2 2 2 0 2 2 2 2 2 2 2 2 2 2 2 2 2 2 0 2 2 2 2 2 2 2 2 2 2 2 2 2 2 2 2 2 2 2 2 2 2 2 2 2 0 2 2 2 2 2 0 2 2 2 2 2 2 2 2 2 2 2 0 2 2 2 2 2 2 0 2 2 2 0 2 2 2 2 0 2 2 2 2 0 2 2 2 0 2 2 2 2 2 2 0 2 2 2 2 2 0 2 2 2 2 0 2 2 2 2 2 2 2 2
567 0 0 0 0 2 0 0 0 0 0 0 0 2 2 0 0 0 0 0 2 0 2 0 2 0 0 0 2 0 0 0 2 0 0 0 0 0 0 0 0 0 0 0 0 0 0 0 2 0 0 0 0 0 2 0 0 0 0 0 0 2 2 0 2 2 2 0 0 0 0 0 0 0 0 0 0 0 0 0 0 0 0 0 0 0 0 0 2 0 0 0 0 0 0 0 0 0 0 0 0 0 0 0 0 0 0 0 0 2 0 0 0 0 0 0 2 0 2 2 0 0 0 0 0 0 0 0 0 0 0 0 0 0 0 0 0 0 2 2 0 0 0 0 0 2 0 0 0 0 0 0 0 0 0 0 2 0 0 0 0 0 0 0 0 0 0 2 2 2 0 0 2 0 0 0 0 2 0 0 0 0 0 0 0 0 0 0 0 0 0 0 0 2 0 0 0 0 0 0 0 0 0 0 0 0 2 0 0 0 0 0 0 0 2 0 0 0 0 0 2 2 0 0 0 0 0 0 0 0 0 0 0 0 0 0 0 0 0 2 0 0 0 0 0 0
568 2 2 2 2 2 2 2 2 2 2 2 2 2 2 2 2 2 2 2 2 2 2 2 2 2 2 2 2 2 2 2 2 2 2 2 2 2 2 2 2 2 2 2 2 2 2 2 2 2 2 2 2 2 2 2 2 2 2 2 2 2 2 2 2 2 2 2 2 2 2 2 2 2 2 2 2 2 2 2 2 2 2 2 2 2 2 2 2 2 2 2 2 2 2 0 2 2 2 2 2 2 2 2 2 2 2 2 2 2 2 2 2 0 2 2 2 2 2 2 2 2 2 2 2 2 2 2 2 2 2 2 2 2 2 2 2 2 2 2 2 2 2 2 0 2 2 2 0 2 2 2 0 2 2 2 2 2 2 1 2 2 2 2 2 2 0 2 2 2 2 2 2 2 0 2 2 2 2 2 2 2 2 2 2 2 2 2 2 2 2 2 2 2 2 2 2 2 2 0 2 2 2 2 2 2 2 2 0 2 2 0 2 2 2 2 2 2 2 2 2 2 2 2 2 2 2 2 2 2 2 2 2 2 2 2 2 2 2 2 0 2 2 0 2 2
569 2 2 2 2 2 2 2 0 2 2 2 2 2 2 2 2 2 2 2 2 2 2 2 2 0 2 2 2 2 2 2 2 2 2 2 2 2 2 2 2 2 2 0 0 2 2 0 2 2 2 2 0 0 2 2 2 0 2 2 2 2 2 2 2 2 2 2 2 0 2 0 2 2 0 2 2 2 2 2 2 0 0 2 2 0 2 2 2 0 2 2 2 2 2 2 2 2 2 0 2 2 2 2 2 0 2 2 0 2 2 2 2 2 2 2 2 2 2 2 2 2 2 2 0 2 2 2 0 0 2 0 2 2 2 2 2 2 2 2 2 2 2 2 2 2 2 0 2 2 2 2 2 0 2 2 2 0 2 2 2 0 2 2 2 2 2 2 2 2 2 2 2 2 2 2 2 2 2 2 2 0 2 2 2 0 0 2 2 2 2 2 2 2 2 0 2 2 2 2 0 2 2 2 2 2 2 2 2 0 2 2 2 2 2 2 2 2 1 2 2 2 2 2 2 2 2 2 2 2 0 2 2 2 2 2 2 2 2 2 2 2 2 2 2 2
570 0 0 0 0 2 0 0 0 0 0 0 0 2 2 0 0 0 0 0 2 0 2 0 2 0 0 0 2 0 0 0 2 0 0 0 0 0 0 0 0 0 0 0 0 0 0 0 2 0 0 0 0 0 2 0 0 0 0 0 0 2 2 0 2 2 2 0 0 0 0 0 0 0 0 0 0 0 0 0 0 0 0 0 0 0 0 0 2 0 0 0 0 0 0 0 0 0 0 0 0 0 0 0 0 0 0 0 0 2 0 0 0 0 0 0 2 0 0 2 0 0 0 0 0 0 0 0 0 0 0 0 0 0 0 0 0 0 0 2 0 0 0 0 0 2 0 0 0 0 0 0 0 0 0 0 2 0 0 0 0 0 0 0 0 0 0 0 1 0 0 0 0 0 0 0 0 2 0 0 0 0 0 0 0 0 0 0 0 0 0 0 0 2 0 0 0 0 0 0 0 0 0 0 0 0 2 0 0 0 0 0 0 0 2 0 0 0 0 0 2 2 0 0 0 0 0 0 0 0 0 0 0 0 0 0 0 0 0 2 0 0 0 0 0 0
571 2 2 2 2 2 2 2 0 2 2 2 2 2 2 2 2 2 2 2 2 2 2 2 2 0 2 2 2 2 2 2 2 2 2 2 2 2 2 2 2 2 2 0 0 2 2 0 2 2 2 2 0 0 2 2 2 0 2 2 2 2 2 2 2 2 2 2 2 2 2 0 2 2 0 2 2 2 2 2 2 0 0 2 2 1 2 2 2 0 2 2 2 2 2 2 2 2 2 0 2 2 2 2 2 0 2 2 0 2 2 2 2 2 2 2 2 2 2 2 2 2 2 2 0 2 2 2 0 0 2 0 2 2 2 2 2 2 2 2 2 2 2 2 2 2 2 0 2 2 2 2 2 0 2 2 2 2 2 2 2 0 2 2 2 2 2 2 2 2 2 2 2 2 2 2 2 2 2 2 2 0 2 2 2 0 2 2 2 2 2 2 2 2 2 0 2 2 2 2 0 2 2 2 2 2 2 2 2 0 2 2 2 2 2 2 2 2 0 2 2 2 2 2 2 2 2 2 2 2 2 1 2 2 2 2 2 2 2 2 2 2 2 2 2 2
572 2 2 2 2 2 2 2 2 2 2 2 2 2 2 2 0 2 2 2 2 2 2 2 2 2 2 2 2 2 2 2 2 0 0 0 1 2 2 2 2 2 2 2 2 2 2 2 2 2 2 2 2 2 2 2 2 2 2 2 2 2 2 0 2 2 2 2 2 2 2 2 2 2 2 2 2 2 2 2 2 2 2 2 2 2 2 2 2 2 0 2 2 2 2 2 0 2 2 2 2 2 2 2 2 2 2 2 2 2 2 2 0 2 2 2 2 2 2 2 0 0 2 0 2 0 2 2 2 2 2 2 2 2 0 2 2 2 2 2 2 2 2 2 2 2 2 2 2 2 2 2 2 2 2 2 2 2 2 1 2 2 2 2 2 2 2 2 2 2 2 2 2 2 2 2 2 2 2 2 2 2 2 0 2 2 2 2 2 2 2 1 2 2 2 2 2 0 0 2 2 2 2 2 2 2 2 2 2 2 2 2 0 2 2 2 2 2 2 2 2 2 2 2 2 2 2 2 2 2 2 2 2 2 2 0 2 2 2 2 2 2 2 2 2 2
573 2 2 2 2 2 2 2 2 2 2 0 2 2 2 2 2 0 0 2 2 0 2 2 2 2 0 0 2 0 2 2 2 2 2 2 1 0 2 0 0 2 2 2 2 2 2 2 2 2 0 2 2 2 2 2 2 2 2 2 0 2 2 2 2 2 2 2 2 2 2 2 2 2 2 0 2 2 2 0 0 2 2 0 2 2 0 2 2 2 2 0 0 0 2 2 2 2 0 2 2 0 0 2 2 2 0 0 2 2 2 2 2 2 2 0 2 2 2 2 2 2 0 2 2 2 2 2 2 2 0 2 2 0 2 0 0 0 2 2 0 2 0 0 2 2 2 2 2 2 0 2 2 2 0 2 2 2 0 2 2 2 2 2 0 0 2 2 2 2 2 2 2 0 2 0 0 2 0 2 2 2 0 2 0 2 2 2 2 0 2 2 0 2 0 2 0 2 2 2 2 0 0 2 2 0 2 2 2 2 0 2 2 2 2 0 2 2 2 0 2 2 2 2 2 2 0 0 0 2 2 2 0 2 0 2 2 0 2 2 2 2 0 2 0 0
574 2 2 2 2 2 2 2 2 2 2 2 2 2 2 2 2 2 2 2 2 2 2 2 2 0 2 2 2 2 2 2 2 2 2 2 2 2 2 2 2 2 2 2 0 2 2 2 2 2 2 2 2 2 2 2 2 0 2 2 2 2 2 2 2 2 2 2 2 2 2 2 2 2 2 2 2 2 2 2 2 0 0 2 2 0 2 2 2 2 2 2 2 2 2 2 2 2 2 2 2 2 2 2 2 0 2 2 0 2 2 2 2 2 2 2 2 2 2 2 2 2 2 2 0 2 2 2 0 2 2 0 2 2 2 2 2 2 2 2 2 2 2 2 2 2 2 0 2 2 2 2 2 2 2 2 2 2 2 2 2 2 2 2 2 2 2 2 2 2 2 2 2 2 2 2 2 2 2 2 2 0 2 2 2 0 2 2 2 2 2 2 2 2 2 2 2 2 2 2 0 2 2 2 2 2 2 2 2 2 2 2 2 2 2 2 2 2 2 2 2 2 2 2 2 2 2 2 2 2 2 2 2 2 2 2 2 2 2 2 2 2 2 2 2 2
575 0 0 0 0 2 0 0 2 0 0 0 0 2 2 0 0 0 0 0 2 0 2 0 2 2 0 0 2 0 0 0 2 0 0 0 0 0 0 0 0 0 0 2 2 0 0 2 2 0 0 0 2 2 2 0 0 2 0 0 0 2 2 0 2 2 2 0 0 2 0 2 0 0 2 0 0 0 0 0 0 2 2 0 0 2 0 0 2 2 0 0 0 0 0 2 0 0 0 2 0 0 0 0 0 2 0 0 2 2 0 0 0 2 0 0 2 0 2 2 0 0 0 0 2 0 0 0 2 0 0 2 0 0 0 0 0 0 2 2 0 0 0 0 2 2 0 2 2 0 0 0 2 2 0 0 2 0 0 1 0 2 0 0 0 0 2 2 2 2 0 0 2 0 2 0 0 2 0 0 0 2 0 0 0 2 0 0 0 0 0 0 0 2 0 2 0 0 0 2 2 0 0 0 0 0 2 0 2 2 0 2 0 0 2 0 0 0 1 0 2 2 0 0 0 0 0 0 0 0 0 0 0 0 0 0 0 0 0 2 2 0 0 2 0 0
576 2 2 2 2 2 2 2 2 2 2 2 2 2 2 2 2 0 2 2 2 2 2 2 2 2 2 0 2 2 2 2 2 2 2 2 1 2 2 2 2 2 2 2 2 2 2 2 2 2 2 2 2 2 2 2 2 2 2 2 2 2 2 2 2 2 2 2 2 2 2 2 2 2 2 0 2 2 2 2 2 2 2 2 2 2 0 2 2 2 2 0 2 2 2 2 2 2 2 2 2 0 0 2 2 2 2 0 2 2 2 2 2 2 2 2 2 2 2 2 2 2 2 2 2 2 2 2 2 2 2 2 2 0 2 2 0 0 2 2 0 2 0 0 2 2 2 2 2 2 2 2 2 2 0 2 2 2 0 2 2 2 2 2 0 0 2 2 2 2 2 2 2 0 2 0 2 2 0 2 2 2 2 2 0 2 2 2 2 0 2 2 0 2 2 2 0 2 2 2 2 2 0 2 2 2 2 2 2 2 2 2 2 2 2 2 2 2 2 2 2 2 2 2 2 2 2 0 0 2 2 2 2 2 0 2 2 2 2 2 2 2 0 2 0 0
577 2 0 2 2 2 2 2 2 2 2 2 2 2 2 2 2 2 2 2 2 2 2 0 2 2 2 2 2 2 2 2 2 2 2 2 2 2 0 2 2 2 2 2 2 2 2 2 2 2 2 2 2 2 2 0 0 2 0 2 2 2 2 2 2 2 2 0 2 2 2 2 2 2 2 2 2 2 2 2 2 2 2 2 2 2 2 2 2 2 2 2 2 2 2 2 2 0 2 2 2 2 2 0 2 2 2 2 2 2 0 2 2 2 2 2 2 2 2 2 2 2 2 2 2 2 2 2 2 2 2 2 2 2 2 1 2 2 2 2 2 2 2 2 2 2 2 2 2 1 2 0 2 2 2 2 2 2 2 2 2 2 2 0 2 2 2 2 2 2 2 2 2 2 2 2 2 2 2 2 2 2 2 2 2 2 2 0 2 2 2 2 2 2 2 2 2 2 2 2 2 2 2 2 0 2 2 0 2 2 2 2 2 2 2 2 2 2 1 2 2 2 0 2 2 2 2 2 2 0 2 2 2 2 2 2 2 2 2 2 2 2 2 2 2 2
578 2 2 2 2 2 2 2 2 2 2 2 2 2 2 2 2 2 0 2 2 2 2 2 2 2 0 2 2 0 2 2 2 2 2 2 2 0 2 2 0 2 2 2 2 2 2 2 2 2 2 2 2 2 2 2 2 2 2 2 0 2 2 2 2 2 2 2 2 2 2 2 2 2 2 2 2 2 2 0 2 2 2 0 2 2 2 2 2 2 2 2 2 0 2 2 2 2 2 2 2 2 2 2 2 2 2 2 2 2 2 2 2 2 2 0 2 2 2 2 2 2 0 2 2 2 2 2 2 2 0 2 2 2 2 2 2 2 2 2 2 2 2 2 2 2 2 2 2 2 2 2 2 2 2 2 2 2 2 2 2 2 2 2 2 2 2 2 2 2 2 2 2 2 2 2 0 2 2 2 2 2 2 2 2 2 2 2 2 2 2 2 2 2 2 2 2 2 2 2 2 2 2 2 2 2 2 2 2 2 2 2 2 2 2 0 2 2 2 0 2 2 2 2 2 2 0 2 2 2 2 2 0 2 2 2 2 2 2 2 2 2 2 2 2 2
579 2 2 2 2 2 2 2 2 2 2 2 2 2 2 2 0 2 2 2 2 2 2 2 2 2 2 2 2 2 2 2 2 0 0 2 1 2 2 2 2 2 2 2 2 2 2 2 2 2 2 2 2 2 2 2 2 2 2 2 2 2 2 0 2 2 2 2 2 2 2 2 2 2 2 2 2 2 2 2 2 2 2 2 2 2 2 2 2 2 2 2 2 2 2 2 0 2 2 2 2 2 2 2 2 2 2 2 2 2 2 2 0 2 2 2 2 2 2 2 0 0 2 0 2 0 2 2 2 2 2 2 2 2 0 2 2 2 2 2 2 2 2 2 2 2 2 2 2 2 2 2 2 2 2 2 2 2 2 1 2 2 2 2 2 2 2 2 2 2 2 2 2 2 2 2 2 2 2 2 2 2 2 2 2 2 2 2 2 2 2 1 2 2 2 2 2 0 0 2 2 2 2 2 2 2 2 2 2 2 2 2 0 2 2 2 2 2 2 2 2 2 2 2 2 2 2 2 2 2 2 2 2 2 2 0 2 2 2 2 2 2 2 2 2 2
580 0 0 0 0 2 0 0 0 0 0 0 0 2 0 2 2 0 0 0 0 0 0 2 2 2 0 0 0 0 0 0 0 2 0 2 0 2 0 0 0 1 0 0 0 0 0 0 0 0 0 0 0 0 0 2 2 0 0 0 0 2 0 2 0 0 0 0 0 0 0 0 0 0 0 0 0 0 0 2 0 0 0 2 0 0 0 0 2 0 2 0 0 2 0 0 2 0 0 0 0 0 0 0 0 0 0 0 0 0 0 1 2 0 0 0 2 2 0 2 2 0 0 2 0 2 0 0 0 0 2 0 0 0 2 2 0 2 0 2 0 0 0 0 0 0 0 1 2 0 0 2 0 0 0 0 0 0 0 0 0 0 0 0 0 0 0 2 2 0 0 0 2 0 2 0 2 2 0 0 0 0 0 2 0 0 0 2 0 0 0 1 0 2 0 0 0 2 2 0 0 0 0 2 2 2 2 2 0 0 0 0 0 0 0 2 2 2 2 2 2 0 0 0 2 2 0 0 0 0 0 2 0 0 0 0 2 0 0 2 0 0 0 0 0 0
581 2 2 2 2 2 2 2 2 2 2 2 2 2 2 2 0 2 2 2 2 2 2 0 2 2 2 2 2 2 2 2 2 0 2 2 2 0 2 2 2 2 2 2 2 2 2 2 2 2 2 2 2 2 2 0 0 2 2 2 2 2 2 0 2 2 2 2 2 2 2 2 2 2 2 2 2 2 2 0 2 2 2 0 2 2 2 2 2 2 2 2 2 0 2 2 0 2 2 2 2 2 2 2 2 2 2 2 2 2 2 2 0 2 2 2 2 2 2 2 0 2 2 0 2 0 2 2 2 2 2 2 2 2 0 2 2 2 2 2 2 2 2 2 2 2 2 2 2 2 2 0 2 2 2 2 2 2 2 2 2 2 2 2 2 2 2 2 2 2 2 2 2 2 2 2 2 2 2 2 2 2 2 2 2 2 2 0 2 2 2 1 2 2 2 2 2 0 0 2 2 2 2 2 0 2 2 0 2 2 2 2 0 2 2 0 2 2 2 0 2 2 2 2 2 2 2 2 2 2 2 2 2 2 2 0 2 2 2 2 2 2 2 2 2 2
582 0 0 2 2 0 0 0 0 2 0 0 2 0 0 0 0 0 0 0 0 0 0 0 0 0 0 0 0 0 0 0 0 0 0 0 0 0 0 0 0 2 0 0 0 0 2 0 0 2 0 2 0 0 0 0 0 0 0 2 0 0 0 0 0 0 0 0 2 0 0 0 2 2 0 0 0 2 2 0 0 0 0 0 2 0 0 2 0 0 0 0 0 0 0 0 0 0 0 0 2 0 0 0 2 0 0 0 0 0 0 0 0 0 0 0 0 0 0 0 0 0 0 0 0 0 0 2 0 0 0 0 0 0 0 0 0 0 0 2 0 0 0 0 0 0 0 0 0 0 0 0 0 0 0 0 0 0 0 0 0 0 0 0 0 0 0 0 0 0 0 0 0 0 0 0 0 0 0 0 0 0 0 0 0 0 0 0 0 0 0 0 0 0 0 0 0 0 0 0 0 0 0 0 0 0 2 0 0 0 0 0 0 2 0 0 0 0 0 0 0 0 0 2 0 0 0 0 0 0 0 0 0 0 0 0 2 0 0 0 0 0 0 0 0 0
583 0 0 2 2 0 0 0 0 2 0 0 2 0 0 0 0 0 0 0 0 0 0 0 0 0 0 0 0 0 0 0 0 0 0 0 0 0 0 0 0 2 0 0 0 0 2 0 0 2 0 2 0 0 0 0 0 0 0 2 0 0 0 0 0 0 0 0 2 0 0 0 2 2 0 0 0 2 2 0 0 0 0 0 2 0 0 2 0 0 0 0 0 0 0 0 0 0 0 0 2 0 0 0 2 0 0 0 0 0 0 0 0 0 0 0 0 0 0 0 0 0 0 0 0 0 0 2 0 0 0 0 0 0 0 0 0 0 0 2 0 0 0 0 0 0 0 0 0 0 0 0 0 0 0 0 0 0 0 0 0 0 0 0 0 0 0 0 0 0 0 0 0 0 0 0 0 0 0 0 0 0 0 0 0 0 0 0 0 0 0 0 0 0 0 0 0 0 0 0 0 0 0 0 0 0 2 0 0 0 0 0 0 2 0 0 0 0 0 0 0 0 0 2 0 0 0 0 0 0 0 0 0 0 0 0 2 0 0 0 0 0 0 0 0 0
584 2 0 2 2 0 2 0 0 2 2 2 2 0 0 2 0 2 2 2 0 2 2 0 0 0 2 2 2 2 2 0 2 0 0 0 0 0 0 2 2 2 2 2 0 2 2 0 0 2 2 2 0 0 0 0 0 0 0 2 2 0 0 0 0 0 0 0 2 2 0 0 2 2 0 2 2 2 2 0 2 0 0 0 2 0 2 2 0 0 0 2 2 0 0 0 0 0 2 0 2 1 2 0 2 0 2 2 0 0 0 2 0 0 2 2 0 0 0 0 0 0 2 0 0 0 0 2 0 0 0 0 0 2 0 2 2 0 1 2 2 2 2 2 0 0 0 0 0 1 0 0 0 0 2 0 0 0 2 0 2 0 0 0 2 2 0 0 0 0 2 0 0 2 0 2 0 0 2 2 2 0 2 0 2 0 0 0 0 2 2 1 2 0 2 0 2 0 0 0 0 0 2 0 0 2 2 0 0 0 0 0 0 2 0 0 0 0 0 0 0 0 2 2 0 0 0 2 2 2 0 0 0 2 2 0 2 2 2 0 0 0 2 0 2 2
585 2 2 2 2 2 2 2 2 2 2 2 2 2 2 2 2 2 2 2 2 2 2 2 2 0 2 2 2 2 2 2 2 2 2 2 2 2 2 2 2 2 2 2 2 2 2 2 2 2 2 2 2 2 2 2 2 0 2 2 2 2 2 2 2 2 2 2 2 2 2 2 2 2 2 2 2 2 2 2 2 0 0 2 2 0 2 2 2 2 2 2 2 2 2 0 2 2 2 2 2 2 2 2 2 0 2 2 0 2 2 2 2 2 2 2 2 2 2 2 2 2 2 2 2 2 2 2 0 2 2 0 2 2 2 2 2 2 2 2 2 2 2 2 2 2 2 2 2 2 2 2 2 2 2 2 2 2 2 2 2 2 2 2 2 2 2 2 2 2 2 2 2 2 2 2 2 2 2 2 2 0 2 2 2 0 2 2 2 2 2 2 2 2 2 2 2 2 2 2 0 2 2 2 2 2 2 2 2 2 2 2 2 2 2 2 2 2 2 2 2 2 2 2 2 2 2 2 2 2 2 2 2 2 2 2 2 2 2 2 2 2 2 2 2 2
586 2 0 2 2 2 2 2 2 2 2 2 2 2 2 2 2 2 2 2 2 2 2 2 2 0 2 2 2 2 2 2 2 2 2 2 2 2 0 2 2 2 2 2 2 2 2 2 2 2 2 2 2 2 2 2 2 0 0 2 2 2 2 2 2 2 2 0 2 2 2 2 2 2 2 2 2 2 2 2 2 0 0 2 2 0 2 2 2 2 2 2 2 2 2 0 2 0 2 2 2 2 2 0 2 0 2 2 0 2 0 2 2 2 2 2 2 2 2 2 2 2 2 2 2 2 2 2 0 2 2 0 2 2 2 2 2 0 2 2 2 2 2 2 2 2 0 2 2 1 2 2 2 2 2 2 2 2 2 1 2 2 2 0 2 2 2 2 1 2 2 0 2 2 2 2 2 2 2 2 2 0 2 2 2 0 2 2 2 2 2 2 2 2 2 2 2 2 2 2 0 2 2 0 2 2 2 2 2 2 2 2 0 2 2 2 2 0 2 2 2 2 2 2 2 0 2 2 2 2 2 0 2 2 2 0 2 2 2 2 2 2 2 2 2 2
587 2 2 2 2 2 2 2 2 2 2 2 2 2 2 2 2 2 2 2 2 2 2 2 2 0 2 2 2 2 2 2 2 2 2 2 2 2 2 2 2 2 2 2 2 2 2 2 2 2 2 2 2 2 2 2 2 0 2 2 2 2 2 2 2 2 2 2 2 2 2 2 2 2 2 2 2 2 2 2 2 0 0 2 2 0 2 2 2 2 2 2 2 2 2 0 2 2 2 2 2 2 2 2 2 0 2 2 0 2 2 2 2 2 2 2 2 2 2 2 2 2 2 2 2 2 2 2 0 2 2 0 2 2 2 2 2 2 2 2 2 2 2 2 2 2 2 2 2 2 2 2 2 2 2 2 2 2 2 2 2 2 2 2 2 2 2 2 2 2 2 2 2 2 2 2 2 2 2 2 2 0 2 2 2 0 2 2 2 2 2 2 2 2 2 2 2 2 2 2 0 2 2 2 2 2 2 2 2 2 2 2 2 2 2 2 2 2 2 2 2 2 2 2 2 2 2 2 2 2 2 2 2 2 2 2 2 2 2 2 2 2 2 2 2 2
588 2 2 2 2 0 2 0 0 2 2 2 2 0 2 2 0 2 2 2 2 2 2 0 2 2 2 2 2 2 2 0 2 0 0 0 1 0 2 2 2 2 2 0 0 2 2 0 2 2 2 2 0 0 0 0 0 2 2 2 2 2 2 0 0 0 0 2 2 2 0 0 2 2 0 2 2 2 2 0 2 2 2 0 2 2 2 2 2 0 0 2 2 0 0 2 0 2 2 0 2 2 2 2 2 2 2 2 2 0 2 2 0 0 2 2 2 0 0 2 0 0 2 0 0 0 0 2 2 0 0 2 0 2 0 2 2 0 0 2 2 2 2 2 0 0 0 0 0 2 2 0 0 0 2 0 0 0 2 0 2 0 2 2 2 2 0 2 2 0 2 0 0 2 0 2 0 2 2 2 2 2 2 0 2 2 0 0 0 2 2 1 2 2 2 0 2 0 0 0 2 2 2 2 0 2 2 0 0 0 2 0 2 2 0 0 0 2 1 0 2 0 2 2 0 0 0 2 2 2 0 0 0 2 2 2 2 2 2 2 0 0 2 0 2 2
589 0 2 0 0 2 2 0 2 0 0 0 0 2 2 2 2 2 0 0 0 2 2 2 2 0 2 2 2 0 0 2 2 2 2 2 2 2 2 0 0 0 0 2 2 0 0 2 2 0 2 0 2 2 2 2 2 0 2 0 0 2 2 2 2 2 2 2 0 0 0 2 0 0 2 2 0 0 0 2 2 0 0 2 0 0 2 0 2 2 2 2 0 2 0 0 2 2 2 2 0 2 2 2 0 0 2 2 0 2 2 0 2 2 0 0 2 2 0 0 2 2 0 0 2 2 0 0 2 2 2 0 0 2 2 2 2 2 2 2 2 0 2 2 2 2 2 2 2 2 2 2 2 2 2 0 2 2 2 2 0 2 0 2 2 2 2 2 2 0 0 2 0 2 2 2 0 2 2 0 0 0 2 2 2 0 2 2 0 2 0 1 2 2 2 2 2 2 2 2 0 2 2 2 2 2 2 2 2 2 2 2 2 0 2 2 2 2 2 2 2 2 2 0 0 2 0 2 2 2 2 2 2 0 2 2 2 2 0 0 2 2 2 2 2 2
590 2 2 2 2 2 2 2 2 2 2 2 2 2 2 2 2 2 2 2 2 2 2 0 2 2 2 2 2 2 2 2 2 0 2 0 2 0 2 2 2 2 2 0 2 2 2 2 2 2 2 2 2 2 2 0 0 0 2 2 2 2 2 2 2 2 2 2 2 2 2 2 2 2 2 2 2 2 2 0 2 0 0 0 2 0 2 2 2 2 0 2 2 0 2 2 0 2 2 2 2 2 2 2 2 0 2 2 0 2 2 2 0 2 2 2 2 0 2 2 0 2 2 2 2 0 2 2 2 2 0 0 2 2 0 2 2 2 0 2 2 2 2 2 2 2 2 2 2 2 2 2 2 2 2 2 2 2 2 2 2 2 2 2 2 2 2 2 2 2 2 2 2 2 2 2 2 2 2 2 2 0 2 0 2 2 2 0 2 2 2 2 2 2 2 2 2 2 0 2 0 2 2 2 2 2 2 2 2 2 2 2 2 2 2 0 0 2 2 0 2 2 2 2 2 2 2 2 2 2 2 2 0 2 2 2 2 2 2 2 2 0 2 2 2 2
591 2 2 2 2 2 2 2 2 2 2 2 2 2 2 2 2 2 2 2 2 2 2 0 2 2 2 2 2 2 2 2 2 0 2 0 2 0 2 2 2 2 2 2 2 2 2 2 2 2 2 2 2 2 2 0 0 2 2 2 2 2 2 2 2 2 2 2 2 2 2 2 2 2 2 2 2 2 2 2 2 2 2 0 2 2 2 2 2 2 0 2 2 0 2 2 0 2 2 2 2 2 2 2 2 2 2 2 2 2 2 2 0 2 2 2 2 0 2 2 0 2 2 2 2 0 2 2 2 2 2 2 2 2 0 2 2 2 2 2 2 2 2 2 2 2 2 2 2 2 2 2 2 2 2 2 2 2 2 2 2 2 2 2 2 2 2 2 2 2 2 2 2 2 2 2 2 2 2 2 2 2 2 0 2 2 2 0 2 2 2 2 2 2 2 2 2 2 0 2 2 2 2 2 2 2 2 2 2 2 2 2 2 2 2 0 0 2 2 0 2 2 2 2 2 2 2 2 2 2 2 2 2 2 2 2 2 2 2 2 2 0 2 2 2 2
592 2 2 2 2 0 2 2 2 2 2 2 2 2 2 2 2 2 2 2 2 2 2 2 2 2 2 2 2 2 2 2 2 2 2 2 1 2 2 2 2 2 2 2 0 2 2 0 2 2 2 2 0 0 0 2 2 2 2 2 2 2 2 2 0 2 2 2 2 2 2 0 2 2 2 2 2 2 2 2 2 2 2 2 2 2 2 2 2 2 2 2 2 2 2 2 2 2 2 2 2 2 2 2 2 2 2 2 2 0 2 2 2 0 2 2 2 2 2 2 2 0 2 2 0 2 2 2 2 2 2 2 2 2 2 2 2 2 2 2 2 2 2 2 2 2 2 0 0 2 2 2 0 0 2 2 0 0 2 2 2 2 2 2 2 2 1 2 2 2 2 2 2 2 0 2 2 2 2 2 2 2 2 2 2 2 2 2 2 2 2 2 2 2 2 0 2 2 2 2 2 2 2 2 2 2 2 2 0 0 2 0 2 2 2 2 2 2 2 2 2 2 2 2 2 2 2 2 2 2 2 2 2 2 2 0 2 2 2 2 0 2 2 2 2 2
593 0 0 2 2 0 0 0 0 2 0 2 2 0 0 0 0 0 2 0 0 0 0 0 0 0 0 0 0 2 0 0 0 0 0 0 0 0 0 2 2 2 0 0 0 0 2 0 0 2 0 2 0 0 0 0 0 0 0 2 2 0 0 0 0 0 0 0 2 0 0 0 2 2 0 0 0 2 2 0 0 0 0 0 2 0 0 2 0 0 0 0 2 0 0 0 0 0 0 0 2 0 0 0 2 0 0 0 0 0 0 0 0 0 0 2 0 0 0 0 0 0 2 0 0 0 0 2 0 0 0 0 0 0 0 0 0 0 0 2 0 0 0 0 0 0 0 0 0 0 0 0 0 0 0 0 0 0 0 0 0 0 0 0 0 0 0 0 0 0 0 0 0 0 0 0 0 0 0 0 0 0 0 0 0 0 0 0 0 0 0 0 0 0 0 0 0 0 0 0 0 0 0 0 0 0 2 0 0 0 0 0 0 2 0 0 0 0 0 0 0 0 0 2 0 0 0 0 0 0 0 0 0 0 0 0 2 0 0 0 0 0 0 0 0 0
594 0 0 2 2 0 0 0 0 2 0 0 2 0 0 0 0 0 0 0 0 0 0 0 0 0 0 0 0 0 0 0 0 0 0 0 0 0 0 0 0 2 0 0 0 0 2 0 0 2 0 2 0 0 0 0 0 0 0 2 0 0 0 0 0 0 0 0 2 0 0 0 2 2 0 0 0 2 2 0 0 0 0 0 2 0 0 2 0 0 0 0 0 0 0 0 0 0 0 0 2 0 0 0 2 0 0 0 0 0 0 0 0 0 0 0 0 0 0 0 0 0 0 0 0 0 0 2 0 0 0 0 0 0 0 0 0 0 0 2 0 0 0 0 0 0 0 0 0 0 0 0 0 0 0 0 0 0 0 0 0 0 0 0 0 0 0 0 0 0 0 0 0 0 0 0 0 0 0 0 0 0 0 0 0 0 0 0 0 0 0 0 0 0 0 0 0 0 0 0 0 0 0 0 0 0 2 0 0 0 0 0 0 2 0 0 0 0 0 0 0 0 0 2 0 0 0 0 0 0 0 0 0 0 0 0 2 0 0 0 0 0 0 0 0 0
595 2 2 2 2 2 0 2 0 2 2 2 2 2 2 0 0 0 2 2 2 2 2 2 2 2 2 0 2 2 2 0 2 2 2 2 1 2 2 2 2 2 2 2 2 2 2 2 2 2 2 2 2 2 2 2 2 2 2 2 2 2 2 0 2 2 2 2 2 2 2 2 2 2 2 0 2 2 2 2 2 2 2 2 2 2 0 2 2 2 2 0 2 2 2 2 2 2 2 0 2 0 0 2 2 2 2 0 2 2 2 2 2 2 2 2 2 2 2 2 2 2 2 2 2 2 2 2 0 2 0 2 2 0 2 2 0 2 0 2 0 2 0 0 2 2 2 2 2 1 2 0 2 2 0 2 2 2 0 2 2 2 2 2 0 0 2 0 2 2 2 2 2 0 2 0 2 2 0 2 2 2 2 2 0 2 2 2 2 0 2 1 0 2 2 2 0 0 2 2 2 2 0 2 0 2 2 0 2 2 2 2 2 2 2 2 2 2 1 2 2 2 0 2 2 2 2 0 0 0 2 2 0 2 0 2 2 2 2 2 2 2 0 2 0 0
596 2 2 2 2 2 2 2 2 2 2 2 2 2 2 2 2 0 2 2 2 2 2 2 2 2 2 2 2 2 2 2 2 2 2 2 2 2 2 2 2 2 2 2 2 2 2 2 2 2 2 2 2 2 2 2 2 2 2 2 2 2 2 2 2 2 2 2 2 2 2 2 2 2 2 0 2 2 2 2 2 2 2 2 2 2 2 2 2 2 2 0 2 2 2 2 2 2 2 2 2 0 2 2 2 2 2 0 2 2 2 2 2 2 2 2 2 2 2 2 2 2 2 2 2 2 2 2 0 2 2 2 2 2 2 2 2 2 2 2 0 2 0 2 2 2 2 2 2 2 2 2 2 2 2 2 2 2 0 2 2 2 2 2 2 0 2 2 2 2 2 2 2 0 2 2 2 2 2 2 2 2 2 2 2 2 2 2 2 0 2 2 2 2 2 2 0 2 2 2 2 2 0 2 2 2 2 2 2 2 2 2 2 2 2 2 2 2 2 2 2 2 2 2 2 2 2 2 0 2 2 2 2 2 2 2 2 2 2 2 2 2 0 2 2 2
597 0 2 2 2 2 2 2 2 2 0 2 2 2 2 2 2 2 2 0 2 2 2 2 2 2 2 2 2 2 0 2 2 2 2 2 2 2 2 2 2 2 0 2 2 0 2 2 2 2 2 2 2 2 2 2 2 2 2 2 2 2 2 2 2 2 2 2 2 2 2 2 2 2 2 2 0 2 2 2 2 2 2 2 2 2 2 2 2 2 2 2 2 2 2 2 2 2 2 2 2 2 2 2 2 2 2 2 2 2 2 0 2 2 0 2 2 2 2 2 2 2 2 0 2 2 2 2 2 2 2 2 2 2 2 2 2 2 2 2 2 0 2 2 2 2 2 2 2 2 2 2 2 2 2 2 2 2 2 2 2 2 2 2 2 2 2 2 2 2 2 2 2 2 2 2 2 2 2 2 0 2 2 2 2 2 2 2 2 2 0 1 2 2 2 2 2 2 2 2 2 2 2 2 2 2 2 2 2 2 2 2 2 2 2 2 2 2 2 2 2 2 2 2 2 2 2 2 2 2 2 2 2 0 2 2 2 2 0 2 2 2 2 2 2 2
598 0 2 2 2 2 2 2 2 2 0 2 2 2 2 2 2 2 2 0 2 0 0 2 2 2 0 2 0 2 0 2 0 2 2 2 2 2 2 2 2 2 0 2 2 0 2 2 2 2 0 2 2 2 2 2 2 2 2 2 2 2 2 2 2 2 2 2 2 2 2 2 2 2 2 2 0 2 2 2 0 2 2 2 2 2 2 2 2 2 2 2 2 2 2 2 2 2 0 2 2 2 2 2 2 2 0 2 2 2 2 0 2 2 0 2 2 2 2 2 2 2 2 2 2 2 2 2 2 2 2 2 2 2 2 0 2 2 2 2 2 0 2 2 2 2 2 2 2 2 2 2 2 2 2 2 2 2 2 2 0 2 2 2 2 2 2 2 2 2 0 2 2 2 2 2 2 2 2 0 0 2 2 2 2 2 2 2 2 2 0 1 2 2 0 2 2 2 2 2 2 2 2 2 2 0 2 2 2 2 2 2 2 2 2 2 2 2 2 2 2 2 2 2 2 2 2 2 2 2 2 2 2 1 2 2 2 0 0 2 2 2 2 2 2 2
599 2 2 2 2 0 2 2 2 2 2 2 2 0 2 2 2 2 2 2 2 2 2 2 2 2 2 2 2 2 2 2 2 2 2 2 2 2 2 2 2 2 2 2 2 2 2 2 2 2 2 2 2 2 0 2 2 0 2 2 2 2 2 2 0 0 0 2 2 0 2 2 2 2 2 2 2 2 2 0 2 0 0 2 2 0 2 2 2 2 2 2 2 2 2 0 2 2 2 2 2 2 2 2 2 0 2 2 0 0 2 2 2 2 2 2 2 2 2 2 2 2 2 2 2 2 2 2 2 2 2 0 2 2 2 2 2 2 2 2 2 2 2 2 2 2 2 2 2 2 2 2 2 2 2 2 2 2 2 2 2 0 2 2 2 2 2 2 2 2 2 2 2 2 2 2 2 2 2 2 2 0 2 2 2 2 2 2 2 2 2 2 2 2 2 0 2 2 2 2 0 2 2 2 2 2 2 2 2 2 2 2 0 2 2 2 2 2 1 2 2 2 2 2 2 2 2 2 2 2 2 2 2 2 2 0 2 2 2 2 2 2 2 2 2 2
600 2 2 2 0 2 2 2 2 2 2 2 2 2 2 2 2 2 2 2 2 2 2 2 2 2 2 2 2 2 2 0 2 2 2 2 2 2 2 2 2 0 2 2 2 2 2 2 2 2 2 0 2 2 2 2 2 0 2 2 2 0 2 2 2 2 2 2 2 2 2 2 2 2 2 2 2 2 2 2 2 0 0 2 2 0 2 2 2 2 2 2 2 2 2 2 2 2 2 2 2 2 2 2 2 0 2 2 0 2 2 2 2 2 2 2 2 2 2 2 2 2 2 2 2 2 2 0 0 2 2 0 2 2 2 2 2 2 0 2 2 2 2 2 2 2 2 2 2 2 0 2 2 2 2 2 2 2 2 2 2 2 2 2 2 2 2 2 2 2 2 2 2 2 2 2 2 2 2 2 2 0 2 2 2 2 2 2 2 2 2 2 2 2 2 2 2 2 2 2 0 0 2 2 2 2 2 2 2 2 0 2 2 2 2 2 2 2 2 2 2 2 2 2 2 2 2 2 2 2 2 2 2 2 2 2 2 2 2 2 2 2 2 2 2 2
601 0 0 0 2 2 2 0 2 0 0 0 0 2 0 2 2 2 0 0 0 2 0 0 0 2 0 2 0 0 0 2 0 0 0 0 1 0 0 0 2 2 0 2 0 0 0 2 2 0 2 2 2 0 2 0 0 2 0 0 2 2 2 0 2 2 2 0 0 2 0 0 0 0 0 2 0 0 0 2 0 2 2 0 0 2 2 0 2 0 0 2 0 0 2 2 0 0 2 2 0 2 2 0 0 2 2 2 2 2 2 0 0 0 0 0 0 0 0 0 0 0 0 0 0 0 0 2 2 0 0 2 0 2 0 0 2 0 0 2 2 0 2 2 0 2 0 2 0 1 0 2 0 0 2 0 0 0 2 0 0 2 2 0 2 2 0 2 1 0 0 0 0 2 0 2 2 2 2 0 0 2 0 0 2 2 0 0 2 2 0 0 2 2 0 2 2 2 0 0 2 0 2 0 2 0 2 0 0 2 0 0 0 0 2 0 0 0 1 0 2 2 0 0 0 0 0 2 2 0 0 0 0 0 2 0 2 0 0 0 0 0 2 0 2 2
602 2 0 2 2 0 2 2 2 2 2 2 2 0 0 2 2 2 2 2 2 2 2 2 0 0 2 2 2 2 2 2 2 2 2 2 2 2 0 2 2 2 2 2 0 2 2 2 2 2 2 2 2 2 0 2 2 0 0 2 2 2 2 2 0 0 0 0 2 0 2 2 2 2 2 2 2 2 2 2 2 2 2 2 2 2 2 2 2 2 2 2 2 2 2 2 2 0 2 2 2 2 2 0 2 2 2 2 2 2 2 2 2 2 2 2 2 2 0 2 2 2 2 2 0 2 2 2 2 2 2 2 2 2 2 2 2 2 2 2 2 2 2 2 2 2 2 2 0 2 2 2 2 2 2 2 2 2 2 2 2 2 0 2 2 2 2 2 2 0 2 2 0 2 2 2 2 2 2 2 2 2 2 2 2 0 2 2 2 2 2 2 2 2 2 0 2 2 2 2 2 2 2 2 2 2 0 2 2 2 2 2 2 2 2 2 2 2 1 2 2 2 2 2 2 2 2 2 2 2 2 2 2 2 2 2 0 2 2 2 2 2 2 2 2 2
603 2 2 2 2 2 2 2 2 2 2 2 2 2 2 2 2 2 2 2 2 2 2 2 2 2 2 2 2 2 2 2 2 2 0 2 1 2 2 2 2 2 2 2 0 2 2 2 2 2 2 2 2 0 2 2 2 2 2 2 2 2 2 2 2 2 2 2 2 2 2 0 2 2 0 2 2 2 2 2 2 0 0 2 2 0 2 2 2 0 2 2 2 2 2 2 2 2 2 2 2 2 2 2 2 0 2 2 0 0 2 2 2 0 2 2 2 2 2 2 2 0 2 2 0 2 2 2 0 0 2 0 2 2 2 2 2 2 2 2 2 2 2 2 0 2 2 2 0 2 2 2 0 0 2 2 0 0 2 1 2 2 2 2 2 2 0 2 2 2 2 2 2 2 0 2 0 2 2 2 2 0 2 2 2 2 0 2 2 2 2 2 2 2 2 2 2 2 2 0 0 2 2 2 2 2 2 2 0 2 2 0 2 2 2 2 2 2 1 2 2 2 2 2 2 2 2 2 2 2 0 2 2 2 2 2 2 2 2 2 0 2 2 0 2 2
604 2 2 2 2 2 0 0 0 2 2 0 2 2 2 0 0 0 2 2 0 0 2 2 2 2 0 0 2 2 2 0 2 0 2 0 1 2 2 0 2 2 2 2 2 2 2 2 2 2 0 2 2 2 2 2 2 0 2 2 2 2 2 0 2 2 2 2 2 2 0 2 2 2 2 0 2 2 2 0 0 2 2 2 2 2 0 2 2 2 0 0 0 2 2 2 0 2 0 0 2 0 0 2 2 2 0 0 2 2 0 2 2 2 2 2 0 0 2 2 0 2 0 0 2 0 0 2 2 2 0 2 0 0 0 0 0 2 0 2 0 2 0 0 2 2 2 2 2 0 0 0 2 2 0 0 2 2 0 1 2 2 2 0 0 0 2 0 1 2 2 2 2 0 2 0 2 2 0 2 2 2 0 0 0 2 2 2 2 0 2 1 0 2 0 2 0 0 0 2 2 0 0 2 0 0 2 0 2 2 0 2 0 2 2 0 0 2 1 0 2 2 0 2 0 2 0 0 0 0 2 2 0 2 0 0 0 0 2 2 2 0 0 2 0 0
605 2 2 2 2 2 2 2 2 2 2 2 2 2 2 2 2 2 2 2 2 2 2 2 2 2 2 2 2 2 2 2 2 2 2 2 2 2 2 2 2 2 2 2 0 2 2 0 0 2 2 2 0 2 2 2 2 0 2 2 2 2 0 2 2 2 2 2 2 2 2 2 2 2 2 2 2 2 2 2 2 2 2 2 2 2 2 2 0 2 2 2 2 2 2 0 2 2 2 2 2 2 2 2 0 2 2 2 2 2 2 2 2 2 2 2 2 2 0 0 2 2 2 2 0 2 2 2 2 2 2 2 2 2 2 2 2 2 2 2 2 2 2 2 2 2 0 2 0 2 2 2 2 2 2 2 2 2 2 2 2 0 2 2 2 2 2 2 1 0 2 0 0 2 2 2 2 0 2 2 2 2 2 2 2 2 2 2 2 2 2 2 2 0 2 2 2 2 2 2 2 2 2 0 2 2 2 2 2 0 2 2 2 2 2 2 2 0 1 2 0 2 2 2 2 0 2 2 2 2 2 2 2 2 2 2 0 2 2 0 2 2 2 2 2 2
606 2 0 0 0 0 0 0 0 0 2 0 0 0 0 0 0 0 0 2 0 0 0 0 0 0 0 0 0 0 2 2 0 2 0 0 0 0 0 0 0 0 2 0 0 2 0 0 0 0 0 0 0 0 0 0 0 0 0 0 0 0 0 0 0 0 0 0 0 0 0 0 0 0 0 0 2 0 0 0 0 0 0 0 0 0 0 1 0 0 0 0 0 0 0 0 2 0 0 0 0 0 0 0 0 0 0 0 0 0 2 2 0 0 2 0 0 0 0 0 2 0 0 0 0 0 0 0 0 0 0 0 0 0 2 0 0 0 2 2 0 2 0 0 0 0 0 0 0 0 0 0 0 0 0 0 0 0 0 0 2 0 0 0 0 0 0 0 0 0 2 0 0 0 0 0 0 0 0 2 2 0 0 0 0 0 0 0 0 0 2 1 0 0 0 0 0 0 0 0 0 0 0 0 0 0 0 0 0 0 0 0 0 0 0 0 0 0 0 0 0 0 0 0 0 0 0 0 0 0 0 0 0 2 0 0 0 0 2 0 0 0 0 0 0 0
607 2 0 2 2 0 2 2 2 2 2 2 2 0 0 2 2 2 2 2 2 2 2 2 0 2 2 2 2 2 2 2 2 2 2 2 2 2 0 2 0 2 2 2 2 2 2 2 2 2 2 2 2 2 0 2 2 2 0 2 2 2 2 2 0 0 0 0 2 0 2 2 2 2 2 2 2 2 2 2 2 2 2 2 2 2 2 2 2 2 2 2 2 2 2 2 2 0 2 2 2 2 2 0 2 2 2 2 2 2 2 2 2 2 2 2 2 2 2 2 2 2 2 2 2 2 2 2 2 2 2 2 2 2 2 2 2 2 2 2 2 2 2 2 2 0 2 2 2 2 2 2 2 2 2 2 2 2 2 2 2 2 2 2 2 2 2 2 2 2 2 2 2 2 2 2 2 2 2 2 2 2 2 2 2 2 2 2 2 2 2 2 2 2 2 0 2 2 2 2 2 2 2 2 2 2 0 2 2 2 2 2 2 2 0 2 2 2 2 2 2 0 2 2 2 2 2 2 2 2 2 2 2 2 2 2 2 2 2 2 2 2 2 2 2 2
608 2 2 2 2 2 2 2 2 2 2 2 2 2 2 2 2 2 2 2 2 2 2 2 2 2 2 2 2 2 2 2 2 2 0 2 1 2 2 2 2 2 2 2 0 2 2 2 2 2 2 2 2 2 2 2 2 2 2 2 2 2 2 2 2 2 2 2 2 2 2 2 2 2 2 2 2 2 2 2 2 0 0 2 2 0 2 2 2 2 2 2 2 2 2 2 2 2 2 2 2 2 2 2 2 0 2 2 0 2 2 2 2 2 2 2 2 2 2 2 2 0 2 2 0 2 2 2 0 2 2 0 2 2 2 2 2 2 2 2 2 2 2 2 2 2 2 2 0 2 2 2 2 2 2 2 2 2 2 2 2 0 2 2 2 2 2 2 2 2 2 2 2 2 2 2 2 2 2 2 2 0 2 2 2 0 2 2 2 2 2 2 2 2 2 2 2 2 2 2 0 2 2 2 2 2 2 2 2 2 2 2 2 2 2 2 2 2 2 2 2 2 2 2 2 2 2 2 2 2 2 2 2 2 2 2 2 2 2 2 2 2 2 2 2 2
609 2 0 2 2 2 2 2 2 2 2 2 2 2 0 2 2 2 2 2 2 2 2 2 0 2 2 2 2 2 2 2 2 2 2 2 2 2 0 2 0 2 2 2 2 2 2 2 2 2 2 2 1 2 0 2 2 2 0 2 2 2 2 2 0 0 0 0 2 0 2 2 2 2 2 2 2 2 2 2 2 2 2 2 2 2 2 2 2 2 2 2 2 2 2 2 2 0 2 2 2 2 2 0 2 2 2 2 2 2 2 2 2 2 2 2 2 2 2 2 2 2 2 2 2 2 2 2 2 2 2 2 2 2 2 2 2 2 2 2 2 2 2 2 2 0 2 2 2 2 2 2 2 2 2 2 2 2 2 2 2 2 2 2 2 2 2 2 2 2 2 2 2 2 2 2 2 2 2 2 2 2 2 2 2 2 2 2 2 2 2 2 2 2 2 0 2 2 2 2 2 2 2 2 2 2 0 2 2 2 2 2 2 2 0 2 2 2 2 2 2 0 2 2 2 2 2 2 2 2 2 2 2 2 2 2 2 2 2 2 2 2 2 2 2 2
610 2 2 2 2 2 2 2 2 2 0 2 2 2 2 2 2 2 2 2 2 2 2 2 2 2 2 2 2 2 2 2 2 2 2 2 2 2 2 2 2 2 0 2 2 0 2 2 2 2 2 2 2 2 2 2 2 2 2 2 2 2 2 2 2 2 2 2 2 2 2 2 2 2 2 2 2 2 2 2 2 2 2 2 2 2 2 2 2 2 2 2 2 2 2 2 2 2 2 2 2 2 2 2 2 2 2 2 2 2 2 0 2 2 0 2 2 2 2 2 2 2 2 2 2 2 2 2 2 2 2 2 2 2 2 2 2 2 2 2 2 0 2 2 2 2 2 2 2 2 2 2 2 2 2 2 2 2 2 2 0 2 2 2 2 2 2 2 2 2 0 2 2 2 2 2 2 2 2 0 0 2 2 2 2 2 2 2 2 2 0 1 2 2 2 2 2 2 2 2 2 2 2 2 2 2 2 2 2 2 2 2 2 2 2 2 2 2 2 2 2 2 2 2 2 2 2 2 2 2 2 2 2 0 2 2 2 2 0 2 2 2 2 2 2 2
611 2 2 2 2 2 2 2 0 2 2 2 0 2 2 2 2 2 0 2 2 2 2 2 2 2 0 2 2 0 2 2 2 0 2 2 2 2 2 2 2 2 2 2 2 2 2 2 2 2 2 2 2 2 2 2 2 2 2 2 2 2 2 2 2 2 2 2 2 2 2 2 2 2 2 2 2 2 0 2 2 2 2 2 2 2 0 2 2 2 2 2 2 2 2 2 0 2 2 0 2 2 2 2 2 2 2 2 2 2 2 2 2 2 2 2 2 2 2 2 0 2 2 0 2 2 2 2 2 2 2 2 2 2 0 0 0 2 2 2 2 2 2 0 2 2 2 2 2 2 2 2 2 2 2 2 2 2 2 2 2 2 2 2 2 2 2 2 2 2 2 2 2 2 2 2 2 2 2 2 2 2 0 2 2 2 2 2 2 2 2 2 2 2 0 2 0 2 2 2 2 2 2 2 2 0 2 2 2 2 2 2 2 2 2 2 2 2 2 2 2 2 2 2 2 2 2 2 2 2 2 2 2 2 2 2 2 2 2 2 2 2 2 2 2 2
612 2 0 2 2 0 2 2 2 2 2 2 2 0 2 2 2 2 2 2 2 2 0 2 2 0 2 2 0 2 2 2 0 2 2 2 2 2 0 2 2 2 2 0 2 2 2 0 0 2 2 2 0 0 2 2 2 2 0 2 2 2 0 2 2 2 0 0 2 2 2 2 2 2 0 2 2 2 2 2 2 2 2 2 2 2 2 2 0 2 2 2 2 2 2 0 2 0 2 2 2 2 2 0 2 2 2 2 2 2 0 2 2 0 2 2 2 2 0 0 2 2 2 2 2 2 2 2 2 2 2 2 2 2 2 2 2 2 2 2 2 2 2 2 2 2 2 2 2 2 2 2 2 2 2 2 0 0 2 2 2 2 0 2 2 2 0 2 0 0 2 2 2 2 0 2 2 0 2 2 2 2 2 2 2 2 2 2 2 2 2 2 2 0 2 2 2 2 2 2 2 2 2 2 2 2 2 2 2 0 2 2 2 2 2 2 2 2 2 2 0 2 2 2 2 2 2 2 2 2 0 0 2 2 2 2 0 2 2 0 2 2 2 2 2 2
613 2 0 0 0 0 0 2 0 0 0 0 0 0 2 0 2 2 0 0 0 0 0 2 2 0 0 2 0 0 0 0 0 0 2 0 2 2 0 0 2 0 0 0 2 0 0 0 0 0 0 0 0 0 2 2 2 0 0 0 0 0 0 2 2 2 0 0 2 2 2 2 0 2 0 2 0 0 0 2 0 2 2 2 2 0 0 0 0 0 0 2 0 2 0 0 0 0 0 0 0 2 2 0 0 2 0 2 2 0 0 0 2 0 0 0 2 0 0 0 0 2 0 0 2 2 2 0 2 0 2 2 2 2 0 0 0 2 2 0 2 0 2 0 0 2 0 2 0 0 0 2 2 2 2 2 0 0 2 0 0 2 0 0 2 2 0 2 0 0 0 0 0 0 0 2 2 0 2 0 0 0 0 0 2 2 2 2 0 2 0 1 2 0 0 0 0 2 2 2 2 0 2 2 2 0 2 2 2 0 0 0 2 0 2 0 0 2 1 2 0 2 0 2 0 0 0 2 2 0 0 0 2 0 2 2 0 0 0 0 2 0 2 0 2 2
614 2 2 0 0 2 2 2 2 0 2 2 2 2 2 2 2 2 2 2 2 2 2 2 2 2 2 2 2 2 2 2 2 2 2 2 2 2 2 2 2 0 2 2 2 2 0 2 2 0 2 0 2 2 2 2 2 2 2 0 2 0 2 2 2 2 2 2 2 2 2 2 0 2 2 2 2 0 2 2 2 2 2 2 2 0 2 0 2 0 2 2 2 2 2 2 2 2 2 2 0 2 2 2 2 2 2 2 2 0 2 2 2 2 2 0 2 2 2 2 2 2 2 2 2 2 2 0 2 0 2 2 2 2 2 2 2 2 2 2 2 2 2 2 0 2 0 2 0 2 2 2 2 2 2 2 2 2 2 1 2 2 2 2 2 2 2 2 2 2 2 0 2 2 2 2 2 2 2 2 2 0 2 2 2 2 2 2 2 2 2 2 2 2 2 2 2 2 2 2 2 2 2 2 2 2 2 2 2 2 2 0 2 0 2 2 2 2 2 2 2 2 2 2 0 0 0 2 2 2 2 2 2 2 2 2 2 2 2 2 2 2 2 0 2 2
615 0 0 2 2 0 0 0 0 2 2 0 0 0 2 0 2 2 2 2 0 2 2 0 2 2 2 0 2 2 2 2 2 0 2 2 1 0 0 0 2 2 2 2 2 2 2 2 2 2 2 2 2 2 2 0 0 2 0 2 0 2 0 2 2 2 0 0 2 2 0 2 2 2 2 2 2 2 0 2 2 2 2 0 0 0 0 2 2 0 2 2 0 0 0 2 0 2 2 0 2 2 2 0 2 2 0 2 2 2 0 2 0 2 2 0 0 2 2 2 0 2 0 0 2 0 0 0 2 0 2 2 0 2 0 2 0 2 2 2 2 2 2 0 0 2 2 2 2 1 0 2 2 2 2 0 0 2 2 1 2 2 2 2 2 2 2 2 2 2 2 2 2 0 0 0 0 2 2 2 2 2 2 2 0 0 2 0 0 2 2 2 2 2 2 2 0 2 0 2 2 0 2 2 2 2 2 0 2 2 0 0 2 2 2 0 2 2 0 0 2 2 0 2 2 2 2 2 2 0 2 2 2 2 2 2 2 2 2 2 2 2 2 2 2 2
616 2 0 2 0 0 0 0 2 2 2 2 2 0 2 2 2 2 0 2 2 2 2 2 2 0 2 2 2 0 2 2 2 0 0 2 1 2 0 2 2 0 2 0 2 2 2 0 2 2 2 0 2 0 2 2 2 2 0 2 2 2 2 0 2 2 0 0 2 2 0 0 2 0 0 2 2 2 2 2 2 2 0 2 0 2 2 2 0 2 2 2 2 2 2 2 0 0 2 2 2 2 2 0 2 2 2 2 2 0 0 2 2 0 2 2 2 2 0 2 0 0 2 2 2 0 0 0 0 2 2 2 0 2 0 2 2 0 2 2 2 2 2 2 2 0 0 0 0 1 2 2 0 0 2 0 0 0 2 2 2 0 0 2 2 2 2 2 1 0 2 0 2 2 0 2 2 0 2 2 2 0 2 2 2 0 2 2 2 2 2 1 2 0 2 0 2 2 2 0 1 2 2 0 2 2 0 2 0 0 2 2 2 2 0 0 2 0 1 0 0 0 0 2 2 0 2 2 2 0 2 0 2 2 2 2 2 2 2 2 0 2 2 0 2 2
617 2 2 2 2 2 2 2 0 2 0 0 2 2 2 0 0 0 2 0 0 0 2 0 2 2 0 0 2 2 0 0 2 2 2 0 1 0 2 0 2 2 0 2 2 0 2 2 2 2 0 2 2 2 2 0 0 0 2 2 0 2 2 2 2 2 2 2 2 2 2 2 2 2 2 0 0 2 2 0 0 0 2 0 2 0 2 2 2 2 0 0 0 0 0 0 2 2 0 0 2 0 0 2 2 0 0 2 0 2 2 0 0 2 0 2 0 0 2 0 2 2 0 0 2 2 2 2 2 2 0 2 2 0 2 0 2 2 0 2 0 0 2 2 0 2 2 2 2 1 0 0 2 2 2 2 2 2 0 0 0 2 2 0 2 0 2 2 1 2 0 2 0 2 2 0 0 2 2 0 0 2 0 0 0 2 2 0 0 2 0 1 0 2 0 0 2 0 0 2 1 0 0 2 0 0 0 0 2 2 0 0 0 2 2 2 0 2 2 2 2 2 2 2 0 2 0 0 2 2 2 2 0 0 2 0 0 0 0 0 2 0 2 2 2 2
618 0 0 0 0 0 0 0 2 0 0 0 0 0 0 2 2 2 0 0 0 2 0 0 0 0 2 2 0 0 0 0 0 0 0 2 1 0 0 0 0 0 0 0 0 0 0 2 0 0 2 0 2 2 0 0 0 0 0 0 0 0 0 0 0 0 0 0 0 0 0 2 0 0 2 2 0 0 0 2 2 0 0 0 0 2 0 0 0 0 2 2 0 0 2 0 0 0 2 2 0 2 2 0 0 2 2 2 2 0 0 0 0 0 0 0 0 2 0 2 0 0 0 0 0 0 0 0 0 0 2 0 0 2 0 2 0 0 0 2 2 0 2 0 2 2 0 0 2 1 2 2 0 2 2 0 2 0 2 2 0 0 0 0 2 2 0 2 0 0 0 0 2 2 2 2 2 0 2 0 0 0 2 2 2 0 2 0 2 2 0 0 2 0 2 2 0 2 2 0 1 2 2 0 2 2 2 2 0 2 2 2 2 0 2 0 2 0 0 0 0 2 0 0 2 0 2 2 2 0 0 0 2 0 2 2 0 2 0 2 0 2 2 0 2 2
619 2 2 0 0 2 2 0 2 2 0 2 0 2 0 2 2 2 0 0 2 2 0 0 0 0 2 2 0 0 0 0 0 2 2 2 2 0 2 2 2 0 0 2 0 0 0 2 0 0 2 0 2 2 0 0 0 2 2 0 2 0 0 0 0 0 2 2 0 0 0 2 0 0 2 2 0 0 0 2 2 0 2 0 0 2 2 0 0 0 2 2 2 0 2 2 2 0 2 2 0 2 2 2 0 2 2 2 2 2 2 0 0 0 0 0 2 2 2 2 2 2 2 2 0 0 0 0 0 0 2 0 0 2 2 2 2 2 2 2 2 0 2 2 2 2 2 0 2 1 2 2 2 2 2 0 2 2 2 2 0 0 0 0 2 2 0 2 0 2 0 2 2 2 2 2 2 0 2 0 0 0 2 2 2 0 2 0 2 2 0 0 2 0 2 2 2 2 2 2 2 2 2 2 2 2 2 2 2 2 2 2 2 0 2 0 2 2 0 0 0 2 0 0 2 2 2 2 2 0 0 0 2 0 2 2 0 2 0 2 2 2 2 2 2 2
620 0 0 2 0 0 0 0 2 2 2 2 0 0 0 2 2 2 0 2 2 2 0 0 0 2 2 2 0 0 2 0 0 2 2 2 2 0 0 2 2 0 2 2 2 2 2 0 0 2 2 0 2 2 0 0 0 2 0 2 0 0 0 0 0 0 0 0 0 0 0 2 0 0 2 2 2 2 0 2 2 2 2 0 2 2 2 2 0 0 2 2 2 0 2 2 2 0 2 2 2 2 2 0 0 2 2 2 2 2 0 2 0 2 2 0 0 2 2 2 2 2 2 2 2 0 1 0 2 0 2 0 0 2 2 2 2 0 2 2 2 2 2 2 2 2 0 0 2 1 2 2 2 2 2 0 2 2 2 2 2 2 2 2 2 2 2 2 1 2 2 0 2 2 2 2 2 0 2 2 2 2 2 2 2 2 2 0 2 2 2 1 2 0 2 2 2 2 2 2 2 2 2 0 2 2 2 2 2 0 2 2 2 2 2 0 2 0 0 2 0 2 0 0 2 0 2 2 2 0 0 2 2 2 2 2 0 2 2 2 2 2 2 2 2 2
621 2 2 2 2 2 2 2 2 2 2 2 2 2 2 2 2 2 2 2 2 2 2 2 2 2 2 2 2 2 2 2 2 2 0 2 0 2 2 2 2 2 2 2 0 2 2 0 2 2 2 2 2 2 2 2 2 2 2 2 2 2 2 2 2 2 2 2 2 2 2 2 0 2 2 2 2 2 2 2 2 2 2 2 2 2 2 2 2 0 2 2 2 2 2 2 2 2 2 2 2 2 2 2 2 2 2 2 2 2 2 2 2 0 2 0 2 2 2 2 2 0 2 2 0 2 2 2 2 2 2 2 2 2 2 2 2 2 2 2 2 2 2 2 2 2 2 2 2 2 2 2 2 2 2 2 2 2 2 2 2 0 2 2 2 2 2 2 2 2 2 2 2 2 2 2 2 2 2 2 2 2 2 2 2 0 2 2 2 2 2 2 2 2 2 2 2 2 2 2 2 2 2 2 2 2 2 2 2 0 2 2 2 2 2 2 2 2 2 2 2 2 2 2 2 2 2 2 2 2 2 2 2 2 2 2 2 2 2 2 2 2 2 2 2 2
622 0 2 2 2 2 0 2 2 2 2 2 0 2 0 2 2 2 2 2 2 2 2 2 0 2 2 2 2 2 2 2 2 2 2 2 2 2 2 2 2 2 2 2 2 2 2 2 0 2 2 2 2 2 0 2 2 2 2 2 2 2 0 2 0 0 2 2 2 0 2 2 2 2 2 2 2 2 0 2 2 2 2 2 2 2 0 2 2 2 2 2 2 2 2 2 2 2 2 2 2 2 2 2 2 2 2 2 2 2 2 2 2 2 2 2 2 2 2 2 2 2 2 2 2 2 2 2 2 0 2 2 2 2 2 2 0 0 0 2 2 2 2 0 2 2 0 2 2 1 2 2 0 2 2 2 2 2 2 2 2 2 2 2 2 2 0 2 2 2 2 0 2 2 2 2 2 2 2 2 2 2 2 2 2 2 2 2 2 2 2 2 2 2 2 0 0 2 2 2 2 2 2 0 2 2 0 2 2 2 2 2 2 2 2 2 2 0 2 2 2 2 2 2 2 0 2 2 2 2 0 2 2 2 2 2 2 2 2 2 2 2 2 2 2 2
623 2 0 2 2 0 2 2 2 2 2 2 2 0 2 0 2 2 2 2 2 2 2 2 2 2 2 2 2 2 2 2 2 2 2 2 2 2 0 2 0 2 2 2 2 2 2 2 2 2 2 2 2 2 2 2 2 2 0 2 2 2 2 2 2 2 0 0 2 2 2 2 2 2 2 2 2 2 2 2 2 2 2 2 2 2 2 2 2 2 2 2 2 2 2 2 2 2 2 2 2 2 2 0 2 2 2 2 2 2 0 2 2 0 2 2 2 0 2 2 2 2 0 2 2 2 2 2 2 2 2 2 2 2 2 2 2 2 2 2 2 2 2 2 2 2 2 2 2 1 2 2 2 2 2 2 2 2 2 2 2 2 2 0 2 2 2 2 1 2 2 2 2 2 2 2 2 2 2 2 2 2 2 2 2 2 2 2 2 2 2 2 2 2 2 2 2 2 2 2 2 2 2 2 2 2 2 2 2 2 2 2 2 2 2 2 0 2 2 2 2 2 2 2 2 2 2 2 2 2 2 2 2 2 2 2 2 2 2 2 2 0 2 2 2 2
624 2 2 2 2 2 2 2 2 2 0 2 2 2 2 2 2 2 2 0 2 2 2 2 2 2 2 2 2 2 0 2 2 2 2 2 2 2 2 2 2 2 2 2 2 0 2 2 2 2 2 2 2 2 2 2 2 2 2 2 2 2 2 2 2 2 2 2 2 2 2 2 2 2 2 2 0 2 2 2 2 2 2 2 2 2 2 2 2 2 2 2 2 2 2 2 2 2 0 2 2 2 2 2 2 2 2 2 2 2 2 2 2 2 0 2 2 2 2 2 2 2 2 2 2 2 2 2 2 2 2 2 2 2 2 2 2 2 2 2 2 0 2 2 2 2 2 2 2 2 2 2 2 2 2 2 2 2 2 2 2 2 2 2 2 2 2 2 2 2 2 2 2 2 2 2 2 2 2 2 0 2 2 2 2 2 2 2 2 2 0 1 2 2 2 2 2 2 2 2 2 2 2 2 2 2 2 2 2 2 2 2 2 2 2 2 2 2 2 2 2 2 2 2 2 2 2 2 2 2 2 2 2 0 2 2 2 2 0 2 2 2 2 2 2 2
625 2 2 2 2 2 2 2 2 2 2 2 2 2 2 2 2 2 2 2 2 2 2 2 2 2 2 2 2 2 2 2 2 2 2 2 2 2 2 2 2 2 2 2 2 2 2 2 2 2 2 2 2 2 2 2 2 2 2 2 2 2 2 2 2 2 2 2 2 2 2 2 0 2 2 2 2 2 2 0 2 2 2 2 2 0 2 2 2 2 2 2 2 2 2 2 2 2 2 2 2 2 2 2 2 2 2 2 0 2 2 2 2 2 2 2 2 2 2 2 2 2 2 2 2 2 2 2 2 2 2 2 2 2 2 2 2 2 2 2 2 2 2 2 0 2 2 2 2 2 2 0 2 2 2 2 2 2 2 1 2 2 2 2 2 2 2 2 2 2 2 2 2 2 2 2 0 2 2 2 2 2 2 2 2 2 2 2 1 2 2 2 2 2 2 2 2 0 2 2 2 2 2 2 0 2 2 2 2 2 2 2 0 2 2 2 2 2 1 2 2 2 0 2 2 2 2 2 2 0 2 2 2 2 2 0 2 2 2 2 2 2 2 2 2 2
626 2 2 2 2 2 2 2 2 2 2 2 2 2 2 2 2 2 2 2 2 2 2 2 2 2 2 2 2 2 2 2 2 2 2 2 2 2 2 2 2 2 2 2 0 2 2 2 2 2 2 2 2 2 2 2 2 2 2 2 2 2 2 2 2 2 2 2 2 2 2 2 2 2 2 2 2 2 2 2 2 2 2 2 2 2 2 2 2 2 2 2 2 2 2 2 2 2 2 2 2 2 2 2 2 2 2 2 2 0 2 2 2 2 2 2 2 2 2 2 2 2 2 2 0 2 2 2 2 0 2 2 2 2 2 2 2 2 2 2 2 2 2 2 2 2 2 2 0 2 2 2 2 2 2 2 1 0 2 2 2 2 2 2 2 2 2 2 2 2 2 2 2 2 2 2 2 2 2 2 2 2 2 2 2 0 2 2 2 2 2 2 2 2 2 2 2 2 2 0 2 2 2 2 2 2 2 2 0 2 2 0 2 2 2 2 2 2 2 2 2 2 2 2 2 2 2 2 2 2 0 2 2 2 2 2 2 2 2 2 0 2 2 2 2 2
627 2 2 2 2 2 2 2 0 2 2 2 2 2 2 0 2 0 2 2 2 2 2 2 2 2 2 2 2 2 2 2 2 2 2 2 2 2 2 2 2 2 2 2 0 2 2 2 2 2 2 2 2 2 2 2 2 2 2 2 2 2 2 2 2 2 2 2 2 2 2 2 2 2 2 0 2 2 2 2 2 2 2 2 2 2 2 2 2 2 2 0 2 2 2 2 2 2 2 0 2 2 2 2 2 2 2 2 2 0 2 2 2 2 2 2 2 0 2 2 2 2 2 2 0 2 2 2 2 0 2 2 2 2 2 2 2 2 2 2 0 2 2 2 2 2 2 2 0 1 2 2 2 2 2 2 2 0 0 1 2 2 2 2 2 0 2 2 2 2 2 2 2 2 2 2 2 2 2 2 2 2 2 2 2 2 2 2 2 2 2 2 2 2 2 2 2 2 2 0 2 2 0 2 2 2 2 2 0 2 2 2 2 2 2 0 0 2 2 2 2 2 2 2 2 2 2 2 2 2 0 2 2 2 2 2 2 2 2 2 0 0 2 2 2 2
628 2 2 2 2 2 2 2 2 2 2 2 2 2 2 2 2 2 2 2 2 2 2 2 2 2 2 2 2 2 2 2 2 2 2 2 2 2 2 2 0 2 2 0 0 2 2 2 2 2 2 0 2 0 2 2 2 0 2 2 2 2 2 2 2 2 2 2 2 0 2 2 2 2 0 2 2 2 2 2 2 2 2 2 2 2 0 2 2 2 2 2 2 2 2 0 2 2 2 2 2 2 2 2 2 0 2 2 2 0 2 2 2 2 2 0 2 2 2 2 2 2 2 2 0 2 2 2 0 0 2 2 2 2 2 2 0 2 2 2 2 2 2 0 2 2 2 0 0 2 2 2 0 2 2 2 0 0 2 2 2 0 2 2 2 2 2 2 2 2 2 2 2 2 2 2 2 2 2 2 2 2 2 2 2 0 0 2 2 2 2 2 2 2 2 0 0 2 2 0 0 2 2 2 2 2 0 2 0 2 2 0 2 2 2 2 2 2 1 2 2 2 0 2 2 2 2 2 2 0 0 0 2 2 2 2 2 2 2 2 0 2 2 2 2 2
629 2 2 2 2 2 2 2 2 2 2 2 0 2 0 2 2 2 2 2 2 2 2 2 0 2 2 2 2 2 2 2 2 2 2 2 2 2 2 2 2 2 2 2 2 2 2 2 2 2 2 2 2 2 0 2 2 2 2 2 0 0 2 2 0 0 2 2 2 2 2 2 0 2 2 2 2 2 0 2 2 2 2 2 2 2 2 2 0 2 2 2 2 2 2 2 2 2 2 2 2 2 2 2 2 2 2 2 2 2 2 2 2 2 2 2 2 2 2 2 2 2 2 2 2 0 2 2 2 2 2 0 2 2 2 2 2 2 2 2 2 2 2 2 2 0 2 2 2 2 0 2 2 2 2 2 2 2 2 2 2 2 0 2 2 2 2 2 1 2 2 0 2 2 2 2 2 0 2 2 2 2 2 2 2 2 2 2 2 2 2 2 2 0 2 2 2 2 2 2 2 0 2 2 2 2 2 2 2 2 0 2 2 2 0 2 2 2 1 2 0 0 2 2 2 0 2 2 2 2 2 2 2 2 2 2 0 2 2 2 2 2 2 2 2 2
630 2 2 2 0 2 2 2 2 2 2 2 2 2 2 2 2 2 2 2 2 2 0 2 2 2 2 2 0 2 2 2 0 2 0 2 1 2 2 2 0 0 2 2 2 2 2 2 2 2 2 0 2 2 2 2 2 2 2 2 2 2 0 2 2 2 2 2 2 2 2 2 2 0 2 2 2 2 2 2 2 2 0 2 2 2 0 2 2 0 2 2 2 2 2 2 2 2 2 2 2 2 2 2 2 2 2 2 2 2 2 2 2 0 2 2 2 2 0 2 2 2 2 2 2 2 2 0 2 2 2 2 2 2 2 2 0 2 2 2 2 2 2 0 2 2 2 2 2 2 2 2 0 2 2 2 0 2 2 2 0 2 2 2 2 2 2 2 2 0 0 2 2 2 0 2 2 2 2 0 2 0 2 2 2 2 0 2 2 2 2 2 2 2 2 2 0 2 2 2 2 2 2 2 2 2 2 2 2 2 2 0 2 2 2 2 2 2 2 2 2 2 2 2 2 2 2 2 2 2 2 2 2 2 2 2 2 2 2 2 2 2 2 0 2 2
631 2 2 2 2 2 2 2 2 2 2 2 0 2 0 2 2 2 2 2 2 2 2 2 0 2 2 2 2 2 2 2 2 2 2 2 2 2 2 2 2 2 2 2 2 2 2 2 2 2 2 2 2 2 0 2 2 2 2 2 0 0 2 2 0 0 2 2 2 2 2 2 2 2 2 2 2 2 0 2 2 2 2 2 2 2 2 2 0 2 2 2 2 2 2 2 2 2 2 2 2 2 2 2 2 2 2 2 2 2 2 2 2 2 2 2 2 2 2 2 2 2 2 2 2 2 2 2 2 2 2 0 2 2 2 2 2 2 2 2 2 2 2 2 2 0 2 2 2 2 2 2 2 2 2 2 2 2 2 2 2 2 0 2 2 2 2 2 1 2 2 0 2 2 2 2 2 0 2 2 2 2 2 2 2 2 2 2 2 2 2 2 2 0 2 2 2 2 2 2 2 2 2 2 2 2 2 2 2 2 2 2 2 2 0 2 2 2 1 2 0 0 2 2 2 0 2 2 2 2 2 2 2 2 2 2 0 2 2 2 2 2 2 2 2 2
632 2 2 2 2 2 2 1 2 2 2 2 2 2 2 2 2 2 2 2 2 2 2 0 2 0 2 2 2 2 2 2 2 0 2 2 2 1 2 2 2 2 2 2 2 2 2 2 2 2 2 2 2 2 2 0 0 2 2 2 2 2 2 0 2 2 2 2 2 2 0 2 2 2 2 2 2 2 2 2 2 2 2 0 2 0 2 2 2 2 2 2 2 1 0 2 1 2 2 2 2 2 2 2 2 2 2 2 2 2 2 2 0 2 2 2 2 2 2 2 1 2 2 2 2 2 0 2 2 2 2 2 0 2 0 2 2 2 2 2 2 2 2 2 1 2 2 2 2 2 2 2 2 2 2 0 2 2 2 1 2 2 2 2 2 2 2 2 2 2 2 2 2 2 2 2 0 2 2 2 2 2 2 2 2 2 2 0 0 2 2 1 2 2 2 2 2 2 0 2 2 2 2 2 2 2 2 1 2 2 2 2 0 2 2 2 2 2 2 2 2 2 2 2 1 2 2 2 2 2 2 2 2 2 2 0 2 2 2 2 2 2 2 2 2 2
633 2 2 2 2 2 2 2 2 2 2 2 0 2 0 2 0 2 2 2 2 2 2 2 0 2 0 2 2 2 2 2 2 2 2 2 2 2 2 2 2 2 2 2 2 2 2 2 2 2 2 2 2 2 0 2 2 2 2 2 0 2 2 2 0 0 2 2 2 2 2 2 2 2 2 2 2 2 0 2 2 2 2 2 0 2 2 2 0 2 2 2 2 2 2 2 2 2 2 2 2 2 2 2 2 2 2 2 2 2 2 2 2 2 2 2 2 2 2 2 2 2 2 0 2 2 2 2 2 2 0 0 2 2 2 2 2 2 0 2 2 2 2 2 2 2 2 2 2 2 2 2 2 2 2 2 2 2 2 2 2 2 0 2 2 2 2 2 0 2 2 0 2 2 0 2 2 0 2 2 2 2 2 2 2 2 2 2 2 2 2 2 2 0 2 2 2 2 2 2 2 2 2 2 2 2 2 2 2 2 2 2 2 2 2 2 2 2 1 2 0 2 2 2 2 0 2 2 2 2 2 2 0 2 2 2 2 2 2 2 2 2 2 2 2 2
634 2 2 2 2 2 2 2 0 2 2 2 2 2 2 2 2 0 2 2 2 0 2 2 2 2 2 0 2 2 2 2 2 2 2 2 1 2 2 2 2 2 2 2 2 2 2 2 2 2 0 2 2 2 2 2 2 2 2 2 2 2 2 2 2 2 2 2 2 2 2 2 2 2 2 0 2 2 2 0 0 2 2 2 2 2 2 2 2 2 2 0 2 2 2 2 2 2 2 0 2 0 2 2 0 2 0 2 0 2 2 2 2 2 2 2 2 0 2 0 2 2 2 2 2 0 2 2 2 2 2 2 2 2 2 0 2 2 2 2 0 2 2 2 2 2 2 2 2 2 0 0 2 2 2 2 2 2 0 2 2 2 2 2 2 0 2 2 2 2 2 2 2 0 2 2 2 2 2 2 2 2 0 2 0 2 2 2 2 2 2 2 0 2 0 2 2 0 2 2 2 0 0 2 0 0 2 2 2 2 0 2 2 2 2 0 0 2 2 2 2 2 2 2 2 2 0 0 2 2 2 2 2 2 2 2 2 2 2 0 2 0 2 2 2 2
635 0 2 2 2 2 2 2 2 2 0 2 2 2 2 2 2 0 2 0 2 2 2 2 2 2 2 2 2 2 0 2 2 2 2 2 2 2 2 2 2 2 0 2 2 0 2 2 2 2 2 2 2 2 2 2 2 2 2 2 2 2 2 2 2 2 2 2 2 2 2 2 2 2 2 0 0 2 2 2 2 2 2 2 2 2 2 2 2 2 2 0 2 2 2 2 2 2 2 2 2 2 2 2 2 2 2 2 2 2 2 0 2 2 0 2 2 2 2 2 2 2 2 2 2 2 2 2 2 2 2 2 2 2 2 2 2 2 2 2 0 0 2 2 2 2 2 2 2 2 2 2 2 2 2 2 2 2 0 2 2 2 2 2 2 0 2 2 2 2 2 2 2 2 2 2 2 2 2 2 0 2 2 2 2 2 2 2 2 2 0 1 2 2 2 2 2 2 2 2 2 2 0 2 2 2 2 2 2 2 2 2 2 2 2 2 2 2 2 2 2 2 2 2 2 2 2 2 2 2 2 2 2 0 2 2 2 2 0 2 2 2 2 2 2 2
636 2 2 0 2 2 2 2 2 0 2 0 2 2 2 2 2 2 2 2 0 2 2 2 2 2 2 2 2 2 2 2 2 2 2 2 2 2 2 0 2 2 2 2 2 2 0 2 0 0 2 2 2 2 2 2 2 2 2 0 2 2 2 2 2 2 2 2 2 2 2 2 2 2 2 2 2 0 2 2 2 2 2 2 2 2 2 0 2 0 2 2 0 2 2 2 2 2 2 2 0 2 2 2 2 0 2 2 2 2 2 2 2 0 2 2 2 2 2 2 2 2 2 2 2 2 2 2 2 2 2 2 2 2 2 2 2 2 2 2 2 2 2 2 2 2 2 2 2 2 2 2 2 2 2 2 2 2 2 2 2 2 2 2 2 2 2 2 2 2 2 2 2 2 2 2 2 2 2 2 2 0 2 2 2 2 2 2 2 2 2 2 2 2 2 2 2 2 2 2 0 2 2 2 2 2 2 2 2 2 2 2 2 0 2 2 2 2 2 2 2 2 2 2 2 2 2 2 2 2 2 2 2 2 2 2 2 2 2 2 2 2 2 2 2 2
637 2 0 2 2 0 2 2 2 2 2 2 2 0 2 2 2 2 2 2 2 2 2 2 2 2 2 2 2 2 2 2 2 2 2 2 2 2 0 2 2 2 2 2 2 2 2 2 2 2 2 2 2 2 2 2 2 2 0 2 2 2 2 2 2 2 0 0 2 2 2 2 2 2 2 2 2 2 2 2 2 2 2 2 2 2 0 2 2 2 2 2 2 2 2 2 2 2 2 2 2 2 2 0 2 2 2 0 2 2 0 2 2 2 2 2 2 2 2 2 2 2 2 2 2 2 2 0 2 2 2 2 2 0 2 2 0 2 2 2 2 2 2 0 2 2 2 2 2 2 2 2 2 2 0 2 0 2 2 2 2 2 2 2 0 2 2 0 2 2 2 2 2 2 2 2 2 2 0 2 2 2 2 2 2 2 2 2 2 0 2 2 0 2 2 2 0 2 2 2 2 2 2 2 2 2 2 2 2 2 2 0 2 2 2 2 2 2 2 2 2 2 2 2 2 2 2 0 2 2 2 2 2 2 0 2 2 2 2 2 2 2 2 2 2 0
638 2 2 2 0 2 2 0 2 0 2 0 0 2 0 2 2 2 2 2 0 2 0 0 0 2 2 2 0 2 2 0 0 0 2 2 2 2 2 0 0 0 2 2 2 2 2 2 2 2 2 0 0 2 2 0 0 2 2 2 0 0 2 0 0 0 2 2 0 2 0 2 2 2 2 2 2 2 0 2 2 2 2 0 2 0 2 2 0 0 2 2 0 0 2 2 0 2 2 2 2 2 2 2 2 0 2 2 2 2 2 2 0 0 2 0 2 2 2 2 0 2 2 0 2 2 0 0 2 0 2 0 0 2 0 2 2 2 2 2 2 2 2 2 2 2 2 2 2 2 2 0 0 2 2 0 2 2 2 2 2 0 2 2 2 2 2 2 1 0 2 2 2 2 2 2 0 0 2 2 2 0 2 2 2 2 2 0 2 2 2 1 2 0 2 2 2 2 0 2 0 2 2 2 2 2 2 0 2 2 2 2 0 2 2 2 2 2 1 0 0 2 2 0 0 2 0 2 2 2 2 2 2 2 2 0 0 2 2 2 2 2 2 2 2 2
639 0 0 0 2 0 0 0 0 0 0 0 2 0 2 0 0 0 0 0 0 0 0 0 2 0 0 0 0 0 0 2 0 0 0 0 0 0 0 0 0 2 0 0 0 0 0 0 0 0 0 2 0 0 0 0 0 0 0 0 2 2 0 0 2 2 0 0 0 2 0 0 0 0 0 0 0 0 2 0 0 0 0 0 0 0 0 0 0 0 0 0 0 0 0 0 0 0 0 0 0 0 0 0 0 2 0 0 0 0 0 0 0 0 0 0 0 0 0 0 0 0 0 2 0 0 0 0 0 0 0 0 0 0 0 0 0 0 0 0 0 0 0 0 0 0 0 0 0 0 0 2 0 0 0 0 0 0 0 0 0 0 0 0 0 0 0 0 0 2 0 0 0 0 0 0 0 0 0 0 0 0 0 0 0 0 0 0 0 0 0 0 0 0 0 0 0 0 0 0 2 0 0 0 0 0 0 2 0 0 0 0 0 0 0 0 0 0 0 2 0 0 0 0 0 0 0 0 0 0 0 0 0 0 0 0 2 0 0 0 0 0 0 0 0 0
640 2 2 2 2 2 2 2 2 2 2 2 2 2 2 2 2 2 2 2 2 2 2 2 2 2 2 2 2 2 2 2 2 2 2 2 2 2 2 2 2 2 2 2 2 2 2 2 2 2 2 2 2 2 2 2 2 2 2 2 2 2 2 2 2 2 2 2 2 2 2 2 2 2 2 2 2 2 2 2 2 2 2 2 2 2 2 2 2 2 2 2 2 2 2 2 2 2 2 2 2 2 2 2 2 2 2 0 2 2 2 2 2 2 2 2 0 2 2 2 2 2 2 2 2 2 2 2 2 2 2 2 2 0 2 2 2 2 2 2 2 2 0 2 2 2 2 2 2 2 2 2 2 2 0 2 2 2 2 2 2 2 2 2 0 2 2 0 2 2 2 2 2 2 2 0 2 2 0 2 2 2 2 2 2 2 2 2 2 0 2 2 2 2 2 2 2 2 2 2 2 2 2 2 2 2 2 2 2 2 2 2 2 2 2 2 2 2 2 2 2 2 2 2 2 2 2 2 2 2 2 2 2 2 2 2 2 2 2 2 2 2 0 2 0 0
641 2 2 2 2 2 2 2 2 0 2 2 0 2 0 2 2 2 2 2 2 2 0 2 0 2 2 2 0 2 2 2 0 2 2 2 2 2 2 2 2 2 2 2 2 2 2 2 2 2 2 2 2 2 2 2 2 2 2 2 0 0 2 2 2 2 2 2 0 2 2 2 2 2 2 2 2 2 0 2 2 2 2 2 2 2 2 2 2 2 2 2 2 2 2 2 2 2 2 2 2 2 2 2 2 2 2 2 2 2 2 2 2 2 2 2 2 2 2 2 2 2 2 0 2 2 2 2 2 2 2 0 2 2 2 2 2 2 2 2 2 2 2 2 2 2 2 2 2 2 2 2 2 2 2 2 2 2 2 2 2 2 0 2 2 2 2 2 2 2 2 0 2 2 2 2 2 2 2 2 2 2 2 2 2 2 2 2 2 2 2 2 2 2 2 2 2 2 2 2 2 2 2 2 2 2 2 2 2 2 2 2 2 2 2 2 2 2 2 2 2 2 2 0 2 0 2 2 2 2 2 2 2 2 2 2 2 2 2 2 2 2 2 2 2 2
642 2 2 2 2 2 2 2 2 2 2 2 2 2 2 0 0 0 2 2 2 2 2 2 2 2 2 0 2 2 2 2 2 2 2 2 1 2 2 2 2 2 2 2 2 2 2 2 2 2 2 2 2 2 2 2 2 2 2 2 2 2 2 2 2 2 2 2 2 2 2 2 2 2 2 0 2 2 2 2 2 2 2 2 2 2 2 2 2 2 2 0 2 2 2 2 2 2 2 2 2 0 2 2 2 2 2 2 2 2 2 2 2 2 2 2 2 2 2 2 2 2 2 2 2 2 2 2 2 2 0 2 2 2 2 2 2 2 0 2 0 2 2 2 0 2 2 2 2 1 2 2 2 2 2 2 2 2 2 0 2 2 2 2 2 0 2 2 2 2 2 2 2 2 2 2 2 2 2 2 2 2 2 2 0 2 2 2 2 2 2 2 2 2 2 2 2 0 2 2 2 2 0 2 2 2 2 2 2 2 2 2 2 2 2 2 0 2 2 2 2 2 2 2 2 2 2 2 2 2 2 2 0 2 2 2 2 2 2 2 2 2 2 2 2 2
643 2 2 2 0 2 2 0 2 2 2 0 2 2 2 2 2 2 2 2 0 2 0 0 2 2 2 2 0 2 2 2 0 0 2 2 2 2 2 0 2 0 2 2 2 2 2 2 2 2 2 0 2 2 2 0 0 2 2 2 0 0 2 2 2 2 2 2 0 2 0 2 2 0 2 2 2 2 2 2 2 2 2 2 0 2 2 2 2 2 2 2 0 2 2 2 0 2 2 2 2 2 2 2 2 2 2 2 2 2 2 2 2 2 2 2 2 2 2 2 0 2 0 2 2 2 0 2 2 2 2 0 0 2 0 2 2 2 2 0 2 2 2 2 2 2 2 2 2 2 2 2 2 2 2 0 2 2 2 2 2 2 2 2 2 2 2 2 2 2 2 2 2 2 2 2 2 2 2 2 2 2 2 2 2 2 2 2 2 2 2 2 2 2 2 2 2 2 2 2 2 2 2 2 2 2 2 2 2 2 2 2 2 2 2 2 2 2 1 0 2 2 2 0 0 2 0 2 2 2 2 2 2 2 2 2 2 2 2 2 2 2 2 2 2 2
644 2 2 2 2 2 2 2 2 2 2 2 2 2 2 2 2 2 2 2 2 2 2 2 2 2 2 2 2 2 2 2 2 2 0 2 1 2 2 2 2 2 2 2 2 2 2 2 2 2 2 2 2 0 2 2 2 2 2 2 2 2 2 2 2 0 2 2 2 2 2 2 2 2 0 2 2 2 2 2 2 2 2 2 2 2 0 2 2 2 2 2 2 2 2 2 2 2 2 2 2 2 2 2 2 2 2 2 2 2 2 2 2 0 2 2 2 2 2 2 2 2 2 2 2 2 2 2 2 0 2 2 2 2 2 2 0 2 2 2 2 2 2 0 2 2 2 2 2 2 2 2 2 2 2 2 0 2 2 2 2 0 0 2 2 2 2 2 2 2 2 0 2 2 0 2 2 2 2 2 2 0 2 2 2 2 2 2 2 2 2 2 2 2 2 2 0 2 2 2 2 2 2 2 2 2 2 2 2 2 2 2 2 2 2 2 2 2 2 2 2 2 2 2 2 0 2 2 2 2 0 2 2 2 2 2 2 2 2 2 2 2 2 2 2 2
645 2 2 2 2 2 2 2 2 2 2 2 2 2 2 0 2 0 2 2 2 2 2 2 2 2 2 0 2 2 2 2 2 2 2 2 1 2 2 2 2 2 2 2 2 2 2 2 2 2 2 2 2 2 2 2 2 2 2 2 2 2 2 2 2 2 2 2 2 2 2 2 2 2 2 0 2 2 2 2 2 2 2 2 2 2 2 2 2 2 2 0 2 2 2 2 2 2 2 2 2 0 2 2 2 2 2 2 2 2 2 2 2 2 2 2 2 2 2 2 2 2 2 2 2 2 2 2 2 2 2 2 2 2 2 2 2 2 0 2 0 2 2 2 2 2 2 2 2 1 2 0 2 2 2 2 2 2 2 1 2 2 2 2 2 0 2 2 2 2 2 2 0 0 2 0 0 2 2 2 2 2 2 2 0 2 2 2 2 2 2 2 2 2 2 2 2 2 2 2 2 2 0 2 2 2 2 0 2 2 2 2 2 2 2 2 0 2 2 2 2 2 2 2 2 2 2 2 2 2 2 2 2 2 2 2 2 2 2 2 2 2 2 2 0 2
646 2 2 2 2 2 2 2 2 2 2 2 2 2 0 2 2 2 2 2 2 2 2 2 0 2 2 2 2 2 2 2 2 2 2 2 2 2 2 2 2 2 2 0 2 2 2 0 2 2 2 2 2 2 0 2 2 0 2 2 2 2 2 2 0 2 2 2 2 2 2 2 2 2 2 2 2 2 2 2 2 2 0 2 2 2 0 2 0 0 2 2 2 2 2 0 2 0 2 2 2 2 0 2 2 2 2 2 2 0 2 2 2 2 2 2 2 2 0 2 2 2 2 2 2 2 2 2 2 2 2 2 2 2 2 2 0 2 2 0 2 2 2 0 2 0 2 2 0 2 2 2 0 2 2 2 0 0 2 2 2 0 2 2 2 2 2 2 1 2 2 2 2 2 2 2 2 0 2 2 2 2 2 2 2 0 2 2 2 2 2 2 2 0 2 2 0 2 2 0 2 2 2 2 2 2 2 2 0 0 2 2 2 2 0 2 2 2 2 2 0 0 2 2 2 2 2 2 2 2 2 2 2 2 2 2 2 2 2 2 0 2 2 0 2 2
647 2 0 2 2 2 2 2 2 2 2 2 2 2 0 2 0 2 2 2 2 2 2 2 0 2 2 2 2 2 2 0 2 2 0 2 1 2 0 2 2 2 2 0 0 2 2 0 2 2 2 2 0 0 0 2 2 0 0 2 2 2 2 2 0 0 2 0 2 2 2 2 2 2 0 2 2 2 2 2 2 2 0 2 2 2 0 2 0 0 2 2 2 2 2 0 2 0 2 2 2 2 0 0 2 0 2 2 2 0 2 2 2 0 2 2 2 2 0 2 2 0 2 2 0 0 2 2 0 0 0 2 2 2 2 2 0 2 2 0 2 2 2 0 0 0 0 0 0 1 2 2 0 2 2 2 0 0 2 1 2 0 2 0 2 2 2 2 0 0 2 2 2 2 2 2 2 0 2 2 2 0 2 2 2 0 2 2 2 2 2 2 2 0 2 2 0 2 2 0 0 2 2 2 2 2 2 2 0 0 2 0 2 2 0 2 2 2 2 2 0 0 2 2 2 2 2 2 2 2 0 0 2 2 2 2 2 2 2 2 0 2 2 0 2 2
648 2 2 2 2 2 2 2 2 2 2 2 2 2 2 2 2 2 2 2 2 2 2 2 2 2 2 2 2 2 2 2 2 2 0 2 1 2 2 2 2 2 2 2 0 2 2 2 2 2 2 2 2 0 2 2 2 2 2 2 2 2 2 2 2 0 2 2 2 2 2 2 2 2 0 2 2 2 2 2 2 2 2 2 2 2 2 2 2 2 2 2 2 2 2 2 2 2 2 2 2 2 2 2 2 2 2 2 2 2 2 2 2 0 2 2 2 2 2 2 2 0 2 2 0 2 2 2 0 0 2 2 2 2 2 2 2 2 2 2 2 2 2 2 2 2 2 2 2 1 2 2 2 2 2 2 2 2 2 2 2 2 2 0 2 2 2 2 1 0 2 2 2 2 2 2 2 2 2 2 2 0 2 2 2 2 2 2 2 2 2 2 2 2 2 2 2 2 2 2 2 2 2 2 2 2 2 2 2 2 2 0 2 2 2 2 2 2 2 2 2 2 2 2 2 2 2 2 2 2 0 0 2 2 2 2 2 2 2 2 2 2 2 2 2 2
649 2 2 2 2 2 2 2 2 2 2 2 2 2 2 2 2 2 2 2 2 2 2 2 2 2 2 2 2 2 2 2 2 2 2 2 2 0 2 2 2 2 2 2 2 2 2 2 2 2 2 2 2 2 2 2 2 2 2 2 2 2 2 0 2 2 2 2 2 2 0 2 2 2 2 2 2 2 2 0 2 2 2 2 2 2 2 2 2 2 2 2 2 2 2 2 2 2 2 2 2 2 2 2 2 2 2 2 0 2 2 2 2 2 2 2 2 2 2 0 2 2 2 2 2 2 2 2 2 2 2 2 0 2 2 2 2 2 2 2 2 2 2 2 2 2 2 2 2 2 2 2 2 2 2 0 2 2 2 2 2 2 2 2 2 2 2 2 2 2 2 2 2 2 2 2 2 2 2 2 2 2 2 2 2 2 2 0 2 2 2 1 2 2 2 2 2 0 2 2 2 2 2 2 0 2 2 2 2 2 2 2 0 2 2 2 2 2 2 2 2 2 2 2 2 2 0 2 2 2 2 2 2 2 2 0 2 2 2 0 2 2 2 2 2 2
650 2 2 2 2 0 2 2 0 2 2 2 2 0 2 0 2 0 2 2 2 2 2 2 2 0 0 0 2 2 2 2 2 2 2 2 1 2 2 2 2 2 2 2 2 2 2 2 2 2 2 2 2 2 2 2 2 2 2 2 2 2 2 2 2 2 0 2 2 2 2 2 2 2 2 0 2 2 2 2 2 0 2 2 2 2 2 2 2 2 2 0 2 2 2 2 2 2 2 0 2 0 2 2 2 2 2 0 2 2 0 2 2 2 2 2 0 0 2 2 2 2 2 2 2 2 2 2 2 2 2 2 2 0 2 2 2 2 0 2 0 2 0 2 2 2 2 2 2 1 2 0 2 2 0 2 2 2 0 1 2 2 2 2 0 0 2 0 2 2 2 2 0 0 2 0 0 2 0 2 2 2 2 2 0 2 2 2 2 0 2 2 0 2 2 2 2 2 2 2 2 2 0 2 2 2 2 0 2 2 2 2 2 2 2 2 0 2 2 0 2 2 2 2 2 2 2 0 0 2 2 2 2 2 0 2 2 2 2 2 2 2 2 2 0 0
651 2 2 2 2 2 2 2 2 2 2 2 2 2 0 2 2 2 2 2 2 2 2 2 0 2 2 2 2 2 2 2 2 2 0 2 1 2 2 2 2 2 2 2 0 2 2 0 2 2 2 2 0 0 2 2 2 0 2 2 2 2 2 2 2 0 2 2 2 0 2 2 2 2 0 2 2 2 2 2 2 2 2 2 2 2 0 2 2 2 2 2 2 2 2 2 2 0 2 2 2 2 0 2 2 2 2 2 2 2 2 2 2 0 2 2 2 2 2 2 2 2 2 2 0 2 2 2 2 0 2 2 2 2 2 2 0 0 2 0 2 2 2 0 2 2 2 0 0 1 2 2 0 2 2 2 0 2 2 2 2 0 0 0 2 2 2 2 1 0 2 0 2 2 2 2 2 2 2 2 2 0 2 2 2 2 2 2 2 2 2 2 2 2 2 0 0 2 2 2 2 2 2 2 2 2 0 2 2 0 2 0 2 2 2 2 2 2 2 2 2 2 2 2 2 0 2 2 2 2 0 0 2 2 2 2 0 2 2 2 2 2 2 0 2 2
652 0 2 2 2 2 2 2 2 2 0 2 2 2 2 2 2 2 2 0 2 2 2 2 2 2 2 2 2 2 0 2 2 2 2 2 2 2 2 2 2 2 2 2 2 0 2 2 2 2 2 2 2 2 2 2 2 2 2 2 2 2 2 2 2 2 2 2 2 2 2 2 2 2 2 2 0 2 2 2 2 2 2 2 2 2 2 2 2 2 2 2 2 2 2 2 2 2 2 2 2 2 2 2 2 2 2 2 2 2 2 2 2 2 0 2 2 2 2 2 2 2 2 2 2 2 2 2 2 2 2 2 2 2 2 2 2 2 2 2 2 0 2 2 2 2 2 2 2 2 2 2 2 2 2 2 2 2 2 2 2 2 2 2 2 2 2 2 2 2 2 2 2 2 2 2 2 2 2 2 0 2 2 2 2 2 2 2 2 2 0 1 2 2 2 2 2 2 2 2 2 2 2 2 2 2 2 2 2 2 2 2 2 2 2 2 2 2 2 2 2 2 2 2 2 2 2 2 2 2 2 2 2 0 2 2 2 2 0 2 2 2 2 2 2 2
653 0 2 2 0 2 2 2 2 2 0 2 2 2 2 2 2 2 2 0 2 2 2 2 2 2 2 2 2 2 0 2 2 2 2 2 2 0 2 2 2 0 2 2 2 0 2 2 2 2 2 2 2 2 2 2 2 2 2 2 2 2 2 0 2 2 2 2 2 2 0 2 2 2 2 2 0 2 2 2 2 2 2 0 2 2 2 2 2 2 2 2 2 0 2 2 2 2 2 2 2 2 2 2 2 2 2 2 2 2 2 2 0 2 0 2 2 2 2 0 2 2 2 2 2 2 2 2 2 2 2 0 0 2 2 2 2 2 2 2 2 0 2 2 2 2 2 2 2 2 2 2 2 2 2 0 2 2 2 2 2 2 2 2 2 2 2 2 2 2 2 2 2 2 2 2 2 2 2 2 0 2 2 2 2 2 2 0 2 2 0 0 2 2 2 2 2 0 2 2 2 2 2 2 0 2 2 2 2 2 2 2 0 2 2 2 2 2 2 2 2 2 2 2 2 2 0 2 2 2 2 2 2 0 2 0 2 2 0 0 2 2 2 2 2 2
654 2 2 2 2 2 2 2 2 2 2 2 2 2 2 2 2 0 2 2 2 2 2 2 2 2 2 2 2 2 2 2 2 2 2 2 2 2 2 2 2 2 2 2 2 2 2 2 2 2 2 2 2 2 2 2 2 2 2 2 2 2 2 2 2 2 2 2 2 2 2 2 2 2 2 0 2 2 2 2 2 2 2 2 0 2 2 2 2 2 2 2 2 2 0 2 2 2 2 2 2 0 2 2 2 2 2 2 2 2 2 2 2 2 2 2 2 2 2 2 2 2 2 2 2 2 2 2 2 2 2 2 2 2 2 2 2 2 2 2 0 2 2 2 2 2 2 2 2 2 2 2 2 2 2 2 2 2 0 1 2 2 2 2 2 0 2 2 2 2 2 2 2 2 2 2 2 2 2 2 2 2 2 2 2 2 2 2 0 2 2 2 2 2 2 2 2 2 2 2 2 2 0 2 2 2 2 2 2 2 2 2 2 2 2 0 2 2 2 2 2 2 2 2 2 2 2 2 2 2 2 2 2 2 2 2 2 2 2 2 2 2 2 2 0 2
655 2 2 2 2 2 2 2 0 2 2 2 2 2 2 0 2 0 2 2 2 2 2 2 2 2 2 0 2 2 2 2 2 2 2 2 1 2 2 2 2 2 2 2 2 2 2 2 2 2 2 2 2 2 2 2 2 2 2 2 2 2 0 2 2 2 2 2 2 2 2 2 2 2 2 0 2 2 2 2 2 0 2 2 0 2 2 2 2 2 2 2 2 2 2 2 2 2 2 0 2 0 2 2 2 2 2 0 2 2 2 2 2 2 2 2 2 2 2 2 2 2 2 2 2 2 2 2 2 2 2 2 2 0 2 2 2 2 2 0 0 2 0 2 2 2 2 2 2 1 2 2 2 2 0 2 2 2 0 1 0 2 2 2 0 0 0 0 2 2 0 2 0 0 2 0 2 2 0 0 2 2 2 2 0 2 2 2 2 0 2 2 0 2 2 2 2 2 2 2 2 2 0 2 2 2 2 2 2 2 2 2 2 2 2 2 0 2 2 2 2 2 2 2 2 2 2 0 0 2 2 2 2 2 0 2 2 2 2 2 2 2 2 2 0 2
656 0 0 0 0 2 2 0 2 0 0 2 0 2 2 2 0 2 2 0 2 0 0 0 2 2 2 2 0 2 0 2 0 0 2 2 2 0 0 2 2 0 0 2 2 0 0 2 0 0 0 0 2 2 2 0 0 2 0 0 2 0 2 0 2 2 2 0 0 2 0 2 0 2 2 2 0 0 0 2 2 2 2 0 2 2 2 0 2 2 2 2 2 0 2 2 0 2 2 2 0 2 2 0 0 2 2 2 2 2 2 0 0 2 0 0 2 2 2 0 0 2 0 2 2 2 0 2 2 2 0 0 0 2 0 2 2 2 2 2 2 0 2 2 0 2 2 2 2 2 2 2 2 2 2 0 2 2 2 1 2 2 2 2 2 2 2 2 2 2 2 2 2 2 2 2 2 2 2 2 0 2 2 2 2 2 2 0 2 2 0 0 2 2 2 2 2 0 2 2 2 2 2 2 0 2 2 2 2 2 2 2 0 0 2 0 2 2 1 0 2 2 0 0 0 2 0 2 2 0 2 2 2 0 2 0 2 2 0 0 2 2 2 2 2 2
657 2 2 2 2 2 2 0 2 2 2 2 2 2 2 2 2 2 2 2 2 2 2 0 2 2 2 2 2 2 2 2 2 0 2 2 2 0 2 2 2 2 2 2 2 2 2 2 2 2 2 2 2 2 2 0 0 2 2 2 2 2 2 0 2 2 2 2 2 0 2 2 2 2 2 2 2 2 2 2 2 2 2 0 2 2 2 2 2 2 2 2 2 0 2 2 0 2 2 2 2 2 2 2 2 2 2 2 2 0 2 2 0 2 2 2 2 2 2 0 0 2 2 2 2 2 0 2 2 2 2 2 2 2 0 2 2 2 2 2 2 2 2 2 2 2 2 2 2 2 2 0 2 2 2 2 2 2 2 2 2 2 2 2 2 2 2 2 2 2 2 2 2 2 2 2 2 2 2 2 2 2 2 2 2 2 2 0 2 2 2 1 2 2 2 2 2 0 2 0 2 2 2 2 0 2 0 0 0 2 2 2 0 2 2 0 2 2 1 0 2 2 0 2 0 2 2 2 2 0 2 2 2 2 2 0 2 2 2 0 0 2 2 2 2 2
658 2 2 2 2 2 2 2 2 2 2 2 2 2 2 2 2 2 2 2 2 2 2 0 2 2 2 2 2 2 2 2 2 0 2 2 2 0 2 2 2 2 2 2 2 2 2 2 2 2 2 2 2 2 2 0 0 2 2 2 2 2 2 0 2 2 2 2 2 2 2 2 2 2 2 2 2 2 2 2 2 2 2 0 2 0 2 2 2 2 2 2 2 0 2 2 0 2 2 2 2 2 2 2 2 2 2 2 2 2 2 2 0 2 2 2 2 2 2 2 0 2 2 2 2 2 2 2 2 2 2 2 2 2 0 2 2 2 2 2 2 2 2 2 2 2 2 2 2 2 2 2 2 2 2 2 2 2 2 2 2 2 2 2 2 2 2 2 2 2 2 2 2 2 2 2 2 2 2 2 2 2 2 2 2 2 2 0 2 2 2 1 2 2 2 2 2 2 0 2 2 2 2 2 0 2 2 2 2 2 2 2 2 2 2 0 2 2 1 0 2 2 0 2 2 2 2 2 2 0 2 2 2 2 2 2 2 2 2 2 2 2 2 2 2 2
659 2 2 2 2 2 2 2 2 2 2 2 2 2 2 2 2 0 2 2 2 2 2 2 2 2 2 0 2 2 2 2 2 2 2 2 1 2 2 2 2 2 2 2 2 2 2 2 2 2 2 2 2 2 2 2 2 2 2 2 2 2 2 2 2 2 2 2 2 2 2 2 2 2 2 0 2 2 2 2 2 2 2 2 2 2 2 2 2 2 2 0 2 2 2 2 2 2 2 2 2 0 2 2 2 2 2 0 2 2 2 2 2 2 2 2 2 2 2 2 2 2 2 2 2 2 2 2 2 2 2 2 2 0 2 2 2 2 2 2 0 2 0 2 2 2 2 2 2 2 2 2 2 2 0 2 2 2 0 2 2 2 2 2 0 0 2 2 2 2 2 2 2 2 2 2 2 2 0 2 2 2 2 2 0 2 2 2 2 0 2 2 2 2 2 2 2 2 2 2 2 2 0 2 2 2 2 2 2 2 2 2 2 2 2 2 2 2 2 2 2 2 2 2 2 2 2 2 2 2 2 2 2 2 0 2 2 2 2 2 2 2 2 2 0 0
660 2 1 2 2 2 2 2 2 2 2 1 2 2 2 2 1 2 2 2 2 2 1 2 2 2 2 2 1 2 2 1 1 2 2 2 2 2 1 2 2 2 2 2 2 2 2 2 1 2 2 2 2 1 2 2 2 2 1 2 1 2 2 2 2 2 2 1 2 2 2 2 2 2 1 2 2 2 2 2 1 2 2 2 2 2 2 2 2 2 2 2 2 2 2 2 2 2 2 2 2 2 2 1 2 2 2 2 2 2 2 2 2 2 2 2 2 2 2 2 2 2 2 2 2 2 2 1 2 1 1 2 2 2 2 1 2 2 1 2 2 2 2 2 1 2 2 2 2 2 2 2 1 2 2 2 2 2 2 1 2 2 2 2 2 2 2 2 2 2 2 2 2 2 2 2 2 2 2 2 2 2 1 2 2 1 2 2 2 2 2 2 2 2 2 2 2 2 2 2 2 2 2 2 2 1 2 2 2 2 2 1 2 2 2 2 2 2 1 2 2 2 2 2 2 2 2 2 2 2 1 2 1 2 2 2 2 1 2 2 2 2 2 2 2 2
661 2 2 2 2 2 0 2 2 2 2 2 2 2 2 2 2 2 2 2 2 2 2 2 2 2 2 2 2 2 2 2 2 2 2 2 2 2 2 2 2 2 2 0 0 2 2 2 2 2 2 2 2 2 2 2 2 0 2 2 2 2 2 2 2 2 2 2 2 2 2 2 2 2 2 2 2 2 2 2 2 2 2 2 0 2 2 2 2 2 2 2 2 2 2 2 2 2 2 2 2 2 2 2 2 0 2 2 2 2 2 2 2 0 2 2 2 0 2 0 2 0 2 2 0 2 2 2 2 2 2 2 2 2 2 2 2 2 2 2 2 2 2 2 2 2 0 2 2 1 2 2 0 2 2 2 2 0 2 2 2 2 0 2 2 2 2 2 2 0 2 2 2 2 2 2 2 2 2 2 2 0 2 2 2 2 0 2 2 2 2 2 2 2 0 2 2 2 2 2 0 2 2 2 2 2 2 2 2 2 2 0 2 2 2 2 2 2 2 2 2 2 2 2 2 2 2 2 2 2 2 2 2 2 2 2 1 2 2 0 2 0 2 2 2 2
662 2 2 0 2 2 0 2 2 2 2 2 0 2 2 0 2 2 2 2 2 0 2 2 2 2 0 2 2 2 2 2 2 2 2 0 2 2 2 2 0 0 0 0 0 2 0 0 0 0 0 0 0 0 0 2 2 0 2 0 0 0 0 0 2 2 2 2 2 2 2 0 2 2 0 2 2 0 0 2 2 2 2 2 0 2 0 0 2 2 0 2 2 2 2 0 2 2 2 2 0 2 2 2 0 0 2 2 2 2 2 0 2 0 2 0 2 0 0 0 2 0 0 2 0 2 2 2 2 2 0 2 2 2 2 0 0 0 2 2 2 2 2 2 0 2 0 0 0 1 2 2 0 0 2 2 0 0 2 1 0 0 0 2 2 2 2 2 2 0 0 0 2 2 0 2 2 2 2 0 2 0 0 0 2 0 0 2 2 2 2 1 2 2 0 2 0 2 2 2 0 2 2 2 2 0 2 2 2 0 2 0 2 0 2 2 2 2 2 2 2 2 2 2 2 0 2 2 2 2 2 2 2 2 2 2 0 0 2 0 2 0 2 2 2 2
663 2 2 2 0 2 2 2 0 2 2 2 2 2 2 2 2 0 2 2 2 2 2 2 2 0 2 0 2 2 2 2 2 2 0 2 0 2 2 2 2 2 2 0 2 2 2 0 2 2 2 2 0 2 2 2 2 0 2 2 2 2 2 2 0 0 2 2 2 2 0 0 2 2 2 0 2 2 2 0 2 0 0 0 0 2 0 2 0 0 2 0 2 0 0 2 2 2 2 0 2 0 0 2 2 2 2 0 0 0 2 2 0 2 2 2 2 2 2 0 2 0 2 2 2 2 2 0 0 2 2 2 2 0 2 2 0 2 2 0 0 2 0 0 2 0 0 0 0 1 2 0 2 0 0 0 0 2 0 1 2 0 0 0 0 0 0 0 0 2 2 0 0 0 0 0 0 0 0 2 2 2 2 2 0 2 0 0 0 0 2 2 0 0 2 0 0 0 2 0 2 2 0 0 0 2 2 0 0 0 2 2 0 2 0 2 0 0 1 0 0 0 0 2 2 0 2 0 0 0 0 2 2 2 0 0 0 2 2 0 0 2 0 0 0 0
664 0 0 0 0 2 0 0 2 0 0 0 0 2 0 0 0 2 0 0 2 0 2 2 0 2 0 2 2 0 0 0 2 2 2 2 2 0 0 2 0 0 0 2 0 0 0 2 0 0 0 0 2 2 0 2 2 0 0 0 0 0 0 2 0 2 2 0 0 2 2 2 0 0 2 2 0 0 0 2 0 2 2 2 2 2 2 0 0 2 2 2 2 2 2 0 2 0 0 2 0 2 2 0 0 0 2 2 2 2 2 0 2 0 0 0 0 0 0 2 2 2 0 2 0 0 0 0 2 0 0 2 0 2 2 0 2 2 0 2 2 0 2 2 0 0 2 2 2 1 2 2 0 2 2 2 2 0 2 1 0 2 2 2 2 2 2 2 1 0 0 2 2 2 2 2 2 0 2 0 0 0 0 2 2 0 2 2 2 2 0 1 2 0 0 2 2 2 2 2 0 2 2 2 2 0 2 2 2 2 2 0 2 0 0 2 0 2 1 2 0 0 2 0 0 2 0 2 2 2 2 2 0 0 2 2 2 0 0 2 2 0 2 2 2 2
665 2 2 2 2 2 0 2 2 2 2 2 2 2 2 2 2 0 2 2 2 2 2 2 2 2 2 0 2 2 2 2 2 2 2 2 1 2 2 2 2 2 2 2 2 2 2 2 2 2 2 2 2 2 2 2 2 2 2 2 2 2 2 2 2 2 2 2 2 2 2 2 2 2 2 0 2 2 2 2 2 2 2 2 2 2 2 2 2 2 2 0 2 2 2 2 2 2 2 2 2 0 2 2 2 2 2 0 2 2 2 2 2 2 2 2 2 0 2 2 2 2 2 2 2 2 2 2 2 2 2 2 2 2 2 2 2 2 2 2 0 2 2 0 2 2 2 2 2 1 2 2 2 2 0 2 2 2 0 2 2 2 2 2 0 0 0 0 2 2 2 0 2 0 2 2 2 2 0 2 2 2 2 2 0 2 2 2 2 2 2 2 0 2 2 2 2 2 2 2 2 2 0 0 2 2 2 2 2 2 2 2 2 2 2 2 2 0 2 2 2 2 2 2 2 0 2 0 2 2 2 2 2 2 2 2 2 2 2 2 2 0 2 2 0 2
666 0 2 2 2 2 2 2 2 2 0 2 2 2 2 2 2 2 2 0 2 2 2 2 2 2 2 2 2 2 0 2 2 2 2 2 2 2 2 2 2 0 2 2 2 0 2 2 2 2 2 0 2 2 2 2 2 2 2 2 2 2 2 2 2 2 2 2 2 2 2 2 2 2 2 2 0 2 2 2 2 2 2 2 2 2 2 2 2 2 2 2 2 2 2 2 2 2 2 2 2 2 2 2 2 2 2 2 2 2 2 2 2 2 0 2 2 2 2 2 2 2 2 2 2 2 2 2 2 2 2 2 2 2 2 2 2 2 2 0 2 0 2 2 2 2 2 2 2 2 2 2 2 2 2 2 2 2 2 2 2 2 2 2 2 2 2 2 2 2 2 2 2 2 2 2 2 2 2 2 0 2 2 2 2 2 2 2 2 2 0 1 2 2 2 0 2 2 2 2 2 2 2 2 2 2 2 2 2 2 2 2 2 2 2 2 2 2 2 2 2 2 2 2 2 2 2 2 2 2 2 2 2 0 2 2 2 2 0 2 2 2 2 2 2 2
667 2 2 2 2 2 2 2 2 2 0 2 0 2 2 2 2 2 2 0 2 2 2 2 2 2 2 2 2 2 0 2 2 2 2 2 2 2 2 2 0 2 0 2 2 0 2 2 2 2 2 2 2 2 2 2 2 2 2 2 0 0 0 2 2 2 2 2 2 2 2 2 2 2 2 2 0 2 0 2 2 2 2 2 2 2 2 2 2 2 2 2 2 2 2 2 2 2 2 2 2 2 2 2 2 2 2 2 2 2 2 0 2 2 0 2 2 2 2 2 2 2 2 2 2 2 2 2 2 2 2 2 2 2 2 2 2 2 2 2 2 0 2 2 2 2 2 2 2 2 2 2 2 2 2 2 2 2 2 2 0 2 2 2 2 2 2 2 2 2 0 2 2 2 2 2 2 2 2 0 0 2 2 2 2 2 2 2 2 2 0 1 2 2 2 2 2 2 2 2 2 2 2 2 2 2 2 2 2 2 2 2 2 2 2 2 2 2 2 2 2 2 2 2 2 2 2 2 2 2 2 2 2 0 2 2 2 2 0 2 2 2 2 2 2 2
668 2 2 2 2 2 2 2 2 2 2 2 2 2 2 2 2 2 2 2 2 2 2 2 2 2 2 2 2 2 2 2 2 2 2 2 2 2 2 2 2 2 2 2 0 2 2 2 2 2 2 2 2 2 2 2 2 2 2 2 2 2 2 2 2 0 2 2 2 2 2 2 2 2 2 2 2 2 2 2 2 2 2 2 2 2 0 2 2 2 2 2 2 2 2 2 2 2 2 2 2 2 2 2 2 0 2 2 2 2 2 2 2 2 2 2 2 2 2 2 2 2 2 2 0 2 2 2 2 2 2 2 2 2 2 2 0 2 2 2 2 2 2 2 2 2 2 2 0 2 2 2 0 2 2 2 0 2 2 2 2 0 2 2 2 2 2 2 2 0 2 2 2 2 0 2 2 2 2 2 2 2 2 2 2 2 2 2 2 2 2 2 2 2 2 2 0 2 2 2 0 2 2 2 2 2 2 2 2 2 2 0 2 2 2 2 2 2 2 2 2 2 2 2 2 2 2 2 2 2 2 0 2 2 2 2 2 2 2 2 2 2 2 2 2 2
669 0 0 0 0 0 2 0 0 0 0 0 0 0 0 0 0 0 0 0 2 0 0 0 0 0 0 0 0 0 0 0 0 0 2 0 1 0 0 2 0 0 0 0 0 0 0 0 0 0 0 0 0 0 0 0 0 0 0 0 0 0 0 0 0 0 0 0 0 2 0 0 0 0 0 0 0 0 0 0 0 0 0 2 0 2 0 0 0 0 0 0 2 2 0 0 0 0 0 0 0 0 0 0 0 0 0 0 0 0 0 0 2 0 0 0 0 2 0 0 0 0 0 0 0 0 0 0 0 0 0 2 0 0 0 0 0 0 0 2 0 0 0 0 0 0 0 0 0 1 0 0 0 0 0 0 0 0 0 1 0 0 0 2 0 0 0 0 0 0 0 0 0 0 0 0 0 0 0 0 0 0 0 0 0 0 0 2 0 0 0 0 0 0 0 0 0 0 2 0 0 0 0 0 0 0 2 0 0 0 0 0 0 0 0 2 0 0 0 0 0 0 0 0 0 0 0 0 0 0 0 0 0 0 0 0 0 0 0 0 0 2 0 0 0 0
670 0 2 2 2 2 2 2 2 2 2 2 2 2 0 0 2 2 2 2 2 2 2 2 0 2 2 2 2 2 2 2 2 2 2 2 2 2 2 2 0 2 2 2 2 2 2 2 2 2 2 2 2 2 2 2 2 2 2 2 0 0 2 0 2 2 2 2 2 2 2 2 2 2 2 2 2 2 2 1 2 2 2 2 2 2 2 2 0 2 2 2 2 2 2 2 2 2 2 2 2 2 0 2 2 2 2 2 0 2 2 2 2 2 2 0 2 2 2 2 2 2 2 2 2 2 2 2 2 2 2 2 2 2 2 2 2 2 2 2 2 2 2 2 2 2 2 2 2 1 2 2 2 2 2 2 2 2 2 2 2 2 2 2 2 2 2 2 1 2 2 2 2 2 2 2 2 0 2 2 2 2 2 2 2 2 2 2 0 2 2 1 2 0 2 2 2 2 2 2 2 2 2 2 2 2 2 2 2 2 2 2 2 2 2 2 2 2 2 2 0 2 2 2 2 2 2 2 2 2 2 2 2 2 2 2 2 2 2 2 2 2 2 0 2 2
671 2 2 2 2 2 2 2 2 2 2 2 2 2 2 2 2 2 2 2 2 2 2 2 2 2 2 2 2 2 2 2 2 2 2 2 2 2 2 2 2 2 2 0 0 2 2 0 2 2 2 2 0 2 0 2 2 0 2 2 2 2 2 2 2 0 2 2 0 2 2 0 2 2 2 2 2 2 2 2 2 2 0 2 2 2 0 2 2 0 2 2 2 2 2 0 2 0 2 2 2 2 2 2 2 0 2 2 2 2 2 2 2 0 2 2 2 2 0 2 2 2 2 2 0 2 2 2 2 2 2 2 2 2 2 2 0 2 2 2 2 2 2 2 2 2 2 0 0 2 2 2 0 0 2 2 0 0 2 2 2 0 2 2 2 2 2 2 2 0 2 0 2 2 0 2 2 2 2 2 2 0 2 2 2 2 2 2 2 2 2 2 2 2 2 2 0 2 2 2 0 2 2 2 2 2 2 2 2 0 2 0 2 2 2 2 2 2 2 2 2 2 2 0 2 0 2 2 2 2 2 0 2 2 2 2 2 2 2 2 2 2 2 2 2 2
672 0 2 0 2 2 0 2 0 2 2 0 0 2 2 0 2 0 0 2 2 2 0 0 2 0 2 0 0 0 2 2 0 0 0 0 0 0 2 0 2 0 2 0 0 2 0 0 2 0 2 0 0 0 2 0 0 0 2 0 2 2 2 2 0 0 2 2 0 0 0 0 2 2 0 0 2 0 0 2 2 0 0 0 2 0 0 0 2 0 0 0 0 0 2 2 0 2 2 0 0 0 2 2 2 0 0 0 2 0 2 2 0 2 2 2 2 0 0 2 0 0 2 0 0 2 2 0 0 0 2 2 2 0 0 2 0 0 2 0 0 2 0 0 2 0 2 0 0 0 0 2 0 0 0 0 0 2 0 1 2 0 2 0 0 0 0 0 2 0 2 0 0 0 0 0 0 2 0 2 2 2 2 0 0 0 2 0 2 0 2 2 0 2 2 0 0 0 0 0 0 0 0 0 0 2 0 2 0 0 0 0 0 0 0 2 0 0 0 0 2 0 0 0 2 0 2 0 0 0 0 0 0 2 0 0 2 2 2 2 0 0 0 2 0 0
673 2 2 2 2 2 2 2 2 2 2 2 2 2 2 2 2 2 2 2 2 2 2 0 2 2 2 2 2 2 2 2 2 0 2 2 2 0 2 2 2 2 2 2 2 2 2 2 2 2 2 2 2 2 2 0 0 2 2 2 2 2 2 2 2 2 2 2 2 2 0 2 2 2 2 2 2 2 2 2 2 2 2 2 2 0 2 2 2 2 2 2 2 2 2 2 0 2 2 2 2 2 2 2 2 2 2 2 2 2 2 2 2 2 2 2 2 2 2 2 0 0 2 2 2 2 2 2 2 0 2 2 2 2 0 2 2 2 2 2 2 2 2 2 2 2 2 2 2 2 2 2 2 2 2 2 2 2 2 2 2 2 2 2 2 2 2 2 2 2 2 2 0 2 2 2 0 2 2 2 2 2 2 2 2 2 2 2 2 2 2 2 2 2 2 2 2 0 0 2 2 2 2 2 0 2 2 2 2 2 2 2 0 2 2 2 2 2 2 0 2 2 2 2 2 2 2 2 2 2 0 2 2 2 2 0 2 2 2 2 2 2 2 2 2 2
674 2 2 0 0 2 0 2 2 0 2 2 2 2 2 0 2 2 2 2 2 2 2 2 2 2 2 0 2 2 2 2 2 2 2 2 1 2 2 2 2 2 2 0 2 2 0 2 2 0 2 2 2 0 0 2 2 0 2 0 2 0 0 0 2 2 2 2 0 2 2 2 0 2 0 2 2 0 2 1 0 2 2 2 2 2 2 0 0 2 2 2 2 2 2 0 2 2 0 2 0 2 0 2 2 0 0 2 0 0 2 2 2 0 2 2 2 0 2 2 2 2 2 2 2 2 2 0 2 2 0 0 2 2 2 0 2 2 2 2 2 2 0 2 0 2 0 2 2 1 0 2 2 0 2 2 2 2 2 0 0 2 0 2 2 2 2 2 1 2 0 0 2 0 2 0 2 0 2 0 2 0 0 2 0 0 0 2 0 2 2 1 0 0 0 2 2 2 2 0 0 0 2 0 2 0 2 2 0 2 0 2 2 0 2 2 2 0 1 2 0 2 2 0 2 0 2 0 2 2 2 2 2 2 2 2 2 0 2 2 0 0 2 0 0 2
675 0 0 0 0 0 0 0 0 0 0 0 0 0 0 0 0 0 0 0 0 0 0 0 0 0 2 2 0 0 0 0 0 0 0 2 1 0 0 0 0 0 0 0 0 0 0 0 0 0 0 0 0 0 0 0 0 0 0 0 0 0 0 0 0 0 0 0 0 2 0 0 0 0 0 0 0 0 0 0 0 0 0 2 0 0 0 0 0 0 2 0 0 2 0 0 0 0 0 0 0 0 0 0 0 0 0 0 0 0 0 0 2 0 0 0 2 0 0 0 0 0 0 2 0 0 0 0 0 0 2 0 0 0 0 0 0 2 2 2 0 0 2 0 2 0 2 0 0 0 0 0 0 0 0 0 0 0 0 1 0 0 2 0 0 0 0 0 0 0 0 0 0 2 0 2 0 0 0 0 0 0 0 2 2 0 2 2 0 0 0 0 2 0 0 2 0 0 0 0 0 0 0 0 0 0 2 0 0 0 0 1 0 0 0 0 0 0 0 0 0 0 0 0 0 0 0 2 0 0 0 0 0 0 0 0 0 0 0 0 0 0 0 0 2 0
676 0 0 0 0 0 2 0 2 0 2 0 0 0 0 1 0 2 0 2 0 2 0 0 0 0 2 2 0 0 2 1 0 0 0 2 1 0 0 0 0 0 0 0 0 2 0 0 0 0 2 0 0 1 0 0 0 1 0 0 0 2 0 0 0 0 0 1 0 2 0 0 0 1 1 2 2 0 0 1 0 0 2 2 0 0 1 0 0 0 2 2 0 2 0 0 0 0 0 2 0 2 2 0 2 0 0 2 2 1 0 0 2 2 2 0 2 2 0 0 0 0 0 0 0 1 0 0 2 0 2 0 1 2 0 0 1 2 2 2 2 2 2 2 2 0 2 0 1 1 0 0 0 0 2 0 1 0 2 2 0 0 2 0 2 2 2 2 0 0 0 0 0 2 1 2 0 0 2 0 2 2 0 2 2 0 2 2 2 2 2 1 2 0 0 2 1 0 0 1 0 0 2 0 0 0 2 0 1 0 0 1 0 0 0 1 0 0 0 0 0 0 0 0 0 0 1 2 2 0 0 2 0 2 2 0 0 0 2 0 1 2 2 2 2 2
677 2 2 2 2 0 2 2 2 2 2 2 2 0 2 2 2 2 2 2 2 2 2 0 2 2 2 2 2 2 2 2 2 0 2 2 2 0 2 2 2 0 2 2 2 2 2 2 2 2 2 2 2 2 2 0 0 2 2 2 2 2 2 2 2 2 0 2 2 2 0 2 0 2 2 2 2 2 2 2 2 2 2 2 2 0 2 2 2 2 2 2 2 2 2 2 0 2 2 2 2 2 2 2 2 2 2 2 2 2 0 2 2 2 2 2 2 2 2 2 0 0 2 2 2 2 2 2 2 0 2 2 2 2 0 2 2 2 2 2 2 2 2 2 2 2 2 2 2 2 0 2 2 2 2 2 2 2 2 2 2 2 2 2 2 2 2 2 2 2 2 2 0 2 2 2 0 2 2 2 2 2 0 2 2 2 2 2 2 2 2 2 2 2 2 2 2 0 0 2 2 0 2 0 0 2 2 2 2 2 0 2 0 2 2 2 2 0 2 0 2 2 2 2 2 2 2 2 2 2 0 2 2 2 2 0 2 2 2 2 2 2 2 2 2 2
678 2 2 2 2 2 2 2 0 2 2 2 2 2 2 2 2 2 2 2 2 2 2 2 2 2 0 0 2 2 2 2 2 2 2 2 1 2 2 2 2 2 2 2 2 2 2 2 2 2 2 2 2 2 2 2 2 2 2 2 2 2 2 2 2 2 2 2 2 2 2 2 2 2 2 2 2 2 2 2 2 2 2 2 2 2 2 2 2 2 2 2 2 2 2 2 2 2 2 0 2 2 2 2 2 2 2 2 2 2 2 2 2 2 2 2 0 2 2 2 2 2 2 2 2 2 2 2 2 2 0 2 2 2 2 2 2 2 0 2 2 2 0 2 0 2 2 2 2 2 2 2 2 2 2 2 2 2 2 1 2 2 2 2 2 2 0 0 2 2 2 2 2 2 2 0 2 2 2 2 2 2 2 2 0 2 2 2 2 2 2 2 2 2 2 2 2 2 2 2 2 2 2 2 2 2 2 2 2 2 2 2 2 2 2 2 2 2 2 2 2 2 2 2 2 2 2 2 0 2 2 2 2 2 2 2 2 2 2 2 2 2 2 2 0 2
679 0 0 0 0 0 0 0 0 0 0 0 0 0 0 0 0 0 0 0 0 0 0 0 0 0 0 0 0 0 0 0 0 0 0 2 0 0 0 0 0 0 0 0 0 0 0 0 0 0 0 0 0 0 0 0 0 0 0 0 0 0 0 0 0 0 0 0 0 2 2 0 0 0 0 0 0 0 0 0 0 0 0 2 0 0 0 0 0 0 2 0 0 2 0 0 0 0 0 0 0 0 0 0 0 0 0 0 0 0 0 0 2 0 0 0 0 0 0 0 0 0 0 0 0 0 0 0 0 0 0 0 0 0 0 0 0 2 0 0 0 0 0 0 0 0 2 0 0 0 0 0 0 0 0 0 0 0 0 0 0 0 2 0 0 0 0 0 0 0 0 2 0 0 0 0 2 0 0 0 0 0 0 2 0 0 2 2 0 0 0 0 0 0 0 0 0 2 0 0 0 0 0 0 0 0 0 0 0 0 0 0 0 0 0 0 0 0 1 0 0 0 2 0 0 2 0 0 0 2 0 0 0 0 0 0 0 0 0 0 0 0 0 0 0 0
680 2 2 2 0 0 2 2 0 0 2 2 2 0 2 0 2 2 0 2 2 2 0 0 2 2 0 0 0 0 2 0 0 0 2 2 1 0 2 2 2 2 0 0 0 2 2 2 2 2 2 2 2 2 2 0 0 0 2 2 2 2 2 0 0 2 0 2 2 2 2 2 2 2 2 2 2 2 2 0 2 2 0 2 0 0 2 2 0 2 2 2 2 2 0 2 0 2 2 0 2 2 0 2 2 0 2 2 0 2 0 0 2 0 2 2 0 2 2 2 0 0 2 0 0 0 2 2 2 0 0 2 0 2 0 2 2 2 0 2 2 2 0 2 0 0 2 2 2 1 2 0 2 0 2 2 2 2 2 1 2 2 2 2 2 2 0 0 1 0 2 2 0 2 2 0 2 0 2 2 2 2 2 2 0 2 2 2 0 2 2 1 2 0 2 2 2 2 0 2 0 2 2 0 2 2 2 2 2 2 2 2 2 2 0 2 0 0 2 2 0 0 2 2 2 2 0 2 0 2 0 2 2 2 2 2 2 2 2 2 2 2 2 0 0 2
681 0 2 2 2 2 2 2 2 2 2 2 2 2 2 2 2 2 2 2 2 2 2 2 2 2 2 2 2 2 2 2 2 2 2 2 2 2 2 2 2 2 2 2 2 2 2 2 0 2 2 2 2 2 0 2 2 0 2 2 2 2 0 0 2 2 2 2 2 2 2 2 0 2 2 2 2 2 2 2 2 2 2 2 2 2 0 2 2 2 2 2 2 2 2 2 2 0 2 2 2 2 2 2 2 2 2 2 2 2 0 2 2 2 2 2 2 2 2 2 2 2 1 2 2 2 2 2 2 0 2 2 2 2 2 2 0 2 2 2 2 2 2 2 2 2 2 2 2 2 2 2 2 2 2 2 0 2 2 2 0 2 2 2 2 2 2 2 2 2 0 2 2 2 2 2 2 2 2 0 2 2 2 2 2 2 2 2 2 2 2 1 2 2 2 2 0 2 2 2 2 2 2 2 2 2 2 2 2 2 2 2 2 2 2 2 2 2 2 2 2 2 2 2 2 2 2 2 2 2 2 2 2 2 2 2 2 2 2 2 2 2 2 2 2 2
682 2 2 2 2 2 2 2 2 2 2 2 0 2 2 2 2 0 2 2 0 2 2 2 2 2 2 0 2 2 2 2 2 2 2 2 1 2 2 2 2 2 2 2 2 2 2 2 2 2 2 2 2 2 0 2 2 2 2 2 2 0 2 2 0 2 2 2 2 2 2 2 2 2 2 0 2 2 0 2 2 2 2 2 2 2 2 2 2 2 2 2 2 2 2 2 2 2 2 2 2 0 2 2 2 2 0 2 2 2 2 2 2 2 2 2 2 2 2 2 2 2 2 2 2 2 2 0 0 2 2 2 2 2 2 2 2 2 2 2 0 2 2 0 2 0 2 2 2 2 2 2 2 2 0 2 2 2 2 2 2 2 2 2 2 0 2 2 2 2 2 2 2 2 0 2 2 2 0 2 2 0 2 2 0 2 2 2 2 2 2 2 2 2 2 2 2 2 2 2 2 2 0 2 2 2 2 2 2 2 2 2 2 2 0 2 2 2 2 2 2 0 2 2 2 2 2 2 2 2 2 2 2 2 2 2 2 2 2 2 2 2 2 2 2 2
683 2 2 2 2 2 2 0 2 2 2 2 2 2 2 2 2 2 2 2 2 2 2 0 2 0 2 2 2 2 2 2 2 0 2 2 2 2 2 2 2 2 2 2 2 2 2 2 2 2 2 2 2 2 2 0 0 2 2 2 2 2 0 2 2 2 2 2 2 2 2 2 2 2 2 2 2 2 2 2 2 2 0 2 0 2 2 2 2 2 2 2 2 2 2 2 0 2 2 1 2 2 2 2 2 2 2 0 2 2 2 2 2 2 2 2 0 2 2 0 0 0 2 2 2 0 0 2 2 2 2 2 0 2 0 2 2 2 2 2 2 2 2 2 2 2 2 2 2 2 2 2 2 2 2 0 2 2 2 2 0 2 2 2 2 2 2 0 2 2 0 2 2 2 2 2 0 2 2 0 2 2 2 2 2 2 2 2 2 2 2 2 2 2 2 2 2 0 2 2 2 2 2 2 0 2 2 0 2 2 2 2 0 2 2 2 2 2 1 0 2 2 0 2 0 2 2 2 2 0 2 2 2 2 2 0 2 2 2 0 2 2 2 2 2 2
684 2 2 2 0 2 2 2 0 2 2 2 0 2 2 2 2 2 0 2 2 2 0 2 2 2 2 2 0 0 2 0 0 2 2 2 2 2 2 2 2 0 2 2 2 2 2 0 2 2 2 2 0 2 0 2 2 2 2 2 2 0 2 2 0 2 2 2 0 2 2 2 2 2 2 2 2 2 0 2 2 2 2 2 2 2 0 2 0 2 2 2 2 2 2 2 2 0 2 0 2 2 2 2 2 2 2 2 2 2 2 2 2 2 2 2 2 2 0 2 2 2 2 2 2 2 2 2 0 2 2 2 2 0 2 2 0 2 2 2 2 2 0 2 2 0 2 0 0 2 2 2 0 2 2 2 0 2 2 2 0 0 2 2 0 2 0 0 1 2 0 2 2 2 2 2 2 0 2 0 2 0 2 2 2 2 2 2 2 0 2 2 2 0 2 2 0 2 2 2 2 2 2 2 2 2 2 2 2 0 2 0 2 2 0 2 0 2 2 2 0 0 2 0 2 2 2 2 0 2 2 2 2 2 0 2 0 2 2 2 2 2 0 2 0 0
685 2 2 2 2 2 2 2 2 2 0 2 2 2 2 2 0 2 2 0 2 2 2 2 2 2 0 2 2 2 0 2 2 2 2 2 2 2 2 2 2 2 2 2 2 0 2 2 2 2 2 2 2 2 2 2 2 2 2 2 2 2 2 0 2 2 2 2 2 2 2 2 2 0 2 2 0 2 2 2 2 2 2 2 2 2 2 2 2 2 2 2 2 2 2 2 2 2 2 2 2 2 2 2 2 2 2 2 2 2 2 2 2 2 0 2 2 2 2 2 2 2 2 2 2 2 2 2 2 2 0 2 2 2 2 2 2 2 0 2 2 0 2 2 0 2 2 2 2 2 2 2 2 2 2 2 2 2 2 1 2 2 2 2 2 2 2 2 2 2 2 2 2 2 2 2 2 2 2 2 0 2 2 2 2 2 2 2 2 2 0 0 2 2 2 2 2 2 2 2 2 2 2 2 2 2 2 2 2 2 2 2 2 2 2 2 2 2 2 2 2 2 2 2 2 2 2 2 2 2 2 2 0 0 2 2 2 2 0 2 2 2 2 2 2 2
686 2 2 2 2 2 2 2 2 2 0 2 2 2 2 2 0 2 2 0 2 2 2 2 2 2 0 2 2 2 0 2 2 2 2 2 2 2 2 2 2 2 2 2 2 0 2 2 2 2 2 2 2 2 2 2 2 2 2 2 2 2 2 2 2 2 2 2 2 2 2 2 2 0 2 2 0 2 2 2 2 2 2 2 2 2 2 2 2 2 2 2 2 2 2 2 2 2 2 2 2 2 2 2 2 2 2 2 2 2 2 2 2 2 0 2 2 2 2 2 2 2 2 2 2 2 2 2 2 2 0 2 2 2 2 2 2 2 0 2 2 0 2 2 0 2 2 2 2 2 2 2 2 2 2 2 2 2 2 1 2 2 2 2 2 2 2 2 2 2 2 2 2 2 2 2 2 2 2 2 0 2 2 2 2 2 2 2 2 2 0 1 2 2 2 2 2 2 2 2 2 2 2 2 2 2 2 2 2 2 2 2 2 2 2 2 2 2 2 2 2 2 2 2 2 2 2 2 2 2 2 2 0 0 2 2 2 2 0 2 2 2 2 2 2 2
687 2 0 2 0 0 0 0 0 2 0 2 2 0 2 2 0 0 0 0 2 0 0 0 2 0 0 0 0 0 0 0 0 0 2 0 1 0 0 2 0 2 2 2 2 0 2 2 2 2 0 2 2 0 0 0 0 0 0 2 0 0 2 0 2 0 0 0 0 2 0 2 2 0 0 0 0 2 2 0 0 2 0 0 0 0 2 2 2 0 0 0 2 0 0 2 0 0 0 0 2 0 2 0 0 0 0 0 0 0 0 2 0 0 0 2 2 0 0 0 0 0 2 2 2 0 0 0 0 0 0 0 0 0 0 0 2 0 0 2 0 0 0 0 0 2 0 2 0 2 0 0 2 2 0 0 2 0 0 0 2 2 0 2 0 0 0 0 1 2 2 0 0 0 2 0 0 2 0 2 0 2 0 0 0 2 0 0 0 0 0 0 0 2 1 2 2 0 2 0 0 0 0 0 0 0 2 0 0 2 0 2 2 2 2 0 2 0 1 0 2 2 0 0 0 0 0 0 0 0 0 2 0 0 0 2 0 0 0 0 0 0 0 0 0 0
688 2 2 0 2 2 2 2 2 2 2 2 2 2 2 2 2 2 2 2 2 2 2 2 2 2 2 2 2 2 2 2 2 2 2 2 2 2 2 2 2 0 2 2 2 2 0 2 2 0 2 2 2 0 2 2 2 2 2 0 2 2 2 2 2 2 2 2 2 2 2 2 2 2 0 2 2 0 2 2 2 2 2 2 2 2 2 0 2 2 2 2 2 2 2 2 2 2 2 2 0 2 2 2 2 2 2 2 2 2 2 2 2 2 2 0 2 2 0 2 2 2 2 2 2 2 2 2 2 2 2 0 2 2 2 2 2 2 2 0 2 2 2 2 2 2 2 2 2 2 2 2 2 2 2 2 2 2 2 2 2 2 2 2 2 2 2 2 2 2 2 2 2 2 2 2 2 2 2 2 2 2 2 2 2 2 2 2 2 2 2 2 2 2 2 2 2 2 2 2 2 2 2 2 2 2 0 2 2 2 2 2 2 0 2 2 2 2 2 2 2 2 2 2 2 2 2 2 2 2 0 2 2 2 2 2 0 2 2 2 2 2 2 2 2 2
689 2 0 2 2 2 0 0 0 2 2 2 0 2 2 2 0 0 2 2 2 0 2 0 2 0 2 0 2 2 2 0 2 0 0 0 0 2 0 2 2 0 0 2 0 2 2 2 2 2 2 2 0 0 0 0 0 2 0 2 2 2 2 2 0 2 2 0 2 0 2 0 0 2 0 0 2 2 0 0 2 0 0 2 0 0 2 2 0 0 0 0 2 2 0 0 0 1 0 0 2 0 0 0 0 0 0 0 0 2 0 2 2 0 2 2 0 0 0 0 0 0 2 2 0 0 0 0 2 0 0 0 2 0 0 2 2 0 2 0 0 2 0 2 0 0 0 0 0 1 0 2 2 0 0 0 0 0 0 1 2 0 0 0 0 0 0 0 0 0 2 0 0 0 2 0 0 0 0 2 2 0 0 0 0 2 2 2 0 0 2 2 0 0 0 2 2 0 0 2 2 0 0 2 0 2 0 0 2 2 0 0 0 2 0 0 0 2 0 0 2 0 0 2 0 0 2 0 0 0 0 0 0 2 0 0 2 2 2 0 2 0 0 0 0 0
690 2 0 2 2 0 0 0 0 0 0 0 0 0 0 0 0 0 0 0 2 0 2 0 0 0 0 0 2 0 0 0 2 0 0 0 0 0 0 2 0 2 0 0 2 0 2 0 2 2 0 0 0 0 2 0 0 0 0 2 0 2 2 2 0 0 0 0 0 0 0 0 2 2 0 0 0 2 0 0 0 0 0 0 0 0 0 2 2 0 0 0 2 0 0 0 0 2 0 0 2 0 0 0 0 2 0 0 0 0 0 0 0 0 0 0 2 0 0 0 0 0 0 2 2 0 0 0 0 2 0 2 0 0 0 0 0 0 0 2 0 0 0 0 0 0 0 0 0 0 0 0 0 0 0 0 0 0 0 0 2 0 0 0 0 0 0 0 0 2 2 0 0 0 2 0 0 0 0 2 0 0 0 2 0 0 0 0 0 0 0 1 0 2 2 0 0 0 0 0 1 0 0 0 0 0 2 0 0 0 0 0 0 2 0 0 0 0 0 0 0 0 0 0 0 0 0 0 0 0 0 0 0 0 0 0 0 0 0 0 0 0 0 0 0 0
691 2 2 2 2 0 2 2 2 2 2 2 2 0 2 0 2 2 2 2 2 2 2 0 2 2 0 2 2 2 2 2 2 0 2 2 2 2 2 2 2 2 2 2 2 2 2 2 0 2 2 2 2 2 2 0 0 2 2 2 2 2 2 2 2 0 0 2 2 2 2 2 2 2 2 2 2 2 2 2 2 2 2 2 2 0 2 2 2 2 2 2 2 2 2 2 0 2 2 2 2 2 2 2 2 2 2 2 2 2 2 2 2 2 2 0 2 2 2 0 0 0 2 2 2 0 2 2 2 2 2 2 2 2 0 2 2 2 2 2 2 2 2 2 2 2 2 2 2 1 2 0 2 2 2 2 2 2 2 2 0 2 0 2 2 2 2 2 2 2 0 2 2 2 2 2 0 2 2 0 2 2 2 2 2 2 2 0 0 2 2 2 2 2 2 2 2 2 0 2 2 2 2 0 0 2 2 0 2 2 2 2 2 2 2 2 2 0 2 2 2 2 2 2 2 2 2 2 2 2 2 2 2 2 2 2 2 2 2 0 2 2 2 2 2 2
692 0 2 2 2 2 2 2 2 2 2 2 2 2 2 2 2 2 2 2 2 2 2 2 2 2 2 0 2 2 2 2 2 2 2 2 1 2 2 2 2 2 2 2 2 2 2 2 2 2 2 2 2 2 2 2 2 2 2 2 2 2 0 2 2 2 2 2 2 2 2 2 0 2 2 2 2 2 2 2 2 2 2 2 2 2 0 2 2 2 2 2 2 2 2 2 2 2 2 2 2 2 0 2 2 2 2 2 2 2 2 2 2 2 2 2 0 2 2 2 2 2 2 2 2 2 2 2 2 2 2 2 2 2 2 2 0 2 2 2 2 2 2 2 2 2 0 2 2 2 2 2 2 2 2 2 2 2 2 2 2 2 2 2 2 2 2 2 2 2 2 2 0 2 2 0 2 2 2 2 2 2 2 2 0 2 2 2 2 2 2 2 2 2 2 2 2 2 2 2 2 2 2 2 2 2 2 2 2 2 2 2 2 2 2 2 2 2 2 2 2 2 2 2 2 2 2 2 2 2 2 2 2 2 2 2 2 2 2 2 2 2 2 2 2 2
693 2 0 2 2 2 2 2 2 2 0 2 2 2 2 2 2 2 2 0 2 0 2 0 2 0 2 2 2 2 0 2 2 2 2 2 2 2 0 2 2 2 2 2 2 0 2 2 2 2 0 2 2 2 2 0 0 0 0 2 2 2 2 2 2 2 2 0 2 2 2 0 2 2 2 2 0 2 2 2 2 2 2 2 2 2 2 2 2 2 2 2 2 2 2 2 2 2 0 2 2 2 2 0 0 2 2 2 2 0 0 2 2 2 0 2 2 2 0 2 2 0 2 2 2 2 2 2 2 0 2 2 0 2 2 2 2 2 2 2 2 0 2 2 2 2 2 2 2 2 2 2 2 0 2 0 2 2 2 2 2 2 2 2 2 2 2 2 2 2 2 2 2 2 0 2 0 2 2 2 0 2 2 2 2 0 2 2 2 2 0 1 2 2 2 0 2 2 0 0 2 2 2 2 0 2 2 2 0 2 2 2 2 2 2 2 2 2 2 2 2 2 2 2 2 2 2 2 2 2 2 2 2 0 2 2 2 2 0 2 0 2 2 2 2 2
694 2 0 2 2 0 0 2 2 2 2 2 2 0 2 0 2 0 2 2 2 0 2 0 2 2 2 0 2 2 2 2 2 2 2 0 1 0 0 2 0 2 2 2 2 2 2 2 2 2 0 2 2 2 2 0 0 2 0 2 2 2 2 2 2 2 0 0 2 2 0 2 2 2 2 0 2 2 2 2 0 2 2 0 2 0 0 2 2 2 0 0 2 0 2 2 2 0 2 2 2 0 0 0 0 2 2 2 2 2 0 2 0 2 2 2 2 0 2 0 2 0 2 2 2 2 2 0 2 2 2 2 2 0 2 0 0 2 0 0 0 2 0 0 2 2 2 2 2 1 2 0 2 2 0 2 2 2 0 2 2 2 2 2 0 2 2 2 2 2 2 2 0 0 2 2 2 2 0 2 2 2 2 0 0 0 2 0 0 2 2 2 0 2 2 2 0 2 2 2 2 2 0 0 2 0 2 2 2 2 2 2 0 2 2 0 2 0 1 2 2 2 0 2 2 2 0 0 0 0 2 2 2 2 0 0 2 0 2 0 2 0 0 2 0 0
695 2 2 2 0 2 2 2 2 2 2 2 2 2 2 2 0 2 0 2 2 2 2 2 2 2 0 2 2 0 2 2 2 2 2 2 2 2 2 2 0 2 2 2 2 2 2 2 2 2 2 0 2 2 2 2 2 2 2 2 2 2 2 2 2 2 2 2 2 2 2 2 2 2 2 2 2 2 2 2 2 2 2 2 2 2 2 2 2 2 2 2 2 2 2 2 2 2 2 2 2 2 2 2 2 2 2 2 2 2 2 2 2 2 2 2 0 2 0 0 2 2 2 2 2 2 2 0 2 2 0 2 0 2 2 2 2 2 2 2 2 2 2 2 2 2 2 2 2 2 2 0 2 2 2 2 2 2 2 2 2 2 2 2 2 2 2 2 2 2 2 2 2 2 0 2 2 2 2 2 2 0 2 2 2 0 2 2 2 2 2 2 2 2 2 2 2 2 2 2 2 2 2 2 2 2 2 2 2 2 2 2 2 2 2 2 2 2 2 2 2 2 2 2 2 2 2 2 2 2 2 2 0 2 2 2 2 2 2 0 2 2 2 2 2 2
696 0 0 0 2 2 0 2 0 2 0 2 2 2 2 2 2 2 2 0 2 2 2 0 2 2 2 2 2 2 0 0 2 2 2 2 2 2 0 2 2 2 2 0 2 0 0 0 2 0 2 2 2 2 0 0 0 2 0 0 2 2 2 2 0 2 2 0 0 0 2 2 2 2 2 2 0 0 2 0 2 0 2 2 2 2 2 0 0 0 2 2 2 2 0 0 2 0 2 0 0 2 0 0 2 0 2 0 0 0 0 2 2 0 0 2 2 0 2 2 2 0 2 2 2 2 2 2 0 2 2 2 2 2 2 2 2 2 2 0 0 0 2 2 2 0 0 2 0 1 2 2 2 2 2 2 0 0 0 1 2 0 0 2 2 2 0 0 1 2 2 0 2 0 2 0 2 0 2 2 0 2 2 0 2 2 2 0 0 0 0 1 0 0 2 0 2 2 2 0 0 2 2 2 2 2 0 2 0 0 2 2 2 0 0 2 0 2 0 2 0 0 0 0 2 0 2 0 2 0 0 0 2 0 2 2 0 2 0 2 0 0 2 2 2 0
697 2 2 0 2 2 2 2 0 2 2 2 2 2 2 2 2 2 0 2 0 2 2 2 2 2 2 0 2 0 2 2 2 2 2 2 1 2 2 2 0 2 2 2 2 2 0 2 2 2 2 2 2 2 2 2 2 2 2 0 2 2 2 2 2 0 2 2 2 2 2 2 2 2 2 2 2 0 2 2 2 2 2 2 2 2 0 0 2 2 2 0 2 2 2 2 2 0 2 0 0 2 2 2 2 0 2 0 2 0 2 2 2 2 2 0 0 2 2 2 2 2 2 2 2 2 2 2 2 0 2 2 2 0 2 2 0 2 0 2 2 2 0 0 2 2 2 2 0 2 2 2 2 2 2 2 2 2 2 2 2 2 2 2 0 2 0 2 2 2 2 2 2 2 0 2 2 2 2 2 2 2 2 2 0 2 2 0 0 0 2 2 2 2 2 0 2 2 2 0 0 0 2 2 2 2 2 2 0 2 2 2 2 0 2 2 2 2 1 2 2 2 0 2 2 2 2 2 0 0 0 2 2 2 0 2 2 2 2 2 2 2 0 2 0 2
698 0 2 0 0 0 0 2 2 0 0 0 2 0 2 0 0 2 2 0 0 0 2 2 2 2 0 2 2 2 0 0 2 0 2 0 2 0 2 0 2 0 0 0 0 0 0 0 0 0 0 0 0 2 2 2 2 0 2 0 0 0 2 0 0 2 0 2 2 2 0 0 2 2 2 2 0 0 2 2 2 0 2 2 0 2 0 0 0 2 0 0 0 2 2 0 0 2 2 2 0 2 2 2 0 0 0 2 2 0 2 0 2 2 0 0 2 0 2 0 0 2 0 0 0 2 2 2 2 0 2 0 0 0 0 2 0 0 2 2 2 0 0 0 2 0 2 0 2 0 0 0 2 0 2 2 0 2 2 1 0 2 2 0 0 2 2 0 1 0 0 2 0 2 0 2 2 2 2 0 0 2 0 0 2 0 0 2 0 0 0 0 2 0 2 0 2 0 2 0 0 0 2 2 2 2 2 0 0 0 0 2 0 0 0 0 0 2 0 0 2 0 0 2 2 2 0 2 0 0 2 0 0 0 0 0 0 2 0 0 0 0 0 2 0 0
699 2 0 2 0 0 0 0 0 0 0 0 0 0 0 0 0 2 2 0 0 2 0 0 0 0 0 0 0 2 0 0 0 2 2 0 0 0 0 0 2 0 0 0 2 0 2 0 0 0 2 0 2 2 2 0 0 2 0 2 0 0 0 0 0 0 0 0 2 2 0 0 2 0 2 2 0 2 0 0 0 2 0 0 2 0 0 2 0 0 0 0 0 0 0 2 2 0 0 0 2 2 0 0 2 2 0 0 0 2 0 0 0 2 0 2 2 0 0 0 2 0 0 0 2 2 0 0 2 0 0 0 0 0 2 0 0 2 0 2 0 0 0 0 0 0 2 2 0 1 0 0 2 2 2 0 2 2 0 1 0 0 2 2 0 0 0 0 0 2 0 0 2 0 0 0 0 0 2 0 0 0 0 0 0 2 2 0 0 0 0 0 0 0 0 0 0 0 0 2 1 0 2 2 0 0 2 0 2 0 0 2 2 2 0 0 0 2 0 0 0 0 0 2 0 0 0 0 0 0 0 2 0 0 0 2 2 0 0 0 2 0 0 2 0 2
700 2 2 2 2 2 2 2 0 2 2 2 2 2 2 2 2 2 2 2 2 2 2 2 2 2 2 2 2 2 2 2 2 2 2 2 2 2 2 2 2 2 2 0 2 2 2 2 2 2 2 2 2 2 2 2 2 2 2 2 2 2 2 2 2 2 2 2 2 2 2 0 2 2 2 2 2 2 2 2 2 2 0 2 2 2 2 2 0 2 2 0 2 2 2 2 2 2 2 0 2 2 2 2 2 2 2 0 2 2 2 2 2 2 2 2 2 2 0 2 2 2 2 2 2 2 2 2 2 2 2 0 2 0 2 2 2 2 2 2 2 2 0 2 2 2 2 2 0 2 2 2 2 2 2 2 2 2 2 2 2 2 2 2 0 2 0 0 2 2 2 2 2 2 2 2 2 2 2 2 2 0 2 2 2 2 2 2 2 0 2 2 2 0 2 0 2 2 2 2 2 2 2 2 2 2 2 2 2 2 2 2 2 2 2 2 0 2 2 2 2 2 2 2 2 2 2 2 0 2 2 2 2 2 0 2 2 2 2 2 2 2 0 2 0 2
701 0 0 0 0 0 2 0 0 0 0 2 0 0 2 0 0 2 2 0 0 2 0 0 2 0 0 0 0 2 0 2 0 0 0 2 0 2 0 0 0 0 0 0 0 0 0 0 0 0 2 0 0 0 0 0 0 0 0 0 0 0 2 0 0 0 0 0 0 2 0 0 0 0 0 2 0 0 0 0 0 0 2 0 0 0 2 0 0 0 2 2 0 0 0 0 0 2 2 0 0 2 2 0 2 0 2 2 0 0 0 0 0 0 0 0 0 2 0 2 0 0 0 0 0 2 0 2 2 0 2 0 0 2 0 0 2 0 2 2 2 0 2 2 0 0 2 0 0 1 2 2 0 0 2 0 0 0 2 1 0 0 0 0 2 2 0 2 0 0 0 0 2 2 0 2 0 0 2 0 0 0 2 2 0 0 0 0 2 2 0 0 0 0 0 2 2 0 0 0 0 2 2 0 2 0 2 0 0 0 0 0 0 0 0 0 0 0 0 2 0 0 0 0 0 0 0 0 2 0 2 0 0 0 2 0 2 2 0 2 0 2 2 0 2 0
702 2 2 2 2 2 2 2 0 2 2 2 2 2 2 2 2 2 2 2 2 2 2 2 2 2 2 2 2 2 2 2 2 2 2 2 2 2 2 2 2 2 2 2 2 2 2 2 2 2 2 2 0 2 2 2 2 2 2 2 2 2 2 2 2 2 2 2 2 2 2 2 2 2 2 2 2 2 2 2 2 2 0 2 2 2 2 2 2 2 2 0 2 2 2 2 2 2 0 0 2 2 2 2 2 2 2 0 2 2 2 2 2 2 2 2 2 2 2 2 2 2 2 2 2 2 2 2 2 2 2 2 2 0 2 2 2 2 2 2 0 2 0 2 2 2 2 0 0 2 2 2 2 0 2 2 2 2 0 2 2 2 2 2 0 2 0 0 2 2 2 2 2 0 2 0 2 2 2 2 2 2 2 2 2 2 2 2 2 0 2 2 2 2 2 0 0 2 2 2 1 2 2 2 2 2 2 2 2 2 2 2 2 2 2 2 2 2 2 2 2 2 2 2 2 2 2 2 0 2 2 2 2 2 0 2 2 2 2 2 2 2 0 2 0 0
703 2 2 2 2 2 2 2 2 2 2 2 2 2 2 2 2 0 2 2 2 2 2 2 2 2 2 0 2 2 2 2 2 2 2 2 1 2 2 2 2 2 2 2 2 2 2 2 2 2 2 2 2 2 2 2 2 2 2 2 2 2 2 2 2 2 2 2 2 2 2 2 2 2 2 0 2 2 2 2 0 2 2 2 2 2 0 2 2 2 2 2 2 2 2 2 2 2 2 2 2 0 2 2 2 2 2 2 2 2 2 2 2 2 2 2 2 2 2 2 2 2 2 2 2 2 2 2 2 2 2 2 2 2 2 2 0 2 0 2 2 2 2 0 2 2 2 2 0 2 2 2 2 2 0 2 2 2 2 2 2 2 2 2 2 0 0 2 2 2 2 2 2 2 2 2 2 2 0 2 2 2 2 2 0 2 2 2 0 2 2 2 0 2 2 2 2 2 2 2 2 2 0 2 2 2 2 2 2 2 2 2 2 2 2 2 2 2 2 2 2 2 2 2 2 2 2 0 2 2 2 2 2 2 2 2 2 0 2 2 0 2 2 2 2 0
704 2 2 2 2 2 2 2 2 2 0 2 2 2 2 2 2 2 2 0 2 2 2 2 2 2 2 2 2 2 0 2 2 2 0 2 2 2 2 2 0 2 2 2 0 0 2 2 2 0 2 2 2 0 0 2 2 2 2 2 2 0 2 2 2 2 2 2 2 2 2 0 2 2 0 2 0 2 2 2 2 2 2 2 2 2 2 2 2 2 2 2 2 2 2 2 2 2 2 2 2 2 2 2 2 0 2 2 2 2 2 2 2 2 0 2 2 2 0 2 2 0 2 2 0 2 2 0 2 2 0 0 2 2 2 0 2 0 2 2 2 0 2 2 2 2 2 2 2 2 2 2 2 2 2 2 2 2 2 2 2 0 2 2 2 2 2 2 2 2 2 2 2 2 2 2 2 2 2 2 0 0 2 2 2 0 2 2 2 2 0 1 2 2 0 2 0 2 2 2 0 2 2 0 2 0 2 2 2 2 0 2 2 2 2 2 2 0 2 2 2 2 2 2 2 2 2 2 2 2 0 2 2 0 2 2 2 2 0 2 2 2 2 2 2 2
705 2 2 2 2 2 2 2 2 2 2 2 2 2 2 2 2 2 2 2 2 0 2 2 2 2 2 2 2 2 2 2 2 2 0 2 2 2 2 2 0 2 2 2 0 2 2 2 2 0 0 2 2 0 0 2 2 2 2 2 2 0 2 2 2 2 2 2 2 2 2 0 2 2 0 2 2 2 2 2 2 2 2 2 2 2 2 2 2 2 2 2 2 2 2 2 2 2 0 2 2 2 2 2 0 2 2 2 2 2 2 2 2 2 2 2 2 2 0 2 2 0 2 2 0 2 2 0 2 2 0 0 2 2 2 0 2 0 2 2 2 2 2 2 2 2 2 2 2 2 2 2 2 2 2 2 2 2 2 2 2 0 2 2 2 2 2 2 2 2 2 2 2 2 2 2 2 2 2 2 2 0 2 2 2 0 2 2 2 2 2 2 2 2 0 2 2 2 2 2 2 2 2 0 2 0 2 2 2 2 0 2 2 2 2 2 2 0 2 2 2 2 2 2 2 2 2 2 2 2 0 2 2 2 2 2 2 2 2 2 2 2 2 2 2 2
706 2 2 2 2 2 2 2 2 2 2 2 2 2 2 2 2 0 2 2 2 2 2 2 2 2 0 2 2 2 2 2 2 2 2 2 2 2 2 2 2 2 2 2 2 2 2 2 2 2 2 2 2 2 2 2 2 2 2 2 2 2 2 2 2 2 2 2 2 2 2 2 2 2 2 0 2 2 2 2 2 2 2 2 2 2 2 2 2 2 2 2 2 2 2 2 2 2 2 2 2 0 2 2 2 2 2 2 2 2 2 2 2 2 2 2 2 2 2 2 2 2 2 2 2 2 2 2 2 2 2 2 2 2 2 2 2 2 0 2 2 2 2 2 2 2 2 2 2 2 2 2 2 2 0 2 2 2 2 2 2 2 2 2 2 2 2 2 2 2 2 2 2 2 2 2 2 2 0 2 2 2 2 2 2 2 2 2 2 2 2 2 0 2 2 2 2 2 2 2 2 2 0 2 2 2 2 2 2 2 2 2 2 2 2 2 2 2 1 2 2 2 2 2 2 2 2 0 2 2 2 2 2 2 2 2 2 2 2 2 0 2 2 2 2 0
707 2 2 2 2 2 2 2 2 2 2 2 2 2 2 2 2 0 2 2 2 2 2 2 2 2 0 2 2 2 2 2 2 2 2 2 2 2 2 2 2 2 2 2 2 2 2 2 2 2 2 2 2 2 2 2 2 2 2 2 2 2 2 2 2 2 2 2 2 2 2 2 2 2 2 0 2 2 2 2 2 2 2 2 2 2 2 2 2 2 2 2 2 2 2 2 2 2 2 2 2 0 2 2 2 2 2 2 2 2 2 2 2 2 2 2 2 2 2 2 2 2 2 2 2 2 2 2 2 2 2 2 2 2 2 2 2 2 0 2 2 2 2 2 2 2 2 2 2 2 2 2 2 2 0 2 2 2 2 2 2 2 2 2 2 2 2 2 2 2 2 2 2 2 2 2 2 2 0 2 2 2 2 2 2 2 2 2 2 2 2 2 0 2 2 2 2 2 2 2 2 2 0 2 2 2 2 2 2 2 2 2 2 2 2 2 2 2 1 2 2 2 2 2 2 2 2 0 2 2 2 2 2 2 2 2 2 2 2 2 0 2 2 2 2 0
708 2 2 2 2 2 2 2 2 2 2 2 2 2 2 2 2 2 2 2 2 2 0 2 2 2 2 2 0 2 2 2 0 2 2 2 2 2 2 2 0 2 2 2 2 2 2 2 2 2 2 0 2 2 2 2 2 2 2 2 2 2 2 2 0 0 2 2 0 2 2 2 2 2 2 2 2 2 2 2 2 2 2 2 2 2 2 2 0 2 2 0 2 2 2 2 2 2 2 2 2 2 0 2 2 2 2 2 2 2 2 2 2 2 2 2 2 2 2 2 2 2 2 2 2 2 2 2 2 2 2 0 2 2 2 2 2 0 2 2 2 2 0 2 2 0 2 2 2 2 2 2 2 2 2 2 2 2 2 2 2 2 2 2 0 2 2 2 0 2 2 2 2 2 2 2 2 0 2 2 2 2 2 2 2 2 2 2 2 2 2 2 2 0 2 0 2 2 2 2 2 2 2 2 2 2 2 2 2 2 2 2 2 2 0 2 0 2 2 2 0 0 2 0 2 2 2 2 2 2 2 2 2 2 2 2 2 2 2 2 2 2 0 2 0 2
709 0 0 0 0 2 2 0 2 0 0 0 0 2 0 2 0 0 0 0 0 0 0 2 0 0 0 0 0 0 0 0 0 0 0 2 1 0 0 0 0 0 0 0 2 0 0 2 0 0 0 0 0 2 2 2 2 2 0 0 0 0 0 0 0 0 2 0 0 0 0 2 0 0 2 0 0 0 0 0 0 0 2 0 0 0 0 0 0 2 2 0 0 0 0 0 0 2 0 2 0 0 0 0 0 0 0 2 0 0 0 0 1 0 0 0 0 2 2 0 0 2 0 0 2 2 0 0 0 2 0 0 0 2 0 0 0 0 0 2 2 0 0 0 2 0 0 0 0 1 0 0 0 0 0 0 0 0 2 2 0 0 2 0 0 0 0 2 0 0 0 0 2 2 2 2 0 0 0 0 0 2 0 2 0 0 0 0 0 2 0 0 2 0 0 0 0 0 0 0 1 0 0 0 0 0 2 0 0 2 0 0 0 0 0 0 0 0 0 0 0 0 0 0 0 0 0 2 0 0 2 0 0 0 0 0 2 0 0 0 0 2 0 0 0 0
710 0 2 2 2 2 0 2 2 2 0 2 2 2 2 2 2 0 2 0 2 2 2 2 2 2 2 2 2 2 0 2 2 2 2 0 2 2 2 2 2 2 2 2 0 0 2 0 2 2 2 2 2 2 2 2 2 2 2 2 2 2 2 0 2 2 2 2 2 0 2 2 2 2 2 0 0 2 2 2 0 2 2 2 2 2 0 2 2 0 0 2 2 2 2 0 2 2 2 2 2 0 2 2 0 2 0 2 2 2 2 2 2 0 0 2 0 0 0 2 2 2 2 2 0 2 2 0 0 2 0 2 2 2 2 0 0 2 2 2 2 0 2 0 2 2 2 2 2 1 0 2 2 2 0 2 0 2 0 1 2 0 2 2 2 0 2 2 2 2 2 2 2 2 2 2 2 2 0 2 0 2 0 0 2 2 2 2 2 2 0 0 2 2 0 2 2 0 2 2 1 0 0 2 2 0 2 2 2 0 0 2 2 2 2 2 2 2 2 2 2 2 2 2 2 2 2 2 2 2 2 2 2 0 2 2 2 2 0 2 2 0 2 0 2 2
711 0 2 2 2 2 2 0 2 2 2 2 2 2 2 2 2 2 2 2 2 2 2 0 2 0 2 2 2 2 2 0 2 0 2 2 2 0 2 2 0 2 2 2 2 2 2 2 2 2 2 2 2 2 2 0 0 2 2 2 2 2 2 2 2 2 2 2 2 2 0 2 0 0 2 2 2 2 2 2 2 2 2 0 2 2 2 2 2 2 2 2 2 0 2 2 0 2 2 2 2 2 2 2 2 2 2 2 2 2 2 2 0 2 2 0 2 2 2 2 0 2 2 2 2 2 0 2 2 2 0 2 0 2 0 2 2 2 2 2 2 2 2 2 2 2 2 2 2 2 2 2 2 2 2 0 2 2 2 1 2 2 2 2 2 2 2 2 2 2 2 2 2 2 2 2 2 2 2 2 2 2 2 2 2 2 2 2 2 2 2 2 2 2 2 2 2 2 2 2 2 2 2 2 2 2 2 2 2 2 2 2 2 2 2 2 2 2 2 2 2 2 2 2 2 2 0 2 2 2 2 2 2 2 2 2 2 2 2 2 2 2 2 2 2 2
712 2 2 2 0 2 2 2 2 2 2 2 0 2 2 2 2 2 2 2 2 2 2 2 2 0 0 2 2 2 2 2 2 2 2 2 2 2 2 2 2 2 2 2 2 2 2 2 2 2 2 2 0 2 2 2 2 2 2 2 2 2 2 2 0 2 2 2 2 2 2 0 2 2 2 2 2 2 0 2 2 2 2 2 0 2 2 2 0 0 2 0 2 2 2 0 2 2 2 2 2 2 2 2 2 0 2 2 2 2 2 2 2 0 2 2 2 2 2 2 2 2 2 2 2 0 2 0 0 0 2 0 2 2 2 0 2 2 2 2 2 2 0 2 0 0 0 0 2 2 2 2 0 0 2 2 2 2 2 1 2 2 2 2 0 2 2 2 1 2 2 0 0 2 2 2 0 2 2 2 2 2 2 2 2 2 2 2 0 2 2 2 2 0 2 0 2 2 0 0 0 2 2 2 2 0 2 2 0 2 2 0 2 2 0 2 0 2 1 2 0 0 2 2 0 0 2 2 2 2 2 2 2 2 0 2 2 2 2 2 2 2 0 0 0 2
713 2 0 2 2 2 0 0 2 2 0 2 2 2 0 0 2 0 2 0 2 2 2 0 0 0 0 0 2 2 0 2 2 0 0 0 0 0 1 2 2 0 2 0 0 0 2 2 2 2 2 2 0 0 2 0 0 2 0 2 2 2 2 0 2 0 2 0 2 2 0 0 0 0 0 0 0 2 2 1 0 2 2 0 0 0 0 2 2 2 1 0 2 0 2 0 0 0 2 2 2 0 0 0 2 0 0 2 2 2 0 2 0 0 0 2 0 0 0 0 0 0 2 0 0 2 0 0 0 2 2 0 0 0 0 0 0 0 2 2 0 0 0 0 0 2 0 0 0 1 0 0 2 0 0 0 0 0 0 0 0 2 2 2 2 0 0 0 2 0 0 0 0 0 2 0 0 2 0 0 0 0 0 0 0 2 0 0 0 2 0 0 0 2 0 0 0 2 0 0 0 2 0 2 0 0 2 0 0 2 0 0 0 2 2 0 0 2 1 0 2 1 0 2 0 0 0 0 0 0 2 2 2 0 2 0 2 0 0 0 0 0 2 2 2 0
714 2 0 2 0 2 2 2 0 2 2 2 2 2 2 2 2 0 2 0 2 2 2 2 2 2 2 0 2 2 0 2 2 0 0 2 1 2 0 2 0 2 2 0 0 2 2 0 2 2 2 2 0 2 2 2 2 0 0 2 0 2 2 2 2 0 2 0 0 2 2 0 2 0 2 0 0 2 2 0 0 2 0 0 0 0 2 2 2 2 2 0 2 0 0 2 0 0 2 0 2 0 2 0 2 2 2 0 0 2 0 2 0 2 2 0 2 2 0 0 0 2 2 2 0 2 2 0 0 2 2 2 2 0 0 0 2 2 2 2 0 2 2 0 2 2 2 0 0 2 2 2 0 0 0 2 2 2 2 2 2 0 2 2 0 0 0 0 2 0 2 2 2 0 0 0 2 2 0 2 2 2 2 2 0 2 2 2 2 0 2 2 2 2 0 0 2 0 2 2 1 2 0 2 2 0 2 2 2 0 0 0 0 2 2 2 2 2 2 0 2 2 2 0 2 2 0 2 0 2 0 2 2 2 0 0 2 0 2 0 2 2 2 2 0 0
715 2 2 2 2 2 2 2 2 2 2 2 2 2 2 2 2 2 2 2 2 2 2 2 2 2 0 0 2 2 2 2 2 0 2 2 1 2 2 2 2 2 2 2 2 2 2 2 2 2 2 2 2 2 2 2 2 2 2 2 2 2 2 2 2 2 2 2 2 2 0 2 2 1 2 2 2 2 2 2 2 2 2 0 2 2 2 2 2 2 2 2 2 0 2 2 0 2 2 2 2 2 2 2 2 2 2 2 2 2 2 2 0 0 2 2 2 2 2 2 0 0 2 2 2 2 2 2 2 2 2 2 2 2 0 2 2 2 2 2 2 2 2 2 2 2 2 2 2 2 2 2 2 2 2 2 2 2 2 2 2 2 2 2 2 2 2 2 2 2 2 2 2 2 2 2 2 2 2 2 2 2 2 2 0 2 2 2 2 2 2 2 2 2 2 2 2 2 2 2 2 2 2 2 2 2 2 2 2 2 2 2 2 2 2 2 2 2 2 2 2 2 2 2 2 2 2 2 2 2 2 2 2 2 2 2 2 2 2 2 2 2 2 2 2 2
716 2 2 2 0 2 2 2 0 2 2 2 2 2 2 2 2 2 2 2 2 2 2 2 2 2 2 2 2 2 2 2 2 2 0 2 2 2 2 0 0 2 2 2 2 2 2 2 2 2 2 2 2 0 0 2 2 2 2 2 2 0 2 2 0 0 2 2 2 2 2 2 2 2 0 2 2 2 2 2 2 2 2 2 2 0 2 2 0 2 2 2 0 2 2 2 2 2 0 0 2 2 2 2 0 0 0 2 2 0 2 2 2 2 2 0 2 2 2 2 2 2 0 2 2 0 2 2 2 0 2 0 2 2 2 0 2 2 2 2 2 2 2 2 2 0 2 2 2 2 0 2 2 2 2 2 0 0 2 2 2 2 2 2 2 2 2 2 1 2 2 2 2 2 2 2 0 0 2 2 2 0 0 2 2 0 0 2 0 2 2 2 2 0 0 2 2 2 0 2 1 0 2 2 2 0 2 2 2 2 0 2 2 2 0 2 0 2 2 2 0 0 2 2 2 2 2 2 2 2 2 0 2 2 2 2 2 0 2 2 2 2 2 2 2 2
717 0 2 2 2 2 2 2 2 0 2 0 0 2 2 0 0 2 0 2 0 2 0 0 2 2 2 2 0 0 2 0 0 2 0 2 2 2 2 2 2 2 0 2 0 2 2 0 0 2 2 2 2 0 0 0 0 0 2 2 0 0 0 2 2 2 2 2 2 0 2 2 2 2 0 2 2 2 0 2 2 0 2 2 2 0 2 2 2 0 2 2 2 2 2 2 2 2 2 2 2 2 2 2 2 0 2 2 2 2 2 0 2 2 2 2 0 2 0 2 2 2 2 0 0 0 2 2 2 2 0 2 0 2 2 2 2 0 0 0 2 2 2 2 2 2 2 2 2 1 2 2 2 2 2 2 2 2 2 2 2 2 2 2 2 2 2 2 2 2 2 2 2 2 2 2 2 2 2 2 2 0 2 2 2 0 2 2 2 2 2 2 2 2 2 2 2 2 2 2 1 2 2 2 2 2 0 2 2 0 0 0 2 2 2 2 2 2 2 2 2 2 2 2 2 2 2 2 2 2 0 2 0 2 2 2 2 2 2 2 2 2 2 2 2 2
718 2 2 2 2 2 2 2 2 2 2 2 2 2 2 0 2 2 2 2 2 2 2 2 2 2 2 2 2 2 2 2 2 0 2 2 1 0 2 2 2 2 2 2 2 2 2 2 2 2 2 2 2 2 2 2 2 2 2 2 2 2 2 2 2 2 2 2 2 2 2 2 2 2 2 2 2 2 2 0 2 2 2 2 2 2 2 2 2 2 2 2 2 0 0 2 0 2 2 2 2 2 2 2 2 2 2 2 0 2 2 2 0 2 2 2 2 2 2 2 0 2 2 2 2 2 2 2 2 2 2 2 2 2 0 2 2 2 2 2 2 2 2 2 0 2 2 2 2 1 2 2 2 2 2 2 2 2 2 0 2 2 2 0 2 2 2 2 1 2 2 2 2 2 2 2 2 2 2 2 2 2 2 2 2 2 2 2 2 2 2 2 0 2 2 2 2 2 2 0 2 2 2 2 2 2 2 2 0 2 2 2 2 2 2 0 2 2 1 2 2 2 0 2 0 2 2 0 2 0 2 2 2 2 2 2 2 2 2 2 2 2 2 2 2 2
719 2 2 2 2 2 0 2 2 2 2 2 2 2 2 2 2 2 2 2 2 2 2 2 2 2 0 0 2 2 2 2 2 2 2 2 1 2 2 2 2 2 2 2 2 2 2 2 2 2 2 2 2 2 2 2 2 2 2 2 2 2 2 2 2 2 2 2 2 0 2 2 2 2 2 2 2 2 2 2 2 2 2 0 2 2 2 2 2 2 2 2 2 2 2 2 2 2 2 2 2 2 2 2 2 2 2 2 2 2 2 2 2 0 2 2 2 0 2 2 2 0 2 2 2 2 2 2 2 2 2 0 2 2 2 2 2 2 2 2 2 2 2 2 2 2 0 2 2 1 2 2 2 2 2 2 2 2 2 2 2 2 2 2 2 2 2 2 2 2 2 0 2 2 2 2 2 2 2 2 2 2 2 2 0 2 2 2 2 2 2 2 2 2 2 2 2 2 2 2 2 2 2 2 2 2 2 2 2 2 2 2 2 2 2 2 2 2 1 2 2 2 2 2 2 0 2 2 2 2 0 2 2 2 2 2 2 2 2 2 2 0 2 2 2 2
720 2 2 2 2 2 2 0 2 2 2 2 2 2 2 2 2 0 2 2 2 2 2 2 2 2 2 2 2 2 2 2 2 2 2 2 2 2 2 2 2 2 2 2 0 2 2 2 2 2 2 2 2 2 2 2 2 2 2 2 2 2 2 2 2 2 2 2 2 2 2 2 2 2 2 0 2 2 2 2 0 2 2 0 2 2 2 2 2 2 2 0 2 2 2 2 2 2 0 2 2 2 2 2 2 2 2 2 2 2 2 2 2 2 2 2 2 2 2 0 2 2 2 2 0 2 0 2 2 2 2 2 2 2 2 0 2 2 2 2 2 2 0 0 2 2 2 2 2 2 2 0 2 2 2 2 2 2 2 1 2 2 2 2 2 2 2 2 2 2 2 2 0 2 2 2 2 2 2 2 2 2 2 2 2 2 2 0 2 2 2 2 0 2 0 2 2 2 2 2 2 2 2 2 2 0 2 0 2 2 2 2 0 2 2 2 2 2 2 0 2 2 2 2 2 2 2 0 2 2 2 2 2 2 2 0 2 0 2 0 2 2 2 2 0 2
721 2 2 2 0 2 2 2 0 2 2 2 2 2 2 2 2 2 2 2 2 2 2 2 2 2 0 0 2 2 2 2 2 2 2 2 1 2 2 2 2 2 2 0 0 2 2 0 2 2 2 2 2 2 2 2 2 2 2 2 2 2 2 2 0 0 2 2 2 2 0 2 2 0 2 2 2 2 2 0 2 2 2 0 0 2 2 2 0 2 2 2 2 2 0 2 2 0 2 0 2 0 2 2 2 0 2 2 0 2 2 2 2 0 2 2 2 2 2 0 2 0 2 0 0 2 2 2 2 2 2 0 2 2 2 2 2 2 2 2 0 2 2 2 0 0 2 2 2 2 2 2 2 2 0 0 2 2 2 1 2 2 2 2 2 2 2 2 1 2 2 2 2 0 2 2 2 0 0 2 2 2 2 2 0 0 2 2 2 2 2 2 2 0 2 2 2 2 2 0 1 2 2 2 2 2 2 2 0 0 2 2 0 2 0 2 0 2 2 0 0 0 2 2 0 2 2 2 2 2 2 2 2 2 2 0 0 2 2 0 2 2 2 2 2 2
722 2 2 2 2 2 2 2 2 2 2 2 2 2 2 2 2 0 2 2 2 2 2 2 2 2 2 2 2 2 2 2 2 2 2 2 2 2 2 2 2 2 2 2 2 2 2 2 2 2 2 2 2 2 2 2 2 2 2 2 2 2 2 2 2 2 2 2 2 2 2 2 2 2 2 0 2 2 2 2 2 2 0 2 2 2 2 2 2 2 2 2 2 2 2 2 2 2 2 2 2 2 2 2 2 2 2 2 2 2 0 2 2 2 2 2 2 2 2 2 2 2 2 2 2 2 2 2 2 2 2 2 2 2 2 2 2 2 2 2 0 2 2 0 2 2 2 2 0 2 2 2 2 2 2 2 2 2 2 2 2 2 2 2 0 0 0 2 2 2 2 2 2 2 2 0 2 2 2 2 2 2 2 2 2 2 2 2 2 2 2 2 2 2 2 2 2 2 2 2 2 2 0 2 2 2 2 2 2 2 2 2 2 2 2 2 2 2 2 2 2 2 2 2 2 2 2 2 2 2 2 2 2 2 0 2 2 2 2 2 2 2 2 2 2 2
723 2 2 2 2 2 2 2 2 2 2 2 2 2 2 2 2 2 2 2 2 2 2 2 2 2 2 2 2 2 2 2 2 2 2 2 2 2 2 2 2 2 2 2 2 2 2 0 2 2 2 2 0 2 2 2 2 2 2 2 2 0 2 2 0 0 2 2 2 2 2 2 2 2 2 2 2 2 2 2 2 2 2 2 2 2 2 2 0 0 2 2 2 2 2 2 2 2 2 2 2 2 2 2 2 0 2 2 2 2 2 2 2 2 2 2 2 2 2 2 2 2 2 2 2 2 2 2 2 2 2 2 2 2 2 2 2 2 2 2 2 2 2 2 2 0 0 0 2 2 2 2 2 2 2 2 2 2 2 2 2 0 2 2 2 2 2 2 1 2 2 2 2 2 0 2 2 0 2 2 2 0 2 2 2 2 2 2 2 2 2 2 2 0 2 2 2 2 2 2 0 2 2 2 2 2 2 2 2 0 2 2 2 2 0 2 0 2 2 2 0 0 2 2 2 2 2 2 2 2 2 2 2 2 2 2 2 2 2 2 2 2 2 2 2 2
724 2 2 2 2 2 2 2 2 2 2 2 2 2 0 2 2 0 2 0 2 2 2 2 0 2 2 2 2 2 0 2 2 2 2 2 2 2 2 2 2 2 0 2 2 2 2 2 2 2 2 2 2 2 2 2 2 2 2 2 2 2 2 2 2 2 2 2 2 2 2 2 2 2 2 0 0 2 2 2 2 2 0 2 2 2 2 2 2 2 2 0 2 2 2 2 2 0 2 2 2 0 2 2 2 2 2 2 2 2 2 0 2 2 2 2 2 2 0 2 2 2 2 2 2 2 2 2 2 2 2 2 2 0 2 2 2 2 2 2 0 2 0 0 2 2 2 2 0 2 2 2 2 2 0 2 0 2 2 2 2 2 0 2 0 0 0 0 2 2 2 2 2 0 2 0 2 2 0 2 2 2 2 2 2 0 2 2 2 0 2 2 0 2 2 0 2 2 2 2 2 2 0 2 2 2 2 2 2 2 2 2 2 2 2 2 2 2 2 2 2 2 2 2 2 2 0 0 0 2 2 2 2 2 0 2 2 2 2 2 2 2 0 2 0 2
725 2 2 2 2 2 2 2 2 2 0 2 2 2 0 2 2 2 2 0 2 2 2 2 0 2 2 2 2 2 0 2 2 2 2 2 2 2 2 2 2 2 2 2 2 0 2 2 2 2 2 2 2 2 2 2 2 2 2 2 2 0 0 2 2 2 2 2 2 2 2 2 2 2 2 2 0 2 2 2 2 2 2 2 2 2 2 2 2 0 2 2 2 2 2 2 2 2 2 2 2 2 2 2 2 2 2 2 2 2 2 2 2 2 2 2 2 2 2 2 2 2 2 2 2 2 2 2 2 2 2 2 2 2 2 2 2 2 2 2 2 0 2 2 2 2 0 2 2 2 2 2 2 2 2 2 2 2 2 2 2 2 0 2 2 2 2 2 2 0 2 2 2 2 2 2 2 2 2 2 0 2 2 2 2 0 2 2 2 2 0 1 2 2 2 2 2 2 2 2 2 2 2 2 2 2 2 2 2 2 2 2 2 2 2 2 2 2 2 2 2 2 2 2 2 2 2 2 2 2 2 2 2 0 2 2 2 2 0 2 0 2 2 2 2 2
726 2 2 2 2 2 2 2 2 2 2 2 2 2 2 2 0 0 2 2 2 2 2 2 2 2 0 2 2 2 2 2 2 2 2 2 2 2 2 2 2 2 2 2 2 2 2 2 2 2 2 2 2 2 2 2 2 2 2 2 2 2 2 2 2 2 2 2 2 2 2 2 2 2 2 0 2 2 2 2 2 2 0 2 2 2 2 2 2 2 2 0 2 2 2 2 2 2 2 2 2 2 2 2 2 2 2 2 2 0 2 2 2 2 2 2 2 2 2 2 2 2 2 2 2 2 2 2 2 2 0 2 2 0 2 2 2 2 2 2 2 2 2 0 2 2 2 2 0 2 2 2 2 2 2 2 2 2 2 2 2 2 2 2 0 0 0 0 2 2 2 2 2 2 2 0 2 2 2 2 2 2 2 2 2 2 2 2 2 0 2 2 2 2 2 0 2 2 2 2 2 2 0 2 2 2 2 2 2 2 2 2 2 2 2 2 2 2 2 2 2 2 2 2 2 2 2 2 2 2 2 0 0 2 0 2 2 2 2 2 2 2 0 2 2 2
727 2 2 2 2 2 2 2 2 2 2 2 2 2 2 2 2 2 2 2 2 2 2 2 2 2 2 2 2 2 2 2 2 2 2 2 2 2 2 2 2 2 2 2 2 2 2 2 2 2 2 2 2 2 2 2 2 2 2 2 2 2 2 2 2 2 2 2 2 2 2 2 2 2 2 2 2 2 2 2 2 2 0 2 2 2 0 2 2 2 2 0 2 2 2 2 2 2 2 2 2 2 2 2 2 2 2 0 2 2 2 2 2 2 2 2 2 2 2 2 2 2 2 2 2 2 2 2 2 2 2 2 2 0 2 2 0 2 2 2 0 2 2 2 2 2 2 2 2 2 2 2 2 2 2 2 2 2 2 2 2 2 2 2 0 2 2 0 2 2 2 2 2 0 2 2 2 2 2 2 2 2 2 2 2 2 2 2 2 0 2 2 2 2 2 0 0 2 2 2 2 2 2 2 2 2 2 2 2 2 2 2 2 2 2 2 2 2 2 2 2 2 2 2 2 2 0 2 2 2 2 2 2 2 0 2 2 2 2 2 2 2 0 2 2 0
728 2 2 2 2 2 2 2 2 2 2 2 2 2 2 2 0 0 2 2 2 2 2 2 2 0 2 2 2 2 2 2 2 2 2 0 2 2 2 2 2 0 2 0 2 2 2 2 2 2 2 2 2 2 2 2 2 2 2 2 2 2 2 2 2 2 2 2 2 2 2 0 2 2 2 0 2 2 2 2 0 2 0 2 2 0 0 2 2 2 0 0 2 2 2 2 2 2 0 2 2 0 2 2 2 2 0 0 2 0 2 2 2 2 2 2 2 2 2 2 2 2 2 2 2 2 2 0 0 2 2 2 2 0 2 0 0 2 2 2 0 2 0 0 2 2 2 2 0 2 0 2 0 0 0 2 2 0 0 2 2 2 2 2 0 0 0 0 2 2 2 0 2 0 2 0 2 2 0 2 2 2 0 0 2 2 0 2 2 0 2 2 2 2 0 0 0 2 2 2 2 0 0 0 2 0 2 2 2 2 2 2 0 2 2 2 2 0 2 2 2 2 2 2 2 0 0 2 0 2 2 0 0 2 0 0 2 2 2 2 0 2 0 2 2 0
729 2 2 2 2 2 2 2 2 2 2 2 2 2 2 2 2 2 2 2 2 2 2 2 2 0 2 2 2 2 2 2 2 2 2 0 2 2 2 2 2 0 2 0 2 2 2 2 2 2 2 2 2 2 2 2 2 2 2 2 2 2 2 2 2 2 2 2 2 2 2 0 2 2 2 2 2 2 2 2 0 2 0 2 2 0 0 2 2 2 0 0 2 2 2 2 2 2 0 2 2 2 2 2 2 2 0 0 2 2 2 2 2 2 2 2 2 2 2 2 2 2 2 2 2 2 2 0 2 2 2 2 2 0 2 0 0 2 2 2 0 2 2 2 0 2 2 2 2 2 2 2 2 0 2 2 2 0 0 1 2 2 2 2 0 2 2 0 2 2 2 0 2 0 2 2 2 2 2 2 2 2 2 0 2 0 0 2 2 0 2 2 2 2 0 0 0 2 2 2 2 2 2 0 2 0 2 2 2 2 2 2 2 2 2 2 2 0 2 2 2 2 2 2 2 0 0 2 0 2 2 2 2 2 0 2 2 2 2 2 2 2 0 2 2 0
730 2 2 2 2 2 2 0 2 2 2 2 2 2 0 0 2 2 2 2 2 2 2 0 0 2 0 0 2 2 2 2 2 0 0 2 0 0 2 2 2 2 2 2 0 2 2 0 2 2 2 2 0 0 0 0 0 0 2 2 2 2 2 0 2 2 2 2 2 2 2 2 2 2 0 2 2 2 2 0 2 2 2 2 2 2 2 2 2 2 2 2 2 0 0 2 0 0 2 2 2 2 2 2 2 0 2 2 2 2 2 2 0 2 2 2 2 2 2 2 0 0 2 2 0 2 0 2 2 2 0 2 2 2 0 2 2 2 2 2 2 2 2 2 0 2 2 0 2 1 2 0 2 2 2 2 0 2 2 1 2 2 0 0 2 2 2 2 2 0 2 2 2 2 2 2 2 2 2 2 2 2 2 2 0 2 2 0 0 2 2 1 2 2 2 2 2 0 2 2 0 2 2 2 2 2 2 2 2 0 2 2 2 2 2 0 2 2 0 2 2 2 0 2 2 2 2 2 2 0 2 2 2 2 2 2 2 0 2 2 2 2 2 2 2 2
731 0 2 2 2 2 2 2 2 0 2 2 2 2 2 2 2 2 0 2 2 2 2 2 2 2 2 2 2 0 2 2 2 2 2 2 2 2 2 0 2 2 2 2 2 2 2 2 0 0 2 2 2 2 2 2 2 2 2 2 0 2 0 2 2 2 2 2 2 2 2 2 0 2 2 2 2 2 2 2 2 2 2 2 2 2 2 2 2 2 2 2 0 2 2 2 2 2 2 2 2 2 2 2 2 2 2 2 2 2 2 2 2 2 0 2 2 2 2 2 2 2 0 2 2 2 2 2 2 2 2 2 2 2 2 2 2 2 2 2 2 2 2 2 2 2 2 2 2 2 2 2 2 2 2 2 2 2 2 2 2 2 2 2 2 2 2 2 2 2 2 2 2 2 2 2 2 2 2 2 2 2 2 2 2 2 2 2 2 2 2 2 2 2 2 2 2 2 2 2 2 2 2 2 2 2 2 2 2 2 2 2 2 2 2 2 2 2 2 2 2 2 2 2 2 2 2 2 2 2 2 2 2 2 2 2 2 2 2 2 2 2 2 2 2 2
732 2 2 0 2 2 0 2 2 2 2 2 0 2 2 2 2 2 2 2 2 0 0 2 2 2 2 2 0 2 2 2 0 2 2 2 2 2 2 2 2 0 2 0 2 2 0 2 2 2 0 2 2 2 2 2 2 2 2 0 2 2 2 2 0 0 2 2 2 2 0 0 2 2 2 2 2 0 0 2 0 0 0 0 0 0 0 0 0 0 2 0 2 2 2 2 2 2 0 2 0 0 0 2 0 2 0 0 2 0 2 2 2 0 2 2 2 0 0 0 2 2 2 2 2 0 2 0 2 0 2 2 2 0 2 0 0 2 0 2 0 2 0 0 2 0 0 2 2 1 0 2 0 0 0 0 2 0 2 1 2 0 2 2 0 2 2 0 1 2 2 0 0 0 0 2 0 0 0 2 2 0 0 2 2 0 0 2 2 0 2 2 2 0 0 0 0 2 0 2 2 0 2 2 2 0 2 0 2 2 2 0 0 0 0 2 0 2 1 0 0 0 2 2 0 0 0 2 2 2 0 0 2 2 0 0 0 0 2 0 0 0 0 0 2 0
733 2 2 2 2 0 2 2 2 2 2 2 2 0 2 2 2 0 2 2 2 2 2 2 2 0 0 2 2 2 2 2 2 2 0 2 1 2 2 2 2 0 2 0 2 2 2 0 2 2 2 2 0 0 0 2 2 2 2 2 2 0 2 2 2 2 0 2 2 2 2 0 2 2 0 0 2 2 2 2 0 0 0 2 0 2 0 2 2 2 2 0 2 2 2 0 2 2 0 2 2 0 0 2 0 0 0 0 2 2 0 2 2 2 2 2 2 2 2 2 2 2 2 2 2 0 2 0 2 0 0 2 2 0 2 0 0 0 0 2 0 2 0 0 0 2 2 0 2 1 0 2 0 0 0 2 0 2 2 1 2 2 2 0 0 0 2 0 1 2 2 2 0 0 2 0 2 2 0 2 2 2 0 2 2 0 2 2 0 0 2 2 0 2 0 0 0 2 2 2 0 0 0 2 2 0 2 2 2 0 2 0 0 2 2 2 2 2 2 2 2 2 2 2 2 2 0 0 2 2 2 2 2 2 0 0 0 0 2 2 2 2 0 2 0 0
734 0 2 2 2 2 2 2 2 0 2 0 2 2 2 2 2 2 0 2 2 2 2 2 2 2 2 2 2 0 2 0 2 2 2 2 2 2 2 0 0 2 2 2 2 2 2 2 0 0 2 2 2 2 2 2 2 2 2 2 0 2 0 2 2 2 2 2 2 2 2 2 0 2 2 2 2 2 2 2 2 2 2 2 2 2 2 2 2 2 2 2 0 2 2 2 2 2 2 2 2 2 2 2 2 2 2 2 2 2 2 2 2 2 0 0 0 2 2 2 2 2 0 0 2 2 2 2 2 2 2 0 2 2 2 2 2 2 2 2 2 2 2 2 2 2 2 2 2 2 2 2 2 2 2 2 2 2 2 2 2 2 0 2 2 2 2 2 2 2 2 2 2 2 2 2 2 2 2 2 2 2 2 2 2 2 2 2 2 2 2 2 2 2 2 2 2 2 2 2 2 2 2 2 2 2 2 2 2 2 2 2 2 2 2 2 2 2 2 2 2 2 2 2 2 2 2 2 2 2 2 2 2 2 2 2 2 2 2 2 2 2 2 2 2 2
735 2 2 2 2 2 2 2 2 2 0 2 2 2 2 2 2 2 2 0 2 2 2 2 2 2 2 2 2 2 0 2 2 2 2 2 2 2 2 2 2 2 2 2 2 0 2 2 2 2 2 2 2 2 2 2 2 2 2 2 2 2 2 2 2 2 2 2 2 2 2 2 2 2 2 2 0 2 2 2 2 2 2 2 2 2 2 2 2 2 2 2 2 2 2 2 2 0 2 2 2 2 2 2 2 2 2 2 2 2 2 2 2 2 2 2 2 2 0 2 2 2 2 2 2 2 2 2 2 2 2 2 2 2 2 2 2 2 2 2 2 0 2 2 2 2 2 2 2 2 2 2 2 2 2 2 2 2 2 2 0 0 2 2 2 2 2 2 2 2 0 2 2 2 0 2 2 2 2 0 0 2 2 2 2 2 2 2 2 2 0 1 2 2 2 2 2 2 2 2 2 2 2 2 2 2 2 2 2 2 2 2 2 2 2 2 2 2 1 2 2 2 2 2 2 2 2 2 2 2 2 2 2 0 2 2 2 2 0 2 2 2 2 2 2 2
736 2 0 2 2 2 0 0 2 2 2 2 2 2 2 0 2 2 2 2 2 2 2 2 2 2 2 2 2 2 2 2 2 2 2 2 2 2 0 2 2 2 2 0 2 2 2 2 2 2 2 2 2 2 2 2 2 2 0 2 2 2 2 2 2 2 2 0 2 2 2 2 2 2 2 2 2 2 2 2 2 2 0 0 0 2 2 2 2 2 2 0 2 2 2 2 2 2 2 2 2 2 0 0 2 2 2 0 2 2 2 2 2 0 2 2 2 0 2 2 2 2 2 2 2 2 0 2 2 2 2 2 0 0 2 2 2 2 2 2 2 2 2 2 2 2 2 2 2 1 2 2 2 2 2 2 2 2 2 1 2 2 2 2 0 2 2 0 2 0 2 2 2 2 2 2 2 2 2 2 2 2 2 2 2 2 2 2 2 0 2 2 2 2 2 0 2 2 2 2 2 2 2 2 2 2 2 2 2 2 2 2 0 2 2 2 2 2 2 2 2 2 2 2 2 2 2 2 2 2 2 2 2 2 0 0 0 2 2 2 2 0 0 2 2 0
737 2 0 2 2 0 2 0 0 2 0 2 2 0 0 2 0 0 2 2 2 0 2 0 0 2 0 0 2 2 2 2 2 0 2 2 1 0 0 2 2 2 0 2 0 0 2 0 0 2 2 2 0 0 0 0 0 0 0 2 2 0 2 0 0 0 0 0 2 2 0 2 2 0 0 0 2 2 2 0 0 0 0 0 0 0 0 2 0 0 2 2 2 0 0 0 0 0 2 0 2 0 0 0 2 0 0 0 2 0 0 0 0 0 2 2 2 2 0 0 0 2 2 0 0 0 0 2 0 0 0 2 0 0 0 2 0 0 0 2 0 0 0 0 0 0 0 0 0 2 2 0 2 2 0 0 2 0 2 0 2 0 0 2 0 0 0 2 1 2 2 0 0 0 0 0 2 0 0 2 0 0 2 2 0 0 0 0 0 2 0 0 2 0 0 2 0 0 2 0 0 2 0 0 2 2 2 0 0 0 0 2 0 2 0 0 0 0 0 0 0 0 0 2 0 0 0 2 2 0 2 0 0 0 0 0 2 2 0 0 0 2 2 0 2 0
738 2 0 2 2 2 2 0 2 2 2 2 2 2 2 0 0 0 2 2 2 2 2 0 2 2 0 0 2 2 2 2 2 2 2 0 1 0 0 2 2 2 2 2 2 2 2 2 2 2 2 2 2 2 2 0 0 2 0 2 2 2 2 2 2 2 2 0 2 2 0 2 2 2 2 0 2 2 2 2 2 2 2 0 0 0 2 2 2 2 0 2 2 0 0 2 2 0 2 2 2 0 2 0 2 2 2 0 0 2 0 2 0 2 2 2 2 2 2 2 2 2 2 2 2 2 0 2 0 2 0 2 0 0 2 2 2 2 2 2 0 2 0 2 2 2 2 2 0 1 2 0 2 2 0 2 2 0 0 1 2 2 0 2 2 0 0 2 2 2 2 0 2 0 2 2 2 2 0 2 2 2 2 2 0 0 2 2 0 2 2 2 2 2 2 2 2 2 2 0 2 2 2 2 2 2 2 2 0 2 2 2 2 2 2 2 2 2 2 2 2 2 2 2 0 0 0 2 2 2 0 2 0 2 0 2 2 2 2 2 2 2 2 0 2 0
739 2 2 2 2 2 2 2 2 2 2 2 2 2 2 2 2 0 2 2 2 2 2 2 2 2 2 2 2 2 2 2 2 2 2 2 2 2 2 2 2 2 2 2 2 2 2 2 2 2 2 2 2 2 2 2 2 2 2 2 2 2 2 2 2 2 2 2 2 2 2 2 2 2 2 0 2 2 2 2 2 0 0 2 2 2 2 2 2 2 2 0 2 2 2 2 2 2 2 2 2 0 2 2 2 2 2 0 2 2 2 2 2 0 2 2 2 2 2 2 2 2 2 2 2 2 2 2 0 2 2 2 2 0 2 2 2 2 2 2 0 2 0 2 2 2 2 2 0 2 2 2 0 2 0 2 2 2 2 2 2 2 2 2 0 0 0 0 2 2 2 2 2 0 2 2 2 2 0 2 2 2 2 2 2 2 2 2 2 0 2 2 0 2 2 0 2 2 2 2 2 2 0 2 2 2 2 2 2 2 2 2 0 2 2 2 2 2 2 2 2 2 2 2 2 2 2 0 2 2 2 2 2 2 0 0 2 2 2 2 2 2 0 2 0 0
740 0 2 0 0 2 2 2 2 0 2 0 0 2 0 2 2 2 0 0 2 0 0 2 0 2 2 2 0 0 0 0 0 2 2 2 2 2 2 0 0 2 2 2 2 2 0 2 2 0 0 2 2 2 2 2 2 2 2 0 0 0 0 2 2 2 2 2 0 2 2 2 0 2 2 2 0 0 0 2 2 2 2 2 2 2 2 0 0 2 2 2 0 2 2 2 2 2 2 2 0 2 2 2 2 2 2 2 2 2 2 2 2 2 0 0 0 2 2 2 2 2 0 0 2 2 2 2 2 2 2 2 2 2 2 0 2 2 2 2 2 2 2 2 2 0 2 2 2 2 2 2 2 2 2 2 2 2 2 2 0 2 2 2 2 2 2 2 1 2 0 2 2 2 2 2 0 2 2 0 2 2 2 2 2 2 2 2 2 2 2 2 2 0 2 2 2 2 0 2 2 2 2 2 2 0 2 2 2 2 2 2 2 0 0 2 0 2 1 2 0 0 2 0 2 2 2 2 2 2 2 2 2 2 2 2 2 0 2 2 2 2 2 2 2 2
741 2 2 2 2 0 0 2 2 2 2 2 2 0 2 0 0 2 2 2 0 2 2 2 2 2 0 2 2 2 2 0 2 2 2 0 2 2 2 2 2 0 2 2 2 2 2 2 2 2 2 2 2 2 2 2 2 0 2 2 2 2 2 0 2 2 0 2 2 2 2 2 2 2 2 2 2 2 2 0 0 2 0 2 2 2 2 2 2 2 0 2 2 2 0 0 2 2 0 2 2 0 0 2 2 0 0 2 2 0 2 2 2 2 0 2 2 0 2 2 2 2 2 2 2 2 2 2 2 0 0 0 2 2 2 0 2 0 2 2 2 2 2 2 2 2 2 2 2 1 0 0 2 2 0 0 2 0 0 1 2 2 0 2 0 2 2 2 2 0 2 0 2 2 0 2 2 2 0 2 2 0 2 0 2 2 0 2 0 2 2 1 2 2 2 2 2 0 2 2 0 2 2 0 2 0 2 2 2 2 0 0 2 2 2 2 2 0 2 2 2 2 2 2 2 0 2 2 2 2 0 0 0 2 2 2 2 0 2 2 0 0 0 0 2 2
742 2 0 2 2 2 2 2 2 2 2 2 2 2 2 2 2 2 2 2 2 2 2 2 2 2 2 2 2 2 2 2 2 2 2 2 2 2 0 2 2 2 2 2 2 2 2 2 2 2 2 2 2 2 2 2 2 2 0 2 2 2 2 2 2 2 2 0 2 2 2 2 2 2 2 2 2 2 2 2 2 2 2 2 2 2 2 2 2 2 2 2 2 2 2 2 2 2 2 2 2 2 2 0 2 2 2 2 0 2 2 2 2 2 2 2 2 2 2 2 2 0 2 2 2 2 2 2 0 2 2 2 2 2 2 2 2 2 2 2 2 2 2 2 2 2 2 2 2 2 2 2 2 2 2 2 2 2 2 2 2 2 2 2 2 2 2 2 2 2 2 2 2 2 2 2 2 2 2 2 2 2 2 2 2 2 2 2 2 2 2 2 2 2 2 2 2 2 2 2 2 2 2 2 0 2 2 2 2 2 2 2 2 2 2 0 2 2 1 0 2 2 0 2 2 2 2 2 2 0 2 2 2 2 2 2 2 2 2 2 2 2 2 2 2 2
743 0 0 0 0 2 2 2 2 2 0 0 0 2 0 2 0 2 2 0 2 0 0 2 0 2 0 0 0 2 0 0 0 2 2 0 1 2 0 0 0 2 2 2 2 0 0 2 0 2 0 0 2 2 2 2 2 0 0 0 0 0 0 0 0 0 2 0 0 2 2 2 0 2 2 2 0 0 0 2 2 2 0 2 2 2 2 0 0 0 0 2 0 2 2 2 2 2 2 2 0 0 2 0 2 0 2 2 0 2 2 2 2 2 2 0 0 2 2 2 2 0 0 0 2 0 2 2 0 2 0 0 2 0 2 2 2 0 0 2 2 0 2 2 2 0 2 2 2 2 2 0 2 2 0 0 0 2 2 2 0 2 0 2 0 2 2 2 1 2 0 0 0 2 0 2 0 0 0 0 0 2 2 0 0 2 2 2 0 2 0 0 2 0 0 2 2 0 0 2 0 2 0 2 0 2 2 2 2 2 2 0 2 0 0 0 0 2 1 0 0 0 0 0 2 0 2 2 2 0 2 2 0 0 2 2 0 2 0 2 2 2 0 0 2 2
744 0 0 0 2 2 2 2 2 2 0 0 0 2 0 0 0 2 2 0 2 0 0 2 0 2 0 0 0 2 0 0 0 2 2 2 1 2 0 0 0 2 2 2 2 0 0 2 0 2 0 0 2 2 0 2 2 2 0 0 0 0 0 0 0 0 2 0 2 2 2 2 0 2 2 2 0 0 0 0 2 0 0 2 2 2 0 0 0 0 2 0 0 2 0 0 2 0 2 2 0 0 0 0 2 0 2 2 0 0 2 2 2 2 2 0 0 2 0 2 2 0 0 0 2 0 2 2 0 0 0 0 2 0 2 2 0 2 0 2 0 0 2 0 2 0 2 2 2 1 2 0 2 2 0 0 2 0 0 2 0 2 0 2 0 0 2 0 1 2 0 2 0 0 0 2 0 0 0 0 0 2 0 2 0 2 2 2 0 0 0 0 0 0 0 0 0 0 0 2 0 0 0 0 0 2 2 2 2 2 2 2 2 0 0 0 0 0 1 0 0 0 0 2 2 0 2 0 0 0 0 0 0 0 2 2 0 2 0 2 0 2 0 2 0 0
745 0 2 2 2 2 2 2 0 2 0 2 2 2 2 2 2 2 2 0 2 2 2 2 2 2 2 2 2 2 0 2 2 2 2 2 2 2 2 2 2 0 2 0 0 0 2 0 0 2 0 2 0 2 0 2 2 0 2 2 2 2 2 2 2 2 2 2 2 2 2 0 2 0 2 2 0 2 2 0 2 2 2 2 2 0 0 2 2 0 2 0 2 2 0 2 2 2 2 0 2 2 0 2 0 2 2 2 2 2 2 2 2 0 2 2 2 2 0 2 2 2 2 2 0 0 2 2 2 0 2 2 2 2 2 0 0 0 0 2 2 0 2 2 2 2 2 0 2 2 2 2 0 0 2 2 0 2 2 2 2 0 2 2 2 2 2 2 2 0 2 2 0 2 0 2 2 2 2 2 0 0 2 2 2 2 0 2 2 2 0 1 2 2 2 2 0 0 2 2 2 2 2 2 2 0 2 2 2 0 2 0 2 2 2 2 2 2 0 0 2 2 0 2 2 2 2 2 2 0 2 2 2 0 2 2 2 0 0 2 2 2 2 2 2 2
746 2 0 2 0 2 2 0 2 2 2 0 0 2 2 0 2 2 2 2 2 2 0 2 2 0 2 2 0 2 2 2 0 2 0 2 1 2 0 0 0 0 0 2 2 2 2 2 2 0 2 0 2 0 2 2 2 2 0 2 0 0 2 2 0 2 2 0 0 2 2 2 0 2 0 2 2 2 0 2 2 2 2 2 2 2 2 2 0 2 2 2 0 2 2 2 2 2 2 2 2 2 2 0 0 2 2 2 0 0 2 0 2 2 0 0 0 2 2 2 2 0 0 0 2 2 0 2 0 2 2 2 2 2 2 0 2 2 2 2 2 2 2 2 2 0 0 2 0 1 2 2 2 2 2 2 2 0 2 2 2 2 2 0 2 2 2 2 0 2 2 2 2 2 2 2 2 0 2 2 2 2 2 2 2 2 2 0 2 2 2 2 2 0 2 2 2 2 2 2 2 2 0 0 2 0 2 2 2 2 2 2 2 2 0 2 0 0 1 0 0 0 0 0 2 2 2 2 2 0 0 0 2 2 2 2 0 0 2 2 0 2 2 2 2 2
747 2 2 2 0 2 0 2 2 2 2 2 2 2 2 2 2 2 2 2 2 2 2 2 2 2 2 2 2 2 2 2 2 2 2 0 2 2 2 2 0 0 2 2 2 2 2 2 2 0 2 2 2 2 2 2 2 2 2 2 0 2 2 2 2 2 2 2 2 2 2 2 0 2 2 2 2 2 2 2 2 2 2 2 2 2 2 2 2 2 0 2 2 2 2 2 2 2 0 2 2 2 2 2 0 2 0 2 2 2 2 2 2 2 0 0 0 0 2 2 2 2 2 2 2 2 2 0 2 2 2 0 2 2 2 0 2 2 2 2 2 2 2 2 2 2 2 2 2 1 0 2 2 2 2 2 2 2 2 2 2 2 2 2 2 2 2 2 2 2 2 2 2 2 2 2 2 2 2 2 2 2 2 0 2 2 2 2 2 2 2 2 2 2 2 2 2 2 2 2 2 2 2 2 2 0 2 2 2 2 0 2 2 2 2 2 2 2 1 0 2 2 0 2 2 2 2 2 2 0 2 2 2 2 2 2 2 0 2 2 2 0 2 2 2 2
748 2 2 2 2 2 2 2 2 0 0 2 2 2 2 2 2 2 0 0 2 2 2 2 2 2 2 2 2 0 0 2 2 0 2 2 2 2 2 2 2 2 2 2 2 0 2 2 0 2 2 2 2 2 2 2 2 2 2 2 2 2 2 2 2 2 2 2 2 2 2 2 2 2 2 2 0 2 2 2 2 2 2 0 2 2 2 2 2 2 2 2 2 0 2 2 0 2 2 2 2 2 2 2 2 2 2 2 2 2 2 2 0 2 2 2 2 2 2 2 0 2 2 2 2 2 2 2 2 2 2 2 2 2 0 2 2 2 2 2 2 0 2 2 2 2 2 2 2 2 2 2 0 2 2 2 2 2 2 2 2 2 2 2 2 2 2 2 2 2 2 2 2 2 2 2 2 2 2 2 0 0 2 2 2 2 2 2 2 2 0 1 2 2 2 2 2 2 2 2 2 2 2 2 2 2 2 2 2 2 2 0 2 2 2 2 2 2 1 0 2 2 0 2 2 2 2 2 2 0 2 2 2 0 2 2 2 2 0 2 2 2 2 2 2 2
749 2 0 2 0 2 2 0 0 2 2 2 0 2 2 0 2 2 2 2 2 2 0 2 2 2 2 2 0 2 2 2 0 0 0 2 1 2 0 2 2 2 2 0 0 2 2 0 2 2 2 2 2 0 0 2 2 0 0 2 2 2 2 2 2 0 2 0 0 2 2 2 2 0 0 2 2 2 0 0 2 2 2 0 2 0 2 2 2 0 2 0 2 0 0 2 0 2 2 0 2 2 0 0 2 0 2 2 0 0 2 2 0 0 2 2 2 2 0 2 0 0 2 2 0 0 0 2 0 2 2 0 2 2 0 0 2 0 0 2 2 2 2 2 2 2 2 2 0 1 2 2 2 2 2 2 0 0 2 2 2 0 2 0 2 2 2 2 0 0 2 0 0 2 0 2 2 2 2 2 2 0 2 2 2 2 0 0 2 2 2 2 2 2 2 2 2 2 2 2 0 2 2 0 2 0 2 2 2 0 2 2 2 2 2 0 2 0 1 2 0 2 2 0 2 0 2 2 2 2 0 0 2 2 2 2 0 2 2 2 0 2 2 0 2 2
750 2 2 2 2 0 2 2 2 2 2 2 2 0 0 2 0 2 2 2 0 2 2 2 0 2 2 0 2 2 2 2 2 2 2 2 1 2 2 2 2 2 2 2 2 2 2 2 2 2 2 2 2 2 2 2 2 2 2 2 2 2 0 2 2 2 0 2 2 2 2 2 2 2 2 2 2 2 2 2 0 0 2 2 0 2 0 2 2 2 2 2 2 2 2 2 2 2 2 2 2 2 2 2 0 2 2 0 2 2 2 2 2 2 2 2 2 2 2 0 2 2 2 2 2 2 2 2 2 2 2 2 2 2 2 2 0 2 2 2 2 2 0 0 2 2 2 2 2 2 2 2 2 2 2 0 2 2 2 2 0 2 2 2 2 0 0 0 2 2 0 2 2 2 2 0 2 2 2 0 2 2 0 2 0 2 2 2 2 0 2 2 0 2 0 0 0 2 0 0 2 0 2 2 0 2 2 0 0 2 2 2 2 2 2 2 2 2 2 2 2 2 2 2 0 2 2 0 0 2 2 2 0 2 2 2 2 2 2 0 2 2 2 2 0 2
751 2 2 2 2 2 2 2 0 2 2 2 2 2 2 2 2 2 2 2 2 2 2 2 2 2 2 2 2 2 2 2 2 2 0 2 1 2 2 2 2 2 2 2 2 2 2 2 2 2 2 2 2 2 2 2 2 2 2 2 2 2 2 2 2 2 2 2 2 2 2 2 2 2 2 2 2 2 2 2 2 2 2 2 2 2 2 2 2 2 2 2 2 2 2 0 2 2 2 0 2 2 2 2 2 0 2 2 2 2 2 2 2 0 2 2 2 2 0 2 2 2 2 2 2 2 2 2 2 2 2 2 2 2 2 2 2 0 2 2 2 2 2 2 2 2 2 2 2 1 2 2 2 2 2 2 2 2 2 2 2 0 2 0 2 2 2 2 2 2 2 2 2 2 2 2 2 2 2 2 2 2 2 2 2 2 2 2 2 2 2 2 2 2 2 2 2 2 2 2 0 2 2 2 2 2 2 2 2 2 2 0 2 2 2 2 2 2 2 2 2 2 2 2 2 2 2 2 2 2 2 2 2 2 2 2 2 2 2 2 2 2 2 2 2 2
752 2 2 2 2 2 2 2 2 0 2 2 2 2 2 2 2 2 0 2 2 2 2 2 2 0 2 2 2 0 2 2 2 2 0 2 1 2 2 2 2 2 2 0 2 2 2 2 2 0 2 2 2 2 2 2 2 2 2 2 2 2 2 2 2 2 2 2 2 2 2 2 2 2 2 2 2 2 2 2 2 2 2 2 2 2 2 2 0 2 2 2 2 2 2 2 2 2 2 2 2 2 2 2 2 2 2 2 2 2 2 2 2 0 2 2 2 2 2 0 2 2 2 2 2 2 2 2 0 2 2 2 2 2 2 2 2 2 2 2 2 2 2 0 2 0 2 2 0 1 2 2 2 2 2 2 2 2 2 2 2 2 2 0 2 0 2 2 0 2 2 2 2 0 2 2 2 2 2 2 2 2 2 2 2 2 2 2 2 2 2 2 2 0 2 2 2 2 2 2 2 2 2 2 2 2 2 2 2 2 2 2 2 2 0 2 2 2 2 2 0 0 2 2 2 2 2 2 2 2 2 2 2 2 2 2 2 2 2 0 2 2 2 2 2 0
753 2 2 2 2 2 2 2 2 2 2 2 2 2 2 2 2 0 2 2 2 2 2 0 2 2 2 0 2 2 2 2 2 2 2 2 1 0 2 2 2 2 0 2 2 2 2 2 2 2 2 2 2 2 2 0 0 2 2 2 2 2 2 1 2 2 2 2 2 2 2 2 2 2 2 0 2 2 2 2 0 2 2 2 2 2 0 2 2 2 2 2 2 2 2 2 2 0 0 2 2 2 2 2 2 2 0 2 2 2 1 0 2 2 2 2 2 2 2 0 2 2 2 2 2 2 2 2 0 2 2 2 1 0 2 0 0 2 2 2 2 2 2 0 0 2 0 2 2 2 0 1 2 2 2 2 0 2 2 0 2 2 0 2 2 0 0 0 1 2 2 2 2 0 0 2 1 2 2 2 2 2 2 2 0 0 2 2 2 0 2 1 1 2 2 2 1 2 0 0 2 0 0 2 0 0 2 2 0 2 0 2 2 2 2 2 2 2 1 2 0 2 2 2 2 2 0 1 2 2 2 2 2 2 2 2 2 2 2 0 0 2 2 2 0 0
754 0 2 0 0 0 2 0 2 2 0 0 0 0 0 2 2 0 2 0 0 0 0 0 0 2 0 0 0 2 0 0 0 2 2 2 1 0 2 0 0 0 0 0 2 0 0 2 0 2 0 2 2 2 0 0 0 2 2 0 0 2 0 0 2 2 0 2 2 2 2 0 0 2 2 0 0 0 0 0 2 0 0 2 2 0 0 0 2 2 2 2 0 2 0 2 2 2 2 2 0 2 0 2 2 0 0 2 2 2 0 0 2 0 0 0 0 2 2 0 2 2 0 2 2 0 0 0 0 2 0 2 2 2 2 2 0 2 2 2 2 0 0 0 2 2 0 2 2 2 0 2 2 2 2 2 0 0 2 1 0 2 0 2 2 0 0 0 2 2 0 0 2 2 2 0 2 2 2 0 0 2 0 2 0 0 2 0 0 0 0 0 0 2 0 0 0 2 0 2 0 0 0 2 0 2 2 2 2 2 0 2 0 0 2 0 2 2 2 2 2 2 2 2 2 0 2 0 0 2 2 2 2 0 0 0 2 2 0 0 0 2 2 2 0 2
755 2 2 2 2 2 2 2 0 2 2 2 2 2 2 2 2 2 2 2 2 2 2 2 2 2 2 2 2 2 2 2 2 2 2 0 2 2 2 2 2 0 2 0 2 2 2 2 2 2 0 2 2 2 0 2 2 0 2 2 2 2 2 2 2 0 2 2 2 2 0 0 2 2 2 2 2 2 2 2 2 2 2 2 2 2 2 2 2 0 0 2 2 2 0 0 2 2 2 0 2 2 2 2 2 0 0 2 2 2 2 2 2 0 2 2 2 2 2 2 2 2 2 2 2 2 2 0 2 0 2 2 2 2 2 2 2 0 2 2 2 2 2 2 2 2 2 2 0 2 0 0 2 2 2 2 2 0 2 1 2 0 2 2 2 2 2 2 2 2 2 2 2 2 0 2 2 2 2 2 2 2 2 2 2 2 0 2 2 2 2 2 2 2 2 0 2 2 2 2 0 2 2 2 2 2 2 2 2 2 0 0 2 2 2 2 2 2 1 2 2 2 2 2 2 2 2 2 2 2 2 2 2 2 2 2 0 2 2 2 0 2 2 0 2 2
756 2 0 2 2 0 2 2 2 2 2 2 2 0 2 2 2 0 2 2 2 2 2 0 2 2 0 0 2 2 2 2 2 0 2 0 1 0 0 2 2 2 0 2 2 2 2 2 2 2 2 2 0 0 2 0 0 2 0 2 2 2 2 2 2 2 0 0 2 2 2 2 2 2 0 0 2 2 2 2 0 0 0 0 2 2 0 2 2 2 0 2 2 0 2 2 0 2 2 2 2 0 0 0 2 2 2 0 2 2 0 0 0 2 2 2 2 2 2 0 0 2 2 2 2 2 2 2 0 0 0 2 0 0 0 0 0 2 2 2 0 2 0 0 2 2 0 0 0 2 2 2 0 2 0 0 0 2 0 1 2 2 2 2 0 0 0 0 2 2 2 0 2 0 2 0 2 2 0 2 2 2 2 2 0 2 2 0 0 2 2 2 2 2 2 2 0 0 0 0 2 2 0 2 0 0 2 0 0 2 2 2 0 2 2 0 2 2 1 2 2 2 0 2 0 0 0 2 2 0 2 2 2 2 0 0 2 2 2 0 0 2 0 0 0 0
757 2 2 2 0 2 2 2 2 2 2 2 2 2 2 2 0 2 2 2 2 2 2 2 2 2 2 2 2 2 2 2 2 2 2 2 2 2 2 2 2 0 2 2 2 2 2 2 2 2 2 2 2 2 2 2 2 2 2 2 2 2 2 2 2 2 2 2 2 2 2 2 2 2 2 2 2 2 2 2 2 2 2 2 2 2 2 2 0 2 2 2 2 2 0 2 2 2 0 2 2 2 2 2 2 2 2 2 2 2 2 2 2 2 2 2 2 2 2 2 2 2 2 2 2 2 2 0 2 2 2 2 2 2 2 2 2 2 2 2 2 2 2 2 2 0 2 2 2 2 2 2 2 0 2 2 2 2 2 2 2 2 2 2 2 2 2 2 2 2 2 2 2 2 2 2 2 2 2 2 2 2 2 2 2 2 2 2 2 2 2 2 2 0 0 2 2 2 2 2 2 2 2 2 2 2 2 2 2 2 2 2 2 2 0 2 2 2 2 2 2 0 2 2 2 2 2 2 2 2 2 2 0 2 2 2 2 0 2 2 2 2 2 2 2 2
758 2 2 2 2 2 2 2 2 2 0 2 2 2 2 0 2 2 2 2 2 2 2 2 2 2 0 2 2 2 2 2 2 2 0 2 1 2 2 2 2 2 2 2 2 0 2 2 2 2 2 2 2 2 2 2 2 2 2 2 2 0 2 0 2 2 2 2 2 2 2 2 2 2 2 2 2 2 2 2 2 2 2 2 2 2 2 2 2 2 2 0 2 2 2 2 2 0 2 2 2 2 2 2 2 2 2 2 0 2 2 2 2 2 0 2 2 2 2 2 2 2 2 2 2 2 2 2 2 2 0 2 2 2 2 2 2 2 2 2 2 2 0 2 0 2 2 2 2 1 2 2 2 2 2 2 2 2 2 1 2 2 2 0 0 2 2 2 2 2 2 2 2 0 2 0 2 2 2 2 2 2 2 2 2 2 2 2 0 0 0 0 2 2 0 0 2 2 2 0 2 2 2 2 2 2 2 2 0 2 2 2 2 2 2 2 2 2 2 2 2 2 2 2 2 2 2 2 2 2 2 2 2 2 0 2 2 2 2 2 2 2 2 2 2 0
759 2 2 2 2 2 0 2 2 2 2 2 0 2 2 2 2 2 2 2 2 2 0 2 2 2 2 2 0 2 2 2 0 2 2 2 2 2 2 2 0 2 2 2 2 2 2 2 2 2 0 2 2 2 2 2 2 0 2 2 2 2 2 2 0 2 2 2 2 2 2 2 2 2 2 2 2 2 0 2 2 2 2 2 2 2 2 2 2 2 2 2 2 2 2 2 2 2 2 2 2 2 0 2 2 2 2 2 2 2 2 2 2 2 2 0 2 0 2 2 2 0 2 2 2 2 2 2 2 2 2 2 2 2 2 2 2 2 2 2 2 2 2 0 2 0 2 2 2 1 2 2 2 2 2 2 0 2 2 2 2 2 2 2 2 2 2 2 2 2 2 2 2 2 2 2 2 2 2 2 2 0 2 2 2 2 2 2 2 2 2 2 2 2 2 2 2 2 2 0 2 2 2 2 2 2 2 2 0 2 2 2 2 2 0 2 0 2 2 2 2 0 2 2 2 2 2 2 2 2 2 2 2 2 2 2 0 2 2 2 2 0 2 0 2 2
760 2 2 2 2 2 2 0 2 2 2 2 2 2 2 2 2 2 2 2 2 2 2 2 2 2 2 2 2 2 2 2 2 2 2 2 2 2 2 2 0 0 2 2 2 2 2 2 2 2 0 2 2 2 2 2 2 2 2 2 2 2 2 2 2 2 2 2 2 2 0 2 2 2 2 2 2 2 2 2 2 2 2 2 2 2 2 2 2 2 2 2 2 2 0 2 2 2 2 2 2 2 2 2 0 2 2 2 2 2 2 2 2 2 2 0 2 2 2 2 2 2 2 2 2 2 0 0 2 2 2 2 2 2 2 0 2 2 2 2 2 2 2 2 2 2 2 2 2 2 2 2 2 2 2 0 2 2 2 2 2 2 2 2 2 2 2 2 2 2 2 2 2 2 2 2 2 2 2 2 2 2 0 2 2 0 2 2 2 2 2 2 2 2 0 2 2 0 2 2 2 0 2 2 0 0 2 2 2 2 0 2 0 2 2 2 2 2 2 2 2 2 2 2 2 2 0 2 2 2 2 2 2 2 2 0 2 2 2 2 2 2 2 2 2 2
761 2 0 2 0 2 2 2 0 2 2 2 0 2 2 0 2 2 2 2 2 2 0 2 2 2 0 2 0 2 2 2 0 2 0 0 1 2 0 2 2 2 2 0 2 2 2 2 2 2 2 0 2 0 0 2 2 0 0 2 2 0 2 0 2 0 2 0 0 2 2 0 2 2 0 2 2 2 0 0 0 2 0 0 2 0 2 2 2 0 0 0 2 0 2 2 2 0 0 0 2 2 2 0 0 0 2 0 0 2 0 2 0 0 2 2 2 2 2 0 2 0 2 2 2 0 2 0 2 2 0 2 2 2 2 2 0 0 0 2 0 2 0 0 2 2 2 2 0 1 2 2 0 2 2 2 2 2 0 2 2 0 0 0 0 0 2 2 1 2 2 2 2 0 2 2 0 2 2 2 2 2 2 2 2 2 2 2 0 0 2 1 0 2 2 2 2 0 0 0 0 2 0 2 2 2 2 2 0 2 0 2 0 2 2 2 2 2 1 2 2 2 2 0 2 2 2 0 0 2 2 2 2 2 0 0 2 2 2 0 0 2 2 0 0 2
762 2 2 0 2 2 0 2 2 2 2 2 2 2 2 2 0 0 2 2 2 2 2 0 2 2 2 2 2 2 2 2 2 2 2 2 2 2 2 2 2 2 2 2 0 2 0 2 2 2 2 2 2 0 2 0 0 2 2 0 2 2 2 2 2 2 2 2 2 2 2 2 2 2 0 0 2 0 2 2 2 0 0 2 2 2 2 0 2 0 2 0 2 2 2 2 2 2 2 2 0 0 2 2 2 2 2 2 2 2 2 2 2 0 2 2 2 0 2 2 2 2 2 2 0 2 2 0 0 2 2 2 2 2 2 2 2 2 2 2 0 2 2 0 2 2 2 2 0 1 2 2 2 2 0 2 2 2 2 2 2 2 2 2 0 2 0 2 2 0 2 2 2 2 2 2 2 0 0 2 2 2 0 2 2 2 2 2 2 2 2 2 2 2 2 0 2 2 2 2 2 0 2 2 2 2 2 2 2 2 2 2 2 0 2 2 0 2 2 2 2 2 2 2 2 2 2 2 0 2 2 2 0 2 0 2 2 2 2 2 2 0 0 2 0 2
763 2 2 0 2 2 2 2 2 2 0 2 0 2 0 2 0 2 0 0 0 0 0 2 0 2 0 0 0 0 0 0 0 0 2 2 0 2 2 0 0 2 0 2 2 0 0 2 0 0 0 2 2 2 2 2 2 2 2 0 0 0 0 0 0 0 2 2 0 0 0 2 0 2 2 2 0 0 0 0 2 2 2 2 2 2 2 0 0 0 2 2 0 0 2 2 0 2 2 2 0 2 2 2 2 0 2 2 2 2 2 2 0 2 0 2 2 2 2 2 0 2 0 2 2 2 2 2 2 0 0 2 2 0 0 2 2 2 2 0 2 0 0 2 2 0 0 2 2 1 2 0 2 2 2 2 2 2 2 2 0 2 0 0 2 2 2 2 0 2 0 0 2 2 2 2 0 0 2 0 0 2 2 2 0 2 0 0 0 0 0 0 2 0 2 2 2 2 2 2 0 2 2 2 2 2 0 2 2 2 2 2 2 0 0 2 0 2 1 0 0 0 0 0 2 0 2 2 2 0 0 2 0 0 2 2 0 2 0 2 2 2 2 2 2 2
764 0 0 2 0 2 2 2 0 0 2 0 2 2 0 0 0 0 0 0 0 2 2 2 0 2 0 2 2 0 0 2 2 0 0 0 1 0 0 0 2 2 2 0 0 2 2 0 0 2 2 0 0 0 0 2 2 0 0 2 2 2 0 0 0 0 2 0 0 0 0 0 0 0 0 0 0 2 2 0 0 0 0 0 0 0 0 2 2 2 0 0 0 0 0 0 0 0 0 0 2 0 0 0 0 2 0 0 0 0 0 2 0 0 2 0 2 2 2 0 0 0 2 0 0 2 2 0 0 0 0 0 0 0 0 2 0 0 0 0 0 2 2 0 0 0 0 0 0 1 0 0 2 0 0 0 0 0 0 0 0 0 0 0 0 0 0 0 0 0 0 0 0 0 0 0 0 2 0 0 0 0 0 0 2 0 0 2 0 2 2 1 0 2 0 0 0 0 0 0 0 0 0 0 2 2 0 0 0 0 0 0 0 2 0 0 0 0 0 0 0 0 0 0 0 0 2 0 0 0 0 0 0 0 0 0 2 2 0 0 0 2 0 0 0 0
765 2 2 2 0 2 0 2 2 2 2 0 2 2 2 0 2 0 2 2 0 2 2 2 2 2 2 0 2 2 2 2 2 0 0 2 1 2 2 2 2 2 2 2 0 2 2 2 2 2 2 2 2 2 0 2 2 2 2 2 2 2 2 2 2 2 2 2 2 2 2 2 2 0 2 0 2 2 2 2 2 2 0 2 0 2 2 2 2 2 2 2 2 2 2 2 0 2 2 2 2 0 0 2 2 2 2 2 2 0 2 2 2 2 2 2 2 0 2 0 0 2 2 2 0 2 2 2 0 2 2 2 0 0 0 2 2 2 0 2 2 2 0 0 2 2 2 2 2 1 2 2 2 0 0 2 2 2 2 2 2 2 2 2 0 0 2 2 2 2 2 2 0 2 2 0 0 2 0 2 2 2 2 0 0 2 2 2 2 2 2 2 2 2 2 0 2 2 2 0 2 2 2 0 2 2 2 0 0 2 2 2 2 2 2 2 2 0 2 0 2 2 2 2 2 2 2 2 2 2 2 0 2 2 2 2 2 2 2 0 2 0 2 2 0 2
766 2 2 2 2 0 2 2 2 2 2 2 2 0 2 2 2 2 2 2 2 2 2 0 2 2 2 2 2 2 2 2 2 2 2 0 2 2 2 2 2 2 2 2 0 2 2 2 2 2 2 2 2 2 0 0 0 2 2 2 2 2 2 0 2 2 0 2 2 2 2 2 2 2 2 2 2 2 2 2 2 2 2 2 2 2 2 2 2 2 0 2 2 0 2 2 2 2 2 2 2 2 2 2 2 2 0 2 2 2 2 0 0 2 2 2 2 2 2 0 2 2 2 2 0 2 2 2 2 2 2 2 0 2 2 2 2 2 2 2 2 2 2 2 2 2 2 2 2 2 0 2 2 2 2 2 2 2 2 2 2 2 2 2 2 2 2 2 2 2 2 2 2 2 2 2 2 2 2 2 2 2 0 2 2 2 2 2 2 2 2 1 2 2 2 2 2 2 0 2 2 0 2 2 2 2 2 2 2 2 2 2 0 2 2 2 2 2 2 2 2 2 2 2 0 2 2 2 2 2 2 2 2 2 2 0 2 2 2 0 2 2 2 2 2 2
767 2 2 2 2 2 2 2 2 2 2 0 2 2 2 2 2 2 0 2 2 2 2 2 2 0 0 2 2 0 2 2 2 0 2 2 2 2 2 2 0 0 2 2 2 2 2 2 0 2 2 2 2 0 2 2 2 2 2 2 2 2 2 2 2 2 2 2 2 2 0 2 0 2 0 2 2 2 2 2 0 2 2 2 2 2 2 2 2 2 2 2 2 2 2 2 0 2 0 2 2 2 2 2 0 2 0 2 2 2 2 2 2 2 2 2 2 2 2 2 0 2 2 0 2 2 2 2 2 2 0 2 2 2 0 0 2 2 2 2 2 0 2 2 2 2 2 2 2 2 0 2 2 2 2 2 2 2 2 1 2 2 2 2 2 2 2 2 2 2 2 2 2 2 2 2 2 2 2 2 2 2 0 2 2 2 2 2 0 2 2 2 2 2 0 2 2 2 2 0 2 2 2 2 2 0 2 2 0 2 0 2 2 2 2 2 2 2 2 2 2 2 2 2 2 2 2 2 2 2 2 2 2 2 2 2 2 0 2 2 2 2 2 2 2 2
768 0 0 2 0 2 2 2 2 2 0 2 2 2 0 1 0 0 2 0 0 2 2 2 0 0 2 2 2 2 1 0 2 0 0 0 2 2 0 0 0 1 2 0 0 0 2 2 2 2 0 2 0 2 0 2 2 2 0 2 1 2 2 2 2 0 2 0 2 2 2 2 2 2 2 0 1 2 2 2 0 2 2 2 2 0 2 2 2 2 0 2 0 2 0 2 0 0 2 2 2 2 2 0 2 0 2 0 0 2 0 2 2 2 1 2 2 2 0 2 0 2 0 0 1 0 2 2 2 2 2 2 2 0 0 2 2 2 0 2 2 2 2 2 0 2 2 0 1 2 2 2 1 0 2 2 1 2 2 1 0 2 0 2 2 2 2 2 2 0 0 0 0 2 2 2 2 2 2 0 2 2 2 2 2 2 2 2 2 2 0 2 2 2 0 2 2 2 0 2 2 2 2 0 2 2 2 0 2 2 2 2 2 2 2 2 2 0 0 2 2 2 0 2 0 0 2 2 2 2 2 2 0 2 2 2 2 0 2 2 0 2 2 0 2 2
769 2 0 2 2 2 2 0 2 2 2 2 2 2 2 0 2 2 2 2 0 2 2 0 2 0 0 0 2 2 2 2 2 0 0 2 0 0 0 2 2 2 0 2 2 2 2 2 2 2 2 2 2 0 2 0 0 2 0 2 2 2 2 0 2 2 2 0 2 2 0 2 2 2 0 2 2 2 2 2 2 0 0 0 2 2 0 2 2 2 2 0 2 0 2 2 0 2 2 2 2 0 2 0 2 2 2 0 0 2 2 2 0 0 2 2 2 2 2 2 0 2 2 2 2 2 0 2 0 2 0 2 0 0 0 2 0 0 2 0 2 2 2 0 0 2 2 2 2 1 2 2 2 2 0 0 0 2 0 1 2 2 2 0 0 2 2 0 1 2 2 2 2 2 2 0 2 2 0 2 2 2 2 2 0 2 0 2 0 0 2 1 0 2 2 0 0 2 2 2 2 2 2 2 0 2 0 2 2 2 2 2 0 2 2 2 2 2 2 2 2 2 2 2 2 2 0 0 0 0 0 2 2 2 2 0 2 2 2 2 0 2 2 0 0 0
770 0 2 0 2 2 2 2 2 2 2 2 0 2 0 2 2 2 2 2 0 2 0 2 0 2 2 2 0 2 2 2 0 2 2 2 2 2 2 0 0 2 2 2 2 2 0 2 2 2 0 2 2 2 2 2 2 2 2 0 0 2 2 2 2 2 2 2 0 2 2 2 0 2 2 2 2 0 0 2 2 2 2 2 2 2 2 0 2 2 2 2 0 2 2 2 2 2 2 2 0 2 2 2 2 2 2 2 2 2 2 2 2 2 2 2 2 2 2 2 2 2 2 2 2 2 2 2 2 2 2 2 2 2 2 2 2 2 2 2 2 2 2 2 2 2 2 2 2 2 2 2 2 2 2 2 2 2 2 2 2 2 2 2 2 2 2 2 2 2 2 2 2 2 2 2 2 2 2 2 2 2 2 2 2 2 2 2 2 2 2 2 2 2 2 2 2 2 2 2 2 2 2 2 2 2 2 2 2 2 2 2 2 0 2 2 2 2 2 2 2 2 2 0 2 2 2 2 2 2 2 2 2 2 2 2 2 2 2 2 2 2 2 2 2 2
771 0 2 0 0 2 2 2 2 0 0 0 0 2 0 2 2 2 0 0 0 0 0 2 0 2 2 2 0 0 0 0 0 2 2 2 2 2 2 0 0 2 2 2 2 0 0 2 0 0 0 2 2 2 2 2 2 2 2 0 0 1 0 2 2 2 2 2 0 2 2 2 0 2 2 2 0 0 0 2 2 2 2 2 2 2 2 0 2 2 2 2 0 2 2 2 2 0 2 2 0 2 2 2 2 2 2 2 2 2 0 2 2 2 0 0 2 2 2 2 2 2 0 2 2 2 2 2 2 2 2 2 2 2 2 2 2 2 2 2 2 0 2 2 2 2 2 2 2 2 2 2 2 2 2 2 2 2 2 2 2 2 2 2 2 2 2 2 2 2 2 2 2 2 2 2 2 2 2 2 0 2 2 2 2 2 2 2 2 2 0 1 2 2 2 2 2 2 2 2 2 2 2 2 2 2 2 2 2 2 2 2 2 0 2 2 2 2 2 2 2 2 2 0 2 2 2 2 2 2 2 2 2 0 2 2 0 2 0 2 2 2 2 2 2 2
772 2 2 2 2 0 0 2 2 2 2 2 2 0 2 2 2 2 2 2 2 2 2 2 2 2 2 2 2 2 2 2 2 2 2 0 2 2 2 2 2 2 2 0 0 2 2 0 2 2 2 2 2 2 0 2 2 0 2 2 2 2 2 2 2 2 0 2 2 2 2 0 2 0 2 2 2 2 2 0 2 2 2 2 0 0 2 2 2 0 0 2 2 0 2 2 2 2 2 2 2 2 0 2 2 2 2 2 2 2 2 0 0 0 2 2 2 0 2 2 2 0 2 2 0 2 2 2 2 2 2 2 0 2 2 2 2 2 2 2 2 2 0 2 2 2 2 2 2 1 2 0 2 0 2 2 2 2 2 1 2 2 2 2 2 2 2 2 2 0 2 2 0 2 2 2 2 2 2 2 2 2 2 0 2 2 2 2 2 2 2 2 2 2 2 2 2 0 2 2 2 2 2 0 2 2 2 0 2 0 2 2 2 2 2 0 2 0 2 0 2 2 2 2 2 2 2 2 0 0 0 2 2 2 2 2 2 2 2 2 2 0 2 2 2 2
773 0 2 0 0 0 0 2 0 0 0 0 0 0 0 2 2 2 0 0 0 0 0 2 0 2 2 2 0 0 0 0 0 2 2 0 2 2 2 0 0 0 2 0 0 0 0 0 0 0 0 0 0 0 0 2 2 0 2 0 0 0 0 2 0 0 0 2 0 2 2 0 0 0 0 2 0 0 0 0 2 0 2 2 0 0 2 0 0 0 0 0 0 0 0 0 2 0 2 0 0 2 0 2 0 0 2 2 2 0 0 0 0 0 0 0 0 0 0 2 2 0 0 2 0 0 2 0 0 2 2 2 0 0 2 2 2 0 2 0 2 0 0 2 2 0 0 0 0 1 2 0 0 0 2 0 0 0 0 1 2 2 2 2 0 2 2 2 1 0 2 0 0 2 0 2 0 0 2 2 0 2 2 0 2 2 0 2 2 2 0 1 2 0 2 2 2 0 2 2 0 2 2 0 2 2 0 0 2 0 0 2 2 0 0 0 0 0 1 0 0 0 0 0 2 0 2 2 0 0 0 0 2 0 0 2 0 2 0 2 2 0 2 2 0 2
774 2 2 2 0 2 2 2 2 2 0 0 2 2 2 2 2 2 2 0 0 0 2 2 2 2 2 2 2 2 0 0 2 2 2 2 2 2 2 2 2 2 2 2 2 0 2 2 0 2 2 2 2 2 2 2 2 2 2 2 2 2 2 2 2 2 2 2 2 2 2 2 2 2 2 2 0 2 2 2 2 2 2 2 2 2 2 2 2 2 2 2 2 2 2 2 2 2 2 2 2 2 2 2 2 2 2 2 2 2 2 2 2 2 0 2 2 2 2 2 2 2 0 2 2 2 2 2 2 2 2 2 2 2 2 2 2 2 2 2 2 0 2 2 2 2 2 2 2 2 2 2 2 2 2 2 2 2 2 2 2 2 2 2 2 2 2 2 2 2 2 2 2 2 2 2 2 2 2 2 2 2 2 2 2 2 2 2 2 2 0 1 2 2 2 2 2 2 2 2 2 2 2 2 2 2 2 2 2 2 2 2 2 2 2 2 2 2 2 2 2 2 2 2 2 2 2 2 2 2 2 2 2 2 2 2 2 2 2 2 2 2 2 2 2 2
775 2 2 2 2 2 0 2 0 2 2 2 2 2 2 2 2 2 2 2 2 2 2 2 2 2 2 2 2 2 2 2 2 2 2 2 2 2 2 2 2 2 2 0 0 2 2 0 2 2 2 0 2 2 0 2 2 0 2 2 2 1 2 2 0 0 2 2 2 2 2 0 2 2 2 2 2 2 2 0 2 2 2 2 2 0 2 2 2 0 2 2 2 0 2 2 2 2 2 0 2 2 0 2 2 0 2 2 2 0 2 2 0 0 2 2 2 0 0 2 2 0 2 2 0 2 2 2 2 2 2 2 0 2 2 2 2 2 2 0 2 2 0 2 2 2 2 2 0 1 2 2 0 0 2 0 2 0 2 1 2 2 2 2 2 2 2 2 1 0 2 0 2 2 2 2 2 2 2 2 2 2 2 2 2 2 0 2 2 2 2 2 2 2 2 2 2 0 2 2 0 2 2 2 2 2 0 2 2 0 2 2 2 2 2 0 2 2 2 0 0 2 2 2 2 0 2 2 0 0 0 0 2 2 0 2 2 2 2 2 2 0 2 2 2 2
776 2 2 0 0 0 2 0 2 0 0 0 0 0 2 0 0 0 0 0 0 0 0 0 2 0 0 0 0 0 0 0 0 2 0 2 0 0 2 0 0 2 0 2 2 0 0 2 0 2 0 2 2 2 2 0 0 2 2 0 0 2 2 0 2 2 0 2 0 2 0 2 0 0 2 0 0 0 0 2 2 0 0 0 0 2 2 0 2 2 2 0 0 0 2 2 2 2 2 2 0 0 2 2 2 2 2 0 0 2 0 0 0 2 0 2 2 2 2 0 2 2 0 0 2 0 0 0 0 2 0 2 0 0 2 2 0 0 2 2 0 0 2 0 0 2 2 2 0 1 2 0 2 2 0 2 2 0 0 1 2 0 0 0 0 0 2 0 2 2 2 0 2 0 0 0 2 2 0 2 2 2 2 2 0 2 0 0 0 0 0 0 0 2 0 0 2 2 0 2 2 2 2 2 2 2 2 0 2 2 2 2 2 0 2 2 2 2 2 2 2 2 2 0 0 0 0 0 2 0 2 2 0 2 2 2 2 0 2 0 0 2 0 0 2 0
777 2 2 2 2 0 0 0 2 2 2 2 2 0 2 0 0 0 2 2 2 2 2 2 2 2 0 0 2 2 2 2 2 0 2 2 0 2 2 2 2 2 0 0 2 2 2 2 2 2 2 2 2 2 2 2 2 0 2 2 2 2 2 0 2 2 0 2 2 2 0 2 2 2 2 0 2 2 2 0 0 2 0 2 2 2 0 2 2 0 2 2 2 0 2 2 0 2 2 2 2 0 0 2 0 0 2 0 2 2 2 0 0 2 2 2 0 0 2 2 0 0 2 2 2 2 0 2 2 2 0 2 0 2 0 0 0 2 2 2 0 2 0 0 2 2 2 2 2 0 2 0 0 2 0 0 2 2 2 1 2 0 2 0 2 0 2 2 1 2 2 2 2 0 2 0 0 2 0 2 2 0 2 2 0 2 2 0 0 2 2 1 2 2 2 0 0 0 2 2 0 2 2 2 0 0 2 0 2 2 2 2 0 2 2 0 2 2 0 0 2 2 0 2 0 2 2 2 2 0 2 2 0 2 2 0 2 2 2 2 0 0 0 0 2 0
778 2 2 2 2 2 2 2 2 2 2 2 2 2 2 2 2 2 2 2 2 2 2 2 2 2 2 2 2 2 2 2 2 2 2 2 2 2 2 2 2 0 2 2 2 2 2 2 2 2 2 2 2 2 2 2 2 2 2 2 2 2 2 2 2 2 2 2 2 2 2 2 2 2 2 2 2 2 2 2 0 2 2 2 2 2 2 2 2 2 2 2 2 2 2 2 2 2 0 2 2 2 2 2 2 2 0 2 2 2 2 2 2 2 2 2 2 2 2 2 2 2 2 2 2 2 2 0 2 2 2 2 2 2 2 2 2 2 2 2 2 2 2 2 2 2 2 2 2 2 0 2 2 2 2 2 2 2 2 2 2 2 2 2 2 2 2 2 2 2 2 2 2 2 2 2 2 2 2 2 2 2 0 2 2 2 2 2 2 2 2 2 2 2 0 2 2 2 2 0 2 0 2 2 2 2 2 2 0 2 0 2 2 2 2 2 2 2 1 2 2 2 2 2 2 2 2 2 2 2 2 2 2 2 2 2 2 0 2 2 2 2 2 2 2 2
779 0 0 0 0 0 0 0 0 0 0 0 2 0 0 0 0 0 0 0 0 0 2 0 0 0 0 0 2 0 0 0 2 0 0 0 0 0 0 0 0 0 0 0 0 0 0 0 0 2 0 2 0 0 0 0 0 0 0 0 0 1 0 0 2 0 0 0 2 2 0 0 0 2 0 0 0 0 2 0 0 0 0 0 2 0 0 0 2 0 0 0 0 0 0 0 0 0 0 0 0 0 0 0 0 0 0 0 0 0 0 0 0 0 0 0 0 0 0 0 0 0 0 0 0 0 0 0 0 0 0 2 0 0 0 0 0 0 0 2 0 0 0 0 0 2 0 0 0 0 0 0 0 0 0 0 0 0 0 0 2 0 0 0 0 0 0 0 1 0 2 0 0 0 0 0 0 2 0 2 0 0 0 0 0 0 0 0 0 0 0 0 0 2 0 0 0 0 0 0 0 0 0 0 0 0 2 0 0 0 0 0 0 0 2 0 2 0 0 0 2 2 0 2 0 0 0 0 0 0 0 0 0 0 0 0 2 0 0 0 0 0 0 0 0 0
780 0 0 2 2 0 2 0 0 2 0 0 2 0 0 2 0 0 2 2 0 2 2 0 0 2 0 0 2 2 2 2 2 0 0 2 1 0 0 2 2 2 0 0 2 0 2 0 0 2 0 2 0 0 2 0 0 2 0 2 2 2 2 0 2 2 0 0 2 2 2 0 0 2 0 0 2 2 2 2 2 0 0 0 2 0 0 2 2 0 2 0 2 0 0 0 0 0 2 0 2 0 2 0 2 1 2 2 2 2 0 0 0 0 0 0 0 2 2 0 0 2 0 2 2 0 0 2 0 0 0 2 0 0 0 2 0 2 0 2 0 0 0 0 2 2 0 0 2 2 2 0 0 0 0 0 0 0 2 2 2 0 0 2 0 0 0 0 2 2 2 2 0 0 0 0 0 2 0 2 2 2 2 0 0 0 0 0 0 0 0 0 2 2 2 0 0 2 0 0 2 2 2 0 0 2 2 0 0 0 2 0 0 2 2 0 2 0 1 0 2 2 0 2 0 2 2 2 2 0 2 0 0 2 0 0 2 2 2 0 0 2 0 0 0 0
781 0 2 2 2 2 2 2 2 2 0 2 2 2 0 2 0 2 2 0 0 2 2 0 0 2 0 2 2 2 0 2 2 0 2 2 2 2 2 2 2 2 2 2 0 0 2 2 0 2 2 2 2 2 2 0 0 2 2 2 0 1 2 2 2 2 2 2 2 2 2 2 0 2 2 2 0 2 2 2 0 2 2 2 2 2 2 2 2 2 2 2 2 2 2 2 0 2 2 2 2 2 2 2 0 2 0 2 2 2 2 2 2 2 0 2 0 2 2 0 0 2 2 2 0 2 2 0 2 2 0 2 2 2 0 2 2 0 2 2 2 0 2 2 2 2 0 2 2 2 0 2 2 2 2 0 2 2 2 2 2 2 2 2 2 2 2 2 2 2 2 0 2 2 2 2 2 2 2 2 2 2 2 2 2 2 2 0 0 2 0 1 2 2 0 2 2 2 2 2 2 0 2 2 2 2 2 2 2 2 2 2 2 2 2 2 2 2 2 2 2 2 2 2 2 0 2 2 0 0 2 2 0 2 2 2 2 0 2 0 2 2 2 2 2 2
782 2 0 2 2 0 2 0 0 2 2 0 2 0 2 2 2 0 2 0 2 0 2 0 2 2 2 0 2 2 0 0 2 2 0 2 1 0 0 0 2 2 2 0 2 2 2 0 2 2 0 2 0 0 2 0 0 0 0 2 2 2 2 2 2 2 0 0 2 2 2 0 2 0 0 0 0 2 2 2 0 2 0 2 0 2 0 2 2 2 2 0 0 0 2 2 2 0 2 0 2 0 0 0 2 2 2 0 0 0 0 0 0 0 2 0 0 2 2 2 2 0 2 2 2 0 0 2 2 0 2 2 0 0 2 2 2 0 0 2 0 2 0 0 2 2 0 0 2 2 2 2 2 0 0 2 2 0 0 2 2 0 0 2 0 0 0 0 2 2 2 2 0 0 2 0 2 2 0 2 2 2 2 0 0 2 0 2 2 0 2 2 0 2 2 0 0 0 0 0 2 2 0 0 2 2 2 2 0 0 2 2 0 2 2 0 2 0 2 2 2 2 2 2 0 2 2 0 0 0 2 2 2 2 0 0 2 2 2 2 0 2 0 0 2 0
783 0 0 2 0 0 0 0 0 2 0 0 0 0 0 0 0 0 2 0 2 0 0 0 0 0 0 0 0 2 0 0 0 0 0 0 0 0 0 0 2 0 2 0 2 0 2 0 0 2 0 2 0 0 2 0 0 0 0 2 2 2 0 0 2 2 0 0 2 2 0 0 0 0 0 0 0 2 0 0 0 2 0 0 0 0 0 2 2 0 0 0 0 0 0 2 0 0 0 0 2 0 0 0 2 2 0 0 0 0 0 0 0 0 0 0 0 0 2 0 0 0 0 2 2 0 0 0 2 0 0 2 0 0 0 2 0 0 0 2 0 0 0 0 0 2 2 0 2 0 0 0 0 0 0 0 0 0 0 0 2 0 0 0 0 0 0 0 1 2 2 0 0 0 0 0 2 2 0 2 0 0 0 0 0 0 0 0 0 0 0 0 0 2 0 0 0 0 2 0 2 0 0 0 0 2 2 0 0 0 0 0 0 2 2 0 2 0 2 0 2 2 2 2 0 0 0 0 0 0 0 0 0 0 0 0 2 0 0 0 0 0 0 0 0 0
784 2 0 2 2 2 2 2 0 2 2 2 2 2 2 2 2 2 2 2 2 2 2 2 2 2 2 0 2 2 2 2 2 2 2 2 1 2 0 2 2 2 2 2 2 2 2 2 2 2 2 2 2 2 2 2 2 2 0 2 2 2 2 2 2 2 2 0 2 2 2 2 2 2 2 2 2 2 2 2 2 2 0 2 2 2 0 2 2 2 2 0 2 2 2 2 2 2 2 0 2 0 2 0 2 2 2 0 2 2 0 2 2 2 2 2 2 2 2 0 2 2 2 2 2 2 2 2 2 0 2 2 2 0 2 2 0 2 0 2 0 2 0 0 2 2 2 2 2 2 2 2 2 2 2 0 2 2 2 2 2 2 2 2 0 2 0 0 2 2 2 0 2 0 2 2 2 2 2 2 2 2 2 0 0 2 2 2 2 2 2 2 0 2 2 2 0 2 2 0 2 2 0 2 2 2 2 2 0 2 2 2 2 2 2 0 2 2 2 2 2 2 2 2 2 0 2 0 2 0 2 0 2 2 0 2 2 2 2 0 2 2 2 0 0 0
785 2 2 2 2 2 2 2 2 2 2 2 0 2 2 2 2 2 2 2 2 2 0 2 2 2 2 2 0 2 2 2 0 2 2 2 2 2 2 2 2 2 2 0 2 2 2 2 2 2 2 0 2 2 2 2 2 2 2 2 2 1 2 2 2 2 2 2 2 2 2 0 2 2 2 2 2 2 0 2 2 2 2 2 2 2 2 2 2 0 2 2 2 2 2 2 2 2 2 2 2 2 2 2 2 1 2 2 2 2 2 2 2 2 2 2 2 2 2 2 2 2 2 2 2 2 2 2 2 2 2 2 2 2 2 0 2 2 2 2 2 2 2 2 2 2 2 2 2 2 2 2 2 0 2 2 2 2 2 2 2 2 2 2 2 2 2 2 2 2 2 2 2 2 2 2 0 2 2 2 2 2 2 2 2 2 2 2 2 2 2 2 2 2 2 2 2 2 2 2 2 2 2 2 2 0 2 2 2 2 2 2 2 2 2 2 2 2 1 2 2 2 0 2 2 2 2 2 2 2 0 2 2 2 2 2 2 2 2 2 2 2 2 0 2 2
786 2 2 2 2 2 2 2 2 2 2 2 2 2 2 2 2 2 2 2 2 2 2 2 2 2 2 2 2 2 2 2 2 2 2 2 2 2 2 2 2 2 2 2 2 2 2 2 2 2 2 2 2 2 2 2 2 2 2 2 2 2 2 2 2 2 2 2 2 2 2 2 2 2 2 2 2 2 2 2 2 2 2 2 2 2 2 2 2 2 2 0 2 2 2 2 2 2 2 2 2 0 2 2 2 2 2 2 2 2 2 2 2 2 2 2 2 2 2 2 2 2 2 2 2 2 2 2 2 0 2 2 2 2 2 2 2 2 2 2 2 2 0 2 2 2 2 2 2 2 2 2 2 2 0 2 2 2 2 2 2 2 2 2 0 2 2 2 2 2 2 2 2 2 2 0 2 2 0 2 2 2 2 2 2 2 2 2 2 0 2 2 2 2 2 0 2 2 2 2 2 2 2 2 2 2 2 2 2 2 2 2 2 2 2 2 2 2 2 2 2 2 2 2 2 2 2 2 2 2 2 2 2 2 0 2 2 2 2 2 2 2 0 2 0 2
787 2 2 2 2 2 2 0 2 2 0 0 2 2 2 2 2 2 0 2 0 2 2 2 2 2 2 2 2 0 2 2 2 2 2 2 1 2 2 0 2 2 2 0 2 0 2 0 0 2 2 2 0 2 2 2 2 2 2 2 2 2 2 2 2 2 2 2 2 2 2 0 2 0 2 2 2 2 2 2 2 2 2 2 0 2 2 2 2 2 2 2 0 2 2 2 2 2 2 2 2 2 2 2 0 2 2 2 2 2 2 2 2 2 0 2 2 2 2 2 2 2 0 2 2 0 0 2 2 2 2 2 2 2 2 2 2 2 2 2 2 0 2 2 2 2 2 0 2 1 2 2 2 2 2 2 0 2 2 2 2 2 2 0 2 2 2 2 1 2 2 2 2 2 2 2 2 2 2 2 2 2 2 2 2 2 2 2 2 2 0 1 2 2 2 2 2 2 2 2 2 2 2 2 2 2 2 2 2 0 2 2 2 2 2 2 2 2 2 2 2 2 2 2 2 2 2 2 0 2 2 2 2 2 2 2 2 2 2 2 2 2 2 2 2 2
788 0 2 2 2 2 2 0 2 0 0 0 2 2 2 2 2 2 0 2 0 2 2 2 2 2 2 2 2 0 2 0 2 2 2 2 1 2 2 0 2 2 2 2 2 0 2 0 0 0 2 2 0 2 2 2 2 2 2 2 2 2 0 2 2 2 2 2 2 2 2 2 2 0 2 2 2 2 2 2 0 2 2 2 0 2 2 2 2 2 2 2 0 2 2 2 2 2 2 2 2 2 2 2 0 2 2 2 2 2 2 2 2 2 0 2 2 2 2 2 2 2 0 2 2 0 0 2 2 2 2 2 2 2 2 2 2 2 2 2 2 0 2 2 2 2 2 0 2 1 2 2 2 2 2 2 2 2 2 2 2 2 2 0 2 2 2 2 1 2 2 2 2 2 2 2 2 2 2 2 0 2 2 2 2 2 2 2 2 2 0 1 2 2 2 2 2 2 2 2 2 2 2 2 2 2 2 2 2 0 2 2 2 2 2 2 2 2 2 2 2 2 2 2 2 2 2 2 0 2 2 2 2 0 2 2 2 2 0 2 2 2 2 2 2 2
789 0 2 2 2 2 2 0 2 0 0 0 2 2 2 2 2 2 0 2 0 2 2 2 2 2 2 2 2 0 2 0 2 2 2 2 1 2 2 0 2 2 2 2 2 0 2 0 0 0 2 2 0 2 2 2 2 2 2 2 2 2 0 2 2 2 2 2 2 2 2 2 2 0 2 2 2 2 2 2 0 2 2 2 0 2 2 2 2 2 2 2 0 2 2 2 2 2 2 2 2 2 2 2 0 2 2 2 2 2 2 2 2 2 0 2 2 2 2 2 2 2 0 2 2 0 0 2 2 2 2 2 2 2 2 2 2 2 2 2 2 0 2 2 2 2 2 0 2 1 2 2 2 2 2 2 2 2 2 2 2 2 2 0 2 2 2 2 2 2 2 2 2 2 2 2 2 2 2 2 0 2 2 2 2 2 2 2 2 2 0 1 2 2 2 2 2 2 2 2 2 2 2 2 2 2 2 2 2 0 2 2 2 2 2 2 2 2 2 2 2 2 2 2 2 2 2 2 0 2 2 2 2 0 2 2 2 2 0 2 2 2 2 2 2 2
790 2 2 0 2 2 2 0 2 2 2 2 2 2 2 2 0 2 2 2 2 2 2 2 2 2 0 2 2 2 2 2 2 0 2 2 2 2 2 2 2 2 2 2 2 2 0 2 2 2 2 2 2 2 2 2 2 2 2 0 2 2 2 0 2 2 2 2 2 2 2 2 2 0 2 2 2 0 2 2 2 2 2 2 0 0 2 0 2 2 2 2 2 2 2 2 0 2 2 2 0 2 2 2 2 2 2 2 2 2 2 2 2 2 2 2 2 2 2 2 0 2 2 2 2 2 0 2 2 2 0 2 2 2 0 2 2 2 2 2 2 2 2 2 2 2 2 2 2 2 2 0 2 2 2 2 2 2 2 2 2 2 2 2 2 2 2 2 2 2 2 2 2 2 2 2 2 2 2 2 2 2 2 2 2 2 2 2 0 2 2 1 2 2 2 2 2 0 0 2 2 2 2 2 2 2 2 0 2 2 2 2 2 0 2 0 2 2 2 0 2 2 2 2 2 2 0 2 2 0 2 2 0 2 2 2 2 2 2 2 2 2 2 2 2 2
791 2 0 2 0 2 0 2 2 2 0 0 0 2 2 2 2 2 0 0 0 2 0 2 2 0 2 2 0 0 0 2 0 2 0 0 0 2 0 0 2 2 2 2 2 0 2 0 0 0 2 2 0 0 2 2 2 2 0 2 0 2 0 2 2 2 2 0 2 2 2 2 0 2 0 2 0 2 0 0 0 2 0 0 2 2 2 2 2 2 0 0 0 0 2 2 2 0 2 2 2 2 2 0 0 2 2 2 2 2 2 2 0 2 0 2 0 0 2 0 2 0 0 2 2 0 2 2 2 2 2 2 2 0 2 2 2 0 0 2 0 0 0 2 0 2 2 0 2 1 2 2 2 2 0 2 2 0 0 0 2 2 2 0 2 2 2 0 0 2 2 2 2 2 0 2 0 2 0 2 0 0 2 0 2 2 0 2 2 0 0 1 0 2 2 2 2 2 2 2 2 2 0 0 2 2 2 2 2 0 2 2 2 2 2 2 2 0 0 2 0 2 0 2 0 2 2 0 0 2 2 2 2 0 0 2 2 2 0 0 2 0 2 2 0 2
792 2 2 2 0 2 2 2 2 2 2 2 0 2 2 2 2 2 2 2 2 2 0 2 2 2 2 2 0 2 2 2 0 2 2 2 2 2 2 2 2 2 2 2 2 2 2 2 2 2 2 2 2 2 2 2 2 2 2 2 2 2 2 2 2 2 2 2 2 2 2 2 2 2 2 2 2 2 0 2 2 2 2 2 2 2 2 2 2 2 2 2 2 2 2 2 2 2 2 2 2 2 2 2 2 2 2 2 2 2 2 2 2 2 2 2 2 2 2 2 2 2 2 0 2 2 2 2 2 2 2 0 2 2 2 0 2 2 2 2 2 2 2 2 2 2 2 2 2 2 2 2 2 2 2 2 2 2 2 2 0 2 2 2 2 2 2 2 0 2 0 2 2 2 2 2 2 2 2 0 2 2 2 2 2 2 2 2 2 2 2 2 2 2 2 2 2 2 2 2 2 2 2 2 2 0 2 2 2 2 2 2 2 2 2 2 2 2 2 2 0 2 2 2 2 2 2 2 2 2 2 2 2 2 2 2 2 2 2 2 2 2 2 2 2 2
793 2 0 2 2 2 2 2 2 0 2 2 2 2 0 0 2 0 2 0 0 0 2 0 0 2 2 2 2 2 0 2 2 2 2 2 1 0 0 0 0 2 0 2 2 2 2 0 2 0 2 0 0 0 2 0 0 2 0 2 2 1 2 2 2 2 2 0 2 2 0 0 2 2 0 0 0 2 2 2 0 0 0 2 2 2 2 2 2 0 2 2 0 2 2 0 2 2 2 2 2 0 0 0 0 1 2 0 2 2 2 0 2 2 2 0 2 2 2 2 2 2 0 0 2 2 2 0 0 2 2 0 2 2 2 0 2 2 2 2 2 2 0 2 2 2 2 2 2 1 0 2 0 0 0 2 0 0 0 2 2 2 0 0 0 0 0 0 1 0 2 2 2 0 2 0 0 2 0 2 2 0 2 2 2 2 0 0 2 2 2 2 2 2 0 2 0 2 0 0 1 2 0 0 2 0 2 2 0 0 2 2 0 2 2 2 2 0 1 2 2 2 0 2 0 2 2 2 2 0 0 2 2 2 2 0 2 2 2 2 2 2 0 2 2 0
794 2 2 2 2 2 2 2 2 0 2 0 2 2 2 2 2 2 2 2 2 2 2 2 2 2 2 2 2 2 2 0 2 2 2 2 2 2 2 0 2 2 2 2 2 2 2 2 2 2 2 0 2 2 2 2 2 2 2 2 2 0 2 2 2 2 2 2 0 2 2 2 2 2 2 2 2 2 2 2 2 2 2 2 2 2 2 2 0 2 2 2 0 2 2 2 2 2 2 2 2 2 2 2 2 2 2 2 2 2 2 2 2 2 2 2 2 2 2 2 2 2 2 0 2 2 2 2 2 2 2 2 2 2 2 2 2 0 2 2 2 2 2 2 2 0 2 2 0 2 2 2 2 2 2 2 2 2 2 2 2 2 2 2 2 2 2 2 2 2 2 2 2 2 2 2 2 0 2 2 2 2 2 2 2 2 2 2 2 2 2 2 2 0 0 2 2 2 2 2 2 2 2 2 2 2 2 2 2 2 2 2 2 2 0 2 0 2 2 2 2 0 2 0 2 2 2 2 2 2 2 2 2 2 2 2 2 0 2 2 2 2 2 2 2 2
795 2 0 2 2 2 2 0 2 2 2 2 2 2 2 2 2 2 2 2 2 2 2 2 2 2 2 0 2 2 2 2 2 2 2 2 2 0 0 2 2 2 0 2 2 2 2 2 2 2 2 2 2 2 2 2 2 2 0 2 2 2 2 2 2 2 2 0 2 2 0 2 2 0 2 2 2 2 2 2 2 2 2 0 0 0 0 2 2 2 2 0 2 0 2 2 2 2 2 2 2 2 2 0 2 2 2 0 2 2 2 0 0 2 2 2 2 2 2 2 2 2 2 2 2 2 0 2 2 0 2 2 2 2 2 2 0 2 2 2 2 2 0 0 2 2 2 2 2 2 2 2 0 2 2 2 0 2 2 2 2 2 0 2 2 2 0 0 2 2 2 0 2 2 2 0 2 2 2 2 2 2 2 2 0 0 2 0 2 0 2 2 2 2 2 2 0 2 2 2 2 2 0 0 2 2 2 2 2 2 2 2 2 2 2 0 2 0 2 2 2 2 2 2 0 0 2 2 2 1 2 2 2 2 2 2 2 2 2 2 2 2 2 2 0 0
796 0 2 2 0 0 2 2 0 0 0 2 2 0 0 0 2 2 2 2 2 2 2 2 0 2 2 0 2 2 2 0 2 2 2 0 1 2 2 0 0 2 2 2 2 0 2 2 0 2 2 2 2 2 2 2 2 2 2 2 0 1 0 2 2 2 0 2 2 2 0 2 0 0 2 2 2 2 2 0 2 2 2 0 0 0 2 2 2 0 0 2 0 0 0 2 2 2 2 0 2 2 2 2 0 1 2 2 0 0 2 2 0 2 2 2 0 2 2 0 2 2 2 0 2 2 2 2 2 2 2 2 0 0 2 2 2 2 2 2 2 0 2 0 2 2 2 2 0 1 2 0 2 2 2 2 2 2 2 2 2 2 2 2 2 2 2 2 2 2 2 0 2 2 2 2 2 2 2 2 0 2 2 2 0 0 2 2 2 2 0 1 0 2 2 2 2 0 2 2 2 2 2 2 2 2 2 0 2 2 2 2 2 2 2 2 2 2 2 2 2 2 2 2 2 0 0 0 2 0 2 0 2 0 2 2 2 2 0 0 2 2 2 2 2 2
797 2 0 0 2 0 0 0 0 2 2 2 2 0 2 2 2 0 2 0 2 2 2 2 2 0 2 2 2 2 0 0 2 0 2 2 1 0 0 2 0 0 0 0 2 2 0 0 2 2 2 2 0 2 0 2 2 0 0 0 0 1 2 2 2 0 0 0 2 2 0 0 2 0 2 0 0 0 2 0 0 0 0 0 0 0 2 0 2 2 2 0 2 0 0 0 0 0 2 0 0 0 2 0 0 2 0 0 0 0 0 0 0 0 2 2 2 0 0 0 0 0 2 2 2 0 0 0 0 2 2 0 0 2 0 0 2 0 0 2 0 2 0 2 0 2 0 0 2 1 0 0 2 0 2 2 0 2 2 0 2 2 2 0 0 0 2 0 0 0 2 2 0 0 0 0 0 2 2 2 2 2 2 0 2 2 2 0 2 0 2 2 2 2 2 0 2 0 0 0 2 0 2 2 0 0 2 0 0 0 2 0 2 0 2 2 2 2 1 0 0 2 0 2 0 2 2 2 0 0 0 0 2 2 0 2 0 0 2 0 0 0 0 2 0 0
798 2 2 2 0 2 2 2 2 2 2 2 2 2 2 0 2 0 0 2 2 2 2 2 2 2 2 2 2 0 2 2 2 2 2 0 2 2 2 2 2 2 2 0 0 2 2 2 2 2 0 2 0 2 2 2 2 2 2 2 2 2 2 2 2 2 2 2 2 2 2 2 0 2 2 0 2 2 2 2 2 0 2 2 2 2 2 2 2 2 0 2 2 2 2 2 2 2 2 2 2 0 2 2 2 1 2 2 0 0 2 2 2 2 2 2 2 2 2 2 2 0 2 2 0 2 2 2 2 2 2 2 2 0 2 0 2 2 2 2 2 2 2 2 2 2 2 0 2 1 0 2 2 2 2 0 0 0 2 2 2 2 2 2 2 0 2 2 2 0 2 2 2 0 2 2 2 2 2 2 2 2 2 2 2 2 0 2 2 0 2 2 0 2 2 2 2 2 2 2 2 2 2 0 2 0 0 2 2 2 2 2 2 2 2 0 2 0 2 2 2 2 2 2 2 2 2 0 0 2 2 2 2 2 2 2 2 2 2 2 2 2 2 2 2 2
799 2 0 2 2 2 2 2 2 2 2 2 2 2 2 2 2 2 2 2 2 2 2 2 2 2 2 0 2 2 2 2 2 2 2 2 1 0 0 2 2 2 0 2 2 2 2 2 2 2 2 2 2 2 2 2 2 2 0 2 2 2 2 2 2 2 2 0 2 2 0 2 2 2 2 2 2 2 2 2 2 2 2 2 2 2 0 2 2 2 2 2 2 2 2 2 2 2 2 2 2 2 2 0 2 2 2 2 2 0 0 0 2 2 2 2 2 2 2 2 2 0 2 2 2 2 2 2 2 0 2 2 2 0 2 2 2 2 2 2 2 2 2 2 2 2 2 2 2 2 2 2 0 2 2 2 2 2 2 2 2 2 2 2 2 2 0 2 2 2 2 2 2 2 2 2 2 2 2 2 2 2 2 2 0 2 2 2 2 2 2 1 0 2 0 2 0 2 2 2 2 2 2 2 2 2 2 2 2 2 2 2 0 2 2 2 2 2 2 2 2 2 2 2 2 2 2 0 2 2 2 0 2 2 2 0 2 2 2 2 2 2 0 2 2 2
800 2 2 2 2 2 2 2 2 2 2 2 2 2 2 0 2 2 2 2 2 2 2 2 2 2 2 2 2 2 2 2 2 2 2 2 2 2 2 2 2 2 2 2 2 2 2 2 2 2 2 0 2 2 0 2 2 0 2 2 2 2 2 2 2 0 2 2 2 2 2 0 2 2 2 2 2 2 2 2 0 2 2 2 2 2 2 2 2 0 2 2 2 2 2 2 2 2 0 2 2 2 2 2 2 2 2 2 2 2 2 2 2 2 2 2 2 2 2 2 1 2 2 2 2 2 2 2 2 2 2 2 2 2 2 2 2 2 2 2 2 2 2 2 2 2 2 2 2 1 0 2 2 2 2 2 2 2 2 1 2 2 2 2 2 2 2 2 2 0 2 2 0 2 2 2 2 2 2 2 2 2 0 0 2 2 2 2 2 2 2 2 2 2 2 2 2 2 2 0 1 0 2 0 2 2 2 2 0 2 2 2 2 2 2 2 2 0 2 2 2 2 2 2 2 2 2 2 2 2 2 2 2 2 2 2 2 0 2 2 2 2 2 2 2 0
801 2 2 2 0 2 2 2 2 2 2 2 0 2 2 0 2 2 0 2 2 0 0 2 2 2 2 0 0 0 2 2 0 2 0 0 2 2 2 2 0 2 2 2 2 2 2 2 2 0 2 0 2 0 0 2 2 0 2 2 2 0 2 2 2 0 2 2 2 2 2 2 0 0 0 2 2 2 0 0 0 0 0 2 0 2 0 2 2 2 0 0 2 2 0 0 2 2 2 2 2 0 0 2 2 2 2 0 2 0 2 2 2 2 2 2 0 2 2 0 2 2 0 2 2 0 2 2 2 0 2 2 2 0 2 0 2 0 0 0 0 2 0 2 2 2 0 2 2 1 2 0 2 2 2 2 0 0 0 1 2 2 2 2 0 2 0 0 1 0 2 2 0 2 2 0 2 2 2 2 2 0 2 0 0 2 0 0 2 0 2 2 0 2 2 0 0 2 2 0 2 2 2 0 2 0 0 2 0 0 2 2 2 2 2 2 2 0 1 2 0 2 2 2 2 2 0 0 0 2 2 0 2 2 2 2 2 2 2 0 0 2 2 0 0 2
802 2 2 2 2 0 2 0 2 2 2 2 2 0 2 2 2 2 2 0 2 2 2 2 2 2 2 2 2 2 0 2 2 0 2 2 0 2 2 2 2 2 2 2 2 2 2 2 2 2 2 2 2 2 2 2 2 2 2 2 2 2 2 2 2 2 0 2 2 2 2 2 2 2 2 2 0 2 2 2 2 2 2 2 2 0 2 2 2 2 2 2 2 2 2 2 0 0 2 2 2 2 2 2 2 2 2 2 2 2 2 2 2 2 2 2 2 2 2 2 0 2 2 2 2 2 0 2 2 2 2 2 2 2 0 2 2 2 2 2 2 2 2 2 2 2 2 2 2 1 2 2 2 2 2 2 2 2 2 2 2 2 2 0 2 2 2 2 1 2 2 2 2 2 2 2 2 2 2 2 2 2 2 2 2 2 2 2 2 2 2 2 2 2 2 2 2 2 2 2 2 2 2 2 2 2 2 2 2 2 2 2 2 2 2 0 2 2 2 2 2 2 2 2 0 2 2 2 2 0 2 2 2 2 2 2 2 2 2 2 2 2 2 2 2 2
803 2 2 2 2 2 2 2 2 2 2 2 2 2 2 0 0 2 2 2 2 2 2 2 2 2 2 2 2 2 2 2 2 2 2 2 2 2 2 2 2 2 2 2 2 2 2 2 2 2 2 2 2 0 2 2 2 2 2 2 2 2 2 2 2 2 2 2 2 2 2 2 2 2 0 2 2 2 2 2 2 2 2 2 2 2 0 2 2 0 2 0 2 2 2 0 2 2 2 2 2 2 2 2 2 2 0 0 2 0 2 2 2 2 2 2 2 2 2 2 2 2 2 2 2 2 2 2 2 2 2 2 2 0 2 2 0 2 2 2 0 2 0 0 2 2 2 2 2 1 2 2 2 2 2 2 2 2 2 1 2 2 2 2 2 2 2 2 2 2 2 2 0 2 2 2 2 2 2 2 2 2 2 0 2 2 2 2 2 2 2 2 0 2 2 0 0 2 2 0 1 2 0 2 2 2 2 2 0 2 2 2 2 2 2 2 2 2 2 2 2 2 2 2 2 2 2 0 2 2 2 2 0 2 2 2 0 2 2 2 2 2 2 2 0 2
804 0 0 2 2 2 2 2 0 0 0 0 2 2 0 0 0 0 0 2 0 2 2 0 0 0 0 0 2 0 2 2 2 2 2 2 1 0 0 0 0 2 0 2 0 0 2 2 0 2 0 2 2 0 0 0 0 0 0 2 0 2 0 0 2 0 2 0 0 2 0 2 0 2 0 0 2 2 2 0 0 2 2 0 2 2 0 2 2 0 2 0 0 0 0 0 2 2 0 0 2 2 2 0 2 1 0 0 2 0 0 0 0 0 0 2 2 2 0 0 2 2 2 0 0 0 2 0 0 0 0 0 0 0 2 0 0 2 2 0 0 0 0 0 0 2 0 2 2 1 0 2 2 2 2 0 2 0 2 0 0 2 2 2 2 0 0 2 2 2 0 2 0 0 2 2 0 2 2 0 0 2 0 0 0 2 0 2 0 2 0 0 0 2 2 0 0 0 0 0 1 0 0 0 0 0 0 0 0 2 0 2 0 2 2 2 2 0 0 0 2 2 0 0 2 2 2 0 2 2 2 0 0 0 2 0 0 0 0 0 0 2 2 2 0 2
805 2 2 0 2 2 2 2 2 2 2 2 2 2 2 2 2 2 2 2 2 2 2 2 2 2 2 2 2 2 2 2 2 2 2 2 2 2 2 1 2 2 2 2 2 2 0 2 2 2 0 2 2 2 2 2 2 2 2 0 2 2 2 2 2 2 2 2 0 2 2 2 2 2 2 2 2 0 2 2 2 2 2 2 2 2 2 0 2 2 2 2 2 2 2 2 2 2 2 2 0 2 2 2 0 2 2 2 0 2 2 2 2 0 2 2 2 2 2 2 2 2 2 0 2 2 2 2 2 2 2 2 2 2 2 2 2 2 2 2 2 2 2 2 2 2 2 2 2 2 2 2 2 2 2 2 2 2 2 2 2 2 2 2 2 2 2 2 2 2 2 2 2 2 2 2 2 2 2 2 2 2 2 2 2 2 2 2 2 2 2 2 2 2 2 2 2 2 2 2 2 2 2 2 2 2 2 2 2 2 2 2 2 0 2 2 2 2 2 2 2 2 2 0 2 2 2 2 2 2 2 2 2 2 2 2 0 2 2 2 2 2 2 2 2 2
806 0 0 0 0 2 0 0 2 0 2 0 0 2 0 0 0 0 0 1 0 0 0 0 0 0 0 0 0 0 1 0 0 0 0 0 0 0 0 0 0 0 0 0 0 2 0 0 2 0 0 0 0 2 0 0 0 0 0 0 0 0 0 0 0 0 2 0 0 2 0 0 0 0 2 0 2 0 0 2 0 0 0 0 0 0 0 0 0 2 0 0 0 0 0 0 0 0 0 2 0 0 0 0 0 0 0 0 0 0 0 0 0 0 0 0 0 0 2 2 0 0 0 0 0 0 0 0 0 0 0 0 0 0 0 0 0 0 0 2 0 2 0 0 0 0 0 0 0 0 0 0 0 0 0 0 0 0 0 0 2 0 0 0 0 0 0 0 0 0 2 0 0 0 2 0 0 0 0 2 0 0 0 0 0 0 0 0 0 0 0 0 0 0 0 0 0 0 0 0 1 0 0 0 0 0 2 0 0 0 0 0 2 0 0 0 0 0 0 0 0 0 0 0 0 0 0 0 0 0 0 0 0 0 0 2 0 0 0 2 0 0 0 0 0 0
807 2 2 2 2 2 2 0 2 0 2 2 2 2 2 2 2 2 2 2 2 2 2 2 2 0 2 2 2 2 2 2 2 2 2 0 1 2 2 2 0 2 2 0 0 2 2 2 2 2 2 0 0 2 0 2 2 0 2 2 2 2 2 2 2 0 2 2 2 2 2 2 2 2 2 2 2 2 2 2 0 2 2 0 2 2 2 2 2 2 0 2 2 0 2 2 2 0 0 2 2 2 2 2 2 0 0 2 2 2 2 2 0 2 2 2 2 2 2 2 2 0 0 2 0 2 0 0 2 0 2 2 2 2 2 0 2 0 2 2 2 2 2 2 2 2 2 0 2 1 0 0 2 2 2 2 0 0 2 2 2 0 0 0 2 2 2 2 1 0 2 0 2 2 2 2 2 2 2 2 2 2 0 2 2 2 0 2 2 2 2 2 2 2 2 2 2 2 2 2 1 2 2 2 0 0 2 0 2 2 0 0 2 2 2 2 2 2 1 0 2 2 0 2 2 0 2 2 2 2 2 2 2 2 2 2 2 0 2 2 2 2 2 2 2 2
808 0 0 0 0 2 0 0 2 0 0 0 0 2 0 0 2 0 0 0 0 0 0 0 0 0 0 0 0 0 0 2 0 0 2 2 0 0 0 0 0 0 0 0 0 0 0 0 0 0 2 0 0 0 0 0 0 0 0 0 0 0 2 0 0 0 2 0 0 2 0 0 0 0 0 0 0 0 0 0 0 0 0 0 0 0 0 0 0 0 2 0 0 0 0 0 0 0 0 2 0 0 0 0 2 0 0 0 0 2 0 0 0 0 0 0 2 0 0 0 0 0 0 0 0 0 0 0 0 2 2 0 0 0 0 0 0 2 0 2 2 0 0 0 0 0 0 0 2 0 2 0 0 0 0 0 0 0 2 1 0 0 0 0 0 0 0 0 0 0 0 0 0 0 0 0 0 0 0 0 0 0 0 0 0 0 0 0 2 0 0 0 0 0 2 0 0 0 0 0 0 0 0 2 0 0 2 0 0 0 0 0 0 0 0 0 0 2 1 0 0 0 0 0 0 0 0 0 0 0 2 0 2 0 0 0 0 2 0 0 0 0 0 2 0 2
809 2 0 2 2 2 2 2 2 2 2 2 2 2 2 2 2 2 2 2 2 2 2 0 2 2 2 2 2 2 2 2 2 2 2 2 2 0 0 2 2 2 0 2 2 2 2 2 2 2 2 2 2 2 2 0 0 2 0 2 2 2 2 2 2 2 2 0 2 2 2 2 2 2 2 2 2 2 2 0 2 2 2 2 2 2 2 2 2 2 2 2 2 2 2 2 2 2 2 2 2 2 2 0 2 2 2 2 2 2 0 0 2 2 2 2 2 2 2 2 2 2 2 2 2 2 2 2 2 2 2 2 2 2 2 2 2 2 2 2 2 2 2 2 2 2 2 2 2 2 2 2 2 2 2 0 2 2 2 2 2 2 2 2 2 2 2 2 2 2 2 2 2 2 2 2 2 2 2 2 2 2 2 2 2 2 2 0 2 2 2 2 2 2 2 2 2 0 2 2 2 2 2 2 2 2 2 2 2 2 2 2 2 2 2 2 2 2 2 2 2 2 2 2 2 2 2 2 2 2 2 2 2 2 2 2 2 2 2 2 2 2 2 2 2 2
810 0 2 0 0 0 0 0 0 2 2 0 2 0 0 0 0 2 2 0 0 0 2 0 0 2 0 2 2 2 0 2 2 0 0 0 2 2 2 0 0 2 2 2 2 2 0 0 2 0 0 2 2 2 2 0 0 0 2 0 0 1 0 2 0 2 0 2 2 2 0 0 2 2 2 2 0 0 2 2 0 0 0 0 2 0 2 0 0 0 0 0 0 0 2 0 0 2 2 0 0 0 0 2 2 1 0 0 0 0 2 2 0 2 0 0 2 0 2 0 0 2 0 2 2 0 0 2 2 0 0 0 2 2 0 0 0 2 0 2 0 2 0 2 0 0 0 2 0 1 0 0 2 2 0 2 0 0 2 0 2 0 0 2 2 0 0 2 2 0 2 2 0 0 2 0 2 0 0 2 0 0 2 0 2 2 0 2 0 0 2 2 2 0 0 0 2 2 2 0 1 0 0 0 0 0 2 2 0 0 2 2 2 0 0 0 0 0 1 2 2 0 0 2 0 2 2 2 0 2 0 2 0 0 2 2 2 0 0 0 0 0 0 0 2 0
811 0 0 0 0 2 0 0 0 2 2 0 0 2 0 2 2 0 2 0 0 0 0 0 0 0 0 0 0 2 0 0 0 0 0 2 0 0 0 0 0 2 0 0 0 2 0 0 2 2 0 0 0 0 2 0 0 0 0 0 0 2 0 0 0 2 2 0 0 0 0 0 0 0 0 0 0 0 0 2 0 0 0 0 0 0 0 0 0 0 2 0 0 0 0 0 0 0 0 0 0 0 0 0 0 0 0 0 0 0 0 0 0 2 0 0 2 0 0 0 0 0 0 0 0 0 0 0 0 0 0 0 0 0 0 0 0 0 0 0 0 2 0 0 0 2 0 0 0 1 0 0 0 0 0 0 0 0 0 0 2 0 0 0 0 0 0 2 2 0 2 2 0 0 0 0 0 0 0 2 0 0 0 0 0 0 0 2 0 0 2 2 0 0 0 0 0 2 0 0 0 0 0 2 0 0 2 0 0 0 0 0 0 0 2 0 0 2 0 2 2 2 0 0 0 2 2 0 0 0 0 2 2 0 0 0 0 0 0 0 0 0 0 2 0 0
812 2 2 2 2 2 2 2 2 2 2 2 2 2 2 2 2 2 2 2 2 2 2 0 2 2 2 2 2 2 2 2 2 2 2 2 2 2 2 2 2 2 2 2 2 2 2 2 2 2 2 2 2 2 2 0 0 2 2 2 2 2 2 2 2 2 2 2 2 2 2 2 2 2 2 2 2 2 2 2 2 2 2 2 2 2 2 2 2 2 2 2 2 2 0 2 2 2 2 2 2 2 2 2 2 2 2 2 2 2 2 2 2 2 2 2 2 2 2 2 2 2 2 2 2 2 2 2 2 2 2 2 2 2 2 2 2 2 2 2 0 2 2 2 2 2 2 2 0 2 2 2 2 2 0 2 2 2 2 2 2 2 2 2 2 2 2 2 2 2 2 2 2 2 2 2 0 2 0 2 2 2 2 2 2 2 2 2 2 0 2 2 2 2 2 2 2 2 0 2 2 2 0 2 0 2 2 2 2 2 2 2 2 2 2 2 2 2 2 2 2 2 2 2 2 2 2 2 2 0 2 2 2 2 2 2 2 2 2 2 2 2 2 2 0 2
813 0 2 2 2 2 2 0 2 2 2 2 2 2 0 2 2 2 2 2 2 2 2 2 0 2 0 2 2 2 2 2 2 2 2 0 2 2 2 2 2 2 2 2 2 2 2 2 2 2 2 0 2 2 2 2 2 2 2 2 0 2 2 2 2 2 2 2 2 2 2 2 2 2 2 2 2 2 2 2 2 2 2 2 2 2 2 2 2 2 0 2 2 2 2 2 2 2 2 2 2 2 2 2 2 1 2 2 2 2 2 2 2 2 0 2 2 2 2 2 2 2 0 2 2 2 0 2 2 2 2 2 2 2 2 2 2 0 0 2 2 2 2 2 2 2 2 2 2 2 2 2 2 2 2 2 2 2 2 2 2 0 2 2 2 2 2 2 2 0 2 2 2 2 2 2 2 2 2 2 0 0 2 2 2 2 2 2 2 2 2 2 2 2 2 2 2 2 2 2 2 2 2 2 2 2 2 2 2 2 2 2 2 2 2 2 2 2 2 2 2 2 2 2 2 2 2 2 2 2 2 2 2 0 2 2 2 2 0 2 2 2 2 2 2 2
814 2 0 2 2 0 2 2 2 2 0 2 2 0 2 2 2 2 2 2 2 2 2 2 2 2 2 2 2 2 2 2 2 0 2 2 2 0 0 0 2 2 0 2 2 0 2 2 0 2 2 2 2 2 2 2 2 2 0 2 2 2 2 2 2 2 0 0 2 2 2 2 2 2 2 2 2 2 2 2 2 2 2 0 2 0 2 2 2 2 2 2 0 0 2 2 0 2 2 2 2 2 2 0 2 2 2 2 2 2 0 0 0 2 2 2 2 2 2 0 0 2 2 2 2 0 2 2 2 2 2 2 0 2 0 2 2 2 2 2 2 0 2 2 2 2 2 2 2 2 2 2 2 2 2 2 2 2 2 2 0 2 2 2 2 2 2 2 2 2 0 2 2 2 2 2 2 2 2 0 2 2 2 2 2 2 2 2 2 2 0 1 2 2 2 2 2 2 2 2 2 2 2 2 2 2 2 2 2 2 2 2 2 2 2 2 2 2 2 2 2 2 2 2 2 2 2 2 2 2 2 2 2 2 2 2 2 2 2 0 2 2 2 2 2 2
815 0 0 0 0 2 0 2 2 0 2 0 0 2 0 2 0 0 2 0 2 0 0 0 0 0 0 0 0 2 0 2 0 2 0 0 0 0 0 0 0 2 2 2 2 2 0 2 2 0 0 0 2 0 0 0 0 0 0 0 0 1 2 0 2 0 2 0 2 2 0 2 2 2 0 0 0 0 0 2 0 0 0 0 2 2 0 0 2 0 0 0 0 0 0 0 2 0 0 2 0 0 0 0 0 2 0 0 2 0 0 2 0 0 0 2 2 0 2 2 2 0 0 2 2 2 2 2 2 0 0 2 0 0 2 2 2 0 0 2 0 2 0 0 0 2 0 2 0 1 2 0 0 2 0 0 0 0 0 0 2 0 0 0 0 0 0 0 2 0 2 0 0 0 0 0 0 0 0 2 0 0 0 0 0 0 0 0 0 0 2 2 0 2 0 0 0 2 0 0 2 0 0 0 0 2 2 2 0 2 0 0 0 0 2 2 2 0 1 0 2 2 0 2 0 0 2 0 0 0 0 0 0 0 0 0 0 0 0 2 2 0 2 0 0 0
816 0 2 2 2 0 0 2 2 2 2 2 2 0 0 0 2 0 2 0 0 0 2 0 0 2 0 0 2 2 0 0 2 2 2 0 1 2 2 2 0 2 2 2 2 2 2 2 2 2 0 2 2 2 2 0 0 2 2 2 0 2 2 2 2 2 0 2 2 2 0 2 0 2 2 0 0 2 2 0 2 0 2 0 2 0 0 2 2 2 0 0 2 0 0 0 2 2 2 2 2 0 0 2 2 2 2 0 0 0 2 2 0 2 0 0 0 0 2 0 2 2 2 2 2 0 2 2 0 0 2 2 2 0 2 2 0 0 2 2 0 2 0 0 2 2 0 2 0 1 2 0 2 2 0 0 2 2 0 1 2 0 2 2 0 0 0 0 1 2 2 0 0 0 2 0 0 2 0 2 0 2 2 0 0 0 2 0 2 0 2 2 0 2 2 0 0 2 0 0 2 2 0 0 0 2 2 0 0 2 2 0 0 2 2 2 2 0 0 0 0 2 0 2 0 0 2 0 0 0 2 0 2 0 0 0 2 0 0 0 0 0 0 0 0 0
817 2 2 2 2 2 0 2 2 2 2 2 2 2 2 2 2 2 2 2 2 2 2 2 2 2 0 2 2 2 2 2 2 2 2 0 2 2 2 2 2 2 2 2 0 2 2 2 2 2 2 2 2 2 2 2 2 2 2 2 2 2 2 2 0 2 2 2 2 2 2 2 2 2 2 2 2 2 2 2 2 2 2 2 2 2 2 2 0 2 0 2 2 2 2 2 2 2 2 2 2 2 2 2 2 0 2 2 2 2 2 2 2 2 2 2 2 0 2 2 2 2 2 2 0 2 2 2 2 2 2 0 2 2 2 2 2 2 2 2 2 2 2 0 0 0 2 2 2 1 2 2 2 2 2 2 2 2 2 1 2 2 2 2 0 2 2 0 2 2 2 2 2 2 2 2 2 2 2 2 2 2 2 2 2 2 2 2 2 2 2 2 0 0 2 2 0 2 2 2 2 2 2 2 2 2 2 2 2 2 2 2 2 2 0 2 0 2 2 2 2 0 2 2 2 2 2 0 2 2 2 0 2 2 2 2 2 0 2 2 2 0 2 0 2 0
818 2 2 2 2 2 0 2 2 2 2 2 2 2 2 2 2 0 2 2 2 2 2 2 2 2 0 0 2 2 2 2 2 2 2 2 1 2 2 2 2 2 2 2 2 2 2 2 2 2 2 2 2 2 2 2 2 2 2 2 2 2 2 2 2 2 2 2 2 2 2 2 2 2 2 0 2 2 2 2 2 2 2 2 2 2 0 2 2 2 2 0 2 2 2 0 2 2 2 2 2 2 2 2 2 2 2 0 2 0 2 2 2 2 2 2 2 0 2 2 2 2 2 2 2 2 2 2 2 2 2 2 2 0 2 2 0 2 2 2 0 2 2 0 2 2 2 2 2 1 2 2 2 2 0 2 2 2 0 2 2 2 2 2 2 0 2 0 2 2 2 2 2 0 2 2 2 2 0 2 2 2 2 2 0 2 2 2 2 2 2 2 0 2 2 2 0 2 2 2 2 2 0 2 2 2 2 2 2 2 2 2 2 2 2 2 2 2 2 2 2 2 2 2 2 2 2 0 0 2 2 0 2 2 0 2 2 2 2 2 2 0 0 2 0 2
819 0 2 0 2 0 2 2 0 0 2 0 0 0 0 2 2 2 0 2 2 0 0 0 0 2 2 2 0 0 2 2 0 2 2 2 2 2 2 0 0 2 2 2 2 2 0 2 2 0 2 2 2 2 2 0 0 2 2 0 0 0 0 2 2 2 0 2 2 2 2 2 0 2 2 2 2 0 0 2 2 2 0 2 2 2 2 0 2 2 2 2 0 2 2 2 2 2 2 0 0 2 2 2 0 2 2 0 2 2 2 2 2 2 0 0 2 2 2 2 2 2 2 2 2 0 2 0 0 0 2 2 2 2 2 2 2 2 2 2 2 2 2 2 2 2 0 2 2 2 2 2 2 2 2 0 0 2 2 2 0 0 0 2 2 2 0 2 2 0 0 0 2 2 0 2 0 2 2 0 0 2 2 2 2 2 2 2 2 2 0 1 2 2 2 0 2 2 0 2 2 2 2 2 0 2 2 2 2 2 2 2 2 0 2 2 2 2 1 2 2 2 0 2 0 0 0 2 2 0 2 2 2 0 2 2 2 2 0 2 2 2 2 2 2 2
820 2 2 2 2 2 2 2 2 2 2 2 2 2 2 2 2 2 2 2 0 2 2 0 2 2 2 2 2 2 2 0 2 2 2 2 2 2 2 2 2 2 2 2 0 2 2 2 2 2 0 0 2 2 2 0 0 2 2 2 2 2 2 2 2 2 2 2 2 2 2 2 2 2 2 2 2 2 2 2 2 2 2 2 2 2 2 2 2 0 2 2 2 2 2 2 2 2 2 2 2 0 2 2 2 0 2 2 2 2 2 2 2 2 2 2 2 2 2 2 2 2 0 2 0 0 2 2 2 2 0 0 2 2 2 2 2 2 2 2 2 2 2 2 0 2 2 2 2 2 2 2 2 2 2 0 2 2 2 1 2 0 2 2 2 2 2 2 0 2 2 2 2 2 2 2 0 2 2 2 2 2 2 2 2 2 2 0 0 2 2 2 0 2 2 2 2 2 0 2 1 2 2 2 0 2 0 2 2 2 2 0 2 2 2 2 2 2 2 2 0 2 2 2 0 2 2 0 2 2 2 2 2 2 2 2 0 2 2 2 2 2 2 2 2 2
821 2 2 2 2 2 2 2 2 2 2 2 2 2 2 0 2 2 2 2 2 2 2 2 2 2 2 2 2 2 2 2 2 2 2 2 2 2 2 2 2 2 2 2 2 2 2 0 2 2 2 2 0 2 2 2 2 2 2 2 2 2 2 2 2 2 2 2 2 2 2 0 2 2 2 2 2 2 2 2 2 2 2 2 2 2 2 2 2 2 2 2 2 2 2 2 2 2 2 2 2 2 2 2 2 2 2 2 2 2 2 2 2 2 2 2 2 2 2 2 2 2 2 2 2 2 2 2 2 2 2 0 2 2 2 0 2 2 2 2 2 2 2 2 2 2 2 0 2 1 0 2 2 0 2 2 2 2 2 2 2 0 2 2 2 2 2 2 2 2 2 2 2 2 2 2 2 2 2 2 2 0 2 2 2 2 2 2 2 2 2 2 2 2 2 2 2 2 2 2 2 2 2 2 2 0 2 2 2 0 2 2 2 2 2 2 2 2 2 2 2 2 2 2 2 2 2 2 2 2 2 2 2 2 2 2 2 2 2 2 2 2 2 2 2 2
822 2 2 2 0 2 0 0 2 0 0 2 2 2 2 0 2 0 2 0 2 2 2 0 2 2 0 0 2 2 0 0 2 0 2 0 1 2 2 2 2 0 0 2 2 0 2 2 0 2 2 2 2 0 2 0 0 0 2 2 2 2 2 0 0 2 2 2 0 2 2 2 2 2 0 0 0 2 2 0 0 0 2 2 2 0 0 2 0 2 0 0 2 0 0 2 0 2 2 2 2 0 0 2 2 2 2 0 2 0 2 0 0 2 2 2 0 0 2 0 0 2 2 2 2 0 0 2 2 2 2 2 2 0 0 2 0 0 2 2 0 0 0 0 2 0 0 2 0 1 2 2 2 2 0 0 2 2 0 2 2 0 2 2 0 0 2 0 2 0 2 0 0 0 2 0 2 2 0 2 2 0 2 0 0 2 2 2 2 0 2 1 0 0 2 0 0 2 2 2 1 2 0 0 0 2 2 2 2 2 2 2 2 2 0 2 0 0 1 0 2 0 0 0 2 0 2 0 2 0 2 0 0 2 0 2 2 0 2 0 0 0 0 2 0 0
823 2 2 2 2 2 2 2 2 2 2 2 2 2 2 2 2 2 2 2 2 2 2 2 2 2 2 2 2 2 2 2 2 2 2 2 2 2 2 2 2 2 2 2 0 2 2 2 2 2 2 2 2 2 2 2 2 2 2 2 2 2 2 2 0 2 2 2 2 2 2 0 2 2 2 2 2 2 2 2 2 2 2 2 2 2 2 2 0 0 2 2 2 2 2 2 2 2 2 2 2 2 2 2 2 0 2 2 0 2 2 2 2 2 2 2 0 2 2 2 2 2 2 2 0 2 2 2 0 0 2 2 2 2 2 2 2 2 2 2 2 2 2 2 2 0 0 2 2 2 2 2 2 0 2 2 2 2 2 2 2 2 2 2 2 2 2 2 2 2 2 2 2 2 2 2 2 2 2 2 2 2 2 2 2 2 2 2 2 2 2 2 2 0 2 2 2 2 2 2 1 2 2 2 2 2 2 2 2 2 2 2 2 2 0 2 0 2 2 2 2 0 2 2 2 2 2 2 2 2 2 2 2 2 2 2 2 2 2 2 2 2 2 2 2 2
824 2 2 2 2 2 2 2 2 2 2 2 2 2 2 2 2 2 2 2 2 2 2 2 2 0 2 0 2 2 2 2 2 2 2 2 0 2 2 2 0 2 2 2 2 2 2 2 2 2 2 2 2 2 2 2 2 2 2 2 2 2 2 2 2 2 2 2 2 2 2 2 2 0 2 2 2 2 2 2 2 2 2 0 0 2 0 2 2 2 2 2 2 2 2 2 2 0 2 2 2 2 2 2 2 2 2 2 2 2 2 2 2 2 2 0 2 2 2 2 2 0 2 2 2 2 2 2 2 2 2 2 2 2 2 2 2 2 2 2 2 2 2 0 2 2 0 2 2 1 2 2 2 2 2 2 2 2 2 2 2 2 2 0 2 2 2 2 1 2 2 2 2 2 2 2 2 2 2 2 2 2 2 2 0 2 2 2 2 2 2 2 2 2 2 2 0 2 2 2 2 2 2 2 2 2 2 0 2 2 2 2 2 2 2 2 2 2 1 2 2 2 2 2 2 2 2 2 2 2 2 2 2 2 2 2 2 2 2 2 2 2 2 2 2 2
825 2 0 2 2 0 2 0 2 2 2 0 2 0 2 2 2 2 2 2 0 2 2 2 2 2 2 2 2 2 2 0 2 2 0 2 2 0 0 2 2 2 2 2 2 2 2 0 2 0 0 2 2 0 2 2 2 0 0 2 2 2 2 2 2 2 0 0 2 2 2 2 2 0 0 2 2 2 2 0 2 2 2 0 0 2 0 2 2 0 2 0 2 0 2 2 2 2 2 2 2 0 2 0 2 2 2 0 0 0 0 2 0 0 2 2 2 2 2 2 2 2 0 2 2 2 0 2 2 2 2 2 2 0 2 2 0 2 2 2 2 2 2 0 0 2 2 2 2 2 2 2 2 0 0 2 2 2 2 1 2 2 0 2 2 2 2 0 2 0 2 2 2 2 2 0 2 2 0 2 2 0 2 2 2 2 2 0 2 2 2 2 2 2 2 2 0 2 2 0 1 2 2 0 0 2 2 2 0 0 2 2 2 2 2 0 2 0 2 0 2 2 2 2 2 2 2 2 2 2 2 2 2 2 2 2 2 0 2 2 2 2 0 2 2 2
826 2 0 2 2 2 2 0 2 2 2 2 2 2 2 2 2 2 2 2 2 2 2 2 2 2 2 2 2 2 2 2 2 0 2 2 2 0 0 2 2 2 0 2 2 2 2 2 2 2 2 2 2 2 2 2 2 2 0 2 2 2 2 2 2 2 2 0 2 2 2 2 2 2 2 2 2 2 2 2 2 2 2 2 2 2 2 2 2 2 2 2 2 2 2 2 0 2 2 2 2 2 2 0 2 2 2 2 2 2 0 0 2 2 2 2 2 2 2 0 0 2 2 2 2 2 0 2 2 2 2 2 2 2 0 2 2 2 2 2 2 2 2 2 2 2 2 2 2 2 2 2 2 2 2 2 2 2 2 2 2 2 2 2 2 2 2 2 2 2 2 2 2 2 2 2 2 2 2 2 2 2 2 2 2 2 2 2 2 2 2 2 2 2 2 2 2 2 2 2 2 2 2 2 2 2 2 2 2 2 2 2 2 2 2 2 2 2 2 2 2 2 2 2 2 2 2 2 2 2 2 2 2 2 2 2 2 2 2 0 2 2 2 2 2 2
827 2 2 2 2 2 2 2 0 2 2 2 2 2 2 2 2 2 2 2 2 2 2 2 2 2 2 2 2 2 2 2 2 2 2 2 2 2 2 2 2 2 2 2 2 2 2 2 2 2 2 2 2 0 2 2 2 2 2 2 2 2 2 2 2 2 2 2 2 2 2 2 2 2 1 2 2 2 2 2 2 2 2 2 2 2 2 2 2 2 2 2 2 2 2 2 2 2 2 0 2 2 2 2 2 2 2 2 2 2 2 2 2 2 2 2 2 2 2 0 2 2 2 2 2 2 2 2 0 2 2 2 2 2 2 2 2 0 0 2 2 2 0 2 2 2 2 2 2 2 2 2 2 2 2 2 2 0 2 2 2 2 2 2 0 2 2 2 2 2 2 2 2 2 2 2 2 2 2 2 2 2 2 0 2 2 2 2 2 2 2 2 2 2 2 2 2 2 2 2 2 2 2 0 2 2 2 2 2 2 2 2 2 2 2 2 2 0 2 2 2 2 2 2 2 2 2 2 2 2 2 2 2 2 2 2 2 2 2 0 2 2 2 0 2 2
828 0 0 0 0 0 0 0 0 0 0 2 0 0 0 0 0 2 0 0 2 0 0 0 0 0 0 2 0 0 0 0 0 0 0 2 0 0 0 0 0 0 0 0 2 0 0 0 0 0 0 0 0 2 0 0 0 0 0 0 0 0 0 0 0 0 0 0 0 0 0 0 0 0 2 2 0 0 0 0 0 2 0 0 0 2 2 0 0 0 2 0 0 0 0 0 0 0 2 0 0 0 0 0 0 1 0 0 0 0 0 0 0 0 0 0 0 0 0 0 0 0 0 0 2 0 0 2 0 2 0 2 0 2 0 0 2 0 0 2 2 0 0 2 2 2 0 0 0 0 0 0 2 0 2 0 2 0 2 1 0 0 0 0 2 2 2 2 0 0 0 2 0 2 0 2 0 2 2 0 0 0 0 0 2 2 0 0 0 0 0 0 0 0 2 2 2 0 0 2 0 2 2 0 0 0 0 2 2 0 0 0 0 0 2 0 0 0 1 0 0 2 0 0 0 2 0 0 0 0 0 0 2 0 0 0 0 0 0 0 0 0 2 0 2 0
829 0 2 2 0 2 2 0 0 0 0 2 2 2 0 2 2 2 2 0 2 0 2 2 0 2 2 2 2 2 0 2 2 0 2 2 2 2 2 0 2 0 2 2 2 0 2 2 0 2 2 2 2 2 0 2 2 0 2 2 2 1 2 0 0 0 2 2 2 2 2 0 0 2 2 2 0 2 2 0 0 2 2 0 2 2 2 2 0 0 2 2 0 2 2 0 0 0 2 0 2 2 0 2 2 2 2 2 0 0 2 2 2 2 0 2 2 2 0 0 0 0 2 0 2 0 0 2 2 2 2 2 2 2 0 2 2 0 0 2 2 0 0 2 2 2 2 2 0 1 0 0 2 0 2 0 2 0 2 1 2 0 2 2 2 2 2 2 0 0 2 2 0 2 2 2 2 2 2 2 0 2 0 0 2 2 2 2 2 2 0 1 2 0 2 2 2 2 2 2 0 2 2 0 0 2 2 2 2 2 0 0 2 2 2 0 0 0 1 0 0 2 0 2 2 2 0 2 0 2 2 0 2 0 0 2 0 2 0 0 0 2 2 0 2 2
830 2 2 2 2 2 2 0 2 2 2 2 2 2 2 2 2 2 2 2 2 2 2 2 2 2 2 2 2 2 2 2 2 2 2 2 2 2 2 2 2 0 2 2 2 2 2 2 2 2 2 2 2 2 2 2 2 2 2 2 2 2 2 2 2 2 2 2 2 2 2 2 2 2 2 2 2 2 2 2 2 0 2 0 2 2 2 2 2 2 2 2 2 2 2 2 2 2 2 2 2 2 2 2 2 2 2 2 2 2 2 2 2 2 2 2 2 2 2 0 2 2 2 2 2 2 0 2 2 2 2 2 2 2 2 2 2 0 0 2 2 2 2 2 2 2 2 2 2 2 2 0 2 2 2 2 2 2 2 2 2 2 2 2 2 2 2 2 2 2 2 2 0 2 2 2 0 2 2 2 2 2 2 2 2 2 2 2 2 2 2 2 2 2 2 2 2 2 2 2 2 2 2 0 0 2 2 2 2 2 2 2 2 2 2 2 2 0 2 0 2 2 2 2 2 2 2 2 2 2 2 2 2 2 2 2 2 2 2 0 0 2 2 0 2 2
831 2 2 2 2 2 2 2 0 2 2 2 2 2 2 2 2 2 2 2 2 0 2 2 2 2 2 2 2 2 2 2 2 2 2 2 2 2 2 2 2 2 2 2 2 2 2 2 2 2 0 2 0 2 2 2 2 2 2 2 2 2 2 2 2 2 2 2 2 0 0 2 2 2 2 2 2 2 2 2 2 2 2 2 2 2 2 2 2 0 2 2 2 2 2 2 2 2 2 0 2 2 2 2 2 1 2 2 2 2 2 2 2 2 2 0 2 2 2 2 2 2 2 2 2 2 2 2 0 0 2 2 2 0 2 2 0 2 2 0 0 2 2 2 2 2 2 0 2 2 2 0 2 2 0 2 2 0 2 2 2 2 2 2 2 2 2 2 1 2 2 2 0 0 2 2 2 2 0 2 0 2 2 2 2 2 0 2 2 2 2 2 0 2 2 2 2 2 2 2 0 2 2 2 2 2 2 2 2 2 2 2 2 2 2 2 2 2 2 0 0 2 2 2 2 2 2 0 0 2 0 2 2 0 2 2 2 2 0 2 2 2 2 2 2 2
832 0 0 0 0 0 2 0 2 2 0 0 0 0 0 0 0 2 2 0 0 2 0 0 0 0 0 0 0 2 0 0 0 0 0 0 0 0 0 2 2 0 0 0 0 0 0 0 0 0 0 2 2 0 2 0 0 0 0 0 2 0 0 0 2 2 0 0 2 2 0 0 2 0 0 2 0 0 0 0 0 0 0 0 0 0 2 0 2 0 0 2 2 0 2 0 0 0 0 2 0 0 0 0 2 0 0 0 0 2 0 0 0 0 2 2 0 2 0 0 0 2 0 0 0 0 0 0 0 2 0 0 0 0 0 2 0 2 2 0 0 0 0 2 0 2 0 2 0 1 0 2 0 0 0 0 2 0 0 0 0 2 2 0 0 0 0 0 0 2 0 0 2 0 0 2 0 0 0 0 0 0 0 2 0 0 0 0 0 2 2 1 0 2 2 2 0 0 0 0 0 0 0 2 0 2 2 0 0 0 0 0 0 0 2 0 2 2 0 2 0 2 0 2 0 0 0 0 0 2 0 0 2 0 2 0 2 0 0 0 0 2 0 0 2 0
833 2 0 0 0 2 2 0 2 2 2 2 0 2 2 2 2 0 2 2 2 2 0 2 2 2 0 0 0 2 2 2 0 2 2 0 1 0 0 2 2 0 0 2 2 2 0 0 2 2 2 2 2 0 0 2 2 0 0 0 2 0 2 2 0 0 2 0 2 2 0 0 2 2 0 0 2 0 0 2 2 2 2 2 2 0 0 0 0 2 0 0 2 2 0 0 2 2 0 2 0 2 2 0 2 1 2 0 2 0 0 0 2 0 2 2 2 2 2 0 2 0 2 2 2 2 0 2 0 2 2 2 2 0 2 2 0 0 0 0 2 2 2 0 2 0 2 2 0 2 2 0 2 0 0 0 0 0 2 2 2 2 2 2 0 0 0 0 2 0 2 2 0 2 0 0 2 2 0 2 2 0 2 0 0 0 0 2 2 2 2 1 2 0 0 0 0 0 2 2 2 2 0 0 0 2 0 0 2 0 0 0 2 0 0 0 0 0 2 0 2 0 2 2 2 2 0 2 0 0 0 2 2 2 2 2 0 0 2 0 0 2 0 0 0 2
834 2 2 2 2 2 2 2 2 2 2 0 2 2 2 2 2 2 0 0 2 2 2 2 2 2 2 2 2 0 0 2 2 2 2 2 2 2 2 0 2 2 2 2 2 2 2 2 2 2 2 2 2 2 2 2 2 2 2 2 2 2 2 2 2 2 2 2 2 2 2 2 2 2 2 2 0 2 2 2 2 2 2 2 2 2 2 2 2 2 2 2 0 2 2 2 2 2 2 2 2 2 2 2 2 2 2 0 0 2 2 2 2 2 2 0 2 2 2 2 2 2 0 2 2 2 2 2 2 2 2 2 2 2 2 2 2 2 2 2 2 2 2 2 2 2 2 2 2 2 2 2 2 2 2 2 2 2 2 2 2 2 2 2 2 2 2 2 2 2 2 2 2 2 2 2 2 0 2 2 2 2 2 2 2 2 2 2 2 2 2 2 2 2 2 2 2 2 2 2 2 2 2 2 2 2 2 2 2 2 2 2 2 2 2 2 2 2 2 2 2 2 2 2 2 2 2 2 2 2 2 2 2 2 2 2 2 2 2 2 2 2 2 2 2 2
835 0 0 2 2 2 0 2 0 2 0 0 0 2 2 0 0 0 0 2 2 0 0 0 2 0 0 2 0 0 2 2 0 2 0 0 1 0 0 2 0 0 0 2 0 0 2 0 0 0 2 2 0 2 0 0 0 2 0 2 0 2 2 2 2 0 2 0 2 0 0 0 2 2 2 0 2 2 0 0 2 0 0 0 2 0 0 2 0 0 0 0 2 0 2 0 2 0 0 0 2 0 0 0 0 1 0 2 0 0 0 0 0 0 2 0 2 0 0 0 2 0 0 2 0 0 2 0 0 0 0 0 2 0 2 0 0 0 0 0 0 0 2 0 0 2 2 0 0 0 0 0 0 0 0 0 0 0 0 0 0 0 0 0 0 0 0 0 0 0 0 0 0 0 0 0 0 2 0 0 0 0 2 0 2 0 0 0 0 0 2 1 0 0 0 0 0 0 0 0 0 2 0 0 0 0 0 0 0 0 0 0 0 2 2 2 2 0 0 0 0 2 0 2 2 0 0 0 0 0 0 0 0 0 0 0 0 0 0 0 2 0 0 0 0 0
836 2 2 2 2 2 2 2 2 2 2 2 2 2 2 2 2 2 2 2 2 2 2 2 2 2 2 0 2 2 2 2 2 2 0 2 1 2 2 2 2 2 2 2 2 2 2 0 2 2 2 2 0 2 2 2 2 2 2 2 2 2 2 2 2 2 2 2 2 2 2 2 2 2 2 2 2 2 2 2 2 2 2 2 2 2 0 2 2 2 2 2 2 2 2 2 2 2 2 2 2 2 2 2 2 1 2 2 2 2 2 2 2 0 2 2 0 2 2 2 2 2 2 2 2 2 2 2 2 2 2 2 2 2 2 2 0 2 2 2 2 2 0 0 2 2 2 0 2 2 2 2 2 0 2 2 2 2 2 2 2 0 2 2 2 2 0 2 2 2 2 2 2 2 2 2 2 2 2 2 2 2 2 2 0 0 2 2 2 0 2 2 2 2 2 0 0 2 2 2 2 2 0 2 2 2 2 2 2 0 2 2 2 2 2 0 2 2 2 2 2 2 2 2 2 2 2 2 0 2 2 2 0 2 2 2 2 2 2 2 2 2 0 2 0 2
837 2 2 2 2 2 2 2 2 2 2 2 2 2 2 2 2 2 2 2 2 2 2 2 2 2 2 2 2 2 2 2 2 2 2 2 2 2 2 2 2 2 2 2 2 2 2 2 2 2 2 2 0 0 2 2 2 0 2 2 2 2 2 2 2 2 2 2 2 2 2 2 2 2 2 2 2 2 2 2 2 2 0 2 2 2 2 2 2 2 2 2 2 2 2 2 2 2 2 2 2 2 2 2 2 2 2 2 2 2 2 2 0 2 2 2 2 2 0 2 2 2 2 2 2 2 2 2 2 2 2 0 0 2 2 2 2 2 2 2 2 2 2 2 2 2 2 0 2 2 2 2 2 0 2 2 2 2 0 2 2 2 2 2 2 1 2 2 2 0 2 2 2 2 2 2 2 2 2 2 2 2 2 0 2 2 2 2 2 2 2 2 2 2 2 2 2 0 2 2 2 2 2 2 2 2 2 2 2 2 2 2 2 2 2 2 2 2 2 2 2 2 2 2 2 2 2 2 2 2 2 2 2 2 2 2 2 2 2 2 2 2 2 2 2 2
838 2 2 2 0 2 0 0 2 0 2 0 0 2 0 0 2 2 0 2 0 0 0 0 0 0 2 0 0 0 2 0 0 0 0 0 2 2 2 0 2 0 2 0 2 2 2 2 2 2 2 0 0 2 0 0 0 2 2 2 0 0 2 0 0 0 2 2 0 2 2 2 2 0 2 2 2 2 0 0 2 0 0 0 0 0 0 2 0 2 0 0 0 2 0 2 0 0 2 2 2 0 2 2 0 2 0 2 0 2 2 2 0 0 2 0 0 0 0 0 0 0 0 2 2 0 0 0 2 0 0 2 0 2 0 2 2 0 0 2 2 2 2 0 0 0 0 0 2 0 0 2 0 0 2 0 0 2 0 0 2 0 0 2 2 2 0 0 1 0 2 0 2 0 2 0 0 0 2 2 0 0 0 0 0 0 2 2 0 2 2 2 2 0 0 1 0 0 0 2 1 0 2 0 0 2 0 0 2 2 0 2 0 2 0 2 0 0 1 2 2 0 2 0 0 0 0 2 0 2 2 2 2 0 2 0 2 2 0 0 0 0 2 0 2 2
839 2 0 0 0 0 0 0 0 0 2 0 0 0 0 0 0 2 0 0 0 0 0 0 0 0 0 2 0 0 0 0 0 0 0 0 0 0 0 0 0 0 0 0 0 2 0 0 2 0 0 0 0 0 0 0 0 0 0 0 0 0 0 0 0 0 0 0 0 0 2 0 0 2 0 2 0 0 0 2 0 0 0 0 2 0 0 0 0 0 0 0 0 0 0 0 0 0 2 0 0 0 0 0 0 0 0 0 0 0 0 0 0 0 2 0 0 0 0 0 0 0 0 0 0 0 0 0 0 0 0 0 0 0 0 0 0 0 0 2 2 2 0 0 2 0 0 0 0 0 0 0 0 0 2 0 2 2 0 2 0 0 0 0 0 2 2 0 0 0 0 0 0 0 0 0 0 0 2 0 0 0 0 0 2 2 2 2 0 0 2 1 0 0 0 1 2 0 2 0 0 0 0 0 0 0 0 0 0 0 0 2 0 0 0 2 0 0 0 0 0 0 0 0 0 0 0 0 0 0 0 0 0 0 2 0 0 0 0 0 0 0 0 0 0 0
840 2 2 2 2 2 2 2 0 2 2 2 2 2 2 2 2 2 2 2 2 2 2 2 2 2 2 2 2 2 2 2 2 2 2 2 1 2 2 2 2 2 2 2 2 2 2 2 2 2 0 2 2 2 2 2 2 2 2 2 2 2 2 2 2 2 2 2 2 2 2 2 2 2 2 2 2 2 2 2 2 2 2 2 2 2 2 2 2 2 2 2 2 2 2 2 2 2 2 0 2 0 0 2 2 2 2 0 2 0 2 2 2 2 2 2 2 2 2 2 2 2 2 0 2 2 2 2 0 2 2 2 2 2 2 2 2 2 2 2 2 2 2 2 2 2 2 2 0 2 0 2 2 2 2 2 2 2 2 2 2 2 2 0 2 2 2 2 2 2 2 2 2 0 2 2 2 2 2 2 2 0 0 2 2 2 2 2 2 2 2 2 2 2 2 2 2 2 2 0 2 2 2 2 2 2 2 2 0 2 0 2 2 2 2 2 2 2 2 2 2 2 2 2 2 2 2 2 0 2 2 2 2 2 2 2 2 2 2 2 2 2 2 0 2 0
841 0 0 0 0 0 0 2 0 0 0 2 0 0 0 0 0 0 0 0 0 0 0 2 0 0 0 0 0 0 0 0 0 2 2 0 0 0 0 0 0 0 0 2 0 0 0 2 0 0 0 0 2 2 2 2 2 0 0 0 2 2 2 2 0 2 0 0 2 0 2 2 2 0 2 0 0 0 0 0 0 2 2 2 0 0 0 0 0 0 0 0 0 0 0 0 2 2 0 0 0 0 0 0 2 1 2 0 2 0 0 0 2 0 0 0 0 0 2 0 2 2 0 2 0 0 2 2 0 2 0 2 0 0 2 0 0 2 0 2 0 0 0 0 0 0 2 2 0 1 2 0 2 2 0 0 0 0 0 0 0 1 0 0 0 0 0 0 1 2 0 2 0 0 2 0 0 0 0 0 0 0 0 0 0 2 0 0 0 0 0 0 0 0 0 0 0 0 0 0 0 0 0 2 2 0 0 0 0 2 2 0 2 0 0 0 0 2 1 0 0 0 0 2 0 2 0 0 0 0 2 2 0 0 0 2 2 0 0 0 2 0 0 0 0 0
842 0 0 0 0 0 2 2 2 0 0 2 0 0 0 2 2 0 0 2 2 2 0 2 0 2 2 2 0 0 2 2 0 0 2 2 2 0 0 0 0 0 0 0 0 0 0 2 0 0 2 2 2 0 2 2 2 2 0 0 2 2 0 2 2 2 0 0 0 2 2 2 2 2 0 0 2 0 0 2 0 2 2 2 2 2 2 0 2 2 2 2 0 2 2 2 0 2 0 2 0 2 2 0 0 1 0 0 2 2 2 0 2 2 0 0 0 2 2 2 0 2 0 2 0 2 2 2 0 2 2 2 0 2 0 0 2 2 2 2 0 0 2 2 2 2 2 2 2 2 0 0 0 2 0 2 2 2 2 2 0 2 2 2 0 0 2 2 1 2 0 2 0 2 2 2 2 0 0 0 0 2 2 0 2 2 2 2 2 2 0 0 2 2 2 2 2 2 0 0 2 2 2 2 2 0 2 2 0 2 0 2 2 0 2 2 2 2 0 0 0 2 0 0 2 2 2 2 2 0 0 2 2 0 0 2 0 2 0 2 2 2 2 0 2 0
843 2 2 2 2 2 2 2 2 2 2 2 2 2 2 0 2 0 2 2 2 2 2 2 2 2 2 2 2 2 2 2 2 2 0 2 2 2 2 2 2 2 2 2 2 2 2 2 2 2 2 2 2 2 2 2 2 2 2 2 2 2 2 0 2 2 2 2 2 2 2 2 2 2 2 0 2 2 2 2 2 2 0 2 2 2 2 2 2 0 2 2 2 2 2 2 2 2 2 2 2 2 2 2 2 2 2 2 2 2 2 2 2 2 2 2 2 2 2 2 2 2 2 2 2 2 2 2 2 2 2 2 2 2 2 2 2 2 2 2 0 2 2 2 2 2 2 2 2 1 0 2 2 2 0 2 2 2 2 2 2 2 0 2 2 0 2 2 2 2 2 2 2 2 2 2 2 2 0 2 2 2 2 2 2 2 2 2 2 2 2 2 2 2 0 2 2 2 2 2 2 2 0 2 2 2 2 0 2 2 2 2 2 2 2 2 2 2 2 2 2 2 2 2 2 2 2 2 2 2 2 0 0 2 2 2 0 2 2 2 2 2 2 2 2 2
844 2 2 2 2 0 0 2 2 2 2 2 2 0 2 2 2 2 2 0 2 2 2 2 2 2 2 2 2 2 0 2 2 2 2 2 2 2 2 2 2 2 2 0 2 2 2 2 2 2 2 0 0 2 2 2 2 2 2 2 2 2 2 0 2 2 0 2 2 2 0 2 0 2 2 2 0 2 2 2 2 2 0 2 2 2 2 2 2 2 2 2 2 2 2 2 2 2 2 2 2 0 2 2 2 2 2 2 2 2 2 2 2 2 2 2 2 0 2 0 2 2 2 2 2 0 2 2 2 2 2 2 0 0 2 2 2 2 2 0 2 2 0 2 2 2 2 0 2 1 2 2 2 2 2 2 2 0 2 2 2 2 2 2 0 2 2 2 1 2 2 0 2 2 2 2 2 2 2 2 2 2 2 2 2 2 0 0 2 0 2 2 2 2 2 2 2 0 2 2 1 2 2 2 2 2 2 2 2 2 2 2 0 2 2 0 2 2 2 2 0 2 2 2 2 0 2 2 2 0 2 2 2 2 2 0 2 2 2 0 2 0 0 2 2 2
845 2 0 2 2 0 2 2 2 2 2 2 2 0 2 2 2 2 2 2 2 2 2 0 2 2 2 2 2 2 2 2 2 2 2 2 2 0 0 2 2 2 2 2 2 2 2 2 2 2 2 2 2 2 2 0 0 2 0 2 2 2 0 2 2 2 0 0 2 0 2 2 2 2 2 2 2 2 2 2 2 2 2 2 2 2 2 2 2 2 2 2 2 0 0 2 2 2 2 2 2 2 2 0 2 2 2 2 2 2 2 2 2 2 2 2 2 2 2 2 2 2 2 2 2 2 2 2 2 2 2 2 0 2 2 2 2 2 2 0 2 2 2 2 2 2 2 2 0 2 2 2 2 2 2 0 2 2 2 2 2 2 2 2 2 2 2 2 2 0 2 2 2 2 2 2 2 2 2 2 2 2 2 2 2 2 2 2 2 2 2 1 2 2 2 2 2 2 2 2 2 2 2 2 2 2 2 2 2 2 2 2 2 2 2 2 2 2 2 2 2 2 2 2 2 2 2 2 2 2 2 2 2 2 2 2 2 2 2 2 2 2 2 2 2 2
846 2 2 2 2 2 2 2 2 2 2 2 2 2 2 2 2 2 2 2 2 2 2 2 2 2 2 2 2 2 2 2 2 2 2 2 2 2 2 2 2 2 2 2 0 2 2 2 2 2 2 2 2 2 2 2 2 2 2 2 2 2 2 2 2 2 2 2 2 2 2 2 2 2 2 2 2 2 2 2 2 2 2 2 2 2 2 2 2 2 2 0 2 2 2 2 2 2 2 2 2 2 2 2 2 2 2 2 2 0 2 2 2 0 2 0 2 2 2 0 2 2 2 2 0 2 2 2 2 2 2 0 2 0 2 2 2 2 2 2 2 2 2 0 2 2 2 2 2 2 2 2 2 2 2 2 2 0 2 2 2 2 2 2 2 2 2 2 2 2 2 2 2 2 2 0 2 2 2 2 2 2 2 2 2 2 0 2 2 2 2 2 0 2 2 2 0 2 2 0 2 2 2 2 2 2 2 2 0 2 2 0 0 2 2 2 2 2 2 2 2 2 2 2 2 2 2 0 0 2 2 2 0 2 2 0 2 2 2 0 2 2 2 2 0 2
847 2 2 2 2 0 2 2 2 2 2 2 2 0 0 0 2 2 2 2 2 2 2 0 0 2 2 2 2 2 2 2 2 2 0 2 2 2 2 2 2 2 2 0 2 2 2 2 2 2 0 2 0 2 2 0 0 2 2 2 2 2 0 0 2 2 0 2 2 0 2 2 2 2 2 2 2 2 2 2 2 2 2 2 2 2 2 2 2 2 2 2 2 2 2 2 2 2 0 2 2 2 2 2 2 2 2 2 2 2 0 2 0 2 2 2 2 2 2 2 2 2 2 2 2 2 2 2 2 2 2 0 2 2 2 2 2 2 2 2 2 2 2 2 2 0 2 0 0 1 2 0 2 2 2 2 2 2 2 2 2 2 2 2 2 2 2 2 2 2 2 2 2 2 2 2 2 2 2 2 2 2 0 2 2 2 2 0 2 2 2 2 2 2 2 0 2 0 2 0 2 2 2 2 2 2 2 2 0 2 0 0 2 2 0 0 2 2 2 2 2 0 2 2 0 2 2 2 2 2 0 0 0 2 2 2 2 2 2 2 2 2 2 2 2 2
848 2 0 2 2 2 2 0 0 2 2 0 2 2 0 2 2 2 0 2 2 2 2 0 0 2 2 0 2 0 2 2 2 2 2 2 1 0 0 2 0 0 2 0 2 2 2 2 2 2 2 0 2 2 2 0 0 2 0 2 0 2 2 2 2 2 2 0 0 0 0 2 0 2 2 2 2 2 2 2 0 0 2 0 2 2 2 2 2 2 2 0 2 0 2 2 2 0 0 0 2 0 2 0 2 2 2 0 2 2 2 2 0 0 2 2 0 2 2 0 2 0 2 0 2 2 0 2 2 0 2 2 0 0 2 0 0 2 2 2 2 2 0 0 2 2 0 2 0 1 0 2 2 2 2 2 2 2 2 2 2 2 0 2 0 2 2 2 1 0 2 0 2 0 0 0 0 2 2 2 2 2 2 2 0 2 2 0 2 0 2 1 0 2 0 0 0 0 0 0 2 2 2 2 2 0 0 2 0 2 2 2 0 2 2 0 2 2 1 2 2 2 0 0 2 0 0 0 2 2 2 2 2 2 2 0 2 0 2 0 2 2 2 2 0 2
849 0 0 0 0 0 2 0 0 0 0 0 0 0 0 0 0 0 0 0 0 0 0 0 0 0 0 0 0 0 0 0 0 0 0 2 0 0 0 0 0 0 0 0 0 0 0 2 0 0 0 0 2 0 0 0 0 0 0 0 0 0 0 0 0 0 0 0 0 0 0 2 0 0 0 0 0 0 0 0 0 0 2 0 0 2 2 0 0 0 2 0 0 0 0 2 0 0 0 0 0 0 0 0 0 1 0 0 0 2 0 0 0 0 0 2 0 2 0 0 0 0 0 0 0 0 0 0 0 0 0 0 0 0 0 0 0 0 2 0 0 0 0 0 0 0 0 2 0 1 0 0 0 2 0 0 0 0 2 0 0 0 0 0 0 0 2 0 0 0 0 0 0 0 0 0 0 0 0 0 0 0 0 2 0 0 0 0 0 0 0 0 0 0 0 0 0 0 0 0 1 0 0 0 0 0 0 0 0 2 0 0 0 0 0 0 0 0 0 0 0 0 0 0 0 0 0 0 0 0 0 0 0 0 0 0 0 0 0 0 2 2 0 0 0 0
850 2 2 2 2 2 2 2 2 2 2 2 2 2 2 2 2 2 2 2 2 0 2 2 2 2 2 2 2 2 2 2 2 2 2 2 2 2 2 2 2 2 2 2 0 2 2 2 2 2 2 2 2 2 2 2 2 2 2 2 2 2 2 2 0 2 2 2 2 0 2 2 2 2 2 2 2 2 2 2 2 2 2 2 2 2 2 2 0 2 2 2 2 2 2 2 2 2 2 2 2 2 2 2 2 2 2 2 2 2 2 2 2 2 2 2 2 2 0 2 2 2 2 2 0 2 2 2 2 2 2 2 2 2 2 2 2 2 2 2 2 2 2 2 2 0 2 2 2 1 2 2 2 2 2 2 2 2 2 2 2 2 2 2 2 2 2 2 0 2 2 2 2 2 2 2 0 0 2 2 2 2 2 2 2 2 2 2 2 2 2 2 2 0 2 2 2 2 2 2 2 2 2 2 2 2 2 2 2 2 2 2 2 2 0 2 0 2 2 2 0 0 2 2 2 2 2 2 2 2 2 2 2 2 2 2 2 2 2 2 2 2 2 2 2 2
851 0 0 2 2 0 0 0 2 2 0 2 2 0 2 2 0 2 2 2 2 2 2 0 2 2 0 0 2 2 2 2 2 0 2 2 1 0 0 2 2 2 0 2 0 0 2 2 0 2 0 0 2 2 0 0 0 2 0 2 0 2 2 0 2 0 0 0 0 0 2 0 2 0 2 2 2 2 2 0 2 0 0 2 0 2 2 2 2 0 2 0 2 0 2 2 0 0 0 2 2 0 0 0 2 1 2 2 2 2 0 0 0 0 0 2 2 0 2 0 0 0 2 2 0 0 0 0 2 2 0 0 0 0 0 2 2 2 2 2 2 0 0 0 0 2 2 2 0 1 2 0 2 2 2 0 0 2 2 0 0 0 2 2 0 2 2 0 1 0 0 0 0 2 0 0 0 2 2 0 0 0 0 2 0 0 2 2 0 0 0 0 0 2 2 1 0 0 0 2 1 2 2 2 2 2 2 0 2 2 0 0 0 2 2 0 2 2 2 0 2 2 2 0 0 0 0 0 2 0 0 2 2 0 0 0 2 2 0 0 2 0 2 2 0 0
852 0 2 2 2 2 2 0 2 2 0 2 2 2 2 2 2 2 2 2 2 2 2 2 2 0 0 2 2 2 2 2 2 2 2 2 2 2 2 2 2 2 2 2 2 0 2 2 0 2 2 2 2 2 0 2 2 2 2 2 2 2 2 2 2 0 2 2 2 2 2 2 2 0 2 2 2 2 2 2 2 2 2 2 0 2 2 2 2 2 2 2 2 2 2 2 2 2 2 2 2 2 2 2 2 2 2 2 2 2 2 2 0 0 0 2 2 2 2 0 2 2 2 2 2 0 0 2 2 2 2 2 0 2 2 2 2 2 2 2 2 0 2 2 2 2 2 2 2 1 2 2 2 2 2 2 2 2 2 2 0 2 2 0 2 2 2 2 1 2 0 2 2 2 2 2 0 2 2 0 0 2 2 2 2 2 2 2 2 2 0 0 2 2 2 2 2 0 2 2 1 2 2 2 2 2 2 2 2 2 2 2 2 2 2 0 2 2 2 2 2 2 2 2 2 2 2 2 2 2 2 2 0 0 2 2 2 2 0 0 2 2 2 2 2 2
853 0 2 2 2 0 2 0 2 0 0 2 0 0 0 2 0 0 2 2 0 0 0 0 0 2 0 2 0 2 2 2 0 2 2 2 2 2 2 2 2 2 2 0 0 0 2 0 0 2 0 2 2 0 2 0 0 2 2 2 2 0 0 0 0 2 0 2 2 2 2 2 2 2 0 0 2 2 0 2 0 2 2 0 2 0 2 2 2 0 2 2 2 2 2 0 2 2 0 2 2 2 2 2 2 1 0 2 0 0 2 2 0 2 0 0 0 2 2 0 2 2 2 2 0 0 0 2 0 2 2 0 2 0 2 0 2 2 2 2 2 0 2 2 0 0 2 0 2 2 0 0 2 2 2 2 2 2 2 0 0 2 2 2 2 0 2 2 1 0 0 2 2 0 2 2 0 0 2 0 0 0 0 2 2 2 2 0 2 0 0 0 2 2 0 2 2 0 0 2 2 0 2 2 2 0 2 0 2 0 0 2 0 2 0 0 0 2 0 0 0 0 0 2 2 2 2 2 0 0 2 2 2 0 0 0 2 0 0 0 0 2 2 2 2 2
854 1 0 2 2 0 2 0 2 2 2 2 2 0 2 2 0 1 2 2 0 2 2 2 2 0 2 0 2 2 2 2 2 0 2 2 2 2 0 2 2 2 0 2 2 2 2 2 2 2 2 2 2 2 2 1 2 2 0 2 0 1 2 2 2 2 1 0 2 2 0 2 2 0 2 0 2 2 2 2 0 2 2 0 0 2 0 2 2 2 2 2 2 2 0 2 0 2 2 2 2 2 2 0 2 1 2 2 2 2 2 0 0 2 2 2 2 2 2 0 0 0 0 2 2 2 0 2 0 2 2 2 2 2 0 2 2 2 2 2 0 2 2 0 2 2 2 2 2 1 2 2 2 2 2 0 2 2 0 2 2 2 2 0 2 0 2 2 2 2 2 2 2 0 2 2 0 2 2 2 2 2 2 0 0 2 2 2 2 2 2 2 2 2 2 2 0 2 2 2 2 2 2 2 0 2 2 0 2 2 2 2 2 2 2 0 2 2 1 2 2 2 0 2 0 2 2 2 2 2 1 2 0 2 2 2 0 2 2 0 2 2 2 2 2 2
855 2 2 2 0 2 0 2 2 0 2 0 0 2 2 2 0 0 0 0 2 2 0 0 2 2 2 0 0 0 0 0 0 2 0 2 1 2 2 2 0 2 2 0 2 2 2 0 2 2 2 0 0 0 0 0 0 2 2 2 2 0 2 2 0 0 2 2 2 2 2 2 0 2 0 0 0 2 0 2 2 0 2 2 2 2 0 2 2 2 2 0 2 2 0 2 2 0 0 2 2 0 0 2 2 2 0 0 0 0 2 2 2 0 2 0 2 0 2 2 2 2 2 2 2 2 2 0 2 2 0 0 2 0 2 2 2 0 2 2 0 2 0 0 0 2 0 2 2 1 2 2 0 0 0 2 2 2 2 0 2 2 2 2 0 0 0 0 2 2 2 2 0 0 2 0 2 2 0 2 2 0 0 2 0 2 2 2 0 2 2 1 0 2 2 0 0 0 2 0 2 2 0 0 2 2 0 2 0 0 0 0 2 2 2 2 0 0 1 2 2 2 0 2 2 2 2 0 0 2 2 2 2 2 0 2 2 2 2 2 2 0 0 2 0 0
856 0 0 2 0 0 2 0 0 2 0 2 0 0 2 2 2 2 0 0 2 2 0 0 2 0 0 2 0 0 0 2 0 0 2 0 1 0 0 2 2 2 0 0 0 0 2 0 0 2 2 0 0 0 0 0 0 0 0 2 2 0 2 0 0 0 0 0 0 2 0 2 2 0 0 2 0 2 0 0 0 2 0 0 0 0 2 2 0 0 0 2 2 0 2 0 0 2 2 0 2 2 2 0 0 1 2 2 0 2 0 0 0 2 0 2 2 2 0 0 0 0 2 2 0 0 0 0 0 0 2 0 0 2 0 2 2 2 0 0 2 0 2 2 2 2 2 2 0 1 2 0 2 0 2 0 0 0 2 2 0 2 2 0 2 2 2 2 1 0 0 0 2 2 0 2 0 2 2 0 0 0 2 2 2 0 0 0 2 2 0 1 2 0 2 2 2 2 2 2 1 2 2 2 0 2 2 0 2 0 2 2 0 2 2 0 0 2 2 0 2 2 2 0 0 0 2 2 0 2 0 2 0 0 2 0 2 2 0 0 0 2 2 0 2 0
857 2 2 2 2 2 0 2 0 2 2 2 0 2 2 0 0 0 0 2 2 0 0 2 2 0 2 0 0 0 2 2 0 2 2 0 0 2 2 2 0 2 2 2 2 2 2 0 2 2 2 0 0 0 2 2 2 0 2 2 2 2 2 2 0 2 2 2 0 0 2 2 2 2 0 0 2 2 0 0 2 2 0 2 2 0 0 2 0 0 0 0 2 2 2 0 2 2 0 0 2 0 0 2 2 1 0 2 2 0 2 2 2 0 2 2 2 0 0 0 2 0 2 2 2 2 2 0 2 0 2 0 0 0 2 0 0 0 0 0 0 2 2 0 2 0 0 0 0 0 2 2 0 0 0 2 2 0 0 2 2 0 2 0 2 0 0 0 0 0 2 0 0 0 0 0 2 0 0 2 2 0 0 0 0 0 2 2 2 0 2 2 0 0 0 0 0 2 2 0 1 0 2 0 0 0 0 2 0 0 0 0 0 2 0 2 0 0 2 2 0 0 2 0 2 0 2 0 0 0 0 2 0 2 0 0 2 0 2 0 0 0 0 2 2 0
858 0 0 0 0 0 0 0 0 0 0 0 0 0 0 0 2 0 0 0 0 0 0 0 0 0 0 0 0 0 0 0 0 0 0 0 0 0 0 0 0 0 0 0 0 0 0 0 0 0 0 0 0 0 0 0 0 0 0 0 0 0 0 0 0 0 0 0 0 2 0 0 0 1 0 0 0 0 0 0 2 2 0 0 0 0 0 0 0 0 0 0 0 0 0 2 0 0 0 0 0 0 0 0 0 0 0 0 0 0 0 0 0 2 0 0 0 0 0 0 0 0 0 0 0 0 0 0 0 0 0 0 0 1 0 0 0 0 0 0 0 0 2 0 0 0 0 0 0 0 0 0 0 0 0 0 0 0 0 0 0 0 0 0 2 0 0 0 0 0 0 0 0 0 0 2 0 0 0 0 0 0 0 0 0 0 0 0 0 1 0 0 2 0 0 0 0 0 0 0 0 0 2 0 0 0 0 0 0 0 0 0 0 0 0 0 0 0 0 0 0 0 0 0 0 0 0 2 0 0 0 0 0 0 1 0 2 0 0 0 2 0 0 0 2 0
859 0 2 0 0 2 2 0 2 0 0 0 0 2 0 2 0 2 0 0 0 0 0 2 0 0 0 0 0 0 0 0 0 2 2 0 0 0 0 0 0 0 2 0 0 0 0 2 0 0 0 0 2 2 0 2 2 0 0 0 0 0 0 2 0 0 2 0 0 0 0 2 2 2 2 2 0 0 0 0 0 0 0 0 2 0 0 0 0 0 0 2 0 2 0 0 2 0 2 2 0 2 2 2 0 2 2 0 0 2 2 2 0 0 0 0 2 2 0 0 2 0 0 0 0 0 0 0 2 2 0 2 2 2 2 2 2 2 0 2 2 0 2 0 2 0 2 2 2 1 0 2 0 0 2 2 2 2 0 2 0 2 2 0 2 2 0 0 0 0 0 2 2 2 2 2 0 0 2 0 0 0 0 0 0 2 2 0 0 2 0 0 2 0 0 1 0 2 0 2 1 2 2 2 0 2 0 0 2 2 0 2 2 0 0 2 0 2 0 2 0 0 0 0 2 2 0 2 2 0 0 0 2 0 2 2 0 0 0 0 0 2 2 2 2 2
860 2 2 2 2 2 2 2 2 2 2 2 2 2 0 2 2 0 2 2 2 2 2 2 0 2 2 0 2 2 2 2 2 2 2 2 1 2 2 2 2 2 2 2 2 2 2 2 2 2 2 2 0 2 2 2 2 0 2 2 2 2 2 2 2 2 2 2 2 2 2 2 0 2 2 0 2 2 2 2 2 2 0 2 2 2 2 2 2 2 2 2 2 2 0 2 2 2 2 2 2 2 2 2 2 2 2 2 0 2 2 2 2 2 2 2 2 2 2 2 2 0 2 2 2 2 2 2 2 2 2 2 2 2 2 2 2 2 2 2 2 2 2 2 2 2 2 2 0 2 2 2 2 2 2 2 2 2 2 2 2 2 2 2 2 2 2 2 2 2 2 2 2 2 0 2 2 2 2 2 2 2 2 2 0 2 0 2 0 2 2 2 0 2 2 2 0 2 2 2 2 2 0 2 2 2 2 2 2 2 2 0 0 2 2 2 2 2 0 2 2 2 0 2 2 2 2 0 2 2 2 2 2 2 2 0 2 2 2 2 2 2 2 2 2 2
861 2 2 2 2 2 2 2 2 2 2 2 2 2 2 2 2 2 2 2 2 2 2 2 2 2 2 2 2 2 2 2 2 2 2 2 2 2 2 2 2 2 2 2 2 2 2 2 2 2 2 2 2 2 2 2 2 2 2 2 2 2 2 2 2 2 2 2 2 2 2 2 2 2 2 2 2 2 2 2 2 0 2 2 2 2 2 2 2 2 2 0 2 2 2 2 2 2 2 2 2 0 0 2 2 2 2 2 2 2 2 2 2 2 2 2 2 2 2 2 2 2 2 2 2 2 2 2 2 2 2 2 2 0 2 2 2 0 0 2 2 2 2 2 2 2 2 2 2 2 2 2 2 2 2 2 2 2 2 2 2 2 2 2 2 2 2 2 2 2 2 2 2 2 2 0 2 2 2 2 2 2 2 0 2 2 2 2 2 2 2 2 2 2 2 1 2 2 2 2 2 2 2 0 2 2 2 2 2 2 2 2 2 2 2 2 2 0 2 2 2 2 2 2 2 2 2 2 0 2 2 2 2 2 2 2 2 2 2 2 2 2 2 0 2 2
862 2 2 2 2 2 2 2 2 2 2 2 2 2 2 2 2 2 2 2 2 2 2 2 2 2 2 2 2 2 2 2 2 2 2 2 2 1 2 2 0 0 2 2 2 2 1 2 2 2 0 2 2 2 2 2 2 2 2 1 2 2 2 2 2 2 2 2 0 2 2 2 2 2 2 2 2 1 2 2 2 2 2 2 2 2 2 2 2 2 2 2 2 2 2 2 2 2 2 2 1 2 2 2 2 2 2 2 2 2 2 2 2 2 2 2 2 2 2 2 2 2 2 2 2 2 2 2 2 2 2 1 2 2 2 2 2 2 2 2 2 2 2 2 2 2 2 2 2 2 2 2 2 2 2 2 2 2 2 2 2 2 2 2 2 2 2 2 2 2 2 2 2 2 2 2 2 0 2 2 2 0 2 2 2 2 2 0 2 2 2 2 2 2 2 2 2 2 2 2 2 2 2 2 2 2 2 2 2 2 2 2 2 1 2 2 2 2 2 2 2 2 2 0 2 2 2 2 2 2 2 2 2 2 0 2 0 2 2 2 2 2 2 2 2 2
863 0 0 0 0 0 2 0 0 0 0 0 0 0 0 0 0 0 0 0 0 0 0 2 0 0 0 2 0 0 0 0 0 0 0 2 1 0 2 0 0 0 2 0 0 0 0 0 0 0 0 0 2 2 0 2 2 2 2 0 0 0 0 0 0 0 0 2 0 2 0 0 0 0 2 0 0 0 0 2 0 0 0 0 0 0 2 0 0 0 2 2 0 0 0 0 0 0 2 0 0 0 2 0 0 0 2 0 0 2 0 2 0 0 0 0 0 2 0 0 0 2 0 0 0 0 0 0 0 2 0 0 0 2 0 0 2 0 2 2 2 0 0 2 2 0 2 0 2 1 0 2 0 0 2 0 0 2 2 2 0 0 0 0 0 0 0 0 0 0 0 0 2 2 2 0 0 0 2 0 0 0 0 0 2 0 2 0 2 0 0 0 0 0 2 0 2 0 0 0 1 2 0 2 0 0 0 0 0 0 0 0 0 0 0 2 0 2 0 0 0 0 0 0 0 0 0 0 0 0 0 0 0 0 0 0 0 2 0 0 0 2 2 2 2 0
864 2 2 2 2 2 2 0 2 2 2 2 2 2 2 2 2 2 2 2 2 0 2 2 2 2 2 2 2 2 2 2 2 2 2 2 2 2 2 2 2 0 2 2 2 2 2 2 2 2 2 2 0 0 2 2 2 2 2 2 0 1 2 2 2 2 2 2 2 2 0 0 2 0 0 2 2 2 2 2 2 2 2 2 0 2 2 2 2 0 2 2 2 2 2 2 2 0 2 2 2 2 2 2 0 1 2 2 2 2 2 2 0 0 0 2 0 2 0 0 2 2 2 0 0 2 0 2 0 2 2 2 2 2 2 2 2 2 2 0 2 2 2 2 2 2 2 2 0 2 2 0 2 0 2 0 2 2 2 2 2 0 0 2 2 2 2 2 1 2 2 0 2 2 2 2 0 2 2 2 2 2 2 0 2 2 2 0 2 2 2 2 2 2 2 2 2 2 2 2 2 2 0 2 0 2 2 2 2 2 2 2 0 2 2 0 2 2 1 0 0 2 2 2 0 0 2 2 0 0 0 0 2 2 2 0 2 2 2 0 2 2 2 2 2 2
865 0 2 0 0 0 2 0 0 0 2 0 0 0 2 2 0 2 0 0 2 2 0 0 2 2 2 2 0 0 0 0 0 2 2 2 1 2 0 0 0 2 0 2 0 0 0 2 0 0 0 0 0 0 2 0 0 2 0 0 0 0 0 2 0 0 0 0 2 2 0 2 0 0 0 2 0 0 0 0 0 2 2 0 0 0 2 0 0 0 2 2 0 2 0 2 2 0 2 0 0 2 2 2 0 0 2 0 0 0 2 0 0 0 2 0 2 2 0 0 2 2 0 2 0 0 0 0 0 2 0 2 0 2 2 0 2 2 0 0 2 0 2 2 0 2 2 0 0 2 0 0 0 0 2 0 0 2 2 0 2 0 2 2 2 2 0 2 1 0 2 2 2 2 0 0 0 2 2 2 2 0 0 2 2 2 2 0 2 2 2 2 2 0 2 1 2 0 0 2 1 2 2 2 2 0 2 0 2 2 0 2 0 0 2 2 0 2 1 0 0 2 0 2 0 2 0 2 0 0 0 0 0 2 0 0 2 2 2 0 2 2 2 2 2 0
866 0 1 0 0 0 0 0 0 0 0 0 0 0 0 0 0 0 0 0 0 0 0 0 0 2 0 0 0 0 0 2 0 0 0 0 0 0 2 2 2 0 0 0 0 0 0 0 0 0 0 0 0 0 0 0 1 0 2 0 0 0 0 0 0 0 0 2 0 2 0 0 0 0 0 0 0 0 0 0 2 0 0 0 0 0 0 0 0 0 0 0 2 0 0 0 0 2 2 0 0 0 0 0 0 0 0 0 0 0 2 0 0 0 0 2 0 0 0 0 0 0 0 2 0 0 0 0 0 0 0 0 0 0 1 2 0 0 0 0 0 0 0 0 1 0 0 0 0 0 0 2 0 0 0 1 0 0 0 1 0 0 0 0 0 0 0 0 2 0 0 0 0 0 0 0 0 0 0 0 0 2 0 0 0 0 0 0 1 0 0 0 0 0 2 0 0 0 0 0 0 2 0 0 0 2 0 0 0 0 0 0 0 0 0 0 0 0 0 0 2 0 0 0 0 0 0 0 0 0 0 0 0 0 0 0 0 0 0 0 0 0 0 0 0 0
867 2 0 0 0 0 0 0 0 0 2 2 0 0 2 0 0 0 2 2 2 2 0 0 2 0 0 0 0 1 2 0 0 2 0 2 0 0 0 0 2 0 0 0 0 2 0 0 0 0 2 0 0 0 0 0 0 0 0 0 0 1 2 2 0 0 0 0 0 2 0 0 2 0 0 0 2 0 0 0 0 2 1 2 0 0 0 0 0 0 2 2 0 1 0 0 2 2 2 0 0 2 0 0 0 1 0 0 0 2 0 0 0 0 0 0 2 0 0 2 2 0 2 0 2 0 0 0 2 2 0 0 0 0 2 0 0 0 0 0 0 2 2 0 0 0 0 0 0 0 0 2 0 2 0 0 0 2 0 0 2 0 0 0 0 0 0 2 1 0 2 0 2 2 0 2 0 0 0 2 2 0 0 0 0 0 2 2 0 0 2 2 0 0 0 1 0 0 0 0 1 0 2 2 0 0 2 0 0 0 2 0 2 0 0 2 0 2 1 0 2 0 0 0 0 0 0 0 0 2 0 0 0 2 2 2 0 2 2 2 0 0 0 0 0 0
868 2 2 2 2 2 2 2 0 2 2 2 2 2 2 2 2 2 0 2 2 0 2 0 2 0 2 2 2 0 2 2 2 2 2 2 2 2 0 2 2 2 0 2 2 2 2 2 2 2 2 2 2 2 2 0 0 2 0 2 2 2 2 2 2 2 2 0 2 2 2 2 2 2 2 2 2 2 2 2 2 2 2 2 2 2 2 2 2 2 2 2 2 0 2 2 2 2 2 0 2 2 2 2 2 2 2 2 2 2 2 0 2 2 2 2 2 2 2 2 2 2 2 2 2 2 2 2 2 2 2 2 2 2 2 2 2 2 2 2 2 2 2 2 0 2 2 2 2 2 2 2 0 2 2 2 2 2 2 0 2 2 2 2 2 2 2 2 2 2 2 2 2 2 2 2 2 2 2 2 2 2 2 2 2 2 2 2 2 2 2 2 2 2 2 2 2 2 2 2 2 2 2 2 2 2 2 2 2 2 2 0 2 2 2 2 2 2 1 2 2 2 0 2 2 2 2 2 2 2 2 2 2 2 2 2 2 2 2 2 2 2 2 0 2 2
869 2 2 2 2 2 2 2 2 2 2 2 2 2 2 2 0 2 2 2 2 2 2 2 2 2 2 2 2 2 2 2 2 2 2 0 2 2 2 2 2 2 2 2 2 2 2 2 2 2 2 2 0 2 2 2 2 2 2 2 2 2 2 2 2 2 2 2 2 2 2 2 2 2 2 2 2 2 2 2 2 0 1 2 2 2 2 2 2 2 0 2 2 2 2 2 2 2 2 2 2 0 2 2 2 2 2 0 2 2 2 2 2 2 2 2 2 2 2 2 2 0 2 2 2 2 2 2 0 0 0 2 2 2 2 2 2 0 2 2 2 2 0 2 2 2 2 2 2 2 2 2 2 2 2 2 2 0 0 2 2 0 2 2 0 2 2 0 2 2 2 2 2 2 2 0 2 2 2 2 2 2 2 2 2 2 0 2 2 0 2 2 2 2 2 0 2 2 2 2 2 2 2 0 2 2 2 2 2 2 2 2 2 2 2 2 2 0 2 2 2 2 2 2 2 2 2 2 0 2 2 2 0 2 0 2 2 2 2 2 2 2 2 2 2 0
870 2 0 0 0 0 0 0 0 0 0 0 0 0 2 2 2 0 0 0 0 0 0 0 2 0 0 0 0 0 0 0 0 0 0 0 0 0 0 0 0 0 0 2 2 0 0 2 0 0 0 0 2 2 0 0 0 2 0 0 0 0 0 0 0 2 0 0 0 2 0 2 0 0 2 0 0 0 0 0 0 0 0 0 0 0 0 0 0 2 0 0 0 0 0 0 0 0 0 0 0 0 0 0 0 2 0 0 0 2 0 0 2 0 0 0 0 0 2 0 0 0 0 0 2 0 0 0 0 0 0 0 0 0 0 0 0 0 0 2 0 2 0 0 0 0 0 2 0 1 0 0 2 2 2 0 2 0 0 0 2 0 0 2 0 0 2 0 1 2 2 0 0 0 0 0 0 0 2 2 2 2 2 2 0 0 0 0 0 0 2 1 0 0 0 0 0 0 0 0 2 0 0 0 2 0 0 0 0 2 0 2 0 0 0 0 0 0 0 0 0 0 0 0 0 0 0 0 2 0 0 0 0 2 0 0 0 0 2 0 0 0 2 0 0 0
871 0 2 0 0 2 2 2 2 2 0 0 0 2 0 2 2 2 0 2 0 2 0 2 0 2 0 0 0 0 2 2 0 2 2 2 2 2 2 0 2 0 0 0 2 2 0 2 2 0 2 0 2 2 2 2 2 2 2 0 0 2 2 2 2 0 2 2 2 2 0 2 0 2 2 2 2 0 0 2 2 2 2 2 2 2 2 0 2 0 2 2 0 0 2 2 2 2 2 2 0 2 2 2 2 1 2 2 2 2 0 0 2 2 2 2 0 2 0 2 2 2 2 2 2 2 2 0 2 2 2 2 2 2 2 2 2 2 0 2 0 0 2 0 2 2 2 2 2 2 2 2 2 2 2 2 2 2 2 2 2 0 2 2 2 2 2 2 1 2 2 2 0 2 2 2 2 2 2 2 0 2 2 2 0 2 2 2 2 2 0 1 2 2 2 2 2 2 2 2 1 2 0 2 2 2 2 2 2 2 2 2 2 0 2 2 2 2 2 2 0 2 2 2 2 2 2 2 2 0 0 2 2 0 2 2 2 2 0 2 2 2 2 2 2 2
872 2 0 2 2 2 2 2 2 2 2 2 2 2 2 2 2 2 2 2 2 2 2 2 2 0 2 2 2 2 2 2 2 0 2 2 2 2 2 2 2 2 2 2 2 2 2 2 2 2 2 2 2 2 0 2 2 2 2 2 2 2 2 2 0 2 2 2 0 2 2 2 2 0 2 2 2 2 2 0 2 2 1 2 0 2 2 2 0 2 2 2 2 2 2 2 0 2 2 2 2 2 2 0 2 2 2 2 0 2 2 2 2 2 2 2 2 2 2 2 0 2 2 2 2 2 2 2 2 2 2 2 2 2 0 2 2 2 2 2 2 2 2 2 2 0 2 2 2 2 2 2 0 2 2 2 0 2 2 2 2 2 2 2 2 2 2 2 2 2 2 2 2 2 2 2 2 0 2 2 2 2 2 2 2 2 2 2 2 2 2 2 2 0 2 2 2 0 2 2 2 2 2 2 2 2 2 2 2 2 2 2 2 2 0 2 0 2 2 2 2 2 2 0 0 2 2 2 2 2 2 2 2 2 2 2 2 2 2 2 2 2 2 2 2 2
873 2 2 2 2 2 2 2 2 2 2 2 2 2 2 2 2 2 0 0 2 2 2 2 2 2 2 2 2 0 0 0 2 2 2 2 2 2 2 2 2 2 2 2 2 0 2 2 2 2 0 2 2 2 2 2 2 2 2 2 2 2 0 2 2 2 2 2 2 2 2 2 2 2 2 2 0 2 2 2 2 2 2 2 2 2 2 2 2 2 2 2 2 2 2 2 2 0 2 2 2 2 2 2 0 2 2 2 2 2 2 2 0 2 2 0 2 2 2 2 2 2 2 2 2 2 2 2 2 2 2 2 2 2 2 2 2 2 2 2 2 2 2 2 2 2 2 2 2 2 2 2 2 2 2 2 2 2 2 2 2 0 2 2 2 2 2 2 2 2 2 2 2 2 2 2 2 2 2 2 2 2 2 2 2 2 2 2 2 2 2 2 2 2 2 2 2 2 2 2 2 2 2 2 2 2 2 2 2 2 2 2 2 2 2 2 2 2 2 2 2 2 2 2 2 2 2 2 2 0 2 2 2 2 2 2 2 2 2 2 2 2 2 2 2 2
874 2 2 2 0 2 2 2 2 2 0 2 0 2 2 0 2 2 2 0 0 2 0 2 2 2 2 2 0 2 0 0 0 2 2 2 2 2 0 2 0 0 2 0 2 0 2 2 2 2 0 2 0 2 0 2 2 2 0 2 0 0 0 2 2 2 2 0 0 2 2 2 0 2 2 2 0 2 0 0 2 2 2 2 2 2 2 2 2 2 2 2 2 2 0 2 2 2 2 2 2 2 2 2 0 2 2 2 0 2 2 2 2 0 0 0 0 2 2 2 2 2 0 2 2 2 2 0 2 2 2 2 2 2 2 2 2 2 2 1 2 2 2 1 2 2 2 0 2 0 2 2 2 0 2 2 2 2 2 2 0 2 2 0 2 2 2 2 0 2 0 2 2 2 2 2 0 2 2 0 2 2 0 1 2 2 2 2 2 2 2 2 2 2 2 2 2 0 2 2 2 2 2 2 0 2 2 2 2 2 2 2 2 2 2 2 2 2 2 2 0 2 2 0 2 2 0 2 2 2 2 2 2 2 2 2 2 2 2 2 2 2 2 0 2 2
875 2 2 2 0 2 2 2 2 2 2 2 2 2 2 0 2 2 2 0 0 2 2 2 2 2 2 2 2 2 0 0 2 2 2 2 2 2 2 0 0 2 2 0 2 0 2 2 2 2 0 2 2 2 2 2 2 2 2 2 2 2 0 2 2 2 2 2 2 2 2 2 0 2 2 2 0 2 2 2 2 2 2 2 2 2 2 2 2 2 2 2 0 2 2 2 2 2 2 2 2 2 2 2 0 2 2 2 2 0 2 2 2 2 2 0 2 2 2 2 2 2 0 2 2 2 2 2 2 2 2 2 2 2 2 2 2 2 2 2 2 2 2 2 2 2 2 2 2 1 2 2 0 2 2 2 2 2 2 2 2 2 2 0 2 2 2 2 1 2 2 2 2 2 2 2 2 2 2 2 2 0 2 2 2 2 2 2 2 2 2 2 2 2 2 2 2 2 2 2 2 2 2 2 2 2 2 2 2 2 2 2 2 2 2 2 2 2 2 2 2 2 2 2 2 2 0 2 2 2 2 2 2 2 2 2 2 2 2 2 2 2 2 0 2 2
876 2 2 2 2 2 2 2 2 0 2 2 2 2 2 2 2 2 2 2 2 2 2 2 2 2 2 2 2 2 2 2 2 2 2 2 2 2 2 2 2 0 2 2 2 2 2 2 2 2 2 2 2 2 0 2 2 2 2 2 0 0 2 2 2 2 2 2 2 0 2 2 2 2 2 2 2 2 2 2 2 2 2 2 2 2 2 2 2 2 2 2 2 2 2 2 2 2 2 2 2 2 2 2 2 2 2 2 2 2 2 2 2 2 2 2 2 2 2 2 2 2 2 0 2 0 2 2 2 2 2 0 2 2 2 2 2 2 2 2 2 2 2 2 2 2 2 2 2 2 2 2 2 2 2 2 2 2 2 2 0 2 2 2 2 2 2 2 1 2 0 2 2 2 2 2 2 2 2 0 2 2 2 2 2 2 2 2 2 2 2 2 2 2 2 2 2 2 2 2 2 2 2 2 2 2 2 2 2 2 2 2 2 2 2 2 0 2 2 2 0 2 2 2 2 2 2 2 2 2 2 2 2 2 2 2 2 2 2 2 2 2 2 2 2 2
877 2 2 2 2 2 2 2 2 2 0 2 2 2 2 2 2 2 2 0 0 2 2 2 2 2 2 2 2 2 0 2 2 2 2 2 2 2 2 2 2 2 2 2 2 0 2 2 2 2 2 0 2 2 2 2 2 2 2 2 2 2 0 2 2 2 2 2 2 2 2 2 2 2 2 2 0 2 2 2 2 2 2 2 2 2 2 2 2 2 2 2 2 2 2 2 2 2 2 2 2 2 2 2 2 2 2 0 2 2 2 2 2 2 2 2 2 2 2 2 2 2 2 2 2 2 2 2 2 2 2 2 2 2 2 2 2 2 2 2 2 2 2 2 2 2 2 2 2 2 2 2 2 2 0 2 2 2 2 2 2 2 2 2 2 2 2 2 2 2 2 2 2 2 2 2 2 2 0 2 2 2 0 2 2 2 2 2 2 2 2 2 2 2 2 2 2 2 2 2 2 2 2 2 2 2 2 2 2 2 2 2 2 2 2 2 2 2 2 2 2 2 2 2 2 2 2 2 0 2 2 2 2 2 2 2 2 2 2 2 2 2 0 2 2 2
878 2 2 2 2 2 2 2 2 2 2 2 0 2 2 2 2 2 2 2 2 2 0 2 2 2 0 2 0 2 2 2 0 2 2 2 2 2 2 2 2 2 2 2 2 2 2 2 2 2 2 2 2 2 2 2 2 2 2 2 2 2 2 2 2 2 2 2 2 2 2 2 2 2 2 2 2 2 0 2 2 0 2 2 2 2 0 2 2 0 2 2 2 2 2 2 2 2 2 2 2 2 2 2 2 1 0 2 2 2 2 2 2 2 2 2 2 2 2 2 2 2 2 2 2 2 2 2 2 2 2 2 2 2 2 2 0 2 2 2 0 2 2 2 2 2 2 2 2 2 2 2 2 2 2 2 2 2 2 2 2 2 2 2 2 0 2 2 2 2 2 2 2 2 2 2 2 2 2 2 2 2 2 2 2 2 2 2 0 2 2 2 2 2 2 2 0 2 2 0 1 2 2 0 2 2 2 2 0 2 2 2 2 2 2 0 2 0 2 2 2 2 2 2 2 2 2 2 2 2 2 2 2 2 2 2 0 2 2 2 2 2 2 2 0 2
879 0 0 0 0 0 2 0 2 2 0 0 2 0 0 0 2 2 0 2 0 2 2 0 0 2 2 2 2 0 2 2 2 0 0 2 1 2 2 2 0 0 0 2 0 2 0 0 2 0 2 0 0 2 0 0 0 0 2 0 0 2 2 0 2 0 0 2 0 2 2 2 2 2 2 2 2 0 2 2 2 2 0 0 2 2 2 0 0 2 2 2 2 2 2 2 0 0 0 2 0 0 2 0 2 1 0 2 0 0 2 0 0 2 0 2 2 2 0 2 0 2 0 0 0 2 0 0 0 2 0 2 0 2 0 2 2 2 2 0 2 0 2 2 2 0 2 0 0 1 0 2 0 0 2 2 0 2 2 2 0 0 2 0 0 2 0 2 0 0 0 2 2 0 2 2 2 2 2 0 0 2 0 0 2 0 2 2 0 2 0 0 2 0 2 2 2 0 2 2 0 0 2 2 2 2 2 2 2 0 0 2 2 0 0 2 0 2 1 2 0 0 0 0 2 2 0 2 2 0 2 2 0 0 2 2 0 2 0 2 2 2 2 0 2 0
880 2 2 2 2 2 0 2 2 2 2 2 2 2 2 2 0 2 2 2 2 2 2 2 2 2 2 0 2 2 2 2 2 2 2 0 1 2 2 2 2 2 2 2 2 2 2 2 2 2 2 2 2 2 2 2 2 2 2 2 2 2 2 2 2 2 2 2 2 2 2 2 2 2 2 2 2 2 2 2 0 2 2 2 2 0 0 2 2 2 0 2 2 2 2 2 2 2 2 2 2 2 0 2 2 2 2 0 2 2 2 2 2 2 2 2 2 0 2 2 2 2 2 2 2 2 2 2 2 0 2 2 2 0 2 0 0 2 2 2 0 2 2 0 2 2 0 2 2 1 2 2 2 2 0 2 2 0 2 2 2 2 0 2 2 2 2 0 2 2 2 0 0 2 2 0 2 2 0 2 2 2 2 2 0 2 0 2 0 2 2 2 0 2 2 0 0 2 0 0 2 2 0 0 2 0 0 0 0 2 2 2 2 2 2 2 2 0 1 2 2 2 2 2 2 0 2 0 2 2 0 0 2 2 2 2 2 2 2 2 2 0 0 2 0 2
881 2 2 0 2 2 2 2 2 2 2 2 2 2 2 2 2 2 2 2 2 2 2 2 2 2 2 2 2 2 2 2 2 2 2 2 2 2 2 2 0 2 2 2 2 2 0 2 2 0 2 2 2 2 2 2 2 2 2 0 0 2 2 2 2 2 2 2 2 2 2 2 2 2 2 2 2 0 2 2 2 2 2 2 2 2 2 1 0 2 2 2 2 2 2 2 2 2 2 2 0 2 2 2 2 2 2 2 2 2 2 2 2 2 2 2 2 2 2 2 2 2 0 2 2 2 2 2 2 2 2 2 2 2 2 2 2 2 2 2 2 2 2 2 2 2 2 2 2 2 2 2 2 2 2 2 2 2 2 2 2 2 2 2 2 2 2 2 2 2 2 2 2 2 2 2 2 2 2 2 2 2 2 2 2 2 2 2 2 2 2 2 2 0 2 2 2 2 2 2 2 2 2 2 2 2 2 2 2 2 2 2 2 0 2 2 2 2 2 2 2 2 2 2 2 2 2 2 2 2 2 2 2 2 2 2 2 2 2 2 2 2 2 2 2 2
882 0 2 2 2 2 2 0 0 2 2 2 2 2 2 0 2 2 2 2 2 2 2 2 2 0 2 2 2 2 2 2 2 2 2 2 2 2 2 2 2 0 2 2 2 2 2 2 2 2 2 0 2 2 2 2 2 2 2 2 2 2 2 0 2 2 2 2 2 2 2 2 2 2 2 2 2 2 2 2 2 2 2 0 2 2 2 2 2 2 2 2 2 0 2 2 2 2 2 0 2 2 2 2 2 2 0 2 2 2 2 2 0 2 2 2 2 2 2 0 2 2 2 2 2 2 0 0 2 2 0 2 2 2 2 2 2 2 2 2 2 0 2 2 2 2 2 2 2 1 2 2 2 2 2 2 2 2 2 2 2 2 2 0 2 2 2 2 2 2 2 2 2 2 0 2 2 2 2 2 2 2 2 2 2 2 2 2 2 2 2 1 2 2 0 2 2 0 2 2 2 0 2 2 0 2 2 2 2 2 2 0 2 2 2 2 2 2 1 2 2 2 0 2 0 2 2 2 2 0 2 2 0 2 2 2 0 0 2 0 2 2 2 0 2 2
883 2 2 2 2 2 2 0 2 2 2 2 2 2 2 2 2 2 2 2 2 2 2 2 2 2 2 2 2 2 2 2 2 2 2 2 2 2 2 2 2 2 2 0 2 2 2 2 2 2 2 2 2 2 2 2 2 2 2 2 2 2 2 2 2 2 2 2 2 2 0 2 2 0 2 2 2 2 2 2 2 2 2 0 0 2 2 2 2 2 2 2 2 2 2 2 2 2 2 2 2 2 2 2 2 1 2 2 2 0 2 2 0 2 2 2 2 2 2 2 2 2 2 2 2 2 0 2 2 2 2 0 2 2 2 2 2 2 2 2 2 2 2 2 2 2 2 2 2 2 2 2 2 2 2 2 2 2 2 2 2 2 2 2 2 2 2 2 2 2 2 2 2 2 2 2 2 2 2 2 2 0 2 2 2 2 2 2 2 2 2 2 2 2 2 2 2 2 2 2 1 2 2 2 2 2 2 2 2 2 2 2 2 2 2 2 2 2 2 2 2 2 2 2 0 2 2 2 2 2 2 2 2 2 2 2 2 2 2 2 2 2 2 2 2 2
884 2 2 0 2 2 2 2 2 2 2 0 0 2 2 0 0 0 2 0 0 0 0 0 2 0 0 2 0 2 0 0 0 2 2 0 1 2 2 2 0 2 0 0 2 2 0 0 2 0 0 0 0 2 2 0 0 2 2 0 0 0 0 2 2 2 2 2 0 0 0 0 2 0 2 0 0 0 0 2 2 2 1 0 0 0 2 0 0 2 0 0 2 2 0 2 2 2 2 2 0 0 0 2 0 2 0 2 2 2 2 0 0 0 2 0 2 2 2 2 2 2 0 2 2 2 2 2 2 1 2 2 2 0 2 0 2 0 0 2 0 2 0 0 2 2 2 0 0 1 2 2 2 0 2 2 2 1 0 2 2 2 2 0 2 0 2 0 1 2 2 2 2 0 1 0 2 2 2 2 2 1 0 0 2 0 2 2 0 0 2 2 0 0 0 0 2 1 0 2 1 2 2 2 0 0 0 1 2 0 2 0 2 0 2 2 0 2 2 2 2 2 2 0 0 2 2 0 2 0 2 0 2 2 2 2 0 0 2 2 0 2 2 0 2 2
885 2 2 0 2 2 2 0 2 2 2 0 2 2 2 2 2 2 0 2 2 0 2 2 2 2 2 2 2 0 2 0 2 2 2 2 2 2 2 0 0 2 2 2 2 2 0 2 2 0 0 2 2 2 2 2 2 2 2 0 0 2 2 2 2 2 2 2 2 2 2 2 0 2 2 2 2 0 2 2 0 2 1 2 2 2 2 0 2 2 2 2 0 2 2 2 2 2 2 2 0 2 2 2 0 2 2 2 0 0 2 2 2 2 2 0 2 2 2 2 2 2 2 2 2 2 0 2 2 2 2 2 2 2 2 2 2 2 2 2 2 2 2 2 2 2 2 2 2 2 2 2 0 2 2 2 2 2 2 2 2 0 2 2 2 2 2 2 2 2 2 2 2 2 2 2 2 2 2 2 2 2 0 2 2 0 2 2 2 2 2 2 2 2 2 2 2 2 2 2 2 2 2 2 2 2 2 2 2 2 2 2 2 0 2 2 2 2 2 2 2 2 2 2 0 2 0 2 2 2 2 2 2 2 2 2 0 2 2 2 2 2 2 2 2 2
886 2 0 2 2 0 0 2 0 2 2 2 2 0 2 0 2 2 2 2 2 2 2 0 2 2 2 0 2 2 2 2 2 2 2 0 0 2 2 2 2 2 2 2 2 2 2 2 2 2 2 2 2 2 2 0 0 0 2 2 2 2 2 2 2 2 0 2 2 2 2 2 2 2 2 2 2 2 2 2 2 2 2 2 2 0 0 2 2 2 0 2 2 2 2 2 2 0 2 0 2 0 2 0 2 2 2 0 0 0 2 2 2 2 2 2 2 0 2 0 2 0 2 2 2 2 2 2 0 0 2 0 2 0 2 2 0 0 2 2 2 2 2 0 2 2 2 2 0 1 2 2 2 2 0 2 2 0 0 2 2 2 2 2 2 2 2 2 2 2 2 2 0 0 2 2 0 2 0 2 2 2 2 0 0 2 2 2 2 2 2 1 0 2 0 1 0 2 2 2 2 0 0 0 2 2 0 2 2 2 0 2 2 2 2 2 2 0 2 2 2 2 2 2 0 2 2 0 2 2 2 2 2 2 2 2 2 0 2 0 0 0 0 0 2 2
887 2 2 2 2 2 2 2 2 0 2 2 2 2 2 2 2 2 2 0 2 2 2 2 2 2 2 2 2 2 0 2 2 2 2 2 2 2 2 2 0 2 0 2 2 2 2 2 2 2 2 2 2 2 0 2 2 2 2 2 2 2 0 2 2 2 2 2 0 2 2 2 2 2 2 2 0 2 2 2 2 2 1 2 2 2 2 2 2 2 2 2 2 2 2 2 2 2 2 2 2 2 2 2 2 2 2 0 2 2 2 0 2 2 2 2 2 2 2 2 2 2 2 2 2 2 2 0 2 2 2 2 2 2 2 2 2 2 2 0 2 2 0 2 2 2 2 2 2 2 2 2 2 2 2 2 0 2 2 2 2 2 2 2 2 2 2 2 2 2 2 2 2 2 0 2 2 2 2 2 2 2 2 2 2 2 2 2 2 0 2 2 2 2 2 1 2 2 2 0 2 2 0 2 2 2 2 2 0 2 2 2 2 2 2 2 0 2 2 2 2 2 2 0 2 2 2 2 2 2 0 2 2 2 2 2 2 2 2 2 2 2 2 2 2 2
888 2 2 2 2 2 2 2 2 2 2 2 2 2 2 2 2 2 2 2 2 0 2 2 2 2 2 2 2 2 2 2 2 2 2 2 2 2 2 2 2 2 2 2 2 2 2 2 2 2 2 2 2 2 2 2 2 2 2 2 2 2 2 2 2 2 2 2 2 2 2 2 2 2 2 2 2 2 2 2 2 2 2 2 2 2 2 2 2 2 2 2 2 2 2 2 2 2 2 2 2 0 0 2 2 2 2 2 2 2 2 2 0 2 2 2 2 2 2 2 2 2 2 2 2 2 2 2 2 2 0 2 2 2 2 0 2 0 2 2 2 2 2 2 2 2 2 2 2 2 2 2 2 2 2 2 2 2 0 2 2 2 2 2 0 2 2 2 2 2 2 2 2 2 2 0 2 2 2 2 2 2 2 2 2 2 2 2 2 2 2 2 2 2 0 2 2 2 2 0 2 2 2 2 2 0 2 2 0 2 2 2 2 2 2 2 2 2 2 2 2 2 2 2 2 2 2 2 0 2 0 2 0 2 2 2 2 0 2 2 0 2 2 2 2 0
889 0 0 0 0 0 2 0 2 0 0 0 0 0 0 0 2 0 0 0 0 0 0 0 0 0 0 0 0 0 0 0 0 0 0 0 0 0 0 0 0 0 0 0 0 0 0 0 0 0 0 0 0 2 0 0 0 0 0 0 0 0 0 0 0 0 0 0 0 2 0 0 0 0 2 0 0 0 0 0 0 0 0 2 0 0 0 0 0 0 0 0 0 0 0 0 0 0 2 2 0 0 0 0 0 0 0 0 0 0 0 0 0 0 0 0 0 2 0 0 0 0 0 0 0 0 0 0 0 0 0 0 0 0 0 0 0 0 0 0 0 0 0 0 0 0 2 0 0 1 2 0 0 0 0 0 0 0 0 0 0 0 2 0 0 0 0 2 0 0 0 2 2 0 0 0 0 0 0 0 0 0 0 2 0 0 0 0 0 0 0 0 2 0 0 0 0 0 2 0 1 0 0 0 0 0 2 0 0 0 0 0 0 0 0 0 0 0 0 0 0 0 0 0 0 2 0 2 0 0 0 0 0 0 0 0 0 0 0 0 0 2 0 0 0 0
890 2 2 2 2 0 2 0 2 2 2 2 2 0 2 0 2 2 2 2 2 2 2 2 2 0 2 2 2 2 2 2 2 0 2 2 2 2 2 2 2 2 2 2 2 2 2 2 2 2 2 2 2 2 2 2 2 2 2 2 2 2 2 2 2 2 0 2 2 2 0 2 2 2 2 2 2 2 2 0 2 2 2 2 2 2 2 2 2 2 2 2 2 2 2 0 0 2 2 2 2 2 2 2 2 2 2 2 2 2 2 2 2 2 2 2 2 2 2 0 0 2 2 2 2 0 0 2 2 2 0 2 2 2 0 2 2 2 2 2 2 2 2 2 2 2 2 2 2 1 2 0 2 2 2 0 2 2 2 2 2 2 2 2 2 0 2 2 2 2 2 2 2 2 2 2 0 2 2 2 2 2 2 2 2 2 2 0 2 2 2 2 2 2 2 2 2 0 2 2 2 0 2 2 0 2 0 0 2 2 0 2 2 2 2 0 2 2 2 0 2 2 2 2 0 2 0 2 2 0 2 2 0 2 2 2 2 2 2 0 2 2 2 2 2 2
891 2 2 2 2 2 2 2 2 2 2 2 2 2 2 2 2 2 2 2 2 2 2 2 2 2 0 0 2 2 2 2 2 2 2 2 2 2 2 2 2 0 2 2 2 2 2 2 2 2 2 2 2 2 2 2 2 2 2 2 2 2 2 2 2 2 2 2 2 2 2 2 2 2 2 2 2 2 2 2 2 0 2 2 2 2 2 2 2 2 2 0 2 2 2 0 2 2 2 2 2 2 2 2 2 1 2 2 2 2 2 2 2 2 2 2 2 2 2 2 2 2 2 2 2 2 2 2 2 0 2 2 2 2 2 2 2 2 2 2 2 2 2 2 2 2 2 2 2 2 2 2 2 2 2 0 2 2 2 2 2 2 0 2 0 2 2 2 2 2 2 0 2 2 2 0 2 2 2 2 2 0 2 2 0 2 2 2 2 2 2 2 2 2 2 2 2 2 2 2 1 0 0 2 2 2 0 2 2 2 0 2 2 2 2 2 2 2 2 2 2 2 2 2 2 0 2 2 2 2 2 2 2 2 2 2 2 2 2 2 2 2 2 2 2 0
892 0 0 0 0 0 0 0 0 0 0 0 0 0 0 0 0 0 0 2 0 0 0 0 0 0 0 0 0 0 2 0 0 0 0 0 0 0 0 0 0 0 2 0 0 0 0 0 0 0 0 0 0 0 0 0 0 0 0 0 0 0 2 0 0 0 0 0 0 2 0 0 0 0 0 0 2 0 0 0 0 0 0 0 0 0 0 0 0 0 0 0 0 0 0 0 0 0 0 0 0 0 0 0 0 0 0 0 0 0 0 2 0 0 0 0 0 0 0 0 0 0 2 0 0 0 0 0 0 0 0 0 0 2 0 0 2 0 0 0 0 0 0 2 0 0 0 0 2 0 0 0 0 0 2 0 0 0 0 0 0 0 0 0 0 0 0 0 0 0 0 0 0 0 0 0 0 0 2 0 0 0 0 0 0 0 0 0 0 0 0 0 0 0 0 0 2 0 0 0 0 0 0 0 0 0 0 0 0 0 0 0 0 0 0 0 0 0 0 0 0 0 0 0 0 0 0 0 0 0 0 0 0 0 0 0 0 0 0 0 0 0 2 0 0 0
893 2 2 0 2 2 2 2 2 2 2 2 0 2 0 2 2 2 2 2 2 0 0 2 0 2 2 2 0 2 2 0 0 2 2 2 2 2 2 2 0 2 2 0 2 2 0 2 0 0 0 2 2 2 0 2 2 2 2 0 0 2 2 2 2 2 2 2 2 2 2 0 0 2 2 2 2 0 0 2 2 2 2 2 2 2 2 0 0 2 2 2 2 2 2 2 2 2 2 2 0 2 2 2 2 2 2 2 0 2 2 2 2 2 2 0 2 2 2 2 2 2 2 2 2 2 2 2 2 2 2 2 2 2 2 2 2 2 2 2 2 2 2 2 2 2 2 0 2 2 2 2 2 0 2 2 2 2 2 2 2 2 2 2 2 2 2 2 2 2 2 2 2 2 2 2 2 0 2 2 2 2 2 2 2 2 2 2 2 2 2 2 2 0 2 2 2 2 2 2 2 2 2 2 2 2 2 2 2 2 2 2 2 0 2 2 2 2 2 2 2 2 2 2 2 2 2 2 2 2 2 2 2 2 2 2 2 2 2 2 2 2 2 2 2 2
894 2 2 0 2 2 2 0 0 2 2 2 0 2 0 2 2 0 2 0 2 0 0 2 0 0 2 0 0 2 0 0 0 2 2 2 2 2 2 2 0 2 0 0 0 2 0 0 0 0 0 2 2 2 0 2 2 2 2 0 0 0 0 1 2 0 2 2 2 2 2 0 0 2 2 0 0 0 0 2 2 2 2 0 2 2 2 0 0 0 2 0 2 2 2 2 2 2 2 0 0 0 2 2 0 0 2 2 0 0 2 0 0 2 2 0 2 2 0 2 2 2 2 2 0 2 0 2 0 2 0 0 2 2 2 2 2 2 2 2 2 2 0 2 2 0 2 0 2 2 2 0 0 0 2 2 0 2 2 2 2 2 2 2 0 0 2 2 2 0 2 2 2 2 0 2 0 0 2 2 2 2 2 2 0 2 2 0 2 0 2 2 2 0 2 2 2 0 2 2 2 2 2 2 0 2 2 0 2 0 2 2 2 0 0 0 2 2 1 0 2 0 2 2 2 2 2 2 0 0 2 2 0 2 2 2 2 2 2 2 2 2 2 2 2 0
895 0 2 0 0 0 0 0 0 0 0 0 0 0 0 0 0 0 0 0 0 0 0 2 0 0 0 2 0 0 0 0 0 0 0 0 2 0 2 0 0 0 0 0 0 0 0 0 0 0 0 2 0 0 0 2 2 0 2 0 0 0 0 0 0 0 0 2 0 2 2 0 0 0 0 0 0 0 0 0 2 2 0 2 0 0 0 0 0 0 0 0 0 2 2 0 0 2 0 0 0 0 2 2 0 0 0 0 0 0 2 0 0 2 0 0 0 0 0 0 0 0 0 0 0 0 0 0 0 0 2 0 0 0 0 0 0 2 0 0 0 0 0 0 0 0 0 0 0 1 0 0 0 0 0 2 0 0 2 0 0 0 0 2 0 2 0 0 1 0 0 0 0 2 0 0 0 0 0 0 0 0 0 0 2 0 0 0 0 0 0 1 0 0 0 0 0 0 2 2 0 0 2 2 0 0 0 0 2 0 0 0 2 0 0 0 0 2 0 0 0 0 0 0 0 0 0 0 0 0 2 2 2 0 0 2 0 0 0 0 0 0 0 2 0 0
896 0 2 0 0 0 0 0 0 0 0 0 0 0 0 0 0 0 0 0 0 0 0 2 0 0 0 2 0 0 0 0 0 0 0 0 2 0 2 0 0 0 0 0 0 0 0 0 0 0 0 2 0 0 0 2 2 0 2 0 0 0 0 0 0 0 0 2 0 2 2 0 0 0 0 0 0 0 0 0 2 2 0 2 0 0 0 0 0 0 0 0 0 2 2 0 0 2 0 0 0 0 2 2 0 0 0 0 0 0 2 0 0 2 0 0 0 0 0 0 0 0 0 0 0 0 0 0 0 0 2 0 0 0 0 0 0 2 0 0 0 0 0 0 0 0 0 0 0 1 0 0 0 0 0 2 0 0 2 0 0 0 0 2 0 2 0 0 1 0 0 0 0 2 0 0 0 0 0 0 0 0 0 0 2 0 0 0 0 0 0 1 0 0 0 0 0 0 2 2 0 0 2 2 0 0 0 0 2 0 0 0 2 0 0 0 0 2 0 0 0 0 0 0 0 0 0 0 0 0 2 2 2 0 0 2 0 0 0 0 0 0 0 2 0 0
897 0 0 0 2 2 0 2 0 0 2 2 2 2 2 2 2 0 2 2 2 2 2 0 2 2 2 0 2 2 2 2 2 2 2 0 1 0 0 0 2 2 2 2 2 0 0 2 2 0 0 2 2 2 2 0 0 0 0 0 2 2 2 2 0 2 2 0 2 2 2 2 2 2 2 0 2 0 2 2 2 0 1 2 2 2 0 0 2 2 0 0 0 0 0 0 2 2 0 0 0 2 0 0 2 2 2 0 2 2 0 2 2 0 0 2 2 0 2 2 2 2 0 2 2 0 2 2 2 0 2 2 2 0 2 2 0 2 0 2 0 0 2 0 0 2 0 2 0 1 0 2 2 2 0 0 2 0 2 0 2 0 0 2 0 0 0 0 2 2 2 0 0 0 0 0 2 2 0 2 2 2 2 2 0 0 0 2 2 0 2 2 0 2 2 0 0 2 0 2 2 0 0 2 0 2 0 2 2 2 0 0 0 0 2 2 2 2 2 2 2 2 2 2 0 0 2 0 2 2 2 2 2 2 0 0 0 2 2 2 0 0 0 2 0 0
898 2 2 2 2 2 2 2 2 2 2 2 2 2 2 2 2 0 2 2 2 2 2 2 2 2 0 2 2 2 2 2 2 2 2 2 2 2 2 2 2 2 2 2 2 2 2 2 2 2 2 2 2 2 2 2 2 2 2 2 2 2 2 2 2 2 2 2 2 2 2 2 2 2 2 0 2 2 2 2 2 2 2 2 2 2 2 2 2 2 2 0 2 2 2 0 2 2 2 2 2 2 2 2 2 2 2 2 2 2 2 2 2 2 2 2 2 2 2 2 2 2 2 2 2 2 2 2 2 2 2 2 0 2 2 2 0 2 2 2 2 2 2 0 2 2 2 2 0 2 2 0 2 2 0 2 2 2 2 2 2 2 2 2 2 2 2 0 2 2 2 2 0 0 2 2 2 2 0 2 2 2 2 0 2 2 2 0 0 2 2 2 2 2 2 2 0 2 2 2 2 2 2 2 2 2 2 2 2 2 2 0 2 2 2 0 2 2 2 2 2 2 2 2 2 2 2 2 2 2 2 2 2 2 0 2 0 2 2 2 2 2 0 2 2 2
899 0 2 2 2 2 0 2 0 0 0 2 2 2 0 2 2 2 2 0 2 2 2 2 0 2 2 0 2 2 0 2 2 2 2 2 2 2 2 2 2 0 0 2 2 0 2 2 0 2 2 2 0 2 2 2 2 0 2 2 2 2 2 2 0 2 2 2 2 2 2 2 0 2 2 2 0 2 2 2 0 0 2 2 2 2 2 2 0 0 2 0 2 0 0 0 2 2 0 0 2 0 2 2 2 2 2 0 2 2 0 0 2 0 0 2 2 0 2 2 2 2 2 2 2 2 2 2 2 2 2 2 2 2 2 2 2 2 2 2 0 0 0 2 0 0 2 2 2 2 0 2 2 2 2 0 0 2 2 0 0 2 2 2 0 0 2 0 1 2 0 2 2 2 0 2 2 0 2 0 0 0 2 2 0 2 0 2 2 2 0 0 0 0 2 0 2 2 2 2 2 0 0 2 0 2 2 2 2 2 0 2 2 2 0 2 0 2 2 2 0 0 2 2 2 2 2 0 2 2 0 2 2 0 2 2 2 2 0 2 2 0 2 0 2 2
900 2 2 0 2 2 2 2 2 2 2 2 2 2 2 2 2 2 2 2 2 2 2 2 2 2 2 2 2 2 2 2 2 2 2 2 2 2 2 0 2 2 2 2 2 2 0 2 2 0 2 2 2 2 2 2 2 2 2 0 2 2 2 2 2 0 2 2 2 2 2 2 2 0 2 2 2 0 2 2 2 2 2 2 0 2 2 0 2 2 2 2 0 2 2 2 2 2 2 2 0 2 2 2 2 2 2 2 2 2 2 2 2 2 2 2 2 2 0 2 2 2 2 2 0 2 2 0 2 2 2 0 2 2 2 2 2 2 2 2 2 2 2 2 2 2 2 2 2 2 2 2 2 2 2 2 2 2 2 2 2 2 2 2 2 2 2 2 2 2 2 2 2 2 2 2 2 2 2 2 2 2 0 2 2 2 2 2 2 2 2 2 2 2 2 2 2 2 2 2 2 2 2 2 2 2 2 2 2 2 2 2 2 0 2 2 2 2 2 2 2 2 2 2 2 2 2 2 0 2 2 2 2 2 2 2 2 2 2 2 2 2 2 2 2 2
901 2 2 0 2 2 2 2 2 2 2 2 2 2 2 2 2 2 2 2 2 2 2 2 2 2 2 2 2 2 2 2 2 2 2 2 2 2 2 2 2 2 2 2 2 2 0 2 2 0 2 2 2 2 2 2 2 2 2 0 2 2 2 2 2 2 2 2 2 2 2 2 2 2 2 2 2 0 2 2 2 2 2 2 2 2 2 0 2 2 2 2 2 2 2 2 2 2 2 2 0 2 2 2 2 2 2 2 2 2 2 2 0 2 2 2 2 2 2 2 2 2 2 2 2 2 2 2 2 2 2 2 2 2 2 2 2 2 2 2 2 2 0 2 2 2 2 2 2 2 2 2 2 2 2 2 2 2 2 2 2 2 0 2 2 2 2 2 2 2 2 0 2 2 2 2 2 2 2 2 2 2 2 2 2 2 2 2 2 2 2 2 2 2 2 2 2 2 0 2 2 2 2 2 2 2 2 2 2 2 2 2 2 0 2 2 2 2 2 2 2 2 2 2 2 0 2 2 2 2 2 2 2 2 2 2 2 2 2 2 2 2 2 2 2 2
902 0 2 2 2 2 0 2 2 0 2 0 0 2 2 0 0 0 0 2 2 0 0 2 2 0 0 0 0 0 2 0 0 0 0 2 0 0 2 0 2 0 2 0 2 0 2 0 2 2 2 0 0 0 2 2 2 0 2 2 2 2 0 0 0 0 2 2 0 2 0 0 2 2 0 0 2 2 0 0 0 2 0 0 2 0 0 2 0 0 2 0 0 2 0 0 0 2 2 2 2 0 0 2 0 0 0 0 0 2 0 2 0 0 0 0 0 0 0 0 0 0 0 0 0 2 2 0 0 0 0 2 0 2 0 0 2 0 0 0 0 0 2 0 2 0 0 0 0 1 0 0 2 0 0 0 0 0 0 2 2 2 0 2 0 0 2 0 1 2 2 0 0 2 0 0 0 0 0 2 2 2 0 2 0 0 0 0 0 0 2 2 2 0 0 0 2 0 0 0 0 0 2 2 2 0 0 0 0 0 0 0 0 2 0 0 0 2 1 0 0 0 2 0 2 0 0 2 2 0 0 0 0 2 0 0 0 0 2 0 0 0 0 0 2 0
903 2 2 2 2 2 2 0 0 2 2 2 2 2 2 2 0 2 2 2 2 2 2 2 2 2 2 2 2 2 2 2 2 2 2 2 2 2 2 2 2 2 2 2 2 2 2 2 2 2 2 2 2 2 2 2 2 2 2 2 2 0 2 2 2 2 2 2 0 2 2 2 2 2 2 2 2 2 2 2 2 2 2 2 2 2 2 2 2 2 2 0 2 2 2 0 2 2 2 0 2 2 2 2 2 2 2 2 2 2 0 2 2 2 2 2 2 2 0 2 2 2 2 2 0 2 0 2 2 2 2 2 2 2 2 2 2 2 2 0 2 2 2 2 2 2 2 2 2 2 2 2 2 2 2 2 2 2 2 2 2 2 2 2 2 2 2 2 2 2 2 2 2 2 2 2 2 2 2 2 2 2 2 2 2 2 2 2 2 2 2 2 2 2 2 2 2 2 2 0 2 0 2 2 2 2 2 2 0 2 2 2 0 2 2 2 0 2 2 0 2 2 0 0 2 2 2 2 2 2 2 2 2 2 2 0 2 0 2 2 2 2 2 2 2 2
904 2 2 2 2 2 0 2 2 2 2 2 2 2 2 2 2 2 2 2 2 2 2 2 2 2 2 2 2 2 2 2 2 2 2 2 2 2 2 2 2 2 2 2 2 2 2 2 2 2 2 0 2 2 2 2 2 2 2 2 2 2 2 2 2 2 2 2 2 2 2 2 2 2 2 2 2 2 2 2 2 2 2 2 2 2 2 2 2 2 2 2 2 2 2 2 2 2 2 2 2 2 2 2 2 2 2 2 2 2 2 2 2 2 2 2 2 0 2 2 2 2 2 2 2 2 2 2 2 2 2 2 2 0 2 2 2 2 2 2 2 2 2 2 2 2 0 2 2 1 2 2 2 2 2 2 2 0 2 2 2 2 0 2 2 2 2 2 2 2 2 2 2 2 2 2 0 2 2 2 2 2 2 0 2 2 0 2 2 2 2 2 2 2 2 1 2 2 2 2 2 0 2 2 2 2 2 2 2 2 2 2 2 2 2 2 2 2 2 2 2 2 2 2 2 2 2 2 2 2 2 2 2 2 2 2 2 2 2 2 0 0 2 2 2 2
905 2 2 2 2 2 2 0 2 2 2 2 2 2 2 0 2 2 2 2 2 0 2 2 2 2 2 2 2 2 2 2 2 2 2 2 1 2 2 0 0 2 2 2 2 2 2 2 2 2 2 2 2 2 2 2 2 2 2 2 2 2 2 2 2 2 2 2 2 2 0 2 2 2 2 2 2 2 2 2 2 0 2 2 2 2 2 2 2 2 2 2 0 2 2 0 2 2 2 2 2 2 2 2 2 1 0 2 0 2 2 2 2 2 2 2 2 2 2 2 2 2 2 2 2 0 0 2 2 2 2 2 0 2 2 2 2 2 2 2 2 2 2 2 2 2 0 2 2 1 0 0 2 2 2 2 2 0 2 2 2 2 0 2 2 2 2 2 2 2 2 2 2 2 2 2 0 2 2 2 2 2 2 0 2 2 0 2 2 2 2 2 2 2 2 2 2 2 2 2 2 2 2 2 2 2 2 2 2 2 0 2 2 2 2 2 2 2 0 0 2 2 0 2 0 2 0 2 2 2 2 2 2 2 2 2 0 2 2 2 2 2 2 2 2 2
906 0 0 2 2 2 2 2 2 2 0 2 0 2 0 0 0 0 0 0 0 2 0 0 0 0 0 2 0 0 0 0 0 0 2 0 1 0 0 2 0 2 2 2 0 0 2 0 0 2 2 0 0 2 2 0 0 2 0 2 2 0 0 0 2 2 2 0 2 2 0 2 0 0 2 0 0 2 0 0 2 2 0 2 0 0 2 2 2 2 0 0 2 0 0 0 0 2 2 2 2 2 0 0 2 2 2 0 0 0 0 2 0 0 0 0 2 2 2 0 0 0 2 0 2 2 2 0 0 0 2 2 0 0 0 2 0 2 2 0 0 0 2 2 0 2 2 0 2 1 2 0 0 2 0 0 2 2 0 0 0 0 2 2 0 2 2 0 2 0 0 0 2 2 2 0 2 2 0 0 0 2 2 0 2 2 2 2 0 0 0 0 0 2 2 2 0 0 0 0 2 2 0 2 0 2 0 0 0 0 2 2 0 2 2 0 2 2 1 0 2 2 2 2 0 0 0 0 0 0 0 0 2 0 0 0 0 0 0 0 2 2 0 0 2 0
907 0 0 2 0 2 0 2 2 2 2 2 2 2 2 2 2 2 2 2 2 0 2 2 2 2 2 2 2 2 2 2 2 2 2 2 2 2 0 2 2 2 2 2 2 0 2 2 2 2 2 2 2 2 2 2 2 2 0 2 2 0 2 2 2 2 2 0 0 2 2 2 2 2 2 2 2 2 2 2 2 2 2 2 2 2 2 2 2 2 2 2 2 2 0 2 2 2 0 2 2 2 2 0 2 2 2 2 2 2 2 2 2 0 0 2 2 0 2 2 2 0 0 2 2 2 2 2 2 2 0 0 0 2 2 2 2 0 2 2 2 0 2 2 2 0 2 2 2 2 2 2 2 2 2 0 2 2 2 2 2 2 2 2 2 2 2 0 2 2 2 2 2 2 2 2 2 0 2 2 2 2 0 2 2 2 2 2 2 2 2 2 2 2 2 0 2 2 2 2 2 2 2 2 2 2 2 2 2 2 2 2 2 2 0 2 2 2 2 2 2 0 2 0 2 2 2 2 2 2 2 2 2 2 2 2 0 2 2 2 2 0 2 2 2 2
908 2 2 2 2 2 2 2 2 2 2 2 2 2 2 0 2 2 2 2 2 2 2 0 2 2 2 2 2 2 2 0 2 2 0 2 2 0 0 2 2 2 2 2 2 2 2 2 2 2 0 2 2 2 2 0 0 2 0 2 2 2 2 2 2 2 2 0 2 2 2 2 2 0 2 2 2 2 2 0 2 2 2 2 0 2 2 2 2 2 2 2 2 2 2 2 2 2 2 2 2 2 2 2 2 1 2 2 2 2 0 2 0 2 2 2 2 2 2 0 2 2 2 2 2 2 2 2 2 2 0 2 2 2 2 2 2 2 0 2 2 2 2 2 0 2 2 2 2 1 2 2 2 2 2 0 2 2 2 0 2 2 2 2 2 2 2 2 2 2 2 0 2 2 2 2 0 2 2 2 2 2 2 2 2 2 2 0 2 0 2 1 2 2 2 2 2 2 0 2 2 2 2 2 2 2 2 0 2 2 2 2 2 2 2 2 2 2 2 2 2 2 2 2 2 0 2 2 2 0 2 2 2 2 2 2 2 2 2 0 2 2 2 2 2 2
909 2 2 2 2 2 0 2 2 2 2 2 2 2 2 0 2 0 2 2 2 2 2 2 2 2 2 2 2 2 2 2 2 2 2 2 2 2 2 2 2 2 2 2 2 2 2 2 2 2 2 2 2 2 2 2 2 2 2 2 2 2 2 2 2 2 2 2 2 2 2 2 2 2 2 0 2 2 2 2 2 0 1 2 2 2 2 2 2 2 2 0 2 2 2 2 2 0 2 2 2 2 2 2 2 2 2 0 2 2 2 2 2 2 2 2 2 0 2 2 2 2 2 2 2 2 2 2 2 2 2 2 2 2 2 2 0 2 2 2 2 2 0 2 2 2 2 2 2 0 2 2 2 2 2 2 0 2 2 2 2 2 2 0 2 2 2 2 1 2 2 2 2 2 2 0 2 2 2 2 2 2 2 2 2 2 2 2 2 2 2 2 2 2 2 1 0 2 2 2 2 2 2 2 2 2 2 2 2 2 2 2 2 2 2 2 2 2 2 2 2 2 2 2 2 2 2 2 2 2 2 2 2 2 2 2 2 2 2 2 2 0 0 2 2 2
910 2 0 2 2 2 2 0 2 2 0 2 2 2 2 0 2 0 2 2 2 2 2 0 2 0 2 2 2 2 2 2 2 0 2 0 1 2 2 2 2 2 2 2 2 2 2 2 0 2 0 2 2 2 0 0 0 0 2 2 2 0 2 2 2 2 2 2 2 2 2 0 2 0 2 0 2 2 2 2 2 0 0 0 2 2 2 2 2 2 0 0 2 2 0 0 0 0 2 2 2 2 2 0 2 2 0 0 2 0 2 2 0 0 2 2 2 2 2 0 0 0 2 0 2 2 0 0 0 0 2 2 2 2 0 0 0 2 2 2 2 2 0 2 2 2 2 2 2 1 2 0 2 2 0 0 0 0 0 1 0 0 2 2 0 2 2 2 1 2 0 2 2 2 2 0 2 2 0 0 0 0 2 0 2 0 0 2 2 2 0 1 0 2 0 2 0 2 0 2 2 2 2 2 2 0 2 0 2 2 0 0 2 2 2 2 0 2 1 0 0 2 2 2 0 2 0 0 2 0 0 2 2 0 0 2 2 2 0 0 0 2 0 2 2 1
911 2 2 2 2 2 2 0 2 2 2 2 2 2 2 2 2 2 2 2 2 2 2 0 2 2 2 2 2 2 2 2 2 0 2 0 2 2 2 2 2 2 2 2 2 2 2 2 2 2 2 2 2 2 2 0 0 2 2 2 2 2 2 2 2 2 2 2 2 2 2 2 2 2 2 2 2 2 2 2 2 2 2 2 2 2 2 2 2 2 0 2 2 2 2 2 0 2 2 2 2 2 2 2 2 2 2 2 2 2 2 2 2 2 2 2 2 2 2 2 0 0 2 2 2 2 0 2 2 2 2 2 2 2 0 2 2 2 2 2 2 2 2 2 2 2 2 2 2 2 2 2 2 2 2 2 2 2 2 2 2 2 2 2 2 2 2 2 2 2 2 2 2 2 2 2 2 2 2 2 2 2 2 2 2 2 2 2 2 2 2 2 2 2 2 2 2 2 2 2 2 2 2 2 2 2 2 2 2 2 2 2 2 2 2 2 2 2 1 2 2 2 0 2 0 2 2 2 2 2 2 2 2 2 2 2 2 2 2 2 2 2 2 2 2 2
912 2 2 2 0 2 2 0 2 2 2 2 2 2 2 2 2 2 2 2 2 2 2 2 2 2 2 2 2 2 2 2 2 0 2 2 2 2 2 2 2 2 2 2 2 2 2 2 2 2 2 2 2 2 2 2 2 0 2 2 2 2 2 2 2 2 2 2 2 2 2 2 2 2 2 2 2 2 2 0 2 2 2 2 2 2 2 2 2 2 2 2 2 0 2 2 0 2 2 2 2 0 2 2 2 2 2 2 2 2 2 2 2 2 2 2 0 2 2 0 0 2 2 2 0 2 0 2 2 0 2 2 2 2 0 2 2 2 2 2 2 2 2 2 2 0 2 2 2 2 2 2 2 2 2 2 2 2 2 2 2 2 2 2 2 2 2 2 2 2 2 2 2 2 2 2 2 0 2 2 2 2 2 2 2 2 2 2 2 2 2 2 2 2 2 2 2 2 0 2 2 2 2 2 2 2 2 0 2 2 2 2 2 2 0 2 0 2 2 2 2 0 2 2 2 2 2 2 2 0 2 2 2 2 2 2 2 2 2 0 2 2 2 2 2 2
913 0 0 0 0 0 0 0 0 0 2 0 2 0 0 0 0 0 0 0 0 0 2 0 0 0 2 0 2 0 0 0 2 0 0 0 0 0 0 0 0 0 0 0 0 0 0 0 0 0 2 0 0 2 2 0 0 0 0 0 2 0 0 2 2 2 0 0 0 2 0 0 0 0 2 0 0 0 2 0 0 0 0 0 0 0 2 0 0 0 0 0 0 0 0 0 0 2 0 0 0 0 0 0 0 0 0 0 2 0 0 0 0 0 0 0 0 0 0 0 0 0 0 2 0 0 0 2 0 0 2 0 2 0 0 0 0 0 2 0 0 0 0 2 0 0 2 0 2 0 0 0 0 0 0 0 0 0 0 0 2 0 2 0 0 0 0 2 0 0 2 0 0 0 2 0 0 0 0 2 0 0 0 0 0 2 0 0 0 0 2 1 0 0 0 1 0 2 0 0 0 0 0 0 0 0 0 0 0 0 0 0 2 0 0 0 0 0 0 0 0 0 0 0 0 0 0 0 0 0 0 0 0 0 0 2 0 0 0 0 0 0 0 2 0 0
914 0 2 2 0 2 2 2 2 2 0 2 2 2 0 2 2 2 2 2 2 2 2 2 0 2 2 2 2 2 2 0 2 2 2 2 2 2 2 2 2 2 0 2 0 2 2 2 2 2 2 2 2 2 0 2 2 2 2 2 0 2 2 2 2 2 2 2 2 2 2 2 2 2 2 2 2 2 2 2 2 0 1 2 2 2 0 2 2 2 2 2 2 2 0 2 2 2 2 2 2 2 2 2 2 2 2 2 2 2 2 0 2 0 0 2 2 2 2 2 2 2 2 2 2 2 2 2 0 2 2 2 2 2 2 2 2 2 2 2 2 0 2 0 2 2 2 2 2 2 2 2 0 2 2 2 2 2 2 2 2 2 2 2 2 2 0 2 2 0 2 2 2 2 2 2 2 2 2 2 0 2 2 2 2 2 2 2 2 2 2 2 2 2 2 1 2 2 2 2 2 2 2 2 2 2 2 2 2 2 2 0 2 2 2 2 2 2 2 2 2 2 2 2 2 2 2 2 2 2 2 2 2 0 2 2 2 2 0 2 0 2 2 2 2 1
915 0 0 0 2 2 0 0 2 2 0 0 2 2 0 0 2 0 0 0 2 0 2 0 0 0 2 0 2 0 0 0 2 0 2 0 1 2 0 2 0 0 0 0 0 0 0 0 0 0 0 0 2 0 2 0 0 2 0 0 0 2 0 0 0 2 2 0 0 0 0 0 0 0 0 0 0 0 2 2 0 2 0 0 0 2 0 0 0 2 0 0 2 0 0 0 0 2 2 2 0 2 0 0 0 0 2 0 2 2 0 0 0 0 0 0 0 2 2 0 0 0 0 2 0 2 0 2 2 0 0 2 0 0 0 0 0 2 2 2 0 0 2 0 2 0 2 2 0 1 2 2 2 0 0 0 0 2 2 1 0 0 0 2 0 0 0 0 2 0 0 0 2 0 0 0 0 0 0 0 0 0 0 2 0 2 2 2 0 0 0 0 0 0 0 1 0 2 0 2 0 2 0 2 0 0 0 0 2 0 0 0 0 0 0 0 0 2 1 0 2 0 0 0 0 0 0 0 2 0 2 0 2 0 0 0 2 2 0 0 0 2 0 0 2 0
916 0 2 0 0 0 0 0 0 0 0 0 0 0 0 2 2 2 0 0 0 2 0 0 0 0 0 2 0 0 0 0 0 0 2 2 1 0 0 0 0 0 0 0 2 0 0 0 0 0 0 0 0 0 0 0 0 2 0 0 0 0 0 0 0 0 0 0 0 0 0 0 0 0 0 2 0 0 0 0 0 0 2 2 2 2 2 0 0 0 2 2 0 0 2 0 0 0 0 0 0 0 0 2 0 1 0 2 2 0 0 0 0 2 0 0 0 2 2 0 0 0 0 0 0 2 0 0 0 2 2 0 0 2 0 0 2 2 2 0 2 0 2 2 2 0 0 0 2 1 0 0 0 0 2 0 2 0 0 2 0 2 0 0 2 2 2 0 2 2 0 0 2 2 2 2 0 0 2 0 0 2 0 2 2 0 0 0 2 2 0 1 2 0 0 0 2 0 0 2 2 0 2 0 0 0 2 0 2 0 0 2 0 0 0 0 2 0 2 0 2 0 0 0 0 0 0 2 2 0 0 2 2 0 2 0 2 0 0 0 2 2 0 0 2 2
917 0 2 0 0 0 0 0 0 0 0 0 0 0 0 2 2 2 0 0 0 2 0 0 0 0 0 2 0 0 0 0 0 0 2 2 2 0 0 0 0 0 0 0 2 0 0 0 0 0 0 0 0 0 0 0 0 2 0 0 0 2 0 0 0 0 0 0 0 0 0 0 0 0 0 2 0 0 0 0 0 0 2 2 2 2 2 0 0 0 2 2 0 0 2 0 0 2 0 0 0 2 0 2 0 1 0 2 2 0 0 0 0 2 0 0 0 2 2 0 0 0 0 2 0 2 0 0 2 2 2 0 0 2 0 0 2 2 2 0 2 0 2 2 2 0 0 2 2 1 0 0 0 0 2 0 2 2 0 2 0 2 0 2 2 2 2 0 2 2 0 0 2 2 2 2 0 0 2 0 0 2 0 2 2 0 2 0 2 2 0 1 2 0 0 0 2 0 0 2 2 0 2 0 0 0 2 0 2 0 0 2 0 0 0 0 2 0 1 0 2 0 0 0 0 0 0 2 2 0 2 2 2 0 2 0 2 0 0 0 2 2 0 0 2 2
918 2 0 2 2 2 2 2 0 2 2 2 2 2 2 2 2 2 2 0 2 2 2 2 2 2 2 2 2 2 0 2 2 0 0 2 2 2 2 2 2 2 2 2 2 0 2 2 0 2 2 0 0 2 0 2 2 2 2 2 2 0 0 2 2 2 2 2 2 2 2 2 0 2 2 2 0 2 2 2 2 2 1 2 2 2 0 2 2 0 2 2 2 0 2 2 0 2 2 0 2 2 2 0 0 2 2 2 2 2 2 2 2 2 2 0 2 0 2 2 0 2 2 2 2 2 2 2 2 2 0 2 2 0 0 0 2 2 0 2 0 2 2 0 2 2 2 2 2 2 2 2 0 2 2 2 2 2 0 2 0 2 0 2 2 0 0 0 2 2 0 0 0 2 0 2 2 2 2 0 2 0 0 0 2 2 2 0 2 2 0 1 0 2 2 2 2 0 2 0 2 2 2 0 2 0 2 2 0 2 2 0 2 2 2 2 2 0 2 2 2 2 2 2 2 0 2 0 2 2 2 2 2 2 2 2 2 0 2 2 2 0 0 2 2 2
919 2 2 2 2 0 0 0 2 2 0 0 0 0 0 2 2 2 2 2 2 2 0 2 0 2 2 2 0 2 2 2 0 2 2 2 2 0 2 0 2 2 0 2 2 2 2 2 2 2 2 2 2 2 2 2 2 2 2 2 2 2 2 0 2 2 0 2 2 2 0 2 2 2 2 2 2 2 0 2 2 2 2 2 2 2 2 2 2 2 2 2 0 2 0 2 2 2 2 2 2 2 2 2 2 2 2 0 2 2 0 0 0 0 0 2 2 2 2 0 2 2 0 2 2 2 0 0 2 2 2 2 2 2 2 2 2 2 2 0 2 2 2 2 2 2 2 2 0 1 2 2 2 2 2 2 2 2 0 2 2 2 2 2 0 2 2 2 2 2 2 2 2 2 2 2 2 2 2 2 0 2 2 2 2 2 2 2 2 2 2 2 2 2 2 2 2 0 0 2 2 2 2 0 2 2 2 0 2 2 0 2 0 2 2 2 2 0 2 2 2 2 2 2 2 2 2 2 2 0 0 2 2 0 2 0 2 2 0 0 0 2 2 2 2 2
920 2 2 2 2 2 2 0 2 2 2 2 0 2 2 2 2 2 2 2 2 2 0 2 2 0 2 2 0 2 2 2 0 2 2 2 2 2 2 2 2 2 2 2 2 2 2 2 2 2 2 2 2 2 2 2 2 2 2 2 2 2 2 2 2 2 2 2 2 2 2 2 2 2 2 2 2 2 0 0 2 2 2 2 2 2 2 2 2 2 2 2 2 2 2 2 2 0 0 2 2 2 2 2 2 2 2 2 2 2 0 2 0 2 2 2 2 2 2 2 2 2 2 0 2 2 0 2 2 2 2 2 0 2 2 2 2 2 2 2 2 2 2 2 2 2 2 2 2 1 2 0 2 2 0 2 2 2 2 1 2 2 2 0 2 2 2 0 1 2 2 2 0 2 2 2 0 2 0 2 2 2 2 2 2 2 2 2 2 2 2 2 2 2 2 2 2 2 2 2 2 2 2 2 0 2 2 2 2 2 2 2 2 2 2 1 2 2 1 2 2 2 0 2 0 2 2 2 2 2 0 2 2 2 2 2 2 2 2 2 2 2 0 2 2 1
921 2 2 2 2 0 2 0 2 2 0 2 2 0 2 2 2 2 2 0 2 0 2 2 2 0 0 2 2 2 0 2 2 2 2 0 2 0 2 2 2 2 2 2 2 0 2 2 2 2 2 0 0 2 2 2 2 2 2 2 2 2 0 2 2 2 0 2 0 2 2 2 2 2 2 2 0 2 2 0 2 2 2 2 0 2 0 2 2 2 0 2 2 2 2 2 2 0 2 2 2 2 2 2 2 2 0 2 2 2 0 2 0 2 0 2 2 2 2 2 2 2 2 2 2 2 0 2 2 2 2 2 0 0 2 2 2 2 0 2 0 2 2 0 2 2 2 2 2 1 2 0 2 2 2 2 2 2 2 1 2 2 2 0 2 2 2 0 1 2 2 2 0 0 2 2 0 2 2 2 0 0 2 0 2 2 2 2 2 0 2 2 0 2 2 2 2 2 2 2 2 2 2 2 0 2 2 2 2 2 0 0 2 2 2 0 2 2 1 2 2 2 0 0 0 2 2 0 0 2 0 0 2 0 2 2 2 2 0 2 2 2 2 2 0 2
922 2 2 2 2 2 2 2 2 2 2 2 2 2 2 2 2 2 0 2 2 2 2 2 2 2 2 2 2 0 2 2 2 2 2 2 2 2 2 2 0 0 2 2 2 2 2 2 2 2 2 2 2 2 2 2 2 2 2 2 2 2 2 2 2 2 2 2 2 2 2 2 2 2 2 2 2 2 2 2 2 2 2 2 2 2 0 2 2 2 2 0 2 2 2 2 2 2 2 2 2 2 2 2 2 1 2 2 2 2 2 2 2 2 2 2 2 2 2 2 2 2 0 2 2 2 2 0 2 2 2 2 2 2 2 2 2 2 0 2 2 2 2 0 2 2 2 2 0 2 2 2 2 2 0 2 0 2 2 2 2 2 0 2 2 2 2 2 2 2 2 0 2 0 2 2 2 2 0 2 2 2 2 0 2 2 2 2 2 2 2 2 2 2 2 2 2 2 2 2 2 2 2 2 2 2 2 2 2 2 2 2 2 2 2 2 2 2 2 2 2 2 2 2 2 0 2 2 2 2 2 0 0 2 0 2 2 0 2 2 2 2 2 2 0 1
923 2 2 0 2 2 2 2 0 0 2 0 0 2 2 2 2 0 0 2 2 0 0 2 2 2 2 2 0 0 2 2 0 2 2 2 0 2 2 0 0 0 0 2 2 2 0 2 0 0 2 0 2 2 2 2 2 2 2 0 0 0 2 0 2 0 2 2 0 2 0 2 0 0 2 0 2 0 0 0 2 2 2 2 0 2 0 0 0 0 2 2 0 2 0 2 2 2 2 0 0 0 2 2 0 2 2 2 0 0 0 0 2 0 2 0 0 2 2 2 2 2 0 0 0 2 2 0 2 0 2 2 2 0 2 2 0 2 2 0 0 2 0 0 0 0 0 0 0 2 2 0 2 2 2 0 0 0 2 1 0 0 2 2 2 2 0 0 2 2 0 2 2 2 0 2 0 2 2 0 2 2 0 2 2 2 0 0 0 0 2 2 2 0 2 1 0 2 0 0 1 0 0 2 2 2 2 2 0 2 2 2 0 0 0 0 0 2 1 2 2 0 2 0 0 2 2 2 0 2 0 0 0 2 0 0 0 0 2 2 0 2 2 0 2 1
924 2 2 2 2 0 2 0 2 2 2 2 0 0 2 0 2 2 2 2 2 0 0 2 2 2 2 2 0 2 2 2 0 2 2 0 2 0 0 2 2 2 0 2 0 2 2 2 2 2 2 2 2 2 2 2 2 2 0 2 2 0 2 2 2 2 0 0 2 2 2 2 2 0 2 2 2 2 0 2 0 2 2 2 2 2 2 2 2 2 0 2 2 2 2 0 2 2 2 2 2 0 2 2 2 0 2 2 2 2 2 0 2 2 2 2 2 2 2 0 2 2 0 2 2 2 0 2 0 0 2 2 0 2 2 2 2 2 2 0 2 2 2 2 2 2 2 0 2 1 2 2 2 2 2 2 2 2 2 2 0 2 2 2 2 2 2 2 2 0 0 2 2 2 2 2 2 2 2 0 2 2 0 2 2 2 2 2 0 2 2 2 2 2 0 2 2 2 2 2 1 0 2 2 2 2 2 0 2 2 2 2 2 2 2 2 2 2 2 2 2 2 2 2 2 2 2 2 2 2 2 2 2 2 2 2 0 2 2 0 2 2 2 2 2 2
925 2 2 2 2 2 2 2 2 2 2 2 2 2 2 2 2 2 2 0 2 2 2 2 2 2 2 2 2 2 0 2 2 2 2 2 2 2 2 0 2 2 2 2 2 0 2 2 2 2 2 2 2 2 2 2 2 2 2 2 2 2 0 2 2 2 2 2 0 2 2 2 2 2 2 2 0 2 2 2 2 2 2 2 2 2 2 2 0 2 2 2 0 2 2 2 2 2 2 2 2 2 2 2 2 2 2 2 2 2 2 2 2 2 2 2 2 2 2 2 2 2 2 2 0 2 2 2 2 2 2 2 2 2 2 2 2 2 2 2 2 2 2 2 2 0 2 2 2 2 2 2 2 2 2 2 2 2 2 2 2 2 2 2 2 2 2 2 2 2 2 2 2 2 2 2 2 0 2 2 0 2 2 2 2 2 2 2 2 2 0 1 2 0 2 2 2 2 2 2 2 2 2 2 2 2 2 2 2 2 2 2 2 2 0 2 0 2 2 2 2 0 2 0 2 2 2 2 2 2 2 2 2 0 2 2 2 2 0 2 2 2 2 2 2 2
926 2 2 2 2 2 2 2 2 2 2 2 2 2 2 2 2 2 2 2 2 2 2 2 2 2 2 0 2 2 2 2 2 2 2 2 1 2 2 2 2 2 2 2 2 2 2 2 2 2 2 2 2 2 2 2 2 2 2 2 2 2 2 2 2 2 2 2 2 2 2 2 2 2 2 2 2 2 2 2 2 2 2 2 2 2 2 2 2 2 2 2 2 2 2 2 2 2 2 2 2 2 2 2 2 2 2 2 2 2 2 2 2 2 2 2 2 2 0 2 2 2 2 2 2 2 2 2 2 2 2 2 2 0 2 2 0 2 2 2 2 2 2 2 0 2 2 2 2 1 2 2 2 2 2 2 2 2 2 0 2 0 2 0 2 2 2 2 1 2 2 2 2 2 2 2 2 2 2 2 2 2 2 2 0 2 2 2 2 2 2 2 2 2 2 2 0 2 2 0 2 2 2 2 2 2 2 2 0 2 2 2 2 2 2 2 2 2 2 2 2 2 2 2 2 2 2 2 2 2 2 2 2 2 2 2 2 2 2 2 2 2 2 2 2 2
927 0 0 0 2 0 0 2 0 0 0 0 0 0 0 2 0 0 0 0 0 0 0 2 0 0 0 0 0 0 0 0 0 2 0 0 0 0 2 0 0 0 0 0 0 0 0 0 0 0 0 0 0 0 0 2 2 0 2 0 0 0 0 0 0 0 0 2 2 0 0 0 0 0 0 0 0 0 0 0 0 0 0 2 0 0 0 0 2 0 0 0 0 0 2 2 2 2 0 0 0 0 0 0 0 0 0 0 0 0 0 0 0 2 0 0 2 0 0 0 2 0 0 0 2 0 2 0 0 0 0 0 0 0 2 0 0 0 2 0 0 0 0 0 0 2 2 0 0 1 2 0 0 0 0 0 0 0 0 0 2 0 0 0 0 0 0 0 0 0 2 0 0 0 0 0 0 2 0 2 0 0 0 2 0 2 0 0 0 0 0 1 0 2 0 0 0 0 0 0 0 2 0 0 0 0 0 2 0 0 0 0 0 0 2 0 2 0 0 0 0 2 0 2 0 0 0 0 2 0 0 0 0 0 0 0 2 0 0 0 0 0 0 0 0 1
928 0 0 0 0 0 0 0 0 2 0 2 0 0 2 0 0 0 0 0 0 0 0 0 2 0 0 0 0 0 0 0 0 0 0 0 0 0 2 0 0 0 0 0 0 0 0 0 0 0 2 0 0 0 0 0 0 0 2 0 0 0 0 0 0 0 0 2 0 0 2 0 0 0 0 0 0 0 0 0 0 0 0 2 0 0 0 0 0 0 0 0 0 0 0 0 0 0 0 0 0 0 2 0 0 0 0 0 0 0 0 0 0 0 0 2 2 0 0 0 0 0 2 0 0 0 0 0 2 0 0 0 2 0 0 0 0 0 0 0 0 0 0 0 0 0 0 0 0 0 0 0 0 0 0 0 0 0 0 0 0 0 0 0 0 0 0 0 0 0 0 0 0 0 0 0 0 0 0 0 0 0 0 0 0 0 0 0 0 0 0 1 0 0 0 0 0 0 2 0 0 0 0 0 0 0 0 0 0 0 0 0 0 0 0 0 0 0 0 0 0 0 0 0 0 0 0 0 0 0 0 0 0 0 0 0 2 0 0 0 0 0 2 0 0 0
929 0 0 2 2 0 2 2 0 0 0 0 2 0 2 2 0 2 2 2 2 2 2 2 2 0 2 0 2 2 2 2 2 2 0 2 0 0 2 0 2 2 2 2 0 2 2 2 0 2 2 2 2 0 2 2 2 2 2 2 2 2 2 0 0 0 0 2 2 0 0 2 0 2 0 2 2 2 2 0 2 2 1 2 0 0 2 2 2 2 2 2 0 0 2 2 2 2 0 0 2 0 2 0 2 2 0 0 0 2 2 2 0 2 0 0 0 2 0 2 2 2 0 0 2 0 2 2 2 2 2 0 0 0 2 2 0 0 0 0 2 0 2 2 0 2 2 2 0 1 0 0 0 2 0 0 2 0 2 0 2 0 2 0 0 0 2 2 0 0 2 2 0 0 2 0 0 2 0 2 2 0 0 0 0 0 0 2 0 2 2 1 0 2 2 0 0 2 2 0 2 0 0 0 0 2 0 2 0 2 0 0 0 2 2 2 2 0 1 0 0 2 2 2 2 2 2 0 0 2 0 2 2 2 0 0 2 2 2 2 0 2 0 2 2 0
930 2 0 2 2 2 2 2 2 2 2 2 0 2 2 2 2 0 2 2 2 0 0 2 2 2 2 2 0 2 2 0 0 0 2 2 2 2 2 2 2 2 2 2 2 2 2 2 2 2 2 2 0 2 0 2 2 0 2 2 2 2 2 2 2 0 2 2 0 0 2 0 2 2 2 0 2 2 0 0 2 2 1 2 0 2 2 2 2 0 2 2 2 2 2 2 0 2 1 2 2 0 0 0 2 0 1 2 0 0 2 2 0 2 2 2 2 2 0 0 0 2 2 2 2 2 2 2 0 2 0 0 2 0 0 2 2 2 0 2 2 2 2 2 2 0 2 2 2 2 0 2 2 2 2 2 0 2 2 2 2 2 2 2 2 0 2 0 1 2 2 2 2 2 0 2 2 2 2 2 2 2 1 0 2 2 0 2 0 0 2 2 2 2 2 2 2 0 0 2 2 1 2 2 2 2 0 2 2 2 0 0 0 2 2 2 0 2 2 0 0 0 2 0 2 2 2 2 2 0 2 2 2 2 2 0 0 2 2 0 2 2 2 0 2 1
931 2 2 0 0 2 0 2 2 0 2 2 0 2 2 2 0 2 2 2 2 0 0 2 2 2 2 2 0 2 2 0 0 2 2 2 2 2 2 2 2 2 2 2 0 2 0 2 0 0 0 2 2 2 2 2 2 2 2 0 0 2 2 2 2 2 2 2 2 2 0 2 0 2 2 2 2 0 0 2 2 2 2 2 0 0 2 0 2 2 2 2 2 2 2 2 2 2 2 2 0 2 2 2 0 2 2 2 2 2 0 2 2 2 2 0 2 0 2 2 2 2 0 2 2 2 2 2 2 2 2 2 2 2 2 2 2 2 2 2 2 2 2 2 2 2 2 2 2 1 2 0 2 2 2 0 2 0 0 2 2 2 2 2 2 2 2 2 2 0 2 2 2 2 2 2 2 2 2 2 2 2 2 2 2 2 2 2 2 2 2 2 2 2 2 2 2 2 2 2 2 2 2 2 2 2 2 2 2 2 2 2 2 0 2 2 2 2 2 2 2 2 2 2 0 2 2 2 2 2 2 2 2 2 2 2 2 0 2 2 2 0 2 2 2 2
932 2 2 2 2 2 2 2 2 2 0 2 2 2 2 0 2 2 2 2 2 2 2 2 2 2 2 2 2 2 2 0 2 0 2 2 2 2 2 2 2 2 2 2 0 2 2 0 0 2 2 2 2 2 2 2 2 2 2 2 0 0 2 2 2 2 2 2 2 0 2 0 0 0 2 2 2 2 2 2 2 2 2 2 2 2 2 2 0 0 2 2 2 2 2 2 0 0 2 2 2 2 0 2 0 2 2 2 2 2 2 2 0 2 0 2 0 2 2 2 0 2 0 2 2 2 2 2 2 2 2 2 0 2 0 2 2 2 2 0 2 2 2 2 2 0 2 0 2 1 2 2 2 2 2 2 2 2 2 2 0 1 2 2 2 2 2 0 1 0 0 2 2 2 0 2 2 0 2 0 0 2 2 2 2 2 0 2 2 2 2 2 2 0 2 2 2 2 2 2 2 0 2 2 2 2 2 2 2 0 2 2 2 2 0 2 0 2 1 2 0 0 2 2 2 2 0 2 2 0 2 2 2 0 2 2 2 2 0 2 2 2 0 2 2 2
933 2 2 0 2 2 2 2 2 2 0 2 2 2 2 2 2 2 2 0 0 2 2 2 2 0 2 2 2 2 0 0 2 2 2 2 2 2 2 0 0 2 2 2 0 0 0 2 0 0 0 2 2 2 2 2 2 2 2 0 0 0 0 2 2 2 2 2 2 2 2 0 0 0 2 2 0 0 2 2 2 2 2 2 2 2 2 0 2 2 2 2 0 2 2 2 2 2 2 2 0 2 2 2 0 2 2 2 2 2 2 2 0 2 0 0 2 2 2 2 2 2 0 0 2 2 2 2 2 2 2 2 0 2 2 2 2 2 0 2 2 2 2 2 2 2 2 0 2 2 2 2 2 2 2 2 2 2 2 2 2 2 2 2 2 2 2 2 2 0 2 2 2 2 0 2 2 2 2 2 0 2 2 0 2 2 2 2 2 2 0 1 2 2 2 2 2 2 2 2 2 0 2 2 2 2 2 2 2 2 2 2 2 0 2 2 2 2 2 2 2 2 2 2 2 2 0 2 2 2 2 2 2 0 2 2 0 2 0 2 2 2 2 2 2 2
934 0 0 0 2 0 0 2 0 0 0 0 2 0 0 2 0 2 0 0 0 2 2 0 0 0 0 0 2 0 0 0 2 2 0 0 0 0 0 0 0 2 2 2 2 0 0 0 0 0 0 2 2 2 0 0 0 0 1 0 0 0 0 2 2 2 0 0 2 0 2 0 0 0 2 2 0 0 2 2 0 2 1 0 2 0 2 0 2 0 0 2 1 0 2 2 2 2 2 0 0 2 2 0 0 0 2 2 0 2 0 2 0 2 0 0 2 0 2 0 2 0 0 0 0 0 2 2 1 2 0 2 0 2 2 1 0 2 0 2 2 0 0 2 2 2 0 2 2 1 2 0 2 2 2 2 1 2 2 2 2 2 2 2 2 0 0 0 1 2 2 2 0 0 2 2 0 2 2 2 0 0 2 0 0 2 0 2 0 0 0 1 0 2 0 1 0 0 0 2 0 0 0 0 2 0 2 0 2 0 2 2 2 1 2 0 2 0 0 2 0 2 0 2 0 2 0 0 0 0 0 0 0 0 2 2 0 2 0 0 0 0 0 2 0 2
935 0 0 0 0 0 2 0 0 0 0 0 0 0 0 0 0 2 0 2 2 2 0 2 0 2 0 2 0 0 2 2 0 2 2 2 1 0 2 2 0 2 0 0 0 2 0 0 2 0 0 2 2 2 0 2 2 2 2 0 2 2 2 0 2 2 0 2 2 0 0 2 2 2 2 2 2 0 0 0 2 0 0 0 0 0 0 0 0 0 2 0 2 2 0 0 2 0 2 0 0 0 2 0 2 0 2 0 0 0 2 0 0 0 0 0 0 2 0 2 2 2 2 0 0 2 0 2 0 0 2 0 0 0 2 2 2 2 2 2 2 0 2 2 2 0 0 0 0 1 2 2 0 0 0 0 2 0 0 2 0 0 0 2 0 2 0 0 1 0 0 0 2 0 2 0 0 0 0 0 0 2 2 2 2 0 0 2 2 0 2 1 2 0 2 0 2 2 2 0 0 2 0 0 0 2 0 0 0 0 2 0 0 0 0 0 0 0 1 2 0 0 2 2 2 0 0 2 0 0 2 2 2 0 0 0 0 2 0 2 2 2 0 2 2 0
936 2 0 2 2 2 2 2 2 2 2 2 2 2 2 2 2 2 2 2 2 2 2 2 2 0 2 2 2 2 2 2 2 2 2 2 1 2 2 2 2 2 2 2 2 2 2 2 2 2 2 2 2 2 2 2 2 2 2 2 2 2 2 0 2 2 2 2 2 2 2 2 2 2 2 2 2 2 2 2 2 0 2 2 0 2 2 2 2 2 2 0 2 2 2 2 2 2 2 2 2 2 2 0 2 2 2 2 2 2 2 2 2 2 2 2 2 2 2 2 2 2 2 2 2 2 2 2 0 0 2 2 2 2 2 2 2 2 2 2 2 2 2 2 2 2 0 2 2 2 2 2 0 2 2 2 2 2 2 2 2 2 2 2 2 2 2 2 2 2 2 0 2 2 2 2 2 2 2 2 2 2 2 2 2 0 2 2 2 0 2 2 2 2 2 1 2 2 2 2 2 2 0 2 2 2 0 2 2 2 2 0 2 2 2 2 2 2 2 2 2 2 2 2 2 0 2 2 2 2 2 2 2 2 2 2 2 2 2 2 2 2 2 2 2 1
937 0 0 2 0 0 0 0 0 2 0 2 2 0 0 2 0 0 0 2 2 2 2 0 0 2 2 0 2 0 2 2 2 0 0 0 0 0 0 2 2 2 0 2 2 2 2 0 0 2 0 2 2 2 2 0 0 2 0 2 2 2 2 2 2 0 0 0 2 0 0 0 0 0 2 0 2 2 2 0 0 2 1 0 2 0 0 2 2 2 0 0 2 0 0 2 0 2 2 0 2 0 2 0 0 2 2 0 2 0 0 0 2 0 0 2 2 0 0 0 0 0 0 0 2 0 0 2 0 0 0 0 0 0 0 0 0 0 0 2 0 0 0 0 2 0 0 0 0 1 0 2 2 2 0 0 0 2 0 0 2 0 2 0 0 0 0 0 0 2 2 0 0 0 2 0 2 2 0 2 0 0 2 0 0 2 0 0 0 0 2 1 0 2 0 0 0 0 0 0 2 2 0 2 2 0 2 0 0 0 2 0 2 2 0 2 2 2 2 0 0 0 2 2 0 0 2 0 2 0 0 0 2 0 0 2 2 0 0 0 0 0 0 2 0 0
938 2 2 2 2 2 2 2 2 2 2 2 2 2 2 0 2 2 2 0 2 2 2 2 2 0 2 0 2 2 0 0 2 2 2 2 1 2 2 2 2 2 2 2 2 0 2 2 2 2 0 0 0 2 2 2 2 2 2 2 2 2 0 2 2 2 2 2 2 2 2 2 2 0 2 2 0 2 2 2 2 2 2 2 2 2 2 2 2 2 2 2 2 2 2 2 2 0 0 2 2 2 2 2 2 2 0 2 2 0 2 2 2 2 2 2 2 2 2 2 2 2 0 2 2 2 2 2 2 2 2 2 2 2 2 2 0 0 2 0 2 2 2 2 2 2 2 2 2 1 2 2 2 2 2 2 0 2 0 2 0 2 2 2 2 2 2 2 2 2 0 2 2 2 2 2 2 2 2 0 2 2 0 2 0 2 2 2 2 2 0 1 2 2 2 2 0 2 2 2 2 2 2 2 2 2 2 0 2 2 2 0 2 2 2 2 2 2 2 2 2 2 0 2 2 2 0 2 2 2 2 2 2 2 2 2 2 2 2 2 0 2 2 2 2 2
939 2 2 2 2 2 2 2 2 2 2 2 2 2 2 2 2 2 2 2 2 2 2 0 2 2 2 2 2 2 2 2 2 0 2 2 2 2 2 2 2 2 2 0 0 2 2 2 2 2 2 2 2 2 2 0 0 2 2 2 2 2 2 2 2 2 2 2 2 2 2 2 2 2 2 2 2 2 2 2 2 2 2 0 2 2 2 2 2 2 2 2 2 2 2 2 0 2 2 2 2 2 2 2 2 2 2 2 2 2 2 2 2 2 2 2 2 2 2 2 0 2 2 2 2 2 2 2 2 0 2 2 2 2 0 2 2 2 2 2 2 2 2 2 2 0 2 2 2 2 2 2 2 0 2 2 2 2 2 2 2 2 2 2 2 2 2 2 2 0 2 2 2 2 2 2 2 2 2 2 2 2 2 2 2 2 2 2 2 2 2 2 2 2 2 2 2 2 2 2 1 2 2 2 2 2 2 0 2 2 2 2 2 2 0 2 2 2 2 2 2 0 2 2 2 2 2 2 2 2 0 2 2 2 2 2 2 2 2 2 2 2 2 2 2 2
940 0 0 0 0 0 0 0 0 0 0 0 0 0 0 0 0 0 0 0 0 0 0 0 0 0 0 0 0 0 0 0 0 0 0 0 0 0 0 0 0 0 0 0 0 0 0 0 0 0 0 0 0 0 0 0 0 2 0 0 0 0 0 0 0 0 0 0 0 0 0 2 0 0 0 0 0 0 0 0 0 0 1 0 0 0 0 0 2 0 0 0 0 0 2 2 0 0 0 0 0 2 0 0 0 0 0 0 2 2 0 0 0 2 0 0 0 0 0 0 0 0 0 0 0 0 0 0 0 0 0 0 0 0 0 0 0 0 0 0 0 0 0 0 0 0 0 0 0 0 0 0 0 0 0 0 0 2 0 0 0 0 0 0 0 0 0 2 0 0 0 0 0 0 0 2 0 2 0 0 0 0 0 0 0 2 0 0 0 2 0 0 0 2 0 1 0 0 0 2 0 0 0 0 0 0 0 0 2 0 0 0 0 0 0 0 0 0 0 0 0 0 0 0 0 0 0 0 0 0 0 0 0 0 0 0 0 0 0 0 0 0 0 0 0 0
941 2 2 2 2 2 2 2 2 2 2 2 2 2 2 2 2 2 2 2 2 2 2 0 2 2 2 2 2 2 2 2 2 2 2 2 2 2 2 2 2 2 0 0 0 2 2 2 2 2 2 2 0 0 2 0 0 2 2 2 2 2 2 2 0 2 2 2 2 0 2 0 2 2 0 2 2 2 2 2 2 2 2 2 2 2 2 2 2 2 2 2 2 2 2 2 2 2 2 2 2 2 2 2 2 2 2 0 2 2 2 0 2 2 2 2 2 2 2 2 2 2 2 2 2 2 2 2 2 0 2 2 2 2 2 2 2 2 2 2 2 2 2 2 2 2 2 2 2 2 2 2 2 0 0 2 2 2 2 2 2 2 2 2 2 2 2 2 1 0 2 2 2 2 2 2 2 2 0 2 2 2 2 2 2 2 2 2 2 2 2 2 2 2 2 1 2 2 2 2 1 2 2 2 2 2 0 2 2 2 2 2 2 2 2 2 2 2 2 2 0 2 2 2 2 2 2 2 2 2 2 2 2 2 2 2 2 2 2 2 2 2 2 2 2 1
942 0 0 0 0 0 0 2 2 0 2 2 0 0 0 2 0 2 0 0 0 2 0 0 0 2 0 2 0 0 0 0 0 2 0 2 1 0 2 0 0 2 0 0 0 0 0 0 2 0 0 2 0 0 0 0 0 2 2 0 0 2 0 0 0 2 0 2 2 0 2 0 2 2 0 2 0 0 0 2 0 2 1 2 2 0 2 0 2 0 2 2 0 0 2 0 2 2 2 2 0 0 0 0 0 0 2 0 2 0 2 0 0 2 2 0 2 0 2 0 2 2 0 2 2 0 2 2 0 0 0 2 0 2 2 0 2 2 2 2 2 0 2 2 0 2 0 0 0 1 2 0 0 0 0 2 2 2 2 0 2 2 2 0 2 2 2 0 0 0 2 0 2 2 2 0 0 2 0 2 2 2 2 2 2 2 2 2 0 0 0 0 2 2 2 0 2 2 0 0 0 2 2 0 0 0 0 2 0 0 0 2 0 0 2 2 2 0 0 0 0 2 0 2 0 0 2 2 2 2 0 2 2 2 0 0 2 2 2 0 0 0 2 0 2 1
943 2 2 2 2 2 2 2 0 2 2 2 2 2 2 2 2 0 2 2 2 2 2 2 2 2 2 2 2 2 2 2 2 2 2 0 2 2 2 2 2 2 2 2 2 2 2 2 2 2 2 2 2 2 2 2 2 2 2 2 2 2 2 2 2 0 2 2 2 2 2 2 2 2 2 0 2 2 2 2 0 2 2 2 2 2 2 2 2 2 0 2 2 2 2 2 2 2 2 0 2 2 2 2 2 2 2 2 2 2 2 2 2 2 2 2 2 2 0 2 2 2 2 2 2 2 2 2 2 2 2 2 2 2 2 2 2 2 0 2 2 2 0 2 2 2 2 2 2 2 0 2 2 2 2 2 2 2 2 2 2 2 2 2 2 2 2 2 2 2 2 2 0 2 2 2 2 2 2 2 2 2 2 0 2 2 2 2 2 2 2 2 2 2 2 2 2 2 2 2 2 2 2 2 2 2 2 2 2 2 2 2 2 2 2 2 2 2 2 2 2 2 2 2 2 2 2 2 2 0 2 2 2 2 2 2 2 2 2 2 2 2 2 2 2 2
944 0 2 0 0 2 2 2 2 2 0 0 0 2 2 2 2 2 0 0 0 0 0 2 2 2 2 2 0 0 0 0 0 2 2 2 2 2 2 0 0 2 2 2 2 0 0 2 0 0 2 0 0 2 2 2 2 2 2 0 0 0 0 2 2 2 2 2 2 2 2 2 0 0 2 2 0 0 0 0 2 2 2 2 0 2 2 0 2 2 2 2 0 2 2 2 2 2 2 2 0 2 2 2 0 2 2 2 2 2 2 2 2 2 0 0 2 2 2 2 2 0 2 2 2 0 2 2 2 2 0 2 0 2 2 0 2 2 2 2 2 0 2 2 2 2 2 2 2 2 0 2 2 2 2 2 2 0 2 2 2 2 2 2 2 2 2 0 2 2 2 2 2 2 2 2 2 2 2 2 0 2 2 2 2 2 2 2 0 2 0 0 2 2 0 2 2 2 2 2 1 0 0 2 2 0 2 2 2 2 0 2 2 0 2 2 2 2 2 2 2 2 2 2 0 2 0 2 2 2 0 2 2 0 2 2 2 2 0 2 2 2 2 2 2 2
945 2 2 2 2 2 2 2 2 2 2 2 2 2 2 0 2 2 2 2 2 2 2 2 2 2 2 0 2 2 2 2 2 2 0 2 1 2 2 2 2 2 2 2 2 2 2 2 2 2 2 2 2 2 0 2 2 2 2 2 2 2 2 2 2 2 2 2 2 2 2 0 2 2 2 2 2 2 2 2 0 2 2 2 2 2 2 2 0 2 2 2 2 2 0 2 2 0 2 2 2 0 2 2 2 2 2 2 2 2 2 2 2 0 2 2 2 2 0 2 2 0 2 2 2 2 2 2 2 2 2 2 2 2 2 2 0 0 2 2 2 2 0 2 1 2 2 2 2 1 2 2 2 2 2 2 2 2 0 0 0 2 0 0 2 2 2 0 1 2 0 0 2 2 2 0 2 2 2 0 2 2 2 2 0 2 2 2 2 2 2 2 2 0 2 1 0 2 2 2 1 2 0 0 2 1 2 2 2 2 0 2 2 2 2 2 2 0 2 2 2 2 2 2 2 0 2 2 2 2 2 2 2 2 2 2 2 2 2 2 2 2 2 2 2 2
946 2 2 2 2 2 0 2 0 2 2 2 2 2 2 2 2 2 2 2 2 2 2 0 2 2 2 0 2 2 2 2 2 2 2 2 2 2 2 2 2 2 2 2 2 2 2 2 2 2 2 2 2 2 2 0 0 2 2 2 2 2 2 2 2 2 2 2 2 2 2 2 2 2 2 2 2 2 2 2 0 0 2 2 2 2 0 2 0 2 2 2 2 2 2 2 2 2 2 0 2 2 2 2 2 2 2 2 2 0 2 2 2 2 2 2 2 0 0 2 2 2 2 2 2 2 2 2 2 2 2 2 2 0 2 2 0 2 0 2 2 2 2 0 2 2 0 2 2 1 2 2 2 2 2 2 2 0 2 2 2 2 2 2 0 2 0 2 2 2 2 2 2 2 2 2 2 2 2 2 2 0 2 0 0 2 0 2 2 2 2 2 0 0 2 2 0 2 2 0 2 2 2 2 0 2 2 2 0 2 2 0 2 2 2 2 2 2 2 2 2 2 2 2 2 2 2 0 2 2 2 2 2 2 2 2 2 2 2 2 2 0 0 2 2 2
947 2 0 2 2 0 2 2 2 2 2 2 2 0 2 2 2 2 2 2 2 2 2 2 2 2 2 2 2 2 2 2 2 0 2 2 1 0 2 2 2 2 2 2 2 2 2 2 2 2 2 2 2 2 2 2 2 2 2 2 2 2 2 0 2 2 0 2 2 2 0 2 2 2 2 2 2 2 2 2 2 2 2 0 0 2 2 2 2 2 2 2 2 0 2 2 0 2 2 2 2 2 2 0 2 2 2 2 2 2 2 2 0 2 2 2 2 2 2 2 0 2 2 2 2 0 2 2 2 2 2 2 0 2 0 2 2 2 2 2 2 2 2 2 2 2 2 2 2 2 2 2 2 2 2 2 2 2 2 2 2 2 2 2 2 2 2 2 2 2 2 2 2 2 2 2 2 2 2 2 2 2 2 2 2 2 2 2 2 2 2 1 2 2 2 2 2 2 0 2 2 2 2 2 2 2 2 0 2 2 2 2 0 2 2 2 2 2 2 2 2 2 2 2 2 2 2 2 2 2 2 2 2 2 2 0 2 2 2 2 2 2 2 2 2 2
948 2 2 2 2 2 2 2 2 2 0 2 2 2 0 2 2 2 0 2 0 2 2 2 0 2 2 2 2 0 2 2 2 2 2 2 2 2 2 2 2 2 2 2 0 2 2 2 0 2 2 2 2 2 2 2 2 2 2 2 2 2 2 2 2 2 2 2 0 0 2 2 0 2 2 2 2 2 2 2 2 2 2 2 2 2 2 2 0 2 2 2 2 2 2 2 2 2 2 2 2 2 2 2 2 2 2 2 0 2 2 2 2 2 2 2 0 2 0 2 2 2 0 0 0 2 2 2 2 2 2 0 2 2 2 2 2 2 2 2 2 2 2 2 2 0 2 2 2 2 2 2 2 2 2 0 2 0 2 2 2 2 2 2 2 2 2 2 2 0 2 2 2 2 2 2 2 0 2 2 2 2 2 2 2 0 2 2 2 2 2 2 2 0 2 2 2 2 2 2 1 2 2 2 2 2 2 2 2 2 2 2 2 2 0 2 0 2 2 2 2 0 2 0 2 2 2 2 2 2 2 2 2 2 2 2 2 2 2 2 2 2 2 2 2 2
949 2 0 2 2 2 2 2 2 2 2 0 2 2 0 2 2 2 0 2 0 2 2 2 0 2 2 2 2 0 2 2 2 2 2 2 2 2 2 2 2 2 2 2 0 2 2 2 2 2 2 2 2 2 2 2 2 2 2 2 2 2 2 2 2 2 2 2 2 0 2 2 2 2 2 2 2 2 2 2 2 2 2 2 2 2 2 2 2 2 2 2 2 2 2 2 2 2 0 2 2 0 2 0 2 2 2 2 2 2 2 2 2 2 2 0 0 2 2 2 2 2 2 0 2 2 2 2 2 2 2 0 2 2 2 2 2 2 2 2 2 2 2 2 2 2 2 0 2 2 0 2 2 2 2 0 2 2 2 2 2 2 0 2 2 2 2 2 2 0 2 2 0 2 2 2 2 2 2 2 2 2 0 2 2 2 2 2 2 2 2 2 2 2 2 2 2 2 2 2 1 2 2 2 0 2 2 2 2 2 2 2 2 2 2 2 2 2 2 2 2 2 2 2 2 2 2 2 2 2 2 2 2 2 2 2 2 2 2 2 2 2 2 2 2 2
950 2 2 0 2 2 0 0 2 0 0 2 0 2 0 2 2 0 2 0 2 0 0 2 0 0 2 0 0 2 0 0 0 2 2 0 1 2 0 0 2 2 0 2 2 0 0 2 2 0 0 2 0 0 0 2 2 0 0 0 2 2 0 2 0 0 2 0 2 0 2 0 0 0 0 0 0 0 0 2 2 0 0 0 0 2 0 0 2 0 0 2 0 2 0 2 2 0 0 2 0 2 2 2 0 0 0 0 2 0 0 0 0 0 2 2 0 0 2 0 2 2 2 0 2 0 0 2 2 0 2 0 0 0 2 0 0 0 0 2 0 2 2 2 2 2 2 0 2 1 0 2 0 2 0 2 0 0 0 2 0 0 2 2 2 0 0 2 1 2 0 0 0 2 0 0 2 0 0 0 2 0 0 0 0 0 2 2 2 0 0 0 0 2 2 0 0 0 2 0 0 0 2 0 2 0 2 2 0 2 0 2 2 0 2 0 2 0 2 2 0 2 2 2 2 0 0 0 0 2 2 0 2 2 0 2 2 2 2 0 0 0 2 0 0 1
951 0 2 2 2 2 2 2 2 2 2 2 2 2 2 2 2 0 2 2 2 2 2 2 2 2 2 2 2 2 2 2 2 2 2 2 2 2 2 2 2 2 0 2 2 2 2 2 2 2 2 2 2 2 2 2 2 2 2 2 2 2 2 2 2 2 2 2 2 2 2 2 2 2 2 0 2 2 2 0 2 0 2 2 2 2 2 2 2 2 2 2 2 2 2 2 2 2 2 2 2 2 2 2 2 2 2 2 2 0 2 0 2 2 2 2 2 2 2 2 2 2 2 2 2 2 2 2 2 2 2 2 2 2 2 0 2 2 2 2 0 0 2 2 2 2 2 2 2 2 2 2 2 2 2 2 2 2 0 2 2 2 2 2 2 2 2 2 2 2 2 2 2 0 2 0 2 2 2 2 2 2 2 2 2 2 2 2 2 2 2 2 2 2 2 1 2 2 2 0 2 2 0 2 2 0 2 2 0 2 2 2 2 2 2 2 2 2 1 2 2 2 2 2 2 2 2 2 2 2 2 2 2 2 2 2 2 2 2 2 2 2 0 2 0 1
952 2 2 2 2 2 2 2 2 2 0 2 2 2 0 2 2 2 2 2 2 1 2 2 0 2 2 2 2 2 2 2 2 2 2 1 2 2 2 2 2 2 2 2 2 0 2 2 2 2 2 2 2 2 2 2 2 2 2 2 2 1 0 2 2 2 2 2 2 2 2 2 2 2 2 2 2 2 2 2 2 2 2 2 2 2 1 2 2 2 1 2 2 2 2 2 2 2 2 2 2 2 2 2 2 2 2 2 2 2 2 2 2 2 2 0 2 2 2 2 2 2 2 2 2 2 2 2 2 2 2 2 2 2 2 2 1 2 1 2 2 2 2 2 2 2 2 2 2 2 2 2 2 2 2 2 2 2 2 2 2 2 2 2 2 2 2 2 2 2 2 2 0 2 2 2 2 2 2 2 2 2 1 0 2 2 2 2 2 2 1 1 2 2 2 2 1 2 2 2 2 2 2 2 2 2 2 2 2 2 2 2 2 2 2 2 2 2 2 2 2 2 2 2 2 2 2 2 2 2 2 2 2 2 2 2 2 2 2 2 2 2 2 2 2 2
953 2 2 2 2 2 2 2 2 2 2 2 2 2 2 0 2 2 2 2 2 2 2 2 2 2 2 2 2 2 2 2 2 2 2 2 2 2 2 2 2 2 2 2 2 2 2 2 2 2 2 2 2 2 2 2 2 2 2 2 2 0 2 2 2 2 2 2 0 2 2 2 2 0 2 2 2 2 2 2 2 2 2 2 2 2 2 2 0 2 2 2 2 2 2 2 2 2 2 2 2 2 2 2 2 2 2 2 0 2 2 2 2 2 2 2 2 2 2 2 2 2 2 2 0 2 2 2 0 2 2 0 2 2 2 2 2 2 0 2 2 2 2 2 2 0 2 2 2 1 2 2 2 2 2 2 2 2 2 2 2 2 2 2 2 2 2 2 2 2 2 2 0 2 2 2 2 0 2 2 2 2 2 0 2 2 2 2 2 2 2 2 2 0 2 1 2 2 2 2 2 2 2 2 2 2 2 2 2 2 2 2 2 2 0 2 0 2 2 2 2 0 2 0 2 2 2 2 2 2 2 2 2 2 2 2 0 2 2 2 2 2 2 2 2 2
954 2 0 2 2 2 2 2 2 2 2 2 2 2 2 2 2 2 2 2 2 2 2 2 2 2 2 2 2 2 2 2 2 2 0 2 2 2 2 2 2 2 2 2 2 2 2 2 2 2 2 2 2 0 2 2 2 2 2 2 2 2 2 2 0 2 2 2 2 2 2 2 2 2 0 2 2 2 2 2 2 2 2 2 2 2 2 2 2 2 2 2 2 2 2 2 2 2 2 2 2 2 2 0 2 2 2 2 2 2 2 2 2 2 2 2 2 2 2 2 2 2 2 2 2 2 2 2 2 2 2 2 2 2 2 0 2 2 0 2 2 2 2 2 0 2 2 2 2 1 2 2 2 2 2 2 2 2 2 0 2 2 2 2 2 2 2 2 0 2 2 2 2 2 2 2 2 2 2 2 2 2 2 0 2 2 2 2 2 2 2 2 2 2 2 2 2 2 2 2 2 2 2 2 2 0 2 2 2 2 2 2 2 2 2 2 2 2 2 0 0 2 2 2 2 2 2 2 2 2 2 2 2 2 2 2 2 2 2 2 2 2 2 2 2 2
955 2 2 2 2 2 2 2 2 2 2 2 2 2 2 2 2 2 2 2 2 2 2 2 2 2 2 2 2 2 2 2 2 0 2 2 2 2 2 2 2 2 2 2 2 2 2 0 2 2 2 2 2 2 2 2 2 2 2 2 2 2 2 2 2 2 2 2 2 2 2 2 2 2 2 2 2 2 2 2 2 2 2 2 2 2 2 2 2 2 2 2 2 2 2 2 0 2 2 2 2 2 2 2 2 2 2 2 2 2 2 2 2 2 2 2 2 2 2 2 0 2 2 2 2 2 2 2 2 2 2 2 2 2 0 2 2 2 2 2 2 2 2 2 2 2 2 0 2 2 2 2 2 2 2 2 2 2 2 2 2 2 2 2 2 2 0 2 2 2 2 2 2 2 2 2 2 2 2 2 2 2 2 2 2 2 0 2 2 2 2 2 2 2 2 2 2 2 0 2 1 2 2 2 2 2 0 2 2 0 2 2 2 2 2 2 2 2 2 2 2 2 2 2 2 2 2 2 2 2 0 0 2 2 2 2 2 2 2 2 2 2 2 0 2 2
956 2 2 2 2 2 2 0 2 2 2 2 2 2 2 2 0 2 2 0 2 0 2 2 2 2 0 2 2 2 0 2 2 2 2 2 2 2 2 2 2 2 2 2 2 2 2 2 0 2 2 2 0 2 2 2 2 2 2 2 2 2 2 0 2 2 2 2 2 2 2 2 2 2 2 2 0 2 2 0 2 2 2 0 2 0 2 2 2 0 2 2 2 2 2 0 2 2 2 2 2 2 0 2 2 1 2 2 2 2 2 2 2 2 2 2 2 2 2 2 2 2 2 2 2 0 0 2 2 2 0 2 0 2 2 2 2 2 2 2 2 2 2 2 2 2 2 2 2 2 2 2 2 2 2 2 2 2 2 2 2 2 2 2 2 2 2 2 2 2 2 2 2 2 2 2 0 2 2 2 2 2 2 2 2 2 2 0 0 2 2 1 2 2 2 2 2 2 2 2 2 2 2 2 0 2 2 2 2 2 2 2 2 2 2 2 2 2 2 2 2 2 2 2 2 2 0 2 2 2 2 2 0 2 2 2 2 2 2 2 2 2 2 2 2 2
957 0 2 0 2 0 2 0 2 0 2 2 0 0 2 0 0 2 2 0 2 2 0 2 2 2 0 0 0 2 0 2 0 0 0 2 1 0 0 0 2 2 2 2 0 2 0 2 0 0 0 2 2 0 0 2 2 0 0 0 0 0 2 0 0 2 0 0 2 0 0 0 2 2 0 2 0 0 0 0 2 2 2 0 0 0 0 0 2 2 2 2 0 2 2 0 0 0 0 2 0 2 0 2 2 2 2 0 0 2 0 2 0 2 0 0 2 2 0 0 0 2 2 0 0 0 0 2 2 2 0 0 0 2 0 0 0 0 0 2 0 0 2 2 0 0 0 2 2 1 0 0 2 2 0 0 2 0 2 0 2 2 0 2 2 0 2 2 0 0 2 2 2 0 0 2 0 2 0 2 0 2 0 0 0 0 2 0 0 0 2 1 0 2 2 0 0 2 0 0 1 0 2 0 0 0 0 0 0 2 2 0 0 0 0 0 2 0 0 2 0 0 0 2 2 2 2 0 0 0 0 0 0 0 0 0 2 2 0 0 0 2 2 0 2 1
958 2 2 2 2 2 0 2 0 2 2 2 2 2 2 2 2 0 2 2 2 2 2 2 2 0 2 0 2 2 2 2 2 0 2 0 2 2 2 2 2 2 2 2 2 2 2 0 2 2 2 2 2 2 2 2 2 2 2 2 2 2 2 2 2 2 2 2 2 2 0 2 2 2 2 0 2 2 2 2 2 0 2 2 2 2 0 2 2 2 0 0 2 2 0 2 0 2 2 0 2 0 2 2 2 2 2 2 2 0 2 2 2 0 2 2 2 0 2 2 0 0 2 2 2 2 2 2 2 0 2 2 2 0 0 2 0 2 2 2 2 2 0 0 2 2 2 2 0 1 2 2 0 2 2 2 0 2 0 2 2 0 2 2 0 0 0 0 2 2 2 2 2 2 2 0 2 2 2 2 2 0 2 2 0 2 0 2 2 2 2 2 0 2 2 2 0 2 2 2 2 2 0 2 2 2 2 2 2 0 2 0 2 2 2 2 2 2 2 2 2 2 2 2 2 2 2 0 2 2 2 2 2 2 2 2 2 2 2 2 2 0 0 2 0 1
959 2 2 2 0 2 0 2 0 2 2 2 2 2 2 2 0 0 2 2 2 2 2 2 2 2 2 0 2 2 2 2 2 0 2 2 1 2 2 2 2 0 2 2 2 2 2 2 2 2 2 2 2 2 0 2 2 0 2 2 0 2 2 2 2 2 2 2 2 2 0 2 2 0 2 0 2 2 2 2 2 0 2 2 2 2 0 2 2 2 2 2 2 0 2 2 0 2 0 0 2 2 2 2 2 2 2 2 2 2 2 2 0 2 2 2 2 0 2 2 0 2 2 0 2 0 2 0 2 2 2 0 2 0 0 2 0 2 2 2 2 2 2 0 2 2 0 2 0 1 2 2 0 2 2 2 2 2 2 2 2 2 0 2 2 0 0 0 2 2 2 2 2 0 2 2 2 2 2 2 2 0 0 2 0 2 0 0 0 2 2 2 2 2 2 2 0 2 2 2 2 2 2 0 2 2 2 2 2 2 2 0 2 2 2 2 2 0 2 0 2 2 2 2 0 2 2 2 2 2 2 2 2 2 2 2 2 2 2 2 2 0 2 2 2 1
960 2 2 2 2 2 0 2 0 2 2 2 2 2 2 2 2 0 2 2 2 2 2 2 2 2 2 0 2 2 2 2 2 0 2 2 1 2 2 2 2 2 2 2 2 2 2 2 2 2 2 2 2 2 0 2 2 0 2 2 0 2 2 2 2 2 2 2 2 2 0 2 2 2 2 0 2 2 2 2 2 0 2 2 2 2 0 2 2 2 2 2 2 2 2 2 0 2 0 0 2 2 2 2 2 2 2 2 2 2 2 2 2 2 2 2 2 0 2 2 0 2 2 0 2 2 2 2 2 2 0 0 2 0 0 2 0 2 2 2 2 2 2 0 2 2 0 2 0 1 2 2 0 2 2 2 2 2 2 2 2 2 0 2 2 0 0 0 2 2 2 2 2 0 2 2 2 2 2 2 2 0 0 2 0 2 0 2 2 2 2 2 0 2 2 2 0 2 2 2 2 2 2 0 2 2 2 2 2 2 2 0 2 2 2 2 2 0 2 2 2 2 2 2 2 2 2 0 2 2 2 2 0 2 2 2 2 2 2 2 2 0 2 2 2 1
961 2 2 2 2 2 2 2 2 2 2 2 2 2 2 2 2 2 2 2 2 2 2 2 2 2 2 2 2 2 2 2 2 2 0 2 2 2 2 2 0 2 0 2 2 2 2 2 2 2 2 2 2 2 2 2 2 2 2 2 2 2 2 2 2 2 2 2 2 2 2 2 2 2 2 2 2 2 2 2 2 2 2 2 2 2 2 2 2 0 2 2 2 2 2 2 2 0 2 2 2 2 2 2 2 1 2 2 2 2 2 0 2 2 2 2 2 2 2 2 2 2 2 2 2 2 2 2 2 2 2 0 2 2 2 2 2 0 2 2 2 2 2 2 0 2 2 2 2 2 2 2 2 2 2 2 2 2 2 0 2 2 2 2 2 2 2 2 2 2 2 2 2 2 2 2 2 2 2 2 2 2 2 2 2 2 2 2 2 2 2 2 2 2 2 2 2 2 2 0 2 2 2 2 2 2 0 2 0 2 2 2 2 2 2 2 2 2 2 2 2 2 2 2 2 2 2 2 0 2 2 0 2 2 0 2 0 2 2 2 2 2 2 2 2 2
962 2 2 2 2 0 2 2 2 2 2 2 2 0 2 2 2 2 2 2 2 2 2 2 2 2 2 2 2 2 2 2 2 0 2 2 2 0 0 2 2 2 2 2 2 2 2 2 2 2 2 2 2 2 2 2 2 2 0 2 2 2 2 0 2 2 0 0 2 2 2 2 2 0 2 2 2 2 2 0 2 2 2 2 2 2 2 2 2 2 2 2 2 0 2 2 0 2 2 2 2 2 2 2 2 2 2 2 2 2 0 2 2 2 2 2 2 2 2 2 0 2 2 2 2 2 2 2 2 2 2 2 2 2 0 2 2 2 2 2 2 2 2 2 2 2 2 2 2 1 2 0 2 2 2 2 2 2 2 2 2 2 2 2 2 2 2 2 1 2 2 2 2 2 2 2 0 2 2 2 2 2 2 2 2 2 2 2 2 2 2 1 2 2 2 2 2 2 2 2 2 2 2 2 2 2 2 2 2 2 2 2 2 2 2 2 2 2 2 0 2 2 2 2 2 2 2 2 2 2 2 2 2 2 2 2 2 2 2 2 2 2 2 2 2 2
963 2 2 2 0 0 2 2 2 2 2 2 2 0 0 2 2 2 2 2 0 2 2 2 0 2 2 2 2 2 2 0 2 0 2 2 2 0 0 2 0 0 2 2 0 2 2 2 2 2 2 0 2 2 2 2 2 0 0 2 2 0 2 0 2 2 0 0 2 0 2 2 2 2 2 2 2 2 2 0 0 2 2 2 2 2 2 2 0 2 2 2 2 2 2 2 0 2 2 2 2 2 2 2 0 2 2 0 2 2 0 2 2 2 2 2 2 2 0 2 0 2 2 2 2 2 2 0 0 2 2 2 2 2 0 0 2 2 2 2 2 2 2 2 2 0 2 0 2 1 2 0 2 2 0 2 2 2 2 2 0 2 2 2 2 2 2 2 2 0 0 2 2 2 2 2 0 0 0 0 2 2 2 2 2 2 2 2 2 0 2 2 2 0 2 2 2 2 2 0 1 2 2 2 2 0 0 2 0 2 2 2 2 2 0 2 0 2 2 0 2 0 2 2 0 2 2 2 2 2 2 2 2 2 0 2 2 2 2 2 2 2 2 0 2 1
964 2 2 2 2 2 2 2 2 2 2 2 0 2 2 0 2 2 0 2 2 2 0 2 2 2 2 2 0 0 2 2 0 2 0 2 2 2 2 2 2 2 0 0 2 2 2 2 0 2 2 2 2 2 2 2 2 2 2 2 0 2 2 2 2 2 2 2 2 2 2 2 0 2 2 2 2 2 0 2 2 2 2 2 2 2 2 2 2 2 2 2 2 2 2 2 2 0 0 2 2 2 2 2 2 2 2 2 2 0 2 0 2 2 2 0 2 2 2 2 2 2 2 2 2 2 2 2 2 2 2 2 2 2 2 2 2 2 0 2 2 2 2 2 0 2 2 2 2 1 2 2 2 0 2 2 2 2 2 0 2 2 2 2 2 2 2 2 2 2 2 2 2 2 2 2 2 2 2 2 2 2 0 0 2 2 2 2 2 2 2 2 2 2 2 2 2 2 2 2 1 2 2 2 2 2 2 2 2 2 2 2 2 2 2 2 2 2 2 2 2 2 2 2 2 2 2 2 2 2 2 2 2 2 2 2 2 2 2 2 2 2 2 2 2 2
965 0 0 0 0 2 0 0 0 0 0 0 0 2 0 2 0 0 2 0 0 0 0 0 0 2 0 0 0 2 0 0 0 0 0 0 0 2 0 0 0 0 0 2 0 0 0 2 0 0 0 2 0 2 2 0 0 0 0 0 0 2 0 0 2 2 2 0 2 2 0 2 0 0 2 0 0 0 0 0 0 2 2 0 0 0 0 0 0 0 0 2 0 0 2 0 0 0 0 0 0 2 0 0 0 1 0 0 0 0 0 0 0 2 0 0 0 0 0 2 0 2 0 0 2 0 0 0 0 0 0 2 0 0 0 0 0 2 0 2 2 0 0 0 0 2 1 2 2 1 0 0 0 2 0 2 2 0 2 0 0 0 2 0 0 0 0 0 0 0 0 0 0 0 0 2 0 2 0 0 0 0 0 0 0 2 0 0 0 0 0 0 2 0 0 0 0 0 2 2 0 0 0 0 2 0 2 2 2 2 0 0 2 0 2 0 0 0 0 0 0 2 0 2 0 0 0 2 0 0 2 0 0 0 2 2 2 2 0 2 0 0 0 0 0 0
966 2 2 2 2 2 2 2 2 2 2 2 2 2 2 2 2 2 2 2 2 2 2 2 2 2 2 2 2 2 2 2 2 2 2 2 2 2 2 2 2 2 2 2 2 2 2 2 2 2 2 2 2 2 2 2 2 2 2 2 2 2 2 2 2 2 2 2 2 2 2 2 2 2 2 2 2 2 2 2 2 2 2 2 2 2 2 2 2 2 2 2 2 2 2 2 2 2 2 2 2 2 2 2 2 2 2 0 2 2 2 2 2 2 2 2 2 2 2 2 2 2 2 0 2 0 2 2 2 2 2 2 2 2 2 2 2 2 0 2 2 2 2 2 2 2 2 2 2 2 2 2 2 2 0 2 2 2 2 2 2 2 2 2 0 0 2 2 2 2 2 2 2 2 2 2 2 2 0 2 2 2 2 0 2 2 2 0 2 0 2 2 2 2 0 1 2 2 2 2 2 2 2 2 2 2 2 2 2 2 2 2 2 2 2 2 2 2 2 2 2 2 2 2 2 2 2 2 2 2 2 2 2 2 2 2 2 2 2 2 0 2 0 2 2 0
967 2 2 2 2 0 2 2 2 2 2 2 2 0 2 2 0 2 2 2 2 0 2 0 2 2 0 2 2 2 2 2 2 2 0 2 2 0 2 2 2 2 2 2 2 2 2 2 2 2 0 2 2 0 2 0 0 2 2 2 2 2 2 0 0 2 0 2 2 2 2 2 2 2 0 2 2 2 2 0 2 2 2 2 0 2 2 2 2 2 2 2 2 2 2 2 2 0 2 2 2 2 2 2 2 2 0 2 2 2 2 2 2 2 2 2 2 2 2 0 2 2 2 0 2 2 2 2 2 2 2 2 2 2 2 2 2 2 2 0 2 2 2 2 0 2 0 2 2 2 0 2 2 2 2 0 2 2 2 0 2 0 2 2 2 2 0 0 2 2 2 2 2 2 2 2 0 2 2 2 2 2 2 2 2 2 0 2 0 2 2 2 2 2 0 2 2 2 0 0 1 2 2 0 0 2 2 0 0 2 0 0 0 2 2 0 2 0 2 2 2 2 2 2 2 2 0 2 2 0 2 2 2 2 2 0 2 0 2 0 2 2 2 2 2 2
968 0 2 2 2 2 2 2 2 2 2 2 2 2 2 2 2 2 2 0 2 2 2 2 2 2 2 2 2 2 0 2 2 2 2 2 2 2 2 2 2 2 2 2 2 2 2 2 2 2 2 2 2 0 2 2 2 2 2 2 2 2 2 2 0 2 2 2 2 2 2 2 2 2 0 2 0 2 2 2 2 2 2 2 2 2 2 2 2 2 2 2 2 2 0 2 2 2 2 2 2 2 0 2 2 2 2 2 2 2 2 2 2 0 0 2 2 2 2 2 2 2 2 2 2 2 2 2 2 2 2 2 2 2 2 2 2 2 2 2 2 0 2 2 2 2 2 2 2 2 2 2 2 2 2 2 2 2 2 2 2 2 2 2 2 2 2 2 2 2 2 2 2 2 2 2 2 2 2 2 0 2 2 2 2 0 2 2 2 2 2 2 2 2 2 2 2 2 2 2 2 2 2 2 2 2 2 2 2 2 2 2 2 2 2 0 2 2 2 2 2 2 2 2 2 2 2 2 2 0 0 2 2 0 2 2 2 2 0 2 2 2 2 2 2 2
969 2 0 2 2 2 2 0 2 2 0 2 2 2 2 2 2 2 2 2 2 2 2 2 2 2 2 2 2 2 2 2 2 0 0 2 1 2 2 0 2 2 2 2 2 0 2 2 2 2 2 2 2 2 0 2 2 2 2 2 2 2 0 0 2 2 2 2 0 2 2 2 2 2 2 2 2 2 2 2 2 2 2 0 2 0 2 2 2 2 2 2 0 0 2 2 0 0 2 2 2 2 2 0 2 2 2 2 2 0 2 2 2 2 2 2 2 2 2 2 0 2 2 2 2 2 0 2 2 2 0 2 0 2 0 2 2 2 2 2 2 2 2 2 0 2 2 2 2 2 2 2 2 2 2 0 2 0 2 0 2 2 2 0 2 2 2 2 0 2 2 0 0 2 2 2 2 2 2 2 2 2 2 2 2 2 0 2 2 2 0 1 2 2 2 2 2 2 2 2 1 2 2 0 0 2 2 2 2 2 2 2 2 2 2 2 2 0 2 0 0 2 2 0 0 0 2 2 0 2 2 2 2 2 2 2 2 2 2 2 2 2 2 2 2 2
970 2 2 2 2 2 2 0 2 2 2 2 2 2 2 2 2 2 2 2 2 2 2 2 2 2 2 2 2 2 2 2 2 2 2 2 2 2 0 2 2 2 2 2 2 2 2 2 2 2 2 2 0 2 2 2 2 2 0 2 2 0 2 2 2 2 2 0 2 2 0 2 2 2 2 2 2 2 2 2 0 2 2 0 2 2 2 2 2 2 2 2 2 0 2 2 2 2 0 2 2 2 2 2 2 2 2 2 2 2 0 2 2 2 2 2 2 2 2 2 2 2 2 2 2 0 0 2 2 2 2 2 0 2 2 0 2 2 0 2 2 2 2 2 2 2 2 2 2 1 0 2 2 2 2 2 2 2 2 2 2 2 0 2 2 0 2 2 1 2 2 2 0 0 2 2 2 2 2 2 2 2 2 0 2 2 2 0 2 2 2 2 2 2 2 2 2 2 2 2 2 2 2 2 2 0 2 2 2 2 2 2 2 2 2 2 2 2 2 0 2 2 2 2 0 2 2 2 2 2 2 2 2 2 2 2 2 2 2 2 0 2 2 2 2 2
971 0 0 0 0 0 0 0 0 0 0 0 0 0 0 0 0 0 2 0 2 0 0 0 0 0 0 0 0 2 0 0 0 0 0 0 0 0 0 0 0 0 0 0 0 0 0 0 0 0 0 0 0 0 2 0 0 0 0 0 0 0 0 0 0 2 0 0 0 2 0 0 0 0 0 0 0 0 0 0 0 0 0 0 0 0 0 0 0 0 0 0 0 0 0 0 0 0 0 0 0 0 0 0 0 0 2 0 0 0 0 0 2 0 0 0 0 0 2 0 0 2 0 0 0 0 0 0 0 0 0 0 0 0 0 0 0 0 0 0 0 0 0 0 0 0 0 0 0 0 0 0 0 0 0 0 0 0 0 0 0 0 0 0 0 0 0 0 0 0 0 2 0 0 0 0 0 0 0 0 0 0 0 0 0 0 2 0 0 0 0 0 0 0 0 0 0 0 0 0 0 0 0 0 0 0 0 0 0 0 2 0 0 0 0 0 0 0 0 0 0 0 0 0 0 2 0 0 0 0 0 0 0 0 0 0 0 0 0 0 0 0 0 0 0 0
972 2 2 2 0 2 2 2 0 2 2 2 2 2 2 2 2 2 0 2 2 0 2 0 2 2 0 2 2 0 2 0 2 2 0 2 2 2 2 2 0 0 2 2 0 2 2 2 2 2 2 0 2 0 0 0 0 2 2 2 2 0 2 2 0 0 2 2 0 2 2 2 2 2 0 2 2 2 2 2 2 0 2 2 2 2 2 2 2 2 2 2 2 2 0 2 2 2 0 0 2 2 0 2 0 0 0 0 2 2 2 2 2 0 2 2 0 2 2 2 2 2 0 0 2 0 2 0 0 0 0 0 2 2 2 2 2 2 2 2 2 2 0 2 2 2 0 2 0 2 0 2 2 2 0 0 2 0 0 2 2 2 2 2 2 2 0 0 2 0 2 2 2 2 0 2 0 2 0 2 2 2 2 2 2 2 2 0 2 0 2 2 0 2 2 0 2 0 2 2 2 0 2 2 2 2 0 2 2 2 2 2 2 2 2 2 2 2 1 2 2 2 0 0 2 2 2 0 2 2 2 2 0 2 2 2 2 2 2 2 0 2 0 2 2 0
973 2 2 0 2 2 0 2 2 2 2 2 2 2 2 2 2 0 2 0 2 2 2 2 2 2 2 2 2 2 0 2 2 2 2 0 2 2 0 2 2 2 0 2 2 2 0 2 2 0 2 2 2 2 2 2 2 2 0 0 2 2 2 2 2 2 2 0 2 2 2 2 0 0 2 0 0 0 2 2 2 2 0 0 0 2 2 0 2 2 0 2 2 2 2 2 2 2 2 2 0 2 2 2 2 2 2 2 0 0 0 0 2 2 2 2 2 0 0 2 2 0 2 2 0 2 2 2 2 2 2 2 2 2 2 2 2 0 2 0 0 2 2 2 2 0 2 2 2 1 2 2 0 2 2 2 2 2 2 2 2 0 2 2 2 2 2 2 2 2 2 0 0 2 2 2 2 2 2 2 2 2 0 2 2 0 2 2 2 2 2 1 2 2 0 2 2 2 2 2 0 2 0 2 2 2 2 2 2 2 2 2 2 0 0 2 2 2 2 2 2 0 2 2 2 0 2 2 2 2 0 2 2 2 2 2 2 2 2 2 2 0 2 0 2 2
974 2 2 2 2 2 2 2 2 2 2 2 0 2 2 2 2 2 2 2 2 2 0 2 2 2 2 2 0 2 2 2 0 2 2 2 2 2 2 2 2 2 2 2 2 2 2 2 2 2 2 2 0 2 2 2 2 2 2 2 0 2 2 2 2 2 2 2 2 2 2 2 2 2 2 2 2 2 0 0 2 0 2 2 2 2 2 2 2 2 2 2 2 2 2 2 2 2 2 2 2 2 2 2 2 2 2 2 2 2 2 2 2 2 2 2 2 2 2 2 2 2 2 2 2 2 2 2 0 2 2 2 2 2 2 2 2 2 2 2 2 2 0 2 2 2 2 1 2 2 2 2 2 2 2 2 2 2 2 2 2 2 2 2 2 2 2 2 2 2 2 2 2 2 2 2 2 2 2 2 2 2 2 2 2 2 2 2 2 0 2 2 2 2 2 1 2 2 2 2 1 2 2 2 2 2 0 2 2 2 2 2 2 2 2 2 2 2 2 2 2 2 2 2 2 2 2 2 2 2 2 2 2 2 2 2 2 0 2 2 2 2 2 2 2 2
975 2 2 2 2 2 2 2 2 2 2 2 0 2 2 2 2 2 2 2 2 2 0 2 2 2 2 2 0 2 2 2 0 2 2 2 2 2 2 2 2 2 2 2 2 2 2 2 2 2 2 2 0 2 2 2 2 2 2 2 0 2 2 2 2 2 2 2 2 2 2 2 2 2 2 2 2 2 0 0 2 0 2 2 2 2 2 2 2 2 2 2 2 2 2 2 2 2 2 2 2 2 2 2 2 2 2 2 2 2 2 2 2 2 2 2 2 2 2 2 2 2 2 2 2 2 2 2 0 2 2 2 2 2 2 2 2 2 2 2 2 2 0 2 2 2 2 1 2 2 2 2 2 2 2 2 2 2 2 2 2 2 2 2 2 2 2 2 2 2 2 2 2 2 2 2 2 2 2 2 2 2 2 2 2 2 2 2 2 0 2 2 2 2 2 1 2 2 2 2 1 2 2 2 2 2 0 2 2 2 2 2 2 2 2 2 2 2 2 2 2 2 2 2 2 2 2 2 2 2 2 2 2 2 2 2 2 0 2 2 2 2 2 2 2 2
976 2 0 2 2 0 2 2 0 2 2 2 2 0 2 2 0 2 2 2 2 2 2 2 2 2 2 2 2 2 2 2 2 2 0 2 2 0 0 2 2 0 2 0 2 2 2 2 2 2 2 2 2 2 0 2 2 2 0 2 2 2 2 2 2 2 0 0 2 2 2 2 2 2 2 2 2 2 2 2 0 0 2 2 2 2 2 2 2 2 2 0 2 2 2 2 2 2 2 0 2 0 2 0 2 2 0 2 0 2 0 2 2 2 2 2 0 2 0 0 2 2 2 2 2 0 2 2 2 2 2 2 2 2 2 2 2 2 2 2 2 2 2 2 2 2 2 2 2 2 0 2 2 0 2 2 2 0 0 2 0 1 2 2 2 2 2 2 2 2 0 0 2 2 0 0 2 2 2 0 0 2 2 0 2 0 2 2 2 0 2 1 2 2 2 2 2 2 0 2 1 2 0 2 2 2 0 0 0 2 2 2 0 2 2 2 2 2 2 2 2 2 2 2 2 0 2 2 2 2 2 0 2 0 0 0 0 2 0 0 2 2 2 2 2 2
977 2 2 2 2 2 0 2 2 2 2 2 2 2 0 2 2 0 2 2 2 2 2 0 0 2 2 0 2 2 2 2 2 2 2 0 1 2 2 2 0 2 2 2 2 2 2 2 2 2 2 2 2 2 2 0 0 2 2 2 2 2 2 2 2 2 2 2 2 2 2 2 2 0 2 0 2 2 2 2 2 2 2 2 2 2 0 2 2 2 0 0 2 0 2 2 2 0 2 2 2 0 2 2 2 2 0 0 2 0 2 2 0 2 2 2 2 0 2 2 2 0 2 2 2 0 2 2 0 2 2 2 2 0 2 2 0 2 0 2 0 2 0 0 2 2 2 2 2 0 1 2 0 2 0 0 0 2 0 2 2 0 2 2 0 0 0 0 1 2 2 0 2 0 2 0 0 2 0 2 2 0 2 2 0 2 0 2 2 0 2 2 0 2 0 1 0 0 2 0 2 2 2 0 2 2 2 2 0 2 2 0 2 2 2 2 2 0 2 2 2 2 2 2 2 0 2 0 2 2 0 2 2 2 0 2 2 2 2 2 2 0 2 2 2 0
978 2 2 2 2 2 0 2 0 2 2 2 2 2 0 2 2 2 2 2 2 2 2 0 0 2 2 0 2 2 2 2 2 2 2 0 1 2 2 2 2 2 2 2 2 2 2 2 0 2 2 2 2 2 2 0 0 0 2 2 2 2 2 2 2 0 2 2 2 2 2 2 2 0 2 2 2 2 2 2 2 2 2 2 2 2 0 2 2 0 0 2 2 0 2 2 2 0 2 0 2 2 2 2 2 2 2 2 2 0 2 2 0 2 2 2 2 0 2 2 2 0 2 2 2 2 2 2 2 2 2 2 2 2 2 2 0 2 0 0 2 2 2 0 2 2 2 2 2 1 2 2 0 2 2 0 0 2 0 2 2 2 2 2 2 2 0 2 2 0 2 0 2 2 2 0 0 2 2 2 2 2 2 2 0 2 0 2 2 2 2 2 2 2 2 2 0 0 2 2 2 2 2 0 2 2 2 2 2 2 2 2 2 2 2 2 2 0 2 2 2 2 2 2 2 0 2 2 2 2 2 2 2 2 0 2 2 0 2 2 2 0 0 0 2 2
979 2 2 0 2 2 2 2 2 0 2 2 0 2 2 2 0 2 0 2 0 2 0 2 2 2 2 2 0 0 2 2 0 2 2 0 2 2 0 2 2 2 2 2 2 2 0 2 2 0 2 2 2 2 2 2 2 0 0 0 2 2 2 2 2 2 2 0 2 2 2 2 2 0 2 2 2 0 0 2 2 2 2 2 0 0 2 0 2 2 0 2 2 0 2 2 2 2 2 2 0 2 2 2 0 2 2 0 2 2 0 2 2 2 2 2 2 2 2 2 2 2 2 2 2 0 2 2 2 2 2 2 0 2 2 2 2 2 2 2 2 2 0 2 2 0 2 2 2 2 2 2 2 2 0 2 2 2 2 2 2 0 2 2 2 2 2 0 0 2 2 2 2 2 2 2 2 2 0 2 0 2 2 0 2 0 2 2 0 2 2 2 2 2 2 1 2 2 2 2 2 2 2 2 2 2 2 2 2 2 2 2 2 0 0 2 2 2 2 2 0 0 2 2 2 2 2 2 2 0 2 0 2 0 2 2 2 2 0 2 2 2 0 2 2 0
980 0 0 0 2 0 0 0 2 2 0 2 0 0 0 2 0 2 0 0 0 0 0 0 0 2 0 2 0 0 0 2 0 0 0 0 1 0 0 2 0 2 0 2 0 0 0 0 0 0 2 2 0 0 2 0 0 2 0 0 2 2 0 0 0 0 0 0 0 2 2 0 2 0 0 2 0 0 0 2 0 2 0 0 0 0 2 0 0 0 0 2 2 0 0 0 0 0 0 2 0 0 0 0 2 0 2 0 2 0 0 0 2 0 2 2 2 0 0 2 0 0 2 0 2 0 0 2 2 0 0 0 0 0 0 0 2 0 2 2 2 0 0 2 2 2 2 0 0 1 2 2 2 2 0 0 2 0 0 2 2 2 0 0 0 0 2 0 0 0 2 0 2 0 0 0 2 2 0 2 0 0 0 0 2 2 0 0 0 2 0 0 0 0 0 1 2 0 2 2 0 2 0 0 2 0 2 2 2 0 0 2 2 0 2 2 2 0 1 2 0 2 0 0 0 0 2 0 2 2 2 0 0 0 0 2 0 2 0 2 0 0 2 2 0 0
981 2 2 2 2 2 2 2 2 2 2 2 2 2 2 2 2 2 2 2 0 2 2 2 2 2 2 2 2 2 2 2 2 2 2 2 2 2 2 2 2 2 2 2 2 2 2 2 2 2 2 2 2 0 0 2 2 2 2 2 0 2 2 2 0 2 2 2 2 2 2 2 2 0 0 2 2 2 2 0 2 2 2 0 2 2 2 2 2 2 2 2 2 0 2 0 2 2 2 2 2 2 0 2 2 2 2 2 0 2 2 2 2 2 2 2 2 2 2 0 2 2 2 2 0 2 2 2 2 2 2 2 0 2 2 2 2 2 2 2 2 2 2 2 2 0 2 2 2 2 2 2 2 2 2 2 2 2 2 2 0 2 2 2 2 2 2 2 1 2 0 2 2 2 2 2 2 0 2 0 2 2 0 2 2 2 0 2 2 0 2 2 2 2 2 2 2 2 0 2 2 2 0 2 2 2 2 0 2 2 2 2 0 2 0 2 0 2 2 2 0 0 2 2 0 2 2 2 0 2 2 2 2 2 2 0 0 2 2 0 2 2 2 2 2 2
982 0 0 2 2 0 2 2 2 2 0 2 2 0 2 2 2 2 2 2 2 2 2 2 2 2 2 2 2 2 2 2 2 2 0 2 1 2 2 2 2 2 2 2 2 2 2 2 2 2 2 2 2 2 2 2 2 2 2 2 2 2 2 2 2 2 0 2 2 2 2 2 2 2 2 2 2 2 2 2 2 2 2 2 2 2 2 2 2 2 2 2 2 2 2 2 2 0 2 2 2 2 2 0 2 2 0 2 2 2 2 2 2 2 2 2 2 2 2 2 2 0 2 2 2 2 2 0 2 2 2 2 2 2 2 2 2 2 2 2 2 0 2 2 2 2 2 2 2 2 0 2 2 2 2 2 2 0 0 2 2 2 2 0 2 2 2 2 2 2 2 2 2 2 2 2 2 2 2 2 2 2 2 2 2 2 2 2 2 2 2 2 2 2 2 2 2 2 2 2 2 2 2 2 2 2 2 2 2 2 2 2 2 2 2 2 2 2 2 2 2 2 2 2 2 2 2 2 2 2 2 2 2 2 0 2 2 2 2 2 2 2 2 2 2 2
983 0 0 0 2 2 2 2 2 2 0 2 2 2 2 0 2 2 0 2 2 2 2 2 2 2 2 2 2 0 2 2 2 2 0 2 1 2 2 2 2 2 2 2 2 2 0 2 2 0 0 2 2 2 2 2 2 0 2 0 2 2 2 2 2 2 2 2 0 0 0 2 2 2 2 2 2 0 2 2 2 2 2 2 2 2 0 0 0 2 2 2 2 2 2 0 2 2 2 2 0 2 0 0 2 2 0 2 0 2 2 2 2 2 2 2 2 2 2 2 2 2 2 0 2 2 2 0 2 2 2 2 0 2 2 2 2 2 2 0 2 0 2 2 2 0 0 2 2 1 0 2 2 2 2 2 2 2 2 2 0 2 0 0 2 2 2 2 2 2 0 2 2 2 2 2 2 2 2 0 2 2 2 2 2 2 2 2 2 2 2 2 2 0 2 2 2 0 2 0 1 0 2 2 2 2 2 2 0 2 0 2 2 0 0 2 2 2 2 2 2 0 2 0 2 2 2 2 2 2 2 2 2 2 2 2 0 2 2 2 2 2 2 2 2 2
984 1 2 2 0 2 0 0 2 0 2 0 0 2 0 2 0 0 2 2 0 0 0 0 0 2 0 2 0 2 2 0 0 0 2 1 1 2 2 0 0 0 2 0 2 0 2 0 2 2 2 2 0 0 0 0 0 2 2 2 2 0 0 0 0 0 2 2 2 2 2 0 2 0 0 0 2 2 0 2 0 0 2 2 0 0 2 2 0 0 0 2 0 0 2 0 0 2 0 2 2 2 0 2 0 0 2 0 2 0 2 2 2 2 0 0 0 0 0 1 0 0 0 2 0 2 0 2 2 2 0 2 2 2 0 0 0 2 0 2 0 1 2 2 1 0 2 0 0 1 2 2 2 0 2 0 0 2 2 2 2 0 2 2 0 0 2 0 0 1 2 0 0 2 0 0 2 0 2 2 2 2 0 0 2 2 1 0 0 2 0 1 0 0 0 1 0 2 2 0 1 2 0 0 0 0 0 2 0 0 2 2 1 2 0 0 2 0 0 0 0 0 0 2 2 0 2 0 2 2 0 2 0 2 0 1 2 0 2 2 0 0 0 0 0 2
985 0 2 0 0 0 0 0 0 0 0 2 0 0 2 0 2 2 0 0 2 0 0 0 2 0 0 0 0 0 0 2 0 0 2 0 1 2 2 0 0 0 0 0 0 2 0 0 0 0 2 0 0 0 0 0 0 0 2 0 0 0 2 0 0 0 0 2 2 2 2 2 0 0 0 2 0 0 0 0 0 0 0 0 0 0 0 0 0 2 0 0 0 0 0 0 0 0 2 0 0 0 0 2 2 2 0 0 2 2 2 0 2 0 2 2 2 0 0 0 0 0 0 0 0 0 0 0 0 0 0 0 0 0 0 0 0 0 0 0 0 0 0 0 0 0 2 1 0 0 0 0 2 0 0 0 0 0 0 0 2 0 0 2 0 0 0 0 0 0 2 2 0 0 0 0 0 2 0 2 0 0 2 0 0 0 0 0 0 0 2 1 0 0 2 0 0 2 0 0 0 0 2 0 0 0 0 0 0 0 0 0 0 0 0 0 0 0 0 0 0 0 0 2 0 2 0 0 2 0 0 0 0 0 0 0 0 2 0 0 0 0 0 2 0 0
986 0 0 0 0 2 0 0 2 1 0 0 0 2 0 2 0 2 0 0 0 0 0 0 0 0 2 0 0 0 0 0 0 0 0 2 0 0 0 0 0 0 0 0 0 2 0 0 0 0 1 0 2 0 0 0 0 0 0 0 0 0 2 0 0 0 2 0 0 0 0 0 0 0 0 2 0 0 0 0 0 0 2 0 0 0 0 0 0 0 2 0 0 0 0 0 0 0 0 2 0 0 0 0 0 0 0 0 0 2 0 0 2 0 0 0 2 2 0 0 0 0 0 0 0 0 0 0 0 0 0 0 2 0 0 0 0 0 0 0 0 0 0 0 0 0 0 2 2 1 0 0 0 0 0 0 0 0 0 0 0 2 0 0 2 2 0 0 0 0 0 0 0 0 0 2 2 0 0 0 0 0 0 0 0 0 0 2 0 0 2 1 0 0 2 1 0 0 0 2 0 0 2 0 0 0 0 0 2 0 0 0 0 0 0 0 0 0 1 0 0 0 1 0 0 0 0 0 0 0 0 0 0 0 0 0 0 0 0 0 2 2 2 2 0 0
987 0 0 0 2 2 0 2 2 2 0 0 2 2 0 0 2 2 0 0 0 2 2 2 0 2 2 2 2 0 0 0 2 2 0 0 1 2 2 0 1 0 2 0 0 2 0 2 0 0 0 0 0 0 2 2 2 2 2 0 0 0 2 0 0 2 2 2 2 2 0 0 0 2 0 2 0 0 2 2 2 0 0 2 2 2 2 0 0 0 0 0 0 2 2 2 2 2 0 2 0 2 2 0 0 0 2 2 2 2 2 2 2 2 2 0 2 0 2 2 2 2 0 2 2 0 2 0 0 2 0 0 0 0 2 2 2 0 2 2 0 0 2 2 2 2 2 1 2 0 2 2 2 0 2 0 2 0 2 2 2 2 2 0 0 0 2 2 1 2 2 0 0 0 2 0 2 0 2 2 2 0 2 2 2 2 2 2 2 2 2 2 0 0 0 1 2 2 2 2 2 0 2 0 2 2 2 2 2 2 2 2 2 0 2 2 2 0 2 2 2 2 2 2 2 0 2 0 2 2 2 2 2 2 2 2 0 0 2 2 2 0 0 2 0 2
988 0 0 0 0 2 0 0 0 0 0 0 0 2 0 0 0 2 0 0 0 0 0 2 0 0 0 0 0 0 0 0 0 0 0 0 0 2 2 0 0 0 0 0 0 0 0 0 0 0 0 0 0 0 0 2 2 0 2 0 0 0 0 0 0 0 2 2 0 0 0 0 0 0 0 2 0 0 0 0 2 0 0 0 0 0 0 0 0 0 0 0 0 0 0 0 0 0 0 0 0 0 0 0 0 0 0 0 0 0 2 0 2 0 0 0 0 0 0 0 0 0 0 0 0 0 0 0 0 0 0 0 0 0 0 0 0 0 0 0 0 0 0 0 0 0 0 0 0 0 0 0 0 0 0 0 0 0 0 0 0 0 0 0 0 0 0 0 0 0 0 0 0 0 0 0 2 0 0 0 0 0 0 0 0 0 0 2 0 0 0 0 0 0 0 0 0 2 0 0 0 0 0 0 2 0 0 0 0 0 0 0 0 0 0 2 0 0 1 2 0 0 2 0 0 0 0 0 0 0 0 0 0 0 0 0 0 0 0 0 0 0 0 2 0 0
989 0 0 0 0 2 0 0 2 0 0 0 0 2 0 0 0 2 0 0 0 0 0 0 0 0 0 0 0 0 0 0 0 0 0 0 0 0 0 0 0 0 0 0 0 0 0 0 0 0 0 0 0 0 0 0 0 0 0 0 0 0 0 0 0 0 2 0 0 0 0 0 1 0 0 2 0 0 0 0 0 0 0 0 0 0 2 0 0 0 0 0 0 0 0 0 0 0 2 2 0 0 0 0 0 0 0 0 0 2 0 0 2 0 0 0 2 0 0 0 0 0 0 0 0 0 0 0 0 0 0 0 0 0 0 2 0 0 0 0 0 0 0 0 0 0 0 0 0 0 0 0 0 0 0 0 0 0 0 0 0 0 0 0 0 0 0 0 0 0 0 0 0 0 0 0 2 0 0 0 0 0 0 0 0 0 2 2 0 0 0 0 0 0 0 0 0 0 0 0 0 0 0 0 0 2 0 0 0 0 0 0 0 0 0 0 0 0 0 0 0 0 0 0 0 0 0 0 0 0 0 0 0 0 0 0 0 0 0 0 0 0 0 2 0 0
990 0 0 0 2 2 0 0 0 0 0 0 2 0 2 0 0 2 0 0 0 0 2 0 2 0 2 0 2 0 0 0 2 2 0 0 0 0 0 2 0 0 0 0 0 2 0 2 0 0 0 0 0 0 2 0 0 2 0 0 2 0 2 0 0 0 0 0 2 0 2 0 0 0 0 2 0 0 2 0 0 0 0 0 2 0 0 0 2 0 0 0 2 2 2 2 2 0 0 0 0 0 2 0 0 0 0 0 0 0 0 0 0 2 2 0 0 0 0 0 2 0 0 0 2 2 0 0 0 2 2 2 0 2 2 0 0 0 0 0 0 0 0 0 0 2 0 1 0 0 0 2 0 0 2 0 0 0 0 0 0 0 0 0 0 0 0 0 1 2 0 2 0 0 2 0 2 2 2 0 0 2 0 0 0 0 0 2 0 2 2 1 0 2 0 0 0 0 2 2 0 0 0 0 2 0 0 0 2 2 0 0 0 0 2 2 2 0 1 2 2 2 0 2 2 2 0 0 0 2 0 0 0 0 0 0 0 0 0 0 0 0 0 0 0 0
991 0 0 0 2 2 0 0 2 0 0 0 2 2 2 0 2 0 2 2 0 0 2 0 2 2 0 0 2 2 2 2 2 0 0 0 0 0 0 0 0 0 0 2 0 0 0 0 0 0 2 0 2 0 2 0 0 2 0 0 2 0 0 0 0 0 2 0 2 0 2 2 0 0 0 0 2 0 2 0 2 0 0 2 0 0 2 0 2 2 0 2 0 0 2 2 0 0 2 2 0 0 2 0 2 2 0 0 2 0 0 0 0 2 2 0 0 0 0 0 0 0 2 0 2 0 0 2 0 2 0 2 0 0 0 2 0 0 0 0 0 0 0 0 0 2 2 2 2 0 0 2 2 2 0 0 0 0 0 0 0 0 2 0 0 2 0 2 1 0 0 0 2 0 2 2 2 2 0 0 0 0 0 0 0 0 0 2 0 0 0 0 0 2 2 0 0 0 2 2 1 0 0 0 2 2 2 0 2 0 0 2 0 0 2 2 0 0 1 2 2 2 0 2 2 0 2 0 2 2 0 0 0 0 2 0 0 2 0 0 2 0 0 2 0 0
992 0 0 0 0 2 2 2 0 2 0 2 0 2 0 2 2 2 0 2 0 2 0 2 0 2 0 0 0 0 2 2 0 2 0 0 0 2 2 2 0 2 2 0 2 2 0 0 0 0 2 0 0 2 0 2 2 0 2 0 2 0 2 2 2 0 2 2 2 0 0 0 0 0 2 2 2 0 0 2 0 2 0 0 0 2 0 0 2 2 0 0 2 2 2 2 2 0 0 0 0 0 2 0 2 0 0 0 0 2 2 2 2 2 0 2 2 2 0 2 2 0 2 2 0 2 2 2 2 0 2 0 2 0 2 0 0 2 0 2 0 0 2 0 0 0 0 0 0 1 0 0 2 0 0 2 0 2 0 0 0 2 0 0 0 0 2 0 0 0 0 0 0 2 0 0 0 0 0 0 2 0 0 0 0 2 0 2 2 0 2 1 2 2 0 0 0 0 0 2 1 0 0 2 0 0 0 2 2 0 0 2 0 0 0 0 0 2 0 0 0 0 0 2 0 0 0 2 0 0 0 0 2 2 0 0 0 0 2 2 0 2 0 0 0 0
993 2 2 2 0 2 2 0 2 2 2 2 0 2 2 2 2 2 0 2 2 2 0 2 2 0 2 2 0 0 2 2 0 0 2 0 2 2 2 2 0 2 2 2 0 0 2 2 2 2 2 2 2 2 2 2 2 0 2 2 2 0 0 0 2 2 2 2 0 2 2 2 2 2 2 2 2 2 0 0 2 2 2 2 2 2 2 2 2 2 0 0 2 0 2 2 0 2 2 2 2 2 2 2 2 0 2 2 2 2 2 2 2 2 2 2 2 2 2 0 0 2 2 2 2 2 0 2 2 2 2 0 2 2 0 2 2 2 2 2 0 2 2 2 2 2 2 2 2 2 2 2 2 2 2 2 2 0 2 2 2 2 2 2 2 2 2 2 2 2 2 2 2 2 2 0 2 2 2 2 2 2 2 2 2 2 2 2 2 2 0 1 0 2 2 2 2 2 2 2 2 2 2 2 2 2 2 0 2 2 2 2 2 2 2 2 0 2 2 2 2 2 2 0 2 2 2 0 2 2 2 2 2 2 2 2 2 2 2 0 2 2 2 2 2 2
994 2 2 2 0 2 2 2 2 2 2 2 0 2 2 2 2 2 2 2 2 2 0 2 2 2 2 2 0 2 2 2 0 2 0 2 0 2 2 2 2 1 2 2 2 2 2 2 1 2 2 0 2 2 2 2 2 2 2 2 2 0 2 2 2 2 2 2 2 2 2 2 2 2 2 2 2 2 0 0 2 2 2 2 2 2 2 2 1 2 2 2 2 2 2 2 2 0 2 2 2 2 2 2 2 2 2 2 0 2 2 2 2 2 0 2 1 2 2 0 2 0 2 2 2 0 2 2 2 2 0 2 1 2 2 2 2 2 2 2 2 2 2 2 2 2 2 2 2 2 2 2 2 2 2 2 2 2 2 2 2 0 2 2 2 0 2 0 2 2 2 2 2 2 2 2 2 2 2 2 2 2 2 2 2 2 1 2 2 2 2 2 2 1 2 2 2 2 2 2 0 2 2 2 2 2 2 0 2 2 2 2 2 2 2 2 2 2 2 2 2 2 2 2 2 2 2 2 0 2 2 2 2 2 0 2 2 2 2 0 2 2 2 2 2 2
995 2 2 2 2 0 2 2 2 2 2 2 2 0 2 2 2 2 2 2 2 2 2 2 2 2 2 2 2 2 2 2 2 2 0 2 1 2 2 2 2 2 2 2 2 2 2 2 2 2 2 2 2 0 2 2 2 0 2 2 2 2 2 2 0 2 0 2 2 2 2 2 2 0 0 2 2 2 2 2 2 2 2 2 2 2 2 2 2 2 2 2 2 2 2 0 2 0 2 2 2 2 0 2 2 2 2 2 2 0 2 2 2 2 2 2 2 2 2 2 2 0 2 2 2 2 2 2 2 2 2 2 0 0 2 2 2 2 2 2 2 2 2 2 2 2 2 2 2 2 2 2 2 2 0 2 0 2 0 2 2 2 2 2 2 2 2 2 1 2 2 2 2 2 2 2 2 2 0 2 2 0 2 2 2 2 0 2 2 0 2 2 2 2 2 2 2 2 2 2 2 2 2 2 2 2 2 2 2 2 2 2 2 2 2 2 2 2 2 2 0 2 2 2 2 2 2 2 2 2 2 2 2 2 2 2 2 2 2 2 2 2 2 2 2 2
996 2 2 2 2 2 2 0 2 2 2 2 2 2 2 2 2 2 2 2 2 2 2 2 2 2 2 2 2 2 2 2 2 0 2 2 2 2 2 2 2 0 2 2 2 2 2 2 2 2 2 2 2 2 2 2 2 2 2 2 0 2 2 0 2 2 2 2 2 2 2 2 2 2 2 2 2 2 2 2 2 2 2 2 2 2 2 2 2 2 2 2 2 0 2 2 0 2 2 2 2 2 2 2 2 2 0 2 2 2 2 2 0 2 2 2 2 2 2 0 0 2 2 2 2 2 0 2 2 2 2 2 2 2 0 2 2 2 2 2 2 2 2 2 2 2 2 2 2 2 0 2 2 2 2 2 2 2 2 2 2 2 2 2 2 2 2 2 2 2 2 2 2 2 2 2 2 2 2 2 2 2 2 2 2 2 2 2 0 2 2 2 2 2 2 2 2 2 2 2 2 0 2 2 2 2 2 0 2 2 2 2 2 2 2 2 2 2 2 2 2 2 2 2 2 2 2 2 2 0 2 2 2 2 2 2 2 2 2 0 2 2 2 2 2 2
997 2 0 2 0 2 0 2 0 2 0 2 2 2 2 0 0 2 0 0 0 0 2 0 2 0 0 0 2 0 0 2 2 2 2 2 1 2 2 2 2 0 0 2 0 2 2 0 0 2 0 2 2 0 0 0 0 2 2 2 2 2 2 2 0 2 2 2 2 2 0 0 2 2 0 2 0 2 2 2 2 2 2 0 0 0 0 2 2 2 2 0 2 2 2 0 2 2 2 0 2 2 2 0 0 2 2 2 2 2 2 0 2 2 0 0 2 0 2 2 2 2 0 2 0 2 2 2 2 2 2 2 0 2 2 2 0 0 2 2 2 0 0 0 2 2 2 2 0 0 2 0 2 2 2 0 0 2 2 2 2 2 2 2 0 0 0 0 1 0 2 2 2 2 2 2 2 2 2 2 0 2 2 0 0 2 2 2 2 2 2 2 2 2 0 0 0 2 2 0 0 2 2 2 2 2 2 2 0 0 2 0 2 2 2 2 2 2 2 2 2 2 2 2 2 2 0 2 0 2 2 2 0 0 0 2 0 0 0 2 0 0 2 2 2 2
998 2 0 2 0 2 0 2 0 2 0 2 2 2 2 0 0 2 0 0 0 0 2 0 2 0 0 0 2 0 0 2 2 2 2 2 2 2 2 2 2 0 0 2 0 2 2 0 0 2 0 2 2 0 0 0 0 2 2 2 2 2 2 2 0 2 2 2 2 2 0 0 2 2 0 2 0 2 2 2 2 2 2 0 0 0 0 1 2 2 2 0 2 2 2 0 2 2 2 0 2 2 2 0 0 1 2 2 2 2 2 0 2 2 0 0 2 0 2 2 2 2 0 2 0 2 2 2 2 2 2 2 0 2 2 2 0 0 2 2 2 0 0 0 2 2 2 2 0 0 2 0 2 2 2 0 0 2 2 2 2 2 2 2 0 0 0 0 2 0 2 2 2 2 2 2 2 2 2 2 0 2 2 0 0 2 2 2 2 2 2 2 2 2 0 0 0 2 2 0 0 2 2 2 2 2 2 2 0 0 2 0 2 2 2 2 2 2 2 2 2 2 2 2 2 2 0 2 0 2 2 2 0 0 0 2 0 0 0 1 0 0 2 2 2 2
999 0 0 0 0 0 0 0 2 0 2 0 2 0 2 2 2 0 0 0 0 2 2 0 2 2 0 2 2 0 0 0 2 2 2 2 2 2 2 2 0 2 0 0 2 0 0 0 2 0 0 0 0 0 0 0 0 0 2 0 2 2 0 0 0 0 0 2 0 0 2 0 0 2 0 0 0 0 2 2 2 2 0 2 0 2 2 0 0 2 2 0 2 0 2 2 2 2 0 2 0 0 0 0 0 0 0 0 0 0 2 0 2 0 2 0 0 0 0 2 2 2 0 0 0 0 0 0 0 2 0 0 2 2 2 0 2 2 2 2 2 2 0 2 0 0 0 0 2 1 0 2 0 0 0 0 2 2 2 1 0 0 0 2 0 0 2 0 1 0 0 0 2 0 2 0 0 0 0 0 2 2 2 0 2 0 0 2 0 0 0 1 2 0 2 0 2 0 2 2 2 0 0 2 2 0 2 2 2 0 2 2 2 0 0 2 0 2 1 0 0 0 0 0 2 0 2 2 0 2 2 2 2 2 2 2 0 0 2 2 2 0 0 2 0 0
1000 2 0 2 2 2 0 0 2 2 2 2 2 2 2 2 2 0 2 2 2 2 2 2 2 0 2 2 2 2 2 2 2 0 2 2 2 2 0 2 2 2 2 2 2 2 2 2 2 2 2 2 2 2 2 2 2 0 0 2 2 2 2 0 2 2 2 0 2 2 0 2 2 2 2 0 2 2 2 2 2 2 2 2 2 2 2 2 2 2 2 2 2 0 2 2 0 2 2 2 2 2 2 1 2 2 2 2 2 2 0 2 0 2 2 2 2 0 2 2 0 2 2 2 2 2 0 2 2 2 2 2 2 2 0 2 2 2 2 2 0 2 2 2 1 2 2 2 2 1 2 1 2 2 2 2 2 2 2 1 2 2 2 2 2 2 2 2 2 2 2 2 2 2 2 2 2 2 2 2 2 2 2 2 2 2 2 2 1 2 2 2 2 2 2 1 2 2 2 2 2 2 2 2 2 2 0 2 2 2 2 2 2 2 2 2 2 2 2 0 2 2 2 2 2 2 2 2 2 2 2 2 2 2 2 2 2 2 2 2 2 0 2 2 2 2
1001 2 0 0 0 0 0 0 0 2 2 0 0 0 0 0 2 0 0 0 0 0 0 0 0 0 2 0 0 0 0 2 0 0 0 0 0 0 0 0 0 0 0 0 0 0 0 0 0 0 0 0 0 2 0 0 0 2 0 0 0 2 0 0 2 0 0 0 0 2 0 0 0 2 2 0 0 0 0 0 2 0 0 0 0 2 0 0 0 0 0 0 0 0 0 2 0 0 0 0 0 0 0 0 0 2 0 0 0 0 0 0 0 0 0 2 0 0 0 0 0 0 0 0 0 2 0 2 0 0 0 0 2 2 0 0 0 0 0 0 0 2 0 0 0 0 0 0 0 0 0 0 0 0 0 0 0 0 0 0 0 0 0 0 0 0 0 0 2 2 0 0 0 0 0 0 2 0 0 0 2 2 0 0 0 0 0 2 0 0 0 0 2 0 2 0 0 0 0 0 0 0 2 2 2 0 0 0 0 0 2 0 0 0 0 0 2 2 0 0 2 0 0 0 0 0 0 2 0 0 0 0 2 2 0 0 0 2 2 0 0 0 0 0 0 0
1002 2 2 2 2 2 0 0 2 0 2 2 2 2 2 0 2 2 2 2 2 2 2 2 2 2 2 2 2 2 2 2 2 0 2 0 2 2 0 2 2 0 2 2 2 2 2 2 2 2 2 2 2 2 2 2 2 2 0 2 2 0 2 2 2 2 2 0 0 2 2 2 2 0 2 2 2 2 2 2 0 2 2 0 2 0 2 2 2 2 0 2 2 2 2 2 0 2 0 2 2 2 2 2 2 2 0 2 2 2 0 2 0 2 2 0 2 2 2 2 0 2 2 2 2 0 0 0 2 2 2 0 0 2 0 0 2 0 0 2 2 2 0 2 2 2 2 2 2 1 0 2 2 2 2 0 2 2 0 1 2 2 2 2 2 2 2 2 2 2 2 2 2 2 2 0 0 2 2 2 2 2 0 2 2 2 2 0 2 0 2 1 2 2 2 2 2 2 0 0 0 0 2 2 0 0 2 2 0 2 2 2 2 2 2 0 0 2 1 2 2 2 2 0 0 2 0 2 2 2 2 2 0 2 2 2 2 2 2 2 0 2 0 2 2 2
1003 2 2 2 2 0 2 2 0 2 2 2 0 0 2 2 2 2 2 2 2 2 0 2 2 2 2 2 0 2 2 2 0 2 2 2 1 2 2 2 2 2 2 2 2 2 2 2 2 2 2 2 2 0 2 2 2 2 2 2 0 2 2 2 0 2 0 2 2 0 2 2 0 2 0 2 2 2 0 2 2 2 2 2 2 2 2 2 2 2 2 2 2 2 2 2 2 2 2 0 2 2 2 2 2 2 2 2 2 2 2 2 2 2 2 2 2 2 2 2 2 2 2 0 2 2 2 2 2 2 2 2 2 2 2 2 2 0 2 2 2 2 2 2 2 2 2 2 0 2 2 2 0 2 2 2 2 2 2 2 2 0 2 2 2 2 2 2 0 2 2 0 2 2 2 2 2 2 2 2 2 2 2 2 2 0 0 2 2 2 2 2 2 2 2 2 2 2 2 2 2 2 2 2 2 2 2 2 2 2 2 2 2 2 2 2 2 2 2 2 0 2 2 2 2 0 2 2 2 2 2 2 2 2 2 2 0 2 2 2 2 2 2 0 2 2
1004 2 2 2 2 2 2 2 2 2 2 2 2 2 2 2 2 2 2 2 2 2 2 0 2 2 0 2 2 2 2 2 2 2 2 2 1 2 0 0 2 2 2 2 2 2 2 2 2 2 2 2 2 2 2 0 0 2 0 2 2 2 2 2 2 2 2 0 2 2 2 2 2 0 2 2 2 2 2 2 2 2 2 2 2 2 2 2 2 2 2 2 0 2 2 2 2 2 2 2 2 2 2 2 0 2 2 2 2 2 0 2 2 2 2 2 2 2 2 2 2 2 2 2 2 0 2 2 2 2 0 2 2 2 2 2 2 2 0 2 2 2 2 2 2 2 2 2 2 2 2 2 2 2 2 2 2 2 2 2 2 2 2 2 2 2 2 2 2 2 2 2 2 2 2 2 0 2 2 2 2 2 2 2 2 2 2 2 2 2 2 2 2 2 2 2 2 0 2 2 2 2 2 2 2 2 2 2 2 2 2 2 0 2 2 0 2 2 2 2 2 2 2 2 2 2 2 2 2 2 2 2 2 2 2 0 2 2 2 2 2 2 2 2 2 2
1005 2 2 2 2 2 2 2 2 2 2 2 2 2 2 2 2 2 2 2 2 2 2 0 2 2 2 2 2 2 2 2 2 2 2 2 1 2 0 0 2 2 2 2 2 2 2 2 2 2 2 2 2 2 2 0 0 2 0 2 2 2 2 2 2 2 2 0 2 2 2 2 2 0 2 2 2 2 2 2 2 2 2 2 2 2 2 2 2 2 2 2 0 2 2 2 2 2 2 2 2 2 2 2 0 2 2 2 2 2 0 2 2 2 2 2 2 2 2 2 2 2 2 2 2 0 2 2 2 2 0 0 2 2 2 2 2 2 2 2 2 2 2 2 2 2 2 2 2 2 2 2 2 2 2 2 2 2 2 2 2 2 2 2 2 2 2 2 2 2 2 2 2 2 2 2 0 2 2 2 2 2 2 2 2 2 2 2 2 2 2 2 2 2 2 2 2 0 2 2 2 2 2 2 2 2 2 2 2 2 2 2 0 2 2 0 2 2 2 2 2 2 2 2 2 2 2 2 2 2 2 2 2 2 2 0 2 2 2 2 2 2 2 2 2 2
1006 2 2 2 2 2 2 0 2 2 2 2 2 2 2 2 2 2 0 2 2 2 2 2 2 2 2 2 2 0 2 2 2 2 2 2 2 2 2 0 2 2 2 0 2 2 2 2 2 2 0 0 2 2 0 2 2 2 2 2 2 2 2 2 2 2 2 2 2 2 2 2 0 2 2 2 2 2 2 2 2 2 0 2 2 2 2 2 2 0 2 2 0 2 2 0 2 2 0 2 2 0 0 2 2 0 2 0 2 2 2 2 2 2 2 2 2 2 2 2 2 2 2 0 2 2 0 2 2 2 2 2 2 2 2 2 2 2 2 2 2 2 0 2 0 0 0 2 0 2 2 2 2 0 0 2 2 0 2 0 2 2 2 2 2 2 2 2 2 2 2 2 2 2 2 2 2 0 0 2 2 2 0 0 2 0 2 2 0 0 2 1 2 2 2 2 2 2 2 2 2 2 2 0 2 2 2 2 2 2 2 2 2 2 0 2 2 0 1 2 2 0 2 2 2 2 2 2 0 2 2 0 2 2 2 2 2 0 2 2 2 2 2 2 2 0
1007 2 0 2 2 2 2 2 2 2 2 2 2 2 2 2 2 2 2 2 2 2 2 0 2 2 2 2 2 2 2 2 2 2 2 2 2 2 0 2 2 2 2 2 2 2 2 2 2 2 2 2 2 2 2 0 0 2 0 2 2 2 2 2 2 2 2 0 2 2 2 2 2 0 2 2 2 2 2 2 2 2 2 2 2 2 2 2 0 2 2 2 2 2 2 2 2 2 2 2 2 2 2 0 2 2 2 2 2 2 0 2 2 2 2 2 2 2 2 2 2 2 2 2 2 2 2 2 2 2 2 2 2 2 2 2 2 2 2 2 2 2 2 2 2 2 2 2 2 2 2 2 2 2 2 2 2 2 2 2 2 2 2 2 2 2 2 2 2 2 2 2 2 2 2 2 2 2 2 2 2 2 2 2 2 2 2 0 2 2 2 2 2 0 2 2 2 2 2 2 2 2 2 2 2 2 2 2 2 2 2 2 0 2 2 2 2 2 2 2 2 2 2 2 2 2 2 2 2 2 2 2 2 2 2 0 2 2 2 2 2 2 2 2 2 2
1008 0 0 0 0 0 2 2 2 0 0 0 0 0 2 2 0 0 0 2 2 2 0 2 2 0 2 2 0 0 2 0 0 0 0 0 1 0 2 0 0 0 2 2 0 2 0 0 0 0 0 2 0 0 0 2 2 0 2 0 0 0 2 1 0 2 0 2 0 0 0 0 0 2 0 0 2 0 0 0 0 0 2 2 2 0 2 0 2 0 0 2 0 0 0 0 0 0 0 2 0 0 0 0 2 0 2 0 2 0 2 2 0 0 0 0 0 2 0 2 0 0 0 0 2 0 2 0 2 2 0 2 0 2 0 0 2 2 2 2 2 0 0 2 0 0 0 0 0 1 0 2 2 2 0 0 0 0 0 0 0 0 0 0 0 2 0 2 0 2 0 0 2 2 2 2 0 0 0 0 0 2 0 0 2 0 2 2 2 0 2 2 2 2 2 1 2 0 2 2 0 0 2 0 0 0 2 2 2 0 2 0 2 0 0 0 0 0 1 0 0 0 0 0 0 0 2 2 0 0 2 2 0 0 0 2 2 0 0 2 0 2 0 2 2 0
1009 2 2 2 2 2 2 2 2 2 2 2 2 2 2 2 2 2 2 2 2 2 2 2 2 2 2 2 2 2 2 2 2 0 2 0 2 2 2 2 2 2 2 2 2 2 2 2 2 2 2 2 2 0 2 2 2 2 2 2 2 2 2 2 0 2 2 2 2 0 2 2 2 2 0 2 2 2 2 2 2 2 2 2 2 2 2 2 2 2 0 2 2 0 0 2 0 2 2 2 2 2 2 2 2 2 2 2 2 0 2 2 2 0 2 2 2 2 2 2 0 2 2 2 2 2 2 2 2 2 2 2 2 2 0 2 2 2 2 2 2 2 2 2 2 2 2 2 2 2 2 2 2 2 2 2 2 2 2 2 2 0 2 2 2 2 2 2 1 2 2 2 2 2 2 2 2 2 2 2 2 2 2 2 2 2 2 2 2 2 2 2 2 2 2 2 2 0 2 2 2 2 2 2 2 2 2 2 2 2 2 2 2 2 2 0 2 2 2 2 0 2 2 2 0 2 2 2 2 2 2 2 2 2 2 2 2 2 2 2 0 2 2 2 2 2
1010 0 0 2 2 0 2 0 2 0 0 2 0 0 2 2 0 0 0 2 0 2 0 0 2 0 2 2 0 0 2 0 0 2 0 2 1 0 0 2 0 0 2 0 0 2 2 0 0 2 2 2 0 2 0 0 0 0 0 2 0 0 2 1 2 0 0 0 0 2 0 0 0 0 2 0 2 2 0 0 0 0 0 2 0 0 2 2 0 0 2 0 2 2 2 0 2 0 0 2 2 0 0 0 2 0 2 0 2 2 0 2 0 2 0 2 0 2 0 2 2 0 0 0 2 0 0 0 2 2 0 2 0 2 2 0 0 2 2 0 2 0 0 0 0 0 2 0 0 1 0 2 0 0 0 0 0 0 0 0 0 2 2 0 0 2 0 0 1 2 0 0 2 2 2 2 0 0 0 0 0 2 0 0 2 0 2 0 2 0 2 1 0 0 2 1 0 2 2 2 0 0 2 0 0 0 2 2 2 0 2 0 0 2 0 2 0 0 1 0 2 0 0 0 2 0 2 0 0 0 2 2 0 0 0 0 0 0 0 2 2 2 0 2 2 0
1011 0 2 2 0 0 2 0 0 0 0 0 2 0 0 0 0 0 0 2 0 2 2 0 0 2 2 0 2 0 2 0 2 1 0 0 0 0 0 2 0 0 2 0 0 2 2 0 0 2 0 0 0 0 0 0 0 0 0 2 0 2 2 1 0 0 0 0 0 0 0 0 2 0 0 0 2 2 2 0 2 0 0 2 0 1 0 2 0 0 0 0 2 0 0 0 1 0 0 0 2 0 0 2 2 0 2 0 0 0 0 2 0 0 0 0 2 0 0 0 1 1 1 0 0 0 0 0 0 0 1 0 0 0 1 2 0 0 2 2 0 0 0 0 0 0 0 0 1 1 2 0 0 0 0 0 0 0 0 0 0 0 0 0 0 0 0 2 0 0 0 0 0 0 2 0 0 0 0 0 0 0 0 0 0 0 0 1 1 0 2 1 0 0 0 1 0 0 2 2 0 2 0 1 2 2 0 1 2 0 2 0 1 2 0 0 0 1 0 0 0 0 0 0 1 0 2 0 0 0 0 0 0 0 0 1 0 0 0 0 1 0 0 1 0 0
1012 2 2 0 2 2 2 2 2 2 2 0 2 2 2 2 2 2 2 2 2 2 2 2 2 2 0 2 2 2 2 0 2 2 0 2 2 2 2 2 2 0 2 2 2 2 0 2 2 0 0 2 2 2 2 2 2 0 2 0 0 2 2 2 2 2 2 2 2 2 2 2 2 2 2 2 2 0 2 2 2 2 2 2 2 2 2 0 2 2 2 2 2 0 2 2 2 0 2 2 0 2 2 2 0 2 2 2 0 2 2 2 2 2 2 2 2 2 2 2 2 2 2 2 2 2 2 2 2 2 2 2 0 2 2 2 2 2 0 2 2 2 2 2 0 2 2 2 2 1 2 2 2 2 2 2 2 2 2 0 2 0 2 0 2 2 2 2 0 2 2 2 2 2 2 2 2 2 2 2 2 2 2 2 2 2 2 2 0 2 2 2 2 2 2 2 2 2 2 2 2 2 2 2 2 2 2 2 2 2 2 2 2 0 2 2 2 2 2 2 2 2 2 2 2 2 2 2 2 2 2 2 2 2 2 2 0 2 2 2 2 2 2 2 2 2
1013 2 2 2 2 2 2 2 2 2 2 2 2 2 0 2 2 2 2 2 2 2 2 2 0 0 2 2 2 2 2 2 2 2 2 2 2 2 2 2 2 2 2 0 2 2 2 2 2 2 2 2 2 2 2 2 2 2 2 2 2 2 2 2 2 2 2 2 2 2 2 2 2 2 2 2 2 2 2 2 2 2 2 2 2 2 0 2 2 2 2 2 2 2 2 2 2 2 2 2 2 2 2 2 2 2 2 2 2 2 2 2 2 2 2 2 2 2 2 2 2 2 2 0 2 0 2 2 2 2 2 2 0 2 2 2 0 0 2 2 0 2 2 0 2 2 2 2 2 2 2 2 0 0 2 2 2 0 0 2 2 2 2 2 0 2 2 2 2 2 2 2 2 2 0 2 2 2 2 2 2 2 0 0 2 0 0 2 2 2 2 2 2 2 2 2 0 2 2 2 2 2 0 2 2 2 2 2 2 2 2 2 2 2 2 2 2 2 2 2 2 2 2 2 2 2 2 2 2 2 2 2 2 2 2 2 2 2 2 2 0 2 2 0 2 2
1014 2 2 2 0 2 2 0 2 0 2 2 2 2 2 0 2 0 2 2 0 0 2 2 2 0 2 2 2 2 2 0 2 0 2 2 2 0 2 2 0 0 2 2 0 2 2 0 0 2 2 0 2 0 2 2 2 0 2 2 0 0 2 1 0 0 2 2 2 0 2 2 0 0 0 0 2 2 2 0 2 0 0 2 0 0 0 2 0 2 2 2 2 0 2 2 0 2 2 2 2 2 2 2 2 2 2 2 2 2 2 2 2 2 2 0 0 2 0 0 0 2 2 0 2 2 0 0 2 2 2 0 2 0 0 2 0 2 0 2 2 2 2 0 2 2 2 2 0 1 0 0 0 2 2 2 2 2 0 2 0 0 2 2 0 2 2 2 1 0 0 0 2 2 2 2 2 0 2 0 2 0 0 2 2 2 0 0 2 2 2 1 0 0 2 1 0 2 0 2 0 2 2 0 0 2 2 0 2 0 2 2 2 2 2 2 0 0 1 0 0 2 2 2 0 0 2 0 0 2 2 2 2 2 0 2 2 0 2 0 2 2 0 0 2 2
1015 2 2 2 2 2 2 2 2 2 2 2 2 2 0 2 2 2 2 2 0 2 2 2 0 2 2 2 2 2 2 2 2 0 2 2 2 2 2 0 2 2 2 0 2 2 2 2 2 2 2 2 2 0 2 2 2 2 2 2 2 2 2 1 0 2 2 2 2 2 2 2 2 2 0 2 2 2 2 2 2 2 0 2 2 2 2 2 2 2 2 2 0 2 0 2 0 2 2 2 2 2 2 2 2 2 2 2 2 2 2 2 2 0 2 2 2 2 2 2 0 2 0 0 0 0 2 0 2 2 2 2 2 0 0 2 2 2 2 0 2 2 2 2 2 2 2 2 2 2 2 2 2 0 2 2 2 2 2 2 2 2 2 2 2 2 2 2 1 2 2 2 2 2 2 2 2 2 2 2 2 0 2 2 2 2 2 2 2 2 2 2 2 2 2 1 2 2 2 2 0 2 2 2 2 2 2 2 2 2 2 2 2 2 2 2 2 2 2 2 0 2 2 2 2 2 2 2 2 2 2 2 2 2 2 2 2 2 2 2 2 2 2 2 2 2
1016 2 2 2 2 2 2 2 2 2 2 2 2 2 0 2 2 2 2 2 0 2 2 2 0 2 2 2 2 2 2 2 2 0 2 2 2 2 2 0 2 2 2 0 2 2 2 2 2 2 2 2 2 0 2 2 2 2 2 2 2 2 2 1 0 2 2 2 2 2 2 2 2 2 0 2 2 2 2 2 2 2 2 2 2 2 2 2 2 2 2 2 0 2 0 2 0 2 2 2 2 2 2 2 2 2 2 2 2 2 2 2 2 0 2 2 2 2 2 2 0 2 0 0 0 0 2 0 2 2 2 2 2 0 0 2 2 2 2 0 2 2 2 2 2 2 2 2 2 2 2 2 2 0 2 2 2 2 2 2 2 2 2 2 2 2 2 2 0 2 2 2 2 2 2 2 2 2 2 2 2 0 2 2 2 2 2 2 2 2 2 2 2 2 2 2 2 2 2 2 2 2 2 2 2 2 2 2 2 2 2 2 2 2 2 2 2 2 2 2 0 2 2 2 2 2 2 2 2 2 2 2 2 2 2 2 2 2 2 2 2 2 2 2 2 2
1017 2 2 0 0 2 2 0 2 0 2 0 2 2 0 2 2 2 2 2 2 2 2 2 0 0 0 0 2 2 2 2 2 2 0 2 1 2 2 2 0 0 2 0 2 0 0 2 2 0 0 0 2 2 2 2 2 0 2 0 2 0 0 2 2 2 2 2 0 0 2 0 0 2 2 2 2 0 2 0 2 2 0 2 2 0 2 0 0 2 2 2 2 2 0 0 2 0 2 2 0 2 2 2 0 2 2 2 0 2 2 2 2 0 2 2 0 2 2 0 2 2 0 0 2 2 0 2 2 0 2 0 2 0 2 2 2 2 0 2 2 2 2 2 0 2 2 2 2 2 2 0 2 0 2 2 2 0 2 0 2 0 2 2 2 2 2 2 2 0 2 2 2 2 2 2 0 0 2 2 2 0 2 2 0 2 0 2 2 2 0 0 2 0 2 1 2 0 2 2 0 2 2 2 0 2 2 0 2 2 2 2 0 0 2 0 0 2 0 2 2 2 0 0 2 2 2 2 2 0 2 2 2 2 2 0 0 2 2 0 2 2 2 2 2 2
1018 2 2 2 2 0 2 2 2 2 2 2 0 0 2 2 2 0 2 2 0 2 0 2 2 2 0 2 0 2 2 2 0 2 0 2 2 0 2 0 2 2 2 2 2 2 2 2 2 2 2 2 2 2 2 2 2 0 2 2 2 2 2 2 2 2 0 2 2 2 0 2 2 2 2 0 2 2 0 0 2 0 0 2 2 2 0 2 0 0 2 0 0 0 2 0 2 0 0 2 2 2 0 2 2 0 0 0 0 2 2 2 2 2 2 2 2 2 2 2 2 2 0 0 0 0 2 2 2 2 2 2 0 0 2 0 0 0 2 2 2 2 2 0 0 2 0 2 2 2 0 2 2 2 0 2 2 0 2 0 2 0 0 2 0 0 2 2 2 2 2 0 2 0 2 2 0 2 0 2 2 0 0 2 2 2 0 2 2 0 2 2 2 0 2 0 0 2 2 0 2 0 0 0 2 0 0 2 0 2 0 2 0 2 2 2 0 0 0 2 2 2 0 2 2 0 2 2 0 0 2 0 2 2 0 0 2 2 2 2 2 2 2 2 0 0
1019 0 0 0 2 2 2 2 0 0 0 2 0 2 0 0 2 0 2 0 2 2 0 0 0 0 0 0 0 2 0 2 0 0 2 0 0 2 0 2 2 2 0 2 0 2 0 0 2 0 0 2 0 0 0 0 0 0 0 0 2 2 2 1 0 2 2 0 0 0 2 0 0 2 0 0 0 0 0 2 0 2 0 0 2 2 0 0 2 2 0 0 2 0 2 2 0 2 2 0 0 2 2 0 2 2 2 2 2 0 0 0 2 2 0 2 2 0 2 0 0 0 2 2 2 2 2 0 0 0 2 2 0 0 0 2 0 0 2 0 0 0 0 0 2 2 0 0 2 1 2 0 0 2 2 0 0 2 0 2 2 2 2 0 2 0 0 0 0 2 2 0 0 0 2 0 2 2 2 2 0 0 2 0 0 0 2 0 2 0 2 2 0 2 2 2 0 0 0 2 2 2 0 2 2 2 2 0 2 0 2 0 2 0 2 2 2 2 1 2 0 2 2 0 0 0 0 0 0 2 0 2 2 0 0 2 0 2 0 0 2 0 0 2 0 2
1020 2 0 2 2 2 2 2 2 2 2 0 0 2 2 2 2 2 2 2 2 2 0 2 2 2 2 2 0 2 2 0 0 2 2 2 2 2 0 2 0 2 2 2 0 2 2 2 2 2 2 2 0 0 2 2 2 2 0 2 0 2 2 2 0 2 2 0 2 0 2 0 0 2 0 2 2 2 0 2 2 2 2 2 2 2 2 2 2 2 2 2 2 2 2 2 2 2 2 2 2 2 2 0 0 2 2 2 2 2 0 2 2 2 2 0 2 2 2 2 2 2 2 2 2 2 2 2 2 2 2 2 2 2 2 2 2 2 2 2 2 2 2 2 2 2 2 0 2 2 2 2 2 2 2 2 2 2 2 2 2 2 2 2 2 2 2 2 2 0 2 2 2 2 2 2 2 0 2 2 2 2 2 2 2 2 2 2 2 2 2 2 0 2 2 2 2 2 2 2 2 2 2 2 2 2 2 2 2 2 2 2 2 2 2 0 2 2 2 2 2 2 2 2 2 2 2 0 2 2 2 2 2 2 2 2 0 2 2 2 2 2 2 2 2 2
1021 0 2 0 0 0 0 0 0 0 0 2 0 0 0 0 0 0 0 0 0 0 0 0 0 0 0 0 0 0 0 0 0 0 0 0 0 0 2 0 2 0 0 0 2 0 0 0 0 0 0 0 0 2 0 0 0 0 2 0 0 0 0 0 2 0 0 2 0 0 0 0 0 0 2 0 0 0 0 0 2 0 0 0 0 0 0 0 0 0 0 0 0 0 2 0 0 0 0 0 0 0 0 2 0 0 0 0 0 0 2 0 0 2 0 0 0 0 0 0 0 0 0 0 0 0 0 0 0 0 0 0 0 0 0 0 0 0 0 0 0 0 0 0 0 0 0 0 0 0 0 0 0 0 0 0 2 0 0 0 0 0 0 0 0 0 0 0 0 2 0 0 0 0 0 0 0 2 0 0 0 0 0 0 0 0 0 0 0 0 0 1 0 0 0 1 0 0 0 0 2 0 0 0 0 0 0 0 0 0 0 0 0 0 0 2 0 0 0 0 0 0 0 0 0 0 0 0 0 0 0 0 0 0 0 0 0 2 0 0 0 0 0 0 0 0
1022 2 2 2 2 2 2 0 2 2 2 2 2 2 2 2 2 2 0 2 2 2 2 2 2 0 2 0 2 0 2 2 2 0 2 2 2 2 2 2 2 2 2 2 2 2 2 0 2 2 2 2 2 2 2 2 2 2 2 2 2 2 2 2 2 2 2 2 2 2 2 2 0 0 2 2 2 2 2 2 2 2 2 2 0 2 2 2 2 2 2 2 2 2 2 2 0 2 2 2 2 2 2 2 2 2 2 2 2 0 2 2 2 2 2 2 2 2 2 2 0 2 2 2 2 2 0 2 2 2 2 2 2 2 0 2 2 2 2 0 2 2 2 2 2 2 2 2 2 2 2 2 2 2 2 2 2 2 2 2 2 2 2 2 2 2 2 2 1 2 2 2 2 2 2 2 2 2 2 2 2 2 2 2 0 2 2 2 2 2 2 1 2 2 2 2 2 2 2 2 2 2 2 2 2 2 2 2 2 0 2 2 2 2 2 2 2 2 2 2 0 2 2 2 2 2 2 2 2 2 2 2 2 2 2 2 2 2 2 2 2 2 2 2 2 2
1023 0 0 0 0 0 2 0 0 2 2 2 0 0 2 2 0 0 0 0 0 0 0 0 2 0 0 2 0 0 0 2 0 0 0 2 0 0 0 0 2 2 2 0 0 0 0 0 0 0 0 0 0 0 0 0 0 2 0 0 0 0 0 0 0 0 0 0 0 0 0 0 0 0 0 0 0 0 0 2 2 0 0 0 0 0 0 0 0 2 2 0 0 0 0 0 0 0 0 0 0 0 0 0 2 2 0 0 2 0 0 2 0 0 2 0 0 0 0 0 0 0 2 0 0 0 0 2 0 0 0 0 0 0 0 0 0 0 0 0 0 2 0 0 0 0 0 0 0 1 0 0 0 0 0 0 0 0 0 0 2 2 0 0 0 0 0 0 0 2 2 2 0 0 0 0 0 2 0 2 2 0 0 0 2 0 0 0 0 0 0 0 0 0 2 0 0 0 0 0 0 0 0 0 0 0 0 0 0 0 0 0 0 0 0 2 2 0 0 0 0 0 0 0 0 2 0 0 0 0 0 0 0 2 0 0 0 2 2 0 0 0 0 0 0 0
1024 2 2 2 2 2 2 2 2 2 2 2 2 2 2 2 2 2 2 2 2 2 2 2 2 2 2 2 2 2 2 2 2 2 2 2 2 2 2 2 2 2 2 2 2 2 2 2 0 2 2 2 2 2 2 2 2 2 2 2 2 2 2 2 2 2 2 2 2 0 2 2 2 2 2 2 2 2 2 2 2 2 2 2 2 2 2 2 2 2 2 2 2 2 2 0 2 2 0 2 2 2 2 2 2 2 0 2 2 2 2 2 2 2 2 2 2 2 2 2 2 2 2 2 2 2 2 0 2 2 2 2 2 0 2 0 2 2 2 2 2 2 2 2 2 2 0 2 2 2 0 2 2 2 2 2 2 2 2 2 2 2 2 2 2 2 2 2 2 2 2 2 2 2 2 2 2 2 2 2 2 0 0 2 2 2 2 2 2 2 2 2 2 2 0 2 2 2 2 0 2 0 2 0 2 0 2 2 0 2 2 2 2 2 2 2 2 0 2 2 2 2 2 2 2 2 2 2 2 2 2 0 0 2 2 2 2 2 2 2 2 2 2 2 2 2
1025 2 0 0 2 0 0 0 0 2 0 0 2 1 0 0 0 0 2 0 2 0 2 0 0 0 0 0 2 2 0 0 2 0 0 0 0 0 0 2 0 2 0 0 0 2 0 0 0 0 2 2 0 0 2 0 0 0 0 0 2 0 2 1 0 0 0 0 2 0 0 0 2 0 0 0 0 0 2 0 0 2 0 2 0 0 0 0 2 2 0 0 2 0 2 2 0 0 0 0 0 0 2 0 2 2 0 2 0 0 0 0 2 2 0 2 2 0 0 0 0 0 2 2 0 0 0 2 0 0 0 2 0 0 0 2 0 0 0 0 0 0 0 0 0 0 0 0 0 1 0 2 0 0 2 0 0 1 2 0 0 0 0 2 0 0 0 2 1 2 0 0 0 0 0 0 0 0 2 0 0 0 0 0 0 0 0 0 0 0 2 1 0 2 0 0 0 2 0 0 0 2 0 0 0 2 0 2 0 0 0 0 0 0 0 0 2 0 0 2 0 0 0 2 0 0 2 0 2 0 0 0 0 0 2 0 0 0 0 0 0 0 2 0 2 2
1026 2 0 0 2 0 0 0 0 2 0 0 2 0 0 0 0 2 2 0 2 2 2 0 0 0 0 0 2 2 0 0 2 2 2 0 0 0 0 2 2 2 0 0 2 2 0 0 0 0 2 2 0 2 2 0 0 2 0 0 2 2 2 2 2 0 0 0 2 0 0 0 2 0 2 2 0 0 2 0 0 2 0 2 2 0 0 0 2 2 0 0 2 0 2 2 2 0 0 0 0 0 2 0 2 2 0 2 0 0 0 0 2 2 0 2 2 2 0 0 2 0 2 2 2 0 0 2 0 0 0 2 0 0 2 2 0 0 0 2 0 0 0 0 0 0 0 0 0 1 0 2 0 0 2 0 2 0 2 0 0 0 0 2 0 0 0 2 2 2 0 2 2 0 0 0 0 0 2 0 0 0 0 0 0 0 0 0 0 0 2 2 0 2 0 0 0 2 0 0 0 2 0 0 0 2 0 2 0 0 0 0 0 0 0 0 2 0 0 2 2 0 0 2 0 2 2 0 2 0 1 0 0 0 2 0 1 0 0 0 0 1 2 0 2 2
1027 2 2 2 2 2 0 2 2 2 2 2 2 2 2 2 2 0 2 2 2 2 2 2 2 2 2 2 2 2 2 2 2 2 0 0 2 2 2 2 2 2 2 0 2 2 2 2 2 2 2 2 0 2 2 2 2 2 2 2 2 2 2 2 2 2 2 2 2 2 2 2 2 2 2 0 2 2 2 0 2 2 2 2 2 2 2 2 2 2 0 0 2 2 0 2 2 2 2 2 2 2 2 2 2 2 2 2 0 2 2 2 2 0 2 2 2 0 2 2 2 2 2 2 2 0 2 0 2 2 2 2 2 2 2 2 2 0 2 2 0 2 2 2 2 2 2 0 0 1 2 2 0 1 2 2 2 2 2 2 2 2 2 2 2 2 2 2 2 2 2 2 0 2 2 2 2 2 2 2 2 2 2 2 2 2 2 2 2 2 2 2 2 2 2 2 2 2 2 2 2 2 2 2 2 2 2 2 2 2 2 0 2 2 2 2 2 2 2 0 2 2 2 2 2 2 2 2 2 2 2 2 2 2 2 2 2 2 2 2 2 0 2 2 2 2
1028 0 0 0 0 0 0 0 0 0 2 0 0 0 0 0 0 0 0 2 0 0 0 0 0 0 0 0 0 0 2 0 0 0 0 0 0 0 0 0 0 0 2 0 0 0 0 0 2 0 0 0 0 0 0 0 0 0 0 0 0 0 0 0 0 0 0 0 0 2 0 0 0 0 0 0 2 0 0 0 0 0 0 0 0 0 0 0 0 0 0 0 0 0 0 0 0 0 2 0 0 0 0 0 0 0 0 0 0 0 0 2 0 0 2 0 0 0 0 0 0 0 0 0 0 0 0 0 0 0 0 0 0 0 0 0 0 0 0 0 0 2 0 0 0 0 0 0 0 0 0 0 0 0 0 0 0 0 0 0 2 0 0 0 0 0 0 0 0 0 2 0 0 0 0 0 0 0 0 2 2 0 0 0 0 0 0 0 0 0 0 0 0 0 2 0 0 0 0 0 0 0 0 0 0 0 0 0 0 0 0 0 0 0 0 0 0 0 0 0 0 0 0 0 0 0 0 0 0 0 0 2 0 2 0 0 0 0 2 0 0 0 0 0 0 0
1029 0 2 0 0 2 2 2 0 0 2 0 0 2 0 2 2 0 0 2 0 0 0 2 0 0 2 0 0 0 2 0 0 0 2 2 0 2 2 0 0 0 2 2 2 0 0 0 2 0 0 0 2 0 0 2 2 0 2 0 0 0 0 1 0 2 2 2 0 2 2 2 0 2 0 0 2 0 0 0 0 0 0 0 2 2 0 0 2 0 2 0 0 0 0 2 0 0 2 0 0 0 2 2 0 2 2 0 0 0 2 2 0 0 2 0 0 2 2 2 0 0 0 0 2 0 2 0 2 2 2 2 0 2 0 2 0 0 2 0 0 2 0 0 0 2 2 2 2 1 2 2 2 2 0 2 2 0 2 0 2 0 0 0 0 0 2 2 0 2 2 0 2 0 0 0 2 0 0 2 2 2 2 2 0 0 0 0 2 2 0 1 0 2 2 1 0 2 2 2 0 2 0 2 2 2 0 2 2 0 0 2 2 0 2 2 2 2 2 2 0 2 2 0 2 0 0 0 2 0 0 2 2 2 2 2 0 0 2 2 2 2 2 2 2 0
1030 0 2 2 2 2 2 2 2 0 0 2 2 2 2 2 2 2 0 2 0 2 2 2 2 2 2 2 2 0 2 2 2 2 2 2 2 2 2 0 2 2 0 2 2 0 2 2 2 2 2 2 2 2 2 2 2 2 2 2 2 2 0 2 2 2 2 2 2 2 2 2 0 2 2 2 2 2 2 2 0 2 2 2 2 2 2 2 2 2 2 2 0 2 2 2 2 2 2 2 2 2 2 2 2 2 2 2 2 2 2 0 2 2 0 2 0 2 2 2 2 2 0 0 2 2 2 0 2 2 2 2 2 2 2 2 2 2 2 2 2 0 2 2 2 2 0 2 2 2 2 2 2 2 2 2 2 2 2 2 2 2 2 2 2 2 2 2 2 2 2 2 2 2 2 2 2 2 2 2 0 2 2 2 2 2 2 2 2 2 0 1 2 2 2 2 2 2 2 2 2 2 2 2 2 2 2 2 2 2 2 2 2 2 2 2 2 2 2 2 2 2 2 2 2 2 2 2 2 2 2 2 2 0 2 2 2 2 0 2 2 2 2 2 2 2
1031 2 0 2 2 0 2 2 2 2 0 2 2 0 2 0 2 2 2 0 2 2 2 2 2 2 2 2 2 2 0 2 2 0 2 2 2 0 0 2 2 0 0 2 2 2 2 2 2 2 2 0 2 0 2 2 2 2 0 2 0 2 2 2 0 0 0 0 2 2 2 2 2 0 0 2 0 2 2 2 2 2 2 2 0 2 2 2 2 2 2 2 2 2 2 2 0 2 2 2 2 2 2 0 0 2 2 2 2 2 0 0 2 2 0 0 2 2 0 2 0 2 2 0 2 2 2 2 2 0 2 2 2 2 0 2 2 2 2 0 2 0 2 2 2 2 2 2 2 1 2 2 2 2 2 2 0 2 2 2 0 2 2 2 2 2 0 2 1 2 0 0 2 2 2 2 2 2 2 0 0 2 2 2 2 0 2 0 2 2 2 2 2 2 2 0 2 2 2 2 2 2 2 2 2 2 1 2 2 2 2 2 2 2 2 2 2 2 2 2 0 2 2 2 2 0 2 2 2 0 0 2 2 0 2 2 2 2 0 2 2 2 2 2 2 2
1032 2 2 2 2 2 0 0 2 2 2 2 2 2 2 2 2 2 2 2 2 2 2 2 2 0 2 2 2 2 2 2 2 2 1 2 2 2 2 2 2 2 2 1 2 2 2 2 2 2 2 2 2 2 2 2 2 2 2 2 2 2 2 1 2 2 2 2 2 2 2 2 2 2 2 2 2 2 2 2 2 2 2 2 2 0 2 2 2 2 2 0 2 2 2 2 2 2 0 2 2 2 2 2 2 2 0 2 2 2 2 2 0 2 2 2 2 2 2 2 2 2 2 2 2 2 0 2 0 2 2 2 2 2 2 2 2 2 2 2 0 2 2 0 2 2 2 2 0 1 2 0 0 2 2 0 0 0 2 2 2 2 2 2 2 2 2 2 2 2 2 2 0 0 0 0 2 2 2 2 2 2 2 0 2 0 2 2 2 2 2 2 2 2 2 1 2 0 2 2 2 2 0 2 2 2 2 0 2 2 0 0 2 2 2 2 2 2 2 2 2 2 2 2 2 2 2 2 2 2 2 2 2 2 2 2 2 2 2 2 2 2 2 2 2 2
1033 0 2 0 0 0 2 2 0 0 0 0 0 0 0 0 0 0 0 0 0 0 0 2 0 2 0 0 0 0 0 0 0 0 0 0 0 0 2 0 2 0 0 0 0 0 0 0 0 0 0 0 0 0 0 2 2 0 2 0 0 0 0 1 0 0 0 2 0 0 0 2 0 0 0 0 0 0 0 0 0 0 0 2 0 0 0 0 0 0 0 2 0 0 0 0 0 2 2 0 0 0 0 2 0 0 2 2 0 0 2 0 2 0 0 0 0 0 0 0 0 0 0 0 0 0 2 0 2 0 0 0 0 0 0 2 0 0 0 0 2 0 0 2 0 0 0 0 2 1 0 2 2 0 2 0 2 0 0 0 0 0 0 0 0 0 0 0 0 2 0 2 0 2 0 2 0 0 2 0 0 0 0 0 0 0 2 0 0 2 0 0 0 0 0 1 0 0 2 0 2 0 2 2 2 2 0 0 0 0 2 2 0 0 0 2 0 2 1 2 0 0 0 0 2 2 2 0 0 0 0 0 0 0 0 0 0 0 0 0 0 0 0 0 2 2
1034 2 2 2 2 2 2 2 2 2 0 2 2 2 2 2 2 2 2 0 2 2 2 2 2 2 2 2 2 2 0 2 2 0 2 2 2 2 2 2 2 2 2 2 2 2 2 2 2 2 2 2 2 0 2 2 2 2 2 2 2 2 2 2 0 2 2 2 2 0 2 2 2 2 0 2 0 2 2 2 2 2 2 2 2 2 2 2 2 2 2 2 2 2 2 2 0 2 2 2 2 2 2 2 2 2 2 2 2 2 2 2 2 2 0 2 2 2 2 2 0 2 2 2 2 2 2 2 2 2 2 2 2 2 0 2 2 2 2 0 2 2 2 2 2 2 2 2 2 2 2 2 2 2 2 2 2 2 2 2 0 2 2 2 2 2 2 2 1 2 0 2 2 2 2 2 2 2 2 0 0 2 2 2 2 2 0 2 2 2 2 2 2 2 2 2 2 2 2 2 2 2 2 2 2 2 2 2 2 2 2 2 2 2 2 2 2 2 2 2 0 2 2 2 2 2 2 2 2 2 2 2 2 0 2 2 2 2 0 2 2 2 2 2 2 2
1035 2 2 2 2 0 2 2 2 2 2 2 2 0 2 2 2 2 2 2 2 2 2 2 2 2 2 2 2 2 2 2 2 2 2 2 1 0 2 2 2 0 2 2 2 2 2 2 2 2 2 2 2 2 0 2 2 2 2 2 2 2 2 2 2 2 0 2 2 2 0 2 2 2 2 2 2 2 2 2 2 0 2 2 2 2 0 2 2 2 2 2 2 2 0 2 2 2 2 2 2 2 2 2 2 2 2 0 2 2 2 2 2 0 2 2 2 2 2 2 2 0 2 2 2 2 2 2 2 2 2 2 2 0 2 2 0 2 2 2 2 2 2 2 2 2 2 2 2 2 2 2 2 2 0 2 2 2 2 2 2 2 2 2 2 2 0 0 2 2 2 2 2 2 2 2 2 2 0 2 2 0 2 2 2 2 2 2 2 0 2 2 2 2 2 1 0 2 2 2 2 2 2 2 2 2 0 2 2 2 2 2 0 2 2 2 2 2 2 0 2 2 2 2 2 2 2 2 0 2 2 2 2 2 0 0 2 2 2 2 2 2 0 0 0 0
1036 2 2 2 2 2 2 2 2 0 2 2 2 2 2 0 2 0 2 2 0 2 2 2 2 2 2 2 2 2 2 0 2 2 0 2 2 2 2 2 2 2 2 2 2 2 2 2 2 2 2 2 2 2 0 2 2 2 2 2 2 2 2 1 2 2 2 2 0 2 0 2 2 2 2 0 2 2 2 2 0 2 2 0 2 0 2 2 2 0 2 2 2 0 2 2 2 2 2 2 2 2 0 2 0 0 2 2 2 2 2 2 0 2 2 0 2 2 2 2 2 2 0 0 2 2 2 2 2 2 2 2 2 2 2 2 2 2 2 2 0 2 2 2 0 2 2 2 2 1 2 2 2 2 2 0 2 0 0 0 2 0 2 2 2 2 2 2 2 2 2 0 2 2 2 2 2 2 2 2 2 2 2 0 2 2 2 2 2 2 2 1 2 2 0 2 2 0 2 2 2 2 2 0 2 2 2 0 2 2 2 2 2 2 2 2 2 0 2 2 2 2 2 0 2 0 0 2 2 2 0 2 0 2 2 2 0 2 2 2 2 2 2 2 2 2
1037 0 0 2 2 0 0 2 0 0 2 2 2 0 2 0 0 0 2 2 0 0 2 2 2 0 0 2 2 2 2 0 2 0 0 0 0 0 0 2 2 2 2 0 0 2 2 2 2 2 0 2 0 0 0 2 2 0 0 2 2 2 2 1 0 0 0 0 2 0 0 2 2 2 0 0 2 2 2 2 0 0 0 0 2 0 0 2 2 0 0 0 2 0 0 0 0 0 2 0 2 0 0 0 2 0 0 0 2 0 0 2 0 0 2 0 2 0 0 0 0 0 0 0 0 0 2 2 2 0 0 2 0 0 0 0 0 0 0 0 0 2 0 0 0 2 0 0 0 0 2 0 0 2 0 0 2 0 0 0 2 0 2 0 0 0 0 0 0 0 2 0 2 2 2 0 0 2 0 2 2 0 2 0 2 2 2 0 0 0 2 1 0 2 0 0 0 0 0 0 0 0 2 0 2 0 0 0 0 2 2 0 0 2 2 2 2 0 0 0 0 2 0 2 2 0 0 0 0 0 0 2 0 2 0 0 0 2 2 0 2 0 0 0 0 0
1038 2 2 2 2 2 2 2 2 2 2 2 2 2 2 2 0 2 2 2 2 2 2 2 2 2 0 2 2 2 2 0 2 2 2 2 2 2 2 2 2 2 2 2 2 2 2 2 2 2 2 2 2 2 2 2 2 2 2 2 2 0 2 2 2 2 2 2 2 2 2 2 2 2 2 2 2 2 2 2 2 2 2 2 2 2 2 2 0 2 2 2 2 2 2 2 2 2 2 2 2 2 2 2 0 2 2 2 2 2 2 2 2 2 2 2 2 2 2 2 2 2 2 0 2 2 2 2 2 2 0 2 2 2 2 2 2 2 0 2 2 2 2 2 2 2 2 2 2 2 2 2 2 2 2 2 2 2 2 2 2 2 2 2 2 2 2 2 2 2 2 2 2 2 0 2 2 0 2 2 2 2 2 2 2 0 2 2 2 2 2 2 2 0 2 2 2 2 2 2 2 2 2 2 2 2 2 2 2 2 2 2 2 2 2 2 2 2 2 2 2 2 2 2 2 2 2 2 2 2 2 2 0 2 2 2 2 2 2 2 2 2 2 2 2 2
1039 2 0 2 2 0 0 0 2 2 0 0 2 0 2 2 0 0 2 2 2 2 2 2 2 2 0 0 2 2 2 0 2 2 2 0 0 0 0 0 2 0 0 2 0 2 2 2 0 2 0 0 0 2 0 2 2 0 0 2 2 0 2 0 2 0 0 0 2 2 0 0 0 0 2 0 2 2 2 0 0 2 0 2 0 2 2 2 0 0 0 0 0 2 0 2 2 2 0 2 2 0 0 0 0 0 0 0 0 0 0 0 0 0 0 0 0 0 0 0 2 0 2 0 0 2 0 2 0 0 0 0 0 0 2 0 2 0 0 2 2 0 2 0 0 2 2 0 2 1 0 2 2 0 0 0 0 2 0 0 0 0 0 2 2 0 0 0 2 0 0 2 0 0 0 2 2 0 0 0 0 0 0 0 0 0 0 0 2 2 2 1 0 0 2 0 2 0 0 2 0 0 2 2 0 0 0 0 2 2 0 0 0 2 2 0 2 2 1 0 2 2 2 2 2 2 2 0 0 0 0 0 0 0 0 0 0 0 0 0 2 0 0 0 2 0
1040 2 2 0 2 0 2 2 2 2 2 2 0 0 2 2 2 2 2 2 0 2 0 2 2 2 2 2 0 2 2 2 0 2 2 2 2 0 2 0 0 2 2 2 2 0 0 0 2 0 0 2 2 2 2 2 2 2 2 0 0 2 0 2 2 2 0 2 0 2 0 0 2 2 2 2 2 0 0 2 2 2 2 2 2 2 2 0 2 2 2 2 0 2 2 2 2 2 2 2 0 2 2 2 0 2 2 2 2 2 2 2 2 2 2 0 2 2 2 2 2 2 0 0 2 2 2 0 2 2 2 2 2 2 2 2 2 2 2 2 2 2 2 2 2 0 2 2 2 2 2 2 2 0 2 2 2 2 0 2 2 2 2 2 2 2 2 2 2 2 2 2 0 2 2 2 2 2 2 2 2 2 2 0 2 2 0 2 2 2 0 0 2 2 2 2 2 2 2 2 2 2 2 0 2 2 2 2 2 0 2 2 2 0 0 2 0 0 2 2 2 0 2 0 0 2 2 2 2 0 2 2 2 2 2 2 2 2 2 2 2 2 2 2 2 2
1041 0 0 0 0 0 0 0 0 0 0 0 0 0 0 0 0 0 0 0 0 0 0 0 0 0 0 0 0 0 0 0 0 0 0 0 2 0 0 0 0 0 0 0 0 0 0 0 0 0 0 0 0 0 0 0 0 0 0 0 0 0 0 1 0 2 0 0 0 0 0 0 0 0 0 0 0 0 0 0 0 0 0 0 0 0 0 0 0 0 0 0 0 0 2 1 0 0 0 0 0 0 0 0 0 0 0 1 0 0 0 0 0 2 0 0 0 0 2 0 0 1 0 0 0 0 0 0 0 0 0 0 0 0 0 0 0 0 0 0 0 0 0 0 0 0 0 0 0 0 0 1 1 0 1 0 0 0 0 0 0 0 0 0 1 0 0 2 0 0 0 0 0 0 0 0 0 0 1 0 0 0 0 0 0 0 0 0 0 2 0 0 0 0 0 0 0 0 0 2 0 0 0 0 0 0 0 0 2 0 0 0 0 0 0 0 0 0 0 0 0 0 0 0 0 0 0 0 1 0 0 0 1 0 1 0 0 0 0 0 2 0 0 0 1 1
1042 2 2 0 2 2 2 2 2 0 2 0 2 2 0 2 2 2 0 2 0 2 2 2 0 2 2 2 2 0 2 2 2 2 2 2 1 2 2 0 0 0 0 2 2 2 0 0 2 0 2 2 2 2 2 2 2 2 2 0 0 0 2 1 2 2 2 2 0 2 2 0 2 2 2 2 2 0 2 2 2 2 2 2 2 2 2 0 2 2 2 2 0 2 0 0 2 2 2 2 0 2 2 2 0 2 0 0 2 2 2 0 2 0 2 2 2 2 2 2 2 0 0 2 2 2 2 0 2 2 2 2 2 2 2 0 2 2 0 2 2 0 2 2 2 0 2 2 2 2 0 0 0 2 0 2 2 2 2 2 2 2 2 2 0 2 2 0 2 2 2 2 2 2 2 2 2 2 0 2 2 2 0 2 2 2 2 2 2 0 2 2 2 2 2 2 2 2 2 2 2 0 2 2 2 0 2 2 2 0 2 2 2 0 0 2 0 2 2 2 2 0 2 0 2 2 2 2 0 2 2 2 2 2 0 2 2 2 2 2 2 2 0 2 0 0
1043 2 2 2 2 2 2 2 2 2 2 2 0 2 2 2 2 2 2 2 2 2 0 2 2 2 2 2 0 2 2 2 0 2 2 2 2 2 2 2 2 2 0 0 2 2 2 2 2 2 2 2 2 2 2 2 2 2 2 2 2 2 2 2 2 2 2 2 2 2 2 2 2 2 2 2 2 2 0 2 2 2 2 2 2 2 2 2 0 2 2 2 2 2 2 2 2 2 2 2 2 2 2 2 2 2 2 2 2 2 2 0 2 2 2 2 2 2 2 2 2 2 2 2 2 2 2 2 2 2 2 2 0 2 2 2 2 2 2 2 2 0 2 2 2 2 2 2 2 2 2 2 2 0 2 2 2 2 2 2 2 0 2 2 2 2 2 0 2 2 2 2 2 2 0 0 2 0 2 2 2 2 2 2 2 0 2 2 2 2 2 2 2 0 2 2 2 2 2 2 2 2 2 2 0 2 2 2 2 2 2 2 2 2 2 2 2 2 2 2 2 2 2 2 2 2 2 2 2 2 2 2 2 2 2 2 2 2 2 2 2 2 2 2 2 2
1044 2 2 2 2 2 2 2 2 0 2 2 0 2 2 2 2 2 2 0 2 2 0 2 2 2 2 2 0 2 0 2 0 2 2 2 2 2 2 0 0 2 2 2 2 2 2 2 2 2 2 2 2 2 0 2 2 2 2 2 2 2 2 1 2 2 2 2 2 2 2 2 2 2 2 2 0 2 0 2 2 2 0 2 2 2 2 2 0 2 2 2 0 2 2 2 2 2 2 2 2 2 2 2 2 2 0 2 2 2 2 2 2 2 2 2 2 2 2 2 2 2 0 2 0 0 2 2 2 2 2 2 2 2 2 2 2 2 2 2 2 2 2 2 2 2 2 2 2 2 2 2 2 2 2 2 2 2 2 2 2 2 2 2 2 2 2 2 2 2 2 2 2 2 2 2 2 0 2 2 2 2 2 2 2 2 0 2 2 2 2 2 0 0 2 2 2 0 2 2 2 2 2 2 2 2 2 2 2 2 2 2 2 2 2 0 2 2 2 0 2 2 2 2 2 2 2 0 2 2 0 2 2 2 2 2 2 2 2 2 2 2 2 2 2 2
1045 2 0 2 0 2 2 2 2 2 2 1 2 2 2 2 2 2 2 2 2 2 2 2 2 2 2 2 2 2 2 2 2 2 2 2 2 2 0 2 2 0 2 2 2 2 2 0 2 2 2 2 2 2 2 2 2 2 0 2 0 2 2 2 2 0 2 0 2 2 2 2 2 2 2 2 2 2 2 2 2 2 2 2 2 2 2 2 2 0 2 2 2 0 2 2 2 2 2 2 2 2 2 0 0 2 0 2 2 2 0 2 2 2 2 2 2 2 0 2 2 2 2 2 2 0 2 2 2 2 2 2 0 0 2 2 2 2 2 2 2 2 2 2 0 2 2 2 2 2 2 0 2 2 2 2 2 0 2 0 2 2 2 2 2 0 2 2 2 2 2 2 0 0 2 2 2 2 2 2 2 0 2 0 2 2 0 2 2 2 2 2 2 2 2 2 2 2 2 2 2 2 2 2 2 2 2 2 2 0 2 0 0 2 2 2 2 2 2 2 2 2 2 2 2 2 2 2 2 2 2 2 2 2 2 0 2 2 2 2 2 2 2 2 2 2
1046 2 2 2 2 2 2 2 2 2 2 2 2 2 2 2 2 0 2 2 2 2 2 0 2 2 2 2 2 2 2 2 2 2 2 2 1 2 2 2 2 2 2 2 2 2 2 2 2 2 2 2 2 2 2 0 0 2 2 2 2 2 2 2 2 2 2 2 2 2 2 2 2 2 2 0 2 2 2 2 2 2 2 2 2 2 2 2 2 2 2 2 2 2 0 0 2 2 2 2 2 0 2 2 2 2 2 0 2 2 2 2 2 0 2 2 2 2 2 2 2 0 2 2 2 2 2 2 2 2 2 2 2 2 2 2 2 2 2 2 2 2 2 2 2 2 2 2 2 2 2 2 0 2 0 2 2 2 2 2 2 2 2 2 0 2 2 2 2 2 2 2 2 2 2 2 2 2 0 2 2 2 2 2 2 2 2 2 2 0 2 0 2 2 2 2 2 2 2 2 2 2 2 2 2 2 2 2 2 2 2 2 2 2 2 2 2 2 2 2 2 2 2 2 0 2 2 2 2 2 2 2 0 2 2 2 2 2 2 2 2 2 2 2 2 0
1047 2 0 2 2 2 2 2 2 2 2 2 2 2 2 2 2 2 2 2 2 2 2 0 2 2 2 2 2 2 2 2 2 0 2 2 2 2 0 2 2 2 2 2 2 2 2 2 2 2 2 2 2 2 2 0 0 2 0 2 2 2 2 0 2 2 2 0 2 2 2 2 2 2 2 2 2 2 2 2 2 2 2 2 2 2 2 2 2 2 2 2 2 2 2 2 0 2 2 2 2 2 2 0 2 2 2 2 2 2 0 2 2 2 2 2 2 2 2 2 0 2 2 2 2 2 2 2 2 2 2 2 2 2 0 2 2 2 2 2 2 2 2 2 2 2 2 2 2 2 2 2 2 2 2 2 2 2 2 2 2 2 2 2 2 2 2 0 2 2 2 2 2 2 2 0 2 2 2 2 2 2 2 2 2 2 2 2 2 2 2 1 2 2 2 2 2 2 2 2 2 2 2 2 2 2 2 2 2 2 2 2 2 2 2 0 2 2 2 2 2 2 2 2 0 2 2 2 2 2 2 2 2 2 2 2 2 2 2 2 2 2 2 2 2 2
1048 2 2 2 2 2 2 2 0 2 2 2 2 2 2 2 2 2 2 2 2 2 2 2 2 2 2 2 2 2 2 2 2 2 2 2 1 2 2 2 2 2 2 2 2 2 2 2 2 2 2 2 2 0 2 2 2 2 2 2 2 2 2 2 0 2 2 2 2 2 2 2 2 2 0 2 2 2 2 2 2 2 2 2 2 2 2 2 2 2 2 2 2 2 0 2 2 2 2 0 2 2 2 2 2 2 2 2 2 0 2 2 2 0 2 2 2 0 2 2 2 0 2 2 2 2 2 0 2 2 2 2 2 2 2 2 2 0 2 2 2 2 2 2 0 0 0 2 2 2 2 2 2 2 2 0 2 2 0 0 2 2 0 2 2 2 2 2 1 2 2 0 2 2 2 2 2 0 2 2 2 2 2 0 2 2 2 0 2 2 2 2 2 2 2 2 2 2 0 2 2 2 2 0 2 2 2 2 2 2 2 2 2 2 0 2 2 0 2 2 0 0 2 2 2 0 2 2 2 2 2 2 2 2 2 2 2 2 2 2 2 0 2 0 2 2
1049 2 2 2 2 2 2 2 2 2 2 2 2 2 2 2 2 0 2 2 2 2 2 2 2 2 2 2 2 2 2 2 2 2 2 2 2 2 2 2 2 2 2 2 2 2 2 2 2 2 2 2 2 2 2 2 2 2 2 2 2 2 2 2 2 2 2 2 2 2 2 2 2 2 2 0 2 2 2 2 2 2 2 2 2 2 2 2 2 2 2 2 2 2 2 2 2 2 0 2 2 2 2 2 2 2 2 2 2 2 2 2 2 2 2 2 2 0 2 2 2 2 2 2 2 2 2 2 2 2 2 2 2 2 2 2 2 0 2 2 2 2 2 2 2 2 2 2 2 2 0 2 2 2 2 2 2 2 0 2 2 2 2 2 2 2 0 2 2 2 2 2 2 2 2 2 2 2 2 2 2 2 2 2 2 2 2 2 2 2 2 2 2 2 2 2 2 2 2 0 2 2 2 0 2 2 2 0 0 2 2 2 2 2 2 2 2 0 2 2 2 2 2 2 2 2 2 2 2 2 2 2 2 2 2 2 2 2 2 2 2 0 2 2 2 2
1050 0 2 0 2 2 0 0 2 2 0 2 2 2 2 0 0 2 2 0 2 2 2 0 2 0 0 2 2 2 0 0 2 0 2 0 1 2 2 2 2 0 0 0 0 0 0 0 0 0 0 0 2 0 0 0 0 0 2 0 2 0 0 0 0 0 2 2 0 0 2 2 2 0 0 2 0 0 2 0 0 2 0 2 0 2 0 0 0 0 0 0 2 2 0 0 0 0 2 2 0 0 0 2 2 0 0 0 2 0 2 0 2 0 0 2 2 2 0 0 0 0 2 2 0 2 0 0 0 0 0 0 0 0 0 0 0 2 0 0 0 0 0 0 0 0 0 2 0 0 2 0 0 0 0 0 0 0 2 0 2 0 2 0 0 0 2 0 0 0 2 2 2 0 0 0 0 0 0 2 0 0 0 0 2 0 0 0 0 0 0 0 0 0 0 0 0 0 0 2 2 0 0 2 0 0 0 2 2 0 0 2 0 0 0 0 0 2 0 0 0 0 0 0 0 2 2 0 0 2 0 2 0 0 0 0 0 0 0 0 0 2 0 0 0 0
1051 2 2 2 2 0 2 2 2 0 0 0 0 0 0 2 2 2 2 2 2 2 0 2 0 2 2 2 0 2 2 2 0 2 2 2 2 0 2 2 2 2 2 2 2 2 2 2 2 2 2 2 2 2 2 2 2 2 2 2 2 2 2 2 2 2 0 2 2 2 2 2 2 2 2 2 2 2 0 2 2 2 2 2 2 2 2 2 2 2 2 2 2 2 2 2 2 2 2 2 2 2 2 2 0 2 2 2 2 2 2 2 2 2 0 2 2 2 2 2 2 2 0 2 2 2 2 2 2 2 2 2 2 2 2 2 2 2 2 2 2 2 2 2 2 2 2 2 2 2 2 2 2 2 2 2 2 2 2 2 0 2 2 2 2 2 2 2 2 2 0 2 2 2 2 2 2 2 2 0 0 2 2 2 2 2 2 2 2 2 2 2 2 2 2 2 2 2 2 2 2 2 2 2 2 2 2 2 2 2 2 2 2 2 2 2 2 2 2 2 2 2 2 2 2 2 2 2 2 2 2 2 2 0 2 2 2 2 0 2 2 2 2 2 2 2
1052 2 2 0 0 2 2 2 2 0 0 0 0 2 2 2 2 2 2 2 2 2 0 2 2 2 2 2 0 2 2 0 0 2 2 2 2 2 2 2 2 2 2 2 2 2 0 2 2 0 2 2 2 0 2 2 2 2 2 0 2 2 2 2 0 2 2 2 0 0 2 2 2 2 0 2 2 0 0 2 2 2 2 2 2 2 2 0 0 2 2 2 2 2 0 2 2 2 2 2 0 2 0 2 0 2 2 2 0 2 2 2 2 0 0 2 2 2 2 2 2 2 2 2 2 2 2 2 2 2 2 2 2 2 2 2 2 2 2 2 2 2 2 2 2 2 2 2 2 2 2 2 2 2 2 2 2 2 2 2 2 2 2 2 2 2 2 2 1 2 2 2 2 2 2 2 2 0 2 2 0 2 2 2 2 2 2 0 2 2 2 2 2 0 2 2 2 2 0 2 2 2 2 2 2 2 2 2 2 2 2 2 2 0 2 0 2 2 2 2 0 2 2 0 2 2 2 2 2 2 2 2 2 0 2 2 2 2 0 2 2 2 2 2 2 2
1053 0 0 0 0 0 2 2 2 0 0 0 0 0 0 0 0 0 0 2 0 0 0 0 0 0 0 0 0 0 2 0 0 2 0 2 0 0 0 2 0 0 2 0 2 0 0 0 0 0 2 2 2 0 2 0 0 2 0 0 2 0 0 2 0 0 0 0 0 0 0 0 2 2 0 0 2 0 0 2 0 2 0 0 2 0 0 0 0 2 2 0 2 0 0 2 2 2 2 2 0 0 0 0 0 2 2 0 0 0 0 2 0 0 0 0 2 2 0 0 2 0 0 2 0 0 2 0 0 2 0 0 2 0 2 0 0 2 2 0 0 2 0 0 0 2 0 2 2 1 2 0 0 2 0 0 2 2 2 0 0 2 2 2 0 0 2 0 1 2 0 2 2 2 0 0 0 0 0 0 0 0 0 0 0 0 2 0 2 0 0 0 0 0 2 0 0 0 0 0 2 2 0 2 0 0 0 0 0 0 2 2 0 0 2 0 2 2 1 0 0 2 0 0 0 2 0 0 2 0 2 2 0 0 0 0 0 2 0 0 0 2 2 0 0 0
1054 2 2 0 2 2 2 2 2 2 2 0 2 2 2 2 2 2 2 2 2 2 2 2 2 2 2 2 2 2 2 2 2 2 2 2 2 2 2 2 2 0 2 2 2 2 0 2 2 0 2 2 2 0 2 2 2 2 2 0 2 0 2 2 0 2 2 2 2 2 2 2 2 2 0 2 2 0 2 2 2 2 2 2 2 2 2 0 2 2 2 2 2 2 2 2 2 2 2 2 0 2 2 2 0 2 2 2 2 2 2 2 2 2 2 0 2 2 2 2 2 2 2 2 2 2 2 0 2 2 2 2 2 2 2 2 2 2 2 2 2 2 2 2 2 2 2 2 2 2 2 2 2 2 2 2 2 2 2 2 2 2 2 2 2 2 2 2 2 2 2 2 2 2 2 2 2 2 2 2 2 2 2 2 2 2 2 2 2 2 2 2 2 2 2 2 2 2 2 2 2 2 2 2 2 2 2 2 2 2 2 2 2 0 2 2 2 2 2 2 2 2 2 2 2 2 2 2 2 2 2 2 2 2 2 2 2 2 2 2 2 2 2 2 2 2
1055 2 2 2 2 2 2 2 2 0 2 2 0 2 2 0 0 0 2 0 0 2 0 0 2 2 0 2 0 2 0 2 0 2 0 2 2 2 2 2 2 2 2 2 2 2 2 2 2 2 2 2 0 2 2 0 0 2 2 2 2 2 2 2 2 2 2 2 2 2 0 2 2 0 2 0 0 2 0 2 2 0 2 0 0 0 0 2 2 0 2 2 2 0 0 0 2 2 2 2 2 2 0 2 2 2 0 2 2 2 2 2 0 0 2 2 2 2 2 2 2 2 0 2 2 0 2 2 2 2 0 2 0 0 2 0 0 2 2 0 2 2 2 0 2 2 0 0 0 1 2 0 2 2 2 0 2 2 2 2 2 2 0 2 0 0 0 2 2 2 2 0 2 2 2 2 2 2 2 2 2 0 0 2 2 2 2 0 0 0 2 1 0 2 2 2 0 2 0 0 0 2 0 2 0 0 2 2 0 2 2 2 2 2 2 0 2 2 2 2 2 2 2 2 0 0 0 0 0 2 2 0 0 2 2 2 2 2 2 2 0 2 2 2 2 2
1056 0 0 0 0 0 2 2 2 0 2 0 2 0 2 2 2 2 2 2 2 0 2 0 2 2 2 2 2 2 2 2 2 2 0 2 2 0 0 2 0 2 2 2 2 2 0 2 0 0 0 2 0 0 2 0 0 2 0 0 0 2 2 2 0 2 0 0 2 0 0 2 0 2 0 2 2 0 2 0 2 2 2 2 2 0 2 0 2 2 2 2 2 0 2 2 2 2 2 2 0 2 2 0 0 2 2 2 2 2 0 2 0 2 2 0 2 0 2 2 2 2 0 2 2 0 2 2 2 2 2 2 2 2 2 2 2 2 2 2 2 2 2 2 2 2 0 0 2 2 2 2 2 2 2 0 2 2 2 2 2 2 2 2 2 2 2 2 1 2 2 2 2 2 2 2 2 0 2 2 2 2 2 0 2 2 2 2 2 2 2 1 2 2 2 2 2 2 2 2 2 0 2 2 2 2 2 2 2 2 2 2 2 0 2 2 2 2 0 2 0 2 0 2 0 2 2 2 2 2 2 2 2 2 2 2 2 2 2 2 2 0 2 2 2 2
1057 2 2 2 2 2 2 0 2 0 2 2 2 2 2 2 0 2 2 2 2 2 2 2 2 2 0 2 2 2 2 2 2 0 2 2 2 2 2 2 2 2 2 0 2 2 2 2 2 2 2 2 2 2 2 2 2 2 2 2 2 0 2 0 2 2 2 2 0 2 2 0 2 2 2 2 2 2 2 2 2 2 2 2 2 2 2 2 0 2 2 2 2 2 2 0 0 2 2 2 2 2 2 2 2 2 2 2 2 2 2 2 2 2 2 2 2 2 2 2 0 2 0 2 0 0 0 2 2 2 0 2 0 2 0 2 2 2 2 0 2 0 2 2 2 0 2 2 2 2 2 0 2 2 2 2 2 2 2 2 2 2 2 2 2 2 2 2 2 2 2 2 2 2 2 2 2 2 2 2 2 2 2 2 2 2 2 0 0 2 2 2 2 0 2 2 2 2 0 2 2 2 2 0 0 2 2 2 2 2 2 2 2 2 0 0 2 0 2 2 2 0 2 0 2 2 2 2 2 2 2 2 0 2 2 2 2 2 2 2 0 2 2 2 2 2
1058 2 0 2 2 2 2 0 2 2 2 2 2 2 2 0 0 2 2 2 2 2 2 2 2 2 0 2 2 2 2 2 2 2 2 0 2 2 0 2 2 2 2 2 2 2 2 2 2 2 0 2 2 0 2 2 2 2 0 2 2 2 2 2 0 2 2 0 2 0 2 2 2 2 0 2 2 2 2 2 2 2 2 2 2 2 0 2 2 2 0 2 2 2 2 2 2 2 2 2 2 0 2 0 2 2 2 0 0 0 0 2 2 2 2 2 0 2 2 2 2 2 2 0 2 2 0 2 2 2 0 0 2 0 2 2 0 2 2 2 2 2 2 2 2 2 0 2 0 1 2 0 0 2 0 2 2 2 2 2 2 0 2 2 0 2 2 0 1 2 2 2 0 2 2 0 2 0 0 2 2 0 2 2 2 2 2 0 0 0 2 2 0 2 2 1 0 0 0 2 2 2 2 2 0 2 0 0 2 2 2 0 2 2 2 2 2 2 1 2 0 2 2 2 2 2 2 0 2 2 2 2 0 2 0 2 2 2 2 2 0 2 2 2 0 0
1059 2 2 2 2 2 2 2 0 2 2 0 0 2 0 2 2 2 2 2 2 0 0 2 0 2 2 2 0 2 2 2 0 2 2 0 2 2 2 2 2 2 2 2 0 2 2 2 2 2 0 0 2 2 0 2 2 2 2 2 0 0 2 2 2 0 2 2 2 2 2 2 2 2 2 2 2 2 0 0 2 2 2 2 2 2 2 2 2 2 0 2 2 2 0 2 2 2 2 0 2 2 2 2 0 2 2 2 2 2 2 2 2 0 2 0 2 2 0 2 2 2 2 2 0 2 2 2 2 2 2 2 2 2 2 2 2 2 2 2 0 2 2 2 2 2 2 2 2 2 2 2 2 2 2 2 2 2 2 2 2 2 2 2 2 2 2 2 2 0 2 2 2 2 2 2 2 0 2 2 2 2 2 2 2 2 2 2 2 2 0 1 2 2 2 2 2 2 2 2 2 2 0 0 2 2 2 2 2 2 2 2 2 2 2 2 2 0 1 2 2 2 0 2 2 2 2 2 2 0 2 2 2 2 2 2 2 2 2 2 2 2 2 2 2 2
1060 2 2 2 2 2 2 2 2 2 2 2 2 2 2 2 2 0 2 2 2 2 2 2 2 2 2 2 2 2 2 2 2 2 2 0 2 2 2 2 2 2 0 2 2 0 2 2 2 2 2 2 2 2 2 2 2 0 2 2 2 2 0 2 2 2 2 2 2 2 2 2 2 2 2 0 2 2 2 2 2 2 2 2 2 2 2 2 2 2 0 2 2 2 2 0 2 2 2 2 2 2 2 2 2 2 2 2 2 2 2 0 2 2 2 2 0 2 2 2 2 2 2 2 2 2 2 2 2 0 0 2 2 2 2 2 2 2 2 2 0 2 2 2 2 2 2 2 2 2 2 2 2 2 2 2 2 0 2 2 2 0 2 2 0 0 2 2 2 2 2 2 2 2 0 2 2 2 2 2 2 2 2 2 2 0 0 2 2 2 2 2 2 2 2 2 2 2 2 2 2 2 2 2 2 2 2 2 2 2 2 2 2 2 2 2 2 2 1 0 2 2 2 2 2 2 2 2 2 2 0 2 2 2 2 2 2 2 2 2 0 2 2 2 2 2
1061 2 2 2 2 2 2 2 2 2 2 2 2 2 2 2 2 0 2 2 2 2 2 2 2 2 2 2 2 2 2 2 2 2 2 2 2 2 2 2 2 0 2 2 2 2 2 2 2 2 2 2 2 2 2 2 2 2 2 2 2 2 2 2 2 2 2 2 2 2 2 2 2 2 2 0 2 2 2 2 2 2 2 2 2 2 2 2 2 2 2 2 2 2 2 2 2 2 2 2 2 2 0 2 2 2 2 0 2 2 2 2 2 2 2 2 2 2 2 2 2 2 2 2 2 2 2 2 0 2 2 2 2 2 2 2 2 2 2 0 2 2 2 2 2 2 2 2 2 2 2 2 2 2 0 2 2 2 2 2 0 2 2 2 0 0 2 2 2 2 0 2 2 0 2 2 2 2 0 0 2 2 2 2 2 2 2 2 2 2 2 2 2 2 2 2 2 2 2 2 2 2 2 2 2 2 2 2 2 2 2 2 2 2 2 2 2 2 2 2 2 2 2 2 2 2 2 2 2 2 2 2 2 2 2 2 2 2 2 2 2 2 0 2 2 0
1062 2 0 2 2 2 0 2 2 2 0 2 0 2 0 0 0 0 0 2 0 2 0 0 0 2 0 2 0 0 2 2 0 0 2 2 2 2 0 2 0 0 0 2 2 2 2 2 0 2 2 2 0 2 2 0 0 2 0 2 2 2 2 2 2 2 2 0 2 2 2 2 2 0 2 0 2 2 0 2 2 0 0 0 0 2 2 2 2 2 2 2 2 2 2 2 0 2 2 2 2 2 2 0 2 2 2 2 2 2 0 0 2 2 0 0 2 0 2 2 0 2 2 2 2 2 2 2 2 2 2 2 0 2 0 2 2 2 2 2 0 2 2 2 2 2 2 0 2 1 2 0 2 2 2 2 2 2 2 2 2 2 0 2 2 2 2 2 2 2 2 0 2 2 2 2 0 2 2 2 0 2 2 2 2 2 2 0 0 2 0 0 0 2 2 2 2 2 0 0 2 2 2 2 0 2 0 2 0 2 2 2 0 2 2 2 2 2 2 0 2 2 2 2 0 0 0 0 0 2 2 2 0 0 2 0 0 2 0 2 2 0 2 2 0 2
1063 2 0 2 2 2 2 2 2 2 2 2 0 2 2 1 2 0 0 0 2 2 2 0 2 2 2 2 2 2 0 2 0 2 2 1 1 2 0 2 2 2 2 2 2 0 2 2 2 2 2 0 2 2 2 0 0 2 0 2 2 1 2 2 2 2 2 0 2 2 0 2 2 0 2 0 0 2 2 2 2 0 2 2 0 0 0 2 0 2 2 2 2 0 2 2 2 2 2 2 1 2 0 2 2 2 2 2 2 0 2 2 0 2 2 2 2 0 2 2 2 2 2 0 2 2 2 2 0 2 1 2 2 2 2 0 0 2 2 2 2 1 0 0 2 2 0 2 0 1 2 2 2 2 2 0 2 2 2 2 2 2 2 2 2 0 0 0 2 2 2 0 2 2 2 2 2 2 2 2 2 2 0 2 2 2 2 0 2 0 2 2 0 2 0 0 0 2 2 2 2 2 0 0 2 0 0 2 0 2 2 2 2 2 2 2 2 0 1 0 1 1 2 2 2 2 2 0 2 2 2 0 2 2 2 2 2 2 2 2 2 0 0 2 0 2
1064 0 0 0 0 0 2 0 2 0 2 2 0 0 0 0 0 0 0 0 0 0 0 0 0 0 0 0 0 0 0 0 0 0 0 0 0 0 0 0 0 0 0 0 0 0 0 0 2 0 0 0 0 0 0 0 0 0 0 0 0 0 0 0 0 0 0 0 0 0 0 0 0 0 0 0 0 0 0 0 0 0 0 0 0 0 0 0 0 0 0 0 0 0 0 0 0 0 0 2 0 0 0 0 0 0 0 0 0 0 0 0 0 0 2 0 0 0 0 0 0 0 0 0 0 0 0 0 0 0 2 0 0 0 0 0 0 0 2 0 0 0 0 0 0 0 0 0 0 1 0 0 0 0 0 0 0 0 0 0 0 0 0 0 0 0 0 0 0 0 0 0 0 0 0 0 0 0 0 0 2 0 0 0 0 0 0 0 0 0 0 0 0 0 0 0 0 0 0 0 0 0 0 2 0 0 0 0 0 0 0 0 0 0 0 0 2 2 0 0 0 0 0 0 0 0 0 0 0 0 0 0 0 2 2 0 0 0 2 0 0 0 0 0 0 0
1065 2 2 2 2 2 0 2 2 2 2 2 2 2 2 2 2 0 2 2 2 2 2 2 2 2 2 2 2 2 2 2 2 2 2 2 2 2 2 2 2 2 2 2 0 2 2 2 2 2 2 2 2 2 0 2 2 2 2 2 2 2 2 1 2 2 2 2 2 2 2 2 0 2 2 0 2 2 2 2 0 0 2 2 2 2 2 2 2 2 2 0 2 2 0 0 2 2 2 2 2 2 0 2 2 2 2 2 0 0 2 2 2 0 2 2 2 0 2 0 2 2 2 2 2 2 2 2 0 2 2 2 2 2 2 2 2 2 2 2 2 2 0 2 0 2 2 2 2 1 2 2 2 2 2 2 2 2 2 0 2 2 2 2 0 0 2 0 2 0 2 2 0 0 2 0 2 0 2 2 2 2 2 2 2 2 2 2 2 0 2 2 0 2 2 0 2 2 2 0 2 2 0 0 2 2 0 2 0 2 2 2 2 2 2 2 2 0 2 2 2 2 2 2 2 2 2 0 0 2 2 0 2 1 0 2 2 2 2 0 2 0 0 0 0 2
1066 2 2 2 2 2 2 2 2 2 2 2 2 2 2 2 2 0 2 2 2 2 2 2 2 2 0 2 2 2 2 2 2 2 2 2 2 2 2 2 2 2 2 2 2 2 2 2 2 2 2 2 2 2 0 2 2 2 2 2 2 2 2 1 2 2 2 2 2 2 2 2 2 2 2 0 2 2 2 2 2 2 2 2 2 2 2 2 2 2 2 2 2 0 2 2 2 2 2 2 2 2 0 2 2 2 2 2 2 2 2 2 2 2 2 2 0 2 2 2 2 2 2 2 2 2 2 2 2 2 2 2 2 2 2 2 2 2 2 2 2 2 2 2 2 2 2 2 2 2 2 2 2 2 0 2 2 0 2 2 2 2 2 2 0 2 2 2 2 2 2 2 2 2 2 2 2 2 0 2 2 2 2 2 2 2 2 2 2 2 2 2 2 2 2 2 2 2 2 0 2 2 0 0 2 2 2 2 0 2 2 2 2 2 2 2 2 0 2 2 2 2 2 2 2 2 2 2 2 2 2 2 2 2 2 2 2 2 2 2 2 2 2 2 0 0
1067 2 2 0 2 2 0 2 0 0 0 2 2 2 0 2 0 0 2 2 0 0 0 2 0 2 2 2 0 2 2 2 0 2 0 2 1 2 2 2 0 2 0 0 0 0 0 0 2 0 2 2 0 2 2 2 2 0 2 0 2 2 0 2 2 0 2 2 2 2 2 0 2 2 2 0 2 0 2 0 2 2 2 2 2 0 0 0 2 0 2 2 2 2 0 0 2 0 2 0 0 2 0 2 0 0 0 2 2 2 2 0 2 0 0 2 2 2 0 2 2 0 0 0 0 2 2 2 2 0 0 0 2 2 2 2 0 2 2 2 0 0 2 2 2 2 2 0 2 1 2 2 2 2 2 2 2 0 0 2 0 0 2 0 2 2 2 0 2 0 0 2 2 0 0 0 0 2 2 0 0 2 2 2 2 0 0 2 2 2 2 2 2 2 0 0 0 2 2 0 0 2 2 0 2 2 0 2 0 0 2 2 2 0 2 2 2 0 2 2 2 2 2 2 2 2 2 2 2 2 0 0 2 0 2 2 0 2 0 2 2 2 2 2 2 2
1068 2 0 2 2 2 2 2 2 2 2 2 2 2 2 2 2 2 2 2 2 2 2 2 2 2 2 0 2 2 2 0 2 2 2 2 1 2 0 2 2 2 2 2 2 2 2 2 0 2 2 2 2 2 2 2 2 2 0 2 2 2 2 1 2 2 2 0 0 2 2 2 2 2 2 2 2 2 2 2 2 0 2 2 2 2 2 2 2 2 2 0 2 2 2 2 2 2 2 2 2 0 2 0 2 2 2 0 2 0 0 2 2 2 2 2 0 0 2 2 2 2 2 2 2 2 2 2 0 2 2 2 2 2 2 0 2 0 2 2 2 2 0 0 2 2 0 2 0 2 2 2 2 2 0 2 0 2 2 2 2 2 2 2 0 2 0 2 0 2 2 2 2 2 2 2 2 2 0 2 2 2 0 2 0 2 2 2 2 0 2 2 2 2 2 2 2 2 2 2 2 2 0 2 2 0 2 2 2 2 0 0 2 2 2 2 2 2 1 2 0 2 2 0 2 2 2 2 2 2 2 2 2 2 0 2 2 0 2 2 2 0 0 2 2 0
1069 2 0 2 2 2 2 2 2 2 2 2 2 2 2 2 2 2 2 2 2 2 2 2 2 2 2 2 2 2 2 2 2 2 0 2 2 2 0 2 2 2 2 2 2 2 2 2 2 2 2 2 2 2 2 2 2 2 0 2 2 2 2 2 2 2 2 0 2 2 2 2 2 2 2 2 2 2 2 2 2 2 2 2 2 2 2 2 2 2 2 2 2 2 2 2 2 2 2 2 2 0 2 0 2 2 2 2 2 2 2 2 2 2 2 2 2 2 2 2 2 2 2 2 2 0 2 2 0 2 2 2 2 2 2 2 2 2 2 2 2 2 2 2 2 2 2 2 2 2 2 2 2 2 2 2 2 2 2 2 2 2 2 2 2 0 2 2 2 2 2 2 0 2 2 2 2 2 2 2 2 2 2 2 2 2 2 2 0 2 2 2 2 2 2 2 2 2 2 2 2 2 0 2 2 2 0 2 2 2 2 2 2 2 2 2 2 2 1 2 2 2 0 2 2 2 2 2 2 2 2 2 2 2 2 2 2 2 2 2 2 2 2 2 2 2
1070 2 2 2 2 0 2 2 2 2 2 2 2 0 2 0 2 2 2 2 2 0 2 0 2 2 2 2 2 2 2 2 2 0 2 0 2 2 2 2 2 2 2 2 2 2 2 2 2 2 0 2 2 2 2 0 0 2 2 2 2 2 2 2 2 2 0 2 0 2 2 2 2 2 2 2 2 2 2 2 0 2 2 0 2 2 0 2 2 2 0 0 2 0 2 2 0 2 2 2 2 2 0 2 0 2 2 2 0 2 2 2 0 2 2 2 2 0 2 2 0 2 2 2 2 2 2 2 2 2 2 2 2 2 0 2 0 0 2 2 2 2 0 2 2 2 0 2 0 1 2 2 2 2 2 2 2 2 0 2 2 2 0 2 2 2 0 2 2 2 2 0 2 2 2 2 2 0 2 2 2 2 2 2 2 2 2 2 2 2 2 2 0 2 2 2 0 2 2 0 2 2 2 0 2 2 2 2 0 2 0 0 2 2 2 0 2 0 2 2 2 2 2 0 2 0 0 0 2 0 2 2 2 2 2 2 2 0 2 2 2 0 2 0 2 2
1071 2 2 0 2 2 2 2 0 2 2 2 2 2 2 2 2 2 2 2 2 2 2 2 2 2 2 2 2 2 2 2 2 2 2 2 2 2 2 2 2 2 2 2 2 2 0 2 2 0 2 2 2 2 0 2 2 2 2 0 2 2 2 2 2 2 2 2 2 2 2 0 2 2 2 2 2 0 2 2 2 2 2 2 2 2 2 0 2 0 2 2 2 2 2 2 2 2 0 0 0 2 2 2 2 0 2 2 2 2 2 2 2 2 2 0 2 2 2 2 2 2 2 2 2 2 2 2 2 2 2 2 2 2 2 2 2 2 2 2 2 2 2 2 2 2 2 2 2 2 0 2 0 2 2 2 2 2 2 2 2 2 2 2 2 2 2 2 2 2 2 2 2 2 2 2 2 2 2 2 2 2 2 2 2 2 2 2 2 2 2 2 2 2 2 2 2 2 2 2 0 0 2 2 2 2 2 2 2 2 2 2 2 0 2 2 2 2 2 2 2 2 2 2 0 2 2 2 2 2 2 2 0 2 2 2 2 0 2 2 0 2 2 2 2 2
1072 0 0 0 0 2 0 0 0 0 2 0 2 2 0 0 0 0 0 0 2 0 2 0 0 0 0 0 2 0 0 2 2 0 2 0 0 0 0 2 0 0 0 0 0 0 0 0 0 0 0 0 0 0 2 0 0 2 0 0 0 0 0 1 0 0 2 0 0 0 0 0 0 0 0 0 0 0 2 0 0 0 0 0 0 0 2 0 0 2 0 0 2 0 2 2 0 0 0 0 0 0 0 0 0 0 0 2 2 2 0 0 0 2 2 0 0 2 0 2 0 0 0 0 0 0 0 2 0 2 0 2 0 0 0 2 0 0 0 0 0 0 0 0 0 0 2 0 0 0 0 0 2 2 0 0 0 2 0 0 0 0 2 0 0 0 0 0 0 0 0 2 0 0 2 0 0 0 0 0 2 0 0 0 0 2 0 0 0 0 0 0 2 0 0 0 0 0 0 2 0 0 0 0 0 2 0 0 2 0 2 0 0 0 0 0 2 0 0 0 0 0 0 0 0 2 0 2 0 2 2 0 0 2 0 0 2 0 2 2 0 2 0 2 0 0
1073 2 2 2 2 0 2 2 2 2 0 0 2 0 2 2 2 0 2 2 2 2 2 0 2 2 2 2 2 2 2 0 2 2 2 2 2 2 2 2 2 2 0 2 0 2 2 2 2 2 2 2 2 2 2 0 0 2 2 2 2 2 2 1 2 0 0 2 2 0 2 2 0 2 2 0 2 2 2 2 2 2 0 2 0 2 2 2 0 2 2 2 2 0 2 2 2 2 0 2 2 2 2 2 2 2 0 0 2 2 0 0 2 2 0 2 2 0 0 0 2 2 2 2 0 2 2 2 2 2 2 2 0 2 2 2 0 2 2 0 2 0 2 2 2 0 0 2 0 2 2 0 2 2 0 0 0 2 2 2 2 2 0 2 0 2 0 0 1 0 2 0 2 0 2 0 2 2 0 2 0 2 0 2 2 2 2 2 2 0 2 2 2 0 2 2 0 2 2 0 2 2 2 2 2 2 2 2 0 2 0 0 2 2 0 2 1 2 2 2 0 0 2 2 2 0 2 2 2 0 2 2 2 0 2 2 0 2 0 0 2 0 0 2 2 0
1074 2 0 2 2 2 2 2 2 2 2 2 2 2 2 2 2 2 2 2 2 2 2 2 2 2 2 2 2 2 2 2 2 2 2 2 2 2 0 2 2 2 2 2 2 2 2 2 2 2 2 2 2 2 2 2 2 2 0 2 2 2 2 2 2 2 2 0 2 2 2 2 2 2 2 2 2 2 2 2 2 2 2 2 2 2 2 2 2 2 2 2 2 2 2 2 2 2 0 2 2 0 0 0 2 2 2 0 2 2 2 2 2 2 2 2 2 2 2 2 2 2 2 2 2 2 2 2 2 2 0 2 2 2 2 2 2 2 2 2 2 2 2 2 2 2 2 2 2 2 2 2 2 0 0 2 2 2 2 2 2 2 2 2 2 2 2 2 2 2 2 2 2 2 2 2 2 2 0 2 2 2 2 2 2 2 2 0 2 2 2 2 2 2 2 2 2 2 2 2 2 2 0 2 2 2 0 2 2 2 2 2 2 2 2 2 2 2 2 2 2 2 2 2 2 2 2 2 2 2 2 2 2 2 2 2 2 2 2 2 2 2 2 2 2 0
1075 2 2 2 2 2 0 0 2 0 2 2 2 2 2 2 0 2 0 2 2 2 2 2 2 2 0 2 2 0 2 2 2 2 2 2 2 2 2 2 2 2 2 2 2 2 2 2 2 2 2 2 2 2 2 2 2 2 2 2 2 2 2 1 2 2 2 2 2 2 2 2 2 2 2 2 2 2 2 2 2 2 2 2 2 0 2 2 2 2 2 2 2 2 2 2 2 2 2 2 2 2 2 2 2 2 2 2 2 2 2 2 2 2 2 2 2 2 2 2 2 2 0 2 2 2 0 0 2 2 2 2 2 2 2 2 2 2 2 2 2 2 2 2 2 2 2 2 2 1 2 2 2 2 2 2 2 2 2 2 2 2 2 2 2 2 2 2 2 2 2 2 2 2 2 2 2 2 2 2 2 2 2 2 2 2 2 2 0 2 2 2 2 2 2 2 2 2 2 2 2 2 2 2 2 2 2 2 2 2 2 2 2 2 2 2 2 2 2 2 2 2 2 2 2 2 2 2 2 2 2 2 0 2 2 2 2 2 2 2 2 2 2 2 2 2
1076 0 0 0 2 0 2 2 2 2 0 0 2 0 0 0 2 0 0 0 2 0 2 0 0 0 2 0 2 0 0 0 2 2 0 2 0 2 0 2 0 2 0 2 0 0 0 2 0 0 0 2 0 0 0 0 0 0 0 0 0 0 0 1 2 0 0 0 0 0 2 0 0 0 0 0 0 0 2 2 0 0 0 2 0 2 2 0 2 0 2 0 2 0 2 2 2 0 0 2 0 2 0 0 0 0 0 2 0 2 0 0 2 2 0 2 0 0 0 0 2 0 2 0 0 2 2 0 0 0 2 2 0 0 2 0 2 2 2 0 2 0 0 0 0 0 0 0 0 1 2 0 2 0 0 0 0 0 0 0 0 0 0 0 2 0 0 2 0 0 0 2 2 2 2 2 2 0 0 0 0 2 2 2 0 2 2 2 2 2 0 0 2 2 0 2 2 2 2 2 0 2 0 2 0 0 2 2 2 2 0 0 2 0 0 2 2 2 1 2 0 0 2 0 0 2 2 2 0 2 2 2 0 0 0 2 2 2 0 0 0 0 2 0 2 0
1077 0 0 0 0 0 0 2 0 2 0 0 0 0 0 2 2 0 0 0 0 0 0 2 0 0 2 0 0 0 0 0 0 0 0 0 1 0 2 2 0 0 0 0 0 0 0 0 0 0 0 0 0 0 0 2 2 0 0 0 0 0 0 1 0 0 0 0 0 0 2 0 0 2 0 0 0 0 0 2 0 0 2 0 2 2 2 0 2 0 0 0 2 2 2 2 0 0 0 0 0 2 0 0 0 0 0 2 2 2 2 0 0 2 0 0 0 0 0 0 0 2 0 0 0 2 2 0 2 0 2 2 0 0 0 2 2 0 2 2 2 0 0 0 0 2 0 0 0 1 0 0 2 2 0 2 0 0 0 0 0 2 2 0 2 0 0 2 1 0 0 0 0 2 0 2 2 2 0 0 0 0 0 2 0 0 0 2 0 2 0 1 0 2 0 2 2 0 0 0 0 0 0 0 0 2 2 0 0 0 0 0 2 0 2 0 2 0 2 2 2 2 2 0 0 0 0 0 2 2 0 2 2 1 2 2 2 0 0 0 2 0 2 0 0 0
1078 2 2 2 2 2 2 0 2 2 2 2 2 2 2 2 2 2 2 2 2 2 2 2 2 2 2 0 2 2 2 2 2 0 2 2 1 2 2 2 2 2 2 2 2 2 2 2 2 2 2 2 2 0 2 2 2 2 2 2 2 2 2 2 0 2 2 2 2 2 2 2 2 2 0 2 2 2 2 2 2 2 2 0 2 2 0 2 2 0 2 2 2 2 2 2 0 2 2 2 2 0 2 2 2 2 2 0 2 2 2 2 0 2 2 2 2 2 0 2 0 2 2 2 0 0 0 2 2 2 2 2 2 2 0 2 2 2 2 2 0 2 2 0 2 2 2 2 2 2 2 2 0 2 2 2 2 2 2 2 2 2 2 2 2 0 2 2 2 2 2 2 2 2 2 2 2 0 2 2 2 2 2 0 0 2 2 0 2 0 2 2 2 2 2 2 2 2 2 2 0 2 2 2 2 2 2 2 2 2 2 2 2 2 2 2 2 2 2 0 2 2 2 2 2 2 0 2 2 2 2 2 0 2 2 2 2 2 2 2 2 2 0 2 2 2
1079 2 2 2 2 2 2 2 2 2 2 2 2 2 2 2 0 2 2 2 2 2 2 0 2 2 2 2 2 2 2 2 2 2 2 2 2 2 2 2 2 2 2 2 2 2 2 2 2 2 2 2 0 2 2 0 0 2 2 2 2 2 2 2 2 2 2 2 2 2 2 0 2 2 2 2 2 2 2 2 2 0 2 2 0 2 2 2 2 2 2 2 2 2 2 2 2 2 2 2 2 2 2 2 2 2 2 2 2 2 2 2 2 2 2 2 2 2 2 2 2 2 2 2 2 2 2 2 2 2 2 2 2 0 2 2 2 2 2 2 2 2 2 2 0 2 0 0 0 2 2 2 2 2 2 2 2 2 2 0 2 2 2 2 2 2 0 2 2 2 2 2 2 2 2 2 2 2 2 2 2 2 2 2 2 2 2 2 2 2 2 2 2 2 2 2 2 0 2 2 2 2 2 2 2 2 2 0 2 2 2 0 2 2 2 2 2 2 2 2 2 2 2 2 2 2 2 2 2 2 2 2 2 2 2 2 2 2 2 2 2 2 2 2 2 2
1080 2 2 0 2 2 2 2 0 0 2 0 0 2 2 0 0 2 2 2 2 2 0 0 2 0 0 2 0 2 2 0 0 2 0 2 2 2 2 2 2 0 2 2 0 2 0 2 2 0 0 0 0 2 0 0 0 0 2 0 0 0 2 1 2 0 2 2 0 2 0 0 0 0 2 2 2 0 0 2 0 0 0 2 0 0 0 0 2 2 2 2 2 0 2 2 2 0 2 0 0 2 2 2 2 0 2 2 2 0 2 2 2 2 2 0 2 2 2 2 2 2 2 0 2 2 2 0 0 2 2 2 0 2 2 0 2 2 0 2 2 2 2 2 2 0 2 0 2 1 0 0 2 0 0 0 2 2 2 2 0 0 2 0 2 2 2 2 0 0 0 2 2 2 2 2 0 2 0 0 2 0 0 0 0 2 0 2 0 2 0 1 0 2 0 0 2 2 2 0 0 2 2 2 0 0 1 2 0 2 0 2 0 0 0 0 2 2 2 2 0 2 2 0 0 2 2 0 0 0 2 2 2 2 0 0 2 0 2 2 2 2 2 0 2 0
1081 2 2 2 2 2 2 2 2 2 2 2 2 2 2 2 2 2 2 2 2 2 2 0 2 0 2 2 2 2 2 2 2 2 2 2 2 2 2 2 2 2 2 2 0 2 2 2 2 2 2 2 2 2 2 0 0 2 2 2 2 2 2 2 2 2 2 2 0 2 2 2 2 0 2 2 2 2 2 2 2 2 0 2 0 2 2 2 2 2 2 2 2 2 2 2 2 0 2 2 2 2 2 2 2 2 2 2 2 2 2 2 2 2 2 2 2 2 2 2 2 2 2 2 2 2 2 2 2 2 2 2 0 2 2 2 2 2 2 2 2 2 2 2 2 2 2 2 2 1 2 2 2 2 2 2 2 2 2 2 2 2 2 0 2 2 2 2 1 0 2 2 2 2 2 2 2 2 2 2 2 2 2 2 2 2 2 2 2 2 2 2 2 2 2 2 2 2 2 2 2 2 2 2 2 2 2 2 2 2 2 2 2 2 2 2 2 2 2 2 2 2 2 0 2 2 2 2 0 2 2 2 2 2 2 2 2 2 2 2 2 2 2 2 2 2
1082 0 0 2 2 2 2 2 2 0 2 2 0 2 0 2 2 2 2 0 2 2 0 2 0 2 2 2 0 2 0 2 0 2 2 2 2 2 0 2 2 2 0 0 2 2 2 2 2 2 2 2 2 2 2 2 2 2 0 2 0 0 0 2 2 2 2 0 2 2 2 2 2 2 2 2 0 2 0 2 2 2 2 2 2 2 2 2 2 2 2 2 2 2 2 2 2 2 2 2 2 2 2 0 2 2 0 2 2 2 0 0 2 2 2 2 2 2 2 2 2 2 2 0 0 2 2 0 0 2 2 2 2 2 2 2 2 2 2 2 2 2 2 2 2 2 2 2 2 2 2 2 2 2 2 2 2 2 2 2 0 2 2 2 2 2 2 2 1 2 0 2 2 2 2 2 2 2 2 0 2 2 2 2 2 2 2 2 2 2 0 2 2 2 2 2 2 2 2 2 2 2 2 2 2 2 2 2 2 2 2 2 2 2 2 2 2 2 2 2 0 2 2 2 2 2 2 2 2 2 2 2 2 2 2 2 2 2 2 2 2 2 2 2 2 2
1083 2 2 2 2 2 2 2 2 2 2 2 2 2 2 2 2 2 2 2 2 2 2 2 2 2 2 2 2 2 2 2 2 2 2 2 2 2 2 0 2 0 2 2 2 2 2 2 2 2 2 2 2 2 2 2 2 2 2 2 0 2 2 2 2 2 2 2 2 2 2 2 2 2 2 2 2 2 2 2 2 2 2 2 2 2 2 2 2 2 2 0 0 2 2 2 2 2 2 2 2 2 2 2 2 2 2 2 2 2 2 2 2 2 2 2 2 2 2 2 2 2 2 2 2 2 2 2 2 2 2 2 2 2 2 0 2 2 2 2 2 2 0 2 2 2 2 2 0 2 2 2 2 2 0 2 2 0 2 2 0 2 2 2 2 2 2 2 2 2 0 2 2 2 2 2 2 2 0 0 2 2 2 2 2 2 2 2 2 2 2 2 2 2 2 0 2 2 2 2 2 0 2 2 2 0 2 2 2 2 2 0 2 2 2 2 2 2 2 2 2 2 2 2 2 2 2 2 2 2 2 2 2 2 2 2 2 2 2 2 2 2 2 2 2 2
1084 2 2 2 2 2 0 2 2 2 2 2 2 2 2 0 0 0 2 2 2 2 2 2 2 2 2 2 2 2 2 2 2 0 2 2 2 0 2 2 2 2 2 2 2 2 2 2 2 2 2 2 2 2 2 2 2 2 2 2 2 2 2 1 2 2 2 2 2 2 2 2 2 0 2 0 2 2 2 2 2 0 2 0 2 2 2 2 2 2 2 2 2 2 2 2 0 2 2 2 2 2 2 2 2 2 2 2 2 2 2 2 0 2 2 2 2 2 2 0 0 2 2 2 2 2 2 2 2 2 0 2 2 2 0 2 2 2 0 2 2 2 2 2 2 2 2 2 2 1 2 2 2 2 2 2 2 2 2 2 2 2 2 2 2 0 2 2 2 2 2 2 2 2 2 2 0 2 2 2 2 2 2 2 2 2 2 2 2 2 2 2 2 2 2 2 2 2 0 2 2 2 2 2 2 2 2 2 2 2 2 2 2 2 2 2 2 2 1 2 2 2 0 2 0 2 0 2 2 0 2 2 2 2 2 2 2 2 2 0 2 2 2 2 2 2
1085 2 2 0 0 0 2 0 2 0 2 0 0 0 2 2 2 2 0 2 0 0 0 2 2 2 0 0 0 0 2 0 0 2 2 0 1 2 2 2 0 0 2 2 2 2 0 2 2 0 2 2 0 2 2 2 2 2 2 0 0 2 2 2 2 2 0 2 2 2 2 2 0 2 2 2 2 0 0 2 2 2 0 2 2 2 0 0 2 2 0 0 2 2 0 0 2 2 0 2 0 2 0 2 0 0 2 2 2 2 0 2 2 0 2 2 0 0 2 2 2 2 0 0 2 0 0 2 2 0 2 2 0 0 2 0 2 2 2 2 2 2 0 0 2 0 2 0 0 2 0 2 0 0 0 0 0 0 0 2 0 2 2 2 0 2 2 0 2 2 0 0 2 0 0 0 2 2 0 0 2 0 0 2 0 0 2 2 2 2 0 1 0 2 0 0 2 0 2 2 2 0 2 0 2 0 0 0 2 2 0 0 0 0 0 2 2 0 1 2 2 2 2 2 2 0 2 0 0 2 0 0 0 2 2 0 0 0 2 2 2 0 0 2 2 0
1086 0 0 0 2 0 2 2 0 2 0 2 2 0 0 0 0 2 2 0 2 0 2 2 0 2 0 0 2 2 0 0 2 2 2 0 1 2 0 2 2 2 0 2 2 0 0 2 0 0 2 2 2 2 2 2 2 2 0 0 0 0 0 2 2 0 0 0 2 2 2 2 0 2 2 2 0 0 2 0 2 0 2 2 2 2 0 0 2 2 0 0 2 2 2 0 2 2 0 0 0 2 0 0 0 0 2 2 2 2 0 0 2 2 0 2 2 2 2 2 2 2 2 2 2 0 2 0 2 0 0 0 2 2 2 0 2 2 0 2 2 0 0 0 0 2 0 2 2 1 0 2 2 2 2 0 0 0 2 0 2 2 0 2 0 0 2 0 2 2 2 0 2 2 0 0 2 2 2 2 0 2 0 2 0 0 2 2 0 2 2 2 2 2 0 2 2 2 2 2 2 0 0 2 0 0 0 2 2 2 0 2 2 0 2 0 2 2 2 2 2 2 2 2 2 0 2 2 0 2 0 0 2 0 2 2 0 0 0 2 0 2 2 2 2 0
1087 2 2 2 0 2 2 0 2 2 2 2 2 2 2 2 2 0 2 2 2 2 2 2 2 2 2 2 2 2 2 2 2 2 2 2 2 2 2 2 2 0 2 2 2 2 2 2 2 2 2 2 2 2 2 2 2 2 2 2 2 2 2 2 2 2 2 2 2 2 2 2 2 2 2 0 2 2 2 2 2 2 2 2 2 2 2 2 2 2 2 2 2 2 2 2 2 2 2 2 2 2 2 2 2 2 2 2 2 2 2 2 2 2 2 2 2 2 2 2 2 2 2 2 2 2 0 0 2 2 2 2 2 2 2 2 2 2 2 2 2 2 2 2 2 2 2 2 2 2 2 2 2 2 2 2 2 2 2 2 2 2 2 2 2 2 2 2 2 2 2 2 2 2 0 2 2 2 2 2 2 2 2 2 2 0 2 2 2 2 2 2 2 2 2 2 2 0 2 2 2 2 2 2 2 2 2 0 2 2 2 2 2 2 2 2 2 2 2 2 2 2 2 2 2 2 2 2 2 2 0 2 2 2 2 2 0 2 2 2 2 2 2 2 2 2
1088 2 2 0 2 2 2 2 0 2 2 2 0 2 2 2 2 2 2 2 0 2 0 2 2 2 2 2 0 2 2 0 0 2 2 2 2 2 2 2 0 2 2 2 2 2 0 2 2 0 0 2 2 2 2 2 2 0 2 0 2 2 2 2 2 0 2 2 2 2 2 2 0 2 2 2 2 0 0 2 2 2 2 2 2 2 2 0 2 2 2 2 2 2 2 2 2 2 2 0 0 2 2 2 2 2 2 2 2 2 2 2 2 2 2 2 2 2 2 2 2 2 2 2 0 0 2 0 2 2 2 2 2 2 2 0 2 2 2 2 2 2 2 2 2 0 2 2 2 2 2 2 0 2 2 2 2 2 2 2 0 2 2 2 2 2 2 2 2 2 0 2 2 2 2 2 2 2 2 0 2 2 0 2 2 2 0 2 2 2 0 1 2 2 2 2 2 2 2 2 2 2 2 2 2 0 2 2 2 2 0 2 2 0 0 2 2 2 2 2 2 2 2 2 2 2 2 2 2 2 2 2 2 2 2 2 2 2 2 2 2 2 2 2 2 2
1089 0 2 2 2 2 0 2 2 2 0 2 0 2 2 0 0 2 2 0 0 0 0 2 2 2 2 2 0 2 0 2 0 2 2 2 2 2 2 2 2 2 2 2 2 0 2 2 2 2 2 2 2 2 2 2 2 2 2 2 2 2 2 1 2 2 2 2 2 2 2 2 2 2 2 2 0 2 0 2 2 0 2 2 2 2 2 2 2 2 2 0 2 2 2 2 2 2 2 2 2 2 2 2 0 2 2 2 2 2 2 2 0 2 0 2 2 2 2 2 2 2 2 2 2 2 2 2 2 2 0 2 2 2 2 2 2 2 0 0 0 0 0 2 0 2 2 2 2 1 2 2 2 2 2 2 2 2 2 0 2 2 2 2 0 2 2 0 2 2 2 0 2 2 2 0 0 2 2 2 0 2 2 2 2 2 2 2 0 2 2 2 2 2 2 2 2 2 2 0 2 2 0 2 2 2 2 2 0 2 2 2 2 2 2 0 2 2 2 2 2 2 2 2 2 0 2 2 2 2 2 2 2 0 2 2 2 2 0 2 2 2 2 2 2 0
1090 2 2 2 2 2 2 0 0 0 2 2 2 2 2 2 2 2 0 2 2 2 2 2 2 2 2 2 2 0 2 2 2 0 2 0 2 0 2 2 2 2 0 2 2 2 2 0 0 2 2 2 2 0 2 2 2 2 2 2 0 2 2 1 0 2 2 2 2 2 2 2 0 0 0 2 2 2 2 2 2 2 2 2 0 0 2 2 2 2 0 2 2 2 2 2 0 2 0 0 2 2 2 2 0 2 0 2 2 2 2 0 2 2 2 0 2 2 2 0 0 0 2 2 2 2 0 2 2 2 2 2 2 2 0 2 2 0 2 2 2 2 2 2 2 2 2 2 2 2 0 0 2 2 2 0 2 2 2 2 2 0 2 2 2 2 2 2 2 2 2 2 2 2 2 2 0 2 2 2 2 2 0 2 2 2 2 0 2 2 2 2 2 2 2 2 2 2 0 2 2 0 2 2 0 2 2 2 2 0 0 2 0 2 2 2 0 2 1 2 2 2 0 2 0 2 2 2 2 0 2 2 2 2 2 0 0 2 2 0 2 2 0 2 2 2
1091 2 2 2 2 2 2 2 2 2 2 2 2 2 2 2 2 2 2 2 2 2 2 0 2 0 2 2 2 2 2 2 2 2 2 0 1 2 2 2 2 2 2 0 2 2 2 2 0 2 0 2 2 0 2 0 0 2 2 2 2 2 2 1 0 2 2 2 2 2 0 0 2 2 0 2 2 2 2 2 2 2 2 0 2 2 2 2 2 2 0 2 2 2 0 2 2 0 0 2 2 2 2 2 2 2 0 2 2 0 2 2 0 0 2 2 2 0 2 0 2 2 2 2 2 2 2 2 2 0 2 2 2 2 2 2 2 0 2 2 0 2 2 2 2 2 2 2 2 1 0 0 2 0 2 2 2 0 2 2 2 2 2 0 2 2 2 2 1 2 2 2 2 2 2 2 2 2 2 2 2 2 2 2 2 2 2 2 2 2 2 1 2 2 2 2 2 0 0 0 2 0 2 2 2 2 0 2 0 2 2 2 2 2 2 2 0 2 2 2 2 2 2 2 2 2 0 2 0 2 2 2 2 2 0 2 2 2 2 0 2 0 2 2 2 2
1092 2 2 2 2 0 2 0 0 2 2 2 2 0 0 2 2 2 2 2 2 0 2 2 0 2 2 2 2 2 2 2 2 0 2 2 2 0 2 2 2 0 2 2 2 2 2 2 2 2 2 2 2 2 2 2 2 2 2 2 2 2 0 2 2 2 0 2 2 2 2 2 2 0 2 2 2 2 2 2 2 2 2 2 0 0 2 2 0 2 2 2 2 2 2 2 0 2 2 0 2 2 2 2 2 2 2 2 2 2 2 0 2 2 2 2 2 2 2 2 0 0 2 2 2 2 0 0 2 2 2 2 2 2 0 2 2 2 2 0 2 2 2 2 2 2 2 2 2 2 2 2 2 2 2 2 2 2 2 2 0 2 2 2 2 2 2 2 2 2 0 2 2 2 2 2 0 2 2 0 2 2 2 2 2 2 2 0 2 2 0 1 2 0 2 2 2 2 2 2 2 2 2 2 2 2 2 2 2 2 2 2 2 2 2 2 2 2 0 2 2 2 0 2 2 2 2 2 2 2 2 2 2 2 2 2 2 2 2 2 2 2 2 2 2 2
1093 0 0 0 0 2 0 0 0 0 0 0 2 2 0 0 0 0 0 0 0 0 2 0 0 0 0 1 2 0 0 0 2 0 0 0 0 0 0 0 0 0 0 0 0 0 0 0 0 0 0 0 0 2 0 1 0 2 0 0 2 0 0 0 2 2 2 0 0 0 0 0 0 0 2 0 0 0 2 0 0 0 0 0 0 0 0 0 2 0 0 0 0 0 0 0 0 0 0 0 0 0 0 0 2 0 0 0 0 0 0 0 0 0 0 0 0 0 0 0 0 0 0 0 0 0 0 0 0 0 0 0 0 0 0 0 0 0 0 0 0 0 0 0 0 0 0 0 0 0 0 0 0 0 0 0 0 0 0 0 0 0 0 0 0 0 0 0 0 0 0 0 0 2 0 0 0 0 0 0 0 0 0 0 0 0 0 0 0 0 0 0 0 2 0 0 0 0 0 0 0 0 0 0 0 0 0 0 0 0 2 0 0 0 0 0 2 0 0 0 0 0 0 0 0 0 0 0 0 0 0 0 0 0 0 0 0 0 0 0 0 0 0 0 0 0
1094 2 2 2 2 2 0 2 2 2 2 2 2 2 2 2 2 2 2 2 2 2 2 0 2 2 2 2 2 2 2 2 2 2 2 2 2 2 2 2 2 2 2 2 2 2 2 2 2 2 2 2 2 2 2 0 0 2 2 2 2 2 2 1 2 2 2 2 2 2 0 2 2 2 2 2 2 2 2 2 2 2 2 0 0 2 2 2 2 2 2 2 2 2 0 2 2 2 2 2 2 2 2 2 2 2 2 2 2 0 2 2 0 0 2 2 2 2 2 2 2 2 2 2 2 2 2 2 2 2 2 2 2 2 2 2 2 2 2 2 2 2 2 2 2 2 2 2 2 1 2 2 2 2 2 2 2 2 2 2 2 2 2 2 2 2 2 2 2 2 2 2 2 2 2 2 2 2 2 2 2 2 2 2 2 2 0 2 2 2 2 1 2 2 2 2 2 2 2 2 2 0 2 2 2 2 2 2 2 2 2 2 2 2 2 2 2 2 2 2 2 2 2 2 2 2 0 2 2 2 2 2 2 2 2 2 2 2 2 2 2 2 2 2 2 2
1095 2 2 2 2 0 2 2 2 2 2 2 2 0 2 2 2 0 2 2 2 2 2 2 2 2 2 2 2 2 2 2 2 2 2 2 2 2 2 2 2 2 2 2 2 2 2 2 2 2 2 2 2 2 2 2 2 2 2 2 2 2 2 2 2 2 0 2 2 2 2 2 2 2 2 0 2 2 2 2 2 2 2 2 2 2 0 2 2 2 2 2 2 2 2 2 2 2 2 2 2 2 0 2 2 2 2 2 2 2 2 2 2 2 2 2 2 2 2 2 2 2 2 2 2 2 2 2 2 2 2 2 2 2 2 2 2 2 2 2 0 2 2 2 2 2 0 2 2 2 2 0 2 2 0 0 2 2 2 2 2 2 2 2 0 2 2 2 2 2 2 0 2 0 0 2 2 2 0 2 2 2 2 2 2 0 2 2 2 2 2 2 2 2 2 0 2 0 0 2 2 2 2 2 0 2 0 2 2 2 2 2 2 2 2 0 0 2 2 2 2 2 2 2 2 0 2 2 2 2 2 2 2 2 2 2 2 2 2 2 2 2 2 2 0 2
1096 2 2 2 2 2 0 2 2 2 2 2 2 2 0 2 0 2 2 2 2 2 2 0 0 2 2 2 2 2 2 2 2 2 2 0 1 0 2 2 2 2 0 2 2 2 2 2 2 2 2 2 2 2 2 0 0 2 2 2 2 0 2 0 2 2 2 2 2 2 0 2 0 2 2 2 2 2 2 2 2 2 2 0 2 2 0 2 0 2 0 2 2 2 0 0 2 2 2 2 2 2 2 2 2 2 2 2 2 0 2 0 0 0 2 2 0 2 2 0 2 0 0 2 2 2 2 2 2 2 2 2 2 2 2 2 0 0 0 2 2 2 2 2 2 2 2 2 2 1 2 0 2 2 2 2 2 0 0 2 2 2 2 2 2 2 2 2 2 2 2 2 0 2 2 2 0 2 2 2 2 2 2 0 2 2 2 2 2 2 2 1 2 0 2 2 0 0 2 0 2 0 2 2 2 2 0 2 0 2 2 2 0 2 2 0 2 2 1 2 2 2 0 2 2 2 0 2 2 2 2 0 2 2 2 0 2 2 2 0 2 2 2 2 2 0
1097 2 2 0 0 2 2 2 0 2 2 0 0 2 2 0 2 0 2 2 0 2 0 0 2 0 0 0 0 2 2 2 0 0 2 2 2 2 2 0 2 0 0 2 0 2 0 2 2 0 0 0 0 2 0 0 0 2 2 0 0 0 2 1 2 0 2 2 2 2 0 2 2 0 2 0 2 0 0 0 0 2 2 2 0 0 0 0 0 2 2 0 0 0 0 2 0 0 0 0 0 0 0 2 0 2 0 0 0 0 2 0 0 0 2 0 0 0 0 0 0 2 0 2 2 0 2 0 2 0 0 0 0 2 0 0 2 2 0 2 2 2 0 0 2 0 0 0 0 1 0 0 0 2 2 0 0 0 0 2 0 2 2 0 2 2 2 0 0 0 0 0 0 2 0 0 0 0 2 0 2 2 0 0 0 0 2 0 0 0 0 0 2 0 0 2 2 0 2 2 0 2 0 0 0 0 0 2 2 2 2 0 0 0 0 2 2 0 1 0 0 2 2 2 0 0 2 2 2 2 0 2 0 2 2 0 0 0 2 0 2 0 0 2 0 0
1098 2 2 0 0 2 2 2 0 2 2 0 0 2 2 2 2 0 2 2 0 2 0 0 2 0 0 0 0 2 2 2 0 0 2 2 1 2 2 0 2 0 0 2 0 2 0 2 2 0 0 2 0 2 0 0 0 2 2 0 0 0 2 1 2 0 2 2 2 2 0 2 2 0 2 0 2 0 0 2 2 2 2 2 0 0 0 0 0 2 2 0 0 2 0 2 0 0 0 0 0 2 2 2 0 2 0 2 0 0 2 0 0 0 2 0 0 0 0 0 0 2 2 2 2 0 2 0 2 0 0 0 0 2 0 0 2 2 0 2 2 2 0 0 2 0 0 0 2 2 0 0 2 2 2 0 0 0 0 2 0 2 2 0 2 2 2 0 2 0 0 0 0 2 0 0 0 0 2 0 2 2 0 0 0 1 2 0 0 0 2 1 2 0 2 2 2 0 2 2 0 2 2 0 0 0 2 2 2 2 2 2 2 0 0 2 2 0 1 2 2 2 2 2 0 0 2 2 2 2 2 2 0 2 2 2 2 2 2 0 2 0 0 2 2 0
1099 0 0 0 0 0 0 0 0 2 0 0 0 0 0 0 2 0 2 0 0 2 0 2 0 0 0 0 0 2 0 2 0 2 0 0 1 0 0 0 2 0 0 0 0 0 0 0 2 0 0 0 0 2 0 2 2 0 0 0 2 0 2 1 2 0 0 0 2 0 2 0 0 2 2 0 0 0 0 0 0 0 0 0 0 0 0 0 2 0 0 0 0 0 0 2 2 0 2 0 0 2 0 0 2 0 0 2 0 0 0 0 2 0 0 0 0 0 0 0 2 0 0 0 0 2 0 0 2 0 0 0 0 0 2 0 2 0 0 2 0 0 0 0 2 0 0 0 0 0 2 0 0 0 0 0 0 0 0 2 0 0 0 0 0 0 0 0 0 0 0 0 0 0 2 0 0 0 0 0 0 0 0 0 0 2 0 0 0 0 2 2 0 2 0 0 2 0 0 2 0 0 0 0 0 0 0 0 2 0 0 0 0 0 0 0 0 0 2 0 0 2 0 2 2 0 0 0 0 0 0 2 0 0 0 0 0 0 0 0 0 0 0 0 0 0
1100 2 2 2 2 2 2 0 2 2 2 2 2 2 2 2 0 2 2 2 2 2 2 2 2 2 2 2 2 2 2 2 2 0 2 2 2 2 2 2 2 2 2 2 2 2 2 2 2 2 2 2 2 2 2 2 2 2 2 2 2 2 2 0 2 2 2 2 2 2 2 2 2 0 2 2 2 2 2 2 2 0 2 2 2 2 2 2 2 2 2 2 2 2 2 2 0 2 2 2 2 0 2 2 2 2 2 0 2 2 2 2 2 2 2 2 2 0 2 2 0 2 2 2 2 0 0 2 2 2 2 2 2 2 0 2 0 2 2 2 2 2 2 2 2 2 2 2 2 2 2 0 2 2 2 2 2 2 2 2 2 0 2 2 2 2 2 2 2 2 2 2 2 2 2 2 2 2 2 2 2 2 2 2 2 2 2 2 2 2 2 2 2 2 2 2 0 0 2 0 2 2 2 2 2 2 2 0 0 2 2 2 2 2 2 0 2 2 2 2 2 2 2 2 2 2 2 2 2 0 2 0 2 2 2 2 2 2 2 2 2 0 2 2 2 2
1101 0 2 0 0 0 0 0 0 0 0 0 0 0 0 2 0 0 0 0 0 0 0 0 0 0 0 2 0 0 0 2 0 0 2 0 1 0 2 0 0 0 0 2 0 0 0 2 0 0 0 2 2 2 2 0 0 0 2 0 0 0 0 0 2 0 0 2 0 2 0 2 0 0 2 0 0 0 0 0 2 0 0 0 2 0 0 0 0 0 0 2 0 2 2 0 0 0 2 0 0 2 2 2 0 0 2 2 0 2 2 0 0 2 0 0 0 0 0 0 0 2 0 2 0 0 0 0 0 2 2 2 2 0 0 2 2 2 0 2 0 0 2 0 0 2 2 2 2 1 2 0 2 2 0 0 0 2 0 0 0 2 2 0 0 2 2 2 1 0 0 2 0 2 0 2 0 0 0 0 0 2 2 0 2 0 2 0 0 2 0 0 2 0 2 0 2 0 2 2 2 0 2 0 0 2 0 0 2 2 0 2 0 0 2 0 2 0 0 2 2 0 0 0 0 2 0 2 2 0 0 2 0 0 0 0 0 2 0 0 0 0 2 0 2 0
1102 2 2 2 2 2 2 2 2 2 2 2 2 2 2 2 0 2 0 2 2 2 2 0 2 2 2 2 2 0 2 0 2 2 2 2 2 2 2 2 2 2 0 2 2 2 2 2 2 2 0 2 2 2 2 0 0 2 2 2 2 2 2 2 2 2 2 2 2 2 2 2 2 2 2 2 2 2 2 2 2 2 2 2 2 2 2 2 2 2 2 2 2 2 2 2 2 2 2 2 2 2 2 2 2 2 2 2 2 2 2 0 2 2 2 2 2 2 2 2 2 0 2 2 2 2 2 2 2 2 0 2 2 2 2 2 2 0 2 2 2 2 2 2 2 2 2 2 2 2 2 2 2 2 2 2 2 2 2 2 2 2 0 2 2 2 2 2 2 2 2 2 2 2 2 2 2 2 2 2 2 2 2 2 2 2 2 2 2 2 2 2 2 2 2 2 2 2 2 2 2 2 2 2 2 2 2 2 2 2 2 2 2 2 2 2 2 2 1 2 2 2 0 2 2 2 2 2 2 2 2 2 2 2 2 2 2 2 2 2 2 2 2 2 2 2
1103 2 2 2 2 2 2 0 0 2 2 2 2 2 2 2 2 2 2 2 2 2 2 2 2 2 2 2 2 2 2 2 2 2 2 2 2 2 2 2 2 2 2 2 2 2 2 0 2 2 2 2 2 2 2 2 2 0 2 2 2 2 2 1 2 2 2 2 2 2 2 2 2 2 2 2 2 2 2 2 2 0 2 2 2 2 2 2 2 0 2 2 2 2 2 2 2 2 2 0 2 2 2 2 2 0 2 2 2 2 2 2 2 2 2 2 2 2 2 2 2 2 2 2 2 2 0 2 2 2 2 2 2 2 2 2 2 2 2 2 2 2 2 2 0 0 2 2 2 2 2 0 2 2 2 2 2 2 2 0 2 2 2 2 2 2 2 2 2 2 2 2 2 2 2 2 2 2 2 2 2 2 2 2 2 2 2 2 2 2 2 2 2 2 2 2 2 2 2 2 0 2 2 2 2 2 0 2 2 0 2 2 2 2 0 2 2 2 2 2 2 2 2 2 2 2 2 2 2 2 0 2 2 2 2 2 2 2 2 2 2 2 2 2 2 0
1104 2 2 2 2 2 0 2 2 2 2 2 2 2 0 2 0 2 0 2 2 0 2 2 0 0 2 2 2 0 2 0 2 2 2 2 1 0 2 2 0 2 0 2 2 2 2 0 1 2 2 2 2 2 2 2 2 2 2 2 0 0 0 1 2 2 2 2 2 2 0 2 2 0 2 2 2 2 2 0 2 2 2 2 2 2 2 2 0 0 2 2 2 0 2 2 2 0 2 2 2 2 2 2 0 2 2 0 2 2 2 2 2 2 2 0 2 0 2 2 2 1 2 2 2 2 2 2 2 2 0 2 0 2 2 0 2 0 0 0 2 2 2 2 2 2 2 2 2 1 2 0 2 2 0 2 2 0 2 2 2 2 2 0 2 2 2 2 1 2 2 0 2 2 0 2 2 2 0 2 2 2 0 0 2 0 0 0 0 2 2 2 2 0 2 0 2 2 2 2 2 0 0 2 0 0 2 0 2 0 2 2 2 2 2 2 2 2 0 2 2 2 0 2 0 0 2 2 2 0 2 2 0 2 0 2 2 2 2 2 2 0 0 2 2 2
1105 2 2 2 2 2 2 2 2 0 2 2 2 2 2 2 2 2 2 2 0 2 2 1 2 2 2 2 2 2 2 2 2 2 2 2 2 2 2 2 2 2 2 2 2 2 2 2 2 2 2 2 2 2 2 1 1 2 2 2 2 2 2 1 2 2 2 2 2 2 2 2 2 2 2 2 2 2 2 2 2 2 2 0 2 2 2 2 2 2 2 2 2 2 2 2 2 2 2 2 2 2 2 2 2 2 2 2 2 2 2 2 2 2 2 2 2 2 2 2 2 2 0 2 2 2 2 2 2 2 2 2 2 2 2 2 2 2 2 2 0 2 2 2 2 2 2 2 2 2 2 2 2 2 2 2 2 2 2 2 2 2 2 2 2 0 2 0 2 2 2 2 2 2 2 0 2 2 2 2 2 2 2 2 2 2 2 2 2 2 2 1 2 2 2 2 2 0 0 0 2 2 2 0 2 2 2 2 0 2 2 2 0 2 2 2 2 0 2 2 2 2 2 2 2 2 0 2 2 2 2 2 2 2 2 0 2 2 2 2 2 2 2 2 2 2
1106 0 0 2 2 2 2 2 2 2 0 0 2 2 2 2 1 2 2 0 2 2 2 2 2 2 2 2 2 2 0 1 2 2 0 2 2 2 0 2 2 2 2 2 2 0 2 2 2 2 2 2 2 2 2 2 2 2 0 2 2 2 2 2 2 2 2 0 2 1 2 2 2 2 2 2 0 2 2 2 1 2 2 2 2 2 2 2 2 2 2 2 2 2 2 2 2 2 2 2 2 2 2 0 1 2 2 2 2 2 0 0 2 2 0 2 2 2 2 2 2 2 2 2 2 2 2 2 2 2 2 2 2 2 2 2 2 2 2 2 2 0 2 2 2 2 2 2 2 2 2 2 2 2 2 2 2 2 2 2 1 2 1 2 2 2 2 2 2 2 1 1 2 2 2 2 2 2 2 1 0 2 1 2 2 2 2 2 2 2 0 1 2 2 2 2 2 2 2 2 2 2 2 2 2 2 2 2 2 2 2 2 2 2 2 2 1 2 2 2 2 2 2 2 2 2 2 2 2 2 2 2 2 0 2 2 1 2 0 2 2 2 2 2 2 2
1107 0 0 2 0 2 2 0 2 0 0 0 2 2 2 2 2 2 0 0 0 2 2 0 2 2 2 2 2 0 0 2 2 0 0 0 2 2 0 0 2 0 2 0 0 0 2 0 2 2 2 0 0 2 0 0 0 2 0 2 2 2 2 1 2 0 2 0 0 0 2 0 2 2 2 2 0 2 2 2 0 0 0 0 2 0 2 2 2 2 0 1 0 2 0 2 0 2 2 2 2 0 2 0 2 0 2 0 0 0 0 0 2 0 0 2 2 2 2 2 0 0 0 2 0 0 0 0 0 0 2 2 2 0 0 2 2 2 0 2 2 0 2 2 0 2 2 0 2 2 2 2 0 0 2 0 2 0 2 0 2 2 0 2 0 2 0 2 1 0 2 0 0 2 0 2 0 2 2 2 0 2 1 0 2 0 0 2 2 1 0 0 2 2 2 2 2 0 0 0 0 2 2 2 2 2 0 2 0 0 2 2 0 2 2 0 0 2 2 0 0 0 2 0 2 0 0 2 2 2 0 0 2 0 0 0 0 0 0 2 2 2 2 0 0 0
1108 0 2 2 2 2 2 2 2 2 0 2 2 2 0 2 2 2 2 0 2 2 2 2 0 2 2 2 2 2 0 2 2 2 2 2 2 2 2 2 2 2 0 2 2 0 2 2 0 2 2 2 2 2 2 2 2 2 2 2 2 2 0 2 2 2 2 2 2 2 2 2 2 2 2 2 0 2 2 2 2 2 2 2 2 2 2 2 2 2 2 2 2 2 2 2 2 2 2 2 2 2 2 2 2 2 2 2 2 2 2 2 2 2 0 2 2 2 2 2 2 2 2 2 2 2 2 2 2 2 2 2 2 2 2 2 2 2 2 2 2 0 2 2 2 2 2 2 2 2 2 2 2 2 2 2 2 2 2 2 2 2 2 2 2 2 2 2 2 2 2 2 2 2 2 2 2 2 2 2 0 2 2 2 2 2 2 2 2 2 0 1 2 2 2 2 2 2 2 2 2 2 2 2 2 2 2 2 2 2 2 2 2 2 2 2 2 2 2 2 2 2 2 2 2 2 2 2 2 2 2 2 2 0 2 2 2 2 0 2 2 2 2 2 2 2
1109 2 2 2 0 0 2 2 2 2 2 2 0 0 2 2 2 0 2 2 2 2 0 2 2 2 2 0 0 2 2 2 0 2 2 2 1 2 2 2 2 2 2 2 2 2 2 2 2 2 2 0 2 2 2 0 2 2 2 2 2 2 2 2 2 2 0 2 1 2 2 2 2 0 2 0 2 2 2 2 2 2 2 2 2 2 0 2 2 2 2 2 2 2 2 2 2 2 2 2 2 2 2 2 2 2 2 2 0 2 2 0 2 2 2 2 0 2 0 0 2 2 2 2 2 2 2 0 2 2 2 2 2 2 2 2 0 2 2 0 0 2 2 0 2 2 2 2 0 2 2 2 2 2 2 2 1 0 2 2 2 2 2 2 2 0 2 0 2 2 2 2 2 0 2 0 2 2 2 2 2 2 2 0 0 2 2 2 2 2 2 2 2 2 2 2 0 2 2 2 2 2 0 2 2 2 2 0 2 2 2 0 2 2 2 2 2 2 2 2 0 0 2 1 2 2 2 2 2 2 2 2 2 2 2 2 0 2 2 0 2 2 2 2 2 2
1110 2 2 0 0 0 2 2 2 2 2 2 0 0 0 2 2 0 0 2 2 0 0 2 0 2 2 0 0 0 2 2 0 2 2 2 1 2 2 0 2 2 0 2 0 2 0 2 0 0 2 0 2 2 2 2 2 2 2 0 2 2 0 2 2 0 0 2 2 2 2 2 2 2 2 0 2 0 0 2 2 0 2 2 2 2 0 0 2 2 2 0 0 2 0 2 2 2 2 2 0 2 0 2 2 2 2 0 0 0 2 2 2 0 2 2 2 0 2 0 2 2 2 2 2 2 2 2 0 0 2 2 2 0 2 2 0 2 2 2 0 2 0 0 0 2 2 2 0 2 2 2 2 2 0 2 2 2 2 0 0 2 0 2 0 0 0 0 1 0 0 2 2 0 2 0 2 2 0 0 2 2 2 0 0 2 2 2 2 2 2 2 2 2 2 0 0 2 0 0 2 2 0 0 2 2 0 0 0 2 2 2 2 0 2 0 2 0 2 2 0 0 2 2 2 2 2 2 2 0 2 2 2 2 2 2 0 2 2 0 2 0 0 2 0 0
1111 2 2 2 2 2 2 0 2 2 2 2 2 2 2 2 2 2 2 2 2 2 2 2 2 2 2 2 2 2 2 2 2 0 2 0 2 2 2 2 2 2 2 2 2 2 2 2 2 2 2 2 2 2 2 2 2 2 2 2 2 2 2 2 2 2 2 2 2 2 2 2 2 2 2 2 2 2 2 2 2 2 2 2 2 2 2 2 2 2 0 2 2 2 2 2 0 2 2 2 2 2 2 2 2 2 2 2 2 2 2 0 2 2 2 2 2 2 2 2 0 2 2 2 2 0 0 2 2 2 2 2 2 2 0 2 2 2 2 2 2 2 2 2 2 2 2 2 2 2 2 2 2 2 2 2 2 2 2 2 2 2 2 2 2 2 2 2 2 2 2 2 2 2 2 2 0 2 2 2 2 2 2 0 2 2 2 2 2 2 2 2 2 2 2 2 2 2 2 2 2 2 2 2 2 2 2 2 2 2 2 2 0 2 2 2 2 2 1 2 2 2 0 2 2 2 2 2 2 2 2 2 2 2 2 0 2 2 2 2 2 2 2 2 2 2
1112 0 2 0 0 0 0 0 0 0 0 0 0 0 0 0 0 0 0 0 0 0 0 2 0 2 0 0 0 0 0 0 0 0 2 0 1 2 0 0 0 0 0 0 0 0 0 0 0 0 0 0 0 2 0 2 2 0 0 0 0 0 0 2 2 0 0 0 0 2 2 0 0 0 2 0 0 0 0 2 0 0 0 2 2 0 0 0 0 0 0 0 0 2 0 2 0 2 0 0 0 0 0 2 0 0 0 0 0 0 0 0 0 0 0 0 0 0 0 0 0 0 0 0 0 0 0 0 0 0 2 2 2 0 0 0 0 2 0 0 2 0 0 0 0 0 2 0 0 1 0 2 0 0 0 2 2 0 0 0 0 0 2 2 0 0 0 0 1 0 0 2 0 0 0 0 0 2 0 0 0 0 2 0 0 0 0 2 0 0 0 1 0 0 0 0 0 2 0 0 0 2 0 2 2 0 0 0 0 0 0 2 0 0 0 0 2 2 0 2 0 0 0 0 2 2 2 0 2 0 0 0 0 0 0 0 0 0 0 0 2 0 2 0 0 0
