V1 V2 V3 V4 V5 V6 V7 V8 V9 V10 V11 V12 V13 V14 V15 V16 V17 V18 V19 V20 V21 V22 V23 V24 V25 V26 V27 V28 V29 V30 V31 V32 V33 V34 V35 V36 V37 V38 V39 V40 V41 V42 V43 V44 V45 V46 V47 V48 V49 V50 V51 V52 V53 V54 V55 V56 V57 V58 V59 V60 V61 V62 V63 V64 V65 V66 V67 V68 V69 V70 V71 V72 V73 V74 V75 V76 V77 V78 V79 V80 V81 V82 V83 V84 V85 V86 V87 V88 V89 V90 V91 V92 V93 V94 V95 V96 V97 V98 V99 V100 V101 V102 V103 V104 V105 V106 V107 V108 V109 V110 V111 V112 V113 V114 V115 V116 V117 V118 V119 V120 V121 V122 V123 V124 V125 V126 V127 V128 V129 V130 V131 V132 V133 V134 V135 V136 V137 V138 V139 V140 V141 V142 V143 V144 V145 V146 V147 V148 V149 V150 V151 V152 V153 V154 V155 V156 V157 V158 V159 V160 V161 V162 V163 V164 V165 V166 V167 V168 V169 V170 V171 V172 V173 V174 V175 V176 V177 V178 V179 V180 V181 V182 V183 V184 V185 V186 V187 V188 V189 V190 V191 V192 V193 V194 V195 V196 V197 V198 V199 V200 V201 V202 V203 V204 V205 V206 V207 V208 V209 V210 V211 V212 V213 V214 V215 V216 V217 V218 V219 V220 V221 V222 V223 V224 V225 V226 V227 V228 V229 V230 V231 V232 V233 V234 V235 V236 V237 V238 V239 V240 V241 V242 V243 V244 V245
1 2 2 2 2 2 2 2 0 2 2 2 2 2 2 2 2 2 0 0 2 0 2 2 2 2 2 0 2 0 0 2 2 2 2 2 2 2 2 2 0 0 2 2 2 2 2 0 0 2 0 2 2 2 2 2 2 2 2 2 2 2 0 2 2 2 2 2 2 2 2 2 2 2 2 2 0 2 2 2 2 2 0 2 0 2 0 2 2 2 2 2 2 2 2 2 2 2 2 0 2 2 2 2 2 0 2 2 2 2 2 2 2 0 2 0 0 2 2 2 2 2 2 2 0 2 2 2 2 2 2 2 2 2 2 2 0 2 2 2 0 0 0 0 2 0 2 2 2 2 2 2 2 2 2 2 2 2 0 2 2 2 2 2 2 0 2 2 2 2 2 2 2 2 2 2 2 2 2 2 2 2 2 2 0 2 2 2 2 2 2 2 2 2 2 2 0 2 2 2 0 2 0 2 2 2 2 2 2 0 2 2 2 2 0 2 2 2 1 2 2 2 2 2 2 2 2 2 2 2 0 0 2 2 0 2 2 0 2 2 2 2 2 2 2 2
2 0 0 0 0 0 0 0 0 0 0 0 0 0 0 0 0 0 0 0 0 0 0 0 0 0 0 2 0 0 0 0 0 0 0 0 1 2 0 0 2 0 0 0 0 0 0 0 0 0 0 0 2 0 0 0 0 2 0 0 0 0 0 0 0 0 0 0 0 2 0 2 0 0 0 0 0 0 0 0 0 0 2 0 0 0 2 0 0 0 0 0 0 0 0 0 0 0 2 0 0 2 0 0 0 2 0 2 0 0 0 0 2 0 2 2 0 0 0 2 0 0 0 0 0 0 0 0 2 0 0 2 0 0 0 0 2 0 0 0 0 0 0 2 0 0 0 2 0 0 0 0 2 2 0 0 0 0 2 0 0 2 0 0 0 0 0 0 0 2 0 2 0 0 2 0 2 0 0 0 0 0 0 0 2 2 0 0 2 0 2 1 0 0 0 0 0 0 0 0 0 0 0 2 0 0 0 0 0 0 0 0 2 0 0 0 2 2 1 0 0 2 2 0 0 0 0 0 0 2 2 2 0 0 0 2 0 0 0 2 0 0 0 0 0 0
3 2 2 2 2 2 2 0 2 2 2 2 2 2 2 2 2 2 2 2 2 2 2 2 2 2 2 2 2 2 2 2 2 2 2 2 2 2 2 2 2 2 2 2 2 2 2 2 2 2 2 2 2 2 2 2 2 2 2 2 2 2 2 0 2 2 2 2 2 0 0 2 2 2 2 2 2 2 2 2 2 2 2 0 2 2 2 2 2 2 2 2 2 0 2 2 2 2 2 2 2 2 2 2 2 2 2 2 2 2 2 0 2 2 2 2 2 2 2 2 2 2 2 2 2 2 0 2 2 2 2 2 2 2 2 2 2 2 2 2 2 2 2 2 2 2 2 2 2 2 2 2 2 2 2 0 2 2 2 2 2 2 2 2 2 2 2 2 2 2 2 0 2 2 2 2 2 2 2 2 2 2 2 2 2 2 2 2 2 2 0 1 2 2 2 2 2 2 0 2 2 2 2 2 2 2 2 2 2 2 2 2 2 2 2 2 2 2 2 2 2 2 2 2 0 2 2 2 2 2 2 2 2 2 2 2 2 2 2 2 2 2 2 2 2 2
4 2 2 0 0 2 2 2 0 2 2 0 2 2 2 2 2 0 2 2 2 2 0 2 2 2 2 2 0 2 2 2 0 2 2 0 2 2 2 2 2 0 2 0 2 2 0 0 2 0 2 0 0 2 0 2 2 0 2 0 0 0 2 2 0 2 2 2 2 0 2 0 2 2 2 0 2 0 2 2 0 2 0 2 2 2 2 0 0 0 0 2 2 2 2 0 2 0 2 0 0 0 2 2 0 0 0 2 0 0 2 2 2 0 2 2 2 2 2 2 2 2 2 2 2 2 2 0 0 2 2 2 2 0 2 2 2 2 2 0 2 2 2 2 2 0 0 0 2 2 0 2 0 0 2 2 2 2 1 2 0 2 0 2 0 2 2 2 2 0 0 0 0 0 0 2 2 0 2 0 2 0 0 2 2 2 2 2 2 2 2 2 1 0 0 2 2 0 2 0 0 2 0 2 2 2 0 2 0 0 2 0 2 0 0 2 2 2 1 2 2 2 2 1 2 0 2 2 2 2 0 2 2 2 2 2 0 2 2 2 0 2 0 2 0 0
5 2 2 0 2 2 2 2 2 2 2 2 2 2 2 2 2 2 2 2 0 0 2 2 2 2 2 2 2 2 2 0 2 2 2 2 2 2 2 0 2 2 2 2 2 2 0 2 2 0 0 2 2 2 2 2 2 2 2 0 2 2 2 2 2 2 2 2 2 2 2 2 2 2 2 2 2 0 2 2 2 2 2 2 2 2 2 0 2 2 2 2 0 2 2 2 2 2 2 2 0 2 2 2 2 2 2 2 2 2 2 2 2 2 2 0 2 2 2 2 2 2 0 2 2 2 2 2 2 2 2 2 2 2 2 2 2 2 2 2 2 2 2 2 2 2 2 2 2 2 2 2 2 2 2 2 2 2 2 2 2 2 2 2 2 2 2 2 2 2 2 2 2 2 2 2 2 2 2 2 2 2 2 2 2 2 2 2 2 2 2 2 2 2 2 2 2 2 2 2 2 2 2 2 2 2 2 2 2 2 2 0 2 0 2 2 2 2 2 2 2 2 2 2 2 2 2 2 2 2 2 2 2 2 2 2 2 2 2 2 2 2 2 2 2 2
6 2 2 0 2 0 2 2 2 0 2 0 0 0 2 2 2 2 0 2 2 2 0 2 2 2 2 0 0 0 2 2 0 2 2 2 1 2 2 2 2 2 2 2 0 2 0 0 0 2 2 2 2 2 2 2 2 2 2 0 2 0 2 2 0 2 0 2 2 0 2 0 2 2 2 2 2 0 0 2 2 2 2 2 0 2 0 0 2 0 2 0 2 2 2 2 2 2 2 2 0 2 2 2 2 0 2 2 2 2 0 2 2 2 2 2 2 2 2 2 2 2 2 2 0 2 2 2 2 0 2 2 2 2 2 2 0 2 2 2 0 0 0 0 2 0 2 2 2 2 2 2 0 0 2 2 2 2 2 1 0 2 2 2 2 2 2 2 2 0 0 2 0 2 2 2 2 2 2 0 2 2 2 0 0 2 0 2 2 0 2 2 2 2 2 2 0 2 2 2 2 0 2 2 2 2 0 2 2 0 2 2 2 0 0 0 0 2 2 2 2 2 2 2 2 2 2 2 2 2 2 2 2 2 0 2 2 2 2 2 2 2 2 2 2 2
7 2 2 2 2 2 2 2 2 2 2 0 2 2 2 2 2 2 0 2 2 2 2 0 2 2 2 2 2 0 2 2 2 0 2 2 2 0 2 0 2 2 0 2 2 2 2 2 2 2 2 2 2 2 2 0 0 2 2 2 0 2 2 2 2 2 2 2 2 2 2 2 2 2 2 2 2 2 2 2 2 2 2 2 2 2 2 2 0 2 2 2 0 2 2 2 0 0 2 2 2 2 2 2 2 2 2 2 2 2 2 2 2 2 2 2 2 2 2 2 0 2 2 0 2 2 2 2 2 2 0 2 2 2 0 2 2 2 2 2 2 2 2 2 2 2 2 2 2 2 2 2 2 2 2 2 2 2 2 2 2 2 2 2 2 2 2 2 2 2 2 2 2 2 2 2 2 0 2 2 2 2 2 2 2 2 2 0 2 2 2 2 2 0 2 2 2 0 2 2 2 2 2 2 2 2 2 2 2 2 2 2 0 2 2 0 2 2 2 2 2 2 2 2 2 2 2 2 2 2 2 2 2 2 2 0 2 2 2 2 2 2 2 2 2 2
8 2 0 2 0 2 2 0 0 2 2 2 2 2 2 0 2 2 2 2 2 2 2 0 2 0 2 0 2 2 2 0 2 0 0 0 1 2 0 2 0 2 0 2 0 2 2 0 2 2 2 0 0 0 0 0 0 0 0 2 2 0 2 0 0 0 2 0 0 0 2 0 2 0 0 2 2 2 2 2 2 0 2 2 0 2 0 2 0 0 0 2 2 2 0 0 0 0 2 0 2 0 0 0 2 0 2 0 0 0 0 2 2 2 2 0 0 0 0 2 0 0 2 0 0 0 0 2 0 2 0 0 2 2 0 2 0 0 2 0 0 2 0 0 2 0 2 0 0 1 2 2 0 0 0 0 0 0 2 1 0 0 2 0 0 0 2 0 1 0 0 2 2 2 0 0 2 2 0 0 2 2 2 2 0 2 0 0 2 0 2 1 2 0 2 0 0 2 2 0 0 0 0 2 0 2 0 0 0 0 0 0 2 2 0 2 2 2 1 2 0 0 2 0 2 2 2 2 2 2 0 2 2 2 0 2 0 2 2 2 0 0 0 0 0 0
9 0 2 2 2 0 2 0 2 2 0 2 2 0 0 2 2 2 2 0 2 2 2 2 0 2 2 2 2 2 0 0 2 2 0 2 2 0 2 2 0 2 2 2 2 0 2 2 0 2 2 2 0 2 2 2 2 2 2 2 2 2 2 2 2 2 0 2 2 2 2 2 2 2 2 2 0 2 2 2 2 2 2 0 2 2 2 2 2 0 2 0 2 0 2 2 2 2 2 2 2 2 2 2 2 0 2 0 2 2 2 2 2 2 0 2 2 2 2 2 2 2 2 2 0 2 0 2 0 2 2 2 2 2 2 2 2 2 2 2 2 0 2 2 2 2 2 0 2 2 2 2 0 2 2 2 2 2 2 2 2 2 2 2 2 2 2 2 2 2 2 2 2 2 0 0 2 2 2 2 0 2 2 2 2 2 2 2 2 2 0 0 2 2 2 2 2 0 2 2 0 2 2 2 2 2 2 0 2 2 2 2 0 2 2 2 2 2 2 2 2 2 2 2 2 2 2 2 2 2 2 0 2 0 2 0 0 2 0 2 2 2 0 2 0 2
10 2 2 0 2 2 2 2 2 2 2 0 2 2 2 2 2 2 0 0 2 2 2 2 2 2 2 2 2 0 0 2 2 2 2 2 1 2 2 0 2 2 2 2 2 2 0 2 2 2 2 2 2 2 2 2 2 2 2 0 2 2 2 2 2 2 2 2 2 0 2 2 2 2 2 2 0 0 2 2 2 2 2 2 0 0 2 0 2 2 2 0 0 2 0 2 2 2 2 2 0 2 2 2 2 2 2 0 2 2 2 2 2 2 2 2 0 2 2 2 2 2 2 2 2 2 2 2 2 2 0 2 2 2 2 2 2 2 2 0 2 2 2 2 2 2 2 2 2 2 2 2 2 2 2 2 2 2 2 2 2 2 2 2 0 2 2 2 2 2 2 2 2 2 2 0 2 2 2 2 2 0 2 0 2 2 2 2 2 2 2 2 0 2 2 2 2 2 2 2 2 2 2 2 2 2 2 2 2 2 2 2 2 0 2 2 2 2 2 2 2 2 2 2 0 2 2 0 0 2 2 2 2 2 2 2 2 2 2 2 2 2 2 2 2 2
11 0 0 0 0 0 2 0 0 0 0 0 2 0 0 0 2 2 0 0 0 0 0 0 0 0 0 2 0 0 0 0 0 0 0 0 1 0 0 0 0 0 0 0 0 0 0 0 0 0 0 0 0 0 0 0 0 0 0 0 0 0 2 0 0 0 0 0 0 0 0 0 0 0 0 2 0 0 2 0 0 2 0 0 0 0 2 0 0 2 0 2 0 0 0 0 0 0 0 0 0 0 2 0 0 0 0 2 0 0 0 0 0 2 0 0 0 2 0 0 0 0 0 0 0 0 0 0 2 0 2 0 0 2 0 0 2 2 2 2 0 0 0 2 0 0 0 0 0 1 0 0 0 0 0 0 0 0 0 0 0 0 0 0 2 2 2 2 0 0 0 0 0 2 0 0 0 2 0 0 0 2 0 0 2 2 0 0 0 2 0 1 2 0 0 0 2 2 0 0 0 2 2 0 0 0 0 0 0 0 2 2 0 0 0 0 0 0 0 0 0 0 0 0 2 0 0 2 2 0 0 0 0 0 2 0 0 0 0 0 0 2 0 0 0 0
12 2 0 0 0 0 0 0 2 0 2 0 0 0 2 0 0 0 0 0 0 0 0 0 2 2 0 0 0 0 0 0 0 0 0 0 1 0 0 0 0 0 0 0 0 2 0 0 2 0 0 0 0 0 0 0 0 0 0 0 0 0 0 0 0 0 0 0 0 0 0 0 0 0 0 0 0 0 0 0 0 0 0 0 0 0 0 0 0 0 0 0 0 0 0 0 0 0 0 2 0 0 0 0 0 0 0 0 0 0 0 0 0 0 0 0 0 0 0 0 0 0 0 0 0 0 0 0 0 0 0 0 0 0 0 0 0 0 0 0 0 2 0 0 0 0 0 0 0 0 0 0 0 0 0 0 0 0 0 0 0 0 0 0 0 0 0 0 0 0 0 0 0 0 0 0 0 0 0 0 2 0 0 0 0 0 0 0 0 0 2 1 0 0 0 0 0 0 0 0 0 0 0 0 0 0 0 0 0 0 0 0 0 0 0 0 0 0 0 0 0 0 0 0 0 0 0 0 0 0 0 0 0 2 0 0 0 0 2 0 0 0 0 0 0 0
13 2 2 2 2 2 2 2 2 2 2 2 2 2 2 2 2 2 0 2 2 2 2 2 2 2 2 0 2 0 2 2 2 2 2 2 1 2 2 2 2 2 2 2 2 2 2 2 2 2 0 2 2 2 2 2 2 2 2 2 2 2 2 2 2 2 2 2 2 2 2 2 2 2 2 2 2 2 2 2 2 2 2 2 2 2 0 2 2 2 2 0 2 2 2 2 2 2 2 2 2 2 2 2 2 2 2 2 2 2 2 2 2 2 2 2 2 2 2 2 2 2 2 2 2 2 2 2 2 2 2 2 2 0 2 0 0 2 2 2 2 2 2 0 2 2 2 2 2 2 2 2 2 2 2 2 2 2 2 2 2 2 2 2 2 2 2 2 2 2 2 2 2 2 2 2 2 2 2 2 2 2 2 2 0 2 2 2 2 2 2 2 2 2 0 2 2 2 2 2 2 2 2 2 2 0 2 2 2 2 0 2 2 2 2 2 2 2 2 2 2 2 2 2 2 2 2 2 2 2 2 2 2 2 2 2 2 0 2 2 2 2 2 2 2 2
14 0 0 0 0 0 0 0 0 0 0 0 0 0 0 2 0 0 0 0 0 0 0 2 0 0 2 0 0 0 0 0 0 0 0 0 0 2 0 0 0 0 0 0 0 0 0 0 0 0 0 0 0 0 0 2 2 0 0 0 0 0 0 0 0 0 0 0 0 0 0 0 0 2 0 0 0 0 0 2 0 0 0 0 2 0 0 0 0 0 0 0 0 0 0 0 0 0 0 0 0 0 0 0 0 0 0 0 0 0 0 0 2 0 0 0 0 0 0 2 0 0 0 0 0 2 0 0 0 0 2 0 2 0 0 0 0 0 0 0 0 0 0 0 2 0 0 0 0 1 0 2 0 0 0 0 0 0 0 1 0 0 0 0 0 0 0 0 0 0 0 0 0 0 0 0 2 0 0 0 0 0 0 0 0 0 0 0 2 0 0 1 0 0 0 0 0 2 0 0 0 0 0 0 2 0 0 2 0 0 0 0 2 0 0 2 0 0 1 2 0 0 2 0 0 0 0 0 0 2 0 0 2 0 0 2 0 0 0 2 0 0 0 0 0 0
15 2 2 2 2 2 2 2 2 2 2 2 2 2 2 2 2 2 2 2 2 2 2 2 2 0 2 2 2 2 2 0 2 2 2 2 2 2 2 2 2 2 2 2 2 2 2 2 2 2 2 2 0 2 2 2 2 2 2 2 2 2 2 2 2 2 2 2 2 2 2 2 0 2 2 2 2 2 2 0 2 0 2 2 2 2 2 2 2 2 2 2 2 2 0 2 2 2 2 2 2 0 2 2 2 2 2 2 2 2 2 2 2 2 2 2 2 2 2 2 2 2 2 2 2 2 2 0 2 2 2 2 0 2 2 2 2 2 0 0 2 2 0 2 2 2 0 0 0 1 2 0 2 0 0 2 2 2 2 2 2 2 0 0 0 2 2 2 1 2 2 2 2 2 2 2 2 0 0 2 0 2 2 2 2 2 2 2 2 2 2 2 2 2 2 2 2 2 0 2 2 2 2 2 0 2 0 2 2 2 2 0 2 2 2 0 2 2 1 2 2 2 0 2 2 0 0 2 2 2 2 0 2 0 2 2 0 2 0 2 2 2 2 2 0 2
16 2 2 2 2 2 2 2 2 0 2 2 2 2 2 2 2 2 2 2 2 2 2 2 2 2 2 2 2 2 2 2 2 2 2 2 2 2 2 2 2 0 2 2 2 2 2 2 2 2 2 2 2 2 2 2 2 2 2 2 2 2 2 2 2 2 2 2 2 2 2 2 2 2 2 2 2 2 2 2 2 0 2 2 2 2 2 2 2 2 2 2 2 2 2 2 2 2 2 2 2 2 2 2 2 2 2 2 2 2 2 2 2 2 2 2 2 2 2 0 2 2 2 2 2 2 2 0 2 2 2 2 2 2 2 2 2 2 2 0 2 2 2 2 2 2 2 2 2 2 1 2 2 2 2 0 0 2 2 1 2 2 0 2 2 2 2 2 2 2 2 2 2 2 2 2 2 2 2 2 2 2 2 2 2 2 2 2 2 0 2 2 2 2 2 0 2 2 2 2 2 0 2 2 2 2 2 2 2 2 2 2 2 2 2 0 2 2 2 2 2 0 2 2 2 0 2 2 2 2 2 2 2 2 2 2 2 2 2 0 2 2 2 2 2 2
17 2 2 2 2 0 2 2 0 0 2 2 2 0 2 2 2 0 2 2 2 2 2 2 2 0 2 0 2 2 2 0 2 2 2 0 1 2 0 2 2 0 2 0 2 2 2 0 2 2 2 0 2 2 2 2 2 2 0 2 2 0 2 2 0 0 0 0 2 2 2 2 2 2 2 0 2 2 2 2 2 0 2 0 0 2 0 2 2 0 0 2 2 0 2 2 2 2 0 0 2 2 2 2 2 0 0 0 2 2 2 2 0 0 2 2 2 2 0 0 2 2 2 2 2 0 2 0 0 2 2 2 2 2 2 2 0 2 2 0 0 2 2 0 2 2 2 2 0 2 1 2 0 2 0 0 0 2 2 1 2 2 0 2 2 2 0 2 1 2 2 2 0 0 2 2 2 2 0 2 2 2 2 2 0 2 2 2 2 0 2 1 2 2 0 0 2 2 2 0 2 0 2 2 2 2 0 2 0 0 0 0 2 2 2 0 2 2 2 2 0 0 2 2 2 0 2 2 2 2 2 2 2 2 2 2 2 0 2 0 0 2 2 2 2 0
18 2 2 2 2 2 2 2 0 2 2 2 2 2 2 0 2 0 2 2 2 2 2 2 2 2 2 0 2 2 2 2 2 2 2 2 1 2 2 2 2 2 2 2 2 2 2 2 2 2 2 2 2 2 2 2 2 2 2 2 2 2 2 0 2 2 2 2 2 2 2 2 2 0 2 0 2 2 2 2 2 2 2 2 2 2 0 2 2 2 2 2 2 2 2 2 2 2 2 0 2 2 0 2 2 2 2 0 2 2 2 2 2 0 2 2 2 2 2 2 2 2 2 2 2 2 2 2 2 2 2 2 2 2 2 2 0 0 2 2 2 2 2 0 0 2 2 2 0 1 1 0 0 0 0 2 2 2 0 1 2 0 2 2 2 2 0 2 2 2 2 2 2 0 0 2 2 0 0 2 2 0 0 2 0 0 2 2 2 2 2 2 0 2 2 2 2 2 0 2 0 0 2 0 0 2 0 2 2 2 2 0 2 2 2 2 2 0 2 0 2 2 2 2 2 2 2 0 2 2 2 2 2 2 2 2 2 0 2 2 0 2 0 0 2 2
19 2 2 2 2 2 2 2 0 2 2 2 2 2 2 0 2 2 2 2 2 2 2 2 2 0 2 0 2 2 2 2 2 2 2 2 1 2 2 2 2 2 2 2 2 2 2 2 2 2 2 2 2 2 2 2 2 2 2 2 2 2 2 2 2 2 2 2 2 0 2 2 2 2 2 2 2 2 2 2 2 2 2 2 2 2 0 2 2 2 2 2 2 2 2 2 2 0 0 0 2 2 0 2 2 2 0 2 2 2 2 2 2 2 2 2 2 2 2 2 2 2 2 2 2 2 2 2 2 2 2 2 2 2 2 2 0 2 2 2 2 2 2 0 0 2 2 2 0 1 2 0 0 2 2 2 2 2 2 0 2 2 2 0 2 0 0 2 2 2 2 2 2 2 2 2 2 2 2 2 2 0 2 2 0 2 2 2 2 2 2 2 0 2 2 0 0 2 0 2 2 2 2 2 0 2 2 2 2 2 0 0 2 2 2 2 2 2 2 0 2 2 2 2 2 2 2 0 2 2 2 2 2 2 2 2 2 2 2 2 2 2 2 2 2 0
20 2 0 0 0 0 0 0 2 0 0 0 2 0 0 0 0 0 0 2 0 0 0 0 0 0 0 0 0 0 2 0 0 0 2 0 0 0 0 0 0 0 0 0 0 0 0 0 2 0 0 0 0 2 0 0 0 0 0 0 0 0 0 0 0 0 0 0 0 0 0 0 0 0 2 0 2 0 2 0 2 2 0 0 0 0 0 0 0 0 0 0 0 0 0 0 0 0 0 2 0 0 0 0 0 0 0 0 0 0 0 0 2 0 0 2 0 0 2 0 0 0 0 0 0 0 0 0 0 0 0 0 0 0 0 0 0 0 0 0 0 2 0 0 0 2 0 0 0 0 0 0 0 0 2 0 2 0 0 0 0 0 0 0 0 0 0 0 0 0 0 0 0 0 0 0 0 0 2 0 0 0 0 0 0 0 0 0 0 0 0 0 0 0 0 0 0 0 0 0 0 0 0 0 0 0 2 0 0 0 0 0 0 0 2 0 0 0 1 0 0 0 2 0 0 0 0 0 0 0 0 0 0 0 0 0 0 0 0 0 0 0 0 0 0 0
21 2 0 0 0 0 0 0 2 0 0 0 2 0 0 0 0 0 1 2 0 0 0 0 0 0 0 0 0 0 2 0 0 0 2 0 0 0 0 0 0 0 0 1 0 0 0 0 2 0 0 0 0 2 0 0 0 0 0 0 0 0 0 0 0 0 0 0 0 0 0 0 0 0 2 0 2 0 2 0 0 2 0 0 0 0 0 0 0 0 0 0 0 0 0 0 0 0 0 2 0 0 0 0 0 0 0 0 0 0 0 0 2 0 0 2 1 0 2 1 0 0 0 0 0 0 0 0 0 0 0 0 0 0 0 0 0 0 0 0 0 2 0 0 0 0 0 0 0 0 0 0 0 0 2 0 2 0 0 0 0 0 0 0 0 0 0 0 0 0 0 0 0 0 0 0 0 0 2 0 0 0 0 0 0 0 0 0 0 0 0 0 0 0 0 0 0 0 0 0 0 0 0 0 0 0 2 0 0 0 0 0 0 0 0 0 0 0 1 0 0 0 2 0 0 0 0 0 0 0 0 0 0 0 0 0 0 0 0 0 0 0 0 0 0 0
22 2 2 2 2 2 2 0 2 2 2 2 0 2 2 2 0 2 2 2 0 2 2 2 2 0 2 2 2 2 2 2 2 2 0 2 1 2 2 2 2 2 2 0 0 2 2 0 2 2 2 2 2 0 2 2 2 0 2 2 2 2 2 0 2 0 2 2 2 2 2 2 2 0 0 2 2 2 0 2 2 0 2 2 0 2 0 2 2 0 2 2 2 2 2 2 2 0 2 2 2 2 0 2 2 0 2 0 0 0 2 2 2 2 2 2 2 2 0 0 2 2 2 2 0 0 0 2 0 0 0 2 2 2 2 2 0 2 2 2 0 2 2 0 2 2 0 2 0 1 2 2 0 2 2 2 2 2 2 2 2 2 0 0 0 0 0 0 1 0 2 0 2 2 0 2 2 0 2 2 2 0 2 0 2 0 0 2 0 2 2 2 0 2 2 2 2 2 0 2 1 2 2 2 2 2 0 2 2 0 2 2 0 2 2 2 2 2 1 0 2 2 2 2 0 0 2 0 2 2 0 0 2 2 2 0 2 2 2 0 2 2 2 2 2 2
23 0 0 0 0 0 0 2 2 0 0 2 2 0 0 0 0 0 2 0 2 0 2 0 0 2 2 0 2 2 0 2 2 0 0 0 2 0 0 2 0 2 0 0 0 0 0 0 0 0 0 2 0 2 0 0 0 1 0 0 0 2 0 0 2 0 0 0 2 0 0 0 0 2 2 0 0 0 2 0 0 0 2 0 0 2 0 0 2 0 0 0 2 0 0 0 0 2 0 2 0 0 0 0 2 0 0 0 2 0 0 0 0 0 0 0 0 0 0 2 0 0 0 0 0 2 2 2 2 0 0 2 0 0 0 0 2 0 0 2 0 0 0 0 0 0 0 0 1 1 0 0 2 0 0 2 0 2 1 0 0 0 0 2 0 0 2 2 2 2 0 2 0 0 0 2 0 2 0 0 0 0 2 0 0 0 2 0 2 0 0 0 0 2 0 0 0 2 0 0 0 0 0 0 2 0 0 0 0 0 0 0 0 0 0 0 2 0 1 0 2 2 0 2 0 0 0 0 0 0 0 0 0 0 0 0 0 0 0 2 2 0 0 0 0 0
24 0 2 2 0 2 2 2 0 2 2 2 2 2 0 0 2 2 2 0 2 0 2 0 0 2 0 2 2 2 0 2 2 0 0 2 2 2 2 2 0 0 0 2 2 2 1 2 0 0 0 2 0 2 2 0 0 0 2 2 0 2 2 0 2 2 2 2 2 2 0 0 2 0 2 2 0 2 2 0 0 0 2 0 0 0 2 2 2 2 2 0 2 0 0 0 0 2 2 0 2 2 2 2 0 0 2 2 0 0 2 0 2 0 0 2 2 2 2 2 0 2 2 2 2 0 2 0 1 1 0 2 0 2 0 0 2 2 2 2 2 0 2 2 0 2 2 0 2 1 1 2 2 2 2 2 2 0 2 1 0 2 0 2 2 0 2 0 2 2 0 2 2 0 2 0 0 2 2 0 0 0 2 2 2 2 0 0 0 2 0 0 0 2 2 2 2 0 0 0 0 2 0 0 2 0 0 0 0 2 2 0 0 2 2 2 2 0 2 2 2 2 2 2 0 0 0 0 0 0 1 0 2 0 2 0 0 2 0 2 2 2 2 0 2 2
25 0 2 0 0 0 2 0 0 0 0 0 0 0 0 0 2 2 0 0 0 0 0 0 0 2 0 2 0 0 0 0 0 0 0 0 2 0 2 0 0 0 0 0 0 0 0 0 0 0 0 0 0 0 0 0 0 0 2 0 0 0 0 0 0 2 0 2 0 0 0 0 0 0 0 2 0 0 0 0 0 0 0 0 0 0 0 0 0 0 0 0 0 0 0 0 0 0 0 0 0 0 2 2 0 0 0 2 0 0 2 0 0 0 0 0 0 2 0 0 0 2 0 0 0 0 0 0 0 0 0 0 0 2 0 0 2 0 0 0 0 0 2 0 0 0 0 0 0 1 0 0 2 0 2 0 2 0 2 0 0 2 0 2 0 0 0 0 0 0 0 0 0 0 0 0 0 0 2 0 0 0 0 2 2 0 0 0 0 0 0 0 0 0 0 0 0 0 0 0 0 0 0 0 0 0 0 0 0 0 0 0 0 0 0 2 0 0 0 0 0 0 0 0 0 0 0 0 0 0 2 0 0 0 0 0 0 0 0 0 0 2 0 0 0 2
26 2 2 2 2 2 2 2 2 2 0 2 2 2 2 2 2 0 2 2 0 2 0 2 2 2 2 2 0 2 2 2 0 2 2 0 2 2 2 2 0 2 2 2 0 0 2 2 2 2 2 2 2 2 2 2 2 0 2 2 2 2 2 2 2 2 2 2 2 2 2 2 2 0 2 0 2 2 2 2 2 2 2 2 2 2 2 2 2 2 0 2 2 2 2 2 2 2 0 2 2 0 2 2 2 2 0 2 2 2 2 2 2 2 2 2 2 2 0 2 2 2 2 2 0 2 2 2 2 2 0 2 2 2 2 2 2 0 0 2 0 2 0 2 0 2 0 2 2 2 1 0 2 0 2 2 2 2 2 0 2 0 2 2 2 0 0 2 0 0 2 2 0 2 0 2 0 0 2 2 2 2 2 0 2 0 2 2 0 2 2 1 2 2 2 2 2 0 0 2 2 2 0 0 2 2 2 2 2 2 0 0 2 2 2 0 2 0 2 0 0 0 2 2 2 2 2 2 0 2 2 2 2 2 2 2 2 2 2 2 2 2 0 2 2 0
27 2 2 2 0 2 2 2 2 2 2 2 0 2 2 2 2 2 2 2 2 0 2 2 2 2 2 2 2 2 2 0 2 2 2 2 2 2 2 2 2 2 2 2 2 2 2 2 2 2 2 2 2 2 2 2 2 2 2 2 0 0 0 2 0 2 2 2 0 2 0 2 2 2 2 2 2 2 0 2 2 2 2 2 2 2 2 2 2 2 2 2 2 2 2 2 2 2 2 2 2 2 2 2 2 2 2 2 2 2 2 0 2 2 2 0 2 2 2 2 2 2 0 2 2 2 2 2 2 2 2 0 2 2 2 2 2 2 2 0 2 2 2 2 2 2 0 2 2 2 2 2 2 2 2 2 2 2 2 2 2 2 2 2 2 0 2 0 2 0 2 2 2 2 2 2 2 2 2 2 2 2 2 2 2 2 0 2 2 2 2 2 2 2 2 2 2 2 2 2 2 2 2 2 2 2 2 2 2 2 2 2 2 2 2 2 2 2 2 2 2 2 2 0 2 2 2 2 0 2 2 2 2 2 2 2 2 2 2 2 2 2 2 2 2 2
28 2 0 2 0 0 0 0 0 0 0 2 0 0 0 0 0 0 2 2 0 2 0 0 0 0 2 0 0 2 2 0 0 2 2 0 2 0 0 2 2 0 2 0 0 0 2 0 2 2 2 2 2 0 0 0 0 0 0 2 2 0 0 0 2 0 0 0 2 2 0 2 2 0 0 0 2 2 0 2 2 2 2 2 2 0 2 2 2 0 0 0 2 2 2 2 2 0 0 0 2 2 2 0 0 0 0 2 2 0 1 0 0 2 0 0 2 0 0 0 2 2 2 2 0 2 0 0 0 2 0 2 0 2 2 2 2 0 0 0 2 2 2 0 0 0 2 2 2 0 0 2 2 0 0 0 0 2 0 0 2 0 2 0 2 0 2 2 1 0 2 2 2 2 2 2 0 0 0 2 2 2 0 0 0 2 2 0 0 2 2 1 2 2 2 0 2 2 0 0 0 2 0 0 2 0 2 0 0 0 0 2 0 2 0 2 0 0 1 2 2 2 2 2 0 2 2 2 0 2 2 0 2 2 0 0 2 0 2 0 0 0 0 2 2 2
29 2 2 0 0 0 0 0 0 2 2 0 0 0 0 0 0 2 2 2 0 2 0 0 0 2 0 2 0 2 2 0 0 0 2 0 1 0 2 0 2 2 0 0 0 2 0 0 2 0 2 0 2 0 2 0 0 0 2 0 0 0 0 0 2 0 0 2 0 2 0 2 2 0 0 2 2 0 0 0 2 2 2 0 0 0 2 0 0 0 0 0 0 0 0 2 0 2 0 0 0 0 0 2 2 0 0 0 0 2 2 0 0 2 2 0 0 0 0 2 0 2 0 0 0 0 0 2 2 2 0 2 0 2 0 0 2 2 2 0 0 2 2 2 2 2 0 2 2 1 0 0 0 0 0 0 2 2 0 1 2 2 0 2 0 2 0 2 1 0 2 0 0 0 0 0 0 2 0 2 2 2 0 2 2 0 2 0 0 0 2 2 2 0 2 0 2 0 2 0 0 2 0 0 0 0 2 2 0 0 2 0 0 0 2 0 0 0 1 2 0 2 0 0 0 0 0 2 0 0 0 2 0 2 2 0 0 0 2 2 0 0 2 2 0 2
30 2 2 0 0 2 0 0 0 2 2 2 0 2 0 0 0 2 2 2 0 2 0 0 0 2 0 2 0 2 2 0 0 0 2 0 1 0 2 2 2 2 0 0 0 2 0 0 2 0 2 2 2 0 2 0 0 0 2 0 0 2 0 0 2 0 2 2 0 2 0 2 2 0 0 2 2 0 0 0 2 2 2 0 0 0 2 0 0 2 0 0 2 0 0 2 0 2 0 0 0 0 2 2 2 0 0 0 0 2 2 0 0 2 2 0 0 0 0 2 0 2 2 0 0 0 0 2 2 2 0 2 0 2 0 0 2 2 2 2 0 2 2 2 2 2 0 2 2 1 1 0 0 0 0 0 2 2 0 1 2 2 0 2 0 2 0 2 2 0 2 0 2 0 0 0 0 2 0 2 2 2 0 2 2 0 2 0 0 0 2 2 2 0 2 2 2 0 2 0 0 2 0 2 0 0 2 2 0 0 2 0 0 0 2 0 0 2 1 2 2 2 0 0 0 0 0 2 2 0 0 2 0 2 2 0 2 0 2 2 0 0 2 2 0 2
31 2 2 2 2 2 2 2 2 2 2 2 0 2 2 2 2 2 2 2 2 2 2 2 2 2 2 2 2 2 2 2 2 2 2 2 2 2 2 2 2 2 2 0 0 2 2 2 2 2 2 2 2 2 2 2 2 2 2 2 2 2 2 2 2 2 2 2 2 2 2 2 2 2 2 2 2 2 0 2 2 2 2 2 2 2 2 2 2 2 2 2 2 2 2 2 2 2 2 2 2 2 2 2 2 2 0 0 2 2 2 2 2 2 2 0 2 2 0 2 2 2 2 2 0 2 2 2 2 2 2 2 0 2 2 2 2 2 2 2 2 2 2 2 2 2 2 2 2 2 2 2 2 2 2 2 2 2 2 2 2 2 0 2 2 2 2 2 2 2 2 2 2 2 2 2 2 2 2 2 2 2 2 2 2 2 2 2 2 2 2 2 2 2 2 2 2 2 2 2 2 2 0 2 2 2 2 2 2 2 2 2 2 2 2 2 2 2 2 2 2 2 2 2 2 0 2 2 2 2 2 2 2 2 2 2 2 2 2 2 2 2 2 2 2 2
32 2 2 0 2 2 2 2 2 2 2 2 2 2 2 2 2 0 2 2 2 2 2 2 2 2 2 2 2 2 2 2 2 2 2 2 2 2 2 2 2 2 2 2 2 2 0 2 2 0 2 2 2 2 2 2 2 2 2 0 2 2 0 2 2 2 2 2 2 2 2 2 2 2 2 0 2 0 2 2 2 2 0 2 2 2 2 0 2 2 2 2 2 2 2 2 2 2 2 2 0 2 0 2 2 2 2 2 2 2 2 2 2 2 2 2 2 2 2 2 2 2 2 2 2 2 2 2 0 2 2 2 2 2 2 2 2 2 2 2 2 2 2 2 2 2 2 2 2 2 2 2 2 2 2 2 2 2 2 2 2 2 2 2 0 0 2 2 2 2 2 2 2 2 2 2 2 2 2 2 2 2 2 2 2 2 2 2 2 0 2 2 2 2 2 2 2 2 2 2 2 2 2 2 2 2 2 2 2 2 2 2 2 0 2 2 2 2 2 2 2 2 2 2 2 2 2 2 2 2 2 2 2 2 2 2 2 2 2 2 2 2 2 2 2 2
33 0 2 2 2 2 2 2 2 2 0 2 2 2 2 2 2 2 2 0 2 2 2 2 2 2 2 2 2 2 0 2 2 2 2 2 2 2 2 2 2 2 2 2 2 0 2 2 0 2 2 2 2 2 2 2 2 2 2 2 2 2 2 2 2 2 2 2 2 2 2 2 2 2 2 2 0 2 2 2 2 2 2 2 2 2 2 2 2 2 2 2 2 2 2 2 2 2 2 2 2 2 2 2 2 2 2 2 2 2 2 2 2 2 2 2 2 2 2 2 2 2 2 2 2 2 2 2 2 2 2 2 1 2 2 2 2 2 2 2 2 0 2 2 2 2 2 2 2 2 2 2 2 2 2 2 2 2 2 2 0 2 2 2 2 2 2 2 2 2 0 2 2 2 2 2 2 2 2 0 0 2 2 2 2 2 2 2 2 2 0 1 2 2 2 2 2 2 2 2 2 2 2 2 2 2 2 2 2 2 2 2 2 2 2 2 2 2 2 2 2 2 2 2 2 2 2 2 2 2 2 2 2 0 2 2 2 2 0 2 2 2 2 2 2 2
34 0 2 0 2 0 0 0 2 0 0 0 0 0 0 0 0 0 0 0 0 2 0 0 0 0 0 0 0 0 0 2 0 0 0 2 1 0 2 2 0 0 0 2 2 0 0 0 0 0 2 2 2 2 0 0 0 2 2 0 0 0 0 2 0 0 0 2 2 2 2 2 0 0 2 0 0 0 0 2 2 0 0 0 0 2 0 0 0 0 2 1 2 0 0 0 0 2 0 2 0 2 0 2 2 0 1 0 0 2 2 0 0 0 1 1 0 0 0 0 0 0 0 0 2 0 0 0 0 2 0 2 2 0 0 0 0 0 0 2 0 0 0 0 0 1 2 2 0 1 0 2 2 2 0 0 2 0 0 0 0 2 0 2 0 0 0 2 2 0 0 0 0 0 2 2 0 2 0 0 0 0 0 0 0 2 0 0 0 0 0 1 0 0 0 0 0 2 0 0 0 0 0 2 0 0 2 2 0 0 0 2 0 0 1 0 0 2 1 0 2 2 0 2 2 0 0 0 0 0 2 2 0 0 0 0 0 0 0 1 0 0 0 0 0 0
35 2 2 2 2 2 2 2 2 2 2 2 2 2 2 2 2 2 2 2 0 2 2 0 2 2 2 2 2 2 2 2 2 2 1 2 2 2 2 2 2 2 2 2 2 2 2 2 2 2 2 2 2 2 2 0 0 2 2 2 2 2 2 2 0 2 2 2 2 2 2 2 2 2 2 2 2 2 2 2 2 2 2 2 0 2 2 2 2 2 2 2 2 2 2 2 1 2 0 2 2 2 2 2 2 2 2 2 2 2 2 2 2 2 2 2 2 2 2 0 2 2 2 2 2 0 2 2 2 2 2 2 2 2 2 2 2 2 2 2 2 2 2 2 2 2 2 2 2 2 2 2 2 2 2 2 2 2 2 2 2 2 2 2 2 2 2 2 2 2 2 2 2 2 2 2 2 2 2 2 2 2 2 2 2 2 2 2 2 2 2 2 2 2 0 2 2 2 2 2 2 0 2 2 2 2 2 2 2 2 2 2 2 2 2 2 2 2 2 2 2 2 2 2 2 2 1 2 2 2 2 2 2 2 2 2 0 2 2 0 2 2 2 2 2 2
36 2 2 2 2 2 0 2 0 2 2 2 2 2 2 2 2 0 2 2 2 2 0 2 2 0 2 2 0 2 2 2 0 2 0 2 1 2 2 2 2 2 2 2 2 2 2 2 2 2 2 0 2 2 0 2 2 2 2 2 0 2 2 0 0 0 2 2 0 2 0 0 0 2 2 0 2 2 2 0 2 2 2 2 0 2 0 2 2 0 2 0 2 2 2 2 2 2 0 0 2 2 2 2 2 0 2 2 0 2 2 2 0 2 2 2 2 0 2 2 2 0 0 0 2 0 2 2 2 2 0 0 0 0 2 0 0 2 2 2 2 2 2 0 0 0 2 2 2 1 2 2 2 2 2 2 2 0 2 1 2 0 2 0 2 2 0 2 2 2 2 2 2 0 0 0 2 0 2 2 2 2 2 2 2 0 0 0 0 2 2 2 2 2 2 2 0 2 0 2 0 0 2 2 0 0 0 2 2 2 2 2 2 2 0 2 2 2 1 2 2 2 0 0 0 2 2 2 2 0 2 0 2 2 0 2 0 0 2 2 2 0 2 2 2 2
37 2 2 2 2 2 2 0 2 2 2 2 2 2 2 2 2 2 2 2 2 2 2 2 2 2 2 2 2 2 2 2 2 2 2 2 2 2 2 2 2 2 2 2 2 2 2 2 2 2 2 2 2 2 2 2 2 2 2 2 2 2 2 2 2 2 2 2 2 2 2 2 2 2 2 2 2 2 2 2 2 2 2 2 2 2 2 2 2 2 2 2 2 2 2 2 2 2 2 2 2 2 0 2 2 2 2 0 2 2 2 2 2 2 2 2 2 2 2 0 2 2 2 2 2 2 0 2 2 2 2 2 2 2 2 2 2 2 2 2 0 2 2 2 2 2 2 2 2 2 1 2 2 2 0 2 2 2 2 2 2 2 2 2 2 2 2 0 2 2 2 2 2 2 2 2 0 2 0 2 2 2 0 2 2 2 2 2 2 0 2 2 2 2 2 2 2 2 2 2 2 2 2 2 2 2 2 2 2 2 2 2 2 2 2 2 0 2 2 2 2 2 2 2 2 2 2 2 2 2 2 2 1 2 2 2 2 2 2 0 2 2 2 2 2 2
38 2 2 2 2 2 2 2 2 2 2 2 2 2 2 1 2 2 2 2 2 0 1 2 2 2 2 2 1 2 2 2 1 2 2 2 2 2 2 2 2 1 2 2 2 2 2 2 2 2 2 2 2 2 2 2 2 2 2 2 1 2 2 2 2 2 2 2 2 0 2 2 2 2 2 2 2 2 2 2 2 1 2 2 2 2 2 2 2 0 2 0 2 2 2 2 2 2 2 2 2 2 1 2 2 2 2 2 2 2 2 2 2 2 2 2 2 2 2 0 2 2 2 2 2 0 2 1 2 2 2 2 2 2 2 0 2 2 2 2 0 2 1 2 1 2 0 2 2 1 2 0 2 2 0 2 2 2 2 1 2 1 2 0 2 1 2 2 2 2 2 2 2 0 2 0 2 2 0 2 2 1 2 2 2 2 2 0 2 2 2 2 1 2 2 1 1 2 2 2 2 2 0 2 2 0 1 2 2 2 2 2 0 2 2 2 2 2 2 2 2 2 2 2 2 2 2 1 2 2 2 2 0 2 0 0 2 2 2 0 2 2 1 0 0 1
39 2 2 2 2 2 0 0 2 2 2 2 2 2 2 2 2 2 2 2 2 2 2 2 2 2 2 0 2 2 2 2 2 2 2 2 2 2 2 2 2 2 2 2 2 2 2 2 2 2 2 2 2 2 2 2 2 2 2 2 2 2 2 2 2 2 2 2 2 2 2 2 2 2 2 2 2 2 2 2 2 2 0 2 2 0 2 2 2 2 2 2 2 2 2 2 2 2 2 2 2 0 2 2 2 2 2 2 2 2 2 2 2 2 2 2 2 0 2 2 2 0 2 2 2 2 0 2 2 2 2 2 2 2 2 2 2 2 2 2 2 2 2 2 2 2 2 2 2 1 2 2 2 2 2 0 2 2 2 2 2 2 2 2 2 2 2 2 2 2 2 2 2 2 2 2 2 2 2 2 2 2 2 2 0 2 2 2 2 2 2 2 2 2 2 2 2 2 2 2 2 2 2 2 0 2 2 2 2 2 2 2 2 2 2 2 0 2 2 2 2 2 2 2 2 2 2 2 2 2 2 2 2 2 2 2 2 2 2 2 2 0 2 2 2 2
40 0 2 2 2 2 2 2 2 2 0 2 0 2 2 2 2 2 1 1 1 2 2 2 2 2 2 2 2 1 0 2 2 0 2 2 2 2 2 0 0 2 2 2 2 0 2 2 0 2 2 0 2 2 2 2 2 2 2 2 2 2 2 2 2 2 2 2 2 2 2 2 2 2 2 2 1 2 0 2 2 2 2 2 2 2 0 2 2 2 2 2 0 2 2 2 0 2 2 2 2 2 2 2 0 2 2 2 2 2 2 2 2 2 2 2 2 2 2 0 1 2 2 1 2 2 2 2 2 2 2 2 2 2 0 2 2 2 2 0 2 0 2 2 2 2 0 2 2 2 2 2 2 2 2 2 2 2 2 2 0 2 2 2 2 2 2 2 2 0 0 2 2 2 2 2 2 2 2 0 2 2 2 2 2 2 2 0 2 2 0 2 2 2 2 2 2 0 2 2 2 2 2 2 2 2 2 2 2 2 2 2 0 2 2 2 2 2 2 2 2 2 2 2 2 2 2 2 2 2 2 2 2 2 2 0 2 1 2 0 2 2 2 2 2 2
41 2 0 2 0 2 2 2 2 2 2 0 2 2 2 2 2 2 0 2 2 0 0 0 2 2 2 2 0 0 2 2 0 2 1 2 2 2 0 2 0 0 2 2 0 2 2 2 2 2 2 2 2 0 2 0 0 2 0 2 0 0 0 2 2 0 2 0 2 2 2 2 0 2 0 2 2 2 2 2 2 2 2 2 2 2 2 2 2 2 2 2 2 2 2 0 2 2 2 2 2 2 2 0 2 0 0 2 2 2 0 2 0 2 2 0 2 2 0 2 2 2 2 2 0 0 2 0 2 2 0 2 0 2 2 2 2 2 2 2 2 2 0 2 2 2 2 2 2 2 2 2 2 2 2 2 0 2 0 2 2 2 2 2 2 2 2 2 2 2 2 2 2 2 2 2 0 2 2 2 2 0 2 2 2 2 2 2 0 2 2 1 0 2 2 2 2 2 2 2 0 2 2 2 2 2 2 0 2 2 2 2 2 2 2 0 2 2 2 0 2 2 2 2 2 2 2 0 2 0 2 2 2 2 2 2 2 2 2 2 2 2 2 2 2 2
42 0 2 0 0 0 2 0 0 0 0 0 0 0 0 2 0 0 0 0 0 0 0 0 0 2 0 2 0 0 0 0 0 2 1 0 2 0 2 0 0 2 2 2 0 0 0 2 0 0 0 2 0 0 0 0 0 2 2 0 2 0 0 0 2 0 0 2 2 0 0 0 0 0 0 0 0 0 0 0 0 0 2 0 0 0 0 0 2 2 0 0 0 0 0 0 2 2 0 0 0 2 0 2 0 0 0 0 0 0 2 0 0 2 0 0 0 2 0 0 2 0 0 0 0 2 0 2 2 2 2 0 0 2 2 2 2 2 0 0 2 0 0 2 2 0 0 0 2 2 0 2 2 0 0 0 2 0 0 2 0 0 2 2 0 2 2 0 0 0 0 2 0 2 0 0 0 2 0 0 0 0 0 2 2 0 0 0 2 0 0 0 0 2 0 2 2 0 0 2 0 0 2 2 0 2 2 0 2 2 2 2 0 0 0 2 0 2 0 0 0 2 0 2 0 2 2 0 0 0 2 2 0 0 0 0 2 0 0 0 2 2 2 2 0 2
43 0 0 0 0 2 0 0 0 0 0 0 2 2 2 0 2 0 0 0 0 0 0 2 2 2 2 0 1 0 0 0 0 0 1 0 2 0 0 0 2 0 0 0 0 0 0 0 0 0 0 0 0 0 0 2 2 0 0 0 0 2 2 2 2 0 2 0 0 0 2 0 2 2 0 0 0 0 2 0 0 0 0 2 2 2 0 0 0 0 0 0 0 2 2 0 0 2 0 0 0 0 2 0 0 0 0 0 0 0 0 0 2 0 2 0 2 0 0 0 0 2 2 2 0 2 0 0 0 0 0 0 0 2 0 2 0 0 2 0 0 0 0 0 0 2 0 0 0 1 2 2 0 0 0 2 0 2 0 1 0 0 2 0 0 0 0 0 2 0 0 2 0 0 0 0 2 2 0 0 0 0 0 0 0 0 0 0 0 0 0 0 0 0 0 0 2 2 2 0 0 2 0 0 2 2 0 0 0 0 2 0 2 0 2 0 0 0 1 0 2 0 0 0 2 2 0 0 2 0 0 2 0 0 0 2 2 2 0 0 2 0 2 0 0 0
44 2 0 2 2 2 2 2 2 2 2 2 2 2 2 2 2 2 2 2 2 2 2 0 2 2 2 2 2 2 2 2 2 2 2 2 2 0 0 2 2 0 2 2 0 2 2 2 2 2 2 2 0 2 2 0 0 2 0 2 2 2 2 2 2 0 2 0 0 2 0 2 2 2 2 2 2 2 2 0 2 2 2 2 2 2 2 2 2 2 2 2 2 2 2 2 2 2 2 2 2 2 2 0 0 2 2 2 2 2 0 2 2 2 2 2 2 2 0 2 2 2 2 2 0 2 2 0 2 2 2 2 2 2 2 2 2 2 2 2 2 2 2 2 2 2 2 0 0 2 2 2 2 2 2 2 2 2 2 2 2 2 2 2 2 2 2 2 2 2 2 2 2 2 2 2 2 2 2 2 2 0 2 2 2 2 0 2 2 2 2 2 0 2 0 2 2 2 0 2 2 2 2 0 0 2 2 2 2 2 2 2 0 2 2 2 0 0 2 2 2 0 2 0 0 2 2 0 2 2 2 0 2 2 2 0 2 2 2 2 0 2 0 2 2 2
45 2 2 2 2 2 2 2 2 2 2 2 2 2 2 2 2 2 0 2 0 2 2 2 2 2 2 2 2 0 2 2 2 2 2 0 1 2 2 2 2 2 2 0 2 2 2 0 2 2 2 2 0 2 2 2 2 2 2 2 0 0 2 2 0 2 2 2 0 2 2 0 2 2 2 2 2 2 2 2 2 2 2 2 0 2 2 2 0 0 0 2 2 2 2 0 2 2 2 2 2 2 2 2 2 0 2 2 2 0 2 2 0 2 2 0 0 2 0 2 2 2 2 0 2 2 2 2 2 2 2 0 2 2 2 2 2 2 2 2 2 2 2 2 0 2 0 0 2 2 2 2 2 2 2 0 2 2 2 1 2 0 2 0 2 2 2 2 1 0 2 2 2 2 0 2 2 2 2 2 2 2 2 2 2 0 2 2 2 2 2 2 2 0 2 2 2 2 2 0 0 2 2 2 2 2 2 2 0 0 2 2 2 2 2 2 2 2 2 0 0 0 2 0 2 2 2 2 2 2 2 2 2 2 2 2 0 2 2 2 2 2 2 0 2 2
46 0 2 0 0 2 2 2 0 2 0 0 0 2 2 2 2 0 0 0 2 2 0 2 2 2 2 2 0 0 0 2 0 0 1 0 1 2 2 0 2 0 0 2 2 0 0 2 0 0 2 0 2 2 2 2 2 0 2 0 2 2 0 2 2 2 2 2 0 2 2 2 0 2 2 0 0 0 0 2 0 2 2 2 2 2 2 0 2 2 0 2 0 2 2 0 0 2 2 0 0 2 2 2 2 0 2 2 2 2 2 0 2 2 2 2 0 2 0 2 0 2 0 0 2 0 2 0 2 2 2 2 0 2 0 2 2 0 2 2 0 0 2 2 2 0 0 2 0 2 2 2 2 2 2 2 2 2 0 2 0 2 0 2 2 0 0 0 2 2 0 0 2 2 2 0 2 2 2 0 0 2 2 2 2 2 0 2 2 2 0 0 2 2 0 2 2 2 2 2 0 2 2 2 2 2 0 2 2 2 2 0 2 0 0 2 2 2 2 2 2 2 2 0 2 0 2 2 2 2 0 2 2 0 2 2 0 2 0 2 2 2 0 2 2 2
47 2 2 0 2 2 2 2 2 2 2 2 2 2 2 0 2 2 0 2 2 2 2 2 2 0 2 2 2 0 2 0 2 2 1 2 2 2 2 2 2 2 2 0 0 2 0 0 2 0 2 2 0 2 2 2 2 2 2 0 2 2 2 2 2 2 2 2 2 2 2 0 0 2 2 2 2 0 2 0 2 2 2 2 2 0 2 0 0 2 2 2 2 2 2 2 2 2 2 2 0 2 2 2 2 0 0 0 2 2 2 2 2 2 2 0 2 2 2 2 2 0 2 2 0 2 2 2 0 2 2 0 2 2 2 2 2 2 2 2 2 2 2 2 2 0 2 0 2 1 2 2 2 0 0 2 2 2 2 2 2 2 2 2 2 2 0 0 1 2 2 2 2 2 2 0 2 2 0 2 2 2 2 2 2 2 2 2 0 0 2 2 2 0 2 0 2 2 2 2 0 2 2 0 2 2 2 2 2 0 2 2 2 0 0 2 2 0 2 2 0 0 2 2 2 2 0 2 2 2 2 2 2 2 2 2 2 2 2 2 2 2 2 2 2 2
48 2 0 2 2 2 2 2 2 2 2 2 2 2 2 2 2 2 2 2 0 1 2 1 2 1 2 2 2 2 2 2 2 2 1 2 2 2 0 2 2 2 2 2 2 2 2 2 2 2 1 2 1 2 2 1 1 2 0 2 2 2 2 2 2 2 2 0 2 2 2 2 0 2 2 2 2 2 2 2 2 2 2 2 2 1 1 2 1 2 2 2 2 2 2 2 2 2 2 2 2 2 2 0 2 2 2 2 2 2 0 2 2 2 2 1 2 2 2 0 2 1 2 1 2 2 2 2 1 2 1 2 2 2 2 2 2 1 2 2 2 2 2 2 2 2 2 1 2 2 2 2 2 1 2 1 2 2 2 2 2 2 2 2 2 2 2 0 1 2 2 2 0 2 2 0 2 2 2 2 2 2 2 2 2 2 2 2 2 2 2 2 2 1 2 2 2 2 2 2 2 2 2 2 2 2 2 2 2 2 2 2 2 2 2 2 2 2 2 2 1 1 2 2 2 2 2 2 2 2 2 0 0 2 2 2 2 2 2 0 0 2 2 2 2 2
49 2 2 2 2 2 2 2 2 2 2 2 0 2 2 0 2 2 2 2 0 2 2 2 2 2 2 2 2 2 2 2 2 2 2 2 2 2 2 2 2 2 2 0 0 2 2 0 2 2 2 2 2 0 2 2 2 2 2 2 0 0 2 2 2 2 2 2 2 2 2 0 2 2 0 2 2 2 0 0 2 2 2 2 2 2 2 2 2 2 2 2 2 2 2 2 2 2 0 2 2 2 2 2 2 2 0 0 0 2 2 2 0 2 2 2 2 2 2 2 2 2 2 0 0 0 2 2 2 2 2 2 2 2 2 2 2 2 2 2 0 2 2 2 2 2 2 2 2 1 2 2 2 2 0 2 2 0 0 2 2 2 2 2 2 0 2 2 2 2 2 2 2 2 0 2 2 2 0 2 2 2 2 2 2 0 2 2 0 0 2 2 2 2 2 2 2 2 2 2 2 2 2 0 2 2 2 0 2 0 2 2 2 2 2 2 2 0 2 2 2 2 2 2 2 2 0 2 2 0 2 2 2 2 2 2 0 2 2 2 2 2 2 0 2 2
50 0 0 2 0 0 2 0 0 2 2 2 0 0 2 2 0 0 0 0 2 0 0 0 2 0 0 0 0 0 0 0 0 0 0 0 0 0 0 0 0 0 0 0 2 2 2 0 0 2 0 0 0 0 0 0 0 0 0 2 2 0 0 0 0 2 0 0 2 2 2 0 2 0 0 0 0 2 0 2 2 0 0 0 0 2 0 2 0 0 0 0 0 0 0 0 0 0 0 0 2 2 0 0 0 0 0 0 0 2 0 0 0 0 0 0 2 2 0 0 0 0 0 0 2 2 0 0 0 0 2 0 0 2 0 2 0 0 2 0 0 0 0 0 2 0 0 0 2 1 0 0 0 0 0 0 0 2 2 1 2 0 0 2 0 0 0 0 0 0 2 0 2 0 0 0 0 0 0 2 2 2 2 0 0 0 0 2 2 2 2 1 2 0 2 2 0 0 0 2 1 0 0 0 0 2 0 0 2 0 2 0 0 2 0 0 2 0 0 0 0 0 0 2 2 0 0 2 0 0 0 0 0 2 0 0 2 0 2 0 0 2 0 0 0 0
51 0 2 0 0 2 0 0 0 0 0 0 0 0 1 0 0 0 2 0 0 2 0 0 2 2 0 2 0 2 0 0 0 0 0 0 0 0 2 2 0 0 0 2 0 0 0 2 0 0 0 0 0 2 2 0 0 0 2 0 2 0 0 0 0 0 0 2 0 2 0 0 2 2 2 0 0 0 0 0 2 2 2 0 2 2 2 0 0 2 0 0 2 0 0 0 0 0 0 0 0 0 0 2 0 2 2 0 0 2 2 0 0 0 0 2 0 0 0 2 0 2 0 2 0 0 0 0 0 2 2 0 0 2 0 0 0 1 0 1 0 0 0 2 2 0 0 0 0 0 0 0 2 0 0 2 2 0 0 1 0 1 2 2 0 2 0 2 0 2 0 0 0 0 0 2 2 2 0 0 0 0 0 0 2 0 2 0 0 0 0 0 0 0 2 0 2 2 2 0 2 2 0 0 2 0 0 0 0 2 2 2 0 0 0 2 0 0 1 0 0 2 0 0 0 2 2 0 0 0 2 0 0 0 0 0 2 2 0 2 0 0 0 2 0 2
52 2 2 2 2 2 2 2 2 2 2 2 2 2 2 2 2 0 2 2 2 2 2 2 2 2 2 2 2 2 2 2 2 2 2 2 2 2 2 2 2 2 2 2 2 2 2 2 2 2 2 2 2 2 2 2 2 2 2 2 2 2 2 2 2 2 2 2 2 2 2 2 2 2 2 0 2 2 2 2 2 2 2 2 2 2 2 2 2 2 2 0 2 2 2 2 2 2 0 2 2 2 1 2 2 2 2 2 2 2 2 2 0 1 2 2 2 2 2 2 2 2 2 2 2 0 2 2 2 2 2 2 2 2 2 2 2 2 2 2 2 2 2 2 2 2 2 2 2 2 2 2 2 2 2 2 2 2 2 2 2 2 2 2 2 1 2 2 2 2 2 2 2 0 0 2 2 2 2 2 2 2 2 2 2 0 2 2 2 2 2 2 2 2 2 2 2 2 2 0 2 2 2 0 2 2 2 0 0 2 2 2 2 2 2 2 2 0 2 2 2 2 2 2 2 2 2 2 0 0 2 2 2 2 2 2 2 2 2 2 2 2 2 2 2 2
53 0 0 0 0 0 2 0 0 0 0 0 0 0 0 0 2 0 0 0 0 0 0 0 0 0 2 0 0 0 0 0 0 0 0 0 0 0 0 0 0 0 0 0 0 0 0 0 0 0 0 0 0 0 0 0 0 0 0 0 0 0 0 0 0 0 0 0 0 0 0 0 0 0 0 0 0 0 0 0 0 0 0 0 0 0 0 0 0 0 0 0 0 0 0 0 0 0 0 0 0 0 0 0 0 0 0 0 0 0 0 0 0 0 2 0 0 2 0 0 0 2 0 2 0 0 0 0 0 0 0 0 0 0 0 0 0 0 0 0 0 0 0 0 0 0 0 0 0 1 0 0 0 0 0 0 0 0 0 0 1 2 0 0 0 0 0 0 0 0 1 0 0 2 2 0 0 0 0 1 0 0 0 0 0 2 0 0 0 0 0 0 0 0 0 0 0 0 0 0 0 0 0 0 0 0 0 2 0 0 0 0 0 0 0 0 0 0 0 0 0 0 0 0 0 0 0 0 0 0 0 0 0 0 0 0 0 0 0 0 0 2 0 0 0 0
54 2 0 2 2 2 2 0 2 0 2 0 2 2 2 2 2 2 2 0 2 0 0 2 2 2 0 2 0 2 0 2 0 2 2 2 2 0 2 2 2 2 2 2 2 2 2 0 2 2 0 2 2 2 2 2 2 2 2 2 2 2 2 2 2 2 2 2 0 0 2 2 2 2 2 2 0 2 2 2 2 2 2 2 0 2 2 2 0 0 2 0 2 0 2 2 2 2 2 2 2 0 2 0 0 2 0 2 2 2 0 0 0 2 2 0 2 2 2 2 2 2 0 2 2 2 0 2 0 0 2 2 0 2 2 2 2 0 2 2 0 2 2 0 2 2 2 2 2 2 2 0 2 0 2 2 2 2 2 2 0 2 2 2 0 2 2 2 2 2 0 2 2 2 2 2 2 2 2 0 2 0 2 2 2 2 0 2 0 0 0 0 0 0 2 2 2 2 2 2 1 0 2 0 2 2 0 2 2 0 0 2 0 2 2 2 2 0 2 2 2 2 2 0 2 2 2 0 2 2 2 0 0 2 0 0 2 2 2 2 0 2 0 2 2 2
55 2 2 2 2 2 2 2 2 2 2 2 2 2 2 2 0 2 2 2 2 2 2 0 2 2 2 2 2 2 2 2 2 2 2 2 2 2 2 2 2 2 2 2 2 2 2 2 2 2 2 2 0 2 2 0 0 2 2 2 2 2 0 2 2 2 2 2 2 2 2 2 2 2 2 2 2 2 2 2 2 2 2 2 2 2 2 2 0 2 2 2 2 0 2 2 2 2 2 2 2 2 2 2 2 2 2 2 2 2 2 2 2 2 2 2 2 2 2 2 2 2 2 2 2 0 2 2 2 2 2 2 0 2 2 2 2 2 2 2 2 2 2 2 2 2 2 0 2 2 2 2 2 2 2 2 2 2 2 2 2 2 2 2 2 2 2 2 2 2 2 2 2 2 2 2 2 2 2 2 2 2 2 2 2 2 2 2 2 2 2 2 2 0 2 2 2 2 2 2 2 2 2 2 2 2 2 0 2 2 2 2 2 2 2 2 2 2 2 2 2 2 2 2 2 2 2 2 2 2 2 2 2 2 2 2 2 2 2 2 2 2 0 2 2 2
56 0 2 0 2 2 0 2 0 0 0 0 0 2 0 0 0 0 2 0 0 0 2 2 0 0 0 0 2 2 0 0 2 0 0 0 0 0 0 0 0 0 0 0 0 0 0 0 0 0 2 2 0 0 0 2 2 0 0 0 0 0 0 0 0 2 2 0 0 0 0 0 0 2 0 0 0 0 0 0 0 0 0 0 0 2 0 0 0 0 0 0 0 0 0 0 0 0 0 0 0 0 0 2 0 0 0 2 0 0 2 0 0 0 0 0 0 0 2 2 0 0 0 0 0 0 2 0 0 0 0 0 2 0 0 0 0 2 2 2 2 0 2 2 2 2 0 0 2 0 0 0 2 0 0 2 0 0 2 2 0 0 0 0 0 0 0 0 0 0 0 2 2 0 0 0 0 2 0 0 0 0 0 0 0 0 0 0 0 0 0 1 0 0 0 0 0 2 0 0 1 0 0 0 2 0 0 2 0 0 2 0 2 0 2 0 0 0 1 2 0 0 2 0 0 0 0 0 0 2 0 0 2 0 0 2 2 2 0 2 0 0 0 0 0 0
57 0 0 0 0 0 0 2 0 0 0 0 0 0 0 0 0 0 0 0 2 0 0 2 0 0 0 0 0 0 0 0 0 0 2 0 0 0 0 0 0 2 0 0 0 0 0 0 0 0 0 0 2 0 0 2 2 0 0 0 0 0 2 0 0 0 0 0 0 0 2 2 0 0 0 0 0 0 0 0 0 0 0 0 2 0 0 0 0 0 0 2 0 2 2 0 0 0 0 0 0 0 0 0 0 2 0 0 0 0 0 2 2 0 0 0 0 0 0 2 0 2 0 0 0 2 2 2 2 0 0 2 2 0 0 0 0 2 2 2 0 0 2 0 0 0 0 2 0 0 0 2 0 0 0 2 0 0 2 1 0 0 0 0 2 0 0 0 2 0 0 0 0 0 2 0 0 2 0 0 0 0 0 0 0 2 0 0 0 2 0 0 0 0 2 0 0 0 0 0 1 0 0 0 2 0 2 0 0 0 0 0 2 0 0 2 0 0 1 2 2 2 2 0 2 0 0 0 2 2 0 0 0 0 2 2 0 2 0 2 0 0 0 0 2 0
58 2 2 2 2 2 0 2 2 2 2 2 2 2 2 2 2 2 2 2 2 2 2 2 2 2 2 0 2 2 2 2 2 2 2 2 1 2 2 2 2 2 2 2 2 2 2 2 2 2 2 2 2 2 2 2 2 2 2 2 2 2 2 2 2 2 2 2 2 2 2 2 2 2 2 2 2 2 2 2 2 2 2 2 2 2 0 2 2 2 2 2 2 2 2 2 2 2 2 2 2 2 2 2 2 2 2 2 2 2 2 2 2 2 2 2 2 0 2 0 2 2 2 2 2 2 2 2 2 2 2 2 2 2 2 2 2 2 2 2 2 2 0 2 2 2 2 2 2 1 2 2 2 2 2 2 2 2 2 1 2 2 2 2 2 2 2 0 2 2 2 2 2 2 0 0 0 2 2 2 2 2 2 2 0 0 2 2 2 2 2 2 2 2 2 2 2 2 2 2 1 2 2 0 2 2 2 2 2 2 2 2 2 2 2 2 2 0 2 2 2 2 2 2 2 2 2 2 2 2 2 0 2 2 2 2 2 2 2 0 2 0 0 2 2 2
59 2 2 2 2 2 0 2 0 2 2 2 2 2 2 2 0 2 2 0 2 2 2 2 2 0 0 2 2 2 0 2 2 2 0 2 2 2 2 2 2 2 2 2 0 2 2 2 2 2 2 2 0 2 2 2 2 2 2 2 2 2 2 2 2 2 2 2 2 2 2 2 2 2 2 2 0 2 2 2 2 2 2 2 2 2 2 2 2 2 2 2 2 2 0 2 2 0 2 0 2 2 2 2 2 0 2 2 2 0 2 0 2 2 2 2 2 0 2 0 2 0 2 2 0 2 2 2 2 2 2 2 2 2 2 2 2 2 2 2 2 2 2 0 2 2 2 0 2 1 2 2 2 2 2 2 2 2 2 2 0 0 2 2 2 0 0 2 1 2 0 0 0 2 2 2 2 2 2 0 2 2 2 2 2 2 0 2 2 2 0 1 2 2 0 0 2 2 2 0 2 2 2 0 2 2 2 0 0 2 2 0 2 2 2 2 2 0 1 2 2 2 0 2 2 2 2 2 0 2 2 0 0 2 2 2 2 2 2 0 2 0 2 2 0 2
60 0 0 0 0 0 0 0 0 0 0 0 0 0 0 0 0 0 0 0 0 0 0 2 0 0 2 0 0 0 0 0 0 0 0 0 0 2 2 2 0 0 0 0 0 0 0 0 0 0 0 0 0 0 0 2 2 0 2 0 0 0 0 2 0 0 0 2 0 0 2 0 0 0 0 0 0 0 0 0 0 0 0 2 0 0 0 0 2 0 0 0 2 0 0 0 0 0 0 0 0 0 0 0 0 0 0 0 0 0 0 0 0 0 0 1 0 0 0 0 0 2 0 0 0 0 0 0 0 0 0 0 0 0 0 0 0 0 0 2 0 0 0 0 2 0 0 0 0 0 0 1 2 0 0 0 0 0 2 1 0 0 2 0 0 0 0 2 0 0 0 0 0 0 0 2 0 2 0 0 0 0 0 0 0 0 0 0 0 0 0 0 0 2 0 0 0 0 0 0 1 0 0 0 0 0 0 0 0 0 0 0 0 0 0 2 0 0 0 0 0 0 0 0 2 2 2 0 0 0 0 0 0 0 0 0 0 0 0 0 0 0 0 2 0 0
61 0 0 0 0 0 0 0 0 0 0 0 0 0 0 0 0 0 0 0 0 0 0 2 0 0 0 0 0 0 0 2 0 0 2 0 0 2 2 0 0 0 0 2 0 0 0 0 0 0 0 0 2 2 0 2 2 0 2 0 0 0 0 2 0 2 0 2 2 0 2 2 0 0 2 0 0 0 0 2 0 0 2 2 0 0 0 0 2 0 0 0 0 0 2 0 0 0 0 0 0 2 0 0 2 0 0 0 0 0 0 2 0 0 0 0 0 0 2 0 0 2 0 0 0 0 0 0 0 0 0 2 0 0 0 0 0 0 0 2 2 0 0 0 2 0 2 2 0 0 0 2 2 2 2 0 0 0 2 2 0 2 0 0 2 0 2 0 0 0 0 0 2 2 2 0 2 2 2 0 0 0 0 0 0 2 2 2 0 0 0 0 0 2 0 0 2 0 2 0 2 0 0 2 0 0 2 0 0 0 0 0 0 0 0 2 0 2 2 0 0 2 2 2 2 0 2 0 0 0 0 2 0 0 2 0 0 0 0 0 0 0 0 0 0 2
62 2 2 2 2 2 2 2 2 2 2 2 2 2 2 2 2 2 2 2 2 2 2 0 2 2 2 2 2 2 2 2 2 2 2 2 2 0 0 2 2 2 2 2 2 2 2 2 2 2 2 2 2 2 2 0 0 2 0 2 2 2 2 0 2 2 2 0 2 2 0 2 2 2 2 2 2 2 2 2 2 2 2 0 2 2 2 2 0 2 2 2 2 2 2 2 2 2 2 2 2 2 2 2 2 2 2 2 2 2 2 2 2 2 2 2 2 2 2 2 2 0 2 2 2 2 2 2 2 2 2 2 2 2 2 2 2 2 2 2 2 2 2 2 0 2 2 2 2 2 2 2 2 2 2 2 2 2 2 1 2 2 2 2 2 2 2 2 2 2 2 2 2 2 2 2 2 2 2 2 2 2 2 2 2 2 2 2 2 2 2 2 2 0 2 2 2 2 2 2 1 2 2 2 2 2 2 2 2 2 2 2 2 2 2 0 2 2 2 2 2 2 2 2 0 2 0 2 2 2 2 2 2 2 2 2 2 2 2 2 2 2 2 2 2 2
63 2 2 2 0 2 2 2 0 2 2 2 0 2 2 2 2 0 2 2 2 2 2 2 2 2 2 0 2 2 2 2 2 2 0 2 1 0 2 2 2 2 2 2 2 2 2 0 2 2 0 0 2 2 2 2 2 2 2 2 2 2 2 2 2 2 2 2 2 2 2 2 2 2 2 0 2 2 0 0 2 0 2 2 2 2 0 2 2 0 2 2 2 2 2 2 2 2 0 0 2 2 0 2 2 0 0 2 2 2 2 2 2 2 2 0 2 2 2 2 2 2 2 2 2 2 2 2 2 2 2 2 2 2 2 2 2 2 2 2 2 2 2 2 2 2 2 2 2 2 0 2 2 2 0 2 2 0 2 2 2 2 2 2 2 2 0 0 2 2 2 2 2 2 2 0 2 2 0 2 2 2 0 2 0 2 2 2 2 2 2 2 2 2 2 2 2 0 2 2 2 0 2 2 2 2 2 2 2 0 2 2 2 2 2 2 2 2 2 2 2 2 2 2 2 2 2 2 2 2 2 2 2 2 2 2 2 2 2 2 2 2 0 2 2 0
64 2 0 2 0 2 2 0 2 0 2 2 2 2 2 2 0 2 2 2 2 2 2 0 2 2 2 2 2 2 2 2 2 2 2 2 2 2 0 2 2 2 2 2 2 2 2 2 2 2 2 0 2 2 2 0 0 2 0 2 2 2 2 0 2 2 2 0 2 2 0 2 0 2 2 2 2 2 2 2 2 2 2 0 2 0 2 2 2 2 2 2 2 2 0 2 2 2 2 2 2 2 2 0 2 2 2 2 0 2 0 2 0 2 0 2 2 2 2 0 2 0 2 2 2 2 0 2 0 2 2 2 2 2 2 2 2 2 2 2 2 2 2 2 0 2 2 2 2 2 2 0 2 2 2 0 2 2 2 0 2 2 2 2 2 2 2 2 2 2 2 2 2 2 2 2 2 2 2 2 2 2 2 2 2 2 2 0 0 2 2 2 2 2 2 2 2 2 0 2 2 2 2 2 0 2 2 2 2 2 2 2 2 2 2 0 2 2 1 2 2 2 0 2 0 2 0 2 2 0 2 2 0 2 2 2 2 2 2 0 2 2 2 2 2 2
65 0 0 2 2 2 2 0 0 2 0 2 2 2 0 0 0 2 2 0 0 2 2 0 0 2 0 0 2 2 0 2 2 2 2 1 2 2 0 0 2 2 0 0 2 0 2 2 0 2 2 2 2 2 2 0 0 0 0 2 2 2 0 2 2 2 2 0 2 2 0 2 0 0 2 2 0 2 2 2 2 2 2 0 2 2 0 2 2 2 0 2 0 2 0 2 2 2 0 0 2 2 2 0 2 2 2 2 0 2 0 2 0 2 2 2 2 2 2 0 2 0 2 2 2 2 0 2 2 2 2 2 2 2 2 2 2 2 2 2 2 0 2 2 0 2 2 2 0 1 0 0 1 2 2 0 2 2 2 2 2 2 2 0 2 0 2 2 1 0 2 2 2 2 0 2 2 2 2 2 0 2 0 2 0 2 2 0 0 2 0 0 2 2 2 2 2 0 2 2 0 0 2 2 0 2 2 2 2 2 0 0 2 2 2 0 2 2 1 2 2 2 0 2 0 2 0 2 2 0 2 0 0 0 2 2 0 2 0 0 2 2 2 2 2 2
66 2 0 2 2 2 2 2 2 2 2 2 2 2 2 2 2 2 2 0 0 2 2 0 2 2 2 2 2 2 0 2 2 2 2 2 2 2 2 0 2 2 2 2 2 2 2 2 2 2 2 2 2 2 0 0 0 2 2 2 0 2 2 0 2 0 2 2 2 0 0 0 2 2 2 2 0 2 2 2 2 2 2 0 1 2 2 2 2 0 2 2 0 2 2 0 2 2 2 2 2 2 2 0 0 2 2 2 2 2 0 2 2 2 2 2 0 2 0 2 2 2 2 2 2 2 2 2 2 2 2 2 2 2 2 2 2 2 2 0 2 2 2 2 2 2 2 2 2 2 2 2 2 2 2 2 2 2 2 2 2 2 2 2 0 2 2 2 2 2 2 0 2 2 2 2 0 0 2 2 2 0 2 2 2 2 2 2 2 2 2 2 0 2 2 1 2 2 2 2 2 2 2 2 2 2 2 2 2 2 2 2 2 2 2 0 2 2 2 2 2 2 2 2 0 2 0 0 0 2 2 2 0 2 2 2 2 0 2 2 2 2 2 2 0 2
67 0 2 0 2 0 2 2 0 2 0 2 0 0 2 2 2 2 2 0 2 2 2 2 2 2 2 2 2 2 0 2 2 2 2 2 2 0 2 0 2 2 2 0 2 0 0 0 2 0 2 2 2 0 0 2 2 2 2 0 0 2 2 0 2 0 0 2 0 2 0 2 2 2 0 2 0 0 0 2 0 2 2 2 2 2 2 0 0 2 2 2 0 0 2 0 2 2 2 0 0 2 2 2 0 2 2 2 0 2 2 0 2 2 2 0 2 2 0 2 2 2 2 2 2 2 2 2 2 2 2 2 2 2 2 2 2 2 0 2 2 2 2 2 2 2 2 2 2 2 0 2 0 2 2 0 2 2 0 2 2 2 2 0 2 2 2 2 1 2 2 0 2 2 0 2 2 2 2 2 0 2 2 2 2 2 2 2 2 2 0 1 2 0 0 2 2 2 2 0 2 0 2 2 0 2 2 2 0 0 0 2 0 0 2 0 2 2 1 2 0 2 2 0 0 2 0 2 2 0 0 2 2 0 2 0 2 2 0 2 0 2 2 2 2 2
68 2 2 2 2 2 2 0 2 2 0 2 2 2 2 2 2 2 2 0 2 2 2 2 2 2 2 2 2 2 0 2 2 2 2 2 2 2 2 2 2 2 2 2 2 0 2 2 2 2 2 2 2 2 2 2 2 2 2 2 2 2 2 2 2 2 2 2 2 0 2 2 2 2 2 2 0 2 2 2 2 2 2 2 2 0 2 2 2 2 2 2 2 2 2 2 2 2 2 2 2 2 2 2 2 2 2 2 2 2 2 2 2 2 2 2 2 2 2 2 2 2 2 2 2 2 0 2 2 2 2 2 2 2 2 2 2 2 2 2 2 2 2 2 2 2 0 2 2 2 2 2 2 2 2 2 2 2 2 1 0 2 2 2 2 2 2 2 2 2 0 2 2 2 2 2 2 2 2 0 0 2 2 2 2 2 2 2 2 2 0 0 2 2 2 1 2 2 2 2 2 2 2 2 2 2 2 2 2 2 2 2 2 2 2 2 0 2 2 2 2 2 2 2 2 2 2 2 2 2 2 2 2 0 2 2 2 0 0 2 2 2 2 2 2 2
69 0 0 0 2 0 0 2 0 2 0 0 2 0 2 0 0 0 2 0 0 2 2 2 2 2 0 0 2 2 0 2 2 0 0 0 0 0 2 2 2 2 0 2 0 0 0 0 2 2 2 2 2 0 2 2 2 2 2 0 2 2 2 0 2 2 0 2 2 0 2 2 0 0 0 0 0 0 2 0 0 0 0 2 1 0 0 0 0 0 0 2 2 0 2 0 0 2 2 0 0 0 0 0 2 0 0 0 0 0 0 2 2 2 2 0 0 0 0 2 0 0 0 2 0 0 2 2 0 2 0 2 0 0 0 0 0 0 0 2 0 2 2 0 2 2 0 2 0 0 0 0 2 0 2 2 2 2 0 1 0 2 0 0 0 0 0 0 1 0 0 0 0 0 0 0 2 2 2 0 0 0 0 0 0 2 2 0 0 0 0 0 0 0 0 1 0 0 0 0 0 0 0 0 0 0 0 0 0 0 0 2 0 0 2 2 0 0 0 2 2 2 2 2 2 0 0 0 0 2 2 2 0 0 0 0 0 0 0 2 0 0 0 0 0 2
70 2 2 2 0 2 2 2 2 2 0 2 2 2 0 2 2 2 2 0 2 2 2 2 0 2 2 0 2 2 0 2 2 2 2 2 1 2 2 2 2 2 2 2 2 0 2 2 2 2 2 2 2 2 2 2 2 2 2 2 2 2 0 2 2 2 2 2 2 2 2 2 2 2 2 2 0 2 2 2 2 2 2 2 2 2 2 2 2 2 2 2 2 2 2 2 2 2 2 2 2 2 2 2 2 2 2 2 2 2 2 2 2 2 2 2 2 2 2 2 2 2 2 0 2 2 2 2 2 2 2 2 2 2 2 2 2 2 2 2 2 2 2 2 2 2 2 2 2 2 2 2 2 2 2 2 2 2 2 2 2 2 2 2 2 0 2 2 2 2 2 2 2 2 2 2 2 2 2 2 0 2 2 2 0 2 2 2 2 2 0 1 2 2 2 2 2 2 2 2 2 2 0 2 2 2 2 2 2 2 2 2 2 2 2 2 2 2 2 2 2 2 2 2 2 2 2 2 2 2 2 0 2 0 2 2 2 2 0 2 2 2 2 2 2 2
71 2 2 2 2 2 0 2 0 2 2 2 2 2 2 2 2 2 2 2 0 2 2 2 2 2 2 2 2 2 2 2 2 2 2 2 2 2 2 2 2 2 2 2 2 2 2 2 2 2 2 2 2 2 2 2 2 2 2 2 2 2 2 2 2 2 2 2 2 2 2 2 2 2 2 2 2 2 2 2 2 2 0 2 2 2 2 2 2 2 2 0 2 2 2 2 2 2 2 0 2 0 2 2 2 2 2 0 2 2 2 2 2 2 2 2 2 0 2 2 2 2 2 2 2 2 2 2 2 2 2 2 2 2 2 2 0 0 2 2 2 2 0 2 2 2 2 2 0 1 2 2 2 2 2 2 2 2 2 2 2 2 2 2 0 2 0 2 2 2 2 2 2 2 2 2 2 2 2 2 2 0 2 2 2 2 0 2 2 0 2 2 0 2 2 1 2 2 2 2 2 2 2 2 2 2 0 2 2 2 2 2 2 2 2 2 2 2 2 2 2 2 2 2 2 2 2 0 0 2 2 2 2 2 0 2 2 2 2 2 2 0 0 2 2 2
72 2 2 2 0 0 2 1 2 0 0 0 0 0 0 0 0 0 2 0 0 0 0 0 0 2 0 0 0 1 0 0 0 0 0 0 1 0 2 2 0 2 0 0 2 0 2 0 2 2 2 0 2 0 2 0 0 0 2 2 2 2 0 0 2 0 0 2 2 2 0 0 2 0 0 0 0 2 0 0 0 0 2 2 1 0 2 2 2 0 0 2 2 0 0 0 0 2 0 2 2 0 0 2 2 0 2 0 0 2 2 0 2 0 2 2 2 2 2 0 0 2 0 0 2 0 1 2 0 2 0 0 0 0 0 2 2 2 2 2 2 2 2 2 2 2 2 2 0 1 2 2 2 0 0 0 2 0 0 2 0 0 0 0 0 0 2 0 0 2 0 2 0 2 0 0 0 2 0 0 0 2 2 0 0 2 0 0 0 0 0 1 0 2 0 0 2 0 0 2 1 0 0 2 0 2 0 0 2 0 0 2 0 2 2 0 2 2 0 0 0 0 0 2 0 0 0 0 0 0 0 2 2 0 0 0 0 0 0 0 0 2 0 0 0 0
73 2 2 2 1 2 1 2 2 2 0 0 1 2 0 2 2 2 2 0 2 2 2 2 0 2 2 2 2 2 0 2 2 1 2 2 2 0 2 2 2 2 0 2 2 0 2 2 2 2 2 2 2 1 2 2 2 2 2 2 2 2 0 2 2 1 2 2 2 2 2 2 2 2 1 2 0 2 1 2 2 2 2 2 2 2 2 2 2 2 2 2 2 2 2 2 1 2 1 2 2 2 2 2 2 1 2 2 2 2 2 2 2 1 2 2 2 1 2 2 0 2 2 2 2 0 2 2 2 2 2 1 2 2 0 2 2 1 2 2 1 2 2 2 2 2 2 2 2 1 2 2 1 2 2 2 1 2 2 2 2 2 2 2 2 2 2 2 2 2 2 2 2 1 2 2 0 2 2 2 0 2 2 2 2 2 2 2 2 2 0 1 2 2 2 2 2 2 0 2 2 2 2 2 2 2 2 2 2 2 1 2 2 2 2 2 2 2 2 2 2 1 2 2 2 2 2 2 2 2 1 2 2 0 2 2 2 2 0 2 2 1 2 2 2 2
74 2 2 2 0 2 2 2 2 2 2 2 0 2 2 2 2 2 2 2 2 2 2 2 2 2 2 2 2 2 2 2 2 2 2 2 2 2 2 2 2 2 2 2 2 2 2 2 2 2 2 2 2 0 2 2 2 2 2 2 2 2 2 2 2 0 2 2 2 2 2 2 2 0 0 2 2 2 0 2 2 0 2 0 1 2 0 2 2 2 2 2 2 2 2 2 2 2 2 2 2 2 2 2 2 2 2 0 2 2 2 2 0 2 2 2 2 2 0 2 2 2 2 2 2 2 2 2 2 2 2 0 2 2 2 2 2 2 2 0 2 2 2 2 2 2 0 2 2 2 2 0 2 2 2 2 2 2 2 2 2 2 2 2 2 2 2 2 2 2 2 2 2 2 2 2 2 0 2 2 2 2 2 2 2 2 2 2 2 0 2 2 2 2 2 2 0 2 2 2 2 2 2 2 2 2 2 2 2 2 2 2 2 2 2 2 2 2 2 2 2 0 2 2 2 2 2 2 0 2 0 2 2 2 0 2 2 2 2 2 2 2 0 2 0 2
75 2 2 2 2 0 2 0 2 2 2 0 2 0 2 0 2 0 2 2 2 2 0 2 2 2 2 2 0 2 2 2 0 0 2 0 2 2 2 2 0 0 0 2 2 2 2 2 0 2 0 2 2 2 2 2 2 0 2 2 0 2 2 0 2 2 0 2 2 0 2 2 0 2 2 0 2 2 2 2 2 2 0 0 0 0 2 2 2 0 0 2 2 0 0 2 0 2 0 2 2 0 2 2 0 2 2 2 0 2 2 0 0 2 0 0 0 2 2 0 0 2 0 0 2 2 0 0 2 0 2 2 0 2 0 0 2 2 2 0 2 0 2 0 2 2 0 2 0 1 2 2 0 2 0 0 2 2 2 2 2 2 2 2 0 2 2 2 2 0 2 2 2 2 2 2 2 0 0 2 2 2 2 2 2 2 2 0 2 2 2 1 2 2 2 0 2 2 2 2 1 2 2 2 0 0 0 0 2 2 2 2 0 2 2 2 2 2 2 0 2 2 2 2 2 2 0 2 0 2 2 2 0 2 2 0 2 2 2 0 2 2 2 2 2 0
76 2 2 2 0 2 2 2 2 2 2 0 0 2 2 2 0 2 2 2 2 0 2 2 2 2 0 2 2 2 2 2 2 0 2 0 2 0 2 2 2 2 0 0 2 2 2 2 2 2 2 2 2 2 2 2 2 2 2 2 2 2 2 2 2 0 2 2 0 2 2 2 2 2 2 2 2 2 0 2 2 2 2 2 2 2 2 2 2 2 0 0 2 2 2 0 0 2 0 2 2 2 2 2 2 2 2 2 2 2 2 2 2 2 2 0 0 2 2 0 0 2 0 0 2 0 2 2 2 2 0 2 2 2 0 0 2 2 2 2 2 2 0 2 2 2 2 2 2 2 2 2 2 2 2 0 2 2 0 2 2 2 2 2 2 2 2 2 2 2 2 2 2 2 2 2 0 2 2 2 2 2 2 2 2 2 1 2 2 2 2 2 2 2 2 2 2 2 0 2 2 2 2 2 0 0 2 0 2 2 2 2 0 2 1 2 2 2 2 0 2 0 0 0 2 2 2 2 2 0 2 0 2 2 2 0 2 2 2 0 2 2 2 2 2 2
77 2 0 2 0 2 2 0 0 0 0 0 2 2 0 0 0 2 2 0 2 2 0 2 0 0 2 0 0 2 0 0 0 0 2 0 0 0 0 0 2 2 0 2 2 0 2 0 2 2 0 0 0 0 2 2 2 2 0 2 0 2 0 0 2 2 2 0 2 2 2 2 2 0 0 2 0 2 2 2 0 0 2 2 1 0 2 2 0 2 0 0 0 0 2 2 0 0 2 0 2 0 0 0 2 2 2 0 2 2 0 0 2 2 2 2 2 2 2 0 0 2 2 0 2 2 0 2 0 2 2 0 2 2 0 0 2 2 2 2 2 2 0 0 0 0 2 0 0 1 2 2 2 2 2 0 1 0 2 1 0 0 0 0 0 0 0 2 1 0 0 0 0 2 0 2 2 2 2 0 0 2 0 2 0 2 2 2 2 2 0 1 2 0 0 0 2 2 2 2 2 0 0 2 0 0 0 0 2 0 2 2 2 2 0 2 2 2 2 0 2 2 2 2 2 0 0 2 0 0 0 0 2 0 0 2 2 0 0 0 2 2 2 2 0 2
78 2 2 2 2 2 0 2 2 2 2 2 2 2 2 2 0 0 2 2 2 2 2 2 2 2 0 2 2 2 2 2 2 2 0 2 2 0 2 2 2 2 2 2 2 2 2 2 2 2 2 2 2 2 2 2 2 2 2 2 2 2 2 2 2 2 2 2 2 2 2 2 2 2 2 0 2 2 2 0 2 2 2 2 2 0 2 2 2 2 2 2 2 2 0 2 2 2 2 2 2 0 2 2 2 2 2 0 0 2 2 0 2 2 2 2 2 0 2 2 2 2 2 2 2 2 2 2 2 0 2 2 0 2 2 2 2 0 2 2 2 2 2 2 2 2 2 2 2 1 2 2 2 0 2 2 2 2 2 2 2 2 2 0 2 2 2 2 2 0 2 2 2 2 2 2 2 2 2 2 2 2 2 2 2 0 2 0 2 0 2 0 2 2 2 2 2 2 2 2 2 2 2 0 2 2 2 0 2 2 2 2 2 2 2 2 0 0 2 2 2 2 2 2 2 2 2 2 2 0 2 2 2 2 2 2 2 2 2 2 2 0 2 2 2 2
79 2 0 0 0 0 0 0 0 0 2 0 0 0 2 0 0 0 2 0 0 0 0 0 2 0 0 0 0 2 0 0 0 0 0 2 0 0 0 2 0 0 0 0 0 0 0 2 0 0 0 2 0 0 0 0 0 2 0 0 0 2 2 0 0 0 0 0 0 0 0 0 2 0 0 0 0 0 0 0 0 0 2 0 1 0 0 0 0 2 2 0 2 0 0 0 0 0 0 0 0 0 0 0 2 2 0 0 0 0 0 0 0 0 0 2 0 0 0 2 0 2 0 0 0 0 0 0 0 0 0 0 0 0 0 0 0 0 2 0 0 0 0 0 0 0 0 0 0 0 0 2 0 0 0 2 0 0 0 0 2 0 0 0 0 0 0 0 1 0 2 2 0 0 0 0 0 0 0 2 0 0 0 0 0 0 0 0 2 0 0 0 0 0 0 0 0 0 0 0 1 0 0 0 0 0 0 0 0 2 2 0 0 0 0 2 0 0 1 2 2 0 2 0 0 0 0 0 0 0 2 0 0 2 0 0 2 0 2 2 0 0 0 0 0 0
80 2 2 0 2 2 2 2 2 0 2 0 2 2 2 2 2 2 0 2 2 2 2 2 2 2 2 2 2 0 2 0 2 2 2 2 2 2 2 0 2 2 2 2 2 2 0 2 0 2 0 2 0 2 2 2 2 2 2 0 0 2 2 2 2 2 2 2 2 2 2 2 2 2 2 2 2 0 2 2 2 2 2 2 2 2 2 0 2 2 2 2 0 2 2 2 2 2 2 2 0 2 2 2 2 2 2 2 2 2 2 2 2 2 0 2 2 2 2 2 2 0 2 2 2 2 2 2 2 2 2 2 2 2 2 2 2 2 2 2 2 0 2 2 2 2 2 0 2 2 2 2 2 2 2 2 2 2 2 2 2 2 2 2 2 2 2 2 1 2 2 2 2 2 2 2 2 2 2 2 2 2 2 2 2 2 2 2 2 2 2 2 2 2 2 2 2 2 2 2 2 2 2 2 2 2 2 2 2 2 2 2 2 0 2 2 2 2 2 2 0 0 2 2 2 2 2 2 2 2 2 2 2 2 2 2 2 2 2 2 2 2 2 2 2 2
81 0 0 0 0 0 2 2 0 0 0 2 0 0 2 0 2 0 2 0 0 0 0 2 2 0 0 2 0 2 0 0 0 0 0 2 1 0 0 0 0 0 0 0 0 0 0 0 0 0 0 0 2 0 0 2 2 0 0 0 0 0 2 0 0 0 0 0 2 2 2 0 0 2 0 0 0 0 0 0 0 0 0 2 2 0 2 0 2 2 2 0 0 0 0 0 0 0 0 0 0 0 0 0 2 0 0 0 0 0 0 0 2 2 0 2 0 2 0 2 0 0 0 0 0 0 2 0 2 0 0 0 2 0 0 0 0 2 0 0 0 0 0 0 0 0 0 2 0 1 0 2 0 0 2 0 0 0 0 0 2 0 2 0 0 0 0 0 0 2 2 0 0 0 0 0 0 0 2 2 0 2 0 0 2 0 0 0 2 0 0 1 2 2 0 1 2 0 2 2 0 0 0 0 0 0 0 2 2 0 0 2 0 0 0 0 2 0 2 0 0 2 2 2 2 2 0 2 2 0 0 0 0 0 0 0 2 2 0 2 0 2 2 0 0 2
82 2 2 0 2 0 0 0 2 2 2 2 2 0 2 0 2 2 2 2 2 2 0 0 2 2 2 2 0 2 2 2 0 0 2 0 2 0 2 2 2 2 0 0 2 2 0 0 2 2 0 2 2 2 2 0 0 2 2 0 2 2 2 2 2 2 0 2 2 2 0 0 2 2 2 2 2 0 2 0 2 2 0 0 2 0 2 0 2 2 0 2 2 2 0 2 0 2 2 2 0 2 2 2 0 2 2 2 0 2 2 0 0 0 2 2 2 0 0 2 0 0 2 2 2 2 0 2 2 2 0 2 0 2 0 2 2 0 2 2 2 2 0 2 2 2 0 2 2 1 2 2 0 0 2 2 2 0 0 2 0 2 2 2 2 2 2 2 2 2 0 0 2 2 2 2 2 2 2 0 2 2 2 0 2 2 0 2 2 2 2 1 2 2 2 2 2 0 0 2 2 2 0 2 0 2 2 2 2 0 2 2 2 0 2 2 0 2 2 2 2 2 2 2 0 2 2 2 0 0 2 2 0 2 2 2 0 2 2 2 2 0 2 2 0 2
83 2 0 2 0 2 0 0 2 0 2 2 2 2 0 0 2 2 2 0 0 2 0 2 0 2 0 0 0 2 0 0 0 2 0 2 1 2 2 0 2 0 2 0 2 2 2 0 2 2 0 2 0 0 0 2 2 2 2 2 0 2 0 0 0 0 2 2 0 2 2 2 2 2 0 2 0 2 2 0 2 0 2 0 0 0 0 2 2 0 2 2 0 0 2 0 2 2 2 2 2 0 2 0 0 0 2 0 2 2 0 2 0 2 2 0 0 0 0 2 2 2 0 2 2 0 0 0 2 2 2 2 0 2 2 0 2 0 2 0 0 2 0 0 2 2 2 0 2 1 2 0 0 0 0 2 2 2 0 2 0 2 2 2 2 2 2 0 0 2 0 2 2 0 2 0 2 0 0 0 0 0 2 2 0 2 2 0 2 2 0 1 0 2 2 1 0 0 0 0 0 0 2 2 2 0 2 2 0 0 0 0 0 2 2 2 2 2 1 2 0 0 2 0 2 2 0 0 2 0 2 2 0 0 2 0 0 2 0 2 2 0 0 0 0 0
84 2 2 2 2 2 2 2 0 2 2 2 2 2 2 2 2 0 2 2 2 2 2 2 2 2 2 0 2 2 2 2 2 2 2 2 1 2 2 2 2 2 2 2 2 2 2 2 2 2 2 2 2 2 2 2 2 2 2 2 2 2 2 2 2 2 2 2 2 0 2 2 2 2 2 0 2 2 2 2 2 2 2 2 2 2 2 2 2 2 2 0 2 2 2 2 2 2 2 0 2 2 2 2 2 2 2 2 2 0 2 2 2 2 2 2 0 2 2 2 2 2 2 2 2 2 2 2 2 2 2 2 2 2 2 2 2 2 2 2 0 2 2 2 2 2 2 2 2 2 2 2 2 2 2 2 2 2 2 2 2 2 0 2 2 2 2 2 2 2 2 2 2 0 2 2 0 2 2 2 2 2 2 2 0 2 2 2 2 0 2 2 2 2 2 2 0 2 2 0 2 2 2 2 2 2 2 2 0 2 2 2 2 2 2 2 2 2 2 2 2 2 2 2 2 0 2 2 0 2 0 2 0 2 2 2 2 2 2 2 2 2 2 2 2 2
85 2 0 2 2 2 2 2 2 2 2 2 2 2 2 2 2 2 2 2 2 0 2 2 2 2 2 2 2 2 2 2 2 2 2 2 2 2 2 2 2 2 2 2 2 2 2 0 2 2 2 2 0 2 2 2 2 2 2 2 2 0 2 2 2 2 2 2 2 0 2 2 2 2 2 2 2 2 2 2 0 2 0 2 2 2 2 2 2 2 2 2 2 2 2 2 2 2 0 2 2 0 2 0 2 2 0 2 2 2 0 2 2 2 2 0 2 2 2 2 2 2 2 2 2 2 2 2 2 2 2 2 2 2 2 2 2 2 0 2 2 2 0 2 2 2 2 0 2 2 0 2 2 2 2 2 2 2 2 2 2 2 0 2 2 2 2 2 2 0 2 2 2 2 2 2 2 2 2 2 2 2 2 2 2 2 2 2 2 2 2 2 2 2 2 2 2 2 2 2 2 2 2 2 2 2 2 2 2 0 2 2 2 2 2 2 2 2 2 2 2 2 2 2 2 0 2 2 2 2 2 2 2 2 2 2 2 2 2 2 2 2 2 0 2 2
86 2 0 2 1 0 1 2 0 2 2 0 0 0 2 0 2 0 0 0 0 2 1 2 2 1 0 1 1 0 0 2 1 0 1 2 2 0 0 0 0 1 0 2 2 2 2 2 2 0 2 1 2 2 1 2 2 1 0 2 2 1 2 0 2 0 0 0 0 0 0 1 1 2 2 0 0 2 0 2 2 0 0 0 2 2 2 2 2 2 2 2 0 0 0 2 0 2 0 0 2 1 0 0 0 2 0 0 0 2 0 0 0 0 2 2 0 2 2 0 0 2 2 2 2 2 2 2 1 0 2 1 2 0 0 2 0 2 2 0 2 2 0 2 0 1 2 2 0 1 2 0 2 2 2 0 1 2 2 1 0 2 2 0 1 2 1 2 2 2 0 2 0 2 2 2 0 0 2 0 0 2 0 2 1 2 0 1 1 2 0 0 2 2 0 0 0 0 0 2 0 1 0 0 1 2 2 0 2 2 0 0 0 2 1 1 2 0 1 0 2 2 1 0 0 2 0 2 0 2 2 2 1 0 2 0 2 2 0 0 2 2 2 0 0 1
87 0 2 2 2 2 0 2 2 0 2 0 0 2 0 2 2 0 2 2 0 2 2 2 0 2 2 0 2 2 2 2 2 2 2 2 1 2 0 0 2 2 2 0 0 2 2 2 2 2 2 2 0 2 0 2 2 0 0 2 2 0 0 2 2 2 2 0 2 0 2 2 2 2 2 0 2 2 0 0 2 2 2 2 2 0 2 2 2 2 2 2 0 2 0 2 2 2 2 2 2 2 2 2 2 0 2 2 2 2 2 2 2 2 2 0 2 0 2 2 2 0 2 2 0 0 2 2 2 0 2 2 2 2 2 2 2 2 2 2 2 2 2 2 2 0 2 0 2 1 0 2 2 2 2 2 2 2 0 2 0 0 2 2 0 0 2 2 2 2 0 2 2 2 0 2 2 2 2 0 2 2 2 2 0 2 2 2 2 2 2 1 2 2 2 1 2 2 2 2 2 2 2 2 2 2 2 2 2 2 2 0 2 2 0 2 0 2 0 0 2 2 0 2 2 2 2 2 0 2 2 2 2 2 2 2 2 2 2 2 2 0 2 2 2 2
88 2 2 2 2 2 2 2 2 2 2 1 2 2 2 1 1 1 2 2 2 1 2 2 2 1 2 2 2 2 2 2 2 2 2 2 2 2 2 2 2 2 2 2 1 2 2 2 2 2 2 2 2 2 2 2 2 2 2 2 2 2 2 2 2 2 2 2 2 2 2 2 2 2 2 1 2 2 2 2 2 2 2 2 2 2 2 2 2 2 2 1 2 2 2 1 2 1 2 2 2 2 2 2 2 2 2 2 2 2 2 2 2 2 2 2 2 2 2 2 2 2 2 2 1 2 2 2 1 1 2 1 2 2 2 2 1 2 2 2 2 2 2 1 1 2 2 2 2 1 2 2 2 2 2 2 1 2 2 1 2 2 1 1 2 2 2 1 2 2 2 2 1 2 2 1 2 2 2 2 2 2 2 2 2 2 2 2 2 2 2 2 2 2 2 2 2 2 2 2 2 2 2 2 2 2 2 2 2 2 2 2 2 2 2 2 2 2 2 2 2 2 2 2 2 1 2 2 2 1 1 2 1 2 1 2 2 2 2 2 1 2 2 2 1 2
89 2 2 2 2 2 2 2 2 2 2 2 2 2 2 0 2 2 2 2 2 2 2 2 2 2 2 2 2 2 2 2 2 2 2 0 2 2 2 2 2 2 2 2 2 2 2 2 2 2 2 2 2 2 2 2 2 2 2 2 2 2 2 2 2 2 2 2 2 2 2 2 2 2 2 2 2 2 2 2 2 2 0 2 2 2 2 2 2 2 0 2 2 2 2 2 2 2 2 2 2 0 2 2 2 2 2 2 2 2 2 2 2 2 2 0 0 2 0 2 2 2 2 2 2 2 2 2 0 2 2 0 2 2 2 2 2 2 2 2 2 2 2 2 2 2 2 2 2 1 2 2 2 2 2 2 2 2 0 2 2 2 2 2 2 0 2 2 2 2 2 0 2 2 2 2 2 2 2 2 2 2 2 2 2 2 2 2 2 2 2 2 2 2 2 1 0 2 2 2 2 2 2 0 2 2 2 2 2 2 2 2 2 2 2 2 2 0 2 2 2 2 2 2 2 2 2 2 0 2 2 2 2 2 0 2 0 2 2 2 2 2 2 2 2 2
90 0 0 2 2 0 0 2 0 0 0 0 0 0 0 0 0 2 0 2 2 2 2 0 0 2 0 0 2 0 2 0 2 0 2 0 0 0 2 0 0 2 0 2 0 0 2 0 0 2 2 2 2 0 0 0 0 0 2 2 2 0 0 2 2 2 0 2 2 2 0 2 0 0 0 2 2 2 0 0 0 2 0 0 0 0 0 2 0 0 0 2 0 0 0 0 0 2 2 0 2 0 0 0 0 0 0 2 0 2 0 0 0 0 0 0 0 0 0 0 0 2 2 2 0 2 2 0 0 2 0 0 2 0 0 0 0 0 0 0 0 0 0 0 0 2 0 2 0 1 0 0 2 2 0 2 0 2 0 0 2 0 2 0 0 0 0 2 2 2 2 0 2 0 0 2 0 0 0 2 2 0 0 0 0 2 2 0 2 0 2 1 0 0 0 1 0 0 2 2 0 0 2 0 0 0 0 0 2 0 2 0 0 2 2 2 0 0 1 0 2 2 2 2 0 2 2 0 0 0 2 0 0 2 0 0 0 0 2 0 2 0 0 0 0 0
91 2 2 0 0 0 2 2 2 2 0 2 0 0 2 2 2 2 2 2 2 2 2 2 2 0 2 2 2 2 2 2 2 0 2 2 2 2 2 2 2 2 2 2 2 0 0 2 0 0 0 0 2 2 2 2 2 2 2 0 2 2 2 2 0 2 0 2 2 2 0 2 2 2 2 2 2 0 0 0 0 2 2 2 2 0 2 0 0 2 2 2 2 2 2 2 0 2 0 2 0 2 2 2 2 2 0 2 2 2 2 2 2 2 0 2 0 2 2 0 0 2 0 2 2 2 2 2 2 0 2 0 2 2 0 2 2 2 2 2 2 0 2 2 0 2 2 2 2 2 0 2 2 2 2 2 2 2 2 1 2 2 2 0 0 2 2 2 2 2 2 2 2 2 2 2 2 2 2 2 2 2 0 2 2 2 2 0 0 2 2 2 2 0 2 2 2 2 2 2 2 2 2 2 2 2 2 0 2 2 2 2 0 0 2 2 2 2 2 2 2 2 2 2 2 2 2 2 2 2 2 2 2 2 0 0 2 0 2 0 2 2 2 2 0 2
92 2 2 2 2 2 0 2 2 2 2 2 0 2 0 2 2 2 0 0 2 2 2 2 0 2 2 2 2 0 0 0 2 2 2 2 2 2 2 2 0 2 2 2 2 2 2 2 2 2 0 2 2 2 2 2 2 2 2 2 2 2 0 2 0 2 2 2 2 2 2 2 0 0 2 1 0 2 0 2 2 2 2 2 2 2 2 2 2 2 2 2 2 2 0 2 2 2 2 2 2 2 2 2 0 2 2 2 2 2 2 2 2 2 2 2 2 0 2 2 2 2 2 2 2 2 2 2 2 0 2 2 2 2 2 2 2 0 2 0 2 2 2 2 2 2 2 2 2 1 2 2 2 2 2 2 2 2 2 0 2 2 2 2 2 2 2 2 2 2 2 2 2 2 2 2 2 0 2 2 0 2 2 2 2 2 2 2 2 2 0 1 2 2 2 2 2 2 2 2 2 2 2 2 0 2 0 2 2 2 2 2 2 2 2 2 2 2 2 2 2 2 2 2 2 2 2 2 2 2 2 2 2 0 2 2 2 2 0 2 2 0 2 2 0 2
93 2 2 2 2 2 2 2 2 2 2 0 2 2 2 2 2 0 2 2 2 2 2 2 2 2 2 2 2 2 2 2 2 2 0 2 2 2 2 2 2 2 2 2 0 2 2 2 2 0 2 2 2 2 2 2 2 2 2 2 2 2 2 2 2 2 2 2 2 2 2 2 2 2 2 0 2 2 2 2 2 2 2 2 2 2 2 2 2 0 2 2 2 1 2 2 2 2 2 2 2 2 2 2 2 2 2 2 2 2 2 2 2 2 2 2 2 2 0 2 2 2 2 2 0 2 2 2 2 2 2 2 2 2 2 2 2 2 2 2 2 2 2 2 2 2 2 2 0 2 2 2 2 2 2 2 2 2 2 2 0 2 2 2 0 2 2 2 1 2 0 2 2 2 2 2 2 2 2 0 2 2 2 2 2 0 2 2 2 2 0 2 2 2 2 2 2 2 2 2 2 2 2 0 2 2 2 2 2 2 2 2 2 2 2 2 2 0 2 2 0 2 2 2 2 2 2 2 2 0 2 2 2 2 2 2 2 2 2 2 2 2 2 2 2 2
94 0 2 0 2 2 2 2 2 0 0 2 0 2 2 2 2 2 0 2 0 2 2 2 2 2 2 2 2 0 2 2 2 2 2 2 2 2 2 0 2 2 2 0 2 0 0 2 0 2 2 2 2 2 2 2 2 2 2 0 2 0 2 2 2 2 2 2 2 2 2 2 0 2 2 2 2 0 0 2 2 2 0 2 2 2 2 0 2 2 2 2 0 2 2 0 2 2 2 2 0 2 2 2 0 2 2 2 2 2 2 2 2 2 2 2 2 2 2 2 2 2 2 2 2 2 2 2 2 2 2 2 2 2 2 0 2 2 2 2 2 0 2 2 2 2 2 2 2 2 2 2 2 2 2 2 2 2 2 1 2 2 2 2 2 2 2 2 2 2 2 0 2 2 2 2 2 2 2 2 2 2 2 2 2 2 2 2 2 2 0 1 2 2 2 2 2 2 2 2 2 2 2 0 2 0 2 2 2 2 2 2 2 0 2 2 2 0 2 2 2 2 2 2 2 2 2 2 2 2 2 2 2 2 2 2 2 2 2 2 2 2 0 0 2 2
95 2 2 0 2 2 2 2 0 2 2 0 2 2 2 2 2 2 0 2 2 2 2 2 2 2 2 0 2 0 2 2 2 2 0 2 1 2 2 2 2 2 2 2 2 2 0 2 2 2 2 2 2 2 2 2 2 2 2 0 2 2 2 2 2 2 2 2 2 2 2 2 0 2 2 2 2 0 2 2 2 2 2 2 0 2 2 0 2 2 2 2 2 2 2 2 2 2 2 0 0 2 2 2 0 2 2 2 2 2 2 2 2 2 2 2 0 2 2 2 2 2 2 2 2 2 2 0 2 2 2 2 2 2 2 2 2 2 2 2 2 2 2 2 2 2 2 2 2 2 2 2 2 2 2 2 0 2 2 1 2 2 2 2 2 2 2 2 2 2 2 2 2 0 2 2 2 2 2 2 2 2 2 2 0 2 2 2 0 2 2 2 2 2 2 2 2 2 2 2 2 2 2 0 2 2 2 2 2 2 2 2 2 0 2 2 2 0 2 2 2 2 2 2 2 2 2 2 2 0 2 2 2 2 2 2 2 2 2 2 2 2 0 2 2 2
96 2 0 0 2 2 2 2 2 0 2 0 0 2 0 2 2 0 0 2 0 2 2 2 0 2 2 2 2 0 2 2 2 2 2 0 1 2 0 0 2 2 2 2 0 2 0 2 2 2 2 2 0 0 2 2 2 2 0 0 2 2 0 2 0 2 2 0 2 2 2 2 0 2 0 0 2 0 0 0 2 2 2 2 2 0 0 0 2 0 0 0 0 2 2 2 2 2 0 2 0 0 0 0 0 2 0 0 2 2 0 2 2 0 0 0 0 2 2 2 2 0 0 2 0 2 2 2 2 0 0 0 2 2 2 0 0 0 2 2 0 2 2 0 0 2 0 0 2 2 0 0 2 2 0 0 2 2 0 0 2 0 0 0 0 0 2 0 2 2 2 0 0 0 2 0 2 2 0 2 0 0 2 2 2 0 0 0 0 2 2 2 0 2 2 0 0 0 2 0 2 2 0 0 2 0 2 2 0 2 2 2 2 0 2 2 2 0 1 2 2 2 2 2 2 0 2 0 0 2 0 2 2 0 2 2 0 0 0 2 2 2 0 0 0 0
97 2 0 2 2 2 0 2 0 0 0 2 2 2 2 0 2 2 2 2 0 0 2 2 2 2 2 0 2 2 2 0 2 2 2 2 2 2 2 2 2 2 2 2 2 0 2 2 2 0 0 2 0 2 0 2 2 2 2 2 0 2 2 2 0 2 2 2 2 2 2 2 0 2 2 2 2 2 2 2 0 2 0 2 2 2 2 2 2 0 2 2 2 2 2 2 2 2 0 0 2 2 2 0 2 2 2 2 2 2 0 2 2 2 2 2 0 0 0 2 2 2 0 2 2 2 2 2 0 0 2 2 2 2 2 2 2 0 2 2 2 2 0 2 2 0 2 0 0 1 2 2 2 2 2 2 2 2 2 2 2 0 2 2 2 2 0 0 2 0 2 2 0 0 0 0 2 2 2 2 2 2 2 0 0 0 2 2 2 2 2 2 2 2 2 0 2 2 2 2 1 0 0 2 2 2 2 2 2 2 0 2 2 2 0 2 0 2 1 2 2 2 0 2 2 2 2 2 0 2 0 2 2 2 2 2 0 2 2 2 2 0 0 0 2 2
98 2 2 2 2 2 2 2 2 0 2 2 2 2 2 2 2 2 2 2 0 2 2 2 2 2 2 2 2 2 2 2 2 2 2 2 2 2 0 0 2 2 2 2 2 2 2 0 2 2 0 2 2 2 2 2 2 2 0 2 2 2 2 0 2 0 2 0 2 2 2 2 2 2 2 2 2 2 2 2 2 2 2 0 0 2 2 2 2 0 2 2 0 2 0 2 2 2 2 2 2 2 2 2 2 2 2 2 2 2 2 2 0 2 2 2 0 2 2 0 2 2 2 0 2 0 2 2 2 2 2 2 2 2 2 2 2 0 2 2 2 2 2 2 2 2 2 2 2 2 2 0 2 0 2 2 2 2 2 2 2 2 2 2 2 2 2 2 2 2 2 2 2 2 2 2 0 2 2 2 2 2 2 2 2 2 0 2 0 2 2 2 2 2 2 2 2 2 0 2 2 2 2 2 2 2 2 0 2 0 2 2 2 2 2 2 2 2 2 2 2 2 2 2 0 2 2 2 2 2 2 2 2 2 2 2 2 2 2 0 2 2 2 0 2 2
99 0 2 2 2 0 0 0 2 2 0 2 2 0 0 0 0 0 2 0 2 2 2 0 0 2 2 0 2 2 0 2 2 0 2 2 1 2 0 2 2 2 0 2 2 0 2 0 0 2 2 2 2 2 2 0 0 2 0 2 0 2 0 2 2 2 0 0 2 2 0 2 0 2 2 0 0 2 2 2 0 2 2 0 0 2 0 2 2 2 2 0 2 0 0 2 0 2 2 2 2 0 2 2 2 2 0 0 0 2 2 0 0 2 2 2 2 0 2 0 0 0 0 0 2 0 0 0 0 2 0 2 0 0 0 0 0 2 0 2 0 0 0 0 2 0 2 2 0 1 0 0 0 0 0 0 2 2 2 1 2 2 2 2 0 0 0 2 2 2 2 0 2 0 2 2 0 2 0 2 2 2 0 0 0 2 0 2 0 0 0 0 2 2 0 1 0 0 2 2 1 0 0 0 2 0 2 2 2 0 0 0 2 2 0 2 2 0 1 0 2 2 2 2 2 2 0 2 0 0 0 2 2 2 2 2 0 2 2 0 2 0 0 2 0 0
100 0 2 2 2 2 2 2 2 0 0 2 2 2 2 2 2 0 2 2 0 2 2 2 2 2 2 2 2 2 2 2 2 2 2 2 2 2 2 0 0 2 2 2 2 0 2 2 0 2 0 2 2 2 2 2 2 0 2 2 2 2 2 2 2 2 2 2 0 2 2 2 2 2 2 0 2 2 2 2 2 2 2 2 2 2 0 2 2 0 2 0 0 0 2 0 2 2 2 2 2 2 2 2 2 2 2 0 2 2 2 2 2 2 2 2 2 2 2 2 2 0 2 2 2 2 2 2 2 2 2 2 2 2 2 0 0 2 2 2 0 0 2 0 2 0 0 2 0 2 2 2 0 2 0 2 0 2 0 1 2 2 2 2 0 0 2 2 2 2 2 0 2 0 2 2 2 2 0 2 2 2 2 2 2 2 2 2 2 2 0 1 2 2 2 1 0 0 2 2 1 0 0 0 2 0 2 2 2 2 2 0 2 2 0 2 2 0 2 2 2 2 2 0 2 2 2 2 0 2 0 0 2 2 2 2 0 2 2 2 2 2 0 2 0 0
101 0 0 0 0 0 2 2 2 2 0 0 0 0 0 0 0 0 2 0 2 0 0 0 0 2 0 0 0 2 0 0 0 2 0 0 0 0 0 0 2 2 2 0 2 0 0 2 0 2 2 0 0 2 2 0 0 2 0 0 2 0 2 0 0 0 0 0 0 2 2 0 2 0 2 0 0 0 0 0 0 2 0 0 0 0 2 0 0 2 0 0 0 0 0 0 2 2 0 2 0 2 0 0 0 0 0 0 0 0 0 0 0 0 0 2 0 2 2 0 2 0 2 0 2 0 2 2 0 2 0 2 0 2 2 0 0 0 0 2 2 0 2 0 0 0 2 0 0 1 0 0 0 0 0 0 0 2 0 0 0 0 2 0 0 0 0 0 2 0 0 0 0 0 2 0 0 2 0 0 2 2 2 2 0 0 0 0 0 0 2 1 2 0 2 0 0 2 0 0 0 0 0 0 0 0 2 0 0 2 0 0 2 0 0 0 0 0 0 0 2 0 0 0 0 2 0 2 0 2 0 0 0 2 0 2 2 0 2 0 0 2 2 0 2 0
102 2 2 0 2 2 2 2 2 0 2 0 2 2 2 0 2 2 2 0 0 0 2 2 2 0 2 0 2 2 0 2 2 2 2 2 1 2 2 0 0 2 2 0 2 2 0 2 2 2 0 2 2 2 2 2 2 2 2 0 2 2 2 2 2 2 2 2 0 2 2 0 2 2 2 2 0 0 2 0 2 2 2 2 2 2 2 0 2 2 2 0 0 2 2 2 2 0 2 2 0 2 0 2 2 0 0 0 2 2 2 2 2 2 0 2 0 2 0 2 2 0 0 2 2 2 2 2 2 2 2 0 2 2 2 0 0 2 2 2 2 2 2 0 2 2 2 2 0 1 0 2 2 2 0 2 2 2 2 1 2 2 0 2 2 2 0 2 1 2 2 2 2 2 2 2 2 2 0 2 2 2 2 2 0 2 2 2 0 2 2 2 2 2 2 1 2 2 2 2 1 0 2 2 2 0 2 2 2 2 2 2 2 0 2 0 2 2 1 2 2 2 0 0 2 0 2 2 2 2 2 2 2 2 0 2 2 0 2 2 2 2 2 2 2 0
103 2 2 0 2 0 2 2 2 2 2 2 2 0 2 0 0 2 0 0 2 2 2 2 2 0 0 2 2 0 0 2 2 0 0 2 2 2 2 2 2 0 0 2 1 2 0 2 2 0 2 2 2 2 1 2 2 2 2 0 2 2 2 0 2 2 0 2 0 2 2 2 0 2 2 2 0 0 2 2 2 2 2 2 2 2 2 0 2 2 2 0 2 0 0 2 0 0 0 2 0 0 0 2 0 2 2 0 2 2 2 0 2 0 0 2 0 2 2 0 0 2 2 0 2 0 2 0 0 2 0 0 2 2 0 0 0 2 0 2 2 2 2 0 2 2 2 2 2 1 2 2 2 2 0 0 0 2 2 2 2 2 2 2 0 2 2 0 1 2 2 2 2 0 2 0 0 2 0 2 2 2 2 2 2 2 2 2 0 2 2 2 2 2 2 2 2 2 0 2 2 0 2 2 2 0 2 0 2 2 2 2 2 0 2 0 2 2 0 0 2 2 0 0 0 2 2 2 2 0 2 2 0 2 0 2 2 0 2 0 2 2 2 2 0 0
104 2 0 0 2 2 2 2 2 2 2 2 2 2 2 2 2 2 0 2 2 2 2 2 2 2 2 2 2 0 2 2 2 0 0 2 2 2 2 2 2 2 0 2 2 2 0 2 2 2 0 2 2 2 2 2 2 2 2 0 2 2 2 2 2 2 2 2 2 2 2 2 2 2 2 2 2 0 2 2 2 2 2 2 2 2 2 0 2 2 2 2 2 2 2 2 0 2 2 2 0 2 2 0 2 2 2 2 0 0 0 2 2 2 2 2 2 2 2 2 0 2 2 2 2 2 2 2 2 2 2 2 2 2 0 0 2 2 2 0 2 2 2 2 2 0 2 2 2 2 2 2 2 2 2 2 2 0 2 2 2 2 2 2 2 2 2 2 2 2 2 2 2 2 2 2 2 0 2 2 2 2 2 2 2 2 2 2 2 2 2 2 2 2 2 2 2 2 2 2 2 2 2 2 2 0 0 2 2 2 2 2 2 0 0 2 2 2 2 2 2 2 2 2 2 2 0 2 2 2 2 2 2 2 0 2 2 2 2 2 2 2 2 2 2 2
105 2 2 0 2 2 2 2 2 2 2 2 2 2 2 2 2 2 2 2 0 0 0 2 2 2 2 2 0 2 2 2 0 2 0 2 1 2 2 2 2 2 2 0 2 2 0 2 2 2 2 2 0 2 2 2 2 2 2 0 2 2 2 2 2 2 2 2 2 2 2 2 2 2 2 2 2 0 2 2 2 2 0 2 2 2 2 0 2 2 2 0 2 2 0 2 2 2 0 2 0 2 2 2 2 2 2 2 2 2 2 2 2 2 2 2 2 2 2 2 2 2 2 0 2 2 2 2 2 2 2 2 2 2 2 2 2 2 2 2 2 2 2 2 2 2 2 0 2 2 2 2 2 2 2 2 2 2 2 2 2 2 2 2 0 2 2 2 2 0 2 2 2 2 2 2 2 2 2 2 2 2 2 2 2 0 2 2 2 2 0 2 2 2 2 2 2 2 2 2 2 0 2 2 2 2 2 2 2 2 2 2 2 0 2 2 2 2 1 2 2 2 2 2 2 2 0 2 2 2 2 2 2 2 2 2 2 2 2 2 2 2 2 2 2 2
106 0 0 2 2 0 0 0 0 0 0 2 2 0 0 0 2 0 0 0 2 0 2 0 0 0 0 0 2 0 0 0 2 0 2 0 1 0 0 0 0 2 0 0 0 0 2 0 0 2 2 0 0 0 0 0 0 0 0 2 0 0 0 0 0 0 0 0 0 2 0 0 0 0 0 0 0 2 2 0 0 0 0 2 0 0 0 2 0 0 0 0 0 0 0 0 0 0 0 0 2 2 0 0 0 0 2 0 0 0 0 0 2 0 0 0 0 0 0 0 0 0 0 0 0 0 0 2 0 2 0 0 0 2 0 0 2 0 0 2 2 0 0 2 0 0 2 0 0 0 2 0 0 0 0 0 0 0 0 0 0 2 0 2 0 0 0 0 0 0 0 0 0 0 2 0 0 2 0 0 0 0 0 0 0 2 2 0 0 0 0 0 0 0 0 0 0 0 0 2 0 0 0 0 2 0 2 0 2 0 0 0 0 2 0 2 0 0 2 0 0 0 2 0 0 0 2 0 2 0 0 0 0 0 0 0 0 2 0 0 0 0 0 2 2 0
107 2 2 0 0 0 0 0 2 0 2 2 0 0 2 2 2 0 2 2 0 0 0 0 2 2 2 2 0 2 2 0 0 2 2 2 1 0 0 2 2 2 2 0 0 2 0 0 2 2 0 0 0 0 0 0 0 2 0 0 0 0 0 0 2 2 0 0 2 2 0 0 0 0 0 0 2 0 0 2 2 0 0 2 2 0 2 0 2 2 2 0 2 2 2 2 2 2 0 2 0 2 2 2 0 2 2 2 2 2 2 0 2 0 0 0 0 0 2 0 2 0 0 2 0 0 0 0 2 2 2 2 2 2 2 0 0 0 2 2 0 2 0 0 2 0 2 0 2 1 2 0 2 0 2 0 0 2 0 1 0 2 2 2 0 0 2 0 2 0 0 2 0 2 2 0 0 2 2 0 0 0 0 0 2 0 2 0 2 2 2 1 0 2 0 2 2 0 0 2 2 2 0 2 0 0 2 0 2 0 2 0 0 0 0 2 0 2 1 0 2 0 2 2 0 2 2 0 0 2 0 2 2 0 2 0 2 2 0 0 2 0 2 0 2 2
108 2 2 2 2 2 2 2 2 2 2 2 2 2 2 2 2 2 2 2 2 2 0 2 2 0 2 2 0 2 2 2 0 2 2 2 2 2 2 2 2 2 2 2 2 2 2 2 2 2 2 2 0 0 2 2 2 2 2 2 2 0 2 2 2 2 2 2 2 2 2 2 2 2 0 2 2 2 2 2 2 2 2 2 2 2 2 2 2 2 2 0 2 2 2 2 2 0 2 2 2 2 2 2 2 2 0 2 2 2 2 2 2 2 2 2 2 2 0 2 2 2 2 2 2 2 2 2 2 2 2 2 2 2 2 2 2 2 0 2 2 2 2 2 2 0 2 0 2 1 0 2 2 2 2 2 0 2 2 2 0 0 2 2 2 2 2 0 0 2 0 2 0 0 2 0 2 2 2 0 2 0 0 2 2 0 0 2 2 2 2 2 0 2 0 2 0 0 2 2 2 0 2 2 2 2 2 2 2 2 0 2 2 2 0 2 2 2 2 2 0 2 2 2 2 2 2 0 2 2 2 2 2 2 2 2 2 2 2 2 2 2 2 2 2 2
109 0 2 0 0 0 0 0 0 2 0 0 0 0 2 0 0 2 0 2 0 2 0 0 2 0 2 2 0 0 2 0 0 0 0 2 2 0 0 0 2 2 0 0 0 0 0 0 0 0 2 0 0 2 2 0 0 2 0 0 0 0 0 0 0 0 0 0 0 0 0 0 0 0 2 2 2 0 0 0 0 0 2 0 0 0 2 0 0 0 2 2 0 0 2 2 0 0 0 0 0 2 2 2 0 0 0 0 0 2 2 0 0 0 0 0 0 0 0 2 0 0 2 0 0 0 0 0 2 2 2 0 0 2 0 0 2 0 0 0 2 0 2 2 0 0 2 0 2 0 0 0 2 0 0 0 2 0 2 0 0 2 0 2 2 2 2 0 0 0 0 0 0 2 0 0 0 0 0 0 0 2 2 0 2 0 2 0 0 0 0 0 2 0 2 0 2 0 0 2 0 0 2 0 0 0 0 0 2 0 2 2 0 0 0 0 0 0 2 0 0 0 2 0 0 0 0 2 2 0 0 0 0 0 2 0 0 2 0 2 2 0 0 2 2 0
110 2 2 2 2 2 0 2 0 2 2 2 2 2 2 2 2 0 2 2 2 2 2 0 2 0 0 0 2 2 2 2 2 2 2 2 0 0 0 2 0 2 2 2 2 2 2 2 2 2 2 0 2 2 2 0 0 0 0 2 2 2 2 2 2 2 2 0 2 0 0 2 2 0 2 0 2 2 2 2 2 0 0 2 2 2 0 2 2 2 2 0 2 2 2 2 2 2 2 0 2 2 2 2 0 2 2 2 2 0 2 2 2 0 2 2 2 0 2 2 2 2 2 2 2 0 2 2 0 2 0 2 2 2 2 0 2 0 0 2 2 2 0 0 0 2 2 2 2 1 2 2 2 2 2 2 2 2 2 0 2 2 0 2 0 2 0 0 1 2 2 0 2 0 2 0 0 2 2 2 2 2 0 0 0 2 2 0 2 0 2 2 2 2 0 0 0 2 2 2 2 2 2 0 2 0 2 0 2 2 2 2 2 2 2 2 0 0 2 0 2 2 2 2 0 0 2 2 2 2 2 2 2 2 0 2 2 2 2 2 0 0 0 2 2 2
111 2 2 2 2 2 2 2 0 2 2 2 2 2 2 2 2 2 2 2 2 2 2 2 2 2 2 2 2 2 2 0 2 2 0 2 2 2 2 2 2 2 2 2 2 2 2 0 2 0 2 2 2 2 2 2 2 2 2 2 2 2 2 2 2 2 2 2 2 0 2 0 2 2 2 2 2 2 2 0 0 2 2 0 0 2 2 2 2 2 2 2 2 2 2 2 2 2 0 0 2 2 2 2 2 2 0 2 2 2 2 2 0 2 2 2 2 2 2 0 2 2 2 2 2 2 2 2 2 2 2 0 0 2 2 2 2 2 2 2 2 2 2 2 2 2 2 2 2 2 0 2 2 2 2 2 2 2 0 2 2 0 2 2 2 2 2 2 2 2 2 2 2 2 2 2 2 2 2 2 2 2 2 2 2 2 2 2 2 2 2 2 2 2 2 1 2 0 2 2 2 0 2 2 2 2 2 2 2 0 2 2 2 2 2 2 2 2 2 2 2 2 2 2 2 2 0 2 2 0 2 2 2 2 2 2 2 0 2 0 2 2 2 2 2 2
112 0 0 0 0 0 0 0 0 0 0 0 0 0 0 0 0 0 0 0 0 0 0 0 0 0 0 0 0 0 0 0 0 0 0 0 0 0 0 0 0 0 0 0 0 0 0 0 0 0 0 0 0 0 0 0 0 0 0 0 0 0 0 0 0 2 0 0 0 0 0 0 0 0 0 0 0 0 0 0 0 0 2 0 0 0 0 0 0 0 0 0 0 0 0 0 0 0 0 0 0 2 2 0 0 0 2 0 0 2 0 0 0 2 0 0 2 0 0 0 0 0 0 0 0 0 0 0 0 0 0 0 0 0 0 0 0 0 0 0 0 0 2 0 0 0 2 0 0 0 2 0 0 0 0 0 0 0 2 0 2 0 0 0 0 2 0 0 0 2 2 0 0 2 0 0 0 0 0 2 0 2 2 0 0 0 0 0 0 0 0 0 2 0 2 0 0 0 0 0 0 0 0 2 0 0 0 0 0 0 0 0 0 0 0 0 0 2 0 0 0 2 0 0 0 0 0 2 2 0 0 2 0 0 0 0 0 0 0 0 2 0 0 0 2 0
113 2 2 0 2 2 2 2 2 2 2 2 2 2 2 2 2 2 0 2 2 2 2 2 2 2 2 2 2 0 2 2 2 2 2 2 2 2 2 2 2 2 2 2 2 2 0 2 2 2 2 0 2 2 2 2 2 2 2 0 2 2 0 2 2 2 2 2 2 2 2 2 2 2 2 2 2 0 2 2 2 2 2 2 2 2 2 0 2 2 2 2 2 2 2 2 2 2 2 2 0 2 2 2 2 2 2 2 2 2 2 2 2 2 2 1 0 2 2 2 2 0 0 2 2 2 2 2 2 2 2 2 2 2 2 2 2 2 2 2 2 2 2 2 2 2 2 2 2 2 2 2 2 2 2 2 2 2 2 2 2 2 2 2 2 2 2 2 2 2 2 2 2 2 2 2 2 2 2 2 2 2 2 2 2 2 2 2 2 2 2 2 2 2 2 2 2 2 2 2 2 2 2 2 2 2 2 2 2 2 2 2 2 0 2 2 2 2 2 2 2 2 2 2 2 2 2 2 2 2 2 2 2 2 2 2 2 2 2 2 2 2 2 0 2 2
114 2 2 2 2 2 2 0 2 2 2 0 2 2 2 2 2 2 2 2 0 2 2 2 2 2 2 2 2 2 2 2 2 0 2 2 2 2 2 0 0 2 0 0 2 2 2 2 2 2 2 2 0 2 2 2 2 2 2 2 2 2 2 2 2 2 2 2 2 2 2 2 2 0 2 2 2 2 2 0 0 2 2 0 2 2 2 2 0 0 2 2 0 2 0 2 0 2 2 2 2 2 2 2 2 0 2 0 2 2 2 2 0 2 2 2 2 2 2 2 0 2 2 0 2 0 0 2 0 0 2 2 0 2 0 2 2 2 2 0 2 2 2 2 0 2 2 0 2 2 2 2 2 0 2 2 2 0 2 1 0 2 2 0 2 2 2 2 1 2 0 2 2 2 0 2 2 0 2 0 2 2 2 2 2 2 2 2 2 2 0 1 2 0 2 1 2 2 0 0 1 0 2 2 2 2 0 2 0 2 0 2 0 2 2 2 2 2 2 2 0 2 2 2 2 2 0 2 2 0 2 2 2 2 2 0 2 0 2 2 2 2 2 2 2 0
115 2 2 2 2 2 2 2 2 2 2 2 2 2 2 2 2 2 2 2 2 2 2 0 2 2 2 2 2 2 2 2 2 2 2 2 2 0 0 2 2 2 2 2 2 2 2 2 2 2 2 2 2 2 2 0 0 0 0 2 0 2 2 2 2 2 2 0 2 0 2 2 2 2 2 2 2 2 2 0 2 2 2 2 2 2 2 2 2 2 2 2 2 2 0 2 2 2 2 2 2 2 2 2 0 2 2 2 2 2 2 2 2 2 2 2 2 2 0 2 2 2 2 2 2 2 2 2 2 2 2 2 0 2 2 2 2 2 2 2 2 2 2 2 0 0 2 2 2 2 2 2 2 2 2 2 2 2 2 1 2 0 2 2 2 2 2 2 2 2 2 2 2 2 2 2 2 2 2 2 2 2 2 2 2 2 2 2 2 0 2 2 2 2 2 2 2 2 2 2 2 2 2 2 2 2 2 2 2 2 2 2 0 2 0 2 2 2 2 0 2 2 2 2 2 2 2 2 2 2 2 2 2 2 2 0 2 2 2 2 2 2 2 2 2 2
116 0 0 2 0 0 2 0 0 2 0 2 0 0 0 2 0 2 2 2 2 2 0 0 0 2 2 2 0 2 2 2 0 2 0 0 1 0 0 2 2 0 2 0 2 0 2 0 0 2 2 2 0 2 0 0 0 0 0 2 2 0 0 0 0 0 0 0 0 0 0 0 0 2 2 2 2 2 0 0 2 2 0 0 2 2 0 2 2 2 0 2 2 2 0 0 2 2 2 0 2 0 2 0 2 2 0 0 0 0 0 0 0 2 0 0 2 2 0 0 2 0 2 2 2 2 0 2 0 0 2 0 0 0 2 0 2 2 0 0 2 0 2 2 0 0 0 0 0 2 0 0 0 0 0 0 0 2 2 1 0 0 2 0 2 0 0 0 1 2 0 2 2 2 0 0 0 0 0 0 0 2 0 2 2 0 0 2 0 0 2 0 2 2 0 2 0 0 0 0 2 2 2 2 2 0 0 2 0 0 0 0 0 2 0 2 0 2 2 0 0 2 2 0 0 2 0 2 0 0 2 0 0 0 0 0 2 0 0 0 2 2 2 2 0 0
117 0 0 0 0 0 0 0 0 0 0 0 0 0 0 0 0 2 0 0 0 0 0 0 0 0 0 0 0 0 0 0 0 0 2 0 0 2 2 0 2 0 0 0 0 0 0 0 0 0 0 0 0 0 0 0 0 0 2 0 2 0 0 0 0 0 0 2 0 0 2 0 0 2 0 2 0 0 0 2 0 0 0 2 2 0 0 0 0 0 0 0 0 2 0 0 0 0 0 0 0 0 0 0 2 0 2 0 0 0 0 0 2 0 0 0 0 0 0 0 0 0 0 0 0 2 0 0 0 0 0 0 0 0 0 2 0 0 0 0 0 0 0 0 2 0 0 0 0 0 2 2 0 0 0 2 0 0 0 1 0 0 0 2 0 0 0 0 0 0 0 0 0 0 0 0 0 0 0 0 0 0 0 0 0 0 0 0 0 0 0 1 0 0 0 1 0 1 0 0 0 0 0 0 0 2 0 0 0 0 0 0 2 0 0 0 0 0 0 2 0 0 0 0 0 0 2 0 0 0 2 0 0 0 0 2 0 2 0 0 0 0 0 0 0 0
118 0 0 0 0 0 0 0 0 2 2 0 0 0 0 0 0 0 0 0 0 0 0 0 0 0 0 0 0 0 0 0 0 0 0 0 0 0 0 0 0 0 0 2 0 2 0 0 0 0 0 2 0 0 0 0 0 0 0 0 0 0 0 0 0 0 0 0 0 2 0 0 2 0 0 0 0 0 0 0 0 0 0 0 0 0 0 0 2 0 0 0 0 0 0 0 0 0 0 0 0 0 0 0 0 0 0 0 0 0 0 0 0 2 0 0 0 0 2 2 0 2 0 2 0 0 0 0 0 0 0 0 0 0 0 0 0 0 0 0 0 0 0 0 0 0 0 0 0 0 0 0 0 0 0 0 0 0 0 0 0 0 0 0 0 0 0 0 0 0 0 0 0 0 0 0 0 0 0 0 0 0 0 0 0 2 0 0 0 0 2 1 0 2 0 1 0 0 2 0 0 0 0 0 0 0 0 0 0 0 0 0 0 0 0 0 0 0 1 0 0 2 0 0 0 0 0 0 0 0 0 0 0 0 1 0 0 0 0 2 0 0 0 0 0 0
119 2 0 2 2 0 2 0 2 2 2 2 2 0 2 2 2 2 2 2 2 0 2 0 2 2 2 2 2 2 2 2 2 2 0 0 1 0 0 2 0 2 2 0 0 2 2 0 2 0 2 2 2 2 2 0 0 0 0 2 2 0 2 0 0 0 0 0 2 2 0 2 0 0 2 2 2 2 2 0 2 0 2 0 0 2 0 2 2 0 0 2 2 0 0 0 2 2 2 2 2 0 0 0 0 0 0 2 0 0 0 0 0 2 2 2 2 2 2 0 2 2 0 2 0 0 0 2 2 0 2 0 0 2 2 2 2 2 0 2 2 2 2 2 0 0 0 2 0 2 0 0 2 0 0 0 0 2 2 1 0 2 2 2 2 0 0 0 1 0 0 2 2 2 2 0 0 2 0 0 2 2 2 2 2 0 0 0 2 2 2 1 2 2 2 2 0 0 2 0 0 2 2 2 2 2 2 2 0 0 0 2 0 2 0 2 2 2 2 0 0 0 2 2 0 2 0 2 0 0 0 2 2 2 0 0 2 2 2 0 0 2 2 0 0 2
120 2 2 2 0 2 2 2 2 2 0 2 0 2 0 2 2 2 0 2 2 2 0 2 0 2 2 2 0 0 2 0 0 2 2 2 2 2 2 2 0 0 2 2 2 0 2 0 2 2 2 2 2 2 2 2 2 2 2 2 0 0 0 2 2 2 2 2 2 2 2 0 2 2 2 2 2 2 0 2 2 2 2 2 2 2 2 2 2 2 2 2 2 2 2 2 2 2 0 2 2 2 2 2 2 2 0 2 2 2 2 2 2 2 2 2 2 2 2 2 2 2 2 0 2 2 2 2 2 2 2 2 2 2 2 2 2 2 2 2 2 2 2 2 2 2 2 2 2 2 0 2 2 2 2 2 2 2 2 2 2 2 2 2 2 2 2 2 2 2 2 2 2 2 2 2 2 2 2 2 0 2 2 2 2 2 2 2 2 2 2 2 2 2 2 0 2 2 2 2 1 0 2 2 2 2 2 2 2 0 2 2 2 2 2 2 2 2 2 2 2 2 2 2 2 2 2 2 2 2 2 2 2 0 2 2 2 0 0 2 2 2 2 2 2 2
121 0 0 2 0 0 0 2 2 0 0 0 0 0 0 0 0 0 0 0 0 0 0 0 0 0 0 0 0 0 0 0 0 0 0 0 0 0 0 0 0 0 0 0 2 0 2 0 0 2 2 0 0 0 0 0 0 0 0 2 0 0 0 0 0 0 0 0 2 0 0 0 0 2 0 0 0 2 0 0 0 0 0 0 2 0 0 2 0 0 0 0 0 0 0 0 0 0 0 2 2 2 0 0 0 0 0 2 0 2 0 0 0 2 0 0 2 0 2 2 0 2 0 0 2 2 2 0 0 2 0 2 0 0 0 0 0 0 0 0 0 0 0 0 0 0 0 0 0 0 0 0 0 0 0 0 0 0 0 0 0 0 0 0 0 0 0 0 0 0 0 0 0 0 0 0 0 0 0 0 0 0 0 0 0 0 0 0 0 0 0 0 0 0 0 0 0 0 2 2 0 0 0 2 0 0 0 0 2 0 0 0 0 2 0 0 0 2 0 0 0 0 0 2 0 0 0 0 2 0 0 0 0 0 0 0 0 0 0 2 0 0 0 0 0 2
122 2 2 2 2 2 2 2 2 2 2 2 2 2 2 2 2 2 2 2 2 2 2 0 2 2 2 2 2 2 2 2 2 2 2 2 2 0 0 2 2 2 2 2 2 2 2 2 2 2 2 2 2 2 2 0 0 2 0 2 2 2 2 2 2 2 2 0 2 2 2 2 2 2 2 2 2 2 2 0 2 2 0 2 2 2 2 2 2 2 2 2 2 2 2 2 2 2 2 2 2 2 2 2 0 2 2 2 2 2 2 2 2 2 2 2 2 2 2 2 2 2 2 2 2 2 2 2 2 2 2 2 2 2 2 2 2 2 2 2 2 2 2 2 0 2 2 2 2 2 2 2 2 2 2 2 2 2 2 1 2 2 2 2 2 2 2 2 2 2 2 2 2 2 2 2 2 2 2 2 2 2 2 2 2 2 0 0 2 2 2 2 2 2 2 2 2 2 2 2 2 2 2 2 0 2 2 0 2 2 2 2 2 2 2 2 2 2 2 0 2 2 2 2 2 2 2 2 2 2 2 2 2 2 2 2 2 2 2 2 2 2 2 2 2 2
123 0 0 0 0 0 0 0 2 0 0 0 2 0 0 0 0 0 0 0 0 0 0 0 0 2 0 0 0 0 0 0 0 0 0 0 0 0 2 0 0 0 0 0 0 0 0 0 0 0 0 0 0 0 2 0 0 0 2 0 0 0 0 0 2 0 0 2 0 0 0 0 0 0 0 0 0 0 2 0 0 2 0 0 0 0 0 0 0 0 0 0 0 0 0 0 0 0 0 2 0 0 0 0 0 0 0 0 0 0 0 0 0 0 0 0 0 0 0 0 0 0 0 0 0 0 0 0 0 0 0 0 0 0 0 0 0 0 0 2 0 0 0 0 0 2 0 0 0 1 0 0 0 0 0 0 0 0 0 0 0 0 0 2 0 0 0 0 2 0 0 0 0 0 0 0 0 2 0 0 0 0 0 0 0 0 0 0 0 0 0 0 0 0 0 0 0 0 0 0 0 0 0 0 0 0 0 0 0 0 0 0 0 0 2 0 0 0 0 0 2 0 0 0 0 0 0 0 0 0 2 0 0 0 0 0 0 0 0 0 0 0 0 0 0 0
124 2 2 2 2 0 2 2 2 2 2 2 2 0 0 2 2 2 2 0 2 0 2 2 0 2 2 2 2 2 0 2 2 2 2 2 2 2 2 0 0 2 2 0 2 2 2 2 2 2 0 2 0 2 2 2 2 0 2 2 2 2 2 2 2 0 0 2 2 2 2 0 2 2 2 2 0 2 2 2 2 2 2 0 2 0 2 2 2 2 2 2 0 0 0 2 2 2 2 2 2 2 2 2 2 2 2 2 2 2 2 2 0 2 2 0 2 2 2 2 2 0 2 2 2 0 2 2 2 2 2 2 0 2 2 2 2 2 2 2 2 2 2 0 2 2 2 0 2 2 1 2 2 0 2 0 2 0 2 2 2 2 2 2 2 2 2 2 2 0 2 0 2 2 2 2 2 2 2 2 0 2 2 2 2 0 2 2 2 2 0 0 2 2 2 2 2 2 2 0 2 2 0 2 2 2 2 2 0 2 2 2 2 2 2 2 2 2 2 2 2 2 2 2 2 2 0 2 2 2 2 2 2 0 2 2 2 2 0 2 2 2 2 2 2 2
125 2 0 2 2 2 2 0 2 2 2 2 2 2 0 2 2 2 2 0 2 0 0 2 0 2 2 2 0 2 0 2 0 2 2 2 2 2 2 2 2 2 2 0 0 2 2 2 2 2 2 2 0 0 2 2 2 2 2 2 0 2 0 2 0 2 2 2 2 2 0 2 2 0 0 2 0 2 2 0 2 2 0 0 0 0 2 2 2 2 2 2 2 0 0 2 2 0 2 2 2 0 2 0 2 2 2 0 2 2 2 2 0 0 2 2 2 2 0 2 2 2 2 0 0 2 0 2 2 2 0 0 2 0 2 2 2 2 2 0 0 2 2 2 0 2 0 0 2 2 2 0 0 0 0 0 2 0 2 0 0 0 0 2 2 2 2 2 1 2 0 0 2 2 2 2 2 0 0 0 0 2 2 2 2 0 0 2 2 0 2 1 2 2 0 2 2 2 0 2 2 2 2 2 2 2 2 0 2 2 2 2 0 2 2 0 2 2 2 0 0 2 2 2 0 0 2 2 2 2 2 2 2 0 2 0 2 0 0 2 2 2 2 2 2 0
126 2 2 2 2 2 2 2 2 2 2 2 0 2 2 2 2 2 2 2 2 2 2 2 2 2 2 2 2 2 2 2 2 2 2 2 2 2 2 2 2 0 2 2 0 2 2 2 2 2 2 2 2 2 2 2 2 2 2 2 2 2 2 2 0 0 2 2 2 2 2 2 2 2 2 2 2 2 0 2 2 2 2 0 2 2 2 2 2 0 2 2 2 2 2 2 2 2 2 2 2 2 2 2 2 2 2 2 0 2 2 2 0 2 2 2 2 2 2 2 2 2 2 2 0 2 2 2 2 2 2 2 2 2 2 2 2 2 2 0 2 2 2 0 2 0 2 2 2 2 2 2 0 2 2 2 2 2 2 2 2 2 2 2 2 2 2 2 1 0 2 2 2 2 0 2 2 0 2 2 2 0 2 2 2 2 2 2 2 2 2 2 0 2 2 2 2 2 2 0 1 2 0 2 2 2 2 2 0 2 2 2 2 2 0 2 2 2 2 2 0 2 2 2 2 2 2 0 2 0 0 2 2 2 2 2 2 2 2 2 2 2 2 0 2 2
127 2 2 2 2 2 2 2 2 2 2 2 0 2 2 2 2 2 2 2 2 2 2 2 2 2 2 2 2 2 2 2 2 2 2 2 2 2 2 2 2 0 2 2 0 2 2 2 2 2 2 2 2 2 2 2 2 2 2 2 2 2 2 2 0 0 2 2 2 2 2 2 2 2 2 2 2 2 0 2 2 2 2 0 2 2 2 2 2 0 2 2 2 2 2 2 2 2 2 2 2 2 2 2 2 2 2 2 0 2 2 2 0 2 2 2 2 2 2 2 2 2 2 2 0 2 2 2 2 2 2 2 2 2 2 2 2 2 2 0 2 2 2 0 2 0 2 2 2 2 2 2 0 2 2 2 2 2 2 2 2 2 2 2 2 2 2 2 1 0 2 2 2 2 0 2 2 0 2 2 2 0 2 2 2 2 2 2 2 2 2 2 0 2 2 2 2 2 2 0 1 2 0 2 2 2 2 2 0 2 2 2 2 2 0 2 2 2 2 2 0 2 2 2 2 2 2 0 2 0 0 2 2 2 2 2 2 2 2 2 2 2 2 0 2 2
128 2 2 2 0 1 2 2 2 2 2 2 2 2 2 2 2 2 2 2 2 2 2 2 2 2 2 2 2 2 2 2 2 2 2 2 2 2 2 2 2 0 2 2 2 2 2 2 2 2 2 0 2 2 2 2 2 2 2 2 2 0 2 2 0 2 2 2 2 2 2 2 2 2 2 2 2 2 2 2 2 2 2 2 2 2 2 2 2 2 2 2 2 2 2 2 2 2 2 2 2 2 2 2 2 2 0 2 2 2 2 2 2 2 2 2 2 2 2 2 2 2 2 2 2 2 2 0 0 2 2 0 2 2 2 2 2 2 2 2 2 2 2 2 2 2 2 2 2 2 2 2 2 2 2 2 2 2 2 2 2 2 2 2 2 2 2 2 2 2 2 2 2 2 2 2 2 2 2 2 2 0 2 2 2 2 2 2 2 2 2 2 0 2 2 2 2 2 2 2 2 2 2 2 2 2 2 2 2 2 2 2 2 2 2 2 2 2 2 2 2 2 2 2 2 2 2 0 2 2 2 2 2 2 2 2 2 0 2 2 2 2 2 2 0 2
129 2 2 2 2 2 0 2 2 2 2 2 2 2 2 2 2 2 2 2 2 2 2 2 2 2 2 2 2 2 2 2 2 2 2 2 2 0 2 2 2 2 2 2 2 2 2 2 2 2 2 2 2 0 2 2 2 2 2 2 2 2 2 0 2 2 2 2 2 2 2 2 2 2 0 2 2 2 2 2 2 2 2 2 2 2 2 2 2 2 2 2 2 2 2 2 2 0 2 2 2 0 2 2 2 2 2 2 2 2 2 2 2 2 2 2 2 2 2 2 2 2 2 2 2 2 2 2 0 2 2 2 2 2 2 2 2 2 2 2 2 2 2 2 2 2 2 2 2 1 2 2 2 2 0 2 0 2 2 2 2 2 2 2 2 2 2 2 2 2 2 2 2 2 2 2 2 2 0 2 2 2 2 2 2 2 2 2 2 0 2 2 2 2 2 2 2 0 2 2 2 2 2 2 2 2 2 2 2 2 2 2 2 2 2 2 0 2 2 2 2 2 2 2 2 2 2 2 2 2 2 2 2 2 2 2 2 2 2 2 2 2 2 2 2 2
130 2 2 2 2 2 2 2 2 2 2 2 2 2 2 2 2 2 2 2 2 2 2 2 2 0 2 2 2 2 2 2 2 2 2 2 2 2 2 2 2 2 2 2 0 2 2 2 2 2 2 2 2 2 2 2 2 2 2 2 2 2 2 2 2 2 2 2 2 0 2 2 2 2 2 2 2 2 2 2 2 2 2 2 2 0 2 2 2 2 2 2 2 1 2 0 2 2 2 2 2 2 2 2 2 2 2 2 2 0 2 2 2 2 2 2 2 2 2 2 2 2 2 2 0 0 1 0 2 2 2 2 2 2 2 2 2 0 2 2 2 2 0 0 2 2 2 2 2 1 2 2 2 2 2 2 2 2 2 2 2 2 2 2 2 2 2 2 1 2 2 2 2 0 0 2 2 2 2 2 2 2 2 2 2 2 2 2 2 2 2 2 2 2 2 2 2 2 2 0 2 2 2 2 2 2 2 2 0 2 2 2 2 2 2 2 2 2 2 2 2 2 2 2 2 2 0 2 2 2 2 0 2 2 2 2 2 2 2 2 2 2 2 2 2 2
131 0 0 0 0 0 0 0 0 0 0 0 0 0 0 0 2 0 0 0 2 0 0 0 0 0 2 0 0 0 0 0 0 0 2 0 0 0 0 0 0 0 0 0 0 0 0 0 0 0 0 0 0 0 0 0 0 0 0 0 0 0 0 0 0 0 0 0 0 2 2 0 0 0 0 0 0 0 0 0 0 0 0 0 0 0 0 0 0 0 0 0 0 0 0 0 0 0 0 0 0 0 0 0 0 0 0 0 0 0 0 0 0 0 0 0 0 0 0 0 0 0 0 0 0 0 0 0 0 0 0 0 0 0 0 0 0 0 0 2 0 0 0 0 0 0 0 0 0 0 2 0 0 0 0 0 0 2 0 0 2 2 0 0 0 0 0 0 1 0 2 0 0 0 0 0 0 2 0 2 0 0 0 0 0 0 0 0 2 0 0 0 0 0 0 0 0 0 0 0 0 0 0 0 0 0 0 0 0 0 0 0 0 0 0 2 0 0 1 2 2 0 2 0 0 0 0 0 0 0 0 0 0 0 0 0 0 0 0 0 0 0 0 0 0 0
132 2 2 2 2 2 2 2 2 2 2 2 2 2 2 2 2 2 2 2 2 2 2 2 2 2 2 2 2 2 2 2 2 2 2 0 2 2 2 2 2 2 2 2 2 2 2 2 2 2 2 2 2 2 2 2 2 2 2 2 2 2 2 2 2 2 2 2 2 0 0 2 2 2 2 2 2 2 2 2 2 2 2 2 2 2 2 2 2 2 0 2 2 2 2 2 2 2 2 2 2 0 2 2 2 2 2 0 2 2 2 2 2 2 2 2 2 2 2 2 2 2 2 2 2 2 2 2 0 2 2 2 2 2 2 2 2 2 2 2 2 2 2 2 2 2 0 2 2 2 2 2 2 2 2 2 2 2 2 2 2 2 2 2 0 2 2 2 2 2 2 2 0 2 2 2 2 2 2 2 2 2 2 2 2 2 2 2 2 2 2 2 2 2 2 2 2 0 2 2 2 2 2 2 2 2 0 2 2 2 2 2 2 2 2 0 2 2 2 0 2 2 2 2 2 2 2 2 0 2 2 2 2 2 2 2 2 2 2 2 2 2 2 2 2 0
133 2 0 0 2 0 0 2 0 0 2 0 0 0 0 2 2 2 0 0 0 0 0 2 0 0 0 2 0 0 0 0 0 2 0 0 1 2 0 2 0 0 2 0 0 2 0 0 2 0 0 2 0 0 0 2 2 2 0 0 0 0 2 2 0 0 0 0 0 0 0 0 2 0 0 2 0 0 0 2 2 0 2 0 2 0 2 0 2 0 2 2 2 0 2 0 2 0 0 0 0 0 2 0 0 0 2 0 0 2 2 2 0 0 2 0 0 0 0 0 2 0 0 0 0 0 2 2 0 0 0 0 0 2 2 2 2 2 2 0 2 2 2 2 2 0 1 0 0 1 2 2 0 0 0 0 2 2 2 2 0 2 0 0 0 2 2 2 0 0 0 0 1 2 2 2 0 0 1 0 0 2 2 2 2 0 0 2 2 0 0 1 2 2 0 1 2 0 0 2 0 0 2 2 2 2 1 2 2 0 0 0 2 0 0 0 2 2 1 0 0 2 0 0 0 0 2 2 1 0 2 2 2 0 2 2 2 2 0 0 0 0 2 2 0 0
134 2 2 2 2 2 2 2 0 2 2 2 2 2 2 2 2 2 2 2 2 2 2 2 2 2 2 2 2 2 2 2 2 2 2 2 1 2 2 2 2 2 2 2 2 2 2 2 2 2 2 2 2 0 2 2 2 2 2 2 2 2 2 2 0 2 2 2 2 2 2 2 2 2 0 2 2 2 2 2 2 2 2 2 2 2 2 2 2 2 2 2 2 2 2 0 2 0 2 0 2 2 2 2 2 2 2 2 2 2 2 2 2 0 2 0 2 2 2 2 2 0 2 2 2 2 2 2 2 0 2 0 2 2 2 2 2 2 2 2 2 2 2 2 2 2 2 2 2 2 2 2 2 2 0 2 2 2 2 2 2 2 2 2 2 2 2 2 2 2 2 2 2 2 2 2 2 2 0 2 2 2 2 2 2 0 0 2 2 0 2 2 2 2 2 2 2 2 2 2 2 2 2 2 2 2 2 2 2 2 2 2 2 2 2 2 2 2 2 2 2 2 2 2 2 2 2 2 2 0 2 2 2 2 2 2 2 2 2 2 2 2 2 2 2 2
135 0 0 0 0 0 0 0 2 0 0 0 0 0 0 2 0 0 0 0 0 0 0 0 0 0 0 0 0 0 0 0 0 0 0 0 0 0 2 0 0 0 0 0 0 0 0 0 0 0 0 0 0 2 0 0 0 0 2 0 0 0 0 0 0 0 0 2 0 2 0 0 0 0 2 0 0 0 0 0 0 0 2 0 0 0 0 0 0 0 0 0 0 0 0 0 0 0 0 2 0 0 0 0 0 0 0 0 0 0 0 0 0 0 0 0 0 0 0 0 0 0 0 0 0 0 0 0 0 0 0 0 0 0 0 0 0 0 0 0 0 0 0 0 0 0 0 0 0 1 0 0 0 0 2 0 0 0 0 0 0 2 0 0 0 0 0 0 0 0 0 0 0 0 0 0 0 0 2 0 0 0 0 2 0 0 0 0 0 2 0 0 0 0 0 0 0 0 0 0 0 0 0 0 0 0 0 0 0 0 0 0 0 0 0 0 0 0 0 0 0 0 0 0 0 0 0 0 0 0 2 0 0 0 0 0 0 0 0 0 0 0 2 0 0 0
136 0 2 2 2 2 0 2 2 2 0 2 2 2 2 2 2 2 2 2 2 2 2 0 2 2 2 2 2 2 2 2 2 2 2 2 2 2 2 2 2 2 2 2 2 0 2 2 0 2 2 2 0 2 2 0 0 2 2 2 2 2 0 2 2 2 2 2 2 2 2 2 2 2 2 2 2 2 2 2 2 2 2 2 2 2 2 2 2 0 2 2 2 2 2 2 2 2 2 2 2 2 2 2 2 0 2 2 2 2 2 2 2 2 0 2 2 2 2 2 2 2 2 2 2 2 2 2 2 2 2 2 2 2 2 2 2 2 2 2 2 0 2 2 2 0 2 0 2 1 2 2 2 2 2 2 2 2 2 2 2 2 2 2 2 2 2 2 2 2 2 2 2 2 2 2 2 2 2 2 2 2 2 2 2 2 2 2 2 2 2 1 2 2 2 2 2 2 2 2 0 2 2 2 0 2 2 2 2 2 2 2 2 2 0 2 2 2 2 2 2 2 2 2 2 2 2 2 2 2 2 2 2 2 2 2 2 2 2 2 2 2 2 2 2 2
137 2 2 2 2 2 2 0 2 2 2 2 2 2 2 2 2 2 2 2 2 2 2 2 2 2 2 2 2 2 2 2 2 2 2 2 2 0 2 2 2 2 2 2 2 2 2 2 2 2 2 2 2 2 2 2 2 2 2 2 2 2 2 0 2 2 2 2 2 2 2 2 2 2 2 2 2 2 2 2 2 2 2 2 0 2 2 2 2 2 2 2 2 0 2 2 2 2 2 2 2 2 2 2 2 2 2 2 2 2 2 0 2 2 2 2 2 2 2 2 2 2 2 2 2 2 0 2 2 2 2 2 2 2 2 2 2 2 2 2 2 2 2 2 2 2 2 2 2 2 2 0 2 2 2 2 2 2 2 2 2 2 0 2 2 2 0 2 2 2 2 2 2 2 2 2 2 2 2 2 2 2 2 2 2 2 2 2 2 2 2 2 2 2 2 2 2 2 2 2 2 2 2 0 2 2 2 2 2 2 2 2 2 2 2 2 2 0 2 2 2 2 2 2 2 0 2 2 2 2 2 2 2 2 2 2 2 2 2 2 2 2 2 2 2 2
138 0 0 0 0 2 2 0 0 0 0 0 0 2 0 2 2 0 0 2 2 2 0 0 0 0 2 0 0 0 2 0 0 0 0 0 0 0 0 2 0 0 0 0 2 0 0 0 0 0 0 0 0 0 0 0 0 0 0 0 0 0 0 0 0 2 2 0 2 0 0 0 0 0 0 0 2 0 0 0 0 2 0 0 0 0 0 0 0 0 0 0 2 0 0 0 0 0 0 0 0 2 0 0 0 0 0 0 0 0 2 2 0 0 0 0 2 2 0 0 0 0 0 0 2 0 0 0 2 0 0 2 0 0 0 0 0 0 2 0 0 0 0 0 0 2 2 0 2 1 0 0 0 0 0 0 0 2 0 0 0 2 0 0 2 0 0 0 0 2 0 0 2 0 0 0 0 0 0 0 0 0 0 2 0 0 0 0 2 0 0 0 0 0 0 1 0 0 0 0 0 2 0 2 0 0 2 0 0 0 2 2 0 0 2 0 0 2 1 0 0 0 2 2 0 0 0 0 2 2 0 0 2 0 0 0 2 0 0 0 0 2 0 2 0 0
139 2 2 2 2 2 2 0 0 2 2 2 2 2 2 2 2 2 2 0 2 2 2 0 2 2 0 0 2 2 0 2 2 2 2 0 1 2 0 2 2 2 2 2 2 2 2 2 2 2 2 2 2 0 2 0 0 2 0 2 2 2 2 0 2 2 2 0 2 2 2 2 2 2 0 2 0 2 2 2 2 2 0 2 0 0 0 2 2 2 0 2 2 0 2 2 2 2 2 0 2 2 2 2 2 2 2 2 2 2 0 2 2 2 2 2 2 2 2 2 2 2 2 2 2 2 0 2 2 2 2 2 2 2 2 2 0 2 2 2 2 2 2 0 2 2 2 2 2 2 2 0 2 2 0 2 2 0 2 2 2 0 2 2 2 2 2 2 2 2 2 2 2 2 2 2 2 2 0 2 2 2 2 2 0 2 2 2 2 0 2 1 2 2 2 2 0 2 2 2 2 2 2 2 0 2 2 0 2 2 2 2 2 2 2 2 2 2 1 2 2 2 0 2 2 2 2 2 2 2 0 0 2 2 2 2 2 2 2 2 2 2 0 2 0 2
140 2 2 2 2 2 0 0 2 2 2 0 2 2 2 0 2 0 0 2 0 2 2 0 2 0 2 2 2 0 2 2 2 2 2 2 1 0 2 2 2 2 2 2 0 2 2 2 2 2 2 2 0 2 0 0 0 2 2 2 2 0 2 0 2 2 2 2 0 2 0 2 2 2 2 0 2 2 2 0 2 0 2 0 0 2 2 2 0 0 2 0 2 0 0 0 2 2 2 2 2 0 0 2 2 0 2 2 2 2 0 2 0 0 2 0 2 2 2 2 2 0 2 2 0 0 0 0 2 2 0 2 2 2 2 2 2 0 2 0 0 2 0 2 2 0 0 0 2 0 0 0 0 2 2 2 0 2 0 2 2 2 2 2 0 0 0 2 0 0 2 2 2 0 0 2 0 0 2 2 2 0 2 0 2 0 0 2 2 2 0 0 0 0 0 1 2 0 2 0 0 2 0 2 0 2 0 0 0 2 2 2 2 2 0 0 0 2 2 0 0 0 2 0 2 2 0 0 2 2 2 2 2 2 2 2 2 2 2 2 2 2 2 2 2 2
141 2 0 2 2 0 2 0 0 2 2 2 2 0 2 2 0 2 2 0 2 2 2 0 2 0 0 0 2 2 0 2 2 0 0 0 2 2 0 0 2 0 0 0 2 2 2 0 2 2 2 0 2 0 2 0 0 2 0 2 2 2 2 0 0 0 0 0 2 2 2 0 0 0 0 2 0 2 2 2 0 2 0 0 0 0 0 2 2 2 0 2 0 0 2 2 0 0 0 0 2 2 2 0 2 2 0 2 2 0 0 2 0 2 2 2 0 0 0 0 0 2 2 2 2 0 1 2 2 0 0 1 0 2 0 0 0 2 0 2 2 2 2 0 0 2 2 2 0 1 1 0 2 0 0 0 2 0 2 0 0 0 0 0 2 2 2 0 2 2 0 0 2 2 0 0 2 2 0 0 2 2 0 2 0 2 2 2 0 0 2 1 2 2 2 2 0 2 0 2 2 0 2 0 0 0 2 0 2 0 0 0 0 2 2 2 2 0 0 2 2 2 0 2 0 0 0 2 2 0 0 0 0 2 0 0 0 0 2 0 2 0 0 0 0 2
142 2 2 2 2 2 2 2 2 2 2 2 2 2 2 0 2 0 2 2 2 2 2 2 2 2 2 2 2 2 2 2 2 2 2 2 2 2 2 2 2 2 2 2 2 2 2 2 2 2 2 2 2 2 2 2 2 2 2 2 2 2 2 2 2 2 2 2 2 2 2 2 2 2 2 0 2 2 2 0 2 2 2 2 2 2 2 2 2 2 2 0 2 2 0 2 2 2 2 2 2 0 2 2 2 2 2 2 2 2 2 2 2 2 2 2 2 2 2 2 2 0 2 2 2 2 2 2 2 2 2 2 2 2 2 2 2 2 2 2 0 2 0 2 2 2 2 2 2 1 2 2 2 2 2 2 2 2 0 2 2 2 2 2 0 2 2 2 2 2 2 2 2 0 2 2 2 2 2 2 2 0 2 0 2 2 2 2 2 2 2 2 0 2 2 2 2 2 2 0 2 2 0 2 2 2 0 2 0 2 2 2 2 2 2 2 2 2 2 2 2 2 2 2 2 2 2 0 2 2 2 2 2 2 2 2 2 2 2 2 2 2 2 2 2 2
143 2 2 2 0 2 2 0 2 2 2 0 2 2 2 2 2 2 0 0 0 2 0 2 2 2 2 2 0 0 0 2 0 2 2 2 2 0 2 2 2 2 2 2 2 2 2 2 2 2 2 2 2 2 2 2 2 2 2 2 2 2 2 2 2 2 2 2 2 2 2 2 2 2 2 2 0 2 2 2 2 2 2 2 0 2 2 2 2 2 2 2 2 2 2 2 2 2 2 2 2 2 2 2 2 2 2 2 2 2 2 0 2 2 2 2 2 2 2 2 2 2 2 2 2 2 0 0 2 2 2 2 2 2 2 2 2 2 2 2 2 2 2 2 2 2 2 2 2 2 2 0 2 2 2 2 2 2 2 2 2 2 2 2 2 2 2 2 2 2 2 2 2 2 2 2 2 2 2 2 2 2 2 2 2 2 2 2 2 2 2 2 2 2 2 2 2 2 2 2 2 2 2 2 2 2 2 2 2 2 2 2 2 2 2 2 2 2 2 2 2 0 2 2 2 2 2 2 2 2 2 2 2 2 2 2 2 2 2 2 2 2 2 0 2 2
144 0 2 2 2 2 2 2 2 2 0 2 2 2 2 2 2 2 2 2 2 2 2 0 2 2 0 1 2 2 2 2 2 2 2 0 1 2 2 2 0 0 2 0 2 0 2 0 0 2 2 2 2 2 2 0 0 0 2 2 0 2 0 2 2 2 2 2 2 2 2 0 2 2 2 2 2 2 2 2 2 2 2 2 2 2 0 2 2 2 0 2 2 2 2 2 2 2 0 2 2 2 2 2 0 2 2 0 2 2 2 2 2 2 0 2 2 2 0 2 2 2 2 0 2 2 2 2 2 2 2 2 2 2 2 2 1 2 2 2 2 0 2 0 2 2 2 2 2 2 2 2 2 0 2 2 2 0 2 2 2 2 2 2 2 2 2 2 2 2 2 0 2 2 2 2 2 2 2 2 2 2 2 2 0 2 2 0 2 2 2 1 2 2 2 2 0 2 2 2 2 2 2 2 0 2 2 2 2 0 2 2 2 2 2 2 2 2 0 2 2 2 0 2 2 2 2 2 2 2 2 2 2 2 2 2 0 2 2 2 2 2 2 2 0 0
145 0 0 0 0 0 0 0 0 0 0 0 2 0 0 0 2 0 0 0 2 0 0 0 0 0 0 0 0 0 0 0 0 0 0 0 0 0 0 0 0 0 0 0 2 0 0 0 0 0 0 0 0 0 0 0 0 0 0 0 0 0 0 0 0 0 0 0 0 2 0 0 0 2 0 0 0 0 2 0 0 0 0 0 0 0 0 0 0 0 0 0 0 0 0 0 0 0 2 0 0 0 0 0 0 2 0 0 0 0 0 0 0 0 0 0 0 0 0 0 0 0 0 2 2 0 0 0 0 0 0 0 0 0 0 0 0 0 0 0 0 0 0 0 0 0 0 0 0 0 0 0 0 2 0 0 0 2 0 0 2 0 0 0 0 0 0 0 0 2 2 0 0 0 0 0 0 0 0 2 0 0 0 0 0 0 0 0 2 0 0 0 0 0 0 0 0 0 0 2 2 0 0 0 0 0 0 0 2 0 0 0 0 0 0 0 0 0 0 0 0 2 0 0 0 0 0 0 0 2 0 0 2 0 0 0 0 0 0 0 0 0 0 0 0 0
146 2 2 2 2 0 2 2 2 2 2 2 2 0 2 2 2 2 2 2 2 2 2 2 2 2 2 2 2 2 2 2 2 0 2 2 1 2 2 2 2 2 0 2 2 2 2 2 2 2 2 2 2 2 2 2 2 0 2 2 2 2 2 2 2 2 0 2 2 2 2 2 2 2 2 2 2 2 2 2 2 2 2 2 2 0 2 2 2 2 2 2 2 2 2 0 0 2 2 2 2 2 2 2 2 2 2 2 2 2 2 2 2 0 2 2 0 2 2 0 0 2 2 2 2 2 2 2 2 2 2 2 0 2 0 2 2 2 2 2 2 2 2 2 2 2 2 2 2 2 2 2 2 2 2 0 0 2 2 2 2 2 2 2 2 2 2 2 2 2 2 2 2 2 2 2 2 2 2 2 2 2 2 2 2 0 0 2 2 2 2 2 2 2 2 2 2 2 2 2 2 2 2 2 2 2 2 2 2 2 2 2 2 2 2 2 2 2 2 2 2 2 2 2 0 2 2 2 2 2 2 2 2 2 2 2 2 2 2 0 2 2 2 2 2 2
147 0 0 0 0 0 0 0 0 0 0 0 0 0 0 0 0 0 0 0 0 0 0 0 0 0 0 0 0 0 0 0 0 0 0 0 0 0 0 0 0 0 0 0 0 0 0 0 0 0 0 0 0 0 0 0 0 0 0 0 0 0 0 0 0 2 0 0 0 2 0 0 0 0 0 0 0 0 0 0 0 2 0 0 0 0 0 0 0 0 0 0 0 0 0 0 0 0 0 0 0 0 0 0 0 2 0 0 0 0 0 0 0 0 0 0 0 0 0 0 0 0 0 2 0 0 0 0 0 0 0 0 0 0 0 0 0 0 0 2 0 0 0 0 0 0 0 0 0 0 0 0 0 0 0 0 0 0 0 0 2 0 0 0 0 0 0 0 1 0 2 0 0 0 0 0 0 2 0 2 0 0 0 0 0 0 0 0 0 0 0 0 0 0 0 0 0 0 0 0 2 0 0 0 0 0 0 0 0 0 0 0 0 0 0 0 0 0 0 0 2 0 0 0 0 0 0 0 0 0 0 0 0 0 0 0 0 0 0 0 0 0 0 0 0 0
148 0 0 0 0 0 0 0 0 0 0 0 0 0 0 0 0 0 0 0 0 0 0 0 0 0 0 0 0 0 0 0 0 0 0 0 0 0 0 0 0 0 0 0 0 0 0 0 0 0 0 0 0 0 0 0 0 0 0 0 0 0 0 0 0 2 0 0 0 2 0 0 0 0 0 0 0 0 0 0 0 2 0 0 0 0 0 0 0 0 0 0 0 0 0 0 0 0 0 0 0 0 0 0 0 2 0 0 0 0 0 0 0 0 0 0 0 0 0 0 0 0 0 2 0 0 0 0 0 0 0 0 0 0 0 0 0 0 0 2 0 0 0 0 0 0 0 0 0 0 0 0 0 0 0 0 0 0 0 0 2 0 0 0 0 0 0 0 1 0 2 0 0 0 0 0 0 2 0 2 0 0 0 0 0 0 0 0 0 0 0 0 0 0 0 0 0 0 0 0 2 0 0 0 0 0 0 0 0 0 0 0 0 0 0 0 0 0 0 0 2 0 0 0 0 0 0 0 0 0 0 0 0 0 0 0 0 0 0 0 0 0 0 0 0 0
149 0 0 2 2 0 0 0 0 0 0 0 2 0 2 2 2 2 0 0 2 0 2 0 2 0 0 2 2 0 0 0 2 2 0 0 2 0 0 0 2 2 2 2 0 0 2 2 0 2 0 2 2 0 0 0 0 2 0 2 2 2 0 0 0 0 0 0 2 2 0 0 0 2 0 2 0 2 2 2 0 0 0 0 0 2 2 2 0 0 0 2 0 0 2 0 2 2 0 0 2 2 2 0 2 0 2 2 2 0 0 0 0 2 0 2 2 0 0 2 2 2 0 2 0 0 0 0 0 0 2 0 2 0 2 0 2 2 0 0 2 0 2 2 0 2 2 2 0 1 0 0 2 2 0 2 0 2 2 0 0 2 2 2 2 2 2 0 0 0 0 0 2 2 2 0 0 0 0 0 2 2 0 2 2 2 2 2 2 0 0 0 2 0 2 1 2 0 2 2 0 2 2 2 0 0 2 0 2 2 2 0 0 2 2 0 2 2 0 0 0 2 0 2 2 2 0 2 2 0 0 0 2 2 0 0 2 0 2 2 0 0 0 2 2 2
150 2 0 2 2 2 0 0 0 2 2 0 2 2 2 2 2 2 2 2 2 2 2 2 2 0 2 2 2 2 2 0 2 2 2 0 2 0 0 2 2 2 2 2 0 2 2 2 2 2 2 2 2 0 0 2 2 2 0 2 2 2 2 2 2 2 2 0 2 2 0 0 0 2 0 2 2 2 2 2 2 2 0 2 0 2 2 2 0 0 0 2 2 2 2 0 2 2 0 0 2 2 2 0 2 0 2 2 2 0 0 0 2 2 2 2 2 0 2 2 2 2 0 2 0 2 0 2 0 0 2 2 2 0 2 0 2 2 0 0 2 2 2 2 0 2 2 2 0 1 0 0 2 2 0 2 0 2 2 0 2 2 2 2 2 2 2 0 0 0 2 0 2 2 2 0 0 0 0 2 2 2 2 2 2 2 2 2 2 0 0 1 2 0 2 1 2 2 2 2 0 2 2 2 2 0 2 2 2 2 2 0 0 2 2 0 2 2 1 0 0 2 2 2 2 2 2 2 2 2 0 0 2 2 0 0 2 0 2 2 0 0 0 2 2 2
151 2 0 2 2 2 0 0 0 2 2 0 2 2 2 2 2 2 2 2 2 2 2 2 2 0 2 2 2 2 2 0 2 2 2 0 2 0 0 2 2 2 2 2 0 2 2 2 2 2 2 2 2 0 0 2 2 2 0 2 2 2 2 2 2 2 2 0 2 2 0 0 0 2 0 2 2 2 2 2 2 2 0 2 0 2 2 2 0 0 0 2 2 2 2 0 2 2 0 0 2 2 2 0 2 0 2 2 2 0 0 0 2 2 2 2 2 0 2 2 2 2 0 2 0 2 0 2 0 0 2 2 2 0 2 0 2 2 0 0 2 2 2 2 0 2 2 2 0 1 0 0 2 2 0 2 0 2 2 0 2 2 2 2 2 2 2 0 0 0 2 0 2 2 2 0 0 0 0 2 2 2 2 2 2 2 2 2 2 0 0 2 2 0 2 1 2 2 2 2 0 2 2 2 2 0 2 2 2 2 2 0 0 2 2 0 2 2 1 0 0 2 2 2 2 2 2 2 2 2 0 0 2 2 0 0 2 0 2 2 0 0 0 2 2 2
152 2 2 2 2 2 2 2 2 2 2 2 2 2 2 2 2 0 2 2 2 2 2 2 2 2 2 2 2 2 2 2 2 2 2 2 1 2 2 2 2 2 2 2 2 2 2 2 2 2 2 0 2 2 2 2 2 0 2 2 2 0 2 2 2 2 2 2 0 2 2 2 2 0 2 0 2 2 2 2 2 2 2 2 2 2 2 2 2 2 2 2 2 2 2 2 2 0 2 2 2 2 0 2 2 2 0 2 2 2 2 2 2 0 2 2 2 2 2 2 2 2 2 2 2 2 2 2 2 2 2 2 2 2 2 2 2 0 2 2 2 2 2 2 2 2 2 2 2 2 2 2 2 2 2 2 2 2 2 2 2 2 2 2 2 0 2 2 2 2 2 2 2 0 2 2 2 2 2 2 2 2 2 2 2 0 0 2 2 2 2 2 2 2 0 2 2 2 2 2 2 0 2 0 2 2 2 2 2 2 0 2 2 2 2 2 0 0 2 2 2 2 2 0 2 2 2 2 2 2 2 2 2 2 2 2 2 2 2 2 2 2 2 0 0 2
153 2 0 2 2 2 2 2 2 2 2 2 2 2 2 2 2 0 0 2 2 2 0 2 2 2 2 0 0 0 2 2 0 2 2 2 1 0 0 0 0 2 2 0 2 2 2 0 2 2 0 2 0 2 0 2 2 2 0 2 0 2 2 2 2 2 2 0 2 2 0 2 2 2 2 0 2 2 2 0 2 2 0 2 2 2 0 2 2 2 2 0 0 2 0 0 2 2 0 2 2 2 2 0 0 0 0 2 2 2 2 0 2 2 2 2 2 0 0 2 2 2 0 2 2 2 2 2 0 2 2 2 2 0 2 0 0 0 0 2 2 2 2 0 2 2 2 0 0 2 0 2 2 0 2 2 0 2 2 2 2 2 0 2 2 0 0 0 2 2 2 2 2 0 2 0 0 2 2 2 2 2 2 2 0 2 0 2 2 2 2 2 2 2 0 1 0 2 2 2 0 0 2 2 2 0 2 2 2 0 0 2 0 2 2 0 0 2 2 0 2 2 2 2 2 0 2 2 2 2 2 0 2 2 0 0 0 0 2 2 2 0 2 0 2 2
154 2 2 0 0 2 2 2 2 0 2 0 0 2 2 2 2 2 0 2 0 0 0 2 2 2 2 2 0 0 2 2 0 2 2 2 2 2 2 0 0 2 2 2 2 2 0 2 2 0 0 0 2 2 2 2 2 2 2 0 0 0 2 2 0 0 2 2 0 2 2 2 0 2 2 2 2 0 0 2 2 2 2 2 2 2 2 0 2 2 2 2 0 2 2 2 2 2 2 2 0 2 2 2 0 0 2 2 0 2 2 2 2 2 2 0 2 2 2 2 2 0 2 2 2 2 2 0 2 2 2 2 2 2 2 2 2 2 2 0 2 2 2 2 2 2 2 2 2 2 2 2 2 2 2 2 2 0 2 2 2 2 2 2 2 2 2 2 1 2 2 2 2 2 2 2 2 0 2 2 2 2 2 2 2 2 2 2 2 2 2 2 2 2 2 2 2 2 2 2 0 2 2 2 2 2 2 2 2 2 2 2 2 0 2 2 2 2 2 2 0 0 2 0 2 2 2 2 2 2 2 2 2 2 2 2 2 2 2 2 2 2 2 2 2 2
155 2 2 2 0 2 2 2 0 2 2 0 2 2 2 2 2 2 2 2 0 2 2 2 2 2 2 2 2 2 2 2 2 0 2 2 2 0 2 2 2 2 0 0 2 2 2 0 2 2 2 2 0 2 2 2 2 2 2 2 2 2 2 2 2 2 2 2 2 2 2 0 0 2 2 2 2 2 2 2 2 2 2 2 2 0 2 2 2 2 2 2 2 0 2 2 0 2 2 0 2 2 2 2 2 2 2 2 2 2 2 0 2 2 2 2 2 0 2 0 0 2 2 2 2 2 2 2 2 2 2 2 0 2 0 2 2 2 0 0 2 2 2 2 2 2 2 0 2 2 2 2 2 0 2 0 2 0 2 2 2 2 2 0 2 2 2 2 1 2 2 2 2 2 2 2 2 0 2 2 2 2 2 2 2 2 2 2 2 0 0 1 2 2 2 1 2 2 0 2 2 2 2 2 2 2 2 2 2 0 2 2 2 2 2 2 0 2 2 2 0 2 2 2 0 2 2 2 2 2 2 2 2 2 2 2 2 2 2 0 2 0 2 2 2 2
156 0 0 0 0 0 0 2 0 0 0 0 0 0 0 0 0 0 0 0 0 0 0 0 0 0 0 0 0 0 0 0 0 0 2 0 2 0 0 0 0 0 0 0 0 0 0 0 0 0 0 0 0 0 0 0 0 0 0 0 0 0 0 2 0 0 0 0 0 2 0 0 0 0 0 0 0 0 0 0 2 0 0 2 2 0 0 0 2 0 0 0 0 0 0 0 0 2 0 0 0 0 0 0 0 0 0 0 0 0 2 0 2 0 0 2 0 0 0 0 0 0 0 2 0 2 2 0 0 0 0 2 0 0 0 0 0 0 0 0 0 0 0 0 0 0 0 0 0 0 0 2 0 0 0 0 0 0 0 0 2 2 0 0 0 0 0 0 0 0 2 0 0 0 0 0 0 0 0 2 0 0 2 0 0 0 0 0 0 0 0 0 0 2 0 0 0 2 0 0 0 0 0 0 0 0 0 0 0 0 0 0 0 0 0 0 0 0 1 0 0 2 0 0 0 0 2 0 0 0 0 0 0 0 0 0 0 0 0 0 0 0 0 0 0 0
157 2 2 0 0 2 2 2 0 0 2 0 2 2 2 2 2 2 0 2 0 2 0 2 2 2 2 0 0 0 2 0 0 0 2 2 1 0 2 0 0 2 0 2 2 2 0 2 2 0 0 0 2 2 2 2 2 2 2 0 0 0 2 2 0 2 2 2 0 2 2 2 0 2 2 2 2 0 2 2 2 2 2 2 2 0 0 0 2 2 2 2 0 0 2 2 0 2 2 0 0 2 2 2 0 2 2 2 2 2 2 0 2 0 2 2 0 0 2 0 0 2 2 2 2 2 2 0 2 0 2 2 0 2 0 2 0 2 0 0 2 2 2 0 2 2 2 2 2 2 2 2 2 2 2 0 2 0 2 2 2 2 2 0 2 2 0 2 1 2 2 2 2 2 2 2 2 0 2 2 2 2 2 2 0 2 2 2 2 0 2 2 2 2 2 1 0 2 0 2 2 2 2 2 2 2 2 0 2 2 2 2 0 0 2 2 0 2 2 2 0 2 2 0 0 2 2 2 2 2 2 2 2 2 2 0 2 2 2 0 2 0 2 2 2 2
158 2 2 0 0 2 2 2 0 0 2 0 2 2 2 2 0 2 0 2 0 2 0 2 2 2 0 0 0 0 2 0 0 0 2 2 1 0 2 0 0 2 0 2 2 2 0 2 2 0 0 0 2 2 2 2 2 2 2 0 0 0 2 2 0 2 2 2 0 2 2 2 0 2 2 2 2 0 2 0 2 2 2 2 2 0 0 0 2 2 2 2 0 0 0 2 0 2 2 0 0 2 2 2 0 2 2 2 2 2 2 0 2 0 2 2 0 0 2 0 0 2 2 2 2 2 2 0 2 0 2 2 0 2 0 2 0 2 0 2 2 2 2 0 2 2 2 2 2 2 2 2 2 2 2 0 2 0 2 2 2 2 2 0 2 2 0 2 2 2 2 2 2 2 2 2 2 2 2 2 2 2 2 2 0 2 2 2 0 0 2 2 2 2 2 1 0 2 0 2 2 2 2 2 2 2 2 0 2 2 2 2 0 0 2 2 0 2 2 2 2 2 2 0 0 2 2 2 2 2 2 0 0 2 2 0 2 2 2 0 2 0 2 2 2 2
159 2 0 2 2 2 2 2 2 2 2 2 2 2 2 0 2 0 2 2 2 2 2 2 2 2 2 2 2 2 2 2 2 2 2 2 2 2 0 2 2 2 2 2 2 2 2 2 2 2 2 2 2 0 2 2 2 2 0 2 2 2 2 2 2 2 2 0 2 2 2 2 2 2 0 0 2 2 2 2 2 2 2 2 2 2 2 2 2 2 2 0 2 2 2 0 2 2 2 2 2 0 0 0 2 2 2 0 2 2 2 2 2 2 2 2 2 2 2 2 2 2 2 2 2 2 2 2 0 2 2 2 2 0 2 2 2 0 2 2 0 2 0 2 2 2 2 2 2 1 2 2 2 2 0 2 0 2 0 2 2 2 0 2 0 0 2 0 2 2 2 2 0 0 2 0 1 2 0 2 2 0 2 0 2 2 0 0 2 2 2 2 0 2 2 1 2 2 2 0 2 2 0 2 2 2 0 2 0 2 2 2 2 2 2 2 2 2 2 2 2 2 2 2 2 0 2 0 0 2 2 2 2 2 0 2 2 2 2 2 2 2 0 2 2 0
160 0 0 0 0 2 2 2 0 0 0 0 2 2 0 0 0 0 0 0 0 2 0 2 0 0 2 0 0 0 0 0 0 0 2 2 1 0 0 0 0 0 0 2 2 0 0 2 0 0 0 0 2 0 2 2 2 2 0 0 0 0 0 2 0 2 2 0 0 2 2 2 0 2 0 0 0 0 2 0 2 0 2 2 2 0 0 0 2 2 2 0 0 0 0 0 0 2 2 0 0 0 0 0 0 0 2 0 2 2 2 0 2 0 0 0 0 0 2 0 0 0 2 2 2 2 2 0 0 0 0 2 0 0 0 0 0 0 0 0 0 0 0 0 0 0 0 2 2 1 1 2 2 2 0 0 0 0 0 0 2 2 0 0 0 0 0 0 0 2 2 2 0 0 0 0 2 0 0 2 0 0 2 0 0 2 0 0 0 0 0 1 0 2 2 0 0 2 0 0 1 2 0 2 2 0 0 0 0 2 2 2 0 0 0 2 0 2 1 2 0 2 0 0 0 0 2 0 0 0 0 0 0 0 0 0 0 2 0 0 2 0 0 2 2 0
161 0 0 0 0 0 0 2 0 0 0 0 0 0 0 0 0 0 0 2 0 0 0 0 0 0 0 0 0 0 2 0 0 0 2 0 1 0 0 0 0 0 0 0 0 0 0 0 0 0 0 0 0 0 0 0 0 0 0 0 0 0 0 2 0 0 0 0 0 2 0 0 0 0 0 0 2 0 0 0 2 0 0 2 2 0 0 0 2 0 0 0 0 0 0 0 0 2 0 0 0 0 0 0 0 0 0 0 0 0 2 0 2 0 0 0 0 0 0 0 0 0 0 2 0 2 2 0 0 0 0 2 0 0 0 0 0 0 0 0 0 0 0 0 0 0 0 0 0 0 0 2 0 0 0 0 0 0 0 0 2 2 0 0 0 0 0 0 0 0 2 0 0 0 0 0 0 0 0 2 0 0 2 0 0 0 0 0 0 0 0 0 0 2 0 0 0 2 0 0 0 0 0 0 0 0 0 0 0 0 0 0 0 0 0 0 0 0 1 0 0 2 0 0 0 0 2 0 0 0 0 0 0 0 0 0 0 0 0 0 0 0 0 0 0 0
162 0 2 2 2 2 2 2 2 0 0 0 0 2 0 0 0 2 0 2 2 2 2 2 0 2 0 0 2 0 2 0 2 0 2 2 1 0 2 0 0 2 0 2 2 0 2 2 1 2 2 2 2 2 2 2 2 2 2 2 0 2 0 2 2 2 2 2 0 2 2 2 0 2 2 2 2 2 0 0 2 2 2 2 2 0 0 2 2 2 2 2 0 0 0 2 0 2 2 2 2 2 2 2 0 2 2 2 0 2 2 0 2 2 0 0 2 2 2 0 0 2 0 2 2 2 2 2 2 0 0 2 0 2 0 2 0 0 2 2 0 0 2 0 2 2 2 2 2 2 2 2 2 2 2 0 2 2 2 2 2 2 2 2 2 0 0 2 2 2 2 2 2 2 0 2 2 2 2 2 0 2 2 0 0 2 2 2 0 2 0 1 2 2 2 2 0 2 0 0 2 2 2 2 2 2 2 0 0 2 2 0 2 2 2 2 2 2 2 2 2 2 0 0 0 2 2 2 2 0 2 0 0 0 0 2 2 2 0 0 2 2 2 0 2 2
163 2 2 2 2 2 2 2 2 2 2 2 2 2 2 2 2 2 2 2 2 2 2 2 2 0 2 2 2 2 2 2 2 0 2 2 2 2 2 2 2 2 0 2 2 2 2 2 2 2 2 2 2 2 2 2 2 0 2 2 2 2 2 2 2 2 2 2 2 2 2 2 2 2 2 2 2 2 2 2 2 0 2 2 2 2 2 2 2 2 2 2 2 2 2 2 0 2 2 2 2 2 2 2 2 2 0 2 2 0 2 2 2 2 2 2 2 2 0 0 0 2 2 2 2 2 2 2 0 2 2 2 0 0 0 2 2 2 2 2 2 2 2 2 0 2 2 2 0 1 1 2 0 2 2 0 2 2 2 0 2 2 2 0 2 2 2 2 1 2 2 2 2 2 2 2 2 2 2 2 2 2 2 2 2 2 2 2 2 2 2 2 2 2 0 0 2 0 0 2 2 2 2 2 0 2 2 2 2 2 2 2 2 2 2 2 2 2 2 2 2 2 2 2 0 2 2 2 2 2 2 0 2 2 2 2 2 0 2 0 0 2 2 2 2 2
164 2 2 2 2 2 0 2 0 2 2 2 2 2 2 2 0 0 2 0 2 0 2 2 2 2 0 0 2 2 0 2 2 2 2 2 1 2 2 2 2 2 2 2 2 2 2 2 2 2 2 2 2 0 2 2 2 2 2 2 2 2 2 2 2 0 2 2 2 2 2 2 0 2 0 0 0 2 2 2 2 2 0 2 2 2 0 2 2 0 2 2 2 2 2 2 2 2 2 0 2 0 2 2 2 0 2 0 2 2 2 2 2 2 2 2 2 0 2 2 2 0 2 2 2 2 2 2 2 0 2 2 2 2 2 2 0 2 0 2 2 2 0 0 2 2 0 2 2 1 2 2 2 2 0 2 2 2 2 2 2 2 0 2 0 2 2 2 2 2 2 0 2 0 2 2 2 2 0 2 2 2 2 2 0 2 2 0 2 2 0 1 2 2 2 2 0 2 2 2 0 2 0 2 2 2 0 2 2 2 2 2 2 2 2 2 0 2 0 2 2 2 0 2 2 0 2 2 2 2 2 2 2 2 2 2 2 2 2 2 2 0 0 2 0 0
165 2 2 2 2 2 0 2 2 2 2 2 2 2 2 2 0 0 2 2 2 0 2 2 2 2 0 0 2 2 2 2 2 2 2 0 1 2 2 2 2 2 2 2 2 2 2 2 2 2 2 2 2 0 2 2 2 2 2 2 2 2 2 2 2 0 2 2 2 2 2 2 2 2 0 0 2 2 2 2 2 2 0 2 2 2 0 2 2 0 0 2 2 2 2 2 2 2 2 2 2 0 2 2 2 0 2 0 2 2 2 2 2 2 2 2 2 0 2 2 2 0 2 2 2 2 2 2 2 0 2 2 2 2 2 2 2 2 0 2 2 2 0 0 2 2 0 2 2 1 2 2 2 2 0 2 2 2 2 2 2 2 0 2 0 2 2 2 2 2 2 0 0 0 2 2 2 2 0 2 2 2 2 2 0 2 2 0 2 2 0 1 2 2 2 2 0 2 2 2 0 2 0 2 2 2 0 2 2 2 2 2 2 2 2 2 0 2 0 2 2 2 0 2 2 0 2 2 0 2 2 2 2 2 2 2 2 2 2 2 2 0 0 2 0 0
166 2 2 2 2 2 0 2 2 2 2 2 2 2 2 2 0 0 2 2 2 2 2 2 2 2 0 0 2 2 2 2 2 2 2 2 2 2 2 2 2 2 2 2 2 2 2 2 2 2 2 2 2 2 2 2 2 2 2 2 2 2 2 2 2 2 2 2 2 2 2 2 2 2 0 0 2 2 2 2 2 2 2 2 2 2 0 2 2 0 2 0 2 2 2 2 2 2 0 2 2 0 2 2 2 0 2 0 2 2 2 2 2 2 2 0 2 1 2 2 2 0 2 2 2 2 2 2 2 0 2 2 2 0 2 2 0 2 0 2 0 2 0 0 2 2 2 2 2 2 2 2 2 2 2 2 2 1 2 2 2 2 0 2 2 2 2 0 2 2 2 2 2 0 2 0 2 2 0 2 2 0 2 2 0 2 2 2 2 2 2 2 2 2 2 2 0 2 2 2 0 2 0 2 2 2 0 2 2 2 2 2 2 2 2 2 0 2 0 2 2 1 2 2 2 0 2 2 2 2 2 2 2 2 2 2 2 2 2 2 2 0 2 2 0 2
167 2 0 2 0 0 0 0 0 0 2 2 0 0 2 2 0 0 0 0 2 0 2 2 2 2 0 0 2 0 0 2 2 0 0 0 1 0 2 0 0 0 0 0 0 2 2 0 2 2 2 0 2 0 0 2 2 2 2 2 0 0 2 0 0 0 0 2 0 2 0 2 0 0 0 0 0 2 0 2 0 0 0 0 0 2 0 2 0 0 0 2 0 0 2 0 0 2 2 0 2 0 0 0 2 0 0 0 0 0 0 0 0 0 2 2 2 0 0 0 0 0 0 0 0 2 0 2 0 0 2 0 2 0 0 2 0 2 0 2 2 2 0 0 2 0 0 2 0 1 1 0 0 0 0 0 0 2 0 2 0 2 0 0 0 2 0 0 2 0 0 0 0 0 2 0 0 2 0 0 2 2 0 2 0 0 0 0 2 0 0 1 2 0 0 0 0 2 0 2 0 2 0 0 0 2 0 2 2 0 0 0 0 2 0 0 0 0 0 0 2 2 0 0 0 0 0 2 0 2 2 0 2 2 0 0 2 0 2 0 0 0 0 0 0 0
168 2 2 2 2 2 2 2 2 2 2 2 2 2 2 2 2 2 2 2 2 2 2 2 2 2 2 2 2 2 2 2 2 2 2 2 2 0 0 2 2 2 2 2 2 2 2 2 2 2 2 2 2 2 2 2 2 2 0 2 2 2 2 2 2 0 2 0 2 2 0 0 2 2 2 2 2 2 2 2 2 2 2 2 2 2 2 2 2 2 2 2 2 2 2 2 2 2 2 2 2 2 2 2 2 2 2 2 0 2 2 2 2 0 2 2 2 2 2 2 2 0 0 2 2 2 2 2 2 2 2 0 2 2 2 2 2 2 2 2 2 2 2 2 2 2 2 2 2 2 2 0 2 2 2 2 2 2 2 2 2 2 2 2 2 2 2 2 2 2 2 2 2 2 2 2 0 2 2 2 2 2 2 2 2 2 2 2 2 2 2 2 2 2 2 2 2 2 2 2 2 2 2 2 2 2 2 2 2 2 2 2 2 2 2 0 2 2 2 0 2 2 2 2 2 2 2 2 2 0 2 2 2 2 2 2 2 2 2 2 2 2 2 2 2 2
169 2 0 0 2 2 2 2 2 2 2 2 2 2 2 0 2 2 2 2 2 2 2 2 2 2 2 2 2 2 2 2 2 2 0 2 2 2 2 0 2 0 2 2 2 2 0 2 2 0 2 2 2 2 2 2 2 2 2 0 2 2 2 2 2 2 2 2 0 2 2 2 2 0 2 2 2 0 2 2 0 2 0 2 2 2 2 0 2 2 2 0 0 2 2 2 2 2 2 2 0 2 0 0 2 2 2 2 2 2 2 2 2 2 2 2 2 0 2 2 2 0 2 2 2 2 2 2 2 2 2 0 2 0 2 2 2 0 2 2 2 2 0 2 2 0 2 2 2 1 1 2 2 2 2 2 2 2 2 2 2 2 2 2 2 2 2 0 2 2 2 2 2 2 2 0 2 2 2 2 2 0 0 0 2 2 2 2 2 0 2 2 0 2 2 2 2 2 2 2 2 2 2 2 2 2 2 2 2 2 2 2 2 0 0 2 0 2 2 2 2 2 2 0 2 2 2 0 2 2 2 2 2 2 2 2 2 2 2 2 2 0 2 0 2 2
170 2 2 2 0 2 0 2 0 0 2 2 0 2 2 2 2 2 0 0 2 2 0 2 2 0 0 2 0 0 0 0 0 0 0 0 1 2 2 2 0 0 0 2 0 2 2 2 2 2 2 2 2 0 0 2 2 0 2 2 0 0 2 0 2 0 2 2 2 2 2 2 2 0 0 2 0 2 0 2 0 0 2 0 0 2 2 2 0 0 0 2 2 2 2 0 0 2 0 0 2 0 2 2 0 0 0 0 2 2 0 2 0 0 2 2 2 0 0 2 0 0 2 2 0 2 2 0 0 2 2 0 2 2 0 2 2 2 2 2 2 2 2 2 0 0 0 2 0 1 0 2 0 2 0 2 0 0 0 0 2 0 2 0 0 2 0 2 1 0 2 0 2 2 0 2 2 2 0 2 2 2 0 2 2 0 0 0 2 2 2 0 2 0 0 0 2 0 2 2 0 0 2 0 0 2 0 0 2 2 2 0 2 2 0 2 0 0 2 2 2 2 2 2 2 2 0 2 2 2 0 2 2 2 0 2 0 0 2 2 2 0 0 2 0 0
171 2 2 2 2 2 2 2 2 2 2 2 2 2 2 2 2 2 2 2 2 2 2 2 2 2 2 2 2 2 2 2 2 2 2 2 2 2 2 2 2 2 2 2 2 2 2 2 2 2 2 2 2 0 2 2 2 2 2 2 2 2 2 2 2 2 2 2 2 2 2 2 2 2 0 2 2 2 2 2 2 2 2 2 2 2 2 2 2 2 2 2 2 2 2 0 2 2 2 2 2 0 2 2 2 2 2 0 2 2 2 2 2 2 2 2 2 2 2 2 2 2 2 2 2 2 2 2 0 2 2 2 2 2 2 2 2 2 2 2 2 2 2 2 2 2 2 2 2 2 2 2 2 2 0 2 2 0 2 2 2 2 2 2 0 2 2 2 2 2 2 2 2 2 2 2 2 2 0 2 2 2 2 2 2 2 0 2 2 2 2 2 2 2 2 1 2 2 2 2 2 2 2 2 2 2 0 2 2 2 2 2 2 2 2 2 2 2 2 2 2 2 2 2 2 2 2 2 2 2 2 2 2 2 0 2 2 2 2 2 2 2 0 2 0 0
172 2 2 2 2 2 2 2 2 2 2 0 2 2 2 2 2 2 2 2 2 2 2 2 2 2 2 2 2 2 2 2 2 2 2 2 2 0 0 2 2 2 2 2 2 2 2 2 2 2 2 2 2 2 2 2 2 2 0 2 2 2 2 2 0 2 2 0 2 2 0 2 2 2 2 2 2 2 2 2 2 2 2 2 2 2 2 2 2 2 2 2 2 2 2 2 2 0 2 2 2 2 2 2 2 2 2 2 0 2 2 0 2 2 2 2 2 2 2 2 2 2 2 2 2 2 2 2 2 2 2 2 2 2 2 2 2 2 2 2 2 2 2 2 2 2 2 2 2 2 2 0 2 2 2 0 2 2 2 2 2 2 2 2 2 2 2 2 2 2 2 2 2 2 2 2 0 2 2 2 2 2 2 2 2 2 2 2 2 2 2 2 2 2 2 2 2 2 0 2 2 2 2 2 2 2 2 2 2 2 0 2 2 2 2 0 2 2 2 0 2 0 2 2 0 2 2 2 2 0 2 2 2 2 2 2 2 2 2 2 2 2 2 2 2 2
173 0 0 0 0 0 0 0 0 0 0 0 2 0 0 0 0 0 0 0 0 0 2 0 0 2 0 0 2 0 0 0 2 0 2 0 0 0 0 2 0 2 0 2 0 0 0 2 0 0 0 0 2 0 2 0 0 0 0 0 0 0 0 0 0 0 0 0 2 2 0 2 0 0 0 0 0 0 2 0 0 0 0 0 0 0 0 0 2 0 0 0 2 0 0 0 0 0 0 0 0 0 0 0 0 0 0 0 0 0 0 0 0 2 0 0 0 0 0 0 0 0 0 0 0 0 0 0 0 0 0 0 0 0 0 0 0 0 0 0 0 0 0 0 0 2 0 2 0 1 1 0 0 2 0 0 0 0 0 0 0 0 0 2 0 0 0 0 1 0 0 0 2 0 0 0 0 0 0 0 0 0 0 0 0 0 0 0 0 0 0 0 0 2 0 0 0 0 0 0 0 0 0 0 2 0 0 0 0 2 0 0 0 0 2 0 0 0 0 0 0 0 0 2 0 0 0 0 2 0 2 0 0 0 0 0 2 0 0 0 0 0 0 0 0 0
174 2 2 2 2 2 2 2 2 2 2 2 2 2 2 2 2 2 2 2 2 2 2 2 2 2 2 2 2 2 2 2 2 2 2 2 2 2 2 2 2 2 2 2 2 2 2 2 2 2 2 2 2 0 0 2 2 2 2 2 2 2 2 2 2 2 2 2 2 2 2 2 2 2 0 2 2 2 2 2 2 2 2 2 2 2 2 2 2 2 2 2 2 2 2 0 2 2 2 2 2 0 2 2 2 2 2 0 2 2 2 2 2 2 2 2 2 2 2 2 2 2 2 2 2 2 2 2 0 2 2 2 2 2 2 2 2 2 2 2 2 2 2 2 2 2 2 2 2 2 2 2 2 2 0 2 2 0 2 2 2 2 2 2 0 2 2 2 2 2 2 2 2 2 2 2 2 2 0 2 2 2 2 2 2 2 0 2 2 2 2 2 2 2 2 1 2 2 2 2 2 2 2 2 2 2 0 2 2 2 2 2 2 2 2 2 2 2 2 2 2 2 2 2 2 2 2 2 2 2 2 2 2 2 0 2 2 2 2 2 2 2 0 2 0 0
175 2 2 2 2 2 2 2 2 2 2 0 2 2 2 2 2 2 2 2 2 2 2 2 2 2 2 2 2 2 2 2 2 2 2 2 2 0 0 2 2 2 2 2 2 2 2 2 2 2 2 2 2 2 2 2 2 2 0 2 2 2 2 2 0 2 2 0 2 2 0 2 2 2 2 2 2 2 2 2 2 2 2 2 0 2 2 2 2 2 2 2 2 2 2 2 2 0 2 2 2 2 2 2 2 2 2 2 0 2 2 0 2 0 2 2 2 2 2 2 2 2 2 0 2 0 2 2 2 2 2 2 2 2 2 2 2 2 2 2 2 2 2 2 2 2 2 2 2 2 2 2 2 2 2 0 2 2 2 2 2 2 2 2 2 2 2 2 2 2 2 2 2 2 2 2 0 2 2 2 2 2 2 2 2 2 2 2 2 2 2 2 2 2 2 2 2 2 0 2 2 2 2 2 2 2 2 2 2 2 0 2 2 2 2 0 2 2 2 0 2 0 2 2 2 2 2 2 2 0 2 2 2 2 2 2 2 2 2 2 2 2 2 2 2 2
176 2 2 2 2 2 2 2 2 2 2 2 2 2 2 2 2 2 2 2 2 2 2 2 2 2 2 2 2 2 2 2 2 2 2 2 2 2 2 2 2 2 2 2 2 2 2 2 2 2 2 2 2 0 2 2 2 2 2 2 2 2 2 2 2 2 2 2 2 2 2 2 2 2 0 2 2 2 2 2 2 2 2 2 2 2 2 2 2 2 2 2 2 2 2 0 2 2 2 2 2 0 2 2 2 2 2 0 2 2 2 2 2 2 2 2 2 2 2 2 2 2 2 2 2 2 2 2 0 2 2 2 2 2 2 2 2 2 2 2 2 2 2 2 2 2 2 2 2 2 2 2 2 2 0 2 2 0 2 2 2 2 2 2 0 2 2 2 2 2 2 2 2 2 2 2 2 2 0 2 2 2 2 2 2 2 0 2 2 2 2 2 2 2 2 1 2 2 2 2 2 2 2 2 2 2 0 2 2 2 2 2 2 2 2 2 2 2 2 2 2 2 2 2 2 2 2 2 0 2 2 2 2 2 0 2 2 2 2 2 2 2 0 2 0 0
177 0 2 0 0 0 0 0 0 0 0 0 0 0 0 2 0 0 0 0 0 0 0 0 0 0 0 0 0 0 0 0 0 0 0 0 0 0 0 0 0 0 0 0 0 0 0 0 0 0 0 0 0 0 0 0 0 0 0 0 0 0 0 0 0 0 0 0 0 2 0 0 0 0 0 0 0 0 0 0 0 0 2 0 0 0 0 0 0 0 0 0 0 0 0 0 0 0 0 0 0 0 0 2 0 0 0 0 0 0 0 0 0 0 0 2 0 0 0 0 0 0 0 0 0 0 0 0 0 0 0 0 0 0 0 0 0 2 0 0 0 0 0 0 0 0 0 0 0 1 0 0 0 0 0 0 0 0 0 0 0 0 0 0 0 0 0 2 0 0 0 0 0 0 0 2 0 0 0 0 0 0 0 2 0 0 0 0 0 2 0 0 0 0 0 0 0 0 0 0 0 0 0 0 0 0 0 0 0 0 0 0 0 0 0 0 0 0 0 0 0 0 0 0 0 0 0 0 0 0 0 0 0 0 0 0 0 0 0 0 0 0 0 2 0 0
178 2 2 2 2 2 0 0 2 2 2 2 2 2 2 2 2 2 0 0 2 2 2 0 2 2 0 2 2 0 0 2 2 2 2 2 2 2 2 2 2 2 2 2 2 2 2 2 2 2 2 2 2 2 2 0 0 2 2 2 2 2 2 2 2 2 2 2 2 2 0 2 2 2 2 2 0 2 2 2 2 2 2 2 2 0 2 2 2 2 2 2 2 2 2 2 2 2 0 2 2 2 2 2 2 2 2 2 2 2 2 2 2 2 2 2 2 2 2 2 2 2 2 2 2 2 0 2 2 2 2 2 2 2 2 2 2 2 2 2 2 2 2 2 2 2 2 2 2 1 2 2 2 2 2 2 2 2 2 2 2 2 2 2 2 2 2 2 2 2 2 2 2 2 2 2 0 2 2 2 2 2 2 2 2 2 2 0 2 2 2 2 2 2 2 2 2 2 2 2 2 2 2 2 2 2 2 2 2 2 2 2 2 2 2 0 2 2 2 0 2 0 2 2 0 2 2 2 2 0 2 2 2 2 2 2 2 2 2 2 2 2 2 2 2 2
179 2 0 0 0 2 2 2 0 0 2 2 2 2 2 2 2 2 2 2 2 2 2 2 2 0 2 2 2 2 2 2 2 0 0 2 1 0 2 2 2 0 0 0 0 2 0 0 2 0 2 2 0 0 0 2 2 2 2 0 2 2 2 2 2 0 2 2 2 2 2 0 2 2 0 2 2 0 2 2 2 2 0 2 2 2 2 0 2 0 2 2 2 2 2 0 0 2 2 0 0 0 2 0 2 0 2 0 2 0 2 0 2 0 2 2 2 2 0 2 0 2 2 2 0 2 2 0 0 0 2 2 2 2 0 2 2 2 2 2 2 2 0 2 2 0 0 0 0 1 1 2 0 0 0 2 0 0 2 2 2 2 0 0 0 0 2 0 1 0 2 2 2 2 2 0 2 2 0 2 2 0 2 2 2 0 0 2 2 0 2 2 0 2 0 0 2 0 2 0 0 0 0 2 2 2 0 2 0 0 0 0 2 0 0 2 2 2 2 2 2 2 2 2 2 0 2 0 0 2 0 0 2 2 0 2 0 0 2 2 0 2 0 0 0 0
180 0 2 2 2 0 0 0 2 2 0 2 2 0 0 2 0 2 0 0 2 0 2 0 0 2 0 2 2 0 0 2 2 0 2 2 2 2 0 2 2 2 0 2 2 0 2 2 0 2 0 2 2 2 2 0 0 2 0 2 2 2 0 0 0 2 0 0 2 0 0 2 2 2 2 2 0 2 2 0 2 2 2 0 0 0 2 2 0 2 2 2 2 0 0 2 0 2 0 2 2 2 0 2 0 2 2 2 0 2 0 2 0 2 0 0 0 2 2 0 0 2 0 2 2 2 0 2 2 2 0 2 2 0 0 0 2 2 2 0 2 0 2 2 2 2 2 2 2 1 2 0 2 2 2 0 2 2 0 2 2 2 2 2 2 2 2 2 1 2 2 2 2 2 2 2 0 0 2 2 0 2 2 2 2 2 2 0 0 2 2 1 2 0 2 2 2 0 0 2 2 2 2 0 0 0 2 0 2 2 2 2 0 2 2 0 2 0 1 0 0 0 0 2 0 2 0 2 2 0 2 2 0 0 2 0 2 2 0 0 2 2 2 2 2 2
181 2 0 2 0 2 2 2 0 2 2 0 0 2 2 0 2 2 2 2 0 2 0 2 2 2 2 2 0 2 2 2 0 2 2 2 1 2 2 2 0 2 2 2 2 2 2 2 2 2 2 0 2 0 2 2 2 2 2 2 0 0 2 2 0 2 2 2 0 0 2 2 0 2 0 2 2 2 0 2 2 0 0 2 2 2 2 2 2 2 2 2 2 2 2 2 2 2 2 0 2 2 2 0 2 2 2 0 2 2 2 2 2 2 2 2 2 2 2 2 2 2 2 0 2 2 2 0 0 0 2 0 2 2 2 2 2 0 0 2 2 2 0 2 2 2 2 2 2 1 2 2 2 2 0 2 0 0 2 2 0 2 2 2 0 2 2 0 2 2 0 2 2 2 2 0 2 2 0 0 2 2 2 0 2 2 0 2 2 0 0 1 2 2 2 1 2 2 2 2 2 2 2 2 2 2 0 2 2 2 2 2 2 2 2 2 2 2 1 2 2 2 2 0 2 2 2 2 0 2 2 2 2 2 0 2 2 2 2 2 2 2 0 2 0 0
182 0 2 2 2 2 2 2 2 2 0 2 2 2 0 2 0 0 2 2 2 0 2 2 0 0 2 0 2 2 2 2 2 2 2 0 1 0 2 2 2 0 2 2 2 0 2 2 0 2 2 2 2 2 2 2 2 0 2 2 2 2 0 2 2 2 2 2 2 2 2 0 2 2 2 0 2 2 2 2 0 2 2 0 2 2 0 2 2 0 0 2 2 0 2 0 2 2 0 2 2 2 0 2 2 2 0 2 2 2 2 0 0 0 0 2 2 0 0 2 2 2 0 2 2 0 2 2 2 2 2 2 2 0 2 2 2 2 2 2 0 0 2 0 2 2 0 2 0 1 1 2 0 2 2 2 2 2 0 2 2 0 0 2 2 2 0 2 2 2 2 2 0 0 0 2 2 2 2 2 0 0 0 2 0 0 2 2 2 2 2 2 0 2 0 2 0 0 2 0 2 0 2 0 2 2 2 2 2 2 0 0 2 2 2 2 0 0 1 2 2 2 0 2 2 0 0 0 2 2 0 2 2 0 2 2 0 2 0 2 2 0 2 0 2 2
183 0 2 2 2 2 2 2 2 2 0 2 2 2 0 2 2 2 2 2 2 2 2 2 0 2 2 2 2 2 2 2 2 2 2 2 2 2 2 2 2 2 2 2 2 0 2 2 0 2 2 2 2 2 2 2 2 2 2 2 2 2 0 2 2 2 2 2 2 2 2 2 2 0 2 2 2 2 2 2 0 2 2 0 2 2 2 2 2 2 2 2 2 2 2 2 2 2 2 2 2 2 2 2 2 2 2 2 2 2 2 2 0 2 0 2 2 2 2 2 2 2 2 2 2 0 2 2 2 2 2 2 2 2 2 2 2 2 2 2 0 0 2 2 2 2 2 2 2 2 2 2 2 2 2 2 2 2 0 2 2 2 2 2 2 2 2 2 2 2 2 2 2 2 2 2 2 2 2 2 0 2 0 2 2 2 2 2 2 2 2 2 2 2 2 2 2 0 2 2 2 2 2 0 2 2 2 2 2 2 2 2 2 2 2 2 2 0 1 2 2 2 0 2 2 2 0 2 2 2 0 2 2 0 2 2 2 2 0 2 2 2 2 0 2 2
184 2 2 0 2 2 2 0 2 2 2 0 2 2 2 2 2 2 0 0 2 2 2 0 2 2 0 2 2 0 0 0 2 2 2 2 2 2 2 2 2 2 2 0 2 2 0 0 2 0 2 2 0 2 2 0 0 2 2 0 0 2 2 0 2 2 2 2 2 2 2 2 2 2 2 2 0 0 2 2 2 2 2 2 2 0 2 0 0 2 2 2 2 0 2 2 2 2 2 2 0 2 2 2 0 2 2 2 2 2 0 2 2 2 2 2 0 2 2 0 2 2 2 0 2 2 0 2 2 2 2 0 2 2 2 2 2 2 2 0 2 2 2 2 2 2 2 0 2 2 2 0 2 0 2 0 2 2 2 2 2 2 2 2 2 2 2 2 0 2 2 2 2 2 2 2 2 0 2 2 2 2 2 2 2 2 2 0 2 2 2 1 2 0 2 2 2 2 0 2 2 2 2 2 2 2 2 0 2 0 2 2 0 0 2 2 2 2 2 2 0 0 2 2 0 2 2 2 2 0 2 2 2 2 2 0 2 2 2 0 2 2 2 2 2 2
185 0 2 2 0 0 0 0 0 0 0 2 0 0 0 0 0 0 0 2 2 0 0 2 0 2 2 0 0 0 2 2 0 2 0 0 0 0 0 2 0 2 2 0 0 0 2 0 0 2 0 0 0 0 0 2 2 0 0 2 0 0 0 2 0 2 0 0 2 2 0 2 0 2 0 0 2 2 0 0 2 0 0 2 0 0 0 2 0 0 0 0 2 0 0 0 2 2 2 0 2 2 0 2 2 0 0 0 0 0 2 2 2 0 0 2 0 0 0 0 2 0 0 0 0 0 0 0 0 0 0 2 0 0 2 0 0 0 0 2 0 0 0 0 0 2 0 0 0 1 1 0 0 0 0 0 0 0 0 0 2 0 0 0 0 0 0 0 2 0 2 2 0 0 0 0 0 2 0 2 0 0 2 0 0 0 0 2 0 0 0 1 0 0 0 0 0 0 0 2 0 0 0 0 0 0 0 0 0 0 2 0 0 2 2 0 0 0 1 0 2 0 2 2 0 0 2 0 0 2 2 0 0 0 0 0 0 0 0 0 0 0 0 2 0 0
186 0 0 2 2 0 2 2 2 2 0 0 2 0 0 2 0 2 0 0 2 2 0 0 0 2 0 2 0 0 0 2 0 2 0 2 2 2 0 2 2 2 2 2 2 0 2 2 0 2 2 2 2 2 2 0 0 0 0 2 0 0 0 2 0 2 0 0 0 2 0 2 0 0 2 2 0 2 2 0 2 2 2 0 2 0 2 2 2 2 2 2 2 2 0 2 2 2 2 2 2 2 2 0 2 2 2 2 0 0 0 0 0 2 0 2 0 2 2 0 2 2 2 2 2 2 2 2 2 0 2 0 2 2 2 0 2 2 2 0 2 0 2 2 0 0 2 2 2 2 2 0 0 2 2 0 2 2 2 0 0 2 2 0 2 2 2 2 1 2 0 2 0 2 2 2 2 0 2 0 0 2 2 2 2 2 2 2 0 2 2 2 2 2 2 2 2 0 0 2 2 2 2 2 2 0 2 0 2 2 0 2 0 2 0 0 2 2 1 0 0 0 0 0 2 2 0 2 2 0 2 2 0 0 2 0 2 2 0 0 2 2 2 0 2 2
187 2 2 2 2 2 2 2 2 2 2 2 2 2 2 2 2 2 2 2 2 2 2 2 2 2 2 2 2 2 2 2 2 2 2 2 1 2 2 2 2 2 2 2 2 2 2 2 2 2 2 2 2 0 2 2 2 2 2 2 2 2 2 2 2 2 2 2 2 2 2 2 2 2 0 2 2 2 2 2 2 2 0 2 2 2 2 2 2 2 2 2 2 2 2 2 2 2 2 2 2 2 2 2 2 2 2 2 2 2 2 2 2 2 2 2 2 0 2 2 2 2 2 2 2 2 2 2 2 2 2 2 2 2 2 2 2 2 0 2 2 2 2 2 2 2 2 2 2 2 2 2 2 2 2 2 2 2 0 2 2 2 2 2 0 2 2 0 2 2 2 2 2 2 0 0 2 2 2 2 2 2 2 2 2 2 2 2 2 0 2 2 2 2 2 2 2 2 2 2 2 2 2 0 2 2 2 2 2 2 2 2 2 2 2 2 2 0 2 2 2 2 2 2 2 2 2 2 2 2 2 2 2 2 2 2 2 2 2 2 2 0 2 2 2 2
188 2 2 2 2 2 2 2 2 2 2 2 2 2 2 2 2 2 2 2 2 2 2 2 2 2 2 2 2 2 2 2 2 2 2 0 2 2 2 2 2 2 2 0 0 2 2 2 2 2 2 2 0 2 2 2 2 2 2 2 2 2 2 2 2 2 2 2 2 2 2 0 2 2 2 2 2 2 2 2 2 2 2 2 2 2 2 2 2 0 0 2 2 2 2 2 2 2 2 2 2 2 2 2 2 0 2 2 2 2 2 2 2 2 2 2 2 2 2 2 2 2 2 2 0 0 2 2 2 2 2 2 2 2 2 2 2 2 2 2 2 2 2 2 2 2 2 0 2 2 2 2 2 0 2 2 2 2 2 2 2 0 2 2 2 2 2 2 2 0 2 2 2 2 2 2 2 2 2 2 2 2 2 2 2 2 2 2 2 2 2 2 2 2 2 1 2 2 2 0 0 2 2 2 2 2 2 2 2 2 2 2 2 2 2 2 2 2 2 2 2 2 2 2 2 2 2 2 2 2 2 2 2 2 2 2 2 2 2 2 2 2 2 2 2 2
189 0 0 0 0 0 0 0 0 0 0 0 0 0 0 0 0 0 0 0 0 0 0 0 0 0 0 0 0 0 0 0 0 2 0 0 0 0 0 2 0 0 2 0 0 0 0 0 0 0 0 0 0 0 0 0 0 0 0 0 0 0 0 0 0 0 0 0 0 2 0 0 0 0 0 0 0 0 0 0 0 0 0 0 0 0 0 0 0 0 0 0 2 0 0 0 2 2 0 0 0 2 0 0 0 0 0 0 0 0 0 0 0 0 0 0 0 0 0 0 2 0 2 2 0 0 0 0 0 0 0 0 0 0 2 0 0 0 0 0 0 0 0 0 0 0 0 0 0 0 1 0 0 0 0 0 0 0 0 0 0 0 0 0 0 0 0 0 0 0 0 0 0 0 0 0 2 0 0 0 0 0 0 0 0 0 0 0 0 0 0 1 0 0 0 0 0 0 0 0 0 0 0 0 0 0 0 0 0 0 0 0 0 0 0 0 0 0 0 0 0 0 0 0 0 0 0 0 0 0 0 0 0 0 0 0 0 0 0 0 0 0 0 0 0 0
190 2 2 2 2 2 2 2 2 0 2 2 2 2 2 2 0 2 0 2 2 0 2 2 2 2 2 2 2 0 2 2 2 2 2 2 2 2 2 2 2 2 2 2 2 2 2 2 2 2 2 2 2 0 2 2 2 2 2 2 2 2 2 2 2 2 2 2 2 2 2 2 2 2 0 2 2 2 2 0 2 2 0 2 0 2 2 2 2 2 2 0 2 2 0 2 2 2 2 2 2 2 2 2 2 2 2 2 2 2 2 2 2 2 2 2 2 2 2 2 2 2 2 2 2 2 2 2 2 2 0 2 2 2 2 2 0 2 2 2 0 2 2 2 2 2 0 2 2 2 2 2 2 2 2 2 2 2 0 2 2 2 2 2 0 0 0 0 2 2 2 2 2 2 2 0 2 2 2 2 2 2 2 2 2 2 2 2 2 2 2 2 2 2 2 2 2 2 2 2 2 2 0 0 2 2 2 2 2 2 2 2 2 2 2 2 2 0 2 2 2 2 2 2 2 2 2 2 2 2 2 2 0 2 2 2 2 0 2 2 2 2 2 2 2 2
191 2 2 2 2 2 2 2 2 2 2 2 2 2 2 2 2 2 2 2 2 2 2 2 2 2 2 2 2 2 2 2 2 2 2 0 2 2 2 2 2 2 2 0 0 2 2 0 2 2 2 2 0 2 2 2 2 2 2 2 2 2 2 2 2 2 2 2 2 2 2 0 2 2 2 2 2 2 2 2 2 2 2 2 2 2 2 2 2 0 0 2 2 2 2 2 2 2 2 2 2 2 2 2 2 0 2 2 2 2 2 2 2 2 2 2 2 2 2 2 2 2 2 2 0 0 2 2 2 2 2 2 2 2 2 2 2 2 2 2 2 2 2 2 2 2 2 0 2 2 2 2 2 0 2 2 2 2 2 2 2 0 2 2 2 2 2 2 2 0 2 2 2 2 2 2 2 2 2 2 2 2 2 2 2 2 2 2 2 2 2 2 2 2 2 1 2 2 2 0 0 2 2 2 2 2 2 2 2 0 2 2 2 2 2 2 2 2 2 2 2 2 2 2 2 2 2 2 2 2 2 2 2 2 2 2 2 2 2 2 2 2 2 2 2 2
192 2 2 2 2 2 2 2 2 0 2 2 2 2 2 2 2 2 0 2 2 0 2 2 2 2 2 2 2 0 2 2 2 2 2 2 2 2 2 2 2 2 2 2 2 2 2 2 2 2 2 2 2 2 2 2 2 2 2 2 2 2 2 2 2 2 2 2 2 2 2 2 2 2 2 2 2 2 2 2 2 2 2 2 2 2 2 2 2 2 2 0 2 2 2 2 2 2 0 2 2 2 2 2 2 2 2 2 2 2 2 2 2 2 2 2 2 2 2 2 2 2 2 2 2 2 2 2 2 2 2 2 2 2 2 2 0 2 2 2 0 2 2 2 2 2 2 2 2 2 2 2 2 2 2 2 2 2 2 2 2 2 2 2 2 0 0 2 2 2 2 2 2 2 2 2 2 2 2 2 2 0 2 2 2 2 2 2 2 2 2 2 0 2 2 2 2 2 2 2 2 2 0 2 2 2 2 2 2 2 2 2 2 2 2 2 2 2 2 2 2 2 2 2 2 2 2 0 2 2 2 2 2 2 2 2 0 2 2 2 2 2 2 2 2 2
193 2 2 2 2 2 2 2 2 2 2 2 2 2 2 2 2 2 2 2 2 2 2 2 2 2 2 2 2 2 2 2 2 2 2 2 0 2 2 2 2 2 2 2 2 2 2 2 2 2 2 2 2 0 2 2 2 2 2 2 2 2 2 2 2 2 2 2 2 2 2 2 2 2 0 2 2 2 2 2 2 2 0 2 2 2 2 2 2 2 2 2 2 2 2 2 2 2 2 2 2 2 2 2 2 2 2 2 2 2 2 2 2 2 2 2 2 0 2 2 2 2 2 2 2 2 2 2 2 2 2 2 2 2 2 2 2 2 0 2 2 2 2 2 2 2 2 2 2 2 2 2 2 2 2 2 2 2 0 2 2 2 2 2 0 2 2 0 2 2 2 2 2 2 0 0 2 2 2 2 2 2 2 2 2 2 2 2 2 0 2 2 2 2 2 2 0 2 2 2 2 2 2 0 2 2 2 2 2 2 2 2 2 2 2 2 0 0 2 2 2 2 2 2 2 2 2 2 2 2 2 2 2 2 2 2 2 2 2 2 2 0 2 2 2 2
194 2 2 2 2 2 0 2 0 2 2 2 2 2 2 0 2 2 2 2 2 2 2 2 2 2 2 2 2 2 2 2 2 2 2 2 1 2 2 2 2 2 2 2 2 2 2 2 2 2 2 2 2 2 2 2 2 2 2 2 2 2 2 2 2 2 2 2 2 2 2 2 2 2 2 2 2 2 2 2 2 2 2 2 2 2 2 2 2 2 2 2 2 2 2 2 2 2 2 0 2 2 2 2 2 2 2 2 2 2 2 2 2 2 2 2 2 0 2 2 2 2 2 2 2 2 2 2 2 2 2 2 2 2 2 2 2 0 0 2 2 2 2 2 2 2 2 2 2 1 2 2 2 2 2 2 2 2 2 2 2 2 2 2 2 2 2 2 2 2 2 2 2 2 0 2 2 2 2 2 2 2 2 0 2 2 2 2 2 0 2 2 2 2 2 2 2 2 2 2 2 2 2 2 2 2 2 2 2 2 2 2 2 2 2 2 0 2 2 2 2 2 2 2 2 2 2 2 2 2 2 2 2 2 2 2 2 2 2 2 2 0 2 0 2 2
195 2 2 2 2 2 2 2 0 2 1 2 2 2 2 2 2 1 0 0 1 2 0 0 2 0 2 2 0 0 0 2 0 2 1 0 2 2 2 2 2 2 0 1 2 2 2 0 2 2 2 2 0 1 2 0 0 0 2 2 1 0 2 2 0 0 2 2 0 1 0 1 0 2 1 0 0 2 2 2 1 0 0 2 2 0 2 2 2 2 0 0 2 2 2 2 0 2 1 0 2 2 2 2 2 2 0 2 0 0 0 2 2 0 2 2 2 0 0 2 0 0 0 2 2 0 2 2 0 0 2 1 2 2 1 2 0 2 0 0 2 2 0 1 2 0 1 0 0 1 1 2 0 0 2 0 2 2 0 2 2 2 2 0 0 0 0 0 0 2 2 2 0 0 0 0 2 0 2 2 2 2 0 2 2 0 2 1 2 0 2 0 2 2 0 2 0 2 2 2 2 0 0 1 2 2 2 2 0 0 0 2 2 2 0 0 0 0 0 0 0 2 2 0 2 2 2 2 0 2 0 0 2 2 2 2 2 2 2 2 2 0 2 2 2 2
196 2 2 2 0 2 2 2 2 2 2 2 0 2 2 2 2 2 2 2 2 2 2 2 2 2 2 0 2 2 2 2 2 2 2 0 1 2 2 2 2 2 2 2 2 2 2 0 2 2 2 2 2 2 2 2 2 0 2 2 2 0 2 2 0 0 2 2 2 2 2 0 2 2 2 2 2 2 0 2 0 0 2 2 2 0 0 2 2 0 0 2 2 2 2 2 2 0 2 2 2 2 2 2 2 0 2 2 0 0 2 2 2 0 2 2 2 2 2 2 2 0 2 2 2 0 2 0 2 2 2 2 2 2 2 2 2 2 2 2 2 2 2 2 2 0 2 2 2 2 2 2 0 0 2 2 2 2 2 2 2 2 2 2 2 2 2 2 2 2 2 2 2 2 2 2 0 2 2 2 2 2 0 2 0 2 2 2 2 2 2 1 2 2 2 2 2 2 2 2 0 2 2 2 2 2 2 2 2 0 2 2 2 2 0 2 2 2 2 2 2 2 2 2 2 2 2 2 0 2 0 2 2 2 2 2 0 2 2 2 2 2 2 2 2 2
197 2 2 2 0 2 2 2 2 2 2 2 0 2 2 2 2 2 2 2 2 2 2 2 2 2 2 0 2 2 2 2 2 2 2 0 1 2 2 2 2 2 2 2 2 2 2 0 2 2 2 2 2 2 2 2 2 0 2 2 2 0 2 2 0 0 2 2 2 2 2 0 2 2 2 2 2 2 0 2 0 0 2 2 2 0 0 2 2 0 0 2 2 2 2 2 2 0 2 2 2 2 2 2 2 0 2 2 0 0 2 2 2 0 2 2 2 2 2 2 2 0 2 2 2 0 2 0 2 2 2 2 2 2 2 2 2 2 2 2 2 2 2 2 2 0 2 2 2 2 2 2 0 0 2 2 2 2 2 2 2 2 2 2 2 2 2 2 2 2 2 2 0 2 2 2 2 2 2 2 2 2 0 2 0 2 2 2 2 2 2 2 2 2 2 2 2 2 2 2 0 2 2 2 2 2 2 2 2 0 2 2 2 2 0 2 2 2 2 2 2 2 2 2 2 2 2 2 0 2 0 2 2 2 2 2 0 2 2 2 2 2 2 2 2 2
198 0 2 0 2 0 2 0 0 0 0 0 0 0 0 2 0 2 0 0 0 0 0 2 0 0 0 0 0 0 0 2 0 0 0 2 1 0 0 0 0 0 0 2 2 0 0 2 0 0 0 0 2 0 0 2 2 0 0 0 0 2 0 2 0 2 0 0 0 2 2 2 0 2 0 2 0 0 0 2 2 0 0 2 0 2 0 0 0 2 2 2 0 2 2 0 0 0 0 0 0 0 0 2 0 2 0 0 2 2 0 2 2 2 0 0 2 2 2 2 0 2 0 2 2 0 0 0 2 2 0 2 2 0 0 2 2 2 2 0 2 0 2 2 2 2 0 2 0 1 0 2 2 2 0 2 2 0 2 2 0 2 0 0 0 2 2 2 0 2 0 0 2 2 2 2 2 0 0 0 0 0 2 2 0 0 2 2 2 2 0 1 0 0 2 1 2 0 0 2 2 0 2 2 2 2 2 0 2 2 0 2 2 0 2 2 2 2 0 2 0 0 0 0 0 0 2 0 0 2 0 2 0 0 0 2 2 0 0 2 2 2 2 2 2 0
199 0 0 2 2 0 0 0 0 0 0 0 0 0 0 0 0 0 2 0 2 0 2 0 0 0 0 0 2 2 0 0 2 0 2 0 0 0 0 0 0 0 0 0 0 0 2 0 0 2 2 0 0 0 0 0 0 0 0 2 0 2 0 0 0 2 0 0 0 0 0 0 0 0 0 0 0 2 0 0 2 2 0 0 0 0 0 2 0 0 0 0 0 0 0 0 0 0 0 0 2 0 0 0 0 0 0 0 0 0 0 0 0 0 0 0 0 0 0 0 0 0 0 0 0 0 0 2 2 2 0 0 0 0 0 2 0 0 0 2 0 0 2 0 0 0 0 0 0 0 0 0 2 0 0 0 0 0 0 0 0 2 0 0 0 2 0 0 1 0 0 0 0 0 0 0 0 2 0 0 0 2 2 0 0 0 2 0 0 0 0 0 2 0 0 0 0 0 0 0 0 0 2 0 0 2 2 0 0 0 0 0 0 2 0 0 0 0 0 0 2 0 0 0 0 0 0 2 2 0 0 0 2 0 0 0 0 2 0 0 0 0 2 0 2 0
200 2 2 0 2 2 2 2 2 2 2 2 2 2 2 2 2 2 2 2 2 0 2 2 2 2 2 2 2 2 2 2 2 2 2 2 2 2 2 2 2 2 2 2 2 2 0 2 2 0 2 0 2 2 2 2 2 2 2 0 0 0 2 2 0 2 2 2 0 2 2 2 2 2 2 2 2 0 2 2 2 2 2 2 2 2 2 0 2 2 2 2 2 2 2 2 2 2 2 2 0 2 2 2 2 2 2 0 2 2 2 2 2 2 2 2 2 2 2 2 2 2 2 2 2 0 2 2 2 2 2 2 0 2 2 2 2 2 2 0 2 2 2 2 2 2 0 2 2 2 1 2 2 2 0 2 2 2 2 2 2 2 2 2 2 2 2 2 0 2 2 2 2 2 2 2 2 0 0 2 2 0 2 2 2 2 2 2 2 2 2 2 0 2 2 1 2 2 2 2 2 2 2 2 2 2 2 2 2 2 2 2 2 0 2 2 2 2 1 2 0 0 2 0 2 2 2 0 2 2 2 2 2 2 0 2 2 2 2 2 2 2 2 2 2 0
201 2 2 2 2 2 2 2 2 2 2 2 2 2 2 0 2 0 0 2 0 2 0 2 2 2 2 2 0 0 2 2 0 2 0 2 1 2 2 2 2 2 2 2 2 2 2 2 2 2 0 2 2 2 2 2 2 2 2 2 2 2 2 2 2 2 2 2 2 2 2 2 2 2 2 0 2 2 2 2 2 2 2 2 2 2 2 2 2 2 2 0 2 2 2 2 2 2 2 2 2 0 0 2 2 2 2 2 2 2 2 2 2 2 2 2 2 0 2 2 2 2 2 2 2 2 2 2 2 2 2 2 2 0 2 2 0 2 0 2 0 2 2 0 0 2 2 2 2 1 2 2 2 2 2 2 2 2 2 0 2 2 2 2 2 0 2 0 2 2 2 2 0 0 2 0 2 2 2 2 2 2 2 2 2 2 2 2 2 0 2 2 2 2 2 2 0 2 2 2 2 2 0 2 2 2 2 2 2 2 2 2 2 2 2 2 0 2 2 2 2 2 2 2 2 2 2 2 0 2 2 2 2 2 2 2 2 2 2 2 2 0 2 0 2 2
202 2 2 2 2 0 2 2 2 2 2 2 2 0 2 2 2 2 2 2 2 2 2 2 2 2 2 2 2 2 2 2 2 2 2 2 2 2 2 2 2 2 2 2 2 2 2 2 2 2 2 2 2 0 2 2 2 2 2 2 2 2 2 2 2 2 0 2 2 2 0 2 2 0 0 2 2 2 1 2 2 2 2 0 2 2 2 2 2 2 2 2 2 2 2 0 2 2 2 2 2 2 2 2 2 2 2 2 1 2 2 2 0 2 2 2 2 2 2 2 2 2 2 2 2 2 2 2 2 2 2 2 0 2 2 2 2 2 2 2 2 2 0 2 2 0 2 2 2 2 2 2 2 0 2 2 0 2 2 2 2 2 0 2 2 2 2 2 2 0 2 0 2 2 2 2 0 2 2 2 2 0 2 2 2 2 2 2 2 2 2 0 0 2 2 2 2 2 2 2 2 2 2 2 2 2 2 0 2 2 2 2 2 2 0 0 2 2 2 2 2 2 2 2 2 0 0 0 2 2 2 2 2 2 0 2 2 2 2 2 2 2 2 2 2 2
203 0 2 0 2 0 2 0 2 0 0 0 0 0 0 2 2 2 2 0 2 2 2 0 0 2 2 2 2 2 0 2 2 2 2 2 2 2 2 0 0 2 2 2 2 0 0 2 0 0 2 0 2 2 2 0 0 2 2 0 0 0 0 0 0 2 0 2 2 2 0 2 0 2 2 2 0 0 0 2 2 2 2 2 0 2 2 0 2 2 2 2 0 0 2 2 2 0 2 2 0 2 2 2 2 2 2 2 0 2 0 0 2 0 0 2 0 2 2 0 2 2 0 0 2 2 0 2 2 2 2 0 0 2 2 2 2 2 2 2 2 0 2 2 2 2 2 2 2 2 2 0 2 2 2 0 2 2 2 2 2 2 0 2 2 2 2 2 2 2 2 0 2 2 2 2 2 2 2 2 0 0 2 2 2 2 2 2 2 2 0 1 0 2 2 2 2 0 0 2 2 2 2 2 0 2 2 2 2 2 2 2 2 0 2 0 2 2 1 2 2 2 2 2 0 0 2 0 2 0 2 2 2 0 2 2 0 0 0 0 2 2 0 2 2 2
204 0 2 2 2 2 2 2 2 2 0 2 2 2 0 2 2 2 2 0 2 2 2 2 0 2 2 2 2 2 0 2 2 2 2 2 2 2 2 2 2 2 2 2 2 0 2 2 0 2 2 2 2 2 2 2 2 2 2 2 2 2 0 2 2 2 2 2 2 2 2 2 2 2 2 2 0 2 2 2 2 2 2 2 2 2 2 2 2 2 2 2 2 2 2 2 2 2 2 2 2 2 2 2 2 2 2 2 2 2 2 2 2 2 0 2 2 2 2 2 2 2 2 2 2 2 2 2 2 2 2 2 2 2 2 2 2 2 2 2 2 0 2 2 2 2 2 2 2 2 2 2 2 2 2 2 2 2 2 2 2 2 2 2 2 2 2 2 2 2 2 2 2 2 2 2 2 2 2 2 0 2 2 2 2 2 2 2 2 2 2 2 2 2 2 2 2 0 2 2 2 2 2 2 2 2 2 2 2 2 2 2 2 2 2 2 2 2 2 2 2 2 2 2 2 2 2 2 2 2 2 2 2 0 2 2 2 2 0 2 2 2 2 2 2 2
205 0 2 0 2 0 2 0 2 0 0 0 0 0 0 2 2 2 2 0 2 2 2 0 0 2 2 2 2 2 0 2 2 2 2 2 2 2 2 0 0 2 2 2 2 0 0 2 0 0 2 0 2 2 2 0 0 2 2 0 0 0 0 0 0 2 0 2 2 2 0 2 0 2 2 2 0 0 0 2 2 2 2 2 0 2 2 0 2 2 2 2 0 0 2 2 2 0 2 2 0 2 2 2 2 2 2 2 0 2 0 0 2 0 0 2 0 2 2 0 2 2 0 0 2 2 0 2 2 2 2 0 0 2 2 2 0 2 2 2 2 0 2 2 2 2 2 2 2 2 2 0 2 2 2 0 2 2 2 2 2 2 0 2 2 2 2 2 2 2 2 0 2 2 2 2 2 2 2 2 0 0 2 2 2 2 2 2 2 2 0 1 0 2 2 2 0 0 0 2 2 2 2 2 0 2 2 2 2 2 2 2 2 0 2 0 0 2 1 2 2 2 2 2 0 0 2 0 2 0 2 2 2 0 2 2 0 0 0 0 2 2 2 2 2 2
206 2 2 2 2 2 2 2 2 2 2 2 2 2 2 0 0 0 0 2 2 0 2 2 2 2 2 0 2 0 2 0 2 2 2 0 0 0 0 2 2 0 2 2 2 2 2 2 2 2 0 2 2 0 2 2 2 2 0 2 2 2 2 2 2 2 2 0 2 2 2 2 0 2 0 0 2 2 2 2 2 2 0 2 2 2 0 2 2 2 0 0 2 2 2 2 2 2 2 2 2 0 0 2 0 2 2 2 2 2 2 2 2 2 2 0 2 0 2 2 2 2 2 2 2 2 2 2 0 0 2 2 2 0 2 2 0 0 0 0 0 2 0 0 0 2 2 2 2 1 2 2 2 2 2 2 2 2 2 0 2 2 2 2 0 0 0 0 1 2 2 2 0 0 2 0 2 0 2 2 2 2 2 0 0 2 0 2 2 0 0 1 2 2 2 1 0 2 2 2 2 2 0 2 2 2 2 2 2 2 2 2 0 2 2 2 0 2 2 2 0 2 2 2 2 2 2 2 0 2 2 2 0 2 0 0 2 2 2 2 2 0 2 2 2 2
207 2 2 2 2 2 2 2 2 2 2 2 2 2 2 0 2 0 2 2 2 2 2 2 2 2 2 2 2 2 2 2 2 2 2 0 1 2 2 2 2 2 2 2 2 2 2 2 2 2 2 2 2 2 2 2 2 2 2 2 2 2 2 2 2 2 2 2 2 2 2 2 2 2 2 0 2 2 2 2 2 2 2 2 2 2 2 2 2 2 0 2 2 2 2 2 2 2 2 2 2 0 2 2 2 2 2 2 2 2 2 2 2 2 2 2 2 0 2 2 2 2 2 2 2 2 2 2 2 2 2 2 2 2 2 2 2 0 0 2 2 2 2 0 0 2 2 2 2 1 2 2 2 2 2 2 2 2 2 0 2 2 2 2 2 2 2 2 2 2 2 2 0 0 2 2 2 2 2 2 2 2 2 0 2 2 0 2 2 0 2 2 2 2 2 2 2 2 2 2 2 2 2 2 2 2 2 2 2 2 2 2 0 2 2 2 2 2 2 2 2 2 2 2 2 2 2 2 0 2 2 2 2 2 2 0 2 2 2 2 2 0 2 2 2 2
208 2 2 2 2 0 2 0 2 2 2 0 2 0 2 2 2 2 2 2 2 2 2 0 2 2 2 2 2 2 2 2 2 2 2 2 2 2 2 2 2 2 2 2 2 2 2 2 2 2 2 2 2 2 2 0 0 2 2 2 2 2 2 0 2 2 0 2 2 2 2 2 2 2 2 2 2 2 2 2 2 2 2 2 0 2 2 2 2 2 2 2 2 0 2 2 2 2 2 2 2 2 2 2 2 2 2 2 2 2 0 2 2 2 2 2 0 2 2 0 2 2 2 0 2 2 0 2 2 2 2 2 0 2 2 2 2 2 2 2 2 2 2 2 2 2 2 2 2 2 2 2 2 2 2 0 2 2 2 2 2 2 2 2 2 2 2 2 2 2 2 2 2 2 2 2 2 2 2 2 2 2 2 2 2 2 2 2 2 2 2 2 2 2 2 2 2 0 0 2 2 2 2 2 0 2 2 2 2 2 2 2 2 2 2 2 2 2 2 2 2 2 2 2 0 2 2 2 2 2 2 2 2 2 2 2 2 2 2 0 2 2 2 2 2 2
209 2 2 2 2 2 2 2 2 2 2 2 2 2 2 0 2 2 2 2 2 2 2 2 2 2 2 2 2 2 2 2 2 2 2 0 1 2 2 2 2 2 2 2 2 2 2 2 2 2 2 2 2 2 2 2 2 2 2 2 2 2 2 2 2 2 2 2 2 2 2 2 2 2 2 2 2 2 2 2 2 2 2 2 2 2 2 2 2 2 0 2 2 2 2 2 2 2 2 2 2 0 2 2 2 2 2 2 2 2 2 2 2 2 2 2 2 0 2 2 2 2 2 2 2 2 2 2 2 2 2 2 2 2 2 2 2 2 0 2 2 2 2 2 0 2 2 2 2 1 2 2 2 2 2 2 2 2 2 0 2 2 2 2 2 2 2 2 2 2 2 2 0 2 2 2 2 2 2 2 2 2 2 2 2 2 0 2 2 0 2 2 2 2 2 2 2 2 2 2 2 2 2 2 2 2 2 2 2 2 2 2 2 2 2 2 2 2 2 2 2 2 2 2 2 2 2 2 0 2 2 2 2 2 2 2 2 2 2 2 2 0 2 2 2 2
210 0 0 2 2 0 0 0 2 0 0 2 2 0 0 0 0 0 0 0 0 0 2 2 0 2 0 0 2 0 0 0 2 2 2 1 1 0 0 0 0 0 2 2 2 0 2 2 0 2 0 0 2 0 2 2 2 2 0 2 0 2 0 2 0 2 0 0 2 2 0 2 0 2 0 0 0 2 2 0 2 2 0 2 2 0 0 2 0 2 0 1 0 0 0 2 2 2 0 2 2 0 0 0 2 2 0 2 0 2 0 0 2 0 0 0 2 0 0 2 2 2 0 0 2 2 0 2 0 0 2 0 2 0 2 0 0 0 0 0 0 0 0 0 2 2 2 2 2 1 0 2 2 2 2 2 2 2 2 2 2 2 0 0 0 0 0 0 1 2 2 0 0 0 2 0 2 0 2 2 0 0 2 0 0 2 0 0 2 0 0 1 0 0 0 1 0 0 0 0 2 0 0 2 0 0 2 2 2 2 0 2 0 2 2 0 0 2 0 2 0 2 0 2 0 0 2 0 0 0 2 2 0 0 0 0 2 2 0 2 2 0 2 2 2 2
211 2 2 2 2 2 2 2 2 2 2 2 2 2 2 2 2 2 2 2 2 2 2 2 2 2 2 2 2 2 2 2 2 2 2 0 1 2 2 2 2 2 2 2 2 2 2 2 2 2 2 2 2 2 2 2 2 2 2 2 2 2 2 2 2 2 2 2 2 2 2 2 2 2 2 2 2 2 2 2 2 2 0 2 2 2 2 2 2 2 0 2 2 2 2 2 2 2 2 2 2 0 2 2 2 2 2 0 2 2 2 2 2 2 2 2 2 0 2 2 2 2 2 2 2 2 2 2 0 2 2 2 2 2 2 2 2 2 0 2 2 2 0 2 2 2 2 2 2 2 2 2 2 2 0 2 2 2 2 2 2 2 2 2 0 2 2 2 2 2 2 2 0 2 0 2 2 2 0 2 2 2 2 2 2 2 2 2 2 0 2 2 2 2 2 1 2 2 2 2 2 2 2 2 2 2 2 2 2 2 2 2 2 2 2 2 2 2 2 0 2 2 2 2 2 2 2 2 0 2 2 2 2 2 0 2 2 2 2 2 2 0 0 2 2 0
212 2 2 0 0 2 2 2 2 2 2 0 0 2 2 2 2 2 2 2 0 1 0 2 2 2 2 2 0 2 2 2 0 0 2 2 2 0 2 2 2 2 0 0 0 2 0 2 2 0 2 2 0 0 0 2 2 0 2 0 0 2 2 2 0 0 2 2 0 2 2 2 2 2 0 2 2 0 0 2 2 2 2 2 0 0 2 0 0 2 2 2 2 0 2 0 0 2 0 2 0 2 2 2 2 2 0 0 0 0 2 2 2 0 2 2 0 2 0 2 0 0 2 2 0 0 2 2 2 2 2 0 0 2 0 2 2 2 2 0 2 2 2 2 0 0 0 0 2 2 1 0 0 0 0 2 0 2 2 0 0 2 0 2 2 2 2 2 2 0 0 0 2 2 2 2 2 0 0 0 2 2 2 2 2 2 2 2 2 2 0 0 2 0 2 0 2 0 2 0 2 0 2 2 0 2 0 2 0 2 2 2 0 0 0 2 2 2 1 2 2 0 2 0 2 0 0 2 2 2 2 0 2 2 2 0 0 2 2 2 2 2 0 0 2 0
213 2 2 2 2 2 2 2 2 2 2 0 0 2 2 2 2 2 2 2 2 0 0 2 2 0 2 2 0 2 2 0 0 2 2 2 2 2 2 2 0 2 2 2 2 2 2 2 2 2 2 0 2 0 0 2 2 2 2 2 2 2 2 2 0 0 2 2 2 2 2 2 2 2 0 2 2 2 0 2 2 2 2 0 2 2 2 2 0 2 2 2 2 2 2 2 2 2 0 2 2 2 2 2 0 2 0 2 2 2 2 2 0 2 2 0 2 2 2 2 2 2 2 2 2 2 2 0 2 2 2 0 2 2 2 2 2 2 2 2 2 2 2 2 2 2 2 2 2 1 1 0 2 2 2 2 2 2 2 2 0 2 2 2 2 2 2 2 2 2 0 2 2 2 2 2 2 2 2 0 2 2 2 0 2 2 2 2 2 2 0 1 2 0 2 1 2 0 2 2 2 2 2 2 0 2 2 2 0 2 0 2 2 2 2 2 2 2 2 2 2 0 2 2 2 2 2 2 2 2 2 0 2 2 2 2 0 2 2 2 0 2 2 2 2 2
214 2 0 2 2 2 2 2 2 2 2 2 2 2 2 2 2 2 2 2 2 2 2 2 2 2 0 2 2 2 2 2 2 2 2 2 0 2 0 0 2 0 2 2 2 2 2 2 2 2 2 2 2 0 2 2 2 2 0 2 2 2 2 2 2 2 2 0 2 2 2 2 2 2 0 2 2 2 2 0 2 2 2 2 2 2 2 2 2 2 2 2 0 2 0 2 2 2 2 2 2 0 2 0 2 2 2 2 2 2 2 0 2 2 2 2 2 0 2 0 2 0 2 0 2 2 2 2 2 2 0 2 0 2 2 0 2 2 0 2 2 2 2 2 2 2 2 2 2 2 2 2 2 2 2 2 2 0 2 2 2 2 2 2 2 2 2 2 2 2 2 2 0 2 2 2 2 2 2 2 2 2 0 2 2 2 2 2 0 2 2 2 2 2 2 2 2 2 2 2 2 2 2 2 2 0 2 0 2 2 2 2 2 2 2 2 0 2 2 2 2 2 2 2 2 2 2 2 2 0 2 2 0 2 2 2 2 0 2 0 2 0 2 2 0 2
215 2 2 2 2 2 2 2 0 0 2 2 2 2 2 2 2 2 2 2 2 2 2 2 2 2 2 2 2 2 2 2 2 2 2 2 2 2 2 2 2 2 2 0 2 2 2 0 2 2 2 2 0 2 0 2 2 2 2 2 0 2 2 2 2 2 2 2 2 2 2 2 2 2 2 2 2 2 2 2 2 2 2 2 2 2 2 2 2 2 2 2 2 2 2 0 2 2 2 0 2 2 2 2 2 2 2 2 2 2 2 2 2 2 2 2 2 2 2 2 2 2 2 2 2 2 2 2 0 2 2 2 2 2 2 2 2 2 2 2 2 2 2 2 2 2 2 0 0 2 2 2 2 0 2 2 0 2 2 2 2 0 2 2 2 2 2 2 2 0 2 2 2 2 0 2 2 2 2 2 2 2 2 2 2 0 2 2 2 2 2 2 2 2 2 1 2 2 2 2 2 2 2 2 2 2 2 2 0 0 2 0 2 2 2 2 2 2 2 2 2 2 2 2 2 2 2 2 2 2 0 0 2 2 2 2 0 2 2 2 0 2 2 2 2 2
216 2 2 0 0 2 2 2 0 0 2 0 0 2 2 2 2 2 2 2 0 0 0 2 2 0 2 2 0 2 2 0 0 2 2 2 2 2 2 2 0 2 2 0 0 2 0 0 2 0 0 0 0 2 0 2 2 0 2 0 0 0 2 2 0 0 2 2 0 2 2 0 0 0 2 2 2 0 0 2 0 2 2 0 0 2 2 0 0 0 2 2 2 2 2 0 2 0 0 0 0 2 2 2 0 0 2 2 0 0 2 2 0 2 2 2 2 2 2 2 2 2 0 2 0 0 2 0 0 2 2 0 2 2 2 2 2 2 2 2 2 2 2 2 0 0 0 0 0 1 0 2 0 0 2 2 0 2 0 0 0 0 2 0 2 2 2 0 1 0 0 2 2 2 2 0 0 2 2 0 2 2 2 2 2 2 2 2 2 2 0 1 2 0 0 1 2 2 2 0 0 2 2 0 2 2 2 2 0 0 0 0 2 0 0 2 2 0 1 2 2 0 2 0 2 2 2 2 2 2 0 0 2 2 2 2 0 2 2 2 0 2 2 0 2 2
217 2 2 2 2 2 2 0 2 2 2 2 2 2 2 2 2 2 0 2 0 2 2 2 2 2 0 2 2 0 2 2 2 0 2 2 2 2 2 2 2 2 0 2 2 2 2 2 2 2 2 0 2 2 2 2 2 2 2 2 2 2 2 2 2 2 2 2 2 2 2 2 2 2 2 2 2 2 2 0 2 2 2 2 2 2 2 2 2 2 2 2 2 0 2 2 0 2 2 2 2 2 2 2 0 2 2 2 2 2 0 2 2 2 2 2 2 2 2 0 0 2 0 2 2 2 0 2 2 2 0 2 0 2 0 2 2 2 2 2 2 2 2 2 2 2 2 2 2 2 2 2 2 2 2 2 2 2 2 2 2 2 2 2 2 2 2 2 2 2 2 2 2 2 2 2 2 2 2 2 2 2 2 2 2 2 2 2 2 2 2 1 2 2 2 2 2 2 2 2 2 2 2 2 2 2 2 2 2 2 2 2 2 2 2 2 2 2 2 0 2 2 2 2 0 2 2 2 2 0 2 2 0 2 2 2 2 2 2 0 2 2 2 2 2 2
218 2 2 2 0 2 2 2 2 2 2 2 0 2 2 2 2 2 2 2 2 2 2 2 2 2 2 2 2 2 2 2 2 2 2 0 2 2 2 2 2 2 2 2 2 2 2 0 2 2 2 2 2 2 0 2 2 2 2 2 2 2 2 2 0 2 2 2 2 2 2 2 2 2 2 2 2 2 0 2 2 2 2 2 2 2 2 2 2 2 0 2 2 2 2 2 2 2 2 2 2 2 2 2 2 2 2 2 2 2 2 2 2 2 2 2 2 2 0 2 2 2 2 2 2 2 2 0 2 0 2 2 2 2 2 2 2 2 2 2 2 2 2 2 2 2 2 2 2 2 2 2 2 2 2 2 2 0 0 2 2 2 2 2 2 2 2 0 2 2 2 2 2 2 2 0 2 2 2 2 2 2 2 2 2 2 2 2 2 2 2 2 2 2 2 2 2 2 2 2 2 2 2 0 2 2 2 2 2 0 2 2 2 2 2 2 2 0 2 2 2 0 2 2 2 2 2 2 2 2 2 2 2 2 2 2 2 2 2 2 2 2 2 2 2 2
219 2 2 2 2 2 2 0 0 2 2 0 2 2 2 2 2 2 2 2 2 2 2 0 2 0 0 2 2 2 2 2 2 0 2 0 2 0 2 2 2 2 0 2 0 2 2 2 2 2 2 0 2 2 0 0 1 0 2 2 0 2 2 2 0 0 2 2 2 2 0 0 0 2 2 2 2 2 2 0 2 2 2 2 0 0 2 2 0 0 0 2 2 0 2 0 0 2 2 0 2 2 2 2 0 2 2 2 2 0 2 0 2 2 2 2 0 2 0 2 0 2 2 2 0 2 0 0 0 0 2 0 0 2 0 2 2 2 2 2 2 2 2 2 0 2 2 2 2 1 2 2 2 1 2 0 2 0 0 0 2 2 2 0 2 2 2 0 1 0 2 2 2 2 2 0 2 2 2 2 2 2 0 2 2 2 2 2 2 2 0 0 2 0 2 2 2 2 2 0 2 2 2 0 2 2 2 2 0 2 2 0 2 2 2 0 2 0 2 2 2 0 2 2 0 2 2 2 2 0 2 0 0 2 2 2 2 0 2 2 0 2 2 2 2 2
220 2 0 0 0 0 0 0 2 2 2 0 0 0 2 0 0 0 0 0 0 0 0 0 2 0 0 0 0 0 0 2 0 0 2 0 0 0 0 0 2 0 0 0 0 2 0 0 2 0 2 0 0 2 0 0 0 0 0 0 0 0 2 2 0 0 0 0 0 2 0 0 0 0 2 0 0 0 0 0 0 0 0 0 0 0 0 0 0 0 0 0 0 0 0 0 0 2 0 2 0 2 2 0 2 0 0 2 0 0 0 0 0 2 2 0 0 0 0 0 0 0 0 0 0 0 0 0 0 0 0 0 2 2 0 0 0 0 0 2 0 2 2 0 0 0 2 0 2 0 0 0 0 0 2 0 0 0 0 0 0 0 2 0 2 0 0 0 1 0 0 2 0 0 0 0 2 2 2 0 2 2 0 0 0 0 0 2 2 0 0 0 2 0 0 1 0 0 2 0 0 0 0 0 0 0 2 0 0 0 0 0 0 0 0 0 0 0 0 2 2 0 0 0 0 2 2 2 2 0 2 0 0 2 2 0 0 0 2 0 0 0 2 2 2 2
221 2 2 2 2 2 2 2 2 2 2 2 2 2 2 2 2 0 2 2 2 2 2 2 2 2 2 0 2 2 2 2 2 2 2 2 1 2 2 2 2 2 2 2 2 2 2 2 2 2 2 2 2 2 2 2 2 2 2 2 2 2 2 2 2 2 2 2 2 2 2 2 2 2 2 0 2 2 2 2 2 2 2 2 2 2 0 2 2 2 2 0 2 2 2 2 2 2 2 2 2 2 2 2 2 2 2 2 2 2 2 2 2 2 2 2 2 2 2 2 2 2 2 2 2 2 2 2 2 2 2 2 2 2 2 2 0 2 2 2 0 2 2 0 2 2 2 2 2 2 2 2 2 2 2 2 2 2 2 2 2 2 2 2 2 0 0 2 2 2 2 2 2 0 2 2 2 2 2 2 2 2 2 2 0 2 2 2 2 2 2 2 2 2 2 2 0 2 2 2 2 2 0 2 2 2 2 2 2 2 2 2 2 2 2 2 2 2 2 2 2 2 2 2 2 2 2 2 2 2 2 2 2 2 2 2 2 2 2 2 2 2 2 2 2 2
222 0 0 2 0 0 0 0 0 2 0 2 2 0 0 0 2 0 2 0 2 2 2 0 0 0 2 0 2 2 0 2 2 0 0 0 0 2 0 2 2 2 0 0 0 0 2 0 0 2 2 2 0 0 0 0 0 0 0 2 2 0 0 0 0 0 0 0 2 2 2 0 2 2 0 0 0 2 2 0 2 0 2 0 0 0 0 2 0 0 0 0 2 0 0 0 0 0 2 0 2 2 2 0 2 0 2 0 0 0 0 2 0 0 0 2 0 0 0 0 0 2 2 2 0 0 0 2 0 2 2 2 0 2 0 2 0 0 0 2 0 0 0 0 0 0 0 0 2 0 1 0 0 0 0 0 0 0 0 0 0 0 2 0 0 0 0 0 1 0 0 2 0 0 0 0 2 2 0 0 0 2 2 0 0 0 2 2 0 0 2 1 2 0 2 0 0 0 0 0 0 0 0 0 0 2 0 0 0 0 2 0 0 2 0 2 0 0 2 0 2 0 2 2 0 2 0 2 0 0 0 0 0 0 0 0 0 2 0 0 0 0 0 0 0 0
223 2 2 2 2 0 2 2 2 2 2 2 2 0 2 2 2 2 2 0 2 2 2 2 2 2 2 2 2 2 0 2 2 2 2 2 2 2 0 2 2 2 2 0 0 2 2 0 2 2 2 2 0 2 2 2 2 2 0 2 2 2 2 2 2 2 0 0 2 2 2 0 2 2 2 2 0 2 2 2 2 2 2 2 2 2 2 2 2 0 2 2 2 2 2 0 2 0 2 2 2 2 2 2 2 2 2 2 2 0 2 2 2 0 2 2 2 2 0 2 2 2 2 2 0 2 2 2 2 2 2 2 2 2 2 2 2 2 2 2 2 2 2 2 0 2 0 0 2 2 2 2 0 0 2 2 0 2 2 0 2 0 2 0 2 2 2 2 2 2 2 2 2 2 2 2 2 2 2 2 2 2 2 2 2 2 2 2 0 2 2 2 2 2 2 1 2 0 0 0 1 0 2 2 2 2 2 2 0 0 2 0 2 2 2 2 0 2 2 2 2 2 2 2 2 2 0 2 2 2 2 0 2 2 2 2 2 2 2 2 0 2 2 0 0 2
224 2 2 0 2 0 0 2 0 0 2 0 0 0 2 0 0 0 2 0 0 0 0 2 2 2 0 0 0 2 0 0 0 2 0 0 0 0 0 0 0 0 2 0 0 2 0 0 2 0 0 0 0 0 0 2 2 2 0 0 0 2 2 0 0 0 0 0 0 2 0 0 0 0 0 0 0 0 0 0 0 2 0 2 2 2 0 0 2 0 0 0 0 0 0 0 2 0 0 0 0 0 0 2 0 2 0 0 0 0 2 0 2 0 2 0 2 0 0 2 2 0 0 0 0 2 2 0 0 0 0 0 2 0 2 0 0 0 0 0 0 2 0 0 0 0 0 0 0 1 1 2 0 0 0 2 0 0 0 0 0 0 2 0 0 0 0 0 0 0 0 2 0 0 2 0 0 0 0 0 2 0 0 2 0 2 0 0 0 0 0 1 0 2 0 0 0 0 0 0 1 0 0 0 2 0 0 2 0 0 0 0 2 0 0 0 0 0 0 0 0 0 0 0 2 2 0 0 0 2 0 0 0 2 0 2 2 0 2 2 0 0 0 0 0 0
225 2 2 2 2 2 2 2 2 2 2 2 2 2 2 2 2 2 2 2 2 2 2 2 2 2 2 2 2 2 2 2 2 2 2 0 1 2 2 2 2 2 2 2 2 2 2 2 2 2 2 2 2 2 2 2 2 2 2 2 2 2 2 2 0 2 2 2 2 2 2 2 2 2 2 2 2 2 2 2 2 2 2 2 2 2 2 2 2 2 0 2 2 2 2 2 2 2 2 2 2 2 2 2 2 2 2 2 2 2 2 0 2 2 2 2 2 0 2 2 2 2 2 2 2 2 2 2 2 2 2 2 2 2 2 2 2 2 0 2 2 2 2 2 2 2 2 2 2 2 2 2 2 2 2 2 2 0 0 2 2 2 2 2 2 2 2 0 2 2 2 2 0 2 2 0 2 2 2 2 2 2 2 2 2 2 2 2 2 2 2 2 2 2 2 2 2 2 2 2 2 2 2 0 2 2 2 2 2 2 2 2 2 2 2 2 2 0 2 2 2 0 2 2 2 2 2 2 2 2 2 2 2 2 2 2 2 2 2 2 2 0 2 2 2 2
226 0 0 0 0 2 2 0 2 0 0 2 0 2 0 2 2 2 0 2 0 0 0 0 0 0 2 2 0 0 2 0 0 0 0 0 1 0 2 0 0 0 0 0 0 0 0 0 0 0 0 0 0 2 0 0 0 0 2 0 0 0 0 0 0 0 2 2 0 2 0 0 2 0 2 2 2 0 0 0 0 0 0 0 0 0 2 0 0 0 0 2 0 0 0 0 0 2 0 2 0 0 2 0 0 0 0 2 0 0 0 0 0 0 0 0 0 0 0 0 0 0 0 2 0 0 0 0 0 0 2 0 0 2 0 0 2 2 0 0 2 0 2 2 0 0 2 0 0 1 0 0 0 0 2 0 0 0 0 0 0 0 2 0 2 2 2 0 0 0 0 2 0 2 0 0 0 0 2 0 0 0 0 0 2 0 0 0 2 2 2 1 0 0 0 1 2 2 0 0 0 0 2 0 0 0 2 0 0 0 0 0 0 0 0 0 2 0 1 0 0 0 0 0 0 2 2 0 2 0 2 0 2 0 2 0 2 0 0 0 0 0 2 2 2 2
227 2 2 2 2 2 2 0 2 2 2 2 2 2 2 2 2 2 2 2 2 2 2 2 2 2 2 2 2 2 2 2 2 0 2 2 2 2 2 2 2 2 0 2 2 2 2 2 2 2 2 2 2 2 2 2 2 2 2 2 2 2 2 2 2 2 2 2 2 2 2 2 2 2 2 2 2 2 2 2 2 2 2 0 2 2 2 2 0 2 2 2 2 2 2 2 0 2 2 2 2 2 2 2 2 2 2 2 0 2 2 2 0 2 2 2 0 2 2 0 0 2 2 2 2 0 0 2 2 2 2 2 0 2 0 2 2 2 2 2 2 2 2 2 2 2 2 2 2 2 2 2 2 2 2 2 2 2 2 2 2 2 2 2 2 2 2 2 2 2 2 2 2 2 2 2 0 2 2 2 2 2 2 2 2 2 2 0 2 2 2 1 2 0 2 2 2 2 0 2 2 2 2 2 2 2 2 2 2 2 2 2 2 2 2 2 2 2 2 2 2 2 2 2 0 2 0 2 2 0 2 2 2 2 2 2 2 2 2 0 2 2 2 2 2 2
228 0 0 2 2 2 2 2 2 2 0 2 2 2 0 2 2 2 2 2 2 2 2 0 0 0 2 2 2 2 2 2 2 2 0 2 2 2 2 2 2 2 2 2 2 0 2 2 0 2 2 2 2 2 2 0 0 0 2 2 2 2 0 2 2 2 2 2 2 2 2 2 2 2 2 2 2 2 2 2 2 2 0 2 0 0 2 2 2 2 2 2 2 2 2 2 2 2 2 2 2 2 2 0 2 2 2 2 2 2 0 2 2 2 0 2 2 2 2 2 2 2 2 2 2 2 2 2 2 0 2 2 2 2 2 2 2 2 2 2 2 0 2 2 2 2 2 2 2 1 1 0 2 2 2 0 2 2 2 2 2 2 2 2 2 2 2 2 2 2 2 2 2 2 2 2 2 2 2 2 0 2 2 2 2 2 0 2 2 2 2 2 2 2 2 2 2 2 2 2 2 2 2 2 0 2 2 0 2 2 2 2 2 2 2 2 2 2 2 2 2 2 2 2 2 2 2 2 2 2 2 2 2 0 2 2 2 2 0 2 2 2 2 2 2 2
229 2 2 2 2 2 0 2 2 2 2 2 2 2 2 0 2 0 2 2 2 2 2 2 2 2 2 0 2 2 2 2 2 2 2 2 1 2 2 2 2 2 2 2 2 2 2 2 2 2 2 2 2 2 2 2 2 2 2 2 2 2 2 2 2 2 2 2 2 2 2 2 2 2 2 0 2 2 2 2 2 2 2 2 2 2 0 2 2 2 2 0 2 2 2 2 2 2 2 2 2 2 0 2 2 2 2 2 2 2 2 2 2 2 2 2 2 2 2 2 2 2 2 2 2 2 2 2 2 2 2 2 2 0 2 2 0 0 2 2 0 2 2 0 2 2 2 2 2 1 2 2 2 2 2 2 2 2 2 2 2 2 2 2 2 0 0 2 2 2 2 2 2 0 2 2 2 2 2 2 2 2 2 2 0 2 2 2 2 2 2 2 2 2 2 2 0 2 2 2 2 2 0 2 2 2 2 2 2 2 2 2 2 2 2 2 2 2 2 2 2 2 2 2 2 2 2 2 2 2 2 2 2 2 2 2 2 2 2 2 2 2 2 2 2 2
230 0 0 2 2 2 2 0 2 2 0 0 2 2 0 2 0 2 0 2 2 2 2 0 0 0 0 2 2 0 2 2 2 0 0 2 2 2 2 2 2 2 0 2 2 0 2 2 0 2 2 2 2 2 2 0 0 0 2 2 2 2 0 2 2 2 2 2 2 2 2 2 0 2 2 2 2 2 2 2 2 2 0 0 0 0 2 2 0 0 2 2 2 2 2 2 0 2 2 2 2 2 2 0 2 2 2 2 0 0 0 2 0 2 0 2 0 2 2 0 0 2 2 0 2 0 0 2 2 0 0 2 0 2 0 2 2 2 2 2 2 0 2 2 2 0 2 2 2 1 1 0 2 2 2 0 2 2 2 2 2 0 2 2 2 2 2 2 2 0 2 2 2 2 2 2 0 2 2 2 0 2 2 2 2 2 0 0 2 2 0 0 2 0 2 2 2 0 0 2 2 2 2 2 0 2 2 0 2 2 2 2 0 2 0 2 2 2 1 2 2 2 2 2 0 2 0 2 2 0 2 2 0 0 2 0 0 2 0 0 2 2 2 2 2 2
231 2 2 2 2 0 2 2 2 2 2 2 2 0 2 2 2 2 2 0 2 2 2 2 2 2 2 2 2 2 0 2 2 2 2 2 2 2 0 2 2 2 2 0 0 2 2 0 2 2 2 2 0 2 2 2 2 2 0 2 2 2 2 0 2 2 0 0 2 2 2 0 2 2 2 2 0 2 2 0 2 2 2 2 2 2 2 2 2 2 2 2 2 0 2 0 2 0 2 2 2 2 2 2 2 2 2 2 2 2 2 2 2 0 2 2 2 2 0 2 2 0 2 2 0 2 2 2 2 2 2 2 2 2 2 0 2 2 2 2 2 2 2 2 0 2 0 0 2 2 2 2 0 0 2 2 2 2 2 0 0 2 2 2 2 2 2 0 2 2 0 2 2 2 2 0 2 2 2 0 2 2 2 2 2 2 2 2 0 2 2 2 2 2 2 1 2 2 2 0 2 2 2 2 2 0 2 2 0 0 2 0 2 2 2 2 0 2 2 0 2 2 2 2 2 2 2 2 2 2 2 0 2 2 2 2 2 2 2 2 0 2 2 0 0 2
232 0 2 2 2 2 0 2 0 2 0 0 2 2 0 0 2 0 2 2 2 2 2 0 0 0 2 0 2 2 2 2 2 2 2 2 1 2 2 2 2 2 2 2 2 0 2 2 0 2 2 2 2 0 2 0 0 2 2 2 2 2 0 2 2 2 2 2 2 0 2 2 2 2 0 0 2 2 2 2 2 0 0 0 0 2 0 2 2 2 2 0 2 2 2 2 2 2 2 0 2 2 0 2 2 2 2 0 2 2 2 2 0 2 0 2 0 2 2 0 2 2 2 2 2 0 2 2 2 0 2 2 0 0 2 2 0 0 2 0 0 0 0 0 0 2 2 2 2 0 2 0 2 2 0 0 2 2 2 0 2 2 2 2 2 0 0 2 0 2 2 2 2 0 2 2 2 0 0 2 0 2 2 2 0 2 2 2 2 0 2 2 2 2 2 1 0 2 2 2 2 2 0 2 0 2 2 0 2 2 2 2 2 2 2 2 2 2 2 0 0 2 2 2 2 2 0 2 0 2 2 2 2 0 2 2 2 2 0 0 2 2 0 2 2 0
233 2 2 2 2 0 2 0 2 2 2 2 2 0 2 2 2 2 2 0 2 2 2 2 2 2 2 2 2 2 0 2 2 0 2 2 2 2 2 2 2 2 0 2 2 2 2 2 2 2 2 2 2 2 2 2 2 2 2 2 2 2 2 2 2 2 0 2 2 2 2 2 2 2 2 2 0 2 2 0 2 2 2 2 2 0 2 2 0 2 2 2 2 0 2 2 0 2 2 2 2 2 2 2 2 2 2 2 2 2 2 2 2 2 2 2 2 2 2 2 0 2 2 2 2 2 0 2 2 2 2 2 2 2 0 2 2 2 2 2 2 2 2 2 2 2 0 2 2 2 2 2 2 2 2 2 2 2 2 2 0 2 2 2 2 2 2 2 2 2 0 2 2 2 2 2 2 2 2 0 2 2 2 2 2 2 2 2 2 2 2 1 2 0 2 2 2 0 2 2 2 2 2 2 2 2 2 2 2 2 2 2 2 2 2 2 2 2 2 2 2 2 2 2 0 2 2 2 2 2 2 2 2 2 0 2 2 2 2 2 2 2 2 2 2 2
234 0 0 0 0 0 0 0 0 0 0 0 0 0 0 0 0 0 0 0 0 0 0 0 0 2 0 0 0 0 0 0 0 0 0 0 1 0 0 0 0 0 0 0 0 0 0 0 0 0 0 0 0 0 0 0 0 0 0 0 0 0 0 0 0 0 0 0 0 0 0 0 0 0 0 0 0 0 0 0 0 0 0 0 0 0 0 0 0 0 0 0 0 0 2 0 0 2 0 0 0 0 0 0 0 0 0 0 0 0 0 0 0 0 0 0 0 2 0 0 0 0 0 0 0 0 0 0 0 0 0 0 0 0 0 0 0 0 2 0 0 0 0 0 2 0 0 0 0 1 0 0 0 0 0 0 0 0 0 2 0 0 0 0 0 0 0 0 1 2 0 0 2 0 0 0 0 0 0 0 0 0 0 0 0 0 0 0 0 0 0 0 0 0 0 1 0 0 0 2 0 0 0 0 0 0 2 0 0 0 0 0 0 0 0 0 2 0 0 0 0 0 0 0 0 0 0 0 0 0 0 0 0 0 0 0 0 0 0 0 0 2 0 2 2 0
235 2 2 2 2 2 0 2 2 2 2 2 2 2 2 0 2 0 2 2 2 2 2 2 2 2 2 0 2 2 2 2 2 2 2 2 1 2 2 2 2 2 2 2 2 2 2 2 2 2 2 2 2 2 2 2 2 2 2 2 2 2 2 2 2 2 2 2 2 2 2 2 2 2 2 0 2 2 2 2 2 0 0 2 2 2 0 2 2 2 2 0 2 2 2 2 2 2 2 2 2 2 0 2 2 2 2 2 2 2 2 2 2 2 2 2 2 2 0 2 2 2 2 2 2 2 2 2 2 2 2 2 2 0 2 2 0 0 2 2 0 2 2 0 2 2 2 2 2 1 2 2 2 2 2 2 2 2 2 2 2 2 2 2 2 0 0 2 2 2 2 2 2 0 2 2 2 2 2 2 2 2 2 2 0 2 2 2 2 2 2 2 2 2 2 2 0 2 2 2 2 2 0 2 2 2 2 2 2 2 2 2 2 2 2 2 2 2 2 2 2 2 2 2 2 2 2 2 0 2 2 2 2 2 2 2 2 2 2 2 2 2 2 2 2 2
236 2 2 2 0 2 2 2 2 2 2 0 0 2 2 2 2 2 0 2 0 2 0 2 2 2 0 2 0 0 2 0 0 2 2 0 2 2 2 0 0 2 2 2 2 2 2 2 2 2 0 2 2 2 2 2 2 2 2 2 0 0 2 2 2 2 2 2 0 2 2 2 2 0 2 2 2 2 0 2 2 2 2 2 2 2 2 2 2 2 0 2 0 2 2 2 2 2 2 2 2 2 2 2 0 2 2 2 2 2 2 2 2 2 2 2 2 2 2 2 2 0 0 2 2 2 2 2 2 2 0 2 2 2 2 2 2 2 2 2 2 2 2 2 2 2 2 2 2 2 2 2 2 2 2 2 2 2 0 2 2 2 2 2 2 2 2 0 2 2 2 2 2 2 2 0 2 2 2 2 2 2 2 2 2 2 2 2 2 2 0 1 2 2 2 2 2 2 2 2 2 2 2 0 2 2 2 2 2 2 2 2 2 2 2 2 2 0 2 2 2 2 2 0 2 2 2 2 2 2 2 2 2 2 2 2 2 2 2 2 2 2 2 2 2 2
237 2 2 0 0 2 2 2 0 0 2 0 0 2 2 2 2 2 0 2 0 0 0 2 2 2 0 2 0 0 2 0 0 2 2 0 2 2 2 1 0 0 2 2 2 2 0 2 1 0 0 2 2 0 2 2 2 2 2 0 0 0 2 2 2 2 2 2 0 2 2 2 0 0 0 2 2 0 0 2 2 2 2 2 2 2 2 0 2 2 0 2 0 2 2 0 2 2 0 0 0 2 2 2 0 2 0 0 2 2 2 2 2 2 2 0 2 2 2 2 2 0 0 0 2 2 2 0 2 2 0 2 2 2 2 2 2 2 2 2 2 2 0 2 2 2 2 2 2 2 0 2 2 2 0 2 2 0 0 2 2 2 0 2 2 2 2 0 2 2 2 0 2 2 0 0 2 2 0 2 2 2 2 0 2 0 2 2 2 0 2 1 2 2 2 1 2 2 2 0 2 2 2 0 2 2 2 2 2 2 0 2 2 0 2 2 2 0 1 2 2 2 2 0 2 0 2 2 2 2 2 2 2 2 2 2 0 2 2 2 2 2 0 2 2 0
238 0 2 2 0 2 2 2 0 0 0 0 0 2 0 2 0 0 2 2 0 2 0 2 0 2 0 0 0 2 2 0 0 2 2 0 1 2 2 0 0 2 2 2 2 0 2 2 0 2 0 0 2 0 2 2 2 2 2 2 0 0 0 2 2 2 2 2 2 2 2 2 0 0 0 0 2 2 0 2 2 0 0 2 2 2 0 2 2 2 0 0 0 2 2 2 2 2 2 0 2 0 0 2 0 2 2 0 2 2 2 2 2 2 0 2 2 2 2 2 2 0 0 0 2 2 2 2 2 2 0 2 2 0 2 2 0 2 0 2 0 0 2 0 2 2 2 2 2 2 2 2 2 2 0 2 0 2 0 2 2 0 2 2 0 0 0 2 2 2 2 2 0 0 2 2 2 2 0 2 0 0 2 2 0 2 2 2 2 0 0 1 0 2 2 1 0 2 2 2 2 2 0 0 2 2 2 2 2 2 2 0 2 2 2 2 2 0 1 2 2 2 2 2 2 2 2 0 0 2 2 2 0 0 2 2 2 2 0 2 2 2 0 0 0 2
239 2 2 2 2 2 2 2 2 2 2 2 2 2 2 2 2 0 2 2 2 2 2 2 2 2 2 0 2 2 2 2 2 2 2 2 1 2 2 2 2 2 2 2 2 2 2 2 2 2 2 2 2 2 2 2 2 2 2 2 2 2 2 2 2 2 2 2 2 2 2 2 2 2 2 0 2 2 2 2 2 2 0 2 2 2 0 2 2 2 2 0 2 2 2 2 2 2 2 2 2 2 0 2 2 2 2 2 2 2 2 2 2 2 2 2 2 2 2 2 2 2 2 2 2 2 2 2 2 2 2 2 2 0 2 2 0 2 0 2 0 2 2 2 2 2 2 2 2 2 2 2 2 2 2 2 0 2 2 2 2 2 2 2 2 0 0 2 2 2 2 2 0 2 2 2 2 2 2 2 2 0 2 2 0 2 2 2 2 2 2 2 0 2 2 2 0 2 2 2 2 2 0 2 2 2 2 2 2 2 2 2 2 2 2 2 2 2 2 2 2 2 2 2 2 2 2 0 2 2 2 2 2 2 2 2 2 2 2 2 2 2 2 2 2 2
240 2 2 2 2 2 2 2 2 2 2 2 2 2 2 2 2 2 2 2 2 2 2 2 2 0 2 2 2 2 2 2 2 2 2 2 2 2 2 2 2 2 2 2 2 2 2 2 2 2 2 2 2 2 2 2 2 2 2 2 2 2 2 2 2 2 2 2 2 0 2 0 2 2 2 2 2 2 2 2 2 2 2 0 2 2 2 2 2 2 2 2 2 2 2 2 2 2 2 2 2 2 2 2 2 2 2 2 0 2 2 2 0 2 2 2 0 2 2 2 2 2 2 2 2 2 2 2 2 2 2 2 2 2 2 2 2 2 2 2 2 2 2 2 2 0 2 2 2 1 2 2 2 0 2 2 2 2 2 2 2 2 2 2 2 2 2 2 1 2 2 2 2 2 2 2 0 2 2 2 2 2 2 2 2 2 2 0 2 2 2 2 2 2 2 2 2 2 0 2 2 2 2 2 2 2 2 2 2 2 2 2 2 2 0 2 2 2 2 2 2 2 2 2 2 2 2 2 2 0 2 2 2 2 2 2 2 2 2 2 2 2 2 2 2 2
241 2 0 2 2 2 2 2 0 2 2 2 2 2 2 2 2 2 2 2 2 2 2 2 2 2 2 2 2 2 2 2 2 2 0 2 2 2 0 2 2 2 2 2 2 2 2 2 2 2 2 2 2 2 2 2 2 2 0 2 2 2 2 2 2 2 2 0 2 2 2 2 2 2 2 2 2 2 2 2 0 2 2 2 2 2 2 2 2 2 2 2 2 2 2 2 2 0 2 0 2 2 2 0 2 2 2 0 2 2 0 2 2 2 2 2 2 2 2 2 2 2 2 2 2 2 2 2 2 2 2 2 2 2 2 0 2 2 2 2 2 2 2 2 2 2 2 2 2 2 2 2 2 2 0 2 2 2 2 2 2 2 2 2 2 2 2 2 2 2 2 2 2 2 2 2 2 2 0 2 2 2 0 2 2 2 2 2 2 0 2 2 2 2 0 1 2 2 2 2 2 2 2 2 2 0 2 2 2 2 2 2 2 2 2 2 2 2 1 2 2 2 2 2 2 2 2 2 0 2 2 2 2 2 2 2 0 0 2 2 2 2 0 2 2 2
242 2 2 2 2 2 2 0 2 2 2 2 2 2 2 2 2 2 2 0 2 0 2 2 2 2 2 2 2 2 0 2 2 0 2 2 2 2 2 2 2 0 0 2 2 2 2 2 2 2 2 2 2 2 2 2 2 2 2 2 2 2 2 2 2 2 2 2 2 2 2 2 2 2 2 2 0 2 2 0 2 2 2 2 2 0 2 2 0 2 2 2 2 0 2 2 0 2 0 2 2 2 2 2 2 2 0 2 2 2 2 2 2 2 2 0 2 2 2 2 0 2 2 2 2 2 0 0 2 2 2 2 2 2 0 2 2 2 2 2 2 2 2 2 2 2 0 2 2 2 0 2 2 2 2 2 2 0 2 2 0 2 2 2 2 2 2 2 2 2 0 2 2 2 2 2 2 2 2 0 2 2 2 0 2 2 2 2 2 2 2 1 2 0 2 2 2 0 2 2 2 2 2 2 2 2 2 0 2 2 0 2 2 2 2 2 2 2 2 2 2 2 2 2 0 2 2 2 2 2 2 2 2 2 0 2 2 2 2 2 2 2 2 2 2 2
243 0 2 2 2 2 2 2 2 2 0 2 2 2 0 2 0 2 2 2 2 2 2 2 0 2 0 2 2 2 2 2 2 2 2 2 2 2 2 2 2 2 2 2 2 0 2 2 0 2 2 2 2 2 2 2 2 2 2 2 2 2 0 2 2 2 2 2 2 2 2 2 0 2 2 2 2 2 2 2 2 2 2 2 2 2 2 2 2 2 2 2 2 2 2 2 2 2 2 2 2 2 2 2 2 2 2 2 2 2 2 2 2 2 0 2 2 2 2 2 2 0 2 0 2 2 2 2 2 2 0 2 2 2 2 2 2 2 2 2 2 0 2 2 2 2 2 2 2 2 2 2 2 2 2 2 2 2 2 2 2 0 2 2 2 2 2 2 2 2 2 2 2 2 2 2 2 2 2 2 0 2 2 2 2 2 2 2 2 2 0 1 2 2 2 2 2 2 2 2 2 2 2 2 2 2 2 2 2 2 2 2 2 2 2 2 2 2 1 2 2 2 2 2 2 2 2 2 2 2 2 2 0 0 2 2 2 2 0 2 2 2 2 2 2 2
244 2 2 2 1 2 2 0 2 2 2 2 2 2 2 2 2 2 2 0 2 2 0 2 2 2 2 2 0 2 0 2 0 2 2 2 2 2 2 2 2 2 2 2 2 2 2 2 2 2 2 2 2 2 2 2 2 2 2 2 2 0 2 2 2 2 2 2 2 2 2 2 2 2 2 2 0 2 2 0 2 2 2 2 2 0 2 2 0 2 2 2 2 0 0 2 2 2 2 2 2 2 2 2 2 2 2 2 2 2 2 2 2 2 2 2 2 2 2 2 2 2 2 2 2 2 0 2 2 2 2 2 2 2 2 2 2 2 2 2 2 2 2 2 2 2 0 2 2 2 2 2 2 2 2 2 2 0 2 2 0 2 2 2 2 2 2 2 2 2 0 2 2 2 2 2 2 2 2 0 2 2 2 0 2 2 2 2 2 2 2 1 2 0 2 2 2 0 2 2 2 2 2 2 2 2 2 0 2 2 2 2 2 2 2 2 2 2 2 2 2 2 2 2 0 2 2 2 2 2 2 2 2 2 0 2 2 2 2 2 2 2 2 2 2 2
245 2 2 2 0 2 2 2 2 0 2 2 0 2 2 2 2 2 2 2 0 2 2 2 2 2 2 2 2 2 2 2 2 2 2 0 2 2 2 0 2 2 2 2 2 2 2 2 2 2 2 0 2 0 2 2 2 2 2 2 0 2 2 2 2 2 2 2 2 2 2 2 2 2 0 2 2 2 0 2 2 2 2 2 2 2 2 2 2 2 0 2 0 2 2 2 2 2 2 2 2 2 2 2 2 2 2 2 2 2 2 2 2 2 2 2 2 2 2 2 2 2 0 2 2 2 2 2 2 2 2 2 2 2 2 2 2 2 2 2 2 2 2 2 2 2 2 2 2 2 2 2 2 2 2 2 2 2 0 2 2 2 2 2 0 2 2 2 2 2 2 2 2 2 2 2 2 2 2 2 2 2 2 2 2 2 2 2 2 2 2 2 2 2 2 2 2 2 2 2 2 2 2 0 2 2 2 2 2 2 2 0 2 2 2 2 2 0 2 2 2 2 2 2 2 2 2 2 2 2 2 2 2 2 2 2 2 2 2 2 2 2 2 2 2 2
246 2 2 2 2 2 2 2 0 2 2 2 2 2 2 2 2 2 2 2 2 2 2 2 2 2 2 0 2 2 2 2 2 2 2 2 1 2 2 2 2 2 2 2 2 2 2 2 2 2 2 2 2 2 2 2 2 2 2 2 2 2 2 2 2 2 2 2 2 2 2 2 2 2 2 2 2 2 2 2 2 2 0 2 2 2 0 2 2 2 2 2 2 2 2 2 2 2 2 0 2 0 0 2 2 2 2 0 2 2 2 2 2 2 2 2 2 2 2 2 2 2 2 2 2 2 2 2 2 2 2 2 2 0 2 2 0 2 0 2 2 2 2 2 2 2 2 2 2 2 2 2 2 2 0 2 0 2 2 2 2 2 2 2 2 2 0 0 2 2 2 2 0 2 2 0 2 2 0 2 2 0 2 2 0 2 2 2 2 0 2 2 0 2 2 1 0 2 2 2 2 2 2 2 2 2 2 2 2 2 2 2 2 2 2 2 2 2 2 2 2 2 2 2 2 2 2 0 0 2 2 2 0 2 2 2 2 2 2 2 2 2 0 0 0 2
247 0 0 2 2 2 0 0 0 2 0 0 2 2 0 0 0 0 2 0 2 0 2 2 0 2 0 0 2 2 0 0 2 0 0 2 1 0 0 2 0 0 0 2 2 0 2 2 0 2 0 2 2 2 2 2 2 2 0 2 2 2 0 2 2 2 2 0 0 0 2 2 0 2 2 0 0 2 2 0 0 2 0 2 2 0 0 2 0 2 2 0 2 0 0 2 0 2 0 0 2 0 0 0 0 2 0 0 2 2 0 2 2 2 0 0 2 2 2 2 0 0 2 0 2 0 0 0 2 2 0 2 0 0 0 0 0 0 0 2 0 0 0 0 2 2 0 2 2 1 0 2 2 2 0 2 0 0 2 2 0 2 2 0 2 0 0 0 2 2 0 2 0 0 2 0 2 2 0 0 0 0 0 0 0 2 0 2 2 0 0 0 0 0 0 1 0 0 2 2 2 2 0 2 2 0 0 0 2 2 0 2 0 2 2 2 0 2 1 2 2 2 2 0 0 2 2 0 0 0 2 2 0 0 0 0 2 0 0 2 2 2 0 0 0 0
248 2 2 2 2 0 2 2 2 2 2 2 2 0 2 2 2 2 2 2 2 2 2 0 2 0 2 2 2 2 2 2 2 2 2 2 2 2 2 2 2 2 2 2 2 2 2 0 2 2 2 0 2 2 2 0 0 2 2 2 2 2 2 2 0 2 0 2 2 2 2 0 2 2 2 2 2 2 2 2 2 0 2 0 0 2 2 2 2 0 2 2 2 2 2 2 2 0 2 2 2 2 2 2 2 0 2 2 0 2 2 0 0 0 2 2 0 2 0 0 2 2 2 2 2 2 2 2 2 2 2 0 2 2 2 2 2 2 2 0 2 2 0 2 0 0 2 2 2 1 2 2 2 0 2 2 2 2 2 0 2 2 2 2 2 2 2 2 0 0 2 2 2 2 2 2 0 0 2 2 2 2 2 2 2 2 0 0 0 2 2 2 2 2 2 2 2 2 0 0 0 0 2 2 0 2 2 2 0 0 2 2 2 2 0 2 2 2 2 2 0 0 2 2 2 2 0 2 2 2 2 0 2 2 2 2 0 2 2 0 0 2 2 2 2 0
249 0 0 2 0 0 2 2 2 0 0 0 2 0 0 2 0 2 2 2 2 0 0 0 0 0 0 2 0 2 2 2 0 0 0 2 1 2 0 2 2 0 0 0 0 0 2 2 0 2 2 2 0 2 0 0 0 2 0 2 2 0 0 0 0 0 0 0 2 0 2 0 2 2 2 2 2 2 2 2 0 2 2 0 0 2 2 2 2 2 2 2 2 2 2 0 0 2 0 2 2 2 2 0 2 2 0 2 2 0 0 0 0 2 0 0 0 0 2 0 0 0 2 0 0 0 2 0 0 2 0 0 0 2 0 0 0 2 2 0 0 0 2 2 2 2 2 0 0 1 0 2 2 0 2 0 2 2 2 2 2 2 0 0 2 0 2 2 0 2 2 0 2 2 0 2 0 0 2 2 0 2 0 2 2 0 2 0 2 2 2 2 2 2 0 1 2 2 0 0 2 2 2 2 0 0 2 2 2 2 0 2 0 2 2 2 0 2 0 2 0 0 0 2 2 0 0 2 2 0 0 2 2 0 2 0 0 0 0 0 2 0 2 2 2 2
250 2 2 2 2 0 0 0 2 2 2 2 2 0 2 0 2 2 2 0 2 2 2 0 2 0 2 2 2 2 0 2 2 2 2 2 2 0 2 2 2 2 2 2 2 2 2 2 2 2 2 2 2 2 2 0 0 0 2 2 2 2 2 2 0 2 0 2 2 2 0 0 2 2 2 2 0 2 2 0 2 2 2 0 0 0 2 2 0 0 2 2 2 0 0 2 2 2 2 2 2 2 2 2 2 2 2 2 2 2 2 0 0 2 2 2 0 2 2 0 2 2 2 2 2 2 0 2 2 2 2 0 2 2 2 2 2 0 2 2 2 2 2 2 0 0 0 2 2 0 1 0 2 0 2 2 2 0 2 0 0 2 2 2 2 2 2 2 1 2 0 2 2 2 2 2 0 2 2 0 2 2 2 0 2 2 2 0 2 2 2 1 2 0 2 2 2 0 0 2 2 2 2 2 0 2 2 0 2 2 2 2 2 2 0 0 2 2 2 0 2 0 2 2 0 2 0 2 2 2 2 2 2 2 0 2 0 2 2 0 2 2 2 2 2 2
251 2 2 0 0 2 2 2 2 0 2 0 0 2 2 2 2 2 0 2 0 0 0 2 2 2 2 2 0 0 2 0 0 2 2 0 1 2 2 0 0 2 2 0 2 2 0 0 2 0 0 0 0 0 2 2 2 2 2 0 0 0 2 0 2 2 2 2 0 0 2 2 0 0 0 2 2 0 0 2 2 2 2 2 2 2 2 0 2 2 0 2 0 2 2 2 2 0 0 2 0 0 2 2 0 0 0 0 0 2 2 2 2 0 2 0 2 0 0 2 2 2 0 2 2 2 2 2 0 2 2 2 2 2 2 2 2 2 2 0 2 2 0 2 2 2 2 0 0 2 1 2 0 2 0 0 2 2 0 2 2 0 0 2 0 2 2 2 1 0 2 0 2 2 0 2 2 0 0 2 2 2 2 2 2 0 0 2 0 0 0 1 2 2 2 1 2 2 2 2 0 0 2 0 2 2 0 2 0 0 2 0 2 0 2 2 2 0 1 2 0 2 0 0 2 0 2 2 0 2 0 0 2 2 2 2 2 2 2 2 0 0 0 2 2 0
252 0 0 0 2 0 0 0 0 0 0 2 0 0 0 0 0 0 2 0 0 0 2 0 0 0 0 0 2 2 0 0 2 0 0 2 0 0 0 0 0 0 0 0 2 0 0 0 0 0 0 0 2 2 0 0 0 0 0 0 0 2 0 0 0 2 0 0 2 2 0 0 0 2 2 0 0 0 0 0 0 0 0 0 0 0 0 0 0 0 2 0 0 0 0 0 0 0 0 0 0 2 0 0 0 0 0 2 0 0 0 0 0 0 0 0 0 0 0 0 0 0 0 0 2 0 0 0 2 0 0 0 0 0 0 0 0 0 0 2 0 0 0 0 0 0 0 2 2 0 0 0 2 0 2 2 0 0 2 0 0 0 2 0 2 0 0 0 2 0 0 2 0 0 2 0 0 2 2 0 0 0 0 0 0 2 0 0 0 2 0 0 0 0 0 1 0 0 0 0 0 0 0 2 0 0 2 0 0 0 0 2 0 0 0 0 0 2 0 0 2 0 0 2 0 2 0 0 2 0 0 0 0 0 0 0 0 0 0 0 0 0 2 0 0 2
253 0 0 0 0 0 0 0 0 0 0 0 2 0 0 2 0 0 2 0 0 0 0 0 0 0 0 0 0 2 0 2 0 0 0 0 0 0 0 0 2 0 0 0 0 0 0 0 0 0 2 2 0 0 0 0 0 0 0 0 2 0 0 0 0 0 0 0 2 0 0 0 0 0 0 0 0 0 2 0 0 0 2 0 0 0 0 0 0 0 0 0 0 0 0 0 0 0 0 0 0 0 0 0 2 0 0 0 2 0 0 0 0 0 0 0 0 0 0 0 0 0 0 0 0 0 0 0 0 0 0 0 0 0 0 0 0 0 0 0 0 0 0 0 0 0 0 0 2 1 0 0 0 0 0 2 0 0 0 0 0 0 2 0 0 0 0 0 0 0 0 2 0 0 2 0 0 0 0 0 0 0 0 0 0 2 0 0 0 0 0 0 0 0 0 0 0 0 0 2 0 0 0 0 0 0 0 0 0 0 0 0 0 0 0 0 0 0 1 0 0 0 0 2 0 2 0 0 0 0 0 0 0 0 0 0 0 0 0 0 0 0 0 0 0 0
254 2 2 2 2 2 2 2 2 2 2 2 2 2 2 2 2 2 2 0 2 2 2 2 2 2 2 2 2 2 0 2 2 2 2 2 2 0 2 2 2 2 2 2 2 2 2 2 2 2 2 2 2 2 2 2 2 2 2 2 2 2 2 2 2 2 2 2 2 2 0 2 2 2 2 2 0 2 2 0 2 2 2 2 2 2 2 2 2 2 2 2 2 0 0 2 2 2 2 2 2 2 2 2 2 2 2 2 2 2 2 2 2 2 2 2 2 2 2 2 2 2 2 2 2 2 2 2 2 2 2 2 2 2 2 2 2 2 2 2 2 2 2 2 2 2 0 2 2 2 2 0 2 2 2 2 2 0 2 2 0 2 2 2 2 2 2 2 2 2 0 2 2 2 2 2 2 2 2 0 2 2 2 0 2 2 2 2 2 2 2 2 2 2 2 2 2 0 2 2 2 2 2 2 2 2 2 0 2 2 2 2 2 2 2 0 2 2 2 0 2 2 2 2 2 2 2 2 2 2 2 2 2 2 0 2 2 2 2 2 2 2 2 2 2 2
255 2 2 2 2 2 2 2 2 2 2 2 2 2 2 2 2 2 2 0 2 2 2 2 2 2 2 2 2 2 0 2 2 2 2 2 2 2 2 2 2 2 2 2 2 2 2 2 2 2 2 2 2 2 2 2 2 2 2 2 2 2 2 2 2 2 2 2 2 2 0 2 2 2 2 2 0 2 2 0 2 2 2 2 2 2 2 2 2 2 2 2 2 2 0 2 2 2 2 2 2 2 2 2 2 2 2 2 2 2 2 2 2 2 2 2 2 2 2 2 2 2 2 2 2 2 2 2 2 2 2 2 2 2 2 2 2 2 2 2 0 2 2 2 2 2 0 2 2 2 2 0 2 2 2 2 2 0 2 2 0 2 2 2 2 0 2 2 2 2 0 2 2 2 2 2 2 2 2 0 2 2 2 2 2 2 2 2 2 2 2 2 2 2 2 2 2 0 2 2 2 2 2 2 2 2 2 0 2 2 2 2 2 2 2 0 2 2 2 0 2 2 2 2 2 2 2 2 2 2 2 2 2 2 0 2 2 2 2 2 2 2 2 2 2 2
256 2 2 2 0 2 2 2 2 2 2 0 0 2 2 2 2 2 0 2 2 2 2 2 2 2 2 2 2 0 2 0 2 2 2 2 2 2 2 0 0 2 2 2 2 2 2 2 2 2 0 0 2 2 2 2 2 2 2 2 2 2 2 2 2 2 2 2 0 2 2 2 2 2 2 2 2 2 0 2 2 2 2 2 2 2 2 2 2 2 2 2 0 2 2 2 2 2 2 2 2 2 2 2 2 2 2 2 2 2 2 2 2 2 2 2 2 2 2 2 2 2 2 2 2 2 2 2 2 2 2 2 2 2 2 2 2 2 2 0 2 2 2 2 2 2 2 2 2 2 2 2 2 2 2 2 2 2 2 2 2 2 2 2 2 2 2 2 1 2 2 2 2 2 2 2 2 0 2 2 2 2 2 2 2 2 2 2 2 2 0 1 2 2 2 2 2 2 2 2 2 2 2 2 2 2 2 2 2 2 2 2 2 2 2 2 2 2 2 2 0 2 2 0 2 2 2 2 2 2 2 2 2 2 2 2 2 2 2 2 2 2 2 2 2 2
257 2 2 2 2 2 2 2 2 2 2 2 2 2 2 2 2 2 2 2 2 2 2 2 2 2 2 2 2 2 2 2 2 2 2 2 2 2 2 2 2 2 2 0 2 2 2 0 2 2 2 2 0 2 0 2 2 2 2 2 2 2 2 2 2 2 2 2 2 2 2 2 2 2 2 2 2 2 2 2 2 2 2 2 2 2 2 2 2 2 2 2 2 2 2 2 2 0 2 2 2 2 2 2 2 2 2 2 0 2 2 2 2 0 2 2 2 2 0 2 2 2 2 2 2 2 2 2 0 2 2 0 2 2 2 2 2 2 2 2 2 2 2 2 2 0 2 0 2 2 2 2 2 2 2 2 0 2 2 2 2 0 2 0 2 2 2 2 2 2 2 2 2 2 2 2 2 2 2 2 2 2 2 2 2 2 2 2 0 2 2 2 2 2 2 2 2 2 2 2 1 0 2 2 2 2 2 2 0 0 2 2 2 2 0 2 2 2 2 2 2 2 2 2 2 2 2 2 2 2 2 0 2 2 2 2 2 2 2 2 0 2 2 2 2 2
258 2 2 2 2 2 2 2 0 0 2 2 2 2 2 2 0 0 2 2 2 2 2 2 2 2 0 0 2 2 2 2 2 0 2 2 1 2 2 0 2 0 0 2 2 2 2 2 2 2 2 2 2 2 2 2 2 2 2 2 2 2 2 2 2 2 2 2 2 2 2 2 0 2 2 0 2 2 2 2 2 0 0 2 2 2 0 2 2 2 2 0 0 2 2 2 0 2 2 0 2 2 0 2 0 2 2 2 2 2 2 2 2 2 2 2 0 2 2 2 0 0 2 2 2 0 2 2 2 0 0 2 0 0 0 2 0 2 0 2 0 2 0 0 0 2 2 2 2 2 2 2 0 2 2 2 2 2 2 0 2 2 2 2 0 0 0 0 2 2 2 2 0 0 2 0 2 2 2 2 2 2 2 2 0 2 2 2 2 2 0 1 2 2 2 2 0 2 2 2 2 2 2 2 2 2 2 2 2 2 2 0 0 2 2 2 2 2 2 2 2 2 2 2 2 2 0 2 2 2 2 2 0 2 2 0 2 2 2 2 2 2 2 2 2 2
259 0 0 0 0 0 0 2 0 0 0 0 0 0 0 0 0 0 0 0 0 0 0 0 0 0 0 0 0 0 0 0 0 0 2 0 1 0 0 0 0 0 0 0 0 0 0 0 0 0 0 0 0 0 0 0 0 2 0 0 0 0 0 0 0 0 0 0 0 2 0 0 0 0 0 0 0 0 0 0 0 0 0 0 0 2 0 0 2 0 0 0 0 0 0 2 0 0 0 0 0 0 0 0 0 0 0 0 0 0 0 0 0 0 0 0 0 0 0 0 0 0 0 0 0 0 2 0 0 0 2 0 0 0 0 0 0 0 0 0 0 0 0 0 0 0 0 0 2 0 0 0 0 0 0 2 0 0 0 0 0 0 2 0 0 0 0 0 0 0 0 2 2 0 2 0 0 0 0 0 0 0 0 2 0 2 0 0 0 0 0 1 0 2 0 1 0 0 0 2 0 0 2 0 0 0 0 0 0 0 0 0 0 0 0 0 0 0 0 0 0 0 0 0 2 2 0 0 0 0 0 0 0 0 0 0 0 0 0 0 0 0 0 2 2 0
260 2 2 2 2 2 2 2 2 2 2 2 0 2 2 2 2 2 2 0 2 2 2 2 2 2 2 2 2 2 0 0 2 2 2 2 2 0 2 2 0 2 2 2 2 2 2 2 2 2 0 0 2 2 2 2 2 2 2 2 0 2 2 2 2 2 2 2 2 2 0 2 2 2 2 2 0 2 0 0 2 2 2 0 2 2 2 2 2 2 2 2 2 2 0 2 2 2 2 2 2 2 2 2 0 2 2 2 2 2 2 2 0 2 2 2 2 2 2 2 2 2 2 2 2 2 2 2 2 2 2 2 2 2 2 2 2 2 2 2 2 2 2 2 2 2 0 2 2 2 2 0 2 2 2 2 2 0 2 2 0 2 2 2 2 2 2 2 2 2 0 2 2 2 2 2 2 2 2 0 2 2 2 2 2 2 2 2 0 2 2 2 2 2 2 2 2 0 2 2 2 2 2 2 0 2 2 0 2 2 2 2 2 2 2 0 2 2 2 0 2 2 2 2 2 2 2 2 2 2 2 2 2 2 0 2 2 2 2 2 2 2 2 2 2 2
261 0 2 2 2 0 2 2 0 2 0 0 2 0 0 2 0 0 0 2 2 2 2 2 0 2 0 0 2 0 2 2 2 0 2 2 1 2 2 2 2 0 0 2 2 0 2 2 0 2 2 2 2 2 2 2 2 2 2 2 2 2 0 2 2 2 0 2 0 2 2 2 2 2 2 0 2 2 2 2 2 0 0 2 2 2 0 2 2 2 2 0 2 2 2 2 0 2 2 0 2 2 0 2 2 2 2 2 2 2 2 0 2 2 0 2 0 2 2 2 0 2 2 0 2 0 2 2 2 0 2 2 0 0 0 2 0 2 0 2 0 0 0 0 0 2 2 2 2 2 2 2 2 2 2 2 2 2 2 0 2 2 2 2 0 0 0 0 2 2 2 2 2 0 2 0 2 2 2 2 0 0 2 2 0 2 2 2 2 2 2 2 0 2 2 2 0 2 2 2 2 2 2 2 2 2 2 2 2 2 2 2 0 2 2 2 2 2 2 2 2 2 2 0 2 2 0 0 2 2 2 2 2 0 2 0 2 2 0 2 2 2 2 2 2 2
262 2 0 2 2 2 2 2 2 2 2 2 2 2 2 2 2 2 2 2 2 2 2 0 2 2 2 2 2 2 2 2 2 2 2 0 2 2 0 2 2 2 2 2 2 2 2 2 2 2 2 2 2 0 2 0 0 2 0 2 2 2 2 0 2 2 2 0 2 2 2 2 2 2 0 2 2 2 2 2 2 2 2 2 2 2 2 2 2 2 0 2 2 2 2 2 2 2 2 2 2 0 2 0 2 2 2 0 2 2 0 2 2 2 2 2 2 0 2 2 2 2 2 2 2 2 2 2 2 2 2 2 2 2 2 2 2 2 2 2 2 2 2 2 2 2 2 2 2 2 2 2 2 2 0 2 2 2 0 2 2 2 2 2 2 2 2 2 2 2 2 2 2 2 2 2 2 2 0 2 2 2 2 2 2 2 2 2 2 0 2 2 2 2 2 1 2 2 2 2 2 2 2 0 2 2 0 2 2 2 2 2 2 2 2 2 2 0 1 2 2 2 0 2 2 2 2 2 0 0 0 2 2 2 2 2 0 2 2 2 2 0 0 2 2 0
263 2 2 2 2 2 2 2 2 2 2 2 2 2 2 2 2 2 2 0 2 2 2 2 2 2 2 2 2 2 0 2 2 2 2 2 2 0 2 2 2 2 2 2 2 2 2 2 2 2 2 2 2 2 2 2 2 2 2 2 2 2 2 2 2 2 2 2 2 2 0 2 2 2 2 2 0 2 2 0 2 2 2 0 2 2 2 2 2 2 2 2 2 2 0 2 2 2 2 2 2 2 2 2 2 2 2 2 2 2 2 2 0 2 2 2 2 2 2 2 2 2 2 2 2 2 2 2 2 2 2 2 2 2 2 2 2 2 2 2 2 2 2 2 2 2 0 2 2 2 2 0 2 2 2 2 2 0 2 2 0 2 2 2 2 2 2 2 2 2 0 2 2 2 2 2 2 2 2 0 2 2 2 2 2 2 2 2 0 2 2 2 2 2 2 2 2 0 2 2 2 2 2 2 0 2 2 0 2 2 2 2 2 2 2 0 2 2 2 0 2 2 2 2 2 2 2 2 2 2 2 2 2 2 0 2 2 2 2 2 2 2 2 2 2 2
264 0 2 2 2 0 2 2 2 2 0 2 2 0 0 2 2 2 2 2 2 2 2 2 0 2 2 2 2 2 2 2 2 2 2 2 2 2 2 2 2 2 2 2 2 0 2 2 0 2 2 2 2 2 2 2 2 2 2 2 2 2 0 2 2 2 0 2 2 2 2 2 0 2 2 2 2 2 2 2 2 2 2 2 2 2 2 2 2 2 2 2 2 2 2 2 2 2 2 2 2 2 2 2 2 2 2 2 2 2 2 0 2 2 0 2 2 2 2 2 2 2 2 2 2 2 2 2 2 2 2 2 2 2 2 2 2 2 2 2 2 0 2 2 2 2 2 2 2 2 2 2 2 2 2 2 2 2 2 2 2 2 2 2 2 2 2 2 2 2 2 2 2 2 2 2 2 2 2 2 0 2 2 2 2 2 2 2 2 2 2 2 2 2 2 2 2 2 2 2 2 2 2 2 2 2 2 2 2 2 2 2 2 2 2 2 2 2 2 2 2 2 2 2 2 2 2 2 2 2 2 2 2 0 2 2 2 2 0 2 2 2 2 2 2 2
265 2 0 2 2 2 2 2 2 2 2 2 2 2 2 2 2 2 0 2 2 2 0 2 2 0 2 2 0 0 2 2 0 2 2 2 2 2 0 2 2 0 2 2 0 2 2 2 2 2 2 0 0 2 0 2 2 2 0 2 2 0 2 2 0 0 2 0 2 2 2 0 2 2 2 2 2 2 2 2 2 2 2 2 0 2 2 2 2 0 2 2 2 2 2 2 2 0 2 2 2 2 2 0 2 0 2 2 2 0 0 2 2 0 2 2 2 2 0 2 2 2 0 2 0 2 2 0 0 2 2 0 2 2 2 2 2 2 2 2 2 2 2 2 2 0 2 0 2 1 1 2 0 0 2 2 2 2 2 2 2 0 2 0 2 2 2 2 1 0 2 2 2 2 2 2 0 2 2 2 2 0 2 2 2 2 2 0 2 2 2 2 0 2 2 1 2 2 0 2 0 0 0 2 2 2 2 2 0 2 2 0 2 2 0 2 2 2 2 2 2 0 2 2 2 2 2 0 2 2 2 0 2 2 2 2 2 2 2 2 0 2 2 2 2 2
266 0 2 2 2 2 2 2 2 2 0 2 2 2 0 2 2 2 2 2 2 2 2 2 0 2 2 2 2 2 2 2 2 2 2 2 2 2 2 2 2 2 2 2 2 0 2 2 0 2 2 2 2 2 2 2 2 2 2 2 2 2 0 2 2 2 2 2 2 2 2 2 0 2 2 2 2 2 2 2 2 2 2 2 2 2 2 2 2 2 2 2 2 2 2 2 2 2 2 2 2 2 2 2 2 2 2 2 2 2 2 2 2 2 0 2 2 2 2 2 2 2 2 2 2 2 2 2 2 2 2 2 2 2 2 2 2 2 2 2 2 0 2 2 2 2 2 2 2 2 2 2 2 2 2 2 2 2 2 2 2 2 2 2 2 2 2 2 2 2 2 2 2 2 2 2 2 2 2 2 0 2 2 2 2 2 2 2 2 2 2 2 2 2 2 2 2 2 2 2 2 2 2 2 2 2 2 2 2 2 2 2 2 2 2 2 2 2 2 2 2 2 2 2 2 2 2 2 2 2 2 2 2 0 2 2 2 2 0 2 2 2 2 2 2 2
267 2 2 2 2 2 2 2 2 1 2 2 2 2 2 2 2 2 2 1 1 2 1 2 2 2 2 2 1 2 1 2 1 2 2 2 2 1 2 2 2 2 2 2 2 2 2 2 2 2 2 2 2 2 2 2 2 2 2 2 2 1 2 2 2 2 2 2 2 2 2 2 2 2 2 2 1 2 2 1 1 2 1 2 2 2 2 2 2 2 2 2 2 2 1 2 2 2 2 2 2 2 2 2 1 2 2 2 2 2 2 2 2 2 2 1 2 2 2 2 2 2 2 2 2 2 2 1 2 2 2 2 2 2 2 1 1 2 2 2 1 2 2 2 2 2 1 2 2 2 2 2 1 2 2 1 2 1 2 2 2 2 2 2 2 1 2 1 2 2 2 2 2 2 2 1 2 2 2 2 2 2 1 2 2 2 2 2 1 2 2 2 2 2 1 2 1 1 2 2 2 2 2 2 2 1 2 1 2 2 1 1 2 2 2 2 2 2 2 2 2 2 2 2 2 2 2 2 2 2 2 2 2 2 2 2 2 1 2 2 2 2 2 2 2 2
268 0 2 2 2 2 2 2 2 2 0 2 2 2 0 2 2 2 2 2 0 2 2 2 0 2 2 2 2 2 2 2 2 2 2 2 2 2 2 2 2 2 2 2 2 0 2 2 0 2 2 2 2 2 2 2 2 2 2 2 2 2 0 2 2 2 2 2 2 2 2 2 2 2 2 2 2 2 2 2 2 2 2 2 2 2 2 2 2 2 2 2 2 2 2 2 2 2 2 2 2 2 2 2 2 2 2 2 2 2 2 2 2 2 0 2 2 2 2 2 2 2 2 2 2 2 2 2 2 2 2 2 2 2 2 2 2 2 2 2 2 0 2 2 2 2 2 2 2 2 2 2 2 2 2 2 2 2 2 2 2 2 2 2 2 2 2 2 2 2 2 2 2 2 2 2 2 2 2 2 0 2 2 2 2 2 2 2 2 2 2 2 2 2 2 2 2 2 2 2 2 2 2 2 2 2 2 2 2 2 2 2 2 2 2 2 2 2 2 2 2 2 2 2 2 2 2 2 2 2 2 2 2 0 2 2 2 2 0 2 2 2 2 2 2 2
269 0 2 2 2 2 2 0 2 0 0 2 0 2 0 2 0 0 2 0 2 2 2 2 0 2 0 0 2 2 0 2 2 2 2 2 0 0 2 2 2 2 2 2 2 0 2 2 0 2 2 0 2 2 2 2 2 2 2 2 2 2 0 2 2 2 2 2 2 2 0 2 0 0 2 0 0 2 0 0 2 0 2 0 2 0 0 2 0 2 2 0 2 2 0 2 2 2 2 2 2 2 0 2 2 2 2 2 2 2 2 2 0 2 0 2 2 0 2 2 2 0 2 0 2 2 0 2 2 2 0 2 2 0 2 2 0 2 0 2 0 0 2 0 2 2 0 2 2 2 2 0 2 2 2 0 2 0 2 2 0 2 0 2 2 0 0 0 2 2 0 0 2 0 2 0 2 2 2 0 0 2 2 0 0 2 2 2 0 2 2 1 2 0 2 2 0 0 2 2 2 2 2 2 0 2 2 0 2 2 2 2 0 2 2 0 0 2 1 0 2 2 2 2 0 0 2 2 2 2 2 2 0 0 2 0 0 2 0 2 2 0 2 0 0 2
270 2 0 2 2 2 0 0 2 2 2 2 2 2 2 0 2 2 2 2 2 2 2 0 2 2 2 2 2 2 2 2 2 0 0 2 1 2 0 1 2 2 0 2 2 2 2 2 2 2 2 2 2 2 2 0 0 2 0 2 2 2 2 2 2 2 2 0 2 2 0 2 2 2 2 2 2 2 2 2 2 2 2 0 2 2 2 2 0 2 2 2 0 0 0 2 0 2 2 2 2 2 2 0 2 2 2 2 2 2 0 2 0 0 2 2 0 0 2 0 0 2 2 2 2 2 0 2 2 2 2 2 0 2 0 2 2 2 2 2 0 2 2 2 2 2 2 2 2 1 2 0 2 2 2 0 2 2 2 2 0 2 2 2 2 0 2 2 2 2 0 2 2 2 2 2 0 2 2 0 2 2 0 0 2 2 2 0 2 2 2 2 2 0 2 1 2 0 0 2 2 2 2 2 0 2 2 0 2 2 2 0 2 2 2 2 2 2 1 0 2 2 0 2 0 2 2 2 2 2 2 2 2 2 0 2 2 2 2 0 2 0 2 0 2 2
271 0 0 0 0 0 0 0 0 0 0 0 0 0 0 0 0 0 0 0 0 0 0 0 0 0 0 0 0 0 0 0 0 0 0 0 0 0 0 0 0 0 0 0 0 0 0 0 0 0 0 0 0 2 0 0 0 0 0 0 0 0 0 0 0 0 0 0 0 0 0 0 0 0 2 0 0 0 0 0 0 2 2 0 0 0 0 0 0 0 0 0 0 0 0 0 0 0 0 0 0 2 2 0 0 0 0 2 0 0 0 0 0 0 0 0 0 0 0 0 0 0 0 0 0 0 0 0 0 0 0 0 0 2 0 0 0 2 0 0 0 0 0 0 0 0 0 0 0 0 0 0 0 0 2 0 0 0 0 0 0 0 0 0 2 0 0 0 0 0 0 2 0 0 0 0 0 0 2 0 0 0 0 0 0 0 2 0 0 2 0 0 0 0 0 1 0 0 0 0 0 0 2 0 0 0 2 0 0 0 0 0 0 0 0 0 0 0 0 0 0 0 0 0 0 0 0 0 0 0 0 0 0 0 0 0 0 0 0 0 0 0 2 0 2 0
272 0 0 0 0 0 0 0 0 0 0 0 0 0 0 0 2 0 0 0 0 0 0 0 0 0 2 0 0 0 0 0 0 0 0 0 0 0 0 0 0 0 0 0 0 0 0 0 0 0 0 0 0 2 0 0 0 0 0 0 0 0 0 0 0 0 0 0 0 2 0 0 0 0 2 0 0 0 0 0 0 2 2 0 0 0 0 0 0 0 0 0 0 0 0 0 0 0 0 0 0 2 2 0 2 0 0 2 0 0 0 0 0 0 0 0 0 0 0 0 0 0 0 0 0 0 0 0 0 0 2 0 0 2 0 0 0 2 0 0 0 0 0 0 0 0 2 0 0 0 0 0 0 0 2 0 0 0 0 0 0 0 2 0 2 0 0 0 0 0 0 2 0 0 0 0 0 0 2 0 0 0 0 0 0 0 2 0 2 2 0 0 0 0 0 1 0 0 0 0 0 0 2 0 0 0 2 0 0 0 0 0 0 0 0 0 0 0 0 0 0 0 0 0 0 2 0 0 0 0 0 0 2 0 0 0 0 0 0 0 0 0 2 0 2 0
273 0 0 0 0 0 0 0 0 0 0 0 0 0 0 0 2 0 0 0 0 0 0 0 0 0 2 0 0 0 0 0 0 0 0 0 0 0 0 0 0 0 0 0 0 0 0 0 0 0 0 0 0 2 0 0 0 0 0 0 0 0 0 0 0 0 0 0 0 2 0 0 0 0 2 0 0 0 0 0 0 2 2 0 0 0 0 0 0 0 0 0 0 0 0 0 0 0 0 0 0 2 2 0 2 0 0 2 0 0 0 0 0 0 0 0 0 0 0 0 0 0 0 0 0 0 0 0 0 0 2 0 0 2 0 0 0 2 0 0 0 0 0 0 0 0 2 0 0 0 0 0 0 0 2 0 0 0 0 0 0 0 2 0 2 0 0 0 0 0 0 2 0 0 0 0 0 0 2 0 0 0 0 0 0 0 2 0 2 2 0 0 0 0 0 1 0 0 0 0 0 0 2 0 0 0 2 0 0 0 0 0 0 0 0 0 0 0 0 0 0 0 0 0 0 2 0 0 0 0 0 0 2 0 0 0 0 0 0 0 0 0 2 0 2 0
274 2 2 2 2 2 2 2 2 2 2 2 2 2 2 2 2 0 2 2 2 2 2 2 2 2 2 0 2 2 2 2 2 2 2 2 1 2 2 2 2 2 2 2 2 2 2 2 2 2 2 2 2 2 2 2 2 2 2 2 2 2 2 2 2 2 2 2 2 2 2 2 2 2 2 0 2 2 2 2 2 2 2 2 2 2 0 2 2 2 2 0 2 2 2 2 2 2 2 2 2 2 2 2 2 2 2 0 2 2 2 2 2 2 2 2 2 2 2 2 2 2 2 2 2 2 2 2 2 2 2 2 2 2 2 2 0 2 0 2 0 2 0 0 2 2 2 2 2 2 2 2 2 2 0 2 2 2 2 2 2 2 2 2 2 0 0 2 2 2 2 2 2 0 2 2 2 2 0 2 2 2 2 2 0 2 2 2 2 2 2 2 0 2 0 2 0 2 2 2 2 2 2 2 2 2 0 2 2 2 0 2 2 2 2 2 2 2 2 2 2 2 2 2 2 2 2 0 2 2 2 2 2 2 2 2 2 2 2 2 2 2 2 2 0 0
275 0 0 0 0 2 0 0 2 0 0 0 2 2 0 0 2 2 0 0 0 0 2 0 0 0 2 2 2 0 0 0 2 0 0 0 1 0 0 0 2 0 0 2 2 0 0 2 0 0 0 0 2 2 2 0 0 2 0 0 0 0 0 0 0 2 2 0 2 2 0 2 0 2 2 2 0 0 2 2 2 2 2 0 2 2 2 0 0 2 0 2 0 0 0 2 0 2 2 2 0 2 2 0 2 2 0 2 0 2 0 2 0 0 0 0 0 0 2 0 0 2 0 0 2 0 0 0 2 0 2 2 0 2 0 2 2 2 2 0 2 0 2 2 2 2 2 2 2 0 1 0 2 2 2 0 2 2 2 1 0 2 2 0 2 2 2 2 0 2 0 2 2 2 2 2 0 0 2 0 0 2 0 0 2 2 2 0 2 2 0 1 2 0 2 1 2 0 0 2 2 2 2 2 0 2 2 0 2 2 2 2 2 0 2 2 0 2 0 0 0 0 0 2 0 2 2 2 2 2 2 2 2 0 0 2 2 2 0 0 2 0 2 0 2 2
276 2 2 2 2 2 2 2 2 2 2 2 2 2 2 2 0 0 2 2 2 2 2 2 2 2 0 0 2 2 2 2 2 2 2 2 1 2 2 2 2 2 2 2 2 2 2 2 2 2 2 2 2 2 2 2 2 2 2 2 2 2 2 2 2 2 2 2 2 2 2 2 2 2 2 0 2 2 2 2 2 2 2 2 2 2 0 2 2 2 2 0 2 2 2 2 2 2 2 2 2 2 2 2 2 2 2 0 2 2 2 2 2 2 2 2 2 2 2 2 2 2 2 2 2 2 2 2 2 2 0 2 2 2 2 2 0 2 0 2 0 2 0 0 2 2 2 2 2 2 2 2 2 2 0 2 2 2 2 2 2 2 2 2 2 0 0 2 2 2 2 2 2 0 2 2 2 2 0 2 2 2 2 2 0 2 2 2 0 2 2 2 0 2 0 2 0 2 2 2 2 2 2 2 2 2 0 2 2 2 0 2 2 2 2 2 2 2 2 2 2 2 2 2 2 2 2 0 2 2 2 2 0 2 2 2 2 2 2 2 2 2 2 2 0 0
277 2 2 2 2 2 2 2 2 2 2 2 2 2 2 2 0 0 2 2 2 2 2 2 2 2 0 0 2 2 2 2 2 2 2 2 2 2 2 2 2 2 2 2 2 2 2 2 2 2 2 2 2 2 2 2 2 2 2 2 2 2 2 2 2 2 2 2 2 2 2 2 2 2 2 0 2 2 2 2 2 2 2 2 2 2 0 2 2 2 2 0 2 2 2 2 2 2 2 2 2 2 2 2 0 2 2 0 2 2 2 2 2 2 2 2 2 2 2 2 2 2 2 2 2 2 2 2 2 2 0 2 2 2 2 2 0 2 0 2 0 2 0 0 2 2 2 2 2 2 2 2 2 2 0 2 2 2 2 2 2 2 2 2 2 0 0 2 2 2 2 2 2 0 2 2 2 2 0 2 2 2 2 2 0 2 2 2 0 2 2 2 0 2 2 2 0 2 2 2 2 2 2 2 2 2 0 2 2 2 2 2 2 2 2 2 2 2 2 2 2 2 2 2 2 2 2 0 2 2 2 2 0 2 2 2 2 2 2 2 2 2 2 2 0 0
278 2 2 2 2 2 2 2 2 2 2 2 2 2 2 2 2 2 2 2 2 2 2 2 2 2 2 2 2 2 2 2 2 2 2 2 2 2 2 2 2 2 2 2 2 2 2 2 2 2 2 2 2 0 2 2 2 2 2 2 2 2 2 2 2 2 2 2 2 2 2 2 2 2 0 2 2 2 2 2 2 0 0 2 2 2 2 2 2 2 2 0 2 2 2 2 2 2 2 2 2 0 0 2 2 2 2 0 2 0 2 2 2 2 2 2 2 2 2 2 2 2 2 2 2 2 2 2 2 2 2 2 2 0 2 2 2 0 2 2 2 2 2 2 2 2 2 2 2 2 2 2 2 2 2 2 2 2 2 2 2 2 2 2 0 2 2 2 2 2 2 2 2 2 2 2 2 2 2 2 2 2 2 2 2 2 0 2 2 0 2 2 2 2 2 1 2 2 2 2 2 2 0 2 2 2 2 2 2 2 2 2 2 2 2 2 2 2 2 2 2 2 2 2 2 2 2 2 2 2 2 2 2 2 2 2 2 2 2 2 2 2 0 2 2 2
279 2 2 2 2 0 2 0 0 2 2 2 0 0 2 2 2 2 2 2 2 2 2 2 2 2 2 2 0 2 2 2 2 0 2 2 2 2 2 2 0 2 0 0 0 2 2 0 2 2 0 2 0 2 2 2 2 0 2 2 2 2 2 2 2 0 0 2 0 2 0 0 2 0 2 2 2 2 0 0 0 2 2 0 0 0 2 2 0 0 2 2 2 0 2 0 0 0 2 0 2 2 2 2 2 0 2 2 2 2 2 2 0 2 2 2 0 2 2 0 0 0 2 2 0 2 0 2 0 0 2 0 0 0 0 0 2 0 2 2 2 2 2 2 0 0 0 0 0 0 2 0 0 0 2 0 0 0 0 1 0 0 2 0 0 2 2 0 2 0 0 0 0 2 0 2 0 2 2 0 2 0 2 0 2 0 0 0 2 0 2 0 2 0 2 1 1 2 2 0 0 0 2 0 2 2 2 0 0 0 2 0 0 2 0 0 2 0 1 2 2 2 2 0 0 2 0 2 0 0 0 0 2 2 2 0 2 0 2 0 0 2 0 2 2 2
280 2 2 2 2 2 2 2 2 2 2 2 2 2 2 2 0 0 2 2 2 2 2 2 2 2 0 0 2 2 2 2 2 2 2 2 1 2 2 2 2 2 2 2 2 2 2 2 2 2 2 2 2 2 2 2 2 2 2 2 2 2 2 2 2 2 2 2 2 2 2 2 2 2 2 0 2 2 2 2 2 2 2 2 2 2 0 2 2 2 2 0 2 2 2 2 2 2 2 2 2 2 2 2 0 2 2 0 2 2 2 2 2 2 2 2 2 2 2 2 2 2 2 2 2 2 2 2 2 2 0 2 2 2 2 2 0 2 0 2 0 2 0 0 2 2 2 2 2 2 2 2 2 2 0 2 2 2 2 2 2 2 2 2 2 0 0 2 2 2 2 2 2 0 2 2 2 2 0 2 2 2 2 2 0 2 2 2 0 2 2 2 0 2 2 2 0 2 2 2 2 2 2 2 2 2 0 2 2 2 2 2 2 2 2 2 2 2 2 2 2 2 2 2 2 2 2 0 2 2 2 2 0 2 2 2 2 2 2 2 2 2 2 2 0 0
281 2 2 2 2 2 2 2 2 2 2 2 2 2 2 2 2 2 2 2 2 2 2 2 2 2 2 2 2 2 2 2 2 2 2 2 2 2 2 2 2 2 2 2 2 2 2 0 2 2 2 2 2 2 2 2 2 0 2 2 2 2 2 2 2 2 2 2 2 2 2 2 2 2 2 2 2 2 2 2 2 2 2 2 2 2 2 2 2 2 2 2 2 2 2 2 2 0 2 2 2 2 2 2 2 2 2 2 2 2 2 2 2 2 2 2 2 2 2 2 2 2 2 2 2 2 2 2 0 2 2 0 2 2 2 2 2 2 2 2 2 2 2 2 0 2 2 2 0 2 2 2 0 2 2 2 0 2 2 1 2 0 2 2 2 2 2 2 2 2 2 2 0 2 0 2 2 2 2 2 2 0 2 2 2 0 2 2 2 2 2 2 2 2 2 2 2 2 2 2 2 2 2 2 2 2 2 2 2 0 2 0 2 2 2 2 2 2 2 2 2 2 2 2 2 2 2 2 0 2 0 2 2 2 2 2 2 2 2 2 2 2 2 2 2 2
282 2 2 2 2 2 0 2 2 2 2 2 2 2 2 0 2 0 2 2 0 2 2 2 2 2 2 0 2 2 2 2 2 2 2 0 1 2 2 2 2 2 2 2 2 2 2 2 2 2 2 2 2 2 2 2 2 2 2 2 2 2 2 2 0 2 2 2 2 2 2 2 2 2 2 0 2 2 2 2 2 2 2 2 2 2 0 2 2 2 0 0 2 2 2 2 2 2 2 2 2 2 2 2 2 2 2 0 2 2 2 2 2 2 2 2 2 0 2 2 2 2 2 2 2 2 2 0 2 2 2 2 2 2 2 2 0 2 0 2 0 2 0 0 2 2 2 2 2 1 2 2 2 2 0 2 2 2 2 2 2 2 2 0 2 0 0 2 2 2 2 2 2 0 2 2 2 2 0 2 2 2 0 2 0 2 2 2 2 2 2 2 0 2 2 2 0 2 2 2 2 2 2 2 2 2 0 2 2 2 2 2 2 2 2 2 0 2 2 2 2 0 2 2 2 2 2 0 2 2 2 2 2 2 2 2 2 2 2 2 2 0 2 2 0 2
283 2 2 2 2 2 0 2 2 2 2 2 2 2 2 0 2 0 2 2 2 2 2 2 2 2 2 0 2 2 2 2 2 2 2 2 1 2 2 2 2 2 2 2 2 2 2 2 2 2 2 2 2 2 2 2 2 2 2 2 2 2 2 2 2 2 2 2 2 2 2 2 2 2 2 0 2 2 2 2 2 2 2 2 2 2 0 2 2 2 2 0 2 2 2 2 2 2 2 2 2 2 2 2 2 2 2 2 2 2 2 2 2 2 2 2 2 0 2 2 2 2 2 2 2 2 2 2 2 2 2 2 2 2 2 2 0 2 0 2 0 2 0 0 2 2 2 2 2 1 2 2 2 2 2 2 2 2 2 2 2 2 2 2 2 0 0 2 2 2 2 2 2 0 2 2 2 2 2 2 2 2 0 2 0 2 2 2 2 2 2 2 0 2 2 2 0 2 2 2 2 2 2 2 2 2 2 2 2 2 2 2 2 2 2 2 2 2 1 2 2 2 2 2 2 2 2 0 2 2 2 2 2 2 2 2 2 2 2 2 2 0 2 2 2 2
284 2 2 2 2 2 0 2 2 2 2 2 2 2 2 0 2 0 2 2 2 2 2 2 2 2 2 0 2 2 2 2 2 2 2 2 1 2 2 2 2 2 2 2 2 2 2 2 2 2 2 2 2 2 2 2 2 2 2 2 2 2 2 2 2 2 2 2 2 2 2 2 2 2 2 0 2 2 2 2 2 2 2 2 2 2 0 2 2 2 2 0 2 2 2 2 2 2 2 2 2 2 2 2 2 2 2 2 2 2 2 2 2 2 2 2 2 0 2 2 2 2 2 2 2 2 2 2 2 2 2 2 2 2 2 2 0 2 0 2 0 2 0 0 2 2 2 2 2 1 2 2 2 2 2 2 2 2 2 2 2 2 2 2 2 0 0 2 2 2 2 2 2 0 2 2 2 2 2 2 2 2 0 2 0 2 2 2 2 2 2 2 0 2 2 2 0 2 2 2 2 2 2 2 2 2 2 2 2 2 2 2 2 2 2 2 2 2 2 2 2 2 2 2 2 2 2 0 2 2 2 2 2 2 2 2 2 2 2 2 2 0 2 2 2 2
285 2 2 2 2 2 2 2 2 2 2 2 2 2 2 2 2 2 2 2 2 2 2 2 2 2 2 2 2 2 2 2 2 2 0 2 1 2 2 2 2 2 2 2 2 2 2 2 2 2 2 2 2 0 2 2 2 2 2 2 2 2 2 2 2 2 2 2 2 2 2 2 2 2 0 2 2 2 2 2 2 0 0 2 2 2 2 2 2 2 2 2 2 2 2 2 2 2 2 2 2 0 0 2 2 2 2 2 2 0 2 2 2 2 2 2 2 2 2 2 2 2 2 2 2 2 2 2 2 2 2 2 2 0 2 2 2 0 2 2 2 2 2 2 2 2 2 2 2 2 2 2 2 2 2 2 2 2 0 2 2 2 2 2 0 2 2 2 2 2 2 2 2 2 2 2 2 2 2 2 2 2 2 2 2 2 0 2 2 0 2 2 2 2 2 1 2 2 2 2 2 2 0 0 2 2 2 2 2 2 2 2 2 2 2 2 2 0 2 2 2 2 2 2 2 2 2 2 2 2 2 2 2 2 0 2 2 2 2 2 2 2 0 2 2 0
286 0 2 0 0 2 0 2 2 0 0 2 0 2 0 0 0 0 0 0 2 0 0 2 0 2 0 0 0 0 0 0 0 2 0 2 0 2 2 0 0 0 2 2 2 0 0 2 2 0 0 0 2 0 2 2 2 2 2 0 0 0 0 2 2 2 2 2 0 2 2 2 0 2 0 0 0 0 0 2 2 0 0 2 2 2 0 0 2 2 2 0 0 2 0 2 2 2 0 2 0 0 0 2 0 2 0 0 0 0 2 2 2 2 0 0 2 0 2 2 2 2 0 0 2 2 2 2 2 2 0 2 2 0 2 2 0 0 0 0 0 2 0 0 2 2 2 2 2 1 1 2 2 2 0 2 2 2 2 1 2 2 2 2 0 0 0 2 1 2 2 2 2 0 2 2 2 0 0 2 0 2 0 2 0 2 0 2 0 0 0 1 0 2 2 1 0 2 2 2 2 0 0 2 2 2 0 2 2 2 2 2 2 0 2 2 2 2 1 2 0 2 2 0 2 2 2 0 2 2 2 2 0 0 0 2 2 2 0 2 2 0 0 0 0 0
287 2 0 2 2 0 2 0 0 2 2 0 2 0 2 2 2 2 2 2 2 2 2 0 2 0 2 2 2 2 2 2 2 0 2 2 2 0 0 2 2 2 0 0 0 2 2 2 0 2 2 2 0 2 0 0 0 2 0 2 2 2 2 0 2 0 0 0 2 2 0 0 2 0 2 2 2 2 2 0 0 2 2 0 0 0 2 2 0 0 2 2 2 0 2 0 0 2 2 0 2 2 2 0 2 0 2 2 2 2 0 0 0 0 2 2 0 2 0 0 0 0 2 2 0 0 0 2 2 0 2 2 0 2 0 0 2 2 2 2 2 0 2 2 2 0 0 0 2 1 1 0 2 0 2 0 2 0 0 2 0 2 2 2 2 2 2 0 1 0 0 2 2 2 2 0 0 2 2 0 2 2 2 0 2 2 2 0 2 2 2 1 2 0 0 1 2 0 0 0 0 2 2 0 0 0 2 0 0 2 0 2 0 2 0 0 2 0 1 0 2 2 0 2 0 2 0 2 2 0 2 0 2 2 2 0 0 0 2 0 0 2 2 2 2 2
288 2 0 2 2 0 2 0 0 2 2 0 2 0 2 2 2 2 2 2 0 2 2 0 2 0 2 2 2 2 2 2 2 0 2 0 2 0 0 2 2 2 0 0 0 2 2 2 0 2 2 2 0 2 0 0 0 2 0 2 2 2 2 0 0 0 0 0 2 2 0 0 2 0 2 2 2 2 2 0 0 2 2 0 0 0 2 2 0 0 0 2 2 0 2 0 0 2 2 0 2 2 2 0 2 0 2 2 2 2 0 0 0 0 2 2 0 2 0 0 0 0 2 2 0 0 0 0 2 0 2 2 0 2 0 0 2 2 2 2 2 0 2 2 2 0 0 0 2 1 1 0 2 0 2 0 2 0 0 2 0 2 2 0 2 2 2 0 1 0 0 2 2 2 2 0 0 2 2 0 2 2 2 0 2 2 2 0 2 2 2 1 2 0 0 1 2 0 0 0 0 2 2 0 0 0 2 0 0 2 0 2 0 2 0 0 0 0 1 0 2 0 0 2 0 2 0 2 2 0 2 0 2 2 2 0 0 0 2 0 0 2 2 2 2 2
289 2 2 2 2 2 2 2 2 2 2 2 2 2 2 2 2 2 2 2 2 2 2 2 2 2 2 2 2 2 2 2 2 2 0 2 1 2 2 2 2 2 2 2 2 2 2 2 2 2 2 2 2 0 2 2 2 2 2 2 2 2 2 2 2 2 2 2 2 2 2 2 2 2 0 2 2 2 2 2 2 0 0 2 2 2 2 2 2 2 2 2 2 2 2 2 2 2 2 2 2 0 0 2 2 2 2 2 2 0 2 2 2 2 2 2 2 2 2 2 2 2 2 2 2 2 2 2 2 2 2 2 2 0 2 2 2 0 2 2 2 2 2 2 2 2 2 2 2 2 2 2 2 2 2 2 2 2 2 2 2 2 2 2 0 2 2 2 2 2 2 2 2 2 2 2 2 2 2 2 2 2 2 2 2 2 0 2 2 0 2 2 2 2 2 1 2 2 2 2 2 2 0 2 2 2 2 2 2 2 2 2 2 2 2 2 2 2 2 2 2 2 2 2 2 2 2 2 2 2 2 2 2 2 0 2 2 2 2 2 2 2 0 2 2 0
290 0 2 0 2 2 2 2 2 0 0 2 2 2 0 2 2 2 0 0 2 2 2 2 0 2 2 2 2 0 0 0 2 2 2 2 2 2 2 0 2 0 2 2 2 0 0 2 2 0 0 0 2 2 2 2 2 2 2 0 0 0 0 2 2 2 2 2 2 2 2 2 0 2 2 2 0 0 2 2 2 2 2 2 2 2 2 0 2 2 2 2 0 2 0 2 2 2 2 2 0 2 2 2 2 2 2 2 0 2 2 2 2 2 0 2 2 2 2 2 2 2 0 0 2 2 2 2 2 2 2 2 2 2 2 2 2 2 2 0 2 2 2 2 2 2 2 2 2 2 2 2 2 2 2 2 2 2 2 1 2 2 2 2 2 2 2 2 1 2 2 2 2 2 2 2 2 0 2 2 0 2 2 2 2 2 2 2 2 2 0 1 2 2 2 2 2 2 2 2 2 2 2 2 2 2 2 2 2 2 2 2 2 0 2 2 2 2 1 2 0 2 2 2 2 2 2 2 2 2 2 2 2 0 2 2 2 2 0 2 2 2 2 0 2 2
291 0 2 0 0 2 0 2 2 0 0 2 0 2 0 0 2 0 0 0 2 0 0 2 0 2 2 0 0 0 0 0 0 2 2 2 1 2 2 0 0 0 2 2 2 0 0 2 2 0 0 0 2 2 2 2 2 2 2 0 0 0 0 2 2 2 2 2 0 2 2 2 0 2 2 0 0 0 0 2 2 2 2 2 2 2 0 0 2 2 2 0 0 2 0 2 2 2 0 2 0 2 2 2 0 2 0 0 0 2 2 2 2 2 0 0 2 0 2 2 2 2 0 0 2 2 2 2 2 2 2 2 2 2 2 2 0 2 0 0 0 2 0 0 2 2 2 2 2 1 1 2 2 2 0 2 2 2 2 1 2 2 2 2 2 0 0 2 1 2 2 2 2 0 2 2 2 0 0 2 0 2 0 2 0 2 2 2 2 2 0 1 2 2 2 2 0 2 2 2 2 0 2 2 2 2 0 2 2 2 2 2 2 0 2 2 2 2 1 2 0 2 2 0 2 2 2 2 2 2 2 2 2 0 2 2 2 2 0 2 2 0 2 0 0 2
292 2 0 2 2 0 2 0 0 2 2 0 2 0 2 2 2 2 2 2 0 2 2 0 2 0 2 2 2 2 2 2 2 0 2 0 2 0 0 2 2 2 0 0 0 2 2 2 0 2 2 2 0 2 0 0 0 2 0 2 2 2 2 0 0 0 0 0 2 2 0 0 2 0 2 2 2 2 2 0 0 2 2 0 0 0 2 2 0 0 0 2 2 0 2 0 0 2 2 0 2 2 2 0 2 0 2 2 2 2 0 0 0 0 2 2 0 2 0 0 0 0 2 2 0 0 0 0 2 0 2 2 0 2 0 0 2 2 2 2 2 0 2 2 2 0 0 0 2 1 1 0 2 0 2 0 2 0 0 2 0 2 2 0 2 2 2 0 1 0 0 2 2 2 2 0 0 2 2 0 2 2 2 0 2 2 2 0 2 2 2 1 2 0 0 1 2 0 0 0 0 2 2 0 0 0 2 0 0 2 0 2 0 2 0 0 0 0 1 0 2 0 0 2 0 2 0 2 2 0 2 0 2 2 2 0 0 0 2 0 0 2 2 2 2 2
293 2 2 2 2 2 0 2 2 2 2 2 2 2 2 1 2 1 2 2 2 2 2 2 2 2 2 0 2 2 2 2 2 2 2 2 1 2 2 2 2 2 2 2 2 2 2 2 2 2 2 2 2 2 2 2 2 2 2 2 2 2 2 2 2 2 2 2 2 2 2 2 2 2 2 1 2 2 2 2 2 2 2 2 2 2 1 2 2 2 2 0 2 2 2 2 2 2 2 2 2 2 2 2 2 2 2 2 2 2 2 2 2 2 2 2 2 0 2 2 2 2 2 2 2 2 2 2 2 2 2 2 2 2 2 2 1 2 0 2 1 2 0 0 2 2 2 2 2 1 2 2 2 2 2 2 2 2 2 2 2 2 2 2 2 1 0 2 2 2 2 2 2 0 2 2 2 2 2 2 2 2 0 2 0 2 2 2 2 2 2 2 0 2 2 2 0 2 2 2 2 2 2 2 2 2 2 2 2 2 2 2 2 2 2 2 2 2 2 2 2 2 2 2 2 2 2 0 2 2 2 2 2 2 2 2 2 2 2 2 2 0 2 2 2 2
294 2 0 2 2 0 2 0 0 2 2 0 2 0 2 2 2 2 2 2 0 2 2 0 2 0 2 2 2 2 2 2 2 0 2 0 2 0 0 2 2 2 0 0 0 2 2 2 0 2 2 2 0 2 0 0 0 2 0 2 2 2 2 0 0 0 0 0 2 2 0 0 2 0 2 2 2 2 2 0 0 2 2 0 0 0 2 2 0 0 0 2 2 0 2 0 0 2 2 0 2 2 2 0 2 0 2 2 2 2 0 0 0 0 2 2 0 2 0 0 0 0 2 2 0 0 0 0 2 0 2 2 0 2 0 0 2 2 2 2 2 0 2 2 2 0 0 0 2 1 1 0 2 0 2 0 2 0 0 2 0 2 2 0 2 2 2 0 1 0 0 2 2 2 2 0 0 2 2 0 2 2 2 0 2 2 2 0 2 2 2 1 2 0 0 1 2 0 0 2 0 2 2 0 0 0 2 0 0 2 0 2 0 2 0 0 0 0 1 0 2 0 0 2 0 2 0 2 2 0 2 0 2 2 2 0 0 0 2 0 0 2 2 2 2 2
295 2 2 2 0 2 0 2 2 2 2 2 0 2 2 0 2 0 2 2 2 0 0 2 2 2 2 0 0 2 2 2 0 2 2 2 1 2 2 2 2 2 2 2 2 2 2 2 2 2 2 2 2 2 2 2 2 2 2 2 2 2 2 2 2 2 2 2 0 2 2 2 2 2 2 0 2 2 0 2 2 2 2 2 2 2 0 2 2 2 2 0 2 2 2 2 2 2 0 2 2 2 2 2 2 2 0 0 2 2 2 2 2 2 2 0 2 0 2 2 2 2 2 2 2 2 2 2 2 2 2 2 2 2 2 2 0 2 0 2 0 2 0 0 2 2 2 2 2 1 1 2 2 2 0 2 2 2 2 2 2 2 2 2 2 0 0 2 2 2 2 2 2 0 2 2 2 2 0 2 2 2 0 2 0 2 2 2 2 2 2 2 0 2 2 2 0 2 2 2 2 0 2 2 2 2 0 2 2 2 2 2 2 2 2 2 2 2 2 2 2 2 2 0 2 2 2 0 2 2 2 2 2 2 2 2 2 2 2 2 2 0 2 2 0 2
296 0 2 0 2 2 2 2 2 0 0 2 2 2 0 2 2 2 0 0 2 2 2 2 0 2 2 2 2 0 0 0 2 2 2 2 2 2 2 0 2 0 2 2 2 0 0 2 2 0 0 2 2 2 2 2 2 2 2 0 0 0 0 2 2 2 2 2 2 2 2 2 0 2 2 2 0 0 2 2 2 2 2 2 2 2 2 0 2 2 2 2 0 2 0 2 2 2 2 2 0 2 2 2 2 2 2 2 0 2 2 2 2 2 0 2 2 2 2 2 2 2 0 0 2 2 2 2 2 2 2 2 2 2 2 2 2 2 2 0 2 2 2 2 2 2 2 2 2 2 2 2 2 2 2 2 2 2 2 1 2 2 2 2 2 2 2 2 1 2 2 2 2 2 2 2 2 0 2 2 0 2 2 2 2 2 2 2 2 2 0 1 2 2 2 2 2 2 2 2 2 2 2 2 2 2 2 2 2 2 2 2 2 0 2 2 2 2 1 2 0 2 2 2 2 2 2 2 2 2 2 2 2 0 2 2 2 2 0 2 2 2 2 0 2 2
297 2 2 2 2 2 0 2 2 2 2 2 2 2 2 0 2 0 2 2 2 2 2 2 2 2 2 0 2 2 2 2 2 2 2 2 2 2 2 2 2 2 2 2 2 2 2 2 2 2 2 2 2 2 2 2 2 2 2 2 2 2 2 2 2 2 2 2 2 2 2 2 2 2 2 0 2 2 2 2 2 2 2 2 2 2 0 2 2 2 2 0 2 2 2 2 2 2 2 2 2 2 2 2 2 2 2 0 2 2 2 2 2 2 2 2 2 0 2 2 2 2 2 2 2 2 2 2 2 2 2 2 2 2 2 2 0 2 0 2 0 2 0 0 2 2 2 2 2 1 2 2 2 2 0 2 2 2 2 2 2 2 2 2 2 0 0 2 2 2 2 2 2 0 2 2 2 2 0 2 2 2 0 2 0 2 2 2 2 2 2 2 0 2 2 2 0 2 2 2 2 2 2 2 2 2 0 2 2 2 2 2 2 2 2 2 2 2 2 2 2 2 2 2 2 2 2 0 2 2 2 2 2 2 2 2 2 2 2 2 2 0 2 2 0 2
298 0 2 0 0 2 0 2 2 0 0 2 0 2 0 0 0 0 0 0 2 0 0 2 0 2 0 0 0 0 0 0 0 2 0 2 0 2 2 0 0 0 2 2 2 0 0 2 2 0 0 0 2 0 2 2 2 2 2 0 0 0 0 2 2 2 2 2 0 2 2 2 0 2 0 0 0 0 0 2 2 0 0 2 2 2 0 0 2 2 2 0 0 2 0 2 2 2 0 2 0 0 0 2 0 2 0 0 0 0 2 2 2 2 0 0 2 0 2 2 2 2 0 0 2 2 2 2 2 2 0 2 2 0 2 2 0 0 0 0 0 2 0 0 2 2 2 2 2 1 1 2 2 2 0 2 2 2 2 1 2 2 2 2 0 0 0 2 0 2 2 2 2 0 2 2 2 0 0 2 0 2 0 2 0 2 0 2 0 0 0 1 0 2 2 1 0 2 2 2 2 0 0 2 2 2 0 2 2 2 2 2 2 0 2 2 2 2 1 2 0 2 2 0 2 2 2 0 2 2 2 2 0 0 0 2 2 2 0 2 2 0 0 0 0 0
299 0 2 0 2 2 2 2 2 0 0 2 2 2 0 2 2 2 0 0 2 2 2 2 0 2 2 2 2 0 0 0 2 2 2 2 2 2 2 0 2 0 2 2 2 0 0 2 2 0 0 0 2 2 2 2 2 2 2 0 0 0 0 2 2 2 2 2 2 2 2 2 0 2 2 2 0 0 2 2 2 2 2 2 2 2 2 0 2 2 2 2 0 2 0 2 2 2 2 2 0 2 2 2 2 2 2 2 0 2 2 2 2 2 0 2 2 2 2 2 2 2 0 0 2 2 2 2 2 2 2 2 2 2 2 2 2 2 2 0 2 2 2 2 2 2 2 2 2 2 2 2 2 2 2 2 2 2 2 1 2 2 2 2 2 2 2 2 1 2 2 2 2 2 2 2 2 0 2 2 0 2 2 2 2 2 2 2 2 2 0 1 2 2 2 2 2 2 2 2 2 2 2 2 2 2 2 2 2 2 2 2 2 0 2 2 2 2 1 2 0 2 2 2 2 2 2 2 2 2 2 2 2 0 2 2 2 2 0 2 2 2 2 0 2 2
300 2 2 2 2 2 2 2 2 2 2 2 2 2 2 2 2 2 2 2 2 2 2 2 2 2 2 2 2 2 2 2 2 2 0 2 1 2 2 2 2 2 2 2 2 2 2 2 2 2 2 2 2 0 2 2 2 2 2 2 2 2 2 2 2 2 2 2 2 2 2 2 2 2 0 2 2 2 2 2 2 0 0 2 2 2 2 2 2 2 2 2 2 2 2 2 2 2 2 2 2 0 0 2 2 2 2 2 2 0 2 2 2 2 2 2 2 2 2 2 2 2 2 2 2 2 2 2 2 2 2 2 2 0 2 2 2 0 2 2 2 2 2 2 2 2 2 2 2 2 2 2 2 2 2 2 2 2 2 2 2 2 2 2 0 2 2 2 2 2 2 2 2 2 2 2 2 2 2 2 2 2 2 2 2 2 0 2 2 0 2 2 2 2 2 1 2 2 2 2 2 2 0 2 2 2 2 2 2 2 2 2 2 2 2 2 2 2 2 2 2 2 2 2 2 2 2 2 2 2 2 2 2 2 0 2 2 2 2 2 2 2 0 2 2 0
301 2 2 2 2 2 0 2 2 2 2 2 2 2 2 0 2 0 2 2 2 2 2 2 2 2 2 0 2 2 2 2 2 2 2 2 1 2 2 2 2 2 2 2 2 2 2 2 2 2 2 2 2 2 2 2 2 2 2 2 2 2 2 2 2 2 2 2 2 2 2 2 2 2 2 0 2 2 2 2 2 2 2 2 2 2 0 2 2 2 2 0 2 2 2 2 2 2 2 2 2 2 2 2 2 2 2 2 2 2 2 2 2 2 2 2 2 0 2 2 2 2 2 2 2 2 2 2 2 2 2 2 2 2 2 2 0 2 0 2 0 2 0 0 2 2 2 2 2 1 2 2 2 2 2 2 2 2 2 2 2 2 2 2 2 0 0 2 2 2 2 2 2 0 2 2 2 2 2 2 2 2 0 2 0 2 2 2 2 2 2 2 0 2 2 2 0 2 2 2 2 2 2 2 2 2 2 2 2 2 2 2 2 2 2 2 2 2 2 2 2 2 2 2 2 2 2 0 2 2 2 2 2 2 2 2 2 2 2 2 2 0 2 2 2 2
302 0 2 0 2 2 2 2 2 0 0 2 2 2 0 2 2 2 0 0 2 0 2 2 0 2 2 2 2 0 0 0 2 2 2 2 2 2 1 0 0 0 2 2 2 0 0 2 2 0 0 0 2 2 2 2 2 2 2 0 0 0 0 2 2 2 2 2 2 2 2 2 1 2 2 2 0 0 2 2 2 2 2 2 2 2 2 0 2 2 1 2 0 2 0 2 2 2 2 2 0 2 2 2 2 2 2 2 0 2 2 2 2 2 0 2 2 2 2 2 2 2 0 0 2 2 2 2 2 2 2 2 2 2 2 2 2 2 2 0 2 2 2 2 2 2 2 2 2 2 2 2 2 2 2 2 2 2 2 2 2 2 2 2 2 2 2 2 1 2 2 2 2 2 2 2 2 0 2 2 0 2 2 2 2 2 2 2 2 2 0 1 2 2 2 2 2 2 2 2 2 1 2 2 2 2 2 2 2 2 2 2 2 0 2 2 2 2 1 2 0 2 2 2 2 2 2 2 2 2 2 2 2 0 2 2 2 2 0 2 2 2 2 0 2 2
303 2 2 2 2 2 2 2 2 2 2 2 2 2 2 2 2 2 2 2 2 2 2 2 2 2 2 2 2 2 2 2 2 2 0 2 1 2 2 2 2 2 2 2 2 2 2 2 2 2 2 2 2 0 2 2 2 2 2 2 2 2 2 2 2 2 2 2 2 2 2 2 2 2 0 2 2 2 2 2 2 2 2 2 2 2 2 2 2 2 2 2 2 2 2 2 2 2 2 2 2 2 0 2 2 2 2 2 2 0 2 2 2 2 2 2 2 2 2 2 2 2 2 2 2 2 2 2 2 2 2 2 2 0 2 2 2 0 2 2 2 2 2 2 2 2 2 2 2 2 2 2 2 2 2 2 2 2 2 2 2 2 2 2 0 2 2 2 2 2 2 2 2 2 2 2 2 2 2 2 2 2 2 2 2 2 0 2 2 0 2 2 2 2 2 2 2 2 2 2 2 2 0 2 2 2 2 2 2 2 2 2 2 2 2 2 2 2 2 2 2 2 2 2 2 2 2 2 2 2 2 2 2 2 0 2 2 2 2 2 2 2 2 2 2 2
304 0 2 0 2 2 2 2 2 0 0 2 2 2 0 2 2 2 0 0 2 2 2 2 0 2 2 2 2 0 0 0 2 2 2 2 2 2 2 0 2 0 2 2 2 0 0 2 2 0 0 0 2 2 2 2 2 2 2 0 0 0 0 2 2 2 2 2 2 2 2 2 0 2 2 2 0 0 2 2 2 2 2 2 2 2 2 0 2 2 2 2 0 2 0 2 2 2 2 2 0 2 2 2 2 2 2 2 0 2 2 2 2 2 0 2 2 2 2 2 2 2 0 0 2 2 2 2 2 2 2 2 2 2 2 2 2 2 2 0 2 2 2 2 2 2 2 2 2 2 2 2 2 2 2 2 2 2 2 1 2 2 2 2 2 2 2 2 1 2 2 2 2 2 2 2 2 0 2 2 0 2 2 2 2 2 2 2 2 2 0 1 2 2 2 2 2 2 2 2 2 2 2 2 2 2 2 2 2 2 2 2 2 0 2 2 2 2 1 2 0 2 2 2 2 2 2 2 2 2 2 2 2 0 2 2 2 2 0 2 2 2 2 0 2 2
305 0 2 0 0 2 2 2 2 0 0 2 0 2 0 2 2 2 0 0 2 0 0 2 0 2 2 2 0 0 0 0 0 2 2 2 2 2 2 0 0 0 2 2 2 0 0 2 2 0 0 0 2 2 2 2 2 2 2 0 0 0 0 2 2 2 2 2 0 2 2 2 0 2 2 2 0 0 0 2 2 2 2 2 2 2 2 0 2 2 2 2 0 2 0 2 2 2 0 2 0 2 2 2 0 2 0 2 0 2 2 2 2 2 0 0 2 2 2 2 2 2 0 0 2 2 2 2 2 2 2 2 2 2 2 2 2 2 2 0 2 2 2 2 2 2 2 2 2 2 1 2 2 2 2 2 2 2 2 1 2 2 2 2 2 2 2 2 1 2 2 2 2 2 2 2 2 0 2 2 0 2 2 2 2 2 2 2 2 2 0 1 2 2 2 2 2 2 2 2 2 0 2 2 2 2 2 2 2 2 2 2 2 0 2 2 2 2 1 2 0 2 2 0 2 2 2 2 2 2 2 2 2 0 2 2 2 2 0 2 2 2 2 0 2 2
306 0 2 0 0 2 0 2 2 0 0 2 0 2 0 0 2 0 0 0 2 0 0 2 0 2 2 0 0 0 0 0 0 2 2 2 1 2 2 0 0 0 2 2 2 0 0 2 2 0 0 0 2 2 2 2 2 2 2 0 0 0 0 2 2 2 2 2 0 2 2 2 0 2 2 0 0 0 0 2 2 2 2 2 2 2 0 0 2 2 2 0 0 2 0 2 2 2 0 2 0 2 2 2 0 2 0 0 0 2 2 2 2 2 0 0 2 0 2 2 2 2 0 0 2 2 2 2 2 2 2 2 2 2 2 2 0 2 0 0 0 2 0 0 2 2 2 2 2 1 1 2 2 2 0 2 2 2 2 1 2 2 2 2 2 0 0 2 1 2 2 2 2 0 2 2 2 0 0 2 0 2 0 2 0 2 2 2 2 2 0 1 0 2 2 2 0 2 2 2 2 0 2 2 2 2 0 2 2 2 2 2 2 0 2 2 2 2 1 2 0 2 2 0 2 2 2 0 2 2 2 2 2 0 2 2 2 2 0 2 2 0 2 0 0 2
307 2 2 2 2 2 2 2 2 2 2 2 2 2 2 2 0 2 2 2 2 2 2 2 2 2 0 2 2 2 2 2 2 2 0 2 1 2 2 2 2 2 2 2 2 2 2 2 2 2 2 2 2 0 2 2 2 2 2 2 2 2 2 2 2 2 2 2 2 2 2 2 2 2 0 2 2 2 2 2 2 0 0 2 2 2 2 2 2 2 2 2 2 2 2 2 2 2 2 2 2 0 0 2 2 2 2 2 2 0 2 2 2 2 2 2 2 2 2 2 2 2 2 2 2 2 2 2 2 2 0 2 2 0 2 2 2 0 2 2 2 2 2 2 2 2 2 2 2 2 2 2 2 2 2 2 2 2 2 2 2 2 2 2 0 2 2 2 2 2 2 2 2 2 2 2 2 2 2 2 2 2 2 2 2 2 0 2 0 0 2 2 2 2 2 1 2 2 2 2 2 2 0 2 2 2 2 2 2 2 2 2 2 2 2 2 2 2 2 2 2 2 2 2 2 2 2 2 2 2 2 2 0 2 0 2 2 2 2 2 2 2 0 2 2 0
308 2 2 2 2 2 2 2 0 2 2 2 2 2 2 2 2 2 2 2 0 2 2 2 2 2 2 2 2 2 2 2 2 2 2 0 2 0 2 2 2 2 2 0 0 2 2 2 2 2 2 2 0 2 2 2 2 2 2 2 2 2 2 2 0 0 2 2 2 2 2 0 2 2 2 2 2 2 2 2 0 2 2 2 2 2 2 2 2 0 0 2 2 2 2 0 2 2 2 0 2 2 2 2 2 0 2 2 2 2 2 2 2 2 2 2 2 2 2 2 2 2 2 2 0 2 2 0 2 0 2 2 2 2 2 0 2 2 2 2 2 2 2 2 2 0 2 0 2 2 1 2 2 0 2 2 2 2 0 2 2 2 2 0 2 2 2 2 2 2 2 2 2 2 2 2 2 2 2 2 2 2 2 2 2 2 2 2 2 2 2 2 2 2 0 2 2 2 2 2 1 2 2 0 2 0 2 2 0 2 0 2 2 2 0 2 0 0 2 2 2 0 2 2 2 2 2 2 2 2 2 0 2 2 2 2 0 2 2 2 0 2 2 2 2 2
309 2 2 2 2 2 2 2 2 2 2 2 2 2 2 2 2 2 2 2 2 2 2 2 2 2 2 2 2 2 2 2 2 2 0 2 1 2 2 2 2 2 2 2 2 2 2 2 2 2 2 2 2 0 2 2 2 2 2 2 2 2 2 2 2 2 2 2 2 2 2 2 2 2 0 2 2 2 2 2 2 0 0 2 2 2 2 2 2 2 2 2 2 2 2 2 2 2 2 2 2 0 0 2 2 2 2 2 2 0 2 2 2 2 2 2 2 2 2 2 2 2 2 2 2 2 2 2 2 2 2 2 2 0 2 2 2 0 2 2 2 2 2 2 2 2 2 2 0 2 2 2 2 2 2 2 2 2 2 2 2 2 2 2 0 2 2 2 2 2 2 2 2 2 2 2 2 2 2 2 2 2 2 2 2 2 0 2 2 0 2 2 2 2 2 1 2 2 2 2 2 2 0 2 2 2 2 2 2 2 2 2 2 2 2 2 2 2 2 2 2 2 2 2 2 2 2 2 2 2 2 2 2 2 0 2 2 2 2 2 2 2 0 2 2 0
310 2 2 2 2 2 0 2 2 2 2 2 2 2 2 0 2 2 2 2 2 2 2 2 2 2 2 0 2 2 2 2 2 2 2 2 1 2 2 2 2 2 2 2 2 2 2 2 2 2 2 2 2 2 2 2 2 2 2 2 2 2 2 2 2 2 2 2 2 2 2 2 2 2 2 2 2 2 2 2 2 2 2 2 2 2 0 2 2 2 2 2 2 2 2 2 2 2 2 2 2 2 2 2 2 2 2 0 2 2 2 2 2 2 2 2 2 0 2 2 2 2 2 2 2 2 2 2 2 2 2 2 2 2 2 2 0 2 0 2 0 2 0 0 2 2 2 2 2 1 2 2 2 2 0 2 2 2 2 2 2 2 2 2 2 0 0 2 2 2 2 2 2 0 2 2 2 2 0 2 2 2 0 2 0 2 2 2 2 2 2 2 0 2 2 2 0 2 2 2 2 2 2 2 2 2 0 2 2 2 2 2 2 2 2 2 2 2 2 2 2 2 2 2 2 2 2 0 2 2 2 2 2 2 2 2 2 2 2 2 2 0 2 2 0 2
311 0 2 0 0 2 2 2 2 0 0 2 2 2 0 2 2 2 0 0 2 2 2 2 0 2 2 2 2 0 0 0 2 2 2 2 2 2 2 0 2 0 2 2 2 0 0 2 2 0 0 0 2 2 2 2 2 2 2 0 0 0 0 2 2 2 2 2 2 2 2 2 0 2 2 2 0 0 2 2 2 2 2 2 2 2 2 0 2 2 2 2 0 2 0 2 2 2 2 2 0 2 2 2 2 2 2 2 0 2 2 2 2 2 0 2 2 2 2 2 2 2 0 0 2 2 2 2 2 2 2 2 2 2 2 2 2 2 2 0 2 2 2 2 2 2 2 2 2 2 2 2 2 2 2 2 2 2 2 1 2 2 2 2 2 2 2 2 1 2 2 2 2 2 2 2 2 0 2 2 0 2 2 2 2 2 2 2 2 2 0 1 2 2 2 2 2 2 2 2 2 2 2 2 2 2 2 2 2 2 2 2 2 0 2 2 2 2 1 2 0 2 2 2 2 2 2 2 2 2 2 2 2 0 2 2 2 2 0 2 2 2 2 0 2 2
312 2 2 2 2 2 2 2 2 2 2 2 2 2 2 2 2 2 2 2 2 2 2 2 2 2 2 0 2 2 2 2 2 2 2 2 1 2 2 2 2 2 2 2 2 2 2 2 2 2 2 2 2 2 2 2 2 2 2 2 2 2 2 2 2 2 2 2 2 2 2 2 2 2 2 2 2 2 2 2 2 2 2 2 2 2 0 2 2 2 2 0 2 2 2 2 2 2 2 2 2 2 2 2 2 2 2 2 2 2 2 2 2 2 2 2 2 2 2 2 2 2 2 2 2 2 2 2 2 2 2 2 2 2 2 2 0 2 2 2 0 2 0 0 2 2 2 2 2 2 2 2 2 2 2 2 2 2 2 2 2 2 2 2 2 0 0 2 2 2 2 2 2 0 2 2 2 2 2 2 2 2 0 2 0 2 2 2 2 2 2 2 0 2 2 2 0 2 2 2 2 2 2 2 2 2 2 2 2 2 2 2 2 2 2 2 2 2 2 2 2 2 2 2 2 2 2 0 2 2 2 2 2 2 2 2 2 2 2 2 2 2 2 2 2 2
313 2 2 2 2 2 2 2 2 2 2 2 2 2 2 2 2 2 2 2 2 2 2 2 2 2 2 0 2 2 2 2 2 2 2 2 1 2 2 2 2 2 2 2 2 2 2 2 2 2 2 2 2 2 2 2 2 2 2 2 2 2 2 2 2 2 2 2 2 2 2 2 2 2 2 2 2 2 2 2 2 2 2 2 2 2 0 2 2 2 2 0 2 2 2 2 2 2 2 2 2 2 2 2 2 2 2 0 2 2 2 2 2 2 2 2 2 2 2 2 2 2 2 2 2 2 2 2 2 2 2 2 2 2 2 2 0 2 2 2 0 2 0 0 2 2 2 2 2 2 2 2 2 2 0 2 2 2 2 2 2 2 2 2 2 0 0 2 2 2 2 2 2 0 2 2 2 2 0 2 2 2 0 2 0 2 2 2 2 2 2 2 0 2 2 2 0 2 2 2 2 2 2 2 2 2 0 2 2 2 2 2 2 2 2 2 2 2 2 2 2 2 2 2 2 2 2 0 2 2 2 2 2 2 2 2 2 2 2 2 2 2 2 2 0 2
314 2 0 0 0 2 0 0 0 0 0 0 2 2 2 0 2 0 0 2 0 2 2 0 2 0 2 2 2 0 2 2 2 0 2 0 2 0 0 0 0 0 0 0 0 0 0 0 0 0 0 0 0 2 0 0 0 2 0 0 0 0 2 0 0 0 2 0 2 2 0 0 0 0 2 0 2 0 2 0 0 2 2 0 0 0 2 0 0 0 0 2 0 0 0 0 0 0 0 0 0 2 2 0 0 0 0 2 0 2 0 2 0 0 2 0 0 0 0 0 0 0 0 0 0 0 0 0 0 0 0 2 0 2 0 2 2 2 2 0 2 0 2 2 2 0 0 0 2 0 1 0 2 0 2 0 2 0 0 1 0 2 2 0 2 2 2 0 0 0 0 2 2 2 0 0 0 0 2 0 2 0 2 0 2 0 2 0 0 2 0 0 2 0 0 1 2 0 0 0 0 0 2 0 0 2 2 0 0 0 0 0 0 0 0 0 0 0 0 0 0 0 0 2 0 2 0 2 0 0 0 0 2 2 2 0 0 0 2 0 0 0 2 0 2 2
315 2 0 0 0 0 0 0 0 0 0 0 2 0 2 0 2 0 0 0 0 2 2 0 2 0 2 2 2 0 0 0 2 0 2 0 2 0 0 0 0 0 0 0 0 0 0 0 0 0 0 0 0 2 0 0 0 2 0 0 0 0 2 0 0 0 0 0 2 2 0 0 0 0 2 0 0 0 2 0 0 2 2 0 0 0 2 0 0 0 0 2 0 0 0 0 0 0 0 0 0 2 2 0 0 0 0 2 0 2 0 0 0 0 2 0 0 0 0 0 0 0 0 0 0 0 0 0 0 0 0 2 0 2 0 2 2 2 2 0 2 0 2 2 2 0 0 0 2 0 1 0 2 0 2 0 2 0 0 1 0 2 2 0 2 2 2 0 0 0 0 2 2 2 0 0 0 0 2 0 2 0 2 0 2 0 2 0 0 2 0 0 2 0 0 1 2 0 0 0 0 0 2 0 0 2 2 0 0 0 0 0 0 0 0 0 0 0 0 0 0 0 0 2 0 2 0 2 0 0 0 0 2 2 2 0 0 0 2 0 0 0 2 0 2 2
316 2 0 0 0 0 0 0 0 0 0 0 2 0 2 0 2 0 0 0 0 2 2 0 2 0 2 2 2 0 0 0 2 0 2 0 2 0 0 0 0 0 0 0 0 0 0 0 0 0 0 0 0 2 0 0 0 2 0 0 0 0 2 0 0 0 0 0 2 2 0 0 0 0 2 0 0 0 2 0 0 2 2 0 0 0 2 0 0 0 0 2 0 0 0 0 0 0 0 0 0 2 2 0 0 0 0 2 0 2 0 0 0 0 2 0 0 0 0 0 0 0 0 0 0 0 0 0 0 0 0 2 0 2 0 2 2 2 2 0 2 0 2 2 2 0 0 0 2 0 1 0 2 0 2 0 2 0 0 1 0 2 2 0 2 2 2 0 0 0 0 2 2 2 0 0 0 0 2 0 2 0 2 0 2 0 2 0 0 2 0 0 2 0 0 1 2 0 0 0 0 0 2 0 0 2 2 0 0 0 0 0 0 0 0 0 0 0 0 0 0 0 0 2 0 2 0 2 0 0 0 0 2 2 2 0 0 0 2 0 0 0 2 0 2 2
317 2 0 0 0 0 0 0 0 0 0 0 2 0 2 0 2 0 0 0 0 2 2 0 2 0 2 2 2 0 0 0 2 0 2 0 2 0 0 0 0 0 0 0 0 0 0 0 0 0 0 0 0 2 0 0 0 2 0 0 0 0 2 0 0 0 0 0 2 2 0 0 0 0 2 0 0 0 2 0 0 2 2 0 0 0 2 0 0 0 0 2 0 0 0 0 0 0 0 0 0 2 2 0 0 0 0 2 0 2 0 0 0 0 2 0 0 0 0 0 0 0 0 0 0 0 0 0 0 0 0 2 0 2 0 2 2 2 2 0 2 0 2 2 2 0 0 0 2 0 1 0 2 0 2 0 2 0 0 1 0 2 2 0 2 2 2 0 0 0 0 2 2 2 0 0 0 0 2 0 2 0 2 0 2 0 2 0 0 2 0 0 2 0 0 1 2 0 0 0 0 0 2 0 0 2 2 0 0 0 0 0 0 0 0 0 0 0 0 0 0 0 0 2 0 2 0 2 0 0 0 0 2 2 2 0 0 0 2 0 0 0 2 0 2 2
318 2 0 0 0 0 0 0 0 0 0 0 2 0 2 0 2 0 0 0 0 2 2 0 2 0 2 2 2 0 0 0 2 0 2 0 2 0 0 0 0 0 0 0 0 0 0 0 0 0 0 0 0 2 0 0 0 2 0 0 0 0 2 0 0 0 0 0 2 2 0 0 0 0 2 0 0 0 2 0 0 2 2 0 0 0 2 0 0 0 0 2 0 0 0 0 0 0 0 0 0 2 2 0 0 0 0 2 0 2 0 0 0 0 2 0 0 0 0 0 0 0 0 0 0 0 0 0 0 0 0 2 0 2 0 2 2 2 2 0 2 0 2 2 2 0 0 0 2 0 1 0 2 0 2 0 2 0 0 1 0 2 2 0 2 2 2 0 0 0 0 2 2 2 0 0 0 0 2 0 2 0 2 0 2 0 2 0 0 2 0 0 2 0 0 1 2 0 0 0 0 0 2 0 0 2 2 0 0 0 0 0 0 0 0 0 0 0 0 0 0 0 0 2 0 2 0 2 0 0 0 0 2 2 2 0 0 0 2 0 0 0 2 0 2 2
319 2 0 0 0 0 0 0 0 0 0 0 2 0 2 0 2 0 0 0 0 2 2 0 2 0 2 2 2 0 0 0 2 0 2 0 2 0 0 0 0 0 0 0 0 0 0 0 0 0 0 0 0 2 0 0 0 2 0 0 0 0 2 0 0 0 0 0 2 2 0 0 0 0 2 0 0 0 2 0 0 2 2 0 0 0 2 0 0 0 0 2 0 0 0 0 0 0 0 0 0 2 2 0 0 0 0 2 0 2 0 0 0 0 2 0 0 0 0 0 0 0 0 0 0 0 0 0 0 0 0 2 0 2 0 2 2 2 2 0 2 0 2 2 2 0 0 0 2 0 1 0 2 0 2 0 2 0 0 1 0 2 2 0 2 2 2 0 0 0 0 2 2 2 0 0 0 0 2 0 2 0 2 0 2 0 2 0 0 2 0 0 2 0 0 1 2 0 0 0 0 0 2 0 0 2 2 0 0 0 0 0 0 0 0 0 0 0 0 0 0 0 0 2 0 2 0 2 0 0 0 0 2 2 2 0 0 0 2 0 0 0 2 0 2 2
320 2 0 0 0 0 2 2 2 0 0 2 2 0 2 2 2 2 0 0 2 2 2 0 2 2 2 2 2 0 0 0 2 2 2 2 2 2 0 0 2 0 2 2 2 0 0 2 2 0 0 0 2 2 2 0 0 2 0 0 0 0 2 2 2 2 0 0 2 2 2 2 0 2 2 2 0 0 2 2 2 2 2 2 2 0 2 0 2 2 2 2 0 2 0 2 2 2 2 2 0 2 2 0 2 2 2 2 0 2 0 0 2 2 2 2 2 2 2 2 2 2 0 0 2 2 2 2 2 2 2 2 2 2 2 2 2 2 2 0 2 2 2 2 2 2 2 2 2 2 2 2 2 2 2 2 2 2 2 0 2 2 2 2 2 2 2 2 1 2 2 2 2 2 2 2 2 0 2 2 2 2 2 2 2 2 2 2 2 2 0 1 2 2 2 2 2 2 2 0 1 2 2 2 2 2 2 2 2 2 2 2 2 0 2 2 2 2 1 2 0 2 2 2 2 2 2 2 2 2 2 2 2 2 2 2 2 2 2 2 2 2 2 0 2 2
321 2 0 0 0 0 2 2 2 0 0 2 2 0 2 2 2 2 0 0 2 2 2 0 2 2 2 2 2 0 0 0 2 2 2 2 2 2 0 0 2 0 2 2 2 0 0 2 2 0 0 0 2 2 2 0 0 2 0 0 0 0 2 2 2 2 0 0 2 2 2 2 0 2 2 2 0 0 2 2 2 2 2 2 2 0 2 0 2 2 2 2 0 2 0 2 2 2 2 2 0 2 2 0 2 2 2 2 0 2 0 0 2 2 2 2 2 2 2 2 2 2 0 0 2 2 2 2 2 2 0 2 2 2 2 2 2 2 2 0 2 2 2 2 2 2 2 2 2 2 2 2 2 2 2 2 2 2 2 1 2 2 2 2 2 2 2 2 1 2 2 2 2 2 2 2 2 0 2 2 2 2 2 2 2 2 2 2 2 2 0 1 2 2 2 2 2 2 2 2 1 2 2 2 2 2 2 2 2 2 2 2 2 0 2 2 2 2 1 2 0 2 2 2 2 2 2 2 2 2 2 2 2 2 2 2 2 2 2 2 2 2 2 0 2 2
322 2 0 0 0 0 0 0 0 0 0 0 0 0 2 0 2 0 0 0 0 2 0 0 2 0 2 2 0 0 0 0 0 0 0 0 1 0 0 0 0 0 0 2 0 0 0 0 0 0 0 0 0 0 0 0 0 2 0 0 0 0 2 0 0 0 0 0 0 2 0 0 0 0 0 0 0 0 0 0 0 0 0 0 0 0 2 0 0 0 0 2 0 0 0 0 0 0 2 0 0 0 0 0 2 0 2 2 0 0 0 0 0 0 2 2 0 0 0 0 0 0 0 0 0 0 0 0 0 0 2 2 0 0 0 0 2 0 0 0 2 0 2 2 2 0 0 0 0 0 1 0 2 0 2 0 2 0 0 1 0 2 2 0 0 2 2 0 0 0 0 2 0 2 0 0 0 0 2 0 2 0 2 0 2 0 0 0 0 0 0 0 2 0 0 0 2 0 0 0 0 2 0 0 0 0 2 0 0 0 0 0 0 0 0 0 0 0 0 0 0 0 0 0 0 2 0 2 0 0 0 0 2 2 0 0 0 0 2 0 0 0 0 0 2 0
323 2 2 2 2 2 0 2 0 2 2 2 2 2 2 2 0 0 2 2 0 0 2 2 2 2 0 2 2 2 2 2 2 2 0 0 1 0 2 2 2 2 2 2 0 2 2 0 2 2 2 2 0 0 2 2 2 2 2 2 2 2 2 2 0 0 2 2 2 2 2 0 2 2 0 0 2 2 2 2 0 0 0 2 0 2 2 2 2 0 0 2 2 2 2 0 2 0 0 0 2 0 0 2 2 0 0 2 2 0 2 2 2 2 2 0 2 0 2 2 2 2 2 2 0 2 2 0 0 0 2 2 2 0 2 2 2 0 2 2 2 2 2 2 2 0 2 0 0 1 0 2 2 0 2 2 2 2 0 2 2 2 2 0 0 2 2 0 2 2 2 2 0 2 0 0 2 2 2 2 2 0 2 2 2 0 0 2 0 0 2 2 2 2 0 0 2 2 2 0 1 0 0 0 2 2 2 2 0 0 0 0 2 2 0 2 0 0 2 2 2 0 2 2 2 2 2 2 0 0 0 0 0 2 0 2 0 2 2 2 0 0 0 2 2 0
324 2 2 2 2 2 0 0 0 2 2 0 2 2 2 0 2 0 2 2 0 2 2 2 2 0 2 2 2 2 2 2 2 0 0 0 1 0 2 2 2 2 0 2 0 2 2 0 0 2 2 2 0 0 0 2 2 2 2 2 2 2 2 0 0 0 2 2 2 2 0 0 2 0 0 0 2 2 2 0 0 0 0 0 0 2 2 2 0 0 0 2 2 0 2 0 0 0 2 0 2 0 0 2 2 0 2 2 2 0 2 2 0 0 2 2 0 0 0 0 0 2 2 2 0 0 0 0 0 0 2 2 0 0 0 1 2 0 2 2 2 0 2 2 2 0 0 0 0 0 1 0 2 0 2 0 2 2 0 2 0 2 2 0 0 2 2 0 1 0 0 2 0 2 0 0 0 2 2 0 2 0 2 0 2 0 0 0 0 0 2 1 2 0 0 0 2 0 0 0 1 2 0 0 0 0 2 0 0 0 0 0 0 2 0 0 0 0 1 0 2 0 0 2 0 2 0 2 0 0 0 0 2 2 0 0 0 0 2 0 0 0 0 2 2 0
325 2 0 0 0 0 2 2 2 0 0 2 0 0 2 2 2 2 0 0 2 2 0 0 2 2 2 0 0 1 0 0 0 2 2 2 2 2 0 0 0 0 2 2 2 0 0 2 2 0 0 0 2 2 2 0 0 0 0 0 0 0 2 2 2 2 0 0 0 2 2 2 0 2 2 2 0 0 0 2 2 2 2 2 2 1 0 0 2 2 2 0 0 2 0 2 2 2 0 2 0 2 2 0 0 2 2 0 0 2 0 0 2 2 2 2 0 2 2 2 2 0 0 0 2 0 2 2 2 2 0 0 2 2 2 2 0 2 2 0 0 2 0 2 0 2 2 2 2 2 2 2 0 2 0 2 0 0 2 0 2 2 2 2 2 0 0 2 1 2 2 0 2 0 2 2 2 0 0 2 2 2 0 2 0 2 2 2 2 2 0 1 0 2 2 2 0 2 2 2 1 0 2 2 2 2 0 2 2 2 2 2 2 0 2 2 2 2 1 2 0 2 2 0 2 2 2 0 2 2 2 2 2 2 2 2 2 2 2 2 2 2 2 0 0 2
326 2 2 2 2 2 2 2 2 2 2 2 2 2 2 2 2 2 2 2 2 0 2 2 2 2 2 0 2 2 2 2 2 2 2 2 1 2 2 2 2 2 2 2 2 2 2 2 2 2 2 2 2 2 2 2 2 2 2 2 2 2 2 2 2 2 2 2 2 2 2 2 2 2 2 2 2 2 2 2 2 2 2 2 2 2 0 2 2 2 2 2 2 2 2 2 2 2 0 2 2 2 2 2 2 2 0 0 2 2 2 2 2 2 2 0 2 2 2 2 2 2 2 2 2 2 2 2 2 2 2 2 2 2 2 2 2 2 2 2 2 2 2 2 2 2 2 2 2 2 1 2 2 2 0 2 2 2 2 2 2 2 2 2 2 2 2 2 2 2 2 2 2 2 2 2 2 2 0 2 2 2 2 2 0 2 2 2 2 2 2 2 2 2 2 2 2 2 2 2 2 0 2 2 2 2 0 2 2 2 2 2 2 2 2 2 2 2 2 2 2 2 2 2 2 2 2 2 0 2 2 2 2 2 2 2 2 2 2 2 2 2 2 2 0 2
327 2 2 2 2 2 0 0 2 2 2 0 2 2 2 0 2 0 2 2 0 0 2 2 2 0 2 0 2 2 2 2 2 0 0 0 0 2 2 2 2 2 0 2 2 2 2 0 0 2 2 2 0 0 0 2 2 2 2 2 2 2 2 0 0 0 2 2 2 2 0 0 2 0 0 0 2 2 2 0 0 0 2 0 0 2 0 2 0 0 0 0 2 0 2 2 0 2 0 2 2 0 0 2 0 0 0 0 2 0 2 2 0 0 2 0 2 0 0 0 0 2 2 2 2 2 0 0 0 0 0 2 0 0 0 0 0 0 2 2 0 0 0 2 2 0 0 0 0 0 1 0 2 0 0 0 2 2 0 2 0 0 2 0 0 0 0 0 1 0 0 2 2 0 2 0 0 2 0 0 2 0 0 0 0 2 0 0 0 0 2 1 0 0 0 1 0 0 0 0 1 0 0 0 0 0 0 0 2 0 0 0 0 2 0 0 0 0 1 0 2 0 0 2 0 2 0 0 0 0 0 2 2 2 0 0 0 0 2 0 0 0 0 2 0 2
328 0 0 0 0 0 2 2 0 0 0 2 0 0 0 2 0 2 0 0 2 2 0 0 0 2 0 2 0 0 0 0 0 2 2 2 2 0 0 0 0 0 2 0 2 0 0 2 2 0 0 0 2 2 2 0 0 0 0 0 0 0 0 2 2 2 0 0 0 2 2 2 0 2 2 2 0 0 0 2 2 2 0 2 2 0 2 0 2 2 2 2 0 2 0 0 2 0 2 0 0 2 2 0 0 2 2 2 0 2 0 0 2 2 0 2 0 2 2 2 2 0 0 0 2 0 2 2 2 2 2 0 2 2 2 2 2 2 0 0 2 2 2 0 0 2 2 2 2 2 1 2 0 2 2 2 2 0 2 0 2 2 0 2 2 2 2 2 1 2 2 0 0 2 0 2 2 0 2 2 0 2 2 2 2 0 2 2 2 2 0 1 2 2 2 1 2 2 2 2 1 2 2 2 2 2 2 2 2 2 2 2 2 0 2 2 2 2 1 2 0 2 2 0 2 0 2 2 2 2 2 2 0 0 2 2 2 2 0 2 2 2 2 0 2 0
329 2 2 2 2 2 2 2 2 2 2 2 2 2 2 2 2 2 2 2 2 2 2 2 2 2 2 2 2 2 2 2 2 2 2 2 2 2 2 2 2 2 2 2 2 2 2 2 2 2 2 2 2 2 2 2 2 2 2 2 2 2 2 2 2 2 2 2 2 2 2 2 2 2 2 2 2 2 2 2 2 2 2 2 2 2 2 2 2 2 2 0 2 2 2 2 2 0 2 2 2 2 2 2 2 2 2 2 2 2 2 2 2 2 2 2 2 2 2 2 2 2 2 2 2 2 2 2 2 2 2 2 2 2 2 2 0 2 0 2 0 2 0 0 2 2 2 2 2 2 2 2 2 2 2 2 2 2 2 2 2 2 2 2 2 0 0 2 2 2 2 2 2 0 2 2 2 2 2 2 2 2 0 2 2 2 2 2 2 2 2 2 0 2 2 2 0 2 2 2 2 2 2 2 2 2 2 2 2 2 2 2 2 2 2 2 2 2 2 2 2 2 2 2 2 2 2 0 2 2 2 2 2 2 2 2 2 2 2 2 2 2 2 2 2 2
330 2 2 2 2 2 2 2 2 2 2 2 2 2 2 2 2 2 2 2 0 2 2 2 2 0 2 2 2 2 2 2 2 2 2 0 2 2 2 2 2 2 2 2 2 2 2 2 2 2 2 2 2 0 2 2 2 2 2 2 2 2 2 2 0 0 2 2 2 2 2 2 2 2 0 2 2 2 2 2 2 0 0 0 2 2 2 2 2 2 0 2 2 2 2 2 2 2 2 2 2 2 0 2 2 2 2 2 2 0 2 2 0 2 2 2 2 2 2 2 2 2 2 2 2 2 2 0 2 0 2 2 2 0 2 2 2 0 2 2 2 2 2 2 2 0 0 2 0 1 1 2 2 2 2 2 0 2 2 2 2 0 2 0 0 2 2 0 2 2 2 2 2 2 2 0 2 2 2 2 2 2 2 2 2 2 0 2 0 0 2 2 2 2 2 2 2 2 2 2 1 2 0 2 0 2 2 0 2 2 2 2 2 2 0 2 0 2 2 2 2 0 2 2 2 2 2 2 2 2 2 2 2 2 0 2 2 2 2 2 2 2 2 2 2 0
331 2 2 2 2 2 2 0 2 2 2 2 2 2 2 2 2 2 2 2 2 2 2 2 2 2 2 2 2 2 2 2 2 0 2 2 2 0 2 2 2 2 0 2 2 2 2 2 2 2 2 2 2 2 2 2 2 2 2 2 2 2 2 2 2 2 2 2 2 2 2 2 2 0 2 2 2 2 2 2 2 2 2 2 2 2 2 2 0 2 2 2 2 0 2 2 0 2 2 2 2 2 2 2 2 2 2 2 2 2 2 2 2 2 2 2 0 2 2 0 0 2 2 2 2 2 0 2 2 2 2 2 2 2 0 2 2 2 2 2 2 2 2 2 2 2 2 2 2 2 2 0 2 2 2 2 2 2 2 2 0 2 2 2 2 2 2 2 2 2 0 2 2 2 2 2 0 2 2 0 2 2 2 2 2 2 2 0 2 2 2 2 2 0 2 2 2 0 0 2 2 2 2 2 2 2 2 2 2 2 2 2 2 2 2 2 2 2 1 0 2 2 0 2 0 2 2 2 2 2 2 2 2 2 2 2 2 2 2 0 2 2 2 2 2 2
332 2 0 2 2 2 2 2 2 2 2 0 2 2 2 2 2 2 2 2 2 2 2 0 2 2 2 2 2 2 2 2 2 2 2 2 2 0 0 0 2 2 2 2 0 2 2 2 2 2 2 2 2 2 0 0 0 2 0 2 2 2 2 0 2 2 2 0 2 2 0 2 2 2 2 2 2 2 2 0 2 2 2 2 2 0 2 2 2 2 2 2 0 2 0 2 2 2 2 2 2 2 2 0 2 2 2 2 2 2 0 2 2 2 2 2 2 2 0 2 2 0 2 2 0 0 2 2 2 2 2 2 0 2 2 2 2 2 2 2 2 2 2 2 2 2 2 2 2 2 2 2 2 2 2 0 2 0 2 2 2 2 2 2 2 2 2 2 2 0 2 2 2 2 2 2 2 2 2 2 2 2 2 0 2 2 2 2 2 2 2 2 2 2 2 2 2 2 2 2 2 2 2 2 2 2 2 2 2 2 2 2 0 2 2 2 2 2 2 2 2 2 2 2 2 2 0 2 2 0 2 2 2 2 2 0 2 2 2 2 2 2 2 0 2 2
333 2 0 0 0 0 0 0 2 0 0 0 2 0 2 2 2 2 0 2 2 2 2 0 2 2 2 2 2 0 2 0 2 0 2 2 2 0 0 0 2 0 0 2 0 0 0 2 2 0 2 2 2 2 0 0 0 2 0 0 2 0 2 0 2 2 0 0 0 2 0 2 2 0 2 2 2 0 2 0 2 2 2 2 2 0 2 0 0 2 2 2 0 0 0 2 0 2 2 2 0 2 2 0 2 2 2 0 2 2 0 0 2 2 2 2 0 2 0 0 0 0 2 0 0 0 0 0 2 2 2 2 0 2 0 2 2 2 2 2 2 2 2 2 2 2 2 2 2 1 2 0 2 2 0 0 2 0 2 2 0 2 2 2 2 2 2 2 2 0 0 2 2 2 2 2 0 2 0 0 2 2 2 0 2 2 2 0 2 2 0 1 2 0 2 2 2 0 0 2 2 2 2 2 2 2 0 2 2 2 2 2 0 0 2 2 2 2 1 0 2 2 0 0 0 2 0 2 2 0 2 2 2 2 2 0 2 2 2 0 2 2 2 0 0 2
334 2 2 0 0 2 2 2 2 0 0 2 2 2 2 2 2 2 0 2 2 2 2 2 2 2 2 2 2 0 2 0 2 2 2 2 2 2 2 2 2 0 2 2 2 0 0 2 2 0 2 2 2 2 2 2 2 2 2 0 2 0 2 2 2 2 2 2 0 2 2 2 2 2 2 2 2 0 2 2 2 2 2 2 2 2 2 0 2 2 2 2 2 2 2 2 2 2 2 2 0 2 2 2 2 2 2 2 2 2 2 2 2 2 2 2 2 2 2 2 2 2 2 0 2 2 2 0 2 2 2 2 2 2 2 2 2 2 2 2 2 2 2 2 2 2 2 2 2 2 2 2 2 2 2 2 2 2 2 2 2 2 2 2 2 2 2 2 2 2 2 2 2 2 2 2 2 2 2 2 2 2 2 2 2 2 2 2 2 2 0 1 2 2 2 2 2 2 2 2 2 2 2 2 2 2 2 2 2 2 2 2 2 0 2 2 2 2 2 2 2 2 2 0 2 2 2 2 2 2 2 2 2 2 2 2 2 2 2 2 2 2 2 2 2 2
335 0 2 2 2 0 2 2 0 0 2 0 2 0 0 0 0 0 2 2 0 0 0 0 0 0 0 2 0 2 2 0 0 0 0 0 1 2 2 0 0 0 0 2 2 2 2 2 2 2 0 2 2 0 2 0 0 0 2 2 0 2 0 0 2 2 0 2 2 2 2 2 2 2 0 0 2 2 2 0 2 2 0 0 2 2 2 2 2 0 0 0 0 2 2 2 0 2 2 0 2 0 0 2 2 2 2 0 2 0 2 0 0 2 0 2 2 2 2 2 0 2 0 0 2 2 2 2 2 0 2 0 2 0 0 2 2 0 0 2 2 2 0 0 2 2 0 2 0 1 1 2 2 2 0 0 2 2 0 1 0 0 2 0 0 2 0 2 1 2 0 0 2 0 0 2 0 2 0 0 0 2 2 2 2 0 0 0 0 2 2 2 0 2 2 1 2 2 0 0 2 0 0 0 0 2 0 0 0 2 2 2 0 2 2 2 0 0 2 0 2 2 2 2 2 2 0 0 0 0 0 0 0 0 0 0 2 2 0 2 2 2 2 2 0 0
336 0 2 0 0 0 0 0 0 0 0 0 2 0 0 0 0 2 2 0 2 0 2 2 0 0 2 2 2 2 0 0 2 0 0 0 1 0 2 0 2 0 0 2 0 0 0 2 0 0 2 0 2 0 2 2 2 2 2 0 2 0 0 2 2 0 0 2 2 2 0 0 2 0 0 2 0 0 2 0 0 0 0 0 2 2 2 0 0 0 0 0 0 0 2 0 0 0 2 0 0 0 0 2 2 0 2 0 0 0 2 0 0 2 2 0 0 0 2 0 0 2 2 0 0 0 0 2 0 0 0 0 0 0 0 2 0 0 0 2 2 0 2 0 0 0 0 2 0 0 1 0 2 0 0 2 0 2 2 1 0 0 0 0 0 2 0 2 1 2 0 2 2 0 0 2 0 2 0 0 0 0 0 2 2 0 0 0 2 2 0 0 2 0 2 1 2 0 0 2 0 0 0 2 0 2 0 0 2 2 0 2 0 0 0 0 0 2 2 2 2 2 2 2 0 0 0 2 0 0 0 2 0 0 0 0 2 0 0 0 2 0 0 2 0 0
337 2 2 2 2 2 2 2 2 2 2 2 2 2 2 2 2 2 0 2 2 2 2 2 2 2 0 2 2 0 2 2 2 2 2 2 2 2 2 2 2 2 2 2 2 2 2 2 0 2 2 2 2 2 2 2 2 0 2 2 2 2 2 0 2 2 2 2 2 2 2 2 2 2 2 2 2 2 2 2 2 2 2 2 2 2 2 2 2 2 2 2 2 2 2 2 2 2 0 2 2 2 2 2 2 2 0 2 2 0 2 2 2 2 2 0 2 2 2 2 2 2 2 2 2 0 2 2 2 2 2 2 2 2 2 2 2 0 2 2 2 0 2 0 2 2 2 2 2 2 1 2 2 2 2 2 2 2 2 2 2 0 2 2 2 2 0 2 2 2 2 2 2 0 2 2 2 2 2 2 2 0 2 2 2 2 0 2 2 2 2 2 2 2 0 2 2 2 2 0 2 2 0 2 2 2 2 2 2 2 2 2 2 2 2 2 2 2 1 2 2 2 2 2 2 2 2 2 2 2 2 2 2 2 0 2 2 2 2 2 2 2 2 2 2 2
338 2 2 2 2 2 2 0 0 2 2 2 2 2 2 2 0 0 2 2 2 2 2 2 2 0 0 0 2 2 2 2 2 2 2 0 0 0 2 2 2 0 2 0 0 2 2 0 0 2 2 0 0 2 0 2 2 2 2 2 2 2 2 0 2 2 2 2 2 2 0 2 2 0 2 0 2 2 2 0 0 2 0 2 2 0 0 2 0 2 0 2 2 2 0 2 2 2 2 0 2 2 2 2 2 0 0 0 2 0 2 2 2 2 2 2 2 2 0 0 2 0 2 2 0 0 0 2 0 2 2 2 2 2 2 0 2 0 2 0 2 0 2 0 2 0 0 0 2 1 1 0 2 2 0 2 2 2 0 2 0 0 0 2 2 2 0 0 0 0 0 2 2 0 0 0 0 0 0 0 2 2 2 0 0 0 0 0 2 2 2 2 0 0 0 2 2 0 2 0 1 2 0 0 0 0 0 2 0 0 0 2 0 2 0 2 0 0 1 2 0 2 0 2 0 0 0 0 2 2 2 0 2 2 0 0 0 2 2 0 0 2 2 2 0 2
339 0 0 0 0 0 0 0 0 2 0 0 0 0 0 2 0 0 0 0 0 2 0 0 0 0 0 0 0 0 0 2 0 0 0 2 0 0 0 0 0 0 0 2 0 0 0 0 0 0 0 0 0 0 0 0 0 0 0 0 0 0 0 0 0 0 0 0 0 2 0 2 0 0 0 0 0 0 0 0 0 2 0 0 0 0 0 0 0 0 2 0 0 0 0 0 0 0 0 0 0 2 0 0 0 2 0 0 0 0 0 0 0 0 0 0 0 0 0 0 0 0 0 0 0 0 0 2 0 0 0 2 0 0 0 0 0 0 2 0 0 0 0 0 0 0 0 0 0 1 0 0 2 2 0 2 0 0 0 0 0 0 0 0 0 0 0 0 0 0 0 0 0 0 0 0 0 0 0 0 0 0 0 0 0 0 0 0 0 0 0 1 0 0 0 0 0 0 0 0 1 0 0 0 0 0 0 0 0 0 0 0 0 0 0 2 2 0 0 0 0 0 0 0 0 0 0 0 0 0 2 0 2 0 0 0 2 0 0 0 2 0 0 0 0 0
340 2 0 0 0 0 2 0 2 0 0 0 0 0 2 2 0 2 0 0 2 2 0 0 2 0 0 0 0 0 0 2 0 0 2 2 0 0 0 0 0 0 0 2 0 0 0 0 0 0 2 0 0 0 0 0 0 0 0 0 0 0 2 0 0 0 0 0 0 2 0 2 0 0 0 2 0 0 0 2 0 2 0 0 0 0 0 0 0 0 2 0 0 2 0 0 0 2 0 2 0 2 0 0 0 2 0 0 0 2 2 0 0 0 0 0 2 0 0 2 0 0 0 0 0 0 0 0 2 0 0 2 0 0 0 0 2 2 0 2 2 0 2 2 0 0 0 0 0 1 0 0 2 2 0 0 0 0 0 0 2 2 0 2 0 2 2 0 1 0 2 0 0 2 2 0 0 2 0 2 2 2 0 0 0 2 2 0 0 0 0 1 0 0 2 0 0 0 0 0 1 0 0 0 0 0 2 0 2 0 0 2 0 0 0 2 2 0 1 2 2 0 0 0 0 0 0 0 0 0 2 2 2 2 2 0 0 2 2 2 2 0 0 2 0 0
341 2 2 0 2 2 2 2 2 2 2 0 2 2 2 2 2 2 2 2 2 2 2 2 2 2 2 2 2 2 2 2 2 2 2 2 2 2 2 0 2 2 2 2 2 2 0 2 2 0 2 0 2 2 2 2 2 2 2 0 2 2 2 2 2 2 2 2 2 2 2 2 2 2 2 2 2 0 2 2 0 2 2 2 2 2 2 0 2 2 2 2 0 2 2 2 2 2 2 2 0 2 2 2 2 2 2 2 2 2 2 2 2 2 2 0 2 2 2 2 2 2 2 2 2 2 2 2 2 2 2 2 2 2 2 2 2 2 2 2 2 2 2 2 2 2 2 2 0 2 2 2 2 2 2 2 2 2 2 2 2 2 2 2 2 2 2 2 2 2 2 2 2 2 2 2 2 2 2 2 2 2 2 2 2 2 2 2 2 2 2 2 0 2 2 2 2 2 2 2 2 2 2 2 2 2 2 2 2 2 2 2 2 0 2 2 2 2 2 2 2 2 2 2 2 2 2 0 2 2 2 2 2 2 2 2 2 2 2 2 2 2 2 2 2 2
342 2 0 2 2 2 2 2 2 2 2 2 2 2 2 0 2 2 2 2 2 0 2 2 2 2 2 2 2 2 2 0 2 2 2 0 2 2 0 2 2 2 2 0 2 2 2 2 2 2 2 2 2 2 2 2 2 2 0 2 2 2 2 2 2 2 2 0 2 2 2 0 2 2 2 2 2 2 2 2 2 0 2 2 2 2 2 2 2 2 0 2 2 2 2 2 2 0 2 2 2 0 2 0 2 0 2 2 2 2 2 2 2 2 2 2 0 2 2 2 2 2 2 2 2 2 2 2 0 2 2 0 2 2 2 2 2 2 2 2 2 2 2 2 2 2 2 2 2 1 2 2 0 0 2 2 2 2 2 2 0 2 2 2 2 2 2 2 2 2 0 2 2 2 2 2 2 2 2 0 2 0 2 2 2 2 2 2 2 2 2 1 2 2 2 2 2 2 2 2 1 2 2 2 2 2 2 2 0 2 2 2 2 2 2 0 0 2 1 2 2 2 2 2 2 2 2 2 2 2 0 0 0 2 2 2 2 2 2 2 0 2 2 2 2 2
343 0 2 0 0 0 0 0 0 0 2 0 2 0 0 2 0 2 0 2 0 2 2 0 0 0 2 2 2 0 2 2 2 0 2 2 0 2 2 0 0 0 0 2 0 2 0 0 2 0 0 0 0 2 0 0 0 2 2 0 2 0 0 0 0 0 0 2 2 2 0 2 0 0 2 2 2 0 2 2 0 2 0 0 2 0 2 0 0 0 2 2 0 0 2 0 0 2 0 0 0 2 2 2 2 2 2 0 0 2 2 0 0 0 0 0 2 2 0 0 0 2 2 0 0 2 0 0 2 2 0 2 0 2 0 2 0 2 0 2 2 2 2 0 0 0 0 0 2 1 2 0 2 2 0 2 0 0 0 1 2 2 0 2 2 2 2 0 1 0 2 0 0 2 0 0 0 2 0 2 0 2 2 0 2 0 2 0 2 2 0 1 0 0 2 1 2 2 0 0 2 2 0 0 2 2 2 0 2 0 2 0 0 0 0 2 2 0 1 0 2 0 0 2 0 0 0 0 2 0 2 2 2 0 2 0 0 2 0 0 2 2 2 2 0 2
344 2 0 2 2 2 2 2 2 2 2 2 0 2 2 0 2 2 2 2 2 0 2 2 2 2 2 2 2 2 2 0 2 2 0 0 2 0 0 2 2 2 2 0 2 2 2 2 2 2 2 2 2 2 2 2 2 0 0 2 2 2 2 2 2 2 2 0 0 2 2 0 2 2 2 2 2 2 0 0 2 0 2 2 0 2 2 2 2 2 0 2 2 2 2 2 2 0 2 2 2 0 0 0 2 0 0 2 2 0 0 2 2 2 2 2 0 0 2 2 2 2 2 2 2 2 2 2 0 2 2 0 2 0 2 0 2 0 0 2 0 2 0 2 2 2 2 2 0 1 1 2 0 0 2 2 2 2 2 2 0 0 2 0 2 0 0 0 2 2 0 2 2 0 2 0 2 2 2 0 2 0 0 2 2 2 0 2 0 2 2 0 2 2 2 2 0 2 2 2 1 2 2 2 0 0 2 2 0 2 2 2 2 2 2 0 0 2 2 2 2 2 2 0 2 2 2 2 0 2 0 0 0 2 0 2 2 0 2 2 0 0 2 0 2 2
345 0 0 0 0 0 0 0 0 0 2 0 0 0 0 0 2 0 0 2 0 0 2 0 0 0 0 0 2 0 2 0 2 0 0 0 0 0 0 0 0 0 0 0 0 2 0 0 0 0 0 0 0 0 0 0 0 0 0 0 2 0 0 0 0 0 0 0 0 2 0 0 0 0 0 0 2 0 0 0 0 0 0 0 0 0 0 0 0 0 0 2 0 0 0 0 0 0 0 0 0 0 0 0 2 0 0 0 0 0 0 0 0 0 0 0 0 0 0 0 0 2 2 0 0 2 0 0 0 0 0 0 0 0 0 0 0 0 0 0 0 0 0 0 0 0 0 0 0 0 0 0 0 0 0 0 0 0 0 1 0 0 0 0 0 0 0 0 0 0 0 0 0 0 0 0 0 0 0 0 0 0 0 0 0 0 0 0 0 0 0 0 0 0 0 0 0 0 0 0 1 0 0 0 2 0 0 0 0 0 0 0 0 0 0 0 0 0 1 0 0 0 2 0 0 0 0 0 0 0 0 0 0 0 0 0 0 0 0 0 0 0 0 0 0 0
346 2 2 2 2 2 2 2 0 2 2 2 2 2 2 2 2 2 2 2 2 2 2 2 2 2 2 2 2 2 2 2 2 2 2 2 2 2 2 0 2 2 2 2 2 2 2 2 2 2 2 0 0 2 2 2 2 2 2 2 2 2 2 2 2 2 2 2 0 2 2 2 2 2 2 2 2 2 2 2 2 2 2 2 2 2 2 2 2 2 2 2 0 2 2 2 2 2 2 0 2 2 2 2 2 2 2 2 2 2 2 2 2 2 2 2 2 2 2 2 2 2 2 2 2 2 2 2 2 2 2 2 2 2 2 2 2 2 2 2 2 2 2 2 2 2 2 0 2 2 1 2 2 2 2 2 2 2 2 2 2 2 2 0 2 2 2 2 2 2 2 2 2 2 0 2 2 2 2 2 2 2 2 2 2 0 2 2 2 2 2 2 2 2 2 2 2 2 2 2 2 0 2 2 2 2 2 2 2 2 2 0 2 2 2 2 2 2 2 2 2 2 2 0 2 2 2 2 2 2 2 2 2 2 2 2 0 2 2 2 2 2 2 2 2 2
347 2 2 2 2 2 2 2 2 2 2 2 2 2 2 2 2 2 2 2 2 2 0 2 2 2 2 2 0 2 2 2 0 2 2 2 2 2 2 2 2 2 2 0 2 2 2 2 2 2 0 2 2 2 2 2 2 2 2 2 0 2 2 2 2 2 2 2 2 2 2 2 2 2 2 2 2 2 2 2 2 2 2 2 2 2 2 2 2 2 2 0 2 2 2 0 2 2 2 2 2 2 2 2 2 2 2 2 2 2 2 2 2 2 2 2 0 2 2 2 2 2 2 2 2 2 2 2 2 2 2 2 2 2 2 2 2 2 2 0 2 2 2 2 2 2 0 2 2 2 1 2 2 2 2 2 2 2 2 2 2 2 2 2 2 2 2 2 1 2 2 2 2 2 2 2 2 0 2 2 2 2 0 2 2 2 2 2 2 2 2 2 2 2 2 1 2 2 2 2 2 2 2 2 2 2 0 2 2 2 2 2 2 2 2 2 2 2 2 2 0 2 2 2 2 2 2 2 2 2 2 2 2 2 2 2 2 2 2 2 2 2 2 2 2 2
348 2 0 2 2 0 2 2 2 2 2 2 2 0 2 2 2 0 2 2 2 0 2 0 2 2 2 2 2 2 2 0 2 0 2 2 1 2 0 0 0 2 0 2 0 2 2 2 2 2 2 2 2 2 2 0 0 2 0 2 2 2 2 2 2 2 0 0 0 2 2 2 2 2 2 0 2 2 2 2 2 0 2 0 2 2 0 2 2 2 2 2 0 2 2 2 0 2 2 2 2 2 0 0 2 2 2 2 2 2 2 0 0 0 2 2 2 2 2 2 0 2 2 2 0 0 2 2 2 0 2 2 0 0 0 2 0 2 2 2 0 2 0 0 0 0 0 2 2 2 1 2 2 2 2 0 2 2 2 0 0 2 2 2 2 0 0 2 2 2 0 2 2 0 2 2 2 2 2 0 2 2 2 2 2 2 2 2 2 2 2 2 2 2 2 1 2 0 0 0 2 2 2 2 2 2 2 2 2 2 2 2 2 2 0 2 2 2 2 0 2 2 2 0 2 2 2 2 2 2 2 2 2 2 2 2 2 2 2 2 2 2 0 2 2 2
349 0 0 0 0 0 2 2 0 0 0 0 2 0 0 2 0 0 0 0 0 0 0 0 0 2 0 2 0 0 0 0 0 0 0 0 1 0 0 0 0 0 0 0 0 0 0 0 0 0 0 0 0 0 0 0 0 0 0 0 0 0 0 0 0 0 0 0 0 2 0 0 0 2 0 0 0 0 2 0 2 0 0 0 0 0 0 0 0 0 0 0 0 0 2 0 0 0 2 0 0 0 0 0 0 0 0 0 0 2 2 0 0 0 0 0 0 0 0 0 0 0 0 2 0 0 2 0 0 0 0 0 0 0 0 2 0 2 0 0 0 0 0 0 0 0 0 0 0 2 0 2 0 2 0 0 2 0 0 0 0 2 2 0 0 0 0 0 0 0 0 0 0 0 0 0 0 0 0 0 0 2 0 0 2 0 0 0 2 0 0 0 2 0 0 1 0 0 0 0 0 0 0 0 0 2 0 0 0 0 0 0 0 0 0 0 2 0 0 0 0 0 0 0 2 2 0 2 0 0 0 0 0 0 2 0 0 0 0 0 0 0 0 0 2 0
350 2 2 2 2 0 0 0 0 2 2 2 2 0 2 0 2 2 2 0 2 2 2 2 2 0 2 2 2 2 0 2 2 2 2 2 2 2 2 2 2 2 2 2 2 2 2 2 2 2 2 2 2 2 2 2 2 2 2 2 2 2 2 2 2 2 0 2 2 2 2 2 2 0 2 2 0 2 2 2 2 2 2 0 2 2 0 2 2 2 2 2 2 2 2 2 2 2 2 0 2 2 2 2 2 2 2 2 2 2 0 0 0 2 2 2 2 2 2 2 2 2 2 2 2 2 0 2 2 0 2 2 0 2 2 2 2 2 2 2 2 2 0 2 2 2 2 2 2 0 2 2 2 2 2 2 2 2 2 2 2 2 2 2 2 2 2 2 1 2 2 2 2 2 0 2 2 2 2 2 2 0 2 2 2 0 2 2 2 2 2 2 2 2 0 2 2 2 2 2 2 0 2 2 2 2 2 0 2 2 2 0 2 2 2 2 0 2 1 2 2 2 0 2 0 2 0 2 2 0 2 2 2 2 2 2 2 2 2 2 2 2 2 2 2 2
351 2 2 0 2 2 2 2 2 2 2 2 2 2 2 2 2 2 2 2 2 2 2 2 2 2 2 2 2 2 2 2 2 2 2 2 2 2 2 2 2 2 2 2 0 2 0 2 2 0 2 2 2 2 2 2 2 2 2 0 2 2 2 2 2 2 2 2 2 2 2 2 2 2 2 2 2 0 2 0 2 2 2 2 2 2 2 0 2 2 2 2 2 2 2 2 2 2 2 2 0 2 2 2 0 2 2 2 2 2 2 2 2 2 2 2 2 2 2 2 2 2 2 2 0 2 2 0 2 2 2 2 2 2 2 2 2 2 2 2 2 2 2 2 2 2 2 2 2 2 2 2 2 2 2 2 2 2 2 2 2 2 2 2 0 2 2 2 2 2 2 2 0 2 2 2 2 2 2 2 2 2 2 2 2 2 2 2 2 0 2 2 2 2 2 2 2 2 2 2 2 2 2 2 2 2 2 2 2 2 2 2 2 0 2 2 2 2 2 2 2 2 2 2 2 2 2 2 2 2 2 2 2 2 2 2 2 2 2 2 2 2 2 2 2 2
352 2 2 0 2 2 2 0 2 2 2 0 2 2 2 2 2 2 2 2 2 2 2 0 2 0 0 0 2 2 2 2 2 2 2 2 0 2 2 2 2 2 2 2 2 2 0 2 2 0 2 2 2 0 2 0 0 2 2 0 2 2 2 2 0 2 2 2 2 2 2 2 0 0 0 2 2 0 2 0 2 2 2 2 2 0 0 0 2 2 2 2 2 2 2 2 2 2 2 2 0 2 0 2 0 2 2 2 2 0 0 2 2 2 2 2 2 2 2 0 2 2 2 2 2 0 0 2 2 0 2 2 2 0 2 2 2 0 2 0 0 2 0 2 0 2 2 2 2 1 2 2 2 2 2 2 2 2 2 1 2 0 2 2 2 0 2 0 0 2 2 2 2 2 2 0 0 0 2 2 2 0 2 2 0 2 0 0 2 2 2 2 0 2 2 2 2 2 2 2 2 2 2 2 0 2 0 2 2 2 2 2 2 0 2 2 2 2 2 2 0 0 2 2 0 2 2 0 2 2 2 2 2 2 0 2 0 2 2 0 2 2 2 0 0 2
353 2 2 2 0 2 0 0 0 2 0 0 2 2 2 0 2 0 0 0 2 0 2 0 2 0 0 0 2 0 0 0 2 2 0 2 0 2 2 0 2 2 2 2 0 0 2 2 2 2 2 2 2 0 0 0 0 0 2 2 2 0 2 0 0 2 2 2 0 2 0 2 2 2 0 0 0 2 2 2 0 0 2 2 2 0 0 2 0 2 2 2 0 2 2 0 2 0 0 0 2 0 0 2 0 2 2 0 0 0 0 2 2 0 2 0 2 0 2 0 2 0 0 0 0 2 0 0 0 2 0 0 2 0 2 0 0 0 0 2 0 2 0 0 0 0 0 2 0 0 1 0 2 0 0 0 0 0 2 0 0 0 0 2 2 0 0 2 1 2 0 2 0 0 0 2 2 2 0 0 2 0 0 2 0 0 0 2 2 2 2 2 2 0 2 0 0 2 2 2 2 0 0 2 2 0 2 2 0 2 2 0 2 2 0 2 0 2 2 0 2 0 2 0 2 0 0 2 0 2 0 0 2 2 0 2 2 0 2 0 0 0 0 2 0 0
354 2 2 2 0 2 0 2 2 0 2 2 0 2 2 2 2 0 2 2 2 0 2 0 2 2 2 2 2 2 2 0 2 2 2 2 1 2 2 2 0 2 2 2 2 2 2 0 2 2 2 2 2 2 2 0 0 0 2 2 2 2 2 2 2 2 2 2 2 2 2 2 2 2 2 0 2 2 0 0 2 2 2 2 2 2 2 2 2 2 2 2 2 2 0 2 2 2 2 2 2 2 2 2 2 0 2 2 0 2 2 2 2 2 2 2 2 0 2 2 2 0 2 2 2 2 2 0 2 2 2 2 2 2 2 2 2 2 2 2 2 2 2 2 2 2 2 2 2 1 2 2 0 2 2 2 2 2 2 2 2 2 2 0 2 2 2 0 2 2 2 0 2 2 2 0 0 2 2 2 2 2 2 2 2 2 2 0 0 2 0 1 2 2 0 2 0 2 2 2 1 2 2 2 0 2 2 2 2 0 2 2 2 2 2 2 2 2 1 2 2 2 2 2 2 2 2 2 2 2 2 2 2 2 2 2 0 2 2 2 2 0 2 0 2 2
355 0 2 2 2 2 2 2 2 2 2 2 2 2 0 2 2 0 2 0 2 2 2 0 0 2 2 2 2 2 0 2 2 2 2 2 2 2 2 2 2 2 2 2 2 2 2 0 2 2 2 2 2 2 2 0 0 2 2 2 2 2 0 2 2 2 2 2 2 2 2 2 2 2 2 0 0 2 2 2 2 2 2 2 2 2 2 2 2 2 2 2 2 2 2 2 2 2 2 2 2 2 2 2 2 2 2 2 2 2 2 2 2 2 0 2 2 2 2 2 2 2 2 2 2 2 2 0 2 2 0 2 2 2 2 2 2 2 2 2 2 2 2 2 2 2 2 2 2 2 2 2 0 0 2 2 0 2 2 2 2 2 2 2 2 2 2 2 2 2 2 0 2 2 2 2 2 2 2 2 0 2 2 2 2 2 2 2 2 2 0 1 0 2 0 2 2 2 2 2 2 2 2 2 2 2 2 0 2 0 2 2 2 2 2 2 2 2 1 2 2 2 2 2 2 2 2 0 2 0 2 2 2 0 2 2 0 0 0 2 2 2 2 2 2 2
356 2 2 0 2 2 2 2 2 2 2 2 2 2 2 0 2 0 2 2 2 2 2 2 2 2 2 2 2 2 2 2 2 2 2 2 2 2 2 2 2 2 2 2 2 2 0 2 2 0 2 2 2 0 2 2 2 2 2 0 2 2 2 2 2 2 2 2 2 2 2 2 2 2 0 0 2 0 2 2 2 0 2 2 2 2 0 0 0 2 2 2 2 2 2 2 2 2 2 2 0 2 2 2 2 2 2 2 2 2 2 2 2 2 2 2 2 2 2 2 2 2 2 2 2 2 2 2 2 0 0 2 2 2 2 2 2 2 2 2 2 2 2 0 0 2 2 2 2 1 2 2 2 2 2 0 2 2 2 1 2 2 2 2 2 2 0 0 2 2 2 2 2 0 2 0 2 2 2 2 2 2 2 2 2 2 2 2 2 2 2 2 0 0 2 1 2 2 2 2 2 2 2 2 2 2 2 2 2 2 2 2 2 0 2 2 0 2 2 2 2 2 2 2 2 2 2 0 2 2 2 2 2 2 2 2 2 2 2 2 2 2 0 2 2 2
357 2 2 0 2 2 2 2 2 2 2 2 2 2 2 1 2 1 2 2 2 2 2 2 2 2 2 2 2 2 2 2 2 2 2 2 2 2 2 2 2 2 2 2 2 2 1 2 2 0 2 2 2 1 2 2 2 2 2 0 2 2 2 2 2 2 2 2 2 2 2 2 2 2 2 0 2 0 2 2 2 1 2 2 2 2 1 0 1 2 2 2 2 2 2 2 2 2 2 2 0 2 2 2 2 2 2 2 2 2 2 2 2 2 2 2 2 2 2 2 2 2 2 2 2 2 2 2 2 1 0 2 2 2 2 2 2 2 2 2 2 2 2 1 2 2 2 2 2 2 2 2 2 2 2 1 2 2 2 1 2 2 2 2 2 2 2 1 2 2 2 2 2 1 2 1 2 2 2 2 2 2 2 2 2 2 2 2 2 2 2 2 1 1 2 2 2 2 2 2 2 2 2 2 2 2 2 2 2 2 2 2 2 0 2 2 1 2 2 2 2 2 2 2 2 2 2 1 2 2 2 2 2 2 2 2 2 2 2 2 2 2 2 2 2 2
358 2 2 0 2 2 2 2 2 2 2 2 2 2 2 0 2 0 2 2 2 2 2 2 2 2 2 2 2 2 2 2 2 2 2 2 2 2 2 2 2 2 2 2 2 2 0 2 2 0 2 2 2 0 2 2 2 2 2 0 2 2 2 2 2 2 2 2 2 2 2 2 2 2 0 0 2 0 2 2 2 0 2 2 2 2 0 0 0 2 2 2 2 2 2 2 2 2 2 2 0 2 2 2 2 2 2 2 2 2 1 2 2 2 2 2 2 2 2 2 2 2 2 2 2 2 2 2 2 0 0 2 2 2 2 2 2 2 2 2 2 2 2 0 0 2 2 2 2 1 2 2 2 2 2 0 2 2 2 1 2 2 2 2 2 2 0 0 2 2 2 2 2 0 2 0 2 2 2 2 2 2 2 2 2 2 2 2 2 2 2 2 0 0 2 1 2 2 2 2 2 2 2 2 2 2 2 2 2 2 2 2 2 0 2 2 0 2 2 2 2 2 2 2 2 2 2 0 2 2 2 2 2 2 2 2 2 2 2 2 2 2 0 2 2 2
359 2 2 2 2 0 2 2 0 0 0 2 2 0 2 2 2 0 2 2 2 2 2 2 2 2 2 2 2 2 2 2 2 0 2 2 1 2 2 2 2 0 0 2 0 0 2 0 0 2 2 2 2 2 2 2 2 0 2 2 2 2 2 2 2 2 0 2 2 2 2 2 2 2 2 0 2 2 2 2 2 2 0 2 2 2 2 2 2 2 2 2 2 0 2 2 0 0 2 0 2 2 2 2 2 2 2 2 2 2 2 0 2 2 2 2 0 2 2 2 0 0 2 0 0 2 2 0 2 2 2 2 2 2 0 2 0 2 2 2 2 0 2 2 2 0 2 2 2 2 1 0 2 2 2 2 0 0 2 2 2 2 2 2 2 2 2 2 2 2 2 2 2 2 0 2 2 2 2 2 2 2 0 2 2 0 2 2 2 2 2 2 2 2 2 2 0 2 0 2 1 2 2 2 2 2 2 2 2 0 0 0 2 2 0 2 2 2 1 2 2 2 0 2 0 2 0 2 2 2 2 2 0 2 2 2 2 2 2 2 2 2 2 2 2 2
360 2 2 2 2 2 2 2 2 2 2 2 2 2 2 2 2 2 0 2 2 0 0 2 2 2 2 2 0 0 2 0 0 2 2 2 2 2 2 2 0 2 2 2 2 2 2 2 2 2 2 2 2 2 2 2 2 2 2 2 2 2 2 2 2 2 2 2 2 2 2 2 2 2 2 2 2 2 2 2 0 2 2 0 2 2 2 2 2 2 2 2 2 2 2 2 2 2 0 2 2 2 2 2 2 2 0 2 2 2 2 2 0 2 2 0 2 2 2 2 2 2 2 2 2 2 2 2 2 2 2 2 0 2 2 2 2 2 2 2 2 2 2 2 2 2 2 2 2 2 1 2 2 2 2 2 2 2 2 2 2 2 2 2 2 2 2 2 2 2 2 2 2 2 2 2 2 2 2 2 2 2 2 2 2 2 2 2 2 2 2 2 2 2 0 2 2 0 2 2 2 2 2 2 2 2 2 2 2 2 2 2 2 2 2 2 2 2 2 2 2 2 2 2 2 2 2 2 2 2 2 2 2 2 2 2 2 2 2 2 2 2 2 2 2 2
361 0 2 2 2 2 2 2 2 2 2 2 2 2 0 2 0 2 2 2 2 2 2 0 0 2 0 2 2 2 2 2 2 2 2 2 2 2 2 2 2 2 2 2 2 2 2 2 2 2 2 2 2 2 2 0 0 2 2 2 0 0 0 0 2 2 2 2 2 2 2 2 2 2 2 2 2 2 2 2 2 2 2 2 2 2 2 2 2 2 2 2 2 2 2 2 2 2 2 2 2 0 2 2 2 2 2 2 2 2 2 2 2 2 0 2 2 2 2 2 2 2 0 2 2 2 2 2 2 0 2 2 2 2 2 2 2 2 2 2 2 2 2 2 2 2 2 2 2 2 2 2 2 2 2 2 2 2 2 2 2 2 2 0 2 2 2 2 2 2 2 2 2 2 2 2 2 2 2 2 0 2 2 2 2 2 2 2 2 2 0 1 2 2 2 2 2 2 2 2 2 2 0 2 2 2 2 2 2 2 2 2 0 2 2 2 2 2 2 2 2 2 2 2 2 2 2 2 2 2 2 2 2 0 2 0 2 2 0 2 2 2 2 2 2 2
362 2 2 2 2 2 0 2 2 2 2 2 2 2 2 2 2 2 2 2 2 2 2 2 2 2 2 2 2 2 2 2 2 0 2 2 2 2 2 0 2 2 0 2 2 2 2 2 2 2 2 2 2 0 2 2 2 2 2 2 2 2 2 2 2 2 2 2 2 2 2 2 2 2 0 2 2 2 2 2 2 2 2 2 2 2 2 2 2 2 2 2 0 0 2 2 0 2 2 2 2 2 0 2 2 2 2 2 2 2 2 0 2 2 2 2 2 0 2 2 0 2 2 2 2 2 2 2 2 2 2 2 2 0 0 2 2 2 2 0 2 2 0 2 2 2 2 2 2 1 2 2 2 2 2 2 2 2 2 2 2 2 2 2 2 2 2 2 1 2 2 2 2 2 2 2 2 0 2 2 2 2 2 2 2 2 2 2 2 2 2 2 2 2 2 2 2 2 0 2 2 2 2 2 2 2 0 2 2 2 2 2 2 2 2 2 2 2 1 2 0 2 0 2 0 2 2 2 2 2 2 2 2 2 2 2 2 2 2 2 2 0 2 2 2 2
363 2 2 2 2 2 0 2 2 2 2 2 2 2 2 2 2 2 2 2 2 2 2 2 2 0 2 2 2 2 2 2 2 2 2 2 1 0 2 0 2 2 2 2 2 2 2 2 2 2 2 2 2 0 2 2 2 2 2 2 2 2 2 2 2 0 2 2 2 2 2 2 2 2 0 2 2 2 2 2 2 2 2 2 2 0 2 2 2 0 2 2 0 2 2 2 2 2 2 2 2 0 0 2 2 2 2 2 2 2 2 2 2 0 2 2 2 0 2 0 2 2 2 2 2 2 2 2 2 2 2 2 2 0 2 2 2 2 2 2 2 2 0 2 2 2 0 2 2 1 2 2 2 2 2 2 2 2 2 2 2 2 2 0 2 2 2 2 2 2 2 2 2 2 2 2 2 2 2 2 2 2 2 2 2 2 2 2 2 2 2 2 2 2 2 2 2 2 2 0 2 2 2 2 0 2 2 2 0 2 2 2 2 2 2 2 2 2 2 2 2 2 2 2 2 2 2 2 2 2 2 0 2 2 2 2 2 2 2 0 2 0 2 2 2 2
364 0 0 0 0 0 0 0 0 0 0 0 0 0 0 0 0 0 0 0 0 0 0 0 0 0 0 0 0 0 0 0 0 2 0 0 0 0 0 0 0 0 2 0 0 0 0 0 0 0 0 0 0 0 0 0 0 0 0 0 0 0 0 0 0 0 0 0 0 2 0 0 0 0 0 0 0 0 0 0 0 0 0 0 0 0 0 0 0 0 0 0 0 2 0 0 2 0 0 0 0 0 0 0 0 0 0 0 0 0 0 0 0 0 0 0 0 0 0 0 2 0 0 0 0 0 0 0 0 0 0 0 0 0 2 0 0 0 0 2 0 0 0 0 0 0 0 0 0 0 0 0 0 0 0 0 0 0 0 0 0 0 0 0 0 0 0 0 2 0 0 0 0 0 0 0 0 2 0 0 0 0 0 0 0 0 0 0 0 0 0 0 0 0 0 0 0 0 2 0 0 0 0 0 0 0 2 0 0 0 0 0 0 0 0 0 0 0 0 0 2 0 0 0 2 0 0 0 0 0 0 0 0 0 0 0 0 0 0 0 0 0 0 0 0 0
365 0 2 0 0 2 2 2 2 2 2 2 0 2 0 2 2 2 2 2 2 2 2 2 0 2 2 2 2 2 2 2 2 2 2 2 2 2 2 2 2 0 2 2 2 2 0 2 2 0 2 2 2 2 2 2 2 2 2 0 2 2 0 2 2 2 2 2 2 2 2 2 0 0 2 2 2 0 0 2 2 2 2 2 2 2 2 0 2 2 2 2 2 2 2 2 2 2 2 2 0 2 2 2 0 2 2 2 2 2 2 2 2 2 0 2 2 2 2 2 2 2 0 2 2 2 2 2 2 2 2 2 2 2 2 2 2 2 2 2 2 2 2 2 2 2 2 2 2 2 2 2 2 2 2 2 2 2 2 2 0 2 2 2 2 2 2 2 2 2 0 2 2 2 2 2 2 2 2 0 0 2 2 2 2 2 2 2 2 2 0 0 2 2 2 2 2 2 2 2 2 2 2 2 2 2 2 0 2 2 2 2 2 0 2 0 2 2 2 2 2 2 2 2 2 2 2 2 2 0 2 2 2 0 2 2 2 2 0 2 2 2 2 2 2 2
366 2 2 0 2 2 2 2 2 2 2 2 0 2 2 2 2 2 2 2 2 2 2 2 2 2 2 2 2 2 2 2 2 2 2 2 2 0 2 2 2 2 2 2 2 2 0 2 2 0 0 2 2 2 2 2 2 2 2 0 2 2 2 2 2 0 2 2 2 2 2 2 0 2 2 2 2 0 0 2 2 2 2 2 2 0 2 0 2 0 2 2 2 2 2 2 2 2 2 2 0 0 2 2 2 2 2 2 2 2 2 2 2 0 2 2 2 2 2 0 2 2 2 2 2 2 2 2 2 2 2 2 2 2 2 2 2 2 2 2 2 2 2 2 2 2 0 2 2 2 2 2 2 2 2 2 2 2 2 2 2 2 2 2 2 2 2 2 2 2 2 2 2 2 2 2 2 2 2 2 2 2 2 2 2 2 2 2 2 2 2 2 2 2 2 2 2 2 2 2 2 2 0 2 0 2 2 2 0 2 2 2 2 0 2 2 2 2 2 2 2 2 2 2 2 2 2 2 2 2 2 0 2 2 0 2 0 2 2 0 2 2 2 2 2 2
367 0 0 0 0 0 2 2 2 0 0 0 0 0 0 0 0 2 2 0 2 2 0 2 0 0 0 0 0 2 0 2 0 0 0 2 1 0 0 2 0 2 0 0 0 0 0 0 0 0 0 0 0 2 0 2 2 0 0 0 0 0 0 0 0 0 0 0 0 2 0 0 0 0 2 2 0 0 0 0 2 0 0 0 0 0 0 0 2 0 2 0 2 0 2 0 0 0 2 2 0 0 2 0 0 0 2 0 2 0 2 2 0 0 0 0 0 2 0 0 0 0 0 2 0 2 2 2 0 0 2 0 0 2 0 2 0 0 2 2 0 0 2 2 2 0 0 0 0 1 1 0 2 0 0 2 0 2 2 2 0 0 0 0 2 0 2 0 2 0 0 2 0 2 2 0 0 2 0 0 0 0 0 0 0 2 2 0 2 2 0 0 0 2 2 1 0 2 0 0 0 0 0 2 0 2 2 0 0 0 2 2 0 0 0 0 0 2 1 2 2 0 2 0 0 0 0 0 2 0 0 0 2 0 0 0 0 2 0 0 0 2 2 2 0 2
368 2 2 2 2 2 0 2 2 2 2 2 2 2 2 2 2 2 2 2 2 2 2 0 2 2 0 2 2 2 2 2 2 2 2 2 2 2 2 2 2 2 2 0 2 2 2 0 2 2 0 2 0 2 2 0 0 2 2 2 2 2 2 2 2 0 2 2 2 2 0 0 2 2 2 2 2 2 2 2 2 2 2 2 2 2 2 2 2 0 2 2 2 2 2 2 2 2 2 2 2 2 2 2 0 2 2 2 2 2 2 2 2 2 2 2 2 2 2 2 2 2 0 0 2 2 2 2 2 2 2 0 2 2 2 2 2 2 2 2 2 2 2 2 2 2 0 0 2 1 2 2 0 0 2 2 2 2 2 2 0 0 2 2 2 2 2 2 2 2 0 2 2 2 2 2 2 2 2 0 2 2 2 2 2 2 2 2 2 2 2 2 2 2 2 2 2 2 2 2 1 2 2 2 2 2 2 2 2 0 2 0 2 2 2 2 2 2 2 2 2 2 2 2 2 2 2 2 2 2 2 2 0 2 0 2 2 2 2 2 2 2 2 2 2 2
369 2 2 2 2 2 0 2 2 2 2 2 2 2 2 2 2 2 2 2 2 2 2 0 2 2 0 2 2 2 2 2 2 2 2 2 2 2 2 2 2 2 2 0 2 2 2 0 2 2 0 2 0 2 2 0 0 2 2 2 2 2 2 2 2 0 2 2 2 2 0 0 2 2 2 2 2 2 2 2 2 2 2 2 2 2 2 2 2 0 2 2 2 2 2 2 2 2 2 2 2 2 2 2 0 2 2 2 2 2 2 2 2 2 2 2 2 2 2 2 2 2 0 0 2 2 2 2 2 2 2 0 2 2 2 2 2 2 2 2 2 2 2 2 2 2 0 0 2 1 2 2 0 0 2 2 2 2 2 2 0 0 2 2 2 2 2 2 2 2 0 2 2 2 2 2 2 2 2 0 2 2 2 2 2 2 2 2 2 2 2 2 2 2 2 2 2 2 2 2 1 2 2 2 2 2 2 2 2 0 2 0 2 2 2 2 2 2 2 2 2 2 2 2 2 2 2 2 2 2 2 2 0 2 0 2 2 2 2 2 2 2 2 2 2 2
370 0 2 2 2 2 0 0 2 2 0 2 2 2 0 2 2 2 0 0 0 2 2 0 0 0 2 0 2 0 0 2 2 2 0 0 1 2 2 0 0 2 2 2 2 0 2 2 2 2 2 2 0 2 2 0 0 2 2 2 2 2 0 2 2 2 2 2 2 2 0 2 0 2 2 2 0 2 2 2 2 2 2 0 2 0 0 2 0 2 0 0 0 2 2 2 2 0 0 2 2 2 0 2 0 2 2 2 2 0 0 0 0 2 0 2 2 2 2 0 2 0 2 0 2 2 0 0 2 2 2 2 0 0 2 2 0 0 0 0 0 2 2 0 0 2 2 0 2 1 1 2 2 2 2 0 2 2 0 1 2 2 2 2 2 0 2 2 0 2 2 2 0 0 2 2 0 0 2 2 0 2 0 2 0 2 0 2 2 0 2 2 2 0 2 2 2 0 0 2 2 2 2 0 2 2 0 2 0 2 2 2 2 2 2 0 2 0 2 2 0 2 2 2 2 2 2 2 2 2 2 0 2 0 2 2 2 0 0 0 0 2 2 0 2 0
371 0 2 0 0 0 2 0 0 0 0 0 0 0 0 0 0 0 0 0 0 0 0 0 0 0 0 0 0 0 0 0 0 0 0 0 0 0 2 0 0 0 0 0 0 0 0 0 0 0 0 0 0 2 0 0 0 0 2 0 0 0 0 0 0 0 0 2 0 2 0 0 0 0 2 0 0 0 0 0 0 2 0 0 0 0 0 0 0 0 0 2 0 0 0 0 0 0 0 0 0 0 2 2 0 0 0 0 0 0 0 0 0 0 0 0 0 0 2 0 0 0 0 0 0 2 0 0 0 0 0 0 0 2 0 0 2 2 2 0 2 0 2 2 0 0 0 0 0 1 0 0 0 0 0 2 0 2 0 0 0 0 0 0 0 2 0 2 0 0 0 0 2 2 0 2 0 0 0 0 0 0 0 0 0 0 0 0 0 2 0 0 0 0 0 1 0 0 0 0 0 0 0 0 2 0 0 0 0 0 0 0 0 0 0 0 0 0 0 0 0 0 0 0 0 0 0 0 2 0 0 0 0 0 0 0 0 2 0 0 0 0 2 0 2 2
372 2 2 2 0 2 2 2 2 0 2 2 0 2 2 2 0 2 2 2 2 2 0 2 2 2 2 2 0 2 2 2 0 2 2 2 2 2 2 2 2 0 2 2 2 2 2 2 0 2 0 0 2 2 0 2 2 2 2 2 2 2 2 2 0 2 2 2 0 2 2 0 2 0 2 2 2 2 0 0 2 2 2 2 2 2 2 2 2 2 2 2 2 2 2 2 2 2 2 2 2 0 2 2 2 2 0 2 2 2 2 2 2 2 2 2 2 2 2 2 2 2 2 0 2 2 2 2 2 2 2 2 2 2 2 2 2 2 2 2 2 0 2 2 2 2 2 2 2 2 2 2 2 2 2 2 2 2 2 2 2 2 2 2 2 2 2 2 2 0 2 2 2 2 2 2 2 2 2 2 2 2 2 2 2 2 2 2 2 2 2 2 2 2 2 2 2 2 2 2 1 2 2 2 2 2 2 2 2 2 2 2 2 2 2 2 2 2 2 2 2 0 2 0 2 2 2 2 2 2 2 2 0 2 0 2 2 2 2 2 2 2 2 2 2 2
373 2 2 2 2 0 2 0 2 2 2 2 2 0 2 2 2 2 2 2 2 2 2 0 2 0 2 0 2 2 2 2 2 0 0 0 1 2 2 2 2 2 0 2 2 2 2 2 2 2 2 2 2 2 2 0 0 2 2 2 2 2 2 2 2 2 0 2 2 2 2 2 2 2 2 2 2 2 2 2 2 2 2 0 2 0 0 2 2 2 0 2 2 2 2 2 0 0 2 2 2 2 2 2 2 2 2 2 2 2 2 2 0 2 2 2 0 2 2 2 0 2 2 2 2 2 0 2 0 2 2 2 0 2 0 2 2 2 2 2 2 2 2 2 0 2 2 2 2 1 2 0 2 2 2 2 2 2 2 1 2 2 2 2 2 2 2 2 1 2 2 2 2 2 2 2 2 2 2 2 2 2 2 2 0 2 0 0 2 2 2 1 2 2 2 2 2 0 2 2 2 2 2 2 2 2 2 0 2 2 2 2 2 2 2 2 2 2 2 2 2 2 2 2 0 2 0 2 2 0 2 2 2 2 2 2 2 2 2 2 2 2 2 0 2 2
374 0 0 0 0 2 0 2 2 0 2 0 0 2 0 2 0 0 0 0 0 0 0 2 0 2 0 0 0 0 0 0 0 2 2 2 0 0 0 0 0 0 2 2 0 2 0 2 0 0 0 0 0 0 0 2 2 2 0 0 0 0 0 0 0 2 2 0 0 2 0 0 0 0 0 0 0 0 0 0 2 0 2 2 0 2 0 0 0 2 2 0 0 0 2 2 2 2 0 2 0 0 0 0 0 0 0 2 2 2 0 2 2 2 0 0 2 0 0 0 2 0 0 0 0 0 2 0 2 2 0 0 2 0 2 2 0 0 0 0 0 0 0 0 2 2 0 0 2 1 1 2 2 0 2 0 2 0 0 1 0 2 2 2 2 0 2 0 1 0 0 0 0 0 2 0 2 0 2 0 0 2 0 2 0 2 2 2 2 0 0 1 0 0 2 1 0 2 0 0 0 2 0 0 0 2 0 2 2 2 2 2 0 0 2 2 2 0 0 0 0 0 0 0 2 2 2 0 0 2 2 2 0 0 0 0 0 0 0 0 2 0 0 2 0 0
375 2 0 2 2 2 2 2 2 2 0 2 2 2 2 2 2 2 2 2 2 2 2 2 2 2 2 0 2 2 2 2 2 2 2 2 1 2 0 2 2 2 2 2 2 0 2 2 2 2 2 2 2 2 2 2 2 0 0 2 2 2 2 2 2 2 2 0 2 2 2 2 2 2 2 2 2 2 2 2 2 2 2 2 2 2 0 2 2 2 2 2 2 2 2 2 2 2 2 2 2 2 2 0 2 2 2 2 2 2 2 2 2 2 2 2 2 2 2 2 2 2 2 2 2 2 2 2 2 2 2 2 2 2 2 2 2 2 2 2 2 2 2 2 2 2 2 2 2 2 2 2 2 2 2 2 2 2 2 2 2 2 2 2 2 2 2 2 2 2 2 2 2 2 2 2 2 2 2 2 2 2 2 2 0 2 2 2 2 2 2 2 2 2 0 2 0 2 2 2 2 2 2 2 2 2 2 2 2 2 2 2 2 2 2 2 2 2 2 2 2 2 2 2 2 2 2 2 2 2 2 2 2 2 2 2 2 2 2 2 2 2 2 2 2 2
376 0 0 0 2 2 0 2 2 2 2 0 2 2 0 2 2 0 2 2 2 0 2 2 0 2 2 0 2 2 2 0 2 2 2 2 1 2 0 2 0 2 2 2 2 2 0 0 2 0 2 2 2 0 2 2 2 0 0 0 2 2 0 2 2 0 2 0 2 2 2 2 2 0 0 0 2 0 2 2 0 0 0 2 2 2 0 0 2 0 2 0 2 0 2 0 2 2 0 2 0 0 0 0 0 2 0 0 2 0 2 0 2 2 0 0 2 0 2 0 2 2 2 2 2 2 2 2 2 2 2 0 2 0 2 0 0 0 0 2 0 2 0 0 2 0 2 2 0 1 0 2 0 2 0 2 2 0 0 1 2 0 2 2 0 0 0 0 2 2 2 2 0 0 2 0 2 2 0 2 0 0 2 2 0 2 2 2 2 0 0 1 0 2 0 0 0 2 2 0 2 0 0 0 2 0 2 2 0 0 0 2 2 0 0 2 2 0 2 0 2 2 2 2 2 2 2 0 0 2 2 0 2 0 2 2 0 0 0 0 0 0 0 2 0 0
377 2 2 2 2 2 2 2 0 2 2 2 2 2 2 2 2 2 2 2 2 2 2 2 2 2 2 0 2 2 2 2 2 2 2 2 1 2 2 2 2 2 2 2 2 2 2 2 2 2 2 2 2 2 2 2 2 0 2 2 2 2 2 2 2 2 2 2 2 2 2 0 2 2 2 2 2 2 2 2 2 2 2 2 0 2 0 2 2 2 2 2 2 2 2 2 2 2 2 0 2 2 2 2 2 2 0 2 2 2 2 2 2 0 2 2 2 2 2 2 2 2 2 2 2 2 2 2 0 2 2 2 2 2 2 0 2 2 2 2 2 2 2 2 2 0 2 2 2 2 1 2 2 0 2 2 0 2 2 1 2 2 0 2 2 2 0 2 2 2 2 2 2 2 0 2 2 2 2 2 2 2 2 2 0 0 2 2 2 2 2 2 2 2 2 2 2 2 2 2 2 0 2 2 2 0 2 2 2 2 0 0 2 2 0 2 2 2 1 0 2 2 2 2 2 0 2 2 2 2 0 2 2 2 2 2 2 2 2 2 2 2 2 2 2 2
378 2 0 0 2 2 0 2 0 2 2 2 2 2 2 2 0 0 2 2 2 0 2 2 2 2 2 0 2 2 2 2 2 2 0 2 1 2 0 2 2 2 2 0 2 2 0 0 2 0 2 2 2 0 2 2 2 0 0 0 2 2 2 2 2 2 2 0 2 2 2 0 2 0 0 0 2 0 2 2 0 0 0 2 0 2 0 0 2 0 2 0 2 0 2 0 2 0 2 0 0 0 0 0 2 2 0 0 2 0 2 0 2 0 2 2 0 0 2 0 2 2 2 2 2 2 2 2 0 2 2 0 2 0 2 0 0 0 0 2 0 2 0 0 0 0 2 2 0 1 0 2 0 0 0 2 0 0 0 0 2 0 0 2 0 0 0 0 2 2 2 2 0 0 0 0 0 2 0 2 2 0 0 2 0 0 2 2 2 0 0 1 0 2 0 1 0 2 2 0 2 0 0 0 2 0 2 2 0 0 0 0 2 0 0 2 2 0 0 0 2 2 0 2 2 0 2 0 0 2 0 0 0 2 2 2 2 0 2 0 0 0 0 2 0 0
379 2 0 0 2 2 0 2 0 2 2 2 2 2 2 2 0 0 2 2 2 0 2 2 2 2 2 0 2 2 2 2 2 2 0 2 1 2 0 2 2 2 2 0 2 2 0 0 2 0 2 2 2 0 2 2 2 0 0 0 2 2 2 2 2 2 2 0 2 2 2 0 2 0 0 0 2 0 2 2 0 0 0 2 0 2 0 0 2 0 2 0 2 0 2 0 2 0 2 0 0 0 0 0 2 2 0 0 2 0 2 0 2 0 2 2 0 0 2 0 2 2 2 2 2 2 2 2 0 2 2 0 2 0 2 0 0 0 0 2 0 2 0 0 0 0 2 2 0 1 0 2 0 0 0 2 0 0 0 0 2 0 0 2 0 0 0 0 2 2 2 2 0 0 0 0 0 2 0 2 2 0 0 2 0 0 2 2 2 0 0 1 0 2 0 1 0 2 2 0 2 0 0 0 2 0 2 2 0 0 0 0 2 0 0 2 2 0 0 0 2 2 0 2 2 0 2 0 0 2 0 0 0 2 2 2 2 0 2 0 0 0 0 2 0 0
380 2 0 0 0 0 0 0 0 0 0 2 2 0 2 0 0 0 0 0 0 0 0 0 2 2 2 0 0 0 0 0 0 0 0 0 0 2 0 0 0 0 0 0 0 0 0 0 2 0 0 2 0 0 0 0 0 0 0 0 0 0 2 0 0 2 0 0 0 2 2 0 2 0 0 0 0 0 2 0 0 0 0 0 0 0 0 0 2 0 0 0 0 0 2 0 0 0 0 0 0 0 0 0 0 0 0 0 0 0 2 0 0 0 2 0 0 0 0 0 0 2 0 0 0 0 0 0 0 2 0 0 0 0 0 0 0 0 0 2 0 2 0 0 0 0 2 0 0 1 0 0 0 0 0 0 0 0 0 0 0 0 0 0 0 0 0 0 2 0 0 2 0 0 0 0 0 2 0 0 2 0 0 0 0 0 0 0 2 0 0 0 0 2 0 0 0 0 2 0 0 0 0 0 2 0 2 0 0 0 0 0 2 0 0 0 0 0 0 0 2 0 0 0 0 0 2 0 0 0 0 0 0 2 0 2 0 0 2 0 0 0 0 0 0 0
381 2 0 0 0 0 0 0 0 0 0 2 2 0 2 0 0 0 0 0 0 0 0 0 2 2 2 0 0 0 0 0 0 0 0 0 0 2 0 0 0 0 0 0 0 0 0 0 2 0 0 2 0 0 0 0 0 0 0 0 0 0 2 0 0 2 0 0 0 2 2 2 2 0 0 0 0 0 2 0 0 0 0 0 0 0 0 0 2 0 0 0 0 0 2 0 0 0 0 0 0 0 0 0 0 0 0 0 0 0 2 0 0 0 2 0 0 0 0 0 0 2 0 0 0 0 0 0 0 2 0 0 0 0 0 0 0 0 0 2 0 2 0 0 0 0 2 0 0 1 0 0 0 0 0 0 0 0 0 0 0 0 0 0 0 0 0 0 2 0 0 2 0 0 0 0 0 2 0 0 2 0 0 0 0 0 0 0 2 0 0 0 0 2 0 0 0 0 2 0 0 0 0 0 2 0 2 0 0 0 0 0 2 0 0 0 0 0 0 0 2 0 0 0 0 0 2 0 0 0 0 0 0 2 0 2 0 0 2 0 0 0 0 0 0 0
382 0 0 2 0 2 2 2 2 2 0 0 2 2 0 2 2 2 2 2 2 2 2 2 0 2 2 2 2 2 2 2 2 2 2 2 2 2 0 2 2 2 2 0 2 0 2 2 2 2 2 2 2 2 2 2 2 2 0 2 2 0 0 2 2 0 2 0 2 2 2 0 2 2 2 2 2 2 2 2 2 2 2 2 0 2 2 2 2 2 2 2 2 2 2 2 2 2 2 2 2 2 2 0 2 2 2 2 2 2 2 2 2 2 0 2 2 2 2 2 2 2 2 2 2 2 2 2 2 2 2 2 2 2 2 2 2 2 2 2 2 2 2 2 2 0 2 2 0 2 2 2 0 0 2 2 2 2 2 2 2 2 2 2 2 2 0 2 2 0 2 2 2 2 2 2 2 2 2 2 0 2 0 2 2 2 2 2 2 2 2 2 2 2 2 2 2 2 2 2 2 0 2 2 2 2 2 2 2 2 0 2 2 2 0 2 2 2 2 2 2 2 2 2 2 2 0 2 2 2 2 2 2 0 2 2 2 2 0 2 2 2 2 2 2 2
383 0 0 2 0 0 2 0 0 0 0 0 0 0 0 2 0 0 0 0 0 0 0 0 0 0 2 2 0 0 0 0 0 0 0 0 1 2 0 0 0 0 0 0 0 0 2 0 0 2 0 0 0 2 0 0 0 0 0 2 2 0 0 0 0 0 0 0 0 2 0 0 0 0 2 0 0 2 0 0 0 2 2 0 0 0 2 2 2 0 0 0 0 0 0 0 0 0 0 0 2 0 2 0 0 0 0 2 0 0 0 0 0 0 0 0 0 2 0 0 0 0 0 0 0 0 0 0 0 2 0 0 0 2 0 0 0 0 2 2 2 0 2 0 0 0 0 0 0 1 0 0 0 0 2 0 0 2 0 0 0 0 0 0 2 2 0 2 2 0 0 0 2 2 0 2 0 2 2 0 0 0 0 2 2 0 0 0 0 0 2 1 2 2 0 0 0 0 0 0 0 0 0 0 0 0 2 0 0 0 0 0 0 2 0 0 2 0 0 0 2 0 0 0 0 0 0 2 0 0 0 0 0 0 0 0 0 0 0 0 0 2 0 0 2 2
384 2 0 2 2 0 2 0 2 2 2 2 2 0 2 2 2 2 2 2 0 0 2 0 2 0 2 2 2 2 2 2 2 0 2 0 1 2 0 0 0 0 0 0 0 2 2 0 2 2 0 2 2 2 0 0 0 0 0 2 2 2 2 0 0 0 0 0 0 2 2 0 2 2 2 2 2 2 2 2 0 2 2 0 0 0 2 2 2 0 0 2 0 0 0 2 0 2 2 2 2 2 2 0 0 2 0 2 2 2 2 2 0 2 2 2 2 2 0 2 0 2 0 0 0 0 0 0 2 2 2 0 0 2 0 2 2 0 2 2 2 2 2 2 0 0 0 2 2 1 1 0 2 2 2 0 2 2 2 0 0 2 0 2 2 2 0 2 1 2 0 0 2 2 2 2 2 2 2 0 2 2 2 2 2 2 0 0 0 2 2 1 2 2 0 2 2 0 2 2 1 0 2 2 2 2 2 0 2 0 0 2 2 2 0 0 2 2 1 0 2 0 0 0 0 0 0 2 2 0 2 2 2 2 0 2 2 0 2 2 2 2 2 0 2 2
385 2 0 2 2 2 2 2 2 2 2 2 2 2 2 2 2 2 2 0 2 2 2 2 2 0 2 2 2 2 0 2 2 2 2 2 2 2 0 2 2 0 2 2 2 2 2 2 0 2 2 2 2 2 2 2 2 0 0 2 2 2 2 0 2 2 2 0 0 2 0 2 2 2 2 2 0 2 2 2 2 2 2 2 2 0 2 2 2 2 2 2 2 2 0 0 2 2 2 2 2 2 2 1 2 2 2 2 2 2 0 2 2 2 2 2 0 2 2 2 2 0 2 2 2 0 2 2 2 2 2 2 2 2 2 2 2 2 2 2 2 0 2 2 2 2 2 2 2 1 1 2 2 2 2 2 2 2 2 2 2 2 2 2 2 2 2 2 1 2 2 2 2 2 2 2 2 2 2 2 2 0 2 2 2 2 2 2 0 2 2 2 2 2 0 2 2 2 0 2 2 2 2 2 2 2 2 2 2 2 2 2 2 2 2 2 2 2 1 2 2 2 0 0 2 2 2 2 2 2 2 2 2 2 0 2 0 2 2 2 2 2 2 2 2 2
386 2 0 2 0 2 2 2 2 0 0 2 0 2 2 2 2 0 2 0 0 2 0 2 2 0 2 0 0 2 0 0 0 2 0 2 1 0 0 0 0 0 2 0 0 0 2 2 0 2 2 0 0 2 2 2 2 0 0 2 0 0 2 0 2 0 2 0 0 2 2 0 0 2 2 0 0 2 0 0 0 2 0 2 2 2 0 2 2 0 2 2 0 2 0 0 2 0 2 2 2 0 2 0 0 0 0 0 0 2 0 2 2 0 2 0 0 2 0 2 2 0 2 2 0 0 2 0 0 2 2 2 2 2 2 2 2 0 0 2 2 0 0 2 0 0 0 0 2 1 1 2 2 2 0 2 0 0 2 1 0 0 0 2 0 2 0 2 1 0 0 0 0 0 2 2 0 2 0 0 2 0 0 2 0 2 0 2 0 0 0 1 0 2 0 1 0 2 0 0 0 0 0 2 2 2 2 2 2 2 0 0 0 2 0 2 2 2 2 0 2 2 2 0 2 0 2 0 2 2 0 2 0 2 0 0 2 2 2 2 0 2 2 0 0 0
387 2 0 2 2 2 2 2 2 2 2 2 2 2 2 2 2 0 2 0 2 2 2 0 2 2 2 0 2 2 0 2 2 0 2 2 2 2 0 0 0 0 0 2 0 2 2 2 2 2 0 2 0 2 2 0 0 2 0 2 0 2 2 0 2 2 2 0 0 2 2 0 2 2 2 0 0 2 2 2 2 2 0 2 0 2 0 2 2 2 2 0 0 2 2 2 0 2 2 2 2 0 0 0 0 2 2 0 2 0 0 0 2 0 2 2 0 2 2 0 0 0 0 0 0 0 2 2 0 2 2 0 0 0 0 2 0 0 2 2 2 2 0 0 2 2 2 0 0 2 1 0 0 2 0 2 0 0 2 2 0 2 2 0 0 2 2 2 2 2 0 2 0 2 2 2 2 2 0 0 2 2 2 2 0 2 0 0 2 2 2 1 0 2 0 1 0 2 0 0 1 2 0 2 2 2 2 2 0 2 2 2 2 2 2 2 2 2 2 2 2 2 2 0 0 2 2 0 0 2 0 0 2 2 2 2 0 2 2 0 2 2 0 2 2 2
388 0 2 2 2 2 2 2 0 2 2 2 2 2 2 2 0 0 2 2 2 2 2 0 2 2 0 2 2 2 2 2 2 2 2 0 2 0 2 2 0 0 2 2 0 2 2 2 0 2 2 0 2 2 0 0 0 2 2 2 0 2 2 2 0 2 2 2 2 2 0 2 0 2 2 0 2 2 2 2 0 2 2 2 0 0 2 2 0 2 0 2 2 2 2 0 2 2 2 0 2 2 2 2 0 2 2 2 0 0 2 0 2 2 0 0 2 2 0 0 2 2 2 0 0 0 2 2 0 2 0 0 2 2 2 2 0 2 2 2 2 0 2 0 2 0 0 2 2 2 2 2 2 2 2 2 2 2 2 1 2 2 0 2 2 2 2 2 2 2 2 0 2 2 0 2 2 2 2 2 2 0 2 2 2 0 2 2 2 2 2 2 2 0 2 1 2 0 2 2 1 2 2 2 0 2 2 2 0 2 0 0 2 2 0 2 2 2 2 2 2 0 2 2 2 0 0 2 2 2 0 0 2 2 0 2 2 2 2 0 0 2 0 2 0 2
389 2 2 2 2 2 2 2 2 2 0 2 2 2 2 2 2 2 2 0 2 2 0 2 2 2 2 2 0 2 0 2 0 2 2 0 2 2 2 2 2 2 2 0 2 0 2 2 2 2 0 0 0 2 2 2 2 0 2 2 2 2 2 2 2 2 2 2 2 0 2 2 2 2 2 2 0 2 2 2 2 2 2 2 2 2 2 2 2 0 0 2 2 2 2 2 2 2 2 2 2 2 2 2 2 0 2 2 2 0 2 2 2 2 2 2 0 2 0 2 2 2 2 2 2 2 2 2 2 2 2 2 2 2 2 0 2 2 2 2 2 2 2 2 0 2 2 0 2 2 2 2 2 0 2 2 0 0 2 1 2 2 2 2 2 2 2 2 2 2 2 2 2 2 2 2 2 2 2 2 2 2 2 2 2 2 2 2 2 2 2 2 0 2 0 2 2 2 2 2 1 0 2 2 2 0 2 2 2 2 2 0 2 2 2 2 2 2 2 2 2 2 2 2 2 2 0 0 2 2 0 2 2 2 2 2 2 1 2 2 0 2 2 2 2 2
390 2 2 2 0 2 2 2 0 2 2 2 2 2 2 2 2 2 2 2 2 0 0 2 2 2 2 2 0 2 2 2 0 2 2 2 2 2 2 2 2 2 2 2 2 2 2 2 2 2 2 0 2 2 0 2 2 0 2 2 2 0 2 2 2 2 2 2 2 2 2 2 2 2 2 2 2 2 2 2 2 2 2 2 2 2 2 2 2 2 2 2 2 2 2 2 2 2 2 0 2 2 2 2 2 2 2 2 2 2 2 2 2 2 2 2 0 2 2 2 2 2 2 2 2 2 2 0 2 2 2 2 2 2 2 0 2 2 2 0 2 2 2 2 2 0 2 2 2 2 2 2 2 2 2 2 2 2 2 2 2 2 2 2 2 2 2 2 2 2 2 2 2 2 2 2 2 2 2 2 2 2 2 2 2 2 2 2 2 2 2 2 2 2 0 2 2 2 2 2 2 2 2 2 2 0 2 2 2 2 2 2 2 2 0 2 2 2 1 2 2 2 0 2 2 2 2 2 2 2 2 2 2 2 2 2 2 2 2 2 2 2 2 2 2 2
391 0 2 2 2 2 2 2 2 2 2 2 0 2 0 2 2 2 2 2 0 2 2 0 0 0 0 2 2 2 2 0 2 2 2 2 2 0 2 2 2 0 2 0 2 2 2 2 0 2 0 2 2 0 0 0 0 0 2 2 2 2 0 2 2 2 2 2 0 2 2 2 0 0 0 2 2 2 0 2 2 2 2 2 0 2 2 2 2 2 2 2 2 2 2 2 2 2 2 2 2 2 2 2 2 2 0 2 2 2 2 0 0 2 0 2 2 2 2 2 2 2 0 2 2 0 2 2 2 2 0 2 2 2 2 0 2 2 2 0 2 0 2 2 2 2 0 2 2 1 2 0 2 2 2 0 0 0 2 2 2 2 0 2 2 2 2 2 1 2 2 0 2 2 2 2 2 2 2 2 0 2 2 2 2 2 2 0 2 2 2 1 2 2 0 2 2 2 2 2 2 0 0 2 2 0 2 2 2 2 2 2 2 2 2 2 2 2 1 2 2 2 0 0 0 0 2 2 2 2 2 2 0 0 2 2 2 2 0 2 2 2 2 2 2 2
392 2 2 2 2 0 0 0 2 2 2 2 2 0 2 2 2 2 2 2 2 2 2 2 2 0 2 2 2 2 2 2 2 0 2 2 1 0 0 2 2 2 0 2 2 2 2 2 2 2 2 2 2 2 2 2 2 2 0 2 2 2 2 0 2 2 0 0 2 2 0 2 2 2 2 2 2 2 2 2 2 2 2 2 2 0 2 2 0 2 2 2 2 2 0 2 0 2 2 2 2 2 2 2 2 2 2 0 2 2 2 0 2 0 2 2 2 2 2 2 0 2 2 2 2 2 0 2 2 0 2 2 0 2 0 2 0 0 2 2 2 2 2 2 2 2 2 2 2 1 2 0 2 2 2 0 2 2 2 1 2 2 2 0 2 2 2 2 2 2 2 2 2 2 2 2 0 2 2 2 2 2 2 2 2 2 2 0 0 2 2 1 2 0 2 2 2 0 2 0 2 2 2 2 0 2 2 0 2 2 2 2 0 2 2 0 2 2 2 0 2 2 2 2 0 2 0 2 2 0 2 2 2 2 2 0 2 2 2 2 2 2 2 2 2 2
393 2 0 2 2 0 0 0 0 2 2 2 2 0 2 0 2 0 2 2 2 2 2 2 2 0 2 0 2 2 2 2 2 0 0 0 0 0 0 2 2 2 0 2 2 2 2 2 2 2 2 2 2 0 2 2 2 2 0 2 2 2 2 0 2 2 0 0 2 2 0 2 2 2 0 0 2 2 2 0 0 0 0 0 0 0 0 2 0 2 0 0 2 0 0 2 0 0 2 0 2 0 0 0 2 2 0 0 2 2 0 0 0 0 2 2 2 0 2 0 0 0 2 2 2 0 0 2 0 0 2 2 0 0 0 2 0 0 2 2 0 2 0 0 2 2 2 2 0 0 1 0 0 2 0 0 2 2 2 1 0 2 2 0 0 0 0 0 1 2 0 2 0 2 2 0 0 2 0 0 2 0 0 0 0 2 2 0 0 0 2 1 0 0 2 1 0 0 0 0 1 0 2 2 0 2 2 0 2 2 2 2 0 2 2 0 0 2 2 0 2 2 2 2 0 2 0 0 0 0 2 2 2 2 0 0 2 2 2 0 2 0 0 2 0 0
394 2 2 0 2 2 2 2 2 2 2 2 0 2 2 2 2 2 0 2 2 0 0 2 2 2 2 2 0 0 2 0 0 2 2 2 2 2 2 2 2 2 2 0 2 2 0 0 2 0 0 0 2 2 2 2 2 0 2 0 2 2 2 2 2 2 2 2 0 2 2 2 2 2 2 2 2 0 0 2 2 2 2 2 2 2 2 0 2 2 2 2 2 2 2 2 2 2 0 2 0 2 2 2 2 2 2 2 0 2 2 2 2 2 2 2 2 2 0 2 2 2 2 2 2 2 2 0 2 2 2 0 2 2 2 2 2 2 2 2 2 2 2 2 2 2 2 2 2 2 1 2 2 0 2 2 0 0 2 2 2 0 2 2 2 2 2 2 1 2 2 2 2 2 0 2 2 0 2 2 2 2 2 2 2 0 0 2 2 2 2 2 2 2 2 1 2 2 2 2 2 2 2 2 2 2 0 2 0 0 2 0 2 0 2 2 2 2 1 2 0 0 2 0 2 2 2 2 2 2 0 0 2 2 2 2 2 0 2 2 2 2 2 0 2 2
395 2 0 0 2 0 0 0 0 2 2 2 0 0 0 0 0 0 0 2 2 0 0 0 0 0 0 0 0 0 2 0 0 0 0 0 0 0 0 2 2 0 0 0 0 2 0 0 0 0 0 0 0 0 2 0 0 0 0 0 2 2 0 0 2 2 0 0 0 2 0 0 2 2 0 0 2 0 0 0 0 0 0 0 0 0 0 0 0 0 0 0 2 0 0 2 0 0 0 0 0 0 0 0 2 0 0 0 0 2 0 0 0 0 0 2 2 0 0 0 0 0 2 2 0 0 0 0 0 0 0 0 0 0 0 2 0 0 0 2 0 0 0 0 0 2 0 0 0 0 0 0 0 0 0 0 0 0 2 0 0 0 0 0 0 0 0 0 0 0 0 0 0 0 0 0 0 0 0 0 0 0 0 0 0 0 0 0 0 0 0 0 0 0 0 0 0 0 0 0 0 0 0 2 0 2 0 0 0 0 0 0 0 0 2 0 0 2 0 0 0 0 0 0 0 0 0 0 0 0 0 0 2 0 0 0 0 0 0 0 0 0 0 0 0 0
396 2 0 2 2 0 0 0 0 2 2 2 2 0 2 0 2 0 2 2 2 2 2 0 2 0 2 0 2 2 2 2 2 0 2 0 0 0 0 2 2 2 0 2 2 2 2 2 2 2 2 2 2 0 2 0 0 2 0 2 2 2 2 0 2 2 0 0 2 2 0 2 2 2 0 0 2 2 2 0 0 0 0 0 0 2 0 2 0 2 0 0 2 0 0 2 0 2 2 0 2 0 0 0 2 2 2 0 2 0 0 0 0 0 2 2 2 0 2 0 0 0 2 2 2 0 0 2 0 0 2 2 0 0 0 0 0 0 2 2 0 2 0 0 2 2 2 2 0 0 2 0 0 2 0 0 2 2 2 1 0 2 2 0 0 0 0 0 2 2 0 2 0 2 2 0 0 2 0 0 2 0 0 0 0 2 2 0 0 0 2 1 0 0 0 0 0 0 0 0 1 2 2 2 0 0 2 0 2 2 0 2 0 2 2 0 0 2 2 0 2 2 2 2 0 2 0 0 0 0 2 2 2 2 0 0 2 2 2 0 2 0 0 2 0 0
397 0 0 0 0 0 0 0 0 0 0 0 0 0 0 0 0 0 2 0 0 2 2 0 0 0 0 0 2 2 0 0 2 0 0 0 0 0 0 0 2 2 0 0 0 0 0 0 0 0 0 2 0 0 2 0 0 2 0 0 2 0 0 0 2 2 0 0 0 0 0 0 0 0 0 0 0 0 0 0 0 0 0 0 0 0 0 0 0 2 0 0 0 0 0 0 0 0 0 0 0 0 0 0 2 2 0 0 0 0 0 0 0 0 0 2 0 0 2 0 0 0 0 0 0 0 0 0 0 0 0 0 0 0 0 0 0 0 0 0 0 0 0 0 0 2 0 0 0 0 0 0 0 2 0 0 0 2 0 0 0 2 0 0 0 0 0 0 1 2 0 0 0 0 2 0 0 2 0 0 0 0 0 0 0 2 2 0 0 0 0 0 0 0 0 0 0 0 0 0 1 0 0 0 0 0 2 0 2 0 0 2 0 0 2 0 0 0 1 0 2 2 0 0 0 0 0 0 0 0 2 2 0 0 0 0 0 2 0 0 0 0 0 2 0 0
398 0 0 0 0 0 0 0 0 0 0 0 0 0 0 0 0 0 2 0 0 2 2 0 0 0 0 0 2 2 0 0 2 0 0 0 0 0 0 0 2 2 0 0 0 0 0 0 0 0 0 2 0 0 2 0 0 2 0 0 2 0 0 0 2 2 0 0 0 0 0 0 0 0 0 0 0 0 0 0 0 0 0 0 0 0 0 0 0 2 0 0 0 0 0 0 0 0 0 0 0 0 0 0 2 2 0 0 0 0 0 0 0 0 0 2 0 0 2 0 0 0 0 0 0 0 0 0 0 0 0 0 0 0 0 0 0 0 0 0 0 0 0 0 0 2 0 0 0 0 0 0 0 2 0 0 0 2 0 0 0 2 0 0 0 0 0 0 1 2 0 0 0 0 2 0 0 2 0 0 0 0 0 0 0 2 2 0 0 0 0 0 0 0 0 0 0 0 0 0 1 0 0 0 0 0 2 0 2 0 0 2 0 0 2 0 0 0 1 0 2 2 0 0 0 0 0 0 0 0 2 2 0 0 0 0 0 2 0 0 0 0 0 2 0 0
399 2 2 0 0 2 2 2 2 2 2 2 0 2 0 2 2 2 2 2 2 2 2 2 0 2 2 2 2 2 2 2 2 2 2 2 2 2 2 2 2 2 2 2 2 2 0 2 0 0 2 2 2 2 0 2 2 2 2 0 2 2 0 2 2 2 2 2 2 2 2 2 2 2 2 2 2 0 0 2 2 2 2 2 2 2 2 0 2 2 2 2 2 2 2 2 2 2 2 2 0 2 2 2 2 2 2 2 0 2 2 2 2 2 0 2 0 2 2 2 2 2 2 2 2 2 2 2 2 2 2 2 2 2 2 2 2 2 2 2 2 0 2 2 2 2 2 2 2 2 2 2 2 2 2 2 2 2 2 2 2 2 2 2 2 2 2 2 2 2 2 2 2 2 2 2 2 2 2 2 0 2 2 2 2 2 2 2 2 2 2 2 2 2 2 2 2 2 2 2 2 2 2 2 2 2 2 2 2 2 2 2 2 0 2 2 2 2 2 2 2 2 2 2 2 2 2 2 2 2 2 2 2 0 2 2 2 2 0 2 2 2 2 2 2 2
400 2 0 2 2 2 2 2 2 2 0 2 2 2 2 0 0 2 2 2 2 2 2 2 2 2 0 0 2 2 2 2 2 2 2 0 1 2 2 2 2 2 2 2 2 0 2 2 2 2 2 2 2 2 2 2 2 2 2 2 2 2 2 2 2 2 2 2 2 0 2 2 2 2 2 2 2 2 2 0 2 2 2 2 2 0 0 2 2 2 0 0 2 2 2 2 2 2 2 2 2 2 0 0 2 2 0 2 2 0 0 2 2 2 2 2 2 0 2 2 2 0 2 2 2 2 2 2 2 0 0 2 2 0 2 0 2 2 2 2 2 2 2 0 2 2 0 2 0 1 2 2 2 2 2 2 2 2 2 2 2 2 0 2 2 2 0 2 2 2 2 0 2 2 2 2 2 2 2 2 2 0 2 2 0 2 2 2 2 2 2 2 0 2 2 2 0 2 0 2 1 2 2 2 2 0 2 2 2 2 2 2 2 2 2 2 0 2 2 2 2 2 2 2 2 0 2 0 0 2 2 2 2 2 2 2 2 2 2 2 2 0 2 2 2 2
401 2 2 2 0 2 2 2 2 0 2 0 2 2 2 2 2 2 2 2 2 2 2 2 2 2 2 2 2 2 2 2 2 2 2 2 2 2 2 0 2 0 2 2 2 2 2 2 2 2 2 2 2 2 2 2 2 2 2 2 2 0 2 2 2 2 2 2 0 2 2 2 0 2 2 2 2 2 2 2 2 2 2 2 2 2 2 2 2 2 2 2 0 2 2 2 2 2 2 2 2 2 2 2 2 2 2 2 2 2 2 2 2 2 2 2 0 2 2 2 2 2 2 2 2 2 2 2 2 2 2 2 2 2 2 2 2 2 2 0 2 2 2 2 0 0 2 2 2 2 2 2 2 2 2 2 2 2 2 1 2 2 2 2 2 2 2 2 2 2 2 2 2 2 2 2 2 2 2 2 2 2 2 2 2 2 2 2 2 2 2 2 2 2 2 2 2 2 2 2 2 2 2 2 2 2 2 2 2 2 2 2 2 2 0 2 2 2 2 2 2 2 2 0 2 2 2 2 2 2 2 2 2 2 2 2 2 2 2 2 2 2 2 2 2 2
402 2 2 0 2 2 2 0 2 0 2 2 2 2 2 2 2 2 2 2 2 2 2 2 2 2 0 2 2 2 2 2 2 2 2 2 2 2 2 2 2 0 2 2 0 2 0 2 2 0 2 2 2 0 2 2 2 0 2 0 2 2 2 2 2 2 2 2 2 2 2 2 2 2 0 2 2 0 2 2 0 0 0 2 2 2 2 0 2 2 2 2 2 2 2 2 2 2 2 2 0 0 2 2 2 2 0 2 2 2 2 2 2 0 2 2 2 2 0 0 2 2 2 2 0 2 0 2 0 2 2 2 0 2 2 2 0 2 2 0 0 2 0 2 0 2 2 2 2 2 2 2 2 2 0 2 0 0 0 1 0 0 2 2 0 0 2 0 2 2 0 2 0 2 0 0 2 2 0 0 2 2 2 2 2 0 0 2 2 0 2 2 2 2 2 1 2 2 2 2 2 2 2 0 2 2 2 2 2 2 2 0 2 0 2 2 2 0 1 2 2 0 2 2 2 2 2 2 2 2 0 2 2 2 2 2 2 2 2 0 0 2 0 2 2 0
403 2 2 2 2 0 0 2 2 2 2 2 2 0 2 2 0 0 2 2 2 2 2 0 2 0 2 2 2 2 2 2 2 0 0 2 2 0 0 0 2 2 0 0 2 2 2 0 2 2 2 2 0 2 2 0 0 2 0 2 2 2 2 0 2 2 0 0 2 2 0 2 0 0 2 0 2 2 2 0 2 2 2 0 0 0 2 2 0 2 2 2 0 0 0 2 0 0 2 2 2 2 0 2 2 2 2 2 2 0 2 0 2 2 2 2 0 2 2 2 0 2 0 2 2 0 2 2 2 2 2 0 2 0 0 0 2 0 0 2 2 2 2 2 2 2 0 0 2 1 2 0 0 0 2 2 2 2 2 1 2 2 0 0 2 2 2 2 0 0 2 0 2 2 2 2 0 0 2 2 2 2 2 2 2 2 2 0 0 2 2 1 2 0 2 1 2 2 0 0 2 2 2 2 0 0 0 0 2 0 2 2 2 2 2 0 2 2 2 0 0 2 2 2 0 0 0 2 2 0 2 2 2 2 0 2 0 2 2 2 2 2 2 2 0 2
404 2 2 2 2 0 2 2 2 2 2 2 2 0 2 2 2 2 2 2 2 2 2 0 2 2 2 2 2 2 2 2 2 0 0 2 2 1 0 2 2 2 2 2 2 2 2 2 2 2 2 1 2 2 2 0 0 2 0 2 2 2 2 0 2 2 0 0 2 2 0 2 2 0 2 2 2 2 2 0 2 2 2 0 0 2 2 2 0 2 2 2 2 0 2 2 0 0 2 2 2 2 2 2 2 2 2 2 2 2 2 0 2 2 2 2 2 2 2 2 0 2 2 2 2 1 2 2 2 2 2 2 0 2 0 2 2 1 2 2 2 2 2 2 2 2 2 2 2 1 2 0 2 2 2 2 2 2 2 2 2 2 2 0 2 2 2 2 2 2 2 2 2 2 2 2 0 2 2 2 2 2 2 2 2 2 2 0 0 2 2 1 2 0 2 2 2 2 0 2 2 2 2 2 0 2 2 0 2 2 2 2 2 2 2 0 2 2 2 0 2 2 2 2 0 2 0 2 2 0 2 2 2 2 2 2 2 2 2 2 2 2 2 2 2 2
405 2 2 2 2 0 0 2 2 2 2 2 2 0 2 2 2 2 2 2 2 2 2 0 2 0 2 2 2 2 2 2 2 0 0 2 2 0 0 2 2 2 0 2 2 2 2 2 2 2 2 2 2 2 2 0 0 2 0 2 2 2 2 0 2 2 0 0 2 2 0 2 2 0 2 2 2 2 2 0 2 2 2 0 0 2 2 2 0 2 2 2 2 0 0 2 0 0 2 2 2 2 2 2 2 2 2 2 2 2 2 0 2 2 2 2 2 2 2 2 0 2 2 2 2 0 2 2 2 2 2 2 2 2 0 2 2 2 2 2 2 2 2 2 2 2 2 2 2 1 2 0 2 2 2 2 2 2 2 1 2 2 2 0 2 2 2 2 2 2 2 2 2 2 2 2 0 2 2 2 2 2 2 2 2 2 2 0 0 2 2 1 2 0 2 2 2 2 0 2 2 2 2 2 0 2 2 0 2 2 2 2 2 2 2 0 2 2 2 0 2 2 2 2 0 2 0 2 2 0 2 2 2 2 2 2 2 2 2 2 2 2 2 2 2 2
406 2 2 2 2 0 0 2 2 2 2 2 2 0 2 2 2 2 2 2 2 2 2 0 2 0 2 2 2 2 2 2 2 0 0 2 2 0 0 2 2 2 0 2 2 2 2 2 2 2 2 2 2 2 2 0 0 2 0 2 2 2 2 0 2 2 0 0 2 2 0 2 2 0 2 2 2 2 2 0 2 2 2 0 0 2 2 2 0 2 2 2 2 0 0 2 0 0 2 2 2 2 2 2 2 2 2 2 2 2 2 0 2 2 2 2 2 2 2 2 0 2 2 2 2 0 2 2 2 2 2 2 2 2 0 2 2 2 2 2 2 2 2 2 2 2 2 2 2 1 2 0 2 2 2 2 2 2 2 1 2 2 2 0 2 2 2 2 1 2 2 2 2 2 2 2 0 2 2 2 2 2 2 2 2 2 2 0 0 2 2 1 2 0 2 2 2 2 0 2 2 2 2 2 0 2 2 0 2 2 2 2 2 2 2 0 2 2 2 0 2 2 2 2 0 2 0 2 2 0 2 2 2 2 2 2 2 2 2 2 2 2 2 2 2 2
407 2 2 2 2 2 2 2 2 2 0 2 0 2 2 2 2 2 2 2 2 0 0 2 2 2 2 2 0 2 2 2 0 2 2 2 2 2 2 2 2 2 2 2 2 0 2 2 2 2 2 0 2 2 2 2 2 2 2 2 0 2 2 2 2 2 2 2 2 0 2 2 2 2 2 2 2 2 0 2 2 2 2 2 2 2 2 2 2 2 2 2 2 2 2 2 2 2 2 2 2 2 2 2 0 2 2 2 2 2 2 2 2 2 2 0 2 2 2 2 2 2 2 2 2 2 2 2 2 2 2 2 2 2 2 2 2 2 2 2 2 2 2 2 2 2 2 2 2 2 2 2 2 2 2 2 2 2 2 2 2 2 2 2 2 2 2 2 2 2 2 2 2 2 2 2 2 2 2 2 2 2 2 2 2 2 2 2 2 2 2 2 2 2 2 2 2 2 2 2 2 2 2 2 2 2 2 2 2 2 2 2 2 2 2 2 2 2 2 2 2 2 2 2 2 2 2 2 2 2 2 2 2 2 2 2 2 2 2 2 2 2 2 2 2 2
408 2 2 2 2 0 0 2 2 2 2 2 2 0 2 2 2 2 2 2 2 2 2 0 2 0 2 2 2 2 2 2 2 0 0 2 2 0 0 2 2 2 0 2 2 2 2 2 2 2 2 2 2 2 2 0 0 2 0 2 2 2 2 0 2 2 0 0 2 2 0 2 2 0 2 2 2 2 2 2 2 2 2 2 0 2 2 2 0 2 2 2 2 2 0 2 0 0 2 2 2 2 2 2 2 2 2 2 2 2 0 0 2 2 2 2 2 2 2 2 0 2 2 2 2 0 2 2 2 2 2 2 2 2 0 2 2 2 2 2 2 2 2 2 2 2 2 2 2 1 2 0 2 2 2 2 2 2 2 1 2 2 2 0 2 2 2 2 1 2 2 2 2 2 2 2 0 2 2 2 2 2 2 2 2 2 2 0 0 2 2 1 2 0 2 2 2 2 2 2 2 2 2 2 0 2 2 0 2 2 2 2 2 2 2 0 2 2 2 0 2 2 2 2 0 2 0 2 2 0 2 2 2 2 2 2 2 2 2 2 2 2 2 2 2 2
409 0 2 2 2 2 2 2 2 0 2 2 0 2 2 2 2 2 2 2 2 2 2 2 2 2 2 2 2 2 2 2 2 2 2 2 1 2 2 2 2 2 2 2 0 2 2 2 2 2 2 0 2 2 2 2 2 2 2 2 2 2 2 2 2 2 2 2 2 0 2 2 2 2 2 2 2 2 0 2 2 2 2 2 2 2 2 2 2 2 2 2 2 2 2 2 2 2 2 2 2 2 2 2 2 2 2 2 2 2 2 2 2 2 2 2 2 2 2 2 2 2 2 2 0 2 2 2 2 2 2 2 2 2 2 2 2 2 2 0 2 2 2 2 2 2 2 2 2 2 2 2 2 2 2 2 2 2 2 2 2 2 2 2 2 2 2 2 1 2 2 2 2 2 2 2 2 0 2 2 2 2 2 2 2 2 2 2 2 2 2 2 2 2 2 2 2 2 2 2 2 2 2 2 2 2 0 2 2 2 2 2 0 2 2 2 2 2 1 2 0 2 0 2 2 2 2 2 2 2 2 2 2 2 2 0 2 2 2 2 2 2 2 2 2 2
410 2 2 2 2 2 2 2 2 2 2 2 2 2 0 2 0 2 0 2 2 0 0 2 0 2 0 2 0 0 2 2 0 2 2 2 2 2 2 0 0 2 2 0 2 2 2 0 0 2 2 2 0 2 2 2 2 0 2 2 0 2 0 2 2 2 2 2 0 2 2 0 2 2 2 2 2 2 2 2 0 2 2 2 2 0 2 2 2 0 2 2 0 2 2 2 2 2 0 2 2 2 2 2 0 0 0 0 0 2 2 2 2 2 0 0 2 2 2 2 2 2 2 0 2 2 2 0 2 2 2 0 2 2 2 2 2 2 2 2 2 0 2 2 2 2 0 0 2 2 0 2 2 0 2 2 0 2 2 2 2 2 0 2 2 2 2 2 2 2 2 0 2 2 2 2 2 2 2 2 0 2 0 0 2 2 2 2 2 2 2 2 0 2 2 2 2 0 2 2 0 0 2 2 2 2 2 2 2 0 2 2 2 2 2 2 2 2 2 2 2 2 2 0 2 0 2 0 2 2 2 2 0 0 2 2 2 0 0 2 2 2 2 2 2 2
411 2 2 0 2 2 2 2 0 2 2 2 0 2 2 2 2 2 2 2 0 0 2 2 2 2 2 2 2 2 2 2 2 2 2 2 2 2 2 2 2 2 2 2 2 2 0 2 2 0 2 2 2 2 2 2 2 0 2 0 0 2 2 2 2 2 2 2 2 2 2 2 2 2 2 2 2 0 0 2 2 2 2 2 2 2 2 0 2 2 2 2 2 2 2 2 2 2 2 0 0 2 2 2 2 2 2 2 2 2 2 2 2 2 2 0 2 2 0 2 2 2 2 2 2 2 2 2 2 2 2 2 2 2 2 2 2 2 2 2 2 2 2 2 2 2 2 2 2 2 2 2 2 2 2 2 2 2 2 2 2 0 2 2 2 2 2 2 2 2 2 2 2 2 2 2 2 2 2 2 2 2 0 2 2 0 0 2 2 2 2 2 2 2 0 1 2 2 2 2 2 2 2 2 2 2 2 2 2 2 0 0 2 0 2 2 2 2 1 2 2 2 2 2 2 2 2 2 2 2 0 2 2 2 2 2 2 2 2 2 2 2 2 2 2 2
412 0 2 0 2 0 0 0 0 0 0 0 0 0 0 0 0 0 2 0 0 0 0 0 0 0 0 0 0 2 0 0 0 0 0 0 0 0 0 0 0 0 0 0 0 0 0 0 0 0 0 0 0 0 0 0 0 0 0 0 0 2 0 0 0 0 0 0 2 2 0 0 0 0 0 0 0 0 0 2 0 0 0 0 2 0 0 0 0 0 0 0 0 0 0 0 0 0 0 0 0 0 0 2 0 0 0 0 2 0 0 0 2 0 0 0 0 0 0 0 0 2 0 0 0 0 0 0 0 0 0 0 2 0 0 0 0 0 0 0 0 0 0 0 0 0 0 0 0 0 0 0 0 0 0 2 0 2 0 0 2 0 0 0 0 0 0 0 0 2 2 0 0 0 2 0 0 0 0 2 0 0 0 0 0 0 0 0 0 0 0 0 0 0 0 0 0 0 2 0 0 0 0 0 0 0 0 0 0 0 0 0 0 0 0 0 0 0 0 0 0 0 0 2 0 0 0 0 0 0 0 0 0 0 0 0 0 0 0 0 0 0 0 0 0 0
413 2 2 2 2 2 2 2 2 0 2 0 2 2 0 2 0 2 2 2 2 2 2 2 0 2 0 2 2 2 2 0 2 2 2 0 2 2 2 2 0 2 2 2 2 2 2 2 2 2 2 0 2 2 0 2 2 2 2 2 2 2 2 2 2 2 2 2 2 2 2 0 2 2 2 2 2 2 2 2 2 2 2 2 2 2 2 2 2 2 0 2 2 2 2 2 2 2 0 2 2 2 2 2 0 2 2 2 2 2 2 2 2 2 2 2 2 2 2 2 2 2 0 0 2 2 2 2 2 2 2 2 2 2 2 2 2 2 2 2 2 2 2 2 2 0 2 2 2 2 1 2 2 2 2 2 2 2 2 2 2 2 2 2 2 2 2 2 2 2 2 2 2 2 2 2 2 2 2 2 2 2 0 0 2 2 2 2 2 2 0 1 2 2 2 2 2 0 2 2 2 2 2 2 2 2 2 2 2 2 2 2 2 2 0 2 2 2 2 2 2 2 2 2 2 2 2 2 2 2 2 2 2 2 2 2 2 2 2 2 2 2 2 2 2 2
414 2 2 2 2 2 2 2 2 2 2 2 2 2 2 0 2 2 2 2 2 2 2 2 2 2 2 0 2 2 2 2 2 2 2 2 1 2 2 2 2 2 2 2 2 2 2 2 2 2 2 2 2 2 2 2 2 2 2 2 2 2 2 2 2 2 2 2 2 2 2 2 2 2 2 2 2 2 2 2 2 2 2 2 2 2 0 2 2 2 2 2 2 2 2 0 2 2 2 2 2 2 2 2 2 2 2 2 2 2 2 2 2 2 2 2 2 0 2 2 2 2 2 2 2 2 2 2 2 2 0 2 2 2 2 2 2 2 2 2 2 2 2 2 0 2 2 2 2 1 2 2 2 2 2 2 2 2 0 1 2 2 2 2 2 2 0 2 2 2 2 2 2 2 2 2 2 2 2 2 2 2 2 2 0 2 2 2 2 2 2 2 2 2 2 2 0 2 2 2 2 2 2 0 2 2 2 2 2 2 2 2 2 2 2 2 0 0 2 2 2 2 2 2 2 2 2 2 0 2 2 2 2 2 2 2 2 2 2 2 0 0 2 2 2 2
415 2 2 2 2 2 2 2 2 2 0 0 2 2 2 2 2 2 0 2 2 2 2 2 2 2 2 2 2 0 2 2 2 2 2 2 2 2 2 2 2 2 2 2 2 0 2 2 2 2 2 2 2 2 0 2 2 2 2 2 2 2 2 2 2 2 2 2 2 2 2 2 0 2 2 2 2 2 2 2 2 2 2 2 2 2 2 2 2 2 2 2 2 2 2 2 2 2 2 2 2 2 2 2 2 2 2 2 2 2 2 2 2 2 2 2 0 2 2 2 2 2 2 0 2 2 2 2 2 2 2 2 2 2 2 2 2 2 2 0 2 2 2 2 2 0 2 2 2 2 2 2 2 2 2 2 2 2 2 2 2 2 2 2 2 2 2 2 2 0 2 2 2 2 2 2 2 2 2 2 2 2 0 2 2 2 2 2 2 2 2 2 2 2 2 2 2 2 2 2 2 2 2 2 2 2 2 2 2 2 2 2 2 2 0 2 2 2 2 2 2 2 2 2 2 2 2 2 2 2 2 2 2 2 2 2 2 2 2 2 2 2 2 2 2 2
416 2 2 0 0 2 0 0 0 0 0 2 0 2 2 0 0 0 0 0 0 0 0 0 2 0 0 0 0 0 0 0 0 0 0 0 0 0 0 0 0 2 0 0 0 0 0 0 0 0 2 0 0 0 2 0 0 0 0 0 0 2 0 0 0 0 2 0 2 0 0 0 2 0 0 0 0 0 0 0 0 0 0 0 0 0 0 0 0 0 0 0 0 0 0 0 0 0 0 0 0 0 0 2 0 0 0 0 2 0 2 0 2 0 0 0 0 0 0 0 0 2 0 0 0 0 0 0 0 0 0 0 2 0 0 0 0 0 0 0 0 0 0 0 0 2 0 0 0 0 1 0 0 0 0 2 0 2 0 0 2 0 0 0 0 0 0 0 0 0 2 0 0 0 2 0 0 0 0 2 0 0 0 0 0 0 0 0 0 0 2 2 0 0 0 0 0 0 0 0 0 0 0 0 0 0 0 2 0 0 0 0 2 0 2 0 0 0 0 0 0 2 0 2 0 0 0 0 0 0 0 0 0 0 0 2 2 0 0 0 0 0 0 0 0 0
417 2 2 2 2 2 2 2 2 2 2 2 2 2 2 2 2 2 2 2 2 2 2 0 2 0 2 2 2 2 2 2 2 2 2 2 1 0 0 2 0 2 2 2 2 2 2 2 2 2 2 2 2 2 2 0 0 2 0 2 2 2 2 2 0 2 2 0 0 2 0 2 2 0 2 2 2 2 2 0 0 2 2 2 0 2 2 2 0 2 2 2 2 2 0 2 2 2 0 2 2 2 2 2 2 2 2 2 2 2 2 0 2 2 2 2 0 2 2 2 2 2 2 0 2 0 2 0 2 0 2 2 2 2 2 2 2 2 0 2 2 2 2 2 2 2 2 2 2 1 1 0 2 2 2 2 2 2 2 1 2 2 2 0 2 2 2 2 1 2 2 2 2 2 2 2 0 2 2 2 2 2 0 2 2 2 2 0 0 2 2 2 2 0 2 1 2 2 0 2 2 0 2 2 0 2 2 2 2 2 2 2 2 2 2 0 2 2 2 0 2 2 2 0 0 2 0 2 2 2 2 2 2 2 2 2 2 2 2 2 2 2 2 2 2 2
418 2 2 2 2 2 2 2 2 2 2 2 2 2 2 0 2 2 2 2 2 2 2 2 2 2 2 0 2 2 2 2 2 2 0 0 1 2 2 2 2 2 2 2 2 2 2 2 0 2 2 2 2 2 2 2 2 2 2 2 2 2 0 2 2 2 2 2 2 2 2 2 2 2 2 2 2 2 2 2 2 2 2 2 2 2 0 2 2 2 0 2 2 2 2 0 2 0 2 2 2 2 2 2 2 2 2 2 2 2 2 2 2 2 0 2 2 0 2 2 2 2 2 2 2 2 2 2 2 2 0 2 2 2 2 2 2 2 2 2 2 0 2 2 0 2 2 2 2 1 2 2 2 2 2 2 0 2 0 1 2 2 2 2 2 2 0 2 2 2 2 2 2 2 2 2 2 2 2 2 0 2 2 2 0 2 2 2 2 2 2 2 0 2 2 2 0 2 2 2 2 2 2 0 2 2 2 2 2 2 2 2 2 2 2 2 0 0 2 2 2 2 2 2 2 2 2 0 0 2 2 2 2 0 0 2 2 2 0 2 0 0 2 2 2 2
419 2 2 2 2 2 2 2 2 2 0 2 0 2 2 2 2 0 2 2 2 2 2 2 2 2 0 2 2 2 2 2 2 2 2 2 2 2 2 2 2 2 2 0 0 0 2 0 2 2 2 2 2 0 2 2 2 2 2 2 2 2 2 0 2 2 2 2 2 2 2 0 2 2 0 0 2 2 0 2 2 0 0 2 2 2 2 2 2 0 2 0 2 2 2 2 2 2 2 2 2 0 0 2 2 0 2 0 2 2 0 2 2 2 2 2 2 2 0 0 2 2 2 2 0 2 2 2 0 2 2 0 2 0 2 2 0 0 2 2 0 2 0 0 2 2 0 2 2 2 2 2 0 2 0 2 2 2 2 2 2 2 0 2 0 0 2 0 0 2 2 0 0 2 2 0 2 0 0 2 2 2 2 2 2 0 0 2 2 0 2 2 2 2 2 1 2 0 2 0 1 2 0 2 0 2 0 0 2 0 2 0 2 2 2 2 2 2 0 0 0 2 0 2 2 0 2 2 2 0 0 2 2 2 2 2 0 0 2 0 2 2 0 2 0 0
420 2 2 2 0 2 2 2 2 2 2 2 2 2 0 2 2 2 2 2 2 2 0 2 0 2 2 2 0 2 2 2 0 2 2 2 2 2 2 2 2 0 2 2 2 2 2 2 2 2 0 0 2 2 2 2 2 2 2 2 2 0 2 2 2 2 2 2 0 2 2 2 0 2 2 2 2 2 2 2 2 2 2 2 2 2 2 2 2 2 2 2 2 2 2 2 2 2 2 2 2 2 2 2 2 2 2 2 2 2 2 2 2 2 2 2 2 2 2 2 2 2 2 2 2 2 2 2 2 2 2 2 2 2 2 2 2 2 2 0 2 2 2 2 2 2 2 2 2 2 2 2 2 2 2 2 2 2 2 2 0 2 2 2 2 2 2 2 2 0 0 2 2 2 2 2 2 2 2 0 2 0 2 2 2 2 2 2 2 2 0 1 2 2 2 2 2 2 2 2 2 2 2 2 2 2 2 2 2 2 2 2 2 2 2 2 2 2 2 2 2 0 2 0 2 2 2 2 2 2 2 2 2 2 2 2 2 2 2 2 2 2 2 2 2 2
421 2 2 2 2 2 0 2 2 2 2 2 2 2 2 0 2 0 2 2 2 2 2 0 2 0 2 0 2 2 2 2 2 2 0 0 0 0 0 2 2 2 2 2 2 2 2 2 0 2 2 2 2 0 2 0 0 2 0 2 2 2 0 2 2 2 2 0 2 2 0 2 2 0 0 0 2 2 2 0 2 0 0 2 0 2 0 2 0 2 0 0 2 2 0 0 2 0 2 2 2 0 0 2 2 2 2 0 2 0 2 0 2 0 0 2 2 0 1 0 2 2 2 2 2 0 2 2 0 0 0 2 2 0 2 0 0 0 0 2 0 0 0 0 2 2 0 2 2 0 2 0 0 2 0 2 2 2 2 1 2 2 0 0 0 0 0 0 1 2 2 0 0 0 2 0 0 2 0 2 0 2 2 0 0 2 0 0 0 0 2 2 0 0 0 1 0 2 0 0 2 2 0 2 0 0 2 2 2 2 0 2 2 2 2 0 0 2 2 0 2 2 2 2 0 0 0 0 0 2 1 2 2 0 0 2 0 2 0 0 2 0 0 2 0 0
422 0 0 0 0 0 2 0 2 0 2 2 2 0 0 2 0 2 1 0 0 0 0 2 0 2 0 2 0 2 0 0 0 0 2 2 2 2 2 0 2 0 0 2 2 2 0 2 2 0 0 0 2 2 2 2 2 2 2 0 0 0 2 0 2 2 0 2 0 2 2 2 0 2 2 2 0 0 2 2 2 2 2 0 2 0 2 0 2 2 2 2 0 0 2 2 0 2 2 2 0 2 2 0 0 2 2 2 0 2 0 2 0 2 2 0 2 2 2 2 0 0 0 2 2 2 0 2 2 2 2 2 0 2 0 2 2 2 2 0 2 2 2 2 2 2 2 2 0 2 2 2 2 2 2 0 2 2 2 2 0 2 2 2 2 2 2 2 2 0 0 2 2 2 2 2 2 2 2 0 2 0 2 2 2 2 2 2 2 2 0 0 2 2 2 2 2 0 2 2 2 2 2 2 2 2 2 0 2 2 2 2 0 0 2 2 2 2 1 2 2 0 0 0 2 2 2 2 2 0 2 2 0 2 2 0 2 2 2 2 2 2 2 2 2 2
423 0 0 0 0 0 2 0 2 0 2 2 2 0 0 2 0 2 2 0 0 0 0 2 0 2 0 2 0 2 0 0 0 0 2 2 2 2 2 0 2 0 0 2 2 2 0 2 2 0 0 0 2 2 2 2 2 2 2 0 0 0 2 0 2 2 0 2 0 2 2 2 0 2 2 2 0 0 2 2 2 2 2 0 2 0 2 0 2 2 2 2 0 0 2 2 0 2 2 2 0 2 2 0 0 2 2 2 0 2 0 2 0 2 2 0 2 2 2 2 0 0 0 2 2 2 0 2 2 2 2 2 0 2 0 2 2 2 2 0 2 2 2 2 2 2 2 2 0 2 2 2 2 2 2 0 2 2 2 2 0 2 2 2 2 2 2 2 2 0 0 2 2 2 2 2 2 2 2 0 2 0 2 2 2 2 2 2 2 2 0 0 2 2 2 2 2 0 2 2 2 2 2 2 2 2 2 0 2 2 2 2 0 0 2 2 2 2 2 2 2 0 0 0 2 2 2 2 2 0 2 2 0 2 2 0 2 2 2 2 2 2 2 2 2 2
424 0 0 0 0 0 2 0 2 0 2 2 2 0 0 2 0 2 2 0 0 0 0 2 0 2 0 2 0 2 0 0 0 0 2 2 2 2 2 0 2 0 0 2 2 2 0 2 2 0 0 0 2 2 2 2 2 2 2 0 0 0 2 0 2 2 0 2 0 2 2 2 0 2 2 2 0 0 2 2 2 2 2 0 2 0 2 0 2 2 2 2 0 0 2 2 0 2 2 2 0 2 2 0 0 2 2 2 2 2 0 2 0 2 2 0 2 2 2 2 0 0 0 2 2 2 0 2 2 2 2 2 0 2 0 2 2 2 2 0 2 2 2 2 2 2 2 2 0 2 2 2 2 2 2 0 2 2 2 2 0 2 2 2 2 2 2 2 2 0 0 2 2 2 2 2 2 2 2 0 2 0 2 2 2 2 2 2 2 2 0 0 2 2 2 2 2 0 2 2 2 2 2 2 2 2 2 0 2 2 2 2 0 0 2 2 2 2 1 2 2 0 0 0 2 2 2 2 2 0 2 2 0 2 2 0 2 2 2 2 2 2 2 2 2 2
425 2 0 2 2 2 0 2 0 2 2 0 2 2 2 0 2 0 2 2 2 2 2 2 2 0 2 0 2 2 2 2 2 2 2 2 0 0 2 2 2 2 2 2 0 2 2 0 2 2 2 2 2 0 1 2 2 1 2 2 2 2 2 2 2 0 2 2 2 2 0 2 2 0 0 0 2 2 2 2 2 0 0 0 0 2 0 2 0 2 2 0 2 0 2 0 2 2 0 0 2 0 0 0 2 2 2 0 2 2 0 2 2 2 2 2 2 0 0 2 2 0 2 2 0 0 2 2 0 1 2 0 2 0 2 0 2 0 0 2 0 2 0 0 2 0 2 2 0 0 1 0 0 0 0 0 0 0 1 1 2 0 2 1 0 0 0 0 2 0 2 2 0 0 0 0 0 2 0 2 2 0 2 0 0 0 0 2 0 0 2 2 0 0 0 1 0 0 2 0 2 2 0 0 0 0 2 2 0 0 2 0 2 2 0 2 2 0 2 0 2 2 2 2 2 2 0 0 0 2 0 0 2 2 0 2 0 0 2 2 0 0 0 0 2 0
426 2 2 2 2 2 2 2 2 2 2 0 2 2 2 2 2 2 2 2 2 2 2 2 2 2 2 2 2 2 2 2 2 2 2 2 2 2 2 2 2 2 2 0 0 2 2 0 2 2 2 2 0 0 0 2 2 0 2 2 2 2 2 2 0 0 2 2 2 2 2 0 2 2 0 2 2 2 2 2 2 0 2 2 2 2 2 2 2 0 2 2 2 2 2 2 2 2 2 2 2 2 0 2 2 0 2 2 2 2 2 2 0 2 2 2 2 2 0 2 2 2 2 2 0 2 2 2 2 2 2 0 2 2 2 2 2 2 2 2 2 2 2 2 2 0 2 0 2 2 2 2 2 0 2 2 2 2 2 2 2 0 2 2 0 2 2 2 2 2 2 2 2 2 0 2 2 0 2 2 2 0 2 2 2 0 2 2 2 2 2 2 0 2 2 0 2 2 2 0 0 2 2 2 2 2 2 2 0 0 2 0 2 2 0 2 2 2 2 2 0 2 2 2 2 2 2 0 2 2 0 0 2 2 2 2 0 0 2 2 2 2 2 2 2 2
427 2 2 2 2 0 2 2 2 2 2 2 2 0 2 2 2 2 2 2 2 2 2 2 2 2 2 2 2 2 2 2 2 2 0 0 2 2 0 2 2 2 2 2 2 2 2 2 2 2 2 2 2 2 2 2 2 2 0 2 2 2 2 2 0 2 0 0 2 2 2 2 2 2 2 2 2 2 2 0 2 2 2 2 2 2 2 2 2 2 0 2 2 2 0 2 2 0 2 2 2 2 2 2 2 2 2 2 2 0 2 0 0 0 2 2 2 2 2 0 2 2 2 2 2 2 2 2 2 2 2 2 0 2 2 2 2 2 2 2 2 2 2 2 0 2 2 2 2 2 2 2 2 2 2 2 2 2 2 1 2 2 2 2 2 2 2 2 2 2 2 2 2 2 2 2 2 2 2 2 2 2 2 2 2 2 2 2 2 2 2 2 2 2 2 2 2 2 0 2 2 2 2 2 2 2 2 0 2 2 2 2 0 2 2 0 2 2 2 2 2 2 2 2 2 2 2 2 2 2 2 2 2 2 2 0 2 2 2 0 2 2 2 2 0 2
428 2 2 0 2 2 2 2 2 0 2 2 2 2 2 2 2 2 2 2 2 0 2 2 2 2 2 2 2 2 2 2 2 2 2 2 2 2 2 2 2 2 2 2 2 2 0 2 0 0 2 2 2 2 2 2 2 2 2 0 0 2 0 2 2 2 2 2 2 2 2 2 2 2 2 2 2 0 2 2 2 2 2 2 2 2 2 0 2 2 2 2 2 2 2 2 2 2 2 2 0 2 2 2 2 2 2 2 2 2 2 2 2 2 0 0 2 2 2 2 2 2 2 2 2 2 2 2 2 2 2 2 2 2 2 2 2 2 2 2 2 0 2 2 2 2 2 2 2 2 2 2 2 2 2 2 2 2 2 2 2 2 2 2 2 2 2 2 2 2 2 2 2 2 2 2 2 2 2 2 0 2 2 2 2 2 2 2 2 2 0 1 2 2 2 2 2 2 2 2 2 2 2 2 2 2 2 2 2 2 2 2 2 0 2 2 2 2 2 2 2 2 2 2 2 2 2 2 2 2 2 2 2 0 2 2 2 2 0 2 2 2 2 2 2 2
429 0 0 0 0 0 0 0 0 0 0 0 2 0 0 0 0 0 0 0 0 0 0 0 0 0 0 0 0 0 0 0 0 0 0 0 0 0 0 0 0 0 0 2 0 0 0 2 0 0 0 0 2 0 0 0 0 2 0 0 0 0 0 0 0 2 0 0 2 2 0 2 0 0 0 0 0 0 2 0 0 0 0 0 0 0 0 0 0 2 0 0 0 0 0 0 0 0 0 0 0 0 0 0 0 2 0 0 0 0 0 0 0 0 0 0 0 0 2 0 0 0 0 0 0 0 0 0 0 0 0 0 0 0 0 0 2 0 0 0 0 0 0 0 0 0 0 2 0 0 0 0 0 2 0 0 0 0 0 0 2 0 0 0 0 0 0 0 1 0 2 0 0 0 2 0 0 2 0 2 0 2 0 0 0 2 0 0 0 0 0 0 0 0 0 1 0 0 0 0 2 0 0 0 0 0 2 0 0 2 0 2 0 0 0 0 0 0 0 0 2 0 0 2 0 0 0 0 0 0 2 0 0 0 0 0 2 0 0 0 0 0 0 0 0 0
430 2 2 2 2 2 2 2 2 0 0 2 2 2 0 2 2 2 0 0 0 2 0 2 1 0 2 2 0 1 0 1 0 2 0 1 2 2 2 2 1 2 2 2 2 0 2 2 2 2 0 2 2 2 2 2 2 2 2 2 2 0 2 2 2 2 2 2 2 2 2 2 1 0 2 2 0 2 2 2 2 0 2 0 2 2 2 2 2 2 0 2 2 0 0 0 2 0 2 2 2 2 2 2 0 2 2 2 2 0 0 2 2 0 2 2 1 2 2 2 2 2 2 2 2 2 2 2 2 2 2 2 2 2 2 2 2 2 2 0 2 2 2 2 0 2 2 2 2 1 2 2 2 2 2 1 2 0 0 1 0 0 2 0 2 2 2 2 1 0 0 2 2 2 2 2 2 2 2 0 2 2 2 0 2 2 0 2 0 2 0 1 2 2 2 2 2 2 2 2 2 2 2 0 2 2 2 2 2 2 2 2 2 2 2 0 2 1 1 2 2 2 0 2 2 2 2 2 2 2 2 2 2 2 2 2 2 2 2 2 1 2 2 0 2 2
431 2 2 2 2 2 2 2 2 2 2 2 2 2 2 2 2 2 2 2 2 2 2 2 2 2 2 2 2 2 2 2 2 2 2 2 2 2 2 2 2 2 2 2 2 2 2 2 2 2 2 2 2 2 2 2 2 0 2 2 2 2 2 2 2 0 2 2 2 2 2 2 2 2 2 2 2 2 2 2 2 2 2 2 2 2 2 2 2 0 2 2 2 2 2 2 2 2 2 2 2 2 2 2 2 0 2 2 2 2 2 2 2 2 2 2 2 2 2 2 2 2 2 2 2 2 2 2 2 2 2 2 2 2 2 2 0 2 2 2 2 2 2 2 2 2 2 2 2 2 2 2 2 2 2 2 2 2 2 2 2 2 2 2 2 2 2 2 1 2 2 2 2 2 0 2 2 0 2 2 2 2 2 2 2 0 2 2 2 2 2 2 2 2 2 2 2 2 2 2 1 2 2 2 2 2 0 2 2 2 2 0 2 2 2 2 2 2 2 2 0 2 2 2 2 2 2 2 2 2 0 2 2 2 2 2 0 2 2 2 2 2 2 2 2 2
432 0 2 2 2 2 2 0 2 2 0 0 2 2 2 2 0 2 2 2 2 2 2 2 2 2 0 2 2 2 2 2 2 2 2 2 2 2 2 2 2 2 2 2 2 0 2 2 2 2 2 2 2 2 0 2 2 2 2 2 2 2 2 0 2 2 2 2 2 0 2 2 2 2 2 2 2 2 2 0 0 2 2 2 2 0 2 2 0 2 2 2 2 2 2 2 2 2 0 2 2 2 2 2 2 2 0 2 2 2 0 2 2 2 2 2 2 2 2 2 2 2 2 0 2 0 0 2 2 2 2 2 2 2 2 2 2 2 2 2 2 2 2 2 2 0 0 2 2 2 0 0 2 2 2 2 2 2 2 2 0 2 0 0 2 2 2 2 2 2 0 0 2 2 2 2 2 2 2 0 2 0 0 2 2 2 2 2 2 2 0 1 2 0 2 2 0 2 0 2 2 0 2 2 0 2 2 2 2 2 0 2 2 2 0 0 2 2 0 0 2 2 0 2 2 0 2 2 2 2 0 2 2 2 2 2 2 0 2 2 2 2 2 2 2 2
433 2 2 2 2 2 2 2 2 2 2 2 2 2 2 2 2 2 2 2 2 2 2 2 2 2 2 2 2 2 2 2 2 2 2 2 2 2 2 2 2 2 2 2 2 2 2 2 2 2 2 2 2 2 2 2 2 2 2 2 2 2 2 2 2 2 2 2 2 2 2 2 2 2 2 2 2 2 2 2 2 2 2 2 2 2 2 2 2 2 2 2 2 2 2 2 2 2 0 2 2 2 2 2 2 2 2 2 2 2 2 2 2 2 2 2 2 2 2 2 2 2 2 0 2 0 2 2 2 2 2 2 2 2 2 2 2 2 2 2 2 2 2 2 2 2 0 2 2 2 1 0 2 2 2 2 2 2 2 2 2 2 0 2 2 2 2 2 2 2 2 0 2 2 2 2 2 2 2 2 2 2 0 2 2 2 2 2 2 2 0 1 2 2 2 2 2 2 2 2 2 2 2 2 0 2 2 2 2 2 2 2 2 2 2 2 2 2 0 0 2 2 0 2 2 0 2 2 2 2 2 2 2 2 2 2 2 2 2 2 2 2 2 2 2 2
434 2 2 0 2 2 2 2 2 2 2 2 2 2 2 2 2 2 2 2 2 0 2 2 2 2 2 2 2 2 2 0 2 2 2 2 2 2 2 2 2 2 2 2 2 2 0 2 2 0 2 2 2 2 2 2 2 0 2 0 0 2 2 2 2 2 2 2 2 2 2 2 2 2 2 2 2 0 2 2 0 2 2 2 2 2 2 0 2 2 2 2 2 2 2 2 2 2 2 2 0 2 2 2 0 2 2 2 2 2 2 2 2 2 2 0 2 2 2 2 2 2 2 2 2 2 2 2 2 2 2 2 2 2 2 0 2 2 2 2 2 2 2 2 2 2 2 2 2 2 2 2 2 2 2 2 2 2 2 2 2 2 2 2 2 2 2 2 2 2 2 2 2 2 2 2 2 2 2 2 2 2 2 2 2 2 2 2 2 2 2 2 2 2 2 2 2 2 2 2 1 2 2 2 2 0 2 2 2 2 2 0 2 0 2 2 2 2 2 2 2 2 2 2 2 2 2 2 2 2 2 2 2 2 2 2 2 2 2 2 2 2 2 2 2 2
435 2 0 0 0 0 2 2 0 2 2 2 0 0 2 2 2 2 0 2 0 0 0 0 2 0 2 2 0 0 2 0 0 0 0 0 1 0 0 0 0 0 0 0 2 2 0 2 0 0 0 0 0 2 0 1 0 2 0 0 0 0 0 0 0 2 0 0 0 2 0 0 0 0 2 2 2 0 0 0 2 2 2 0 0 2 2 0 0 0 0 2 0 0 0 0 0 0 2 0 0 2 2 0 0 0 2 2 0 0 0 0 0 0 0 0 2 2 2 0 0 0 2 0 2 0 2 0 2 2 2 0 0 2 0 2 0 2 2 0 2 0 2 2 0 0 2 0 2 1 2 0 2 2 2 0 2 0 0 0 2 0 2 0 2 2 2 2 0 2 2 2 2 2 0 2 0 0 2 2 0 2 2 0 2 0 0 0 0 2 2 1 2 0 2 2 2 0 0 2 0 2 2 0 0 2 0 0 0 2 2 2 0 0 0 1 0 0 2 0 0 0 2 0 0 2 0 2 2 0 2 0 2 0 2 0 2 2 0 0 0 2 2 0 2 2
436 2 2 2 2 2 0 2 2 2 2 2 2 2 2 0 2 0 2 2 2 2 2 2 2 2 2 0 2 2 2 2 2 2 2 2 1 2 2 2 2 2 2 2 2 2 2 2 2 2 2 2 2 0 2 2 2 2 2 2 2 2 2 2 2 2 2 2 2 2 2 2 2 2 0 0 2 2 2 2 0 0 0 2 2 2 0 2 2 2 2 0 2 2 2 2 2 2 2 2 2 0 0 2 2 2 2 0 2 2 2 2 2 2 2 2 2 0 2 2 2 2 2 2 2 2 2 2 0 0 2 2 2 0 2 0 2 0 0 2 0 2 0 0 2 2 0 2 0 1 2 2 0 2 0 2 2 2 2 2 2 2 0 2 0 0 0 0 2 2 2 0 0 0 2 0 2 2 0 2 2 2 2 2 0 2 2 2 2 0 2 2 0 2 2 1 0 2 2 0 2 0 0 2 2 0 2 2 2 2 2 2 2 2 2 2 2 2 2 2 2 2 2 2 2 0 2 0 0 2 0 2 2 2 0 2 2 2 2 2 2 0 0 2 0 0
437 0 0 0 0 0 0 0 0 0 0 0 0 0 0 0 0 0 0 0 0 0 0 0 0 0 0 0 0 0 0 0 0 0 0 0 0 0 0 0 0 0 0 0 2 0 0 0 0 0 0 0 0 0 0 0 0 2 0 0 0 0 0 0 0 2 0 0 0 2 0 0 0 0 0 0 0 0 0 0 0 0 0 0 0 0 0 0 0 0 0 0 0 0 0 0 0 0 0 0 0 0 0 0 0 0 0 0 0 0 0 0 0 0 0 0 0 0 0 0 0 0 0 0 2 0 0 0 0 0 0 0 0 0 0 0 0 0 0 0 0 0 0 0 0 0 0 0 0 0 0 0 0 2 0 0 2 0 0 0 0 0 0 0 0 0 0 0 1 2 0 0 0 0 0 0 0 2 0 0 0 2 0 0 0 0 0 0 0 0 0 0 0 0 0 0 0 0 0 0 1 0 0 0 0 0 2 0 0 0 0 0 0 0 0 0 0 0 0 0 2 0 0 0 0 0 0 0 0 0 0 0 0 0 0 0 2 0 0 0 0 0 0 0 0 0
438 0 0 0 0 0 0 0 0 0 0 0 0 0 0 0 0 0 0 0 0 0 0 0 0 0 0 0 0 0 0 0 0 0 0 0 0 0 0 0 0 0 0 0 2 0 0 0 0 0 0 0 0 0 0 0 0 2 0 0 0 0 0 0 0 2 0 0 0 2 0 0 0 0 0 0 0 0 0 0 0 0 0 0 0 0 0 0 0 0 0 0 0 0 0 0 0 0 0 0 0 0 0 0 0 0 0 0 0 0 0 0 0 0 0 0 0 0 0 0 0 0 0 0 2 0 0 0 0 0 0 0 0 0 0 0 0 0 0 0 0 0 0 0 0 0 0 0 0 0 0 0 0 2 0 0 2 0 0 0 0 0 0 0 0 0 0 0 2 2 0 0 0 0 0 0 0 2 0 0 0 2 0 0 0 0 0 0 0 0 0 0 0 0 0 0 0 0 0 0 1 0 0 0 0 0 2 0 0 0 0 0 0 0 0 0 0 0 0 0 2 0 0 0 0 0 0 0 0 0 0 0 0 0 0 0 2 0 0 0 0 0 0 0 0 0
439 2 2 1 2 2 2 2 2 2 2 1 2 2 2 2 1 1 1 2 2 2 2 2 2 2 1 2 2 1 2 2 2 2 2 2 2 2 2 1 2 2 2 2 2 2 1 2 2 1 2 2 1 1 2 2 2 2 2 1 2 2 2 2 2 2 2 2 2 2 2 2 2 2 1 1 2 1 2 2 2 2 2 2 2 2 2 1 2 2 2 2 1 2 2 2 2 2 2 2 1 2 2 2 2 2 2 2 1 2 2 2 2 1 2 2 2 2 1 2 2 2 1 2 1 2 2 2 2 2 2 2 2 2 2 2 1 2 2 2 2 2 2 1 1 2 2 2 2 2 2 2 2 2 2 2 2 2 2 1 2 2 2 2 1 1 2 2 2 2 2 2 2 2 2 2 2 2 2 2 2 1 2 2 2 2 2 2 2 2 2 2 1 2 2 1 2 2 2 2 2 2 2 2 2 2 1 2 2 2 2 1 2 1 2 2 2 2 2 2 2 2 2 2 2 2 2 1 2 2 2 2 2 2 2 1 2 2 2 2 2 2 1 1 2 2
440 0 0 0 2 0 2 2 0 0 0 2 0 0 2 2 2 2 0 2 0 0 2 0 2 0 2 2 2 0 2 0 2 0 0 0 1 0 0 2 0 2 0 2 2 0 0 2 0 0 0 0 2 2 0 0 0 2 0 0 0 2 0 0 0 2 0 0 0 2 0 2 0 0 2 2 2 0 0 0 2 2 2 0 0 2 2 0 0 2 0 2 2 0 0 0 0 0 0 0 0 2 2 0 0 2 2 2 0 0 0 0 0 0 0 0 0 2 2 0 0 0 0 0 2 0 2 0 2 2 2 2 0 2 0 2 2 2 2 2 2 0 2 2 0 0 2 2 2 1 1 0 2 2 0 0 2 0 0 0 2 2 2 0 2 2 2 2 1 2 2 2 2 2 0 2 0 2 0 2 0 0 0 0 2 0 0 2 0 2 2 2 2 0 0 2 2 0 0 2 2 2 2 0 0 2 2 0 0 2 2 2 0 0 0 2 0 0 1 0 2 2 2 0 2 2 0 2 2 0 0 0 2 0 2 0 2 2 0 0 0 2 2 0 2 0
441 0 0 0 2 0 0 0 0 0 0 0 0 0 0 0 0 0 0 2 0 0 2 0 0 0 0 0 2 0 2 0 2 0 0 0 0 0 0 0 0 2 0 2 2 0 0 2 0 0 0 0 2 0 0 0 0 2 0 0 0 0 0 0 0 2 0 0 0 2 0 2 0 0 0 0 2 0 0 0 0 0 0 0 0 0 0 0 0 2 0 0 0 0 0 0 0 0 0 0 0 0 0 0 0 2 0 0 0 0 0 0 0 0 0 0 0 0 2 0 0 0 0 0 2 0 0 0 0 0 0 2 0 0 0 0 0 0 0 2 0 0 0 0 0 0 0 2 0 0 0 0 0 2 0 0 2 0 0 0 0 2 0 0 0 0 0 0 1 2 0 0 0 0 0 0 0 2 0 0 0 0 0 0 0 0 0 0 0 0 0 0 0 0 0 1 0 0 0 0 2 0 0 0 0 0 2 0 0 2 0 2 0 0 0 2 0 0 0 0 2 2 0 0 0 0 0 0 0 0 0 0 0 0 0 0 2 0 0 0 2 0 0 0 0 0
442 2 2 2 2 2 2 0 2 2 2 2 2 2 2 2 0 2 2 2 2 2 2 2 2 2 0 2 2 2 2 2 2 2 2 2 2 2 2 2 2 2 2 2 2 2 2 2 2 2 2 2 2 2 2 2 2 2 2 2 2 2 2 2 2 2 2 2 2 2 2 2 2 2 2 2 2 2 2 2 2 2 2 2 2 0 2 2 2 2 2 2 2 2 2 2 2 2 2 2 2 2 2 2 2 2 2 2 2 2 2 2 2 2 2 2 2 2 2 2 2 2 2 2 2 2 0 2 2 2 0 2 2 2 2 2 2 2 2 2 2 2 2 2 2 2 0 2 2 2 2 2 2 2 2 2 2 2 2 2 0 2 0 2 2 2 2 2 2 2 0 0 2 2 2 2 2 2 2 0 2 2 2 2 2 2 2 2 2 2 0 1 2 2 2 2 2 2 2 2 2 2 2 2 2 2 2 2 2 2 2 2 2 2 2 2 2 2 1 2 2 2 0 2 2 0 2 2 2 2 2 2 0 2 2 2 2 2 2 2 2 2 2 2 2 2
443 0 2 2 2 2 2 2 2 0 0 2 2 2 0 2 2 2 0 2 2 0 2 2 0 2 2 2 2 0 2 0 2 2 2 2 2 2 2 2 0 2 2 2 2 0 2 2 2 2 0 2 2 2 2 2 2 2 2 2 2 2 2 2 2 2 2 2 2 2 2 2 0 2 2 2 2 2 2 2 2 2 2 2 2 2 2 2 2 2 2 2 2 2 2 2 2 2 2 2 2 2 2 2 0 2 2 2 2 2 2 2 2 2 2 2 0 2 2 2 2 2 0 0 2 2 2 2 2 2 2 2 2 2 2 2 2 2 2 2 2 2 2 2 2 2 2 2 2 2 2 2 2 2 2 2 2 2 2 2 2 2 2 2 2 2 2 2 2 2 2 2 2 2 2 2 2 2 2 2 2 2 2 2 2 2 2 2 2 2 2 2 2 2 2 2 2 2 2 2 2 2 2 2 2 2 2 2 2 2 2 2 2 2 2 2 2 2 1 2 2 2 2 2 2 2 2 2 2 2 2 2 2 2 2 2 2 2 2 2 2 2 2 2 2 2
444 0 2 2 2 2 2 2 2 0 0 2 2 2 0 2 2 2 0 2 2 2 2 2 0 2 2 2 2 0 2 2 2 2 2 2 2 2 2 0 0 2 2 2 2 0 2 2 2 2 0 2 2 2 2 2 2 2 2 2 0 0 2 2 2 2 2 2 2 2 2 2 0 2 2 2 2 2 2 2 2 2 2 2 2 2 2 2 2 2 2 2 0 2 2 2 2 2 0 2 2 2 2 2 2 2 0 2 2 2 2 2 2 2 2 0 0 2 2 2 2 2 0 0 2 2 2 2 2 2 2 2 2 2 2 0 2 2 2 2 2 2 2 2 2 2 2 2 2 2 1 2 2 2 2 2 2 2 2 2 2 2 2 2 2 2 2 2 2 2 2 2 2 2 2 2 2 2 2 2 2 2 0 2 2 2 2 2 2 2 2 2 2 2 2 2 2 2 2 2 2 2 2 2 2 0 2 2 2 2 2 2 2 2 2 2 2 2 2 2 2 2 2 2 2 2 2 2 2 2 2 2 2 2 2 2 2 2 2 2 2 2 2 2 2 2
445 2 2 2 2 2 2 2 2 2 2 2 2 2 2 2 2 2 2 2 2 2 2 2 2 2 2 0 2 2 2 2 2 2 2 2 1 2 2 2 2 2 2 2 2 2 2 2 2 2 2 2 2 2 2 2 2 2 2 2 2 2 2 2 2 2 2 2 2 2 2 2 2 2 2 2 2 2 2 2 2 2 2 2 2 2 0 2 2 2 2 2 2 2 2 2 2 2 2 2 2 2 2 2 2 2 2 2 2 2 2 2 2 2 2 2 2 2 2 2 2 2 2 2 2 2 2 2 0 2 2 2 2 2 2 2 0 2 2 2 0 2 0 2 2 2 2 2 2 2 2 2 0 2 2 2 2 2 2 2 2 2 2 2 0 0 0 0 2 2 2 2 0 2 2 0 2 2 2 2 2 2 2 2 0 2 2 2 2 2 2 2 0 2 2 2 2 2 2 2 2 2 2 2 2 2 2 2 2 2 2 2 2 2 2 2 2 2 2 2 2 2 2 2 2 2 2 0 0 2 2 2 2 2 2 2 2 2 2 2 2 2 0 2 2 2
446 2 2 2 2 0 2 2 2 2 2 2 2 0 2 2 2 2 2 0 2 2 2 0 2 2 2 2 2 2 0 2 2 0 2 0 1 0 0 2 2 2 0 2 2 2 2 2 0 2 2 2 2 2 2 0 0 2 0 2 0 2 0 0 0 2 0 0 2 0 0 2 2 2 2 2 0 2 2 2 2 2 2 2 2 0 2 2 0 2 0 2 2 2 0 0 0 0 2 2 2 2 2 2 2 2 2 2 2 0 0 0 0 0 0 0 2 2 2 0 0 0 2 2 2 0 2 2 2 2 2 2 0 2 0 2 2 2 2 2 2 0 2 2 2 0 2 2 2 2 2 0 2 0 2 2 2 2 2 1 1 0 2 0 2 2 2 2 2 2 2 2 0 2 2 2 0 2 2 2 0 0 2 2 2 2 0 0 0 2 2 0 2 0 2 2 2 0 2 2 2 0 2 2 0 2 2 2 0 2 2 2 2 2 0 2 0 2 2 0 2 0 2 2 0 2 0 2 2 0 0 0 2 0 2 2 2 2 0 0 2 2 2 0 0 2
447 2 2 2 2 2 2 2 0 0 0 0 2 2 2 2 2 2 0 0 2 2 0 2 2 2 0 2 0 0 0 0 0 0 2 2 2 0 2 2 2 2 0 1 2 0 2 0 0 2 2 2 0 0 2 2 2 2 2 2 2 0 0 2 0 2 2 2 2 2 2 2 2 2 0 2 0 2 2 0 2 2 0 0 2 2 0 2 2 2 2 2 2 2 2 0 0 2 2 0 2 0 2 2 0 2 0 0 0 2 0 0 2 0 0 2 2 2 2 0 0 2 0 0 2 2 2 2 2 2 0 2 0 2 0 2 2 0 0 2 2 0 0 2 0 2 0 0 2 2 1 2 0 2 2 2 2 2 0 1 2 2 2 0 0 2 2 0 1 2 2 2 0 0 2 0 2 0 2 2 0 2 2 2 2 0 2 2 2 0 2 2 2 2 2 2 2 2 0 0 2 2 2 2 2 2 2 0 2 0 2 2 0 2 2 2 0 2 1 0 0 0 0 2 2 2 0 2 0 0 2 2 2 0 2 0 2 2 0 0 2 2 2 2 0 2
448 2 0 0 2 2 0 2 2 0 0 0 2 2 0 0 0 0 0 0 2 0 0 2 0 2 0 0 0 0 0 0 0 0 0 2 1 2 2 0 0 0 0 0 0 0 0 2 0 0 2 0 0 0 0 2 2 2 2 0 2 2 0 0 2 0 2 2 2 2 2 0 0 0 0 0 0 0 2 2 0 0 0 2 0 0 0 0 2 2 2 0 0 2 0 0 0 0 0 2 0 0 0 0 0 0 0 0 0 0 0 2 2 0 0 0 2 0 0 2 0 2 0 0 0 0 2 2 0 0 0 2 0 0 0 0 0 0 0 0 0 0 0 0 0 0 0 0 0 1 0 2 2 2 0 2 0 2 0 1 0 2 0 0 0 0 0 0 1 2 0 0 0 0 0 0 2 0 0 0 0 0 0 2 0 0 2 0 0 0 0 0 0 2 0 0 0 2 2 0 1 0 0 0 2 0 0 0 2 2 0 2 0 0 0 0 0 0 1 0 0 2 0 2 0 0 0 0 0 0 2 2 0 0 0 0 2 0 0 2 2 0 0 2 0 0
449 2 2 2 2 0 2 0 2 2 0 2 2 0 2 2 2 2 2 2 2 2 2 2 2 2 2 2 2 2 2 2 2 0 0 0 1 2 0 2 2 2 0 2 2 0 2 2 0 2 2 2 2 2 2 2 2 2 0 2 2 2 0 2 2 2 0 0 2 2 2 2 2 2 2 2 2 2 2 2 2 2 2 0 0 2 2 2 0 2 0 2 2 0 0 2 0 0 2 2 2 2 2 2 2 2 2 2 2 2 2 2 2 2 0 2 2 2 2 0 0 0 2 2 2 0 0 2 2 2 2 2 2 2 0 2 2 2 2 2 2 0 2 2 2 2 2 2 2 2 2 2 2 2 2 0 2 2 2 2 2 2 2 2 2 2 2 2 2 2 2 2 2 2 2 2 0 2 2 2 0 2 2 2 2 2 2 2 2 2 2 2 2 0 2 2 2 2 0 2 2 2 2 0 0 2 2 0 2 2 2 2 0 2 2 2 2 0 2 0 2 2 2 2 2 2 0 2 2 2 2 2 2 0 2 0 2 2 0 0 2 2 2 0 2 2
450 2 2 2 2 0 2 2 2 2 2 0 0 0 0 2 2 0 2 2 2 2 0 2 0 2 2 2 0 2 2 2 0 2 2 2 2 0 2 0 0 2 2 2 2 2 2 2 2 2 2 0 2 2 2 2 2 2 2 2 2 2 2 2 0 2 0 2 2 2 2 2 2 2 2 0 2 2 0 2 2 2 2 2 2 0 2 2 0 2 2 2 0 2 2 2 2 2 2 2 2 2 2 2 2 2 2 2 2 2 2 2 2 2 2 2 2 2 2 2 2 2 0 2 2 2 2 0 2 2 2 2 2 2 2 2 2 2 2 2 2 2 2 2 2 2 2 2 2 2 2 2 2 2 2 2 2 2 2 2 2 0 2 2 2 2 2 2 2 2 2 2 2 2 2 2 2 2 2 2 2 2 2 2 2 2 0 0 2 2 2 1 2 0 2 2 2 2 2 2 2 0 2 2 2 2 2 2 2 2 2 2 2 2 2 2 2 2 2 2 2 2 2 2 2 2 2 2 2 2 2 2 2 2 2 2 0 2 2 2 2 2 2 2 2 2
451 0 0 0 0 2 0 0 0 0 0 0 0 2 0 0 0 0 0 0 0 0 0 0 0 0 0 0 0 0 0 0 0 2 0 0 0 0 0 0 0 0 2 0 0 0 0 0 0 0 0 0 0 0 0 0 0 0 0 0 0 0 0 2 0 0 2 0 0 0 0 0 0 0 0 0 0 0 0 0 0 0 0 0 2 0 0 0 2 0 0 0 0 0 0 0 2 0 0 0 0 0 0 0 0 0 0 0 0 0 0 0 2 0 0 0 0 0 0 0 2 0 0 0 0 0 0 0 0 0 0 0 0 0 2 0 0 0 2 0 0 0 0 0 0 0 0 0 0 0 0 2 0 0 0 0 0 0 0 0 0 0 0 0 0 0 0 0 2 0 0 0 0 0 0 0 0 2 0 0 0 0 0 0 0 0 0 0 0 0 0 1 0 2 0 0 0 0 0 0 0 0 0 0 2 0 0 0 0 0 0 0 0 0 0 0 0 0 0 0 2 0 0 0 2 0 0 0 0 2 0 0 0 0 0 0 0 0 0 0 0 0 0 0 0 0
452 0 2 2 2 2 2 2 2 0 0 2 2 2 2 2 2 2 0 0 2 0 0 2 2 2 2 2 0 0 0 2 0 2 2 2 2 2 2 2 0 2 2 2 2 0 2 2 2 2 0 0 2 2 2 2 2 2 2 2 0 2 0 2 2 2 2 2 0 2 2 2 0 2 2 2 0 2 2 2 2 2 2 2 2 2 2 2 2 2 2 2 2 2 2 2 2 2 2 2 2 2 2 2 2 2 2 2 2 2 2 2 2 2 0 0 0 2 2 2 2 2 2 2 2 2 2 0 2 2 2 2 2 2 2 2 2 2 2 2 2 2 2 2 2 2 2 2 2 2 2 2 2 2 2 2 2 2 2 2 0 2 2 2 2 2 2 2 2 2 0 2 2 2 2 2 2 2 2 0 2 2 2 2 2 2 2 2 2 2 0 1 2 2 2 2 2 2 2 2 2 2 2 2 2 2 2 2 2 2 2 2 2 2 2 2 2 2 2 2 2 2 2 0 2 2 2 2 2 2 2 2 2 2 2 2 2 2 2 2 2 2 2 2 2 2
453 2 2 2 2 2 2 2 2 2 2 2 2 2 2 2 2 2 2 2 2 2 2 2 2 2 2 2 2 2 2 2 2 2 2 2 2 2 2 2 2 2 2 2 2 2 2 2 2 2 2 2 2 2 2 2 2 2 2 2 2 2 2 2 2 2 2 2 2 2 2 2 2 2 2 2 2 2 2 2 2 2 2 2 2 2 2 2 2 2 2 2 2 2 2 2 2 2 0 2 2 2 2 2 2 2 2 2 2 2 2 2 2 2 2 2 2 2 2 2 2 2 2 2 2 2 2 2 2 2 2 2 2 2 2 2 2 2 2 2 2 2 2 2 0 2 0 2 2 2 2 2 2 2 2 2 2 2 2 1 2 2 2 2 2 2 0 2 2 2 2 2 2 2 2 2 2 2 2 2 2 2 2 2 2 2 2 2 2 2 2 2 2 2 0 2 2 2 2 2 2 2 2 0 2 2 2 2 0 2 0 0 2 2 2 2 2 0 2 2 2 2 2 2 2 2 2 2 2 2 0 0 2 2 2 2 2 2 2 2 2 2 2 2 2 2
454 2 2 2 2 2 2 2 2 2 2 2 2 2 2 2 2 2 2 2 2 2 2 2 2 2 2 2 2 2 2 2 2 2 2 2 2 2 2 2 2 2 2 2 2 2 2 2 2 2 2 2 2 2 2 2 2 2 2 2 2 2 2 2 2 2 2 2 2 2 2 2 2 2 2 2 2 2 2 2 2 2 2 2 2 2 2 2 2 2 2 2 2 2 2 2 2 2 0 2 2 2 2 2 2 2 2 2 2 2 2 2 2 2 2 2 2 2 2 2 2 2 2 2 2 2 2 2 2 2 2 2 2 2 2 2 2 2 0 2 2 2 2 2 0 2 0 2 2 2 2 2 2 2 2 2 2 2 2 0 2 2 2 2 2 2 0 2 2 2 2 2 2 2 2 2 2 2 2 2 2 2 2 2 2 2 2 2 2 2 2 2 2 2 0 2 2 2 2 2 2 2 2 0 2 2 2 2 0 2 0 0 2 2 2 2 2 0 2 2 2 2 2 2 2 2 2 2 2 2 0 0 2 2 2 2 2 2 2 2 2 2 2 2 2 2
455 2 2 2 2 2 2 0 2 2 2 2 2 2 0 2 0 2 2 2 0 2 2 0 0 0 0 2 2 2 2 0 2 0 2 2 1 2 2 0 2 0 0 2 2 2 2 2 0 2 2 2 2 2 2 0 0 2 2 2 2 2 2 0 2 2 2 2 2 0 2 2 2 2 2 2 2 2 2 0 0 2 2 0 2 0 2 2 2 2 2 2 0 2 0 2 0 2 0 2 2 2 2 2 0 2 2 2 0 2 0 0 0 0 2 2 2 0 2 0 0 2 0 0 2 2 0 2 2 2 0 2 2 2 0 2 2 2 0 0 2 0 2 2 0 2 0 2 2 1 2 0 2 2 2 0 2 2 2 0 2 2 0 0 2 2 0 2 0 2 2 0 2 2 2 2 0 0 2 2 2 2 2 2 2 2 2 0 0 2 2 2 2 2 0 1 2 0 0 2 1 2 2 0 0 2 2 0 0 2 0 0 0 2 2 2 1 0 0 0 0 2 0 2 0 0 0 2 2 0 0 0 0 2 2 0 0 0 2 0 2 0 2 2 2 2
456 2 2 2 2 2 2 2 2 0 2 2 2 2 2 2 0 2 2 2 2 2 2 2 2 0 0 2 2 2 2 2 2 0 2 2 2 2 2 2 2 2 0 2 2 2 2 2 2 2 2 2 2 2 2 2 2 2 2 2 2 2 2 2 2 2 2 2 2 2 2 2 2 2 2 2 2 2 2 0 2 2 2 2 2 2 2 2 2 2 2 2 2 2 0 2 0 2 2 2 2 2 2 2 2 2 2 2 2 2 0 2 2 2 2 2 2 2 2 0 0 2 2 2 2 2 2 2 2 2 2 2 2 2 0 2 2 2 2 2 2 2 2 2 2 2 2 2 2 1 2 2 2 2 2 2 2 2 2 2 2 2 2 0 2 2 2 2 1 2 2 2 2 2 2 2 2 2 2 2 2 2 2 2 2 2 2 2 0 2 2 2 2 2 2 2 2 0 2 2 2 2 2 2 0 2 2 2 2 2 2 2 2 2 2 2 2 2 1 2 2 2 2 2 0 2 2 2 2 2 2 2 2 2 2 2 2 2 2 0 2 2 2 2 2 2
457 2 2 2 2 2 0 2 2 2 2 2 2 2 2 2 2 2 2 2 2 2 2 2 2 2 2 2 2 2 2 2 2 0 2 2 2 2 2 2 2 2 0 2 0 2 2 2 2 2 2 2 2 2 2 2 2 2 2 2 2 2 2 2 2 2 2 2 2 2 2 2 2 2 2 2 2 2 2 2 2 2 2 2 0 2 2 2 2 2 2 2 2 2 0 2 0 2 2 2 2 2 2 2 2 2 2 2 2 2 2 2 2 2 2 2 2 2 2 2 0 2 2 2 0 2 2 2 2 2 2 2 2 2 0 2 2 2 2 2 2 2 2 2 2 2 2 2 2 1 2 2 0 2 2 2 2 2 2 2 2 2 2 2 2 2 2 2 2 2 2 2 2 2 2 2 2 2 2 2 2 2 2 2 2 2 2 2 2 2 2 2 2 2 2 2 2 2 2 2 2 2 2 2 0 2 2 2 2 2 2 2 2 2 2 2 1 2 2 2 2 2 2 2 2 2 2 2 2 2 2 2 2 2 2 2 2 2 2 2 2 2 2 2 2 2
458 2 2 2 2 2 2 2 2 2 2 0 2 2 2 2 2 2 2 2 2 2 2 2 2 2 2 2 2 2 2 2 2 2 2 2 2 2 2 2 2 2 2 2 2 2 2 2 2 2 2 2 0 2 2 2 2 2 2 2 2 2 2 2 0 0 2 2 2 2 2 2 2 2 2 2 2 2 2 2 2 2 2 2 2 2 2 2 2 0 2 2 2 2 2 2 2 2 2 2 2 2 2 2 2 0 2 2 2 0 2 2 2 2 2 2 2 2 2 2 2 2 2 2 2 2 2 2 2 2 2 2 2 2 2 2 2 2 2 2 0 2 2 2 2 2 2 0 2 2 2 2 0 2 2 2 2 2 2 2 2 2 2 2 2 0 2 2 2 2 2 2 2 2 2 2 2 2 2 2 2 0 2 2 2 2 2 2 2 0 2 2 2 2 0 2 2 2 2 2 2 2 0 2 2 2 2 2 2 2 2 2 2 2 2 2 2 2 2 2 2 0 2 2 2 2 2 2 0 2 2 2 2 2 2 2 2 2 2 2 0 2 2 2 0 2
459 2 2 2 2 2 2 2 2 2 2 2 2 2 2 2 2 0 2 2 2 2 2 2 2 2 2 2 2 2 2 2 2 2 0 2 2 2 2 2 2 2 2 2 2 2 2 2 2 2 2 2 2 2 2 2 2 2 2 2 2 2 2 2 2 2 2 2 2 2 2 2 2 2 2 0 2 2 2 2 2 2 2 2 2 2 0 2 2 2 2 2 2 2 2 2 2 0 2 2 2 2 2 2 2 2 2 2 2 2 2 2 2 2 2 2 2 2 2 2 2 2 2 2 2 2 2 2 0 0 2 2 2 2 2 2 2 2 2 2 2 2 2 2 2 2 2 2 0 2 2 2 2 2 2 2 2 0 2 2 2 0 2 2 2 2 2 2 2 2 2 2 2 2 2 2 2 2 2 2 2 2 2 2 2 2 0 2 2 2 2 2 2 2 2 2 2 2 2 2 2 0 2 2 2 2 2 2 2 2 2 2 2 2 2 2 2 2 2 2 2 2 2 2 2 2 2 2 2 2 2 2 2 2 2 2 2 2 2 2 2 2 0 2 2 2
460 2 0 2 2 2 2 2 2 0 2 0 2 2 0 2 2 2 2 2 0 2 2 2 0 2 2 2 2 2 2 2 2 2 2 2 2 0 0 2 2 0 2 2 0 2 2 2 2 2 2 2 2 2 2 2 2 2 0 2 2 0 2 2 2 2 2 0 2 0 2 2 0 2 2 2 2 2 2 2 2 2 2 2 2 2 2 2 2 2 2 2 2 2 2 0 2 2 2 2 2 2 2 0 2 2 2 2 0 2 2 2 0 2 2 2 2 2 2 2 2 2 2 2 0 2 2 0 0 2 2 0 2 2 2 2 2 2 2 0 2 2 2 2 2 2 2 2 2 2 2 2 2 2 2 2 2 2 2 2 2 2 2 2 2 2 0 2 2 2 2 2 2 2 2 2 2 2 2 2 2 2 2 2 2 0 2 2 2 2 2 2 2 2 2 2 2 2 2 2 1 2 2 0 2 2 2 2 2 2 2 2 0 2 2 2 1 0 2 2 2 2 2 2 2 2 2 2 0 2 0 2 2 2 2 0 0 2 2 2 2 2 2 2 2 2
461 2 0 2 2 2 2 2 2 2 2 2 0 2 0 2 2 2 2 2 2 2 2 2 0 2 2 2 2 2 2 2 2 2 2 2 2 2 0 2 2 0 2 2 0 2 2 2 2 2 2 2 2 2 2 2 2 2 0 2 2 0 2 0 2 2 2 0 2 0 2 2 2 2 2 2 2 2 0 2 2 2 2 2 2 2 2 2 2 0 2 2 2 2 2 0 2 2 2 2 2 2 2 0 2 0 2 2 0 2 2 2 2 2 2 2 2 2 2 2 2 2 2 2 0 2 2 0 2 2 2 0 2 2 2 2 2 2 2 0 2 2 2 2 2 2 2 2 2 2 2 2 2 2 2 2 2 2 2 2 2 2 2 2 2 2 2 2 2 2 2 2 2 2 2 2 2 2 2 2 2 2 2 2 2 0 2 2 2 2 2 2 2 2 2 2 2 2 2 2 1 2 2 0 2 2 2 2 2 2 2 2 0 2 2 2 1 0 2 2 2 2 2 2 2 2 2 2 0 2 0 2 2 2 2 0 2 2 2 2 2 2 2 2 2 2
462 0 0 0 2 0 2 2 2 2 0 1 2 0 2 2 2 2 0 0 2 0 2 2 2 0 2 2 2 0 0 0 2 0 2 2 2 2 0 2 0 2 0 0 2 0 0 0 2 0 0 2 2 2 0 2 2 2 0 0 0 2 0 2 2 0 0 0 2 0 2 0 0 0 2 2 0 0 2 2 2 0 2 0 0 2 2 0 0 2 2 2 2 2 2 0 0 2 2 2 0 2 2 0 0 2 2 2 0 2 0 2 2 0 0 2 2 2 0 2 0 2 2 2 2 2 1 2 2 2 0 2 2 2 0 2 2 2 0 2 0 2 0 2 2 2 0 2 2 1 0 2 2 2 2 0 0 2 2 1 0 2 0 0 2 0 2 2 1 0 0 0 2 2 0 2 2 2 2 0 0 0 2 2 2 2 2 0 0 2 0 1 2 0 2 1 2 2 0 2 2 0 0 0 0 2 0 2 0 0 0 0 0 0 2 2 2 0 2 2 2 2 2 2 2 0 2 2 0 2 2 0 2 0 2 0 2 2 0 2 2 2 2 2 2 2
463 2 2 2 2 2 2 2 0 2 2 2 2 2 2 2 2 2 2 2 2 2 2 2 2 2 2 2 2 2 2 2 2 0 2 2 2 2 2 2 2 2 0 0 2 2 2 0 2 2 2 2 2 2 0 2 2 2 2 2 2 2 2 2 2 2 2 2 2 2 2 0 2 2 2 2 2 2 2 2 2 2 2 2 2 2 2 2 2 2 2 2 2 2 2 2 0 2 2 0 2 2 2 2 2 2 2 2 2 2 2 2 2 0 2 0 2 2 0 2 0 2 2 2 2 2 2 2 2 2 2 2 2 2 0 2 2 2 2 2 2 2 2 2 2 2 2 2 2 2 2 2 2 2 2 2 2 2 2 2 2 0 2 2 2 2 2 2 2 0 2 2 2 0 2 2 2 2 2 2 2 2 2 2 2 2 2 2 2 2 2 2 2 2 2 1 2 2 2 2 2 2 2 2 2 2 2 2 0 0 2 0 2 2 2 2 2 2 2 2 2 2 2 2 2 2 2 2 2 2 2 0 2 2 2 2 2 2 2 2 2 2 2 2 2 2
464 2 2 2 2 2 2 2 2 2 2 2 2 2 2 2 2 2 2 2 2 2 0 2 2 2 2 2 0 2 2 2 0 2 2 2 2 2 2 2 2 2 2 2 0 2 2 2 2 2 2 0 2 2 2 2 2 2 2 2 2 2 2 2 0 2 2 2 2 0 0 2 2 0 2 2 2 2 2 2 2 2 2 2 2 2 2 2 2 2 2 2 2 0 2 2 2 2 2 2 2 2 2 2 2 2 2 2 2 0 2 2 2 2 2 2 2 2 2 2 2 2 2 2 0 2 2 2 2 2 2 0 0 2 2 2 2 2 2 2 2 2 2 2 2 2 2 2 2 2 2 2 2 2 2 2 2 2 2 2 2 2 2 2 2 2 0 2 2 2 2 2 2 2 2 2 2 2 2 2 2 2 2 2 2 2 2 2 2 2 2 2 2 2 2 2 2 2 2 2 2 2 2 2 2 2 2 2 0 2 2 2 2 2 2 2 2 2 2 2 2 0 2 2 2 2 0 2 0 2 2 0 2 2 2 2 2 2 2 2 0 2 2 2 2 2
465 2 2 2 2 2 2 2 2 0 2 2 0 2 2 2 2 2 0 2 2 2 2 2 2 2 2 2 2 0 2 2 2 2 2 2 2 2 2 0 2 0 2 2 2 2 2 2 2 2 2 2 2 2 2 2 2 2 2 2 2 2 2 2 2 2 2 2 2 2 2 2 2 2 2 2 2 2 0 2 2 2 2 2 2 2 2 2 2 2 2 2 0 2 0 2 2 2 2 2 2 2 2 2 2 0 2 2 2 2 2 2 2 2 2 2 2 2 2 2 2 2 2 2 2 2 2 0 2 0 2 2 2 2 2 2 2 2 2 2 2 2 2 2 2 2 2 2 2 2 2 2 2 2 2 2 2 2 2 2 2 0 2 2 2 2 2 2 2 2 2 2 2 0 2 2 0 2 2 2 2 2 2 2 2 2 2 2 2 2 2 1 2 2 2 2 2 2 2 2 2 2 2 2 2 2 2 2 2 2 2 2 2 2 2 2 2 2 2 2 2 2 2 2 2 2 2 2 2 2 2 2 2 2 2 2 2 2 2 2 2 2 2 2 2 2
466 0 2 2 0 0 0 0 2 2 0 2 2 0 0 0 0 0 2 0 2 2 2 2 0 2 0 0 2 2 0 2 2 0 2 0 0 2 2 2 2 2 0 2 2 0 2 2 2 2 2 2 2 2 2 2 2 0 2 2 2 0 0 2 2 2 0 2 2 2 2 2 2 2 2 0 0 2 2 2 2 2 0 0 2 2 0 2 0 2 0 2 2 2 0 2 0 2 2 2 2 2 0 2 2 2 2 0 2 2 2 2 2 2 0 2 0 2 2 2 0 0 2 2 2 0 0 2 2 2 0 2 2 0 0 2 0 2 2 2 0 2 2 0 2 2 0 2 2 1 2 2 0 2 2 0 2 2 2 2 0 2 0 2 2 0 2 2 2 2 0 0 0 2 2 2 2 2 2 0 0 2 2 0 0 2 0 0 2 0 0 1 0 0 2 2 0 0 0 0 2 2 0 2 2 2 2 2 2 2 0 2 2 2 2 2 1 2 1 2 2 2 2 2 2 0 2 0 2 2 2 2 0 0 2 2 0 2 0 2 2 2 2 2 0 2
467 2 2 2 2 2 2 2 2 2 2 2 2 2 2 2 2 2 2 2 2 2 2 2 2 2 2 2 2 2 2 2 2 0 2 2 2 2 2 2 2 2 0 2 2 2 2 0 2 2 2 2 2 2 2 2 2 2 2 2 2 2 2 2 2 2 2 2 2 2 2 0 2 2 2 2 2 2 2 2 2 2 2 2 2 2 2 2 2 2 2 2 2 2 2 2 0 2 2 2 2 2 2 2 2 2 2 2 2 2 2 2 2 0 2 2 2 2 2 2 0 2 2 2 2 2 2 2 2 2 2 2 2 2 0 2 2 2 2 2 2 2 2 2 2 2 2 2 2 2 2 2 2 2 2 2 2 2 2 2 2 2 2 2 2 2 0 2 2 2 2 2 2 2 2 2 2 2 2 2 0 2 2 2 2 2 2 2 2 2 2 2 2 2 2 2 2 2 2 2 2 2 2 2 2 2 2 2 2 0 2 2 2 2 2 2 2 2 2 2 2 0 2 2 2 2 2 2 2 2 2 2 2 0 2 2 2 2 0 2 2 2 2 2 2 2
468 2 0 2 0 0 2 0 0 2 0 0 0 0 0 2 2 2 2 0 2 0 2 0 0 2 2 2 2 2 0 0 2 0 0 2 1 0 0 0 0 2 0 0 0 0 2 0 2 2 0 2 0 0 2 0 0 2 0 2 0 2 2 2 2 2 0 0 2 0 2 0 2 0 0 2 0 2 0 0 2 0 2 0 2 0 2 2 0 0 2 2 0 2 0 0 0 0 2 0 2 2 2 0 0 0 2 2 0 0 0 0 0 0 2 2 2 2 2 2 0 2 0 2 0 0 0 2 2 2 2 2 0 2 0 2 2 2 2 2 2 2 2 2 2 0 2 0 2 2 1 0 2 0 2 2 2 2 2 2 2 2 2 0 2 2 2 2 1 2 2 2 2 2 2 2 0 0 2 2 0 0 2 0 2 0 2 0 0 2 2 1 2 0 2 2 2 0 0 2 1 2 0 0 2 2 0 2 2 0 2 2 0 2 0 0 2 0 2 0 0 0 2 2 0 2 2 2 2 0 0 2 0 0 2 0 0 2 0 2 2 2 2 0 2 2
469 0 2 2 2 2 0 2 0 0 2 2 0 2 2 0 0 0 0 0 0 0 0 2 2 0 0 0 0 0 0 0 0 0 2 0 0 2 2 0 0 2 0 0 0 2 2 0 0 2 0 0 0 2 2 2 2 2 2 2 2 0 0 0 0 2 2 2 2 2 0 0 0 2 2 0 0 2 0 2 2 2 0 2 0 2 0 2 2 0 0 0 0 0 2 2 0 2 2 0 2 0 0 2 0 0 2 0 0 2 2 2 2 2 0 0 0 0 2 2 0 0 0 0 0 2 2 0 0 0 0 2 2 0 0 0 0 0 2 0 0 0 2 0 2 0 0 0 0 0 1 2 0 0 0 2 0 0 2 2 0 0 2 2 0 0 0 0 0 2 0 2 0 0 2 0 2 0 0 0 2 2 2 0 0 0 0 2 2 0 0 1 0 2 2 0 0 2 2 0 0 2 0 2 0 0 2 2 0 0 2 2 2 2 0 2 1 2 1 2 0 2 0 2 2 2 2 0 2 2 0 0 0 2 2 2 2 2 2 2 0 0 0 0 0 0
470 2 0 0 2 0 2 0 2 2 2 0 2 0 2 2 2 2 2 2 2 2 2 0 2 2 2 2 2 2 2 2 2 2 0 2 2 0 0 2 2 2 2 2 2 2 0 2 2 0 2 2 2 2 2 0 0 2 0 0 0 2 2 2 0 2 0 0 2 0 0 2 2 0 2 2 2 0 2 0 2 0 2 0 2 0 2 0 0 0 2 2 2 0 0 0 2 0 2 2 0 2 2 0 2 0 2 2 2 2 0 0 0 0 2 2 2 2 2 0 2 2 2 2 2 2 0 2 2 2 2 2 0 2 2 2 2 2 2 0 2 2 2 2 2 2 2 2 2 2 2 0 2 2 2 0 2 2 2 2 2 2 2 0 2 2 2 2 1 2 2 2 2 2 0 2 0 0 2 2 2 0 0 2 2 2 2 0 2 2 2 1 2 0 2 2 2 0 0 2 1 2 2 2 0 2 2 0 2 2 2 2 0 0 2 0 1 2 2 0 0 2 2 2 0 2 2 2 2 0 2 2 2 2 2 0 2 0 2 0 2 2 2 2 2 2
471 2 2 2 2 2 2 2 2 2 2 2 2 2 2 2 2 2 2 2 2 2 2 2 2 2 2 2 2 2 2 2 2 2 2 2 1 2 2 2 2 2 2 0 0 2 2 2 2 2 2 2 0 2 2 2 2 2 2 2 2 2 2 2 2 0 2 2 2 2 2 2 2 2 2 2 2 2 2 2 2 2 2 2 2 2 2 2 2 2 2 2 2 2 2 2 2 2 2 2 2 2 2 2 2 2 2 2 2 2 2 2 2 2 2 2 2 2 2 2 2 2 2 2 0 2 2 2 2 2 2 0 2 2 2 2 2 2 2 2 2 2 2 2 2 2 2 0 2 2 2 2 2 0 2 2 2 2 2 2 2 2 2 2 2 2 2 2 1 2 2 2 2 2 2 2 2 0 2 2 2 2 0 0 2 2 2 2 2 2 2 2 2 2 2 1 2 2 2 2 2 2 2 2 2 2 2 2 2 2 2 2 2 2 2 2 2 2 2 2 0 2 2 2 2 2 2 2 2 2 2 2 2 2 2 2 2 0 2 2 2 2 2 2 2 2
472 0 0 2 2 0 2 0 0 2 2 2 2 0 0 2 2 2 0 2 0 2 2 0 0 2 2 2 2 0 2 2 2 0 0 2 2 0 0 0 2 2 0 2 2 2 2 2 0 2 0 2 2 2 0 0 0 2 0 2 2 2 0 2 0 0 0 0 0 2 2 0 2 0 2 2 2 2 2 0 2 2 2 0 0 0 2 2 0 2 2 2 0 2 0 2 0 0 2 0 2 2 2 0 2 2 2 2 2 2 2 0 0 0 0 0 2 2 0 0 0 2 0 0 2 0 0 2 2 2 2 2 0 2 0 0 2 2 0 0 2 0 0 2 2 2 2 2 2 2 1 0 2 2 2 0 0 0 0 2 2 2 2 2 2 2 2 2 1 1 2 2 2 2 2 2 0 0 2 2 0 2 2 2 2 0 0 0 0 2 2 1 2 0 2 1 2 0 0 2 2 2 0 2 0 0 2 0 2 2 0 2 0 2 2 0 0 2 1 0 0 0 2 0 0 2 0 2 2 0 2 2 2 0 2 0 0 2 0 0 2 2 2 2 2 2
473 0 2 2 2 2 0 0 0 0 0 0 2 2 2 0 0 0 0 0 0 0 0 2 2 0 2 0 0 1 0 0 0 2 2 0 0 2 2 2 0 0 2 0 0 0 2 0 0 2 0 0 0 0 0 2 2 0 2 2 2 0 0 0 2 2 2 2 2 2 2 2 0 2 0 0 0 2 2 2 0 0 0 2 0 2 0 2 2 0 0 2 2 2 2 0 2 2 0 0 2 0 2 2 0 0 0 0 0 2 0 2 2 2 0 0 0 0 0 0 2 0 0 0 0 0 0 0 2 0 0 0 2 0 2 0 0 0 0 2 0 0 0 0 0 0 0 0 0 0 0 2 0 0 0 2 2 0 0 0 2 0 0 0 2 0 0 0 1 0 2 0 0 0 0 0 2 2 0 2 0 2 0 0 0 0 0 2 0 2 2 2 0 2 0 2 0 2 2 0 0 0 0 0 2 0 0 0 2 0 0 0 2 2 0 2 1 0 2 2 2 2 0 2 2 0 0 0 2 2 0 2 0 0 0 2 0 0 0 0 2 0 2 0 0 0
474 0 0 2 0 0 0 0 2 0 0 0 0 0 2 0 0 2 0 0 0 0 0 0 2 0 2 2 0 0 0 0 0 0 2 2 1 0 0 0 0 0 0 0 2 0 2 2 0 2 0 0 0 0 2 0 0 2 0 2 0 0 0 0 0 2 0 0 2 0 2 2 2 2 0 2 0 2 0 0 2 2 0 0 2 0 0 2 0 2 2 0 0 2 0 2 0 2 2 2 2 0 0 0 0 2 0 0 2 2 0 0 0 2 0 0 0 0 2 0 0 0 0 2 2 2 0 0 0 2 0 2 0 0 0 0 2 2 0 2 2 0 0 2 2 0 0 0 2 0 2 0 2 0 2 0 2 0 2 1 0 2 2 0 0 2 2 0 0 2 0 2 0 0 2 0 2 0 2 0 0 2 2 2 2 0 0 0 0 0 0 0 2 0 2 1 2 0 0 0 2 2 2 0 2 0 2 0 2 2 0 2 0 2 0 0 1 0 0 0 0 0 0 2 0 2 0 2 2 0 0 2 0 0 0 0 0 2 0 0 2 0 0 2 0 2
475 2 2 2 0 0 2 2 2 2 2 2 2 0 2 2 2 2 2 2 2 0 0 2 2 2 2 2 0 2 2 2 0 2 2 2 2 2 2 2 2 2 2 0 2 2 2 2 2 2 0 0 0 2 2 2 2 2 2 2 2 2 2 2 0 2 0 2 2 2 2 2 2 2 2 2 2 2 2 2 2 2 2 2 2 2 2 2 0 2 2 2 2 2 2 2 2 2 2 2 2 2 2 2 2 2 2 2 2 2 2 2 2 2 2 2 2 2 2 2 2 2 2 2 2 2 2 0 2 2 2 2 2 2 2 0 2 2 0 2 2 2 2 2 2 2 2 0 2 2 2 2 2 0 2 2 2 0 2 1 2 2 2 2 2 2 2 2 2 2 2 2 2 2 2 2 2 2 2 2 2 2 2 2 2 2 0 2 2 2 2 1 2 0 0 2 2 2 2 2 2 2 2 2 2 0 2 2 2 2 0 2 0 2 2 2 1 2 2 0 2 2 2 2 2 2 2 2 2 2 2 2 2 2 2 0 2 2 2 2 2 2 2 2 2 2
476 0 0 0 0 0 0 0 2 0 0 0 0 0 0 0 2 2 0 0 0 0 0 2 0 0 2 2 0 0 0 0 0 0 0 0 1 2 0 0 0 0 0 0 2 0 0 0 0 0 0 0 0 2 2 2 2 0 0 0 0 0 0 0 0 0 0 0 2 2 0 2 0 0 2 2 0 0 0 0 0 2 2 0 0 0 2 0 0 2 0 2 0 0 0 2 0 0 0 2 0 2 2 0 0 2 0 2 0 0 0 2 0 2 0 0 0 0 2 2 0 0 0 0 2 0 0 0 0 2 2 0 0 0 0 0 2 2 0 0 0 0 0 2 0 0 2 0 2 0 0 2 0 0 2 0 0 0 0 0 0 2 0 0 2 0 2 2 1 2 0 0 0 2 2 2 0 2 2 0 0 0 0 0 2 2 0 0 0 2 0 0 0 0 0 1 2 0 0 0 1 0 0 0 0 0 2 2 0 0 0 2 0 0 0 2 1 0 1 0 2 0 2 2 2 0 0 0 0 2 0 0 2 0 2 0 0 0 0 2 0 0 2 0 2 2
477 0 2 2 2 2 2 2 2 2 2 0 2 2 2 2 2 2 2 2 2 2 2 2 2 2 2 2 2 2 2 2 2 2 2 2 2 2 2 0 0 2 2 2 2 2 2 2 0 2 2 2 2 2 2 2 2 2 2 2 2 2 0 2 2 2 2 2 2 2 2 2 2 2 2 2 2 2 2 0 2 2 2 2 2 2 0 2 2 2 2 2 0 2 2 2 2 2 2 2 2 2 2 2 2 2 2 2 0 2 2 2 2 2 0 2 2 2 2 2 2 2 2 2 2 2 2 2 2 2 2 2 2 2 2 2 2 2 2 2 2 0 2 2 2 2 2 2 2 2 1 2 2 2 2 2 2 2 2 2 2 2 2 2 2 2 2 2 2 2 2 2 2 2 2 2 2 2 2 2 2 2 2 2 2 2 2 2 2 2 0 1 0 2 2 2 2 2 2 2 2 2 2 2 2 2 2 2 2 2 2 2 2 2 2 2 2 2 2 2 2 2 2 2 2 2 2 0 2 2 2 2 2 2 2 2 2 2 2 2 2 2 2 2 2 2
478 0 0 2 2 2 0 0 0 0 0 2 2 2 2 0 0 0 0 0 2 0 2 2 2 0 0 0 2 0 0 2 2 0 0 0 1 2 0 2 0 2 0 2 0 0 2 2 0 2 0 2 2 0 0 2 2 0 0 2 2 2 0 0 2 2 2 0 0 2 0 2 2 0 0 0 0 2 2 2 0 0 0 0 0 2 0 2 2 2 0 0 2 0 0 0 0 0 0 0 2 0 0 0 2 0 0 0 2 0 0 0 0 0 0 0 2 0 0 0 0 2 2 0 0 0 0 2 0 0 0 2 0 0 0 0 0 0 2 2 0 0 2 0 2 2 0 2 0 0 0 0 0 2 0 2 2 0 2 2 2 0 2 0 0 0 0 0 1 0 2 2 0 0 0 0 0 2 0 2 0 0 0 2 0 0 0 0 0 0 0 1 0 2 0 1 0 2 0 0 0 0 0 0 0 0 0 0 0 2 0 0 0 2 2 0 1 0 1 2 2 2 0 0 0 2 0 0 2 0 0 0 0 0 0 0 2 0 0 0 0 0 0 0 0 0
479 0 2 2 2 2 2 2 2 2 2 2 2 2 2 2 0 2 2 2 2 2 0 2 2 2 0 2 0 2 2 2 0 2 2 2 1 2 2 2 2 2 2 2 2 2 2 2 0 2 2 0 2 2 2 2 2 2 2 2 2 2 0 2 2 2 2 2 2 0 2 0 2 2 2 2 2 2 2 0 2 2 2 2 2 0 0 2 2 2 2 2 2 2 0 2 2 2 2 2 2 2 2 2 2 2 2 2 0 2 2 2 2 2 0 0 2 2 2 2 2 2 2 2 2 2 2 0 2 2 2 2 2 2 2 2 2 2 0 2 2 0 2 2 2 2 2 2 2 2 2 2 2 2 2 2 2 2 0 1 2 2 2 2 2 2 2 2 1 2 2 2 2 0 2 2 0 0 2 2 2 2 2 0 2 2 2 2 2 2 2 1 2 2 2 2 2 0 2 2 2 2 2 2 2 2 2 2 2 2 2 2 2 2 2 2 2 2 2 0 0 2 2 2 2 2 2 2 2 2 2 2 0 2 2 2 2 2 2 2 2 2 2 2 2 2
480 2 2 0 2 2 2 2 2 2 2 2 2 2 2 2 0 2 2 2 2 2 2 2 2 2 2 2 2 2 2 2 2 2 2 2 2 2 2 2 2 2 2 2 0 2 0 2 2 0 2 2 2 2 0 2 2 2 2 0 2 2 2 2 2 2 2 2 2 2 2 2 0 2 2 2 2 0 2 2 2 2 2 2 2 2 2 0 2 2 2 0 2 2 2 0 2 2 2 2 0 2 2 2 2 0 2 2 2 2 2 2 2 0 2 2 2 2 0 2 2 2 2 2 0 2 2 2 2 2 2 2 2 2 2 2 2 2 2 2 2 2 2 2 2 2 2 2 2 2 1 2 2 2 2 2 2 2 2 2 2 2 2 2 2 2 2 2 2 0 2 2 2 2 2 2 2 2 2 2 2 2 2 2 2 2 2 2 2 2 2 2 2 2 2 2 2 2 2 2 1 0 0 2 2 2 0 2 2 2 0 2 2 0 2 2 2 2 2 2 2 2 2 2 2 2 2 2 2 2 2 2 2 2 2 2 2 2 2 2 2 2 2 2 2 2
481 2 2 2 2 2 2 2 2 2 2 2 2 2 2 2 2 2 2 2 2 2 2 2 2 2 2 2 2 2 2 2 2 2 2 2 2 2 2 2 2 2 2 2 2 2 2 2 2 2 2 2 2 2 2 2 2 2 2 2 2 2 2 2 2 2 2 2 2 2 2 2 2 2 2 2 2 2 2 2 2 0 0 2 2 2 2 2 2 2 2 2 2 2 2 2 2 2 2 2 2 0 0 2 2 2 2 0 2 2 2 2 2 2 2 2 2 2 2 2 2 2 2 2 2 2 2 2 2 2 2 2 2 2 2 2 2 2 2 2 2 2 2 2 2 2 2 2 2 2 2 2 2 2 0 2 2 2 2 2 2 2 2 2 0 2 2 0 2 2 2 2 2 2 2 0 2 2 0 2 2 2 2 2 2 2 2 2 2 0 2 2 2 2 2 1 2 2 2 2 2 2 2 2 2 2 2 2 2 2 2 2 2 2 2 2 2 2 2 2 2 2 2 2 2 2 2 2 2 2 2 2 2 2 2 2 2 2 2 2 2 2 0 2 0 0
482 2 2 2 2 2 0 2 2 2 0 2 2 2 2 0 2 2 2 2 2 2 2 2 2 2 2 2 2 2 2 2 2 2 2 2 1 2 2 2 2 2 2 2 2 0 2 2 2 2 2 2 2 0 2 2 2 2 2 2 2 2 2 2 2 2 2 2 2 2 2 2 2 2 0 2 2 2 2 2 2 0 0 2 2 2 0 2 2 2 2 2 2 2 0 2 2 2 2 2 2 0 0 2 2 2 2 0 2 2 2 2 2 2 2 2 2 2 2 2 2 0 2 2 2 2 2 2 2 2 2 2 2 0 2 2 2 2 2 2 2 2 2 2 2 2 2 2 2 1 2 2 2 2 2 2 2 2 2 2 2 2 2 2 0 2 2 0 2 2 2 2 2 2 2 0 2 2 2 2 0 2 2 2 2 2 2 2 2 0 2 2 2 2 2 1 2 2 2 2 2 2 2 2 2 2 2 2 2 2 2 2 2 2 2 2 2 2 2 2 2 2 2 2 2 2 2 2 2 2 2 2 2 0 0 2 2 2 0 2 2 2 0 2 0 2
483 0 2 0 2 0 0 2 2 2 2 0 2 0 0 0 2 2 0 0 0 2 2 2 0 2 2 2 2 0 0 0 2 2 2 2 1 2 2 0 2 2 2 2 2 2 0 0 0 0 2 2 2 2 2 2 2 2 2 0 2 2 0 2 2 2 0 2 2 2 2 2 2 2 2 2 0 0 2 2 2 2 2 2 2 2 2 0 0 2 2 2 0 2 0 2 2 2 2 2 0 2 2 2 0 2 2 2 2 2 2 2 2 2 0 0 0 2 2 0 2 0 0 2 2 2 2 2 2 2 2 2 2 0 2 2 2 2 2 2 0 0 2 2 2 2 2 2 2 1 2 2 2 2 2 0 0 2 2 1 0 2 2 2 2 0 2 2 2 2 0 2 2 0 2 2 2 2 2 0 0 2 2 2 2 2 2 2 0 2 2 1 2 0 2 2 2 0 2 2 2 0 2 2 2 2 2 0 2 0 2 2 2 0 2 0 2 2 2 0 2 2 2 2 0 2 2 2 2 0 2 2 2 0 2 2 2 2 0 0 2 2 2 2 2 2
484 2 2 0 2 2 2 2 0 2 2 2 0 2 0 2 2 2 0 2 0 2 0 2 0 2 2 2 0 0 2 2 0 0 2 0 1 0 2 2 2 0 0 2 0 2 0 0 2 0 2 0 2 2 2 2 2 2 2 0 0 0 2 2 2 2 2 2 0 2 2 2 0 2 2 2 2 0 0 2 2 0 2 0 2 2 2 0 2 0 0 2 2 2 2 0 0 2 2 0 0 2 2 2 2 2 0 2 2 2 2 2 2 0 2 0 0 2 0 2 0 2 2 2 0 2 2 0 2 2 2 2 2 2 0 2 2 2 2 0 2 2 0 2 2 0 2 2 2 2 1 2 2 2 0 2 2 2 2 1 2 2 2 2 2 2 2 2 2 2 2 2 2 2 2 2 2 2 0 2 2 2 2 0 2 2 2 0 2 0 0 0 2 2 0 1 2 0 0 2 1 0 2 2 2 2 2 2 2 0 0 2 2 0 0 2 2 2 2 0 2 0 2 0 2 2 2 2 2 2 2 2 2 2 2 2 2 2 2 2 2 2 2 2 2 0
485 2 2 2 2 2 2 2 0 2 2 2 2 2 2 2 2 2 2 2 2 2 0 2 2 2 2 2 0 2 2 2 0 0 2 2 1 2 2 2 2 2 0 2 2 2 2 2 2 2 2 0 2 2 2 2 2 2 2 2 0 2 2 2 2 2 2 2 2 2 2 2 0 2 2 2 2 2 2 2 2 0 2 0 2 2 2 2 2 2 2 2 2 2 2 0 0 2 0 0 2 2 2 2 2 2 0 2 2 2 2 2 2 0 2 0 2 2 0 2 0 2 2 2 2 2 2 0 2 2 2 2 2 2 0 2 2 2 2 0 2 2 0 2 2 2 2 2 2 2 1 2 2 2 2 2 2 2 2 1 2 2 2 2 2 2 2 2 2 2 2 2 2 2 2 2 2 2 2 2 2 2 2 0 2 2 2 0 2 2 0 0 2 2 0 2 2 0 2 2 2 2 2 2 2 2 2 2 2 2 0 2 2 2 2 2 2 2 2 0 2 2 2 2 2 2 2 2 2 2 2 2 2 2 2 2 2 2 2 2 2 2 2 2 2 2
486 2 2 2 2 2 2 0 2 2 2 2 2 2 2 2 2 2 2 2 2 2 2 0 2 2 2 2 2 2 2 2 2 2 2 2 2 2 2 2 2 2 2 2 2 2 2 2 2 2 2 2 2 0 2 0 0 2 2 2 2 2 2 0 2 2 2 2 2 2 0 2 2 2 0 2 2 2 2 2 2 2 0 2 0 2 2 2 2 2 2 2 2 0 2 2 2 2 2 2 2 2 2 2 2 2 2 0 2 0 2 0 0 2 2 2 2 2 2 2 2 2 2 2 2 0 0 2 2 2 2 0 0 2 2 2 2 0 2 2 2 2 2 2 2 2 2 2 2 2 2 2 2 2 2 2 2 2 2 2 2 2 2 2 2 2 2 2 2 2 2 2 2 2 2 2 0 2 2 2 2 0 2 2 2 2 2 2 2 2 2 2 2 2 2 2 2 2 2 2 2 2 2 2 0 2 2 2 0 2 2 2 2 2 2 2 2 2 2 2 2 2 2 2 0 2 0 2 2 2 2 0 2 2 2 2 2 2 2 2 0 2 2 2 2 2
487 2 2 2 2 2 2 2 2 2 2 2 2 2 2 2 2 0 2 2 2 2 2 2 2 2 2 0 2 2 2 2 2 2 0 2 1 2 2 2 2 2 2 2 2 2 2 2 2 2 2 2 2 2 2 2 2 2 2 2 2 2 2 2 2 2 2 2 2 2 2 2 2 2 2 0 2 2 2 2 2 2 0 2 2 2 0 2 2 2 2 2 2 2 2 2 2 0 2 2 2 2 2 2 2 2 2 0 2 2 2 2 2 2 2 2 2 2 2 2 2 2 2 2 2 2 2 2 0 0 2 2 2 2 2 2 2 2 0 2 0 2 2 0 2 2 2 2 0 2 2 2 0 2 2 2 2 0 2 2 2 0 2 2 0 0 0 0 2 2 2 2 2 2 0 0 2 2 2 2 2 2 2 2 0 2 0 2 2 0 2 2 0 2 2 1 2 2 2 0 2 2 2 2 2 2 2 2 2 2 2 0 2 2 2 2 2 2 2 2 2 2 2 2 2 2 2 0 2 2 0 2 2 2 2 2 2 2 2 2 2 2 0 2 0 2
488 2 2 2 2 0 2 2 2 2 2 2 2 0 2 2 0 2 0 2 0 2 2 2 2 0 2 2 2 0 2 2 2 2 2 2 1 2 2 2 2 2 2 2 2 2 2 2 2 2 2 2 2 2 2 2 2 2 2 2 2 2 2 2 2 2 0 2 2 2 0 2 2 2 2 2 2 2 2 2 0 2 2 2 0 2 2 2 2 2 2 2 2 0 0 0 2 2 2 2 2 2 2 2 2 2 2 2 2 0 2 0 2 0 2 0 2 0 2 0 2 0 2 2 2 2 2 2 2 2 2 2 2 2 2 0 2 0 2 2 2 2 2 2 0 2 0 2 2 1 2 2 2 2 2 2 0 2 0 1 2 2 0 2 2 2 2 2 0 2 2 0 0 0 2 2 0 0 2 2 2 0 0 2 2 2 2 2 2 2 2 2 2 2 2 2 2 2 2 2 2 0 2 2 0 0 2 0 0 2 2 2 2 2 2 0 1 2 2 2 0 2 2 2 2 0 0 2 2 0 2 0 2 2 2 2 2 0 2 0 0 0 2 2 2 2
489 0 0 2 0 0 0 0 0 2 0 2 2 0 2 0 0 0 0 0 0 0 0 0 2 0 0 0 0 0 0 2 0 0 0 0 0 2 0 2 2 2 0 2 2 0 2 0 0 2 0 0 0 0 0 0 0 0 0 2 0 2 0 0 0 0 0 0 2 0 0 0 0 2 0 0 0 2 2 0 0 2 0 0 0 0 0 2 0 2 0 0 2 0 0 0 0 0 0 0 2 0 0 0 2 0 0 0 0 0 0 0 0 0 0 0 0 0 0 0 0 0 2 2 2 0 0 0 0 0 0 0 0 0 0 0 0 0 0 0 0 0 0 0 0 2 0 0 0 0 0 0 0 0 0 0 0 0 0 0 2 0 0 0 0 0 0 0 0 0 2 0 0 0 0 0 0 0 0 2 0 0 0 0 0 0 0 0 0 0 0 0 0 0 0 0 0 0 0 0 0 0 0 0 0 0 0 0 0 0 0 0 0 2 2 0 0 0 1 0 0 2 2 2 0 0 0 0 0 0 0 0 0 0 0 0 0 0 0 0 0 0 0 0 0 0
490 2 0 2 2 2 2 0 2 2 2 2 2 2 2 2 2 2 2 2 2 2 2 0 2 2 2 2 2 2 2 2 2 0 2 2 1 2 0 2 2 2 0 2 2 2 2 2 2 2 0 2 2 2 2 0 0 2 0 2 2 2 2 0 2 2 2 0 2 2 2 2 2 2 2 2 2 2 2 2 2 2 2 0 2 2 2 2 0 2 2 2 2 2 2 2 0 2 2 2 2 2 2 0 2 2 2 2 2 2 2 2 0 2 2 0 2 2 2 2 0 2 2 2 2 0 0 2 2 2 2 2 0 2 0 2 2 2 2 0 2 2 2 2 2 2 2 2 2 2 2 2 2 2 2 2 2 2 2 2 2 2 2 2 2 2 2 2 2 2 2 2 2 2 2 2 2 2 2 2 2 2 2 0 2 2 2 0 2 2 2 1 2 0 2 2 2 0 2 2 2 2 2 2 2 2 2 2 2 2 2 2 2 2 2 2 2 2 2 0 2 2 2 2 0 2 2 2 2 2 2 2 0 2 2 2 0 2 2 2 2 2 2 2 2 2
491 2 2 2 2 2 2 2 2 2 2 2 2 2 2 2 2 2 2 2 2 2 2 2 2 2 2 2 2 2 2 2 2 2 2 2 2 2 2 2 2 2 2 2 2 2 2 2 2 2 2 2 2 2 2 2 2 2 2 2 2 2 2 2 2 2 2 2 2 2 0 2 2 2 2 2 2 2 2 2 2 2 2 2 0 2 2 2 2 2 2 2 2 0 2 2 2 2 2 2 2 2 2 2 2 2 2 2 2 0 2 0 2 2 2 2 2 2 2 2 2 2 2 2 2 2 2 2 2 2 2 2 2 2 2 2 2 0 2 2 2 2 2 2 2 2 2 2 2 2 2 2 2 2 2 2 2 2 2 2 2 2 2 2 2 2 2 2 2 2 2 2 2 2 2 2 0 2 2 2 2 0 2 2 2 2 2 2 2 2 2 2 2 2 2 2 2 2 2 2 2 2 2 2 0 2 2 2 0 2 2 2 2 2 2 2 2 2 2 2 2 2 2 2 2 2 0 2 2 2 2 0 2 2 2 2 2 2 2 2 0 2 2 2 2 2
492 2 0 0 0 2 0 0 0 0 2 2 0 2 0 0 0 0 0 2 0 0 0 0 0 2 0 0 0 0 2 2 0 0 0 0 0 0 0 2 0 0 0 0 0 2 0 0 2 0 0 0 0 0 0 0 0 0 0 0 0 0 2 0 0 0 2 0 0 0 0 0 2 2 0 0 2 0 0 0 0 2 0 0 0 2 0 0 0 0 0 0 2 0 0 0 0 0 0 0 0 0 2 0 2 0 0 0 0 0 2 0 0 0 2 0 0 0 2 0 0 0 2 0 0 0 0 0 0 0 2 0 0 0 0 0 0 0 0 0 0 2 0 0 0 0 2 0 0 1 0 2 0 0 2 0 0 0 2 0 2 0 0 2 0 0 0 0 1 0 2 0 2 0 0 0 0 0 2 2 2 0 0 0 0 0 0 0 0 0 0 0 0 0 0 0 0 0 2 0 0 0 0 0 0 0 0 0 0 0 0 0 2 0 0 0 1 0 1 0 0 0 2 0 0 0 0 0 0 0 0 0 0 2 0 2 0 0 2 0 0 0 0 0 0 2
493 2 0 2 2 0 2 2 2 2 2 2 2 0 2 2 2 2 2 2 2 2 2 2 2 0 2 2 2 2 2 2 2 2 2 2 2 2 0 2 2 0 2 2 2 2 2 2 2 2 2 2 2 2 2 2 2 2 0 2 2 0 2 2 2 2 0 0 2 2 2 2 2 2 2 2 2 2 2 2 2 2 2 2 2 2 2 2 2 2 2 2 2 2 2 2 2 2 2 2 2 2 2 0 2 2 2 2 2 2 2 2 2 2 2 2 2 2 2 2 2 2 2 0 2 2 2 2 2 2 2 2 2 2 2 2 2 2 2 2 2 2 2 2 0 2 2 2 2 1 1 2 2 2 2 0 2 2 0 0 0 2 2 2 2 2 2 2 2 2 0 2 0 0 2 2 2 2 2 0 2 2 2 2 2 0 2 2 2 2 2 2 2 2 0 2 2 2 2 2 1 2 2 2 2 2 2 2 2 2 2 2 2 2 2 2 1 2 2 2 2 2 2 2 2 2 2 2 2 2 2 2 2 2 2 2 2 2 2 2 2 2 2 2 2 2
494 2 2 2 2 2 2 0 2 0 2 2 2 2 2 2 2 2 0 2 0 2 2 2 2 2 2 2 2 0 2 2 2 2 0 2 2 2 2 2 2 2 2 0 2 2 2 2 2 2 2 2 2 2 2 2 2 2 2 2 2 2 2 0 2 2 2 2 2 2 2 2 0 2 2 2 2 2 2 2 2 2 2 2 2 2 2 2 2 2 2 2 2 2 2 2 2 0 2 2 2 2 2 2 2 2 2 2 2 2 0 2 0 2 2 0 2 2 2 2 2 2 0 2 2 0 0 2 2 2 2 2 0 2 2 2 2 2 2 2 2 2 2 2 2 2 2 2 2 2 1 2 2 2 2 2 2 2 2 2 2 0 2 2 2 2 2 2 2 2 2 2 2 2 2 2 2 2 2 2 2 2 2 2 2 2 2 2 2 2 2 2 2 2 2 2 2 2 2 2 2 2 2 2 2 2 2 2 2 2 2 2 2 2 2 2 2 2 1 2 2 2 0 2 0 2 2 2 2 2 2 2 2 2 2 2 2 2 2 2 2 2 2 0 2 2
495 0 2 0 0 2 2 0 0 0 0 0 0 2 0 2 2 2 0 0 0 0 0 0 0 2 0 2 0 0 0 0 0 2 0 2 1 0 2 0 0 0 2 0 0 0 0 0 0 0 0 0 0 0 0 0 0 0 2 0 0 0 0 0 2 0 2 2 0 0 0 0 0 0 0 2 0 0 0 0 0 0 0 2 0 0 2 0 0 0 2 2 0 0 0 0 2 0 0 0 0 0 0 2 0 0 0 0 0 0 2 0 0 0 0 0 0 0 0 0 2 0 0 2 0 0 0 0 0 0 0 0 0 2 2 0 2 0 0 0 2 0 0 2 2 0 0 0 2 2 0 0 2 0 0 0 2 2 2 1 0 0 2 0 2 2 2 2 0 0 0 2 0 0 0 2 0 0 0 0 0 0 0 0 2 0 2 2 0 0 0 0 2 0 0 1 2 0 0 2 0 0 2 2 0 0 0 0 0 0 0 2 0 0 0 0 2 2 0 0 0 0 0 0 0 2 0 2 0 0 0 0 2 0 0 0 0 0 0 0 0 0 2 2 0 0
496 2 2 2 2 2 2 2 2 0 0 0 0 2 2 2 2 2 2 0 2 0 2 2 2 2 0 2 2 2 0 0 2 2 2 2 2 2 2 0 0 0 2 2 2 0 2 2 0 2 2 2 2 2 2 2 2 2 2 2 2 0 2 2 0 2 2 2 2 2 0 2 0 2 2 2 0 2 0 2 2 2 2 2 2 2 2 2 2 2 2 2 0 0 2 0 2 2 2 2 2 2 2 2 0 2 0 2 2 2 2 2 2 2 0 2 0 2 2 2 2 2 0 2 2 2 2 2 2 2 2 2 2 2 2 2 2 2 0 2 2 0 2 2 2 2 2 2 2 2 2 2 2 2 2 2 2 2 2 2 0 2 2 2 2 2 2 2 2 2 0 2 2 2 0 2 2 2 2 0 0 2 2 2 2 2 2 2 0 2 2 1 2 2 2 2 2 2 2 2 2 2 2 2 2 2 2 2 2 2 2 2 0 2 2 2 1 2 0 2 2 0 0 2 2 2 2 2 2 0 0 2 2 0 2 0 0 2 0 2 2 2 2 2 2 2
497 2 2 2 2 2 2 2 2 2 2 0 2 2 2 2 2 2 2 2 2 2 2 2 2 0 2 2 2 2 2 2 2 2 2 2 2 2 2 0 2 2 2 2 2 2 2 2 2 2 2 2 2 0 2 2 2 2 2 2 2 2 2 2 2 2 2 2 2 2 2 2 2 2 0 2 2 2 2 2 2 2 0 2 2 2 2 2 2 2 2 2 0 2 2 2 2 2 2 2 2 2 2 2 2 2 2 0 2 2 2 2 2 2 2 2 2 2 2 2 2 2 0 2 2 2 2 2 0 2 2 2 2 2 2 2 2 2 2 2 2 2 0 2 2 2 2 2 2 1 2 2 2 2 2 2 2 2 2 2 2 2 2 2 2 2 2 0 1 2 2 2 2 2 2 0 2 2 2 2 2 2 2 2 2 2 2 2 2 0 2 2 2 2 2 2 2 2 2 2 2 2 2 2 2 2 2 2 2 2 2 2 2 2 2 2 2 2 2 2 2 2 2 2 2 2 2 2 2 2 2 2 2 2 2 2 2 2 2 2 2 2 2 2 0 2
498 2 2 2 2 2 2 2 2 2 2 2 2 2 0 2 2 0 2 2 2 2 2 2 0 2 2 2 2 2 2 0 2 2 2 2 2 2 2 2 2 2 2 0 2 2 2 2 2 2 0 2 2 2 2 2 2 2 2 2 2 2 2 2 2 0 2 2 2 2 2 2 0 2 2 0 2 2 2 2 2 2 2 2 2 2 2 2 2 2 2 0 2 2 2 0 2 2 0 2 2 2 2 2 0 2 2 2 2 0 2 2 2 0 2 2 2 2 2 2 2 2 2 2 2 2 2 2 2 0 2 2 2 2 2 2 0 0 2 2 0 2 2 2 2 2 2 2 2 2 2 2 2 0 2 2 2 2 2 2 2 2 0 2 2 0 2 2 2 2 2 0 2 2 2 2 2 2 2 2 2 0 2 2 2 2 2 2 2 2 2 2 0 2 2 2 0 2 2 0 1 2 0 2 2 2 2 2 0 2 2 2 2 2 2 2 2 2 2 0 2 2 2 2 2 0 2 0 2 0 2 0 2 2 2 2 2 2 2 2 0 2 2 2 2 2
499 2 2 2 2 2 2 2 0 2 2 2 0 2 2 2 2 2 2 2 2 2 2 2 2 2 2 2 2 2 2 2 2 2 2 2 2 2 2 2 2 2 2 2 2 2 2 2 2 2 2 2 2 2 2 2 2 2 2 2 2 0 2 2 2 2 2 2 2 2 0 2 2 2 2 2 2 2 0 0 2 2 2 2 2 2 2 2 2 2 2 2 2 0 2 0 2 2 2 0 2 2 2 2 2 2 2 2 0 2 2 2 2 2 2 2 2 2 2 2 2 0 2 2 2 2 2 2 0 2 2 2 2 2 2 2 2 2 2 2 2 2 2 2 2 2 2 2 2 2 2 2 2 0 2 2 2 2 2 2 2 2 2 2 2 2 2 2 2 2 2 2 2 2 2 2 2 2 2 2 2 2 2 2 2 2 2 2 2 2 0 0 2 2 2 1 2 2 2 2 2 2 2 2 2 2 2 2 2 2 2 2 2 2 2 2 2 2 2 2 2 2 2 2 2 2 2 2 2 2 2 2 2 2 2 2 2 2 2 2 2 2 2 2 2 2
500 2 0 2 0 2 2 2 2 0 2 2 2 2 2 2 2 2 2 2 2 2 2 2 2 2 2 2 2 2 2 2 2 2 2 2 2 2 0 0 2 2 2 2 2 2 2 2 2 2 2 2 2 2 2 2 2 2 0 2 2 2 2 2 2 2 2 0 2 2 2 2 2 2 2 2 2 2 2 2 2 2 2 2 0 2 2 2 2 2 2 2 0 2 2 2 2 2 0 2 2 2 2 0 2 2 2 2 2 2 0 0 2 2 2 2 2 2 2 0 2 2 2 2 2 2 2 2 2 2 2 2 2 2 2 2 2 2 2 2 2 2 2 2 2 2 2 2 2 2 1 2 2 2 2 2 2 2 2 2 2 2 2 0 2 2 2 2 2 2 2 2 2 2 2 2 0 2 2 2 2 2 2 2 2 2 2 2 0 2 2 2 2 2 2 2 2 0 0 2 2 2 2 2 0 2 2 0 2 2 0 2 2 2 2 0 2 2 2 2 2 2 2 2 2 2 2 2 2 2 2 2 2 2 2 2 2 2 2 0 2 2 2 2 2 2
501 2 0 2 2 2 2 2 2 2 2 2 2 2 2 2 2 2 2 2 2 2 2 0 2 2 2 2 2 2 2 2 2 0 2 2 2 2 0 2 2 2 0 2 2 2 2 2 2 2 2 2 2 2 2 0 0 2 0 2 2 2 2 2 2 2 2 0 2 2 2 2 2 2 2 2 2 2 2 2 2 2 2 0 2 2 2 2 0 2 2 2 2 2 2 2 0 2 2 2 2 2 2 0 2 0 2 2 2 2 2 0 2 2 2 2 2 2 2 2 0 2 2 2 2 2 2 2 2 2 2 2 2 2 0 2 2 2 2 2 2 2 2 2 2 2 2 2 2 2 2 2 2 2 2 2 2 2 2 2 2 2 2 2 2 2 2 2 0 2 2 2 2 2 2 2 2 0 2 2 2 0 2 2 2 2 2 0 2 2 2 2 2 0 2 2 2 0 2 2 0 2 2 2 2 2 2 2 2 2 2 2 2 2 2 2 2 2 2 2 0 2 2 2 2 2 2 2 2 2 2 2 2 2 2 2 2 2 2 2 2 2 2 2 2 2
502 2 2 2 2 0 2 0 2 0 2 2 2 0 0 2 2 2 0 2 2 2 0 2 0 2 2 2 0 0 2 2 0 0 2 2 2 0 2 0 0 0 0 2 2 2 2 2 2 2 2 2 2 2 2 2 2 2 2 2 2 2 0 0 2 2 0 2 2 2 0 2 0 2 2 2 2 2 2 2 2 2 2 0 2 2 2 2 2 2 2 2 0 0 2 2 0 2 0 2 2 2 2 2 2 2 2 2 2 2 2 2 0 2 2 2 2 2 2 2 0 0 2 2 2 0 1 0 2 2 2 0 2 2 0 2 2 2 2 2 2 2 2 2 2 2 2 2 2 2 2 2 2 2 2 2 2 2 2 2 0 2 2 2 2 2 2 2 2 2 0 2 2 0 2 2 2 2 2 0 0 2 2 2 2 2 2 0 2 2 1 0 2 2 2 2 2 2 0 2 2 2 2 2 0 2 2 2 2 2 2 2 2 2 2 2 2 2 2 2 2 2 2 2 0 2 2 2 2 2 2 2 2 0 2 2 2 2 0 2 2 2 2 2 2 2
503 0 2 2 2 2 2 2 2 2 2 2 2 2 2 2 2 2 2 0 2 2 2 2 2 2 2 2 2 2 0 2 2 2 2 2 2 0 2 2 2 2 2 2 2 2 2 2 0 2 2 2 2 2 2 2 2 2 2 2 2 2 0 2 2 2 2 2 2 2 0 2 2 0 2 2 0 2 2 2 2 2 2 2 2 2 2 2 2 2 2 2 2 0 2 2 2 2 2 2 2 2 2 2 2 2 2 2 2 2 2 2 2 2 0 2 2 2 2 2 2 2 2 0 2 2 2 2 2 2 2 2 2 2 2 2 2 2 2 2 2 0 2 2 2 2 2 2 2 2 2 2 2 2 2 2 2 2 2 2 0 2 2 2 2 2 2 2 2 2 0 2 2 2 2 2 2 2 2 0 0 2 2 2 2 2 2 2 2 2 0 0 2 2 2 2 2 2 2 2 2 2 2 2 2 2 2 2 2 2 2 2 2 2 2 2 2 2 2 2 2 2 2 2 2 2 2 2 2 2 2 2 2 0 2 2 2 2 0 2 2 2 2 2 2 2
504 0 0 0 0 2 0 2 2 0 0 2 0 2 0 0 0 2 0 0 0 0 0 0 0 2 0 0 0 0 0 0 0 2 0 0 1 0 0 2 0 0 2 0 2 0 0 2 0 0 0 0 2 0 2 0 0 2 0 0 0 0 0 2 2 2 2 0 0 2 0 2 0 0 0 2 0 0 0 0 2 0 2 2 0 0 0 0 0 2 0 0 2 0 0 2 2 0 2 2 0 2 0 0 0 2 0 2 0 2 0 0 2 2 0 0 0 0 2 2 2 2 2 0 2 2 2 0 2 0 0 2 0 0 2 0 0 2 0 0 0 0 0 0 2 2 0 2 0 1 1 0 2 2 0 2 2 2 0 2 0 0 0 2 0 0 0 2 2 2 0 0 0 2 2 2 0 2 0 0 0 0 0 2 0 0 2 2 0 0 0 0 0 0 0 1 0 0 2 0 2 0 2 2 2 0 2 2 2 2 0 0 2 0 2 2 0 2 1 2 2 2 0 0 2 0 0 0 2 2 2 2 0 0 0 2 2 2 0 2 2 0 0 2 0 0
505 0 2 2 2 0 2 0 2 2 2 2 2 0 2 2 2 2 0 0 2 2 2 2 2 2 2 2 2 0 0 2 2 2 2 2 2 0 2 2 2 2 2 2 2 2 2 2 0 2 0 2 2 2 2 2 2 2 2 2 2 2 0 0 2 2 0 2 2 2 2 2 2 0 2 2 0 2 2 2 2 2 2 2 2 2 2 2 2 2 2 2 2 2 2 2 2 2 2 2 2 2 2 2 2 2 2 2 2 2 2 2 0 2 0 2 0 2 2 2 2 0 2 0 2 0 0 2 2 2 0 2 2 2 2 2 2 2 2 2 2 0 2 2 2 2 2 2 2 2 2 2 2 2 2 2 2 2 2 2 0 2 2 2 2 2 2 2 2 2 0 2 2 2 2 2 2 2 2 0 0 2 2 2 2 2 2 2 2 2 2 2 2 2 2 2 2 2 2 2 2 2 2 2 0 2 2 2 2 2 2 2 0 2 2 2 2 2 2 2 2 2 2 2 0 2 2 2 2 2 2 2 2 0 2 0 2 2 0 2 2 2 2 2 2 2
506 0 0 0 0 0 0 0 0 0 0 0 0 0 0 0 0 0 0 0 0 0 2 0 0 2 0 0 2 0 0 0 2 0 0 0 0 0 0 0 0 2 0 0 0 0 0 0 0 0 0 0 0 0 2 0 0 0 0 0 0 0 0 0 0 0 0 0 0 0 0 0 0 0 0 0 0 0 0 0 0 0 0 0 0 0 0 0 0 0 0 0 0 0 0 2 0 0 0 0 0 0 0 0 0 2 0 0 0 0 0 0 0 0 0 0 0 0 2 0 0 0 0 0 0 0 0 2 0 0 0 0 0 0 0 0 0 0 0 0 0 0 0 0 0 0 2 0 0 1 0 0 0 0 0 0 2 0 0 0 0 0 2 0 0 0 0 0 1 2 0 0 0 0 0 0 0 0 0 0 0 0 0 0 0 2 0 0 0 0 2 1 0 0 0 0 0 0 0 0 2 0 0 2 0 0 0 0 0 0 0 0 0 0 0 0 0 2 1 0 0 0 0 0 0 0 0 0 0 0 0 0 0 0 0 0 2 0 0 0 0 0 0 2 0 0
507 2 0 2 2 2 2 2 2 0 2 0 2 2 2 2 2 2 2 2 2 2 2 0 2 2 2 2 2 2 2 2 2 2 2 2 2 2 0 0 2 0 2 2 2 2 2 0 2 2 2 0 0 2 0 0 0 2 0 2 2 0 2 2 0 0 2 0 2 0 2 0 2 2 2 2 2 2 2 2 2 2 2 2 2 2 2 2 0 2 2 2 0 2 2 2 2 2 0 2 2 0 2 0 2 2 2 0 2 2 2 2 0 2 2 2 2 2 2 2 2 0 0 2 2 2 2 0 2 2 2 2 2 2 2 2 2 2 2 2 2 2 2 2 2 2 0 0 2 2 2 2 2 0 2 2 2 2 2 2 0 0 0 2 2 2 2 0 1 0 0 2 2 2 2 0 2 0 2 0 2 2 0 2 2 2 2 2 2 2 0 1 0 0 0 2 2 2 2 2 2 2 2 2 2 2 0 2 2 0 2 2 2 2 2 2 2 2 1 2 0 0 0 2 2 2 2 0 2 0 2 2 2 2 2 2 2 2 2 2 2 2 2 2 2 2
508 0 2 2 2 2 0 0 0 1 2 1 2 2 2 0 0 0 2 0 2 2 2 2 2 2 2 2 2 2 0 2 2 2 0 0 2 2 2 1 2 1 2 2 2 2 2 0 0 2 2 1 0 2 0 2 2 0 2 2 2 1 2 0 1 1 2 2 2 1 0 0 2 0 2 0 0 2 2 2 2 2 0 2 2 2 2 2 2 0 0 2 1 0 2 2 2 0 1 0 2 1 2 2 2 2 2 1 2 0 2 0 2 2 0 2 2 0 2 2 2 2 1 0 2 0 0 1 0 2 0 0 2 0 2 2 2 0 2 2 2 0 2 2 2 2 2 0 2 1 1 2 0 0 2 2 2 0 0 2 2 1 2 2 0 2 2 2 1 0 2 2 2 2 0 2 2 0 2 2 2 2 1 2 2 2 0 2 2 2 1 1 1 2 1 2 2 2 2 2 2 2 0 2 0 2 0 2 0 0 2 0 2 2 2 2 1 2 1 2 0 1 2 2 0 2 2 1 2 2 0 0 0 2 2 2 2 2 2 2 0 0 0 2 2 2
509 2 2 0 2 2 2 2 2 2 2 2 2 2 0 2 2 2 2 2 2 2 2 2 0 2 2 2 2 2 2 2 2 2 2 2 2 2 2 2 2 2 2 2 2 2 0 2 2 0 2 2 2 2 2 2 2 2 2 0 2 2 2 2 2 2 2 2 0 2 2 2 0 2 2 2 2 0 2 2 2 2 2 2 2 2 2 0 2 2 2 2 2 2 2 2 2 2 2 2 0 2 0 2 2 2 2 2 2 2 2 2 2 2 2 2 2 2 2 2 2 2 2 2 2 2 2 2 2 2 2 2 2 2 2 2 2 0 2 2 2 2 2 2 2 2 2 2 2 2 2 2 2 2 2 2 2 2 2 2 2 2 2 2 2 2 2 2 1 2 2 2 2 2 2 2 2 0 2 2 2 2 2 2 2 2 2 2 2 2 2 2 2 2 2 2 2 2 2 0 2 2 2 2 2 2 2 2 2 2 2 2 2 0 2 2 2 2 2 2 0 2 2 0 2 2 2 2 2 2 2 2 2 2 2 2 2 2 2 2 2 2 2 2 0 2
510 2 2 2 2 2 2 2 2 2 2 2 0 2 2 2 2 2 2 2 2 0 2 2 2 2 2 2 2 2 2 0 2 2 2 2 2 2 2 2 2 0 2 2 2 2 2 2 2 2 2 2 2 2 2 2 2 2 2 2 0 2 2 2 2 2 2 2 2 2 2 2 2 2 2 2 2 2 0 0 2 2 2 2 2 2 2 2 2 2 2 2 2 2 2 2 2 2 2 2 2 2 2 2 0 2 2 2 0 2 2 2 2 2 2 0 2 2 2 2 2 2 2 2 2 2 2 0 2 2 2 2 2 2 2 2 2 2 2 0 2 2 2 2 2 2 2 2 2 2 2 2 2 2 2 2 2 0 2 2 2 2 2 2 2 2 2 2 2 2 2 2 2 2 2 2 2 2 2 2 2 2 0 2 2 2 0 0 2 2 2 2 2 2 2 2 2 2 2 2 2 2 2 2 2 2 2 2 2 2 2 2 2 2 2 2 1 2 2 2 2 2 2 2 2 2 2 2 2 2 2 2 2 2 2 2 2 2 2 2 2 2 2 2 2 2
511 0 0 2 2 2 2 2 0 2 2 2 0 2 2 2 2 2 0 0 0 0 2 2 2 2 2 2 2 0 0 0 2 0 2 2 1 0 0 2 2 0 0 2 2 2 2 2 0 2 2 0 2 2 0 2 2 0 0 2 0 0 0 2 2 2 2 0 2 0 0 0 2 0 2 2 0 2 0 0 0 2 0 0 2 2 2 2 2 0 2 2 2 0 2 0 0 2 0 0 2 0 2 0 0 0 2 0 0 0 2 0 0 0 0 0 2 2 2 2 0 2 2 0 2 2 2 0 0 2 2 2 2 2 0 2 2 2 2 0 2 0 2 2 0 2 2 2 2 2 2 2 0 0 2 2 0 0 2 0 2 2 2 0 2 2 2 0 1 0 2 0 2 0 0 0 0 0 2 2 0 2 0 0 2 2 0 0 2 2 2 1 2 2 0 2 2 2 2 2 0 2 2 0 2 2 0 2 0 2 2 2 2 2 2 2 0 0 1 2 0 2 2 2 2 0 2 2 0 0 0 0 2 0 2 2 0 2 0 2 0 2 2 2 2 2
512 2 2 2 2 2 1 2 2 2 2 2 2 2 2 1 2 1 2 2 2 2 2 2 2 1 2 2 2 2 2 2 2 2 2 2 2 2 2 2 2 2 2 2 2 2 2 2 2 2 2 2 2 1 2 2 2 2 2 2 2 2 2 2 2 2 2 2 2 2 2 2 2 2 1 1 2 2 2 2 2 2 2 2 2 2 2 2 2 2 2 2 2 2 0 2 2 1 2 2 2 2 2 2 2 2 2 2 2 2 2 2 2 2 2 2 2 0 2 2 2 2 2 2 2 2 2 2 2 1 2 2 2 1 2 2 1 2 0 2 2 2 1 2 2 2 2 2 2 1 2 2 1 2 2 2 2 2 2 2 2 2 2 2 2 2 1 2 2 2 2 2 2 2 2 2 2 2 2 2 2 2 2 2 2 1 2 2 2 2 2 2 2 2 2 2 1 2 0 2 2 2 1 2 2 2 2 2 2 2 2 1 2 2 2 2 1 2 2 2 2 2 2 2 2 2 2 2 2 2 2 2 2 2 2 2 2 2 2 2 2 0 2 2 2 2
513 2 2 2 2 0 0 0 2 0 2 2 2 0 2 0 0 2 2 2 2 2 0 0 2 0 2 0 0 2 2 0 0 0 2 0 0 0 2 2 2 0 0 2 2 2 2 2 2 2 2 2 2 0 2 0 0 2 2 2 0 2 0 0 2 2 0 2 2 2 0 0 2 0 0 2 2 2 2 2 0 0 2 0 0 2 0 2 0 2 0 0 2 0 0 2 0 0 0 2 2 0 0 2 0 2 0 0 2 2 0 0 0 0 2 0 2 0 2 0 0 0 2 2 2 0 0 2 0 0 0 2 0 0 0 2 0 2 0 2 0 0 0 0 0 2 0 2 0 0 1 0 0 2 0 0 2 0 0 0 0 0 0 0 2 0 0 0 1 2 0 0 0 0 2 0 0 2 0 0 2 0 2 0 0 0 0 0 0 0 2 1 0 0 2 1 0 0 0 0 2 0 0 0 0 2 0 0 2 2 2 0 2 2 2 0 1 0 2 0 2 2 2 2 0 0 0 0 2 0 0 2 0 2 0 2 0 0 2 0 0 0 0 0 2 0
514 0 0 2 2 0 2 2 2 2 0 2 2 0 2 2 2 2 2 0 2 2 0 2 2 2 0 2 0 2 0 2 0 2 2 2 2 2 0 2 2 2 2 0 2 0 2 0 0 2 2 2 0 2 0 2 2 0 0 2 2 2 2 2 0 2 0 0 2 0 2 0 2 2 2 2 0 2 2 2 2 2 0 2 2 0 2 2 2 0 2 2 2 2 2 0 2 2 2 2 2 0 2 0 2 0 2 0 2 0 2 2 2 2 0 2 0 2 2 2 2 2 2 0 2 2 2 0 2 2 2 2 2 2 2 0 2 0 0 2 2 2 2 2 2 0 2 0 2 2 1 2 2 0 0 2 0 2 2 2 2 2 2 0 0 2 2 0 1 0 2 2 2 2 0 0 2 0 0 2 0 0 2 2 2 2 2 2 2 0 0 1 2 2 2 2 2 2 2 2 1 2 2 2 2 0 0 2 0 0 0 2 0 2 0 2 1 2 1 2 0 2 0 2 2 2 2 2 0 2 2 0 2 0 2 0 2 2 0 2 0 2 2 2 0 0
515 2 2 0 2 2 2 2 2 0 2 0 2 2 2 2 2 2 0 2 0 2 2 2 2 2 2 2 2 0 2 0 2 2 2 2 2 2 2 0 0 2 2 2 2 2 0 2 2 0 0 2 2 2 2 2 2 2 2 0 0 2 0 2 0 2 2 2 0 2 2 2 2 2 2 2 2 0 2 2 2 2 0 2 2 2 2 0 2 2 2 2 0 2 2 2 2 2 2 2 0 2 2 2 0 2 2 2 2 0 2 2 2 2 2 2 0 2 2 2 2 2 0 2 2 2 2 2 2 2 2 2 2 2 2 2 2 0 2 2 2 0 2 2 2 2 0 2 2 2 2 2 2 2 2 2 2 2 2 2 2 2 2 2 2 2 2 2 2 2 2 2 2 2 2 2 2 2 2 2 2 2 2 2 2 2 2 2 2 2 2 2 0 2 2 1 2 2 2 0 2 2 2 2 2 2 2 2 2 2 2 2 2 0 2 2 1 2 2 2 2 2 2 0 2 2 2 0 2 2 2 2 2 2 2 2 2 0 2 2 2 2 2 2 2 2
516 0 2 2 2 2 2 2 2 2 2 2 2 2 2 2 2 2 2 0 2 2 2 2 2 2 2 2 2 2 0 2 2 2 0 2 1 0 2 2 2 2 2 0 2 2 2 2 0 2 2 2 0 2 2 2 2 2 2 2 2 2 2 0 2 2 2 2 2 2 2 0 2 2 2 2 0 2 2 2 0 2 2 2 2 2 2 2 2 2 2 2 2 2 0 0 2 2 0 2 2 2 0 2 2 2 2 2 2 2 2 0 0 2 2 0 2 2 2 2 2 0 2 0 2 2 2 0 0 2 0 2 2 2 2 2 2 0 0 2 2 2 2 2 0 2 2 0 2 2 0 0 2 2 2 0 2 2 0 0 2 2 2 2 2 2 2 0 2 2 2 2 2 2 2 0 0 2 2 2 0 0 2 0 2 2 2 2 2 2 0 1 0 2 0 2 2 0 0 0 2 0 0 0 2 2 2 2 0 2 0 2 0 2 2 2 2 0 2 0 2 2 2 2 2 2 2 0 2 0 2 0 0 0 2 0 2 2 0 2 0 2 2 2 2 2
517 2 2 2 2 2 2 2 2 2 2 2 2 2 2 2 2 2 2 2 2 2 2 2 2 2 2 2 2 2 2 2 2 0 2 2 2 2 2 2 2 2 0 2 2 2 2 2 2 2 2 2 2 2 2 2 2 2 2 2 2 2 2 2 2 2 2 2 2 2 0 2 2 0 2 2 2 2 2 2 2 2 2 0 0 2 2 2 2 2 2 2 2 2 2 2 0 2 2 2 2 2 2 2 2 2 2 0 1 2 2 2 2 2 2 2 2 2 2 2 0 2 2 2 2 2 2 2 2 2 2 2 2 0 0 2 2 2 2 2 0 2 2 2 2 2 2 2 2 2 2 2 2 2 2 2 2 2 2 2 2 2 2 2 2 0 2 2 2 2 2 2 2 2 2 2 2 2 2 2 2 2 2 2 2 2 2 0 2 2 2 1 2 2 2 2 2 2 2 2 2 2 0 2 2 2 2 2 2 2 2 2 2 2 2 2 2 2 2 2 2 2 2 2 2 2 0 2 2 2 2 2 2 2 2 2 2 2 2 2 2 2 2 2 2 2
518 2 0 0 0 0 0 2 2 0 2 0 0 0 2 0 0 0 2 2 0 2 0 2 2 0 0 0 0 2 2 2 0 0 0 0 0 0 0 2 0 2 0 0 0 2 0 0 2 0 0 0 0 0 0 2 2 0 0 0 0 0 2 0 2 0 0 0 0 2 0 0 2 0 0 0 2 0 0 0 2 2 0 0 0 2 0 0 2 0 0 2 2 0 0 2 0 0 0 2 0 0 0 0 2 0 2 0 0 0 0 2 0 2 2 0 0 0 0 0 0 2 0 2 0 0 2 0 0 0 0 2 0 0 0 0 0 0 0 2 0 2 0 0 2 2 0 0 0 0 0 0 0 0 0 2 2 0 0 2 2 2 0 2 2 0 0 0 0 0 2 2 2 0 2 0 0 0 0 2 0 0 0 0 0 0 0 0 0 2 2 1 0 2 2 1 0 2 0 0 1 2 0 2 2 0 0 0 2 0 0 0 2 0 2 0 1 2 0 2 0 0 0 0 2 2 0 0 0 0 2 2 0 0 0 2 2 0 0 0 2 0 0 0 0 0
519 2 0 0 0 0 0 2 2 0 2 0 0 0 2 0 0 0 2 2 0 2 0 2 2 0 0 0 0 2 2 2 0 2 0 0 0 0 0 2 0 2 2 0 0 2 0 0 2 0 0 0 0 0 0 2 2 0 0 0 0 0 2 0 2 0 0 0 0 2 2 0 2 2 0 0 2 0 0 0 2 2 0 2 2 2 0 0 2 0 0 2 2 0 0 2 2 0 0 2 0 0 0 0 2 0 2 0 0 0 0 2 0 2 2 0 0 0 0 0 2 2 0 2 0 0 2 0 0 0 0 2 0 2 2 0 0 0 0 2 0 2 0 0 2 2 0 0 0 0 0 0 0 0 0 2 2 0 0 2 2 2 0 2 2 0 0 0 0 0 2 2 2 0 2 0 0 0 0 2 0 0 0 0 0 0 0 2 0 2 2 2 0 2 2 1 0 2 0 0 1 2 0 2 2 0 0 0 2 0 0 0 2 0 2 0 1 2 0 2 0 0 0 0 2 2 2 0 0 0 2 2 0 0 0 2 2 0 0 0 2 0 0 0 0 0
520 2 2 2 2 2 0 2 2 2 2 2 2 2 2 0 2 2 2 2 2 2 2 2 2 2 2 0 2 2 2 2 2 2 2 0 1 2 2 2 2 2 2 2 2 2 2 2 2 2 2 2 2 0 2 2 2 0 2 2 2 2 2 2 2 2 2 2 2 2 2 2 2 2 0 2 2 2 2 2 2 2 2 2 2 2 0 2 2 2 0 2 2 2 2 2 2 0 2 2 2 2 2 2 2 2 2 2 2 2 2 2 2 2 2 2 2 0 2 2 2 2 2 2 2 2 2 2 2 2 2 2 2 2 2 2 0 2 2 2 2 2 2 0 2 2 2 2 2 1 2 2 2 2 2 2 2 2 2 2 2 2 2 2 2 2 0 2 2 2 2 2 2 2 2 2 2 2 2 2 2 2 2 2 0 2 2 2 0 2 2 2 2 2 2 2 0 2 2 2 2 2 2 2 2 2 2 2 2 2 2 2 2 2 2 2 1 2 2 2 2 2 2 2 2 2 2 2 2 2 2 2 2 2 2 2 2 2 2 2 2 0 2 2 2 2
521 2 2 2 2 2 2 2 2 2 2 2 2 2 2 2 2 2 2 2 2 2 2 2 2 2 2 2 2 2 2 2 2 0 2 2 2 2 2 2 2 2 0 2 2 2 2 2 2 2 2 2 2 2 2 2 2 2 2 2 2 2 2 2 2 2 2 2 2 2 0 2 2 0 2 2 2 2 2 2 2 2 2 0 2 2 2 2 2 2 2 2 2 2 2 2 0 2 2 2 2 2 2 2 2 2 2 2 2 2 2 2 2 2 2 2 2 2 2 0 0 2 2 2 2 2 2 2 2 2 2 2 2 0 0 2 2 2 2 2 2 2 2 2 2 2 2 2 2 2 2 0 2 2 2 2 2 2 2 2 2 2 2 2 2 2 2 2 2 2 2 2 2 2 2 2 2 2 2 2 2 2 2 2 2 2 2 0 2 2 2 1 2 2 2 2 2 2 2 2 2 2 2 2 2 2 2 0 2 2 2 2 2 2 2 2 2 2 2 2 2 2 2 2 2 2 0 2 2 2 2 2 2 2 2 2 2 2 2 0 2 2 2 2 2 2
522 2 2 2 2 2 0 2 2 2 2 2 2 2 2 0 2 2 2 2 2 2 2 2 2 2 2 0 2 2 2 2 2 2 2 0 1 2 2 2 2 2 2 2 2 2 2 2 2 2 2 2 2 0 2 2 2 0 2 2 2 2 2 2 2 2 2 2 2 2 2 2 2 2 0 2 2 2 2 2 2 2 2 2 2 2 0 2 2 2 0 2 2 2 2 2 2 0 2 2 2 2 2 2 2 2 2 2 2 2 2 2 2 2 2 2 2 0 2 2 2 2 2 2 2 2 2 2 2 0 2 2 2 2 2 2 0 2 2 2 2 2 0 0 2 2 2 2 2 1 2 2 2 2 2 2 2 2 2 2 2 0 2 2 2 2 0 2 2 2 2 2 2 2 2 2 2 2 2 2 2 2 2 2 0 2 2 2 0 2 2 2 2 2 2 2 0 2 2 2 2 2 0 2 2 2 2 2 2 2 2 2 2 2 2 2 2 2 2 2 2 2 2 2 2 2 2 2 2 2 2 2 2 2 0 2 2 2 2 2 2 0 2 2 0 2
523 0 0 0 0 0 0 0 0 0 0 0 0 0 0 0 0 0 0 0 0 0 0 0 0 2 0 0 0 0 0 0 0 0 2 0 0 0 0 0 0 0 0 0 0 0 0 0 0 0 0 0 0 0 0 0 0 0 0 0 0 0 0 0 2 0 0 0 0 2 0 0 0 0 0 0 0 0 0 0 0 2 0 0 0 0 0 0 0 0 0 2 0 0 0 2 0 0 0 0 0 0 0 0 0 0 0 0 0 0 0 0 0 0 0 0 0 0 0 0 0 2 0 0 0 0 0 0 2 0 0 0 0 0 0 0 0 0 0 2 0 0 0 0 2 0 0 0 0 1 0 0 0 0 0 0 0 0 0 2 0 0 0 0 0 0 0 0 1 0 0 0 0 0 0 0 0 0 0 0 0 0 0 0 0 0 0 0 0 0 0 0 0 0 0 0 0 2 0 0 0 0 0 2 2 0 2 0 2 0 0 0 0 0 0 0 1 2 0 0 0 0 0 0 2 0 0 0 0 0 0 2 0 0 0 0 0 0 0 0 2 0 0 0 0 0
524 2 0 0 2 2 2 0 2 0 2 2 0 2 2 2 2 0 2 2 0 2 2 2 2 2 0 2 2 2 2 2 2 2 2 2 1 2 0 2 0 2 2 2 0 2 0 0 2 0 2 2 0 2 0 2 2 2 1 0 2 2 2 2 0 0 2 0 2 0 2 2 2 2 2 0 2 0 0 2 2 2 2 2 0 2 2 0 2 2 2 0 2 2 0 2 2 2 2 2 0 0 0 1 2 2 2 2 2 0 2 2 1 2 2 2 2 2 2 2 2 2 0 0 1 2 1 0 2 2 2 0 2 2 2 0 2 2 0 1 2 2 2 2 2 2 0 0 2 2 1 2 0 0 2 2 2 2 2 2 2 2 0 0 2 2 2 2 1 0 2 2 2 2 2 2 2 0 2 2 0 2 2 0 2 2 2 2 2 2 2 2 2 2 2 2 2 2 0 2 2 0 2 2 2 0 2 2 2 0 2 2 2 0 2 2 1 2 1 2 0 1 2 2 2 2 2 2 0 2 0 2 2 0 2 2 0 2 0 2 2 2 2 2 2 2
525 2 2 2 2 2 0 2 2 2 2 2 2 2 2 0 0 2 2 2 2 2 2 2 2 2 2 0 2 2 2 2 2 0 2 0 1 2 2 2 2 2 0 2 2 2 2 2 2 2 2 2 2 2 2 2 2 0 2 2 2 2 2 2 2 2 2 2 2 2 0 2 2 0 2 2 2 2 2 2 0 2 2 0 0 2 0 2 2 2 0 0 2 2 2 2 0 0 0 2 2 2 2 2 2 2 0 2 2 2 2 0 2 2 2 2 2 0 2 2 0 2 2 2 2 2 2 2 2 2 2 2 2 0 0 2 0 0 2 2 2 2 2 0 2 2 2 2 2 1 1 2 2 2 0 0 0 2 0 2 2 0 2 2 2 2 0 2 2 2 2 2 0 0 2 2 2 2 0 2 2 2 2 2 0 0 2 0 0 2 2 1 2 2 2 1 0 2 2 0 2 0 2 2 0 2 2 2 2 2 0 2 2 2 2 2 2 2 2 2 2 2 2 2 0 2 0 2 2 2 2 2 2 2 0 2 2 2 2 2 2 0 0 2 2 0
526 0 0 2 0 0 0 0 0 2 0 0 0 0 2 0 2 0 0 0 0 2 0 0 2 2 2 0 0 0 0 0 0 0 2 0 0 0 0 2 2 0 0 0 0 0 2 0 0 2 2 0 0 0 0 0 0 0 0 2 2 0 0 0 0 0 0 0 2 0 0 2 2 0 0 0 0 2 0 2 0 0 0 0 0 0 0 2 0 0 0 0 2 0 2 2 0 0 2 0 2 0 0 0 0 0 2 0 2 0 2 0 2 0 0 2 0 0 0 2 0 2 2 0 0 0 0 0 2 0 2 0 0 0 0 0 0 0 2 0 0 0 0 0 0 0 2 0 0 1 1 2 0 0 0 0 0 2 0 0 0 0 2 2 2 0 0 2 2 0 0 2 0 0 0 2 0 2 0 0 0 2 0 0 0 0 2 0 0 2 0 0 0 0 2 1 0 2 0 0 0 2 0 2 0 0 2 2 2 0 2 0 0 2 0 0 0 2 0 0 2 0 0 2 0 2 0 0 0 0 0 2 2 0 0 0 2 0 0 2 2 0 0 0 0 0
527 2 2 2 2 2 2 2 2 2 2 2 2 2 2 2 2 2 2 2 2 2 2 0 2 2 0 2 2 2 2 2 2 2 2 2 2 2 2 2 2 2 2 2 2 2 2 2 2 2 2 2 2 2 2 0 0 2 2 2 2 2 2 0 2 2 2 2 2 0 2 2 0 2 2 2 2 2 2 2 2 2 2 2 2 2 2 2 0 2 2 2 2 2 2 2 2 2 2 2 2 2 2 2 2 2 1 0 2 2 2 0 2 2 2 0 0 2 2 2 2 0 2 0 2 2 2 2 2 2 2 2 2 2 2 0 2 2 2 2 2 2 2 2 2 2 0 2 2 2 2 2 0 2 2 2 2 0 2 2 2 0 0 2 0 2 2 2 0 2 2 0 2 2 0 2 0 0 2 2 2 2 2 2 2 2 0 2 0 0 2 2 2 0 2 1 2 2 2 2 2 2 2 2 2 0 0 2 2 2 2 2 0 2 2 2 1 2 0 2 0 2 0 2 2 0 2 2 0 2 2 2 2 2 2 0 2 0 2 2 2 2 2 2 2 2
528 2 2 2 2 2 2 2 2 2 2 2 2 2 2 2 2 0 2 2 2 2 2 0 2 2 2 0 2 2 2 2 2 2 2 2 1 2 2 2 2 2 2 2 2 2 2 2 2 2 2 2 2 2 2 0 0 2 2 2 2 2 2 2 2 2 2 2 2 2 2 2 2 2 2 0 2 2 2 2 2 2 2 2 2 2 0 2 0 2 2 0 2 2 0 0 2 2 2 2 2 2 0 2 2 2 2 2 2 0 2 0 2 2 2 2 2 2 2 2 2 2 2 2 2 0 2 2 0 2 2 2 2 2 2 2 2 2 2 2 0 2 0 0 2 2 2 2 0 2 2 2 2 2 0 2 2 0 0 2 2 0 0 2 0 2 0 2 2 2 2 0 0 2 0 2 2 2 0 2 2 0 0 2 0 0 0 2 2 2 2 2 2 0 2 2 2 2 2 2 2 2 0 0 2 2 0 2 2 2 2 0 2 2 2 2 1 0 2 2 2 2 2 2 2 0 2 2 0 2 2 2 2 2 0 2 2 2 2 2 0 2 2 2 0 0
529 2 2 2 2 0 0 0 0 2 2 2 2 0 2 0 0 0 2 2 0 2 2 2 2 2 0 0 2 2 2 2 2 2 0 2 0 2 2 2 2 2 2 2 2 2 2 2 2 2 2 2 2 0 2 2 2 2 2 2 2 2 0 0 2 2 0 2 2 2 2 0 2 0 0 0 2 2 2 2 2 2 0 2 2 0 0 2 2 0 2 2 2 0 2 0 2 0 2 0 2 2 0 2 2 0 0 2 2 0 2 2 0 2 2 2 0 0 2 2 2 2 2 2 2 2 0 2 0 2 2 2 2 2 2 2 2 2 2 2 0 2 2 0 2 2 2 2 2 0 2 0 0 2 2 0 2 2 0 2 2 0 2 2 0 0 0 0 2 2 2 2 2 2 2 0 2 2 2 2 2 0 0 0 0 0 2 0 2 2 0 1 0 2 2 2 2 2 2 0 1 2 0 0 2 2 0 2 2 2 2 0 0 2 2 0 2 0 2 0 2 0 2 2 0 2 2 0 2 2 2 2 2 2 0 0 2 2 2 2 0 0 2 2 0 2
530 0 2 2 2 2 0 2 2 2 2 2 2 2 2 0 0 2 0 0 0 2 2 2 2 2 2 2 2 0 0 2 2 2 2 2 2 2 2 2 2 2 2 2 2 2 2 2 0 2 2 2 2 0 2 2 2 0 2 2 2 2 2 2 2 2 2 2 2 2 2 2 2 2 0 2 0 2 2 2 2 2 2 2 2 2 2 2 2 2 2 2 2 2 2 2 2 2 2 2 2 2 2 2 2 2 2 2 2 2 2 2 0 2 2 2 2 0 2 2 2 2 0 2 2 2 2 2 2 2 2 2 2 2 2 2 2 2 2 2 2 2 0 2 2 2 2 2 0 1 2 2 2 2 2 2 2 0 2 2 2 0 2 2 2 2 2 2 2 2 2 2 2 0 2 2 2 2 2 2 0 2 2 2 2 0 0 0 2 2 2 2 2 2 2 0 2 2 2 2 2 2 2 2 2 2 2 2 2 2 2 2 2 2 2 2 2 2 2 2 2 0 2 2 2 2 2 2 0 2 2 2 2 0 2 2 2 2 0 2 2 0 2 2 2 2
531 0 2 0 2 2 2 2 2 0 2 2 2 2 2 2 2 2 2 0 2 2 2 2 2 2 2 2 2 2 0 2 2 2 2 2 2 2 2 2 2 2 2 2 2 2 0 2 2 0 2 2 0 2 2 2 2 2 2 0 2 2 2 2 2 2 2 2 2 2 2 2 0 2 2 2 0 0 2 2 2 2 2 2 2 2 2 0 2 0 2 2 2 2 2 2 2 2 2 2 0 2 2 2 2 0 2 2 2 2 2 2 2 0 2 2 0 2 2 2 2 0 2 2 2 2 2 2 2 2 2 2 2 2 2 2 2 2 2 2 0 2 0 2 2 2 0 0 0 2 2 2 0 2 2 2 2 2 2 2 2 2 2 2 2 2 2 2 2 2 2 2 2 0 2 2 0 2 2 2 2 2 2 2 2 2 2 2 2 2 2 2 2 2 2 0 2 0 2 2 1 2 0 2 2 2 0 2 2 2 2 2 2 0 2 2 2 2 2 2 2 2 2 2 2 2 2 2 0 2 2 2 2 2 2 2 2 2 2 2 2 2 2 2 0 2
532 2 2 2 2 2 2 2 2 2 2 2 2 2 2 2 2 2 2 2 2 2 2 2 2 2 2 2 2 2 2 2 2 2 2 2 2 2 2 2 2 2 2 0 2 2 2 0 2 2 2 2 2 2 2 2 2 2 2 2 2 2 2 2 0 0 2 2 2 2 2 2 2 2 2 2 2 2 2 2 2 0 2 2 2 2 2 2 2 2 2 2 2 2 2 2 2 2 2 2 2 2 2 2 2 2 2 2 2 2 2 2 2 2 2 2 2 2 2 2 2 2 2 2 2 0 2 2 2 2 2 0 2 2 2 2 0 2 2 0 2 2 2 2 2 2 2 2 2 2 2 2 0 0 2 2 0 2 2 2 2 2 2 2 2 2 2 2 2 2 2 2 2 0 0 2 2 2 2 2 2 2 2 2 2 2 2 2 2 2 2 2 2 2 2 0 0 2 0 2 1 2 2 2 2 2 2 2 2 0 2 2 2 2 2 2 1 2 2 2 2 0 2 2 2 2 2 2 2 2 2 2 2 2 2 2 2 2 2 2 2 2 2 2 2 2
533 2 2 2 2 2 2 2 2 2 0 2 2 2 2 2 2 2 2 2 2 2 2 2 2 0 2 2 2 2 2 2 2 2 2 2 2 0 2 0 2 2 2 2 2 0 2 2 2 2 0 2 2 2 2 2 2 2 2 2 2 2 2 2 2 2 2 2 2 2 0 2 2 2 2 2 2 2 2 2 0 2 2 2 2 2 2 2 2 2 2 2 0 2 2 2 2 2 2 2 2 2 2 2 2 2 2 2 2 2 2 2 2 2 2 2 2 2 2 2 2 2 2 2 2 2 2 2 2 2 2 2 2 2 2 2 2 2 2 2 2 0 2 2 2 2 2 2 2 2 2 2 2 2 2 2 2 2 2 2 2 2 2 2 2 2 2 2 2 2 2 2 2 2 2 2 2 2 2 2 2 2 0 2 2 2 2 2 0 2 2 2 2 2 2 2 2 2 2 2 2 2 2 2 0 2 2 2 2 2 2 2 2 2 2 2 2 2 2 2 2 2 2 2 2 2 0 2 2 2 2 2 2 2 2 2 2 0 2 2 2 2 2 2 2 2
534 2 2 2 2 2 2 2 2 2 2 2 2 2 2 2 2 2 2 2 2 2 2 2 2 2 2 2 2 2 2 2 2 2 0 2 1 2 2 2 2 2 2 2 2 2 2 2 2 2 2 2 2 2 2 2 2 2 2 2 2 2 2 2 2 2 2 2 2 2 2 2 2 2 2 2 2 2 2 2 2 2 2 2 2 2 2 2 2 2 2 2 2 2 0 2 2 0 2 2 2 2 2 2 2 2 2 0 2 2 2 2 2 2 2 2 2 2 2 2 2 2 2 2 2 2 2 2 2 2 2 2 2 2 2 2 2 2 2 2 2 2 2 2 2 2 2 2 2 1 2 2 2 2 2 2 2 2 2 2 2 0 2 2 2 0 2 2 1 2 2 2 0 0 2 2 2 2 2 2 2 2 2 0 2 2 2 2 2 2 2 2 0 2 2 0 2 2 2 2 2 2 2 2 2 2 2 2 2 2 2 2 2 2 2 2 1 2 2 2 2 2 2 2 2 2 2 0 2 2 2 2 2 2 2 2 2 2 2 2 2 2 2 2 2 2
535 2 2 2 2 2 2 2 2 2 2 2 2 2 2 2 2 2 2 2 2 2 2 2 2 0 2 2 2 2 2 2 2 2 2 2 2 0 2 2 2 2 2 2 2 2 2 2 2 2 2 2 2 2 2 2 2 2 2 2 2 2 2 2 2 2 2 2 2 2 0 2 2 2 2 2 2 2 2 2 0 2 2 2 2 0 2 2 2 2 2 2 2 2 2 2 2 2 2 2 2 2 2 2 2 2 2 2 2 2 2 2 2 2 2 2 2 2 2 0 2 0 2 2 2 2 2 2 2 2 2 2 2 2 2 2 2 2 2 2 2 2 2 2 2 2 2 2 2 2 2 2 2 2 2 2 2 2 2 2 2 2 2 2 2 2 2 2 2 2 2 2 2 2 2 2 0 2 2 2 2 2 0 2 2 2 2 2 0 2 2 2 2 2 2 2 2 0 2 2 2 2 2 2 0 2 2 2 2 2 2 2 2 2 2 2 2 2 2 2 2 2 2 2 2 2 0 2 2 2 2 2 2 2 2 2 2 0 2 0 2 2 2 2 2 2
536 2 0 0 2 0 0 0 0 2 0 2 2 0 2 0 0 0 2 2 0 2 0 0 2 2 0 0 0 2 2 2 0 2 2 0 0 2 0 2 2 2 2 2 0 0 0 2 2 0 2 2 0 0 0 0 0 2 0 0 2 2 0 2 2 2 0 0 2 2 2 0 2 2 0 0 2 0 2 0 2 0 0 2 0 2 0 0 0 0 0 2 2 2 0 0 2 0 2 0 0 0 0 0 2 0 2 0 0 0 0 0 0 0 2 2 2 0 0 2 2 2 2 2 0 0 0 2 0 2 2 2 0 0 2 2 2 0 2 2 0 0 0 0 0 0 0 0 0 0 2 2 0 2 2 2 2 0 0 0 0 0 2 0 0 0 0 0 1 0 0 2 0 0 0 0 2 2 2 0 2 0 2 0 0 2 0 2 2 0 0 1 0 0 2 0 2 2 0 0 1 2 0 0 2 2 0 2 0 2 2 0 2 0 0 2 0 0 0 2 2 2 0 2 2 2 2 0 0 0 2 0 2 2 0 2 0 2 2 2 0 0 0 0 0 2
537 2 2 2 2 2 2 2 2 2 0 2 2 2 2 2 2 2 2 2 2 0 2 2 2 0 2 2 2 2 2 0 2 2 2 2 2 0 2 2 1 2 2 0 2 0 2 0 2 2 2 2 2 2 2 2 2 2 2 2 0 2 2 2 2 2 2 2 2 2 0 2 2 2 2 2 2 2 2 2 0 2 2 2 2 0 2 2 2 2 2 2 2 2 2 2 2 2 2 2 2 2 2 2 0 2 2 2 2 2 2 2 2 2 0 1 0 2 2 0 2 0 2 2 2 2 2 2 2 0 2 2 2 2 2 2 2 2 2 2 2 0 2 2 2 2 2 2 2 2 1 2 2 0 2 2 0 2 2 2 2 2 2 2 2 2 2 2 2 2 2 2 2 2 2 2 0 2 2 2 2 2 0 2 2 0 2 2 0 2 2 2 2 2 2 2 2 0 2 2 2 2 2 2 0 2 2 2 2 0 2 2 2 2 2 2 2 2 2 2 2 0 2 2 2 2 0 2 2 2 2 2 2 2 2 2 2 0 2 0 2 2 2 2 2 2
538 2 2 2 2 2 2 2 2 2 2 2 2 2 2 2 2 2 2 2 2 2 2 2 2 2 2 2 2 2 2 2 2 0 2 2 1 2 2 2 2 2 0 2 2 2 2 2 2 2 2 2 2 2 2 2 2 2 2 2 2 2 2 0 2 2 2 2 2 2 2 2 2 0 2 2 2 2 2 2 2 2 2 0 2 2 2 2 2 2 2 2 2 0 2 2 0 2 2 2 2 2 2 2 2 2 2 2 2 2 2 2 2 2 2 2 2 2 2 2 0 2 2 2 2 2 2 2 2 2 2 2 2 2 0 2 2 2 2 2 2 2 2 2 2 2 2 2 2 2 2 0 2 2 2 2 2 2 2 2 2 2 2 2 2 2 2 2 2 2 2 2 2 2 2 2 2 2 2 2 2 2 2 2 2 2 2 0 2 2 2 1 2 2 2 2 2 2 2 2 2 2 2 2 2 2 2 0 2 2 2 2 0 2 2 0 2 2 2 0 2 2 2 2 0 2 2 2 2 2 2 2 2 2 2 0 2 2 2 2 2 2 2 2 2 2
539 2 0 2 2 0 0 0 2 2 0 2 2 0 2 0 0 2 2 2 0 2 0 0 2 2 2 2 0 2 2 2 0 2 2 0 2 2 0 2 2 2 2 2 0 0 2 2 2 2 2 2 0 0 0 0 0 2 0 2 2 2 2 2 2 2 0 0 2 0 2 0 2 2 0 2 2 2 2 2 2 2 2 2 0 2 2 2 0 0 0 2 2 2 2 2 2 0 0 2 2 0 2 0 2 0 2 0 2 2 0 0 0 0 2 2 2 0 0 2 2 2 2 2 0 2 0 0 2 2 2 2 0 0 2 2 0 0 2 2 2 0 0 2 0 0 2 0 2 0 1 2 2 2 0 2 2 2 0 0 2 0 0 0 0 0 2 2 2 0 2 0 0 2 2 2 2 2 0 2 2 2 2 0 2 2 2 2 2 0 2 2 2 0 2 2 0 2 2 2 1 0 2 2 2 2 0 2 2 2 2 2 2 2 0 2 0 2 2 2 2 2 2 2 2 0 2 2 2 2 2 2 2 2 2 2 2 2 2 2 2 0 0 0 2 0
540 2 2 2 0 2 2 2 2 2 2 2 0 2 0 2 2 2 0 2 2 2 2 2 0 2 2 2 2 0 2 2 2 2 2 2 2 2 2 2 0 0 2 2 2 2 2 2 0 2 2 0 2 2 2 2 2 2 2 2 2 0 2 2 2 2 2 2 2 2 2 2 2 2 2 2 2 2 0 1 2 2 2 2 2 2 2 2 2 2 2 2 2 2 2 2 2 2 2 2 2 2 2 2 2 2 2 2 2 2 2 2 2 2 2 0 0 2 2 2 2 2 2 0 2 2 2 2 2 2 2 2 2 2 2 2 2 2 2 2 2 2 2 2 2 2 2 2 2 2 2 2 2 2 2 2 0 2 2 2 2 2 2 2 2 2 2 2 2 2 2 2 2 2 2 2 2 2 2 2 0 2 2 2 2 2 2 2 2 2 2 2 2 2 2 2 2 2 2 2 2 2 2 2 2 2 2 2 2 2 0 2 2 2 2 2 2 2 2 2 2 2 2 2 2 2 2 2 2 2 2 2 2 0 2 2 2 2 0 2 2 2 2 2 2 2
541 0 0 0 0 0 0 0 2 2 0 2 0 0 0 0 0 0 0 0 0 0 0 0 0 2 0 0 0 0 0 2 0 0 0 0 0 2 0 0 0 0 0 0 0 0 0 0 0 0 2 0 0 0 0 0 0 0 0 0 0 0 0 0 2 2 0 0 2 0 2 2 0 0 0 0 0 0 0 0 2 0 0 0 0 2 0 0 0 0 0 2 0 0 0 0 0 0 0 2 0 0 0 0 2 0 2 0 0 0 0 0 0 0 0 0 0 0 0 2 0 2 0 0 0 2 0 0 0 2 0 2 0 0 0 0 0 0 1 2 0 0 0 0 0 2 0 0 0 0 0 0 0 0 0 0 0 0 0 0 0 0 0 0 0 0 0 0 1 0 0 0 0 0 0 0 2 2 0 0 0 0 2 0 0 2 0 0 2 0 0 0 0 0 0 0 0 2 0 0 0 0 0 0 2 0 0 0 0 0 0 0 0 0 2 0 0 0 0 0 2 2 0 2 0 0 2 0 0 0 0 0 0 0 0 0 0 2 0 2 0 0 0 0 0 0
542 2 0 0 0 0 0 0 0 0 0 0 0 0 0 0 0 0 0 2 0 0 0 0 0 0 0 0 0 0 2 0 0 0 0 0 0 0 0 0 0 0 0 0 0 0 0 0 0 0 0 0 0 0 0 0 0 0 0 0 0 0 0 0 0 0 0 0 0 0 0 0 0 0 0 0 2 0 0 0 0 0 0 0 0 0 0 0 0 0 0 0 0 0 0 0 0 0 0 0 0 0 0 0 0 0 0 0 0 0 0 0 0 0 2 0 0 0 0 0 0 0 0 0 0 0 0 0 0 0 2 0 2 0 0 0 0 0 0 0 0 0 0 0 0 0 0 0 0 0 0 0 0 0 0 0 0 0 0 0 2 0 0 0 0 0 0 0 1 0 2 0 0 0 2 0 0 2 0 2 0 0 0 0 0 0 0 0 0 0 0 0 0 0 0 0 0 0 0 0 0 0 0 0 0 0 0 0 0 0 0 0 0 0 0 0 0 0 0 0 2 0 0 0 0 0 0 0 0 0 2 0 2 0 0 0 0 0 0 0 0 0 0 0 0 0
543 2 0 0 0 0 0 0 0 0 0 0 0 0 0 0 0 0 0 2 0 0 0 0 0 0 0 0 0 0 2 0 0 0 0 0 0 0 0 0 0 0 0 0 0 0 0 0 0 0 0 0 0 0 0 0 0 0 0 0 0 0 0 0 0 0 0 0 0 0 0 0 0 0 0 0 2 0 0 0 0 0 0 0 0 0 0 0 0 0 0 0 0 0 0 0 0 0 0 0 0 0 0 0 0 0 0 0 0 0 0 0 0 0 2 0 0 0 0 0 0 0 0 0 0 0 0 0 0 0 2 0 2 0 0 0 0 0 0 0 0 0 0 0 0 0 0 0 0 0 0 0 0 0 0 0 0 0 0 0 2 0 0 0 0 0 0 0 1 0 2 0 0 0 2 0 0 2 0 2 0 0 0 0 0 0 0 0 0 0 0 0 0 0 0 0 0 0 0 0 0 0 0 0 0 0 0 0 0 0 0 0 0 0 0 0 0 0 0 0 2 0 0 0 0 0 0 0 0 0 2 0 2 0 0 0 0 0 0 0 0 0 0 0 0 0
544 2 2 2 2 2 0 0 2 2 2 2 2 2 2 0 0 0 2 2 0 2 2 2 2 2 2 0 2 2 2 2 2 2 0 2 0 2 2 2 2 2 2 2 2 2 2 2 2 2 2 2 2 2 2 2 2 2 2 2 2 2 0 2 2 2 2 2 2 2 2 2 2 0 2 0 2 2 2 2 2 0 0 2 2 2 0 2 2 2 2 2 2 2 2 0 2 2 2 2 2 2 0 2 2 2 2 0 2 0 2 2 2 2 2 2 2 0 2 2 2 2 2 2 2 0 0 0 0 2 2 2 2 2 2 2 2 2 2 2 2 2 2 0 2 2 0 2 0 1 2 2 2 2 2 0 0 0 0 2 2 2 0 2 0 0 0 0 2 2 2 2 2 0 2 0 2 2 2 2 2 0 2 2 0 2 0 2 2 0 0 1 0 2 2 0 2 2 0 0 2 2 2 0 2 2 2 0 0 2 2 0 0 2 2 0 0 0 1 0 2 2 2 2 2 2 2 0 0 2 2 0 2 2 0 0 2 2 2 2 2 0 0 2 2 2
545 2 0 2 2 2 2 2 2 0 2 2 2 2 0 2 2 2 2 2 0 2 2 2 0 2 2 2 2 2 2 0 2 2 2 2 2 2 0 2 0 2 2 2 2 2 2 2 2 2 0 2 0 2 2 2 2 2 0 2 2 0 2 0 2 2 2 0 0 2 2 2 2 2 2 2 2 2 2 2 2 2 2 2 0 2 2 2 2 0 2 2 2 2 2 2 2 0 2 2 2 2 2 0 0 0 2 2 2 2 2 2 2 2 2 0 0 2 2 2 2 2 2 2 2 2 2 2 2 2 2 2 2 2 2 0 2 2 2 2 2 2 2 2 2 2 2 0 2 1 2 2 2 2 2 2 2 0 2 2 2 0 0 2 2 2 2 2 2 2 2 2 2 2 2 2 2 2 2 2 2 2 2 0 2 0 0 2 2 0 2 2 2 2 2 2 2 2 2 2 0 2 2 2 0 0 2 0 2 2 2 2 2 2 2 2 2 2 1 2 2 2 0 0 2 2 2 2 2 2 2 2 2 2 2 2 2 2 2 2 0 2 2 2 2 2
546 2 2 2 2 0 2 2 2 2 2 2 2 0 2 2 2 2 2 2 2 2 2 2 2 2 2 2 2 2 2 2 2 2 2 0 2 2 2 2 2 2 2 2 2 2 2 2 2 2 2 2 2 0 2 2 2 2 2 2 2 2 2 2 2 0 0 2 2 2 2 2 2 2 0 2 2 2 2 2 2 2 2 2 2 2 2 2 0 2 0 2 2 2 2 2 2 2 2 2 2 2 2 2 2 2 2 2 2 2 0 0 2 2 2 2 2 2 2 2 2 2 2 2 2 2 2 2 2 2 2 2 2 0 2 2 2 0 2 2 2 2 2 2 0 2 2 2 2 2 2 2 2 2 2 2 2 2 2 0 2 2 2 2 2 2 2 2 2 2 2 2 0 2 2 2 2 2 2 2 2 2 2 2 2 2 2 0 2 2 2 2 2 0 2 2 2 2 2 2 2 2 2 2 2 2 2 2 2 2 2 2 2 2 2 0 2 2 2 2 2 2 2 2 0 2 2 2 2 2 2 2 2 2 2 2 2 2 2 2 2 2 2 0 2 2
547 2 2 2 2 2 2 0 2 2 2 2 2 2 2 2 2 2 2 2 2 2 2 0 2 2 2 2 2 2 2 2 2 0 2 2 2 2 2 2 2 2 0 2 2 2 2 2 2 2 2 2 2 2 2 0 0 2 2 2 2 2 2 0 2 2 2 2 2 2 0 2 2 2 2 2 2 2 2 2 2 2 2 0 2 2 2 2 2 2 2 2 2 0 2 2 0 2 2 2 2 2 2 2 2 2 2 2 2 2 2 2 2 2 2 2 2 2 2 2 0 2 2 2 2 0 0 2 2 2 2 2 0 2 0 2 2 2 2 2 2 2 2 2 2 2 2 2 2 2 2 0 2 2 2 0 2 2 2 2 2 2 2 0 2 2 2 2 2 2 2 2 2 2 2 2 2 2 2 2 2 2 2 2 2 2 2 2 2 2 2 1 2 2 2 2 2 2 2 2 2 2 2 2 2 2 2 2 2 2 2 2 0 2 2 2 2 2 2 2 2 2 2 2 2 2 0 2 2 2 2 2 2 2 2 0 2 2 2 2 2 2 2 2 2 2
548 0 2 2 2 2 2 0 2 2 2 2 2 2 2 2 0 2 2 2 0 2 2 0 2 2 0 2 2 2 2 2 2 0 2 0 2 2 2 2 2 2 0 2 2 2 2 2 2 2 2 2 2 2 2 0 0 2 2 2 2 2 0 0 2 2 2 2 2 2 0 2 2 0 2 2 2 2 2 2 0 2 0 0 2 0 2 2 2 2 0 0 2 0 0 0 0 0 0 2 2 2 2 2 2 2 0 2 2 0 2 2 2 2 0 2 2 2 2 2 0 2 2 0 2 0 0 2 2 2 0 2 0 0 0 2 2 0 0 0 2 2 0 2 0 2 2 2 2 1 1 0 2 2 2 0 2 2 2 1 0 2 0 2 0 2 2 2 2 2 0 2 0 2 2 2 2 2 2 0 2 0 2 0 2 2 2 0 0 0 0 1 2 2 2 2 2 2 0 0 2 2 2 0 0 2 2 2 0 2 2 2 2 2 2 0 0 0 2 0 2 2 2 2 0 2 0 2 0 2 0 0 0 2 2 2 2 2 2 2 0 2 2 2 0 2
549 2 0 2 0 0 2 2 2 2 0 0 0 0 2 2 2 2 2 2 2 2 2 2 2 0 0 2 2 2 2 2 2 2 2 0 2 0 0 2 0 0 2 2 2 0 2 2 0 2 0 0 2 0 2 2 2 2 0 2 2 0 2 2 2 0 0 0 0 2 2 2 2 0 0 2 2 2 0 0 2 2 2 2 0 0 2 2 0 2 0 2 2 2 0 2 2 2 2 2 2 2 2 0 2 2 2 2 0 2 0 0 2 2 0 0 2 2 2 0 2 0 0 2 2 2 2 0 2 2 2 2 2 0 2 2 2 0 2 2 2 0 2 2 0 2 2 2 2 2 2 2 2 2 2 0 0 2 2 0 0 2 2 2 2 2 2 2 1 2 0 2 0 2 2 2 0 0 2 0 0 2 0 2 2 0 2 0 0 2 2 2 2 0 2 2 2 0 0 2 2 2 2 2 0 2 2 0 2 2 0 0 2 2 2 0 2 2 2 2 0 0 2 0 0 2 2 2 2 0 2 2 2 0 0 2 2 0 0 0 2 2 2 0 2 2
550 2 2 2 2 2 2 2 2 2 2 2 2 2 2 2 2 2 2 2 2 2 2 2 2 2 2 2 2 2 2 2 2 2 2 0 2 2 2 2 2 2 2 2 2 2 2 2 2 2 2 2 2 2 2 2 2 2 2 2 2 2 2 2 2 2 2 2 2 2 2 2 2 2 2 2 2 2 2 2 2 2 2 2 2 2 2 2 2 2 0 2 2 2 2 0 2 2 2 2 2 2 2 2 2 2 2 2 2 2 0 2 2 2 2 2 2 2 2 2 2 2 2 2 2 2 2 2 2 2 2 2 2 2 2 2 2 0 2 2 2 2 2 2 0 2 2 2 2 1 2 2 0 2 2 2 2 2 2 0 2 2 2 0 2 2 2 2 1 2 2 2 2 2 2 2 2 2 2 2 2 2 2 0 2 2 2 2 2 2 2 2 2 2 2 2 2 2 2 2 2 2 2 0 2 2 2 2 0 2 2 2 2 2 2 2 2 0 1 0 2 2 2 2 2 2 2 2 0 2 0 0 2 2 2 2 2 2 2 2 0 2 2 2 2 2
551 2 2 0 2 2 2 2 2 2 2 2 2 2 2 2 2 2 2 2 2 2 2 2 2 2 2 2 2 2 2 2 2 2 2 2 2 2 2 2 2 2 2 2 2 2 0 2 2 0 2 2 2 2 2 2 2 2 2 0 2 2 2 2 2 2 2 2 2 2 2 2 0 2 2 2 2 0 2 2 2 2 2 2 2 2 2 0 0 2 2 2 2 2 2 0 2 2 2 2 0 2 2 2 2 2 2 2 2 0 0 2 2 2 2 2 2 2 2 2 2 2 0 2 2 2 2 2 2 2 2 2 2 2 2 2 2 2 2 2 2 2 2 2 2 2 2 2 2 2 2 2 2 2 2 2 2 0 2 2 2 2 2 2 2 2 2 2 2 2 2 2 2 2 2 2 2 2 2 2 2 2 2 2 2 2 0 2 2 2 2 2 2 0 2 2 2 2 2 2 2 2 2 2 2 2 2 2 2 2 2 2 2 0 2 2 2 2 2 2 2 2 2 2 2 2 2 2 0 2 2 2 2 2 0 2 2 2 2 2 0 2 2 2 2 2
552 2 2 2 2 0 0 2 2 2 2 2 2 0 2 0 2 2 2 2 2 0 2 2 2 2 2 2 2 2 2 2 2 0 0 2 2 0 2 0 2 2 0 0 2 2 2 2 0 2 2 2 0 0 2 2 2 2 2 2 0 0 2 0 0 0 0 2 2 2 2 2 2 0 0 2 2 2 2 0 0 0 2 0 0 0 2 2 2 2 2 2 0 0 2 2 0 0 2 2 2 2 2 2 2 2 0 2 0 2 2 0 2 2 2 2 2 2 0 0 0 0 2 2 2 0 2 0 2 2 0 2 0 0 0 2 2 0 2 0 2 2 0 2 0 2 2 0 2 1 1 2 2 0 2 2 2 0 0 1 2 2 2 0 2 2 2 2 2 0 2 2 0 2 2 2 0 2 2 2 2 2 2 2 2 2 0 0 2 0 2 2 2 2 0 2 2 0 0 2 2 2 2 2 2 2 2 2 2 2 2 2 0 2 2 2 2 2 2 0 2 0 2 2 0 2 2 2 2 0 2 2 2 2 2 0 2 0 2 0 2 2 2 0 2 2
553 0 0 2 0 2 2 0 2 0 2 2 0 2 2 2 2 2 2 0 2 2 2 0 2 0 0 2 2 2 0 0 2 2 2 2 2 2 0 0 0 0 2 2 2 2 2 2 0 2 0 0 2 2 2 0 0 2 0 2 2 2 0 2 2 2 2 0 0 2 2 2 2 0 2 2 0 2 0 2 2 2 2 2 2 2 2 2 0 2 2 2 0 2 0 2 2 2 2 2 2 2 2 0 0 0 0 2 2 2 2 2 0 2 0 0 0 2 2 2 2 2 2 0 2 2 0 2 2 2 2 2 2 2 2 2 2 2 2 2 2 2 2 2 2 2 2 2 2 2 2 0 2 2 2 2 2 2 2 2 0 2 2 2 2 2 2 0 2 2 0 2 2 2 2 0 2 2 2 0 0 2 2 2 2 2 2 2 0 2 0 0 0 0 2 2 2 2 2 2 1 0 2 2 2 2 2 0 2 2 2 2 2 2 2 0 0 2 2 2 2 2 2 0 2 2 0 0 2 2 2 2 2 0 2 2 2 2 0 2 2 2 2 2 2 2
554 2 2 2 2 2 2 2 2 2 2 2 2 2 0 0 2 0 2 2 2 2 2 2 0 2 2 0 2 2 2 2 2 2 2 2 0 2 2 2 2 2 2 0 2 2 2 2 2 2 2 2 0 2 2 2 2 2 2 2 2 2 2 2 0 0 2 2 2 2 0 2 0 2 2 0 2 2 2 0 2 2 2 2 2 2 0 2 2 0 2 2 2 2 2 2 2 2 2 2 2 0 2 2 2 2 2 0 0 0 2 2 2 2 2 2 2 0 2 2 2 2 2 2 2 2 2 0 0 2 2 2 2 2 2 2 0 2 2 0 0 2 2 0 2 2 2 0 2 1 1 2 2 0 0 2 2 2 2 2 2 2 2 2 2 2 0 2 2 2 2 2 2 2 2 2 2 2 0 2 2 2 0 2 0 2 2 2 2 2 2 2 2 2 2 2 0 2 2 2 1 2 2 2 0 2 0 2 2 2 0 2 2 2 2 2 2 2 1 2 2 0 0 2 2 2 2 2 2 2 0 2 2 2 2 2 2 2 2 2 2 0 0 2 2 0
555 0 0 2 2 0 2 0 2 2 0 2 2 0 2 2 0 2 2 0 2 2 2 0 2 0 2 2 2 2 0 2 2 0 0 2 0 0 0 2 2 2 0 2 2 0 2 2 0 2 2 2 2 2 2 0 0 2 0 2 2 2 0 0 0 0 0 0 2 2 0 2 2 0 2 2 0 2 2 0 0 2 2 0 0 0 2 2 0 2 2 2 2 0 0 0 0 0 2 2 2 0 2 0 2 2 2 2 0 2 0 0 0 2 0 2 2 2 2 0 0 0 2 2 2 2 0 2 2 2 0 2 0 2 0 2 2 2 2 0 2 0 2 2 0 2 2 2 2 2 2 2 2 2 2 0 2 2 2 1 0 2 2 0 2 2 2 2 2 2 0 2 2 2 2 2 0 2 2 0 0 0 2 2 2 2 2 0 2 2 0 0 2 0 2 2 2 0 0 2 2 2 2 0 0 2 2 0 0 2 2 2 0 2 2 0 2 0 2 0 2 0 2 2 0 2 0 2 2 0 2 0 0 0 0 0 2 2 0 0 0 2 2 0 2 2
556 2 0 2 2 0 2 0 2 2 0 2 2 0 2 2 0 2 2 2 2 2 2 0 2 0 2 2 2 2 2 2 2 0 0 2 2 0 0 0 2 2 0 2 2 0 2 2 2 2 2 2 2 2 2 0 0 2 0 2 2 2 2 0 2 2 0 0 0 2 0 2 2 2 2 2 2 2 2 2 0 0 2 0 0 0 2 2 0 2 2 2 0 0 0 0 0 0 2 2 2 2 2 0 2 2 2 2 0 2 0 2 0 2 2 2 2 2 2 0 0 0 2 0 2 0 0 2 2 2 0 2 0 2 0 2 2 2 2 2 2 0 0 2 0 2 2 2 2 2 2 2 2 2 2 0 2 2 2 1 2 2 2 0 2 2 2 2 2 2 2 2 2 2 2 2 0 2 2 2 2 2 2 2 2 2 2 0 2 0 2 1 2 0 2 2 2 0 0 2 2 2 2 0 0 2 2 0 0 2 2 2 0 2 2 0 2 0 2 0 2 2 2 0 0 2 0 2 0 0 2 0 0 2 0 0 2 2 2 0 0 2 2 0 2 2
557 2 2 2 2 0 2 0 2 2 2 2 2 0 2 2 0 2 2 2 2 2 2 2 2 0 2 2 2 2 2 2 2 0 2 2 2 0 2 2 2 2 0 2 2 2 2 2 2 2 2 2 2 2 2 2 2 2 2 2 2 2 2 2 2 2 0 2 2 2 2 2 2 2 2 2 2 2 2 2 0 2 2 2 2 0 2 2 2 2 2 2 2 2 0 2 0 0 2 2 2 2 2 2 2 2 2 2 0 2 2 2 0 2 2 2 2 2 2 0 0 2 2 2 2 2 0 2 2 2 0 2 2 2 0 2 2 2 2 2 2 2 2 2 0 2 2 2 2 2 2 0 2 2 2 2 2 2 2 1 2 2 2 0 2 2 2 2 2 2 2 2 2 2 2 2 0 2 2 2 2 0 2 2 2 2 2 2 2 2 2 1 2 2 2 2 2 0 2 2 2 2 2 2 0 2 2 0 2 2 2 2 0 2 2 2 2 2 2 2 2 2 2 2 2 2 0 2 2 2 2 2 0 2 2 0 2 2 2 0 0 2 2 0 2 2
558 2 0 0 0 0 2 0 2 2 2 2 0 0 0 0 0 0 2 2 2 2 0 0 0 0 2 0 0 2 2 2 0 0 0 0 1 0 0 2 2 0 0 2 0 2 0 2 0 0 2 0 2 2 0 0 0 2 0 0 2 0 2 0 2 2 0 0 2 0 0 2 2 0 2 0 2 0 0 0 2 0 2 2 0 0 0 0 0 0 0 0 2 0 0 0 0 0 2 2 0 0 0 0 2 2 0 0 0 0 0 2 0 0 2 2 2 0 0 0 0 0 2 2 0 0 0 2 0 2 2 2 0 2 0 2 0 2 2 2 0 0 0 0 0 2 2 2 2 1 2 0 0 2 0 0 0 2 0 0 2 2 2 0 0 0 0 2 1 0 2 2 2 0 0 2 0 0 0 2 2 0 0 2 0 2 2 0 2 0 2 1 0 0 2 0 0 0 0 0 1 2 0 0 0 2 2 0 0 2 2 0 0 0 2 0 0 0 2 0 0 2 0 2 0 2 0 0 0 0 0 0 0 2 0 0 2 2 2 0 0 0 0 0 0 0
559 0 2 2 2 2 0 2 2 2 0 2 2 2 2 2 2 2 2 2 2 2 2 2 2 2 2 2 2 2 2 2 2 2 2 0 2 2 2 2 2 2 2 2 2 0 2 0 0 2 2 2 2 0 2 2 2 2 2 2 0 2 2 2 2 2 2 2 2 2 2 2 2 2 0 2 2 2 2 2 2 2 2 2 2 2 2 2 2 2 0 2 2 2 2 2 2 2 2 2 2 2 2 2 2 2 2 2 0 2 2 2 2 2 2 2 2 0 2 2 2 2 2 2 2 2 2 2 2 2 2 2 2 0 2 2 2 0 0 2 2 0 2 2 0 2 2 2 0 1 2 2 2 2 2 2 2 0 2 1 2 2 2 2 2 0 2 2 2 2 2 2 0 2 2 2 2 2 2 2 2 2 2 2 2 2 0 2 2 2 2 2 2 2 2 2 2 2 2 2 2 2 2 2 2 2 2 2 2 0 2 2 2 2 2 2 2 2 2 2 2 2 2 2 2 2 2 2 2 2 2 2 2 2 2 2 2 2 2 2 2 0 2 2 2 2
560 0 0 2 0 0 0 2 2 2 0 2 0 0 0 2 0 0 2 2 2 0 2 0 0 2 0 2 2 2 2 0 2 0 0 0 2 0 0 2 2 0 0 2 2 0 2 0 0 2 0 0 2 0 2 0 0 0 0 2 0 0 0 0 0 0 0 0 0 0 0 2 2 0 0 0 2 2 0 0 0 0 0 0 0 0 2 2 0 2 0 0 2 0 0 0 0 0 0 2 2 0 2 0 0 2 0 2 2 0 0 0 2 0 0 2 0 0 0 0 0 2 2 0 2 0 2 2 0 0 0 2 0 0 0 2 2 0 0 0 2 0 0 2 0 0 0 2 0 1 2 0 2 2 2 0 2 0 0 1 0 2 0 0 0 0 2 2 0 0 0 0 0 2 2 2 0 0 2 0 0 0 0 0 2 0 0 0 0 0 0 1 2 0 2 2 2 0 0 0 2 0 2 2 2 2 0 2 2 0 2 2 2 2 0 0 2 2 1 0 0 0 2 0 0 0 2 2 0 0 2 2 0 0 0 2 0 2 0 0 2 0 0 0 0 2
561 2 2 2 2 2 0 2 2 2 2 2 2 2 2 2 2 2 2 2 2 2 2 2 2 2 2 2 2 2 2 2 2 2 2 0 2 2 2 2 2 2 2 2 2 2 2 2 2 2 2 2 2 0 2 2 2 2 2 2 2 2 2 2 2 2 2 2 2 2 2 2 2 2 0 2 2 2 2 2 2 2 2 2 2 2 2 2 2 2 0 2 2 2 2 2 2 2 2 2 2 2 2 2 2 2 2 2 2 2 2 2 2 2 2 2 2 0 2 2 2 2 2 2 2 2 2 2 2 2 2 2 2 0 2 2 2 0 0 2 2 2 2 2 0 2 2 2 2 1 2 2 2 2 2 2 2 0 2 1 2 2 2 2 2 2 2 2 2 2 2 2 0 2 2 2 2 2 2 2 2 2 2 2 2 2 0 2 2 2 2 2 2 2 2 2 2 2 2 2 2 2 2 2 2 2 2 2 2 2 2 2 2 2 2 2 2 2 2 2 2 2 2 2 2 2 2 2 2 2 2 2 2 2 2 2 2 2 2 2 2 0 2 2 2 2
562 2 2 2 2 2 2 2 2 2 2 2 2 2 2 0 2 0 2 2 2 2 0 2 2 0 2 0 0 2 2 2 0 2 2 2 1 2 2 2 2 2 2 2 2 2 2 2 2 2 2 2 2 2 2 2 2 2 2 2 2 2 2 2 2 2 2 2 2 2 2 2 2 2 2 0 2 2 2 2 2 2 2 2 2 2 0 2 2 2 2 0 2 2 2 0 2 2 2 2 2 0 0 2 2 2 2 0 2 2 2 2 2 2 2 2 2 2 2 2 2 0 2 2 2 2 2 2 2 2 2 2 2 2 2 2 0 2 2 2 0 2 2 0 2 2 2 2 2 1 2 2 2 2 0 2 0 2 2 1 2 0 2 2 0 0 0 0 2 2 2 2 2 0 2 0 2 2 0 2 2 0 2 2 0 2 2 2 2 2 2 2 0 2 2 0 0 2 2 0 2 2 0 0 2 2 2 0 0 2 2 2 2 2 2 2 0 0 2 2 2 2 2 2 2 2 2 0 0 2 0 0 2 2 0 2 2 2 2 2 0 2 0 2 0 0
563 0 0 2 2 0 0 0 0 0 0 0 0 0 0 0 0 0 0 0 0 0 0 0 0 0 0 0 0 0 0 0 0 0 0 0 0 0 0 0 0 0 0 0 0 0 2 0 0 2 0 0 0 0 0 0 0 0 0 2 0 2 2 0 2 2 0 0 2 2 0 0 0 2 0 0 0 2 0 2 0 0 0 0 0 0 0 2 0 0 0 0 0 0 0 0 0 0 0 0 2 0 0 0 0 0 0 0 0 0 0 0 0 0 2 0 0 0 0 0 0 0 0 0 0 0 0 0 0 0 0 0 0 0 0 0 0 0 0 2 0 0 0 0 0 0 0 0 0 0 0 0 0 0 0 0 0 0 0 0 2 0 0 0 0 0 0 0 1 0 2 0 0 0 0 0 0 2 0 2 2 0 0 0 0 0 0 0 0 0 2 1 0 0 0 0 0 0 0 0 0 0 0 0 0 0 0 0 0 0 0 0 0 2 0 0 0 0 0 0 2 2 0 2 0 0 0 0 0 0 0 0 0 2 0 1 2 0 2 0 0 0 0 0 0 0
564 2 2 2 2 2 2 2 0 2 0 0 2 2 2 2 2 0 2 2 0 2 2 2 2 2 2 0 2 2 2 0 2 2 2 2 1 2 2 2 2 2 2 0 0 0 2 0 2 2 2 0 0 2 0 2 2 0 2 2 2 0 0 2 0 0 2 2 2 2 2 0 2 0 2 0 2 2 2 2 2 0 2 2 2 2 0 2 2 0 2 0 2 2 2 2 2 2 2 0 2 0 0 2 0 0 2 0 2 2 2 2 2 0 0 2 2 2 2 2 2 0 0 2 0 2 2 2 2 2 2 0 2 2 2 2 0 2 2 0 0 2 2 0 2 0 0 0 2 2 1 2 0 0 2 2 0 2 2 2 0 0 2 2 0 0 0 2 2 2 0 2 0 0 0 2 2 2 2 0 0 2 0 0 0 0 2 2 2 2 0 1 0 2 0 0 0 2 2 0 0 2 0 2 2 2 2 2 2 0 0 0 2 2 0 2 2 2 2 2 2 0 2 2 2 2 2 0 0 2 0 2 2 0 0 2 0 0 0 2 2 2 0 2 0 2
565 2 2 2 2 2 0 2 2 2 2 2 2 2 2 2 2 2 2 2 2 2 2 2 2 0 2 0 2 2 2 2 2 0 2 0 1 2 2 2 2 2 0 2 2 2 2 2 2 2 2 2 2 0 2 2 2 2 2 2 2 2 2 2 2 2 2 2 2 2 2 2 2 2 0 2 2 2 2 0 2 2 2 2 2 2 0 2 2 2 0 2 2 2 2 0 0 2 2 2 2 2 2 2 2 2 2 0 2 0 2 2 2 2 2 2 2 2 2 2 0 2 2 2 2 2 2 2 2 2 2 2 2 0 0 2 2 0 0 2 2 2 2 0 0 2 2 2 2 1 2 2 2 2 0 2 2 0 2 0 2 2 2 2 2 2 0 2 2 2 2 2 0 2 2 2 2 2 0 2 2 0 0 2 0 2 0 2 2 2 2 2 0 2 2 2 2 2 2 2 2 2 2 0 2 2 2 0 0 2 2 2 2 2 2 2 0 0 2 2 2 2 2 2 2 2 2 0 2 2 2 0 2 2 2 2 2 2 2 2 0 2 2 2 2 0
566 2 0 0 2 0 0 0 0 0 0 2 0 0 2 0 0 0 0 2 2 2 2 0 2 0 0 0 2 0 2 0 2 0 2 0 0 0 0 0 0 0 0 0 0 0 0 0 0 0 0 0 0 0 0 0 0 0 0 0 0 0 0 0 2 0 0 0 2 2 0 2 0 2 0 0 2 0 0 0 0 0 0 0 0 0 0 0 0 0 0 0 0 0 0 0 0 2 0 0 0 2 0 0 0 0 0 0 0 0 0 0 0 0 0 0 0 0 0 0 0 0 2 0 0 0 0 0 0 2 2 0 0 0 0 0 0 0 0 0 0 0 0 0 0 0 0 0 2 1 1 0 0 0 0 0 0 0 0 0 0 0 0 0 0 2 0 0 1 0 0 0 0 2 0 0 0 0 0 0 0 0 0 0 0 0 0 0 2 0 0 0 0 0 2 2 0 0 0 0 0 0 2 0 0 0 2 0 0 0 0 0 0 0 0 0 0 0 2 0 0 2 2 2 0 0 0 0 2 0 0 0 0 0 0 0 0 2 0 0 0 0 0 0 0 0
567 2 0 2 2 2 2 0 2 2 2 2 2 2 2 2 0 2 2 2 2 2 2 0 2 2 0 2 2 2 2 2 2 0 0 2 2 0 0 2 2 2 0 2 2 2 2 2 2 2 0 2 2 2 2 0 0 2 0 2 2 2 2 2 2 2 2 0 2 2 2 2 2 2 2 2 2 2 2 0 2 2 2 0 2 2 2 2 2 2 2 2 2 0 2 2 0 2 0 2 2 2 2 0 2 2 2 2 0 2 2 2 2 2 2 2 2 0 0 2 0 2 2 0 2 2 0 0 2 2 0 2 0 2 0 2 2 2 2 2 2 2 0 2 2 2 2 2 0 2 2 2 2 2 0 2 2 2 2 2 2 2 2 2 2 2 2 2 2 2 2 2 2 2 2 2 2 2 0 2 2 2 2 2 2 2 2 0 0 0 2 2 2 2 2 2 2 2 0 2 2 0 2 2 2 2 0 2 2 2 2 2 2 2 2 0 2 2 0 0 2 2 0 2 0 2 2 2 2 2 2 2 0 2 2 2 2 2 2 2 2 0 2 2 2 0
568 2 2 2 2 2 2 2 2 2 2 2 2 2 0 2 2 2 2 2 0 2 2 2 0 0 2 2 2 2 2 2 2 2 2 2 2 2 2 2 2 2 2 2 2 2 2 2 2 2 2 2 2 2 2 2 2 2 2 2 2 2 0 2 2 2 2 2 2 2 2 2 0 2 2 2 2 2 2 2 2 2 2 2 2 2 2 2 2 2 2 2 2 2 2 2 2 2 2 2 2 2 2 2 2 2 2 2 2 2 2 2 2 2 0 0 2 2 2 2 2 2 2 2 2 2 2 2 2 2 2 2 2 2 2 2 2 2 2 2 2 2 2 2 2 2 2 2 2 2 2 2 2 2 2 2 2 2 2 2 2 2 2 2 2 2 2 2 1 2 2 2 2 2 2 2 2 0 2 2 0 2 2 2 2 2 2 2 2 2 0 1 2 2 0 2 2 2 2 2 2 2 2 2 2 2 2 0 2 2 2 2 2 2 2 2 2 2 2 2 0 2 2 2 2 2 2 2 2 2 2 2 2 0 2 2 0 2 0 2 2 2 2 2 2 2
569 2 2 2 2 2 0 2 2 2 2 2 2 2 2 2 2 2 2 2 2 2 2 2 2 2 2 2 2 2 2 2 2 2 2 0 1 2 2 2 2 2 2 2 2 2 2 2 2 2 2 2 2 2 2 2 2 2 2 2 2 2 2 2 2 2 2 2 2 2 2 2 2 2 2 2 2 2 2 2 2 0 2 2 2 2 2 2 2 2 0 2 2 2 2 2 2 2 2 2 2 2 2 2 2 2 0 2 2 0 2 2 2 2 2 2 2 2 2 2 2 2 2 2 2 2 2 2 2 2 2 2 2 0 2 2 2 0 0 2 2 2 2 2 0 2 2 2 2 1 2 2 2 2 2 2 2 2 2 1 2 2 0 0 2 2 2 0 2 2 2 0 0 2 2 0 2 2 2 2 2 2 2 2 2 2 2 2 2 2 2 2 2 2 2 2 2 2 2 2 2 2 2 2 2 2 2 2 2 2 2 2 2 2 2 2 2 2 2 2 2 2 2 2 2 0 2 2 2 2 2 2 2 2 2 2 2 2 2 2 2 2 2 2 2 2
570 2 2 2 2 2 2 2 0 2 2 2 2 2 2 2 2 2 2 2 2 2 2 2 2 2 2 2 2 2 2 2 2 2 2 2 2 2 2 2 2 2 2 2 0 2 2 2 2 2 2 2 2 2 0 2 2 0 2 2 2 2 2 2 2 2 2 2 2 2 2 2 2 2 2 2 2 2 2 2 2 2 0 2 2 2 2 2 2 2 2 2 2 2 2 2 2 2 2 0 2 2 2 2 2 0 2 2 2 2 2 2 2 2 2 2 2 2 2 2 2 2 2 2 0 2 2 0 2 2 2 2 2 2 2 2 2 2 2 2 2 2 2 2 2 2 2 2 0 2 2 2 2 0 2 2 2 2 2 2 2 2 2 2 2 2 2 2 2 2 2 2 2 2 0 2 2 2 2 2 2 2 2 2 2 2 2 2 2 2 2 2 2 2 2 2 2 2 2 2 1 2 2 2 2 2 2 2 2 2 2 0 2 2 2 2 2 2 2 2 2 2 2 2 2 2 2 2 2 2 2 2 2 2 2 2 2 2 2 2 2 2 2 2 2 2
571 2 2 2 2 2 2 2 2 2 2 2 2 2 2 2 2 2 2 2 2 2 2 2 2 0 2 2 2 2 2 2 2 2 0 2 1 2 2 2 2 2 2 2 2 2 2 2 2 2 2 2 2 2 2 2 2 2 2 2 2 2 2 0 2 2 2 2 2 2 2 2 2 2 2 2 2 2 2 0 2 2 2 2 2 0 2 2 2 2 2 2 2 2 0 2 2 2 2 2 2 0 0 2 2 2 2 2 2 2 0 2 2 2 2 2 2 2 2 2 2 2 2 2 2 0 2 2 2 2 2 2 2 2 2 2 2 2 2 2 2 2 2 2 2 2 2 2 2 2 2 2 2 2 2 0 2 2 2 2 2 2 2 2 2 2 2 2 2 2 2 2 2 2 2 2 2 2 2 2 2 2 2 2 2 2 2 2 2 2 2 2 2 2 2 2 2 2 2 2 2 2 2 2 2 2 0 2 2 2 2 2 0 2 2 2 2 2 2 0 2 2 2 2 2 2 2 2 2 0 2 2 2 2 0 0 2 2 2 2 2 2 2 2 2 2
572 2 2 2 2 2 2 2 2 2 2 2 2 2 2 2 2 0 2 2 2 2 2 2 2 2 2 2 2 2 2 2 2 2 2 2 2 2 2 2 2 2 2 2 2 2 2 2 2 2 2 2 2 2 2 2 2 2 2 2 2 2 2 2 2 2 2 2 0 2 2 2 2 2 2 0 2 2 2 2 2 2 2 2 2 2 2 2 2 2 2 0 2 2 2 2 2 2 2 2 2 0 0 2 2 0 2 2 2 2 2 2 2 2 2 2 2 2 2 2 2 2 2 2 2 2 2 2 2 2 2 2 2 2 2 2 2 2 2 2 2 2 2 2 2 2 2 2 2 2 2 2 2 2 2 2 2 2 2 2 2 0 2 2 2 2 2 0 2 2 2 2 2 2 2 0 2 2 2 2 2 2 2 2 2 2 2 0 2 2 2 2 2 2 2 0 2 2 2 2 2 2 2 2 2 2 2 2 2 2 2 2 2 2 2 2 2 2 1 2 2 2 2 0 2 2 2 2 2 2 0 2 2 2 0 2 0 2 2 2 2 2 2 2 2 2
573 2 2 2 0 2 0 2 2 2 0 2 0 2 2 2 2 2 2 0 2 2 2 2 2 0 2 0 2 2 0 2 2 0 0 0 1 2 2 2 0 0 0 2 2 0 2 2 2 2 2 0 2 2 2 2 2 0 2 2 2 2 2 2 2 2 2 2 2 2 2 2 2 2 2 2 0 2 0 0 2 2 2 0 2 0 0 2 2 2 0 2 2 2 0 0 0 2 0 2 2 2 2 2 2 2 2 2 2 2 0 2 2 2 2 2 2 2 0 0 0 2 2 2 2 0 2 2 2 0 2 2 0 0 0 2 0 0 0 2 2 2 2 0 0 0 2 2 0 1 2 0 2 2 2 0 0 0 2 0 2 2 2 0 2 2 0 2 2 2 2 2 0 2 2 2 0 2 2 2 2 0 2 2 0 2 0 2 0 2 2 2 2 2 2 2 2 0 2 2 2 0 2 0 2 2 0 2 0 2 2 0 0 2 0 2 0 0 2 0 2 2 2 2 2 2 2 2 2 0 2 0 2 2 2 0 2 2 2 0 0 2 2 0 2 2
574 2 2 2 2 2 2 2 2 2 2 2 2 2 2 2 2 2 2 2 2 2 2 2 2 2 2 2 2 2 2 2 2 2 2 2 2 2 2 2 2 2 2 2 2 2 2 2 2 2 2 2 2 2 2 2 2 2 2 2 2 2 2 2 2 2 2 2 2 2 2 2 2 2 2 2 2 2 2 2 2 2 2 2 2 2 2 2 2 2 2 2 2 2 2 0 2 2 2 2 2 0 2 2 2 2 2 0 2 2 2 2 2 2 2 2 2 2 2 2 2 2 2 2 2 2 2 2 2 0 2 2 2 2 2 2 2 2 2 2 2 2 2 2 2 2 0 2 2 2 2 0 2 2 2 2 0 0 2 2 2 2 2 2 0 2 2 0 2 2 2 2 2 2 2 0 2 2 2 2 2 0 2 2 2 2 0 2 2 0 2 2 0 2 2 2 2 2 2 0 2 2 2 0 2 2 0 2 0 2 2 2 2 2 2 2 0 0 2 2 2 2 2 2 2 2 2 0 2 2 2 0 2 2 2 2 2 2 2 2 0 2 2 0 0 2
575 0 2 2 0 2 2 2 2 0 0 2 0 2 0 2 2 2 0 0 0 2 0 2 0 2 2 0 0 0 0 0 0 2 2 2 1 2 2 0 2 0 2 2 0 0 2 2 0 2 0 0 2 2 0 2 2 2 2 2 0 2 0 2 2 2 2 2 0 0 2 2 2 2 2 2 0 2 0 2 0 2 2 2 2 2 0 2 2 2 2 0 0 2 2 0 2 2 2 2 2 0 0 2 0 2 2 2 2 2 2 2 2 0 0 2 0 2 2 2 2 2 2 0 0 0 2 2 2 2 2 0 2 2 2 2 0 2 2 2 2 0 2 0 2 2 2 2 2 2 2 2 2 2 2 2 0 2 2 2 0 2 2 2 2 2 0 0 2 2 0 2 2 2 2 0 2 2 2 0 0 2 0 2 0 2 2 2 2 0 0 1 0 2 2 0 2 2 2 0 2 2 2 0 2 2 2 2 0 2 2 2 2 2 2 2 2 0 2 2 2 2 2 0 2 2 2 0 2 2 2 0 2 0 2 2 0 2 0 2 2 2 2 2 0 2
576 0 0 0 0 2 0 2 0 0 0 2 0 2 0 2 0 0 0 0 0 0 0 2 0 0 0 0 0 0 0 0 0 2 0 2 0 2 0 0 2 2 2 0 0 0 0 0 0 0 0 2 2 0 0 2 2 0 0 0 0 0 0 2 0 0 2 0 0 0 2 0 2 2 0 0 0 0 0 2 0 0 0 0 2 2 0 0 2 0 2 0 0 2 2 2 2 2 0 0 0 0 0 0 0 0 0 2 2 0 2 2 0 0 0 2 0 0 0 2 2 0 2 0 0 0 2 0 0 2 0 0 2 2 2 0 0 0 0 0 0 0 2 0 0 0 2 2 0 1 0 0 0 2 0 2 0 2 0 1 2 0 0 0 2 0 0 0 1 0 2 0 2 0 0 0 2 0 0 2 0 0 2 0 0 2 2 0 2 0 0 0 0 2 2 2 0 2 2 0 0 0 0 2 2 0 0 0 2 0 0 0 0 0 0 2 0 2 2 2 0 2 2 0 2 0 0 0 0 0 0 2 0 0 0 0 2 0 0 2 2 0 0 0 0 0
577 0 2 2 2 2 2 2 2 2 2 2 2 2 2 2 2 2 2 0 2 2 2 0 2 2 2 2 2 2 0 2 2 0 2 2 2 2 2 2 2 2 0 2 2 2 2 2 2 2 2 2 2 0 2 0 0 2 2 2 2 2 2 2 2 2 2 2 2 2 2 2 2 2 1 2 0 2 2 2 2 2 2 2 2 2 2 2 2 0 2 0 2 2 2 2 0 2 2 2 2 2 2 2 2 2 2 2 2 2 2 2 2 2 2 2 2 2 2 2 0 2 2 2 2 2 2 0 2 2 2 2 2 2 0 2 2 2 2 2 2 2 2 2 2 2 2 2 2 2 0 2 2 2 2 2 2 2 2 2 0 0 2 2 2 2 2 2 2 2 0 2 2 2 2 2 2 2 2 0 2 0 2 2 2 2 2 2 2 2 2 2 2 2 2 2 2 2 0 2 2 2 2 2 2 2 2 2 2 2 0 2 2 2 2 2 2 2 2 0 2 2 2 2 2 2 0 2 2 2 0 2 2 2 2 2 2 2 2 2 2 2 2 2 2 2
578 2 2 2 2 0 2 2 2 2 2 2 2 0 0 2 2 2 2 2 2 2 2 0 0 2 2 2 2 2 2 2 2 2 2 2 2 2 2 2 2 2 2 2 2 2 2 2 2 2 2 2 2 2 2 0 0 2 2 2 2 0 2 2 2 2 0 2 2 2 2 2 2 2 2 2 2 2 2 2 2 2 2 2 0 2 2 2 0 2 2 2 2 2 2 0 2 2 2 2 2 2 2 2 2 2 2 2 2 2 0 2 2 2 2 2 2 2 2 2 2 2 2 2 2 2 2 2 2 2 2 2 2 2 2 2 2 2 2 2 2 2 2 2 2 2 2 2 2 2 2 2 2 2 2 2 2 0 2 2 2 2 2 2 2 2 2 2 0 2 2 2 2 2 2 2 2 0 2 2 2 2 2 2 2 2 0 2 0 2 2 1 2 0 2 2 2 2 2 2 2 2 2 0 2 2 2 2 0 2 2 2 2 2 2 0 2 0 2 0 0 2 2 2 2 2 0 2 2 2 0 0 2 2 2 2 2 2 2 2 0 2 2 2 2 2
579 2 2 2 0 2 2 2 2 2 2 2 0 2 2 2 2 2 2 2 0 2 2 2 2 2 2 2 2 2 2 2 2 0 2 2 2 2 2 2 2 0 0 2 2 2 2 2 2 2 2 0 2 2 2 2 2 2 2 2 2 2 2 2 2 2 2 2 2 2 2 2 0 0 2 2 2 2 0 2 2 2 2 2 2 0 2 2 2 2 2 2 2 2 2 2 0 2 2 2 2 2 2 2 2 2 2 2 2 2 2 2 2 2 2 2 2 2 2 2 0 2 2 2 2 2 2 2 2 2 2 2 2 2 0 2 2 2 2 2 2 2 2 2 2 2 2 2 2 2 2 2 2 2 2 0 2 2 2 2 2 2 2 2 2 2 2 2 1 2 2 2 2 2 2 2 2 0 2 2 2 2 2 2 2 2 2 2 2 2 2 2 2 2 2 2 2 2 2 2 2 2 2 2 0 2 2 2 2 2 2 2 2 2 2 2 2 2 2 2 0 2 2 2 2 2 2 2 2 2 2 2 2 2 2 2 2 2 2 2 2 2 2 2 2 2
580 2 2 2 0 2 2 2 2 2 2 2 0 2 2 2 2 2 2 2 0 2 2 2 2 2 2 2 2 2 2 2 2 0 2 2 2 2 2 2 2 0 0 2 2 2 2 2 2 2 2 0 2 2 2 2 2 2 2 2 2 2 2 2 2 2 2 2 2 2 2 2 0 0 2 2 2 2 0 2 2 2 2 2 2 0 2 2 2 2 2 2 2 2 2 2 0 2 2 2 2 2 2 2 2 2 2 2 2 2 2 2 2 2 2 2 2 2 2 2 0 2 2 2 2 2 2 2 2 2 2 2 2 2 0 2 2 2 2 2 2 2 2 2 2 2 2 2 2 2 2 2 2 2 2 0 2 2 2 2 2 2 2 2 2 2 2 2 1 2 2 2 2 2 2 2 2 0 2 2 2 2 2 2 2 2 2 2 2 2 2 2 2 2 2 2 2 2 2 2 2 2 2 2 0 2 2 2 2 2 2 2 2 2 2 2 2 2 2 2 0 2 2 2 2 2 2 2 2 2 2 2 2 2 2 2 2 2 2 2 2 2 2 2 2 2
581 2 2 2 2 0 2 2 2 2 2 2 2 0 0 2 0 2 2 2 0 2 2 0 0 2 2 2 2 2 2 2 2 0 2 2 2 2 2 2 2 2 0 2 2 2 2 2 2 2 2 2 2 2 2 0 0 2 2 2 2 2 2 2 2 2 0 2 2 2 2 2 0 0 2 2 2 2 2 2 2 2 2 2 0 0 2 2 0 2 2 2 2 2 2 0 0 2 2 2 2 2 2 2 2 2 2 2 2 2 0 2 2 2 2 2 2 2 2 2 0 2 2 2 2 2 2 2 2 2 2 2 2 2 0 2 2 2 2 2 2 2 2 2 2 2 2 2 2 2 2 2 2 2 2 0 2 0 2 2 2 2 2 2 2 2 2 2 1 2 2 2 2 2 2 2 2 0 2 2 2 2 2 2 2 2 0 2 0 2 2 2 2 0 2 2 2 2 2 2 2 2 2 0 0 2 2 2 0 2 2 2 2 2 2 0 2 0 2 0 0 2 2 2 2 2 0 2 2 2 0 0 0 2 2 2 2 2 2 2 0 2 2 2 2 2
582 2 2 2 0 2 2 2 2 2 0 0 0 2 2 2 2 2 2 2 2 0 0 2 2 2 2 2 0 2 2 0 0 2 2 2 2 2 2 2 2 0 2 2 2 0 2 2 2 2 2 0 2 2 2 2 2 2 2 2 2 0 2 2 2 2 2 2 0 2 2 2 2 2 2 2 2 2 0 2 2 0 2 2 2 2 2 2 2 0 2 0 2 2 2 2 2 2 2 2 2 2 2 2 0 2 2 2 2 2 2 2 2 2 2 2 0 2 2 2 2 2 0 2 2 2 2 2 2 2 2 2 2 2 2 2 2 2 2 2 2 2 2 2 2 2 2 2 2 2 2 2 2 2 2 2 2 2 2 2 0 2 2 2 2 2 2 2 2 2 0 2 2 2 2 2 2 2 2 0 2 2 2 2 2 2 2 2 2 2 2 2 2 2 2 0 2 2 2 2 2 2 2 2 2 2 2 2 2 2 2 2 2 2 2 2 2 2 2 2 2 0 2 0 2 2 2 2 2 2 2 2 2 2 2 2 2 2 2 2 2 2 2 2 2 2
583 2 2 2 2 0 0 2 0 2 2 2 2 0 2 0 2 0 2 2 2 2 2 0 2 2 0 2 2 2 2 2 2 2 2 2 2 2 2 2 2 2 2 2 2 2 2 2 2 2 2 2 2 2 2 0 0 2 2 2 2 2 2 2 2 2 0 2 2 2 2 2 0 2 2 0 2 2 2 2 2 2 2 2 0 2 2 2 0 2 2 2 2 0 2 0 2 2 2 0 2 2 2 2 2 2 2 2 2 2 2 2 2 0 2 2 2 2 0 2 2 2 2 2 2 2 2 0 2 0 2 2 0 0 2 2 2 2 2 2 2 2 2 2 0 2 2 2 2 1 2 2 2 2 2 2 2 0 2 0 2 0 2 2 2 0 2 2 2 2 2 2 2 2 0 2 2 2 2 2 2 2 2 2 2 0 0 2 2 2 2 2 0 0 2 2 2 2 2 2 2 2 2 0 2 2 2 2 0 2 2 2 2 2 2 2 2 0 2 2 2 2 2 2 2 2 2 0 2 2 2 0 2 2 2 2 2 2 2 2 0 2 2 2 2 2
584 0 2 0 0 0 2 2 0 0 0 0 0 0 0 2 2 2 0 0 0 0 2 0 0 0 0 0 2 0 0 0 2 0 0 0 0 2 2 2 2 0 0 0 0 0 0 0 0 0 0 2 0 0 0 0 0 0 2 0 2 0 0 2 0 0 0 2 0 2 2 0 2 0 0 2 0 0 0 0 0 2 0 2 0 0 0 0 0 0 0 2 2 0 2 2 0 0 0 0 0 0 0 2 0 0 0 2 2 0 0 2 0 0 0 2 2 0 0 2 0 0 2 0 0 2 2 0 2 2 2 0 0 2 0 0 0 0 0 0 0 0 0 0 2 0 0 0 0 1 0 2 0 0 0 2 0 2 0 2 0 0 0 2 0 2 0 0 0 0 0 0 0 0 0 0 2 0 0 0 0 0 0 0 0 2 2 0 2 0 0 0 2 0 0 2 0 2 2 0 0 0 0 2 0 0 2 2 2 0 2 0 0 0 0 0 0 2 0 0 0 0 0 0 2 0 0 2 2 0 2 2 2 0 2 0 0 0 0 2 2 0 0 2 2 0
585 2 2 2 2 2 0 2 2 2 2 2 2 2 0 0 0 0 2 2 0 2 2 2 0 2 2 2 2 2 2 2 2 2 2 2 2 2 2 2 2 2 2 2 2 2 2 2 0 2 0 2 2 2 2 2 2 2 2 2 2 2 0 2 2 2 2 2 2 2 2 2 0 2 2 0 2 2 2 2 2 2 2 2 2 2 2 2 2 2 2 2 2 2 2 0 2 2 2 2 2 2 2 2 2 2 2 2 2 2 2 2 2 2 0 2 0 0 2 2 2 2 2 2 2 2 2 2 0 0 2 2 2 0 2 2 2 2 2 2 2 0 2 2 0 2 2 2 2 1 2 2 2 2 2 2 2 0 2 0 2 2 2 2 2 0 2 2 1 2 2 2 0 2 2 2 2 0 2 2 0 2 2 2 2 2 0 2 2 2 0 1 0 2 2 0 2 2 2 2 2 2 2 0 0 2 2 2 0 2 2 2 0 2 2 0 0 0 2 0 0 2 2 2 2 2 2 0 2 2 0 0 0 0 2 0 2 2 0 2 0 0 2 2 2 2
586 0 0 0 0 0 0 0 0 0 0 0 0 0 0 0 0 0 0 0 0 0 0 0 0 0 0 0 0 0 0 0 0 0 0 0 0 0 0 0 0 0 0 0 0 0 0 0 0 0 0 0 0 0 0 0 0 0 0 0 0 0 0 0 0 0 0 0 0 2 0 0 0 0 0 0 0 0 0 0 0 0 0 0 0 0 0 0 0 0 0 0 0 0 0 0 0 0 0 0 0 0 0 0 0 0 0 0 0 0 0 0 0 0 0 0 0 0 0 0 0 0 0 0 0 0 0 0 0 0 0 0 0 0 0 0 0 0 0 0 2 0 0 0 0 0 2 0 0 0 0 0 0 0 0 0 0 0 0 0 0 0 2 0 2 0 0 2 0 0 0 2 0 2 0 2 0 0 0 0 0 0 0 0 0 0 0 0 0 0 0 0 0 0 0 0 2 0 0 0 0 0 2 0 0 0 0 0 0 0 0 0 0 0 0 0 0 0 1 0 0 0 2 0 0 2 0 0 0 0 0 0 0 0 0 0 0 0 0 0 0 0 0 0 0 0
587 0 0 0 0 0 0 0 0 0 0 0 0 0 0 0 0 0 0 0 0 0 0 0 0 0 0 0 0 0 0 0 0 0 0 0 0 0 0 0 0 0 0 0 0 0 0 0 0 0 0 0 0 0 0 0 0 0 0 0 0 0 0 0 0 0 0 0 0 2 0 0 0 0 0 0 0 0 0 0 0 0 0 0 0 0 0 0 0 0 0 0 0 0 0 0 0 0 0 0 0 0 0 0 0 0 0 0 0 0 0 0 0 0 0 0 0 0 0 0 0 0 0 0 0 0 0 0 0 0 0 0 0 0 0 0 0 0 0 0 2 0 0 0 0 0 2 0 0 0 0 0 0 0 0 0 0 0 0 0 0 0 2 0 2 0 0 2 0 0 0 2 0 2 0 2 0 0 0 0 0 0 0 0 0 0 0 0 0 0 0 0 0 0 0 0 2 0 0 0 0 0 2 0 0 0 0 0 0 0 0 0 0 0 0 0 0 0 1 0 0 0 2 0 0 2 0 0 0 0 0 0 0 0 0 0 0 0 0 0 0 0 0 0 0 0
588 2 2 2 2 2 0 2 2 2 2 2 2 2 0 0 0 0 2 2 0 2 2 2 0 2 2 2 2 2 2 2 2 2 2 2 2 2 2 2 2 2 2 2 2 2 2 2 2 2 0 2 2 2 2 2 2 2 2 2 2 2 2 2 2 2 2 2 2 2 2 2 0 2 2 0 2 2 2 2 2 2 2 2 2 2 2 2 2 2 2 2 2 2 2 0 2 2 2 2 2 2 2 2 2 2 2 2 2 2 2 2 2 2 2 2 0 0 2 2 2 2 2 2 2 2 2 2 0 0 2 2 2 0 2 2 2 2 2 2 2 2 2 2 0 2 2 2 2 1 2 2 2 2 2 2 2 0 2 0 2 2 2 2 2 0 2 2 1 2 2 2 0 2 2 2 2 0 2 2 2 2 2 2 2 2 0 2 2 2 2 2 0 2 2 0 2 2 2 2 2 2 2 0 0 2 2 2 0 2 2 2 0 2 2 0 0 0 2 0 0 2 2 2 2 2 2 0 2 2 0 0 0 2 2 0 2 2 2 2 0 0 2 2 2 2
589 2 2 2 0 2 0 2 0 2 0 0 0 2 0 0 2 0 0 2 0 2 0 2 0 2 2 0 0 0 2 2 0 2 0 0 1 2 2 2 0 0 2 0 0 0 2 2 0 2 0 0 0 0 0 2 2 0 2 2 0 2 0 2 0 0 2 2 0 2 2 0 2 2 0 0 2 2 0 2 0 2 0 2 2 2 0 2 2 0 0 0 2 2 2 2 2 0 0 0 2 2 0 2 2 0 0 0 2 2 2 2 2 0 0 0 0 0 0 2 2 2 0 0 0 2 2 2 0 2 2 0 2 0 2 0 0 2 0 0 0 0 0 0 2 2 2 0 2 0 2 2 2 0 0 0 0 0 2 2 2 2 0 0 0 0 0 0 2 0 2 0 0 0 2 0 2 2 0 2 0 2 2 2 0 0 0 2 2 0 0 1 0 2 0 0 0 2 2 0 1 2 0 2 2 0 0 2 2 2 2 2 2 2 2 2 0 2 0 2 2 0 0 0 2 0 2 0 0 2 2 2 2 0 0 2 0 0 0 2 2 0 0 2 0 0
590 2 2 0 0 0 0 0 0 0 0 0 0 0 2 0 0 0 0 2 0 0 0 0 2 0 2 2 0 0 2 0 0 0 2 2 1 0 2 0 0 0 0 0 0 0 0 0 0 0 0 0 0 0 0 0 0 0 2 0 0 0 0 0 0 0 0 2 0 2 2 0 0 0 0 0 2 0 0 0 2 0 0 0 0 2 2 0 0 0 2 0 0 0 0 2 0 2 0 0 0 0 0 2 0 0 0 0 0 0 0 0 0 0 0 0 0 0 0 0 0 0 0 2 0 0 0 0 0 2 0 0 0 0 0 0 2 0 2 0 0 0 0 2 2 0 2 0 0 1 0 0 0 0 0 0 2 0 0 1 0 2 0 2 0 0 2 0 2 0 0 0 0 0 0 0 0 2 0 0 0 2 0 0 2 0 0 0 0 0 0 0 0 0 0 0 2 0 0 0 0 0 0 2 0 0 2 0 2 0 0 0 0 0 0 2 0 2 1 2 2 0 0 0 2 0 0 0 0 0 0 2 0 0 0 0 0 0 0 0 0 0 0 0 0 0
591 2 0 0 2 2 0 2 2 0 2 0 2 2 2 2 2 2 0 2 2 2 0 2 2 2 2 2 0 0 2 2 0 2 0 0 2 2 0 2 0 2 2 2 2 2 0 2 2 0 0 2 2 2 2 2 2 2 0 0 0 2 2 0 2 2 2 0 2 2 2 2 2 2 2 2 2 0 2 2 2 2 2 2 2 2 2 0 2 2 0 2 2 2 2 2 2 2 2 2 0 2 2 0 2 2 2 2 2 2 2 2 0 2 2 0 2 0 2 2 2 2 2 2 2 2 2 2 2 2 2 2 0 2 2 2 2 0 0 2 2 2 2 2 2 2 2 2 2 1 2 2 2 2 2 2 0 2 2 2 2 2 2 0 2 2 2 2 2 2 2 2 2 2 2 2 2 2 2 2 2 0 2 0 2 2 2 2 0 2 2 2 2 2 2 2 2 2 2 2 2 2 2 2 2 2 2 2 2 2 2 2 2 0 2 2 2 2 2 0 2 2 2 2 2 2 0 2 2 2 2 2 2 2 2 2 2 2 2 2 2 0 2 2 2 2
592 0 0 0 0 0 0 2 2 0 2 0 0 0 2 2 0 2 0 0 2 0 0 0 2 2 0 0 0 0 0 0 0 0 0 0 1 2 0 0 0 2 0 0 0 2 0 0 2 0 0 0 0 2 0 0 0 2 0 0 0 0 2 0 2 2 0 0 2 2 0 0 2 2 2 2 0 0 0 2 2 2 2 0 0 2 0 0 0 2 0 2 0 2 0 2 0 0 0 2 0 2 2 0 0 2 0 0 2 2 2 0 0 0 2 0 2 0 2 2 0 2 2 0 0 2 2 2 0 2 2 2 0 2 0 0 0 0 0 2 0 2 2 0 2 0 2 0 0 1 2 2 2 0 2 0 0 0 2 2 2 0 2 0 0 2 2 0 1 0 2 2 2 0 0 0 0 2 2 2 2 0 0 0 0 2 0 2 0 2 2 1 2 0 0 0 0 2 2 0 2 0 0 2 0 0 2 2 2 0 0 2 2 0 0 2 2 2 1 0 2 2 0 2 0 2 0 2 0 2 2 2 0 2 0 2 2 2 2 2 2 0 2 2 2 2
593 0 2 2 2 2 0 2 2 2 2 2 2 2 2 2 2 2 2 0 2 2 2 2 2 2 2 2 2 2 0 2 2 2 2 0 2 2 2 2 2 2 2 2 2 2 2 2 2 2 2 2 2 2 0 2 2 2 2 2 2 2 2 2 2 2 2 2 2 2 2 2 2 0 2 2 0 2 2 2 2 0 2 2 2 0 2 2 2 2 0 0 2 2 2 2 2 2 2 2 2 2 2 2 2 0 2 2 2 2 2 2 2 2 0 2 2 0 2 2 2 2 2 2 2 2 2 0 0 2 2 2 2 2 2 2 2 2 2 2 2 2 2 2 2 2 2 2 2 1 2 2 2 2 0 2 2 2 2 2 2 2 2 2 0 2 2 2 2 0 2 2 2 2 2 2 2 2 0 2 2 0 2 2 2 2 2 2 2 0 2 2 2 2 2 2 2 2 2 2 1 2 2 2 2 2 2 2 2 2 2 2 2 2 2 2 2 2 2 2 2 2 2 2 2 2 2 2 2 2 2 2 2 2 2 2 2 2 2 2 2 0 0 2 2 0
594 2 0 2 2 0 0 0 0 0 0 2 0 0 0 2 0 0 2 2 0 0 2 0 0 0 0 0 2 2 2 0 2 0 0 0 1 2 0 0 0 2 0 0 2 0 2 0 0 2 2 2 2 2 2 0 0 2 0 2 2 2 0 2 2 2 0 0 2 2 2 2 2 0 2 0 2 2 0 2 0 2 0 2 0 0 0 2 0 0 0 0 0 0 0 2 0 0 0 0 2 2 0 0 0 0 0 0 0 0 0 0 2 0 2 0 2 0 2 0 0 2 0 2 2 2 0 2 2 0 0 0 0 0 0 2 0 0 0 2 0 0 0 0 0 2 2 2 0 1 2 2 0 0 2 0 0 2 2 0 2 2 0 0 0 0 0 0 0 0 2 0 0 0 0 0 0 0 2 2 0 0 2 0 0 0 2 0 2 0 0 1 0 0 2 0 0 0 0 2 0 2 0 0 0 2 0 2 0 0 2 2 0 2 2 0 0 0 0 0 0 0 0 2 2 0 0 0 0 0 2 0 0 0 0 0 2 0 0 0 0 0 0 0 0 2
595 2 0 2 2 2 2 2 0 2 2 2 2 2 2 2 2 2 2 2 2 2 2 2 2 2 0 2 2 2 2 0 2 0 2 2 2 2 0 2 2 2 0 2 2 2 2 2 0 2 2 2 2 2 2 2 2 2 0 2 2 2 0 2 2 2 2 0 2 2 2 2 2 2 2 2 2 2 2 2 2 2 2 2 2 2 2 2 2 2 2 2 2 2 2 2 0 2 2 0 2 2 2 0 0 0 2 2 2 2 2 2 2 2 2 2 2 2 2 2 0 2 2 2 2 2 2 2 2 2 2 2 0 2 0 2 2 2 2 2 2 0 2 2 2 2 2 2 2 2 2 2 2 2 2 2 2 2 2 2 2 2 2 2 2 2 2 2 2 2 2 2 2 2 0 2 2 2 2 2 0 2 2 2 2 0 2 2 2 2 0 1 2 2 2 2 2 2 2 2 1 2 2 2 2 2 2 2 2 2 2 2 2 2 2 2 2 2 1 2 2 2 2 2 2 2 0 2 2 2 2 2 2 0 2 2 2 2 0 2 2 2 2 2 2 2
596 0 2 2 2 2 2 2 0 0 0 0 0 2 0 2 2 0 0 0 0 2 0 2 0 2 0 0 0 0 0 2 0 0 0 0 0 0 2 2 0 0 0 0 0 0 2 0 0 2 0 2 0 0 0 2 2 0 2 2 0 0 0 0 0 0 2 2 0 2 0 0 0 2 0 0 0 2 0 0 0 0 0 0 0 0 0 2 0 0 0 2 2 0 0 2 0 0 2 0 2 0 2 2 2 0 2 0 0 0 0 2 0 0 0 0 0 2 0 0 0 0 0 0 0 0 2 0 0 0 2 0 0 2 0 0 0 0 2 0 2 0 0 0 0 0 0 0 0 1 0 0 0 0 0 0 0 2 0 1 0 0 0 0 0 0 0 0 1 0 0 0 2 2 0 0 2 2 0 0 0 0 0 0 0 0 2 0 0 0 0 1 0 0 0 0 0 2 0 0 0 0 0 0 0 0 2 0 0 0 0 0 0 2 0 0 0 0 0 0 2 0 0 0 0 0 0 0 2 0 0 0 2 0 2 0 0 2 0 0 0 2 0 2 0 0
597 2 2 2 2 2 2 2 2 0 2 2 2 2 2 2 2 2 2 2 2 2 2 2 2 2 2 2 2 2 2 2 2 2 2 2 2 2 2 2 2 0 2 2 2 2 2 0 2 2 2 2 2 2 0 2 2 2 2 2 2 2 2 2 2 2 2 2 0 2 2 2 2 2 2 2 2 2 2 2 2 2 2 2 2 0 2 2 2 0 2 2 2 2 2 2 2 2 2 2 2 2 2 2 2 2 2 2 2 0 2 2 2 0 2 2 2 2 2 2 2 2 2 0 2 2 2 0 2 2 2 2 2 2 2 2 2 2 2 0 2 2 2 2 2 2 2 2 2 2 2 2 0 0 2 2 2 2 2 2 2 2 0 2 2 2 2 2 2 2 2 0 2 2 2 2 2 2 2 2 2 2 2 2 2 2 2 2 2 2 2 2 2 2 2 2 2 2 2 2 1 0 2 2 2 2 2 2 2 0 0 0 2 2 2 2 2 2 2 2 2 2 2 0 2 0 2 2 2 2 2 2 2 2 2 2 2 2 2 2 0 2 2 2 2 2
598 2 2 2 2 2 2 2 2 2 2 2 2 2 2 2 2 2 2 2 2 2 2 2 2 2 2 2 2 2 2 0 2 2 2 2 2 2 2 2 2 2 2 2 2 2 2 2 0 2 2 2 2 2 2 2 2 2 2 2 2 2 0 2 0 0 2 2 2 2 2 2 0 2 2 2 2 2 2 2 2 0 2 2 2 2 2 2 2 2 2 2 2 2 2 2 2 2 2 2 2 2 2 2 0 2 2 2 2 2 2 2 2 2 2 2 2 2 2 2 2 2 2 2 2 2 2 2 2 2 2 2 2 2 2 2 2 2 2 2 2 0 2 2 2 2 2 2 2 2 2 2 2 2 2 2 2 2 2 2 2 2 2 2 2 2 2 2 2 2 2 2 2 2 2 2 2 2 2 2 0 2 2 2 2 2 2 2 2 2 0 1 2 2 2 2 2 2 2 2 2 2 2 2 2 2 2 2 2 2 2 2 2 2 2 0 2 2 1 2 2 2 2 2 2 2 2 2 2 2 2 2 2 0 2 2 2 2 0 2 2 2 2 2 2 2
599 2 2 0 2 2 0 2 2 0 2 2 2 2 2 0 2 0 2 2 2 2 0 2 2 0 2 2 0 2 2 2 0 2 2 0 2 2 2 2 2 0 2 2 2 2 0 0 0 0 2 2 2 2 2 2 2 0 2 1 2 0 0 2 2 2 2 2 2 2 0 0 2 2 2 0 2 0 2 2 2 0 2 2 0 2 2 0 0 2 0 0 2 0 0 2 2 0 0 2 0 2 2 2 2 2 0 2 0 2 0 2 2 0 2 0 0 0 0 0 2 2 0 0 2 0 2 2 2 2 2 2 2 2 2 0 2 0 0 2 0 0 0 2 0 2 0 2 0 0 2 0 2 0 0 2 2 2 0 0 2 2 0 2 2 0 2 0 1 2 2 2 2 0 2 0 2 2 0 2 0 2 0 0 2 2 2 0 2 2 0 1 0 0 0 0 2 2 2 0 1 2 0 2 0 0 0 2 2 0 2 2 0 0 2 2 0 2 1 0 2 2 2 2 0 2 2 0 0 0 0 2 2 0 2 0 2 2 0 0 2 0 2 0 2 0
600 2 2 2 2 2 2 2 2 2 2 2 0 2 2 1 2 1 2 2 2 2 1 2 2 2 2 2 1 2 2 2 0 2 2 2 2 2 2 2 2 2 2 2 1 2 2 2 2 2 2 2 2 2 1 2 2 2 2 2 2 2 2 2 2 2 2 2 2 2 2 1 2 2 2 1 2 2 1 2 0 2 2 2 2 2 2 2 2 2 2 1 2 2 2 2 2 2 1 2 2 1 2 2 2 2 2 2 2 2 2 2 2 2 2 2 2 2 0 2 2 2 2 2 1 2 2 2 2 1 2 1 2 2 2 0 2 2 2 2 1 2 1 2 2 2 2 2 2 1 2 2 2 2 0 2 2 2 2 2 2 2 2 2 0 1 2 2 1 2 2 2 2 1 2 2 2 1 0 2 2 2 0 1 2 2 2 2 2 2 2 2 1 2 0 0 2 2 2 2 2 2 0 1 2 1 2 2 1 2 2 2 2 2 2 2 2 0 2 2 1 0 2 2 2 2 2 1 0 2 2 1 2 2 1 2 2 2 2 2 2 2 2 2 1 0
601 2 0 2 2 2 0 0 0 2 2 0 2 2 0 0 2 2 2 2 2 2 2 2 0 2 2 2 2 2 2 2 2 0 2 2 1 0 0 2 2 2 0 2 2 2 2 2 0 2 2 2 2 0 2 2 2 2 0 2 2 2 2 0 2 2 2 0 2 2 0 2 2 0 0 2 2 2 2 0 2 2 2 0 0 2 2 2 0 2 2 2 2 0 0 0 0 2 2 0 2 2 2 0 2 2 2 2 2 2 0 2 2 2 2 2 2 0 2 0 0 0 2 2 2 2 0 0 2 2 2 2 2 2 0 2 2 0 2 2 2 0 2 2 0 2 2 2 2 1 2 0 2 0 0 2 2 2 2 1 2 0 2 2 2 2 2 2 2 2 2 2 2 2 2 2 0 2 0 2 0 2 2 2 2 0 2 0 0 2 0 0 2 0 2 2 2 2 0 0 2 2 2 2 0 2 0 0 2 2 2 2 2 2 2 0 0 2 1 0 2 2 0 2 0 2 0 2 2 0 2 2 2 0 2 2 2 2 0 0 0 0 2 2 2 0
602 2 2 2 2 2 2 2 2 2 2 2 2 2 2 2 2 0 2 2 2 2 2 2 2 2 2 2 2 2 2 2 2 2 2 2 2 2 2 2 2 2 2 2 2 2 2 2 2 2 2 2 2 2 0 2 2 2 2 2 2 2 2 2 2 2 2 2 2 2 2 0 2 2 2 0 2 2 2 2 2 2 0 2 2 2 2 2 2 2 2 0 2 2 2 2 2 2 2 2 2 2 2 2 2 2 2 2 2 2 2 2 2 2 2 2 2 2 2 2 2 2 0 2 2 2 2 2 2 2 2 2 2 2 2 2 2 2 2 2 0 2 0 2 2 2 2 2 2 2 0 2 2 2 2 2 2 2 2 1 2 2 2 2 2 0 2 2 2 2 2 2 2 0 2 2 2 2 2 2 2 2 2 2 2 2 2 2 2 2 2 2 2 2 2 2 2 0 2 2 2 2 2 2 2 2 2 2 2 2 2 2 2 2 2 2 2 2 2 2 2 2 2 2 2 2 2 2 0 2 2 2 2 2 2 2 2 0 2 2 2 2 2 2 2 2
603 0 0 0 2 0 0 0 0 2 0 0 0 0 2 0 0 2 0 0 0 0 2 0 2 0 0 0 2 0 0 2 2 0 0 0 0 0 0 0 0 0 0 0 0 0 0 0 0 0 2 0 0 0 2 0 0 0 0 0 2 0 0 0 0 0 0 0 0 0 0 2 2 0 0 2 0 0 0 0 0 0 2 0 0 2 0 0 0 2 0 2 0 0 0 0 0 0 2 0 0 0 2 0 2 0 0 0 2 0 0 0 2 2 0 2 0 0 0 0 0 0 0 0 0 0 0 0 2 2 0 0 0 2 0 0 0 0 0 0 2 0 2 0 0 0 0 0 2 0 2 0 2 0 0 0 0 0 0 1 0 0 0 0 2 2 0 2 1 0 0 0 0 2 2 2 0 2 0 0 0 2 0 0 0 0 0 0 0 0 0 0 0 0 0 0 0 2 0 0 0 0 0 0 0 0 0 0 0 0 0 2 2 0 0 0 0 0 1 0 2 0 0 0 0 0 0 0 2 0 2 0 0 0 0 2 2 2 0 0 0 0 0 0 2 0
604 2 2 2 2 2 2 2 2 2 2 0 0 2 2 2 2 0 0 2 0 0 2 2 2 0 2 0 2 0 2 0 2 2 2 2 0 2 2 2 2 2 2 2 2 2 2 2 2 2 2 2 2 2 0 2 2 2 2 2 2 2 2 2 2 2 2 2 2 2 2 2 2 2 2 0 2 2 0 2 2 2 0 2 2 2 0 2 2 2 2 0 2 2 2 2 2 2 2 2 2 2 2 2 0 2 2 2 2 2 2 2 2 2 2 2 2 2 2 2 2 0 0 2 2 2 2 2 2 2 2 2 2 2 2 2 0 0 0 2 0 2 2 0 2 2 2 2 2 2 2 2 2 2 2 2 0 0 2 2 2 2 2 2 2 0 0 2 2 2 2 2 0 0 2 2 2 2 2 2 2 2 2 0 0 2 2 2 2 2 2 2 0 2 2 2 0 2 2 2 2 2 0 2 2 2 2 2 2 2 2 2 2 2 2 2 0 2 2 2 2 2 2 2 2 2 2 0 0 2 2 2 2 2 2 2 2 2 2 2 2 2 0 0 2 2
605 2 2 0 2 2 2 2 0 2 0 0 0 2 2 2 0 0 0 0 0 0 2 2 2 2 2 0 2 0 0 0 2 2 2 2 1 2 2 0 0 2 2 1 0 0 0 0 0 0 0 0 0 2 0 2 2 2 2 0 0 0 2 2 2 2 2 2 2 0 2 0 0 2 2 0 0 0 0 2 2 0 0 2 2 2 0 0 2 2 2 0 0 2 2 2 2 2 0 0 0 2 2 2 0 0 2 0 2 2 2 2 2 2 2 2 2 2 0 2 2 2 0 2 0 0 2 2 2 2 0 2 2 2 2 0 0 2 2 2 0 0 2 2 2 0 2 0 2 2 0 2 2 2 2 0 2 0 0 2 1 2 2 2 2 0 0 2 2 2 0 0 2 0 0 2 2 2 2 0 0 2 0 2 0 0 0 2 2 2 0 1 2 2 0 2 0 2 0 2 0 2 2 2 2 0 2 2 2 0 2 2 2 0 0 0 2 2 2 2 2 0 2 2 2 0 2 2 0 0 2 2 0 0 2 2 0 2 0 2 2 2 2 2 2 2
606 2 2 2 2 0 2 2 0 2 2 2 2 0 2 0 0 0 2 2 2 2 2 0 2 0 0 0 2 2 2 2 2 2 0 2 1 2 2 2 2 2 2 0 0 2 2 2 2 2 2 2 0 2 0 0 0 2 2 2 2 0 2 2 0 0 0 2 0 2 2 0 2 2 2 0 2 2 2 2 2 2 0 2 2 0 0 2 2 2 2 0 2 2 2 0 2 2 2 0 2 0 0 2 2 0 2 0 2 0 2 0 2 0 2 2 2 2 2 2 2 2 2 2 0 0 2 2 0 0 0 0 2 0 2 2 0 0 0 0 0 2 0 0 2 2 2 0 0 1 0 2 2 0 2 2 0 0 2 2 0 2 2 0 0 0 0 0 2 0 0 2 0 0 0 0 2 2 2 0 2 0 2 0 0 0 2 2 2 0 2 2 0 2 2 0 0 2 2 2 0 2 0 0 2 2 2 2 0 2 2 0 2 2 2 2 0 0 2 2 2 0 2 0 2 2 2 0 0 2 2 0 0 2 0 2 2 2 2 2 2 2 0 2 0 2
607 2 2 0 2 2 2 2 2 2 0 2 0 2 2 2 2 2 2 2 2 2 0 2 2 2 2 2 0 2 2 2 0 2 2 2 1 2 2 2 2 2 2 2 2 0 0 0 2 0 2 2 0 2 2 2 2 2 2 0 2 2 2 2 2 2 2 2 2 2 2 0 2 2 2 2 2 0 0 2 2 2 2 2 2 2 2 0 2 2 2 2 2 2 2 2 2 2 2 2 0 2 2 2 2 2 2 2 2 2 2 2 2 2 2 2 2 2 2 2 2 0 2 2 2 2 2 2 2 2 2 2 2 2 2 0 2 2 2 2 2 2 2 2 2 2 2 0 2 2 2 2 2 2 2 2 2 2 2 2 2 2 2 2 2 2 2 2 2 2 2 2 2 2 2 2 2 2 2 2 2 2 0 0 2 2 2 2 2 2 2 2 2 2 2 2 2 2 2 2 2 2 2 2 2 0 2 2 2 0 2 2 2 0 2 2 2 2 2 2 2 2 2 2 2 2 2 2 2 0 2 2 2 2 2 2 2 2 2 2 2 2 2 2 2 2
608 2 2 2 2 2 2 2 2 2 2 2 2 2 2 2 2 2 2 2 2 2 2 2 2 0 2 2 2 2 2 2 2 2 2 0 2 2 2 2 2 2 2 2 2 2 2 2 2 2 2 2 2 0 2 2 2 2 2 2 2 2 2 2 2 2 2 2 2 2 2 2 2 2 0 2 2 2 2 2 2 2 2 0 2 2 2 2 2 2 0 2 2 2 2 0 2 2 2 2 2 0 0 2 2 2 2 2 2 0 2 2 2 2 2 2 2 2 2 2 2 2 2 2 2 2 2 2 2 2 2 2 2 2 2 2 2 2 0 2 2 2 2 2 2 2 2 2 2 2 2 2 2 2 0 2 2 2 2 2 2 0 2 2 0 2 2 0 2 2 2 2 2 2 2 0 2 2 0 2 2 2 2 0 2 2 2 2 2 2 2 2 2 2 2 2 2 2 2 0 2 2 2 2 2 2 2 2 2 2 2 2 2 2 2 2 2 2 2 2 2 2 2 2 2 2 0 2 2 2 2 2 2 2 2 2 2 2 2 2 2 2 2 2 0 0
609 0 2 0 0 0 0 0 2 0 0 0 0 0 0 2 0 2 2 0 0 0 2 0 0 2 0 0 2 2 0 0 2 0 0 0 0 0 2 0 0 0 0 0 2 0 0 0 2 0 2 0 0 0 0 0 0 0 2 0 0 0 0 0 0 2 0 2 0 0 0 0 0 2 0 2 0 0 0 2 0 0 0 0 0 0 2 0 0 2 0 2 0 2 0 2 0 0 2 2 0 2 2 2 0 2 0 2 0 2 2 0 0 0 0 0 0 0 0 0 0 0 0 0 2 0 0 0 0 0 0 0 0 2 0 0 2 2 2 0 2 2 2 2 0 0 0 0 2 1 0 0 2 0 2 0 0 0 0 0 0 2 0 0 2 0 2 2 1 2 0 0 0 2 0 2 0 2 2 0 2 2 2 2 0 0 0 0 0 0 2 1 0 0 2 0 0 0 2 0 2 0 2 0 0 0 0 0 2 0 0 0 0 0 0 2 2 0 1 0 2 0 0 0 0 0 0 0 2 0 0 2 0 2 2 0 0 2 2 0 2 0 2 2 2 2
610 2 0 0 0 0 0 0 2 0 1 0 0 0 0 0 0 0 0 0 0 0 0 0 0 0 0 0 0 0 0 0 0 0 0 0 0 2 0 0 0 0 0 0 0 1 0 0 0 0 0 0 0 0 0 0 0 0 0 0 0 0 0 0 0 0 0 0 0 2 2 0 0 0 0 0 0 0 0 0 0 0 0 0 0 0 0 0 0 0 0 0 0 0 0 0 0 0 0 2 0 0 0 0 0 0 0 0 0 0 0 0 0 0 0 0 0 0 0 0 0 0 0 0 0 2 0 0 0 0 0 0 0 0 0 0 0 0 0 0 0 0 0 0 0 0 0 0 0 0 0 2 0 0 0 0 0 0 0 0 0 0 2 0 0 0 0 0 1 0 0 0 0 0 0 0 0 2 0 0 0 0 0 0 0 0 0 0 0 0 0 1 0 0 0 0 0 0 0 0 0 0 0 0 0 0 0 0 0 0 0 0 0 0 0 0 0 0 0 0 2 0 0 0 0 0 0 0 0 0 0 0 0 0 0 0 0 0 0 0 0 0 0 0 0 0
611 0 0 2 2 2 2 2 2 2 0 2 2 2 2 2 2 2 2 2 2 2 2 2 2 2 2 2 2 2 2 0 2 2 2 2 2 2 0 0 2 2 2 2 2 0 2 0 2 2 2 2 0 2 2 2 2 2 0 2 2 1 2 2 2 2 2 0 0 2 2 2 2 2 2 2 2 2 2 2 2 2 2 2 2 2 2 2 0 2 2 2 0 2 2 2 2 2 2 2 2 2 2 0 0 2 2 2 2 2 0 2 2 2 0 2 2 2 0 2 2 2 2 2 2 2 2 2 2 2 2 2 2 2 2 2 2 2 2 2 2 2 2 2 2 2 2 0 2 2 2 2 2 0 2 2 2 2 2 2 0 2 2 2 2 2 2 2 2 2 0 2 2 2 2 2 2 2 2 0 2 2 2 2 2 2 2 2 2 2 2 2 2 0 2 2 2 2 2 2 2 2 2 2 2 2 2 2 2 0 2 2 2 2 2 2 2 2 1 2 2 0 0 0 2 2 2 2 2 2 2 2 2 2 2 2 2 2 2 2 2 2 2 2 2 2
612 0 2 2 2 0 0 0 2 2 0 2 2 0 2 0 2 2 2 0 2 2 2 0 2 0 2 2 2 2 0 2 2 0 0 2 1 0 2 2 2 2 0 2 2 0 2 2 2 2 2 2 2 2 0 0 0 2 2 2 2 2 0 2 2 2 0 2 2 2 0 2 2 0 2 2 0 2 2 0 2 2 2 2 0 2 2 2 2 2 2 2 2 0 0 0 0 0 2 2 2 2 2 2 2 2 2 2 0 0 2 0 0 2 2 2 2 0 2 0 0 0 2 2 2 0 0 2 2 0 2 2 0 0 0 2 2 0 0 2 2 0 2 2 0 2 2 2 2 0 2 0 2 2 2 2 2 0 0 0 2 0 2 2 2 2 2 0 1 2 2 2 2 2 2 0 0 2 2 2 2 0 2 0 2 2 0 0 0 2 2 1 2 2 2 2 2 2 0 2 2 2 2 2 0 2 0 0 2 2 2 2 0 2 2 0 0 2 2 2 2 2 2 2 0 2 2 2 2 0 0 2 2 2 2 0 2 2 2 0 2 0 2 2 2 2
613 2 2 2 2 0 0 0 2 2 2 2 2 0 2 0 2 2 2 2 2 2 2 0 2 0 2 2 2 2 2 2 2 0 0 2 1 0 2 2 2 2 0 2 2 2 2 2 2 2 2 2 2 2 0 0 0 2 2 2 2 2 2 2 2 2 0 2 2 2 0 2 2 2 2 2 2 2 2 0 2 2 2 2 0 2 2 2 2 2 2 2 2 0 0 0 0 0 2 2 2 2 2 2 2 2 2 2 0 0 2 0 0 2 2 2 2 0 2 2 0 0 2 2 2 0 0 2 2 2 2 2 0 0 0 2 2 0 0 2 2 2 2 2 0 2 2 2 2 0 2 0 2 2 2 2 2 0 0 0 2 0 2 0 2 2 2 0 1 2 2 2 2 2 2 0 0 2 2 2 2 0 2 0 2 2 0 0 0 2 2 1 2 2 2 2 2 0 0 0 2 2 2 0 0 2 0 0 2 2 2 2 0 2 2 0 0 0 2 2 2 2 2 2 0 2 2 2 2 0 0 2 2 2 2 0 2 2 2 2 2 0 2 2 2 2
614 2 2 2 2 2 2 0 2 2 2 2 2 2 2 2 2 2 2 2 2 2 2 2 2 2 2 2 2 2 2 2 2 2 2 2 2 2 2 2 2 2 2 2 2 2 2 2 2 2 2 2 2 2 2 2 2 2 2 2 2 2 2 2 2 2 2 2 2 2 2 2 2 2 2 2 2 2 2 2 2 2 2 2 2 2 2 2 2 2 2 2 2 2 2 2 2 2 2 2 2 2 2 2 2 2 2 2 2 2 2 2 0 2 2 2 2 2 2 0 2 2 2 2 2 2 0 2 2 2 2 2 0 2 2 2 2 2 2 2 2 2 2 2 2 2 0 2 2 2 2 2 2 2 2 2 2 2 2 2 2 2 2 2 2 2 2 2 2 2 2 2 2 2 2 2 0 2 2 2 2 2 2 2 2 2 2 0 2 2 2 1 2 2 2 2 2 2 2 2 2 2 2 2 2 2 2 2 2 2 2 2 0 2 2 0 2 2 2 0 2 2 2 2 2 2 2 2 2 2 2 2 2 2 2 0 2 2 2 0 2 2 2 2 2 2
615 2 2 2 2 2 2 2 2 2 2 2 2 2 2 2 2 2 2 2 2 2 2 2 2 2 0 2 2 2 2 2 2 2 2 2 2 2 2 2 2 2 2 0 2 2 2 0 2 2 2 2 0 0 2 2 2 2 2 2 2 2 2 2 2 2 2 2 2 2 2 0 2 2 0 2 2 2 2 2 2 2 2 0 2 2 2 2 2 2 2 2 2 2 2 2 2 2 2 2 2 2 2 2 2 0 2 2 2 2 2 2 2 2 2 2 2 2 2 2 2 0 2 2 2 2 2 2 2 2 0 2 2 2 2 2 2 2 2 2 2 2 2 2 2 2 2 0 2 2 2 2 2 0 2 2 2 2 2 2 2 2 2 2 2 2 2 2 2 2 2 2 2 2 2 2 2 2 2 2 2 2 2 2 2 2 2 2 2 2 2 2 2 2 2 2 2 2 2 0 1 2 2 0 2 2 2 2 0 0 2 2 2 2 2 2 2 0 1 2 2 2 2 2 2 2 0 2 2 2 2 0 2 2 2 2 2 2 2 2 2 2 2 2 2 2
616 2 2 2 2 0 2 2 0 2 2 2 2 0 2 2 2 2 2 2 2 2 2 2 2 2 2 2 2 2 2 2 2 2 0 2 2 2 2 2 2 2 2 2 2 2 2 2 2 2 2 2 2 2 2 2 2 2 2 2 2 2 2 2 2 2 0 2 2 2 2 2 2 2 2 2 2 2 2 2 2 2 2 2 2 2 2 2 2 2 2 2 2 2 2 2 2 2 2 0 2 2 2 2 2 2 2 2 2 2 2 0 2 2 2 2 2 2 2 2 2 2 2 2 2 2 2 2 2 2 2 2 2 2 2 2 2 2 0 2 2 2 2 2 2 2 2 2 2 2 2 2 2 2 2 2 0 2 0 2 2 2 2 2 2 2 2 2 2 2 2 2 2 2 0 2 2 2 2 2 2 2 2 2 2 2 2 2 2 2 2 2 2 2 2 2 2 2 2 2 2 2 2 2 2 2 2 2 2 2 2 0 2 2 2 0 2 2 2 2 2 2 2 2 0 2 2 2 0 2 2 2 2 2 2 2 2 2 2 2 2 2 2 2 2 2
617 2 2 2 2 2 2 2 0 0 1 2 0 2 2 2 2 2 2 2 2 2 2 2 2 2 2 2 2 2 2 2 2 2 2 2 2 2 2 1 2 2 2 2 0 0 2 2 2 2 0 0 2 0 2 2 2 2 2 2 0 1 2 2 0 2 2 2 0 2 2 2 2 2 0 2 2 2 0 2 2 2 2 2 2 2 2 2 2 2 2 2 0 2 2 2 2 2 2 0 2 2 2 2 2 0 2 2 2 2 2 2 2 2 0 2 2 2 2 2 2 2 2 2 0 2 2 2 2 2 2 2 2 2 2 2 2 2 2 0 2 0 2 2 2 2 2 2 0 2 2 2 2 2 2 2 2 2 2 2 2 2 2 2 2 2 2 2 2 0 2 2 2 2 2 2 2 2 2 2 2 2 2 2 2 2 2 2 2 2 2 2 2 2 2 2 2 2 2 2 1 2 2 2 2 2 2 2 2 2 2 2 2 2 2 2 2 2 2 2 2 0 2 0 2 2 2 2 2 2 1 2 2 2 2 2 2 2 2 2 2 2 2 2 2 2
618 2 2 0 2 2 2 2 2 0 0 0 2 2 2 2 0 2 0 0 2 2 0 2 2 0 0 2 0 0 0 0 0 0 1 2 1 0 2 0 2 2 2 2 0 0 0 2 0 0 0 2 2 0 2 2 2 2 2 0 0 1 2 2 2 0 2 2 2 2 0 0 2 2 0 2 0 0 2 2 0 2 2 0 2 2 2 0 2 0 2 2 0 2 0 0 0 0 2 2 0 2 2 2 0 0 2 2 0 2 2 2 0 2 2 2 2 2 2 2 0 2 2 2 0 0 2 2 2 2 2 2 2 2 0 2 2 0 2 2 2 0 0 2 2 2 0 2 2 1 2 0 2 2 2 0 2 0 0 2 0 2 2 2 2 2 2 2 2 2 0 2 2 2 0 2 2 2 2 0 2 0 2 2 2 0 0 2 2 2 2 2 2 2 0 2 2 2 0 0 0 0 2 0 0 2 2 2 0 2 2 2 2 0 2 2 2 0 2 0 2 2 2 2 2 2 0 2 2 0 2 0 0 2 2 2 2 2 2 2 0 2 2 2 2 2
619 2 0 2 2 2 0 0 2 2 2 2 2 2 2 0 0 2 2 2 2 2 2 2 2 0 0 2 2 2 2 0 2 2 0 2 1 0 0 2 2 2 2 2 0 2 2 2 2 2 2 2 2 0 2 2 2 2 0 2 2 2 2 0 0 0 2 0 2 2 0 2 2 0 0 2 2 2 2 2 2 2 2 2 2 2 0 2 2 0 2 0 2 0 0 0 2 0 2 2 2 2 2 0 0 0 2 2 0 0 0 0 0 2 2 0 0 0 2 0 2 2 2 2 0 0 0 2 2 0 2 2 0 2 2 2 0 0 2 0 2 2 2 0 2 2 2 2 2 0 2 0 2 2 2 2 2 2 2 2 2 0 2 2 2 2 2 2 1 2 2 2 2 0 0 2 2 2 2 2 2 0 0 0 2 0 2 0 2 2 2 1 2 2 2 2 2 0 0 0 0 2 2 0 0 2 2 2 0 2 2 0 2 2 2 0 0 0 2 0 2 2 2 2 0 2 2 2 2 0 2 0 0 2 2 2 2 2 2 0 0 0 2 2 2 2
620 0 0 0 0 2 0 2 0 0 0 0 0 2 0 0 0 0 0 0 0 0 0 2 0 2 0 2 0 0 0 0 0 0 1 0 2 0 0 0 0 0 0 0 0 0 0 0 0 0 0 0 0 2 0 2 2 0 0 0 0 0 0 0 0 0 2 0 0 2 0 0 2 0 2 0 0 0 0 2 0 0 2 0 0 0 0 0 0 0 0 0 0 2 0 0 0 2 2 0 0 0 2 0 0 0 0 0 0 0 0 2 2 0 0 0 0 0 2 2 0 0 0 0 0 0 2 0 0 2 2 0 0 2 0 2 0 0 2 0 0 0 0 2 2 0 0 0 2 1 0 2 2 0 0 0 2 0 0 2 0 2 0 2 2 0 2 0 2 0 0 0 0 2 0 0 2 2 0 0 0 0 0 0 2 0 0 2 2 0 0 1 0 0 0 0 2 0 0 0 0 0 0 0 0 2 2 0 0 0 0 0 2 0 0 0 2 0 1 2 2 0 2 0 2 0 0 0 0 0 0 0 0 0 0 2 0 0 0 2 0 0 0 2 0 0
621 2 2 2 2 2 2 2 2 2 2 2 0 2 2 2 0 2 2 2 0 2 2 2 2 2 0 2 2 2 2 0 2 0 2 2 2 0 2 2 2 2 2 2 2 2 2 2 2 2 0 2 2 2 2 2 2 0 2 2 2 2 2 0 2 2 2 2 2 2 2 2 2 0 2 2 2 2 0 2 0 2 2 2 0 0 2 2 0 2 2 2 2 2 2 0 0 2 2 2 2 2 2 2 0 2 2 2 2 2 2 2 2 2 2 2 2 2 2 2 0 0 0 2 2 0 2 2 2 2 2 0 2 2 0 2 2 0 2 2 2 2 0 2 2 2 2 2 2 2 2 2 2 2 2 0 2 0 0 2 2 2 2 2 2 2 2 2 2 2 2 2 2 2 0 2 2 2 2 2 2 0 0 0 2 0 0 2 2 2 2 2 2 0 0 2 2 0 0 0 2 0 2 0 0 2 2 2 0 2 0 2 2 2 2 2 2 0 0 2 2 2 0 2 2 2 2 2 2 2 2 0 0 2 2 2 2 2 2 2 0 2 2 2 2 2
622 2 0 2 2 2 2 0 2 2 2 2 2 2 2 2 2 2 2 0 2 2 2 2 2 0 2 2 2 2 0 2 2 0 2 2 2 2 0 2 2 2 0 2 2 2 2 2 2 2 0 2 2 0 2 2 2 2 0 2 2 2 0 2 2 2 2 0 2 2 2 2 2 2 0 2 0 2 2 0 0 2 2 2 2 2 2 2 2 2 2 2 2 0 2 2 0 2 2 2 2 2 2 0 2 2 2 2 2 2 0 0 2 2 2 2 2 2 2 2 0 2 2 2 2 2 0 2 2 2 0 2 2 2 0 0 2 2 2 2 0 2 2 2 0 2 2 2 0 2 2 2 2 2 2 2 2 2 2 1 0 2 2 2 2 0 2 2 2 2 1 2 2 2 2 2 2 2 2 0 2 2 2 2 2 2 2 2 0 2 2 2 0 2 2 2 2 2 0 2 2 0 0 2 2 0 2 2 2 2 0 2 2 2 2 2 2 2 2 2 2 2 2 2 0 2 2 0 2 2 2 2 2 2 2 2 2 2 2 2 2 2 2 2 0 2
623 2 0 2 2 2 0 0 0 0 2 0 2 2 0 2 2 0 2 0 2 2 2 2 0 0 2 2 2 2 0 2 2 0 1 0 2 2 0 2 2 2 0 2 2 2 2 2 2 2 0 2 0 0 2 2 2 2 0 2 2 1 0 2 2 2 2 0 2 2 2 2 2 2 0 0 0 2 2 0 2 2 2 2 2 2 0 2 2 2 0 0 2 0 2 2 0 2 0 0 2 0 0 0 2 2 0 2 2 2 0 0 2 0 2 2 0 0 2 2 0 0 2 0 2 2 0 2 2 2 0 2 2 2 0 0 0 2 0 2 0 2 2 0 0 2 2 0 0 1 2 2 0 2 2 2 0 2 2 0 0 2 2 2 0 0 0 2 2 2 0 2 0 0 2 2 2 2 2 0 2 2 2 2 2 2 2 0 0 2 2 2 0 2 0 2 2 2 0 2 2 0 0 2 0 0 2 2 2 2 0 0 2 2 2 2 0 2 1 2 2 2 2 2 0 2 2 0 2 2 0 2 2 2 0 2 2 0 2 2 2 0 0 0 0 2
624 0 2 2 2 2 2 2 2 0 2 0 0 2 0 2 2 2 0 2 2 2 2 2 0 2 2 2 2 0 2 2 2 2 2 2 2 2 2 2 2 2 2 2 2 2 2 2 2 2 2 2 2 0 0 2 2 0 2 2 2 2 2 2 2 0 2 2 2 2 2 0 0 2 0 2 2 2 0 2 2 2 2 2 2 2 2 2 2 2 2 2 2 2 2 2 2 2 2 2 2 2 2 2 2 0 0 2 2 2 2 2 2 2 2 2 2 2 2 2 2 2 0 0 2 2 2 2 2 2 0 2 2 2 2 2 2 2 2 2 2 2 2 2 2 2 2 2 2 2 2 2 2 2 2 2 2 2 2 2 2 2 2 2 2 2 2 2 2 2 2 0 2 2 2 2 2 2 2 2 2 0 2 2 2 2 2 2 0 2 2 2 2 2 0 2 2 2 2 2 0 2 2 2 2 2 2 2 2 2 0 2 2 2 2 2 2 2 0 2 2 2 0 2 2 0 2 2 2 2 2 2 2 2 2 2 2 2 2 2 2 2 2 2 2 2
625 0 0 0 0 2 2 0 0 0 2 0 0 2 0 0 0 0 0 0 0 0 0 0 0 2 0 0 0 0 0 0 0 0 0 0 0 2 0 0 0 0 0 0 0 2 0 0 2 0 0 0 0 0 0 0 0 0 0 0 0 0 0 2 0 0 2 0 0 0 2 0 0 2 0 0 0 0 0 0 0 0 0 0 2 2 0 0 2 0 0 0 0 0 2 2 0 2 0 0 0 0 0 0 0 0 0 0 2 2 0 2 2 0 0 0 0 2 0 2 0 2 0 0 0 2 0 0 0 0 0 2 2 0 0 0 0 2 0 0 0 2 0 0 0 0 2 0 0 1 0 2 0 0 0 2 0 2 0 0 2 1 0 2 0 0 0 0 1 0 2 0 0 0 0 0 2 0 0 2 0 2 0 2 0 2 2 0 0 0 0 1 0 2 2 0 0 2 0 0 0 0 0 0 2 0 0 2 0 0 0 0 2 0 0 2 0 0 0 0 0 0 0 0 0 0 0 0 0 2 0 0 0 0 0 2 0 0 0 2 0 2 0 2 0 0
626 0 0 0 0 0 0 0 2 2 0 0 0 0 0 0 0 2 0 0 0 2 0 0 0 0 2 2 0 0 0 2 0 2 2 0 1 0 0 0 0 2 0 0 0 0 0 0 0 0 0 2 0 2 2 0 0 2 0 0 0 0 0 0 0 2 0 0 0 0 0 0 0 0 2 2 0 0 0 2 0 2 2 0 0 0 2 0 0 0 0 2 0 2 0 0 2 0 0 2 0 2 2 0 2 0 0 2 0 2 0 0 0 0 0 0 0 0 2 0 2 0 0 0 0 0 0 2 2 0 0 0 0 2 2 0 2 0 0 0 2 0 2 2 0 0 0 0 0 0 0 0 0 0 2 0 0 0 2 0 0 2 0 0 0 2 0 2 2 0 0 0 0 2 2 2 0 2 2 0 0 2 0 0 2 0 0 2 0 2 0 0 2 0 0 2 2 0 2 0 0 0 2 0 0 0 0 0 0 0 0 0 0 0 0 0 0 0 1 0 2 0 0 0 2 0 0 2 0 0 0 0 0 0 2 0 0 0 0 0 0 0 2 2 2 2
627 0 0 0 0 1 0 0 0 0 2 0 2 0 0 0 0 0 0 0 0 0 0 0 0 0 0 0 0 0 0 0 0 0 0 0 0 0 0 0 0 0 0 0 2 2 0 0 0 0 0 0 0 0 0 0 0 0 0 0 0 0 0 0 0 0 0 0 0 0 0 0 2 0 0 0 0 0 2 0 0 0 0 0 0 0 0 0 0 0 0 0 0 0 0 0 0 0 0 0 0 0 0 0 0 2 0 0 0 0 0 0 0 0 0 0 0 0 0 0 0 0 0 0 2 0 0 0 0 0 0 0 0 0 0 0 0 0 0 0 0 2 0 0 0 2 0 0 0 0 0 0 0 0 0 0 0 0 0 0 0 0 0 0 0 0 0 0 0 0 0 0 0 0 0 0 0 0 0 0 0 0 0 0 0 0 0 0 0 0 0 0 0 0 0 0 0 0 0 0 2 0 0 0 0 0 0 0 0 0 0 2 0 0 0 0 0 0 0 0 0 0 0 0 0 0 0 0 0 0 0 0 0 0 0 0 2 0 0 0 0 0 0 0 0 0
628 2 0 2 2 2 2 2 2 0 2 0 0 2 0 0 2 2 0 2 0 2 0 2 0 2 2 2 0 0 2 2 0 2 0 0 2 2 0 2 2 2 2 2 2 2 2 2 2 2 2 2 2 2 2 2 2 2 0 2 0 2 2 2 0 2 2 0 0 2 2 2 0 2 2 2 2 2 0 0 2 2 2 2 2 2 2 2 2 2 0 2 2 2 2 2 2 0 2 2 2 2 2 0 2 2 2 2 2 2 0 2 2 0 2 2 2 2 2 2 2 2 0 2 2 2 2 2 2 2 2 2 2 2 2 2 2 0 0 0 2 2 0 2 0 2 2 2 2 1 2 2 0 2 2 2 0 2 2 0 0 2 2 0 2 2 0 2 1 2 0 2 0 2 2 2 2 2 2 0 0 2 2 2 2 2 2 2 2 2 0 1 0 2 2 2 2 2 0 2 2 2 2 2 2 2 2 2 2 2 2 0 2 2 2 2 0 2 2 2 2 0 2 0 2 2 2 0 2 0 2 2 2 0 2 2 2 0 0 2 2 2 2 2 2 2
629 2 0 2 2 2 2 2 2 2 2 2 2 2 2 2 2 2 2 2 2 2 2 2 2 2 2 2 2 2 2 2 2 2 2 2 2 2 0 2 2 2 0 2 2 2 2 2 2 2 2 2 2 2 2 2 2 2 0 2 2 2 0 2 2 2 2 0 2 2 2 2 2 2 2 2 2 2 2 2 0 2 2 2 2 2 2 2 2 2 2 2 2 2 2 2 2 2 0 2 2 2 2 0 2 2 0 2 2 2 0 2 2 2 0 2 2 2 2 2 2 2 2 2 2 2 2 2 2 2 2 2 2 2 2 0 2 2 2 2 2 2 2 2 2 2 2 2 2 2 0 2 2 2 2 2 2 2 2 2 2 2 2 2 2 2 2 2 2 2 2 2 2 0 2 2 2 2 2 2 0 2 2 2 2 2 2 2 2 2 0 0 2 2 0 2 2 2 2 2 2 2 2 2 2 0 2 2 2 2 0 2 2 2 2 2 2 2 2 2 2 2 2 2 2 2 2 2 0 2 2 2 2 0 2 2 2 2 0 2 2 2 2 2 2 2
630 2 2 2 2 2 2 2 2 0 2 2 2 2 2 0 0 0 0 2 0 2 2 2 2 0 0 2 2 0 2 0 2 2 0 0 2 2 2 2 2 0 2 2 2 2 2 2 2 2 2 2 2 2 2 2 2 0 2 2 2 2 2 2 0 0 2 2 0 2 2 2 0 2 2 0 2 2 2 2 2 2 0 2 2 0 2 2 2 0 0 2 2 2 2 2 2 0 2 2 2 2 2 2 0 0 2 2 2 0 2 2 2 0 2 2 2 2 0 2 2 2 2 2 2 2 2 0 0 2 2 0 2 0 2 2 2 2 0 0 2 2 2 0 2 2 2 2 2 1 2 2 0 2 2 0 0 2 2 1 2 0 2 2 2 2 0 0 2 0 2 2 0 2 2 0 2 2 2 2 2 2 2 2 2 2 2 2 0 2 2 2 0 2 2 2 2 2 2 2 0 2 2 2 2 2 2 2 2 2 2 0 2 2 2 2 0 2 1 2 2 0 2 0 2 2 2 0 2 2 2 2 0 2 2 2 2 2 2 2 2 2 2 2 2 2
631 2 2 2 2 2 2 2 2 0 2 2 2 2 2 0 0 0 0 2 0 2 2 2 2 0 0 2 2 0 2 0 2 2 0 0 2 2 2 2 2 0 2 2 2 2 2 2 2 2 2 2 2 2 2 2 2 0 2 2 2 2 2 2 0 0 2 2 0 2 2 2 0 2 2 0 2 2 2 2 2 2 0 2 2 0 2 2 2 0 0 2 2 2 2 2 2 0 2 2 2 2 2 2 0 0 2 2 2 0 2 2 2 0 2 2 2 2 0 2 2 2 2 2 2 2 2 0 0 2 2 0 2 0 2 2 2 2 0 0 2 2 2 0 2 2 2 2 2 1 2 2 0 2 2 0 0 2 2 1 2 0 2 2 2 2 0 0 1 0 2 2 0 2 2 0 2 2 2 2 2 2 2 2 2 2 2 2 0 2 2 2 2 2 2 2 2 2 2 2 0 2 2 2 2 2 2 2 2 2 2 0 2 2 2 2 0 2 1 2 2 0 2 0 2 2 2 2 2 2 2 2 0 2 2 2 2 2 2 2 2 2 2 2 2 2
632 2 2 2 2 2 2 2 0 2 2 2 2 2 0 2 2 2 2 2 2 2 2 2 0 2 2 0 2 2 2 2 2 2 2 2 1 0 2 2 0 2 2 2 2 2 2 2 2 2 2 2 2 2 2 2 2 2 2 2 0 1 2 2 2 2 2 2 2 2 2 2 2 2 2 2 2 2 2 2 2 0 2 0 2 0 0 2 2 2 2 0 2 2 2 2 2 2 2 0 2 0 2 2 2 2 2 2 2 2 2 2 2 2 2 2 2 2 2 2 2 2 2 2 2 2 2 2 2 2 2 2 2 2 2 2 0 2 2 2 2 2 2 2 2 2 2 2 2 2 2 2 2 2 2 2 2 2 0 2 2 2 2 0 2 0 0 2 1 2 2 2 2 0 0 2 2 0 2 2 2 2 0 2 0 2 2 2 2 2 2 1 2 2 2 0 0 0 2 0 2 2 0 2 2 2 2 2 2 2 2 2 2 2 2 2 2 2 2 2 0 2 2 2 2 2 0 2 0 0 2 2 2 2 0 2 2 2 2 2 0 2 2 2 2 2
633 0 2 0 0 0 2 0 2 0 0 0 0 0 0 0 0 2 0 0 0 0 0 0 0 0 2 2 0 0 0 2 0 0 0 0 0 0 2 0 2 2 0 0 2 0 0 0 0 0 0 0 0 0 0 0 0 0 2 0 2 1 0 0 0 0 0 2 0 0 0 0 0 0 0 2 0 0 0 0 0 2 0 2 0 0 0 0 0 2 0 0 0 0 0 0 0 0 2 2 0 0 2 2 2 2 2 0 0 0 2 0 0 0 2 0 0 0 0 0 0 0 0 2 2 0 0 2 0 0 2 0 0 2 0 0 0 0 0 0 0 0 0 2 0 2 0 0 0 1 2 0 2 0 0 0 0 0 0 0 0 0 0 0 0 0 2 0 0 0 0 0 2 2 2 0 0 2 0 0 0 0 0 0 2 0 0 0 0 0 0 0 2 0 0 2 2 0 0 2 2 2 0 0 0 0 0 0 0 0 2 2 0 0 2 0 0 0 0 0 0 0 0 0 0 0 2 2 2 0 2 0 0 2 0 0 0 0 0 0 2 0 0 2 0 0
634 0 0 0 0 2 0 2 2 0 0 0 0 2 0 0 0 0 0 0 0 0 0 0 0 0 0 0 0 0 0 0 0 2 0 2 1 2 0 0 0 0 0 0 0 0 0 0 0 0 0 0 0 0 0 0 0 0 0 0 0 0 0 2 0 0 2 0 0 0 2 0 0 2 0 0 0 0 0 2 0 0 0 0 2 2 0 0 2 0 2 0 0 1 1 2 2 2 0 2 0 0 0 0 0 0 0 0 2 2 0 2 2 0 0 0 0 0 0 2 2 2 0 0 0 2 2 0 0 0 0 0 2 0 2 2 0 2 0 0 0 0 0 0 0 0 2 0 0 1 2 2 0 0 0 2 0 2 2 0 0 0 2 2 0 0 0 2 0 0 0 0 0 0 2 2 2 0 0 0 0 2 0 2 0 0 2 2 0 0 0 1 0 2 0 0 0 2 2 0 0 0 0 2 2 2 2 2 2 0 0 1 1 0 0 0 0 2 1 2 0 0 2 0 2 2 0 0 0 2 2 2 0 0 0 2 0 0 0 2 0 0 0 2 0 0
635 2 2 0 0 2 2 0 2 0 2 2 0 2 0 2 2 0 0 2 0 0 0 2 0 2 2 0 0 0 2 0 0 2 2 2 2 0 2 2 0 0 0 0 0 2 0 0 2 0 2 0 0 0 0 2 2 0 2 0 0 0 0 2 0 0 2 2 0 2 2 0 0 0 0 0 2 0 0 2 2 2 0 2 0 2 2 0 2 2 2 2 2 2 2 2 2 2 2 2 0 2 2 2 2 2 0 2 2 2 2 2 2 0 0 0 0 2 0 2 2 2 0 0 0 2 0 0 2 2 2 0 2 0 2 0 2 2 0 0 2 2 0 2 2 0 2 0 2 2 2 0 2 1 2 2 2 2 2 1 2 2 2 2 0 2 2 2 2 0 2 0 2 2 2 2 2 2 2 2 2 2 0 0 0 2 2 2 2 2 2 2 2 2 2 2 0 2 2 2 1 2 2 2 2 0 2 2 2 0 0 2 2 0 0 0 0 2 2 0 2 0 2 0 2 2 2 2 2 2 2 2 2 2 0 2 2 0 2 2 2 2 0 2 2 2
636 0 2 0 0 2 2 2 2 2 2 2 2 2 2 2 2 2 0 0 2 2 2 2 2 2 2 2 2 0 0 2 2 2 2 2 2 2 2 2 2 2 2 2 2 2 0 2 2 0 2 2 2 0 2 2 2 2 2 0 2 1 2 2 2 2 2 2 2 2 2 2 2 2 0 2 0 0 2 2 2 2 2 2 2 2 2 0 2 2 2 2 2 2 2 2 2 2 2 2 0 2 2 2 2 2 2 2 2 2 2 2 2 2 2 2 2 2 2 2 2 2 2 2 2 2 2 2 2 2 2 2 2 2 2 2 2 2 2 2 2 2 2 2 2 2 2 2 2 2 2 2 2 2 2 2 2 2 2 2 2 2 2 2 2 2 2 2 2 2 2 2 2 2 2 2 2 2 2 2 2 2 2 2 2 2 2 2 2 2 2 2 2 2 2 2 2 2 2 2 2 2 2 2 2 2 2 2 2 2 2 2 2 0 2 2 2 2 2 2 2 2 2 2 2 2 2 2 2 2 2 2 2 2 2 2 2 2 2 2 2 2 2 2 2 2
637 0 0 0 0 2 0 2 2 0 0 0 0 2 0 0 0 0 0 0 0 0 0 0 0 2 0 0 0 0 0 2 0 2 2 2 2 2 0 0 0 2 0 0 0 0 0 0 0 0 0 0 0 0 0 0 0 2 0 0 0 0 0 2 0 0 2 0 0 0 2 0 0 2 0 0 0 0 0 2 0 0 0 2 2 2 0 0 0 0 2 0 0 2 2 2 2 2 0 2 0 0 0 0 0 0 2 0 2 2 0 2 2 0 0 0 0 0 0 1 2 2 0 2 0 2 2 2 2 0 0 0 2 0 2 0 0 2 0 0 0 0 0 0 0 0 0 0 0 1 2 2 0 0 0 2 0 2 2 1 0 0 0 2 0 0 0 2 0 0 0 2 0 0 2 2 2 0 0 0 0 2 2 2 0 2 2 2 0 0 0 1 0 0 0 0 0 2 2 0 0 0 0 2 2 0 2 2 2 0 2 0 2 0 0 2 0 2 1 2 0 0 1 0 2 0 2 0 0 2 0 2 0 1 0 2 0 0 0 2 0 0 0 2 0 0
638 2 2 2 2 2 2 2 2 0 2 2 2 2 0 2 2 2 2 2 2 2 2 2 0 2 2 2 2 2 2 2 2 2 2 2 2 2 2 2 2 2 2 2 2 2 2 2 2 2 2 2 2 2 2 2 2 2 2 2 0 2 2 2 2 2 2 2 2 2 2 2 0 2 2 2 2 2 2 2 2 2 2 2 0 2 2 2 2 2 2 2 2 0 2 2 2 2 2 2 2 2 2 2 2 2 2 2 2 2 2 2 2 2 0 2 2 2 2 2 2 2 0 2 2 0 2 2 2 2 2 2 2 2 2 2 2 2 2 2 2 2 2 2 2 2 2 2 2 2 2 2 2 2 2 2 2 2 2 2 2 2 2 2 2 2 2 2 2 2 2 2 2 2 2 2 2 2 2 2 0 2 2 2 2 2 2 2 2 2 0 1 2 2 2 2 2 2 2 2 2 2 2 2 2 2 2 2 2 2 2 2 2 2 2 2 2 2 2 2 2 2 2 2 0 2 2 2 2 2 2 2 2 0 2 2 2 2 0 2 2 2 2 2 2 2
639 2 2 2 2 2 2 2 2 2 2 0 2 2 2 2 2 2 2 2 0 2 2 0 2 2 2 2 2 2 2 2 2 2 2 2 2 2 2 0 2 2 2 2 2 2 2 0 2 2 2 2 2 2 2 0 0 2 2 2 2 2 2 2 2 0 2 2 2 2 2 2 2 2 2 2 2 2 2 2 2 2 2 2 2 2 2 2 0 2 2 2 0 2 2 2 2 2 2 2 2 2 2 2 0 2 2 2 2 2 2 2 2 2 2 2 2 2 0 2 2 2 2 2 2 2 2 2 2 2 2 2 2 2 2 2 2 2 0 2 2 2 2 0 2 2 2 2 0 2 2 2 2 0 2 2 0 2 2 1 2 2 2 2 2 0 0 2 1 2 2 2 2 2 2 2 2 0 2 2 2 2 2 2 2 2 2 2 2 2 2 2 2 0 2 2 2 2 2 0 2 2 0 2 2 2 2 2 2 0 2 0 2 2 2 2 2 2 2 2 0 2 2 2 2 2 2 2 2 2 2 2 2 2 2 2 2 2 2 2 0 2 2 2 2 2
640 2 2 2 2 2 2 2 2 2 2 0 2 2 2 2 2 2 2 2 0 2 2 0 2 2 2 2 2 2 2 2 2 2 2 2 2 2 2 0 2 2 2 2 2 2 2 0 2 2 2 2 2 2 2 0 0 2 2 2 2 2 2 2 2 0 2 2 2 2 2 2 2 2 2 2 2 2 2 2 2 2 2 2 2 2 2 2 0 2 2 2 0 2 2 2 2 2 2 2 2 2 2 2 0 2 2 2 2 2 2 2 2 2 2 2 2 2 0 2 2 2 2 2 2 2 2 2 2 2 2 2 2 2 2 2 2 2 0 2 2 2 2 0 2 2 2 2 0 2 2 2 2 0 2 2 0 2 2 1 2 2 2 2 2 0 0 2 1 2 2 2 2 2 2 2 2 0 2 2 2 2 2 2 2 2 2 2 2 2 2 2 2 0 2 2 2 2 2 0 2 2 0 2 2 2 2 2 2 0 2 0 2 2 2 2 2 2 2 2 0 2 2 2 2 2 2 2 2 2 2 2 2 2 2 2 2 2 2 2 0 2 2 2 2 2
641 2 2 2 2 2 2 2 2 2 2 2 2 2 2 2 2 2 2 2 2 2 2 2 2 2 2 0 2 2 2 2 2 2 2 2 1 2 2 2 2 2 2 2 2 2 2 2 2 2 2 2 2 2 2 2 2 2 2 2 2 2 2 2 2 2 2 2 2 2 2 2 2 2 2 2 2 2 2 2 2 0 2 2 2 2 2 2 2 2 2 2 2 2 2 2 2 2 2 2 2 2 0 2 2 2 2 2 2 2 2 2 2 2 2 2 2 2 2 2 2 2 2 2 2 2 2 2 2 2 2 2 2 2 2 2 0 2 2 2 0 2 2 0 2 2 2 2 0 2 2 2 0 2 2 2 0 2 2 2 2 2 2 2 2 2 0 2 1 2 2 2 0 2 2 2 2 0 2 2 2 2 2 2 0 2 2 2 2 2 2 2 0 2 2 2 0 2 2 2 2 2 2 2 2 2 2 2 2 2 2 2 2 2 2 2 2 2 2 2 0 2 2 2 2 2 2 0 0 2 2 2 2 2 0 2 2 2 2 2 2 2 0 2 0 2
642 2 0 0 0 0 2 0 0 0 2 0 0 0 0 0 0 2 0 0 0 0 0 2 0 0 0 0 0 0 0 1 0 0 0 0 0 0 0 0 2 2 0 2 0 2 0 2 2 0 0 0 2 0 2 2 2 0 0 0 0 0 2 0 0 0 0 0 0 2 0 0 0 0 0 2 0 0 0 0 0 2 0 0 0 0 2 0 0 1 0 0 0 0 0 0 0 1 2 0 0 0 2 0 0 0 2 0 0 0 0 0 0 0 0 0 2 2 0 0 0 0 0 2 0 0 0 2 0 0 0 0 0 0 0 0 2 0 0 0 2 2 0 2 0 0 0 2 2 1 2 0 2 0 0 0 2 0 0 0 2 0 2 0 2 2 2 0 0 0 2 2 2 2 0 0 0 0 0 2 0 0 2 0 0 0 0 0 0 0 0 0 2 2 0 0 2 0 0 0 0 0 2 0 0 0 0 0 0 2 0 2 0 0 0 0 2 0 1 0 2 0 0 0 0 0 0 2 2 0 0 0 0 0 2 0 2 2 0 0 2 2 2 0 2 0
643 2 2 2 2 2 2 2 2 2 2 0 2 2 2 2 2 2 0 2 0 2 2 2 2 2 2 2 2 0 2 2 2 2 2 2 2 2 2 2 2 2 2 2 2 2 2 2 2 2 2 2 2 2 2 2 2 2 2 2 2 2 2 2 2 2 2 2 2 2 2 2 2 2 2 2 2 2 2 2 2 0 2 2 2 2 2 2 2 2 2 2 2 2 2 2 2 2 2 2 2 2 2 2 2 2 2 0 2 2 2 2 2 2 2 2 2 2 2 2 2 2 0 2 2 2 2 2 2 0 2 2 2 2 2 2 2 2 2 2 2 2 2 2 2 2 2 2 2 2 2 2 2 2 2 2 2 2 2 2 2 2 2 2 2 0 2 2 2 2 2 2 2 2 2 2 2 2 2 2 2 2 2 2 2 2 2 2 2 2 2 2 0 2 2 2 2 2 2 2 2 2 0 2 2 2 0 2 2 2 2 2 2 2 2 2 2 2 2 2 2 2 2 2 2 2 2 0 2 2 2 2 2 2 2 2 2 2 2 2 2 2 2 2 0 2
644 2 0 2 2 2 2 2 2 2 2 2 2 2 2 2 2 2 2 2 2 2 2 2 2 2 2 2 2 2 2 2 2 2 0 2 2 2 0 2 2 2 2 2 2 2 2 2 2 2 2 2 2 2 2 2 2 0 0 2 2 1 2 2 2 2 2 0 2 2 2 2 2 2 2 2 2 2 2 2 2 2 2 2 2 2 2 2 2 2 2 2 2 2 2 2 2 2 2 2 2 2 2 0 2 2 2 2 0 2 0 2 2 0 2 2 2 2 2 2 2 2 2 2 2 2 2 2 2 2 2 2 2 2 2 2 2 2 2 2 2 2 2 2 2 2 2 2 2 2 2 2 2 2 2 2 0 0 2 2 2 2 2 2 2 2 2 0 1 2 2 2 2 2 2 0 2 0 2 2 2 2 2 2 2 2 0 2 2 2 2 2 2 2 2 2 2 2 2 2 2 2 2 2 2 2 2 2 2 2 2 2 2 2 2 2 2 2 2 2 0 2 2 2 2 2 2 2 2 2 2 2 2 2 2 2 2 2 2 2 2 2 2 2 2 2
645 2 0 2 2 2 2 2 2 2 2 2 2 2 2 2 2 2 2 0 2 2 2 2 2 2 2 2 2 2 0 2 2 2 2 2 2 0 0 2 2 2 2 2 2 2 2 2 2 2 2 2 2 2 2 2 2 2 0 2 2 2 2 2 2 2 2 0 2 2 2 2 2 2 2 2 0 2 2 2 2 2 2 2 2 2 2 2 2 2 2 2 2 2 2 2 2 2 2 2 2 2 2 0 2 2 2 2 2 2 0 2 2 2 2 2 2 2 2 2 2 2 2 2 2 2 2 2 2 2 2 2 2 2 2 2 2 2 2 2 2 2 2 2 2 2 2 2 2 2 2 2 2 2 2 2 2 0 2 2 2 2 2 2 2 2 2 0 1 2 2 2 2 2 2 0 2 0 2 2 2 2 2 2 2 2 0 0 2 2 2 2 2 2 2 2 2 2 2 2 2 2 2 2 0 2 2 2 2 2 2 2 2 2 2 2 2 2 2 2 0 2 2 2 2 2 2 2 2 0 2 2 2 2 2 2 2 2 2 2 2 2 2 2 2 2
646 2 2 2 2 2 0 2 0 2 0 2 2 2 0 0 2 2 2 2 2 0 0 2 0 2 0 2 0 2 2 2 0 2 2 2 2 2 2 2 0 2 0 2 2 0 2 2 0 2 0 2 2 2 2 2 2 2 2 2 0 2 0 2 0 0 2 2 0 2 2 2 0 2 2 2 2 2 2 2 2 2 2 0 2 2 2 2 2 2 2 2 2 2 2 2 2 2 2 0 2 2 2 2 0 2 2 2 2 2 2 2 2 2 2 0 0 0 2 2 2 2 2 2 2 2 2 2 2 2 0 2 2 2 2 2 2 2 2 2 2 0 2 2 2 2 0 2 2 0 2 2 2 2 2 2 2 2 2 2 0 0 0 2 2 2 2 2 2 2 0 0 2 2 2 2 2 2 2 0 2 2 2 2 2 2 2 2 2 2 2 2 2 2 2 2 2 2 2 2 2 2 2 2 2 2 2 2 2 2 2 2 2 2 2 2 2 2 2 2 2 2 2 0 2 0 0 2 2 2 2 0 2 2 2 2 2 2 2 2 2 0 2 2 2 2
647 2 2 2 2 2 2 2 2 2 2 2 2 2 2 2 2 2 2 2 2 2 2 2 2 0 2 0 2 2 2 2 2 2 2 2 1 2 2 2 2 2 2 2 2 2 2 2 2 2 2 2 2 2 2 2 2 2 2 2 2 2 2 2 2 2 2 2 2 2 2 2 2 2 2 2 2 2 2 2 2 2 2 2 2 2 0 2 2 2 2 0 2 2 2 2 2 2 2 2 2 2 0 2 2 2 2 2 2 2 2 2 2 2 2 2 2 0 2 2 2 2 2 2 2 0 2 2 2 2 2 2 2 2 2 2 0 2 2 2 2 2 2 2 2 2 2 2 2 2 2 2 2 2 0 2 2 2 2 2 2 2 2 2 2 0 2 2 2 2 2 2 0 0 2 2 2 2 0 2 2 2 2 2 0 2 2 2 2 2 2 2 2 2 2 2 0 2 2 2 2 2 2 2 2 2 2 2 2 2 2 2 2 2 2 2 2 2 2 2 2 2 2 2 2 2 2 2 2 2 2 2 2 2 2 2 2 2 2 2 2 0 0 2 0 0
648 2 2 2 2 2 0 2 2 2 2 2 2 2 2 2 2 2 2 2 2 2 2 2 2 2 2 2 2 2 2 2 2 2 2 2 2 2 2 2 2 2 2 2 2 2 2 2 2 2 2 2 2 2 2 2 2 2 2 2 2 2 2 2 0 2 2 2 0 2 2 2 2 2 2 2 2 2 2 2 2 0 2 2 2 2 2 2 2 2 2 2 2 2 2 2 2 2 2 2 2 2 0 2 2 2 2 2 2 2 2 2 2 2 2 2 2 0 2 2 2 2 2 2 2 2 2 2 2 2 2 2 2 2 2 2 2 2 2 2 2 2 0 2 2 2 2 2 2 1 2 2 2 2 2 2 2 2 2 2 2 2 2 2 2 2 2 2 2 2 2 2 0 2 2 2 2 2 2 2 2 2 2 2 2 2 2 2 2 0 2 2 2 2 2 2 2 2 2 2 2 2 2 2 2 2 2 2 2 2 2 2 2 2 2 2 2 2 2 2 2 2 2 0 2 2 2 2 2 2 2 2 2 2 2 2 2 2 2 2 2 0 0 2 0 2
649 0 2 2 2 2 2 0 2 2 0 2 2 2 2 2 2 2 0 2 2 2 2 2 2 2 2 2 2 0 2 2 2 2 2 2 1 2 2 2 2 2 2 2 2 0 2 2 0 2 0 2 0 2 0 2 2 2 2 2 2 2 2 2 0 2 2 2 0 2 2 2 2 2 2 2 2 2 2 2 2 2 0 2 0 2 2 2 2 2 2 2 2 0 2 2 2 0 2 2 2 2 2 2 2 0 2 2 2 2 2 2 2 2 0 0 2 2 2 2 2 2 2 2 2 2 0 2 2 2 2 2 2 2 2 2 2 2 2 2 2 0 2 2 2 2 2 2 2 1 2 2 2 2 2 2 2 2 2 2 2 2 2 2 2 2 0 2 2 2 2 2 2 2 2 2 2 2 2 2 2 2 2 2 2 2 2 2 0 2 2 1 2 2 2 2 2 2 2 2 1 2 2 2 2 2 2 2 2 2 2 2 2 2 2 2 2 2 2 2 2 2 2 0 2 2 2 2 2 2 2 2 2 2 2 2 2 2 2 2 2 2 2 2 2 2
650 2 2 0 0 0 2 2 2 0 2 0 0 0 2 2 2 2 0 2 0 0 2 0 2 2 2 2 2 0 2 2 2 2 2 2 2 0 2 0 0 0 2 2 0 2 0 2 2 0 2 2 0 0 2 0 0 0 2 0 2 2 2 0 0 0 0 2 0 0 2 0 2 0 0 2 2 0 0 2 2 2 2 0 2 0 2 0 2 2 2 2 0 2 2 2 2 2 2 2 0 2 2 2 2 2 2 2 0 2 1 2 2 2 0 2 0 2 0 2 2 2 1 0 0 0 2 0 0 0 2 2 0 2 2 2 2 2 1 0 2 2 2 2 2 0 2 2 2 2 2 0 2 2 2 0 2 2 2 1 0 1 2 2 2 2 2 2 2 0 0 2 2 2 2 2 0 2 2 0 2 0 2 2 2 2 2 0 2 2 2 2 2 2 2 2 2 2 2 2 2 2 2 0 2 2 2 2 2 2 2 2 2 0 0 0 2 0 2 2 2 2 2 0 0 2 0 2 2 0 2 2 2 2 2 1 2 2 2 2 2 2 2 2 2 2
651 0 2 2 2 2 2 2 2 2 0 2 2 2 2 2 2 2 2 0 2 2 2 2 2 2 2 2 2 2 0 2 2 2 2 2 2 2 2 2 2 2 0 2 2 0 2 2 0 2 2 2 2 2 2 2 2 2 2 2 2 2 0 2 2 2 2 2 2 2 2 2 2 2 2 2 0 2 2 2 2 2 2 2 0 2 2 2 2 2 2 2 2 2 2 2 2 2 2 2 2 2 2 2 2 2 2 2 2 2 2 2 2 2 2 2 2 2 2 2 2 2 2 2 2 2 2 2 2 2 2 2 2 2 2 2 2 2 2 2 2 0 0 2 2 2 2 2 2 2 0 2 2 2 2 2 2 2 2 2 2 2 2 2 2 2 2 2 2 2 2 2 2 2 2 2 2 2 2 2 0 2 2 2 2 2 2 2 2 2 0 1 2 2 2 0 2 2 2 2 2 0 2 2 2 2 2 2 2 2 2 2 2 2 2 2 2 2 2 2 2 2 2 2 2 2 2 2 2 2 2 2 2 0 2 2 2 2 0 2 2 2 2 2 0 2
652 2 0 2 2 2 2 2 0 2 2 2 2 2 2 2 2 2 2 2 2 2 2 2 2 0 2 2 2 2 2 2 2 0 2 2 2 2 0 2 2 2 2 2 2 2 2 2 2 2 2 2 2 2 2 2 2 2 0 2 2 2 2 2 2 2 2 0 2 2 2 2 2 0 2 2 2 2 2 0 2 2 2 2 2 2 2 2 0 2 2 2 2 0 0 0 0 2 2 0 2 2 2 0 2 2 2 2 0 0 0 0 0 2 2 2 2 2 2 2 0 0 2 2 2 2 2 2 2 0 2 2 2 2 0 2 2 2 0 2 2 2 2 2 0 2 2 2 2 2 2 2 2 2 2 0 2 0 0 1 2 0 2 0 2 2 2 2 2 2 2 2 2 2 0 2 2 2 2 2 2 2 2 0 2 2 0 2 2 2 2 1 2 0 0 2 2 0 2 0 2 2 2 0 2 2 2 0 0 2 2 2 0 2 2 2 2 0 1 2 2 2 0 2 2 2 2 2 2 2 2 0 2 2 2 0 2 2 2 2 0 2 2 0 2 2
653 2 2 0 0 0 2 0 2 2 0 2 0 0 0 0 0 0 0 0 2 0 2 0 0 2 0 0 2 0 0 0 2 2 0 0 0 2 2 2 0 0 0 0 2 0 0 0 0 0 2 2 0 2 2 0 0 2 2 0 2 1 0 2 2 2 0 2 2 2 0 2 0 2 2 0 0 0 0 2 0 0 2 0 0 0 2 0 2 0 0 2 2 2 2 2 2 0 2 2 0 0 0 2 0 0 2 2 2 2 2 2 2 0 0 2 0 0 0 0 2 2 2 0 2 2 0 0 0 2 0 0 0 0 2 0 0 0 2 0 2 0 0 0 2 0 2 2 0 1 0 2 0 0 0 2 2 2 2 1 0 2 2 2 0 2 0 2 0 2 0 2 0 2 2 2 2 0 0 0 0 2 0 2 0 0 2 0 0 0 0 1 0 2 2 0 0 2 0 2 0 0 2 2 0 0 2 2 2 0 0 0 2 0 0 0 0 2 1 0 0 0 2 2 0 2 2 0 0 0 0 2 0 0 2 2 2 2 0 0 2 0 0 2 0 0
654 0 0 0 2 0 2 0 0 2 0 2 2 0 2 2 0 0 2 0 2 0 2 0 2 2 2 2 2 2 0 0 2 0 2 0 1 0 0 2 2 2 0 0 0 0 0 2 0 0 2 0 0 2 2 0 0 2 0 0 2 0 0 0 0 0 0 0 0 2 0 2 2 0 2 0 0 0 2 0 0 2 0 2 0 0 0 0 0 0 0 0 2 0 0 0 0 0 0 0 0 0 0 0 2 0 2 0 2 2 0 0 0 2 0 2 2 0 0 2 0 0 2 2 0 2 0 2 2 2 2 0 0 0 0 0 2 2 0 2 0 0 0 0 0 2 2 2 2 1 2 0 2 2 0 2 2 0 0 1 0 0 2 0 2 0 2 2 0 0 0 2 0 0 2 2 0 0 0 0 2 2 0 0 2 0 0 0 2 2 0 0 2 0 0 2 2 0 2 2 0 2 0 0 2 0 0 0 0 2 0 2 0 0 2 0 2 0 0 2 0 0 0 0 0 2 0 2 0 0 0 0 0 2 0 0 2 0 2 2 2 0 2 2 2 0
655 0 0 0 0 0 0 0 0 0 0 0 0 0 0 0 0 0 0 0 0 0 0 0 0 0 0 0 0 0 0 0 0 2 0 2 0 2 0 0 0 0 0 0 0 0 0 0 0 0 0 0 0 0 0 0 0 0 0 0 0 0 0 2 0 0 0 0 0 2 0 0 0 0 0 0 0 0 0 2 0 2 0 0 0 0 0 0 0 0 2 0 0 0 0 2 2 0 0 0 0 0 0 0 0 0 0 0 0 2 2 0 0 0 0 0 0 0 0 0 2 0 0 0 0 0 0 0 0 0 2 0 0 0 2 0 0 0 0 0 0 0 0 0 0 0 0 0 0 0 0 0 0 0 0 0 0 0 0 1 0 0 0 2 0 0 0 0 0 0 0 0 0 0 0 0 0 0 0 0 0 0 0 0 0 0 0 2 0 0 0 0 0 0 0 0 0 0 0 2 0 0 0 0 0 0 0 2 0 0 0 0 2 0 0 2 0 0 0 0 0 0 0 0 0 0 2 0 0 0 0 0 0 0 0 2 0 0 0 0 2 0 0 0 0 0
656 0 2 2 2 2 2 2 2 2 0 2 2 2 2 0 2 2 2 2 2 0 2 2 2 2 2 2 2 2 2 2 2 0 2 2 1 2 2 2 2 2 2 2 0 0 2 2 0 2 2 2 2 2 0 2 2 2 2 2 0 2 2 2 2 2 2 2 2 2 2 2 2 2 2 2 2 2 2 2 2 2 2 2 2 2 2 2 2 2 2 2 2 2 2 2 0 2 2 2 2 2 2 2 2 2 2 2 2 2 2 2 2 2 2 2 2 2 2 2 0 2 2 2 0 2 2 2 0 2 2 2 2 2 0 2 2 2 2 2 2 0 2 2 2 2 2 2 0 1 2 2 2 2 2 2 2 2 2 2 2 2 2 2 2 2 2 2 2 2 2 2 2 2 2 2 2 2 2 2 2 2 2 2 2 2 2 2 2 2 2 2 2 2 2 2 2 2 2 2 2 2 2 2 2 2 2 2 2 2 2 0 2 2 2 2 2 2 2 2 2 2 2 2 2 2 2 2 2 2 2 2 2 2 2 2 2 2 2 2 2 2 2 0 2 2
657 0 2 0 0 0 0 0 0 0 0 0 0 0 0 0 0 0 0 0 0 0 0 2 0 0 0 2 0 0 0 0 0 0 0 0 2 2 2 2 2 0 0 2 0 0 0 0 0 0 2 0 0 0 0 2 2 0 2 0 0 2 0 2 2 2 0 2 0 0 2 2 0 2 0 0 0 0 0 2 0 2 0 2 0 0 0 0 0 0 0 0 2 2 0 0 0 0 0 0 0 0 0 2 0 0 2 0 0 2 2 0 0 2 0 0 0 0 2 2 0 0 0 0 0 2 0 0 2 2 2 0 0 2 0 0 2 2 0 2 0 0 0 2 2 0 0 0 2 0 2 0 2 0 0 0 2 0 0 1 0 0 0 0 0 0 2 0 1 0 0 0 2 0 0 0 0 2 0 0 0 0 0 0 2 2 0 0 0 0 0 1 2 0 0 0 2 0 0 2 0 0 0 2 0 0 2 0 0 0 2 2 0 0 0 2 0 2 0 0 2 0 0 0 0 0 2 2 0 2 0 0 0 0 0 0 0 0 0 2 2 0 0 0 0 0
658 0 2 0 0 2 0 0 2 0 0 2 2 2 2 0 2 2 2 2 2 2 0 2 2 2 2 2 0 2 2 0 0 0 2 0 2 2 2 2 2 0 2 2 2 0 0 2 0 0 2 0 2 2 2 2 2 2 2 0 2 2 2 2 2 2 2 2 0 0 2 2 2 2 2 2 2 0 2 2 0 2 0 2 0 0 2 0 0 2 0 0 2 2 2 2 0 0 0 2 0 2 2 2 0 2 2 0 2 2 2 2 2 2 2 0 2 2 2 2 0 2 0 2 2 2 0 0 2 2 2 2 0 2 0 0 2 2 0 2 2 0 2 2 2 2 2 0 2 0 2 2 2 0 0 2 2 2 2 2 0 2 0 0 0 2 2 2 2 2 0 0 2 2 2 2 2 2 0 0 2 2 0 0 2 2 2 2 0 0 2 2 2 0 2 2 2 0 2 2 2 0 2 2 0 0 2 2 2 2 2 2 0 0 2 2 0 2 0 2 2 0 0 0 2 0 2 2 0 2 0 2 2 2 0 0 2 0 2 2 2 2 0 2 0 0
659 2 0 0 2 2 0 0 2 2 2 2 2 2 2 2 2 0 2 2 2 0 0 0 2 0 2 0 0 2 2 2 0 2 0 0 1 0 0 2 0 2 2 2 0 2 0 2 2 0 2 2 0 2 2 0 0 2 0 0 2 2 2 0 2 2 2 0 0 0 0 2 2 2 2 0 2 0 2 2 0 2 2 2 2 2 2 0 2 2 0 0 2 2 2 0 2 0 2 2 0 2 0 0 2 2 2 2 2 2 0 2 2 0 2 2 2 2 2 0 2 2 2 2 0 2 0 2 0 2 2 0 0 2 2 0 2 2 2 2 2 2 0 2 0 2 2 2 0 1 2 2 2 2 2 2 0 0 0 0 2 0 2 0 2 0 2 0 0 2 2 0 2 0 2 0 0 0 2 2 2 0 2 2 0 2 0 2 2 2 2 1 2 2 2 2 2 2 2 2 2 2 0 2 2 0 2 0 2 2 2 0 0 0 2 2 0 2 1 2 0 2 2 0 2 2 0 2 2 0 2 2 2 2 2 0 2 2 2 0 2 2 2 2 2 2
660 0 0 0 0 0 0 0 0 0 0 0 0 0 0 0 0 0 0 0 0 0 0 0 0 0 0 0 0 0 0 0 0 0 0 0 1 0 0 0 0 0 0 2 0 0 0 2 0 0 0 0 0 0 0 0 0 2 0 0 0 0 0 0 0 0 0 0 0 0 0 0 2 0 0 0 0 0 0 0 0 0 0 0 0 0 0 0 0 0 0 0 0 0 0 0 0 0 2 0 0 0 0 0 0 0 0 0 0 2 0 0 0 0 0 0 0 0 0 0 0 0 0 0 0 0 0 0 0 0 2 0 0 2 0 0 2 0 2 0 2 0 0 2 0 0 0 0 0 0 0 0 0 0 0 0 0 0 0 0 0 0 2 0 0 0 2 0 0 0 0 0 2 0 0 0 0 0 0 0 0 0 2 2 0 2 0 0 0 0 0 0 0 0 0 0 2 0 0 2 0 0 0 0 0 0 0 0 0 2 0 0 0 0 0 0 0 0 0 0 0 0 0 0 0 2 0 0 0 0 0 0 0 0 0 0 0 0 0 0 2 0 0 0 0 0
661 0 0 0 2 0 2 0 2 2 0 0 0 0 2 2 2 0 2 0 0 2 0 2 2 2 0 0 0 2 0 2 0 0 2 0 1 2 0 2 2 2 2 2 2 0 0 2 0 0 2 2 2 2 0 2 2 2 0 0 2 2 2 2 2 2 0 0 2 2 0 2 0 2 2 0 0 0 0 2 2 0 2 2 0 0 2 0 0 2 0 2 2 2 0 2 0 2 2 2 0 2 0 0 2 2 2 2 2 2 2 2 0 2 2 2 0 2 2 2 0 2 0 2 2 2 0 2 2 2 2 2 0 2 0 2 2 2 2 2 2 0 0 2 0 2 2 2 0 2 2 2 2 2 2 2 0 2 2 0 0 2 2 2 2 0 2 0 2 0 0 0 2 0 2 0 2 2 2 0 2 2 2 2 0 2 2 2 0 2 0 1 0 0 0 2 2 0 2 2 2 2 0 2 2 2 2 2 0 2 2 0 2 0 2 2 2 2 1 0 2 2 0 2 2 2 2 0 2 2 2 0 2 2 2 2 0 2 2 2 2 2 2 2 2 2
662 2 2 2 2 0 2 2 2 2 2 2 2 0 2 2 2 0 2 2 2 2 2 2 2 2 0 2 2 2 2 2 2 0 2 2 2 2 2 2 2 2 2 2 2 2 2 2 2 2 2 2 2 2 0 2 2 2 2 2 2 2 2 2 2 2 0 2 2 2 2 2 2 2 2 0 2 2 2 2 2 0 2 0 2 0 2 2 0 2 2 2 2 2 2 2 0 2 2 2 2 2 0 2 2 2 2 2 2 2 2 2 2 2 2 2 2 2 2 2 0 2 2 2 2 0 2 2 2 2 2 2 2 2 0 2 2 2 2 2 2 2 0 2 2 2 2 2 2 2 2 2 2 2 2 2 2 2 2 2 2 2 2 2 2 0 2 0 2 0 2 2 2 0 2 0 2 2 2 2 2 2 2 2 2 2 2 2 0 2 2 2 2 0 2 2 2 0 2 2 2 2 0 2 2 2 2 2 0 2 2 2 2 2 2 2 2 2 2 2 2 2 2 2 2 2 2 2 2 2 2 0 2 2 2 2 2 2 2 2 2 2 2 2 2 2
663 2 0 0 0 0 0 0 0 0 2 0 0 0 0 0 0 2 0 0 0 0 0 2 0 0 2 0 0 0 0 0 0 0 0 0 0 0 0 2 0 0 0 2 0 2 0 2 2 0 0 0 2 0 2 2 2 0 0 0 0 0 0 0 0 0 0 0 0 2 0 0 0 0 0 2 0 0 0 0 0 0 0 0 2 0 0 0 0 2 0 0 2 0 0 0 0 0 0 0 0 0 2 0 0 2 0 0 0 0 0 0 0 2 0 0 0 0 0 0 0 0 2 0 0 0 0 0 0 0 0 0 0 0 0 0 0 0 0 0 2 2 2 0 0 0 2 2 2 0 2 0 0 2 0 0 0 0 0 0 2 0 0 0 0 2 0 2 0 2 2 0 0 2 0 2 0 0 0 2 0 0 0 0 0 0 0 0 0 0 0 1 0 0 2 0 0 0 0 0 1 0 0 0 0 0 0 0 0 2 0 2 0 0 0 0 0 0 0 0 0 0 0 0 0 0 0 0 0 0 0 0 0 0 0 0 2 0 0 0 0 0 0 0 0 0
664 2 2 2 2 2 0 2 2 2 2 0 2 2 2 2 2 2 2 0 0 2 2 2 2 2 2 2 2 2 0 2 2 2 2 0 2 2 2 2 2 2 2 2 2 2 2 2 2 2 2 2 2 2 2 2 2 2 2 2 2 2 2 2 2 2 2 2 2 2 2 2 2 2 2 2 0 2 2 2 2 2 2 2 2 2 2 2 2 2 0 2 2 2 2 2 2 2 2 2 2 2 2 2 2 2 2 2 2 2 2 2 2 2 0 2 2 2 2 2 2 2 2 2 2 2 2 2 2 2 2 2 2 2 2 2 2 2 2 2 2 2 2 2 2 2 2 2 2 1 2 2 2 2 2 2 2 2 2 2 2 2 2 2 2 2 2 2 2 2 2 2 2 2 2 2 2 2 2 2 0 2 2 2 2 2 2 2 2 2 0 1 2 2 2 2 2 2 2 2 2 2 2 2 2 2 2 2 2 2 2 2 2 2 2 2 2 2 1 2 2 2 0 2 2 2 2 2 2 2 2 2 2 0 2 2 2 2 0 2 2 2 2 2 2 2
665 2 0 2 2 0 2 0 2 2 2 2 2 0 2 2 2 2 2 2 2 2 2 2 2 2 2 2 2 2 2 2 2 2 0 2 1 2 0 2 2 2 2 2 2 2 2 2 2 2 2 2 2 0 2 2 2 2 0 2 2 2 2 2 2 2 0 0 2 2 0 2 2 2 0 2 2 2 2 2 2 2 2 0 2 2 2 2 2 2 2 2 2 0 0 2 2 0 0 2 2 2 2 0 2 2 2 2 2 2 0 2 0 2 2 2 2 0 2 2 2 2 2 2 2 0 0 2 2 2 2 2 0 2 2 2 2 2 2 2 2 2 2 2 0 2 2 2 2 1 2 2 2 2 2 2 2 0 0 1 2 0 2 0 2 2 2 2 1 2 2 2 2 2 2 2 0 2 2 2 2 0 0 2 2 2 0 2 2 2 2 2 2 2 2 2 2 2 2 2 2 2 2 0 2 2 2 0 2 2 2 2 2 2 2 2 2 0 2 2 2 2 2 2 2 2 2 2 2 2 2 0 2 2 2 2 2 2 2 2 2 0 2 2 2 2
666 2 0 2 2 0 2 0 2 2 2 2 2 0 2 2 2 2 2 2 2 2 2 2 2 2 2 2 2 2 2 2 2 2 2 2 2 2 0 2 2 2 2 2 2 2 2 2 2 2 2 2 2 0 2 2 2 2 0 2 2 2 2 2 2 2 0 0 2 2 0 2 2 2 0 2 2 2 2 2 2 2 2 0 0 2 2 2 2 2 2 2 2 2 0 2 2 2 2 2 2 2 2 0 2 2 2 2 2 2 2 1 0 2 2 2 2 0 2 2 2 0 2 2 2 2 0 2 2 2 2 2 2 2 2 2 2 2 2 2 2 2 2 2 2 2 0 2 2 2 2 2 2 2 2 2 2 2 0 2 2 0 2 2 2 2 2 2 2 2 2 2 2 2 2 2 0 2 2 2 2 0 2 2 2 2 0 2 2 2 2 2 2 2 2 2 2 2 2 2 2 2 2 0 2 2 2 0 2 2 2 2 2 2 2 2 2 0 2 2 2 2 2 2 2 2 2 2 2 2 2 0 2 2 2 2 2 2 2 2 2 0 2 2 2 2
667 2 2 2 2 2 2 2 2 2 2 0 0 2 2 2 2 2 2 2 0 2 2 0 2 2 2 2 2 2 2 2 2 2 2 2 2 2 2 2 2 2 2 2 2 2 2 0 2 2 2 0 0 2 2 0 0 0 2 2 2 2 2 2 2 2 2 2 2 2 2 0 2 2 2 2 2 2 0 2 2 2 2 2 2 0 2 2 2 2 2 2 2 2 2 2 2 2 2 2 2 2 2 2 2 2 2 2 2 2 2 2 2 2 2 2 2 2 0 2 2 0 2 2 2 2 2 2 2 2 2 0 2 2 2 2 2 2 2 2 2 2 2 2 2 0 2 2 2 2 2 2 2 2 2 2 2 2 2 2 2 2 2 2 2 2 2 2 2 2 2 2 2 2 2 2 2 2 2 2 2 2 2 2 2 2 2 2 2 2 2 2 2 2 2 2 2 2 2 2 2 2 2 2 2 2 2 2 2 0 2 2 2 2 0 2 2 2 2 2 2 2 2 2 2 2 2 2 2 2 2 2 2 2 2 2 2 0 2 2 2 2 2 2 2 2
668 0 0 2 2 0 2 2 2 2 0 2 2 0 2 2 2 2 0 2 2 0 2 2 2 2 2 2 2 0 2 0 2 2 2 2 1 2 0 2 0 2 2 2 2 0 2 0 0 2 2 2 2 0 2 2 2 2 0 2 0 2 2 0 2 2 0 0 2 2 0 2 2 0 0 2 2 2 2 2 2 2 0 0 0 2 2 2 2 2 2 2 2 2 2 2 2 2 2 2 2 2 2 0 0 2 2 2 2 2 2 2 0 2 0 2 2 2 2 2 2 2 2 0 2 0 2 0 2 2 2 0 2 2 2 2 2 2 2 2 0 0 2 2 2 2 2 0 2 2 2 2 2 0 2 2 2 2 2 2 0 2 2 2 2 2 2 2 2 2 0 2 2 2 2 2 2 2 2 0 0 0 2 2 2 2 0 0 2 2 0 0 2 2 2 2 2 0 0 2 2 2 2 2 0 2 2 2 2 0 2 2 0 2 2 2 2 2 0 2 2 2 0 2 2 2 0 2 2 0 2 2 2 0 2 0 2 2 0 2 2 2 2 2 2 2
669 0 2 0 2 2 2 2 2 2 0 2 2 2 0 0 2 2 2 2 2 0 2 2 0 2 0 2 2 2 2 2 2 2 2 2 2 2 2 2 2 0 0 0 2 0 0 2 0 0 0 2 2 2 2 2 2 2 2 0 2 2 0 2 2 2 2 2 0 2 2 2 0 2 2 2 2 0 2 2 2 2 0 2 2 2 2 0 2 0 2 2 2 2 2 2 2 2 2 2 0 2 2 2 0 2 2 2 2 2 2 2 2 2 2 2 2 2 2 2 2 0 0 2 2 2 2 2 2 2 2 2 2 2 2 2 2 2 2 0 2 0 2 2 0 2 2 2 2 1 0 2 2 2 2 2 2 2 2 1 0 2 2 2 2 2 2 2 1 2 0 2 2 2 2 2 2 0 2 0 2 2 2 2 2 2 2 2 0 2 2 2 2 2 0 2 2 2 2 2 1 2 2 2 2 2 2 2 2 2 2 2 2 0 2 2 2 2 2 2 0 2 2 0 2 2 2 2 2 2 2 2 2 2 2 2 0 2 2 2 2 2 2 2 2 2
670 2 2 2 2 2 2 2 2 0 2 2 2 2 2 0 2 2 2 2 2 2 0 2 2 0 0 2 0 2 2 0 0 2 2 0 2 2 2 0 0 2 2 2 0 2 2 2 2 2 2 2 2 2 0 2 2 2 2 2 2 0 2 2 0 2 2 2 0 0 2 2 2 2 2 2 2 2 2 2 2 2 0 2 2 2 2 2 2 2 0 2 0 2 2 1 2 2 2 2 2 0 2 2 0 2 2 2 2 2 2 0 2 2 2 2 2 2 0 2 2 2 2 2 0 2 2 0 2 2 2 2 2 2 2 2 2 0 0 0 2 2 2 2 2 0 2 2 2 1 2 2 2 2 2 2 2 2 2 0 2 2 2 2 2 2 2 2 0 0 2 2 2 2 2 2 2 0 2 2 2 2 2 0 2 2 2 2 2 2 2 2 2 2 2 2 2 2 2 2 2 2 2 2 2 2 2 2 2 2 2 2 2 2 0 2 2 2 1 2 0 0 0 0 2 2 2 2 2 2 2 2 2 2 2 2 2 0 2 2 2 2 2 2 2 2
671 2 2 2 2 2 2 2 2 0 0 2 0 2 2 2 2 2 2 2 2 2 2 2 2 2 2 2 2 2 2 2 2 2 2 2 2 2 2 2 2 2 2 2 0 0 2 2 0 2 2 0 2 2 2 2 2 2 2 2 2 0 2 2 2 2 2 2 0 2 2 2 2 0 2 2 2 2 0 2 2 2 2 2 2 2 2 2 2 2 2 2 2 2 2 2 2 2 2 2 2 2 2 2 2 2 2 2 2 2 2 2 2 2 2 2 2 2 0 2 2 2 2 2 0 2 2 0 2 2 2 2 2 2 2 2 2 2 2 0 2 0 2 2 2 2 2 2 2 2 2 2 2 2 2 2 2 2 2 1 0 2 2 2 2 2 2 2 2 0 0 2 2 2 2 2 2 2 2 0 2 2 2 2 2 2 2 2 2 2 2 2 2 2 2 2 2 2 2 2 2 2 2 2 2 2 2 2 2 2 2 2 2 2 2 2 2 2 1 2 2 2 0 0 2 2 2 2 2 2 2 2 2 2 2 2 2 2 2 2 2 2 2 2 2 2
672 0 0 0 2 0 0 0 0 0 0 0 0 0 0 2 0 0 0 0 0 0 0 0 0 0 0 0 0 0 0 0 0 0 0 0 0 0 0 0 0 0 0 0 0 0 0 0 0 0 0 0 0 0 0 0 0 0 0 0 0 2 2 0 0 0 0 0 2 0 0 0 0 0 0 0 0 0 0 0 0 0 0 0 0 0 0 0 0 2 0 0 0 0 0 0 0 0 0 0 0 0 0 0 0 0 0 0 2 0 0 0 0 0 2 0 2 0 2 0 0 0 0 2 0 0 0 2 0 0 0 0 0 0 0 0 0 2 0 2 0 0 0 0 0 0 0 0 0 1 0 0 0 0 0 0 0 0 0 0 0 0 0 0 0 0 0 0 0 0 0 0 0 0 0 0 0 0 0 0 2 0 0 0 0 0 0 0 0 0 0 0 0 0 0 0 0 0 2 0 1 0 0 2 0 0 0 0 0 0 0 0 0 0 0 0 2 2 2 0 0 0 2 2 0 0 0 0 0 0 0 0 0 2 0 0 0 2 2 0 0 0 0 0 0 0
673 0 0 2 2 0 0 0 2 2 0 2 2 0 2 0 0 0 2 2 2 2 2 2 2 0 0 0 2 2 2 2 2 2 0 0 1 2 0 2 2 0 2 2 0 0 2 2 2 2 2 2 2 0 2 2 2 0 0 2 2 2 0 0 2 2 0 0 2 2 0 2 2 2 0 0 2 2 2 2 0 0 2 2 2 0 0 2 0 0 0 0 2 0 2 2 2 0 0 2 2 2 0 0 2 2 2 0 2 0 2 2 2 2 0 0 2 0 0 0 2 0 2 2 0 2 0 2 0 0 0 2 0 2 2 2 0 2 0 2 0 2 0 0 0 2 0 2 0 0 0 0 0 2 0 0 2 0 0 1 2 0 0 0 0 0 0 0 0 0 2 2 2 0 0 0 0 0 0 2 0 0 0 0 0 0 0 0 0 0 2 2 0 0 0 0 0 2 0 0 1 2 0 2 0 2 0 0 0 2 2 0 2 2 2 0 2 2 1 2 0 2 2 2 2 0 0 0 0 0 0 0 0 0 0 2 2 2 0 0 0 0 0 0 0 0
674 2 0 2 2 2 2 2 2 2 2 0 2 2 0 0 0 2 0 2 0 2 2 2 0 0 2 0 2 0 2 2 2 2 2 2 1 2 0 0 2 2 0 2 2 2 2 2 2 2 2 2 2 0 2 2 2 2 0 2 2 2 2 2 2 2 2 0 2 2 0 2 0 0 0 2 2 2 2 2 2 0 2 0 0 2 0 2 2 2 2 2 0 2 2 2 2 2 2 2 2 2 0 0 2 2 2 0 2 0 0 2 0 2 2 2 2 2 2 0 2 2 2 2 2 0 2 0 0 0 2 2 2 2 2 2 0 2 0 2 0 2 2 2 2 2 0 2 0 1 2 2 0 2 0 2 0 0 0 2 2 0 2 2 0 0 0 0 2 2 2 2 2 2 0 0 2 2 0 2 2 0 2 0 0 0 0 2 2 0 2 2 2 2 2 0 0 2 2 0 2 2 0 2 0 2 0 2 0 2 2 2 2 2 2 2 2 2 2 2 2 2 2 2 2 2 2 2 2 2 2 0 0 2 0 2 2 2 2 0 0 2 0 0 0 0
675 2 1 2 2 2 2 2 2 2 2 2 2 2 2 2 2 2 2 2 2 2 2 1 2 2 2 2 2 2 2 2 2 2 2 2 2 2 1 2 2 2 2 2 2 2 2 2 2 2 2 2 2 2 2 1 1 2 1 2 2 2 2 2 2 2 2 1 2 2 1 2 2 2 2 2 2 2 2 2 2 2 2 2 2 2 2 2 2 2 2 2 2 2 1 2 2 2 2 2 2 2 2 0 2 2 2 2 2 2 2 0 2 2 2 2 2 2 2 2 2 2 2 2 2 2 2 2 2 2 2 2 2 0 2 2 2 2 2 2 2 2 2 2 2 2 2 2 2 2 2 2 2 2 2 2 1 1 2 2 2 1 2 2 2 2 2 2 2 2 2 2 1 2 1 2 2 2 2 2 2 2 2 2 2 2 1 2 2 2 2 2 2 2 2 2 2 2 2 2 2 2 2 2 2 2 2 2 2 2 2 2 1 2 2 2 2 2 2 2 2 2 2 2 2 2 2 2 2 2 2 0 2 2 2 1 2 2 2 2 2 2 2 1 2 2
676 2 2 2 0 0 2 0 0 2 0 0 2 0 0 2 0 2 2 2 0 2 2 2 0 2 2 0 2 2 2 0 2 0 2 2 1 0 2 0 2 2 0 2 2 0 2 2 2 2 2 0 2 0 2 2 2 2 2 2 2 2 0 0 2 0 0 2 2 2 2 2 2 2 0 2 2 2 2 2 0 2 0 0 2 0 0 2 0 2 2 2 0 0 2 2 0 0 0 0 2 2 2 2 0 0 0 2 2 0 2 2 2 0 0 0 2 2 2 0 0 0 2 2 2 0 0 2 0 0 2 2 0 2 0 0 0 2 2 2 0 2 0 2 0 2 0 0 0 1 2 0 2 0 0 0 2 2 2 1 2 2 2 0 2 0 0 0 0 2 2 2 2 2 2 0 0 0 0 2 0 0 0 2 0 0 2 0 2 0 2 2 0 0 2 2 0 0 2 0 1 0 0 2 0 0 2 0 0 2 2 0 2 2 2 0 2 2 1 2 0 0 2 2 2 2 0 0 0 0 2 2 0 0 0 2 0 0 0 0 0 2 0 2 0 0
677 0 0 2 2 2 2 2 2 0 2 2 2 2 0 2 2 2 0 0 2 2 2 2 0 0 2 2 2 0 0 2 2 2 2 0 1 2 0 2 0 2 2 0 2 2 2 2 2 2 2 2 2 2 2 2 2 2 0 2 2 2 2 2 0 2 2 0 2 2 0 0 0 2 2 2 0 2 2 0 2 0 0 2 2 2 2 2 2 0 0 2 2 2 0 2 2 2 2 2 2 2 2 0 2 2 2 0 2 2 2 2 2 2 2 2 2 0 2 2 2 2 0 2 2 2 2 2 2 2 2 2 2 0 2 2 2 0 0 2 2 2 2 2 2 2 2 2 2 2 0 2 2 2 2 2 0 0 2 1 2 0 0 2 0 2 2 2 2 2 2 0 0 2 0 2 2 2 2 2 2 2 2 0 2 2 0 2 2 2 2 2 2 2 0 0 2 2 0 2 1 2 2 0 2 2 2 2 2 2 0 2 2 2 2 2 2 0 1 0 2 2 0 2 0 0 2 2 2 2 0 0 2 2 2 2 2 2 2 2 2 0 2 0 2 2
678 2 2 2 2 2 2 2 1 2 2 2 2 2 2 2 2 2 2 2 2 2 2 0 2 2 0 2 2 2 2 2 2 2 2 2 0 2 2 2 0 2 2 2 2 2 2 2 2 2 0 2 2 2 2 0 0 2 2 2 0 2 2 2 2 2 2 2 2 2 2 2 2 2 2 2 2 2 2 2 2 2 2 2 2 2 0 2 2 2 2 2 2 2 2 2 2 2 0 2 2 2 2 2 0 2 0 2 2 2 2 2 2 2 2 1 0 2 2 2 2 2 2 2 2 2 2 2 0 2 2 2 2 2 2 2 2 2 0 2 2 1 2 2 2 2 2 2 2 2 2 2 0 2 2 2 2 0 2 2 2 2 2 2 2 0 2 2 2 2 1 0 2 2 2 2 0 2 2 2 2 2 0 0 2 0 0 2 2 2 2 1 2 2 2 2 2 0 2 2 2 0 0 2 2 2 2 0 2 2 2 2 2 2 2 2 2 2 2 0 2 2 2 2 2 2 2 2 1 0 2 2 2 2 0 2 2 2 2 2 2 2 2 2 2 2
679 0 2 2 0 2 2 2 2 2 0 2 2 2 2 2 2 2 0 2 2 2 2 2 2 2 2 2 2 0 2 2 2 2 2 2 2 2 2 0 2 2 2 0 2 0 2 2 2 2 2 0 0 2 0 2 2 2 2 2 0 0 2 2 0 0 2 2 2 2 2 0 2 2 2 2 2 2 2 2 2 2 2 2 2 0 2 2 2 0 2 2 0 2 2 2 2 2 2 2 2 2 2 2 0 0 2 2 2 2 2 2 2 2 0 2 2 2 2 2 2 2 2 2 2 2 2 2 2 2 0 2 2 2 2 2 2 0 2 2 2 2 2 2 2 2 2 0 2 2 2 2 2 2 2 2 2 2 2 2 2 2 2 2 2 2 2 2 2 2 2 0 2 2 2 2 2 2 2 2 0 2 2 2 2 0 2 2 2 2 2 2 2 2 2 2 2 2 2 2 1 2 2 2 2 2 2 2 2 2 2 2 2 2 2 2 2 2 2 2 2 2 2 2 2 2 2 2 2 2 2 2 2 0 2 2 0 2 0 2 2 2 2 2 2 2
680 2 0 2 0 0 2 2 0 2 2 2 2 0 2 2 2 2 2 2 2 2 2 2 2 2 2 0 2 2 2 2 2 0 2 0 1 2 0 2 2 2 2 2 0 2 2 2 2 2 2 2 0 0 0 2 2 0 0 2 2 2 2 2 2 2 0 0 0 0 0 2 2 2 0 2 2 2 2 2 2 2 2 2 2 2 2 2 0 2 0 2 2 2 2 0 0 2 2 0 2 2 2 0 2 2 2 0 2 0 0 0 2 0 2 2 0 2 0 0 0 2 2 2 0 2 2 2 2 0 2 2 2 2 0 2 0 2 2 0 2 2 2 2 0 2 2 2 2 2 2 2 0 2 2 2 2 0 2 1 2 0 2 2 0 2 0 0 2 2 2 2 0 2 2 0 2 2 2 2 2 0 2 2 0 2 0 0 0 2 2 2 2 0 0 0 0 2 2 2 2 2 2 2 2 2 0 0 2 2 0 0 2 2 2 2 2 2 2 0 2 2 2 0 2 2 2 2 2 2 0 2 2 2 2 2 2 2 2 0 2 2 2 2 2 2
681 2 2 2 2 2 2 2 2 2 2 2 2 2 2 2 2 2 2 2 2 2 2 2 2 2 2 2 2 2 2 2 2 2 2 2 2 2 2 2 2 2 2 2 2 2 2 2 2 2 2 2 2 2 2 2 2 2 2 2 2 2 2 2 2 2 2 2 2 2 2 2 2 2 2 2 2 2 2 2 2 2 2 2 2 2 0 2 2 2 2 0 2 2 2 2 2 2 2 2 2 0 2 2 2 2 2 2 2 2 2 2 2 2 2 2 2 2 2 2 2 2 2 2 2 2 2 2 0 2 2 2 2 2 2 2 2 2 2 2 2 2 2 2 2 2 2 2 2 2 2 2 2 2 2 2 0 2 2 2 2 2 0 2 2 0 2 2 2 2 2 0 2 2 2 2 2 2 2 2 2 2 2 2 2 0 2 2 2 2 2 2 0 2 2 2 2 2 2 2 2 2 0 2 2 2 2 2 2 2 2 2 2 2 2 2 2 2 2 2 2 2 2 2 2 0 2 0 2 2 2 2 2 2 0 2 2 2 2 2 2 2 2 2 2 2
682 2 2 2 2 2 2 2 2 2 2 2 0 2 2 2 2 2 2 2 2 2 0 2 2 2 2 2 0 2 2 2 0 2 2 2 2 2 2 2 2 2 2 2 2 2 2 2 2 2 2 2 2 2 2 2 2 2 2 2 2 2 2 2 2 2 2 2 2 2 2 2 2 2 2 2 2 2 0 2 2 2 2 2 2 2 0 2 2 2 2 0 2 2 2 2 2 2 2 2 2 0 2 2 2 2 2 2 2 2 2 2 2 2 2 2 2 2 2 2 2 2 2 2 2 2 2 2 0 2 2 2 2 2 2 2 2 2 2 2 2 2 2 2 2 2 2 2 2 2 2 2 2 2 2 2 0 2 2 2 2 2 0 2 2 0 2 2 2 2 2 0 2 2 2 2 2 2 2 2 2 2 2 2 2 0 2 2 2 2 2 2 0 2 2 2 2 2 2 2 2 2 0 2 2 2 0 2 2 2 2 2 2 2 2 2 2 2 2 2 2 2 2 2 2 0 2 0 2 2 2 2 2 2 0 2 2 2 2 2 2 2 2 2 2 2
683 2 2 2 2 2 0 0 0 2 2 2 2 2 2 0 0 2 2 2 2 2 2 2 2 0 2 0 2 2 2 2 2 2 2 2 1 2 2 2 2 2 2 2 2 2 2 2 2 2 2 2 2 2 2 2 2 0 2 2 2 2 2 2 2 2 2 2 2 0 2 2 2 0 2 2 2 2 2 2 2 0 2 2 0 2 2 2 2 2 2 2 2 0 0 0 2 0 2 0 2 2 2 2 2 2 2 0 2 0 2 2 0 2 2 2 2 0 2 0 2 0 2 2 2 2 0 2 2 0 2 2 0 2 2 0 0 2 2 2 0 2 2 2 0 2 2 2 2 0 2 0 0 2 2 0 2 2 0 0 2 2 2 0 0 2 0 0 1 2 2 2 0 2 0 0 2 2 2 2 2 0 2 0 0 2 2 2 2 2 2 2 2 2 2 0 0 2 2 2 2 2 2 0 0 0 2 0 2 2 2 0 0 2 2 0 2 0 2 2 2 2 2 2 2 2 0 2 0 2 2 0 0 2 2 0 2 2 2 0 2 0 2 0 2 2
684 0 2 0 2 2 2 2 0 2 2 2 2 2 0 2 2 0 2 2 2 2 2 2 0 2 2 0 2 2 2 2 2 0 2 2 2 2 2 2 2 2 2 2 2 2 0 2 2 0 2 2 2 0 2 2 2 0 2 0 2 2 2 2 2 2 2 2 2 0 2 2 2 2 0 0 2 0 2 0 2 2 2 2 2 0 0 0 2 2 2 0 2 0 2 0 0 2 2 0 0 2 2 2 2 2 2 0 2 2 2 2 2 2 2 2 2 2 2 2 0 2 2 2 2 2 2 2 0 2 2 2 0 2 0 2 0 2 2 2 0 2 2 2 2 2 2 2 0 2 2 0 2 2 2 2 0 0 2 1 2 2 2 2 0 0 0 0 1 2 2 2 0 0 2 0 2 0 2 2 2 2 2 2 0 2 0 2 2 2 2 2 0 2 2 0 0 2 2 2 2 2 0 2 2 2 0 2 2 2 2 0 2 0 2 0 2 2 2 2 0 2 2 2 0 2 2 0 2 2 2 2 2 2 0 2 2 2 2 2 2 2 2 2 0 2
685 2 2 2 2 2 2 2 2 2 2 2 2 2 2 2 2 2 2 2 2 0 2 0 2 2 0 2 2 2 2 0 2 0 2 2 2 2 2 2 2 0 2 2 2 2 2 2 0 2 2 2 0 2 2 0 0 2 2 2 2 2 2 2 2 2 2 2 2 2 0 0 2 0 2 2 2 2 2 2 0 2 2 2 2 2 2 2 2 2 2 2 2 2 0 2 0 2 2 2 2 2 2 2 2 2 2 2 2 2 2 2 2 0 2 2 2 2 0 2 0 2 2 0 2 2 2 0 2 2 2 0 2 2 0 0 2 2 2 0 2 0 2 2 2 0 2 2 2 2 0 2 2 2 0 2 2 2 2 1 0 2 2 2 2 2 2 2 2 2 0 2 0 2 2 2 2 2 0 0 2 2 0 2 2 2 2 0 0 0 2 1 0 2 2 2 2 2 2 0 2 2 2 2 2 0 2 2 0 2 2 2 2 2 0 0 2 2 1 0 2 0 0 2 2 2 2 0 2 2 2 2 0 2 2 2 2 2 2 2 0 2 0 2 2 0
686 0 0 0 0 0 0 0 0 0 2 0 0 0 0 0 0 0 0 2 0 0 0 0 0 0 0 0 0 0 2 0 0 0 2 2 0 0 0 0 0 0 0 0 0 2 0 0 0 0 2 0 0 0 2 0 0 0 0 0 0 0 0 0 0 0 0 0 0 0 0 0 0 0 0 0 2 0 0 0 0 0 0 0 0 0 0 0 0 0 2 2 0 0 0 0 0 0 0 0 0 0 0 0 0 0 0 0 2 0 0 0 0 0 2 0 0 0 0 0 0 0 0 0 0 0 0 0 2 0 0 0 0 0 0 0 0 0 0 0 0 0 0 0 0 0 0 0 0 0 0 0 0 0 0 0 0 0 0 0 0 0 0 0 0 2 0 0 0 0 0 0 0 0 0 0 0 0 0 0 2 0 0 0 0 0 0 0 0 0 0 0 0 0 0 0 0 0 0 0 0 0 2 0 0 0 0 0 0 0 0 0 0 0 0 0 2 0 0 0 0 0 0 0 0 0 0 0 0 0 0 0 0 2 2 0 0 0 2 0 0 0 0 0 0 0
687 2 2 2 2 2 2 2 2 2 2 2 2 2 2 0 2 0 2 2 2 2 2 2 2 0 2 0 2 2 2 2 2 2 2 2 1 2 2 2 2 2 2 2 2 2 2 2 2 2 2 2 2 2 0 2 2 2 2 2 2 2 2 2 2 2 2 2 2 2 0 0 2 2 2 0 2 2 2 2 2 0 2 2 2 0 0 2 2 2 2 2 2 2 2 0 2 2 2 2 2 2 0 2 2 2 2 0 2 2 2 2 2 0 2 2 2 0 2 2 2 0 2 2 2 2 2 2 2 2 2 2 2 2 2 2 2 2 0 2 2 2 2 0 2 2 2 2 2 1 2 2 2 2 2 2 2 2 0 2 2 2 2 0 0 2 2 2 2 2 2 2 0 0 0 2 2 2 2 2 2 2 2 2 0 2 2 0 0 2 2 1 2 2 2 2 2 2 2 0 1 2 2 0 2 2 0 0 2 2 2 2 2 2 2 0 2 0 2 2 2 2 2 2 2 2 2 2 0 2 2 2 2 2 2 2 2 2 2 2 0 0 2 0 2 2
688 2 0 2 2 2 2 0 2 2 2 2 2 2 2 0 2 2 2 2 2 2 2 2 2 2 2 2 2 2 2 2 2 2 2 2 1 2 0 2 2 2 2 2 2 2 2 2 2 2 2 2 2 2 2 2 2 2 0 2 2 2 2 2 2 2 2 0 2 0 2 2 2 2 2 2 2 2 2 2 2 2 2 2 2 2 2 2 2 2 2 2 2 2 2 2 2 2 2 2 2 2 2 0 2 2 2 2 2 2 0 2 2 2 2 2 2 2 2 2 2 2 2 0 2 2 0 2 2 2 2 2 2 2 2 2 2 2 2 2 2 2 2 2 2 2 2 2 2 1 2 2 2 2 0 0 2 2 0 2 2 2 2 2 2 2 2 2 2 2 2 2 2 2 2 2 2 2 0 2 2 2 2 2 2 2 2 2 2 0 2 2 2 2 2 2 2 2 2 2 2 2 2 2 2 2 2 0 2 2 2 2 2 2 2 2 2 2 2 2 2 2 2 2 2 2 2 2 2 0 2 2 2 2 2 2 2 2 2 2 2 2 0 2 2 0
689 0 2 0 0 0 0 2 2 0 0 2 0 0 0 2 0 2 0 0 2 2 0 0 0 2 2 2 0 0 0 0 0 0 0 0 2 2 2 0 0 2 0 0 2 0 0 2 0 0 0 0 2 2 0 0 0 2 2 0 0 0 0 2 2 0 0 2 2 2 2 2 0 0 2 2 0 0 0 2 0 2 0 0 0 2 2 0 0 0 0 2 0 2 0 2 0 2 2 2 0 2 2 2 0 0 2 2 2 2 2 0 2 2 0 0 0 0 2 0 0 2 0 2 2 0 2 2 2 2 2 2 0 2 0 2 2 2 2 2 2 0 2 2 0 0 2 2 2 1 2 2 2 0 2 0 2 2 0 1 0 2 1 2 2 2 2 2 1 0 0 2 2 2 0 2 2 0 2 0 0 2 2 2 2 2 2 2 2 0 0 2 2 0 2 2 2 0 2 0 0 2 2 2 0 2 2 0 2 2 2 2 2 0 0 2 2 2 1 2 0 2 2 2 0 2 0 2 0 0 2 2 2 0 2 2 0 2 0 0 0 0 2 2 0 2
690 2 2 2 2 2 2 2 2 2 2 2 2 2 2 2 2 2 2 2 2 2 2 0 2 2 2 2 2 2 2 2 2 2 2 2 2 2 2 2 2 2 2 0 2 2 2 2 2 2 2 2 0 2 2 0 0 2 2 2 2 2 2 0 0 2 2 2 2 2 2 2 2 2 2 2 2 2 2 2 2 2 2 0 2 2 2 2 0 2 2 2 2 2 2 2 2 2 2 2 2 2 2 2 2 2 2 2 0 2 2 2 2 2 2 2 2 2 2 2 2 2 2 2 2 2 2 2 2 2 2 0 2 2 2 2 2 2 2 2 2 2 2 2 2 2 2 0 2 2 2 2 2 2 2 2 2 2 2 2 2 2 2 2 2 2 2 2 2 2 2 2 2 2 2 2 0 2 2 2 2 2 2 2 2 2 2 2 2 2 2 2 2 0 2 2 2 2 2 2 2 2 2 2 2 2 2 2 2 2 2 2 2 2 2 2 2 2 2 2 2 0 2 2 2 2 2 2 2 2 0 2 2 2 2 2 2 2 2 2 2 2 2 2 2 2
691 2 2 2 2 2 2 2 0 2 0 2 2 2 0 2 2 2 2 2 0 2 2 2 0 2 2 2 2 2 2 2 2 2 2 2 2 2 2 0 0 2 2 2 2 0 2 2 0 2 2 2 2 2 2 2 2 2 2 2 2 2 2 2 2 2 2 2 2 2 2 2 2 2 2 2 2 2 2 2 2 2 2 2 2 2 2 2 2 2 2 2 0 2 2 2 2 2 2 0 2 2 0 2 2 2 2 2 2 2 2 2 2 2 0 2 2 2 2 0 2 2 2 2 2 2 2 2 2 2 0 2 2 0 2 2 2 2 2 2 2 0 0 2 2 2 2 2 2 2 2 2 2 2 2 2 2 2 2 2 0 2 2 2 2 2 2 2 2 2 0 2 2 2 0 2 2 2 2 0 0 2 2 2 2 0 2 2 2 2 0 1 2 2 2 2 2 2 2 2 2 2 2 2 2 2 2 2 0 2 2 2 2 2 2 2 2 2 2 2 2 2 2 2 2 2 2 2 2 2 2 0 2 0 2 2 2 2 0 0 2 2 2 2 2 2
692 2 2 2 2 2 2 2 2 2 2 2 2 2 2 2 2 2 2 2 2 2 2 0 2 0 2 2 2 2 2 2 2 2 2 2 2 2 2 2 2 0 2 2 2 2 2 2 2 2 2 2 2 2 2 0 0 2 2 2 2 2 2 2 2 2 2 2 2 2 2 2 2 2 2 2 2 2 2 2 2 2 2 0 0 2 2 2 0 2 2 2 2 2 2 2 2 2 2 2 2 2 2 2 2 2 2 2 2 2 2 2 0 2 2 2 2 2 2 2 2 2 2 2 2 2 2 2 2 2 2 2 2 2 2 2 2 0 2 2 2 2 2 2 0 2 2 2 2 2 0 0 2 2 2 2 2 2 2 1 2 2 2 0 2 2 2 2 2 2 2 2 2 2 2 2 2 2 2 2 2 2 2 2 2 2 2 2 2 2 2 1 2 0 2 2 2 2 0 2 2 2 2 2 2 2 2 2 2 2 2 2 2 2 2 0 2 2 1 0 2 2 0 2 2 2 2 2 2 2 2 2 2 2 2 2 2 2 2 2 2 2 2 2 2 2
693 2 2 2 0 2 0 2 2 2 2 2 2 2 2 2 2 2 2 2 2 2 2 2 2 0 2 2 2 2 2 2 2 2 0 2 2 2 2 2 2 2 2 2 2 2 2 2 2 2 2 0 2 2 2 2 2 2 2 2 2 2 2 0 2 2 2 2 2 2 2 2 2 2 2 2 2 2 2 2 2 2 2 2 2 2 2 2 2 2 2 2 2 2 2 2 2 0 2 2 2 2 2 2 2 2 2 2 2 2 2 0 2 2 2 2 2 2 0 2 2 2 2 2 2 2 2 2 2 2 2 2 0 2 2 2 2 2 2 2 2 2 2 2 2 0 0 2 2 1 0 2 0 2 2 2 2 2 2 2 2 0 0 2 2 2 2 2 2 2 2 2 2 2 2 2 2 2 2 2 2 2 2 0 2 2 2 2 2 2 2 2 2 2 2 2 2 2 2 2 2 2 2 2 2 2 2 2 2 2 2 2 2 2 0 2 2 2 2 2 2 2 2 2 2 0 0 2 2 0 2 2 2 2 2 2 2 0 2 2 2 2 2 2 2 2
694 2 2 0 2 2 2 2 2 2 2 2 2 2 2 2 2 2 2 2 2 2 2 2 2 2 2 2 2 2 2 2 2 2 2 2 2 2 2 2 2 2 2 2 2 2 0 2 2 0 2 2 2 2 2 2 2 2 2 0 2 2 2 2 2 2 2 2 2 2 2 2 2 2 2 2 2 0 2 2 0 2 2 2 2 2 2 0 0 2 2 2 2 2 2 2 2 2 2 2 0 2 2 2 2 2 2 2 2 2 2 2 2 0 2 2 2 2 2 2 2 2 2 2 2 2 2 2 2 2 2 2 0 2 2 2 2 2 2 2 2 2 2 2 2 2 2 2 2 2 2 2 2 2 2 2 2 2 2 2 2 2 2 2 2 2 0 2 2 2 2 2 2 2 2 2 2 2 2 2 2 0 2 2 2 2 2 2 2 2 2 2 2 0 2 2 2 2 2 2 2 2 2 2 2 2 2 2 2 2 2 2 2 0 2 2 2 2 2 2 2 2 2 2 2 2 2 2 2 2 2 2 2 2 2 2 2 0 2 2 2 2 2 2 2 2
695 0 0 2 0 0 0 2 0 0 0 0 0 0 0 0 2 0 0 0 0 2 0 0 0 2 0 0 0 0 0 2 0 0 2 0 0 2 0 0 0 0 0 2 2 0 2 2 0 2 2 0 2 0 2 0 0 2 0 2 0 0 0 0 2 0 0 0 2 2 0 0 0 0 0 0 0 2 0 2 0 0 2 2 0 2 0 2 2 2 0 0 0 2 2 0 0 2 0 0 2 2 0 0 2 2 0 2 2 0 0 2 0 0 0 0 0 0 2 0 0 2 0 0 2 0 2 0 2 2 0 2 0 0 0 0 0 0 0 2 2 0 2 0 0 2 0 2 0 0 0 0 0 0 2 2 0 0 2 1 0 0 2 0 0 0 0 0 2 0 0 2 0 2 0 0 2 2 2 0 0 2 0 0 0 0 0 0 0 2 0 0 0 2 0 0 0 0 2 0 2 0 0 0 0 0 0 2 0 2 0 0 2 2 2 2 2 0 0 0 2 2 0 2 2 2 2 0 2 0 0 0 0 0 2 2 0 0 0 0 0 0 2 0 2 2
696 2 2 2 2 2 2 2 2 2 2 2 2 2 2 2 0 2 2 2 2 2 2 2 2 0 2 2 2 2 2 2 2 0 2 2 2 2 2 2 2 2 2 2 2 2 2 2 0 2 2 0 2 2 2 2 2 2 2 2 2 2 2 2 2 2 2 2 0 2 2 2 2 2 2 2 2 2 2 2 2 2 2 2 2 0 2 2 2 2 2 2 2 0 0 2 0 2 2 2 2 2 2 2 2 2 2 2 2 2 2 2 2 2 2 2 2 2 2 2 0 2 2 2 2 2 2 2 2 2 2 2 2 2 0 2 2 2 2 2 2 2 2 2 2 0 2 2 2 2 2 2 2 2 2 0 2 2 2 2 2 2 2 2 2 2 2 2 2 2 2 2 2 2 2 2 0 2 2 2 2 2 2 2 2 2 2 2 2 2 2 2 2 2 2 2 2 2 2 2 2 2 0 2 2 2 2 2 2 2 2 2 2 2 0 2 2 2 2 2 2 2 2 0 2 2 2 2 0 2 2 2 2 2 2 2 2 2 2 2 2 2 2 2 0 2
697 0 2 2 2 0 0 0 2 0 2 2 2 0 2 0 2 2 0 0 0 0 2 2 2 2 0 0 2 0 0 0 2 0 0 0 2 0 2 0 0 0 0 2 2 2 2 0 0 2 2 0 0 0 0 2 2 2 2 2 0 2 2 2 0 2 0 2 2 2 2 0 2 2 0 2 0 2 2 0 2 2 2 2 0 2 2 2 2 2 0 0 0 2 2 2 0 0 0 2 2 2 2 2 2 0 0 2 0 2 2 2 2 0 2 0 0 2 0 0 0 2 2 0 2 0 0 2 2 2 2 2 2 0 0 0 2 2 2 2 2 2 2 0 2 2 2 0 0 1 2 2 2 0 2 2 0 2 0 2 2 2 0 2 2 0 0 2 2 2 2 2 2 2 2 2 2 2 2 2 2 2 2 2 0 2 2 2 2 2 2 2 0 2 2 2 0 0 2 0 0 2 0 2 0 0 0 0 2 0 0 2 0 2 2 2 2 2 1 0 2 0 2 2 2 2 2 0 2 0 2 2 0 2 2 0 2 0 2 0 0 2 2 2 2 2
698 2 2 0 2 2 2 2 0 0 2 0 2 2 2 0 2 2 2 2 0 2 2 2 2 0 2 2 2 2 2 2 2 2 0 0 2 2 2 0 2 2 2 2 0 2 0 2 2 0 0 2 0 0 0 2 2 0 2 0 2 0 2 2 0 0 2 2 0 2 0 0 2 2 0 2 2 0 2 2 2 0 0 2 2 2 2 0 2 0 0 2 0 2 2 0 2 2 2 0 0 0 0 2 0 0 2 0 0 2 2 0 2 2 0 2 2 2 0 2 2 2 2 2 0 2 2 0 0 2 2 0 2 2 2 2 2 2 2 2 2 2 0 0 2 0 0 0 2 1 2 2 0 0 0 2 0 0 0 1 2 0 0 2 0 2 0 2 1 0 2 2 0 2 0 2 2 0 0 2 2 2 2 2 2 0 0 0 2 0 2 2 2 2 2 0 2 2 2 2 0 2 2 2 2 2 0 2 2 2 0 0 2 0 0 2 2 2 2 2 0 2 2 0 2 2 2 2 2 2 2 2 2 2 0 2 2 2 2 2 2 2 0 2 2 0
699 2 2 0 2 2 2 2 2 2 0 2 2 2 0 2 2 2 2 2 2 2 2 2 0 2 2 2 2 2 2 2 2 2 2 2 2 2 2 2 2 2 2 2 2 0 0 2 2 0 2 2 2 2 2 2 2 2 2 0 2 2 0 2 2 2 2 2 2 2 2 2 2 2 2 2 2 0 2 2 2 2 2 2 2 2 2 0 2 2 2 2 2 2 2 2 2 2 2 2 0 2 2 2 2 2 2 2 2 2 2 2 2 2 2 2 2 2 2 2 2 2 2 0 2 2 2 2 2 2 2 2 2 2 2 2 2 2 2 2 2 0 2 2 2 2 2 2 2 2 2 2 2 2 2 2 2 2 2 2 0 2 2 2 2 2 2 2 2 2 0 2 2 2 2 2 2 2 2 0 0 2 2 2 2 2 2 2 2 2 0 1 2 2 2 2 2 2 2 2 2 2 2 2 2 2 2 2 2 2 2 2 2 0 2 2 2 2 2 2 2 2 2 2 2 2 2 2 2 2 2 2 2 0 2 2 2 2 0 2 2 2 2 2 2 2
700 2 2 0 2 2 2 2 2 2 2 2 2 2 2 2 2 2 2 2 2 2 2 2 2 2 2 0 2 2 2 2 2 2 2 2 1 2 2 2 2 2 2 2 2 2 0 2 2 0 2 2 2 2 2 2 2 2 2 0 2 2 2 2 2 2 2 2 2 2 2 2 2 2 2 2 2 0 2 2 2 0 2 2 2 2 2 0 2 2 2 2 2 2 2 2 2 2 2 1 0 2 2 2 2 2 2 2 2 2 2 2 2 2 2 2 2 2 2 2 2 2 2 2 2 2 2 2 0 2 2 0 2 2 2 2 2 2 2 2 2 2 2 0 2 2 2 2 2 2 2 2 1 2 2 2 0 2 2 2 2 2 2 2 2 2 2 2 2 2 2 2 1 2 2 2 2 2 2 2 2 2 0 2 0 1 2 2 2 0 2 2 2 2 2 2 2 2 2 2 2 0 2 0 2 2 2 2 0 2 2 2 2 0 2 2 2 0 2 2 2 2 2 2 2 2 2 2 2 2 2 0 2 2 0 2 2 2 2 2 1 2 2 2 2 2
701 2 0 2 2 2 2 2 2 2 2 2 0 2 2 2 2 2 2 2 2 2 0 2 2 2 2 2 0 2 2 2 0 2 2 2 2 2 2 2 2 2 2 2 2 2 2 0 2 2 2 2 2 2 2 2 2 2 2 2 2 2 2 2 2 2 2 2 2 2 2 2 2 2 2 2 2 2 0 2 2 2 2 2 2 2 2 2 2 2 2 2 2 2 2 2 2 2 2 2 2 2 2 0 2 2 2 2 2 2 0 2 2 2 2 2 2 2 2 2 2 0 2 2 2 2 2 2 2 2 2 2 2 2 2 2 2 2 2 2 2 2 2 0 2 2 2 2 2 1 2 2 2 2 2 2 2 2 2 2 2 2 2 2 2 2 2 0 1 2 2 2 2 2 2 0 2 0 2 2 2 2 2 2 2 2 2 2 2 2 2 2 2 2 2 2 2 2 2 2 2 2 2 2 2 2 2 2 2 0 2 2 2 2 2 2 2 2 2 2 2 0 2 2 2 2 2 2 2 2 2 2 2 2 2 2 2 2 2 2 2 2 2 2 2 2
702 2 0 2 2 2 2 2 2 2 2 2 2 2 2 0 2 2 2 2 2 2 2 2 2 2 2 2 2 2 2 2 2 2 2 2 2 2 2 2 2 2 2 2 2 2 2 2 2 2 2 2 2 2 2 2 2 2 2 2 2 2 2 2 2 2 2 2 2 2 2 2 2 2 2 2 2 2 2 2 2 2 2 2 2 2 2 2 2 2 2 2 2 2 2 2 2 2 2 2 2 2 2 0 2 2 2 2 2 2 2 2 2 2 2 2 2 2 2 2 2 0 2 2 2 2 2 2 2 2 2 2 2 2 2 2 2 0 0 2 2 2 2 2 0 2 2 2 2 1 2 0 2 2 2 0 2 2 2 1 2 2 2 0 2 2 2 2 1 2 2 2 2 2 2 2 2 2 2 2 2 2 2 2 2 2 2 2 2 2 2 2 2 2 2 2 2 2 2 2 2 2 2 2 2 2 2 2 2 2 2 2 2 2 2 0 2 2 1 2 2 2 0 2 2 2 2 2 2 2 0 2 2 2 2 2 2 2 2 2 2 2 2 0 2 2
703 2 2 2 2 0 0 0 0 2 0 2 2 0 2 2 2 0 2 2 2 2 2 2 2 0 2 2 2 2 2 2 2 2 2 2 2 0 2 2 0 0 2 0 0 0 2 2 2 2 0 2 2 0 0 2 2 0 2 2 0 0 2 2 0 0 0 2 0 0 0 0 2 2 0 0 2 2 2 0 0 0 0 2 2 0 0 2 2 0 2 0 2 2 2 2 2 2 2 0 2 2 2 2 2 0 2 0 0 0 2 2 2 0 2 2 2 2 0 0 2 2 2 0 0 2 0 0 2 2 2 0 2 2 2 2 0 2 2 0 0 2 2 2 2 0 2 2 0 1 0 2 0 2 0 2 0 2 2 1 0 0 2 2 0 0 0 0 2 2 0 2 0 0 0 0 2 0 0 0 2 2 2 2 2 0 2 0 2 0 2 1 0 2 2 0 0 2 0 2 1 0 2 2 2 2 0 2 2 2 2 0 0 2 0 2 0 2 1 0 2 0 2 0 0 2 2 0 2 2 2 2 2 2 0 0 2 2 2 0 2 2 0 2 0 0
704 0 0 0 0 2 2 0 0 2 2 0 2 2 0 0 2 2 0 2 0 0 2 2 0 2 2 2 2 0 2 2 2 0 2 2 0 0 0 2 0 0 0 2 0 2 0 0 0 0 2 2 2 2 0 2 2 0 0 0 0 2 2 2 2 0 2 0 2 0 2 2 0 2 2 2 2 0 2 2 0 0 0 2 2 0 0 0 2 2 2 0 2 2 2 2 0 2 0 0 0 2 2 0 0 2 0 2 0 2 0 2 2 0 2 2 0 2 2 2 0 0 2 0 0 2 0 0 0 2 0 2 0 2 0 2 0 2 0 0 0 0 2 2 0 0 0 2 0 1 0 0 0 2 2 0 2 0 0 1 2 0 2 0 2 0 2 2 0 2 2 2 2 0 0 2 2 2 2 2 2 2 2 0 2 0 0 2 2 0 0 1 2 2 2 2 0 0 0 0 2 0 2 0 2 2 2 2 0 0 2 0 2 0 0 0 2 0 1 2 0 0 2 2 0 2 2 2 2 2 0 0 2 2 0 2 2 2 2 2 0 2 2 0 0 2
705 2 2 2 2 0 2 0 2 2 2 2 2 0 0 2 2 2 2 2 2 0 2 0 0 2 2 0 2 2 2 2 2 2 2 2 1 2 0 2 2 2 2 2 2 2 2 2 2 2 2 2 2 2 2 0 0 2 0 2 2 2 0 0 0 2 0 0 2 2 2 0 2 0 2 2 2 2 2 2 2 2 2 0 0 2 2 2 2 2 2 2 2 0 2 2 2 0 2 2 2 2 2 2 2 2 2 0 2 2 0 2 0 0 0 2 2 2 0 0 2 2 2 2 2 0 0 2 2 2 2 2 2 2 2 2 2 2 2 0 2 2 0 2 0 0 2 2 0 2 2 2 2 2 0 2 2 2 0 1 2 2 2 2 2 2 2 2 2 2 2 2 2 2 2 2 0 2 0 2 0 2 2 2 0 2 2 2 2 2 2 1 2 2 2 0 2 2 2 2 1 2 2 0 2 2 2 2 0 2 2 0 2 2 0 0 2 0 2 0 2 2 2 2 2 2 0 2 0 2 2 0 2 0 0 2 0 2 0 0 2 2 0 2 2 0
706 0 0 0 2 0 0 0 0 0 0 0 0 0 0 0 0 0 0 0 2 0 0 0 0 0 0 0 0 0 0 0 0 0 2 0 1 0 2 0 0 0 0 0 0 0 0 0 0 0 0 0 0 0 0 0 0 0 2 0 0 0 0 0 0 0 0 2 0 0 0 0 0 0 0 0 0 0 0 0 2 2 0 0 0 0 0 0 0 0 0 0 0 0 0 0 0 0 2 0 0 2 0 0 0 0 2 2 0 2 0 2 0 0 0 0 0 2 0 0 0 2 0 0 0 0 0 0 0 0 0 0 0 0 0 0 0 0 0 0 0 0 0 0 0 0 0 0 0 1 2 2 0 0 2 2 0 2 0 1 0 0 2 0 2 0 0 0 1 0 0 0 0 0 0 0 0 0 2 0 0 2 2 0 0 2 2 0 0 2 0 0 0 0 0 0 0 0 0 0 0 2 0 0 0 0 0 0 0 0 0 2 0 0 0 0 0 0 0 0 0 0 0 0 0 0 0 0 0 0 0 0 0 0 0 0 0 2 0 0 0 2 2 2 0 2
707 0 0 0 0 0 0 0 0 0 0 0 0 0 0 0 0 0 0 0 2 0 0 2 0 0 0 2 0 0 0 0 0 0 0 0 2 2 0 0 0 0 0 0 0 0 0 0 0 0 0 0 0 0 0 2 2 0 0 0 0 0 0 2 2 0 0 0 0 0 0 0 0 2 0 0 0 0 0 0 0 0 0 0 2 0 0 0 0 0 0 0 0 0 0 0 0 0 2 0 0 0 0 0 0 0 0 0 0 0 0 2 0 0 2 0 0 0 0 0 0 2 0 0 0 0 0 0 0 2 0 0 2 2 0 0 0 2 0 0 0 0 0 0 0 0 0 0 2 1 0 0 0 2 0 0 0 0 0 0 0 0 0 0 0 0 0 0 1 0 0 0 0 0 0 0 0 0 0 0 0 0 2 0 2 0 0 2 0 0 0 1 0 0 2 0 0 0 0 0 0 2 0 0 0 0 0 0 0 0 0 0 0 0 0 0 0 0 0 2 0 0 0 0 0 0 0 0 0 0 0 0 0 0 0 0 0 0 0 0 0 0 0 0 0 0
708 0 0 2 2 0 0 2 0 0 0 0 0 0 0 0 0 0 0 2 2 0 0 2 0 0 0 0 0 0 2 0 0 0 0 0 0 2 0 0 0 2 0 0 0 0 2 0 0 2 0 0 0 0 0 2 2 0 0 2 0 2 0 0 2 0 0 0 2 0 0 0 0 0 0 0 2 2 0 0 0 0 0 0 0 0 0 2 2 0 0 0 0 0 2 0 0 0 0 0 2 0 0 0 0 0 0 0 0 0 0 0 0 0 0 0 0 0 2 0 0 0 0 0 0 0 2 0 0 0 0 0 0 0 0 0 0 0 0 0 0 0 0 0 0 0 0 0 0 0 0 0 0 0 0 0 0 0 0 0 0 0 2 0 0 0 0 0 0 0 0 2 0 0 0 0 0 0 0 0 0 0 0 0 0 0 0 2 0 0 0 0 0 2 2 0 0 0 0 0 0 2 0 0 0 0 0 0 0 0 0 0 0 2 0 0 0 0 0 0 0 2 0 2 0 2 0 0 0 0 0 0 0 0 2 0 0 2 0 0 0 0 0 0 0 0
709 0 0 0 0 0 0 0 0 0 0 0 0 0 0 0 0 0 0 0 2 0 0 2 0 0 0 2 0 0 0 0 0 0 0 0 2 2 0 0 0 0 0 0 0 0 0 0 0 0 0 0 0 0 0 2 2 0 0 0 0 0 0 2 2 0 0 0 0 0 0 0 0 2 0 0 0 0 0 0 0 0 0 0 2 0 0 0 0 0 0 0 0 0 0 0 0 0 2 0 0 0 0 0 0 0 0 0 0 0 0 2 0 0 2 0 0 0 0 0 0 2 0 0 0 0 0 0 0 2 0 0 2 2 0 0 0 2 0 0 0 0 0 0 0 2 0 0 2 1 0 0 0 2 0 0 0 0 0 0 0 0 0 0 0 0 0 0 1 0 0 0 0 0 0 0 0 0 0 0 0 0 2 0 2 0 0 2 0 0 0 1 0 0 2 0 0 0 0 0 0 2 0 0 0 0 0 0 0 0 0 0 0 0 2 0 0 0 0 2 0 0 0 0 0 0 0 0 0 0 0 0 0 0 0 0 0 0 0 0 0 0 0 0 0 0
710 2 2 2 2 2 2 2 2 2 2 2 2 2 2 2 2 2 2 2 2 2 2 2 2 0 2 2 2 2 2 2 2 2 2 2 2 2 2 2 2 2 2 2 2 2 2 2 2 2 2 2 2 2 2 2 2 2 2 2 2 2 2 2 0 2 2 2 2 2 2 2 2 2 2 2 2 2 2 0 2 2 2 0 2 2 2 2 2 2 2 2 2 0 2 2 2 2 2 2 2 2 2 2 2 2 2 2 2 2 0 2 2 2 2 2 2 2 2 0 2 2 2 2 2 2 2 2 2 2 0 2 2 2 2 2 2 2 2 2 2 2 2 2 2 2 2 2 2 2 2 2 2 2 2 2 2 2 2 2 2 2 2 2 2 2 2 2 2 2 2 2 2 2 2 2 2 0 2 2 2 2 2 2 2 2 2 2 0 2 2 2 2 2 2 2 2 2 2 2 2 2 2 2 0 2 2 2 2 2 2 2 2 2 2 2 2 2 2 2 2 2 2 2 2 2 0 2 2 2 2 2 2 2 2 2 2 2 2 0 2 2 2 2 2 2
711 2 0 0 0 0 0 0 2 0 2 0 0 0 0 0 2 0 0 2 2 0 0 0 0 0 0 0 0 0 2 0 0 0 0 0 0 2 0 0 0 0 2 0 2 2 0 2 2 0 0 0 2 2 2 0 0 2 0 0 0 0 2 0 0 2 0 0 0 2 0 2 0 2 2 0 2 0 0 0 2 2 2 0 0 0 0 0 0 0 0 0 0 0 2 0 0 0 0 2 0 0 0 0 0 2 0 0 0 0 0 0 2 0 2 0 0 2 2 0 0 0 0 0 2 0 0 0 0 0 0 0 2 0 0 0 0 0 0 0 0 2 0 2 0 0 0 2 0 0 2 2 2 0 0 0 2 0 0 0 2 0 0 0 2 2 2 0 1 0 2 0 0 0 0 0 2 0 0 2 0 0 2 0 0 2 0 2 0 0 0 1 0 0 0 0 0 2 0 0 1 2 0 0 0 0 0 0 2 2 0 2 0 0 0 0 2 0 0 0 2 0 0 0 0 0 0 0 0 0 2 2 0 0 2 0 2 0 0 0 2 2 2 0 2 0
712 2 0 0 0 0 0 0 0 0 2 0 0 0 0 0 2 0 0 0 2 0 0 0 0 0 0 0 0 0 0 0 0 0 0 0 0 0 0 0 0 0 0 0 0 2 0 0 2 0 0 0 0 0 0 0 0 0 0 0 0 0 2 0 0 0 0 0 0 0 0 0 0 0 0 0 0 0 0 0 2 0 2 0 0 0 0 0 0 0 0 0 0 0 0 0 0 0 0 0 0 0 0 0 0 0 0 0 0 0 0 0 0 0 2 0 0 0 0 0 0 0 0 0 0 0 0 0 0 0 0 0 2 0 0 0 0 0 0 0 0 2 0 0 0 0 0 0 0 0 2 0 0 0 0 0 0 0 0 0 2 0 0 0 0 0 0 0 0 0 2 0 0 0 0 0 2 0 0 2 0 0 2 0 0 0 0 0 0 0 0 1 0 0 0 0 0 0 0 0 0 0 0 0 0 0 0 0 0 0 0 0 0 0 0 0 0 0 0 0 0 0 0 0 0 0 0 0 0 0 0 0 0 0 0 0 0 0 0 0 0 0 0 0 0 0
713 2 0 2 2 2 2 2 2 2 2 2 2 2 2 2 2 2 2 2 2 2 2 2 2 2 2 2 2 2 2 2 2 2 2 2 2 2 0 2 2 2 2 2 2 2 2 2 2 2 2 2 2 2 2 2 2 2 0 2 2 2 2 2 2 2 2 0 2 2 2 2 2 2 2 2 2 2 2 2 2 2 2 2 2 2 0 2 2 2 2 0 2 2 2 0 2 0 2 2 2 2 0 0 2 2 0 2 2 2 0 2 2 2 2 2 2 2 2 2 2 2 2 2 2 2 2 2 0 0 2 0 2 2 2 0 0 2 2 2 2 2 2 2 2 0 2 2 0 2 2 2 2 2 2 2 2 2 0 2 2 0 0 0 2 2 2 2 2 2 2 2 2 2 2 2 2 2 2 2 2 2 2 2 2 2 2 2 2 2 2 2 2 2 2 2 2 2 2 2 2 2 2 0 2 0 2 2 2 2 2 2 2 2 0 2 2 0 2 2 2 2 2 2 2 2 2 2 2 0 2 2 2 2 2 2 2 2 2 2 2 2 0 2 2 2
714 0 0 0 0 0 0 0 2 0 0 0 0 0 0 0 0 0 0 0 0 0 0 0 0 0 0 0 0 0 0 0 0 0 0 0 0 0 0 0 0 0 0 0 0 0 0 0 0 0 0 0 0 0 0 0 0 0 0 0 0 0 0 0 2 0 0 0 0 2 0 0 0 0 0 0 0 0 0 0 0 0 0 0 0 0 0 0 0 0 0 0 0 0 0 0 0 0 2 2 0 0 0 0 0 0 0 0 0 0 0 0 0 0 0 0 0 0 0 0 0 0 0 0 0 2 0 0 0 0 0 0 0 0 0 0 0 0 0 2 0 0 0 0 0 0 2 0 0 0 2 0 0 0 0 0 0 0 0 0 0 0 0 0 0 0 0 0 1 0 0 0 0 0 0 0 0 0 0 0 0 0 0 0 0 2 0 0 0 0 0 0 0 0 0 0 0 0 2 0 0 0 0 0 0 0 0 2 0 0 0 2 0 0 0 0 0 0 0 0 2 0 0 0 0 0 0 0 0 0 0 0 0 0 0 0 0 0 0 0 0 0 0 0 0 0
715 2 2 0 0 0 0 0 2 2 2 0 0 0 2 0 0 0 0 0 0 0 0 0 2 0 0 2 0 0 0 0 0 0 0 0 2 0 0 0 0 2 2 0 2 2 0 2 2 0 0 0 0 2 2 0 0 0 0 0 0 0 2 0 2 2 0 0 0 2 0 2 0 0 2 0 0 0 0 2 0 0 2 0 1 0 0 0 0 0 0 0 0 0 0 2 0 0 0 2 0 0 0 2 0 0 0 0 2 0 0 0 2 2 2 0 0 0 2 0 0 0 0 0 2 2 0 2 2 0 0 2 0 0 0 2 0 2 2 2 0 2 0 2 0 2 0 0 2 0 0 0 2 0 0 2 2 0 2 0 2 2 0 0 2 2 0 2 1 2 2 0 2 0 0 2 2 0 0 2 2 2 0 0 2 2 0 0 0 2 0 0 2 0 0 2 2 2 2 0 0 0 0 2 0 2 2 2 0 2 2 2 2 0 2 0 2 2 1 0 2 0 2 0 2 0 0 2 2 2 2 0 0 2 2 2 0 2 2 0 0 0 2 2 2 0
716 0 2 2 2 0 2 2 2 0 2 0 2 0 2 2 2 2 2 2 0 2 2 0 2 2 0 2 2 2 2 0 2 2 2 2 2 2 2 0 0 2 2 2 2 2 2 2 0 2 2 2 0 0 2 0 0 2 2 2 0 2 2 2 2 2 0 2 2 2 2 0 2 2 0 2 2 2 2 2 2 0 2 2 2 2 0 2 2 0 2 0 0 2 2 2 2 2 2 2 2 0 0 2 2 2 2 0 2 2 2 2 2 2 2 2 2 2 2 2 2 2 2 2 2 2 2 2 0 2 2 0 2 0 2 2 0 2 0 2 0 0 0 2 0 2 2 0 2 2 2 2 2 2 0 2 2 2 0 1 2 0 2 2 0 0 0 2 2 2 2 0 2 0 2 2 2 2 0 2 2 2 0 2 2 2 2 2 2 0 0 1 2 2 2 0 2 2 2 0 1 2 0 0 2 2 0 2 2 2 0 2 2 2 2 2 2 0 1 2 2 2 0 2 2 0 2 2 2 2 0 2 0 2 0 2 0 0 2 2 0 2 2 0 0 0
717 0 2 0 0 0 0 0 2 0 0 0 0 0 0 0 0 0 0 0 0 0 0 0 0 0 0 0 0 0 0 0 0 0 0 0 1 0 0 0 0 0 0 0 0 0 0 0 0 0 0 0 0 0 0 0 0 0 0 0 0 2 0 0 2 0 0 0 0 2 0 0 0 0 0 0 0 0 0 0 2 0 0 0 0 0 0 0 0 0 0 0 0 0 0 0 0 0 2 2 0 0 0 2 0 0 2 0 0 2 0 0 2 2 0 0 0 0 0 0 0 0 0 0 0 0 0 0 0 0 0 0 0 0 0 0 0 0 0 0 0 0 2 0 2 0 0 0 0 0 2 0 0 0 0 2 0 0 0 1 0 0 0 0 0 2 0 0 2 0 0 0 0 0 2 0 0 0 0 0 0 0 0 0 0 0 0 2 0 0 0 0 0 0 0 0 0 0 0 0 0 2 0 0 0 0 0 2 0 0 0 2 0 0 0 0 2 0 0 0 2 0 0 0 0 0 0 0 0 0 0 0 0 0 0 0 0 0 0 0 0 0 0 0 0 0
718 2 2 2 2 2 2 2 2 2 2 2 2 2 2 2 2 0 2 2 2 2 2 2 2 2 0 2 2 2 2 0 2 2 2 2 2 2 2 2 2 2 2 2 2 2 2 2 2 2 2 2 2 2 2 2 2 2 2 2 2 2 2 2 2 2 2 2 2 2 2 2 2 2 2 0 2 2 2 2 2 0 2 2 2 0 2 2 2 2 2 2 2 2 2 2 2 2 2 2 2 0 2 2 2 0 2 0 2 2 2 2 0 2 2 0 2 2 2 2 2 2 2 0 2 2 2 2 2 2 0 2 2 2 2 2 2 2 0 0 2 2 2 2 2 2 2 2 2 2 2 2 2 2 0 0 2 2 2 2 2 2 2 2 2 2 2 2 2 2 2 2 2 2 0 2 0 2 0 2 2 2 2 2 2 0 2 0 0 2 2 2 2 2 2 2 2 0 0 2 1 2 2 2 0 2 2 2 2 2 2 2 2 2 2 0 2 2 1 2 2 2 0 2 0 2 2 2 2 0 2 2 2 2 2 2 2 0 2 2 2 2 0 2 2 0
719 0 0 2 2 2 2 2 0 2 2 2 2 2 2 2 0 2 2 2 2 2 2 2 2 2 0 0 2 2 2 0 2 2 2 2 1 2 2 2 2 2 2 2 2 2 2 2 0 2 2 2 2 2 2 2 2 2 2 2 2 2 2 2 2 2 2 2 2 0 2 2 2 0 2 2 2 2 2 2 2 2 2 2 2 0 2 2 2 2 2 2 2 2 2 2 2 2 2 0 2 2 2 0 2 2 2 2 2 2 2 0 0 2 2 0 0 2 2 0 2 2 0 0 2 2 2 2 0 2 2 2 2 0 2 2 2 2 2 2 2 0 2 0 2 2 2 1 0 2 2 2 2 2 2 0 0 2 2 2 2 2 2 2 2 2 2 2 2 0 2 2 2 2 2 2 2 0 2 2 2 2 2 2 0 2 2 0 2 2 0 0 2 2 2 2 0 2 0 0 2 2 2 2 2 2 0 0 2 2 2 2 2 2 2 2 2 2 1 2 2 2 0 2 2 2 2 2 2 2 2 2 2 2 0 2 0 2 2 0 2 2 2 2 2 2
720 2 2 2 2 0 2 2 2 2 2 2 2 0 2 2 2 2 2 2 2 2 2 0 2 2 2 2 2 2 2 2 2 2 2 2 2 2 0 2 2 2 2 2 2 2 2 2 2 2 2 2 2 2 2 0 0 2 0 2 2 2 2 2 2 2 0 0 2 2 2 2 2 2 2 2 2 2 2 2 2 0 2 2 2 2 2 2 2 2 2 2 2 2 2 2 2 2 2 2 2 0 2 2 2 2 2 2 2 2 0 0 2 2 2 2 2 2 2 2 2 2 2 2 2 2 2 2 2 2 2 2 2 2 2 2 2 2 2 2 2 2 2 2 2 2 2 2 0 2 2 2 2 2 2 2 0 2 2 2 2 2 2 2 2 0 2 2 2 2 2 2 2 2 2 2 2 2 2 2 2 2 2 2 2 2 2 2 2 2 2 2 2 2 2 2 2 2 2 2 2 2 0 2 2 2 2 2 2 2 2 2 2 2 2 2 2 2 2 2 2 2 2 2 2 2 2 2 2 2 2 2 2 2 2 2 2 2 2 2 2 2 2 2 2 2
721 0 2 0 2 2 2 2 2 0 2 0 0 2 0 0 0 0 2 2 2 0 0 2 0 0 2 2 0 2 2 2 0 0 0 0 2 2 2 0 2 2 2 0 2 2 0 2 0 0 2 2 2 2 0 2 2 0 2 0 0 2 2 2 2 0 2 2 2 0 2 2 0 0 2 0 2 0 0 0 2 2 0 2 0 0 2 0 0 2 0 2 0 2 0 2 0 0 0 2 0 2 0 2 0 2 2 2 2 0 2 2 2 2 2 2 0 2 2 2 0 0 0 0 2 2 2 0 0 2 2 2 2 0 0 2 2 2 2 2 2 0 2 2 0 2 0 2 0 1 0 2 0 0 2 2 2 0 2 0 2 0 2 2 2 2 2 0 1 2 2 2 2 2 0 0 2 2 2 2 2 0 2 0 2 0 0 2 2 2 2 2 2 0 2 0 2 0 2 2 2 2 2 2 2 2 0 2 0 2 0 0 0 0 2 2 2 2 2 2 2 2 2 2 0 2 2 2 0 0 2 0 2 2 0 0 2 0 2 2 2 2 2 2 2 2
722 2 2 2 2 2 2 2 0 2 2 2 2 2 2 0 2 2 2 2 2 2 2 2 2 2 2 0 2 2 2 2 2 2 0 0 1 2 2 2 2 2 2 0 2 2 2 2 2 2 2 2 2 2 0 2 2 2 2 2 2 2 2 2 2 2 2 2 2 2 2 2 2 2 2 2 2 2 2 0 2 2 0 2 2 2 0 2 2 2 0 2 2 2 2 2 2 2 2 0 2 2 0 2 2 2 2 2 2 2 2 2 2 2 2 2 2 2 2 2 2 0 2 2 2 2 2 2 2 2 2 2 2 2 2 2 0 2 2 2 0 2 2 0 2 2 2 2 2 1 2 2 2 2 2 2 2 2 2 1 2 2 2 2 2 2 0 0 1 2 2 2 2 2 2 0 2 2 2 2 2 2 2 0 0 2 2 2 2 2 0 1 2 2 2 2 0 2 2 2 2 2 2 2 2 2 2 2 0 2 2 2 2 2 2 2 2 2 2 2 2 2 2 2 2 2 2 2 2 2 2 0 2 2 2 2 2 2 2 2 2 2 2 2 2 2
723 0 0 0 0 2 2 2 2 0 2 0 2 2 0 2 2 2 2 0 0 0 2 2 0 0 2 2 2 2 0 0 2 2 2 2 1 0 2 2 2 0 0 2 2 2 0 0 0 0 2 2 2 0 2 2 2 0 2 0 0 2 2 2 0 0 2 2 0 0 0 0 0 0 0 2 0 0 2 2 0 2 2 0 0 2 2 0 2 2 2 2 2 0 0 0 2 0 2 2 0 2 2 0 0 0 2 0 2 0 2 0 0 0 0 0 0 0 0 2 2 2 0 2 2 2 2 0 2 2 2 0 0 0 2 2 2 2 2 0 2 0 2 2 0 0 2 2 2 2 2 2 2 0 0 0 2 2 0 1 2 0 0 2 2 2 2 2 0 2 2 0 0 2 0 2 2 2 0 2 0 0 0 2 2 0 2 0 2 0 0 1 0 2 2 2 2 2 0 2 0 2 2 0 2 2 2 0 2 0 2 2 2 0 0 0 0 0 1 2 0 0 2 0 0 0 0 0 0 0 2 2 2 0 2 2 0 0 0 2 2 0 2 2 0 0
724 2 2 2 2 2 2 2 0 2 0 2 0 2 0 0 2 0 0 2 2 2 0 2 0 2 2 0 0 0 2 2 0 2 0 0 1 2 2 0 2 2 2 0 2 0 2 2 2 2 0 2 2 2 0 2 2 2 2 2 2 0 0 2 2 2 2 2 2 2 2 2 0 2 2 0 2 2 0 0 2 2 0 0 2 2 0 2 2 0 0 2 0 0 2 2 2 2 2 0 2 2 0 2 2 2 2 2 2 2 2 0 2 2 2 2 0 2 2 2 2 0 2 2 2 2 2 0 2 2 2 2 0 2 2 2 0 2 2 2 0 2 2 0 2 2 0 2 2 1 2 2 2 2 2 2 0 2 2 1 0 2 2 2 2 2 0 0 2 2 0 2 2 2 2 0 2 2 2 0 2 2 2 0 0 2 2 2 2 2 0 1 2 2 0 2 0 2 2 2 2 2 2 2 2 2 2 0 0 2 2 2 2 2 2 0 2 2 2 2 2 2 2 2 2 2 0 2 2 2 2 0 2 2 2 2 2 2 2 2 2 2 2 2 2 2
725 2 2 2 2 2 0 2 2 2 2 2 2 2 2 2 2 2 2 2 2 2 2 2 2 2 2 2 2 2 2 2 2 2 2 2 2 2 2 2 2 2 2 2 2 2 2 2 2 2 2 2 2 2 2 2 2 2 2 2 2 2 2 2 2 0 2 2 2 2 2 2 2 2 2 2 2 2 2 0 2 2 2 2 2 0 2 2 0 2 2 2 2 2 2 2 2 2 2 2 2 2 2 2 2 2 2 2 2 2 2 2 2 2 2 2 2 2 2 2 2 0 2 0 2 2 2 2 2 2 2 2 2 2 2 2 2 2 2 2 2 2 2 2 2 2 2 2 2 1 2 2 2 2 2 2 2 2 2 2 2 2 2 2 2 2 2 0 2 2 2 2 2 2 2 0 2 2 2 2 2 2 2 2 2 2 2 2 2 2 2 2 2 0 2 2 2 2 2 2 2 2 2 2 2 2 2 2 2 2 2 2 0 2 2 2 2 2 1 2 2 2 2 2 2 2 2 2 2 2 2 2 2 2 2 0 2 2 2 2 2 2 2 2 2 2
726 2 2 2 2 2 0 2 0 0 0 2 0 2 0 0 2 2 0 2 2 2 0 2 0 2 0 2 0 0 2 2 0 2 0 0 2 2 0 0 2 2 2 0 2 0 2 2 2 2 0 2 0 2 2 2 2 0 0 2 2 2 0 2 2 0 2 0 2 2 2 2 0 2 2 2 2 2 0 0 0 2 2 0 2 0 2 2 0 2 0 2 0 0 0 2 2 2 2 0 2 2 2 2 2 2 2 2 2 2 0 0 2 2 2 2 2 0 2 0 2 0 0 0 2 2 2 0 2 2 0 2 0 2 2 2 2 2 2 2 2 2 2 2 2 2 0 0 2 0 2 2 2 0 2 2 0 2 2 1 0 2 2 2 2 2 2 0 1 2 0 2 0 2 2 0 2 2 2 0 2 2 2 0 2 2 2 2 0 2 0 1 2 0 2 2 2 2 2 0 2 2 2 2 2 2 2 2 2 2 2 2 0 2 2 2 2 2 0 2 2 2 0 2 0 2 0 2 2 0 2 2 0 2 2 0 2 2 2 0 0 0 2 2 0 2
727 2 2 2 2 2 0 2 2 2 2 2 2 2 2 2 2 2 2 2 2 2 2 2 2 2 0 2 2 2 2 2 2 2 2 2 2 2 0 2 2 2 2 2 2 2 2 2 2 2 2 2 2 2 2 2 2 0 0 2 2 2 2 2 2 0 2 0 2 2 2 2 2 2 2 2 2 2 2 0 2 2 2 0 2 0 2 2 0 2 2 2 2 0 0 2 2 2 2 2 2 2 2 2 2 2 2 2 2 2 0 0 2 2 2 2 2 2 2 0 2 2 2 0 2 2 2 2 2 2 0 2 0 2 2 2 2 2 2 2 2 2 2 2 2 2 0 2 2 1 2 2 2 2 2 2 2 2 2 2 2 2 2 2 2 2 2 0 2 2 2 2 0 2 2 0 2 2 2 2 2 2 2 2 2 2 2 2 0 2 2 2 2 0 2 2 2 2 2 2 2 2 2 2 2 2 2 2 2 2 2 2 0 2 2 2 2 2 0 2 2 2 0 2 0 2 0 2 2 0 2 2 0 2 2 0 2 2 2 0 2 2 2 2 0 2
728 2 2 2 2 2 2 2 0 2 2 0 2 2 2 2 0 2 2 0 2 2 2 2 2 2 2 0 2 2 0 2 2 0 2 0 1 2 2 2 2 2 2 2 2 2 2 2 2 2 2 2 2 2 2 2 2 2 2 2 2 2 2 2 2 2 2 2 2 0 2 2 2 2 2 2 0 2 2 2 2 2 2 2 2 2 2 2 2 0 0 2 2 2 2 2 0 2 2 0 2 2 2 2 2 2 2 2 2 2 2 2 2 2 2 2 2 0 2 2 0 2 2 2 2 2 2 2 2 0 2 2 2 2 0 2 2 2 0 2 2 2 2 0 2 2 2 2 0 2 0 2 0 2 2 2 0 0 2 2 2 2 2 0 2 0 2 0 0 0 2 2 2 2 2 0 2 2 2 2 2 2 2 2 0 0 0 2 2 0 2 2 2 2 2 2 0 2 2 0 2 2 0 2 2 2 2 2 2 2 2 0 2 2 2 2 0 2 2 2 0 2 2 2 2 2 2 2 2 2 0 2 2 2 2 2 0 2 2 2 0 0 2 2 2 2
729 2 2 2 2 0 2 0 2 2 2 2 2 0 2 0 2 0 2 2 2 2 2 0 2 0 2 2 2 2 2 2 2 0 2 2 1 0 2 2 2 2 2 2 2 2 2 2 2 2 2 2 2 2 2 0 0 2 2 2 2 2 2 2 2 2 0 2 2 2 2 2 2 2 2 0 2 2 2 2 2 2 2 2 2 2 2 2 2 2 2 2 2 2 2 2 0 0 2 2 2 2 2 2 2 2 2 2 2 2 2 0 2 2 2 2 2 2 2 2 0 2 2 2 2 0 0 2 2 2 2 2 0 0 0 2 2 2 2 2 2 2 2 2 0 2 2 2 2 1 2 2 2 2 2 2 2 2 2 1 2 2 2 0 2 0 2 0 2 2 2 2 2 2 2 0 0 2 2 2 2 0 2 2 2 2 2 2 2 2 2 1 2 2 2 2 2 0 2 2 2 2 0 2 0 2 2 0 2 2 2 2 2 2 2 0 2 2 2 0 2 2 2 2 2 2 2 2 2 0 2 2 2 2 2 2 0 2 2 2 2 2 2 0 2 2
730 2 0 0 2 2 2 2 0 2 2 0 0 2 2 2 2 2 2 0 0 2 0 2 2 2 2 2 0 2 0 2 0 2 2 2 2 0 2 2 2 0 2 2 2 2 0 2 2 0 2 2 2 0 2 2 2 2 2 0 2 2 2 2 2 2 2 2 2 2 2 2 2 2 0 2 0 0 0 2 2 2 2 2 2 2 2 0 2 2 2 0 2 2 2 2 2 2 2 0 0 2 2 0 0 2 2 2 2 2 2 0 2 2 2 2 2 2 2 2 2 0 0 2 2 2 2 2 2 2 2 0 0 1 2 2 2 2 2 2 2 2 2 2 2 2 2 2 2 1 2 2 2 2 2 2 2 2 2 2 2 2 2 2 2 2 2 2 2 0 2 2 2 2 0 2 0 2 2 2 2 2 2 2 2 2 2 2 2 2 2 1 2 2 2 2 2 0 2 2 2 2 2 2 0 2 2 2 2 2 0 2 2 0 2 0 2 2 2 0 2 2 2 2 2 2 2 2 2 2 2 2 2 2 2 2 2 0 2 2 2 2 2 2 2 2
731 2 2 2 0 2 2 2 2 2 0 2 0 2 2 2 2 2 2 2 2 0 0 2 2 2 2 2 0 2 2 0 0 2 2 2 2 2 2 2 2 0 2 2 2 0 2 2 2 2 0 0 2 2 2 2 2 2 2 2 0 0 0 0 2 0 2 2 2 2 2 2 0 2 2 2 2 2 0 2 2 2 2 2 2 0 2 2 0 2 2 2 2 2 2 2 2 2 2 2 2 2 2 2 2 2 2 2 2 2 2 2 2 2 2 0 2 0 0 2 2 2 0 0 2 2 2 2 2 2 2 2 2 2 2 2 2 2 2 2 2 2 2 2 2 2 2 2 2 2 2 0 2 2 2 2 2 2 2 2 2 0 2 2 2 2 2 2 0 2 2 2 0 2 2 2 2 0 2 2 2 2 2 2 2 2 2 2 2 2 0 1 2 0 2 2 2 2 2 2 2 2 2 2 2 2 2 2 2 2 2 0 0 2 2 2 2 2 1 2 0 0 2 2 0 2 2 2 2 2 2 2 2 2 2 0 2 2 2 2 2 0 2 2 2 2
732 2 2 2 2 2 2 2 2 2 2 2 2 2 2 0 2 2 2 2 2 2 2 2 2 2 2 2 2 2 2 2 2 2 2 0 2 2 2 2 2 2 2 2 2 2 2 2 2 2 2 2 2 2 2 2 2 2 2 2 2 2 2 2 2 2 2 2 2 0 2 2 2 2 2 2 2 2 2 2 2 2 2 2 2 2 2 2 2 2 0 2 2 2 2 2 2 2 2 2 2 2 2 2 2 2 2 2 2 2 2 2 2 2 2 2 2 2 2 2 2 2 2 2 2 2 2 0 2 2 2 2 2 2 2 2 2 2 0 2 2 2 2 2 2 2 2 2 0 1 2 2 2 2 2 2 2 2 2 2 2 2 0 2 2 2 2 2 2 2 2 0 2 2 2 2 2 2 2 2 2 2 2 2 2 2 2 2 2 2 2 2 2 2 2 2 2 2 2 0 2 2 0 2 2 2 2 2 2 2 2 2 2 2 2 2 2 2 2 2 2 2 2 2 2 0 2 2 2 2 2 2 2 2 2 2 0 2 2 2 0 2 2 2 2 2
733 2 0 2 2 2 2 2 2 2 2 2 2 2 0 2 0 2 2 2 2 2 2 0 0 2 2 2 2 2 2 2 2 2 2 0 2 2 0 2 2 2 2 2 2 2 2 0 2 2 2 2 2 2 2 0 0 2 0 2 2 2 2 0 2 2 2 0 2 0 2 0 2 2 2 2 2 2 2 2 2 2 2 0 2 2 2 2 2 2 0 2 2 2 2 2 2 2 2 2 2 2 2 0 2 2 2 2 2 2 0 2 2 2 2 2 2 2 2 0 2 2 2 2 2 0 2 2 2 2 0 2 0 0 2 2 2 2 2 2 2 2 2 2 2 2 2 2 2 2 2 0 2 2 2 2 2 2 2 2 2 2 2 2 2 2 2 2 2 2 2 2 2 2 0 2 2 2 2 2 2 2 2 2 2 2 2 2 0 2 2 2 2 2 2 2 2 0 2 2 2 2 2 2 2 2 2 2 2 0 0 2 2 2 2 2 2 2 1 2 2 2 0 2 2 2 2 2 2 2 2 2 2 2 2 2 2 2 2 0 2 2 2 2 2 2
734 2 2 2 2 2 2 2 2 2 2 2 2 2 2 2 2 2 2 2 2 2 2 2 2 2 2 2 2 2 2 2 2 2 2 2 2 0 2 2 2 2 2 2 2 2 2 2 2 2 2 2 2 2 2 2 2 2 2 2 0 2 2 2 2 2 2 2 2 0 0 2 2 2 2 2 2 2 2 2 2 2 2 2 2 2 0 2 2 2 2 2 2 2 2 2 2 2 2 2 2 2 2 2 2 0 2 0 2 2 2 2 2 2 2 2 2 2 2 2 2 2 2 2 2 0 2 2 2 2 2 2 2 2 2 2 0 2 0 0 2 2 2 2 2 2 2 2 2 2 2 2 2 2 0 2 2 2 2 2 2 2 2 0 0 2 0 2 2 0 2 2 2 0 2 2 2 0 0 2 2 2 2 2 2 2 2 2 2 0 2 2 0 2 0 0 0 2 2 2 1 2 2 2 2 2 2 2 0 2 2 0 2 2 2 0 2 2 2 2 2 0 2 2 0 2 2 0 2 2 2 0 2 2 2 2 2 2 2 2 2 2 2 2 2 0
735 0 0 0 0 0 0 0 0 0 0 0 0 0 0 2 0 0 0 0 2 0 0 0 0 0 0 0 0 0 0 0 0 0 0 0 0 0 0 0 0 0 0 0 0 0 0 0 0 0 0 0 0 0 0 0 0 0 0 0 0 0 0 2 0 0 0 0 0 0 0 0 0 0 0 0 0 0 0 0 0 0 0 0 0 0 0 0 0 0 0 0 0 0 0 0 0 0 0 0 0 0 2 0 0 0 0 0 0 0 0 0 0 0 0 0 0 0 0 0 0 0 0 0 0 2 0 0 0 2 0 0 0 0 0 0 0 0 0 0 2 0 0 0 0 0 2 0 2 1 0 2 0 0 0 0 0 0 0 0 0 2 0 0 0 2 0 0 1 0 0 0 0 0 0 0 0 0 0 0 0 0 0 0 0 0 0 0 0 0 0 0 2 0 0 0 2 0 0 2 0 0 2 0 2 0 0 0 2 0 0 2 0 0 0 0 0 0 0 0 2 0 0 0 0 0 0 2 0 0 2 2 0 0 0 0 2 0 0 0 2 0 0 0 2 0
736 2 2 2 2 2 2 0 2 2 2 2 2 2 2 2 2 2 2 0 0 2 2 2 2 2 2 2 2 2 0 2 2 2 2 2 2 2 2 2 2 2 2 0 2 2 2 2 2 2 2 0 2 2 2 2 2 2 2 2 2 2 2 2 2 2 2 2 2 2 2 2 0 2 2 2 0 2 2 2 2 2 2 2 0 0 2 2 0 2 2 2 2 2 2 0 2 2 2 2 2 2 2 2 2 2 2 2 0 2 2 0 2 2 2 2 2 2 2 2 2 2 2 2 2 2 0 0 2 2 2 2 0 2 2 2 2 2 2 2 2 2 2 2 2 2 2 2 2 2 0 2 2 2 2 2 2 2 2 2 2 2 0 2 2 2 2 0 2 2 2 0 2 2 2 0 2 2 2 2 2 2 0 2 2 2 2 2 2 2 2 2 2 0 2 2 2 2 0 2 2 2 0 2 2 2 2 2 2 2 2 2 2 2 2 0 2 2 2 2 2 2 2 2 2 0 2 2 2 2 2 2 2 2 2 2 2 2 2 2 2 2 2 2 2 2
737 2 2 2 2 2 2 2 2 2 2 2 2 2 1 2 2 2 2 0 2 2 2 2 1 2 2 0 2 2 0 2 2 2 2 2 1 2 2 2 2 2 2 2 2 2 2 2 2 2 2 2 2 2 2 2 2 2 2 2 2 2 2 2 2 2 2 2 2 2 2 2 2 2 2 2 0 2 2 2 2 2 2 2 2 2 2 2 2 2 2 2 2 2 2 2 2 2 2 2 2 2 2 2 2 2 2 2 2 2 2 2 2 2 2 2 2 2 2 2 2 2 2 2 2 2 2 2 2 0 2 2 2 2 2 2 2 2 2 2 2 2 2 0 2 2 2 2 0 2 2 2 2 2 2 2 0 2 2 2 2 0 2 2 2 2 2 2 2 2 2 2 2 2 2 2 2 2 2 2 2 2 2 2 0 2 2 2 2 2 2 2 2 2 2 2 0 2 2 2 2 2 2 2 2 2 2 2 2 2 2 0 2 2 2 2 2 2 2 2 2 2 2 2 2 2 2 2 2 2 0 2 2 2 2 2 2 2 2 2 2 2 2 2 0 2
738 0 0 2 0 0 0 2 0 2 2 2 2 0 2 0 0 0 0 0 0 2 2 0 2 2 2 2 2 0 0 2 2 2 0 0 1 0 2 2 0 2 0 2 2 2 2 0 0 2 2 2 0 2 2 0 0 2 2 2 0 2 2 2 2 0 0 2 0 2 2 0 2 0 2 0 0 2 2 0 2 2 0 2 0 0 0 2 0 2 0 0 2 2 0 2 2 2 0 0 2 2 0 0 0 2 2 0 2 0 2 0 2 2 2 0 0 0 2 0 2 0 0 0 2 2 2 2 2 0 0 0 2 0 2 0 0 2 0 2 0 2 0 2 0 2 2 0 2 0 2 2 0 0 2 2 2 0 0 0 2 2 2 0 2 0 0 0 1 2 2 2 0 2 0 0 2 2 2 2 2 0 2 0 2 0 0 2 0 2 2 1 0 0 2 2 2 2 2 0 1 2 0 0 0 0 0 2 0 0 2 2 2 2 2 0 0 0 2 2 2 2 2 0 0 2 2 0 0 2 2 0 2 2 0 2 2 2 2 0 0 0 2 0 0 2
739 2 0 2 2 2 2 2 2 2 2 2 2 2 2 2 2 2 2 2 2 2 2 2 2 2 2 2 2 2 2 2 2 2 0 2 2 2 2 2 2 2 2 2 2 2 2 0 2 2 2 2 0 2 2 2 2 2 2 2 2 2 2 2 2 2 2 2 2 2 2 0 2 2 2 2 2 2 2 2 2 2 2 2 2 2 2 2 2 2 2 2 2 2 2 2 2 2 2 2 2 2 2 0 2 2 2 2 2 2 2 0 2 2 2 2 2 2 2 2 2 2 2 2 2 2 2 2 2 2 2 2 2 2 2 2 2 2 2 2 2 2 2 2 0 2 2 0 2 2 2 2 2 0 2 2 2 2 2 1 2 2 2 2 2 2 2 2 2 2 2 2 2 2 2 2 2 2 2 2 2 2 2 2 2 0 0 2 2 2 2 2 2 2 2 2 2 2 2 2 2 2 2 2 0 2 2 2 2 0 2 2 2 2 2 2 2 2 2 2 2 2 2 2 2 2 2 2 2 2 2 2 2 2 2 2 2 2 2 2 2 2 2 2 2 2
740 0 2 2 2 2 2 2 0 2 2 0 2 2 2 2 0 2 2 0 2 2 2 2 2 2 2 2 2 2 0 2 2 2 2 2 1 2 2 2 2 2 0 0 0 2 2 2 0 2 0 2 2 2 0 2 2 2 2 2 2 2 2 2 2 2 2 2 0 2 2 2 2 2 2 2 0 2 2 2 0 0 0 2 2 0 2 2 2 0 2 2 2 2 2 0 2 2 0 0 2 2 2 2 2 0 2 2 0 2 2 2 2 0 2 2 2 2 2 2 2 0 2 2 0 2 2 2 2 2 2 0 2 2 2 2 2 2 2 2 2 2 2 2 2 2 2 2 2 2 0 2 0 2 2 2 2 2 2 2 2 2 2 2 0 2 2 2 2 2 2 2 2 0 0 2 2 2 2 2 2 2 2 2 2 2 2 2 2 0 0 1 2 2 0 0 2 2 0 2 1 2 2 2 2 2 2 2 2 2 2 2 2 2 2 2 2 2 1 2 2 2 0 0 2 2 2 2 2 2 0 2 2 2 2 2 2 2 2 2 2 2 2 2 2 2
741 2 2 2 2 2 2 2 2 0 2 2 0 2 0 2 2 2 2 2 2 2 0 2 0 2 2 2 0 2 2 0 0 2 2 2 2 2 2 2 2 2 2 2 2 2 2 2 2 2 2 2 2 2 2 2 2 2 2 2 0 0 2 2 2 2 2 2 2 2 2 2 0 2 2 2 2 2 0 2 2 2 2 2 2 2 2 2 2 2 2 2 2 2 2 2 2 2 2 2 2 2 2 2 2 2 2 2 2 2 2 2 2 2 2 2 0 2 2 2 2 2 0 2 2 2 2 2 2 2 2 2 2 2 2 2 2 2 2 2 2 2 2 2 2 2 2 2 2 2 2 2 2 2 2 2 2 2 2 2 2 2 2 2 2 2 2 2 2 2 2 2 2 2 2 2 2 2 2 2 2 2 2 2 2 2 2 2 2 2 2 2 2 2 2 2 2 2 2 2 2 2 2 2 2 2 2 2 2 2 2 2 2 2 2 2 2 2 2 2 2 2 2 2 2 2 2 2 2 2 2 2 2 2 2 2 2 2 2 2 2 2 2 2 2 2
742 0 0 0 0 0 0 0 0 0 0 0 0 0 0 0 0 0 0 0 0 0 0 0 0 0 0 0 0 0 0 0 0 0 0 0 0 0 0 0 0 0 0 0 0 0 0 0 0 0 0 0 0 0 2 0 0 0 0 0 0 0 0 0 0 0 0 0 0 2 0 0 0 0 0 0 0 0 0 0 0 0 0 0 0 2 0 0 0 0 0 0 0 0 2 0 0 0 0 0 0 0 0 0 0 0 0 0 0 0 0 0 0 2 0 0 0 0 0 2 0 0 0 0 0 0 0 0 0 0 0 0 0 0 0 0 0 0 0 0 0 0 0 0 0 0 0 0 0 0 0 0 0 0 0 0 0 0 0 0 0 0 0 0 2 0 0 0 1 0 0 0 2 2 0 0 0 0 0 0 0 0 0 0 0 0 0 0 0 2 0 0 0 0 0 2 0 0 0 0 0 0 0 0 0 0 2 2 0 0 0 0 0 0 0 0 0 0 0 0 2 0 0 0 0 0 0 0 0 0 0 0 0 0 0 0 2 0 0 2 0 0 2 0 2 0
743 2 0 2 0 0 0 0 0 0 2 2 0 0 0 0 2 2 2 0 0 0 0 0 0 0 0 0 0 2 0 0 0 0 0 0 0 2 0 2 0 0 0 0 2 2 2 0 2 2 0 0 0 0 0 0 0 0 0 2 0 2 2 2 0 0 0 0 0 2 0 0 0 0 0 2 0 2 0 0 0 0 2 0 0 2 0 2 0 2 0 0 2 0 0 0 0 0 0 0 2 0 0 0 0 0 0 0 0 0 0 0 0 0 2 2 2 0 0 2 0 0 2 0 2 0 0 0 0 0 0 0 0 0 0 0 0 0 0 0 0 2 0 0 0 0 0 0 0 0 0 0 0 2 0 2 0 0 0 0 2 0 0 0 2 0 0 0 0 0 2 0 2 2 0 0 0 0 0 2 2 0 0 0 0 0 0 0 0 2 2 1 0 0 0 2 0 0 2 0 0 0 0 0 2 0 2 0 0 0 0 0 0 2 0 2 0 0 0 0 0 2 0 0 2 0 0 0 0 0 0 0 0 2 0 0 0 0 2 2 0 0 2 0 2 0
744 0 2 2 2 2 2 2 2 2 2 2 2 2 2 2 2 2 2 2 2 2 2 2 2 2 2 2 2 2 2 2 2 2 2 2 2 0 2 2 2 2 2 2 2 2 2 2 0 2 0 2 2 2 2 2 2 2 2 2 2 2 0 0 2 2 2 2 2 2 2 2 2 2 2 2 2 2 2 2 2 2 2 2 2 2 2 2 2 2 2 2 2 2 2 2 2 2 2 2 2 2 2 2 2 2 2 2 2 2 2 2 2 2 0 2 2 2 2 2 2 2 2 2 2 2 2 2 2 2 2 2 2 2 2 2 2 2 2 2 2 2 2 2 2 2 2 2 2 2 2 2 2 2 2 0 2 2 2 2 0 2 2 2 2 2 2 2 2 2 0 2 2 2 2 2 2 2 2 0 0 2 2 2 2 2 2 2 2 2 0 1 2 2 2 2 2 2 0 2 2 2 2 2 2 2 2 2 2 2 2 2 2 2 2 2 2 2 2 2 2 0 2 2 2 2 2 2 2 2 2 2 2 0 2 2 0 2 0 2 2 2 2 2 2 2
745 2 2 0 2 2 2 2 2 0 0 2 2 2 2 2 2 2 0 2 2 2 2 2 2 2 2 2 2 0 2 2 2 2 2 2 2 2 2 2 2 2 2 2 2 0 0 2 2 0 2 2 2 2 2 2 2 2 2 0 2 2 2 2 2 2 2 2 2 2 2 2 0 2 2 2 2 0 2 2 2 2 2 2 2 2 2 0 2 2 2 2 2 2 2 2 2 2 2 2 0 2 2 2 2 2 2 2 2 2 2 2 2 2 2 2 2 2 2 2 2 2 0 0 2 2 2 2 2 2 2 2 2 2 2 2 2 2 2 2 2 0 2 2 2 2 2 2 2 2 2 2 2 2 2 2 2 2 2 2 2 2 2 2 2 2 2 2 2 2 2 2 2 2 2 2 2 2 2 2 2 2 2 2 2 2 2 2 2 2 2 2 2 2 2 2 2 2 2 2 2 2 2 2 2 2 2 2 2 2 2 2 2 0 2 2 2 2 2 2 2 2 2 2 2 2 2 2 2 2 2 2 2 2 2 2 2 2 2 2 2 2 2 2 2 2
746 2 2 2 2 2 0 2 2 2 2 2 2 2 0 2 2 2 2 2 2 2 2 2 0 2 2 2 2 2 2 2 2 2 2 0 2 2 2 2 2 2 2 2 2 2 2 2 2 2 2 2 2 2 2 2 2 2 2 2 2 2 2 2 2 2 2 2 2 2 2 2 2 2 2 2 2 2 2 2 2 2 2 2 2 2 0 2 2 2 0 2 2 2 2 2 2 2 2 2 2 2 2 2 2 2 2 2 2 2 2 2 2 2 2 2 2 2 2 2 2 2 2 2 2 2 2 2 2 2 2 2 2 2 2 0 0 2 0 2 2 2 2 2 2 2 2 2 2 1 2 2 2 2 2 2 0 2 2 1 2 2 2 2 2 2 0 2 2 2 2 2 0 2 2 2 2 2 2 2 2 2 2 0 2 2 2 2 2 0 2 2 2 2 2 2 2 2 2 2 2 2 2 2 2 0 2 2 2 2 2 0 2 2 2 2 0 2 2 2 2 2 2 2 2 2 2 2 2 2 2 2 2 2 2 2 2 2 2 2 2 2 2 0 0 2
747 2 0 2 2 2 2 2 2 2 2 2 2 2 2 2 2 2 2 2 2 2 2 2 2 0 2 2 2 2 2 2 2 2 2 2 2 2 0 2 2 2 2 2 2 2 2 2 2 2 2 2 2 2 2 2 2 2 0 2 2 2 2 2 2 2 2 0 2 2 2 2 2 2 2 2 2 2 2 2 0 2 2 2 2 0 2 2 2 2 2 2 2 2 2 2 2 2 2 2 2 2 2 0 2 2 2 2 2 2 0 2 2 2 2 2 2 2 2 2 2 2 2 2 2 2 2 2 2 2 2 2 2 0 2 2 2 0 0 2 2 2 2 2 2 2 2 2 2 2 2 2 2 2 2 2 2 0 0 2 2 2 2 0 2 2 2 2 2 2 2 2 2 2 2 2 2 2 2 2 2 0 2 2 2 2 0 2 2 2 2 2 2 2 2 2 2 2 2 2 2 2 2 0 2 2 2 2 2 2 2 2 2 2 2 2 2 0 2 2 2 2 2 2 2 2 2 2 2 2 2 2 2 2 2 2 2 2 2 2 2 2 2 2 2 2
748 2 2 2 2 2 2 2 2 2 2 2 0 2 2 2 0 2 2 0 2 2 0 2 2 2 0 2 0 2 0 2 0 0 2 2 0 0 2 2 2 2 0 0 2 2 2 2 2 2 0 2 2 2 2 2 2 2 2 2 0 2 2 0 0 2 2 2 2 2 0 0 2 2 2 2 0 2 0 2 2 2 2 0 2 2 2 2 2 2 2 2 2 2 2 2 0 2 2 2 2 2 2 2 0 0 2 2 0 0 2 2 0 0 2 2 0 2 2 2 0 0 2 2 2 2 2 2 2 2 0 2 0 2 0 2 2 2 2 2 2 2 2 2 2 2 2 2 2 1 2 0 2 2 2 0 2 2 2 2 2 2 2 2 2 2 2 2 0 2 2 2 2 2 2 2 2 0 2 2 2 2 2 2 2 2 2 2 0 2 2 2 0 2 2 2 2 0 2 2 0 2 2 2 2 2 2 2 2 2 2 2 2 2 2 2 2 2 0 2 0 2 0 2 2 2 2 0 2 0 2 2 0 2 2 2 2 2 2 2 2 2 2 2 2 2
749 2 2 2 2 2 2 2 2 2 2 2 0 2 2 2 0 2 2 2 2 2 0 2 2 2 2 2 0 2 2 2 0 2 2 2 1 2 2 2 2 2 2 0 2 2 2 2 2 2 0 2 2 2 2 2 2 2 2 2 0 2 2 2 0 2 2 2 2 2 2 0 2 2 2 2 2 2 0 2 2 2 2 2 2 2 2 2 2 2 2 2 2 2 2 2 2 2 2 2 2 2 2 2 0 0 2 2 0 0 2 2 2 0 2 2 2 2 2 2 2 0 2 2 2 2 2 2 2 2 2 2 2 2 2 2 2 2 2 2 2 2 2 2 2 2 2 2 2 1 2 0 2 2 2 2 2 2 2 2 2 2 2 2 2 2 2 2 0 2 2 2 2 2 2 2 2 0 2 2 2 2 2 2 2 2 2 2 2 2 2 2 0 2 2 2 2 0 2 2 0 2 2 2 2 2 2 2 2 2 2 2 2 2 2 2 2 2 0 2 0 2 0 2 2 2 2 0 2 2 2 2 0 2 2 2 2 2 2 2 2 2 2 2 2 2
750 0 0 2 0 0 0 0 0 0 0 0 0 0 0 2 0 0 0 0 2 0 0 0 0 0 0 0 0 0 0 0 0 0 2 0 0 0 0 0 0 0 0 0 0 0 2 0 0 2 0 0 0 0 0 0 0 0 0 2 0 0 0 0 0 0 0 0 0 2 0 0 0 0 0 0 0 2 0 0 0 2 0 0 0 2 0 2 0 0 0 0 0 0 0 0 0 2 0 0 2 2 0 0 0 0 0 0 0 2 0 0 0 0 0 0 0 2 0 0 0 0 0 0 0 0 0 0 0 0 0 2 0 0 0 0 0 2 0 0 2 0 2 0 0 0 2 0 0 1 0 0 0 0 0 0 0 2 0 0 0 0 2 2 0 2 0 2 0 0 0 0 0 0 0 2 0 0 0 0 0 2 0 0 0 0 0 0 0 2 0 0 0 0 0 2 0 0 0 0 0 2 2 0 0 0 2 0 0 0 0 0 0 2 0 0 0 0 0 0 0 0 0 0 0 0 0 0 0 2 0 0 0 0 0 0 0 0 0 0 2 2 2 0 0 2
751 2 2 2 0 2 2 2 2 2 2 2 2 2 2 2 2 2 2 2 2 2 2 0 2 2 2 2 2 2 2 2 2 2 2 2 1 2 2 2 2 2 2 2 2 2 2 2 2 2 2 2 2 2 2 0 0 2 2 2 2 2 2 2 2 2 2 2 2 2 0 2 2 2 2 2 2 2 2 2 2 2 2 0 2 2 2 2 2 0 2 2 2 2 0 2 2 2 2 2 2 2 0 2 2 2 2 2 2 2 2 0 0 2 2 2 2 2 2 0 2 0 2 2 2 2 2 2 2 2 2 2 2 2 2 2 2 2 2 2 2 2 2 2 0 2 0 2 2 2 2 2 2 2 2 2 2 2 2 1 2 2 0 2 2 2 2 2 1 2 2 2 2 2 2 2 2 2 2 2 2 2 2 2 2 2 2 0 2 2 2 2 2 2 0 2 2 2 0 2 2 2 2 0 2 2 2 2 0 2 2 2 0 2 2 2 0 0 2 2 0 2 2 2 0 2 2 2 2 2 2 0 2 2 2 0 2 2 2 0 2 2 2 2 2 2
752 2 2 2 2 2 2 2 2 2 2 2 2 2 0 2 2 2 2 2 2 2 2 2 0 2 2 2 2 2 2 2 2 0 2 2 2 2 2 2 2 2 2 2 2 2 2 2 2 2 2 2 2 2 2 2 2 2 2 2 2 2 2 2 2 2 2 2 2 2 2 2 2 2 2 2 2 2 2 2 2 2 2 2 2 2 2 2 0 2 2 2 2 0 0 2 0 2 2 2 2 2 2 2 2 2 2 2 2 2 2 2 2 2 2 2 2 2 2 2 0 2 2 2 2 2 2 2 2 2 2 2 2 2 0 2 2 2 2 2 2 2 2 2 2 2 2 2 2 2 2 2 2 2 2 2 2 0 2 2 2 2 2 2 2 2 2 2 2 2 2 2 2 2 2 2 2 2 2 2 2 0 2 2 2 2 2 2 2 2 2 2 2 0 2 2 2 2 2 2 2 2 2 2 2 2 2 2 2 2 2 2 2 2 2 2 2 2 2 2 2 2 2 2 2 2 0 2 2 0 2 2 2 2 2 2 2 2 2 2 2 2 2 2 2 2
753 0 0 0 2 2 2 2 2 2 0 0 0 2 0 2 0 2 0 2 2 2 0 0 0 2 2 2 0 0 2 2 0 0 2 0 2 2 0 2 2 0 0 2 0 0 0 2 0 0 2 0 0 0 2 0 0 0 0 0 2 0 0 2 0 0 2 0 2 2 0 0 2 0 0 2 2 0 0 2 0 2 0 0 0 2 0 0 0 2 0 0 2 0 0 0 0 2 0 2 0 2 0 0 0 0 0 0 0 0 0 0 0 0 0 0 0 2 0 0 0 0 0 0 0 0 2 0 0 0 2 0 2 2 0 2 0 2 0 0 2 0 0 2 0 2 0 0 2 1 2 0 0 0 2 2 0 0 0 0 2 2 2 2 0 2 0 2 0 2 2 0 2 2 2 2 2 0 2 2 0 0 2 0 2 2 0 0 0 2 0 1 0 0 0 2 2 0 0 0 0 2 2 0 0 2 2 2 0 2 0 0 0 0 2 2 0 0 0 2 0 2 0 2 0 0 0 0 0 0 0 0 0 0 0 0 0 2 0 0 0 2 2 0 0 2
754 1 2 0 2 0 0 2 2 0 0 0 0 0 2 2 2 0 0 0 0 0 0 2 2 0 2 2 0 0 0 0 0 2 2 2 2 2 2 0 0 2 1 0 2 0 0 0 1 0 0 2 0 2 0 2 2 2 2 0 0 0 1 2 0 2 0 2 0 2 2 0 0 0 2 0 0 0 0 2 2 2 2 2 0 2 2 0 0 0 2 2 0 2 2 2 2 2 2 2 0 2 2 2 0 0 2 2 2 0 2 2 2 2 0 2 2 0 0 2 2 2 2 2 2 0 2 2 2 2 2 0 2 0 2 2 2 2 2 0 2 0 2 2 2 0 2 0 2 1 0 2 2 2 2 2 2 2 2 2 2 0 2 2 2 2 2 2 2 2 2 2 0 2 0 2 0 2 2 2 0 2 0 2 2 0 2 2 2 2 1 1 2 0 2 2 2 2 2 2 0 2 2 2 2 2 2 2 2 0 2 2 2 0 0 2 2 2 1 2 2 2 2 0 2 2 2 2 2 2 2 2 2 0 2 2 0 0 0 2 2 0 2 2 2 2
755 2 2 2 0 2 2 2 2 2 0 2 2 2 2 2 2 2 2 2 2 2 2 2 2 2 2 2 2 2 2 0 2 0 2 2 2 2 2 2 2 2 2 2 2 0 2 2 2 2 2 2 0 0 0 2 2 2 2 2 2 0 2 2 2 2 2 2 2 2 2 0 2 0 0 2 2 2 2 2 2 2 2 2 0 2 2 2 2 0 2 2 2 2 2 2 0 2 2 2 2 2 2 2 2 0 2 2 2 2 2 2 2 0 0 2 2 2 2 2 0 2 2 2 2 0 2 2 2 2 2 0 0 2 0 2 2 2 2 2 2 0 2 2 2 2 2 0 2 2 2 2 2 2 2 2 2 2 2 2 2 2 2 2 2 2 2 2 2 0 2 2 2 2 2 2 2 2 2 2 0 2 2 2 2 2 2 2 2 2 2 2 2 2 2 2 2 2 2 2 1 2 2 2 2 2 2 2 2 2 2 2 2 2 2 2 2 2 2 2 2 2 2 2 2 2 2 2 2 2 2 2 2 0 2 2 2 2 0 2 2 2 2 2 2 2
756 2 2 2 0 2 2 2 2 0 2 2 0 2 2 2 2 2 2 2 0 2 0 2 2 2 2 2 0 2 2 0 0 2 2 2 2 2 2 0 2 2 2 2 2 2 2 2 2 2 2 0 2 0 2 2 2 2 2 2 2 2 2 2 2 2 2 2 2 2 2 2 2 0 0 2 2 2 0 2 2 2 2 2 0 2 2 2 0 2 2 2 0 2 2 2 2 2 2 2 2 2 2 2 2 2 2 2 2 2 2 2 2 2 2 2 2 2 2 2 2 2 2 0 2 2 2 2 2 2 2 2 2 0 2 2 2 2 2 0 2 2 2 2 2 2 2 2 2 2 2 2 2 2 2 2 2 2 2 2 2 2 2 2 2 2 2 2 2 2 2 2 2 2 2 2 0 2 2 2 2 2 2 2 2 2 2 2 2 2 2 2 2 0 2 2 2 2 2 2 2 2 2 2 2 2 2 2 2 2 2 2 2 2 2 2 2 2 2 2 2 2 2 2 2 2 2 2 2 2 2 2 2 2 2 2 2 2 2 2 2 2 2 2 2 2
757 2 2 0 2 2 2 0 2 2 2 0 0 2 2 0 2 2 0 0 2 0 0 2 2 2 2 2 0 0 0 2 0 2 0 2 2 2 2 2 0 0 2 0 2 2 0 2 2 0 2 2 2 2 2 2 2 0 2 0 2 0 2 2 0 2 2 2 2 2 2 0 2 2 2 2 0 0 0 0 2 2 2 2 2 2 0 0 2 2 2 0 2 2 2 2 2 0 0 2 0 0 2 2 2 2 0 0 2 2 2 2 2 0 2 0 2 2 2 2 2 2 2 2 2 2 0 0 0 2 2 2 2 2 2 0 0 0 2 2 2 2 0 2 2 0 2 2 2 1 0 0 2 2 0 2 2 2 2 2 2 2 2 0 0 0 2 0 2 2 2 2 2 0 2 0 2 0 0 2 2 2 2 2 2 2 2 2 2 0 2 2 0 2 2 0 2 2 2 2 2 0 0 2 2 0 0 2 2 2 0 2 2 0 0 2 2 2 2 2 2 0 2 2 2 2 2 0 2 2 2 2 2 2 0 2 2 0 2 2 2 2 0 2 0 2
758 0 2 2 0 0 0 2 2 2 0 0 2 0 2 2 1 2 2 2 2 2 2 0 2 2 0 2 2 2 2 0 2 2 2 2 2 0 2 0 0 2 2 2 2 0 2 0 0 2 0 0 2 0 0 0 0 2 2 2 2 2 2 2 2 2 0 2 2 2 0 2 2 2 0 2 2 2 2 0 2 2 0 2 2 1 2 2 2 2 2 2 0 0 0 2 2 2 0 2 2 2 2 2 2 0 2 2 0 0 2 2 2 2 0 0 2 2 2 2 2 2 0 2 2 2 2 2 2 2 0 0 2 0 2 2 2 2 2 2 2 0 2 2 2 0 2 2 2 1 0 2 2 2 2 2 2 2 2 2 2 2 2 2 2 2 2 2 2 0 2 2 2 2 0 2 2 0 2 2 0 2 2 2 2 2 0 2 0 2 2 2 2 2 2 2 2 2 2 2 0 0 2 2 0 2 2 2 2 0 2 2 2 2 0 0 2 2 1 2 2 0 0 2 2 2 0 2 2 2 0 2 0 0 2 2 2 0 0 2 0 2 2 2 2 2
759 2 0 0 2 1 0 0 2 0 2 2 2 0 2 0 0 0 2 2 2 2 2 0 2 0 0 2 2 2 2 2 2 2 0 0 1 0 0 2 2 0 0 2 0 2 0 2 2 0 2 0 2 2 2 0 0 2 0 0 0 2 0 0 2 2 0 0 2 2 0 0 2 2 2 0 2 0 2 0 0 0 2 0 0 0 0 0 2 2 0 0 2 0 0 0 2 0 2 2 0 0 0 0 0 2 2 0 0 2 0 0 0 0 2 2 0 0 2 0 2 0 2 2 0 0 0 0 0 2 0 2 0 0 2 0 0 0 0 2 0 2 0 0 2 0 2 2 2 0 2 0 2 2 0 0 2 0 2 2 0 0 0 0 0 0 2 0 1 2 0 2 0 0 2 0 0 2 0 0 2 0 2 0 2 2 2 0 0 0 0 0 2 2 0 0 2 1 0 0 2 2 0 0 0 0 0 0 0 2 2 2 0 0 0 2 2 0 0 2 2 2 0 2 0 2 0 2 0 0 2 0 0 2 0 0 2 2 2 0 0 0 0 2 0 0
760 2 0 2 2 0 0 0 2 2 2 2 2 1 2 0 0 0 2 2 2 2 2 0 2 0 0 2 2 2 2 2 2 2 0 0 1 0 1 2 2 2 2 2 2 2 2 2 2 2 2 2 2 2 2 0 0 2 0 2 2 2 2 0 2 2 0 0 2 2 0 2 2 2 2 0 2 2 2 0 2 0 2 0 2 0 0 2 2 2 0 0 2 0 0 0 2 0 2 2 2 0 0 0 2 2 2 0 0 2 0 0 0 0 2 2 2 0 2 0 2 0 2 2 2 2 0 2 0 2 0 2 0 0 2 2 0 0 0 2 0 2 0 0 2 0 2 2 2 0 2 0 2 2 0 0 2 0 2 2 0 0 0 0 0 0 2 0 2 2 0 2 0 0 2 0 0 2 0 0 2 0 2 0 2 2 2 0 0 0 0 0 2 2 2 0 2 0 0 0 2 2 0 0 0 2 0 0 0 2 2 2 0 2 0 2 2 0 0 2 2 2 0 2 0 2 0 2 0 0 2 0 0 2 0 0 2 2 2 0 0 0 0 2 0 0
761 0 0 0 0 0 0 0 2 0 0 2 2 0 0 0 0 0 0 0 2 0 2 0 0 2 0 0 2 0 0 0 2 0 2 0 0 0 0 2 0 2 0 2 0 0 0 2 0 0 0 0 0 0 0 0 0 0 0 0 0 2 2 0 2 0 0 0 2 0 0 2 0 0 0 0 0 0 2 0 0 0 2 0 0 0 0 0 0 0 0 0 2 0 0 2 0 2 0 2 0 0 0 0 2 0 0 0 0 2 0 0 0 0 0 2 0 2 0 0 0 0 2 0 0 0 0 0 0 2 0 0 0 2 0 0 0 0 0 0 0 0 0 0 0 0 0 0 0 1 0 0 2 2 0 0 0 0 0 0 0 0 2 2 0 0 0 0 1 0 0 0 0 0 0 0 0 0 0 0 0 2 0 0 0 0 0 0 0 2 2 1 0 0 0 0 0 0 0 0 0 2 0 0 0 0 0 0 0 2 0 0 0 0 0 0 0 0 0 0 0 0 0 2 0 0 0 0 0 0 0 0 0 0 0 0 0 0 0 0 0 2 0 0 0 0
762 0 2 0 0 2 2 2 0 0 0 0 0 2 0 0 2 2 2 2 0 2 0 2 0 0 2 2 0 2 2 2 0 2 0 2 2 2 2 0 2 0 2 0 0 0 0 0 0 0 2 0 2 2 2 2 2 0 2 0 0 0 0 2 0 0 2 2 0 2 2 0 2 2 2 2 2 0 0 2 2 2 0 2 2 2 2 0 0 2 2 2 0 2 2 0 2 0 2 0 0 2 2 2 2 2 0 2 2 0 2 2 2 2 0 0 2 0 0 2 2 2 2 2 0 2 2 0 2 2 2 0 2 0 2 2 2 2 2 0 0 0 2 2 2 0 2 2 2 1 2 2 2 0 2 2 2 0 2 1 2 2 2 0 2 2 2 2 1 2 2 0 2 2 0 2 2 0 2 2 0 2 2 0 2 0 2 2 2 2 0 1 0 0 0 2 2 2 2 2 2 2 2 2 2 2 2 2 2 0 2 2 2 0 0 2 0 2 2 2 2 0 2 0 2 0 2 0 2 2 2 2 2 0 0 2 2 0 0 2 2 0 2 2 2 2
763 0 0 2 2 2 0 0 2 2 0 2 2 2 2 2 2 2 0 0 0 0 2 2 2 2 0 0 2 0 0 0 2 0 0 2 0 2 0 0 2 0 2 0 0 0 2 0 0 2 0 2 0 0 0 2 2 0 0 2 0 2 0 2 0 2 2 0 0 0 0 0 0 0 0 2 0 2 2 0 0 2 0 0 0 0 2 2 0 0 2 2 0 0 2 2 0 2 2 2 2 2 2 0 2 0 2 2 0 2 0 0 0 0 0 0 2 0 2 2 0 0 0 0 0 0 0 2 2 2 0 1 0 2 0 0 2 2 0 0 2 0 2 0 0 0 0 0 0 1 0 0 0 0 2 0 0 0 0 0 2 2 2 2 2 0 0 2 0 0 2 0 0 2 2 2 0 0 2 2 0 2 0 0 0 0 2 0 0 2 0 0 2 0 0 2 0 0 0 0 0 0 2 2 0 0 2 0 0 0 2 0 0 2 2 0 0 2 0 0 0 2 0 0 0 0 0 2 2 0 2 0 0 0 0 0 2 0 0 2 0 0 0 0 2 2
764 2 0 0 2 0 0 0 0 0 2 2 2 0 0 2 0 2 2 2 2 2 2 0 0 0 2 2 2 2 2 2 2 2 2 2 1 0 0 2 2 2 0 0 0 2 0 2 2 0 0 2 2 0 0 0 0 0 0 0 0 2 0 2 2 2 0 0 2 2 0 2 2 0 0 2 2 0 2 0 2 2 0 0 0 2 2 0 2 0 2 2 2 2 0 0 2 0 2 0 0 2 2 0 0 0 2 2 0 0 0 0 0 2 2 2 0 2 2 0 2 0 0 0 0 0 0 0 2 0 2 2 2 2 2 0 2 2 0 0 2 2 2 2 0 2 0 2 2 1 1 0 2 2 2 0 2 0 2 1 0 0 0 0 2 2 2 2 0 0 0 0 0 2 0 0 2 2 2 0 2 0 2 2 2 0 2 0 0 2 0 0 2 2 0 2 2 0 0 2 0 2 2 0 0 0 2 0 0 2 2 2 0 0 2 0 2 0 0 0 0 2 0 2 0 0 2 2 2 0 2 0 0 2 2 0 2 0 2 0 2 2 2 0 2 2
765 0 2 0 2 2 2 2 0 2 0 0 0 2 0 2 2 2 0 2 0 0 0 2 0 2 0 2 0 0 2 0 1 1 0 0 2 2 2 0 0 0 2 0 0 0 0 0 0 2 0 2 2 0 0 2 2 2 2 0 0 0 0 2 0 2 2 2 0 0 1 2 0 2 0 2 2 0 0 2 0 1 0 2 2 0 2 0 0 0 0 0 0 2 2 2 1 2 2 0 0 2 0 2 2 2 0 2 2 2 2 2 2 2 2 0 0 2 2 2 1 2 0 2 0 2 2 0 2 2 0 0 2 0 1 0 2 2 2 2 2 2 2 2 0 2 2 0 0 2 0 2 0 0 2 1 0 2 2 0 2 2 2 2 2 2 2 2 1 2 2 2 2 2 0 2 2 0 2 2 2 0 2 0 2 2 2 2 2 2 2 2 2 0 0 2 0 2 2 0 2 0 2 2 2 0 2 2 2 0 0 0 2 0 2 0 2 2 2 0 0 0 2 0 2 2 2 2 2 2 2 2 2 2 2 2 0 2 2 2 2 2 0 0 2 2
766 2 2 2 2 0 2 2 2 2 2 0 2 0 2 2 2 2 2 2 2 2 2 2 2 2 2 2 2 2 2 2 2 2 2 2 2 0 2 2 2 2 2 2 2 2 2 2 2 2 2 2 2 2 2 2 2 2 2 2 2 2 2 2 2 2 0 2 2 2 2 2 2 2 2 2 2 2 2 0 2 2 2 2 2 2 2 2 2 2 2 2 2 2 2 2 2 2 2 2 2 2 2 2 2 2 2 2 2 2 2 0 2 2 2 2 2 2 2 2 2 2 2 2 2 2 2 2 2 2 2 2 2 2 2 2 2 2 2 2 2 2 2 2 2 2 2 2 2 2 2 2 0 2 2 2 0 2 2 2 0 2 2 2 2 2 2 2 2 2 0 2 2 2 2 2 2 2 2 0 2 2 2 2 2 2 2 0 2 2 2 2 2 2 2 2 2 2 2 2 2 2 2 2 2 2 2 2 2 2 2 2 2 2 2 2 2 2 2 2 2 0 2 2 2 2 2 2 2 2 2 2 2 2 2 2 2 2 2 2 2 2 2 2 2 2
767 2 2 2 2 2 0 2 0 2 2 2 2 2 2 2 2 2 2 2 0 2 2 2 2 0 2 2 2 2 2 2 2 2 2 2 2 2 2 0 2 2 2 0 2 2 2 2 2 2 2 2 2 2 2 2 2 2 2 2 2 2 2 2 2 2 2 2 0 2 2 2 2 2 2 2 2 2 2 0 2 2 2 2 2 2 2 2 0 2 2 0 0 2 2 0 2 2 2 0 2 2 2 2 2 2 2 2 2 0 2 2 2 2 0 0 2 2 2 2 2 2 2 2 2 2 2 0 2 0 2 2 0 2 2 0 2 2 2 2 2 0 2 2 0 2 2 2 2 1 2 0 2 2 2 0 2 2 2 1 2 2 2 0 2 2 2 2 2 2 2 2 2 2 2 2 2 2 2 2 0 2 2 2 2 0 2 2 2 2 2 2 2 0 2 2 2 2 2 2 2 2 2 0 0 0 2 2 0 2 2 2 0 2 2 2 2 0 2 0 2 2 2 0 2 2 2 2 2 0 2 0 2 0 2 0 2 2 0 2 2 2 2 2 2 2
768 2 2 2 2 0 2 2 2 2 2 2 2 0 2 2 2 2 2 2 0 2 2 2 2 2 2 2 2 2 2 2 2 2 2 2 2 0 2 0 2 2 0 2 0 2 2 2 2 2 2 2 2 2 0 2 2 2 2 2 2 2 0 0 2 2 0 2 2 0 2 2 2 0 2 2 2 2 2 2 0 2 2 2 0 2 2 2 2 2 2 2 0 2 2 2 2 2 2 2 2 2 2 2 2 2 2 2 2 2 2 0 2 2 2 2 2 2 2 2 2 2 2 2 0 0 2 2 2 2 2 2 2 2 2 2 2 2 2 2 2 2 2 2 2 2 0 2 2 2 2 2 2 2 2 2 2 2 2 2 0 2 2 2 2 2 2 2 2 2 0 2 2 2 2 2 2 2 2 0 2 2 2 2 2 2 2 2 2 2 2 2 2 2 2 2 2 2 2 2 2 2 2 2 2 2 2 2 2 2 2 2 2 2 2 2 2 2 2 2 2 2 2 2 2 2 2 2 2 2 2 2 2 2 2 2 0 2 2 2 0 2 2 2 2 2
769 2 2 2 0 2 2 2 2 2 2 2 2 2 2 2 2 2 2 2 2 2 2 2 2 2 2 2 2 2 2 2 2 2 2 2 2 2 2 2 2 2 2 2 2 2 2 0 2 2 2 2 2 2 2 2 2 2 2 2 2 2 2 2 2 2 2 2 2 2 2 2 2 2 2 2 2 2 2 2 2 2 2 2 2 0 2 2 2 2 2 0 2 2 2 2 2 2 2 2 2 2 2 2 2 2 2 2 2 2 2 2 2 0 2 2 2 2 2 2 2 2 2 2 2 2 2 2 0 2 2 2 2 2 2 2 0 0 2 2 2 2 2 2 2 2 2 2 2 2 0 2 2 2 2 2 2 2 2 2 2 2 2 2 0 2 2 2 2 2 2 2 2 2 2 2 2 2 2 2 2 2 2 2 2 2 2 2 2 2 2 2 0 2 2 2 2 2 2 2 2 2 2 2 2 2 2 2 2 0 2 2 2 2 2 2 2 2 1 2 2 2 2 2 2 2 2 0 0 2 2 2 2 2 2 2 2 2 2 2 2 2 2 2 2 2
770 2 2 2 2 2 0 2 2 2 2 2 2 2 2 2 2 2 2 2 0 2 2 2 2 2 2 2 2 2 2 2 2 2 2 2 1 2 0 0 2 2 2 2 2 2 2 2 2 2 2 2 2 2 2 2 2 2 0 2 2 2 2 2 2 2 2 0 2 0 2 2 2 2 2 2 2 2 2 2 2 2 2 2 2 2 2 2 2 2 2 2 0 2 2 2 2 2 2 2 2 2 2 2 2 2 2 2 0 2 2 2 2 2 2 2 2 2 2 2 2 0 2 2 2 2 2 2 2 2 0 2 2 2 2 2 2 2 2 2 2 2 2 2 2 0 2 2 0 1 2 2 2 2 2 2 0 2 2 2 2 2 2 2 2 2 2 2 2 2 2 0 2 2 2 2 2 2 2 2 2 2 2 2 2 2 2 2 0 2 2 2 2 2 2 2 2 2 2 2 2 2 2 2 2 2 2 2 2 2 2 2 2 2 1 2 2 2 2 2 2 2 2 2 2 0 2 2 2 2 2 2 0 2 2 2 2 2 2 2 2 2 2 2 2 2
771 0 2 0 2 2 2 2 2 0 0 2 2 2 2 0 2 0 0 2 2 0 2 2 2 2 2 2 2 0 2 2 2 2 2 2 2 2 2 2 2 2 2 2 0 0 0 0 0 0 2 0 0 2 0 2 2 2 2 0 0 0 2 2 0 2 2 2 2 2 2 0 0 0 2 0 2 0 2 2 2 2 2 2 0 0 0 0 2 0 2 0 2 2 2 0 2 0 2 2 0 2 0 2 0 0 2 0 2 0 2 2 2 2 0 2 2 0 2 2 2 2 0 0 0 2 2 0 0 0 2 2 2 2 2 0 2 0 2 2 0 0 0 2 0 2 2 0 2 1 2 0 2 0 0 0 2 0 0 1 2 2 2 0 0 0 2 0 2 2 2 2 0 2 2 0 0 0 0 2 2 2 2 2 2 0 0 2 2 2 0 1 2 2 0 0 2 2 2 0 0 2 0 0 0 0 0 2 0 0 0 2 2 0 1 2 2 0 1 0 2 0 2 2 2 2 2 2 0 2 0 0 2 2 0 2 2 0 2 2 2 0 2 0 0 0
772 2 0 2 2 0 2 0 0 2 2 2 2 0 0 2 2 2 2 0 2 2 2 0 0 0 0 2 2 2 0 2 2 0 2 2 2 0 2 2 0 2 0 0 0 2 2 2 2 2 2 2 2 2 2 0 0 2 2 2 2 2 0 2 0 2 0 2 2 2 0 2 0 2 2 2 0 2 2 0 2 2 2 0 2 2 2 2 2 2 2 2 2 0 2 2 0 2 2 0 2 2 2 0 2 2 2 2 2 2 0 0 0 2 2 2 2 2 2 0 0 2 2 2 0 2 0 0 2 0 2 0 0 2 0 2 2 2 0 2 2 2 2 2 2 2 2 0 2 1 2 2 0 2 2 2 2 2 2 2 0 2 2 2 2 2 2 2 0 2 0 2 2 2 2 2 2 0 2 0 0 2 2 2 2 2 2 2 0 2 2 1 2 2 2 2 2 0 0 2 2 2 2 2 2 2 2 0 2 2 2 2 0 2 1 2 2 2 1 2 0 2 0 2 0 2 0 2 2 0 2 2 2 0 2 0 2 2 0 0 0 2 2 0 2 2
773 2 2 2 0 2 2 2 2 0 2 2 2 2 2 2 2 0 2 2 0 2 2 2 2 2 2 2 2 2 2 0 2 2 2 2 2 2 2 0 2 0 2 0 0 2 2 2 2 2 0 0 0 2 0 2 2 2 2 2 0 2 2 2 0 0 2 2 0 0 2 2 0 2 2 0 2 2 2 2 2 0 2 2 2 0 2 2 0 0 2 2 0 2 2 0 2 0 2 2 2 2 0 2 2 0 2 2 2 2 2 2 2 0 2 0 2 2 0 2 2 2 2 0 0 2 2 0 0 0 2 0 2 2 2 2 2 2 2 2 0 2 2 2 2 2 0 2 2 2 2 2 2 2 2 2 2 2 2 2 2 2 2 2 0 2 2 2 2 2 2 2 2 2 2 2 0 0 2 2 2 2 0 2 2 2 2 2 2 2 2 2 0 0 2 0 2 2 2 0 0 2 0 2 2 2 2 2 2 2 2 2 2 2 1 2 2 2 1 2 2 2 2 0 2 2 2 0 0 2 2 2 2 2 0 2 0 2 2 2 2 2 0 2 0 2
774 2 2 2 2 2 2 2 0 2 0 2 2 2 2 2 2 2 2 2 2 2 2 2 2 2 2 2 2 2 2 2 2 2 2 2 2 2 2 2 2 0 0 2 2 0 2 2 2 2 2 2 2 2 0 2 2 2 2 2 2 0 2 2 2 2 2 2 2 0 2 2 2 2 2 2 2 2 2 2 2 2 2 0 2 2 2 2 2 2 2 2 2 2 2 2 2 2 2 0 2 2 2 2 2 2 2 2 2 2 2 2 0 2 0 2 2 2 2 2 2 2 2 2 2 2 2 2 2 2 2 2 2 2 2 2 0 2 2 2 2 0 2 2 2 2 2 0 2 2 2 2 0 2 2 2 2 2 2 2 2 2 2 2 2 2 2 2 2 2 2 2 2 2 2 2 2 2 2 2 2 2 2 2 2 2 2 2 2 2 2 2 2 2 2 2 2 2 2 2 2 2 2 2 2 2 2 2 2 2 2 2 2 2 2 2 2 2 2 2 2 0 2 2 2 2 2 2 2 2 2 2 2 2 2 2 0 2 2 2 2 2 2 2 2 2
775 0 0 0 0 0 2 0 0 2 0 0 0 0 0 0 0 0 0 0 0 0 0 0 0 0 0 0 0 0 0 2 0 0 2 2 0 0 0 0 0 0 0 0 2 0 0 0 0 0 0 0 2 2 0 0 0 2 0 0 0 0 0 0 0 0 0 0 0 0 0 2 0 0 2 0 0 0 0 0 0 0 2 0 0 0 0 0 0 0 2 0 0 0 0 2 0 0 0 0 0 0 0 0 0 2 0 0 2 0 0 0 0 0 0 0 2 0 0 0 0 0 0 2 2 0 0 0 0 0 2 2 0 0 0 0 0 0 0 2 0 0 0 0 0 2 0 0 0 1 0 0 0 0 0 0 0 0 0 0 0 0 0 2 0 0 0 0 0 2 0 0 0 0 2 0 2 0 0 0 0 2 2 0 0 0 0 0 0 0 0 0 0 0 0 0 0 0 0 0 2 0 0 0 0 0 0 0 2 0 0 0 0 0 1 0 2 0 0 0 0 0 0 0 0 0 0 0 0 0 0 2 2 0 0 0 0 2 0 0 0 0 0 2 0 0
776 2 0 2 2 2 2 0 2 2 2 2 2 2 2 2 2 2 2 2 0 2 2 0 2 2 2 2 2 2 2 2 2 2 0 2 2 2 0 2 2 2 2 2 2 2 2 2 2 2 2 2 2 2 2 0 0 2 0 2 2 2 2 0 2 2 2 0 2 2 2 2 2 2 2 2 2 2 2 2 2 0 2 2 2 0 2 2 2 2 2 0 2 2 0 2 2 0 2 2 2 2 2 0 2 2 2 2 2 2 0 2 2 0 2 2 2 2 2 2 2 2 2 2 2 2 0 2 0 2 2 2 2 2 2 2 2 0 2 2 2 2 0 2 2 2 2 2 2 2 2 2 2 2 0 0 2 0 0 1 2 2 0 0 0 2 2 0 2 2 2 2 2 2 2 2 0 2 0 2 0 2 2 0 2 2 0 2 2 2 2 1 2 2 2 2 2 2 0 2 2 2 2 0 2 2 0 2 2 2 2 2 0 2 2 2 2 0 2 0 2 2 2 2 2 2 2 2 0 0 0 2 2 0 0 0 2 2 0 2 2 2 2 2 0 2
777 2 2 2 2 2 2 2 2 2 2 2 2 2 2 2 2 2 2 2 2 2 2 2 2 2 2 2 2 2 2 2 2 2 2 2 2 2 2 2 2 2 2 2 2 2 2 2 2 2 2 2 2 2 2 2 2 2 2 2 2 2 2 2 2 2 2 2 2 2 2 2 2 2 2 2 2 2 2 2 2 0 2 2 2 0 0 2 2 2 2 0 2 2 0 2 2 0 2 2 2 2 2 2 2 2 2 2 2 2 2 2 2 0 2 2 2 0 2 2 2 2 2 2 2 2 2 2 0 2 2 2 2 2 2 2 2 0 2 2 2 2 0 2 2 2 2 2 2 2 2 2 2 2 0 2 2 2 0 1 2 2 2 2 0 2 2 2 2 2 2 2 2 2 2 2 2 2 0 2 2 2 2 2 2 2 2 2 2 2 2 2 2 2 2 2 2 2 2 2 2 2 2 2 2 2 2 2 2 2 2 2 2 2 2 2 2 2 2 2 2 2 2 2 2 2 2 2 0 2 0 2 2 2 0 2 2 2 2 2 2 0 2 2 0 2
778 2 2 2 2 0 0 0 0 0 2 2 0 0 2 0 0 0 2 0 2 0 0 0 2 0 0 0 0 2 0 0 0 2 0 0 1 0 2 2 0 2 2 2 0 2 2 0 2 2 0 0 0 0 2 0 0 2 2 2 2 0 0 2 0 0 0 2 2 2 2 0 0 2 0 0 0 2 0 2 2 0 2 2 2 0 0 2 2 2 0 0 2 0 0 0 2 0 0 0 2 0 0 2 2 0 0 0 2 2 2 0 2 0 2 0 2 0 0 0 2 2 2 2 0 2 0 2 0 2 2 2 2 0 2 0 0 0 0 2 0 2 0 0 2 2 2 0 0 1 0 2 0 0 0 0 0 0 0 1 2 2 2 0 0 0 0 0 2 2 2 2 2 0 2 0 2 0 0 2 0 2 0 0 0 2 0 2 0 0 2 1 0 2 0 0 2 2 0 0 0 0 0 0 2 0 0 0 0 0 0 2 2 2 2 0 2 0 1 0 2 2 0 2 2 2 0 0 0 2 0 0 0 0 0 2 0 2 0 0 0 0 2 2 0 0
779 0 0 0 0 0 0 0 0 0 0 0 2 0 0 0 0 0 0 0 0 0 2 2 0 0 0 2 2 0 0 0 2 0 0 0 1 0 0 0 0 0 0 2 2 0 0 0 0 0 0 0 0 2 0 2 2 2 0 0 0 0 0 0 2 2 0 0 0 0 0 0 0 0 2 0 0 0 2 0 2 0 2 0 0 0 0 0 2 2 0 0 0 0 0 0 0 0 0 0 0 0 0 0 0 2 0 0 0 2 0 0 0 0 0 0 0 0 2 0 0 0 0 0 2 0 0 0 0 0 0 2 0 0 0 0 0 0 0 0 0 0 0 0 0 0 2 0 0 0 0 0 2 0 0 0 0 0 0 0 0 2 0 0 0 0 2 0 2 0 0 0 0 0 1 0 0 2 0 0 0 2 0 0 2 2 0 0 0 0 0 0 0 2 0 0 0 0 0 0 2 0 0 0 0 0 0 2 0 0 0 0 0 1 0 2 2 0 0 0 2 0 0 0 0 0 0 0 0 0 0 0 0 0 0 0 0 0 0 0 0 0 2 0 0 0
780 2 2 0 0 0 0 2 2 0 0 0 0 0 0 2 2 2 0 2 2 2 0 0 0 2 0 2 0 0 2 2 0 2 2 0 2 0 2 0 0 0 2 2 0 0 0 2 2 0 2 0 2 0 0 0 0 2 2 0 0 0 2 2 0 2 0 2 2 2 0 2 0 0 0 2 2 0 1 2 2 2 2 2 0 2 2 0 2 2 0 2 0 2 2 0 2 2 0 2 0 2 2 2 1 2 0 0 2 2 0 0 2 2 0 2 2 2 2 0 2 2 0 0 0 2 2 2 2 0 0 2 2 2 2 0 2 2 2 2 2 0 2 2 2 0 2 0 2 1 0 2 2 0 2 2 2 2 2 2 0 2 2 2 2 2 2 0 2 0 0 2 2 0 0 2 1 0 2 0 2 2 2 2 2 2 2 2 0 2 0 2 2 2 2 2 2 2 2 2 2 0 2 2 2 0 1 2 0 2 0 2 0 0 1 2 2 2 2 2 2 2 0 2 2 2 2 2 2 0 2 0 0 2 2 0 0 2 2 0 2 2 0 0 2 0
781 0 0 2 0 0 0 0 0 2 2 0 0 0 0 2 0 0 0 0 0 2 0 0 0 2 0 0 0 0 0 2 0 0 0 0 0 0 0 2 0 0 0 0 0 2 2 0 0 2 2 0 0 0 0 0 0 0 0 2 0 0 0 0 0 0 0 0 0 2 0 0 0 0 0 0 0 2 0 0 0 0 2 0 0 0 0 2 0 0 0 0 2 0 0 0 0 0 2 0 2 2 0 0 0 2 2 0 0 0 0 0 0 2 2 0 0 2 0 0 0 0 0 0 0 0 0 0 0 0 0 0 0 0 0 2 0 0 0 0 0 2 0 0 0 0 0 2 0 1 2 0 0 0 0 0 0 0 0 0 0 0 2 0 0 0 0 0 2 2 0 0 0 0 2 0 0 0 0 0 2 0 0 2 0 0 0 0 0 2 0 0 0 0 2 0 0 0 0 0 2 2 2 0 0 2 0 2 2 0 0 0 0 2 0 2 2 0 1 0 2 0 2 0 0 0 0 0 0 0 0 2 2 2 2 0 2 0 2 0 0 2 0 0 0 0
782 1 0 0 0 0 0 2 0 0 0 0 0 0 0 0 0 0 0 0 0 0 0 0 0 0 0 0 0 0 0 0 0 0 0 2 1 0 0 0 0 0 0 0 0 0 0 0 2 0 0 2 0 0 0 0 0 0 0 0 0 0 0 0 0 0 0 0 0 0 0 0 0 0 0 0 0 0 0 0 2 0 0 0 0 0 0 0 0 0 2 0 0 0 0 0 0 0 0 0 0 0 0 0 0 0 0 0 0 0 0 0 0 2 0 0 2 0 0 0 0 2 2 0 0 0 2 0 0 0 0 0 0 0 0 2 0 2 2 0 0 0 0 0 0 0 0 0 0 0 0 0 0 0 0 0 0 0 2 0 0 0 0 0 0 0 0 0 0 0 0 0 0 0 0 0 0 0 0 0 0 0 0 0 0 0 0 2 0 0 0 0 0 0 0 0 0 0 2 0 0 0 0 0 0 2 0 0 0 0 0 0 0 0 0 0 0 0 0 0 0 0 0 0 0 0 0 0 0 0 0 0 0 0 0 0 0 0 0 0 0 0 0 0 0 0
783 2 2 2 2 2 2 2 2 2 2 2 2 2 2 2 0 2 2 2 2 2 2 2 2 2 2 2 2 2 2 2 2 2 2 2 2 2 2 2 2 2 2 2 2 2 2 2 2 2 2 2 2 2 2 2 2 2 2 2 2 2 2 2 2 2 2 2 2 2 0 2 2 2 2 2 2 2 2 2 2 2 2 0 2 2 2 2 2 2 2 2 2 2 2 2 2 2 2 2 2 0 2 2 2 2 2 2 2 2 2 2 0 2 2 2 2 2 2 2 2 2 2 2 2 2 2 2 2 2 2 2 2 2 2 2 0 2 2 2 2 2 2 0 2 2 2 2 2 2 2 2 0 2 0 2 2 2 2 1 2 2 2 2 2 2 2 2 2 2 2 2 0 0 2 2 2 2 0 2 2 2 0 2 2 2 2 2 2 0 2 2 2 2 2 2 2 2 2 0 2 2 0 2 2 2 2 2 2 2 2 0 2 2 2 2 2 2 2 2 2 2 2 2 2 2 2 2 0 2 2 2 2 2 2 2 2 2 2 2 2 2 2 2 2 2
784 0 0 2 0 2 0 0 0 0 2 0 0 2 0 0 0 0 0 0 0 0 0 0 0 0 0 0 0 0 0 2 0 2 0 0 0 2 0 0 0 0 0 0 0 2 2 0 0 2 0 0 0 0 0 0 0 2 0 2 0 0 0 0 0 0 2 0 0 0 0 0 0 0 0 0 0 2 0 0 2 0 0 0 0 0 0 2 0 2 0 0 0 0 0 0 2 0 0 0 2 0 2 0 0 0 0 0 0 2 0 0 0 0 2 0 0 0 0 0 2 0 0 0 0 2 0 0 0 0 0 0 0 0 2 0 0 0 0 0 2 2 0 0 0 0 2 0 0 0 0 0 0 0 0 2 0 0 0 0 0 2 0 0 0 0 2 0 1 0 0 0 0 0 0 0 0 0 0 0 0 0 0 0 0 0 0 0 2 0 0 0 0 0 0 0 0 0 0 0 0 0 0 0 0 0 0 2 0 0 0 0 0 2 0 0 0 0 2 0 2 0 2 0 0 0 0 0 0 0 0 0 0 0 0 0 0 0 0 0 2 0 0 0 0 0
785 2 0 2 2 2 2 2 2 2 2 2 2 2 2 2 2 2 2 2 2 2 2 2 2 2 0 2 2 2 2 2 2 2 2 2 2 2 0 2 2 2 2 2 2 2 2 2 2 2 2 2 2 0 2 2 2 2 0 2 2 2 2 2 2 2 2 0 2 2 2 2 2 2 0 2 2 2 2 2 2 2 2 2 2 2 2 2 2 2 2 2 2 2 2 2 2 2 2 2 2 2 2 0 2 2 2 2 2 2 0 2 2 2 2 0 2 2 2 2 2 2 2 2 2 2 2 2 2 2 2 0 2 2 2 2 2 2 2 2 2 2 2 2 2 2 2 2 2 2 2 2 2 2 0 2 2 0 2 2 2 2 2 2 2 2 2 2 2 2 2 2 2 2 2 2 2 0 0 2 2 2 0 2 2 2 2 2 2 2 2 2 2 2 2 0 2 2 2 0 2 2 2 0 2 2 2 2 2 2 2 2 2 2 2 2 2 0 2 2 2 2 2 2 2 2 2 2 2 2 0 2 2 2 2 2 2 2 2 2 2 2 2 2 2 2
786 2 2 2 0 2 0 0 2 0 0 0 0 2 0 2 0 2 0 0 0 2 0 0 0 2 2 2 0 0 0 2 0 2 2 0 1 0 2 2 0 0 0 0 0 0 2 0 2 2 2 1 0 2 0 0 0 2 2 2 2 0 0 0 0 0 2 2 2 2 2 0 0 2 2 2 0 2 0 0 0 2 0 2 2 0 2 2 2 0 0 2 2 2 0 2 2 0 2 2 2 0 2 2 2 0 2 0 0 2 2 0 2 2 0 2 0 0 2 2 2 0 1 0 0 0 0 0 0 0 2 2 0 1 2 0 2 0 2 2 2 0 0 2 0 0 0 2 0 1 0 0 0 0 0 2 0 0 0 0 0 0 2 2 0 0 2 0 2 0 0 2 2 0 0 0 0 2 0 0 0 1 2 2 2 2 0 0 2 0 2 1 0 2 0 0 0 0 2 2 0 2 0 2 0 0 2 2 0 0 2 0 0 2 0 2 0 2 2 2 2 0 2 2 0 2 2 0 0 0 2 0 2 0 2 0 0 0 0 2 2 0 0 0 0 0
787 2 0 2 2 2 2 2 0 2 2 2 0 2 2 2 2 2 2 2 2 2 0 0 2 0 2 2 0 2 2 2 0 2 2 2 2 2 0 2 2 2 2 2 2 2 2 2 2 2 2 2 2 2 2 0 0 2 0 2 2 2 2 2 2 2 2 0 2 2 2 2 2 2 2 2 2 2 0 2 2 2 2 2 2 2 2 2 2 2 2 2 2 2 2 2 2 0 0 0 2 2 2 0 2 2 0 2 2 2 0 2 2 2 2 2 2 2 0 2 2 2 2 2 2 2 2 2 2 2 2 2 0 2 2 2 2 0 2 0 2 2 2 2 2 2 0 2 2 1 2 2 2 2 2 2 2 2 0 2 2 2 2 2 2 2 2 2 0 2 2 2 2 2 0 2 2 2 2 2 2 2 2 2 2 2 2 2 2 2 2 2 2 2 2 2 2 0 2 2 2 2 2 2 2 2 2 2 0 2 0 2 0 2 2 2 2 2 2 2 0 2 2 2 2 2 2 2 0 2 0 0 2 2 2 0 2 2 2 2 2 2 0 2 2 2
788 2 0 2 2 0 2 2 2 2 2 2 2 0 2 2 2 2 2 2 2 2 2 0 2 2 2 2 2 2 2 0 2 2 2 2 2 2 0 2 0 2 2 2 2 2 2 2 2 2 2 2 2 2 2 0 0 2 0 2 2 2 2 2 2 2 0 0 2 2 2 2 2 2 2 2 2 2 2 2 2 2 2 2 2 2 2 2 2 2 2 2 2 2 2 2 2 0 2 2 2 2 2 0 2 2 2 2 2 2 0 2 2 2 2 2 2 2 2 2 2 2 2 2 2 2 2 2 2 2 2 2 2 2 2 2 2 2 0 2 2 2 2 2 2 2 2 2 2 2 2 2 2 2 2 0 2 2 2 2 2 2 2 2 2 2 2 2 2 2 2 2 2 2 2 2 2 2 2 2 2 2 2 2 2 2 2 2 2 2 2 2 2 2 2 2 2 2 2 2 2 2 2 2 2 2 2 0 2 2 2 2 2 2 2 2 2 2 1 0 2 2 2 2 2 2 2 2 2 2 0 2 2 2 2 2 2 2 2 2 2 2 2 2 2 2
789 0 0 0 2 0 0 2 0 0 2 2 2 0 2 2 0 2 0 0 0 2 2 0 2 0 0 2 2 0 0 2 2 2 2 2 2 0 0 0 2 0 2 2 2 2 0 2 0 0 0 2 2 2 2 0 0 2 0 0 0 0 0 0 0 2 0 0 0 0 0 0 2 2 2 2 0 0 2 2 2 2 0 0 2 2 2 0 2 2 2 2 0 2 2 2 2 0 2 0 0 2 0 0 2 2 2 2 2 2 0 2 0 2 2 0 2 0 0 2 2 2 0 2 2 2 2 0 0 0 2 0 2 0 2 2 2 0 0 2 2 2 0 2 2 2 2 2 2 1 2 2 2 0 2 0 2 2 2 2 2 0 0 2 2 0 2 2 1 2 2 2 0 0 2 0 2 2 2 2 0 2 2 2 2 2 2 2 0 2 0 1 2 2 2 2 0 2 2 0 2 2 0 2 2 2 2 2 0 2 2 2 2 0 2 2 2 2 2 0 0 2 2 0 2 2 2 2 0 2 2 0 0 0 0 2 2 2 0 2 2 0 2 0 2 0
790 2 2 2 2 2 2 2 2 2 2 2 2 2 2 2 2 2 2 2 2 2 2 2 2 2 2 2 2 2 2 2 2 2 2 2 2 2 2 2 2 2 2 2 2 2 2 2 2 2 2 2 2 2 0 2 2 0 2 2 2 2 2 2 2 2 2 2 2 2 2 2 2 2 2 2 2 2 2 2 2 2 2 2 2 2 2 2 2 2 2 2 2 2 2 2 2 2 2 2 2 2 2 2 2 2 2 2 2 2 2 2 2 2 2 2 2 2 2 2 2 2 2 2 2 2 2 2 2 2 2 2 2 2 2 2 0 2 2 2 0 2 2 0 2 0 2 2 2 2 2 2 2 2 0 2 2 0 2 1 2 2 2 2 0 2 0 0 2 0 2 2 2 2 2 2 2 2 0 2 2 2 2 2 2 2 2 2 2 2 2 2 2 2 2 0 2 2 2 2 2 2 2 2 2 2 2 2 2 2 2 2 2 2 0 2 2 2 2 2 2 2 2 2 2 2 2 2 2 2 2 2 2 2 2 2 2 2 2 2 2 2 0 2 0 2
791 2 2 2 2 2 2 2 2 2 2 2 2 2 2 2 2 2 2 2 2 2 2 2 2 2 2 2 2 2 2 2 2 2 2 0 2 2 2 2 2 2 2 2 2 2 2 2 2 2 2 2 2 2 0 2 2 0 2 2 2 2 2 2 2 2 2 2 2 2 2 2 2 2 2 2 2 2 2 2 2 2 2 2 2 2 2 2 2 2 0 0 2 2 2 2 2 2 2 2 2 2 2 2 2 2 2 2 2 2 2 2 2 2 2 2 2 2 2 2 2 2 2 2 2 2 2 2 2 2 2 2 2 0 2 2 0 2 2 2 0 2 2 0 2 0 2 2 2 2 2 2 2 2 0 2 2 0 2 1 2 2 2 2 0 0 0 0 2 2 2 2 2 0 2 2 0 2 0 2 2 2 2 2 2 2 2 2 2 2 2 2 2 2 2 0 2 2 2 2 2 2 0 2 2 2 0 2 2 2 2 2 2 2 0 2 2 2 2 2 2 2 2 2 2 2 2 2 2 2 2 2 2 2 2 2 2 2 2 2 2 2 0 2 0 2
792 0 2 2 2 2 2 2 2 2 2 2 2 2 2 2 2 2 2 0 2 2 2 2 2 2 0 2 2 2 0 2 2 2 2 0 2 2 2 2 2 2 2 2 2 2 2 2 0 2 0 2 2 2 2 2 2 2 2 2 2 2 0 2 2 2 2 2 2 2 2 1 2 2 2 2 0 2 2 2 2 2 2 0 2 2 2 2 2 2 0 2 2 2 2 2 2 2 2 2 2 2 2 2 2 2 2 2 2 2 2 2 0 0 2 2 2 2 2 2 2 2 2 0 2 0 2 2 2 2 2 2 2 0 2 2 0 2 2 2 0 0 2 0 2 2 2 2 2 2 2 2 2 2 2 2 2 2 2 2 2 2 0 2 2 0 0 2 2 2 2 2 2 0 2 2 2 2 2 2 2 2 2 2 2 2 0 2 2 2 2 2 2 2 2 2 0 0 2 2 2 2 2 2 2 2 2 2 2 2 2 2 2 2 2 0 2 2 2 2 2 2 2 2 2 2 2 2 2 2 2 2 0 2 2 2 2 2 2 2 2 2 2 2 2 2
793 2 2 2 2 2 2 2 2 2 2 2 0 2 2 2 2 2 2 2 2 2 0 0 2 2 2 2 0 2 2 2 0 0 2 2 2 2 2 2 2 2 2 2 2 2 2 2 2 2 2 2 2 2 2 0 0 2 2 2 2 2 2 2 2 2 2 2 2 0 2 2 2 2 2 2 2 2 0 0 2 2 2 2 2 2 2 2 2 2 2 2 2 2 0 2 0 0 2 2 2 2 2 2 2 2 2 2 0 2 2 2 2 2 2 2 2 2 2 0 0 2 2 2 2 2 2 2 2 2 2 2 2 2 0 2 2 2 2 2 2 2 2 2 2 2 2 2 2 2 2 0 2 2 2 2 2 2 2 2 2 2 2 2 2 2 2 2 2 2 2 2 2 2 2 2 2 2 2 2 2 2 2 2 2 2 2 2 2 2 2 2 2 2 2 2 2 2 2 2 2 2 2 2 2 2 2 0 0 2 2 2 0 2 2 2 2 2 2 2 2 2 2 2 2 2 2 2 2 0 2 0 2 2 2 0 2 2 2 0 2 2 2 2 2 2
794 0 2 2 2 0 2 2 2 2 0 2 2 0 2 2 2 2 1 0 2 0 2 0 2 2 2 2 2 1 0 0 2 2 2 2 2 0 2 2 0 2 2 2 2 0 2 2 0 2 2 0 2 2 0 0 0 2 2 2 2 1 0 2 0 2 0 2 2 2 0 2 2 0 2 2 0 2 2 0 2 2 0 2 0 2 2 2 0 0 2 2 2 0 0 2 2 2 2 2 2 2 0 2 2 2 0 2 0 2 0 0 2 2 0 2 0 2 2 2 2 2 0 2 2 2 2 0 2 2 0 2 0 2 2 2 0 0 2 2 0 0 2 0 2 2 2 2 2 1 2 0 2 2 0 2 2 2 2 2 0 2 0 2 2 2 2 2 0 0 0 2 2 0 2 0 0 0 0 0 2 0 2 2 2 0 0 2 2 2 2 1 0 0 0 2 0 2 0 2 2 0 2 2 2 2 2 0 2 2 0 2 0 2 2 0 0 2 1 2 0 0 2 2 0 2 0 0 2 0 0 2 0 2 2 0 2 0 2 2 2 2 2 2 2 2
795 2 2 0 2 2 2 2 2 0 2 2 2 2 2 0 2 0 2 2 2 0 2 2 2 2 2 2 2 2 2 0 2 0 2 2 1 2 2 2 0 0 2 0 0 2 0 2 2 0 0 2 2 2 2 2 2 0 2 0 2 2 2 2 2 2 2 2 0 2 0 2 2 2 2 0 2 0 2 2 2 2 0 2 2 2 0 0 2 2 2 2 2 0 2 2 0 2 2 2 0 2 2 2 0 2 0 2 2 2 0 2 2 2 2 2 2 2 2 2 0 0 2 0 0 2 2 2 2 2 2 2 0 0 0 2 2 2 2 2 2 2 2 2 2 2 2 2 2 1 0 2 2 0 0 2 2 0 2 2 2 2 2 2 2 2 2 0 2 2 2 2 2 2 2 2 2 2 0 2 2 2 2 2 2 2 2 2 2 0 2 1 2 2 2 2 0 2 2 2 2 0 2 2 2 2 0 2 2 2 0 2 2 0 2 2 2 2 2 2 2 2 2 0 0 2 0 2 2 2 2 2 2 2 2 2 2 2 2 2 2 2 2 2 2 2
796 2 2 2 2 2 2 2 0 2 2 2 2 2 2 2 2 2 2 2 2 2 2 2 2 2 2 0 2 2 2 0 2 2 2 2 2 2 2 0 2 2 2 2 2 2 2 2 2 2 2 2 2 0 2 2 2 2 2 2 0 2 2 2 2 2 2 2 2 0 2 2 2 2 0 2 2 2 2 2 2 2 2 2 2 2 2 2 2 2 2 0 0 2 2 2 2 2 2 0 2 2 2 2 2 0 2 0 2 0 2 2 2 2 2 2 2 2 0 2 2 2 0 2 2 2 2 2 0 2 2 2 2 2 2 2 2 2 2 2 2 2 0 2 2 2 2 2 2 2 2 2 2 2 2 2 2 2 2 2 2 2 2 2 2 2 2 2 1 2 2 2 2 0 2 2 2 2 2 2 2 2 2 2 0 0 2 2 2 2 0 1 2 2 2 2 2 2 2 2 2 2 2 2 2 2 2 2 2 2 2 2 2 2 2 2 2 2 2 2 0 2 2 2 2 2 2 2 2 2 2 2 2 2 2 2 2 2 2 2 2 2 2 2 2 2
797 2 2 2 0 2 2 2 2 2 0 2 2 2 2 2 2 2 2 2 0 2 2 2 2 2 0 2 2 2 2 2 2 2 2 2 2 2 2 2 2 0 2 2 2 0 2 0 2 2 2 0 2 2 2 2 2 0 2 2 2 0 2 2 0 2 2 2 2 0 2 2 2 2 2 2 2 2 2 2 2 2 2 2 2 2 2 2 2 0 2 2 2 0 2 2 2 2 0 2 2 2 2 2 2 2 2 2 2 2 2 2 2 2 2 2 2 2 2 2 2 2 0 2 2 2 2 2 2 2 2 2 0 0 2 0 0 2 2 0 2 2 2 0 2 2 2 2 2 2 2 2 2 2 2 2 2 2 2 2 2 2 2 2 2 2 2 2 2 2 2 2 2 2 2 2 2 2 2 2 2 2 2 2 2 0 2 2 0 2 0 0 2 2 0 2 0 2 2 2 2 2 2 2 2 0 2 2 2 0 2 2 2 2 2 2 2 2 2 2 2 2 2 2 2 2 0 2 2 2 2 2 0 2 2 2 2 2 2 2 2 2 2 2 2 2
798 2 2 0 2 2 2 0 2 2 2 2 2 2 2 2 2 2 2 2 2 2 2 2 2 2 2 2 2 2 2 2 2 2 2 2 2 2 2 0 2 2 2 2 2 2 0 2 2 0 2 2 2 2 2 2 2 2 2 0 2 2 2 2 2 2 2 2 0 2 2 2 2 2 2 2 2 0 2 2 2 2 2 2 2 2 0 0 2 2 2 2 0 2 2 2 2 2 2 2 0 2 2 2 2 2 2 2 2 2 2 2 2 2 2 2 2 2 2 2 2 2 2 2 2 2 0 2 2 0 0 2 2 2 2 2 2 2 2 2 2 2 2 2 0 2 2 2 0 2 2 2 0 2 2 2 2 2 2 0 2 2 0 2 2 0 2 2 2 2 2 2 0 2 2 2 2 2 2 2 2 2 2 2 2 2 2 2 2 2 2 2 2 2 2 2 2 2 2 2 2 2 0 2 2 2 2 2 2 2 2 0 2 0 2 2 2 2 2 2 2 2 2 0 2 2 2 2 2 2 2 2 0 2 2 2 2 2 2 2 2 2 2 2 2 2
799 2 2 2 2 2 2 2 2 2 2 0 2 2 2 2 2 2 2 2 2 2 2 2 2 2 2 2 2 2 2 2 2 0 2 2 2 2 2 2 2 2 2 2 2 2 2 2 2 2 2 2 2 2 2 2 2 2 2 2 2 2 2 2 2 2 2 2 2 2 2 2 0 2 2 2 2 2 2 2 2 2 2 2 2 2 2 2 2 2 2 2 2 2 2 2 0 0 2 2 2 1 2 2 2 2 2 2 2 2 2 2 2 2 2 2 0 2 2 2 0 2 2 2 2 2 2 2 2 2 0 2 2 2 0 2 2 2 2 2 2 2 2 2 2 2 2 2 2 2 2 2 2 2 2 2 2 2 2 2 0 2 2 2 2 2 2 2 2 2 0 2 2 2 2 2 2 2 2 0 2 2 2 2 2 2 2 2 2 2 2 2 2 2 2 2 2 2 2 2 2 2 2 2 2 2 2 2 2 2 2 2 2 2 2 2 2 2 2 2 2 2 2 2 2 2 2 2 2 2 2 2 0 2 2 2 2 2 2 2 2 2 2 2 2 0
800 2 2 0 0 2 2 2 2 2 2 2 2 2 2 2 2 2 2 0 2 2 2 0 2 0 2 2 2 2 0 2 2 2 0 2 1 0 2 2 2 2 0 0 2 2 0 0 2 0 2 0 0 2 2 0 0 0 2 0 2 0 0 2 0 2 2 2 2 0 2 0 2 2 2 2 0 0 2 2 2 0 2 2 2 2 0 0 2 2 2 2 2 2 2 0 2 2 2 2 0 0 2 2 2 2 2 2 2 2 0 2 2 0 2 2 2 2 2 2 2 0 2 2 2 2 2 2 2 2 2 2 2 0 2 2 0 2 2 2 2 2 2 0 0 0 0 0 2 2 0 2 2 0 2 0 2 0 2 0 0 2 2 0 2 2 2 2 2 2 0 2 2 2 2 2 0 2 2 0 2 2 2 2 2 2 2 2 2 2 2 2 2 2 2 2 0 0 2 2 2 2 2 0 2 2 0 2 2 0 2 2 2 0 0 0 2 0 2 2 2 2 2 2 2 2 2 2 2 2 2 2 2 2 0 2 0 0 2 2 2 2 0 0 0 2
801 0 2 2 0 0 2 2 2 0 2 2 2 0 2 2 2 2 2 2 2 2 2 2 2 2 0 0 2 2 2 2 2 2 0 2 1 2 2 2 2 2 2 2 2 2 2 0 0 2 2 2 2 2 2 2 2 0 2 2 2 2 2 2 2 2 0 2 2 2 2 2 0 2 2 2 2 2 2 2 2 0 2 2 2 2 2 2 2 2 2 2 2 2 2 2 2 2 2 2 2 0 0 2 2 2 0 2 2 0 2 0 2 2 0 2 2 2 2 0 2 2 2 2 2 2 2 2 2 2 2 2 2 2 2 0 0 2 2 2 2 0 2 0 2 2 2 2 2 1 0 2 0 2 0 2 0 2 2 2 2 0 0 0 2 2 0 2 1 2 2 2 0 2 2 2 2 2 0 2 2 2 2 2 0 2 0 2 2 2 2 2 2 2 2 0 2 2 2 0 2 0 2 2 2 0 0 2 2 0 0 2 2 2 2 2 2 2 1 2 2 0 0 2 2 2 2 2 2 2 2 2 2 2 2 2 2 0 2 0 0 2 2 0 0 2
802 2 0 2 0 0 0 0 2 0 1 0 2 0 0 2 0 0 0 0 2 2 2 2 0 0 0 0 2 0 0 2 2 2 0 0 1 0 0 0 2 0 2 0 2 0 2 0 2 2 0 2 0 0 2 2 2 0 0 2 2 0 0 0 2 0 0 0 2 2 2 0 2 0 0 0 0 2 2 2 2 2 2 0 0 0 0 2 0 0 0 0 0 0 2 2 2 2 0 2 2 0 0 0 0 0 0 0 0 0 2 0 0 2 2 0 2 0 0 0 2 2 2 2 2 0 0 2 0 0 0 0 0 0 2 2 2 2 2 0 0 2 0 2 0 2 0 0 0 1 2 2 0 0 2 0 0 0 2 0 2 2 0 0 0 0 0 0 2 2 2 0 0 0 2 0 2 0 2 2 0 0 2 2 0 2 2 0 0 0 2 1 0 0 2 2 0 2 2 0 0 2 2 2 2 2 2 0 0 0 0 0 2 2 2 0 2 2 1 2 2 0 2 2 2 0 0 0 0 2 2 0 0 0 0 2 2 0 0 0 0 0 2 2 2 0
803 0 2 2 2 2 2 2 0 2 1 2 2 2 2 2 2 0 2 2 2 2 2 2 2 0 2 2 2 2 2 2 2 2 2 0 2 2 2 2 2 0 2 2 0 2 2 2 0 2 2 2 2 2 2 2 2 2 2 2 2 2 2 2 0 2 2 2 2 2 2 2 2 2 2 0 2 2 2 2 2 2 2 2 2 2 0 2 0 2 0 0 2 2 2 2 2 2 2 0 2 0 2 2 2 0 2 0 0 2 2 2 2 2 0 2 2 2 0 2 2 2 2 2 0 2 2 2 2 0 2 2 2 2 2 2 2 2 2 2 2 0 0 2 0 2 2 2 2 1 2 2 2 2 2 2 2 0 2 0 2 2 0 2 2 2 2 2 1 2 2 2 2 2 2 0 2 0 2 2 2 2 2 2 2 2 2 2 2 2 2 2 2 2 2 2 2 2 2 2 0 2 2 2 2 2 2 2 2 2 2 2 2 2 2 2 2 2 2 2 2 2 2 2 2 2 2 2 2 2 2 2 2 2 0 2 2 2 2 2 2 2 2 2 2 2
804 2 0 0 0 2 0 0 0 0 1 0 0 2 0 0 0 2 0 0 0 0 0 0 0 2 0 0 0 0 0 0 0 0 0 0 0 2 0 0 2 0 0 0 0 0 0 0 2 0 0 0 2 0 0 0 0 0 0 0 0 0 0 0 0 2 2 0 0 2 0 0 0 0 0 2 0 0 0 0 0 0 0 0 0 0 0 0 0 0 0 0 0 0 0 0 0 0 0 0 0 0 0 0 0 0 0 0 0 0 0 2 0 0 2 0 0 0 0 0 0 0 0 0 0 0 0 0 0 0 2 0 0 0 0 0 0 2 0 0 0 2 0 0 0 2 0 2 0 1 0 0 0 0 0 2 0 0 0 0 0 0 0 0 0 0 0 0 1 0 0 0 0 0 0 0 0 0 0 0 0 0 0 0 0 0 0 0 0 0 2 1 0 0 2 0 0 0 0 0 0 0 0 0 0 0 0 0 0 0 0 0 0 0 2 0 0 0 0 0 0 0 0 0 0 0 0 0 0 0 0 0 0 0 0 0 0 0 0 0 0 0 0 0 0 0
805 0 0 0 2 0 0 2 0 2 0 2 2 0 0 0 0 2 2 0 2 0 2 0 0 2 2 0 2 2 0 0 2 0 0 2 0 0 0 2 2 0 2 0 0 0 0 0 0 0 0 0 2 2 0 0 0 0 0 0 0 2 0 2 0 0 0 0 2 2 0 2 2 0 2 2 0 0 2 0 2 0 0 0 0 0 2 0 0 0 2 2 2 2 0 0 0 0 0 0 0 2 0 0 0 0 0 0 2 0 0 0 0 0 0 0 0 0 0 0 0 0 0 2 0 0 2 2 2 2 0 2 0 0 0 0 2 2 2 0 2 0 2 2 0 0 2 2 0 0 0 0 0 0 2 0 0 0 2 0 2 0 0 0 0 2 0 0 0 2 2 2 0 0 0 2 0 0 2 2 0 0 0 0 0 0 2 0 2 0 2 1 0 2 2 2 2 0 0 0 0 0 0 2 0 0 2 0 0 0 0 0 0 0 0 0 0 2 1 2 0 2 2 2 0 2 2 0 0 0 0 2 0 0 0 0 0 0 0 0 0 0 0 0 0 2
806 0 0 0 2 0 0 0 0 0 0 0 0 0 0 0 2 0 0 2 0 0 0 0 0 0 0 0 0 0 2 0 0 0 0 0 0 0 0 0 2 0 0 2 2 0 0 0 0 0 0 2 2 0 0 0 0 2 0 0 0 2 0 2 0 0 0 0 2 2 0 0 0 2 0 0 2 0 0 2 0 0 2 0 2 0 2 0 0 0 0 0 0 0 2 0 0 0 0 0 0 0 0 0 0 0 0 0 2 2 2 0 0 2 0 2 2 0 0 2 0 0 0 0 2 0 0 2 0 0 0 0 0 0 0 2 2 0 2 2 2 0 0 2 0 0 0 2 0 0 2 2 0 0 0 0 0 0 0 0 0 0 0 0 0 2 0 0 2 2 0 2 0 0 2 0 0 0 0 0 2 2 2 2 0 0 0 0 2 2 0 0 2 0 0 0 0 0 2 2 0 0 2 0 2 2 0 2 2 0 0 0 2 0 0 2 2 0 2 2 2 0 0 2 0 2 0 2 0 2 0 2 2 2 2 2 2 0 2 2 2 0 0 2 2 2
807 0 0 0 0 0 1 0 0 1 0 1 0 0 0 0 1 0 1 0 1 0 0 0 0 0 1 0 0 1 0 0 0 0 0 0 0 0 1 1 0 0 0 0 0 0 0 0 0 0 0 0 0 0 0 0 0 1 0 0 0 0 0 1 0 0 0 0 0 2 0 0 0 0 0 0 0 0 0 0 0 0 0 0 0 0 0 0 0 0 0 0 1 1 0 0 0 0 0 0 0 0 0 0 0 0 0 0 0 0 0 0 0 0 0 0 0 1 0 0 0 0 1 0 0 0 0 0 0 0 0 0 1 0 0 0 0 0 0 0 0 0 0 0 0 0 0 0 0 1 0 0 0 0 0 0 0 0 0 0 0 0 0 0 0 0 0 0 0 2 0 0 0 0 0 0 0 0 0 0 0 0 0 0 0 0 0 0 0 0 0 0 0 0 0 0 0 0 0 0 0 0 0 0 0 0 0 0 0 0 0 0 0 0 0 0 0 0 1 0 0 1 1 0 0 0 1 0 0 0 0 0 1 0 0 0 0 0 0 0 0 1 0 0 0 0
808 2 0 2 2 2 2 2 0 2 2 2 2 2 2 2 2 2 2 2 2 2 2 2 2 2 2 2 2 2 2 2 2 2 2 2 2 2 0 2 2 2 2 2 2 2 2 2 2 2 2 2 2 2 2 2 2 2 0 2 2 2 2 2 2 2 2 0 2 2 2 2 2 2 2 2 2 2 2 2 2 2 2 2 2 2 2 2 2 2 2 2 2 2 2 0 2 2 2 0 2 2 0 0 2 2 2 2 2 0 2 2 2 0 2 2 2 2 2 2 2 2 2 2 2 2 2 2 2 2 2 2 2 0 2 2 2 0 2 2 2 2 2 2 2 2 2 2 2 1 2 2 2 2 2 2 0 2 2 2 2 0 2 2 2 2 2 2 1 2 2 2 0 2 2 2 2 2 2 2 2 2 2 0 2 2 2 2 2 2 2 2 2 2 2 0 2 2 2 0 2 2 2 2 2 2 0 2 0 2 2 2 2 2 2 2 2 2 2 2 2 0 2 2 2 2 2 2 2 2 2 2 2 2 2 2 2 2 2 2 0 2 2 2 2 2
809 2 2 2 0 2 0 0 0 2 2 2 0 2 2 2 2 2 2 2 0 2 0 2 2 0 0 2 0 2 2 2 0 2 0 2 2 2 2 2 2 2 2 0 0 2 2 2 2 2 2 2 0 2 2 2 2 2 2 2 2 0 2 2 2 0 2 2 2 0 0 2 0 2 2 2 2 2 0 0 2 2 2 0 2 2 2 2 0 2 2 2 2 0 2 2 2 0 2 0 2 2 2 2 2 2 2 2 0 0 0 2 0 0 2 2 2 0 0 2 2 2 0 2 0 2 0 2 2 0 2 2 0 2 2 2 2 2 0 2 2 2 2 2 2 2 2 0 2 1 2 0 0 2 2 0 2 2 2 2 2 2 2 0 2 2 2 2 1 2 2 2 0 2 0 2 2 2 2 2 2 2 2 2 2 2 2 0 2 2 0 1 2 0 2 2 2 2 0 2 2 2 2 2 2 2 2 2 2 2 2 0 0 2 2 0 2 2 0 2 2 0 0 2 0 2 0 2 2 0 2 2 2 2 0 0 2 0 2 2 2 0 2 2 2 2
810 0 0 2 0 0 0 0 0 0 0 0 0 0 0 0 0 2 0 0 0 0 0 0 0 0 0 2 0 0 0 0 0 0 0 2 1 0 0 0 0 0 2 0 0 0 2 0 0 0 0 0 0 0 0 0 0 2 0 2 0 0 0 0 0 0 0 0 0 0 0 0 0 0 0 2 0 2 0 0 0 2 0 0 0 0 0 2 0 0 2 2 0 0 0 0 0 0 0 0 2 2 0 0 2 0 0 2 0 0 0 0 0 0 0 0 0 0 0 0 0 0 0 0 0 0 0 0 2 0 0 0 0 0 0 0 2 2 0 0 0 0 0 0 2 0 0 0 0 0 0 0 0 0 0 0 0 0 2 2 0 0 0 0 0 0 2 2 0 0 0 0 0 2 0 2 0 0 0 0 0 2 0 0 2 2 0 0 0 2 0 0 2 0 0 0 2 0 0 0 0 0 2 0 0 0 0 2 0 0 0 0 0 2 0 0 0 0 0 0 0 0 0 0 0 0 0 2 0 0 2 0 0 0 0 0 0 2 0 0 0 0 0 0 0 2
811 2 0 2 2 0 2 0 2 2 2 2 2 0 2 2 2 2 2 2 2 2 2 2 2 2 2 2 2 2 2 2 2 0 2 2 1 0 0 2 2 2 2 2 2 2 2 2 2 2 2 2 2 2 2 2 2 2 1 2 2 2 2 2 2 2 0 0 2 2 2 2 2 2 2 2 2 2 2 0 2 2 2 2 2 0 2 2 2 2 2 2 2 2 2 2 0 0 2 2 2 2 2 0 2 2 2 2 2 2 2 0 2 2 2 2 2 2 2 0 0 0 2 2 2 2 0 2 2 2 2 2 2 2 0 2 2 2 2 2 2 2 2 2 2 2 2 2 2 2 2 2 2 2 2 2 2 2 2 2 2 2 0 2 2 2 2 2 2 2 2 2 2 2 2 2 0 2 2 2 2 2 2 2 2 2 2 0 2 2 2 1 2 2 2 2 2 2 0 2 2 2 1 2 0 2 2 2 2 2 2 2 0 2 2 2 2 2 2 2 2 2 2 2 2 2 2 2 2 0 2 2 2 2 2 0 2 2 2 0 2 2 2 2 2 2
812 0 0 0 2 0 0 0 0 0 0 0 0 0 0 0 0 2 0 0 0 2 0 2 0 2 2 0 0 0 0 0 0 0 2 2 0 0 0 0 0 2 0 0 0 0 0 2 0 0 2 2 0 0 0 2 2 2 0 0 2 2 0 2 2 2 0 0 0 0 0 2 0 0 0 2 0 0 0 0 0 0 2 0 0 0 2 0 0 2 2 2 0 0 2 2 0 0 0 0 0 2 2 0 0 0 2 0 0 2 0 0 0 2 0 0 0 0 2 0 0 0 0 0 0 0 0 0 0 0 2 2 0 2 0 2 2 0 0 2 2 0 0 0 2 2 2 0 0 0 0 0 0 2 2 0 0 2 0 2 2 2 2 0 0 0 0 0 0 2 2 0 2 2 0 0 0 2 2 2 0 0 2 2 0 0 2 0 0 0 0 0 0 0 0 2 2 0 0 2 2 2 2 0 0 2 0 0 2 2 2 0 0 0 2 0 0 0 0 0 0 0 0 0 0 0 0 0 2 0 0 2 2 0 0 0 0 0 0 0 2 0 2 2 2 2
813 2 0 2 2 2 2 2 2 2 2 2 2 2 2 2 2 2 2 2 2 2 2 2 2 2 2 2 2 2 2 2 2 2 2 2 1 2 0 2 2 2 2 2 2 2 2 2 2 2 2 2 2 2 2 2 2 2 0 2 2 2 2 2 2 2 2 0 2 0 2 2 2 2 2 2 2 2 2 0 2 2 2 2 2 2 2 2 2 2 2 2 2 0 2 2 2 2 2 2 2 2 2 0 2 2 2 2 2 2 2 0 2 0 2 2 2 2 2 2 2 0 2 2 2 2 2 2 2 2 2 2 2 2 2 2 2 2 2 2 2 2 2 2 2 2 2 2 2 1 2 2 2 2 2 2 2 2 2 2 2 2 2 0 2 2 2 2 0 2 2 2 2 2 2 2 2 2 2 2 2 2 2 2 2 2 2 0 2 2 2 2 2 2 2 2 2 2 0 2 2 2 2 2 2 2 0 2 2 2 2 2 0 2 2 2 0 2 2 2 0 2 2 2 2 2 0 2 2 0 2 2 2 2 2 0 2 2 2 2 2 2 2 2 2 2
814 0 2 0 2 0 2 0 0 0 0 2 0 0 0 0 0 2 0 2 2 0 0 0 0 2 0 0 0 0 2 0 0 0 0 2 1 0 2 2 0 0 2 0 0 0 0 0 0 0 0 2 2 2 0 0 0 0 2 0 0 2 2 0 0 2 0 2 0 0 1 0 0 2 2 0 2 0 0 0 2 0 0 0 2 0 0 0 2 0 2 2 2 1 0 0 0 0 2 0 0 2 2 0 0 2 0 0 0 0 0 2 1 0 0 0 0 2 0 0 0 2 0 0 0 0 0 0 2 0 0 0 0 0 0 0 2 0 0 0 0 0 0 0 2 0 2 0 0 2 2 2 2 0 2 1 2 2 2 2 0 0 2 2 2 0 2 0 2 0 0 0 2 0 2 0 0 0 2 0 2 2 0 0 0 2 2 2 2 0 2 2 2 2 1 0 2 0 1 0 0 0 2 0 0 0 0 0 0 0 0 2 1 0 0 1 0 0 0 2 0 2 2 0 0 0 0 2 2 2 2 0 0 0 0 2 2 0 0 0 0 2 0 0 0 0
815 2 0 2 2 2 2 2 2 2 2 2 2 2 2 2 2 2 2 2 2 2 2 2 2 2 2 2 2 2 2 2 2 0 2 2 1 2 0 2 2 2 2 2 2 2 2 2 2 2 2 2 2 2 2 2 2 0 0 2 2 2 2 2 2 2 2 0 2 0 2 2 0 2 2 2 2 2 2 0 0 2 2 2 2 0 2 2 2 2 2 2 2 2 2 2 0 2 2 2 2 2 2 0 2 2 2 2 2 2 2 0 2 0 2 2 2 2 2 0 0 0 2 2 2 2 2 2 2 2 2 2 2 2 0 2 2 2 2 2 2 2 2 2 2 2 2 2 2 1 2 0 2 2 2 2 2 2 2 2 2 2 2 0 2 2 2 2 0 2 2 0 2 2 2 2 2 2 2 2 2 2 2 2 2 2 2 0 2 2 2 1 2 2 2 2 2 2 0 2 2 2 2 2 2 2 0 2 2 2 2 2 0 2 2 2 0 2 2 0 0 2 2 2 2 0 2 2 2 0 2 2 2 2 2 0 0 2 2 0 2 2 2 2 2 2
