"DAT","Trait","mean","sd","lambda"
"21","VNIR_Plant_Spectrum_X351.44","0.0196319093432642","0.00624725130764978","-0.999957596396336"
"21","VNIR_Plant_Spectrum_X352.58","0","0","1.9999576112975"
"21","VNIR_Plant_Spectrum_X353.72","0.000389067292403917","0.000132409083113752","-0.999957596396336"
"21","VNIR_Plant_Spectrum_X354.86","0.00276609114390689","0.00108000644449376","-0.999957596396336"
"21","VNIR_Plant_Spectrum_X356","0.00576120529198676","0.00161279545373507","-0.999957596396336"
"21","VNIR_Plant_Spectrum_X357.15","0.00244975222199382","0.000626749585179525","-0.999957596396336"
"21","VNIR_Plant_Spectrum_X358.29","0","0","1.9999576112975"
"21","VNIR_Plant_Spectrum_X359.43","7.35537143541108e-13","2.30952504497463e-13","0.868132325716331"
"21","VNIR_Plant_Spectrum_X360.57","0","0","1.9999576112975"
"21","VNIR_Plant_Spectrum_X361.72","0.00720554766215518","0.0022696611182314","-0.999957596396336"
"21","VNIR_Plant_Spectrum_X362.86","2.20050260402526e-14","6.41868169173137e-15","-0.291863866468435"
"21","VNIR_Plant_Spectrum_X364","5.66361287085013e-16","1.71570127402983e-16","0.83332838990784"
"21","VNIR_Plant_Spectrum_X365.14","0.00088472776840245","0.000309961311063798","-0.999957596396336"
"21","VNIR_Plant_Spectrum_X366.29","0.00531178430362104","0.00154436575437363","-0.999957596396336"
"21","VNIR_Plant_Spectrum_X367.43","0","0","1.9999576112975"
"21","VNIR_Plant_Spectrum_X368.57","0","0","1.9999576112975"
"21","VNIR_Plant_Spectrum_X369.71","0","0","1.9999576112975"
"21","VNIR_Plant_Spectrum_X370.86","0.00755872429239162","0.00174185465897775","-0.999957596396336"
"21","VNIR_Plant_Spectrum_X372","0","0","1.9999576112975"
"21","VNIR_Plant_Spectrum_X373.14","0.0143604573171952","0.00430985564900991","-0.999957596396336"
"21","VNIR_Plant_Spectrum_X374.28","0","0","1.9999576112975"
"21","VNIR_Plant_Spectrum_X375.43","0","0","1.9999576112975"
"21","VNIR_Plant_Spectrum_X376.57","0.00232903108223971","0.000621879411182174","-0.999957596396336"
"21","VNIR_Plant_Spectrum_X377.71","0.000904553791655806","0.000248656136761268","1.9999576112975"
"21","VNIR_Plant_Spectrum_X378.85","0","0","1.9999576112975"
"21","VNIR_Plant_Spectrum_X380","0.00248130964082921","0.000765563769093047","1.9999576112975"
"21","VNIR_Plant_Spectrum_X381.14","3.99015688722418e-15","1.14488568744605e-15","0.916627610460629"
"21","VNIR_Plant_Spectrum_X382.28","0.00106026259628692","0.000337830168437907","-0.999957596396336"
"21","VNIR_Plant_Spectrum_X383.42","9.9538711745537e-16","4.08035002991724e-16","0.884568976041609"
"21","VNIR_Plant_Spectrum_X384.57","0","0","1.9999576112975"
"21","VNIR_Plant_Spectrum_X385.71","0.00335421266677617","0.000901802500929776","0.902375004072849"
"21","VNIR_Plant_Spectrum_X386.85","0.000290756068123635","8.601736206686e-05","-0.999957596396336"
"21","VNIR_Plant_Spectrum_X387.99","0","0","1.9999576112975"
"21","VNIR_Plant_Spectrum_X389.14","0.000511718198427093","0.000175363543410725","-0.999957596396336"
"21","VNIR_Plant_Spectrum_X390.28","0.000558222676153628","0.000119690234234963","1.9999576112975"
"21","VNIR_Plant_Spectrum_X391.42","0","0","1.9999576112975"
"21","VNIR_Plant_Spectrum_X392.56","0","0","1.9999576112975"
"21","VNIR_Plant_Spectrum_X393.71","0.000684572151662267","0.00017626491611234","-0.999957596396336"
"21","VNIR_Plant_Spectrum_X394.85","0","0","1.9999576112975"
"21","VNIR_Plant_Spectrum_X395.99","0.00508581920884683","0.00153012080642706","-0.999957596396336"
"21","VNIR_Plant_Spectrum_X397.13","0","0","1.9999576112975"
"21","VNIR_Plant_Spectrum_X398.28","0.000161811822174616","4.91602422563509e-05","1.9999576112975"
"21","VNIR_Plant_Spectrum_X399.42","0","0","1.9999576112975"
"21","VNIR_Plant_Spectrum_X400.56","0.000594416992710984","0.000198950409753967","-0.999957596396336"
"21","VNIR_Plant_Spectrum_X401.7","0","0","1.9999576112975"
"21","VNIR_Plant_Spectrum_X402.85","0.00275806493610877","0.000987225182086836","-0.999957596396336"
"21","VNIR_Plant_Spectrum_X403.99","0","0","1.9999576112975"
"21","VNIR_Plant_Spectrum_X405.13","2.1097880064288e-15","6.27177618259522e-16","0.949938491712926"
"21","VNIR_Plant_Spectrum_X406.27","0","0","1.9999576112975"
"21","VNIR_Plant_Spectrum_X407.41","0.00342042599123262","0.00100497321037423","-0.999957596396336"
"21","VNIR_Plant_Spectrum_X408.55","0.00206701637512971","0.000616541407379116","-0.999957596396336"
"21","VNIR_Plant_Spectrum_X409.7","0.00394533047272826","0.000956386261237613","1.9999576112975"
"21","VNIR_Plant_Spectrum_X410.84","0.000936240762548894","0.000261039047352983","1.9999576112975"
"21","VNIR_Plant_Spectrum_X411.98","0.00388345677519355","0.00119778490762309","1.9999576112975"
"21","VNIR_Plant_Spectrum_X413.12","0.00217322441296857","0.000790816698465478","-0.999957596396336"
"21","VNIR_Plant_Spectrum_X414.26","0.0019387370558598","0.000628788458985319","-0.999957596396336"
"21","VNIR_Plant_Spectrum_X415.4","0.000231639831483152","6.89753740527542e-05","-0.999957596396336"
"21","VNIR_Plant_Spectrum_X416.54","0.00170786582120443","0.000564299054063149","-0.999957596396336"
"21","VNIR_Plant_Spectrum_X417.68","0.00189032822696308","0.000675809994465004","-0.999957596396336"
"21","VNIR_Plant_Spectrum_X418.83","0.00288725559272821","0.00114872373554957","-0.999957596396336"
"21","VNIR_Plant_Spectrum_X419.97","0.00240095427759452","0.000853357021263007","-0.999957596396336"
"21","VNIR_Plant_Spectrum_X421.11","0.00203103054847886","0.000671602979457179","1.64392345543086"
"21","VNIR_Plant_Spectrum_X422.25","0.00354065717063776","0.0012070954322506","-0.999957596396336"
"21","VNIR_Plant_Spectrum_X423.39","0.00106401379863616","0.000328988639905094","-0.999957596396336"
"21","VNIR_Plant_Spectrum_X424.53","0.00431497376427366","0.00130543943438242","-0.999957596396336"
"21","VNIR_Plant_Spectrum_X425.67","0.00191685670824211","0.000733255484469697","-0.999957596396336"
"21","VNIR_Plant_Spectrum_X426.81","0.00221785697374118","0.000807824057373475","1.9999576112975"
"21","VNIR_Plant_Spectrum_X427.96","0.002442364763201","0.000979133700222874","-0.999957596396336"
"21","VNIR_Plant_Spectrum_X429.1","0.0046544575539708","0.00154272720988084","-0.999957596396336"
"21","VNIR_Plant_Spectrum_X430.24","0.00292657510514803","0.000964539718114442","-0.999957596396336"
"21","VNIR_Plant_Spectrum_X431.38","0.00407649756061341","0.00117234878219657","-0.999957596396336"
"21","VNIR_Plant_Spectrum_X432.52","0.00270665758478031","0.000853539571702693","1.9999576112975"
"21","VNIR_Plant_Spectrum_X433.66","0.00310381493242026","0.00115474252916339","-0.999957596396336"
"21","VNIR_Plant_Spectrum_X434.8","0.00437167016268163","0.00153723041915969","-0.999957596396336"
"21","VNIR_Plant_Spectrum_X435.94","0.00441526669145946","0.00158431395477429","-0.999957596396336"
"21","VNIR_Plant_Spectrum_X437.09","0.00334134217619784","0.00133834820008839","-0.999957596396336"
"21","VNIR_Plant_Spectrum_X438.23","0.00337119820211969","0.00131188229849361","-0.999957596396336"
"21","VNIR_Plant_Spectrum_X439.37","0.0038130607983092","0.001386202797201","-0.999957596396336"
"21","VNIR_Plant_Spectrum_X440.52","0.00349718338361314","0.00140140639041374","-0.999957596396336"
"21","VNIR_Plant_Spectrum_X441.66","0.00368593863809594","0.00138729884563841","-0.999957596396336"
"21","VNIR_Plant_Spectrum_X442.8","0.00481911939861205","0.00168027550968705","-0.999957596396336"
"21","VNIR_Plant_Spectrum_X443.95","0.00575265046578351","0.00205657782064842","-0.999957596396336"
"21","VNIR_Plant_Spectrum_X445.09","0.00387807276089871","0.00154727862416754","-0.999957596396336"
"21","VNIR_Plant_Spectrum_X446.23","0.00421233615467593","0.00158007333018821","-0.999957596396336"
"21","VNIR_Plant_Spectrum_X447.37","0.0044287669409797","0.00179722568942438","-0.999957596396336"
"21","VNIR_Plant_Spectrum_X448.52","0.00493566775388481","0.00189043744289742","-0.999957596396336"
"21","VNIR_Plant_Spectrum_X449.66","0.00433057389160951","0.00159954873768885","-0.999957596396336"
"21","VNIR_Plant_Spectrum_X450.8","0.00520017413727567","0.00185634238964976","-0.999957596396336"
"21","VNIR_Plant_Spectrum_X451.95","0.00468972728911305","0.0016040657929827","-0.999957596396336"
"21","VNIR_Plant_Spectrum_X453.09","0.00420391970274725","0.00170776287837364","-0.999957596396336"
"21","VNIR_Plant_Spectrum_X454.23","0.00467197628156012","0.00189939903398307","-0.999957596396336"
"21","VNIR_Plant_Spectrum_X455.38","0.00500705011845922","0.00187241303966152","-0.999957596396336"
"21","VNIR_Plant_Spectrum_X456.52","0.00590088002143704","0.00193250159701701","-0.999957596396336"
"21","VNIR_Plant_Spectrum_X457.66","0.00331741265662093","0.00142720562045887","-0.999957596396336"
"21","VNIR_Plant_Spectrum_X458.8","0.0042943259140465","0.00159018326720069","-0.999957596396336"
"21","VNIR_Plant_Spectrum_X459.95","0.00469317082579402","0.00193617751281017","-0.999957596396336"
"21","VNIR_Plant_Spectrum_X461.09","0.00527640918698245","0.00185186638899604","-0.999957596396336"
"21","VNIR_Plant_Spectrum_X462.23","0.00400369273595247","0.00151614250432101","-0.999957596396336"
"21","VNIR_Plant_Spectrum_X463.38","0.00501032966564011","0.00176067404790721","-0.999957596396336"
"21","VNIR_Plant_Spectrum_X464.52","0.00455536315183204","0.00178390183793435","-0.999957596396336"
"21","VNIR_Plant_Spectrum_X465.66","0.00454059834911232","0.00176535706303563","-0.999957596396336"
"21","VNIR_Plant_Spectrum_X466.81","0.0051413048877234","0.00166852522740469","-0.999957596396336"
"21","VNIR_Plant_Spectrum_X467.95","0.00414338989167896","0.00162068583042509","-0.999957596396336"
"21","VNIR_Plant_Spectrum_X469.09","0.00474684813827852","0.00167679782740044","-0.999957596396336"
"21","VNIR_Plant_Spectrum_X470.23","0.00549262114364805","0.00192006757389544","-0.999957596396336"
"21","VNIR_Plant_Spectrum_X471.38","0.00493587839805632","0.00188224742830264","-0.999957596396336"
"21","VNIR_Plant_Spectrum_X472.52","0.00466107921772902","0.00167446796748953","-0.999957596396336"
"21","VNIR_Plant_Spectrum_X473.66","0.00597483622158786","0.00180862117908973","-0.999957596396336"
"21","VNIR_Plant_Spectrum_X474.81","0.00539686941690511","0.00196989788032783","-0.999957596396336"
"21","VNIR_Plant_Spectrum_X475.95","0.00454875678834407","0.00167363061745757","-0.999957596396336"
"21","VNIR_Plant_Spectrum_X477.09","0.00543628426130826","0.00189346189386691","-0.999957596396336"
"21","VNIR_Plant_Spectrum_X478.24","0.0046395907673423","0.00169615987102203","-0.999957596396336"
"21","VNIR_Plant_Spectrum_X479.38","0.00532366977672888","0.00192132796749894","-0.999957596396336"
"21","VNIR_Plant_Spectrum_X480.52","0.00539272079504859","0.00197158546086001","-0.999957596396336"
"21","VNIR_Plant_Spectrum_X481.66","0.00538127103969571","0.00174814145782207","-0.999957596396336"
"21","VNIR_Plant_Spectrum_X482.81","0.00504417076320339","0.00180077158955042","-0.999957596396336"
"21","VNIR_Plant_Spectrum_X483.95","0.00537354891272472","0.00192574502919714","-0.999957596396336"
"21","VNIR_Plant_Spectrum_X485.09","0.00489300543073794","0.00183479531744957","-0.999957596396336"
"21","VNIR_Plant_Spectrum_X486.24","0.00488547788296325","0.0018597530614166","-0.999957596396336"
"21","VNIR_Plant_Spectrum_X487.38","0.00491431098613336","0.00187669486519278","-0.999957596396336"
"21","VNIR_Plant_Spectrum_X488.52","0.00448044326426333","0.00172120135021186","-0.999957596396336"
"21","VNIR_Plant_Spectrum_X489.67","0.00473249681104674","0.00181056731267253","-0.999957596396336"
"21","VNIR_Plant_Spectrum_X490.81","0.00446575085811434","0.00164878980147361","-0.999957596396336"
"21","VNIR_Plant_Spectrum_X491.95","0.00476430219965587","0.00176739401217143","-0.999957596396336"
"21","VNIR_Plant_Spectrum_X493.09","0.00460479425841233","0.00156305218357124","-0.999957596396336"
"21","VNIR_Plant_Spectrum_X494.24","0.00503730776188894","0.00175255713121501","-0.999957596396336"
"21","VNIR_Plant_Spectrum_X495.38","0.00485056108366208","0.00169957239556876","-0.999957596396336"
"21","VNIR_Plant_Spectrum_X496.52","0.00557142272711558","0.00183377639181836","-0.999957596396336"
"21","VNIR_Plant_Spectrum_X497.67","0.0047144539586803","0.00178670878776789","-0.999957596396336"
"21","VNIR_Plant_Spectrum_X498.81","0.00484011888480961","0.00177643631360819","-0.999957596396336"
"21","VNIR_Plant_Spectrum_X499.95","0.00539720672617675","0.00185241609558182","-0.999957596396336"
"21","VNIR_Plant_Spectrum_X501.1","0.00489924549823628","0.0017837625438244","-0.999957596396336"
"21","VNIR_Plant_Spectrum_X502.24","0.00616315668880762","0.00190771476562889","-0.999957596396336"
"21","VNIR_Plant_Spectrum_X503.38","0.0049555233390505","0.00187559186071163","-0.999957596396336"
"21","VNIR_Plant_Spectrum_X504.52","0.00578150269072181","0.00197370458101563","-0.999957596396336"
"21","VNIR_Plant_Spectrum_X505.67","0.0052875833331099","0.00187367982626199","-0.999957596396336"
"21","VNIR_Plant_Spectrum_X506.81","0.00564311374647855","0.00204272486090546","-0.999957596396336"
"21","VNIR_Plant_Spectrum_X507.95","0.00564309922302162","0.00201222235220761","-0.999957596396336"
"21","VNIR_Plant_Spectrum_X509.1","0.00626273566968061","0.00204250636429746","-0.999957596396336"
"21","VNIR_Plant_Spectrum_X510.24","0.00649539090874968","0.00217617667649887","-0.999957596396336"
"21","VNIR_Plant_Spectrum_X511.38","0.00569282917217233","0.0020573748958307","-0.999957596396336"
"21","VNIR_Plant_Spectrum_X512.53","0.00709839842585292","0.00222427604523918","-0.999957596396336"
"21","VNIR_Plant_Spectrum_X513.67","0.00713288887591528","0.0023214440493536","-0.999957596396336"
"21","VNIR_Plant_Spectrum_X514.81","0.0075368664814485","0.00236586554842536","-0.999957596396336"
"21","VNIR_Plant_Spectrum_X515.95","0.00714498513022439","0.00235187915975234","-0.999957596396336"
"21","VNIR_Plant_Spectrum_X517.1","0.00743378862914327","0.00242922050381744","-0.999957596396336"
"21","VNIR_Plant_Spectrum_X518.24","0.00776669083872109","0.00253319941103496","-0.999957596396336"
"21","VNIR_Plant_Spectrum_X519.38","0.00812570849768476","0.00263844052341597","-0.999957596396336"
"21","VNIR_Plant_Spectrum_X520.53","0.00834832533628906","0.00266963263190771","-0.999957596396336"
"21","VNIR_Plant_Spectrum_X521.67","0.0083204576391286","0.00268930768810448","-0.999957596396336"
"21","VNIR_Plant_Spectrum_X522.81","0.00832334671237168","0.00272621372940759","-0.999957596396336"
"21","VNIR_Plant_Spectrum_X523.96","0.0087426769852009","0.00283358716310367","-0.999957596396336"
"21","VNIR_Plant_Spectrum_X525.1","0.00914812081806757","0.00288348544795747","-0.999957596396336"
"21","VNIR_Plant_Spectrum_X526.24","0.00883345482425226","0.0029644216933136","-0.999957596396336"
"21","VNIR_Plant_Spectrum_X527.38","0.00883496800871094","0.00304869193453044","-0.999957596396336"
"21","VNIR_Plant_Spectrum_X528.53","0.00884030483222438","0.00307109931244176","-0.999957596396336"
"21","VNIR_Plant_Spectrum_X529.67","0.00920552666599553","0.0030622569735925","-0.999957596396336"
"21","VNIR_Plant_Spectrum_X530.81","0.00959198630241662","0.00314644216727132","-0.999957596396336"
"21","VNIR_Plant_Spectrum_X531.96","0.00951351939624504","0.00316798645530194","-0.999957596396336"
"21","VNIR_Plant_Spectrum_X533.1","0.00972343361690747","0.00317629335850889","-0.999957596396336"
"21","VNIR_Plant_Spectrum_X534.24","0.00961003388594177","0.00320258532405717","-0.999957596396336"
"21","VNIR_Plant_Spectrum_X535.39","0.0100117658704632","0.00324746435820185","-0.999957596396336"
"21","VNIR_Plant_Spectrum_X536.53","0.00965594628045686","0.0032449681928495","-0.999957596396336"
"21","VNIR_Plant_Spectrum_X537.67","0.00984963102523543","0.00331204992307448","-0.999957596396336"
"21","VNIR_Plant_Spectrum_X538.81","0.00965736204165085","0.00325693695909116","-0.999957596396336"
"21","VNIR_Plant_Spectrum_X539.96","0.0101019166296722","0.00325604392840709","-0.999957596396336"
"21","VNIR_Plant_Spectrum_X541.1","0.00982401117007813","0.00332589950569263","-0.999957596396336"
"21","VNIR_Plant_Spectrum_X542.24","0.00968050092996573","0.00329644259366021","-0.999957596396336"
"21","VNIR_Plant_Spectrum_X543.39","0.0101505231203971","0.00332409007312415","-0.999957596396336"
"21","VNIR_Plant_Spectrum_X544.53","0.0101415790574257","0.00339776038296424","-0.999957596396336"
"21","VNIR_Plant_Spectrum_X545.67","0.00986063945451006","0.00340984188291212","-0.999957596396336"
"21","VNIR_Plant_Spectrum_X546.82","0.00978288273580204","0.00335103894874525","-0.999957596396336"
"21","VNIR_Plant_Spectrum_X547.96","0.00970098235504322","0.00335397471411672","-0.999957596396336"
"21","VNIR_Plant_Spectrum_X549.1","0.0103270626651983","0.00341841234592076","-0.999957596396336"
"21","VNIR_Plant_Spectrum_X550.24","0.0101555189304007","0.00342134443766084","-0.999957596396336"
"21","VNIR_Plant_Spectrum_X551.38","0.0101229823378797","0.00337308233402276","-0.999957596396336"
"21","VNIR_Plant_Spectrum_X552.52","0.0100637369082237","0.00342003066197652","-0.999957596396336"
"21","VNIR_Plant_Spectrum_X553.66","0.0101951398770421","0.00337390768136046","-0.999957596396336"
"21","VNIR_Plant_Spectrum_X554.8","0.0100060321089405","0.00340559321202759","-0.999957596396336"
"21","VNIR_Plant_Spectrum_X555.95","0.00976615555714113","0.00336252103361682","-0.999957596396336"
"21","VNIR_Plant_Spectrum_X557.09","0.00987904581234202","0.00337955191800912","-0.999957596396336"
"21","VNIR_Plant_Spectrum_X558.23","0.00960918412604215","0.0032856293117218","-0.999957596396336"
"21","VNIR_Plant_Spectrum_X559.37","0.00998201779299683","0.00329223969969577","-0.999957596396336"
"21","VNIR_Plant_Spectrum_X560.51","0.0101722046963443","0.00329190200882143","-0.999957596396336"
"21","VNIR_Plant_Spectrum_X561.65","0.00931075865575851","0.00323550122047902","-0.999957596396336"
"21","VNIR_Plant_Spectrum_X562.79","0.00951671746002973","0.0032211266443242","-0.999957596396336"
"21","VNIR_Plant_Spectrum_X563.93","0.00954771032195305","0.00323296960438761","-0.999957596396336"
"21","VNIR_Plant_Spectrum_X565.07","0.00935253521623225","0.00319047767659734","-0.999957596396336"
"21","VNIR_Plant_Spectrum_X566.22","0.00934099615793948","0.00311328371389052","-0.999957596396336"
"21","VNIR_Plant_Spectrum_X567.36","0.00887958112986907","0.00309281268469641","-0.999957596396336"
"21","VNIR_Plant_Spectrum_X568.5","0.00919401646997336","0.0030432463821079","-0.999957596396336"
"21","VNIR_Plant_Spectrum_X569.64","0.00859970360332132","0.00299386684258579","-0.999957596396336"
"21","VNIR_Plant_Spectrum_X570.78","0.00866121579772737","0.00296365749318236","-0.999957596396336"
"21","VNIR_Plant_Spectrum_X571.92","0.00856614563008851","0.00294752044408997","-0.999957596396336"
"21","VNIR_Plant_Spectrum_X573.06","0.00876187412421595","0.00287946055278436","-0.999957596396336"
"21","VNIR_Plant_Spectrum_X574.2","0.00833797260167021","0.00281277300613569","-0.999957596396336"
"21","VNIR_Plant_Spectrum_X575.35","0.00851996840852983","0.00282444978698305","-0.999957596396336"
"21","VNIR_Plant_Spectrum_X576.49","0.00829787696594909","0.00278813042888614","-0.999957596396336"
"21","VNIR_Plant_Spectrum_X577.63","0.00821045418924366","0.00274023814637747","-0.999957596396336"
"21","VNIR_Plant_Spectrum_X578.77","0.00788546829064776","0.00271377613871193","-0.999957596396336"
"21","VNIR_Plant_Spectrum_X579.91","0.00811060728661156","0.00271940503735684","-0.999957596396336"
"21","VNIR_Plant_Spectrum_X581.05","0.00817299606746145","0.00267218710328739","-0.999957596396336"
"21","VNIR_Plant_Spectrum_X582.19","0.00785342364238165","0.00265352225852601","-0.999957596396336"
"21","VNIR_Plant_Spectrum_X583.33","0.00769089803555375","0.00258074221142076","-0.999957596396336"
"21","VNIR_Plant_Spectrum_X584.48","0.00781139542606792","0.00263174298075114","-0.999957596396336"
"21","VNIR_Plant_Spectrum_X585.62","0.00804300405757124","0.0025943855689399","-0.999957596396336"
"21","VNIR_Plant_Spectrum_X586.76","0.00760477256031086","0.00257398121079919","-0.999957596396336"
"21","VNIR_Plant_Spectrum_X587.9","0.00800235511311293","0.00258328170624583","-0.999957596396336"
"21","VNIR_Plant_Spectrum_X589.04","0.00762609274408797","0.00254422589337068","-0.999957596396336"
"21","VNIR_Plant_Spectrum_X590.18","0.00779908221707513","0.00252154431355336","-0.999957596396336"
"21","VNIR_Plant_Spectrum_X591.32","0.00736002173677304","0.00252323656913585","-0.999957596396336"
"21","VNIR_Plant_Spectrum_X592.46","0.00776878812926328","0.00254015271469718","-0.999957596396336"
"21","VNIR_Plant_Spectrum_X593.6","0.00744921143321754","0.00245932945335207","-0.999957596396336"
"21","VNIR_Plant_Spectrum_X594.75","0.00744258819807808","0.0025347193900939","-0.999957596396336"
"21","VNIR_Plant_Spectrum_X595.89","0.00733839053641068","0.0024810329480613","-0.999957596396336"
"21","VNIR_Plant_Spectrum_X597.03","0.00759940196623749","0.00247246868331007","-0.999957596396336"
"21","VNIR_Plant_Spectrum_X598.17","0.00726720942746697","0.00244887083878133","-0.999957596396336"
"21","VNIR_Plant_Spectrum_X599.31","0.00734447928610966","0.00245039665468786","-0.999957596396336"
"21","VNIR_Plant_Spectrum_X600.45","0.00706467264810096","0.00239461265545567","-0.999957596396336"
"21","VNIR_Plant_Spectrum_X601.59","0.00721030991289867","0.00240876558079481","-0.999957596396336"
"21","VNIR_Plant_Spectrum_X602.73","0.0074068064616072","0.00240959090763881","-0.999957596396336"
"21","VNIR_Plant_Spectrum_X603.88","0.00707197667621073","0.00237056533416925","-0.999957596396336"
"21","VNIR_Plant_Spectrum_X605.02","0.00704143768341487","0.00236223226828992","-0.999957596396336"
"21","VNIR_Plant_Spectrum_X606.16","0.00698708328763716","0.00232039176939715","-0.999957596396336"
"21","VNIR_Plant_Spectrum_X607.3","0.00658376665290745","0.00228258486406172","-0.999957596396336"
"21","VNIR_Plant_Spectrum_X608.44","0.00676838198863811","0.00227872644978765","-0.999957596396336"
"21","VNIR_Plant_Spectrum_X609.58","0.00688919034451371","0.00228353773469008","-0.999957596396336"
"21","VNIR_Plant_Spectrum_X610.72","0.00658682426777613","0.00223555061979725","-0.999957596396336"
"21","VNIR_Plant_Spectrum_X611.86","0.00624822038903503","0.00220209049671157","-0.999957596396336"
"21","VNIR_Plant_Spectrum_X613.01","0.00615059901443844","0.00215566871964544","-0.999957596396336"
"21","VNIR_Plant_Spectrum_X614.15","0.00626978779327936","0.00215310872378345","-0.999957596396336"
"21","VNIR_Plant_Spectrum_X615.29","0.00630989972262358","0.0021340643673665","-0.999957596396336"
"21","VNIR_Plant_Spectrum_X616.43","0.00646503072936703","0.00212266415312867","-0.999957596396336"
"21","VNIR_Plant_Spectrum_X617.57","0.0062038953700179","0.00210988080455743","-0.999957596396336"
"21","VNIR_Plant_Spectrum_X618.71","0.00607562269674661","0.0020991193635839","-0.999957596396336"
"21","VNIR_Plant_Spectrum_X619.85","0.00588002208865574","0.00205637119548839","-0.999957596396336"
"21","VNIR_Plant_Spectrum_X620.99","0.00609897991117554","0.00207394875198455","-0.999957596396336"
"21","VNIR_Plant_Spectrum_X622.14","0.00605007970351694","0.00205174339757558","-0.999957596396336"
"21","VNIR_Plant_Spectrum_X623.28","0.005893352059318","0.00203799567638975","-0.999957596396336"
"21","VNIR_Plant_Spectrum_X624.42","0.00593176420124273","0.00201593526487831","-0.999957596396336"
"21","VNIR_Plant_Spectrum_X625.56","0.00587743596371686","0.00199341099558668","-0.999957596396336"
"21","VNIR_Plant_Spectrum_X626.7","0.00587501045119968","0.00201717473266006","-0.999957596396336"
"21","VNIR_Plant_Spectrum_X627.84","0.00599676419693685","0.00204884324322864","-0.999957596396336"
"21","VNIR_Plant_Spectrum_X628.98","0.00584989483496976","0.00203645842837658","-0.999957596396336"
"21","VNIR_Plant_Spectrum_X630.12","0.00592462644223526","0.00202002974690423","-0.999957596396336"
"21","VNIR_Plant_Spectrum_X631.26","0.00556746868408629","0.00199891206286391","-0.999957596396336"
"21","VNIR_Plant_Spectrum_X632.41","0.0058909541233093","0.00196594096269095","-0.999957596396336"
"21","VNIR_Plant_Spectrum_X633.55","0.00589401330603224","0.00201107329200762","-0.999957596396336"
"21","VNIR_Plant_Spectrum_X634.69","0.00581355909135279","0.00200897726543332","-0.999957596396336"
"21","VNIR_Plant_Spectrum_X635.83","0.005900411652356","0.00198602171582121","-0.999957596396336"
"21","VNIR_Plant_Spectrum_X636.97","0.00581935753280301","0.00196600460757096","-0.999957596396336"
"21","VNIR_Plant_Spectrum_X638.11","0.00581926223859177","0.00194843317982389","-0.999957596396336"
"21","VNIR_Plant_Spectrum_X639.25","0.00558033203048742","0.00193549598487296","-0.999957596396336"
"21","VNIR_Plant_Spectrum_X640.39","0.00569192218376803","0.00190967806850583","-0.999957596396336"
"21","VNIR_Plant_Spectrum_X641.54","0.00548051600285953","0.00188570457486016","-0.999957596396336"
"21","VNIR_Plant_Spectrum_X642.68","0.00531593273214094","0.00189547376171461","-0.999957596396336"
"21","VNIR_Plant_Spectrum_X643.82","0.00524217425591883","0.00185730531747069","-0.999957596396336"
"21","VNIR_Plant_Spectrum_X644.96","0.00520423653498606","0.00182699762324033","-0.999957596396336"
"21","VNIR_Plant_Spectrum_X646.1","0.0048118276706365","0.00181670824696511","-0.999957596396336"
"21","VNIR_Plant_Spectrum_X647.24","0.00491908571851275","0.00181202254150825","-0.999957596396336"
"21","VNIR_Plant_Spectrum_X648.38","0.00488764485067679","0.00181350107632119","-0.999957596396336"
"21","VNIR_Plant_Spectrum_X649.52","0.00497728178460103","0.00178108496148455","-0.999957596396336"
"21","VNIR_Plant_Spectrum_X650.67","0.00463220405166076","0.00175000143105382","-0.999957596396336"
"21","VNIR_Plant_Spectrum_X651.81","0.00457903042436355","0.00176132749832735","-0.999957596396336"
"21","VNIR_Plant_Spectrum_X652.95","0.0049420633610863","0.00175214142422271","-0.999957596396336"
"21","VNIR_Plant_Spectrum_X654.09","0.00457000292807436","0.00171788893616022","-0.999957596396336"
"21","VNIR_Plant_Spectrum_X655.23","0.00470492818243423","0.00171595636607473","-0.999957596396336"
"21","VNIR_Plant_Spectrum_X656.37","0.0044497452507189","0.00168605420834001","-0.999957596396336"
"21","VNIR_Plant_Spectrum_X657.51","0.00432359174830344","0.00163383190473001","-0.999957596396336"
"21","VNIR_Plant_Spectrum_X658.65","0.00430875927802684","0.00164361523029087","-0.999957596396336"
"21","VNIR_Plant_Spectrum_X659.79","0.00432739086451566","0.00161257352133253","-0.999957596396336"
"21","VNIR_Plant_Spectrum_X660.94","0.00407661788697515","0.00160397300705226","-0.999957596396336"
"21","VNIR_Plant_Spectrum_X662.08","0.00415621417189345","0.00158284292094899","-0.999957596396336"
"21","VNIR_Plant_Spectrum_X663.22","0.00403358056153206","0.00157653637634136","-0.999957596396336"
"21","VNIR_Plant_Spectrum_X664.36","0.00388649837137239","0.00152172790268862","-0.999957596396336"
"21","VNIR_Plant_Spectrum_X665.5","0.00401476917328467","0.00151554360128357","-0.999957596396336"
"21","VNIR_Plant_Spectrum_X666.64","0.00379652208294069","0.0015179260167327","-0.999957596396336"
"21","VNIR_Plant_Spectrum_X667.78","0.00389437250187718","0.00148619513928085","-0.999957596396336"
"21","VNIR_Plant_Spectrum_X668.92","0.00380498673453709","0.00146233366946806","-0.999957596396336"
"21","VNIR_Plant_Spectrum_X670.07","0.00373350463843579","0.00147401978228697","-0.999957596396336"
"21","VNIR_Plant_Spectrum_X671.21","0.00367781722978586","0.00141071445317351","-0.999957596396336"
"21","VNIR_Plant_Spectrum_X672.35","0.00373084265738983","0.00140206133275116","-0.999957596396336"
"21","VNIR_Plant_Spectrum_X673.49","0.00377988291245391","0.0014533427235599","-0.999957596396336"
"21","VNIR_Plant_Spectrum_X674.63","0.00375740952667985","0.00141006448532539","-0.999957596396336"
"21","VNIR_Plant_Spectrum_X675.77","0.00366066319744164","0.00140365085331607","-0.999957596396336"
"21","VNIR_Plant_Spectrum_X676.91","0.00358119899484082","0.00140188909150751","-0.999957596396336"
"21","VNIR_Plant_Spectrum_X678.05","0.00353614759401972","0.00135993909096326","-0.999957596396336"
"21","VNIR_Plant_Spectrum_X679.2","0.00351919248653282","0.00139025086843127","-0.999957596396336"
"21","VNIR_Plant_Spectrum_X680.34","0.00368984869350865","0.0014069236186858","-0.999957596396336"
"21","VNIR_Plant_Spectrum_X681.48","0.00363418361017012","0.00136917378336856","-0.999957596396336"
"21","VNIR_Plant_Spectrum_X682.62","0.00372699380296939","0.00143956941491377","-0.999957596396336"
"21","VNIR_Plant_Spectrum_X683.76","0.00386658834524645","0.00144293795719689","-0.999957596396336"
"21","VNIR_Plant_Spectrum_X684.9","0.00397747594877634","0.00147095076472567","-0.999957596396336"
"21","VNIR_Plant_Spectrum_X686.04","0.00416847809462343","0.00151820376527735","-0.999957596396336"
"21","VNIR_Plant_Spectrum_X687.18","0.00429847743097682","0.00157574952841257","-0.999957596396336"
"21","VNIR_Plant_Spectrum_X688.33","0.00444849597715563","0.00161585361322263","-0.999957596396336"
"21","VNIR_Plant_Spectrum_X689.47","0.00509159306884038","0.00175139754179614","-0.999957596396336"
"21","VNIR_Plant_Spectrum_X690.61","0.0055245732540212","0.00186235947714364","-0.999957596396336"
"21","VNIR_Plant_Spectrum_X691.75","0.00591602662531119","0.00197969947234483","-0.999957596396336"
"21","VNIR_Plant_Spectrum_X692.89","0.00630996395987518","0.00211684858827599","-0.999957596396336"
"21","VNIR_Plant_Spectrum_X694.03","0.00648096790352692","0.00225069916385662","-0.999957596396336"
"21","VNIR_Plant_Spectrum_X695.17","0.00749623798560819","0.00244178202375061","-0.999957596396336"
"21","VNIR_Plant_Spectrum_X696.31","0.0078436104558845","0.00260257334857783","-0.999957596396336"
"21","VNIR_Plant_Spectrum_X697.45","0.00792772260259493","0.00270883370995169","-0.999957596396336"
"21","VNIR_Plant_Spectrum_X698.6","0.00871245332600608","0.00291205296995138","-0.999957596396336"
"21","VNIR_Plant_Spectrum_X699.74","0.00869648850750763","0.00300050226524519","-0.999957596396336"
"21","VNIR_Plant_Spectrum_X700.88","0.00928111648365069","0.00324747901756594","-0.999957596396336"
"21","VNIR_Plant_Spectrum_X702.02","0.00974335794797414","0.00341553756113078","-0.999957596396336"
"21","VNIR_Plant_Spectrum_X703.16","0.0100762228032692","0.00354830854590975","-0.999957596396336"
"21","VNIR_Plant_Spectrum_X704.3","0.0099357016279026","0.00362821727363021","-0.999957596396336"
"21","VNIR_Plant_Spectrum_X705.44","0.0105831010378467","0.00378098079720421","-0.999957596396336"
"21","VNIR_Plant_Spectrum_X706.58","0.0111767813078692","0.00390568744727893","-0.999957596396336"
"21","VNIR_Plant_Spectrum_X707.73","0.0111552341435733","0.00402863805176868","-0.999957596396336"
"21","VNIR_Plant_Spectrum_X708.87","0.0112550412310005","0.0042072762594575","-0.999957596396336"
"21","VNIR_Plant_Spectrum_X710","0.0117962652733729","0.00432575313488718","-0.999957596396336"
"21","VNIR_Plant_Spectrum_X711.15","0.0121346956921906","0.00443211638732761","-0.999957596396336"
"21","VNIR_Plant_Spectrum_X712.29","0.0123952867794035","0.00450321896889456","-0.999957596396336"
"21","VNIR_Plant_Spectrum_X713.43","0.0122639227883986","0.00464623768796536","-0.999957596396336"
"21","VNIR_Plant_Spectrum_X714.57","0.0126832381989156","0.00483493802370923","-0.999957596396336"
"21","VNIR_Plant_Spectrum_X715.71","0.0134433360175451","0.00494136664616526","-0.999957596396336"
"21","VNIR_Plant_Spectrum_X716.86","0.0133672329590411","0.00510516834224997","-0.999957596396336"
"21","VNIR_Plant_Spectrum_X718","0.0131313684233694","0.00518225025659385","-0.999957596396336"
"21","VNIR_Plant_Spectrum_X719.14","0.0136296904997206","0.00528782215482276","-0.999957596396336"
"21","VNIR_Plant_Spectrum_X720.28","0.0134852992099337","0.00534354366372746","-0.999957596396336"
"21","VNIR_Plant_Spectrum_X721.42","0.0139852502618031","0.00548722806858159","-0.999957596396336"
"21","VNIR_Plant_Spectrum_X722.56","0.0142379763042961","0.00557683437126846","-0.999957596396336"
"21","VNIR_Plant_Spectrum_X723.7","0.0146020484668967","0.00576921719104449","-0.999957596396336"
"21","VNIR_Plant_Spectrum_X724.84","0.0146535246291499","0.00590771118764914","-0.999957596396336"
"21","VNIR_Plant_Spectrum_X725.98","0.0146737143327942","0.00596718159848627","-0.999957596396336"
"21","VNIR_Plant_Spectrum_X727.13","0.0150619726246321","0.00607857150812941","-0.999957596396336"
"21","VNIR_Plant_Spectrum_X728.27","0.0147436170757119","0.00610711243377901","-0.999957596396336"
"21","VNIR_Plant_Spectrum_X729.41","0.0148534530225557","0.00618218738309212","-0.999957596396336"
"21","VNIR_Plant_Spectrum_X730.55","0.0152281602189503","0.00622711549058413","-0.999957596396336"
"21","VNIR_Plant_Spectrum_X731.69","0.0151125385780322","0.00633353036754156","-0.999957596396336"
"21","VNIR_Plant_Spectrum_X732.83","0.0153355712479209","0.00633979955514539","-0.999957596396336"
"21","VNIR_Plant_Spectrum_X733.97","0.0160019678827415","0.00653933237316463","-0.999957596396336"
"21","VNIR_Plant_Spectrum_X735.11","0.0158900744088675","0.0064842697153581","-0.999957596396336"
"21","VNIR_Plant_Spectrum_X736.25","0.0157193248718081","0.00660207355507909","-0.999957596396336"
"21","VNIR_Plant_Spectrum_X737.4","0.0155190603132049","0.00666026541220255","-0.999957596396336"
"21","VNIR_Plant_Spectrum_X738.54","0.0158435348218931","0.00662365144916577","-0.999957596396336"
"21","VNIR_Plant_Spectrum_X739.68","0.0159951512115357","0.00671924071628464","-0.999957596396336"
"21","VNIR_Plant_Spectrum_X740.82","0.0158661746655958","0.00674429673570947","-0.999957596396336"
"21","VNIR_Plant_Spectrum_X741.96","0.0166004867443275","0.00679703568447744","-0.999957596396336"
"21","VNIR_Plant_Spectrum_X743.1","0.0157686241014466","0.00673068924808359","-0.999957596396336"
"21","VNIR_Plant_Spectrum_X744.24","0.0159465120506969","0.00689337319534859","-0.999957596396336"
"21","VNIR_Plant_Spectrum_X745.39","0.0163117646600801","0.00694307418621637","-0.999957596396336"
"21","VNIR_Plant_Spectrum_X746.53","0.0161342577486798","0.00685926210078513","-0.999957596396336"
"21","VNIR_Plant_Spectrum_X747.67","0.0157181219016551","0.00679716078264259","-0.999957596396336"
"21","VNIR_Plant_Spectrum_X748.81","0.0160913993595837","0.0068002472559223","-0.999957596396336"
"21","VNIR_Plant_Spectrum_X749.95","0.0162350742833421","0.00683227638907377","-0.999957596396336"
"21","VNIR_Plant_Spectrum_X751.09","0.0161815540701248","0.00676173166117053","-0.999957596396336"
"21","VNIR_Plant_Spectrum_X752.23","0.0162061565481963","0.0067857483704205","-0.999957596396336"
"21","VNIR_Plant_Spectrum_X753.37","0.015781405554215","0.00675181317121395","-0.999957596396336"
"21","VNIR_Plant_Spectrum_X754.52","0.016397298427652","0.00678795575013223","-0.999957596396336"
"21","VNIR_Plant_Spectrum_X755.66","0.0165255908923631","0.00678666572797197","-0.999957596396336"
"21","VNIR_Plant_Spectrum_X756.8","0.0163481527896558","0.00685970569417122","-0.999957596396336"
"21","VNIR_Plant_Spectrum_X757.94","0.0163683752661549","0.00679692968799805","-0.999957596396336"
"21","VNIR_Plant_Spectrum_X759.08","0.0165329582413359","0.00687327109733701","-0.999957596396336"
"21","VNIR_Plant_Spectrum_X760.22","0.0159666537127354","0.00671654690509569","-0.999957596396336"
"21","VNIR_Plant_Spectrum_X761.36","0.0167348643664136","0.00677659695536573","-0.999957596396336"
"21","VNIR_Plant_Spectrum_X762.5","0.0165903279650099","0.00674460686993225","-0.999957596396336"
"21","VNIR_Plant_Spectrum_X763.64","0.016398841385487","0.00674320536902801","-0.999957596396336"
"21","VNIR_Plant_Spectrum_X764.79","0.0164140204337539","0.0066651076683683","-0.999957596396336"
"21","VNIR_Plant_Spectrum_X765.93","0.0165541355293094","0.006588872190532","-0.999957596396336"
"21","VNIR_Plant_Spectrum_X767.07","0.016474750548425","0.00667100578653854","-0.999957596396336"
"21","VNIR_Plant_Spectrum_X768.21","0.0158669604559754","0.00650961332904735","-0.999957596396336"
"21","VNIR_Plant_Spectrum_X769.35","0.0165327723613359","0.00667826362438359","-0.999957596396336"
"21","VNIR_Plant_Spectrum_X770.49","0.0163429773717585","0.00653502090495631","-0.999957596396336"
"21","VNIR_Plant_Spectrum_X771.63","0.0172940077049502","0.00656444471478485","-0.999957596396336"
"21","VNIR_Plant_Spectrum_X772.77","0.0161081359337141","0.00647603163589924","-0.999957596396336"
"21","VNIR_Plant_Spectrum_X773.92","0.0169753561807219","0.00660216176856751","-0.999957596396336"
"21","VNIR_Plant_Spectrum_X775.06","0.017536389901724","0.00662055005690114","-0.999957596396336"
"21","VNIR_Plant_Spectrum_X776.2","0.0165244891867655","0.00651693345585912","-0.999957596396336"
"21","VNIR_Plant_Spectrum_X777.34","0.0163413162912193","0.00644225969516798","-0.999957596396336"
"21","VNIR_Plant_Spectrum_X778.48","0.0165164000027181","0.00641281204648533","-0.999957596396336"
"21","VNIR_Plant_Spectrum_X779.62","0.0165790706806397","0.00647675914979429","-0.999957596396336"
"21","VNIR_Plant_Spectrum_X780.76","0.0168915964127429","0.00646532926000422","-0.999957596396336"
"21","VNIR_Plant_Spectrum_X781.9","0.0164364734835319","0.00636946831428937","-0.999957596396336"
"21","VNIR_Plant_Spectrum_X783.05","0.0166434927051784","0.00631314313544902","-0.999957596396336"
"21","VNIR_Plant_Spectrum_X784.19","0.0161128279805267","0.00633485525906107","-0.999957596396336"
"21","VNIR_Plant_Spectrum_X785.33","0.0162299385864601","0.00620072086754986","-0.999957596396336"
"21","VNIR_Plant_Spectrum_X786.47","0.0161978013333695","0.00623643527690613","-0.999957596396336"
"21","VNIR_Plant_Spectrum_X787.61","0.0164530768123949","0.00620249903055358","-0.999957596396336"
"21","VNIR_Plant_Spectrum_X788.75","0.016411648478148","0.00627170514479485","-0.999957596396336"
"21","VNIR_Plant_Spectrum_X789.89","0.0158865685869965","0.00620987764046595","-0.999957596396336"
"21","VNIR_Plant_Spectrum_X791.03","0.0164393662571592","0.00623592592727631","-0.999957596396336"
"21","VNIR_Plant_Spectrum_X792.17","0.0158888705842564","0.00606406723311579","-0.999957596396336"
"21","VNIR_Plant_Spectrum_X793.32","0.016749968685081","0.00623563644420902","-0.999957596396336"
"21","VNIR_Plant_Spectrum_X794.46","0.0159868515663604","0.00603150988783289","-0.999957596396336"
"21","VNIR_Plant_Spectrum_X795.6","0.0161613965046102","0.00615453774526152","-0.999957596396336"
"21","VNIR_Plant_Spectrum_X796.74","0.0163125447878715","0.00610542761389483","-0.999957596396336"
"21","VNIR_Plant_Spectrum_X797.88","0.0160821405361883","0.0060907044457235","-0.999957596396336"
"21","VNIR_Plant_Spectrum_X799.02","0.015696712041423","0.00604342767882511","-0.999957596396336"
"21","VNIR_Plant_Spectrum_X800.16","0.0156629562980304","0.00599499317359341","-0.999957596396336"
"21","VNIR_Plant_Spectrum_X801.3","0.016397053584717","0.00609208521613408","-0.999957596396336"
"21","VNIR_Plant_Spectrum_X802.45","0.0159382370173137","0.00600151563263963","-0.999957596396336"
"21","VNIR_Plant_Spectrum_X803.59","0.0157381829614027","0.00593431219258536","-0.999957596396336"
"21","VNIR_Plant_Spectrum_X804.73","0.0157639684256735","0.00590858401170453","-0.999957596396336"
"21","VNIR_Plant_Spectrum_X805.87","0.0150466431048717","0.00578611501726907","-0.999957596396336"
"21","VNIR_Plant_Spectrum_X807.01","0.0156198101517627","0.00589964673102977","-0.999957596396336"
"21","VNIR_Plant_Spectrum_X808.15","0.0161700826565852","0.00598866426722958","-0.999957596396336"
"21","VNIR_Plant_Spectrum_X809.29","0.0156388459428775","0.00574592960777841","-0.999957596396336"
"21","VNIR_Plant_Spectrum_X810.43","0.0152708188263034","0.0057616315576582","-0.999957596396336"
"21","VNIR_Plant_Spectrum_X811.58","0.015553074092549","0.00572662230769638","-0.999957596396336"
"21","VNIR_Plant_Spectrum_X812.72","0.0152393877208573","0.00571603243524526","-0.999957596396336"
"21","VNIR_Plant_Spectrum_X813.86","0.0154832484676427","0.00568930995469046","-0.999957596396336"
"21","VNIR_Plant_Spectrum_X815","0.01519173987016","0.00569386533515917","-0.999957596396336"
"21","VNIR_Plant_Spectrum_X816.14","0.0153148006657411","0.00571150007043831","-0.999957596396336"
"21","VNIR_Plant_Spectrum_X817.28","0.0160698676980008","0.00575413685368007","-0.999957596396336"
"21","VNIR_Plant_Spectrum_X818.42","0.0155412960030915","0.00569196917936055","-0.999957596396336"
"21","VNIR_Plant_Spectrum_X819.56","0.0158216459434226","0.0057683221241006","-0.999957596396336"
"21","VNIR_Plant_Spectrum_X820.71","0.0149660845705346","0.00561065922297742","-0.999957596396336"
"21","VNIR_Plant_Spectrum_X821.85","0.0151290780813276","0.00563540749713836","-0.999957596396336"
"21","VNIR_Plant_Spectrum_X822.99","0.015252921995632","0.00564281170295494","-0.999957596396336"
"21","VNIR_Plant_Spectrum_X824.13","0.0153545101671526","0.00564050158635438","-0.999957596396336"
"21","VNIR_Plant_Spectrum_X825.27","0.0163404886738554","0.00568785972168159","-0.999957596396336"
"21","VNIR_Plant_Spectrum_X826.41","0.015133985542805","0.00570001163769918","-0.999957596396336"
"21","VNIR_Plant_Spectrum_X827.55","0.0152241272229227","0.00575104772841809","-0.999957596396336"
"21","VNIR_Plant_Spectrum_X828.69","0.015063497565372","0.00562221093220692","-0.999957596396336"
"21","VNIR_Plant_Spectrum_X829.83","0.0144799368750498","0.00545621939515857","-0.999957596396336"
"21","VNIR_Plant_Spectrum_X830.98","0.0147246089816085","0.00562309381311946","-0.999957596396336"
"21","VNIR_Plant_Spectrum_X832.12","0.0150071896316633","0.0054422497629523","-0.999957596396336"
"21","VNIR_Plant_Spectrum_X833.25","0.0152280618723232","0.00560932550007675","-0.999957596396336"
"21","VNIR_Plant_Spectrum_X834.4","0.0145116466893414","0.00554839149053954","-0.999957596396336"
"21","VNIR_Plant_Spectrum_X835.54","0.01484511451908","0.0054697361970506","-0.999957596396336"
"21","VNIR_Plant_Spectrum_X836.68","0.0151855700230477","0.00555959593622596","-0.999957596396336"
"21","VNIR_Plant_Spectrum_X837.82","0.0147048812527967","0.00553965768585137","-0.999957596396336"
"21","VNIR_Plant_Spectrum_X838.96","0.0150777529656015","0.00542465695013984","-0.999957596396336"
"21","VNIR_Plant_Spectrum_X840.11","0.0150085204203446","0.00536053741241364","-0.999957596396336"
"21","VNIR_Plant_Spectrum_X841.25","0.0150220545759533","0.00538606321281815","-0.999957596396336"
"21","VNIR_Plant_Spectrum_X842.39","0.013903143800435","0.00540957010324833","-0.999957596396336"
"21","VNIR_Plant_Spectrum_X843.53","0.0150122289321156","0.00551090557671982","-0.999957596396336"
"21","VNIR_Plant_Spectrum_X844.67","0.0153246485621164","0.00537093152042326","-0.999957596396336"
"21","VNIR_Plant_Spectrum_X845.81","0.0159730344380238","0.00549973481527176","-0.999957596396336"
"21","VNIR_Plant_Spectrum_X846.95","0.0147390737335739","0.00527951854360287","-0.999957596396336"
"21","VNIR_Plant_Spectrum_X848.09","0.0143933852805867","0.00522831718743643","-0.999957596396336"
"21","VNIR_Plant_Spectrum_X849.24","0.0147665316224554","0.00529371534917624","-0.999957596396336"
"21","VNIR_Plant_Spectrum_X850.38","0.0142089287387954","0.00529667848128946","-0.999957596396336"
"21","VNIR_Plant_Spectrum_X851.52","0.0142823900162452","0.00532300986458238","-0.999957596396336"
"21","VNIR_Plant_Spectrum_X852.66","0.0153840328813499","0.00542184087060894","-0.999957596396336"
"21","VNIR_Plant_Spectrum_X853.8","0.015885503658706","0.00550282991041372","-0.999957596396336"
"21","VNIR_Plant_Spectrum_X854.94","0.014259991610617","0.00511912860250398","-0.999957596396336"
"21","VNIR_Plant_Spectrum_X856.08","0.0145808362540639","0.00540105458997813","-0.999957596396336"
"21","VNIR_Plant_Spectrum_X857.22","0.0145937089938417","0.00523959338178888","-0.999957596396336"
"21","VNIR_Plant_Spectrum_X858.36","0.0144802736072816","0.00528800117176023","-0.999957596396336"
"21","VNIR_Plant_Spectrum_X859.5","0.014111891163813","0.00518896119079789","-0.999957596396336"
"21","VNIR_Plant_Spectrum_X860.65","0.0140998047232214","0.00509669812637073","-0.999957596396336"
"21","VNIR_Plant_Spectrum_X861.79","0.0151572057684507","0.00522847314026228","-0.999957596396336"
"21","VNIR_Plant_Spectrum_X862.93","0.0150245269371485","0.00526806083708455","-0.999957596396336"
"21","VNIR_Plant_Spectrum_X864.07","0.0131901640075776","0.00503783638797678","-0.999957596396336"
"21","VNIR_Plant_Spectrum_X865.21","0.0146678441926553","0.00537813743209438","-0.999957596396336"
"21","VNIR_Plant_Spectrum_X866.35","0.0140078415594481","0.00519949811437866","-0.999957596396336"
"21","VNIR_Plant_Spectrum_X867.49","0.0137200887002758","0.00519023577287651","-0.999957596396336"
"21","VNIR_Plant_Spectrum_X868.64","0.0158350518251963","0.00541668525721077","-0.999957596396336"
"21","VNIR_Plant_Spectrum_X869.78","0.0140214943167439","0.00518907912355162","-0.999957596396336"
"21","VNIR_Plant_Spectrum_X870.92","0.0140705596341816","0.00512182497055795","-0.999957596396336"
"21","VNIR_Plant_Spectrum_X872.06","0.0144458090441406","0.00503850290683685","-0.999957596396336"
"21","VNIR_Plant_Spectrum_X873.2","0.0141831770814517","0.00514452962620726","-0.999957596396336"
"21","VNIR_Plant_Spectrum_X874.34","0.0147395545470815","0.00511819388159551","-0.999957596396336"
"21","VNIR_Plant_Spectrum_X875.48","0.0147780135619994","0.00514806235241499","-0.999957596396336"
"21","VNIR_Plant_Spectrum_X876.62","0.0148928492308982","0.00532578282202894","-0.999957596396336"
"21","VNIR_Plant_Spectrum_X877.77","0.0140351469803201","0.00501599455974332","-0.999957596396336"
"21","VNIR_Plant_Spectrum_X878.91","0.0143225580390004","0.00518829726393936","-0.999957596396336"
"21","VNIR_Plant_Spectrum_X880.05","0.0147363439887665","0.00508418954020665","-0.999957596396336"
"21","VNIR_Plant_Spectrum_X881.19","0.0148341818658282","0.00509055764993155","-0.999957596396336"
"21","VNIR_Plant_Spectrum_X882.33","0.0146988056465553","0.00528499450372615","-0.999957596396336"
"21","VNIR_Plant_Spectrum_X883.47","0.014920615635264","0.00522583031605487","-0.999957596396336"
"21","VNIR_Plant_Spectrum_X884.61","0.0140672325350642","0.00510346964968867","-0.999957596396336"
"21","VNIR_Plant_Spectrum_X885.75","0.01430903266264","0.00501746115733968","-0.999957596396336"
"21","VNIR_Plant_Spectrum_X886.9","0.0144774337270653","0.00503608529752927","-0.999957596396336"
"21","VNIR_Plant_Spectrum_X888.04","0.0144768372779347","0.00506938181910066","-0.999957596396336"
"21","VNIR_Plant_Spectrum_X889.18","0.013396861688519","0.00496284104436498","-0.999957596396336"
"21","VNIR_Plant_Spectrum_X890.32","0.0139795760862668","0.00512936741659359","-0.999957596396336"
"21","VNIR_Plant_Spectrum_X891.46","0.0148761584988751","0.00517101960700093","-0.999957596396336"
"21","VNIR_Plant_Spectrum_X892.6","0.0138199743980068","0.00491282786928822","-0.999957596396336"
"21","VNIR_Plant_Spectrum_X893.74","0.0138898225864053","0.00510008343131439","-0.999957596396336"
"21","VNIR_Plant_Spectrum_X894.88","0.0145263462612879","0.00503089012465304","-0.999957596396336"
"21","VNIR_Plant_Spectrum_X896.02","0.0142859798693184","0.00497605876896221","-0.999957596396336"
"21","VNIR_Plant_Spectrum_X897.17","0.0142779273638055","0.00523152223835913","-0.999957596396336"
"21","VNIR_Plant_Spectrum_X898.31","0.0136805241721479","0.00483280799892888","-0.999957596396336"
"28","VNIR_Plant_Spectrum_X351.44","3.83837412975739e-11","1.34715516244998e-11","1.240859319535"
"28","VNIR_Plant_Spectrum_X352.58","0.00693790692893016","0.00241561696199537","-0.999957596396336"
"28","VNIR_Plant_Spectrum_X353.72","0","0","1.9999576112975"
"28","VNIR_Plant_Spectrum_X354.86","0.0116090755665549","0.00422892947817819","-0.999957596396336"
"28","VNIR_Plant_Spectrum_X356","0.0093265073689455","0.00250123979336257","-0.999957596396336"
"28","VNIR_Plant_Spectrum_X357.15","0.00222141297631862","0.000832780924965637","-0.999957596396336"
"28","VNIR_Plant_Spectrum_X358.29","0.00284187334203635","0.00104937555165438","1.9999576112975"
"28","VNIR_Plant_Spectrum_X359.43","0.000357785276443707","0.000148015365694958","-0.999957596396336"
"28","VNIR_Plant_Spectrum_X360.57","0.011095135769117","0.00443877135720104","-0.999957596396336"
"28","VNIR_Plant_Spectrum_X361.72","0","0","1.9999576112975"
"28","VNIR_Plant_Spectrum_X362.86","0.00247259669368824","0.000864898137290846","-0.999957596396336"
"28","VNIR_Plant_Spectrum_X364","0.0044887347271114","0.00127030491568709","-0.999957596396336"
"28","VNIR_Plant_Spectrum_X365.14","0","0","1.9999576112975"
"28","VNIR_Plant_Spectrum_X366.29","0.00678756582942326","0.0024630421836338","-0.999957596396336"
"28","VNIR_Plant_Spectrum_X367.43","0.00655278807123767","0.00208293431510475","-0.999957596396336"
"28","VNIR_Plant_Spectrum_X368.57","0.0035529782825683","0.00124276993393954","-0.999957596396336"
"28","VNIR_Plant_Spectrum_X369.71","0.0067420130036678","0.00254694105899985","-0.999957596396336"
"28","VNIR_Plant_Spectrum_X370.86","0.0242834477953553","0.0085608122086314","-0.999957596396336"
"28","VNIR_Plant_Spectrum_X372","0.00332861301111872","0.00126150517649702","-0.999957596396336"
"28","VNIR_Plant_Spectrum_X373.14","0.005579909180251","0.00165061580918906","-0.999957596396336"
"28","VNIR_Plant_Spectrum_X374.28","0.0022378540566148","0.000856142070807057","-0.999957596396336"
"28","VNIR_Plant_Spectrum_X375.43","8.42871003029446e-15","2.5438876347126e-15","0.98657688122555"
"28","VNIR_Plant_Spectrum_X376.57","0.00125040049253131","0.000444671925881553","-0.999957596396336"
"28","VNIR_Plant_Spectrum_X377.71","0.00657261212323941","0.00167531746049113","1.9999576112975"
"28","VNIR_Plant_Spectrum_X378.85","0.00480677524592397","0.00143742960058489","-0.999957596396336"
"28","VNIR_Plant_Spectrum_X380","0.00172668870545458","0.000643466273087888","-0.999957596396336"
"28","VNIR_Plant_Spectrum_X381.14","0.00254287371425615","0.00111111417467518","-0.999957596396336"
"28","VNIR_Plant_Spectrum_X382.28","0","0","1.9999576112975"
"28","VNIR_Plant_Spectrum_X383.42","0.00104779985226841","0.000425696324628643","-0.999957596396336"
"28","VNIR_Plant_Spectrum_X384.57","0.00307050222528713","0.00107418762720048","-0.999957596396336"
"28","VNIR_Plant_Spectrum_X385.71","0.00103073296351534","0.000431159792575751","-0.999957596396336"
"28","VNIR_Plant_Spectrum_X386.85","0.0020356297156007","0.000652723870922631","-0.999957596396336"
"28","VNIR_Plant_Spectrum_X387.99","0.00452769710625507","0.00109759228656227","-0.999957596396336"
"28","VNIR_Plant_Spectrum_X389.14","0","0","1.9999576112975"
"28","VNIR_Plant_Spectrum_X390.28","0.000152020130312354","5.04046333268602e-05","-0.999957596396336"
"28","VNIR_Plant_Spectrum_X391.42","0.00127114408422175","0.000405115085475292","1.9999576112975"
"28","VNIR_Plant_Spectrum_X392.56","0.00394487795449422","0.00112517445179381","-0.991540035774092"
"28","VNIR_Plant_Spectrum_X393.71","0.0014916305047373","0.000418980871056877","1.9999576112975"
"28","VNIR_Plant_Spectrum_X394.85","0","0","1.9999576112975"
"28","VNIR_Plant_Spectrum_X395.99","0.00280662660289197","0.000665224933630349","1.9999576112975"
"28","VNIR_Plant_Spectrum_X397.13","0.00124390321790117","0.00033830061396998","1.9999576112975"
"28","VNIR_Plant_Spectrum_X398.28","0.004518495342737","0.00153038457754845","-0.999957596396336"
"28","VNIR_Plant_Spectrum_X399.42","0.00082102506765942","0.000299729163091638","-0.999957596396336"
"28","VNIR_Plant_Spectrum_X400.56","0.00192960931810729","0.000647080607355188","-0.999957596396336"
"28","VNIR_Plant_Spectrum_X401.7","0.00150370083034804","0.000503004438679565","-0.999957596396336"
"28","VNIR_Plant_Spectrum_X402.85","0.000319915267468998","9.66602127913641e-05","-0.999957596396336"
"28","VNIR_Plant_Spectrum_X403.99","0.00359851391217593","0.00118038600505923","-0.999957596396336"
"28","VNIR_Plant_Spectrum_X405.13","0.00353840463905621","0.000885738407143208","-0.999957596396336"
"28","VNIR_Plant_Spectrum_X406.27","0.00281807607644458","0.000925057054461303","-0.999957596396336"
"28","VNIR_Plant_Spectrum_X407.41","0.00239123771735221","0.000756604587385688","1.9999576112975"
"28","VNIR_Plant_Spectrum_X408.55","0.00301266958892372","0.00104990700103829","-0.999957596396336"
"28","VNIR_Plant_Spectrum_X409.7","0.00101147416307653","0.000316139271440516","-0.999957596396336"
"28","VNIR_Plant_Spectrum_X410.84","0.00253874330607524","0.000943904161339454","-0.999957596396336"
"28","VNIR_Plant_Spectrum_X411.98","0.00307934946521407","0.00103347036770352","-0.999957596396336"
"28","VNIR_Plant_Spectrum_X413.12","0.00209681647277498","0.000618369994069386","-0.999957596396336"
"28","VNIR_Plant_Spectrum_X414.26","0.00431829972174847","0.0015942659475359","-0.999957596396336"
"28","VNIR_Plant_Spectrum_X415.4","0.00427566445686654","0.00117266030086452","-0.999957596396336"
"28","VNIR_Plant_Spectrum_X416.54","0.00506393564135888","0.00174548101623895","-0.999957596396336"
"28","VNIR_Plant_Spectrum_X417.68","0.00624880550117641","0.0018658592437979","-0.999957596396336"
"28","VNIR_Plant_Spectrum_X418.83","0.00536812902335017","0.00155282868631293","-0.999957596396336"
"28","VNIR_Plant_Spectrum_X419.97","0.00621976728575664","0.00181390521105103","-0.999957596396336"
"28","VNIR_Plant_Spectrum_X421.11","0.00586242879827016","0.00187657173811595","-0.999957596396336"
"28","VNIR_Plant_Spectrum_X422.25","0.00638350449084244","0.00243067409849686","-0.999957596396336"
"28","VNIR_Plant_Spectrum_X423.39","0.00645684841765689","0.00200255762128129","-0.999957596396336"
"28","VNIR_Plant_Spectrum_X424.53","0.00662336017207573","0.00220302667984879","-0.999957596396336"
"28","VNIR_Plant_Spectrum_X425.67","0.00592657096571174","0.00184694475982755","-0.999957596396336"
"28","VNIR_Plant_Spectrum_X426.81","0.00849872764107706","0.00256163010416963","-0.999957596396336"
"28","VNIR_Plant_Spectrum_X427.96","0.00718397984403497","0.00221417467157176","-0.999957596396336"
"28","VNIR_Plant_Spectrum_X429.1","0.00773825537726601","0.00271108708593905","-0.999957596396336"
"28","VNIR_Plant_Spectrum_X430.24","0.00722435005394388","0.00241263594472282","-0.999957596396336"
"28","VNIR_Plant_Spectrum_X431.38","0.0073583866956111","0.00246774769466103","-0.999957596396336"
"28","VNIR_Plant_Spectrum_X432.52","0.00792647028159042","0.00243796442684819","-0.999957596396336"
"28","VNIR_Plant_Spectrum_X433.66","0.00811500005946482","0.0026899644560338","-0.999957596396336"
"28","VNIR_Plant_Spectrum_X434.8","0.00792340339937866","0.00272965986477137","-0.999957596396336"
"28","VNIR_Plant_Spectrum_X435.94","0.00812338633889582","0.00252873631680623","-0.999957596396336"
"28","VNIR_Plant_Spectrum_X437.09","0.00834395392816328","0.00265887121484434","-0.999957596396336"
"28","VNIR_Plant_Spectrum_X438.23","0.00822108949872538","0.00290907279228242","-0.999957596396336"
"28","VNIR_Plant_Spectrum_X439.37","0.00886801711909709","0.00292670057296923","-0.999957596396336"
"28","VNIR_Plant_Spectrum_X440.52","0.00785659350557954","0.00258829985336019","-0.999957596396336"
"28","VNIR_Plant_Spectrum_X441.66","0.00773560427979724","0.00258806211551258","-0.999957596396336"
"28","VNIR_Plant_Spectrum_X442.8","0.00946140710356014","0.00294225585668307","-0.999957596396336"
"28","VNIR_Plant_Spectrum_X443.95","0.00967276151429921","0.00317078986661644","-0.999957596396336"
"28","VNIR_Plant_Spectrum_X445.09","0.00943265922565272","0.00297309157097116","-0.999957596396336"
"28","VNIR_Plant_Spectrum_X446.23","0.00944537263366887","0.00289266949243657","-0.999957596396336"
"28","VNIR_Plant_Spectrum_X447.37","0.00970767848636968","0.00307427580333326","-0.999957596396336"
"28","VNIR_Plant_Spectrum_X448.52","0.00946955987529005","0.00319108582960632","-0.999957596396336"
"28","VNIR_Plant_Spectrum_X449.66","0.00841256970651067","0.00264428223928099","-0.999957596396336"
"28","VNIR_Plant_Spectrum_X450.8","0.00875476192900217","0.00305558346203009","-0.999957596396336"
"28","VNIR_Plant_Spectrum_X451.95","0.00895297331397221","0.00312190012127807","-0.999957596396336"
"28","VNIR_Plant_Spectrum_X453.09","0.00973588849861403","0.00334253113056213","-0.999957596396336"
"28","VNIR_Plant_Spectrum_X454.23","0.00960905125993792","0.00312556730015088","-0.999957596396336"
"28","VNIR_Plant_Spectrum_X455.38","0.0099730946629738","0.00332432832140631","-0.999957596396336"
"28","VNIR_Plant_Spectrum_X456.52","0.00937661687035777","0.0031460165707285","-0.999957596396336"
"28","VNIR_Plant_Spectrum_X457.66","0.00871874959403933","0.00302028738750542","-0.999957596396336"
"28","VNIR_Plant_Spectrum_X458.8","0.00995515485755739","0.00328392123410945","-0.999957596396336"
"28","VNIR_Plant_Spectrum_X459.95","0.0100402858957474","0.00328154577352764","-0.999957596396336"
"28","VNIR_Plant_Spectrum_X461.09","0.00960725244906344","0.00314674048755708","-0.999957596396336"
"28","VNIR_Plant_Spectrum_X462.23","0.00938510597895754","0.0032387781452542","-0.999957596396336"
"28","VNIR_Plant_Spectrum_X463.38","0.00952761743753465","0.00318827013488745","-0.999957596396336"
"28","VNIR_Plant_Spectrum_X464.52","0.00946396982840281","0.00328709251025975","-0.999957596396336"
"28","VNIR_Plant_Spectrum_X465.66","0.00978461835509143","0.00327733860054383","-0.999957596396336"
"28","VNIR_Plant_Spectrum_X466.81","0.00943207125256807","0.0031402222648566","-0.999957596396336"
"28","VNIR_Plant_Spectrum_X467.95","0.0092896460446214","0.00314090269148286","-0.999957596396336"
"28","VNIR_Plant_Spectrum_X469.09","0.00941775269204565","0.00319083440225892","-0.999957596396336"
"28","VNIR_Plant_Spectrum_X470.23","0.0091553765785022","0.00314078396566585","-0.999957596396336"
"28","VNIR_Plant_Spectrum_X471.38","0.0092680754616573","0.00314682316663938","-0.999957596396336"
"28","VNIR_Plant_Spectrum_X472.52","0.00900247209861557","0.00316996619028595","-0.999957596396336"
"28","VNIR_Plant_Spectrum_X473.66","0.00921426226253392","0.00315579115131915","-0.999957596396336"
"28","VNIR_Plant_Spectrum_X474.81","0.00919246707287958","0.00318517532317841","-0.999957596396336"
"28","VNIR_Plant_Spectrum_X475.95","0.00910798020032631","0.00314591979284298","-0.999957596396336"
"28","VNIR_Plant_Spectrum_X477.09","0.00943762000919466","0.00320430461250803","-0.999957596396336"
"28","VNIR_Plant_Spectrum_X478.24","0.00939693368975904","0.00334115823858509","-0.999957596396336"
"28","VNIR_Plant_Spectrum_X479.38","0.0093538948125846","0.00317002279861714","-0.999957596396336"
"28","VNIR_Plant_Spectrum_X480.52","0.00933886344636825","0.00326522442616106","-0.999957596396336"
"28","VNIR_Plant_Spectrum_X481.66","0.00950610959788851","0.00322225221546378","-0.999957596396336"
"28","VNIR_Plant_Spectrum_X482.81","0.00955681899633901","0.00329640744939141","-0.999957596396336"
"28","VNIR_Plant_Spectrum_X483.95","0.00945071732517641","0.00325797033137371","-0.999957596396336"
"28","VNIR_Plant_Spectrum_X485.09","0.00914555689329508","0.00318427837870507","-0.999957596396336"
"28","VNIR_Plant_Spectrum_X486.24","0.00919791725598325","0.00317670803082727","-0.999957596396336"
"28","VNIR_Plant_Spectrum_X487.38","0.00929357100879545","0.00317834706038832","-0.999957596396336"
"28","VNIR_Plant_Spectrum_X488.52","0.00927134360068157","0.00321855213647036","-0.999957596396336"
"28","VNIR_Plant_Spectrum_X489.67","0.00900714404880025","0.00314634232135353","-0.999957596396336"
"28","VNIR_Plant_Spectrum_X490.81","0.00901490058478256","0.00312141537942855","-0.999957596396336"
"28","VNIR_Plant_Spectrum_X491.95","0.00893389134307966","0.00304565397405971","-0.999957596396336"
"28","VNIR_Plant_Spectrum_X493.09","0.00873788319235148","0.00306613568947195","-0.999957596396336"
"28","VNIR_Plant_Spectrum_X494.24","0.00890802574094906","0.00309098111999875","-0.999957596396336"
"28","VNIR_Plant_Spectrum_X495.38","0.00903269633794987","0.00317600343881117","-0.999957596396336"
"28","VNIR_Plant_Spectrum_X496.52","0.00907481727641294","0.00314232920460031","-0.999957596396336"
"28","VNIR_Plant_Spectrum_X497.67","0.00913940745494195","0.00312813641762973","-0.999957596396336"
"28","VNIR_Plant_Spectrum_X498.81","0.00916446442148834","0.00314466761844173","-0.999957596396336"
"28","VNIR_Plant_Spectrum_X499.95","0.00970199882151474","0.00329047848011902","-0.999957596396336"
"28","VNIR_Plant_Spectrum_X501.1","0.00953515803213021","0.00328123896332007","-0.999957596396336"
"28","VNIR_Plant_Spectrum_X502.24","0.00999751149986443","0.00337557792143129","-0.999957596396336"
"28","VNIR_Plant_Spectrum_X503.38","0.00991180886216153","0.0033220627763517","-0.999957596396336"
"28","VNIR_Plant_Spectrum_X504.52","0.0103769570506653","0.00348432984896598","-0.999957596396336"
"28","VNIR_Plant_Spectrum_X505.67","0.0101854259335607","0.00344504610871501","-0.999957596396336"
"28","VNIR_Plant_Spectrum_X506.81","0.0107352823996356","0.00354387866962245","-0.999957596396336"
"28","VNIR_Plant_Spectrum_X507.95","0.0106767638189104","0.00355120039264885","-0.999957596396336"
"28","VNIR_Plant_Spectrum_X509.1","0.0110290492262497","0.0036553701443618","-0.999957596396336"
"28","VNIR_Plant_Spectrum_X510.24","0.0112686711387188","0.00370344990479776","-0.999957596396336"
"28","VNIR_Plant_Spectrum_X511.38","0.011368595278994","0.00379400181633679","-0.999957596396336"
"28","VNIR_Plant_Spectrum_X512.53","0.0121249556465065","0.00394532748068595","-0.999957596396336"
"28","VNIR_Plant_Spectrum_X513.67","0.0126479946231736","0.00406215583362199","-0.999957596396336"
"28","VNIR_Plant_Spectrum_X514.81","0.0127740533414771","0.00418096968448178","-0.999957596396336"
"28","VNIR_Plant_Spectrum_X515.95","0.01322146141118","0.00430216268876515","-0.999957596396336"
"28","VNIR_Plant_Spectrum_X517.1","0.0132142255036902","0.0044782346194002","-0.790287028268584"
"28","VNIR_Plant_Spectrum_X518.24","0.013665280409358","0.00460169262561838","0.0287122522530823"
"28","VNIR_Plant_Spectrum_X519.38","0.0145992596767845","0.00498978957258743","1.52098922577618"
"28","VNIR_Plant_Spectrum_X520.53","0.0152292662600485","0.00521143073296846","1.9999576112975"
"28","VNIR_Plant_Spectrum_X521.67","0.0155420127597855","0.00534023210976106","1.9999576112975"
"28","VNIR_Plant_Spectrum_X522.81","0.0160676133510184","0.00550448259320561","1.9999576112975"
"28","VNIR_Plant_Spectrum_X523.96","0.016518362401348","0.00568373209735522","1.9999576112975"
"28","VNIR_Plant_Spectrum_X525.1","0.0165469313573096","0.00582528758235418","1.9999576112975"
"28","VNIR_Plant_Spectrum_X526.24","0.0170200245909654","0.00600305049906951","1.9999576112975"
"28","VNIR_Plant_Spectrum_X527.38","0.0175148179055701","0.00614980160178481","1.9999576112975"
"28","VNIR_Plant_Spectrum_X528.53","0.0177497023097828","0.00630802947490724","1.9999576112975"
"28","VNIR_Plant_Spectrum_X529.67","0.0178141888235858","0.00641498901933273","1.9999576112975"
"28","VNIR_Plant_Spectrum_X530.81","0.0182488429910856","0.00652184851002755","1.9999576112975"
"28","VNIR_Plant_Spectrum_X531.96","0.0185191959952598","0.00659097865791591","1.9999576112975"
"28","VNIR_Plant_Spectrum_X533.1","0.0185039075343291","0.00664509625511383","1.9999576112975"
"28","VNIR_Plant_Spectrum_X534.24","0.0186136062024861","0.00675978250590891","1.9999576112975"
"28","VNIR_Plant_Spectrum_X535.39","0.0188906644142181","0.00682145546233907","1.9999576112975"
"28","VNIR_Plant_Spectrum_X536.53","0.0188694167853734","0.00685095272623734","1.9999576112975"
"28","VNIR_Plant_Spectrum_X537.67","0.0189054399955929","0.00693209154738918","1.9999576112975"
"28","VNIR_Plant_Spectrum_X538.81","0.0191212756825805","0.00703479802302622","1.9999576112975"
"28","VNIR_Plant_Spectrum_X539.96","0.0192088677119806","0.00702052819008433","1.9999576112975"
"28","VNIR_Plant_Spectrum_X541.1","0.019344758001933","0.00702569953928732","1.9999576112975"
"28","VNIR_Plant_Spectrum_X542.24","0.0191345642807492","0.00703721398790279","1.9999576112975"
"28","VNIR_Plant_Spectrum_X543.39","0.0193230608956866","0.00712385242419967","1.9999576112975"
"28","VNIR_Plant_Spectrum_X544.53","0.0195066480354505","0.00719773145388396","1.9999576112975"
"28","VNIR_Plant_Spectrum_X545.67","0.0194062123593654","0.00717367120576677","1.9999576112975"
"28","VNIR_Plant_Spectrum_X546.82","0.0194292532573084","0.00721898335855375","1.9999576112975"
"28","VNIR_Plant_Spectrum_X547.96","0.0196549932671407","0.00724756991961132","1.9999576112975"
"28","VNIR_Plant_Spectrum_X549.1","0.0197827687546007","0.00730252951855085","1.9999576112975"
"28","VNIR_Plant_Spectrum_X550.24","0.019402271628931","0.0072613029136177","1.9999576112975"
"28","VNIR_Plant_Spectrum_X551.38","0.0198310445026295","0.00735033481994207","1.9999576112975"
"28","VNIR_Plant_Spectrum_X552.52","0.0197841812948805","0.00733043226778617","1.9999576112975"
"28","VNIR_Plant_Spectrum_X553.66","0.0196075998724785","0.00728260209258075","1.9999576112975"
"28","VNIR_Plant_Spectrum_X554.8","0.0196630552331068","0.00725630467511815","1.9999576112975"
"28","VNIR_Plant_Spectrum_X555.95","0.0194635298187653","0.00716685509126308","1.9999576112975"
"28","VNIR_Plant_Spectrum_X557.09","0.0192199485789514","0.00710703202908696","1.9999576112975"
"28","VNIR_Plant_Spectrum_X558.23","0.0193146406638738","0.00704502107017184","1.9999576112975"
"28","VNIR_Plant_Spectrum_X559.37","0.0189964719872587","0.00693331848578962","1.9999576112975"
"28","VNIR_Plant_Spectrum_X560.51","0.0190251437003597","0.00689431602496592","1.9999576112975"
"28","VNIR_Plant_Spectrum_X561.65","0.0187017090858326","0.00685520196624361","1.9999576112975"
"28","VNIR_Plant_Spectrum_X562.79","0.0185246565173186","0.0067028455143275","1.9999576112975"
"28","VNIR_Plant_Spectrum_X563.93","0.0182950583597932","0.00661591891797459","1.9999576112975"
"28","VNIR_Plant_Spectrum_X565.07","0.017938140928376","0.00648481203461588","1.9999576112975"
"28","VNIR_Plant_Spectrum_X566.22","0.0176535595649494","0.00632840698513247","1.9999576112975"
"28","VNIR_Plant_Spectrum_X567.36","0.0172275381813601","0.00622403100508446","1.9999576112975"
"28","VNIR_Plant_Spectrum_X568.5","0.0169150495617031","0.00605679334883012","1.9999576112975"
"28","VNIR_Plant_Spectrum_X569.64","0.0167086994240077","0.00595040277198223","1.9999576112975"
"28","VNIR_Plant_Spectrum_X570.78","0.0164064744231053","0.005855539755443","1.9999576112975"
"28","VNIR_Plant_Spectrum_X571.92","0.0161165887736899","0.00573095789827451","1.9999576112975"
"28","VNIR_Plant_Spectrum_X573.06","0.0158649302411953","0.00560789072133951","1.9999576112975"
"28","VNIR_Plant_Spectrum_X574.2","0.0157723092531994","0.00547045922319739","1.78783251111767"
"28","VNIR_Plant_Spectrum_X575.35","0.0151659798883124","0.00530447962182585","0.950014961321393"
"28","VNIR_Plant_Spectrum_X576.49","0.015032803748313","0.005198085351847","0.65003346023316"
"28","VNIR_Plant_Spectrum_X577.63","0.0147523896328498","0.00505616527843018","-0.25863182300761"
"28","VNIR_Plant_Spectrum_X578.77","0.0148020198003382","0.00504740553890931","0.125096745259827"
"28","VNIR_Plant_Spectrum_X579.91","0.0142839609989862","0.00487679447070548","-0.999957596396336"
"28","VNIR_Plant_Spectrum_X581.05","0.0142212748301237","0.00484551754240379","-0.999957596396336"
"28","VNIR_Plant_Spectrum_X582.19","0.014210876090274","0.00477289030864639","-0.999957596396336"
"28","VNIR_Plant_Spectrum_X583.33","0.0137352782094013","0.0047084426644302","-0.999957596396336"
"28","VNIR_Plant_Spectrum_X584.48","0.0138224287759803","0.00467198105244326","-0.999957596396336"
"28","VNIR_Plant_Spectrum_X585.62","0.0136003842043719","0.00462607143593302","-0.999957596396336"
"28","VNIR_Plant_Spectrum_X586.76","0.0136818434526535","0.00459943462560689","-0.999957596396336"
"28","VNIR_Plant_Spectrum_X587.9","0.0134628960135293","0.00455514887138658","-0.999957596396336"
"28","VNIR_Plant_Spectrum_X589.04","0.0133723952657986","0.00450987539065619","-0.999957596396336"
"28","VNIR_Plant_Spectrum_X590.18","0.0131420981768697","0.00446615495952522","-0.999957596396336"
"28","VNIR_Plant_Spectrum_X591.32","0.0132685722602425","0.00443382570709331","-0.999957596396336"
"28","VNIR_Plant_Spectrum_X592.46","0.0132289369951362","0.00443481752544049","-0.999957596396336"
"28","VNIR_Plant_Spectrum_X593.6","0.0129708349501641","0.00438683386282589","-0.999957596396336"
"28","VNIR_Plant_Spectrum_X594.75","0.0131444662554609","0.00439968931075646","-0.999957596396336"
"28","VNIR_Plant_Spectrum_X595.89","0.0127838216424743","0.00437808894229254","-0.999957596396336"
"28","VNIR_Plant_Spectrum_X597.03","0.0129453838428836","0.00436968086958861","-0.999957596396336"
"28","VNIR_Plant_Spectrum_X598.17","0.0127639586840701","0.00433571501286683","-0.999957596396336"
"28","VNIR_Plant_Spectrum_X599.31","0.0127240527411867","0.00431766298199522","-0.999957596396336"
"28","VNIR_Plant_Spectrum_X600.45","0.0127266203577895","0.00429277131418723","-0.999957596396336"
"28","VNIR_Plant_Spectrum_X601.59","0.0127004626575399","0.00424450860171134","-0.999957596396336"
"28","VNIR_Plant_Spectrum_X602.73","0.0125662310845438","0.00424194604850972","-0.999957596396336"
"28","VNIR_Plant_Spectrum_X603.88","0.0124274560919627","0.00419674742139052","-0.999957596396336"
"28","VNIR_Plant_Spectrum_X605.02","0.0122743279297829","0.00411012591875094","-0.999957596396336"
"28","VNIR_Plant_Spectrum_X606.16","0.0122408524586254","0.00405849017698681","-0.999957596396336"
"28","VNIR_Plant_Spectrum_X607.3","0.011971092637299","0.00401469373275214","-0.999957596396336"
"28","VNIR_Plant_Spectrum_X608.44","0.011966020649711","0.00398943642018923","-0.999957596396336"
"28","VNIR_Plant_Spectrum_X609.58","0.0115316793407406","0.00388632156295282","-0.999957596396336"
"28","VNIR_Plant_Spectrum_X610.72","0.0115556888504581","0.00382576028881792","-0.999957596396336"
"28","VNIR_Plant_Spectrum_X611.86","0.0111928887031515","0.00378001408888178","-0.999957596396336"
"28","VNIR_Plant_Spectrum_X613.01","0.0110561749935223","0.00374311812474846","-0.999957596396336"
"28","VNIR_Plant_Spectrum_X614.15","0.0108716972790981","0.00367369039964362","-0.999957596396336"
"28","VNIR_Plant_Spectrum_X615.29","0.0108592606820999","0.00365495560075675","-0.999957596396336"
"28","VNIR_Plant_Spectrum_X616.43","0.0107093779395013","0.00359872607177636","-0.999957596396336"
"28","VNIR_Plant_Spectrum_X617.57","0.0106266025050232","0.00357032089430644","-0.999957596396336"
"28","VNIR_Plant_Spectrum_X618.71","0.010622122670256","0.00353217724468794","-0.999957596396336"
"28","VNIR_Plant_Spectrum_X619.85","0.0104519440956952","0.0035179985132698","-0.999957596396336"
"28","VNIR_Plant_Spectrum_X620.99","0.0103627946217655","0.00350577141832012","-0.999957596396336"
"28","VNIR_Plant_Spectrum_X622.14","0.010238508516005","0.00346388157848776","-0.999957596396336"
"28","VNIR_Plant_Spectrum_X623.28","0.0100621818854427","0.00345540404440555","-0.999957596396336"
"28","VNIR_Plant_Spectrum_X624.42","0.0101269585816402","0.00344367599851591","-0.999957596396336"
"28","VNIR_Plant_Spectrum_X625.56","0.0101946529168993","0.00343920504664628","-0.999957596396336"
"28","VNIR_Plant_Spectrum_X626.7","0.0099848519215595","0.00342328603247771","-0.999957596396336"
"28","VNIR_Plant_Spectrum_X627.84","0.0101813789812152","0.00342846108772691","-0.999957596396336"
"28","VNIR_Plant_Spectrum_X628.98","0.0100324519129651","0.00343815575226668","-0.999957596396336"
"28","VNIR_Plant_Spectrum_X630.12","0.0101697421820211","0.0034101627478864","-0.999957596396336"
"28","VNIR_Plant_Spectrum_X631.26","0.00993470789776913","0.00340850443982505","-0.999957596396336"
"28","VNIR_Plant_Spectrum_X632.41","0.0099902640863122","0.00340851259140659","-0.999957596396336"
"28","VNIR_Plant_Spectrum_X633.55","0.00996905975200768","0.00336867390323027","-0.999957596396336"
"28","VNIR_Plant_Spectrum_X634.69","0.0101026963776899","0.0033471603400921","-0.999957596396336"
"28","VNIR_Plant_Spectrum_X635.83","0.0097539479692072","0.00331619921515902","-0.999957596396336"
"28","VNIR_Plant_Spectrum_X636.97","0.00955960279326204","0.00328981871322161","-0.999957596396336"
"28","VNIR_Plant_Spectrum_X638.11","0.00971120551888175","0.00326600020508977","-0.999957596396336"
"28","VNIR_Plant_Spectrum_X639.25","0.00959533256530991","0.00324375236467616","-0.999957596396336"
"28","VNIR_Plant_Spectrum_X640.39","0.00948673606854828","0.00324277481683318","-0.999957596396336"
"28","VNIR_Plant_Spectrum_X641.54","0.00928928485770148","0.00317844014543717","-0.999957596396336"
"28","VNIR_Plant_Spectrum_X642.68","0.00925340162924646","0.00317492035707709","-0.999957596396336"
"28","VNIR_Plant_Spectrum_X643.82","0.00912146075048029","0.00312134100554541","-0.999957596396336"
"28","VNIR_Plant_Spectrum_X644.96","0.00906888164776861","0.00310425413765951","-0.999957596396336"
"28","VNIR_Plant_Spectrum_X646.1","0.00896651060702303","0.00305463616198362","-0.999957596396336"
"28","VNIR_Plant_Spectrum_X647.24","0.0086979708963859","0.00302460740029628","-0.999957596396336"
"28","VNIR_Plant_Spectrum_X648.38","0.00873962934376331","0.00298144299325855","-0.999957596396336"
"28","VNIR_Plant_Spectrum_X649.52","0.00868228354384284","0.00297997637918805","-0.999957596396336"
"28","VNIR_Plant_Spectrum_X650.67","0.00858893593841955","0.00294599280888182","-0.999957596396336"
"28","VNIR_Plant_Spectrum_X651.81","0.00844941279086642","0.00291663661167571","-0.999957596396336"
"28","VNIR_Plant_Spectrum_X652.95","0.00835128888147623","0.00291570660099112","-0.999957596396336"
"28","VNIR_Plant_Spectrum_X654.09","0.00816620304381888","0.00285877888996856","-0.999957596396336"
"28","VNIR_Plant_Spectrum_X655.23","0.00813871888051845","0.0028619157130084","-0.999957596396336"
"28","VNIR_Plant_Spectrum_X656.37","0.00797016169891411","0.00280508765543489","-0.999957596396336"
"28","VNIR_Plant_Spectrum_X657.51","0.00793783931249581","0.00278491452333943","-0.999957596396336"
"28","VNIR_Plant_Spectrum_X658.65","0.00782289076258177","0.00276777620303222","-0.999957596396336"
"28","VNIR_Plant_Spectrum_X659.79","0.00772056873087876","0.00273436291099989","-0.999957596396336"
"28","VNIR_Plant_Spectrum_X660.94","0.00761760513360372","0.00271599924469741","-0.999957596396336"
"28","VNIR_Plant_Spectrum_X662.08","0.00741608079306915","0.00268115131490701","-0.999957596396336"
"28","VNIR_Plant_Spectrum_X663.22","0.00735891565358575","0.00267828099510827","-0.999957596396336"
"28","VNIR_Plant_Spectrum_X664.36","0.00717937248859663","0.00264238849523299","-0.999957596396336"
"28","VNIR_Plant_Spectrum_X665.5","0.00738698539258115","0.00262615369219141","-0.999957596396336"
"28","VNIR_Plant_Spectrum_X666.64","0.00701991510206848","0.0026122052856195","-0.999957596396336"
"28","VNIR_Plant_Spectrum_X667.78","0.00698060542646431","0.00258165365505673","-0.999957596396336"
"28","VNIR_Plant_Spectrum_X668.92","0.00704060980508993","0.00259362127485394","-0.999957596396336"
"28","VNIR_Plant_Spectrum_X670.07","0.00701639287654364","0.002612230573317","-0.999957596396336"
"28","VNIR_Plant_Spectrum_X671.21","0.00699462422786235","0.00259901841177822","-0.999957596396336"
"28","VNIR_Plant_Spectrum_X672.35","0.00696720256763724","0.0026018009053914","-0.999957596396336"
"28","VNIR_Plant_Spectrum_X673.49","0.00688872713210566","0.00259432367225845","-0.999957596396336"
"28","VNIR_Plant_Spectrum_X674.63","0.00685634718493273","0.00259382096741646","-0.999957596396336"
"28","VNIR_Plant_Spectrum_X675.77","0.00702645982056347","0.00259493110247125","-0.999957596396336"
"28","VNIR_Plant_Spectrum_X676.91","0.00693990863148225","0.0025885810559313","-0.999957596396336"
"28","VNIR_Plant_Spectrum_X678.05","0.00697194451960238","0.00262120589661429","-0.999957596396336"
"28","VNIR_Plant_Spectrum_X679.2","0.00691747265557722","0.00262019191559195","-0.999957596396336"
"28","VNIR_Plant_Spectrum_X680.34","0.00712337356097824","0.00259770738561088","-0.999957596396336"
"28","VNIR_Plant_Spectrum_X681.48","0.00700761482199871","0.00257653700061051","-0.999957596396336"
"28","VNIR_Plant_Spectrum_X682.62","0.00699682056178381","0.00259872611482252","-0.999957596396336"
"28","VNIR_Plant_Spectrum_X683.76","0.00719144625367402","0.00264069697211644","-0.999957596396336"
"28","VNIR_Plant_Spectrum_X684.9","0.00729595272277863","0.00266787230338058","-0.999957596396336"
"28","VNIR_Plant_Spectrum_X686.04","0.00770590533709461","0.0026907167312211","-0.999957596396336"
"28","VNIR_Plant_Spectrum_X687.18","0.00792548566084665","0.00275693381732949","-0.999957596396336"
"28","VNIR_Plant_Spectrum_X688.33","0.00808536026392432","0.00280697153068401","-0.999957596396336"
"28","VNIR_Plant_Spectrum_X689.47","0.00869018548059557","0.0029914016504452","-0.999957596396336"
"28","VNIR_Plant_Spectrum_X690.61","0.00900709075727768","0.00311997389539563","-0.999957596396336"
"28","VNIR_Plant_Spectrum_X691.75","0.00958033023344908","0.00339748572159524","-0.999957596396336"
"28","VNIR_Plant_Spectrum_X692.89","0.0105037156870923","0.00367834381361276","-0.999957596396336"
"28","VNIR_Plant_Spectrum_X694.03","0.0111909936469727","0.00397522955138289","-0.999957596396336"
"28","VNIR_Plant_Spectrum_X695.17","0.012432106075591","0.00454797488052897","1.9635465570285"
"28","VNIR_Plant_Spectrum_X696.31","0.0134642026622543","0.00502001492967053","1.9999576112975"
"28","VNIR_Plant_Spectrum_X697.45","0.0148413390100538","0.0055376485716699","1.9999576112975"
"28","VNIR_Plant_Spectrum_X698.6","0.0160990759436107","0.00602372983647402","1.9999576112975"
"28","VNIR_Plant_Spectrum_X699.74","0.0172243380251852","0.0065720548546576","1.9999576112975"
"28","VNIR_Plant_Spectrum_X700.88","0.0185072580143805","0.0071269749789881","1.9999576112975"
"28","VNIR_Plant_Spectrum_X702.02","0.0200299043662007","0.00767514799546184","1.9999576112975"
"28","VNIR_Plant_Spectrum_X703.16","0.0210228631363586","0.00824462904709643","1.9999576112975"
"28","VNIR_Plant_Spectrum_X704.3","0.0223113331987371","0.00881929134929482","1.9999576112975"
"28","VNIR_Plant_Spectrum_X705.44","0.0233947430392609","0.00932642323143493","1.9999576112975"
"28","VNIR_Plant_Spectrum_X706.58","0.0252976910315752","0.0098537822545731","1.9999576112975"
"28","VNIR_Plant_Spectrum_X707.73","0.0259328436405133","0.0103980249070626","1.9999576112975"
"28","VNIR_Plant_Spectrum_X708.87","0.0274206855183045","0.0109549330003444","1.9999576112975"
"28","VNIR_Plant_Spectrum_X710","0.0280920872696341","0.0114570822045829","1.9999576112975"
"28","VNIR_Plant_Spectrum_X711.15","0.0289135695208414","0.0119771054798128","1.9999576112975"
"28","VNIR_Plant_Spectrum_X712.29","0.0303565203562483","0.0125479071160326","1.9999576112975"
"28","VNIR_Plant_Spectrum_X713.43","0.0311655709465089","0.0130840297638036","1.9999576112975"
"28","VNIR_Plant_Spectrum_X714.57","0.0330035887516521","0.0136881434867005","1.9999576112975"
"28","VNIR_Plant_Spectrum_X715.71","0.0337748491268835","0.014226980347432","1.9999576112975"
"28","VNIR_Plant_Spectrum_X716.86","0.034297315606297","0.0147350046120755","1.9999576112975"
"28","VNIR_Plant_Spectrum_X718","0.0353977732701402","0.0153329684255913","1.9999576112975"
"28","VNIR_Plant_Spectrum_X719.14","0.0356292446559559","0.0157168788243707","1.71103666330308"
"28","VNIR_Plant_Spectrum_X720.28","0.0362979879567803","0.0161541142821182","1.5272578213132"
"28","VNIR_Plant_Spectrum_X721.42","0.0372746631874639","0.0166237482930424","1.4299314848874"
"28","VNIR_Plant_Spectrum_X722.56","0.0381849145057131","0.0169336111109266","1.19039597873185"
"28","VNIR_Plant_Spectrum_X723.7","0.0386559066952052","0.0173019674124501","1.04140764499625"
"28","VNIR_Plant_Spectrum_X724.84","0.0387641218742088","0.0177061874321395","0.915722493102182"
"28","VNIR_Plant_Spectrum_X725.98","0.0396025542609824","0.0180840668025065","0.819718198705829"
"28","VNIR_Plant_Spectrum_X727.13","0.0399038602026702","0.0184659017875456","0.752893595860578"
"28","VNIR_Plant_Spectrum_X728.27","0.0411172481789798","0.0188222211443961","0.710973883618983"
"28","VNIR_Plant_Spectrum_X729.41","0.0415281331824218","0.0191396423286978","0.641921721234855"
"28","VNIR_Plant_Spectrum_X730.55","0.0420522086612725","0.019550681953461","0.648594832845154"
"28","VNIR_Plant_Spectrum_X731.69","0.0425713165584977","0.0197574069178896","0.521464180779202"
"28","VNIR_Plant_Spectrum_X732.83","0.0424161959797813","0.0199996609111762","0.446106219620557"
"28","VNIR_Plant_Spectrum_X733.97","0.0434445473950478","0.0203125914610098","0.396117675123141"
"28","VNIR_Plant_Spectrum_X735.11","0.0436585801428757","0.0203227645236174","0.195035281237037"
"28","VNIR_Plant_Spectrum_X736.25","0.0443735783759278","0.0206306794553473","0.25811537243053"
"28","VNIR_Plant_Spectrum_X737.4","0.0448108647885011","0.0206762371728106","0.0342532942443221"
"28","VNIR_Plant_Spectrum_X738.54","0.0451478374256973","0.021016490867429","0.168600781142813"
"28","VNIR_Plant_Spectrum_X739.68","0.0451185053754855","0.0210763895557602","0.0288047734093009"
"28","VNIR_Plant_Spectrum_X740.82","0.0457880649586718","0.0211960436516027","-0.0175528984233299"
"28","VNIR_Plant_Spectrum_X741.96","0.046098755091506","0.0213755989674321","-0.0279137941266045"
"28","VNIR_Plant_Spectrum_X743.1","0.0460951622934675","0.0214883281530584","-0.0349635473400187"
"28","VNIR_Plant_Spectrum_X744.24","0.0459506635325407","0.0216023375742238","-0.0832605834585557"
"28","VNIR_Plant_Spectrum_X745.39","0.046436955487684","0.0216042048340185","-0.16328133279464"
"28","VNIR_Plant_Spectrum_X746.53","0.0466819410803568","0.0218013575870254","-0.133572552521058"
"28","VNIR_Plant_Spectrum_X747.67","0.0466138170652612","0.0219563753954872","-0.0530060201076586"
"28","VNIR_Plant_Spectrum_X748.81","0.0467802203928519","0.0218859813601043","-0.148986046113329"
"28","VNIR_Plant_Spectrum_X749.95","0.0468706584842757","0.0219952908351719","-0.146148931901376"
"28","VNIR_Plant_Spectrum_X751.09","0.0467346927235163","0.0216967295353646","-0.368706256651334"
"28","VNIR_Plant_Spectrum_X752.23","0.0470041943604236","0.0219065696665921","-0.245399394298456"
"28","VNIR_Plant_Spectrum_X753.37","0.0471819036931042","0.0219740965700384","-0.259814471060541"
"28","VNIR_Plant_Spectrum_X754.52","0.0476004824430288","0.0221117229570205","-0.192576770275801"
"28","VNIR_Plant_Spectrum_X755.66","0.0472652296347433","0.0220467775353982","-0.24315839100657"
"28","VNIR_Plant_Spectrum_X756.8","0.0467416819441044","0.0219538219270325","-0.366203912574244"
"28","VNIR_Plant_Spectrum_X757.94","0.0476486749710814","0.0221486819840551","-0.25347092652265"
"28","VNIR_Plant_Spectrum_X759.08","0.0470522578844004","0.0220742497656697","-0.263545567327705"
"28","VNIR_Plant_Spectrum_X760.22","0.0468701235745479","0.0220704183052313","-0.280213671666764"
"28","VNIR_Plant_Spectrum_X761.36","0.0470200673070857","0.0220895892182146","-0.249166533265403"
"28","VNIR_Plant_Spectrum_X762.5","0.0471242683971117","0.022105585123725","-0.233284131091059"
"28","VNIR_Plant_Spectrum_X763.64","0.0471574341544483","0.0221645186326679","-0.171168782107359"
"28","VNIR_Plant_Spectrum_X764.79","0.0472580819550114","0.0221656498675461","-0.194284985981499"
"28","VNIR_Plant_Spectrum_X765.93","0.0469041939299158","0.0219898915682323","-0.274550547744352"
"28","VNIR_Plant_Spectrum_X767.07","0.047135467865489","0.0219359124302583","-0.330566373729925"
"28","VNIR_Plant_Spectrum_X768.21","0.0475392705999927","0.0219716807189647","-0.29668863310638"
"28","VNIR_Plant_Spectrum_X769.35","0.0471121555105802","0.0219729165950875","-0.281466410687896"
"28","VNIR_Plant_Spectrum_X770.49","0.0469897949150522","0.0218872725626193","-0.342930296922995"
"28","VNIR_Plant_Spectrum_X771.63","0.04749727599234","0.0219231958086936","-0.297576590712324"
"28","VNIR_Plant_Spectrum_X772.77","0.0482649699659647","0.0218519898864727","-0.304945533106367"
"28","VNIR_Plant_Spectrum_X773.92","0.0473880986208261","0.0218681845935139","-0.325992032193411"
"28","VNIR_Plant_Spectrum_X775.06","0.0487766965987178","0.0219144015768397","-0.240729102283302"
"28","VNIR_Plant_Spectrum_X776.2","0.0475769349740736","0.0218251921940048","-0.358125814996026"
"28","VNIR_Plant_Spectrum_X777.34","0.047522037643696","0.0219250759126911","-0.211896018061365"
"28","VNIR_Plant_Spectrum_X778.48","0.0483434691994187","0.0216767172897927","-0.361244538745811"
"28","VNIR_Plant_Spectrum_X779.62","0.0478938733291746","0.0217660312664192","-0.330839436862983"
"28","VNIR_Plant_Spectrum_X780.76","0.0477408656717791","0.0216970406033596","-0.327154533566202"
"28","VNIR_Plant_Spectrum_X781.9","0.047705421264852","0.021619161156518","-0.365708988687235"
"28","VNIR_Plant_Spectrum_X783.05","0.0475441103286124","0.0214047087437461","-0.509464457089317"
"28","VNIR_Plant_Spectrum_X784.19","0.0476296333321983","0.0215221267357033","-0.447256529218815"
"28","VNIR_Plant_Spectrum_X785.33","0.0477408338699227","0.0215095265717502","-0.46204094425744"
"28","VNIR_Plant_Spectrum_X786.47","0.0473359939121911","0.0213699738909492","-0.582510333617755"
"28","VNIR_Plant_Spectrum_X787.61","0.0466262920956603","0.0214507188709087","-0.512133680637077"
"28","VNIR_Plant_Spectrum_X788.75","0.0467948331430962","0.0211186078365505","-0.642643879615874"
"28","VNIR_Plant_Spectrum_X789.89","0.0475436255955698","0.021195137915894","-0.694134425628024"
"28","VNIR_Plant_Spectrum_X791.03","0.0461171386299907","0.0210440821302138","-0.825443289746745"
"28","VNIR_Plant_Spectrum_X792.17","0.0471378422899172","0.0210141347418541","-0.772864219409984"
"28","VNIR_Plant_Spectrum_X793.32","0.0468041234436949","0.0209388979415174","-0.799923820113279"
"28","VNIR_Plant_Spectrum_X794.46","0.0467389750418579","0.0207554050203655","-0.935273590327071"
"28","VNIR_Plant_Spectrum_X795.6","0.0473665249743516","0.0208598765599205","-0.810316373999028"
"28","VNIR_Plant_Spectrum_X796.74","0.0479316305695845","0.0209368534525414","-0.790099919901757"
"28","VNIR_Plant_Spectrum_X797.88","0.0462884911962234","0.0206272414832052","-0.999957596396336"
"28","VNIR_Plant_Spectrum_X799.02","0.0469584275290315","0.020654257731692","-0.92111683918398"
"28","VNIR_Plant_Spectrum_X800.16","0.0469934131008494","0.0206626201567143","-0.876286135890557"
"28","VNIR_Plant_Spectrum_X801.3","0.045934577480071","0.0205619375735144","-0.999957596396336"
"28","VNIR_Plant_Spectrum_X802.45","0.0456024664882297","0.0204131122406216","-0.999957596396336"
"28","VNIR_Plant_Spectrum_X803.59","0.0457291953428929","0.0204365264038057","-0.999957596396336"
"28","VNIR_Plant_Spectrum_X804.73","0.0461035906055693","0.0203492335310292","-0.999957596396336"
"28","VNIR_Plant_Spectrum_X805.87","0.04584377146278","0.0203219989890464","-0.999957596396336"
"28","VNIR_Plant_Spectrum_X807.01","0.0455054555163685","0.0203048141136859","-0.999957596396336"
"28","VNIR_Plant_Spectrum_X808.15","0.0461653133214428","0.0202121355762545","-0.999957596396336"
"28","VNIR_Plant_Spectrum_X809.29","0.0464534674952893","0.0202048167344907","-0.999957596396336"
"28","VNIR_Plant_Spectrum_X810.43","0.0457658390048692","0.0201292055993444","-0.999957596396336"
"28","VNIR_Plant_Spectrum_X811.58","0.045101265075888","0.0201683409886286","-0.999957596396336"
"28","VNIR_Plant_Spectrum_X812.72","0.0452522336383563","0.020124121314911","-0.999957596396336"
"28","VNIR_Plant_Spectrum_X813.86","0.0453203389204271","0.0201403443634083","-0.999957596396336"
"28","VNIR_Plant_Spectrum_X815","0.0454559426888333","0.0199682060724651","-0.999957596396336"
"28","VNIR_Plant_Spectrum_X816.14","0.0458734764733174","0.0200747903947629","-0.999957596396336"
"28","VNIR_Plant_Spectrum_X817.28","0.045699827667801","0.0200168470717369","-0.999957596396336"
"28","VNIR_Plant_Spectrum_X818.42","0.0456975217529315","0.0199674327178355","-0.999957596396336"
"28","VNIR_Plant_Spectrum_X819.56","0.045424441961571","0.0200424999198773","-0.999957596396336"
"28","VNIR_Plant_Spectrum_X820.71","0.0446458649158344","0.019997597583441","-0.999957596396336"
"28","VNIR_Plant_Spectrum_X821.85","0.0458243874168882","0.019913181404573","-0.999957596396336"
"28","VNIR_Plant_Spectrum_X822.99","0.0438610931393348","0.0199724446313314","-0.999957596396336"
"28","VNIR_Plant_Spectrum_X824.13","0.0445555202082009","0.020059247646734","-0.999957596396336"
"28","VNIR_Plant_Spectrum_X825.27","0.0452707229407052","0.0199268376383121","-0.999957596396336"
"28","VNIR_Plant_Spectrum_X826.41","0.0456029703936361","0.0198785059484729","-0.999957596396336"
"28","VNIR_Plant_Spectrum_X827.55","0.044163630719357","0.0199151909451189","-0.999957596396336"
"28","VNIR_Plant_Spectrum_X828.69","0.0453553765506483","0.0198283360315262","-0.999957596396336"
"28","VNIR_Plant_Spectrum_X829.83","0.0451187308393897","0.0199007737158862","-0.999957596396336"
"28","VNIR_Plant_Spectrum_X830.98","0.044751946071046","0.0197891778774551","-0.999957596396336"
"28","VNIR_Plant_Spectrum_X832.12","0.044367842873528","0.0198026812587451","-0.999957596396336"
"28","VNIR_Plant_Spectrum_X833.25","0.0443515027039585","0.019707582916035","-0.999957596396336"
"28","VNIR_Plant_Spectrum_X834.4","0.0448019515158378","0.019679204246194","-0.999957596396336"
"28","VNIR_Plant_Spectrum_X835.54","0.0451400307247596","0.0196654691119221","-0.999957596396336"
"28","VNIR_Plant_Spectrum_X836.68","0.0447409244235551","0.019713152182106","-0.999957596396336"
"28","VNIR_Plant_Spectrum_X837.82","0.0446900232468007","0.019628680599968","-0.999957596396336"
"28","VNIR_Plant_Spectrum_X838.96","0.0445551342097281","0.0193942684654347","-0.999957596396336"
"28","VNIR_Plant_Spectrum_X840.11","0.0441132647806767","0.0194765578239305","-0.999957596396336"
"28","VNIR_Plant_Spectrum_X841.25","0.0449442378121303","0.0194930182177227","-0.999957596396336"
"28","VNIR_Plant_Spectrum_X842.39","0.0442586477787184","0.0195421596452471","-0.999957596396336"
"28","VNIR_Plant_Spectrum_X843.53","0.0451657397958464","0.0194342216834791","-0.999957596396336"
"28","VNIR_Plant_Spectrum_X844.67","0.0441832900367026","0.0192856856678343","-0.999957596396336"
"28","VNIR_Plant_Spectrum_X845.81","0.0434482076534601","0.0193181777478611","-0.999957596396336"
"28","VNIR_Plant_Spectrum_X846.95","0.0453645524015518","0.0193187587545241","-0.999957596396336"
"28","VNIR_Plant_Spectrum_X848.09","0.0440605218725975","0.0193658181139679","-0.999957596396336"
"28","VNIR_Plant_Spectrum_X849.24","0.0457658792587725","0.0191421323034892","-0.999957596396336"
"28","VNIR_Plant_Spectrum_X850.38","0.0431333170934437","0.0193843706702882","-0.999957596396336"
"28","VNIR_Plant_Spectrum_X851.52","0.0439689005462511","0.0191382251213136","-0.999957596396336"
"28","VNIR_Plant_Spectrum_X852.66","0.0433226586767238","0.0192630980549436","-0.999957596396336"
"28","VNIR_Plant_Spectrum_X853.8","0.0430388883195118","0.0192245713190543","-0.999957596396336"
"28","VNIR_Plant_Spectrum_X854.94","0.0443093489144251","0.0192367859736717","-0.999957596396336"
"28","VNIR_Plant_Spectrum_X856.08","0.0442100567411304","0.0191751295962921","-0.999957596396336"
"28","VNIR_Plant_Spectrum_X857.22","0.0429058659045655","0.0191878795364821","-0.999957596396336"
"28","VNIR_Plant_Spectrum_X858.36","0.0437853684543451","0.0191391784364497","-0.999957596396336"
"28","VNIR_Plant_Spectrum_X859.5","0.0442221787378106","0.0191554496454966","-0.999957596396336"
"28","VNIR_Plant_Spectrum_X860.65","0.0435564924116898","0.0190408175560571","-0.999957596396336"
"28","VNIR_Plant_Spectrum_X861.79","0.0435642672287638","0.019008078897077","-0.999957596396336"
"28","VNIR_Plant_Spectrum_X862.93","0.0437175548363774","0.0189287930585129","-0.999957596396336"
"28","VNIR_Plant_Spectrum_X864.07","0.0423931355530849","0.0188533482078331","-0.999957596396336"
"28","VNIR_Plant_Spectrum_X865.21","0.0432227185925849","0.0190066241496813","-0.999957596396336"
"28","VNIR_Plant_Spectrum_X866.35","0.0433196925159685","0.0189848685815493","-0.999957596396336"
"28","VNIR_Plant_Spectrum_X867.49","0.0437622698291784","0.0188901081865476","-0.999957596396336"
"28","VNIR_Plant_Spectrum_X868.64","0.0431424713747487","0.0188647969236328","-0.999957596396336"
"28","VNIR_Plant_Spectrum_X869.78","0.0432430808126407","0.0188243054513295","-0.999957596396336"
"28","VNIR_Plant_Spectrum_X870.92","0.0423743755081093","0.0188724272296458","-0.999957596396336"
"28","VNIR_Plant_Spectrum_X872.06","0.0428431125275294","0.0188846586087085","-0.999957596396336"
"28","VNIR_Plant_Spectrum_X873.2","0.0418715732175335","0.0188374875749719","-0.999957596396336"
"28","VNIR_Plant_Spectrum_X874.34","0.0429435596412756","0.01895580626675","-0.999957596396336"
"28","VNIR_Plant_Spectrum_X875.48","0.0427019959506353","0.0189085929164817","-0.999957596396336"
"28","VNIR_Plant_Spectrum_X876.62","0.0422536965565665","0.0188166345445189","-0.999957596396336"
"28","VNIR_Plant_Spectrum_X877.77","0.042132378663654","0.0187626518108945","-0.999957596396336"
"28","VNIR_Plant_Spectrum_X878.91","0.0426507714509756","0.0187268413071435","-0.999957596396336"
"28","VNIR_Plant_Spectrum_X880.05","0.042986960508469","0.0189753498215223","-0.999957596396336"
"28","VNIR_Plant_Spectrum_X881.19","0.0426069205833461","0.0187990082678388","-0.999957596396336"
"28","VNIR_Plant_Spectrum_X882.33","0.0416095102293678","0.0187855279218001","-0.999957596396336"
"28","VNIR_Plant_Spectrum_X883.47","0.0427891721493401","0.0185467259486759","-0.999957596396336"
"28","VNIR_Plant_Spectrum_X884.61","0.0417784782863655","0.0186791440204509","-0.999957596396336"
"28","VNIR_Plant_Spectrum_X885.75","0.042709361225581","0.0185256255240005","-0.999957596396336"
"28","VNIR_Plant_Spectrum_X886.9","0.0415481460641487","0.0186204784512621","-0.999957596396336"
"28","VNIR_Plant_Spectrum_X888.04","0.042422684033243","0.0186809951217653","-0.999957596396336"
"28","VNIR_Plant_Spectrum_X889.18","0.0431703623300493","0.0186015534083794","-0.999957596396336"
"28","VNIR_Plant_Spectrum_X890.32","0.0419256586658572","0.0186647472879566","-0.999957596396336"
"28","VNIR_Plant_Spectrum_X891.46","0.0424557645454972","0.0185759338303983","-0.999957596396336"
"28","VNIR_Plant_Spectrum_X892.6","0.0417945175239221","0.0186649368216847","-0.999957596396336"
"28","VNIR_Plant_Spectrum_X893.74","0.0435938439686153","0.0185905326045402","-0.999957596396336"
"28","VNIR_Plant_Spectrum_X894.88","0.0443690690969558","0.0186676058610857","-0.999957596396336"
"28","VNIR_Plant_Spectrum_X896.02","0.0431583388287541","0.0185127469681983","-0.999957596396336"
"28","VNIR_Plant_Spectrum_X897.17","0.0427599550727599","0.0186149130964313","-0.999957596396336"
"28","VNIR_Plant_Spectrum_X898.31","0.0424287966228007","0.0184005776481338","-0.999957596396336"
"35","VNIR_Plant_Spectrum_X351.44","7.3916648881504e-15","3.28527109374646e-15","0.85525994955763"
"35","VNIR_Plant_Spectrum_X352.58","0.00187290643178067","0.000764593056165528","-0.999957596396336"
"35","VNIR_Plant_Spectrum_X353.72","0.00217634794334862","0.000724506516511978","1.9999576112975"
"35","VNIR_Plant_Spectrum_X354.86","0","0","1.9999576112975"
"35","VNIR_Plant_Spectrum_X356","1.1102568640027e-17","1.2136783862606e-16","0.166661586854562"
"35","VNIR_Plant_Spectrum_X357.15","8.85099484172105e-16","3.11161506092597e-16","0.899994898216048"
"35","VNIR_Plant_Spectrum_X358.29","0","0","1.9999576112975"
"35","VNIR_Plant_Spectrum_X359.43","0.00182338363312417","0.000613067089632741","1.9999576112975"
"35","VNIR_Plant_Spectrum_X360.57","0","0","1.9999576112975"
"35","VNIR_Plant_Spectrum_X361.72","0","0","1.9999576112975"
"35","VNIR_Plant_Spectrum_X362.86","0.000104674135518126","4.44129489951491e-05","-0.999957596396336"
"35","VNIR_Plant_Spectrum_X364","2.46176183540814e-15","7.79700574792689e-16","0.95308623751798"
"35","VNIR_Plant_Spectrum_X365.14","0","0","1.9999576112975"
"35","VNIR_Plant_Spectrum_X366.29","0.00251945786681483","0.00108116073815007","-0.999957596396336"
"35","VNIR_Plant_Spectrum_X367.43","0.00416860506915006","0.00159141829185755","-0.999957596396336"
"35","VNIR_Plant_Spectrum_X368.57","0.00529985027675175","0.00180387076495166","-0.999957596396336"
"35","VNIR_Plant_Spectrum_X369.71","0","0","1.9999576112975"
"35","VNIR_Plant_Spectrum_X370.86","0.000102476932145635","3.94974264193279e-05","1.9999576112975"
"35","VNIR_Plant_Spectrum_X372","0.000734362957280761","0.000289566034868735","-0.999957596396336"
"35","VNIR_Plant_Spectrum_X373.14","0","0","1.9999576112975"
"35","VNIR_Plant_Spectrum_X374.28","0","0","1.9999576112975"
"35","VNIR_Plant_Spectrum_X375.43","0.00334576405563303","0.00125043707412937","1.9999576112975"
"35","VNIR_Plant_Spectrum_X376.57","0","0","1.9999576112975"
"35","VNIR_Plant_Spectrum_X377.71","0.0012616431131686","0.000450697475147489","-0.999957596396336"
"35","VNIR_Plant_Spectrum_X378.85","0","0","1.9999576112975"
"35","VNIR_Plant_Spectrum_X380","0","0","1.9999576112975"
"35","VNIR_Plant_Spectrum_X381.14","0.000920398822937086","0.000383578863175592","-0.999957596396336"
"35","VNIR_Plant_Spectrum_X382.28","0","0","1.9999576112975"
"35","VNIR_Plant_Spectrum_X383.42","0.000316951891479618","7.84187967013799e-05","1.9999576112975"
"35","VNIR_Plant_Spectrum_X384.57","0","0","1.9999576112975"
"35","VNIR_Plant_Spectrum_X385.71","0.00190278602749116","0.000544773020809427","1.9999576112975"
"35","VNIR_Plant_Spectrum_X386.85","0.000242410942153309","8.36300941942004e-05","1.9999576112975"
"35","VNIR_Plant_Spectrum_X387.99","0","0","1.9999576112975"
"35","VNIR_Plant_Spectrum_X389.14","0.00161518285014643","0.000522180263912361","-0.999957596396336"
"35","VNIR_Plant_Spectrum_X390.28","0.000478951508607356","0.000165691209775529","-0.999957596396336"
"35","VNIR_Plant_Spectrum_X391.42","0.000116704081238281","3.84094253897865e-05","-0.999957596396336"
"35","VNIR_Plant_Spectrum_X392.56","0","0","1.9999576112975"
"35","VNIR_Plant_Spectrum_X393.71","0.000827128314229227","0.000253072870054217","1.9999576112975"
"35","VNIR_Plant_Spectrum_X394.85","0.00146311108668643","0.000507375271480789","-0.999957596396336"
"35","VNIR_Plant_Spectrum_X395.99","0","0","1.9999576112975"
"35","VNIR_Plant_Spectrum_X397.13","0.000346424623985236","0.000139675968633372","-0.999957596396336"
"35","VNIR_Plant_Spectrum_X398.28","0.000767310306726878","0.000255486363739693","-0.999957596396336"
"35","VNIR_Plant_Spectrum_X399.42","0","0","1.9999576112975"
"35","VNIR_Plant_Spectrum_X400.56","0.000143735132828733","4.91222035144019e-05","-0.999957596396336"
"35","VNIR_Plant_Spectrum_X401.7","0","0","1.9999576112975"
"35","VNIR_Plant_Spectrum_X402.85","0","0","1.9999576112975"
"35","VNIR_Plant_Spectrum_X403.99","0.000584971918083909","0.000222781234774785","-0.999957596396336"
"35","VNIR_Plant_Spectrum_X405.13","0.00139482973751596","0.000436395370176742","1.9999576112975"
"35","VNIR_Plant_Spectrum_X406.27","0.0008655902724562","0.000338740763080425","-0.999957596396336"
"35","VNIR_Plant_Spectrum_X407.41","0.00145980830633152","0.000499189112050788","1.9999576112975"
"35","VNIR_Plant_Spectrum_X408.55","8.78541623287683e-05","3.80099062906587e-05","-0.999957596396336"
"35","VNIR_Plant_Spectrum_X409.7","0.00225578028105377","0.000839546088694134","-0.999957596396336"
"35","VNIR_Plant_Spectrum_X410.84","0.00209369299453311","0.000767022714266453","-0.999957596396336"
"35","VNIR_Plant_Spectrum_X411.98","0.00215447178358996","0.000814903104714685","-0.999957596396336"
"35","VNIR_Plant_Spectrum_X413.12","0.00330329464256449","0.00127108861255476","-0.999957596396336"
"35","VNIR_Plant_Spectrum_X414.26","0.00331070806078767","0.00116557985542956","-0.999957596396336"
"35","VNIR_Plant_Spectrum_X415.4","0.00357051265084699","0.00134110683354856","-0.999957596396336"
"35","VNIR_Plant_Spectrum_X416.54","0.0030777581313346","0.00103337081916395","-0.999957596396336"
"35","VNIR_Plant_Spectrum_X417.68","0.0035237098915211","0.00143564122762672","1.9999576112975"
"35","VNIR_Plant_Spectrum_X418.83","0.00425170028443645","0.00145784104137558","1.9999576112975"
"35","VNIR_Plant_Spectrum_X419.97","0.00485652751566086","0.00181614385221035","1.9999576112975"
"35","VNIR_Plant_Spectrum_X421.11","0.00470754097461725","0.00166402415627444","-0.999957596396336"
"35","VNIR_Plant_Spectrum_X422.25","0.00716548151756447","0.00225110351990746","1.9999576112975"
"35","VNIR_Plant_Spectrum_X423.39","0.0053841918426436","0.00200697302830417","-0.999957596396336"
"35","VNIR_Plant_Spectrum_X424.53","0.00606494021450579","0.00207742298304814","-0.999957596396336"
"35","VNIR_Plant_Spectrum_X425.67","0.00691162059756007","0.00215544784389516","1.9999576112975"
"35","VNIR_Plant_Spectrum_X426.81","0.00685862294980094","0.00234433378791832","1.9999576112975"
"35","VNIR_Plant_Spectrum_X427.96","0.00673509814109668","0.00212371049472508","-0.999957596396336"
"35","VNIR_Plant_Spectrum_X429.1","0.00733077116260738","0.00262645842660923","-0.999957596396336"
"35","VNIR_Plant_Spectrum_X430.24","0.00719896073261835","0.00252828034547189","-0.999957596396336"
"35","VNIR_Plant_Spectrum_X431.38","0.00876932268484502","0.00277987805484819","1.9999576112975"
"35","VNIR_Plant_Spectrum_X432.52","0.00922146092328275","0.00280105469530329","1.9999576112975"
"35","VNIR_Plant_Spectrum_X433.66","0.0098032211626415","0.00295997543362707","1.9999576112975"
"35","VNIR_Plant_Spectrum_X434.8","0.0079551522639872","0.0027883403002725","-0.999957596396336"
"35","VNIR_Plant_Spectrum_X435.94","0.00826610008777358","0.00279230422284091","-0.999957596396336"
"35","VNIR_Plant_Spectrum_X437.09","0.00892685435256346","0.00307766215413119","1.9999576112975"
"35","VNIR_Plant_Spectrum_X438.23","0.00844159800282412","0.00300845200147495","1.9999576112975"
"35","VNIR_Plant_Spectrum_X439.37","0.00904329882457827","0.0030859260981867","1.36225921232691"
"35","VNIR_Plant_Spectrum_X440.52","0.0104377956906977","0.00324785054942509","1.9999576112975"
"35","VNIR_Plant_Spectrum_X441.66","0.00989703387782179","0.00325739728155214","1.9999576112975"
"35","VNIR_Plant_Spectrum_X442.8","0.0104631953518307","0.00337824489164522","1.95569219694043"
"35","VNIR_Plant_Spectrum_X443.95","0.0107394736677402","0.00334867264807371","1.9999576112975"
"35","VNIR_Plant_Spectrum_X445.09","0.0102200741693552","0.00346447161147454","1.9999576112975"
"35","VNIR_Plant_Spectrum_X446.23","0.0108473003153065","0.00351504311416506","1.9999576112975"
"35","VNIR_Plant_Spectrum_X447.37","0.0106571288288719","0.0035496718046611","1.36547217489971"
"35","VNIR_Plant_Spectrum_X448.52","0.0109807021105437","0.00357636472347745","1.9999576112975"
"35","VNIR_Plant_Spectrum_X449.66","0.0109412052108743","0.00364399766522412","1.9999576112975"
"35","VNIR_Plant_Spectrum_X450.8","0.0105156931219302","0.00353115714746088","1.32180270035697"
"35","VNIR_Plant_Spectrum_X451.95","0.0112901110173445","0.00368900033580469","1.9999576112975"
"35","VNIR_Plant_Spectrum_X453.09","0.0113356912124681","0.00369595033136467","1.9999576112975"
"35","VNIR_Plant_Spectrum_X454.23","0.0110049850298346","0.00364514056730065","1.9999576112975"
"35","VNIR_Plant_Spectrum_X455.38","0.0111521342854671","0.00373222802331923","1.9999576112975"
"35","VNIR_Plant_Spectrum_X456.52","0.0112734190407018","0.00369451099961538","1.9999576112975"
"35","VNIR_Plant_Spectrum_X457.66","0.0115309927689828","0.00374009526520729","1.9999576112975"
"35","VNIR_Plant_Spectrum_X458.8","0.0116166176941886","0.00383122779816134","1.9999576112975"
"35","VNIR_Plant_Spectrum_X459.95","0.0114090340062296","0.003811432703829","1.9999576112975"
"35","VNIR_Plant_Spectrum_X461.09","0.011165172756541","0.0036246299601234","-0.999957596396336"
"35","VNIR_Plant_Spectrum_X462.23","0.011845667818099","0.00387508837859728","1.97260855998498"
"35","VNIR_Plant_Spectrum_X463.38","0.0111721447521405","0.0037533923812614","1.9999576112975"
"35","VNIR_Plant_Spectrum_X464.52","0.0120179873486002","0.0038218459596847","1.9999576112975"
"35","VNIR_Plant_Spectrum_X465.66","0.0115855740981845","0.00383325956748704","1.9999576112975"
"35","VNIR_Plant_Spectrum_X466.81","0.0114014445800589","0.00375978504888683","1.9999576112975"
"35","VNIR_Plant_Spectrum_X467.95","0.0119432031772125","0.00381022953268628","1.9999576112975"
"35","VNIR_Plant_Spectrum_X469.09","0.0121466975390231","0.00384758634436286","1.9999576112975"
"35","VNIR_Plant_Spectrum_X470.23","0.0119295493430183","0.0037866730580512","1.93760763120863"
"35","VNIR_Plant_Spectrum_X471.38","0.0116452377512112","0.00383525688358332","1.9999576112975"
"35","VNIR_Plant_Spectrum_X472.52","0.0119881177108419","0.0038308749585372","1.54777563326313"
"35","VNIR_Plant_Spectrum_X473.66","0.0120841050720191","0.00382967343640689","1.82954407677125"
"35","VNIR_Plant_Spectrum_X474.81","0.0115417241188014","0.00376802549735093","0.951742861552423"
"35","VNIR_Plant_Spectrum_X475.95","0.0119690422906967","0.00384407052359538","1.9999576112975"
"35","VNIR_Plant_Spectrum_X477.09","0.0118016563423758","0.00378403458434102","1.9999576112975"
"35","VNIR_Plant_Spectrum_X478.24","0.011822829846483","0.00380204573627685","1.50095626431093"
"35","VNIR_Plant_Spectrum_X479.38","0.0116527191935406","0.00375362515080736","0.911352054309096"
"35","VNIR_Plant_Spectrum_X480.52","0.0119844633441535","0.00380636276210336","1.9999576112975"
"35","VNIR_Plant_Spectrum_X481.66","0.0117217974753161","0.00377557611028276","1.54089513027904"
"35","VNIR_Plant_Spectrum_X482.81","0.0115570110755292","0.00373051346789295","0.833940439935859"
"35","VNIR_Plant_Spectrum_X483.95","0.0116960578406716","0.00378256489222381","1.89604530513287"
"35","VNIR_Plant_Spectrum_X485.09","0.0116908792599956","0.00374600618142543","1.9999576112975"
"35","VNIR_Plant_Spectrum_X486.24","0.0118451820604052","0.00377942351488402","1.9999576112975"
"35","VNIR_Plant_Spectrum_X487.38","0.0119281302491317","0.0037602180094921","1.9999576112975"
"35","VNIR_Plant_Spectrum_X488.52","0.0118846728949443","0.0037818648521125","1.70194888967625"
"35","VNIR_Plant_Spectrum_X489.67","0.0117800071822944","0.00371641272949811","1.9999576112975"
"35","VNIR_Plant_Spectrum_X490.81","0.0116691887844073","0.00372428537597991","1.9999576112975"
"35","VNIR_Plant_Spectrum_X491.95","0.0117213136993902","0.00369459470889122","1.9999576112975"
"35","VNIR_Plant_Spectrum_X493.09","0.0117920774026843","0.00368031212716695","1.9999576112975"
"35","VNIR_Plant_Spectrum_X494.24","0.0118329597363014","0.00368478754299193","1.9999576112975"
"35","VNIR_Plant_Spectrum_X495.38","0.0117232395210014","0.00368233471819502","1.9999576112975"
"35","VNIR_Plant_Spectrum_X496.52","0.0118141384887483","0.00368181672071616","1.9999576112975"
"35","VNIR_Plant_Spectrum_X497.67","0.0118925052856128","0.00368605842794868","1.9999576112975"
"35","VNIR_Plant_Spectrum_X498.81","0.0120194607185076","0.00375937412007762","1.9999576112975"
"35","VNIR_Plant_Spectrum_X499.95","0.0121299007532294","0.00381927573837904","1.9999576112975"
"35","VNIR_Plant_Spectrum_X501.1","0.0124936173096128","0.00384089185780821","1.9999576112975"
"35","VNIR_Plant_Spectrum_X502.24","0.0125758827106824","0.00386851326053864","1.9999576112975"
"35","VNIR_Plant_Spectrum_X503.38","0.0127999477385613","0.00388419013763107","1.9999576112975"
"35","VNIR_Plant_Spectrum_X504.52","0.0130722225177658","0.00397109267541058","1.9999576112975"
"35","VNIR_Plant_Spectrum_X505.67","0.0133100018753497","0.00400042174113085","1.9999576112975"
"35","VNIR_Plant_Spectrum_X506.81","0.0135984045185272","0.00410420973320725","1.9999576112975"
"35","VNIR_Plant_Spectrum_X507.95","0.0139243300505686","0.00416166819191602","1.9999576112975"
"35","VNIR_Plant_Spectrum_X509.1","0.013960116172533","0.00419652356601489","1.9999576112975"
"35","VNIR_Plant_Spectrum_X510.24","0.0144790140509246","0.00432922302844079","1.9999576112975"
"35","VNIR_Plant_Spectrum_X511.38","0.0147989654304391","0.00440487262936187","1.9999576112975"
"35","VNIR_Plant_Spectrum_X512.53","0.0153148401993592","0.00454653049575194","1.9999576112975"
"35","VNIR_Plant_Spectrum_X513.67","0.0156944169556667","0.00468237796696479","1.9999576112975"
"35","VNIR_Plant_Spectrum_X514.81","0.0161610581214252","0.00482901318578872","1.9999576112975"
"35","VNIR_Plant_Spectrum_X515.95","0.0164999281800724","0.00496818088773952","1.9999576112975"
"35","VNIR_Plant_Spectrum_X517.1","0.0172236753025531","0.00515148756002894","1.9999576112975"
"35","VNIR_Plant_Spectrum_X518.24","0.0176868813755302","0.00533995225324064","1.9999576112975"
"35","VNIR_Plant_Spectrum_X519.38","0.0183960565232701","0.00556528066406725","1.9999576112975"
"35","VNIR_Plant_Spectrum_X520.53","0.0191509109521125","0.00583742935107188","1.9999576112975"
"35","VNIR_Plant_Spectrum_X521.67","0.0194178932453086","0.00597401144012904","1.9999576112975"
"35","VNIR_Plant_Spectrum_X522.81","0.0198844214687756","0.0061980736180931","1.9999576112975"
"35","VNIR_Plant_Spectrum_X523.96","0.0203392300343904","0.00636652749888139","1.9999576112975"
"35","VNIR_Plant_Spectrum_X525.1","0.0207951403396763","0.00655981888487982","1.9999576112975"
"35","VNIR_Plant_Spectrum_X526.24","0.0214887615442156","0.00676321554068716","1.9999576112975"
"35","VNIR_Plant_Spectrum_X527.38","0.0216264678766012","0.00693366206155062","1.9999576112975"
"35","VNIR_Plant_Spectrum_X528.53","0.0221943768741671","0.00713849614336748","1.9999576112975"
"35","VNIR_Plant_Spectrum_X529.67","0.0224573862890408","0.00726702140347643","1.9999576112975"
"35","VNIR_Plant_Spectrum_X530.81","0.0227564541794274","0.00736997661319171","1.9999576112975"
"35","VNIR_Plant_Spectrum_X531.96","0.0231130472678188","0.00751728131988321","1.9999576112975"
"35","VNIR_Plant_Spectrum_X533.1","0.023206120274979","0.00761564741531547","1.9999576112975"
"35","VNIR_Plant_Spectrum_X534.24","0.0234591284854942","0.00770761874709226","1.9999576112975"
"35","VNIR_Plant_Spectrum_X535.39","0.0235964497874276","0.00777001742562691","1.9999576112975"
"35","VNIR_Plant_Spectrum_X536.53","0.0237663784318293","0.00782792186214834","1.9999576112975"
"35","VNIR_Plant_Spectrum_X537.67","0.0239083707416273","0.00791672314037773","1.9999576112975"
"35","VNIR_Plant_Spectrum_X538.81","0.024058937604378","0.0079781634330813","1.9999576112975"
"35","VNIR_Plant_Spectrum_X539.96","0.024204530102892","0.00797600178499633","1.9999576112975"
"35","VNIR_Plant_Spectrum_X541.1","0.0242373193534986","0.00804405550575556","1.9999576112975"
"35","VNIR_Plant_Spectrum_X542.24","0.0243122892145585","0.00805264872564542","1.9999576112975"
"35","VNIR_Plant_Spectrum_X543.39","0.0242567041915559","0.00809705068347635","1.9999576112975"
"35","VNIR_Plant_Spectrum_X544.53","0.024286100280883","0.00812191492743222","1.9999576112975"
"35","VNIR_Plant_Spectrum_X545.67","0.0245798237447825","0.00817195033875629","1.9999576112975"
"35","VNIR_Plant_Spectrum_X546.82","0.0246712626805721","0.00824029847325806","1.9999576112975"
"35","VNIR_Plant_Spectrum_X547.96","0.0247909742074914","0.0082603018350154","1.9999576112975"
"35","VNIR_Plant_Spectrum_X549.1","0.0248239722387332","0.00828701758079157","1.9999576112975"
"35","VNIR_Plant_Spectrum_X550.24","0.0247744062841165","0.00830389753686764","1.9999576112975"
"35","VNIR_Plant_Spectrum_X551.38","0.0248738377963982","0.008316285013035","1.9999576112975"
"35","VNIR_Plant_Spectrum_X552.52","0.0248693654159192","0.00829043409651514","1.9999576112975"
"35","VNIR_Plant_Spectrum_X553.66","0.0246769060366942","0.00824056360439382","1.9999576112975"
"35","VNIR_Plant_Spectrum_X554.8","0.0246325281391748","0.00820242026056388","1.9999576112975"
"35","VNIR_Plant_Spectrum_X555.95","0.0244416303988887","0.00814339641401348","1.9999576112975"
"35","VNIR_Plant_Spectrum_X557.09","0.0241955899488636","0.00804738782631269","1.9999576112975"
"35","VNIR_Plant_Spectrum_X558.23","0.0240346054911275","0.00799295602666412","1.9999576112975"
"35","VNIR_Plant_Spectrum_X559.37","0.0239100698990934","0.00790191448414845","1.9999576112975"
"35","VNIR_Plant_Spectrum_X560.51","0.0236464238231695","0.00779358223295975","1.9999576112975"
"35","VNIR_Plant_Spectrum_X561.65","0.0233539573533326","0.00768750932114138","1.9999576112975"
"35","VNIR_Plant_Spectrum_X562.79","0.0230205920124943","0.00754479636976762","1.9999576112975"
"35","VNIR_Plant_Spectrum_X563.93","0.0230626937593694","0.00745309332968269","1.9999576112975"
"35","VNIR_Plant_Spectrum_X565.07","0.0223947952170924","0.00728925095384315","1.9999576112975"
"35","VNIR_Plant_Spectrum_X566.22","0.0221552274831718","0.00715167661098607","1.9999576112975"
"35","VNIR_Plant_Spectrum_X567.36","0.021728583003342","0.00698151953035041","1.9999576112975"
"35","VNIR_Plant_Spectrum_X568.5","0.0213165576483251","0.00681781012941154","1.9999576112975"
"35","VNIR_Plant_Spectrum_X569.64","0.0209645018500227","0.00667169383404324","1.9999576112975"
"35","VNIR_Plant_Spectrum_X570.78","0.02052438729639","0.006502034195549","1.9999576112975"
"35","VNIR_Plant_Spectrum_X571.92","0.0202094035890955","0.00635621281625073","1.9999576112975"
"35","VNIR_Plant_Spectrum_X573.06","0.0198678453021219","0.00624066684622068","1.9999576112975"
"35","VNIR_Plant_Spectrum_X574.2","0.019593802668415","0.00611215347456838","1.9999576112975"
"35","VNIR_Plant_Spectrum_X575.35","0.0193262017003301","0.00601312597187607","1.9999576112975"
"35","VNIR_Plant_Spectrum_X576.49","0.0189685202283705","0.00588599754346677","1.9999576112975"
"35","VNIR_Plant_Spectrum_X577.63","0.0187239334912741","0.0057761113854571","1.9999576112975"
"35","VNIR_Plant_Spectrum_X578.77","0.0185355263242361","0.00570990909321952","1.9999576112975"
"35","VNIR_Plant_Spectrum_X579.91","0.0182371915281171","0.00562032334184923","1.9999576112975"
"35","VNIR_Plant_Spectrum_X581.05","0.0180244465891293","0.00554109642058325","1.9999576112975"
"35","VNIR_Plant_Spectrum_X582.19","0.017786728957167","0.00546916888242339","1.9999576112975"
"35","VNIR_Plant_Spectrum_X583.33","0.017639418593094","0.00539178178632654","1.9999576112975"
"35","VNIR_Plant_Spectrum_X584.48","0.017493418627768","0.00532853915680252","1.9999576112975"
"35","VNIR_Plant_Spectrum_X585.62","0.0173128177774304","0.00527795792424305","1.9999576112975"
"35","VNIR_Plant_Spectrum_X586.76","0.0171184558335133","0.00521479138041348","1.9999576112975"
"35","VNIR_Plant_Spectrum_X587.9","0.0170402729050528","0.0051762177285739","1.9999576112975"
"35","VNIR_Plant_Spectrum_X589.04","0.0169348099403699","0.00514136741687236","1.9999576112975"
"35","VNIR_Plant_Spectrum_X590.18","0.0168062716407548","0.0050869696791809","1.9999576112975"
"35","VNIR_Plant_Spectrum_X591.32","0.0167412974388376","0.00504876684442491","1.9999576112975"
"35","VNIR_Plant_Spectrum_X592.46","0.0166398158254168","0.00501783041037246","1.9999576112975"
"35","VNIR_Plant_Spectrum_X593.6","0.016547494045108","0.00499912030930741","1.9999576112975"
"35","VNIR_Plant_Spectrum_X594.75","0.016480171498105","0.00499443120895646","1.9999576112975"
"35","VNIR_Plant_Spectrum_X595.89","0.0164251638202275","0.00498365610077273","1.9999576112975"
"35","VNIR_Plant_Spectrum_X597.03","0.0163808713612284","0.00494115428511173","1.9999576112975"
"35","VNIR_Plant_Spectrum_X598.17","0.0162222747042276","0.0049046804773214","1.9999576112975"
"35","VNIR_Plant_Spectrum_X599.31","0.0161599572302595","0.00487926735004478","1.9999576112975"
"35","VNIR_Plant_Spectrum_X600.45","0.0160973452560788","0.00485435181626267","1.9999576112975"
"35","VNIR_Plant_Spectrum_X601.59","0.0159659447870602","0.0048205817408853","1.9999576112975"
"35","VNIR_Plant_Spectrum_X602.73","0.0158815067859602","0.00477103377577643","1.9999576112975"
"35","VNIR_Plant_Spectrum_X603.88","0.0157832686049036","0.00474867754030769","1.9999576112975"
"35","VNIR_Plant_Spectrum_X605.02","0.0156125390862304","0.00466584091318454","1.9999576112975"
"35","VNIR_Plant_Spectrum_X606.16","0.0153183398829664","0.00460550165786753","1.9999576112975"
"35","VNIR_Plant_Spectrum_X607.3","0.0151190905184308","0.00452520390209005","1.9999576112975"
"35","VNIR_Plant_Spectrum_X608.44","0.0149151110851571","0.00446330259724539","1.9999576112975"
"35","VNIR_Plant_Spectrum_X609.58","0.0146264724093838","0.00438920992426216","1.9999576112975"
"35","VNIR_Plant_Spectrum_X610.72","0.0145010287490795","0.00433645927110685","1.9999576112975"
"35","VNIR_Plant_Spectrum_X611.86","0.0142130567007786","0.00425162944924041","1.9999576112975"
"35","VNIR_Plant_Spectrum_X613.01","0.0140796832694025","0.00418151599198196","1.9999576112975"
"35","VNIR_Plant_Spectrum_X614.15","0.0138304013817717","0.00410877229466793","1.9999576112975"
"35","VNIR_Plant_Spectrum_X615.29","0.013652599233935","0.00406852012791088","1.9999576112975"
"35","VNIR_Plant_Spectrum_X616.43","0.0135918611519194","0.00402401191832209","1.9999576112975"
"35","VNIR_Plant_Spectrum_X617.57","0.0135890928044301","0.00400521938159616","1.9999576112975"
"35","VNIR_Plant_Spectrum_X618.71","0.0134309974497978","0.00396363171446435","1.9999576112975"
"35","VNIR_Plant_Spectrum_X619.85","0.013245980659905","0.00392164448459681","1.9999576112975"
"35","VNIR_Plant_Spectrum_X620.99","0.0131149139281737","0.00388284082528351","1.9999576112975"
"35","VNIR_Plant_Spectrum_X622.14","0.013108207013898","0.00388868436799816","1.9999576112975"
"35","VNIR_Plant_Spectrum_X623.28","0.0130150818727917","0.00384105365653596","1.9999576112975"
"35","VNIR_Plant_Spectrum_X624.42","0.0130010025715243","0.00384535032086614","1.9999576112975"
"35","VNIR_Plant_Spectrum_X625.56","0.0128789565776009","0.00381251611132049","1.9999576112975"
"35","VNIR_Plant_Spectrum_X626.7","0.012953365444839","0.00381150312595113","1.9999576112975"
"35","VNIR_Plant_Spectrum_X627.84","0.0128826374338619","0.00379665130800295","1.9999576112975"
"35","VNIR_Plant_Spectrum_X628.98","0.012947227490117","0.00380834144940466","1.9999576112975"
"35","VNIR_Plant_Spectrum_X630.12","0.0128894809585502","0.00379840753642238","1.9999576112975"
"35","VNIR_Plant_Spectrum_X631.26","0.0126897539733272","0.00375167302455776","1.9999576112975"
"35","VNIR_Plant_Spectrum_X632.41","0.0127114584488363","0.00375056158656103","1.9999576112975"
"35","VNIR_Plant_Spectrum_X633.55","0.0127458710245531","0.00375199867355539","1.9999576112975"
"35","VNIR_Plant_Spectrum_X634.69","0.0126260776782464","0.00372490739660592","1.9999576112975"
"35","VNIR_Plant_Spectrum_X635.83","0.0125824298402109","0.00368537442960963","1.9999576112975"
"35","VNIR_Plant_Spectrum_X636.97","0.0124140378905045","0.00366539369174882","1.9999576112975"
"35","VNIR_Plant_Spectrum_X638.11","0.0123934479232055","0.00365414005423116","1.9999576112975"
"35","VNIR_Plant_Spectrum_X639.25","0.0121928463934553","0.0036185551241019","1.9999576112975"
"35","VNIR_Plant_Spectrum_X640.39","0.0120454476340043","0.00358572306379919","1.9999576112975"
"35","VNIR_Plant_Spectrum_X641.54","0.0119782895891813","0.00356484858316588","1.9999576112975"
"35","VNIR_Plant_Spectrum_X642.68","0.0118629088201507","0.00353823665079216","1.9999576112975"
"35","VNIR_Plant_Spectrum_X643.82","0.0116465065273439","0.00348542212161343","1.9999576112975"
"35","VNIR_Plant_Spectrum_X644.96","0.0114792881251327","0.00344474847018865","1.9999576112975"
"35","VNIR_Plant_Spectrum_X646.1","0.0112845873300472","0.00338124592322361","1.17982811885342"
"35","VNIR_Plant_Spectrum_X647.24","0.0111746001112122","0.00335941793949413","1.05427711657336"
"35","VNIR_Plant_Spectrum_X648.38","0.0109743747986415","0.00329394395389811","-0.0754832571038952"
"35","VNIR_Plant_Spectrum_X649.52","0.0108710218316861","0.00323306670668989","-0.857605830018953"
"35","VNIR_Plant_Spectrum_X650.67","0.0107100920171367","0.00318654011977445","-0.999957596396336"
"35","VNIR_Plant_Spectrum_X651.81","0.0106648837360374","0.00319130959910844","-0.999957596396336"
"35","VNIR_Plant_Spectrum_X652.95","0.0104724160217865","0.00316281894484193","-0.999957596396336"
"35","VNIR_Plant_Spectrum_X654.09","0.010383009873725","0.00313494780702454","-0.999957596396336"
"35","VNIR_Plant_Spectrum_X655.23","0.010355945808328","0.00311149208621528","-0.999957596396336"
"35","VNIR_Plant_Spectrum_X656.37","0.0101728971629914","0.00307849388066555","-0.999957596396336"
"35","VNIR_Plant_Spectrum_X657.51","0.0100222002137952","0.00306534844342785","-0.999957596396336"
"35","VNIR_Plant_Spectrum_X658.65","0.00993448307578922","0.00303658209856682","-0.999957596396336"
"35","VNIR_Plant_Spectrum_X659.79","0.00986883080770554","0.00301984292991857","-0.999957596396336"
"35","VNIR_Plant_Spectrum_X660.94","0.00978488568648232","0.00301539823811619","-0.999957596396336"
"35","VNIR_Plant_Spectrum_X662.08","0.00958660778555959","0.00297361013695605","-0.999957596396336"
"35","VNIR_Plant_Spectrum_X663.22","0.00955666442305148","0.00296133225148049","-0.999957596396336"
"35","VNIR_Plant_Spectrum_X664.36","0.00944331693214898","0.00295517989253378","-0.999957596396336"
"35","VNIR_Plant_Spectrum_X665.5","0.00935290618722623","0.00295877197189538","-0.999957596396336"
"35","VNIR_Plant_Spectrum_X666.64","0.00931760965941297","0.00293191755863456","-0.999957596396336"
"35","VNIR_Plant_Spectrum_X667.78","0.0092342279622574","0.00294398722183057","-0.999957596396336"
"35","VNIR_Plant_Spectrum_X668.92","0.00911729968988905","0.00292662749911975","-0.999957596396336"
"35","VNIR_Plant_Spectrum_X670.07","0.00919713875743207","0.00295922433230621","-0.999957596396336"
"35","VNIR_Plant_Spectrum_X671.21","0.009071867869655","0.00293569664845442","-0.999957596396336"
"35","VNIR_Plant_Spectrum_X672.35","0.00908939051484256","0.00295527096733234","-0.999957596396336"
"35","VNIR_Plant_Spectrum_X673.49","0.00910017260361837","0.00294211166175948","-0.999957596396336"
"35","VNIR_Plant_Spectrum_X674.63","0.00910743225147298","0.00294720868512083","-0.999957596396336"
"35","VNIR_Plant_Spectrum_X675.77","0.00913573203605958","0.00296150520703172","-0.999957596396336"
"35","VNIR_Plant_Spectrum_X676.91","0.00917419329310449","0.00296036589874262","-0.999957596396336"
"35","VNIR_Plant_Spectrum_X678.05","0.00916833818089043","0.00296307350844012","-0.999957596396336"
"35","VNIR_Plant_Spectrum_X679.2","0.00915446705179218","0.00295861283323394","-0.999957596396336"
"35","VNIR_Plant_Spectrum_X680.34","0.00927869789859174","0.0029721685165951","-0.999957596396336"
"35","VNIR_Plant_Spectrum_X681.48","0.00924439669595825","0.00296537357190424","-0.999957596396336"
"35","VNIR_Plant_Spectrum_X682.62","0.00936467734454916","0.00296707232524899","-0.999957596396336"
"35","VNIR_Plant_Spectrum_X683.76","0.00946943972047819","0.00297378113377234","-0.999957596396336"
"35","VNIR_Plant_Spectrum_X684.9","0.00967628366135535","0.00301330214171076","0.100718603968894"
"35","VNIR_Plant_Spectrum_X686.04","0.0099844392582543","0.00308895773398749","1.9999576112975"
"35","VNIR_Plant_Spectrum_X687.18","0.0102923677803222","0.00313256176638017","1.9999576112975"
"35","VNIR_Plant_Spectrum_X688.33","0.0106299014709347","0.00318981956535692","1.9999576112975"
"35","VNIR_Plant_Spectrum_X689.47","0.0111729334139659","0.00332132800756496","1.9999576112975"
"35","VNIR_Plant_Spectrum_X690.61","0.011901032858566","0.00352121031307527","1.9999576112975"
"35","VNIR_Plant_Spectrum_X691.75","0.0126155208349941","0.00374773277705762","1.9999576112975"
"35","VNIR_Plant_Spectrum_X692.89","0.0135780894345779","0.00408245978194296","1.9999576112975"
"35","VNIR_Plant_Spectrum_X694.03","0.0146740288118455","0.00446876681095895","1.9999576112975"
"35","VNIR_Plant_Spectrum_X695.17","0.0159291093877773","0.0049507886297751","1.9999576112975"
"35","VNIR_Plant_Spectrum_X696.31","0.0172986922829412","0.00549859604868798","1.9999576112975"
"35","VNIR_Plant_Spectrum_X697.45","0.0186384095288807","0.00607295860163638","1.9999576112975"
"35","VNIR_Plant_Spectrum_X698.6","0.0201181084304779","0.00669697531813163","1.9999576112975"
"35","VNIR_Plant_Spectrum_X699.74","0.021471980367357","0.00736461859599093","1.9999576112975"
"35","VNIR_Plant_Spectrum_X700.88","0.0229951444553407","0.0080364177738797","1.9999576112975"
"35","VNIR_Plant_Spectrum_X702.02","0.0244553529519278","0.00868986850973792","1.9999576112975"
"35","VNIR_Plant_Spectrum_X703.16","0.0259653375807486","0.00935035579020641","1.9999576112975"
"35","VNIR_Plant_Spectrum_X704.3","0.0275818647570255","0.010029180469144","1.9999576112975"
"35","VNIR_Plant_Spectrum_X705.44","0.0289382028872335","0.0106476979055858","1.9999576112975"
"35","VNIR_Plant_Spectrum_X706.58","0.0307407708208078","0.0113379398331933","1.9999576112975"
"35","VNIR_Plant_Spectrum_X707.73","0.0319525373296525","0.0119646975771025","1.9999576112975"
"35","VNIR_Plant_Spectrum_X708.87","0.0336047196373579","0.0126264928860062","1.9999576112975"
"35","VNIR_Plant_Spectrum_X710","0.0347417848296054","0.0132572088023284","1.9999576112975"
"35","VNIR_Plant_Spectrum_X711.15","0.0364491129210886","0.0139210762950786","1.9999576112975"
"35","VNIR_Plant_Spectrum_X712.29","0.0377928920966396","0.0145772938479875","1.9999576112975"
"35","VNIR_Plant_Spectrum_X713.43","0.0390015311230025","0.0152218627237881","1.9999576112975"
"35","VNIR_Plant_Spectrum_X714.57","0.0399935543335094","0.015874505372898","1.9999576112975"
"35","VNIR_Plant_Spectrum_X715.71","0.0412931566559469","0.0165757735374954","1.9999576112975"
"35","VNIR_Plant_Spectrum_X716.86","0.0427115322965456","0.0172525089316241","1.9999576112975"
"35","VNIR_Plant_Spectrum_X718","0.0438770298030225","0.0179331565819346","1.9999576112975"
"35","VNIR_Plant_Spectrum_X719.14","0.0446672859781589","0.0185952511990432","1.9999576112975"
"35","VNIR_Plant_Spectrum_X720.28","0.0457130039626798","0.0192341995241974","1.9999576112975"
"35","VNIR_Plant_Spectrum_X721.42","0.046521446110503","0.0198865223640082","1.9999576112975"
"35","VNIR_Plant_Spectrum_X722.56","0.0473315053464228","0.0205515710812124","1.9999576112975"
"35","VNIR_Plant_Spectrum_X723.7","0.0480047634631468","0.0211404297533325","1.9999576112975"
"35","VNIR_Plant_Spectrum_X724.84","0.0487642445190541","0.0217594745948285","1.9999576112975"
"35","VNIR_Plant_Spectrum_X725.98","0.0495610139403557","0.0223626869558379","1.9999576112975"
"35","VNIR_Plant_Spectrum_X727.13","0.0501138645785271","0.022908657330254","1.9999576112975"
"35","VNIR_Plant_Spectrum_X728.27","0.0514765726101936","0.0234670387874801","1.9999576112975"
"35","VNIR_Plant_Spectrum_X729.41","0.0524662231378109","0.0239795142440934","1.9999576112975"
"35","VNIR_Plant_Spectrum_X730.55","0.0533707527621493","0.0244894346035613","1.9999576112975"
"35","VNIR_Plant_Spectrum_X731.69","0.0546122660644626","0.0250039271825254","1.9999576112975"
"35","VNIR_Plant_Spectrum_X732.83","0.0552628864583436","0.0254299939079251","1.9999576112975"
"35","VNIR_Plant_Spectrum_X733.97","0.0560136079898512","0.0258376220855429","1.9999576112975"
"35","VNIR_Plant_Spectrum_X735.11","0.0566743847729293","0.0262321240940406","1.9999576112975"
"35","VNIR_Plant_Spectrum_X736.25","0.0570951646392433","0.0265676365972298","1.9999576112975"
"35","VNIR_Plant_Spectrum_X737.4","0.0577318569153549","0.0268521620521856","1.9999576112975"
"35","VNIR_Plant_Spectrum_X738.54","0.0583390298616954","0.0271776552615013","1.9999576112975"
"35","VNIR_Plant_Spectrum_X739.68","0.059070127757179","0.0275088441694173","1.9999576112975"
"35","VNIR_Plant_Spectrum_X740.82","0.0592596386561896","0.0277425506672342","1.9999576112975"
"35","VNIR_Plant_Spectrum_X741.96","0.0596025245789187","0.0280135371458583","1.9999576112975"
"35","VNIR_Plant_Spectrum_X743.1","0.0598191863726206","0.0281949916828597","1.9999576112975"
"35","VNIR_Plant_Spectrum_X744.24","0.0602993031143192","0.028444048930887","1.9999576112975"
"35","VNIR_Plant_Spectrum_X745.39","0.0604434425216272","0.0285882822151404","1.9999576112975"
"35","VNIR_Plant_Spectrum_X746.53","0.0609008812925356","0.028779473064582","1.9999576112975"
"35","VNIR_Plant_Spectrum_X747.67","0.0612765936801643","0.0288580883846545","1.9999576112975"
"35","VNIR_Plant_Spectrum_X748.81","0.0613004817210157","0.0289631893056202","1.9999576112975"
"35","VNIR_Plant_Spectrum_X749.95","0.0612767778388394","0.0291165664765141","1.9999576112975"
"35","VNIR_Plant_Spectrum_X751.09","0.0609689137737327","0.0291771556235513","1.9999576112975"
"35","VNIR_Plant_Spectrum_X752.23","0.0607701062920884","0.0292208634711162","1.9999576112975"
"35","VNIR_Plant_Spectrum_X753.37","0.0611625620724511","0.0293163876607669","1.9999576112975"
"35","VNIR_Plant_Spectrum_X754.52","0.0610144558893603","0.0293401446872991","1.9999576112975"
"35","VNIR_Plant_Spectrum_X755.66","0.0611718454471721","0.0293936893249109","1.9999576112975"
"35","VNIR_Plant_Spectrum_X756.8","0.0611750689849372","0.0294356727554285","1.9999576112975"
"35","VNIR_Plant_Spectrum_X757.94","0.0612794054805181","0.0294972728559277","1.9999576112975"
"35","VNIR_Plant_Spectrum_X759.08","0.061419745005696","0.0295259190349575","1.9999576112975"
"35","VNIR_Plant_Spectrum_X760.22","0.0613385816923329","0.0295289945828751","1.9999576112975"
"35","VNIR_Plant_Spectrum_X761.36","0.0611864403779215","0.0295485926294853","1.9999576112975"
"35","VNIR_Plant_Spectrum_X762.5","0.0616057230821005","0.029533644528945","1.9999576112975"
"35","VNIR_Plant_Spectrum_X763.64","0.0611031685331814","0.0295431436918868","1.9999576112975"
"35","VNIR_Plant_Spectrum_X764.79","0.0611100524845951","0.0295226731460635","1.9999576112975"
"35","VNIR_Plant_Spectrum_X765.93","0.0610114731222682","0.0295640904786262","1.9999576112975"
"35","VNIR_Plant_Spectrum_X767.07","0.0607911314776669","0.02951652072998","1.9999576112975"
"35","VNIR_Plant_Spectrum_X768.21","0.0612067429824263","0.0295216999232345","1.9999576112975"
"35","VNIR_Plant_Spectrum_X769.35","0.0611103977668147","0.0294987557589216","1.9999576112975"
"35","VNIR_Plant_Spectrum_X770.49","0.0609081520443212","0.0294952050196577","1.9999576112975"
"35","VNIR_Plant_Spectrum_X771.63","0.060501902372899","0.0294347884108271","1.9999576112975"
"35","VNIR_Plant_Spectrum_X772.77","0.0606494357544773","0.029476501739848","1.9999576112975"
"35","VNIR_Plant_Spectrum_X773.92","0.0602343819408031","0.0294425795993327","1.9999576112975"
"35","VNIR_Plant_Spectrum_X775.06","0.0602703882177214","0.029437490301038","1.9999576112975"
"35","VNIR_Plant_Spectrum_X776.2","0.0601646734650406","0.0294955875364536","1.9999576112975"
"35","VNIR_Plant_Spectrum_X777.34","0.060177489423039","0.0294619045628649","1.9999576112975"
"35","VNIR_Plant_Spectrum_X778.48","0.0598103742558372","0.0294351691425465","1.9999576112975"
"35","VNIR_Plant_Spectrum_X779.62","0.0598881228730823","0.0294230516988202","1.9999576112975"
"35","VNIR_Plant_Spectrum_X780.76","0.0596532809387726","0.029347380529525","1.9999576112975"
"35","VNIR_Plant_Spectrum_X781.9","0.0596218612229922","0.0293318402806138","1.9999576112975"
"35","VNIR_Plant_Spectrum_X783.05","0.0592966778533116","0.0293183252777528","1.9999576112975"
"35","VNIR_Plant_Spectrum_X784.19","0.0589998465116644","0.0292374287867704","1.9999576112975"
"35","VNIR_Plant_Spectrum_X785.33","0.0592333861182145","0.0292363270508305","1.9999576112975"
"35","VNIR_Plant_Spectrum_X786.47","0.0590244250581888","0.0292436605406769","1.9999576112975"
"35","VNIR_Plant_Spectrum_X787.61","0.0590314094782201","0.0292619446759627","1.9999576112975"
"35","VNIR_Plant_Spectrum_X788.75","0.0584485359877082","0.0291708052229872","1.9999576112975"
"35","VNIR_Plant_Spectrum_X789.89","0.0586539701724171","0.0291987196748867","1.9999576112975"
"35","VNIR_Plant_Spectrum_X791.03","0.0587898708488304","0.0291672056424297","1.9999576112975"
"35","VNIR_Plant_Spectrum_X792.17","0.0587368046735544","0.0291194145371546","1.9999576112975"
"35","VNIR_Plant_Spectrum_X793.32","0.058331531927058","0.0291156957785733","1.9999576112975"
"35","VNIR_Plant_Spectrum_X794.46","0.0580090279848878","0.0289828789647928","1.96415946217312"
"35","VNIR_Plant_Spectrum_X795.6","0.0574129368088705","0.0288782695942277","1.949688747063"
"35","VNIR_Plant_Spectrum_X796.74","0.0577933866525833","0.0289734347675168","1.9691854724888"
"35","VNIR_Plant_Spectrum_X797.88","0.0575497641732043","0.0287393554582886","1.82341263065498"
"35","VNIR_Plant_Spectrum_X799.02","0.0576822708884035","0.0286630625454342","1.81844274942152"
"35","VNIR_Plant_Spectrum_X800.16","0.0571936826406398","0.0285593332273716","1.78945172787556"
"35","VNIR_Plant_Spectrum_X801.3","0.0564396905959192","0.0283362486414158","1.68994559433879"
"35","VNIR_Plant_Spectrum_X802.45","0.0562413278490705","0.0282937750472182","1.71409368995011"
"35","VNIR_Plant_Spectrum_X803.59","0.0560866492419596","0.0282002701021885","1.68892593711496"
"35","VNIR_Plant_Spectrum_X804.73","0.0560006285396926","0.0280415202766073","1.61064201965807"
"35","VNIR_Plant_Spectrum_X805.87","0.0553862792906283","0.0279220850402955","1.59542170637009"
"35","VNIR_Plant_Spectrum_X807.01","0.0556038375431468","0.0279874783981822","1.6119297472377"
"35","VNIR_Plant_Spectrum_X808.15","0.0554134531302042","0.0278359115925533","1.55543705529131"
"35","VNIR_Plant_Spectrum_X809.29","0.0548215254053715","0.0277226657979374","1.52364222771752"
"35","VNIR_Plant_Spectrum_X810.43","0.0542476488158559","0.0274241187781443","1.40947552304051"
"35","VNIR_Plant_Spectrum_X811.58","0.0546681853389436","0.0275844578390491","1.48539917923285"
"35","VNIR_Plant_Spectrum_X812.72","0.0542927440294868","0.0275117756084384","1.4497959467762"
"35","VNIR_Plant_Spectrum_X813.86","0.0547992721301076","0.0274593304004062","1.41614152784412"
"35","VNIR_Plant_Spectrum_X815","0.0537065602885262","0.0272991266479843","1.33198541311236"
"35","VNIR_Plant_Spectrum_X816.14","0.0537894358642414","0.0272917523020054","1.37023401787027"
"35","VNIR_Plant_Spectrum_X817.28","0.0541114624804889","0.0273769976387886","1.36632044257535"
"35","VNIR_Plant_Spectrum_X818.42","0.0545029769880728","0.0272706944611191","1.31855409289482"
"35","VNIR_Plant_Spectrum_X819.56","0.0542262431712232","0.0272399974602204","1.3155809513511"
"35","VNIR_Plant_Spectrum_X820.71","0.053877633115695","0.0270631931901792","1.22554952573773"
"35","VNIR_Plant_Spectrum_X821.85","0.0536406746013199","0.0270617222674225","1.22968597434732"
"35","VNIR_Plant_Spectrum_X822.99","0.0531218531647344","0.0269048164318432","1.137233947209"
"35","VNIR_Plant_Spectrum_X824.13","0.0531090449347963","0.0270000037934078","1.18661128184583"
"35","VNIR_Plant_Spectrum_X825.27","0.0540469566261853","0.0270512014785516","1.22590994533207"
"35","VNIR_Plant_Spectrum_X826.41","0.0533368190233275","0.0267653927393423","1.09312766066301"
"35","VNIR_Plant_Spectrum_X827.55","0.0532781287548568","0.0269682214803826","1.18154187076878"
"35","VNIR_Plant_Spectrum_X828.69","0.0530162100606828","0.0269137086140161","1.1846349789327"
"35","VNIR_Plant_Spectrum_X829.83","0.0525461438833309","0.0267443258219267","1.09368485890798"
"35","VNIR_Plant_Spectrum_X830.98","0.0526970768006622","0.0265027027792393","0.997197112175352"
"35","VNIR_Plant_Spectrum_X832.12","0.0525176873407072","0.0265327554767222","1.00366468139343"
"35","VNIR_Plant_Spectrum_X833.25","0.0526918738910609","0.0265190878515674","0.990651342193838"
"35","VNIR_Plant_Spectrum_X834.4","0.0526699199409307","0.0264725071190164","0.937532109592548"
"35","VNIR_Plant_Spectrum_X835.54","0.0527030922152282","0.0263800777683906","0.932580616311862"
"35","VNIR_Plant_Spectrum_X836.68","0.0523343490853914","0.0263269901645052","0.929644596017964"
"35","VNIR_Plant_Spectrum_X837.82","0.0522191185321553","0.0261979404023808","0.858276624651862"
"35","VNIR_Plant_Spectrum_X838.96","0.0520628736987566","0.0260707478481586","0.840535912775298"
"35","VNIR_Plant_Spectrum_X840.11","0.0524317938777934","0.0262710063035614","0.921665459854724"
"35","VNIR_Plant_Spectrum_X841.25","0.0520579980708607","0.0261708296515943","0.885958513813146"
"35","VNIR_Plant_Spectrum_X842.39","0.0518234768181005","0.0260301784947206","0.873428955962325"
"35","VNIR_Plant_Spectrum_X843.53","0.0517530006725885","0.0259398395241081","0.78066508622622"
"35","VNIR_Plant_Spectrum_X844.67","0.0517751901541623","0.0258925584428615","0.793625794867201"
"35","VNIR_Plant_Spectrum_X845.81","0.0515120811002307","0.0258580908792942","0.722569175070482"
"35","VNIR_Plant_Spectrum_X846.95","0.0516391340620801","0.0257966490931886","0.776841944091357"
"35","VNIR_Plant_Spectrum_X848.09","0.0515638893742196","0.0257866021995062","0.752485003694833"
"35","VNIR_Plant_Spectrum_X849.24","0.0512999040836568","0.025622095118126","0.636386894004669"
"35","VNIR_Plant_Spectrum_X850.38","0.0512465886851445","0.0254939308414522","0.686940973292114"
"35","VNIR_Plant_Spectrum_X851.52","0.0515379245680436","0.0255743885153621","0.688161351335539"
"35","VNIR_Plant_Spectrum_X852.66","0.051176653820295","0.0254042890663388","0.601297895917658"
"35","VNIR_Plant_Spectrum_X853.8","0.0509158201279945","0.0253720689764264","0.559365377825147"
"35","VNIR_Plant_Spectrum_X854.94","0.0508308672802657","0.025251302477285","0.525994649928102"
"35","VNIR_Plant_Spectrum_X856.08","0.0508991845767429","0.0252279102249313","0.482776007391613"
"35","VNIR_Plant_Spectrum_X857.22","0.0510543926962799","0.0252978729919992","0.54586490102924"
"35","VNIR_Plant_Spectrum_X858.36","0.050557027754937","0.0251624216335716","0.444236563123577"
"35","VNIR_Plant_Spectrum_X859.5","0.0508026001074754","0.0252078201254478","0.505851742484348"
"35","VNIR_Plant_Spectrum_X860.65","0.0499828263119896","0.0250045073713159","0.418001382305845"
"35","VNIR_Plant_Spectrum_X861.79","0.0501433687328357","0.0251504266942562","0.48093319391442"
"35","VNIR_Plant_Spectrum_X862.93","0.0510314795768156","0.0250730399907038","0.440356487905659"
"35","VNIR_Plant_Spectrum_X864.07","0.0503249028144896","0.0247960773371429","0.331122168308502"
"35","VNIR_Plant_Spectrum_X865.21","0.0495132083416798","0.0248618095159758","0.37034296507304"
"35","VNIR_Plant_Spectrum_X866.35","0.0507254974283222","0.0248740137772268","0.367171043633654"
"35","VNIR_Plant_Spectrum_X867.49","0.0507802320882819","0.0248527397408761","0.403509957636511"
"35","VNIR_Plant_Spectrum_X868.64","0.0500736650837461","0.0248587381646064","0.368519782212733"
"35","VNIR_Plant_Spectrum_X869.78","0.0503115058319761","0.0246893213046823","0.279315531793699"
"35","VNIR_Plant_Spectrum_X870.92","0.0491124519549152","0.0245595536405281","0.171508214429895"
"35","VNIR_Plant_Spectrum_X872.06","0.0490856374345209","0.024564147689645","0.20373568337714"
"35","VNIR_Plant_Spectrum_X873.2","0.0494054746859919","0.0248003602505617","0.349533515023674"
"35","VNIR_Plant_Spectrum_X874.34","0.0499326906101026","0.0245922991754753","0.230799869995428"
"35","VNIR_Plant_Spectrum_X875.48","0.0504424211546254","0.02466236128953","0.308928232915802"
"35","VNIR_Plant_Spectrum_X876.62","0.0494491451942768","0.0246924825902781","0.292130700049455"
"35","VNIR_Plant_Spectrum_X877.77","0.04968172557653","0.0244873181027707","0.244731908774897"
"35","VNIR_Plant_Spectrum_X878.91","0.0498013697711676","0.0244719589812913","0.211737708648095"
"35","VNIR_Plant_Spectrum_X880.05","0.0491421618268958","0.0243450988199229","0.115668612427954"
"35","VNIR_Plant_Spectrum_X881.19","0.0495625421901652","0.0244717449162184","0.203438425201845"
"35","VNIR_Plant_Spectrum_X882.33","0.0486337663212429","0.0241533096266872","0.071082637434399"
"35","VNIR_Plant_Spectrum_X883.47","0.049187274982682","0.0241686993027366","0.0455809596107"
"35","VNIR_Plant_Spectrum_X884.61","0.0491358117007286","0.0243637475214572","0.165387821382973"
"35","VNIR_Plant_Spectrum_X885.75","0.0494063243729224","0.0243093162881651","0.13187598211525"
"35","VNIR_Plant_Spectrum_X886.9","0.0490426705219988","0.024133897156461","0.0161084571179034"
"35","VNIR_Plant_Spectrum_X888.04","0.0493819161419566","0.0243132161776287","0.114341489149433"
"35","VNIR_Plant_Spectrum_X889.18","0.0493694478188255","0.0240162959809586","-0.00893781395216434"
"35","VNIR_Plant_Spectrum_X890.32","0.0487074169985932","0.0240416760826588","-0.0107258565288394"
"35","VNIR_Plant_Spectrum_X891.46","0.0484660970545586","0.0240522959370158","0.0353595241676248"
"35","VNIR_Plant_Spectrum_X892.6","0.0488289811775189","0.0238764495246534","-0.0762621285279888"
"35","VNIR_Plant_Spectrum_X893.74","0.0486398234747937","0.0239376129294266","-0.0950440494637732"
"35","VNIR_Plant_Spectrum_X894.88","0.048839437352723","0.0239705880946672","-0.0665198579037048"
"35","VNIR_Plant_Spectrum_X896.02","0.0482664841612908","0.0238166409408536","-0.101019888449855"
"35","VNIR_Plant_Spectrum_X897.17","0.0482754806871203","0.0238413215741736","-0.138934892674864"
"35","VNIR_Plant_Spectrum_X898.31","0.0491694230719128","0.024038578985456","0.0313577420957574"
"42","VNIR_Plant_Spectrum_X351.44","0.00114450999980283","0.000291098636259373","-0.999957596396336"
"42","VNIR_Plant_Spectrum_X352.58","0.0131785419154921","0.0040710460160211","1.9999576112975"
"42","VNIR_Plant_Spectrum_X353.72","0","0","1.9999576112975"
"42","VNIR_Plant_Spectrum_X354.86","0.0056777712302161","0.00215730422517912","-0.999957596396336"
"42","VNIR_Plant_Spectrum_X356","0.0024863663426767","0.000851441508795113","-0.999957596396336"
"42","VNIR_Plant_Spectrum_X357.15","0.00198220679479697","0.000581478033530827","1.9999576112975"
"42","VNIR_Plant_Spectrum_X358.29","0","0","1.9999576112975"
"42","VNIR_Plant_Spectrum_X359.43","0.00262258585553665","0.000894335633856338","1.9999576112975"
"42","VNIR_Plant_Spectrum_X360.57","0","0","1.9999576112975"
"42","VNIR_Plant_Spectrum_X361.72","0","0","1.9999576112975"
"42","VNIR_Plant_Spectrum_X362.86","0.00570224575887885","0.00149572084930505","-0.999957596396336"
"42","VNIR_Plant_Spectrum_X364","0","0","1.9999576112975"
"42","VNIR_Plant_Spectrum_X365.14","0","0","1.9999576112975"
"42","VNIR_Plant_Spectrum_X366.29","0.00820840424425066","0.00325549080275383","-0.999957596396336"
"42","VNIR_Plant_Spectrum_X367.43","0","0","1.9999576112975"
"42","VNIR_Plant_Spectrum_X368.57","0","0","1.9999576112975"
"42","VNIR_Plant_Spectrum_X369.71","6.64026984422097e-16","1.6310612708148e-16","0.874989616161696"
"42","VNIR_Plant_Spectrum_X370.86","0.000216331596874704","5.21822632538718e-05","1.9999576112975"
"42","VNIR_Plant_Spectrum_X372","0.00367729031103534","0.00133236123136474","-0.999957596396336"
"42","VNIR_Plant_Spectrum_X373.14","0.00560382699542609","0.00118226875150098","1.9999576112975"
"42","VNIR_Plant_Spectrum_X374.28","0.00210604723141722","0.000604226046431306","1.9999576112975"
"42","VNIR_Plant_Spectrum_X375.43","0.00350810316882527","0.000898649760601412","1.9999576112975"
"42","VNIR_Plant_Spectrum_X376.57","0","0","1.9999576112975"
"42","VNIR_Plant_Spectrum_X377.71","0.00223575142372652","0.000569761829730155","1.9999576112975"
"42","VNIR_Plant_Spectrum_X378.85","0.00407823775724451","0.00103628047875389","1.9999576112975"
"42","VNIR_Plant_Spectrum_X380","0.0027935575638643","0.000736597646763482","-0.999957596396336"
"42","VNIR_Plant_Spectrum_X381.14","0","0","1.9999576112975"
"42","VNIR_Plant_Spectrum_X382.28","0","0","1.9999576112975"
"42","VNIR_Plant_Spectrum_X383.42","0","0","1.9999576112975"
"42","VNIR_Plant_Spectrum_X384.57","0","0","1.9999576112975"
"42","VNIR_Plant_Spectrum_X385.71","0","0","1.9999576112975"
"42","VNIR_Plant_Spectrum_X386.85","0.00121889272035734","0.00042792115456728","1.9999576112975"
"42","VNIR_Plant_Spectrum_X387.99","1.15222843614249e-15","3.35582819492758e-16","1.04544545502722"
"42","VNIR_Plant_Spectrum_X389.14","0.000551031063895784","0.000140740320918164","1.9999576112975"
"42","VNIR_Plant_Spectrum_X390.28","0.00163646189801909","0.000430752513524287","-0.999957596396336"
"42","VNIR_Plant_Spectrum_X391.42","0.00258941773941796","0.000694203448208452","-0.999957596396336"
"42","VNIR_Plant_Spectrum_X392.56","0","0","1.9999576112975"
"42","VNIR_Plant_Spectrum_X393.71","0.00150258295352859","0.000361273952573726","1.9999576112975"
"42","VNIR_Plant_Spectrum_X394.85","0","0","1.9999576112975"
"42","VNIR_Plant_Spectrum_X395.99","0.00190872239401792","0.000434982371074792","-0.999957596396336"
"42","VNIR_Plant_Spectrum_X397.13","0.00216932429321306","0.000734020551506446","1.9999576112975"
"42","VNIR_Plant_Spectrum_X398.28","0.00256726836583554","0.000764357614517853","1.9999576112975"
"42","VNIR_Plant_Spectrum_X399.42","0.000819443737111055","0.000233154873791585","1.9999576112975"
"42","VNIR_Plant_Spectrum_X400.56","0.00145525141865417","0.000332593063109487","1.9999576112975"
"42","VNIR_Plant_Spectrum_X401.7","0.00276898611818757","0.000527834766779348","1.9999576112975"
"42","VNIR_Plant_Spectrum_X402.85","5.69568778185571e-16","1.27200813069828e-16","0.833297682747313"
"42","VNIR_Plant_Spectrum_X403.99","0.00358425388733911","0.00103815499347225","-0.999957596396336"
"42","VNIR_Plant_Spectrum_X405.13","0.00260748043762418","0.00064022878378045","-0.999957596396336"
"42","VNIR_Plant_Spectrum_X406.27","0.000891252766534961","0.000248255454194009","1.9999576112975"
"42","VNIR_Plant_Spectrum_X407.41","0.00295756256058781","0.000968654305347093","1.9999576112975"
"42","VNIR_Plant_Spectrum_X408.55","0.0044816200451686","0.000999856476717919","1.9999576112975"
"42","VNIR_Plant_Spectrum_X409.7","0.00403420461359604","0.00112707701160775","1.9999576112975"
"42","VNIR_Plant_Spectrum_X410.84","0.00367360235926779","0.000994822115385385","1.9999576112975"
"42","VNIR_Plant_Spectrum_X411.98","0.00468392385585902","0.00129383761720085","1.9999576112975"
"42","VNIR_Plant_Spectrum_X413.12","0.00550175134859921","0.00143728335985912","-0.999957596396336"
"42","VNIR_Plant_Spectrum_X414.26","0.00583278720885138","0.00171274327152475","1.9999576112975"
"42","VNIR_Plant_Spectrum_X415.4","0.0065237737773975","0.00142318204431874","1.9999576112975"
"42","VNIR_Plant_Spectrum_X416.54","0.00425921314113772","0.00112946082119926","1.9999576112975"
"42","VNIR_Plant_Spectrum_X417.68","0.00394705318160873","0.00125138336441151","-0.999957596396336"
"42","VNIR_Plant_Spectrum_X418.83","0.00543972312645259","0.0016698119079687","-0.999957596396336"
"42","VNIR_Plant_Spectrum_X419.97","0.00510460557683286","0.00158384246774094","1.9999576112975"
"42","VNIR_Plant_Spectrum_X421.11","0.00654299332026338","0.00176217258059033","1.9999576112975"
"42","VNIR_Plant_Spectrum_X422.25","0.00659830145383472","0.00210225008376716","1.9999576112975"
"42","VNIR_Plant_Spectrum_X423.39","0.0068084470232973","0.00180831374914027","1.9999576112975"
"42","VNIR_Plant_Spectrum_X424.53","0.00923168856632962","0.00219356869443685","1.9999576112975"
"42","VNIR_Plant_Spectrum_X425.67","0.00600099717954103","0.001962763650168","-0.999957596396336"
"42","VNIR_Plant_Spectrum_X426.81","0.00522919618831927","0.00190977052900542","-0.999957596396336"
"42","VNIR_Plant_Spectrum_X427.96","0.007905811249928","0.00193563282817475","1.9999576112975"
"42","VNIR_Plant_Spectrum_X429.1","0.00764014747636318","0.00215712160831907","1.9999576112975"
"42","VNIR_Plant_Spectrum_X430.24","0.00758141634371619","0.00208631868266816","1.9999576112975"
"42","VNIR_Plant_Spectrum_X431.38","0.00867798258811666","0.00256138098048255","1.9999576112975"
"42","VNIR_Plant_Spectrum_X432.52","0.00801686564461934","0.00243697534622148","1.9999576112975"
"42","VNIR_Plant_Spectrum_X433.66","0.010039651824694","0.00259913994889598","1.9999576112975"
"42","VNIR_Plant_Spectrum_X434.8","0.00672366005364203","0.00244157637089188","-0.999957596396336"
"42","VNIR_Plant_Spectrum_X435.94","0.00849210005521393","0.00255357198368013","1.9999576112975"
"42","VNIR_Plant_Spectrum_X437.09","0.0101446070061671","0.00266061890977648","1.9999576112975"
"42","VNIR_Plant_Spectrum_X438.23","0.00786468769302288","0.00241693854347042","1.9999576112975"
"42","VNIR_Plant_Spectrum_X439.37","0.00753845519071566","0.00260183460948037","1.9999576112975"
"42","VNIR_Plant_Spectrum_X440.52","0.00849949184703045","0.00275491293320331","1.95160733991782"
"42","VNIR_Plant_Spectrum_X441.66","0.00810213145034406","0.00264238440308536","1.9999576112975"
"42","VNIR_Plant_Spectrum_X442.8","0.00773096666273611","0.00264645720506156","1.9999576112975"
"42","VNIR_Plant_Spectrum_X443.95","0.0106203957423202","0.00289206379491381","1.9999576112975"
"42","VNIR_Plant_Spectrum_X445.09","0.0101087363683571","0.00287231255395962","1.9999576112975"
"42","VNIR_Plant_Spectrum_X446.23","0.00827685471425812","0.00266227086209669","1.9999576112975"
"42","VNIR_Plant_Spectrum_X447.37","0.00860548531470915","0.00288210583009947","1.9999576112975"
"42","VNIR_Plant_Spectrum_X448.52","0.00846314888326687","0.00275405691558106","1.9999576112975"
"42","VNIR_Plant_Spectrum_X449.66","0.0092894691613976","0.0028964121998755","1.9999576112975"
"42","VNIR_Plant_Spectrum_X450.8","0.010628467393412","0.00294802717276455","1.9999576112975"
"42","VNIR_Plant_Spectrum_X451.95","0.00955735942348755","0.00296089021982001","1.9999576112975"
"42","VNIR_Plant_Spectrum_X453.09","0.0100632906209411","0.00296661480593785","1.9999576112975"
"42","VNIR_Plant_Spectrum_X454.23","0.00985642206318114","0.00294261933071736","1.9999576112975"
"42","VNIR_Plant_Spectrum_X455.38","0.00963214734900701","0.00301420993669489","1.9999576112975"
"42","VNIR_Plant_Spectrum_X456.52","0.00887592295828144","0.00292503731835675","1.9999576112975"
"42","VNIR_Plant_Spectrum_X457.66","0.0101334070642173","0.00298567312841661","1.9999576112975"
"42","VNIR_Plant_Spectrum_X458.8","0.009421136630194","0.00281523179545635","1.9999576112975"
"42","VNIR_Plant_Spectrum_X459.95","0.00885153539066156","0.0030134917825755","1.9999576112975"
"42","VNIR_Plant_Spectrum_X461.09","0.00827518964084986","0.00292616761560415","1.9999576112975"
"42","VNIR_Plant_Spectrum_X462.23","0.010499567606098","0.00306968721372391","1.9999576112975"
"42","VNIR_Plant_Spectrum_X463.38","0.00845571369220765","0.0029582144969406","1.9999576112975"
"42","VNIR_Plant_Spectrum_X464.52","0.0087221849352231","0.00301263759348939","1.9999576112975"
"42","VNIR_Plant_Spectrum_X465.66","0.00856833248580479","0.00292777330291647","1.9999576112975"
"42","VNIR_Plant_Spectrum_X466.81","0.00862687626250016","0.00295380621788819","1.9999576112975"
"42","VNIR_Plant_Spectrum_X467.95","0.00945357645244446","0.00307878143253307","1.9999576112975"
"42","VNIR_Plant_Spectrum_X469.09","0.00890289760116933","0.00293941582284982","1.9999576112975"
"42","VNIR_Plant_Spectrum_X470.23","0.00990628428753497","0.00306541108800018","1.9999576112975"
"42","VNIR_Plant_Spectrum_X471.38","0.00947867998428751","0.00302237602176614","1.9999576112975"
"42","VNIR_Plant_Spectrum_X472.52","0.00857226389355648","0.00291458193687774","1.9999576112975"
"42","VNIR_Plant_Spectrum_X473.66","0.00901541252250186","0.00307906668770577","1.9999576112975"
"42","VNIR_Plant_Spectrum_X474.81","0.00873588051635332","0.00299106924466613","1.9999576112975"
"42","VNIR_Plant_Spectrum_X475.95","0.00868208992129016","0.00303901636613985","1.9999576112975"
"42","VNIR_Plant_Spectrum_X477.09","0.0081333030621881","0.00287429836199633","1.9999576112975"
"42","VNIR_Plant_Spectrum_X478.24","0.00872350817675623","0.00298344942943974","1.9999576112975"
"42","VNIR_Plant_Spectrum_X479.38","0.00898924389159506","0.00307941411885794","1.9999576112975"
"42","VNIR_Plant_Spectrum_X480.52","0.00843067900140173","0.00297785124824355","1.9999576112975"
"42","VNIR_Plant_Spectrum_X481.66","0.00838824967232123","0.0028775001228727","1.9999576112975"
"42","VNIR_Plant_Spectrum_X482.81","0.00876181399549006","0.00291868472578752","1.9999576112975"
"42","VNIR_Plant_Spectrum_X483.95","0.00861831153011858","0.00292655601646875","1.9999576112975"
"42","VNIR_Plant_Spectrum_X485.09","0.00873002924780119","0.00295269801491383","1.9999576112975"
"42","VNIR_Plant_Spectrum_X486.24","0.0086480319625689","0.00294830573433217","1.9999576112975"
"42","VNIR_Plant_Spectrum_X487.38","0.00872015188895823","0.00297585620652667","1.9999576112975"
"42","VNIR_Plant_Spectrum_X488.52","0.00878617800216464","0.00294559468370205","1.9999576112975"
"42","VNIR_Plant_Spectrum_X489.67","0.00857009163795029","0.00290041049870854","1.9999576112975"
"42","VNIR_Plant_Spectrum_X490.81","0.00864895679911632","0.00290594610742325","1.9999576112975"
"42","VNIR_Plant_Spectrum_X491.95","0.00857436170322681","0.00285381218828479","1.9999576112975"
"42","VNIR_Plant_Spectrum_X493.09","0.0085875111979843","0.00283851746809656","1.9999576112975"
"42","VNIR_Plant_Spectrum_X494.24","0.00866341847957007","0.00288635926016314","1.9999576112975"
"42","VNIR_Plant_Spectrum_X495.38","0.00857186035978359","0.00282862811234251","1.9999576112975"
"42","VNIR_Plant_Spectrum_X496.52","0.00862882656769959","0.0028206408351511","1.9999576112975"
"42","VNIR_Plant_Spectrum_X497.67","0.00889543601547516","0.0028595340452943","1.9999576112975"
"42","VNIR_Plant_Spectrum_X498.81","0.00857551365824749","0.00281134586592441","1.9999576112975"
"42","VNIR_Plant_Spectrum_X499.95","0.00907518734603409","0.00288044653461688","1.9999576112975"
"42","VNIR_Plant_Spectrum_X501.1","0.00898507037458727","0.00286412437508251","1.9999576112975"
"42","VNIR_Plant_Spectrum_X502.24","0.00936187875520883","0.0029166838852661","1.9999576112975"
"42","VNIR_Plant_Spectrum_X503.38","0.00949668237705269","0.0029510710929002","1.9999576112975"
"42","VNIR_Plant_Spectrum_X504.52","0.00968540402062634","0.00297250419832616","1.9999576112975"
"42","VNIR_Plant_Spectrum_X505.67","0.00970300467589582","0.00298674337583902","1.9999576112975"
"42","VNIR_Plant_Spectrum_X506.81","0.0101274517647212","0.00307283727441546","1.9999576112975"
"42","VNIR_Plant_Spectrum_X507.95","0.0101776886020212","0.00307399317297538","1.9999576112975"
"42","VNIR_Plant_Spectrum_X509.1","0.0105463988259282","0.00315386789447163","1.9999576112975"
"42","VNIR_Plant_Spectrum_X510.24","0.0107628392917388","0.00319776781369478","1.9999576112975"
"42","VNIR_Plant_Spectrum_X511.38","0.0110961341457469","0.00325887526579342","1.9999576112975"
"42","VNIR_Plant_Spectrum_X512.53","0.0114865268916691","0.00336518517392757","1.9999576112975"
"42","VNIR_Plant_Spectrum_X513.67","0.0120522127644709","0.00352154063288656","1.9999576112975"
"42","VNIR_Plant_Spectrum_X514.81","0.0122092962649805","0.00359400738407162","1.9999576112975"
"42","VNIR_Plant_Spectrum_X515.95","0.0126311969817418","0.00371809392204327","1.9999576112975"
"42","VNIR_Plant_Spectrum_X517.1","0.0131740221969999","0.00389116592206961","1.9999576112975"
"42","VNIR_Plant_Spectrum_X518.24","0.0134907893199676","0.00402038440298902","1.9999576112975"
"42","VNIR_Plant_Spectrum_X519.38","0.0139776999671878","0.00416213843967565","1.9999576112975"
"42","VNIR_Plant_Spectrum_X520.53","0.0145148005317087","0.00433206919202006","1.9999576112975"
"42","VNIR_Plant_Spectrum_X521.67","0.0150067703615787","0.00448800657523999","1.9999576112975"
"42","VNIR_Plant_Spectrum_X522.81","0.0152302216516671","0.00458600291880815","1.9999576112975"
"42","VNIR_Plant_Spectrum_X523.96","0.0156155255734027","0.00476243283302344","1.9999576112975"
"42","VNIR_Plant_Spectrum_X525.1","0.0161828182312874","0.00496682877352567","1.9999576112975"
"42","VNIR_Plant_Spectrum_X526.24","0.0166689599939824","0.00508405865598963","1.9999576112975"
"42","VNIR_Plant_Spectrum_X527.38","0.0169969431699316","0.00522955710725519","1.9999576112975"
"42","VNIR_Plant_Spectrum_X528.53","0.0173269131300946","0.00535080482206119","1.9999576112975"
"42","VNIR_Plant_Spectrum_X529.67","0.0175582761200483","0.00542643025368964","1.9999576112975"
"42","VNIR_Plant_Spectrum_X530.81","0.017895634401503","0.00554685848386135","1.9999576112975"
"42","VNIR_Plant_Spectrum_X531.96","0.0181093255956711","0.0056459305242907","1.9999576112975"
"42","VNIR_Plant_Spectrum_X533.1","0.0182919136259327","0.00572575072757326","1.9999576112975"
"42","VNIR_Plant_Spectrum_X534.24","0.0188056669635963","0.00583282328511352","1.9999576112975"
"42","VNIR_Plant_Spectrum_X535.39","0.0188235531756053","0.00583090490195943","1.9999576112975"
"42","VNIR_Plant_Spectrum_X536.53","0.0187668571176741","0.00589384975355048","1.9999576112975"
"42","VNIR_Plant_Spectrum_X537.67","0.0191829253425179","0.00599177499747089","1.9999576112975"
"42","VNIR_Plant_Spectrum_X538.81","0.0191390818567913","0.00597463330041585","1.9999576112975"
"42","VNIR_Plant_Spectrum_X539.96","0.0191714539838429","0.00603388717306016","1.9999576112975"
"42","VNIR_Plant_Spectrum_X541.1","0.0194308524404956","0.00606443659425565","1.9999576112975"
"42","VNIR_Plant_Spectrum_X542.24","0.0194552566173367","0.00609695720382868","1.9999576112975"
"42","VNIR_Plant_Spectrum_X543.39","0.0193738162108517","0.00611352844113947","1.9999576112975"
"42","VNIR_Plant_Spectrum_X544.53","0.0193953802009335","0.00611529491597471","1.9999576112975"
"42","VNIR_Plant_Spectrum_X545.67","0.0196250584402508","0.00618842735205225","1.9999576112975"
"42","VNIR_Plant_Spectrum_X546.82","0.0198102010188505","0.00622611780628176","1.9999576112975"
"42","VNIR_Plant_Spectrum_X547.96","0.0197098569417458","0.00623174620021959","1.9999576112975"
"42","VNIR_Plant_Spectrum_X549.1","0.0198271545626896","0.00627208313310898","1.9999576112975"
"42","VNIR_Plant_Spectrum_X550.24","0.019863409208654","0.0062620670339583","1.9999576112975"
"42","VNIR_Plant_Spectrum_X551.38","0.0199471896559969","0.00628486778435263","1.9999576112975"
"42","VNIR_Plant_Spectrum_X552.52","0.0199848961219562","0.00628635020093815","1.9999576112975"
"42","VNIR_Plant_Spectrum_X553.66","0.0196357272192276","0.00621209704475169","1.9999576112975"
"42","VNIR_Plant_Spectrum_X554.8","0.0197690092984865","0.00623410544745978","1.9999576112975"
"42","VNIR_Plant_Spectrum_X555.95","0.0198962868604894","0.0062140705846104","1.9999576112975"
"42","VNIR_Plant_Spectrum_X557.09","0.0194705810843784","0.0061091126622244","1.9999576112975"
"42","VNIR_Plant_Spectrum_X558.23","0.019379045834631","0.00605919968944039","1.9999576112975"
"42","VNIR_Plant_Spectrum_X559.37","0.0190928048227286","0.00596795193712809","1.9999576112975"
"42","VNIR_Plant_Spectrum_X560.51","0.0191413651102762","0.00596240981878442","1.9999576112975"
"42","VNIR_Plant_Spectrum_X561.65","0.018757927342913","0.00581377475479821","1.9999576112975"
"42","VNIR_Plant_Spectrum_X562.79","0.0186979836132902","0.00573536467129877","1.9999576112975"
"42","VNIR_Plant_Spectrum_X563.93","0.0183528296039857","0.00564165933015626","1.9999576112975"
"42","VNIR_Plant_Spectrum_X565.07","0.0181936496937428","0.00559337449290607","1.9999576112975"
"42","VNIR_Plant_Spectrum_X566.22","0.0177021809151922","0.00540600164449515","1.9999576112975"
"42","VNIR_Plant_Spectrum_X567.36","0.0175793721877552","0.00532054111064626","1.9999576112975"
"42","VNIR_Plant_Spectrum_X568.5","0.017325706169761","0.00522681176315275","1.9999576112975"
"42","VNIR_Plant_Spectrum_X569.64","0.0169979550450459","0.00514111398800657","1.9999576112975"
"42","VNIR_Plant_Spectrum_X570.78","0.0166123360868934","0.00500269679288337","1.9999576112975"
"42","VNIR_Plant_Spectrum_X571.92","0.0162589242149948","0.00489580309155783","1.9999576112975"
"42","VNIR_Plant_Spectrum_X573.06","0.0161717267457148","0.00485028401777966","1.9999576112975"
"42","VNIR_Plant_Spectrum_X574.2","0.0157348263518561","0.0047142786360555","1.9999576112975"
"42","VNIR_Plant_Spectrum_X575.35","0.0156644221974547","0.00463686236405824","1.9999576112975"
"42","VNIR_Plant_Spectrum_X576.49","0.0153222649065096","0.0045495703041744","1.9999576112975"
"42","VNIR_Plant_Spectrum_X577.63","0.0149737793588545","0.00447011997616013","1.9999576112975"
"42","VNIR_Plant_Spectrum_X578.77","0.0150129737869865","0.00443764325194506","1.9999576112975"
"42","VNIR_Plant_Spectrum_X579.91","0.0148780278903845","0.0043722067468255","1.9999576112975"
"42","VNIR_Plant_Spectrum_X581.05","0.0145630151578123","0.00432187749679267","1.9999576112975"
"42","VNIR_Plant_Spectrum_X582.19","0.0143397773184743","0.00425673196117707","1.9999576112975"
"42","VNIR_Plant_Spectrum_X583.33","0.0142378185116329","0.00420331934016773","1.9999576112975"
"42","VNIR_Plant_Spectrum_X584.48","0.0141183085866881","0.00415690898145811","1.9999576112975"
"42","VNIR_Plant_Spectrum_X585.62","0.0139811481751743","0.00411978738309308","1.9999576112975"
"42","VNIR_Plant_Spectrum_X586.76","0.013925914459202","0.00410000666023438","1.9999576112975"
"42","VNIR_Plant_Spectrum_X587.9","0.0137666356547958","0.00407462377093302","1.9999576112975"
"42","VNIR_Plant_Spectrum_X589.04","0.0135718118879712","0.00401957508449487","1.9999576112975"
"42","VNIR_Plant_Spectrum_X590.18","0.0135691359599668","0.00397567764738207","1.9999576112975"
"42","VNIR_Plant_Spectrum_X591.32","0.0134660841119632","0.0039538715497132","1.9999576112975"
"42","VNIR_Plant_Spectrum_X592.46","0.01340291838128","0.00393808082281183","1.9999576112975"
"42","VNIR_Plant_Spectrum_X593.6","0.0133082387008171","0.00391433763210107","1.9999576112975"
"42","VNIR_Plant_Spectrum_X594.75","0.0132998560925042","0.0038991826856731","1.9999576112975"
"42","VNIR_Plant_Spectrum_X595.89","0.0131989194942718","0.00387952866238027","1.9999576112975"
"42","VNIR_Plant_Spectrum_X597.03","0.0132158938976674","0.00387822314272911","1.9999576112975"
"42","VNIR_Plant_Spectrum_X598.17","0.0132583553370307","0.0038829413103044","1.9999576112975"
"42","VNIR_Plant_Spectrum_X599.31","0.0131151533190141","0.00385712899829669","1.9999576112975"
"42","VNIR_Plant_Spectrum_X600.45","0.0130464855784143","0.0038282460768646","1.9999576112975"
"42","VNIR_Plant_Spectrum_X601.59","0.0129081155485747","0.00378860209590339","1.9999576112975"
"42","VNIR_Plant_Spectrum_X602.73","0.0128531169975343","0.00377526430186574","1.9999576112975"
"42","VNIR_Plant_Spectrum_X603.88","0.0128051848706376","0.00374640485677698","1.9999576112975"
"42","VNIR_Plant_Spectrum_X605.02","0.0126813057859151","0.00371738105788824","1.9999576112975"
"42","VNIR_Plant_Spectrum_X606.16","0.0124220103817028","0.00365000373569202","1.9999576112975"
"42","VNIR_Plant_Spectrum_X607.3","0.0123595603401181","0.00361007724937334","1.9999576112975"
"42","VNIR_Plant_Spectrum_X608.44","0.0121039469242983","0.00356864072633387","1.9999576112975"
"42","VNIR_Plant_Spectrum_X609.58","0.0118609677039232","0.00349207576546205","1.9999576112975"
"42","VNIR_Plant_Spectrum_X610.72","0.0117970520298049","0.00346658341389331","1.9999576112975"
"42","VNIR_Plant_Spectrum_X611.86","0.0116732583465816","0.00342042068128806","1.9999576112975"
"42","VNIR_Plant_Spectrum_X613.01","0.0114753695140272","0.00337117443049396","1.9999576112975"
"42","VNIR_Plant_Spectrum_X614.15","0.0112271444295383","0.00329847477951649","1.9999576112975"
"42","VNIR_Plant_Spectrum_X615.29","0.0111642184482562","0.00329264006946438","1.9999576112975"
"42","VNIR_Plant_Spectrum_X616.43","0.0110029322838885","0.0032551234350433","1.9999576112975"
"42","VNIR_Plant_Spectrum_X617.57","0.0109941899935066","0.00325061784458047","1.9999576112975"
"42","VNIR_Plant_Spectrum_X618.71","0.0108469951776663","0.00320386672038939","1.9999576112975"
"42","VNIR_Plant_Spectrum_X619.85","0.0106790269505355","0.00317378657139945","1.9999576112975"
"42","VNIR_Plant_Spectrum_X620.99","0.0106735579983714","0.00316580627138874","1.9999576112975"
"42","VNIR_Plant_Spectrum_X622.14","0.0106250500234424","0.00313794815261564","1.9999576112975"
"42","VNIR_Plant_Spectrum_X623.28","0.0105658989302443","0.00314279906811719","1.9999576112975"
"42","VNIR_Plant_Spectrum_X624.42","0.010524643541016","0.00311925788791989","1.9999576112975"
"42","VNIR_Plant_Spectrum_X625.56","0.0104285255710196","0.0031032572939644","1.9999576112975"
"42","VNIR_Plant_Spectrum_X626.7","0.0104726255333844","0.00312115624352871","1.9999576112975"
"42","VNIR_Plant_Spectrum_X627.84","0.0104788715208329","0.00312174787109826","1.9999576112975"
"42","VNIR_Plant_Spectrum_X628.98","0.0104021400994316","0.00309228005036221","1.9999576112975"
"42","VNIR_Plant_Spectrum_X630.12","0.0104161207926673","0.00309303081821129","1.9999576112975"
"42","VNIR_Plant_Spectrum_X631.26","0.0102842895403823","0.00307300234879998","1.9999576112975"
"42","VNIR_Plant_Spectrum_X632.41","0.0103154668779545","0.00305511799329567","1.9999576112975"
"42","VNIR_Plant_Spectrum_X633.55","0.0102728468489209","0.00304724439576043","1.9999576112975"
"42","VNIR_Plant_Spectrum_X634.69","0.0102085394871447","0.00302908727711071","1.9999576112975"
"42","VNIR_Plant_Spectrum_X635.83","0.0100313951641514","0.00298516142419462","1.9999576112975"
"42","VNIR_Plant_Spectrum_X636.97","0.00993324517667013","0.00294204602293","1.9999576112975"
"42","VNIR_Plant_Spectrum_X638.11","0.0099141547969355","0.00295488847988145","1.9999576112975"
"42","VNIR_Plant_Spectrum_X639.25","0.00974372696713746","0.00290721636929591","1.9999576112975"
"42","VNIR_Plant_Spectrum_X640.39","0.00958053903127572","0.00286523595760844","1.9999576112975"
"42","VNIR_Plant_Spectrum_X641.54","0.00948206599683354","0.00285148716995281","1.9999576112975"
"42","VNIR_Plant_Spectrum_X642.68","0.00942449727978649","0.0028267929070338","1.9999576112975"
"42","VNIR_Plant_Spectrum_X643.82","0.00928423181107458","0.00280950246971711","1.9999576112975"
"42","VNIR_Plant_Spectrum_X644.96","0.00907557323621733","0.00273374706001566","1.9999576112975"
"42","VNIR_Plant_Spectrum_X646.1","0.00896737860378353","0.00273024641244163","1.9999576112975"
"42","VNIR_Plant_Spectrum_X647.24","0.00879086687769513","0.00268279580301714","1.9999576112975"
"42","VNIR_Plant_Spectrum_X648.38","0.0086607170897502","0.00266043300173224","1.9999576112975"
"42","VNIR_Plant_Spectrum_X649.52","0.00862119103144154","0.00266333273616318","1.9999576112975"
"42","VNIR_Plant_Spectrum_X650.67","0.008526847391381","0.00263692423201095","1.9999576112975"
"42","VNIR_Plant_Spectrum_X651.81","0.00843734686632496","0.00262233857913814","1.9999576112975"
"42","VNIR_Plant_Spectrum_X652.95","0.00838079649437606","0.00260140419845864","1.9999576112975"
"42","VNIR_Plant_Spectrum_X654.09","0.00832308996437493","0.0026028090470681","1.9999576112975"
"42","VNIR_Plant_Spectrum_X655.23","0.008237770636314","0.00258381979118229","1.9999576112975"
"42","VNIR_Plant_Spectrum_X656.37","0.00812061538986905","0.00255109771374147","1.9999576112975"
"42","VNIR_Plant_Spectrum_X657.51","0.00786131643019579","0.00252016037680245","1.9999576112975"
"42","VNIR_Plant_Spectrum_X658.65","0.0079107077334169","0.00252356666897315","1.9999576112975"
"42","VNIR_Plant_Spectrum_X659.79","0.0076764492909055","0.00246998036967774","1.9999576112975"
"42","VNIR_Plant_Spectrum_X660.94","0.00766205796734839","0.00248977655012681","1.9999576112975"
"42","VNIR_Plant_Spectrum_X662.08","0.0075175294991825","0.0024611462242567","1.9999576112975"
"42","VNIR_Plant_Spectrum_X663.22","0.00741131236961885","0.00243635207174162","1.9999576112975"
"42","VNIR_Plant_Spectrum_X664.36","0.00726510546453817","0.00242746478334284","1.9999576112975"
"42","VNIR_Plant_Spectrum_X665.5","0.00729042944142323","0.00245313425221707","1.9999576112975"
"42","VNIR_Plant_Spectrum_X666.64","0.00727229362310507","0.00245809083633142","1.9999576112975"
"42","VNIR_Plant_Spectrum_X667.78","0.00717831237019398","0.00242502570901473","1.9999576112975"
"42","VNIR_Plant_Spectrum_X668.92","0.00718450748721397","0.00245117043249747","1.9999576112975"
"42","VNIR_Plant_Spectrum_X670.07","0.00726995521855449","0.00244346227053279","1.9999576112975"
"42","VNIR_Plant_Spectrum_X671.21","0.00720958281312551","0.00243352202791637","1.9999576112975"
"42","VNIR_Plant_Spectrum_X672.35","0.00724584651374933","0.00241609245476353","1.9999576112975"
"42","VNIR_Plant_Spectrum_X673.49","0.00724956537977163","0.00242120612719867","1.9999576112975"
"42","VNIR_Plant_Spectrum_X674.63","0.00726084230132793","0.00241176863704967","1.9999576112975"
"42","VNIR_Plant_Spectrum_X675.77","0.00739738822896414","0.00243530918450613","1.9999576112975"
"42","VNIR_Plant_Spectrum_X676.91","0.00729845775214775","0.00242009468888161","1.9999576112975"
"42","VNIR_Plant_Spectrum_X678.05","0.00717696789724281","0.00238088230662721","1.9999576112975"
"42","VNIR_Plant_Spectrum_X679.2","0.00729676293665245","0.00241254077333914","1.9999576112975"
"42","VNIR_Plant_Spectrum_X680.34","0.00733952627810764","0.00239319477713639","1.9999576112975"
"42","VNIR_Plant_Spectrum_X681.48","0.00729657564409189","0.00240693110851762","1.9999576112975"
"42","VNIR_Plant_Spectrum_X682.62","0.00738136239562328","0.00241882765470389","1.9999576112975"
"42","VNIR_Plant_Spectrum_X683.76","0.00737600418996345","0.00240689244297411","1.9999576112975"
"42","VNIR_Plant_Spectrum_X684.9","0.0072942208050514","0.00241323316298322","1.9999576112975"
"42","VNIR_Plant_Spectrum_X686.04","0.00768613654364503","0.0024669139422008","1.9999576112975"
"42","VNIR_Plant_Spectrum_X687.18","0.00781776631508346","0.0025033963384715","1.9999576112975"
"42","VNIR_Plant_Spectrum_X688.33","0.00826166506095774","0.00261614232589062","1.9999576112975"
"42","VNIR_Plant_Spectrum_X689.47","0.00888584867867087","0.00277361098190435","1.9999576112975"
"42","VNIR_Plant_Spectrum_X690.61","0.00951541710808615","0.00296889436306225","1.9999576112975"
"42","VNIR_Plant_Spectrum_X691.75","0.0102079301064053","0.00319948620000109","1.9999576112975"
"42","VNIR_Plant_Spectrum_X692.89","0.0111763432099155","0.00354164004650043","1.9999576112975"
"42","VNIR_Plant_Spectrum_X694.03","0.0122012909787122","0.00391336183028693","1.9999576112975"
"42","VNIR_Plant_Spectrum_X695.17","0.0132842666539538","0.0042954599272545","1.9999576112975"
"42","VNIR_Plant_Spectrum_X696.31","0.01443769311796","0.00473398038909889","1.9999576112975"
"42","VNIR_Plant_Spectrum_X697.45","0.0156625926273613","0.00520668433931699","1.9999576112975"
"42","VNIR_Plant_Spectrum_X698.6","0.0169963029915985","0.00570746820324499","1.9999576112975"
"42","VNIR_Plant_Spectrum_X699.74","0.0182045202901959","0.00616124981271341","1.9999576112975"
"42","VNIR_Plant_Spectrum_X700.88","0.019676338139305","0.0066962279385052","1.9999576112975"
"42","VNIR_Plant_Spectrum_X702.02","0.0211794531878947","0.00718234150150022","1.9999576112975"
"42","VNIR_Plant_Spectrum_X703.16","0.0226381900342905","0.00771938315288511","1.9999576112975"
"42","VNIR_Plant_Spectrum_X704.3","0.0241809836542285","0.00822081085745037","1.9999576112975"
"42","VNIR_Plant_Spectrum_X705.44","0.0256099639351879","0.00872535414091026","1.9999576112975"
"42","VNIR_Plant_Spectrum_X706.58","0.0265375254908573","0.00915512114248456","1.9999576112975"
"42","VNIR_Plant_Spectrum_X707.73","0.0281362168497501","0.00971413251077958","1.9999576112975"
"42","VNIR_Plant_Spectrum_X708.87","0.0293936614729213","0.0101968126705051","1.9999576112975"
"42","VNIR_Plant_Spectrum_X710","0.0309648397328686","0.010728419458637","1.9999576112975"
"42","VNIR_Plant_Spectrum_X711.15","0.0322191345462642","0.0112252281321959","1.9999576112975"
"42","VNIR_Plant_Spectrum_X712.29","0.0336247229373036","0.0117818118777994","1.9999576112975"
"42","VNIR_Plant_Spectrum_X713.43","0.035160940402244","0.0122836467402941","1.9999576112975"
"42","VNIR_Plant_Spectrum_X714.57","0.0363212243069778","0.0128218002186232","1.9999576112975"
"42","VNIR_Plant_Spectrum_X715.71","0.0378739850101932","0.0134350898306465","1.9999576112975"
"42","VNIR_Plant_Spectrum_X716.86","0.0395818486276218","0.0140844734750806","1.9999576112975"
"42","VNIR_Plant_Spectrum_X718","0.0406676765303724","0.014588614978569","1.9999576112975"
"42","VNIR_Plant_Spectrum_X719.14","0.0423884082561851","0.0152670132344594","1.9999576112975"
"42","VNIR_Plant_Spectrum_X720.28","0.0435686207007238","0.0158072293197841","1.9999576112975"
"42","VNIR_Plant_Spectrum_X721.42","0.0454296368794923","0.0164471999555059","1.9999576112975"
"42","VNIR_Plant_Spectrum_X722.56","0.046396928568112","0.0171004862393818","1.9999576112975"
"42","VNIR_Plant_Spectrum_X723.7","0.0480604641771778","0.0176879936138404","1.9999576112975"
"42","VNIR_Plant_Spectrum_X724.84","0.0491530133399497","0.0183404383537411","1.9999576112975"
"42","VNIR_Plant_Spectrum_X725.98","0.0503189392326664","0.0189374612294279","1.9999576112975"
"42","VNIR_Plant_Spectrum_X727.13","0.0515457199434643","0.0195244239527159","1.9999576112975"
"42","VNIR_Plant_Spectrum_X728.27","0.053178239607681","0.0201272118647949","1.9999576112975"
"42","VNIR_Plant_Spectrum_X729.41","0.0542360444425087","0.0206621260791754","1.9999576112975"
"42","VNIR_Plant_Spectrum_X730.55","0.0553118518088325","0.0212160327104432","1.9999576112975"
"42","VNIR_Plant_Spectrum_X731.69","0.0563611792247435","0.0217052606456812","1.9999576112975"
"42","VNIR_Plant_Spectrum_X732.83","0.0579308040183434","0.0222226690722465","1.9999576112975"
"42","VNIR_Plant_Spectrum_X733.97","0.0593137957100126","0.0227666471535523","1.9999576112975"
"42","VNIR_Plant_Spectrum_X735.11","0.0614987400163475","0.0231563792388887","1.9999576112975"
"42","VNIR_Plant_Spectrum_X736.25","0.0614414078317771","0.0235273242969502","1.9999576112975"
"42","VNIR_Plant_Spectrum_X737.4","0.0622620872778671","0.0239962488639985","1.9999576112975"
"42","VNIR_Plant_Spectrum_X738.54","0.0639693097292511","0.0244106605911743","1.9999576112975"
"42","VNIR_Plant_Spectrum_X739.68","0.0644541619871459","0.0247348490293415","1.9999576112975"
"42","VNIR_Plant_Spectrum_X740.82","0.0647394854849267","0.0250574807060866","1.9999576112975"
"42","VNIR_Plant_Spectrum_X741.96","0.0663244267443268","0.0254298591018903","1.9999576112975"
"42","VNIR_Plant_Spectrum_X743.1","0.0653520558359255","0.0256176958420398","1.9999576112975"
"42","VNIR_Plant_Spectrum_X744.24","0.0676461325577324","0.0259166708053581","1.9999576112975"
"42","VNIR_Plant_Spectrum_X745.39","0.0672719139817505","0.0261735534412809","1.9999576112975"
"42","VNIR_Plant_Spectrum_X746.53","0.0682644907775531","0.0264244652016292","1.9999576112975"
"42","VNIR_Plant_Spectrum_X747.67","0.0683166663005707","0.0266034110303032","1.9999576112975"
"42","VNIR_Plant_Spectrum_X748.81","0.0694137864599719","0.0268703453854209","1.9999576112975"
"42","VNIR_Plant_Spectrum_X749.95","0.0696215112205448","0.0269114316220209","1.9999576112975"
"42","VNIR_Plant_Spectrum_X751.09","0.0696374550426685","0.0269903098220393","1.9999576112975"
"42","VNIR_Plant_Spectrum_X752.23","0.0706040538604496","0.0272283686513164","1.9999576112975"
"42","VNIR_Plant_Spectrum_X753.37","0.0707923221581062","0.0273687484356573","1.9999576112975"
"42","VNIR_Plant_Spectrum_X754.52","0.0707946721598944","0.0274390668109708","1.9999576112975"
"42","VNIR_Plant_Spectrum_X755.66","0.0697923806826644","0.0274528045068739","1.9999576112975"
"42","VNIR_Plant_Spectrum_X756.8","0.0712785081805439","0.0276030431209458","1.9999576112975"
"42","VNIR_Plant_Spectrum_X757.94","0.071084041702796","0.0276474023269972","1.9999576112975"
"42","VNIR_Plant_Spectrum_X759.08","0.0712176878567994","0.0277538147928481","1.9999576112975"
"42","VNIR_Plant_Spectrum_X760.22","0.0712303463475911","0.0276396637123281","1.9999576112975"
"42","VNIR_Plant_Spectrum_X761.36","0.0711567004944294","0.0277123386920138","1.9999576112975"
"42","VNIR_Plant_Spectrum_X762.5","0.071473122681427","0.0278416611479271","1.9999576112975"
"42","VNIR_Plant_Spectrum_X763.64","0.0717483906689507","0.0278220727132412","1.9999576112975"
"42","VNIR_Plant_Spectrum_X764.79","0.0709621758945377","0.0278248792289066","1.9999576112975"
"42","VNIR_Plant_Spectrum_X765.93","0.0710641932307107","0.0277551678288299","1.9999576112975"
"42","VNIR_Plant_Spectrum_X767.07","0.0718850373513094","0.027898817074799","1.9999576112975"
"42","VNIR_Plant_Spectrum_X768.21","0.0716092959708118","0.0279331306277579","1.9999576112975"
"42","VNIR_Plant_Spectrum_X769.35","0.0718095902722111","0.0279285013370641","1.9999576112975"
"42","VNIR_Plant_Spectrum_X770.49","0.0716833678836777","0.0279739825479789","1.9999576112975"
"42","VNIR_Plant_Spectrum_X771.63","0.0707378106659841","0.0278903749812987","1.9999576112975"
"42","VNIR_Plant_Spectrum_X772.77","0.071540877968111","0.027842123981604","1.9999576112975"
"42","VNIR_Plant_Spectrum_X773.92","0.0713674180001175","0.027890926504986","1.9999576112975"
"42","VNIR_Plant_Spectrum_X775.06","0.0716370929146305","0.0278481529400879","1.9999576112975"
"42","VNIR_Plant_Spectrum_X776.2","0.0721786918503988","0.0279031965422233","1.9999576112975"
"42","VNIR_Plant_Spectrum_X777.34","0.0702966156605833","0.0278819682173449","1.9999576112975"
"42","VNIR_Plant_Spectrum_X778.48","0.0722031944289812","0.02802755802562","1.9999576112975"
"42","VNIR_Plant_Spectrum_X779.62","0.0705970506349928","0.0279668707636656","1.9999576112975"
"42","VNIR_Plant_Spectrum_X780.76","0.0715545390563542","0.0280054050380891","1.9999576112975"
"42","VNIR_Plant_Spectrum_X781.9","0.0715390719966193","0.0280168187927156","1.9999576112975"
"42","VNIR_Plant_Spectrum_X783.05","0.0706717313066921","0.0278773302722682","1.9999576112975"
"42","VNIR_Plant_Spectrum_X784.19","0.0716681090591936","0.0279873209866287","1.9999576112975"
"42","VNIR_Plant_Spectrum_X785.33","0.0706555231322026","0.0278609196764093","1.9999576112975"
"42","VNIR_Plant_Spectrum_X786.47","0.070750542951436","0.0278875209158058","1.9999576112975"
"42","VNIR_Plant_Spectrum_X787.61","0.0712192572979997","0.0279252301304448","1.9999576112975"
"42","VNIR_Plant_Spectrum_X788.75","0.071443542913838","0.0279309640276843","1.9999576112975"
"42","VNIR_Plant_Spectrum_X789.89","0.0714815974035388","0.0279538569831452","1.9999576112975"
"42","VNIR_Plant_Spectrum_X791.03","0.0714957684190427","0.0280201726101154","1.9999576112975"
"42","VNIR_Plant_Spectrum_X792.17","0.0708520526438402","0.0279252845929815","1.9999576112975"
"42","VNIR_Plant_Spectrum_X793.32","0.071111880635082","0.0279354623087219","1.9999576112975"
"42","VNIR_Plant_Spectrum_X794.46","0.0709410000921975","0.0279047120239562","1.9999576112975"
"42","VNIR_Plant_Spectrum_X795.6","0.0713358136855037","0.0280124711841465","1.9999576112975"
"42","VNIR_Plant_Spectrum_X796.74","0.0709692164806311","0.0280427836268378","1.9999576112975"
"42","VNIR_Plant_Spectrum_X797.88","0.0712538044224437","0.0280610453127821","1.9999576112975"
"42","VNIR_Plant_Spectrum_X799.02","0.0707727823734626","0.0279940640744159","1.9999576112975"
"42","VNIR_Plant_Spectrum_X800.16","0.0705516711213289","0.0279903654881408","1.9999576112975"
"42","VNIR_Plant_Spectrum_X801.3","0.0713495175784641","0.0280186363154892","1.9999576112975"
"42","VNIR_Plant_Spectrum_X802.45","0.069943788741965","0.0279547093065268","1.9999576112975"
"42","VNIR_Plant_Spectrum_X803.59","0.0701437813274166","0.0279625008970221","1.9999576112975"
"42","VNIR_Plant_Spectrum_X804.73","0.0698876091659577","0.0278178212644481","1.97883805758845"
"42","VNIR_Plant_Spectrum_X805.87","0.0708152572772627","0.0278863979835355","1.97082543490356"
"42","VNIR_Plant_Spectrum_X807.01","0.0682000828880911","0.0277711631898619","1.93557787513067"
"42","VNIR_Plant_Spectrum_X808.15","0.0703938369771621","0.0280878368578364","1.9999576112975"
"42","VNIR_Plant_Spectrum_X809.29","0.0698134617663903","0.0278282951529811","1.95856248187709"
"42","VNIR_Plant_Spectrum_X810.43","0.0691073448098965","0.0277090363126563","1.90698912107353"
"42","VNIR_Plant_Spectrum_X811.58","0.0709178690072383","0.0279575321301857","1.9999576112975"
"42","VNIR_Plant_Spectrum_X812.72","0.0678090949209762","0.0277399473088563","1.91880900217636"
"42","VNIR_Plant_Spectrum_X813.86","0.0692277342933243","0.0276468407424004","1.88455125997567"
"42","VNIR_Plant_Spectrum_X815","0.06997664008147","0.027780621748822","1.92326555317274"
"42","VNIR_Plant_Spectrum_X816.14","0.0705557662691667","0.0277337759247491","1.91717454363909"
"42","VNIR_Plant_Spectrum_X817.28","0.0704661066209323","0.0278232528696307","1.93388780575676"
"42","VNIR_Plant_Spectrum_X818.42","0.0705416041990619","0.0280174966506585","1.9999576112975"
"42","VNIR_Plant_Spectrum_X819.56","0.0708833633849851","0.0278327822310858","1.95232803611307"
"42","VNIR_Plant_Spectrum_X820.71","0.0687974317722077","0.0275769930436534","1.82903207945082"
"42","VNIR_Plant_Spectrum_X821.85","0.0684178344955176","0.0275026014388443","1.80358114221423"
"42","VNIR_Plant_Spectrum_X822.99","0.0696708543962544","0.0278296753370224","1.91270355148814"
"42","VNIR_Plant_Spectrum_X824.13","0.0701279279899914","0.0278782248888765","1.90814481246696"
"42","VNIR_Plant_Spectrum_X825.27","0.0682288498625532","0.0274263241042719","1.72247074263486"
"42","VNIR_Plant_Spectrum_X826.41","0.0694918272742973","0.0279345125012142","1.92245559453303"
"42","VNIR_Plant_Spectrum_X827.55","0.0686784717477898","0.0276968059013397","1.81778904264199"
"42","VNIR_Plant_Spectrum_X828.69","0.0678754248114349","0.0274116975327104","1.72083051219716"
"42","VNIR_Plant_Spectrum_X829.83","0.0686250233725611","0.027602751299062","1.77942256454256"
"42","VNIR_Plant_Spectrum_X830.98","0.0674112312394985","0.0275746848007753","1.79759906497903"
"42","VNIR_Plant_Spectrum_X832.12","0.0682245372498816","0.0273715332599702","1.75842074256128"
"42","VNIR_Plant_Spectrum_X833.25","0.0679978799004654","0.0274131313360043","1.70438996713326"
"42","VNIR_Plant_Spectrum_X834.4","0.0688903242695131","0.0275561893073421","1.76948015251987"
"42","VNIR_Plant_Spectrum_X835.54","0.0676266635874046","0.027247206917944","1.67574235988917"
"42","VNIR_Plant_Spectrum_X836.68","0.0667378250735378","0.0272321816718663","1.63698684379348"
"42","VNIR_Plant_Spectrum_X837.82","0.0671553076687566","0.0273085400868223","1.66355168727903"
"42","VNIR_Plant_Spectrum_X838.96","0.0682518756294705","0.0274991835523495","1.7313428193854"
"42","VNIR_Plant_Spectrum_X840.11","0.0679889871166452","0.0273508216296371","1.67077478574367"
"42","VNIR_Plant_Spectrum_X841.25","0.0663137292367905","0.0272177544308415","1.63404343267677"
"42","VNIR_Plant_Spectrum_X842.39","0.0658429488133414","0.0269903646703249","1.56849541860097"
"42","VNIR_Plant_Spectrum_X843.53","0.0677628992907688","0.0272810656972944","1.65015712773344"
"42","VNIR_Plant_Spectrum_X844.67","0.0675139795083904","0.0271842181232447","1.64030464261437"
"42","VNIR_Plant_Spectrum_X845.81","0.0668755029540969","0.0269945523856219","1.53258563974713"
"42","VNIR_Plant_Spectrum_X846.95","0.0666208444196913","0.0271196666038479","1.60928603138539"
"42","VNIR_Plant_Spectrum_X848.09","0.0651627030873739","0.0268183067360658","1.47870571389715"
"42","VNIR_Plant_Spectrum_X849.24","0.0675247634587525","0.0270877614900092","1.61117886040982"
"42","VNIR_Plant_Spectrum_X850.38","0.0648335956858963","0.0267512197543237","1.45822837509349"
"42","VNIR_Plant_Spectrum_X851.52","0.066076106244774","0.0269567966800617","1.56249714978637"
"42","VNIR_Plant_Spectrum_X852.66","0.0662981144041406","0.0272327628215062","1.66427323341268"
"42","VNIR_Plant_Spectrum_X853.8","0.0669658790674566","0.0268831601287918","1.49868586277299"
"42","VNIR_Plant_Spectrum_X854.94","0.0659802106335507","0.0267031519227954","1.40311548710585"
"42","VNIR_Plant_Spectrum_X856.08","0.0652382472595202","0.0269035209415436","1.50204368447924"
"42","VNIR_Plant_Spectrum_X857.22","0.0672297142773481","0.027109116170898","1.56345762006069"
"42","VNIR_Plant_Spectrum_X858.36","0.0665061075834979","0.0270485327166891","1.55303238285153"
"42","VNIR_Plant_Spectrum_X859.5","0.0649593553954811","0.0266734804726126","1.38008251627061"
"42","VNIR_Plant_Spectrum_X860.65","0.0642926700578705","0.0266392491819801","1.37237095845899"
"42","VNIR_Plant_Spectrum_X861.79","0.0654668509113793","0.026728476848126","1.43140630554163"
"42","VNIR_Plant_Spectrum_X862.93","0.0648481759688861","0.0267465134392828","1.39841946983112"
"42","VNIR_Plant_Spectrum_X864.07","0.0656173608078283","0.0266914749877089","1.38936904241378"
"42","VNIR_Plant_Spectrum_X865.21","0.0643155198778392","0.0266695831366437","1.41588155311228"
"42","VNIR_Plant_Spectrum_X866.35","0.0645730540401556","0.02668697652982","1.42821797678765"
"42","VNIR_Plant_Spectrum_X867.49","0.0651237552966668","0.0268433814701375","1.46670518802404"
"42","VNIR_Plant_Spectrum_X868.64","0.0654269440365544","0.0268199889271387","1.42469664974087"
"42","VNIR_Plant_Spectrum_X869.78","0.0645515426690964","0.0265286556030482","1.36413807442577"
"42","VNIR_Plant_Spectrum_X870.92","0.0654711613623402","0.0268550685887702","1.47623015478257"
"42","VNIR_Plant_Spectrum_X872.06","0.0649526694527129","0.0267656008691387","1.4276477071653"
"42","VNIR_Plant_Spectrum_X873.2","0.0661178208674512","0.0266268592905267","1.38230534159101"
"42","VNIR_Plant_Spectrum_X874.34","0.0658687780910737","0.0266849381534349","1.42180377768929"
"42","VNIR_Plant_Spectrum_X875.48","0.0644871265934285","0.0266230906115822","1.36181711442385"
"42","VNIR_Plant_Spectrum_X876.62","0.0652938666955175","0.0267875910681683","1.37921085317451"
"42","VNIR_Plant_Spectrum_X877.77","0.0637348719715684","0.0265452961912132","1.33835471921744"
"42","VNIR_Plant_Spectrum_X878.91","0.0645800622265452","0.0265844536644037","1.35805879571811"
"42","VNIR_Plant_Spectrum_X880.05","0.0637786320059045","0.0264282276887026","1.27378275967651"
"42","VNIR_Plant_Spectrum_X881.19","0.0657003237305741","0.026713238439642","1.37526882336147"
"42","VNIR_Plant_Spectrum_X882.33","0.0641163116233658","0.0264953117925708","1.26974338131334"
"42","VNIR_Plant_Spectrum_X883.47","0.0642275948797891","0.026493651493057","1.32831145269448"
"42","VNIR_Plant_Spectrum_X884.61","0.0651051153126603","0.0267354734571273","1.41386338302116"
"42","VNIR_Plant_Spectrum_X885.75","0.0631265316450156","0.0263127207728545","1.22849897549978"
"42","VNIR_Plant_Spectrum_X886.9","0.0641919504200303","0.0267309924470147","1.38522045250359"
"42","VNIR_Plant_Spectrum_X888.04","0.0636955939000821","0.0263765987223054","1.26796396294228"
"42","VNIR_Plant_Spectrum_X889.18","0.0648979859332553","0.0266027975904819","1.34218351683681"
"42","VNIR_Plant_Spectrum_X890.32","0.064271193291709","0.0264691003356644","1.30121980000517"
"42","VNIR_Plant_Spectrum_X891.46","0.0636768412770802","0.0266248775670896","1.35510569386359"
"42","VNIR_Plant_Spectrum_X892.6","0.0649786360160386","0.0266669458693234","1.35179476408952"
"42","VNIR_Plant_Spectrum_X893.74","0.0649781374776129","0.0263913566750867","1.25314336260501"
"42","VNIR_Plant_Spectrum_X894.88","0.0645486579318531","0.026554638662178","1.35046160450002"
"42","VNIR_Plant_Spectrum_X896.02","0.0632076626740548","0.0262348576150176","1.14227768897601"
"42","VNIR_Plant_Spectrum_X897.17","0.0638624110473297","0.0266660884815596","1.29628641921029"
"42","VNIR_Plant_Spectrum_X898.31","0.0640980440428196","0.026401039968354","1.22454553349464"
"14","VNIR_Plant_Spectrum_X351.44","0","0","1.9999576112975"
"14","VNIR_Plant_Spectrum_X352.58","1.17933990258702e-15","3.62762023065062e-16","0.916639814242902"
"14","VNIR_Plant_Spectrum_X353.72","0","0","1.9999576112975"
"14","VNIR_Plant_Spectrum_X354.86","0","0","1.9999576112975"
"14","VNIR_Plant_Spectrum_X356","0","0","1.9999576112975"
"14","VNIR_Plant_Spectrum_X357.15","0.0176743871917487","0.00627613769650506","-0.999957596396336"
"14","VNIR_Plant_Spectrum_X358.29","0.00735295584796591","0.00231447075965389","-0.999957596396336"
"14","VNIR_Plant_Spectrum_X359.43","0.00355276083077045","0.00160442116581342","-0.999957596396336"
"14","VNIR_Plant_Spectrum_X360.57","5.49202925759091e-15","1.62185725165458e-15","1.22338017944482"
"14","VNIR_Plant_Spectrum_X361.72","0.00149751423185413","0.000454602321636588","-0.999957596396336"
"14","VNIR_Plant_Spectrum_X362.86","0","0","1.9999576112975"
"14","VNIR_Plant_Spectrum_X364","0.0183984877874538","0.00388161310767605","-0.999957596396336"
"14","VNIR_Plant_Spectrum_X365.14","0","0","1.9999576112975"
"14","VNIR_Plant_Spectrum_X366.29","0.00801235606733805","0.00267550343171581","-0.999957596396336"
"14","VNIR_Plant_Spectrum_X367.43","0.00422437513070277","0.00131874645354799","-0.999957596396336"
"14","VNIR_Plant_Spectrum_X368.57","0","0","1.9999576112975"
"14","VNIR_Plant_Spectrum_X369.71","0.0111454871219087","0.00346751960192098","-0.999957596396336"
"14","VNIR_Plant_Spectrum_X370.86","0","0","1.9999576112975"
"14","VNIR_Plant_Spectrum_X372","0.00117526215130157","0.000303470202497956","-0.999957596396336"
"14","VNIR_Plant_Spectrum_X373.14","0.00904878426173723","0.00373365468762136","-0.999957596396336"
"14","VNIR_Plant_Spectrum_X374.28","0","0","1.9999576112975"
"14","VNIR_Plant_Spectrum_X375.43","0.000380095241915028","0.000169487124038465","-0.999957596396336"
"14","VNIR_Plant_Spectrum_X376.57","0","0","1.9999576112975"
"14","VNIR_Plant_Spectrum_X377.71","0","0","1.9999576112975"
"14","VNIR_Plant_Spectrum_X378.85","0","0","1.9999576112975"
"14","VNIR_Plant_Spectrum_X380","0","0","1.9999576112975"
"14","VNIR_Plant_Spectrum_X381.14","0","0","1.9999576112975"
"14","VNIR_Plant_Spectrum_X382.28","0.00255940752883572","0.000960282251101919","-0.999957596396336"
"14","VNIR_Plant_Spectrum_X383.42","0","0","1.9999576112975"
"14","VNIR_Plant_Spectrum_X384.57","0","0","1.9999576112975"
"14","VNIR_Plant_Spectrum_X385.71","0","0","1.9999576112975"
"14","VNIR_Plant_Spectrum_X386.85","0.00202260668253286","0.00080525079684934","-0.999957596396336"
"14","VNIR_Plant_Spectrum_X387.99","0.00272216675395869","0.00101957662003435","-0.999957596396336"
"14","VNIR_Plant_Spectrum_X389.14","0","0","1.9999576112975"
"14","VNIR_Plant_Spectrum_X390.28","0.00431895765600381","0.00152778995965286","-0.999957596396336"
"14","VNIR_Plant_Spectrum_X391.42","0","0","1.9999576112975"
"14","VNIR_Plant_Spectrum_X392.56","0.00239662624942025","0.00079673269978651","-0.999957596396336"
"14","VNIR_Plant_Spectrum_X393.71","0","0","1.9999576112975"
"14","VNIR_Plant_Spectrum_X394.85","0","0","1.9999576112975"
"14","VNIR_Plant_Spectrum_X395.99","0","0","1.9999576112975"
"14","VNIR_Plant_Spectrum_X397.13","0.000440844105678822","0.000114247602802492","-0.999957596396336"
"14","VNIR_Plant_Spectrum_X398.28","1.67820501203794e-15","7.6150041319906e-16","1.59089210144819"
"14","VNIR_Plant_Spectrum_X399.42","0.00379471480605728","0.00088235693017016","1.9999576112975"
"14","VNIR_Plant_Spectrum_X400.56","0","0","1.9999576112975"
"14","VNIR_Plant_Spectrum_X401.7","0","0","1.9999576112975"
"14","VNIR_Plant_Spectrum_X402.85","0","0","1.9999576112975"
"14","VNIR_Plant_Spectrum_X403.99","0","0","1.9999576112975"
"14","VNIR_Plant_Spectrum_X405.13","0.00059768548511328","0.000187665276002968","-0.999957596396336"
"14","VNIR_Plant_Spectrum_X406.27","0","0","1.9999576112975"
"14","VNIR_Plant_Spectrum_X407.41","0","0","1.9999576112975"
"14","VNIR_Plant_Spectrum_X408.55","0","0","1.9999576112975"
"14","VNIR_Plant_Spectrum_X409.7","0.00069552081428588","0.000249307955199553","-0.999957596396336"
"14","VNIR_Plant_Spectrum_X410.84","0","0","1.9999576112975"
"14","VNIR_Plant_Spectrum_X411.98","0.00209320397011145","0.00052394282591376","-0.999957596396336"
"14","VNIR_Plant_Spectrum_X413.12","0.000736066686435975","0.000242135545744275","-0.999957596396336"
"14","VNIR_Plant_Spectrum_X414.26","0.00287509068519736","0.000748121408268864","-0.999957596396336"
"14","VNIR_Plant_Spectrum_X415.4","0.00259166543542936","0.000865026221823601","-0.999957596396336"
"14","VNIR_Plant_Spectrum_X416.54","0.00133788305403628","0.000648870990256506","-0.999957596396336"
"14","VNIR_Plant_Spectrum_X417.68","0","0","1.9999576112975"
"14","VNIR_Plant_Spectrum_X418.83","0.000523321466077149","0.000154990475435979","-0.999957596396336"
"14","VNIR_Plant_Spectrum_X419.97","0.00179244510009694","0.000655575548194207","-0.999957596396336"
"14","VNIR_Plant_Spectrum_X421.11","0.00100220164623497","0.000313833953186714","-0.999957596396336"
"14","VNIR_Plant_Spectrum_X422.25","0.00361106904834028","0.000922732325744304","-0.999957596396336"
"14","VNIR_Plant_Spectrum_X423.39","0.00169420073923042","0.000493155642524105","-0.999957596396336"
"14","VNIR_Plant_Spectrum_X424.53","0.00131469279804549","0.000427183998506381","-0.999957596396336"
"14","VNIR_Plant_Spectrum_X425.67","0","0","1.9999576112975"
"14","VNIR_Plant_Spectrum_X426.81","0.000696710946901914","0.00021982525896623","-0.999957596396336"
"14","VNIR_Plant_Spectrum_X427.96","0","0","1.9999576112975"
"14","VNIR_Plant_Spectrum_X429.1","0.00135332816391496","0.000306205983625851","1.9999576112975"
"14","VNIR_Plant_Spectrum_X430.24","0","0","1.9999576112975"
"14","VNIR_Plant_Spectrum_X431.38","0.0041348955459802","0.00107089260825574","-0.999957596396336"
"14","VNIR_Plant_Spectrum_X432.52","0.000404422133602839","0.000132961760335548","-0.999957596396336"
"14","VNIR_Plant_Spectrum_X433.66","0.0016132851270937","0.000420485570312217","-0.999957596396336"
"14","VNIR_Plant_Spectrum_X434.8","0.00141397012377592","0.000537957858677785","-0.999957596396336"
"14","VNIR_Plant_Spectrum_X435.94","0","0","1.9999576112975"
"14","VNIR_Plant_Spectrum_X437.09","0.000387749487230807","0.000134218908317527","-0.999957596396336"
"14","VNIR_Plant_Spectrum_X438.23","0.00135392512544936","0.000418269984169426","1.9999576112975"
"14","VNIR_Plant_Spectrum_X439.37","0.00103071818685581","0.000368925903794745","-0.999957596396336"
"14","VNIR_Plant_Spectrum_X440.52","0.000975219071898241","0.000265191746726671","1.9999576112975"
"14","VNIR_Plant_Spectrum_X441.66","0.00314704954486895","0.00104449519302052","-0.999957596396336"
"14","VNIR_Plant_Spectrum_X442.8","0.000861386733967177","0.000285919569837821","-0.999957596396336"
"14","VNIR_Plant_Spectrum_X443.95","0.00193582499940992","0.000799734371364542","-0.999957596396336"
"14","VNIR_Plant_Spectrum_X445.09","0.00234565114190513","0.000800495076160457","-0.999957596396336"
"14","VNIR_Plant_Spectrum_X446.23","0.00228141425597834","0.000733876768041782","1.9999576112975"
"14","VNIR_Plant_Spectrum_X447.37","0.00237015023491182","0.000765934828168274","-0.999957596396336"
"14","VNIR_Plant_Spectrum_X448.52","0.00203878986205092","0.000691422125438502","-0.999957596396336"
"14","VNIR_Plant_Spectrum_X449.66","0.00210354589886747","0.000659711748714778","-0.999957596396336"
"14","VNIR_Plant_Spectrum_X450.8","0.00156158676888074","0.000439075337880785","1.9999576112975"
"14","VNIR_Plant_Spectrum_X451.95","0.00155050661164678","0.0004601582131075","-0.999957596396336"
"14","VNIR_Plant_Spectrum_X453.09","0.00184854964943578","0.000535858412320777","-0.999957596396336"
"14","VNIR_Plant_Spectrum_X454.23","0.00236397870554323","0.000735851930387584","-0.999957596396336"
"14","VNIR_Plant_Spectrum_X455.38","0.0018181304429535","0.000666366638481182","-0.999957596396336"
"14","VNIR_Plant_Spectrum_X456.52","0.00299193810326232","0.00096459818718764","1.9999576112975"
"14","VNIR_Plant_Spectrum_X457.66","0.000937166129041496","0.000328825534173726","-0.999957596396336"
"14","VNIR_Plant_Spectrum_X458.8","0.00296731958463469","0.000942233249993561","-0.999957596396336"
"14","VNIR_Plant_Spectrum_X459.95","0.00195913245304523","0.000675033465102872","-0.999957596396336"
"14","VNIR_Plant_Spectrum_X461.09","0.00288527108224417","0.000842993629500753","-0.999957596396336"
"14","VNIR_Plant_Spectrum_X462.23","0.0018358620055503","0.000543922997639538","-0.999957596396336"
"14","VNIR_Plant_Spectrum_X463.38","0.00202778999790063","0.000652127378057094","-0.999957596396336"
"14","VNIR_Plant_Spectrum_X464.52","0.00201050522448936","0.000671421861680094","-0.999957596396336"
"14","VNIR_Plant_Spectrum_X465.66","0.00235743821416109","0.000629890576476829","-0.999957596396336"
"14","VNIR_Plant_Spectrum_X466.81","0.00348646697698836","0.00116049512671898","-0.999957596396336"
"14","VNIR_Plant_Spectrum_X467.95","0.00324659977987565","0.00102018679810648","-0.999957596396336"
"14","VNIR_Plant_Spectrum_X469.09","0.00295634134276052","0.000998826636770058","-0.999957596396336"
"14","VNIR_Plant_Spectrum_X470.23","0.00296960453080119","0.00099747343218107","-0.999957596396336"
"14","VNIR_Plant_Spectrum_X471.38","0.00290079212130296","0.000924709181315831","-0.999957596396336"
"14","VNIR_Plant_Spectrum_X472.52","0.00283852575949295","0.000975708654021763","-0.999957596396336"
"14","VNIR_Plant_Spectrum_X473.66","0.00266658062781012","0.000781810314196985","-0.999957596396336"
"14","VNIR_Plant_Spectrum_X474.81","0.00278160016904238","0.000830545770319109","-0.999957596396336"
"14","VNIR_Plant_Spectrum_X475.95","0.00245978735725934","0.000701182348242032","-0.999957596396336"
"14","VNIR_Plant_Spectrum_X477.09","0.00278527567828076","0.000813438013292465","-0.999957596396336"
"14","VNIR_Plant_Spectrum_X478.24","0.00298410482243712","0.00089211491815143","-0.999957596396336"
"14","VNIR_Plant_Spectrum_X479.38","0.00274002924932827","0.000958699152211451","-0.999957596396336"
"14","VNIR_Plant_Spectrum_X480.52","0.00281270444842344","0.000919536357171876","-0.999957596396336"
"14","VNIR_Plant_Spectrum_X481.66","0.00287383108038257","0.000822177162700621","-0.999957596396336"
"14","VNIR_Plant_Spectrum_X482.81","0.00292173135352238","0.000896931475682677","-0.999957596396336"
"14","VNIR_Plant_Spectrum_X483.95","0.00232251098005318","0.000775452109361026","-0.999957596396336"
"14","VNIR_Plant_Spectrum_X485.09","0.00308302449641851","0.000914081367356654","-0.999957596396336"
"14","VNIR_Plant_Spectrum_X486.24","0.0033841456739988","0.000994008106601323","-0.999957596396336"
"14","VNIR_Plant_Spectrum_X487.38","0.00299297926839272","0.000916589953664567","-0.999957596396336"
"14","VNIR_Plant_Spectrum_X488.52","0.00305114603860784","0.000896761727305865","-0.999957596396336"
"14","VNIR_Plant_Spectrum_X489.67","0.003006347386343","0.000953017354345039","-0.999957596396336"
"14","VNIR_Plant_Spectrum_X490.81","0.00255437153127716","0.000830062239672485","-0.999957596396336"
"14","VNIR_Plant_Spectrum_X491.95","0.0027423842709708","0.000904175243490946","-0.999957596396336"
"14","VNIR_Plant_Spectrum_X493.09","0.00261347178560454","0.000811697802624824","-0.999957596396336"
"14","VNIR_Plant_Spectrum_X494.24","0.00293096051972171","0.000918417346411868","-0.999957596396336"
"14","VNIR_Plant_Spectrum_X495.38","0.00284403146109879","0.000843172738578916","-0.999957596396336"
"14","VNIR_Plant_Spectrum_X496.52","0.00276747672973031","0.000889630235068905","-0.999957596396336"
"14","VNIR_Plant_Spectrum_X497.67","0.00241197935679213","0.000745180699887961","-0.999957596396336"
"14","VNIR_Plant_Spectrum_X498.81","0.00339660761666735","0.00111239566503487","-0.999957596396336"
"14","VNIR_Plant_Spectrum_X499.95","0.0029745362284514","0.000935600824781555","-0.999957596396336"
"14","VNIR_Plant_Spectrum_X501.1","0.0027322058990883","0.000900290388826953","-0.999957596396336"
"14","VNIR_Plant_Spectrum_X502.24","0.0029753344061168","0.000926299691542036","-0.999957596396336"
"14","VNIR_Plant_Spectrum_X503.38","0.00300585185943315","0.000997926309840671","-0.999957596396336"
"14","VNIR_Plant_Spectrum_X504.52","0.00314132362548082","0.00100285800616793","-0.999957596396336"
"14","VNIR_Plant_Spectrum_X505.67","0.00339219453182144","0.00102788568207394","-0.999957596396336"
"14","VNIR_Plant_Spectrum_X506.81","0.00294744536507351","0.000976196047987886","-0.999957596396336"
"14","VNIR_Plant_Spectrum_X507.95","0.00303452675943012","0.0010699983034187","-0.999957596396336"
"14","VNIR_Plant_Spectrum_X509.1","0.00328544152258125","0.00114427440276564","-0.999957596396336"
"14","VNIR_Plant_Spectrum_X510.24","0.00275171447491106","0.000979278304468296","-0.999957596396336"
"14","VNIR_Plant_Spectrum_X511.38","0.00294933265756922","0.000991446050458252","-0.999957596396336"
"14","VNIR_Plant_Spectrum_X512.53","0.00328416040507815","0.00108249126310222","-0.999957596396336"
"14","VNIR_Plant_Spectrum_X513.67","0.00345201579825168","0.00115271846120907","-0.999957596396336"
"14","VNIR_Plant_Spectrum_X514.81","0.00307987354149032","0.00114717086514703","-0.999957596396336"
"14","VNIR_Plant_Spectrum_X515.95","0.00295805752629463","0.00112541981135161","-0.999957596396336"
"14","VNIR_Plant_Spectrum_X517.1","0.00276756449987836","0.000999673174733883","-0.999957596396336"
"14","VNIR_Plant_Spectrum_X518.24","0.00375420008388235","0.00127952922674401","-0.999957596396336"
"14","VNIR_Plant_Spectrum_X519.38","0.00357535117614145","0.00125962383000638","-0.999957596396336"
"14","VNIR_Plant_Spectrum_X520.53","0.00353727394470308","0.00125420315776921","-0.999957596396336"
"14","VNIR_Plant_Spectrum_X521.67","0.00332723016836346","0.00121389246860967","-0.999957596396336"
"14","VNIR_Plant_Spectrum_X522.81","0.00345387080851635","0.00122870475722582","-0.999957596396336"
"14","VNIR_Plant_Spectrum_X523.96","0.0041595184891612","0.0013575969349936","-0.999957596396336"
"14","VNIR_Plant_Spectrum_X525.1","0.00348662566044883","0.00128714209416642","-0.999957596396336"
"14","VNIR_Plant_Spectrum_X526.24","0.00375286914691044","0.00133618431670207","-0.999957596396336"
"14","VNIR_Plant_Spectrum_X527.38","0.00379156972660639","0.00128923394446941","-0.999957596396336"
"14","VNIR_Plant_Spectrum_X528.53","0.0029951264035743","0.00118286622566866","-0.999957596396336"
"14","VNIR_Plant_Spectrum_X529.67","0.00343585092750485","0.00130526039851816","-0.999957596396336"
"14","VNIR_Plant_Spectrum_X530.81","0.0038310236845736","0.00136905237888743","-0.999957596396336"
"14","VNIR_Plant_Spectrum_X531.96","0.00391064172089081","0.0014466225127795","-0.999957596396336"
"14","VNIR_Plant_Spectrum_X533.1","0.00346435137904263","0.00138526253079838","-0.999957596396336"
"14","VNIR_Plant_Spectrum_X534.24","0.00411346101011801","0.00146205888612772","-0.999957596396336"
"14","VNIR_Plant_Spectrum_X535.39","0.00462990957248326","0.00152453511284815","-0.999957596396336"
"14","VNIR_Plant_Spectrum_X536.53","0.00388910157410856","0.00137382623667543","-0.999957596396336"
"14","VNIR_Plant_Spectrum_X537.67","0.00404938840398376","0.00145312818374482","-0.999957596396336"
"14","VNIR_Plant_Spectrum_X538.81","0.0043241757964216","0.00145254702844652","-0.999957596396336"
"14","VNIR_Plant_Spectrum_X539.96","0.00404462380734869","0.00142099700813083","-0.999957596396336"
"14","VNIR_Plant_Spectrum_X541.1","0.00381472807191628","0.00143962702522679","-0.999957596396336"
"14","VNIR_Plant_Spectrum_X542.24","0.00386717662622546","0.001465191086628","-0.999957596396336"
"14","VNIR_Plant_Spectrum_X543.39","0.00435623047026504","0.0015567278741583","-0.999957596396336"
"14","VNIR_Plant_Spectrum_X544.53","0.0035754559920784","0.00134610993166381","-0.999957596396336"
"14","VNIR_Plant_Spectrum_X545.67","0.00431523364971284","0.0015009782506556","-0.999957596396336"
"14","VNIR_Plant_Spectrum_X546.82","0.00370147707258964","0.00146288988332391","-0.999957596396336"
"14","VNIR_Plant_Spectrum_X547.96","0.00366665473154938","0.00142353261465656","-0.999957596396336"
"14","VNIR_Plant_Spectrum_X549.1","0.00413703525785405","0.0015750378506264","-0.999957596396336"
"14","VNIR_Plant_Spectrum_X550.24","0.00450791317214135","0.00150015450749684","-0.999957596396336"
"14","VNIR_Plant_Spectrum_X551.38","0.00381414598450338","0.00144472702513714","-0.999957596396336"
"14","VNIR_Plant_Spectrum_X552.52","0.00401177472779498","0.00146010928241031","-0.999957596396336"
"14","VNIR_Plant_Spectrum_X553.66","0.00417223980706046","0.00151656303508865","-0.999957596396336"
"14","VNIR_Plant_Spectrum_X554.8","0.00401956423719321","0.00150617463400775","-0.999957596396336"
"14","VNIR_Plant_Spectrum_X555.95","0.00366732252013839","0.0014106785414557","-0.999957596396336"
"14","VNIR_Plant_Spectrum_X557.09","0.00448908261947372","0.00149872054622461","-0.999957596396336"
"14","VNIR_Plant_Spectrum_X558.23","0.00390146626269818","0.00140604724249697","-0.999957596396336"
"14","VNIR_Plant_Spectrum_X559.37","0.0038746367564829","0.00141097757277328","-0.999957596396336"
"14","VNIR_Plant_Spectrum_X560.51","0.00375824654361048","0.00140287200735224","-0.999957596396336"
"14","VNIR_Plant_Spectrum_X561.65","0.00391931840227277","0.0014276918716249","-0.999957596396336"
"14","VNIR_Plant_Spectrum_X562.79","0.00404799563017141","0.0014635019575834","-0.999957596396336"
"14","VNIR_Plant_Spectrum_X563.93","0.00366724613214477","0.00140097198673481","-0.999957596396336"
"14","VNIR_Plant_Spectrum_X565.07","0.00421543509939931","0.00148007427534705","-0.999957596396336"
"14","VNIR_Plant_Spectrum_X566.22","0.00388644021259324","0.00143781217233551","-0.999957596396336"
"14","VNIR_Plant_Spectrum_X567.36","0.00394579636118067","0.00141741657581587","-0.999957596396336"
"14","VNIR_Plant_Spectrum_X568.5","0.00406089368764045","0.00140142841740245","-0.999957596396336"
"14","VNIR_Plant_Spectrum_X569.64","0.0040211123414889","0.00146590832160333","-0.999957596396336"
"14","VNIR_Plant_Spectrum_X570.78","0.00405811343617954","0.00145122270910522","-0.999957596396336"
"14","VNIR_Plant_Spectrum_X571.92","0.00364586759047156","0.00133450284694635","-0.999957596396336"
"14","VNIR_Plant_Spectrum_X573.06","0.00371655152268386","0.00133892789873116","-0.999957596396336"
"14","VNIR_Plant_Spectrum_X574.2","0.00395611111232473","0.00141510731815349","-0.999957596396336"
"14","VNIR_Plant_Spectrum_X575.35","0.00407465228378817","0.00134969722324052","-0.999957596396336"
"14","VNIR_Plant_Spectrum_X576.49","0.00364026985805144","0.0013498955012822","-0.999957596396336"
"14","VNIR_Plant_Spectrum_X577.63","0.00396841971997599","0.00135294656733832","-0.999957596396336"
"14","VNIR_Plant_Spectrum_X578.77","0.00417910624820733","0.00140077660293639","-0.999957596396336"
"14","VNIR_Plant_Spectrum_X579.91","0.0040050155563012","0.00140317256094712","-0.999957596396336"
"14","VNIR_Plant_Spectrum_X581.05","0.00451294139371862","0.00146397129280831","-0.999957596396336"
"14","VNIR_Plant_Spectrum_X582.19","0.00360273675841942","0.00128931755030975","-0.999957596396336"
"14","VNIR_Plant_Spectrum_X583.33","0.00408393073239928","0.00139419556789078","-0.999957596396336"
"14","VNIR_Plant_Spectrum_X584.48","0.00355024805433789","0.00129035965559828","-0.999957596396336"
"14","VNIR_Plant_Spectrum_X585.62","0.00400419227947074","0.00136898270017685","-0.999957596396336"
"14","VNIR_Plant_Spectrum_X586.76","0.00386355814284285","0.00134904315262453","-0.999957596396336"
"14","VNIR_Plant_Spectrum_X587.9","0.00363498668000748","0.0013119162159053","-0.999957596396336"
"14","VNIR_Plant_Spectrum_X589.04","0.00387101297376959","0.00135162173801224","-0.999957596396336"
"14","VNIR_Plant_Spectrum_X590.18","0.00378087611422698","0.00128358662291644","-0.999957596396336"
"14","VNIR_Plant_Spectrum_X591.32","0.00349628074750296","0.00124415574841294","-0.999957596396336"
"14","VNIR_Plant_Spectrum_X592.46","0.0038528253459581","0.00129471327206367","-0.999957596396336"
"14","VNIR_Plant_Spectrum_X593.6","0.00394496370077466","0.0013323024790504","-0.999957596396336"
"14","VNIR_Plant_Spectrum_X594.75","0.00360753710220431","0.00127925248292582","-0.999957596396336"
"14","VNIR_Plant_Spectrum_X595.89","0.00391793512067409","0.00135326670104549","-0.999957596396336"
"14","VNIR_Plant_Spectrum_X597.03","0.00336508903825992","0.00128687034579676","-0.999957596396336"
"14","VNIR_Plant_Spectrum_X598.17","0.00368467268320398","0.00132373025815669","-0.999957596396336"
"14","VNIR_Plant_Spectrum_X599.31","0.00387476196957243","0.00134184502750881","-0.999957596396336"
"14","VNIR_Plant_Spectrum_X600.45","0.00385155013753441","0.0013197628908395","-0.999957596396336"
"14","VNIR_Plant_Spectrum_X601.59","0.00369452452010584","0.00130695621328563","-0.999957596396336"
"14","VNIR_Plant_Spectrum_X602.73","0.0039556053720018","0.00134886877289392","-0.999957596396336"
"14","VNIR_Plant_Spectrum_X603.88","0.00364906586191503","0.00131429627365254","-0.999957596396336"
"14","VNIR_Plant_Spectrum_X605.02","0.00357682361187522","0.00128296127662313","-0.999957596396336"
"14","VNIR_Plant_Spectrum_X606.16","0.003585999291174","0.00123507790369392","-0.999957596396336"
"14","VNIR_Plant_Spectrum_X607.3","0.00368949848576767","0.00124641941452732","-0.999957596396336"
"14","VNIR_Plant_Spectrum_X608.44","0.00340616083528895","0.00121362972182275","-0.999957596396336"
"14","VNIR_Plant_Spectrum_X609.58","0.00326587038049829","0.00122640173704345","-0.999957596396336"
"14","VNIR_Plant_Spectrum_X610.72","0.0033035871371799","0.00121433751732608","-0.999957596396336"
"14","VNIR_Plant_Spectrum_X611.86","0.00349507301464294","0.00125740526945207","-0.999957596396336"
"14","VNIR_Plant_Spectrum_X613.01","0.00324774238711916","0.0012190602791568","-0.999957596396336"
"14","VNIR_Plant_Spectrum_X614.15","0.00356283787816285","0.00122774924870467","-0.999957596396336"
"14","VNIR_Plant_Spectrum_X615.29","0.00357238878009681","0.00121705448048117","-0.999957596396336"
"14","VNIR_Plant_Spectrum_X616.43","0.00371546526937608","0.00126030833583707","-0.999957596396336"
"14","VNIR_Plant_Spectrum_X617.57","0.00321243921493698","0.00120196333813021","-0.999957596396336"
"14","VNIR_Plant_Spectrum_X618.71","0.00346518263499493","0.00121670241879128","-0.999957596396336"
"14","VNIR_Plant_Spectrum_X619.85","0.00292840737561378","0.0011185846310751","-0.999957596396336"
"14","VNIR_Plant_Spectrum_X620.99","0.00338084845455742","0.00118059483267561","-0.999957596396336"
"14","VNIR_Plant_Spectrum_X622.14","0.00325540308369521","0.0011658081842318","-0.999957596396336"
"14","VNIR_Plant_Spectrum_X623.28","0.00343428794453754","0.00116806928356158","-0.999957596396336"
"14","VNIR_Plant_Spectrum_X624.42","0.00306938679427028","0.00113842851971186","-0.999957596396336"
"14","VNIR_Plant_Spectrum_X625.56","0.00329180220260663","0.0011663187800167","-0.999957596396336"
"14","VNIR_Plant_Spectrum_X626.7","0.00320873819225172","0.0011448250204695","-0.999957596396336"
"14","VNIR_Plant_Spectrum_X627.84","0.00323429905519195","0.00116167972854605","-0.999957596396336"
"14","VNIR_Plant_Spectrum_X628.98","0.00344690005125972","0.001167558869338","-0.999957596396336"
"14","VNIR_Plant_Spectrum_X630.12","0.003562772260881","0.00128407423542476","-0.999957596396336"
"14","VNIR_Plant_Spectrum_X631.26","0.00281077046148392","0.00111789391739828","-0.999957596396336"
"14","VNIR_Plant_Spectrum_X632.41","0.0032561241238438","0.00114930803761699","-0.999957596396336"
"14","VNIR_Plant_Spectrum_X633.55","0.00329453812166757","0.00123846648822439","-0.999957596396336"
"14","VNIR_Plant_Spectrum_X634.69","0.00339022858750308","0.00122739596248751","-0.999957596396336"
"14","VNIR_Plant_Spectrum_X635.83","0.00317613997470435","0.00116944164976638","-0.999957596396336"
"14","VNIR_Plant_Spectrum_X636.97","0.00335826024401882","0.00118737631735763","-0.999957596396336"
"14","VNIR_Plant_Spectrum_X638.11","0.00325148244280448","0.00120398614408181","-0.999957596396336"
"14","VNIR_Plant_Spectrum_X639.25","0.00335610058345313","0.00114128170943235","-0.999957596396336"
"14","VNIR_Plant_Spectrum_X640.39","0.00378945313112296","0.00124415411749599","-0.999957596396336"
"14","VNIR_Plant_Spectrum_X641.54","0.00312887600333458","0.00116951918575709","-0.999957596396336"
"14","VNIR_Plant_Spectrum_X642.68","0.0032719682209268","0.00117308417988741","-0.999957596396336"
"14","VNIR_Plant_Spectrum_X643.82","0.00341731600183891","0.00119587501958829","-0.999957596396336"
"14","VNIR_Plant_Spectrum_X644.96","0.00314533322436556","0.00114013788834823","-0.999957596396336"
"14","VNIR_Plant_Spectrum_X646.1","0.00316544885284982","0.0011065878118099","-0.999957596396336"
"14","VNIR_Plant_Spectrum_X647.24","0.00318882182060386","0.00116153853618605","-0.999957596396336"
"14","VNIR_Plant_Spectrum_X648.38","0.00320656530365125","0.00116649548933244","-0.999957596396336"
"14","VNIR_Plant_Spectrum_X649.52","0.00285569267631512","0.00109664057797365","-0.999957596396336"
"14","VNIR_Plant_Spectrum_X650.67","0.00290077345976825","0.00106750020168282","-0.999957596396336"
"14","VNIR_Plant_Spectrum_X651.81","0.00308003428972555","0.00112911478523163","-0.999957596396336"
"14","VNIR_Plant_Spectrum_X652.95","0.00275060701033127","0.00104463104062996","-0.999957596396336"
"14","VNIR_Plant_Spectrum_X654.09","0.00299611728573677","0.00106281070180663","-0.999957596396336"
"14","VNIR_Plant_Spectrum_X655.23","0.00312455030676766","0.00111422071997868","-0.999957596396336"
"14","VNIR_Plant_Spectrum_X656.37","0.00269130164642277","0.00105021001247628","-0.999957596396336"
"14","VNIR_Plant_Spectrum_X657.51","0.0031860451929511","0.00110772020281504","-0.999957596396336"
"14","VNIR_Plant_Spectrum_X658.65","0.00333287199727462","0.00107796828439664","-0.999957596396336"
"14","VNIR_Plant_Spectrum_X659.79","0.0026353470349504","0.000996830507948824","-0.999957596396336"
"14","VNIR_Plant_Spectrum_X660.94","0.0029106956160786","0.00104921640171372","-0.999957596396336"
"14","VNIR_Plant_Spectrum_X662.08","0.00297154726678731","0.00105884009031709","-0.999957596396336"
"14","VNIR_Plant_Spectrum_X663.22","0.00257226766672508","0.000912315245942446","-0.999957596396336"
"14","VNIR_Plant_Spectrum_X664.36","0.00284038143875774","0.000971060181062298","-0.999957596396336"
"14","VNIR_Plant_Spectrum_X665.5","0.00265300783632649","0.000987964569538299","-0.999957596396336"
"14","VNIR_Plant_Spectrum_X666.64","0.00288115239006939","0.000974373808272992","-0.999957596396336"
"14","VNIR_Plant_Spectrum_X667.78","0.00261452880254032","0.000949471450653514","-0.999957596396336"
"14","VNIR_Plant_Spectrum_X668.92","0.00262061165034236","0.000997304315723309","-0.999957596396336"
"14","VNIR_Plant_Spectrum_X670.07","0.0025584914947021","0.000927778224740013","-0.999957596396336"
"14","VNIR_Plant_Spectrum_X671.21","0.00291690395394122","0.0010141202826887","-0.999957596396336"
"14","VNIR_Plant_Spectrum_X672.35","0.00256024990070808","0.000933981179803825","-0.999957596396336"
"14","VNIR_Plant_Spectrum_X673.49","0.00248038066144743","0.000875419887502148","-0.999957596396336"
"14","VNIR_Plant_Spectrum_X674.63","0.00254976841988664","0.000954973995955001","-0.999957596396336"
"14","VNIR_Plant_Spectrum_X675.77","0.00215670175765668","0.000887690159626541","-0.999957596396336"
"14","VNIR_Plant_Spectrum_X676.91","0.00261448576788289","0.000917754347961427","-0.999957596396336"
"14","VNIR_Plant_Spectrum_X678.05","0.0021608602371704","0.000816502965089494","-0.999957596396336"
"14","VNIR_Plant_Spectrum_X679.2","0.00253438944188511","0.000878424581540332","-0.999957596396336"
"14","VNIR_Plant_Spectrum_X680.34","0.00232493037929938","0.00087982000782124","-0.999957596396336"
"14","VNIR_Plant_Spectrum_X681.48","0.00288460208684765","0.000933934626237694","-0.999957596396336"
"14","VNIR_Plant_Spectrum_X682.62","0.00244057263012262","0.000896219089793838","-0.999957596396336"
"14","VNIR_Plant_Spectrum_X683.76","0.00258820211802247","0.000940067948320113","-0.999957596396336"
"14","VNIR_Plant_Spectrum_X684.9","0.00253999075719708","0.000906528093959755","-0.999957596396336"
"14","VNIR_Plant_Spectrum_X686.04","0.0024627658880166","0.000902880140149931","-0.999957596396336"
"14","VNIR_Plant_Spectrum_X687.18","0.00292853047166837","0.00104923482766213","-0.999957596396336"
"14","VNIR_Plant_Spectrum_X688.33","0.00268453608076917","0.000986267070814473","-0.999957596396336"
"14","VNIR_Plant_Spectrum_X689.47","0.00286173314827007","0.001017884945019","-0.999957596396336"
"14","VNIR_Plant_Spectrum_X690.61","0.00295689799171688","0.00108210383499084","-0.999957596396336"
"14","VNIR_Plant_Spectrum_X691.75","0.00297839282625092","0.00118950220716617","-0.999957596396336"
"14","VNIR_Plant_Spectrum_X692.89","0.0029364980448194","0.00116750423791296","-0.999957596396336"
"14","VNIR_Plant_Spectrum_X694.03","0.00331226944464526","0.00119411682898785","-0.999957596396336"
"14","VNIR_Plant_Spectrum_X695.17","0.00314280271753123","0.00123838621713067","-0.999957596396336"
"14","VNIR_Plant_Spectrum_X696.31","0.00305224346473225","0.00126145290679911","-0.999957596396336"
"14","VNIR_Plant_Spectrum_X697.45","0.00329326142976891","0.00129202373853797","-0.999957596396336"
"14","VNIR_Plant_Spectrum_X698.6","0.0034489541399673","0.00138772929183003","-0.999957596396336"
"14","VNIR_Plant_Spectrum_X699.74","0.00314775407602819","0.00130399571318686","-0.999957596396336"
"14","VNIR_Plant_Spectrum_X700.88","0.00329293827234205","0.00132716462494261","-0.999957596396336"
"14","VNIR_Plant_Spectrum_X702.02","0.00367996860767758","0.00150153808914349","-0.999957596396336"
"14","VNIR_Plant_Spectrum_X703.16","0.00362872208905465","0.00150397481401393","-0.999957596396336"
"14","VNIR_Plant_Spectrum_X704.3","0.00360117279615315","0.00155023824453235","-0.999957596396336"
"14","VNIR_Plant_Spectrum_X705.44","0.00386628567978622","0.00152767078070336","-0.999957596396336"
"14","VNIR_Plant_Spectrum_X706.58","0.00378844303783672","0.00159546993982755","-0.999957596396336"
"14","VNIR_Plant_Spectrum_X707.73","0.00366751529280645","0.00156482490241229","-0.999957596396336"
"14","VNIR_Plant_Spectrum_X708.87","0.00389544571477396","0.00164120434964386","-0.999957596396336"
"14","VNIR_Plant_Spectrum_X710","0.00393588275908842","0.00157340232910196","-0.999957596396336"
"14","VNIR_Plant_Spectrum_X711.15","0.00350305463807962","0.0015673374870834","-0.999957596396336"
"14","VNIR_Plant_Spectrum_X712.29","0.00377199366635102","0.00166385099299892","-0.999957596396336"
"14","VNIR_Plant_Spectrum_X713.43","0.00407297498886584","0.00170520481899043","-0.999957596396336"
"14","VNIR_Plant_Spectrum_X714.57","0.0042725036247472","0.00184675099588862","-0.999957596396336"
"14","VNIR_Plant_Spectrum_X715.71","0.00374853644803913","0.0016707013790647","-0.999957596396336"
"14","VNIR_Plant_Spectrum_X716.86","0.00395210502976813","0.00186563866945189","-0.999957596396336"
"14","VNIR_Plant_Spectrum_X718","0.00390619367772205","0.00186269336022926","-0.999957596396336"
"14","VNIR_Plant_Spectrum_X719.14","0.00395691834622457","0.00182311356382658","-0.999957596396336"
"14","VNIR_Plant_Spectrum_X720.28","0.00381775507164965","0.00178683290437497","-0.999957596396336"
"14","VNIR_Plant_Spectrum_X721.42","0.00375321123014453","0.00187956128857552","-0.999957596396336"
"14","VNIR_Plant_Spectrum_X722.56","0.00412998782272793","0.00186073840751729","-0.999957596396336"
"14","VNIR_Plant_Spectrum_X723.7","0.00388988103154123","0.00188102798717941","-0.999957596396336"
"14","VNIR_Plant_Spectrum_X724.84","0.00373013494846003","0.00192811793696959","-0.999957596396336"
"14","VNIR_Plant_Spectrum_X725.98","0.00469655698319083","0.00206823027686032","-0.999957596396336"
"14","VNIR_Plant_Spectrum_X727.13","0.00426350708446174","0.00204519629193169","-0.999957596396336"
"14","VNIR_Plant_Spectrum_X728.27","0.00384654970336157","0.00196266419801589","-0.999957596396336"
"14","VNIR_Plant_Spectrum_X729.41","0.00396721823544135","0.00193935554415434","-0.999957596396336"
"14","VNIR_Plant_Spectrum_X730.55","0.00371812203136327","0.00203812396888019","-0.999957596396336"
"14","VNIR_Plant_Spectrum_X731.69","0.00421602413029186","0.00204934491041879","-0.999957596396336"
"14","VNIR_Plant_Spectrum_X732.83","0.00448052045445776","0.00217170838703484","-0.999957596396336"
"14","VNIR_Plant_Spectrum_X733.97","0.00412460506787392","0.00216110558765911","-0.999957596396336"
"14","VNIR_Plant_Spectrum_X735.11","0.00489835414150815","0.00225548212741443","-0.999957596396336"
"14","VNIR_Plant_Spectrum_X736.25","0.00475531624112218","0.0022468879721523","-0.999957596396336"
"14","VNIR_Plant_Spectrum_X737.4","0.00455524700317133","0.0022180748360396","-0.999957596396336"
"14","VNIR_Plant_Spectrum_X738.54","0.00429115209097046","0.00218848210366871","-0.999957596396336"
"14","VNIR_Plant_Spectrum_X739.68","0.00450776788373433","0.0023075143211158","-0.999957596396336"
"14","VNIR_Plant_Spectrum_X740.82","0.00464035034677891","0.0023300221931369","-0.999957596396336"
"14","VNIR_Plant_Spectrum_X741.96","0.00479112783793786","0.00239910198877558","-0.999957596396336"
"14","VNIR_Plant_Spectrum_X743.1","0.00456291844136707","0.00227808880237349","-0.999957596396336"
"14","VNIR_Plant_Spectrum_X744.24","0.0047690051768282","0.00226144726387667","-0.999957596396336"
"14","VNIR_Plant_Spectrum_X745.39","0.00480148767256134","0.00235375064719752","-0.999957596396336"
"14","VNIR_Plant_Spectrum_X746.53","0.00434433999774986","0.00224397976063152","-0.999957596396336"
"14","VNIR_Plant_Spectrum_X747.67","0.00457380594088452","0.0023281676397489","-0.999957596396336"
"14","VNIR_Plant_Spectrum_X748.81","0.00489609795365673","0.00235306950080266","-0.999957596396336"
"14","VNIR_Plant_Spectrum_X749.95","0.00468181839127094","0.00229518090263396","-0.999957596396336"
"14","VNIR_Plant_Spectrum_X751.09","0.00483358879830084","0.00237322552368475","-0.999957596396336"
"14","VNIR_Plant_Spectrum_X752.23","0.00476915570342872","0.00228954224497688","-0.999957596396336"
"14","VNIR_Plant_Spectrum_X753.37","0.00483007508441063","0.00238923107727487","-0.999957596396336"
"14","VNIR_Plant_Spectrum_X754.52","0.00503089298678018","0.00235324182513044","-0.999957596396336"
"14","VNIR_Plant_Spectrum_X755.66","0.00494673535162937","0.0022884175748411","-0.999957596396336"
"14","VNIR_Plant_Spectrum_X756.8","0.00499329821496298","0.00235236001392356","-0.999957596396336"
"14","VNIR_Plant_Spectrum_X757.94","0.00496305395242398","0.00238806521899178","-0.999957596396336"
"14","VNIR_Plant_Spectrum_X759.08","0.00474902089447583","0.00240218567404773","-0.999957596396336"
"14","VNIR_Plant_Spectrum_X760.22","0.00520047517552247","0.00239963617192759","-0.999957596396336"
"14","VNIR_Plant_Spectrum_X761.36","0.00505579924702979","0.0023797604370378","-0.999957596396336"
"14","VNIR_Plant_Spectrum_X762.5","0.00468058296610394","0.00231006810708481","-0.999957596396336"
"14","VNIR_Plant_Spectrum_X763.64","0.00484205886686151","0.00229385326950619","-0.999957596396336"
"14","VNIR_Plant_Spectrum_X764.79","0.00481297599863278","0.00226821079167769","-0.999957596396336"
"14","VNIR_Plant_Spectrum_X765.93","0.00485027615513607","0.00241505354864467","-0.999957596396336"
"14","VNIR_Plant_Spectrum_X767.07","0.00505074936410279","0.00236253317217308","-0.999957596396336"
"14","VNIR_Plant_Spectrum_X768.21","0.00446826358197782","0.00220603441888163","-0.999957596396336"
"14","VNIR_Plant_Spectrum_X769.35","0.00446086633445579","0.00229066200955385","-0.999957596396336"
"14","VNIR_Plant_Spectrum_X770.49","0.00447957036261673","0.00218880989734629","-0.999957596396336"
"14","VNIR_Plant_Spectrum_X771.63","0.00443263044829541","0.00220259650447588","-0.999957596396336"
"14","VNIR_Plant_Spectrum_X772.77","0.00479008714618153","0.00232088012069468","-0.999957596396336"
"14","VNIR_Plant_Spectrum_X773.92","0.0046401454484954","0.00225468733256145","-0.999957596396336"
"14","VNIR_Plant_Spectrum_X775.06","0.00468811425469522","0.0023149437206306","-0.999957596396336"
"14","VNIR_Plant_Spectrum_X776.2","0.00451948066723698","0.00230680624093319","-0.999957596396336"
"14","VNIR_Plant_Spectrum_X777.34","0.00466092026894765","0.00227153566036379","-0.999957596396336"
"14","VNIR_Plant_Spectrum_X778.48","0.00408538886617855","0.00194684186572813","-0.999957596396336"
"14","VNIR_Plant_Spectrum_X779.62","0.00453082972966969","0.002193505977504","-0.999957596396336"
"14","VNIR_Plant_Spectrum_X780.76","0.00479056339711755","0.00218491743884458","-0.999957596396336"
"14","VNIR_Plant_Spectrum_X781.9","0.00423835759948948","0.0020538029295237","-0.999957596396336"
"14","VNIR_Plant_Spectrum_X783.05","0.00474984497981196","0.00231556154178511","-0.999957596396336"
"14","VNIR_Plant_Spectrum_X784.19","0.00452629989098373","0.00214376186690185","-0.999957596396336"
"14","VNIR_Plant_Spectrum_X785.33","0.00463303976305014","0.00216811189507117","-0.999957596396336"
"14","VNIR_Plant_Spectrum_X786.47","0.00486912090413253","0.00226381206898563","-0.999957596396336"
"14","VNIR_Plant_Spectrum_X787.61","0.00452293621399795","0.00211324983242721","-0.999957596396336"
"14","VNIR_Plant_Spectrum_X788.75","0.00486419314226927","0.00217037842549234","-0.999957596396336"
"14","VNIR_Plant_Spectrum_X789.89","0.00497189150799125","0.00230780092951572","-0.999957596396336"
"14","VNIR_Plant_Spectrum_X791.03","0.00452616556374844","0.00212792040854258","-0.999957596396336"
"14","VNIR_Plant_Spectrum_X792.17","0.0044944774763476","0.00203843744648307","-0.999957596396336"
"14","VNIR_Plant_Spectrum_X793.32","0.00477136567729114","0.00218541706535304","-0.999957596396336"
"14","VNIR_Plant_Spectrum_X794.46","0.00486070640082905","0.00216499637458511","-0.999957596396336"
"14","VNIR_Plant_Spectrum_X795.6","0.00482854136905013","0.00208162252667745","-0.999957596396336"
"14","VNIR_Plant_Spectrum_X796.74","0.00460067959385808","0.00204346103417132","-0.999957596396336"
"14","VNIR_Plant_Spectrum_X797.88","0.00484638880654432","0.00206149508266672","-0.999957596396336"
"14","VNIR_Plant_Spectrum_X799.02","0.00460550631943282","0.00201087277611023","-0.999957596396336"
"14","VNIR_Plant_Spectrum_X800.16","0.00459647233183204","0.00203619024654432","-0.999957596396336"
"14","VNIR_Plant_Spectrum_X801.3","0.00473971767896558","0.00207544766082855","-0.999957596396336"
"14","VNIR_Plant_Spectrum_X802.45","0.0047474253241963","0.00203231758137745","-0.999957596396336"
"14","VNIR_Plant_Spectrum_X803.59","0.00467628396939066","0.00200167057997157","-0.999957596396336"
"14","VNIR_Plant_Spectrum_X804.73","0.00435636413754593","0.00186808550488106","-0.999957596396336"
"14","VNIR_Plant_Spectrum_X805.87","0.00483816255113934","0.00199993116172798","-0.999957596396336"
"14","VNIR_Plant_Spectrum_X807.01","0.00470151607225144","0.00203030092804969","-0.999957596396336"
"14","VNIR_Plant_Spectrum_X808.15","0.00477456998510442","0.00203303561231064","-0.999957596396336"
"14","VNIR_Plant_Spectrum_X809.29","0.00458354694005862","0.00186546432573012","-0.999957596396336"
"14","VNIR_Plant_Spectrum_X810.43","0.0050065449133313","0.00203203667372461","-0.999957596396336"
"14","VNIR_Plant_Spectrum_X811.58","0.00537734356611678","0.0020928093713817","-0.999957596396336"
"14","VNIR_Plant_Spectrum_X812.72","0.00502828070814743","0.00193837960762658","-0.999957596396336"
"14","VNIR_Plant_Spectrum_X813.86","0.00489517967642908","0.00200835491607653","-0.999957596396336"
"14","VNIR_Plant_Spectrum_X815","0.00472544812111915","0.0018687514560189","-0.999957596396336"
"14","VNIR_Plant_Spectrum_X816.14","0.00464016949312056","0.00189672673817195","-0.999957596396336"
"14","VNIR_Plant_Spectrum_X817.28","0.00437803915034217","0.00178513409636812","-0.999957596396336"
"14","VNIR_Plant_Spectrum_X818.42","0.00457529081424432","0.00185923559846468","-0.999957596396336"
"14","VNIR_Plant_Spectrum_X819.56","0.00410040608692022","0.00170913710816659","-0.999957596396336"
"14","VNIR_Plant_Spectrum_X820.71","0.00491981067261209","0.00185676247388577","-0.999957596396336"
"14","VNIR_Plant_Spectrum_X821.85","0.004437493524221","0.00177058382221231","-0.999957596396336"
"14","VNIR_Plant_Spectrum_X822.99","0.00478061002710414","0.00190765707648536","-0.999957596396336"
"14","VNIR_Plant_Spectrum_X824.13","0.00443956456156247","0.00183394105712103","-0.999957596396336"
"14","VNIR_Plant_Spectrum_X825.27","0.00521297328805374","0.00193630627841208","-0.999957596396336"
"14","VNIR_Plant_Spectrum_X826.41","0.00490835696187939","0.00200760721615757","-0.999957596396336"
"14","VNIR_Plant_Spectrum_X827.55","0.00474337612809846","0.00185403530863464","-0.999957596396336"
"14","VNIR_Plant_Spectrum_X828.69","0.00509332443540158","0.00193970895560397","-0.999957596396336"
"14","VNIR_Plant_Spectrum_X829.83","0.00480354724057248","0.00188725579086484","-0.999957596396336"
"14","VNIR_Plant_Spectrum_X830.98","0.00481742275484115","0.00177145165539589","-0.999957596396336"
"14","VNIR_Plant_Spectrum_X832.12","0.00472449802182916","0.00183256859580707","-0.999957596396336"
"14","VNIR_Plant_Spectrum_X833.25","0.00504386079305511","0.00199745590461834","-0.999957596396336"
"14","VNIR_Plant_Spectrum_X834.4","0.00442333345628688","0.00169927214131198","-0.999957596396336"
"14","VNIR_Plant_Spectrum_X835.54","0.0052030673847342","0.00190132180188785","-0.999957596396336"
"14","VNIR_Plant_Spectrum_X836.68","0.00515755504179959","0.00197002862853495","-0.999957596396336"
"14","VNIR_Plant_Spectrum_X837.82","0.00470854142529579","0.00181105018663991","-0.999957596396336"
"14","VNIR_Plant_Spectrum_X838.96","0.0049477615601878","0.00186402358513166","-0.999957596396336"
"14","VNIR_Plant_Spectrum_X840.11","0.00482726790447868","0.00188369191329467","-0.999957596396336"
"14","VNIR_Plant_Spectrum_X841.25","0.00561787776028558","0.00208452075561951","-0.999957596396336"
"14","VNIR_Plant_Spectrum_X842.39","0.00470145257449588","0.00172177436820491","-0.999957596396336"
"14","VNIR_Plant_Spectrum_X843.53","0.00509774154992629","0.00198026177609146","-0.999957596396336"
"14","VNIR_Plant_Spectrum_X844.67","0.00446547154043626","0.00166726237457251","-0.999957596396336"
"14","VNIR_Plant_Spectrum_X845.81","0.00416655112288974","0.00165537850618555","-0.999957596396336"
"14","VNIR_Plant_Spectrum_X846.95","0.00437897467951066","0.00168290005519956","-0.999957596396336"
"14","VNIR_Plant_Spectrum_X848.09","0.00406785082151568","0.00160674079364246","-0.999957596396336"
"14","VNIR_Plant_Spectrum_X849.24","0.00457362300264777","0.00176615608567177","-0.999957596396336"
"14","VNIR_Plant_Spectrum_X850.38","0.00518192047122889","0.00200947174459405","-0.999957596396336"
"14","VNIR_Plant_Spectrum_X851.52","0.00519037208819289","0.0019378295421703","-0.999957596396336"
"14","VNIR_Plant_Spectrum_X852.66","0.00501092148199063","0.00178846015132104","-0.999957596396336"
"14","VNIR_Plant_Spectrum_X853.8","0.0052900440764422","0.00196830846562771","-0.999957596396336"
"14","VNIR_Plant_Spectrum_X854.94","0.0045595272113982","0.00167690799001077","-0.999957596396336"
"14","VNIR_Plant_Spectrum_X856.08","0.00446613041484134","0.00167105302715585","-0.999957596396336"
"14","VNIR_Plant_Spectrum_X857.22","0.00434797073261069","0.00151027318764387","-0.999957596396336"
"14","VNIR_Plant_Spectrum_X858.36","0.00501162350690227","0.00188344198008711","-0.999957596396336"
"14","VNIR_Plant_Spectrum_X859.5","0.00445533773558896","0.00162886577538826","-0.999957596396336"
"14","VNIR_Plant_Spectrum_X860.65","0.00591378593638012","0.00218280264056017","-0.999957596396336"
"14","VNIR_Plant_Spectrum_X861.79","0.003555686378643","0.00136144643266326","-0.999957596396336"
"14","VNIR_Plant_Spectrum_X862.93","0.00418146291367029","0.00157662629097382","-0.999957596396336"
"14","VNIR_Plant_Spectrum_X864.07","0.0038341774690167","0.00142940376333514","-0.999957596396336"
"14","VNIR_Plant_Spectrum_X865.21","0.00481145923293669","0.00179362298959587","-0.999957596396336"
"14","VNIR_Plant_Spectrum_X866.35","0.00430335617332433","0.00152645316567545","-0.999957596396336"
"14","VNIR_Plant_Spectrum_X867.49","0.00501667488386635","0.00183265875359362","-0.999957596396336"
"14","VNIR_Plant_Spectrum_X868.64","0.0050719856092362","0.00179370035748812","-0.999957596396336"
"14","VNIR_Plant_Spectrum_X869.78","0.00445243101691951","0.00160898730199959","-0.999957596396336"
"14","VNIR_Plant_Spectrum_X870.92","0.00483439647982141","0.00160402513959431","-0.999957596396336"
"14","VNIR_Plant_Spectrum_X872.06","0.00460934446500796","0.00166045896163645","-0.999957596396336"
"14","VNIR_Plant_Spectrum_X873.2","0.00459079798530267","0.00167041018994506","-0.999957596396336"
"14","VNIR_Plant_Spectrum_X874.34","0.00361291369958854","0.00136171298524771","-0.999957596396336"
"14","VNIR_Plant_Spectrum_X875.48","0.00441201936427287","0.00155592074782657","-0.999957596396336"
"14","VNIR_Plant_Spectrum_X876.62","0.00460728695804806","0.00160312430592391","-0.999957596396336"
"14","VNIR_Plant_Spectrum_X877.77","0.00445745117031304","0.00165341866326139","-0.999957596396336"
"14","VNIR_Plant_Spectrum_X878.91","0.00466346693458939","0.00168268898598544","-0.999957596396336"
"14","VNIR_Plant_Spectrum_X880.05","0.0043063936631954","0.0015235363971943","-0.999957596396336"
"14","VNIR_Plant_Spectrum_X881.19","0.00417892709209738","0.0015630604429642","-0.999957596396336"
"14","VNIR_Plant_Spectrum_X882.33","0.00441908592673929","0.00151903208561971","-0.999957596396336"
"14","VNIR_Plant_Spectrum_X883.47","0.00381276122600503","0.00140523888929324","-0.999957596396336"
"14","VNIR_Plant_Spectrum_X884.61","0.00476156468781212","0.00162768775805794","-0.999957596396336"
"14","VNIR_Plant_Spectrum_X885.75","0.00407533706977516","0.00161262428371815","-0.999957596396336"
"14","VNIR_Plant_Spectrum_X886.9","0.00471808056240331","0.00163885015389615","-0.999957596396336"
"14","VNIR_Plant_Spectrum_X888.04","0.00430504260482148","0.00153775876553102","-0.999957596396336"
"14","VNIR_Plant_Spectrum_X889.18","0.00470073450832944","0.00171513386157884","-0.999957596396336"
"14","VNIR_Plant_Spectrum_X890.32","0.0044253906852648","0.00153968605292736","-0.999957596396336"
"14","VNIR_Plant_Spectrum_X891.46","0.00378366491542512","0.00141287576039624","-0.999957596396336"
"14","VNIR_Plant_Spectrum_X892.6","0.00462528155835227","0.00155739223482014","-0.999957596396336"
"14","VNIR_Plant_Spectrum_X893.74","0.00493214121139625","0.00178661177617318","-0.999957596396336"
"14","VNIR_Plant_Spectrum_X894.88","0.0045323620172887","0.00164816497191212","-0.999957596396336"
"14","VNIR_Plant_Spectrum_X896.02","0.0040046305590674","0.0014278149086634","-0.999957596396336"
"14","VNIR_Plant_Spectrum_X897.17","0.00450379359357371","0.00163251468532023","-0.999957596396336"
"14","VNIR_Plant_Spectrum_X898.31","0.00373309276725082","0.0014041584993524","-0.999957596396336"
"7","VNIR_Plant_Spectrum_X351.44","0.042119632659243","0.0214080667900392","-0.999957596396336"
"7","VNIR_Plant_Spectrum_X352.58","0","0","1.9999576112975"
"7","VNIR_Plant_Spectrum_X353.72","1.10313133670136e-14","7.47727281465414e-15","0.854206349507141"
"7","VNIR_Plant_Spectrum_X354.86","0","0","1.9999576112975"
"7","VNIR_Plant_Spectrum_X356","0","0","1.9999576112975"
"7","VNIR_Plant_Spectrum_X357.15","0","0","1.9999576112975"
"7","VNIR_Plant_Spectrum_X358.29","0","0","1.9999576112975"
"7","VNIR_Plant_Spectrum_X359.43","0","0","1.9999576112975"
"7","VNIR_Plant_Spectrum_X360.57","0","0","1.9999576112975"
"7","VNIR_Plant_Spectrum_X361.72","0","0","1.9999576112975"
"7","VNIR_Plant_Spectrum_X362.86","6.55411089580618e-15","3.61891809017208e-15","1.09170507045038"
"7","VNIR_Plant_Spectrum_X364","0","0","1.9999576112975"
"7","VNIR_Plant_Spectrum_X365.14","0","0","1.9999576112975"
"7","VNIR_Plant_Spectrum_X366.29","0","0","1.9999576112975"
"7","VNIR_Plant_Spectrum_X367.43","0","0","1.9999576112975"
"7","VNIR_Plant_Spectrum_X368.57","4.48030845490806e-15","1.62210370071145e-15","0.854137617201931"
"7","VNIR_Plant_Spectrum_X369.71","0","0","1.9999576112975"
"7","VNIR_Plant_Spectrum_X370.86","0","0","1.9999576112975"
"7","VNIR_Plant_Spectrum_X372","0","0","1.9999576112975"
"7","VNIR_Plant_Spectrum_X373.14","0","0","1.9999576112975"
"7","VNIR_Plant_Spectrum_X374.28","0.0380125298942194","0.0175173549612189","-0.999957596396336"
"7","VNIR_Plant_Spectrum_X375.43","7.58289449621154e-15","2.58854896991534e-15","0.197350512967968"
"7","VNIR_Plant_Spectrum_X376.57","7.81766534250007e-15","2.58523061121856e-15","-0.292239526478737"
"7","VNIR_Plant_Spectrum_X377.71","6.92605996430592e-16","2.47671337902409e-16","0.874951613756774"
"7","VNIR_Plant_Spectrum_X378.85","4.74223382455603e-15","2.09171201394026e-15","0.979132762283386"
"7","VNIR_Plant_Spectrum_X380","0.00491171950074863","0.00232994200876572","-0.999957596396336"
"7","VNIR_Plant_Spectrum_X381.14","9.63759405779165e-17","7.07432414275221e-17","1.49996242628483"
"7","VNIR_Plant_Spectrum_X382.28","0","0","1.9999576112975"
"7","VNIR_Plant_Spectrum_X383.42","0","0","1.9999576112975"
"7","VNIR_Plant_Spectrum_X384.57","0","0","1.9999576112975"
"7","VNIR_Plant_Spectrum_X385.71","1.11278243092496e-15","6.40257976085313e-16","0.916636869461098"
"7","VNIR_Plant_Spectrum_X386.85","0.0224241540412918","0.00819171922801053","-0.999957596396336"
"7","VNIR_Plant_Spectrum_X387.99","6.70776546422299e-17","7.38833915512494e-17","1.49996242628483"
"7","VNIR_Plant_Spectrum_X389.14","0","0","1.9999576112975"
"7","VNIR_Plant_Spectrum_X390.28","0.00134294828032388","0.000464119303283493","-0.999957596396336"
"7","VNIR_Plant_Spectrum_X391.42","0","0","1.9999576112975"
"7","VNIR_Plant_Spectrum_X392.56","0","0","1.9999576112975"
"7","VNIR_Plant_Spectrum_X393.71","0.0100302312368983","0.00347489906283322","-0.999957596396336"
"7","VNIR_Plant_Spectrum_X394.85","2.28986181323367e-16","1.07627855772427e-16","1.16665299956756"
"7","VNIR_Plant_Spectrum_X395.99","9.89666247349434e-16","3.10558681047962e-16","0.88459833459443"
"7","VNIR_Plant_Spectrum_X397.13","0","0","1.9999576112975"
"7","VNIR_Plant_Spectrum_X398.28","0","0","1.9999576112975"
"7","VNIR_Plant_Spectrum_X399.42","6.93936240892129e-18","9.61546261150815e-17","0.166655414311708"
"7","VNIR_Plant_Spectrum_X400.56","0","0","1.9999576112975"
"7","VNIR_Plant_Spectrum_X401.7","0","0","1.9999576112975"
"7","VNIR_Plant_Spectrum_X402.85","0","0","1.9999576112975"
"7","VNIR_Plant_Spectrum_X403.99","0","0","1.9999576112975"
"7","VNIR_Plant_Spectrum_X405.13","0","0","1.9999576112975"
"7","VNIR_Plant_Spectrum_X406.27","0","0","1.9999576112975"
"7","VNIR_Plant_Spectrum_X407.41","0.0143073052266784","0.00594561103487476","-0.999957596396336"
"7","VNIR_Plant_Spectrum_X408.55","0.00247138229920129","0.00108421448658796","-0.999957596396336"
"7","VNIR_Plant_Spectrum_X409.7","0","0","1.9999576112975"
"7","VNIR_Plant_Spectrum_X410.84","0","0","1.9999576112975"
"7","VNIR_Plant_Spectrum_X411.98","0.014174989436132","0.00478618626512982","-0.999957596396336"
"7","VNIR_Plant_Spectrum_X413.12","0.00252597671500612","0.00112386320855537","-0.999957596396336"
"7","VNIR_Plant_Spectrum_X414.26","0","0","1.9999576112975"
"7","VNIR_Plant_Spectrum_X415.4","0","0","1.9999576112975"
"7","VNIR_Plant_Spectrum_X416.54","0","0","1.9999576112975"
"7","VNIR_Plant_Spectrum_X417.68","0.00951604761357427","0.00405713037905076","-0.999957596396336"
"7","VNIR_Plant_Spectrum_X418.83","0","0","1.9999576112975"
"7","VNIR_Plant_Spectrum_X419.97","0","0","1.9999576112975"
"7","VNIR_Plant_Spectrum_X421.11","0","0","1.9999576112975"
"7","VNIR_Plant_Spectrum_X422.25","3.56184594987457e-16","1.09343935563799e-16","-0.311698776490952"
"7","VNIR_Plant_Spectrum_X423.39","9.25209029547999e-17","7.1853746677242e-17","1.49996242628483"
"7","VNIR_Plant_Spectrum_X424.53","0","0","1.9999576112975"
"7","VNIR_Plant_Spectrum_X425.67","0","0","1.9999576112975"
"7","VNIR_Plant_Spectrum_X426.81","0","0","1.9999576112975"
"7","VNIR_Plant_Spectrum_X427.96","0","0","1.9999576112975"
"7","VNIR_Plant_Spectrum_X429.1","2.44982946936821e-15","9.70651742662762e-16","0.791655448018687"
"7","VNIR_Plant_Spectrum_X430.24","0.000681532921353995","0.000279118333218182","-0.999957596396336"
"7","VNIR_Plant_Spectrum_X431.38","3.19787689272933e-16","1.13218634651226e-16","-0.374298085440811"
"7","VNIR_Plant_Spectrum_X432.52","0","0","1.9999576112975"
"7","VNIR_Plant_Spectrum_X433.66","9.72758823154958e-16","4.24883820863289e-16","0.89284023915491"
"7","VNIR_Plant_Spectrum_X434.8","1.84380978330007e-16","8.90514065477496e-17","1.16663721480057"
"7","VNIR_Plant_Spectrum_X435.94","0","0","1.9999576112975"
"7","VNIR_Plant_Spectrum_X437.09","0","0","1.9999576112975"
"7","VNIR_Plant_Spectrum_X438.23","0","0","1.9999576112975"
"7","VNIR_Plant_Spectrum_X439.37","0","0","1.9999576112975"
"7","VNIR_Plant_Spectrum_X440.52","1.7486295940838e-16","4.25392263347908e-17","1.24997974821306"
"7","VNIR_Plant_Spectrum_X441.66","1.49586679654876e-15","5.24557113208846e-16","0.149984992030909"
"7","VNIR_Plant_Spectrum_X442.8","2.31302257386999e-18","1.84070451137858e-17","1.49996242628483"
"7","VNIR_Plant_Spectrum_X443.95","0","0","1.9999576112975"
"7","VNIR_Plant_Spectrum_X445.09","0","0","1.9999576112975"
"7","VNIR_Plant_Spectrum_X446.23","4.92038893953444e-16","1.94460432582611e-16","1.09998158917082"
"7","VNIR_Plant_Spectrum_X447.37","0.000539460424226776","0.000206097939676262","-0.999957596396336"
"7","VNIR_Plant_Spectrum_X448.52","1.71161551400275e-16","6.64719838654991e-17","1.24998416381182"
"7","VNIR_Plant_Spectrum_X449.66","3.08403009849333e-17","6.02759878852293e-17","1.49996242628483"
"7","VNIR_Plant_Spectrum_X450.8","0","0","1.9999576112975"
"7","VNIR_Plant_Spectrum_X451.95","9.25211125542237e-16","3.82054776898854e-16","0.899975416941584"
"7","VNIR_Plant_Spectrum_X453.09","0","0","1.9999576112975"
"7","VNIR_Plant_Spectrum_X454.23","8.16819397746722e-16","3.35987364096857e-16","0.874986654423282"
"7","VNIR_Plant_Spectrum_X455.38","0","0","1.9999576112975"
"7","VNIR_Plant_Spectrum_X456.52","6.16806019698665e-18","2.96583135513428e-17","1.49996242628483"
"7","VNIR_Plant_Spectrum_X457.66","0","0","1.9999576112975"
"7","VNIR_Plant_Spectrum_X458.8","7.23110412131348e-16","2.50457711445094e-16","0.863630838215913"
"7","VNIR_Plant_Spectrum_X459.95","0","0","1.9999576112975"
"7","VNIR_Plant_Spectrum_X461.09","0","0","1.9999576112975"
"7","VNIR_Plant_Spectrum_X462.23","0.000654015022853207","0.000274643904931524","-0.999957596396336"
"7","VNIR_Plant_Spectrum_X463.38","0","0","1.9999576112975"
"7","VNIR_Plant_Spectrum_X464.52","1.93304000695439e-16","7.90567722795162e-17","1.16662899404909"
"7","VNIR_Plant_Spectrum_X465.66","0","0","1.9999576112975"
"7","VNIR_Plant_Spectrum_X466.81","6.93975481082948e-18","9.6160063395417e-17","0.166645990938063"
"7","VNIR_Plant_Spectrum_X467.95","0","0","1.9999576112975"
"7","VNIR_Plant_Spectrum_X469.09","3.85503762311666e-18","2.36373264245004e-17","1.49996242628483"
"7","VNIR_Plant_Spectrum_X470.23","0","0","1.9999576112975"
"7","VNIR_Plant_Spectrum_X471.38","1.05625653032746e-16","7.20472952263063e-17","1.49999619338144"
"7","VNIR_Plant_Spectrum_X472.52","0","0","1.9999576112975"
"7","VNIR_Plant_Spectrum_X473.66","4.45781811329905e-16","2.23274648663157e-16","1.09997422523794"
"7","VNIR_Plant_Spectrum_X474.81","0","0","1.9999576112975"
"7","VNIR_Plant_Spectrum_X475.95","0","0","1.9999576112975"
"7","VNIR_Plant_Spectrum_X477.09","1.54201504924666e-17","4.53389824091563e-17","1.49996242628483"
"7","VNIR_Plant_Spectrum_X478.24","3.85845014850899e-16","2.01062006919784e-16","1.09999868890277"
"7","VNIR_Plant_Spectrum_X479.38","5.62828361281231e-17","7.6676543056228e-17","1.4999814325636"
"7","VNIR_Plant_Spectrum_X480.52","0","0","1.9999576112975"
"7","VNIR_Plant_Spectrum_X481.66","0","0","1.9999576112975"
"7","VNIR_Plant_Spectrum_X482.81","0","0","1.9999576112975"
"7","VNIR_Plant_Spectrum_X483.95","0","0","1.9999576112975"
"7","VNIR_Plant_Spectrum_X485.09","9.32919104794232e-17","7.63025230164066e-17","1.49996242628483"
"7","VNIR_Plant_Spectrum_X486.24","0","0","1.9999576112975"
"7","VNIR_Plant_Spectrum_X487.38","1.04086268933159e-16","8.16301343494741e-17","1.49995877879119"
"7","VNIR_Plant_Spectrum_X488.52","0","0","1.9999576112975"
"7","VNIR_Plant_Spectrum_X489.67","0","0","1.9999576112975"
"7","VNIR_Plant_Spectrum_X490.81","0","0","1.9999576112975"
"7","VNIR_Plant_Spectrum_X491.95","8.09557900854499e-17","7.8403764803247e-17","1.49996242628483"
"7","VNIR_Plant_Spectrum_X493.09","4.57162204152422e-16","2.17697199506632e-16","1.06247316348917"
"7","VNIR_Plant_Spectrum_X494.24","3.70077559455638e-16","2.17998123980619e-16","1.12499021785281"
"7","VNIR_Plant_Spectrum_X495.38","0","0","1.9999576112975"
"7","VNIR_Plant_Spectrum_X496.52","0","0","1.9999576112975"
"7","VNIR_Plant_Spectrum_X497.67","4.51198958037461e-16","1.87287869450971e-16","1.07138901814293"
"7","VNIR_Plant_Spectrum_X498.81","3.637640206924e-16","1.8699599672364e-16","1.07139386736019"
"7","VNIR_Plant_Spectrum_X499.95","9.02078803809299e-17","7.70196531023608e-17","1.49996242628483"
"7","VNIR_Plant_Spectrum_X501.1","2.41970103111666e-15","8.73667878800706e-16","0.958278322984497"
"7","VNIR_Plant_Spectrum_X502.24","0","0","1.9999576112975"
"7","VNIR_Plant_Spectrum_X503.38","0","0","1.9999576112975"
"7","VNIR_Plant_Spectrum_X504.52","5.35706584178226e-16","2.57222413616859e-16","0.833296038669152"
"7","VNIR_Plant_Spectrum_X505.67","0","0","1.9999576112975"
"7","VNIR_Plant_Spectrum_X506.81","6.84672393833197e-16","3.08624794931045e-16","0.874955446964614"
"7","VNIR_Plant_Spectrum_X507.95","4.98534676735077e-16","2.61593444387053e-16","1.0833293397451"
"7","VNIR_Plant_Spectrum_X509.1","0","0","1.9999576112975"
"7","VNIR_Plant_Spectrum_X510.24","0","0","1.9999576112975"
"7","VNIR_Plant_Spectrum_X511.38","0","0","1.9999576112975"
"7","VNIR_Plant_Spectrum_X512.53","3.70080278395149e-16","1.90004820631002e-16","1.12498195267217"
"7","VNIR_Plant_Spectrum_X513.67","7.71007524623331e-19","1.06833936453241e-17","1.49996242628483"
"7","VNIR_Plant_Spectrum_X514.81","0","0","1.9999576112975"
"7","VNIR_Plant_Spectrum_X515.95","0","0","1.9999576112975"
"7","VNIR_Plant_Spectrum_X517.1","1.54845410486211e-15","7.5001274477316e-16","0.58927451934073"
"7","VNIR_Plant_Spectrum_X518.24","2.081720316483e-17","5.15960436469862e-17","1.49996242628483"
"7","VNIR_Plant_Spectrum_X519.38","8.70608633871184e-05","4.13846697151092e-05","-0.999957596396336"
"7","VNIR_Plant_Spectrum_X520.53","6.94050628390179e-18","9.61704761117516e-17","0.166627947589397"
"7","VNIR_Plant_Spectrum_X521.67","0","0","1.9999576112975"
"7","VNIR_Plant_Spectrum_X522.81","0","0","1.9999576112975"
"7","VNIR_Plant_Spectrum_X523.96","3.62888130482151e-16","2.17531282592842e-16","1.12496999411583"
"7","VNIR_Plant_Spectrum_X525.1","1.60587969458353e-16","8.85163048211523e-17","1.1666511260925"
"7","VNIR_Plant_Spectrum_X526.24","3.41401803341436e-16","1.67095710745774e-16","-0.374313477002407"
"7","VNIR_Plant_Spectrum_X527.38","6.30741237449329e-16","3.07719875552868e-16","0.86359213432668"
"7","VNIR_Plant_Spectrum_X528.53","0","0","1.9999576112975"
"7","VNIR_Plant_Spectrum_X529.67","0","0","1.9999576112975"
"7","VNIR_Plant_Spectrum_X530.81","3.48505039010768e-16","1.23824129487424e-16","-0.350092167457199"
"7","VNIR_Plant_Spectrum_X531.96","5.35199725877227e-16","2.16321247801476e-16","0.812476782567094"
"7","VNIR_Plant_Spectrum_X533.1","0","0","1.9999576112975"
"7","VNIR_Plant_Spectrum_X534.24","1.38804041937217e-17","1.35643143598305e-16","0.166635250843915"
"7","VNIR_Plant_Spectrum_X535.39","0","0","1.9999576112975"
"7","VNIR_Plant_Spectrum_X536.53","9.94580778818487e-17","7.89491129879691e-17","1.49999097218862"
"7","VNIR_Plant_Spectrum_X537.67","0","0","1.9999576112975"
"7","VNIR_Plant_Spectrum_X538.81","0","0","1.9999576112975"
"7","VNIR_Plant_Spectrum_X539.96","9.58617734493241e-16","4.42892020099839e-16","0.899978977725886"
"7","VNIR_Plant_Spectrum_X541.1","4.45169451853396e-16","2.45197481998852e-16","1.08330237915869"
"7","VNIR_Plant_Spectrum_X542.24","0","0","1.9999576112975"
"7","VNIR_Plant_Spectrum_X543.39","0","0","1.9999576112975"
"7","VNIR_Plant_Spectrum_X544.53","0","0","1.9999576112975"
"7","VNIR_Plant_Spectrum_X545.67","4.62604527511355e-16","2.27735957195152e-16","0.624984327077022"
"7","VNIR_Plant_Spectrum_X546.82","0","0","1.9999576112975"
"7","VNIR_Plant_Spectrum_X547.96","0","0","1.9999576112975"
"7","VNIR_Plant_Spectrum_X549.1","0","0","1.9999576112975"
"7","VNIR_Plant_Spectrum_X550.24","4.60754109401309e-16","2.35719724227665e-16","0.624984327077022"
"7","VNIR_Plant_Spectrum_X551.38","0","0","1.9999576112975"
"7","VNIR_Plant_Spectrum_X552.52","0","0","1.9999576112975"
"7","VNIR_Plant_Spectrum_X553.66","6.93975936622355e-18","9.616012651681e-17","0.166645881548369"
"7","VNIR_Plant_Spectrum_X554.8","6.16806019698665e-18","2.96583135513427e-17","1.49996242628483"
"7","VNIR_Plant_Spectrum_X555.95","9.48331952920523e-17","8.03008328056312e-17","1.49997397632788"
"7","VNIR_Plant_Spectrum_X557.09","3.30440326922665e-16","1.5167800682651e-16","0.699964394835217"
"7","VNIR_Plant_Spectrum_X558.23","3.08403009849333e-18","2.11983211618275e-17","1.49996242628483"
"7","VNIR_Plant_Spectrum_X559.37","1.01773466024875e-16","7.81636776735317e-17","1.49995545841632"
"7","VNIR_Plant_Spectrum_X560.51","0","0","1.9999576112975"
"7","VNIR_Plant_Spectrum_X561.65","4.68171915971714e-16","2.35084460700477e-16","0.624962788880953"
"7","VNIR_Plant_Spectrum_X562.79","0","0","1.9999576112975"
"7","VNIR_Plant_Spectrum_X563.93","0","0","1.9999576112975"
"7","VNIR_Plant_Spectrum_X565.07","3.48494514386406e-16","1.98640897137679e-16","0.749983121467563"
"7","VNIR_Plant_Spectrum_X566.22","4.57063210502317e-16","2.22998570840887e-16","0.624970738869096"
"7","VNIR_Plant_Spectrum_X567.36","8.09546036904487e-17","8.26761439425832e-17","1.49998440833209"
"7","VNIR_Plant_Spectrum_X568.5","1.20550551114518e-15","6.0935616520881e-16","1.54164959574872"
"7","VNIR_Plant_Spectrum_X569.64","0","0","1.9999576112975"
"7","VNIR_Plant_Spectrum_X570.78","3.98171499761945e-16","2.13467936486587e-16","0.699980381921462"
"7","VNIR_Plant_Spectrum_X571.92","0","0","1.9999576112975"
"7","VNIR_Plant_Spectrum_X573.06","4.35781174255555e-16","2.04484035250404e-16","0.833297694096483"
"7","VNIR_Plant_Spectrum_X574.2","0","0","1.9999576112975"
"7","VNIR_Plant_Spectrum_X575.35","3.55494980011685e-16","2.12583796925772e-16","1.08330253117553"
"7","VNIR_Plant_Spectrum_X576.49","0","0","1.9999576112975"
"7","VNIR_Plant_Spectrum_X577.63","0","0","1.9999576112975"
"7","VNIR_Plant_Spectrum_X578.77","0","0","1.9999576112975"
"7","VNIR_Plant_Spectrum_X579.91","0","0","1.9999576112975"
"7","VNIR_Plant_Spectrum_X581.05","6.93906772160998e-18","3.13717934419694e-17","1.49996242628483"
"7","VNIR_Plant_Spectrum_X582.19","3.42326053711885e-16","1.83425849453476e-16","0.749984033235897"
"7","VNIR_Plant_Spectrum_X583.33","3.57746581140027e-16","1.98279578284361e-16","0.749983121467563"
"7","VNIR_Plant_Spectrum_X584.48","5.31995191990099e-17","7.12146998782445e-17","1.49996242628483"
"7","VNIR_Plant_Spectrum_X585.62","3.45879010336539e-16","2.13506456198397e-16","1.08332757875769"
"7","VNIR_Plant_Spectrum_X586.76","0","0","1.9999576112975"
"7","VNIR_Plant_Spectrum_X587.9","0","0","1.9999576112975"
"7","VNIR_Plant_Spectrum_X589.04","0","0","1.9999576112975"
"7","VNIR_Plant_Spectrum_X590.18","3.57746581140027e-16","1.91209900435854e-16","0.749983121467563"
"7","VNIR_Plant_Spectrum_X591.32","5.49841519614129e-16","2.82486236480084e-16","0.874973291107339"
"7","VNIR_Plant_Spectrum_X592.46","0","0","1.9999576112975"
"7","VNIR_Plant_Spectrum_X593.6","0","0","1.9999576112975"
"7","VNIR_Plant_Spectrum_X594.75","0","0","1.9999576112975"
"7","VNIR_Plant_Spectrum_X595.89","3.61825959298207e-16","1.8247754457936e-16","0.699976386392652"
"7","VNIR_Plant_Spectrum_X597.03","3.72565760152892e-16","2.07958019820721e-16","1.08333178169219"
"7","VNIR_Plant_Spectrum_X598.17","1.28603420622576e-16","9.12236284220935e-17","1.24997485548192"
"7","VNIR_Plant_Spectrum_X599.31","4.62604514773999e-18","2.58240672837597e-17","1.49996242628483"
"7","VNIR_Plant_Spectrum_X600.45","1.619115801709e-17","4.63233810172139e-17","1.49996242628483"
"7","VNIR_Plant_Spectrum_X601.59","3.34614997231163e-16","1.78906493490809e-16","0.749986297489855"
"7","VNIR_Plant_Spectrum_X602.73","0","0","1.9999576112975"
"7","VNIR_Plant_Spectrum_X603.88","0","0","1.9999576112975"
"7","VNIR_Plant_Spectrum_X605.02","0","0","1.9999576112975"
"7","VNIR_Plant_Spectrum_X606.16","3.238231603418e-17","6.13568170459526e-17","1.49996242628483"
"7","VNIR_Plant_Spectrum_X607.3","3.39512439617996e-16","1.16920872394219e-16","-0.311676744904095"
"7","VNIR_Plant_Spectrum_X608.44","0","0","1.9999576112975"
"7","VNIR_Plant_Spectrum_X609.58","0","0","1.9999576112975"
"7","VNIR_Plant_Spectrum_X610.72","0","0","1.9999576112975"
"7","VNIR_Plant_Spectrum_X611.86","0","0","1.9999576112975"
"7","VNIR_Plant_Spectrum_X613.01","3.63486002434281e-16","1.74683278671158e-16","0.699961231260707"
"7","VNIR_Plant_Spectrum_X614.15","3.2384475452889e-16","1.4861365324023e-16","0.699935790295723"
"7","VNIR_Plant_Spectrum_X615.29","2.81155785330897e-16","1.241788121388e-16","-0.374311667647413"
"7","VNIR_Plant_Spectrum_X616.43","0","0","1.9999576112975"
"7","VNIR_Plant_Spectrum_X617.57","0","0","1.9999576112975"
"7","VNIR_Plant_Spectrum_X618.71","0","0","1.9999576112975"
"7","VNIR_Plant_Spectrum_X619.85","1.07941053447267e-17","3.8589270288971e-17","1.49996242628483"
"7","VNIR_Plant_Spectrum_X620.99","2.76538468079672e-16","1.25369026096441e-16","-0.374288496348107"
"7","VNIR_Plant_Spectrum_X622.14","0","0","1.9999576112975"
"7","VNIR_Plant_Spectrum_X623.28","0","0","1.9999576112975"
"7","VNIR_Plant_Spectrum_X624.42","1.31071279185966e-17","4.21634395886935e-17","1.49996242628483"
"7","VNIR_Plant_Spectrum_X625.56","2.89894786071305e-16","1.54354928354661e-16","0.749991673193742"
"7","VNIR_Plant_Spectrum_X626.7","0","0","1.9999576112975"
"7","VNIR_Plant_Spectrum_X627.84","0","0","1.9999576112975"
"7","VNIR_Plant_Spectrum_X628.98","5.52289533090324e-16","2.38875760174095e-16","0.812463594246587"
"7","VNIR_Plant_Spectrum_X630.12","0","0","1.9999576112975"
"7","VNIR_Plant_Spectrum_X631.26","0","0","1.9999576112975"
"7","VNIR_Plant_Spectrum_X632.41","0","0","1.9999576112975"
"7","VNIR_Plant_Spectrum_X633.55","2.99147751112837e-16","1.32020469567367e-16","0.749989156612581"
"7","VNIR_Plant_Spectrum_X634.69","0","0","1.9999576112975"
"7","VNIR_Plant_Spectrum_X635.83","6.93906772160999e-18","3.13717934419695e-17","1.49996242628483"
"7","VNIR_Plant_Spectrum_X636.97","0","0","1.9999576112975"
"7","VNIR_Plant_Spectrum_X638.11","9.25209029547999e-18","3.59268733386209e-17","1.49996242628483"
"7","VNIR_Plant_Spectrum_X639.25","0","0","1.9999576112975"
"7","VNIR_Plant_Spectrum_X640.39","6.24509748036358e-17","8.2154480014784e-17","1.49997767044133"
"7","VNIR_Plant_Spectrum_X641.54","0","0","1.9999576112975"
"7","VNIR_Plant_Spectrum_X642.68","0","0","1.9999576112975"
"7","VNIR_Plant_Spectrum_X643.82","2.95061639143011e-16","1.40725193008981e-16","-0.374308438144095"
"7","VNIR_Plant_Spectrum_X644.96","2.90416218879679e-16","1.17382718660529e-16","-0.374322543855303"
"7","VNIR_Plant_Spectrum_X646.1","1.54201504924666e-18","1.50689969713073e-17","1.49996242628483"
"7","VNIR_Plant_Spectrum_X647.24","5.57895185083466e-16","3.05036896798831e-16","0.833321211568137"
"7","VNIR_Plant_Spectrum_X648.38","0","0","1.9999576112975"
"7","VNIR_Plant_Spectrum_X649.52","0","0","1.9999576112975"
"7","VNIR_Plant_Spectrum_X650.67","4.47184364281533e-17","6.81489145967877e-17","1.49996242628483"
"7","VNIR_Plant_Spectrum_X651.81","1.92751881155833e-17","4.9948308703422e-17","1.49996242628483"
"7","VNIR_Plant_Spectrum_X652.95","0","0","1.9999576112975"
"7","VNIR_Plant_Spectrum_X654.09","0","0","1.9999576112975"
"7","VNIR_Plant_Spectrum_X655.23","0","0","1.9999576112975"
"7","VNIR_Plant_Spectrum_X656.37","0","0","1.9999576112975"
"7","VNIR_Plant_Spectrum_X657.51","0","0","1.9999576112975"
"7","VNIR_Plant_Spectrum_X658.65","3.98165118063271e-16","2.20744225718817e-16","0.699991601045569"
"7","VNIR_Plant_Spectrum_X659.79","0","0","1.9999576112975"
"7","VNIR_Plant_Spectrum_X660.94","0","0","1.9999576112975"
"7","VNIR_Plant_Spectrum_X662.08","7.71007524623331e-19","1.06833936453241e-17","1.49996242628483"
"7","VNIR_Plant_Spectrum_X663.22","1.16207060733311e-15","5.70554683302057e-16","0.937470009170584"
"7","VNIR_Plant_Spectrum_X664.36","0","0","1.9999576112975"
"7","VNIR_Plant_Spectrum_X665.5","0","0","1.9999576112975"
"7","VNIR_Plant_Spectrum_X666.64","0","0","1.9999576112975"
"7","VNIR_Plant_Spectrum_X667.78","0","0","1.9999576112975"
"7","VNIR_Plant_Spectrum_X668.92","8.32701240021576e-17","8.245066795378e-17","1.49993880478782"
"7","VNIR_Plant_Spectrum_X670.07","0","0","1.9999576112975"
"7","VNIR_Plant_Spectrum_X671.21","0","0","1.9999576112975"
"7","VNIR_Plant_Spectrum_X672.35","3.36160127182878e-16","1.69333102305673e-16","0.749979324698855"
"7","VNIR_Plant_Spectrum_X673.49","0","0","1.9999576112975"
"7","VNIR_Plant_Spectrum_X674.63","7.73227026010981e-16","3.906451921411e-16","0.87495927182109"
"7","VNIR_Plant_Spectrum_X675.77","0","0","1.9999576112975"
"7","VNIR_Plant_Spectrum_X676.91","6.9393624089213e-18","9.61546261150814e-17","0.166655414311708"
"7","VNIR_Plant_Spectrum_X678.05","0","0","1.9999576112975"
"7","VNIR_Plant_Spectrum_X679.2","0","0","1.9999576112975"
"7","VNIR_Plant_Spectrum_X680.34","3.08403009849333e-18","2.11983211618275e-17","1.49996242628483"
"7","VNIR_Plant_Spectrum_X681.48","3.006929346031e-17","5.97132303559625e-17","1.49996242628483"
"7","VNIR_Plant_Spectrum_X682.62","0","0","1.9999576112975"
"7","VNIR_Plant_Spectrum_X683.76","0","0","1.9999576112975"
"7","VNIR_Plant_Spectrum_X684.9","3.26899299173931e-16","1.60189228860679e-16","0.74999931749912"
"7","VNIR_Plant_Spectrum_X686.04","4.62604514773999e-18","2.58240672837597e-17","1.49996242628483"
"7","VNIR_Plant_Spectrum_X687.18","3.47878070649442e-16","1.30870969617552e-16","0.62498528651107"
"7","VNIR_Plant_Spectrum_X688.33","5.3934459500659e-16","2.70621876492049e-16","0.611107376410374"
"7","VNIR_Plant_Spectrum_X689.47","0","0","1.9999576112975"
"7","VNIR_Plant_Spectrum_X690.61","0","0","1.9999576112975"
"7","VNIR_Plant_Spectrum_X691.75","2.85272784110633e-17","5.85408815959427e-17","1.49996242628483"
"7","VNIR_Plant_Spectrum_X692.89","0","0","1.9999576112975"
"7","VNIR_Plant_Spectrum_X694.03","0","0","1.9999576112975"
"7","VNIR_Plant_Spectrum_X695.17","0","0","1.9999576112975"
"7","VNIR_Plant_Spectrum_X696.31","0","0","1.9999576112975"
"7","VNIR_Plant_Spectrum_X697.45","0","0","1.9999576112975"
"7","VNIR_Plant_Spectrum_X698.6","5.55118512020037e-17","7.64932030969085e-17","1.49998108591056"
"7","VNIR_Plant_Spectrum_X699.74","9.77910589248104e-16","5.24372865416014e-16","0.899962688977096"
"7","VNIR_Plant_Spectrum_X700.88","0","0","1.9999576112975"
"7","VNIR_Plant_Spectrum_X702.02","0","0","1.9999576112975"
"7","VNIR_Plant_Spectrum_X703.16","2.46722407879466e-17","5.53130399818518e-17","1.49996242628483"
"7","VNIR_Plant_Spectrum_X704.3","6.93941936023487e-18","9.61554152556314e-17","0.166654046582758"
"7","VNIR_Plant_Spectrum_X705.44","3.238231603418e-17","6.13568170459526e-17","1.49996242628483"
"7","VNIR_Plant_Spectrum_X706.58","0","0","1.9999576112975"
"7","VNIR_Plant_Spectrum_X707.73","1.61088711646374e-15","8.39271139303614e-16","1.52772614921327"
"7","VNIR_Plant_Spectrum_X708.87","0","0","1.9999576112975"
"7","VNIR_Plant_Spectrum_X710","0","0","1.9999576112975"
"7","VNIR_Plant_Spectrum_X711.15","0","0","1.9999576112975"
"7","VNIR_Plant_Spectrum_X712.29","0","0","1.9999576112975"
"7","VNIR_Plant_Spectrum_X713.43","0","0","1.9999576112975"
"7","VNIR_Plant_Spectrum_X714.57","7.01820196153796e-16","3.60029082214468e-16","0.874999200452217"
"7","VNIR_Plant_Spectrum_X715.71","0","0","1.9999576112975"
"7","VNIR_Plant_Spectrum_X716.86","0","0","1.9999576112975"
"7","VNIR_Plant_Spectrum_X718","1.11921349521317e-15","5.89147842680885e-16","1.03329911787528"
"7","VNIR_Plant_Spectrum_X719.14","0","0","1.9999576112975"
"7","VNIR_Plant_Spectrum_X720.28","3.469533860805e-17","6.28720283425867e-17","1.49996242628483"
"7","VNIR_Plant_Spectrum_X721.42","0","0","1.9999576112975"
"7","VNIR_Plant_Spectrum_X722.56","0","0","1.9999576112975"
"7","VNIR_Plant_Spectrum_X723.7","0","0","1.9999576112975"
"7","VNIR_Plant_Spectrum_X724.84","5.3331587576446e-16","2.55604362790741e-16","0.583319862572219"
"7","VNIR_Plant_Spectrum_X725.98","0","0","1.9999576112975"
"7","VNIR_Plant_Spectrum_X727.13","3.79859390643513e-15","2.26073369698165e-15","1.00925210126149"
"7","VNIR_Plant_Spectrum_X728.27","1.03975275865442e-15","6.32362315767049e-16","1.03329571751143"
"7","VNIR_Plant_Spectrum_X729.41","7.17036997899699e-17","7.8677665252509e-17","1.49996242628483"
"7","VNIR_Plant_Spectrum_X730.55","2.22015011678739e-15","1.25772880322257e-15","0.763122539354365"
"7","VNIR_Plant_Spectrum_X731.69","0","0","1.9999576112975"
"7","VNIR_Plant_Spectrum_X732.83","0","0","1.9999576112975"
"7","VNIR_Plant_Spectrum_X733.97","0","0","1.9999576112975"
"7","VNIR_Plant_Spectrum_X735.11","0","0","1.9999576112975"
"7","VNIR_Plant_Spectrum_X736.25","0","0","1.9999576112975"
"7","VNIR_Plant_Spectrum_X737.4","1.56356802064125e-16","1.09249105879583e-16","1.24999686004428"
"7","VNIR_Plant_Spectrum_X738.54","0","0","1.9999576112975"
"7","VNIR_Plant_Spectrum_X739.68","0","0","1.9999576112975"
"7","VNIR_Plant_Spectrum_X740.82","0","0","1.9999576112975"
"7","VNIR_Plant_Spectrum_X741.96","0","0","1.9999576112975"
"7","VNIR_Plant_Spectrum_X743.1","0","0","1.9999576112975"
"7","VNIR_Plant_Spectrum_X744.24","0","0","1.9999576112975"
"7","VNIR_Plant_Spectrum_X745.39","0","0","1.9999576112975"
"7","VNIR_Plant_Spectrum_X746.53","1.614656826024e-15","9.12744759924873e-16","1.52774059668971"
"7","VNIR_Plant_Spectrum_X747.67","5.30937294880756e-16","2.78520210442868e-16","0.812464877714886"
"7","VNIR_Plant_Spectrum_X748.81","2.87100464036248e-15","1.78187324425577e-15","1.0134812983111"
"7","VNIR_Plant_Spectrum_X749.95","0","0","1.9999576112975"
"7","VNIR_Plant_Spectrum_X751.09","1.11024623904176e-16","9.53243723612695e-17","1.24997386343702"
"7","VNIR_Plant_Spectrum_X752.23","9.30870538898593e-16","4.75609318956479e-16","0.884564905131266"
"7","VNIR_Plant_Spectrum_X753.37","0","0","1.9999576112975"
"7","VNIR_Plant_Spectrum_X754.52","3.16117167479621e-16","1.66106833505785e-16","0.749971527773629"
"7","VNIR_Plant_Spectrum_X755.66","8.74338942021614e-16","5.17274932511664e-16","1.03566890474553"
"7","VNIR_Plant_Spectrum_X756.8","8.74310392574478e-16","5.51608987162949e-16","1.05554377147707"
"7","VNIR_Plant_Spectrum_X757.94","0","0","1.9999576112975"
"7","VNIR_Plant_Spectrum_X759.08","0","0","1.9999576112975"
"7","VNIR_Plant_Spectrum_X760.22","0","0","1.9999576112975"
"7","VNIR_Plant_Spectrum_X761.36","1.96637377726411e-15","9.76186638452954e-16","0.95453408843684"
"7","VNIR_Plant_Spectrum_X762.5","1.30452158909605e-16","9.39730350164808e-17","1.24999086335407"
"7","VNIR_Plant_Spectrum_X763.64","8.76359567031464e-16","4.09223206318126e-16","0.899996953399461"
"7","VNIR_Plant_Spectrum_X764.79","9.75927271945001e-16","5.31306288020573e-16","1.54999139232685"
"7","VNIR_Plant_Spectrum_X765.93","0","0","1.9999576112975"
"7","VNIR_Plant_Spectrum_X767.07","6.94013274339594e-18","9.61653001826734e-17","0.166636916047225"
"7","VNIR_Plant_Spectrum_X768.21","1.58207832263372e-16","1.04975875427626e-16","1.24999169404043"
"7","VNIR_Plant_Spectrum_X769.35","2.00241863865286e-16","1.09724513294414e-16","1.16663630466091"
"7","VNIR_Plant_Spectrum_X770.49","0","0","1.9999576112975"
"7","VNIR_Plant_Spectrum_X771.63","1.17499278826398e-16","9.35691361018646e-17","1.24999281498885"
"7","VNIR_Plant_Spectrum_X772.77","0","0","1.9999576112975"
"7","VNIR_Plant_Spectrum_X773.92","0","0","1.9999576112975"
"7","VNIR_Plant_Spectrum_X775.06","4.24054138542833e-17","6.71018008298184e-17","1.49996242628483"
"7","VNIR_Plant_Spectrum_X776.2","1.20597527390891e-15","6.57983154132552e-16","1.03567704058718"
"7","VNIR_Plant_Spectrum_X777.34","0","0","1.9999576112975"
"7","VNIR_Plant_Spectrum_X778.48","0","0","1.9999576112975"
"7","VNIR_Plant_Spectrum_X779.62","0","0","1.9999576112975"
"7","VNIR_Plant_Spectrum_X780.76","1.69158539383856e-15","9.09662922513211e-16","0.531209812894463"
"7","VNIR_Plant_Spectrum_X781.9","5.46574239325122e-16","2.30606706844868e-16","0.812495682925705"
"7","VNIR_Plant_Spectrum_X783.05","1.5632247285753e-15","8.30711340725751e-16","1.13634131224318"
"7","VNIR_Plant_Spectrum_X784.19","0","0","1.9999576112975"
"7","VNIR_Plant_Spectrum_X785.33","0","0","1.9999576112975"
"7","VNIR_Plant_Spectrum_X786.47","0","0","1.9999576112975"
"7","VNIR_Plant_Spectrum_X787.61","3.29987641412625e-16","1.53703657100292e-16","0.749989347620931"
"7","VNIR_Plant_Spectrum_X788.75","7.78717599869565e-17","7.86168809535252e-17","1.49996242628483"
"7","VNIR_Plant_Spectrum_X789.89","0","0","1.9999576112975"
"7","VNIR_Plant_Spectrum_X791.03","0","0","1.9999576112975"
"7","VNIR_Plant_Spectrum_X792.17","6.93951147652962e-18","9.61566916564535e-17","0.166651834387658"
"7","VNIR_Plant_Spectrum_X793.32","0","0","1.9999576112975"
"7","VNIR_Plant_Spectrum_X794.46","1.09736463892926e-15","5.56378016227398e-16","1.0454414312992"
"7","VNIR_Plant_Spectrum_X795.6","0","0","1.9999576112975"
"7","VNIR_Plant_Spectrum_X796.74","0","0","1.9999576112975"
"7","VNIR_Plant_Spectrum_X797.88","9.25309750172025e-18","1.28214680002945e-16","0.124983262859045"
"7","VNIR_Plant_Spectrum_X799.02","0","0","1.9999576112975"
"7","VNIR_Plant_Spectrum_X800.16","5.63450520679775e-16","2.92069312319424e-16","0.833315089077545"
"7","VNIR_Plant_Spectrum_X801.3","2.94127998711283e-15","1.51960986225512e-15","1.44733293963822"
"7","VNIR_Plant_Spectrum_X802.45","7.21781075452063e-16","3.02201146736398e-16","0.863619164085069"
"7","VNIR_Plant_Spectrum_X803.59","7.71007524623331e-19","1.06833936453241e-17","1.49996242628483"
"7","VNIR_Plant_Spectrum_X804.73","7.65269677433867e-16","3.22750395405405e-16","0.874989930311087"
"7","VNIR_Plant_Spectrum_X805.87","0","0","1.9999576112975"
"7","VNIR_Plant_Spectrum_X807.01","0","0","1.9999576112975"
"7","VNIR_Plant_Spectrum_X808.15","0","0","1.9999576112975"
"7","VNIR_Plant_Spectrum_X809.29","3.17789491711827e-15","1.67665669604485e-15","1.15906796062267"
"7","VNIR_Plant_Spectrum_X810.43","0","0","1.9999576112975"
"7","VNIR_Plant_Spectrum_X811.58","2.99706020946582e-15","1.54865002793458e-15","0.839272108121811"
"7","VNIR_Plant_Spectrum_X812.72","6.24037305757814e-16","2.92374398942221e-16","0.863603433476909"
"7","VNIR_Plant_Spectrum_X813.86","0","0","1.9999576112975"
"7","VNIR_Plant_Spectrum_X815","4.10816080926998e-16","1.8053338120815e-16","0.624948940326875"
"7","VNIR_Plant_Spectrum_X816.14","4.82085814822293e-15","2.86558038127303e-15","0.585095077518106"
"7","VNIR_Plant_Spectrum_X817.28","0","0","1.9999576112975"
"7","VNIR_Plant_Spectrum_X818.42","0","0","1.9999576112975"
"7","VNIR_Plant_Spectrum_X819.56","0","0","1.9999576112975"
"7","VNIR_Plant_Spectrum_X820.71","1.54988936248222e-15","6.940655226355e-16","1.03120816312567"
"7","VNIR_Plant_Spectrum_X821.85","0","0","1.9999576112975"
"7","VNIR_Plant_Spectrum_X822.99","1.09104643795563e-15","5.64018556965284e-16","1.02499615226447"
"7","VNIR_Plant_Spectrum_X824.13","0","0","1.9999576112975"
"7","VNIR_Plant_Spectrum_X825.27","7.71007524623331e-19","1.06833936453241e-17","1.49996242628483"
"7","VNIR_Plant_Spectrum_X826.41","0","0","1.9999576112975"
"7","VNIR_Plant_Spectrum_X827.55","1.0938472257709e-15","5.21118792648362e-16","0.916645529185255"
"7","VNIR_Plant_Spectrum_X828.69","4.62604514773999e-18","2.58240672837597e-17","1.49996242628483"
"7","VNIR_Plant_Spectrum_X829.83","6.94004658786943e-18","9.6164106376679e-17","0.166638984720837"
"7","VNIR_Plant_Spectrum_X830.98","0","0","1.9999576112975"
"7","VNIR_Plant_Spectrum_X832.12","0","0","1.9999576112975"
"7","VNIR_Plant_Spectrum_X833.25","9.72563286684502e-16","5.04754346855041e-16","1.04998193965649"
"7","VNIR_Plant_Spectrum_X834.4","9.53459016130978e-16","4.04917518130916e-16","0.899996607019321"
"7","VNIR_Plant_Spectrum_X835.54","0.00116202680537744","0.000607983185103805","-0.999957596396336"
"7","VNIR_Plant_Spectrum_X836.68","0","0","1.9999576112975"
"7","VNIR_Plant_Spectrum_X837.82","6.58558503712442e-15","3.00719275450395e-15","0.141013333754133"
"7","VNIR_Plant_Spectrum_X838.96","0","0","1.9999576112975"
"7","VNIR_Plant_Spectrum_X840.11","0","0","1.9999576112975"
"7","VNIR_Plant_Spectrum_X841.25","1.12619911098152e-15","5.5524434851901e-16","1.02380907525404"
"7","VNIR_Plant_Spectrum_X842.39","0","0","1.9999576112975"
"7","VNIR_Plant_Spectrum_X843.53","4.61918765870278e-18","6.40053417165469e-17","-0.125182434961155"
"7","VNIR_Plant_Spectrum_X844.67","9.25214300348642e-18","9.0414496905041e-17","0.249992313539054"
"7","VNIR_Plant_Spectrum_X845.81","2.60302316606738e-15","1.32451118907029e-15","0.769944686639026"
"7","VNIR_Plant_Spectrum_X846.95","0","0","1.9999576112975"
"7","VNIR_Plant_Spectrum_X848.09","0","0","1.9999576112975"
"7","VNIR_Plant_Spectrum_X849.24","0","0","1.9999576112975"
"7","VNIR_Plant_Spectrum_X850.38","0","0","1.9999576112975"
"7","VNIR_Plant_Spectrum_X851.52","0","0","1.9999576112975"
"7","VNIR_Plant_Spectrum_X852.66","6.9393624089213e-18","9.61546261150814e-17","0.166655414311708"
"7","VNIR_Plant_Spectrum_X853.8","1.32157314619326e-15","6.03580933201626e-16","1.18748365092072"
"7","VNIR_Plant_Spectrum_X854.94","0","0","1.9999576112975"
"7","VNIR_Plant_Spectrum_X856.08","5.37070919238926e-15","2.26263365410268e-15","0.854650317678558"
"7","VNIR_Plant_Spectrum_X857.22","6.94093678961392e-18","9.61764413738819e-17","0.166617612632401"
"7","VNIR_Plant_Spectrum_X858.36","7.63297449377099e-17","7.86776652525089e-17","1.49996242628483"
"7","VNIR_Plant_Spectrum_X859.5","2.42492704071777e-15","1.11286108067768e-15","0.520790386393361"
"7","VNIR_Plant_Spectrum_X860.65","0","0","1.9999576112975"
"7","VNIR_Plant_Spectrum_X861.79","5.78251467043065e-17","7.70190968315059e-17","1.49997325977179"
"7","VNIR_Plant_Spectrum_X862.93","0","0","1.9999576112975"
"7","VNIR_Plant_Spectrum_X864.07","1.92751881155833e-17","4.99483087034221e-17","1.49996242628483"
"7","VNIR_Plant_Spectrum_X865.21","6.94162138610813e-18","9.61859274211684e-17","0.166601180472371"
"7","VNIR_Plant_Spectrum_X866.35","1.1256650245757e-16","7.79638761790176e-17","1.49997036988916"
"7","VNIR_Plant_Spectrum_X867.49","0.000202247008284944","8.50723896862282e-05","-0.999957596396336"
"7","VNIR_Plant_Spectrum_X868.64","0","0","1.9999576112975"
"7","VNIR_Plant_Spectrum_X869.78","0","0","1.9999576112975"
"7","VNIR_Plant_Spectrum_X870.92","0","0","1.9999576112975"
"7","VNIR_Plant_Spectrum_X872.06","0","0","1.9999576112975"
"7","VNIR_Plant_Spectrum_X873.2","2.15542176347722e-15","7.88324528164488e-16","0.954514832025002"
"7","VNIR_Plant_Spectrum_X874.34","0","0","1.9999576112975"
"7","VNIR_Plant_Spectrum_X875.48","1.90204132481802e-15","8.45804472552923e-16","0.527762797965472"
"7","VNIR_Plant_Spectrum_X876.62","1.19319756724151e-15","5.97391339953298e-16","1.64284405338301"
"7","VNIR_Plant_Spectrum_X877.77","1.17717718589635e-15","5.38644121963522e-16","1.21427102166992"
"7","VNIR_Plant_Spectrum_X878.91","0","0","1.9999576112975"
"7","VNIR_Plant_Spectrum_X880.05","1.11787477096137e-15","5.35472263463491e-16","1.64284405338301"
"7","VNIR_Plant_Spectrum_X881.19","1.54275959224129e-15","7.51468037261358e-16","1.53447064303161"
"7","VNIR_Plant_Spectrum_X882.33","1.84462560285472e-15","9.125814009771e-16","1.54166244569285"
"7","VNIR_Plant_Spectrum_X883.47","0","0","1.9999576112975"
"7","VNIR_Plant_Spectrum_X884.61","0","0","1.9999576112975"
"7","VNIR_Plant_Spectrum_X885.75","4.62615236259353e-18","6.41018474845344e-17","0.249987943905402"
"7","VNIR_Plant_Spectrum_X886.9","6.94021000265274e-18","9.61663707183384e-17","0.16663506102493"
"7","VNIR_Plant_Spectrum_X888.04","1.06403666904711e-05","4.8356097903535e-06","-0.999957596396336"
"7","VNIR_Plant_Spectrum_X889.18","9.12651178846956e-16","4.4350332053367e-16","1.05555089683101"
"7","VNIR_Plant_Spectrum_X890.32","1.03312453111661e-16","7.75935971248661e-17","1.49999952428874"
"7","VNIR_Plant_Spectrum_X891.46","0","0","1.9999576112975"
"7","VNIR_Plant_Spectrum_X892.6","0","0","1.9999576112975"
"7","VNIR_Plant_Spectrum_X893.74","7.45484450246515e-16","3.36223777727306e-16","0.874942497796692"
"7","VNIR_Plant_Spectrum_X894.88","2.53297897628487e-15","1.02538535349965e-15","0.961536508227823"
"7","VNIR_Plant_Spectrum_X896.02","0","0","1.9999576112975"
"7","VNIR_Plant_Spectrum_X897.17","0","0","1.9999576112975"
"7","VNIR_Plant_Spectrum_X898.31","2.06016014859113e-15","8.35128370764469e-16","1.03121013109868"
