"DAT","Trait","Intercept","Gvar","Expvar","GxEvar","Repvar","evar","H2","WL"
21,"VNIR_Plant_Spectrum_X351.44",0.226112516058179,0.000207928960889144,0.000669449286873498,2.89524937560243e-16,0,0.00249132275852844,0.0617237803238748,351.44
21,"VNIR_Plant_Spectrum_X352.58",0.224839037621458,0,0.000276090507127456,0.000294602652865193,0.000201173764292158,0.00178307476000569,0,352.58
21,"VNIR_Plant_Spectrum_X353.72",0.22277311400081,3.65998148649169e-06,0.000708075330130046,0,0.000283355543828721,0.00187455476386704,0.00127541235818825,353.72
21,"VNIR_Plant_Spectrum_X354.86",0.21922975650128,3.10052220381646e-05,0.00068064003735953,0.000204189007296487,0.000259229675692195,0.00150078260419127,0.0115870702966206,354.86
21,"VNIR_Plant_Spectrum_X356",0.220877350509857,4.40496367232703e-05,0.000508613620486857,9.33330735593588e-05,0.000122509708111869,0.00170574626775593,0.0178032113398885,356
21,"VNIR_Plant_Spectrum_X357.15",0.211701679702691,1.64639166697703e-05,0.000539687901886843,0.000119826319322616,0.000118976146623714,0.00160617102823486,0.00685675028388995,357.15
21,"VNIR_Plant_Spectrum_X358.29",0.210540890241894,0,0.000438831312807564,0.000131676871520511,0.000111551780680751,0.00142983516012315,0,358.29
21,"VNIR_Plant_Spectrum_X359.43",0.209821158582868,6.69650593809359e-15,0.000375358653212569,0.000287885082558392,0.000232605177354906,0.00158306456637498,2.70138752056159e-12,359.43
21,"VNIR_Plant_Spectrum_X360.57",0.216714243783931,0,0.000844826686245127,0.000235988570575388,0.000243254165781169,0.00154259344297956,0,360.57
21,"VNIR_Plant_Spectrum_X361.72",0.200489238562441,6.14097986261744e-05,0.000120224815018705,0.000171588004465023,0.000109794718753889,0.0014210472226785,0.0325943175965759,361.72
21,"VNIR_Plant_Spectrum_X362.86",0.205855948559783,1.7415163342029e-16,0.000655846281312336,0.000408211541800365,6.29072741532897e-05,0.00124787026220364,7.33320870964166e-14,362.86
21,"VNIR_Plant_Spectrum_X364",0.204275657590417,5.18729093208132e-18,0.000298295955791139,9.23692761726368e-05,0,0.00155082018027532,2.67181555904602e-15,364
21,"VNIR_Plant_Spectrum_X365.14",0.219302384405283,8.98272332918436e-06,0.000103071973891845,2.37202684235417e-05,2.77124016733912e-05,0.00253187808863927,0.0033326550614244,365.14
21,"VNIR_Plant_Spectrum_X366.29",0.198202868015219,4.87276667021388e-05,0.000466019923238546,5.81536419798415e-17,0.000452850318705754,0.0020476733674808,0.0161602928028163,366.29
21,"VNIR_Plant_Spectrum_X367.43",0.192626678646856,0,0.000327140868799673,0,0.000140725904549485,0.00125560555177515,0,367.43
21,"VNIR_Plant_Spectrum_X368.57",0.195019503316919,0,0.000268827753849264,7.93102572599383e-05,8.98526463804817e-05,0.00113314507048499,0,368.57
21,"VNIR_Plant_Spectrum_X369.71",0.181280880567703,0,0.000466697127824981,0.000100189415639155,0,0.00108719673139691,0,369.71
21,"VNIR_Plant_Spectrum_X370.86",0.177349604181328,3.76049120668287e-05,3.42374606727583e-05,0,9.22011509703227e-05,0.00112732559678542,0.0291201883876584,370.86
21,"VNIR_Plant_Spectrum_X372",0.176182797859584,0,0.00012280941593158,0.000122586400340789,2.02500133878015e-16,0.000890943204325741,0,372
21,"VNIR_Plant_Spectrum_X373.14",0.164124383526294,9.26597726873785e-05,0.000283899442155307,6.40234915728252e-05,9.67895076082182e-05,0.000715530185421164,0.0739560980395855,373.14
21,"VNIR_Plant_Spectrum_X374.28",0.159650437705788,5.97250371968911e-20,5.51073698605471e-05,1.56469805473873e-06,1.47161129260302e-17,0.00108379694040547,5.23688383999406e-17,374.28
21,"VNIR_Plant_Spectrum_X375.43",0.151579192704561,0,0.000111013771797366,3.37301441465166e-22,0.000145972068137875,0.000556972240927007,0,375.43
21,"VNIR_Plant_Spectrum_X376.57",0.150587614437284,1.02518482316318e-05,4.18308846189995e-05,9.36148000898105e-05,4.46659917894486e-05,0.000516038857395037,0.0145127599949383,376.57
21,"VNIR_Plant_Spectrum_X377.71",0.143719955942424,3.83789209160207e-06,7.01054052059361e-06,0.000110107875467929,2.48434677942644e-05,0.000443504820769555,0.00651257789852421,377.71
21,"VNIR_Plant_Spectrum_X378.85",0.128782698040778,0,1.18056514571953e-05,4.04293587592309e-05,2.82631018644198e-05,0.000441361713037314,0,378.85
21,"VNIR_Plant_Spectrum_X380",0.120813824343974,9.38823117553839e-06,1.72871279176865e-05,0,1.49807473213311e-05,0.00041953231645711,0.0203566063455822,380
21,"VNIR_Plant_Spectrum_X381.14",0.120629752209529,1.59281427140055e-17,4.65580624302026e-05,8.62993610033894e-05,0,0.000399854439251225,2.99001089139045e-14,381.14
21,"VNIR_Plant_Spectrum_X382.28",0.110926821872319,4.31070163899396e-06,8.9217043216208e-05,9.84928083163982e-06,1.86395946568884e-05,0.000442212560507462,0.00763998351253451,382.28
21,"VNIR_Plant_Spectrum_X383.42",0.108606853313679,4.98606182341544e-18,1.52118032682825e-05,1.47743243368555e-05,0,0.000347120721546823,1.32218808399478e-14,383.42
21,"VNIR_Plant_Spectrum_X384.57",0.105662388120585,0,5.82433988133961e-05,1.06669457248637e-05,2.57703280433619e-05,0.000308603520808812,0,384.57
21,"VNIR_Plant_Spectrum_X385.71",0.098085090615713,9.69498268438768e-06,5.64584838245415e-05,0,4.2264415697653e-19,0.000333780027110725,0.0242414872448963,385.71
21,"VNIR_Plant_Spectrum_X386.85",0.0920095550783554,8.54228181624954e-07,4.25398371833723e-05,2.31520734230121e-05,1.98481642610923e-05,0.000218115054040529,0.00280526086222538,386.85
21,"VNIR_Plant_Spectrum_X387.99",0.092898668687956,0,0.000124551775991198,1.54522466381337e-05,3.37416858673725e-05,0.000222746429397992,0,387.99
21,"VNIR_Plant_Spectrum_X389.14",0.086601020431118,1.67365904380297e-06,7.23942213883848e-05,3.21789433276187e-05,3.24546984622671e-18,0.000208589659356359,0.00531596283644618,389.14
21,"VNIR_Plant_Spectrum_X390.28",0.0845445647177235,1.14250971293413e-06,5.69662274558519e-05,2.43164370381716e-05,0,0.000229763739941582,0.00365967419455043,390.28
21,"VNIR_Plant_Spectrum_X391.42",0.0799233953399828,0,5.40019223648579e-05,2.62316394807472e-05,7.84029864366003e-06,0.000141851043692928,0,391.42
21,"VNIR_Plant_Spectrum_X392.56",0.077171834166215,1.22861326504613e-19,1.45607358919186e-05,0,1.3950985037952e-05,0.000197162058081099,5.44420034277181e-16,392.56
21,"VNIR_Plant_Spectrum_X393.71",0.0741212819656349,1.16683827408516e-06,9.6368576488801e-06,0,0,0.000135515597789091,0.00797460296918463,393.71
21,"VNIR_Plant_Spectrum_X394.85",0.0696256134760147,0,4.67670591589899e-05,2.37776051288784e-05,0,0.000123913359274651,0,394.85
21,"VNIR_Plant_Spectrum_X395.99",0.0668005108856551,1.2773425610422e-05,5.06652029462869e-05,1.89511793924522e-05,4.76024846803562e-06,0.000118224623813773,0.0621957175833785,395.99
21,"VNIR_Plant_Spectrum_X397.13",0.0665330352898906,0,1.41027443845346e-05,1.28570797814452e-05,0,0.00010202763437326,0,397.13
21,"VNIR_Plant_Spectrum_X398.28",0.0654796487200318,2.83590985814713e-07,8.89454107176357e-05,9.93776249141501e-07,0,0.000103068834192215,0.00146716654006826,398.28
21,"VNIR_Plant_Spectrum_X399.42",0.0635496836803273,0,1.09577460375869e-05,1.90144472921099e-05,4.96945881548738e-06,0.000100639646815605,0,399.42
21,"VNIR_Plant_Spectrum_X400.56",0.0613965125521758,1.30132017890791e-06,4.43797968165502e-06,1.9083743357187e-05,7.96558734145335e-06,7.16209552193785e-05,0.0124636082904072,400.56
21,"VNIR_Plant_Spectrum_X401.7",0.060696187104227,0,2.10662433437927e-05,1.46412582462108e-05,1.18774810438187e-06,7.4439778403287e-05,0,401.7
21,"VNIR_Plant_Spectrum_X402.85",0.0571011559892772,6.07264021729157e-06,1.25170212939154e-05,4.55604462067881e-06,0,8.6543126611771e-05,0.0553624290221353,402.85
21,"VNIR_Plant_Spectrum_X403.99",0.0563379149256494,0,2.9767496846755e-05,2.15721335422396e-05,1.59104355532226e-06,6.60016136791369e-05,0,403.99
21,"VNIR_Plant_Spectrum_X405.13",0.0550930625348106,3.981338793924e-18,1.38426570620054e-06,2.61179678357707e-05,5.09124012993986e-18,4.99903519979965e-05,5.13770287335439e-14,405.13
21,"VNIR_Plant_Spectrum_X406.27",0.0516551321129558,0,5.71839736366179e-06,0,9.76919815790014e-06,5.20647169181517e-05,0,406.27
21,"VNIR_Plant_Spectrum_X407.41",0.051803035626068,4.80742011475358e-06,3.22172522564733e-05,0,0,5.47808850118873e-05,0.0523652407521662,407.41
21,"VNIR_Plant_Spectrum_X408.55",0.0490982070699106,2.84848780396483e-06,1.96114779640852e-05,8.00841682749007e-07,3.90353446587095e-06,4.77421871494229e-05,0.0380272299288024,408.55
21,"VNIR_Plant_Spectrum_X409.7",0.05003337014606,4.63783893057626e-06,2.16152334552023e-05,5.54492722058978e-06,3.27770726865686e-06,3.97224935085055e-05,0.0620046860324922,409.7
21,"VNIR_Plant_Spectrum_X410.84",0.048351077058926,1.1348452478947e-06,1.07166110693852e-05,4.83708920312512e-06,2.25291646128486e-06,4.05531408348576e-05,0.0190747596280962,410.84
21,"VNIR_Plant_Spectrum_X411.98",0.0486991492741204,5.49204538870859e-06,1.49191922481566e-05,0,0,4.80172710569634e-05,0.0802596095332398,411.98
21,"VNIR_Plant_Spectrum_X413.12",0.0475777366635401,3.78024566433671e-06,1.83030193580526e-05,4.54889560783869e-06,7.89809652647218e-06,3.26730591921393e-05,0.0562508797142419,413.12
21,"VNIR_Plant_Spectrum_X414.26",0.0460065510483137,2.7552538225052e-06,1.21933830279514e-05,8.82008807149524e-06,0,3.0590040770449e-05,0.0506864677188647,414.26
21,"VNIR_Plant_Spectrum_X415.4",0.0445788143507637,2.96275830280474e-07,3.95370860456183e-06,5.72082316507211e-06,3.63964979910676e-06,3.72436031300352e-05,0.00582600144802974,415.4
21,"VNIR_Plant_Spectrum_X416.54",0.0430637068383718,2.45032760734222e-06,1.35936757394937e-05,5.4815352853479e-06,4.09464041236793e-06,3.018730818882e-05,0.0439067897304822,416.54
21,"VNIR_Plant_Spectrum_X417.68",0.0423831239662264,3.05425727127164e-06,4.34973680023513e-06,8.73741862607071e-06,0,3.35235000971065e-05,0.0614972844893138,417.68
21,"VNIR_Plant_Spectrum_X418.83",0.0426717837290158,5.20210647491996e-06,8.5974101890287e-06,0,5.3801712231741e-06,3.55349234987116e-05,0.0950770981125306,418.83
21,"VNIR_Plant_Spectrum_X419.97",0.0416060988193443,3.62313226576285e-06,1.11147177739479e-05,2.78445143403378e-06,1.61094607889585e-06,3.43095125667448e-05,0.0677946321946916,419.97
21,"VNIR_Plant_Spectrum_X421.11",0.0407593554277713,2.73297943215709e-06,8.67210378832304e-06,6.01630727770569e-06,0,2.92581199870742e-05,0.0585477311939696,421.11
21,"VNIR_Plant_Spectrum_X422.25",0.0414172788061876,5.0702296716212e-06,1.79569595462291e-06,2.45105715434685e-06,1.9681035617928e-18,3.18018086138695e-05,0.123306875024153,422.25
21,"VNIR_Plant_Spectrum_X423.39",0.0413241070694817,1.31316454411388e-06,2.14667989217543e-06,5.08270759489142e-06,2.56157087536183e-06,2.90076028260498e-05,0.0327376725915057,423.39
21,"VNIR_Plant_Spectrum_X424.53",0.0407359494032893,5.60565003926651e-06,1.35962132743116e-05,2.52893673693496e-06,1.25380150576099e-06,2.96929822888299e-05,0.106414334714927,424.53
21,"VNIR_Plant_Spectrum_X425.67",0.0406292447475076,2.83042056620196e-06,1.67024730358264e-06,1.82207428385445e-06,2.95956168816777e-06,2.69636177956113e-05,0.0780893529075007,425.67
21,"VNIR_Plant_Spectrum_X426.81",0.0384885713819575,3.04906717716511e-06,1.15813395969687e-06,7.01418609836619e-07,4.12777749185397e-06,2.50474851443476e-05,0.0894577426043115,426.81
21,"VNIR_Plant_Spectrum_X427.96",0.0396721954464092,3.9491614443599e-06,9.62034781734468e-06,5.28845402584761e-06,0,2.51691940865821e-05,0.0896983062249667,427.96
21,"VNIR_Plant_Spectrum_X429.1",0.0383511293450989,6.26554669767656e-06,7.53777956951405e-06,0,2.62466143474072e-06,2.45765315633688e-05,0.152801369457311,429.1
21,"VNIR_Plant_Spectrum_X430.24",0.0390172354512302,3.78361563872129e-06,5.58758261663138e-06,4.91130737779719e-06,0,2.37802331365227e-05,0.0994047134027038,430.24
21,"VNIR_Plant_Spectrum_X431.38",0.0382841873082595,4.55181620328411e-06,1.96052532384795e-06,2.3809347986356e-06,7.34228826805119e-20,2.57210250950689e-05,0.131501027507205,431.38
21,"VNIR_Plant_Spectrum_X432.52",0.0375618469153374,3.3547046576681e-06,8.37258486313171e-06,5.15427831768754e-06,2.66646300747629e-06,2.05419146575073e-05,0.0836794516814111,432.52
21,"VNIR_Plant_Spectrum_X433.66",0.0388519298969069,4.77533420106812e-06,3.54683628103191e-06,5.73748619048804e-06,0,2.38518331207164e-05,0.125960077725869,433.66
21,"VNIR_Plant_Spectrum_X434.8",0.0388627774515838,6.34761584357651e-06,7.12126182488569e-06,9.54124893959187e-07,4.97438872706319e-07,2.79721560719235e-05,0.147988609049219,434.8
21,"VNIR_Plant_Spectrum_X435.94",0.0383310288775986,6.97244219081159e-06,9.7277383326269e-06,5.50701689010078e-06,0,2.37188805636106e-05,0.151818803127074,435.94
21,"VNIR_Plant_Spectrum_X437.09",0.0383870679714541,5.5157990696219e-06,6.23359846964571e-06,5.1765806200163e-06,0,2.22398265541446e-05,0.140832011750565,437.09
21,"VNIR_Plant_Spectrum_X438.23",0.0382994104109031,5.43945050756614e-06,3.72645991045044e-06,5.03496003906166e-06,1.08004921938933e-18,2.34367511088103e-05,0.144521632379019,438.23
21,"VNIR_Plant_Spectrum_X439.37",0.0379345204594357,5.83723179548929e-06,9.73143030549083e-06,1.42313505229295e-06,3.02326143719536e-06,2.59029642333592e-05,0.127122890675952,439.37
21,"VNIR_Plant_Spectrum_X440.52",0.0384236396039063,5.80440389812273e-06,6.19724670608748e-06,5.08132649611708e-06,1.64851021305784e-08,2.19525847320245e-05,0.148632513626259,440.52
21,"VNIR_Plant_Spectrum_X441.66",0.039107134124095,5.8203561360986e-06,9.2831179148153e-06,5.01550690822555e-06,0,2.34350684006253e-05,0.133635246817612,441.66
21,"VNIR_Plant_Spectrum_X442.8",0.0381454142244357,7.33958561913742e-06,3.98418708703794e-06,3.60546637761106e-06,0,2.58152850338284e-05,0.180136736852065,442.8
21,"VNIR_Plant_Spectrum_X443.95",0.0388769974682579,9.27224580689851e-06,5.00231313777583e-06,3.88043162009933e-07,1.03066351272993e-06,2.83433156239271e-05,0.210557803196872,443.95
21,"VNIR_Plant_Spectrum_X445.09",0.039081652924795,6.7257808484369e-06,5.25782384083259e-06,3.72633682352209e-06,2.61059319592401e-09,2.71592837153451e-05,0.156881102000541,445.09
21,"VNIR_Plant_Spectrum_X446.23",0.0379217154291205,7.06310634033105e-06,5.93016538231976e-06,4.11051191370286e-06,0,2.84319375795303e-05,0.155111331318219,446.23
21,"VNIR_Plant_Spectrum_X447.37",0.0377643375899239,8.16679195381611e-06,6.55640022534125e-06,4.25026027542837e-06,7.60301547902267e-07,2.50404324842578e-05,0.182399560877196,447.37
21,"VNIR_Plant_Spectrum_X448.52",0.0372769999231557,8.73519362222309e-06,1.21018185951971e-06,3.38400771457885e-06,0,2.85833395758411e-05,0.208413890686786,448.52
21,"VNIR_Plant_Spectrum_X449.66",0.0367563653703068,7.23797585520376e-06,2.35737296731519e-06,5.58737235318771e-06,0,2.60748234772851e-05,0.17543399434166,449.66
21,"VNIR_Plant_Spectrum_X450.8",0.0360056926429976,8.50665606588535e-06,7.46481786573283e-07,3.38248715120554e-06,4.15682695162614e-07,2.74231840729478e-05,0.210173264530466,450.8
21,"VNIR_Plant_Spectrum_X451.95",0.0364262424676569,7.09216626105607e-06,3.06597857222062e-06,3.76224277322909e-06,1.13532366043588e-06,2.54895752379851e-05,0.174919623769196,451.95
21,"VNIR_Plant_Spectrum_X453.09",0.0370953722000316,7.60541653062217e-06,4.19249964761394e-06,1.89507463086968e-06,2.23094022938953e-06,2.68436558879378e-05,0.177831322204469,453.09
21,"VNIR_Plant_Spectrum_X454.23",0.0371716052039913,8.4780364472771e-06,3.46441950458699e-06,2.38567336355643e-06,6.57010404071482e-07,2.61333721913006e-05,0.206185390796008,454.23
21,"VNIR_Plant_Spectrum_X455.38",0.0371914188044905,8.3869065969066e-06,1.30278935476251e-06,2.61079786037048e-06,1.84498176738574e-19,2.75494674107509e-05,0.210462101832863,455.38
21,"VNIR_Plant_Spectrum_X456.52",0.0370494951400269,8.8235836535881e-06,3.06236195730243e-06,1.73087233945848e-06,1.60198031604558e-06,2.70740988326218e-05,0.208630390888812,456.52
21,"VNIR_Plant_Spectrum_X457.66",0.0371353239174197,6.06829542506833e-06,3.96307181564835e-06,3.51201405254673e-06,1.11616782936453e-06,2.52870305382149e-05,0.151910263071076,457.66
21,"VNIR_Plant_Spectrum_X458.8",0.0370183068634913,7.12616896077881e-06,2.68557885541617e-06,3.43798004110822e-06,9.89446523767819e-18,3.00492080865173e-05,0.164580694777886,458.8
21,"VNIR_Plant_Spectrum_X459.95",0.0368560587799251,8.60936736106587e-06,2.15143698313223e-06,0,1.04554016973813e-06,2.98496425041945e-05,0.206677790573505,459.95
21,"VNIR_Plant_Spectrum_X461.09",0.0374035844209666,8.25181512009654e-06,2.5785289979588e-06,2.01501476406249e-06,1.41447928512265e-06,2.5853977892926e-05,0.205710050315824,461.09
21,"VNIR_Plant_Spectrum_X462.23",0.0368160875874206,6.69416793458636e-06,4.54496363240825e-06,4.34880816310499e-06,8.90575170140854e-07,2.5944454955848e-05,0.15779583459845,462.23
21,"VNIR_Plant_Spectrum_X463.38",0.0369748013262875,7.93907461660848e-06,3.27452288445538e-06,3.37300205486063e-06,0,2.80685668605482e-05,0.18612222817498,463.38
21,"VNIR_Plant_Spectrum_X464.52",0.037089643036468,8.03618759272874e-06,1.9872807117141e-06,1.12350346835582e-06,1.75299007305074e-06,2.94227353503971e-05,0.189878909547415,464.52
21,"VNIR_Plant_Spectrum_X465.66",0.0364445612975547,7.84003295929542e-06,3.22510716496894e-06,3.40995680733057e-06,4.84317751649869e-07,2.56601864004071e-05,0.19301107716813,465.66
21,"VNIR_Plant_Spectrum_X466.81",0.0368777830509207,7.41893267602275e-06,1.28917509193271e-06,3.04207064207707e-06,1.09774271056191e-18,2.88188072199218e-05,0.182872027999259,466.81
21,"VNIR_Plant_Spectrum_X467.95",0.0368447732307648,6.99038918178069e-06,2.00601130056947e-06,2.92483721948329e-06,4.97597582406262e-07,2.62092891343982e-05,0.180966311126612,467.95
21,"VNIR_Plant_Spectrum_X469.09",0.036666956223398,7.29265886782075e-06,2.05105076062748e-06,2.03804239935123e-06,8.67802996130803e-07,2.73014809630889e-05,0.184386039096782,469.09
21,"VNIR_Plant_Spectrum_X470.23",0.0366231415983763,8.48536053538006e-06,2.41816467440366e-06,2.91020972605582e-06,0,2.47949127222258e-05,0.21977875554021,470.23
21,"VNIR_Plant_Spectrum_X471.38",0.036459058518144,8.41655483800864e-06,1.67860946259338e-06,1.87243483186722e-06,8.52050658858266e-07,2.72343441224633e-05,0.210130227116023,471.38
21,"VNIR_Plant_Spectrum_X472.52",0.0359465648126952,7.16749585450027e-06,2.71893486621773e-06,1.49005636945328e-06,1.44195977300307e-06,2.60193645901509e-05,0.184549427125009,472.52
21,"VNIR_Plant_Spectrum_X473.66",0.0360676383736406,7.92133701927152e-06,1.98727236419011e-06,2.43253324041909e-06,3.88459541560191e-07,2.58038695864658e-05,0.205570291466913,473.66
21,"VNIR_Plant_Spectrum_X474.81",0.0362864063402269,8.59947333484749e-06,1.76442459382341e-06,1.59617098864378e-06,6.57495756782322e-08,2.58904551832288e-05,0.226801647447767,474.81
21,"VNIR_Plant_Spectrum_X475.95",0.0362278830149748,7.14981162081597e-06,2.0423991334826e-06,1.87569227342367e-06,1.49474471947687e-06,2.49098483891985e-05,0.190801584041562,475.95
21,"VNIR_Plant_Spectrum_X477.09",0.0359775688857389,8.08990891898917e-06,2.72272942741232e-06,1.22087523711513e-06,2.57263309474391e-07,2.55932518405109e-05,0.213544049813135,477.09
21,"VNIR_Plant_Spectrum_X478.24",0.0358311797327809,7.25424676328604e-06,8.65493548657944e-07,7.02262475264093e-07,2.77676631476895e-06,2.48576760552037e-05,0.198983930879975,478.24
21,"VNIR_Plant_Spectrum_X479.38",0.0355666391969501,8.29154896229879e-06,1.31832909315413e-06,1.66452403771465e-06,6.54251569705418e-07,2.43034612046059e-05,0.228845293536566,479.38
21,"VNIR_Plant_Spectrum_X480.52",0.0353889721576697,8.45204206193113e-06,2.0947638885642e-06,1.14205643060313e-06,9.56400758959394e-07,2.36329243486593e-05,0.23297862012979,480.52
21,"VNIR_Plant_Spectrum_X481.66",0.0357950072587665,7.42238608279722e-06,2.12496614488535e-06,3.87120463421251e-07,2.65680441736833e-06,2.43035932856678e-05,0.201176640641517,481.66
21,"VNIR_Plant_Spectrum_X482.81",0.0352527305796229,7.51618269090477e-06,2.04554254924892e-06,1.71488320104062e-06,7.62777520168012e-07,2.2912990005676e-05,0.215040679866596,482.81
21,"VNIR_Plant_Spectrum_X483.95",0.0354236192495623,8.12511909421076e-06,2.16004985543839e-06,2.03292162500971e-06,6.82360795250351e-18,2.2821927531474e-05,0.231221255198816,483.95
21,"VNIR_Plant_Spectrum_X485.09",0.0353477403370396,7.57533827607606e-06,1.84697222911041e-06,1.33439853713369e-06,1.00445259778595e-06,2.20298673578123e-05,0.224181935286514,485.09
21,"VNIR_Plant_Spectrum_X486.24",0.0352519950005964,7.78334077501602e-06,1.05069911919832e-06,1.78896450332361e-06,1.24751481114886e-06,2.12471307831227e-05,0.235020926211279,486.24
21,"VNIR_Plant_Spectrum_X487.38",0.0353530877425359,7.88452522264362e-06,1.25023011754955e-06,1.26976081398565e-06,5.9082478794766e-07,2.37702623081302e-05,0.226790979747645,487.38
21,"VNIR_Plant_Spectrum_X488.52",0.0353623437436258,7.06064268530398e-06,7.73109550778194e-07,1.2556893676609e-06,2.00763625804944e-06,2.13261755060205e-05,0.217764781504411,488.52
21,"VNIR_Plant_Spectrum_X489.67",0.0354848005323105,7.36920475261783e-06,1.52961583455681e-06,1.69155501516249e-06,5.57766389529665e-07,2.1327209376957e-05,0.22691685977237,489.67
21,"VNIR_Plant_Spectrum_X490.81",0.0354668296056194,6.57470970125301e-06,1.16819063856222e-06,7.33117984952519e-07,2.10711832694713e-06,2.10914300067425e-05,0.20757062826296,490.81
21,"VNIR_Plant_Spectrum_X491.95",0.0353877037063385,7.11327229623752e-06,1.85077600057176e-06,1.68413863183083e-06,6.80753331661915e-07,2.08220484462725e-05,0.221245833562279,491.95
21,"VNIR_Plant_Spectrum_X493.09",0.0352525557513728,6.20510648140827e-06,1.33749844091575e-06,1.3619122781802e-06,2.32035820959426e-06,2.001092829353e-05,0.198653652080912,493.09
21,"VNIR_Plant_Spectrum_X494.24",0.0356257248433987,7.01932268250493e-06,1.83394259691139e-06,0,2.23888145525794e-06,2.13700275912869e-05,0.216230823358352,494.24
21,"VNIR_Plant_Spectrum_X495.38",0.035629139385154,6.71374992235004e-06,1.54285294568706e-06,8.28791287154909e-07,8.11333942606187e-07,2.19857905308127e-05,0.210577777764559,495.38
21,"VNIR_Plant_Spectrum_X496.52",0.0356647929848337,7.40301239136348e-06,2.16203027541151e-06,6.89839445567936e-07,1.5277152316475e-06,2.06114928033508e-05,0.228529721245191,496.52
21,"VNIR_Plant_Spectrum_X497.67",0.0358864100457164,7.19960839801362e-06,1.15840279513551e-06,1.64050550895941e-06,7.87099018877185e-07,2.0558931405903e-05,0.229692532129057,497.67
21,"VNIR_Plant_Spectrum_X498.81",0.0357893698563278,7.23997246060914e-06,1.91821849042067e-06,1.1879796862716e-06,1.8799074831542e-06,2.04170410372121e-05,0.221791686806636,498.81
21,"VNIR_Plant_Spectrum_X499.95",0.0361771162691494,7.5324497202562e-06,1.23260573099565e-06,3.45167124706977e-15,2.32026271849368e-06,2.09668872307252e-05,0.235005661087347,499.95
21,"VNIR_Plant_Spectrum_X501.1",0.0361668108243025,7.26044559080113e-06,1.63253907623243e-06,2.7387605336521e-07,3.19582669166357e-06,1.97265216332903e-05,0.226258166118701,501.1
21,"VNIR_Plant_Spectrum_X502.24",0.0362675802154733,7.8499160883134e-06,1.45995715322655e-06,5.75340480143442e-07,1.50496309637028e-06,2.12776469995525e-05,0.240295041755512,502.24
21,"VNIR_Plant_Spectrum_X503.38",0.0366010107202334,7.75748520539625e-06,8.45306886651661e-07,1.30027701944174e-06,8.5849935429904e-07,2.19540175020666e-05,0.23711894425545,503.38
21,"VNIR_Plant_Spectrum_X504.52",0.0369485048331801,8.18533581592419e-06,1.74445834084291e-06,6.63239151568778e-15,2.49456128127592e-06,2.04619255036229e-05,0.248898190366757,504.52
21,"VNIR_Plant_Spectrum_X505.67",0.037263862047304,7.77196099009173e-06,1.93597983468539e-06,1.06590282339624e-07,2.90416807451288e-06,2.08666726210696e-05,0.231409109768054,505.67
21,"VNIR_Plant_Spectrum_X506.81",0.0376743838461523,8.57392469911478e-06,1.37756885587832e-06,0,1.80709493443231e-06,2.18382449287507e-05,0.255200381309634,506.81
21,"VNIR_Plant_Spectrum_X507.95",0.0382967158607961,8.57241923003997e-06,2.29590281499364e-06,5.28440262652808e-07,1.95409560230679e-06,2.19503238156773e-05,0.242836608039277,507.95
21,"VNIR_Plant_Spectrum_X509.1",0.0388288688081053,8.79436338954144e-06,2.14208478881893e-06,1.08905262372658e-07,2.66847123889934e-06,2.18302857854853e-05,0.247421113497047,509.1
21,"VNIR_Plant_Spectrum_X510.24",0.0396731598922538,9.57069401670316e-06,2.02983250636993e-06,0,2.39727186773214e-06,2.24620221224771e-05,0.262499756772432,510.24
21,"VNIR_Plant_Spectrum_X511.38",0.0403817816931895,9.12003621692824e-06,1.65209493955462e-06,2.42415284921744e-18,3.18998366445407e-06,2.34632425379956e-05,0.243686015592605,511.38
21,"VNIR_Plant_Spectrum_X512.53",0.0412875396079356,1.02343082343871e-05,2.38228906468762e-06,0,2.85353179618666e-06,2.47676252502134e-05,0.254345909727391,512.53
21,"VNIR_Plant_Spectrum_X513.67",0.0423053218781373,1.0856239139861e-05,2.49000663751421e-06,3.63300063732903e-15,3.06939597198013e-06,2.44177491853835e-05,0.265866705908551,513.67
21,"VNIR_Plant_Spectrum_X514.81",0.0431661504927819,1.12002534940742e-05,2.14691453337244e-06,0,2.65909830778356e-06,2.56223467456708e-05,0.269051805120378,514.81
21,"VNIR_Plant_Spectrum_X515.95",0.044295581263535,1.13655241194876e-05,2.34431205596518e-06,4.6779194161635e-07,2.39728109806645e-06,2.7442813835566e-05,0.258203362913532,515.95
21,"VNIR_Plant_Spectrum_X517.1",0.0452373787492462,1.21439447956215e-05,3.17453397365856e-06,2.27011647410297e-18,3.68189768054408e-06,2.82897714431317e-05,0.2567965070253,517.1
21,"VNIR_Plant_Spectrum_X518.24",0.0466321895983863,1.30344965730517e-05,3.32741159380946e-06,1.18179210994743e-18,3.78588971555542e-06,2.95448027486857e-05,0.262302564315645,518.24
21,"VNIR_Plant_Spectrum_X519.38",0.0478419678840737,1.40581275701853e-05,4.17058864551683e-06,0,3.87224056754753e-06,3.16744094634355e-05,0.261423185956485,519.38
21,"VNIR_Plant_Spectrum_X520.53",0.0491380435570626,1.45733617688564e-05,3.4785205086639e-06,0,3.94594732725816e-06,3.39685268741293e-05,0.260395042409964,520.53
21,"VNIR_Plant_Spectrum_X521.67",0.0503730602611627,1.49660942981378e-05,3.80609959588624e-06,5.93113461305685e-18,4.71124585186485e-06,3.4683106302154e-05,0.257297283661556,521.67
21,"VNIR_Plant_Spectrum_X522.81",0.0511828735108791,1.55556307502681e-05,3.06056167539975e-06,9.59366753789165e-07,4.29292017802435e-06,3.61455523445081e-05,0.259199895576294,522.81
21,"VNIR_Plant_Spectrum_X523.96",0.0523580032920156,1.65223094080541e-05,4.20294467892012e-06,3.58613288981744e-07,4.2641676464929e-06,3.8557075952641e-05,0.258544413051633,523.96
21,"VNIR_Plant_Spectrum_X525.1",0.0534466537038754,1.71867306332724e-05,3.86497001549426e-06,5.69450686344746e-07,4.19814972422792e-06,4.04235798640318e-05,0.259450229122036,525.1
21,"VNIR_Plant_Spectrum_X526.24",0.0544393966764193,1.80054019012949e-05,3.96776398858638e-06,1.19786157265832e-06,3.40124831413271e-06,4.20791299770248e-05,0.262272879974133,526.24
21,"VNIR_Plant_Spectrum_X527.38",0.0553038152470136,1.90005839003973e-05,4.36641649376382e-06,2.08556756051066e-06,2.75024004041003e-06,4.39139765612111e-05,0.263469648810615,527.38
21,"VNIR_Plant_Spectrum_X528.53",0.0561081967939862,1.94437197077912e-05,4.75706094874304e-06,9.65107861114677e-07,4.47002721770862e-06,4.53402831915826e-05,0.259331894468776,528.53
21,"VNIR_Plant_Spectrum_X529.67",0.056810084918053,1.95740713415962e-05,4.46863684017832e-06,1.47480428878633e-06,4.32878116898111e-06,4.61416462784924e-05,0.257594446733391,529.67
21,"VNIR_Plant_Spectrum_X530.81",0.0575639431018352,2.04378157299215e-05,4.51708228712806e-06,6.38092397488998e-07,5.45597984455248e-06,4.68355574105406e-05,0.262411756756284,530.81
21,"VNIR_Plant_Spectrum_X531.96",0.0579511570458224,2.09580728891112e-05,4.31972980225857e-06,8.34381176754589e-07,5.81797129554962e-06,4.86781826289089e-05,0.259998822243915,531.96
21,"VNIR_Plant_Spectrum_X533.1",0.0584705555589866,2.11714025129712e-05,4.30728525804794e-06,1.80155286333553e-06,4.51757544185938e-06,5.0182254769421e-05,0.258250600354274,533.1
21,"VNIR_Plant_Spectrum_X534.24",0.0586934617298417,2.15292886312743e-05,4.57037670108513e-06,1.69160016594812e-06,5.56384435684092e-06,4.95540773471907e-05,0.259673135845998,534.24
21,"VNIR_Plant_Spectrum_X535.39",0.0589971210385808,2.20484041570395e-05,4.3089111542053e-06,2.68343583085685e-06,3.64399858650645e-06,5.18342891040931e-05,0.260869083008416,535.39
21,"VNIR_Plant_Spectrum_X536.53",0.0590576970222597,2.21444612540383e-05,4.46499115754971e-06,2.6393859233103e-06,4.98310380465391e-06,5.05917385886787e-05,0.261064611484941,536.53
21,"VNIR_Plant_Spectrum_X537.67",0.0592999333276165,2.2823391450428e-05,3.7798364583804e-06,2.43985011473736e-06,4.74294658474736e-06,5.19253414576533e-05,0.266281970501645,537.67
21,"VNIR_Plant_Spectrum_X538.81",0.0594188138018934,2.23723562844232e-05,3.86913754896927e-06,2.62783988875689e-06,5.17749920064128e-06,5.12955754795244e-05,0.262148171152577,538.81
21,"VNIR_Plant_Spectrum_X539.96",0.0594785365115952,2.23501366051424e-05,4.53842364498004e-06,3.14102784596521e-06,3.91463438211771e-06,5.22332932567058e-05,0.259349975623493,539.96
21,"VNIR_Plant_Spectrum_X541.1",0.0594777988537537,2.2938374927893e-05,3.7236471865816e-06,1.80313821950551e-06,4.60958444534255e-06,5.34901156865245e-05,0.264984831078691,541.1
21,"VNIR_Plant_Spectrum_X542.24",0.0595277528801345,2.27824834861179e-05,3.2869975435271e-06,1.01376434822404e-06,6.16557217127565e-06,5.3406798259121e-05,0.262908332871656,542.24
21,"VNIR_Plant_Spectrum_X543.39",0.0595801267352478,2.31874854401832e-05,4.01233239575416e-06,2.28971852580704e-06,5.43124375377066e-06,5.30280962198597e-05,0.263647318832847,543.39
21,"VNIR_Plant_Spectrum_X544.53",0.0596887021244912,2.36680996694501e-05,4.2563914187e-06,9.76914609985051e-07,5.6020699554388e-06,5.36972106925064e-05,0.268343713070232,544.53
21,"VNIR_Plant_Spectrum_X545.67",0.0597272190592013,2.4035149900417e-05,4.55427735699428e-06,1.92839330063475e-06,5.46478180310234e-06,5.423423900738e-05,0.266415333720623,545.67
21,"VNIR_Plant_Spectrum_X546.82",0.0598126223505814,2.36409531139378e-05,4.22549032645564e-06,2.8831520828026e-06,4.79546550867685e-06,5.49307249272402e-05,0.261295913191861,546.82
21,"VNIR_Plant_Spectrum_X547.96",0.059837304665965,2.36745561265136e-05,4.14403401420197e-06,3.50175426625414e-06,3.82063012943067e-06,5.55286683373851e-05,0.261107856788068,547.96
21,"VNIR_Plant_Spectrum_X549.1",0.0599532552410907,2.42923178416181e-05,3.75414302869411e-06,2.77096132074247e-06,4.77486100256226e-06,5.49793309029963e-05,0.268211161785252,549.1
21,"VNIR_Plant_Spectrum_X550.24",0.0598043454460035,2.42977928933589e-05,3.94278740757466e-06,1.90572263325538e-06,5.20150456292792e-06,5.59657569031758e-05,0.266091823848254,550.24
21,"VNIR_Plant_Spectrum_X551.38",0.0598598151490051,2.39008930751214e-05,4.1380598001501e-06,2.75977255361957e-06,5.14372124268901e-06,5.47760596319016e-05,0.263462153964103,551.38
21,"VNIR_Plant_Spectrum_X552.52",0.0596221881664483,2.42677299373156e-05,3.68270922874695e-06,2.28268171035347e-06,5.19470091040586e-06,5.50419052781195e-05,0.268241440806996,552.52
21,"VNIR_Plant_Spectrum_X553.66",0.0595251362942886,2.38145472081144e-05,3.63234532945007e-06,2.76897186151533e-06,4.82617838471945e-06,5.44950828055408e-05,0.26597399739343,553.66
21,"VNIR_Plant_Spectrum_X554.8",0.0590890929172285,2.40459653291631e-05,3.49651318416104e-06,1.55144423744904e-06,5.59967964268821e-06,5.51791780701509e-05,0.267555595866969,554.8
21,"VNIR_Plant_Spectrum_X555.95",0.0587606394309242,2.35165614486298e-05,2.9609158681225e-06,2.31209602536733e-06,5.16255292923232e-06,5.33872743118482e-05,0.269254898609336,555.95
21,"VNIR_Plant_Spectrum_X557.09",0.0582391419902785,2.3379604210387e-05,3.70665802384415e-06,9.89052288600141e-07,5.59633634228544e-06,5.27881677626165e-05,0.270410053843065,557.09
21,"VNIR_Plant_Spectrum_X558.23",0.0577119753935071,2.2557654094878e-05,3.50692186563012e-06,2.40446216818277e-06,4.86926380457109e-06,5.16802452170622e-05,0.265326271160492,558.23
21,"VNIR_Plant_Spectrum_X559.37",0.0571073763841591,2.24758024707982e-05,2.72728959917645e-06,7.91755630788948e-07,6.85627701803253e-06,4.99678594151826e-05,0.271384667486846,559.37
21,"VNIR_Plant_Spectrum_X560.51",0.0565609005582481,2.22589791897035e-05,2.68874130367535e-06,1.54063939008003e-06,5.2887144015162e-06,4.93486160565487e-05,0.274376453328131,560.51
21,"VNIR_Plant_Spectrum_X561.65",0.0558030846265927,2.15854586642944e-05,2.46961031153017e-06,2.37534458353745e-06,4.13156713013484e-06,4.87142932609497e-05,0.272281448012893,561.65
21,"VNIR_Plant_Spectrum_X562.79",0.0551038428130392,2.122569935552e-05,2.70017770888239e-06,1.4835244172599e-06,4.86132098030466e-06,4.71823139076376e-05,0.274046058752705,562.79
21,"VNIR_Plant_Spectrum_X563.93",0.0542015426636033,2.10218333861887e-05,2.50855706139463e-06,7.90537922596115e-07,4.93266033248467e-06,4.58937243402477e-05,0.279741650565529,563.93
21,"VNIR_Plant_Spectrum_X565.07",0.0533688470999142,2.04168041348663e-05,2.4813839408614e-06,1.20640076437934e-06,4.56709997558287e-06,4.3765764737971e-05,0.281854249883891,565.07
21,"VNIR_Plant_Spectrum_X566.22",0.0524090755719095,1.96067399840403e-05,1.87488203965058e-06,1.36895635906686e-06,4.46195637482118e-06,4.24315823276808e-05,0.281123925621881,566.22
21,"VNIR_Plant_Spectrum_X567.36",0.0515660218494896,1.90825324184333e-05,1.75996652739765e-06,7.72115157447161e-07,4.42904891744913e-06,4.10193340569798e-05,0.284546370576342,567.36
21,"VNIR_Plant_Spectrum_X568.5",0.050551494715317,1.85259367288178e-05,1.70252638538847e-06,9.59142148348606e-07,4.26502166011981e-06,3.96003444429809e-05,0.284782329537041,568.5
21,"VNIR_Plant_Spectrum_X569.64",0.0496824659877753,1.77751625037715e-05,1.81078792374615e-06,3.05733145943706e-14,5.18916090238737e-06,3.72802566533059e-05,0.28644036886258,569.64
21,"VNIR_Plant_Spectrum_X570.78",0.0489536072857783,1.73114746047441e-05,1.52172218385248e-06,4.63589763029027e-07,4.05046271025964e-06,3.65746525573438e-05,0.288900620293544,570.78
21,"VNIR_Plant_Spectrum_X571.92",0.0479868501700104,1.69547781232894e-05,1.66361489620367e-06,3.50581544066239e-07,4.12382977829179e-06,3.48350676621348e-05,0.292687743166584,571.92
21,"VNIR_Plant_Spectrum_X573.06",0.0470732113051966,1.6299562648865e-05,1.7879276588138e-06,0,4.83251761830929e-06,3.31803084075641e-05,0.290543150451304,573.06
21,"VNIR_Plant_Spectrum_X574.2",0.04637387658745,1.559524905241e-05,1.40713707461651e-06,5.74569186544956e-07,3.2429295291359e-06,3.35381868086373e-05,0.28689849692312,574.2
21,"VNIR_Plant_Spectrum_X575.35",0.0458013609140925,1.55666653802225e-05,1.37174591488335e-06,0,4.26813941700515e-06,3.17952517619137e-05,0.293700679101461,575.35
21,"VNIR_Plant_Spectrum_X576.49",0.0451137361051466,1.50240804822183e-05,1.4697391701633e-06,0,3.40653204404056e-06,3.13146784983552e-05,0.293352955667111,576.49
21,"VNIR_Plant_Spectrum_X577.63",0.0444922522267557,1.45984695196666e-05,1.37477437791879e-06,3.06702063138815e-17,3.84013990156151e-06,2.99305313975465e-05,0.293472467173794,577.63
21,"VNIR_Plant_Spectrum_X578.77",0.0440245502508246,1.42993210174136e-05,1.21354200745829e-06,5.7477288215199e-08,3.37708645370058e-06,2.9933403082227e-05,0.292534334248866,578.77
21,"VNIR_Plant_Spectrum_X579.91",0.0434204735583365,1.4182911106189e-05,1.20503527121343e-06,7.16698515849715e-17,3.33301542478222e-06,2.87943742570069e-05,0.298491230042012,579.91
21,"VNIR_Plant_Spectrum_X581.05",0.043046593221943,1.37838312981811e-05,1.06325129557875e-06,0,3.57448207741768e-06,2.78245492738079e-05,0.298053828146045,581.05
21,"VNIR_Plant_Spectrum_X582.19",0.0425110851889459,1.34969547681991e-05,1.12097903522531e-06,5.68911973167855e-20,3.22002949295898e-06,2.73542734393269e-05,0.298656489324282,582.19
21,"VNIR_Plant_Spectrum_X583.33",0.0421122375355649,1.29913093388954e-05,1.35760585624407e-06,0,3.37458231148435e-06,2.7128326036138e-05,0.289649523982218,583.33
21,"VNIR_Plant_Spectrum_X584.48",0.0416848990991455,1.31441407936243e-05,1.09342439493361e-06,0,2.9265908210509e-06,2.63193026643557e-05,0.302279100937624,584.48
21,"VNIR_Plant_Spectrum_X585.62",0.041380523385193,1.29207087260745e-05,1.09345068525584e-06,0,3.30461756205803e-06,2.58113026075706e-05,0.299575350929302,585.62
21,"VNIR_Plant_Spectrum_X586.76",0.0410002986305464,1.2715063439545e-05,1.09659230870054e-06,0,3.32925819904469e-06,2.53526292075666e-05,0.299223423031782,586.76
21,"VNIR_Plant_Spectrum_X587.9",0.0406813035489774,1.26657697565137e-05,1.01658079019355e-06,0,2.83069819159875e-06,2.53165620750066e-05,0.302794348554702,587.9
21,"VNIR_Plant_Spectrum_X589.04",0.0403475450741606,1.23809663548909e-05,8.69426785033495e-07,0,3.04772123900766e-06,2.48341633603521e-05,0.301003665135379,589.04
21,"VNIR_Plant_Spectrum_X590.18",0.0403261790798851,1.21923641331802e-05,8.6921025623017e-07,9.748475349559e-19,3.11639684711635e-06,2.43711883738975e-05,0.300681056039581,590.18
21,"VNIR_Plant_Spectrum_X591.32",0.0401679453197262,1.21276991469371e-05,9.22974534472555e-07,0,2.89840473187506e-06,2.42915517456173e-05,0.301379454025629,591.32
21,"VNIR_Plant_Spectrum_X592.46",0.0399435430724311,1.21981443890015e-05,8.93936928972243e-07,9.51703072899077e-19,2.75185123188692e-06,2.41287217144575e-05,0.30516223186835,592.46
21,"VNIR_Plant_Spectrum_X593.6",0.0396226698029381,1.16801916312134e-05,9.86303341072888e-07,0,3.13932308306306e-06,2.35938220764551e-05,0.296454271971505,593.6
21,"VNIR_Plant_Spectrum_X594.75",0.0393999921222926,1.20888599736408e-05,8.33336850620412e-07,2.21051971978225e-18,2.84076263878692e-06,2.34524548562602e-05,0.308268067122982,594.75
21,"VNIR_Plant_Spectrum_X595.89",0.039278271504386,1.1741714183034e-05,8.79291503374956e-07,0,2.82753017267501e-06,2.35713159631475e-05,0.300916421633979,595.89
21,"VNIR_Plant_Spectrum_X597.03",0.0390444648121417,1.16411707065647e-05,9.31165328784542e-07,0,2.40504314523747e-06,2.39653729679669e-05,0.298930354540878,597.03
21,"VNIR_Plant_Spectrum_X598.17",0.038900157774489,1.15619412085655e-05,7.85936625475329e-07,9.50612028534975e-20,3.17301094139205e-06,2.31794203905973e-05,0.298755784067848,598.17
21,"VNIR_Plant_Spectrum_X599.31",0.0387713508699573,1.1394926037851e-05,9.52075339555876e-07,0,2.41480062570133e-06,2.31923603416591e-05,0.300228626687688,599.31
21,"VNIR_Plant_Spectrum_X600.45",0.0385270134357644,1.10723573016386e-05,8.37845653848446e-07,2.03610118758299e-17,2.75839842794793e-06,2.28820559964578e-05,0.294864539643492,600.45
21,"VNIR_Plant_Spectrum_X601.59",0.0382596752853996,1.11354232120286e-05,7.26839777092142e-07,0,2.88738764401655e-06,2.23831027960807e-05,0.299881430372644,601.59
21,"VNIR_Plant_Spectrum_X602.73",0.0380245380330655,1.10830728659936e-05,8.39472402838694e-07,0,2.83198134764174e-06,2.19709762964297e-05,0.301781377705777,602.73
21,"VNIR_Plant_Spectrum_X603.88",0.0378030082468826,1.0819296887367e-05,6.99434886019008e-07,8.57967894654826e-19,3.07392097851786e-06,2.14603495215846e-05,0.300094200346878,603.88
21,"VNIR_Plant_Spectrum_X605.02",0.0372946337716259,1.06766871083787e-05,9.8906664238561e-07,0,2.77906217875025e-06,2.1304033466629e-05,0.298658202675761,605.02
21,"VNIR_Plant_Spectrum_X606.16",0.0369972282384992,1.03622912356513e-05,7.55592754099662e-07,0,2.89114764127454e-06,2.06549590236923e-05,0.298935322792703,606.16
21,"VNIR_Plant_Spectrum_X607.3",0.0365425211959782,1.00617127552256e-05,5.91939312451464e-07,0,2.837620348612e-06,2.0289973565733e-05,0.297849071658881,607.3
21,"VNIR_Plant_Spectrum_X608.44",0.036213098622264,9.946164507443e-06,6.34767254638973e-07,0,2.59889269781249e-06,1.99529750310801e-05,0.30019088819079,608.44
21,"VNIR_Plant_Spectrum_X609.58",0.0357791813930643,9.86366347422419e-06,5.86843654178288e-07,0,2.45572941930387e-06,1.93037338949082e-05,0.306230131188644,609.58
21,"VNIR_Plant_Spectrum_X610.72",0.0353973109167614,9.54636599559879e-06,4.20158281365499e-07,8.26861837550978e-18,2.49924429363263e-06,1.90409203113931e-05,0.302994898364366,610.72
21,"VNIR_Plant_Spectrum_X611.86",0.0348611068252073,9.30439140688265e-06,5.27013879821343e-07,0,2.62607140162548e-06,1.84922942739344e-05,0.300628764530349,611.86
21,"VNIR_Plant_Spectrum_X613.01",0.0345067635799513,9.00191526847856e-06,5.85210452658866e-07,0,2.75282848179182e-06,1.79930720826719e-05,0.296769441457007,613.01
21,"VNIR_Plant_Spectrum_X614.15",0.0342286620547165,8.89660307819542e-06,6.47971723459552e-07,7.16723117360006e-19,2.34358522846276e-06,1.8015785741267e-05,0.297505992895039,614.15
21,"VNIR_Plant_Spectrum_X615.29",0.0337925839055866,8.68903721728455e-06,6.02735374550817e-07,7.00480285605596e-19,2.26907861910083e-06,1.7339434786102e-05,0.300655751924906,615.29
21,"VNIR_Plant_Spectrum_X616.43",0.0335124081259546,8.61642969148076e-06,5.364456393293e-07,1.04411264755275e-18,2.41756847029492e-06,1.69600535867208e-05,0.302007692833184,616.43
21,"VNIR_Plant_Spectrum_X617.57",0.0332649080436346,8.50471528723034e-06,4.65020078797669e-07,8.07461595999466e-18,2.42134399534899e-06,1.66755086648639e-05,0.303019208436607,617.57
21,"VNIR_Plant_Spectrum_X618.71",0.0329040734929247,8.39561140069187e-06,5.36958253046837e-07,2.01107564570367e-19,2.2026069475758e-06,1.67208259623812e-05,0.301393259190523,618.71
21,"VNIR_Plant_Spectrum_X619.85",0.0328021927984421,8.15682028868371e-06,4.89727394505119e-07,0,2.35472533048404e-06,1.64372216189365e-05,0.297276523289646,619.85
21,"VNIR_Plant_Spectrum_X620.99",0.032601969263321,8.18346708764144e-06,6.36287853561762e-07,0,2.16717078446417e-06,1.6191669175467e-05,0.301099711644765,620.99
21,"VNIR_Plant_Spectrum_X622.14",0.0325280528394639,8.09394274159293e-06,5.39342456375309e-07,6.80119930081717e-19,2.44147520852482e-06,1.59288660165433e-05,0.299735399045808,622.14
21,"VNIR_Plant_Spectrum_X623.28",0.0323472213190578,8.02165477724602e-06,4.26020755908569e-07,0,2.20323705070213e-06,1.64400319971122e-05,0.296100962935089,623.28
21,"VNIR_Plant_Spectrum_X624.42",0.0323009121372587,7.91505921874061e-06,4.68721982751258e-07,0,2.44569237940411e-06,1.60691661267297e-05,0.294254999686721,624.42
21,"VNIR_Plant_Spectrum_X625.56",0.0322242620083521,7.71400794514185e-06,3.75059442871224e-07,4.08640958248545e-19,2.24640673976427e-06,1.57927007867238e-05,0.295237151863235,625.56
21,"VNIR_Plant_Spectrum_X626.7",0.0321735945555429,7.87986870172744e-06,4.69128242488125e-07,0,2.27290921916212e-06,1.60684775188116e-05,0.295232500047788,626.7
21,"VNIR_Plant_Spectrum_X627.84",0.0321026830548258,8.00859806742242e-06,4.3745059034327e-07,0,2.21394995539086e-06,1.5813736934617e-05,0.302511069998807,627.84
21,"VNIR_Plant_Spectrum_X628.98",0.0320322480981023,7.95796625289938e-06,4.28731727879508e-07,0,2.12374595250621e-06,1.61438015484673e-05,0.298562803375824,628.98
21,"VNIR_Plant_Spectrum_X630.12",0.0320209505906235,7.85257111438167e-06,5.28120131168244e-07,6.34283511937252e-19,2.19333060270111e-06,1.58571912307311e-05,0.297094616539783,630.12
21,"VNIR_Plant_Spectrum_X631.26",0.0319564279959887,7.7603319300291e-06,4.67747688074631e-07,0,2.29066525907543e-06,1.59084798744323e-05,0.293649144129518,631.26
21,"VNIR_Plant_Spectrum_X632.41",0.0319203900028097,7.57377731807345e-06,4.16123494922607e-07,6.17763127366856e-19,2.3283674251437e-06,1.56840312022863e-05,0.291273367396817,632.41
21,"VNIR_Plant_Spectrum_X633.55",0.0315876279255915,7.78331347153645e-06,3.76097096481152e-07,1.52511198460808e-17,2.27674604902314e-06,1.55298450433661e-05,0.299750172295488,633.55
21,"VNIR_Plant_Spectrum_X634.69",0.0313678255263101,7.75418140614076e-06,2.76048688776166e-07,4.12549655396423e-20,2.2195642678025e-06,1.55039917176182e-05,0.301088988700612,634.69
21,"VNIR_Plant_Spectrum_X635.83",0.0311739027123636,7.59353546420871e-06,1.96035830935616e-07,0,2.17013807718253e-06,1.5271405438784e-05,0.300959173665398,635.83
21,"VNIR_Plant_Spectrum_X636.97",0.0308595039037626,7.44604862119181e-06,2.18319431934286e-07,0,2.12944413528448e-06,1.50121909682682e-05,0.30017123573521,636.97
21,"VNIR_Plant_Spectrum_X638.11",0.030450033541931,7.28156342634763e-06,1.89784781806055e-07,0,2.03486664139605e-06,1.45932774094107e-05,0.302145926897703,638.11
21,"VNIR_Plant_Spectrum_X639.25",0.0301259219695385,7.18327623353162e-06,1.83454690279303e-07,0,1.9616673487602e-06,1.45114857332488e-05,0.301313388596102,639.25
21,"VNIR_Plant_Spectrum_X640.39",0.0297525842396043,7.03705292267416e-06,2.07699725486132e-07,0,2.14787263189129e-06,1.40162138320325e-05,0.300615203042747,640.39
21,"VNIR_Plant_Spectrum_X641.54",0.0294305325669776,6.84788963159119e-06,1.51849178071279e-07,1.90459586629355e-19,1.80688839096703e-06,1.41437686482232e-05,0.298377843967927,641.54
21,"VNIR_Plant_Spectrum_X642.68",0.0290293727217518,6.85100386864565e-06,9.27419522840984e-08,0,1.84473441468715e-06,1.37257573353628e-05,0.304296507800753,642.68
21,"VNIR_Plant_Spectrum_X643.82",0.0285518729975783,6.60509130744977e-06,6.2389726740834e-08,0,1.84734413479958e-06,1.32648727375653e-05,0.30326827010129,643.82
21,"VNIR_Plant_Spectrum_X644.96",0.0282103229799453,6.43703306527639e-06,3.74781007164988e-08,0,1.90671289391516e-06,1.29945605362065e-05,0.301136692144926,644.96
21,"VNIR_Plant_Spectrum_X646.1",0.0279341952542086,6.34776620730171e-06,1.13847645305798e-07,0,1.84928747049494e-06,1.28253320393536e-05,0.300326273771047,646.1
21,"VNIR_Plant_Spectrum_X647.24",0.027594013801129,6.26679975807174e-06,2.06544057364731e-08,0,1.68447481691832e-06,1.26587648729049e-05,0.303760978788828,647.24
21,"VNIR_Plant_Spectrum_X648.38",0.0273912209966983,6.23818503982263e-06,3.51812393783711e-08,0,1.63974228702018e-06,1.24529605643184e-05,0.306302851072438,648.38
21,"VNIR_Plant_Spectrum_X649.52",0.027120366795952,6.07783154564947e-06,3.0757672116354e-08,0,1.70740058751217e-06,1.22588349263583e-05,0.302758884667685,649.52
21,"VNIR_Plant_Spectrum_X650.67",0.0269698632153246,5.91414164190988e-06,4.84939456908231e-08,1.52968110592306e-19,1.73603490414987e-06,1.2095252917744e-05,0.298785719210826,650.67
21,"VNIR_Plant_Spectrum_X651.81",0.0267756664472377,5.9491579075153e-06,3.62306079382009e-08,0,1.69743779529321e-06,1.20306243479223e-05,0.301781662202257,651.81
21,"VNIR_Plant_Spectrum_X652.95",0.026617156714307,5.8890411074864e-06,5.7655606731634e-08,6.19909606128384e-19,1.50450935716377e-06,1.221345471463e-05,0.299473312637831,652.95
21,"VNIR_Plant_Spectrum_X654.09",0.0263724586934576,5.70229612597433e-06,7.78006931471844e-08,0,1.6987957322015e-06,1.16386834214946e-05,0.298275060294368,654.09
21,"VNIR_Plant_Spectrum_X655.23",0.0261708966014363,5.65801059691896e-06,4.19700307268589e-08,1.12326145820335e-18,1.63060016298669e-06,1.1462820837279e-05,0.301063676972427,655.23
21,"VNIR_Plant_Spectrum_X656.37",0.0259795897514312,5.49430699028789e-06,3.58440141143046e-09,8.74491499098406e-19,1.56109503235978e-06,1.13969426879665e-05,0.297698748024971,656.37
21,"VNIR_Plant_Spectrum_X657.51",0.0256834314489453,5.27659962402471e-06,0,2.33462886379072e-19,1.62762896454483e-06,1.14105291485798e-05,0.288106438520979,657.51
21,"VNIR_Plant_Spectrum_X658.65",0.0253807533259226,5.294003308069e-06,2.33993311969544e-08,0,1.82844356322397e-06,1.07950447466609e-05,0.295080290219342,658.65
21,"VNIR_Plant_Spectrum_X659.79",0.0250609842915871,5.11641076536883e-06,0,0,1.63607352272826e-06,1.0813292264307e-05,0.291271538727879,659.79
21,"VNIR_Plant_Spectrum_X660.94",0.0247627941688993,5.07952324184381e-06,0,4.19045513436919e-19,1.76961864408542e-06,1.05852512129112e-05,0.291350734897765,660.94
21,"VNIR_Plant_Spectrum_X662.08",0.0244378288013754,4.97293322507763e-06,0,1.60509823306225e-18,1.75058602854729e-06,1.04751441321558e-05,0.28914649432517,662.08
21,"VNIR_Plant_Spectrum_X663.22",0.0242490785235164,4.90010972042699e-06,0,0,1.56994667378225e-06,1.0440132163113e-05,0.289772624581717,663.22
21,"VNIR_Plant_Spectrum_X664.36",0.0239600961548375,4.67990233903077e-06,0,0,1.70177294483046e-06,1.02917398612856e-05,0.280680490366903,664.36
21,"VNIR_Plant_Spectrum_X665.5",0.0238215420300108,4.60822945898619e-06,0,2.48501165859677e-20,1.54676510608378e-06,1.01675782289175e-05,0.28232249395657,665.5
21,"VNIR_Plant_Spectrum_X666.64",0.0236371619887433,4.59841942905108e-06,0,0,1.55093657363906e-06,1.00090972760934e-05,0.284582896005827,666.64
21,"VNIR_Plant_Spectrum_X667.78",0.0234253223195514,4.51325594467521e-06,0,0,1.6291518572672e-06,1.02520298967025e-05,0.275291902512049,667.78
21,"VNIR_Plant_Spectrum_X668.92",0.0233948067347199,4.40742977157691e-06,0,0,1.7736979286708e-06,9.90257212056099e-06,0.274030839961007,668.92
21,"VNIR_Plant_Spectrum_X670.07",0.0233219253478393,4.440016770914e-06,0,0,1.63066044995387e-06,1.00505939225341e-05,0.275413565805025,670.07
21,"VNIR_Plant_Spectrum_X671.21",0.0232666452638871,4.2197719416936e-06,0,0,1.80541936431543e-06,1.00457436439543e-05,0.262571652167831,671.21
21,"VNIR_Plant_Spectrum_X672.35",0.0231896249968121,4.18136052623722e-06,0,0,1.81514009613904e-06,9.98208971507302e-06,0.261685194872122,672.35
21,"VNIR_Plant_Spectrum_X673.49",0.0232915301731586,4.33080490071201e-06,0,0,1.58387419451963e-06,9.90161041378473e-06,0.273819273366434,673.49
21,"VNIR_Plant_Spectrum_X674.63",0.0232532671646267,4.21468550808836e-06,0,0,1.8211946230512e-06,9.98113681820235e-06,0.26313798139931,674.63
21,"VNIR_Plant_Spectrum_X675.77",0.0232428556299191,4.17848062790884e-06,0,2.24040252382876e-19,1.68328551617655e-06,1.01566351074314e-05,0.260855035549388,675.77
21,"VNIR_Plant_Spectrum_X676.91",0.023376529417813,4.18223665625682e-06,0,0,1.73583402196128e-06,1.01647318022455e-05,0.260044022883272,676.91
21,"VNIR_Plant_Spectrum_X678.05",0.0234282547818648,4.0351717978668e-06,0,0,1.80626935763748e-06,1.02161943894392e-05,0.251293024217222,678.05
21,"VNIR_Plant_Spectrum_X679.2",0.02352033714586,4.13616289187678e-06,0,0,1.78074423525009e-06,1.00860770671202e-05,0.258461974446221,679.2
21,"VNIR_Plant_Spectrum_X680.34",0.0237047893261152,4.20213767879156e-06,0,0,1.65411332051848e-06,1.03134795984261e-05,0.259876789745643,680.34
21,"VNIR_Plant_Spectrum_X681.48",0.0239171669605597,4.10367402436852e-06,0,7.0190778226385e-19,1.7465298499696e-06,1.06450976593859e-05,0.248778357641934,681.48
21,"VNIR_Plant_Spectrum_X682.62",0.0243128092462984,4.38016102268337e-06,1.4208898009123e-08,3.00263028388968e-19,1.57332835325638e-06,1.09102799511279e-05,0.259519295751631,682.62
21,"VNIR_Plant_Spectrum_X683.76",0.0246736181790284,4.43825767249386e-06,0,0,1.6096378371923e-06,1.12586309939465e-05,0.256449939366069,683.76
21,"VNIR_Plant_Spectrum_X684.9",0.025135522376081,4.58808664824022e-06,1.73667277837623e-07,0,1.90497249706543e-06,1.09845851541755e-05,0.259928936619969,684.9
21,"VNIR_Plant_Spectrum_X686.04",0.0258861399986012,4.85125726324204e-06,1.9977565238425e-07,0,1.84053028013136e-06,1.16993195882829e-05,0.260948192702642,686.04
21,"VNIR_Plant_Spectrum_X687.18",0.0269146782862322,5.16820561981971e-06,4.17228197597747e-07,0,1.84521317883492e-06,1.23025147566737e-05,0.2619045890633,687.18
21,"VNIR_Plant_Spectrum_X688.33",0.0280922333098635,5.51397180614255e-06,7.89890962566337e-07,4.86353319719706e-20,2.17663392211383e-06,1.32029754197632e-05,0.254293767069278,688.33
21,"VNIR_Plant_Spectrum_X689.47",0.0296868363302916,6.26957369777707e-06,1.08358465997398e-06,0,1.90924821763582e-06,1.47271035529692e-05,0.261346466194252,689.47
21,"VNIR_Plant_Spectrum_X690.61",0.0315522021913086,7.08257797403621e-06,1.60357791884512e-06,0,2.17564248565632e-06,1.64814223541494e-05,0.259025008183086,690.61
21,"VNIR_Plant_Spectrum_X691.75",0.0338016849811698,8.0252003855887e-06,1.98123698143233e-06,0,2.32910740602137e-06,1.89927447183523e-05,0.256164652327829,691.75
21,"VNIR_Plant_Spectrum_X692.89",0.0363665612848131,9.17852573055632e-06,2.65323370217014e-06,0,2.60411447591374e-06,2.17581192491191e-05,0.253592514386289,692.89
21,"VNIR_Plant_Spectrum_X694.03",0.0392300351204385,1.04724375667163e-05,4.00667660294077e-06,0,2.93805334238028e-06,2.54182565375189e-05,0.244480772610089,694.03
21,"VNIR_Plant_Spectrum_X695.17",0.0422429216919648,1.22992822304077e-05,4.56610572625508e-06,0,3.41180351471589e-06,2.94528129859771e-05,0.247321156806944,695.17
21,"VNIR_Plant_Spectrum_X696.31",0.0455711400609155,1.41364846026057e-05,5.16287174848065e-06,5.11103510636109e-18,4.28189391841279e-06,3.40245764584443e-05,0.245400255591629,696.31
21,"VNIR_Plant_Spectrum_X697.45",0.048941980214053,1.57490676773953e-05,5.66744611093528e-06,3.45330940946982e-19,5.01880543073637e-06,4.01304511507173e-05,0.236594087169824,697.45
21,"VNIR_Plant_Spectrum_X698.6",0.0525029883691423,1.82513419112253e-05,6.4655562589441e-06,2.78265998764197e-07,5.38032878623751e-06,4.6673295264348e-05,0.236880323921844,698.6
21,"VNIR_Plant_Spectrum_X699.74",0.0559057799079599,2.01355900456978e-05,6.98243548907758e-06,1.69301023094461e-06,5.79160823237938e-06,5.36365488025265e-05,0.228193271114726,699.74
21,"VNIR_Plant_Spectrum_X700.88",0.059427848081083,2.3229527934908e-05,7.90706432264903e-06,5.68942349323831e-07,7.72129901993412e-06,6.02657200992216e-05,0.233011665031118,700.88
21,"VNIR_Plant_Spectrum_X702.02",0.0628672730390412,2.59475068021804e-05,8.28068554064973e-06,1.75475397483439e-06,7.90590351474505e-06,6.74935670108794e-05,0.232958733860907,702.02
21,"VNIR_Plant_Spectrum_X703.16",0.0661788720791327,2.8399513338542e-05,8.90397292786623e-06,2.11658394095345e-06,8.85906151096517e-06,7.53665114192316e-05,0.229684707183309,703.16
21,"VNIR_Plant_Spectrum_X704.3",0.069318663968262,3.04784151860869e-05,9.12187489055788e-06,4.69493827933914e-06,8.67468225904046e-06,8.24508055964814e-05,0.225064643274257,704.3
21,"VNIR_Plant_Spectrum_X705.44",0.0723805221917751,3.33231904511113e-05,9.63591134507986e-06,3.85284737971829e-06,1.10835329801603e-05,9.08551477097901e-05,0.224020499820145,705.44
21,"VNIR_Plant_Spectrum_X706.58",0.0754830173095479,3.59742470645963e-05,9.11037474919964e-06,4.97662693800379e-06,1.15169207193463e-05,9.93848363543832e-05,0.223493882212845,706.58
21,"VNIR_Plant_Spectrum_X707.73",0.078398805096139,3.86273330861748e-05,1.01468845488168e-05,7.2813264704417e-06,1.12936717781678e-05,0.000106854803267237,0.22173617620572,707.73
21,"VNIR_Plant_Spectrum_X708.87",0.0813680418744833,4.2108736738898e-05,1.09774556921494e-05,7.92449730661967e-06,1.17545242509428e-05,0.000117295419852237,0.221554226606226,708.87
21,"VNIR_Plant_Spectrum_X710",0.0844111331503031,4.50047369461616e-05,1.14750342459002e-05,8.09072279001611e-06,1.45435128338972e-05,0.000125111264795227,0.220368109152721,710
21,"VNIR_Plant_Spectrum_X711.15",0.0871632772020618,4.78243739998011e-05,1.11041304178551e-05,8.67722522535497e-06,1.61957850786287e-05,0.000134943046293912,0.218631145742641,711.15
21,"VNIR_Plant_Spectrum_X712.29",0.090326782644846,5.02993557284071e-05,1.04138491539631e-05,1.09396661249477e-05,1.71573079516926e-05,0.000143956960479458,0.216093026918448,712.29
21,"VNIR_Plant_Spectrum_X713.43",0.0931805657299745,5.37731400313462e-05,1.17638776236299e-05,1.46608695431521e-05,1.56564707454159e-05,0.000154255132198309,0.214998399304433,713.43
21,"VNIR_Plant_Spectrum_X714.57",0.0961148500145314,5.76216364383832e-05,1.20304562583998e-05,1.23530443531533e-05,1.86066717418307e-05,0.000164078113310847,0.217694863410949,714.57
21,"VNIR_Plant_Spectrum_X715.71",0.0989841652489172,6.11497935002649e-05,1.26494617923547e-05,1.54114211651012e-05,2.04034254265519e-05,0.000173414220101113,0.216055386511539,715.71
21,"VNIR_Plant_Spectrum_X716.86",0.101725926846001,6.51338076411629e-05,1.22056520115796e-05,1.68224318025576e-05,2.04093054300484e-05,0.000185378078964496,0.217149407867779,716.86
21,"VNIR_Plant_Spectrum_X718",0.104663191572689,6.78612509187702e-05,1.26271856827958e-05,1.77607626972804e-05,2.27217923540809e-05,0.000195604707371554,0.214360265579078,718
21,"VNIR_Plant_Spectrum_X719.14",0.107558337586908,7.1356540889823e-05,1.25563732551917e-05,2.0158943130104e-05,2.40303356980557e-05,0.000206245805808871,0.213419973051308,719.14
21,"VNIR_Plant_Spectrum_X720.28",0.110303262892875,7.41134207504087e-05,1.4471610452679e-05,2.37082068331771e-05,2.50653466988549e-05,0.000217423627677817,0.208898355547056,720.28
21,"VNIR_Plant_Spectrum_X721.42",0.113099265458916,7.80095395089919e-05,1.24297421978926e-05,2.31026186241748e-05,2.71536565798494e-05,0.000229245600741793,0.210870128654965,721.42
21,"VNIR_Plant_Spectrum_X722.56",0.115657202592764,8.14085438297066e-05,1.42276645951176e-05,2.76273065922131e-05,2.69339509287745e-05,0.000239642853783048,0.208825356716123,722.56
21,"VNIR_Plant_Spectrum_X723.7",0.118365118278647,8.61989925911415e-05,1.31860798040043e-05,2.62248126192096e-05,2.87546849293016e-05,0.000252045344069157,0.212098646265858,723.7
21,"VNIR_Plant_Spectrum_X724.84",0.120562651793464,9.03147357561146e-05,1.30200976514281e-05,2.45916331841468e-05,3.38216405026055e-05,0.000262644348144337,0.212809475383655,724.84
21,"VNIR_Plant_Spectrum_X725.98",0.122883882632335,9.31932419683289e-05,1.3406325338174e-05,2.92872124589702e-05,3.34922144776581e-05,0.000272735418211718,0.210789875523106,725.98
21,"VNIR_Plant_Spectrum_X727.13",0.125128494714052,9.69740341605803e-05,1.31329799186367e-05,2.94021795755724e-05,3.66549729173692e-05,0.000283580819407257,0.210930052785659,727.13
21,"VNIR_Plant_Spectrum_X728.27",0.127466031196959,9.87900069295384e-05,1.30413151153565e-05,3.17515016474558e-05,3.76006903246973e-05,0.000292131796945902,0.20871922931999,728.27
21,"VNIR_Plant_Spectrum_X729.41",0.129360367951355,0.000101704764381511,1.31641808760562e-05,3.55660229402099e-05,3.48334770377337e-05,0.00030491615528413,0.207482577530373,729.41
21,"VNIR_Plant_Spectrum_X730.55",0.131112772542315,0.000104307460507558,1.23959828207226e-05,3.58039893612081e-05,4.21420229784582e-05,0.00030938534323885,0.206944958431027,730.55
21,"VNIR_Plant_Spectrum_X731.69",0.13282238125341,0.000107552607945254,1.29364249310435e-05,3.71755993711996e-05,4.06484009222646e-05,0.000321369266505383,0.206958382097072,731.69
21,"VNIR_Plant_Spectrum_X732.83",0.134638903380406,0.000109376773970295,1.45445137780264e-05,4.23228266711949e-05,3.93982360744878e-05,0.000332334324983254,0.203311368235925,732.83
21,"VNIR_Plant_Spectrum_X733.97",0.136369642677988,0.000114616716191027,1.23585030495599e-05,3.81695524298931e-05,4.49147126832452e-05,0.000339177645355256,0.208683481125461,733.97
21,"VNIR_Plant_Spectrum_X735.11",0.137837744294375,0.000114825152676144,1.25670002702492e-05,4.1935466755495e-05,4.5584497965653e-05,0.000347505398052449,0.204163543038215,735.11
21,"VNIR_Plant_Spectrum_X736.25",0.139225312870833,0.00011831829939562,1.2623122720547e-05,4.24469753359599e-05,4.82473624188946e-05,0.000352225359510912,0.206179327017402,736.25
21,"VNIR_Plant_Spectrum_X737.4",0.140753484639022,0.000120110647318838,1.22059684240299e-05,4.35434942623173e-05,4.6311373663084e-05,0.000359836763096374,0.206372758438608,737.4
21,"VNIR_Plant_Spectrum_X738.54",0.141831422975527,0.000120518173722731,1.21539971023915e-05,4.4067485744442e-05,4.86761316030313e-05,0.000368381097459748,0.202961949849888,738.54
21,"VNIR_Plant_Spectrum_X739.68",0.142927600271753,0.000123772029164789,1.35139921437598e-05,4.67122862983455e-05,4.91588823518189e-05,0.000374178687372805,0.203795023123963,739.68
21,"VNIR_Plant_Spectrum_X740.82",0.144263145926832,0.000124828813144012,1.27353333251259e-05,4.61553827926489e-05,5.07558024594095e-05,0.000378649512949788,0.203594446105014,740.82
21,"VNIR_Plant_Spectrum_X741.96",0.14525054144264,0.000127003780063317,1.1792125661127e-05,4.73828034350705e-05,4.98057096215141e-05,0.000386677256917134,0.203969161777804,741.96
21,"VNIR_Plant_Spectrum_X743.1",0.146138580389813,0.000125941007554647,1.19115429974985e-05,4.83739862377071e-05,5.29811683376451e-05,0.000387814667195468,0.20085568412506,743.1
21,"VNIR_Plant_Spectrum_X744.24",0.146989495388445,0.000129984907828227,1.17809141727155e-05,4.67672342730608e-05,5.27252016775974e-05,0.000393662563774716,0.20472616959514,744.24
21,"VNIR_Plant_Spectrum_X745.39",0.147827487170054,0.000131765780854203,1.29494493959709e-05,4.53854306125517e-05,5.62961966684587e-05,0.000395750832338723,0.205195444806314,745.39
21,"VNIR_Plant_Spectrum_X746.53",0.148538804757133,0.000130459769135027,1.17319320170682e-05,4.46489972021531e-05,6.10187419332029e-05,0.00039785848557023,0.202038326505714,746.53
21,"VNIR_Plant_Spectrum_X747.67",0.149101911743799,0.000129496381451491,1.22118699867312e-05,4.7215289154828e-05,5.9628846689761e-05,0.000403042460768826,0.198737577251729,747.67
21,"VNIR_Plant_Spectrum_X748.81",0.149782917681139,0.000130205803986141,1.09823746563944e-05,5.18865197131492e-05,5.68781487835532e-05,0.000404610902039145,0.198919974027857,748.81
21,"VNIR_Plant_Spectrum_X749.95",0.150547868577922,0.000131360306611293,1.27935068256492e-05,5.22043676952155e-05,5.77241858084238e-05,0.000406641571718642,0.198812694569318,749.95
21,"VNIR_Plant_Spectrum_X751.09",0.151274218138323,0.000130250790072298,1.22184148337756e-05,5.02694020457352e-05,6.28880357062624e-05,0.00040895912487739,0.195987931783911,751.09
21,"VNIR_Plant_Spectrum_X752.23",0.151775271891163,0.000131081215668441,1.18820291269023e-05,4.77927893449308e-05,6.39056363896147e-05,0.000415829118919926,0.195500397217988,752.23
21,"VNIR_Plant_Spectrum_X753.37",0.152292938902977,0.000130057517803407,1.40155644722136e-05,5.17562046814877e-05,5.96303434360949e-05,0.000414086269448822,0.194247351576783,753.37
21,"VNIR_Plant_Spectrum_X754.52",0.153042825990102,0.000131465959061014,1.19528163360921e-05,5.18799117543216e-05,6.08612851631584e-05,0.000416071653018794,0.19556645969433,754.52
21,"VNIR_Plant_Spectrum_X755.66",0.153636787803635,0.000131477512846409,1.30529640297121e-05,4.9314946453858e-05,6.04971615433454e-05,0.000422373412766275,0.194287578991786,755.66
21,"VNIR_Plant_Spectrum_X756.8",0.154208671486995,0.000133769598877694,1.34409880782651e-05,5.29938134223262e-05,6.23396429455289e-05,0.000418346255070793,0.196462777033383,756.8
21,"VNIR_Plant_Spectrum_X757.94",0.154755685099317,0.000132371727040242,1.13366269311083e-05,5.07336138342996e-05,6.25269244247197e-05,0.00042460722148501,0.194214152134327,757.94
21,"VNIR_Plant_Spectrum_X759.08",0.155123356084808,0.000134433213544608,1.53756264668613e-05,5.04593917167021e-05,6.34801535257863e-05,0.00042532114689156,0.195093829103183,759.08
21,"VNIR_Plant_Spectrum_X760.22",0.156016778758438,0.000130863173670046,1.18090321448903e-05,5.46725846584593e-05,6.01134431592077e-05,0.000427946123836721,0.19092842384782,760.22
21,"VNIR_Plant_Spectrum_X761.36",0.156900808723499,0.000132907676147493,1.53041819615584e-05,5.57713543961067e-05,6.11793652124526e-05,0.000428095942739919,0.191714450274305,761.36
21,"VNIR_Plant_Spectrum_X762.5",0.15741296691584,0.000132235929070262,1.43814953270039e-05,5.62635369055871e-05,6.00105999970014e-05,0.000431363838354199,0.190471588893878,762.5
21,"VNIR_Plant_Spectrum_X763.64",0.158285263541137,0.000132721759846609,1.45284636940307e-05,5.77065206374531e-05,6.1394814849778e-05,0.000433567842678683,0.189624347493447,763.64
21,"VNIR_Plant_Spectrum_X764.79",0.158922746085535,0.00013062054795792,1.41015536610617e-05,5.30598411082555e-05,6.34551106853289e-05,0.000437266476503489,0.187000555277963,764.79
21,"VNIR_Plant_Spectrum_X765.93",0.159685803295511,0.000129622076350971,1.21552062018036e-05,5.68678388357315e-05,6.33340925923449e-05,0.000440186969381553,0.184603131598079,765.93
21,"VNIR_Plant_Spectrum_X767.07",0.15997134258335,0.000131440190288654,1.40383831259315e-05,5.72950252233395e-05,6.19538072646143e-05,0.000439579460220735,0.186623468562989,767.07
21,"VNIR_Plant_Spectrum_X768.21",0.16107168655983,0.000127908940132078,1.33041524580219e-05,5.63019397370891e-05,6.44501423538869e-05,0.000445442461945209,0.180813626415021,768.21
21,"VNIR_Plant_Spectrum_X769.35",0.161607245976632,0.000132048808541561,1.5201066639355e-05,5.41777723408332e-05,6.66409495323328e-05,0.00044340026682339,0.185600263407032,769.35
21,"VNIR_Plant_Spectrum_X770.49",0.162240287971467,0.000129309604649548,1.46933567441027e-05,5.93619098475969e-05,6.3785422597213e-05,0.000448999766008576,0.180562164132427,770.49
21,"VNIR_Plant_Spectrum_X771.63",0.162730774449861,0.000130134214525258,1.48848005449597e-05,5.66569186882938e-05,6.41137605432437e-05,0.000451578599065939,0.181405026857741,771.63
21,"VNIR_Plant_Spectrum_X772.77",0.163270421862012,0.000128155431292024,1.20737011356987e-05,5.9117186335894e-05,6.44319148458966e-05,0.000453292355614549,0.178720802690709,772.77
21,"VNIR_Plant_Spectrum_X773.92",0.163909734494044,0.000131124534096372,1.52915604541655e-05,5.23327868423997e-05,6.92887704925198e-05,0.00045374239083,0.181668273346905,773.92
21,"VNIR_Plant_Spectrum_X775.06",0.164538008128593,0.00013194259756749,1.76542134974733e-05,5.37358994934278e-05,6.67572274980264e-05,0.000458041412003584,0.181207137361436,775.06
21,"VNIR_Plant_Spectrum_X776.2",0.165080627729935,0.000129626162895958,1.72379387885571e-05,5.2890702911542e-05,7.17621228392095e-05,0.000458461773911675,0.177575267136938,776.2
21,"VNIR_Plant_Spectrum_X777.34",0.165483051605242,0.000127732905461103,1.71790666178199e-05,5.68131560874146e-05,6.80499788529013e-05,0.000456460125944762,0.17588365265588,777.34
21,"VNIR_Plant_Spectrum_X778.48",0.16591826375062,0.000127331390307339,1.76520661908919e-05,5.6167572577952e-05,7.07995379453378e-05,0.000456409061328757,0.174819396011477,778.48
21,"VNIR_Plant_Spectrum_X779.62",0.166401230109769,0.000128938591127323,1.88429214060253e-05,5.75172180321936e-05,6.88903098239194e-05,0.000457545410585464,0.176209540162462,779.62
21,"VNIR_Plant_Spectrum_X780.76",0.166575485932115,0.000128831968497434,1.7483292487134e-05,5.33875979032811e-05,7.10085123987606e-05,0.000464111825694175,0.175323763630182,780.76
21,"VNIR_Plant_Spectrum_X781.9",0.167280875384011,0.000126742187745611,1.84370541074937e-05,5.91818788609398e-05,6.91321524655957e-05,0.000460286993117868,0.172724988074595,781.9
21,"VNIR_Plant_Spectrum_X783.05",0.167633672828152,0.000125202806042008,1.86844478259942e-05,5.74648531118868e-05,6.7653751813092e-05,0.000463650971830438,0.170888744646621,783.05
21,"VNIR_Plant_Spectrum_X784.19",0.168500504177696,0.000125453959849512,1.83611131102883e-05,5.66967759362866e-05,6.95639902801332e-05,0.000459851208440595,0.17187191550048,784.19
21,"VNIR_Plant_Spectrum_X785.33",0.16903790496675,0.000123035030875567,1.60594653910471e-05,5.44102035963846e-05,7.42101656715785e-05,0.000468089191256092,0.167211677810265,785.33
21,"VNIR_Plant_Spectrum_X786.47",0.169278807475105,0.000124065473474815,1.83136657270484e-05,5.71587920222005e-05,7.24985073855553e-05,0.00046790897027503,0.1676684144332,786.47
21,"VNIR_Plant_Spectrum_X787.61",0.169384592456204,0.000123326930465454,1.72620459017681e-05,5.32172706827312e-05,7.72168825816715e-05,0.000467911813276033,0.166898225140322,787.61
21,"VNIR_Plant_Spectrum_X788.75",0.169778777066558,0.000124539142116851,1.91812031704431e-05,5.26540361700977e-05,7.39626532857914e-05,0.000468567453528684,0.168545656568036,788.75
21,"VNIR_Plant_Spectrum_X789.89",0.170329528008318,0.000123177797639489,1.6907489982788e-05,5.28932715672004e-05,7.61848702993787e-05,0.000468198340712849,0.167052053167597,789.89
21,"VNIR_Plant_Spectrum_X791.03",0.17039344752708,0.000123945110737203,1.8278141030016e-05,5.3921294473652e-05,7.6042647424293e-05,0.000465735111670066,0.167964987426279,791.03
21,"VNIR_Plant_Spectrum_X792.17",0.170998312052681,0.000120143694163298,1.87998452986418e-05,5.73821919542347e-05,7.26872485053676e-05,0.000472391804907658,0.162048717005483,792.17
21,"VNIR_Plant_Spectrum_X793.32",0.17123988494889,0.000123961185719271,1.74062494233176e-05,5.41064829954777e-05,7.45406513814907e-05,0.000467301005909926,0.168125006239105,793.32
21,"VNIR_Plant_Spectrum_X794.46",0.17127366917278,0.000119489529308358,1.70268904433593e-05,5.52649616145186e-05,7.55393486502057e-05,0.000473517555231619,0.161289625128307,794.46
21,"VNIR_Plant_Spectrum_X795.6",0.171488573468309,0.000122098271057026,1.70966999101668e-05,5.18177459432919e-05,7.68096209248389e-05,0.000472442499486219,0.164938633987814,795.6
21,"VNIR_Plant_Spectrum_X796.74",0.17191605162116,0.000121151265752719,1.97539014630491e-05,5.50178127173751e-05,7.47137544565084e-05,0.000472122451372384,0.16310975087898,796.74
21,"VNIR_Plant_Spectrum_X797.88",0.17228929382426,0.000120189557929914,1.95024213749059e-05,5.45242077857396e-05,7.19645184646247e-05,0.000470260436357773,0.16320320944823,797.88
21,"VNIR_Plant_Spectrum_X799.02",0.172074268099003,0.000119002061150075,1.79506395512038e-05,5.60258626703838e-05,7.01303585584718e-05,0.000471104789798605,0.162080957150582,799.02
21,"VNIR_Plant_Spectrum_X800.16",0.172255562260378,0.000118392026398611,1.92420838545393e-05,5.59313642184221e-05,7.5177694547333e-05,0.00047056530684467,0.160138873371253,800.16
21,"VNIR_Plant_Spectrum_X801.3",0.172586066209577,0.00011978531897592,1.74004025756801e-05,5.04589170379627e-05,7.47522951207959e-05,0.000465813699649395,0.164492680398342,801.3
21,"VNIR_Plant_Spectrum_X802.45",0.172703153770296,0.000117468760766291,1.98977272376963e-05,5.12283163163086e-05,7.48886771779551e-05,0.000463379416959015,0.161610615998716,802.45
21,"VNIR_Plant_Spectrum_X803.59",0.172893905974241,0.000116408256453192,2.01627363725839e-05,5.55585115143977e-05,7.48717840065337e-05,0.000463130762851728,0.159434524565961,803.59
21,"VNIR_Plant_Spectrum_X804.73",0.173187293085724,0.000115300389049949,2.08475886641542e-05,5.26505792183727e-05,7.50958698398265e-05,0.000461223780880618,0.159009093735429,804.73
21,"VNIR_Plant_Spectrum_X805.87",0.17355369515848,0.000112577775376529,2.193684945608e-05,5.13241754154919e-05,7.92731942713279e-05,0.000461764874015227,0.154878742535142,805.87
21,"VNIR_Plant_Spectrum_X807.01",0.173704611572436,0.0001145971732593,1.84668226931843e-05,5.21753392360623e-05,7.08824346180257e-05,0.000463026838842016,0.159351171484082,807.01
21,"VNIR_Plant_Spectrum_X808.15",0.173515863532063,0.000116852404231643,1.99901675333469e-05,4.83997366269047e-05,7.7746824791263e-05,0.000458570992446979,0.161944098739652,808.15
21,"VNIR_Plant_Spectrum_X809.29",0.173980422753631,0.000111630589283805,1.87302512542952e-05,5.09284363995846e-05,7.79385086540246e-05,0.000462752806513952,0.154617160771917,809.29
21,"VNIR_Plant_Spectrum_X810.43",0.174420124963762,0.000112053329817362,1.72346266022655e-05,5.06210079218527e-05,8.04527701865901e-05,0.000460892388299003,0.155359014626011,810.43
21,"VNIR_Plant_Spectrum_X811.58",0.174114622877353,0.000111037439862493,1.87736457183174e-05,4.76289676766195e-05,8.1493710980455e-05,0.000461409375310432,0.154145203537466,811.58
21,"VNIR_Plant_Spectrum_X812.72",0.174388738443251,0.000111035349052834,2.07100209644788e-05,4.97792916770419e-05,8.09926927706456e-05,0.00046314933317794,0.153011500932323,812.72
21,"VNIR_Plant_Spectrum_X813.86",0.174481715349345,0.000110121658392295,1.97216791837764e-05,4.93496135695981e-05,8.13819866783831e-05,0.000457214125963052,0.153417854837862,813.86
21,"VNIR_Plant_Spectrum_X815",0.174515770463532,0.000109873472451226,1.86533501179883e-05,4.37631436028719e-05,8.16001824142957e-05,0.000465057575120099,0.152825398604479,815
21,"VNIR_Plant_Spectrum_X816.14",0.17499171701974,0.00011105694516868,1.937472097659e-05,4.75292843934355e-05,8.35959849726425e-05,0.000464896291103837,0.152875561839177,816.14
21,"VNIR_Plant_Spectrum_X817.28",0.17477403662969,0.000111943411200351,2.08305672234953e-05,5.22794557416906e-05,7.57780580630178e-05,0.00046406490597264,0.154426772540372,817.28
21,"VNIR_Plant_Spectrum_X818.42",0.175070692362641,0.000110265642158472,1.93015673360124e-05,4.84855226811154e-05,8.02859275256454e-05,0.000462670361647386,0.152932402915324,818.42
21,"VNIR_Plant_Spectrum_X819.56",0.175140534952778,0.000111835255847102,2.01011240966255e-05,4.84641388329232e-05,7.7953878494008e-05,0.000462459274916782,0.155151407585982,819.56
21,"VNIR_Plant_Spectrum_X820.71",0.175572037766563,0.000108810846229292,1.82738101774629e-05,5.1786062161203e-05,8.0934547927956e-05,0.000463920981846139,0.15034807218691,820.71
21,"VNIR_Plant_Spectrum_X821.85",0.175410356663027,0.000108919663594524,1.97086545305924e-05,5.19207089566592e-05,7.60593691130661e-05,0.000464491322049469,0.151046604011599,821.85
21,"VNIR_Plant_Spectrum_X822.99",0.175659995021394,0.000108660418823324,2.03900958062808e-05,4.47168088064951e-05,8.20130180025283e-05,0.000461268332878515,0.151538413939337,822.99
21,"VNIR_Plant_Spectrum_X824.13",0.175989275194288,0.000109369863962324,2.34397796304097e-05,5.44855306852975e-05,7.54587798696576e-05,0.000464395330893739,0.1504090923449,824.13
21,"VNIR_Plant_Spectrum_X825.27",0.175921630741683,0.00011028248251872,2.62538733491061e-05,4.99347962093916e-05,7.62654756166302e-05,0.000465436551204182,0.151450898927113,825.27
21,"VNIR_Plant_Spectrum_X826.41",0.176084149548202,0.000109815290660086,1.84471928870235e-05,4.85528239235005e-05,7.55762478125455e-05,0.00046269369163032,0.153569509557192,826.41
21,"VNIR_Plant_Spectrum_X827.55",0.175864355278181,0.000111331713118856,2.19554444857494e-05,5.17685860663414e-05,7.54110186617368e-05,0.000461007710702093,0.154311368287994,827.55
21,"VNIR_Plant_Spectrum_X828.69",0.176051962664418,0.000108298051287941,2.10908329194199e-05,4.81716557365797e-05,7.73926572380146e-05,0.000465371617244054,0.150346134298092,828.69
21,"VNIR_Plant_Spectrum_X829.83",0.176281538269344,0.00010482909314966,2.00738703300951e-05,5.17875131793746e-05,8.03118533060096e-05,0.000459907967536742,0.146223444571717,829.83
21,"VNIR_Plant_Spectrum_X830.98",0.175941101275288,0.000108625561136749,1.912973394956e-05,5.12598069788134e-05,8.31122637534801e-05,0.000453988604616306,0.151687108822303,830.98
21,"VNIR_Plant_Spectrum_X832.12",0.176049721637429,0.000104111616186336,1.99282126622961e-05,5.328024519424e-05,7.64493001054859e-05,0.000455057048417111,0.146878859015332,832.12
21,"VNIR_Plant_Spectrum_X833.25",0.175920203914389,0.000108006995937722,1.76976730411356e-05,4.78350233672582e-05,8.07203813190438e-05,0.000459296151751602,0.151364380395727,833.25
21,"VNIR_Plant_Spectrum_X834.4",0.175714045712383,0.000106057330607277,1.97317565714279e-05,4.55933874362936e-05,8.17371984663685e-05,0.000455905416389475,0.149581914917044,834.4
21,"VNIR_Plant_Spectrum_X835.54",0.176095643283388,0.000104353011188391,2.01253956698233e-05,4.47526729668819e-05,8.23011265277663e-05,0.000457390702453126,0.147199377946677,835.54
21,"VNIR_Plant_Spectrum_X836.68",0.17594652025653,0.000106183969602486,2.13787421246918e-05,4.8125080662365e-05,7.4336538460699e-05,0.00045963325727682,0.149627047436678,836.68
21,"VNIR_Plant_Spectrum_X837.82",0.175434765575688,0.000105989610668302,1.98384221378151e-05,4.51443447672208e-05,8.08367081654928e-05,0.000460219097894224,0.148855920460199,837.82
21,"VNIR_Plant_Spectrum_X838.96",0.175604755944006,0.000103444951424667,2.2133487339314e-05,4.99156964107438e-05,8.10699005654436e-05,0.00044895400287072,0.146622688242447,838.96
21,"VNIR_Plant_Spectrum_X840.11",0.175300751917477,0.000102147205036708,1.92666427769355e-05,5.18569961265227e-05,7.85332800657831e-05,0.000452550078029819,0.145022496836784,840.11
21,"VNIR_Plant_Spectrum_X841.25",0.175031292845253,0.000102046695860934,1.94103848647388e-05,4.25238932699143e-05,8.28420556749112e-05,0.000453661047553163,0.145680250528165,841.25
21,"VNIR_Plant_Spectrum_X842.39",0.175072621595778,0.000102459412788835,1.92070072840252e-05,5.11241423749157e-05,7.42589077235825e-05,0.000453248146247743,0.146308384302021,842.39
21,"VNIR_Plant_Spectrum_X843.53",0.174861947288992,0.000104267343519433,1.80952806304386e-05,4.9347933389739e-05,7.2299305395243e-05,0.000448037949318155,0.150664942036279,843.53
21,"VNIR_Plant_Spectrum_X844.67",0.174843200915538,0.000101719003676936,2.00846518619407e-05,4.4890955591132e-05,8.00346061073826e-05,0.000452510705732735,0.14547081814904,844.67
21,"VNIR_Plant_Spectrum_X845.81",0.174846786900495,0.000104228161760338,2.00420947827606e-05,4.04735942696957e-05,8.68757702691553e-05,0.00043987726306568,0.150728317292152,845.81
21,"VNIR_Plant_Spectrum_X846.95",0.174592827474357,9.97038939395823e-05,2.16598814874966e-05,4.15976387697424e-05,8.90218132861526e-05,0.000445876696912478,0.142870926462721,846.95
21,"VNIR_Plant_Spectrum_X848.09",0.174676010939693,9.82439038833449e-05,1.83083001345018e-05,4.18608242659493e-05,8.61604689201925e-05,0.000446918829729977,0.142075190217876,848.09
21,"VNIR_Plant_Spectrum_X849.24",0.174624800672011,9.93612501984399e-05,1.80917987106164e-05,4.3170225481999e-05,8.08049572329188e-05,0.000446527963100024,0.144429617700154,849.24
21,"VNIR_Plant_Spectrum_X850.38",0.174206787428693,9.9410350527164e-05,1.98187743700436e-05,4.63982377474012e-05,7.9863752891234e-05,0.000443262328387051,0.144333725521513,850.38
21,"VNIR_Plant_Spectrum_X851.52",0.17428625916021,0.000100019629719054,2.00345380942291e-05,4.77832936815141e-05,7.86498209309838e-05,0.000442156310431476,0.145241501927088,851.52
21,"VNIR_Plant_Spectrum_X852.66",0.174498344466261,0.000101956213492374,2.10832235866699e-05,3.69716785459077e-05,9.04248723627917e-05,0.000434583744389333,0.148836900126333,852.66
21,"VNIR_Plant_Spectrum_X853.8",0.173747852572665,0.000103807917458207,1.84432322277023e-05,3.66832571981002e-05,8.75136894897706e-05,0.000439207380562876,0.151399530741001,853.8
21,"VNIR_Plant_Spectrum_X854.94",0.173624834705882,9.51900881213521e-05,1.91151148204819e-05,4.02479647616818e-05,8.27716978186347e-05,0.000446470793088413,0.139208383268729,854.94
21,"VNIR_Plant_Spectrum_X856.08",0.173749440927181,0.000101402969509848,2.08580763626654e-05,4.28221560605346e-05,8.44307264193749e-05,0.000435006220048172,0.14813730428064,856.08
21,"VNIR_Plant_Spectrum_X857.22",0.173891311162741,9.78670486871098e-05,1.73047220760507e-05,4.96971819402971e-05,7.66235820009236e-05,0.000435748647098615,0.144508413423061,857.22
21,"VNIR_Plant_Spectrum_X858.36",0.173459578578818,9.82852354327795e-05,2.13594579619045e-05,4.31008982644666e-05,7.45958341274166e-05,0.000443382518207745,0.144383396970095,858.36
21,"VNIR_Plant_Spectrum_X859.5",0.173729110343541,9.67827147885613e-05,1.91915913167777e-05,4.59887274268309e-05,8.00249826368035e-05,0.000440097843148062,0.141892275681347,859.5
21,"VNIR_Plant_Spectrum_X860.65",0.173389314987883,9.44289579990201e-05,1.76596462914469e-05,4.6572846497629e-05,7.52212079046174e-05,0.000442396607975868,0.139630124200297,860.65
21,"VNIR_Plant_Spectrum_X861.79",0.173030668257564,9.72669419833766e-05,1.65021125067462e-05,3.80918675901897e-05,8.59031710870112e-05,0.000435647740364368,0.14443901508719,861.79
21,"VNIR_Plant_Spectrum_X862.93",0.172729563089721,9.8133868655127e-05,1.70951524811183e-05,4.37117486304916e-05,8.03476696400793e-05,0.000433998015064478,0.145753516951693,862.93
21,"VNIR_Plant_Spectrum_X864.07",0.172676683952002,9.22719851588333e-05,1.8609664753949e-05,4.54060815835177e-05,7.81732505251792e-05,0.000426995127372815,0.139498273352299,864.07
21,"VNIR_Plant_Spectrum_X865.21",0.172578142037676,9.96880658971392e-05,1.74286308503946e-05,3.9878462179953e-05,7.95094718542267e-05,0.000430298378449353,0.149501523714022,865.21
21,"VNIR_Plant_Spectrum_X866.35",0.172604521803823,9.60126081848652e-05,1.67714673949543e-05,4.17713716302255e-05,8.05484665232348e-05,0.000431062384642825,0.144127087213677,866.35
21,"VNIR_Plant_Spectrum_X867.49",0.172043732741215,9.53268695280412e-05,1.69158290749315e-05,4.14836319196688e-05,7.85925657048195e-05,0.00042838750143213,0.144280227746721,867.49
21,"VNIR_Plant_Spectrum_X868.64",0.172231265196808,0.00010069844623414,1.65488264137032e-05,3.85278728805591e-05,8.26344955405403e-05,0.000425294568045998,0.151721873767266,868.64
21,"VNIR_Plant_Spectrum_X869.78",0.172113396715089,9.58083370227173e-05,1.84514153640936e-05,4.34144875139496e-05,8.0773131273197e-05,0.000427609918619675,0.143843988333799,869.78
21,"VNIR_Plant_Spectrum_X870.92",0.172068215747522,9.35726914860881e-05,1.59312657586427e-05,3.96574313103286e-05,7.86478236163498e-05,0.000426469769178396,0.143016502368827,870.92
21,"VNIR_Plant_Spectrum_X872.06",0.171324168186227,9.23045241284909e-05,1.49888967543641e-05,4.11475308614652e-05,8.24965299572504e-05,0.000424019879352121,0.14093211194694,872.06
21,"VNIR_Plant_Spectrum_X873.2",0.170762799932447,9.41280199414095e-05,1.52518613884854e-05,4.01674695671223e-05,7.61218224668698e-05,0.000430946935898054,0.143353199249425,873.2
21,"VNIR_Plant_Spectrum_X874.34",0.170585366654462,9.35468693974358e-05,2.03678766785785e-05,4.47076167638531e-05,7.27340676076098e-05,0.000424784549781317,0.142571295218927,874.34
21,"VNIR_Plant_Spectrum_X875.48",0.170754731725897,9.46561710079251e-05,1.90467556509902e-05,4.09993493410755e-05,8.3242088107997e-05,0.000420974660656377,0.143653722916522,875.48
21,"VNIR_Plant_Spectrum_X876.62",0.170283487287254,9.75376448313081e-05,1.88525208625398e-05,3.60627455660876e-05,8.06358625138762e-05,0.000419134741866575,0.149546347980938,876.62
21,"VNIR_Plant_Spectrum_X877.77",0.170629869550097,9.13311946525444e-05,1.3712189460976e-05,4.29660675609805e-05,7.91994052366798e-05,0.000419127048549015,0.141306082303313,877.77
21,"VNIR_Plant_Spectrum_X878.91",0.169943642852848,9.41111440331783e-05,1.56627956803657e-05,3.65207838892906e-05,7.72690227033373e-05,0.000419519098391248,0.146343732863001,878.91
21,"VNIR_Plant_Spectrum_X880.05",0.169933540984014,9.28158870709687e-05,1.7521023260701e-05,4.55727746648939e-05,7.52669762533975e-05,0.00041824323860132,0.142921224145154,880.05
21,"VNIR_Plant_Spectrum_X881.19",0.169871446287257,9.28385054091983e-05,1.48157130231582e-05,4.11105664339818e-05,7.95413988929174e-05,0.000417556443918849,0.143743423803535,881.19
21,"VNIR_Plant_Spectrum_X882.33",0.169822362160266,9.6105636626357e-05,1.80620912940851e-05,3.69907980573507e-05,7.92585058298365e-05,0.000411301962068048,0.149762805127404,882.33
21,"VNIR_Plant_Spectrum_X883.47",0.169595844075443,9.49973428829198e-05,1.23564859687737e-05,3.33819179968647e-05,8.25880576032576e-05,0.000415335689267952,0.148744900556669,883.47
21,"VNIR_Plant_Spectrum_X884.61",0.169425692312846,9.23580331443465e-05,1.38873146393107e-05,3.95892006513826e-05,7.87945165464159e-05,0.000412019430574017,0.145069113944524,884.61
21,"VNIR_Plant_Spectrum_X885.75",0.169343282066212,9.09821922203909e-05,1.00483130133822e-05,4.07781821656152e-05,7.87098923990476e-05,0.000417215583766992,0.142664761303879,885.75
21,"VNIR_Plant_Spectrum_X886.9",0.169100105897773,9.03422851594182e-05,1.42941703485766e-05,3.72840248971828e-05,7.75441114791062e-05,0.000407962850905683,0.143988418418065,886.9
21,"VNIR_Plant_Spectrum_X888.04",0.16869724282833,9.17706379557361e-05,1.57316577160593e-05,3.99761987140568e-05,7.82196428124821e-05,0.000413532145128711,0.143564284253955,888.04
21,"VNIR_Plant_Spectrum_X889.18",0.168925236044616,8.85941870533006e-05,1.69838072803942e-05,3.76181978197574e-05,7.46081847757612e-05,0.000413552418561893,0.14032348695065,889.18
21,"VNIR_Plant_Spectrum_X890.32",0.168377365550198,9.21716668319027e-05,1.61629370991279e-05,3.79498600252788e-05,7.16093882864415e-05,0.000417037377341576,0.145167952901364,890.32
21,"VNIR_Plant_Spectrum_X891.46",0.168058789220632,9.33863104321857e-05,1.16015780698017e-05,2.58381246750121e-05,9.0540517220344e-05,0.000409974218594899,0.147917444868323,891.46
21,"VNIR_Plant_Spectrum_X892.6",0.167991655332351,8.77763951448348e-05,1.29322433665357e-05,3.93513634419244e-05,7.4504008625097e-05,0.000412745950130437,0.139925077940181,892.6
21,"VNIR_Plant_Spectrum_X893.74",0.167610081756895,9.15515682610645e-05,1.30267897229365e-05,3.44722383289192e-05,8.47931514114177e-05,0.000399895774845165,0.146778526850305,893.74
21,"VNIR_Plant_Spectrum_X894.88",0.167189461260942,9.02622566349365e-05,1.78066982968722e-05,2.87550544078105e-05,8.90175935226775e-05,0.000405965349338801,0.142863664795836,894.88
21,"VNIR_Plant_Spectrum_X896.02",0.167142339301027,8.92249032918675e-05,1.34518165753335e-05,4.36432517337322e-05,7.53032664165789e-05,0.000401740455483007,0.143134584548584,896.02
21,"VNIR_Plant_Spectrum_X897.17",0.166745386219619,9.38865963955855e-05,1.61418315175242e-05,2.88257838786548e-05,8.27404812452534e-05,0.000406950075949668,0.149371375004752,897.17
21,"VNIR_Plant_Spectrum_X898.31",0.166541449663565,8.62444381423223e-05,1.52266511213666e-05,3.60129851638044e-05,8.42485920886628e-05,0.000405116797711793,0.137583970417115,898.31
28,"VNIR_Plant_Spectrum_X351.44",0.221731035171804,3.18620716771093e-13,0.000180215676295881,0,0.000569245473740443,0.00114263229904296,1.68395866954924e-10,351.44
28,"VNIR_Plant_Spectrum_X352.58",0.226387055256758,5.94763448448656e-05,3.22024861243633e-05,0,0.000403803877462471,0.00131142346305899,0.0329161224767957,352.58
28,"VNIR_Plant_Spectrum_X353.72",0.223238312577717,0,0.00016226787456651,0,0.000387068415727939,0.0012943159017206,0,353.72
28,"VNIR_Plant_Spectrum_X354.86",0.21598316326969,9.79007910380731e-05,7.52068879644117e-06,0,0.000359670482008877,0.000908629340304736,0.0712668507687716,354.86
28,"VNIR_Plant_Spectrum_X356",0.211589453675116,5.61088202458145e-05,7.26708756351635e-05,0,0.000375849705118976,0.000961900287864518,0.0382595870181526,356
28,"VNIR_Plant_Spectrum_X357.15",0.214264002383428,1.79764186554983e-05,0.000253309068364027,0,0.000355699962565082,0.00108430790433547,0.0105045804182664,357.15
28,"VNIR_Plant_Spectrum_X358.29",0.204423134437353,2.03724698564612e-05,0.000185429721384,0,0.0001860918846729,0.00107305677086816,0.0139065893584207,358.29
28,"VNIR_Plant_Spectrum_X359.43",0.206348544965468,3.23812305208609e-06,5.80721759738493e-05,8.30541210846072e-05,0.000193290954119094,0.00131459789630804,0.00195982244963712,359.43
28,"VNIR_Plant_Spectrum_X360.57",0.207972571128323,9.62779871626224e-05,0.000214550369229309,0,0.000173217874505892,0.00103018153427358,0.0635822360262453,360.57
28,"VNIR_Plant_Spectrum_X361.72",0.207522410352918,0,2.48286065390746e-05,0,0.000261042120699091,0.000926515660151556,0,361.72
28,"VNIR_Plant_Spectrum_X362.86",0.196599914144995,1.77139109090492e-05,0.000330533921006257,7.34434720220699e-17,0.000340296333727967,0.00092808544604411,0.0109573094424265,362.86
28,"VNIR_Plant_Spectrum_X364",0.192700200809611,2.38598911169962e-05,0.0001091075063739,2.31582492408044e-19,0.000184597101075821,0.000927817393137711,0.0191586944341559,364
28,"VNIR_Plant_Spectrum_X365.14",0.216094481725968,0,0.000325749986133076,2.9111293756873e-17,0.000377882296257484,0.00123353118483589,0,365.14
28,"VNIR_Plant_Spectrum_X366.29",0.195245440483272,6.81212621685049e-05,0.000213035743194763,0,0.000429547552892102,0.00183119643424722,0.0267993373343142,366.29
28,"VNIR_Plant_Spectrum_X367.43",0.197602637369701,4.92792525914798e-05,0.000318994798319011,3.98222719354574e-17,0.000344313048469228,0.00128539476899967,0.0246645144139623,367.43
28,"VNIR_Plant_Spectrum_X368.57",0.184834684661227,2.44221541105886e-05,0.000122393845580979,0,0.000262368912020052,0.00090960786914038,0.0185185682430038,368.57
28,"VNIR_Plant_Spectrum_X369.71",0.178549709355747,4.90179016241436e-05,2.30782069238497e-05,1.13953488221181e-16,0.000120465049081976,0.000989125517555987,0.0414813018149885,369.71
28,"VNIR_Plant_Spectrum_X370.86",0.181366345433726,0.000212555459079193,0.000494838205957956,0,4.18381052712288e-05,0.00110037151506637,0.114919486118953,370.86
28,"VNIR_Plant_Spectrum_X372",0.172610184161953,1.95240872700224e-05,0.000204678999581599,1.23524634776543e-19,0.000151415816913269,0.000565051875222862,0.020755494596135,372
28,"VNIR_Plant_Spectrum_X373.14",0.16360412666424,2.59249315986853e-05,0.000273059478129126,0,0.000166515816986668,0.000529023381962808,0.0260676884615795,373.14
28,"VNIR_Plant_Spectrum_X374.28",0.159078093018484,1.3243862199024e-05,0.000233361861723475,0,0.000113136081133322,0.000673872145406357,0.0128131612321041,374.28
28,"VNIR_Plant_Spectrum_X375.43",0.154410181264692,3.81686620665398e-17,0.000273202083623121,8.7404287630844e-06,0.000210561792298257,0.000438413749756595,4.10010976631616e-14,375.43
28,"VNIR_Plant_Spectrum_X376.57",0.147507603545733,5.85753464846465e-06,0.000176636869150469,0,0.000159261363487481,0.000358320035987514,0.00836700057489729,376.57
28,"VNIR_Plant_Spectrum_X377.71",0.13742341400511,2.05007197381097e-05,7.80155386241835e-05,1.8963183223736e-05,4.37142052642161e-05,0.000383078037762234,0.0376663352470856,377.71
28,"VNIR_Plant_Spectrum_X378.85",0.124815027972836,1.72387467797763e-05,7.3603027303904e-05,0,0.000105241003926154,0.000284505246515327,0.0358701130699393,378.85
28,"VNIR_Plant_Spectrum_X380",0.118242373399998,6.88363695486838e-06,2.03894463405679e-05,0,7.82104599096131e-05,0.000274161975372646,0.0181317482178039,380
28,"VNIR_Plant_Spectrum_X381.14",0.117697522895577,1.38592244956789e-05,4.83108577406432e-05,0,0.000102931286067786,0.000355121096084249,0.0266409573680629,381.14
28,"VNIR_Plant_Spectrum_X382.28",0.11115908254972,0,2.49217342892937e-05,5.28973030058688e-18,1.52047156406808e-05,0.000316349710428232,0,382.28
28,"VNIR_Plant_Spectrum_X383.42",0.103435329122513,3.95972843897802e-06,0,3.31166814817419e-19,5.7285009689704e-05,0.000217579940330862,0.0142014991673434,383.42
28,"VNIR_Plant_Spectrum_X384.57",0.109655749509409,1.06746549363625e-05,8.25907429785152e-05,9.26535366723275e-19,4.78539775516307e-05,0.000251089240454891,0.0272167782731772,384.57
28,"VNIR_Plant_Spectrum_X385.71",0.0991898526558423,4.17694297913094e-06,7.11245710105637e-05,0,4.38824380229447e-05,0.000271680428317809,0.0106864252393621,385.71
28,"VNIR_Plant_Spectrum_X386.85",0.0960178368853905,5.67501452680998e-06,0.000151900332447762,0,1.21821200503039e-05,0.000252689147273589,0.01343368448161,386.85
28,"VNIR_Plant_Spectrum_X387.99",0.0890739031662692,8.94218498801766e-06,1.01616634296217e-05,0,4.08578384839345e-05,0.000142220840327013,0.0442282778368265,387.99
28,"VNIR_Plant_Spectrum_X389.14",0.0842119365887894,0,1.84676470296567e-05,0,2.91624962307998e-05,0.000124941106761055,0,389.14
28,"VNIR_Plant_Spectrum_X390.28",0.0832803727177353,3.48824831268254e-07,3.67725818410406e-05,0,3.24810490220256e-05,0.000128150520083502,0.00176394226127923,390.28
28,"VNIR_Plant_Spectrum_X391.42",0.079190174653628,2.51336499627953e-06,2.54001179724331e-05,0,1.58303639328588e-05,0.000113322465011908,0.0160019355243028,391.42
28,"VNIR_Plant_Spectrum_X392.56",0.0766799632445207,7.2247640573346e-06,2.5839320588833e-05,0,1.36386993996759e-05,0.000104313453778568,0.0478409749932648,392.56
28,"VNIR_Plant_Spectrum_X393.71",0.0764203798935197,2.44616055844035e-06,2.90848876691922e-06,5.00415104270193e-18,1.87496941814916e-05,9.01070046709466e-05,0.0214178415496172,393.71
28,"VNIR_Plant_Spectrum_X394.85",0.070211574236934,0,2.41591602072712e-05,8.94934910799772e-06,8.35150231595294e-18,0.000121800539423459,0,394.85
28,"VNIR_Plant_Spectrum_X395.99",0.069913373874219,3.80513806006812e-06,1.38576703017221e-05,0,1.83084340651619e-05,7.95646418791499e-05,0.0329346859023188,395.99
28,"VNIR_Plant_Spectrum_X397.13",0.0668165898099826,1.7921559590981e-06,2.41708031700833e-05,0,1.95810080937231e-05,6.70178715773111e-05,0.0159215234772325,397.13
28,"VNIR_Plant_Spectrum_X398.28",0.0647555499684627,8.63773839921634e-06,1.46643381766597e-06,0,0,8.72325688406438e-05,0.0887407807716864,398.28
28,"VNIR_Plant_Spectrum_X399.42",0.0640772770355133,1.5629519151648e-06,2.70349347219008e-05,0,1.21033531488798e-05,7.85393041425353e-05,0.0131075543910823,399.42
28,"VNIR_Plant_Spectrum_X400.56",0.060533678512973,3.10140477573503e-06,1.6875387718856e-06,0,7.77572750386979e-06,6.26664786529507e-05,0.0412250083631508,400.56
28,"VNIR_Plant_Spectrum_X401.7",0.0591651128041547,2.4242952991322e-06,9.56931836697549e-06,0,1.41888038708216e-05,5.43228516329721e-05,0.0301134984595341,401.7
28,"VNIR_Plant_Spectrum_X402.85",0.0577985829066073,4.09680654748289e-07,2.05034592961553e-05,4.86624801695561e-18,9.85056728981348e-06,5.1307066492475e-05,0.00499179715400412,402.85
28,"VNIR_Plant_Spectrum_X403.99",0.0572961776787078,5.91001650280128e-06,8.39832877567347e-06,0,9.07894077672513e-07,7.11307712572329e-05,0.068444946279188,403.99
28,"VNIR_Plant_Spectrum_X405.13",0.0551985875474217,3.87874514907622e-06,6.24602946439204e-06,0,7.73996068911944e-06,4.35492381484473e-05,0.0631573717041566,405.13
28,"VNIR_Plant_Spectrum_X406.27",0.0532136743392252,3.97644668751516e-06,1.54276632781452e-05,0,9.93338809933142e-06,3.62783586545798e-05,0.0606019167670043,406.27
28,"VNIR_Plant_Spectrum_X407.41",0.051883782193794,3.20424225323563e-06,8.01109245354621e-07,0,1.01409231107374e-05,3.83187956454101e-05,0.0610738199277696,407.41
28,"VNIR_Plant_Spectrum_X408.55",0.0512893268396729,4.28391337548386e-06,1.8311445674013e-05,0,8.31063194570567e-06,3.08055754611852e-05,0.0694183217421866,408.55
28,"VNIR_Plant_Spectrum_X409.7",0.0484715657698967,1.1542549972003e-06,5.02215575068524e-06,1.74729998703724e-20,9.9993828207718e-06,2.87287089376952e-05,0.0257046606192109,409.7
28,"VNIR_Plant_Spectrum_X410.84",0.0480881454484021,3.6365213871926e-06,1.00962450752218e-05,3.62125934195159e-18,3.65358968668852e-06,3.57047689804805e-05,0.0684958432942686,410.84
28,"VNIR_Plant_Spectrum_X411.98",0.0477534405527812,3.95143793670747e-06,8.4368319191825e-06,2.70442626436663e-18,5.82699470007699e-07,3.93739983410625e-05,0.0754884015183257,411.98
28,"VNIR_Plant_Spectrum_X413.12",0.0463283255887262,2.52884443295814e-06,9.62593588186088e-07,7.8546512923434e-06,1.31102301288802e-06,3.26688348281323e-05,0.0557924233626662,413.12
28,"VNIR_Plant_Spectrum_X414.26",0.0449857519562232,6.11051476467795e-06,6.16044821923449e-06,9.43419999731218e-07,1.02944866633486e-06,2.67822995122947e-05,0.14894201796676,414.26
28,"VNIR_Plant_Spectrum_X415.4",0.0462613423903556,4.76025242734605e-06,1.1296891950755e-05,0,5.50367427512282e-06,3.31662145442851e-05,0.0869817373466305,415.4
28,"VNIR_Plant_Spectrum_X416.54",0.0453426534692714,6.90960654741897e-06,5.69521574964436e-06,0,2.6210666965471e-06,2.63626948447537e-05,0.166141905054364,416.54
28,"VNIR_Plant_Spectrum_X417.68",0.0429090579775611,7.26998291136513e-06,1.25323684041518e-05,8.72626794606865e-07,1.34514665885403e-06,2.30556893258958e-05,0.161283452275839,417.68
28,"VNIR_Plant_Spectrum_X418.83",0.0420983211998511,6.11081054801978e-06,8.34411729418762e-06,2.11056213954041e-06,2.16015820695498e-06,2.4474430580793e-05,0.141453689948702,418.83
28,"VNIR_Plant_Spectrum_X419.97",0.0430554269635776,7.47736600832302e-06,1.30732472462047e-05,8.94551177648179e-07,0,3.15966819310016e-05,0.140971073237638,419.97
28,"VNIR_Plant_Spectrum_X421.11",0.0427843189426411,7.75651560672271e-06,1.29131456830726e-05,3.67628145178546e-06,1.74210439838929e-06,2.06656027569656e-05,0.165901819939647,421.11
28,"VNIR_Plant_Spectrum_X422.25",0.04090543960277,1.0679944213015e-05,5.83708179759657e-06,1.4070112886938e-06,0,2.59247117564025e-05,0.243563258770429,422.25
28,"VNIR_Plant_Spectrum_X423.39",0.0411672723226422,8.08007241241002e-06,2.8490200044536e-06,1.88922061810693e-06,9.17144213018892e-07,2.21439171808672e-05,0.225201039344529,423.39
28,"VNIR_Plant_Spectrum_X424.53",0.0409718723872458,9.25451946270822e-06,1.00395105396803e-05,3.53177220782128e-06,1.68827841186414e-19,2.02261926456213e-05,0.21496145518225,424.53
28,"VNIR_Plant_Spectrum_X425.67",0.0405859950866214,7.28001104376682e-06,2.42782432188659e-06,3.69077595729769e-06,0,2.01108679623378e-05,0.217252287980579,425.67
28,"VNIR_Plant_Spectrum_X426.81",0.040243003924704,1.06649896010883e-05,4.27766910550102e-07,4.96837687919667e-07,0,2.05081814284072e-05,0.33226569107787,426.81
28,"VNIR_Plant_Spectrum_X427.96",0.0401593234168429,8.74098731057661e-06,6.42909737066509e-06,1.59175000827532e-06,2.66266938081359e-06,1.4079096030983e-05,0.260896956868641,427.96
28,"VNIR_Plant_Spectrum_X429.1",0.0383950087421329,1.21103442831246e-05,2.86600041780712e-06,1.85809366879543e-06,1.70670575532048e-07,2.08266898256704e-05,0.320110189749432,429.1
28,"VNIR_Plant_Spectrum_X430.24",0.0399260408365299,1.02707132179952e-05,3.5063760811542e-07,1.69798908719754e-06,2.04657661724414e-06,1.83368190578323e-05,0.314062815639287,430.24
28,"VNIR_Plant_Spectrum_X431.38",0.0396485963759084,1.08341682999437e-05,1.62484375758419e-06,3.28631420032687e-06,2.55925189586708e-06,1.55120271660311e-05,0.320380126789817,431.38
28,"VNIR_Plant_Spectrum_X432.52",0.0385825118484206,1.03929512263298e-05,6.86926812005248e-06,2.48804142232633e-06,1.05534131324599e-06,1.79126731872019e-05,0.2684249531799,432.52
28,"VNIR_Plant_Spectrum_X433.66",0.0382755200064423,1.16405397128888e-05,5.96824957609815e-07,3.11386434798856e-06,8.0704240898142e-20,1.56035490838587e-05,0.376049851638464,433.66
28,"VNIR_Plant_Spectrum_X434.8",0.038566008226508,1.23485010488646e-05,2.49332708006924e-06,2.8880497851415e-06,1.85173550692999e-08,1.96684028626236e-05,0.330025594530502,434.8
28,"VNIR_Plant_Spectrum_X435.94",0.0386697760967714,1.12200058048865e-05,1.99015822313468e-06,4.25554012463379e-06,1.5023161560355e-14,1.79822872225193e-05,0.316520213554023,435.94
28,"VNIR_Plant_Spectrum_X437.09",0.0385973402540076,1.22468071175973e-05,5.2080461769836e-06,3.28870366151622e-06,1.71448615280444e-06,1.83398998499799e-05,0.300181975594709,437.09
28,"VNIR_Plant_Spectrum_X438.23",0.0390583825913634,1.37080452582785e-05,5.06087522653807e-06,3.74659271629981e-06,1.45269023834704e-06,1.57613134022109e-05,0.345034280505002,438.23
28,"VNIR_Plant_Spectrum_X439.37",0.0380655178181489,1.36013506622042e-05,3.22462550407658e-06,1.86092413682361e-06,1.36515351818871e-06,1.85550101871893e-05,0.352302124274869,439.37
28,"VNIR_Plant_Spectrum_X440.52",0.0386090205362302,1.19881142261829e-05,9.13647066753871e-06,6.18905779172116e-06,1.63094593689554e-07,1.66788161888321e-05,0.271497315391606,440.52
28,"VNIR_Plant_Spectrum_X441.66",0.0387835776009634,1.21310532820256e-05,5.44287143230425e-06,4.69295939415612e-06,7.78986199805737e-19,2.18360389214046e-05,0.275062341645781,441.66
28,"VNIR_Plant_Spectrum_X442.8",0.038526893499773,1.38362220127998e-05,6.00949840466975e-06,1.97964100997881e-06,1.00881053706987e-06,1.97301143178757e-05,0.325066463490143,442.8
28,"VNIR_Plant_Spectrum_X443.95",0.0389470397724862,1.55477919565078e-05,6.8191676165098e-06,3.77434311189716e-06,6.93426184387579e-07,1.63589452890195e-05,0.359955300387715,443.95
28,"VNIR_Plant_Spectrum_X445.09",0.0390681519166108,1.42907367717807e-05,4.84618412886173e-06,3.0731283450859e-06,1.65368032391274e-06,1.77215357058029e-05,0.343649046774733,445.09
28,"VNIR_Plant_Spectrum_X446.23",0.0379829496202617,1.39598221430882e-05,4.68487883595273e-06,4.31801393166541e-06,1.69361578582558e-06,1.65741811680498e-05,0.338579889304748,446.23
28,"VNIR_Plant_Spectrum_X447.37",0.038421566477909,1.49917873379115e-05,7.22042095798079e-06,3.83085001560098e-06,1.00414077817226e-06,1.68758835871927e-05,0.341319106589261,447.37
28,"VNIR_Plant_Spectrum_X448.52",0.0377944860366901,1.57432889876651e-05,4.55996734241183e-06,2.47731579348349e-06,1.551953503126e-06,1.81839635471059e-05,0.370286665093915,448.52
28,"VNIR_Plant_Spectrum_X449.66",0.0372508096814285,1.27691952882977e-05,4.67547535734239e-06,6.43769969860678e-06,9.07553854021232e-07,1.81656928495327e-05,0.297264855352635,449.66
28,"VNIR_Plant_Spectrum_X450.8",0.0368305568072443,1.50515597589971e-05,2.24080614999011e-06,3.96716987375753e-06,1.20002980909649e-06,1.79544616253357e-05,0.372434048161372,450.8
28,"VNIR_Plant_Spectrum_X451.95",0.0371326137321616,1.58471087742873e-05,5.37578602012038e-06,4.32020729172359e-06,1.18649784405527e-06,1.94105264936533e-05,0.343456119489507,451.95
28,"VNIR_Plant_Spectrum_X453.09",0.0372316102599584,1.71954793831304e-05,3.21359022820835e-06,3.33879189785746e-06,6.95364131506249e-19,2.10886967623272e-05,0.383514704206263,453.09
28,"VNIR_Plant_Spectrum_X454.23",0.0370733129454589,1.54654631633707e-05,3.66353443494989e-06,3.87076637624258e-06,9.39322884296112e-07,1.76138259003491e-05,0.372187221940138,454.23
28,"VNIR_Plant_Spectrum_X455.38",0.0378507150627255,1.69297259471218e-05,3.6683836161054e-06,3.94219964639913e-06,0,1.8738685570653e-05,0.391176505671431,455.38
28,"VNIR_Plant_Spectrum_X456.52",0.03799472636175,1.56956473509254e-05,3.44851706940733e-06,3.58697892961008e-06,2.1691714919465e-06,1.65409476880966e-05,0.378744429892029,456.52
28,"VNIR_Plant_Spectrum_X457.66",0.0379908864608915,1.48354990894642e-05,6.32239171212529e-06,4.35850408726528e-06,9.9759461698717e-07,1.78074995586266e-05,0.334724744195417,457.66
28,"VNIR_Plant_Spectrum_X458.8",0.0377578094507454,1.69132662120182e-05,4.20168430708073e-06,4.92961094178714e-06,0,1.86362812264194e-05,0.378535076663259,458.8
28,"VNIR_Plant_Spectrum_X459.95",0.037468143988223,1.68431845754049e-05,3.88902884281909e-06,4.80452007707677e-06,7.40486923289943e-19,1.85045246551419e-05,0.38244104012354,459.95
28,"VNIR_Plant_Spectrum_X461.09",0.0377701360014959,1.56175685184114e-05,4.7226952111321e-06,3.05524466897157e-06,1.9710677116098e-06,1.74924381601821e-05,0.364394020355046,461.09
28,"VNIR_Plant_Spectrum_X462.23",0.0376547731196432,1.62265691436625e-05,3.07071216095585e-06,3.12263796819732e-06,1.72318070018086e-06,1.72503718110293e-05,0.392007928890964,462.23
28,"VNIR_Plant_Spectrum_X463.38",0.037768088892778,1.61193207426605e-05,3.68204825003654e-06,3.16920208333688e-06,1.33514102447283e-06,1.9866678750642e-05,0.364918457707645,463.38
28,"VNIR_Plant_Spectrum_X464.52",0.0373457821016787,1.66124104089144e-05,4.23327971725128e-06,3.06395389227228e-06,2.14716990328133e-06,1.66060182560175e-05,0.389388363616034,464.52
28,"VNIR_Plant_Spectrum_X465.66",0.037241834712091,1.6921623634072e-05,5.57882449026454e-06,5.15345399678604e-06,1.16673844227402e-06,1.62820899504145e-05,0.375179583171586,465.66
28,"VNIR_Plant_Spectrum_X466.81",0.0373488019878087,1.5543979371529e-05,3.69986665519139e-06,3.34959358757565e-06,1.34742721280094e-06,1.79077981360374e-05,0.371433100320454,466.81
28,"VNIR_Plant_Spectrum_X467.95",0.03733577792161,1.56471909007263e-05,4.07609281526541e-06,4.14384677744069e-06,1.54076217074722e-06,1.64290437823885e-05,0.374004222816602,467.95
28,"VNIR_Plant_Spectrum_X469.09",0.0370714953805588,1.59187252374635e-05,4.70496474682988e-06,3.74596152540249e-06,1.68005712628241e-06,1.6307319317399e-05,0.375822525956858,469.09
28,"VNIR_Plant_Spectrum_X470.23",0.0370496592275064,1.56712222458022e-05,3.01583536835729e-06,4.00852184748691e-06,1.66921698174777e-06,1.67021288596139e-05,0.381602034488185,470.23
28,"VNIR_Plant_Spectrum_X471.38",0.0371199069500544,1.56546083230005e-05,5.78756360429533e-06,3.69449365455692e-06,1.8145225317187e-06,1.664122283786e-05,0.359113157114482,471.38
28,"VNIR_Plant_Spectrum_X472.52",0.0368965733567521,1.58170628822088e-05,3.92019908734699e-06,3.96260648144287e-06,1.1724101500913e-06,1.73000144744936e-05,0.375058165650623,472.52
28,"VNIR_Plant_Spectrum_X473.66",0.0368288180418017,1.5718762260357e-05,3.92126497911978e-06,3.59483697192739e-06,1.85215380619967e-06,1.68252918743512e-05,0.375039273685418,473.66
28,"VNIR_Plant_Spectrum_X474.81",0.0367036809302636,1.58991296450066e-05,4.97579476203474e-06,2.96111502115639e-06,2.08534453669711e-06,1.75731141635564e-05,0.36554346708524,474.81
28,"VNIR_Plant_Spectrum_X475.95",0.0370033935390207,1.55319938929481e-05,4.6790852307253e-06,3.64564081186175e-06,1.73744555914718e-06,1.61290399755332e-05,0.372262718501717,475.95
28,"VNIR_Plant_Spectrum_X477.09",0.0370059607525065,1.58781116876822e-05,3.32160259163142e-06,3.16457260987539e-06,2.05822056150566e-06,1.58586673967449e-05,0.394181941013854,477.09
28,"VNIR_Plant_Spectrum_X478.24",0.0367194093137319,1.68451393713712e-05,3.96692436775829e-06,3.17851764449519e-06,1.78030248357071e-06,1.57900276514939e-05,0.405312077041338,478.24
28,"VNIR_Plant_Spectrum_X479.38",0.0365782116417588,1.57568044397465e-05,4.38991403851302e-06,4.25070283871781e-06,1.3015257071408e-06,1.58048794151454e-05,0.379647029962525,479.38
28,"VNIR_Plant_Spectrum_X480.52",0.0366982098665312,1.62366802598049e-05,1.86142556873697e-06,3.22575748560954e-06,1.70868871036463e-06,1.56853312446007e-05,0.419358675859123,480.52
28,"VNIR_Plant_Spectrum_X481.66",0.0367729140374094,1.5947641924339e-05,3.82556722240597e-06,3.42587218249286e-06,1.73027589641449e-06,1.53928102401055e-05,0.395505572409568,481.66
28,"VNIR_Plant_Spectrum_X482.81",0.036623158813267,1.64888840557953e-05,3.94028582101814e-06,3.59386569984261e-06,1.45804997997683e-06,1.53190072446612e-05,0.40413839586346,482.81
28,"VNIR_Plant_Spectrum_X483.95",0.0364935128101781,1.60071323676652e-05,3.54152140220035e-06,3.0335503003781e-06,1.88895776811773e-06,1.45522153384618e-05,0.410193415478458,483.95
28,"VNIR_Plant_Spectrum_X485.09",0.0361789343869835,1.55120300821388e-05,3.74148044138434e-06,3.12412086894307e-06,1.97152648419109e-06,1.46902517597404e-05,0.397342844746209,485.09
28,"VNIR_Plant_Spectrum_X486.24",0.0364283735109655,1.5558119406245e-05,3.7579701663575e-06,2.44497248017962e-06,2.79399356874067e-06,1.53840160725189e-05,0.389546345128648,486.24
28,"VNIR_Plant_Spectrum_X487.38",0.0362417577374514,1.54509398391637e-05,4.6416281071817e-06,3.4162283793036e-06,1.56846708948447e-06,1.46284964155332e-05,0.38913598190936,487.38
28,"VNIR_Plant_Spectrum_X488.52",0.0365268642780877,1.57022684996594e-05,3.80078655503634e-06,2.68141339724508e-06,2.40109377563024e-06,1.43856027693644e-05,0.40292017189874,488.52
28,"VNIR_Plant_Spectrum_X489.67",0.0364741336822277,1.52180610790097e-05,3.15257324997481e-06,3.24781831547329e-06,1.77001466287678e-06,1.47538020941067e-05,0.398981531980754,489.67
28,"VNIR_Plant_Spectrum_X490.81",0.0366718022603806,1.50386605502642e-05,3.53224086209778e-06,2.79992478626546e-06,2.36967377139109e-06,1.46617743414628e-05,0.391608591415328,490.81
28,"VNIR_Plant_Spectrum_X491.95",0.0367457844474012,1.45127876111136e-05,3.68152830476385e-06,3.49439759860943e-06,1.75124504569154e-06,1.44387081702034e-05,0.383138818333147,491.95
28,"VNIR_Plant_Spectrum_X493.09",0.0368128364594363,1.46043902443428e-05,3.88787844286757e-06,2.77117966454639e-06,2.13151398825023e-06,1.50520189787545e-05,0.37985791714722,493.09
28,"VNIR_Plant_Spectrum_X494.24",0.0371642850429319,1.47595859712046e-05,3.80831884235342e-06,3.47490352254546e-06,1.63120479225562e-06,1.41363611721017e-05,0.390358102618009,494.24
28,"VNIR_Plant_Spectrum_X495.38",0.0373275627593647,1.52219492593972e-05,3.08374469329455e-06,2.56144150562589e-06,2.12986013484032e-06,1.41448993206994e-05,0.409832328013991,495.38
28,"VNIR_Plant_Spectrum_X496.52",0.0375005413976032,1.51427652043824e-05,3.65827420607234e-06,3.10477031563967e-06,1.71125045630116e-06,1.48592579492291e-05,0.393560661198925,496.52
28,"VNIR_Plant_Spectrum_X497.67",0.0377828190146585,1.50424052502836e-05,4.00476703047391e-06,2.89974183794665e-06,2.32467228583262e-06,1.41554431735376e-05,0.391453760945042,497.67
28,"VNIR_Plant_Spectrum_X498.81",0.0378999576587794,1.52437354333639e-05,3.33531056065953e-06,2.98006550147734e-06,2.48062118038775e-06,1.42294807603689e-05,0.398328945504835,498.81
28,"VNIR_Plant_Spectrum_X499.95",0.0381984077025174,1.62573069362569e-05,4.05268798304217e-06,2.75376448687203e-06,1.9456929459653e-06,1.50508351641846e-05,0.405821024864924,499.95
28,"VNIR_Plant_Spectrum_X501.1",0.0385743092995849,1.62465053490795e-05,3.8708331896397e-06,3.00549227293908e-06,2.29173580115445e-06,1.42716708337832e-05,0.40937378785131,501.1
28,"VNIR_Plant_Spectrum_X502.24",0.0387846715012189,1.7049745573669e-05,3.82783769180088e-06,2.54694796569951e-06,2.96605175374971e-06,1.43873487699622e-05,0.418112072876969,502.24
28,"VNIR_Plant_Spectrum_X503.38",0.0392448379542411,1.67581717283359e-05,4.37802694760215e-06,2.83426416212386e-06,2.65420811805493e-06,1.52288069478708e-05,0.400400936017297,503.38
28,"VNIR_Plant_Spectrum_X504.52",0.039691584784202,1.79521622858424e-05,4.31947428417301e-06,2.18563236608304e-06,3.1119316913495e-06,1.50781655876601e-05,0.420944219516251,504.52
28,"VNIR_Plant_Spectrum_X505.67",0.0402672575857477,1.78525901436731e-05,3.9445699971521e-06,3.03479608168758e-06,2.88902465053442e-06,1.50798780214205e-05,0.417108221769369,505.67
28,"VNIR_Plant_Spectrum_X506.81",0.041039350595027,1.86722801510003e-05,4.5461679213577e-06,2.31960604670183e-06,3.44684331926537e-06,1.55962544155534e-05,0.418837992616285,506.81
28,"VNIR_Plant_Spectrum_X507.95",0.0417516837183515,1.88837969692317e-05,4.30968489500272e-06,2.61717730064891e-06,3.42510815864078e-06,1.59712866934019e-05,0.417717928758671,507.95
28,"VNIR_Plant_Spectrum_X509.1",0.0427548071365963,2.00105789880545e-05,4.04056916860879e-06,3.18088297507716e-06,3.13589083680894e-06,1.68255536608348e-05,0.42401155501239,509.1
28,"VNIR_Plant_Spectrum_X510.24",0.0440129080748499,2.05227736481266e-05,4.58855893728114e-06,2.99557187073992e-06,3.47993031683992e-06,1.71884782606146e-05,0.420761495348848,510.24
28,"VNIR_Plant_Spectrum_X511.38",0.045219754448013,2.15472925709152e-05,4.7942674284741e-06,2.88066501415177e-06,3.72506243196416e-06,1.85305363225091e-05,0.418574271282687,511.38
28,"VNIR_Plant_Spectrum_X512.53",0.0464183123270222,2.31298194251561e-05,4.58539731272607e-06,3.29319502412629e-06,3.53423709668936e-06,1.90987685791699e-05,0.431193292980133,512.53
28,"VNIR_Plant_Spectrum_X513.67",0.0479272849803841,2.4394972090619e-05,4.62410135457099e-06,2.95766994476797e-06,4.15611732207463e-06,1.96435285792905e-05,0.437370944956705,513.67
28,"VNIR_Plant_Spectrum_X514.81",0.0491656491800539,2.58286971880756e-05,5.83652120854904e-06,2.69752542588377e-06,5.09988051586791e-06,2.03210978643791e-05,0.432035614986937,514.81
28,"VNIR_Plant_Spectrum_X515.95",0.0508719459923721,2.73339260542902e-05,5.6577026981772e-06,3.29068772446168e-06,4.19876812119582e-06,2.25365141668385e-05,0.433750675842752,515.95
28,"VNIR_Plant_Spectrum_X517.1",0.0525548414344951,2.93965466277191e-05,4.70629742620594e-06,3.28323463242426e-06,5.01472552461492e-06,2.36066534944321e-05,0.44535189885545,517.1
28,"VNIR_Plant_Spectrum_X518.24",0.0542712668449851,3.07070695873277e-05,5.74158968460448e-06,4.23172330439355e-06,4.94701191105978e-06,2.49641460076419e-05,0.434996451019379,518.24
28,"VNIR_Plant_Spectrum_X519.38",0.0562146231491484,3.3862448912369e-05,7.12116258852362e-06,2.92545046074527e-06,5.89430547562858e-06,2.68990378611803e-05,0.44147831845183,519.38
28,"VNIR_Plant_Spectrum_X520.53",0.0579542454824176,3.63220058138527e-05,7.00451225344267e-06,3.54160215419138e-06,5.57953141434273e-06,2.89816696382287e-05,0.446055612960441,520.53
28,"VNIR_Plant_Spectrum_X521.67",0.0598094120354855,3.83904486484976e-05,7.27345582802377e-06,4.05452793774582e-06,6.44355969177501e-06,3.01822049810134e-05,0.444621062487741,521.67
28,"VNIR_Plant_Spectrum_X522.81",0.0613101883229122,4.06292957254506e-05,7.45390284376126e-06,4.2385845452559e-06,6.59249603521416e-06,3.1918607725415e-05,0.447297197339103,522.81
28,"VNIR_Plant_Spectrum_X523.96",0.0628889898855969,4.2976513251115e-05,6.41505148162813e-06,4.18530721086666e-06,6.65953953829728e-06,3.35575780816478e-05,0.458201143283217,523.96
28,"VNIR_Plant_Spectrum_X525.1",0.0645800900662838,4.5170430888557e-05,9.32516609134173e-06,4.67775775929449e-06,6.45480627002889e-06,3.5825051057085e-05,0.445234113031679,525.1
28,"VNIR_Plant_Spectrum_X526.24",0.0660692315718268,4.7658281439426e-05,8.06421371304045e-06,4.30487103174385e-06,7.29076737308618e-06,3.70130003019714e-05,0.456798269859812,526.24
28,"VNIR_Plant_Spectrum_X527.38",0.0673462007160376,5.00951933710317e-05,8.82324790024681e-06,5.73541871452749e-06,6.40766526119995e-06,3.91062956431795e-05,0.4547171121862,527.38
28,"VNIR_Plant_Spectrum_X528.53",0.0685087724050679,5.24768319575859e-05,8.9894916997479e-06,5.79563193857587e-06,6.76501071225847e-06,4.03224155270045e-05,0.458916621282903,528.53
28,"VNIR_Plant_Spectrum_X529.67",0.0696613886221888,5.43166196526756e-05,9.86541597546825e-06,6.34713797279845e-06,6.7326238173589e-06,4.16696653793929e-05,0.456705218072275,529.67
28,"VNIR_Plant_Spectrum_X530.81",0.0708250391652963,5.59244841113907e-05,1.03920776105844e-05,5.50283554513526e-06,7.61161311478634e-06,4.32008906578007e-05,0.456035367936499,530.81
28,"VNIR_Plant_Spectrum_X531.96",0.0715502846433084,5.73226487625251e-05,9.87964088204994e-06,6.55726893350462e-06,7.19459907432726e-06,4.44600925041916e-05,0.457066471241898,531.96
28,"VNIR_Plant_Spectrum_X533.1",0.072167996743313,5.83253620389257e-05,1.04387689692986e-05,6.7273373784104e-06,7.39455456682161e-06,4.52172136707061e-05,0.455299675292705,533.1
28,"VNIR_Plant_Spectrum_X534.24",0.0728213731760989,6.00104398304729e-05,1.03179346197936e-05,6.57824923568346e-06,7.30428425022575e-06,4.6298820508908e-05,0.459815835535389,534.24
28,"VNIR_Plant_Spectrum_X535.39",0.073218863072471,6.10781806738911e-05,1.0703085519535e-05,7.33349441145892e-06,6.66208934360451e-06,4.7134528886724e-05,0.459540644368886,535.39
28,"VNIR_Plant_Spectrum_X536.53",0.0737668359885934,6.15596553538839e-05,1.03566701723688e-05,6.59434328978486e-06,7.37696075057605e-06,4.78318161846637e-05,0.460364272436388,536.53
28,"VNIR_Plant_Spectrum_X537.67",0.0738513511785849,6.2973925967474e-05,1.01898732350849e-05,6.94964224571832e-06,7.6319686513734e-06,4.80162098229965e-05,0.463856618706779,537.67
28,"VNIR_Plant_Spectrum_X538.81",0.0743000791111339,6.44629609388256e-05,1.15078344541575e-05,6.93892220585901e-06,7.22665220841036e-06,4.89043055522127e-05,0.463626638551402,538.81
28,"VNIR_Plant_Spectrum_X539.96",0.074414718872267,6.42808433110043e-05,1.13341969631921e-05,7.01286503092455e-06,7.1015279834143e-06,4.92195378602223e-05,0.462621945161334,539.96
28,"VNIR_Plant_Spectrum_X541.1",0.0746472466399158,6.45771724628167e-05,1.13520155535806e-05,7.35883465496665e-06,7.38535482690181e-06,4.92972524687943e-05,0.461362304920782,541.1
28,"VNIR_Plant_Spectrum_X542.24",0.0746733404245248,6.48173427703414e-05,1.16270437282835e-05,7.78143600063737e-06,6.63140046467214e-06,5.00984502354641e-05,0.45984202905157,542.24
28,"VNIR_Plant_Spectrum_X543.39",0.0749179446904123,6.61375089453898e-05,1.09410989843928e-05,7.2380877202763e-06,7.24280199487637e-06,5.05231882090779e-05,0.465486055164699,543.39
28,"VNIR_Plant_Spectrum_X544.53",0.0751177344007923,6.70640054054916e-05,1.1832184977077e-05,7.10030742621482e-06,6.59340881273631e-06,5.11487735742185e-05,0.46656895217186,544.53
28,"VNIR_Plant_Spectrum_X545.67",0.0753582438951065,6.7014278505758e-05,1.12714292191673e-05,7.70079244118606e-06,6.83391635040165e-06,5.11454840382403e-05,0.46548716222055,545.67
28,"VNIR_Plant_Spectrum_X546.82",0.0754750518831889,6.78431970266123e-05,1.14916830768476e-05,7.15074537553323e-06,7.83131216031266e-06,5.14065283668512e-05,0.465561236539253,546.82
28,"VNIR_Plant_Spectrum_X547.96",0.0757048631402773,6.83368623429813e-05,1.08141597336963e-05,8.06889070685354e-06,6.70235009773317e-06,5.19961982351095e-05,0.468322252168496,547.96
28,"VNIR_Plant_Spectrum_X549.1",0.0759152849876397,6.91860454856582e-05,1.17238148094146e-05,7.44813811639697e-06,7.50680372039118e-06,5.2071026600199e-05,0.467676059806765,549.1
28,"VNIR_Plant_Spectrum_X550.24",0.0759470155293887,6.87253348045669e-05,1.10577269874915e-05,7.34049968930712e-06,7.73981316108332e-06,5.26274103748005e-05,0.465963584074282,550.24
28,"VNIR_Plant_Spectrum_X551.38",0.0759011725584934,6.99174416079522e-05,1.13282615178142e-05,7.82223224913794e-06,6.78694697278419e-06,5.26420587285548e-05,0.470834221238633,551.38
28,"VNIR_Plant_Spectrum_X552.52",0.075702935888336,6.93361814882384e-05,1.03115103342906e-05,7.54528194471637e-06,6.68204698075489e-06,5.17857063334589e-05,0.476011502053418,552.52
28,"VNIR_Plant_Spectrum_X553.66",0.0754265924111054,6.84688341033465e-05,1.17345167048979e-05,7.37898138004417e-06,6.23285557273145e-06,5.20666462665287e-05,0.469344483908919,553.66
28,"VNIR_Plant_Spectrum_X554.8",0.0750019377900912,6.80124053293634e-05,1.10038564605573e-05,7.44326690013906e-06,6.29851200489785e-06,5.14514487815155e-05,0.471622259923881,554.8
28,"VNIR_Plant_Spectrum_X555.95",0.0744910907227945,6.6598879111271e-05,1.23910521022321e-05,7.03765887619691e-06,6.8492917084969e-06,5.07864227663327e-05,0.463576132493573,555.95
28,"VNIR_Plant_Spectrum_X557.09",0.073865593365944,6.56709944290914e-05,1.17502227033546e-05,7.53160348019084e-06,6.47902252675573e-06,4.99530358376244e-05,0.464483860680509,557.09
28,"VNIR_Plant_Spectrum_X558.23",0.0731241631874624,6.43934986682223e-05,1.12003799336197e-05,7.1785543810983e-06,6.29895578338776e-06,4.89424989767395e-05,0.466572601650784,558.23
28,"VNIR_Plant_Spectrum_X559.37",0.0723637995892958,6.26298119854514e-05,1.14998701464065e-05,7.36055060914798e-06,5.87048017621754e-06,4.83592564729884e-05,0.461463499195044,559.37
28,"VNIR_Plant_Spectrum_X560.51",0.0716588121251508,6.16884653911938e-05,1.17428399603193e-05,6.66253991726792e-06,6.17374780140384e-06,4.70735583592463e-05,0.462636363417347,560.51
28,"VNIR_Plant_Spectrum_X561.65",0.070707030040887,6.08211025015644e-05,1.13263628230237e-05,6.54293173683757e-06,5.60213527163478e-06,4.64106402396271e-05,0.465337614262884,561.65
28,"VNIR_Plant_Spectrum_X562.79",0.0696418622362084,5.84931060075745e-05,1.10835824247733e-05,6.84515142251408e-06,5.33245572049263e-06,4.50645822416643e-05,0.461233430025864,562.79
28,"VNIR_Plant_Spectrum_X563.93",0.0685654683123208,5.68641823177031e-05,1.16020875336228e-05,6.54513796793762e-06,5.24443030123355e-06,4.3256586905346e-05,0.46039240429297,563.93
28,"VNIR_Plant_Spectrum_X565.07",0.0673316189912318,5.47546257707785e-05,1.19475722962907e-05,5.78375020505459e-06,5.50494453227546e-06,4.23905369501275e-05,0.454842793298187,565.07
28,"VNIR_Plant_Spectrum_X566.22",0.0660409370732634,5.23062698883577e-05,1.15437200908255e-05,6.00877478269596e-06,4.83767846911817e-06,4.08623666542404e-05,0.452637665101462,566.22
28,"VNIR_Plant_Spectrum_X567.36",0.0646941559425401,5.05106749750175e-05,1.11479203606276e-05,5.98276505707851e-06,4.14753356137837e-06,3.9443381249264e-05,0.454100888277875,567.36
28,"VNIR_Plant_Spectrum_X568.5",0.0633654652071981,4.81362509359462e-05,1.10333167497962e-05,5.6783038866443e-06,4.89474117552478e-06,3.71496164452252e-05,0.450325073200335,568.5
28,"VNIR_Plant_Spectrum_X569.64",0.0622012148912334,4.63279358708966e-05,1.05936258996456e-05,5.12471208601214e-06,4.51773353218022e-06,3.62239579930777e-05,0.450713619039044,569.64
28,"VNIR_Plant_Spectrum_X570.78",0.0609272026203634,4.48718240126407e-05,9.79406986718327e-06,4.64315300831501e-06,4.99623462595274e-06,3.4547860792786e-05,0.453924103629822,570.78
28,"VNIR_Plant_Spectrum_X571.92",0.059711923091628,4.29936208066262e-05,9.80289042769054e-06,4.99136589281038e-06,3.95963987791379e-06,3.33813781523016e-05,0.451951226128665,571.92
28,"VNIR_Plant_Spectrum_X573.06",0.0586909407243441,4.12693412580056e-05,9.76559088044065e-06,4.5647229539299e-06,4.228997218058e-06,3.21316507029799e-05,0.448773437077363,573.06
28,"VNIR_Plant_Spectrum_X574.2",0.0576392618692997,3.96296555696564e-05,8.91196585968396e-06,4.44830702824622e-06,3.95224380485043e-06,3.13944151057764e-05,0.448621083860395,574.2
28,"VNIR_Plant_Spectrum_X575.35",0.0568088950224375,3.83564853465752e-05,8.98602859545111e-06,4.53768897275911e-06,3.82379711628606e-06,3.04145464599083e-05,0.445391694466101,575.35
28,"VNIR_Plant_Spectrum_X576.49",0.0558155162178155,3.71045709847529e-05,8.01566141739793e-06,4.29117008669044e-06,3.66643072205596e-06,2.94188153746408e-05,0.449770646698216,576.49
28,"VNIR_Plant_Spectrum_X577.63",0.055081068006824,3.61652070444096e-05,8.74544686788164e-06,4.18371138032442e-06,3.94282507346723e-06,2.8471008799717e-05,0.443700234019944,577.63
28,"VNIR_Plant_Spectrum_X578.77",0.0543012223331563,3.54245096641418e-05,8.0047347651856e-06,3.88666681628972e-06,3.59668041693929e-06,2.78805264674628e-05,0.449588879141534,578.77
28,"VNIR_Plant_Spectrum_X579.91",0.0536315899238416,3.42838521256908e-05,8.25394919779879e-06,3.74062946348085e-06,3.80272379884149e-06,2.71113300462518e-05,0.444134584980701,579.91
28,"VNIR_Plant_Spectrum_X581.05",0.0529570471123818,3.38116184648134e-05,7.51181849359203e-06,4.1093363702755e-06,3.19105381973721e-06,2.67062106978069e-05,0.44884642874911,581.05
28,"VNIR_Plant_Spectrum_X582.19",0.0523081844204579,3.28336641843393e-05,7.43865307395389e-06,3.85292474917782e-06,3.31794468468699e-06,2.59659504131617e-05,0.447269447360933,582.19
28,"VNIR_Plant_Spectrum_X583.33",0.0516585366679107,3.19195789432823e-05,7.57767904847054e-06,3.81315385496805e-06,3.18777843714771e-06,2.5286495164618e-05,0.4446572238056,583.33
28,"VNIR_Plant_Spectrum_X584.48",0.0511204487636656,3.14541664430641e-05,7.4113636065363e-06,3.58926225294378e-06,3.47030761618094e-06,2.47631103688074e-05,0.444970474073691,584.48
28,"VNIR_Plant_Spectrum_X585.62",0.0505189471359422,3.08163869379467e-05,7.24734834891584e-06,3.63698163227911e-06,3.21528590616656e-06,2.43633705273282e-05,0.444813303681159,585.62
28,"VNIR_Plant_Spectrum_X586.76",0.0502536203402001,3.0374124683095e-05,7.0105265805469e-06,3.26243503863472e-06,3.33696568414319e-06,2.39418390962166e-05,0.447165641833728,586.76
28,"VNIR_Plant_Spectrum_X587.9",0.0497889680413336,2.98743952756659e-05,6.61482709442958e-06,3.50609666531942e-06,2.91348861156606e-06,2.41084804578701e-05,0.445771473607322,587.9
28,"VNIR_Plant_Spectrum_X589.04",0.0493438372540158,2.93429945899775e-05,6.81668035040556e-06,3.48303113759892e-06,3.08310286944155e-06,2.34876255745935e-05,0.44315771869862,589.04
28,"VNIR_Plant_Spectrum_X590.18",0.0492440285787334,2.86447547542251e-05,6.53303829173582e-06,3.14310307193211e-06,3.03565532709051e-06,2.29521312100094e-05,0.445425929619803,590.18
28,"VNIR_Plant_Spectrum_X591.32",0.048816165007694,2.83272439421933e-05,6.02066967442495e-06,3.48680601938985e-06,2.72101601575432e-06,2.27643856411008e-05,0.447365598230243,591.32
28,"VNIR_Plant_Spectrum_X592.46",0.0486401185551995,2.82611273053211e-05,6.11908924957572e-06,3.31583537552514e-06,2.86506345224479e-06,2.24253423839182e-05,0.448685770043636,592.46
28,"VNIR_Plant_Spectrum_X593.6",0.0482576528288892,2.77561087590494e-05,5.53176141768061e-06,3.13936940086773e-06,3.01461205225225e-06,2.25575853125542e-05,0.447683239201577,593.6
28,"VNIR_Plant_Spectrum_X594.75",0.0480850245211996,2.77744999244984e-05,6.29137095668135e-06,3.03774884247823e-06,2.8424210134716e-06,2.23347643055437e-05,0.445956019763521,594.75
28,"VNIR_Plant_Spectrum_X595.89",0.0478440128118427,2.75633294891481e-05,5.89697170476414e-06,3.03549346317089e-06,3.01325479452132e-06,2.22385558868297e-05,0.446387019190064,595.89
28,"VNIR_Plant_Spectrum_X597.03",0.0475988860953594,2.74515001251504e-05,5.54118664352615e-06,3.02951770054698e-06,2.8421107368365e-06,2.23251255747908e-05,0.448631328785429,597.03
28,"VNIR_Plant_Spectrum_X598.17",0.0473912717487823,2.70301039095775e-05,6.2721620889197e-06,2.99274193144885e-06,2.92195857136864e-06,2.18465711655323e-05,0.442655387197667,598.17
28,"VNIR_Plant_Spectrum_X599.31",0.0470888264213383,2.68187949340773e-05,5.83996548911301e-06,2.80929470749557e-06,3.08729146571964e-06,2.1759183742547e-05,0.444648988947811,599.31
28,"VNIR_Plant_Spectrum_X600.45",0.0468891534559237,2.65096603569451e-05,5.72064053229742e-06,3.20868392589855e-06,2.63899843650524e-06,2.12958626212389e-05,0.446487169008728,600.45
28,"VNIR_Plant_Spectrum_X601.59",0.0465236898184143,2.59566957269669e-05,5.67562979348375e-06,3.01790745447919e-06,2.8404343727617e-06,2.08423333430716e-05,0.444974464189994,601.59
28,"VNIR_Plant_Spectrum_X602.73",0.0461112068120458,2.5765951064034e-05,5.60356125711831e-06,2.77553876382626e-06,2.7324459700551e-06,2.06610992727873e-05,0.447802913321604,602.73
28,"VNIR_Plant_Spectrum_X603.88",0.0457723323917609,2.52716624058184e-05,5.69021535143635e-06,2.93617892232949e-06,2.5069192454019e-06,2.04094104148792e-05,0.444810971901422,603.88
28,"VNIR_Plant_Spectrum_X605.02",0.0452079210285287,2.43889675944847e-05,5.8376095461804e-06,2.88852434424537e-06,2.63418463454763e-06,1.99636491279696e-05,0.437761311375365,605.02
28,"VNIR_Plant_Spectrum_X606.16",0.0447317863623045,2.38303817635825e-05,5.54393280138661e-06,3.02753547794952e-06,2.44039359948702e-06,1.95565925964713e-05,0.438067859741304,606.16
28,"VNIR_Plant_Spectrum_X607.3",0.0441843836823338,2.32409968174395e-05,5.60399671206826e-06,2.68492922562006e-06,2.52872384253375e-06,1.91448593888934e-05,0.436832054325757,607.3
28,"VNIR_Plant_Spectrum_X608.44",0.0436228732183983,2.28542764839233e-05,5.72020731066549e-06,2.58188983851269e-06,2.42581945549245e-06,1.86166322297107e-05,0.437831241307818,608.44
28,"VNIR_Plant_Spectrum_X609.58",0.0429472128668546,2.18658134305122e-05,5.5934434441888e-06,2.6259713547195e-06,2.56401220845151e-06,1.80416999664138e-05,0.431355450424106,609.58
28,"VNIR_Plant_Spectrum_X610.72",0.0424285575569707,2.11999269451955e-05,5.4794285523968e-06,2.44333473033154e-06,2.48532825531102e-06,1.77814409785446e-05,0.429239906170694,610.72
28,"VNIR_Plant_Spectrum_X611.86",0.0417864077454093,2.07103256321827e-05,5.22814450310821e-06,2.58098520984854e-06,2.32155412534722e-06,1.73350671445577e-05,0.429888174532571,611.86
28,"VNIR_Plant_Spectrum_X613.01",0.0413005624957036,2.02554685616698e-05,5.11679645661886e-06,2.64222327322674e-06,1.97522980398073e-06,1.7035032391505e-05,0.430740585583096,613.01
28,"VNIR_Plant_Spectrum_X614.15",0.0408342620068325,1.96087371225034e-05,5.29390714075887e-06,2.38105357259153e-06,2.27022930127641e-06,1.67772743136781e-05,0.423229627302516,614.15
28,"VNIR_Plant_Spectrum_X615.29",0.0403315173108786,1.92763952022863e-05,4.96159772923287e-06,2.2319270256929e-06,2.25514676849912e-06,1.60500787823413e-05,0.430515523368195,615.29
28,"VNIR_Plant_Spectrum_X616.43",0.0398587688529088,1.87653699011372e-05,4.61617298221356e-06,2.33936359551143e-06,2.08095494751609e-06,1.58948417346348e-05,0.429445897371039,616.43
28,"VNIR_Plant_Spectrum_X617.57",0.039532823609569,1.84808556684284e-05,4.62351998621195e-06,2.35614603246574e-06,1.93600322771024e-06,1.58196954337096e-05,0.42763701960481,617.57
28,"VNIR_Plant_Spectrum_X618.71",0.0391504885227546,1.81562941017008e-05,4.12952948432591e-06,2.07873576611053e-06,2.37504994847943e-06,1.55285797299384e-05,0.429549846305832,618.71
28,"VNIR_Plant_Spectrum_X619.85",0.0389938328592235,1.78862353944941e-05,4.64229265403068e-06,2.00620332652079e-06,2.12259574591758e-06,1.52555607711916e-05,0.42674786429694,619.85
28,"VNIR_Plant_Spectrum_X620.99",0.0386819370429255,1.77714025029806e-05,4.2598636163235e-06,1.95960959652911e-06,2.23449770607958e-06,1.50619849483221e-05,0.430432054858527,620.99
28,"VNIR_Plant_Spectrum_X622.14",0.0386268699236509,1.74659266923981e-05,4.1377160284365e-06,2.1028410064217e-06,2.2829218659046e-06,1.48602887991046e-05,0.427565663641907,622.14
28,"VNIR_Plant_Spectrum_X623.28",0.0384001647053221,1.73141302168622e-05,3.99036575232826e-06,2.03638473385364e-06,2.11446150219808e-06,1.48540568379975e-05,0.429530844612429,623.28
28,"VNIR_Plant_Spectrum_X624.42",0.0382508155002543,1.72105496909901e-05,4.02979677786373e-06,1.89707344212131e-06,2.20887922477905e-06,1.49095878059723e-05,0.427528766560372,624.42
28,"VNIR_Plant_Spectrum_X625.56",0.0381357039521762,1.71395164486868e-05,3.68128291259117e-06,1.91239687215823e-06,2.21078426450357e-06,1.46154061232128e-05,0.433260419652771,625.56
28,"VNIR_Plant_Spectrum_X626.7",0.0381354870010661,1.70052246015696e-05,3.73144303399819e-06,1.97103531638068e-06,2.11776919534445e-06,1.46607534123633e-05,0.430662195754262,626.7
28,"VNIR_Plant_Spectrum_X627.84",0.0379859548060143,1.70364841740266e-05,3.82779858760311e-06,1.99106698117488e-06,2.00374840217228e-06,1.47118786586538e-05,0.430529785973429,627.84
28,"VNIR_Plant_Spectrum_X628.98",0.037888095140844,1.71041613870991e-05,3.7997319269576e-06,2.11898464965183e-06,1.82029705111018e-06,1.47646902046383e-05,0.431837497232666,628.98
28,"VNIR_Plant_Spectrum_X630.12",0.0378632832045622,1.68874594415161e-05,4.16219495595948e-06,1.83645647384772e-06,2.13190883720515e-06,1.47906286705091e-05,0.424215845781107,630.12
28,"VNIR_Plant_Spectrum_X631.26",0.0377310196530779,1.68120949639842e-05,4.11849098224733e-06,1.78407017167539e-06,2.1605868493411e-06,1.45203565577186e-05,0.426750580438043,631.26
28,"VNIR_Plant_Spectrum_X632.41",0.0376221050103029,1.67961500987224e-05,3.95720719253659e-06,1.86666621881231e-06,1.93692753039871e-06,1.46522339626475e-05,0.428372844204411,632.41
28,"VNIR_Plant_Spectrum_X633.55",0.0372814434072652,1.6501572568156e-05,4.10380309126835e-06,1.91105172461884e-06,2.0116722156547e-06,1.44863462351798e-05,0.422960578191889,633.55
28,"VNIR_Plant_Spectrum_X634.69",0.0369390650204578,1.63077692611292e-05,3.93742128073133e-06,2.0600457494403e-06,1.88994226866161e-06,1.41498576908496e-05,0.425290229339237,634.69
28,"VNIR_Plant_Spectrum_X635.83",0.036555020678647,1.59787000476717e-05,4.07573206755175e-06,1.89572715112277e-06,1.84842354967573e-06,1.41099929772454e-05,0.421506208379096,635.83
28,"VNIR_Plant_Spectrum_X636.97",0.0361187416908969,1.57448696561971e-05,3.98349634669437e-06,2.03038994356944e-06,1.81291941732825e-06,1.3697837090368e-05,0.422459769914185,636.97
28,"VNIR_Plant_Spectrum_X638.11",0.0356538786882589,1.55097404412425e-05,4.18633059540304e-06,2.03337462971973e-06,1.74149274534321e-06,1.34088234360929e-05,0.420548823098409,638.11
28,"VNIR_Plant_Spectrum_X639.25",0.0352058231296347,1.52938968666265e-05,3.49937799645798e-06,1.97596609462197e-06,1.72190017484986e-06,1.32744810130015e-05,0.427614450669526,639.25
28,"VNIR_Plant_Spectrum_X640.39",0.0347815328421427,1.51333765567039e-05,3.76456352600728e-06,1.79125594465428e-06,1.58633367573253e-06,1.30287306252627e-05,0.428655817058625,640.39
28,"VNIR_Plant_Spectrum_X641.54",0.0343079921597394,1.47057880735383e-05,3.74053506513477e-06,1.92351918314474e-06,1.66367349050806e-06,1.28958572961353e-05,0.42101494429558,641.54
28,"VNIR_Plant_Spectrum_X642.68",0.0337530165702863,1.45300278300927e-05,3.66985656806633e-06,1.7999275336495e-06,1.63698677085877e-06,1.22692643494811e-05,0.428537745822779,642.68
28,"VNIR_Plant_Spectrum_X643.82",0.0331245414560321,1.40950215770889e-05,3.64245067812083e-06,1.64362193246845e-06,1.77045710485502e-06,1.20777649021889e-05,0.424174289187679,643.82
28,"VNIR_Plant_Spectrum_X644.96",0.0326151837450326,1.38891117717232e-05,3.53273736197514e-06,1.81342948156328e-06,1.36627868755981e-06,1.19355130870136e-05,0.426870385234878,644.96
28,"VNIR_Plant_Spectrum_X646.1",0.0322788708504921,1.35116237245385e-05,3.30263615652809e-06,1.78747276072066e-06,1.39547251850596e-06,1.17723781035622e-05,0.4253006283501,646.1
28,"VNIR_Plant_Spectrum_X647.24",0.0318637690658068,1.32379280700995e-05,3.34299187597211e-06,1.77577520878538e-06,1.45661585988538e-06,1.13273102096177e-05,0.425101605222441,647.24
28,"VNIR_Plant_Spectrum_X648.38",0.031418672390437,1.28968635304785e-05,3.24306280806801e-06,1.73199528309345e-06,1.43693150696593e-06,1.11538327538716e-05,0.423365936287875,648.38
28,"VNIR_Plant_Spectrum_X649.52",0.0311852233201596,1.28251256059214e-05,2.99386540076215e-06,1.65039643879652e-06,1.3664827913821e-06,1.10926721290903e-05,0.428524899378715,649.52
28,"VNIR_Plant_Spectrum_X650.67",0.0309043206087237,1.26018494015439e-05,2.87408479045206e-06,1.70872504097882e-06,1.43309538224955e-06,1.08951378541664e-05,0.42699472491942,650.67
28,"VNIR_Plant_Spectrum_X651.81",0.0306190555307445,1.23863332913013e-05,3.15869053155658e-06,1.64348058224079e-06,1.45517057466682e-06,1.09061304267278e-05,0.419168015522009,651.81
28,"VNIR_Plant_Spectrum_X652.95",0.0304391811574606,1.22795445645576e-05,3.08451731969997e-06,1.42967372713475e-06,1.50872288363253e-06,1.06736822772083e-05,0.423781229566798,652.95
28,"VNIR_Plant_Spectrum_X654.09",0.0301190243599651,1.1902248297146e-05,2.8553391112561e-06,1.5869699702865e-06,1.34212602279032e-06,1.065491593996e-05,0.419956832843355,654.09
28,"VNIR_Plant_Spectrum_X655.23",0.0298608969813023,1.18606010009075e-05,3.04763651360888e-06,1.31082176592824e-06,1.61220532066135e-06,1.0375788441459e-05,0.420483521728045,655.23
28,"VNIR_Plant_Spectrum_X656.37",0.0294563030786247,1.14751505847847e-05,3.05443120048455e-06,1.50100855492485e-06,1.43685231665928e-06,1.01833954698188e-05,0.415001908159729,656.37
28,"VNIR_Plant_Spectrum_X657.51",0.0291268926040495,1.12944287777604e-05,2.86577144531267e-06,1.46582132202848e-06,1.33115980175287e-06,1.01298544294034e-05,0.416968060700837,657.51
28,"VNIR_Plant_Spectrum_X658.65",0.0287287646751979,1.11234376376253e-05,2.83598961538778e-06,1.40051194879377e-06,1.31254133829413e-06,9.93513387647097e-06,0.418054676510093,658.65
28,"VNIR_Plant_Spectrum_X659.79",0.0283180816920388,1.08914330811592e-05,2.68779035639134e-06,1.26396142228394e-06,1.44916342116929e-06,9.86387587473726e-06,0.416399286697832,659.79
28,"VNIR_Plant_Spectrum_X660.94",0.0280360202522733,1.0741720579704e-05,2.66418092849731e-06,1.41698027461192e-06,1.24879385703141e-06,9.67425426551563e-06,0.4172201438903,660.94
28,"VNIR_Plant_Spectrum_X662.08",0.0275510179089425,1.05079369484339e-05,2.87537812259279e-06,1.52345362524595e-06,1.1853062079756e-06,9.46489322195016e-06,0.411157414938521,662.08
28,"VNIR_Plant_Spectrum_X663.22",0.0272778506446041,1.04654909294681e-05,2.5867901613298e-06,1.48141079043349e-06,1.18071959602897e-06,9.41120511401953e-06,0.416526730456448,663.22
28,"VNIR_Plant_Spectrum_X664.36",0.026924399130226,1.02022033691885e-05,2.50527639760018e-06,1.46964900207793e-06,1.18211874186753e-06,9.17562450934647e-06,0.415824601034742,664.36
28,"VNIR_Plant_Spectrum_X665.5",0.0266525679094952,1.00532893533684e-05,2.494191817621e-06,1.34890154863189e-06,1.21149121488809e-06,9.02004257095384e-06,0.416666285756255,665.5
28,"VNIR_Plant_Spectrum_X666.64",0.0265003588819972,9.9899979610962e-06,2.38067153546276e-06,1.45904777548508e-06,1.20499827878228e-06,8.97744398903635e-06,0.416039129863008,666.64
28,"VNIR_Plant_Spectrum_X667.78",0.0264008249334713,9.79353349275953e-06,2.28978279674833e-06,1.37859616848095e-06,1.22152025625727e-06,9.03787940983619e-06,0.412858000498926,667.78
28,"VNIR_Plant_Spectrum_X668.92",0.0262536471584013,9.86168043398023e-06,2.29161339522067e-06,1.32773849982182e-06,1.26002453025323e-06,9.05601969296472e-06,0.414407224027343,668.92
28,"VNIR_Plant_Spectrum_X670.07",0.0261335235571184,9.94298670682066e-06,2.12358050714431e-06,1.22920579432444e-06,1.29419340091535e-06,9.03509654512087e-06,0.420866040697688,670.07
28,"VNIR_Plant_Spectrum_X671.21",0.0261036430262992,9.90874155383985e-06,2.34620990850919e-06,1.6394540445822e-06,9.64401131851593e-07,9.00926055682114e-06,0.415146374133924,671.21
28,"VNIR_Plant_Spectrum_X672.35",0.0261003351259086,9.90282061187674e-06,2.45696218386995e-06,1.45767675206023e-06,1.13200856928434e-06,8.9656844117751e-06,0.414081432260309,672.35
28,"VNIR_Plant_Spectrum_X673.49",0.0262239686791091,9.86955320539964e-06,2.3764968914301e-06,1.40514977278583e-06,1.1952954751974e-06,9.05698177031334e-06,0.41289194696926,673.49
28,"VNIR_Plant_Spectrum_X674.63",0.0262570179285748,9.85126603042509e-06,2.27456450862481e-06,1.38458850515438e-06,1.25077301516956e-06,8.89861627956353e-06,0.416371336965257,674.63
28,"VNIR_Plant_Spectrum_X675.77",0.0262630556535411,9.89638628815275e-06,2.04012292356494e-06,1.39694085450459e-06,1.30732261740646e-06,8.98968670552994e-06,0.418797879684602,675.77
28,"VNIR_Plant_Spectrum_X676.91",0.0264046185532342,9.88101419539026e-06,2.13507089521372e-06,1.50078177168319e-06,1.19153909222217e-06,9.13896643967828e-06,0.414343938278021,676.91
28,"VNIR_Plant_Spectrum_X678.05",0.0264970486464037,1.00693234822609e-05,2.03377587477181e-06,1.40847810212559e-06,1.26217775305327e-06,9.16515366559363e-06,0.420625832767031,678.05
28,"VNIR_Plant_Spectrum_X679.2",0.0266838439814622,1.00733024115983e-05,1.9858509675355e-06,1.31746198908897e-06,1.31123345730001e-06,9.37005232224219e-06,0.418710774049968,679.2
28,"VNIR_Plant_Spectrum_X680.34",0.0268091442318096,1.00101814993539e-05,2.13584385660461e-06,1.59801083484307e-06,1.23593644115253e-06,9.30364972210934e-06,0.412219451999462,680.34
28,"VNIR_Plant_Spectrum_X681.48",0.0271378977861378,9.89870101799492e-06,1.95261109131567e-06,1.48412395041937e-06,1.31585260241793e-06,9.53845362853303e-06,0.409210685217113,681.48
28,"VNIR_Plant_Spectrum_X682.62",0.0275414402380847,1.00579004508814e-05,2.04528314473604e-06,1.40863548531096e-06,1.47229536721829e-06,9.60318050462965e-06,0.409069011869714,682.62
28,"VNIR_Plant_Spectrum_X683.76",0.0281020826609915,1.03648209910227e-05,1.78186295913412e-06,1.42827244451489e-06,1.44448585707133e-06,9.94845440997912e-06,0.415125916750242,683.76
28,"VNIR_Plant_Spectrum_X684.9",0.0287938931382032,1.0542231391622e-05,1.79547226019523e-06,1.38339415074715e-06,1.49259406760755e-06,1.0022889472571e-05,0.417736112845313,684.9
28,"VNIR_Plant_Spectrum_X686.04",0.0297501708443995,1.0781722917859e-05,1.42576011365396e-06,1.11662320457384e-06,1.84665495665678e-06,1.05602112799489e-05,0.419017311891391,686.04
28,"VNIR_Plant_Spectrum_X687.18",0.0310694987142334,1.13302915859642e-05,1.57785356570826e-06,1.44628518709015e-06,1.61752236247173e-06,1.11017383549646e-05,0.418498222589784,687.18
28,"VNIR_Plant_Spectrum_X688.33",0.0327228210324617,1.19196971432675e-05,1.38142292072589e-06,1.51927157743483e-06,2.04017312620196e-06,1.19415647626566e-05,0.413847772288274,688.33
28,"VNIR_Plant_Spectrum_X689.47",0.0348230890690133,1.33525620355335e-05,1.10723401141352e-06,1.35990976628968e-06,2.25286126272114e-06,1.3111708617876e-05,0.428182529125528,689.47
28,"VNIR_Plant_Spectrum_X690.61",0.0374071512583579,1.46826734341627e-05,1.14052142876719e-06,1.68448956716781e-06,2.42021452290252e-06,1.48533545221921e-05,0.422143309028097,690.61
28,"VNIR_Plant_Spectrum_X691.75",0.0404401655448296,1.72224463430607e-05,7.32991654020548e-07,1.75467262505324e-06,2.79733885191677e-06,1.68486894788866e-05,0.43760508020503,691.75
28,"VNIR_Plant_Spectrum_X692.89",0.0439625598861022,2.01356255789681e-05,7.68825901092849e-07,1.75142115974547e-06,3.33571375947836e-06,1.96416944057e-05,0.441248694456537,692.89
28,"VNIR_Plant_Spectrum_X694.03",0.0480024484757622,2.36108991208143e-05,7.0189018897393e-07,2.11606755109107e-06,4.05572299394116e-06,2.27937561080719e-05,0.443161346804431,694.03
28,"VNIR_Plant_Spectrum_X695.17",0.0522792132611872,2.84852228948698e-05,6.4627983197081e-07,2.66832110190042e-06,4.10857965230031e-06,2.68686702938267e-05,0.453752001837866,695.17
28,"VNIR_Plant_Spectrum_X696.31",0.0570209896764538,3.43128824772428e-05,7.44142075098855e-07,3.23428270553313e-06,4.70992993983742e-06,3.12678024814286e-05,0.462007892191447,696.31
28,"VNIR_Plant_Spectrum_X697.45",0.0619134004535915,4.12118215607239e-05,6.24446047727044e-07,3.96517653048638e-06,4.80732092828877e-06,3.68196271210757e-05,0.471378010383201,697.45
28,"VNIR_Plant_Spectrum_X698.6",0.066825401705737,4.85425957302562e-05,8.38736221542703e-07,4.64655830495111e-06,5.65833096223005e-06,4.28836848639034e-05,0.473263529080649,698.6
28,"VNIR_Plant_Spectrum_X699.74",0.0719741035325251,5.71979496688527e-05,9.78450155214224e-07,5.29995210535523e-06,6.10720593599747e-06,4.97217973263804e-05,0.47942483031796,699.74
28,"VNIR_Plant_Spectrum_X700.88",0.0770292371841266,6.67023638575855e-05,1.27446565428562e-06,6.48965148267698e-06,6.36367276370278e-06,5.67276269653554e-05,0.48490433261358,700.88
28,"VNIR_Plant_Spectrum_X702.02",0.0819274062352647,7.67683565235188e-05,1.5692415629595e-06,7.24591624371458e-06,7.1147655329993e-06,6.44051371511582e-05,0.488648547450158,702.02
28,"VNIR_Plant_Spectrum_X703.16",0.0867335750180655,8.780147597834e-05,1.99956582172034e-06,8.34670538766966e-06,6.92453979062457e-06,7.28674949957191e-05,0.493433649318132,703.16
28,"VNIR_Plant_Spectrum_X704.3",0.0914791058511035,9.96486536148994e-05,2.54433249917274e-06,8.89766633819514e-06,8.18163690211931e-06,8.06385410114656e-05,0.49846550800942,704.3
28,"VNIR_Plant_Spectrum_X705.44",0.0960736106627723,0.000110886677019421,3.1070774643341e-06,1.03983222767956e-05,8.1222552602229e-06,8.88928194487871e-05,0.500826989026439,705.44
28,"VNIR_Plant_Spectrum_X706.58",0.100574345930763,0.000123162802380338,3.05727352452514e-06,1.18952678241355e-05,9.10220917968656e-06,9.69399061312025e-05,0.504440056284404,706.58
28,"VNIR_Plant_Spectrum_X707.73",0.105046665384688,0.000136186870733676,3.44985102171714e-06,1.27095987602024e-05,9.49380738352129e-06,0.000105583231295854,0.509255702806373,707.73
28,"VNIR_Plant_Spectrum_X708.87",0.109575857372932,0.000150309315768188,3.95516013893314e-06,1.41977152863753e-05,9.89231424513771e-06,0.000115161172581448,0.51209978554503,708.87
28,"VNIR_Plant_Spectrum_X710",0.113906524888099,0.000163866926523762,4.76628077135902e-06,1.50741367327895e-05,1.05484342930177e-05,0.000125415326485717,0.512611005686228,710
28,"VNIR_Plant_Spectrum_X711.15",0.118222283962426,0.000178423277996271,5.45011307398961e-06,1.57686156992527e-05,1.18196005970304e-05,0.000135665814108895,0.513999375900343,711.15
28,"VNIR_Plant_Spectrum_X712.29",0.122710933226632,0.000194735334164345,5.3561415888701e-06,1.87680576998095e-05,1.08178111561617e-05,0.000145734852986577,0.518724046292264,712.29
28,"VNIR_Plant_Spectrum_X713.43",0.127265593976246,0.000210711329561145,6.33146883291717e-06,1.85496087150301e-05,1.21457533774233e-05,0.000157746212516789,0.519653391326694,713.43
28,"VNIR_Plant_Spectrum_X714.57",0.131556575594895,0.0002289222654418,6.81465235464427e-06,2.10319130775753e-05,1.19291464936256e-05,0.000167404827945399,0.524927293869331,714.57
28,"VNIR_Plant_Spectrum_X715.71",0.136028914904833,0.000246320632879746,5.66716077964436e-06,2.18770130077244e-05,1.27654306982507e-05,0.000179288318195746,0.528677447892366,715.71
28,"VNIR_Plant_Spectrum_X716.86",0.140287147675871,0.000264130033203282,6.22183921251367e-06,2.36264324810688e-05,1.43210014836062e-05,0.000191409852127131,0.528567525142255,716.86
28,"VNIR_Plant_Spectrum_X718",0.144795017760597,0.00028411109803321,7.63227034836967e-06,2.37610181509533e-05,1.55930938256525e-05,0.000203463511633261,0.531484904977421,718
28,"VNIR_Plant_Spectrum_X719.14",0.149072294084001,0.000304000414810178,7.22249845044575e-06,2.51537090187506e-05,1.66276513806287e-05,0.00021740987967059,0.53294683000965,719.14
28,"VNIR_Plant_Spectrum_X720.28",0.1534835089605,0.00032429280046457,6.86106249145646e-06,2.74891805668707e-05,1.58023775247364e-05,0.000231072954269795,0.535562278014383,720.28
28,"VNIR_Plant_Spectrum_X721.42",0.157553622121303,0.000344987918495054,6.75277168616719e-06,2.91631248943524e-05,1.75552013126121e-05,0.000242291497343616,0.538412238619687,721.42
28,"VNIR_Plant_Spectrum_X722.56",0.161541516449462,0.000364072302914008,7.22596636917766e-06,3.04588223475208e-05,1.92440726878253e-05,0.000255108043454437,0.538481503769521,722.56
28,"VNIR_Plant_Spectrum_X723.7",0.165561760242379,0.000384064457099858,7.55797574710349e-06,3.17246493181939e-05,2.08902965678285e-05,0.00026784830280645,0.539351467185187,723.7
28,"VNIR_Plant_Spectrum_X724.84",0.169295949396027,0.000405498616646059,7.02579602897881e-06,3.46848285375356e-05,1.95914694535516e-05,0.000282186792573526,0.541395704056644,724.84
28,"VNIR_Plant_Spectrum_X725.98",0.172861217931231,0.000425795846882944,8.70886836735348e-06,3.54851693969843e-05,2.15249719322979e-05,0.000294651143442013,0.541610610063586,725.98
28,"VNIR_Plant_Spectrum_X727.13",0.176439210729024,0.000445803480586847,7.18674604340638e-06,3.68156146817979e-05,2.21265799845187e-05,0.00030753936505096,0.544013214382693,727.13
28,"VNIR_Plant_Spectrum_X728.27",0.179861836398708,0.000465264176990019,8.19331380131572e-06,3.80765843744604e-05,2.39814219997615e-05,0.00032111610430758,0.543132165787383,728.27
28,"VNIR_Plant_Spectrum_X729.41",0.182914411874493,0.000483500182641237,9.10457953113486e-06,3.76809587259096e-05,2.74508455597734e-05,0.00033110964944882,0.543963819599468,729.41
28,"VNIR_Plant_Spectrum_X730.55",0.185576928385659,0.00050396404890756,8.72219687726259e-06,4.07674604259147e-05,2.64509157696712e-05,0.00034388201949049,0.545541606993931,730.55
28,"VNIR_Plant_Spectrum_X731.69",0.188534241347955,0.000520928427594731,1.07092885844263e-05,4.18453414902195e-05,2.8523286447428e-05,0.000355965235130092,0.543782758152654,731.69
28,"VNIR_Plant_Spectrum_X732.83",0.191233198743304,0.000537566551420985,8.81529775113868e-06,4.50249094866269e-05,2.87528033451211e-05,0.00036628158397555,0.544955523816116,732.83
28,"VNIR_Plant_Spectrum_X733.97",0.193936496633108,0.000556662107017384,9.61774789965257e-06,4.45405787493078e-05,3.08745568837824e-05,0.000377787200536624,0.546024356172413,733.97
28,"VNIR_Plant_Spectrum_X735.11",0.19612606577437,0.000567657794243378,1.01072588345163e-05,4.42955690313939e-05,3.33008890120619e-05,0.000385430544483527,0.545409422743405,735.11
28,"VNIR_Plant_Spectrum_X736.25",0.198362086176594,0.00058210219088826,9.91609727896494e-06,4.60531648270402e-05,3.20960668261663e-05,0.000396785609256886,0.545574285340586,736.25
28,"VNIR_Plant_Spectrum_X737.4",0.200366525827593,0.000596671279613152,1.05315488717771e-05,4.77499907641292e-05,3.21493158761599e-05,0.000404203503134109,0.546749928429642,737.4
28,"VNIR_Plant_Spectrum_X738.54",0.202561641067696,0.000609507981721645,1.00038106496673e-05,4.91344431561443e-05,3.29769282059458e-05,0.000413220994151936,0.546720344193913,738.54
28,"VNIR_Plant_Spectrum_X739.68",0.204136683793886,0.000620707472025167,1.09930136768645e-05,4.80385782623376e-05,3.47050486654597e-05,0.000421962247472109,0.546202039884297,739.68
28,"VNIR_Plant_Spectrum_X740.82",0.205964474188188,0.0006312252406101,9.28048474161198e-06,4.84128611283552e-05,3.46629478130803e-05,0.000430692864787258,0.546858910769387,740.82
28,"VNIR_Plant_Spectrum_X741.96",0.207359753530153,0.000642725246757474,9.28783894599513e-06,4.97618093535104e-05,3.45175673649275e-05,0.00043763010417516,0.54750225018724,741.96
28,"VNIR_Plant_Spectrum_X743.1",0.209004638526143,0.000650594712961305,9.67653861363142e-06,5.12634351743814e-05,3.48989618085451e-05,0.000443882984844399,0.546572814917087,743.1
28,"VNIR_Plant_Spectrum_X744.24",0.210209862337566,0.000659911889366199,9.51308730499244e-06,5.02016421150381e-05,3.67662344585544e-05,0.000449634958728669,0.54717800270822,744.24
28,"VNIR_Plant_Spectrum_X745.39",0.211361868693903,0.000665818484891459,8.42113728865054e-06,5.16967737483613e-05,3.46020843081705e-05,0.000455701693495389,0.547439970551537,745.39
28,"VNIR_Plant_Spectrum_X746.53",0.212554522848919,0.000676622883063157,1.01907111109084e-05,5.16828475460124e-05,3.98456457034524e-05,0.000456749655327417,0.547832083757681,746.53
28,"VNIR_Plant_Spectrum_X747.67",0.213549552706813,0.000680633522025602,9.46278433736999e-06,5.06289073542282e-05,3.93737671261973e-05,0.000463286640093369,0.547403404514854,747.67
28,"VNIR_Plant_Spectrum_X748.81",0.214343754735595,0.000684264317261994,1.07577163397133e-05,5.21617983715243e-05,4.13705388755663e-05,0.00046551238009441,0.545636280323472,748.81
28,"VNIR_Plant_Spectrum_X749.95",0.215240704831979,0.000690174214468234,1.09271152371375e-05,5.17980021310271e-05,4.09701414597314e-05,0.000468792431113993,0.546602548202056,749.95
28,"VNIR_Plant_Spectrum_X751.09",0.216004651249943,0.000688407756503195,1.29023743128637e-05,5.31745115401204e-05,4.05763347480428e-05,0.000474258895932806,0.542343794599293,751.09
28,"VNIR_Plant_Spectrum_X752.23",0.216719349060845,0.000694161723964857,1.22171114829181e-05,5.31948714064262e-05,4.38963576120726e-05,0.00047546349810197,0.542766054689269,752.23
28,"VNIR_Plant_Spectrum_X753.37",0.217424368166509,0.000699069160207507,1.19614250424585e-05,5.4048348161864e-05,4.23278885680156e-05,0.000478127615231359,0.543796525376671,753.37
28,"VNIR_Plant_Spectrum_X754.52",0.218078585840364,0.000703301600855574,1.13784729690485e-05,5.26203749324457e-05,4.36935835844742e-05,0.000480537293911896,0.544548619579951,754.52
28,"VNIR_Plant_Spectrum_X755.66",0.218861234794405,0.000703186189708974,1.34405927547467e-05,5.36570544481319e-05,4.5508722336352e-05,0.000479216161058978,0.542997262244053,755.66
28,"VNIR_Plant_Spectrum_X756.8",0.219287005919445,0.000704573772427621,1.17607336496753e-05,5.38506562521362e-05,4.2850991594781e-05,0.000483721454955759,0.543334982268715,756.8
28,"VNIR_Plant_Spectrum_X757.94",0.22006833439971,0.000710753207641194,1.17252122923081e-05,5.24867422690171e-05,4.58838484788911e-05,0.000486953145328364,0.543471506278723,757.94
28,"VNIR_Plant_Spectrum_X759.08",0.220262790072081,0.000707861349410157,1.32414429743391e-05,5.53145744739888e-05,4.66353000919573e-05,0.000486358100298201,0.540595332736974,759.08
28,"VNIR_Plant_Spectrum_X760.22",0.221275599124939,0.000708444543883069,1.13423062362238e-05,5.56427689777189e-05,4.62706324102498e-05,0.000486818415825605,0.541409581360487,760.22
28,"VNIR_Plant_Spectrum_X761.36",0.221951074787478,0.00070889708472314,1.44550273139704e-05,5.74978754732789e-05,4.73200469916378e-05,0.000486155245047566,0.539361979681371,761.36
28,"VNIR_Plant_Spectrum_X762.5",0.222500040919844,0.000708832224593005,1.26212003885146e-05,5.47308939581701e-05,4.83087404425648e-05,0.000489945527818602,0.539266141069769,762.5
28,"VNIR_Plant_Spectrum_X763.64",0.223331286859132,0.000709162920231543,1.39951998165475e-05,5.64485205411268e-05,4.76941897073424e-05,0.000491544470794259,0.537715014524443,763.64
28,"VNIR_Plant_Spectrum_X764.79",0.223898028131436,0.000710937708791521,1.19683854269656e-05,5.67498589422032e-05,4.70291748745156e-05,0.000493458466264926,0.538530590051775,764.79
28,"VNIR_Plant_Spectrum_X765.93",0.224531741335196,0.000706825349052841,1.16895005332431e-05,5.76483338830765e-05,4.95185109600464e-05,0.000492246594572573,0.536315484652205,765.93
28,"VNIR_Plant_Spectrum_X767.07",0.225105477601938,0.000707291501559026,1.35207258099951e-05,5.63722887035771e-05,4.95061752175983e-05,0.00049363721286345,0.535693822219422,767.07
28,"VNIR_Plant_Spectrum_X768.21",0.225741225104123,0.000708496080355911,1.34674608790829e-05,5.61782449685298e-05,5.2286596278825e-05,0.00049246661820153,0.53556486341671,768.21
28,"VNIR_Plant_Spectrum_X769.35",0.226317335587577,0.000707347422220968,1.14051885863611e-05,5.72040857863914e-05,4.99404634430995e-05,0.000496503198966387,0.534896574554887,769.35
28,"VNIR_Plant_Spectrum_X770.49",0.227055481412029,0.000706553144205864,1.56051972877907e-05,5.68389733347304e-05,5.1761005821783e-05,0.000495798654066472,0.532621785322706,770.49
28,"VNIR_Plant_Spectrum_X771.63",0.227452413648264,0.000708098104103937,1.1818817404001e-05,6.02642581944584e-05,5.1748967975593e-05,0.000496375934625361,0.533083536646959,771.63
28,"VNIR_Plant_Spectrum_X772.77",0.227859882366512,0.000706212300469325,1.4333805226651e-05,5.93028996643777e-05,5.12284844455733e-05,0.000501195845507834,0.530080638672399,772.77
28,"VNIR_Plant_Spectrum_X773.92",0.228511786653472,0.000706503627433571,1.24459429728771e-05,5.96734859469602e-05,4.83891715893419e-05,0.000503289813888001,0.531085125947252,773.92
28,"VNIR_Plant_Spectrum_X775.06",0.229184115905801,0.000706871774761747,1.5495034065078e-05,6.05060064595656e-05,5.02870675056131e-05,0.000502624691743005,0.529180968426598,775.06
28,"VNIR_Plant_Spectrum_X776.2",0.229253251636671,0.000706280461635838,1.35511114027351e-05,6.27240068714007e-05,4.46294604928205e-05,0.000502739713760342,0.531067986684908,776.2
28,"VNIR_Plant_Spectrum_X777.34",0.22990218084433,0.000704262895215559,1.31661765130246e-05,6.18833702992717e-05,4.88147661524218e-05,0.000504093235960737,0.528638408390176,777.34
28,"VNIR_Plant_Spectrum_X778.48",0.230306098128929,0.000701299166317108,1.27638112671636e-05,6.30970595182923e-05,4.91910049836337e-05,0.000501439018602905,0.528170218380114,778.48
28,"VNIR_Plant_Spectrum_X779.62",0.23031525426753,0.00070240502809871,1.48675852302932e-05,5.91834759446004e-05,5.04069403279492e-05,0.000501802192638954,0.528654634998466,779.62
28,"VNIR_Plant_Spectrum_X780.76",0.231049982252301,0.000699059290271758,1.43718349457353e-05,6.16739841437785e-05,4.71825767351172e-05,0.000506522946791249,0.526078940798835,780.76
28,"VNIR_Plant_Spectrum_X781.9",0.23127336184641,0.000697295548638223,1.62191658871473e-05,6.22499000024818e-05,4.73345940831121e-05,0.000505756182361129,0.524733957792151,781.9
28,"VNIR_Plant_Spectrum_X783.05",0.231718656574835,0.000694552650004182,1.57431757635593e-05,6.12683229616632e-05,5.04951979753469e-05,0.000504865193896429,0.523430405235784,783.05
28,"VNIR_Plant_Spectrum_X784.19",0.232432445589563,0.000695872203782602,1.63574208264978e-05,6.15885977789917e-05,4.7397786239686e-05,0.000501904048021194,0.52593277555252,784.19
28,"VNIR_Plant_Spectrum_X785.33",0.233164267245012,0.000697691109377136,1.51477454370754e-05,6.19527571909388e-05,4.7977049250731e-05,0.00050822223304331,0.524189243040984,785.33
28,"VNIR_Plant_Spectrum_X786.47",0.233301822820115,0.0006974765623193,1.39490071885084e-05,6.28251087290631e-05,4.8944023030457e-05,0.000509430906262398,0.523385231664732,786.47
28,"VNIR_Plant_Spectrum_X787.61",0.233582740755843,0.000697162533672961,1.59423480261907e-05,6.29694549153833e-05,5.15334922318997e-05,0.000508297947219112,0.52186504928979,787.61
28,"VNIR_Plant_Spectrum_X788.75",0.233674181430869,0.00068737201227057,1.62164689040887e-05,6.51194084837579e-05,5.01304019411947e-05,0.000506305196733626,0.518715156752681,788.75
28,"VNIR_Plant_Spectrum_X789.89",0.23435030699,0.000695080930466381,1.49816659273778e-05,6.30642066098022e-05,4.8305054542577e-05,0.000510081120393236,0.522023398932301,789.89
28,"VNIR_Plant_Spectrum_X791.03",0.233924622924291,0.000691193246513172,1.49912788482501e-05,6.23055859064823e-05,4.98303814251975e-05,0.00050614212950765,0.521866932994057,791.03
28,"VNIR_Plant_Spectrum_X792.17",0.234606006587113,0.000689893260777783,1.53869933653856e-05,6.62326015737393e-05,4.60354175527818e-05,0.000511223398546421,0.519196243727009,792.17
28,"VNIR_Plant_Spectrum_X793.32",0.234751103327923,0.000686354356827435,1.28827493594997e-05,6.26009885017534e-05,5.03664554359023e-05,0.00050903916381553,0.519475967670368,793.32
28,"VNIR_Plant_Spectrum_X794.46",0.234925547247372,0.000684732117826712,1.76503252902877e-05,6.46840213197686e-05,4.90786318911622e-05,0.000509860649781499,0.516386991410672,794.46
28,"VNIR_Plant_Spectrum_X795.6",0.235172910797139,0.000684102863856595,1.69112396395056e-05,6.35165478630283e-05,4.89378251240641e-05,0.000510739922607786,0.516612690514731,795.6
28,"VNIR_Plant_Spectrum_X796.74",0.235094756307151,0.000686972777812993,1.71832775468982e-05,6.17643001585837e-05,4.89470411331578e-05,0.00050759278525699,0.519465755726217,796.74
28,"VNIR_Plant_Spectrum_X797.88",0.235299835105031,0.000679889620181448,1.29914961838901e-05,6.45148921819977e-05,4.71934366831919e-05,0.000509976627692721,0.517196993126068,797.88
28,"VNIR_Plant_Spectrum_X799.02",0.235326762069989,0.000679175823552118,1.74774406691756e-05,6.49992058310789e-05,5.07302074421527e-05,0.000506958694632648,0.514783995939643,799.02
28,"VNIR_Plant_Spectrum_X800.16",0.235404724584585,0.00067672310452218,1.49415986364962e-05,6.45198746990855e-05,5.02607351567189e-05,0.00050660899524301,0.515380894961029,800.16
28,"VNIR_Plant_Spectrum_X801.3",0.235533080571901,0.000675564689763059,1.50199550831821e-05,6.3339433173361e-05,5.20107450103111e-05,0.000503114609342662,0.516072711279235,801.3
28,"VNIR_Plant_Spectrum_X802.45",0.235555115082566,0.000666966083096702,1.75605780148447e-05,6.64009847274651e-05,4.85448755894955e-05,0.000502763416871295,0.512169925188436,802.45
28,"VNIR_Plant_Spectrum_X803.59",0.235786964827109,0.000667864605546661,1.78305559475239e-05,6.33958816109246e-05,4.82069773214115e-05,0.000505942036382669,0.512464762003893,803.59
28,"VNIR_Plant_Spectrum_X804.73",0.235910892510575,0.000664054934501946,1.42093358001052e-05,6.48550248394452e-05,4.71513640943098e-05,0.000503525311902562,0.513260938598894,804.73
28,"VNIR_Plant_Spectrum_X805.87",0.235996024044576,0.00066127515816711,1.67490824840203e-05,6.2623801125023e-05,4.83417378688141e-05,0.000501388886138592,0.512465972742631,805.87
28,"VNIR_Plant_Spectrum_X807.01",0.235794502387237,0.00066055847718209,1.85672123923801e-05,6.52906729689756e-05,4.7704403278927e-05,0.000503491505725346,0.509842714281331,807.01
28,"VNIR_Plant_Spectrum_X808.15",0.235694679810136,0.000656194294592218,1.83404333906893e-05,6.53200830614788e-05,4.54240736569941e-05,0.000501359712341242,0.510006691933928,808.15
28,"VNIR_Plant_Spectrum_X809.29",0.235966988107816,0.000656123032377524,1.6301928036441e-05,6.26182692708465e-05,5.05272525912453e-05,0.000496385829270191,0.511813878888067,809.29
28,"VNIR_Plant_Spectrum_X810.43",0.236041657101078,0.000651018331965383,2.06962509727482e-05,5.88741115284855e-05,5.2062634736458e-05,0.000502616407123053,0.506523515346527,810.43
28,"VNIR_Plant_Spectrum_X811.58",0.235987058304078,0.000651130323924557,1.62922985543514e-05,6.37890351664001e-05,4.55206200771165e-05,0.000501673973723853,0.509329740204199,811.58
28,"VNIR_Plant_Spectrum_X812.72",0.235826175999708,0.00064914053702868,1.79134305896873e-05,5.9698263694749e-05,4.96152954999844e-05,0.000503212764229213,0.507307389440882,812.72
28,"VNIR_Plant_Spectrum_X813.86",0.235842904444977,0.000650064420363068,2.02820114561578e-05,6.28223381407099e-05,4.39149192601694e-05,0.000505395036160587,0.506881250735838,813.86
28,"VNIR_Plant_Spectrum_X815",0.23609041204775,0.000641287848457512,1.58366086240013e-05,6.42578929077198e-05,4.60686518045707e-05,0.00049807005233582,0.506738190063985,815
28,"VNIR_Plant_Spectrum_X816.14",0.236507004665985,0.00064799228469337,1.5732871228153e-05,6.23247507194993e-05,4.69060322810558e-05,0.000502516423924079,0.508041023521204,816.14
28,"VNIR_Plant_Spectrum_X817.28",0.236129112691886,0.000645442936334581,2.09790818211041e-05,6.3592796681817e-05,4.84100715644492e-05,0.000500981856295034,0.504486114379849,817.28
28,"VNIR_Plant_Spectrum_X818.42",0.236661893846369,0.000641591771936143,1.80529879602173e-05,6.19417541338848e-05,4.76462117805514e-05,0.000496857173175214,0.506750565224462,818.42
28,"VNIR_Plant_Spectrum_X819.56",0.236695947535133,0.000646003171764843,1.80965742673268e-05,6.33227088422517e-05,4.5184347670426e-05,0.00050627218413835,0.50513236865379,819.56
28,"VNIR_Plant_Spectrum_X820.71",0.236790729265102,0.000642012210551424,1.76624241731792e-05,6.30375902325529e-05,4.83465051002171e-05,0.000501675337665703,0.504435472289969,820.71
28,"VNIR_Plant_Spectrum_X821.85",0.236679998680798,0.000641071660435895,1.81310747057903e-05,6.44284599180355e-05,4.8963781039863e-05,0.000501908728300331,0.502997094651628,821.85
28,"VNIR_Plant_Spectrum_X822.99",0.236862000303096,0.000640014098366517,1.69332528269146e-05,6.10217285714703e-05,5.26042970782279e-05,0.000502367837754624,0.502783703620406,822.99
28,"VNIR_Plant_Spectrum_X824.13",0.237254603949917,0.000643872877973269,1.74740748523416e-05,5.99949733187266e-05,4.82718060023556e-05,0.000500934043874524,0.506767939092844,824.13
28,"VNIR_Plant_Spectrum_X825.27",0.23724758970216,0.000639956785397242,1.86974190227113e-05,6.19022630630421e-05,5.02257734470966e-05,0.000500997633235553,0.503197761182601,825.27
28,"VNIR_Plant_Spectrum_X826.41",0.237218008839877,0.00063812398677112,1.70223847342999e-05,6.38452291356364e-05,4.78238568318036e-05,0.000499946373141139,0.503744248799967,826.41
28,"VNIR_Plant_Spectrum_X827.55",0.236980887605816,0.000636358564454853,1.64094150586575e-05,6.20383452822269e-05,5.2214950937319e-05,0.000492555016196013,0.505216371991454,827.55
28,"VNIR_Plant_Spectrum_X828.69",0.237302002942458,0.000634394618164225,1.99186490037254e-05,6.15470594706858e-05,5.13593155946265e-05,0.000495646513148177,0.502345094498641,828.69
28,"VNIR_Plant_Spectrum_X829.83",0.236860236884481,0.000637501158173334,1.65386316124082e-05,6.37602094622961e-05,4.81284619748178e-05,0.000495756403276957,0.50527764587718,829.83
28,"VNIR_Plant_Spectrum_X830.98",0.23682351317469,0.000630818136736564,2.21769543255638e-05,6.07774070026636e-05,5.01973394817174e-05,0.000496398971232825,0.50050281500342,830.98
28,"VNIR_Plant_Spectrum_X832.12",0.236609761506289,0.000630673364915888,2.00063270692714e-05,6.20820876717471e-05,5.00336226107042e-05,0.000494548484287954,0.501591785397381,832.12
28,"VNIR_Plant_Spectrum_X833.25",0.236397598416074,0.000626052144675094,1.85803110711601e-05,6.54519974828668e-05,4.58516636315696e-05,0.000495797154350186,0.500148201756654,833.25
28,"VNIR_Plant_Spectrum_X834.4",0.236475983912069,0.000625103966264444,1.74961577759354e-05,5.99898373335729e-05,5.48080432626497e-05,0.000488732716731468,0.501635948416528,834.4
28,"VNIR_Plant_Spectrum_X835.54",0.236763729733419,0.000625296068484029,2.03227414230424e-05,6.22715146095303e-05,4.84099776290656e-05,0.00049753742193262,0.498705738769897,835.54
28,"VNIR_Plant_Spectrum_X836.68",0.236062092432924,0.00062500009905582,2.42894758100111e-05,5.48862908046062e-05,5.44041008603884e-05,0.000490610659057716,0.500324038824225,836.68
28,"VNIR_Plant_Spectrum_X837.82",0.23560568565586,0.000620905861169891,2.03830744400534e-05,6.0724992715779e-05,4.88956441516492e-05,0.000489438284665595,0.500590102683043,837.82
28,"VNIR_Plant_Spectrum_X838.96",0.235590321694007,0.000609967249634259,2.63850406320606e-05,6.08428667817929e-05,5.15463627251035e-05,0.000491062384486721,0.491986875939353,838.96
28,"VNIR_Plant_Spectrum_X840.11",0.235127241963032,0.000612992845054931,2.16430605506544e-05,5.95543771607066e-05,5.46575258565031e-05,0.00048763238456557,0.495756299560512,840.11
28,"VNIR_Plant_Spectrum_X841.25",0.235045320035147,0.000614470848550058,1.94164519011478e-05,5.80198589189729e-05,5.28555977653091e-05,0.000487844415476174,0.498513120971145,841.25
28,"VNIR_Plant_Spectrum_X842.39",0.235343623715303,0.000615588672270536,2.0230226137821e-05,6.36326178406232e-05,4.47817796394935e-05,0.000489995049517383,0.498764004701342,842.39
28,"VNIR_Plant_Spectrum_X843.53",0.234734891511006,0.000611990168731867,2.1453162423728e-05,6.55625258259323e-05,4.51037271502e-05,0.000486711100354761,0.497221225191869,843.53
28,"VNIR_Plant_Spectrum_X844.67",0.234245493900281,0.00060374518821815,2.40331328258761e-05,6.70885245379272e-05,5.0364485109752e-05,0.000479616179713379,0.492914573519832,844.67
28,"VNIR_Plant_Spectrum_X845.81",0.234113581012526,0.00060244151923317,2.17397829023418e-05,6.25686405056728e-05,4.93004107487219e-05,0.000482864538335374,0.49424412099885,845.81
28,"VNIR_Plant_Spectrum_X846.95",0.233845972613608,0.000604982267041997,2.1021454882069e-05,5.77663545349976e-05,5.13111052943658e-05,0.000481836256777905,0.497143230827668,846.95
28,"VNIR_Plant_Spectrum_X848.09",0.234009288046694,0.000605530849218258,1.91454138649894e-05,5.75424215602685e-05,5.2412298175759e-05,0.000484486958721447,0.496695872142599,848.09
28,"VNIR_Plant_Spectrum_X849.24",0.23382280320926,0.000598032576437262,1.86821101748383e-05,6.4433370811961e-05,4.81208555487432e-05,0.000479274424358066,0.49483751055055,849.24
28,"VNIR_Plant_Spectrum_X850.38",0.233320166993548,0.000602399327296483,2.1548330647825e-05,5.36200163058944e-05,5.04212587758986e-05,0.000484300391443571,0.496910527163149,850.38
28,"VNIR_Plant_Spectrum_X851.52",0.233202915075747,0.000594410648295252,2.33778066090338e-05,6.12519977708138e-05,5.03007476220014e-05,0.000482165015957283,0.490637720484004,851.52
28,"VNIR_Plant_Spectrum_X852.66",0.233419020763913,0.000599020418430394,1.51235748943333e-05,6.41753957612722e-05,4.85680317262445e-05,0.000478153538170739,0.497095483738535,852.66
28,"VNIR_Plant_Spectrum_X853.8",0.232354262394292,0.000595406366896879,2.09179062344724e-05,5.84344729637216e-05,5.16962073273134e-05,0.000477827314291448,0.494407650813606,853.8
28,"VNIR_Plant_Spectrum_X854.94",0.232682824922717,0.000599007334336572,2.51662114590368e-05,5.93194269382946e-05,5.00099239787729e-05,0.00048138669367976,0.493054956659131,854.94
28,"VNIR_Plant_Spectrum_X856.08",0.23253235892622,0.000594339109406934,2.17491182546693e-05,5.85206894927921e-05,4.57851162849233e-05,0.000483328063465045,0.493751099971835,856.08
28,"VNIR_Plant_Spectrum_X857.22",0.232135616468836,0.000592710597392695,1.6954379069788e-05,5.80334422603162e-05,4.83488749620756e-05,0.0004805246417101,0.495340547325346,857.22
28,"VNIR_Plant_Spectrum_X858.36",0.231749600725711,0.00059185312919482,1.7628091156958e-05,5.78706978984572e-05,5.21668874172142e-05,0.000472930318961249,0.496334071593293,858.36
28,"VNIR_Plant_Spectrum_X859.5",0.232114536407666,0.000593604375999155,1.90818735804937e-05,5.52539880473973e-05,5.44199837524187e-05,0.000475988882044811,0.495351792147158,859.5
28,"VNIR_Plant_Spectrum_X860.65",0.231821102783401,0.000587022167021919,1.94294794444961e-05,5.92520104145753e-05,4.80820647591258e-05,0.000479959888859643,0.491748126115549,860.65
28,"VNIR_Plant_Spectrum_X861.79",0.231303256398197,0.000585253327566966,1.59542962314443e-05,6.15686027895677e-05,4.8803691058522e-05,0.000472767038008538,0.494156990713312,861.79
28,"VNIR_Plant_Spectrum_X862.93",0.231141228586614,0.000581217301388751,1.96087733355482e-05,5.7777546227228e-05,5.11843034246479e-05,0.00047357210383043,0.491158470401938,862.93
28,"VNIR_Plant_Spectrum_X864.07",0.230589584237734,0.000573426362654032,2.20376413777388e-05,4.93221330785251e-05,5.84080368818715e-05,0.000468512049719048,0.489394313224508,864.07
28,"VNIR_Plant_Spectrum_X865.21",0.230518274889965,0.000583714335484836,1.94373171139657e-05,5.9760680482655e-05,4.95059862575464e-05,0.000469737669553106,0.493770992127596,865.21
28,"VNIR_Plant_Spectrum_X866.35",0.230549502899016,0.000583136256975569,2.17658769357631e-05,5.4652904057734e-05,5.26669293220047e-05,0.000477544966604544,0.490126461210537,866.35
28,"VNIR_Plant_Spectrum_X867.49",0.229839147755837,0.000578419672999716,2.70691358360219e-05,5.79128778239275e-05,5.16624168725319e-05,0.000466786691939642,0.489418524923689,867.49
28,"VNIR_Plant_Spectrum_X868.64",0.229636554932719,0.000575696308522412,2.22511116212793e-05,5.88640988192277e-05,4.65840013749269e-05,0.000471943090470434,0.489813151059937,868.64
28,"VNIR_Plant_Spectrum_X869.78",0.229670451182117,0.00057644470608202,1.88958914781675e-05,6.21824702178675e-05,5.21038750016769e-05,0.000469425073954094,0.48890523734387,869.78
28,"VNIR_Plant_Spectrum_X870.92",0.228992928160583,0.000574288712862488,2.60164402032006e-05,5.43789066910434e-05,5.45222547538733e-05,0.00046515070363743,0.489023954374747,870.92
28,"VNIR_Plant_Spectrum_X872.06",0.228912180061524,0.000576039171930271,2.24947809455892e-05,5.43179741269147e-05,5.21600470624872e-05,0.000470472022318106,0.490044248754199,872.06
28,"VNIR_Plant_Spectrum_X873.2",0.228057937639781,0.000571523846501605,1.91950840247479e-05,5.89028682696811e-05,4.79637737687267e-05,0.000467077694479991,0.490720247365408,873.2
28,"VNIR_Plant_Spectrum_X874.34",0.228465900733189,0.000579504379666964,1.80843868655271e-05,5.68074663654623e-05,5.08653980032319e-05,0.000466744848668539,0.494454928167049,874.34
28,"VNIR_Plant_Spectrum_X875.48",0.227899127586452,0.000576649968669392,1.84250019516641e-05,5.5021131962509e-05,5.0035099371452e-05,0.000472406086740122,0.491796699541316,875.48
28,"VNIR_Plant_Spectrum_X876.62",0.227829301729805,0.0005713502772214,1.88554836876625e-05,5.36994236707927e-05,5.42630217624718e-05,0.000467448365604062,0.490170001844893,876.62
28,"VNIR_Plant_Spectrum_X877.77",0.227723205832183,0.00056929136549443,2.22175317703388e-05,6.20098431508023e-05,4.7350629277853e-05,0.000465490498558687,0.488092381254133,877.77
28,"VNIR_Plant_Spectrum_X878.91",0.22697593236082,0.000566778382535351,2.19743878775385e-05,5.49137615491694e-05,5.22038396107081e-05,0.000462486441606948,0.489295160253369,878.91
28,"VNIR_Plant_Spectrum_X880.05",0.227201124777615,0.00057836497277448,2.0964531507748e-05,5.33576491547175e-05,5.01358901547104e-05,0.000463883028677533,0.495724661524721,880.05
28,"VNIR_Plant_Spectrum_X881.19",0.227080880676105,0.000569834658866131,2.64532163569494e-05,4.95363847051682e-05,5.50294718157574e-05,0.00046716642698858,0.487863719308112,881.19
28,"VNIR_Plant_Spectrum_X882.33",0.226487149119355,0.00056844531575194,2.07546939136777e-05,5.48888767767344e-05,5.36213150836137e-05,0.000465494368602996,0.488689032307463,882.33
28,"VNIR_Plant_Spectrum_X883.47",0.226386012573346,0.000559026129596889,2.27126730851286e-05,5.79040274738701e-05,5.24009823056949e-05,0.000459488775371461,0.485462709004932,883.47
28,"VNIR_Plant_Spectrum_X884.61",0.225713310801544,0.000561659940152593,2.24007184556587e-05,5.67925926954936e-05,4.86338273891907e-05,0.000456748108087926,0.490004099184901,884.61
28,"VNIR_Plant_Spectrum_X885.75",0.226122485184672,0.000558657315928105,2.4336338082852e-05,5.80171585096993e-05,5.14418902392112e-05,0.00046538050978801,0.482502410428138,885.75
28,"VNIR_Plant_Spectrum_X886.9",0.225952773567805,0.000559137219932187,1.91385254036147e-05,5.65747863695573e-05,5.18042189719332e-05,0.000456684010446755,0.489038978598508,886.9
28,"VNIR_Plant_Spectrum_X888.04",0.225373645091467,0.000563764820928909,1.99359662635779e-05,5.59054769703247e-05,4.97678051659953e-05,0.000461849782932922,0.489709121142095,888.04
28,"VNIR_Plant_Spectrum_X889.18",0.22541581719809,0.000559924899507993,2.04771791683546e-05,4.92869590623039e-05,5.639937102233e-05,0.000455611751650414,0.490430779396783,889.18
28,"VNIR_Plant_Spectrum_X890.32",0.225117794763929,0.000561235918344253,2.32753920699891e-05,5.27431644590926e-05,5.09627434904267e-05,0.00046084504517027,0.488429510005948,890.32
28,"VNIR_Plant_Spectrum_X891.46",0.224890250222378,0.000559594247143012,2.19777585496587e-05,5.81594116212724e-05,4.97206215487843e-05,0.000462300957662072,0.485863070321053,891.46
28,"VNIR_Plant_Spectrum_X892.6",0.224551440445699,0.000560651603138414,2.05622403434632e-05,5.01442643581022e-05,5.39898292920164e-05,0.000458253617804733,0.490250822690979,892.6
28,"VNIR_Plant_Spectrum_X893.74",0.224097074562526,0.000559416596989678,1.53354230019303e-05,5.31840856832421e-05,5.14165440239672e-05,0.000451769646018327,0.494567739587346,893.74
28,"VNIR_Plant_Spectrum_X894.88",0.22390614119581,0.000564513899905004,1.64795228436539e-05,4.89636033023953e-05,5.15539177574786e-05,0.000462708764010687,0.493361455013668,894.88
28,"VNIR_Plant_Spectrum_X896.02",0.223418892560162,0.000556215090310774,2.03080991770431e-05,5.43448530726733e-05,4.85690760935487e-05,0.000462047790470283,0.487273275244145,896.02
28,"VNIR_Plant_Spectrum_X897.17",0.223000416485743,0.000558220047815836,1.95183826485506e-05,4.90413430710278e-05,5.51046224574325e-05,0.000449023769864643,0.493603339925109,897.17
28,"VNIR_Plant_Spectrum_X898.31",0.222573886590813,0.00054965761892666,2.1341348877536e-05,5.44980473806749e-05,5.23311096618879e-05,0.00045588017689389,0.484831607991878,898.31
35,"VNIR_Plant_Spectrum_X351.44",0.211691752131639,6.72681323056275e-17,2.23124623400076e-05,0.000141983050260069,0.000445521033339924,0.000413979979680978,6.57045913149802e-14,351.44
35,"VNIR_Plant_Spectrum_X352.58",0.21568265561318,1.54870449840798e-05,7.6051217501367e-05,3.2698705579459e-05,0.000643719818539266,0.00025373422961355,0.0151582471982699,352.58
35,"VNIR_Plant_Spectrum_X353.72",0.211551407199895,1.44438886960358e-05,0.000188537989393888,2.54083271754248e-06,0.000586330629320183,0.000418908603391464,0.0119295859713382,353.72
35,"VNIR_Plant_Spectrum_X354.86",0.203753488846053,0,0,6.16013173106752e-05,0.000484049231852466,0.000381948989688731,0,354.86
35,"VNIR_Plant_Spectrum_X356",0.212992590935997,2.8380471319477e-18,0.000266791726102843,0.000131382309026741,0.000454873152294771,0.000301355374620429,2.45845533027983e-15,356
35,"VNIR_Plant_Spectrum_X357.15",0.196449838478171,7.19197507592358e-18,0,0.000258087241498352,0.000323634701535236,0.000306517538754149,8.09688740861689e-15,357.15
35,"VNIR_Plant_Spectrum_X358.29",0.198765417254683,0,2.62088237221187e-05,0.000172132885767684,0.000325072327582505,0.00030092724154585,0,358.29
35,"VNIR_Plant_Spectrum_X359.43",0.190101128884534,1.03259686390229e-05,0.000246536203592985,8.92876232576038e-05,0.000297120887571065,0.000303093663755731,0.0109111978634441,359.43
35,"VNIR_Plant_Spectrum_X360.57",0.199626869793756,0,3.37521233202766e-05,0.000174578700260532,0.000273199260347087,0.00033988172665055,0,360.57
35,"VNIR_Plant_Spectrum_X361.72",0.197157430995231,0,3.78455641957135e-05,0.000103752825292752,0.00027841069075378,0.000366580101680135,0,361.72
35,"VNIR_Plant_Spectrum_X362.86",0.190884212462948,7.40505335093615e-07,0.000168402763673616,3.11564576261078e-05,0.000350553677522174,0.000368366884792419,0.000805579841954913,362.86
35,"VNIR_Plant_Spectrum_X364",0.190488061877832,1.38189787538993e-17,7.83208110766122e-05,7.96616358996202e-05,0.000282674419338667,0.000351917472483079,1.74355616595624e-14,364
35,"VNIR_Plant_Spectrum_X365.14",0.195108838829917,0,0.000640737555199333,0.00034298339495236,0.000384828594059724,0.00041596380402114,0,365.14
35,"VNIR_Plant_Spectrum_X366.29",0.179467842338567,1.93658905655346e-05,0.000182706615733414,9.99386760750194e-05,0.000310737749111627,0.000341644108530954,0.0202913157929135,366.29
35,"VNIR_Plant_Spectrum_X367.43",0.18595863407462,2.63794301470215e-05,6.83625566811996e-06,3.72522481409283e-05,0.000265912438426008,0.000368046177630137,0.0374480918508311,367.43
35,"VNIR_Plant_Spectrum_X368.57",0.17444933897567,2.82224839218193e-05,1.981399150822e-05,4.90327263781505e-05,0.00026015590281005,0.000214592999114321,0.0493557019926375,368.57
35,"VNIR_Plant_Spectrum_X369.71",0.175984905630515,0,0.00010285787143187,6.30628289801268e-05,0.000252124137288864,0.000305117772598812,0,369.71
35,"VNIR_Plant_Spectrum_X370.86",0.160860606242864,5.22790349813903e-07,5.10855357974296e-06,7.11642119360793e-05,0.000162393705523212,0.000211378110081606,0.00116029340541847,370.86
35,"VNIR_Plant_Spectrum_X372",0.15719878931132,3.71199433754424e-06,8.04163652543604e-05,3.9521606080729e-05,0.000181427315320496,0.000195163798428,0.00742041085837992,372
35,"VNIR_Plant_Spectrum_X373.14",0.15360891996755,0,7.01055132534875e-05,7.11822385932094e-05,0.000170747215716965,0.000152687316448174,0,373.14
35,"VNIR_Plant_Spectrum_X374.28",0.144122952605035,0,4.14807123908886e-05,8.48710377326616e-05,0.000186161936510927,0.000118603296029089,0,374.28
35,"VNIR_Plant_Spectrum_X375.43",0.142750848630248,1.43839721429019e-05,1.11622833240302e-06,2.08894297811449e-05,0.00014725265181367,0.000136999964845668,0.0448598782015135,375.43
35,"VNIR_Plant_Spectrum_X376.57",0.135265406047737,0,9.1551075043617e-05,3.26420509369405e-05,0.000156741367868131,0.000106335797085222,0,376.57
35,"VNIR_Plant_Spectrum_X377.71",0.13018845825459,4.6592916334189e-06,6.21227247208905e-05,1.55909785528913e-05,0.00013351195890963,0.000112051360516632,0.014207916079343,377.71
35,"VNIR_Plant_Spectrum_X378.85",0.126240584770869,0,3.67296919960072e-05,2.34712569265508e-05,0.000121417801931474,7.99173693686933e-05,0,378.85
35,"VNIR_Plant_Spectrum_X380",0.116152598830451,0,2.2179409120965e-06,4.40800611523262e-05,7.23822040457058e-05,9.44501898411826e-05,0,380
35,"VNIR_Plant_Spectrum_X381.14",0.113271151341278,3.30879227521527e-06,3.95544096923998e-05,1.84045603758658e-05,7.2640378539314e-05,9.79994203953422e-05,0.0142677205390767,381.14
35,"VNIR_Plant_Spectrum_X382.28",0.102916680511883,0,2.43903344791729e-05,3.06212207896667e-05,4.14037579355062e-05,8.66378995376807e-05,0,382.28
35,"VNIR_Plant_Spectrum_X383.42",0.0967166478243412,5.502171814952e-07,1.87824038360926e-07,2.64263709330486e-06,5.77062987432731e-05,7.99470369954443e-05,0.00390130838432214,383.42
35,"VNIR_Plant_Spectrum_X384.57",0.103533401561465,0,2.08760198418933e-05,1.30583459932333e-05,7.0067379865327e-05,0.000140712794580151,0,384.57
35,"VNIR_Plant_Spectrum_X385.71",0.0926969253527807,3.64657796647313e-06,9.99198871743401e-06,3.36902954651894e-06,4.2101332227177e-05,7.65057020288022e-05,0.0268892666919052,385.71
35,"VNIR_Plant_Spectrum_X386.85",0.0860485679753665,5.11605615999641e-07,5.18638858347403e-06,6.82698898196572e-06,4.44368833177802e-05,4.61683314993584e-05,0.00496077410814915,386.85
35,"VNIR_Plant_Spectrum_X387.99",0.0828184497487832,0,0,1.35003435850355e-05,3.26972698437349e-05,4.98224176889154e-05,0,387.99
35,"VNIR_Plant_Spectrum_X389.14",0.0798779539408307,2.94126063296941e-06,7.95123323704249e-06,5.29330665826352e-06,2.94754035371268e-05,4.40934648208023e-05,0.0327700014881508,389.14
35,"VNIR_Plant_Spectrum_X390.28",0.0780575422226831,9.22149123698515e-07,6.88044600197843e-07,1.63161642748203e-05,2.27924022518124e-05,3.5445119945297e-05,0.0121074336198151,390.28
35,"VNIR_Plant_Spectrum_X391.42",0.0725972080484013,1.95106117046349e-07,1.63771150843321e-07,1.79955758405804e-18,3.82016287836826e-05,3.04080073420032e-05,0.00282891579716895,391.42
35,"VNIR_Plant_Spectrum_X392.56",0.0707849843961899,0,5.17867066984137e-08,1.34869726821716e-06,2.74730382257431e-05,5.88225214480713e-05,0,392.56
35,"VNIR_Plant_Spectrum_X393.71",0.0652165225979131,1.10056016231812e-06,3.55877819613768e-07,0,1.55678463271462e-05,4.23529317309101e-05,0.0185350583223191,393.71
35,"VNIR_Plant_Spectrum_X394.85",0.0624177693347293,2.35441407099701e-06,4.86362842755965e-06,2.27711860818471e-06,2.05707868944791e-05,3.07210015112603e-05,0.0387322293663314,394.85
35,"VNIR_Plant_Spectrum_X395.99",0.0655703827689779,0,1.32363392745527e-06,5.06135097916408e-18,1.97757013742068e-05,4.301241415962e-05,0,395.99
35,"VNIR_Plant_Spectrum_X397.13",0.064173514615078,5.7062343408223e-07,7.35309644541253e-06,4.43142081204244e-06,1.60385378464468e-05,2.26296100362001e-05,0.0111835879267677,397.13
35,"VNIR_Plant_Spectrum_X398.28",0.0605815464829927,1.02761822330758e-06,3.84376604402329e-07,4.68612980309336e-06,1.55787073620405e-05,1.85876420708083e-05,0.0255217098249705,398.28
35,"VNIR_Plant_Spectrum_X399.42",0.0601602696031156,0,7.00378116315307e-07,7.9215357685049e-06,2.50286263819563e-06,6.80446001042852e-05,0,399.42
35,"VNIR_Plant_Spectrum_X400.56",0.0569209625845647,1.71218898049902e-07,1.79638281010295e-06,0,6.89517139021781e-06,3.57243399115007e-05,0.00384009832643783,400.56
35,"VNIR_Plant_Spectrum_X401.7",0.055465179969379,0,1.32915543562922e-06,1.33419174379333e-06,1.49801598589707e-05,2.27292759955239e-05,0,401.7
35,"VNIR_Plant_Spectrum_X402.85",0.0551061377070385,0,1.6100600245723e-05,1.89963344133732e-06,0,4.57160135759187e-05,0,402.85
35,"VNIR_Plant_Spectrum_X403.99",0.052703888987162,7.88272207958903e-07,5.79420824812874e-07,3.31557351522533e-06,6.76410808160781e-06,2.56716452493682e-05,0.0212363421913906,403.99
35,"VNIR_Plant_Spectrum_X405.13",0.0526819864613725,1.54015762426682e-06,1.16735952896164e-06,2.8988646596644e-06,8.39008778819024e-06,2.01497593682492e-05,0.0451047647355169,405.13
35,"VNIR_Plant_Spectrum_X406.27",0.04792702997701,1.07496675817454e-06,3.06994438794101e-06,2.35839256365713e-06,5.36899826493626e-06,1.95473125471866e-05,0.0342132382759001,406.27
35,"VNIR_Plant_Spectrum_X407.41",0.0476457582290649,1.62744823232789e-06,0,2.6202988625449e-06,8.64086822198915e-06,1.25248307226456e-05,0.0640388646938265,407.41
35,"VNIR_Plant_Spectrum_X408.55",0.0456613257395625,1.18683886624898e-07,2.3412530289124e-19,3.32886753132626e-06,7.47912480847749e-06,1.60531338708875e-05,0.00439898895495574,408.55
35,"VNIR_Plant_Spectrum_X409.7",0.0474863277444002,2.71379402942105e-06,0,8.16742112848601e-07,7.78875750806237e-06,1.28085779926913e-05,0.112475483522632,409.7
35,"VNIR_Plant_Spectrum_X410.84",0.0458264589401576,2.52519409072933e-06,1.69207892382469e-06,1.80217620126687e-06,5.387795959611e-06,1.73849166502237e-05,0.0877042198505299,410.84
35,"VNIR_Plant_Spectrum_X411.98",0.0458147535387608,2.61048991634039e-06,2.59720450316231e-06,1.67328620931401e-08,4.61569074277799e-06,2.08511029093912e-05,0.0850565678691673,411.98
35,"VNIR_Plant_Spectrum_X413.12",0.0438564938342516,4.04554135188476e-06,6.68598345363435e-07,4.93331727919015e-07,3.79954812625231e-06,1.42402948436218e-05,0.174021879824006,413.12
35,"VNIR_Plant_Spectrum_X414.26",0.0422323226382513,3.60168797680927e-06,4.137319951975e-08,0,5.78886051752611e-06,1.11940138575734e-05,0.174619375098349,414.26
35,"VNIR_Plant_Spectrum_X415.4",0.0428272804385966,4.57666900502996e-06,5.84121182759678e-20,1.22841083543599e-06,6.10957300737687e-06,1.15255330707237e-05,0.195248835522455,415.4
35,"VNIR_Plant_Spectrum_X416.54",0.0412621109098337,3.28204114454996e-06,2.32065418088588e-06,6.26781939176057e-23,8.43559147062076e-06,9.56712145992819e-06,0.139037677677862,416.54
35,"VNIR_Plant_Spectrum_X417.68",0.0392733141924564,4.62634790055132e-06,2.04261438651747e-07,1.54367257971743e-06,1.62930347185202e-06,1.52693025156326e-05,0.19878701427845,417.68
35,"VNIR_Plant_Spectrum_X418.83",0.0405054292661957,4.72399650754121e-06,1.39891547051912e-06,0,4.70325335299532e-06,1.32370539866077e-05,0.196316064163269,418.83
35,"VNIR_Plant_Spectrum_X419.97",0.041064687505393,6.17988267845257e-06,1.23155263194083e-06,0,6.00378851759088e-06,8.99112235915902e-06,0.27580947945893,419.97
35,"VNIR_Plant_Spectrum_X421.11",0.0395148273714507,5.66187715922014e-06,6.08162037151957e-07,2.91970660402918e-07,5.31900379712692e-06,1.03690646238227e-05,0.254465493943384,421.11
35,"VNIR_Plant_Spectrum_X422.25",0.0386597775522811,8.05938693914821e-06,0,0,4.80599201329987e-06,8.88645194555148e-06,0.370515336246449,422.25
35,"VNIR_Plant_Spectrum_X423.39",0.0368324215624597,6.93082590869603e-06,9.5584208812965e-07,1.14713142899956e-18,3.27267763594535e-06,1.12245136932775e-05,0.309634983303801,423.39
35,"VNIR_Plant_Spectrum_X424.53",0.0386780414036146,7.54840937242865e-06,2.3260168295539e-07,6.2510251287967e-07,5.0251030544046e-06,8.45466793004008e-06,0.344898528284274,424.53
35,"VNIR_Plant_Spectrum_X425.67",0.0369178956373043,7.56936549298557e-06,1.37714983390211e-06,0,4.28110065394509e-06,9.91049223433577e-06,0.327138477467374,425.67
35,"VNIR_Plant_Spectrum_X426.81",0.0370551886588747,8.40497135321492e-06,1.34519389036152e-06,1.3970310926957e-20,3.79899608855405e-06,9.57732047844824e-06,0.363434932388645,426.81
35,"VNIR_Plant_Spectrum_X427.96",0.0372552019923435,7.66018835688998e-06,2.27926541868082e-06,0,2.69827776103704e-06,1.33036130285753e-05,0.295288794211962,427.96
35,"VNIR_Plant_Spectrum_X429.1",0.036823062134749,1.03152022693706e-05,1.49558366714249e-07,0,3.66407923311527e-06,9.83800781242373e-06,0.43039461869988,429.1
35,"VNIR_Plant_Spectrum_X430.24",0.0369991933236127,9.72645010926337e-06,2.63398774334038e-07,0,1.40135583843688e-06,1.42994820336608e-05,0.37859829134802,430.24
35,"VNIR_Plant_Spectrum_X431.38",0.035639985540094,1.0768123796763e-05,1.75970177116076e-06,5.40828051126327e-07,3.28937154775959e-06,8.58492422818356e-06,0.431710124822867,431.38
35,"VNIR_Plant_Spectrum_X432.52",0.0371463714312299,1.10557107585241e-05,3.31477995382432e-07,2.41562986931479e-07,4.27221412953681e-06,8.55628978379426e-06,0.45204216347305,432.52
35,"VNIR_Plant_Spectrum_X433.66",0.0363079062127674,1.17806129421358e-05,2.42329062710559e-06,5.87185831719983e-08,4.12926512986018e-06,7.56344214269193e-06,0.453880309097694,433.66
35,"VNIR_Plant_Spectrum_X434.8",0.0366309910799164,1.13574129503738e-05,0,1.67562037428441e-19,3.73843983640001e-06,9.82207479216584e-06,0.455792838886524,434.8
35,"VNIR_Plant_Spectrum_X435.94",0.0360216412064146,1.16168989506312e-05,1.15209474957558e-06,1.02809747829886e-07,4.98238083283875e-06,8.65365659501564e-06,0.438243876784276,435.94
35,"VNIR_Plant_Spectrum_X437.09",0.0362839442111604,1.25508962398314e-05,3.70753354391745e-08,1.07778952569944e-07,2.4413747053028e-06,1.07653600369958e-05,0.484544093315258,437.09
35,"VNIR_Plant_Spectrum_X438.23",0.0366131326992682,1.23964735741e-05,1.57875296324622e-06,9.84646110421924e-18,3.46549182066083e-06,1.08738395151595e-05,0.437812719154047,438.23
35,"VNIR_Plant_Spectrum_X439.37",0.0368020545725677,1.30804014236097e-05,1.54864973255394e-06,4.78647541052798e-20,4.66690902518549e-06,8.9837889442483e-06,0.462535978148758,439.37
35,"VNIR_Plant_Spectrum_X440.52",0.0367026774039767,1.37602163070178e-05,1.53094790295375e-06,1.33661940483033e-19,4.55924693064204e-06,7.48127395947015e-06,0.503452906640418,440.52
35,"VNIR_Plant_Spectrum_X441.66",0.0370431455218098,1.41557805592486e-05,1.26371291206441e-06,0,3.69365267153527e-06,1.12070552442107e-05,0.466876205027135,441.66
35,"VNIR_Plant_Spectrum_X442.8",0.0362932722331833,1.45522536185557e-05,0,1.97235626774e-07,3.21852713727787e-06,8.93526192069501e-06,0.540910050236119,442.8
35,"VNIR_Plant_Spectrum_X443.95",0.0364004425881504,1.48069875432996e-05,4.43564350900797e-08,7.5760270158308e-18,4.94790309929055e-06,8.93916040682571e-06,0.51523340502701,443.95
35,"VNIR_Plant_Spectrum_X445.09",0.0370412440920641,1.54464605047442e-05,0,2.85055487442721e-07,3.53222930704117e-06,9.79512283701296e-06,0.531557541481803,445.09
35,"VNIR_Plant_Spectrum_X446.23",0.0358366889268893,1.57801472295936e-05,5.6470124603681e-07,1.91044889980622e-14,3.35426771339262e-06,1.06954608603873e-05,0.519176404199419,446.23
35,"VNIR_Plant_Spectrum_X447.37",0.0357525403637274,1.60179868805804e-05,2.75780882307654e-07,3.51186409875508e-07,3.27739582085779e-06,8.8538641386628e-06,0.556639827843432,447.37
35,"VNIR_Plant_Spectrum_X448.52",0.0355832995586423,1.62719142771889e-05,1.58958196529471e-06,0,3.7749524154332e-06,1.01073040951101e-05,0.512602098554253,448.52
35,"VNIR_Plant_Spectrum_X449.66",0.0349472670285234,1.68982969305933e-05,6.81495452192165e-07,6.03227832379737e-07,2.93109856133679e-06,1.10170570850063e-05,0.525915920519943,449.66
35,"VNIR_Plant_Spectrum_X450.8",0.03456111187151,1.63677455275672e-05,2.97245429638578e-07,2.81910126360322e-07,4.28213019772729e-06,9.86211292356571e-06,0.526443974519572,450.8
35,"VNIR_Plant_Spectrum_X451.95",0.0346888250156345,1.70188494252369e-05,9.58509884919489e-07,9.80891429950849e-08,3.55985212720571e-06,9.76921784464959e-06,0.5419235918512,451.95
35,"VNIR_Plant_Spectrum_X453.09",0.0357333721174953,1.70925840274375e-05,3.46379138505913e-07,0,3.65591702965817e-06,9.94469479401188e-06,0.550670685186799,453.09
35,"VNIR_Plant_Spectrum_X454.23",0.0353095398818879,1.68288889513708e-05,1.012919260951e-07,0,3.94788080454008e-06,1.00252709240961e-05,0.544565505794279,454.23
35,"VNIR_Plant_Spectrum_X455.38",0.0353817955788347,1.7466155852187e-05,1.00990249304926e-06,3.93567171098456e-07,3.52837744983662e-06,9.74963008233164e-06,0.54331078825725,455.38
35,"VNIR_Plant_Spectrum_X456.52",0.0356938912655872,1.70467481323609e-05,7.31613564122876e-07,9.25583585819698e-07,2.95224060263676e-06,8.88482227818473e-06,0.558159312924812,456.52
35,"VNIR_Plant_Spectrum_X457.66",0.0352583198402053,1.7433415564957e-05,3.00231400296043e-07,0,3.56763236373786e-06,1.015736904085e-05,0.554169249740248,457.66
35,"VNIR_Plant_Spectrum_X458.8",0.0350654817948878,1.81248339564254e-05,8.29613166010106e-08,3.27202325038546e-07,3.2131341576439e-06,9.97550642551216e-06,0.57133528799211,458.8
35,"VNIR_Plant_Spectrum_X459.95",0.0351752287187337,1.79524717261662e-05,0,9.98849546100617e-08,3.21697357161919e-06,1.04076674847426e-05,0.566735265606271,459.95
35,"VNIR_Plant_Spectrum_X461.09",0.0355279994038312,1.75367565961668e-05,1.2352751579781e-07,4.52961651850187e-07,3.01950591713072e-06,1.03162875206762e-05,0.557624558376414,461.09
35,"VNIR_Plant_Spectrum_X462.23",0.0354104473927127,1.83634556090142e-05,7.32187519544151e-07,0,2.86468933863574e-06,1.08336429219535e-05,0.559964304147498,462.23
35,"VNIR_Plant_Spectrum_X463.38",0.0355519587403478,1.75439898339538e-05,5.23489290675208e-07,4.97407978021219e-07,2.51676728279628e-06,1.10133884058228e-05,0.546626154950204,463.38
35,"VNIR_Plant_Spectrum_X464.52",0.0351058308691468,1.80293842389262e-05,9.10829564897437e-07,4.60043585350658e-07,2.87336496290271e-06,1.02489938690962e-05,0.554364511031818,464.52
35,"VNIR_Plant_Spectrum_X465.66",0.0349781519521856,1.81567798977584e-05,5.14841455721116e-07,1.78654573396516e-07,3.43664153609616e-06,9.97182169923362e-06,0.562848405402986,465.66
35,"VNIR_Plant_Spectrum_X466.81",0.0349396032442953,1.76300497724812e-05,8.15128334053666e-07,9.25999826091964e-07,2.6741438174839e-06,9.91178196417859e-06,0.551678585459486,466.81
35,"VNIR_Plant_Spectrum_X467.95",0.0348452271212409,1.79620197094176e-05,3.44967376987941e-07,6.33710398796049e-07,3.11487378975507e-06,9.48262047329876e-06,0.56953232616487,467.95
35,"VNIR_Plant_Spectrum_X469.09",0.0348413949502581,1.82013046053277e-05,1.3631851530482e-06,6.62475928598215e-07,2.9614801236386e-06,9.43776700637445e-06,0.557873655377219,469.09
35,"VNIR_Plant_Spectrum_X470.23",0.0351672184901844,1.77448522016628e-05,4.76300570414457e-07,4.98686772678073e-07,2.54442201768782e-06,1.06331598105426e-05,0.556309928447416,470.23
35,"VNIR_Plant_Spectrum_X471.38",0.0348650335874626,1.80708480716029e-05,3.19341107586637e-07,7.76346248887928e-07,2.34081622429975e-06,1.01341902144168e-05,0.571111488424881,471.38
35,"VNIR_Plant_Spectrum_X472.52",0.0345854471448723,1.83001374095526e-05,4.78153171305615e-07,7.19086517351048e-07,3.08561071356724e-06,9.43701423824524e-06,0.571522056149904,472.52
35,"VNIR_Plant_Spectrum_X473.66",0.0345024718820758,1.81866534347022e-05,9.81292503623768e-07,7.37457885210957e-07,3.21142796174734e-06,9.13940027891734e-06,0.563818284742749,473.66
35,"VNIR_Plant_Spectrum_X474.81",0.0346461424278576,1.79687475429348e-05,4.98200946118804e-07,5.88935285925737e-07,3.21619381127827e-06,9.23996944686467e-06,0.570218352493821,474.81
35,"VNIR_Plant_Spectrum_X475.95",0.0347590674909456,1.81356042637723e-05,4.45623202281581e-07,3.56196664699159e-07,3.30038367384576e-06,9.28024144262019e-06,0.575403766950218,475.95
35,"VNIR_Plant_Spectrum_X477.09",0.0348267725384714,1.77501608916802e-05,6.90739957954688e-07,1.01668349331476e-06,2.78012308307515e-06,9.16942156000246e-06,0.565163434695896,477.09
35,"VNIR_Plant_Spectrum_X478.24",0.0346913532147866,1.79530223124007e-05,1.02886220031384e-06,9.6354532164863e-07,2.40998682402825e-06,9.41136251275778e-06,0.565150851953721,478.24
35,"VNIR_Plant_Spectrum_X479.38",0.0344517204860357,1.77487654466411e-05,8.28159957776043e-07,1.99280819321295e-07,3.6198139908378e-06,8.71241202899343e-06,0.570545159835559,479.38
35,"VNIR_Plant_Spectrum_X480.52",0.034538366791085,1.7860472130797e-05,3.22957683305261e-07,8.54023431377851e-07,2.83898820890735e-06,9.11113879994865e-06,0.576375179481714,480.52
35,"VNIR_Plant_Spectrum_X481.66",0.0346732605211428,1.76959535273973e-05,1.18660663325869e-06,9.78739724613131e-07,2.42651784601097e-06,9.13716703382897e-06,0.563117330355717,481.66
35,"VNIR_Plant_Spectrum_X482.81",0.0345578457273883,1.76397025500677e-05,7.52077195631823e-07,7.04754435942125e-07,2.83881988976254e-06,9.29589206666202e-06,0.564809437064618,482.81
35,"VNIR_Plant_Spectrum_X483.95",0.0347664449754115,1.75667145468227e-05,2.87705204994937e-07,3.47745915134974e-07,3.07903275551649e-06,9.01418292706792e-06,0.57984794263338,483.95
35,"VNIR_Plant_Spectrum_X485.09",0.0344370105665127,1.729740836208e-05,4.91625916283964e-07,1.0931298156317e-06,2.48185975196344e-06,8.65804625697992e-06,0.576156417687755,485.09
35,"VNIR_Plant_Spectrum_X486.24",0.0346926342602172,1.75511997932078e-05,6.01987585899231e-07,6.99527828743714e-07,2.85056440324753e-06,8.88115093242018e-06,0.573860604278188,486.24
35,"VNIR_Plant_Spectrum_X487.38",0.0345350604790705,1.74345306201844e-05,6.56900290854084e-07,3.67237763374049e-07,3.32253599455928e-06,8.9257640512954e-06,0.567771139476795,487.38
35,"VNIR_Plant_Spectrum_X488.52",0.0346574466179004,1.75730528838855e-05,1.03491870855836e-06,4.24010449725257e-07,3.22082485837982e-06,8.27367530667341e-06,0.575665835473432,488.52
35,"VNIR_Plant_Spectrum_X489.67",0.0348974958041344,1.715063184105e-05,1.97830566679836e-07,1.03164308772683e-06,2.60159509537757e-06,9.03815062026419e-06,0.571309688394104,489.67
35,"VNIR_Plant_Spectrum_X490.81",0.0349659106152901,1.71719411721914e-05,6.57377910738832e-07,9.22936752754299e-07,2.89273842399659e-06,8.48219259403875e-06,0.56998156700021,490.81
35,"VNIR_Plant_Spectrum_X491.95",0.0352226864238553,1.69359472413141e-05,6.17707651535828e-07,9.20986300679118e-07,2.75983183624803e-06,8.69947026179961e-06,0.565777354368137,491.95
35,"VNIR_Plant_Spectrum_X493.09",0.0354673647371192,1.6916040999899e-05,6.37819946067987e-07,1.11322982250411e-06,2.52886086237634e-06,9.2075574091485e-06,0.556384494225515,493.09
35,"VNIR_Plant_Spectrum_X494.24",0.0358510742760832,1.69225403006403e-05,4.07130632231409e-07,1.26256060525979e-06,2.39856716173851e-06,8.95179937557611e-06,0.565166064013573,494.24
35,"VNIR_Plant_Spectrum_X495.38",0.0358645304501366,1.6948026695461e-05,4.53954840219394e-07,1.06611458918758e-06,2.94366124558612e-06,8.58350106375423e-06,0.565023526389507,495.38
35,"VNIR_Plant_Spectrum_X496.52",0.0361777290999535,1.69533007889013e-05,1.05643082557474e-06,7.76961308814574e-07,3.15795286285593e-06,8.9145531150341e-06,0.549375920068122,496.52
35,"VNIR_Plant_Spectrum_X497.67",0.036245806837767,1.70569560498297e-05,8.58703757058989e-07,8.99595646050516e-07,3.08575113576351e-06,9.18940046320576e-06,0.548624404349272,497.67
35,"VNIR_Plant_Spectrum_X498.81",0.0365725495687717,1.74997717862721e-05,6.95970897963473e-07,7.01632438671737e-07,3.06837263325075e-06,9.03758680499921e-06,0.564448051603998,498.81
35,"VNIR_Plant_Spectrum_X499.95",0.0370542965426036,1.8069965829142e-05,1.16670470101448e-06,7.43181193674324e-07,2.96454312795699e-06,9.73916158012373e-06,0.552876363586273,499.95
35,"VNIR_Plant_Spectrum_X501.1",0.0371586150378462,1.83563918677406e-05,1.05716978005879e-06,8.67080279692023e-07,3.32878505073101e-06,9.439001138524e-06,0.555439181642621,501.1
35,"VNIR_Plant_Spectrum_X502.24",0.037431820265479,1.86007142420314e-05,1.02258053237633e-06,7.77203991049784e-07,3.47357816882491e-06,9.51433523444718e-06,0.557100893209056,502.24
35,"VNIR_Plant_Spectrum_X503.38",0.037719516928017,1.88766337952307e-05,1.22338588080841e-06,1.26643556523669e-06,3.20260088563652e-06,9.78235288216595e-06,0.549515561071804,503.38
35,"VNIR_Plant_Spectrum_X504.52",0.0383560068998022,1.96147580633339e-05,1.26818763454732e-06,1.14906917786879e-06,3.38304785367652e-06,9.94744225295589e-06,0.554676714025376,504.52
35,"VNIR_Plant_Spectrum_X505.67",0.0387404188974801,1.9976836116771e-05,7.08330539685568e-07,1.23439005948039e-06,3.39981967468278e-06,1.04378243499327e-05,0.558680089689324,505.67
35,"VNIR_Plant_Spectrum_X506.81",0.0394608043232184,2.09042352981119e-05,1.20338054673418e-06,1.25106707729158e-06,3.61019637696189e-06,1.03838632055446e-05,0.559643921607973,506.81
35,"VNIR_Plant_Spectrum_X507.95",0.0403190000172116,2.15729911112404e-05,1.21947255579939e-06,1.20421226241101e-06,4.09506619980107e-06,1.06254412658089e-05,0.557194227976628,507.95
35,"VNIR_Plant_Spectrum_X509.1",0.0413564381353181,2.19745935359231e-05,6.76024086885408e-07,1.16739167801791e-06,3.86950242362939e-06,1.17425016168977e-05,0.557306266819761,509.1
35,"VNIR_Plant_Spectrum_X510.24",0.0424876179979451,2.3349857207533e-05,1.19727907818189e-06,1.27048454491397e-06,4.23842340202928e-06,1.20797156048257e-05,0.554157734370819,510.24
35,"VNIR_Plant_Spectrum_X511.38",0.043710886301582,2.42452646790863e-05,1.07856652700243e-06,1.55346423678983e-06,4.14853722986291e-06,1.28886739837201e-05,0.552101492765349,511.38
35,"VNIR_Plant_Spectrum_X512.53",0.0449568221430594,2.57953662001665e-05,1.08494542596183e-06,1.25031619063423e-06,4.94727348165994e-06,1.35639930936741e-05,0.55305142589872,512.53
35,"VNIR_Plant_Spectrum_X513.67",0.0465004685934149,2.72684972518851e-05,1.08599506688191e-06,9.82367894860051e-07,5.64244895948672e-06,1.39853172021834e-05,0.556901977416949,513.67
35,"VNIR_Plant_Spectrum_X514.81",0.0477217496438716,2.89534918622153e-05,1.54085193963517e-06,1.24598753323691e-06,5.8238909505296e-06,1.45663036158079e-05,0.55540379387241,514.81
35,"VNIR_Plant_Spectrum_X515.95",0.0493805947755844,3.06526516483671e-05,8.75452764040032e-07,1.16834969316113e-06,6.0615885836609e-06,1.61009482207128e-05,0.558753472127976,515.95
35,"VNIR_Plant_Spectrum_X517.1",0.0509233130643629,3.28969709125184e-05,1.18500703976206e-06,1.43861337905414e-06,6.32811905502518e-06,1.70887200911708e-05,0.558167715252875,517.1
35,"VNIR_Plant_Spectrum_X518.24",0.0528856101405827,3.52558737932811e-05,7.46698455292058e-07,1.02047791081944e-06,7.32733529899123e-06,1.81866276018612e-05,0.56376011689777,518.24
35,"VNIR_Plant_Spectrum_X519.38",0.0545953942163965,3.82007988753093e-05,6.58661665577496e-07,1.2453141836665e-06,7.82338111397795e-06,1.93675128994555e-05,0.567656129907004,519.38
35,"VNIR_Plant_Spectrum_X520.53",0.0563811099456273,4.15659971838074e-05,1.22526085674109e-06,8.94270707073502e-07,8.47908536307983e-06,2.03397314739458e-05,0.573289736616956,520.53
35,"VNIR_Plant_Spectrum_X521.67",0.0581532470231079,4.37756025321432e-05,8.94169706124802e-07,1.28831254693634e-06,8.9256317126974e-06,2.18129414610716e-05,0.57076284282895,521.67
35,"VNIR_Plant_Spectrum_X522.81",0.0597904939506492,4.68594708209027e-05,1.01165412958353e-06,1.40645323320679e-06,9.0277011711525e-06,2.32748832616015e-05,0.574397859945618,522.81
35,"VNIR_Plant_Spectrum_X523.96",0.0613390710291742,4.94445054872754e-05,1.04769516913281e-06,1.23401874131804e-06,9.86486407090198e-06,2.47005684282788e-05,0.572992918786013,523.96
35,"VNIR_Plant_Spectrum_X525.1",0.0629973340282837,5.23689353875253e-05,6.92620722265798e-07,1.38843484650693e-06,1.00134121653194e-05,2.64396265498459e-05,0.576096699711706,525.1
35,"VNIR_Plant_Spectrum_X526.24",0.064513103454677,5.54416916898654e-05,1.15484186390001e-06,9.56196990266653e-07,1.13297262692245e-05,2.70445576901578e-05,0.57795702260589,526.24
35,"VNIR_Plant_Spectrum_X527.38",0.0657509914606013,5.81554778312153e-05,9.1862966430788e-07,9.64125401322102e-07,1.16684409830154e-05,2.84165677373797e-05,0.580838943005231,527.38
35,"VNIR_Plant_Spectrum_X528.53",0.0669250974037236,6.12924839675636e-05,1.0322353044477e-06,6.46447410093386e-07,1.24007921675922e-05,2.92824303063966e-05,0.585665679784772,528.53
35,"VNIR_Plant_Spectrum_X529.67",0.0681047407759961,6.3515758967222e-05,1.00487002479929e-06,8.40613189305017e-07,1.26299407788231e-05,3.05009280806586e-05,0.585441267184222,529.67
35,"VNIR_Plant_Spectrum_X530.81",0.0692163320287697,6.54476092301755e-05,1.16740240821057e-06,1.14816123833726e-06,1.31019645538875e-05,3.12838479987418e-05,0.583577363447516,530.81
35,"VNIR_Plant_Spectrum_X531.96",0.0700684460928262,6.78718285077037e-05,1.07924796342377e-06,1.04981234383482e-06,1.30938737405845e-05,3.29299929718238e-05,0.584977130089212,531.96
35,"VNIR_Plant_Spectrum_X533.1",0.0707414711999332,6.94157830379147e-05,1.3570602914979e-06,6.57457851384551e-07,1.36604200996592e-05,3.30843327779213e-05,0.587397937669856,533.1
35,"VNIR_Plant_Spectrum_X534.24",0.0713457581793211,7.11026030341083e-05,1.26271702671374e-06,1.00753499750928e-06,1.3779527466237e-05,3.36450352809819e-05,0.588610289241145,534.24
35,"VNIR_Plant_Spectrum_X535.39",0.0718120875238468,7.22082665037338e-05,1.26428448490668e-06,1.09769191941166e-06,1.38009358909524e-05,3.42350042642673e-05,0.588944739161076,535.39
35,"VNIR_Plant_Spectrum_X536.53",0.0721962663682471,7.32813494963094e-05,1.29070978940596e-06,9.29488522224771e-07,1.43785042211378e-05,3.45135909851964e-05,0.589108476290064,536.53
35,"VNIR_Plant_Spectrum_X537.67",0.072486709765172,7.46351412938183e-05,1.52264632540604e-06,4.16477264539744e-07,1.46072835858059e-05,3.511538531522e-05,0.590949748795933,537.67
35,"VNIR_Plant_Spectrum_X538.81",0.0729221136977234,7.58630788051225e-05,1.205330687581e-06,1.05091579969709e-06,1.4450138210849e-05,3.53486240533739e-05,0.59305982644199,538.81
35,"VNIR_Plant_Spectrum_X539.96",0.0730792803482833,7.59912673090554e-05,1.3724896043139e-06,1.12163395506201e-06,1.46916454205905e-05,3.56956110951496e-05,0.589661723038281,539.96
35,"VNIR_Plant_Spectrum_X541.1",0.0733075851686383,7.70171269792866e-05,1.41195152852823e-06,1.11420989437074e-06,1.44019112939679e-05,3.59533574777415e-05,0.592902097258739,541.1
35,"VNIR_Plant_Spectrum_X542.24",0.0732996172718164,7.71596526269772e-05,1.47931791096413e-06,6.56543822196379e-07,1.46553254713079e-05,3.66272647114207e-05,0.590908046162113,542.24
35,"VNIR_Plant_Spectrum_X543.39",0.0734496487076916,7.81086647586038e-05,1.31474043393908e-06,1.25457717164282e-06,1.46274435221903e-05,3.64665803614192e-05,0.592756132222209,543.39
35,"VNIR_Plant_Spectrum_X544.53",0.07371870572971,7.84786095907592e-05,1.27534564229974e-06,1.20422516921366e-06,1.43901104777879e-05,3.68941690900077e-05,0.593444870947819,544.53
35,"VNIR_Plant_Spectrum_X545.67",0.074039634478955,7.94072499789619e-05,1.25560450032336e-06,1.32200333949965e-06,1.44747740244334e-05,3.72429870497978e-05,0.593909458441503,545.67
35,"VNIR_Plant_Spectrum_X546.82",0.0741820770596603,8.05800127976848e-05,1.33900291061462e-06,5.73181321977807e-07,1.56009430885102e-05,3.71700737542902e-05,0.595727474531959,546.82
35,"VNIR_Plant_Spectrum_X547.96",0.0743811913113731,8.09808310312096e-05,1.28994113304352e-06,9.58420688618218e-07,1.52051183751437e-05,3.74801384552162e-05,0.595822086760808,547.96
35,"VNIR_Plant_Spectrum_X549.1",0.074598378975559,8.15666830253715e-05,1.17020772222529e-06,1.22026060616763e-06,1.50499494446891e-05,3.79544439284933e-05,0.59554441495229,549.1
35,"VNIR_Plant_Spectrum_X550.24",0.0746673420953562,8.18703091387722e-05,1.44810111041106e-06,1.16136137479662e-06,1.52215632790063e-05,3.78658182737994e-05,0.595129776608533,550.24
35,"VNIR_Plant_Spectrum_X551.38",0.0747485791337652,8.20791449590615e-05,1.03359289903502e-06,1.05727873106142e-06,1.53252780537764e-05,3.80143705431752e-05,0.596897278805626,551.38
35,"VNIR_Plant_Spectrum_X552.52",0.0744310487283351,8.14970479024555e-05,1.56694524349219e-06,8.33282023606049e-07,1.54273935882361e-05,3.74995831117826e-05,0.595633060578635,552.52
35,"VNIR_Plant_Spectrum_X553.66",0.0742491514854132,8.074612895391e-05,2.14601894453321e-06,1.18915608933322e-06,1.5288900092201e-05,3.72096420185971e-05,0.591200907457698,553.66
35,"VNIR_Plant_Spectrum_X554.8",0.0737767849816636,7.99174195338171e-05,1.7842659022963e-06,1.17000918214737e-06,1.46782460403946e-05,3.73291690864889e-05,0.592511469602832,554.8
35,"VNIR_Plant_Spectrum_X555.95",0.0731330645086019,7.88863047582184e-05,1.58392150075811e-06,1.23433318529469e-06,1.45922668041722e-05,3.68504831561957e-05,0.592473893095956,555.95
35,"VNIR_Plant_Spectrum_X557.09",0.0726900472108178,7.72149410798353e-05,1.95390176345842e-06,1.07826754624351e-06,1.45962133296392e-05,3.64428786151409e-05,0.588142087339911,557.09
35,"VNIR_Plant_Spectrum_X558.23",0.072026145171019,7.60217555083084e-05,2.07277463036104e-06,6.75397780680112e-07,1.4635598777335e-05,3.55056334743696e-05,0.589722064462332,558.23
35,"VNIR_Plant_Spectrum_X559.37",0.0712177665656154,7.43709920994736e-05,2.27343178855733e-06,9.03266534351996e-07,1.39257662143818e-05,3.5179348108481e-05,0.587203672662964,559.37
35,"VNIR_Plant_Spectrum_X560.51",0.0704785796320444,7.24582339274221e-05,2.69331366031001e-06,1.00543642637791e-06,1.37811321104163e-05,3.3917889855702e-05,0.585019945976531,560.51
35,"VNIR_Plant_Spectrum_X561.65",0.0695718728825875,7.07164640235681e-05,2.5238578575177e-06,1.10952354383852e-06,1.37066780858406e-05,3.31456587618555e-05,0.58345866961789,561.65
35,"VNIR_Plant_Spectrum_X562.79",0.0685755911236673,6.82273284450766e-05,2.4597279323559e-06,1.00276745757158e-06,1.3268185630364e-05,3.23913034376244e-05,0.581403731792423,562.79
35,"VNIR_Plant_Spectrum_X563.93",0.0675102582961465,6.64341971673196e-05,2.48681992303281e-06,1.03042650075785e-06,1.27255494653407e-05,3.11569791171146e-05,0.583606070304089,563.93
35,"VNIR_Plant_Spectrum_X565.07",0.0662233266744416,6.38358597781965e-05,2.97183893303063e-06,8.68720663518345e-07,1.2833136558392e-05,3.00363304120428e-05,0.577460291727804,565.07
35,"VNIR_Plant_Spectrum_X566.22",0.0649710308812077,6.14210516000962e-05,2.88859095307638e-06,9.82654594259654e-07,1.19379646129575e-05,2.91245153218369e-05,0.577510980560933,566.22
35,"VNIR_Plant_Spectrum_X567.36",0.0637739219468256,5.86328075351723e-05,2.77196223689309e-06,6.55499425324668e-07,1.17026094603069e-05,2.81495048590723e-05,0.57532564259499,567.36
35,"VNIR_Plant_Spectrum_X568.5",0.0624379554398266,5.605171242744e-05,3.10933420989063e-06,8.07936701159611e-15,1.21206064481123e-05,2.70310220175956e-05,0.570137190998897,568.5
35,"VNIR_Plant_Spectrum_X569.64",0.0611431199727634,5.38114154698272e-05,2.93625797783073e-06,1.20714321834647e-06,1.03417945994413e-05,2.60774474763495e-05,0.57019287066008,569.64
35,"VNIR_Plant_Spectrum_X570.78",0.0599869522262986,5.13143237808798e-05,3.13651929998941e-06,1.32545265575359e-06,9.95706958867801e-06,2.50177205249025e-05,0.565440328345833,570.78
35,"VNIR_Plant_Spectrum_X571.92",0.0588643869831521,4.91304325402618e-05,2.69029271092654e-06,1.29108377130675e-06,9.67402052966495e-06,2.39452244716549e-05,0.566468759007257,571.92
35,"VNIR_Plant_Spectrum_X573.06",0.0576710650848846,4.74573877051433e-05,2.82615058240654e-06,1.24143167019132e-06,9.52771716009647e-06,2.31003512547755e-05,0.563941464537635,573.06
35,"VNIR_Plant_Spectrum_X574.2",0.0567444105996879,4.56085553487143e-05,2.65801302123965e-06,1.41364080261867e-06,8.80550168794618e-06,2.26624421954313e-05,0.562040584180247,574.2
35,"VNIR_Plant_Spectrum_X575.35",0.055826266316358,4.41365656058781e-05,2.67529332290089e-06,1.30572083701626e-06,8.62776111854431e-06,2.17552252277307e-05,0.562245188689048,575.35
35,"VNIR_Plant_Spectrum_X576.49",0.0549151944663503,4.24258741428762e-05,2.64250790686424e-06,1.26624067208426e-06,8.48768618087935e-06,2.1013156863852e-05,0.559446344978952,576.49
35,"VNIR_Plant_Spectrum_X577.63",0.0541752374812113,4.09971903240521e-05,2.55671974066255e-06,1.25940898137833e-06,8.30498241504173e-06,2.06030612430449e-05,0.556110044907347,577.63
35,"VNIR_Plant_Spectrum_X578.77",0.0533698586274008,4.0049535988529e-05,2.27404701230221e-06,1.14675696896238e-06,8.27099799196295e-06,1.98897360084742e-05,0.559108411597643,578.77
35,"VNIR_Plant_Spectrum_X579.91",0.052758276626833,3.88651293392649e-05,2.43648139093664e-06,1.227013461012e-06,7.91294578747097e-06,1.94545757825413e-05,0.556041093768362,579.91
35,"VNIR_Plant_Spectrum_X581.05",0.0520323733319789,3.78513818151854e-05,2.43622435852222e-06,1.43754211277242e-06,7.59613207779589e-06,1.88616363004318e-05,0.555144655974767,581.05
35,"VNIR_Plant_Spectrum_X582.19",0.0514922612256992,3.68479586931882e-05,2.65141163554767e-06,1.24154096657182e-06,7.39217669883892e-06,1.85505909625909e-05,0.552578371044797,582.19
35,"VNIR_Plant_Spectrum_X583.33",0.0508742952465865,3.59357620616294e-05,2.55823341690522e-06,1.36662320809446e-06,7.30355991236467e-06,1.80731388055687e-05,0.550846716133,583.33
35,"VNIR_Plant_Spectrum_X584.48",0.0503340950897003,3.51219387614644e-05,2.54277887846276e-06,1.35254285096931e-06,7.1336008453866e-06,1.77062477545881e-05,0.55000828038558,584.48
35,"VNIR_Plant_Spectrum_X585.62",0.0497979396731184,3.4439556638886e-05,2.19832044818626e-06,1.4037922093517e-06,6.90056089125295e-06,1.72241363985478e-05,0.553990180383445,585.62
35,"VNIR_Plant_Spectrum_X586.76",0.0493929032767653,3.36704812318897e-05,2.36980960915906e-06,1.19469115371989e-06,6.91775296044107e-06,1.71136229558418e-05,0.549575368602351,586.76
35,"VNIR_Plant_Spectrum_X587.9",0.048902754243554,3.324939931253e-05,2.24090835832904e-06,1.54115219762398e-06,6.60059054115859e-06,1.6823463198378e-05,0.549981256103652,587.9
35,"VNIR_Plant_Spectrum_X589.04",0.0485736028835889,3.27383771956282e-05,2.1835493846868e-06,1.38168017395471e-06,6.5452802008754e-06,1.64651371195129e-05,0.551950027103552,589.04
35,"VNIR_Plant_Spectrum_X590.18",0.0483401063950891,3.20487159676779e-05,2.35812935823583e-06,1.48069601123898e-06,6.22072638002027e-06,1.61343688213544e-05,0.550262108180452,590.18
35,"VNIR_Plant_Spectrum_X591.32",0.0480647111773463,3.15779613222068e-05,2.28305646311415e-06,1.51337973594216e-06,5.99767000871133e-06,1.60550367993856e-05,0.549879045634943,591.32
35,"VNIR_Plant_Spectrum_X592.46",0.0478909565226741,3.1230742529031e-05,1.78950340490694e-06,1.46972819254904e-06,6.07400113469676e-06,1.58208521275397e-05,0.553885574814706,592.46
35,"VNIR_Plant_Spectrum_X593.6",0.0473880931773676,3.09988745445816e-05,2.144119798086e-06,1.48123555831106e-06,5.91858349116127e-06,1.58519139525066e-05,0.549676822713184,593.6
35,"VNIR_Plant_Spectrum_X594.75",0.0472675784435287,3.09411305888338e-05,2.25362444076348e-06,1.61418606335697e-06,5.8131916147544e-06,1.56691485604115e-05,0.549661153411282,594.75
35,"VNIR_Plant_Spectrum_X595.89",0.0470392305108879,3.07268591904344e-05,1.94053368517237e-06,1.39694589782831e-06,5.84222862262697e-06,1.55195561168669e-05,0.5543750355059,595.89
35,"VNIR_Plant_Spectrum_X597.03",0.0467740074641907,3.03295643431067e-05,2.09415515892485e-06,1.54296890579329e-06,5.85641657403871e-06,1.53293726572406e-05,0.54992206409241,597.03
35,"VNIR_Plant_Spectrum_X598.17",0.0465600097674963,2.99290804774417e-05,2.0180574507313e-06,1.56901815959184e-06,5.69655983791173e-06,1.53500212705715e-05,0.548526009056227,598.17
35,"VNIR_Plant_Spectrum_X599.31",0.0462838553495979,2.96154843516238e-05,1.9217692181546e-06,1.48419511817832e-06,5.73478989150269e-06,1.51309626743458e-05,0.54958290025375,599.31
35,"VNIR_Plant_Spectrum_X600.45",0.0460953699719998,2.93299349047941e-05,2.01807902306036e-06,1.48785156905756e-06,5.72676652622486e-06,1.49095720972218e-05,0.548508059229733,600.45
35,"VNIR_Plant_Spectrum_X601.59",0.0457428892920267,2.89087971331652e-05,2.35107853813162e-06,1.50984528172043e-06,5.53373837894113e-06,1.47114694087715e-05,0.545295406781437,601.59
35,"VNIR_Plant_Spectrum_X602.73",0.0454457418852396,2.83610429033031e-05,1.95248655224131e-06,1.38238999737207e-06,5.57997090146003e-06,1.45640959572941e-05,0.547088163426429,602.73
35,"VNIR_Plant_Spectrum_X603.88",0.0450375969900471,2.80519763691668e-05,2.20068344946503e-06,1.39022746276354e-06,5.4882065151422e-06,1.41740666473654e-05,0.54676715025263,603.88
35,"VNIR_Plant_Spectrum_X605.02",0.0446042283883763,2.71999203833514e-05,2.12705832795808e-06,1.55537470853139e-06,5.17064330581059e-06,1.40663629242169e-05,0.542702871173312,605.02
35,"VNIR_Plant_Spectrum_X606.16",0.0440788351234562,2.65152542668715e-05,2.34856315080834e-06,1.39572610494315e-06,5.20693716959867e-06,1.36814726609794e-05,0.539498645575737,606.16
35,"VNIR_Plant_Spectrum_X607.3",0.0435852920942023,2.57301808028553e-05,2.20435464735942e-06,1.55246639774632e-06,5.09375635773595e-06,1.33057350908239e-05,0.537316036977898,607.3
35,"VNIR_Plant_Spectrum_X608.44",0.0429691850322512,2.50730319215949e-05,2.09569103248798e-06,1.47344429222028e-06,5.05782363669901e-06,1.30320541077107e-05,0.536527599564232,608.44
35,"VNIR_Plant_Spectrum_X609.58",0.0423456931815623,2.42708513360874e-05,2.09627125736562e-06,1.50823954090286e-06,4.76848477206768e-06,1.27243228903342e-05,0.534975323995149,609.58
35,"VNIR_Plant_Spectrum_X610.72",0.0417663559315251,2.37049755094486e-05,2.32804606946394e-06,1.46357037503196e-06,4.74749196268769e-06,1.23151935942151e-05,0.531987429636353,610.72
35,"VNIR_Plant_Spectrum_X611.86",0.0411832949192367,2.28789713370511e-05,2.25766652213465e-06,1.53766666846975e-06,4.57663562949191e-06,1.19857373091824e-05,0.529156555909457,611.86
35,"VNIR_Plant_Spectrum_X613.01",0.0406587903919908,2.21795885293588e-05,2.18664696141997e-06,1.54094026610653e-06,4.37630719067538e-06,1.18322296343455e-05,0.526634530668908,613.01
35,"VNIR_Plant_Spectrum_X614.15",0.0402815849366327,2.14586100817025e-05,2.23212086993692e-06,1.33510514592129e-06,4.51377332679526e-06,1.14352885400156e-05,0.523701367123871,614.15
35,"VNIR_Plant_Spectrum_X615.29",0.0397224773825271,2.10489870401432e-05,2.28225091824729e-06,1.56678710331048e-06,4.21613017575719e-06,1.10289668039252e-05,0.524348530202606,615.29
35,"VNIR_Plant_Spectrum_X616.43",0.0393395569800354,2.06127315701908e-05,2.30239012875439e-06,1.58016702020406e-06,4.04458137440011e-06,1.09506379895539e-05,0.521966735064884,616.43
35,"VNIR_Plant_Spectrum_X617.57",0.0389523169805536,2.03776808358143e-05,2.03964337600599e-06,1.46265899144458e-06,4.01381224696812e-06,1.08302980723693e-05,0.526227446071019,617.57
35,"VNIR_Plant_Spectrum_X618.71",0.0386246264411636,1.99879322592595e-05,1.92087331931649e-06,1.46472306803243e-06,3.95932758793117e-06,1.06332975325812e-05,0.526467136541214,618.71
35,"VNIR_Plant_Spectrum_X619.85",0.038374099377203,1.96106202220479e-05,2.24982369330765e-06,1.38525583719305e-06,3.99893077277833e-06,1.05116194960922e-05,0.519400634621362,619.85
35,"VNIR_Plant_Spectrum_X620.99",0.038066583964472,1.92839419748091e-05,1.90433759428986e-06,1.50736242486479e-06,3.85401329825576e-06,1.04115328050594e-05,0.521734905383866,620.99
35,"VNIR_Plant_Spectrum_X622.14",0.0380406479756593,1.92601808785791e-05,1.66550283674227e-06,1.38534845280402e-06,3.86788137274955e-06,1.02514339323578e-05,0.528685072046885,622.14
35,"VNIR_Plant_Spectrum_X623.28",0.0377889471900641,1.88956333831218e-05,1.95254462788928e-06,1.57862898419142e-06,3.65759419430302e-06,1.02967647190011e-05,0.519379544642455,623.28
35,"VNIR_Plant_Spectrum_X624.42",0.037637350408259,1.89237065222995e-05,1.71228364952012e-06,1.54516962134891e-06,3.7576151148402e-06,1.0140617204359e-05,0.524501811542789,624.42
35,"VNIR_Plant_Spectrum_X625.56",0.0375263938363816,1.8627818799095e-05,1.7972271677709e-06,1.49352248047676e-06,3.73057695779099e-06,1.00920389530559e-05,0.521186388576593,625.56
35,"VNIR_Plant_Spectrum_X626.7",0.0375318506101298,1.85848814809452e-05,1.79281579553451e-06,1.37498184962785e-06,3.80600368796881e-06,1.00312089040935e-05,0.522195505064068,626.7
35,"VNIR_Plant_Spectrum_X627.84",0.0374316194587099,1.84699087636909e-05,1.73174375673231e-06,1.51545384586675e-06,3.61227139016338e-06,1.00779224906958e-05,0.521641261399986,627.84
35,"VNIR_Plant_Spectrum_X628.98",0.0373692405786993,1.85539248611583e-05,1.87072374067472e-06,1.51316654120489e-06,3.6434981819772e-06,9.98356450601554e-06,0.521692354724465,628.98
35,"VNIR_Plant_Spectrum_X630.12",0.0372533982786661,1.84147331488938e-05,1.736507632339e-06,1.42147353495351e-06,3.61522624183078e-06,9.88820524968527e-06,0.524993060806873,630.12
35,"VNIR_Plant_Spectrum_X631.26",0.0371493235180699,1.81105617125024e-05,1.86420672048603e-06,1.54401254971478e-06,3.61846534102964e-06,9.9374236412692e-06,0.516343039879587,631.26
35,"VNIR_Plant_Spectrum_X632.41",0.0369784194313985,1.80572798861795e-05,1.96623656645686e-06,1.5847507015413e-06,3.4449921521211e-06,9.91428099866378e-06,0.516401203192918,632.41
35,"VNIR_Plant_Spectrum_X633.55",0.0366369366636346,1.79550133645579e-05,1.78268031401878e-06,1.55373885183707e-06,3.24582660277566e-06,9.70804907835657e-06,0.524305789676154,633.55
35,"VNIR_Plant_Spectrum_X634.69",0.0363357766976556,1.77656242199309e-05,1.66526729206398e-06,1.58057135400791e-06,3.27287931174167e-06,9.70453331905523e-06,0.522689378811713,634.69
35,"VNIR_Plant_Spectrum_X635.83",0.0359857856192617,1.73841109821869e-05,1.99269244564947e-06,1.61564049771952e-06,3.11050186788473e-06,9.47447297483876e-06,0.517732202768656,635.83
35,"VNIR_Plant_Spectrum_X636.97",0.0355196376380149,1.71443081319808e-05,2.1306089967198e-06,1.51012195580902e-06,3.08727567201431e-06,9.23168055646741e-06,0.517892416606665,636.97
35,"VNIR_Plant_Spectrum_X638.11",0.0350299114816613,1.6961195502196e-05,1.96106610247947e-06,1.50965563655185e-06,2.92737022069808e-06,8.97128075238949e-06,0.524617921645006,638.11
35,"VNIR_Plant_Spectrum_X639.25",0.0346432250634273,1.66325352426392e-05,1.99124816372838e-06,1.53830015452405e-06,2.75665382365879e-06,8.85531726729637e-06,0.523462788268116,639.25
35,"VNIR_Plant_Spectrum_X640.39",0.0340663344779369,1.63074653626518e-05,2.03400759661744e-06,1.48026689315301e-06,2.7256541711238e-06,8.56706824725456e-06,0.524112074337713,640.39
35,"VNIR_Plant_Spectrum_X641.54",0.0337194435750408,1.60673520881733e-05,1.88617734782923e-06,1.43469767380979e-06,2.59825349062601e-06,8.42086937638727e-06,0.528403563625858,641.54
35,"VNIR_Plant_Spectrum_X642.68",0.033091453663333,1.57708771116337e-05,1.80867653401502e-06,1.3300472266228e-06,2.49562278862147e-06,8.27413048337075e-06,0.531375347151272,642.68
35,"VNIR_Plant_Spectrum_X643.82",0.032532928233908,1.53474094269438e-05,1.77907856855032e-06,1.39036311448804e-06,2.41135235152456e-06,8.04035261705718e-06,0.529795457713563,643.82
35,"VNIR_Plant_Spectrum_X644.96",0.0319656639904755,1.5014565622231e-05,1.84639286301237e-06,1.41157534103814e-06,2.35435774661125e-06,7.84549480221532e-06,0.527337801068808,644.96
35,"VNIR_Plant_Spectrum_X646.1",0.0316334150000839,1.47111988072062e-05,1.68690591450597e-06,1.43641122341013e-06,2.20717245374162e-06,7.63058756596967e-06,0.531622293225951,646.1
35,"VNIR_Plant_Spectrum_X647.24",0.0312550602063248,1.45247186794969e-05,1.49892101709869e-06,1.37284271991776e-06,2.16403755009133e-06,7.48971429760728e-06,0.536953526451097,647.24
35,"VNIR_Plant_Spectrum_X648.38",0.0308384728887223,1.42993368075861e-05,1.7706829065639e-06,1.35974778072164e-06,2.07861206325912e-06,7.3797917142989e-06,0.531807710636247,648.38
35,"VNIR_Plant_Spectrum_X649.52",0.0306236694519402,1.40340805475424e-05,1.58565725718825e-06,1.40291062950084e-06,2.01164735329975e-06,7.24024480595974e-06,0.534132290443133,649.52
35,"VNIR_Plant_Spectrum_X650.67",0.0303273936874913,1.37447825087979e-05,1.70270052879679e-06,1.47672718126719e-06,2.00574445803498e-06,7.14675997386194e-06,0.527090267807105,650.67
35,"VNIR_Plant_Spectrum_X651.81",0.0301817157166171,1.37034679658833e-05,1.57906458487864e-06,1.44900699585637e-06,1.89749685129706e-06,6.99878816952087e-06,0.534710542044817,651.81
35,"VNIR_Plant_Spectrum_X652.95",0.0299633264318711,1.34151185534221e-05,1.43145278999483e-06,1.27589962092003e-06,1.91384090343856e-06,6.9090244136959e-06,0.537780625686992,652.95
35,"VNIR_Plant_Spectrum_X654.09",0.0296250806917422,1.32063279965219e-05,1.6178259378008e-06,1.24470491227436e-06,1.98450864765877e-06,6.77631441752664e-06,0.531876648417918,654.09
35,"VNIR_Plant_Spectrum_X655.23",0.0293014273417474,1.29903153617057e-05,1.46545277364954e-06,1.15921160852826e-06,1.99053879063289e-06,6.66327165057481e-06,0.535268353413262,655.23
35,"VNIR_Plant_Spectrum_X656.37",0.0289171067580627,1.27360497561306e-05,1.60483827977817e-06,1.21580800313662e-06,1.92175439383458e-06,6.53292529765422e-06,0.530417327980701,656.37
35,"VNIR_Plant_Spectrum_X657.51",0.0285341392669663,1.25936676010688e-05,1.58633054295058e-06,1.21784475968692e-06,1.86199537443671e-06,6.36533674511989e-06,0.53306134615588,657.51
35,"VNIR_Plant_Spectrum_X658.65",0.028226763454303,1.23291096929846e-05,1.56464447786343e-06,1.15899500931203e-06,1.77378474870484e-06,6.28893351953676e-06,0.533370554608322,658.65
35,"VNIR_Plant_Spectrum_X659.79",0.0278148275536153,1.21611926738676e-05,1.51725528816777e-06,1.1048624599977e-06,1.74747850714144e-06,6.15256572532695e-06,0.536128489771429,659.79
35,"VNIR_Plant_Spectrum_X660.94",0.0274901311638215,1.20759874686267e-05,1.55613959106803e-06,1.02494526808167e-06,1.76093644082558e-06,6.01426372775625e-06,0.538330990343808,660.94
35,"VNIR_Plant_Spectrum_X662.08",0.0270392229495819,1.17796549042917e-05,1.46227126928107e-06,1.12004542576879e-06,1.6730342719821e-06,5.882899581385e-06,0.537444370754686,662.08
35,"VNIR_Plant_Spectrum_X663.22",0.026746407693963,1.16491329927909e-05,1.46510128963418e-06,9.84615686154162e-07,1.68562393273086e-06,5.89359741178418e-06,0.537369437739345,663.22
35,"VNIR_Plant_Spectrum_X664.36",0.026405044540394,1.15399262393411e-05,1.20646386919787e-06,1.05204448037434e-06,1.52217245762184e-06,5.68110578194783e-06,0.549475480099434,664.36
35,"VNIR_Plant_Spectrum_X665.5",0.0261761599144318,1.14894997693256e-05,1.18915990899726e-06,8.27390059311158e-07,1.63507656014239e-06,5.59156590955933e-06,0.554173073830726,665.5
35,"VNIR_Plant_Spectrum_X666.64",0.025974226064851,1.13628923582957e-05,1.35558955810725e-06,1.0001131546203e-06,1.57529451514891e-06,5.56841429054828e-06,0.544661434587537,666.64
35,"VNIR_Plant_Spectrum_X667.78",0.0258534693976706,1.14060388796394e-05,1.49575877199828e-06,1.00313934692388e-06,1.49225637370594e-06,5.54984548316492e-06,0.544517960670195,667.78
35,"VNIR_Plant_Spectrum_X668.92",0.0258062763419145,1.12849385219679e-05,1.31859678482038e-06,9.66858543869125e-07,1.50402520159165e-06,5.5819357778746e-06,0.546318003092724,668.92
35,"VNIR_Plant_Spectrum_X670.07",0.0257278623526683,1.14845418296041e-05,1.26984478581212e-06,9.49274849726855e-07,1.49773398523495e-06,5.56027494359984e-06,0.553160781944372,670.07
35,"VNIR_Plant_Spectrum_X671.21",0.0257523458335851,1.13127329129406e-05,1.36792491437626e-06,8.70792077813477e-07,1.54371748011856e-06,5.57317931834874e-06,0.547345807343722,671.21
35,"VNIR_Plant_Spectrum_X672.35",0.0256386508653894,1.14070135670966e-05,1.32501261751551e-06,8.67638845365119e-07,1.47816368864242e-06,5.5332647120882e-06,0.553440486088023,672.35
35,"VNIR_Plant_Spectrum_X673.49",0.0256848804635156,1.13477763001929e-05,1.13852254348756e-06,9.33830821353621e-07,1.45852092853739e-06,5.55479954535042e-06,0.555352924887487,673.49
35,"VNIR_Plant_Spectrum_X674.63",0.0257336687938291,1.14055545580607e-05,1.24698982279004e-06,8.83426011520838e-07,1.59251528453387e-06,5.55291390929353e-06,0.551488525257826,674.63
35,"VNIR_Plant_Spectrum_X675.77",0.0257788642769615,1.14828922396646e-05,1.16948003273118e-06,8.81776972546928e-07,1.51996818868025e-06,5.61317645429361e-06,0.555606955702036,675.77
35,"VNIR_Plant_Spectrum_X676.91",0.0259423613923155,1.15030879710562e-05,1.27525405302815e-06,7.99484423480887e-07,1.68577417817388e-06,5.62904482469499e-06,0.550580729393328,676.91
35,"VNIR_Plant_Spectrum_X678.05",0.0260392880487216,1.15257739567213e-05,1.18495031810438e-06,7.85741999304614e-07,1.69353454118924e-06,5.68329891878712e-06,0.552177858965364,678.05
35,"VNIR_Plant_Spectrum_X679.2",0.026215375252504,1.15374252031968e-05,9.99301952111897e-07,9.04416715143909e-07,1.61746194652272e-06,5.78591860649437e-06,0.553499085362021,679.2
35,"VNIR_Plant_Spectrum_X680.34",0.0264151189554323,1.16393556492064e-05,1.01385027407075e-06,8.91618482578344e-07,1.62194939619463e-06,5.86570591698359e-06,0.553399114355174,680.34
35,"VNIR_Plant_Spectrum_X681.48",0.0267128859350263,1.16483376578944e-05,9.16650691173863e-07,9.4140673100943e-07,1.67975793184675e-06,5.94484795196522e-06,0.551244007692774,681.48
35,"VNIR_Plant_Spectrum_X682.62",0.0271801585599162,1.16739409095613e-05,9.08423436021374e-07,7.46267026999053e-07,1.86671660561789e-06,6.10340862232881e-06,0.548104339070745,682.62
35,"VNIR_Plant_Spectrum_X683.76",0.0276344033671415,1.18020308389766e-05,7.5199802324736e-07,8.84907054173588e-07,1.90096046061961e-06,6.17716363563966e-06,0.548496441058136,683.76
35,"VNIR_Plant_Spectrum_X684.9",0.0283752844600705,1.1926540704174e-05,6.83003157153839e-07,9.62702095081051e-07,1.91229759735576e-06,6.37599127378893e-06,0.545574058377634,684.9
35,"VNIR_Plant_Spectrum_X686.04",0.0292762869072982,1.221927659113e-05,7.46635676489499e-07,1.10941971811097e-06,2.07149035484188e-06,6.70939446297104e-06,0.534615010706218,686.04
35,"VNIR_Plant_Spectrum_X687.18",0.030651304058283,1.26552105929605e-05,6.41525503123e-07,1.09084550189371e-06,2.37544678731234e-06,7.09536968166369e-06,0.53043002122131,687.18
35,"VNIR_Plant_Spectrum_X688.33",0.0322779060200551,1.3311599187915e-05,4.68304364044297e-07,1.20668173391616e-06,2.70410189778413e-06,7.88984064605162e-06,0.520380160899333,688.33
35,"VNIR_Plant_Spectrum_X689.47",0.0343740457598009,1.44894726933526e-05,3.33592649749349e-07,1.23940643093463e-06,3.13184383683595e-06,8.74628107221819e-06,0.518581362370169,689.47
35,"VNIR_Plant_Spectrum_X690.61",0.0369993966143092,1.63243529115763e-05,1.43931005310121e-07,1.3150395598679e-06,3.80719715920578e-06,9.79918786764479e-06,0.520054300908897,690.61
35,"VNIR_Plant_Spectrum_X691.75",0.0400169455374827,1.85747328728987e-05,3.93860941667857e-08,1.30154241869268e-06,4.70586930467757e-06,1.14202005433245e-05,0.515367387665878,691.75
35,"VNIR_Plant_Spectrum_X692.89",0.0435564300324536,2.19452982892191e-05,4.76329596662126e-08,1.37165172747279e-06,5.71656132891261e-06,1.32878551581796e-05,0.517956490998808,692.89
35,"VNIR_Plant_Spectrum_X694.03",0.0475052396675555,2.61797563723684e-05,0,1.40350494960291e-06,7.05374870902385e-06,1.56419431019918e-05,0.520690164393904,694.03
35,"VNIR_Plant_Spectrum_X695.17",0.0517911432723687,3.18081824473411e-05,1.85199754284377e-23,1.40181125651031e-06,8.6106588637588e-06,1.83903216299602e-05,0.52827882078388,695.17
35,"VNIR_Plant_Spectrum_X696.31",0.0564999238932523,3.87325571170424e-05,0,1.36907428066488e-06,1.02629355688734e-05,2.1624812455096e-05,0.538031546155816,696.31
35,"VNIR_Plant_Spectrum_X697.45",0.0614627115615188,4.6813004881923e-05,0,1.43434147619595e-06,1.20288789769397e-05,2.58111806963575e-05,0.543784591033436,697.45
35,"VNIR_Plant_Spectrum_X698.6",0.0664973154764584,5.6233328540633e-05,0,1.44380834134623e-06,1.39523918171714e-05,3.00148373011517e-05,0.553236059738576,698.6
35,"VNIR_Plant_Spectrum_X699.74",0.0716589000147433,6.72054890305633e-05,0,1.4227959079224e-06,1.58941554324475e-05,3.50720552360907e-05,0.561944667180955,699.74
35,"VNIR_Plant_Spectrum_X700.88",0.0767647933905233,7.92044651239219e-05,0,1.54699722835506e-06,1.81606069209565e-05,3.98775744639148e-05,0.570679936854123,700.88
35,"VNIR_Plant_Spectrum_X702.02",0.0817852101150543,9.1775859919651e-05,0,2.00756079756485e-06,1.95535458499254e-05,4.57984815182045e-05,0.576715376893468,702.02
35,"VNIR_Plant_Spectrum_X703.16",0.0867886279492689,0.000105443346906494,0,2.38253282990618e-06,2.17690239138238e-05,5.13272492599283e-05,0.582810591242844,703.16
35,"VNIR_Plant_Spectrum_X704.3",0.0916290206344309,0.000120106520180483,0,1.93465976518145e-06,2.4216318317366e-05,5.75010036010503e-05,0.589455257482219,704.3
35,"VNIR_Plant_Spectrum_X705.44",0.0963205825255672,0.000134614406318887,0,2.59532295783014e-06,2.6112764390443e-05,6.3401188360528e-05,0.593737738885378,705.44
35,"VNIR_Plant_Spectrum_X706.58",0.101039879031168,0.000151086366225691,0,2.21419850552458e-06,2.83541027131601e-05,6.98479994034797e-05,0.600734648738694,706.58
35,"VNIR_Plant_Spectrum_X707.73",0.105668861575292,0.000167494117467596,0,2.75660469653735e-06,3.0635898013043e-05,7.64359227169792e-05,0.603968634210608,707.73
35,"VNIR_Plant_Spectrum_X708.87",0.110358402673786,0.000185298060959157,0,3.42070918522349e-06,3.27114996090843e-05,8.28419998003869e-05,0.608987671570781,708.87
35,"VNIR_Plant_Spectrum_X710",0.114943337308855,0.000203240028523989,0,3.2413971606812e-06,3.53305188132006e-05,9.03397757168655e-05,0.61188913425646,710
35,"VNIR_Plant_Spectrum_X711.15",0.119496057718193,0.000223035675452016,0,4.77240540139087e-06,3.68067510280055e-05,9.83329821976118e-05,0.614511692315785,711.15
35,"VNIR_Plant_Spectrum_X712.29",0.124304951956251,0.000243195329123403,0,4.44698440447744e-06,3.96451188784439e-05,0.000106435720461299,0.617681046573275,712.29
35,"VNIR_Plant_Spectrum_X713.43",0.12896727667272,0.000263930064772994,0,5.1928073685422e-06,4.16336121132203e-05,0.000114336352986849,0.620876292542626,713.43
35,"VNIR_Plant_Spectrum_X714.57",0.133697386071683,0.000285702468012781,0,4.74300390385687e-06,4.48751395690883e-05,0.000122496655023155,0.624053501064793,714.57
35,"VNIR_Plant_Spectrum_X715.71",0.138412086702874,0.000310286407348294,0,5.35805459404011e-06,4.81123437825628e-05,0.000131528549925965,0.626480076198784,715.71
35,"VNIR_Plant_Spectrum_X716.86",0.143000336583531,0.000334668921477702,0,5.02695472613053e-06,5.20897249858486e-05,0.000140544991149557,0.62868624552847,716.86
35,"VNIR_Plant_Spectrum_X718",0.147799221804821,0.000360099865076444,0,5.9324702622017e-06,5.44600135262113e-05,0.000149757939185012,0.631476866601693,718
35,"VNIR_Plant_Spectrum_X719.14",0.152550600039621,0.000386002077350526,4.09851147474687e-21,5.95100956287958e-06,5.8038530563522e-05,0.000159511573565097,0.63330608112257,719.14
35,"VNIR_Plant_Spectrum_X720.28",0.15715580487459,0.000412613157411345,0,6.03463077251127e-06,6.37861546484392e-05,0.000169746712114549,0.63266696778207,720.28
35,"VNIR_Plant_Spectrum_X721.42",0.161783928707586,0.000439663934841126,0,6.19478107332639e-06,6.7075434358342e-05,0.000179808773246959,0.634671131113458,721.42
35,"VNIR_Plant_Spectrum_X722.56",0.166205980159874,0.000468427755825864,0,7.30896842250622e-06,7.05932113385225e-05,0.000189655154641745,0.636463648577914,722.56
35,"VNIR_Plant_Spectrum_X723.7",0.170650300476091,0.00049492807994073,0,7.54083345679324e-06,7.45926816658382e-05,0.000200344368775416,0.636640446513697,723.7
35,"VNIR_Plant_Spectrum_X724.84",0.174813041817019,0.000523118452902139,0,8.39711135197297e-06,7.79389306125737e-05,0.000210476213128603,0.638003245641515,724.84
35,"VNIR_Plant_Spectrum_X725.98",0.178718638225361,0.000551326775576534,0,7.2810431820714e-06,8.45604786548628e-05,0.000219176685816118,0.639334357244996,725.98
35,"VNIR_Plant_Spectrum_X727.13",0.182692905261891,0.00057828802110989,6.68683193171106e-21,8.23523277275883e-06,8.85792312780263e-05,0.00023028945888395,0.638715668847819,727.13
35,"VNIR_Plant_Spectrum_X728.27",0.186648898170062,0.000605668085281448,0,9.76079239963165e-06,9.27561989257217e-05,0.000240278351722389,0.638578217347179,728.27
35,"VNIR_Plant_Spectrum_X729.41",0.190009714594597,0.000630771951008373,0,9.9284784353748e-06,9.66679009739053e-05,0.000248642032000843,0.639721421853224,729.41
35,"VNIR_Plant_Spectrum_X730.55",0.193348247928533,0.000657420490403545,3.86891006401034e-19,1.13591592523776e-05,0.000100874123432626,0.000259358506191682,0.638884980909455,730.55
35,"VNIR_Plant_Spectrum_X731.69",0.196636931302691,0.000683305344213415,0,1.09573793990659e-05,0.000104586959942441,0.00026998935674113,0.639296768224475,731.69
35,"VNIR_Plant_Spectrum_X732.83",0.19974363909612,0.000706544431176949,0,1.14415205570303e-05,0.00010968515761087,0.000278595691011529,0.638674532173739,732.83
35,"VNIR_Plant_Spectrum_X733.97",0.202640121347415,0.000728564205135812,0,1.10777655130971e-05,0.000115397981300776,0.00028563143292137,0.638715246826474,733.97
35,"VNIR_Plant_Spectrum_X735.11",0.205457717515283,0.000749873792885362,0,1.27854565787833e-05,0.000116264584080732,0.00029511413092221,0.638713410963452,735.11
35,"VNIR_Plant_Spectrum_X736.25",0.207799705302957,0.000768952443635163,0,1.1762101995868e-05,0.000122266668541489,0.000301740834190507,0.638282037487414,736.25
35,"VNIR_Plant_Spectrum_X737.4",0.210276861029888,0.000785414174996042,0,1.44628606536032e-05,0.000123270759358052,0.00030958143503053,0.637134381060864,737.4
35,"VNIR_Plant_Spectrum_X738.54",0.212557626539429,0.000804278187143995,0,1.39271102699209e-05,0.000129258444091627,0.000316196776854423,0.636466974680686,738.54
35,"VNIR_Plant_Spectrum_X739.68",0.214465317342458,0.000822417375975304,0,1.32844257359094e-05,0.000131858495425244,0.000324063483043589,0.636731367597353,739.68
35,"VNIR_Plant_Spectrum_X740.82",0.216652980535797,0.000836652982714832,0,1.48016618855299e-05,0.000133811859628335,0.000329827411864986,0.636192573379095,740.82
35,"VNIR_Plant_Spectrum_X741.96",0.218450163697766,0.000852961420323553,0,1.40392297284896e-05,0.000139074755029068,0.000335767762398155,0.635664018713821,741.96
35,"VNIR_Plant_Spectrum_X743.1",0.220173536154195,0.00086437372488655,0,1.3813493745442e-05,0.000143105141858549,0.000340404138785273,0.634777077965793,743.1
35,"VNIR_Plant_Spectrum_X744.24",0.221738349948506,0.000878018029759166,0,1.35261037862177e-05,0.000143948446037549,0.000345620140743557,0.635732345982307,744.24
35,"VNIR_Plant_Spectrum_X745.39",0.223127664111741,0.000888262744802547,3.71595337066197e-19,1.44278285612887e-05,0.0001485529933832,0.000349623381337903,0.634080735516567,745.39
35,"VNIR_Plant_Spectrum_X746.53",0.224273442802495,0.00089907298513962,0,1.34581192639677e-05,0.000151169653145947,0.000353545680635035,0.63438013383988,746.53
35,"VNIR_Plant_Spectrum_X747.67",0.225269928037561,0.000905075974308527,0,1.59503095960974e-05,0.000151692935750601,0.000358770965605084,0.632261390003134,747.67
35,"VNIR_Plant_Spectrum_X748.81",0.226307335269222,0.000912038523282299,0,1.47740568133144e-05,0.000156311287047445,0.000360247028360188,0.631880915794902,748.81
35,"VNIR_Plant_Spectrum_X749.95",0.227390832682707,0.0009206135374609,0,1.39439093361042e-05,0.000156147086873595,0.000364008474088104,0.632848907345169,749.95
35,"VNIR_Plant_Spectrum_X751.09",0.228161288987269,0.000925908367039208,1.0322538695133e-19,1.52707275002504e-05,0.000158396249674479,0.000365060783276079,0.632176381328215,751.09
35,"VNIR_Plant_Spectrum_X752.23",0.228972172290764,0.000930176004942147,0,1.65565921784745e-05,0.000159428772472908,0.000368525198910703,0.630761834282942,752.23
35,"VNIR_Plant_Spectrum_X753.37",0.229712801862363,0.000935358309469859,0,1.69956829997069e-05,0.000159411833283932,0.000370707785388194,0.630944323352586,753.37
35,"VNIR_Plant_Spectrum_X754.52",0.230585842361069,0.000937383738576229,0,1.64894312894002e-05,0.00016109230795643,0.000371472912450386,0.630624010191514,754.52
35,"VNIR_Plant_Spectrum_X755.66",0.231274487867114,0.000941865332528682,0,1.81986186618301e-05,0.000162438576318504,0.000374076653300983,0.629345473066725,755.66
35,"VNIR_Plant_Spectrum_X756.8",0.231935043620491,0.000944347210521375,0,1.51597719397689e-05,0.00016619987165484,0.00037518447047465,0.629190931447981,756.8
35,"VNIR_Plant_Spectrum_X757.94",0.232868178429891,0.000949009842334716,0,1.62825844855206e-05,0.000166683403424534,0.000379196913424337,0.627995605605308,757.94
35,"VNIR_Plant_Spectrum_X759.08",0.233081175479347,0.000950902113843766,0,1.68175476986666e-05,0.000168099629170047,0.000377966654668882,0.628161542089234,759.08
35,"VNIR_Plant_Spectrum_X760.22",0.233882129174808,0.000951543840574053,0,1.58379762411925e-05,0.000169551373446813,0.000379276209911545,0.627580755313285,760.22
35,"VNIR_Plant_Spectrum_X761.36",0.234623584923688,0.0009531019474069,0,1.5496406798742e-05,0.000169292295228735,0.000382208273929247,0.626999948988786,761.36
35,"VNIR_Plant_Spectrum_X762.5",0.235046932960536,0.000952845717555261,4.05931509556059e-07,1.76180182145668e-05,0.000170176285177217,0.000381163430293856,0.625962320527534,762.5
35,"VNIR_Plant_Spectrum_X763.64",0.235888552951331,0.000954872375031651,0,1.69329779403532e-05,0.000171451951387287,0.000384586682235052,0.624980288177276,763.64
35,"VNIR_Plant_Spectrum_X764.79",0.2364397194555,0.000953702163105775,0,1.72380997538333e-05,0.000171952046534474,0.000383166792095694,0.624944448203053,764.79
35,"VNIR_Plant_Spectrum_X765.93",0.23707613918455,0.000955882089092595,8.58492325921832e-22,1.64347120298133e-05,0.000171344100242519,0.000384591507862815,0.625473961840912,765.93
35,"VNIR_Plant_Spectrum_X767.07",0.237746579645546,0.000954060822788182,0,1.83184425398854e-05,0.000169850154854327,0.000385944894706607,0.624314133206381,767.07
35,"VNIR_Plant_Spectrum_X768.21",0.238511988810858,0.000954840934036084,0,1.81501235458477e-05,0.000171776127952566,0.000388065233833075,0.622925847582242,768.21
35,"VNIR_Plant_Spectrum_X769.35",0.238679950054919,0.000954193006854407,0,1.72090280905004e-05,0.000173571328547006,0.000389450839067296,0.6218573750746,769.35
35,"VNIR_Plant_Spectrum_X770.49",0.23937664598322,0.000954646919665175,0,1.62113899999773e-05,0.000175866726455545,0.000389309919534485,0.621500777798366,770.49
35,"VNIR_Plant_Spectrum_X771.63",0.240067012949158,0.00095271482587411,1.45626444367818e-07,1.80305833136849e-05,0.000174989496065342,0.000390876904802739,0.619951336005107,771.63
35,"VNIR_Plant_Spectrum_X772.77",0.240321801205073,0.000954230063607967,0,1.65228941407284e-05,0.000175483526805493,0.000390782256276457,0.6208317688386,772.77
35,"VNIR_Plant_Spectrum_X773.92",0.240954576663997,0.000953183193961829,0,1.67479534786346e-05,0.000174186519806614,0.000393761735645035,0.619803602395147,773.92
35,"VNIR_Plant_Spectrum_X775.06",0.241322681469916,0.000953035511754468,5.36491121381068e-18,1.68878092235494e-05,0.000175586022729151,0.000391729731461196,0.619965708099168,775.06
35,"VNIR_Plant_Spectrum_X776.2",0.241868466686674,0.000956783599893058,0,1.38836020895808e-05,0.000179147071648504,0.000394022895850279,0.619743855638897,776.2
35,"VNIR_Plant_Spectrum_X777.34",0.242174151697469,0.000955003249364722,6.60622276785431e-08,1.45098807916296e-05,0.000179028317848485,0.000393426563397435,0.619313973469239,777.34
35,"VNIR_Plant_Spectrum_X778.48",0.242303119479428,0.000953512164718844,0,1.42964134759137e-05,0.00017827138818396,0.000392995267200957,0.619535773115592,778.48
35,"VNIR_Plant_Spectrum_X779.62",0.242733481823053,0.000953156679137517,1.64826615653885e-19,1.33967860262654e-05,0.000179776586126368,0.000394504400979534,0.618597720042861,779.62
35,"VNIR_Plant_Spectrum_X780.76",0.24301313500394,0.000949777179931396,1.90921394861639e-07,1.72549469892247e-05,0.000176493315319725,0.000394230937589121,0.617561589513046,780.76
35,"VNIR_Plant_Spectrum_X781.9",0.243356854678163,0.00094980243943557,5.78895683898845e-07,1.58130962390068e-05,0.000180311189378326,0.000394676785609634,0.616281652012363,781.9
35,"VNIR_Plant_Spectrum_X783.05",0.244070083370041,0.000948965295454015,0,1.35255039957162e-05,0.000181530784128493,0.00039529535486852,0.616484670409444,783.05
35,"VNIR_Plant_Spectrum_X784.19",0.24462803272851,0.000945733283513078,4.85696002319665e-07,1.38738019927411e-05,0.000182764161327987,0.000395902260298509,0.61460771872981,784.19
35,"VNIR_Plant_Spectrum_X785.33",0.244677955761891,0.000945345168813645,1.31439044655344e-07,1.66557776824182e-05,0.000179142499754765,0.000396522817625524,0.614739615632138,785.33
35,"VNIR_Plant_Spectrum_X786.47",0.245250985581885,0.000945842979141868,3.70827470079669e-07,1.64701768650852e-05,0.000177741460516192,0.000398679562619521,0.614540902068452,786.47
35,"VNIR_Plant_Spectrum_X787.61",0.245351773406167,0.000946781880884005,0,1.46583804919727e-05,0.000179942863873541,0.000398305111969761,0.614917915196858,787.61
35,"VNIR_Plant_Spectrum_X788.75",0.245560566654255,0.000942690558760991,8.61819936744934e-07,1.41613215059468e-05,0.000180189637136097,0.000399907143684747,0.613008280534639,788.75
35,"VNIR_Plant_Spectrum_X789.89",0.246126438773658,0.000944078942967117,7.28130028572492e-07,1.16036385034009e-05,0.000184972259682896,0.000397681345610666,0.613410974880205,789.89
35,"VNIR_Plant_Spectrum_X791.03",0.246198572366712,0.000941800099596586,0,1.13009770672055e-05,0.000184451186187866,0.000397778181478205,0.613418500932326,791.03
35,"VNIR_Plant_Spectrum_X792.17",0.246477847139897,0.000939646493348096,0,1.37660945283434e-05,0.000181188536834589,0.000400335061547575,0.612173002213518,792.17
35,"VNIR_Plant_Spectrum_X793.32",0.246646184413241,0.000940563085816854,5.97434044584393e-07,1.37297772689157e-05,0.00018356952946547,0.000398695453541194,0.61188553815657,793.32
35,"VNIR_Plant_Spectrum_X794.46",0.246656622951683,0.000937016424157451,5.90950749586944e-07,1.34332472610554e-05,0.000184872807291877,0.000398541302634054,0.61065107008972,794.46
35,"VNIR_Plant_Spectrum_X795.6",0.247020929002047,0.000933096841347716,2.21571353434859e-06,1.33895458492589e-05,0.000183471323337818,0.000400030431166957,0.608990010147138,795.6
35,"VNIR_Plant_Spectrum_X796.74",0.247006473468127,0.000936024554129884,1.56811739382847e-06,1.21352166091991e-05,0.000184917497710092,0.000399408033097538,0.610164250196924,796.74
35,"VNIR_Plant_Spectrum_X797.88",0.247137892038577,0.000934905903452545,1.50187711620478e-06,9.61316548008013e-06,0.000186868396231761,0.000398774266295104,0.610385921698512,797.88
35,"VNIR_Plant_Spectrum_X799.02",0.247037739886266,0.000931556519343255,8.48544117625216e-07,1.28639085495815e-05,0.000184405248808958,0.000399101558080543,0.609348036645087,799.02
35,"VNIR_Plant_Spectrum_X800.16",0.247020102254499,0.000928614462471232,2.87299007211624e-07,1.25423952080144e-05,0.000183926453651311,0.000400055433947154,0.608757445797079,800.16
35,"VNIR_Plant_Spectrum_X801.3",0.247348372613946,0.0009252190293113,6.80593588923134e-07,1.22180556790003e-05,0.000184764725408474,0.000399197500552499,0.607864952786955,801.3
35,"VNIR_Plant_Spectrum_X802.45",0.247187775498514,0.000920146911896402,1.44584381765515e-06,1.27297761341983e-05,0.000182316305189882,0.000397166159374214,0.607837148164465,802.45
35,"VNIR_Plant_Spectrum_X803.59",0.247200614295211,0.000917827275870248,3.8862299988722e-07,1.27016660429562e-05,0.000184615989141693,0.000396536982200359,0.607000304458929,803.59
35,"VNIR_Plant_Spectrum_X804.73",0.247527561409043,0.000914821681787653,1.86512201509927e-06,1.12690932741885e-05,0.000185474050978759,0.000394794803082874,0.606555277054726,804.73
35,"VNIR_Plant_Spectrum_X805.87",0.24725460127448,0.000909376433780069,1.08598707532105e-06,1.04106180849465e-05,0.000185405884054986,0.000393821697164496,0.606210291202456,805.87
35,"VNIR_Plant_Spectrum_X807.01",0.247433311297223,0.000911254718688053,1.17659317177758e-06,1.05241028423637e-05,0.000184509093685215,0.000394039617907306,0.606894581726372,807.01
35,"VNIR_Plant_Spectrum_X808.15",0.247439446898488,0.000907959967806543,1.85056638550627e-06,1.23528152851594e-05,0.000183570775129504,0.000393729668704072,0.605523102229622,808.15
35,"VNIR_Plant_Spectrum_X809.29",0.247367757651886,0.000904751478400584,1.22099072399166e-06,1.39721210756109e-05,0.00018119881332466,0.000395057332672004,0.604699260274625,809.29
35,"VNIR_Plant_Spectrum_X810.43",0.247538534697824,0.000897496766152308,2.78733644663559e-06,1.44283140477442e-05,0.000180227837243819,0.000395553562268839,0.60214725913117,810.43
35,"VNIR_Plant_Spectrum_X811.58",0.247414557622124,0.000899902661367218,5.95779418278404e-07,9.8649498149182e-06,0.000185818919086748,0.000394263497337533,0.603780866855971,811.58
35,"VNIR_Plant_Spectrum_X812.72",0.247454750172714,0.000898403371175493,1.90556765720943e-06,1.15743564857461e-05,0.000183453197938327,0.000391846204666257,0.604097514333769,812.72
35,"VNIR_Plant_Spectrum_X813.86",0.24744819919893,0.000897575514899962,1.24378011077912e-06,1.15671796002227e-05,0.000181365053760523,0.000394825605028077,0.603786708899087,813.86
35,"VNIR_Plant_Spectrum_X815",0.247604687133475,0.000895727891444413,8.45970733731283e-07,1.1383790762643e-05,0.000181530157118184,0.000394671974760586,0.603525240749813,815
35,"VNIR_Plant_Spectrum_X816.14",0.247865913855687,0.000893035290641987,2.19908597870663e-06,1.11438805917367e-05,0.00018351709517689,0.00039473816315744,0.601519015494609,816.14
35,"VNIR_Plant_Spectrum_X817.28",0.24803462741794,0.000897846680754989,4.03246304208325e-09,1.25203532112317e-05,0.000181082352268732,0.000396674808105823,0.603339594386549,817.28
35,"VNIR_Plant_Spectrum_X818.42",0.248084484289847,0.000894911270304983,2.05259750740794e-06,9.3298104673978e-06,0.000184811225599449,0.000393417400261047,0.602827770124507,818.42
35,"VNIR_Plant_Spectrum_X819.56",0.2482246081196,0.000893968972101537,1.22515137161148e-06,1.06755384396574e-05,0.000184208006431077,0.000393663376532178,0.602510104568963,819.56
35,"VNIR_Plant_Spectrum_X820.71",0.248253799319696,0.000891493682494899,1.50985314782197e-06,7.86449008956214e-06,0.000187854606206059,0.000394561830321345,0.601026778866656,820.71
35,"VNIR_Plant_Spectrum_X821.85",0.248281833871745,0.000890403964570818,1.59363114680035e-06,1.08241093365656e-05,0.000182892099502255,0.000392962024721476,0.602163061666891,821.85
35,"VNIR_Plant_Spectrum_X822.99",0.248525137354694,0.000889691466320209,2.32156650673436e-06,9.18314664525331e-06,0.000185664034699662,0.000395786011422502,0.600069963395044,822.99
35,"VNIR_Plant_Spectrum_X824.13",0.248635144540568,0.000890780217007579,2.09450756192295e-06,8.68376803699866e-06,0.000186010704141742,0.000393897567788499,0.601282619584198,824.13
35,"VNIR_Plant_Spectrum_X825.27",0.248670578565425,0.000889556100646282,1.47475060841599e-06,8.53169713586214e-06,0.000183068478498265,0.000395844522637143,0.601671161171041,825.27
35,"VNIR_Plant_Spectrum_X826.41",0.24880920174179,0.000885367343184331,2.55024897173348e-06,9.33975482009569e-06,0.000187524453575255,0.000392238862699433,0.599427865305338,826.41
35,"VNIR_Plant_Spectrum_X827.55",0.248675558496183,0.000889341963383025,3.0014429742176e-06,8.60811875588046e-06,0.000185038410609523,0.000395800443853895,0.600180683881331,827.55
35,"VNIR_Plant_Spectrum_X828.69",0.248460251772036,0.000885101195585961,2.65415249323252e-06,8.9901134187087e-06,0.000182957234075651,0.000393209898271453,0.600919022136557,828.69
35,"VNIR_Plant_Spectrum_X829.83",0.248526660718068,0.000883474817677879,2.4826433643658e-06,1.24775811974082e-05,0.000181737585056426,0.000391745132761542,0.600220230811872,829.83
35,"VNIR_Plant_Spectrum_X830.98",0.248600108642837,0.000878331787777975,1.54719115929152e-06,1.38866633401796e-05,0.000182150009809301,0.000393341692665583,0.597806634021648,830.98
35,"VNIR_Plant_Spectrum_X832.12",0.24833857039389,0.000878283914699883,2.00488744777512e-06,9.56197779921709e-06,0.000184756283099718,0.000391810239145485,0.598931772959155,832.12
35,"VNIR_Plant_Spectrum_X833.25",0.248095405611369,0.000878619902218484,1.38940166702077e-06,8.41529219558943e-06,0.000186557664660266,0.000391775550529735,0.599021798600186,833.25
35,"VNIR_Plant_Spectrum_X834.4",0.247906011453156,0.000879153727695238,2.76108406759902e-06,8.82220532242159e-06,0.00018435961920934,0.000390106230945683,0.600021844996201,834.4
35,"VNIR_Plant_Spectrum_X835.54",0.248215374081444,0.000874529990817925,8.27453709904309e-07,1.04180959822339e-05,0.000181627097711087,0.000392725314633738,0.59894065387079,835.54
35,"VNIR_Plant_Spectrum_X836.68",0.247459367075399,0.00087067392298215,2.02152019024455e-06,7.97542023363422e-06,0.000183499406962916,0.000388729570121031,0.599266307778328,836.68
35,"VNIR_Plant_Spectrum_X837.82",0.247102739929112,0.000868352503618282,3.44663297124951e-06,4.47938120477522e-06,0.000186373504652506,0.000388917312533809,0.598216346055474,837.82
35,"VNIR_Plant_Spectrum_X838.96",0.247393603065475,0.000863151323769362,3.68685909707429e-06,1.30643423267685e-05,0.00017883626404686,0.000386187981641446,0.597366829353419,838.96
35,"VNIR_Plant_Spectrum_X840.11",0.246884692926582,0.000866952292687091,2.67715815200643e-06,4.72741817026386e-06,0.000185921789726927,0.000385045830285478,0.599832286294317,840.11
35,"VNIR_Plant_Spectrum_X841.25",0.24666710903117,0.000864830242506149,5.46825242190255e-06,8.0421145527408e-06,0.000183137558134505,0.000386926271630764,0.597091681765571,841.25
35,"VNIR_Plant_Spectrum_X842.39",0.246478591273148,0.00085845026064566,4.05038032367843e-06,9.88973260768798e-06,0.00018321501012682,0.000385247616750178,0.595793089492929,842.39
35,"VNIR_Plant_Spectrum_X843.53",0.246005393054577,0.000858124490976406,4.73844506686151e-06,5.67736260118969e-06,0.000183133063034535,0.00038403009845229,0.597703157236898,843.53
35,"VNIR_Plant_Spectrum_X844.67",0.24570956488848,0.000854785602957167,4.11887573631215e-06,6.86609425442876e-06,0.00018284705366266,0.000382984078074956,0.597083392789711,844.67
35,"VNIR_Plant_Spectrum_X845.81",0.245618879998919,0.000856748418607554,2.1570829035897e-06,6.93569115904282e-06,0.000179476041906852,0.000382804162446552,0.599912878830288,845.81
35,"VNIR_Plant_Spectrum_X846.95",0.245329945846659,0.000850827475509287,3.00596961376168e-06,9.70572354470666e-06,0.000181033648548133,0.000380667208820809,0.596971359185909,846.95
35,"VNIR_Plant_Spectrum_X848.09",0.245597519920434,0.000851842435620304,5.76902706815205e-06,9.58211828223249e-06,0.000180980581536207,0.000379970999248826,0.596467683000146,848.09
35,"VNIR_Plant_Spectrum_X849.24",0.245239498424672,0.000850577218259351,2.32322882210622e-06,5.71782047923737e-06,0.000184791797668649,0.000379403711100676,0.597813454163562,849.24
35,"VNIR_Plant_Spectrum_X850.38",0.244707834673955,0.000839779077158773,5.39293255294013e-06,1.15415989663297e-05,0.000176164459382654,0.000381985374044255,0.593540727795891,850.38
35,"VNIR_Plant_Spectrum_X851.52",0.244485964902784,0.000843410057578614,2.35664963556625e-06,1.00746011357632e-05,0.000176565911524434,0.000380249948643728,0.597038033271272,851.52
35,"VNIR_Plant_Spectrum_X852.66",0.24501627723268,0.000842069037885563,4.16434186002825e-06,1.31012781877966e-05,0.000177906398202716,0.00038112018409764,0.593691518069678,852.66
35,"VNIR_Plant_Spectrum_X853.8",0.243929600672919,0.000841946007777265,4.62718201669127e-06,1.05575788908185e-05,0.000177675024627555,0.000381043017804253,0.594658130985949,853.8
35,"VNIR_Plant_Spectrum_X854.94",0.244411603495799,0.000837940958465947,4.08727175987649e-06,1.19809041514836e-05,0.00017650095635972,0.000381936238362495,0.593255078938228,854.94
35,"VNIR_Plant_Spectrum_X856.08",0.244289390350723,0.000839271773521172,2.45249100872106e-06,1.24722647263839e-05,0.000175434450364384,0.000380091888098333,0.595345221915253,856.08
35,"VNIR_Plant_Spectrum_X857.22",0.244143034106226,0.000838443212106521,4.02751912068639e-06,1.09263615001064e-05,0.000176475638916843,0.000380121024749239,0.594643209095595,857.22
35,"VNIR_Plant_Spectrum_X858.36",0.243660134037234,0.000836471436444907,3.89793209240822e-06,5.94905349781869e-06,0.000178946892508039,0.000379616411884201,0.59540345689602,858.36
35,"VNIR_Plant_Spectrum_X859.5",0.243727518861515,0.000835114649472356,5.06064584559105e-06,9.4380134504432e-06,0.000175060874282033,0.000380723596590102,0.594219417143211,859.5
35,"VNIR_Plant_Spectrum_X860.65",0.243303150745411,0.000829991387720241,7.19208665804409e-06,9.93788983976938e-06,0.000176824193044833,0.000378941129936399,0.591631095578525,860.65
35,"VNIR_Plant_Spectrum_X861.79",0.243081898516435,0.000833921375979962,4.35645701126947e-06,1.11499458408591e-05,0.00017521612955085,0.00038005483583122,0.593665637856385,861.79
35,"VNIR_Plant_Spectrum_X862.93",0.243064153915227,0.000832902629354013,3.67082400974096e-06,6.96644038034921e-06,0.000179557131739929,0.000380196624648736,0.593534096926335,862.93
35,"VNIR_Plant_Spectrum_X864.07",0.242765413817274,0.000825420534075383,4.95712415951599e-06,1.05165230950628e-05,0.000177712921964752,0.00037916433581388,0.590526112482154,864.07
35,"VNIR_Plant_Spectrum_X865.21",0.241982285301439,0.000824168511829579,3.26513629748293e-06,9.37571952779797e-06,0.000175770588805973,0.000377842331352479,0.592746907938114,865.21
35,"VNIR_Plant_Spectrum_X866.35",0.242478680007647,0.000825081360309299,5.65085012259756e-06,5.73061777355138e-06,0.00017729789725472,0.000377869266006274,0.592888458403992,866.35
35,"VNIR_Plant_Spectrum_X867.49",0.241909697993808,0.000822533404524659,4.19292540803299e-06,1.05127106994937e-05,0.000176273976093836,0.000374842744511622,0.592451464883479,867.49
35,"VNIR_Plant_Spectrum_X868.64",0.241556166604231,0.000823300398061923,6.88473741900029e-06,6.55814620331924e-06,0.000179353268934787,0.0003702486087342,0.593863939659887,868.64
35,"VNIR_Plant_Spectrum_X869.78",0.241590557996209,0.000820434471399728,4.58253719657578e-06,7.00908693558859e-06,0.000178995259228879,0.000370171192008941,0.594004415473088,869.78
35,"VNIR_Plant_Spectrum_X870.92",0.241119704410633,0.000818586045655457,4.1974723571897e-06,6.89415462888629e-06,0.000175730478217463,0.000371853692444373,0.594357601378162,870.92
35,"VNIR_Plant_Spectrum_X872.06",0.240433683521478,0.000818515024457198,6.28646261586954e-06,9.84488643355345e-06,0.000176788989588856,0.00037327403711659,0.591109603453145,872.06
35,"VNIR_Plant_Spectrum_X873.2",0.239958433262231,0.000820608269301989,5.14621037981403e-06,8.44048262839717e-06,0.000176910099546199,0.000369458796253424,0.59440080549806,873.2
35,"VNIR_Plant_Spectrum_X874.34",0.239838357686936,0.000817112921366355,4.79699957321578e-06,6.80357798901436e-06,0.000176370642268396,0.000370528448191521,0.593999304505918,874.34
35,"VNIR_Plant_Spectrum_X875.48",0.239572792176002,0.000816637959535008,6.34741560487508e-06,7.7347572944225e-06,0.000177730776814213,0.000368995563560897,0.592863661605236,875.48
35,"VNIR_Plant_Spectrum_X876.62",0.239446118293949,0.000817945422644295,6.74166417672499e-06,9.85079435788904e-06,0.000172329519816464,0.00037119253644387,0.593548510062798,876.62
35,"VNIR_Plant_Spectrum_X877.77",0.239564260130113,0.000811157721584145,1.00892432739733e-05,9.79766370247201e-06,0.000174736019028392,0.000372480048454046,0.588537222249006,877.77
35,"VNIR_Plant_Spectrum_X878.91",0.238827621514862,0.000811971543910422,6.58268398166296e-06,9.4024921920556e-06,0.000173922672484537,0.000370960959996211,0.591453727589963,878.91
35,"VNIR_Plant_Spectrum_X880.05",0.238892064381126,0.000810053480687262,6.08518161364708e-06,7.66454085670921e-06,0.000174636368754143,0.000369460650170052,0.592187549655075,880.05
35,"VNIR_Plant_Spectrum_X881.19",0.238439189531114,0.000811333897516061,6.19930976701242e-06,7.85018527065911e-06,0.000173915044609605,0.000369497975908817,0.592735259800314,881.19
35,"VNIR_Plant_Spectrum_X882.33",0.238628596243938,0.000803522403444957,5.50244482902024e-06,1.26570819938188e-05,0.000172867422814884,0.000370382021739865,0.588690697764511,882.33
35,"VNIR_Plant_Spectrum_X883.47",0.238469691550132,0.000805858187108897,6.61844581729222e-06,9.12941805741793e-06,0.000174865506230027,0.000369576583693595,0.589919317611826,883.47
35,"VNIR_Plant_Spectrum_X884.61",0.23771897850486,0.000807203069883404,5.53708735156822e-06,7.64168458635315e-06,0.000175687939156857,0.000364914090965173,0.593102597704405,884.61
35,"VNIR_Plant_Spectrum_X885.75",0.238026696964043,0.000806427469311436,9.00477621089625e-06,8.48589375477307e-06,0.000172945789967588,0.000366161093017182,0.591645388852222,885.75
35,"VNIR_Plant_Spectrum_X886.9",0.237444980744374,0.000803502787134428,5.15669655787625e-06,7.51271173493816e-06,0.00017216850573577,0.000366333361479351,0.593133661662609,886.9
35,"VNIR_Plant_Spectrum_X888.04",0.237922107060417,0.000808244997282352,8.15721443608572e-06,6.89787524962408e-06,0.000175759425358973,0.000366784573802633,0.591754948818969,888.04
35,"VNIR_Plant_Spectrum_X889.18",0.237443167671559,0.000801373862858694,8.85946851756329e-06,1.13642185863901e-05,0.000173788261730694,0.000366301857193418,0.588515179485948,889.18
35,"VNIR_Plant_Spectrum_X890.32",0.236954214809195,0.000800558902890632,7.72303625484691e-06,6.81878266666999e-06,0.00017492073999549,0.000366986576484507,0.589944112562642,890.32
35,"VNIR_Plant_Spectrum_X891.46",0.236727884272673,0.000798600865087364,9.92957663321217e-06,7.30595667639419e-06,0.000176792949600006,0.000367050034106571,0.587344984118135,891.46
35,"VNIR_Plant_Spectrum_X892.6",0.236303719706959,0.000796276467825003,8.99487602945072e-06,8.81738814914154e-06,0.000172993150159181,0.000367526160195588,0.587827949433026,892.6
35,"VNIR_Plant_Spectrum_X893.74",0.236041181570173,0.000799947959879589,7.49968223341985e-06,7.22665389649856e-06,0.000175028954379232,0.00036321420426381,0.591276250541855,893.74
35,"VNIR_Plant_Spectrum_X894.88",0.235582438613257,0.000798544718940693,5.95671069695328e-06,1.11670409284385e-13,0.000179723226777291,0.000362754675499162,0.592841107472476,894.88
35,"VNIR_Plant_Spectrum_X896.02",0.235596423996831,0.000793331972758009,1.26975076113282e-05,6.27823563645065e-06,0.000175863400329596,0.000365349523899127,0.586124769121035,896.02
35,"VNIR_Plant_Spectrum_X897.17",0.235155230518298,0.000796919317371587,7.25937961316159e-06,7.45606892300872e-06,0.000173386563084041,0.000365408264061364,0.590122818302468,897.17
35,"VNIR_Plant_Spectrum_X898.31",0.234600031566047,0.000796015524028642,7.65540639192128e-06,4.22248963389204e-06,0.000174939521071325,0.000361550369880601,0.592104586178446,898.31
42,"VNIR_Plant_Spectrum_X351.44",0.206433701938467,3.96524798875341e-06,0.000239963821236311,8.40426634119772e-17,0.000206000580324398,0.000336170653647909,0.0050442010677579,351.44
42,"VNIR_Plant_Spectrum_X352.58",0.207157368117086,5.92034290059882e-05,0.000130811435799685,0,0.000199838929331218,0.000227968309347309,0.0958260131389135,352.58
42,"VNIR_Plant_Spectrum_X353.72",0.206512007011695,0,0.00015229787134304,0,0.000253883936340923,0.000182519037354193,0,353.72
42,"VNIR_Plant_Spectrum_X354.86",0.201704472298939,2.90293218777696e-05,6.19966630011697e-05,0,0.000143506039857169,0.000310240553720826,0.0532870467893134,354.86
42,"VNIR_Plant_Spectrum_X356",0.197518987867443,1.10068548574593e-05,1.73264730422114e-06,6.860325888883e-06,0.00017855703173294,0.000259128117094437,0.0240700119488012,356
42,"VNIR_Plant_Spectrum_X357.15",0.197217395609293,7.38556578495107e-06,7.80133882498341e-05,0,0.000160805810810307,0.000315536356422636,0.0131476324330386,357.15
42,"VNIR_Plant_Spectrum_X358.29",0.200195198713588,0,0.000338365831449764,0,0.00014227759760351,0.000375873604831081,0,358.29
42,"VNIR_Plant_Spectrum_X359.43",0.18370753045875,1.02241001044041e-05,4.70759999540354e-05,1.30374296849743e-13,7.13759608206069e-05,0.000352410384856904,0.0212521059203671,359.43
42,"VNIR_Plant_Spectrum_X360.57",0.191626802404822,0,6.23603136677829e-05,1.14211842718709e-05,8.5112650203721e-05,0.000409531132893899,0,360.57
42,"VNIR_Plant_Spectrum_X361.72",0.188201057063806,0,2.12252208545605e-05,2.4121464523337e-20,8.39551929817391e-05,0.000391007796693918,0,361.72
42,"VNIR_Plant_Spectrum_X362.86",0.184718496505106,2.11566092824927e-05,0.000273846860353593,0,0.000223111221541485,0.000264962589479506,0.0270172686720528,362.86
42,"VNIR_Plant_Spectrum_X364",0.18073393620045,0,0.00021473822035918,0,0.000115403197150583,0.000262216796085424,0,364
42,"VNIR_Plant_Spectrum_X365.14",0.196482575442011,0,0.000351120332615766,2.65267466609641e-05,0.000168960992892556,0.000403444881639589,0,365.14
42,"VNIR_Plant_Spectrum_X366.29",0.177457489822688,4.74512229246333e-05,7.4839717491703e-05,2.45833723158788e-12,0.000154833121237779,0.000313729383030731,0.0803096320315353,366.29
42,"VNIR_Plant_Spectrum_X367.43",0.186589445222321,0,7.1847475232512e-05,2.90274956146373e-05,0.000116201533616174,0.000211261988165532,0,367.43
42,"VNIR_Plant_Spectrum_X368.57",0.169047513465619,0,0.000146894981522824,3.33556184219846e-17,7.05497750963663e-05,0.000269468194377391,0,368.57
42,"VNIR_Plant_Spectrum_X369.71",0.166887829784461,1.78354450502987e-18,1.40341077153116e-05,0,0.000122529983559983,0.000153161260763623,6.15598356332409e-15,369.71
42,"VNIR_Plant_Spectrum_X370.86",0.168946255219915,5.34287049049948e-07,0.000127761427212137,0,0.00012295772676947,0.000187266950625772,0.00121838587033953,370.86
42,"VNIR_Plant_Spectrum_X372",0.155045699391598,1.26639569384693e-05,2.19920663603634e-05,1.09882049437172e-18,8.44845401798515e-05,0.000140621951990828,0.0487520569146769,372
42,"VNIR_Plant_Spectrum_X373.14",0.154669208830686,1.08270113541482e-05,0.000129394833262771,4.6857645264818e-06,5.66897798356869e-05,0.000174168360198621,0.0288131937991717,373.14
42,"VNIR_Plant_Spectrum_X374.28",0.146269840628093,5.08960062847553e-06,0.000131424409815192,3.91286457152121e-17,2.57411096898705e-05,0.000218840153822368,0.0133551921954925,374.28
42,"VNIR_Plant_Spectrum_X375.43",0.146092590333758,7.78559593064275e-06,8.57831940072633e-05,4.09393662715295e-06,7.88778426672649e-05,0.000108366261540915,0.0273268138552965,375.43
42,"VNIR_Plant_Spectrum_X376.57",0.139199755171489,0,0.000144203513222158,9.06948734331838e-06,5.64418729288603e-05,0.000110034814254232,0,376.57
42,"VNIR_Plant_Spectrum_X377.71",0.129307449440392,4.12926956520923e-06,5.86923340257898e-05,1.32882813129781e-05,3.11135912940899e-05,0.00010103982627148,0.0198271587756707,377.71
42,"VNIR_Plant_Spectrum_X378.85",0.122324893337494,7.18677280685857e-06,3.08937263705338e-05,1.38791819449782e-05,2.34275545230119e-05,8.34898775764144e-05,0.0452347897133908,378.85
42,"VNIR_Plant_Spectrum_X380",0.119589049588446,5.3989242299095e-06,0,0,2.90458081161318e-05,0.000136418361058554,0.0315979543758178,380
42,"VNIR_Plant_Spectrum_X381.14",0.105904042415247,0,4.53467491726877e-06,1.55401088900513e-05,2.38859158356521e-05,6.90603906770497e-05,0,381.14
42,"VNIR_Plant_Spectrum_X382.28",0.102986884368808,0,3.69889556877162e-05,1.28226192844299e-05,0,0.000108174595666545,0,382.28
42,"VNIR_Plant_Spectrum_X383.42",0.0984737818419719,0,5.45066704500234e-07,3.42209794797557e-17,2.05033947689617e-05,8.92937892605196e-05,0,383.42
42,"VNIR_Plant_Spectrum_X384.57",0.0955830628002136,0,9.53366085909236e-06,1.26441774755938e-07,1.72444137275954e-05,8.70443848451453e-05,0,384.57
42,"VNIR_Plant_Spectrum_X385.71",0.0948027902668828,0,3.7349350483048e-05,0,1.55886133960342e-05,6.9240445989531e-05,0,385.71
42,"VNIR_Plant_Spectrum_X386.85",0.0933535488810322,2.11016406692977e-06,1.93398211477486e-06,5.78657209798302e-07,8.65254086753873e-06,7.19076986275947e-05,0.0247721142074958,386.85
42,"VNIR_Plant_Spectrum_X387.99",0.0863036374433732,1.54972874828214e-18,6.85634495102671e-05,0,1.12872561169341e-05,5.84988027853267e-05,1.1201548643463e-14,387.99
42,"VNIR_Plant_Spectrum_X389.14",0.0784484537344544,5.72865541372206e-07,5.44187965561712e-06,0,0,6.56848530136702e-05,0.00798980127739458,389.14
42,"VNIR_Plant_Spectrum_X390.28",0.0784654957633813,2.07801963639845e-06,1.77991250297324e-05,3.91703566737841e-06,1.66501916514346e-05,4.21719417871004e-05,0.0251526549844883,390.28
42,"VNIR_Plant_Spectrum_X391.42",0.0737356558845355,2.86217392271337e-06,2.63240563170323e-06,8.98178698772092e-07,4.68432053411107e-06,4.43806499628603e-05,0.0516100097717238,391.42
42,"VNIR_Plant_Spectrum_X392.56",0.072799759751671,0,0,3.16885612351131e-06,4.84606383456639e-06,4.68262591975996e-05,0,392.56
42,"VNIR_Plant_Spectrum_X393.71",0.0711143420422528,1.3061453507595e-06,1.13010265450611e-05,2.83309994841455e-06,6.02509701769054e-06,2.84434550927252e-05,0.0261706297056072,393.71
42,"VNIR_Plant_Spectrum_X394.85",0.067335369038601,0,1.172692129592e-06,3.17660472549483e-17,1.0085007761161e-05,3.12410294868816e-05,0,394.85
42,"VNIR_Plant_Spectrum_X395.99",0.0657376198391966,1.6197188269198e-06,4.3679342002466e-06,4.09275938706584e-06,5.38498749598434e-06,2.76835743671978e-05,0.0375378292078571,395.99
42,"VNIR_Plant_Spectrum_X397.13",0.0627461961800272,2.4440229364272e-06,1.11922000357874e-08,1.60191039064741e-07,0,3.42112936526591e-05,0.0663655159932786,397.13
42,"VNIR_Plant_Spectrum_X398.28",0.0597674516124636,2.48906926075598e-06,0,0,5.168469399994e-06,2.22697671659849e-05,0.0831705090717662,398.28
42,"VNIR_Plant_Spectrum_X399.42",0.0596451113455157,8.33643782403302e-07,4.68278262822868e-06,6.27169279594995e-06,3.11710010669052e-06,2.62209569625797e-05,0.020270393649331,399.42
42,"VNIR_Plant_Spectrum_X400.56",0.0562664440058956,9.75108227699551e-07,3.92566314878331e-06,8.06541841318226e-17,3.92430979274822e-06,2.32190381248153e-05,0.0304301771800689,400.56
42,"VNIR_Plant_Spectrum_X401.7",0.0563004281782898,1.76282941520334e-06,1.38040406416942e-05,3.78678241514385e-06,6.60411359672325e-07,2.67907641148811e-05,0.0376634097921429,401.7
42,"VNIR_Plant_Spectrum_X402.85",0.0544776489039434,4.94161581675605e-19,9.9483009310097e-06,5.5780852339668e-06,3.18152311238949e-06,2.12745053124961e-05,1.23594732020236e-14,402.85
42,"VNIR_Plant_Spectrum_X403.99",0.0542993068448466,3.60207854410353e-06,2.59904987187578e-06,3.73192981635159e-06,3.7507236814949e-06,1.54501534749458e-05,0.123638584902327,403.99
42,"VNIR_Plant_Spectrum_X405.13",0.0534259713006643,1.98749559223365e-06,3.19460345252956e-06,3.54369356668725e-06,1.43368025269761e-06,1.80964838990104e-05,0.0703389946726221,405.13
42,"VNIR_Plant_Spectrum_X406.27",0.0505272855353666,7.34853550325159e-07,2.98933876084031e-07,1.17803479438396e-19,0,3.27478123821879e-05,0.0217530713313981,406.27
42,"VNIR_Plant_Spectrum_X407.41",0.050388764475743,2.84628353276288e-06,2.07066927477958e-06,1.07635528773553e-06,1.00025223147385e-19,2.00259889080424e-05,0.109391254206432,407.41
42,"VNIR_Plant_Spectrum_X408.55",0.0492812924690602,3.13769345777447e-06,0,3.10682846082109e-06,5.10370351666225e-06,8.59926991094055e-06,0.157297615731614,408.55
42,"VNIR_Plant_Spectrum_X409.7",0.0476698086543718,3.63585695361485e-06,1.04943405320834e-06,4.63732686524466e-06,2.84398828617875e-06,9.39666202900888e-06,0.168613445885895,409.7
42,"VNIR_Plant_Spectrum_X410.84",0.0471562076832253,2.99813208733303e-06,2.32295677190703e-05,2.51670977955443e-06,2.97723430070451e-06,1.17064860601151e-05,0.0690366380271807,410.84
42,"VNIR_Plant_Spectrum_X411.98",0.0453412262592095,4.26490601521286e-06,1.0856718638342e-05,3.06414570034787e-06,3.58371202610508e-06,1.10540169336579e-05,0.129934531795555,411.98
42,"VNIR_Plant_Spectrum_X413.12",0.0451311135616492,4.88013761864253e-06,4.31612872917539e-07,2.83402195389689e-06,4.63091830712729e-06,8.23820636066107e-06,0.232222769987614,413.12
42,"VNIR_Plant_Spectrum_X414.26",0.0449160294736328,5.59193007338969e-06,7.21814563133499e-06,2.65341765182537e-06,2.43050168478025e-06,8.18740068435728e-06,0.214403022453365,414.26
42,"VNIR_Plant_Spectrum_X415.4",0.0436634960291044,4.49819733372684e-06,8.36594885698343e-06,2.34721064417246e-06,2.20322524919398e-06,1.12288892566247e-05,0.157040928462293,415.4
42,"VNIR_Plant_Spectrum_X416.54",0.0427725794517135,3.45748904825071e-06,2.83860894133916e-06,2.75184936209217e-06,4.31238999552025e-06,7.76297751348651e-06,0.163681177459756,416.54
42,"VNIR_Plant_Spectrum_X417.68",0.0425442542722339,4.18810877773433e-06,0,5.52078216729754e-06,3.04856321233305e-07,1.21344569418347e-05,0.189094733748332,417.68
42,"VNIR_Plant_Spectrum_X418.83",0.04131906872965,5.67117378668553e-06,3.05356871418348e-08,2.93570028380103e-06,3.1395922793545e-06,7.75284242749434e-06,0.290384994975296,418.83
42,"VNIR_Plant_Spectrum_X419.97",0.0418079230371972,5.59427510746495e-06,7.67203961314865e-06,4.66547602085523e-06,3.68029631077592e-06,7.94027054472656e-06,0.189300467453679,419.97
42,"VNIR_Plant_Spectrum_X421.11",0.0416257387346386,6.12876765998107e-06,1.17997486052626e-06,4.75851032900699e-06,1.03938797794017e-06,9.41379355411143e-06,0.272142515376958,421.11
42,"VNIR_Plant_Spectrum_X422.25",0.0406732870704891,7.26964842148061e-06,5.57585026700302e-07,2.23694516896736e-06,2.55870240578311e-06,7.43253636508944e-06,0.36247804175957,422.25
42,"VNIR_Plant_Spectrum_X423.39",0.0406652647290994,6.56267387914193e-06,3.85611627392682e-06,4.96112604605202e-06,3.52041727723262e-06,6.5425607034003e-06,0.257937396303138,423.39
42,"VNIR_Plant_Spectrum_X424.53",0.0408220867932023,8.22179975390866e-06,2.60745643761404e-06,3.31512456908338e-06,4.07879806410333e-06,6.46590940792722e-06,0.333013502825115,424.53
42,"VNIR_Plant_Spectrum_X425.67",0.0397779393792259,7.35666722948993e-06,1.39709737410224e-06,4.23604274368636e-06,1.95502133166136e-06,9.61336478819296e-06,0.299560602425241,425.67
42,"VNIR_Plant_Spectrum_X426.81",0.0389722218386191,7.16237141632934e-06,2.72441862266216e-06,5.20607398019782e-06,1.72526042519295e-06,8.76125439728457e-06,0.280005681946521,426.81
42,"VNIR_Plant_Spectrum_X427.96",0.039568119869054,7.21110348786288e-06,8.66497835668514e-06,5.17009561226369e-06,3.41340965072059e-06,6.56399893349087e-06,0.232439392349017,427.96
42,"VNIR_Plant_Spectrum_X429.1",0.0386573540498887,8.0710845382228e-06,2.64345304603869e-07,3.29073811721905e-06,3.72705502525788e-06,7.47951888388412e-06,0.353487311531102,429.1
42,"VNIR_Plant_Spectrum_X430.24",0.0388411057028782,7.67560334492102e-06,3.00539493464413e-07,3.85567076407564e-06,3.0803230531665e-06,7.14791440948969e-06,0.347941322631758,430.24
42,"VNIR_Plant_Spectrum_X431.38",0.038255247285904,9.89087233412749e-06,3.64124706795205e-07,2.15442007502716e-06,2.0690234871143e-06,1.00078529332449e-05,0.403935055318232,431.38
42,"VNIR_Plant_Spectrum_X432.52",0.0386781102822792,9.46770418865205e-06,1.5754904013634e-06,2.76592140082594e-06,3.33810512949623e-06,8.31795853100005e-06,0.371790198156121,432.52
42,"VNIR_Plant_Spectrum_X433.66",0.0376394389686553,1.04218278404473e-05,1.26310866231556e-06,3.29125195119013e-06,3.83775973523698e-06,6.41256909086336e-06,0.413129871426519,433.66
42,"VNIR_Plant_Spectrum_X434.8",0.0387657285516373,9.87003142248388e-06,7.87245112217024e-07,2.84394591212869e-06,4.24278295862574e-06,6.96701748675479e-06,0.399418165145859,434.8
42,"VNIR_Plant_Spectrum_X435.94",0.0387033330158889,1.02153479440113e-05,3.44743701633298e-06,3.28488813081854e-06,2.84310204711559e-06,8.72915889691217e-06,0.358182733922409,435.94
42,"VNIR_Plant_Spectrum_X437.09",0.0390627356235798,1.10478068499781e-05,3.95886374184726e-06,4.33150023945417e-06,3.0104653562139e-06,7.64507163638834e-06,0.368337483143099,437.09
42,"VNIR_Plant_Spectrum_X438.23",0.0382777518580736,9.86844495594037e-06,7.62979758099698e-06,5.01443629035824e-06,3.50653894105593e-06,7.14760444772914e-06,0.297539658507161,438.23
42,"VNIR_Plant_Spectrum_X439.37",0.0375092686084215,1.06066307977742e-05,2.15429328774761e-06,3.69654723271269e-06,2.79235674128686e-06,8.58138249537801e-06,0.38110562157732,439.37
42,"VNIR_Plant_Spectrum_X440.52",0.0386340961620661,1.15023758773582e-05,4.42009522894309e-06,3.44263648985145e-06,3.31030479526225e-06,7.91643737934732e-06,0.37599478173273,440.52
42,"VNIR_Plant_Spectrum_X441.66",0.0376454910160303,1.11419467620993e-05,1.89236333687855e-06,4.82755407171145e-06,1.97584474150169e-06,9.98020232612868e-06,0.373666239497707,441.66
42,"VNIR_Plant_Spectrum_X442.8",0.0381235388671197,1.11891927195359e-05,4.2984097665967e-06,4.54578229768338e-06,2.91311333376394e-06,8.92811923271307e-06,0.351037711184728,442.8
42,"VNIR_Plant_Spectrum_X443.95",0.0388355681557016,1.25815760863579e-05,6.99296397352975e-06,3.63749546642151e-06,4.67887516135457e-06,6.67046142702365e-06,0.364035780888779,443.95
42,"VNIR_Plant_Spectrum_X445.09",0.0386672256531657,1.26674113493566e-05,1.04285011982045e-07,4.59031143964816e-06,3.22905534871473e-06,8.88057707673584e-06,0.429816978357158,445.09
42,"VNIR_Plant_Spectrum_X446.23",0.0384416262678097,1.13350818606992e-05,3.02485991037833e-06,4.49910930899123e-06,4.06798111782056e-06,7.2486567495551e-06,0.375636224261224,446.23
42,"VNIR_Plant_Spectrum_X447.37",0.0381176288311383,1.26353505412814e-05,3.28369770200771e-06,4.10565117903125e-06,3.88572137005852e-06,7.76655029801457e-06,0.398881272619947,447.37
42,"VNIR_Plant_Spectrum_X448.52",0.0380948620845412,1.20193125395021e-05,2.71095152747984e-06,4.49725520371179e-06,3.46887779266039e-06,9.33758208154003e-06,0.375205105963799,448.52
42,"VNIR_Plant_Spectrum_X449.66",0.0371733699324482,1.29006113713443e-05,9.9516991441238e-07,4.34337367016323e-06,3.62422767060396e-06,9.15456882377887e-06,0.41590791036003,449.66
42,"VNIR_Plant_Spectrum_X450.8",0.0371425399294638,1.32647217471981e-05,1.72256584741137e-06,4.75650131931936e-06,3.60906230730816e-06,8.55961552632247e-06,0.415659555625311,450.8
42,"VNIR_Plant_Spectrum_X451.95",0.0371468426004103,1.32780922732545e-05,3.54120771147361e-06,4.31576842349431e-06,3.02818788546625e-06,1.002816362512e-05,0.388345740094585,451.95
42,"VNIR_Plant_Spectrum_X453.09",0.0378263419033272,1.32525387684896e-05,1.9548106613461e-06,4.02058583172661e-06,3.81337221007006e-06,8.75828946433627e-06,0.416751784469935,453.09
42,"VNIR_Plant_Spectrum_X454.23",0.0378271364901641,1.3194605593194e-05,2.52755342908832e-06,4.44065559439921e-06,3.54674888350489e-06,9.04711810558402e-06,0.40280654041799,454.23
42,"VNIR_Plant_Spectrum_X455.38",0.0383643099614809,1.37076657460822e-05,3.08637283444062e-06,4.43469791771603e-06,3.75680146205449e-06,8.85198197302323e-06,0.405102554002061,455.38
42,"VNIR_Plant_Spectrum_X456.52",0.0379145145272809,1.31699278956435e-05,2.9076107128931e-06,5.20117699890064e-06,3.61259634931889e-06,7.72592234192876e-06,0.403772060348307,456.52
42,"VNIR_Plant_Spectrum_X457.66",0.0376253352030731,1.3731124722224e-05,7.44512571250488e-07,5.28585760612552e-06,3.91741281593535e-06,8.30142225987782e-06,0.429361571090125,457.66
42,"VNIR_Plant_Spectrum_X458.8",0.0375629318262792,1.27186311710944e-05,4.15223621270226e-06,5.95373454636348e-06,3.86525625154378e-06,7.78893842622657e-06,0.368882687981313,458.8
42,"VNIR_Plant_Spectrum_X459.95",0.0374610042172199,1.36951795182252e-05,2.67619808406554e-06,4.34919565048069e-06,3.6078775932366e-06,9.17469940194496e-06,0.408772889022935,459.95
42,"VNIR_Plant_Spectrum_X461.09",0.0377477660138291,1.30768250933383e-05,1.65531432445121e-06,4.74542920520922e-06,2.90105040301163e-06,9.32312121418999e-06,0.412495496911422,461.09
42,"VNIR_Plant_Spectrum_X462.23",0.037473850426504,1.38897514277595e-05,4.27911163102147e-06,4.05907862604745e-06,4.10210526614918e-06,7.70109517789415e-06,0.408148259472477,462.23
42,"VNIR_Plant_Spectrum_X463.38",0.0375220523012566,1.32820942474283e-05,1.46482149582426e-06,4.23626769828921e-06,3.04515594704287e-06,1.01913795659085e-05,0.412234950472033,463.38
42,"VNIR_Plant_Spectrum_X464.52",0.0375787917681311,1.35326092355985e-05,1.79347818623583e-06,3.87002619448061e-06,3.8590049929653e-06,8.60573072193589e-06,0.427424074889109,464.52
42,"VNIR_Plant_Spectrum_X465.66",0.0373648331135764,1.31478688304417e-05,2.72229813006459e-06,4.56238747772431e-06,4.35841745391377e-06,7.39550522012864e-06,0.40849045966041,465.66
42,"VNIR_Plant_Spectrum_X466.81",0.0375551073833572,1.32721789418671e-05,1.90943710692841e-06,4.64457208435986e-06,3.55385429706458e-06,8.40155820679036e-06,0.41760574281496,466.81
42,"VNIR_Plant_Spectrum_X467.95",0.0374992151165464,1.40225945657764e-05,1.95064911908729e-06,4.58809788760473e-06,3.039943387595e-06,8.92268618722661e-06,0.431146445871348,467.95
42,"VNIR_Plant_Spectrum_X469.09",0.0377599625285405,1.32503693654927e-05,2.1816907154754e-06,5.07531258748043e-06,3.55167614271398e-06,8.01033539997581e-06,0.413178166386201,469.09
42,"VNIR_Plant_Spectrum_X470.23",0.0374964390229608,1.39454626456868e-05,2.03339515771224e-06,4.44823337429152e-06,3.70043928658778e-06,8.11709424097129e-06,0.432489531919296,470.23
42,"VNIR_Plant_Spectrum_X471.38",0.0369526128259627,1.37210442254199e-05,1.98297266995106e-06,4.71693569640462e-06,3.37463023529771e-06,8.59865349559175e-06,0.423564367708827,471.38
42,"VNIR_Plant_Spectrum_X472.52",0.0370444068786914,1.32200070041948e-05,3.65038524312253e-06,5.46742329455759e-06,3.43890660210995e-06,8.34624560345441e-06,0.387422544898279,472.52
42,"VNIR_Plant_Spectrum_X473.66",0.0370959971903964,1.39686674936783e-05,2.43632326806948e-06,4.30205766219463e-06,3.74028473807216e-06,7.72758580246185e-06,0.434147713288751,473.66
42,"VNIR_Plant_Spectrum_X474.81",0.0371754325686786,1.35288343053268e-05,3.40909797716353e-06,4.74955789400165e-06,3.56276488574626e-06,8.18973140070808e-06,0.404570567644147,474.81
42,"VNIR_Plant_Spectrum_X475.95",0.0370489913992174,1.39350468931032e-05,2.61671412586043e-06,5.08636123727474e-06,3.2762555549913e-06,8.56733853179171e-06,0.416198702310782,475.95
42,"VNIR_Plant_Spectrum_X477.09",0.0370910463473785,1.29133124071021e-05,1.92741269785247e-06,5.20822941195832e-06,3.68617003019807e-06,8.09411595521578e-06,0.405705954754343,477.09
42,"VNIR_Plant_Spectrum_X478.24",0.0370909884630881,1.33793034232132e-05,1.49889558565806e-06,4.47005916946054e-06,3.90988210227941e-06,7.417800688512e-06,0.436149731696253,478.24
42,"VNIR_Plant_Spectrum_X479.38",0.0371212612732436,1.39423385396903e-05,2.11333173768948e-06,4.38351846139319e-06,3.48976942180879e-06,7.81250739051757e-06,0.439246843131584,479.38
42,"VNIR_Plant_Spectrum_X480.52",0.0372429167158992,1.34423764953963e-05,1.81386930154932e-06,4.96389920620451e-06,3.47055589616994e-06,7.84990346147693e-06,0.426192736880601,480.52
42,"VNIR_Plant_Spectrum_X481.66",0.0371998403473902,1.28818906129792e-05,2.67303349919734e-06,5.03463636368723e-06,3.6013574530165e-06,8.2884973480653e-06,0.396617072787113,481.66
42,"VNIR_Plant_Spectrum_X482.81",0.0371721542352345,1.31474883393952e-05,2.82286157717648e-06,5.39301068735704e-06,3.43819324611102e-06,7.74838952342363e-06,0.403917395140964,482.81
42,"VNIR_Plant_Spectrum_X483.95",0.0370880874600561,1.31425643392853e-05,2.47947386019815e-06,4.89301979698793e-06,3.78403052240974e-06,7.76062510399577e-06,0.409940166461971,483.95
42,"VNIR_Plant_Spectrum_X485.09",0.0371262033734852,1.3155450753833e-05,2.6919721276728e-06,4.60478357868031e-06,3.76981083452754e-06,7.23603182648439e-06,0.418190292193555,485.09
42,"VNIR_Plant_Spectrum_X486.24",0.0370685803388372,1.31995860556379e-05,2.81963325603232e-06,4.68184443645979e-06,3.81012947033222e-06,7.51826905218906e-06,0.412107638401807,486.24
42,"VNIR_Plant_Spectrum_X487.38",0.0373670662897355,1.33009830198432e-05,1.87180916938559e-06,4.44564993534305e-06,3.7524798953418e-06,7.56512096562455e-06,0.429951012999984,487.38
42,"VNIR_Plant_Spectrum_X488.52",0.037666893449816,1.31741286140072e-05,1.52645902260485e-06,4.86951513980553e-06,3.61366131358324e-06,7.422475213905e-06,0.430439312820964,488.52
42,"VNIR_Plant_Spectrum_X489.67",0.0377720646159542,1.29492387951946e-05,1.79212299610073e-06,4.87788124130891e-06,3.78458258896719e-06,7.63707735269292e-06,0.417166949232457,489.67
42,"VNIR_Plant_Spectrum_X490.81",0.03804208943593,1.30181821958912e-05,2.46316719837776e-06,5.08637960013814e-06,3.77272458867877e-06,7.43039190858541e-06,0.409752463128622,490.81
42,"VNIR_Plant_Spectrum_X491.95",0.0383306401434838,1.27649603517705e-05,2.16744462045941e-06,5.06680101542791e-06,3.98614067041654e-06,7.77730620893039e-06,0.401885837597363,491.95
42,"VNIR_Plant_Spectrum_X493.09",0.038473010103013,1.26673490531123e-05,1.90659539308029e-06,5.23494452546596e-06,3.77132003881831e-06,7.83038916521387e-06,0.403282643083053,493.09
42,"VNIR_Plant_Spectrum_X494.24",0.0386353860233841,1.29354622127974e-05,1.96907923704055e-06,4.88236922174712e-06,3.74583202494762e-06,8.33632287560431e-06,0.405893990946092,494.24
42,"VNIR_Plant_Spectrum_X495.38",0.0391985241424944,1.26681802977871e-05,2.90135339833001e-06,5.01221885670608e-06,3.8817232379311e-06,8.67366650280509e-06,0.382295497468088,495.38
42,"VNIR_Plant_Spectrum_X496.52",0.0395725007195866,1.27071702941578e-05,3.00456958171561e-06,5.1720777533807e-06,4.021279258757e-06,8.7853466494235e-06,0.377174324821175,496.52
42,"VNIR_Plant_Spectrum_X497.67",0.0396829748934874,1.30115921724084e-05,2.44563073746046e-06,5.23179219969342e-06,4.1033137458475e-06,8.92153495860557e-06,0.385941885634577,497.67
42,"VNIR_Plant_Spectrum_X498.81",0.0401651883404139,1.29072468796128e-05,2.92310440688024e-06,5.86711908569238e-06,4.27575598920532e-06,8.87312424185798e-06,0.370404551873202,498.81
42,"VNIR_Plant_Spectrum_X499.95",0.0405751492652002,1.33459324478714e-05,3.34480353254125e-06,5.7770496681977e-06,4.40170796495204e-06,8.71261429490364e-06,0.375074250300276,499.95
42,"VNIR_Plant_Spectrum_X501.1",0.0408082642584099,1.33501824845198e-05,2.83864920728271e-06,5.86334066053991e-06,4.8198188379373e-06,8.66054236062619e-06,0.375717156937137,501.1
42,"VNIR_Plant_Spectrum_X502.24",0.0412010304067304,1.37711062483663e-05,3.37074031112702e-06,5.9791088497537e-06,4.79076346084991e-06,9.04991909141546e-06,0.372578354419951,502.24
42,"VNIR_Plant_Spectrum_X503.38",0.0417376407979363,1.40731968473089e-05,3.1379015841049e-06,6.17403929855438e-06,4.37831769573475e-06,9.98112960702711e-06,0.372853399636144,503.38
42,"VNIR_Plant_Spectrum_X504.52",0.0425540519485944,1.44539540090643e-05,3.07817388306146e-06,6.61069206830093e-06,5.26107763333084e-06,9.24236003445376e-06,0.374006563536261,504.52
42,"VNIR_Plant_Spectrum_X505.67",0.0431511948181297,1.46659739341964e-05,3.38472987147997e-06,6.86492466541191e-06,5.11222437982272e-06,9.9230719084175e-06,0.36709973605234,505.67
42,"VNIR_Plant_Spectrum_X506.81",0.0441598304437626,1.53618403598517e-05,2.68754585025854e-06,6.73758814326238e-06,5.45531033319551e-06,1.03273787975912e-05,0.378653383848004,506.81
42,"VNIR_Plant_Spectrum_X507.95",0.0451489594265071,1.56941202341925e-05,3.05484723979576e-06,7.29717670041247e-06,5.90064015205645e-06,1.09875359333301e-05,0.365537875974987,507.95
42,"VNIR_Plant_Spectrum_X509.1",0.0463845168930831,1.65411809856103e-05,2.29174416274684e-06,7.80787370644263e-06,5.95852714252026e-06,1.20238701283512e-05,0.370685706577937,509.1
42,"VNIR_Plant_Spectrum_X510.24",0.047968782808276,1.72089499881683e-05,3.14066310647079e-06,8.59140391259514e-06,6.51753558366785e-06,1.21428181396243e-05,0.361522152073918,510.24
42,"VNIR_Plant_Spectrum_X511.38",0.0492791119431361,1.80706631498666e-05,2.43696388240655e-06,9.19871352358457e-06,7.03302505347484e-06,1.33386659148741e-05,0.360850109316529,511.38
42,"VNIR_Plant_Spectrum_X512.53",0.0510241293740401,1.91736526001964e-05,2.95714679322993e-06,9.51166171222202e-06,7.48698585189672e-06,1.41517451647376e-05,0.359857800407169,512.53
42,"VNIR_Plant_Spectrum_X513.67",0.0527498834992703,2.08083500051082e-05,2.34962679636745e-06,1.02700542031779e-05,7.77719335281556e-06,1.50852232564439e-05,0.369660411084831,513.67
42,"VNIR_Plant_Spectrum_X514.81",0.0546248970235136,2.18256307207268e-05,2.68561191132446e-06,1.05203705582833e-05,8.989178895872e-06,1.58159885494932e-05,0.364752757231481,514.81
42,"VNIR_Plant_Spectrum_X515.95",0.0565790348383065,2.35009119930122e-05,2.51983748190117e-06,1.19058935326839e-05,9.67264275938021e-06,1.67301982102662e-05,0.365321008968851,515.95
42,"VNIR_Plant_Spectrum_X517.1",0.0586277099489865,2.54020503911961e-05,1.76062261707268e-06,1.20428214383043e-05,1.02314536669844e-05,1.84378643725585e-05,0.37424855348797,517.1
42,"VNIR_Plant_Spectrum_X518.24",0.0609792146188234,2.72091141445969e-05,2.39921262958632e-06,1.32831347907075e-05,1.0932402142778e-05,1.95995648038652e-05,0.37057809334418,518.24
42,"VNIR_Plant_Spectrum_X519.38",0.0633691503907884,2.91805059228529e-05,2.44069731059355e-06,1.38921290440004e-05,1.23815084983334e-05,2.08517095570853e-05,0.370562339550183,519.38
42,"VNIR_Plant_Spectrum_X520.53",0.0655029594189474,3.15231947072936e-05,2.10426586006145e-06,1.54440471211478e-05,1.25693195169058e-05,2.26951832502449e-05,0.373780957114037,520.53
42,"VNIR_Plant_Spectrum_X521.67",0.067873071699528,3.36886749719023e-05,2.08467854816686e-06,1.61033610228966e-05,1.38827245762787e-05,2.35586143740303e-05,0.377176546670253,521.67
42,"VNIR_Plant_Spectrum_X522.81",0.0698820255131099,3.55670868099282e-05,2.00685106152517e-06,1.76677164993002e-05,1.48000206459579e-05,2.57011788444262e-05,0.371485550885224,522.81
42,"VNIR_Plant_Spectrum_X523.96",0.0719599374666775,3.80318651540269e-05,1.98974478497242e-06,1.87125710973387e-05,1.52643095064367e-05,2.70531376518886e-05,0.376360735927612,523.96
42,"VNIR_Plant_Spectrum_X525.1",0.07398381627236,4.08806626351065e-05,1.6572645629864e-06,1.88565420649266e-05,1.61021861479594e-05,2.97875738781872e-05,0.381050065848167,525.1
42,"VNIR_Plant_Spectrum_X526.24",0.075906522906459,4.29610197730107e-05,1.84953292289391e-06,2.04128739579554e-05,1.75086180624698e-05,2.98195729589605e-05,0.381700598004309,526.24
42,"VNIR_Plant_Spectrum_X527.38",0.0776219571270266,4.52074107023698e-05,1.31504555036701e-06,2.09592829536281e-05,1.80619903133689e-05,3.18786279792796e-05,0.384998322851333,527.38
42,"VNIR_Plant_Spectrum_X528.53",0.0793092987460777,4.71993529455198e-05,1.84288964510949e-06,2.17019522026577e-05,1.86512330837429e-05,3.34738377781038e-05,0.384142874899226,528.53
42,"VNIR_Plant_Spectrum_X529.67",0.0807601674732997,4.87100185984653e-05,1.56362900157616e-06,2.27908045124188e-05,1.94922086699667e-05,3.43418250182281e-05,0.383850274423163,529.67
42,"VNIR_Plant_Spectrum_X530.81",0.082120535237314,5.07251625619675e-05,1.68066616489887e-06,2.36045935362864e-05,2.00413232676797e-05,3.56601960241105e-05,0.385121971198092,530.81
42,"VNIR_Plant_Spectrum_X531.96",0.0832990315028696,5.2326919867798e-05,1.52008659176042e-06,2.39888991697067e-05,2.0289013157523e-05,3.70750788441765e-05,0.387033437756612,531.96
42,"VNIR_Plant_Spectrum_X533.1",0.0842117407047723,5.36238696867892e-05,1.86552634931579e-06,2.43676202402247e-05,2.06051686764675e-05,3.77467896104496e-05,0.387991227460052,533.1
42,"VNIR_Plant_Spectrum_X534.24",0.0849662233403572,5.53519675984926e-05,1.81322662012523e-06,2.46573141591598e-05,2.1467500168578e-05,3.81639854147865e-05,0.391307209138951,534.24
42,"VNIR_Plant_Spectrum_X535.39",0.0855630931157306,5.5716734464077e-05,1.85745727687316e-06,2.550084297123e-05,2.14913125344149e-05,3.96355124410165e-05,0.386380138125664,535.39
42,"VNIR_Plant_Spectrum_X536.53",0.0860998831410258,5.67274363968884e-05,1.53986388972484e-06,2.58091560477862e-05,2.19387373188354e-05,3.92988225782714e-05,0.390378284683244,536.53
42,"VNIR_Plant_Spectrum_X537.67",0.0864813962877411,5.81328104361276e-05,1.64261578271108e-06,2.56666931195111e-05,2.19097349561489e-05,4.03759475022241e-05,0.393512999781313,537.67
42,"VNIR_Plant_Spectrum_X538.81",0.0870411872417477,5.82367855504013e-05,1.48392224919635e-06,2.63101004201531e-05,2.26676563314793e-05,4.04015046435995e-05,0.390588850318963,538.81
42,"VNIR_Plant_Spectrum_X539.96",0.0871940087563552,5.91169959568648e-05,1.18464677437271e-06,2.66305321526369e-05,2.23556851600877e-05,4.07108028515223e-05,0.394116819548293,539.96
42,"VNIR_Plant_Spectrum_X541.1",0.0874663792724977,5.96037135910873e-05,2.10456536181388e-06,2.66456971243411e-05,2.2476929595618e-05,4.10755761702353e-05,0.392371101403376,541.1
42,"VNIR_Plant_Spectrum_X542.24",0.0877446101197237,6.01863911844218e-05,1.78625284835635e-06,2.68965832448479e-05,2.24363126124132e-05,4.168487975597e-05,0.39339973917113,542.24
42,"VNIR_Plant_Spectrum_X543.39",0.0880286922989779,6.05139098498974e-05,1.65471324311051e-06,2.68224913141713e-05,2.28876488834075e-05,4.17131744078174e-05,0.393991447446438,543.39
42,"VNIR_Plant_Spectrum_X544.53",0.088341611048498,6.07622807868698e-05,1.45177654479323e-06,2.76437409483684e-05,2.28962685936938e-05,4.17736080600447e-05,0.393212936212962,544.53
42,"VNIR_Plant_Spectrum_X545.67",0.0887084145171743,6.19478963536087e-05,1.62455812490751e-06,2.80665203954223e-05,2.29925182336231e-05,4.19209655317723e-05,0.395700565114244,545.67
42,"VNIR_Plant_Spectrum_X546.82",0.0890342002287161,6.25289110601665e-05,1.49276714859485e-06,2.79558211187091e-05,2.30537052050129e-05,4.25273765584755e-05,0.396861349138886,546.82
42,"VNIR_Plant_Spectrum_X547.96",0.0892172252688689,6.27295574452118e-05,1.36621715934279e-06,2.79171968926997e-05,2.3614155099387e-05,4.2508272690791e-05,0.396682575361842,547.96
42,"VNIR_Plant_Spectrum_X549.1",0.0895761473446637,6.32690265773185e-05,1.47830892746137e-06,2.78062566009854e-05,2.34017988917409e-05,4.28582341605932e-05,0.398385381067487,549.1
42,"VNIR_Plant_Spectrum_X550.24",0.0895894701956946,6.3313189567772e-05,1.5689460746089e-06,2.84386722644873e-05,2.28771724436949e-05,4.40995051928858e-05,0.394973067438484,550.24
42,"VNIR_Plant_Spectrum_X551.38",0.0896311938853207,6.36246934782664e-05,1.22266405275491e-06,2.80732951848761e-05,2.3773395480567e-05,4.30827096356551e-05,0.398209942056266,551.38
42,"VNIR_Plant_Spectrum_X552.52",0.0894063038563357,6.35068524224411e-05,1.42057954458499e-06,2.80760372791638e-05,2.30920383158994e-05,4.32251532980286e-05,0.398610274898367,552.52
42,"VNIR_Plant_Spectrum_X553.66",0.0892206015661738,6.24717257605878e-05,2.05650211688454e-06,2.7958944712115e-05,2.3242128027017e-05,4.33466460280807e-05,0.392716353906891,553.66
42,"VNIR_Plant_Spectrum_X554.8",0.088655741076594,6.24845761656536e-05,2.29197071903432e-06,2.71545578754346e-05,2.34109208276169e-05,4.22926812299026e-05,0.396388444062247,554.8
42,"VNIR_Plant_Spectrum_X555.95",0.0880009139683235,6.18773233227087e-05,1.98120977068704e-06,2.70243531053843e-05,2.24613341578001e-05,4.18062909206382e-05,0.398821265965074,555.95
42,"VNIR_Plant_Spectrum_X557.09",0.0873880385644024,6.03517266830495e-05,2.35296819251455e-06,2.71189985606625e-05,2.22205089329828e-05,4.1562974369907e-05,0.392896529734088,557.09
42,"VNIR_Plant_Spectrum_X558.23",0.0865483814883272,5.93425758305969e-05,1.99376693328259e-06,2.64794152745908e-05,2.20140912673683e-05,4.07609796267855e-05,0.394065005493445,558.23
42,"VNIR_Plant_Spectrum_X559.37",0.085636027940612,5.79271848338032e-05,2.37963551834143e-06,2.62956974064195e-05,2.16560385392564e-05,4.04940444905534e-05,0.389419643937618,559.37
42,"VNIR_Plant_Spectrum_X560.51",0.0847157049727115,5.72303225016773e-05,2.49254777338989e-06,2.47803285711884e-05,2.13177262166808e-05,3.93217128574931e-05,0.394303998615846,560.51
42,"VNIR_Plant_Spectrum_X561.65",0.0835630525151829,5.51706354657361e-05,2.9084707908024e-06,2.51585659045487e-05,2.11134683073499e-05,3.84162141389097e-05,0.386437330981386,561.65
42,"VNIR_Plant_Spectrum_X562.79",0.0822923095694141,5.35546972295062e-05,2.54370250026705e-06,2.42646990293595e-05,2.03203003804487e-05,3.71194624679975e-05,0.388632693144021,562.79
42,"VNIR_Plant_Spectrum_X563.93",0.0809660079673693,5.18492263592768e-05,2.99379734230785e-06,2.36437477860469e-05,1.95537762232919e-05,3.57839747726483e-05,0.387441893287098,563.93
42,"VNIR_Plant_Spectrum_X565.07",0.0795062716238865,5.06625236709207e-05,3.26863385102505e-06,2.25694852351013e-05,1.90829969255968e-05,3.42711807083351e-05,0.390147424010763,565.07
42,"VNIR_Plant_Spectrum_X566.22",0.0779626443831761,4.78994968290814e-05,3.4562486985531e-06,2.23345927757591e-05,1.81521230371342e-05,3.32649646246164e-05,0.382866935831823,566.22
42,"VNIR_Plant_Spectrum_X567.36",0.0764306789892821,4.6168009280848e-05,3.53206465031776e-06,2.05606019489562e-05,1.78421758720681e-05,3.21550993375013e-05,0.38390816459541,567.36
42,"VNIR_Plant_Spectrum_X568.5",0.0747841784727203,4.46616028886533e-05,3.97858506488748e-06,2.04690368761525e-05,1.67915453025917e-05,3.11920174931184e-05,0.381420613467092,568.5
42,"VNIR_Plant_Spectrum_X569.64",0.0732236702196619,4.31152860551025e-05,3.53294410633476e-06,1.94914234018138e-05,1.64246437042756e-05,2.95744709481113e-05,0.384481537840631,569.64
42,"VNIR_Plant_Spectrum_X570.78",0.0716881692656251,4.112307280992e-05,3.9627256947014e-06,1.90330810843352e-05,1.59768817816739e-05,2.82804666426073e-05,0.379447352650961,570.78
42,"VNIR_Plant_Spectrum_X571.92",0.0702586634971631,3.94278559909805e-05,4.0568755700366e-06,1.82483975371537e-05,1.52940934496332e-05,2.7300992186866e-05,0.377921313915458,571.92
42,"VNIR_Plant_Spectrum_X573.06",0.0688472330253207,3.8406885348783e-05,3.76713782281618e-06,1.72317362424955e-05,1.47987072660222e-05,2.6173289037494e-05,0.382623471447516,573.06
42,"VNIR_Plant_Spectrum_X574.2",0.0677819049654873,3.66337460263933e-05,3.28142602930019e-06,1.6970623695998e-05,1.4133621538779e-05,2.57593773844135e-05,0.378530711706627,574.2
42,"VNIR_Plant_Spectrum_X575.35",0.06654371397728,3.5543918713254e-05,3.44893430330183e-06,1.67959286635968e-05,1.37841743621805e-05,2.47059180509522e-05,0.377008307058108,575.35
42,"VNIR_Plant_Spectrum_X576.49",0.0653991324468121,3.42055620598004e-05,3.45927981890922e-06,1.58802216905622e-05,1.33039331265237e-05,2.41621742817163e-05,0.375839160098845,576.49
42,"VNIR_Plant_Spectrum_X577.63",0.064393160025099,3.31773847821846e-05,3.77502582624867e-06,1.58628819124769e-05,1.28825444441528e-05,2.32614890309925e-05,0.372950046672517,577.63
42,"VNIR_Plant_Spectrum_X578.77",0.0635286914127812,3.25000416619473e-05,3.41067138634961e-06,1.50488075748263e-05,1.26680118460241e-05,2.25997315310323e-05,0.376911433277989,578.77
42,"VNIR_Plant_Spectrum_X579.91",0.0626884642609638,3.16345020169605e-05,3.53218418231699e-06,1.47165194160154e-05,1.22942908714881e-05,2.24149369649496e-05,0.373963730869753,579.91
42,"VNIR_Plant_Spectrum_X581.05",0.0618847547938908,3.08975697891765e-05,3.47503823893376e-06,1.44115649831371e-05,1.21402367959122e-05,2.13468524537076e-05,0.37555725948638,581.05
42,"VNIR_Plant_Spectrum_X582.19",0.0611451046308035,3.00319732696832e-05,3.3462224968621e-06,1.40338371582864e-05,1.18786831017411e-05,2.08356192058553e-05,0.374807773032017,582.19
42,"VNIR_Plant_Spectrum_X583.33",0.060406064488317,2.9317851482233e-05,3.40553471627306e-06,1.37316855010993e-05,1.15253275434391e-05,2.05998931845507e-05,0.373094201822255,583.33
42,"VNIR_Plant_Spectrum_X584.48",0.0597454839583201,2.8702693496494e-05,3.51386382888913e-06,1.35449779637642e-05,1.12895722593257e-05,2.00578650205992e-05,0.372235455099377,584.48
42,"VNIR_Plant_Spectrum_X585.62",0.0590099367770207,2.81849277589616e-05,3.64141543547992e-06,1.33113476489637e-05,1.10589539909359e-05,1.96345134158646e-05,0.371680037722293,585.62
42,"VNIR_Plant_Spectrum_X586.76",0.05852604330941,2.77996973939117e-05,3.30542554226285e-06,1.29727077447666e-05,1.07352471318861e-05,1.93135780954932e-05,0.375029698200527,586.76
42,"VNIR_Plant_Spectrum_X587.9",0.0579939199031465,2.74661165160895e-05,3.5291299558393e-06,1.29383720037388e-05,1.05226119837852e-05,1.89666529605524e-05,0.374081147957285,587.9
42,"VNIR_Plant_Spectrum_X589.04",0.0575594542825278,2.68287895312218e-05,3.37258873498476e-06,1.27350133267009e-05,1.04935910856842e-05,1.84586509019415e-05,0.373199325052783,589.04
42,"VNIR_Plant_Spectrum_X590.18",0.0571565440270071,2.62091013696586e-05,3.3096741760418e-06,1.24602944375476e-05,9.98218871100013e-06,1.82825745386751e-05,0.373116046824369,590.18
42,"VNIR_Plant_Spectrum_X591.32",0.05686459314411,2.58827903494452e-05,3.43833830890393e-06,1.22628329669531e-05,9.74599026937009e-06,1.80928586356872e-05,0.372828327630531,591.32
42,"VNIR_Plant_Spectrum_X592.46",0.0564637507961914,2.56453338723766e-05,3.09015848683095e-06,1.19502767549194e-05,9.6865271990629e-06,1.81206163405641e-05,0.374423175752785,592.46
42,"VNIR_Plant_Spectrum_X593.6",0.0560765453180985,2.5428524615085e-05,3.42248070233002e-06,1.2102718571814e-05,9.61840279336553e-06,1.79028321600668e-05,0.371355091625736,593.6
42,"VNIR_Plant_Spectrum_X594.75",0.0558505995221764,2.52326494260333e-05,3.02975419384732e-06,1.19972802810081e-05,9.48840003177594e-06,1.79005527291649e-05,0.372995682857135,594.75
42,"VNIR_Plant_Spectrum_X595.89",0.0556172606960833,2.50339553452502e-05,3.34344708562268e-06,1.19987916445921e-05,9.54639634702455e-06,1.76047726815191e-05,0.370723129032771,595.89
42,"VNIR_Plant_Spectrum_X597.03",0.0553282748197505,2.49448895525607e-05,3.24006526893583e-06,1.19354242495065e-05,9.36366976952442e-06,1.74168927511601e-05,0.372863056319974,597.03
42,"VNIR_Plant_Spectrum_X598.17",0.0550468987764505,2.48704011416572e-05,2.75039133770198e-06,1.16693839112926e-05,9.17380458956325e-06,1.73726494317073e-05,0.377759326169181,598.17
42,"VNIR_Plant_Spectrum_X599.31",0.0547813059086062,2.45501882394e-05,2.87656627394624e-06,1.14684088689457e-05,9.12234003193241e-06,1.71614540193621e-05,0.376658191632095,599.31
42,"VNIR_Plant_Spectrum_X600.45",0.0545208109239087,2.42438522047046e-05,2.75709815610534e-06,1.14492397059663e-05,9.22188035454193e-06,1.66004313150389e-05,0.377204116064313,600.45
42,"VNIR_Plant_Spectrum_X601.59",0.0540578157814365,2.38901436498411e-05,3.50138596932543e-06,1.15882019742239e-05,9.17661809048507e-06,1.63609011751148e-05,0.370290787839918,601.59
42,"VNIR_Plant_Spectrum_X602.73",0.0536058481225635,2.36013415020208e-05,3.28439924175901e-06,1.12454984038416e-05,8.76051485600358e-06,1.6449006550873e-05,0.372609063980441,602.73
42,"VNIR_Plant_Spectrum_X603.88",0.0532334374137285,2.32000127585427e-05,3.61353652519004e-06,1.08728373627102e-05,8.76011923609618e-06,1.60276948620313e-05,0.371353494435205,603.88
42,"VNIR_Plant_Spectrum_X605.02",0.0526342603341601,2.28282805212998e-05,3.07421509251855e-06,1.05732402533967e-05,8.67577872738062e-06,1.58353268448405e-05,0.374314851900795,605.02
42,"VNIR_Plant_Spectrum_X606.16",0.0519750897822299,2.21201183541419e-05,3.3243977718466e-06,1.03817915825788e-05,8.55705992843375e-06,1.53857354390373e-05,0.370092860955278,606.16
42,"VNIR_Plant_Spectrum_X607.3",0.0513184480336496,2.15835841432619e-05,3.39457032485053e-06,1.00342174870654e-05,8.22434820659253e-06,1.51181010027982e-05,0.369868053958957,607.3
42,"VNIR_Plant_Spectrum_X608.44",0.050633031590827,2.11058830753049e-05,3.35690845829467e-06,9.83049803616254e-06,8.12993991603517e-06,1.45991250686698e-05,0.37013348957986,608.44
42,"VNIR_Plant_Spectrum_X609.58",0.0498279161615169,2.04357957624481e-05,3.4775948078212e-06,1.00070268717123e-05,7.88907973682739e-06,1.43546817106879e-05,0.363858177338542,609.58
42,"VNIR_Plant_Spectrum_X610.72",0.0491648898330866,1.99755210755417e-05,3.47778045984585e-06,9.33946831976508e-06,7.81792564885713e-06,1.38042466685178e-05,0.367096247427913,610.72
42,"VNIR_Plant_Spectrum_X611.86",0.0484263908117448,1.94325053846405e-05,3.46735172798128e-06,9.07385855872869e-06,7.46584809562952e-06,1.3609064988121e-05,0.366314942358843,611.86
42,"VNIR_Plant_Spectrum_X613.01",0.0478130248481854,1.89307307821992e-05,3.56179753986211e-06,8.95560967792679e-06,7.28951380165282e-06,1.32552317567488e-05,0.364102344139836,613.01
42,"VNIR_Plant_Spectrum_X614.15",0.0472368937621226,1.82438449452888e-05,3.6976754418026e-06,8.77244768126508e-06,7.10337673528876e-06,1.30190727914339e-05,0.358873536105635,614.15
42,"VNIR_Plant_Spectrum_X615.29",0.0466102726132153,1.80317839761461e-05,3.6702080381882e-06,8.32384397492055e-06,7.17024920693184e-06,1.24298136080748e-05,0.36335430512339,615.29
42,"VNIR_Plant_Spectrum_X616.43",0.046078946339143,1.75994112211116e-05,3.32180042744111e-06,8.12717866870824e-06,6.76863260816012e-06,1.23918829811822e-05,0.365065559778674,616.43
42,"VNIR_Plant_Spectrum_X617.57",0.0456342962638366,1.74441819144684e-05,3.50992055964741e-06,7.92087961085655e-06,6.72131569510173e-06,1.18895326656079e-05,0.367355519546455,617.57
42,"VNIR_Plant_Spectrum_X618.71",0.0452060248788303,1.70861239697251e-05,3.30952455997406e-06,8.090195664118e-06,6.50524260634977e-06,1.1884701568145e-05,0.364497847705007,618.71
42,"VNIR_Plant_Spectrum_X619.85",0.044882397414371,1.67915090428333e-05,3.45899035021121e-06,7.91305215025056e-06,6.50966108149413e-06,1.16686721300272e-05,0.362339795450122,619.85
42,"VNIR_Plant_Spectrum_X620.99",0.0445306594391165,1.66366276611557e-05,3.2780666646263e-06,7.747780619199e-06,6.31100155688621e-06,1.15992308140381e-05,0.365056821088822,620.99
42,"VNIR_Plant_Spectrum_X622.14",0.0444026196879465,1.64200666944386e-05,3.16331879804305e-06,7.82574834055021e-06,6.26990294740787e-06,1.14173049887876e-05,0.364110835829332,622.14
42,"VNIR_Plant_Spectrum_X623.28",0.0441824487233924,1.63386962838912e-05,3.00133988328049e-06,7.483667057829e-06,6.13919223371625e-06,1.14164960345431e-05,0.368159538338253,623.28
42,"VNIR_Plant_Spectrum_X624.42",0.044015919933958,1.62236589483363e-05,3.0831539549693e-06,7.73089397843748e-06,6.15696571117787e-06,1.13278328579401e-05,0.364392317639046,624.42
42,"VNIR_Plant_Spectrum_X625.56",0.0438588658780029,1.60792729475088e-05,3.02837242235212e-06,7.63508170146819e-06,6.3031958945336e-06,1.1021293436714e-05,0.36488061330256,625.56
42,"VNIR_Plant_Spectrum_X626.7",0.0437725726461232,1.61632631659783e-05,2.7471828548797e-06,7.62866678866619e-06,6.10703231283652e-06,1.09908892634569e-05,0.370402420638179,626.7
42,"VNIR_Plant_Spectrum_X627.84",0.0436978775968158,1.6106786211424e-05,3.06359411220245e-06,7.44800587510367e-06,6.04399035824639e-06,1.0999375784744e-05,0.368899216077347,627.84
42,"VNIR_Plant_Spectrum_X628.98",0.0435713626009564,1.590747663886e-05,3.00370283069938e-06,7.48294188595496e-06,6.03486319624558e-06,1.10865268219865e-05,0.365558765981944,628.98
42,"VNIR_Plant_Spectrum_X630.12",0.0434935710695799,1.58828284895985e-05,3.01627116798056e-06,7.34530374276821e-06,6.02011507168928e-06,1.11696898461669e-05,0.365675560913631,630.12
42,"VNIR_Plant_Spectrum_X631.26",0.043329584989945,1.57448397350645e-05,3.29376117044375e-06,7.54444256704121e-06,5.84382043078825e-06,1.11022453872196e-05,0.36170829111084,631.26
42,"VNIR_Plant_Spectrum_X632.41",0.0431096397012668,1.5564687176893e-05,3.01208853465579e-06,7.45424247895364e-06,5.90346676479619e-06,1.07569509092007e-05,0.364585703472111,632.41
42,"VNIR_Plant_Spectrum_X633.55",0.042732926221595,1.53823079319153e-05,3.06677331015876e-06,7.17001880059324e-06,5.73359900298552e-06,1.06317833295356e-05,0.366380792656997,633.55
42,"VNIR_Plant_Spectrum_X634.69",0.0423927629972971,1.51653623296234e-05,3.11550386416851e-06,7.05075251108577e-06,5.59292114197796e-06,1.04110470467693e-05,0.366883924223713,634.69
42,"VNIR_Plant_Spectrum_X635.83",0.0418884937094371,1.47598174380567e-05,3.38481191400879e-06,7.00264646794225e-06,5.230748552211e-06,1.03854583847307e-05,0.362084307812007,635.83
42,"VNIR_Plant_Spectrum_X636.97",0.0412550107163328,1.43939650361216e-05,3.53037589351547e-06,6.99484034219659e-06,5.10305674568142e-06,1.00833696167464e-05,0.358901557293078,636.97
42,"VNIR_Plant_Spectrum_X638.11",0.0406862877866601,1.42860793682958e-05,3.11859409972106e-06,6.63588666415989e-06,4.91680040646012e-06,9.54144303895328e-06,0.37107852818085,638.11
42,"VNIR_Plant_Spectrum_X639.25",0.0400853568398074,1.3875202103446e-05,2.93881396695303e-06,6.63437004072625e-06,4.60644526177617e-06,9.41994014074479e-06,0.370254481695597,639.25
42,"VNIR_Plant_Spectrum_X640.39",0.0394521899964416,1.3485345452808e-05,3.06701066615907e-06,6.53140556344719e-06,4.43914264914318e-06,9.05429683321784e-06,0.368681720398954,640.39
42,"VNIR_Plant_Spectrum_X641.54",0.0388704241543804,1.32311065853763e-05,3.34522091235038e-06,6.12201699369654e-06,4.27158535936908e-06,8.92727153611979e-06,0.368583234184944,641.54
42,"VNIR_Plant_Spectrum_X642.68",0.038197275858407,1.2893812963436e-05,3.05045199376343e-06,5.81721132456347e-06,4.01176101215105e-06,8.66083140895648e-06,0.374449301205036,642.68
42,"VNIR_Plant_Spectrum_X643.82",0.0374211432910492,1.26256921063842e-05,2.8460359289119e-06,5.54268723293388e-06,3.82923091380378e-06,8.3368299016103e-06,0.380515700695683,643.82
42,"VNIR_Plant_Spectrum_X644.96",0.0367645567991577,1.21477531630618e-05,3.32073885523761e-06,5.79299568004996e-06,3.70563226098314e-06,8.07457509397401e-06,0.367649212410674,644.96
42,"VNIR_Plant_Spectrum_X646.1",0.0363038919428999,1.19545580612451e-05,3.02339875692832e-06,5.42431064834415e-06,3.47237544410843e-06,7.92990965750006e-06,0.375875687470786,646.1
42,"VNIR_Plant_Spectrum_X647.24",0.0357980210278035,1.16276847094348e-05,2.8081214614933e-06,5.55022876179797e-06,3.39318097441958e-06,7.54234073575568e-06,0.376038142054668,647.24
42,"VNIR_Plant_Spectrum_X648.38",0.0353569688078345,1.13874853876319e-05,2.9313856622486e-06,5.36175733961502e-06,3.23268746421007e-06,7.42869693444658e-06,0.375304218185501,648.38
42,"VNIR_Plant_Spectrum_X649.52",0.035009977288849,1.13046840858972e-05,2.73076635272365e-06,5.18020812945174e-06,3.06759939907114e-06,7.3257251049361e-06,0.381799133674303,649.52
42,"VNIR_Plant_Spectrum_X650.67",0.0346841823362132,1.11158013166445e-05,2.3615451584979e-06,5.16200441306467e-06,3.05148753323836e-06,7.17423276171286e-06,0.385095233131805,650.67
42,"VNIR_Plant_Spectrum_X651.81",0.0343538470094992,1.09603760634871e-05,2.44458849033526e-06,5.02696164838549e-06,2.96969348226501e-06,7.0866342832663e-06,0.384733163215229,651.81
42,"VNIR_Plant_Spectrum_X652.95",0.034101149704654,1.07550352893289e-05,2.67828432538784e-06,4.83167592066837e-06,2.84401605627211e-06,7.13376955259937e-06,0.380806523068499,652.95
42,"VNIR_Plant_Spectrum_X654.09",0.0337394673711418,1.07147587324438e-05,2.35002700480351e-06,4.77261014520829e-06,2.893490312331e-06,6.76462244409566e-06,0.38969123550934,654.09
42,"VNIR_Plant_Spectrum_X655.23",0.0333657049765691,1.050941855747e-05,2.52976682410177e-06,4.52598629682263e-06,2.86912689735344e-06,6.63170677522931e-06,0.388288497736907,655.23
42,"VNIR_Plant_Spectrum_X656.37",0.0328798280360601,1.02405026527699e-05,2.64248824986761e-06,4.43615290695401e-06,2.74740874276057e-06,6.45806243698548e-06,0.386075449422598,656.37
42,"VNIR_Plant_Spectrum_X657.51",0.0324886789113322,1.00156839099699e-05,2.45032363661668e-06,4.31566017912231e-06,2.69145392447211e-06,6.46445379326654e-06,0.386145726373207,657.51
42,"VNIR_Plant_Spectrum_X658.65",0.0319181727303596,9.89675755378262e-06,2.57386749390699e-06,4.05599415840599e-06,2.5113834988682e-06,6.31061749977428e-06,0.390425888030495,658.65
42,"VNIR_Plant_Spectrum_X659.79",0.0314521493045347,9.57066650677478e-06,2.30808726013973e-06,4.12620895549653e-06,2.39164595874131e-06,6.208902884527e-06,0.388964337572412,659.79
42,"VNIR_Plant_Spectrum_X660.94",0.0310158351614375,9.51802593326766e-06,2.25936998246516e-06,3.69488255549428e-06,2.40586258662736e-06,5.87107801652505e-06,0.400772164485006,660.94
42,"VNIR_Plant_Spectrum_X662.08",0.0304369609452738,9.33332503003153e-06,2.28081985276916e-06,3.7648683457698e-06,2.30741668656828e-06,5.70551439517354e-06,0.398997402961367,662.08
42,"VNIR_Plant_Spectrum_X663.22",0.0300827711948843,9.15576725818329e-06,2.46247006768618e-06,3.76571338544738e-06,2.13761253907696e-06,5.72211050204222e-06,0.393903621075551,663.22
42,"VNIR_Plant_Spectrum_X664.36",0.0296904560580068,8.99375982405817e-06,2.14974987556296e-06,3.5944237286137e-06,1.98927211966019e-06,5.51828105786773e-06,0.404295935775499,664.36
42,"VNIR_Plant_Spectrum_X665.5",0.0293587014820889,9.02627862453266e-06,2.07811645647772e-06,3.31215891320145e-06,2.02005014060695e-06,5.28444998944013e-06,0.415554354447824,665.5
42,"VNIR_Plant_Spectrum_X666.64",0.0291333851017229,9.00667608347002e-06,1.81757451460567e-06,3.24710522207703e-06,1.96312224310385e-06,5.19357991872002e-06,0.424281679045583,666.64
42,"VNIR_Plant_Spectrum_X667.78",0.0290174249964562,8.84105280845527e-06,2.0107982840897e-06,3.29234981733323e-06,1.92482264584199e-06,5.27527586984861e-06,0.414211430985848,667.78
42,"VNIR_Plant_Spectrum_X668.92",0.0287467622847478,8.92819448690043e-06,1.81703402812377e-06,3.16854550953505e-06,1.88228952753305e-06,5.22685477855327e-06,0.42468863487357,668.92
42,"VNIR_Plant_Spectrum_X670.07",0.0287630121617131,8.87719686251579e-06,1.63210732417945e-06,3.14643536038328e-06,1.93137741870384e-06,5.12566263535672e-06,0.42858549327815,670.07
42,"VNIR_Plant_Spectrum_X671.21",0.0287036750035076,8.81287089111015e-06,1.8056604882771e-06,3.14396728227824e-06,1.88148585216788e-06,5.14973408716174e-06,0.42382370658264,671.21
42,"VNIR_Plant_Spectrum_X672.35",0.0286229786865581,8.74024711776771e-06,1.55814477463775e-06,3.21810587921534e-06,1.89553000745091e-06,5.11811454559538e-06,0.42572754633397,672.35
42,"VNIR_Plant_Spectrum_X673.49",0.0287004630328579,8.7521881997522e-06,2.00990419725802e-06,3.1613869835952e-06,1.8688751409495e-06,5.18383273957399e-06,0.41724399628959,673.49
42,"VNIR_Plant_Spectrum_X674.63",0.0287601574244974,8.74278539106016e-06,1.81630282718942e-06,3.20921079175564e-06,1.92948613753725e-06,5.26886593875331e-06,0.416985304666734,674.63
42,"VNIR_Plant_Spectrum_X675.77",0.0287889981870395,8.79978929778402e-06,1.64818630678098e-06,2.95899150669412e-06,1.96679182481368e-06,5.26142779279656e-06,0.426445828351667,675.77
42,"VNIR_Plant_Spectrum_X676.91",0.0289606064210714,8.77791788066573e-06,1.55639335213964e-06,3.10080641791503e-06,2.0007337145902e-06,5.30772625594316e-06,0.423163161193174,676.91
42,"VNIR_Plant_Spectrum_X678.05",0.0291407846666312,8.63617321819166e-06,1.45387296031142e-06,3.28967618443651e-06,1.98441905740673e-06,5.42991858554891e-06,0.415319240963201,678.05
42,"VNIR_Plant_Spectrum_X679.2",0.0293163483407226,8.81669931166249e-06,1.58671584487298e-06,3.24678526226476e-06,2.09221004173905e-06,5.39177588283166e-06,0.41717713511256,679.2
42,"VNIR_Plant_Spectrum_X680.34",0.0296078705822508,8.72824703739338e-06,1.43252236779312e-06,3.20887533490772e-06,2.0850373139417e-06,5.62924092210618e-06,0.413976423992347,680.34
42,"VNIR_Plant_Spectrum_X681.48",0.0299719685818133,8.85074461856803e-06,1.33946437514991e-06,3.26695927928587e-06,2.1452673181085e-06,5.739231235397e-06,0.414716652195796,681.48
42,"VNIR_Plant_Spectrum_X682.62",0.0305268832536598,9.00688273561297e-06,1.07701514266283e-06,3.33359472308459e-06,2.35657212117327e-06,5.88580705510691e-06,0.415832689504226,682.62
42,"VNIR_Plant_Spectrum_X683.76",0.0311374187480959,9.07863417202845e-06,1.22447020885461e-06,3.64051559699436e-06,2.43821193709509e-06,6.10486627478252e-06,0.403733535951698,683.76
42,"VNIR_Plant_Spectrum_X684.9",0.0321192149361449,9.27194627231984e-06,1.17100598235232e-06,3.79311438436263e-06,2.85847499983342e-06,6.20823741901798e-06,0.397890150753586,684.9
42,"VNIR_Plant_Spectrum_X686.04",0.0332522138207633,9.7900125318048e-06,9.42634604174887e-07,4.1292513556389e-06,3.10529578354019e-06,6.75622105569356e-06,0.395981396615048,686.04
42,"VNIR_Plant_Spectrum_X687.18",0.0349457595306256,1.03310526832793e-05,6.61828034165016e-07,4.62343784017621e-06,3.61319192351874e-06,7.43856093099672e-06,0.387394068495628,687.18
42,"VNIR_Plant_Spectrum_X688.33",0.0370403819013338,1.14099394543717e-05,7.34536676141849e-07,5.14913654450295e-06,4.33057486434304e-06,8.32726810996558e-06,0.380947743841251,688.33
42,"VNIR_Plant_Spectrum_X689.47",0.0395942737597706,1.29754819094592e-05,3.95618649663166e-07,5.98648100390661e-06,5.31523580430755e-06,9.47836069057406e-06,0.379942439685581,689.47
42,"VNIR_Plant_Spectrum_X690.61",0.0429342427771667,1.49551706490591e-05,2.1523923993564e-07,6.7496071504425e-06,6.76868576316385e-06,1.0733539119172e-05,0.37935870513745,690.61
42,"VNIR_Plant_Spectrum_X691.75",0.0468212478288798,1.75487802520391e-05,1.01558232916921e-07,8.19630638511033e-06,8.15307524346929e-06,1.29029930140565e-05,0.374152774580441,691.75
42,"VNIR_Plant_Spectrum_X692.89",0.0511630772177455,2.13071247641473e-05,0,9.60145883904491e-06,1.00563416871424e-05,1.51908201063465e-05,0.379429114752817,692.89
42,"VNIR_Plant_Spectrum_X694.03",0.0562330846083516,2.58013968952032e-05,0,1.1190490121913e-05,1.22173128287817e-05,1.82911025974659e-05,0.382241204279816,694.03
42,"VNIR_Plant_Spectrum_X695.17",0.0615539358216475,3.1013394767683e-05,0,1.34153291002658e-05,1.47963756239927e-05,2.1798559141988e-05,0.382769616807896,695.17
42,"VNIR_Plant_Spectrum_X696.31",0.0674881149469548,3.74341673971525e-05,0,1.63857415565252e-05,1.75953266248985e-05,2.53546006855228e-05,0.386837147217954,696.31
42,"VNIR_Plant_Spectrum_X697.45",0.0736041179066575,4.48787232037832e-05,0,1.92724792929435e-05,2.04490519091012e-05,3.05506617307087e-05,0.389738307861742,697.45
42,"VNIR_Plant_Spectrum_X698.6",0.0799480605529045,5.33088499379471e-05,7.84004725944224e-08,2.22933085999513e-05,2.40516814535888e-05,3.50214481589368e-05,0.395602157407964,698.6
42,"VNIR_Plant_Spectrum_X699.74",0.0863284781869815,6.18917334791715e-05,8.52012967403998e-08,2.62024306284033e-05,2.68030637652755e-05,4.1481514031001e-05,0.395565471591269,699.74
42,"VNIR_Plant_Spectrum_X700.88",0.0926702909401915,7.22710034457444e-05,2.0129295189474e-07,3.03982602998074e-05,3.01310866446886e-05,4.70341333187156e-05,0.401425787619356,700.88
42,"VNIR_Plant_Spectrum_X702.02",0.0989527573414512,8.23772935453217e-05,2.40598378885718e-07,3.42350586615572e-05,3.32116702920982e-05,5.33726385367462e-05,0.404927267415824,702.02
42,"VNIR_Plant_Spectrum_X703.16",0.104983579291672,9.38989946846682e-05,2.68918978865578e-07,3.82516089477631e-05,3.63134016285875e-05,5.93356268783483e-05,0.411713908929031,703.16
42,"VNIR_Plant_Spectrum_X704.3",0.111005330986835,0.000105324794158729,2.8111997379121e-07,4.2299506836315e-05,3.89730741329085e-05,6.60104907832133e-05,0.416486284644452,704.3
42,"VNIR_Plant_Spectrum_X705.44",0.116841593452646,0.000117459611718112,1.65858201325694e-07,4.62582620817359e-05,4.1964667246114e-05,7.32160345050906e-05,0.420904986489024,705.44
42,"VNIR_Plant_Spectrum_X706.58",0.122730979404659,0.000128853012858952,3.11334870197969e-07,5.09854379618663e-05,4.50342679385341e-05,8.01405958042442e-05,0.422019686579192,706.58
42,"VNIR_Plant_Spectrum_X707.73",0.128522178799468,0.000143309323529836,3.82149237020315e-07,5.5534166228163e-05,4.83542109642244e-05,8.70316399643204e-05,0.428285721935528,707.73
42,"VNIR_Plant_Spectrum_X708.87",0.134239115227961,0.000156855814691272,4.76198705112682e-07,6.08982222698426e-05,5.05730800641856e-05,9.53136821759091e-05,0.430784103991836,708.87
42,"VNIR_Plant_Spectrum_X710",0.140048353508777,0.000171910669259588,2.994204202322e-07,6.56473986198185e-05,5.36994964345213e-05,0.000102956997818069,0.435753045170786,710
42,"VNIR_Plant_Spectrum_X711.15",0.145685973824298,0.00018689997719896,5.7053389156668e-07,7.06784404138043e-05,5.68834262376981e-05,0.000111182487385163,0.438511165355963,711.15
42,"VNIR_Plant_Spectrum_X712.29",0.151674883685066,0.000203906341835644,4.78922447754181e-07,7.59730906041656e-05,6.01188166394613e-05,0.000119059247113417,0.443721832621905,712.29
42,"VNIR_Plant_Spectrum_X713.43",0.15750891120672,0.000220403281639768,5.39489594848922e-07,8.28029494201302e-05,6.31889137565474e-05,0.000126813815097278,0.446387794957402,713.43
42,"VNIR_Plant_Spectrum_X714.57",0.163405086980456,0.000238155941473176,9.34432080348384e-07,8.75208058922496e-05,6.53821528128584e-05,0.000138577431587139,0.44886744182234,714.57
42,"VNIR_Plant_Spectrum_X715.71",0.169229531478468,0.00025903630031471,7.91691080805264e-07,9.35416946494873e-05,7.0244588861453e-05,0.000146237157856843,0.45456813025564,715.71
42,"VNIR_Plant_Spectrum_X716.86",0.175135737224184,0.000281487845687191,1.13356186831552e-06,9.88264739244652e-05,7.45884912712761e-05,0.000155546462191123,0.460261193749356,716.86
42,"VNIR_Plant_Spectrum_X718",0.181184322824012,0.000300886845800768,2.59741920911303e-06,0.000105910102353774,7.76482447822107e-05,0.000166625226775344,0.460305414899012,718
42,"VNIR_Plant_Spectrum_X719.14",0.187231854059025,0.000326081373563219,1.97107620706841e-06,0.000111911723789447,8.26336044379317e-05,0.000176479371046385,0.466445476023808,719.14
42,"VNIR_Plant_Spectrum_X720.28",0.193170388910796,0.000348232734776418,1.9059854937089e-06,0.000120467976538072,8.62079611771842e-05,0.000187038407646912,0.468147206572861,720.28
42,"VNIR_Plant_Spectrum_X721.42",0.198985685912904,0.000373692927611031,2.18798902017752e-06,0.000127042538366991,9.0545807581914e-05,0.000198401404475871,0.47191156732746,721.42
42,"VNIR_Plant_Spectrum_X722.56",0.204771741158973,0.000400475076793534,2.23484639787157e-06,0.000132603485658292,9.49498265658083e-05,0.0002093891881562,0.476953398276392,722.56
42,"VNIR_Plant_Spectrum_X723.7",0.210446652219817,0.000425952690339852,2.05588560922481e-06,0.000140149957054938,9.98942352431644e-05,0.000220313128095082,0.479478886001433,723.7
42,"VNIR_Plant_Spectrum_X724.84",0.215900042270291,0.000455062098021773,1.32351266374605e-06,0.000148133861411442,0.00010398525496905,0.000233404767015912,0.483127201584608,724.84
42,"VNIR_Plant_Spectrum_X725.98",0.221054759260845,0.000481605032806614,1.35092527451699e-06,0.000152710211115155,0.000110263313206395,0.000242492601426807,0.48724632996939,725.98
42,"VNIR_Plant_Spectrum_X727.13",0.226321296299622,0.000509006553208313,2.19436126865868e-06,0.000160157986762054,0.000113265717968729,0.000256017427634716,0.489127413939065,727.13
42,"VNIR_Plant_Spectrum_X728.27",0.231271343918514,0.000537268057340648,1.93245742418653e-06,0.000166958634937336,0.000118829929885448,0.000265331215597369,0.492761677200087,728.27
42,"VNIR_Plant_Spectrum_X729.41",0.235893187606821,0.000563966266407872,1.413365581232e-06,0.00017451897020318,0.000123918880725932,0.000275917232354009,0.494822399327522,729.41
42,"VNIR_Plant_Spectrum_X730.55",0.240429986919082,0.000591305337607758,1.64670196272582e-06,0.000180376177174905,0.000127331224333438,0.000289014228148309,0.497031541424209,730.55
42,"VNIR_Plant_Spectrum_X731.69",0.244829690198674,0.00061706353464147,1.3020824892791e-06,0.000188454388164158,0.000131585694398716,0.000300156519591456,0.498209557044014,731.69
42,"VNIR_Plant_Spectrum_X732.83",0.248766945836862,0.000643215192744627,9.13723769127594e-07,0.00019372361404802,0.000137051015316433,0.000310307576671024,0.500474343443902,732.83
42,"VNIR_Plant_Spectrum_X733.97",0.252901860997571,0.000671099646591937,9.15747975567221e-07,0.000198324734171206,0.000142635226763291,0.000321358475954921,0.502947336544096,733.97
42,"VNIR_Plant_Spectrum_X735.11",0.256170859965789,0.000691406122157448,2.20092224929227e-07,0.000205277371009355,0.000146026830485659,0.000330344841077155,0.503472350976999,735.11
42,"VNIR_Plant_Spectrum_X736.25",0.259727711589781,0.000713226703644467,2.85912956961313e-07,0.000210639645714575,0.000150005469454052,0.000342023018248941,0.503626887764786,736.25
42,"VNIR_Plant_Spectrum_X737.4",0.262866825253262,0.000738202014384441,1.77918477602653e-08,0.000214416522238408,0.000154332074708001,0.000350389030807473,0.506534633967833,737.4
42,"VNIR_Plant_Spectrum_X738.54",0.266096726339497,0.00076012619125315,0,0.000217439840633195,0.00016064838454697,0.000357912638066275,0.508062593325263,738.54
42,"VNIR_Plant_Spectrum_X739.68",0.268809461086761,0.000779554470939624,0,0.000224111540429789,0.000162490310715432,0.000368199585867309,0.508066262136055,739.68
42,"VNIR_Plant_Spectrum_X740.82",0.271455692528613,0.000798155465146035,5.80146523194679e-07,0.000226681104519403,0.000165887832876225,0.000377306369194671,0.508829471894559,740.82
42,"VNIR_Plant_Spectrum_X741.96",0.273813134555474,0.000818292516973494,0,0.000230846371596438,0.000169103231133381,0.000384649661108631,0.510510145955698,741.96
42,"VNIR_Plant_Spectrum_X743.1",0.276087763247555,0.000832387760562381,3.05662420511753e-07,0.000236784461783745,0.000171537403365446,0.000391375309049648,0.509919477605097,743.1
42,"VNIR_Plant_Spectrum_X744.24",0.277902571734822,0.000848188635136085,0,0.000240400706584207,0.000175587179448039,0.000397779459473382,0.510355656236204,744.24
42,"VNIR_Plant_Spectrum_X745.39",0.279824836974473,0.000863281370449449,0,0.000240412740083611,0.000178492154671188,0.000403780540138243,0.512039363832007,745.39
42,"VNIR_Plant_Spectrum_X746.53",0.281459605004587,0.000877743379669094,0,0.000243624555044313,0.000182181624761083,0.000407883219849715,0.512870496739983,746.53
42,"VNIR_Plant_Spectrum_X747.67",0.282923418085017,0.000889741875499928,1.01829235013449e-50,0.000248153281585451,0.000183711485048657,0.000413887702598722,0.512673451342727,747.67
42,"VNIR_Plant_Spectrum_X748.81",0.284239688945008,0.000903844944174961,0,0.000248640637224942,0.000185955781656667,0.000418582567530765,0.514418118296673,748.81
42,"VNIR_Plant_Spectrum_X749.95",0.285497137663793,0.000908329072599258,0,0.000252893221848689,0.000187893282549573,0.000423001539474736,0.512567179762624,749.95
42,"VNIR_Plant_Spectrum_X751.09",0.286882233628552,0.000915724962290915,0,0.000259064006009351,0.000190934322919794,0.000425461741153869,0.511239735560579,751.09
42,"VNIR_Plant_Spectrum_X752.23",0.287486104029861,0.00092630071296102,0,0.00025607091393039,0.000190566291607107,0.000428454671373863,0.514213680109922,752.23
42,"VNIR_Plant_Spectrum_X753.37",0.288790585596138,0.000935946188240886,0,0.000258518435866664,0.000194140112417505,0.000431984464124363,0.514089717717224,753.37
42,"VNIR_Plant_Spectrum_X754.52",0.289535406405204,0.00094054468792749,0,0.000259885909840326,0.000195342708724128,0.000433087531495983,0.514278980877658,754.52
42,"VNIR_Plant_Spectrum_X755.66",0.29045334477063,0.000943164975700515,0,0.00026010686753713,0.000196258573117352,0.000435325342833941,0.514026768031849,755.66
42,"VNIR_Plant_Spectrum_X756.8",0.291068798394082,0.00095091644617227,0,0.000262108485755457,0.000198971046182599,0.000435841020324873,0.514610567370138,756.8
42,"VNIR_Plant_Spectrum_X757.94",0.292056345877636,0.000955883297505977,0,0.000267194373296497,0.00019820750946144,0.000441361609392839,0.513185485736738,757.94
42,"VNIR_Plant_Spectrum_X759.08",0.292421903027867,0.0009619297793836,7.10720611562632e-47,0.000268026300984229,0.000200098624283692,0.000439401507200819,0.514550580690241,759.08
42,"VNIR_Plant_Spectrum_X760.22",0.293212867345658,0.000957393659134625,0,0.000271942690334815,0.000200907040408782,0.000440189032529507,0.511856856021675,760.22
42,"VNIR_Plant_Spectrum_X761.36",0.294027708374114,0.000962301414934004,0,0.000271760469855901,0.000202069385100975,0.000444340118710445,0.51173414324041,761.36
42,"VNIR_Plant_Spectrum_X762.5",0.294758641227544,0.000969658672846456,0,0.000271998058203556,0.000203788677827107,0.00044556311581411,0.512773295405839,762.5
42,"VNIR_Plant_Spectrum_X763.64",0.295146503618785,0.000968806800716547,0,0.000274998933106855,0.000201590561274592,0.000447087888207619,0.511923327688967,763.64
42,"VNIR_Plant_Spectrum_X764.79",0.295707310064399,0.000969547191458087,0,0.000271474094264689,0.000205409659693397,0.000444809448897025,0.512651482261818,764.79
42,"VNIR_Plant_Spectrum_X765.93",0.29649506408573,0.00096678893368915,0,0.000274544302352903,0.000205020053175981,0.000446748894451755,0.510690306117034,765.93
42,"VNIR_Plant_Spectrum_X767.07",0.297158159662453,0.000973556426194469,0,0.000274072758157238,0.000206970494388556,0.000444255323035891,0.512707092054855,767.07
42,"VNIR_Plant_Spectrum_X768.21",0.297793694401404,0.000977295512951098,0,0.0002762168231882,0.000207955781663616,0.000447595225825544,0.511924088958517,768.21
42,"VNIR_Plant_Spectrum_X769.35",0.298220827602818,0.000977343173684935,0,0.000278623628959577,0.00020720038425993,0.000447349609327415,0.511559582000308,769.35
42,"VNIR_Plant_Spectrum_X770.49",0.298450180483245,0.000979862375427354,0,0.00027740811121344,0.000206639980975615,0.000450794866200116,0.511756225943249,770.49
42,"VNIR_Plant_Spectrum_X771.63",0.299173432064813,0.000977996346123885,0,0.000279632773956383,0.00020820936300783,0.000452438019251844,0.509830749076533,771.63
42,"VNIR_Plant_Spectrum_X772.77",0.299479305364228,0.00097573543007253,0,0.00028423298497304,0.000207350434530755,0.000453182226577083,0.508062943670326,772.77
42,"VNIR_Plant_Spectrum_X773.92",0.300193307977282,0.000979273616514289,0,0.000283691327600221,0.000211674374640998,0.000450541759574803,0.508665718532618,773.92
42,"VNIR_Plant_Spectrum_X775.06",0.300591131360559,0.000977168001479415,0,0.000285823299315972,0.00020945519214262,0.000453609166158329,0.507341517813603,775.06
42,"VNIR_Plant_Spectrum_X776.2",0.300885546449419,0.000979905353183978,0,0.000287073650112957,0.000211022180575331,0.000450369414752097,0.508151987944128,776.2
42,"VNIR_Plant_Spectrum_X777.34",0.301237997454941,0.000980819316864364,0,0.000283745175608294,0.000213453698224836,0.000451418367825804,0.508344942740713,777.34
42,"VNIR_Plant_Spectrum_X778.48",0.301716805382105,0.000987882166820202,5.21192990539854e-19,0.000287191714764567,0.000215023232387194,0.00045146474486384,0.508807979681139,778.48
42,"VNIR_Plant_Spectrum_X779.62",0.301737988765594,0.00098672922344162,0,0.000287322474560545,0.000215050508158229,0.000451784490679361,0.508390945771466,779.62
42,"VNIR_Plant_Spectrum_X780.76",0.301741663198735,0.000987659336571112,0,0.00028798640681049,0.000215775198476681,0.000449345596158735,0.508901672212596,780.76
42,"VNIR_Plant_Spectrum_X781.9",0.302239391781487,0.000989068449672213,0,0.000290463409466568,0.000214748728448936,0.000450965136027555,0.508454247021303,781.9
42,"VNIR_Plant_Spectrum_X783.05",0.30277035743709,0.000983513630312127,0,0.000292348548950176,0.000213148332133857,0.000456126475594256,0.505626923394148,783.05
42,"VNIR_Plant_Spectrum_X784.19",0.303386828183505,0.000988119718827102,0,0.000291271234164249,0.000215473517540934,0.000452898190066012,0.507310125004439,784.19
42,"VNIR_Plant_Spectrum_X785.33",0.303722679213183,0.000983382073626321,0,0.000293265041995015,0.000214641028439635,0.000456170643376472,0.50495655156857,785.33
42,"VNIR_Plant_Spectrum_X786.47",0.304430375177378,0.000985566714099085,0,0.000292563266466914,0.000217419331395827,0.000458715830772408,0.50431576173956,786.47
42,"VNIR_Plant_Spectrum_X787.61",0.304109930259839,0.000987680898537713,0,0.000295929612565605,0.000215138052807585,0.000459667743282111,0.504326324750303,787.61
42,"VNIR_Plant_Spectrum_X788.75",0.304432575918362,0.000987692954367005,0,0.000294364320234672,0.000216876889938206,0.000460371110232483,0.504103657089249,788.75
42,"VNIR_Plant_Spectrum_X789.89",0.304943654406353,0.000988809695655769,0,0.00029500476101198,0.000217292602570004,0.00045722733942096,0.504923825232819,789.89
42,"VNIR_Plant_Spectrum_X791.03",0.304748071578719,0.000993218562383959,0,0.000295706182778546,0.000219873295625513,0.000456060257009668,0.505491191653469,791.03
42,"VNIR_Plant_Spectrum_X792.17",0.305148111941145,0.000988734623307044,0,0.000296177824396116,0.000217988564807999,0.000458031023573447,0.504216671007758,792.17
42,"VNIR_Plant_Spectrum_X793.32",0.305330825020685,0.000989674591713833,0,0.000296816040835027,0.000220228467225941,0.000457656601052498,0.50381125733587,793.32
42,"VNIR_Plant_Spectrum_X794.46",0.305379302660622,0.00098946087967818,0,0.000298647748591942,0.000221154997620102,0.000459875116238403,0.502484085305527,794.46
42,"VNIR_Plant_Spectrum_X795.6",0.305842489875928,0.00099344260984408,0,0.000293949355425112,0.000223506476966113,0.000457356542569448,0.504732678191402,795.6
42,"VNIR_Plant_Spectrum_X796.74",0.305511547279192,0.000995039902900359,0,0.00029385769073209,0.000221954173599235,0.000456270180004918,0.505835392817504,796.74
42,"VNIR_Plant_Spectrum_X797.88",0.305700806835647,0.000996780174192912,0,0.000297272652186143,0.000218822815183683,0.000462537818898963,0.504593187271256,797.88
42,"VNIR_Plant_Spectrum_X799.02",0.305576642870695,0.000994768989976757,0,0.000300667940246704,0.000219268533267916,0.000460940549171405,0.503515803742597,799.02
42,"VNIR_Plant_Spectrum_X800.16",0.305536979731931,0.000994585427386476,0,0.000298295407035788,0.000220911401335261,0.000461295861878554,0.503565095945272,800.16
42,"VNIR_Plant_Spectrum_X801.3",0.305530313017972,0.000995250058472842,0,0.000301729918401541,0.000217582507408254,0.000461657447592459,0.503613005020408,801.3
42,"VNIR_Plant_Spectrum_X802.45",0.305584286741417,0.000992632041947745,0,0.000296044738383828,0.000221651115971004,0.000460244915444842,0.503727665392644,802.45
42,"VNIR_Plant_Spectrum_X803.59",0.305137997138838,0.000993874821925539,0,0.000300495963591017,0.000221480923659392,0.000457223897285685,0.503718569461147,803.59
42,"VNIR_Plant_Spectrum_X804.73",0.305452667809538,0.000988301311956636,4.56260845858988e-19,0.000302140016232951,0.000221156264643628,0.000455162310869915,0.502502267864931,804.73
42,"VNIR_Plant_Spectrum_X805.87",0.305566453238561,0.000990079122610879,0,0.000297231701565614,0.000219129045991312,0.000459961000382953,0.503498110399826,805.87
42,"VNIR_Plant_Spectrum_X807.01",0.305398250167143,0.00099058421151214,0,0.000297575649850039,0.000218966836391414,0.00046056028926616,0.503425706449618,807.01
42,"VNIR_Plant_Spectrum_X808.15",0.30512242910563,0.000996957146080033,0,0.000292598299912005,0.000218256753194277,0.000458606308826761,0.506991335779984,808.15
42,"VNIR_Plant_Spectrum_X809.29",0.305411729635275,0.000988933255803078,0,0.000297907445775318,0.000218531774645816,0.000456598461285337,0.504050919866526,809.29
42,"VNIR_Plant_Spectrum_X810.43",0.305017187929343,0.000987383926971742,0,0.000296127682838017,0.0002158157234331,0.000460946922371555,0.503696829228757,810.43
42,"VNIR_Plant_Spectrum_X811.58",0.305190117499411,0.000991483740871505,3.06636698304104e-20,0.000298806607230636,0.000218453415176664,0.000460526430392369,0.503477757424008,811.58
42,"VNIR_Plant_Spectrum_X812.72",0.304968722419562,0.000990750338812436,0,0.00029762601442321,0.00021806437620372,0.000461130328189106,0.503539801000425,812.72
42,"VNIR_Plant_Spectrum_X813.86",0.30534514210627,0.000987069920384671,0,0.000297651167848937,0.000217410972092518,0.000462243713666567,0.502485284869097,813.86
42,"VNIR_Plant_Spectrum_X815",0.305045564211485,0.000988145572564068,0,0.000293510806056657,0.000216866443271869,0.000461078214453191,0.504258547651484,815
42,"VNIR_Plant_Spectrum_X816.14",0.305628693210307,0.00098898193983567,0,0.000302479834149946,0.000216884323369933,0.000464784912188976,0.501224670359808,816.14
42,"VNIR_Plant_Spectrum_X817.28",0.305557647963392,0.000991685551516389,0,0.000302095823089434,0.000214956710436934,0.000464375991322049,0.502599197580828,817.28
42,"VNIR_Plant_Spectrum_X818.42",0.305710828111651,0.000995266200699794,0,0.000300344287975864,0.000218325283017015,0.000457062241489385,0.504955456090489,818.42
42,"VNIR_Plant_Spectrum_X819.56",0.305937617844739,0.00098963241928238,0,0.00030077746923864,0.000217630423724743,0.000460253694853188,0.502786888398339,819.56
42,"VNIR_Plant_Spectrum_X820.71",0.305741691377286,0.000989844549581461,0,0.000299578069829792,0.000222717369409139,0.000453662984350839,0.503531922115595,820.71
42,"VNIR_Plant_Spectrum_X821.85",0.306011221796587,0.000990190112937756,0,0.000304219608465192,0.000219551562123339,0.000460572866530287,0.501480368374173,821.85
42,"VNIR_Plant_Spectrum_X822.99",0.305665814269678,0.000994504129594788,0,0.000299021788338186,0.000217444772887061,0.000462876227708055,0.503840556357023,822.99
42,"VNIR_Plant_Spectrum_X824.13",0.305937624131716,0.000997709183033497,0,0.000298628719674221,0.000221589060002487,0.000460219996314662,0.504365552054495,824.13
42,"VNIR_Plant_Spectrum_X825.27",0.306131722854232,0.000992309821888214,0,0.00029974263968696,0.000217589252488399,0.000464629885777032,0.502620724508386,825.27
42,"VNIR_Plant_Spectrum_X826.41",0.305770480878694,0.0010009587836624,0,0.000301752813409713,0.000219280104584111,0.000462426267356618,0.504409252129646,826.41
42,"VNIR_Plant_Spectrum_X827.55",0.305830157678312,0.00099869052091163,0,0.00029987152358786,0.000222869004498977,0.000459674682247243,0.504107633005361,827.55
42,"VNIR_Plant_Spectrum_X828.69",0.3062136751074,0.000991484503935498,0,0.0002974993488637,0.000220504784135556,0.00046057029148027,0.503276571900912,828.69
42,"VNIR_Plant_Spectrum_X829.83",0.305561027216445,0.000994670533768467,0,0.000295968803842241,0.000218855293344765,0.000459383966146578,0.505196478458601,829.83
42,"VNIR_Plant_Spectrum_X830.98",0.305629907717623,0.000995075969704721,0,0.000302034916670034,0.000219015611984724,0.000461329774942468,0.503210100339234,830.98
42,"VNIR_Plant_Spectrum_X832.12",0.305124140618664,0.000987355479883172,0,0.000304561275173598,0.000220803326585757,0.000457329945677597,0.501182947737769,832.12
42,"VNIR_Plant_Spectrum_X833.25",0.305062367714095,0.000993216216507619,0,0.00029876117410315,0.000221055953785505,0.000458096107014413,0.503881779959606,833.25
42,"VNIR_Plant_Spectrum_X834.4",0.304961014955319,0.000994081396590246,0,0.000300716637034607,0.000220328991886514,0.00045469729191721,0.504654850584811,834.4
42,"VNIR_Plant_Spectrum_X835.54",0.304468765976937,0.000987213808695461,0,0.000303295828683681,0.000218589027748495,0.000453857420466684,0.502922004185623,835.54
42,"VNIR_Plant_Spectrum_X836.68",0.304148408289895,0.000988424464677636,0,0.000294343437967555,0.000218239071143699,0.000459021291763074,0.504290923783839,836.68
42,"VNIR_Plant_Spectrum_X837.82",0.303704318824378,0.000990092784875538,0,0.000299728128987258,0.000216226101354323,0.000452070066501371,0.505635129849646,837.82
42,"VNIR_Plant_Spectrum_X838.96",0.304193004982831,0.000993762701765119,0,0.00029774558526901,0.000218901655530664,0.000454564462482608,0.505738242295908,838.96
42,"VNIR_Plant_Spectrum_X840.11",0.303538998164041,0.000989653401175732,0,0.000296412951705521,0.000215172125905892,0.000452457098723101,0.506554558738843,840.11
42,"VNIR_Plant_Spectrum_X841.25",0.303541977126116,0.00098802094565407,0,0.000297107357369866,0.000216090205394163,0.000455113946763623,0.505037343237397,841.25
42,"VNIR_Plant_Spectrum_X842.39",0.303332618929813,0.000981789684651515,0,0.000297136187018127,0.000216663221963305,0.000454570884381956,0.50344058729525,842.39
42,"VNIR_Plant_Spectrum_X843.53",0.302656708736475,0.000986549242005117,0,0.000291470256969103,0.000216322208633135,0.000452370376230175,0.506777170695085,843.53
42,"VNIR_Plant_Spectrum_X844.67",0.302536114567101,0.000983558539870428,0,0.00029711739732486,0.000213718647800729,0.000453099787670703,0.505037936784194,844.67
42,"VNIR_Plant_Spectrum_X845.81",0.302408301054689,0.000982853089993416,0,0.000295135915994404,0.000211591436228098,0.000457299878553802,0.504834878399117,845.81
42,"VNIR_Plant_Spectrum_X846.95",0.302400956007098,0.000982978480247132,0,0.0002961522764083,0.000212064972355664,0.000454283428412551,0.505262920189218,846.95
42,"VNIR_Plant_Spectrum_X848.09",0.301988983950765,0.000978806657356987,0,0.000295234423790043,0.000212244918938316,0.000453701381228608,0.504542795888724,848.09
42,"VNIR_Plant_Spectrum_X849.24",0.301766121907343,0.000979019633708849,0,0.000292000892100674,0.000213384755221057,0.000452755293763423,0.50538899379209,849.24
42,"VNIR_Plant_Spectrum_X850.38",0.301395502570407,0.000976581881838116,0,0.000294968599985696,0.000209838498143384,0.00045541969288129,0.504222175131964,850.38
42,"VNIR_Plant_Spectrum_X851.52",0.30081018120221,0.000977807149767361,0,0.000297396914485744,0.000208207488982827,0.000453363972313447,0.504863437640766,851.52
42,"VNIR_Plant_Spectrum_X852.66",0.301286164920212,0.00098298724716512,0,0.000290447236534317,0.000217623401992502,0.000446165013798095,0.507420827734324,852.66
42,"VNIR_Plant_Spectrum_X853.8",0.300137940044161,0.000977290054139897,0,0.000290854174475232,0.000213598673228357,0.000446675021249494,0.506783328674122,853.8
42,"VNIR_Plant_Spectrum_X854.94",0.30054848410789,0.000978353435556321,0,0.000293668855299725,0.000212138089211524,0.000454713788329749,0.504598726159229,854.94
42,"VNIR_Plant_Spectrum_X856.08",0.300127400558466,0.000979829539891241,0,0.000291899929059232,0.00021159383538201,0.000451736130698063,0.506356302113157,856.08
42,"VNIR_Plant_Spectrum_X857.22",0.29997095019062,0.000983046274158863,0,0.000289065867799799,0.000211289941857948,0.000450792753233585,0.508245733743189,857.22
42,"VNIR_Plant_Spectrum_X858.36",0.299879107138274,0.000983015588778946,0,0.000293417083225902,0.000213896143124873,0.000448205893190605,0.507092075555714,858.36
42,"VNIR_Plant_Spectrum_X859.5",0.299700276256314,0.000977279694130932,0,0.000290092223567442,0.0002117664090381,0.000449446476306462,0.506734105023006,859.5
42,"VNIR_Plant_Spectrum_X860.65",0.298933846106031,0.000976329046291466,0,0.000291581929930895,0.000211165118522826,0.000446699448308444,0.506979668431835,860.65
42,"VNIR_Plant_Spectrum_X861.79",0.299142478342305,0.000976382024359342,0,0.000295300233805225,0.000209421469395051,0.000448694567130659,0.505950299078302,861.79
42,"VNIR_Plant_Spectrum_X862.93",0.298471506367477,0.000977357531219968,0,0.000282986914434828,0.000212802424005964,0.000447242819685084,0.508937085343804,862.93
42,"VNIR_Plant_Spectrum_X864.07",0.297906338971244,0.000975166320608147,0,0.000284518065896222,0.000212190281890479,0.000448346457922134,0.5078406373325,864.07
42,"VNIR_Plant_Spectrum_X865.21",0.29779242622168,0.000974611178129626,0,0.00029193197205315,0.000212834704241414,0.000446163138273665,0.506149275359809,865.21
42,"VNIR_Plant_Spectrum_X866.35",0.297987857610559,0.000973690849436913,0,0.000292826664406813,0.000211304362310758,0.000442655775398824,0.507004519760685,866.35
42,"VNIR_Plant_Spectrum_X867.49",0.297575084467344,0.000976776627021227,0,0.000289238505640267,0.000209262224288282,0.000442034842796077,0.50945100498015,867.49
42,"VNIR_Plant_Spectrum_X868.64",0.296806987333693,0.000977016652413735,0,0.000284832168240633,0.000207854279318038,0.000440636783444148,0.511436033396521,868.64
42,"VNIR_Plant_Spectrum_X869.78",0.296970010124637,0.000969556874165475,0,0.000291164673095217,0.000210809079084229,0.000440502492492861,0.507081631909605,869.78
42,"VNIR_Plant_Spectrum_X870.92",0.296609697999021,0.000976111047567571,1.95726783136017e-51,0.000288275839727049,0.000209434015389392,0.000442388352415598,0.509396896487086,870.92
42,"VNIR_Plant_Spectrum_X872.06",0.296052898401837,0.000975713853047718,0,0.000289898787556881,0.000208144315178684,0.000440278571419646,0.50976789050179,872.06
42,"VNIR_Plant_Spectrum_X873.2",0.295368633037595,0.00097012546938192,0,0.00028381048787271,0.000208694685956702,0.000444576869599408,0.508662776790451,873.2
42,"VNIR_Plant_Spectrum_X874.34",0.295319892022321,0.000969852284737897,0,0.000285231732810769,0.000211277847666362,0.000435944778894679,0.509829625912806,874.34
42,"VNIR_Plant_Spectrum_X875.48",0.294936676063883,0.000973002660232112,0,0.000285949228003087,0.000207189847282273,0.00044510368318845,0.509093521276257,875.48
42,"VNIR_Plant_Spectrum_X876.62",0.294814511605537,0.000979046771753496,0,0.000284020902551999,0.000209667853959026,0.000436159709910045,0.512886591246221,876.62
42,"VNIR_Plant_Spectrum_X877.77",0.294701950201134,0.000970835743185746,0,0.000286962281429137,0.000209716967059112,0.000436046515831649,0.510010177952113,877.77
42,"VNIR_Plant_Spectrum_X878.91",0.293453198382016,0.00096908703773864,0,0.000284194199109068,0.000207709518830706,0.000434252052524355,0.511326059935091,878.91
42,"VNIR_Plant_Spectrum_X880.05",0.294161688168247,0.000970014749050992,0,0.000287645316257245,0.000207847690689208,0.000438248380568715,0.509526787816755,880.05
42,"VNIR_Plant_Spectrum_X881.19",0.293819431928465,0.000974147939312295,0,0.00028167943844846,0.000207072613087068,0.000440936341648621,0.511676304672116,881.19
42,"VNIR_Plant_Spectrum_X882.33",0.293598460582208,0.000972838805300918,0,0.000284494307242899,0.000205733523139138,0.000441350595925264,0.510832809719636,882.33
42,"VNIR_Plant_Spectrum_X883.47",0.293563477042563,0.000968363521539943,0,0.000287994898122697,0.000206484492628959,0.000438393098850779,0.509333673391812,883.47
42,"VNIR_Plant_Spectrum_X884.61",0.293251881669641,0.000973014409184915,0,0.000285609553864947,0.00020880167267284,0.000434095309710523,0.511703229733939,884.61
42,"VNIR_Plant_Spectrum_X885.75",0.292711406524041,0.000966386288062963,7.66882414667119e-07,0.000284908246211255,0.000206294459718418,0.000438027771110126,0.509594295082679,885.75
42,"VNIR_Plant_Spectrum_X886.9",0.292687022945058,0.000974804535465666,0,0.000282592459301995,0.000206985015742592,0.000437403740359438,0.512573267004385,886.9
42,"VNIR_Plant_Spectrum_X888.04",0.292035819766248,0.000966175841520986,0,0.000285122698288613,0.000205937782227776,0.000437797312886265,0.509846275926347,888.04
42,"VNIR_Plant_Spectrum_X889.18",0.29207523837793,0.000970755876443433,0,0.000285829514973759,0.000203713298133043,0.000433761313916046,0.512526464138872,889.18
42,"VNIR_Plant_Spectrum_X890.32",0.291684127122537,0.000966712667441265,0,0.000281087338071654,0.000202914262285723,0.000443043193999239,0.510473324563693,890.32
42,"VNIR_Plant_Spectrum_X891.46",0.291210577171835,0.000971315836553475,0,0.000281211607055986,0.000206318314320784,0.000438706660212035,0.511878263423364,891.46
42,"VNIR_Plant_Spectrum_X892.6",0.291111068435851,0.000973371106344891,0,0.000281051565762096,0.000208337963815205,0.000435217005914929,0.512846455558207,892.6
42,"VNIR_Plant_Spectrum_X893.74",0.290487628446981,0.000966264214889366,0,0.000281332641389867,0.000204386591357744,0.000438503635191903,0.511119183868462,893.74
42,"VNIR_Plant_Spectrum_X894.88",0.29030536473402,0.000966854966503739,0,0.000284132864165111,0.00020173051814462,0.000437528043362805,0.51149679243169,894.88
42,"VNIR_Plant_Spectrum_X896.02",0.290239661541305,0.00096660304317889,0,0.000278474477652786,0.000203146854731484,0.000438459960258297,0.512328970366966,896.02
42,"VNIR_Plant_Spectrum_X897.17",0.289838608700562,0.000975970071722205,0,0.000276358849476613,0.00020245341572826,0.000437765171950396,0.515691187219433,897.17
42,"VNIR_Plant_Spectrum_X898.31",0.2893873242007,0.000968952968338805,0,0.0002819423422939,0.000202620766221066,0.000435290804738102,0.512997372988274,898.31
14,"VNIR_Plant_Spectrum_X351.44",0.211330101873208,0,0.000971891208122261,0.00044958580858458,1.13266070828496e-18,0.00634083004051768,0,351.44
14,"VNIR_Plant_Spectrum_X352.58",0.216147790851366,1.73441787369694e-17,0.00119656651956183,0,0.000348809528383057,0.00692649549328025,2.04726649271893e-15,352.58
14,"VNIR_Plant_Spectrum_X353.72",0.210896812235457,0,0.00103534027378818,0.00032135083244994,0.000420593616700234,0.00636411613047057,0,353.72
14,"VNIR_Plant_Spectrum_X354.86",0.212012421430578,0,0.000366411303572532,0.000112433297597889,0.000238312017281415,0.00855373064259106,0,354.86
14,"VNIR_Plant_Spectrum_X356",0.210242365135793,0,0.00129857881195682,5.592027003518e-05,0,0.00861800161816828,0,356
14,"VNIR_Plant_Spectrum_X357.15",0.203226922673061,0.000287003613179935,0.000835879181900581,0,0.000290499294754009,0.00632983807017461,0.0370651495436229,357.15
14,"VNIR_Plant_Spectrum_X358.29",0.207715225377978,9.69534723501137e-05,0.000615731631607741,8.90963420779779e-05,0.000222738119146437,0.00622805238334547,0.0133681503662704,358.29
14,"VNIR_Plant_Spectrum_X359.43",0.197904404307847,6.35716906374325e-05,0.00091055973112703,6.68408477372079e-05,0,0.00617392044166713,0.008811176157758,359.43
14,"VNIR_Plant_Spectrum_X360.57",0.200770569195366,6.37606264592052e-17,0.000795687978891213,1.23674794459822e-17,0.000276107646219893,0.00559404686483412,9.56527649061332e-15,360.57
14,"VNIR_Plant_Spectrum_X361.72",0.196417370572766,1.63087127084239e-05,0.0012066600298635,8.95076846521527e-17,0.000243195711595983,0.00497303688166445,0.00253272290426303,361.72
14,"VNIR_Plant_Spectrum_X362.86",0.196231969883956,0,0.000650670102834872,0,0.000154274197508778,0.00603123474390531,0,362.86
14,"VNIR_Plant_Spectrum_X364",0.187817994014483,0.000144898836591782,0.000310296378010829,1.45156327204599e-05,0,0.00481439082308193,0.0274216594664191,364
14,"VNIR_Plant_Spectrum_X365.14",0.199350273751475,0,0.00143374487245563,0.000201273881637518,0,0.00584226831361057,0,365.14
14,"VNIR_Plant_Spectrum_X366.29",0.185607169748869,0.000112952324984028,0.00063520607479557,2.49937794850676e-16,0.000233687536636229,0.00641769904280521,0.0152647663202548,366.29
14,"VNIR_Plant_Spectrum_X367.43",0.187154962180543,4.91986577880648e-05,0.000781008698409067,0,0,0.00562519218264034,0.00762131878779494,367.43
14,"VNIR_Plant_Spectrum_X368.57",0.181239367559142,0,0.000484253482404921,0,7.59722896630898e-05,0.00502969623316111,0,368.57
14,"VNIR_Plant_Spectrum_X369.71",0.179981134973835,0.000131413723881758,0.00072874023195745,0,0,0.00522648585299907,0.0215905208799993,369.71
14,"VNIR_Plant_Spectrum_X370.86",0.172881953727783,2.63502066009665e-82,0.000377688840947499,1.27920029139468e-82,0,0.00440226213969181,5.5126520559929e-80,370.86
14,"VNIR_Plant_Spectrum_X372",0.162677417961857,9.9386653109373e-06,0.000229932459023124,0.000227772975612138,2.11259849406043e-16,0.00403958980842556,0.00220504759969895,372
14,"VNIR_Plant_Spectrum_X373.14",0.159686446582345,0.00012037567819658,0.000382635280183766,0,0.000109655452434335,0.00349557340273734,0.0293010349102533,373.14
14,"VNIR_Plant_Spectrum_X374.28",0.15112169880462,0,0.000540612275681237,0,0,0.00303111033186339,0,374.28
14,"VNIR_Plant_Spectrum_X375.43",0.152217705302315,4.84338687660164e-06,0.000505047552751746,1.39038187616178e-16,6.90983675851211e-17,0.00347595469040446,0.00121514662788421,375.43
14,"VNIR_Plant_Spectrum_X376.57",0.149187340707878,0,0.000735331134681701,0,0,0.00285189932887673,0,376.57
14,"VNIR_Plant_Spectrum_X377.71",0.140057277738278,0,0.000556225852146505,0,9.19791674355743e-06,0.00254422196704754,0,377.71
14,"VNIR_Plant_Spectrum_X378.85",0.123713771357143,0,0.000405774914666603,2.97146124852071e-18,0,0.00198639037663522,0,378.85
14,"VNIR_Plant_Spectrum_X380",0.117759342947308,0,0.000435160589439285,0,0,0.00222091699987798,0,380
14,"VNIR_Plant_Spectrum_X381.14",0.111476824745466,0,0.00029450124782414,0,0,0.00174233172179095,0,381.14
14,"VNIR_Plant_Spectrum_X382.28",0.105350877706581,1.91794894479649e-05,0.000280077138139777,0,0,0.00160048050837428,0.0100958648883034,382.28
14,"VNIR_Plant_Spectrum_X383.42",0.101116580123687,0,0.000204538924260871,1.78624092659513e-16,0.000125968581827522,0.00141938735614227,0,383.42
14,"VNIR_Plant_Spectrum_X384.57",0.102721370568744,0,0.000164295740427128,0,6.99960234333004e-17,0.00137738175113785,0,384.57
14,"VNIR_Plant_Spectrum_X385.71",0.0930819512981708,0,9.82217611178805e-05,8.14425049774075e-05,0,0.00116766109725427,0,385.71
14,"VNIR_Plant_Spectrum_X386.85",0.0918117512858572,1.43718771170749e-05,0.000134656753911973,2.25737503133212e-05,3.99603887042111e-05,0.00116249725911256,0.010459424488077,386.85
14,"VNIR_Plant_Spectrum_X387.99",0.0872425284362273,1.71807828878201e-05,0.000242153664502169,7.47209512322751e-06,0.000117691500221528,0.000893273714429512,0.0134458934402723,387.99
14,"VNIR_Plant_Spectrum_X389.14",0.0833078619716224,0,0.000120503300807461,0,0,0.000911970863549599,0,389.14
14,"VNIR_Plant_Spectrum_X390.28",0.075276696682454,2.26772435411255e-05,0.000120513595281994,2.34395784111014e-05,3.27523791947681e-06,0.00076154324814957,0.024346202417227,390.28
14,"VNIR_Plant_Spectrum_X391.42",0.0785800422014908,0,0.000148427432054339,3.05687096079001e-17,9.80415993545082e-05,0.000764217740197502,0,391.42
14,"VNIR_Plant_Spectrum_X392.56",0.0724032013189685,1.08133354063712e-05,8.09779010988609e-05,0,0,0.000729761920535822,0.0131620642117876,392.56
14,"VNIR_Plant_Spectrum_X393.71",0.0706644934104194,0,6.3722244141749e-05,1.30343098708744e-17,7.66896416004081e-05,0.000649589907580916,0,393.71
14,"VNIR_Plant_Spectrum_X394.85",0.0687917924216666,0,1.97581677734455e-05,2.13707712011744e-18,9.49656804779622e-19,0.000644267830756802,0,394.85
14,"VNIR_Plant_Spectrum_X395.99",0.0658056161553849,0,4.64919743830762e-05,0,7.94346634355905e-06,0.000552267307616886,0,395.99
14,"VNIR_Plant_Spectrum_X397.13",0.0638477580197928,1.27955718346236e-06,5.99063795003329e-05,0,0,0.000531347051005962,0.00215946995364978,397.13
14,"VNIR_Plant_Spectrum_X398.28",0.0618154085525325,8.42764698034568e-18,4.02130678406271e-05,0,0,0.00051577244404203,1.51580334383322e-14,398.28
14,"VNIR_Plant_Spectrum_X399.42",0.0594535283692954,9.6732338767392e-06,0.000104412030235092,4.50654796559173e-19,0,0.000472653275776703,0.0164864470613723,399.42
14,"VNIR_Plant_Spectrum_X400.56",0.0588520455304363,0,5.00234589210315e-05,1.38422765564885e-18,3.78891767498961e-06,0.000412481603812778,0,400.56
14,"VNIR_Plant_Spectrum_X401.7",0.0574191368317709,0,4.19537931538358e-05,1.75273180665044e-17,3.13778782806333e-16,0.000383546999839838,0,401.7
14,"VNIR_Plant_Spectrum_X402.85",0.0550985892650537,0,2.62713408584145e-05,0,2.72958790575156e-05,0.000328721451944664,0,402.85
14,"VNIR_Plant_Spectrum_X403.99",0.053195157696487,0,9.31954826653308e-05,0,1.3114196602992e-05,0.000307638903563624,0,403.99
14,"VNIR_Plant_Spectrum_X405.13",0.050121457021373,1.54726787158933e-06,5.48285707219087e-05,8.27159715640457e-18,1.39229171421779e-05,0.000258426496344039,0.0047068725685062,405.13
14,"VNIR_Plant_Spectrum_X406.27",0.0483625283323738,0,4.0909355525321e-05,2.6051784337616e-18,3.29782458602595e-05,0.000227380475639011,0,406.27
14,"VNIR_Plant_Spectrum_X407.41",0.0500722183161314,0,2.00825942091127e-05,2.36981741500242e-18,6.55020380035288e-18,0.000277370096502643,0,407.41
14,"VNIR_Plant_Spectrum_X408.55",0.0469962581787237,0,4.2245099663137e-05,0,1.19492194259495e-06,0.000218003669798163,0,408.55
14,"VNIR_Plant_Spectrum_X409.7",0.0450654018638129,1.74653576319178e-06,2.34947813610339e-05,1.17620044743996e-17,9.47222299246213e-06,0.000184472532879702,0.00796827891168274,409.7
14,"VNIR_Plant_Spectrum_X410.84",0.0468023684103497,0,2.40926511646464e-05,0,7.66761733526833e-06,0.000210293553354927,0,410.84
14,"VNIR_Plant_Spectrum_X411.98",0.0452418912471847,3.67612603168837e-06,4.59191932991328e-05,2.442503515119e-06,1.06289791642261e-05,0.000167124729097692,0.0159976567193979,411.98
14,"VNIR_Plant_Spectrum_X413.12",0.0441507522748922,1.71035257840304e-06,1.79615141344716e-05,0,7.31253895549652e-19,0.000205158398646641,0.00760730578540252,413.12
14,"VNIR_Plant_Spectrum_X414.26",0.0426658514716506,5.06725770792276e-06,2.62706550015296e-05,0,1.58575671055198e-05,0.000141565449636291,0.0268448440185875,414.26
14,"VNIR_Plant_Spectrum_X415.4",0.043085327499389,5.67906593627972e-06,2.16138737565986e-05,5.19275333197764e-07,1.71879914780159e-06,0.000151279133365457,0.0314090000675667,415.4
14,"VNIR_Plant_Spectrum_X416.54",0.0415540392997314,4.04329987721751e-06,1.80261486963438e-05,0,1.97478418705386e-06,0.000142462125153126,0.0242831560781129,416.54
14,"VNIR_Plant_Spectrum_X417.68",0.0402279367198082,0,8.84623206751096e-06,4.94680002494694e-06,3.38375161173103e-18,0.000140727451224936,0,417.68
14,"VNIR_Plant_Spectrum_X418.83",0.0403143053505826,8.79551968222643e-07,1.28860897228615e-05,0,6.54494448549044e-06,0.000121848857788084,0.00618708081357793,418.83
14,"VNIR_Plant_Spectrum_X419.97",0.0412684277393649,3.73744233195948e-06,2.22285223540416e-05,0,6.57223158935153e-06,0.000108539030376419,0.0264921732632639,419.97
14,"VNIR_Plant_Spectrum_X421.11",0.0392378065509646,1.76031180511039e-06,1.53840291050813e-05,1.06820163441428e-06,4.39024624258004e-06,0.000115657267505151,0.0127318898336653,421.11
14,"VNIR_Plant_Spectrum_X422.25",0.0380826701117346,4.9186050804653e-06,8.83162501214718e-06,0,0,9.6398841204099e-05,0.0446540767213182,422.25
14,"VNIR_Plant_Spectrum_X423.39",0.0377348014916765,2.68227782333358e-06,2.09529591790799e-05,3.74466875556177e-06,0,0.000104884021935316,0.0202797381728566,423.39
14,"VNIR_Plant_Spectrum_X424.53",0.0365403800953557,2.22361732237616e-06,2.07966609734992e-05,3.74123222149184e-18,6.28426817082189e-06,9.3530805537296e-05,0.0181024215431386,424.53
14,"VNIR_Plant_Spectrum_X425.67",0.0379008299170833,0,1.26614357268541e-05,0,2.58435308195924e-06,9.18385582373297e-05,0,425.67
14,"VNIR_Plant_Spectrum_X426.81",0.0368776884628386,1.04445571204875e-06,1.41266537982993e-05,0,8.857128640969e-06,7.56387986628999e-05,0.0104794498304956,426.81
14,"VNIR_Plant_Spectrum_X427.96",0.0364078084778088,0,2.87093907621114e-05,0,6.3835119815544e-06,8.0987465172213e-05,0,427.96
14,"VNIR_Plant_Spectrum_X429.1",0.0363016552610294,1.39207284522451e-06,1.98926204368257e-05,0,3.50689087161284e-06,7.58457964295552e-05,0.0138325623854388,429.1
14,"VNIR_Plant_Spectrum_X430.24",0.0353420814854886,0,1.15049482934435e-05,2.77206250441075e-19,1.42126332114207e-06,7.70331562522604e-05,0,430.24
14,"VNIR_Plant_Spectrum_X431.38",0.035669460056772,5.11128477519484e-06,1.54407264225561e-05,0,1.0480322894272e-06,6.97666145746986e-05,0.0559425602689036,431.38
14,"VNIR_Plant_Spectrum_X432.52",0.0358519660502564,5.88182771006162e-07,1.05408845545163e-05,5.12377422934002e-07,2.23977348174185e-06,7.58293037664357e-05,0.00655645244186887,432.52
14,"VNIR_Plant_Spectrum_X433.66",0.0350580127143532,1.89447465236624e-06,1.77578037237226e-05,0,7.41435734271103e-06,6.40528949642452e-05,0.0207910931736038,433.66
14,"VNIR_Plant_Spectrum_X434.8",0.0346810580507835,2.33077236034947e-06,1.1680355450759e-05,0,2.39668193888827e-19,6.87959422305798e-05,0.0281470212528479,434.8
14,"VNIR_Plant_Spectrum_X435.94",0.0348164734434132,0,1.21546965389128e-05,4.81231172876517e-07,4.60580378407532e-06,6.5914815202687e-05,0,435.94
14,"VNIR_Plant_Spectrum_X437.09",0.0353293212030416,5.78509789819322e-07,1.2136675922993e-05,0,7.51077884666471e-06,6.33162514420088e-05,0.00692475992986627,437.09
14,"VNIR_Plant_Spectrum_X438.23",0.035360568248164,1.7377554491659e-06,9.90058049526758e-06,0,0,6.58434273752903e-05,0.0224279285177746,438.23
14,"VNIR_Plant_Spectrum_X439.37",0.0349841603526923,1.50925245449581e-06,8.28206730872448e-06,0,7.38436345230242e-07,6.28619114620127e-05,0.0205643570238649,439.37
14,"VNIR_Plant_Spectrum_X440.52",0.0357058601269424,1.09786082239318e-06,1.20971500351988e-05,1.20850208504592e-06,2.6252327574058e-18,6.57200033197976e-05,0.0137021048701511,440.52
14,"VNIR_Plant_Spectrum_X441.66",0.0361306962562498,4.66940583025694e-06,1.26074573130743e-05,1.26189604274907e-18,0,6.23475907608495e-05,0.0586428615997289,441.66
14,"VNIR_Plant_Spectrum_X442.8",0.0359965608592875,1.15027946013319e-06,8.29690502144656e-06,0,0,6.36239041913361e-05,0.0157419231193082,442.8
14,"VNIR_Plant_Spectrum_X443.95",0.035444277924496,3.33121223142768e-06,1.34132225715734e-05,1.88261641680717e-18,1.43861930128116e-06,5.52661918494884e-05,0.0453539337017058,443.95
14,"VNIR_Plant_Spectrum_X445.09",0.0357850634721675,3.34724647566312e-06,8.93278411837207e-06,0,0,5.82182929949678e-05,0.0474798024301568,445.09
14,"VNIR_Plant_Spectrum_X446.23",0.0348690739872005,3.08831332645977e-06,9.2948057312579e-06,1.58284537866389e-18,0,6.14640117200981e-05,0.0418203563758155,446.23
14,"VNIR_Plant_Spectrum_X447.37",0.0352519021200016,3.18372066595091e-06,5.11932287773228e-06,0,2.54173590729356e-06,5.35396547456406e-05,0.0494486082805117,447.37
14,"VNIR_Plant_Spectrum_X448.52",0.0342632625746518,2.75545586896675e-06,9.03902045195865e-06,2.16741250305128e-18,1.23751813617281e-12,5.4306523883305e-05,0.041685538930827,448.52
14,"VNIR_Plant_Spectrum_X449.66",0.0335603027546532,2.60968935751059e-06,3.91286904259831e-06,0,0,5.39833954066266e-05,0.0431311167467305,449.66
14,"VNIR_Plant_Spectrum_X450.8",0.0336584292809554,1.71343555770401e-06,1.08033406823693e-05,2.44140155005644e-07,2.32153924315041e-06,5.25395791741303e-05,0.0253384205674751,450.8
14,"VNIR_Plant_Spectrum_X451.95",0.0332579014571499,1.84369820659075e-06,7.52190745483668e-06,0,3.27127968199678e-06,5.36456798530592e-05,0.0278157340640849,451.95
14,"VNIR_Plant_Spectrum_X453.09",0.0346269183535883,2.1483671295029e-06,6.82690157799161e-06,7.07367725060052e-21,6.53461028879567e-06,4.6395516242637e-05,0.0347040370425092,453.09
14,"VNIR_Plant_Spectrum_X454.23",0.0340514336761362,2.79889344100736e-06,5.66675293040784e-06,1.09136879290082e-18,0,4.80398031454236e-05,0.0495331594552349,454.23
14,"VNIR_Plant_Spectrum_X455.38",0.0343924125160737,2.68727304102733e-06,9.52299653920426e-06,0,5.16742028681388e-06,4.70556270276684e-05,0.0417062658037366,455.38
14,"VNIR_Plant_Spectrum_X456.52",0.0342518642643685,3.66494507588803e-06,6.28192788602997e-06,0,2.69662883190418e-18,4.48155194638708e-05,0.0669244880207598,456.52
14,"VNIR_Plant_Spectrum_X457.66",0.0342078417786463,1.24086691449786e-06,5.3110984716259e-06,3.57110849641428e-21,6.30483110414156e-06,4.35681142090282e-05,0.0219914732539114,457.66
14,"VNIR_Plant_Spectrum_X458.8",0.0337577984734148,3.76932116105795e-06,9.79493281904382e-06,0,4.11028709728042e-06,4.24563736671266e-05,0.0626852456356849,458.8
14,"VNIR_Plant_Spectrum_X459.95",0.0341609280924705,2.56447627884216e-06,8.16041416708655e-06,4.02141191246851e-19,9.50768304095557e-07,4.73785786294624e-05,0.0434257792944244,459.95
14,"VNIR_Plant_Spectrum_X461.09",0.0343271518138908,3.29781172129893e-06,8.93686056685714e-06,8.67949618399153e-20,2.32958548309438e-06,4.49099906609926e-05,0.0554494055533296,461.09
14,"VNIR_Plant_Spectrum_X462.23",0.0336687426189067,2.05690231829933e-06,8.89321225588037e-06,0,3.28310893925979e-06,4.50827093451054e-05,0.0346770626233693,462.23
14,"VNIR_Plant_Spectrum_X463.38",0.0339062474919179,2.58677852930678e-06,6.01410240434479e-06,1.67823996113852e-18,6.47473122109188e-06,4.29424021356854e-05,0.0445857818635038,463.38
14,"VNIR_Plant_Spectrum_X464.52",0.0336568595978219,2.5801128647437e-06,8.66562253820955e-06,0,1.50143736947739e-06,4.77156442628514e-05,0.0426727200493837,464.52
14,"VNIR_Plant_Spectrum_X465.66",0.0339772343245513,2.38035349838197e-06,8.65558379310061e-06,3.85168723124307e-18,3.76548344425033e-06,4.24730425346999e-05,0.041560468007225,465.66
14,"VNIR_Plant_Spectrum_X466.81",0.0334585659385015,4.61779424975673e-06,6.70190449555984e-06,0,2.93689758981168e-07,4.45124325747852e-05,0.0822757540286158,466.81
14,"VNIR_Plant_Spectrum_X467.95",0.0338759490702264,3.958835236294e-06,6.98729238913453e-06,1.61436142775281e-18,1.9092360953642e-06,4.14736089676676e-05,0.072867846388245,467.95
14,"VNIR_Plant_Spectrum_X469.09",0.0334683121330995,3.81940515325744e-06,5.12213235379343e-06,0,3.67584489013954e-06,3.72028450397281e-05,0.0766637438195861,469.09
14,"VNIR_Plant_Spectrum_X470.23",0.0335428268991825,3.78746077982874e-06,6.27401624126083e-06,2.61266569639722e-18,1.97158303161035e-06,3.95073509406743e-05,0.0734852653836123,470.23
14,"VNIR_Plant_Spectrum_X471.38",0.0334222306778786,3.43963969124524e-06,7.79730830732937e-06,0,1.04801137160787e-06,4.03624547906908e-05,0.0653334973059612,471.38
14,"VNIR_Plant_Spectrum_X472.52",0.0332478637921769,3.66216710453845e-06,6.70091671677047e-06,0,1.67616659569675e-06,3.92804906983053e-05,0.0713598125195114,472.52
14,"VNIR_Plant_Spectrum_X473.66",0.0330095922566352,2.88325645818452e-06,6.11784207870094e-06,5.93821605337023e-19,3.58156215000901e-06,3.74882146381898e-05,0.057583504172136,473.66
14,"VNIR_Plant_Spectrum_X474.81",0.0331728608642493,3.12492615931631e-06,6.47910275615561e-06,0,3.32885720777843e-06,3.91280343485777e-05,0.0600244123806323,474.81
14,"VNIR_Plant_Spectrum_X475.95",0.0329119629131534,2.63887464653446e-06,6.81330653843217e-06,2.19210334324911e-18,5.1659081317918e-06,3.82576493591869e-05,0.0499070975198471,475.95
14,"VNIR_Plant_Spectrum_X477.09",0.0329612879916513,2.97621037810985e-06,5.63254506033105e-06,1.62354997921895e-18,2.61376420469306e-06,3.78595041514318e-05,0.0606374828912265,477.09
14,"VNIR_Plant_Spectrum_X478.24",0.0326595858110786,3.30871940755341e-06,5.12060647619791e-06,0,2.99464433374825e-06,3.71239342607822e-05,0.0681537018561448,478.24
14,"VNIR_Plant_Spectrum_X479.38",0.0324747610996028,3.53070120143391e-06,6.50349518788373e-06,0,2.89130519328976e-06,3.55192605899982e-05,0.072880968820824,479.38
14,"VNIR_Plant_Spectrum_X480.52",0.032581306994501,3.37284365895482e-06,7.58310988153656e-06,1.15417145549766e-18,3.19453548342883e-06,3.524520050974e-05,0.0682821454826811,480.52
14,"VNIR_Plant_Spectrum_X481.66",0.0325378569598033,3.05384192391857e-06,6.67445394504698e-06,2.55506333365294e-19,3.84820528214816e-06,3.69923980842867e-05,0.0603897251095537,481.66
14,"VNIR_Plant_Spectrum_X482.81",0.0325958097160679,3.27316828898291e-06,5.63934144118948e-06,1.0349751361968e-18,4.23675359674021e-06,3.32759810240629e-05,0.0705040616315908,482.81
14,"VNIR_Plant_Spectrum_X483.95",0.0323458814415896,2.75542737474381e-06,6.47017689563616e-06,0,3.69595084357046e-06,3.38585063070142e-05,0.0589017476900738,483.95
14,"VNIR_Plant_Spectrum_X485.09",0.0322140973548466,3.25710479052232e-06,6.14731795197867e-06,0,2.10062102118688e-06,3.44974635772893e-05,0.0708027666053113,485.09
14,"VNIR_Plant_Spectrum_X486.24",0.0321752694586492,3.58294735093914e-06,6.00582631755571e-06,0,2.19871612254291e-06,3.39950413787544e-05,0.078260141136609,486.24
14,"VNIR_Plant_Spectrum_X487.38",0.0324407460031497,3.25746905030767e-06,6.78479306936342e-06,0,2.16300350103496e-06,3.41205908805028e-05,0.0703164344133102,487.38
14,"VNIR_Plant_Spectrum_X488.52",0.0323832191511159,3.19210141579921e-06,6.72496230604355e-06,2.85752686014754e-18,3.7915026092277e-06,3.16845281721695e-05,0.0703212999847624,488.52
14,"VNIR_Plant_Spectrum_X489.67",0.0321557621087726,3.27955161266426e-06,6.94687652130891e-06,0,1.89867597927984e-06,3.11780774862924e-05,0.0757346571665923,489.67
14,"VNIR_Plant_Spectrum_X490.81",0.0321671975318104,2.89240391975747e-06,6.50476025282771e-06,1.06047978558823e-19,4.70428945232409e-06,2.93504723550328e-05,0.0665656091076983,490.81
14,"VNIR_Plant_Spectrum_X491.95",0.0321012753722514,3.08520986449122e-06,7.11618068970403e-06,0,3.00836716738574e-06,2.93246468754321e-05,0.0725344551950745,491.95
14,"VNIR_Plant_Spectrum_X493.09",0.0320664547480613,2.72549705122404e-06,5.04265680197577e-06,0,2.19671913619587e-06,3.09056213003695e-05,0.0666861778548777,493.09
14,"VNIR_Plant_Spectrum_X494.24",0.0324547740374938,3.10546985784945e-06,6.60573128044056e-06,0,2.79681908341533e-06,2.86902812627525e-05,0.0753785895523143,494.24
14,"VNIR_Plant_Spectrum_X495.38",0.0325279878067693,2.85823585598777e-06,6.36183818540568e-06,1.1489505624663e-18,3.26889828307811e-06,2.92543262519136e-05,0.0684717296779378,495.38
14,"VNIR_Plant_Spectrum_X496.52",0.0326486743904995,3.05359811963201e-06,6.69198711239328e-06,0,4.17491657984562e-06,2.79767624844774e-05,0.0728829953677468,496.52
14,"VNIR_Plant_Spectrum_X497.67",0.0324805372925598,2.50928947765568e-06,7.24287672099194e-06,0,4.21010978846437e-06,2.86508284318828e-05,0.0588853948067949,497.67
14,"VNIR_Plant_Spectrum_X498.81",0.0324570392794982,3.83350181830175e-06,7.22007526796941e-06,0,2.06016495264611e-06,2.84310544503567e-05,0.0922739342168034,498.81
14,"VNIR_Plant_Spectrum_X499.95",0.0327461429692228,3.1187303253799e-06,8.71115463835473e-06,2.97981275867816e-20,2.27703826418109e-06,2.81968883511753e-05,0.0737222063205612,499.95
14,"VNIR_Plant_Spectrum_X501.1",0.0327546851545119,3.0653640498131e-06,8.30910092766308e-06,0,3.37692560518154e-06,2.85497901086799e-05,0.0707916966898394,501.1
14,"VNIR_Plant_Spectrum_X502.24",0.0327190646158657,3.23535883338598e-06,8.11184511973771e-06,0,4.45154442607948e-06,2.83665116221289e-05,0.0732557406723837,502.24
14,"VNIR_Plant_Spectrum_X503.38",0.0329239293805774,3.39383446700882e-06,9.10404902646358e-06,2.77746541004542e-19,3.14310468139933e-06,2.72970613162635e-05,0.079040257003511,503.38
14,"VNIR_Plant_Spectrum_X504.52",0.0331510563487325,3.41780244097541e-06,1.03201324821719e-05,0,3.37832993584874e-06,2.69476439528982e-05,0.077564667618703,504.52
14,"VNIR_Plant_Spectrum_X505.67",0.0332721277411554,3.53095631347576e-06,1.09085049572543e-05,0,3.41955537415092e-06,2.70958053682305e-05,0.0785445510705376,505.67
14,"VNIR_Plant_Spectrum_X506.81",0.0336812317085628,3.38242296001392e-06,1.11333511068201e-05,3.5280328430232e-19,4.65881264722151e-06,2.65302698430495e-05,0.0740057668879848,506.81
14,"VNIR_Plant_Spectrum_X507.95",0.0340467108758724,3.70951227350574e-06,1.24632847833163e-05,1.04323294799754e-19,3.7400223596063e-06,2.66900335711087e-05,0.0795983944265765,507.95
14,"VNIR_Plant_Spectrum_X509.1",0.03465489396506,4.03583161187384e-06,1.41383976949633e-05,2.01518544261402e-20,3.58431605258994e-06,2.71862383928882e-05,0.0824568279287356,509.1
14,"VNIR_Plant_Spectrum_X510.24",0.0349707888100606,3.36554354377931e-06,1.36790738251614e-05,0,3.50057834493873e-06,2.78688714884724e-05,0.0695158192289992,510.24
14,"VNIR_Plant_Spectrum_X511.38",0.0358582642271261,3.48412796072936e-06,1.51017103277943e-05,0,4.14809415038466e-06,2.83917577006494e-05,0.0681482822279511,511.38
14,"VNIR_Plant_Spectrum_X512.53",0.0364923699989437,3.88087082669934e-06,1.66245995379918e-05,9.55513587546013e-19,4.13119424505851e-06,2.86458961093232e-05,0.0728356665731735,512.53
14,"VNIR_Plant_Spectrum_X513.67",0.0372116871955005,4.20747645963736e-06,1.91223348650862e-05,0,4.38615168773585e-06,2.86272409810085e-05,0.0746758466225164,513.67
14,"VNIR_Plant_Spectrum_X514.81",0.0378616685192815,4.22819038467111e-06,2.02061812979446e-05,0,4.67758596883851e-06,2.91913381603059e-05,0.0725206066964444,514.81
14,"VNIR_Plant_Spectrum_X515.95",0.0385890847911658,4.16395080273198e-06,2.06483211665426e-05,0,4.74447655476704e-06,2.98286978330297e-05,0.0701173613766422,515.95
14,"VNIR_Plant_Spectrum_X517.1",0.03938245145151,3.68940675792474e-06,2.38828215377259e-05,0,5.06411655143669e-06,3.11920595426573e-05,0.0578019581281828,517.1
14,"VNIR_Plant_Spectrum_X518.24",0.0405441269683399,4.99770103173405e-06,2.62146107939503e-05,2.96727193458571e-17,6.01136076900584e-06,3.01549002491791e-05,0.0741734474446736,518.24
14,"VNIR_Plant_Spectrum_X519.38",0.0413149193123407,4.9853309351121e-06,2.91098751532468e-05,0,5.27201312084973e-06,3.32388497895514e-05,0.0686627303180019,519.38
14,"VNIR_Plant_Spectrum_X520.53",0.0420724587579704,5.02869405208043e-06,3.28206297814352e-05,0,5.5672231503226e-06,3.42368023402335e-05,0.0647582376787653,520.53
14,"VNIR_Plant_Spectrum_X521.67",0.0431349519201101,4.97631020836053e-06,3.80876438481568e-05,0,6.84113108711838e-06,3.53338330997499e-05,0.0583807292597439,521.67
14,"VNIR_Plant_Spectrum_X522.81",0.0438667352639666,4.9954686863514e-06,3.79361697807063e-05,4.64538459934544e-20,5.32881368205108e-06,3.67186959782153e-05,0.0587846406611031,522.81
14,"VNIR_Plant_Spectrum_X523.96",0.0445184174984171,5.69649632636388e-06,4.23098878047936e-05,0,5.84781280978886e-06,3.68985036811102e-05,0.0627694414305881,523.96
14,"VNIR_Plant_Spectrum_X525.1",0.0452723036848775,5.43899165703879e-06,4.56241417650314e-05,0,6.42424632704845e-06,3.82820307072895e-05,0.0567925774119126,525.1
14,"VNIR_Plant_Spectrum_X526.24",0.0461273470322956,5.67899466424425e-06,4.9991256036332e-05,0,5.92680751014471e-06,3.88404590170666e-05,0.0565425631874646,526.24
14,"VNIR_Plant_Spectrum_X527.38",0.0465590229743763,5.52466346344681e-06,5.04787491881535e-05,0,6.16864534712788e-06,4.03480273606095e-05,0.0538885960159183,527.38
14,"VNIR_Plant_Spectrum_X528.53",0.0472026887727857,5.09214950767196e-06,5.39220496543061e-05,1.27716761945941e-18,7.564159801784e-06,4.08291435367207e-05,0.0474096258559686,528.53
14,"VNIR_Plant_Spectrum_X529.67",0.0476991452616276,5.75267810714577e-06,5.63441946279898e-05,4.74192474250908e-18,6.94861878057625e-06,4.24577302769595e-05,0.0515920348726966,529.67
14,"VNIR_Plant_Spectrum_X530.81",0.0482650135580035,6.0981185677371e-06,5.84203046673669e-05,0,6.55433246298543e-06,4.31740367821447e-05,0.0533767157514915,530.81
14,"VNIR_Plant_Spectrum_X531.96",0.0484133675431842,6.5712511975747e-06,6.0565367400294e-05,0,6.9557177003052e-06,4.36054105862575e-05,0.0558315802258056,531.96
14,"VNIR_Plant_Spectrum_X533.1",0.0487171879175907,6.25954798976664e-06,6.41501700412647e-05,0,7.36112999684764e-06,4.35391030203591e-05,0.0515996250569549,533.1
14,"VNIR_Plant_Spectrum_X534.24",0.0489277129869093,6.69066857868428e-06,6.43319600788168e-05,0,7.02930039162638e-06,4.41189169272948e-05,0.0547648542924513,534.24
14,"VNIR_Plant_Spectrum_X535.39",0.0491976945443506,7.05785926531963e-06,6.54971128995778e-05,3.97337056864653e-19,6.3235156697816e-06,4.55473476790702e-05,0.0567234227214789,535.39
14,"VNIR_Plant_Spectrum_X536.53",0.0492577980295328,6.29348532231014e-06,6.68211724395919e-05,0,7.56453110233248e-06,4.52416272571824e-05,0.0499797056289864,536.53
14,"VNIR_Plant_Spectrum_X537.67",0.0493249648577255,6.71838827988219e-06,6.91760685144582e-05,1.86905122341532e-17,7.24593349236445e-06,4.54261264124832e-05,0.0522561274301339,537.67
14,"VNIR_Plant_Spectrum_X538.81",0.0493376171474085,6.79135241394748e-06,6.83655592208678e-05,0,8.10145672573672e-06,4.55109376708832e-05,0.0527404598444413,538.81
14,"VNIR_Plant_Spectrum_X539.96",0.0493134945517937,6.56425574407175e-06,6.75619586788315e-05,0,6.92139341913425e-06,4.65536512260572e-05,0.0514435029247534,539.96
14,"VNIR_Plant_Spectrum_X541.1",0.0493349774590204,6.61932857635539e-06,7.03802100974549e-05,0,6.74180208231374e-06,4.58678718141041e-05,0.0510714357806066,541.1
14,"VNIR_Plant_Spectrum_X542.24",0.0492019036674238,6.84139770493755e-06,7.31531506428033e-05,0,7.80746474086281e-06,4.57062201409303e-05,0.0512432644747495,542.24
14,"VNIR_Plant_Spectrum_X543.39",0.0492135089801778,7.34012580481055e-06,7.12529584530884e-05,7.21887692733749e-15,7.49659435424303e-06,4.56100024746519e-05,0.0557338160870022,543.39
14,"VNIR_Plant_Spectrum_X544.53",0.0492603371488719,6.1787233137936e-06,7.43402064349104e-05,2.1203922258931e-17,6.93962960856623e-06,4.73076829129729e-05,0.0458477079252726,544.53
14,"VNIR_Plant_Spectrum_X545.67",0.0492901603312096,7.03385228081606e-06,7.43899600535574e-05,0,7.45446087632375e-06,4.59502537866666e-05,0.0521688728450886,545.67
14,"VNIR_Plant_Spectrum_X546.82",0.0493553763568029,6.84281666222602e-06,7.52907141924983e-05,0,7.98363593050605e-06,4.57678036216971e-05,0.0503574209990568,546.82
14,"VNIR_Plant_Spectrum_X547.96",0.0493217574818235,6.65733466976274e-06,7.7118897959432e-05,0,7.38561820157489e-06,4.76379250945607e-05,0.047963583697312,547.96
14,"VNIR_Plant_Spectrum_X549.1",0.0493107665143853,7.50790792830437e-06,7.69369038163893e-05,0,7.34717388760565e-06,4.72032979214583e-05,0.0540155589193113,549.1
14,"VNIR_Plant_Spectrum_X550.24",0.0492041522993462,7.13307429135828e-06,7.69973566013095e-05,3.09750174514116e-17,8.26029218714581e-06,4.67071611347365e-05,0.051280969021458,550.24
14,"VNIR_Plant_Spectrum_X551.38",0.04922418435502,6.8345005089599e-06,7.81574970582756e-05,0,8.7631996882573e-06,4.64624749790705e-05,0.0487420765160529,551.38
14,"VNIR_Plant_Spectrum_X552.52",0.0488623853131997,6.85579360473952e-06,7.74665763421581e-05,6.51344638890934e-18,8.07843961511096e-06,4.61131226973223e-05,0.0494953359052975,552.52
14,"VNIR_Plant_Spectrum_X553.66",0.0489074132827336,7.09023285455092e-06,7.8339942141087e-05,0,6.82327094950022e-06,4.64247336373749e-05,0.0511272420498731,553.66
14,"VNIR_Plant_Spectrum_X554.8",0.0485180990902435,7.13459199015862e-06,7.9379215025102e-05,0,7.82049823072776e-06,4.6927405660546e-05,0.0505061983489582,554.8
14,"VNIR_Plant_Spectrum_X555.95",0.0481231470810272,6.52751201489287e-06,7.6192275201218e-05,0,7.78939674155525e-06,4.56154321657622e-05,0.0479524732615164,555.95
14,"VNIR_Plant_Spectrum_X557.09",0.0478312289203766,6.96574664836496e-06,7.53523951211615e-05,3.95081372587701e-18,7.2239190483434e-06,4.51238269409178e-05,0.0517261406306676,557.09
14,"VNIR_Plant_Spectrum_X558.23",0.047298923698202,6.45339165686537e-06,7.42541924356721e-05,0,7.82635972573867e-06,4.43649672947522e-05,0.0485586495992948,558.23
14,"VNIR_Plant_Spectrum_X559.37",0.0469523120323342,6.46686235791236e-06,7.35184909959773e-05,1.95792040239592e-20,7.72824340043772e-06,4.42450108325219e-05,0.0490067489811619,559.37
14,"VNIR_Plant_Spectrum_X560.51",0.0463352389331719,6.36297492817429e-06,7.17987054137457e-05,0,7.46864488342956e-06,4.34088418520652e-05,0.0493104153745579,560.51
14,"VNIR_Plant_Spectrum_X561.65",0.0459502093136476,6.45515366430411e-06,7.23373645652359e-05,0,7.55760468831664e-06,4.22507009308484e-05,0.0501952745800323,561.65
14,"VNIR_Plant_Spectrum_X562.79",0.0453077242389343,6.58000610811507e-06,6.90349199855208e-05,0,6.85373119104798e-06,4.19326743012835e-05,0.0528933736016159,562.79
14,"VNIR_Plant_Spectrum_X563.93",0.0446781708900895,6.15931874161342e-06,6.72512471999718e-05,0,6.29367508170658e-06,4.12617528594999e-05,0.050917770721426,563.93
14,"VNIR_Plant_Spectrum_X565.07",0.0439614445134555,6.52307306934279e-06,6.66912838509585e-05,0,6.32328497815149e-06,3.97948971757961e-05,0.054662987312154,565.07
14,"VNIR_Plant_Spectrum_X566.22",0.0432038147991373,6.23673628053268e-06,6.50583890726598e-05,4.08141049682595e-18,6.15853663257011e-06,3.89625245445431e-05,0.0535727587925147,566.22
14,"VNIR_Plant_Spectrum_X567.36",0.0424960449256698,6.06878545730006e-06,6.21661907761139e-05,0,6.50518978364094e-06,3.70983645591682e-05,0.0542638161108877,567.36
14,"VNIR_Plant_Spectrum_X568.5",0.0417087540918054,5.90214371377662e-06,5.81581108056475e-05,0,6.05866221832014e-06,3.61391891644297e-05,0.0555453502927147,568.5
14,"VNIR_Plant_Spectrum_X569.64",0.0410567423086985,6.14046920000326e-06,5.68390121955914e-05,0,5.36361755171478e-06,3.55069871761883e-05,0.0591282051774234,569.64
14,"VNIR_Plant_Spectrum_X570.78",0.0403708682851816,6.00536873456748e-06,5.48248929064835e-05,6.15005327803864e-18,5.37342138423512e-06,3.43489348211585e-05,0.0597236438313122,570.78
14,"VNIR_Plant_Spectrum_X571.92",0.0396928517017607,5.39215819046299e-06,5.24220181844839e-05,0,5.97042359722592e-06,3.2866330152785e-05,0.0557900289577306,571.92
14,"VNIR_Plant_Spectrum_X573.06",0.0390600796641745,5.36533421383221e-06,5.02296869782883e-05,0,5.52842050562911e-06,3.26305059442393e-05,0.057227821854717,573.06
14,"VNIR_Plant_Spectrum_X574.2",0.0385077786967535,5.66679210920804e-06,4.90912746144743e-05,0,5.3888197362602e-06,3.13759670932806e-05,0.0619166895393251,574.2
14,"VNIR_Plant_Spectrum_X575.35",0.0379524433546615,5.32003653475728e-06,4.77150614812514e-05,0,5.3335852225447e-06,3.09383337671142e-05,0.0595701963085349,575.35
14,"VNIR_Plant_Spectrum_X576.49",0.0375519255181393,5.29954676513828e-06,4.54004924620793e-05,0,5.84778500313997e-06,2.97352702088546e-05,0.0614204532137162,576.49
14,"VNIR_Plant_Spectrum_X577.63",0.0370324279871598,5.23456251706085e-06,4.41634818599561e-05,6.57094414492067e-19,4.92539927484132e-06,2.97295797576519e-05,0.062276909321367,577.63
14,"VNIR_Plant_Spectrum_X578.77",0.0366314243985146,5.38311893523433e-06,4.31121595348102e-05,0,4.27279466934326e-06,2.93223413703345e-05,0.0655754873134034,578.77
14,"VNIR_Plant_Spectrum_X579.91",0.0363460592031082,5.38006313794453e-06,4.31982415917034e-05,0,4.98626466021107e-06,2.78515213544582e-05,0.0660810791670202,579.91
14,"VNIR_Plant_Spectrum_X581.05",0.0359389574021141,5.64764672989535e-06,4.15391940652698e-05,0,4.85390862963782e-06,2.75132138061312e-05,0.0709913937725644,581.05
14,"VNIR_Plant_Spectrum_X582.19",0.0355556285787942,4.7882314963784e-06,3.89618122755183e-05,0,4.84652804263547e-06,2.7084488410167e-05,0.0632685573135737,582.19
14,"VNIR_Plant_Spectrum_X583.33",0.0352090102462775,5.25174074268861e-06,3.86530712234895e-05,7.98270005785835e-08,4.52128258119879e-06,2.69383822823919e-05,0.0696108317799348,583.33
14,"VNIR_Plant_Spectrum_X584.48",0.0348938839163287,4.76249498299518e-06,3.84103441909336e-05,2.39564254943789e-14,4.53806065778907e-06,2.70531746034014e-05,0.0637003135189224,584.48
14,"VNIR_Plant_Spectrum_X585.62",0.0345878054621547,5.09460837216353e-06,3.69332339923748e-05,1.04842748738927e-07,4.6023161297274e-06,2.60645227131675e-05,0.0699813418454585,585.62
14,"VNIR_Plant_Spectrum_X586.76",0.0342436558452254,4.96970701971872e-06,3.63945002420395e-05,0,4.4482763210989e-06,2.59917744406314e-05,0.0692118706677958,586.76
14,"VNIR_Plant_Spectrum_X587.9",0.0340493943227691,4.79224975124529e-06,3.547750905557e-05,5.8768662530985e-08,4.17779599274012e-06,2.62521287945908e-05,0.0677268877202308,587.9
14,"VNIR_Plant_Spectrum_X589.04",0.0337523368379918,4.94023006049379e-06,3.49127210179565e-05,6.52200785929554e-17,4.39483745555109e-06,2.53472400112165e-05,0.070985387372596,589.04
14,"VNIR_Plant_Spectrum_X590.18",0.0338895339364572,4.64923683402299e-06,3.591947497955e-05,7.36376623182558e-07,3.54818507918082e-06,2.56279929745867e-05,0.0659641499865517,590.18
14,"VNIR_Plant_Spectrum_X591.32",0.0337210427161878,4.47682004400586e-06,3.42756182780606e-05,0,4.50483805350641e-06,2.56122025645096e-05,0.0650044128822401,591.32
14,"VNIR_Plant_Spectrum_X592.46",0.0334838810160861,4.69628711625691e-06,3.36264403679176e-05,4.8832154169849e-07,3.9929827120031e-06,2.52989879601136e-05,0.0689585738941255,592.46
14,"VNIR_Plant_Spectrum_X593.6",0.0331916027875256,4.80161840090306e-06,3.24582245686765e-05,1.78130874292631e-07,3.91269747024497e-06,2.48933666595303e-05,0.0724837819037118,593.6
14,"VNIR_Plant_Spectrum_X594.75",0.033127101066151,4.58811414750928e-06,3.21805848727352e-05,4.11917607295496e-07,4.04065222028386e-06,2.46931009689704e-05,0.069607191273492,594.75
14,"VNIR_Plant_Spectrum_X595.89",0.0329343764487188,4.87939025919319e-06,3.26218144459981e-05,5.64359780740566e-19,4.33617727252386e-06,2.42332268097729e-05,0.0738511472610672,595.89
14,"VNIR_Plant_Spectrum_X597.03",0.032765722816067,4.575766241411e-06,3.15920130027546e-05,1.35253117928672e-16,4.24106100430689e-06,2.43931517193962e-05,0.0706115059498524,597.03
14,"VNIR_Plant_Spectrum_X598.17",0.0325950765667263,4.73034973412205e-06,3.25606628917273e-05,2.8114290285599e-07,4.04050170068181e-06,2.39231453573189e-05,0.0721796262106296,598.17
14,"VNIR_Plant_Spectrum_X599.31",0.0324923856017963,4.79421776829084e-06,3.13132522101181e-05,0,3.88492151539167e-06,2.44413799726318e-05,0.0744053569918448,599.31
14,"VNIR_Plant_Spectrum_X600.45",0.0323752470681951,4.6982389514543e-06,3.22618484137973e-05,0,4.12100257513588e-06,2.40778962829048e-05,0.072104236480199,600.45
14,"VNIR_Plant_Spectrum_X601.59",0.0321170696453826,4.59571300372406e-06,3.07927138340269e-05,5.32910553269399e-07,3.53081664723621e-06,2.3218008522843e-05,0.0733317549518645,601.59
14,"VNIR_Plant_Spectrum_X602.73",0.0319579367995112,4.76961468735012e-06,3.07037681409636e-05,0,3.75415325889583e-06,2.36881130839486e-05,0.075809671364507,602.73
14,"VNIR_Plant_Spectrum_X603.88",0.031784269941564,4.61033762772906e-06,2.96225269203916e-05,1.42540541320458e-18,4.19444123361315e-06,2.28773670206989e-05,0.0752036903057413,603.88
14,"VNIR_Plant_Spectrum_X605.02",0.0314958952615718,4.43238509207147e-06,2.92398637046692e-05,2.45968868481265e-07,3.5040104626734e-06,2.28536784120794e-05,0.0735349386928245,605.02
14,"VNIR_Plant_Spectrum_X606.16",0.0311447582058973,4.24434505829877e-06,2.83036142276006e-05,6.50878790868796e-07,2.9670626073178e-06,2.32646730939034e-05,0.0714168615324845,606.16
14,"VNIR_Plant_Spectrum_X607.3",0.0308687537576774,4.25247942621845e-06,2.66995766785822e-05,8.04109307026004e-16,4.10020066928642e-06,2.18902901124297e-05,0.0746801760489103,607.3
14,"VNIR_Plant_Spectrum_X608.44",0.0305240971100527,4.11354421892907e-06,2.62238734347447e-05,1.16983935424651e-07,4.13637078488612e-06,2.16271076363253e-05,0.0731714575180474,608.44
14,"VNIR_Plant_Spectrum_X609.58",0.0301892310872358,4.09669015163337e-06,2.58789169708182e-05,1.62257148815462e-07,3.42201317240776e-06,2.15199369722393e-05,0.0743773412288355,609.58
14,"VNIR_Plant_Spectrum_X610.72",0.0298668712381812,4.05609185224346e-06,2.55686151188499e-05,3.90119227598791e-07,3.67260694618474e-06,2.07694492129149e-05,0.0744826305992729,610.72
14,"VNIR_Plant_Spectrum_X611.86",0.0295021208543049,4.16898247118562e-06,2.41141175808152e-05,0,3.49427244048581e-06,2.06797265599903e-05,0.0794741330818745,611.86
14,"VNIR_Plant_Spectrum_X613.01",0.0291967875449494,4.0072025812366e-06,2.35489485761642e-05,1.78804159373441e-07,3.62435097443667e-06,2.00686863295502e-05,0.0779187049120583,613.01
14,"VNIR_Plant_Spectrum_X614.15",0.0290073950795882,4.02746082288244e-06,2.25989975468765e-05,4.88232588409301e-14,3.77962653612256e-06,1.98406213582926e-05,0.0801537278442598,614.15
14,"VNIR_Plant_Spectrum_X615.29",0.028647466925577,3.97053705687486e-06,2.28357488417693e-05,3.94699551461798e-07,3.3609166992225e-06,1.95185575586667e-05,0.079283159140829,615.29
14,"VNIR_Plant_Spectrum_X616.43",0.0284164351491052,4.10553640517875e-06,2.21310113775301e-05,1.13460284304157e-18,3.28388691963849e-06,1.97225742058249e-05,0.0833729801693191,616.43
14,"VNIR_Plant_Spectrum_X617.57",0.0282163823797429,3.85630792409501e-06,2.12309921040153e-05,1.24780382092185e-07,3.41934128709962e-06,1.9104336072037e-05,0.0807844706839855,617.57
14,"VNIR_Plant_Spectrum_X618.71",0.028033785697312,3.93036815049737e-06,2.10699521616744e-05,4.37089710891367e-07,3.05937650235809e-06,1.92964741046949e-05,0.0822368697736582,618.71
14,"VNIR_Plant_Spectrum_X619.85",0.0278584346483085,3.51609162598947e-06,2.09673129204719e-05,5.12917376284541e-08,3.55506894074941e-06,1.88797984466136e-05,0.0748589373872869,619.85
14,"VNIR_Plant_Spectrum_X620.99",0.0276942323381041,3.74825418595706e-06,1.9621216406168e-05,4.60993641307099e-07,3.03542380278384e-06,1.86482693245437e-05,0.0823535884943933,620.99
14,"VNIR_Plant_Spectrum_X622.14",0.0276895174524991,3.71001934739056e-06,1.97323245205369e-05,5.08108951700192e-07,2.92564135510216e-06,1.9128906652617e-05,0.080643827424631,622.14
14,"VNIR_Plant_Spectrum_X623.28",0.027512220016682,3.70598109818005e-06,1.97968767736734e-05,2.34810985096088e-07,3.1854041178702e-06,1.89806661803631e-05,0.0807337521166099,623.28
14,"VNIR_Plant_Spectrum_X624.42",0.0275491887749619,3.59699494156984e-06,1.95778350003188e-05,8.2802567565896e-07,2.4045682756523e-06,1.93155703085793e-05,0.0786692779938257,624.42
14,"VNIR_Plant_Spectrum_X625.56",0.027453234334017,3.66893253803826e-06,1.91910157064749e-05,1.3238823199437e-07,3.06256419767646e-06,1.88935102707308e-05,0.0816254114641475,625.56
14,"VNIR_Plant_Spectrum_X626.7",0.0274770513918293,3.58331300597315e-06,2.0082666956356e-05,8.51007150045761e-07,2.16258839286802e-06,1.8961265695169e-05,0.0785111078526926,626.7
14,"VNIR_Plant_Spectrum_X627.84",0.027414534979879,3.69362750875981e-06,1.89780942232912e-05,5.52010232398011e-07,3.15746025699935e-06,1.86321748807097e-05,0.0820562367702266,627.84
14,"VNIR_Plant_Spectrum_X628.98",0.0273848478089567,3.73057998830952e-06,1.86957237735756e-05,9.02599443822403e-07,2.8953366149264e-06,1.85791650264136e-05,0.0832655464700773,628.98
14,"VNIR_Plant_Spectrum_X630.12",0.0273640880526702,4.12373368096493e-06,1.88746808375661e-05,4.9750874757813e-07,2.58694164006673e-06,1.86207116711711e-05,0.0922461690247527,630.12
14,"VNIR_Plant_Spectrum_X631.26",0.0273069556258479,3.51744834335155e-06,1.83820299583669e-05,1.24621647400708e-06,2.05458423354255e-06,1.91183830271439e-05,0.0793672051846157,631.26
14,"VNIR_Plant_Spectrum_X632.41",0.027191704782763,3.64645834532771e-06,1.88991859767424e-05,6.54131080002165e-07,3.0366276317822e-06,1.86596748051468e-05,0.0812199755712295,632.41
14,"VNIR_Plant_Spectrum_X633.55",0.0269879767499844,3.93278501304502e-06,1.85209429671639e-05,7.19479102027862e-07,2.13810065087208e-06,1.88901876366234e-05,0.0889740263343682,633.55
14,"VNIR_Plant_Spectrum_X634.69",0.0268326870182969,3.88198042817378e-06,1.798535012148e-05,0,3.023779789966e-06,1.87162157700301e-05,0.0890212901018651,634.69
14,"VNIR_Plant_Spectrum_X635.83",0.0266354122123416,3.6791059382709e-06,1.75321067189935e-05,6.00931764459214e-07,2.70072293887227e-06,1.85294686237859e-05,0.0854764467152965,635.83
14,"VNIR_Plant_Spectrum_X636.97",0.026363840520632,3.72216404818978e-06,1.68414631419311e-05,1.18763804235477e-06,1.75279917795505e-06,1.8470194437728e-05,0.0886773024785181,636.97
14,"VNIR_Plant_Spectrum_X638.11",0.0261026720027011,3.74132970328713e-06,1.67917653386744e-05,1.19767452440116e-07,2.83916770976257e-06,1.80086442341262e-05,0.0901510578785969,638.11
14,"VNIR_Plant_Spectrum_X639.25",0.0257610108812173,3.52961673111967e-06,1.59763717860796e-05,1.3276511999189e-06,1.76139494809853e-06,1.7940021233428e-05,0.0870756596449567,639.25
14,"VNIR_Plant_Spectrum_X640.39",0.0254968991287119,3.88789877450319e-06,1.58148063227962e-05,5.86202746118034e-07,2.09905555033162e-06,1.80506580535745e-05,0.0961432075415249,640.39
14,"VNIR_Plant_Spectrum_X641.54",0.0253188105481619,3.60329143645702e-06,1.49377677487388e-05,4.72359585613703e-07,2.78500889008246e-06,1.7325235698276e-05,0.092100052169901,641.54
14,"VNIR_Plant_Spectrum_X642.68",0.0249852657910268,3.55954519723212e-06,1.49569281723149e-05,7.62026975572567e-07,1.85325344343783e-06,1.73547923799755e-05,0.0924880393695199,642.68
14,"VNIR_Plant_Spectrum_X643.82",0.0245737117056425,3.62796989804724e-06,1.43107094942495e-05,3.80574082693594e-07,2.467025612225e-06,1.67259992037373e-05,0.0967141976797034,643.82
14,"VNIR_Plant_Spectrum_X644.96",0.0242712409243723,3.38752275813564e-06,1.39038172578011e-05,6.25774755238972e-07,1.97682761210464e-06,1.6633829756324e-05,0.0927382799363993,644.96
14,"VNIR_Plant_Spectrum_X646.1",0.0240707178571266,3.26331882487611e-06,1.33504206567561e-05,8.75879496322928e-07,1.45797883456425e-06,1.7034365846607e-05,0.0906931832790176,646.1
14,"VNIR_Plant_Spectrum_X647.24",0.0239168962062272,3.45476302757022e-06,1.34519493785966e-05,3.56880926430027e-07,2.28764184424612e-06,1.64176051128465e-05,0.0960487744321446,647.24
14,"VNIR_Plant_Spectrum_X648.38",0.0236362956595368,3.44211345969503e-06,1.33704252669992e-05,5.82987091585857e-07,1.64223863745552e-06,1.65622521254121e-05,0.0966885352946109,648.38
14,"VNIR_Plant_Spectrum_X649.52",0.0234448770194542,3.20961128596972e-06,1.18736551891476e-05,6.93984431483502e-07,1.92967244030826e-06,1.63233884885144e-05,0.094316246688892,649.52
14,"VNIR_Plant_Spectrum_X650.67",0.0232882076875771,3.10074520964375e-06,1.23471848692381e-05,7.04072153467717e-07,1.76603767785492e-06,1.65397524931365e-05,0.0899867633233261,650.67
14,"VNIR_Plant_Spectrum_X651.81",0.0231554697671299,3.27028029744346e-06,1.22137272154804e-05,6.58929514735177e-07,1.16281329263333e-06,1.67133317729874e-05,0.0961307623902493,651.81
14,"VNIR_Plant_Spectrum_X652.95",0.0230975772842352,2.98561100839765e-06,1.15787919717676e-05,8.29115574395412e-07,1.57410586177197e-06,1.60394898005389e-05,0.0904535606712189,652.95
14,"VNIR_Plant_Spectrum_X654.09",0.0228751009690406,3.04538035611391e-06,1.15480415173656e-05,7.46436837506963e-07,1.9036733431219e-06,1.55030367049626e-05,0.0929984566786198,654.09
14,"VNIR_Plant_Spectrum_X655.23",0.0226739647115544,3.19103222869829e-06,1.06951928431397e-05,8.29720944736167e-08,2.13359192286533e-06,1.57850158646402e-05,0.100070614246413,655.23
14,"VNIR_Plant_Spectrum_X656.37",0.022485024900669,2.94054396247407e-06,1.06118894805994e-05,2.09548210671562e-07,1.85521187786333e-06,1.56828751170366e-05,0.0939468854040795,656.37
14,"VNIR_Plant_Spectrum_X657.51",0.0223467871350167,3.13702108733166e-06,1.04901275851957e-05,6.42063562809224e-07,1.42119169500326e-06,1.53500631488066e-05,0.101062302939351,657.51
14,"VNIR_Plant_Spectrum_X658.65",0.0221303220448586,3.0345741249494e-06,1.00743626758021e-05,2.41383221324263e-07,1.91822987473897e-06,1.53558550452906e-05,0.0990900600578588,658.65
14,"VNIR_Plant_Spectrum_X659.79",0.0218398682351759,2.75677193246878e-06,9.97366454707735e-06,5.73680307645194e-07,1.75094899344817e-06,1.51385027221353e-05,0.091303283088762,659.79
14,"VNIR_Plant_Spectrum_X660.94",0.021703738931352,2.9323126309176e-06,9.61391490979417e-06,3.09915334977996e-07,2.12932269745959e-06,1.48807992271661e-05,0.0981814314753757,660.94
14,"VNIR_Plant_Spectrum_X662.08",0.0213460051268295,2.93219045264755e-06,9.74445671962611e-06,4.75943186864398e-07,1.57262421671867e-06,1.49150485271353e-05,0.0989259252679024,662.08
14,"VNIR_Plant_Spectrum_X663.22",0.0212203801241606,2.44392390308798e-06,9.05243515384846e-06,1.24463728602737e-06,6.9285925353646e-07,1.50597180514085e-05,0.0857710560734578,663.22
14,"VNIR_Plant_Spectrum_X664.36",0.0209367162240678,2.6071959589013e-06,8.69483227124379e-06,3.54149260785058e-07,1.56761897684788e-06,1.47442537030494e-05,0.0932205120834908,664.36
14,"VNIR_Plant_Spectrum_X665.5",0.0208101745672059,2.63867758592292e-06,8.78087028424813e-06,2.95938841791545e-07,1.53884146305855e-06,1.44825679145692e-05,0.0951324033302061,665.5
14,"VNIR_Plant_Spectrum_X666.64",0.0206555080368756,2.57612275628986e-06,8.3794179473323e-06,3.24765268426597e-07,1.44606805268373e-06,1.42444196396361e-05,0.0955152743500167,666.64
14,"VNIR_Plant_Spectrum_X667.78",0.020599802572412,2.52854604881731e-06,8.13058025537452e-06,6.60910620758022e-07,1.33990709573503e-06,1.43981241086106e-05,0.0934488758301145,667.78
14,"VNIR_Plant_Spectrum_X668.92",0.020465631224388,2.65784183125643e-06,8.3982932713224e-06,4.11252787515721e-07,1.52107472015123e-06,1.40593994803092e-05,0.0982643959939643,668.92
14,"VNIR_Plant_Spectrum_X670.07",0.0204159748516285,2.43108906707112e-06,8.06771263693917e-06,2.98348810807111e-07,1.57403823174173e-06,1.42481150138643e-05,0.0913280485827572,670.07
14,"VNIR_Plant_Spectrum_X671.21",0.0203904731245909,2.69051931631681e-06,8.39961171847313e-06,2.87344399630159e-07,1.13945154502076e-06,1.45540908113179e-05,0.099387445906643,671.21
14,"VNIR_Plant_Spectrum_X672.35",0.0203143569839834,2.45231695724195e-06,8.50916563276116e-06,3.96506894274561e-07,1.41682567791363e-06,1.43395392693601e-05,0.0904434941806444,672.35
14,"VNIR_Plant_Spectrum_X673.49",0.0204282976914749,2.27445596549667e-06,8.0295751636725e-06,9.89206932080929e-07,9.65722454795185e-07,1.41087162916582e-05,0.0862592477177274,673.49
14,"VNIR_Plant_Spectrum_X674.63",0.0204582113633448,2.50403978017032e-06,8.36057753569661e-06,1.0958891003859e-07,1.69674754827972e-06,1.41365527202572e-05,0.0934081571775219,674.63
14,"VNIR_Plant_Spectrum_X675.77",0.0203997321797185,2.28080095258204e-06,8.14151819901658e-06,5.65068310613275e-07,1.13585959850888e-06,1.40772159033733e-05,0.087051933231398,675.77
14,"VNIR_Plant_Spectrum_X676.91",0.0204764324599992,2.3861319019096e-06,8.17114532021255e-06,3.65876103402681e-07,1.41883508255444e-06,1.41319235897844e-05,0.0901314434414586,676.91
14,"VNIR_Plant_Spectrum_X678.05",0.0205551636628764,2.08539144553742e-06,7.96911627141917e-06,1.13925698349736e-06,6.98386829915318e-07,1.42103915081775e-05,0.0798922711269099,678.05
14,"VNIR_Plant_Spectrum_X679.2",0.0205826841000899,2.28254350387222e-06,8.39035235039935e-06,5.8980240841894e-07,1.4354008838248e-06,1.40799544576572e-05,0.0852393358237416,679.2
14,"VNIR_Plant_Spectrum_X680.34",0.0207125025357988,2.28329151914098e-06,8.38464021073446e-06,4.33213553508659e-07,1.35665567070529e-06,1.44924502436951e-05,0.0847224577754097,680.34
14,"VNIR_Plant_Spectrum_X681.48",0.0209042058555456,2.46114895741215e-06,8.54795876519399e-06,7.85622410549553e-07,9.59100532079859e-07,1.44705672094936e-05,0.0904023284091324,681.48
14,"VNIR_Plant_Spectrum_X682.62",0.0212250552838809,2.37981761184933e-06,8.81831570607077e-06,8.76740192585436e-07,1.35783982954371e-06,1.44334004469696e-05,0.0854018479231914,682.62
14,"VNIR_Plant_Spectrum_X683.76",0.0215263855992687,2.51847803122531e-06,8.97190713768294e-06,6.30223093578401e-07,1.47132471412032e-06,1.46311404577021e-05,0.0892347191416706,683.76
14,"VNIR_Plant_Spectrum_X684.9",0.0220294620760345,2.43324399516881e-06,9.49303175306701e-06,6.12347816983326e-07,1.42142729930682e-06,1.52616184293709e-05,0.083268480342326,684.9
14,"VNIR_Plant_Spectrum_X686.04",0.0225479953887146,2.47347348459177e-06,9.84737261266421e-06,8.81946873338952e-07,1.45535814823911e-06,1.57129248687097e-05,0.0814417469307386,686.04
14,"VNIR_Plant_Spectrum_X687.18",0.0233584553960257,2.9896595355013e-06,1.03093752866386e-05,3.6349793483972e-07,2.09438628763581e-06,1.58469138690015e-05,0.0945980047316718,687.18
14,"VNIR_Plant_Spectrum_X688.33",0.0244335003892766,2.90545557804359e-06,1.21841932777697e-05,1.7188893018857e-06,1.38744193083451e-06,1.70075033549673e-05,0.082533184044319,688.33
14,"VNIR_Plant_Spectrum_X689.47",0.0256300129365244,3.10004261584431e-06,1.29686376342939e-05,1.39732627219032e-06,1.93945531304401e-06,1.82784296019072e-05,0.082264397269161,689.47
14,"VNIR_Plant_Spectrum_X690.61",0.0272506797587609,3.41404740021658e-06,1.52448987143897e-05,7.30916440508073e-07,3.21660805751868e-06,1.88132947280453e-05,0.0824255611333376,690.61
14,"VNIR_Plant_Spectrum_X691.75",0.0290165444802104,3.99602073230392e-06,1.76056613931371e-05,3.91597726778436e-07,4.0742406781618e-06,2.09176919918773e-05,0.0850484762713558,691.75
14,"VNIR_Plant_Spectrum_X692.89",0.0310481599519754,4.07896893701577e-06,2.06131285745904e-05,2.13842541224928e-06,2.7303491168536e-06,2.30987960819102e-05,0.077459070336672,692.89
14,"VNIR_Plant_Spectrum_X694.03",0.0333531810826943,4.29862195650095e-06,2.41704567648702e-05,6.94303577775427e-09,5.41893901630291e-06,2.48778819658107e-05,0.0731395957070033,694.03
14,"VNIR_Plant_Spectrum_X695.17",0.0356866860551769,4.73925328583481e-06,2.98112187604108e-05,1.74979557372523e-06,4.54224360925917e-06,2.78275286150192e-05,0.0690148614531741,695.17
14,"VNIR_Plant_Spectrum_X696.31",0.0382784613631321,5.052310799761e-06,3.63138048976049e-05,1.10634750173129e-06,5.44674056695926e-06,3.19737232948028e-05,0.0632385241801487,696.31
14,"VNIR_Plant_Spectrum_X697.45",0.0408966727150264,5.44382370185204e-06,4.34669457069515e-05,6.47802688685607e-07,7.04373415782345e-06,3.54050650212866e-05,0.0591672561265383,697.45
14,"VNIR_Plant_Spectrum_X698.6",0.0434505344291588,6.1175625566582e-06,4.91247595730536e-05,5.78171001924806e-07,7.07784556077524e-06,3.93521307365209e-05,0.0598291879814801,698.6
14,"VNIR_Plant_Spectrum_X699.74",0.0462362009961293,6.0063327619226e-06,5.78970800521391e-05,4.93703442920179e-07,8.75499800359356e-06,4.46152455304969e-05,0.0510016762928052,699.74
14,"VNIR_Plant_Spectrum_X700.88",0.0487763239139981,6.32779780410624e-06,6.70315327765835e-05,0,9.89761130685746e-06,4.84336644458492e-05,0.0480504872768706,700.88
14,"VNIR_Plant_Spectrum_X702.02",0.0514487124279558,7.52534715273378e-06,7.65280561231875e-05,0,9.54032273338334e-06,5.33269317442302e-05,0.0512204836800952,702.02
14,"VNIR_Plant_Spectrum_X703.16",0.0539103279012965,7.86379051024065e-06,8.8514170876244e-05,1.61838009142846e-25,1.1093654388924e-05,5.83203627749017e-05,0.0474316705729786,703.16
14,"VNIR_Plant_Spectrum_X704.3",0.0562553695780026,8.35433836427959e-06,9.74465051763091e-05,0,1.10019203177169e-05,6.33062209196034e-05,0.0463849061976628,704.3
14,"VNIR_Plant_Spectrum_X705.44",0.0585023784541718,8.50726377484635e-06,0.000108266199193855,0,1.23224777603416e-05,6.83593251964828e-05,0.0430845120031138,705.44
14,"VNIR_Plant_Spectrum_X706.58",0.0608426485188619,9.15281839311585e-06,0.00011933307918404,0,1.27308435815856e-05,7.25888321392968e-05,0.0428090729906142,706.58
14,"VNIR_Plant_Spectrum_X707.73",0.0629509982545336,9.23108844031176e-06,0.000127759167222543,8.29170404905545e-18,1.33971811310471e-05,7.89835868514441e-05,0.040245224935581,707.73
14,"VNIR_Plant_Spectrum_X708.87",0.0651803264412635,1.00300609584035e-05,0.000140221415438489,0,1.24850493931128e-05,8.73427746092399e-05,0.0401075216636914,708.87
14,"VNIR_Plant_Spectrum_X710",0.0672977175633942,9.8575494230662e-06,0.000151310297290647,0,1.50730968340689e-05,9.14941936013378e-05,0.0368182881336784,710
14,"VNIR_Plant_Spectrum_X711.15",0.069488587449106,1.00239845741877e-05,0.000164285119663633,0,1.45714056492798e-05,9.87564277819371e-05,0.0348494343439351,711.15
14,"VNIR_Plant_Spectrum_X712.29",0.0716202848768267,1.10131842551734e-05,0.000175418329255701,1.05381994981395e-17,1.54924170865347e-05,0.000104473880581692,0.0359440696158741,712.29
14,"VNIR_Plant_Spectrum_X713.43",0.0738229503663961,1.16645972334215e-05,0.000189678364848891,0,1.79799889104338e-05,0.000109254125460971,0.0355003378790624,713.43
14,"VNIR_Plant_Spectrum_X714.57",0.0759341399475131,1.29299830230995e-05,0.000203953692116973,0,1.52387659125358e-05,0.000117296138155715,0.0370042802314489,714.57
14,"VNIR_Plant_Spectrum_X715.71",0.0778861183815554,1.18648408008048e-05,0.000218629362425617,0,1.70064917637411e-05,0.000125452451427581,0.0318132208154507,715.71
14,"VNIR_Plant_Spectrum_X716.86",0.0798135188483717,1.37601686802776e-05,0.000227877443855986,5.84339214209669e-17,1.79393643030477e-05,0.000131309651018898,0.0352024543680909,716.86
14,"VNIR_Plant_Spectrum_X718",0.0819724405653067,1.40268176955591e-05,0.000241124884376359,5.47334287031176e-18,1.82861084058814e-05,0.000139121241860307,0.0339995392564153,718
14,"VNIR_Plant_Spectrum_X719.14",0.084108073961418,1.39625292238145e-05,0.000257162903439706,0,1.91372080375324e-05,0.000145994072133,0.0320053051633517,719.14
14,"VNIR_Plant_Spectrum_X720.28",0.0861199469005338,1.39621042940036e-05,0.000265449919378564,0,2.18503852643473e-05,0.000151345811467339,0.0308481014364547,720.28
14,"VNIR_Plant_Spectrum_X721.42",0.0881402926461151,1.50318977090554e-05,0.000281156583656594,0,2.09754406853715e-05,0.000160057756791125,0.0314987737889997,721.42
14,"VNIR_Plant_Spectrum_X722.56",0.0898343511269373,1.5146704315104e-05,0.000294196179780091,2.12852187946276e-16,2.21140597745826e-05,0.000166722288739187,0.0304041263136847,722.56
14,"VNIR_Plant_Spectrum_X723.7",0.0917552299721179,1.55524466724556e-05,0.000312922278172744,0,2.19176986238772e-05,0.000174178893390771,0.0296479166370638,723.7
14,"VNIR_Plant_Spectrum_X724.84",0.0933230168702095,1.63098518327314e-05,0.000316724597890083,2.49339872612886e-20,2.35078285110126e-05,0.000181337309649104,0.0303224963358922,724.84
14,"VNIR_Plant_Spectrum_X725.98",0.0950477093547636,1.79476680183819e-05,0.000330221649831091,0,2.3242275430403e-05,0.000188589992368821,0.0320493164275447,725.98
14,"VNIR_Plant_Spectrum_X727.13",0.0965793659625348,1.79690142126047e-05,0.000340253224971902,0,2.25157795090521e-05,0.000198172731146279,0.0310393514329731,727.13
14,"VNIR_Plant_Spectrum_X728.27",0.0982091811135212,1.74195114193092e-05,0.000351502028616493,0,2.64893772014493e-05,0.000200883900724235,0.029212917661871,728.27
14,"VNIR_Plant_Spectrum_X729.41",0.0994316992184299,1.74877668867697e-05,0.000362758391006237,1.51926314941428e-17,2.70316452260407e-05,0.000210063359272483,0.0283275568715085,729.41
14,"VNIR_Plant_Spectrum_X730.55",0.100797177915232,1.8491370087388e-05,0.000370788761001394,6.13202214422139e-17,2.55140167434372e-05,0.000212485702109858,0.0294786610618748,730.55
14,"VNIR_Plant_Spectrum_X731.69",0.102059423858703,1.88349056512616e-05,0.000376800737094199,2.01964203120247e-07,2.64315931156797e-05,0.000217117362075555,0.0294577752591912,731.69
14,"VNIR_Plant_Spectrum_X732.83",0.103234105289195,2.04136803789945e-05,0.000385022389916584,0,2.84274365331046e-05,0.000222426808600518,0.031104649724481,732.83
14,"VNIR_Plant_Spectrum_X733.97",0.104443808427509,2.0324005878962e-05,0.000395503099678636,0,2.39515150050138e-05,0.000231655833941437,0.0302695307674883,733.97
14,"VNIR_Plant_Spectrum_X735.11",0.105345771783563,2.16320028294171e-05,0.000402995097581942,0,2.67135794691669e-05,0.000234213789888798,0.0315540249291873,735.11
14,"VNIR_Plant_Spectrum_X736.25",0.106433867023647,2.16803899128635e-05,0.000406780347342135,0,2.68083802416558e-05,0.00023869964492593,0.0312411611110262,736.25
14,"VNIR_Plant_Spectrum_X737.4",0.107506328487882,2.1600545053742e-05,0.000415002507990309,0,2.98034048081133e-05,0.00024130889609108,0.0305215153710997,737.4
14,"VNIR_Plant_Spectrum_X738.54",0.108526902995476,2.1437512744567e-05,0.000426164976235149,1.20474903755453e-06,2.89820576925499e-05,0.000246055649250008,0.0296161669620511,738.54
14,"VNIR_Plant_Spectrum_X739.68",0.109266306172153,2.28189095997927e-05,0.000426480229041822,0,2.65087950490574e-05,0.000253793137283826,0.0312758718532505,739.68
14,"VNIR_Plant_Spectrum_X740.82",0.110102413416717,2.32420160988344e-05,0.000432356613680344,1.20872464060964e-06,2.63514993477237e-05,0.0002564397584995,0.0314251753766725,740.82
14,"VNIR_Plant_Spectrum_X741.96",0.110906559893578,2.41394845770576e-05,0.000431746186216649,3.77305371171883e-07,2.82651270383704e-05,0.00025759480103987,0.0325276102368477,741.96
14,"VNIR_Plant_Spectrum_X743.1",0.111660006781556,2.30442822949571e-05,0.000433557707349054,2.51239698402416e-06,3.00626153332032e-05,0.000259950568461945,0.0307614927080302,743.1
14,"VNIR_Plant_Spectrum_X744.24",0.112419325761001,2.29001869149456e-05,0.000435356970423732,1.79297865336909e-07,3.29807894956445e-05,0.000260956085094752,0.030437265660657,744.24
14,"VNIR_Plant_Spectrum_X745.39",0.113069049472485,2.39468808297773e-05,0.000441459389630349,2.70305146195103e-06,2.80645183977963e-05,0.000263336292864993,0.0315293763486215,745.39
14,"VNIR_Plant_Spectrum_X746.53",0.11356619003491,2.28281228452152e-05,0.000439206914083069,0,3.25445282543353e-05,0.000267055637639833,0.029972515399261,746.53
14,"VNIR_Plant_Spectrum_X747.67",0.114161769521051,2.38830913520556e-05,0.00044651285118584,0,3.48744720210821e-05,0.000264885564514886,0.0310107199073826,747.67
14,"VNIR_Plant_Spectrum_X748.81",0.114637875041325,2.42381003537504e-05,0.000447720452391597,1.30177460646926e-06,3.33799675934224e-05,0.000266185792914955,0.0313629427558029,748.81
14,"VNIR_Plant_Spectrum_X749.95",0.115237964281214,2.35999738025529e-05,0.000446045124407718,2.50032095302362e-06,3.03578189310847e-05,0.000270790760899361,0.0305187597902773,749.95
14,"VNIR_Plant_Spectrum_X751.09",0.11585098626311,2.4502114263697e-05,0.000444305705156742,7.39401040723973e-18,3.15909250222283e-05,0.000273009864624466,0.0316806846684195,751.09
14,"VNIR_Plant_Spectrum_X752.23",0.116288782772832,2.36917643756538e-05,0.000444725523836114,2.52790462998408e-16,3.44672018731082e-05,0.000273934209684395,0.0304984475562741,752.23
14,"VNIR_Plant_Spectrum_X753.37",0.116841477179342,2.47242054513224e-05,0.000443349140686171,0,3.10208709148677e-05,0.000275002665207719,0.0319394200104988,753.37
14,"VNIR_Plant_Spectrum_X754.52",0.117430505491461,2.44174388371959e-05,0.000449212892421212,3.53500098928559e-06,3.1300732331616e-05,0.000270474776831287,0.0313469746854947,754.52
14,"VNIR_Plant_Spectrum_X755.66",0.1180136002846,2.37344800937804e-05,0.000443469928856726,1.10664728724522e-06,3.32440420392583e-05,0.000275108560581335,0.030559534778116,755.66
14,"VNIR_Plant_Spectrum_X756.8",0.118533894353652,2.45210911113069e-05,0.000439797426136478,2.13774831629974e-06,3.35144589686301e-05,0.000273336172389649,0.0317093914575144,756.8
14,"VNIR_Plant_Spectrum_X757.94",0.11917797544556,2.49380989834617e-05,0.000430892359676322,1.05537121078054e-06,3.15588333021564e-05,0.000278716338526885,0.0325069951786035,757.94
14,"VNIR_Plant_Spectrum_X759.08",0.119472650279763,2.50558433492056e-05,0.000429600791171586,0,3.35045612173337e-05,0.000276334137003885,0.0327743575089438,759.08
14,"VNIR_Plant_Spectrum_X760.22",0.120240048063837,2.53034522054781e-05,0.000419927394404643,4.01152990047379e-06,3.15947482798518e-05,0.000279159717915772,0.0332941543748746,760.22
14,"VNIR_Plant_Spectrum_X761.36",0.121083638870898,2.50768760727347e-05,0.000431661461363452,5.82013516986004e-07,3.30205441959168e-05,0.000284586179933948,0.0323603044454829,761.36
14,"VNIR_Plant_Spectrum_X762.5",0.12176480504991,2.42558680155795e-05,0.000434876776959649,0,3.38247180034749e-05,0.000285679591027398,0.0311517041296109,762.5
14,"VNIR_Plant_Spectrum_X763.64",0.122347067014493,2.42090895277769e-05,0.000427396857712663,0,3.87825329957857e-05,0.000281653757996382,0.0313572086200846,763.64
14,"VNIR_Plant_Spectrum_X764.79",0.123054734047756,2.39228681410257e-05,0.000428523820096964,3.1912274128332e-06,2.85652871332581e-05,0.000293622985277686,0.0307560590118958,764.79
14,"VNIR_Plant_Spectrum_X765.93",0.123789176109135,2.57121826109664e-05,0.000424407794288541,3.3557803081033e-06,3.13097492648959e-05,0.000288774037305367,0.0332387892021789,765.93
14,"VNIR_Plant_Spectrum_X767.07",0.124496090661068,2.52206101999364e-05,0.000428141638113531,2.19185453222871e-06,3.42760658042086e-05,0.00029039246326761,0.0323248892921152,767.07
14,"VNIR_Plant_Spectrum_X768.21",0.125133245905769,2.3528809504493e-05,0.00042004914289143,5.15672210831178e-06,3.25465332814051e-05,0.000295428842039153,0.0302929124063742,768.21
14,"VNIR_Plant_Spectrum_X769.35",0.125759982534631,2.45578247323542e-05,0.000420930546061209,0,3.77655832931319e-05,0.000297227824199947,0.0314649558971959,769.35
14,"VNIR_Plant_Spectrum_X770.49",0.126279613943608,2.35060981341994e-05,0.000421925695263523,4.88982140115561e-06,3.6148276170235e-05,0.000296208332213592,0.0300329016931295,770.49
14,"VNIR_Plant_Spectrum_X771.63",0.127052963034329,2.35964371994041e-05,0.000420341492878513,8.52793674943349e-14,3.73307376232516e-05,0.000301916808440546,0.030128798242123,771.63
14,"VNIR_Plant_Spectrum_X772.77",0.127413844464591,2.51206372982453e-05,0.00042403363388937,4.61607785717519e-06,3.2240658798209e-05,0.00030315532143808,0.0318318665738436,772.77
14,"VNIR_Plant_Spectrum_X773.92",0.128184736383451,2.44528818015839e-05,0.000414505749381769,1.41478838899059e-06,3.84722312720847e-05,0.000304362065820844,0.0312214515782593,773.92
14,"VNIR_Plant_Spectrum_X775.06",0.128992524712001,2.49885651761049e-05,0.000417858784362428,0,3.4198009950988e-05,0.000307695957682993,0.031843060419121,775.06
14,"VNIR_Plant_Spectrum_X776.2",0.129440950918866,2.51218304412041e-05,0.000418818253046192,1.23887888689238e-06,3.88730912117254e-05,0.000305196483838675,0.031830062711521,776.2
14,"VNIR_Plant_Spectrum_X777.34",0.129926182393839,2.47608677603515e-05,0.000414951571223692,3.90308135291321e-07,3.95937034986796e-05,0.000308132559778649,0.0314292409058212,777.34
14,"VNIR_Plant_Spectrum_X778.48",0.13022624273165,2.09644094717099e-05,0.000409090706646488,3.9819076518697e-06,3.86998335930516e-05,0.000309221757632224,0.0268101266098779,778.48
14,"VNIR_Plant_Spectrum_X779.62",0.130529572110134,2.3993422081289e-05,0.000404135883141446,4.8909151882099e-06,3.857756507562e-05,0.000307670245438809,0.030789691260396,779.62
14,"VNIR_Plant_Spectrum_X780.76",0.131123893785274,2.39371067955107e-05,0.000411938925110095,1.99683231555182e-07,4.23595468563932e-05,0.000312292209616938,0.0302722589702839,780.76
14,"VNIR_Plant_Spectrum_X781.9",0.131688999559651,2.24907355155529e-05,0.00041126595854646,5.89901722299397e-06,4.01237756003514e-05,0.000311759561216542,0.0284139305186337,781.9
14,"VNIR_Plant_Spectrum_X783.05",0.132078048920906,2.56317416801e-05,0.000415015117433842,3.07304317084557e-06,4.04254967291009e-05,0.000312155664055668,0.0321885061678752,783.05
14,"VNIR_Plant_Spectrum_X784.19",0.132939937419909,2.37059770588042e-05,0.000416829907059196,7.6903011234755e-06,3.64044698845661e-05,0.000317971628561027,0.0295363937290353,784.19
14,"VNIR_Plant_Spectrum_X785.33",0.13332697667563,2.40005810789009e-05,0.000413935665521729,0,4.39301597563596e-05,0.000320503958707577,0.0299120981081718,785.33
14,"VNIR_Plant_Spectrum_X786.47",0.133769449382822,2.51806428080798e-05,0.000406977907531636,3.31045513211475e-15,4.03734158576275e-05,0.000325706473938593,0.031545264599995,786.47
14,"VNIR_Plant_Spectrum_X787.61",0.134133214039061,2.33129555554405e-05,0.000406963632615052,1.00250107501041e-11,4.21060476955926e-05,0.000323640450861539,0.029286782821435,787.61
14,"VNIR_Plant_Spectrum_X788.75",0.13451475586367,2.4102944793552e-05,0.000410593809069367,0,4.33812793554796e-05,0.000323721843650579,0.0300610482601641,788.75
14,"VNIR_Plant_Spectrum_X789.89",0.134914912012548,2.56704664687285e-05,0.000395723808715276,1.66380330736726e-06,4.04585659150953e-05,0.000319344546045647,0.0327905723029946,789.89
14,"VNIR_Plant_Spectrum_X791.03",0.135299231651417,2.35598846274631e-05,0.000408759725515221,1.0978268094311e-15,4.31563585085522e-05,0.000324228626761172,0.0294607343293819,791.03
14,"VNIR_Plant_Spectrum_X792.17",0.135677533697149,2.26137044866608e-05,0.000405987101479048,4.468499663891e-06,4.48838611824058e-05,0.000318325654720051,0.028399228856987,792.17
14,"VNIR_Plant_Spectrum_X793.32",0.136028625854898,2.44355323805838e-05,0.000401675479904692,4.63988940406706e-11,4.82907505106099e-05,0.000320859431835767,0.0307264218597134,793.32
14,"VNIR_Plant_Spectrum_X794.46",0.136278279471343,2.40982413770183e-05,0.000399151350076856,0,4.7059452193914e-05,0.0003197903700949,0.0305002648500463,794.46
14,"VNIR_Plant_Spectrum_X795.6",0.136776915423072,2.32088506492933e-05,0.000408005384233332,3.68510639850788e-09,5.15467859827312e-05,0.0003178252910184,0.028989683529082,795.6
14,"VNIR_Plant_Spectrum_X796.74",0.136839535439628,2.2794298588021e-05,0.000397545516497906,3.64715951681128e-06,4.81777348843534e-05,0.000318922480742148,0.0288138891256926,796.74
14,"VNIR_Plant_Spectrum_X797.88",0.137167373360062,2.2919725197491e-05,0.000403933437778678,5.5247996320701e-06,4.19913982120894e-05,0.000321329191073123,0.0288045330017894,797.88
14,"VNIR_Plant_Spectrum_X799.02",0.137396761355941,2.21899568526116e-05,0.000393180767182154,2.27571025250687e-17,4.67680342481029e-05,0.000320917162517838,0.0283376400882338,799.02
14,"VNIR_Plant_Spectrum_X800.16",0.137519415267501,2.2658375128261e-05,0.000396582628635873,0,4.84384930869484e-05,0.000324403146833155,0.0286060745162517,800.16
14,"VNIR_Plant_Spectrum_X801.3",0.138247742456537,2.30552762206251e-05,0.000395040772189333,7.51212206230102e-07,4.58384031955897e-05,0.000323437287617793,0.0292534003467419,801.3
14,"VNIR_Plant_Spectrum_X802.45",0.138436209716264,2.25884581967868e-05,0.000401300946615779,7.78730473392079e-06,4.0117019294251e-05,0.000321284868287942,0.0284819919218193,802.45
14,"VNIR_Plant_Spectrum_X803.59",0.138574047432234,2.22178550967207e-05,0.000387515782276411,1.62243250527154e-06,4.90331615112572e-05,0.000319275937161995,0.0284966624044443,803.59
14,"VNIR_Plant_Spectrum_X804.73",0.139230546387088,2.05407860594262e-05,0.000387451199594497,1.76008659315061e-06,4.74466231770459e-05,0.000320772965649543,0.0264030003754613,804.73
14,"VNIR_Plant_Spectrum_X805.87",0.139366888241022,2.21047439985863e-05,0.000382929895708813,9.13574852495039e-07,4.45330786325769e-05,0.000324552445853835,0.0285210086799404,805.87
14,"VNIR_Plant_Spectrum_X807.01",0.139427188992338,2.26070027713511e-05,0.000385510614181905,7.85218404852379e-06,4.09611064410381e-05,0.000321574856999093,0.0290389664456208,807.01
14,"VNIR_Plant_Spectrum_X808.15",0.13960670874517,2.26392227879602e-05,0.000378467807751167,1.75764906418346e-13,5.07289440963372e-05,0.000320823108443072,0.0293004033455582,808.15
14,"VNIR_Plant_Spectrum_X809.29",0.140078610734968,2.06302976191568e-05,0.000389078834853826,2.85486985523638e-06,5.03233173793581e-05,0.00031840602945964,0.0264053158025045,809.29
14,"VNIR_Plant_Spectrum_X810.43",0.140189164923956,2.24701742941661e-05,0.00037890194786134,1.78147217236957e-06,4.21601801864983e-05,0.000325371501412995,0.0291560965234838,810.43
14,"VNIR_Plant_Spectrum_X811.58",0.140238645101014,2.34300801154761e-05,0.000389647954975925,2.66292938661545e-09,5.30855366669498e-05,0.000317316738259401,0.029905027836587,811.58
14,"VNIR_Plant_Spectrum_X812.72",0.140303486304068,2.15291797691999e-05,0.000390366468194957,5.13208567032086e-07,4.96617128359186e-05,0.000323711876762826,0.0273983974511438,812.72
14,"VNIR_Plant_Spectrum_X813.86",0.140231324984487,2.25947976387825e-05,0.000381728418357746,1.27337911415549e-18,5.59870734951573e-05,0.000322282080103682,0.0288717326115317,813.86
14,"VNIR_Plant_Spectrum_X815",0.141062253202207,2.07713260829373e-05,0.000385061157945542,4.22481201074667e-06,4.90727312731058e-05,0.000321847966537445,0.0265965574529783,815
14,"VNIR_Plant_Spectrum_X816.14",0.140783728643652,2.11036764878827e-05,0.000382990877164266,4.29101102378534e-06,4.82147509580783e-05,0.000322913952174954,0.0270728546729494,816.14
14,"VNIR_Plant_Spectrum_X817.28",0.141227439112124,1.98515862893699e-05,0.000381305324722285,4.36552034552315e-06,5.2554848002024e-05,0.000321090658962379,0.0254779301265046,817.28
14,"VNIR_Plant_Spectrum_X818.42",0.141520609353478,2.07866629949764e-05,0.000375913844303396,6.52695595118925e-06,5.31536259949587e-05,0.000316204561967362,0.0269053184748776,818.42
14,"VNIR_Plant_Spectrum_X819.56",0.141645976201368,1.91477496315734e-05,0.000386557263858965,1.05176094576099e-05,5.11339343788077e-05,0.000322214315400225,0.0242508307904483,819.56
14,"VNIR_Plant_Spectrum_X820.71",0.141795396958419,2.08535256086338e-05,0.000376155276661703,2.14294042099923e-06,5.20560087894552e-05,0.000331200526679118,0.0266529971508964,820.71
14,"VNIR_Plant_Spectrum_X821.85",0.141905615856303,1.95857560140465e-05,0.000379935066095919,3.56666432188376e-06,4.88417255476017e-05,0.000324948783535664,0.0252108518031329,821.85
14,"VNIR_Plant_Spectrum_X822.99",0.141995367291616,2.13357651443379e-05,0.000374506111489808,4.15431831829207e-06,5.16349982644498e-05,0.000321123309216938,0.0276100172527497,822.99
14,"VNIR_Plant_Spectrum_X824.13",0.142254836084156,2.06611402333331e-05,0.000382734161155422,6.80820371467156e-06,5.26294727354344e-05,0.000325396019617049,0.0262121037160762,824.13
14,"VNIR_Plant_Spectrum_X825.27",0.142532553272753,2.1856436913656e-05,0.000381203606750026,7.30286180321929e-07,5.6056708240104e-05,0.000327064296221553,0.0277749677261177,825.27
14,"VNIR_Plant_Spectrum_X826.41",0.142669092693521,2.2676973650592e-05,0.000376783374965406,1.46246939851333e-06,5.03970398104439e-05,0.000332908997708391,0.0289162704108479,826.41
14,"VNIR_Plant_Spectrum_X827.55",0.142800236676036,2.07426195989196e-05,0.000371355879556139,2.29382341743272e-06,5.51205740662866e-05,0.00032218809822476,0.0268790888400857,827.55
14,"VNIR_Plant_Spectrum_X828.69",0.142972476896122,2.18367154912505e-05,0.000381762486689433,3.72863983245575e-06,5.30144750986048e-05,0.000323590528554893,0.0278553394107133,828.69
14,"VNIR_Plant_Spectrum_X829.83",0.142977251408065,2.11194761693744e-05,0.000371451242204819,5.84574062581839e-06,4.8404825913764e-05,0.000324904733750028,0.0273665467518401,829.83
14,"VNIR_Plant_Spectrum_X830.98",0.1427903764525,1.98971825177097e-05,0.00037045515699216,2.07225094447956e-06,5.81087035471911e-05,0.000325436931940609,0.025641682957038,830.98
14,"VNIR_Plant_Spectrum_X832.12",0.143356049803106,2.06681683600712e-05,0.000362821348012088,7.82330502437053e-06,4.89894379561061e-05,0.000330143469272422,0.0268262482251096,832.12
14,"VNIR_Plant_Spectrum_X833.25",0.143121708331587,2.25646074886271e-05,0.000373495723989615,1.73631108168325e-14,5.80462841279925e-05,0.000322885186430881,0.0290409852831948,833.25
14,"VNIR_Plant_Spectrum_X834.4",0.142890578200024,1.89591279146881e-05,0.000359263339269714,7.60187254743379e-06,5.16813318402643e-05,0.000323381138905416,0.0249171462215119,834.4
14,"VNIR_Plant_Spectrum_X835.54",0.143276048937885,2.14794521421596e-05,0.000358185578386272,0,5.86597381828482e-05,0.000326656690781295,0.0280783957253124,835.54
14,"VNIR_Plant_Spectrum_X836.68",0.142942782793463,2.21804504773464e-05,0.000368906103879161,5.51210359443177e-07,5.85132638631274e-05,0.000318888844403606,0.0288417431352689,836.68
14,"VNIR_Plant_Spectrum_X837.82",0.14291327286995,2.02230907214229e-05,0.000355775409616276,0,5.73565612357015e-05,0.000323724641285896,0.0267119705429236,837.82
14,"VNIR_Plant_Spectrum_X838.96",0.142979471439539,2.0817538766897e-05,0.000361175925394162,6.69788965048795e-16,5.24353032570755e-05,0.000329147944672569,0.0272631923384351,838.96
14,"VNIR_Plant_Spectrum_X840.11",0.143002944654248,2.11454046328646e-05,0.000369763858819262,2.10058965611998e-06,5.67350709175925e-05,0.000321329017057012,0.027423316372447,840.11
14,"VNIR_Plant_Spectrum_X841.25",0.142802657685873,2.35162992957766e-05,0.000358481896887387,2.56741805804148e-06,4.88386194062991e-05,0.000326499071473414,0.0309464363917126,841.25
14,"VNIR_Plant_Spectrum_X842.39",0.142974548754481,1.91178727477312e-05,0.000358483680190676,1.62049753446326e-06,5.55560942007837e-05,0.00032299559558328,0.0252289987526475,842.39
14,"VNIR_Plant_Spectrum_X843.53",0.142366884488706,2.21169802613649e-05,0.000366006077708098,0,5.42175556234783e-05,0.000319728791827065,0.0290222650378876,843.53
14,"VNIR_Plant_Spectrum_X844.67",0.142643522672087,1.84568257946917e-05,0.000358652921798149,6.10695121866016e-06,5.28413147214752e-05,0.00031874099110872,0.0244526366372901,844.67
14,"VNIR_Plant_Spectrum_X845.81",0.142451596456076,1.83897375359658e-05,0.000350151127836973,3.54311689020611e-06,5.81460012505889e-05,0.000319373970047176,0.0245326047823085,845.81
14,"VNIR_Plant_Spectrum_X846.95",0.142529239533322,1.86227440994677e-05,0.00034997007991776,5.23347448903082e-06,4.95562608793299e-05,0.000325256485636431,0.0248754646492155,846.95
14,"VNIR_Plant_Spectrum_X848.09",0.142537567546907,1.76438293208033e-05,0.000347776640585438,1.33758426172803e-06,5.43838453564421e-05,0.000322568948257549,0.0237240445980103,848.09
14,"VNIR_Plant_Spectrum_X849.24",0.142342760860503,1.96072960979789e-05,0.000347689122044057,8.51816203505192e-06,4.64892596804726e-05,0.000322076261861433,0.0263404355553029,849.24
14,"VNIR_Plant_Spectrum_X850.38",0.142121939963164,2.257210077271e-05,0.000342449964433194,3.07819298044462e-06,5.41681983884374e-05,0.000316962538849141,0.0305345702661799,850.38
14,"VNIR_Plant_Spectrum_X851.52",0.142490669593212,2.15076627009085e-05,0.000343923655507463,1.47693528765362e-16,5.426361934834e-05,0.000315912741457962,0.0292379529394162,851.52
14,"VNIR_Plant_Spectrum_X852.66",0.142837321009012,2.00335003464149e-05,0.000339322447900362,5.21128597704084e-06,5.13424630537166e-05,0.000326847247912728,0.0269718115409653,852.66
14,"VNIR_Plant_Spectrum_X853.8",0.1420007450422,2.2411515009777e-05,0.000348348272493333,6.73208849056865e-06,5.51419688687418e-05,0.000322616716211355,0.0296742778686765,853.8
14,"VNIR_Plant_Spectrum_X854.94",0.14261717486908,1.86027212836551e-05,0.000339112142498291,5.84911239086758e-06,5.40043497110428e-05,0.000318618235751591,0.0252690313204426,854.94
14,"VNIR_Plant_Spectrum_X856.08",0.142166268878047,1.84555789411906e-05,0.000345461477657935,8.94212871754203e-07,5.94400241367167e-05,0.000315892783711417,0.024935116697875,856.08
14,"VNIR_Plant_Spectrum_X857.22",0.142214411968138,1.65084571395931e-05,0.000339700693416332,1.13874641241224e-06,5.61701478337986e-05,0.000320232830374459,0.0224987222476837,857.22
14,"VNIR_Plant_Spectrum_X858.36",0.141854894314421,2.09372999590291e-05,0.000332638066453813,1.52691816901004e-06,5.92747945155515e-05,0.000308621458808212,0.0289589796677603,858.36
14,"VNIR_Plant_Spectrum_X859.5",0.14217862328373,1.80255271687126e-05,0.000338531279850511,5.53929769768457e-06,5.26901652643215e-05,0.00032198585962626,0.0244655388611341,859.5
14,"VNIR_Plant_Spectrum_X860.65",0.141799700266845,2.46161379301157e-05,0.000325955128635234,0,5.48370254095925e-05,0.000315249036901946,0.0341578957761782,860.65
14,"VNIR_Plant_Spectrum_X861.79",0.142020372718174,1.48327853211621e-05,0.000328926015191004,1.12447319366053e-05,5.43468882617396e-05,0.000308323728363342,0.0206678550987291,861.79
14,"VNIR_Plant_Spectrum_X862.93",0.141829183702729,1.73281229837857e-05,0.000341903639250442,5.40966776683424e-06,5.58826433480208e-05,0.000313444053886071,0.0236088221556166,862.93
14,"VNIR_Plant_Spectrum_X864.07",0.141845561281233,1.56188317230907e-05,0.000330166203282558,6.0139920447949e-06,5.77064689670514e-05,0.000312057667356842,0.021645827442258,864.07
14,"VNIR_Plant_Spectrum_X865.21",0.141323839955116,1.98069875640067e-05,0.00032380775798325,4.95322484028251e-06,5.17400212375506e-05,0.00031347663198431,0.0277492494358432,865.21
14,"VNIR_Plant_Spectrum_X866.35",0.141350401493845,1.66684633394441e-05,0.0003382532955179,1.95520417955654e-06,5.9305573849093e-05,0.000311322629609013,0.0229118143857999,866.35
14,"VNIR_Plant_Spectrum_X867.49",0.141008636292215,2.01644644177789e-05,0.000329367258915172,1.94869040492567e-06,5.08649866265524e-05,0.000315675065223192,0.0280834118025821,867.49
14,"VNIR_Plant_Spectrum_X868.64",0.140932518696106,1.98105903557613e-05,0.000322979239470924,2.1136985490096e-15,5.68524739671559e-05,0.000314585871878401,0.0277370608308146,868.64
14,"VNIR_Plant_Spectrum_X869.78",0.14111280258686,1.76721298904391e-05,0.000337183556290634,4.25825680880254e-06,5.67765795150565e-05,0.000311504661566482,0.024295087838668,869.78
14,"VNIR_Plant_Spectrum_X870.92",0.14106764590275,1.73911129003472e-05,0.000322256179753005,0,5.92550370673462e-05,0.000303941371257951,0.0247439265317901,870.92
14,"VNIR_Plant_Spectrum_X872.06",0.14073850084388,1.81338397333199e-05,0.000323281309419331,6.60025016694437e-06,5.76901459322665e-05,0.000296793889287454,0.025813315771865,872.06
14,"VNIR_Plant_Spectrum_X873.2",0.140379738454084,1.81695334762177e-05,0.000322208150589148,1.18909238849812e-06,5.29797614903914e-05,0.000312390353908723,0.0257017757675552,873.2
14,"VNIR_Plant_Spectrum_X874.34",0.14005337637573,1.47888897839411e-05,0.000323491049609824,4.86732573065406e-06,5.85928671723074e-05,0.000311376447597284,0.0207383900485656,874.34
14,"VNIR_Plant_Spectrum_X875.48",0.140060131716355,1.70118912428502e-05,0.000313316225293459,9.14661625433574e-06,4.84751005038768e-05,0.00031464141329094,0.0242130702958891,875.48
14,"VNIR_Plant_Spectrum_X876.62",0.140023924012147,1.73333652687946e-05,0.000315893267455507,4.6843322915717e-06,5.13133066528905e-05,0.000305898777067001,0.0249356790863418,876.62
14,"VNIR_Plant_Spectrum_X877.77",0.139980381860188,1.80403571273851e-05,0.000313884236152392,3.8877060423608e-14,5.80882532922197e-05,0.000309876546796044,0.0257760116060173,877.77
14,"VNIR_Plant_Spectrum_X878.91",0.139636254809315,1.83518348118052e-05,0.000315369424370588,3.90199829788149e-06,5.52329305803797e-05,0.000304291792658783,0.0263241597470692,878.91
14,"VNIR_Plant_Spectrum_X880.05",0.139613895777695,1.63797886182736e-05,0.000305030752491973,6.62996868791275e-06,4.84352896540972e-05,0.000306477761942327,0.0239837516694785,880.05
14,"VNIR_Plant_Spectrum_X881.19",0.139390910600604,1.69281381429157e-05,0.000316627926346389,2.76957156848032e-06,5.97964368371607e-05,0.000299518065555637,0.0243346195931422,881.19
14,"VNIR_Plant_Spectrum_X882.33",0.139437264938689,1.64081831934721e-05,0.000317730064233376,2.6667062373872e-06,5.9920773133265e-05,0.000298996262748909,0.0235843964112299,882.33
14,"VNIR_Plant_Spectrum_X883.47",0.139512962658871,1.49887512673907e-05,0.000321285643110988,2.60356019371695e-06,6.14670322773419e-05,0.000292181665002484,0.0216435731784596,883.47
14,"VNIR_Plant_Spectrum_X884.61",0.139293403037961,1.73487532072201e-05,0.000315828854219485,4.53325150664753e-17,5.37073623479242e-05,0.000297512387788239,0.0253489482615737,884.61
14,"VNIR_Plant_Spectrum_X885.75",0.139119726575556,1.74988571006065e-05,0.00030958103012268,8.05489444676007e-06,5.64565557122322e-05,0.000293635422118271,0.0255373230218872,885.75
14,"VNIR_Plant_Spectrum_X886.9",0.138928067603353,1.78627608425351e-05,0.000294011340185761,4.43543255097827e-06,5.69812727667118e-05,0.000301674598810584,0.0264647057553883,886.9
14,"VNIR_Plant_Spectrum_X888.04",0.139322887898232,1.67174063395205e-05,0.000308284469939533,1.17886351638765e-05,5.3352298021315e-05,0.000296169874939162,0.0243582942868854,888.04
14,"VNIR_Plant_Spectrum_X889.18",0.138810589763151,1.87810403150511e-05,0.000308873984363264,4.05583489287907e-12,6.54608284124849e-05,0.000296581890423647,0.0272308273895549,889.18
14,"VNIR_Plant_Spectrum_X890.32",0.138859272601343,1.64682407526327e-05,0.000311653193500305,1.70798512660642e-06,5.9097343400535e-05,0.000292741571988692,0.0241587292714995,890.32
14,"VNIR_Plant_Spectrum_X891.46",0.138716106694327,1.51134113150938e-05,0.000310207307737351,5.44425484070532e-06,5.38253496817637e-05,0.000301746691776951,0.0220203937381195,891.46
14,"VNIR_Plant_Spectrum_X892.6",0.138514270944548,1.66537875747149e-05,0.000296443818714073,1.9142238156728e-06,5.31779344746974e-05,0.000301187458047321,0.0248795253435265,892.6
14,"VNIR_Plant_Spectrum_X893.74",0.138026021356774,1.92498222465486e-05,0.000300802680573762,3.04275932971145e-06,4.82988375509749e-05,0.00030164035267999,0.0286015406469144,893.74
14,"VNIR_Plant_Spectrum_X894.88",0.13797584010054,1.77490929667486e-05,0.000303744738153711,4.11757476224505e-06,5.3382821156707e-05,0.000297875146927091,0.0262223312937586,894.88
14,"VNIR_Plant_Spectrum_X896.02",0.137526179468375,1.5339660481721e-05,0.000311602880582238,8.09709700184233e-06,5.68311733343145e-05,0.000293573026315274,0.022379164619597,896.02
14,"VNIR_Plant_Spectrum_X897.17",0.137368733080992,1.76201626771752e-05,0.000304058017580375,5.21465355625073e-07,5.49288006770288e-05,0.00030563442429004,0.0258071483327744,897.17
14,"VNIR_Plant_Spectrum_X898.31",0.137352960918997,1.49229198407041e-05,0.000281638881391906,1.18690357412251e-05,4.22354381823742e-05,0.000303345653509505,0.0228175040647181,898.31
7,"VNIR_Plant_Spectrum_X351.44",0.232196657719168,0.00281911730911332,0,0,0,0.0163530100582898,0.147042488039509,351.44
7,"VNIR_Plant_Spectrum_X352.58",0.233244458152977,0,0,0,0.00179195837232415,0.0137253757060745,0,352.58
7,"VNIR_Plant_Spectrum_X353.72",0.235246827088933,9.11521474890677e-16,0,0,0.00421329270028948,0.0165137899888274,4.39773164686243e-14,353.72
7,"VNIR_Plant_Spectrum_X354.86",0.237271377355628,0,0,0,0.00149413937305888,0.0154149996239366,0,354.86
7,"VNIR_Plant_Spectrum_X356",0.209881881534653,0,0,0,0,0.0138458662725977,0,356
7,"VNIR_Plant_Spectrum_X357.15",0.202982081635306,0,0,0,0.00107531703726775,0.00969043981023308,0,357.15
7,"VNIR_Plant_Spectrum_X358.29",0.208301151976898,7.92819714428846e-19,0,0,2.67379477086063e-15,0.0178645370595215,4.43795275403551e-17,358.29
7,"VNIR_Plant_Spectrum_X359.43",0.196708965884489,0,0,0,0,0.0133889223192077,0,359.43
7,"VNIR_Plant_Spectrum_X360.57",0.206115875788779,0,0,0,0,0.0109685038557709,0,360.57
7,"VNIR_Plant_Spectrum_X361.72",0.208784139623212,0,0,0,0.00330467768986798,0.00644806716025216,0,361.72
7,"VNIR_Plant_Spectrum_X362.86",0.207330244471574,4.22951415050891e-16,0,0,0.00621000950088172,0.0114192926258658,2.39913872942917e-14,362.86
7,"VNIR_Plant_Spectrum_X364",0.195762929947195,0,0,0,0,0.00911925815476144,0,364
7,"VNIR_Plant_Spectrum_X365.14",0.211103480807065,0,0,0,0.000681140322218644,0.00883544244280487,0,365.14
7,"VNIR_Plant_Spectrum_X366.29",0.208151768034841,0,0,0,0.00199205355217949,0.00898275292438759,0,366.29
7,"VNIR_Plant_Spectrum_X367.43",0.193249107316832,0,0,0,0,0.00892939247043507,0,367.43
7,"VNIR_Plant_Spectrum_X368.57",0.196674064787194,1.43858087895135e-16,0,0,0.00122568178799221,0.00980771131875792,1.30384267562372e-14,368.57
7,"VNIR_Plant_Spectrum_X369.71",0.180689384528053,0,0,0,6.39592994532434e-23,0.00828373454007932,0,369.71
7,"VNIR_Plant_Spectrum_X370.86",0.182426258643564,0,0,0,1.74141422994149e-16,0.0114619203306597,0,370.86
7,"VNIR_Plant_Spectrum_X372",0.169710669726073,0,0,0,1.0420662392103e-17,0.00743664349534156,0,372
7,"VNIR_Plant_Spectrum_X373.14",0.164860673765677,0,0,0,0,0.00651443915112411,0,373.14
7,"VNIR_Plant_Spectrum_X374.28",0.162429186983015,0.00137490115726298,0,0,2.6324023199407e-06,0.00558486882056875,0.197475107325387,374.28
7,"VNIR_Plant_Spectrum_X375.43",0.148887625732658,1.65661636656267e-16,0,0,0.00119068835406039,0.00414154091640669,3.10679883128414e-14,375.43
7,"VNIR_Plant_Spectrum_X376.57",0.149388821082508,1.66756387127702e-16,0,0,8.9995233656314e-17,0.00641879051960041,2.59794094570447e-14,376.57
7,"VNIR_Plant_Spectrum_X377.71",0.140977192448845,1.48130373825187e-17,0,0,0,0.00411473260625532,3.59999999999987e-15,377.71
7,"VNIR_Plant_Spectrum_X378.85",0.130072776756061,1.13678686988508e-16,0,0,0.000745230319611177,0.00328942564865006,2.81755589281373e-14,378.85
7,"VNIR_Plant_Spectrum_X380",0.124719651084643,0.000125467796186747,0,0,0,0.00423207710616253,0.0287932308211222,380
7,"VNIR_Plant_Spectrum_X381.14",0.119057773782178,2.05865785464524e-18,0,0,9.7740403918329e-18,0.00323884675675427,6.35614466893847e-16,381.14
7,"VNIR_Plant_Spectrum_X382.28",0.11290759260396,0,0,0,2.31552788932962e-18,0.00308308393654784,0,382.28
7,"VNIR_Plant_Spectrum_X383.42",0.110389094780561,0,0,0,0.000201006901573501,0.00280163394280883,0,383.42
7,"VNIR_Plant_Spectrum_X384.57",0.107072383752475,0,0,0,0,0.00284369466947568,0,384.57
7,"VNIR_Plant_Spectrum_X385.71",0.100860420090522,2.92765310484259e-17,0,0,0.000640125586314464,0.00202873365294199,1.09696797110147e-14,385.71
7,"VNIR_Plant_Spectrum_X386.85",0.0922779974952844,0.000337709549065702,0,0,0.000220838850660893,0.00147120417370576,0.166379662962874,386.85
7,"VNIR_Plant_Spectrum_X387.99",0.0848857122790187,1.69305702307564e-18,0,0,0.000164854807874418,0.00180459092266993,8.59661678825588e-16,387.99
7,"VNIR_Plant_Spectrum_X389.14",0.0870726036141503,0,0,0,0.000401514143853491,0.00128207195859395,0,389.14
7,"VNIR_Plant_Spectrum_X390.28",0.0760664445288554,1.41870383865638e-05,0,0,0,0.001439190266637,0.00976142832114326,390.28
7,"VNIR_Plant_Spectrum_X391.42",0.0799327604884489,0,0,0,0,0.00137262331203058,0,391.42
7,"VNIR_Plant_Spectrum_X392.56",0.0764067316005611,0,0,0,6.13940539472087e-05,0.00137026890644929,0,392.56
7,"VNIR_Plant_Spectrum_X393.71",0.0807499395239091,0.000117536089634602,0,0,0,0.00150993695022923,0.0722199918251399,393.71
7,"VNIR_Plant_Spectrum_X394.85",0.0721771910229571,2.78572516166274e-18,0,0,0.000145540795269968,0.000850963436064478,2.79549757448826e-15,394.85
7,"VNIR_Plant_Spectrum_X395.99",0.0721331391110217,1.10121491332837e-17,0,0,0.000233794137845848,0.00116624789649669,7.86558464900298e-15,395.99
7,"VNIR_Plant_Spectrum_X397.13",0.0649454148712871,0,0,0,0,0.00097395109170569,0,397.13
7,"VNIR_Plant_Spectrum_X398.28",0.0643417106963696,0,0,0,0,0.000943906721341594,0,398.28
7,"VNIR_Plant_Spectrum_X399.42",0.068120817359736,3.37763370845984e-18,0,0,0,0.000998796625181835,3.38170316489096e-15,399.42
7,"VNIR_Plant_Spectrum_X400.56",0.0601943323564357,0,0,0,0,0.00062704793462737,0,400.56
7,"VNIR_Plant_Spectrum_X401.7",0.0627985556894243,0,0,0,0.000226329141064635,0.000665839523021579,0,401.7
7,"VNIR_Plant_Spectrum_X402.85",0.0563327256864686,0,0,0,4.3543408296571e-19,0.000653717350174243,0,402.85
7,"VNIR_Plant_Spectrum_X403.99",0.0564476879016522,0,0,0,0.000166346542100708,0.000473462228699595,0,403.99
7,"VNIR_Plant_Spectrum_X405.13",0.0546716627953795,0,0,0,0,0.000560736999820346,0,405.13
7,"VNIR_Plant_Spectrum_X406.27",0.0554509701353135,0,0,0,5.07664909046955e-18,0.000507664909046955,0,406.27
7,"VNIR_Plant_Spectrum_X407.41",0.0556967014969503,0.000122046053832757,0,0,0,0.000409337504370047,0.229676006998653,407.41
7,"VNIR_Plant_Spectrum_X408.55",0.0538528148829685,2.16219758060683e-05,0,0,8.95200818969575e-05,0.000437011219226605,0.0394451273322298,408.55
7,"VNIR_Plant_Spectrum_X409.7",0.05322790804447,0,0,0,3.30201699124404e-05,0.000420524196393628,0,409.7
7,"VNIR_Plant_Spectrum_X410.84",0.051231573990099,0,0,0,1.49149773838162e-22,0.000378545511605774,0,410.84
7,"VNIR_Plant_Spectrum_X411.98",0.0500675862194768,8.10444053955161e-05,0,0,0,0.000279623352827966,0.224706543758475,411.98
7,"VNIR_Plant_Spectrum_X413.12",0.0515538979655837,1.86064959559414e-05,0,0,3.2894149321021e-05,0.000340478355454384,0.0474680937530474,413.12
7,"VNIR_Plant_Spectrum_X414.26",0.0480125431651475,0,0,0,2.09001424201707e-05,0.000316797583079913,0,414.26
7,"VNIR_Plant_Spectrum_X415.4",0.0476725124257426,0,0,0,0,0.000317620015383729,0,415.4
7,"VNIR_Plant_Spectrum_X416.54",0.0465740253367263,0,0,0,5.11326606073645e-06,0.000275903913536885,0,416.54
7,"VNIR_Plant_Spectrum_X417.68",0.0470885084927495,6.14335802517766e-05,0,0,0,0.00023849983762706,0.204824059573761,417.68
7,"VNIR_Plant_Spectrum_X418.83",0.0440173417111745,1.65496713042101e-19,0,0,4.03484890132202e-05,0.000217485443265162,6.41873284790981e-16,418.83
7,"VNIR_Plant_Spectrum_X419.97",0.0427221958316831,0,0,0,0,0.00025176831985628,0,419.97
7,"VNIR_Plant_Spectrum_X421.11",0.0449807585042185,0,0,0,3.25324525921095e-05,0.00020728337943195,0,421.11
7,"VNIR_Plant_Spectrum_X422.25",0.0440123358551738,1.86306457341989e-18,0,0,3.22288105789188e-05,0.000208489428093074,7.73960703475621e-15,422.25
7,"VNIR_Plant_Spectrum_X423.39",0.0443844451731729,7.60372050171994e-19,0,0,2.66858141382038e-05,0.000231182366913458,2.94868504935728e-15,423.39
7,"VNIR_Plant_Spectrum_X424.53",0.0409533619652778,0,0,0,3.95749354112504e-05,0.000158654725294363,0,424.53
7,"VNIR_Plant_Spectrum_X425.67",0.0410278200788463,0,0,0,3.64830182562245e-06,0.000182355538345525,0,425.67
7,"VNIR_Plant_Spectrum_X426.81",0.0411916903700935,0,0,0,8.18108790054385e-06,0.000188289741139444,0,426.81
7,"VNIR_Plant_Spectrum_X427.96",0.0422902010468443,0,0,0,5.22773408777979e-05,0.000134429319634148,0,427.96
7,"VNIR_Plant_Spectrum_X429.1",0.0417586774268707,1.05220432908832e-17,0,0,6.34606929772166e-06,0.000171901592006513,5.90304703797681e-14,429.1
7,"VNIR_Plant_Spectrum_X430.24",0.0425681227027512,3.04233922679232e-06,0,0,2.1117373952947e-05,0.000146945796893679,0.0177804865868254,430.24
7,"VNIR_Plant_Spectrum_X431.38",0.0424908918072149,1.65008588673053e-18,0,0,2.241340813787e-05,0.000161500581028438,8.97205206743894e-15,431.38
7,"VNIR_Plant_Spectrum_X432.52",0.0412566536925734,0,0,0,1.86062243330271e-05,0.000139282114766039,0,432.52
7,"VNIR_Plant_Spectrum_X433.66",0.041723923354188,5.34790357843336e-18,0,0,4.57975168987313e-05,0.000133697589460834,2.97941469653232e-14,433.66
7,"VNIR_Plant_Spectrum_X434.8",0.0415244754599827,9.01015991855284e-19,0,0,9.8350967188472e-06,0.000140022765178917,6.01247062012649e-15,434.8
7,"VNIR_Plant_Spectrum_X435.94",0.0427628420558597,0,0,0,1.48631362484021e-05,0.00012988741838732,0,435.94
7,"VNIR_Plant_Spectrum_X437.09",0.040802612355305,0,0,0,5.33935504340072e-06,0.000127349419064605,0,437.09
7,"VNIR_Plant_Spectrum_X438.23",0.0411078386324939,0,0,0,2.73360740286522e-05,0.00010396064557772,0,438.23
7,"VNIR_Plant_Spectrum_X439.37",0.0410866131961101,1.51306175282713e-19,0,0,4.66386749013696e-05,0.000103805318531254,1.00573091574092e-15,439.37
7,"VNIR_Plant_Spectrum_X440.52",0.0420323675013365,6.24098048809949e-19,0,0,4.57545958553372e-05,0.000108851893472801,4.0366872795705e-15,440.52
7,"VNIR_Plant_Spectrum_X441.66",0.0421784934443708,5.95637465894524e-18,0,0,3.0289588823085e-05,0.000112506972314953,4.17123116374427e-14,441.66
7,"VNIR_Plant_Spectrum_X442.8",0.0424705369050319,2.34265021419779e-19,0,0,4.30681523055773e-05,0.00010100984239631,1.62595975814695e-15,442.8
7,"VNIR_Plant_Spectrum_X443.95",0.0432734608015928,0,0,0,2.47944703206824e-05,0.000107581062023725,0,443.95
7,"VNIR_Plant_Spectrum_X445.09",0.0427277172523994,0,0,0,4.10453925224732e-05,8.90226480913412e-05,0,445.09
7,"VNIR_Plant_Spectrum_X446.23",0.0433169925276101,1.95075752221849e-18,0,0,2.91886158993096e-05,9.63205944186119e-05,1.55427439729489e-14,446.23
7,"VNIR_Plant_Spectrum_X447.37",0.043286280104696,2.05689502037373e-06,0,0,3.41647584885267e-05,9.82373878398692e-05,0.0152975582730685,447.37
7,"VNIR_Plant_Spectrum_X448.52",0.0432239575726715,8.30492425390473e-19,0,0,5.01342681294892e-05,8.85760604095022e-05,5.98724286891886e-15,448.52
7,"VNIR_Plant_Spectrum_X449.66",0.0406310961006334,3.52478639724415e-19,0,0,3.3177847463458e-05,9.27589934698014e-05,2.79885248123073e-15,449.66
7,"VNIR_Plant_Spectrum_X450.8",0.0404126713570615,2.00955464296257e-20,0,0,2.71801573061078e-05,9.87006674585284e-05,1.59639456344515e-16,450.8
7,"VNIR_Plant_Spectrum_X451.95",0.0418101833418116,4.00364215994893e-18,0,0,2.56300696601058e-05,0.000100091053998723,3.18454213852998e-14,451.95
7,"VNIR_Plant_Spectrum_X453.09",0.0420712014966201,0,0,0,3.0855690350745e-05,8.44264261980543e-05,0,453.09
7,"VNIR_Plant_Spectrum_X454.23",0.0425171017207017,3.31746644055887e-18,0,0,2.59563932852133e-05,9.22912415888425e-05,2.80552456215481e-14,454.23
7,"VNIR_Plant_Spectrum_X455.38",0.0427623091346269,0,0,0,4.48166660777455e-05,7.83662365217371e-05,0,455.38
7,"VNIR_Plant_Spectrum_X456.52",0.0430910752341652,2.56712792457049e-19,0,0,4.02568993214269e-05,6.94501032491117e-05,2.33998547441846e-15,456.52
7,"VNIR_Plant_Spectrum_X457.66",0.0431640220284774,0,0,0,3.83160542213523e-05,7.83438472146789e-05,0,457.66
7,"VNIR_Plant_Spectrum_X458.8",0.0420073333258941,2.84037771547013e-18,0,0,3.10632410591372e-05,9.51726655036593e-05,2.25005530740741e-14,458.8
7,"VNIR_Plant_Spectrum_X459.95",0.0415306255332131,0,0,0,4.41862137292365e-05,6.70668077554695e-05,0,459.95
7,"VNIR_Plant_Spectrum_X461.09",0.0414099141596155,0,0,0,3.74124958784356e-05,7.4009404192507e-05,0,461.09
7,"VNIR_Plant_Spectrum_X462.23",0.0423269378098709,2.54629519498839e-06,0,0,4.30900165406739e-05,6.27614956203472e-05,0.0234902832178665,462.23
7,"VNIR_Plant_Spectrum_X463.38",0.0420780575213614,0,0,0,4.27839571874408e-05,6.89673254622595e-05,0,463.38
7,"VNIR_Plant_Spectrum_X464.52",0.0418693881198513,8.21090982975679e-19,0,0,5.52337648237254e-05,5.88953805617569e-05,7.19440227298958e-15,464.52
7,"VNIR_Plant_Spectrum_X465.66",0.0426465433968357,0,0,0,3.33103431722208e-05,6.48522081502423e-05,0,465.66
7,"VNIR_Plant_Spectrum_X466.81",0.0417427083627776,1.28331847934706e-18,0,0,3.42296370546914e-05,6.23066442762055e-05,1.32936390510861e-14,466.81
7,"VNIR_Plant_Spectrum_X467.95",0.0410650464385042,0,0,0,4.1749818715159e-05,6.05121210797052e-05,0,467.95
7,"VNIR_Plant_Spectrum_X469.09",0.0414915863395628,2.25201640062901e-19,0,0,3.42551479285002e-05,6.94272787603067e-05,2.17203288208929e-15,469.09
7,"VNIR_Plant_Spectrum_X470.23",0.0415626013015522,0,0,0,4.1400512452507e-05,6.09104083895697e-05,0,470.23
7,"VNIR_Plant_Spectrum_X471.38",0.0411329990984173,5.25704646639942e-19,0,0,4.4020219086117e-05,5.96501944117276e-05,5.0709226374492e-15,471.38
7,"VNIR_Plant_Spectrum_X472.52",0.0411235551877361,0,0,0,3.7799097615107e-05,6.3572767092434e-05,0,472.52
7,"VNIR_Plant_Spectrum_X473.66",0.0410598712974265,2.04191015434501e-18,0,0,3.55760865098495e-05,5.97337805854923e-05,2.14239114645116e-14,473.66
7,"VNIR_Plant_Spectrum_X474.81",0.0407024594487039,0,0,0,3.3976873075399e-05,5.84489167079895e-05,0,474.81
7,"VNIR_Plant_Spectrum_X475.95",0.0402754611042146,0,0,0,3.12357572027051e-05,6.20984910607177e-05,0,475.95
7,"VNIR_Plant_Spectrum_X477.09",0.0407064298427872,3.0385765415809e-19,0,0,3.9801989272791e-05,5.48754674338979e-05,3.20939814743272e-15,477.09
7,"VNIR_Plant_Spectrum_X478.24",0.0408072801821567,1.70778124567655e-18,0,0,4.59735929838897e-05,4.26945311419138e-05,1.9260374148138e-14,478.24
7,"VNIR_Plant_Spectrum_X479.38",0.0402494213821431,3.97293815333006e-19,0,0,3.97038428818874e-05,4.35398133141058e-05,4.77266176773393e-15,479.38
7,"VNIR_Plant_Spectrum_X480.52",0.0404643658154484,0,0,0,3.95146159741987e-05,5.31777612487309e-05,0,480.52
7,"VNIR_Plant_Spectrum_X481.66",0.0404154289185716,0,0,0,3.23233627076678e-05,5.47910774185794e-05,0,481.66
7,"VNIR_Plant_Spectrum_X482.81",0.0403340326703781,0,0,0,3.75309240292616e-05,4.67000721565744e-05,0,482.81
7,"VNIR_Plant_Spectrum_X483.95",0.039689899661712,0,0,0,3.24328866776049e-05,5.2650945377799e-05,0,483.95
7,"VNIR_Plant_Spectrum_X485.09",0.0394694218517133,4.40504491424568e-19,0,0,3.46028820049961e-05,4.6542642258594e-05,5.42857410094051e-15,485.09
7,"VNIR_Plant_Spectrum_X486.24",0.0393119495740641,0,0,0,2.99329269556477e-05,4.83260804638711e-05,0,486.24
7,"VNIR_Plant_Spectrum_X487.38",0.039036156518667,5.42050518281974e-19,0,0,3.59723612768216e-05,4.1680853506916e-05,6.98040022929595e-15,487.38
7,"VNIR_Plant_Spectrum_X488.52",0.0393085449950483,0,0,0,3.05963658126487e-05,4.66594039804687e-05,0,488.52
7,"VNIR_Plant_Spectrum_X489.67",0.0393316290440742,0,0,0,3.25925564774747e-05,3.99665384786582e-05,0,489.67
7,"VNIR_Plant_Spectrum_X490.81",0.0391664739331197,0,0,0,3.08087454323013e-05,4.09042552394714e-05,0,490.81
7,"VNIR_Plant_Spectrum_X491.95",0.0390453114318616,4.72442569117459e-19,0,0,3.23697661742717e-05,3.91913298789994e-05,6.60194707981782e-15,491.95
7,"VNIR_Plant_Spectrum_X493.09",0.0390423824035997,1.76546472373076e-18,0,0,3.43494835423938e-05,4.25164709332532e-05,2.29680973296189e-14,493.09
7,"VNIR_Plant_Spectrum_X494.24",0.0388689695978148,1.61565349284043e-18,0,0,3.04308196658617e-05,4.06985399712782e-05,2.2714298302171e-14,494.24
7,"VNIR_Plant_Spectrum_X495.38",0.0388537230004178,0,0,0,2.8366182267831e-05,4.15273232531013e-05,0,495.38
7,"VNIR_Plant_Spectrum_X496.52",0.0392244233893322,0,0,0,3.03246009074112e-05,3.96628976840201e-05,0,496.52
7,"VNIR_Plant_Spectrum_X497.67",0.0388329532679531,1.51891534494075e-18,0,0,3.40870896557456e-05,3.79728836235188e-05,2.10784888727928e-14,497.67
7,"VNIR_Plant_Spectrum_X498.81",0.0390250384683979,1.43331560781722e-18,0,0,3.42112225641631e-05,3.58402252328466e-05,2.0460899137596e-14,498.81
7,"VNIR_Plant_Spectrum_X499.95",0.0391630711568045,4.7199969722467e-19,0,0,3.06585702789372e-05,3.92539912644467e-05,6.75128598931066e-15,499.95
7,"VNIR_Plant_Spectrum_X501.1",0.0390387384061622,7.01909159196745e-18,0,0,3.24421870074214e-05,4.00050689181804e-05,9.68855411055854e-14,501.1
7,"VNIR_Plant_Spectrum_X502.24",0.0392387584350034,0,0,0,2.89075641553662e-05,4.00538230587699e-05,0,502.24
7,"VNIR_Plant_Spectrum_X503.38",0.0391577111246419,0,0,0,3.06305442614095e-05,3.67390869703186e-05,0,503.38
7,"VNIR_Plant_Spectrum_X504.52",0.0390379316446165,2.10932299817469e-18,0,0,2.82789562173786e-05,3.8093009725669e-05,3.17803302675197e-14,504.52
7,"VNIR_Plant_Spectrum_X505.67",0.039144988550253,1.51003370479673e-20,0,0,2.70856578014934e-05,4.33763288192068e-05,2.14304730425116e-16,505.67
7,"VNIR_Plant_Spectrum_X506.81",0.0393154960975303,2.52144921979463e-18,0,0,2.78665139066764e-05,4.02370448127734e-05,3.70237512870885e-14,506.81
7,"VNIR_Plant_Spectrum_X507.95",0.0396084102762775,1.97312806234536e-18,0,0,3.08806828212892e-05,3.83161965102719e-05,2.85146972147535e-14,507.95
7,"VNIR_Plant_Spectrum_X509.1",0.0402506815102208,0,0,0,2.98204531815044e-05,3.58914915502675e-05,0,509.1
7,"VNIR_Plant_Spectrum_X510.24",0.040522086903698,0,0,0,2.99955167613805e-05,3.54818876475103e-05,0,510.24
7,"VNIR_Plant_Spectrum_X511.38",0.0412343153135028,0,0,0,2.96771618732345e-05,3.53745929901306e-05,0,511.38
7,"VNIR_Plant_Spectrum_X512.53",0.0416241976938789,1.42971552956478e-18,0,0,2.8413631889733e-05,4.13562566505551e-05,2.04918706260964e-14,512.53
7,"VNIR_Plant_Spectrum_X513.67",0.0421882359658445,1.47549145390141e-19,0,0,3.23660043964173e-05,3.88011251891236e-05,2.07327661308569e-15,513.67
7,"VNIR_Plant_Spectrum_X514.81",0.0427662269402605,0,0,0,2.70910789469797e-05,4.14842280028121e-05,0,514.81
7,"VNIR_Plant_Spectrum_X515.95",0.0433399175784218,0,0,0,3.22872531607613e-05,3.99570298021548e-05,0,515.95
7,"VNIR_Plant_Spectrum_X517.1",0.0438609529310372,5.88539663589432e-18,0,0,2.96911579435386e-05,4.15571150809878e-05,8.26040602256823e-14,517.1
7,"VNIR_Plant_Spectrum_X518.24",0.0445904966879967,2.90200628121359e-19,0,0,3.54563548470689e-05,3.79048287634871e-05,3.95577898063794e-15,518.24
7,"VNIR_Plant_Spectrum_X519.38",0.0452857591222509,3.03118878132776e-07,0,0,2.88362658178884e-05,3.86190653263933e-05,0.00447352142843446,519.38
7,"VNIR_Plant_Spectrum_X520.53",0.0457944740311908,9.72860955463114e-19,0,0,3.38080064013821e-05,4.36422230813778e-05,1.25611113351143e-14,520.53
7,"VNIR_Plant_Spectrum_X521.67",0.0464219291110429,0,0,0,3.35350727021119e-05,4.54101829103715e-05,0,521.67
7,"VNIR_Plant_Spectrum_X522.81",0.0470787229271768,0,0,0,3.39997172610436e-05,4.38682953131606e-05,0,522.81
7,"VNIR_Plant_Spectrum_X523.96",0.0475556574798082,1.77869252102791e-18,0,0,3.49115000851666e-05,4.44673130256978e-05,2.24076482290515e-14,523.96
7,"VNIR_Plant_Spectrum_X525.1",0.0479053278013151,6.75833453031577e-19,0,0,3.39287712444968e-05,4.98366128404011e-05,8.0681711236064e-15,525.1
7,"VNIR_Plant_Spectrum_X526.24",0.0487894246061357,1.54714925005189e-18,0,0,3.56323102159297e-05,4.82043049109214e-05,1.84543382114236e-14,526.24
7,"VNIR_Plant_Spectrum_X527.38",0.0488203013599766,2.68184468286472e-18,0,0,3.30013798141721e-05,4.7794091709248e-05,3.31930073839255e-14,527.38
7,"VNIR_Plant_Spectrum_X528.53",0.049164347357309,0,0,0,3.50642703941598e-05,4.95232452264227e-05,0,528.53
7,"VNIR_Plant_Spectrum_X529.67",0.0495487140447615,0,0,0,3.70264877947158e-05,5.19162889187791e-05,0,529.67
7,"VNIR_Plant_Spectrum_X530.81",0.0498211872316131,1.29101653213108e-18,0,0,3.89557148066554e-05,5.10393597891329e-05,1.4345413212108e-14,530.81
7,"VNIR_Plant_Spectrum_X531.96",0.0497092685035614,2.13416262858775e-18,0,0,3.74077646346147e-05,5.33540657146938e-05,2.35138782500761e-14,531.96
7,"VNIR_Plant_Spectrum_X533.1",0.0502583380030624,0,0,0,3.7892620819324e-05,5.20226545210241e-05,0,533.1
7,"VNIR_Plant_Spectrum_X534.24",0.0502567646901704,1.27983206357358e-18,0,0,3.53558034971282e-05,5.56208483466243e-05,1.40676980042265e-14,534.24
7,"VNIR_Plant_Spectrum_X535.39",0.0501584348798685,0,0,0,3.74150799096501e-05,5.31604693495478e-05,0,535.39
7,"VNIR_Plant_Spectrum_X536.53",0.050211627788795,5.69429781673298e-19,0,0,3.9656847531493e-05,5.3409593877211e-05,6.11852965530966e-15,536.53
7,"VNIR_Plant_Spectrum_X537.67",0.050162087518291,0,0,0,4.09944805437877e-05,5.12257223608319e-05,0,537.67
7,"VNIR_Plant_Spectrum_X538.81",0.0500090792836202,0,0,0,3.93330935343766e-05,5.37604387097686e-05,0,538.81
7,"VNIR_Plant_Spectrum_X539.96",0.0498383186631795,4.14935313443775e-18,0,0,3.86939293703444e-05,5.33667439671185e-05,4.50719398849871e-14,539.96
7,"VNIR_Plant_Spectrum_X541.1",0.0498695291980545,2.22990727721011e-18,0,0,3.61001053686854e-05,5.66145509141619e-05,2.40512920676448e-14,541.1
7,"VNIR_Plant_Spectrum_X542.24",0.049472358307225,0,0,0,3.82794279341428e-05,5.7186057196851e-05,0,542.24
7,"VNIR_Plant_Spectrum_X543.39",0.0494862327175508,0,0,0,3.79779840646614e-05,5.45676428042381e-05,0,543.39
7,"VNIR_Plant_Spectrum_X544.53",0.0494563689078136,0,0,0,3.5223686679052e-05,5.90095892115575e-05,0,544.53
7,"VNIR_Plant_Spectrum_X545.67",0.0492532778030826,2.12485238346254e-18,0,0,3.86668374084733e-05,5.31213095865636e-05,2.31495291388483e-14,545.67
7,"VNIR_Plant_Spectrum_X546.82",0.0492619912494436,0,0,0,3.6104675357838e-05,5.68017434580086e-05,0,546.82
7,"VNIR_Plant_Spectrum_X547.96",0.0493163945529961,0,0,0,3.82531921257889e-05,5.84823858214108e-05,0,547.96
7,"VNIR_Plant_Spectrum_X549.1",0.0492232018946011,0,0,0,4.16025586798719e-05,5.33460384076956e-05,0,549.1
7,"VNIR_Plant_Spectrum_X550.24",0.0490221644975364,2.30098487453454e-18,0,0,3.9000660680544e-05,5.76871996677848e-05,2.37980741971632e-14,550.24
7,"VNIR_Plant_Spectrum_X551.38",0.0487436056169706,0,0,0,4.06191305094096e-05,5.86538874602355e-05,0,551.38
7,"VNIR_Plant_Spectrum_X552.52",0.0484321170214377,0,0,0,3.93121422254141e-05,5.72111000465715e-05,0,552.52
7,"VNIR_Plant_Spectrum_X553.66",0.0484523080794344,1.1245970010796e-18,0,0,3.68077969662225e-05,5.7585595263889e-05,1.1913937771598e-14,553.66
7,"VNIR_Plant_Spectrum_X554.8",0.0480322224332465,2.61313211038383e-19,0,0,3.55205143675984e-05,5.68519072127916e-05,2.82890939273435e-15,554.8
7,"VNIR_Plant_Spectrum_X555.95",0.0477028969763068,6.2889983770446e-19,0,0,3.79661689196586e-05,5.6771625770243e-05,6.63832042705859e-15,555.95
7,"VNIR_Plant_Spectrum_X557.09",0.0472577418902118,1.53568876424067e-18,0,0,3.50770515098826e-05,5.49919339887551e-05,1.70501394651978e-14,557.09
7,"VNIR_Plant_Spectrum_X558.23",0.0468134807701754,2.16548433336179e-19,0,0,3.63579235046214e-05,5.68665732142385e-05,2.32287050032815e-15,558.23
7,"VNIR_Plant_Spectrum_X559.37",0.0464188058564252,6.13224814064707e-19,0,0,3.53167360193392e-05,5.83153383532788e-05,6.5493028769641e-15,559.37
7,"VNIR_Plant_Spectrum_X560.51",0.0460847884254843,0,0,0,3.70726465526179e-05,5.21701310932948e-05,0,560.51
7,"VNIR_Plant_Spectrum_X561.65",0.045672827760732,2.12167521632875e-18,0,0,3.39245446742036e-05,5.30418804082186e-05,2.43964865097982e-14,561.65
7,"VNIR_Plant_Spectrum_X562.79",0.0448700170948496,0,0,0,3.48766369793209e-05,5.32843661213293e-05,0,562.79
7,"VNIR_Plant_Spectrum_X563.93",0.0442187320745287,6.22449792016093e-22,0,0,3.2841454847035e-05,5.08879572461019e-05,7.43406380691778e-18,563.93
7,"VNIR_Plant_Spectrum_X565.07",0.0437275632488137,1.72907570270847e-18,0,0,3.16648853790387e-05,5.14556945672352e-05,2.08020168269525e-14,565.07
7,"VNIR_Plant_Spectrum_X566.22",0.04297148634294,2.00251327727419e-18,0,0,3.18180231828017e-05,5.00628319318547e-05,2.44564284834355e-14,566.22
7,"VNIR_Plant_Spectrum_X567.36",0.0423513050110732,5.42233114005908e-19,0,0,2.9816434643353e-05,4.79300976360486e-05,6.9743704073804e-15,567.36
7,"VNIR_Plant_Spectrum_X568.5",0.0415757369191469,4.8781039095714e-18,0,0,3.08879724309492e-05,4.70628831477333e-05,6.25792221696297e-14,568.5
7,"VNIR_Plant_Spectrum_X569.64",0.0410059183539247,0,0,0,3.03169135725664e-05,4.50968043806426e-05,0,569.64
7,"VNIR_Plant_Spectrum_X570.78",0.0404607962718827,1.72707532083201e-18,0,0,3.02621420611984e-05,4.31768830208004e-05,2.35171330080104e-14,570.78
7,"VNIR_Plant_Spectrum_X571.92",0.0398435025129654,0,0,0,2.88643281797304e-05,4.33621173034654e-05,0,571.92
7,"VNIR_Plant_Spectrum_X573.06",0.039294710855558,1.66460257466524e-18,0,0,2.91131736848951e-05,4.1615064366631e-05,2.35351907600543e-14,573.06
7,"VNIR_Plant_Spectrum_X574.2",0.0389735672889164,0,0,0,2.86281258897804e-05,4.05841489321894e-05,0,574.2
7,"VNIR_Plant_Spectrum_X575.35",0.0384318663731382,1.5759674111687e-18,0,0,2.61209899257092e-05,4.00118574104224e-05,2.38303275096947e-14,575.35
7,"VNIR_Plant_Spectrum_X576.49",0.0380459307816103,0,0,0,2.54358543317726e-05,4.28196000882108e-05,0,576.49
7,"VNIR_Plant_Spectrum_X577.63",0.0377285234673862,0,0,0,2.54553063930482e-05,3.98287994335112e-05,0,577.63
7,"VNIR_Plant_Spectrum_X578.77",0.037245012356417,0,0,0,2.53846814314971e-05,3.85857688384863e-05,0,578.77
7,"VNIR_Plant_Spectrum_X579.91",0.0369482997023064,0,0,0,2.61340218603162e-05,3.82115525516703e-05,0,579.91
7,"VNIR_Plant_Spectrum_X581.05",0.0365576871736061,2.24858789485116e-19,0,0,2.65544415219388e-05,3.58264655498285e-05,3.60460916713543e-15,581.05
7,"VNIR_Plant_Spectrum_X582.19",0.0363188321020113,1.49598618750893e-18,0,0,2.4501772268732e-05,3.73996546877233e-05,2.41672326643011e-14,582.19
7,"VNIR_Plant_Spectrum_X583.33",0.0360659103713689,1.51444729069012e-18,0,0,2.44338393040675e-05,3.78611822672529e-05,2.43108879729051e-14,583.33
7,"VNIR_Plant_Spectrum_X584.48",0.0356106944045226,3.45001722487641e-19,0,0,2.25020179860675e-05,3.63843416446647e-05,5.85877144810945e-15,584.48
7,"VNIR_Plant_Spectrum_X585.62",0.0354589689083874,1.48625152443915e-18,0,0,2.3166636929289e-05,3.71562881109787e-05,2.46382535901067e-14,585.62
7,"VNIR_Plant_Spectrum_X586.76",0.035088171381078,0,0,0,2.21420687237818e-05,3.64683220728054e-05,0,586.76
7,"VNIR_Plant_Spectrum_X587.9",0.0350643217753937,2.35363328056922e-20,0,0,2.28304286383877e-05,3.34181725210218e-05,4.18434100058593e-16,587.9
7,"VNIR_Plant_Spectrum_X589.04",0.0347639162986508,7.4110146430446e-20,0,0,2.40793136815279e-05,3.50622015439898e-05,1.25309854081097e-15,589.04
7,"VNIR_Plant_Spectrum_X590.18",0.0349516387093746,1.40220666720174e-18,0,0,2.35924141236376e-05,3.50551666800435e-05,2.39090282665793e-14,590.18
7,"VNIR_Plant_Spectrum_X591.32",0.0347823459309411,1.98899090140399e-18,0,0,2.21360464824518e-05,3.63360908396958e-05,3.4016045803931e-14,591.32
7,"VNIR_Plant_Spectrum_X592.46",0.0346368102094433,0,0,0,2.34448201880962e-05,3.42594769802787e-05,0,592.46
7,"VNIR_Plant_Spectrum_X593.6",0.0343161966431495,0,0,0,2.3256587666665e-05,3.36488772461049e-05,0,593.6
7,"VNIR_Plant_Spectrum_X594.75",0.0343182830631614,0,0,0,2.3709457351489e-05,3.20342652373104e-05,0,594.75
7,"VNIR_Plant_Spectrum_X595.89",0.0341962878305636,1.37577178927728e-18,0,0,2.12809740233393e-05,3.4415491165422e-05,2.47012406373476e-14,595.89
7,"VNIR_Plant_Spectrum_X597.03",0.033876616065114,1.37109415277166e-18,0,0,2.12551248834422e-05,3.42773538192916e-05,2.46899505442773e-14,597.03
7,"VNIR_Plant_Spectrum_X598.17",0.0338289098632166,5.37700786934896e-19,0,0,2.15431215459366e-05,3.24778288901608e-05,9.95356028715097e-15,598.17
7,"VNIR_Plant_Spectrum_X599.31",0.0335059613210844,1.83746025785201e-19,0,0,2.20549155576946e-05,3.24061367300508e-05,3.3738978236112e-15,599.31
7,"VNIR_Plant_Spectrum_X600.45",0.0335260800491458,2.41618552996443e-19,0,0,2.1624397080202e-05,3.17470360143854e-05,4.52711383200511e-15,600.45
7,"VNIR_Plant_Spectrum_X601.59",0.0332915661620873,1.31831847501331e-18,0,0,2.1756356727645e-05,3.31258294203007e-05,2.40208812283734e-14,601.59
7,"VNIR_Plant_Spectrum_X602.73",0.0330040709951418,0,0,0,2.1230700484714e-05,3.15519506378894e-05,0,602.73
7,"VNIR_Plant_Spectrum_X603.88",0.0328216233733895,0,0,0,2.18556743248612e-05,3.01524867032585e-05,0,603.88
7,"VNIR_Plant_Spectrum_X605.02",0.0326306722244374,0,0,0,2.01560876388197e-05,3.06968795268675e-05,0,605.02
7,"VNIR_Plant_Spectrum_X606.16",0.0322530944681307,2.76413867724903e-19,0,0,1.9704531254522e-05,3.04558526489811e-05,5.51060112013211e-15,606.16
7,"VNIR_Plant_Spectrum_X607.3",0.0321486534210037,8.81498626170642e-19,0,0,2.06293359019001e-05,3.10035978764003e-05,1.70724102170056e-14,607.3
7,"VNIR_Plant_Spectrum_X608.44",0.0318629709927679,1.64978307044824e-20,0,0,2.07583805921978e-05,2.87068973771165e-05,3.33523460935907e-16,608.44
7,"VNIR_Plant_Spectrum_X609.58",0.0313708443998537,0,0,0,1.92470621554298e-05,2.87694066906313e-05,0,609.58
7,"VNIR_Plant_Spectrum_X610.72",0.0312903469354225,0,0,0,1.90151039526379e-05,2.85606739856737e-05,0,610.72
7,"VNIR_Plant_Spectrum_X611.86",0.0308613446003584,4.50794494109651e-20,0,0,1.88107548059582e-05,2.8674069606765e-05,9.49344342502957e-16,611.86
7,"VNIR_Plant_Spectrum_X613.01",0.030652138989771,1.19833401096084e-18,0,0,1.86724935163243e-05,2.9958350274021e-05,2.46414398262758e-14,613.01
7,"VNIR_Plant_Spectrum_X614.15",0.0303567614922923,1.06691172279702e-18,0,0,1.84860290624475e-05,2.66727930699256e-05,2.36257650757494e-14,614.15
7,"VNIR_Plant_Spectrum_X615.29",0.0301189563882144,9.6725678382173e-19,0,0,1.98035201385377e-05,2.57278525492325e-05,2.12437430879723e-14,615.29
7,"VNIR_Plant_Spectrum_X616.43",0.0300234828386708,0,0,0,1.71754320901544e-05,2.69379646863476e-05,0,616.43
7,"VNIR_Plant_Spectrum_X617.57",0.0296878873754114,0,0,0,1.77180834874778e-05,2.62688063615268e-05,0,617.57
7,"VNIR_Plant_Spectrum_X618.71",0.0295423813365841,6.5007443441307e-21,0,0,1.69973628000824e-05,2.71716196558708e-05,1.47178947366819e-16,618.71
7,"VNIR_Plant_Spectrum_X619.85",0.029624078745168,2.14403127308001e-19,0,0,1.8608348045559e-05,2.5562905196575e-05,4.85390636604093e-15,619.85
7,"VNIR_Plant_Spectrum_X620.99",0.0294134613359912,8.63990900774028e-19,0,0,1.70843193153007e-05,2.57479602982788e-05,2.01714900203465e-14,620.99
7,"VNIR_Plant_Spectrum_X622.14",0.0292607957532812,0,0,0,1.76682637506486e-05,2.5809567653345e-05,0,622.14
7,"VNIR_Plant_Spectrum_X623.28",0.0292950285097518,0,0,0,1.804326347952e-05,2.5738918117482e-05,0,623.28
7,"VNIR_Plant_Spectrum_X624.42",0.0292757910477677,2.19141105275936e-19,0,0,1.72111849478135e-05,2.53436203729616e-05,5.14962067442361e-15,624.42
7,"VNIR_Plant_Spectrum_X625.56",0.0289925519795284,1.06150677484726e-18,0,0,1.72827881187911e-05,2.65376693711815e-05,2.42240002877682e-14,625.56
7,"VNIR_Plant_Spectrum_X626.7",0.0291398488220508,5.15155170982309e-20,0,0,1.68923784449777e-05,2.59463324925461e-05,1.20254592098631e-15,626.7
7,"VNIR_Plant_Spectrum_X627.84",0.0292023062860171,0,0,0,1.58775456639082e-05,2.64999362454599e-05,0,627.84
7,"VNIR_Plant_Spectrum_X628.98",0.0291282413547433,1.59710937206062e-18,0,0,1.70396959177533e-05,2.57019186393815e-05,3.73666130446622e-14,628.98
7,"VNIR_Plant_Spectrum_X630.12",0.0290904444551957,6.09523023304807e-21,0,0,1.71767837185397e-05,2.54669377974419e-05,1.42933825106323e-16,630.12
7,"VNIR_Plant_Spectrum_X631.26",0.0290191991598596,7.10484257582515e-20,0,0,1.71321397114688e-05,2.513344730271e-05,1.68099938454461e-15,631.26
7,"VNIR_Plant_Spectrum_X632.41",0.0289905136577039,0,0,0,1.83628377625323e-05,2.49874594347914e-05,0,632.41
7,"VNIR_Plant_Spectrum_X633.55",0.0288861932503339,9.59101557765248e-19,0,0,1.85151314642327e-05,2.52144077696719e-05,2.19325786314623e-14,633.55
7,"VNIR_Plant_Spectrum_X634.69",0.0288695112765741,0,0,0,1.70506366561511e-05,2.50113504779887e-05,0,634.69
7,"VNIR_Plant_Spectrum_X635.83",0.0286940376018491,1.87313272507504e-19,0,0,1.76122173978481e-05,2.4567422259865e-05,4.44084572622116e-15,635.83
7,"VNIR_Plant_Spectrum_X636.97",0.0284533744026793,0,0,0,1.78767726588275e-05,2.37185769897926e-05,0,636.97
7,"VNIR_Plant_Spectrum_X638.11",0.0281303448841294,1.87720842708184e-19,0,0,1.9349004686348e-05,2.29429362066644e-05,4.43869065227033e-15,638.11
7,"VNIR_Plant_Spectrum_X639.25",0.0279832309338275,0,0,0,1.76580631196279e-05,2.31060808845225e-05,0,639.25
7,"VNIR_Plant_Spectrum_X640.39",0.0276300263742785,3.07363879328337e-19,0,0,1.82938458313314e-05,2.37950639554792e-05,7.30272845947303e-15,640.39
7,"VNIR_Plant_Spectrum_X641.54",0.0274896065300272,7.24723628911383e-20,0,0,1.79463216767301e-05,2.28235069079414e-05,1.77759792981779e-15,641.54
7,"VNIR_Plant_Spectrum_X642.68",0.0273308408693048,0,0,0,1.8778566345682e-05,2.19916375529793e-05,0,642.68
7,"VNIR_Plant_Spectrum_X643.82",0.0268140680010419,9.3881225587318e-19,0,0,1.6789093979893e-05,2.34703063968295e-05,2.33190819308866e-14,643.82
7,"VNIR_Plant_Spectrum_X644.96",0.0264696868725857,8.5869960647757e-19,0,0,1.82288756072109e-05,2.14674901619393e-05,2.16316932252999e-14,644.96
7,"VNIR_Plant_Spectrum_X646.1",0.0263275560400353,1.15785652744861e-19,0,0,1.59499437257905e-05,2.30397887784598e-05,2.96964470664781e-15,646.1
7,"VNIR_Plant_Spectrum_X647.24",0.0263042921461673,1.90034319974475e-18,0,0,1.69712231992146e-05,2.22707168408264e-05,4.84263315678484e-14,647.24
7,"VNIR_Plant_Spectrum_X648.38",0.0260915996122912,9.27888749576779e-21,0,0,1.53577774827632e-05,2.17769149468338e-05,2.49871128281444e-16,648.38
7,"VNIR_Plant_Spectrum_X649.52",0.0258852160548798,0,0,0,1.62879710344314e-05,2.10245769720139e-05,0,649.52
7,"VNIR_Plant_Spectrum_X650.67",0.0256892727477063,2.75297334765244e-19,0,0,1.66043932389488e-05,2.05162482265045e-05,7.41628710865489e-15,650.67
7,"VNIR_Plant_Spectrum_X651.81",0.0256102123179251,2.10673647705109e-19,0,0,1.55292604391401e-05,2.09628261274988e-05,5.77313241106104e-15,651.81
7,"VNIR_Plant_Spectrum_X652.95",0.0254831273938673,0,0,0,1.65065550275431e-05,2.05635662911364e-05,0,652.95
7,"VNIR_Plant_Spectrum_X654.09",0.0253989375611253,5.36455263859489e-20,0,0,1.54717631346064e-05,2.07661181596518e-05,1.48037149165365e-15,654.09
7,"VNIR_Plant_Spectrum_X655.23",0.0252824389863912,0,0,0,1.60068937044723e-05,1.97932565015943e-05,0,655.23
7,"VNIR_Plant_Spectrum_X656.37",0.0250348066563381,0,0,0,1.55317020491701e-05,2.05126465758755e-05,0,656.37
7,"VNIR_Plant_Spectrum_X657.51",0.0249023450024664,7.45888326978432e-21,0,0,1.53269638232109e-05,2.03640832804446e-05,2.0898471395703e-16,657.51
7,"VNIR_Plant_Spectrum_X658.65",0.024628645355397,1.17616107759167e-18,0,0,1.46299338322007e-05,1.92626287056533e-05,3.47026305927147e-14,658.65
7,"VNIR_Plant_Spectrum_X659.79",0.0243853752505313,0,0,0,1.43018102782197e-05,2.03549641226435e-05,0,659.79
7,"VNIR_Plant_Spectrum_X660.94",0.0243228815904001,0,0,0,1.43329609449613e-05,1.88860013856959e-05,0,660.94
7,"VNIR_Plant_Spectrum_X662.08",0.0239118918994389,9.44677023246244e-20,0,0,1.53886097814253e-05,1.91708641255005e-05,2.73348207148757e-15,662.08
7,"VNIR_Plant_Spectrum_X663.22",0.0238229706424259,3.04233083114605e-18,0,0,1.46621252636364e-05,1.82590443171023e-05,9.2412598637618e-14,663.22
7,"VNIR_Plant_Spectrum_X664.36",0.0235179461574895,6.00222346824017e-20,0,0,1.37879153111345e-05,1.79004442520196e-05,1.89414142952963e-15,664.36
7,"VNIR_Plant_Spectrum_X665.5",0.0234230261434756,0,0,0,1.37219786979131e-05,1.86989052667229e-05,0,665.5
7,"VNIR_Plant_Spectrum_X666.64",0.023384626747967,0,0,0,1.28431207176198e-05,1.94566658996988e-05,0,666.64
7,"VNIR_Plant_Spectrum_X667.78",0.0231173686973532,0,0,0,1.28508178582728e-05,1.82916363977522e-05,0,667.78
7,"VNIR_Plant_Spectrum_X668.92",0.0229896678246489,3.47593577303512e-19,0,0,1.38681859851708e-05,1.76214435513073e-05,1.10383507973903e-14,668.92
7,"VNIR_Plant_Spectrum_X670.07",0.0229675944825272,0,0,0,1.21191287806677e-05,1.79246276682488e-05,0,670.07
7,"VNIR_Plant_Spectrum_X671.21",0.022801230268561,9.21995718306373e-21,0,0,1.32170247486206e-05,1.7918310708272e-05,2.96125191772188e-16,671.21
7,"VNIR_Plant_Spectrum_X672.35",0.0229772969279668,9.80718687280402e-19,0,0,1.29930274790135e-05,1.77364418522851e-05,3.19145988727338e-14,672.35
7,"VNIR_Plant_Spectrum_X673.49",0.0229405595348972,0,0,0,1.24178886783912e-05,1.80766864716344e-05,0,673.49
7,"VNIR_Plant_Spectrum_X674.63",0.0227995513347307,2.17999985491232e-18,0,0,1.39771488962485e-05,1.83523635225377e-05,6.74306443806869e-14,674.63
7,"VNIR_Plant_Spectrum_X675.77",0.022745931006537,0,0,0,1.34365679235546e-05,1.86728416404796e-05,0,675.77
7,"VNIR_Plant_Spectrum_X676.91",0.0227646386213776,6.2764042966629e-19,0,0,1.25083678382542e-05,1.74898145027685e-05,2.09226153281953e-14,676.91
7,"VNIR_Plant_Spectrum_X678.05",0.0228412565393477,0,0,0,1.28647841105949e-05,1.70944764274792e-05,0,678.05
7,"VNIR_Plant_Spectrum_X679.2",0.0228357539755667,0,0,0,1.3191634373659e-05,1.79461309030986e-05,0,679.2
7,"VNIR_Plant_Spectrum_X680.34",0.022803430286774,1.12040273957125e-19,0,0,1.3044796553525e-05,1.80405968567893e-05,3.60427395845502e-15,680.34
7,"VNIR_Plant_Spectrum_X681.48",0.0231811931862975,2.1769579458926e-19,0,0,1.2966974332945e-05,1.75066380690715e-05,7.14374757141864e-15,681.48
7,"VNIR_Plant_Spectrum_X682.62",0.0235850208660397,0,0,0,1.27907150361587e-05,1.8610119644588e-05,0,682.62
7,"VNIR_Plant_Spectrum_X683.76",0.0238198666064982,0,0,0,1.36628545325417e-05,1.79545954208598e-05,0,683.76
7,"VNIR_Plant_Spectrum_X684.9",0.0243221175492223,9.16232854184806e-19,0,0,1.37671209449278e-05,1.86729276467106e-05,2.82438804490862e-14,684.9
7,"VNIR_Plant_Spectrum_X686.04",0.0248382251755243,1.52050232796314e-19,0,0,1.38610887861598e-05,2.05770350229108e-05,4.41517179156738e-15,686.04
7,"VNIR_Plant_Spectrum_X687.18",0.0257149665987307,8.75926073345376e-19,0,0,1.50098017615846e-05,2.02181748647885e-05,2.48645013772832e-14,687.18
7,"VNIR_Plant_Spectrum_X688.33",0.026805493531887,1.60841794123112e-18,0,0,1.62933760104443e-05,2.17810520820504e-05,4.2244047299245e-14,688.33
7,"VNIR_Plant_Spectrum_X689.47",0.0280563582152891,0,0,0,1.63955512202932e-05,2.36434419871411e-05,0,689.47
7,"VNIR_Plant_Spectrum_X690.61",0.0293401943176962,0,0,0,1.7878801566943e-05,2.64178730985586e-05,0,690.61
7,"VNIR_Plant_Spectrum_X691.75",0.031119332995194,2.54414555872535e-19,0,0,1.87469968930491e-05,2.95414568528713e-05,5.26864159310606e-15,691.75
7,"VNIR_Plant_Spectrum_X692.89",0.0328236637180921,8.94368371595517e-20,0,0,1.89771359496647e-05,3.33976143633937e-05,1.70763271662324e-15,692.89
7,"VNIR_Plant_Spectrum_X694.03",0.0348936382689347,0,0,0,2.27862325005128e-05,3.57472816158535e-05,0,694.03
7,"VNIR_Plant_Spectrum_X695.17",0.0370198589333665,0,0,0,2.370068876466e-05,3.8125682953399e-05,0,695.17
7,"VNIR_Plant_Spectrum_X696.31",0.0391528653709903,0,0,0,2.6145382967909e-05,4.43812636409044e-05,0,696.31
7,"VNIR_Plant_Spectrum_X697.45",0.0414039153399639,0,0,0,2.98227373626571e-05,4.68922644768331e-05,0,697.45
7,"VNIR_Plant_Spectrum_X698.6",0.0435640467641184,4.54335682125435e-19,0,0,3.09639797659651e-05,5.26425491628631e-05,5.43421294899343e-15,698.6
7,"VNIR_Plant_Spectrum_X699.74",0.0457480248594366,4.63083248585252e-18,0,0,3.30893971136716e-05,5.64554628460034e-05,5.17152239440399e-14,699.74
7,"VNIR_Plant_Spectrum_X700.88",0.047862367189479,0,0,0,3.46489944321473e-05,6.41326864412349e-05,0,700.88
7,"VNIR_Plant_Spectrum_X702.02",0.0498495314108768,0,0,0,4.03043772692822e-05,6.83674656811743e-05,0,702.02
7,"VNIR_Plant_Spectrum_X703.16",0.0516824495262051,4.04098640883227e-19,0,0,4.25342115650094e-05,7.29414558766348e-05,3.49942676094457e-15,703.16
7,"VNIR_Plant_Spectrum_X704.3",0.0536574498630191,1.486577300216e-18,0,0,4.53740895448871e-05,8.0061649558617e-05,1.18513057828704e-14,704.3
7,"VNIR_Plant_Spectrum_X705.44",0.0552428810331231,4.53577466887978e-19,0,0,4.80145250455635e-05,8.52654972942665e-05,3.40319170814265e-15,705.44
7,"VNIR_Plant_Spectrum_X706.58",0.0571552808143691,0,0,0,4.95821175316002e-05,8.97317662595262e-05,0,706.58
7,"VNIR_Plant_Spectrum_X707.73",0.059005094956848,9.08740696161121e-18,0,0,5.19535710684422e-05,9.37722835047137e-05,6.23596065929994e-14,707.73
7,"VNIR_Plant_Spectrum_X708.87",0.0606239297170458,8.85299256819817e-20,0,0,5.61139512294825e-05,9.74510328718377e-05,5.76498126835807e-16,708.87
7,"VNIR_Plant_Spectrum_X710",0.0623381395929096,0,0,0,6.11937539197198e-05,0.000105207134909592,0,710
7,"VNIR_Plant_Spectrum_X711.15",0.0637386799200182,0,0,0,6.1781299974701e-05,0.000112875352575387,0,711.15
7,"VNIR_Plant_Spectrum_X712.29",0.0656853132370812,0,0,0,6.60932773941578e-05,0.000122027311228407,0,712.29
7,"VNIR_Plant_Spectrum_X713.43",0.0672817780068783,0,0,0,7.01268725209764e-05,0.000123816941442351,0,713.43
7,"VNIR_Plant_Spectrum_X714.57",0.0689070773575657,4.84220728978888e-18,0,0,7.02355320581347e-05,0.000135007626210198,2.35925393598657e-14,714.57
7,"VNIR_Plant_Spectrum_X715.71",0.0705216755877258,0,0,0,7.74749447402656e-05,0.000136319875698737,0,715.71
7,"VNIR_Plant_Spectrum_X716.86",0.0719318395750526,0,0,0,8.00946309798063e-05,0.000140304634208062,0,716.86
7,"VNIR_Plant_Spectrum_X718",0.0736902169587598,8.29378919606701e-18,0,0,8.45264038737378e-05,0.000151739559622109,3.51036140515116e-14,718
7,"VNIR_Plant_Spectrum_X719.14",0.0752510651801692,2.64731572734019e-20,0,0,8.75534698609352e-05,0.000155739619391811,1.08811793030012e-16,719.14
7,"VNIR_Plant_Spectrum_X720.28",0.0766514366916854,6.42579116909314e-19,0,0,9.09800866751145e-05,0.000165870843703027,2.50175896175767e-15,720.28
7,"VNIR_Plant_Spectrum_X721.42",0.0781420936648871,1.39758585788921e-19,0,0,9.98412277641062e-05,0.000166194826666089,5.25337011512445e-16,721.42
7,"VNIR_Plant_Spectrum_X722.56",0.0794879606747993,0,0,0,0.000102009153240446,0.000175529157895157,0,722.56
7,"VNIR_Plant_Spectrum_X723.7",0.0810968865791956,0,0,0,0.000103624746534404,0.000181625828272783,0,723.7
7,"VNIR_Plant_Spectrum_X724.84",0.0821831218694326,4.19415641228167e-18,0,0,0.000103960997831702,0.000194880886065809,1.40347007507155e-14,724.84
7,"VNIR_Plant_Spectrum_X725.98",0.0832029635873137,0,0,0,0.000112821729885478,0.000194641398206841,0,725.98
7,"VNIR_Plant_Spectrum_X727.13",0.0846696344716816,3.55779686610266e-17,0,0,0.000111498896142728,0.000200319876414441,1.14098225611159e-13,727.13
7,"VNIR_Plant_Spectrum_X728.27",0.085852747557207,1.02910309413368e-17,0,0,0.000117304988380614,0.000204186797194879,3.20102453719458e-14,728.27
7,"VNIR_Plant_Spectrum_X729.41",0.0867943628327839,1.10664268539873e-18,0,0,0.00012105933854518,0.000212461641230073,3.3180601896302e-15,729.41
7,"VNIR_Plant_Spectrum_X730.55",0.0876889510253526,2.05824366489575e-17,0,0,0.000126171321256367,0.000211930717731037,6.08764049770285e-14,730.55
7,"VNIR_Plant_Spectrum_X731.69",0.0888640926527523,0,0,0,0.000126098998834963,0.000215978888230236,0,731.69
7,"VNIR_Plant_Spectrum_X732.83",0.0901230052927884,0,0,0,0.000128586375809406,0.000219523690746252,0,732.83
7,"VNIR_Plant_Spectrum_X733.97",0.0908571366746426,0,0,0,0.000124917445744365,0.000235471572424048,0,733.97
7,"VNIR_Plant_Spectrum_X735.11",0.0916436136164565,0,0,0,0.000140352574774399,0.000227163915965683,0,735.11
7,"VNIR_Plant_Spectrum_X736.25",0.0924922018618443,0,0,0,0.000139817118416467,0.000234365073792113,0,736.25
7,"VNIR_Plant_Spectrum_X737.4",0.0935037302942837,1.91135208084276e-18,0,0,0.000134454396147348,0.000242211711846731,5.07439358168322e-15,737.4
7,"VNIR_Plant_Spectrum_X738.54",0.0941042531094559,0,0,0,0.00013815101512305,0.000240669830324254,0,738.54
7,"VNIR_Plant_Spectrum_X739.68",0.0950048301149224,0,0,0,0.000140658187556925,0.000243883698969402,0,739.68
7,"VNIR_Plant_Spectrum_X740.82",0.0956890564327736,0,0,0,0.000144995219566177,0.000245988683744659,0,740.82
7,"VNIR_Plant_Spectrum_X741.96",0.0964121841489606,3.10082227752991e-19,0,0,0.000146628545588606,0.000252154963268407,7.77570337955409e-16,741.96
7,"VNIR_Plant_Spectrum_X743.1",0.0969579322383449,0,0,0,0.000144307101096574,0.00025462221121507,0,743.1
7,"VNIR_Plant_Spectrum_X744.24",0.0976734398241981,0,0,0,0.000153386258553829,0.000247569171264641,0,744.24
7,"VNIR_Plant_Spectrum_X745.39",0.0984809279250205,0,0,0,0.000146739260468571,0.00025616170132663,0,745.39
7,"VNIR_Plant_Spectrum_X746.53",0.0988948736756784,1.63943893494526e-17,0,0,0.000144800122567853,0.000255580252687174,4.09470352761653e-14,746.53
7,"VNIR_Plant_Spectrum_X747.67",0.0994005620844255,5.50307115170215e-18,0,0,0.000152526408522735,0.000255601787988117,1.34836828201253e-14,747.67
7,"VNIR_Plant_Spectrum_X748.81",0.100130410708356,3.22518060507637e-17,0,0,0.000156185871487589,0.000254785610884149,7.84769927699954e-14,748.81
7,"VNIR_Plant_Spectrum_X749.95",0.100556780355848,0,0,0,0.000161392354765787,0.00025159229734544,0,749.95
7,"VNIR_Plant_Spectrum_X751.09",0.101477631356616,1.43457484647009e-18,0,0,0.000157576478128126,0.000252222184976387,3.50068210472472e-15,751.09
7,"VNIR_Plant_Spectrum_X752.23",0.101983103674547,8.91649932471942e-18,0,0,0.000157895996125419,0.000254017991988012,2.1646507722539e-14,752.23
7,"VNIR_Plant_Spectrum_X753.37",0.102711137443097,0,0,0,0.000153771948254311,0.000253801231706004,0,753.37
7,"VNIR_Plant_Spectrum_X754.52",0.103208862485625,3.43162127146895e-18,0,0,0.000160323727728703,0.000259849159862225,8.16716492857075e-15,754.52
7,"VNIR_Plant_Spectrum_X755.66",0.104046658840702,9.58944037194793e-18,0,0,0.000164846052640871,0.000249830844166915,2.31250895474716e-14,755.66
7,"VNIR_Plant_Spectrum_X756.8",0.10475715463982,1.00838794355536e-17,0,0,0.000157362561846174,0.000252096985888841,2.46272910018434e-14,756.8
7,"VNIR_Plant_Spectrum_X757.94",0.10570861419929,0,0,0,0.000161214511490462,0.000248834269438622,0,757.94
7,"VNIR_Plant_Spectrum_X759.08",0.105585481087104,0,0,0,0.000159804881750485,0.000249899482450449,0,759.08
7,"VNIR_Plant_Spectrum_X760.22",0.106801934137633,0,0,0,0.000166957390536189,0.000250375884626367,0,760.22
7,"VNIR_Plant_Spectrum_X761.36",0.107558800939827,1.85073372022657e-17,0,0,0.000168223569830798,0.000256819870471443,4.35422252113918e-14,761.36
7,"VNIR_Plant_Spectrum_X762.5",0.108495334535475,1.62160253799478e-18,0,0,0.000172507230597315,0.000254174875462517,3.80049342347481e-15,762.5
7,"VNIR_Plant_Spectrum_X763.64",0.109564926519876,8.15629719446973e-18,0,0,0.000166137861774374,0.000254019132921643,1.94124988931117e-14,763.64
7,"VNIR_Plant_Spectrum_X764.79",0.110069955259899,1.01241208160909e-17,0,0,0.000175507876415315,0.000253103020402272,2.36207732730588e-14,764.79
7,"VNIR_Plant_Spectrum_X765.93",0.110803976212006,0,0,0,0.000173193847491679,0.000256043448408304,0,765.93
7,"VNIR_Plant_Spectrum_X767.07",0.111754460687354,2.816900780477e-18,0,0,0.000168275015915053,0.000264430377958675,6.50997380748854e-15,767.07
7,"VNIR_Plant_Spectrum_X768.21",0.112585295232806,1.85816625351435e-18,0,0,0.000170856162478911,0.000258042999255489,4.33240821921922e-15,768.21
7,"VNIR_Plant_Spectrum_X769.35",0.113118554359833,2.22976812786325e-18,0,0,0.000173470850399053,0.000262480529929933,5.11471743977636e-15,769.35
7,"VNIR_Plant_Spectrum_X770.49",0.11436714295472,0,0,0,0.000165349192837973,0.000266161492769605,0,770.49
7,"VNIR_Plant_Spectrum_X771.63",0.11480546948255,1.57446486804138e-18,0,0,0.000176304149333961,0.000266508279325449,3.55560225084011e-15,771.63
7,"VNIR_Plant_Spectrum_X772.77",0.115807392330016,0,0,0,0.000170290178808004,0.000272448307576283,0,772.77
7,"VNIR_Plant_Spectrum_X773.92",0.11642503892204,0,0,0,0.000177217881565082,0.000264297469721286,0,773.92
7,"VNIR_Plant_Spectrum_X775.06",0.11742954340207,9.35242862928848e-19,0,0,0.000176004038574563,0.000267716534193515,2.10772932409802e-15,775.06
7,"VNIR_Plant_Spectrum_X776.2",0.117858038314092,1.28736508186416e-17,0,0,0.000185722238408058,0.000263328439129532,2.86685923496097e-14,776.2
7,"VNIR_Plant_Spectrum_X777.34",0.118156986700962,0,0,0,0.000175858830791395,0.000267024792723053,0,777.34
7,"VNIR_Plant_Spectrum_X778.48",0.119224759568556,0,0,0,0.000179327883632317,0.000265667314276156,0,778.48
7,"VNIR_Plant_Spectrum_X779.62",0.11970835780995,0,0,0,0.000182893534966124,0.000260725111815211,0,779.62
7,"VNIR_Plant_Spectrum_X780.76",0.119683431347839,1.81125231563304e-17,0,0,0.000181703967907572,0.000272642201474298,3.98650288632816e-14,780.76
7,"VNIR_Plant_Spectrum_X781.9",0.120919944895842,5.18988437314571e-18,0,0,0.000186968400376083,0.000269582316239309,1.13675965982936e-14,781.9
7,"VNIR_Plant_Spectrum_X783.05",0.121392462149133,1.62709523930973e-17,0,0,0.000191325509802885,0.000271472218804339,3.51578052080413e-14,783.05
7,"VNIR_Plant_Spectrum_X784.19",0.122038674554078,8.81454892388774e-20,0,0,0.000184812153641829,0.000271308496707526,1.93250380510868e-16,784.19
7,"VNIR_Plant_Spectrum_X785.33",0.122927385674164,5.2997243227347e-20,0,0,0.000194298495165352,0.000264755878926381,1.15448727249806e-16,785.33
7,"VNIR_Plant_Spectrum_X786.47",0.123309152989216,0,0,0,0.000187898621945445,0.000267717561238161,0,786.47
7,"VNIR_Plant_Spectrum_X787.61",0.123890730158676,3.54099573811024e-18,0,0,0.000201140575292693,0.000275695879055365,7.426017255647e-15,787.61
7,"VNIR_Plant_Spectrum_X788.75",0.124374017392678,1.24839953027523e-18,0,0,0.000189162744126334,0.000280477607911858,2.6582032929183e-15,788.75
7,"VNIR_Plant_Spectrum_X789.89",0.125088841587263,0,0,0,0.000197682277963375,0.000278472195942896,0,789.89
7,"VNIR_Plant_Spectrum_X791.03",0.125240344080277,0,0,0,0.000199867896390695,0.000274111139467574,0,791.03
7,"VNIR_Plant_Spectrum_X792.17",0.126235092963847,3.0744556889127e-18,0,0,0.000187804547399888,0.00028144411254256,6.55186887329577e-15,792.17
7,"VNIR_Plant_Spectrum_X793.32",0.126385656255069,0,0,0,0.000197703466027888,0.000278761878227901,0,793.32
7,"VNIR_Plant_Spectrum_X794.46",0.126981464696221,1.11124389505468e-17,0,0,0.000205082887773541,0.000277810973763671,2.30121768687885e-14,794.46
7,"VNIR_Plant_Spectrum_X795.6",0.127110543560163,0,0,0,0.000214578467511269,0.00027221602007212,0,795.6
7,"VNIR_Plant_Spectrum_X796.74",0.127633982270942,0,0,0,0.000201801145408793,0.000285147275249572,0,796.74
7,"VNIR_Plant_Spectrum_X797.88",0.128035548205468,3.449469496745e-18,0,0,0.000200390009489896,0.000277235544303143,7.22212090486197e-15,797.88
7,"VNIR_Plant_Spectrum_X799.02",0.128465647551753,0,0,0,0.000204186284087429,0.000266235853394785,0,799.02
7,"VNIR_Plant_Spectrum_X800.16",0.128433595616141,6.17179603627754e-18,0,0,0.000209749603192559,0.000261281371289931,1.3102739247792e-14,800.16
7,"VNIR_Plant_Spectrum_X801.3",0.129357529098707,2.96002502259287e-17,0,0,0.000197320664182198,0.000277577460006662,6.23296844486065e-14,801.3
7,"VNIR_Plant_Spectrum_X802.45",0.129646160623444,6.70695853795084e-18,0,0,0.000203587603888447,0.00027453572975456,1.40276745894157e-14,802.45
7,"VNIR_Plant_Spectrum_X803.59",0.129711662559767,4.13681896734965e-19,0,0,0.000215480867172259,0.000259332153255907,8.71252217055724e-16,803.59
7,"VNIR_Plant_Spectrum_X804.73",0.130532966443484,7.38428531565229e-18,0,0,0.000218914044144984,0.000283656574326561,1.46930302812166e-14,804.73
7,"VNIR_Plant_Spectrum_X805.87",0.131139822659149,0,0,0,0.00021254434530515,0.000271550690608354,0,805.87
7,"VNIR_Plant_Spectrum_X807.01",0.131343654757985,0,0,0,0.00020413744428598,0.00027744314652798,0,807.01
7,"VNIR_Plant_Spectrum_X808.15",0.131741926742322,0,0,0,0.000213863390597031,0.000271669799666488,0,808.15
7,"VNIR_Plant_Spectrum_X809.29",0.13175942321107,3.34773055108571e-17,0,0,0.0002067718492106,0.000285356574667099,6.80255475736845e-14,809.29
7,"VNIR_Plant_Spectrum_X810.43",0.131882481066503,5.0690507853233e-20,0,0,0.000205060234352279,0.000288749085643215,1.02651986912065e-16,810.43
7,"VNIR_Plant_Spectrum_X811.58",0.132397471712997,3.06579128042505e-17,0,0,0.000203687934957086,0.000281786801507812,6.31503773553524e-14,811.58
7,"VNIR_Plant_Spectrum_X812.72",0.132576447060562,6.31591998874675e-18,0,0,0.000203236087473727,0.000281935173223318,1.30179186204735e-14,812.72
7,"VNIR_Plant_Spectrum_X813.86",0.132407966996656,0,0,0,0.00021765549556859,0.000269072571290648,0,813.86
7,"VNIR_Plant_Spectrum_X815",0.133180428759871,3.91438899713225e-18,0,0,0.000212627090141295,0.000283226463813642,7.89424410879177e-15,815
7,"VNIR_Plant_Spectrum_X816.14",0.133044695658472,5.74692273117347e-17,0,0,0.000218268453166821,0.000268485864747903,1.18066189033368e-13,816.14
7,"VNIR_Plant_Spectrum_X817.28",0.133280810216538,0,0,0,0.000230830963794759,0.000270309624297512,0,817.28
7,"VNIR_Plant_Spectrum_X818.42",0.134311420292298,0,0,0,0.000217856907050082,0.000275687243696782,0,818.42
7,"VNIR_Plant_Spectrum_X819.56",0.134470418252329,0,0,0,0.000213883719745316,0.000278269142614403,0,819.56
7,"VNIR_Plant_Spectrum_X820.71",0.1342905412989,1.41036402220607e-17,0,0,0.000216963964559982,0.000271245106997033,2.88885255185456e-14,820.71
7,"VNIR_Plant_Spectrum_X821.85",0.134984944308454,0,0,0,0.000205299038558025,0.000290855246423111,0,821.85
7,"VNIR_Plant_Spectrum_X822.99",0.135384294690908,1.13347265530436e-17,0,0,0.000206654390822484,0.000284122380867624,2.30954829300691e-14,822.99
7,"VNIR_Plant_Spectrum_X824.13",0.134721527819102,0,0,0,0.000201859281575857,0.000308295727883177,0,824.13
7,"VNIR_Plant_Spectrum_X825.27",0.135862478575624,4.40582858120422e-19,0,0,0.000218810965972125,0.000280636861620238,8.82139902868924e-16,825.27
7,"VNIR_Plant_Spectrum_X826.41",0.135849191991198,0,0,0,0.000239739804933745,0.000268141975655558,0,826.41
7,"VNIR_Plant_Spectrum_X827.55",0.13544112836874,1.10815866930935e-17,0,0,0.000214212950559292,0.000277039667327338,2.2557817077426e-14,827.55
7,"VNIR_Plant_Spectrum_X828.69",0.136121561524559,5.84341173069395e-19,0,0,0.000209516421060822,0.00029160499946216,1.16606704311215e-15,828.69
7,"VNIR_Plant_Spectrum_X829.83",0.136513478562016,2.78003273574432e-18,0,0,0.000213913587593209,0.000287019601659976,5.54970761647659e-15,829.83
7,"VNIR_Plant_Spectrum_X830.98",0.136158095780159,6.85349555697388e-22,0,0,0.000217256352105057,0.000287077935584082,1.35891921772296e-18,830.98
7,"VNIR_Plant_Spectrum_X832.12",0.136613142616922,0,0,0,0.000228736037840965,0.000272658614237401,0,832.12
7,"VNIR_Plant_Spectrum_X833.25",0.136218714820938,1.03341091474325e-17,0,0,0.000238004232475344,0.000258352728685813,2.08199138040839e-14,833.25
7,"VNIR_Plant_Spectrum_X834.4",0.136800486953125,8.77285994109846e-18,0,0,0.000204374713394121,0.000290922888034393,1.77123004751003e-14,834.4
7,"VNIR_Plant_Spectrum_X835.54",0.136790834424719,1.22095666625407e-05,0,0,0.000208270213230909,0.000283089819366757,0.0242460360603138,835.54
7,"VNIR_Plant_Spectrum_X836.68",0.136793415213267,0,0,0,0.000227174481985747,0.000291507477734087,0,836.68
7,"VNIR_Plant_Spectrum_X837.82",0.136660708650506,6.12416585678726e-17,0,0,0.000211151764619926,0.000283297729589524,1.2385826921672e-13,837.82
7,"VNIR_Plant_Spectrum_X838.96",0.136430098661949,0,0,0,0.000227158403041521,0.000280702292808673,0,838.96
7,"VNIR_Plant_Spectrum_X840.11",0.136177794406161,0,0,0,0.0002224696728779,0.000283965391532671,0,840.11
7,"VNIR_Plant_Spectrum_X841.25",0.136654185795881,1.12800759519827e-17,0,0,0.000217674234717224,0.000282011188030516,2.25743546608864e-14,841.25
7,"VNIR_Plant_Spectrum_X842.39",0.13642000010582,0,0,0,0.000214473566082718,0.000283802647960324,0,842.39
7,"VNIR_Plant_Spectrum_X843.53",0.136007906005946,2.10172763012182e-18,0,0,0.0002238464138634,0.000293053374041371,4.06602532889608e-15,843.53
7,"VNIR_Plant_Spectrum_X844.67",0.136518044980911,2.63436533808222e-18,0,0,0.000224044740747715,0.000277943707133633,5.24786048205013e-15,844.67
7,"VNIR_Plant_Spectrum_X845.81",0.13655359242224,2.65877238675863e-17,0,0,0.000207540434785634,0.000296476066330524,5.27516932654103e-14,845.81
7,"VNIR_Plant_Spectrum_X846.95",0.136545441757859,0,0,0,0.00021274334668823,0.000285258340018128,0,846.95
7,"VNIR_Plant_Spectrum_X848.09",0.136983380869992,0,0,0,0.000225593277065714,0.000275641649616025,0,848.09
7,"VNIR_Plant_Spectrum_X849.24",0.13667294137947,0,0,0,0.000217069302571465,0.000276651845510199,0,849.24
7,"VNIR_Plant_Spectrum_X850.38",0.136580810393233,0,0,0,0.000224503569787242,0.000284071002941075,0,850.38
7,"VNIR_Plant_Spectrum_X851.52",0.136214652775625,0,0,0,0.00021596485393306,0.000281646466943051,0,851.52
7,"VNIR_Plant_Spectrum_X852.66",0.136743722814313,2.72699470777545e-18,0,0,0.000230662534129926,0.000276005125743477,5.38221584629422e-15,852.66
7,"VNIR_Plant_Spectrum_X853.8",0.136303421066722,1.22107648821141e-17,0,0,0.000200347283503362,0.0002881173931042,2.49982556915247e-14,853.8
7,"VNIR_Plant_Spectrum_X854.94",0.1362492717911,0,0,0,0.000216239538164074,0.000260079369921424,0,854.94
7,"VNIR_Plant_Spectrum_X856.08",0.136478429514593,4.5964709981219e-17,0,0,0.000220055185543551,0.000287280071347354,9.06002674895878e-14,856.08
7,"VNIR_Plant_Spectrum_X857.22",0.13630119041293,3.02886030477225e-18,0,0,0.000210965651830028,0.000289197012053108,6.05575050575933e-15,857.22
7,"VNIR_Plant_Spectrum_X858.36",0.136313652762911,1.0930429671994e-18,0,0,0.000232618465509553,0.000265529521754664,2.19421335656155e-15,858.36
7,"VNIR_Plant_Spectrum_X859.5",0.136302513681875,2.30165240393051e-17,0,0,0.000218605026735401,0.000285285566752227,4.56776219615403e-14,859.5
7,"VNIR_Plant_Spectrum_X860.65",0.136528358052933,0,0,0,0.000213423175556518,0.000285630451915251,0,860.65
7,"VNIR_Plant_Spectrum_X861.79",0.136312343547202,1.10250593305762e-18,0,0,0.000194239544857527,0.000295070209236008,2.25318609292808e-15,861.79
7,"VNIR_Plant_Spectrum_X862.93",0.13589291768054,0,0,0,0.000233051560426438,0.000262709905392303,0,862.93
7,"VNIR_Plant_Spectrum_X864.07",0.13622605601002,6.90061032712104e-19,0,0,0.000202882618070161,0.00027581271685309,1.4415453470478e-15,864.07
7,"VNIR_Plant_Spectrum_X865.21",0.136183454419789,2.51580699954459e-18,0,0,0.000205937198419916,0.00028056388440412,5.17122589931526e-15,865.21
7,"VNIR_Plant_Spectrum_X866.35",0.135964971009682,1.53901464031455e-18,0,0,0.00020123820311111,0.000282907711680882,3.1788239728838e-15,866.35
7,"VNIR_Plant_Spectrum_X867.49",0.135538874267716,1.70669315486949e-06,0,0,0.000231714068104347,0.000267546959749381,0.00340679266008079,867.49
7,"VNIR_Plant_Spectrum_X868.64",0.136150705678666,0,0,0,0.000220467904835545,0.000275805393071114,0,868.64
7,"VNIR_Plant_Spectrum_X869.78",0.135857249971093,0,0,0,0.000218295520519347,0.000278271810177278,0,869.78
7,"VNIR_Plant_Spectrum_X870.92",0.136006449157049,0,0,0,0.000210558657410416,0.000262326223127425,0,870.92
7,"VNIR_Plant_Spectrum_X872.06",0.135368261183544,0,0,0,0.000204174832880971,0.000273152160094027,0,872.06
7,"VNIR_Plant_Spectrum_X873.2",0.135520188672684,1.65083100794923e-17,0,0,0.00021306419018726,0.000269024296566755,3.42433195006275e-14,873.2
7,"VNIR_Plant_Spectrum_X874.34",0.135259930419056,0,0,0,0.00020902468904734,0.000286392965483715,0,874.34
7,"VNIR_Plant_Spectrum_X875.48",0.135215499535169,1.75248903366975e-17,0,0,0.000221720678440918,0.000270347036646862,3.56147940605504e-14,875.48
7,"VNIR_Plant_Spectrum_X876.62",0.13516447327764,1.17134888407278e-17,0,0,0.000192924357096985,0.000292837221018195,2.41136585692459e-14,876.62
7,"VNIR_Plant_Spectrum_X877.77",0.13474451890533,1.07689021279379e-17,0,0,0.000210063597300713,0.000269222553198447,2.24686278055858e-14,877.77
7,"VNIR_Plant_Spectrum_X878.91",0.133969532369383,0,0,0,0.000202895557241692,0.000272060336504434,0,878.91
7,"VNIR_Plant_Spectrum_X880.05",0.134198267590735,1.05810501592817e-17,0,0,0.000203082540369367,0.000264526253982041,2.26279964942869e-14,880.05
7,"VNIR_Plant_Spectrum_X881.19",0.134900303587272,1.4808689127014e-17,0,0,0.00019541379237825,0.000273228065578254,3.15991601595007e-14,881.19
7,"VNIR_Plant_Spectrum_X882.33",0.134522723789605,1.77631275665542e-17,0,0,0.000203854176534161,0.000274844978170174,3.71070794506099e-14,882.33
7,"VNIR_Plant_Spectrum_X883.47",0.134313114336691,0,0,0,0.000201926761971229,0.000259685176175038,0,883.47
7,"VNIR_Plant_Spectrum_X884.61",0.134361862278032,0,0,0,0.000248489884458184,0.000239240223243215,0,884.61
7,"VNIR_Plant_Spectrum_X885.75",0.134545840483317,2.0793741801644e-18,0,0,0.000222197206338839,0.00027509798071308,4.18136799692633e-15,885.75
7,"VNIR_Plant_Spectrum_X886.9",0.133832697666676,2.77823496515583e-18,0,0,0.000216238083185014,0.000258524411012233,5.85184170845971e-15,886.9
7,"VNIR_Plant_Spectrum_X888.04",0.133408041013643,9.33629321470074e-08,0,0,0.000200244860900281,0.000272087785425048,0.000197624454025612,888.04
7,"VNIR_Plant_Spectrum_X889.18",0.134118301199655,8.9960911463923e-18,0,0,0.00020799786485155,0.000271922001771424,1.87449859279518e-14,889.18
7,"VNIR_Plant_Spectrum_X890.32",0.134155297875861,1.35346834685253e-18,0,0,0.000204970379862479,0.000272066042684272,2.83724320173872e-15,890.32
7,"VNIR_Plant_Spectrum_X891.46",0.133857977410005,0,0,0,0.000193554912302542,0.000285883801690118,0,891.46
7,"VNIR_Plant_Spectrum_X892.6",0.13357964984077,0,0,0,0.00021022946789298,0.000277229749206875,0,892.6
7,"VNIR_Plant_Spectrum_X893.74",0.133127105280464,7.32063688587173e-18,0,0,0.000211095017352964,0.000259568297319914,1.55538718605244e-14,893.74
7,"VNIR_Plant_Spectrum_X894.88",0.133145768554215,2.06606153049669e-17,0,0,0.000188502149586191,0.000296552106297748,4.25944418677766e-14,894.88
7,"VNIR_Plant_Spectrum_X896.02",0.132667186956212,0,0,0,0.000205012992188292,0.000270576735784981,0,896.02
7,"VNIR_Plant_Spectrum_X897.17",0.132907667814446,0,0,0,0.000189137980993914,0.00027313174857477,0,897.17
7,"VNIR_Plant_Spectrum_X898.31",0.132273943239868,1.65405883813424e-17,0,0,0.000216093652116,0.000255476203816875,3.50755846100906e-14,898.31
